date,actual,predicted,residual
2020-05-03,2.0787674060669405,2.165996162646016,-0.08722875657907547
2020-05-04,2.0787674060669405,2.1246966149940896,-0.04592920892714902
2020-05-05,2.0787674060669405,2.2395829293520952,-0.1608155232851547
2020-05-06,2.0787674060669405,2.233703906982876,-0.15493650091593558
2020-05-07,2.0787674060669405,2.7083689906312833,-0.6296015845643428
2020-05-08,2.0787674060669405,2.1724769955506362,-0.09370958948369568
2020-05-09,2.0787674060669405,2.147686726859766,-0.06891932079282537
2020-05-10,2.0787674060669405,2.230537501831532,-0.15177009576459133
2020-05-11,2.0787674060669405,2.2532612199388775,-0.17449381387193696
2020-05-12,2.0787674060669405,2.1536185269665267,-0.07485112089958612
2020-05-13,2.0787674060669405,2.1468309945345943,-0.0680635884676537
2020-05-14,2.0787674060669405,2.135574854180673,-0.056807448113732395
2020-05-15,2.0787674060669405,2.0874303248426065,-0.00866291877566594
2020-05-16,2.0787674060669405,2.076912104258436,0.0018553018085043504
2020-05-17,2.0787674060669405,2.1169263888963843,-0.038158982829443744
2020-05-18,2.0787674060669405,2.1344054151013543,-0.05563800903441374
2020-05-19,2.0787674060669405,2.1344054151013543,-0.05563800903441374
2020-05-20,2.0787674060669405,2.3201119227245055,-0.24134451665756496
2020-05-21,2.0787674060669405,2.141290869878541,-0.06252346381160034
2020-05-22,2.0787674060669405,2.13604728315125,-0.05727987708430948
2020-05-23,2.0787674060669405,2.1549492338416676,-0.07618182777472704
2020-05-24,2.0787674060669405,1.9539586102405913,0.1248087958263493
2020-05-25,2.0787674060669405,2.038852870896529,0.03991453517041155
2020-05-26,2.0787674060669405,2.011459498037806,0.06730790802913456
2020-05-27,2.0787674060669405,2.0290706311680577,0.0496967748988828
2020-05-28,2.0787674060669405,2.15019148080478,-0.0714240747378394
2020-05-29,2.0787674060669405,2.1826297634995666,-0.10386235743262606
2020-05-30,2.0787674060669405,2.217161865406513,-0.1383944593395725
2020-05-31,2.0787674060669405,2.28427267159421,-0.20550526552726955
2020-06-01,2.0787674060669405,2.768466233404967,-0.6896988273380265
2020-06-02,2.0787674060669405,2.432954509515735,-0.35418710344879445
2020-06-03,2.0787674060669405,2.426949780315838,-0.34818237424889764
2020-06-04,2.0787674060669405,1.9106974504313052,0.16806995563563532
2020-06-05,2.0787674060669405,1.9421598503774975,0.13660755568944305
2020-06-06,2.0787674060669405,1.891318555986851,0.1874488500800895
2020-06-07,2.0787674060669405,0.8683257800088225,1.2104416260581181
2020-06-08,2.0787674060669405,0.7341216755676306,1.3446457304993098
2020-06-09,2.0787674060669405,0.6158806145677943,1.4628867914991464
2020-06-10,2.0787674060669405,0.9168992575501955,1.161868148516745
2020-06-11,2.0787674060669405,0.6405916556592913,1.4381757504076491
2020-06-12,2.0787674060669405,0.9128671367219806,1.1659002693449598
2020-06-13,2.0787674060669405,0.6759302953752686,1.402837110691672
2020-06-14,1.9116227993996004,0.701935886453302,1.2096869129462986
2020-06-15,1.7480112691818523,1.7390107476737655,0.009000521508086834
2020-06-16,1.5839652719259014,1.754437419369845,-0.17047214744394368
2020-06-17,1.4349480711928468,0.6316265642049279,0.8033215069879189
2020-06-18,1.2891385661230568,0.7474081863114059,0.5417303798116508
2020-06-19,1.1204577533993094,0.5370252842020181,0.5834324691972913
2020-06-20,0.9555601509882123,0.4426309856217717,0.5129291653664406
2020-06-21,0.9555601509882123,0.3782002890187113,0.5773598619695011
2020-06-22,0.9555601509882123,0.3869823347045831,0.5685778162836292
2020-06-23,0.9555601509882123,0.4921392217999181,0.46342092918829425
2020-06-24,0.9555601509882123,0.5887391715342059,0.3668209794540065
2020-06-25,0.7872789874028062,0.5092101326561896,0.2780688547466166
2020-06-26,0.6220207633777137,0.43957345853111934,0.18244730484659438
2020-06-27,0.46426646239702,0.43957345853111934,0.024693003865900676
2020-06-28,0.30147017980755003,0.4996418259872098,-0.19817164617965977
2020-06-29,0.14307061018539155,0.4987753055072544,-0.3557046953218629
2020-06-30,0.0,0.3652149370412148,-0.3652149370412148
2020-07-01,0.0,0.49042275686231324,-0.49042275686231324
2020-07-02,0.0,0.41829157951850515,-0.41829157951850515
2020-07-03,0.0,0.42300778161434394,-0.42300778161434394
2020-07-04,0.0,0.45881405963470956,-0.45881405963470956
2020-07-05,0.0,0.4773973254320522,-0.4773973254320522
2020-07-06,0.0,0.4672436846575714,-0.4672436846575714
2020-07-07,0.0,0.4670461281479928,-0.4670461281479928
2020-07-08,0.0,0.40001816440912824,-0.40001816440912824
2020-07-09,0.0,0.3737035960436271,-0.3737035960436271
2020-07-10,0.0,0.4339653377176409,-0.4339653377176409
2020-07-11,0.0,0.480311035874149,-0.480311035874149
2020-07-12,0.0,0.37578233917519477,-0.37578233917519477
2020-07-13,0.0,0.3158037058745366,-0.3158037058745366
2020-07-14,0.0,0.30615513970870945,-0.30615513970870945
2020-07-15,0.0,0.3542198961874143,-0.3542198961874143
2020-07-16,0.0,0.3172212493893032,-0.3172212493893032
2020-07-17,0.0,0.5947977273941368,-0.5947977273941368
2020-07-18,0.0,0.6205535286065089,-0.6205535286065089
2020-07-19,0.0,0.6438198988523449,-0.6438198988523449
2020-07-20,0.0,0.5459996777178542,-0.5459996777178542
2020-07-21,0.0,0.5643438702061495,-0.5643438702061495
2020-07-22,0.0,0.5118275739350343,-0.5118275739350343
2020-07-23,0.0,0.5806451508785002,-0.5806451508785002
2020-07-24,0.0,0.6519363247540222,-0.6519363247540222
2020-07-25,0.0,0.4447407331964054,-0.4447407331964054
2020-07-26,0.0,0.6063762126488833,-0.6063762126488833
2020-07-27,0.0,0.6063762126488833,-0.6063762126488833
2020-07-28,0.0,0.5331520354389631,-0.5331520354389631
2020-07-29,0.0,0.9280537192819488,-0.9280537192819488
2020-07-30,0.0,0.902225824963695,-0.902225824963695
2020-07-31,0.0,0.8935758442833778,-0.8935758442833778
2020-08-01,0.0,0.8987258011131147,-0.8987258011131147
2020-08-02,0.0,0.8819281282467215,-0.8819281282467215
2020-08-03,0.0,0.9452323503936457,-0.9452323503936457
2020-08-04,0.0,0.9271371589694228,-0.9271371589694228
2020-08-05,0.0,0.9271371589694228,-0.9271371589694228
2020-08-06,0.0,0.8930227536394701,-0.8930227536394701
2020-08-07,0.0,0.8750546529465408,-0.8750546529465408
2020-08-08,0.0,0.8818829544482993,-0.8818829544482993
2020-08-09,0.0,0.8818829544482993,-0.8818829544482993
2020-08-10,0.0,0.877195839118809,-0.877195839118809
2020-08-11,0.0,0.8762509148045818,-0.8762509148045818
2020-08-12,0.0,0.8490227299139939,-0.8490227299139939
2020-08-13,0.0,0.9111613166292013,-0.9111613166292013
2020-08-14,0.0,0.909541273741046,-0.909541273741046
2020-08-15,0.0,0.8648931464853283,-0.8648931464853283
2020-08-16,0.0,0.8657596669652837,-0.8657596669652837
2020-08-17,0.0,0.8670761239303936,-0.8670761239303936
2020-08-18,0.0,0.867942644410349,-0.867942644410349
2020-08-19,0.0,0.8640968931671704,-0.8640968931671704
2020-08-20,0.0,0.8949959075191389,-0.8949959075191389
2020-08-21,0.0,0.8809543376820339,-0.8809543376820339
2020-08-22,0.0,0.8426858438665928,-0.8426858438665928
2020-08-23,0.0,0.7640732178817723,-0.7640732178817723
2020-08-24,0.0,0.8990778883210669,-0.8990778883210669
2020-08-25,0.0,0.4742567996449105,-0.4742567996449105
2020-08-26,0.0,0.483468884796866,-0.483468884796866
2020-08-27,0.0,0.6401455776304654,-0.6401455776304654
2020-08-28,0.0,0.6232226046957248,-0.6232226046957248
2020-08-29,0.0,0.392920652494983,-0.392920652494983
2020-08-30,0.0,0.4169752466132685,-0.4169752466132685
2020-08-31,0.0,0.4637315905188048,-0.4637315905188048
2020-09-01,0.0,0.5271779427881472,-0.5271779427881472
2020-09-02,0.0,0.48930755457670133,-0.48930755457670133
2020-09-03,0.0,0.42572478457775326,-0.42572478457775326
2020-09-04,0.0,0.41612396374137706,-0.41612396374137706
2020-09-05,0.0,0.49831813679391807,-0.49831813679391807
2020-09-06,0.0,1.0919587651165998,-1.0919587651165998
2020-09-07,0.0,1.191208801723894,-1.191208801723894
2020-09-08,0.0,0.9779448753529694,-0.9779448753529694
2020-09-09,0.0,0.9932590183252048,-0.9932590183252048
2020-09-10,0.0,0.9170769664908829,-0.9170769664908829
2020-09-11,0.0,0.9410721607277515,-0.9410721607277515
2020-09-12,0.0,0.9275389458442037,-0.9275389458442037
2020-09-13,0.0,0.8754660665749053,-0.8754660665749053
2020-09-14,0.0,0.8522436482781209,-0.8522436482781209
2020-09-15,0.0,0.863426551393259,-0.863426551393259
2020-09-16,0.0,0.8808372957563525,-0.8808372957563525
2020-09-17,0.0,0.836645807987276,-0.836645807987276
2020-09-18,0.0,0.8367071667441155,-0.8367071667441155
2020-09-19,0.0,0.8357622424298885,-0.8357622424298885
2020-09-20,0.0,0.793804422851797,-0.793804422851797
2020-09-21,0.0,0.8658994516619375,-0.8658994516619375
2020-09-22,0.0,0.8652391158013365,-0.8652391158013365
2020-09-23,0.0,0.8674220932464017,-0.8674220932464017
2020-09-24,0.0,0.8674834520032413,-0.8674834520032413
2020-09-25,0.0,0.8674220932464017,-0.8674220932464017
2020-09-26,0.0,0.8674220932464017,-0.8674220932464017
2020-09-27,0.0,0.8667387851275337,-0.8667387851275337
2020-09-28,0.0,0.8740674164575014,-0.8740674164575014
2020-09-29,0.0,0.8738228453395745,-0.8738228453395745
2020-09-30,0.0,0.89666629530182,-0.89666629530182
2020-10-01,0.0,0.7992506893992526,-0.7992506893992526
2020-10-02,0.0,0.7992506893992526,-0.7992506893992526
2020-10-03,0.0,0.8683592418974748,-0.8683592418974748
2020-10-04,0.0,0.8693829732442089,-0.8693829732442089
2020-10-05,0.0,0.8664190440473188,-0.8664190440473188
2020-10-06,0.0,0.8691644036205907,-0.8691644036205907
2020-10-07,0.0,0.8682978831406353,-0.8682978831406353
2020-10-08,0.0,0.8683592418974748,-0.8683592418974748
2020-10-09,0.0,0.8683592418974748,-0.8683592418974748
2020-10-10,0.0,0.8691644036205907,-0.8691644036205907
2020-10-11,0.0,0.8682978831406353,-0.8682978831406353
2020-10-12,0.0,0.8691644036205907,-0.8691644036205907
2020-10-13,0.0,0.8682978831406353,-0.8682978831406353
2020-10-14,0.0,0.8691644036205907,-0.8691644036205907
2020-10-15,0.0,0.8695731148305662,-0.8695731148305662
2020-10-16,0.0,0.8687065943506108,-0.8687065943506108
2020-10-17,0.0,0.8687065943506108,-0.8687065943506108
2020-10-18,0.0,0.8695731148305662,-0.8695731148305662
2020-10-19,0.0,0.8695731148305662,-0.8695731148305662
2020-10-20,0.0,0.8687065943506108,-0.8687065943506108
2020-10-21,0.0,0.8687065943506108,-0.8687065943506108
2020-10-22,0.0,0.8687065943506108,-0.8687065943506108
2020-10-23,0.0,0.8687065943506108,-0.8687065943506108
2020-10-24,0.0,0.8687065943506108,-0.8687065943506108
2020-10-25,0.0,0.8687065943506108,-0.8687065943506108
2020-10-26,0.0,0.8687065943506108,-0.8687065943506108
2020-10-27,0.0,0.8688803099538293,-0.8688803099538293
2020-10-28,0.0,0.7786767060623989,-0.7786767060623989
2020-10-29,0.0,0.8687065943506108,-0.8687065943506108
2020-10-30,0.0,0.8687065943506108,-0.8687065943506108
2020-10-31,0.0,0.8687065943506108,-0.8687065943506108
2020-11-01,0.0,0.8695731148305662,-0.8695731148305662
2020-11-02,0.0,0.8695731148305662,-0.8695731148305662
2020-11-03,0.0,0.7795432265423543,-0.7795432265423543
2020-11-04,0.0,0.7795432265423543,-0.7795432265423543
2020-11-05,0.0,0.7795432265423543,-0.7795432265423543
2020-11-06,0.0,0.8697468304337846,-0.8697468304337846
2020-11-07,0.0,0.7786767060623989,-0.7786767060623989
2020-11-08,0.0,0.8688803099538293,-0.8688803099538293
2020-11-09,0.0,0.7786767060623989,-0.7786767060623989
2020-11-10,0.0,0.8688803099538293,-0.8688803099538293
2020-11-11,0.0,0.8688803099538293,-0.8688803099538293
2020-11-12,0.0,0.7795432265423543,-0.7795432265423543
2020-11-13,0.0,0.7786767060623989,-0.7786767060623989
2020-11-14,0.0,0.8688803099538293,-0.8688803099538293
2020-11-15,0.0,0.7786767060623989,-0.7786767060623989
2020-11-16,0.0,0.7786767060623989,-0.7786767060623989
2020-11-17,0.0,0.7795432265423543,-0.7795432265423543
2020-11-18,0.0,0.7786767060623989,-0.7786767060623989
2020-11-19,0.0,0.779741484464141,-0.779741484464141
2020-11-20,0.0,0.8792336244409837,-0.8792336244409837
2020-11-21,0.0,0.8779425146972555,-0.8779425146972555
2020-11-22,0.0,0.8760923119649661,-0.8760923119649661
2020-11-23,0.0,0.8760923119649661,-0.8760923119649661
2020-11-24,0.0,0.8760923119649661,-0.8760923119649661
2020-11-25,0.0,0.8760923119649661,-0.8760923119649661
2020-11-26,0.0,0.8760923119649661,-0.8760923119649661
2020-11-27,0.0,0.8760923119649661,-0.8760923119649661
2020-11-28,0.0,0.8769588324449215,-0.8769588324449215
2020-11-29,0.0,0.8779425146972555,-0.8779425146972555
2020-11-30,0.0,0.7759088776857681,-0.7759088776857681
2020-12-01,0.0,0.8739927461465041,-0.8739927461465041
2020-12-02,0.0,0.8731262256665487,-0.8731262256665487
2020-12-03,0.0,0.8731262256665487,-0.8731262256665487
2020-12-04,0.0,0.8727175144565732,-0.8727175144565732
2020-12-05,0.0,0.8735840349365286,-0.8735840349365286
2020-12-06,0.0,0.8735840349365286,-0.8735840349365286
2020-12-07,0.0,0.8727175144565732,-0.8727175144565732
2020-12-08,0.0,0.8727175144565732,-0.8727175144565732
2020-12-09,0.0,0.8729157723783599,-0.8729157723783599
2020-12-10,0.0,0.8727175144565732,-0.8727175144565732
2020-12-11,0.0,0.8745677171888626,-0.8745677171888626
2020-12-12,0.0,0.8727175144565732,-0.8727175144565732
2020-12-13,0.0,0.8727175144565732,-0.8727175144565732
2020-12-14,0.0,0.8758429488787935,-0.8758429488787935
2020-12-15,0.0,0.8745677171888626,-0.8745677171888626
2020-12-16,0.0,0.8745677171888626,-0.8745677171888626
2020-12-17,0.0,0.7753019085540058,-0.7753019085540058
2020-12-18,0.0,0.7753019085540058,-0.7753019085540058
2020-12-19,0.0,0.7753019085540058,-0.7753019085540058
2020-12-20,0.0,0.7761684290339612,-0.7761684290339612
2020-12-21,0.0,0.7753019085540058,-0.7753019085540058
2020-12-22,0.0,0.7761684290339612,-0.7761684290339612
2020-12-23,0.0,0.7753019085540058,-0.7753019085540058
2020-12-24,0.0,0.7753019085540058,-0.7753019085540058
2020-12-26,0.0,0.8745677171888626,-0.8745677171888626
2020-12-27,0.0,0.875434237668818,-0.875434237668818
2020-12-28,0.0,0.7753019085540058,-0.7753019085540058
2020-12-29,0.0,0.7753019085540058,-0.7753019085540058
2020-12-30,0.0,0.8735840349365286,-0.8735840349365286
2020-12-31,0.0,0.8727175144565732,-0.8727175144565732
2021-01-01,0.0,0.8727175144565732,-0.8727175144565732
2021-01-02,0.0,0.8731262256665487,-0.8731262256665487
2021-01-03,0.0,0.8731262256665487,-0.8731262256665487
2021-01-04,0.0,0.8727175144565732,-0.8727175144565732
2021-01-05,0.0,0.8731262256665487,-0.8731262256665487
2021-01-06,0.0,0.8735840349365286,-0.8735840349365286
2021-01-07,0.0,0.8745677171888626,-0.8745677171888626
2021-01-08,0.0,0.8727934509537729,-0.8727934509537729
2021-01-09,0.0,0.870534537011508,-0.870534537011508
2021-01-10,0.0,0.8727175144565732,-0.8727175144565732
2021-01-11,0.0,0.8739927461465041,-0.8739927461465041
2021-01-12,0.0,0.8731262256665487,-0.8731262256665487
2021-01-13,0.0,0.8735840349365286,-0.8735840349365286
2021-01-14,0.0,0.8727175144565732,-0.8727175144565732
2021-01-15,0.0,0.8818678631975124,-0.8818678631975124
2021-01-16,0.0,0.8837180659298018,-0.8837180659298018
2021-01-17,0.0,0.895550411735692,-0.895550411735692
2021-01-18,0.0,0.8951562631783898,-0.8951562631783898
2021-01-19,0.0,0.8951562631783898,-0.8951562631783898
2021-01-20,0.0,0.8727175144565732,-0.8727175144565732
2021-01-21,0.0,0.8745677171888626,-0.8745677171888626
2021-01-22,0.0,0.7753019085540058,-0.7753019085540058
2021-01-23,0.0,0.7753019085540058,-0.7753019085540058
2021-01-24,0.0,0.8745677171888626,-0.8745677171888626
2021-01-25,0.0,0.8745677171888626,-0.8745677171888626
2021-01-26,0.0,0.8727175144565732,-0.8727175144565732
2021-01-27,0.0,0.7753019085540058,-0.7753019085540058
2021-01-28,0.0,0.8745677171888626,-0.8745677171888626
2021-01-29,0.0,0.7753019085540058,-0.7753019085540058
2021-01-30,0.0,0.7753019085540058,-0.7753019085540058
2021-01-31,0.0,0.7753019085540058,-0.7753019085540058
2021-02-01,0.0,0.8653317968422178,-0.8653317968422178
2021-02-02,0.0,0.8653317968422178,-0.8653317968422178
2021-02-03,0.0,0.8653317968422178,-0.8653317968422178
2021-02-04,0.0,0.8663720329253917,-0.8663720329253917
2021-02-05,0.0,0.7753019085540058,-0.7753019085540058
2021-02-06,0.0,0.8659142236554118,-0.8659142236554118
2021-02-07,0.0,0.8653317968422178,-0.8653317968422178
2021-02-08,0.0,0.8655610667740687,-0.8655610667740687
2021-02-09,0.0,0.8655610667740687,-0.8655610667740687
2021-02-10,0.0,0.8664275872540241,-0.8664275872540241
2021-02-11,0.0,0.8655610667740687,-0.8655610667740687
2021-02-12,0.0,0.8657347823772872,-0.8657347823772872
2021-02-13,0.0,0.8661434935872627,-0.8661434935872627
2021-02-14,0.0,0.8659697779840443,-0.8659697779840443
2021-02-15,0.0,0.8653837722853047,-0.8653837722853047
2021-02-16,0.0,0.7753538839970927,-0.7753538839970927
2021-02-17,0.0,0.8746196926319495,-0.8746196926319495
2021-02-18,0.0,0.8754862131119049,-0.8754862131119049
2021-02-19,0.0,0.8732494895112662,-0.8732494895112662
2021-02-20,0.0,0.8723829690313109,-0.8723829690313109
2021-02-21,0.0,0.8748179505537362,-0.8748179505537362
2021-02-22,0.0,0.7755521419188794,-0.7755521419188794
2021-02-23,0.0,0.8748179505537362,-0.8748179505537362
2021-02-24,0.0,0.7753538839970927,-0.7753538839970927
2021-02-25,0.0,0.8653837722853047,-0.8653837722853047
2021-02-26,0.0,0.8653837722853047,-0.8653837722853047
2021-02-27,0.0,0.7753538839970927,-0.7753538839970927
2021-02-28,0.0,0.8746196926319495,-0.8746196926319495
2021-03-01,0.0,0.8653837722853047,-0.8653837722853047
2021-03-02,0.0,0.8664485506870468,-0.8664485506870468
2021-03-03,0.0,0.8651733189971159,-0.8651733189971159
2021-03-04,0.0,0.8658415815552846,-0.8658415815552846
2021-03-05,0.0,0.864533379534149,-0.864533379534149
2021-03-06,0.0,0.8635592277981007,-0.8635592277981007
2021-03-07,0.0,0.7728425295723977,-0.7728425295723977
2021-03-08,0.0,0.772644271650611,-0.772644271650611
2021-03-09,0.0,0.8728407783012907,-0.8728407783012907
2021-03-10,0.0,0.8732494895112662,-0.8732494895112662
2021-03-11,0.0,0.8656123976076856,-0.8656123976076856
2021-03-12,0.0,0.8705612407877471,-0.8705612407877471
2021-03-13,0.0,0.8778296207954088,-0.8778296207954088
2021-03-14,0.0,0.8774209095854333,-0.8774209095854333
2021-03-15,0.0,0.8651498642454039,-0.8651498642454039
2021-03-16,0.0,0.8411156732211928,-0.8411156732211928
2021-03-17,0.0,0.7646642374187573,-0.7646642374187573
2021-03-18,0.0,0.8749796128514428,-0.8749796128514428
2021-03-19,0.0,0.8648832475828709,-0.8648832475828709
2021-03-20,0.0,0.848252189504193,-0.848252189504193
2021-03-21,0.0,0.8510354205611484,-0.8510354205611484
2021-03-22,0.0,0.8821957262720154,-0.8821957262720154
2021-03-23,0.0,0.9095586020471819,-0.9095586020471819
2021-03-24,0.0,0.8790625073112741,-0.8790625073112741
2021-03-25,0.0,0.8891679154135032,-0.8891679154135032
2021-03-26,0.0,0.9227116174893061,-0.9227116174893061
2021-03-27,0.0,0.923048259173418,-0.923048259173418
2021-03-28,0.0,0.9673585577800169,-0.9673585577800169
2021-03-29,0.0,1.001280559425577,-1.001280559425577
2021-03-30,0.1789914955683243,1.023438445936322,-0.8444469503679977
2021-03-31,0.3924801763048395,1.0080189801664698,-0.6155388038616303
2021-04-01,0.6130936322524002,0.9411719448933185,-0.32807831264091825
2021-04-02,0.8335581906552437,0.9376861327089357,-0.10412794205369202
2021-04-03,1.0545753099923796,0.8770516120487716,0.177523697943608
2021-04-04,1.2749777216874172,0.8910136967248736,0.38396402496254356
2021-04-05,1.4910974567703,0.9141264101418274,0.5769710466284725
2021-04-06,1.6865369902523284,0.9482408154717801,0.7382961747805483
2021-04-07,1.8828091091126637,1.035611886417384,0.8471972226952798
2021-04-08,2.089186556293122,1.7781525948774457,0.3110339614156763
2021-04-09,2.3126693869592896,0.9733520023276765,1.339317384631613
2021-04-10,2.541427087622171,0.9177621673555734,1.6236649202665976
2021-04-11,2.7804666465540953,1.0398908278367378,1.7405758187173574
2021-04-12,3.0089996758696196,1.4641207179066862,1.5448789579629334
2021-04-13,3.2298771841252507,1.0365353618829505,2.1933418222423002
2021-04-14,3.4405076625496624,0.86373340307605,2.5767742594736127
2021-04-15,3.6491736018948706,0.8594270812952398,2.789746520599631
2021-04-16,3.8661778259582724,0.808166453432182,3.0580113725260905
2021-04-17,4.089933797459897,0.6882278445773777,3.401705952882519
2021-04-18,4.308891570182866,0.6291740734846817,3.6797174966981845
2021-04-19,4.5176428491825815,0.5381304418778605,3.9795124073047212
2021-04-20,4.716367985850171,0.518337419419922,4.1980305664302495
2021-04-21,4.905286295020736,1.2649776129316133,3.640308682089123
2021-04-22,5.085724748400113,1.4265388782329902,3.659185870167123
2021-04-23,5.2526496813845585,1.0738698854730173,4.178779795911542
2021-04-24,5.2526496813845585,0.8957848279267171,4.356864853457841
2021-04-25,5.2526496813845585,1.3026498222168892,3.9499998591676695
2021-04-26,5.2526496813845585,1.3625112907475663,3.8901383906369924
2021-04-27,5.2526496813845585,1.2633271924243525,3.989322488960206
2021-04-28,5.2526496813845585,1.3438971464403013,3.908752534944257
2021-04-29,5.2526496813845585,2.7012732605453187,2.5513764208392398
2021-04-30,5.2526496813845585,3.2641374102996346,1.988512271084924
2021-05-01,5.2526496813845585,3.316105023443228,1.9365446579413303
2021-05-02,5.2526496813845585,3.288509343146696,1.9641403382378626
2021-05-03,5.2526496813845585,3.306291876027183,1.9463578053573753
2021-05-04,5.2526496813845585,3.2859110122274533,1.9667386691571052
2021-05-05,5.2526496813845585,3.249509607931058,2.0031400734535003
2021-05-06,5.2526496813845585,2.653302577478658,2.5993471039059006
2021-05-07,5.2526496813845585,3.189208204095971,2.0634414772885874
2021-05-08,5.2526496813845585,6.578161627528498,-1.3255119461439397
2021-05-09,5.2526496813845585,7.118876797877594,-1.866227116493036
2021-05-10,5.2526496813845585,7.047267577664138,-1.7946178962795791
2021-05-11,5.2526496813845585,7.074137740877755,-1.8214880594931966
2021-05-12,5.2526496813845585,6.998381774599311,-1.7457320932147526
2021-05-13,5.2526496813845585,7.183239045056578,-1.93058936367202
2021-05-14,5.2526496813845585,7.183399362654105,-1.9307496812695462
2021-05-15,5.2526496813845585,7.243845183228946,-1.9911955018443876
2021-05-16,5.2526496813845585,7.4553727924469415,-2.202723111062383
2021-05-17,5.2526496813845585,7.511147736933904,-2.258498055549346
2021-05-18,5.2526496813845585,6.004855389535891,-0.7522057081513323
2021-05-19,5.2526496813845585,6.059720524155603,-0.8070708427710445
2021-05-20,5.2526496813845585,6.066127226646707,-0.8134775452621481
2021-05-21,5.2526496813845585,6.067877346819689,-0.8152276654351303
2021-05-22,5.2526496813845585,6.018644908138341,-0.7659952267537822
2021-05-23,5.2526496813845585,5.97856490879158,-0.7259152274070217
2021-05-24,5.2526496813845585,6.186836985984918,-0.9341873046003597
2021-05-25,5.2526496813845585,6.708338313898035,-1.4556886325134766
2021-05-26,5.2526496813845585,6.683096649751254,-1.4304469683666952
2021-05-27,5.2526496813845585,6.706585428051578,-1.4539357466670193
2021-05-28,5.2526496813845585,6.809169144373995,-1.5565194629894368
2021-05-29,5.2526496813845585,6.6619690298242,-1.4093193484396416
2021-05-30,5.2526496813845585,6.630934621468832,-1.3782849400842734
2021-05-31,5.2526496813845585,6.6603441960017005,-1.407694514617142
2021-06-01,5.2526496813845585,6.69382528990509,-1.4411756085205312
2021-06-02,5.2526496813845585,6.695190739389763,-1.4425410580052045
2021-06-03,5.2526496813845585,6.709276523876763,-1.4566268424922049
2021-06-04,5.2526496813845585,6.310690164998739,-1.0580404836141808
2021-06-05,5.2526496813845585,6.369852716289178,-1.1172030349046196
2021-06-06,5.2526496813845585,6.3507438740811,-1.098094192696542
2021-06-07,5.2526496813845585,6.3507438740811,-1.098094192696542
2021-06-08,5.2526496813845585,6.684836506882233,-1.4321868254976744
2021-06-09,5.2526496813845585,6.680971465025685,-1.4283217836411266
2021-06-10,5.2526496813845585,6.685261479465969,-1.4326117980814104
2021-06-11,5.2526496813845585,6.672682437203944,-1.4200327558193857
2021-06-12,5.2526496813845585,6.654812248620383,-1.4021625672358242
2021-06-13,5.2526496813845585,6.454462304557543,-1.2018126231729847
2021-06-14,5.2526496813845585,6.451880549927927,-1.1992308685433688
2021-06-15,5.2526496813845585,6.363151371184189,-1.110501689799631
2021-06-16,5.2526496813845585,6.392374784930882,-1.1397251035463238
2021-06-17,5.2526496813845585,6.402435454082287,-1.1497857726977285
2021-06-18,5.2526496813845585,6.403858757687896,-1.1512090763033376
2021-06-19,5.2526496813845585,6.381259591784793,-1.1286099104002343
2021-06-20,5.2526496813845585,6.381259591784793,-1.1286099104002343
2021-06-21,5.2526496813845585,6.437019273396777,-1.1843695920122181
2021-06-22,5.073658185816234,6.257378125357784,-1.1837199395415494
2021-06-23,4.8601695050797185,6.554220972488521,-1.6940514674088023
2021-06-24,4.639556049132158,6.592428501511065,-1.952872452378907
2021-06-25,4.419091490729314,6.628358972071643,-2.209267481342329
2021-06-26,4.198074371392178,6.647647177731654,-2.449572806339476
2021-06-27,3.977671959697141,6.1784827728040215,-2.2008108131068806
2021-06-28,3.7615522246142583,5.957958511341613,-2.196406286727355
2021-06-29,3.5661126911322296,4.94135272041648,-1.3752400292842508
2021-06-30,3.3698405722718943,4.653379496331203,-1.2835389240593087
2021-07-01,3.163463125091436,4.1187817464718925,-0.9553186213804565
2021-07-02,2.9399802944252684,3.7708165883515528,-0.8308362939262843
2021-07-03,2.711222593762387,3.4243833624270548,-0.7131607686646677
2021-07-04,2.4721830348304628,3.266618810981771,-0.7944357761513081
2021-07-05,2.243650005514939,3.0468328194167094,-0.8031828139017705
2021-07-06,2.0227724972593073,3.427832074783963,-1.4050595775246557
2021-07-07,1.8121420188348958,2.879393449799573,-1.0672514309646772
2021-07-08,1.6034760794896872,2.4286739167304714,-0.8251978372407842
2021-07-09,1.3864718554262854,0.5811419015845113,0.8053299538417741
2021-07-10,1.1627158839246619,0.6654084988417522,0.4973073850829096
2021-07-11,0.9437581112016916,0.6746361022551215,0.2691220089465701
2021-07-12,0.7350068322019762,0.6645396418523412,0.070467190349635
2021-07-13,0.5362816955343871,0.5675351205137558,-0.03125342497936867
2021-07-14,0.3473633863638221,0.7056630390061854,-0.35829965264236335
2021-07-15,0.16692493298444436,0.7670034056324813,-0.6000784726480369
2021-07-16,0.0,1.5773195916706158,-1.5773195916706158
2021-07-17,0.0,2.4912447809620684,-2.4912447809620684
2021-07-18,0.0,2.431916508730681,-2.431916508730681
2021-07-19,0.0,2.37215079087274,-2.37215079087274
2021-07-20,0.0,2.3265965898306975,-2.3265965898306975
2021-07-21,0.0,2.2311604416155935,-2.2311604416155935
2021-07-22,0.0,2.2070507506539268,-2.2070507506539268
2021-07-23,0.0,2.3085004352455725,-2.3085004352455725
2021-07-24,0.0,2.2481915236102115,-2.2481915236102115
2021-07-25,0.0,0.854631018346861,-0.854631018346861
2021-07-26,0.0,1.3128626837012294,-1.3128626837012294
2021-07-27,0.0,1.7272004782781092,-1.7272004782781092
2021-07-28,0.0,1.1157737565191526,-1.1157737565191526
2021-07-29,0.0,0.5197471185423816,-0.5197471185423816
2021-07-30,0.0,0.3628966020055013,-0.3628966020055013
2021-07-31,0.0,0.41198737650444045,-0.41198737650444045
2021-08-01,0.0,0.15684054986093526,-0.15684054986093526
2021-08-02,0.0,0.10895416523721936,-0.10895416523721936
2021-08-03,0.0,0.10099168830596018,-0.10099168830596018
2021-08-04,0.0,0.050762273484210425,-0.050762273484210425
2021-08-05,0.0,0.04888578248676071,-0.04888578248676071
2021-08-06,0.0,0.0911298763370859,-0.0911298763370859
2021-08-07,0.0,4.223905516894959e-05,-4.223905516894959e-05
2021-08-08,0.0,0.0,0.0
2021-08-09,0.0,0.001753378093446289,-0.001753378093446289
2021-08-10,0.0,0.0,0.0
2021-08-11,0.0,0.0018147368502857703,-0.0018147368502857703
2021-08-12,0.0,0.012925388038735582,-0.012925388038735582
2021-08-13,0.0,0.012925388038735582,-0.012925388038735582
2021-08-14,0.0,0.013853267275530398,-0.013853267275530398
2021-08-15,0.0,0.15496756186656377,-0.15496756186656377
2021-08-16,0.0,0.24085841723926485,-0.24085841723926485
2021-08-17,0.0,0.2158379263479739,-0.2158379263479739
2021-08-18,0.0,0.21974318475782637,-0.21974318475782637
2021-08-19,0.0,0.21974318475782637,-0.21974318475782637
2021-08-20,0.0,0.21974318475782637,-0.21974318475782637
2021-08-21,0.0,0.21887666427787103,-0.21887666427787103
2021-08-22,0.0,0.17553681524967324,-0.17553681524967324
2021-08-23,0.0,0.21927081283517333,-0.21927081283517333
2021-08-24,0.0,0.22013733331512866,-0.22013733331512866
2021-08-25,0.0,0.21676580558476874,-0.21676580558476874
2021-08-26,0.0,0.22013733331512866,-0.22013733331512866
2021-08-27,0.0,0.21927081283517333,-0.21927081283517333
2021-08-28,0.0,0.24085841723926485,-0.24085841723926485
2021-08-29,0.0,0.19022790686003155,-0.19022790686003155
2021-08-30,0.0,0.19076683623633228,-0.19076683623633228
2021-08-31,0.0,0.19163335671628762,-0.19163335671628762
2021-09-01,0.0,0.22067988582662101,-0.22067988582662101
2021-09-02,0.0,0.21987472410350517,-0.21987472410350517
2021-09-03,0.0,0.193639164144309,-0.193639164144309
2021-09-04,0.0,0.19277264366435368,-0.19277264366435368
2021-09-05,0.0,0.19277264366435368,-0.19277264366435368
2021-09-06,0.0,0.19277264366435368,-0.19277264366435368
2021-09-07,0.0,0.19277264366435368,-0.19277264366435368
2021-09-08,0.0,0.17922915882018614,-0.17922915882018614
2021-09-09,0.0,0.17922915882018614,-0.17922915882018614
2021-09-10,0.0,0.20626988050249812,-0.20626988050249812
2021-09-11,0.0,0.20626988050249812,-0.20626988050249812
2021-09-12,0.0,0.20626988050249812,-0.20626988050249812
2021-09-13,0.0,0.20626988050249812,-0.20626988050249812
2021-09-14,0.0,0.20626988050249812,-0.20626988050249812
2021-09-15,0.0,0.0,0.0
2021-09-16,0.0,0.0008523349428552203,-0.0008523349428552203
2021-09-17,0.0,0.0,0.0
2021-09-18,0.0,0.0007909761860157389,-0.0007909761860157389
2021-09-19,0.0,0.0009946417090771287,-0.0009946417090771287
2021-09-20,0.0,0.0,0.0
2021-09-21,0.0,0.0,0.0
2021-09-22,0.0,0.0007909761860157389,-0.0007909761860157389
2021-09-23,0.0,0.000748806741883906,-0.000748806741883906
2021-09-24,0.0,0.0,0.0
2021-09-25,0.0,0.0007909761860157389,-0.0007909761860157389
2021-09-26,0.0,0.0007909761860157389,-0.0007909761860157389
2021-09-27,0.0,0.00246417344100214,-0.00246417344100214
2021-09-28,0.0,0.0004583660129807369,-0.0004583660129807369
2021-09-29,0.0,0.0,0.0
2021-09-30,0.0,0.0,0.0
2021-10-01,0.0,0.0026636411704335857,-0.0026636411704335857
2021-10-02,0.0,0.0,0.0
2021-10-03,0.0,0.0,0.0
2021-10-04,0.0,0.003924310207691175,-0.003924310207691175
2021-10-05,0.0,0.000657833742412181,-0.000657833742412181
2021-10-06,0.0,0.000657833742412181,-0.000657833742412181
2021-10-07,0.0,0.000657833742412181,-0.000657833742412181
2021-10-08,0.0,0.003591520407228404,-0.003591520407228404
2021-10-09,0.0,0.008088708665881301,-0.008088708665881301
2021-10-10,0.0,0.007048472582707554,-0.007048472582707554
2021-10-11,0.0,0.0024899255672151768,-0.0024899255672151768
2021-10-12,0.0,0.0024899255672151768,-0.0024899255672151768
2021-10-13,0.0,0.0024899255672151768,-0.0024899255672151768
2021-10-14,0.0,0.0033564460471705135,-0.0033564460471705135
2021-10-15,0.0,0.0044266320501872404,-0.0044266320501872404
2021-10-16,0.0,0.008118658585724282,-0.008118658585724282
2021-10-17,0.0,0.008118658585724282,-0.008118658585724282
2021-10-18,0.0,0.007048472582707554,-0.007048472582707554
2021-10-19,0.0,0.007914993062662891,-0.007914993062662891
2021-10-20,0.0,0.007048472582707554,-0.007048472582707554
2021-10-21,0.0,0.007222188185925965,-0.007222188185925965
2021-10-22,0.0,0.006619176933956288,-0.006619176933956288
2021-10-23,0.0,0.002950035173704339,-0.002950035173704339
2021-10-24,0.0,0.006619176933956288,-0.006619176933956288
2021-10-25,0.0,0.006619176933956288,-0.006619176933956288
2021-10-26,0.0,0.005752656454000953,-0.005752656454000953
2021-10-27,0.0,0.005752656454000953,-0.005752656454000953
2021-10-28,0.0,0.001194109438508573,-0.001194109438508573
2021-10-29,0.0,0.001194109438508573,-0.001194109438508573
2021-10-30,0.0,0.0,0.0
2021-10-31,0.0,0.0009244611202378385,-0.0009244611202378385
2021-11-01,0.0,0.0009244611202378385,-0.0009244611202378385
2021-11-02,0.0,5.794064028250151e-05,-5.794064028250151e-05
2021-11-03,0.0,5.794064028250151e-05,-5.794064028250151e-05
2021-11-04,0.0,5.794064028250151e-05,-5.794064028250151e-05
2021-11-05,0.0,0.0,0.0
2021-11-06,0.0,0.0,0.0
2021-11-07,0.0,0.0,0.0
2021-11-08,0.0,0.0023939928521628513,-0.0023939928521628513
2021-11-09,0.0,0.0,0.0
2021-11-10,0.0,0.0015274723722075137,-0.0015274723722075137
2021-11-11,0.0,0.0,0.0
2021-11-12,0.0,0.0015274723722075137,-0.0015274723722075137
2021-11-13,0.0,0.0017479053262913547,-0.0017479053262913547
2021-11-14,0.0,0.001921620929509764,-0.001921620929509764
2021-11-15,0.0,0.0013537567689891044,-0.0013537567689891044
2021-11-16,0.0,0.0,0.0
2021-11-17,0.0,0.0026144258062466923,-0.0026144258062466923
2021-11-18,0.0,0.0,0.0
2021-11-19,0.0,0.0017479053262913547,-0.0017479053262913547
2021-11-20,0.0,0.0022202772489444416,-0.0022202772489444416
2021-11-21,0.0,0.0022202772489444416,-0.0022202772489444416
2021-11-22,0.0,0.0013537567689891044,-0.0013537567689891044
2021-11-23,0.0,0.0,0.0
2021-11-24,0.0,0.003464178855179576,-0.003464178855179576
2021-11-25,0.0,0.003464178855179576,-0.003464178855179576
2021-11-26,0.0,0.000591850947202836,-0.000591850947202836
2021-11-27,0.0,0.000591850947202836,-0.000591850947202836
2021-11-28,0.0,0.0025976583752242402,-0.0025976583752242402
2021-11-29,0.0,0.0025976583752242402,-0.0025976583752242402
2021-11-30,0.0,0.005752656454000953,-0.005752656454000953
2021-12-01,0.0,0.001194109438508573,-0.001194109438508573
2021-12-02,0.0,0.00206062991846391,-0.00206062991846391
2021-12-03,0.0,0.001194109438508573,-0.001194109438508573
2021-12-04,0.0,0.00206062991846391,-0.00206062991846391
2021-12-05,0.0,0.001194109438508573,-0.001194109438508573
2021-12-06,0.0,0.001194109438508573,-0.001194109438508573
2021-12-07,0.0,0.001194109438508573,-0.001194109438508573
2021-12-08,0.0,0.00206062991846391,-0.00206062991846391
2021-12-09,0.0,0.0017280197454289082,-0.0017280197454289082
2021-12-10,0.0,0.000657833742412181,-0.000657833742412181
2021-12-11,0.0,0.0008560916641989066,-0.0008560916641989066
2021-12-12,0.0,0.0015243542223675177,-0.0015243542223675177
2021-12-13,0.0,0.003733827173450312,-0.003733827173450312
2021-12-14,0.0,0.0026636411704335857,-0.0026636411704335857
2021-12-15,0.0,0.0030577897277358373,-0.0030577897277358373
2021-12-16,0.0,0.000657833742412181,-0.000657833742412181
2021-12-17,0.0,0.00012392343549184586,-0.00012392343549184586
2021-12-18,0.0,0.0,0.0
2021-12-19,0.0,0.0,0.0
2021-12-20,0.0,0.0,0.0
2021-12-21,0.0,0.0,0.0
2021-12-22,0.0,0.00012392343549184586,-0.00012392343549184586
2021-12-23,0.0,0.00012392343549184586,-0.00012392343549184586
2021-12-24,0.0,0.00032218135727857136,-0.00032218135727857136
2021-12-26,0.0,0.00032218135727857136,-0.00032218135727857136
2021-12-27,0.0,0.00032218135727857136,-0.00032218135727857136
2021-12-28,0.0,0.0,0.0
2021-12-29,0.0,0.0013923673602952984,-0.0013923673602952984
2021-12-30,0.0,0.0009904439154471826,-0.0009904439154471826
2021-12-31,0.0,0.0,0.0
2022-01-01,0.0,0.0,0.0
2022-01-02,0.0,0.0,0.0
2022-01-03,0.0,0.0,0.0
2022-01-04,0.0,0.0,0.0
2022-01-05,0.0,0.0,0.0
2022-01-06,0.0,0.0,0.0
2022-01-07,0.0,0.0010329744072026456,-0.0010329744072026456
2022-01-08,0.0,0.0015668847141229799,-0.0015668847141229799
2022-01-09,0.0,0.003572692142144384,-0.003572692142144384
2022-01-10,0.0,0.0015668847141229799,-0.0015668847141229799
2022-01-11,0.0,0.0010329744072026456,-0.0010329744072026456
2022-01-12,0.0,0.0010329744072026456,-0.0010329744072026456
2022-01-13,0.0,0.0010329744072026456,-0.0010329744072026456
2022-01-14,0.0,0.00083471648541592,-0.00083471648541592
2022-01-15,0.0,0.00083471648541592,-0.00083471648541592
2022-01-16,0.0,0.00083471648541592,-0.00083471648541592
2022-01-17,0.0,0.00083471648541592,-0.00083471648541592
2022-01-18,0.0,0.0,0.0
2022-01-19,0.0,0.0017012369653712567,-0.0017012369653712567
2022-01-20,0.0,0.001753586330158396,-0.001753586330158396
2022-01-21,0.0,0.004291744007125005,-0.004291744007125005
2022-01-22,0.0,0.0019800514131438837,-0.0019800514131438837
2022-01-23,0.0,0.0,0.0
2022-01-24,0.0,0.0,0.0
2022-01-25,0.0,0.0,0.0
2022-01-26,0.0,0.0,0.0
2022-01-27,0.0,0.0,0.0
2022-01-28,0.0,0.0,0.0
2022-01-29,0.0,0.0,0.0
2022-01-30,0.0,0.0023137592304315413,-0.0023137592304315413
2022-01-31,0.0,0.004260646835599654,-0.004260646835599654
2022-02-01,0.0,0.0,0.0
2022-02-02,0.0,0.004062388913812927,-0.004062388913812927
2022-02-03,0.0,0.0,0.0
2022-02-04,0.0,0.0,0.0
2022-02-05,0.0,0.006249224639957382,-0.006249224639957382
2022-02-06,0.0,0.007745095766701063,-0.007745095766701063
2022-02-07,0.0,0.011282554337845295,-0.011282554337845295
2022-02-08,0.0,0.011282554337845295,-0.011282554337845295
2022-02-09,0.0,0.011282554337845295,-0.011282554337845295
2022-02-10,0.0,0.01148081225963202,-0.01148081225963202
2022-02-11,0.0,0.011282554337845295,-0.011282554337845295
2022-02-12,0.0,0.017683306431018092,-0.017683306431018092
2022-02-13,0.0,0.015500328985952997,-0.015500328985952997
2022-02-14,0.0,0.03185947933633452,-0.03185947933633452
2022-02-15,0.0,0.031661221414547795,-0.031661221414547795
2022-02-16,0.0,0.03185947933633452,-0.03185947933633452
2022-02-17,0.0,0.03185947933633452,-0.03185947933633452
2022-02-18,0.0,0.0296554139865264,-0.0296554139865264
2022-02-19,0.0,0.0296554139865264,-0.0296554139865264
2022-02-20,0.0,0.017683306431018092,-0.017683306431018092
2022-02-21,0.0,0.02951565223690832,-0.02951565223690832
2022-02-22,0.0,0.02912150367960607,-0.02912150367960607
2022-02-23,0.0,0.02912150367960607,-0.02912150367960607
2022-02-24,0.0,0.0296554139865264,-0.0296554139865264
2022-02-25,0.0,0.02912150367960607,-0.02912150367960607
2022-02-26,0.0,0.02912150367960607,-0.02912150367960607
2022-02-27,0.0,0.02912150367960607,-0.02912150367960607
2022-02-28,0.0,0.0301916896826228,-0.0301916896826228
2022-03-01,0.0,0.02745842350076791,-0.02745842350076791
2022-03-02,0.0,0.0024239427720058305,-0.0024239427720058305
2022-03-03,0.0,0.0024239427720058305,-0.0024239427720058305
2022-03-04,0.0,0.0022202772489444416,-0.0022202772489444416
2022-03-05,0.0,0.0015274723722075137,-0.0015274723722075137
2022-03-06,0.0,0.0,0.0
2022-03-07,0.0,0.0,0.0
2022-03-08,0.0,0.0,0.0
2022-03-09,0.0,0.0,0.0
2022-03-10,0.0,0.0,0.0
2022-03-11,0.0,0.0,0.0
2022-03-12,0.15247453271435418,0.0,0.15247453271435418
2022-03-13,0.3375795339419904,0.0,0.3375795339419904
2022-03-14,0.5300269574291759,0.0,0.5300269574291759
2022-03-15,0.7202983567149681,0.0,0.7202983567149681
2022-03-16,0.9280222627346225,0.0,0.9280222627346225
2022-03-17,1.1511556302382857,0.0,1.1511556302382857
2022-03-18,1.3729321189366945,0.0,1.3729321189366945
2022-03-19,1.5834615245178603,0.0,1.5834615245178603
2022-03-20,1.782279613820106,0.0,1.782279613820106
2022-03-21,1.9810083896579198,0.0,1.9810083896579198
2022-03-22,2.1847406393398843,0.0,2.1847406393398843
2022-03-23,2.4096801380621713,0.0,2.4096801380621713
2022-03-24,2.636122389416235,0.0,2.636122389416235
2022-03-25,2.8068947351053493,0.0,2.8068947351053493
2022-03-26,3.0532259595823916,0.0,3.0532259595823916
2022-03-27,3.2916734490292643,0.0,3.2916734490292643
2022-03-28,3.563467273199421,0.0,3.563467273199421
2022-03-29,3.83914777939341,0.0,3.83914777939341
2022-03-30,4.096150211212494,0.0,4.096150211212494
2022-03-31,4.3545776997472405,0.0,4.3545776997472405
2022-04-01,4.614166944845637,0.0,4.614166944845637
2022-04-02,4.8264026300234635,0.3535445187239914,4.472858111299472
2022-04-03,5.0319652396872465,0.2731891642640159,4.7587760754232304
2022-04-04,5.221096367412211,0.617849966708425,4.603246400703786
2022-04-05,5.4247969704383445,0.5937495168562658,4.831047453582078
2022-04-06,5.634096241900766,0.5398424894929703,5.094253752407795
2022-04-07,5.829996557911686,0.5877291171235511,5.242267440788135
2022-04-08,5.991782034318376,1.3094958275440638,4.682286206774313
2022-04-09,5.991782034318376,1.8439186627944,4.147863371523976
2022-04-10,5.991782034318376,1.718672427778993,4.273109606539383
2022-04-11,5.991782034318376,2.007136644397976,3.9846453899204004
2022-04-12,5.991782034318376,2.863465208429296,3.12831682588908
2022-04-13,5.991782034318376,3.0594018482566008,2.9323801860617755
2022-04-14,5.991782034318376,2.8678557745338527,3.1239262597845237
2022-04-15,5.991782034318376,2.952893316825365,3.0388887174930113
2022-04-16,5.991782034318376,2.7461002616994707,3.2456817726189056
2022-04-17,5.991782034318376,2.8433543463690003,3.148427687949376
2022-04-18,5.991782034318376,2.8433543463690003,3.148427687949376
2022-04-19,5.991782034318376,2.9659897893014193,3.025792245016957
2022-04-20,5.991782034318376,3.059180709757855,2.932601324560521
2022-04-21,5.991782034318376,3.1202001599640297,2.8715818743543466
2022-04-22,5.991782034318376,3.2478780370231495,2.743903997295227
2022-04-23,5.991782034318376,4.841616168452758,1.1501658658656186
2022-04-24,5.991782034318376,4.355321158996265,1.6364608753221113
2022-04-25,5.991782034318376,5.203308681595759,0.7884733527226171
2022-04-26,5.991782034318376,5.3661187145545295,0.6256633197638468
2022-04-27,5.991782034318376,5.162369235896469,0.8294127984219077
2022-04-28,5.991782034318376,5.234072108090233,0.7577099262281433
2022-04-29,5.991782034318376,5.622562842344182,0.36921919197419406
2022-04-30,5.991782034318376,5.968647448290671,0.02313458602770524
2022-05-01,5.991782034318376,5.9329233271891315,0.05885870712924479
2022-05-02,5.991782034318376,5.8502505074721665,0.14153152684620984
2022-05-03,5.991782034318376,5.736647552831004,0.2551344814873726
2022-05-04,5.991782034318376,5.765883675709562,0.22589835860881458
2022-05-05,5.991782034318376,5.868356663079682,0.12342537123869413
2022-05-06,5.991782034318376,5.747890946897808,0.2438910874205682
2022-05-07,5.991782034318376,5.649911694507548,0.3418703398108285
2022-05-08,5.991782034318376,5.728346487610452,0.2634355467079246
2022-05-09,5.991782034318376,5.5037991498887155,0.48798288442966076
2022-05-10,5.991782034318376,5.585999985342912,0.405782048975464
2022-05-11,5.991782034318376,5.557685603129544,0.43409643118883245
2022-05-12,5.991782034318376,5.534761421209964,0.457020613108412
2022-05-13,5.991782034318376,5.531104838681312,0.46067719563706433
2022-05-14,5.991782034318376,5.589553343513153,0.4022286908052237
2022-05-15,5.991782034318376,5.592900199030394,0.39888183528798216
2022-05-16,5.991782034318376,5.158719182876494,0.8330628514418823
2022-05-17,5.991782034318376,5.152010618494083,0.839771415824293
2022-05-18,5.991782034318376,5.198006464593835,0.7937755697245414
2022-05-19,5.991782034318376,5.261259161202123,0.7305228731162536
2022-05-20,5.991782034318376,4.998552532771905,0.9932295015464714
2022-05-21,5.991782034318376,4.919788561933755,1.0719934723846212
2022-05-22,5.991782034318376,5.042707523579239,0.9490745107391376
2022-05-23,5.991782034318376,4.7163293917154565,1.2754526426029198
2022-05-24,5.991782034318376,4.832128118440511,1.1596539158778656
2022-05-25,5.991782034318376,4.609718178143304,1.3820638561750727
2022-05-26,5.991782034318376,4.546347913269008,1.4454341210493684
2022-05-27,5.991782034318376,4.777623315920576,1.2141587183978002
2022-05-28,5.991782034318376,4.971983449148806,1.0197985851695703
2022-05-29,5.991782034318376,4.605612092324039,1.3861699419943374
2022-05-30,5.991782034318376,4.354227340480044,1.6375546938383323
2022-05-31,5.991782034318376,4.261321648489245,1.7304603858291312
2022-06-01,5.991782034318376,4.457081679230275,1.534700355088101
2022-06-02,5.991782034318376,4.158309953671807,1.833472080646569
2022-06-03,5.991782034318376,3.755130382311816,2.2366516520065605
2022-06-04,5.839307501604021,3.949997892364925,1.8893096092390964
2022-06-05,5.654202500376385,3.277253397088529,2.3769491032878562
2022-06-06,5.4617550768892,3.2865722393240255,2.1751828375651745
2022-06-07,5.271483677603408,3.336750099020786,1.9347335785826218
2022-06-08,5.0637597715837535,3.130542779636245,1.9332169919475084
2022-06-09,4.840626404080091,3.0668288464464055,1.773797557633685
2022-06-10,4.6188499153816815,2.134641457736385,2.4842084576452965
2022-06-11,4.408320509800516,1.2537414309385402,3.154579078861976
2022-06-12,4.2095024204982705,1.1340167126059915,3.075485707892279
2022-06-13,4.010773644660456,1.102175166163804,2.908598478496652
2022-06-14,3.807041394978492,1.1501372680343394,2.656904126944153
2022-06-15,3.582101896256205,0.9331541890152806,2.648947707240924
2022-06-16,3.355659644902141,0.8156510678626986,2.5400085770394427
2022-06-17,3.184887299213027,1.0183931453354544,2.1664941538775726
2022-06-18,2.9385560747359847,1.1397009925838593,1.7988550821521254
2022-06-19,2.700108585289112,1.0637674719944352,1.6363411132946768
2022-06-20,2.4283147611189553,1.0263269309413932,1.4019878301775621
2022-06-21,2.1526342549249664,0.6243138712685901,1.5283203836563763
2022-06-22,1.8956318231058822,0.653203759780383,1.2424280633254992
2022-06-23,1.637204334571136,0.5890873621719284,1.0481169723992076
2022-06-24,1.3776150894727393,0.6513614617439392,0.7262536277288001
2022-06-25,1.1653794042949133,0.6612547098755159,0.5041246944193973
2022-06-26,0.9598167946311297,0.6811016487673687,0.278715145863761
2022-06-27,0.7706856669061644,0.6691669809541791,0.10151868595198521
2022-06-28,0.5669850638800317,0.6691669809541791,-0.10218191707414748
2022-06-29,0.3576857924176099,0.6359085302616869,-0.27822273784407703
2022-06-30,0.16178547640668992,1.100846069581115,-0.9390605931744251
2022-07-01,0.0,1.1474185683151314,-1.1474185683151314
2022-07-02,0.0,0.9222982934008181,-0.9222982934008181
2022-07-03,0.0,0.8719614787137511,-0.8719614787137511
2022-07-04,0.0,0.8653884791753614,-0.8653884791753614
2022-07-05,0.0,0.8073443816128305,-0.8073443816128305
2022-07-06,0.0,0.8100256052874957,-0.8100256052874957
2022-07-07,0.0,0.5918607974302013,-0.5918607974302013
2022-07-08,0.0,0.5980123922032589,-0.5980123922032589
2022-07-09,0.0,0.6263699956844843,-0.6263699956844843
2022-07-10,0.0,0.6228090080049357,-0.6228090080049357
2022-07-11,0.0,0.5682475744793415,-0.5682475744793415
2022-07-12,0.0,0.43329817456684455,-0.43329817456684455
2022-07-13,0.0,0.42425479454062204,-0.42425479454062204
2022-07-14,0.0,0.4314830604672787,-0.4314830604672787
2022-07-15,0.0,0.21276529112291478,-0.21276529112291478
2022-07-16,0.0,0.22028214482796346,-0.22028214482796346
2022-07-17,0.0,0.13947924881626164,-0.13947924881626164
2022-07-18,0.0,0.13840299273909223,-0.13840299273909223
2022-07-19,0.0,0.04239218928298679,-0.04239218928298679
2022-07-20,0.0,0.04822499515081482,-0.04822499515081482
2022-07-21,0.0,0.050418923549726616,-0.050418923549726616
2022-07-22,0.0,0.02690820969182134,-0.02690820969182134
2022-07-23,0.0,0.02690820969182134,-0.02690820969182134
2022-07-24,0.0,0.02690820969182134,-0.02690820969182134
2022-07-25,0.0,0.025901847811265956,-0.025901847811265956
2022-07-26,0.0,0.024023008717949476,-0.024023008717949476
2022-07-27,0.0,0.02676836829122129,-0.02676836829122129
2022-07-28,0.0,0.028787197571771936,-0.028787197571771936
2022-07-29,0.0,0.028787197571771936,-0.028787197571771936
2022-07-30,0.0,0.030704850885527452,-0.030704850885527452
2022-07-31,0.0,0.0015285520159974634,-0.0015285520159974634
2022-08-01,0.0,0.0,0.0
2022-08-02,0.0,0.0,0.0
2022-08-03,0.0,0.0035343594440188663,-0.0035343594440188663
2022-08-04,0.0,0.0033606438408004566,-0.0033606438408004566
2022-08-05,0.0,0.004227164320755794,-0.004227164320755794
2022-08-06,0.0,0.0034220025976399383,-0.0034220025976399383
2022-08-07,0.0,0.004227164320755794,-0.004227164320755794
2022-08-08,0.0,0.0034220025976399383,-0.0034220025976399383
2022-08-09,0.0,0.004227164320755794,-0.004227164320755794
2022-08-10,0.0,0.00246417344100214,-0.00246417344100214
2022-08-11,0.0,0.00246417344100214,-0.00246417344100214
2022-08-12,0.0,0.00246417344100214,-0.00246417344100214
2022-08-13,0.0,0.0004583660129807369,-0.0004583660129807369
2022-08-14,0.0,0.0,0.0
2022-08-15,0.0,0.0004583660129807369,-0.0004583660129807369
2022-08-16,0.0,0.0,0.0
2022-08-17,0.0,0.0009946417090771287,-0.0009946417090771287
2022-08-18,0.0,0.0009946417090771287,-0.0009946417090771287
2022-08-19,0.0,0.0018611621890324654,-0.0018611621890324654
2022-08-20,0.0,0.0015285520159974634,-0.0015285520159974634
2022-08-21,0.0,0.0035343594440188663,-0.0035343594440188663
2022-08-22,0.0,0.004227164320755794,-0.004227164320755794
2022-08-23,0.0,0.004227164320755794,-0.004227164320755794
2022-08-24,0.0,0.0033606438408004566,-0.0033606438408004566
2022-08-25,0.0,0.004227164320755794,-0.004227164320755794
2022-08-26,0.0,0.002351816594623212,-0.002351816594623212
2022-08-27,0.0,0.0033306939209574765,-0.0033306939209574765
2022-08-28,0.0,0.00246417344100214,-0.00246417344100214
2022-08-29,0.0,0.00246417344100214,-0.00246417344100214
2022-08-30,0.0,0.0,0.0
2022-08-31,0.0,0.0,0.0
2022-09-01,0.0,0.0,0.0
2022-09-02,0.0,0.0,0.0
2022-09-03,0.0,0.0,0.0
2022-09-04,0.0,0.0018611621890324654,-0.0018611621890324654
2022-09-05,0.0,0.0018611621890324654,-0.0018611621890324654
2022-09-06,0.0,0.0009946417090771287,-0.0009946417090771287
2022-09-07,0.0,0.0010560004659166098,-0.0010560004659166098
2022-09-08,0.0,0.0009946417090771287,-0.0009946417090771287
2022-09-09,0.0,0.0009946417090771287,-0.0009946417090771287
2022-09-10,0.0,0.0009946417090771287,-0.0009946417090771287
2022-09-11,0.0,0.0018611621890324654,-0.0018611621890324654
2022-09-12,0.0,0.0009946417090771287,-0.0009946417090771287
2022-09-13,0.0,0.0,0.0
2022-09-14,0.0,0.0031832253059827604,-0.0031832253059827604
2022-09-15,0.0,0.00014448737608562065,-0.00014448737608562065
2022-09-16,0.0,0.003577373863285011,-0.003577373863285011
2022-09-17,0.0,0.0006450676290161526,-0.0006450676290161526
2022-09-18,0.0,0.0,0.0
2022-09-19,0.0,0.0,0.0
2022-09-20,0.0,0.0,0.0
2022-09-21,0.0,0.0,0.0
2022-09-22,0.0,0.0,0.0
2022-09-23,0.0,0.0,0.0
2022-09-24,0.0,0.0,0.0
2022-09-25,0.0,0.0,0.0
2022-09-26,0.0,0.0003186042633626533,-0.0003186042633626533
2022-09-27,0.0,0.0,0.0
2022-09-28,0.0,0.0,0.0
2022-09-29,0.0,0.0,0.0
2022-09-30,0.0,0.0,0.0
2022-10-01,0.0,0.0,0.0
2022-10-02,0.0,0.0028583219983043906,-0.0028583219983043906
2022-10-03,0.0,0.0004583660129807369,-0.0004583660129807369
2022-10-04,0.0,0.0,0.0
2022-10-05,0.0,0.00246417344100214,-0.00246417344100214
2022-10-06,0.0,0.0004583660129807369,-0.0004583660129807369
2022-10-07,0.0,0.0004583660129807369,-0.0004583660129807369
2022-10-08,0.0,0.0004583660129807369,-0.0004583660129807369
2022-10-09,0.0,0.00246417344100214,-0.00246417344100214
2022-10-10,0.0,0.0004583660129807369,-0.0004583660129807369
2022-10-11,0.0,0.0,0.0
2022-10-12,0.0,0.0,0.0
2022-10-13,0.0,0.0004583660129807369,-0.0004583660129807369
2022-10-14,0.0,0.0004583660129807369,-0.0004583660129807369
2022-10-15,0.0,0.00246417344100214,-0.00246417344100214
2022-10-16,0.0,0.0015285520159974634,-0.0015285520159974634
2022-10-17,0.0,0.0,0.0
2022-10-18,0.0,0.0,0.0
2022-10-19,0.0,0.0,0.0
2022-10-20,0.0,0.0004583660129807369,-0.0004583660129807369
2022-10-21,0.0,0.00246417344100214,-0.00246417344100214
2022-10-22,0.0,0.00246417344100214,-0.00246417344100214
2022-10-23,0.0,0.0033306939209574765,-0.0033306939209574765
2022-10-24,0.0,0.00246417344100214,-0.00246417344100214
2022-10-25,0.0,0.00246417344100214,-0.00246417344100214
2022-10-26,0.0,0.00246417344100214,-0.00246417344100214
2022-10-27,0.0,0.0004583660129807369,-0.0004583660129807369
2022-10-28,0.0,0.0,0.0
2022-10-29,0.0,0.0,0.0
2022-10-30,0.0,0.0,0.0
2022-10-31,0.0,0.0,0.0
2022-11-01,0.0,0.0,0.0
2022-11-02,0.0,0.0,0.0
2022-11-03,0.0,0.0,0.0
2022-11-04,0.0,0.0,0.0
2022-11-05,0.0,0.0009946417090771287,-0.0009946417090771287
2022-11-06,0.0,0.0009946417090771287,-0.0009946417090771287
2022-11-07,0.0,0.0018611621890324654,-0.0018611621890324654
2022-11-08,0.0,0.0018611621890324654,-0.0018611621890324654
2022-11-09,0.0,0.0009946417090771287,-0.0009946417090771287
2022-11-10,0.0,0.0,0.0
2022-11-11,0.0,0.0,0.0
2022-11-12,0.0,0.0,0.0
2022-11-13,0.0,0.0,0.0
2022-11-14,0.0,0.0013248864929360734,-0.0013248864929360734
2022-11-15,0.0,0.0025255321978416216,-0.0025255321978416216
2022-11-16,0.0,0.00229045783778373,-0.00229045783778373
2022-11-17,0.0,0.00229045783778373,-0.00229045783778373
2022-11-18,0.0,0.00246417344100214,-0.00246417344100214
2022-11-19,0.0,0.00229045783778373,-0.00229045783778373
2022-11-20,0.0,0.0031569783177390668,-0.0031569783177390668
2022-11-21,0.0,0.00229045783778373,-0.00229045783778373
2022-11-22,0.0,0.00229045783778373,-0.00229045783778373
2022-11-23,0.0,0.00229045783778373,-0.00229045783778373
2022-11-24,0.0,0.00229045783778373,-0.00229045783778373
2022-11-25,0.0,0.00229045783778373,-0.00229045783778373
2022-11-26,0.0,0.00229045783778373,-0.00229045783778373
2022-11-27,0.0,0.0031569783177390668,-0.0031569783177390668
2022-11-28,0.0,0.0033306939209574765,-0.0033306939209574765
2022-11-29,0.0,0.0035343594440188663,-0.0035343594440188663
2022-11-30,0.0,0.0033606438408004566,-0.0033606438408004566
2022-12-01,0.0,0.0009946417090771287,-0.0009946417090771287
2022-12-02,0.0,0.0009946417090771287,-0.0009946417090771287
2022-12-03,0.0,0.0009946417090771287,-0.0009946417090771287
2022-12-04,0.0,0.0009946417090771287,-0.0009946417090771287
2022-12-05,0.0,0.0044008799239742035,-0.0044008799239742035
2022-12-06,0.0,0.0044008799239742035,-0.0044008799239742035
2022-12-07,0.0,0.0015285520159974634,-0.0015285520159974634
2022-12-08,0.0,0.0018611621890324654,-0.0018611621890324654
2022-12-09,0.0,0.0018611621890324654,-0.0018611621890324654
2022-12-10,0.0,0.0018611621890324654,-0.0018611621890324654
2022-12-11,0.0,0.0017268099377841888,-0.0017268099377841888
2022-12-12,0.0,0.0037326173658055917,-0.0037326173658055917
2022-12-13,0.0,0.0044008799239742035,-0.0044008799239742035
2022-12-14,0.0,0.0035343594440188663,-0.0035343594440188663
2022-12-15,0.0,0.00246417344100214,-0.00246417344100214
2022-12-16,0.0,0.00229045783778373,-0.00229045783778373
2022-12-17,0.0,0.00229045783778373,-0.00229045783778373
2022-12-18,0.0,0.00229045783778373,-0.00229045783778373
2022-12-19,0.0,0.00229045783778373,-0.00229045783778373
2022-12-20,0.0,0.0033606438408004566,-0.0033606438408004566
2022-12-21,0.0,0.00229045783778373,-0.00229045783778373
2022-12-22,0.0,0.00229045783778373,-0.00229045783778373
2022-12-23,0.0,0.00229045783778373,-0.00229045783778373
2022-12-24,0.0,0.00229045783778373,-0.00229045783778373
2022-12-26,0.0,0.00229045783778373,-0.00229045783778373
2022-12-27,0.0,0.0033606438408004566,-0.0033606438408004566
2022-12-28,0.0,0.0033606438408004566,-0.0033606438408004566
2022-12-29,0.0,0.0033606438408004566,-0.0033606438408004566
2022-12-30,0.0,0.0033606438408004566,-0.0033606438408004566
2022-12-31,0.0,0.0033606438408004566,-0.0033606438408004566
2023-01-01,0.0,0.0033606438408004566,-0.0033606438408004566
2023-01-02,0.0,0.0033606438408004566,-0.0033606438408004566
2023-01-03,0.0,0.0033606438408004566,-0.0033606438408004566
2023-01-04,0.0,0.0035343594440188663,-0.0035343594440188663
2023-01-05,0.0,0.0044008799239742035,-0.0044008799239742035
2023-01-06,0.0,0.0044008799239742035,-0.0044008799239742035
2023-01-07,0.0,0.0037326173658055917,-0.0037326173658055917
2023-01-08,0.0,0.0026243424278036254,-0.0026243424278036254
2023-01-09,0.0,0.0012239116409279536,-0.0012239116409279536
2023-01-10,0.0,0.0020904321208832905,-0.0020904321208832905
2023-01-11,0.0,0.0012239116409279536,-0.0012239116409279536
2023-01-12,0.0,0.0020904321208832905,-0.0020904321208832905
2023-01-13,0.0,0.0012239116409279536,-0.0012239116409279536
2023-01-14,0.0,0.0012239116409279536,-0.0012239116409279536
2023-01-15,0.0,0.00025138507383922013,-0.00025138507383922013
2023-01-16,0.0,0.0031776236771302226,-0.0031776236771302226
2023-01-17,0.0,0.0031776236771302226,-0.0031776236771302226
2023-01-18,0.0,0.0031776236771302226,-0.0031776236771302226
2023-01-19,0.0,0.0031776236771302226,-0.0031776236771302226
2023-01-20,0.0,0.0030039080739118137,-0.0030039080739118137
2023-01-21,0.0,0.0019337220708950872,-0.0019337220708950872
2023-01-22,0.0,0.0019337220708950872,-0.0019337220708950872
2023-01-23,0.0,0.0019337220708950872,-0.0019337220708950872
2023-01-24,0.0,0.0019337220708950872,-0.0019337220708950872
2023-01-25,0.0,0.0019337220708950872,-0.0019337220708950872
2023-01-26,0.0,0.002800242550850425,-0.002800242550850425
2023-01-27,0.0,0.0019337220708950872,-0.0019337220708950872
2023-01-28,0.0,0.0019337220708950872,-0.0019337220708950872
2023-01-29,0.0,0.0019337220708950872,-0.0019337220708950872
2023-01-30,0.0,0.006691736815818911,-0.006691736815818911
2023-01-31,0.0,0.007761922818835639,-0.007761922818835639
2023-02-01,0.0,0.02099451485903532,-0.02099451485903532
2023-02-02,0.0,0.02099451485903532,-0.02099451485903532
2023-02-03,0.0,0.02099451485903532,-0.02099451485903532
2023-02-04,0.0,0.02099451485903532,-0.02099451485903532
2023-02-05,0.0,0.02099451485903532,-0.02099451485903532
2023-02-06,0.0,0.02099451485903532,-0.02099451485903532
2023-02-07,0.0,0.02099451485903532,-0.02099451485903532
2023-02-08,0.0,0.02099451485903532,-0.02099451485903532
2023-02-09,0.0,0.021168230462253728,-0.021168230462253728
2023-02-10,0.0,0.021168230462253728,-0.021168230462253728
2023-02-11,0.0,0.021168230462253728,-0.021168230462253728
2023-02-12,0.0,0.021168230462253728,-0.021168230462253728
2023-02-13,0.0,0.021168230462253728,-0.021168230462253728
2023-02-14,0.0,0.021168230462253728,-0.021168230462253728
2023-02-15,0.0,0.005450642299742067,-0.005450642299742067
2023-02-16,0.0,0.00458412181978673,-0.00458412181978673
2023-02-17,0.0,2.5574804294352334e-05,-2.5574804294352334e-05
2023-02-18,0.0,2.5574804294352334e-05,-2.5574804294352334e-05
2023-02-19,0.0,2.5574804294352334e-05,-2.5574804294352334e-05
2023-02-20,0.0,0.0,0.0
2023-02-21,0.0,0.0,0.0
2023-02-22,0.0,0.0,0.0
2023-02-23,0.0,0.0,0.0
2023-02-24,0.0,0.0,0.0
2023-02-25,0.0,0.0,0.0
2023-02-26,0.0,2.5574804294352334e-05,-2.5574804294352334e-05
2023-02-27,0.0,2.5574804294352334e-05,-2.5574804294352334e-05
2023-02-28,0.0,0.00022383272608107773,-0.00022383272608107773
2023-03-01,0.0,0.0,0.0
2023-03-02,0.0,0.0,0.0
2023-03-03,0.0,0.0,0.0
2023-03-04,0.0,0.0,0.0
2023-03-05,0.0,0.0,0.0
2023-03-06,0.0,0.0,0.0
2023-03-07,0.0,0.0,0.0
2023-03-08,0.0,0.0,0.0
2023-03-09,0.0,0.0,0.0
2023-03-10,0.0,0.0,0.0
2023-03-11,0.0,0.0,0.0
2023-03-12,0.0,0.0,0.0
2023-03-13,0.0,0.0,0.0
2023-03-14,0.0,0.0,0.0
2023-03-15,0.0,0.0,0.0
2023-03-16,0.0,0.0,0.0
2023-03-17,0.0,0.0,0.0
2023-03-18,0.1465580884975703,0.02438701987099147,0.12217106862657882
2023-03-19,0.311170524691429,0.01525373677574218,0.2959167879156868
2023-03-20,0.46960232025166143,0.08632534569516334,0.3832769745564981
2023-03-21,0.6178050722196937,0.049526027702385775,0.5682790445173079
2023-03-22,0.7723528059134652,0.07484972707102529,0.6975030788424399
2023-03-23,0.9420782140235912,0.07484972707102529,0.8672284869525658
2023-03-24,1.1261157780760627,0.08143174443108206,1.0446840336449805
2023-03-25,1.3199210971030293,0.11638229654515046,1.2035388005578789
2023-03-26,1.5039390489951268,0.11662212390381228,1.3873169250913144
2023-03-27,1.6936578770935513,0.14007147900487807,1.5535863980886733
2023-03-28,1.8782737616419627,0.16429671157013984,1.7139770500718228
2023-03-29,2.0643741326247835,0.168521010906892,1.8958531217178916
2023-03-30,2.2689631004706095,0.16912726025585909,2.0998358402147503
2023-03-31,2.4667589953054505,0.13887348033053368,2.3278855149749167
2023-04-01,2.667412187643554,0.18582543449173317,2.481586753151821
2023-04-02,2.855258027513554,0.1390734436405674,2.7161845838729866
2023-04-03,3.0299223618987328,0.15656949058913164,2.873352871309601
2023-04-04,3.1948989859682535,0.1516437554392756,3.043255230528978
2023-04-05,3.3695935005753586,0.17383364949909605,3.1957598510762626
2023-04-06,3.5399015527252655,0.21068080670341494,3.329220746021851
2023-04-07,3.7311825144734585,0.2855852884979726,3.4455972259754857
2023-04-08,3.93255922957639,0.1944070102938674,3.7381522192825223
2023-04-09,4.143749296082603,0.962701249488862,3.1810480465937405
2023-04-10,4.303869555595588,0.4732498514198479,3.83061970417574
2023-04-11,4.303869555595588,0.7398976395486552,3.563971916046933
2023-04-12,4.303869555595588,0.6652392937270428,3.638630261868545
2023-04-13,4.303869555595588,0.4836545555634901,3.820215000032098
2023-04-14,4.303869555595588,0.556343300910226,3.747526254685362
2023-04-15,4.303869555595588,0.3746789676012548,3.929190587994333
2023-04-16,4.303869555595588,0.4894644489393159,3.814405106656272
2023-04-17,4.303869555595588,0.39444814925180105,3.909421406343787
2023-04-18,4.303869555595588,0.5857411451536007,3.718128410441987
2023-04-19,4.303869555595588,1.5879121124958038,2.715957443099784
2023-04-20,4.303869555595588,1.3161734108766694,2.9876961447189183
2023-04-21,4.303869555595588,1.9074453388909227,2.3964242167046654
2023-04-22,4.303869555595588,1.9798846794023814,2.3239848761932063
2023-04-23,4.303869555595588,2.451299586937808,1.8525699686577801
2023-04-24,4.303869555595588,2.4012304853118622,1.9026390702837257
2023-04-25,4.303869555595588,2.451860684088703,1.852008871506885
2023-04-26,4.303869555595588,4.415375306620869,-0.11150575102528126
2023-04-27,4.303869555595588,4.416241827100825,-0.11237227150523665
2023-04-28,4.303869555595588,4.702882721401455,-0.3990131658058669
2023-04-29,4.303869555595588,5.152802204441519,-0.8489326488459312
2023-04-30,4.303869555595588,4.972653273909408,-0.6687837183138203
2023-05-01,4.303869555595588,5.070297914349587,-0.7664283587539993
2023-05-02,4.303869555595588,5.6213664929526,-1.3174969373570118
2023-05-03,4.303869555595588,5.694204811309123,-1.3903352557135351
2023-05-04,4.303869555595588,5.596616239590966,-1.2927466839953778
2023-05-05,4.303869555595588,5.634117519186868,-1.3302479635912805
2023-05-06,4.303869555595588,5.717031587905588,-1.4131620323099998
2023-05-07,4.303869555595588,5.755817003001204,-1.4519474474056162
2023-05-08,4.303869555595588,5.730620869855938,-1.4267513142603505
2023-05-09,4.303869555595588,5.734715707140916,-1.4308461515453281
2023-05-10,4.303869555595588,6.045675035218724,-1.7418054796231361
2023-05-11,4.303869555595588,5.989490878149036,-1.6856213225534482
2023-05-12,4.303869555595588,6.113871844561889,-1.8100022889663014
2023-05-13,4.303869555595588,6.009274541835243,-1.705404986239655
2023-05-14,4.303869555595588,6.036203415534396,-1.7323338599388078
2023-05-15,4.303869555595588,6.405156034774062,-2.1012864791784738
2023-05-16,4.303869555595588,6.385781371260096,-2.0819118156645082
2023-05-17,4.303869555595588,6.600306591194428,-2.2964370355988404
2023-05-18,4.303869555595588,6.597961874082433,-2.294092318486845
2023-05-19,4.303869555595588,6.4955158080871005,-2.1916462524915126
2023-05-20,4.303869555595588,6.449216127899119,-2.1453465723035308
2023-05-21,4.303869555595588,6.529769052396316,-2.2258994968007277
2023-05-22,4.303869555595588,6.554261415136377,-2.2503918595407892
2023-05-23,4.303869555595588,6.54126606043762,-2.2373965048420317
2023-05-24,4.303869555595588,6.551681803687593,-2.2478122480920053
2023-05-25,4.303869555595588,6.570370665545032,-2.266501109949444
2023-05-26,4.303869555595588,6.56311701547346,-2.259247459877872
2023-05-27,4.303869555595588,6.641666850506998,-2.33779729491141
2023-05-28,4.303869555595588,6.741382439244597,-2.437512883649009
2023-05-29,4.303869555595588,6.709809624264573,-2.4059400686689854
2023-05-30,4.303869555595588,6.704324085140966,-2.400454529545378
2023-05-31,4.303869555595588,6.632752065367402,-2.328882509771814
2023-06-01,4.303869555595588,6.599338951200618,-2.2954693956050303
2023-06-02,4.303869555595588,6.584605487224784,-2.280735931629196
2023-06-03,4.303869555595588,6.663175160069229,-2.359305604473641
2023-06-04,4.303869555595588,6.584305289783325,-2.280435734187737
2023-06-05,4.303869555595588,6.123626287777052,-1.8197567321814638
2023-06-06,4.303869555595588,6.126162633588844,-1.8222930779932565
2023-06-07,4.303869555595588,6.2138079001282085,-1.9099383445326206
2023-06-08,4.303869555595588,6.198544828851438,-1.8946752732558503
2023-06-09,4.303869555595588,6.212729718487446,-1.908860162891858
2023-06-10,4.157311467098018,6.21011752717177,-2.0528060600737517
2023-06-11,3.9926990309041592,6.241656808780118,-2.248957777875959
2023-06-12,3.8342672353439267,6.063020853244044,-2.2287536179001175
2023-06-13,3.6860644833758944,6.074398633664483,-2.3883341502885886
2023-06-14,3.531516749682123,6.149023733948289,-2.6175069842661665
2023-06-15,3.361791341571997,6.297947520387245,-2.936156178815248
2023-06-16,3.1777537775195257,5.961536539087925,-2.7837827615683994
2023-06-17,2.983948458492559,5.999595959975224,-3.015647501482665
2023-06-18,2.7999305066004614,6.1081532884902785,-3.308222781889817
2023-06-19,2.610211678502037,4.720667878227769,-2.1104561997257325
2023-06-20,2.4255957939536255,4.328051690339401,-1.9024558963857756
2023-06-21,2.239495422970805,3.8357275595643356,-1.5962321365935308
2023-06-22,2.034906455124979,3.8611719063620042,-1.8262654512370253
2023-06-23,1.8371105602901376,3.326600951420078,-1.4894903911299402
2023-06-24,1.6364573679520338,3.454961608238633,-1.8185042402865994
2023-06-25,1.448611528082034,3.4852631373890364,-2.036651609307002
2023-06-26,1.2739471936968556,3.325688352456916,-2.0517411587600605
2023-06-27,1.1089705696273349,3.2810297903435792,-2.1720592207162444
2023-06-28,0.9342760550202297,2.02534249521506,-1.09106644019483
2023-06-29,0.7639680028703226,1.776119686059697,-1.0121516831893744
2023-06-30,0.5726870411221299,3.3157805438901033,-2.7430935027679735
2023-07-01,0.37131032601919856,1.8191609797368982,-1.4478506537176996
2023-07-02,0.16012025951298522,1.7587213291779804,-1.5986010696649953
2023-07-03,0.0,1.8191609797368982,-1.8191609797368982
2023-07-04,0.0,1.8216467569266663,-1.8216467569266663
2023-07-05,0.0,1.7142141688625694,-1.7142141688625694
2023-07-06,0.0,1.657029280901735,-1.657029280901735
2023-07-07,0.0,2.989164447450683,-2.989164447450683
2023-07-08,0.0,1.8393446551022892,-1.8393446551022892
2023-07-09,0.0,1.853001535276615,-1.853001535276615
2023-07-10,0.0,1.8474514041974142,-1.8474514041974142
2023-07-11,0.0,1.8687196874299077,-1.8687196874299077
2023-07-12,0.0,1.8342585219033092,-1.8342585219033092
2023-07-13,0.0,1.6882715278521403,-1.6882715278521403
2023-07-14,0.0,1.8536148980709535,-1.8536148980709535
2023-07-15,0.0,1.7442001103716545,-1.7442001103716545
2023-07-16,0.0,1.7046974874752,-1.7046974874752
2023-07-17,0.0,1.7957660805405877,-1.7957660805405877
2023-07-18,0.0,0.6630292365155999,-0.6630292365155999
2023-07-19,0.0,0.5302021661636032,-0.5302021661636032
2023-07-20,0.0,0.42472433967497425,-0.42472433967497425
2023-07-21,0.0,0.3731518139666624,-0.3731518139666624
2023-07-22,0.0,0.2632915036896899,-0.2632915036896899
2023-07-23,0.0,0.10875658195847035,-0.10875658195847035
2023-07-24,0.0,0.1627644110245212,-0.1627644110245212
2023-07-25,0.0,0.050195147932876064,-0.050195147932876064
2023-07-26,0.0,0.028975610366007033,-0.028975610366007033
2023-07-27,0.0,0.0,0.0
2023-07-28,0.0,0.0286363038186107,-0.0286363038186107
2023-07-29,0.0,0.04554434465978417,-0.04554434465978417
2023-07-30,0.0,0.0,0.0
2023-07-31,0.0,0.0,0.0
2023-08-01,0.0,0.0,0.0
2023-08-02,0.0,0.0,0.0
2023-08-03,0.0,0.0,0.0
2023-08-04,0.0,0.0,0.0
2023-08-05,0.0,0.0,0.0
2023-08-06,0.0,0.0,0.0
2023-08-07,0.0,0.0,0.0
2023-08-08,0.0,0.0,0.0
2023-08-09,0.0,0.0,0.0
2023-08-10,0.0,0.0,0.0
2023-08-11,0.0,0.0,0.0
2023-08-12,0.0,0.0,0.0
2023-08-13,0.0,0.0,0.0
2023-08-14,0.0,0.0,0.0
2023-08-15,0.0,0.0,0.0
2023-08-16,0.0,0.0,0.0
2023-08-17,0.0,0.0,0.0
2023-08-18,0.0,0.0,0.0
2023-08-19,0.0,0.0,0.0
2023-08-20,0.0,0.0,0.0
2023-08-21,0.0,0.0,0.0
2023-08-22,0.0,0.0,0.0
2023-08-23,0.0,0.0,0.0
2023-08-24,0.0,0.0,0.0
2023-08-25,0.0,0.0,0.0
2023-08-26,0.0,0.0,0.0
2023-08-27,0.0,0.0,0.0
2023-08-28,0.0,0.0,0.0
2023-08-29,0.0,0.0,0.0
2023-08-30,0.0,0.0,0.0
2023-08-31,0.0,0.0,0.0
2023-09-01,0.0,0.0,0.0
2023-09-02,0.0,0.0,0.0
2023-09-03,0.0,0.0,0.0
2023-09-04,0.0,0.0,0.0
2023-09-05,0.0,0.0,0.0
2023-09-06,0.0,0.0,0.0
2023-09-07,0.0,0.0,0.0
2023-09-08,0.0,0.0,0.0
2023-09-09,0.0,0.0,0.0
2023-09-10,0.0,0.0,0.0
2023-09-11,0.0,0.0,0.0
2023-09-12,0.0,0.0,0.0
2023-09-13,0.0,0.0,0.0
2023-09-14,0.0,0.0,0.0
2023-09-15,0.0,0.0,0.0
2023-09-16,0.0,0.0,0.0
2023-09-17,0.0,0.0,0.0
2023-09-18,0.0,0.0,0.0
2023-09-19,0.0,0.0,0.0
2023-09-20,0.0,0.0,0.0
2023-09-21,0.0,0.0,0.0
2023-09-22,0.0,0.0,0.0
2023-09-23,0.0,0.0,0.0
2023-09-24,0.0,0.0,0.0
2023-09-25,0.0,0.0,0.0
2023-09-26,0.0,0.0,0.0
2023-09-27,0.0,0.0,0.0
2023-09-28,0.0,0.0,0.0
2023-09-29,0.0,0.0,0.0
2023-09-30,0.0,0.0,0.0
2023-10-01,0.0,0.0,0.0
2023-10-02,0.0,0.0,0.0
2023-10-03,0.0,0.0,0.0
2023-10-04,0.0,0.0,0.0
2023-10-05,0.0,0.0,0.0
2023-10-06,0.0,0.0,0.0
2023-10-07,0.0,0.0,0.0
2023-10-08,0.0,0.0,0.0
2023-10-09,0.0,0.0,0.0
2023-10-10,0.0,0.0,0.0
2023-10-11,0.0,0.0,0.0
2023-10-12,0.0,0.0,0.0
2023-10-13,0.0,0.0,0.0
2023-10-14,0.0,0.0,0.0
2023-10-15,0.0,0.0,0.0
2023-10-16,0.0,0.0,0.0
2023-10-17,0.0,0.0,0.0
2023-10-18,0.0,0.0,0.0
2023-10-19,0.0,0.0,0.0
2023-10-20,0.0,0.0,0.0
2023-10-21,0.0,0.0,0.0
2023-10-22,0.0,0.0,0.0
2023-10-23,0.0,0.0,0.0
2023-10-24,0.0,0.0,0.0
2023-10-25,0.0,0.0,0.0
2023-10-26,0.0,0.0,0.0
2023-10-27,0.0,0.0,0.0
2023-10-28,0.0,0.0,0.0
2023-10-29,0.0,0.0,0.0
2023-10-30,0.0,0.0,0.0
2023-10-31,0.0,0.0,0.0
2023-11-01,0.0,0.0,0.0
2023-11-02,0.0,0.0,0.0
2023-11-03,0.0,0.0,0.0
2023-11-04,0.0,0.0,0.0
2023-11-05,0.0,0.0,0.0
2023-11-06,0.0,0.0,0.0
2023-11-07,0.0,0.0,0.0
2023-11-08,0.0,0.09061912421765636,-0.09061912421765636
2023-11-09,0.0,0.180625530353974,-0.180625530353974
2023-11-10,0.0,0.28023616892976577,-0.28023616892976577
2023-11-11,0.0,0.7624099453978986,-0.7624099453978986
2023-11-12,0.0,0.25944886225365826,-0.25944886225365826
2023-11-13,0.0,0.2420111781438871,-0.2420111781438871
2023-11-14,0.0,0.17306041934803743,-0.17306041934803743
2023-11-15,0.0,0.10132408858967336,-0.10132408858967336
2023-11-16,0.0,0.07832647592896295,-0.07832647592896295
2023-11-17,0.0,0.04983594587113634,-0.04983594587113634
2023-11-18,0.0,0.021063587326963024,-0.021063587326963024
2023-11-19,0.0,0.05918701500233491,-0.05918701500233491
2023-11-20,0.0,0.0,0.0
2023-11-21,0.0,0.022717732745558248,-0.022717732745558248
2023-11-22,0.0,0.0,0.0
2023-11-23,0.0,0.2634904689905986,-0.2634904689905986
2023-11-24,0.0,0.2602210646577517,-0.2602210646577517
2023-11-25,0.0,0.29036923284802496,-0.29036923284802496
2023-11-26,0.0,0.5139803514995169,-0.5139803514995169
2023-11-27,0.0,0.30408486380065863,-0.30408486380065863
2023-11-28,0.0,0.27668667569815175,-0.27668667569815175
2023-11-29,0.0,0.2977215423840679,-0.2977215423840679
2023-11-30,0.0,0.31159755867869454,-0.31159755867869454
2023-12-01,0.0,0.0,0.0
2023-12-02,0.0,0.0,0.0
2023-12-03,0.0,0.0005942617819132884,-0.0005942617819132884
2023-12-04,0.0,0.032869188658263056,-0.032869188658263056
2023-12-05,0.0,0.013143193211670637,-0.013143193211670637
2023-12-06,0.0,0.02845189021751065,-0.02845189021751065
2023-12-07,0.0,0.03173661082916171,-0.03173661082916171
2023-12-08,0.0,0.0,0.0
2023-12-09,0.0,0.0,0.0
2023-12-10,0.0,0.0,0.0
2023-12-11,0.0,0.0,0.0
2023-12-12,0.0,0.0,0.0
2023-12-13,0.0,0.0,0.0
2023-12-14,0.0,0.0,0.0
2023-12-15,0.0,0.0,0.0
2023-12-16,0.0,0.055112975728254396,-0.055112975728254396
2023-12-17,0.0,0.0,0.0
2023-12-18,0.0,0.0,0.0
2023-12-19,0.0,0.0,0.0
2023-12-20,0.0,0.0,0.0
2023-12-21,0.0,0.036618959554489454,-0.036618959554489454
2023-12-22,0.0,0.01647453229215954,-0.01647453229215954
2023-12-23,0.0,0.0,0.0
2023-12-24,0.0,0.023150081634818194,-0.023150081634818194
2023-12-26,0.0,0.003648657393107826,-0.003648657393107826
2023-12-27,0.0,0.025169441714441746,-0.025169441714441746
2023-12-28,0.0,0.00046881867020531895,-0.00046881867020531895
2023-12-29,0.0,0.020499473635275153,-0.020499473635275153
2023-12-30,0.0,0.020499473635275153,-0.020499473635275153
2023-12-31,0.0,0.0184938923717831,-0.0184938923717831
2024-01-01,0.0,0.04585700277146754,-0.04585700277146754
2024-01-02,0.0,0.05597138928677042,-0.05597138928677042
2024-01-03,0.0,0.055113439283051104,-0.055113439283051104
2024-01-04,0.0,0.053821939524281145,-0.053821939524281145
2024-01-05,0.0,0.041582627809085435,-0.041582627809085435
2024-01-06,0.0,0.04466212532549334,-0.04466212532549334
2024-01-07,0.0,0.040724677805366115,-0.040724677805366115
2024-01-08,0.0,0.050421713182123504,-0.050421713182123504
2024-01-09,0.0,0.051090501908939955,-0.051090501908939955
2024-01-10,0.0,0.051090501908939955,-0.051090501908939955
2024-01-11,0.0,0.0481901235958585,-0.0481901235958585
2024-01-12,0.0,0.04251875851415815,-0.04251875851415815
2024-01-13,0.0,0.04251875851415815,-0.04251875851415815
2024-01-14,0.0,0.04251875851415815,-0.04251875851415815
2024-01-15,0.0,0.023663575329474187,-0.023663575329474187
2024-01-16,0.0,0.018986798079102505,-0.018986798079102505
2024-01-17,0.0,0.01586360668289021,-0.01586360668289021
2024-01-18,0.0,0.0065060607309634895,-0.0065060607309634895
2024-01-19,0.0,0.0065060607309634895,-0.0065060607309634895
2024-01-20,0.0,0.013033930284097717,-0.013033930284097717
2024-01-21,0.0,0.007237931349387714,-0.007237931349387714
2024-01-22,0.0,0.013705042441611102,-0.013705042441611102
2024-01-23,0.0,0.03333811950189623,-0.03333811950189623
2024-01-24,0.0,0.0069381880843540885,-0.0069381880843540885
2024-01-25,0.0,0.00929754464474307,-0.00929754464474307
2024-01-26,0.0,0.0,0.0
2024-01-27,0.0,0.016988191846253,-0.016988191846253
2024-01-28,0.0,0.017854712326208336,-0.017854712326208336
2024-01-29,0.0,0.0,0.0
2024-01-30,0.0,0.0,0.0
2024-01-31,0.0,0.0,0.0
2024-02-01,0.0,0.0,0.0
2024-02-02,0.0,0.0,0.0
2024-02-03,0.0,0.0,0.0
2024-02-04,0.0,0.0,0.0
2024-02-05,0.0,0.0,0.0
2024-02-06,0.0,0.0,0.0
2024-02-07,0.0,0.0,0.0
2024-02-08,0.0,0.0,0.0
2024-02-09,0.0,0.0,0.0
2024-02-10,0.0,0.0,0.0
2024-02-11,0.0,0.0,0.0
2024-02-12,0.0,0.0,0.0
2024-02-13,0.0,0.0,0.0
2024-02-14,0.0,0.0,0.0
2024-02-15,0.0,0.0,0.0
2024-02-16,0.0,0.0,0.0
2024-02-17,0.0,0.0,0.0
2024-02-18,0.0,0.0,0.0
2024-02-19,0.0,0.0,0.0
2024-02-20,0.0,0.0,0.0
2024-02-21,0.0,0.0,0.0
2024-02-22,0.0,0.0,0.0
2024-02-23,0.0,0.0,0.0
2024-02-24,0.0,0.0,0.0
2024-02-25,0.0,0.0,0.0
2024-02-26,0.0,0.000986046709434271,-0.000986046709434271
2024-02-27,0.0,0.000986046709434271,-0.000986046709434271
2024-02-28,0.0,0.006895274672669078,-0.006895274672669078
2024-02-29,0.0,0.028558771497118052,-0.028558771497118052
2024-03-01,0.0,0.045954071903189966,-0.045954071903189966
2024-03-02,0.0,0.04575678769341171,-0.04575678769341171
2024-03-03,0.0,0.05126537491252683,-0.05126537491252683
2024-03-04,0.0,0.031818537722342645,-0.031818537722342645
2024-03-05,0.0,0.05990435684429906,-0.05990435684429906
2024-03-06,0.0,0.05587084502494742,-0.05587084502494742
2024-03-07,0.0,0.03996483580570032,-0.03996483580570032
2024-03-08,0.0,0.03305822424581868,-0.03305822424581868
2024-03-09,0.0,0.04816716816948989,-0.04816716816948989
2024-03-10,0.14958359011582395,0.04199854760011875,0.10758504251570519
2024-03-11,0.3033564351441638,0.009907079624970333,0.2934493555191935
2024-03-12,0.45459560282402783,0.005219964295480065,0.4493756385285478
2024-03-13,0.45459560282402783,0.007413371165093416,0.4471822316589344
2024-03-14,0.5983912281243262,0.031734316893162834,0.5666569112311634
2024-03-15,0.7591552807315273,0.030457368095862712,0.7286979126356645
2024-03-16,0.9368124561925748,0.0963310008325386,0.8404814553600362
2024-03-17,1.141098274145415,0.16611001299944766,0.9749882611459673
2024-03-18,1.3569169096080493,0.168906753850582,1.1880101557574674
2024-03-19,1.5828039340177962,0.2315607292795316,1.3512432047382645
2024-03-20,1.816136708574167,0.2784189119041417,1.5377177966700253
2024-03-21,2.0530193650398685,0.17476374815672707,1.8782556168831415
2024-03-22,2.319498133408872,0.2447473552091587,2.074750778199713
2024-03-23,2.5669305133497167,0.23352659658235342,2.333403916767363
2024-03-24,2.79856891151223,0.34880940542976163,2.4497595060824686
2024-03-25,3.0612020767938724,0.35780829998120406,2.703393776812668
2024-03-26,3.329443940871515,0.41148448133504784,2.917959459536467
2024-03-27,3.657329060882694,0.718386492414184,2.93894256846851
2024-03-28,3.9799468988151476,0.7627171476836402,3.2172297511315073
2024-03-29,4.320170604976619,0.8437381954128033,3.4764324095638157
2024-03-30,4.662435073434119,0.8410039555827618,3.8214311178513567
2024-03-31,4.985800432491483,0.9808004220207311,4.005000010470752
2024-04-01,5.30461879833429,2.1432679708955247,3.161350827438765
2024-04-02,5.600919405421782,2.6984293239472192,2.9024900814745624
2024-04-03,5.910494965895394,2.9049332639093697,3.005561701986024
2024-04-04,6.231144361853812,2.356601239098323,3.8745431227554894
2024-04-05,6.5741312583059806,2.2553365543514485,4.3187947039545325
2024-04-06,6.924375898952791,2.899075574805075,4.025300324147716
2024-04-07,7.2685775785361,2.674415242535773,4.594162336000327
2024-04-08,7.604001650243622,2.958778503858269,4.645223146385353
2024-04-09,7.933275423875715,2.8094542288328226,5.1238211950428925
2024-04-10,8.256197234202773,4.18679092035697,4.0694063138458025
2024-04-11,8.577948755367638,3.257308905940376,5.320639849427262
2024-04-12,8.881068541344137,3.4235227815997353,5.457545759744401
2024-04-13,9.159157527232068,3.759188110054063,5.399969417178005
2024-04-14,9.418750611714886,5.231290802058169,4.187459809656717
2024-04-15,9.678605016992224,5.872047394918604,3.80655762207362
2024-04-16,9.934739936169752,6.072298394356096,3.8624415418136557
2024-04-17,10.16581589682979,6.14381767039098,4.021998226438809
2024-04-18,10.396460627484606,7.748859142433261,2.6476014850513447
2024-04-19,10.608335205180106,8.519591038356369,2.088744166823737
2024-04-20,10.799460180434668,8.899968883229949,1.8994912972047189
2024-04-21,10.962067033643441,9.242156553218713,1.719910480424728
2024-04-22,10.962067033643441,9.153254833675689,1.8088121999677522
2024-04-23,11.107513702496776,9.440515606216936,1.6669980962798405
2024-04-24,11.107513702496776,10.081992743884724,1.0255209586120522
2024-04-25,11.107513702496776,10.243418154166024,0.8640955483307522
2024-04-26,11.107513702496776,10.46220587317603,0.6453078293207462
2024-04-27,11.107513702496776,10.521432295895933,0.5860814066008437
2024-04-28,11.107513702496776,10.518791056492653,0.5887226460041237
2024-04-29,11.107513702496776,10.833307530515784,0.2742061719809925
2024-04-30,11.107513702496776,10.902069719798673,0.20544398269810316
2024-05-01,11.107513702496776,10.87049142092168,0.23702228157509708
2024-05-02,11.107513702496776,10.870337763487278,0.2371759390094983
2024-05-03,11.107513702496776,10.906206917667662,0.20130678482911435
2024-05-04,11.107513702496776,10.911501877864433,0.19601182463234323
2024-05-05,11.107513702496776,10.911501877864433,0.19601182463234323
2024-05-06,11.107513702496776,10.915019910941357,0.19249379155541924
2024-05-07,11.107513702496776,10.915019910941357,0.19249379155541924
2024-05-08,11.107513702496776,10.912675193829362,0.1948385086674147
2024-05-09,11.107513702496776,10.912069667856581,0.19544403464019489
2024-05-10,11.107513702496776,10.912069667856581,0.19544403464019489
2024-05-11,11.107513702496776,10.906656204440036,0.2008574980567399
2024-05-12,11.107513702496776,10.909606447524812,0.19790725497196426
2024-05-13,11.107513702496776,10.921939583132088,0.18557411936468782
2024-05-14,11.107513702496776,10.913096301005638,0.19441740149113862
2024-05-15,11.107513702496776,10.905262289151295,0.2022514133454809
2024-05-16,11.107513702496776,10.89984882573475,0.20766487676202594
2024-05-17,11.107513702496776,10.939049209887052,0.16846449260972385
2024-05-18,11.107513702496776,10.936761052123899,0.17075265037287757
2024-05-19,11.107513702496776,10.936155526151119,0.17135817634565775
2024-05-20,11.107513702496776,10.936155526151119,0.17135817634565775
2024-05-21,11.107513702496776,10.939105769235894,0.1684079332608821
2024-05-22,11.107513702496776,10.936155526151119,0.17135817634565775
2024-05-23,11.107513702496776,10.936155526151119,0.17135817634565775
2024-05-24,11.107513702496776,10.909628803816796,0.19788489867998038
2024-05-25,11.107513702496776,10.912731437683188,0.19478226481358796
2024-05-26,11.107513702496776,10.908678020232632,0.1988356822641446
2024-05-27,11.107513702496776,10.920270154391261,0.18724354810551525
2024-05-28,11.107513702496776,10.916286152810308,0.19122754968646838
2024-05-29,11.107513702496776,10.916286152810308,0.19122754968646838
2024-05-30,11.107513702496776,10.66352259639103,0.4439911061057469
2024-05-31,11.107513702496776,10.478863927355537,0.6286497751412394
2024-06-01,11.107513702496776,10.62209785826188,0.4854158442348968
2024-06-02,10.957930112380952,10.791768678826502,0.1661614335544499
2024-06-03,10.804157267352613,10.81821344736521,-0.014056180012596897
2024-06-04,10.652918099672748,10.691966302987167,-0.03904820331441883
2024-06-05,10.652918099672748,10.643715614237124,0.009202485435624297
2024-06-06,10.50912247437245,10.658609819015838,-0.1494873446433882
2024-06-07,10.34835842176525,10.628584451623034,-0.28022602985778455
2024-06-08,10.170701246304203,10.414184440528537,-0.24348319422433384
2024-06-09,9.966415428351363,10.313024198803342,-0.34660877045197935
2024-06-10,9.750596792888727,10.252619883748999,-0.5020230908602716
2024-06-11,9.524709768478981,9.912285793666761,-0.38757602518778
2024-06-12,9.29137699392261,9.58742156511323,-0.29604457119062033
2024-06-13,9.054494337456907,9.288169873335953,-0.23367553587904588
2024-06-14,8.788015569087904,9.14422912832133,-0.3562135592334261
2024-06-15,8.540583189147059,8.899321134820344,-0.3587379456732851
2024-06-16,8.308944790984546,8.679146610149367,-0.3702018191648211
2024-06-17,8.046311625702904,8.54177559066712,-0.4954639649642161
2024-06-18,7.778069761625261,8.49027410665971,-0.7122043450344488
2024-06-19,7.450184641614082,8.290296871616825,-0.8401122300027426
2024-06-20,7.1275668036816295,8.254194130510005,-1.126627326828375
2024-06-21,6.787343097520158,8.248411069717257,-1.4610679721970987
2024-06-22,6.445078629062658,8.177776711068022,-1.7326980820053643
2024-06-23,6.121713270005293,7.976309200336827,-1.8545959303315334
2024-06-24,5.8028949041624855,7.777902203399363,-1.9750072992368777
2024-06-25,5.5065942970749955,7.697751303405198,-2.1911570063302026
2024-06-26,5.197018736601383,7.739941299248664,-2.5429225626472807
2024-06-27,4.876369340642965,7.573979580401693,-2.6976102397587285
2024-06-28,4.533382444190797,7.639711400065061,-3.1063289558742646
2024-06-29,4.183137803543985,7.64574494304268,-3.4626071394986955
2024-06-30,3.838936123960676,7.3278923048328535,-3.4889561808721776
2024-07-01,3.5035120522531544,6.0964389743262135,-2.592926922073059
2024-07-02,3.1742382786210603,5.6871144142423296,-2.512876135621269
2024-07-03,2.851316468294003,5.749662190348564,-2.8983457220545614
2024-07-04,2.529564947129139,5.759866996646866,-3.2303020495177273
2024-07-05,2.22644516115264,5.682781056349591,-3.456335895196951
2024-07-06,1.9483561752647074,5.278951755681845,-3.330595580417138
2024-07-07,1.6887630907818898,4.7315928341473175,-3.0428297433654277
2024-07-08,1.428908685504552,3.4308717461789633,-2.001963060674411
2024-07-09,1.172773766327023,2.9076402506856853,-1.7348664843586623
2024-07-10,0.9416978056669859,2.8693668225388227,-1.9276690168718367
2024-07-11,0.7110530750121689,2.4894696183147436,-1.7784165433025747
2024-07-12,0.4991784973166712,2.5521288971953164,-2.0529503998786454
2024-07-13,0.30805352206210757,2.3844206723493975,-2.07636715028729
2024-07-14,0.14544666885333463,1.914930697584687,-1.7694840287313522
2024-07-15,0.14544666885333463,1.968293630378786,-1.8228469615254512
2024-07-16,0.0,1.9674271098988305,-1.9674271098988305
2024-07-17,0.0,1.9692171979095536,-1.9692171979095536
2024-07-18,0.0,1.8137078742508557,-1.8137078742508557
2024-07-19,0.0,1.5580621805847943,-1.5580621805847943
2024-07-20,0.0,0.9237275510202448,-0.9237275510202448
2024-07-21,0.0,0.4843736251352323,-0.4843736251352323
2024-07-22,0.0,0.48213834726777965,-0.48213834726777965
2024-07-23,0.0,0.46069804310762813,-0.46069804310762813
2024-07-24,0.0,0.46566789009187276,-0.46566789009187276
2024-07-25,0.0,0.3564256702882706,-0.3564256702882706
2024-07-26,0.0,0.37194843354438123,-0.37194843354438123
2024-07-27,0.0,0.02885801042632913,-0.02885801042632913
2024-07-28,0.0,0.054265097159380965,-0.054265097159380965
2024-07-29,0.0,0.052016934416627233,-0.052016934416627233
2024-07-30,0.0,0.04613758525918117,-0.04613758525918117
2024-07-31,0.0,0.03917829359337485,-0.03917829359337485
2024-08-01,0.0,0.018192382108569386,-0.018192382108569386
2024-08-02,0.0,0.03200208344831173,-0.03200208344831173
2024-08-03,0.0,0.0,0.0
2024-08-04,0.0,0.0,0.0
2024-08-05,0.0,0.0,0.0
2024-08-06,0.0,0.0,0.0
2024-08-07,0.0,0.0,0.0
2024-08-08,0.0,0.0,0.0
2024-08-09,0.0,0.0,0.0
2024-08-10,0.0,0.0,0.0
2024-08-11,0.0,0.0,0.0
2024-08-12,0.0,0.0,0.0
2024-08-13,0.0,0.0,0.0
2024-08-14,0.0,0.04639330352725964,-0.04639330352725964
2024-08-15,0.0,0.17204179686527002,-0.17204179686527002
2024-08-16,0.0,0.07836757279096845,-0.07836757279096845
2024-08-17,0.0,0.1973416279966451,-0.1973416279966451
2024-08-18,0.0,0.10822253974716284,-0.10822253974716284
2024-08-19,0.0,0.06944003083784206,-0.06944003083784206
2024-08-20,0.0,0.09096585412491247,-0.09096585412491247
2024-08-21,0.0,0.09720379523696888,-0.09720379523696888
2024-08-22,0.0,0.08135243906431264,-0.08135243906431264
2024-08-23,0.0,0.10105487807321975,-0.10105487807321975
2024-08-24,0.0,0.09794484844790474,-0.09794484844790474
2024-08-25,0.0,0.143907683449641,-0.143907683449641
2024-08-26,0.0,0.10711606822941386,-0.10711606822941386
2024-08-27,0.0,0.12479891933514911,-0.12479891933514911
2024-08-28,0.0,0.10957054244020667,-0.10957054244020667
2024-08-29,0.0,0.10572119994360944,-0.10572119994360944
2024-08-30,0.0,0.10944203743562594,-0.10944203743562594
2024-08-31,0.0,0.08675996914309252,-0.08675996914309252
2024-09-01,0.0,0.18755788968187617,-0.18755788968187617
2024-09-02,0.0,0.17496930763899388,-0.17496930763899388
2024-09-03,0.0,0.19395864177504898,-0.19395864177504898
2024-09-04,0.0,0.18755788968187617,-0.18755788968187617
2024-09-05,0.0,0.16856855554582106,-0.16856855554582106
2024-09-06,0.0,0.16363845974446256,-0.16363845974446256
2024-09-07,0.0,0.1622824971241273,-0.1622824971241273
2024-09-08,0.0,0.1481520552704863,-0.1481520552704863
2024-09-09,0.0,0.1481520552704863,-0.1481520552704863
2024-09-10,0.0,0.1481520552704863,-0.1481520552704863
2024-09-11,0.0,0.14696986021385497,-0.14696986021385497
2024-09-12,0.0,0.14696986021385497,-0.14696986021385497
2024-09-13,0.0,0.16750105416066877,-0.16750105416066877
2024-09-14,0.0,0.1705496643352783,-0.1705496643352783
2024-09-15,0.0,0.0,0.0
2024-09-16,0.0,0.0,0.0
2024-09-17,0.0,0.0,0.0
2024-09-18,0.0,0.0,0.0
2024-09-19,0.0,0.0,0.0
2024-09-20,0.0,0.0,0.0
2024-09-21,0.0,0.0,0.0
2024-09-22,0.0,0.0,0.0
2024-09-23,0.0,0.0,0.0
2024-09-24,0.0,0.0,0.0
2024-09-25,0.0,0.0,0.0
2024-09-26,0.0,0.0,0.0
2024-09-27,0.0,0.0,0.0
2024-09-28,0.0,0.007753677376398265,-0.007753677376398265
2024-09-29,0.0,0.017222936420452455,-0.017222936420452455
2024-09-30,0.0,0.023022174020436884,-0.023022174020436884
2024-10-01,0.0,0.0,0.0
2024-10-02,0.0,0.0,0.0
2024-10-03,0.0,0.0,0.0
2024-10-04,0.0,0.0,0.0
2024-10-05,0.0,0.0,0.0
2024-10-06,0.0,0.0,0.0
2024-10-07,0.0,0.0,0.0
2024-10-08,0.0,0.005102501999279527,-0.005102501999279527
2024-10-09,0.0,0.008151112173889061,-0.008151112173889061
2024-10-10,0.0,0.0,0.0
2024-10-11,0.0,0.0,0.0
2024-10-12,0.0,0.0,0.0
2024-10-13,0.0,0.010523313827634105,-0.010523313827634105
2024-10-14,0.0,0.0,0.0
2024-10-15,0.0,0.0,0.0
2024-10-16,0.0,0.0,0.0
2024-10-17,0.0,0.0,0.0
2024-10-18,0.0,0.0,0.0
2024-10-19,0.0,0.0,0.0
2024-10-20,0.0,0.0,0.0
2024-10-21,0.0,0.0,0.0
2024-10-22,0.0,0.0,0.0
2024-10-23,0.0,0.0,0.0
2024-10-24,0.0,0.0,0.0
2024-10-25,0.0,0.0,0.0
2024-10-26,0.0,0.0,0.0
2024-10-27,0.0,0.0,0.0
2024-10-28,0.0,0.0,0.0
2024-10-29,0.0,0.0,0.0
2024-10-30,0.0,0.0,0.0
2024-10-31,0.0,0.0,0.0
2024-11-01,0.0,0.0,0.0
2024-11-02,0.0,0.013739800041272527,-0.013739800041272527
2024-11-03,0.0,0.013739800041272527,-0.013739800041272527
2024-11-04,0.0,0.013739800041272527,-0.013739800041272527
2024-11-05,0.0,0.0,0.0
2024-11-06,0.0,0.0,0.0
2024-11-07,0.0,0.0,0.0
2024-11-08,0.0,0.0,0.0
2024-11-09,0.0,0.0,0.0
2024-11-10,0.0,0.0,0.0
2024-11-11,0.0,0.0,0.0
2024-11-12,0.0,0.0,0.0
2024-11-13,0.0,0.006192705119790867,-0.006192705119790867
2024-11-14,0.0,0.0,0.0
2024-11-15,0.0,0.0,0.0
2024-11-16,0.0,0.0,0.0
2024-11-17,0.0,0.0,0.0
2024-11-18,0.0,0.0,0.0
2024-11-19,0.0,0.0,0.0
2024-11-20,0.0,0.0,0.0
2024-11-21,0.0,0.0,0.0
2024-11-22,0.0,0.0051909305384508515,-0.0051909305384508515
2024-11-23,0.0,0.0,0.0
2024-11-24,0.0,0.0,0.0
2024-11-25,0.0,0.0,0.0
2024-11-26,0.0,0.0,0.0
2024-11-27,0.0,0.0,0.0
2024-11-28,0.0,0.0,0.0
2024-11-29,0.0,0.0,0.0
2024-11-30,0.0,0.0,0.0
2024-12-01,0.0,0.0,0.0
2024-12-02,0.0,0.0,0.0
2024-12-03,0.0,0.0,0.0
2024-12-04,0.0,0.0,0.0
2024-12-05,0.0,0.0,0.0
2024-12-06,0.0,0.0,0.0
2024-12-07,0.0,0.0,0.0
2024-12-08,0.0,0.0,0.0
2024-12-09,0.0,0.0,0.0
2024-12-10,0.0,0.0,0.0
2024-12-11,0.0,0.0,0.0
2024-12-12,0.0,0.0,0.0
2024-12-13,0.0,0.0,0.0
2024-12-14,0.0,0.0,0.0
2024-12-15,0.0,0.0,0.0
2024-12-16,0.0,0.0,0.0
2024-12-17,0.0,0.0,0.0
2024-12-18,0.0,0.0,0.0
2024-12-19,0.0,0.0,0.0
2024-12-20,0.0,0.0,0.0
2024-12-21,0.0,0.0,0.0
2024-12-22,0.0,0.0,0.0
2024-12-23,0.0,0.0,0.0
2024-12-25,0.0,0.0,0.0
2024-12-26,0.0,0.0,0.0
2024-12-27,0.0,0.0,0.0
2024-12-28,0.0,0.0,0.0
2024-12-29,0.0,0.0,0.0
2024-12-30,0.0,0.0,0.0
2024-12-31,0.0,0.0,0.0
2025-01-01,0.0,0.0,0.0
2025-01-02,0.0,0.0,0.0
2025-01-03,0.0,0.0,0.0
2025-01-04,0.0,0.0,0.0
2025-01-05,0.0,0.0,0.0
2025-01-06,0.0,0.0,0.0
2025-01-07,0.0,0.0,0.0
2025-01-08,0.0,0.0,0.0
2025-01-09,0.0,0.0,0.0
2025-01-10,0.0,0.0,0.0
2025-01-11,0.0,0.0,0.0
2025-01-12,0.0,0.0,0.0
2025-01-13,0.0,0.0,0.0
2025-01-15,0.0,0.0,0.0
2025-01-16,0.0,0.0,0.0
2025-01-17,0.0,0.0,0.0
2025-01-18,0.0,0.0,0.0
2025-01-19,0.0,0.0,0.0
2025-01-20,0.0,0.0,0.0
2025-01-21,0.0,0.0,0.0
2025-01-22,0.0,0.0,0.0
2025-01-23,0.0,0.0,0.0
2025-01-24,0.0,0.0,0.0
2025-01-25,0.0,0.0,0.0
2025-01-26,0.0,0.0,0.0
2025-01-27,0.0,0.0,0.0
2025-01-28,0.0,0.0,0.0
2025-01-29,0.0,0.0,0.0
2025-01-30,0.0,0.0,0.0
2025-01-31,0.0,0.0,0.0
2025-02-01,0.0,0.0,0.0
2025-02-02,0.0,0.0,0.0
2025-02-03,0.0,0.0,0.0
2025-02-04,0.0,0.0,0.0
2025-02-05,0.0,0.0,0.0
2025-02-06,0.0,0.0,0.0
2025-02-07,0.0,0.0,0.0
2025-02-08,0.0,0.0,0.0
2025-02-09,0.0,0.0,0.0
2025-02-10,0.0,0.0,0.0
2025-02-11,0.0,0.0,0.0
2025-02-12,0.0,0.0,0.0
2025-02-13,0.0,0.0,0.0
2025-02-14,0.0,0.0,0.0
2025-02-15,0.0,0.0,0.0
2025-02-16,0.0,0.0,0.0
2025-02-17,0.0,0.0,0.0
2025-02-18,0.0,0.0,0.0
2025-02-19,0.0,0.0,0.0
2025-02-20,0.0,0.0,0.0
2025-02-21,0.0,0.0,0.0
2025-02-22,0.0,0.0,0.0
2025-02-23,0.0,0.0,0.0
2025-02-24,0.0,0.0,0.0
2025-02-25,0.0,0.0,0.0
2025-02-26,0.0,0.0,0.0
2025-02-27,0.0,0.0,0.0
2025-02-28,0.0,0.0,0.0
2025-03-01,0.0,0.00014526464771545168,-0.00014526464771545168
2025-03-02,0.0,0.0,0.0
2025-03-03,0.0,0.0,0.0
2025-03-04,0.0,0.0,0.0
2025-03-05,0.0,0.0,0.0
2025-03-06,0.0,0.0,0.0
2025-03-07,0.0,0.0,0.0
2025-03-08,0.0,0.0,0.0
2025-03-09,0.0,0.0,0.0
2025-03-10,0.0,0.0,0.0
2025-03-11,0.0,0.0,0.0
2025-03-12,0.0,0.0,0.0
2025-03-13,0.0,0.0,0.0
2025-03-14,0.0,0.0,0.0
2025-03-15,0.0,0.0,0.0
2025-03-16,0.0,0.0,0.0
2025-03-17,0.0,0.0,0.0
2025-03-18,0.0,0.0,0.0
2025-03-19,0.0,0.0,0.0
2025-03-20,0.0,0.03229342810737692,-0.03229342810737692
2025-03-21,0.0,0.0,0.0
2025-03-22,0.0,0.0,0.0
2025-03-23,0.0,0.011104406935105003,-0.011104406935105003
2025-03-24,0.0,0.0,0.0
2025-03-25,0.0,0.011139482819951273,-0.011139482819951273
2025-03-26,0.0,0.04695811402350926,-0.04695811402350926
2025-03-27,0.0,0.0,0.0
2025-03-28,0.0,0.05998390552956178,-0.05998390552956178
2025-03-29,0.0,0.04019231162963222,-0.04019231162963222
2025-03-30,0.0,0.017013212113582064,-0.017013212113582064
2025-03-31,0.0,0.03800933418456713,-0.03800933418456713
2025-04-01,0.0,0.07176521675928557,-0.07176521675928557
2025-04-02,0.0,0.08804518936273921,-0.08804518936273921
2025-04-03,0.0,0.13705517052407118,-0.13705517052407118
2025-04-04,0.0,0.09765559102792026,-0.09765559102792026
2025-04-05,0.0,0.09103558990158277,-0.09103558990158277
2025-04-06,0.0,0.09793792908253339,-0.09793792908253339
2025-04-07,0.0,0.0990688335536914,-0.0990688335536914
2025-04-08,0.0,0.12013923746520414,-0.12013923746520414
2025-04-09,0.0,0.06910255067503339,-0.06910255067503339
2025-04-10,0.0,0.06436809618333547,-0.06436809618333547
2025-04-11,0.0,0.06684116764778342,-0.06684116764778342
2025-04-12,0.0,0.04356156216202092,-0.04356156216202092
2025-04-13,0.0,0.04854744816412279,-0.04854744816412279
2025-04-14,0.0,0.022507570258224637,-0.022507570258224637
2025-04-15,0.0,0.14808322054465337,-0.14808322054465337
2025-04-16,0.0,0.11344068805901288,-0.11344068805901288
2025-04-17,0.0,0.06629391046992543,-0.06629391046992543
2025-04-18,0.0,0.08601117625527717,-0.08601117625527717
2025-04-19,0.0,0.08978906337232817,-0.08978906337232817
2025-04-20,0.0,0.08661674271939158,-0.08661674271939158
2025-04-21,0.0,0.08601117625527717,-0.08601117625527717
2025-04-22,0.0,0.10662567502388501,-0.10662567502388501
2025-04-23,0.0,0.18426090107870732,-0.18426090107870732
2025-04-24,0.0,0.16200970032142362,-0.16200970032142362
2025-04-25,0.0,0.4068198937604324,-0.4068198937604324
2025-04-26,0.0,0.30447447443765446,-0.30447447443765446
2025-04-27,0.0,0.28290851480629076,-0.28290851480629076
2025-04-28,0.0,0.4021942800960329,-0.4021942800960329
2025-04-29,0.0,0.5466060085736534,-0.5466060085736534
2025-04-30,0.0,0.33184390076702286,-0.33184390076702286
2025-05-01,0.0,0.3589374788448963,-0.3589374788448963
2025-05-02,0.0,0.5750977527491321,-0.5750977527491321
2025-05-03,0.0,0.8123375666656366,-0.8123375666656366
2025-05-04,0.0,0.443315062494706,-0.443315062494706
2025-05-05,0.0,0.6184663764067441,-0.6184663764067441
2025-05-06,0.0,0.5487053415303694,-0.5487053415303694
2025-05-07,0.0,0.41736193492866547,-0.41736193492866547
2025-05-08,0.0,0.10393262822918882,-0.10393262822918882
2025-05-09,0.0,0.027159715334883393,-0.027159715334883393
2025-05-10,0.0,0.0,0.0
2025-05-11,0.0,0.0,0.0
2025-05-12,0.0,0.0,0.0
2025-05-13,0.0,0.0,0.0
2025-05-14,0.0,0.0,0.0
2025-05-15,0.0,0.09635019995351711,-0.09635019995351711
2025-05-16,0.0,0.12717906974152463,-0.12717906974152463
2025-05-17,0.0,0.10230536000445224,-0.10230536000445224
2025-05-18,0.0,0.2399989134492175,-0.2399989134492175
2025-05-19,0.0,0.3134055369651773,-0.3134055369651773
2025-05-20,0.0,0.3495338135231281,-0.3495338135231281
2025-05-21,0.0,0.3495338135231281,-0.3495338135231281
2025-05-22,0.0,0.3770773946778006,-0.3770773946778006
2025-05-23,0.0,0.13642371455439112,-0.13642371455439112
2025-05-24,0.0,0.15355347986008658,-0.15355347986008658
2025-05-25,0.0,0.11495433596002594,-0.11495433596002594
2025-05-26,0.0,0.12336715615180337,-0.12336715615180337
2025-05-27,0.0,0.15204002990684895,-0.15204002990684895
2025-05-28,0.0,0.14101889454827204,-0.14101889454827204
2025-05-29,0.0,0.10165488678947161,-0.10165488678947161
2025-05-30,0.0,0.10988890554147814,-0.10988890554147814
2025-05-31,0.0,0.16316675409226836,-0.16316675409226836
2025-06-01,0.0,0.006612637809615324,-0.006612637809615324
2025-06-02,0.0,0.0611842340011808,-0.0611842340011808
2025-06-03,0.0,0.02936018624246143,-0.02936018624246143
2025-06-04,0.0,0.07143840529979804,-0.07143840529979804
2025-06-05,0.0,0.0947180107855606,-0.0947180107855606
2025-06-06,0.0,0.09277948966033288,-0.09277948966033288
2025-06-07,0.0,0.027614855987867257,-0.027614855987867257
2025-06-08,0.0,0.011627424835854388,-0.011627424835854388
2025-06-09,0.0,0.04775760225942882,-0.04775760225942882
2025-06-10,0.0,0.048624122739384164,-0.048624122739384164
2025-06-11,0.0,0.05788845419893265,-0.05788845419893265
2025-06-12,0.0,0.06925452304467072,-0.06925452304467072
2025-06-13,0.0,0.04977729709424124,-0.04977729709424124
2025-06-14,0.0,0.05520679512126891,-0.05520679512126891
2025-06-15,0.0,0.03341651231848911,-0.03341651231848911
2025-06-16,0.0,0.022339210572941713,-0.022339210572941713
2025-06-17,0.0,0.04561881605870431,-0.04561881605870431
2025-06-18,0.0,0.036199661361326727,-0.036199661361326727
2025-06-19,0.0,0.0208258458340594,-0.0208258458340594
2025-06-20,0.0,0.0208258458340594,-0.0208258458340594
2025-06-21,0.0,0.052591790692849305,-0.052591790692849305
2025-06-22,0.0,0.06072680439083192,-0.06072680439083192
2025-06-23,0.0,0.059796105718346156,-0.059796105718346156
2025-06-24,0.0,0.06750883080230952,-0.06750883080230952
2025-06-25,0.0,0.07531458232534621,-0.07531458232534621
2025-06-26,0.0,0.07531458232534621,-0.07531458232534621
2025-06-27,0.0,0.0743622014706752,-0.0743622014706752
2025-06-28,0.0,0.07522872195063053,-0.07522872195063053
2025-06-29,0.0,0.0743622014706752,-0.0743622014706752
2025-06-30,0.0,0.0743622014706752,-0.0743622014706752
2025-07-01,0.0,0.10474014033318328,-0.10474014033318328
2025-07-02,0.0,0.10474014033318328,-0.10474014033318328
2025-07-03,0.0,0.1018533525964237,-0.1018533525964237
2025-07-04,0.0,0.08148376109266274,-0.08148376109266274
2025-07-05,0.0,0.08148376109266274,-0.08148376109266274
2025-07-06,0.0,0.09642385456939603,-0.09642385456939603
2025-07-07,0.0,0.10423951805006766,-0.10423951805006766
2025-07-08,0.0,0.0992936649797571,-0.0992936649797571
2025-07-09,0.0,0.10404196154048904,-0.10404196154048904
2025-07-10,0.0,0.10404196154048904,-0.10404196154048904
2025-07-11,0.0,0.09982301583867706,-0.09982301583867706
2025-07-12,0.0,0.09982301583867706,-0.09982301583867706
2025-07-13,0.0,0.08488292236194374,-0.08488292236194374
2025-07-14,0.0,0.08171586620829559,-0.08171586620829559
2025-07-15,0.0,0.05497539202855364,-0.05497539202855364
2025-07-16,0.0,0.0579048038623872,-0.0579048038623872
2025-07-17,0.0,0.03281439560407333,-0.03281439560407333
2025-07-18,0.0,0.03970156233697017,-0.03970156233697017
2025-07-19,0.0,0.046596419988260813,-0.046596419988260813
2025-07-20,0.0,0.04905492514681061,-0.04905492514681061
2025-07-21,0.0,0.04973119642317313,-0.04973119642317313
2025-07-22,0.0,0.027547629786616856,-0.027547629786616856
2025-07-23,0.0,0.02541532084215199,-0.02541532084215199
2025-07-24,0.0,0.02603336187559149,-0.02603336187559149
2025-07-25,0.0,0.028464818767172426,-0.028464818767172426
2025-07-26,0.0,0.027598298287217087,-0.027598298287217087
2025-07-27,0.0,0.02799244684451934,-0.02799244684451934
2025-07-28,0.0,0.02799244684451934,-0.02799244684451934
2025-07-29,0.0,0.016160101038629127,-0.016160101038629127
2025-07-30,0.0,0.0,0.0
2025-07-31,0.0,0.0,0.0
2025-08-01,0.0,0.0,0.0
2025-08-02,0.0,0.0,0.0
2025-08-03,0.0,0.0,0.0
2025-08-04,0.0,0.0,0.0
2025-08-05,0.0,0.0,0.0
2025-08-06,0.0,0.0,0.0
2025-08-07,0.0,0.0,0.0
2025-08-08,0.0,0.0,0.0
2025-08-09,0.0,0.0,0.0
2025-08-10,0.0,0.0,0.0
2025-08-11,0.0,0.0,0.0
2025-08-12,0.0,0.0,0.0
2025-08-13,0.0,0.0,0.0
2025-08-14,0.0,0.0,0.0
2025-08-15,0.0,0.0,0.0
2025-08-16,0.0,0.0,0.0
2025-08-17,0.0,0.0,0.0
2025-08-18,0.0,0.0,0.0
2025-08-19,0.0,0.0,0.0
2025-08-20,0.0,0.0,0.0
2025-08-21,0.0,0.0,0.0
2025-08-22,0.0,0.0,0.0
2025-08-23,0.0,0.0,0.0
2025-08-24,0.0,0.0,0.0
2025-08-25,0.0,0.0,0.0
2025-08-26,0.0,0.0,0.0
2025-08-27,0.0,0.0,0.0
2025-08-28,0.0,0.0,0.0
2025-08-29,0.0,0.0,0.0
2025-08-30,0.0,0.0,0.0
2025-08-31,0.0,0.0,0.0
2025-09-01,0.0,0.0,0.0
2025-09-02,0.0,0.0,0.0
2025-09-03,0.0,0.0,0.0
2025-09-04,0.0,0.0,0.0
2025-09-05,0.0,0.0,0.0
2025-09-06,0.0,0.0,0.0
2025-09-07,0.0,0.0,0.0
2025-09-08,0.0,0.0,0.0
2025-09-09,0.0,0.0,0.0
2025-09-10,0.0,0.0,0.0
2025-09-11,0.0,0.0,0.0
2025-09-12,0.0,0.0,0.0
2025-09-13,0.0,0.0,0.0
2025-09-14,0.0,0.0,0.0
2025-09-15,0.0,0.0,0.0
2025-09-16,0.0,0.0,0.0
2025-09-17,0.0,0.0,0.0
2025-09-18,0.0,0.0,0.0
2025-09-19,0.0,0.0,0.0
2025-09-20,0.0,0.0,0.0
2025-09-21,0.0,0.0,0.0
2025-09-22,0.0,0.0,0.0
2025-09-23,0.0,0.0,0.0
2025-09-24,0.0,0.0,0.0
2025-09-25,0.0,0.0,0.0
2025-09-26,0.0,0.0,0.0
2025-09-27,0.0,0.0,0.0
2025-09-28,0.0,0.0,0.0
2025-09-29,0.0,0.0,0.0
2025-09-30,0.0,0.0,0.0
2025-10-01,0.0,0.0,0.0
2025-10-02,0.0,0.0,0.0
2025-10-03,0.0,0.0,0.0
2025-10-04,0.0,0.0,0.0
2025-10-05,0.0,0.0,0.0
2025-10-06,0.0,0.0,0.0
2025-10-07,0.0,0.0,0.0
2025-10-08,0.0,0.0,0.0
2025-10-09,0.0,0.0,0.0
2025-10-10,0.0,0.0,0.0
2025-10-11,0.0,0.0,0.0
2025-10-12,0.0,0.0,0.0
2025-10-13,0.0,0.0,0.0
2025-10-14,0.0,0.0,0.0
2025-10-15,0.0,0.0,0.0
2025-10-16,0.0,0.0,0.0
2025-10-17,0.0,0.0,0.0
2025-10-18,0.0,0.0,0.0
2025-10-19,0.0,0.0,0.0
2025-10-20,0.0,0.0,0.0
2025-10-21,0.0,0.0,0.0
2025-10-22,0.0,0.0,0.0
2025-10-23,0.0,0.0,0.0
2025-10-24,0.0,0.0,0.0
2025-10-25,0.0,0.0,0.0
2025-10-26,0.0,0.0,0.0
2025-10-27,0.0,0.0,0.0
2025-10-28,0.0,0.0,0.0
2025-10-29,0.0,0.0,0.0
2025-10-30,0.0,0.0,0.0
2025-10-31,0.0,0.0,0.0
2025-11-01,0.0,0.0,0.0
2025-11-02,0.0,0.0,0.0
2025-11-03,0.0,0.0,0.0
2025-11-04,0.0,0.0,0.0
2025-11-05,0.0,0.0,0.0
2025-11-06,0.0,0.0,0.0
2025-11-07,0.0,0.0,0.0
2025-11-08,0.0,0.0,0.0
2025-11-09,0.0,0.0,0.0
2025-11-10,0.0,0.0,0.0
2025-11-11,0.0,0.0,0.0
2025-11-12,0.0,0.0,0.0
2025-11-13,0.0,0.0,0.0
2025-11-14,0.0,0.0,0.0
2025-11-15,0.0,0.0,0.0
2025-11-16,0.0,0.0,0.0
2025-11-17,0.0,0.0,0.0
2025-11-18,0.0,0.0,0.0
2025-11-19,0.0,0.0,0.0
2025-11-20,0.0,0.0,0.0
2025-11-21,0.0,0.0,0.0
2025-11-22,0.0,0.0,0.0
2025-11-23,0.0,0.0,0.0
2025-11-24,0.0,0.0,0.0
2025-11-25,0.0,0.0,0.0
2025-11-26,0.0,0.0,0.0
2025-11-27,0.0,0.0,0.0
2025-11-28,0.0,0.0,0.0
2025-11-29,0.0,0.0,0.0
