smiles,pubchem_cid,prestwick_id,name,drug_class,n_hit,harm_t5,harm_t10,harm_t20
COC1C=COC2(C)Oc3c(C)c(O)c4c(c3C2=O)C2=NC3(CCN(CC(C)C)CC3)NC2=C(NC(=O)C(C)=CC=CC(C)C(O)C(C)C(O)C(C)C(OC(C)=O)C1C)C4=O,5361912,Prestw-1109,Rifabutin,antibiotics,40,1,1,1
CC1c2cccc(O)c2C(O)=C2C(=O)C3(O)C(=O)C(=C(N)O)C(=O)C(N(C)C)C3C(O)C21,25880656,Prestw-1399,Doxycycline hydrochloride,antibiotics,40,1,1,1
CN(C)C1C(=O)C(=C(N)O)C(=O)C2(O)C(=O)C3=C(O)c4c(O)ccc(Cl)c4C(C)(O)C3CC12,27233777,Prestw-145,Chlortetracycline hydrochloride,antibiotics,40,1,1,1
NC1CCN(c2nc3c(cc2F)c(=O)c(C(=O)O)cn3-c2ccc(F)cc2F)C1,5517,Prestw-1464,Tosufloxacin hydrochloride,antibiotics,40,1,1,1
O=C(NC(CO)C(O)c1ccc([N+](=O)[O-])cc1)C(Cl)Cl,298,Prestw-31,Chloramphenicol,antibiotics,40,1,1,1
CN(C)c1ccc(O)c2c1CC1CC3C(N(C)C)C(=O)C(C(N)=O)=C(O)C3(O)C(=O)C1=C2O,26275995,Prestw-315,Minocycline hydrochloride,antibiotics,40,1,1,1
C=C1c2c(Cl)ccc(O)c2C(O)=C2C(=O)C3(O)C(O)=C(C(N)=O)C(=O)C(N(C)C)C3C(O)C12,54676538,Prestw-456,Meclocycline sulfosalicylate,antibiotics,40,1,1,1
CN(C)C1C(=O)C(=C(N)O)C(=O)C2(O)C(=O)C3=C(O)c4c(O)ccc(Cl)c4C(O)C3CC12,51601240,Prestw-753,Demeclocycline hydrochloride,antibiotics,40,1,1,1
C=C1c2cccc(O)c2C(O)=C2C(=O)C3(O)C(=O)C(=C(N)O)C(=O)C(N(C)C)C3C(O)C12,28412038,Prestw-964,Methacycline hydrochloride,antibiotics,40,1,1,1
NC(=NCCCCCCN=C(N)N=C(N)Nc1ccc(Cl)cc1)N=C(N)Nc1ccc(Cl)cc1,2713,Prestw-143,Chlorhexidine,antiseptics,40,1,1,1
CS(=O)(=O)c1ccc(C(O)C(CF)NC(=O)C(Cl)Cl)cc1,114811,Prestw-955,Florfenicol,vet: anti-infectives,40,1,1,1
O=C(O)c1cn(C2CC2)c2cc(N3CCNCC3)c(F)cc2c1=O,2764,Prestw-113,Ciprofloxacin hydrochloride monohydrate,antibiotics,39,1,1,1
COC1C=COC2(C)Oc3c(C)c(O)c4c(c3C2=O)C(=O)C(=CNN2CCN(C3CCCC3)CC2)C(=C4O)NC(=O)C(C)=CC=CC(C)C(O)C(C)C(O)C(C)C(OC(C)=O)C1C,6323497,Prestw-1157,Rifapentine,antibiotics,39,1,1,1
CCC1OC(=O)C(C)C(OC2CC(C)(OC)C(O)C(C)O2)C(C)C(OC2OC(C)CC(N(C)C)C2O)C(C)(O)CC(C)CN(C)C(C)C(O)C1(C)O,2269,Prestw-1234,Azithromycin,antibiotics,39,1,1,1
CCCC1CC(C(=O)NC(C(C)Cl)C2OC(SC)C(O)C(O)C2O)N(C)C1,2786,Prestw-137,Clindamycin hydrochloride,antibiotics,39,1,1,1
CCC1OC(=O)C(C)C(OC2CC(C)(OC)C(O)C(C)O2)C(C)C(OC2OC(C)CC(N(C)C)C2O)C(C)(OC)CC(C)C(=O)C(C)C(O)C1(C)O,54688,Prestw-1378,Clarithromycin,antibiotics,39,1,1,1
NC1CCN(c2c(F)cc3c(=O)c(C(=O)O)cn(C4CC4)c3c2Cl)C1,60062,Prestw-1379,Clinafloxacin,antibiotics,39,1,1,1
CN(C)C1C(=O)C(=C(N)O)C(=O)C2(O)C(=O)C3=C(O)c4c(O)cccc4C(C)(O)C3CC12,25880664,Prestw-140,Tetracycline hydrochloride,antibiotics,39,1,1,1
CC(=O)NCC1CN(c2ccc(N3CCOCC3)c(F)c2)C(=O)O1,3929,Prestw-1429,Linezolid,antibiotics,39,1,1,1
COc1c(N2CC3CCCNC3C2)c(F)cc2c(=O)c(C(=O)O)cn(C3CC3)c12,4259,Prestw-1446,Moxifloxacin,antibiotics,39,1,1,1
CS(=O)(=O)c1ccc(C(O)C(CO)NC(=O)C(Cl)Cl)cc1,5433,Prestw-25,Thiamphenicol,antibiotics,39,1,1,1
CN(C)C1C(=O)C(C(N)=O)=C(O)C2(O)C(=O)C3=C(O)c4c(O)cccc4C(C)(O)C3C(O)C12,44134877,Prestw-307,Oxytetracycline dihydrate,antibiotics,39,1,1,1
COC1C=COC2(C)Oc3c(C)c(O)c4c(c3C2=O)C(=O)C(=CNN2CCN(C)CC2)C(=C4O)NC(=O)C(C)=CC=CC(C)C(O)C(C)C(O)C(C)C(OC(C)=O)C1C,5381226,Prestw-525,Rifampicin,antibiotics,39,1,1,1
O=C1OCCN1N=Cc1ccc([N+](=O)[O-])o1,3435,Prestw-808,Furazolidone,antibiotics,39,1,1,1
O=C1NCCN1c1ncc([N+](=O)[O-])s1,6093,Prestw-469,Niridazole,antiparasitics,39,1,1,1
COC(=O)N=NC=C1C=[N+]([O-])c2ccccc2N1O,2553,Prestw-1121,Carbadox,vet: anti-infectives,39,1,1,1
CC1(C)SC2C(NC(=O)Cc3ccccc3)C(=O)N2C1C(=O)O,2349,Prestw-1078,Benzylpenicillin sodium,antibiotics,38,1,1,1
CC1CCc2c(N3CCC(O)CC3)c(F)cc3c(=O)c(C(=O)O)cn1c23,4410,Prestw-1120,Nadifloxacin,antibiotics,38,1,1,1
COc1c(N2CCNC(C)C2)c(F)cc2c(=O)c(C(=O)O)cn(C3CC3)c12,5379,Prestw-1265,Gatifloxacin,antibiotics,38,1,1,1
O=C(O)c1cn(-c2ccc(F)cc2)c2cc(N3CCNCC3)c(F)cc2c1=O,56207,Prestw-1339,Sarafloxacin,antibiotics,38,1,1,1
COC1C=COC2(C)Oc3c(C)c(O)c4c(O)c(c5c(nc6cc(C)ccn65)c4c3C2=O)NC(=O)C(C)=CC=CC(C)C(O)C(C)C(O)C(C)C(OC(C)=O)C1C,72111,Prestw-1478,Rifaximin,antibiotics,38,1,1,1
O=C1OC(CN2CCOCC2)CN1N=Cc1ccc([N+](=O)[O-])o1,3434,Prestw-764,Furaltadone hydrochloride,vet: anti-infectives,38,1,1,1
CC(O)C1C(=O)N2C(C(=O)O)=C(SC3CNC(C(=O)N(C)C)C3)C(C)C12,60706,Prestw-1106,Meropenem,antibiotics,37,1,1,1
CCC1OC(=O)C(C)C(OC2CC(C)(OC)C(O)C(C)O2)C(C)C(OC2OC(C)CC(N(C)C)C2O)C(C)(O)CC(C)C(=O)C(C)C(O)C1(C)O,3255,Prestw-151,Erythromycin,antibiotics,37,1,1,1
COC1C(OC(C)=O)CC(=O)OC(C)CC=CC=CC(O)C(C)CC(CC=O)C1OC1OC(C)C(OC2CC(C)(O)C(OC(=O)CC(C)C)C(C)O2)C(N(C)C)C1O,3804,Prestw-154,Josamycin,antibiotics,37,1,1,1
CCCC1CC(C(=O)NC(C(C)O)C2OC(SC)C(O)C(O)C2O)N(C)C1,3928,Prestw-302,Lincomycin hydrochloride,antibiotics,37,1,1,1
O=C(NN=Cc1ccc([N+](=O)[O-])o1)c1ccc(O)cc1,13764,Prestw-555,Nifuroxazide,antibiotics,37,1,1,1
Cc1nnc(SCC2=C(C(=O)O)N3C(=O)C(NC(=O)Cn4cnnn4)C3SC2)s1,2617,Prestw-736,Cefazolin sodium salt,antibiotics,37,1,1,1
CCN1CCN(C(=O)NC(C(=O)NC2C(=O)N3C2SC(C)(C)C3C(=O)O)c2ccccc2)C(=O)C1=O,4834,Prestw-755,Piperacillin sodium salt,antibiotics,37,1,1,1
CCC1OC(=O)C(C)C(OC2CC(C)(OC)C(O)C(C)O2)C(C)C(OC2OC(C)CC(N(C)C)C2O)C(C)(O)CC(C)C(=NOCOCCOC)C(C)C(O)C1(C)O,5106,Prestw-854,Roxithromycin,antibiotics,37,1,1,1
Oc1c(Cl)cc(Cl)c(Cl)c1Cc1c(O)c(Cl)cc(Cl)c1Cl,3598,Prestw-1472,Hexachlorophene,antiseptics,37,1,1,1
CCCCC(CC)CN=C(N)NC(N)=NCCCCCCN=C(N)NC(N)=NCC(CC)CCCC,2090,Prestw-777,Alexidine dihydrochloride,antiseptics,37,1,1,1
CCC1OC(=O)CC(O)C(C)C(OC2OC(C)C(OC3CC(C)(O)C(O)C(C)O3)C(N(C)C)C2O)C(CC=O)CC(C)C(=O)C=CC(C)=CC1COC1OC(C)C(O)C(OC)C1OC,439504,Prestw-1353,Tylosin,vet: anti-infectives,37,1,1,1
COC1C(OC(N)=O)C(O)C(Oc2ccc3c(O)c(NC(=O)c4ccc(O)c(CC=C(C)C)c4)c(=O)oc3c2C)OC1(C)C,4545,Prestw-834,Novobiocin sodium salt,vet: anti-infectives,37,1,1,1
CC1(C)SC2C(NC(=O)C(C(=O)O)c3ccsc3)C(=O)N2C1C(=O)O,5471,Prestw-1067,Ticarcillin sodium,antibiotics,36,1,1,1
CCC1OC(=O)C(C)C(OC2CC(C)(OC)C(O)C(C)O2)C(C)C(OC2OC(C)CC(N(C)C)C2O)C(C)(O)CC(C)C2NC(COCCOC)OC(C2C)C1(C)O,462481,Prestw-557,Dirithromycin,antibiotics,36,1,1,1
COC1C(O)CC(=O)OC(C)CC=CC=CC(OC2CCC(N(C)C)C(C)O2)C(C)CC(CC=O)C1OC1OC(C)C(OC2CC(C)(O)C(O)C(C)O2)C(N(C)C)C1O,5266,Prestw-745,Spiramycin,antibiotics,36,1,1,1
O=C(Nc1ccc([N+](=O)[O-])cc1Cl)c1cc(Cl)ccc1O,4477,Prestw-40,Niclosamide,antiparasitics,36,1,1,1
O=C(O)c1ccccc1S,5441,Prestw-1194,Thimerosal,antiseptics,36,1,1,1
CC(=O)OCC1OC(S)C(OC(C)=O)C(OC(C)=O)C1OC(C)=O,6333887,Prestw-1233,Auranofin,human-targeted drugs,36,1,1,1
Cc1cc(C(C#N)c2ccc(Cl)cc2)c(Cl)cc1NC(=O)c1cc(I)cc(I)c1O,42574,Prestw-1385,Closantel,vet: antiparasitics,36,1,1,1
CC1(C)SC2C(NC(=O)C(N)c3ccccc3)C(=O)N2C1C(=O)O,2173,Prestw-114,Ampicillin trihydrate,antibiotics,35,1,1,1
CON=C(C(=O)NC1C(=O)N2C(C(=O)O)=C(COC(C)=O)CSC12)c1csc(N)n1,2631,Prestw-139,Cefotaxime sodium salt,antibiotics,35,1,1,1
CCN1CCN(C(=O)NC(C(=O)NC2C(=O)N3C(C(=O)O)=C(CSc4nnnn4C)CSC23)c2ccc(O)cc2)C(=O)C1=O,2629,Prestw-327,Cefoperazone dihydrate,antibiotics,35,1,1,1
CC1(C)SC2C(NC(=O)C(N)c3ccc(O)cc3)C(=O)N2C1C(=O)O,2171,Prestw-357,Amoxicillin,antibiotics,35,1,1,1
CC(=O)OC1CC2(C)C(CC(O)C3C4(C)CCC(O)C(C)C4CCC32C)C1=C(CCC=C(C)C)C(=O)O,3443,Prestw-390,Fusidic acid sodium salt,antibiotics,35,1,1,1
NC(=O)NN=Cc1ccc([N+](=O)[O-])o1,1839,Prestw-492,Nitrofural,antiprotozoals,35,1,1,1
CC(C)(C)CC(C)(C)c1ccc(OCCOCC[N+](C)(C)Cc2ccccc2)cc1,2335,Prestw-708,Benzethonium chloride,antiseptics,35,1,1,1
C=C(NC(=O)C(=C)NC(=O)c1csc(C2=NC3c4csc(n4)C4NC(=O)c5csc(n5)C(C(C)(O)C(C)O)NC(=O)C5CSC(=N5)C(=CC)NC(=O)C(C(C)O)NC(=O)c5csc(n5)C3(CC2)NC(=O)C(C)NC(=O)C(=C)NC(=O)C(C)NC(=O)C(C(C)CC)NC2C=Cc3c(C(C)O)cc(nc3C2O)C(=O)OC4C)n1)C(N)=O,16129638,Prestw-522,Thiostrepton,vet: anti-infectives,35,1,1,1
Cn1c([N+](=O)[O-])cnc1COC(N)=O,5094,Prestw-1115,Ronidazole,vet: antiparasitics,35,1,1,1
CC1(C)SC2C(NC(=O)C(N)c3ccccc3)C(=O)N2C1C(=O)OC1OC(=O)c2ccccc21,5373,Prestw-1010,Talampicillin hydrochloride,antibiotics,34,1,1,1
CC1CN(c2c(F)c(N)c3c(=O)c(C(=O)O)cn(C4CC4)c3c2F)CC(C)N1,5257,Prestw-1343,Sparfloxacin,antibiotics,34,1,1,1
CC(=O)OCC1=C(C(=O)O)N2C(=O)C(NC(=O)Cc3cccs3)C2SC1,2612,Prestw-719,Cephalothin sodium salt,antibiotics,34,1,1,1
CCS(=O)(=O)CCn1c([N+](=O)[O-])cnc1C,5479,Prestw-766,Tinidazole,antibiotics,34,1,1,1
C=CC1=C(C(=O)O)N2C(=O)C(NC(=O)C(=NO)c3csc(N)n3)C2SC1,6398970,Prestw-1263,Cefdinir,antibiotics,33,1,1,1
CN1CCN(c2c(F)cc3c(=O)c(C(=O)O)cn4c3c2SCC4)CC1,58258,Prestw-1338,Rufloxacin,antibiotics,33,1,1,1
Cc1ncc([N+](=O)[O-])n1CC(O)CCl,28061,Prestw-164,Ornidazole,antibiotics,33,1,1,1
COC1CC(OC2C(C)C(=O)OC(C)C(C)C(OC(C)=O)C(C)C(=O)C3(CO3)CC(C)C(OC3OC(C)CC(N(C)C)C3OC(C)=O)C2C)OC(C)C1OC(C)=O,17675,Prestw-36,Troleandomycin,antibiotics,33,1,1,1
NCc1ccccc1CC(=O)NC1C(=O)N2C(C(=O)O)=C(CSc3nnnn3CC(=O)O)CSC12,43507,Prestw-470,Ceforanide,antibiotics,33,1,1,1
CC(O)C1C(=O)N2C(C(=O)O)=C(SCCN=CN)CC12,3695,Prestw-519,Imipenem,antibiotics,33,1,1,1
CC(Oc1ccccc1)C(=O)NC1C(=O)N2C1SC(C)(C)C2C(=O)O,4758,Prestw-723,Phenethicillin potassium salt,antibiotics,33,1,1,1
Cc1ncc([N+](=O)[O-])n1CCO,4173,Prestw-81,Metronidazole,antibiotics,33,1,1,1
COC1(NC(=O)Cc2cccs2)C(=O)N2C(C(=O)O)=C(COC(N)=O)CSC21,2637,Prestw-832,Cefoxitin sodium salt,antibiotics,33,1,1,1
CC1CS(=O)(=O)CCN1N=Cc1ccc([N+](=O)[O-])o1,31772,Prestw-1024,Nifurtimox,antiprotozoals,33,1,1,1
Cc1ncc([N+](=O)[O-])n1CC(C)O,71815,Prestw-1340,Secnidazole,antiprotozoals,33,1,1,1
Cc1cc(C(C)(C)CC(C)(C)C)ccc1OCCOCC[N+](C)(C)Cc1ccccc1,4135,Prestw-705,Methyl benzethonium chloride,antiseptics,33,1,1,1
CC(=O)Oc1cccc2c1C(=O)c1c(OC(C)=O)cc(C(=O)O)cc1C2=O,26248,Prestw-1167,Diacerein,human-targeted drugs,33,1,1,1
CCC1(C2OC(C3OC(O)(CO)C(C)CC3C)CC2C)CCC(C2(C)CCC3(CC(O)C(C)C(C(C)C(OC)C(C)C(=O)O)O3)O2)O1,4242,Prestw-748,Monensin sodium salt,vet: anti-infectives,33,1,1,1
Oc1c(Cl)cc(Cl)c2cccnc12,2722,Prestw-1474,Chloroxine,antibiotics,32,1,1,1
N=C(N)c1ccc(OCCCCCOc2ccc(C(=N)N)cc2)cc1,8813,Prestw-553,Pentamidine isethionate,antiprotozoals,32,1,1,1
O=C(O)c1ccccc1-c1c2cc(Br)c(=O)cc-2oc2[c]([Hg])c(O)c(Br)cc12,4068,Prestw-787,Merbromin,antiseptics,32,1,1,1
O=C1CN(N=Cc2ccc([N+](=O)[O-])o2)C(=O)N1,4509,Prestw-168,Nitrofurantoin,antibiotics,31,1,1,1
CON=C(C(=O)NC1C(=O)N2C(C(=O)O)=C(COC(N)=O)CSC12)c1ccco1,2658,Prestw-720,Cefuroxime sodium salt,antibiotics,31,1,1,1
COC1(NC(=O)C(C(=O)O)c2ccc(O)cc2)C(=O)N2C(C(=O)O)=C(CSc3nnnn3C)COC21,3889,Prestw-819,Moxalactam disodium salt,antibiotics,31,1,1,1
O=c1c2ccccc2[se]n1-c1ccccc1,3194,Prestw-740,Ebselen,non-drugs,31,1,1,1
CON=C(C(=O)NC1C(=O)N2C(C(=O)[O-])=C(C[N+]3(C)CCCC3)CSC12)c1csc(N)n1,2622,Prestw-1118,Cefepime hydrochloride,antibiotics,30,1,1,1
Cc1onc(-c2c(Cl)cccc2Cl)c1C(=O)NC1C(=O)N2C1SC(C)(C)C2C(=O)O,3040,Prestw-450,Dicloxacillin sodium salt hydrate,antibiotics,30,1,1,1
COC1(NC(=O)C2SC(=C(C(N)=O)C(=O)O)S2)C(=O)N2C(C(=O)O)=C(CSc3nnnn3C)CSC21,50614,Prestw-473,Cefotetan,antibiotics,30,1,1,1
CNC(CC(C)C)C(=O)NC1C(=O)NC(CC(N)=O)C(=O)NC2C(=O)NC3C(=O)NC(C(=O)NC(C(=O)O)c4cc(O)cc(O)c4-c4cc3ccc4O)C(O)c3ccc(c(Cl)c3)Oc3cc2cc(c3OC2OC(CO)C(O)C(O)C2OC2CC(C)(N)C(O)C(C)O2)Oc2ccc(cc2Cl)C1O,5651,Prestw-497,Vancomycin hydrochloride,antibiotics,30,1,1,1
CC1(C)SC2C(NC(=O)C(NC(=O)N3CCNC3=O)c3ccccc3)C(=O)N2C1C(=O)O,2270,Prestw-821,Azlocillin sodium salt,antibiotics,30,1,1,1
CCC(C)C(N)C1=NC(C(=O)NC(CC(C)C)C(=O)NC(CCC(=O)O)C(=O)NC(C(=O)NC2CCCCNC(=O)C(CC(N)=O)NC(=O)C(CC(=O)O)NC(=O)C(Cc3cnc[nH]3)NC(=O)C(Cc3ccccc3)NC(=O)C(C(C)CC)NC(=O)C(CCCN)NC2=O)C(C)CC)CS1,65281,Prestw-919,Bacitracin,antibiotics,30,1,1,1
COc1cccc2c1C(=O)c1c(O)c3c(c(O)c1C2=O)CC(O)(C(C)=O)CC3OC1CC(N)C(O)C(C)O1,2958,Prestw-487,Daunorubicin hydrochloride,human-targeted drugs,30,1,1,1
CN(C)CCn1nnnc1SCC1=C(C(=O)O)N2C(=O)C(NC(=O)Cc3csc(N)n3)C2SC1,2635,Prestw-482,Cefotiam hydrochloride,antibiotics,29,1,1,1
COC1(NC(=O)CSCC#N)C(=O)N2C(C(=O)O)=C(CSc3nnnn3C)CSC21,2625,Prestw-700,Cefmetazole sodium salt,antibiotics,29,1,1,1
Oc1c(I)cc(Cl)c2cccnc12,2788,Prestw-886,Clioquinol,antiprotozoals,29,1,1,1
Oc1cc(Cl)ccc1Oc1ccc(Cl)cc1Cl,5564,Prestw-1479,Triclosan,antiseptics,29,1,1,1
Cc1cc(N)c2ccccc2[n+]1CCCCCCCCCC[n+]1c(C)cc(N)c2ccccc21,2993,Prestw-388,Dequalinium dichloride,antiseptics,29,1,1,1
Cc1onc(-c2c(F)cccc2Cl)c1C(=O)NC1C(=O)N2C1SC(C)(C)C2C(=O)O,3364,Prestw-1011,Flucloxacillin sodium,antibiotics,28,1,1,1
CCn1cc(C(=O)O)c(=O)c2cc(F)c(N3CCNCC3)nc21,3229,Prestw-1401,Enoxacin,antibiotics,28,1,1,1
NC(C(=O)NC1C(=O)N2C(C(=O)O)=C(Cl)CCC12)c1ccccc1,3956,Prestw-1431,Loracarbef,antibiotics,28,1,1,1
Clc1ccc(C(Cn2ccnc2)OCc2c(Cl)cccc2Cl)c(Cl)c1,3760,Prestw-127,Isoconazole,antifungals,28,1,1,1
Clc1ccccc1C(c1ccccc1)(c1ccccc1)n1ccnc1,2812,Prestw-267,Clotrimazole,antifungals,28,1,1,1
Cc1onc(-c2ccccc2Cl)c1C(=O)NC1C(=O)N2C1SC(C)(C)C2C(=O)O,2813,Prestw-186,Cloxacillin sodium salt,antibiotics,27,1,1,1
CCn1cc(C(=O)O)c(=O)c2cc(F)c(N3CCNC(C)C3)c(F)c21,3948,Prestw-238,Lomefloxacin hydrochloride,antibiotics,26,1,1,1
CC(C)(ON=C(C(=O)NC1C(=O)N2C(C(=O)[O-])=C(C[n+]3ccccc3)CSC12)c1csc(N)n1)C(=O)O,2650,Prestw-489,Ceftazidime pentahydrate,antibiotics,26,1,1,1
CCOc1ccc2ccccc2c1C(=O)NC1C(=O)N2C1SC(C)(C)C2C(=O)O,8982,Prestw-843,Nafcillin sodium salt monohydrate,antibiotics,26,1,1,1
Clc1ccc(COC(Cn2ccnc2)c2ccc(Cl)cc2Cl)c(Cl)c1,4189,Prestw-67,Miconazole,antifungals,26,1,1,1
O=c1[nH]cc(F)c(=O)[nH]1,3385,Prestw-1203,5-fluorouracil,human-targeted drugs,26,1,1,1
CCc1oc2ccccc2c1C(=O)c1cc(Br)c(O)c(Br)c1,2333,Prestw-370,Benzbromarone,human-targeted drugs,26,1,1,1
Cc1onc(-c2ccccc2)c1C(=O)NC1C(=O)N2C1SC(C)(C)C2C(=O)O,4607,Prestw-1475,Oxacillin sodium,antibiotics,25,1,1,1
CC1CCc2cc(F)cc3c(=O)c(C(=O)O)cn1c23,3374,Prestw-204,Flumequine,antibiotics,25,1,1,1
CC(C)N=c1cc2n(-c3ccc(Cl)cc3)c3ccccc3nc-2cc1Nc1ccc(Cl)cc1,2794,Prestw-376,Clofazimine,antibiotics,25,1,1,1
CCOC(=O)OC(C)OC(=O)C1N2C(=O)C(NC(=O)C(N)c3ccccc3)C2SC1(C)C,2282,Prestw-416,Bacampicillin hydrochloride,antibiotics,25,1,1,1
C=CC1=C(C(=O)O)N2C(=O)C(NC(=O)C(=NOCC(=O)O)c3csc(N)n3)C2SC1,2675,Prestw-462,Cefixime,antibiotics,25,1,1,1
Clc1ccc(C(Cn2ccnc2)OCc2ccsc2Cl)c(Cl)c1,5482,Prestw-1184,Tioconazole,antifungals,25,1,1,1
CN(C(=O)CN(CCO)CC(=O)N(C)C(C)(C)Cc1ccccc1)C(C)(C)Cc1ccccc1,4621,Prestw-58,Oxethazaine,human-targeted drugs,25,1,1,1
Clc1ccc(COC(Cn2ccnc2)c2ccc(Cl)cc2Cl)cc1,3198,Prestw-304,Econazole nitrate,antifungals,24,1,1,1
CCCCCCCCCCCCCCCC[N+](C)(C)CCN(Cc1ccc(OC)cc1)c1ncccn1,5456,Prestw-925,Thonzonium bromide,antiseptics,24,1,1,1
CC1COc2c(N3CCN(C)CC3)c(F)cc3c(=O)c(C(=O)O)cn1c23,4583,Prestw-237,Ofloxacin,antibiotics,23,1,1,1
CN(N=O)C(=O)NC1C(O)OC(CO)C(O)C1O,5300,Prestw-732,Streptozotocin,human-targeted drugs,23,1,1,1
CN(C)C1C(=O)C(C(=O)NCNCCCCC(N)C(=O)O)=C(O)C2(O)C(=O)C3=C(O)c4c(O)cccc4C(C)(O)C3CC12,54687131,Prestw-1000,Lymecycline,antibiotics,22,1,1,1
CCn1cc(C(=O)O)c(=O)c2cc(F)c(N3CCNCC3)cc21,4539,Prestw-221,Norfloxacin,antibiotics,22,1,1,1
COc1cc(Cc2cnc(N)nc2N)cc(OC)c1OC,5578,Prestw-208,Trimethoprim,antibiotics,21,1,1,1
CCC(C)CCCCC(=O)NC(CCN)C(=O)NC(C(=O)NC(CCN)C(=O)NC1CCNC(=O)C(C(C)O)NC(=O)C(CCN)NC(=O)C(CCN)NC(=O)C(CC(C)C)NC(=O)C(CC(C)C)NC(=O)C(CCN)NC1=O)C(C)O,73090,Prestw-486,Colistin sulfate,antibiotics,21,1,1,1
NC(=O)c1cc[n+](CC2=C(C(=O)O)N3C(=O)C(NC(=O)C(c4ccccc4)S(=O)(=O)[O-])C3SC2)cc1,2648,Prestw-814,Cefsulodin sodium salt,antibiotics,21,1,1,1
Clc1ccc(CON=C(Cn2ccnc2)c2ccc(Cl)cc2Cl)c(Cl)c1,4623,Prestw-1125,Oxiconazole Nitrate,antifungals,21,1,1,1
O=c1[nH]c(=O)n(C2CC(O)C(CO)O2)cc1F,3363,Prestw-1415,Floxuridine,human-targeted drugs,20,1,1,1
CC(C)(C)C(=O)OCOC(=O)C1N2C(=O)C(NC(=O)C(N)c3ccccc3)C2SC1(C)C,33477,Prestw-1009,Pivampicillin,antibiotics,19,1,1,0
c1ccc(-c2ccc(C(c3ccccc3)n3ccnc3)cc2)cc1,2378,Prestw-1241,Bifonazole,antifungals,19,1,1,0
CCc1nc(N)nc(N)c1-c1ccc(Cl)cc1,4993,Prestw-37,Pyrimethamine,antiprotozoals,19,1,1,0
CC(C)(C)c1ccc(C(O)CCCN2CCC(C(O)(c3ccccc3)c3ccccc3)CC2)cc1,5405,Prestw-138,Terfenadine,human-targeted drugs,19,1,1,0
COc1cccc2c1C(=O)c1c(O)c3c(c(O)c1C2=O)CC(O)(C(=O)CO)CC3OC1CC(N)C(O)C(C)O1,1690,Prestw-438,Doxorubicin hydrochloride,human-targeted drugs,19,1,1,0
CCC(c1ccc(O)cc1)C(CC)c1ccc(O)cc1,3606,Prestw-699,Hexestrol,human-targeted drugs,19,1,1,0
CCn1cc(C(=O)O)c(=O)c2cc(F)c(N3CCN(C)CC3)cc21,51081,Prestw-1303,Pefloxacine,antibiotics,18,1,1,0
NCc1ccc(S(N)(=O)=O)cc1,3998,Prestw-166,Mafenide hydrochloride,antibiotics,18,1,1,0
CC=C(C(=CC)c1ccc(O)cc1)c1ccc(O)cc1,3049,Prestw-798,Dienestrol,human-targeted drugs,18,1,1,0
NC(C(=O)NC1C(=O)N2C(C(=O)O)=C(Cl)CSC12)c1ccccc1,2609,Prestw-485,Cefaclor hydrate,antibiotics,17,1,1,0
Clc1ccc(CCC(Cn2ccnc2)Sc2c(Cl)cccc2Cl)cc1,47471,Prestw-408,Butoconazole nitrate,antifungals,17,1,1,0
COc1cc(C(=O)NS(=O)(=O)c2ccccc2C)ccc1Cc1cn(C)c2ccc(NC(=O)OC3CCCC3)cc12,5717,Prestw-1364,Zafirlukast,human-targeted drugs,17,1,1,0
CCOC(=O)C1=C(C)NC(C)=C(C(=O)OC)C1c1cccc(Cl)c1Cl,3333,Prestw-478,Felodipine,human-targeted drugs,17,1,1,0
CCC(=C(c1ccccc1)c1ccc(OCCN(C)C)cc1)c1ccccc1,5376,Prestw-146,Tamoxifen citrate,human-targeted drugs,16,1,1,0
COc1cc(C2c3cc4c(cc3C(OC3OC5COC(C)OC5C(O)C3O)C3COC(=O)C23)OCO4)cc(OC)c1O,3310,Prestw-396,Etoposide,human-targeted drugs,16,1,1,0
Clc1ccc(C(Cn2ccnc2)OCc2csc3c(Cl)cccc23)c(Cl)c1,65863,Prestw-1045,Sertaconazole nitrate,antifungals,15,1,1,0
Cc1cc(C=Cc2ccc3cc(N(C)C)ccc3[n+]2C)c(C)n1-c1ccccc1,427876,Prestw-1040,Pyrvinium pamoate,antiparasitics,15,1,1,0
CCOC(=O)N1CCC(=C2c3ccc(Cl)cc3CCc3cccnc32)CC1,3957,Prestw-1432,Loratadine,human-targeted drugs,15,1,1,0
Clc1ccc(Cn2c(CN3CCCC3)nc3ccccc32)cc1,2782,Prestw-227,Clemizole hydrochloride,human-targeted drugs,15,1,1,0
CCC(=C(CC)c1ccc(O)cc1)c1ccc(O)cc1,3054,Prestw-756,Diethylstilbestrol,human-targeted drugs,15,1,1,0
CC1(Cn2ccnn2)C(C(=O)O)N2C(=O)CC2S1(=O)=O,4836,Prestw-1349,Tazobactam,antibiotics,14,1,1,0
Clc1ccc(CSC(Cn2ccnc2)c2ccc(Cl)cc2Cl)cc1,5318,Prestw-810,Sulconazole nitrate,antifungals,14,1,1,0
O=C(O)Cc1cc(I)c(Oc2ccc(O)c(I)c2)c(I)c1,5803,Prestw-202,"Tiratricol, 3,3',5-triiodothyroacetic acid",human-targeted drugs,14,1,1,0
CC(C)COCC(CN(Cc1ccccc1)c1ccccc1)N1CCCC1,2351,Prestw-368,Bepridil hydrochloride,human-targeted drugs,14,1,1,0
OC(c1cc(C(F)(F)F)nc2c(C(F)(F)F)cccc12)C1CCCCN1,4046,Prestw-126,Mefloquine hydrochloride,antiprotozoals,13,1,1,0
Nc1nc2[nH][nH]nc-2c(=O)n1,8646,Prestw-1,Azaguanine-8,human-targeted drugs,13,1,1,0
Cc1c(C)c2c(c(C)c1O)CCC(C)(COc1ccc(CC3SC(=O)NC3=O)cc1)O2,5591,Prestw-1467,Troglitazone,human-targeted drugs,13,1,1,0
CSc1ccc2c(c1)N(CCC1CCCCN1C)c1ccccc1S2,5452,Prestw-78,Thioridazine hydrochloride,human-targeted drugs,13,1,1,0
C=CCOC(Cn1ccnc1)c1ccc(Cl)cc1Cl,37175,Prestw-963,Enilconazole,vet: animal-targeted drugs,13,1,1,0
Cc1cn(C2CC(N=[N+]=[N-])C(CO)O2)c(=O)[nH]c1=O,5726,Prestw-333,"Zidovudine, AZT",antivirals,12,1,1,0
CN(Cc1cnc2nc(N)nc(N)c2n1)c1ccc(C(=O)NC(CCC(=O)O)C(=O)O)cc1,4112,Prestw-135,Methotrexate,human-targeted drugs,12,1,1,0
C1CCC(C(CC2CCCCN2)C2CCCCC2)CC1,4746,Prestw-286,Perhexiline maleate,human-targeted drugs,12,1,1,0
CCN(CC)CCOc1ccc(C(=C(Cl)c2ccccc2)c2ccccc2)cc1,2800,Prestw-397,"Clomiphene citrate (Z,E)",human-targeted drugs,12,1,1,0
NCCC(O)C(=O)NC1CC(N)C(OC2OC(CN)C(O)C(O)C2O)C(O)C1OC1OC(CO)C(O)C(N)C1O,2142,Prestw-395,Amikacin hydrate,antibiotics,11,1,1,0
NCC1OC(OC2C(N)CC(N)C(OC3OC(CO)C(O)C(N)C3O)C2O)C(N)CC1O,5496,Prestw-544,Tobramycin,antibiotics,11,1,1,0
CCC(C)C1OC2(C=CC1C)CC1CC(CC=C(C)C(OC3CC(OC)C(OC4CC(OC)C(O)C(C)O4)C(C)O3)C(C)C=CC=C3COC4C(O)C(C)=CC(C(=O)O1)C34O)O2,2262,Prestw-660,Avermectin B1a,antiparasitics,11,1,1,0
O=c1[nH]c(=O)n(C2CC(O)C(CO)O2)cc1C(F)(F)F,6256,Prestw-1056,Trifluridine,antivirals,11,1,1,0
O=C1c2c(O)cccc2Cc2cccc(O)c21,2202,Prestw-1224,Anthralin,human-targeted drugs,11,1,1,0
CCCCC(=O)OC1CCC2C3CCc4cc(O)ccc4C3CCC12C,3267,Prestw-1473,Estradiol Valerate,human-targeted drugs,11,1,1,0
CN(C)CCCN1c2ccccc2Sc2ccccc21,4926,Prestw-693,Promazine hydrochloride,human-targeted drugs,11,1,1,0
CCN(CC)C(C)CN1c2ccccc2Sc2ccccc21,3290,Prestw-840,Ethopropazine hydrochloride,human-targeted drugs,11,1,1,0
CN1CCN(c2c(F)cc3c(=O)c(C(=O)O)cn(CCF)c3c2F)CC1,3357,Prestw-1414,Fleroxacin,antibiotics,10,1,1,0
CC(=O)N1CCN(c2ccc(OCC3COC(Cn4ccnc4)(c4ccc(Cl)cc4Cl)O3)cc2)CC1,3823,Prestw-389,Ketoconazole,antifungals,10,1,1,0
O=C1Nc2ccc(Cl)cc2C(C#CC2CC2)(C(F)(F)F)O1,3203,Prestw-1400,Efavirenz,antivirals,10,1,1,0
COc1ccc(CCN2CCC(Nc3nc4ccccc4n3Cc3ccc(F)cc3)CC2)cc1,2247,Prestw-136,Astemizole,human-targeted drugs,10,1,1,0
CCN(CC)C(=O)C(C#N)=Cc1cc(O)c(O)c([N+](=O)[O-])c1,4659568,Prestw-1403,Entacapone,human-targeted drugs,10,1,1,0
CC(OC1OCCN(Cc2nc(=O)[nH][nH]2)C1c1ccc(F)cc1)c1cc(C(F)(F)F)cc(C(F)(F)F)c1,151165,Prestw-1600,Aprepitant,human-targeted drugs,10,1,1,0
COc1cc(Br)c(C[N+]2(CCOCCC3CCC4CC3C4(C)C)CCOCC2)cc1OC,40703,Prestw-1601,Pinaverium bromide,human-targeted drugs,10,1,1,0
Cc1c(Cl)cccc1Nc1ccccc1C(=O)O,610479,Prestw-205,Tolfenamic acid,human-targeted drugs,10,1,1,0
CSc1ccc2c(c1)C(N1CCN(C)CC1)Cc1ccccc1S2,4106,Prestw-375,Methiothepin maleate,human-targeted drugs,10,1,1,0
CCCCc1oc2ccccc2c1C(=O)c1cc(I)c(OCCN(CC)CC)c(I)c1,2156,Prestw-409,Amiodarone hydrochloride,human-targeted drugs,10,1,1,0
O=c1oc2ccccc2c(O)c1Cc1c(O)c2ccccc2oc1=O,25201794,Prestw-785,Dicumarol,human-targeted drugs,10,1,1,0
CC(=O)OCC1=C(C(=O)O)N2C(=O)C(N)C2SC1,13729,Prestw-424,"Cephalosporanic acid, 7-amino",antibiotics,9,1,0,0
CC12Cc3cn[nH]c3CC1CCC1C2CCC2(C)C1CCC2(C)O,5277,Prestw-1161,Stanozolol,human-targeted drugs,9,1,0,0
CN(C)CCOc1ccc(C(=C(CCCl)c2ccccc2)c2ccccc2)cc1,5516,Prestw-1197,Toremifene,human-targeted drugs,9,1,0,0
O=C1NCCN1CCN1CCC(c2cn(-c3ccc(F)cc3)c3ccc(Cl)cc23)CC1,60149,Prestw-1341,Sertindole,human-targeted drugs,9,1,0,0
CN1CCCC(CC2c3ccccc3Sc3ccccc32)C1,4167,Prestw-491,Metixene hydrochloride,human-targeted drugs,9,1,0,0
N#CC(c1ccc(Cl)cc1)c1c(Cl)cc(-n2ncc(=O)[nH]c2=O)cc1Cl,456389,Prestw-1394,Diclazuril,vet: antiparasitics,9,1,0,0
CC(C)(O)c1ccccc1CCC(SCC1(CC(=O)O)CC1)c1cccc(C=Cc2ccc3ccc(Cl)cc3n2)c1,4248,Prestw-1189,Montelukast,human-targeted drugs,8,1,0,0
COc1cc2ncnc(Nc3ccc(F)c(Cl)c3)c2cc1OCCCN1CCOCC1,123631,Prestw-1270,Gefitinib,human-targeted drugs,8,1,0,0
CC(NCCC(c1ccccc1)c1ccccc1)c1ccccc1,3336,Prestw-270,Fendiline hydrochloride,human-targeted drugs,8,1,0,0
CN(C)CCC=C1c2ccccc2Sc2ccc(Cl)cc21,2729,Prestw-348,Chlorprothixene hydrochloride,human-targeted drugs,8,1,0,0
CCCCCCCCNC(C)C(O)c1ccc(SC(C)C)cc1,5354,Prestw-421,Suloctidil,human-targeted drugs,8,1,0,0
Cc1cccc(CN2CCN(C(c3ccccc3)c3ccc(Cl)cc3)CC2)c1,4034,Prestw-457,Meclozine dihydrochloride,human-targeted drugs,8,1,0,0
CNCCCC1c2ccccc2C=Cc2ccccc21,4976,Prestw-930,Protriptyline hydrochloride,human-targeted drugs,8,1,0,0
CC1C(NC(=O)C(=NOC(C)(C)C(=O)O)c2csc(N)n2)C(=O)N1S(=O)(=O)O,2274,Prestw-185,Aztreonam,antibiotics,7,1,0,0
CCOC(=O)Nc1ccc2c(c1)N(C(=O)CCN1CCOCC1)c1ccccc1S2,34632,Prestw-1051,Moricizine hydrochloride,human-targeted drugs,7,1,0,0
Cc1c(OCC(F)(F)F)ccnc1CS(=O)c1nc2ccccc2[nH]1,3883,Prestw-1072,Lansoprazole,human-targeted drugs,7,1,0,0
C=C1C(=CC=C2CCCC3(C)C2CCC3C(C)CCCC(C)C)CC(O)CC1O,2091,Prestw-1211,Alfacalcidol,human-targeted drugs,7,1,0,0
CN1CCN(C2=Nc3ccccc3Oc3ccc(Cl)cc32)CC1,3964,Prestw-132,Loxapine succinate,human-targeted drugs,7,1,0,0
CN(C)CCOC1=Cc2ccccc2Sc2ccc(Cl)cc21,5736,Prestw-1368,Zotepine,human-targeted drugs,7,1,0,0
O=c1[nH]c2ccccc2n1C1CCN(CCCC(c2ccc(F)cc2)c2ccc(F)cc2)CC1,16362,Prestw-308,Pimozide,human-targeted drugs,7,1,0,0
COc1ccc2nc(S(=O)Cc3ncc(C)c(OC)c3C)[nH]c2c1,4594,Prestw-493,Omeprazole,human-targeted drugs,7,1,0,0
CC(CN(C)C)CN1c2ccccc2Sc2ccccc21,5574,Prestw-842,Trimeprazine tartrate,human-targeted drugs,7,1,0,0
Cn1cnc([N+](=O)[O-])c1Sc1ncnc2nc[nH]c12,2265,Prestw-94,Azathioprine,human-targeted drugs,7,1,0,0
OCCN1CCN(CCC=C2c3ccccc3Sc3ccc(Cl)cc32)CC1,12453,Prestw-998,Zuclopenthixol dihydrochloride,human-targeted drugs,7,1,0,0
Cc1cc(-n2c(=O)[nH]c(=O)n(C)c2=O)ccc1Oc1ccc(SC(F)(F)F)cc1,68591,Prestw-1195,Toltrazuril,non-drugs,7,1,0,0
CNC1C(OC2OC(CO)C(N)C(O)C2O)OC2CC(N)C(OC3C(N)CC(N)C(O)C3O)OC2C1O,71428,Prestw-1005,Apramycin,vet: anti-infectives,7,1,0,0
CN(Cc1ccc(C(C)(C)C)cc1)Cc1cccc2ccccc12,2484,Prestw-1252,Butenafine Hydrochloride,antifungals,6,1,0,0
CCN(CC)CCNc1ccc(CO)c2sc3ccccc3c(=O)c12,3634,Prestw-355,Hycanthone,antiparasitics,6,1,0,0
CCCCC(CC)CN1CN(CC(CC)CCCC)CC(C)(N)C1,3607,Prestw-551,Hexetidine,antiseptics,6,1,0,0
CC1OC(OC2C(CO)OC(OC3C(CO)OC(O)C(O)C3O)C(O)C2O)C(O)C(O)C1NC1C=C(CO)C(O)C(O)C1O,41774,Prestw-1174,Acarbose,human-targeted drugs,6,1,0,0
COc1ccc(-c2cc(=S)ss2)cc1,2194,Prestw-1223,Anethole-trithione,human-targeted drugs,6,1,0,0
CCOC(=O)C1=C(C)NC(C)=C(C(=O)OCC)C1c1ccccc1C=CC(=O)OC(C)(C)C,68733,Prestw-1297,Lacidipine,human-targeted drugs,6,1,0,0
COCCCOc1ccnc(CS(=O)c2nc3ccccc3[nH]2)c1C,5029,Prestw-1495,Rabeprazole Sodium salt,human-targeted drugs,6,1,0,0
C=C(CC)C(=O)c1ccc(OCC(=O)O)c(Cl)c1Cl,3278,Prestw-259,Ethacrynic acid,human-targeted drugs,6,1,0,0
CN1CCC(=C2c3ccccc3Sc3ccccc32)CC1,4822,Prestw-294,Pimethixene maleate,human-targeted drugs,6,1,0,0
CN1CCN(CCCN2c3ccccc3Sc3ccc(C(F)(F)F)cc32)CC1,5566,Prestw-313,Trifluoperazine dihydrochloride,human-targeted drugs,6,1,0,0
CN1CCN(CCCN2c3ccccc3Sc3ccc(Cl)cc32)CC1,4917,Prestw-399,Prochlorperazine dimaleate,human-targeted drugs,6,1,0,0
CN(C)CCCN1c2ccccc2Sc2ccc(Cl)cc21,2726,Prestw-64,Chlorpromazine hydrochloride,human-targeted drugs,6,1,0,0
COc1ccc(C(Cl)=C(c2ccc(OC)cc2)c2ccc(OC)cc2)cc1,11289,Prestw-757,Chlorotrianisene,human-targeted drugs,6,1,0,0
CC(CN1c2ccccc2Sc2ccccc21)N(C)C,4927,Prestw-888,Promethazine hydrochloride,human-targeted drugs,6,1,0,0
CC[N+](C)(CC)CCC[n+]1c(-c2ccccc2)c2cc(N)ccc2c2ccc(N)cc21,4939,Prestw-792,Propidium iodide,non-drugs,6,1,0,0
CNC1C(O)C(NC)C2OC3(O)C(=O)CC(C)OC3OC2C1O,2021,Prestw-804,Spectinomycin dihydrochloride,antibiotics,5,1,0,0
Cc1cccc(N(C)C(=S)Oc2ccc3ccccc3c2)c1,5510,Prestw-70,Tolnaftate,antifungals,5,1,0,0
CCC(C)C1OC2(CCC1C)CC1CC(CC=C(C)C(OC3CC(OC)C(OC4CC(OC)C(O)C(C)O4)C(C)O3)C(C)C=CC=C3COC4C(O)C(C)=CC(C(=O)O1)C34O)O2,3085416,Prestw-156,Ivermectin,antiparasitics,5,1,0,0
CCCCN(CCCC)CCC(O)c1cc2c(Cl)cc(Cl)cc2c2cc(C(F)(F)F)ccc12,37392,Prestw-1031,Halofantrine hydrochloride,antiprotozoals,5,1,0,0
CCN(CC)CCCC(C)Nc1c2ccc(Cl)cc2nc2ccc(OC)cc12,237,Prestw-318,Quinacrine dihydrochloride dihydrate,antiprotozoals,5,1,0,0
O=c1[nH]c(=O)n(C2CC(O)C(CO)O2)cc1I,3687,Prestw-18,Idoxuridine,antivirals,5,1,0,0
COCCOC(=O)C1=C(C)NC(C)=C(C(=O)OCC=Cc2ccccc2)C1c1cccc([N+](=O)[O-])c1,2752,Prestw-1376,Cilnidipine,human-targeted drugs,5,1,0,0
Cc1ccc(Cl)c(Nc2ccccc2C(=O)O)c1Cl,4036,Prestw-206,Meclofenamic acid sodium salt monohydrate,human-targeted drugs,5,1,0,0
OCCN1CCN(CCCN2c3ccccc3Sc3ccc(C(F)(F)F)cc32)CC1,3372,Prestw-320,Fluphenazine dihydrochloride,human-targeted drugs,5,1,0,0
CC=CCC(C)C(O)C1C(=O)NC(CC)C(=O)N(C)CC(=O)N(C)C(CC(C)C)C(=O)NC(C(C)C)C(=O)N(C)C(CC(C)C)C(=O)NC(C)C(=O)NC(C)C(=O)N(C)C(CC(C)C)C(=O)N(C)C(CC(C)C)C(=O)N(C)C(C(C)C)C(=O)N1C,2909,Prestw-435,Cyclosporin A,human-targeted drugs,5,1,0,0
CC(Cc1ccccc1)NCCC(c1ccccc1)c1ccccc1,9801,Prestw-560,Prenylamine lactate,human-targeted drugs,5,1,0,0
CCOc1ccc(Cc2nccc3cc(OCC)c(OCC)cc23)cc1OCC,3280,Prestw-830,Ethaverine hydrochloride,human-targeted drugs,5,1,0,0
CCCCc1ccc2nc(NC(=O)OC)[nH]c2c1,26596,Prestw-1110,Parbendazole,vet: antiparasitics,5,1,0,0
CC1(C)C(C(=O)O)N2C(=O)CC2S1(=O)=O,5316,Prestw-1345,Sulbactam,antibiotics,4,0,0,0
CCn1cc(C(=O)O)c(=O)c2ccc(C)nc21,4421,Prestw-1447,Nalidixic acid sodium salt,antibiotics,4,0,0,0
CNC1C(OC2C(OC3C(O)C(O)C(N=C(N)N)C(O)C3N=C(N)N)OC(C)C2(O)CO)OC(CO)C(O)C1O,3069,Prestw-159,Dihydrostreptomycin sulfate,antibiotics,4,0,0,0
CCn1cc(C(=O)O)c(=O)c2cc3c(cc21)OCO3,4628,Prestw-193,Oxolinic acid,antibiotics,4,0,0,0
CCn1nc(C(=O)O)c(=O)c2cc3c(cc21)OCO3,2762,Prestw-780,Cinoxacin,antibiotics,4,0,0,0
Clc1cc(Cl)c(OCC#CI)cc1Cl,3561,Prestw-1269,Haloprogin,antifungals,4,0,0,0
CC(C)(C)NC(=O)C1CC2CCCCC2CN1CC(O)C(Cc1ccccc1)NC(=O)C(CC(N)=O)NC(=O)c1ccc2ccccc2n1,60787,Prestw-1114,Saquinavir mesylate,antivirals,4,0,0,0
CCOC(=O)c1cncn1C(C)c1ccccc1,36339,Prestw-1041,Etomidate,human-targeted drugs,4,0,0,0
CCSc1ccc2c(c1)N(CCCN1CCN(C)CC1)c1ccccc1S2,3085006,Prestw-1068,Thiethylperazine dimalate,human-targeted drugs,4,0,0,0
CN1CCCC(n2nc(Cc3ccc(Cl)cc3)c3ccccc3c2=O)CC1,2267,Prestw-1130,Azelastine HCl,human-targeted drugs,4,0,0,0
OCCN1CCN(CCCN2c3ccccc3Sc3ccc(Cl)cc32)CC1,4748,Prestw-125,Perphenazine,human-targeted drugs,4,0,0,0
CCCc1nc2c(C)cc(-c3nc4ccccc4n3C)cc2n1Cc1ccc(-c2ccccc2C(=O)O)cc1,65999,Prestw-1350,Telmisartan,human-targeted drugs,4,0,0,0
CCCc1nc(C)c2c(=O)nc(-c3cc(S(=O)(=O)N4CCN(CC)CC4)ccc3OCC)[nH]n12,110634,Prestw-1356,Vardenafil,human-targeted drugs,4,0,0,0
CC(=O)OC1CC2CCC3C(CCC4(C)C3CC([N+]3(C)CCCCC3)C4OC(C)=O)C2(C)CC1N1CCCCC1,39764,Prestw-1359,Vecuronium bromide,human-targeted drugs,4,0,0,0
S=c1nc[nH]c2nc[nH]c12,667490,Prestw-1469,Mercaptopurine,human-targeted drugs,4,0,0,0
O=C(O)c1ccccc1Nc1cccc(C(F)(F)F)c1,3371,Prestw-203,Flufenamic acid,human-targeted drugs,4,0,0,0
CCCCCCC[N+](CC)(CC)CCCCc1ccc(Cl)cc1,2798,Prestw-319,Clofilium tosylate,human-targeted drugs,4,0,0,0
Cc1cccc(C)c1NC(=O)CN1CCN(CCCC(c2ccc(F)cc2)c2ccc(F)cc2)CC1,3926,Prestw-381,Lidoflazine,human-targeted drugs,4,0,0,0
CN(C)CCC=C1c2ccccc2C=Cc2ccccc21,2895,Prestw-445,Cyclobenzaprine hydrochloride,human-targeted drugs,4,0,0,0
COc1ccc2[nH]c(S(=O)Cc3ncc(C)c(OC)c3C)nc2n1,636411,Prestw-1351,Tenatoprazole,non-drugs,4,0,0,0
CCCC(C(=O)OCCN(CC)CC)(c1ccccc1)c1ccccc1,4910,Prestw-778,Proadifen hydrochloride,non-drugs,4,0,0,0
CNC(C)C1CCC(N)C(OC2C(N)CC(N)C(OC3OCC(C)(O)C(NC)C3O)C2O)O1,6419933,Prestw-160,Gentamicine sulfate,antibiotics,3,0,0,0
CCn1cc(C(=O)O)c(=O)c2cnc(N3CCNCC3)nc21,4831,Prestw-897,Pipemidic acid,antibiotics,3,0,0,0
CCN(CC)Cc1cc(Nc2ccnc3cc(Cl)ccc23)ccc1O,2165,Prestw-309,Amodiaquin dihydrochloride dihydrate,antiprotozoals,3,0,0,0
NC(=O)c1ncn(C2OC(CO)C(O)C2O)n1,5064,Prestw-993,Ribavirin,antivirals,3,0,0,0
CNC1CCC(c2ccc(Cl)c(Cl)c2)c2ccccc21,5203,Prestw-1014,Sertraline,human-targeted drugs,3,0,0,0
O=C1CCc2ccc(OCCCCN3CCN(c4cccc(Cl)c4Cl)CC3)cc2N1,60795,Prestw-1229,Aripiprazole,human-targeted drugs,3,0,0,0
CN1CC2c3ccccc3Oc3ccc(Cl)cc3C2C1,156326,Prestw-1231,Asenapine maleate,human-targeted drugs,3,0,0,0
COC1=C(OC)C(=O)C(CCCCCCCCCCO)=C(C)C1=O,3686,Prestw-1288,Idebenone,human-targeted drugs,3,0,0,0
Nc1nc(Cl)nc2c1ncn2C1CC(O)C(CO)O1,1546,Prestw-1484,Cladribine,human-targeted drugs,3,0,0,0
C(=Cc1ccccc1)CN1CCN(C(c2ccccc2)c2ccccc2)CC1,2761,Prestw-278,Cinnarizine,human-targeted drugs,3,0,0,0
CC#CC1(O)CCC2C3CCC4=CC(=O)CCC4=C3C(c3ccc(N(C)C)cc3)CC21C,4196,Prestw-299,Mifepristone,human-targeted drugs,3,0,0,0
COc1cc(C)nc(-n2nc(C)cc2OC)n1,3242,Prestw-32,Epirizole,human-targeted drugs,3,0,0,0
Nc1nc(=S)c2ncn(C3OC(CO)C(O)C3O)c2[nH]1,2724387,Prestw-347,Thioguanosine,human-targeted drugs,3,0,0,0
Fc1ccc(C(OCCN2CCN(CCCc3ccccc3)CC2)c2ccc(F)cc2)cc1,3455,Prestw-386,GBR 12909 dihydrochloride,human-targeted drugs,3,0,0,0
NC(Cc1cc(I)c(Oc2cc(I)c(O)c(I)c2)c(I)c1)C(=O)O,853,Prestw-403,Thyroxine (L),human-targeted drugs,3,0,0,0
CC(=O)N(CC(O)CO)c1c(I)c(C(=O)NCC(O)CO)c(I)c(C(=O)NCC(O)CO)c1I,3730,Prestw-512,Iohexol,human-targeted drugs,3,0,0,0
CN1CCCCC1CCN1c2ccccc2Sc2ccc(S(C)=O)cc21,36207,Prestw-529,Mesoridazine besylate,human-targeted drugs,3,0,0,0
O=[N+]([O-])OC1COC2C(O[N+](=O)[O-])COC12,3780,Prestw-714,Isosorbide dinitrate,human-targeted drugs,3,0,0,0
CCC(C)(C)C(=O)OC1CC(C)C=C2C=CC(C)C(CCC3CC(O)CC(=O)O3)C21,54454,Prestw-865,Simvastatin,human-targeted drugs,3,0,0,0
CNC1CC(c2ccc(Cl)c(Cl)c2)c2ccccc21,3703,Prestw-1602,Indatraline hydrochloride,non-drugs,3,0,0,0
CC(C)(C)C(=O)OCOC(=O)C1N2C(=O)C(N=CN3CCCCCC3)C2SC1(C)C,4857,Prestw-1053,Pivmecillinam hydrochloride,antibiotics,2,0,0,0
O=C(O)C1C(=CCO)OC2CC(=O)N21,2172,Prestw-1315,Clavulanate potassium salt,antibiotics,2,0,0,0
CC1=C(C(=O)O)N2C(=O)C(NC(=O)C(N)c3ccc(O)cc3)C2SC1,2610,Prestw-434,Cefadroxil,antibiotics,2,0,0,0
CNC1C(O)C(OC2C(N)CC(N)C(OC3OC(CN)=CCC3N)C2O)OCC1(C)O,5224,Prestw-506,Sisomicin sulfate,antibiotics,2,0,0,0
COC(=O)Nc1nc2ccc(Sc3ccccc3)cc2[nH]1,3334,Prestw-210,Fenbendazole,antiparasitics,2,0,0,0
CCCSc1ccc2nc(NC(=O)OC)[nH]c2c1,2082,Prestw-247,Albendazole,antiparasitics,2,0,0,0
O=C1C(=O)c2ccccc2C(O)=C1C1CCC(c2ccc(Cl)cc2)CC1,74989,Prestw-534,Atovaquone,antiprotozoals,2,0,0,0
Clc1ccc2c(c1)C(N1CCNCC1)=Nc1ccccc1O2,2170,Prestw-102,Amoxapine,human-targeted drugs,2,0,0,0
CC(=O)CC(c1ccc([N+](=O)[O-])cc1)c1c(O)oc2ccccc2c1=O,40468184,Prestw-110,Acenocoumarol,human-targeted drugs,2,0,0,0
O=C(CCCN1CCC(O)(c2ccc(Cl)cc2)CC1)c1ccc(F)cc1,3559,Prestw-115,Haloperidol,human-targeted drugs,2,0,0,0
CCOC(=O)C1=C(COCCN)NC(C)=C(C(=O)OC)C1c1ccccc1Cl,2162,Prestw-1219,Amlodipine,human-targeted drugs,2,0,0,0
C#Cc1cccc(Nc2ncnc3cc(OCCOC)c(OCCOC)cc23)c1,176870,Prestw-1242,Erlotinib,human-targeted drugs,2,0,0,0
Nc1ccn(C2OC(CO)C(O)C2(F)F)c(=O)n1,3461,Prestw-1266,Gemcitabine,human-targeted drugs,2,0,0,0
CCc1ccc(CCOc2ccc(CC3SC(=O)NC3=O)cc2)nc1,4829,Prestw-1314,Pioglitazone,human-targeted drugs,2,0,0,0
O=C(OCCOCCO)c1ccccc1Nc1cccc(C(F)(F)F)c1,35375,Prestw-1407,Etofenamate,human-targeted drugs,2,0,0,0
CN(C)C(=O)C(CCN1CCC(O)(c2ccc(Cl)cc2)CC1)(c1ccccc1)c1ccccc1,3954,Prestw-144,Loperamide hydrochloride,human-targeted drugs,2,0,0,0
Clc1ccc(C(c2ccccc2Cl)C(Cl)Cl)cc1,4211,Prestw-1444,Mitotane,human-targeted drugs,2,0,0,0
CNCC(O)c1ccc(O)c(O)c1,838,Prestw-1480,Racepinephrine HCl,human-targeted drugs,2,0,0,0
Cc1cccn2c(=O)c(-c3nn[nH]n3)cnc12,57697,Prestw-1603,Pemirolast potassium,human-targeted drugs,2,0,0,0
Nc1nc2ccc(OC(F)(F)F)cc2s1,5070,Prestw-167,Riluzole hydrochloride,human-targeted drugs,2,0,0,0
CN1CC(CNC(=O)OCc2ccccc2)CC2c3cccc4c3c(cn4C)CC21,4090,Prestw-364,Metergoline,human-targeted drugs,2,0,0,0
COC(=O)C1=C(C)NC(C)=C(C(=O)OCCN(C)Cc2ccccc2)C1c1cccc([N+](=O)[O-])c1,4473,Prestw-383,Nicardipine hydrochloride,human-targeted drugs,2,0,0,0
CC12CCC(=O)C=C1CCC1C2C(O)CC2(C)C1CCC2(O)C(=O)CO,3640,Prestw-447,Hydrocortisone base,human-targeted drugs,2,0,0,0
CN1CCc2c(c3ccccc3n2Cc2ccccc2)C1,22529,Prestw-455,"Mebhydroline 1,5-naphtalenedisulfonate",human-targeted drugs,2,0,0,0
CNCCC=C1c2ccccc2C=Cc2ccccc21,9917,Prestw-513,Norcyclobenzaprine,human-targeted drugs,2,0,0,0
CN(C)CCCN1c2ccccc2Sc2ccc(C(F)(F)F)cc21,5568,Prestw-53,Triflupromazine hydrochloride,human-targeted drugs,2,0,0,0
CC(=O)c1ccc2c(c1)N(CCCN(C)C)c1ccccc1S2,6077,Prestw-576,Acetopromazine maleate salt,human-targeted drugs,2,0,0,0
Nc1nc(=O)c2nc(CNc3ccc(C(=O)NC(CCC(=O)O)C(=O)O)cc3)cnc2[nH]1,3405,Prestw-627,Folic acid,human-targeted drugs,2,0,0,0
Cc1oncc1C(=O)Nc1ccc(C(F)(F)F)cc1,3899,Prestw-772,Leflunomide,human-targeted drugs,2,0,0,0
OC(CCN1CCCCC1)(c1ccccc1)c1ccccc1,4904,Prestw-799,Pridinol methanesulfonate salt,human-targeted drugs,2,0,0,0
CC1(C(=O)O)CCC2(C)CCC3(C)C(=CC(=O)C4C5(C)CCC(OC(=O)CCC(=O)O)C(C)(C)C5CCC43C)C2C1,2561,Prestw-837,Carbenoxolone disodium salt,human-targeted drugs,2,0,0,0
O=C1NCN(c2ccccc2)C12CCN(CCCC(c1ccc(F)cc1)c1ccc(F)cc1)CC2,3396,Prestw-906,Fluspirilen,human-targeted drugs,2,0,0,0
CC1(C)NC(=O)N(c2ccc([N+](=O)[O-])c(C(F)(F)F)c2)C1=O,4493,Prestw-928,Nilutamide,human-targeted drugs,2,0,0,0
C#CC1(O)CCC2C3CCC4=CCCCC4C3CCC21C,5857,Prestw-95,Lynestrenol,human-targeted drugs,2,0,0,0
Cc1c(Nc2ncccc2C(=O)O)cccc1C(F)(F)F,39212,Prestw-744,Flunixin meglumine,vet: animal-targeted drugs,2,0,0,0
NC1CONC1=O,401,Prestw-1089,(S)-(-)-Cycloserine,antibiotics,1,0,0,0
NCC1OC(OC2C(N)CC(N)C(O)C2OC2OC(CO)C(O)C2O)C(N)C(O)C1O,5066,Prestw-758,Ribostamycin sulfate salt,antibiotics,1,0,0,0
Nc1[nH]c(=O)ncc1F,3366,Prestw-934,Flucytosine,antifungals,1,0,0,0
COP(=O)(OC)C(O)C(Cl)(Cl)Cl,5853,Prestw-51,Trichlorfon,antiparasitics,1,0,0,0
CCN(CC)C(=S)SSC(=S)N(CC)CC,3117,Prestw-97,Disulfiram,antiparasitics,1,0,0,0
CC1CCC2C(C)C(=O)OC3OC4(C)CCC1C32OO4,2240,Prestw-498,Artemisinin,antiprotozoals,1,0,0,0
CN(C(=O)C(Cl)Cl)c1ccc(O)cc1,11367,Prestw-903,Diloxanide furoate,antiprotozoals,1,0,0,0
CC(C)Cn1cnc2c(N)nc3ccccc3c21,57469,Prestw-1291,Imiquimod,antivirals,1,0,0,0
Nc1nc(NC2CC2)c2ncn(C3C=CC(CO)C3)c2n1,1971,Prestw-1512,Abacavir Sulfate,antivirals,1,0,0,0
Nc1ncnc2c1ncn2C1OC(CO)C(O)C1O,191,Prestw-768,Vidarabine,antivirals,1,0,0,0
CN1CCc2cccc3c2C1Cc1ccc(O)c(O)c1-3,2215,Prestw-101,R(-) Apomorphine hydrochloride hemihydrate,human-targeted drugs,1,0,0,0
CN1C2CCC1CC(OC1c3ccccc3CCc3ccccc31)C2,16575,Prestw-1013,Deptropine citrate,human-targeted drugs,1,0,0,0
CCOC1OC(C(COCc2ccccc2)OCc2ccccc2)C(OCc2ccccc2)C1O,5557,Prestw-1019,Tribenoside,human-targeted drugs,1,0,0,0
CN1CCC(=C2c3ccccc3C=Cc3ccccc32)CC1,2913,Prestw-103,Cyproheptadine hydrochloride,human-targeted drugs,1,0,0,0
NC(N)=Nc1nc(CSCCC(N)=NS(N)(=O)=O)cs1,3325,Prestw-104,Famotidine,human-targeted drugs,1,0,0,0
CCC(Cc1c(I)cc(I)c(N)c1I)C(=O)O,3735,Prestw-1052,Iopanoic acid,human-targeted drugs,1,0,0,0
O=C(NCCO[N+](=O)[O-])c1cccnc1,47528,Prestw-106,Nicorandil,human-targeted drugs,1,0,0,0
O=C(O)CCc1nc(-c2ccccc2)c(-c2ccccc2)o1,4614,Prestw-1060,Oxaprozin,human-targeted drugs,1,0,0,0
CC[N+](C)(CC)CCOC(=O)C1c2ccccc2Oc2ccccc21,4097,Prestw-1066,Methantheline bromide,human-targeted drugs,1,0,0,0
COC(=O)Nc1nc2ccc(SC(C)C)cc2[nH]1,6604471,Prestw-1080,Methiazole,human-targeted drugs,1,0,0,0
CC(C)(C(=O)O)c1ccc(C(O)CCCN2CCC(C(O)(c3ccccc3)c3ccccc3)CC2)cc1,3348,Prestw-1102,Fexofenadine HCl,human-targeted drugs,1,0,0,0
CCc1nn(CCCN2CCN(c3cccc(Cl)c3)CC2)c(=O)n1CCOc1ccccc1,4449,Prestw-1152,Nefazodone HCl,human-targeted drugs,1,0,0,0
CN(C)CCC(c1ccc(Cl)cc1)c1ccccn1,2725,Prestw-117,Chlorpheniramine maleate,human-targeted drugs,1,0,0,0
Cn1nnc2c(C(N)=O)ncn2c1=O,5394,Prestw-1183,Temozolomide,human-targeted drugs,1,0,0,0
O=C1Cc2cc(CCN3CCN(c4nsc5ccccc45)CC3)c(Cl)cc2N1,60853,Prestw-1188,Ziprasidone  Hydrochloride,human-targeted drugs,1,0,0,0
COc1ccccc1Oc1c(NS(=O)(=O)c2ccc(C(C)(C)C)cc2)nc(-c2ncccn2)nc1OCCO,104865,Prestw-1244,Bosentan,human-targeted drugs,1,0,0,0
O=C(O)Cc1sc(-c2ccccc2)nc1-c1ccc(Cl)cc1,28871,Prestw-1254,Fentiazac,human-targeted drugs,1,0,0,0
COc1ccccc1OCCNCC(O)COc1cccc2[nH]c3ccccc3c12,2585,Prestw-1262,Carvedilol,human-targeted drugs,1,0,0,0
O=C(Nc1cccc2c(=O)cc(-c3nn[nH]n3)oc12)c1ccc(OCCCCc2ccccc2)cc1,4887,Prestw-1317,Pranlukast,human-targeted drugs,1,0,0,0
OCCOCCN1CCN(C2=Nc3ccccc3Sc3ccccc32)CC1,5002,Prestw-1323,Quetiapine hemifumarate,human-targeted drugs,1,0,0,0
CNS(=O)(=O)Cc1ccc2[nH]cc(CCN(C)C)c2c1,5358,Prestw-1346,Sumatriptan succinate,human-targeted drugs,1,0,0,0
CC(c1cc2ccccc2s1)N(O)C(N)=O,60490,Prestw-1365,Zileuton,human-targeted drugs,1,0,0,0
CCOC(=O)C=C(C)C=CC=C(C)C=Cc1c(C)cc(OC)c(C)c1C,3312,Prestw-1409,Etretinate,human-targeted drugs,1,0,0,0
C#CC1(OC(C)=O)CCC2C3CCC4=CC(=NO)CCC4C3CCC21CC,37083,Prestw-1452,Norgestimate,human-targeted drugs,1,0,0,0
Nc1nc(F)nc2c1ncn2C1OC(CO)C(O)C1O,3367,Prestw-1483,Fludarabine,human-targeted drugs,1,0,0,0
CCCCCCCN(CC)CCCC(O)c1ccc(NS(C)(=O)=O)cc1,60752,Prestw-1508,Ibutilide fumarate,human-targeted drugs,1,0,0,0
NC(=O)C(c1ccccc1)(c1ccccc1)C1CCN(CCc2ccc3c(c2)CCO3)C1,72054,Prestw-1514,Darifenacin hydrobromide,human-targeted drugs,1,0,0,0
N#Cc1ccc(C2CCCc3cncn32)cc1,59693,Prestw-1515,Fadrozole hydrochloride,human-targeted drugs,1,0,0,0
CC(=O)OC1C(=O)C2(C)C(O)CC3OCC3(OC(C)=O)C2C(OC(=O)c2ccccc2)C2(O)CC(OC(=O)C(O)C(NC(=O)c3ccccc3)c3ccccc3)C(C)=C1C2(C)C,4666,Prestw-155,Paclitaxel,human-targeted drugs,1,0,0,0
CCN(CCCc1ccccc1)CCCc1ccccc1,3678,Prestw-174,Alverine citrate salt,human-targeted drugs,1,0,0,0
CS(=O)(=O)Nc1ccc([N+](=O)[O-])cc1Oc1ccccc1,4495,Prestw-194,Nimesulide,human-targeted drugs,1,0,0,0
CCCNC(C)C(=O)Nc1ccccc1C,4906,Prestw-199,Prilocaine hydrochloride,human-targeted drugs,1,0,0,0
O=C(O)CCC(=O)c1ccc(-c2ccccc2)cc1,3335,Prestw-218,Fenbufen,human-targeted drugs,1,0,0,0
CCCCOc1ccc(CC(=O)NO)cc1,2466,Prestw-243,Bufexamac,human-targeted drugs,1,0,0,0
CN(C)CCCN1c2ccccc2CCc2ccc(Cl)cc21,2801,Prestw-269,Clomipramine hydrochloride,human-targeted drugs,1,0,0,0
O=C(CCCN1CCC2(CC1)C(=O)NCN2c1ccccc1)c1ccc(F)cc1,5265,Prestw-288,Spiperone,human-targeted drugs,1,0,0,0
O=C1N=C(O)CN1N=Cc1ccc(-c2ccc([N+](=O)[O-])cc2)o1,2951,Prestw-291,Dantrolene sodium salt,human-targeted drugs,1,0,0,0
O=c1n(CCCN2CCN(c3cccc(Cl)c3)CC2)nc2ccccn12,5533,Prestw-292,Trazodone hydrochloride,human-targeted drugs,1,0,0,0
O=C(OCC(O)CO)c1ccccc1Nc1ccnc2cc(Cl)ccc12,3474,Prestw-293,Glafenine hydrochloride,human-targeted drugs,1,0,0,0
CN(C)CCCOc1nn(Cc2ccccc2)c2ccccc12,12555,Prestw-297,Benzydamine hydrochloride,human-targeted drugs,1,0,0,0
Fc1ccc(C(c2ccc(F)cc2)N2CCN(CC=Cc3ccccc3)CC2)cc1,3377,Prestw-312,Flunarizine dihydrochloride,human-targeted drugs,1,0,0,0
CC(Cc1cccc(C(F)(F)F)c1)NCCOC(=O)c1ccccc1,2318,Prestw-367,Benfluorex hydrochloride,human-targeted drugs,1,0,0,0
CC(C)NCC(O)COc1ccc(CCOCC2CC2)cc1,2369,Prestw-382,Betaxolol hydrochloride,human-targeted drugs,1,0,0,0
CCC(=O)OC1CCC2C3CCC4=CC(=O)CCC4(C)C3CCC12C,5410,Prestw-401,Testosterone propionate,human-targeted drugs,1,0,0,0
CC1OC(OC2C(O)CC(OC3C(O)CC(OC4CCC5(C)C(CCC6C5CC(O)C5(C)C(C7=CC(=O)OC7)CCC65O)C4)OC3C)OC2C)CC(O)C1O,3062,Prestw-437,Digoxin,human-targeted drugs,1,0,0,0
CCN(CC)CCOC(=O)C1(C2CCCCC2)CCCCC1,3042,Prestw-48,Dicyclomine hydrochloride,human-targeted drugs,1,0,0,0
O=C(CCCN1CCC(O)(c2ccc(Br)cc2)CC1)c1ccc(F)cc1,2448,Prestw-509,Bromperidol,human-targeted drugs,1,0,0,0
O=C1c2ccccc2C(=O)C1c1ccccc1,4760,Prestw-538,Phenindione,human-targeted drugs,1,0,0,0
CC1CC2C3CCC4=CC(=O)C=CC4(C)C3(Cl)C(O)CC2(C)C1(OC(=O)c1ccco1)C(=O)CCl,4240,Prestw-572,Mometasone furoate,human-targeted drugs,1,0,0,0
CN(C)NN=C1N=CN=C1C(N)=O,5281007,Prestw-574,Dacarbazine,human-targeted drugs,1,0,0,0
CCC12CCCN3CCc4c(n(c5ccccc45)C(=O)C1)C32,3195,Prestw-607,Eburnamonine (-),human-targeted drugs,1,0,0,0
CN(CCCCCCCCCCN(C)C(=O)Oc1cccc([N+](C)(C)C)c1)C(=O)Oc1cccc([N+](C)(C)C)c1,5965,Prestw-616,Demecarium bromide,human-targeted drugs,1,0,0,0
CCCCc1cc2ccccc2c(OCCN(C)C)n1,6857,Prestw-630,Dimethisoquin hydrochloride,human-targeted drugs,1,0,0,0
CC12CCC3c4ccc(OS(=O)(=O)O)cc4CCC3C1CCC2=O,23703,Prestw-688,Estropipate,human-targeted drugs,1,0,0,0
CC(C)c1c(CN(C)C(C)Cc2ccccc2)n(C)n(-c2ccccc2)c1=O,3326,Prestw-703,Famprofazone,human-targeted drugs,1,0,0,0
CN1CCN(C(c2ccccc2)c2ccc(Cl)cc2)CC1,2710,Prestw-706,Chlorcyclizine hydrochloride,human-targeted drugs,1,0,0,0
CC(=O)C1(O)CCC2C3CC(C)C4=CC(=O)C=CC4(C)C3(F)C(O)CC21C,3384,Prestw-718,Fluorometholone,human-targeted drugs,1,0,0,0
CCCCOC(=O)c1ccc(N)cc1,2482,Prestw-761,Butamben,human-targeted drugs,1,0,0,0
NC(N)=NCC1COC2(CCCCC2)O1,38521,Prestw-767,Guanadrel sulfate,human-targeted drugs,1,0,0,0
COc1ccc2c(c1)N(CC(C)CN(C)C)c1ccccc1S2,3916,Prestw-797,Methotrimeprazine maleat salt,human-targeted drugs,1,0,0,0
CC(=O)N(CC(C)C(=O)O)c1c(I)cc(I)c(N)c1I,27648,Prestw-838,Iocetamic acid,human-targeted drugs,1,0,0,0
COc1cc2nc(N3CCN(C(=O)C4COc5ccccc5O4)CC3)nc(N)c2cc1OC,3157,Prestw-858,Doxazosin mesylate,human-targeted drugs,1,0,0,0
O=C(c1ccc(OCCN2CCCCC2)cc1)c1c(-c2ccc(O)cc2)sc2cc(O)ccc12,5035,Prestw-862,Raloxifene hydrochloride,human-targeted drugs,1,0,0,0
Nc1ncn(C2OC(CO)C(O)C2O)c(=O)n1,1805,Prestw-866,Azacytidine-5,human-targeted drugs,1,0,0,0
COC(=O)C1C2CC3c4[nH]c5cc(OC)ccc5c4CCN3CC2CC(OC(=O)c2cc(OC)c(OC)c(OC)c2)C1OC,5052,Prestw-875,Reserpine,human-targeted drugs,1,0,0,0
COCCOC(=O)C1=C(C)NC(C)=C(C(=O)OC(C)C)C1c1cccc([N+](=O)[O-])c1,4497,Prestw-918,Nimodipine,human-targeted drugs,1,0,0,0
OCc1cc(C(O)CNCCCCCCOCCCCc2ccccc2)ccc1O,5152,Prestw-945,Salmeterol,human-targeted drugs,1,0,0,0
COc1ccccc1N1CCN(CC(O)COc2cccc3ccccc23)CC1,4418,Prestw-975,Naftopidil dihydrochloride,human-targeted drugs,1,0,0,0
COc1ccc2c(c1)C(=O)N(CCc1ccc(S(=O)(=O)NC(=O)NC3CCCCC3)cc1)C(=O)C2(C)C,91610,Prestw-991,Gliquidone,human-targeted drugs,1,0,0,0
CN1CCC(=C2c3ccccc3CCc3sccc32)CC1,168993,Prestw-992,Pizotifen malate,human-targeted drugs,1,0,0,0
NS(=O)(=O)c1cc2c(cc1Cl)NC(CC1CCCC1)NS2(=O)=O,2904,Prestw-994,Cyclopenthiazide,human-targeted drugs,1,0,0,0
CNc1ncnc2c1ncn2C1OC(CO)C(O)C1O,1869,Prestw-338,N6-methyladenosine,non-drugs,1,0,0,0
CN(C)CCCOC1C(C(O)CO)OC2OC(C)(C)OC21,2158,Prestw-845,Amiprilose hydrochloride,non-drugs,1,0,0,0
O=c1cc(-c2ccc(O)c(O)c2)oc2cc(O)cc(O)c12,5280445,Prestw-870,Luteolin,non-drugs,1,0,0,0
CCCCOC(=O)c1ccc(O)cc1,7184,Prestw-894,Butylparaben,non-drugs,1,0,0,0
CCCCNc1c(C(=O)OCC)c(C)nc2c1cnn2CC,5522,Prestw-976,Tracazolate hydrochloride,non-drugs,1,0,0,0
COc1cc(NS(=O)(=O)c2ccc(N)cc2)ncn1,5332,Prestw-823,Sulfamonomethoxine,vet: anti-infectives,1,0,0,0
CCCOc1ccc2nc(NC(=O)OC)[nH]c2c1,4622,Prestw-1460,Oxibendazol,vet: antiparasitics,1,0,0,0
NC(N)=NS(=O)(=O)c1ccc(N)cc1,5324,Prestw-10,Sulfaguanidine,antibiotics,0,0,0,0
NCCCC(N)CC(=O)NC1CNC(=O)C(C2CC(O)N=C(N)N2)NC(=O)C(=CNC(N)=O)NC(=O)C(CO)NC(=O)C(CO)NC1=O,14973,Prestw-1113,Viomycin sulfate,antibiotics,0,0,0,0
Nc1ccc(C(=O)O)c(O)c1,4649,Prestw-1202,4-aminosalicylic acid,antibiotics,0,0,0,0
C1N2CN3CN1CN(C2)C3,4101,Prestw-1282,Methenamine,antibiotics,0,0,0,0
CCCc1cc(C(N)=S)ccn1,666418,Prestw-1321,Prothionamide,antibiotics,0,0,0,0
CC(=O)NS(=O)(=O)c1ccc(N)cc1,5320,Prestw-14,Sulfacetamide sodic hydrate,antibiotics,0,0,0,0
NCC1OC(OC2C(CO)OC(OC3C(O)C(N)CC(N)C3OC3OC(CN)C(O)C(O)C3N)C2O)C(N)C(O)C1O,4454,Prestw-158,Neomycin sulfate,antibiotics,0,0,0,0
Nc1ccc(S(=O)(=O)Nc2nccs2)cc1,5340,Prestw-16,Sulfathiazole,antibiotics,0,0,0,0
NNC(=O)c1ccncc1,3767,Prestw-161,Isoniazid,antibiotics,0,0,0,0
Cc1cc(NS(=O)(=O)c2ccc(N)cc2)no1,5329,Prestw-177,Sulfamethoxazole,antibiotics,0,0,0,0
Nc1ccc(S(=O)(=O)Nc2ccnn2-c2ccccc2)cc1,5335,Prestw-21,Sulfaphenazole,antibiotics,0,0,0,0
Nc1ccc(S(=O)(=O)Nc2ncccn2)cc1,5215,Prestw-23,Sulfadiazine,antibiotics,0,0,0,0
CCC(CO)NCCNC(CC)CO,3279,Prestw-28,Ethambutol dihydrochloride,antibiotics,0,0,0,0
CNC1C(OC2C(OC3C(O)C(O)C(N=C(N)N)C(O)C3N=C(N)N)OC(C)C2(O)C=O)OC(CO)C(O)C1O,5297,Prestw-321,Streptomycin sulfate,antibiotics,0,0,0,0
Cc1noc(NS(=O)(=O)c2ccc(N)cc2)c1C,5344,Prestw-334,Sulfisoxazole,antibiotics,0,0,0,0
Nc1ccc(S(=O)(=O)c2ccc(N)cc2)cc1,2955,Prestw-35,Dapsone,antibiotics,0,0,0,0
NCC1OC(OC2C(N)CC(N)C(OC3OC(CO)C(O)C(N)C3O)C2O)C(O)C(O)C1O,815,Prestw-394,Kanamycin A sulfate,antibiotics,0,0,0,0
NC(=O)c1cnccn1,1046,Prestw-514,Pyrazinamide,antibiotics,0,0,0,0
CCc1cc(C(N)=S)ccn1,2761171,Prestw-526,Ethionamide,antibiotics,0,0,0,0
Cc1ccnc(NS(=O)(=O)c2ccc(N)cc2)n1,5325,Prestw-694,Sulfamerazine,antibiotics,0,0,0,0
O=C(O)CCC(=O)Nc1ccc(S(=O)(=O)Nc2nccs2)cc1,5315,Prestw-702,Succinylsulfathiazole,antibiotics,0,0,0,0
COc1ccc(NS(=O)(=O)c2ccc(N)cc2)nn1,5330,Prestw-724,Sulfamethoxypyridazine,antibiotics,0,0,0,0
COc1cc(NS(=O)(=O)c2ccc(N)cc2)nc(OC)n1,5323,Prestw-728,Sulfadimethoxine,antibiotics,0,0,0,0
Nc1ccc(S(N)(=O)=O)cc1,5333,Prestw-729,Sulfanilamide,antibiotics,0,0,0,0
Cc1nnc(NS(=O)(=O)c2ccc(N)cc2)s1,5328,Prestw-742,Sulfamethizole,antibiotics,0,0,0,0
Nc1ccc(S(=O)(=O)Nc2ccccn2)cc1,5336,Prestw-762,Sulfapyridine,antibiotics,0,0,0,0
COc1cnc(NS(=O)(=O)c2ccc(N)cc2)nc1,5326,Prestw-769,Sulfameter,antibiotics,0,0,0,0
Cc1cc(C)nc(NS(=O)(=O)c2ccc(N)cc2)n1,5327,Prestw-775,Sulfamethazine sodium salt,antibiotics,0,0,0,0
CCn1cc(C(=O)O)c(=O)c2cnc(N3CCCC3)nc21,4855,Prestw-805,Piromidic acid,antibiotics,0,0,0,0
NCC1OC(OC2C(CO)OC(OC3C(O)C(N)CC(N)C3OC3OC(CO)C(O)C(O)C3N)C2O)C(N)C(O)C1O,4689,Prestw-867,Paromomycin sulfate,antibiotics,0,0,0,0
O=C(O)c1ccccc1C(=O)Nc1ccc(S(=O)(=O)Nc2nccs2)cc1,4806,Prestw-869,Phthalylsulfathiazole,antibiotics,0,0,0,0
Nc1ccccc1S(N)(=O)=O,72894,Prestw-913,2-Aminobenzenesulfonamide,antibiotics,0,0,0,0
CN(CC=Cc1ccccc1)Cc1cccc2ccccc12,47640,Prestw-1063,Naftifine hydrochloride,antifungals,0,0,0,0
CCC(C)n1ncn(-c2ccc(N3CCN(c4ccc(OCC5COC(Cn6cncn6)(c6ccc(Cl)cc6Cl)O5)cc4)CC3)cc2)c1=O,3793,Prestw-1139,Itraconazole,antifungals,0,0,0,0
COc1cccc(N(C)C(=S)Oc2ccc3c(c2)CCCC3)n1,3936,Prestw-1140,Liranaftate,antifungals,0,0,0,0
OC(Cn1cncn1)(Cn1cncn1)c1ccc(F)cc1F,3365,Prestw-1417,Fluconazole,antifungals,0,0,0,0
CC(c1ncncc1F)C(O)(Cn1cncn1)c1ccc(F)cc1F,71616,Prestw-1500,Voriconazole,antifungals,0,0,0,0
COC1=CC(=O)CC(C)C12Oc1c(Cl)c(OC)cc(OC)c1C2=O,3512,Prestw-226,Griseofulvin,antifungals,0,0,0,0
NC(=O)OCC(O)COc1ccc(Cl)cc1,2724,Prestw-234,Chlorphensin carbamate,antifungals,0,0,0,0
CC1C=CC=CC=CC=CC=CC=CC=CC(OC2OC(C)C(O)C(N)C2O)CC2OC(O)(CC(O)CC(O)C(O)CCC(O)CC(O)CC(=O)OC(C)C(C)C1O)CC(O)C2C(=O)O,1972,Prestw-410,Amphotericin B,antifungals,0,0,0,0
CC(C)N1CCN(c2ccc(OCC3COC(Cn4cncn4)(c4ccc(Cl)cc4Cl)O3)cc2)CC1,5404,Prestw-495,Terconazole,antifungals,0,0,0,0
CC1C=CC=CCCC=CC=CC=CC=CC(OC2OC(C)C(O)C(N)C2O)CC2OC(O)(CC(O)C(O)CCC(O)CC(O)CC(O)CC(=O)OC(C)C(C)C1O)CC(O)C2C(=O)O,4568,Prestw-517,Nystatine,antifungals,0,0,0,0
c1ccc2[nH]c(-c3cscn3)nc2c1,5430,Prestw-524,Tiabendazole,antifungals,0,0,0,0
Cc1cc(C2CCCCC2)n(O)c(=O)c1,38911,Prestw-541,Ciclopirox ethanolamine,antifungals,0,0,0,0
COC(=O)Nc1nc2ccc(C(=O)c3ccc(F)cc3)cc2[nH]1,35802,Prestw-1416,Flubendazol,antiparasitics,0,0,0,0
c1ccc(C2CN3CCSC3=N2)cc1,3913,Prestw-182,Levamisole hydrochloride,antiparasitics,0,0,0,0
CN1CCCN=C1C=Cc1cccs1,4989,Prestw-212,Pyrantel tartrate,antiparasitics,0,0,0,0
COC(=O)Nc1nc2ccc(C(=O)c3ccccc3)cc2[nH]1,4030,Prestw-217,Mebendazole,antiparasitics,0,0,0,0
O=C(C1CCCCC1)N1CC(=O)N2CCc3ccccc3C2C1,4891,Prestw-260,Praziquantel,antiparasitics,0,0,0,0
CCN(CC)C(=O)N1CCN(C)CC1,3052,Prestw-284,Diethylcarbamazine citrate,antiparasitics,0,0,0,0
O=C(O)c1cc2ccccc2c(Cc2c(O)c(C(=O)O)cc3ccccc23)c1O,50250,Prestw-398,Oxantel pamoate,antiparasitics,0,0,0,0
C[N+](C)(CCOc1ccccc1)Cc1ccccc1,23986046,Prestw-936,Bephenium hydroxynaphthoate,antiparasitics,0,0,0,0
CCN(CCO)CCCC(C)Nc1ccnc2cc(Cl)ccc12,3652,Prestw-1284,Hydroxychloroquine sulfate,antiprotozoals,0,0,0,0
C=CC1CN2CCC1CC2C(O)c1ccnc2ccc(OC)cc12,1065,Prestw-280,Quinidine hydrochloride monohydrate,antiprotozoals,0,0,0,0
COc1cc(NC(C)CCCN)c2ncccc2c1,4908,Prestw-476,Primaquine diphosphate,antiprotozoals,0,0,0,0
CCN(CC)CCCC(C)Nc1ccnc2cc(Cl)ccc12,2719,Prestw-548,Chloroquine diphosphate,antiprotozoals,0,0,0,0
O=C(Cn1ccnc1[N+](=O)[O-])NCCO,3276,Prestw-649,Etanidazole,antiprotozoals,0,0,0,0
CNCC(O)C(O)C(O)C(O)CO,4049,Prestw-884,Meglumine,antiprotozoals,0,0,0,0
CC(C)N=C(N)N=C(N)Nc1ccc(Cl)cc1,4923,Prestw-999,Proguanil hydrochloride,antiprotozoals,0,0,0,0
Nc1ccc(S(=O)(=O)NC(=O)c2ccccc2)cc1,5319,Prestw-711,Sulfabenzamide,antiseptics,0,0,0,0
Nc1ccn(C2CCC(CO)O2)c(=O)n1,5718,Prestw-1037,Zalcitabine,antivirals,0,0,0,0
CC(=O)OCC(CCn1cnc2cnc(N)nc21)COC(C)=O,3324,Prestw-1249,Famciclovir,antivirals,0,0,0,0
Cc1cn(C2C=CC(CO)O2)c(=O)[nH]c1=O,5155,Prestw-1279,Stavudine,antivirals,0,0,0,0
Nc1ccn(C2CSC(CO)O2)c(=O)n1,3877,Prestw-1298,Lamivudine,antivirals,0,0,0,0
CC(N)C12CC3CC(CC(C3)C1)C2,5071,Prestw-1331,Rimantadine Hydrochloride,antivirals,0,0,0,0
Nc1nc(=O)c2ncn(CCC(CO)CO)c2[nH]1,4725,Prestw-1488,Penciclovir,antivirals,0,0,0,0
CC(C)C(N)C(=O)OCCOCn1cnc2c(=O)nc(N)[nH]c21,5647,Prestw-1505,Valacyclovir hydrochloride,antivirals,0,0,0,0
O=c1nc[nH]c2c1ncn2C1CCC(CO)O1,3043,Prestw-153,Didanosine,antivirals,0,0,0,0
Nc1nc(=O)n(C2CSC(CO)O2)cc1F,60877,Prestw-1604,(-)-Emtricitabine,antivirals,0,0,0,0
COc1cc(C2c3cc4c(cc3C(O)C3COC(=O)C23)OCO4)cc(OC)c1OC,4865,Prestw-782,Podophyllotoxin,antivirals,0,0,0,0
Nc1nc(=O)c2ncn(COC(CO)CO)c2[nH]1,3454,Prestw-839,Ganciclovir,antivirals,0,0,0,0
N=C(N=C(N)N)N1CCOCC1,71655,Prestw-84,Moroxidine hydrochloride,antivirals,0,0,0,0
Nc1nc(=O)c2ncn(COCCO)c2[nH]1,2022,Prestw-86,Acyclovir,antivirals,0,0,0,0
COC(=O)Nc1nc2ccc(C(=O)c3cccs3)cc2[nH]1,4122,Prestw-100,Nocodazole,human-targeted drugs,0,0,0,0
CC(=O)OCC(=O)C1CCC2C3CCC4CC(O)CCC4(C)C3C(=O)CC12C,24733,Prestw-1001,Alfadolone acetate,human-targeted drugs,0,0,0,0
CC(=O)C1CCC2C3CCC4CC(O)CCC4(C)C3C(=O)CC12C,68930,Prestw-1002,Alfaxalone,human-targeted drugs,0,0,0,0
CCCC1C(=O)N2C(N(C)C)=Nc3ccc(C)cc3N2C1=O,26098,Prestw-1003,Azapropazone,human-targeted drugs,0,0,0,0
CCC1(c2cccc(O)c2)CCCCN(C)C1,41049,Prestw-1004,Meptazinol hydrochloride,human-targeted drugs,0,0,0,0
CC12CCC3C(CCC4CC5SC5CC43C)C1CCC2O,3243,Prestw-1006,Epitiostanol,human-targeted drugs,0,0,0,0
CCN(CC)c1cc(C)nc2ncnn12,5531,Prestw-1012,Trapidil,human-targeted drugs,0,0,0,0
O=S(=O)(O)c1cc(O)ccc1O,17506,Prestw-1015,Ethamsylate,human-targeted drugs,0,0,0,0
COc1nc(C)nc(Cl)c1NC1=NCCN1,4810,Prestw-1016,Moxonidine,human-targeted drugs,0,0,0,0
CCNCC(O)c1cccc(O)c1,3306,Prestw-1017,Etilefrine hydrochloride,human-targeted drugs,0,0,0,0
CCCCCC(O)C=CC1C(O)CC(=O)C1CCCCCCC(=O)O,214,Prestw-1018,Alprostadil,human-targeted drugs,0,0,0,0
CCC(=O)C1(C)C(C)CC2C3CCC4=CC(=O)C=CC4(C)C3C(O)CC21C,39507,Prestw-1020,Rimexolone,human-targeted drugs,0,0,0,0
COC(=O)C1=C(C)NC(C)=C(C(=O)OC(C)C)C1c1cccc2nonc12,3784,Prestw-1021,Isradipine,human-targeted drugs,0,0,0,0
CNC(C)CCC=C(C)C,24109,Prestw-1023,Isometheptene mucate,human-targeted drugs,0,0,0,0
N#Cc1ccc(C(c2ccc(C#N)cc2)n2cncn2)cc1,3902,Prestw-1025,Letrozole,human-targeted drugs,0,0,0,0
Cc1cccc(C)c1NC(=O)C(C)N,38945,Prestw-1027,Tocainide hydrochloride,human-targeted drugs,0,0,0,0
Cc1nc2n(c(=O)c1CCN1CCC(c3noc4cc(F)ccc34)CC1)CCCC2,5073,Prestw-1029,Risperidone,human-targeted drugs,0,0,0,0
Cc1cccc(Nc2ccncc2S(=O)(=O)NC(=O)NC(C)C)c1,41781,Prestw-1030,Torsemide,human-targeted drugs,0,0,0,0
CCCNC(C)C(=O)Nc1c(C)csc1C(=O)OC,32169,Prestw-1032,Articaine hydrochloride,human-targeted drugs,0,0,0,0
CC(=O)OC1(C(C)=O)CCC2C3C=C(C)C4=CC(=O)CCC4C3CCC21C,91668,Prestw-1033,Nomegestrol acetate,human-targeted drugs,0,0,0,0
CC(=O)OC1CC2CCC3C(CCC4(C)C3CC([N+]3(C)CCCCC3)C4OC(C)=O)C2(C)CC1[N+]1(C)CCCCC1,4675,Prestw-1034,Pancuronium bromide,human-targeted drugs,0,0,0,0
CCc1c(C)[nH]c2c1C(=O)C(CN1CCOCC1)CC2,23897,Prestw-1035,Molindone hydrochloride,human-targeted drugs,0,0,0,0
C=CC[N+]12CCC34c5ccccc5N5C=C6C7CC8C9(CC[N+]8(CC=C)CC7=CCO)c7ccccc7N(C=C(C(CC31)C(=CCO)C2)C54)C69,3032788,Prestw-1036,Alcuronium chloride,human-targeted drugs,0,0,0,0
CCOC(=O)C(C)(N)Cc1ccc(O)c(O)c1,17276,Prestw-1038,Methyldopate hydrochloride,human-targeted drugs,0,0,0,0
CC1CN(C2CCC(C#N)(c3ccc(F)cc3)CC2)CCC1(C(=O)O)c1ccccc1,3915,Prestw-1039,Levocabastine hydrochloride,human-targeted drugs,0,0,0,0
CC[N+](CC)(CC)CCC(O)(c1ccccc1)C1CCCCC1,20298,Prestw-1042,Tridihexethyl chloride,human-targeted drugs,0,0,0,0
CC(C)(C)NCC(O)COc1ccccc1C1CCCC1,4724,Prestw-1043,Penbutolol sulfate,human-targeted drugs,0,0,0,0
CCOC(=O)OC1(C(=O)COC(=O)CC)CCC2C3CCC4=CC(=O)C=CC4(C)C3C(O)CC21C,52421,Prestw-1044,Prednicarbate,human-targeted drugs,0,0,0,0
CCOc1cc(CC(=O)NC(CC(C)C)c2ccccc2N2CCCCC2)ccc1C(=O)O,4547,Prestw-1046,Repaglinide,human-targeted drugs,0,0,0,0
NS(=O)(=O)c1cc(C(=O)O)cc(N2CCCC2)c1Oc1ccccc1,4849,Prestw-1047,Piretanide,human-targeted drugs,0,0,0,0
CCCCC1C(=O)N(c2ccccc2)N(c2ccc(O)cc2)C1=O,4641,Prestw-1049,Oxyphenbutazone,human-targeted drugs,0,0,0,0
C#CC1(O)CCC2C3CCC4=Cc5oncc5CC4(C)C3CCC21C,2949,Prestw-105,Danazol,human-targeted drugs,0,0,0,0
CCC1NC(=O)c2cc(S(N)(=O)=O)c(Cl)cc2N1,6307,Prestw-1050,Quinethazone,human-targeted drugs,0,0,0,0
CCN1CCCC(OC(=O)C(c2ccccc2)c2ccccc2)C1,4839,Prestw-1055,Piperidolate hydrochloride,human-targeted drugs,0,0,0,0
C=CCOc1ccccc1OCC(O)CNC(C)C,4631,Prestw-1057,Oxprenolol hydrochloride,human-targeted drugs,0,0,0,0
Cc1nccn1CC1CCc2c(c3ccccc3n2C)C1=O,4595,Prestw-1058,Ondansetron Hydrochloride,human-targeted drugs,0,0,0,0
CCCOc1cc(N)ccc1C(=O)OCCN(CC)CC,6843,Prestw-1059,Propoxycaine hydrochloride,human-targeted drugs,0,0,0,0
CN1C(=O)CC(c2ccccc2)C1=O,6839,Prestw-1061,Phensuximide,human-targeted drugs,0,0,0,0
CNC(=O)c1c(I)c(C(=O)NCC(=O)Nc2c(I)c(C(=O)O)c(I)c(C(=O)NCCO)c2I)c(I)c(N(C)C(C)=O)c1I,3742,Prestw-1062,Ioxaglic acid,human-targeted drugs,0,0,0,0
CCCNC(C)(C)COC(=O)c1ccccc1,4065,Prestw-1064,Meprylcaine hydrochloride,human-targeted drugs,0,0,0,0
Cc1[nH]c(=O)c(C#N)cc1-c1ccncc1,4197,Prestw-1065,Milrinone,human-targeted drugs,0,0,0,0
Nc1ccc(O)c(C(=O)O)c1,4075,Prestw-1069,Mesalamine,human-targeted drugs,0,0,0,0
CC(C[N+](C)(C)C)OC(N)=O,2370,Prestw-1073,Bethanechol chloride,human-targeted drugs,0,0,0,0
CC(=O)OC1(C(C)=O)CCC2C3C=C(Cl)C4=CC(=O)C5CC5C4(C)C3CCC21C,2914,Prestw-1074,Cyproterone acetate,human-targeted drugs,0,0,0,0
CC(C)NCC(O)COc1cccc2ccccc12,4946,Prestw-1075,(R)-Propranolol hydrochloride,human-targeted drugs,0,0,0,0
CC(C)(Oc1ccc(C2CC2(Cl)Cl)cc1)C(=O)O,2763,Prestw-1076,Ciprofibrate,human-targeted drugs,0,0,0,0
O=C(O)CCCc1ccc(N(CCCl)CCCl)cc1,2708,Prestw-1079,Chlorambucil,human-targeted drugs,0,0,0,0
CN1Cc2c(N)cccc2C(c2ccccc2)C1,4528,Prestw-108,Nomifensine maleate,human-targeted drugs,0,0,0,0
CN1CCC2(C)c3cc(O)ccc3N(C)C12,1250,Prestw-1082,(-)-Eseroline fumarate salt,human-targeted drugs,0,0,0,0
CNCC(O)c1ccc(O)cc1,7172,Prestw-1088,"(+,-)-Synephrine",human-targeted drugs,0,0,0,0
CC12NC(Cc3ccccc31)c1ccccc12,1207,Prestw-109,Dizocilpine maleate,human-targeted drugs,0,0,0,0
CC(=O)NC(CC(=O)NC(CCC(=O)O)C(=O)O)C(=O)O,210320,Prestw-1091,Spaglumic acid,human-targeted drugs,0,0,0,0
COc1ccccc1OCC(O)CN1CCN(CC(=O)Nc2c(C)cccc2C)CC1,56959,Prestw-1092,Ranolazine,human-targeted drugs,0,0,0,0
CN(C)CCOC(=O)C(c1ccccc1)C1(O)CCCC1,2905,Prestw-1095,Cyclopentolate hydrochloride,human-targeted drugs,0,0,0,0
CC12CCC3c4ccc(O)cc4CCC3C1CC(O)C2O,3269,Prestw-1096,Estriol,human-targeted drugs,0,0,0,0
CC(C)NCC(O)c1ccc(O)c(O)c1,3779,Prestw-1097,(-)-Isoproterenol hydrochloride,human-targeted drugs,0,0,0,0
O=C(CCNNC(=O)c1ccncc1)NCc1ccccc1,4472,Prestw-1099,Nialamide,human-targeted drugs,0,0,0,0
Cc1cc2c(cc1S(N)(=O)=O)S(=O)(=O)CCC2,4165,Prestw-11,Meticrane,human-targeted drugs,0,0,0,0
CCCC(NC(C)C(=O)N1C(C(=O)O)CC2CCCCC21)C(=O)OCC,60183,Prestw-1101,Perindopril,human-targeted drugs,0,0,0,0
Cc1c(Cl)cccc1Nc1ncccc1C(=O)O,3080836,Prestw-1104,Clonixin Lysinate,human-targeted drugs,0,0,0,0
CCOC(=O)C(CCc1ccccc1)NC(C)C(=O)N1C(C(=O)O)CC2CCCC21,5038,Prestw-1107,Ramipril,human-targeted drugs,0,0,0,0
CCC1(c2ccccc2)NC(=O)N(C)C1=O,4060,Prestw-1108,Mephenytoin,human-targeted drugs,0,0,0,0
C=CCN1CCC23c4c5ccc(O)c4OC2C(=O)CCC3(O)C1C5,4425,Prestw-111,Naloxone hydrochloride,human-targeted drugs,0,0,0,0
CNC1(C)C2CCC(C2)C1(C)C,4032,Prestw-1111,Mecamylamine hydrochloride,human-targeted drugs,0,0,0,0
CNNCc1ccc(C(=O)NC(C)C)cc1,4915,Prestw-1112,Procarbazine hydrochloride,human-targeted drugs,0,0,0,0
CCNC1CC(C)S(=O)(=O)c2sc(S(N)(=O)=O)cc21,3154,Prestw-1116,Dorzolamide hydrochloride,human-targeted drugs,0,0,0,0
CC1CC2C3CC(F)C4=CC(=O)C=CC4(C)C3(Cl)C(O)CC2(C)C1C(=O)COC(=O)C(C)(C)C,36673,Prestw-1119,Clocortolone pivalate,human-targeted drugs,0,0,0,0
Cc1ccccc1N1C(=O)c2cc(S(N)(=O)=O)c(Cl)cc2NC1C,4170,Prestw-112,Metolazone,human-targeted drugs,0,0,0,0
Cc1cnc(C(=O)O)c[n+]1[O-],5310993,Prestw-1127,Acipimox,human-targeted drugs,0,0,0,0
CCOC(=O)C(CCc1ccccc1)NC1CCc2ccccc2N(CC(=O)O)C1=O,2311,Prestw-1129,Benazepril HCl,human-targeted drugs,0,0,0,0
CCN(CC)C(=O)Nc1ccc(OCC(O)CNC(C)(C)C)c(C(C)=O)c1,2663,Prestw-1132,Celiprolol HCl,human-targeted drugs,0,0,0,0
Nc1ccn(C2OC(CO)C(O)C2O)c(=O)n1,596,Prestw-1134,Cytarabine,human-targeted drugs,0,0,0,0
Cn1c(=O)c2c(ncn2CC2OCCO2)n(C)c1=O,50942,Prestw-1136,Doxofylline,human-targeted drugs,0,0,0,0
COC(=O)CCc1ccc(OCC(O)CNC(C)C)cc1,59768,Prestw-1137,Esmolol hydrochloride,human-targeted drugs,0,0,0,0
CN1CCN2c3ncccc3Cc3ccccc3C2C1,4205,Prestw-1144,Mirtazapine,human-targeted drugs,0,0,0,0
NC(=O)CS(=O)C(c1ccccc1)c1ccccc1,4236,Prestw-1147,Modafinil,human-targeted drugs,0,0,0,0
COC(=O)C1=C(C#N)NC(C)=C(C(=O)OC(C)C)C1c1cccc([N+](=O)[O-])c1,4494,Prestw-1154,Nilvadipine,human-targeted drugs,0,0,0,0
NC(=O)N1c2ccccc2CC(=O)c2ccccc21,34312,Prestw-1156,Oxcarbazepine,human-targeted drugs,0,0,0,0
CCCN(CCC)CCc1cccc2c1CC(=O)N2,5095,Prestw-1158,Ropinirole HCl,human-targeted drugs,0,0,0,0
CC(C)CC(N(C)C)C1(c2ccc(Cl)cc2)CCC1,5210,Prestw-1159,Sibutramine HCl,human-targeted drugs,0,0,0,0
O=C1CCC2(O)C3Cc4ccc(O)c5c4C2(CCN3CC2CC2)C1O5,4428,Prestw-116,Naltrexone hydrochloride dihydrate,human-targeted drugs,0,0,0,0
NS(=O)(=O)Cc1noc2ccccc12,5734,Prestw-1162,Zonisamide,human-targeted drugs,0,0,0,0
COc1cc(C)c(C=CC(C)=CC=CC(C)=CC(=O)O)c(C)c1C,41317,Prestw-1165,Acitretin,human-targeted drugs,0,0,0,0
O=C(NC(Cc1cc(=O)[nH]c2ccccc12)C(=O)O)c1ccc(Cl)cc1,5042,Prestw-1166,Rebamipide,human-targeted drugs,0,0,0,0
OCCN1CC(O)C(O)C(O)C1CO,51577,Prestw-1169,Miglitol,human-targeted drugs,0,0,0,0
COc1ccc(C(CN(C)C)C2(O)CCCCC2)cc1,5656,Prestw-1170,Venlafaxine,human-targeted drugs,0,0,0,0
Nc1nc(N)nc(-c2cc(Cl)ccc2Cl)n1,3752,Prestw-1173,Irsogladine maleate,human-targeted drugs,0,0,0,0
COc1ccc(C(=O)N2CCCC2=O)cc1,2196,Prestw-1178,Aniracetam,human-targeted drugs,0,0,0,0
CS(=O)(=O)OCCCCOS(C)(=O)=O,2478,Prestw-1179,Busulfan,human-targeted drugs,0,0,0,0
Oc1ccc2c3c1OC1C(O)CCC4(O)C(C2)N(CC2CCC2)CCC314,4419,Prestw-118,Nalbuphine hydrochloride,human-targeted drugs,0,0,0,0
CC(=O)OC12COC1CC(O)C1(C)C(=O)C(O)C3=C(C)C(OC(=O)C(O)C(NC(=O)OC(C)(C)C)c4ccccc4)CC(O)(C(OC(=O)c4ccccc4)C21)C3(C)C,3143,Prestw-1180,Docetaxel,human-targeted drugs,0,0,0,0
C#CC1(O)CCC2C3C(C)CC4=C(CCC(=O)C4)C3CCC21C,5470,Prestw-1181,Tibolone,human-targeted drugs,0,0,0,0
Clc1ccc2nsnc2c1NC1=NCCN1,5487,Prestw-1182,Tizanidine HCl,human-targeted drugs,0,0,0,0
CN1C2CCCC1CC(NC(=O)c1nn(C)c3ccccc13)C2,3510,Prestw-1187,Granisetron,human-targeted drugs,0,0,0,0
COc1ccc(C(=O)NCc2cccnc2)cc1C(=O)NCc1cccnc1,4814,Prestw-119,Picotamide monohydrate,human-targeted drugs,0,0,0,0
CCCc1nc(C(C)(C)O)c(C(=O)O)n1Cc1ccc(-c2ccccc2-c2nn[nH]n2)cc1,158781,Prestw-1190,Olmesartan,human-targeted drugs,0,0,0,0
CC12COC(=O)CC1CCC1C2CCC2(C)C1CCC2(C)O,5878,Prestw-1192,Oxandrolone,human-targeted drugs,0,0,0,0
CCC1(O)C(=O)OCc2c1cc1n(c2=O)Cc2cc3c(CN(C)C)c(O)ccc3nc2-1,5515,Prestw-1196,Topotecan,human-targeted drugs,0,0,0,0
COc1ccc(C=CC(=O)Nc2ccccc2C(=O)O)cc1OC,5527,Prestw-1198,Tranilast,human-targeted drugs,0,0,0,0
CN(C)CCN(Cc1ccccc1)c1ccccn1,5587,Prestw-1199,Tripelennamine hydrochloride,human-targeted drugs,0,0,0,0
CCCCNc1ccc(C(=O)OCCOCCOCCOCCOCCOCCOCCOCCOCCOC)cc1,7699,Prestw-12,Benzonatate,human-targeted drugs,0,0,0,0
CC12C=CC(=O)C=C1CCC1C3CC(O)C(O)(C(=O)CO)C3(C)CC(O)C12F,5544,Prestw-120,Triamcinolone,human-targeted drugs,0,0,0,0
CC(=O)NC(CS)C(=O)O,581,Prestw-1206,Acetylcysteine,human-targeted drugs,0,0,0,0
CC(=O)Oc1ccccc1C(=O)O,2244,Prestw-1207,Acetylsalicylic acid,human-targeted drugs,0,0,0,0
CC(C)CC1C(=O)N2CCCC2C2(O)OC(NC(=O)C3C=C4c5cccc6[nH]c(Br)c(c56)CC4N(C)C3)(C(C)C)C(=O)N12,2443,Prestw-121,Bromocryptine mesylate,human-targeted drugs,0,0,0,0
NCCCC(O)(P(=O)(O)O)P(=O)(O)O,2088,Prestw-1210,Alendronate sodium,human-targeted drugs,0,0,0,0
O=c1ncnc2[nH][nH]cc1-2,2094,Prestw-1213,Allopurinol,human-targeted drugs,0,0,0,0
CCN1CCCC1CNC(=O)c1cc(S(=O)(=O)CC)c(N)cc1OC,2159,Prestw-1217,Amisulpride,human-targeted drugs,0,0,0,0
CC(C)(C#N)c1cc(Cn2cncn2)cc(C(C)(C)C#N)c1,2187,Prestw-1222,Anastrozole,human-targeted drugs,0,0,0,0
CC1CNc2c(cccc2S(=O)(=O)NC(CCCN=C(N)N)C(=O)N2CCC(C)CC2C(=O)O)C1,2232,Prestw-1228,Argatroban,human-targeted drugs,0,0,0,0
CC(C)c1c(C(=O)Nc2ccccc2)c(-c2ccccc2)c(-c2ccc(F)cc2)n1CCC(O)CC(O)CC(=O)O,2250,Prestw-1232,Atorvastatin,human-targeted drugs,0,0,0,0
CN1C2CCC1CC(OC(c1ccccc1)c1ccccc1)C2,2344,Prestw-1236,Benztropine mesylate,human-targeted drugs,0,0,0,0
CC(O)(CS(=O)(=O)c1ccc(F)cc1)C(=O)Nc1ccc(C#N)c(C(F)(F)F)c1,2375,Prestw-1239,Bicalutamide,human-targeted drugs,0,0,0,0
CN(Cc1cc(Br)cc(Br)c1N)C1CCCCC1,2442,Prestw-1246,Bromhexine hydrochloride,human-targeted drugs,0,0,0,0
C=CCC1(CC(C)C)C(=O)NC(=O)NC1=O,2481,Prestw-1251,Butalbital,human-targeted drugs,0,0,0,0
CCCC[N+]1(C)C2CC(OC(=O)C(CO)c3ccccc3)CC1C1OC12,3636,Prestw-1253,Butylscopolammonium (n-) bromide,human-targeted drugs,0,0,0,0
Cn1c(=O)c2c(ncn2C)n(C)c1=O,2519,Prestw-1256,Caffeine,human-targeted drugs,0,0,0,0
C=C1C(=CC=C2CCCC3(C)C2CCC3C(C)C=CC(O)C2CC2)CC(O)CC1O,2522,Prestw-1257,Calcipotriene,human-targeted drugs,0,0,0,0
CCOc1nc2cccc(C(=O)O)c2n1Cc1ccc(-c2ccccc2-c2nn[nH]n2)cc1,2541,Prestw-1258,Candesartan,human-targeted drugs,0,0,0,0
CC12CCC(=O)C=C1C=CC1C2CCC2(C)C1CCC21CCC(=O)O1,13789,Prestw-1259,Canrenone,human-targeted drugs,0,0,0,0
C#CC1(O)CCC2C3CCC4=CC(=O)CCC4=C3C=CC21CC,27812,Prestw-1267,Gestrinone,human-targeted drugs,0,0,0,0
COc1ccccc1O,460,Prestw-1268,Guaiacol,human-targeted drugs,0,0,0,0
CN(C)CCCC1(c2ccc(F)cc2)OCc2cc(C#N)ccc21,2771,Prestw-1271,Escitalopram,human-targeted drugs,0,0,0,0
CCOCCn1c(N2CCCN(C)CC2)nc2ccccc21,3219,Prestw-1274,Emedastine,human-targeted drugs,0,0,0,0
CC(=O)SC1CC2=CC(=O)CCC2(C)C2CCC3(C)C(CCC34CCC(=O)O4)C12,5267,Prestw-128,Spironolactone,human-targeted drugs,0,0,0,0
Cc1cccc(C)c1NC(=O)C1CCCCN1C,4062,Prestw-1280,Mepivacaine hydrochloride,human-targeted drugs,0,0,0,0
O=C1CC2(CCCC2)CC(=O)N1CCCCN1CCN(c2ncccn2)CC1,2477,Prestw-1283,Buspirone hydrochloride,human-targeted drugs,0,0,0,0
CCCCCN(C)CCC(O)(P(=O)(O)O)P(=O)(O)O,60852,Prestw-1285,Ibandronate sodium,human-targeted drugs,0,0,0,0
CC(C)C(=O)c1c(C(C)C)nn2ccccc12,3671,Prestw-1286,Ibudilast,human-targeted drugs,0,0,0,0
CN1CCN(CC(=O)N2c3ccccc3C(=O)Nc3cccnc32)CC1,4848,Prestw-129,Pirenzepine dihydrochloride,human-targeted drugs,0,0,0,0
Cc1ccc(NC(=O)c2ccc(CN3CCN(C)CC3)cc2)cc1Nc1nccc(-c2cccnc2)n1,5291,Prestw-1290,Imatinib,human-targeted drugs,0,0,0,0
O=[N+]([O-])OC1COC2C(O)COC12,27661,Prestw-1294,Isosorbide mononitrate,human-targeted drugs,0,0,0,0
COc1ccc(C(=O)NCc2ccc(OCCN(C)C)cc2)cc1OC,3792,Prestw-1295,Itopride,human-targeted drugs,0,0,0,0
NS(=O)(=O)c1cc2c(cc1C(F)(F)F)NCNS2(=O)=O,3647,Prestw-13,Hydroflumethiazide,human-targeted drugs,0,0,0,0
CC(=O)OCC(=O)C1(O)C(C)CC2C3CCC4=CC(=O)C=CC4(C)C3(F)C(O)CC21C,3680,Prestw-130,Dexamethasone acetate,human-targeted drugs,0,0,0,0
CN(C)CCC=C1c2ccccc2COc2ccc(CC(=O)O)cc21,60864,Prestw-1307,Olopatadine hydrochloride,human-targeted drugs,0,0,0,0
CC(C)(N)Cc1ccccc1,4771,Prestw-1308,Phentermine hydrochloride,human-targeted drugs,0,0,0,0
Cc1cnc(C(=O)NCCc2ccc(S(=O)(=O)NC(=O)NC3CCCCC3)cc2)cn1,3478,Prestw-131,Glipizide,human-targeted drugs,0,0,0,0
CCCCC1C(=O)N(c2ccccc2)N(c2ccccc2)C1=O,4781,Prestw-1310,Phenylbutazone,human-targeted drugs,0,0,0,0
CCCNC1CCc2nc(N)sc2C1,4885,Prestw-1316,Pramipexole,human-targeted drugs,0,0,0,0
CC(C(=O)O)c1ccc2c(c1)Cc1cccnc1O2,4888,Prestw-1318,Pranoprofen,human-targeted drugs,0,0,0,0
CCC(C)C(=O)OC1CC(O)C=C2C=CC(C)C(CCC(O)CC(O)CC(=O)O)C21,4889,Prestw-1319,Pravastatin,human-targeted drugs,0,0,0,0
CN(C)C(=O)Oc1ccc[n+](C)c1,4991,Prestw-1322,Pyridostigmine iodide,human-targeted drugs,0,0,0,0
CCOc1ccccc1OC(c1ccccc1)C1CNCCO1,65856,Prestw-1328,Reboxetine mesylate,human-targeted drugs,0,0,0,0
OCCOCCN1CCN(C(c2ccccc2)c2ccc(Cl)cc2)CC1,3658,Prestw-133,Hydroxyzine dihydrochloride,human-targeted drugs,0,0,0,0
CCN(C)C(=O)Oc1cccc(C(C)N(C)C)c1,5077,Prestw-1334,Rivastigmine,human-targeted drugs,0,0,0,0
CS(=O)(=O)c1ccc(C2=C(c3ccccc3)C(=O)OC2)cc1,5090,Prestw-1336,Rofecoxib,human-targeted drugs,0,0,0,0
CN(CCOc1ccc(CC2SC(=O)NC2=O)cc1)c1ccccn1,77998,Prestw-1337,Rosiglitazone Hydrochloride,human-targeted drugs,0,0,0,0
COc1ccc(C2Sc3ccccc3N(CCN(C)C)C(=O)C2OC(C)=O)cc1,3075,Prestw-134,Diltiazem hydrochloride,human-targeted drugs,0,0,0,0
CCCc1nn(C)c2c(=O)nc(-c3cc(S(=O)(=O)N4CCN(C)CC4)ccc3OCC)[nH]c12,5212,Prestw-1342,Sildenafil,human-targeted drugs,0,0,0,0
CC(C)(C)NCC(O)c1ccccc1Cl,5606,Prestw-1352,Tulobuterol,human-targeted drugs,0,0,0,0
Clc1ccc(Nc2nnc(Cc3ccncc3)c3ccccc23)cc1,151193,Prestw-1358,Vatalanib,human-targeted drugs,0,0,0,0
CCOc1ccccc1OCC1CNCCO1,5666,Prestw-1361,Viloxazine hydrochloride,human-targeted drugs,0,0,0,0
O=C(CCCCCCC(=O)Nc1ccccc1)NO,5311,Prestw-1362,Vorinostat,human-targeted drugs,0,0,0,0
CC(=O)CC(c1ccccc1)c1c(O)c2ccccc2oc1=O,5001396,Prestw-1363,Warfarin,human-targeted drugs,0,0,0,0
CN1CCN(C(=O)OC2c3nccnc3C(=O)N2c2ccc(Cl)cn2)CC1,5735,Prestw-1367,Zopiclone,human-targeted drugs,0,0,0,0
CCN(C(C)=O)c1cccc(-c2ccnc3c(C#N)cnn23)c1,5719,Prestw-1369,Zaleplon,human-targeted drugs,0,0,0,0
Cc1ccc(-c2cc(C(F)(F)F)nn2-c2ccc(S(N)(=O)=O)cc2)cc1,2662,Prestw-1371,Celecoxib,human-targeted drugs,0,0,0,0
CC(=O)OC1(C(C)=O)CCC2C3C=C(Cl)C4=CC(=O)CCC4(C)C3CCC21C,2714,Prestw-1374,Chlormadinone acetate,human-targeted drugs,0,0,0,0
CC(CN(C)C)C(C)(O)Cc1ccc(Cl)cc1,26937,Prestw-1380,Clobutinol hydrochloride,human-targeted drugs,0,0,0,0
O=P(O)(O)C(Cl)(Cl)P(=O)(O)O,25419,Prestw-1381,Clodronate,human-targeted drugs,0,0,0,0
CCOC(=O)C(C)(C)Oc1ccc(Cl)cc1,2796,Prestw-1383,Clofibrate,human-targeted drugs,0,0,0,0
Clc1ccc2c(c1)CCc1cccnc1C2=C1CCNCC1,124087,Prestw-1390,Desloratadine,human-targeted drugs,0,0,0,0
CCNC(C)Cc1cccc(C(F)(F)F)c1,3337,Prestw-1392,Dexfenfluramine hydrochloride,human-targeted drugs,0,0,0,0
CN(C)CCN1C(=O)c2ccccc2N(C)c2ccccc21,9418,Prestw-1393,Dibenzepine hydrochloride,human-targeted drugs,0,0,0,0
NCCc1ccc(O)c(O)c1,681,Prestw-1398,Dopamine hydrochloride,human-targeted drugs,0,0,0,0
C#CC1(O)CCC2C3CCc4cc(O)ccc4C3CCC21C,3285,Prestw-1405,Ethinylestradiol,human-targeted drugs,0,0,0,0
Cc1ccc(-c2ncc(Cl)cc2-c2ccc(S(C)(=O)=O)cc2)cn1,123619,Prestw-1408,Etoricoxib,human-targeted drugs,0,0,0,0
COc1ccc(CCN(C)CCCC(C#N)(c2ccc(OC)c(OC)c2)C(C)C)cc1OC,2520,Prestw-141,Verapamil hydrochloride,human-targeted drugs,0,0,0,0
C=C1CC2C(CCC3(C)C(=O)CCC23)C2(C)C=CC(=O)C=C12,60198,Prestw-1410,Exemestane,human-targeted drugs,0,0,0,0
CC1(C)OC2CC3C4CC(F)C5=CC(=O)C=CC5(C)C4(F)C(O)CC3(C)C2(C(=O)CO)O1,3381,Prestw-1419,Fluocinolone acetonide,human-targeted drugs,0,0,0,0
OCCN(CCO)c1nc(N2CCCCC2)c2nc(N(CCO)CCO)nc(N3CCCCC3)c2n1,3108,Prestw-142,Dipyridamole,human-targeted drugs,0,0,0,0
CC12CCC3C(CCC4=C(O)C(=O)CCC43C)C1CCC2=O,3408,Prestw-1420,Formestane,human-targeted drugs,0,0,0,0
COc1ccc(CC(C)NCC(O)c2ccc(O)c(NC=O)c2)cc1,3410,Prestw-1421,Formoterol fumarate,human-targeted drugs,0,0,0,0
CCC(=O)OC(OP(=O)(CCCCc1ccccc1)CC(=O)N1CC(C2CCCCC2)CC1C(=O)O)C(C)C,3419,Prestw-1423,Fosinopril,human-targeted drugs,0,0,0,0
CC12CCC3c4ccc(O)cc4CC(CCCCCCCCCS(=O)CCCC(F)(F)C(F)(F)F)C3C1CCC2O,104741,Prestw-1424,Fulvestrant,human-targeted drugs,0,0,0,0
CCC(C(N)=O)N1CCCC1=O,59708,Prestw-1427,Levetiracetam,human-targeted drugs,0,0,0,0
CC(Oc1c(Cl)cccc1Cl)C1=NCCN1,30667,Prestw-1430,Lofexidine,human-targeted drugs,0,0,0,0
CCCCc1nc(Cl)c(CO)n1Cc1ccc(-c2ccccc2-c2nn[nH]n2)cc1,3961,Prestw-1433,Losartan,human-targeted drugs,0,0,0,0
CCC(C)C(=O)OC1CCC=C2C=CC(C)C(CCC3CC(O)CC(=O)O3)C21,2854,Prestw-1441,Mevastatin,human-targeted drugs,0,0,0,0
CCCCC(C)(O)CC=CC1C(O)CC(=O)C1CCCCCCC(=O)OC,42955,Prestw-1443,Misoprostol,human-targeted drugs,0,0,0,0
NC(=O)c1cccnc1,936,Prestw-1449,Nicotinamide,human-targeted drugs,0,0,0,0
CC(CCc1ccccc1)NC(C)C(O)c1ccc(O)cc1,4567,Prestw-1454,Nylidrin,human-targeted drugs,0,0,0,0
Cc1cc2c(s1)=Nc1ccccc1NC=2N1CCN(C)CC1,4585,Prestw-1455,Olanzapine,human-targeted drugs,0,0,0,0
OCCN1CCN(CCCN2c3ccccc3C=Cc3ccccc32)CC1,9417,Prestw-1456,Opipramol dihydrochloride,human-targeted drugs,0,0,0,0
CNCCC(Oc1ccccc1C)c1ccccc1,54840,Prestw-1463,Tomoxetine hydrochloride,human-targeted drugs,0,0,0,0
COc1cccc(C2(O)CCCCC2CN(C)C)c1,5523,Prestw-1465,Tramadol hydrochloride,human-targeted drugs,0,0,0,0
COC12CC(COC(=O)c3cncc(Br)c3)CN(C)C1Cc1cn(C)c3cccc2c13,4475,Prestw-147,Nicergoline,human-targeted drugs,0,0,0,0
CCN(CC)C(C)C(=O)c1ccccc1,7029,Prestw-1471,Amfepramone hydrochloride,human-targeted drugs,0,0,0,0
CC(=O)OCC(=O)C12OC3(CCCC3)OC1CC1C3CCC4=CC(=O)C=CC4(C)C3(F)C(O)CC12C,2133,Prestw-1476,Amcinonide,human-targeted drugs,0,0,0,0
CC(C)(S)C(N)C(=O)O,4727,Prestw-1477,Penicillamine,human-targeted drugs,0,0,0,0
CC12CCC(=O)C=C1C=CC1C2CCC2(C)C1CCC2(O)CCC(=O)O,4872,Prestw-148,Canrenoic acid potassium salt,human-targeted drugs,0,0,0,0
O=P1(N(CCCl)CCCl)NCCCO1,2907,Prestw-1481,Cyclophosphamide,human-targeted drugs,0,0,0,0
CCCC(CCC)C(=O)O,3121,Prestw-1482,Valproic acid,human-targeted drugs,0,0,0,0
CC(=O)OCC(=O)C1(O)CCC2C3CCC4=CC(=O)CCC4(C)C3C(O)CC21C,3641,Prestw-1486,Cortisol acetate,human-targeted drugs,0,0,0,0
O=S(=O)(O)CCS,598,Prestw-1487,Mesna,human-targeted drugs,0,0,0,0
NCCCNCCSP(=O)(O)O,2141,Prestw-1489,Amifostine,human-targeted drugs,0,0,0,0
CN1CCN(CCCN2c3ccccc3Sc3ccc(S(=O)(=O)N(C)C)cc32)CC1,9429,Prestw-149,Thioproperazine dimesylate,human-targeted drugs,0,0,0,0
C=C1CCC2(O)C3Cc4ccc(O)c5c4C2(CCN3CC2CC2)C1O5,4422,Prestw-1490,Nalmefene hydrochloride,human-targeted drugs,0,0,0,0
CCCC(C)C1(CC)C(=O)NC(=O)NC1=O,4737,Prestw-1491,Pentobarbital,human-targeted drugs,0,0,0,0
Nc1nnc(-c2cccc(Cl)c2Cl)c(N)n1,3878,Prestw-1492,Lamotrigine,human-targeted drugs,0,0,0,0
CC1(C)OC2COC3(COS(N)(=O)=O)OC(C)(C)OC3C2O1,5514,Prestw-1493,Topiramate,human-targeted drugs,0,0,0,0
CCc1c2c(nc3ccc(OC(=O)N4CCC(N5CCCCC5)CC4)cc13)-c1cc3c(c(=O)n1C2)COC(=O)C3(O)CC,3750,Prestw-1494,Irinotecan hydrochloride trihydrate,human-targeted drugs,0,0,0,0
COC(c1ccccc1)(c1ccccc1)C(Oc1nc(C)cc(C)n1)C(=O)O,197712,Prestw-1497,Ambrisentan,human-targeted drugs,0,0,0,0
CCN(CC)CCNC(C(=O)OCCC(C)C)c1ccccc1,5902,Prestw-1498,Camylofine chlorhydrate,human-targeted drugs,0,0,0,0
Cc1cn[nH]c1,3406,Prestw-1499,Fomepizole,human-targeted drugs,0,0,0,0
CC(N)CCCC(C)(C)O,3590,Prestw-15,Heptaminol hydrochloride,human-targeted drugs,0,0,0,0
CN1CC(C(=O)NC2(C)OC3(O)C4CCCN4C(=O)C(Cc4ccccc4)N3C2=O)CC2c3cccc4[nH]cc(c34)CC21,3066,Prestw-150,Dihydroergotamine tartrate,human-targeted drugs,0,0,0,0
CCCCC(O)c1ccccc1,3338,Prestw-1501,Fenipentol,human-targeted drugs,0,0,0,0
CC(=O)NCCCS(=O)(=O)O,71158,Prestw-1502,Acamprosate calcium,human-targeted drugs,0,0,0,0
COc1ccc(-c2cc(=O)c3c(O)cc(OC4OC(COC5OC(C)C(O)C(O)C5O)C(O)C(O)C4O)cc3o2)cc1O,5281613,Prestw-1503,Diosmin,human-targeted drugs,0,0,0,0
CN(c1nccc(=O)[nH]1)C1CCN(c2nc3ccccc3n2Cc2ccc(F)cc2)CC1,65906,Prestw-1506,Mizolastine,human-targeted drugs,0,0,0,0
Cn1c(=O)c2c(ncn2CC(=O)O)n(C)c1=O,69550,Prestw-1507,Acefylline,human-targeted drugs,0,0,0,0
CC(=O)OCC(=O)C12N=C(C)OC1CC1C3CCC4=CC(=O)C=CC4(C)C3C(O)CC12C,26709,Prestw-1509,Deflazacort,human-targeted drugs,0,0,0,0
O=C(OC1CC2CC3CC(C1)N2CC3=O)c1c[nH]c2ccccc12,3148,Prestw-1510,Dolasetron mesilate,human-targeted drugs,0,0,0,0
CC(=O)OC1CN2CCC1CC2,1979,Prestw-1511,Aceclidine Hydrochloride,human-targeted drugs,0,0,0,0
CC(C)(C)NCC(O)c1ccc(O)c(CO)c1,2083,Prestw-1516,Levalbuterol hydrochloride,human-targeted drugs,0,0,0,0
CC[N+](CC)(CC)CCOc1cccc(OCC[N+](CC)(CC)CC)c1OCC[N+](CC)(CC)CC,3450,Prestw-157,Gallamine triethiodide,human-targeted drugs,0,0,0,0
C1CCc2nnnn2CC1,5917,Prestw-162,Pentylenetetrazole,human-targeted drugs,0,0,0,0
O=c1[nH]c2cc(Cl)ccc2o1,2733,Prestw-163,Chlorzoxazone,human-targeted drugs,0,0,0,0
CCC1(C)CC(=O)NC1=O,3291,Prestw-165,Ethosuximide,human-targeted drugs,0,0,0,0
NNc1nncc2ccccc12,3637,Prestw-169,Hydralazine hydrochloride,human-targeted drugs,0,0,0,0
NC(Cc1ccc(O)c(O)c1)C(=O)O,836,Prestw-17,Levodopa,human-targeted drugs,0,0,0,0
NNCCc1ccccc1,3675,Prestw-170,Phenelzine sulfate,human-targeted drugs,0,0,0,0
NCC1CCC(C(=O)O)CC1,5526,Prestw-171,Tranexamic acid,human-targeted drugs,0,0,0,0
Cn1c(=O)c2c(ncn2CCO)n(C)c1=O,1892,Prestw-172,Etofylline,human-targeted drugs,0,0,0,0
NC1CC1c1ccccc1,5530,Prestw-173,Tranylcypromine hydrochloride,human-targeted drugs,0,0,0,0
O=C(O)COC(=O)Cc1ccccc1Nc1c(Cl)cccc1Cl,71771,Prestw-175,Aceclofenac,human-targeted drugs,0,0,0,0
CC(C)NNC(=O)c1ccncc1,3748,Prestw-176,Iproniazide phosphate,human-targeted drugs,0,0,0,0
Cc1ccccc1OCC(O)CO,4059,Prestw-178,Mephenesin,human-targeted drugs,0,0,0,0
NC(N)=NC(N)=NCCc1ccccc1,8249,Prestw-179,Phenformin hydrochloride,human-targeted drugs,0,0,0,0
CC(C)C(=O)Nc1ccc([N+](=O)[O-])c(C(F)(F)F)c1,3397,Prestw-180,Flutamide,human-targeted drugs,0,0,0,0
C#CCN(C)Cc1ccccc1,4688,Prestw-183,Pargyline hydrochloride,human-targeted drugs,0,0,0,0
COc1ccccc1OCC(O)COC(N)=O,4107,Prestw-184,Methocarbamol,human-targeted drugs,0,0,0,0
CCC1=CC2CN3CCc4c([nH]c5ccccc45)C(C(=O)OC)(C2)C13,72314,Prestw-187,Catharanthine,human-targeted drugs,0,0,0,0
C[N+]1(CCCCC[N+]2(C)CCCC2)CCCC1,5849,Prestw-188,Pentolinium bitartrate,human-targeted drugs,0,0,0,0
CC(CS)C(=O)N1CCCC1C(=O)O,2550,Prestw-19,Captopril,human-targeted drugs,0,0,0,0
CCCCNC(=O)NS(=O)(=O)c1ccc(C)cc1,5505,Prestw-190,Tolbutamide,human-targeted drugs,0,0,0,0
COc1ccc(OC)c(C(O)CNC(=O)CN)c1,4195,Prestw-191,Midodrine hydrochloride,human-targeted drugs,0,0,0,0
O=C1CCC(N2C(=O)c3ccccc3C2=O)C(=O)N1,5426,Prestw-192,Thalidomide,human-targeted drugs,0,0,0,0
CC(=O)CCCCn1c(=O)c2c(ncn2C)n(C)c1=O,4740,Prestw-196,Pentoxifylline,human-targeted drugs,0,0,0,0
CC(N)C(O)c1cccc(O)c1,4087,Prestw-197,Metaraminol bitartrate,human-targeted drugs,0,0,0,0
N=c1nc(N2CCCCC2)cc(N)n1O,4201,Prestw-20,Minoxidil,human-targeted drugs,0,0,0,0
CNC(=C[N+](=O)[O-])NCCSCc1ccc(CN(C)C)o1,5039,Prestw-201,Ranitidine hydrochloride,human-targeted drugs,0,0,0,0
CCN(CC)CCNC(=O)c1cc(Cl)c(N)cc1OC,4168,Prestw-209,Metoclopramide monohydrochloride,human-targeted drugs,0,0,0,0
CN1C(=C(O)Nc2ccccn2)C(=O)c2ccccc2S1(=O)=O,23690938,Prestw-211,Piroxicam,human-targeted drugs,0,0,0,0
O=C1NCC2(CCN(CCc3ccccc3)CC2)O1,3344,Prestw-213,Fenspiride hydrochloride,human-targeted drugs,0,0,0,0
Cc1ccc(C)c(OCCCC(C)(C)C(=O)O)c1,3463,Prestw-214,Gemfibrozil,human-targeted drugs,0,0,0,0
CCN(CC)CCNC(=O)COc1ccc(OC)cc1,4045,Prestw-215,Mefexamide hydrochloride,human-targeted drugs,0,0,0,0
CCN(CC)CCNC(=O)c1cc(S(C)(=O)=O)ccc1OC,5467,Prestw-216,Tiapride hydrochloride,human-targeted drugs,0,0,0,0
CC(C(=O)O)c1cccc(C(=O)c2ccccc2)c1,3825,Prestw-219,Ketoprofen,human-targeted drugs,0,0,0,0
CC(C)(CO)C(O)C(=O)NCCCO,4678,Prestw-22,Panthenol (D),human-targeted drugs,0,0,0,0
CC1Cc2ccccc2N1NC(=O)c1ccc(Cl)c(S(N)(=O)=O)c1,3702,Prestw-220,Indapamide,human-targeted drugs,0,0,0,0
Cc1cc(C(C)(C)C)cc(C)c1CC1=NCCN1,5709,Prestw-223,Xylometazoline hydrochloride,human-targeted drugs,0,0,0,0
Cc1cc(C(C)(C)C)c(O)c(C)c1CC1=NCCN1,4636,Prestw-224,Oxymetazoline hydrochloride,human-targeted drugs,0,0,0,0
Cc1c(NC(=O)c2cccnc2)c(=O)n(-c2ccccc2)n1C,4487,Prestw-225,Nifenazone,human-targeted drugs,0,0,0,0
CCN(Cc1ccncc1)C(=O)C(CO)c1ccccc1,5593,Prestw-228,Tropicamide,human-targeted drugs,0,0,0,0
CN1CCOC(c2ccccc2)c2ccccc2C1,4450,Prestw-229,Nefopam hydrochloride,human-targeted drugs,0,0,0,0
Cc1ccc(N(CC2=NCCN2)c2cccc(O)c2)cc1,5775,Prestw-230,Phentolamine hydrochloride,human-targeted drugs,0,0,0,0
CCc1cccc2c3c([nH]c12)C(CC)(CC(=O)O)OCC3,3308,Prestw-231,Etodolac,human-targeted drugs,0,0,0,0
C[N+]1([O-])C2CC(OC(=O)C(CO)c3ccccc3)CC1C1OC12,1258,Prestw-232,Scopolamin-N-oxide hydrobromide,human-targeted drugs,0,0,0,0
CN1C2CCC1CC(OC(=O)C(CO)c1ccccc1)C2,3661,Prestw-233,Hyoscyamine (L),human-targeted drugs,0,0,0,0
COc1cc(C(=O)OCCCN2CCCN(CCCOC(=O)c3cc(OC)c(OC)c(OC)c3)CC2)cc(OC)c1OC,3074,Prestw-236,Dilazep dihydrochloride,human-targeted drugs,0,0,0,0
Cc1ccccc1C(OCCN(C)C)c1ccccc1,4601,Prestw-239,Orphenadrine hydrochloride,human-targeted drugs,0,0,0,0
C#CC1(O)CCC2C3CCC4=C(CCC(=O)C4)C3CCC21C,4537,Prestw-24,Norethynodrel,human-targeted drugs,0,0,0,0
CCCN(CCC)C(=O)C(CCC(=O)O)NC(=O)c1ccccc1,4922,Prestw-240,Proglumide,human-targeted drugs,0,0,0,0
Cc1cccc(C)c1OCC(C)N,4178,Prestw-241,Mexiletine hydrochloride,human-targeted drugs,0,0,0,0
Cc1c(-c2ccccc2)oc2c(C(=O)OCCN3CCCCC3)cccc2c1=O,3354,Prestw-242,Flavoxate hydrochloride,human-targeted drugs,0,0,0,0
CCC1(c2ccc(N)cc2)CCC(=O)NC1=O,2145,Prestw-244,"Glutethimide, para-amino",human-targeted drugs,0,0,0,0
OCC(O)CN1CCN(c2ccccc2)CC1,3169,Prestw-245,"Dropropizine (R,S)",human-targeted drugs,0,0,0,0
CC(N=C(NC#N)Nc1ccncc1)C(C)(C)C,4826,Prestw-246,Pinacidil,human-targeted drugs,0,0,0,0
Clc1cccc(Cl)c1NC1=NCCN1,2803,Prestw-248,Clonidine hydrochloride,human-targeted drugs,0,0,0,0
CC(NC(C)(C)C)C(=O)c1cccc(Cl)c1,444,Prestw-249,Bupropion hydrochloride,human-targeted drugs,0,0,0,0
C=CCc1ccccc1OCC(O)CNC(C)C,2119,Prestw-250,Alprenolol hydrochloride,human-targeted drugs,0,0,0,0
NS(=O)(=O)c1cc2c(cc1Cl)NC=NS2(=O)=O,2720,Prestw-251,Chlorothiazide,human-targeted drugs,0,0,0,0
OC(CCCN1CCCCC1)(c1ccccc1)c1ccccc1,3055,Prestw-252,Diphenidol hydrochloride,human-targeted drugs,0,0,0,0
C#CC1(O)CCC2C3CCC4=CC(=O)CCC4C3CCC21C,4536,Prestw-253,Norethindrone,human-targeted drugs,0,0,0,0
CNCCC=C1c2ccccc2CCc2ccccc21,4543,Prestw-254,Nortriptyline hydrochloride,human-targeted drugs,0,0,0,0
O=C(O)c1cccnc1Nc1cccc(C(F)(F)F)c1,4488,Prestw-255,Niflumic acid,human-targeted drugs,0,0,0,0
CC(C=CC1=C(C)CCCC1(C)C)=CC=CC(C)=CC(=O)O,5538,Prestw-256,Isotretinoin,human-targeted drugs,0,0,0,0
c1ccc(CN(CC2=NCCN2)c2ccccc2)cc1,2200,Prestw-258,Antazoline hydrochloride,human-targeted drugs,0,0,0,0
CN=C(NC#N)NCCSCc1nc[nH]c1C,2756,Prestw-26,Cimetidine,human-targeted drugs,0,0,0,0
C#CC1(O)CCC2C3CCC4=CC(=O)CCC4(C)C3CCC21C,3288,Prestw-261,Ethisterone,human-targeted drugs,0,0,0,0
Cc1ccc(C(=CCN2CCCC2)c2ccccn2)cc1,5588,Prestw-262,Triprolidine hydrochloride,human-targeted drugs,0,0,0,0
CN(C)CCC=C1c2ccccc2COc2ccccc21,3158,Prestw-263,Doxepin hydrochloride,human-targeted drugs,0,0,0,0
CCCCOc1ccc(C(=O)CCN2CCCCC2)cc1,3180,Prestw-264,Dyclonine hydrochloride,human-targeted drugs,0,0,0,0
CN(C)CCOC(c1ccccc1)c1ccccc1,10660,Prestw-265,Dimenhydrinate,human-targeted drugs,0,0,0,0
CC(C)N(CCC(C(N)=O)(c1ccccc1)c1ccccn1)C(C)C,3114,Prestw-266,Disopyramide,human-targeted drugs,0,0,0,0
CCOC(=O)C1=CC2(CC)CCCN3CCc4c(n1c1ccccc41)C32,5673,Prestw-268,Vinpocetine,human-targeted drugs,0,0,0,0
CN(C)CCOC(C)(c1ccccc1)c1ccccn1,3162,Prestw-27,Doxylamine succinate,human-targeted drugs,0,0,0,0
CCC12CCCN3CCc4c(n(c5ccccc45)C(O)(C(=O)OC)C1)C32,5668,Prestw-271,Vincamine,human-targeted drugs,0,0,0,0
COc1ccc2c(c1)c(CC(=O)O)c(C)n2C(=O)c1ccc(Cl)cc1,3715,Prestw-272,Indomethacin,human-targeted drugs,0,0,0,0
CC12CCC(=O)C=C1CCC1C2C(=O)CC2(C)C1CCC2(O)C(=O)CO,222786,Prestw-273,Cortisone,human-targeted drugs,0,0,0,0
CC12C=CC(=O)C=C1CCC1C2C(O)CC2(C)C1CCC2(O)C(=O)CO,4894,Prestw-274,Prednisolone,human-targeted drugs,0,0,0,0
CC(C)OC(=O)C(C)(C)Oc1ccc(C(=O)c2ccc(Cl)cc2)cc1,3339,Prestw-275,Fenofibrate,human-targeted drugs,0,0,0,0
CCCCNc1cc(C(=O)O)cc(S(N)(=O)=O)c1Oc1ccccc1,2471,Prestw-276,Bumetanide,human-targeted drugs,0,0,0,0
CC(CCc1ccccc1)NCC(O)c1ccc(O)c(C(N)=O)c1,3869,Prestw-277,Labetalol hydrochloride,human-targeted drugs,0,0,0,0
CC1CC2C(C(O)CC3(C)C2CCC3(O)C(=O)CO)C2(C)C=CC(=O)C=C12,4159,Prestw-279,"Methylprednisolone, 6-alpha",human-targeted drugs,0,0,0,0
CC(=O)OCC(=O)C1(O)CCC2C3CCC4=CC(=O)CCC4(C)C3(F)C(O)CC21C,3370,Prestw-281,Fludrocortisone acetate,human-targeted drugs,0,0,0,0
CC(Cc1ccc(O)cc1)NCC(O)c1cc(O)cc(O)c1,3343,Prestw-282,Fenoterol hydrobromide,human-targeted drugs,0,0,0,0
CN1CCCN(C(c2ccccc2)c2ccc(Cl)cc2)CC1,3627,Prestw-283,Homochlorcyclizine dihydrochloride,human-targeted drugs,0,0,0,0
CC(CCC(=O)O)C1CCC2C3C(O)CC4CC(O)CCC4(C)C3CCC12C,5645,Prestw-285,Chenodiol,human-targeted drugs,0,0,0,0
CCN(CC)CC#CCOC(=O)C(O)(c1ccccc1)C1CCCCC1,4634,Prestw-287,Oxybutynin chloride,human-targeted drugs,0,0,0,0
COc1ccc(CN(CCN(C)C)c2ccccn2)cc1,4992,Prestw-289,Pyrilamine maleate,human-targeted drugs,0,0,0,0
Cc1cc(=O)n(-c2ccccc2)n1C,2206,Prestw-29,Antipyrine,human-targeted drugs,0,0,0,0
O=C1C(CCS(=O)c2ccccc2)C(=O)N(c2ccccc2)N1c1ccccc1,5342,Prestw-290,Sulfinpyrazone,human-targeted drugs,0,0,0,0
CCCN1CC(CSC)CC2c3cccc4[nH]cc(c34)CC21,4745,Prestw-295,Pergolide mesylate,human-targeted drugs,0,0,0,0
COc1ccc2c(c1)c(CC(=O)OCC(=O)O)c(C)n2C(=O)c1ccc(Cl)cc1,1981,Prestw-296,Acemetacin,human-targeted drugs,0,0,0,0
O=C(COc1ccc(Cl)cc1)N1CCN(Cc2ccc3c(c2)OCO3)CC1,3351,Prestw-298,Fipexide hydrochloride,human-targeted drugs,0,0,0,0
CC(=O)Nc1nnc(S(N)(=O)=O)s1,1986,Prestw-3,Acetazolamide,human-targeted drugs,0,0,0,0
NCCCCC(NC(CCc1ccccc1)C(=O)O)C(=O)N1CCCC1C(=O)O,3937,Prestw-301,Lisinopril,human-targeted drugs,0,0,0,0
Cc1scc2c1N(C(=O)CN1CCN(C)CC1)c1ccccc1NC2=O,5387,Prestw-303,Telenzepine dihydrochloride,human-targeted drugs,0,0,0,0
CCCCN1CCCCC1C(=O)Nc1c(C)cccc1C,2474,Prestw-305,Bupivacaine hydrochloride,human-targeted drugs,0,0,0,0
CN1CCCC1CCOC(C)(c1ccccc1)c1ccc(Cl)cc1,2781,Prestw-306,Clemastine fumarate,human-targeted drugs,0,0,0,0
CCN(CCCCOC(=O)c1ccc(OC)c(OC)c1)C(C)Cc1ccc(OC)cc1,4031,Prestw-310,Mebeverine hydrochloride,human-targeted drugs,0,0,0,0
CC(C(O)c1ccc(O)cc1)N1CCC(Cc2ccccc2)CC1,3689,Prestw-311,Ifenprodil tartrate,human-targeted drugs,0,0,0,0
CCOC(=O)C(CCc1ccccc1)NC(C)C(=O)N1CCCC1C(=O)O,3222,Prestw-314,Enalapril maleate,human-targeted drugs,0,0,0,0
COc1ccc(Cl)cc1C(=O)NCCc1ccc(S(=O)(=O)NC(=O)NC2CCCCC2)cc1,3488,Prestw-316,Glibenclamide,human-targeted drugs,0,0,0,0
NC(N)=NCCN1CCCCCCC1,3518,Prestw-317,Guanethidine sulfate,human-targeted drugs,0,0,0,0
COc1cc2nc(N(C)CCCNC(=O)C3CCCO3)nc(N)c2cc1OC,2092,Prestw-322,Alfuzosin hydrochloride,human-targeted drugs,0,0,0,0
CCCNC(=O)NS(=O)(=O)c1ccc(Cl)cc1,2727,Prestw-323,Chlorpropamide,human-targeted drugs,0,0,0,0
CC(N)C(O)c1ccccc1,4786,Prestw-324,Phenylpropanolamine hydrochloride,human-targeted drugs,0,0,0,0
O=C1OC(C(O)CO)C(O)=C1O,11020241,Prestw-325,Ascorbic acid,human-targeted drugs,0,0,0,0
CC(N)(Cc1ccc(O)c(O)c1)C(=O)O,4138,Prestw-326,"Methyldopa (L,-)",human-targeted drugs,0,0,0,0
Nc1c2c(nc3ccccc13)CCCC2,1935,Prestw-329,Tacrine hydrochloride,human-targeted drugs,0,0,0,0
Cn1c(=O)c2c(ncn2CC(O)CO)n(C)c1=O,3182,Prestw-33,Diprophylline,human-targeted drugs,0,0,0,0
CC(C)NCC(O)COc1ccc(COCCOC(C)C)cc1,2405,Prestw-330,Bisoprolol fumarate,human-targeted drugs,0,0,0,0
CC(=O)Nc1ccc(OCC(O)CNC(C)C)cc1,4883,Prestw-332,Practolol,human-targeted drugs,0,0,0,0
CN1C(=O)CCS(=O)(=O)C1c1ccc(Cl)cc1,2717,Prestw-336,Chlormezanone,human-targeted drugs,0,0,0,0
CCN(CC)CCNC(=O)c1ccc(N)cc1,4913,Prestw-337,Procainamide hydrochloride,human-targeted drugs,0,0,0,0
NC(N)=NC(=O)Cc1c(Cl)cccc1Cl,3519,Prestw-339,Guanfacine hydrochloride,human-targeted drugs,0,0,0,0
Nc1nc(N)c2nc(-c3ccccc3)c(N)nc2n1,5546,Prestw-34,Triamterene,human-targeted drugs,0,0,0,0
O=c1[nH]c2ccccc2n1CCCN1CCC(n2c(=O)[nH]c3cc(Cl)ccc32)CC1,3151,Prestw-340,Domperidone,human-targeted drugs,0,0,0,0
NS(=O)(=O)c1cc(C(=O)O)c(NCc2ccco2)cc1Cl,3440,Prestw-341,Furosemide,human-targeted drugs,0,0,0,0
CN(C)CCN(Cc1cccs1)c1ccccn1,4098,Prestw-342,Methapyrilene hydrochloride,human-targeted drugs,0,0,0,0
CNCCCN1c2ccccc2CCc2ccccc21,2995,Prestw-343,Desipramine hydrochloride,human-targeted drugs,0,0,0,0
C#CCN(C)CCCOc1ccc(Cl)cc1Cl,4380,Prestw-344,Clorgyline hydrochloride,human-targeted drugs,0,0,0,0
CC(C)(C)NCC(O)c1cc(Cl)c(N)c(Cl)c1,2783,Prestw-345,Clenbuterol hydrochloride,human-targeted drugs,0,0,0,0
CNCCCC12CCC(c3ccccc31)c1ccccc12,4011,Prestw-346,Maprotiline hydrochloride,human-targeted drugs,0,0,0,0
CC(NCCc1ccc(O)cc1)C(O)c1ccc(O)cc1,31728,Prestw-349,Ritodrine hydrochloride,human-targeted drugs,0,0,0,0
CN1CCN(C2=c3ccccc3=Nc3ccc(Cl)cc3N2)CC1,2818,Prestw-350,Clozapine,human-targeted drugs,0,0,0,0
NS(=O)(=O)c1cc(C2(O)NC(=O)c3ccccc32)ccc1Cl,2732,Prestw-351,Chlorthalidone,human-targeted drugs,0,0,0,0
CC(CCc1ccc(O)cc1)NCCc1ccc(O)c(O)c1,36811,Prestw-352,Dobutamine hydrochloride,human-targeted drugs,0,0,0,0
O=C(NCCN1CCOCC1)c1ccc(Cl)cc1,4235,Prestw-353,Moclobemide,human-targeted drugs,0,0,0,0
CC1CCCC(C)N1NC(=O)c1ccc(Cl)c(S(N)(=O)=O)c1,2804,Prestw-354,Clopamide,human-targeted drugs,0,0,0,0
COc1ccc2c(c1)C13CCCCC1C(C2)N(C)CC3,3008,Prestw-359,Dextromethorphan hydrobromide monohydrate,human-targeted drugs,0,0,0,0
O=C(CCCN1CC=C(n2c(=O)[nH]c3ccccc32)CC1)c1ccc(F)cc1,3168,Prestw-360,Droperidol,human-targeted drugs,0,0,0,0
CN(C)C(=O)Oc1cc(OC(=O)N(C)C)cc(C(O)CNC(C)(C)C)c1,54765,Prestw-361,Bambuterol hydrochloride,human-targeted drugs,0,0,0,0
CC1CC2C3CCC4=CC(=O)C=CC4(C)C3(F)C(O)CC2(C)C1(O)C(=O)CO,3003,Prestw-362,Betamethasone,human-targeted drugs,0,0,0,0
COc1cc2c(c(OC)c1OC)-c1ccc(OC)c(=O)cc1C(NC(C)=O)CC2,2833,Prestw-363,Colchicine,human-targeted drugs,0,0,0,0
CCNC1CN(CCCOC)S(=O)(=O)c2sc(S(N)(=O)=O)cc21,68844,Prestw-365,Brinzolamide,human-targeted drugs,0,0,0,0
Nc1c(Br)cc(Br)cc1CNC1CCC(O)CC1,2132,Prestw-366,Ambroxol hydrochloride,human-targeted drugs,0,0,0,0
Cc1cnc(NC(=O)C2=C(O)c3ccccc3S(=O)(=O)N2C)s1,4051,Prestw-369,Meloxicam,human-targeted drugs,0,0,0,0
CN1CCC(=C2c3ccccc3CC(=O)c3sccc32)CC1,3827,Prestw-371,Ketotifen fumarate,human-targeted drugs,0,0,0,0
N=C(N)N1CCc2ccccc2C1,2965,Prestw-372,Debrisoquin sulfate,human-targeted drugs,0,0,0,0
CCC(CO)NC(=O)C1C=C2c3cccc4[nH]cc(c34)CC2N(C)C1,4140,Prestw-374,Methylergometrine maleate,human-targeted drugs,0,0,0,0
CCN(CC)CCOC(=O)C(Cc1cccc2ccccc12)CC1CCCO1,4417,Prestw-377,Nafronyl oxalate,human-targeted drugs,0,0,0,0
CC(C)(Oc1ccc(CCNC(=O)c2ccc(Cl)cc2)cc1)C(=O)O,39042,Prestw-378,Bezafibrate,human-targeted drugs,0,0,0,0
COc1cc(N)c(Cl)cc1C(=O)NC1CCN(Cc2ccccc2)CC1,2780,Prestw-380,Clebopride maleate,human-targeted drugs,0,0,0,0
CC(C)(Sc1cc(C(C)(C)C)c(O)c(C(C)(C)C)c1)Sc1cc(C(C)(C)C)c(O)c(C(C)(C)C)c1,4912,Prestw-384,Probucol,human-targeted drugs,0,0,0,0
CCN(CC)CCOCCOC(=O)C1(c2ccccc2)CCCC1,2562,Prestw-387,Carbetapentane citrate,human-targeted drugs,0,0,0,0
O=C(O)c1cc(-c2ccc(F)cc2F)ccc1O,3059,Prestw-39,Diflunisal,human-targeted drugs,0,0,0,0
CC(C)(C)NCC(O)c1cc(O)cc(O)c1,5403,Prestw-391,Terbutaline hemisulfate,human-targeted drugs,0,0,0,0
O=C(c1ccc(F)cc1)C1CCN(CCn2c(=O)[nH]c3ccccc3c2=O)CC1,3822,Prestw-392,Ketanserin tartrate hydrate,human-targeted drugs,0,0,0,0
CN(C)C(=N)N=C(N)N,4091,Prestw-4,Metformin hydrochloride,human-targeted drugs,0,0,0,0
NC12CC3CC(CC(C3)C1)C2,2130,Prestw-407,Adamantamine fumarate,human-targeted drugs,0,0,0,0
CCN(CC)CCOC(=O)c1ccc(N)cc1,4914,Prestw-41,Procaine hydrochloride,human-targeted drugs,0,0,0,0
CC12CCC3C(CCC4CC(O)CCC43C)C1CCC2=O,225,Prestw-411,Androsterone,human-targeted drugs,0,0,0,0
O=C(O)CCCCC1SCC2NC(=O)NC21,253,Prestw-418,Biotin,human-targeted drugs,0,0,0,0
CC(=O)Oc1ccc(C(c2ccc(OC(C)=O)cc2)c2ccccn2)cc1,2391,Prestw-419,Bisacodyl,human-targeted drugs,0,0,0,0
CC(=O)Oc1cc(C(C)C)c(OCCN(C)C)cc1C,4260,Prestw-42,Moxisylyte hydrochoride,human-targeted drugs,0,0,0,0
CCCC(C)(COC(N)=O)COC(=O)NC(C)C,2576,Prestw-423,Carisoprodol,human-targeted drugs,0,0,0,0
COc1cc(OC)c(C(=O)CCCN2CCCC2)c(OC)c1,2467,Prestw-426,Buflomedil hydrochloride,human-targeted drugs,0,0,0,0
CC(=O)OCC(=O)NCCCOc1cccc(CN2CCCCC2)c1,5105,Prestw-428,Roxatidine Acetate HCl,human-targeted drugs,0,0,0,0
NCCc1ccn[nH]1,7741,Prestw-43,Betazole hydrochloride,human-targeted drugs,0,0,0,0
COc1cc(N)c(Cl)cc1C(=O)NC1CCN(CCCOc2ccc(F)cc2)CC1OC,2769,Prestw-430,Cisapride,human-targeted drugs,0,0,0,0
CC1=C2N=C(C=C3N=C(C(C)=C4NC(C(CC(N)=O)C4(C)CCC(=O)NCC(C)OP(=O)(O)OC4C(CO)OC(n5cnc6cc(C)c(C)cc65)C4O)C4(C)N=C1C(CCC(N)=O)C4(C)CC(N)=O)C(CCC(N)=O)C3(C)C)C(CCC(N)=O)C2(C)CC(N)=O,2891,Prestw-433,Cyanocobalamin,human-targeted drugs,0,0,0,0
CC12CCC(O)CC1CCC1C2CCC2(C)C(C3=CC(=O)OC3)CCC12O,8932,Prestw-436,Digitoxigenin,human-targeted drugs,0,0,0,0
CCOC(=O)n1ccn(C)c1=S,31072,Prestw-439,Carbimazole,human-targeted drugs,0,0,0,0
Cc1cc(NC(=O)C2=C(O)c3ccccc3S(=O)(=O)N2C)no1,54677972,Prestw-44,Isoxicam,human-targeted drugs,0,0,0,0
CC12CCC3c4ccc(O)cc4CCC3C1CCC2O,450,Prestw-441,Estradiol-17 beta,human-targeted drugs,0,0,0,0
CC(C)(C)NCC(O)COc1cccc2c1CCC(=O)N2,2583,Prestw-446,Carteolol hydrochloride,human-targeted drugs,0,0,0,0
Nc1c2c(nc3ccccc13)C(O)CCC2,179850,Prestw-448,"Hydroxytacrine maleate (R,S)",human-targeted drugs,0,0,0,0
CCC1C(=O)OCC1Cc1cncn1C,4819,Prestw-449,Pilocarpine nitrate,human-targeted drugs,0,0,0,0
COc1ccc2cc(C(C)C(=O)O)ccc2c1,1301,Prestw-45,Naproxen,human-targeted drugs,0,0,0,0
C=CCN1CCCC1CNC(=O)c1cc2n[nH]nc2cc1OC,43008,Prestw-451,Alizapride HCl,human-targeted drugs,0,0,0,0
COc1ccc2[nH]cc(CCNC(C)=O)c2c1,896,Prestw-458,Melatonin,human-targeted drugs,0,0,0,0
c1ccc2c(CC3=NCCN3)cccc2c1,4436,Prestw-46,Naphazoline hydrochloride,human-targeted drugs,0,0,0,0
CCCCCC(O)C=CC1C(O)CC(O)C1CC=CCCCC(=O)O,71436,Prestw-460,Dinoprost trometamol,human-targeted drugs,0,0,0,0
CN1C2CCC1CC(OC(=O)c1c[nH]c3ccccc13)C2,5595,Prestw-461,Tropisetron HCl,human-targeted drugs,0,0,0,0
CC(=O)Nc1c(I)c(C(=O)NC2C(O)OC(CO)C(O)C2O)c(I)c(N(C)C(C)=O)c1I,35734,Prestw-463,Metrizamide,human-targeted drugs,0,0,0,0
CN(C)C(=O)Oc1cccc([N+](C)(C)C)c1,4456,Prestw-468,Neostigmine bromide,human-targeted drugs,0,0,0,0
Clc1ccccc1CN1CCc2sccc2C1,5472,Prestw-47,Ticlopidine hydrochloride,human-targeted drugs,0,0,0,0
CN(C)CCC(c1ccc(Br)cc1)c1ccccn1,6834,Prestw-475,Brompheniramine maleate,human-targeted drugs,0,0,0,0
CC(=O)C1CCC2C3CCC4=CC(=O)CCC4(C)C3CCC12C,4920,Prestw-477,Progesterone,human-targeted drugs,0,0,0,0
O=C(CCCN1CCC(n2c(=O)[nH]c3ccccc32)CC1)c1ccc(F)cc1,16363,Prestw-484,Benperidol,human-targeted drugs,0,0,0,0
CN(C)CCC=C1c2ccccc2CSc2ccccc21,3155,Prestw-488,Dosulepin hydrochloride,human-targeted drugs,0,0,0,0
CCC(C)(CN(C)C)OC(=O)c1ccccc1,10766,Prestw-49,Amyleine hydrochloride,human-targeted drugs,0,0,0,0
NC(N)=NCc1cccc(I)c1,60860,Prestw-490,Iobenguane sulfate,human-targeted drugs,0,0,0,0
CCCc1cc(=O)[nH]c(=S)[nH]1,657298,Prestw-494,Propylthiouracil,human-targeted drugs,0,0,0,0
CC(C(=O)O)c1ccc(C(=O)c2ccccc2)s1,5468,Prestw-496,Tiaprofenic acid,human-targeted drugs,0,0,0,0
CCCNCC(O)COc1ccccc1C(=O)CCc1ccccc1,4932,Prestw-499,Propafenone hydrochloride,human-targeted drugs,0,0,0,0
COc1ccc(CC2c3cc(OC)c(OC)cc3CC[N+]2(C)CCC(=O)OCCCCCOC(=O)CC[N+]2(C)CCc3cc(OC)c(OC)cc3C2Cc2ccc(OC)c(OC)c2)cc1OC,47320,Prestw-5,Atracurium besylate,human-targeted drugs,0,0,0,0
CCN(CC)CC(=O)Nc1c(C)cccc1C,3676,Prestw-50,Lidocaine hydrochloride,human-targeted drugs,0,0,0,0
CCN(CC)C(=O)c1ccc(O)c(OC)c1,9363,Prestw-500,Ethamivan,human-targeted drugs,0,0,0,0
C=CC(N)CCC(=O)O,5665,Prestw-501,Vigabatrin,human-targeted drugs,0,0,0,0
OC(CCN1CCCCC1)(c1ccccc1)C1CC2C=CC1C2,2381,Prestw-502,Biperiden hydrochloride,human-targeted drugs,0,0,0,0
O=C(O)COCCN1CCN(C(c2ccccc2)c2ccc(Cl)cc2)CC1,2678,Prestw-503,Cetirizine dihydrochloride,human-targeted drugs,0,0,0,0
CCc1cccc(CC)c1NC(=O)CN(CC(=O)O)CC(=O)O,170344,Prestw-504,Etifenin,human-targeted drugs,0,0,0,0
CC(C)NCC(O)c1cc(O)cc(O)c1,4086,Prestw-505,"Metaproterenol sulfate, orciprenaline sulfate",human-targeted drugs,0,0,0,0
CN1CCN(C(c2ccccc2)c2ccccc2)CC1,6726,Prestw-510,Cyclizine hydrochloride,human-targeted drugs,0,0,0,0
CNCCC(Oc1ccc(C(F)(F)F)cc1)c1ccccc1,3386,Prestw-511,Fluoxetine hydrochloride,human-targeted drugs,0,0,0,0
CN1C(=O)OC(C)(C)C1=O,5576,Prestw-515,Trimethadione,human-targeted drugs,0,0,0,0
CCC(C)C(=O)OC1CC(C)C=C2C=CC(C)C(CCC3CC(O)CC(=O)O3)C21,3962,Prestw-516,Lovastatin,human-targeted drugs,0,0,0,0
CCCC1OC2CC3C4CCC5=CC(=O)C=CC5(C)C4C(O)CC3(C)C2(C(=O)CO)O1,2462,Prestw-518,Budesonide,human-targeted drugs,0,0,0,0
NC(=O)N1c2ccccc2C=Cc2ccccc21,2554,Prestw-52,Carbamazepine,human-targeted drugs,0,0,0,0
O=C(O)C1=CC(=NNc2ccc(S(=O)(=O)Nc3ccccn3)cc2)C=CC1=O,5353980,Prestw-520,Sulfasalazine,human-targeted drugs,0,0,0,0
CN1C(=C(O)Nc2ccccn2)C(=O)c2sccc2S1(=O)=O,51508717,Prestw-527,Tenoxicam,human-targeted drugs,0,0,0,0
CC(=O)Oc1cc(C(F)(F)F)ccc1C(=O)O,9458,Prestw-528,Triflusal,human-targeted drugs,0,0,0,0
CCOc1ccc(NC(C)=O)cc1,4754,Prestw-533,Phenacetin,human-targeted drugs,0,0,0,0
COc1ccc(OC)c(C(O)C(C)N)c1,6081,Prestw-535,Methoxamine hydrochloride,human-targeted drugs,0,0,0,0
CC(C)NCC(O)COc1ccc(CC(N)=O)cc1,2249,Prestw-536,(R)-(+)-Atenolol,human-targeted drugs,0,0,0,0
NC(=O)CN1CCCC1=O,4843,Prestw-537,Piracetam,human-targeted drugs,0,0,0,0
COc1c(OC2OC(CO)C(O)C(O)C2O)cc2c(c1OC)-c1ccc(SC)c(=O)cc1C(NC(C)=O)CC2,72067,Prestw-539,Thiocolchicoside,human-targeted drugs,0,0,0,0
Cc1cccc(Nc2ccccc2C(=O)O)c1C,4044,Prestw-54,Mefenamic acid,human-targeted drugs,0,0,0,0
CCCN(CCC)S(=O)(=O)c1ccc(C(=O)O)cc1,4911,Prestw-542,Probenecid,human-targeted drugs,0,0,0,0
CNCCc1ccccn1,2366,Prestw-543,Betahistine mesylate,human-targeted drugs,0,0,0,0
CCOC([O-])=Nc1c[n+](N2CCOCC2)no1,4238,Prestw-547,Molsidomine,human-targeted drugs,0,0,0,0
COc1ccc(CN2CCNCC2)c(OC)c1OC,21109,Prestw-549,Trimetazidine dihydrochloride,human-targeted drugs,0,0,0,0
CC(=O)c1ccc(S(=O)(=O)NC(=O)NC2CCCCC2)cc1,1989,Prestw-55,Acetohexamide,human-targeted drugs,0,0,0,0
C#CCN(C)C(C)Cc1ccccc1,5195,Prestw-552,Selegiline hydrochloride,human-targeted drugs,0,0,0,0
Cc1ccc(S(=O)(=O)NC(=O)NN2CCCCCC2)cc1,5503,Prestw-554,Tolazamide,human-targeted drugs,0,0,0,0
Cc1ccc(S(=O)(=O)NC(=O)NN2CC3CCCC3C2)cc1,3475,Prestw-558,Gliclazide,human-targeted drugs,0,0,0,0
CCN1CCCC1CNC(=O)c1cc(S(N)(=O)=O)ccc1OC,5355,Prestw-56,Sulpiride,human-targeted drugs,0,0,0,0
CNC(=O)Oc1ccc2c(c1)C1(C)CCN(C)C1N2C,4811,Prestw-566,Eserine hemisulfate salt,human-targeted drugs,0,0,0,0
CCCCOc1cc(C(=O)OCCN(CC)CC)ccc1N,4633,Prestw-57,Benoxinate hydrochloride,human-targeted drugs,0,0,0,0
CCCCNc1ccc(C(=O)OCCN(C)C)cc1,5411,Prestw-571,Tetracaine hydrochloride,human-targeted drugs,0,0,0,0
COc1ccc(Cc2nccc3cc(OC)c(OC)cc23)cc1OC,4680,Prestw-583,Papaverine hydrochloride,human-targeted drugs,0,0,0,0
COC(=O)C1C(O)CCC2CN3CCc4c([nH]c5ccccc45)C3CC21,2866,Prestw-584,Yohimbine hydrochloride,human-targeted drugs,0,0,0,0
O=C1CCc2cc(OCCCCc3nnnn3C3CCCCC3)ccc2N1,2754,Prestw-587,Cilostazol,human-targeted drugs,0,0,0,0
COc1ccc2c3c1OC1CC(O)C=CC31CCN(C)C2,3449,Prestw-588,Galanthamine hydrobromide,human-targeted drugs,0,0,0,0
CN(C)CCC(c1ccccc1)c1ccccn1,4761,Prestw-59,Pheniramine maleate,human-targeted drugs,0,0,0,0
O=C(O)Cc1ccccc1Nc1c(Cl)cccc1Cl,3032,Prestw-594,Diclofenac sodium,human-targeted drugs,0,0,0,0
c1ccc(CC2=NCCN2)cc1,5504,Prestw-60,Tolazoline hydrochloride,human-targeted drugs,0,0,0,0
CC(=O)OCC(=O)C1(OC(C)=O)C(C)CC2C3CC(F)C4=CC(=O)C=CC4(C)C3(F)C(O)CC21C,3056,Prestw-619,Diflorasone Diacetate,human-targeted drugs,0,0,0,0
CN1C2CCC1CC(OC(=O)C(O)c1ccccc1)C2,3623,Prestw-62,"Homatropine hydrobromide (R,S)",human-targeted drugs,0,0,0,0
Cc1ncc(CO)c(CO)c1O,1054,Prestw-623,Pyridoxine hydrochloride,human-targeted drugs,0,0,0,0
CC(=O)SCC(Cc1ccccc1)C(=O)NCC(=O)OCc1ccccc1,60561,Prestw-626,Racecadotril,human-targeted drugs,0,0,0,0
COC(=O)C1=C(C)NC(C)=C(C(=O)OC)C1c1ccccc1[N+](=O)[O-],4485,Prestw-63,Nifedipine,human-targeted drugs,0,0,0,0
Cc1ncc(C[n+]2csc(CCO)c2C)c(N)n1,1130,Prestw-631,Thiamine hydrochloride,human-targeted drugs,0,0,0,0
CNCC(O)c1ccc(OC(=O)C(C)(C)C)c(OC(=O)C(C)(C)C)c1,3105,Prestw-632,Dipivefrin hydrochloride,human-targeted drugs,0,0,0,0
O=C(O)CNC(=O)C(CS)Cc1ccccc1,3132,Prestw-633,Thiorphan,human-targeted drugs,0,0,0,0
CC1(C)OC2CC3C4CC(F)C5=CC(=O)C=CC5(C)C4C(O)CC3(C)C2(C(=O)CO)O1,3379,Prestw-643,Flunisolide,human-targeted drugs,0,0,0,0
CC(=O)NC1CCSC1=O,14520,Prestw-644,N-Acetyl-DL-homocysteine Thiolactone,human-targeted drugs,0,0,0,0
CC1(C)OC2CC3C4CC(F)C5=CC(=O)CCC5(C)C4C(O)CC3(C)C2(C(=O)CO)O1,3392,Prestw-645,Flurandrenolide,human-targeted drugs,0,0,0,0
CCC1=C(C)CN(C(=O)NCCc2ccc(S(=O)(=O)NC(=O)NC3CCC(C)CC3)cc2)C1=O,3476,Prestw-651,Glimepiride,human-targeted drugs,0,0,0,0
C[N+]1(C)CCCC(OC(=O)C(O)(c2ccccc2)c2ccccc2)C1,4057,Prestw-653,Mepenzolate bromide,human-targeted drugs,0,0,0,0
CC(=C(CCOP(=O)(O)O)SC(=O)c1ccccc1)N(C=O)Cc1cnc(C)nc1N,2320,Prestw-654,Benfotiamine,human-targeted drugs,0,0,0,0
CC1(C)OC2CC3C4CCC5=CC(=O)CCC5(C)C4(F)C(O)CC3(C)C2(C(=O)CCl)O1,3553,Prestw-655,Halcinonide,human-targeted drugs,0,0,0,0
CC(=O)OC1CC(OC2C(O)CC(OC3C(O)CC(OC4CCC5(C)C(CCC6C5CC(O)C5(C)C(C7=CC(=O)OC7)CCC65O)C4)OC3C)OC2C)OC(C)C1OC1OC(CO)C(O)C(O)C1O,3879,Prestw-656,Lanatoside C,human-targeted drugs,0,0,0,0
NC(=NCc1ccccc1)NC(=O)c1nc(Cl)c(N)nc1N,108107,Prestw-657,Benzamil hydrochloride,human-targeted drugs,0,0,0,0
CCCCC1(COC(=O)CCC(=O)O)C(=O)N(c2ccccc2)N(c2ccccc2)C1=O,5362,Prestw-658,Suxibuzone,human-targeted drugs,0,0,0,0
Cc1cc(-c2ccccc2)nnc1NCCN1CCOCC1,4199,Prestw-66,Minaprine dihydrochloride,human-targeted drugs,0,0,0,0
COC(=O)C1=C(C)NC(C)=C(C(=O)OCC(C)C)C1c1ccccc1[N+](=O)[O-],4499,Prestw-666,Nisoldipine,human-targeted drugs,0,0,0,0
CC(=O)C1CCC2C3C=CC4=CC(=O)CCC4(C)C3CCC12C,3181,Prestw-671,Dydrogesterone,human-targeted drugs,0,0,0,0
CC(COc1ccccc1)NC(C)C(O)c1ccc(O)cc1,3783,Prestw-68,Isoxsuprine hydrochloride,human-targeted drugs,0,0,0,0
CN1C(C)(C)CCCC1(C)C,6603,Prestw-683,Pempidine tartrate,human-targeted drugs,0,0,0,0
CCCC(=O)Nc1ccc(OCC(O)CNC(C)C)c(C(C)=O)c1,1978,Prestw-69,Acebutolol hydrochloride,human-targeted drugs,0,0,0,0
CCN1C(=O)NC(c2ccccc2)C1=O,3292,Prestw-696,Ethotoin,human-targeted drugs,0,0,0,0
c1ccc2c(c1)CCCC2C1=NCCN1,5419,Prestw-698,Tetrahydrozoline hydrochloride,human-targeted drugs,0,0,0,0
NC(N)=NC(=O)c1nc(Cl)c(N)nc1N,16230,Prestw-7,Amiloride hydrochloride dihydrate,human-targeted drugs,0,0,0,0
OC(CCN1CCCCC1)(c1ccccc1)C1CCCCC1,5572,Prestw-701,"Trihexyphenidyl-D,L Hydrochloride",human-targeted drugs,0,0,0,0
CCN(CC)CCNC(=O)c1cc(Br)c(N)cc1OC,2446,Prestw-704,Bromopride,human-targeted drugs,0,0,0,0
CN1CCC(OC(c2ccccc2)c2ccccc2)CC1,3103,Prestw-707,Diphenylpyraline hydrochloride,human-targeted drugs,0,0,0,0
Cc1cc2cc3c(C)cc(=O)oc3c(C)c2o1,5585,Prestw-709,Trioxsalen,human-targeted drugs,0,0,0,0
CCOC(=O)c1ccc(N)cc1,2337,Prestw-712,Benzocaine,human-targeted drugs,0,0,0,0
Cc1c(N(C)CS(=O)(=O)O)c(=O)n(-c2ccccc2)n1C,3110,Prestw-713,Dipyrone,human-targeted drugs,0,0,0,0
CCCCOc1ccc(OCCCN2CCOCC2)cc1,4886,Prestw-716,Pramoxine hydrochloride,human-targeted drugs,0,0,0,0
CC(C)(C)NC(=O)C1CCC2C3CCC4NC(=O)C=CC4(C)C3CCC12C,3350,Prestw-717,Finasteride,human-targeted drugs,0,0,0,0
CN(C)CCCN1c2ccccc2CCc2ccccc21,3696,Prestw-72,Imipramine hydrochloride,human-targeted drugs,0,0,0,0
C=CCSCC1Nc2cc(Cl)c(S(N)(=O)=O)cc2S(=O)(=O)N1,2122,Prestw-721,Althiazide,human-targeted drugs,0,0,0,0
CC(=O)N(O)CCCCCNC(=O)CCC(=O)N(O)CCCCCNC(=O)CCC(=O)N(O)CCCCCN,2973,Prestw-725,Deferoxamine mesylate,human-targeted drugs,0,0,0,0
CNC(C)(C)Cc1ccccc1,3677,Prestw-726,Mephentermine hemisulfate,human-targeted drugs,0,0,0,0
CC1=C(CC(=O)O)c2cc(F)ccc2C1=Cc1ccc(S(C)=O)cc1,5352,Prestw-73,Sulindac,human-targeted drugs,0,0,0,0
O=C(O)CCNC(=O)c1ccc(NN=C2C=CC(=O)C(C(=O)O)=C2)cc1,5362070,Prestw-730,Balsalazide Sodium,human-targeted drugs,0,0,0,0
COCCc1ccc(OCC(O)CNC(C)C)cc1,4171,Prestw-733,"Metoprolol-(+,-) (+)-tartrate salt",human-targeted drugs,0,0,0,0
CC1CC2C3CC(F)C4=CC(=O)C=CC4(C)C3(F)C(O)CC2(C)C1(O)C(=O)CO,3375,Prestw-734,Flumethasone,human-targeted drugs,0,0,0,0
O=C(NCC1CCCCN1)c1cc(OCC(F)(F)F)ccc1OCC(F)(F)F,3355,Prestw-735,Flecainide acetate,human-targeted drugs,0,0,0,0
Nc1nc(=O)c2c([nH]1)NCC(CNc1ccc(C(=O)NC(CCC(=O)O)C(=O)O)cc1)N2C=O,143,Prestw-738,Folinic acid calcium salt,human-targeted drugs,0,0,0,0
CC(N)C(O)c1ccc(O)c(O)c1,3917,Prestw-739,Levonordefrin,human-targeted drugs,0,0,0,0
CN(C)CCC=C1c2ccccc2CCc2ccccc21,2160,Prestw-74,Amitryptiline hydrochloride,human-targeted drugs,0,0,0,0
CC(=O)C1CCC2C3CC(C)C4=CC(=O)CCC4(C)C3C(O)CC12C,4043,Prestw-743,Medrysone,human-targeted drugs,0,0,0,0
C[N+]1(C)CCC(OC(=O)C(O)(c2ccccc2)C2CCCC2)C1,3494,Prestw-746,Glycopyrrolate,human-targeted drugs,0,0,0,0
CCC(NC(C)C)C(O)c1ccc(O)c(O)c1,3762,Prestw-749,Isoetharine mesylate salt,human-targeted drugs,0,0,0,0
CCN(CC)CCOC(=O)C(c1ccccc1)c1ccccc1,2031,Prestw-75,Adiphenine hydrochloride,human-targeted drugs,0,0,0,0
COc1cc2nc(N3CCN(C(=O)C4CCCO4)CC3)nc(N)c2cc1OC,5401,Prestw-751,Terazosin hydrochloride,human-targeted drugs,0,0,0,0
Nc1ccc(N=Nc2ccccc2)c(N)n1,4756,Prestw-752,Phenazopyridine hydrochloride,human-targeted drugs,0,0,0,0
CC(C(=O)O)c1cccc(Oc2ccccc2)c1,3342,Prestw-754,Fenoprofen calcium salt dihydrate,human-targeted drugs,0,0,0,0
CC(=O)OC(C)C[N+](C)(C)C,1993,Prestw-759,Methacholine chloride,human-targeted drugs,0,0,0,0
CCCCOc1cc(C(=O)NCCN(CC)CC)c2ccccc2n1,3025,Prestw-76,Dibucaine,human-targeted drugs,0,0,0,0
CC[N+]1(C)CCCC(OC(=O)C(O)(c2ccccc2)c2ccccc2)C1,4832,Prestw-760,Pipenzolate bromide,human-targeted drugs,0,0,0,0
CN(C)CCOC(=O)COc1ccc(Cl)cc1,4039,Prestw-763,Meclofenoxate hydrochloride,human-targeted drugs,0,0,0,0
CC12C=CC(=O)C=C1CCC1C2C(=O)CC2(C)C1CCC2(O)C(=O)CO,4900,Prestw-77,Prednisone,human-targeted drugs,0,0,0,0
CC(C)[N+](C)(CCC(C(N)=O)(c1ccccc1)c1ccccc1)C(C)C,3775,Prestw-770,Isopropamide iodide,human-targeted drugs,0,0,0,0
CCC(=O)OCC(=O)C1(OC(=O)CC)C(C)CC2C3C(Cl)CC4=CC(=O)C=CC4(C)C3C(O)CC21C,2085,Prestw-771,Alclometasone dipropionate,human-targeted drugs,0,0,0,0
C#CC1(O)CCC2C3CCC4=CC(=O)CCC4C3CCC21CC,4542,Prestw-773,Norgestrel-(-)-D,human-targeted drugs,0,0,0,0
CC(=O)OCC(=O)C12OC(C)(C)OC1CC1C3CC(F)C4=CC(=O)C=CC4(C)C3(F)C(O)CC12C,3382,Prestw-774,Fluocinonide,human-targeted drugs,0,0,0,0
COc1ccccc1OCC(O)CO,3516,Prestw-776,Guaifenesin,human-targeted drugs,0,0,0,0
Cc1cc(CC(=O)O)n(C)c1C(=O)c1ccc(Cl)cc1,5733,Prestw-779,Zomepirac sodium salt,human-targeted drugs,0,0,0,0
CCC(=O)OC1(C(=O)CCl)C(C)CC2C3CCC4=CC(=O)C=CC4(C)C3(F)C(O)CC21C,2791,Prestw-781,Clobetasol propionate,human-targeted drugs,0,0,0,0
NS(=O)(=O)c1cc2c(cc1C(F)(F)F)NC(Cc1ccccc1)NS2(=O)=O,2315,Prestw-784,Bendroflumethiazide,human-targeted drugs,0,0,0,0
Cn1cc[nH]c1=S,1349907,Prestw-786,Methimazole,human-targeted drugs,0,0,0,0
CC(CNC1CCCCC1)OC(=O)c1ccccc1,10770,Prestw-788,Hexylcaine hydrochloride,human-targeted drugs,0,0,0,0
CCN(CC)CCOC(=O)C(c1ccccc1)C1CCCCC1,3166,Prestw-789,Drofenine hydrochloride,human-targeted drugs,0,0,0,0
C[N+]1(C)CCC(=C(c2ccccc2)c2ccccc2)CC1,6126,Prestw-79,Diphemanil methylsulfate,human-targeted drugs,0,0,0,0
Clc1ccc(C(OCCN2CCCCC2)c2ccccc2)cc1,2805,Prestw-793,Cloperastine hydrochloride,human-targeted drugs,0,0,0,0
Cc1cc(C(=O)NNCc2ccccc2)no1,3759,Prestw-795,Isocarboxazid,human-targeted drugs,0,0,0,0
COc1cc(C(=O)NCc2ccc(OCCN(C)C)cc2)cc(OC)c1OC,5577,Prestw-80,Trimethobenzamide hydrochloride,human-targeted drugs,0,0,0,0
Nc1cc(-c2ccncc2)c[nH]c1=O,3698,Prestw-800,Amrinone,human-targeted drugs,0,0,0,0
CN(C)CCOC(c1ccc(Cl)cc1)c1ccccn1,2564,Prestw-801,Carbinoxamine maleate salt,human-targeted drugs,0,0,0,0
CC(=O)Nc1sc(S(N)(=O)=O)n[n+]1C,1798,Prestw-802,Methazolamide,human-targeted drugs,0,0,0,0
CCC1(CC)C(=O)C=CNC1=O,4994,Prestw-803,Pyrithyldione,human-targeted drugs,0,0,0,0
CC(CN(C)C)CN1c2ccccc2CCc2ccccc21,5584,Prestw-806,Trimipramine maleate salt,human-targeted drugs,0,0,0,0
CN(C)CCN(Cc1ccc(Cl)cc1)c1ccccn1,25294,Prestw-807,Chloropyramine hydrochloride,human-targeted drugs,0,0,0,0
NS(=O)(=O)c1cc(Cl)c(Cl)c(S(N)(=O)=O)c1,3038,Prestw-809,Dichlorphenamide,human-targeted drugs,0,0,0,0
O=C(O)c1cc(=O)c2c(OCC(O)COc3cccc4oc(C(=O)O)cc(=O)c34)cccc2o1,2881,Prestw-812,Cromolyn disodium salt,human-targeted drugs,0,0,0,0
CCCC(=O)Nc1ncnc2c1ncn2C1OC(COC(=O)CCC)C2OP(=O)(O)OC21,28178,Prestw-813,Bucladesine sodium salt,human-targeted drugs,0,0,0,0
O=C(O)c1ccccc1OP(=O)(O)O,3418,Prestw-815,Fosfosal,human-targeted drugs,0,0,0,0
CC(C(=O)O)c1ccc(C(=O)c2cccs2)cc1,5359,Prestw-816,Suprofen,human-targeted drugs,0,0,0,0
CC(C)(C)NCC(O)COc1cccc2c1CC(O)C(O)C2,4411,Prestw-818,Nadolol,human-targeted drugs,0,0,0,0
Cn1c(=O)c2[nH]cnc2n(C)c1=O,9433,Prestw-820,Aminophylline,human-targeted drugs,0,0,0,0
C[N+]12CCC(CC1)C(OC(=O)C(O)(c1ccccc1)c1ccccc1)C2,2784,Prestw-822,Clidinium bromide,human-targeted drugs,0,0,0,0
NS(=O)(=O)c1cc2c(cc1Cl)NC(CSCc1ccccc1)=NS2(=O)=O,2343,Prestw-824,Benzthiazide,human-targeted drugs,0,0,0,0
NS(=O)(=O)c1cc2c(cc1Cl)NC(C(Cl)Cl)NS2(=O)=O,5560,Prestw-825,Trichlormethiazide,human-targeted drugs,0,0,0,0
CCN(CC)CCc1nc(-c2ccccc2)no1,13738,Prestw-826,Oxalamine citrate salt,human-targeted drugs,0,0,0,0
CC(C)[N+](C)(CCOC(=O)C1c2ccccc2Oc2ccccc21)C(C)C,4934,Prestw-827,Propantheline bromide,human-targeted drugs,0,0,0,0
CC1(C)OC(=O)NC1=O,3081,Prestw-829,Dimethadione,human-targeted drugs,0,0,0,0
CC[N+](C)(C)c1cccc(O)c1,3202,Prestw-83,Edrophonium chloride,human-targeted drugs,0,0,0,0
CCCCN(CCCC)CCCOC(=O)c1ccc(N)cc1,2480,Prestw-831,Butacaine,human-targeted drugs,0,0,0,0
O=P1(NCCCl)OCCCN1CCCl,3690,Prestw-833,Ifosfamide,human-targeted drugs,0,0,0,0
CC(C(=O)O)c1ccc(N2Cc3ccccc3C2=O)cc1,3718,Prestw-836,Indoprofen,human-targeted drugs,0,0,0,0
OC(CCN1CCCC1)(c1ccccc1)C1CCCCC1,4919,Prestw-844,Procyclidine hydrochloride,human-targeted drugs,0,0,0,0
C#CC1(O)CCC2C3CCc4cc(OC)ccc4C3CCC21C,4080,Prestw-846,Ethynylestradiol 3-methyl ether,human-targeted drugs,0,0,0,0
CC(C)(C)NCC(O)COc1cccc2c1CCCC2=O,3914,Prestw-847,(-) -Levobunolol hydrochloride,human-targeted drugs,0,0,0,0
CC(=O)N(CC(O)CN(C(C)=O)c1c(I)c(C(=O)NCC(O)CO)c(I)c(C(=O)NCC(O)CO)c1I)c1c(I)c(C(=O)NCC(O)CO)c(I)c(C(=O)NCC(O)CO)c1I,3724,Prestw-848,Iodixanol,human-targeted drugs,0,0,0,0
NCC(CC(=O)O)c1ccc(Cl)cc1,2284,Prestw-85,"Baclofen (R,S)",human-targeted drugs,0,0,0,0
CC12CCC3C(=CCc4cc(O)ccc43)C1CCC2=O,3247,Prestw-850,Equilin,human-targeted drugs,0,0,0,0
Fc1ccc(C2CCNCC2COc2ccc3c(c2)OCO3)cc1,4691,Prestw-851,Paroxetine Hydrochloride,human-targeted drugs,0,0,0,0
NC(Cc1cc(I)c(Oc2ccc(O)c(I)c2)c(I)c1)C(=O)O,861,Prestw-853,Liothyronine,human-targeted drugs,0,0,0,0
CCC(=O)OCC(=O)C1(OC(=O)CC)C(C)CC2C3CCC4=CC(=O)C=CC4(C)C3(Cl)C(O)CC21C,2307,Prestw-855,Beclomethasone dipropionate,human-targeted drugs,0,0,0,0
Cc1ccc(C(=O)c2ccc(CC(=O)O)n2C)cc1,5508,Prestw-856,Tolmetin sodium salt dihydrate,human-targeted drugs,0,0,0,0
CC(C)n1c(C=CC(O)CC(O)CC(=O)O)c(-c2ccc(F)cc2)c2ccccc21,3403,Prestw-859,Fluvastatin sodium salt,human-targeted drugs,0,0,0,0
NCC1(CC(=O)O)CCCCC1,3446,Prestw-861,Gabapentin,human-targeted drugs,0,0,0,0
CC(O)(P(=O)(O)O)P(=O)(O)O,3305,Prestw-863,"Etidronic acid, disodium salt",human-targeted drugs,0,0,0,0
CC(=O)Nc1ccc(O)cc1,1983,Prestw-868,Acetaminophen,human-targeted drugs,0,0,0,0
CC1=NS(=O)(=O)c2cc(Cl)ccc2N1,3019,Prestw-87,Diazoxide,human-targeted drugs,0,0,0,0
CC(O)C(=O)Nc1c(I)c(C(=O)NC(CO)CO)c(I)c(C(=O)NC(CO)CO)c1I,3734,Prestw-871,Iopamidol,human-targeted drugs,0,0,0,0
COCC(=O)Nc1c(I)c(C(=O)NCC(O)CO)c(I)c(C(=O)N(C)CC(O)CO)c1I,3736,Prestw-872,Iopromide,human-targeted drugs,0,0,0,0
Cn1cnc2c1c(=O)[nH]c(=O)n2C,5429,Prestw-874,Theobromine,human-targeted drugs,0,0,0,0
CN1C2CC(OC(=O)C(CO)c3ccccc3)CC1C1OC12,5184,Prestw-877,Scopolamine hydrochloride,human-targeted drugs,0,0,0,0
O=C(NCC(O)CO)c1c(I)c(C(=O)NCC(O)CO)c(I)c(N(CCO)C(=O)CO)c1I,3741,Prestw-878,Ioversol,human-targeted drugs,0,0,0,0
Cc1c(N(C)C)c(=O)n(-c2ccccc2)n1C,6009,Prestw-88,Amidopyrine,human-targeted drugs,0,0,0,0
C[N+](C)(C)CCOC(N)=O,2551,Prestw-880,Carbachol,human-targeted drugs,0,0,0,0
O=C(O)c1cccnc1,937,Prestw-881,Niacin,human-targeted drugs,0,0,0,0
CCC1(C)CC(=O)NC(=O)C1,2310,Prestw-882,Bemegride,human-targeted drugs,0,0,0,0
O=C(O)Cc1ccc(-c2ccccc2)cc1,3332,Prestw-893,Felbinac,human-targeted drugs,0,0,0,0
Nc1ccc(C(=O)NCC(=O)O)cc1,2148,Prestw-895,Aminohippuric acid,human-targeted drugs,0,0,0,0
CC(=O)NC(CC(C)C)C(=O)O,1995,Prestw-896,N-Acetyl-L-leucine,human-targeted drugs,0,0,0,0
CC12CC(=O)C3C(CCC4=CC(=O)CCC43C)C1CCC2=O,9791,Prestw-899,Adrenosterone,human-targeted drugs,0,0,0,0
NS(=O)(=O)c1cc2c(cc1Cl)NCNS2(=O)=O,3639,Prestw-9,Hydrochlorothiazide,human-targeted drugs,0,0,0,0
CC(C)NCC(O)COc1cccc2[nH]ccc12,4828,Prestw-90,Pindolol,human-targeted drugs,0,0,0,0
C[N+]1(C)C2CCC1CC(OC(=O)C(CO)c1ccccc1)C2,5860,Prestw-900,Methylatropine nitrate,human-targeted drugs,0,0,0,0
Cc1cc(=O)oc2cc(O)ccc12,3364573,Prestw-901,Hymecromone,human-targeted drugs,0,0,0,0
CC(C)(C(=O)c1cccnc1)c1cccnc1,4174,Prestw-904,Metyrapone,human-targeted drugs,0,0,0,0
COc1ccccc1N1CCN(CCCNc2cc(=O)n(C)c(=O)n2C)CC1,5639,Prestw-905,Urapidil hydrochloride,human-targeted drugs,0,0,0,0
CC(C)Cc1ccc(C(C)C(=O)O)cc1,3672,Prestw-907,S-(+)-ibuprofen,human-targeted drugs,0,0,0,0
C#CC1(OC(C)=O)CCC2C3CCC4=CC(OC(C)=O)CCC4C3CCC21C,3304,Prestw-908,Ethynodiol diacetate,human-targeted drugs,0,0,0,0
COc1ccc2cc(CCC(C)=O)ccc2c1,4409,Prestw-909,Nabumetone,human-targeted drugs,0,0,0,0
Oc1ccc(OCc2ccccc2)cc1,7638,Prestw-912,Monobenzone,human-targeted drugs,0,0,0,0
CC12CCC3c4ccc(O)cc4CCC3C1CCC2=O,698,Prestw-914,Estrone,human-targeted drugs,0,0,0,0
CCOC(=O)C1=C(C)NC(C)=C(C(=O)OC)C1c1cccc([N+](=O)[O-])c1,4507,Prestw-916,Nitrendipine,human-targeted drugs,0,0,0,0
CC(C(=O)O)c1ccc(-c2ccccc2)c(F)c1,3394,Prestw-917,Flurbiprofen,human-targeted drugs,0,0,0,0
CN(C)CC=C(c1ccc(Br)cc1)c1cccnc1,41987,Prestw-92,Zimelidine dihydrochloride monohydrate,human-targeted drugs,0,0,0,0
CNC(=C[N+](=O)[O-])NCCSCc1csc(CN(C)C)n1,4513,Prestw-921,Nizatidine,human-targeted drugs,0,0,0,0
O=C(NCCNCC(O)COc1ccc(O)cc1)N1CCOCC1,155773,Prestw-923,Xamoterol hemifumarate,human-targeted drugs,0,0,0,0
CCOC(=O)C(CCc1ccccc1)NC(C)C(=O)N1Cc2ccccc2CC1C(=O)O,5005,Prestw-927,Quinapril HCl,human-targeted drugs,0,0,0,0
O=C(c1ccccc1)c1ccc2n1CCC2C(=O)O,84003,Prestw-929,Ketorolac tromethamine,human-targeted drugs,0,0,0,0
OC(c1ccccc1)(c1ccccc1)C1CCNCC1,15722,Prestw-93,Azacyclonol,human-targeted drugs,0,0,0,0
CC(C)c1cccc(C(C)C)c1O,4943,Prestw-931,Propofol,human-targeted drugs,0,0,0,0
CCC1(c2ccccc2)C(=O)NCNC1=O,4909,Prestw-933,Primidone,human-targeted drugs,0,0,0,0
CC(=O)OC1CCC2(C)C(=CCC3C4CCC(=O)C4(C)CCC32)C1,14709,Prestw-937,Dehydroisoandosterone 3-acetate,human-targeted drugs,0,0,0,0
O=C(CCCCC(=O)Nc1c(I)cc(I)c(C(=O)O)c1I)Nc1c(I)cc(I)c(C(=O)O)c1I,3739,Prestw-939,Iodipamide,human-targeted drugs,0,0,0,0
CC[N+](C)(C)Cc1ccccc1Br,2431,Prestw-942,Bretylium tosylate,human-targeted drugs,0,0,0,0
CN1C=CC=CC1=CN=O,5353894,Prestw-943,Pralidoxime chloride,human-targeted drugs,0,0,0,0
CC(COc1ccccc1)N(CCCl)Cc1ccccc1,4768,Prestw-944,Phenoxybenzamine hydrochloride,human-targeted drugs,0,0,0,0
CN(C)c1nc(N(C)C)nc(N(C)C)n1,2123,Prestw-946,Altretamine,human-targeted drugs,0,0,0,0
COc1cc2nc(N3CCN(C(=O)c4ccco4)CC3)nc(N)c2cc1OC,4893,Prestw-947,Prazosin hydrochloride,human-targeted drugs,0,0,0,0
CC(C)(C)NCC(O)COc1nsnc1N1CCOCC1,5478,Prestw-948,Timolol maleate salt,human-targeted drugs,0,0,0,0
NCC(O)c1ccc(O)cc1,4581,Prestw-949,"(+,-)-Octopamine hydrochloride",human-targeted drugs,0,0,0,0
CC(C)(C)CC(C)(C)c1ccc(O)cc1,71388,Prestw-954,Tyloxapol,human-targeted drugs,0,0,0,0
CC(=O)OC1(C(C)=O)CCC2C3C=C(C)C4=CC(=O)CCC4(C)C3CCC21C,4048,Prestw-956,Megestrol acetate,human-targeted drugs,0,0,0,0
CC12CCC(=O)C=C1CCC1C2CCC2(C)C(C(=O)CO)CCC12,6166,Prestw-957,Deoxycorticosterone,human-targeted drugs,0,0,0,0
CCCOc1ccc(C(=O)OCCN(CC)CC)cc1N,4935,Prestw-959,Proparacaine hydrochloride,human-targeted drugs,0,0,0,0
NC(N)=NN=Cc1c(Cl)cccc1Cl,3517,Prestw-96,Guanabenz acetate,human-targeted drugs,0,0,0,0
NCCCCCC(=O)O,564,Prestw-960,Aminocaproic acid,human-targeted drugs,0,0,0,0
CC(C)NCC(O)c1ccc(NS(C)(=O)=O)cc1,5253,Prestw-966,Sotalol hydrochloride,human-targeted drugs,0,0,0,0
C[N+](C)(C)CCCCCCCCCC[N+](C)(C)C,2968,Prestw-968,Decamethonium bromide,human-targeted drugs,0,0,0,0
CCN1CCCC1CNC(=O)c1c(OC)ccc(Br)c1OC,51767,Prestw-971,Remoxipride Hydrochloride,human-targeted drugs,0,0,0,0
Cc1ccc2c(c1)c1c3n2CCNC3CCC1,68802,Prestw-973,Pirlindole mesylate,human-targeted drugs,0,0,0,0
CC12CC3CC(C)(C1)CC(N)(C3)C2,4054,Prestw-978,Memantine Hydrochloride,human-targeted drugs,0,0,0,0
O=C(O)C=Cc1ccc(Cn2ccnc2)cc1,4646,Prestw-979,Ozagrel hydrochloride,human-targeted drugs,0,0,0,0
c1cnc(N2CCN(Cc3ccc4c(c3)OCO4)CC2)nc1,4850,Prestw-980,Piribedil hydrochloride,human-targeted drugs,0,0,0,0
CC12CCC3C4CCC(=O)C=C4CCC3C1CCC2O,9904,Prestw-982,Nandrolone,human-targeted drugs,0,0,0,0
CC1OC(OC2C=C3CCC4C(CCC5(C)C(c6ccc(=O)oc6)CCC45O)C3(C)CC2)C(O)C(O)C1O,4951,Prestw-986,Proscillaridin A,human-targeted drugs,0,0,0,0
CN1CCN2c3ccccc3Cc3ccccc3C2C1,4184,Prestw-99,Mianserine hydrochloride,human-targeted drugs,0,0,0,0
COCCCCC(=NOCCN)c1ccc(C(F)(F)F)cc1,3404,Prestw-995,Fluvoxamine maleate,human-targeted drugs,0,0,0,0
CCC(=O)OC1(C(=O)SCF)C(C)CC2C3CC(F)C4=CC(=O)C=CC4(C)C3(F)C(O)CC21C,3399,Prestw-997,Fluticasone propionate,human-targeted drugs,0,0,0,0
CC(=C(CCO)SSCC1CCCO1)N(C=O)Cc1cnc(C)nc1N,3441,Prestw-1007,Fursultiamine Hydrochloride,non-drugs,0,0,0,0
CCOC(=O)c1ccc(OC(=O)CCCCCN=C(N)N)cc1,3447,Prestw-1008,Gabexate mesilate,non-drugs,0,0,0,0
OCC1OC(Oc2ccc(O)cc2)C(O)C(O)C1O,346,Prestw-1026,Arbutin,non-drugs,0,0,0,0
CC(=O)c1ccc2c(c1)N(CCCN1CCC(CCO)CC1)c1ccccc1S2,19675,Prestw-1048,Piperacetazine,non-drugs,0,0,0,0
CCC(=O)OC(Cc1ccccc1)(c1ccccc1)C(C)CN(C)C,28332,Prestw-1054,Levopropoxyphene napsylate,non-drugs,0,0,0,0
O=C(NCNC(=O)NC1C(=O)NC(=O)N1CO)NC1C(=O)NC(=O)N1CO,38258,Prestw-1071,Imidurea,non-drugs,0,0,0,0
Clc1cnccn1,73277,Prestw-1087,2-Chloropyrazine,non-drugs,0,0,0,0
CC1CC(OC(=O)c2ccccc2O)CC(C)(C)C1,8362,Prestw-1090,Homosalate,non-drugs,0,0,0,0
CC(Cc1ccc(O)c(O)c1)(NN)C(=O)O,2563,Prestw-1177,Carbidopa,non-drugs,0,0,0,0
CC(CCC(=O)O)C1CCC2C3C(=O)CC4CC(=O)CCC4(C)C3CC(=O)C12C,2974,Prestw-123,Dehydrocholic acid,non-drugs,0,0,0,0
O=C1c2ccccc2S(=O)(=O)N1CCCCN1CCN(c2ncccn2)CC1,56971,Prestw-1292,Ipsapirone,non-drugs,0,0,0,0
CCN1CCCC1CNC(=O)c1c(O)c(Cl)cc(Cl)c1OC,5118,Prestw-1325,Raclopride,non-drugs,0,0,0,0
NCCNCCNCCNCCN,8197,Prestw-1387,Tetraethylenepentamine pentahydrochloride,non-drugs,0,0,0,0
C=C1CC2C3C=C(C)C4=CC(=O)CCC4(C)C3CCC2(C)C1(OC(C)=O)C(C)=O,18020,Prestw-1435,Melengestrol acetate,non-drugs,0,0,0,0
Cc1c(N)c(=O)n(-c2ccccc2)n1C,2151,Prestw-181,Ampyrone,non-drugs,0,0,0,0
c1ccc(CNc2ncnc3nc[nH]c23)cc1,62389,Prestw-189,"Aminopurine, 6-benzyl",non-drugs,0,0,0,0
NC(=O)NC1NC(=O)NC1=O,204,Prestw-2,Allantoin,non-drugs,0,0,0,0
CCC1(O)C(=O)OCc2c1cc1n(c2=O)Cc2cc3ccccc3nc2-1,2538,Prestw-200,"Camptothecine (S,+)",non-drugs,0,0,0,0
Cc1c(O)c(=O)n(-c2ccccc2)n1C,98889,Prestw-30,"Antipyrine, 4-hydroxy",non-drugs,0,0,0,0
O=C(Nc1ccccc1)OCC(CN1CCCCC1)OC(=O)Nc1ccccc1,10830,Prestw-300,Diperodon hydrochloride,non-drugs,0,0,0,0
Nc1nc2cc(Cl)ccc2o1,6103,Prestw-328,Zoxazolamine,non-drugs,0,0,0,0
C(#CCN1CCCC1)CN1CCCC1,5534,Prestw-331,Tremorine dihydrochloride,non-drugs,0,0,0,0
CCCOc1ccccc1-c1nc2[nH][nH]nc-2c(=O)n1,5722,Prestw-335,Zaprinast,non-drugs,0,0,0,0
Nc1ncnc2c1ncn2C1OC(COP(=O)(O)O)C(O)C1O,224,Prestw-356,Adenosine 5'-monophosphate monohydrate,non-drugs,0,0,0,0
C[N+](C)(C)CCCCCC[N+](C)(C)C,3604,Prestw-38,Hexamethonium dibromide dihydrate,non-drugs,0,0,0,0
C[N+]1(C)CCOC(O)(c2ccc(-c3ccc(C4(O)C[N+](C)(C)CCO4)cc3)cc2)C1,3585,Prestw-393,Hemicholinium bromide,non-drugs,0,0,0,0
COc1ccc(C2CC(=O)c3c(O)cc(OC4OC(COC5OC(C)C(O)C(O)C5O)C(O)C(O)C4O)cc3O2)cc1O,3594,Prestw-400,Hesperidin,non-drugs,0,0,0,0
CC(C)CC(=O)NC(C(=O)NC(C(=O)NC(CC(C)C)C(O)CC(=O)NC(C)C(=O)NC(CC(C)C)C(O)CC(=O)O)C(C)C)C(C)C,4742,Prestw-405,Pepstatin A,non-drugs,0,0,0,0
c1ccc2c(c1)CCCc1cc(NCCN3CCOCC3)nnc1-2,195164,Prestw-406,"Morpholinoethylamino-3-benzocyclohepta-(5,6-c)-pyridazine dihydrochloride",non-drugs,0,0,0,0
NC(=O)Nc1ccc([As](=O)(O)O)cc1,8480,Prestw-413,Carbarsone,non-drugs,0,0,0,0
CC12CCC(=O)C=C1CCC1C2C(O)CC2(C)C(C(=O)CO)CCC12,5753,Prestw-432,Corticosterone,non-drugs,0,0,0,0
COc1ccc(-c2ccc(N)[n+](CCCC(=O)O)n2)cc1,5275,Prestw-443,Gabazine bromide,non-drugs,0,0,0,0
NCCc1c[nH]c2ccc(O)cc12,5202,Prestw-481,Serotonin hydrochloride,non-drugs,0,0,0,0
Cc1c(C)c2c(c(C)c1O)CCC(C)(C(=O)O)O2,40634,Prestw-530,Trolox,non-drugs,0,0,0,0
Cc1nc2ccccn2c(=O)c1CCN1CCC(C(=O)c2ccc(F)cc2)CC1,4847,Prestw-531,Pirenperone,non-drugs,0,0,0,0
COc1cc2c(cc1OC)C(C)NCC2,10302,Prestw-532,"Isoquinoline, 6,7-dimethoxy-1-methyl-1,2,3,4-tetrahydro, hydrochloride",non-drugs,0,0,0,0
CC(=O)C1CCC2C3CC=C4CC(O)CCC4(C)C3CCC12C,1027,Prestw-546,Pregnenolone,non-drugs,0,0,0,0
C=C1C(=O)OC2C1CCC(C)=CCCC1(C)OC21,4692,Prestw-550,Parthenolide,non-drugs,0,0,0,0
COc1ccccc1N1CCN(CCCCNC(=O)c2ccc3ccccc3c2)CC1,3038494,Prestw-559,DO 897/99,non-drugs,0,0,0,0
c1ccc2nc(N3CCNCC3)ccc2c1,5011,Prestw-617,Quipazine dimaleate salt,non-drugs,0,0,0,0
COc1cc(S(C)=O)ccc1-c1nc2ncccc2[nH]1,5353,Prestw-641,Sulmazole,non-drugs,0,0,0,0
C=C(C)C1C2OC(=O)C1C1(O)CC3OC34C(=O)OC2C14C,4816,Prestw-652,Picrotoxinin,non-drugs,0,0,0,0
c1coc(CNc2ncnc3nc[nH]c23)c1,3830,Prestw-659,6-Furfurylaminopurine,non-drugs,0,0,0,0
CC=C(C)C(=O)OC1C(OC(C)=O)C2(CO)C(O)CC3(C)C(=CCC4C5(C)CCC(OC6OC(C(=O)O)C(OC7OC(CO)C(O)C(O)C7O)C(O)C6OC6OC(CO)C(O)C(O)C6O)C(C)(CO)C5CCC43C)C2CC1(C)C,6433489,Prestw-676,Beta-Escin,non-drugs,0,0,0,0
CCOC(=O)NNc1nncc2ccccc12,5501,Prestw-71,Todralazine hydrochloride,non-drugs,0,0,0,0
Cc1c(NC(C)C)c(=O)n(-c2ccccc2)n1C,5037,Prestw-722,Isopyrin hydrochloride,non-drugs,0,0,0,0
C=C1C2CCC3C4(C)CC(OC5OC(CO)C(OS(=O)(=O)O)C(OS(=O)(=O)O)C5OC(=O)CC(C)C)CC(C(=O)O)C4CCC3(C2)C1O,2254,Prestw-737,Atractyloside potassium salt,non-drugs,0,0,0,0
NC(=O)c1ccc[n+](C2OC(COP(=O)([O-])OP(=O)(O)OCC3OC(n4cnc5c(N)ncnc54)C(O)C3O)C(O)C2O)c1,925,Prestw-741,Nadide,non-drugs,0,0,0,0
CC1(O)CCOC(=O)C1,10428,Prestw-750,"Mevalonic-D, L acid lactone",non-drugs,0,0,0,0
CCOc1ccc2c(c1)C(C)=CC(C)(C)N2,3293,Prestw-765,Ethoxyquin,non-drugs,0,0,0,0
CC(C)(Oc1ccc(Cl)cc1)C(=O)O,2797,Prestw-783,Clofibric acid,non-drugs,0,0,0,0
CC1CC(C)C(=O)C(C(O)CC2CC(=O)NC(=O)C2)C1,2900,Prestw-790,Cycloheximide,non-drugs,0,0,0,0
CC1CC(OC(=O)C(O)c2ccccc2)CC(C)(C)N1C,7534,Prestw-794,Eucatropine hydrochloride,non-drugs,0,0,0,0
CC(CCC(=O)O)C1CCC2C3CCC4CC(O)CCC4(C)C3CCC12C,9903,Prestw-796,Lithocholic acid,non-drugs,0,0,0,0
O=C1C(O)=C(O)C(=O)C(O)=C1O,5424,Prestw-835,"Tetrahydroxy-1,4-quinone monohydrate",non-drugs,0,0,0,0
CC1NC(=O)NC1=O,69216,Prestw-860,Methylhydantoin-5-(L),non-drugs,0,0,0,0
CC12CCC(O)CC1CCC1C2CC(O)C2(C)C(C3=CC(=O)OC3)CCC12O,15478,Prestw-883,Digoxigenin,non-drugs,0,0,0,0
COc1ccc(C(=O)c2ccccc2)c(O)c1,4632,Prestw-887,Oxybenzone,non-drugs,0,0,0,0
COc1ccc(C(=O)c2ccccc2O)c(O)c1,8569,Prestw-898,Dioxybenzone,non-drugs,0,0,0,0
COc1c2occc2c(OC)c2c(=O)cc(C)oc12,3828,Prestw-91,Khellin,non-drugs,0,0,0,0
CNCCC(Oc1ccccc1OC)c1ccccc1,4500,Prestw-910,Nisoxetine hydrochloride,non-drugs,0,0,0,0
CCCCCN(CCCCC)C(=O)C(CCC(=O)O)NC(=O)c1ccc(Cl)c(Cl)c1,3959,Prestw-915,Lorglumide sodium salt,non-drugs,0,0,0,0
OC1CCCCC1N1CCC(c2ccccc2)CC1,5662,Prestw-920,L(-)-vesamicol hydrochloride,non-drugs,0,0,0,0
S=C(NC1CCCCC1)N1CCC(c2cnc[nH]2)CC1,3035905,Prestw-922,Thioperamide maleate,non-drugs,0,0,0,0
COc1ccc(C2CNC(=O)C2)cc1OC1CCCC1,5092,Prestw-924,Rolipram,non-drugs,0,0,0,0
c1ccc2c(c1)OCC(C1=NCCN1)O2,54459,Prestw-926,Idazoxan hydrochloride,non-drugs,0,0,0,0
CCc1cc(Cl)c(OC)c(C(=O)NCC2CCCN2CC)c1O,57266,Prestw-932,S(-)Eticlopride hydrochloride,non-drugs,0,0,0,0
NC(CO)C(=O)NNCc1ccc(O)c(O)c1O,2327,Prestw-938,Benserazide hydrochloride,non-drugs,0,0,0,0
O=C(O)CN(CCN(CC(=O)O)CC(=O)O)CCN(CC(=O)O)CC(=O)O,3053,Prestw-941,Pentetic acid,non-drugs,0,0,0,0
CC[N+](CC)(CC(=O)Nc1c(C)cccc1C)Cc1ccccc1,19518,Prestw-961,Denatonium benzoate,non-drugs,0,0,0,0
O=c1[nH]oc2c1CCNC2,3448,Prestw-972,THIP Hydrochloride,non-drugs,0,0,0,0
CC(C)NCC(O)c1ccc2ccccc2c1,4930,Prestw-974,Pronethalol hydrochloride,non-drugs,0,0,0,0
COc1cc(-c2ccc(=O)[nH]n2)ccc1OC(F)F,5723,Prestw-977,Zardaverine,non-drugs,0,0,0,0
CC(=O)Oc1ccccc1C(=O)Oc1ccccc1C(=O)O,10745,Prestw-98,Acetylsalicylsalicylic acid,non-drugs,0,0,0,0
CCN(CC)CCOC(=O)C1(c2ccc([N+](=O)[O-])cc2)CCCC1,3941250,Prestw-981,Nitrocaramiphen hydrochloride,non-drugs,0,0,0,0
CN(C)CCCSC(=N)N,3077,Prestw-983,Dimaprit dihydrochloride,non-drugs,0,0,0,0
CCNC1(c2cccs2)CCCCC1=O,26533,Prestw-1022,Tiletamine hydrochloride,vet: animal-targeted drugs,0,0,0,0
O=C(CCCN1CCN(c2ccccn2)CC1)c1ccc(F)cc1,15443,Prestw-1117,Azaperone,vet: animal-targeted drugs,0,0,0,0
CC(C(=O)O)c1ccc2c(c1)[nH]c1ccc(Cl)cc12,2581,Prestw-1261,Carprofen,vet: animal-targeted drugs,0,0,0,0
Cc1cccc(C)c1NC1=NCCCS1,5707,Prestw-598,Xylazine,vet: animal-targeted drugs,0,0,0,0
CC(=O)OCC(=O)C1(O)CCC2C3CCC4=CC(=O)C=CC4(C)C3(F)C(O)CC21C,9563,Prestw-6,Isoflupredone acetate,vet: animal-targeted drugs,0,0,0,0
COc1ncnc(NS(=O)(=O)c2ccc(N)cc2)c1OC,17134,Prestw-1094,Sulfadoxine,vet: anti-infectives,0,0,0,0
CCCCCCC1C(=O)OC(C)C(NC(=O)c2cccc(NC=O)c2O)C(=O)OC(C)C1OC(=O)CC(C)C,12550,Prestw-222,Antimycin A,vet: anti-infectives,0,0,0,0
Nc1ccc(S(=O)(=O)Nc2ccc(Cl)nn2)cc1,6634,Prestw-715,Sulfachloropyridazine,vet: anti-infectives,0,0,0,0
COC(=O)Nc1nc2ccc(S(=O)c3ccccc3)cc2[nH]1,40854,Prestw-1459,Oxfendazol,vet: antiparasitics,0,0,0,0
Nc1cc(C(Cl)=C(Cl)Cl)c(S(N)(=O)=O)cc1S(N)(=O)=O,43231,Prestw-540,Clorsulon,vet: antiparasitics,0,0,0,0
Cc1ccsc1C=CC1=NCCCN1C,4250,Prestw-61,Morantel tartrate,vet: antiparasitics,0,0,0,0
Nc1ccc(S(=O)(=O)Nc2cnc3ccccc3n2)cc1,5337,Prestw-731,Sulfaquinoxaline sodium salt,vet: antiparasitics,0,0,0,0
CCCc1ncc(C[n+]2ccccc2C)c(N)n1,2178,Prestw-8,Amprolium hydrochloride,vet: antiparasitics,0,0,0,0
CC=CC(=O)N(CC)c1ccccc1C,2883,Prestw-951,Crotamiton,vet: antiparasitics,0,0,0,0
