date,actual,predicted,residual
2020-04-09,3.999407219086195,3.644224484016859,0.3551827350693362
2020-04-10,3.999407219086195,3.437389296692768,0.562017922393427
2020-04-11,3.999407219086195,3.438289996923534,0.561117222162661
2020-04-12,3.999407219086195,3.4330344051738537,0.5663728139123414
2020-04-13,3.999407219086195,3.323773688786135,0.6756335303000602
2020-04-14,3.999407219086195,3.1057093200674935,0.8936978990187017
2020-04-15,3.999407219086195,3.138151366152439,0.861255852933756
2020-04-16,3.999407219086195,3.092766211311887,0.9066410077743083
2020-04-17,3.999407219086195,3.1832848432982974,0.8161223757878977
2020-04-18,3.999407219086195,3.202774797237191,0.796632421849004
2020-04-19,3.999407219086195,3.175678089714774,0.8237291293714213
2020-04-20,3.999407219086195,2.4584359378566076,1.5409712812295875
2020-04-21,3.999407219086195,2.330893576913561,1.668513642172634
2020-04-22,3.999407219086195,2.283472813788605,1.71593440529759
2020-04-23,3.999407219086195,2.1153388270446727,1.8840683920415224
2020-04-24,3.999407219086195,2.2238051801385046,1.7756020389476905
2020-04-25,3.999407219086195,2.761648524726177,1.2377586943600183
2020-04-26,3.999407219086195,2.785773735823237,1.2136334832629583
2020-04-27,3.999407219086195,2.7433527715983206,1.2560544474878745
2020-04-28,3.999407219086195,2.5838968260289596,1.4155103930572355
2020-04-29,3.999407219086195,2.603277957976544,1.396129261109651
2020-04-30,3.999407219086195,2.5962733929637176,1.4031338261224775
2020-05-01,3.999407219086195,2.6286742470489592,1.3707329720372359
2020-05-02,3.999407219086195,2.1885957136486587,1.8108115054375364
2020-05-03,3.999407219086195,3.2039618984432856,0.7954453206429095
2020-05-04,3.999407219086195,3.167591418888574,0.8318158001976212
2020-05-05,3.999407219086195,3.4964754816952577,0.5029317373909374
2020-05-06,3.999407219086195,3.469257141069549,0.5301500780166459
2020-05-07,3.999407219086195,3.4459469380247536,0.5534602810614415
2020-05-08,3.999407219086195,3.121532366040088,0.8778748530461069
2020-05-09,3.999407219086195,3.3765910536265804,0.6228161654596147
2020-05-10,3.999407219086195,3.6743174061916446,0.3250898128945505
2020-05-11,3.8534752322117636,3.4118230945743804,0.4416521376373832
2020-05-12,3.703785803984231,3.330031343054739,0.37375446092949227
2020-05-13,3.548216121605028,2.989461078175863,0.5587550434291648
2020-05-14,3.379658294781546,1.959671654968736,1.4199866398128098
2020-05-15,3.1839422595427775,2.847683748429853,0.3362585111129244
2020-05-16,2.9917593007536007,3.0430436342172063,-0.0512843334636055
2020-05-17,2.7991418749262214,3.5225078403919836,-0.7233659654657623
2020-05-18,2.621553245621738,2.8111149538343825,-0.1895617082126444
2020-05-19,2.4471723119805198,2.8034935803598335,-0.35632126837931377
2020-05-20,2.249920070685344,2.3476856123118663,-0.09776554162652218
2020-05-21,2.0564510397028184,2.3558824626812465,-0.29943142297842806
2020-05-22,1.898057747065646,2.5329137357273823,-0.6348559886617364
2020-05-23,1.898057747065646,1.7866825600885663,0.1113751869770796
2020-05-24,1.75330526945794,1.6399229376826914,0.1133823317752487
2020-05-25,1.5982958911468081,1.0428472947528393,0.5554485963939688
2020-05-26,1.4014432989899734,1.348218947507019,0.05322435148295446
2020-05-27,1.2076136463934526,1.4787264273690248,-0.27111278097557223
2020-05-28,1.0212879168413305,0.8075860574888759,0.21370185935245456
2020-05-29,0.829920205680432,1.0168867220250084,-0.1869665163445764
2020-05-30,0.642949207486845,1.0729353669104864,-0.4299861594236414
2020-05-31,0.471307168730025,0.8329246412052315,-0.3616174724752065
2020-06-01,0.30946389877853775,0.9719926338904634,-0.6625287351119257
2020-06-02,0.15106350181334957,0.24770902248203733,-0.09664552066868776
2020-06-03,0.0,0.13337929025017425,-0.13337929025017425
2020-06-04,0.0,0.18170227382013748,-0.18170227382013748
2020-06-05,0.0,0.1300726510220745,-0.1300726510220745
2020-06-06,0.0,0.0,0.0
2020-06-07,0.0,0.0,0.0
2020-06-08,0.0,0.0,0.0
2020-06-09,0.0,0.07302459671654879,-0.07302459671654879
2020-06-10,0.0,0.09531834015405917,-0.09531834015405917
2020-06-11,0.0,0.037887579448746385,-0.037887579448746385
2020-06-12,0.0,0.010762309681739458,-0.010762309681739458
2020-06-13,0.0,0.019277376026798614,-0.019277376026798614
2020-06-14,0.0,0.032632907791915376,-0.032632907791915376
2020-06-15,0.0,0.20658516111979108,-0.20658516111979108
2020-06-16,0.0,0.06332967038159211,-0.06332967038159211
2020-06-17,0.0,0.0,0.0
2020-06-18,0.0,0.0,0.0
2020-06-19,0.0,0.0,0.0
2020-06-20,0.0,0.0,0.0
2020-06-21,0.0,0.0,0.0
2020-06-22,0.0,0.0,0.0
2020-06-23,0.0,0.0,0.0
2020-06-24,0.0,0.0,0.0
2020-06-25,0.0,0.0,0.0
2020-06-26,0.0,0.0,0.0
2020-06-27,0.0,0.0,0.0
2020-06-28,0.0,0.0,0.0
2020-06-29,0.0,0.0,0.0
2020-06-30,0.0,0.05910158396012377,-0.05910158396012377
2020-07-01,0.0,0.1892295817649811,-0.1892295817649811
2020-07-02,0.0,0.2217803243546159,-0.2217803243546159
2020-07-03,0.0,0.16181447893260606,-0.16181447893260606
2020-07-04,0.0,0.2217803243546159,-0.2217803243546159
2020-07-05,0.0,0.23797490842367386,-0.23797490842367386
2020-07-06,0.0,0.2510707437435967,-0.2510707437435967
2020-07-07,0.0,0.2301286410636932,-0.2301286410636932
2020-07-08,0.0,0.2567367644279405,-0.2567367644279405
2020-07-09,0.0,0.15256535532855078,-0.15256535532855078
2020-07-10,0.0,0.09837695288045735,-0.09837695288045735
2020-07-11,0.0,0.009468234810638566,-0.009468234810638566
2020-07-12,0.0,0.009468234810638566,-0.009468234810638566
2020-07-13,0.0,0.04451261618609398,-0.04451261618609398
2020-07-14,0.0,0.010593018442270261,-0.010593018442270261
2020-07-15,0.0,0.026019031729061722,-0.026019031729061722
2020-07-16,0.0,0.037482255227807154,-0.037482255227807154
2020-07-17,0.0,0.20479610353276356,-0.20479610353276356
2020-07-18,0.0,0.10268019042559164,-0.10268019042559164
2020-07-19,0.0,0.2585802984453741,-0.2585802984453741
2020-07-20,0.0,0.2725639080264632,-0.2725639080264632
2020-07-21,0.0,0.2725639080264632,-0.2725639080264632
2020-07-22,0.0,0.24800484920779484,-0.24800484920779484
2020-07-23,0.0,0.19406304886892428,-0.19406304886892428
2020-07-24,0.0,0.25036104348468113,-0.25036104348468113
2020-07-25,0.0,0.22953728106078028,-0.22953728106078028
2020-07-26,0.0,0.22936108269202418,-0.22936108269202418
2020-07-27,0.0,0.22936108269202418,-0.22936108269202418
2020-07-28,0.0,0.181435645635593,-0.181435645635593
2020-07-29,0.0,0.16745203605450393,-0.16745203605450393
2020-07-30,0.0,0.06357106920124897,-0.06357106920124897
2020-07-31,0.0,0.09720022469893769,-0.09720022469893769
2020-08-01,0.0,0.09551279085618825,-0.09551279085618825
2020-08-02,0.0,0.21391183941291825,-0.21391183941291825
2020-08-03,0.0,0.02326440240260004,-0.02326440240260004
2020-08-04,0.0,0.050860789317238066,-0.050860789317238066
2020-08-05,0.0,0.02639932755753296,-0.02639932755753296
2020-08-06,0.0,0.0860027677516566,-0.0860027677516566
2020-08-07,0.0,0.10414140479794053,-0.10414140479794053
2020-08-08,0.0,0.10414140479794053,-0.10414140479794053
2020-08-09,0.0,0.18448133615648885,-0.18448133615648885
2020-08-10,0.0,0.07739272332157886,-0.07739272332157886
2020-08-11,0.0,0.08259347120324637,-0.08259347120324637
2020-08-12,0.0,0.0736576733560112,-0.0736576733560112
2020-08-13,0.0,0.07344894759550517,-0.07344894759550517
2020-08-14,0.0,0.07736227375207493,-0.07736227375207493
2020-08-15,0.0,0.07386446193431881,-0.07386446193431881
2020-08-16,0.0,0.07278144726903987,-0.07278144726903987
2020-08-17,0.0,0.0592006200263146,-0.0592006200263146
2020-08-18,0.0,0.06808731455865871,-0.06808731455865871
2020-08-19,0.0,0.02630869289322169,-0.02630869289322169
2020-08-20,0.0,0.002580008500710373,-0.002580008500710373
2020-08-21,0.0,0.09488237139131991,-0.09488237139131991
2020-08-22,0.0,0.4049549956962981,-0.4049549956962981
2020-08-23,0.0,1.0519565561392803,-1.0519565561392803
2020-08-24,0.0,1.0289717942764682,-1.0289717942764682
2020-08-25,0.0,1.3666393893591773,-1.3666393893591773
2020-08-26,0.0,1.3666393893591773,-1.3666393893591773
2020-08-27,0.0,1.3666393893591773,-1.3666393893591773
2020-08-28,0.0,0.6881449255457003,-0.6881449255457003
2020-08-29,0.0,0.660956209433592,-0.660956209433592
2020-08-30,0.0,0.6188724399407751,-0.6188724399407751
2020-08-31,0.0,1.2065067174194057,-1.2065067174194057
2020-09-01,0.0,1.3133105119490436,-1.3133105119490436
2020-09-02,0.0,0.9129735366930406,-0.9129735366930406
2020-09-03,0.0,0.7036212280284203,-0.7036212280284203
2020-09-04,0.0,0.6869539151897145,-0.6869539151897145
2020-09-05,0.0,1.2650732070128827,-1.2650732070128827
2020-09-06,0.0,1.256601650319429,-1.256601650319429
2020-09-07,0.0,1.2878660300089544,-1.2878660300089544
2020-09-08,0.0,1.2564974133536957,-1.2564974133536957
2020-09-09,0.0,1.2276733294984927,-1.2276733294984927
2020-09-10,0.0,0.9109098246269114,-0.9109098246269114
2020-09-11,0.0,0.8899536672772231,-0.8899536672772231
2020-09-12,0.0,0.9030270449227312,-0.9030270449227312
2020-09-13,0.0,0.2158784579193747,-0.2158784579193747
2020-09-14,0.0,0.21229417411401474,-0.21229417411401474
2020-09-15,0.0,0.21229417411401474,-0.21229417411401474
2020-09-16,0.0,0.2292113210548937,-0.2292113210548937
2020-09-17,0.0,0.21229417411401474,-0.21229417411401474
2020-09-18,0.0,0.21229417411401474,-0.21229417411401474
2020-09-19,0.0,0.21229417411401474,-0.21229417411401474
2020-09-20,0.0,0.17891862740279196,-0.17891862740279196
2020-09-21,0.0,0.15979604238694142,-0.15979604238694142
2020-09-22,0.0,0.11390832728776915,-0.11390832728776915
2020-09-23,0.0,0.091648787289353,-0.091648787289353
2020-09-24,0.0,0.09715372861905311,-0.09715372861905311
2020-09-25,0.0,0.09229648166277732,-0.09229648166277732
2020-09-26,0.0,0.06470058130376721,-0.06470058130376721
2020-09-27,0.0,0.030780983559943475,-0.030780983559943475
2020-09-28,0.0,0.03068849647218319,-0.03068849647218319
2020-09-29,0.0,0.01008156432056715,-0.01008156432056715
2020-09-30,0.0,0.0,0.0
2020-10-01,0.0,0.0,0.0
2020-10-02,0.0,0.0,0.0
2020-10-03,0.0,0.0,0.0
2020-10-04,0.0,0.0,0.0
2020-10-05,0.0,0.0,0.0
2020-10-06,0.0,0.0,0.0
2020-10-07,0.0,0.0,0.0
2020-10-08,0.0,0.0,0.0
2020-10-09,0.0,0.0,0.0
2020-10-10,0.0,0.0,0.0
2020-10-11,0.0,0.0,0.0
2020-10-12,0.0,0.0,0.0
2020-10-13,0.0,0.0,0.0
2020-10-14,0.0,0.0,0.0
2020-10-15,0.0,0.0,0.0
2020-10-16,0.0,0.0,0.0
2020-10-17,0.0,0.0,0.0
2020-10-18,0.0,0.0,0.0
2020-10-19,0.0,0.0,0.0
2020-10-20,0.0,0.0,0.0
2020-10-21,0.0,0.0,0.0
2020-10-22,0.0,0.0,0.0
2020-10-23,0.0,0.0,0.0
2020-10-24,0.0,0.0,0.0
2020-10-25,0.0,0.0,0.0
2020-10-26,0.0,0.0,0.0
2020-10-27,0.0,0.0,0.0
2020-10-28,0.0,0.0,0.0
2020-10-29,0.0,0.0,0.0
2020-10-30,0.0,0.0,0.0
2020-10-31,0.0,0.0,0.0
2020-11-01,0.0,0.0,0.0
2020-11-02,0.0,0.0,0.0
2020-11-03,0.0,0.0,0.0
2020-11-04,0.0,0.0,0.0
2020-11-05,0.0,0.0,0.0
2020-11-06,0.0,0.0,0.0
2020-11-07,0.0,0.0,0.0
2020-11-08,0.0,0.0,0.0
2020-11-09,0.0,0.0,0.0
2020-11-10,0.0,0.0,0.0
2020-11-11,0.0,0.0,0.0
2020-11-12,0.0,0.0,0.0
2020-11-13,0.0,0.0,0.0
2020-11-14,0.0,0.0,0.0
2020-11-15,0.0,0.0,0.0
2020-11-16,0.0,0.0,0.0
2020-11-17,0.0,0.0,0.0
2020-11-18,0.0,0.0,0.0
2020-11-19,0.0,0.0,0.0
2020-11-20,0.0,0.0,0.0
2020-11-21,0.0,0.0,0.0
2020-11-22,0.0,0.0,0.0
2020-11-23,0.0,0.0,0.0
2020-11-24,0.0,0.0,0.0
2020-11-25,0.0,0.0,0.0
2020-11-26,0.0,0.0,0.0
2020-11-27,0.0,0.0,0.0
2020-11-28,0.0,0.0,0.0
2020-11-29,0.0,0.0,0.0
2020-11-30,0.0,0.0,0.0
2020-12-01,0.0,0.0,0.0
2020-12-02,0.0,0.0,0.0
2020-12-03,0.0,0.0,0.0
2020-12-04,0.0,0.0,0.0
2020-12-05,0.0,0.0,0.0
2020-12-06,0.0,0.0,0.0
2020-12-07,0.0,0.0,0.0
2020-12-08,0.0,0.0,0.0
2020-12-09,0.0,0.0,0.0
2020-12-10,0.0,0.0,0.0
2020-12-11,0.0,0.0,0.0
2020-12-12,0.0,0.0,0.0
2020-12-13,0.0,0.0,0.0
2020-12-14,0.0,0.0,0.0
2020-12-15,0.0,0.0,0.0
2020-12-16,0.0,0.0,0.0
2020-12-17,0.0,0.0,0.0
2020-12-18,0.0,0.0,0.0
2020-12-19,0.0,0.0,0.0
2020-12-20,0.0,0.0,0.0
2020-12-21,0.0,0.0,0.0
2020-12-22,0.0,0.0,0.0
2020-12-23,0.0,0.0,0.0
2020-12-24,0.0,0.0,0.0
2020-12-26,0.0,0.0,0.0
2020-12-27,0.0,0.0,0.0
2020-12-28,0.0,0.0,0.0
2020-12-29,0.0,0.0,0.0
2020-12-30,0.0,0.0,0.0
2020-12-31,0.0,0.0,0.0
2021-01-01,0.0,0.0,0.0
2021-01-02,0.0,0.0,0.0
2021-01-03,0.0,0.0,0.0
2021-01-04,0.0,0.0,0.0
2021-01-05,0.0,0.0,0.0
2021-01-06,0.0,0.0,0.0
2021-01-07,0.0,0.0,0.0
2021-01-08,0.0,0.018297909228821907,-0.018297909228821907
2021-01-09,0.0,0.01515018011540793,-0.01515018011540793
2021-01-10,0.0,0.01775529118767885,-0.01775529118767885
2021-01-11,0.0,0.0,0.0
2021-01-12,0.0,0.0,0.0
2021-01-13,0.0,0.0,0.0
2021-01-14,0.0,0.0,0.0
2021-01-15,0.0,0.0,0.0
2021-01-16,0.0,0.0,0.0
2021-01-17,0.0,0.0,0.0
2021-01-18,0.0,0.0,0.0
2021-01-19,0.0,0.0,0.0
2021-01-20,0.0,0.0,0.0
2021-01-21,0.0,0.0,0.0
2021-01-22,0.0,0.0013938784772741792,-0.0013938784772741792
2021-01-23,0.0,0.0,0.0
2021-01-24,0.0,0.0,0.0
2021-01-25,0.0,0.0,0.0
2021-01-26,0.0,0.0,0.0
2021-01-27,0.0,0.0,0.0
2021-01-28,0.0,0.0,0.0
2021-01-29,0.0,0.0,0.0
2021-01-30,0.0,0.0,0.0
2021-01-31,0.0,0.00042372735495483526,-0.00042372735495483526
2021-02-01,0.0,0.0,0.0
2021-02-02,0.0,0.005783276451301215,-0.005783276451301215
2021-02-03,0.0,0.0,0.0
2021-02-04,0.0,0.0,0.0
2021-02-05,0.0,0.0,0.0
2021-02-06,0.0,0.0,0.0
2021-02-07,0.0,0.0,0.0
2021-02-08,0.0,0.0,0.0
2021-02-09,0.0,0.0,0.0
2021-02-10,0.0,0.002396874017671522,-0.002396874017671522
2021-02-11,0.0,0.001685655883646852,-0.001685655883646852
2021-02-12,0.0,0.0,0.0
2021-02-13,0.0,0.0,0.0
2021-02-14,0.0,0.01281647559937496,-0.01281647559937496
2021-02-15,0.0,0.0013642783886448548,-0.0013642783886448548
2021-02-16,0.0,0.0,0.0
2021-02-17,0.0,0.033105905437239305,-0.033105905437239305
2021-02-18,0.0,0.033105905437239305,-0.033105905437239305
2021-02-19,0.0,0.05949057205203827,-0.05949057205203827
2021-02-20,0.1497611145852866,0.08449236040249997,0.06526875418278663
2021-02-21,0.1497611145852866,0.10729392585917122,0.04246718872611538
2021-02-22,0.1497611145852866,0.10770461128714487,0.04205650329814173
2021-02-23,0.1497611145852866,0.12398350590061377,0.025777608684672826
2021-02-24,0.1497611145852866,0.11367781041431962,0.03608330417096697
2021-02-25,0.1497611145852866,0.12055386620198477,0.029207248383301826
2021-02-26,0.312400545174984,0.08059371070629223,0.23180683446869177
2021-02-27,0.46795353544493323,0.12187963715681663,0.34607389828811663
2021-02-28,0.675516459584686,0.115656795276872,0.559859664307814
2021-03-01,0.9175765688926296,0.1352083809950319,0.7823681878975977
2021-03-02,1.1667614534116189,0.0866590354392992,1.0801024179723195
2021-03-03,1.4157974403858908,0.03810706288591101,1.3776903774999798
2021-03-04,1.665385988294455,0.051925288666592274,1.6134606996278629
2021-03-05,1.9143598285609211,0.009388312582534026,1.904971515978387
2021-03-06,2.1590509922152323,0.04797322120226738,2.111077771012965
2021-03-07,2.3830619542686895,0.003834412413672457,2.379227541855017
2021-03-08,2.6079055017004533,0.017324280498509655,2.5905812212019437
2021-03-09,2.84285437745234,0.04195397792607864,2.8009003995262614
2021-03-10,3.094908636689936,0.1398182204009461,2.95509041628899
2021-03-11,3.352237765924246,0.155759158599531,3.196478607324715
2021-03-12,3.6198487534275983,0.13702164007157816,3.48282711335602
2021-03-13,3.876953211314551,0.17380036654518483,3.7031528447693662
2021-03-14,4.126402148141611,0.2414656671068707,3.8849364810347398
2021-03-15,4.365604055137451,0.2062891171287616,4.15931493800869
2021-03-16,4.6028414230540875,0.1958660699005298,4.406975353153558
2021-03-17,4.848417075688919,0.18693551523610466,4.661481560452814
2021-03-18,5.100744475761971,0.20487927425573726,4.895865201506234
2021-03-19,5.348273677056369,0.2690091356550575,5.079264541401312
2021-03-20,5.585596384627514,0.21061152251098186,5.3749848621165315
2021-03-21,5.812892949866531,0.21596493660155794,5.596928013264973
2021-03-22,6.030382687608524,0.2004558135362029,5.829926874072322
2021-03-23,6.23939256955933,0.22791708247671877,6.0114754870826115
2021-03-24,6.434888931115203,0.2210777070312337,6.213811224083969
2021-03-25,6.6023786631610095,0.2346392248415377,6.367739438319472
2021-03-26,6.748384619917283,0.21577383966282923,6.532610780254453
2021-03-27,6.748384619917283,0.21560445472923745,6.532780165188045
2021-03-28,6.748384619917283,0.17048384942328182,6.577900770494001
2021-03-29,6.748384619917283,0.25916278103396984,6.489221838883313
2021-03-30,6.748384619917283,0.27240819642146746,6.4759764234958155
2021-03-31,6.748384619917283,0.37379893885348797,6.374585681063794
2021-04-01,6.748384619917283,0.42004547816740084,6.328339141749882
2021-04-02,6.748384619917283,0.32785644942745684,6.420528170489826
2021-04-03,6.748384619917283,0.6109461375993087,6.1374384823179735
2021-04-04,6.900597672918957,0.6425603881034866,6.258037284815471
2021-04-05,7.063806342881981,0.6780540219209625,6.385752320961019
2021-04-06,7.227509787924299,0.7777566357102895,6.449753152214009
2021-04-07,7.3785354942564085,0.973961250609341,6.404574243647067
2021-04-08,7.52513520736633,0.0,7.52513520736633
2021-04-09,7.668138069688469,0.20274958906079052,7.465388480627679
2021-04-10,7.668138069688469,0.5438299222751911,7.124308147413278
2021-04-11,7.668138069688469,0.4704542623906441,7.197683807297825
2021-04-12,7.668138069688469,0.34591496005595007,7.322223109632519
2021-04-13,7.668138069688469,0.45607733169005454,7.2120607379984145
2021-04-14,7.668138069688469,0.3695856486403545,7.2985524210481145
2021-04-15,7.668138069688469,0.42907459782693796,7.239063471861531
2021-04-16,7.668138069688469,0.6270747646868944,7.0410633050015745
2021-04-17,7.668138069688469,1.0128466351217007,6.655291434566768
2021-04-18,7.668138069688469,1.016791819574858,6.651346250113611
2021-04-19,7.668138069688469,0.6927496944852369,6.975388375203233
2021-04-20,7.668138069688469,0.7698794072769423,6.898258662411527
2021-04-21,7.668138069688469,0.3702211740666253,7.297916895621844
2021-04-22,7.668138069688469,0.11295304015142336,7.5551850295370455
2021-04-23,7.668138069688469,0.8746726846086219,6.793465385079847
2021-04-24,7.668138069688469,0.7095140491466284,6.958624020541841
2021-04-25,7.668138069688469,0.5501843357146057,7.117953733973863
2021-04-26,7.668138069688469,0.0,7.668138069688469
2021-04-27,7.668138069688469,0.8282233044586728,6.839914765229796
2021-04-28,7.668138069688469,0.0,7.668138069688469
2021-04-29,7.668138069688469,0.8809839155907782,6.787154154097691
2021-04-30,7.668138069688469,1.2196233027179166,6.448514766970552
2021-05-01,7.668138069688469,1.3563629395413004,6.3117751301471685
2021-05-02,7.668138069688469,1.4601114543376643,6.208026615350805
2021-05-03,7.668138069688469,1.5474234061056906,6.1207146635827785
2021-05-04,7.668138069688469,1.7912193994847525,5.876918670203716
2021-05-05,7.668138069688469,1.7648507572611,5.903287312427369
2021-05-06,7.668138069688469,1.9026937515650482,5.765444318123421
2021-05-07,7.668138069688469,2.0140572352367507,5.654080834451719
2021-05-08,7.668138069688469,4.590971172049337,3.077166897639132
2021-05-09,7.668138069688469,4.592036819653089,3.0761012500353804
2021-05-10,7.668138069688469,4.646661337215855,3.021476732472614
2021-05-11,7.668138069688469,4.68690108248896,2.981236987199509
2021-05-12,7.668138069688469,4.652808967094183,3.0153291025942863
2021-05-13,7.668138069688469,4.641288795172488,3.026849274515981
2021-05-14,7.668138069688469,5.0345527604322,2.6335853092562695
2021-05-15,7.518376955103183,4.993242350943167,2.525134604160016
2021-05-16,7.518376955103183,4.953555816924372,2.564821138178811
2021-05-17,7.518376955103183,4.8820410635625935,2.6363358915405897
2021-05-18,7.518376955103183,4.895038331883663,2.62333862321952
2021-05-19,7.518376955103183,4.954056813147107,2.5643201419560757
2021-05-20,7.518376955103183,4.835723265472229,2.6826536896309543
2021-05-21,7.355737524513486,4.865934516993399,2.489803007520087
2021-05-22,7.2001845342435375,4.8420368434323695,2.358147690811168
2021-05-23,6.992621610103784,5.1285489711361265,1.8640726389676576
2021-05-24,6.75056150079584,5.543210453926644,1.2073510468691957
2021-05-25,6.501376616276851,5.703454017572251,0.7979225987046004
2021-05-26,6.25234062930258,5.367518524777095,0.8848221045254849
2021-05-27,6.002752081394015,4.928272879384721,1.074479202009294
2021-05-28,5.753778241127549,4.913498219834544,0.8402800212930046
2021-05-29,5.509087077473238,4.570964370200214,0.938122707273024
2021-05-30,5.28507611541978,4.437656455555393,0.8474196598643866
2021-05-31,5.060232567988016,4.478862694453093,0.5813698735349231
2021-06-01,4.825283692236129,3.759322587275282,1.0659611049608468
2021-06-02,4.573229432998533,4.495562982492417,0.07766645050611576
2021-06-03,4.3159003037642245,4.740360393611691,-0.4244600898474662
2021-06-04,4.048289316260871,4.726143298659378,-0.6778539823985064
2021-06-05,3.7911848583739185,4.464523453698374,-0.6733385953244553
2021-06-06,3.541735921546859,4.230745243226831,-0.6890093216799724
2021-06-07,3.3025340145510187,4.037869115361848,-0.7353351008108291
2021-06-08,3.065296646634382,4.3277415538466535,-1.2624449072122714
2021-06-09,2.819720993999552,4.282730189327754,-1.4630091953282025
2021-06-10,2.5673935939264996,4.3394247631008005,-1.772031169174301
2021-06-11,2.319864392632101,2.796435604564016,-0.476571211931915
2021-06-12,2.082541685060957,2.207712503422742,-0.12517081836178523
2021-06-13,1.8552451198219393,2.423937682109664,-0.5686925622877246
2021-06-14,1.637755382079946,2.351570422428441,-0.7138150403484949
2021-06-15,1.4287455001291396,2.238186114120978,-0.8094406139918382
2021-06-16,1.233249138573267,2.9042997324279374,-1.6710505938546705
2021-06-17,1.0657594065274603,2.475041930945494,-1.4092825244180338
2021-06-18,0.9197534497711872,2.0590885672011585,-1.1393351174299713
2021-06-19,0.9197534497711872,1.9376978952555384,-1.0179444454843511
2021-06-20,0.9197534497711872,1.8928957758839242,-0.973142326112737
2021-06-21,0.9197534497711872,1.8781903171757415,-0.9584368674045542
2021-06-22,0.9197534497711872,1.8629763286097714,-0.9432228788385841
2021-06-23,0.9197534497711872,1.755525065294957,-0.8357716155237698
2021-06-24,0.9197534497711872,1.7378381005346302,-0.8180846507634429
2021-06-25,0.9197534497711872,0.9099473351938909,0.009806114577296299
2021-06-26,0.9197534497711872,0.733642991916524,0.18611045785466318
2021-06-27,0.7675403967695124,0.6440256043895921,0.12351479237992025
2021-06-28,0.6043317268064895,0.5216609011286258,0.08267082567786366
2021-06-29,0.4406282817641716,0.37094008765140163,0.06968819411277
2021-06-30,0.28960257543206175,0.3021525972310462,-0.012550021798984456
2021-07-01,0.14300286232214024,0.2521006040111261,-0.10909774168898587
2021-07-02,0.0,0.2581264102753317,-0.2581264102753317
2021-07-03,0.0,0.22558131922273714,-0.22558131922273714
2021-07-04,0.0,0.266970082068382,-0.266970082068382
2021-07-05,0.0,0.23868426313900096,-0.23868426313900096
2021-07-06,0.0,0.07429173371589207,-0.07429173371589207
2021-07-07,0.0,0.0798816950407038,-0.0798816950407038
2021-07-08,0.0,0.12340651527701481,-0.12340651527701481
2021-07-09,0.0,0.08427865040870945,-0.08427865040870945
2021-07-10,0.0,0.05418011693675517,-0.05418011693675517
2021-07-11,0.0,0.03282462428897647,-0.03282462428897647
2021-07-12,0.0,0.007260378447677041,-0.007260378447677041
2021-07-13,0.0,0.0,0.0
2021-07-14,0.0,0.0,0.0
2021-07-15,0.0,0.01873230487213009,-0.01873230487213009
2021-07-16,0.0,0.01620188047822357,-0.01620188047822357
2021-07-17,0.0,0.016198947932809307,-0.016198947932809307
2021-07-18,0.0,0.0,0.0
2021-07-19,0.0,0.0,0.0
2021-07-20,0.0,0.0,0.0
2021-07-21,0.0,0.0,0.0
2021-07-22,0.0,0.0,0.0
2021-07-23,0.0,0.0,0.0
2021-07-24,0.0,0.0,0.0
2021-07-25,0.0,0.0,0.0
2021-07-26,0.0,0.0,0.0
2021-07-27,0.0,0.0,0.0
2021-07-28,0.0,0.0,0.0
2021-07-29,0.0,0.01490029735886112,-0.01490029735886112
2021-07-30,0.0,0.0,0.0
2021-07-31,0.0,0.0,0.0
2021-08-01,0.0,0.03721548548732603,-0.03721548548732603
2021-08-02,0.0,0.03721548548732603,-0.03721548548732603
2021-08-03,0.0,0.06408245826098989,-0.06408245826098989
2021-08-04,0.0,0.06178293944073779,-0.06178293944073779
2021-08-05,0.0,0.042660354424887234,-0.042660354424887234
2021-08-06,0.0,0.048036705134602134,-0.048036705134602134
2021-08-07,0.0,0.023469251181190375,-0.023469251181190375
2021-08-08,0.0,0.04495987324513935,-0.04495987324513935
2021-08-09,0.0,0.04495987324513935,-0.04495987324513935
2021-08-10,0.0,0.026723332905275756,-0.026723332905275756
2021-08-11,0.0,0.021031823692382202,-0.021031823692382202
2021-08-12,0.0,0.0,0.0
2021-08-13,0.0,0.0,0.0
2021-08-14,0.0,0.0,0.0
2021-08-15,0.0,0.0,0.0
2021-08-16,0.0,0.002446321197999043,-0.002446321197999043
2021-08-17,0.0,0.01966876290707576,-0.01966876290707576
2021-08-18,0.0,9.845041204167933e-05,-9.845041204167933e-05
2021-08-19,0.0,0.021819579390088398,-0.021819579390088398
2021-08-20,0.0,0.021819579390088398,-0.021819579390088398
2021-08-21,0.0,0.021819579390088398,-0.021819579390088398
2021-08-22,0.0,0.0073898046597213555,-0.0073898046597213555
2021-08-23,0.0,0.009114118568767223,-0.009114118568767223
2021-08-24,0.0,0.0011230905356215569,-0.0011230905356215569
2021-08-25,0.0,0.0015248208127538183,-0.0015248208127538183
2021-08-26,0.0,0.0011230905356215569,-0.0011230905356215569
2021-08-27,0.0,0.0011230905356215569,-0.0011230905356215569
2021-08-28,0.0,0.009114118568767223,-0.009114118568767223
2021-08-29,0.0,0.0015248208127538183,-0.0015248208127538183
2021-08-30,0.0,0.0015248208127538183,-0.0015248208127538183
2021-08-31,0.0,0.0,0.0
2021-09-01,0.0,0.005882557870476906,-0.005882557870476906
2021-09-02,0.0,0.0,0.0
2021-09-03,0.0,0.0,0.0
2021-09-04,0.0,0.0,0.0
2021-09-05,0.0,0.0,0.0
2021-09-06,0.0,0.0,0.0
2021-09-07,0.0,0.0,0.0
2021-09-08,0.0,0.0,0.0
2021-09-09,0.0,0.0,0.0
2021-09-10,0.0,0.0,0.0
2021-09-11,0.0,0.0,0.0
2021-09-12,0.0,0.0,0.0
2021-09-13,0.0,0.0,0.0
2021-09-14,0.0,0.0,0.0
2021-09-15,0.0,0.0,0.0
2021-09-16,0.0,0.0,0.0
2021-09-17,0.0,0.0,0.0
2021-09-18,0.0,0.0,0.0
2021-09-19,0.0,0.0,0.0
2021-09-20,0.0,0.0,0.0
2021-09-21,0.0,0.0,0.0
2021-09-22,0.0,0.0,0.0
2021-09-23,0.0,0.006425175911619969,-0.006425175911619969
2021-09-24,0.0,0.005882557870476906,-0.005882557870476906
2021-09-25,0.0,0.005882557870476906,-0.005882557870476906
2021-09-26,0.0,0.005659237012426313,-0.005659237012426313
2021-09-27,0.0,0.00293680481486313,-0.00293680481486313
2021-09-28,0.0,0.0,0.0
2021-09-29,0.0,0.0,0.0
2021-09-30,0.0,0.0015248208127538183,-0.0015248208127538183
2021-10-01,0.0,5.407551442784867e-05,-5.407551442784867e-05
2021-10-02,0.0,0.0,0.0
2021-10-03,0.0,0.0,0.0
2021-10-04,0.0,0.0,0.0
2021-10-05,0.0,0.0,0.0
2021-10-06,0.0,0.0,0.0
2021-10-07,0.0,0.0,0.0
2021-10-08,0.0,0.0,0.0
2021-10-09,0.0,0.0,0.0
2021-10-10,0.0,0.0,0.0
2021-10-11,0.0,0.0,0.0
2021-10-12,0.0,0.0,0.0
2021-10-13,0.0,0.0,0.0
2021-10-14,0.0,0.0,0.0
2021-10-15,0.0,0.0,0.0
2021-10-16,0.0,0.0,0.0
2021-10-17,0.0,0.0,0.0
2021-10-18,0.0,0.0,0.0
2021-10-19,0.0,0.0,0.0
2021-10-20,0.0,0.0,0.0
2021-10-21,0.0,0.0,0.0
2021-10-22,0.0,0.0,0.0
2021-10-23,0.0,0.0,0.0
2021-10-24,0.0,0.0,0.0
2021-10-25,0.0,0.0,0.0
2021-10-26,0.0,0.0,0.0
2021-10-27,0.0,0.0,0.0
2021-10-28,0.0,0.0,0.0
2021-10-29,0.0,0.0,0.0
2021-10-30,0.0,0.0,0.0
2021-10-31,0.0,0.0,0.0
2021-11-01,0.0,0.0,0.0
2021-11-02,0.0,0.0,0.0
2021-11-03,0.0,0.0,0.0
2021-11-04,0.0,0.0,0.0
2021-11-05,0.0,0.0,0.0
2021-11-06,0.0,0.009689815234832155,-0.009689815234832155
2021-11-07,0.0,0.009689815234832155,-0.009689815234832155
2021-11-08,0.0,0.0008350063775798145,-0.0008350063775798145
2021-11-09,0.0,0.016554745349141135,-0.016554745349141135
2021-11-10,0.0,0.0,0.0
2021-11-11,0.0,0.019494460094754498,-0.019494460094754498
2021-11-12,0.0,0.023127751070177078,-0.023127751070177078
2021-11-13,0.0,0.0,0.0
2021-11-14,0.0,0.0,0.0
2021-11-15,0.0,0.0,0.0
2021-11-16,0.0,0.020405318872613896,-0.020405318872613896
2021-11-17,0.0,0.0,0.0
2021-11-18,0.0,0.0,0.0
2021-11-19,0.0,0.0,0.0
2021-11-20,0.0,0.0,0.0
2021-11-21,0.0,0.0,0.0
2021-11-22,0.0,0.0,0.0
2021-11-23,0.0,0.021323150813243544,-0.021323150813243544
2021-11-24,0.0,0.0,0.0
2021-11-25,0.0,0.0,0.0
2021-11-26,0.0,0.0,0.0
2021-11-27,0.0,0.0,0.0
2021-11-28,0.0,0.0,0.0
2021-11-29,0.0,0.0,0.0
2021-11-30,0.0,0.0,0.0
2021-12-01,0.0,0.0,0.0
2021-12-02,0.0,0.0,0.0
2021-12-03,0.0,0.0,0.0
2021-12-04,0.0,0.0,0.0
2021-12-05,0.0,0.0,0.0
2021-12-06,0.0,0.0,0.0
2021-12-07,0.0,0.0,0.0
2021-12-08,0.0,0.02010432216820486,-0.02010432216820486
2021-12-09,0.0,0.0,0.0
2021-12-10,0.0,0.0,0.0
2021-12-11,0.0,0.018491333112577564,-0.018491333112577564
2021-12-12,0.0,0.004413146013929657,-0.004413146013929657
2021-12-13,0.0,0.0,0.0
2021-12-14,0.0,0.03092180300788243,-0.03092180300788243
2021-12-15,0.0,0.0,0.0
2021-12-16,0.0,0.0,0.0
2021-12-17,0.0,0.0,0.0
2021-12-18,0.0,0.0,0.0
2021-12-19,0.0,0.0,0.0
2021-12-20,0.0,0.0,0.0
2021-12-21,0.0,0.0,0.0
2021-12-22,0.0,0.0,0.0
2021-12-23,0.0,0.0,0.0
2021-12-24,0.0,0.005357264297172747,-0.005357264297172747
2021-12-26,0.0,0.04242686246994812,-0.04242686246994812
2021-12-27,0.0,0.04242686246994812,-0.04242686246994812
2021-12-28,0.0,0.0,0.0
2021-12-29,0.0,0.06045287029556842,-0.06045287029556842
2021-12-30,0.0,0.006296777317004499,-0.006296777317004499
2021-12-31,0.0,0.0,0.0
2022-01-01,0.0,0.0,0.0
2022-01-02,0.0,0.0,0.0
2022-01-03,0.0,0.0,0.0
2022-01-04,0.0,0.0,0.0
2022-01-05,0.0,0.0,0.0
2022-01-06,0.0,0.0,0.0
2022-01-07,0.0,0.05276304371802828,-0.05276304371802828
2022-01-08,0.0,0.0,0.0
2022-01-09,0.0,0.0,0.0
2022-01-10,0.0,0.0,0.0
2022-01-11,0.0,0.0,0.0
2022-01-12,0.0,0.0,0.0
2022-01-13,0.0,0.0,0.0
2022-01-14,0.0,0.011238217856488247,-0.011238217856488247
2022-01-15,0.0,0.0,0.0
2022-01-16,0.0,0.0,0.0
2022-01-17,0.0,0.0,0.0
2022-01-18,0.0,0.0,0.0
2022-01-19,0.0,0.0,0.0
2022-01-20,0.0,0.0,0.0
2022-01-21,0.0,0.0,0.0
2022-01-22,0.0,0.07001844463367021,-0.07001844463367021
2022-01-23,0.0,0.0,0.0
2022-01-24,0.0,0.017312895841882107,-0.017312895841882107
2022-01-25,0.0,0.023421135411374798,-0.023421135411374798
2022-01-26,0.0,0.02697119882577059,-0.02697119882577059
2022-01-27,0.0,0.029507451637455176,-0.029507451637455176
2022-01-28,0.0,0.026057275087862725,-0.026057275087862725
2022-01-29,0.0,0.2020952692042643,-0.2020952692042643
2022-01-30,0.0,0.03870356970166827,-0.03870356970166827
2022-01-31,0.0,0.06513270702774661,-0.06513270702774661
2022-02-01,0.0,0.06343320489398042,-0.06343320489398042
2022-02-02,0.0,0.06690141673698025,-0.06690141673698025
2022-02-03,0.0,0.14631693136337157,-0.14631693136337157
2022-02-04,0.0,0.12062252941187207,-0.12062252941187207
2022-02-05,0.0,0.10083765241612545,-0.10083765241612545
2022-02-06,0.0,0.1014999443960215,-0.1014999443960215
2022-02-07,0.0,0.08515342263248082,-0.08515342263248082
2022-02-08,0.0,0.09848910732098481,-0.09848910732098481
2022-02-09,0.15324442456917658,0.10472476462805987,0.04851965994111672
2022-02-10,0.33429038585495924,0.1720172680533649,0.16227311780159434
2022-02-11,0.5479668156540239,0.0811052783751295,0.46686153727889446
2022-02-12,0.7689856677126379,0.0717705285785894,0.6972151391340484
2022-02-13,0.9878284955698585,0.0016161772089060907,0.9862123183609525
2022-02-14,1.2241238301609414,0.00416371737787536,1.219960112783066
2022-02-15,1.4758286262360332,0.0,1.4758286262360332
2022-02-16,1.7261765435058705,0.023433028792980527,1.70274351471289
2022-02-17,1.9652773776584647,0.0406526095228907,1.924624768135574
2022-02-18,2.1926668955321387,0.049180343442752926,2.1434865520893855
2022-02-19,2.419967099941381,0.07556501005755188,2.3444020898838294
2022-02-20,2.6522707781947736,0.09370457106068145,2.558566207134092
2022-02-21,2.9057817054884896,0.14195017381694058,2.763831531671549
2022-02-22,3.1607953854139814,0.15436405704594844,3.006431328368033
2022-02-23,3.3601391596745245,0.16338646565575912,3.196752694018765
2022-02-24,3.6350418127229953,0.1348955306168342,3.500146282106161
2022-02-25,3.9020607307412964,0.12861912612817514,3.7734416046131214
2022-02-26,4.202425983482882,0.11821431739107,4.084211666091812
2022-02-27,4.5066779182482986,0.14456334833818837,4.36211456991011
2022-02-28,4.792251778638812,0.11648350792580167,4.675768270713011
2022-03-01,5.079250695744987,0.07870043433630541,5.000550261408682
2022-03-02,5.367411369414811,0.06614908023840071,5.30126228917641
2022-03-03,5.608218483164066,0.564315697905151,5.043902785258915
2022-03-04,5.8423525213992775,0.569772517582719,5.272580003816558
2022-03-05,6.060055077695671,0.5816281004451948,5.478426977250477
2022-03-06,6.292327109293233,0.7687236736572072,5.523603435636026
2022-03-07,6.530197809327084,0.718437990563011,5.811759818764073
2022-03-08,6.754669553909431,0.4362096899547276,6.318459863954703
2022-03-09,6.94502645888755,0.512600144538544,6.432426314349006
2022-03-10,6.94502645888755,0.6751628602738379,6.2698635986137115
2022-03-11,6.94502645888755,0.6875422455781978,6.257484213309352
2022-03-12,6.94502645888755,0.7088496294742365,6.2361768294133135
2022-03-13,6.94502645888755,0.7072298751002187,6.237796583787331
2022-03-14,6.94502645888755,0.721243635029674,6.223782823857876
2022-03-15,6.94502645888755,0.28010391914563837,6.664922539741911
2022-03-16,6.94502645888755,0.2723236415426798,6.67270281734487
2022-03-17,6.94502645888755,0.26734529672374324,6.677681162163807
2022-03-18,6.94502645888755,0.27725912628596316,6.667767332601587
2022-03-19,6.94502645888755,0.27725912628596316,6.667767332601587
2022-03-20,6.94502645888755,0.27566945826804273,6.669357000619507
2022-03-21,6.94502645888755,0.2679550360753043,6.677071422812245
2022-03-22,6.94502645888755,0.27956481041787595,6.665461648469674
2022-03-23,6.94502645888755,0.28464103682878295,6.660385422058766
2022-03-24,6.94502645888755,0.29381038850270585,6.6512160703848435
2022-03-25,6.94502645888755,0.17443140465791493,6.770595054229635
2022-03-26,6.94502645888755,0.11756609133584735,6.827460367551702
2022-03-27,6.94502645888755,0.0,6.94502645888755
2022-03-28,6.94502645888755,0.26751558047790874,6.677510878409641
2022-03-29,6.94502645888755,0.34787373770104124,6.597152721186508
2022-03-30,6.94502645888755,0.22117959811203103,6.723846860775518
2022-03-31,6.94502645888755,1.3629321571414112,5.582094301746139
2022-04-01,6.94502645888755,0.6017841659142985,6.343242292973251
2022-04-02,6.94502645888755,0.8217840577732648,6.123242401114285
2022-04-03,6.94502645888755,0.7938001865160919,6.151226272371458
2022-04-04,6.94502645888755,0.7938001865160919,6.151226272371458
2022-04-05,6.94502645888755,0.7104138439039592,6.2346126149835905
2022-04-06,6.94502645888755,0.6841030398808613,6.260923419006688
2022-04-07,6.94502645888755,0.733992631511315,6.211033827376235
2022-04-08,6.94502645888755,0.3252889488963547,6.619737509991195
2022-04-09,6.94502645888755,0.1441269209253222,6.800899537962227
2022-04-10,6.94502645888755,0.5418993504194646,6.403127108468085
2022-04-11,6.94502645888755,1.4617319233529873,5.483294535534562
2022-04-12,6.94502645888755,1.5856280752784635,5.359398383609086
2022-04-13,6.94502645888755,1.6463534725426763,5.298672986344873
2022-04-14,6.94502645888755,1.5678004415605686,5.377226017326981
2022-04-15,6.94502645888755,2.0480475404066443,4.896978918480905
2022-04-16,6.94502645888755,2.1463273350220518,4.798699123865498
2022-04-17,6.94502645888755,1.965041114543912,4.979985344343637
2022-04-18,6.94502645888755,2.0344746553307784,4.910551803556771
2022-04-19,6.94502645888755,2.219515135705491,4.725511323182058
2022-04-20,6.94502645888755,2.2071748052886195,4.737851653598931
2022-04-21,6.94502645888755,2.2221748311851592,4.72285162770239
2022-04-22,6.94502645888755,1.9955169229643042,4.949509535923245
2022-04-23,6.94502645888755,2.036263306836327,4.908763152051223
2022-04-24,6.94502645888755,2.1225197230921147,4.822506735795435
2022-04-25,6.94502645888755,1.9567261485265226,4.988300310361027
2022-04-26,6.94502645888755,1.956488529651384,4.988537929236165
2022-04-27,6.94502645888755,1.956488529651384,4.988537929236165
2022-04-28,6.94502645888755,2.153564630306188,4.791461828581362
2022-04-29,6.94502645888755,2.2534004363229334,4.691626022564616
2022-04-30,6.94502645888755,2.242209247379893,4.702817211507657
2022-05-01,6.94502645888755,2.6047062289780145,4.340320229909535
2022-05-02,6.94502645888755,2.7625315419645684,4.182494916922981
2022-05-03,6.94502645888755,2.6983537257892287,4.246672733098321
2022-05-04,6.7917820343183735,2.6715110110366056,4.120271023281768
2022-05-05,6.610736073032591,2.891993079561763,3.7187429934708276
2022-05-06,6.3970596432335265,2.9198014113200954,3.477258231913431
2022-05-07,6.176040791174913,2.8515835926846123,3.3244571984903004
2022-05-08,5.957197963317691,5.509678243595485,0.44751971972220606
2022-05-09,5.720902628726608,5.739217292033236,-0.018314663306627565
2022-05-10,5.469197832651517,5.884851406353925,-0.4156535737024081
2022-05-11,5.21884991538168,5.800355603168076,-0.5815056877863958
2022-05-12,4.979749081229086,5.1466414133569875,-0.1668923321279019
2022-05-13,4.752359563355411,5.1234913684000505,-0.37113180504463905
2022-05-14,4.5250593589461685,5.786233000406821,-1.261173641460653
2022-05-15,4.2927556806927765,5.646935777835861,-1.3541800971430842
2022-05-16,4.0392447533990605,4.256770928067895,-0.2175261746688344
2022-05-17,3.7842310734735682,4.047611598443655,-0.2633805249700871
2022-05-18,3.5848872992130256,3.605351210183662,-0.020463910970636157
2022-05-19,3.309984646164555,2.978146464102561,0.3318381820619938
2022-05-20,3.0429657281462537,2.787299070566778,0.2556666575794755
2022-05-21,2.7426004754046684,2.676973677463905,0.06562679794076365
2022-05-22,2.438348540639251,2.3912169702779216,0.04713157036132953
2022-05-23,2.1527746802487386,1.490704914015465,0.6620697662332737
2022-05-24,1.8657757631425638,1.2706792803795441,0.5950964827630196
2022-05-25,1.5776150894727385,1.0945171200821207,0.4830979693906179
2022-05-26,1.336807975723484,0.48745545107168536,0.8493525246517988
2022-05-27,1.102673937488272,0.38401210074065123,0.7186618367476207
2022-05-28,0.8849713811918782,0.5533469655314438,0.33162441566043444
2022-05-29,0.6526993495943171,0.40899208051798425,0.24370726907633283
2022-05-30,0.41482864956046683,0.6521092983287778,-0.237280648768311
2022-05-31,0.19035690497811839,0.36109560154689074,-0.17073869656877236
2022-06-01,0.0,0.13498162041144088,-0.13498162041144088
2022-06-02,0.0,0.06342523400205981,-0.06342523400205981
2022-06-03,0.0,0.0,0.0
2022-06-04,0.0,0.0,0.0
2022-06-05,0.0,0.0,0.0
2022-06-06,0.0,0.0,0.0
2022-06-07,0.0,0.0,0.0
2022-06-08,0.0,0.0,0.0
2022-06-09,0.0,0.031054775431881385,-0.031054775431881385
2022-06-10,0.0,0.05560416999774822,-0.05560416999774822
2022-06-11,0.0,0.017210913514175395,-0.017210913514175395
2022-06-12,0.0,0.03633349853002595,-0.03633349853002595
2022-06-13,0.0,0.017210913514175395,-0.017210913514175395
2022-06-14,0.0,0.03633349853002595,-0.03633349853002595
2022-06-15,0.0,0.04251645507179418,-0.04251645507179418
2022-06-16,0.0,0.045581670198088266,-0.045581670198088266
2022-06-17,0.0,0.01928662272368927,-0.01928662272368927
2022-06-18,0.0,0.06708772642754085,-0.06708772642754085
2022-06-19,0.0,0.06708772642754085,-0.06708772642754085
2022-06-20,0.0,0.06708772642754085,-0.06708772642754085
2022-06-21,0.0,0.06402251130124673,-0.06402251130124673
2022-06-22,0.0,0.01951129810422392,-0.01951129810422392
2022-06-23,0.0,0.019918676419357004,-0.019918676419357004
2022-06-24,0.0,0.01645200746337748,-0.01645200746337748
2022-06-25,0.0,0.016994625504520543,-0.016994625504520543
2022-06-26,0.0,0.016994625504520543,-0.016994625504520543
2022-06-27,0.0,0.0,0.0
2022-06-28,0.0,0.0,0.0
2022-06-29,0.0,0.0,0.0
2022-06-30,0.0,0.0,0.0
2022-07-01,0.0,0.0,0.0
2022-07-02,0.0,0.3957640611469463,-0.3957640611469463
2022-07-03,0.0,0.0,0.0
2022-07-04,0.0,0.0,0.0
2022-07-05,0.0,0.0,0.0
2022-07-06,0.0,0.0,0.0
2022-07-07,0.0,0.0,0.0
2022-07-08,0.0,0.0010576039849090478,-0.0010576039849090478
2022-07-09,0.0,0.0005149859437659848,-0.0005149859437659848
2022-07-10,0.0,0.0010576039849090478,-0.0010576039849090478
2022-07-11,0.0,0.0,0.0
2022-07-12,0.0,0.0,0.0
2022-07-13,0.0,0.0,0.0
2022-07-14,0.0,0.0,0.0
2022-07-15,0.0,0.29291657964375534,-0.29291657964375534
2022-07-16,0.0,0.29291657964375534,-0.29291657964375534
2022-07-17,0.0,0.29291657964375534,-0.29291657964375534
2022-07-18,0.0,0.28904818041064356,-0.28904818041064356
2022-07-19,0.0,0.28904818041064356,-0.28904818041064356
2022-07-20,0.0,0.28904818041064356,-0.28904818041064356
2022-07-21,0.0,0.28932476867427664,-0.28932476867427664
2022-07-22,0.0,0.2908111011340178,-0.2908111011340178
2022-07-23,0.0,0.2907905354575772,-0.2907905354575772
2022-07-24,0.0,0.28904818041064356,-0.28904818041064356
2022-07-25,0.0,0.28904818041064356,-0.28904818041064356
2022-07-26,0.0,0.28904818041064356,-0.28904818041064356
2022-07-27,0.0,0.28904818041064356,-0.28904818041064356
2022-07-28,0.0,0.28904818041064356,-0.28904818041064356
2022-07-29,0.0,0.28904818041064356,-0.28904818041064356
2022-07-30,0.0,0.2895907984517866,-0.2895907984517866
2022-07-31,0.0,0.3041565145742858,-0.3041565145742858
2022-08-01,0.0,0.3035826623538483,-0.3035826623538483
2022-08-02,0.0,0.304072246747893,-0.304072246747893
2022-08-03,0.0,0.304072246747893,-0.304072246747893
2022-08-04,0.0,0.30443310283791886,-0.30443310283791886
2022-08-05,0.0,0.3041565145742858,-0.3041565145742858
2022-08-06,0.0,0.30443310283791886,-0.30443310283791886
2022-08-07,0.0,0.3041770802507264,-0.3041770802507264
2022-08-08,0.0,0.304072246747893,-0.304072246747893
2022-08-09,0.0,0.304072246747893,-0.304072246747893
2022-08-10,0.0,0.304072246747893,-0.304072246747893
2022-08-11,0.0,0.30352962870675,-0.30352962870675
2022-08-12,0.0,0.30330630784869933,-0.30330630784869933
2022-08-13,0.0,0.30352962870675,-0.30352962870675
2022-08-14,0.0,0.30352962870675,-0.30352962870675
2022-08-15,0.0,0.00827647984378534,-0.00827647984378534
2022-08-16,0.0,0.0070033002321780585,-0.0070033002321780585
2022-08-17,0.0,0.008819097884928405,-0.008819097884928405
2022-08-18,0.0,0.008819097884928405,-0.008819097884928405
2022-08-19,0.0,0.008819097884928405,-0.008819097884928405
2022-08-20,0.0,0.008819097884928405,-0.008819097884928405
2022-08-21,0.0,0.008819097884928405,-0.008819097884928405
2022-08-22,0.0,0.008819097884928405,-0.008819097884928405
2022-08-23,0.0,0.008819097884928405,-0.008819097884928405
2022-08-24,0.0,0.008819097884928405,-0.008819097884928405
2022-08-25,0.0,0.008839663561369067,-0.008839663561369067
2022-08-26,0.0,0.008923931387761827,-0.008923931387761827
2022-08-27,0.0,0.007005406206726727,-0.007005406206726727
2022-08-28,0.0,0.007058439853825092,-0.007058439853825092
2022-08-29,0.0,0.007005406206726727,-0.007005406206726727
2022-08-30,0.0,0.0,0.0
2022-08-31,0.0,0.0,0.0
2022-09-01,0.0,0.0,0.0
2022-09-02,0.0,0.0,0.0
2022-09-03,0.0,0.0,0.0
2022-09-04,0.0,0.0,0.0
2022-09-05,0.0,0.0,0.0
2022-09-06,0.0,0.0,0.0
2022-09-07,0.0,0.0,0.0
2022-09-08,0.0,0.004711193135220124,-0.004711193135220124
2022-09-09,0.0,0.020648214654831624,-0.020648214654831624
2022-09-10,0.0,0.004711193135220124,-0.004711193135220124
2022-09-11,0.0,0.0,0.0
2022-09-12,0.0,0.004711193135220124,-0.004711193135220124
2022-09-13,0.0,0.0,0.0
2022-09-14,0.0,0.0,0.0
2022-09-15,0.0,0.0,0.0
2022-09-16,0.0,0.0,0.0
2022-09-17,0.0,0.0,0.0
2022-09-18,0.0,0.0,0.0
2022-09-19,0.0,0.020576878023563595,-0.020576878023563595
2022-09-20,0.0,0.01883452297662995,-0.01883452297662995
2022-09-21,0.0,0.01883452297662995,-0.01883452297662995
2022-09-22,0.0,0.0379571079924805,-0.0379571079924805
2022-09-23,0.0,0.01883452297662995,-0.01883452297662995
2022-09-24,0.0,0.020576878023563595,-0.020576878023563595
2022-09-25,0.0,0.020576878023563595,-0.020576878023563595
2022-09-26,0.0,0.006364170412997969,-0.006364170412997969
2022-09-27,0.0,0.0,0.0
2022-09-28,0.0,0.06355349493088956,-0.06355349493088956
2022-09-29,0.0,0.055562466897743926,-0.055562466897743926
2022-09-30,0.0,0.053232985031589825,-0.053232985031589825
2022-10-01,0.0,0.05295663052644087,-0.05295663052644087
2022-10-02,0.0,0.0,0.0
2022-10-03,0.0,0.0,0.0
2022-10-04,0.0,0.0,0.0
2022-10-05,0.0,0.0,0.0
2022-10-06,0.0,0.0,0.0
2022-10-07,0.0,0.0,0.0
2022-10-08,0.0,0.0,0.0
2022-10-09,0.0,0.0,0.0
2022-10-10,0.0,0.0,0.0
2022-10-11,0.0,0.0,0.0
2022-10-12,0.0,0.0,0.0
2022-10-13,0.0,0.0,0.0
2022-10-14,0.0,0.0,0.0
2022-10-15,0.0,0.0,0.0
2022-10-16,0.0,0.0,0.0
2022-10-17,0.0,0.0,0.0
2022-10-18,0.0,0.0,0.0
2022-10-19,0.0,0.0,0.0
2022-10-20,0.0,0.0,0.0
2022-10-21,0.0,0.0,0.0
2022-10-22,0.0,0.0,0.0
2022-10-23,0.0,0.0,0.0
2022-10-24,0.0,0.0,0.0
2022-10-25,0.0,0.0,0.0
2022-10-26,0.0,0.0,0.0
2022-10-27,0.0,0.0,0.0
2022-10-28,0.0,0.0,0.0
2022-10-29,0.0,0.0,0.0
2022-10-30,0.0,0.0,0.0
2022-10-31,0.0,0.0,0.0
2022-11-01,0.0,0.0,0.0
2022-11-02,0.0,0.0,0.0
2022-11-03,0.0,0.0,0.0
2022-11-04,0.0,0.0,0.0
2022-11-05,0.0,0.0,0.0
2022-11-06,0.0,0.0,0.0
2022-11-07,0.0,0.0,0.0
2022-11-08,0.0,0.0,0.0
2022-11-09,0.0,0.0,0.0
2022-11-10,0.0,0.0,0.0
2022-11-11,0.0,0.0,0.0
2022-11-12,0.0,0.0,0.0
2022-11-13,0.0,0.0,0.0
2022-11-14,0.0,2.4127104237583498e-05,-2.4127104237583498e-05
2022-11-15,0.0,0.0,0.0
2022-11-16,0.0,0.0,0.0
2022-11-17,0.0,0.0,0.0
2022-11-18,0.0,0.0,0.0
2022-11-19,0.0,0.0,0.0
2022-11-20,0.0,0.0,0.0
2022-11-21,0.0,0.0,0.0
2022-11-22,0.0,0.0,0.0
2022-11-23,0.0,0.0,0.0
2022-11-24,0.0,0.0,0.0
2022-11-25,0.0,0.0,0.0
2022-11-26,0.0,0.0,0.0
2022-11-27,0.0,0.0,0.0
2022-11-28,0.0,0.0,0.0
2022-11-29,0.0,0.0,0.0
2022-11-30,0.0,0.0,0.0
2022-12-01,0.0,0.0,0.0
2022-12-02,0.0,0.0,0.0
2022-12-03,0.0,0.0,0.0
2022-12-04,0.0,0.0,0.0
2022-12-05,0.0,0.0,0.0
2022-12-06,0.0,0.0,0.0
2022-12-07,0.0,0.0,0.0
2022-12-08,0.0,0.0,0.0
2022-12-09,0.0,0.0,0.0
2022-12-10,0.0,0.0,0.0
2022-12-11,0.0,0.0,0.0
2022-12-12,0.0,0.0,0.0
2022-12-13,0.0,0.0,0.0
2022-12-14,0.0,0.0,0.0
2022-12-15,0.0,0.0,0.0
2022-12-16,0.0,0.0,0.0
2022-12-17,0.0,0.0,0.0
2022-12-18,0.0,0.0,0.0
2022-12-19,0.0,0.0,0.0
2022-12-20,0.0,0.0,0.0
2022-12-21,0.0,0.0,0.0
2022-12-22,0.0,0.0,0.0
2022-12-23,0.0,0.0,0.0
2022-12-24,0.0,0.0,0.0
2022-12-26,0.0,0.0,0.0
2022-12-27,0.0,0.0,0.0
2022-12-28,0.0,0.0,0.0
2022-12-29,0.0,0.0,0.0
2022-12-30,0.0,0.0,0.0
2022-12-31,0.0,0.0,0.0
2023-01-01,0.0,0.0,0.0
2023-01-02,0.0,0.0,0.0
2023-01-03,0.0,0.0,0.0
2023-01-04,0.0,0.0,0.0
2023-01-05,0.0,0.0,0.0
2023-01-06,0.0,0.0,0.0
2023-01-07,0.0,0.0,0.0
2023-01-08,0.0,0.0,0.0
2023-01-09,0.0,0.0,0.0
2023-01-10,0.0,0.0,0.0
2023-01-11,0.0,0.0,0.0
2023-01-12,0.0,0.0,0.0
2023-01-13,0.0,0.0,0.0
2023-01-14,0.0,0.0,0.0
2023-01-15,0.0,0.0,0.0
2023-01-16,0.0,0.0,0.0
2023-01-17,0.0,0.0,0.0
2023-01-18,0.0,0.0,0.0
2023-01-19,0.0,0.0,0.0
2023-01-20,0.0,0.0,0.0
2023-01-21,0.0,0.0,0.0
2023-01-22,0.0,0.0,0.0
2023-01-23,0.0,0.0,0.0
2023-01-24,0.0,0.0,0.0
2023-01-25,0.0,0.0,0.0
2023-01-26,0.0,0.0,0.0
2023-01-27,0.0,0.0,0.0
2023-01-28,0.0,0.0,0.0
2023-01-29,0.0,0.0,0.0
2023-01-30,0.0,0.0,0.0
2023-01-31,0.0,0.0032960467851124433,-0.0032960467851124433
2023-02-01,0.0,0.0,0.0
2023-02-02,0.0,0.0,0.0
2023-02-03,0.0,0.0,0.0
2023-02-04,0.0,0.0,0.0
2023-02-05,0.0,0.0,0.0
2023-02-06,0.0,0.0,0.0
2023-02-07,0.0,0.0,0.0
2023-02-08,0.0,0.0,0.0
2023-02-09,0.0,0.0,0.0
2023-02-10,0.0,0.0,0.0
2023-02-11,0.0,0.0,0.0
2023-02-12,0.0,0.0,0.0
2023-02-13,0.0,0.0,0.0
2023-02-14,0.14327078391868042,0.02153192925218276,0.12173885466649767
2023-02-15,0.2961250397612858,0.014873165655780436,0.28125187410550534
2023-02-16,0.47125455683028455,0.0,0.47125455683028455
2023-02-17,0.6644384215955716,0.0,0.6644384215955716
2023-02-18,0.8514416457272327,0.0,0.8514416457272327
2023-02-19,1.0282158262666934,0.0,1.0282158262666934
2023-02-20,1.2113349885318934,0.0,1.2113349885318934
2023-02-21,1.4096318252134477,0.005458680943966449,1.4041731442694811
2023-02-22,1.6222408178373477,0.00317167280999943,1.6190691450273482
2023-02-23,1.8446175654357428,0.01841711871746393,1.8262004467182789
2023-02-24,2.0572069458992686,0.0,2.0572069458992686
2023-02-25,2.2754972025691216,0.1871036128386553,2.088393589730466
2023-02-26,2.488684515688962,0.13273579777975483,2.355948717909207
2023-02-27,2.703356315243211,0.15154874857995132,2.5518075666632596
2023-02-28,2.9365167116604654,0.13301207329617518,2.80350463836429
2023-03-01,3.162884035066735,0.1746746751265022,2.9882093599402326
2023-03-02,3.392108655976267,0.47448102784403856,2.9176276281322284
2023-03-03,3.6085259244176955,0.4646071916920514,3.143918732725644
2023-03-04,3.8117616873743025,0.4052537740967432,3.4065079132775593
2023-03-05,4.005309740015251,0.7693017587541625,3.2360079812610887
2023-03-06,4.208575683193785,0.787466982738547,3.421108700455238
2023-03-07,4.407455163915121,0.7620728622558384,3.645382301659283
2023-03-08,4.627307554234742,0.7528307608595359,3.874476793375206
2023-03-09,4.857255697909102,0.7792733852264414,4.077982312682661
2023-03-10,5.097017192986743,0.877912917482598,4.2191042755041455
2023-03-11,5.285708881071157,0.8786275843355916,4.407081296735566
2023-03-12,5.285708881071157,0.8822469475316618,4.4034619335394956
2023-03-13,5.43269714467565,0.8814869366602947,4.551210208015355
2023-03-14,5.43269714467565,0.9005717571347039,4.532125387540947
2023-03-15,5.43269714467565,0.7540490946976052,4.678648049978045
2023-03-16,5.43269714467565,0.7387060583206361,4.693991086355014
2023-03-17,5.43269714467565,0.7788902794444441,4.653806865231206
2023-03-18,5.43269714467565,0.7128536437666775,4.719843500908973
2023-03-19,5.43269714467565,0.8273258731322312,4.605371271543419
2023-03-20,5.43269714467565,0.8632871618014225,4.569409982874228
2023-03-21,5.43269714467565,0.8132289100745808,4.61946823460107
2023-03-22,5.43269714467565,0.8624137017926781,4.570283442882972
2023-03-23,5.43269714467565,0.7991920948302982,4.633505049845352
2023-03-24,5.43269714467565,0.8074080323096772,4.625289112365973
2023-03-25,5.43269714467565,0.7187955747604197,4.7139015699152305
2023-03-26,5.43269714467565,0.7741713283885393,4.658525816287111
2023-03-27,5.43269714467565,0.7746915254624291,4.658005619213221
2023-03-28,5.43269714467565,0.7651285383103537,4.667568606365297
2023-03-29,5.43269714467565,0.776146741022935,4.656550403652715
2023-03-30,5.43269714467565,0.7564383261661884,4.676258818509462
2023-03-31,5.43269714467565,0.8687391206278001,4.56395802404785
2023-04-01,5.43269714467565,1.3453139805051444,4.087383164170506
2023-04-02,5.43269714467565,1.2996016088775089,4.133095535798141
2023-04-03,5.43269714467565,1.233980399627805,4.198716745047845
2023-04-04,5.43269714467565,1.2464634572651256,4.186233687410525
2023-04-05,5.43269714467565,1.1974485330908025,4.235248611584848
2023-04-06,5.43269714467565,1.229328718446215,4.203368426229435
2023-04-07,5.43269714467565,1.2375337171625345,4.1951634275131156
2023-04-08,5.43269714467565,2.1386051691440793,3.294091975531571
2023-04-09,5.43269714467565,2.1413999910764283,3.291297153599222
2023-04-10,5.43269714467565,1.8089608558227972,3.623736288852853
2023-04-11,5.43269714467565,1.8979307322355001,3.53476641244015
2023-04-12,5.43269714467565,2.1277339652737455,3.3049631794019048
2023-04-13,5.43269714467565,2.290869316346323,3.141827828329327
2023-04-14,5.43269714467565,2.082800834318799,3.349896310356851
2023-04-15,5.43269714467565,2.3810126321007083,3.051684512574942
2023-04-16,5.43269714467565,2.3667580780426576,3.0659390666329926
2023-04-17,5.43269714467565,2.4748963044372454,2.957800840238405
2023-04-18,5.43269714467565,2.5984373394036386,2.8342598052720116
2023-04-19,5.43269714467565,2.4474003049031094,2.985296839772541
2023-04-20,5.43269714467565,2.4533169447227716,2.9793801999528786
2023-04-21,5.43269714467565,2.4339686644191243,2.998728480256526
2023-04-22,5.43269714467565,1.786872989984564,3.6458241546910863
2023-04-23,5.43269714467565,2.3974026202821053,3.035294524393545
2023-04-24,5.43269714467565,3.3498121440750332,2.082885000600617
2023-04-25,5.43269714467565,3.3873304457830615,2.0453666988925887
2023-04-26,5.43269714467565,3.369141706951715,2.0635554377239353
2023-04-27,5.43269714467565,3.3590244027568223,2.073672741918828
2023-04-28,5.43269714467565,3.43455998014118,1.9981371645344703
2023-04-29,5.43269714467565,3.4100856340994663,2.022611510576184
2023-04-30,5.43269714467565,4.310405527831989,1.1222916168436612
2023-05-01,5.43269714467565,4.4926348706483035,0.9400622740273468
2023-05-02,5.43269714467565,4.642430605818086,0.7902665388575638
2023-05-03,5.43269714467565,4.491510182107138,0.9411869625685121
2023-05-04,5.43269714467565,4.484605739395639,0.9480914052800111
2023-05-05,5.43269714467565,4.8106679466334,0.6220291980422505
2023-05-06,5.43269714467565,4.993065046474811,0.43963209820083904
2023-05-07,5.43269714467565,5.14958269272164,0.2831144519540105
2023-05-08,5.43269714467565,5.163331322842063,0.2693658218335875
2023-05-09,5.28942636075697,5.171048405422362,0.1183779553346076
2023-05-10,5.1365721049143644,5.160249852926228,-0.023677748011863287
2023-05-11,4.961442587845366,4.564441099321998,0.3970014885233679
2023-05-12,4.768258723080079,4.6865264416357455,0.08173228144433331
2023-05-13,4.581255498948417,4.244801658039166,0.33645384090925123
2023-05-14,4.404481318408957,3.9873211219019513,0.4171601965070053
2023-05-15,4.221362156143757,4.17402144793922,0.04734070820453695
2023-05-16,4.023065319462202,4.278973497976452,-0.2559081785142494
2023-05-17,3.8104563268383025,4.170342218155118,-0.35988589131681525
2023-05-18,3.588079579239907,3.4306989295626114,0.15738064967729581
2023-05-19,3.3754901987763817,3.447921983195898,-0.07243178441951637
2023-05-20,3.1571999421065287,3.320576725908129,-0.16337678380160048
2023-05-21,2.9440126289866884,3.645719453849994,-0.7017068248633058
2023-05-22,2.7293408294324393,3.5697080106386574,-0.8403671812062181
2023-05-23,2.496180433015185,4.007919146677731,-1.5117387136625458
2023-05-24,2.2698131096089154,4.455348134570543,-2.1855350249616277
2023-05-25,2.0405884886993833,3.5327865488758334,-1.4921980601764502
2023-05-26,1.8241712202579545,2.6988218175162753,-0.8746505972583207
2023-05-27,1.620935457301348,2.531743224587575,-0.9108077672862269
2023-05-28,1.4273874046603987,2.4005119546633455,-0.9731245500029468
2023-05-29,1.224121461481865,2.0081661835792435,-0.7840447220973785
2023-05-30,1.0252419807605295,1.8620479405167443,-0.8368059597562147
2023-05-31,0.8053895904409083,2.0461942407392306,-1.2408046502983223
2023-06-01,0.5754414467665485,1.8515850251396013,-1.2761435783730528
2023-06-02,0.3356799516889067,1.7205970864307467,-1.38491713474184
2023-06-03,0.146988263604493,1.6175859562723558,-1.4705976926678628
2023-06-04,0.146988263604493,1.546430802300987,-1.399442538696494
2023-06-05,0.0,1.3388291033244475,-1.3388291033244475
2023-06-06,0.0,0.9443651410982803,-0.9443651410982803
2023-06-07,0.0,1.0945918511039745,-1.0945918511039745
2023-06-08,0.0,0.9328818046398889,-0.9328818046398889
2023-06-09,0.0,0.7924014927150382,-0.7924014927150382
2023-06-10,0.0,0.843167295915907,-0.843167295915907
2023-06-11,0.0,0.6686071825720313,-0.6686071825720313
2023-06-12,0.0,0.5738170631173535,-0.5738170631173535
2023-06-13,0.0,0.0834478751266567,-0.0834478751266567
2023-06-14,0.0,0.09030238381441706,-0.09030238381441706
2023-06-15,0.0,0.13477723046658996,-0.13477723046658996
2023-06-16,0.0,0.12434561691134935,-0.12434561691134935
2023-06-17,0.0,0.08418075765994441,-0.08418075765994441
2023-06-18,0.0,0.029025764189299225,-0.029025764189299225
2023-06-19,0.0,0.029025764189299225,-0.029025764189299225
2023-06-20,0.0,0.0021587914156353315,-0.0021587914156353315
2023-06-21,0.0,0.0012267495375971186,-0.0012267495375971186
2023-06-22,0.0,0.0012267495375971186,-0.0012267495375971186
2023-06-23,0.0,0.0015171917837321798,-0.0015171917837321798
2023-06-24,0.0,0.0028086384447854676,-0.0028086384447854676
2023-06-25,0.0,0.0033512564859285317,-0.0033512564859285317
2023-06-26,0.0,0.0033512564859285317,-0.0033512564859285317
2023-06-27,0.0,0.0033512564859285317,-0.0033512564859285317
2023-06-28,0.0,0.0033512564859285317,-0.0033512564859285317
2023-06-29,0.0,0.0033512564859285317,-0.0033512564859285317
2023-06-30,0.0,0.0018015240120131545,-0.0018015240120131545
2023-07-01,0.0,0.0018015240120131545,-0.0018015240120131545
2023-07-02,0.0,0.0018015240120131545,-0.0018015240120131545
2023-07-03,0.0,0.0018015240120131545,-0.0018015240120131545
2023-07-04,0.0,0.0018015240120131545,-0.0018015240120131545
2023-07-05,0.0,0.0018015240120131545,-0.0018015240120131545
2023-07-06,0.0,0.0018545576591115184,-0.0018545576591115184
2023-07-07,0.0,0.0014545678008538792,-0.0014545678008538792
2023-07-08,0.0,0.0,0.0
2023-07-09,0.0,0.0,0.0
2023-07-10,0.0,0.0,0.0
2023-07-11,0.0,0.0,0.0
2023-07-12,0.0,0.0,0.0
2023-07-13,0.0,0.0,0.0
2023-07-14,0.0,0.0,0.0
2023-07-15,0.0,0.0007764506230604746,-0.0007764506230604746
2023-07-16,0.0,0.0007764506230604746,-0.0007764506230604746
2023-07-17,0.0,0.0007764506230604746,-0.0007764506230604746
2023-07-18,0.0,0.0007764506230604746,-0.0007764506230604746
2023-07-19,0.0,0.0007764506230604746,-0.0007764506230604746
2023-07-20,0.0,0.0,0.0
2023-07-21,0.0,0.0004294944119011994,-0.0004294944119011994
2023-07-22,0.0,0.0007764506230604746,-0.0007764506230604746
2023-07-23,0.0,0.0007764506230604746,-0.0007764506230604746
2023-07-24,0.0,0.0007764506230604746,-0.0007764506230604746
2023-07-25,0.0,0.0007764506230604746,-0.0007764506230604746
2023-07-26,0.0,1.0511723866817759e-05,-1.0511723866817759e-05
2023-07-27,0.0,0.0,0.0
2023-07-28,0.0,0.00023383258191741004,-0.00023383258191741004
2023-07-29,0.0,0.00023383258191741004,-0.00023383258191741004
2023-07-30,0.0,0.00023383258191741004,-0.00023383258191741004
2023-07-31,0.0,0.0,0.0
2023-08-01,0.0,0.0,0.0
2023-08-02,0.0,0.0,0.0
2023-08-03,0.0,0.0,0.0
2023-08-04,0.0,0.0,0.0
2023-08-05,0.0,0.0,0.0
2023-08-06,0.0,0.0,0.0
2023-08-07,0.0,0.0,0.0
2023-08-08,0.0,0.0,0.0
2023-08-09,0.0,0.0,0.0
2023-08-10,0.0,0.0,0.0
2023-08-11,0.0,0.0,0.0
2023-08-12,0.0,0.006547830755762455,-0.006547830755762455
2023-08-13,0.0,0.013705165376650634,-0.013705165376650634
2023-08-14,0.0,0.013705165376650634,-0.013705165376650634
2023-08-15,0.0,0.012206209087514842,-0.012206209087514842
2023-08-16,0.0,0.014334856479845063,-0.014334856479845063
2023-08-17,0.0,0.013713455876759293,-0.013713455876759293
2023-08-18,0.0,0.013713455876759293,-0.013713455876759293
2023-08-19,0.0,0.00868216544204924,-0.00868216544204924
2023-08-20,0.0,0.008280435164916982,-0.008280435164916982
2023-08-21,0.0,0.0002894071317713152,-0.0002894071317713152
2023-08-22,0.0,0.0002894071317713152,-0.0002894071317713152
2023-08-23,0.0,0.015437769785805173,-0.015437769785805173
2023-08-24,0.0,0.015437769785805173,-0.015437769785805173
2023-08-25,0.0,0.015437769785805173,-0.015437769785805173
2023-08-26,0.0,0.015839500062937432,-0.015839500062937432
2023-08-27,0.0,0.05960894164577886,-0.05960894164577886
2023-08-28,0.0,0.0,0.0
2023-08-29,0.0,0.013713455876759293,-0.013713455876759293
2023-08-30,0.0,0.02009034006969939,-0.02009034006969939
2023-08-31,0.0,0.02009034006969939,-0.02009034006969939
2023-09-01,0.0,0.018893649679923772,-0.018893649679923772
2023-09-02,0.0,0.017802823936550315,-0.017802823936550315
2023-09-03,0.0,0.018798893408646107,-0.018798893408646107
2023-09-04,0.0,0.019682583320979063,-0.019682583320979063
2023-09-05,0.0,0.019682583320979063,-0.019682583320979063
2023-09-06,0.0,0.0036505307546122654,-0.0036505307546122654
2023-09-07,0.0,0.0036505307546122654,-0.0036505307546122654
2023-09-08,0.0,0.003427209896561673,-0.003427209896561673
2023-09-09,0.0,0.0036505307546122654,-0.0036505307546122654
2023-09-10,0.0,0.0036505307546122654,-0.0036505307546122654
2023-09-11,0.0,0.003427209896561673,-0.003427209896561673
2023-09-12,0.0,0.0036505307546122654,-0.0036505307546122654
2023-09-13,0.0,0.0013026599686548942,-0.0013026599686548942
2023-09-14,0.0,0.0017104167173752247,-0.0017104167173752247
2023-09-15,0.0,0.0017104167173752247,-0.0017104167173752247
2023-09-16,0.0,0.0017104167173752247,-0.0017104167173752247
2023-09-17,0.0,0.0017104167173752247,-0.0017104167173752247
2023-09-18,0.0,0.0017104167173752247,-0.0017104167173752247
2023-09-19,0.0,0.0013026599686548942,-0.0013026599686548942
2023-09-20,0.0,0.00041897005632193844,-0.00041897005632193844
2023-09-21,0.0,0.00041897005632193844,-0.00041897005632193844
2023-09-22,0.0,0.0013026599686548942,-0.0013026599686548942
2023-09-23,0.0,0.0017104167173752247,-0.0017104167173752247
2023-09-24,0.0,0.0022530347585182887,-0.0022530347585182887
2023-09-25,0.0,0.0022530347585182887,-0.0022530347585182887
2023-09-26,0.0,0.0022530347585182887,-0.0022530347585182887
2023-09-27,0.0,0.0022530347585182887,-0.0022530347585182887
2023-09-28,0.0,0.0022530347585182887,-0.0022530347585182887
2023-09-29,0.0,0.0022530347585182887,-0.0022530347585182887
2023-09-30,0.0,0.0022530347585182887,-0.0022530347585182887
2023-10-01,0.0,0.0022530347585182887,-0.0022530347585182887
2023-10-02,0.0,0.0022530347585182887,-0.0022530347585182887
2023-10-03,0.0,0.0020297139004676963,-0.0020297139004676963
2023-10-04,0.0,0.0017104167173752247,-0.0017104167173752247
2023-10-05,0.0,0.0017104167173752247,-0.0017104167173752247
2023-10-06,0.0,0.0017104167173752247,-0.0017104167173752247
2023-10-07,0.0,0.0017104167173752247,-0.0017104167173752247
2023-10-08,0.0,0.0017104167173752247,-0.0017104167173752247
2023-10-09,0.0,0.0017104167173752247,-0.0017104167173752247
2023-10-10,0.0,0.0017104167173752247,-0.0017104167173752247
2023-10-11,0.0,0.0022530347585182887,-0.0022530347585182887
2023-10-12,0.0,0.0017104167173752247,-0.0017104167173752247
2023-10-13,0.0,0.0022530347585182887,-0.0022530347585182887
2023-10-14,0.0,0.0017091422718915246,-0.0017091422718915246
2023-10-15,0.0,0.0027637185419448645,-0.0027637185419448645
2023-10-16,0.0,0.0027637185419448645,-0.0027637185419448645
2023-10-17,0.0,0.0027637185419448645,-0.0027637185419448645
2023-10-18,0.0,0.0027637185419448645,-0.0027637185419448645
2023-10-19,0.0,0.0027637185419448645,-0.0027637185419448645
2023-10-20,0.0,0.00020837367092524438,-0.00020837367092524438
2023-10-21,0.0,0.008199401704070904,-0.008199401704070904
2023-10-22,0.0,0.014814118283816012,-0.014814118283816012
2023-10-23,0.0,0.017536550481379195,-0.017536550481379195
2023-10-24,0.0,0.00743346280487725,-0.00743346280487725
2023-10-25,0.0,0.0,0.0
2023-10-26,0.0,0.0,0.0
2023-10-27,0.0,0.006722382582399414,-0.006722382582399414
2023-10-28,0.0,0.0,0.0
2023-10-29,0.0,0.0,0.0
2023-10-30,0.0,0.0,0.0
2023-10-31,0.0,0.0,0.0
2023-11-01,0.0,0.004835454877283089,-0.004835454877283089
2023-11-02,0.0,0.0,0.0
2023-11-03,0.0,0.003919119184726298,-0.003919119184726298
2023-11-04,0.0,0.0,0.0
2023-11-05,0.0,0.0,0.0
2023-11-06,0.0,0.0,0.0
2023-11-07,0.0,0.3860551295190409,-0.3860551295190409
2023-11-08,0.0,0.0,0.0
2023-11-09,0.0,3.628886779309405,-3.628886779309405
2023-11-10,0.0,3.910351069418496,-3.910351069418496
2023-11-11,0.0,4.093879042400908,-4.093879042400908
2023-11-12,0.0,4.245263741563011,-4.245263741563011
2023-11-13,0.0,3.8302387849993007,-3.8302387849993007
2023-11-14,0.0,0.07311051129243179,-0.07311051129243179
2023-11-15,0.0,0.11151628534673017,-0.11151628534673017
2023-11-16,0.0,0.09924249305764585,-0.09924249305764585
2023-11-17,0.0,0.4588165998283163,-0.4588165998283163
2023-11-18,0.0,0.5372606846390129,-0.5372606846390129
2023-11-19,0.0,0.5543977909516056,-0.5543977909516056
2023-11-20,0.0,0.6508370508226898,-0.6508370508226898
2023-11-21,0.0,0.21658377727870093,-0.21658377727870093
2023-11-22,0.0,1.0202398332404388,-1.0202398332404388
2023-11-23,0.0,0.9045034929582701,-0.9045034929582701
2023-11-24,0.0,0.5742411968850026,-0.5742411968850026
2023-11-25,0.0,0.5974505062708699,-0.5974505062708699
2023-11-26,0.0,0.6494730106885132,-0.6494730106885132
2023-11-27,0.0,0.4548607347333631,-0.4548607347333631
2023-11-28,0.0,0.26261926293111415,-0.26261926293111415
2023-11-29,0.0,0.26794553189408404,-0.26794553189408404
2023-11-30,0.0,0.061227441123055434,-0.061227441123055434
2023-12-01,0.0,0.0472652418626269,-0.0472652418626269
2023-12-02,0.0,0.08606657380176559,-0.08606657380176559
2023-12-03,0.0,0.07059056958695219,-0.07059056958695219
2023-12-04,0.0,0.010944389992043873,-0.010944389992043873
2023-12-05,0.0,0.05629120597104574,-0.05629120597104574
2023-12-06,0.0,0.009368724027807395,-0.009368724027807395
2023-12-07,0.0,0.005208788720576713,-0.005208788720576713
2023-12-08,0.0,0.044673623160574355,-0.044673623160574355
2023-12-09,0.0,0.044673623160574355,-0.044673623160574355
2023-12-10,0.0,0.044673623160574355,-0.044673623160574355
2023-12-11,0.0,0.007533141173104723,-0.007533141173104723
2023-12-12,0.0,0.008075759214247786,-0.008075759214247786
2023-12-13,0.0,0.008075759214247786,-0.008075759214247786
2023-12-14,0.0,0.02296119719318518,-0.02296119719318518
2023-12-15,0.0,0.054843439591448884,-0.054843439591448884
2023-12-16,0.0,0.04334125418185927,-0.04334125418185927
2023-12-17,0.0,0.04334125418185927,-0.04334125418185927
2023-12-18,0.0,0.03117824840048505,-0.03117824840048505
2023-12-19,0.0,0.023224121868281596,-0.023224121868281596
2023-12-20,0.0,0.027913198161778813,-0.027913198161778813
2023-12-21,0.0,0.02330290443022429,-0.02330290443022429
2023-12-22,0.0,0.026534465128514626,-0.026534465128514626
2023-12-23,0.0,0.027061109460322738,-0.027061109460322738
2023-12-24,0.0,0.019282374236348813,-0.019282374236348813
2023-12-26,0.0,0.0,0.0
2023-12-27,0.0,0.01905905337829822,-0.01905905337829822
2023-12-28,0.0,0.027534033238772324,-0.027534033238772324
2023-12-29,0.0,0.0,0.0
2023-12-30,0.0,0.0,0.0
2023-12-31,0.0,0.008966993750675136,-0.008966993750675136
2024-01-01,0.0,0.008842079695999297,-0.008842079695999297
2024-01-02,0.0,0.008842079695999297,-0.008842079695999297
2024-01-03,0.0,0.0067160355098211675,-0.0067160355098211675
2024-01-04,0.0,0.008842079695999297,-0.008842079695999297
2024-01-05,0.0,0.007242679841629264,-0.007242679841629264
2024-01-06,0.0,0.0010308056381097073,-0.0010308056381097073
2024-01-07,0.0,0.005208788720576713,-0.005208788720576713
2024-01-08,0.0,0.007533141173104723,-0.007533141173104723
2024-01-09,0.0,0.006919411344981741,-0.006919411344981741
2024-01-10,0.0,0.005208788720576713,-0.005208788720576713
2024-01-11,0.0,0.005208788720576713,-0.005208788720576713
2024-01-12,0.0,0.005208788720576713,-0.005208788720576713
2024-01-13,0.0,0.007533141173104723,-0.007533141173104723
2024-01-14,0.0,0.007533141173104723,-0.007533141173104723
2024-01-15,0.0,0.0067160355098211675,-0.0067160355098211675
2024-01-16,0.0,0.007186184961945449,-0.007186184961945449
2024-01-17,0.0,0.03956133712864518,-0.03956133712864518
2024-01-18,0.0,0.047552365161790816,-0.047552365161790816
2024-01-19,0.0,0.057655452838292834,-0.057655452838292834
2024-01-20,0.0,0.057655452838292834,-0.057655452838292834
2024-01-21,0.0,0.0614790661937818,-0.0614790661937818
2024-01-22,0.0,0.023026623902924464,-0.023026623902924464
2024-01-23,0.0,0.03765927964963947,-0.03765927964963947
2024-01-24,0.0,0.05493577743501242,-0.05493577743501242
2024-01-25,0.0,0.068987240639985,-0.068987240639985
2024-01-26,0.0,0.05481764157005037,-0.05481764157005037
2024-01-27,0.0,0.0576055751494515,-0.0576055751494515
2024-01-28,0.0,0.03654706086871022,-0.03654706086871022
2024-01-29,0.0,0.03654706086871022,-0.03654706086871022
2024-01-30,0.0,0.0030683851204464626,-0.0030683851204464626
2024-01-31,0.0,0.031799718587122064,-0.031799718587122064
2024-02-01,0.0,0.15243327414920663,-0.15243327414920663
2024-02-02,0.0,0.1465518452172712,-0.1465518452172712
2024-02-03,0.0,0.13227766763917798,-0.13227766763917798
2024-02-04,0.0,0.1419311666862675,-0.1419311666862675
2024-02-05,0.0,0.11791957676786369,-0.11791957676786369
2024-02-06,0.1587830988136594,0.1585087367313574,0.00027436208230199877
2024-02-07,0.32575494684950357,0.16140049596684353,0.16435445088266004
2024-02-08,0.48775165747024624,0.17643976767280328,0.31131188979744295
2024-02-09,0.6659066761574987,0.2241628331853914,0.4417438429721072
2024-02-10,0.848250949757267,0.24663311375988248,0.6016178359973845
2024-02-11,1.0280615460085596,0.4069206779343175,0.6211408680742421
2024-02-12,1.1991294821528058,0.48540825315477804,0.7137212289980277
2024-02-13,1.3714965360245326,0.6424796122955354,0.7290169237289972
2024-02-14,1.5608320172031622,0.7593760689509653,0.8014559482521969
2024-02-15,1.7670606212356381,0.9915383481810401,0.775522273054598
2024-02-16,1.9999178677599068,1.0548898398276025,0.9450280279323042
2024-02-17,2.2443079317939696,1.20164231346515,1.0426656183288197
2024-02-18,2.498766384775145,1.3585876086230033,1.1401787761521416
2024-02-19,2.7606705879029443,1.37589499995151,1.3847755879514343
2024-02-20,3.026124672940074,1.66867429100961,1.3574503819304642
2024-02-21,3.321174869880506,1.8100217974313533,1.5111530724491526
2024-02-22,3.5971786783927793,2.114677187472431,1.4825014909203484
2024-02-23,3.857388505126721,2.4373193018759363,1.420069203250785
2024-02-24,4.148593098979792,2.5489321025336418,1.5996609964461506
2024-02-25,4.445406391628863,3.6127866107806565,0.8326197808482063
2024-02-26,4.80186294021147,3.6763162990674765,1.1255466411439938
2024-02-27,5.153052206715352,4.541939570798393,0.6111126359169594
2024-02-28,5.521847341448252,4.879966904647982,0.6418804368002702
2024-02-29,5.89268323847718,5.192798969582249,0.6998842688949312
2024-03-01,6.244620026105973,5.695521525997371,0.5490985001086015
2024-03-02,6.592009820520209,5.8676165162658975,0.7243933042543116
2024-03-03,6.916881856179129,6.211944753831648,0.7049371023474817
2024-03-04,7.25502884522417,6.639226932933294,0.615801912290876
2024-03-05,7.604249669754017,7.474017627160851,0.1302320425931658
2024-03-06,7.975807994777613,7.70863051696189,0.2671774778157232
2024-03-07,8.354624063995853,8.036984362855772,0.3176397011400809
2024-03-08,8.72739717215059,7.779562101992654,0.9478350701579368
2024-03-09,9.091392672429539,7.773235136462631,1.3181575359669075
2024-03-10,9.449237874633061,7.767621045022852,1.681616829610209
2024-03-11,9.80073111353155,7.816542750027278,1.9841883635042716
2024-03-12,10.151054063267841,7.89031402499766,2.260740038270181
2024-03-13,10.482745277815768,8.163593835525282,2.3191514422904866
2024-03-14,10.789405692275128,8.579194317293705,2.210211374981423
2024-03-15,11.077570205329376,8.52653166610951,2.551038539219867
2024-03-16,11.36599603917814,8.595224988824903,2.770771050353238
2024-03-17,11.650702386927097,8.969063756534677,2.6816386303924205
2024-03-18,11.910349776158565,9.252884086997748,2.6574656891608175
2024-03-19,12.16956593538481,9.605424975938162,2.5641409594466484
2024-03-20,12.410011941651735,9.767374118573635,2.6426378230781005
2024-03-21,12.629708345477727,9.978829645404012,2.650878700073715
2024-03-22,12.82088662725793,9.825884806014004,2.9950018212439264
2024-03-23,12.990326188764389,9.775168551858965,3.215157636905424
2024-03-24,13.16434428618915,9.719069613261063,3.445274672928088
2024-03-25,13.16434428618915,9.857635594381533,3.306708691807618
2024-03-26,13.16434428618915,9.868351032599156,3.2959932535899945
2024-03-27,13.16434428618915,9.843615203832194,3.320729082356957
2024-03-28,13.16434428618915,10.04639143263899,3.117952853550161
2024-03-29,13.16434428618915,10.080859876971232,3.0834844092179186
2024-03-30,13.16434428618915,10.121687507206785,3.0426567789823658
2024-03-31,13.16434428618915,10.828110691207081,2.336233594982069
2024-04-01,13.16434428618915,13.130269099103169,0.034075187085981895
2024-04-02,13.16434428618915,13.101090293560777,0.06325399262837372
2024-04-03,13.16434428618915,13.204472778235353,-0.04012849204620217
2024-04-04,13.16434428618915,13.294342665463331,-0.12999837927418056
2024-04-05,13.16434428618915,13.308462553053106,-0.14411826686395557
2024-04-06,13.16434428618915,13.341096927069655,-0.17675264088050469
2024-04-07,13.16434428618915,13.174075821562257,-0.009731535373106226
2024-04-08,13.16434428618915,12.167900468645426,0.9964438175437245
2024-04-09,13.16434428618915,12.205071479826083,0.9592728063630673
2024-04-10,13.16434428618915,12.197158305272044,0.9671859809171064
2024-04-11,13.16434428618915,13.499646200073187,-0.3353019138840363
2024-04-12,13.16434428618915,13.499646200073187,-0.3353019138840363
2024-04-13,13.16434428618915,13.507188727297862,-0.3428444411087117
2024-04-14,13.16434428618915,13.513355774222099,-0.34901148803294824
2024-04-15,13.16434428618915,13.45744182458639,-0.2930975383972392
2024-04-16,13.16434428618915,13.517468416586215,-0.3531241303970649
2024-04-17,13.16434428618915,13.493013981754467,-0.328669695565317
2024-04-18,13.16434428618915,13.484390847966617,-0.3200465617774668
2024-04-19,13.16434428618915,13.472376089452565,-0.3080318032634146
2024-04-20,13.16434428618915,13.478082810213483,-0.3137385240243322
2024-04-21,13.16434428618915,13.584504573738235,-0.4201602875490842
2024-04-22,13.16434428618915,13.42054737268522,-0.25620308649607004
2024-04-23,13.16434428618915,13.424190503434243,-0.2598462172450926
2024-04-24,13.16434428618915,13.554563917434592,-0.3902196312454418
2024-04-25,13.16434428618915,13.662257756084504,-0.49791346989535334
2024-04-26,13.16434428618915,13.69378894989468,-0.5294446637055295
2024-04-27,13.16434428618915,13.669171383098432,-0.5048270969092812
2024-04-28,13.16434428618915,13.684472574682152,-0.5201282884930016
2024-04-29,13.16434428618915,13.473619168904317,-0.309274882715167
2024-04-30,13.005561187375491,13.792126975515147,-0.7865657881396562
2024-05-01,12.838589339339647,13.743766268410964,-0.9051769290713167
2024-05-02,12.676592628718904,13.774843003493077,-1.0982503747741728
2024-05-03,12.498437610031653,13.738369785181845,-1.2399321751501926
2024-05-04,12.316093336431882,13.669917245389913,-1.3538239089580308
2024-05-05,12.136282740180592,13.516373348472156,-1.3800906082915638
2024-05-06,11.965214804036346,13.535057327882841,-1.5698425238464946
2024-05-07,11.792847750164617,12.899166256592672,-1.106318506428055
2024-05-08,11.60351226898599,12.781001104240557,-1.177488835254568
2024-05-09,11.397283664953514,12.924377865158105,-1.5270942002045906
2024-05-10,11.164426418429244,12.711211152175313,-1.546784733746069
2024-05-11,10.920036354395181,12.21572066490323,-1.295684310508049
2024-05-12,10.665577901414006,12.050423543295222,-1.384845641881217
2024-05-13,10.403673698286207,12.043487405469586,-1.6398137071833787
2024-05-14,10.138219613249078,11.512543643005067,-1.3743240297559893
2024-05-15,9.843169416308644,11.51507989581675,-1.6719104795081066
2024-05-16,9.56716560779637,11.151224396555794,-1.5840587887594229
2024-05-17,9.30695578106243,10.49282866760212,-1.1858728865396913
2024-05-18,9.015751187209359,10.276445152606124,-1.260693965396765
2024-05-19,8.718937894560288,9.888352222868626,-1.1694143283083385
2024-05-20,8.362481345977681,9.210520482333386,-0.8480391363557054
2024-05-21,8.0112920794738,8.406222513410947,-0.394930433937148
2024-05-22,7.642496944740898,7.883420377660797,-0.2409234329198986
2024-05-23,7.271661047711971,7.818382245722029,-0.5467211980100579
2024-05-24,6.919724260083178,6.000670678476012,0.9190535816071659
2024-05-25,6.572334465668943,5.8699070253390255,0.7024274403299176
2024-05-26,6.247462430010024,5.932443384325425,0.3150190456845987
2024-05-27,5.909315440964982,6.144766284090106,-0.23545084312512365
2024-05-28,5.560094616435135,5.2828026741785665,0.2772919422565687
2024-05-29,5.188536291411539,5.03385591735344,0.1546803740580991
2024-05-30,4.8097202221933,4.891737424070568,-0.08201720187726824
2024-05-31,4.436947114038562,3.7199018584056276,0.7170452556329341
2024-06-01,4.072951613759612,4.609001943256018,-0.5360503294964065
2024-06-02,3.715106411556089,4.479241987445099,-0.7641355758890103
2024-06-03,3.3636131726576033,4.171601187679008,-0.8079880150214049
2024-06-04,3.0132902229213103,3.387022917723739,-0.3737326948024289
2024-06-05,2.681599008373383,3.273982804555245,-0.5923837961818617
2024-06-06,2.3749385939140217,3.2839812558715353,-0.9090426619575136
2024-06-07,2.086774080859776,2.346788314823839,-0.2600142339640632
2024-06-08,1.7983482470110097,2.8692281641838373,-1.0708799171728276
2024-06-09,1.5136418992620524,3.0454288538525707,-1.5317869545905183
2024-06-10,1.2539945100305867,2.8609088547596055,-1.6069143447290188
2024-06-11,0.9947783508043412,2.0837722714915694,-1.0889939206872281
2024-06-12,0.754332344537415,2.0200872919489448,-1.2657549474115297
2024-06-13,0.534635940711423,2.0567824839361086,-1.5221465432246857
2024-06-14,0.3434576589312215,2.0761003732614047,-1.7326427143301832
2024-06-15,0.1740180974247631,3.058691892367668,-2.8846737949429047
2024-06-16,0.0,2.964943057035348,-2.964943057035348
2024-06-17,0.0,2.8983293058797406,-2.8983293058797406
2024-06-18,0.0,2.4163582772614163,-2.4163582772614163
2024-06-19,0.0,1.627635250745796,-1.627635250745796
2024-06-20,0.0,2.1372214897672146,-2.1372214897672146
2024-06-21,0.0,1.6268873320485973,-1.6268873320485973
2024-06-22,0.0,1.6796670157089058,-1.6796670157089058
2024-06-23,0.0,1.6841227717111273,-1.6841227717111273
2024-06-24,0.0,1.6185344605784393,-1.6185344605784393
2024-06-25,0.0,0.8582138663535466,-0.8582138663535466
2024-06-26,0.0,0.6194255453724338,-0.6194255453724338
2024-06-27,0.0,0.6455881294512323,-0.6455881294512323
2024-06-28,0.0,0.8106129878180361,-0.8106129878180361
2024-06-29,0.0,0.4957258572940156,-0.4957258572940156
2024-06-30,0.0,0.307830697048636,-0.307830697048636
2024-07-01,0.0,0.42898470526045757,-0.42898470526045757
2024-07-02,0.0,0.4955715817911456,-0.4955715817911456
2024-07-03,0.0,0.45489875920327816,-0.45489875920327816
2024-07-04,0.0,0.09270408746671209,-0.09270408746671209
2024-07-05,0.0,0.16921905457561373,-0.16921905457561373
2024-07-06,0.0,0.005808665851889327,-0.005808665851889327
2024-07-07,0.0,0.03265369239151507,-0.03265369239151507
2024-07-08,0.0,0.0,0.0
2024-07-09,0.0,0.06926148860926042,-0.06926148860926042
2024-07-10,0.0,0.19602722001397616,-0.19602722001397616
2024-07-11,0.0,0.0,0.0
2024-07-12,0.0,0.05485079913664481,-0.05485079913664481
2024-07-13,0.0,0.029323265645064427,-0.029323265645064427
2024-07-14,0.0,0.054059097051616115,-0.054059097051616115
2024-07-15,0.0,0.08562250051855361,-0.08562250051855361
2024-07-16,0.0,0.14395538773086003,-0.14395538773086003
2024-07-17,0.0,0.14395538773086003,-0.14395538773086003
2024-07-18,0.0,0.09164654560169283,-0.09164654560169283
2024-07-19,0.0,0.07609102887182341,-0.07609102887182341
2024-07-20,0.0,0.03693973679335939,-0.03693973679335939
2024-07-21,0.0,0.021791374139325557,-0.021791374139325557
2024-07-22,0.0,0.021791374139325557,-0.021791374139325557
2024-07-23,0.0,0.05571097188314927,-0.05571097188314927
2024-07-24,0.0,0.07791383642493126,-0.07791383642493126
2024-07-25,0.0,0.021791374139325557,-0.021791374139325557
2024-07-26,0.0,0.021791374139325557,-0.021791374139325557
2024-07-27,0.0,0.0,0.0
2024-07-28,0.0,0.0,0.0
2024-07-29,0.0,0.0,0.0
2024-07-30,0.0,0.0,0.0
2024-07-31,0.0,0.0,0.0
2024-08-01,0.0,0.0,0.0
2024-08-02,0.0,0.0,0.0
2024-08-03,0.0,0.0,0.0
2024-08-04,0.0,0.0,0.0
2024-08-05,0.0,0.0,0.0
2024-08-06,0.0,0.0,0.0
2024-08-07,0.0,0.0,0.0
2024-08-08,0.0,0.0,0.0
2024-08-09,0.0,0.0,0.0
2024-08-10,0.0,0.0,0.0
2024-08-11,0.0,0.0,0.0
2024-08-12,0.0,0.0,0.0
2024-08-13,0.0,0.0,0.0
2024-08-14,0.0,0.12069652157159583,-0.12069652157159583
2024-08-15,0.0,0.5108903892077851,-0.5108903892077851
2024-08-16,0.0,0.15406356516025752,-0.15406356516025752
2024-08-17,0.0,0.19901702787480363,-0.19901702787480363
2024-08-18,0.0,0.006164649446506568,-0.006164649446506568
2024-08-19,0.0,0.003583305610025572,-0.003583305610025572
2024-08-20,0.0,0.0,0.0
2024-08-21,0.0,0.0,0.0
2024-08-22,0.0,0.072062080696903,-0.072062080696903
2024-08-23,0.0,0.06779695108072027,-0.06779695108072027
2024-08-24,0.0,0.009315838388272579,-0.009315838388272579
2024-08-25,0.0,0.1854230819669926,-0.1854230819669926
2024-08-26,0.0,0.20006297110179816,-0.20006297110179816
2024-08-27,0.0,0.0,0.0
2024-08-28,0.0,0.003516158120566418,-0.003516158120566418
2024-08-29,0.0,0.10904001087681854,-0.10904001087681854
2024-08-30,0.0,0.038345001598086216,-0.038345001598086216
2024-08-31,0.0,0.054198620791172915,-0.054198620791172915
2024-09-01,0.0,0.03548782592483669,-0.03548782592483669
2024-09-02,0.0,0.0,0.0
2024-09-03,0.0,0.0,0.0
2024-09-04,0.0,0.0,0.0
2024-09-05,0.0,0.023427979516893453,-0.023427979516893453
2024-09-06,0.0,0.06635204015703765,-0.06635204015703765
2024-09-07,0.0,0.06913997373643883,-0.06913997373643883
2024-09-08,0.0,0.07828449734418003,-0.07828449734418003
2024-09-09,0.0,0.07828449734418003,-0.07828449734418003
2024-09-10,0.0,0.07537274458008408,-0.07537274458008408
2024-09-11,0.0,0.06547212293018584,-0.06547212293018584
2024-09-12,0.0,0.04904884726702688,-0.04904884726702688
2024-09-13,0.0,0.04904884726702688,-0.04904884726702688
2024-09-14,0.0,0.03311182574741541,-0.03311182574741541
2024-09-15,0.0,0.022896165508120906,-0.022896165508120906
2024-09-16,0.0,0.03088719354126658,-0.03088719354126658
2024-09-17,0.0,0.07082866768685976,-0.07082866768685976
2024-09-18,0.0,0.07082866768685976,-0.07082866768685976
2024-09-19,0.0,0.04682421506087805,-0.04682421506087805
2024-09-20,0.0,0.04682421506087805,-0.04682421506087805
2024-09-21,0.0,0.021576603290359007,-0.021576603290359007
2024-09-22,0.0,0.019852289381313133,-0.019852289381313133
2024-09-23,0.0,0.019852289381313133,-0.019852289381313133
2024-09-24,0.0,0.021576603290359007,-0.021576603290359007
2024-09-25,0.0,0.02956080148879764,-0.02956080148879764
2024-09-26,0.0,0.02451552651126573,-0.02451552651126573
2024-09-27,0.0,0.012600450582176244,-0.012600450582176244
2024-09-28,0.0,0.0,0.0
2024-09-29,0.0,0.0,0.0
2024-09-30,0.0,0.0,0.0
2024-10-01,0.0,0.0,0.0
2024-10-02,0.0,0.0,0.0
2024-10-03,0.0,0.0,0.0
2024-10-04,0.0,0.0,0.0
2024-10-05,0.0,0.0,0.0
2024-10-06,0.0,0.0,0.0
2024-10-07,0.0,0.0,0.0
2024-10-08,0.0,0.0,0.0
2024-10-09,0.0,0.0,0.0
2024-10-10,0.0,0.0,0.0
2024-10-11,0.0,0.05028833058970844,-0.05028833058970844
2024-10-12,0.0,0.0,0.0
2024-10-13,0.0,0.04053158698153614,-0.04053158698153614
2024-10-14,0.0,0.07827356908941736,-0.07827356908941736
2024-10-15,0.0,0.04554086006569428,-0.04554086006569428
2024-10-16,0.0,0.05220865743646247,-0.05220865743646247
2024-10-17,0.0,0.05058929643331764,-0.05058929643331764
2024-10-18,0.0,0.05058929643331764,-0.05058929643331764
2024-10-19,0.0,0.05058929643331764,-0.05058929643331764
2024-10-20,0.0,0.04642454997802724,-0.04642454997802724
2024-10-21,0.0,0.05324923400289997,-0.05324923400289997
2024-10-22,0.0,0.05363964297297236,-0.05363964297297236
2024-10-23,0.0,0.053915997478121314,-0.053915997478121314
2024-10-24,0.0,0.06328602769086983,-0.06328602769086983
2024-10-25,0.0,0.05856286060571952,-0.05856286060571952
2024-10-26,0.0,0.055241966010625795,-0.055241966010625795
2024-10-27,0.0,0.055241966010625795,-0.055241966010625795
2024-10-28,0.0,0.021612810512937137,-0.021612810512937137
2024-10-29,0.0,0.0,0.0
2024-10-30,0.0,0.02260642285595839,-0.02260642285595839
2024-10-31,0.0,0.0,0.0
2024-11-01,0.0,0.07453232624454964,-0.07453232624454964
2024-11-02,0.0,0.0,0.0
2024-11-03,0.0,0.0,0.0
2024-11-04,0.0,0.0,0.0
2024-11-05,0.0,0.0,0.0
2024-11-06,0.0,0.13781082004243084,-0.13781082004243084
2024-11-07,0.0,0.11264789838059089,-0.11264789838059089
2024-11-08,0.0,0.15717384558893732,-0.15717384558893732
2024-11-09,0.0,0.16163659661062507,-0.16163659661062507
2024-11-10,0.0,0.1639152824997983,-0.1639152824997983
2024-11-11,0.0,0.18151834011326218,-0.18151834011326218
2024-11-12,0.0,0.10615556338301065,-0.10615556338301065
2024-11-13,0.0,0.17220195941914446,-0.17220195941914446
2024-11-14,0.0,0.20918956511865436,-0.20918956511865436
2024-11-15,0.0,0.267155948979756,-0.267155948979756
2024-11-16,0.0,0.26441637477747243,-0.26441637477747243
2024-11-17,0.0,0.26074852397121945,-0.26074852397121945
2024-11-18,0.0,1.2575456047884717,-1.2575456047884717
2024-11-19,0.0,0.24139665746670824,-0.24139665746670824
2024-11-20,0.0,0.24797626103705717,-0.24797626103705717
2024-11-21,0.0,0.23488042571713436,-0.23488042571713436
2024-11-22,0.0,0.09074970347324891,-0.09074970347324891
2024-11-23,0.0,0.026792853207884923,-0.026792853207884923
2024-11-24,0.0,0.038409597538665116,-0.038409597538665116
2024-11-25,0.0,0.002547073825557015,-0.002547073825557015
2024-11-26,0.0,0.008505870657859585,-0.008505870657859585
2024-11-27,0.0,0.10828173673767476,-0.10828173673767476
2024-11-28,0.0,0.001850237334290537,-0.001850237334290537
2024-11-29,0.0,0.05407434422411633,-0.05407434422411633
2024-11-30,0.0,0.08436115671725222,-0.08436115671725222
2024-12-01,0.0,0.009274077683775186,-0.009274077683775186
2024-12-02,0.0,0.12101359663317102,-0.12101359663317102
2024-12-03,0.0,0.026681720944187227,-0.026681720944187227
2024-12-04,0.0,0.16288330342907004,-0.16288330342907004
2024-12-05,0.0,0.14773245150305275,-0.14773245150305275
2024-12-06,0.0,0.18137110627835307,-0.18137110627835307
2024-12-07,0.0,0.0,0.0
2024-12-08,0.0,0.14505962763726374,-0.14505962763726374
2024-12-09,0.0,0.04234442919788366,-0.04234442919788366
2024-12-10,0.0,0.07366251967429857,-0.07366251967429857
2024-12-11,0.0,0.08159977979568946,-0.08159977979568946
2024-12-12,0.0,0.07645045325369976,-0.07645045325369976
2024-12-13,0.0,0.08438771337509063,-0.08438771337509063
2024-12-14,0.0,0.08159977979568946,-0.08159977979568946
2024-12-15,0.0,0.08011830405995275,-0.08011830405995275
2024-12-16,0.0,0.08284073625751594,-0.08284073625751594
2024-12-17,0.0,0.07645045325369976,-0.07645045325369976
2024-12-18,0.0,0.07409425897681353,-0.07409425897681353
2024-12-19,0.0,0.0830300568240487,-0.0830300568240487
2024-12-20,0.0,0.07409425897681353,-0.07409425897681353
2024-12-21,0.0,0.07645045325369976,-0.07645045325369976
2024-12-22,0.0,0.07645045325369976,-0.07645045325369976
2024-12-23,0.0,0.08438771337509063,-0.08438771337509063
2024-12-25,0.0,0.08169001981314995,-0.08169001981314995
2024-12-26,0.0,0.12132020412894251,-0.12132020412894251
2024-12-27,0.0,0.038128340111251414,-0.038128340111251414
2024-12-28,0.0,0.038128340111251414,-0.038128340111251414
2024-12-29,0.0,0.08311453376348334,-0.08311453376348334
2024-12-30,0.0,0.08438771337509063,-0.08438771337509063
2024-12-31,0.0,0.041048666219837535,-0.041048666219837535
2025-01-01,0.0,0.0,0.0
2025-01-02,0.0,0.0,0.0
2025-01-03,0.0,0.006245439479000959,-0.006245439479000959
2025-01-04,0.0,0.006592395690160235,-0.006592395690160235
2025-01-05,0.0,0.0061906654130279735,-0.0061906654130279735
2025-01-06,0.0,0.0061906654130279735,-0.0061906654130279735
2025-01-07,0.0,0.0061906654130279735,-0.0061906654130279735
2025-01-08,0.0,0.022239746044740112,-0.022239746044740112
2025-01-09,0.0,0.021493186238451298,-0.021493186238451298
2025-01-10,0.0,0.026417729127207128,-0.026417729127207128
2025-01-11,0.0,0.026417729127207128,-0.026417729127207128
2025-01-12,0.0,0.02688715426749482,-0.02688715426749482
2025-01-13,0.0,0.02688715426749482,-0.02688715426749482
2025-01-15,0.0,0.02688715426749482,-0.02688715426749482
2025-01-16,0.0,0.0679558397681638,-0.0679558397681638
2025-01-17,0.0,0.071024061752906,-0.071024061752906
2025-01-18,0.0,0.03271068197553257,-0.03271068197553257
2025-01-19,0.0,0.0058437092018687,-0.0058437092018687
2025-01-20,0.0,0.0058437092018687,-0.0058437092018687
2025-01-21,0.0,0.0061906654130279735,-0.0061906654130279735
2025-01-22,0.0,0.02426917353440431,-0.02426917353440431
2025-01-23,0.0,0.04355367838676182,-0.04355367838676182
2025-01-24,0.0,0.04355367838676182,-0.04355367838676182
2025-01-25,0.0,0.02792497591645158,-0.02792497591645158
2025-01-26,0.0,0.026417729127207128,-0.026417729127207128
2025-01-27,0.0,0.03992038741133925,-0.03992038741133925
2025-01-28,0.0,0.029609586465058003,-0.029609586465058003
2025-01-29,0.0,0.033117501668497265,-0.033117501668497265
2025-01-30,0.0,0.04315194810962956,-0.04315194810962956
2025-01-31,0.0,0.05493923229856267,-0.05493923229856267
2025-02-01,0.0,0.058382721258299214,-0.058382721258299214
2025-02-02,0.0,0.06869352220458046,-0.06869352220458046
2025-02-03,0.0,0.08205783669411224,-0.08205783669411224
2025-02-04,0.0,0.08552604853711207,-0.08552604853711207
2025-02-05,0.0,0.08205783669411224,-0.08205783669411224
2025-02-06,0.0,0.08255200047002242,-0.08255200047002242
2025-02-07,0.0,0.10973395498776245,-0.10973395498776245
2025-02-08,0.0,0.08640226334560334,-0.08640226334560334
2025-02-09,0.0,0.06204996392193937,-0.06204996392193937
2025-02-10,0.0,0.06281888071405248,-0.06281888071405248
2025-02-11,0.0,0.020744373755954008,-0.020744373755954008
2025-02-12,0.0,0.011409623959413931,-0.011409623959413931
2025-02-13,0.0,0.0645489017404298,-0.0645489017404298
2025-02-14,0.0,0.12153103545475906,-0.12153103545475906
2025-02-15,0.0,0.0015934257717049555,-0.0015934257717049555
2025-02-16,0.0,0.04245376441232872,-0.04245376441232872
2025-02-17,0.0,0.03375754692788076,-0.03375754692788076
2025-02-18,0.0,0.11266015714607286,-0.11266015714607286
2025-02-19,0.0,0.156139218784869,-0.156139218784869
2025-02-20,0.0,0.21899789427258895,-0.21899789427258895
2025-02-21,0.0,0.20891156040382672,-0.20891156040382672
2025-02-22,0.0,0.2037878372802382,-0.2037878372802382
2025-02-23,0.0,0.12552620607156584,-0.12552620607156584
2025-02-24,0.0,0.06597045227000076,-0.06597045227000076
2025-02-25,0.0,0.3300089677008332,-0.3300089677008332
2025-02-26,0.0,0.29092665165706266,-0.29092665165706266
2025-02-27,0.0,0.31238321123229285,-0.31238321123229285
2025-02-28,0.0,0.4510954186498639,-0.4510954186498639
2025-03-01,0.0,0.45068163977971076,-0.45068163977971076
2025-03-02,0.0,0.6344175677994852,-0.6344175677994852
2025-03-03,0.0,0.48869683845402545,-0.48869683845402545
2025-03-04,0.0,0.5242020493232306,-0.5242020493232306
2025-03-05,0.14638691847854599,0.7389457493845312,-0.5925588309059852
2025-03-06,0.14638691847854599,0.7132299519151388,-0.5668430334365928
2025-03-07,0.14638691847854599,0.9022897530627573,-0.7559028345842113
2025-03-08,0.14638691847854599,0.7919667675216748,-0.6455798490431288
2025-03-09,0.14638691847854599,0.8429368168054776,-0.6965498983269316
2025-03-10,0.14638691847854599,0.8850953843285604,-0.7387084658500144
2025-03-11,0.14638691847854599,0.92848226161117,-0.782095343132624
2025-03-12,0.14638691847854599,0.8921537785623621,-0.7457668600838161
2025-03-13,0.14638691847854599,0.982240173152771,-0.835853254674225
2025-03-14,0.14638691847854599,1.0353958992861931,-0.8890089808076471
2025-03-15,0.14638691847854599,0.9067625613528724,-0.7603756428743264
2025-03-16,0.14638691847854599,0.8921302868757841,-0.7457433683972381
2025-03-17,0.14638691847854599,0.8860365739979469,-0.7396496555194009
2025-03-18,0.14638691847854599,0.9598082934432894,-0.8134213749647434
2025-03-19,0.14638691847854599,0.8557994442609816,-0.7094125257824356
2025-03-20,0.14638691847854599,0.8616762891461646,-0.7152893706676186
2025-03-21,0.14638691847854599,0.8627779298171478,-0.7163910113386018
2025-03-22,0.14638691847854599,0.8715509476864042,-0.7251640292078582
2025-03-23,0.14638691847854599,0.9581282200015949,-0.8117413015230489
2025-03-24,0.14638691847854599,1.0018277296951232,-0.8554408112165772
2025-03-25,0.14638691847854599,0.9965694084067961,-0.8501824899282501
2025-03-26,0.14638691847854599,1.0325589001225641,-0.8861719816440181
2025-03-27,0.14638691847854599,0.9479161186047139,-0.8015292001261679
2025-03-28,0.14638691847854599,1.0791624590632694,-0.9327755405847233
2025-03-29,0.14638691847854599,1.0651030151136225,-0.9187160966350765
2025-03-30,0.14638691847854599,1.231990193140939,-1.085603274662393
2025-03-31,0.14638691847854599,1.240794266825017,-1.094407348346471
2025-04-01,0.14638691847854599,1.4368826535091104,-1.2904957350305644
2025-04-02,0.14638691847854599,1.3954108274220887,-1.2490239089435426
2025-04-03,0.14638691847854599,1.3515011129761598,-1.2051141944976138
2025-04-04,0.14638691847854599,1.350264254535874,-1.203877336057328
2025-04-05,0.14638691847854599,1.6023169183571955,-1.4559299998786495
2025-04-06,0.14638691847854599,1.4393429721082587,-1.2929560536297127
2025-04-07,0.14638691847854599,1.5591249231504634,-1.4127380046719173
2025-04-08,0.14638691847854599,1.6704478482730607,-1.5240609297945147
2025-04-09,0.14638691847854599,1.5089725010152233,-1.3625855825366773
2025-04-10,0.14638691847854599,1.5268283117076835,-1.3804413932291375
2025-04-11,0.14638691847854599,1.3649975532294931,-1.218610634750947
2025-04-12,0.14638691847854599,1.4078464598760188,-1.2614595413974727
2025-04-13,0.14638691847854599,1.205888745069305,-1.059501826590759
2025-04-14,0.14638691847854599,1.1642665740349158,-1.0178796555563698
2025-04-15,0.14638691847854599,1.4584323544478448,-1.3120454359692988
2025-04-16,0.14638691847854599,1.265453088770885,-1.119066170292339
2025-04-17,0.14638691847854599,1.1539828959321583,-1.0075959774536123
2025-04-18,0.14638691847854599,1.066172651394649,-0.919785732916103
2025-04-19,0.14638691847854599,0.9115221714562893,-0.7651352529777433
2025-04-20,0.14638691847854599,0.8548540197037431,-0.7084671012251971
2025-04-21,0.14638691847854599,0.9460353592009549,-0.7996484407224089
2025-04-22,0.14638691847854599,1.1039614126537907,-0.9575744941752447
2025-04-23,0.14638691847854599,1.5305947124465054,-1.3842077939679593
2025-04-24,0.14638691847854599,1.4536433833170854,-1.3072564648385394
2025-04-25,0.14638691847854599,1.4178742185806996,-1.2714873001021536
2025-04-26,0.14638691847854599,1.3447432744384376,-1.1983563559598915
2025-04-27,0.14638691847854599,1.4771795639145036,-1.3307926454359575
2025-04-28,0.14638691847854599,1.4623157297865896,-1.3159288113080436
2025-04-29,0.14638691847854599,1.438721755051337,-1.292334836572791
2025-04-30,0.14638691847854599,1.4531983549636773,-1.3068114364851313
2025-05-01,0.14638691847854599,1.4442000967276176,-1.2978131782490716
2025-05-02,0.14638691847854599,1.4593993169541837,-1.3130123984756377
2025-05-03,0.14638691847854599,1.4637586793662907,-1.3173717608877447
2025-05-04,0.14638691847854599,1.4934534983501757,-1.3470665798716297
2025-05-05,0.14638691847854599,1.3921529969617807,-1.2457660784832347
2025-05-06,0.14638691847854599,1.1148720753553871,-0.9684851568768411
2025-05-07,0.14638691847854599,1.1933169883288988,-1.0469300698503528
2025-05-08,0.14638691847854599,0.8761316809074693,-0.7297447624289233
2025-05-09,0.14638691847854599,0.7764883175417052,-0.6301013990631592
2025-05-10,0.14638691847854599,0.16498914642597817,-0.018602227947432187
2025-05-11,0.14638691847854599,0.18202692758673875,-0.03564000910819276
2025-05-12,0.14638691847854599,0.48577074373904805,-0.33938382526050204
2025-05-13,0.14638691847854599,0.20166468798365622,-0.055277769505110236
2025-05-14,0.14638691847854599,0.560378489540649,-0.41399157106210294
2025-05-15,0.14638691847854599,0.5168626784601845,-0.3704757599816385
2025-05-16,0.14638691847854599,0.5258691264453802,-0.3794822079668342
2025-05-17,0.14638691847854599,0.4874831639876249,-0.3410962455090789
2025-05-18,0.14638691847854599,0.848829800735813,-0.702442882257267
2025-05-19,0.14638691847854599,0.9264069425148209,-0.7800200240362749
2025-05-20,0.14638691847854599,0.7592461214087566,-0.6128592029302106
2025-05-21,0.14638691847854599,0.7883905850725083,-0.6420036665939622
2025-05-22,0.14638691847854599,0.7714008665528265,-0.6250139480742805
2025-05-23,0.14638691847854599,0.461875277219678,-0.315488358741132
2025-05-24,0.14638691847854599,0.3492504400289126,-0.2028635215503666
2025-05-25,0.14638691847854599,0.4304730380352868,-0.2840861195567408
2025-05-26,0.14638691847854599,0.372210635528458,-0.22582371704991203
2025-05-27,0.14638691847854599,0.2590431802965496,-0.11265626181800362
2025-05-28,0.0,0.28129557010030076,-0.28129557010030076
2025-05-29,0.0,0.3745153656392871,-0.3745153656392871
2025-05-30,0.0,0.3990776083021219,-0.3990776083021219
2025-05-31,0.0,0.3747889035760701,-0.3747889035760701
2025-06-01,0.0,0.14592220343756454,-0.14592220343756454
2025-06-02,0.0,0.1378985574920515,-0.1378985574920515
2025-06-03,0.0,0.08346308138405772,-0.08346308138405772
2025-06-04,0.0,0.08035141959397113,-0.08035141959397113
2025-06-05,0.0,0.07540047898730325,-0.07540047898730325
2025-06-06,0.0,0.035181424704632855,-0.035181424704632855
2025-06-07,0.0,0.07019182666725163,-0.07019182666725163
2025-06-08,0.0,0.014792632957587946,-0.014792632957587946
2025-06-09,0.0,0.014792632957587946,-0.014792632957587946
2025-06-10,0.0,0.0035018367980845315,-0.0035018367980845315
2025-06-11,0.0,0.0,0.0
2025-06-12,0.0,0.0,0.0
2025-06-13,0.0,0.0,0.0
2025-06-14,0.0,0.0,0.0
2025-06-15,0.0,0.05886923128418613,-0.05886923128418613
2025-06-16,0.0,0.03154010970840607,-0.03154010970840607
2025-06-17,0.0,0.029192864244703486,-0.029192864244703486
2025-06-18,0.0,0.029429771573336087,-0.029429771573336087
2025-06-19,0.0,0.029429771573336087,-0.029429771573336087
2025-06-20,0.0,0.029429771573336087,-0.029429771573336087
2025-06-21,0.0,0.029429771573336087,-0.029429771573336087
2025-06-22,0.0,0.0041821598028170225,-0.0041821598028170225
2025-06-23,0.0,0.0041821598028170225,-0.0041821598028170225
2025-06-24,0.0,0.004583890079949285,-0.004583890079949285
2025-06-25,0.0,0.002457845893771151,-0.002457845893771151
2025-06-26,0.0,0.000950599104526701,-0.000950599104526701
2025-06-27,0.0,0.000950599104526701,-0.000950599104526701
2025-06-28,0.0,0.000950599104526701,-0.000950599104526701
2025-06-29,0.0,0.000950599104526701,-0.000950599104526701
2025-06-30,0.0,0.000950599104526701,-0.000950599104526701
2025-07-01,0.0,0.0,0.0
2025-07-02,0.0,0.0,0.0
2025-07-03,0.0,0.0,0.0
2025-07-04,0.0,0.0,0.0
2025-07-05,0.0,0.0,0.0
2025-07-06,0.0,0.0,0.0
2025-07-07,0.0,0.0,0.0
2025-07-08,0.0,0.0,0.0
2025-07-09,0.0,0.0,0.0
2025-07-10,0.0,0.0,0.0
2025-07-11,0.0,0.007656099002608902,-0.007656099002608902
2025-07-12,0.0,0.0,0.0
2025-07-13,0.0,0.0,0.0
2025-07-14,0.0,0.0,0.0
2025-07-15,0.0,0.0,0.0
2025-07-16,0.0,0.0,0.0
2025-07-17,0.0,0.0,0.0
2025-07-18,0.0,0.0021359370157498616,-0.0021359370157498616
2025-07-19,0.0,0.0002332136876223193,-0.0002332136876223193
2025-07-20,0.0,0.02265401645113503,-0.02265401645113503
2025-07-21,0.0,0.02265401645113503,-0.02265401645113503
2025-07-22,0.0,0.02265401645113503,-0.02265401645113503
2025-07-23,0.0,0.02265401645113503,-0.02265401645113503
2025-07-24,0.0,0.02265401645113503,-0.02265401645113503
2025-07-25,0.0,0.006716994931523534,-0.006716994931523534
2025-07-26,0.0,0.0002332136876223193,-0.0002332136876223193
2025-07-27,0.0,0.001957527596668191,-0.001957527596668191
2025-07-28,0.0,0.028824500370332084,-0.028824500370332084
2025-07-29,0.0,0.027205139367187256,-0.027205139367187256
2025-07-30,0.0,0.027205139367187256,-0.027205139367187256
2025-07-31,0.0,0.028824500370332084,-0.028824500370332084
2025-08-01,0.0,0.002359257873800454,-0.002359257873800454
2025-08-02,0.0,0.0,0.0
2025-08-03,0.0,0.0,0.0
2025-08-04,0.0,0.0,0.0
2025-08-05,0.0,0.0,0.0
2025-08-06,0.0,0.0,0.0
2025-08-07,0.0,0.006716994931523534,-0.006716994931523534
2025-08-08,0.0,0.025376448648698213,-0.025376448648698213
2025-08-09,0.0,0.02265401645113503,-0.02265401645113503
2025-08-10,0.0,0.02265401645113503,-0.02265401645113503
2025-08-11,0.0,0.02265401645113503,-0.02265401645113503
2025-08-12,0.0,0.02565280315384717,-0.02565280315384717
2025-08-13,0.0,0.02265401645113503,-0.02265401645113503
2025-08-14,0.0,0.0002332136876223193,-0.0002332136876223193
2025-08-15,0.0,0.001957527596668191,-0.001957527596668191
2025-08-16,0.0,0.028824500370332084,-0.028824500370332084
2025-08-17,0.0,0.027205139367187256,-0.027205139367187256
2025-08-18,0.0,0.02698181850913666,-0.02698181850913666
2025-08-19,0.0,0.002010561243766553,-0.002010561243766553
2025-08-20,0.0,0.001957527596668191,-0.001957527596668191
2025-08-21,0.0,0.0,0.0
2025-08-22,0.0,0.0,0.0
2025-08-23,0.0,0.0,0.0
2025-08-24,0.0,0.0,0.0
2025-08-25,0.0,0.0,0.0
2025-08-26,0.0,0.0,0.0
2025-08-27,0.0,0.0,0.0
2025-08-28,0.0,0.0,0.0
2025-08-29,0.0,0.0,0.0
2025-08-30,0.0,0.0,0.0
2025-08-31,0.0,0.0,0.0
2025-09-01,0.0,0.0,0.0
2025-09-02,0.0,0.0,0.0
2025-09-03,0.0,0.0,0.0
2025-09-04,0.0,0.021183271152809064,-0.021183271152809064
2025-09-05,0.0,0.021183271152809064,-0.021183271152809064
2025-09-06,0.0,0.0024583160537963947,-0.0024583160537963947
2025-09-07,0.0,0.0,0.0
2025-09-08,0.0,0.005246249633197566,-0.005246249633197566
2025-09-09,0.0,0.021183271152809064,-0.021183271152809064
2025-09-10,0.0,0.0067534964224420175,-0.0067534964224420175
2025-09-11,0.0,0.00013982608718294387,-0.00013982608718294387
2025-09-12,0.0,0.027413618553811518,-0.027413618553811518
2025-09-13,0.0,0.024816562128231644,-0.024816562128231644
2025-09-14,0.0,0.021183271152809064,-0.021183271152809064
2025-09-15,0.0,0.008879540608620147,-0.008879540608620147
2025-09-16,0.0,0.02441483185109938,-0.02441483185109938
2025-09-17,0.0,0.0008885125754744845,-0.0008885125754744845
2025-09-18,0.0,0.02269051794205351,-0.02269051794205351
2025-09-19,0.0,0.02441483185109938,-0.02441483185109938
2025-09-20,0.0,0.04966244362161843,-0.04966244362161843
2025-09-21,0.0,0.0004867822983422204,-0.0004867822983422204
2025-09-22,0.0,0.024816562128231644,-0.024816562128231644
2025-09-23,0.0,0.008477810331487886,-0.008477810331487886
2025-09-24,0.0,0.0,0.0
2025-09-25,0.0,0.0004867822983422204,-0.0004867822983422204
2025-09-26,0.0,0.0004867822983422204,-0.0004867822983422204
2025-09-27,0.0,0.0004867822983422204,-0.0004867822983422204
2025-09-28,0.0,0.0,0.0
2025-09-29,0.0,0.027353755072006113,-0.027353755072006113
2025-09-30,0.0,0.0008885125754744845,-0.0008885125754744845
2025-10-01,0.0,0.0,0.0
2025-10-02,0.0,0.0,0.0
2025-10-03,0.0,0.0,0.0
2025-10-04,0.0,0.0,0.0
2025-10-05,0.0,0.0,0.0
2025-10-06,0.0,0.0,0.0
2025-10-07,0.0,0.0,0.0
2025-10-08,0.0,0.0,0.0
2025-10-09,0.0,0.0,0.0
2025-10-10,0.0,0.0,0.0
2025-10-11,0.0,0.0,0.0
2025-10-12,0.0,0.0,0.0
2025-10-13,0.0,0.0,0.0
2025-10-14,0.0,0.0,0.0
2025-10-15,0.0,0.0,0.0
2025-10-16,0.0,0.0,0.0
2025-10-17,0.0,0.0,0.0
2025-10-18,0.0,0.0,0.0
2025-10-19,0.0,0.0,0.0
2025-10-20,0.0,0.0,0.0
2025-10-21,0.0,0.0,0.0
2025-10-22,0.0,0.0,0.0
2025-10-23,0.0,0.0206393786661823,-0.0206393786661823
2025-10-24,0.0,0.0206393786661823,-0.0206393786661823
2025-10-25,0.0,0.0206393786661823,-0.0206393786661823
2025-10-26,0.0,0.02363816536889444,-0.02363816536889444
2025-10-27,0.0,0.02363816536889444,-0.02363816536889444
2025-10-28,0.0,0.02363816536889444,-0.02363816536889444
2025-10-29,0.0,0.023361810863745478,-0.023361810863745478
2025-10-30,0.0,0.02340151422418492,-0.02340151422418492
