date,actual,predicted,residual
2020-05-03,3.999407219086195,4.123540035619466,-0.12413281653327068
2020-05-04,3.999407219086195,4.0660643391486655,-0.06665712006247038
2020-05-05,3.999407219086195,4.068399206192577,-0.06899198710638199
2020-05-06,3.999407219086195,4.113472392832822,-0.11406517374662695
2020-05-07,3.999407219086195,4.109895436284199,-0.11048821719800372
2020-05-08,3.999407219086195,4.058734534815654,-0.05932731572945915
2020-05-09,3.999407219086195,4.0027134736772245,-0.0033062545910294006
2020-05-10,3.999407219086195,4.484798388898077,-0.4853911698118818
2020-05-11,3.999407219086195,4.550293541738031,-0.5508863226518361
2020-05-12,3.999407219086195,4.480481162417766,-0.4810739433315705
2020-05-13,3.999407219086195,4.481218872897166,-0.48181165381097113
2020-05-14,3.999407219086195,4.458658230339574,-0.45925101125337875
2020-05-15,3.999407219086195,4.296157255655525,-0.2967500365693301
2020-05-16,3.999407219086195,4.296157255655525,-0.2967500365693301
2020-05-17,3.999407219086195,4.376165435855221,-0.37675821676902554
2020-05-18,3.999407219086195,4.451016234356854,-0.4516090152706589
2020-05-19,3.999407219086195,4.440468459828893,-0.44106124074269815
2020-05-20,3.999407219086195,4.4714154719261,-0.4720082528399052
2020-05-21,3.999407219086195,4.418657541282635,-0.4192503221964401
2020-05-22,3.999407219086195,4.478311805527167,-0.4789045864409722
2020-05-23,3.999407219086195,4.484025672575214,-0.484618453489019
2020-05-24,3.999407219086195,4.568770669074116,-0.5693634499879208
2020-05-25,3.999407219086195,3.9846719518962006,0.014735267189994516
2020-05-26,3.999407219086195,3.9925660080323824,0.006841211053812746
2020-05-27,3.999407219086195,3.997751008763056,0.0016562103231390068
2020-05-28,3.999407219086195,3.7768432722874503,0.2225639467987448
2020-05-29,3.999407219086195,3.8022923744287263,0.19711484465746887
2020-05-30,3.999407219086195,3.848695855699425,0.15071136338677027
2020-05-31,3.999407219086195,3.6468275097216734,0.35257970936452177
2020-06-01,3.999407219086195,3.404196753901909,0.595210465184286
2020-06-02,3.999407219086195,4.083755007414561,-0.08434778832836631
2020-06-03,3.999407219086195,3.499324643056751,0.5000825760294441
2020-06-04,3.999407219086195,3.5158102105145392,0.4835970085716559
2020-06-05,3.999407219086195,3.4571905847165025,0.5422166343696926
2020-06-06,3.999407219086195,2.849237887753434,1.1501693313327612
2020-06-07,3.999407219086195,2.436384491609708,1.5630227274764872
2020-06-08,3.999407219086195,2.3571071604317453,1.6423000586544498
2020-06-09,3.999407219086195,2.153383210919916,1.846024008166279
2020-06-10,3.8534752322117636,2.696239809861507,1.1572354223502566
2020-06-11,3.703785803984231,2.193066725056103,1.510719078928128
2020-06-12,3.548216121605028,2.050671945612537,1.4975441759924908
2020-06-13,3.379658294781546,1.7308223922445187,1.6488359025370272
2020-06-14,3.1839422595427775,1.7862233419907407,1.3977189175520368
2020-06-15,2.9917593007536007,1.9067327876059044,1.0850265131476964
2020-06-16,2.7991418749262214,1.9423726615089885,0.8567692134172329
2020-06-17,2.621553245621738,1.653593027821019,0.9679602178007192
2020-06-18,2.4471723119805198,1.231812090348551,1.2153602216319688
2020-06-19,2.249920070685344,1.1417146070243671,1.108205463660977
2020-06-20,2.0564510397028184,1.0267940438657177,1.0296569958371007
2020-06-21,1.898057747065646,0.8725538043933008,1.0255039426723451
2020-06-22,1.898057747065646,0.7977232648093295,1.1003344822563164
2020-06-23,1.75330526945794,0.8705135921362097,0.8827916773217304
2020-06-24,1.5982958911468081,0.854940470353918,0.7433554207928902
2020-06-25,1.4014432989899734,0.8473543207748196,0.5540889782151538
2020-06-26,1.2076136463934526,0.782191305939794,0.42542234045365857
2020-06-27,1.0212879168413305,0.7933907175663719,0.22789719927495855
2020-06-28,0.829920205680432,0.8441646915384026,-0.014244485857970557
2020-06-29,0.642949207486845,0.5568130442067403,0.08613616328010476
2020-06-30,0.471307168730025,0.3567737782175032,0.11453339051252176
2020-07-01,0.30946389877853775,0.2833928902981977,0.026071008480340052
2020-07-02,0.15106350181334957,0.3315286098031602,-0.1804651079898106
2020-07-03,0.0,0.3594548027372847,-0.3594548027372847
2020-07-04,0.0,0.5793306708493855,-0.5793306708493855
2020-07-05,0.0,0.5879192817417109,-0.5879192817417109
2020-07-06,0.0,0.5446733735935377,-0.5446733735935377
2020-07-07,0.0,0.4991148490457237,-0.4991148490457237
2020-07-08,0.0,0.6240472300920382,-0.6240472300920382
2020-07-09,0.0,0.687036136204508,-0.687036136204508
2020-07-10,0.0,0.38644323025339783,-0.38644323025339783
2020-07-11,0.0,0.6001057842536928,-0.6001057842536928
2020-07-12,0.0,0.617892522346271,-0.617892522346271
2020-07-13,0.0,0.6572099988154276,-0.6572099988154276
2020-07-14,0.0,0.5418020323039792,-0.5418020323039792
2020-07-15,0.0,0.6849309783742777,-0.6849309783742777
2020-07-16,0.0,0.932550579016245,-0.932550579016245
2020-07-17,0.0,1.169876154436891,-1.169876154436891
2020-07-18,0.0,1.3349274871678856,-1.3349274871678856
2020-07-19,0.0,1.2623112261462188,-1.2623112261462188
2020-07-20,0.0,1.7453052074665283,-1.7453052074665283
2020-07-21,0.0,1.666680517362413,-1.666680517362413
2020-07-22,0.0,1.5785649070931669,-1.5785649070931669
2020-07-23,0.0,1.5564391829154476,-1.5564391829154476
2020-07-24,0.0,1.0296315250885462,-1.0296315250885462
2020-07-25,0.0,1.0850831595930905,-1.0850831595930905
2020-07-26,0.0,0.7266707696786963,-0.7266707696786963
2020-07-27,0.0,0.5221412419653862,-0.5221412419653862
2020-07-28,0.0,0.3820844854949087,-0.3820844854949087
2020-07-29,0.0,0.2896631673752982,-0.2896631673752982
2020-07-30,0.0,0.2811768962734108,-0.2811768962734108
2020-07-31,0.0,0.22552356738380894,-0.22552356738380894
2020-08-01,0.0,0.252148036105789,-0.252148036105789
2020-08-02,0.0,0.31621740555992717,-0.31621740555992717
2020-08-03,0.0,0.16889425736285402,-0.16889425736285402
2020-08-04,0.0,0.21679110377969757,-0.21679110377969757
2020-08-05,0.0,0.24176482491318355,-0.24176482491318355
2020-08-06,0.0,0.2343881776445574,-0.2343881776445574
2020-08-07,0.0,0.17447571225691874,-0.17447571225691874
2020-08-08,0.0,0.19004559706384022,-0.19004559706384022
2020-08-09,0.0,0.16147794565646498,-0.16147794565646498
2020-08-10,0.0,0.11247285893428456,-0.11247285893428456
2020-08-11,0.0,0.00022100293136048492,-0.00022100293136048492
2020-08-12,0.0,0.008706196914487239,-0.008706196914487239
2020-08-13,0.0,0.0,0.0
2020-08-14,0.0,0.0,0.0
2020-08-15,0.0,0.0,0.0
2020-08-16,0.0,0.0,0.0
2020-08-17,0.0,0.0,0.0
2020-08-18,0.0,0.03706939687187618,-0.03706939687187618
2020-08-19,0.0,0.03433176142343287,-0.03433176142343287
2020-08-20,0.0,0.008097200211704875,-0.008097200211704875
2020-08-21,0.0,0.08390526591278301,-0.08390526591278301
2020-08-22,0.0,0.33734213071067787,-0.33734213071067787
2020-08-23,0.0,0.6251070227224519,-0.6251070227224519
2020-08-24,0.0,0.6734435900104209,-0.6734435900104209
2020-08-25,0.0,0.8549819989000536,-0.8549819989000536
2020-08-26,0.0,0.8689289624088016,-0.8689289624088016
2020-08-27,0.0,1.0235255272057073,-1.0235255272057073
2020-08-28,0.0,0.8079115202265458,-0.8079115202265458
2020-08-29,0.0,0.7928572354233067,-0.7928572354233067
2020-08-30,0.0,0.8013933726735039,-0.8013933726735039
2020-08-31,0.0,0.7646539044089992,-0.7646539044089992
2020-09-01,0.0,0.7157433341941711,-0.7157433341941711
2020-09-02,0.0,0.7777851047467751,-0.7777851047467751
2020-09-03,0.0,0.5576492264596093,-0.5576492264596093
2020-09-04,0.0,0.7414707255246725,-0.7414707255246725
2020-09-05,0.0,0.5105195691176762,-0.5105195691176762
2020-09-06,0.0,0.3987998355938123,-0.3987998355938123
2020-09-07,0.0,0.6442726895255892,-0.6442726895255892
2020-09-08,0.0,0.8615754832370399,-0.8615754832370399
2020-09-09,0.0,1.3714869185569403,-1.3714869185569403
2020-09-10,0.0,2.586730499342571,-2.586730499342571
2020-09-11,0.0,2.5794840784961375,-2.5794840784961375
2020-09-12,0.0,2.479967227781272,-2.479967227781272
2020-09-13,0.0,2.5722802867841277,-2.5722802867841277
2020-09-14,0.0,1.2126896802606661,-1.2126896802606661
2020-09-15,0.0,1.144676174678832,-1.144676174678832
2020-09-16,0.0,1.1469028138268853,-1.1469028138268853
2020-09-17,0.0,0.9146808137715536,-0.9146808137715536
2020-09-18,0.0,2.0866103294759677,-2.0866103294759677
2020-09-19,0.0,0.910263431605653,-0.910263431605653
2020-09-20,0.0,0.9620263225426353,-0.9620263225426353
2020-09-21,0.0,0.40638633557919185,-0.40638633557919185
2020-09-22,0.0,0.41170408005855397,-0.41170408005855397
2020-09-23,0.0,0.15187366964041088,-0.15187366964041088
2020-09-24,0.0,0.15200579382111346,-0.15200579382111346
2020-09-25,0.0,0.09069197019214059,-0.09069197019214059
2020-09-26,0.0,0.0,0.0
2020-09-27,0.0,0.0,0.0
2020-09-28,0.0,0.0,0.0
2020-09-29,0.0,0.00444010006611105,-0.00444010006611105
2020-09-30,0.0,0.020001468683442967,-0.020001468683442967
2020-10-01,0.0,0.012187465794000795,-0.012187465794000795
2020-10-02,0.0,0.008996085246741253,-0.008996085246741253
2020-10-03,0.0,0.0,0.0
2020-10-04,0.0,0.0,0.0
2020-10-05,0.0,0.012582223798205302,-0.012582223798205302
2020-10-06,0.0,0.01501660601733246,-0.01501660601733246
2020-10-07,0.0,0.015149930997936096,-0.015149930997936096
2020-10-08,0.0,0.015149930997936096,-0.015149930997936096
2020-10-09,0.0,0.015149930997936096,-0.015149930997936096
2020-10-10,0.0,0.011695318208119735,-0.011695318208119735
2020-10-11,0.0,0.01717207509492971,-0.01717207509492971
2020-10-12,0.0,0.015149930997936096,-0.015149930997936096
2020-10-13,0.0,0.0010234623199402088,-0.0010234623199402088
2020-10-14,0.0,0.0,0.0
2020-10-15,0.0,0.004297698912578536,-0.004297698912578536
2020-10-16,0.0,0.004733471671534828,-0.004733471671534828
2020-10-17,0.0,0.003850108850172453,-0.003850108850172453
2020-10-18,0.0,0.003850108850172453,-0.003850108850172453
2020-10-19,0.0,0.0,0.0
2020-10-20,0.0,0.0,0.0
2020-10-21,0.0,0.0032934709652521574,-0.0032934709652521574
2020-10-22,0.0,0.0032934709652521574,-0.0032934709652521574
2020-10-23,0.0,0.0032934709652521574,-0.0032934709652521574
2020-10-24,0.0,0.0032934709652521574,-0.0032934709652521574
2020-10-25,0.0,0.001549234224771004,-0.001549234224771004
2020-10-26,0.0,0.0015440779485753238,-0.0015440779485753238
2020-10-27,0.0,0.0033359662941146065,-0.0033359662941146065
2020-10-28,0.0,0.0061934788044363505,-0.0061934788044363505
2020-10-29,0.0,0.004733471671534828,-0.004733471671534828
2020-10-30,0.0,0.0041768337866145335,-0.0041768337866145335
2020-10-31,0.0,0.001875959161213084,-0.001875959161213084
2020-11-01,0.0,0.013968445781823975,-0.013968445781823975
2020-11-02,0.0,0.013968445781823975,-0.013968445781823975
2020-11-03,0.0,0.011144789315341653,-0.011144789315341653
2020-11-04,0.0,0.010556064200699345,-0.010556064200699345
2020-11-05,0.0,0.011719901260761648,-0.011719901260761648
2020-11-06,0.0,0.015428452914725495,-0.015428452914725495
2020-11-07,0.0,0.015428452914725495,-0.015428452914725495
2020-11-08,0.0,0.015096571702087735,-0.015096571702087735
2020-11-09,0.0,0.013051516965450573,-0.013051516965450573
2020-11-10,0.0,0.013602998574175188,-0.013602998574175188
2020-11-11,0.0,0.015428452914725495,-0.015428452914725495
2020-11-12,0.0,0.015428452914725495,-0.015428452914725495
2020-11-13,0.0,0.013934879786812949,-0.013934879786812949
2020-11-14,0.0,0.015428452914725495,-0.015428452914725495
2020-11-15,0.0,0.010060000380991627,-0.010060000380991627
2020-11-16,0.0,0.010008292681777753,-0.010008292681777753
2020-11-17,0.0,0.010008292681777753,-0.010008292681777753
2020-11-18,0.0,0.010661915889743792,-0.010661915889743792
2020-11-19,0.0,0.011218553774664086,-0.011218553774664086
2020-11-20,0.0,0.014086187492721301,-0.014086187492721301
2020-11-21,0.0,0.01901801090495682,-0.01901801090495682
2020-11-22,0.0,0.014925451555097145,-0.014925451555097145
2020-11-23,0.0,0.014088640156752964,-0.014088640156752964
2020-11-24,0.0,0.01441806870535906,-0.01441806870535906
2020-11-25,0.0,0.014086187492721301,-0.014086187492721301
2020-11-26,0.0,0.018461373020036524,-0.018461373020036524
2020-11-27,0.0,0.022138662268145613,-0.022138662268145613
2020-11-28,0.0,0.02269530015306591,-0.02269530015306591
2020-11-29,0.0,0.018461373020036524,-0.018461373020036524
2020-11-30,0.0,0.014050353796625526,-0.014050353796625526
2020-12-01,0.0,0.00019729328948814927,-0.00019729328948814927
2020-12-02,0.0,0.009967933664075326,-0.009967933664075326
2020-12-03,0.0,0.010542272091289967,-0.010542272091289967
2020-12-04,0.0,0.009082264958388446,-0.009082264958388446
2020-12-05,0.0,0.010210390878652206,-0.010210390878652206
2020-12-06,0.0,0.00693615428601388,-0.00693615428601388
2020-12-07,0.0,0.006693697071436999,-0.006693697071436999
2020-12-08,0.0,0.006411070893981449,-0.006411070893981449
2020-12-09,0.0,0.006411070893981449,-0.006411070893981449
2020-12-10,0.0,0.0052336899385354765,-0.0052336899385354765
2020-12-11,0.0,0.0058080283657501175,-0.0058080283657501175
2020-12-12,0.0,0.0058080283657501175,-0.0058080283657501175
2020-12-13,0.0,0.010322090584038008,-0.010322090584038008
2020-12-14,0.0,0.008507926531173804,-0.008507926531173804
2020-12-15,0.0,0.005587846858498161,-0.005587846858498161
2020-12-16,0.0,0.002916729038185736,-0.002916729038185736
2020-12-17,0.0,0.001808436750499059,-0.001808436750499059
2020-12-18,0.0,0.0015282632370751724,-0.0015282632370751724
2020-12-19,0.0,0.0012517988655787638,-0.0012517988655787638
2020-12-20,0.0,0.004732303489376797,-0.004732303489376797
2020-12-21,0.0,0.004732303489376797,-0.004732303489376797
2020-12-22,0.0,0.004741981676331758,-0.004741981676331758
2020-12-23,0.0,0.0,0.0
2020-12-24,0.0,0.0,0.0
2020-12-26,0.0,0.00047111331519673254,-0.00047111331519673254
2020-12-27,0.0,0.0,0.0
2020-12-28,0.0,0.0017531062227297636,-0.0017531062227297636
2020-12-29,0.0,0.003238808787348624,-0.003238808787348624
2020-12-30,0.0,0.005897949166880125,-0.005897949166880125
2020-12-31,0.0,0.006487349948269611,-0.006487349948269611
2021-01-01,0.0,0.0,0.0
2021-01-02,0.0,0.0,0.0
2021-01-03,0.0,0.0,0.0
2021-01-04,0.0,0.0,0.0
2021-01-05,0.0,0.003288018807586025,-0.003288018807586025
2021-01-06,0.0,0.022394978883394864,-0.022394978883394864
2021-01-07,0.0,0.03258383802692454,-0.03258383802692454
2021-01-08,0.0,0.02805418592264192,-0.02805418592264192
2021-01-09,0.0,0.022380048896290448,-0.022380048896290448
2021-01-10,0.0,0.022525354082908285,-0.022525354082908285
2021-01-11,0.0,0.016852103930350876,-0.016852103930350876
2021-01-12,0.0,0.016852103930350876,-0.016852103930350876
2021-01-13,0.0,0.014586964705775782,-0.014586964705775782
2021-01-14,0.0,0.013789344551214361,-0.013789344551214361
2021-01-15,0.0,0.013890608262449793,-0.013890608262449793
2021-01-16,0.0,0.013424869320526129,-0.013424869320526129
2021-01-17,0.0,0.012343479965200129,-0.012343479965200129
2021-01-18,0.0,0.013424869320526129,-0.013424869320526129
2021-01-19,0.0,0.013890608262449793,-0.013890608262449793
2021-01-20,0.0,0.013890608262449793,-0.013890608262449793
2021-01-21,0.0,0.015376310827068652,-0.015376310827068652
2021-01-22,0.0,0.0,0.0
2021-01-23,0.0,0.005047934827907246,-0.005047934827907246
2021-01-24,0.0,0.005047934827907246,-0.005047934827907246
2021-01-25,0.0,0.005513673769830912,-0.005513673769830912
2021-01-26,0.0,0.005513673769830912,-0.005513673769830912
2021-01-27,0.0,0.005513673769830912,-0.005513673769830912
2021-01-28,0.0,0.005047934827907246,-0.005047934827907246
2021-01-29,0.0,0.005047934827907246,-0.005047934827907246
2021-01-30,0.0,0.0,0.0
2021-01-31,0.0,0.0,0.0
2021-02-01,0.0,0.0,0.0
2021-02-02,0.0,0.0,0.0
2021-02-03,0.0,0.0,0.0
2021-02-04,0.0,0.0,0.0
2021-02-05,0.0,0.0,0.0
2021-02-06,0.0,0.0,0.0
2021-02-07,0.0,0.0,0.0
2021-02-08,0.0,0.0,0.0
2021-02-09,0.0,0.0,0.0
2021-02-10,0.0,0.0,0.0
2021-02-11,0.0,0.0,0.0
2021-02-12,0.0,0.0,0.0
2021-02-13,0.0,0.0,0.0
2021-02-14,0.0,0.0,0.0
2021-02-15,0.0,0.0,0.0
2021-02-16,0.0,0.0,0.0
2021-02-17,0.0,0.0,0.0
2021-02-18,0.0,0.0,0.0
2021-02-19,0.0,0.0,0.0
2021-02-20,0.0,0.0,0.0
2021-02-21,0.0,0.0,0.0
2021-02-22,0.0,0.0,0.0
2021-02-23,0.0,0.0,0.0
2021-02-24,0.0,0.0,0.0
2021-02-25,0.0,0.0,0.0
2021-02-26,0.0,0.0,0.0
2021-02-27,0.0,0.0,0.0
2021-02-28,0.0,0.0,0.0
2021-03-01,0.0,0.0,0.0
2021-03-02,0.0,0.0,0.0
2021-03-03,0.0,0.0,0.0
2021-03-04,0.0,0.0,0.0
2021-03-05,0.0,0.0,0.0
2021-03-06,0.0,0.0,0.0
2021-03-07,0.0,0.0,0.0
2021-03-08,0.0,0.002632734996666626,-0.002632734996666626
2021-03-09,0.0,0.0,0.0
2021-03-10,0.0,0.0,0.0
2021-03-11,0.0,0.0,0.0
2021-03-12,0.0,0.0,0.0
2021-03-13,0.0,0.0,0.0
2021-03-14,0.0,0.0,0.0
2021-03-15,0.0,0.0,0.0
2021-03-16,0.0,0.0,0.0
2021-03-17,0.0,0.046519577398328744,-0.046519577398328744
2021-03-18,0.0,0.04701445008957487,-0.04701445008957487
2021-03-19,0.0,0.0,0.0
2021-03-20,0.0,0.006272541941029608,-0.006272541941029608
2021-03-21,0.0,0.0017768362768337846,-0.0017768362768337846
2021-03-22,0.1497611145852866,0.0,0.1497611145852866
2021-03-23,0.1497611145852866,0.0,0.1497611145852866
2021-03-24,0.1497611145852866,0.07131752501716984,0.07844358956811676
2021-03-25,0.1497611145852866,0.0,0.1497611145852866
2021-03-26,0.1497611145852866,0.11947119676730712,0.030289917817979475
2021-03-27,0.1497611145852866,0.14460785898852757,0.0051532555967590266
2021-03-28,0.312400545174984,0.15809186925695887,0.15430867591802513
2021-03-29,0.46795353544493323,0.22997496126717457,0.23797857417775867
2021-03-30,0.675516459584686,0.23503574200944882,0.44048071757523716
2021-03-31,0.9175765688926296,0.3969742357793189,0.5206023331133107
2021-04-01,1.1667614534116189,0.19073383225713272,0.9760276211544862
2021-04-02,1.4157974403858908,0.16835448901186925,1.2474429513740215
2021-04-03,1.665385988294455,0.1646868024731914,1.5006991858212637
2021-04-04,1.9143598285609211,0.1495162080285328,1.7648436205323883
2021-04-05,2.1590509922152323,0.09008535477602217,2.0689656374392102
2021-04-06,2.3830619542686895,0.19783092384428644,2.185231030424403
2021-04-07,2.6079055017004533,0.45639270847937574,2.1515127932210776
2021-04-08,2.84285437745234,0.6336173520710715,2.2092370253812685
2021-04-09,3.094908636689936,0.4271705344786866,2.6677381022112496
2021-04-10,3.352237765924246,0.5260074101030754,2.8262303558211705
2021-04-11,3.6198487534275983,0.5243811796830222,3.095467573744576
2021-04-12,3.876953211314551,0.8349665713713148,3.0419866399432363
2021-04-13,4.126402148141611,1.0603843322976032,3.0660178158440075
2021-04-14,4.365604055137451,0.8131708685410994,3.552433186596352
2021-04-15,4.6028414230540875,0.7420023649864894,3.860839058067598
2021-04-16,4.848417075688919,0.7437929201663059,4.104624155522613
2021-04-17,5.100744475761971,0.672559051883136,4.428185423878835
2021-04-18,5.348273677056369,0.7143462448465364,4.633927432209832
2021-04-19,5.585596384627514,0.731530212370025,4.854066172257489
2021-04-20,5.812892949866531,0.6697106046575322,5.143182345208999
2021-04-21,6.030382687608524,1.0242574535960731,5.006125234012451
2021-04-22,6.23939256955933,1.237681944117034,5.001710625442296
2021-04-23,6.434888931115203,0.9529326009626817,5.481956330152521
2021-04-24,6.6023786631610095,0.9948195362717883,5.607559126889221
2021-04-25,6.748384619917283,1.2126306817065624,5.53575393821072
2021-04-26,6.748384619917283,1.2050547460121612,5.5433298739051216
2021-04-27,6.748384619917283,1.2765814461288159,5.471803173788467
2021-04-28,6.748384619917283,1.3197656742219892,5.428618945695293
2021-04-29,6.748384619917283,1.9236976266840298,4.824686993233253
2021-04-30,6.748384619917283,2.056572222134719,4.691812397782563
2021-05-01,6.748384619917283,1.8619358325013613,4.8864487874159215
2021-05-02,6.748384619917283,1.9010729796526205,4.847311640264662
2021-05-03,6.748384619917283,2.433624917519883,4.314759702397399
2021-05-04,6.900597672918957,2.4233075180837216,4.477290154835236
2021-05-05,7.063806342881981,2.247430786959777,4.816375555922204
2021-05-06,7.227509787924299,2.089722591192698,5.137787196731601
2021-05-07,7.3785354942564085,2.109407716279886,5.269127777976522
2021-05-08,7.52513520736633,2.743521575524712,4.781613631841617
2021-05-09,7.668138069688469,2.9877414660458723,4.680396603642597
2021-05-10,7.668138069688469,4.380003030086365,3.2881350396021043
2021-05-11,7.668138069688469,4.552066253607583,3.1160718160808862
2021-05-12,7.668138069688469,5.191117796202825,2.4770202734856444
2021-05-13,7.668138069688469,5.260334000992306,2.407804068696163
2021-05-14,7.668138069688469,5.255275757984169,2.4128623117043
2021-05-15,7.668138069688469,5.506049301582237,2.1620887681062317
2021-05-16,7.668138069688469,5.475970577890416,2.1921674917980534
2021-05-17,7.668138069688469,6.131062985072009,1.5370750846164603
2021-05-18,7.668138069688469,9.003422561735388,-1.3352844920469185
2021-05-19,7.668138069688469,8.471096585224155,-0.8029585155356855
2021-05-20,7.668138069688469,10.37870577666773,-2.71056770697926
2021-05-21,7.668138069688469,8.724510217453012,-1.0563721477645434
2021-05-22,7.668138069688469,7.4992608480906915,0.16887722159777763
2021-05-23,7.668138069688469,7.449652396843017,0.2184856728454525
2021-05-24,7.668138069688469,7.271969773057505,0.39616829663096453
2021-05-25,7.668138069688469,7.448614536855622,0.21952353283284687
2021-05-26,7.668138069688469,6.7934879663815995,0.8746501033068697
2021-05-27,7.668138069688469,5.548055621663648,2.120082448024821
2021-05-28,7.668138069688469,5.480299305091333,2.187838764597136
2021-05-29,7.668138069688469,5.48559589963035,2.1825421700581193
2021-05-30,7.668138069688469,5.5169598442777525,2.1511782254107166
2021-05-31,7.668138069688469,5.485212537875093,2.1829255318133765
2021-06-01,7.668138069688469,5.449983757078689,2.21815431260978
2021-06-02,7.668138069688469,5.449983757078689,2.21815431260978
2021-06-03,7.668138069688469,5.179356201568244,2.488781868120225
2021-06-04,7.668138069688469,5.2408793326583965,2.4272587370300727
2021-06-05,7.668138069688469,5.123137656142654,2.5450004135458153
2021-06-06,7.668138069688469,5.274046167363137,2.394091902325332
2021-06-07,7.668138069688469,5.184991065787294,2.483147003901175
2021-06-08,7.668138069688469,5.325430669075864,2.342707400612605
2021-06-09,7.668138069688469,5.1877187911033,2.4804192785851695
2021-06-10,7.668138069688469,5.791587380945619,1.8765506887428502
2021-06-11,7.668138069688469,5.763502252837817,1.9046358168506519
2021-06-12,7.668138069688469,7.579414792837434,0.08872327685103532
2021-06-13,7.668138069688469,6.138105273318457,1.530032796370012
2021-06-14,7.518376955103183,6.132459260309214,1.385917694793969
2021-06-15,7.518376955103183,6.691039741413144,0.827337213690039
2021-06-16,7.518376955103183,6.6830792264553605,0.8352977286478227
2021-06-17,7.518376955103183,6.642489894768731,0.8758870603344517
2021-06-18,7.518376955103183,7.081442631390445,0.4369343237127383
2021-06-19,7.518376955103183,7.564943183615146,-0.04656622851196257
2021-06-20,7.355737524513486,6.824835082949331,0.5309024415641552
2021-06-21,7.2001845342435375,6.698225009522339,0.5019595247211983
2021-06-22,6.992621610103784,6.547990047312589,0.4446315627911952
2021-06-23,6.75056150079584,6.576665173821188,0.17389632697465185
2021-06-24,6.501376616276851,7.330423141330936,-0.8290465250540846
2021-06-25,6.25234062930258,6.082092288359572,0.170248340943008
2021-06-26,6.002752081394015,6.850397189155892,-0.8476451077618767
2021-06-27,5.753778241127549,7.3642852099086245,-1.6105069687810758
2021-06-28,5.509087077473238,7.316251551263899,-1.8071644737906611
2021-06-29,5.28507611541978,7.367761934319962,-2.082685818900182
2021-06-30,5.060232567988016,7.297302572131333,-2.237070004143317
2021-07-01,4.825283692236129,7.347335477733217,-2.522051785497088
2021-07-02,4.573229432998533,5.938801491374276,-1.3655720583757436
2021-07-03,4.3159003037642245,5.864486777695366,-1.5485864739311417
2021-07-04,4.048289316260871,5.519510404401021,-1.4712210881401493
2021-07-05,3.7911848583739185,6.013746413835862,-2.2225615554619433
2021-07-06,3.541735921546859,5.803462472620565,-2.2617265510737057
2021-07-07,3.3025340145510187,5.567827266437468,-2.2652932518864493
2021-07-08,3.065296646634382,4.399778330412486,-1.3344816837781042
2021-07-09,2.819720993999552,4.108231579227345,-1.2885105852277934
2021-07-10,2.5673935939264996,3.162390567617209,-0.5949969736907095
2021-07-11,2.319864392632101,3.181855009531796,-0.8619906168996949
2021-07-12,2.082541685060957,3.1626590340601948,-1.080117348999238
2021-07-13,1.8552451198219393,2.3028899294785243,-0.44764480965658504
2021-07-14,1.637755382079946,2.124438649272965,-0.48668326719301924
2021-07-15,1.4287455001291396,2.0026669815098166,-0.573921481380677
2021-07-16,1.233249138573267,2.5984756362297445,-1.3652264976564776
2021-07-17,1.0657594065274603,3.670164329222945,-2.604404922695485
2021-07-18,0.9197534497711872,2.769145499174451,-1.8493920494032638
2021-07-19,0.9197534497711872,2.767859399547831,-1.8481059497766437
2021-07-20,0.9197534497711872,1.900968730311374,-0.9812152805401868
2021-07-21,0.9197534497711872,1.201915791736998,-0.2821623419658108
2021-07-22,0.9197534497711872,1.2859498478520075,-0.3661963980808203
2021-07-23,0.9197534497711872,1.2218601236347542,-0.30210667386356693
2021-07-24,0.9197534497711872,1.2220543794594756,-0.30230092968828837
2021-07-25,0.9197534497711872,1.2343269390297247,-0.31457348925853745
2021-07-26,0.9197534497711872,1.2604566609160568,-0.34070321114486957
2021-07-27,0.7675403967695124,1.3090367616165677,-0.5414963648470553
2021-07-28,0.6043317268064895,1.2849416030378067,-0.6806098762313172
2021-07-29,0.4406282817641716,1.2791877759392487,-0.8385594941750771
2021-07-30,0.28960257543206175,1.3951601920073038,-1.105557616575242
2021-07-31,0.14300286232214024,1.672289850074869,-1.5292869877527289
2021-08-01,0.0,1.4953591496242824,-1.4953591496242824
2021-08-02,0.0,1.049082122252885,-1.049082122252885
2021-08-03,0.0,1.0943847197622991,-1.0943847197622991
2021-08-04,0.0,1.2089516260417537,-1.2089516260417537
2021-08-05,0.0,1.1839707592835742,-1.1839707592835742
2021-08-06,0.0,0.9026136646777453,-0.9026136646777453
2021-08-07,0.0,0.6625939622570103,-0.6625939622570103
2021-08-08,0.0,0.45540191883705256,-0.45540191883705256
2021-08-09,0.0,0.6525388585446334,-0.6525388585446334
2021-08-10,0.0,0.8718777692811818,-0.8718777692811818
2021-08-11,0.0,0.5692500332295044,-0.5692500332295044
2021-08-12,0.0,0.5910546395091395,-0.5910546395091395
2021-08-13,0.0,0.36927174601989976,-0.36927174601989976
2021-08-14,0.0,0.19141685509792805,-0.19141685509792805
2021-08-15,0.0,0.13433368337199786,-0.13433368337199786
2021-08-16,0.0,0.08632989414071696,-0.08632989414071696
2021-08-17,0.0,0.04912483740152047,-0.04912483740152047
2021-08-18,0.0,0.05920115130738643,-0.05920115130738643
2021-08-19,0.0,0.06980566124630413,-0.06980566124630413
2021-08-20,0.0,0.08912341722140883,-0.08912341722140883
2021-08-21,0.0,0.08632706719822521,-0.08632706719822521
2021-08-22,0.0,0.06089225295160974,-0.06089225295160974
2021-08-23,0.0,0.012848018375005914,-0.012848018375005914
2021-08-24,0.0,0.027462655074389844,-0.027462655074389844
2021-08-25,0.0,0.05734958508711102,-0.05734958508711102
2021-08-26,0.0,0.06144889083653004,-0.06144889083653004
2021-08-27,0.0,0.06144889083653004,-0.06144889083653004
2021-08-28,0.0,0.024318066541849665,-0.024318066541849665
2021-08-29,0.0,0.0,0.0
2021-08-30,0.0,0.0,0.0
2021-08-31,0.0,0.0,0.0
2021-09-01,0.0,0.0,0.0
2021-09-02,0.0,0.0,0.0
2021-09-03,0.0,0.0,0.0
2021-09-04,0.0,0.0,0.0
2021-09-05,0.0,0.0,0.0
2021-09-06,0.0,0.0,0.0
2021-09-07,0.0,0.0,0.0
2021-09-08,0.0,0.0,0.0
2021-09-09,0.0,0.0,0.0
2021-09-10,0.0,0.0,0.0
2021-09-11,0.0,0.0,0.0
2021-09-12,0.0,0.0,0.0
2021-09-13,0.0,0.0,0.0
2021-09-14,0.0,0.0,0.0
2021-09-15,0.0,0.0,0.0
2021-09-16,0.0,0.0312087715140999,-0.0312087715140999
2021-09-17,0.0,0.015259915170780701,-0.015259915170780701
2021-09-18,0.0,0.03127723980454176,-0.03127723980454176
2021-09-19,0.0,0.03127723980454176,-0.03127723980454176
2021-09-20,0.0,0.024843762626903375,-0.024843762626903375
2021-09-21,0.0,0.0,0.0
2021-09-22,0.0,0.0,0.0
2021-09-23,0.0,0.0,0.0
2021-09-24,0.0,0.0,0.0
2021-09-25,0.0,0.0,0.0
2021-09-26,0.0,0.0,0.0
2021-09-27,0.0,0.0,0.0
2021-09-28,0.0,0.0,0.0
2021-09-29,0.0,0.0,0.0
2021-09-30,0.0,0.0,0.0
2021-10-01,0.0,0.0,0.0
2021-10-02,0.0,0.0,0.0
2021-10-03,0.0,0.0,0.0
2021-10-04,0.0,0.0,0.0
2021-10-05,0.0,0.0,0.0
2021-10-06,0.0,0.0,0.0
2021-10-07,0.0,0.0,0.0
2021-10-08,0.0,0.0,0.0
2021-10-09,0.0,0.0,0.0
2021-10-10,0.0,0.0,0.0
2021-10-11,0.0,0.0,0.0
2021-10-12,0.0,0.0,0.0
2021-10-13,0.0,0.0,0.0
2021-10-14,0.0,0.0,0.0
2021-10-15,0.0,0.0,0.0
2021-10-16,0.0,0.0,0.0
2021-10-17,0.0,0.0,0.0
2021-10-18,0.0,0.0,0.0
2021-10-19,0.0,0.0,0.0
2021-10-20,0.0,0.0,0.0
2021-10-21,0.0,0.0,0.0
2021-10-22,0.0,0.0,0.0
2021-10-23,0.0,0.0,0.0
2021-10-24,0.0,0.0,0.0
2021-10-25,0.0,0.0,0.0
2021-10-26,0.0,0.0,0.0
2021-10-27,0.0,0.024810623410248426,-0.024810623410248426
2021-10-28,0.0,0.003316435192852497,-0.003316435192852497
2021-10-29,0.0,0.010596723783189075,-0.010596723783189075
2021-10-30,0.0,0.0,0.0
2021-10-31,0.0,0.0,0.0
2021-11-01,0.0,0.0,0.0
2021-11-02,0.0,0.0,0.0
2021-11-03,0.0,0.0,0.0
2021-11-04,0.0,0.025991590187334743,-0.025991590187334743
2021-11-05,0.0,0.0,0.0
2021-11-06,0.0,0.0,0.0
2021-11-07,0.0,0.0,0.0
2021-11-08,0.0,0.0,0.0
2021-11-09,0.0,0.0,0.0
2021-11-10,0.0,0.0,0.0
2021-11-11,0.0,0.0,0.0
2021-11-12,0.0,0.0,0.0
2021-11-13,0.0,0.0,0.0
2021-11-14,0.0,0.0,0.0
2021-11-15,0.0,0.0,0.0
2021-11-16,0.0,0.0,0.0
2021-11-17,0.0,0.0,0.0
2021-11-18,0.0,0.0,0.0
2021-11-19,0.0,0.0,0.0
2021-11-20,0.0,0.00046682443501991355,-0.00046682443501991355
2021-11-21,0.0,0.0020307231142399685,-0.0020307231142399685
2021-11-22,0.0,0.00475347809815368,-0.00475347809815368
2021-11-23,0.0,0.0,0.0
2021-11-24,0.0,0.005310115983073975,-0.005310115983073975
2021-11-25,0.0,0.00040880568949213465,-0.00040880568949213465
2021-11-26,0.0,0.009113999086552776,-0.009113999086552776
2021-11-27,0.0,0.009113999086552776,-0.009113999086552776
2021-11-28,0.0,0.006751459990353806,-0.006751459990353806
2021-11-29,0.0,0.005357846270937509,-0.005357846270937509
2021-11-30,0.0,0.006813124461151328,-0.006813124461151328
2021-12-01,0.0,0.0,0.0
2021-12-02,0.0,0.0,0.0
2021-12-03,0.0,0.0,0.0
2021-12-04,0.0,0.0,0.0
2021-12-05,0.0,0.0,0.0
2021-12-06,0.0,0.0,0.0
2021-12-07,0.0,0.0,0.0
2021-12-08,0.0,0.0,0.0
2021-12-09,0.0,0.0,0.0
2021-12-10,0.0,0.0,0.0
2021-12-11,0.0,0.0,0.0
2021-12-12,0.0,0.0,0.0
2021-12-13,0.0,0.0,0.0
2021-12-14,0.0,0.0,0.0
2021-12-15,0.0,0.0010326975594651632,-0.0010326975594651632
2021-12-16,0.0,0.0010326975594651632,-0.0010326975594651632
2021-12-17,0.0,0.0,0.0
2021-12-18,0.0,0.0,0.0
2021-12-19,0.0,0.0,0.0
2021-12-20,0.0,0.0,0.0
2021-12-21,0.0,0.0,0.0
2021-12-22,0.0,0.0,0.0
2021-12-23,0.0,0.0,0.0
2021-12-24,0.0,0.0,0.0
2021-12-26,0.0,0.0,0.0
2021-12-27,0.0,0.0,0.0
2021-12-28,0.0,0.0,0.0
2021-12-29,0.0,0.0,0.0
2021-12-30,0.0,0.0,0.0
2021-12-31,0.0,0.0,0.0
2022-01-01,0.0,0.0,0.0
2022-01-02,0.0,0.00013274927939715497,-0.00013274927939715497
2022-01-03,0.0,0.00617505845226877,-0.00617505845226877
2022-01-04,0.0,0.00406138473763059,-0.00406138473763059
2022-01-05,0.0,0.003790889411161665,-0.003790889411161665
2022-01-06,0.0,0.009571518910396235,-0.009571518910396235
2022-01-07,0.0,0.011641652381780585,-0.011641652381780585
2022-01-08,0.0,0.0,0.0
2022-01-09,0.0,0.0,0.0
2022-01-10,0.0,0.0,0.0
2022-01-11,0.0,0.0,0.0
2022-01-12,0.0,0.0,0.0
2022-01-13,0.0,0.0,0.0
2022-01-14,0.0,8.272206879214434e-05,-8.272206879214434e-05
2022-01-15,0.0,0.001095463979837559,-0.001095463979837559
2022-01-16,0.0,0.04625235656153096,-0.04625235656153096
2022-01-17,0.0,0.07507513399354142,-0.07507513399354142
2022-01-18,0.0,0.08145763787515276,-0.08145763787515276
2022-01-19,0.0,0.08131473105457107,-0.08131473105457107
2022-01-20,0.0,0.08191909922735491,-0.08191909922735491
2022-01-21,0.0,0.047274376963799054,-0.047274376963799054
2022-01-22,0.0,0.05177543202318477,-0.05177543202318477
2022-01-23,0.0,0.1404793669568244,-0.1404793669568244
2022-01-24,0.0,0.13586380973075468,-0.13586380973075468
2022-01-25,0.0,0.13944581593352887,-0.13944581593352887
2022-01-26,0.0,0.1377044318115578,-0.1377044318115578
2022-01-27,0.0,0.13365125790024537,-0.13365125790024537
2022-01-28,0.0,0.13692138514104443,-0.13692138514104443
2022-01-29,0.0,0.13208839284966753,-0.13208839284966753
2022-01-30,0.0,0.15179180867726702,-0.15179180867726702
2022-01-31,0.0,0.138012180362539,-0.138012180362539
2022-02-01,0.0,0.0,0.0
2022-02-02,0.0,0.0,0.0
2022-02-03,0.0,0.0,0.0
2022-02-04,0.0,0.04869390045684872,-0.04869390045684872
2022-02-05,0.0,0.01245347186249306,-0.01245347186249306
2022-02-06,0.0,0.18836613359576262,-0.18836613359576262
2022-02-07,0.0,0.1802682127029874,-0.1802682127029874
2022-02-08,0.0,0.014662963160459874,-0.014662963160459874
2022-02-09,0.0,0.02375219741650735,-0.02375219741650735
2022-02-10,0.0,0.02141613870948628,-0.02141613870948628
2022-02-11,0.0,0.01491840390485492,-0.01491840390485492
2022-02-12,0.0,0.0,0.0
2022-02-13,0.0,0.000780494596066612,-0.000780494596066612
2022-02-14,0.0,0.0005862387713452229,-0.0005862387713452229
2022-02-15,0.0,0.0002562358113217812,-0.0002562358113217812
2022-02-16,0.0,0.0002562358113217812,-0.0002562358113217812
2022-02-17,0.0,0.0,0.0
2022-02-18,0.0,0.0002562358113217812,-0.0002562358113217812
2022-02-19,0.0,0.0,0.0
2022-02-20,0.0,0.0,0.0
2022-02-21,0.0,0.0,0.0
2022-02-22,0.0,0.0,0.0
2022-02-23,0.0,0.0,0.0
2022-02-24,0.0,0.0,0.0
2022-02-25,0.0,0.0,0.0
2022-02-26,0.0,0.0,0.0
2022-02-27,0.0,0.0,0.0
2022-02-28,0.0,0.0,0.0
2022-03-01,0.0,0.0,0.0
2022-03-02,0.0,0.0,0.0
2022-03-03,0.0,0.0,0.0
2022-03-04,0.0,0.0,0.0
2022-03-05,0.0,0.0,0.0
2022-03-06,0.0,0.0,0.0
2022-03-07,0.0,0.0,0.0
2022-03-08,0.0,0.0,0.0
2022-03-09,0.0,0.0,0.0
2022-03-10,0.0,0.0,0.0
2022-03-11,0.15324442456917658,0.0,0.15324442456917658
2022-03-12,0.33429038585495924,0.0,0.33429038585495924
2022-03-13,0.5479668156540239,0.0,0.5479668156540239
2022-03-14,0.7689856677126379,0.030716617584982557,0.7382690501276553
2022-03-15,0.9878284955698585,0.045113621550239166,0.9427148740196194
2022-03-16,1.2241238301609414,0.0,1.2241238301609414
2022-03-17,1.4758286262360332,0.0,1.4758286262360332
2022-03-18,1.7261765435058705,0.0,1.7261765435058705
2022-03-19,1.9652773776584647,0.0,1.9652773776584647
2022-03-20,2.1926668955321387,0.0,2.1926668955321387
2022-03-21,2.419967099941381,0.0,2.419967099941381
2022-03-22,2.6522707781947736,0.0,2.6522707781947736
2022-03-23,2.9057817054884896,0.0,2.9057817054884896
2022-03-24,3.1607953854139814,0.0,3.1607953854139814
2022-03-25,3.3601391596745245,0.07285583618735182,3.2872833234871726
2022-03-26,3.6350418127229953,0.0,3.6350418127229953
2022-03-27,3.9020607307412964,0.0,3.9020607307412964
2022-03-28,4.202425983482882,0.0,4.202425983482882
2022-03-29,4.5066779182482986,0.0116744754985732,4.495003442749725
2022-03-30,4.792251778638812,0.11852040192285954,4.673731376715953
2022-03-31,5.079250695744987,0.05294502736249506,5.026305668382492
2022-04-01,5.367411369414811,0.20235815139938887,5.165053218015422
2022-04-02,5.608218483164066,0.21348450377184072,5.3947339793922255
2022-04-03,5.8423525213992775,0.3310446574422221,5.511307863957056
2022-04-04,6.060055077695671,0.5246330027093152,5.535422074986356
2022-04-05,6.292327109293233,0.8188834805748997,5.473443628718334
2022-04-06,6.530197809327084,0.7489225450498171,5.781275264277267
2022-04-07,6.754669553909431,0.7907685431354715,5.963901010773959
2022-04-08,6.94502645888755,0.8326641509445419,6.112362307943008
2022-04-09,6.94502645888755,1.195305617520159,5.749720841367391
2022-04-10,6.94502645888755,2.4266913046392453,4.518335154248304
2022-04-11,6.94502645888755,3.06585203327877,3.8791744256087797
2022-04-12,6.94502645888755,2.6745802986494263,4.270446160238123
2022-04-13,6.94502645888755,2.6621968730021783,4.282829585885372
2022-04-14,6.94502645888755,2.7696132892335186,4.175413169654031
2022-04-15,6.94502645888755,2.7872268404052623,4.157799618482287
2022-04-16,6.94502645888755,2.927310653846549,4.017715805041
2022-04-17,6.94502645888755,3.2398782474537913,3.7051482114337584
2022-04-18,6.94502645888755,4.032561948134458,2.9124645107530913
2022-04-19,6.94502645888755,3.9635324591637953,2.9814939997237544
2022-04-20,6.94502645888755,3.9635324591637953,2.9814939997237544
2022-04-21,6.94502645888755,3.942912030501035,3.002114428386515
2022-04-22,6.94502645888755,4.115481446433351,2.829545012454199
2022-04-23,6.94502645888755,3.96156207399563,2.98346438489192
2022-04-24,6.94502645888755,3.6838475030767004,3.2611789558108493
2022-04-25,6.94502645888755,5.356917148957204,1.5881093099303456
2022-04-26,6.94502645888755,5.275843278647186,1.6691831802403634
2022-04-27,6.94502645888755,5.774004972618754,1.1710214862687955
2022-04-28,6.94502645888755,6.5133010903187545,0.4317253685687952
2022-04-29,6.94502645888755,6.89174194258284,0.05328451630470976
2022-04-30,6.94502645888755,6.459826470434714,0.48519998845283574
2022-05-01,6.94502645888755,6.555346341104533,0.3896801177830165
2022-05-02,6.94502645888755,6.292442715180346,0.6525837437072033
2022-05-03,6.94502645888755,6.031373510618051,0.9136529482694984
2022-05-04,6.94502645888755,5.512320735218686,1.4327057236688638
2022-05-05,6.94502645888755,6.1849530129874255,0.7600734459001242
2022-05-06,6.94502645888755,6.125403457513851,0.8196230013736985
2022-05-07,6.94502645888755,5.975196520223594,0.9698299386639553
2022-05-08,6.94502645888755,6.083960551074668,0.8610659078128817
2022-05-09,6.94502645888755,5.711913725426452,1.2331127334610974
2022-05-10,6.94502645888755,5.685581742461202,1.2594447164263478
2022-05-11,6.94502645888755,5.298187158559747,1.6468393003278026
2022-05-12,6.94502645888755,5.731756599670175,1.213269859217375
2022-05-13,6.94502645888755,5.6846697852628205,1.2603566736247291
2022-05-14,6.94502645888755,5.961713308423134,0.9833131504644159
2022-05-15,6.94502645888755,5.72624499333376,1.21878146555379
2022-05-16,6.94502645888755,5.5652199271268055,1.3798065317607442
2022-05-17,6.94502645888755,5.551108295504288,1.3939181633832618
2022-05-18,6.94502645888755,5.552653625861915,1.392372833025635
2022-05-19,6.94502645888755,5.352798894606934,1.5922275642806154
2022-05-20,6.94502645888755,5.315906915572499,1.629119543315051
2022-05-21,6.94502645888755,5.113569911399513,1.8314565474880364
2022-05-22,6.94502645888755,4.9999184617144214,1.9451079971731282
2022-05-23,6.94502645888755,5.209074790547131,1.7359516683404186
2022-05-24,6.94502645888755,5.21941895563029,1.72560750325726
2022-05-25,6.94502645888755,5.260742430864747,1.6842840280228026
2022-05-26,6.94502645888755,5.063301222779498,1.8817252361080516
2022-05-27,6.94502645888755,5.268938754507635,1.6760877043799143
2022-05-28,6.94502645888755,4.8636108599275065,2.081415598960043
2022-05-29,6.94502645888755,4.917594886872528,2.027431572015022
2022-05-30,6.94502645888755,5.082863175919225,1.862163282968325
2022-05-31,6.94502645888755,5.372950255180917,1.572076203706633
2022-06-01,6.94502645888755,5.236646964482953,1.7083794944045962
2022-06-02,6.94502645888755,4.89766421739211,2.0473622414954393
2022-06-03,6.7917820343183735,4.712532090544286,2.0792499437740872
2022-06-04,6.610736073032591,4.1842539370607845,2.4264821359718063
2022-06-05,6.3970596432335265,4.076356042065059,2.320703601168468
2022-06-06,6.176040791174913,4.173891443839537,2.0021493473353758
2022-06-07,5.957197963317691,3.6804128744994364,2.276785088818255
2022-06-08,5.720902628726608,3.641492525722492,2.079410103004116
2022-06-09,5.469197832651517,3.5779584979942807,1.8912393346572363
2022-06-10,5.21884991538168,3.3779557889892176,1.8408941263924627
2022-06-11,4.979749081229086,3.026890888841231,1.9528581923878545
2022-06-12,4.752359563355411,3.0486336636124016,1.7037258997430098
2022-06-13,4.5250593589461685,2.9685915768475337,1.5564677820986348
2022-06-14,4.2927556806927765,3.0091414470756717,1.2836142336171048
2022-06-15,4.0392447533990605,2.7158016146908515,1.323443138708209
2022-06-16,3.7842310734735682,2.6938682769848423,1.090362796488726
2022-06-17,3.5848872992130256,2.422342046039329,1.1625452531736968
2022-06-18,3.309984646164555,2.136148133469194,1.173836512695361
2022-06-19,3.0429657281462537,2.0071784095912784,1.0357873185549753
2022-06-20,2.7426004754046684,1.8797543975366673,0.8628460778680012
2022-06-21,2.438348540639251,1.596323568210859,0.8420249724283921
2022-06-22,2.1527746802487386,1.3435139747062164,0.8092607055425223
2022-06-23,1.8657757631425638,1.263332089899716,0.6024436732428478
2022-06-24,1.5776150894727385,1.2865790456013007,0.2910360438714379
2022-06-25,1.336807975723484,1.242709076185381,0.09409889953810313
2022-06-26,1.102673937488272,0.8606441748590712,0.24202976262920073
2022-06-27,0.8849713811918782,0.9007823579653029,-0.01581097677342469
2022-06-28,0.6526993495943171,1.029079878548437,-0.3763805289541199
2022-06-29,0.41482864956046683,0.8057868911833547,-0.39095824162288784
2022-06-30,0.19035690497811839,0.7478066072660882,-0.5574497022879698
2022-07-01,0.0,0.8730872813844872,-0.8730872813844872
2022-07-02,0.0,0.8973676950588177,-0.8973676950588177
2022-07-03,0.0,0.9575569357439697,-0.9575569357439697
2022-07-04,0.0,0.8833673380642212,-0.8833673380642212
2022-07-05,0.0,0.8989145699739318,-0.8989145699739318
2022-07-06,0.0,0.8959693137201126,-0.8959693137201126
2022-07-07,0.0,1.0363586566533622,-1.0363586566533622
2022-07-08,0.0,1.1030490541765874,-1.1030490541765874
2022-07-09,0.0,0.9318239870687945,-0.9318239870687945
2022-07-10,0.0,0.7942335680979697,-0.7942335680979697
2022-07-11,0.0,0.7859718676616316,-0.7859718676616316
2022-07-12,0.0,0.7392011446521352,-0.7392011446521352
2022-07-13,0.0,0.7076707348504544,-0.7076707348504544
2022-07-14,0.0,0.6699750703827024,-0.6699750703827024
2022-07-15,0.0,0.6454851435240248,-0.6454851435240248
2022-07-16,0.0,0.5648663706747695,-0.5648663706747695
2022-07-17,0.0,0.5704871045445781,-0.5704871045445781
2022-07-18,0.0,0.44982655104743263,-0.44982655104743263
2022-07-19,0.0,0.36837602408540243,-0.36837602408540243
2022-07-20,0.0,0.3789451796371469,-0.3789451796371469
2022-07-21,0.0,0.357787594440246,-0.357787594440246
2022-07-22,0.0,0.28767861316218063,-0.28767861316218063
2022-07-23,0.0,0.42958193887901636,-0.42958193887901636
2022-07-24,0.0,0.4340174897613554,-0.4340174897613554
2022-07-25,0.0,0.4340174897613554,-0.4340174897613554
2022-07-26,0.0,0.2621454405672354,-0.2621454405672354
2022-07-27,0.0,0.27216538434566684,-0.27216538434566684
2022-07-28,0.0,0.09155422896717293,-0.09155422896717293
2022-07-29,0.0,0.295068752984247,-0.295068752984247
2022-07-30,0.0,0.07337417537561983,-0.07337417537561983
2022-07-31,0.0,0.12366594675690504,-0.12366594675690504
2022-08-01,0.0,0.2861373366385094,-0.2861373366385094
2022-08-02,0.0,0.06437898097740599,-0.06437898097740599
2022-08-03,0.0,0.03356019396959217,-0.03356019396959217
2022-08-04,0.0,0.010262522243910803,-0.010262522243910803
2022-08-05,0.0,0.009795679138706203,-0.009795679138706203
2022-08-06,0.0,0.010262522243910803,-0.010262522243910803
2022-08-07,0.0,0.010262522243910803,-0.010262522243910803
2022-08-08,0.0,0.0,0.0
2022-08-09,0.0,0.0,0.0
2022-08-10,0.0,0.0,0.0
2022-08-11,0.0,0.0,0.0
2022-08-12,0.0,0.11308568081778547,-0.11308568081778547
2022-08-13,0.0,0.0,0.0
2022-08-14,0.0,0.0,0.0
2022-08-15,0.0,0.0,0.0
2022-08-16,0.0,0.0,0.0
2022-08-17,0.0,0.0,0.0
2022-08-18,0.0,0.0,0.0
2022-08-19,0.0,0.0,0.0
2022-08-20,0.0,0.0,0.0
2022-08-21,0.0,0.0,0.0
2022-08-22,0.0,0.0,0.0
2022-08-23,0.0,0.0,0.0
2022-08-24,0.0,0.0,0.0
2022-08-25,0.0,0.0,0.0
2022-08-26,0.0,0.0,0.0
2022-08-27,0.0,0.0,0.0
2022-08-28,0.0,0.0026710387742284,-0.0026710387742284
2022-08-29,0.0,0.006617471538415066,-0.006617471538415066
2022-08-30,0.0,0.008887921789411475,-0.008887921789411475
2022-08-31,0.0,0.02033070480869376,-0.02033070480869376
2022-09-01,0.0,0.0,0.0
2022-09-02,0.0,0.0,0.0
2022-09-03,0.0,0.0,0.0
2022-09-04,0.0,0.0,0.0
2022-09-05,0.0,0.0,0.0
2022-09-06,0.0,0.0061268493109570945,-0.0061268493109570945
2022-09-07,0.0,0.002370696495341826,-0.002370696495341826
2022-09-08,0.0,0.011800099463514504,-0.011800099463514504
2022-09-09,0.0,0.0,0.0
2022-09-10,0.0,0.0,0.0
2022-09-11,0.0,0.0,0.0
2022-09-12,0.0,0.042488235515343725,-0.042488235515343725
2022-09-13,0.0,0.0448401269321586,-0.0448401269321586
2022-09-14,0.0,0.06548867036476987,-0.06548867036476987
2022-09-15,0.0,0.05502024704921237,-0.05502024704921237
2022-09-16,0.0,0.09123877254178396,-0.09123877254178396
2022-09-17,0.0,0.026021107579392865,-0.026021107579392865
2022-09-18,0.0,0.06218513650185481,-0.06218513650185481
2022-09-19,0.0,0.013036809154251348,-0.013036809154251348
2022-09-20,0.0,0.008663554281839191,-0.008663554281839191
2022-09-21,0.0,0.02063816695819387,-0.02063816695819387
2022-09-22,0.0,0.009220192166759485,-0.009220192166759485
2022-09-23,0.0,0.014303792010425411,-0.014303792010425411
2022-09-24,0.0,0.018422178595092584,-0.018422178595092584
2022-09-25,0.0,0.0029117522666277213,-0.0029117522666277213
2022-09-26,0.0,0.0,0.0
2022-09-27,0.0,0.0,0.0
2022-09-28,0.0,0.0,0.0
2022-09-29,0.0,0.0,0.0
2022-09-30,0.0,0.0,0.0
2022-10-01,0.0,0.0,0.0
2022-10-02,0.0,0.016986955158752953,-0.016986955158752953
2022-10-03,0.0,0.016969302449101942,-0.016969302449101942
2022-10-04,0.0,0.003399471656026359,-0.003399471656026359
2022-10-05,0.0,0.0018799495031054125,-0.0018799495031054125
2022-10-06,0.0,0.00394232430992007,-0.00394232430992007
2022-10-07,0.0,0.005055916296592168,-0.005055916296592168
2022-10-08,0.0,0.0003579035964780124,-0.0003579035964780124
2022-10-09,0.0,0.002531199740705265,-0.002531199740705265
2022-10-10,0.0,0.0030878376256255604,-0.0030878376256255604
2022-10-11,0.0,0.006723125315276827,-0.006723125315276827
2022-10-12,0.0,0.006723125315276827,-0.006723125315276827
2022-10-13,0.0,0.006723125315276827,-0.006723125315276827
2022-10-14,0.0,0.006723125315276827,-0.006723125315276827
2022-10-15,0.0,0.006241209092299885,-0.006241209092299885
2022-10-16,0.0,0.010553999792835448,-0.010553999792835448
2022-10-17,0.0,0.009964599011445962,-0.009964599011445962
2022-10-18,0.0,0.007279763200197123,-0.007279763200197123
2022-10-19,0.0,0.010553999792835448,-0.010553999792835448
2022-10-20,0.0,0.010553999792835448,-0.010553999792835448
2022-10-21,0.0,0.00679784697722018,-0.00679784697722018
2022-10-22,0.0,0.0061934788044363505,-0.0061934788044363505
2022-10-23,0.0,0.0061934788044363505,-0.0061934788044363505
2022-10-24,0.0,0.005636840919516055,-0.005636840919516055
2022-10-25,0.0,0.002362604326877729,-0.002362604326877729
2022-10-26,0.0,0.0,0.0
2022-10-27,0.0,0.003925164280511844,-0.003925164280511844
2022-10-28,0.0,0.004500276225931839,-0.004500276225931839
2022-10-29,0.0,0.009113999086552776,-0.009113999086552776
2022-10-30,0.0,0.007325465058533311,-0.007325465058533311
2022-10-31,0.0,0.0,0.0
2022-11-01,0.0,0.0,0.0
2022-11-02,0.0,0.0,0.0
2022-11-03,0.0,0.0,0.0
2022-11-04,0.0,0.00293994427929414,-0.00293994427929414
2022-11-05,0.0,0.00293994427929414,-0.00293994427929414
2022-11-06,0.0,0.0,0.0
2022-11-07,0.0,0.0,0.0
2022-11-08,0.0,0.0,0.0
2022-11-09,0.0,0.02579533016693078,-0.02579533016693078
2022-11-10,0.0,0.01308525037463475,-0.01308525037463475
2022-11-11,0.0,0.0,0.0
2022-11-12,0.0,0.0,0.0
2022-11-13,0.0,0.0037128533365535722,-0.0037128533365535722
2022-11-14,0.0,0.0018030063133871448,-0.0018030063133871448
2022-11-15,0.0,0.0,0.0
2022-11-16,0.0,0.0,0.0
2022-11-17,0.0,0.0,0.0
2022-11-18,0.0,0.0,0.0
2022-11-19,0.0,0.0,0.0
2022-11-20,0.0,0.00046682443501991355,-0.00046682443501991355
2022-11-21,0.0,0.0009025971939762069,-0.0009025971939762069
2022-11-22,0.0,0.0005707159813384461,-0.0005707159813384461
2022-11-23,0.0,0.0,0.0
2022-11-24,0.0,0.0,0.0
2022-11-25,0.0,0.0,0.0
2022-11-26,0.0,0.0,0.0
2022-11-27,0.0,0.0014792415055153538,-0.0014792415055153538
2022-11-28,0.0,0.037988066817951895,-0.037988066817951895
2022-11-29,0.0,0.00475347809815368,-0.00475347809815368
2022-11-30,0.0,0.0009925963398507089,-0.0009925963398507089
2022-12-01,0.0,0.0,0.0
2022-12-02,0.0,0.0,0.0
2022-12-03,0.0,0.0,0.0
2022-12-04,0.0,0.0,0.0
2022-12-05,0.0,0.0,0.0
2022-12-06,0.0,0.0024628218561749465,-0.0024628218561749465
2022-12-07,0.0,0.0019113402474503329,-0.0019113402474503329
2022-12-08,0.0,0.0028147094954315602,-0.0028147094954315602
2022-12-09,0.0,0.0,0.0
2022-12-10,0.0,0.0,0.0
2022-12-11,0.0,0.0,0.0
2022-12-12,0.0,0.0,0.0
2022-12-13,0.0,0.0,0.0
2022-12-14,0.0,0.0018215454677346396,-0.0018215454677346396
2022-12-15,0.0,0.0,0.0
2022-12-16,0.0,0.0,0.0
2022-12-17,0.0,0.0,0.0
2022-12-18,0.0,0.0,0.0
2022-12-19,0.0,0.0019516458332235957,-0.0019516458332235957
2022-12-20,0.0,0.0,0.0
2022-12-21,0.0,0.0,0.0
2022-12-22,0.0,0.0,0.0
2022-12-23,0.0,0.0,0.0
2022-12-24,0.0,0.0,0.0
2022-12-26,0.0,0.0019516458332235957,-0.0019516458332235957
2022-12-27,0.0,0.0019516458332235957,-0.0019516458332235957
2022-12-28,0.0,0.0,0.0
2022-12-29,0.0,0.0,0.0
2022-12-30,0.0,0.0,0.0
2022-12-31,0.0,0.0,0.0
2023-01-01,0.0,0.0,0.0
2023-01-02,0.0,0.0,0.0
2023-01-03,0.0,0.0014492664723586915,-0.0014492664723586915
2023-01-04,0.0,0.0,0.0
2023-01-05,0.0,0.0,0.0
2023-01-06,0.0,0.001305710047134629,-0.001305710047134629
2023-01-07,0.0,0.002372729307272039,-0.002372729307272039
2023-01-08,0.0,0.0,0.0
2023-01-09,0.0,0.0,0.0
2023-01-10,0.0,0.0,0.0
2023-01-11,0.0,0.0,0.0
2023-01-12,0.0,0.0,0.0
2023-01-13,0.0,0.0,0.0
2023-01-14,0.0,0.0,0.0
2023-01-15,0.0,0.0,0.0
2023-01-16,0.0,0.0,0.0
2023-01-17,0.0,0.0,0.0
2023-01-18,0.0,0.0,0.0
2023-01-19,0.0,0.0,0.0
2023-01-20,0.0,0.0,0.0
2023-01-21,0.0,0.0,0.0
2023-01-22,0.0,0.0,0.0
2023-01-23,0.0,0.0,0.0
2023-01-24,0.0,0.0,0.0
2023-01-25,0.0,0.0,0.0
2023-01-26,0.0,0.0,0.0
2023-01-27,0.0,0.0,0.0
2023-01-28,0.0,0.0,0.0
2023-01-29,0.0,0.0,0.0
2023-01-30,0.0,0.0,0.0
2023-01-31,0.0,0.0,0.0
2023-02-01,0.0,0.0,0.0
2023-02-02,0.0,0.0,0.0
2023-02-03,0.0,0.0,0.0
2023-02-04,0.0,0.0,0.0
2023-02-05,0.0,0.0,0.0
2023-02-06,0.0,0.0,0.0
2023-02-07,0.0,0.0,0.0
2023-02-08,0.0,0.0,0.0
2023-02-09,0.0,0.0,0.0
2023-02-10,0.0,0.0,0.0
2023-02-11,0.0,0.0,0.0
2023-02-12,0.0,0.0,0.0
2023-02-13,0.0,0.0,0.0
2023-02-14,0.0,0.0,0.0
2023-02-15,0.0,0.0,0.0
2023-02-16,0.0,0.0,0.0
2023-02-17,0.0,0.0,0.0
2023-02-18,0.0,0.0,0.0
2023-02-19,0.0,0.0,0.0
2023-02-20,0.0,0.0,0.0
2023-02-21,0.0,0.0,0.0
2023-02-22,0.0,0.0,0.0
2023-02-23,0.0,0.0,0.0
2023-02-24,0.0,0.0,0.0
2023-02-25,0.0,0.0,0.0
2023-02-26,0.0,0.0,0.0
2023-02-27,0.0,0.0,0.0
2023-02-28,0.0,0.0,0.0
2023-03-01,0.0,0.0,0.0
2023-03-02,0.0,0.0,0.0
2023-03-03,0.0,0.0,0.0
2023-03-04,0.0,0.0,0.0
2023-03-05,0.0,0.0,0.0
2023-03-06,0.0,0.0,0.0
2023-03-07,0.0,0.0,0.0
2023-03-08,0.0,0.0,0.0
2023-03-09,0.0,0.0,0.0
2023-03-10,0.0,0.0,0.0
2023-03-11,0.0,0.0,0.0
2023-03-12,0.0,0.016783000873988544,-0.016783000873988544
2023-03-13,0.0,0.0,0.0
2023-03-14,0.0,0.0,0.0
2023-03-15,0.0,0.0,0.0
2023-03-16,0.14327078391868042,0.009423382300445008,0.1338474016182354
2023-03-17,0.2961250397612858,0.0,0.2961250397612858
2023-03-18,0.47125455683028455,0.0,0.47125455683028455
2023-03-19,0.6644384215955716,0.0,0.6644384215955716
2023-03-20,0.8514416457272327,0.0,0.8514416457272327
2023-03-21,1.0282158262666934,0.0,1.0282158262666934
2023-03-22,1.2113349885318934,0.0,1.2113349885318934
2023-03-23,1.4096318252134477,0.0,1.4096318252134477
2023-03-24,1.6222408178373477,0.011696061668895072,1.6105447561684527
2023-03-25,1.8446175654357428,0.05285909757432751,1.7917584678614153
2023-03-26,2.0572069458992686,0.05919064442283696,1.9980163014764316
2023-03-27,2.2754972025691216,0.06588602338070665,2.209611179188415
2023-03-28,2.488684515688962,0.08712178797774939,2.4015627277112124
2023-03-29,2.703356315243211,0.22183923330100197,2.4815170819422088
2023-03-30,2.9365167116604654,0.16068629912110233,2.775830412539363
2023-03-31,3.162884035066735,0.131502705243074,3.031381329823661
2023-04-01,3.392108655976267,0.07124543745411634,3.3208632185221507
2023-04-02,3.6085259244176955,0.5825451999488025,3.025980724468893
2023-04-03,3.8117616873743025,0.6035533311296049,3.2082083562446977
2023-04-04,4.005309740015251,0.5107179563942857,3.4945917836209657
2023-04-05,4.208575683193785,0.7818533353493656,3.4267223478444193
2023-04-06,4.407455163915121,0.9825931057783065,3.4248620581368145
2023-04-07,4.627307554234742,1.0286034463636893,3.598704107871052
2023-04-08,4.857255697909102,0.9979530048977746,3.859302693011328
2023-04-09,5.097017192986743,1.1527538023743151,3.944263390612428
2023-04-10,5.285708881071157,1.3128228174553596,3.9728860636157974
2023-04-11,5.285708881071157,1.4972400317774743,3.7884688492936824
2023-04-12,5.43269714467565,1.7946429258868666,3.638054218788784
2023-04-13,5.43269714467565,2.314904265764143,3.1177928789115072
2023-04-14,5.43269714467565,2.2158092221843053,3.216887922491345
2023-04-15,5.43269714467565,2.782224100070468,2.650473044605182
2023-04-16,5.43269714467565,2.9102162736314914,2.522480871044159
2023-04-17,5.43269714467565,2.7470103894859492,2.685686755189701
2023-04-18,5.43269714467565,3.078614774338956,2.354082370336694
2023-04-19,5.43269714467565,3.1531580844259874,2.279539060249663
2023-04-20,5.43269714467565,2.984474680809979,2.448222463865671
2023-04-21,5.43269714467565,2.9820660501407166,2.4506310945349337
2023-04-22,5.43269714467565,2.828415967427036,2.6042811772486143
2023-04-23,5.43269714467565,3.2948363738313935,2.1378607708442567
2023-04-24,5.43269714467565,3.1454029148370495,2.2872942298386008
2023-04-25,5.43269714467565,3.1856657172247274,2.247031427450923
2023-04-26,5.43269714467565,3.2016296606391665,2.2310674840364837
2023-04-27,5.43269714467565,3.1545592939807467,2.2781378506949035
2023-04-28,5.43269714467565,3.3149650584665755,2.1177320862090747
2023-04-29,5.43269714467565,3.3877524411654627,2.0449447035101875
2023-04-30,5.43269714467565,4.637659815440756,0.7950373292348942
2023-05-01,5.43269714467565,4.656311455626243,0.7763856890494072
2023-05-02,5.43269714467565,4.73417530566537,0.6985218390102803
2023-05-03,5.43269714467565,4.503566053547543,0.9291310911281077
2023-05-04,5.43269714467565,4.51972000154295,0.9129771431327001
2023-05-05,5.43269714467565,4.62586973491779,0.8068274097578598
2023-05-06,5.43269714467565,4.60075889575319,0.8319382489224605
2023-05-07,5.43269714467565,4.959399345296523,0.47329779937912697
2023-05-08,5.43269714467565,7.504338979677044,-2.071641835001394
2023-05-09,5.43269714467565,7.626322723197304,-2.1936255785216536
2023-05-10,5.43269714467565,7.151801083513857,-1.7191039388382068
2023-05-11,5.43269714467565,6.266697597856526,-0.8340004531808756
2023-05-12,5.43269714467565,5.063998250490359,0.36869889418529134
2023-05-13,5.43269714467565,4.590620893022052,0.842076251653598
2023-05-14,5.43269714467565,6.429135736214131,-0.9964385915384808
2023-05-15,5.43269714467565,6.811660984513224,-1.3789638398375734
2023-05-16,5.43269714467565,6.895968088062208,-1.4632709433865578
2023-05-17,5.43269714467565,5.76732069359711,-0.33462354892145996
2023-05-18,5.43269714467565,5.645124525353068,-0.2124273806774175
2023-05-19,5.43269714467565,5.220678312942134,0.21201883173351632
2023-05-20,5.43269714467565,5.209428772749917,0.2232683719257329
2023-05-21,5.43269714467565,5.842872033065279,-0.410174888389629
2023-05-22,5.43269714467565,5.858121593243909,-0.42542444856825856
2023-05-23,5.43269714467565,5.929301994572069,-0.4966048498964186
2023-05-24,5.43269714467565,5.350208881320294,0.08248826335535586
2023-05-25,5.43269714467565,4.889649076996744,0.5430480676789067
2023-05-26,5.43269714467565,5.337853496183685,0.09484364849196503
2023-05-27,5.43269714467565,4.876157534826644,0.5565396098490059
2023-05-28,5.43269714467565,4.816025929089515,0.6166712155861349
2023-05-29,5.43269714467565,4.817535558915706,0.6151615857599442
2023-05-30,5.43269714467565,4.783354927899248,0.649342216776402
2023-05-31,5.43269714467565,4.663321624551704,0.7693755201239458
2023-06-01,5.43269714467565,4.759494567422022,0.6732025772536279
2023-06-02,5.43269714467565,4.674981211138649,0.7577159335370016
2023-06-03,5.43269714467565,4.492304381791748,0.940392762883902
2023-06-04,5.43269714467565,4.321979978409428,1.1107171662662223
2023-06-05,5.43269714467565,4.480852366120915,0.9518447785547348
2023-06-06,5.43269714467565,4.072186344606671,1.3605108000689796
2023-06-07,5.43269714467565,3.833063994378988,1.599633150296662
2023-06-08,5.28942636075697,4.038130611022047,1.2512957497349229
2023-06-09,5.1365721049143644,3.5798222846140777,1.5567498203002867
2023-06-10,4.961442587845366,3.6656973426799135,1.2957452451654525
2023-06-11,4.768258723080079,2.47448083244312,2.293777890636959
2023-06-12,4.581255498948417,2.427459798336021,2.1537957006123962
2023-06-13,4.404481318408957,2.3360184712472924,2.068462847161664
2023-06-14,4.221362156143757,2.5423071473639505,1.6790550087798062
2023-06-15,4.023065319462202,2.4416999710339944,1.581365348428208
2023-06-16,3.8104563268383025,2.4740649050010406,1.336391421837262
2023-06-17,3.588079579239907,2.451575905001868,1.136503674238039
2023-06-18,3.3754901987763817,2.441743659431523,0.9337465393448587
2023-06-19,3.1571999421065287,2.0297271747350125,1.1274727673715161
2023-06-20,2.9440126289866884,2.3303926580189227,0.6136199709677657
2023-06-21,2.7293408294324393,1.9855797412819547,0.7437610881504846
2023-06-22,2.496180433015185,1.9994113103932265,0.4967691226219584
2023-06-23,2.2698131096089154,1.983168887534437,0.28664422207447826
2023-06-24,2.0405884886993833,1.9592654434241634,0.08132304527521983
2023-06-25,1.8241712202579545,1.8783598190305555,-0.05418859877260096
2023-06-26,1.620935457301348,1.7173176738973213,-0.09638221659597335
2023-06-27,1.4273874046603987,1.515105817070109,-0.08771841240971034
2023-06-28,1.224121461481865,1.5878852571875333,-0.3637637957056683
2023-06-29,1.0252419807605295,1.361783084823259,-0.3365411040627295
2023-06-30,0.8053895904409083,1.0844622892436524,-0.2790726988027441
2023-07-01,0.5754414467665485,0.9229998701026159,-0.34755842333606735
2023-07-02,0.3356799516889067,0.8328492959451395,-0.49716934425623277
2023-07-03,0.146988263604493,0.43776099712329514,-0.2907727335188022
2023-07-04,0.146988263604493,0.4953641264383408,-0.3483758628338478
2023-07-05,0.0,0.45002121737969314,-0.45002121737969314
2023-07-06,0.0,0.40335999104636894,-0.40335999104636894
2023-07-07,0.0,0.41210619281148003,-0.41210619281148003
2023-07-08,0.0,0.29017692791256144,-0.29017692791256144
2023-07-09,0.0,0.11484251453683325,-0.11484251453683325
2023-07-10,0.0,0.13081248804298404,-0.13081248804298404
2023-07-11,0.0,0.13081248804298404,-0.13081248804298404
2023-07-12,0.0,0.28140861410259105,-0.28140861410259105
2023-07-13,0.0,0.8233028224940142,-0.8233028224940142
2023-07-14,0.0,0.9354545452978037,-0.9354545452978037
2023-07-15,0.0,0.5300297680882936,-0.5300297680882936
2023-07-16,0.0,0.012616435642526692,-0.012616435642526692
2023-07-17,0.0,0.032086529635525114,-0.032086529635525114
2023-07-18,0.0,0.032086529635525114,-0.032086529635525114
2023-07-19,0.0,0.032086529635525114,-0.032086529635525114
2023-07-20,0.0,0.021190934041000472,-0.021190934041000472
2023-07-21,0.0,0.05842781399576181,-0.05842781399576181
2023-07-22,0.0,0.05312049768492951,-0.05312049768492951
2023-07-23,0.0,0.05893862832213373,-0.05893862832213373
2023-07-24,0.0,0.0666573589180552,-0.0666573589180552
2023-07-25,0.0,0.0666573589180552,-0.0666573589180552
2023-07-26,0.0,0.09318307147120147,-0.09318307147120147
2023-07-27,0.0,0.14928389983645216,-0.14928389983645216
2023-07-28,0.0,0.12674971401454974,-0.12674971401454974
2023-07-29,0.0,0.19386651762509166,-0.19386651762509166
2023-07-30,0.0,0.2408276037776113,-0.2408276037776113
2023-07-31,0.0,0.24574866556352545,-0.24574866556352545
2023-08-01,0.0,0.18884898445503023,-0.18884898445503023
2023-08-02,0.0,0.12261476291458433,-0.12261476291458433
2023-08-03,0.0,0.12261476291458433,-0.12261476291458433
2023-08-04,0.0,0.08966722751776449,-0.08966722751776449
2023-08-05,0.0,0.07005741406131182,-0.07005741406131182
2023-08-06,0.0,0.05009764551826043,-0.05009764551826043
2023-08-07,0.0,0.07022078820626318,-0.07022078820626318
2023-08-08,0.0,0.0,0.0
2023-08-09,0.0,0.02075355947261355,-0.02075355947261355
2023-08-10,0.0,0.014712347349985486,-0.014712347349985486
2023-08-11,0.0,0.008615460685108283,-0.008615460685108283
2023-08-12,0.0,0.008452086540156918,-0.008452086540156918
2023-08-13,0.0,0.0,0.0
2023-08-14,0.0,0.012029541766357612,-0.012029541766357612
2023-08-15,0.0,0.05778542837133236,-0.05778542837133236
2023-08-16,0.0,0.03247788235541738,-0.03247788235541738
2023-08-17,0.0,0.0,0.0
2023-08-18,0.0,0.0,0.0
2023-08-19,0.0,0.021691377980420656,-0.021691377980420656
2023-08-20,0.0,0.0,0.0
2023-08-21,0.0,0.0,0.0
2023-08-22,0.0,0.0,0.0
2023-08-23,0.0,0.0,0.0
2023-08-24,0.0,0.0,0.0
2023-08-25,0.0,0.0,0.0
2023-08-26,0.0,0.17454409744999505,-0.17454409744999505
2023-08-27,0.0,0.1591798380248612,-0.1591798380248612
2023-08-28,0.0,0.20860537393945086,-0.20860537393945086
2023-08-29,0.0,0.0,0.0
2023-08-30,0.0,0.04734480108267745,-0.04734480108267745
2023-08-31,0.0,0.06051525958289479,-0.06051525958289479
2023-09-01,0.0,0.03922881810581591,-0.03922881810581591
2023-09-02,0.0,0.053102047045525944,-0.053102047045525944
2023-09-03,0.0,0.09358978233387764,-0.09358978233387764
2023-09-04,0.0,0.09307510458595775,-0.09307510458595775
2023-09-05,0.0,0.02615596077935443,-0.02615596077935443
2023-09-06,0.0,0.029003701377125487,-0.029003701377125487
2023-09-07,0.0,0.05886281557110362,-0.05886281557110362
2023-09-08,0.0,0.020270152500287044,-0.020270152500287044
2023-09-09,0.0,0.05167807940717294,-0.05167807940717294
2023-09-10,0.0,0.09126852652901832,-0.09126852652901832
2023-09-11,0.0,0.0904637456100575,-0.0904637456100575
2023-09-12,0.0,0.10062038445266006,-0.10062038445266006
2023-09-13,0.0,0.09579291600420459,-0.09579291600420459
2023-09-14,0.0,0.09634955388912489,-0.09634955388912489
2023-09-15,0.0,0.09634955388912489,-0.09634955388912489
2023-09-16,0.0,0.09634955388912489,-0.09634955388912489
2023-09-17,0.0,0.08830389913240938,-0.08830389913240938
2023-09-18,0.0,0.08830389913240938,-0.08830389913240938
2023-09-19,0.0,0.09574189921279114,-0.09574189921279114
2023-09-20,0.0,0.058264426409237784,-0.058264426409237784
2023-09-21,0.0,0.0605348766602342,-0.0605348766602342
2023-09-22,0.0,0.05613192191599649,-0.05613192191599649
2023-09-23,0.0,0.06536895717320855,-0.06536895717320855
2023-09-24,0.0,0.013320748890831166,-0.013320748890831166
2023-09-25,0.0,0.10007076828671992,-0.10007076828671992
2023-09-26,0.0,0.08763475551544221,-0.08763475551544221
2023-09-27,0.0,0.12280881094053067,-0.12280881094053067
2023-09-28,0.0,0.11792111084443205,-0.11792111084443205
2023-09-29,0.0,0.10807522429025102,-0.10807522429025102
2023-09-30,0.0,0.004550791513202626,-0.004550791513202626
2023-10-01,0.0,0.011794086159189357,-0.011794086159189357
2023-10-02,0.0,0.005107429398122919,-0.005107429398122919
2023-10-03,0.0,0.13849815397762552,-0.13849815397762552
2023-10-04,0.0,0.15037493691906734,-0.15037493691906734
2023-10-05,0.0,0.10853763257705144,-0.10853763257705144
2023-10-06,0.0,0.17560077978499172,-0.17560077978499172
2023-10-07,0.0,0.1570733470694176,-0.1570733470694176
2023-10-08,0.0,0.19733326782457364,-0.19733326782457364
2023-10-09,0.0,0.15939696962960628,-0.15939696962960628
2023-10-10,0.0,0.09575339809619521,-0.09575339809619521
2023-10-11,0.0,0.09902763468883354,-0.09902763468883354
2023-10-12,0.0,0.09190022245447162,-0.09190022245447162
2023-10-13,0.0,0.08941872206352873,-0.08941872206352873
2023-10-14,0.0,0.12162330044272392,-0.12162330044272392
2023-10-15,0.0,0.0,0.0
2023-10-16,0.0,0.0,0.0
2023-10-17,0.0,0.0,0.0
2023-10-18,0.0,0.00696943182467717,-0.00696943182467717
2023-10-19,0.0,0.0014895551472802722,-0.0014895551472802722
2023-10-20,0.0,0.0006444133747564589,-0.0006444133747564589
2023-10-21,0.0,0.0,0.0
2023-10-22,0.0,0.0,0.0
2023-10-23,0.0,0.014088860865174522,-0.014088860865174522
2023-10-24,0.0,0.023620318224704805,-0.023620318224704805
2023-10-25,0.0,0.001615677398426843,-0.001615677398426843
2023-10-26,0.0,0.0,0.0
2023-10-27,0.0,0.15268259995217393,-0.15268259995217393
2023-10-28,0.0,0.1664759468972681,-0.1664759468972681
2023-10-29,0.0,0.11294794800606496,-0.11294794800606496
2023-10-30,0.0,0.13423321119184334,-0.13423321119184334
2023-10-31,0.0,0.2170406914435418,-0.2170406914435418
2023-11-01,0.0,0.30157041516323624,-0.30157041516323624
2023-11-02,0.0,0.1987307655086001,-0.1987307655086001
2023-11-03,0.0,0.1916989670139742,-0.1916989670139742
2023-11-04,0.0,0.1542127999127642,-0.1542127999127642
2023-11-05,0.0,0.07987140735429,-0.07987140735429
2023-11-06,0.0,0.044434224419885496,-0.044434224419885496
2023-11-07,0.0,0.034755497450915204,-0.034755497450915204
2023-11-08,0.0,0.264556902417244,-0.264556902417244
2023-11-09,0.0,0.26235887272114966,-0.26235887272114966
2023-11-10,0.0,0.2709408980779795,-0.2709408980779795
2023-11-11,0.0,0.4530539790279402,-0.4530539790279402
2023-11-12,0.0,0.6992060754557963,-0.6992060754557963
2023-11-13,0.0,1.8084474612776769,-1.8084474612776769
2023-11-14,0.0,1.5900121671107121,-1.5900121671107121
2023-11-15,0.0,1.5970881135061998,-1.5970881135061998
2023-11-16,0.0,1.5902332353708912,-1.5902332353708912
2023-11-17,0.0,1.4713367343058024,-1.4713367343058024
2023-11-18,0.0,1.472624785119906,-1.472624785119906
2023-11-19,0.0,1.594186924112458,-1.594186924112458
2023-11-20,0.0,1.3319923186985883,-1.3319923186985883
2023-11-21,0.0,0.8187637626746134,-0.8187637626746134
2023-11-22,0.0,1.3069811876468647,-1.3069811876468647
2023-11-23,0.0,1.2981930417856975,-1.2981930417856975
2023-11-24,0.0,1.309869688981788,-1.309869688981788
2023-11-25,0.0,1.3430990232341795,-1.3430990232341795
2023-11-26,0.0,1.3805741362379018,-1.3805741362379018
2023-11-27,0.0,1.5437831799355246,-1.5437831799355246
2023-11-28,0.0,1.5046917225385197,-1.5046917225385197
2023-11-29,0.0,1.541552765020028,-1.541552765020028
2023-11-30,0.0,1.6209213637362865,-1.6209213637362865
2023-12-01,0.0,1.6371119193594006,-1.6371119193594006
2023-12-02,0.0,0.8399067381603651,-0.8399067381603651
2023-12-03,0.0,0.3560755591002998,-0.3560755591002998
2023-12-04,0.0,0.028289327982074657,-0.028289327982074657
2023-12-05,0.0,0.025879439273334425,-0.025879439273334425
2023-12-06,0.0,0.02974933511497618,-0.02974933511497618
2023-12-07,0.0,0.0,0.0
2023-12-08,0.0,0.0,0.0
2023-12-09,0.0,0.0,0.0
2023-12-10,0.0,0.0,0.0
2023-12-11,0.0,0.0,0.0
2023-12-12,0.0,0.0,0.0
2023-12-13,0.0,0.0,0.0
2023-12-14,0.0,0.0,0.0
2023-12-15,0.0,0.0,0.0
2023-12-16,0.0,0.0,0.0
2023-12-17,0.0,0.0,0.0
2023-12-18,0.0,0.0,0.0
2023-12-19,0.0,0.0,0.0
2023-12-20,0.0,0.0,0.0
2023-12-21,0.0,0.0,0.0
2023-12-22,0.0,0.0,0.0
2023-12-23,0.0,0.0,0.0
2023-12-24,0.0,0.0,0.0
2023-12-26,0.0,0.0,0.0
2023-12-27,0.0,0.0,0.0
2023-12-28,0.0,0.0,0.0
2023-12-29,0.0,0.0,0.0
2023-12-30,0.0,0.0,0.0
2023-12-31,0.0,0.0,0.0
2024-01-01,0.0,0.0,0.0
2024-01-02,0.0,0.0,0.0
2024-01-03,0.0,0.0,0.0
2024-01-04,0.0,0.0,0.0
2024-01-05,0.0,0.0,0.0
2024-01-06,0.0,0.0,0.0
2024-01-07,0.0,0.0,0.0
2024-01-08,0.0,0.04743140047175822,-0.04743140047175822
2024-01-09,0.0,0.06172537475263465,-0.06172537475263465
2024-01-10,0.0,0.061454879426165704,-0.061454879426165704
2024-01-11,0.0,0.057612665585579835,-0.057612665585579835
2024-01-12,0.0,0.05423826524327953,-0.05423826524327953
2024-01-13,0.0,0.05435842300063759,-0.05435842300063759
2024-01-14,0.0,0.05028587898662909,-0.05028587898662909
2024-01-15,0.0,0.06502719902957803,-0.06502719902957803
2024-01-16,0.0,0.06393800813965948,-0.06393800813965948
2024-01-17,0.0,0.010905930041570517,-0.010905930041570517
2024-01-18,0.0,0.015499140738717696,-0.015499140738717696
2024-01-19,0.0,0.022344047624578412,-0.022344047624578412
2024-01-20,0.0,0.022344047624578412,-0.022344047624578412
2024-01-21,0.0,0.022344047624578412,-0.022344047624578412
2024-01-22,0.0,0.022344047624578412,-0.022344047624578412
2024-01-23,0.0,0.011434729632071847,-0.011434729632071847
2024-01-24,0.0,0.0037220942042273833,-0.0037220942042273833
2024-01-25,0.0,0.0009571255818452034,-0.0009571255818452034
2024-01-26,0.0,0.04005685107903799,-0.04005685107903799
2024-01-27,0.0,0.053989203679934164,-0.053989203679934164
2024-01-28,0.0,0.0398052509952803,-0.0398052509952803
2024-01-29,0.0,0.1100936843406556,-0.1100936843406556
2024-01-30,0.0,0.05218275608749236,-0.05218275608749236
2024-01-31,0.0,0.015313445505795997,-0.015313445505795997
2024-02-01,0.0,0.11822883180755682,-0.11822883180755682
2024-02-02,0.0,0.11772654040534865,-0.11772654040534865
2024-02-03,0.0,0.12405841602255463,-0.12405841602255463
2024-02-04,0.0,0.09905060941352953,-0.09905060941352953
2024-02-05,0.0,0.1679348317939495,-0.1679348317939495
2024-02-06,0.0,0.11457416138914948,-0.11457416138914948
2024-02-07,0.0,0.09638300026445333,-0.09638300026445333
2024-02-08,0.0,0.14560493674891484,-0.14560493674891484
2024-02-09,0.0,0.034081787086814364,-0.034081787086814364
2024-02-10,0.0,0.03863964199841191,-0.03863964199841191
2024-02-11,0.0,0.07498796017644903,-0.07498796017644903
2024-02-12,0.0,0.07227275027729943,-0.07227275027729943
2024-02-13,0.0,0.06034814596168178,-0.06034814596168178
2024-02-14,0.0,0.06057979782895509,-0.06057979782895509
2024-02-15,0.0,0.17697663699510838,-0.17697663699510838
2024-02-16,0.0,0.08702578457384869,-0.08702578457384869
2024-02-17,0.0,0.08702578457384869,-0.08702578457384869
2024-02-18,0.0,0.08702578457384869,-0.08702578457384869
2024-02-19,0.0,0.18719669748884296,-0.18719669748884296
2024-02-20,0.0,0.1834623062624304,-0.1834623062624304
2024-02-21,0.0,0.1834623062624304,-0.1834623062624304
2024-02-22,0.0,0.19422729960762536,-0.19422729960762536
2024-02-23,0.0,0.18900639042714854,-0.18900639042714854
2024-02-24,0.0,0.1901974100555589,-0.1901974100555589
2024-02-25,0.0,0.18552065563404127,-0.18552065563404127
2024-02-26,0.0,0.18623621354146952,-0.18623621354146952
2024-02-27,0.0,0.1927407816535611,-0.1927407816535611
2024-02-28,0.0,0.17720720682736557,-0.17720720682736557
2024-02-29,0.0,0.18312371643702047,-0.18312371643702047
2024-03-01,0.0,0.20461273713841008,-0.20461273713841008
2024-03-02,0.0,0.20963399700643306,-0.20963399700643306
2024-03-03,0.0,0.21258578370356448,-0.21258578370356448
2024-03-04,0.0,0.2496416649267369,-0.2496416649267369
2024-03-05,0.0,0.216076033333788,-0.216076033333788
2024-03-06,0.0,0.1916741484144258,-0.1916741484144258
2024-03-07,0.1587830988136594,0.7420076104175984,-0.5832245116039391
2024-03-08,0.32575494684950357,0.1227227188080368,0.20303222804146676
2024-03-09,0.48775165747024624,0.15136126238976802,0.3363903950804782
2024-03-10,0.6659066761574987,0.1478870382088415,0.5180196379486571
2024-03-11,0.848250949757267,0.10124916507102528,0.7470017846862417
2024-03-12,1.0280615460085596,0.23490123941905555,0.7931603065895041
2024-03-13,1.1991294821528058,0.20995651448986388,0.9891729676629419
2024-03-14,1.3714965360245326,0.439342529290798,0.9321540067337346
2024-03-15,1.5608320172031622,0.34122018075409005,1.2196118364490722
2024-03-16,1.7670606212356381,0.456608746078827,1.310451875156811
2024-03-17,1.9999178677599068,0.7120901539397838,1.287827713820123
2024-03-18,2.2443079317939696,0.9910326498293193,1.2532752819646502
2024-03-19,2.498766384775145,1.2108688146166147,1.2878975701585302
2024-03-20,2.7606705879029443,1.4335015056121794,1.327169082290765
2024-03-21,3.026124672940074,1.6729717760416205,1.3531528968984536
2024-03-22,3.321174869880506,1.6990029949751373,1.6221718749053686
2024-03-23,3.5971786783927793,1.9315505996259983,1.665628078766781
2024-03-24,3.857388505126721,1.8975570424362176,1.9598314626905036
2024-03-25,4.148593098979792,2.048907532815203,2.0996855661645895
2024-03-26,4.445406391628863,2.108499427673701,2.336906963955162
2024-03-27,4.80186294021147,2.4144433108767105,2.38741962933476
2024-03-28,5.153052206715352,2.579179550099833,2.573872656615519
2024-03-29,5.521847341448252,3.034700724045355,2.487146617402897
2024-03-30,5.89268323847718,3.1683503734866996,2.7243328649904806
2024-03-31,6.244620026105973,4.056574178971617,2.1880458471343553
2024-04-01,6.592009820520209,4.470980908928398,2.121028911591811
2024-04-02,6.916881856179129,5.609368380593457,1.3075134755856723
2024-04-03,7.25502884522417,5.592636426712938,1.6623924185112324
2024-04-04,7.604249669754017,4.127538555355849,3.476711114398168
2024-04-05,7.975807994777613,5.119112236357364,2.8566957584202486
2024-04-06,8.354624063995853,6.104398125332913,2.2502259386629406
2024-04-07,8.72739717215059,6.166540206316953,2.5608569658336373
2024-04-08,9.091392672429539,6.910344633126144,2.181048039303395
2024-04-09,9.449237874633061,7.157326754891169,2.2919111197418918
2024-04-10,9.80073111353155,7.169299327127999,2.6314317864035504
2024-04-11,10.151054063267841,7.162093203462846,2.988960859804995
2024-04-12,10.482745277815768,7.280276976023355,3.202468301792413
2024-04-13,10.789405692275128,7.7610181224979415,3.0283875697771867
2024-04-14,11.077570205329376,8.331738832722413,2.745831372606963
2024-04-15,11.36599603917814,8.564247978613672,2.801748060564469
2024-04-16,11.650702386927097,8.578413617018363,3.0722887699087345
2024-04-17,11.910349776158565,8.845564731906716,3.064785044251849
2024-04-18,12.16956593538481,8.89238623978709,3.27717969559772
2024-04-19,12.410011941651735,10.08072546567372,2.329286475978016
2024-04-20,12.629708345477727,10.277757267053643,2.3519510784240847
2024-04-21,12.82088662725793,11.034554538201139,1.786332089056792
2024-04-22,12.990326188764389,11.057637486484937,1.9326887022794512
2024-04-23,13.16434428618915,10.633949405688258,2.530394880500893
2024-04-24,13.16434428618915,11.092857310025888,2.0714869761632624
2024-04-25,13.16434428618915,10.761638740419466,2.4027055457696846
2024-04-26,13.16434428618915,12.130095747865164,1.034248538323986
2024-04-27,13.16434428618915,12.495814922242475,0.668529363946675
2024-04-28,13.16434428618915,12.87065092250964,0.2936933636795107
2024-04-29,13.16434428618915,13.209594522816973,-0.04525023662782246
2024-04-30,13.16434428618915,13.459110967643742,-0.2947666814545915
2024-05-01,13.16434428618915,13.340002026349605,-0.17565774016045488
2024-05-02,13.16434428618915,13.541101783441588,-0.3767574972524379
2024-05-03,13.16434428618915,13.59452818588941,-0.4301838997002587
2024-05-04,13.16434428618915,13.735485178766286,-0.5711408925771355
2024-05-05,13.16434428618915,13.857485844736157,-0.6931415585470067
2024-05-06,13.16434428618915,13.861239292076462,-0.6968950058873116
2024-05-07,13.16434428618915,13.842068543044071,-0.6777242568549209
2024-05-08,13.16434428618915,13.86918568424969,-0.7048413980605392
2024-05-09,13.16434428618915,13.890612564933063,-0.7262682787439125
2024-05-10,13.16434428618915,13.857907884943435,-0.6935635987542845
2024-05-11,13.16434428618915,13.841725961080593,-0.6773816748914427
2024-05-12,13.16434428618915,13.842651091197487,-0.6783068050083365
2024-05-13,13.16434428618915,13.839071575196579,-0.6747272890074285
2024-05-14,13.16434428618915,13.851413088187227,-0.6870688019980769
2024-05-15,13.16434428618915,13.822120570675747,-0.6577762844865962
2024-05-16,13.16434428618915,13.814321667346256,-0.6499773811571057
2024-05-17,13.16434428618915,13.816684463127906,-0.6523401769387558
2024-05-18,13.16434428618915,13.816684463127906,-0.6523401769387558
2024-05-19,13.16434428618915,13.80322218506841,-0.6388778988792598
2024-05-20,13.16434428618915,13.830097813086518,-0.6657535268973671
2024-05-21,13.16434428618915,13.791375730299213,-0.6270314441100631
2024-05-22,13.16434428618915,13.783857573628326,-0.619513287439176
2024-05-23,13.16434428618915,13.783857573628326,-0.619513287439176
2024-05-24,13.16434428618915,13.597213256350782,-0.43286897016163195
2024-05-25,13.16434428618915,13.605581970604458,-0.44123768441530764
2024-05-26,13.16434428618915,11.531674096145778,1.6326701900433722
2024-05-27,13.16434428618915,11.524414539590412,1.6399297465987388
2024-05-28,13.16434428618915,9.880018639609732,3.2843256465794184
2024-05-29,13.16434428618915,9.813168895720105,3.351175390469045
2024-05-30,13.005561187375491,7.975905131662361,5.02965605571313
2024-05-31,12.838589339339647,7.489244998398176,5.349344340941471
2024-06-01,12.676592628718904,7.402121705279056,5.274470923439848
2024-06-02,12.498437610031653,6.602970856708652,5.895466753323001
2024-06-03,12.316093336431882,7.228702789545715,5.087390546886167
2024-06-04,12.136282740180592,8.634620752601304,3.501661987579288
2024-06-05,11.965214804036346,8.431273217060632,3.5339415869757147
2024-06-06,11.792847750164617,8.047536541558454,3.7453112086061626
2024-06-07,11.60351226898599,6.618007974618004,4.985504294367986
2024-06-08,11.397283664953514,8.292845690263496,3.1044379746900184
2024-06-09,11.164426418429244,8.17320112486841,2.9912252935608343
2024-06-10,10.920036354395181,8.071119338338587,2.8489170160565944
2024-06-11,10.665577901414006,9.427077402160824,1.2385004992531812
2024-06-12,10.403673698286207,9.437231254695186,0.9664424435910206
2024-06-13,10.138219613249078,8.706362680984967,1.431856932264111
2024-06-14,9.843169416308644,9.17623704719254,0.666932369116104
2024-06-15,9.56716560779637,9.127641609192153,0.4395239986042174
2024-06-16,9.30695578106243,9.11249136409332,0.19446441696910988
2024-06-17,9.015751187209359,8.3816803566822,0.6340708305271594
2024-06-18,8.718937894560288,9.466881125967209,-0.7479432314069214
2024-06-19,8.362481345977681,9.363161012858676,-1.0006796668809947
2024-06-20,8.0112920794738,9.199698672933163,-1.188406593459364
2024-06-21,7.642496944740898,8.88342552151082,-1.240928576769921
2024-06-22,7.271661047711971,8.898778545197366,-1.6271174974853952
2024-06-23,6.919724260083178,8.645083903489768,-1.7253596434065903
2024-06-24,6.572334465668943,7.1470030561617275,-0.5746685904927844
2024-06-25,6.247462430010024,7.437408489457011,-1.1899460594469877
2024-06-26,5.909315440964982,7.414240669987372,-1.5049252290223896
2024-06-27,5.560094616435135,7.266579013026629,-1.7064843965914935
2024-06-28,5.188536291411539,7.248400402989315,-2.0598641115777756
2024-06-29,4.8097202221933,6.812144852961742,-2.0024246307684423
2024-06-30,4.436947114038562,6.758749101704715,-2.321801987666153
2024-07-01,4.072951613759612,5.049582849829054,-0.9766312360694425
2024-07-02,3.715106411556089,5.277479447616887,-1.5623730360607984
2024-07-03,3.3636131726576033,5.338416496813816,-1.974803324156213
2024-07-04,3.0132902229213103,4.943836783023203,-1.9305465601018925
2024-07-05,2.681599008373383,4.806289554187515,-2.124690545814132
2024-07-06,2.3749385939140217,4.714674657014617,-2.3397360631005957
2024-07-07,2.086774080859776,4.068796055183315,-1.9820219743235388
2024-07-08,1.7983482470110097,3.779577329723463,-1.9812290827124532
2024-07-09,1.5136418992620524,4.4392016172940965,-2.9255597180320443
2024-07-10,1.2539945100305867,4.473863104352047,-3.21986859432146
2024-07-11,0.9947783508043412,2.5728910120770268,-1.5781126612726855
2024-07-12,0.754332344537415,3.7826659279600503,-3.0283335834226355
2024-07-13,0.534635940711423,3.647524301362208,-3.1128883606507847
2024-07-14,0.3434576589312215,2.007015248377215,-1.6635575894459933
2024-07-15,0.1740180974247631,3.3649886312216784,-3.190970533796915
2024-07-16,0.0,3.5263440037203995,-3.5263440037203995
2024-07-17,0.0,3.4503339209039594,-3.4503339209039594
2024-07-18,0.0,3.2977147848171167,-3.2977147848171167
2024-07-19,0.0,2.912297832194186,-2.912297832194186
2024-07-20,0.0,2.9110314617034128,-2.9110314617034128
2024-07-21,0.0,1.769978843124333,-1.769978843124333
2024-07-22,0.0,1.7650367538187468,-1.7650367538187468
2024-07-23,0.0,1.7058011133987256,-1.7058011133987256
2024-07-24,0.0,3.0210532167009574,-3.0210532167009574
2024-07-25,0.0,1.7068970472996274,-1.7068970472996274
2024-07-26,0.0,1.1131891059067958,-1.1131891059067958
2024-07-27,0.0,1.355571400718036,-1.355571400718036
2024-07-28,0.0,0.7371689767304956,-0.7371689767304956
2024-07-29,0.0,0.7146413000253562,-0.7146413000253562
2024-07-30,0.0,0.6421211663358211,-0.6421211663358211
2024-07-31,0.0,0.3368885812133355,-0.3368885812133355
2024-08-01,0.0,0.2842263134497227,-0.2842263134497227
2024-08-02,0.0,0.23400448870878263,-0.23400448870878263
2024-08-03,0.0,0.27880479881662956,-0.27880479881662956
2024-08-04,0.0,0.2117623274165345,-0.2117623274165345
2024-08-05,0.0,0.2390299999120123,-0.2390299999120123
2024-08-06,0.0,0.24772065044008448,-0.24772065044008448
2024-08-07,0.0,0.13528700356439166,-0.13528700356439166
2024-08-08,0.0,0.09792115404415479,-0.09792115404415479
2024-08-09,0.0,0.07658677883538229,-0.07658677883538229
2024-08-10,0.0,0.07795207696323497,-0.07795207696323497
2024-08-11,0.0,0.07835544119288268,-0.07835544119288268
2024-08-12,0.0,0.0,0.0
2024-08-13,0.0,0.07313308152211166,-0.07313308152211166
2024-08-14,0.0,0.2703900401198892,-0.2703900401198892
2024-08-15,0.0,0.6684925009747519,-0.6684925009747519
2024-08-16,0.0,0.310222015704902,-0.310222015704902
2024-08-17,0.0,0.15149238887606606,-0.15149238887606606
2024-08-18,0.0,0.13968455128831855,-0.13968455128831855
2024-08-19,0.0,0.03754975219531079,-0.03754975219531079
2024-08-20,0.0,0.07292572190598266,-0.07292572190598266
2024-08-21,0.0,0.02976848024341394,-0.02976848024341394
2024-08-22,0.0,0.018527549730899484,-0.018527549730899484
2024-08-23,0.0,0.11984176260955015,-0.11984176260955015
2024-08-24,0.0,0.2723798488065757,-0.2723798488065757
2024-08-25,0.0,0.2689381071058038,-0.2689381071058038
2024-08-26,0.0,0.14666299727129148,-0.14666299727129148
2024-08-27,0.0,0.027890564197684292,-0.027890564197684292
2024-08-28,0.0,0.07798732942162627,-0.07798732942162627
2024-08-29,0.0,0.22277157948909532,-0.22277157948909532
2024-08-30,0.0,0.32476345716052757,-0.32476345716052757
2024-08-31,0.0,0.3891213487628748,-0.3891213487628748
2024-09-01,0.0,0.14891843791352158,-0.14891843791352158
2024-09-02,0.0,0.07419958887546134,-0.07419958887546134
2024-09-03,0.0,0.042424720712945764,-0.042424720712945764
2024-09-04,0.0,0.031523084187080504,-0.031523084187080504
2024-09-05,0.0,0.16062509485111703,-0.16062509485111703
2024-09-06,0.0,0.1104333669678005,-0.1104333669678005
2024-09-07,0.0,0.0,0.0
2024-09-08,0.0,0.0,0.0
2024-09-09,0.0,0.0,0.0
2024-09-10,0.0,0.0,0.0
2024-09-11,0.0,0.012932524409916109,-0.012932524409916109
2024-09-12,0.0,0.061289526100690245,-0.061289526100690245
2024-09-13,0.0,0.08155657268747522,-0.08155657268747522
2024-09-14,0.0,0.07274339661477515,-0.07274339661477515
2024-09-15,0.0,0.07445170428307189,-0.07445170428307189
2024-09-16,0.0,0.0421145018526262,-0.0421145018526262
2024-09-17,0.0,0.06952332217386144,-0.06952332217386144
2024-09-18,0.0,0.013039928270439892,-0.013039928270439892
2024-09-19,0.0,0.0,0.0
2024-09-20,0.0,0.0,0.0
2024-09-21,0.0,0.011841159900677826,-0.011841159900677826
2024-09-22,0.0,0.0,0.0
2024-09-23,0.0,0.0,0.0
2024-09-24,0.0,0.0,0.0
2024-09-25,0.0,0.0,0.0
2024-09-26,0.0,0.0,0.0
2024-09-27,0.0,0.1645730503996058,-0.1645730503996058
2024-09-28,0.0,0.04000147162523681,-0.04000147162523681
2024-09-29,0.0,0.000971014901173909,-0.000971014901173909
2024-09-30,0.0,0.12432197128121186,-0.12432197128121186
2024-10-01,0.0,0.06634058064661016,-0.06634058064661016
2024-10-02,0.0,0.037017702552726586,-0.037017702552726586
2024-10-03,0.0,0.021103037435081233,-0.021103037435081233
2024-10-04,0.0,0.017836862955339105,-0.017836862955339105
2024-10-05,0.0,0.0,0.0
2024-10-06,0.0,0.0,0.0
2024-10-07,0.0,0.0,0.0
2024-10-08,0.0,0.0,0.0
2024-10-09,0.0,0.007819713643767084,-0.007819713643767084
2024-10-10,0.0,0.055671053536721735,-0.055671053536721735
2024-10-11,0.0,0.0,0.0
2024-10-12,0.0,0.05103414046589183,-0.05103414046589183
2024-10-13,0.0,0.0802781289643651,-0.0802781289643651
2024-10-14,0.0,0.06595502181740664,-0.06595502181740664
2024-10-15,0.0,0.0,0.0
2024-10-16,0.0,0.01479012069031563,-0.01479012069031563
2024-10-17,0.0,0.001059017256936643,-0.001059017256936643
2024-10-18,0.0,0.013385562699784472,-0.013385562699784472
2024-10-19,0.0,0.03171246323945009,-0.03171246323945009
2024-10-20,0.0,0.0,0.0
2024-10-21,0.0,0.044674794137375184,-0.044674794137375184
2024-10-22,0.0,0.04207064960391356,-0.04207064960391356
2024-10-23,0.0,0.04448053831265379,-0.04448053831265379
2024-10-24,0.0,0.008952035510706264,-0.008952035510706264
2024-10-25,0.0,0.004777443089922803,-0.004777443089922803
2024-10-26,0.0,0.0,0.0
2024-10-27,0.0,0.05603814540918674,-0.05603814540918674
2024-10-28,0.0,0.040392314876083184,-0.040392314876083184
2024-10-29,0.0,0.023951277943833525,-0.023951277943833525
2024-10-30,0.0,0.05771654761447962,-0.05771654761447962
2024-10-31,0.0,0.0,0.0
2024-11-01,0.0,0.14475898793321834,-0.14475898793321834
2024-11-02,0.0,0.03403338414958492,-0.03403338414958492
2024-11-03,0.0,0.01815054124148139,-0.01815054124148139
2024-11-04,0.0,0.02095342573875069,-0.02095342573875069
2024-11-05,0.0,0.0,0.0
2024-11-06,0.0,0.10967142635466473,-0.10967142635466473
2024-11-07,0.0,0.11541068773860935,-0.11541068773860935
2024-11-08,0.0,0.17662024882953586,-0.17662024882953586
2024-11-09,0.0,0.12110717243131675,-0.12110717243131675
2024-11-10,0.0,0.20993185264343722,-0.20993185264343722
2024-11-11,0.0,0.14605815430623914,-0.14605815430623914
2024-11-12,0.0,0.14304005287436594,-0.14304005287436594
2024-11-13,0.0,0.08387261626666254,-0.08387261626666254
2024-11-14,0.0,0.4675131605673513,-0.4675131605673513
2024-11-15,0.0,0.0751539817111685,-0.0751539817111685
2024-11-16,0.0,0.22074346794960736,-0.22074346794960736
2024-11-17,0.0,0.22074346794960736,-0.22074346794960736
2024-11-18,0.0,0.8359703305200998,-0.8359703305200998
2024-11-19,0.0,0.15610706046489536,-0.15610706046489536
2024-11-20,0.0,0.19888830266389543,-0.19888830266389543
2024-11-21,0.0,0.1936465430281251,-0.1936465430281251
2024-11-22,0.0,0.09802660884011966,-0.09802660884011966
2024-11-23,0.0,0.06586602153559772,-0.06586602153559772
2024-11-24,0.0,0.06590264804539785,-0.06590264804539785
2024-11-25,0.0,0.002644663970039998,-0.002644663970039998
2024-11-26,0.0,0.007770532365117842,-0.007770532365117842
2024-11-27,0.0,0.06452061924410636,-0.06452061924410636
2024-11-28,0.0,0.0026710907941997347,-0.0026710907941997347
2024-11-29,0.0,0.043488845938598544,-0.043488845938598544
2024-11-30,0.0,0.014930657094909813,-0.014930657094909813
2024-12-01,0.0,0.0,0.0
2024-12-02,0.0,0.0,0.0
2024-12-03,0.0,0.0,0.0
2024-12-04,0.0,0.0,0.0
2024-12-05,0.0,0.0,0.0
2024-12-06,0.0,0.0,0.0
2024-12-07,0.0,0.0,0.0
2024-12-08,0.0,0.0,0.0
2024-12-09,0.0,0.0,0.0
2024-12-10,0.0,0.0,0.0
2024-12-11,0.0,0.0,0.0
2024-12-12,0.0,0.0,0.0
2024-12-13,0.0,0.012715195634072661,-0.012715195634072661
2024-12-14,0.0,0.0,0.0
2024-12-15,0.0,0.0,0.0
2024-12-16,0.0,0.015316617257421221,-0.015316617257421221
2024-12-17,0.0,0.0,0.0
2024-12-18,0.0,0.0,0.0
2024-12-19,0.0,0.044956722297258556,-0.044956722297258556
2024-12-20,0.0,0.04512009644220992,-0.04512009644220992
2024-12-21,0.0,0.04512009644220992,-0.04512009644220992
2024-12-22,0.0,0.06300056588785757,-0.06300056588785757
2024-12-23,0.0,0.0,0.0
2024-12-25,0.0,0.0,0.0
2024-12-26,0.0,0.0,0.0
2024-12-27,0.0,0.005152411655465501,-0.005152411655465501
2024-12-28,0.0,0.011261434566979207,-0.011261434566979207
2024-12-29,0.0,0.0,0.0
2024-12-30,0.0,0.0,0.0
2024-12-31,0.0,0.008369430499433296,-0.008369430499433296
2025-01-01,0.0,0.0,0.0
2025-01-02,0.0,0.0,0.0
2025-01-03,0.0,0.0,0.0
2025-01-04,0.0,0.0,0.0
2025-01-05,0.0,0.0,0.0
2025-01-06,0.0,0.0,0.0
2025-01-07,0.0,0.0,0.0
2025-01-08,0.0,0.0,0.0
2025-01-09,0.0,0.03295709757248013,-0.03295709757248013
2025-01-10,0.0,0.047776051116526,-0.047776051116526
2025-01-11,0.0,0.05322203302039083,-0.05322203302039083
2025-01-12,0.0,0.05869878990720081,-0.05869878990720081
2025-01-13,0.0,0.0044322819927588375,-0.0044322819927588375
2025-01-15,0.0,0.0,0.0
2025-01-16,0.0,0.0,0.0
2025-01-17,0.0,0.0,0.0
2025-01-18,0.0,0.0,0.0
2025-01-19,0.0,0.0,0.0
2025-01-20,0.0,0.0,0.0
2025-01-21,0.0,0.0,0.0
2025-01-22,0.0,0.008549395409316301,-0.008549395409316301
2025-01-23,0.0,0.009805356605171803,-0.009805356605171803
2025-01-24,0.0,0.0,0.0
2025-01-25,0.0,0.0,0.0
2025-01-26,0.0,0.0,0.0
2025-01-27,0.0,0.0,0.0
2025-01-28,0.0,0.0,0.0
2025-01-29,0.0,0.0,0.0
2025-01-30,0.0,0.0,0.0
2025-01-31,0.0,0.0,0.0
2025-02-01,0.0,0.0,0.0
2025-02-02,0.0,0.0,0.0
2025-02-03,0.0,0.0,0.0
2025-02-04,0.0,0.0,0.0
2025-02-05,0.0,0.0,0.0
2025-02-06,0.0,0.0,0.0
2025-02-07,0.0,0.0,0.0
2025-02-08,0.0,0.022463926586899833,-0.022463926586899833
2025-02-09,0.0,0.023457853189631037,-0.023457853189631037
2025-02-10,0.0,0.0,0.0
2025-02-11,0.0,0.0,0.0
2025-02-12,0.0,0.0,0.0
2025-02-13,0.0,0.0,0.0
2025-02-14,0.0,0.004483102232417534,-0.004483102232417534
2025-02-15,0.0,0.0,0.0
2025-02-16,0.0,0.0,0.0
2025-02-17,0.0,0.0,0.0
2025-02-18,0.0,0.0,0.0
2025-02-19,0.0,0.0,0.0
2025-02-20,0.0,0.0,0.0
2025-02-21,0.0,0.0,0.0
2025-02-22,0.0,0.0,0.0
2025-02-23,0.0,0.0,0.0
2025-02-24,0.0,0.0,0.0
2025-02-25,0.0,0.0,0.0
2025-02-26,0.0,0.0,0.0
2025-02-27,0.0,0.0,0.0
2025-02-28,0.0,0.0,0.0
2025-03-01,0.0,0.0,0.0
2025-03-02,0.0,0.0,0.0
2025-03-03,0.0,0.0,0.0
2025-03-04,0.0,0.0,0.0
2025-03-05,0.0,0.0,0.0
2025-03-06,0.0,0.0,0.0
2025-03-07,0.0,0.0,0.0
2025-03-08,0.0,0.0,0.0
2025-03-09,0.0,0.0,0.0
2025-03-10,0.0,0.0,0.0
2025-03-11,0.0,0.0,0.0
2025-03-12,0.0,0.0,0.0
2025-03-13,0.0,0.0,0.0
2025-03-14,0.0,0.0,0.0
2025-03-15,0.0,0.0,0.0
2025-03-16,0.0,0.0,0.0
2025-03-17,0.0,0.0,0.0
2025-03-18,0.0,0.0,0.0
2025-03-19,0.0,0.0,0.0
2025-03-20,0.0,0.0,0.0
2025-03-21,0.0,0.0,0.0
2025-03-22,0.0,0.0,0.0
2025-03-23,0.0,0.09215766668900588,-0.09215766668900588
2025-03-24,0.0,0.0,0.0
2025-03-25,0.0,0.0,0.0
2025-03-26,0.0,0.0,0.0
2025-03-27,0.0,0.0018263083357442514,-0.0018263083357442514
2025-03-28,0.0,0.0,0.0
2025-03-29,0.0,0.0,0.0
2025-03-30,0.0,0.049544010234778654,-0.049544010234778654
2025-03-31,0.0,0.1900188048770085,-0.1900188048770085
2025-04-01,0.0,0.28831303592201657,-0.28831303592201657
2025-04-02,0.0,0.7645963069640697,-0.7645963069640697
2025-04-03,0.0,0.6903703535220366,-0.6903703535220366
2025-04-04,0.14638691847854599,0.709625640195066,-0.56323872171652
2025-04-05,0.14638691847854599,0.6645286768626396,-0.5181417583840936
2025-04-06,0.14638691847854599,0.6389952912341675,-0.4926083727556215
2025-04-07,0.14638691847854599,0.6801374957765816,-0.5337505772980355
2025-04-08,0.14638691847854599,0.7632108460195787,-0.6168239275410327
2025-04-09,0.14638691847854599,0.6743404108313792,-0.5279534923528332
2025-04-10,0.14638691847854599,0.6651237650312817,-0.5187368465527357
2025-04-11,0.14638691847854599,0.5967202599780935,-0.4503333414995475
2025-04-12,0.14638691847854599,0.508708035437954,-0.36232111695940794
2025-04-13,0.14638691847854599,0.5543294747723245,-0.4079425562937785
2025-04-14,0.14638691847854599,0.5969237779398663,-0.45053685946132027
2025-04-15,0.14638691847854599,0.4805797115397028,-0.3341927930611568
2025-04-16,0.14638691847854599,0.5219665240670233,-0.37557960558847725
2025-04-17,0.14638691847854599,0.49872217199112945,-0.35233525351258344
2025-04-18,0.14638691847854599,0.4884217236628504,-0.3420348051843044
2025-04-19,0.14638691847854599,0.4539522842959404,-0.30756536581739446
2025-04-20,0.14638691847854599,0.4692566319531974,-0.32286971347465143
2025-04-21,0.14638691847854599,0.4380518004654497,-0.29166488198690377
2025-04-22,0.14638691847854599,0.6450709484811858,-0.49868403000263983
2025-04-23,0.14638691847854599,0.9478139343539093,-0.8014270158753632
2025-04-24,0.14638691847854599,1.0130999362887705,-0.8667130178102245
2025-04-25,0.14638691847854599,1.2015239884393294,-1.0551370699607834
2025-04-26,0.14638691847854599,1.3371760805442587,-1.1907891620657127
2025-04-27,0.14638691847854599,1.4267537935692263,-1.2803668750906803
2025-04-28,0.14638691847854599,1.3847201648310927,-1.2383332463525467
2025-04-29,0.14638691847854599,1.110940261477898,-0.964553342999352
2025-04-30,0.14638691847854599,1.162121876489904,-1.015734958011358
2025-05-01,0.14638691847854599,1.1557923406506194,-1.0094054221720734
2025-05-02,0.14638691847854599,1.137066495030474,-0.9906795765519281
2025-05-03,0.14638691847854599,1.2089471940101852,-1.0625602755316392
2025-05-04,0.14638691847854599,1.685162823003229,-1.538775904524683
2025-05-05,0.14638691847854599,1.0298339890621326,-0.8834470705835866
2025-05-06,0.14638691847854599,1.1154415303573804,-0.9690546118788343
2025-05-07,0.14638691847854599,1.675879055288843,-1.529492136810297
2025-05-08,0.14638691847854599,1.0596131542332492,-0.9132262357547032
2025-05-09,0.14638691847854599,1.0699593561466667,-0.9235724376681207
2025-05-10,0.14638691847854599,0.5129685849075959,-0.3665816664290499
2025-05-11,0.14638691847854599,0.6258580747387713,-0.4794711562602253
2025-05-12,0.14638691847854599,1.0916789037523893,-0.9452919852738433
2025-05-13,0.14638691847854599,0.5174763732695625,-0.3710894547910165
2025-05-14,0.14638691847854599,1.1054693444608077,-0.9590824259822617
2025-05-15,0.14638691847854599,1.0976708993337057,-0.9512839808551596
2025-05-16,0.14638691847854599,1.095242933719657,-0.948856015241111
2025-05-17,0.14638691847854599,1.0869708191707834,-0.9405839006922374
2025-05-18,0.14638691847854599,1.2507418290655576,-1.1043549105870116
2025-05-19,0.14638691847854599,1.2507418290655576,-1.1043549105870116
2025-05-20,0.14638691847854599,1.2040075347581711,-1.0576206162796251
2025-05-21,0.14638691847854599,1.2951905894099027,-1.1488036709313567
2025-05-22,0.14638691847854599,1.2753186054647452,-1.1289316869861992
2025-05-23,0.14638691847854599,1.0956405507096338,-0.9492536322310878
2025-05-24,0.14638691847854599,1.0390208273300123,-0.8926339088514663
2025-05-25,0.14638691847854599,1.1400912485274777,-0.9937043300489317
2025-05-26,0.14638691847854599,1.1377903739020758,-0.9914034554235298
2025-05-27,0.14638691847854599,0.9079118601813695,-0.7615249417028235
2025-05-28,0.14638691847854599,1.113137096786101,-0.9667501783075549
2025-05-29,0.14638691847854599,1.1710610468405662,-1.0246741283620202
2025-05-30,0.14638691847854599,1.1730976526964574,-1.0267107342179114
2025-05-31,0.14638691847854599,1.1753985273218588,-1.0290116088433128
2025-06-01,0.14638691847854599,0.7351711683050768,-0.5887842498265308
2025-06-02,0.14638691847854599,0.8120168842319766,-0.6656299657534306
2025-06-03,0.14638691847854599,0.7304286276489458,-0.5840417091703998
2025-06-04,0.14638691847854599,0.9191802266893114,-0.7727933082107654
2025-06-05,0.14638691847854599,0.9158915112947574,-0.7695045928162114
2025-06-06,0.14638691847854599,0.9590477516393618,-0.8126608331608158
2025-06-07,0.14638691847854599,0.8043712223916272,-0.6579843039130812
2025-06-08,0.14638691847854599,0.8019426077705358,-0.6555556892919898
2025-06-09,0.14638691847854599,0.8351267219545674,-0.6887398034760214
2025-06-10,0.14638691847854599,0.8762727803670619,-0.7298858618885159
2025-06-11,0.14638691847854599,0.870252460217416,-0.72386554173887
2025-06-12,0.14638691847854599,0.8917466484348118,-0.7453597299562658
2025-06-13,0.14638691847854599,0.8657610115618181,-0.719374093083272
2025-06-14,0.14638691847854599,0.8340817192939056,-0.6876948008153596
2025-06-15,0.14638691847854599,0.8478770138257028,-0.7014900953471568
2025-06-16,0.14638691847854599,0.8837579168617926,-0.7373709983832466
2025-06-17,0.14638691847854599,0.8685521813410142,-0.7221652628624682
2025-06-18,0.14638691847854599,0.7725159833707923,-0.6261290648922463
2025-06-19,0.14638691847854599,0.6655406640630879,-0.5191537455845419
2025-06-20,0.14638691847854599,0.505421333924238,-0.35903441544569203
2025-06-21,0.14638691847854599,0.5323749271415467,-0.38598800866300065
2025-06-22,0.14638691847854599,0.39054601278399403,-0.24415909430544805
2025-06-23,0.14638691847854599,0.38423120239358544,-0.23784428391503945
2025-06-24,0.14638691847854599,0.41927880280226304,-0.272891884323717
2025-06-25,0.14638691847854599,0.41385723360869875,-0.26747031513015274
2025-06-26,0.14638691847854599,0.414413871493619,-0.26802695301507307
2025-06-27,0.0,0.3983554463216706,-0.3983554463216706
2025-06-28,0.0,0.37305814242192986,-0.37305814242192986
2025-06-29,0.0,0.29865307121438356,-0.29865307121438356
2025-06-30,0.0,0.24930232281949216,-0.24930232281949216
2025-07-01,0.0,0.25160312846999416,-0.25160312846999416
2025-07-02,0.0,0.25337003690163257,-0.25337003690163257
2025-07-03,0.0,0.24381379048446658,-0.24381379048446658
2025-07-04,0.0,0.3276039363373652,-0.3276039363373652
2025-07-05,0.0,0.144518174990426,-0.144518174990426
2025-07-06,0.0,0.17925680303814906,-0.17925680303814906
2025-07-07,0.0,0.20646780109836407,-0.20646780109836407
2025-07-08,0.0,0.21972236672858264,-0.21972236672858264
2025-07-09,0.0,0.24071712656740013,-0.24071712656740013
2025-07-10,0.0,0.23500031672458102,-0.23500031672458102
2025-07-11,0.0,0.23555695460950132,-0.23555695460950132
2025-07-12,0.0,0.14450807842480526,-0.14450807842480526
2025-07-13,0.0,0.14795647279993598,-0.14795647279993598
2025-07-14,0.0,0.11642048925106907,-0.11642048925106907
2025-07-15,0.0,0.06634906380956591,-0.06634906380956591
2025-07-16,0.0,0.09376991537741948,-0.09376991537741948
2025-07-17,0.0,0.15041081337133846,-0.15041081337133846
2025-07-18,0.0,0.21676925186048776,-0.21676925186048776
2025-07-19,0.0,0.2297100903145817,-0.2297100903145817
2025-07-20,0.0,0.17412412701687774,-0.17412412701687774
2025-07-21,0.0,0.1275476598321026,-0.1275476598321026
2025-07-22,0.0,0.1275476598321026,-0.1275476598321026
2025-07-23,0.0,0.1275476598321026,-0.1275476598321026
2025-07-24,0.0,0.07667555014257424,-0.07667555014257424
2025-07-25,0.0,0.07025140628037513,-0.07025140628037513
2025-07-26,0.0,0.07025140628037513,-0.07025140628037513
2025-07-27,0.0,0.12168015385482385,-0.12168015385482385
2025-07-28,0.0,0.12255329341432532,-0.12255329341432532
2025-07-29,0.0,0.12241351024878377,-0.12241351024878377
2025-07-30,0.0,0.12371756966545984,-0.12371756966545984
2025-07-31,0.0,0.2183670126502131,-0.2183670126502131
2025-08-01,0.0,0.1409805085934278,-0.1409805085934278
2025-08-02,0.0,0.08533914791120589,-0.08533914791120589
2025-08-03,0.0,0.06321476713043093,-0.06321476713043093
2025-08-04,0.0,0.03945025229954494,-0.03945025229954494
2025-08-05,0.0,0.07945015837509853,-0.07945015837509853
2025-08-06,0.0,0.05916297958686425,-0.05916297958686425
2025-08-07,0.0,0.061093173447775456,-0.061093173447775456
2025-08-08,0.0,0.03546780247745829,-0.03546780247745829
2025-08-09,0.0,0.045680951016240465,-0.045680951016240465
2025-08-10,0.0,0.05274589311192399,-0.05274589311192399
2025-08-11,0.0,0.0010822890544514763,-0.0010822890544514763
2025-08-12,0.0,0.0,0.0
2025-08-13,0.0,0.0,0.0
2025-08-14,0.0,0.0,0.0
2025-08-15,0.0,0.0,0.0
2025-08-16,0.0,0.0,0.0
2025-08-17,0.0,0.0,0.0
2025-08-18,0.0,0.0,0.0
2025-08-19,0.0,0.0,0.0
2025-08-20,0.0,0.0,0.0
2025-08-21,0.0,0.0,0.0
2025-08-22,0.0,0.0,0.0
2025-08-23,0.0,0.0,0.0
2025-08-24,0.0,0.0,0.0
2025-08-25,0.0,0.0,0.0
2025-08-26,0.0,0.0,0.0
2025-08-27,0.0,0.06808341609283726,-0.06808341609283726
2025-08-28,0.0,0.1081528473477182,-0.1081528473477182
2025-08-29,0.0,0.07552262680070383,-0.07552262680070383
2025-08-30,0.0,0.07484650383392824,-0.07484650383392824
2025-08-31,0.0,0.04281526046306906,-0.04281526046306906
2025-09-01,0.0,0.0,0.0
2025-09-02,0.0,0.0,0.0
2025-09-03,0.0,0.0,0.0
2025-09-04,0.0,0.0,0.0
2025-09-05,0.0,0.0,0.0
2025-09-06,0.0,0.0,0.0
2025-09-07,0.0,0.0,0.0
2025-09-08,0.0,0.0,0.0
2025-09-09,0.0,0.0,0.0
2025-09-10,0.0,0.0,0.0
2025-09-11,0.0,0.0,0.0
2025-09-12,0.0,0.0,0.0
2025-09-13,0.0,0.0,0.0
2025-09-14,0.0,0.0,0.0
2025-09-15,0.0,0.008105411538981387,-0.008105411538981387
2025-09-16,0.0,0.0,0.0
2025-09-17,0.0,0.0,0.0
2025-09-18,0.0,0.0,0.0
2025-09-19,0.0,0.0,0.0
2025-09-20,0.0,0.0,0.0
2025-09-21,0.0,0.0,0.0
2025-09-22,0.0,0.0,0.0
2025-09-23,0.0,0.0,0.0
2025-09-24,0.0,0.0,0.0
2025-09-25,0.0,0.0,0.0
2025-09-26,0.0,0.0,0.0
2025-09-27,0.0,0.0,0.0
2025-09-28,0.0,0.0,0.0
2025-09-29,0.0,0.0,0.0
2025-09-30,0.0,0.0,0.0
2025-10-01,0.0,0.0,0.0
2025-10-02,0.0,0.0,0.0
2025-10-03,0.0,0.0,0.0
2025-10-04,0.0,0.0,0.0
2025-10-05,0.0,0.0,0.0
2025-10-06,0.0,0.0,0.0
2025-10-07,0.0,0.0,0.0
2025-10-08,0.0,0.0483468323662551,-0.0483468323662551
2025-10-09,0.0,0.007833105060181469,-0.007833105060181469
2025-10-10,0.0,0.0,0.0
2025-10-11,0.0,0.0,0.0
2025-10-12,0.0,0.0,0.0
2025-10-13,0.0,0.007276467175261173,-0.007276467175261173
2025-10-14,0.0,0.0,0.0
2025-10-15,0.0,0.0003994345724843869,-0.0003994345724843869
2025-10-16,0.0,0.02342648901895594,-0.02342648901895594
2025-10-17,0.0,0.019716479667361318,-0.019716479667361318
2025-10-18,0.0,0.02148900229953011,-0.02148900229953011
2025-10-19,0.0,0.01998697499383024,-0.01998697499383024
2025-10-20,0.0,0.017363649037591744,-0.017363649037591744
2025-10-21,0.0,0.008245875457382791,-0.008245875457382791
2025-10-22,0.0,0.024066709999094955,-0.024066709999094955
2025-10-23,0.0,0.024066709999094955,-0.024066709999094955
2025-10-24,0.0,0.022100648708468423,-0.022100648708468423
2025-10-25,0.0,0.01682898442138931,-0.01682898442138931
2025-10-26,0.0,0.0,0.0
2025-10-27,0.0,0.0,0.0
2025-10-28,0.0,0.0,0.0
2025-10-29,0.0,0.0,0.0
2025-10-30,0.0,0.0,0.0
2025-10-31,0.0,0.3679521008786665,-0.3679521008786665
2025-11-01,0.0,0.3574539599293265,-0.3574539599293265
2025-11-02,0.0,0.3614932244816007,-0.3614932244816007
2025-11-03,0.0,0.34698136918972955,-0.34698136918972955
2025-11-04,0.0,0.34698136918972955,-0.34698136918972955
2025-11-05,0.0,0.34698136918972955,-0.34698136918972955
2025-11-06,0.0,0.343414459326086,-0.343414459326086
2025-11-07,0.0,0.34698136918972955,-0.34698136918972955
2025-11-08,0.0,0.3978534788792579,-0.3978534788792579
2025-11-09,0.0,0.40022186428429707,-0.40022186428429707
2025-11-10,0.0,0.40022186428429707,-0.40022186428429707
2025-11-11,0.0,0.39105852943536645,-0.39105852943536645
2025-11-12,0.0,0.38635438686228213,-0.38635438686228213
2025-11-13,0.0,0.38225508111286305,-0.38225508111286305
2025-11-14,0.0,0.437582811185498,-0.437582811185498
2025-11-15,0.0,0.3979987526310685,-0.3979987526310685
2025-11-16,0.0,0.419239810987705,-0.419239810987705
2025-11-17,0.0,0.38339851849444156,-0.38339851849444156
2025-11-18,0.0,0.3791238676883788,-0.3791238676883788
2025-11-19,0.0,0.37916775675147485,-0.37916775675147485
2025-11-20,0.0,0.3814005898637085,-0.3814005898637085
2025-11-21,0.0,0.39246340977379585,-0.39246340977379585
2025-11-22,0.0,0.25087714064151373,-0.25087714064151373
2025-11-23,0.0,0.21051438320364085,-0.21051438320364085
2025-11-24,0.0,0.3495234822375997,-0.3495234822375997
2025-11-25,0.0,0.3436609891330705,-0.3436609891330705
2025-11-26,0.0,0.3442176270179908,-0.3442176270179908
2025-11-27,0.0,0.3365904287929427,-0.3365904287929427
2025-11-28,0.0,0.33438213340181766,-0.33438213340181766
2025-11-29,0.0,0.33292212626891615,-0.33292212626891615
