date,actual,predicted,residual
2020-05-03,0.0,0.0,0.0
2020-05-04,0.0,0.0,0.0
2020-05-05,0.0,0.0,0.0
2020-05-06,0.0,0.0,0.0
2020-05-07,0.0,0.0,0.0
2020-05-08,0.0,0.011285830871819365,-0.011285830871819365
2020-05-09,0.0,0.007864746417232274,-0.007864746417232274
2020-05-10,0.0,0.0,0.0
2020-05-11,0.0,0.0,0.0
2020-05-12,0.0,0.016161413488703077,-0.016161413488703077
2020-05-13,0.0,0.00789747674812804,-0.00789747674812804
2020-05-14,0.0,0.0,0.0
2020-05-15,0.0,0.0,0.0
2020-05-16,0.0,0.0,0.0
2020-05-17,0.0,0.0,0.0
2020-05-18,0.0,0.0,0.0
2020-05-19,0.0,0.0005968815046471067,-0.0005968815046471067
2020-05-20,0.0,0.0,0.0
2020-05-21,0.0,0.0,0.0
2020-05-22,0.0,0.0,0.0
2020-05-23,0.0,0.0,0.0
2020-05-24,0.0,0.0,0.0
2020-05-25,0.0,0.0,0.0
2020-05-26,0.0,0.022252553812459264,-0.022252553812459264
2020-05-27,0.0,0.0008857415317610356,-0.0008857415317610356
2020-05-28,0.0,0.023705045347591307,-0.023705045347591307
2020-05-29,0.0,0.018734610135426013,-0.018734610135426013
2020-05-30,0.0,0.030603059912482102,-0.030603059912482102
2020-05-31,0.0,0.018218773152120043,-0.018218773152120043
2020-06-01,0.0,0.005092027180391362,-0.005092027180391362
2020-06-02,0.0,0.010426253578340464,-0.010426253578340464
2020-06-03,0.0,0.00966107012237319,-0.00966107012237319
2020-06-04,0.0,0.0,0.0
2020-06-05,0.0,0.0,0.0
2020-06-06,0.0,0.00024928631952075885,-0.00024928631952075885
2020-06-07,0.0,0.0,0.0
2020-06-08,0.0,0.01128970623217689,-0.01128970623217689
2020-06-09,0.0,0.018820444377429375,-0.018820444377429375
2020-06-10,0.0,0.017092855133574923,-0.017092855133574923
2020-06-11,0.0,0.015052482464063764,-0.015052482464063764
2020-06-12,0.0,0.012034825098120426,-0.012034825098120426
2020-06-13,0.0,0.010110496227992398,-0.010110496227992398
2020-06-14,0.0,0.008220226096078281,-0.008220226096078281
2020-06-15,0.0,0.02247963355856461,-0.02247963355856461
2020-06-16,0.0,0.02286618658343348,-0.02286618658343348
2020-06-17,0.0,0.02940160655400198,-0.02940160655400198
2020-06-18,0.0,0.030880052858222963,-0.030880052858222963
2020-06-19,0.0,0.020962251464579994,-0.020962251464579994
2020-06-20,0.0,0.014511921842507458,-0.014511921842507458
2020-06-21,0.0,0.005371339112300459,-0.005371339112300459
2020-06-22,0.0,0.005891073321233898,-0.005891073321233898
2020-06-23,0.0,0.01544195463739395,-0.01544195463739395
2020-06-24,0.0,0.0015471672850952026,-0.0015471672850952026
2020-06-25,0.0,0.0017528181444861147,-0.0017528181444861147
2020-06-26,0.0,0.01067024977394946,-0.01067024977394946
2020-06-27,0.0,0.021820449558105953,-0.021820449558105953
2020-06-28,0.0,0.005797937862957549,-0.005797937862957549
2020-06-29,0.0,0.02841978661765463,-0.02841978661765463
2020-06-30,0.0,0.0,0.0
2020-07-01,0.0,0.012316822311274738,-0.012316822311274738
2020-07-02,0.0,0.014340492882018807,-0.014340492882018807
2020-07-03,0.0,0.0,0.0
2020-07-04,0.0,0.0,0.0
2020-07-05,0.0,0.0,0.0
2020-07-06,0.0,0.0,0.0
2020-07-07,0.0,0.0,0.0
2020-07-08,0.0,0.0,0.0
2020-07-09,0.0,0.0,0.0
2020-07-10,0.0,0.0014011733501964395,-0.0014011733501964395
2020-07-11,0.0,0.005475118280502948,-0.005475118280502948
2020-07-12,0.0,0.004968157637863299,-0.004968157637863299
2020-07-13,0.0,0.006873152516707445,-0.006873152516707445
2020-07-14,0.0,0.0,0.0
2020-07-15,0.0,0.0,0.0
2020-07-16,0.0,0.0,0.0
2020-07-17,0.0,0.0,0.0
2020-07-18,0.0,0.0,0.0
2020-07-19,0.0,0.0,0.0
2020-07-20,0.0,0.0004208321254507619,-0.0004208321254507619
2020-07-21,0.0,0.0,0.0
2020-07-22,0.0,0.0,0.0
2020-07-23,0.0,0.011398789091837478,-0.011398789091837478
2020-07-24,0.0,0.0,0.0
2020-07-25,0.0,0.0,0.0
2020-07-26,0.0,0.00011188867807155535,-0.00011188867807155535
2020-07-27,0.0,0.0,0.0
2020-07-28,0.0,0.0,0.0
2020-07-29,0.0,0.0,0.0
2020-07-30,0.0,0.0,0.0
2020-07-31,0.0,0.0,0.0
2020-08-01,0.0,0.10795047958971755,-0.10795047958971755
2020-08-02,0.0,0.055399989986356174,-0.055399989986356174
2020-08-03,0.0,0.020156224291858205,-0.020156224291858205
2020-08-04,0.0,0.0,0.0
2020-08-05,0.0,0.00649071068992711,-0.00649071068992711
2020-08-06,0.0,0.0197231822135076,-0.0197231822135076
2020-08-07,0.0,0.0,0.0
2020-08-08,0.0,0.003422367846992537,-0.003422367846992537
2020-08-09,0.0,0.09430186965972745,-0.09430186965972745
2020-08-10,0.0,0.0,0.0
2020-08-11,0.0,0.0,0.0
2020-08-12,0.0,0.0,0.0
2020-08-13,0.0,0.0,0.0
2020-08-14,0.0,0.0,0.0
2020-08-15,0.0,0.0,0.0
2020-08-16,0.0,0.0,0.0
2020-08-17,0.0,0.0046216559320410135,-0.0046216559320410135
2020-08-18,0.0,0.024144363670903998,-0.024144363670903998
2020-08-19,0.0,0.024144363670903998,-0.024144363670903998
2020-08-20,0.0,0.024144363670903998,-0.024144363670903998
2020-08-21,0.0,0.026024455697426018,-0.026024455697426018
2020-08-22,0.0,0.03263932028695636,-0.03263932028695636
2020-08-23,0.0,0.125392290833673,-0.125392290833673
2020-08-24,0.0,0.08856342694712704,-0.08856342694712704
2020-08-25,0.0,0.09565792146410904,-0.09565792146410904
2020-08-26,0.0,0.1382603759756236,-0.1382603759756236
2020-08-27,0.0,0.1382603759756236,-0.1382603759756236
2020-08-28,0.0,0.08986452893992103,-0.08986452893992103
2020-08-29,0.0,0.1789866538869126,-0.1789866538869126
2020-08-30,0.0,0.0620525410137282,-0.0620525410137282
2020-08-31,0.0,0.06039524089767333,-0.06039524089767333
2020-09-01,0.0,0.05593932287886437,-0.05593932287886437
2020-09-02,0.0,0.06117136614322882,-0.06117136614322882
2020-09-03,0.0,0.08256568694760978,-0.08256568694760978
2020-09-04,0.0,0.05912354141552703,-0.05912354141552703
2020-09-05,0.0,0.06379299308872353,-0.06379299308872353
2020-09-06,0.0,0.0582591471415988,-0.0582591471415988
2020-09-07,0.0,0.0,0.0
2020-09-08,0.0,0.0,0.0
2020-09-09,0.0,0.0,0.0
2020-09-10,0.0,0.0,0.0
2020-09-11,0.0,0.0,0.0
2020-09-12,0.0,0.006864584590122656,-0.006864584590122656
2020-09-13,0.0,0.0,0.0
2020-09-14,0.0,0.0,0.0
2020-09-15,0.0,0.0,0.0
2020-09-16,0.0,0.0,0.0
2020-09-17,0.0,0.0,0.0
2020-09-18,0.0,0.0,0.0
2020-09-19,0.0,0.0,0.0
2020-09-20,0.0,0.0,0.0
2020-09-21,0.0,0.0,0.0
2020-09-22,0.0,0.0,0.0
2020-09-23,0.0,0.0,0.0
2020-09-24,0.0,0.0,0.0
2020-09-25,0.0,0.0,0.0
2020-09-26,0.0,0.0,0.0
2020-09-27,0.0,0.0,0.0
2020-09-28,0.0,0.0,0.0
2020-09-29,0.0,0.0,0.0
2020-09-30,0.0,0.00130585446429326,-0.00130585446429326
2020-10-01,0.0,0.00130585446429326,-0.00130585446429326
2020-10-02,0.0,0.00130585446429326,-0.00130585446429326
2020-10-03,0.0,0.00130585446429326,-0.00130585446429326
2020-10-04,0.0,0.0009397265480108944,-0.0009397265480108944
2020-10-05,0.0,0.0009397265480108944,-0.0009397265480108944
2020-10-06,0.0,0.00130585446429326,-0.00130585446429326
2020-10-07,0.0,0.00130585446429326,-0.00130585446429326
2020-10-08,0.0,0.00130585446429326,-0.00130585446429326
2020-10-09,0.0,0.00130585446429326,-0.00130585446429326
2020-10-10,0.0,0.00130585446429326,-0.00130585446429326
2020-10-11,0.0,0.00130585446429326,-0.00130585446429326
2020-10-12,0.0,0.00130585446429326,-0.00130585446429326
2020-10-13,0.0,0.00130585446429326,-0.00130585446429326
2020-10-14,0.0,0.00130585446429326,-0.00130585446429326
2020-10-15,0.0,0.00130585446429326,-0.00130585446429326
2020-10-16,0.0,0.00130585446429326,-0.00130585446429326
2020-10-17,0.0,0.00130585446429326,-0.00130585446429326
2020-10-18,0.0,0.00130585446429326,-0.00130585446429326
2020-10-19,0.0,0.00130585446429326,-0.00130585446429326
2020-10-20,0.0,0.00130585446429326,-0.00130585446429326
2020-10-21,0.0,0.00130585446429326,-0.00130585446429326
2020-10-22,0.0,0.00130585446429326,-0.00130585446429326
2020-10-23,0.0,0.00130585446429326,-0.00130585446429326
2020-10-24,0.0,0.00130585446429326,-0.00130585446429326
2020-10-25,0.0,0.00130585446429326,-0.00130585446429326
2020-10-26,0.0,0.00130585446429326,-0.00130585446429326
2020-10-27,0.0,0.00130585446429326,-0.00130585446429326
2020-10-28,0.0,0.00130585446429326,-0.00130585446429326
2020-10-29,0.0,0.00130585446429326,-0.00130585446429326
2020-10-30,0.0,0.00130585446429326,-0.00130585446429326
2020-10-31,0.0,0.00130585446429326,-0.00130585446429326
2020-11-01,0.0,0.00130585446429326,-0.00130585446429326
2020-11-02,0.0,0.0011448747034893921,-0.0011448747034893921
2020-11-03,0.0,0.0011448747034893921,-0.0011448747034893921
2020-11-04,0.0,0.0011448747034893921,-0.0011448747034893921
2020-11-05,0.0,0.0011448747034893921,-0.0011448747034893921
2020-11-06,0.0,0.00130585446429326,-0.00130585446429326
2020-11-07,0.0,0.00130585446429326,-0.00130585446429326
2020-11-08,0.0,0.00130585446429326,-0.00130585446429326
2020-11-09,0.0,0.00130585446429326,-0.00130585446429326
2020-11-10,0.0,0.00130585446429326,-0.00130585446429326
2020-11-11,0.0,0.00130585446429326,-0.00130585446429326
2020-11-12,0.0,0.00130585446429326,-0.00130585446429326
2020-11-13,0.0,0.00130585446429326,-0.00130585446429326
2020-11-14,0.0,0.00130585446429326,-0.00130585446429326
2020-11-15,0.0,0.00130585446429326,-0.00130585446429326
2020-11-16,0.0,0.00130585446429326,-0.00130585446429326
2020-11-17,0.0,0.00130585446429326,-0.00130585446429326
2020-11-18,0.0,0.00130585446429326,-0.00130585446429326
2020-11-19,0.0,0.0008815845441386662,-0.0008815845441386662
2020-11-20,0.0,0.00130585446429326,-0.00130585446429326
2020-11-21,0.0,0.00130585446429326,-0.00130585446429326
2020-11-22,0.0,0.00130585446429326,-0.00130585446429326
2020-11-23,0.0,0.00130585446429326,-0.00130585446429326
2020-11-24,0.0,0.00130585446429326,-0.00130585446429326
2020-11-25,0.0,0.00130585446429326,-0.00130585446429326
2020-11-26,0.0,0.00130585446429326,-0.00130585446429326
2020-11-27,0.0,0.00130585446429326,-0.00130585446429326
2020-11-28,0.0,0.00130585446429326,-0.00130585446429326
2020-11-29,0.0,0.00130585446429326,-0.00130585446429326
2020-11-30,0.0,0.0,0.0
2020-12-01,0.0,0.0,0.0
2020-12-02,0.0,0.0,0.0
2020-12-03,0.0,0.0,0.0
2020-12-04,0.0,0.0,0.0
2020-12-05,0.0,0.0,0.0
2020-12-06,0.0,0.0,0.0
2020-12-07,0.0,0.0,0.0
2020-12-08,0.0,0.0,0.0
2020-12-09,0.0,0.0,0.0
2020-12-10,0.0,0.0,0.0
2020-12-11,0.0,0.0,0.0
2020-12-12,0.0,0.0,0.0
2020-12-13,0.0,0.0,0.0
2020-12-14,0.0,0.0,0.0
2020-12-15,0.0,0.0,0.0
2020-12-16,0.0,0.0,0.0
2020-12-17,0.0,0.0,0.0
2020-12-18,0.0,0.0,0.0
2020-12-19,0.0,0.0,0.0
2020-12-20,0.0,0.0,0.0
2020-12-21,0.0,0.0,0.0
2020-12-22,0.0,0.0,0.0
2020-12-23,0.0,0.0,0.0
2020-12-24,0.0,0.0,0.0
2020-12-26,0.0,0.0,0.0
2020-12-27,0.0,0.0,0.0
2020-12-28,0.0,0.0,0.0
2020-12-29,0.0,0.0,0.0
2020-12-30,0.0,0.0,0.0
2020-12-31,0.0,0.0006707443874078412,-0.0006707443874078412
2021-01-01,0.0,0.0006707443874078412,-0.0006707443874078412
2021-01-02,0.0,0.0006707443874078412,-0.0006707443874078412
2021-01-03,0.0,0.0006707443874078412,-0.0006707443874078412
2021-01-04,0.0,0.0006707443874078412,-0.0006707443874078412
2021-01-05,0.0,0.0006707443874078412,-0.0006707443874078412
2021-01-06,0.0,0.0006707443874078412,-0.0006707443874078412
2021-01-07,0.0,0.0006707443874078412,-0.0006707443874078412
2021-01-08,0.0,0.0006707443874078412,-0.0006707443874078412
2021-01-09,0.0,0.0006707443874078412,-0.0006707443874078412
2021-01-10,0.0,0.0006707443874078412,-0.0006707443874078412
2021-01-11,0.0,0.0006707443874078412,-0.0006707443874078412
2021-01-12,0.0,0.0006707443874078412,-0.0006707443874078412
2021-01-13,0.0,0.0006707443874078412,-0.0006707443874078412
2021-01-14,0.0,0.0006707443874078412,-0.0006707443874078412
2021-01-15,0.0,0.0,0.0
2021-01-16,0.0,0.0,0.0
2021-01-17,0.0,0.0006707443874078412,-0.0006707443874078412
2021-01-18,0.0,0.0006707443874078412,-0.0006707443874078412
2021-01-19,0.0,0.0006707443874078412,-0.0006707443874078412
2021-01-20,0.0,0.0006707443874078412,-0.0006707443874078412
2021-01-21,0.0,0.0006707443874078412,-0.0006707443874078412
2021-01-22,0.0,0.0006707443874078412,-0.0006707443874078412
2021-01-23,0.0,0.0006707443874078412,-0.0006707443874078412
2021-01-24,0.0,0.0006707443874078412,-0.0006707443874078412
2021-01-25,0.0,0.0006707443874078412,-0.0006707443874078412
2021-01-26,0.0,0.0006707443874078412,-0.0006707443874078412
2021-01-27,0.0,0.0006707443874078412,-0.0006707443874078412
2021-01-28,0.0,0.0006707443874078412,-0.0006707443874078412
2021-01-29,0.0,0.0006707443874078412,-0.0006707443874078412
2021-01-30,0.0,0.0006707443874078412,-0.0006707443874078412
2021-01-31,0.0,0.0006707443874078412,-0.0006707443874078412
2021-02-01,0.0,0.0006707443874078412,-0.0006707443874078412
2021-02-02,0.0,0.0006707443874078412,-0.0006707443874078412
2021-02-03,0.0,0.0006707443874078412,-0.0006707443874078412
2021-02-04,0.0,0.0006707443874078412,-0.0006707443874078412
2021-02-05,0.0,0.0006707443874078412,-0.0006707443874078412
2021-02-06,0.0,0.0006707443874078412,-0.0006707443874078412
2021-02-07,0.0,0.0006707443874078412,-0.0006707443874078412
2021-02-08,0.0,0.0006707443874078412,-0.0006707443874078412
2021-02-09,0.0,0.0006707443874078412,-0.0006707443874078412
2021-02-10,0.0,0.0006707443874078412,-0.0006707443874078412
2021-02-11,0.0,0.0006707443874078412,-0.0006707443874078412
2021-02-12,0.0,0.0006707443874078412,-0.0006707443874078412
2021-02-13,0.0,0.0006707443874078412,-0.0006707443874078412
2021-02-14,0.0,0.0006707443874078412,-0.0006707443874078412
2021-02-15,0.0,0.0006707443874078412,-0.0006707443874078412
2021-02-16,0.0,0.0006707443874078412,-0.0006707443874078412
2021-02-17,0.0,0.0006707443874078412,-0.0006707443874078412
2021-02-18,0.0,0.0006707443874078412,-0.0006707443874078412
2021-02-19,0.0,0.0006707443874078412,-0.0006707443874078412
2021-02-20,0.0,0.0006707443874078412,-0.0006707443874078412
2021-02-21,0.0,0.0006707443874078412,-0.0006707443874078412
2021-02-22,0.0,0.0006707443874078412,-0.0006707443874078412
2021-02-23,0.0,0.00021034856156295191,-0.00021034856156295191
2021-02-24,0.0,0.00041597409945600425,-0.00041597409945600425
2021-02-25,0.0,0.0005097646266039733,-0.0005097646266039733
2021-02-26,0.0,0.0006707443874078412,-0.0006707443874078412
2021-02-27,0.0,0.0006707443874078412,-0.0006707443874078412
2021-02-28,0.0,0.0006707443874078412,-0.0006707443874078412
2021-03-01,0.0,0.0006707443874078412,-0.0006707443874078412
2021-03-02,0.0,1.4752529903852697e-05,-1.4752529903852697e-05
2021-03-03,0.0,0.0003141685949448739,-0.0003141685949448739
2021-03-04,0.0,0.0003141685949448739,-0.0003141685949448739
2021-03-05,0.0,0.0003141685949448739,-0.0003141685949448739
2021-03-06,0.0,0.0,0.0
2021-03-07,0.0,0.0,0.0
2021-03-08,0.0,0.0,0.0
2021-03-09,0.0,0.0,0.0
2021-03-10,0.0,0.0002569252322938937,-0.0002569252322938937
2021-03-11,0.0,0.0,0.0
2021-03-12,0.0,0.0,0.0
2021-03-13,0.0,0.0,0.0
2021-03-14,0.0,0.0,0.0
2021-03-15,0.0,0.0,0.0
2021-03-16,0.0,0.0018227369661171482,-0.0018227369661171482
2021-03-17,0.0,5.5897565526409566e-05,-5.5897565526409566e-05
2021-03-18,0.0,0.0,0.0
2021-03-19,0.0,0.0,0.0
2021-03-20,0.0,0.00044839046646269037,-0.00044839046646269037
2021-03-21,0.0,0.004320769174051341,-0.004320769174051341
2021-03-22,0.0,0.0018282389514971773,-0.0018282389514971773
2021-03-23,0.0,0.0013986035317803767,-0.0013986035317803767
2021-03-24,0.0,0.0013986035317803767,-0.0013986035317803767
2021-03-25,0.0,0.0013986035317803767,-0.0013986035317803767
2021-03-26,0.0,0.0021276550165381983,-0.0021276550165381983
2021-03-27,0.0,0.0010300384242228832,-0.0010300384242228832
2021-03-28,0.0,0.0,0.0
2021-03-29,0.0,0.0,0.0
2021-03-30,0.0,0.0,0.0
2021-03-31,0.0,0.0,0.0
2021-04-01,0.0,0.0,0.0
2021-04-02,0.0,0.00044547386754089675,-0.00044547386754089675
2021-04-03,0.0,0.00044547386754089675,-0.00044547386754089675
2021-04-04,0.0,0.0,0.0
2021-04-05,0.0,0.0,0.0
2021-04-06,0.0,0.0,0.0
2021-04-07,0.0,0.012967141558485065,-0.012967141558485065
2021-04-08,0.0,0.20430043311031928,-0.20430043311031928
2021-04-09,0.0,0.06624115509655205,-0.06624115509655205
2021-04-10,0.14304341494859532,0.08225327621431669,0.06079013873427863
2021-04-11,0.29636868816623363,0.035267703842149355,0.2611009843240843
2021-04-12,0.29636868816623363,0.13926634749424116,0.15710234067199247
2021-04-13,0.29636868816623363,0.01414510469510751,0.28222358347112614
2021-04-14,0.29636868816623363,0.01978863236094131,0.2765800558052923
2021-04-15,0.29636868816623363,0.015085377580251545,0.2812833105859821
2021-04-16,0.29636868816623363,0.015291331183283971,0.28107735698294967
2021-04-17,0.29636868816623363,0.0,0.29636868816623363
2021-04-18,0.29636868816623363,0.011843354648984197,0.28452533351724946
2021-04-19,0.29636868816623363,0.0024868513997878807,0.29388183676644575
2021-04-20,0.29636868816623363,0.005237267987965428,0.2911314201782682
2021-04-21,0.29636868816623363,0.21074152141144417,0.08562716675478946
2021-04-22,0.29636868816623363,0.15499928168565227,0.14136940648058136
2021-04-23,0.29636868816623363,0.0024923296671464108,0.2938763584990872
2021-04-24,0.29636868816623363,0.031413790000593196,0.26495489816564044
2021-04-25,0.29636868816623363,0.13313398239075752,0.1632347057754761
2021-04-26,0.29636868816623363,0.15559120509587357,0.14077748307036006
2021-04-27,0.29636868816623363,0.09615818548163017,0.20021050268460344
2021-04-28,0.29636868816623363,0.09498418410601835,0.2013845040602153
2021-04-29,0.29636868816623363,0.21752564742176972,0.07884304074446391
2021-04-30,0.29636868816623363,0.283177444218662,0.013191243947571651
2021-05-01,0.29636868816623363,0.30234774221107796,-0.005979054044844334
2021-05-02,0.29636868816623363,0.30234774221107796,-0.005979054044844334
2021-05-03,0.29636868816623363,0.3011479510193227,-0.00477926285308905
2021-05-04,0.29636868816623363,0.36186743315202163,-0.065498744985788
2021-05-05,0.29636868816623363,0.36344003856823853,-0.0670713504020049
2021-05-06,0.29636868816623363,0.2480504104479834,0.04831827771825023
2021-05-07,0.29636868816623363,0.25378816556199096,0.042580522604242665
2021-05-08,0.29636868816623363,0.2480823310184536,0.04828635714778004
2021-05-09,0.29636868816623363,0.3885074248094128,-0.09213873664317918
2021-05-10,0.29636868816623363,0.5723533483668706,-0.27598466020063694
2021-05-11,0.29636868816623363,0.8602908196216358,-0.5639221314554022
2021-05-12,0.29636868816623363,0.8522222712514622,-0.5558535830852286
2021-05-13,0.29636868816623363,0.7361053025906987,-0.4397366144244651
2021-05-14,0.29636868816623363,1.009199973916177,-0.7128312857499434
2021-05-15,0.29636868816623363,1.0554014046219027,-0.759032716455669
2021-05-16,0.29636868816623363,0.8289020012491256,-0.532533313082892
2021-05-17,0.29636868816623363,0.7981005887722807,-0.5017319006060471
2021-05-18,0.29636868816623363,0.8638131755673277,-0.5674444874010941
2021-05-19,0.29636868816623363,0.880271607197326,-0.5839029190310924
2021-05-20,0.29636868816623363,0.6298806196077493,-0.3335119314415157
2021-05-21,0.29636868816623363,0.5514654111273708,-0.25509672296113717
2021-05-22,0.29636868816623363,0.5635016690176687,-0.2671329808514351
2021-05-23,0.29636868816623363,0.5859437962950941,-0.28957510812886045
2021-05-24,0.29636868816623363,0.7910756706662735,-0.49470698250003986
2021-05-25,0.29636868816623363,1.1498960936637956,-0.853527405497562
2021-05-26,0.29636868816623363,1.1655758433644408,-0.8692071551982071
2021-05-27,0.29636868816623363,1.0709153837933456,-0.774546695627112
2021-05-28,0.29636868816623363,1.0887615829999309,-0.7923928948336972
2021-05-29,0.29636868816623363,0.8951491046606623,-0.5987804164944287
2021-05-30,0.29636868816623363,0.5212001004988959,-0.22483141233266224
2021-05-31,0.29636868816623363,0.5151925201102083,-0.2188238319439747
2021-06-01,0.29636868816623363,0.9664030465864251,-0.6700343584201914
2021-06-02,0.29636868816623363,0.7491478537400251,-0.4527791655737915
2021-06-03,0.29636868816623363,0.6286662594529256,-0.332297571286692
2021-06-04,0.29636868816623363,0.4022792903799937,-0.10591060221376009
2021-06-05,0.29636868816623363,0.4007605885786459,-0.10439190041241225
2021-06-06,0.29636868816623363,0.4029896928446409,-0.1066210046784073
2021-06-07,0.29636868816623363,0.40149032063878287,-0.10512163247254924
2021-06-08,0.29636868816623363,0.14110026100488066,0.15526842716135297
2021-06-09,0.29636868816623363,0.13133506480410495,0.16503362336212868
2021-06-10,0.29636868816623363,0.026732507863969808,0.26963618030226383
2021-06-11,0.29636868816623363,0.03534563142528538,0.2610230567409483
2021-06-12,0.29636868816623363,0.01674369883286035,0.27962498933337326
2021-06-13,0.29636868816623363,0.010582882117095092,0.28578580604913856
2021-06-14,0.29636868816623363,0.001483995972701799,0.2948846921935318
2021-06-15,0.29636868816623363,0.04579155050395921,0.2505771376622744
2021-06-16,0.29636868816623363,0.05578804958228728,0.24058063858394635
2021-06-17,0.29636868816623363,0.4522800510723069,-0.15591136290607327
2021-06-18,0.29636868816623363,0.48938621114396336,-0.19301752297772973
2021-06-19,0.29636868816623363,0.5282233474618256,-0.231854659295592
2021-06-20,0.29636868816623363,0.5376243830548842,-0.24125569488865062
2021-06-21,0.29636868816623363,0.5688568686738809,-0.2724881805076472
2021-06-22,0.29636868816623363,0.5559122379582655,-0.25954354979203187
2021-06-23,0.29636868816623363,0.5550988142442865,-0.2587301260780529
2021-06-24,0.29636868816623363,0.09248944905012997,0.20387923911610367
2021-06-25,0.29636868816623363,0.029723703242517947,0.2666449849237157
2021-06-26,0.29636868816623363,0.043272763011867256,0.25309592515436635
2021-06-27,0.29636868816623363,0.03503327641808788,0.26133541174814573
2021-06-28,0.29636868816623363,0.035558074510472805,0.2608106136557608
2021-06-29,0.29636868816623363,0.035558074510472805,0.2608106136557608
2021-06-30,0.29636868816623363,0.06135598916484101,0.23501269900139263
2021-07-01,0.29636868816623363,0.06135598916484101,0.23501269900139263
2021-07-02,0.29636868816623363,0.06466624455371944,0.2317024436125142
2021-07-03,0.1533252732176383,0.0658218370773688,0.08750343614026951
2021-07-04,0.0,0.04042670208371283,-0.04042670208371283
2021-07-05,0.0,0.04297551649731793,-0.04297551649731793
2021-07-06,0.0,0.04770773134799727,-0.04770773134799727
2021-07-07,0.0,0.008717570701870864,-0.008717570701870864
2021-07-08,0.0,0.0,0.0
2021-07-09,0.0,0.0,0.0
2021-07-10,0.0,0.0,0.0
2021-07-11,0.0,0.0,0.0
2021-07-12,0.0,0.0,0.0
2021-07-13,0.0,0.0,0.0
2021-07-14,0.0,0.0,0.0
2021-07-15,0.0,0.0,0.0
2021-07-16,0.0,0.0,0.0
2021-07-17,0.0,0.0,0.0
2021-07-18,0.0,0.0,0.0
2021-07-19,0.0,0.0,0.0
2021-07-20,0.0,0.0,0.0
2021-07-21,0.0,0.0,0.0
2021-07-22,0.0,0.0,0.0
2021-07-23,0.0,0.0,0.0
2021-07-24,0.0,0.0,0.0
2021-07-25,0.0,0.0,0.0
2021-07-26,0.0,0.0,0.0
2021-07-27,0.0,0.0,0.0
2021-07-28,0.0,0.0,0.0
2021-07-29,0.0,0.0,0.0
2021-07-30,0.0,0.0,0.0
2021-07-31,0.0,0.0,0.0
2021-08-01,0.0,0.0,0.0
2021-08-02,0.0,0.0,0.0
2021-08-03,0.0,0.0,0.0
2021-08-04,0.0,0.0,0.0
2021-08-05,0.0,0.0,0.0
2021-08-06,0.0,0.0,0.0
2021-08-07,0.0,0.0,0.0
2021-08-08,0.0,0.0,0.0
2021-08-09,0.0,0.0,0.0
2021-08-10,0.0,0.0,0.0
2021-08-11,0.0,0.0,0.0
2021-08-12,0.0,0.0,0.0
2021-08-13,0.0,0.0,0.0
2021-08-14,0.0,0.0001742741034240995,-0.0001742741034240995
2021-08-15,0.0,0.0,0.0
2021-08-16,0.0,0.0,0.0
2021-08-17,0.0,0.00015157064323326902,-0.00015157064323326902
2021-08-18,0.0,0.00015157064323326902,-0.00015157064323326902
2021-08-19,0.0,0.00015157064323326902,-0.00015157064323326902
2021-08-20,0.0,0.00015157064323326902,-0.00015157064323326902
2021-08-21,0.0,3.834505601086058e-05,-3.834505601086058e-05
2021-08-22,0.0,1.0026645167306114,-1.0026645167306114
2021-08-23,0.0,3.834505601086058e-05,-3.834505601086058e-05
2021-08-24,0.0,3.834505601086058e-05,-3.834505601086058e-05
2021-08-25,0.0,3.834505601086058e-05,-3.834505601086058e-05
2021-08-26,0.0,0.0,0.0
2021-08-27,0.0,0.0,0.0
2021-08-28,0.0,3.834505601086058e-05,-3.834505601086058e-05
2021-08-29,0.0,0.05121202040285678,-0.05121202040285678
2021-08-30,0.0,0.00015332145167062697,-0.00015332145167062697
2021-08-31,0.0,0.00015332145167062697,-0.00015332145167062697
2021-09-01,0.0,0.00015332145167062697,-0.00015332145167062697
2021-09-02,0.0,0.00015332145167062697,-0.00015332145167062697
2021-09-03,0.0,0.00015332145167062697,-0.00015332145167062697
2021-09-04,0.0,0.00015332145167062697,-0.00015332145167062697
2021-09-05,0.0,0.00015332145167062697,-0.00015332145167062697
2021-09-06,0.0,0.00015332145167062697,-0.00015332145167062697
2021-09-07,0.0,0.00015332145167062697,-0.00015332145167062697
2021-09-08,0.0,0.00015332145167062697,-0.00015332145167062697
2021-09-09,0.0,0.00015332145167062697,-0.00015332145167062697
2021-09-10,0.0,0.00015332145167062697,-0.00015332145167062697
2021-09-11,0.0,0.00015332145167062697,-0.00015332145167062697
2021-09-12,0.0,0.00015332145167062697,-0.00015332145167062697
2021-09-13,0.0,0.00015332145167062697,-0.00015332145167062697
2021-09-14,0.0,0.00015332145167062697,-0.00015332145167062697
2021-09-15,0.0,0.00015332145167062697,-0.00015332145167062697
2021-09-16,0.0,0.00015332145167062697,-0.00015332145167062697
2021-09-17,0.0,0.00015332145167062697,-0.00015332145167062697
2021-09-18,0.0,0.00015332145167062697,-0.00015332145167062697
2021-09-19,0.0,0.00015332145167062697,-0.00015332145167062697
2021-09-20,0.0,0.00015332145167062697,-0.00015332145167062697
2021-09-21,0.0,0.00015332145167062697,-0.00015332145167062697
2021-09-22,0.0,0.00015332145167062697,-0.00015332145167062697
2021-09-23,0.0,0.00015332145167062697,-0.00015332145167062697
2021-09-24,0.0,0.00015332145167062697,-0.00015332145167062697
2021-09-25,0.0,0.00015332145167062697,-0.00015332145167062697
2021-09-26,0.0,0.00015332145167062697,-0.00015332145167062697
2021-09-27,0.0,0.00015332145167062697,-0.00015332145167062697
2021-09-28,0.0,0.00015332145167062697,-0.00015332145167062697
2021-09-29,0.0,0.00015332145167062697,-0.00015332145167062697
2021-09-30,0.0,0.0,0.0
2021-10-01,0.0,1.3905644420766013e-05,-1.3905644420766013e-05
2021-10-02,0.0,1.3905644420766013e-05,-1.3905644420766013e-05
2021-10-03,0.0,1.3905644420766013e-05,-1.3905644420766013e-05
2021-10-04,0.0,1.3905644420766013e-05,-1.3905644420766013e-05
2021-10-05,0.0,1.3905644420766013e-05,-1.3905644420766013e-05
2021-10-06,0.0,1.3905644420766013e-05,-1.3905644420766013e-05
2021-10-07,0.0,1.3905644420766013e-05,-1.3905644420766013e-05
2021-10-08,0.0,1.3905644420766013e-05,-1.3905644420766013e-05
2021-10-09,0.0,1.3905644420766013e-05,-1.3905644420766013e-05
2021-10-10,0.0,1.3905644420766013e-05,-1.3905644420766013e-05
2021-10-11,0.0,1.3905644420766013e-05,-1.3905644420766013e-05
2021-10-12,0.0,1.3905644420766013e-05,-1.3905644420766013e-05
2021-10-13,0.0,1.3905644420766013e-05,-1.3905644420766013e-05
2021-10-14,0.0,1.3905644420766013e-05,-1.3905644420766013e-05
2021-10-15,0.0,1.3905644420766013e-05,-1.3905644420766013e-05
2021-10-16,0.0,1.3905644420766013e-05,-1.3905644420766013e-05
2021-10-17,0.0,1.3905644420766013e-05,-1.3905644420766013e-05
2021-10-18,0.0,1.3905644420766013e-05,-1.3905644420766013e-05
2021-10-19,0.0,1.3905644420766013e-05,-1.3905644420766013e-05
2021-10-20,0.0,1.3905644420766013e-05,-1.3905644420766013e-05
2021-10-21,0.0,1.3905644420766013e-05,-1.3905644420766013e-05
2021-10-22,0.0,1.3905644420766013e-05,-1.3905644420766013e-05
2021-10-23,0.0,1.3905644420766013e-05,-1.3905644420766013e-05
2021-10-24,0.0,1.3905644420766013e-05,-1.3905644420766013e-05
2021-10-25,0.0,1.3905644420766013e-05,-1.3905644420766013e-05
2021-10-26,0.0,1.3905644420766013e-05,-1.3905644420766013e-05
2021-10-27,0.0,1.3905644420766013e-05,-1.3905644420766013e-05
2021-10-28,0.0,1.3905644420766013e-05,-1.3905644420766013e-05
2021-10-29,0.0,1.3905644420766013e-05,-1.3905644420766013e-05
2021-10-30,0.0,0.0,0.0
2021-10-31,0.0,0.1818174235210435,-0.1818174235210435
2021-11-01,0.0,0.1818174235210435,-0.1818174235210435
2021-11-02,0.0,0.1818174235210435,-0.1818174235210435
2021-11-03,0.0,0.1818174235210435,-0.1818174235210435
2021-11-04,0.0,0.1818174235210435,-0.1818174235210435
2021-11-05,0.0,0.1818174235210435,-0.1818174235210435
2021-11-06,0.0,0.1818174235210435,-0.1818174235210435
2021-11-07,0.0,0.1818174235210435,-0.1818174235210435
2021-11-08,0.0,0.1818174235210435,-0.1818174235210435
2021-11-09,0.0,0.1818174235210435,-0.1818174235210435
2021-11-10,0.0,0.1818174235210435,-0.1818174235210435
2021-11-11,0.0,0.1818174235210435,-0.1818174235210435
2021-11-12,0.0,0.1818174235210435,-0.1818174235210435
2021-11-13,0.0,0.1818174235210435,-0.1818174235210435
2021-11-14,0.0,0.1818174235210435,-0.1818174235210435
2021-11-15,0.0,0.1818174235210435,-0.1818174235210435
2021-11-16,0.0,0.18017834705708272,-0.18017834705708272
2021-11-17,0.0,0.1818174235210435,-0.1818174235210435
2021-11-18,0.0,0.1818174235210435,-0.1818174235210435
2021-11-19,0.0,0.15823960688938532,-0.15823960688938532
2021-11-20,0.0,0.15823960688938532,-0.15823960688938532
2021-11-21,0.0,0.15823960688938532,-0.15823960688938532
2021-11-22,0.0,0.15823960688938532,-0.15823960688938532
2021-11-23,0.0,0.15823960688938532,-0.15823960688938532
2021-11-24,0.0,0.15823960688938532,-0.15823960688938532
2021-11-25,0.0,0.15823960688938532,-0.15823960688938532
2021-11-26,0.0,0.15823960688938532,-0.15823960688938532
2021-11-27,0.0,0.15823960688938532,-0.15823960688938532
2021-11-28,0.0,0.15823960688938532,-0.15823960688938532
2021-11-29,0.0,0.15823960688938532,-0.15823960688938532
2021-11-30,0.0,1.3905644420766013e-05,-1.3905644420766013e-05
2021-12-01,0.0,0.0,0.0
2021-12-02,0.0,0.0,0.0
2021-12-03,0.0,1.3905644420766013e-05,-1.3905644420766013e-05
2021-12-04,0.0,1.3905644420766013e-05,-1.3905644420766013e-05
2021-12-05,0.0,1.3905644420766013e-05,-1.3905644420766013e-05
2021-12-06,0.0,1.3905644420766013e-05,-1.3905644420766013e-05
2021-12-07,0.0,1.3905644420766013e-05,-1.3905644420766013e-05
2021-12-08,0.0,1.3905644420766013e-05,-1.3905644420766013e-05
2021-12-09,0.0,1.3905644420766013e-05,-1.3905644420766013e-05
2021-12-10,0.0,1.3905644420766013e-05,-1.3905644420766013e-05
2021-12-11,0.0,1.3905644420766013e-05,-1.3905644420766013e-05
2021-12-12,0.0,1.3905644420766013e-05,-1.3905644420766013e-05
2021-12-13,0.0,1.3905644420766013e-05,-1.3905644420766013e-05
2021-12-14,0.0,1.3905644420766013e-05,-1.3905644420766013e-05
2021-12-15,0.0,1.3905644420766013e-05,-1.3905644420766013e-05
2021-12-16,0.0,1.3905644420766013e-05,-1.3905644420766013e-05
2021-12-17,0.0,1.3905644420766013e-05,-1.3905644420766013e-05
2021-12-18,0.0,0.0,0.0
2021-12-19,0.0,0.0,0.0
2021-12-20,0.0,0.0,0.0
2021-12-21,0.0,0.0,0.0
2021-12-22,0.0,1.3905644420766013e-05,-1.3905644420766013e-05
2021-12-23,0.0,1.3905644420766013e-05,-1.3905644420766013e-05
2021-12-24,0.0,1.3905644420766013e-05,-1.3905644420766013e-05
2021-12-26,0.0,0.0,0.0
2021-12-27,0.0,0.0,0.0
2021-12-28,0.0,0.0,0.0
2021-12-29,0.0,0.0,0.0
2021-12-30,0.0,1.3905644420766013e-05,-1.3905644420766013e-05
2021-12-31,0.0,0.0,0.0
2022-01-01,0.0,0.0,0.0
2022-01-02,0.0,0.0,0.0
2022-01-03,0.0,0.0,0.0
2022-01-04,0.0,0.0,0.0
2022-01-05,0.0,0.0,0.0
2022-01-06,0.0,0.0,0.0
2022-01-07,0.0,0.0,0.0
2022-01-08,0.0,0.0,0.0
2022-01-09,0.0,0.0,0.0
2022-01-10,0.0,0.0,0.0
2022-01-11,0.0,0.0,0.0
2022-01-12,0.0,0.0,0.0
2022-01-13,0.0,0.0,0.0
2022-01-14,0.0,0.0,0.0
2022-01-15,0.0,0.0,0.0
2022-01-16,0.0,0.0,0.0
2022-01-17,0.0,0.0,0.0
2022-01-18,0.0,0.0,0.0
2022-01-19,0.0,0.0,0.0
2022-01-20,0.0,0.0,0.0
2022-01-21,0.0,0.0,0.0
2022-01-22,0.0,0.0,0.0
2022-01-23,0.0,0.0,0.0
2022-01-24,0.0,0.0,0.0
2022-01-25,0.0,0.0,0.0
2022-01-26,0.0,0.0,0.0
2022-01-27,0.0,0.0,0.0
2022-01-28,0.0,0.0,0.0
2022-01-29,0.0,0.0,0.0
2022-01-30,0.0,0.0,0.0
2022-01-31,0.0,0.0,0.0
2022-02-01,0.0,0.0,0.0
2022-02-02,0.0,0.0,0.0
2022-02-03,0.0,0.0,0.0
2022-02-04,0.0,0.0,0.0
2022-02-05,0.0,0.0,0.0
2022-02-06,0.0,0.0,0.0
2022-02-07,0.0,1.3905644420766013e-05,-1.3905644420766013e-05
2022-02-08,0.0,1.3905644420766013e-05,-1.3905644420766013e-05
2022-02-09,0.0,1.3905644420766013e-05,-1.3905644420766013e-05
2022-02-10,0.0,0.0,0.0
2022-02-11,0.0,1.3905644420766013e-05,-1.3905644420766013e-05
2022-02-12,0.0,1.3905644420766013e-05,-1.3905644420766013e-05
2022-02-13,0.0,0.0,0.0
2022-02-14,0.0,1.3905644420766013e-05,-1.3905644420766013e-05
2022-02-15,0.0,1.3905644420766013e-05,-1.3905644420766013e-05
2022-02-16,0.0,1.3905644420766013e-05,-1.3905644420766013e-05
2022-02-17,0.0,0.0,0.0
2022-02-18,0.0,1.3905644420766013e-05,-1.3905644420766013e-05
2022-02-19,0.0,1.3905644420766013e-05,-1.3905644420766013e-05
2022-02-20,0.0,1.3905644420766013e-05,-1.3905644420766013e-05
2022-02-21,0.0,1.3905644420766013e-05,-1.3905644420766013e-05
2022-02-22,0.0,1.3905644420766013e-05,-1.3905644420766013e-05
2022-02-23,0.0,0.0,0.0
2022-02-24,0.0,1.3905644420766013e-05,-1.3905644420766013e-05
2022-02-25,0.0,1.3905644420766013e-05,-1.3905644420766013e-05
2022-02-26,0.0,1.3905644420766013e-05,-1.3905644420766013e-05
2022-02-27,0.0,1.3905644420766013e-05,-1.3905644420766013e-05
2022-02-28,0.0,1.3905644420766013e-05,-1.3905644420766013e-05
2022-03-01,0.0,0.0,0.0
2022-03-02,0.0,3.834505601086058e-05,-3.834505601086058e-05
2022-03-03,0.0,3.834505601086058e-05,-3.834505601086058e-05
2022-03-04,0.0,3.834505601086058e-05,-3.834505601086058e-05
2022-03-05,0.0,3.834505601086058e-05,-3.834505601086058e-05
2022-03-06,0.0,3.834505601086058e-05,-3.834505601086058e-05
2022-03-07,0.0,3.834505601086058e-05,-3.834505601086058e-05
2022-03-08,0.0,0.0,0.0
2022-03-09,0.0,3.834505601086058e-05,-3.834505601086058e-05
2022-03-10,0.0,3.834505601086058e-05,-3.834505601086058e-05
2022-03-11,0.0,3.834505601086058e-05,-3.834505601086058e-05
2022-03-12,0.0,3.834505601086058e-05,-3.834505601086058e-05
2022-03-13,0.0,3.834505601086058e-05,-3.834505601086058e-05
2022-03-14,0.0,3.834505601086058e-05,-3.834505601086058e-05
2022-03-15,0.0,0.0,0.0
2022-03-16,0.0,0.00185065038420982,-0.00185065038420982
2022-03-17,0.0,0.0016103878748704179,-0.0016103878748704179
2022-03-18,0.0,0.0012800571916668489,-0.0012800571916668489
2022-03-19,0.0,0.0,0.0
2022-03-20,0.0,0.0012038791937099243,-0.0012038791937099243
2022-03-21,0.0,0.005076257901298578,-0.005076257901298578
2022-03-22,0.0,0.0028831437437854333,-0.0028831437437854333
2022-03-23,0.0,0.0028831437437854333,-0.0028831437437854333
2022-03-24,0.0,0.0028831437437854333,-0.0028831437437854333
2022-03-25,0.0,0.0017855271514701176,-0.0017855271514701176
2022-03-26,0.16061693876275637,5.2282334012883824e-05,0.16056465642874349
2022-03-27,0.31335014249534304,0.002539954303054434,0.3108101881922886
2022-03-28,0.4994296809512139,0.002539954303054434,0.49688972664815945
2022-03-29,0.6893959014309168,0.005841738709166454,0.6835541627217503
2022-03-30,0.8606840475357151,0.11075761401316282,0.7499264335225523
2022-03-31,1.0333972503561755,0.11057890913850317,0.9228183412176723
2022-04-01,1.2072722097402864,0.020375590168486495,1.1868966195717998
2022-04-02,1.2072722097402864,0.021848653632007144,1.1854235561082793
2022-04-03,1.2072722097402864,0.022235707891029913,1.1850365018492564
2022-04-04,1.2072722097402864,0.022235707891029913,1.1850365018492564
2022-04-05,1.2072722097402864,0.023165369208376276,1.1841068405319102
2022-04-06,1.2072722097402864,0.023165369208376276,1.1841068405319102
2022-04-07,1.2072722097402864,0.0193875238312541,1.1878846859090322
2022-04-08,1.2072722097402864,0.03371059475465139,1.173561614985635
2022-04-09,1.2072722097402864,0.07168881699150911,1.1355833927487773
2022-04-10,1.2072722097402864,0.23186494796618,0.9754072617741063
2022-04-11,1.2072722097402864,0.34142972767623003,0.8658424820640563
2022-04-12,1.2072722097402864,0.4883502582225037,0.7189219515177827
2022-04-13,1.2072722097402864,0.6153164357168938,0.5919557740233926
2022-04-14,1.2072722097402864,0.465339271685205,0.7419329380550814
2022-04-15,1.2072722097402864,0.5805606629409886,0.6267115467992977
2022-04-16,1.2072722097402864,0.5262690154152904,0.681003194324996
2022-04-17,1.2072722097402864,0.5745603683575061,0.6327118413827802
2022-04-18,1.2072722097402864,0.6936403481685719,0.5136318615717145
2022-04-19,1.2072722097402864,0.5790270810516084,0.628245128688678
2022-04-20,1.2072722097402864,0.4552021604999387,0.7520700492403476
2022-04-21,1.2072722097402864,0.719945804116965,0.4873264056233214
2022-04-22,1.2072722097402864,0.4872821020609597,0.7199901076793267
2022-04-23,1.2072722097402864,0.4802703503655233,0.7270018593747631
2022-04-24,1.2072722097402864,0.3162564105389776,0.8910157992013088
2022-04-25,1.2072722097402864,0.5395968568407261,0.6676753528995603
2022-04-26,1.2072722097402864,0.5910213920130923,0.616250817727194
2022-04-27,1.2072722097402864,0.6423581165849419,0.5649140931553445
2022-04-28,1.2072722097402864,0.6397511083586036,0.5675211013816828
2022-04-29,1.2072722097402864,0.8530524456406684,0.354219764099618
2022-04-30,1.2072722097402864,0.9645240316445405,0.2427481780957459
2022-05-01,1.2072722097402864,0.8871408119620289,0.3201313977782575
2022-05-02,1.2072722097402864,1.0647337862097315,0.1425384235305549
2022-05-03,1.2072722097402864,1.0462073791713329,0.1610648305689535
2022-05-04,1.2072722097402864,1.0085886673291389,0.1986835424111475
2022-05-05,1.2072722097402864,0.890995320939648,0.3162768888006384
2022-05-06,1.2072722097402864,0.5927074253220388,0.6145647844182476
2022-05-07,1.2072722097402864,0.5539257605889372,0.6533464491513492
2022-05-08,1.2072722097402864,0.48630001048524657,0.7209721992550397
2022-05-09,1.2072722097402864,0.7586141014864863,0.44865810825380004
2022-05-10,1.2072722097402864,0.761628607529396,0.4456436022108904
2022-05-11,1.2072722097402864,1.2991745641395622,-0.09190235439927585
2022-05-12,1.2072722097402864,1.3990679397022074,-0.19179572996192107
2022-05-13,1.2072722097402864,1.398067658407941,-0.19079544866765463
2022-05-14,1.2072722097402864,1.4276839843093354,-0.22041177456904903
2022-05-15,1.2072722097402864,1.4200560160845055,-0.21278380634421912
2022-05-16,1.2072722097402864,1.3312004415662904,-0.12392823182600399
2022-05-17,1.2072722097402864,1.3097131339447814,-0.10244092420449502
2022-05-18,1.2072722097402864,1.017896781599542,0.18937542814074426
2022-05-19,1.2072722097402864,0.9725511781581891,0.23472103158209723
2022-05-20,1.2072722097402864,0.4398307199000867,0.7674414898401997
2022-05-21,1.2072722097402864,0.4700497723930328,0.7372224373472536
2022-05-22,1.2072722097402864,0.23598381610066171,0.9712883936396246
2022-05-23,1.2072722097402864,0.18022731422051685,1.0270448955197695
2022-05-24,1.2072722097402864,0.13119757380884656,1.0760746359314397
2022-05-25,1.2072722097402864,0.00645550924997086,1.2008167004903154
2022-05-26,1.2072722097402864,0.0,1.2072722097402864
2022-05-27,1.2072722097402864,0.0,1.2072722097402864
2022-05-28,1.2072722097402864,0.0,1.2072722097402864
2022-05-29,1.2072722097402864,0.015894704491795843,1.1913775052484905
2022-05-30,1.2072722097402864,0.015894704491795843,1.1913775052484905
2022-05-31,1.2072722097402864,0.0279338761262194,1.179338333614067
2022-06-01,1.2072722097402864,0.021025807598595465,1.186246402141691
2022-06-02,1.2072722097402864,0.0,1.2072722097402864
2022-06-03,1.2072722097402864,0.0005928803541644472,1.206679329386122
2022-06-04,1.2072722097402864,0.0,1.2072722097402864
2022-06-05,1.2072722097402864,0.0,1.2072722097402864
2022-06-06,1.2072722097402864,0.0,1.2072722097402864
2022-06-07,1.2072722097402864,0.00011540467055081882,1.2071568050697357
2022-06-08,1.2072722097402864,0.0,1.2072722097402864
2022-06-09,1.2072722097402864,0.0,1.2072722097402864
2022-06-10,1.2072722097402864,0.00733929067474393,1.1999329190655423
2022-06-11,1.2072722097402864,0.013768533812714421,1.193503675927572
2022-06-12,1.2072722097402864,0.013768533812714421,1.193503675927572
2022-06-13,1.2072722097402864,0.01309484387604121,1.1941773658642452
2022-06-14,1.2072722097402864,0.010144157141518007,1.1971280525987684
2022-06-15,1.2072722097402864,0.03750424199715523,1.1697679677431312
2022-06-16,1.2072722097402864,0.03750424199715523,1.1697679677431312
2022-06-17,1.2072722097402864,0.03750424199715523,1.1697679677431312
2022-06-18,1.0466552709775299,0.03489956903504342,1.0117557019424865
2022-06-19,0.8939220672449432,0.03489956903504342,0.8590224982098997
2022-06-20,0.7078425287890724,0.03441465271612054,0.6734278760729518
2022-06-21,0.5178763083093695,0.03759458157554762,0.48028172673382186
2022-06-22,0.3465881622045711,0.04164169765358294,0.30494646455098817
2022-06-23,0.17387495938411085,0.0398284394460037,0.13404651993810715
2022-06-24,0.0,0.0398284394460037,-0.0398284394460037
2022-06-25,0.0,0.019640607134147184,-0.019640607134147184
2022-06-26,0.0,0.023535117259520424,-0.023535117259520424
2022-06-27,0.0,0.03992828045703643,-0.03992828045703643
2022-06-28,0.0,0.023535117259520424,-0.023535117259520424
2022-06-29,0.0,0.04502627296465011,-0.04502627296465011
2022-06-30,0.0,0.028583638143136324,-0.028583638143136324
2022-07-01,0.0,0.03806873281302839,-0.03806873281302839
2022-07-02,0.0,0.03791372258087779,-0.03791372258087779
2022-07-03,0.0,0.021675569615512383,-0.021675569615512383
2022-07-04,0.0,0.017488759802248,-0.017488759802248
2022-07-05,0.0,0.0010955966047319899,-0.0010955966047319899
2022-07-06,0.0,0.0017692865414051975,-0.0017692865414051975
2022-07-07,0.0,0.0,0.0
2022-07-08,0.0,0.0,0.0
2022-07-09,0.0,0.0,0.0
2022-07-10,0.0,0.0,0.0
2022-07-11,0.0,0.0,0.0
2022-07-12,0.0,0.0,0.0
2022-07-13,0.0,0.0,0.0
2022-07-14,0.0,0.0,0.0
2022-07-15,0.0,0.0,0.0
2022-07-16,0.0,0.0,0.0
2022-07-17,0.0,0.0,0.0
2022-07-18,0.0,0.0,0.0
2022-07-19,0.0,0.0,0.0
2022-07-20,0.0,0.0,0.0
2022-07-21,0.0,0.0,0.0
2022-07-22,0.0,0.0,0.0
2022-07-23,0.0,0.0,0.0
2022-07-24,0.0,0.0,0.0
2022-07-25,0.0,0.0,0.0
2022-07-26,0.0,0.0,0.0
2022-07-27,0.0,0.0,0.0
2022-07-28,0.0,0.0,0.0
2022-07-29,0.0,0.0,0.0
2022-07-30,0.0,0.0,0.0
2022-07-31,0.0,0.0,0.0
2022-08-01,0.0,0.0,0.0
2022-08-02,0.0,0.0,0.0
2022-08-03,0.0,0.0,0.0
2022-08-04,0.0,0.0,0.0
2022-08-05,0.0,0.0,0.0
2022-08-06,0.0,0.0,0.0
2022-08-07,0.0,0.0,0.0
2022-08-08,0.0,0.00015332145167062697,-0.00015332145167062697
2022-08-09,0.0,0.00015332145167062697,-0.00015332145167062697
2022-08-10,0.0,0.00015332145167062697,-0.00015332145167062697
2022-08-11,0.0,0.00015332145167062697,-0.00015332145167062697
2022-08-12,0.0,0.00015332145167062697,-0.00015332145167062697
2022-08-13,0.0,0.00015332145167062697,-0.00015332145167062697
2022-08-14,0.0,0.00015332145167062697,-0.00015332145167062697
2022-08-15,0.0,0.00015332145167062697,-0.00015332145167062697
2022-08-16,0.0,0.0004928775240700172,-0.0004928775240700172
2022-08-17,0.0,0.00015332145167062697,-0.00015332145167062697
2022-08-18,0.0,0.0,0.0
2022-08-19,0.0,0.0,0.0
2022-08-20,0.0,0.0,0.0
2022-08-21,0.0,0.0,0.0
2022-08-22,0.0,0.00015332145167062697,-0.00015332145167062697
2022-08-23,0.0,0.00015332145167062697,-0.00015332145167062697
2022-08-24,0.0,0.00015332145167062697,-0.00015332145167062697
2022-08-25,0.0,0.00015332145167062697,-0.00015332145167062697
2022-08-26,0.0,0.00015332145167062697,-0.00015332145167062697
2022-08-27,0.0,0.00015332145167062697,-0.00015332145167062697
2022-08-28,0.0,0.00015332145167062697,-0.00015332145167062697
2022-08-29,0.0,0.00015332145167062697,-0.00015332145167062697
2022-08-30,0.0,1.3905644420766013e-05,-1.3905644420766013e-05
2022-08-31,0.0,1.3905644420766013e-05,-1.3905644420766013e-05
2022-09-01,0.0,1.3905644420766013e-05,-1.3905644420766013e-05
2022-09-02,0.0,1.3905644420766013e-05,-1.3905644420766013e-05
2022-09-03,0.0,1.3905644420766013e-05,-1.3905644420766013e-05
2022-09-04,0.0,1.3905644420766013e-05,-1.3905644420766013e-05
2022-09-05,0.0,1.3905644420766013e-05,-1.3905644420766013e-05
2022-09-06,0.0,1.3905644420766013e-05,-1.3905644420766013e-05
2022-09-07,0.0,1.3905644420766013e-05,-1.3905644420766013e-05
2022-09-08,0.0,0.0,0.0
2022-09-09,0.0,0.0,0.0
2022-09-10,0.0,1.3905644420766013e-05,-1.3905644420766013e-05
2022-09-11,0.0,1.3905644420766013e-05,-1.3905644420766013e-05
2022-09-12,0.0,1.3905644420766013e-05,-1.3905644420766013e-05
2022-09-13,0.0,1.3905644420766013e-05,-1.3905644420766013e-05
2022-09-14,0.0,1.3905644420766013e-05,-1.3905644420766013e-05
2022-09-15,0.0,1.3905644420766013e-05,-1.3905644420766013e-05
2022-09-16,0.0,1.3905644420766013e-05,-1.3905644420766013e-05
2022-09-17,0.0,1.3905644420766013e-05,-1.3905644420766013e-05
2022-09-18,0.0,1.3905644420766013e-05,-1.3905644420766013e-05
2022-09-19,0.0,1.3905644420766013e-05,-1.3905644420766013e-05
2022-09-20,0.0,0.0,0.0
2022-09-21,0.0,0.0,0.0
2022-09-22,0.0,0.0,0.0
2022-09-23,0.0,0.0,0.0
2022-09-24,0.0,0.0,0.0
2022-09-25,0.0,1.3905644420766013e-05,-1.3905644420766013e-05
2022-09-26,0.0,1.3905644420766013e-05,-1.3905644420766013e-05
2022-09-27,0.0,0.0,0.0
2022-09-28,0.0,1.3905644420766013e-05,-1.3905644420766013e-05
2022-09-29,0.0,1.3905644420766013e-05,-1.3905644420766013e-05
2022-09-30,0.0,0.00015332145167062697,-0.00015332145167062697
2022-10-01,0.0,0.00015332145167062697,-0.00015332145167062697
2022-10-02,0.0,0.00015332145167062697,-0.00015332145167062697
2022-10-03,0.0,0.00015332145167062697,-0.00015332145167062697
2022-10-04,0.0,0.0,0.0
2022-10-05,0.0,0.00015332145167062697,-0.00015332145167062697
2022-10-06,0.0,0.00015332145167062697,-0.00015332145167062697
2022-10-07,0.0,0.00015332145167062697,-0.00015332145167062697
2022-10-08,0.0,0.00015332145167062697,-0.00015332145167062697
2022-10-09,0.0,0.00015332145167062697,-0.00015332145167062697
2022-10-10,0.0,0.00015332145167062697,-0.00015332145167062697
2022-10-11,0.0,0.00015332145167062697,-0.00015332145167062697
2022-10-12,0.0,0.00015332145167062697,-0.00015332145167062697
2022-10-13,0.0,0.00015332145167062697,-0.00015332145167062697
2022-10-14,0.0,0.00015332145167062697,-0.00015332145167062697
2022-10-15,0.0,0.00015332145167062697,-0.00015332145167062697
2022-10-16,0.0,0.00015332145167062697,-0.00015332145167062697
2022-10-17,0.0,0.00015332145167062697,-0.00015332145167062697
2022-10-18,0.0,0.00015332145167062697,-0.00015332145167062697
2022-10-19,0.0,0.00015332145167062697,-0.00015332145167062697
2022-10-20,0.0,0.00015332145167062697,-0.00015332145167062697
2022-10-21,0.0,0.00015332145167062697,-0.00015332145167062697
2022-10-22,0.0,0.00015332145167062697,-0.00015332145167062697
2022-10-23,0.0,0.00015332145167062697,-0.00015332145167062697
2022-10-24,0.0,0.00015332145167062697,-0.00015332145167062697
2022-10-25,0.0,0.00015332145167062697,-0.00015332145167062697
2022-10-26,0.0,0.00015332145167062697,-0.00015332145167062697
2022-10-27,0.0,0.00015332145167062697,-0.00015332145167062697
2022-10-28,0.0,0.00015332145167062697,-0.00015332145167062697
2022-10-29,0.0,0.00015332145167062697,-0.00015332145167062697
2022-10-30,0.0,0.00015332145167062697,-0.00015332145167062697
2022-10-31,0.0,0.00015332145167062697,-0.00015332145167062697
2022-11-01,0.0,0.00015332145167062697,-0.00015332145167062697
2022-11-02,0.0,0.00015332145167062697,-0.00015332145167062697
2022-11-03,0.0,0.00015332145167062697,-0.00015332145167062697
2022-11-04,0.0,0.00015332145167062697,-0.00015332145167062697
2022-11-05,0.0,0.00015332145167062697,-0.00015332145167062697
2022-11-06,0.0,0.00015332145167062697,-0.00015332145167062697
2022-11-07,0.0,0.00015332145167062697,-0.00015332145167062697
2022-11-08,0.0,0.00015332145167062697,-0.00015332145167062697
2022-11-09,0.0,0.00015332145167062697,-0.00015332145167062697
2022-11-10,0.0,0.00015332145167062697,-0.00015332145167062697
2022-11-11,0.0,0.00015332145167062697,-0.00015332145167062697
2022-11-12,0.0,0.00015332145167062697,-0.00015332145167062697
2022-11-13,0.0,0.00015332145167062697,-0.00015332145167062697
2022-11-14,0.0,0.00015332145167062697,-0.00015332145167062697
2022-11-15,0.0,0.00015332145167062697,-0.00015332145167062697
2022-11-16,0.0,0.00015332145167062697,-0.00015332145167062697
2022-11-17,0.0,0.00015332145167062697,-0.00015332145167062697
2022-11-18,0.0,0.00015332145167062697,-0.00015332145167062697
2022-11-19,0.0,0.00015332145167062697,-0.00015332145167062697
2022-11-20,0.0,0.00015332145167062697,-0.00015332145167062697
2022-11-21,0.0,0.00015332145167062697,-0.00015332145167062697
2022-11-22,0.0,0.00015332145167062697,-0.00015332145167062697
2022-11-23,0.0,0.00015332145167062697,-0.00015332145167062697
2022-11-24,0.0,0.00015332145167062697,-0.00015332145167062697
2022-11-25,0.0,0.00015332145167062697,-0.00015332145167062697
2022-11-26,0.0,0.00015332145167062697,-0.00015332145167062697
2022-11-27,0.0,0.00015332145167062697,-0.00015332145167062697
2022-11-28,0.0,0.00015332145167062697,-0.00015332145167062697
2022-11-29,0.0,0.00015332145167062697,-0.00015332145167062697
2022-11-30,0.0,0.00015332145167062697,-0.00015332145167062697
2022-12-01,0.0,0.00015332145167062697,-0.00015332145167062697
2022-12-02,0.0,0.00015332145167062697,-0.00015332145167062697
2022-12-03,0.0,0.00015332145167062697,-0.00015332145167062697
2022-12-04,0.0,0.00015332145167062697,-0.00015332145167062697
2022-12-05,0.0,0.00015332145167062697,-0.00015332145167062697
2022-12-06,0.0,0.00015332145167062697,-0.00015332145167062697
2022-12-07,0.0,0.00015332145167062697,-0.00015332145167062697
2022-12-08,0.0,0.0,0.0
2022-12-09,0.0,0.0,0.0
2022-12-10,0.0,0.00015332145167062697,-0.00015332145167062697
2022-12-11,0.0,0.0,0.0
2022-12-12,0.0,0.00015332145167062697,-0.00015332145167062697
2022-12-13,0.0,0.00015332145167062697,-0.00015332145167062697
2022-12-14,0.0,0.00015332145167062697,-0.00015332145167062697
2022-12-15,0.0,0.00015332145167062697,-0.00015332145167062697
2022-12-16,0.0,0.00015332145167062697,-0.00015332145167062697
2022-12-17,0.0,0.00015332145167062697,-0.00015332145167062697
2022-12-18,0.0,0.00015332145167062697,-0.00015332145167062697
2022-12-19,0.0,0.00015332145167062697,-0.00015332145167062697
2022-12-20,0.0,0.00015332145167062697,-0.00015332145167062697
2022-12-21,0.0,0.00015332145167062697,-0.00015332145167062697
2022-12-22,0.0,0.00015332145167062697,-0.00015332145167062697
2022-12-23,0.0,0.00015332145167062697,-0.00015332145167062697
2022-12-24,0.0,0.00015332145167062697,-0.00015332145167062697
2022-12-26,0.0,0.00015332145167062697,-0.00015332145167062697
2022-12-27,0.0,0.00015332145167062697,-0.00015332145167062697
2022-12-28,0.0,0.00015332145167062697,-0.00015332145167062697
2022-12-29,0.0,0.00015332145167062697,-0.00015332145167062697
2022-12-30,0.0,0.00015332145167062697,-0.00015332145167062697
2022-12-31,0.0,0.00015332145167062697,-0.00015332145167062697
2023-01-01,0.0,0.00015332145167062697,-0.00015332145167062697
2023-01-02,0.0,0.0,0.0
2023-01-03,0.0,0.0,0.0
2023-01-04,0.0,0.0,0.0
2023-01-05,0.0,0.0,0.0
2023-01-06,0.0,0.0,0.0
2023-01-07,0.0,0.0,0.0
2023-01-08,0.0,0.0,0.0
2023-01-09,0.0,0.0,0.0
2023-01-10,0.0,0.0,0.0
2023-01-11,0.0,0.0,0.0
2023-01-12,0.0,0.0,0.0
2023-01-13,0.0,0.0,0.0
2023-01-14,0.0,0.0,0.0
2023-01-15,0.0,0.00015332145167062697,-0.00015332145167062697
2023-01-16,0.0,0.0,0.0
2023-01-17,0.0,0.0,0.0
2023-01-18,0.0,0.00015332145167062697,-0.00015332145167062697
2023-01-19,0.0,0.0,0.0
2023-01-20,0.0,0.00015332145167062697,-0.00015332145167062697
2023-01-21,0.0,0.00015332145167062697,-0.00015332145167062697
2023-01-22,0.0,0.00015332145167062697,-0.00015332145167062697
2023-01-23,0.0,0.00015332145167062697,-0.00015332145167062697
2023-01-24,0.0,0.00015332145167062697,-0.00015332145167062697
2023-01-25,0.0,0.00015332145167062697,-0.00015332145167062697
2023-01-26,0.0,0.00015332145167062697,-0.00015332145167062697
2023-01-27,0.0,0.00015332145167062697,-0.00015332145167062697
2023-01-28,0.0,0.00015332145167062697,-0.00015332145167062697
2023-01-29,0.0,0.00015332145167062697,-0.00015332145167062697
2023-01-30,0.0,1.3905644420766013e-05,-1.3905644420766013e-05
2023-01-31,0.0,1.3905644420766013e-05,-1.3905644420766013e-05
2023-02-01,0.0,1.3905644420766013e-05,-1.3905644420766013e-05
2023-02-02,0.0,1.3905644420766013e-05,-1.3905644420766013e-05
2023-02-03,0.0,1.3905644420766013e-05,-1.3905644420766013e-05
2023-02-04,0.0,1.3905644420766013e-05,-1.3905644420766013e-05
2023-02-05,0.0,1.3905644420766013e-05,-1.3905644420766013e-05
2023-02-06,0.0,1.3905644420766013e-05,-1.3905644420766013e-05
2023-02-07,0.0,1.3905644420766013e-05,-1.3905644420766013e-05
2023-02-08,0.0,0.0,0.0
2023-02-09,0.0,0.0,0.0
2023-02-10,0.0,0.0,0.0
2023-02-11,0.0,0.0,0.0
2023-02-12,0.0,0.0,0.0
2023-02-13,0.0,0.0,0.0
2023-02-14,0.0,0.0,0.0
2023-02-15,0.0,0.0,0.0
2023-02-16,0.0,0.0,0.0
2023-02-17,0.0,0.0,0.0
2023-02-18,0.0,0.0,0.0
2023-02-19,0.0,0.0,0.0
2023-02-20,0.0,0.0,0.0
2023-02-21,0.0,0.0,0.0
2023-02-22,0.0,0.0,0.0
2023-02-23,0.0,0.0,0.0
2023-02-24,0.0,0.0,0.0
2023-02-25,0.0,0.0,0.0
2023-02-26,0.0,0.0,0.0
2023-02-27,0.0,0.0,0.0
2023-02-28,0.0,0.0,0.0
2023-03-01,0.0,0.0,0.0
2023-03-02,0.0,0.0,0.0
2023-03-03,0.0,0.0,0.0
2023-03-04,0.0,0.0,0.0
2023-03-05,0.0,0.0,0.0
2023-03-06,0.0,0.0,0.0
2023-03-07,0.0,0.0,0.0
2023-03-08,0.0,0.0,0.0
2023-03-09,0.0,0.0,0.0
2023-03-10,0.0,0.0,0.0
2023-03-11,0.0,0.0,0.0
2023-03-12,0.0,0.002503960904991041,-0.002503960904991041
2023-03-13,0.0,0.002503960904991041,-0.002503960904991041
2023-03-14,0.0,0.002503960904991041,-0.002503960904991041
2023-03-15,0.0,0.0022854378035837126,-0.0022854378035837126
2023-03-16,0.0,0.005924736533948618,-0.005924736533948618
2023-03-17,0.0,0.004604592335820055,-0.004604592335820055
2023-03-18,0.0,0.005125765295827626,-0.005125765295827626
2023-03-19,0.0,0.004349668870737489,-0.004349668870737489
2023-03-20,0.0,0.004902906342503065,-0.004902906342503065
2023-03-21,0.0,0.007655134636770705,-0.007655134636770705
2023-03-22,0.0,0.005462020479257558,-0.005462020479257558
2023-03-23,0.0,0.005555811006405529,-0.005555811006405529
2023-03-24,0.0,0.006191071964015381,-0.006191071964015381
2023-03-25,0.0,0.0041320913630325355,-0.0041320913630325355
2023-03-26,0.0,0.006284862491163353,-0.006284862491163353
2023-03-27,0.0,0.005187245898848037,-0.005187245898848037
2023-03-28,0.0,0.005187245898848037,-0.005187245898848037
2023-03-29,0.0,0.005187245898848037,-0.005187245898848037
2023-03-30,0.0,0.005187245898848037,-0.005187245898848037
2023-03-31,0.0,0.005544336696741898,-0.005544336696741898
2023-04-01,0.0,0.004619174174894081,-0.004619174174894081
2023-04-02,0.0,0.005348225659651904,-0.005348225659651904
2023-04-03,0.0,0.005348225659651904,-0.005348225659651904
2023-04-04,0.0,0.005348225659651904,-0.005348225659651904
2023-04-05,0.0,0.01062773449899048,-0.01062773449899048
2023-04-06,0.0,0.05625589004665528,-0.05625589004665528
2023-04-07,0.0,0.005955886221239922,-0.005955886221239922
2023-04-08,0.0,0.0037535919151320666,-0.0037535919151320666
2023-04-09,0.0,0.011200624342485565,-0.011200624342485565
2023-04-10,0.0,0.027831763278532297,-0.027831763278532297
2023-04-11,0.0,0.022306125926985897,-0.022306125926985897
2023-04-12,0.0,0.03364739873723739,-0.03364739873723739
2023-04-13,0.0,0.012223288832557088,-0.012223288832557088
2023-04-14,0.0,0.009501263451456847,-0.009501263451456847
2023-04-15,0.0,0.04705473049104605,-0.04705473049104605
2023-04-16,0.0,0.016116856507276244,-0.016116856507276244
2023-04-17,0.0,0.03241497223785693,-0.03241497223785693
2023-04-18,0.0,0.1834285084606848,-0.1834285084606848
2023-04-19,0.0,0.15297269294563795,-0.15297269294563795
2023-04-20,0.0,0.027897414250307374,-0.027897414250307374
2023-04-21,0.0,0.170035539603968,-0.170035539603968
2023-04-22,0.0,0.1712914035723703,-0.1712914035723703
2023-04-23,0.0,0.898494219130495,-0.898494219130495
2023-04-24,0.0,1.0667248912557534,-1.0667248912557534
2023-04-25,0.0,1.0266551397396053,-1.0266551397396053
2023-04-26,0.0,1.0876658679001225,-1.0876658679001225
2023-04-27,0.0,1.034422922032264,-1.034422922032264
2023-04-28,0.0,1.0046281975641607,-1.0046281975641607
2023-04-29,0.0,1.0561977391250292,-1.0561977391250292
2023-04-30,0.0,0.8000103274625984,-0.8000103274625984
2023-05-01,0.0,1.7050388393833447,-1.7050388393833447
2023-05-02,0.0,1.8192266883124082,-1.8192266883124082
2023-05-03,0.0,1.5534077973952352,-1.5534077973952352
2023-05-04,0.0,1.3699640624474014,-1.3699640624474014
2023-05-05,0.0,1.5198748793251493,-1.5198748793251493
2023-05-06,0.0,1.3731755154100427,-1.3731755154100427
2023-05-07,0.0,1.7200823861095775,-1.7200823861095775
2023-05-08,0.0,1.773912101748443,-1.773912101748443
2023-05-09,0.0,1.7818500727563604,-1.7818500727563604
2023-05-10,0.0,1.367832409643517,-1.367832409643517
2023-05-11,0.0,1.3153309171119065,-1.3153309171119065
2023-05-12,0.0,1.1952791995791268,-1.1952791995791268
2023-05-13,0.0,1.4785552879467774,-1.4785552879467774
2023-05-14,0.0,1.4623696313099632,-1.4623696313099632
2023-05-15,0.0,1.6703986311652677,-1.6703986311652677
2023-05-16,0.0,1.8492444773467553,-1.8492444773467553
2023-05-17,0.0,1.1894112744132226,-1.1894112744132226
2023-05-18,0.0,1.142859619761115,-1.142859619761115
2023-05-19,0.0,1.1171815793506852,-1.1171815793506852
2023-05-20,0.0,1.12483993766649,-1.12483993766649
2023-05-21,0.0,1.2318628611451874,-1.2318628611451874
2023-05-22,0.0,1.243345053209624,-1.243345053209624
2023-05-23,0.0,1.2904765061227421,-1.2904765061227421
2023-05-24,0.0,1.0229141745806372,-1.0229141745806372
2023-05-25,0.0,1.0714810803529309,-1.0714810803529309
2023-05-26,0.0,1.2369473814577834,-1.2369473814577834
2023-05-27,0.0,1.3049046941676214,-1.3049046941676214
2023-05-28,0.0,1.0320650418060093,-1.0320650418060093
2023-05-29,0.0,1.029603167394087,-1.029603167394087
2023-05-30,0.0,1.0256801726030214,-1.0256801726030214
2023-05-31,0.0,1.0049330687390488,-1.0049330687390488
2023-06-01,0.0,0.11160308554304493,-0.11160308554304493
2023-06-02,0.0,0.06515670767665067,-0.06515670767665067
2023-06-03,0.0,0.005443523138796182,-0.005443523138796182
2023-06-04,0.0,0.018730071649403917,-0.018730071649403917
2023-06-05,0.0,0.019419772275738243,-0.019419772275738243
2023-06-06,0.0,0.0,0.0
2023-06-07,0.0,0.04704162898874195,-0.04704162898874195
2023-06-08,0.0,0.020680533100988257,-0.020680533100988257
2023-06-09,0.0,0.044526533629027795,-0.044526533629027795
2023-06-10,0.0,0.05371231026457202,-0.05371231026457202
2023-06-11,0.0,0.022855861556293555,-0.022855861556293555
2023-06-12,0.0,0.02434268205415226,-0.02434268205415226
2023-06-13,0.0,0.023668992117479044,-0.023668992117479044
2023-06-14,0.0,0.01713513620073414,-0.01713513620073414
2023-06-15,0.0,0.06645273142985202,-0.06645273142985202
2023-06-16,0.0,0.0416159739652642,-0.0416159739652642
2023-06-17,0.0,0.0562072742632307,-0.0562072742632307
2023-06-18,0.0,0.0562072742632307,-0.0562072742632307
2023-06-19,0.0,0.05236000169046064,-0.05236000169046064
2023-06-20,0.0,0.07780122025942693,-0.07780122025942693
2023-06-21,0.0,0.00199917786081714,-0.00199917786081714
2023-06-22,0.0,0.0013517563003159461,-0.0013517563003159461
2023-06-23,0.0,0.0,0.0
2023-06-24,0.0,0.0,0.0
2023-06-25,0.0,0.0,0.0
2023-06-26,0.0,0.0,0.0
2023-06-27,0.0,0.0,0.0
2023-06-28,0.0,0.0,0.0
2023-06-29,0.0,0.0,0.0
2023-06-30,0.0,0.0,0.0
2023-07-01,0.0,0.0,0.0
2023-07-02,0.0,0.0,0.0
2023-07-03,0.0,0.0,0.0
2023-07-04,0.0,0.00607053550457899,-0.00607053550457899
2023-07-05,0.0,0.0031198487700557866,-0.0031198487700557866
2023-07-06,0.0,0.003793538706728996,-0.003793538706728996
2023-07-07,0.0,0.02040611534883359,-0.02040611534883359
2023-07-08,0.0,0.019373214273509458,-0.019373214273509458
2023-07-09,0.0,0.016985243250352614,-0.016985243250352614
2023-07-10,0.0,0.013969634785363793,-0.013969634785363793
2023-07-11,0.0,0.01706736952367696,-0.01706736952367696
2023-07-12,0.0,0.021908279855262135,-0.021908279855262135
2023-07-13,0.0,0.021330506198030764,-0.021330506198030764
2023-07-14,0.0,0.021330506198030764,-0.021330506198030764
2023-07-15,0.0,0.006884057940833588,-0.006884057940833588
2023-07-16,0.0,0.006884057940833588,-0.006884057940833588
2023-07-17,0.0,0.006884057940833588,-0.006884057940833588
2023-07-18,0.0,0.006884057940833588,-0.006884057940833588
2023-07-19,0.0,0.006884057940833588,-0.006884057940833588
2023-07-20,0.0,0.0032922288334266687,-0.0032922288334266687
2023-07-21,0.0,0.00034154209890346676,-0.00034154209890346676
2023-07-22,0.0,0.0032922288334266687,-0.0032922288334266687
2023-07-23,0.0,0.006884057940833588,-0.006884057940833588
2023-07-24,0.0,0.006884057940833588,-0.006884057940833588
2023-07-25,0.0,0.006884057940833588,-0.006884057940833588
2023-07-26,0.0,0.003933371206310381,-0.003933371206310381
2023-07-27,0.0,0.0,0.0
2023-07-28,0.0,0.0,0.0
2023-07-29,0.0,0.0,0.0
2023-07-30,0.0,0.0,0.0
2023-07-31,0.0,0.0,0.0
2023-08-01,0.0,0.0,0.0
2023-08-02,0.0,0.0,0.0
2023-08-03,0.0,0.0,0.0
2023-08-04,0.0,0.0,0.0
2023-08-05,0.0,0.0,0.0
2023-08-06,0.0,0.0,0.0
2023-08-07,0.0,0.0,0.0
2023-08-08,0.0,0.0,0.0
2023-08-09,0.0,0.0,0.0
2023-08-10,0.0,0.0,0.0
2023-08-11,0.0,0.0,0.0
2023-08-12,0.0,0.0,0.0
2023-08-13,0.0,0.0,0.0
2023-08-14,0.0,0.0,0.0
2023-08-15,0.0,0.0,0.0
2023-08-16,0.0,0.0021497428029932093,-0.0021497428029932093
2023-08-17,0.0,0.002884719738434381,-0.002884719738434381
2023-08-18,0.0,0.002884719738434381,-0.002884719738434381
2023-08-19,0.0,0.010944009768589284,-0.010944009768589284
2023-08-20,0.0,0.008087294537825404,-0.008087294537825404
2023-08-21,0.0,0.002608999708902103,-0.002608999708902103
2023-08-22,0.0,0.012044133346277927,-0.012044133346277927
2023-08-23,0.0,0.004458048563752094,-0.004458048563752094
2023-08-24,0.0,0.006590184025220417,-0.006590184025220417
2023-08-25,0.0,0.008822271473266578,-0.008822271473266578
2023-08-26,0.0,0.0,0.0
2023-08-27,0.0,0.0,0.0
2023-08-28,0.0,0.0,0.0
2023-08-29,0.0,0.0012361866907407474,-0.0012361866907407474
2023-08-30,0.0,0.0,0.0
2023-08-31,0.0,0.0,0.0
2023-09-01,0.0,0.0,0.0
2023-09-02,0.0,0.0,0.0
2023-09-03,0.0,0.0,0.0
2023-09-04,0.0,0.0,0.0
2023-09-05,0.0,0.0,0.0
2023-09-06,0.0,0.0,0.0
2023-09-07,0.0,0.0,0.0
2023-09-08,0.0,0.0,0.0
2023-09-09,0.0,0.0,0.0
2023-09-10,0.0,0.0,0.0
2023-09-11,0.0,0.0,0.0
2023-09-12,0.0,0.0,0.0
2023-09-13,0.0,0.003040487215083951,-0.003040487215083951
2023-09-14,0.0,0.0,0.0
2023-09-15,0.0,0.21334182385214878,-0.21334182385214878
2023-09-16,0.0,0.038405039884164,-0.038405039884164
2023-09-17,0.0,0.0,0.0
2023-09-18,0.0,0.0,0.0
2023-09-19,0.0,0.03972330329144002,-0.03972330329144002
2023-09-20,0.0,0.0028524571594256685,-0.0028524571594256685
2023-09-21,0.0,0.01043854194195146,-0.01043854194195146
2023-09-22,0.0,0.040839779254017966,-0.040839779254017966
2023-09-23,0.0,0.08775747039129952,-0.08775747039129952
2023-09-24,0.0,0.0,0.0
2023-09-25,0.0,0.0,0.0
2023-09-26,0.0,0.0,0.0
2023-09-27,0.0,0.0,0.0
2023-09-28,0.0,0.0,0.0
2023-09-29,0.0,0.0,0.0
2023-09-30,0.0,0.0,0.0
2023-10-01,0.0,0.0,0.0
2023-10-02,0.0,0.0,0.0
2023-10-03,0.0,0.0,0.0
2023-10-04,0.0,0.0,0.0
2023-10-05,0.0,0.0,0.0
2023-10-06,0.0,0.0,0.0
2023-10-07,0.0,0.0,0.0
2023-10-08,0.0,0.0,0.0
2023-10-09,0.0,0.0,0.0
2023-10-10,0.0,0.0,0.0
2023-10-11,0.0,0.0,0.0
2023-10-12,0.0,0.0,0.0
2023-10-13,0.0,0.0,0.0
2023-10-14,0.0,0.0,0.0
2023-10-15,0.0,0.0,0.0
2023-10-16,0.0,0.0,0.0
2023-10-17,0.0,0.0,0.0
2023-10-18,0.0,0.0,0.0
2023-10-19,0.0,0.0,0.0
2023-10-20,0.0,0.0,0.0
2023-10-21,0.0,0.0,0.0
2023-10-22,0.0,0.0,0.0
2023-10-23,0.0,0.0,0.0
2023-10-24,0.0,0.0,0.0
2023-10-25,0.0,0.0,0.0
2023-10-26,0.0,0.0,0.0
2023-10-27,0.0,0.0,0.0
2023-10-28,0.0,0.0,0.0
2023-10-29,0.0,0.0,0.0
2023-10-30,0.0,0.0,0.0
2023-10-31,0.0,0.0,0.0
2023-11-01,0.0,0.0,0.0
2023-11-02,0.0,0.0,0.0
2023-11-03,0.0,0.0011122284379944938,-0.0011122284379944938
2023-11-04,0.0,0.00366028947540166,-0.00366028947540166
2023-11-05,0.0,0.0,0.0
2023-11-06,0.0,0.030578602822882914,-0.030578602822882914
2023-11-07,0.0,0.0,0.0
2023-11-08,0.0,0.20532654667096392,-0.20532654667096392
2023-11-09,0.0,0.4663614528776233,-0.4663614528776233
2023-11-10,0.0,0.47307627969800126,-0.47307627969800126
2023-11-11,0.0,0.4288946325518558,-0.4288946325518558
2023-11-12,0.0,0.49507000169266663,-0.49507000169266663
2023-11-13,0.0,0.46638306604724356,-0.46638306604724356
2023-11-14,0.0,0.20566110602116053,-0.20566110602116053
2023-11-15,0.0,0.5722283505690213,-0.5722283505690213
2023-11-16,0.0,0.41305986512263576,-0.41305986512263576
2023-11-17,0.0,0.0015026538262778708,-0.0015026538262778708
2023-11-18,0.0,0.007241399674543799,-0.007241399674543799
2023-11-19,0.0,0.017745429665106834,-0.017745429665106834
2023-11-20,0.0,0.09764172309424883,-0.09764172309424883
2023-11-21,0.0,0.09256556128024787,-0.09256556128024787
2023-11-22,0.0,0.31362185192028663,-0.31362185192028663
2023-11-23,0.0,0.5007547050763478,-0.5007547050763478
2023-11-24,0.0,0.5027503528227338,-0.5027503528227338
2023-11-25,0.0,0.5282414159656574,-0.5282414159656574
2023-11-26,0.0,0.5125703343133795,-0.5125703343133795
2023-11-27,0.0,0.5085163379116633,-0.5085163379116633
2023-11-28,0.0,0.04785385468216851,-0.04785385468216851
2023-11-29,0.0,0.2945302088535398,-0.2945302088535398
2023-11-30,0.0,0.2902725515179421,-0.2902725515179421
2023-12-01,0.0,0.05787990392882762,-0.05787990392882762
2023-12-02,0.0,0.06131095042730879,-0.06131095042730879
2023-12-03,0.0,0.06030288641962707,-0.06030288641962707
2023-12-04,0.0,0.0039110520135873916,-0.0039110520135873916
2023-12-05,0.0,0.06030288641962707,-0.06030288641962707
2023-12-06,0.0,0.004245034263431318,-0.004245034263431318
2023-12-07,0.0,0.001955890057606832,-0.001955890057606832
2023-12-08,0.0,0.0,0.0
2023-12-09,0.0,0.05294151341938843,-0.05294151341938843
2023-12-10,0.0,0.06542663601300862,-0.06542663601300862
2023-12-11,0.0,0.0017148673249484424,-0.0017148673249484424
2023-12-12,0.0,0.0017148673249484424,-0.0017148673249484424
2023-12-13,0.0,0.0048562136282520926,-0.0048562136282520926
2023-12-14,0.0,0.0016515885027473445,-0.0016515885027473445
2023-12-15,0.0,0.0,0.0
2023-12-16,0.0,0.0,0.0
2023-12-17,0.0,0.01346023549737331,-0.01346023549737331
2023-12-18,0.0,0.0,0.0
2023-12-19,0.0,0.0,0.0
2023-12-20,0.0,0.08865980932598956,-0.08865980932598956
2023-12-21,0.0,0.0,0.0
2023-12-22,0.0,0.0,0.0
2023-12-23,0.0,0.00761617831266609,-0.00761617831266609
2023-12-24,0.0,0.06406469681806932,-0.06406469681806932
2023-12-26,0.0,0.00761617831266609,-0.00761617831266609
2023-12-27,0.0,0.00761617831266609,-0.00761617831266609
2023-12-28,0.0,0.00761617831266609,-0.00761617831266609
2023-12-29,0.0,0.00761617831266609,-0.00761617831266609
2023-12-30,0.0,0.00761617831266609,-0.00761617831266609
2023-12-31,0.0,0.0,0.0
2024-01-01,0.0,0.007110057807996261,-0.007110057807996261
2024-01-02,0.0,0.0005065491136736748,-0.0005065491136736748
2024-01-03,0.0,0.009388873088428602,-0.009388873088428602
2024-01-04,0.0,0.07863403196792909,-0.07863403196792909
2024-01-05,0.0,0.008332271615675145,-0.008332271615675145
2024-01-06,0.0,0.007349269085483974,-0.007349269085483974
2024-01-07,0.0,0.0031351789722549217,-0.0031351789722549217
2024-01-08,0.0,0.0,0.0
2024-01-09,0.0,0.0,0.0
2024-01-10,0.0,0.0,0.0
2024-01-11,0.0,0.0,0.0
2024-01-12,0.0,0.0,0.0
2024-01-13,0.0,0.0,0.0
2024-01-14,0.0,0.0,0.0
2024-01-15,0.0,0.0,0.0
2024-01-16,0.0,0.0,0.0
2024-01-17,0.0,0.005450686029577082,-0.005450686029577082
2024-01-18,0.0,0.0,0.0
2024-01-19,0.0,0.025445001803418976,-0.025445001803418976
2024-01-20,0.0,0.025445001803418976,-0.025445001803418976
2024-01-21,0.0,0.0,0.0
2024-01-22,0.0,0.034698497093540684,-0.034698497093540684
2024-01-23,0.0,0.0,0.0
2024-01-24,0.0,0.0,0.0
2024-01-25,0.0,0.0,0.0
2024-01-26,0.0,0.0,0.0
2024-01-27,0.0,0.0,0.0
2024-01-28,0.0,0.0,0.0
2024-01-29,0.0,0.0,0.0
2024-01-30,0.0,0.0400982261164621,-0.0400982261164621
2024-01-31,0.0,0.021509891814778425,-0.021509891814778425
2024-02-01,0.0,0.0,0.0
2024-02-02,0.0,0.0312907627788499,-0.0312907627788499
2024-02-03,0.0,0.0,0.0
2024-02-04,0.0,0.0,0.0
2024-02-05,0.0,0.0,0.0
2024-02-06,0.0,0.0,0.0
2024-02-07,0.0,0.0,0.0
2024-02-08,0.0,0.0,0.0
2024-02-09,0.0,0.007692534586199694,-0.007692534586199694
2024-02-10,0.0,0.0,0.0
2024-02-11,0.0,0.0,0.0
2024-02-12,0.0,0.004187766140660244,-0.004187766140660244
2024-02-13,0.0,0.013168601659294342,-0.013168601659294342
2024-02-14,0.0,0.0,0.0
2024-02-15,0.0,0.0,0.0
2024-02-16,0.0,0.0,0.0
2024-02-17,0.0,0.0,0.0
2024-02-18,0.0,0.0,0.0
2024-02-19,0.0,0.0,0.0
2024-02-20,0.0,0.0,0.0
2024-02-21,0.0,0.0,0.0
2024-02-22,0.0,0.0,0.0
2024-02-23,0.0,0.0,0.0
2024-02-24,0.0,0.0,0.0
2024-02-25,0.0,0.0,0.0
2024-02-26,0.0,0.0,0.0
2024-02-27,0.0,0.0,0.0
2024-02-28,0.0,0.002898069847816268,-0.002898069847816268
2024-02-29,0.0,0.0057948688965846614,-0.0057948688965846614
2024-03-01,0.0,0.0,0.0
2024-03-02,0.0,0.0,0.0
2024-03-03,0.0,0.0,0.0
2024-03-04,0.0,0.03175133106905018,-0.03175133106905018
2024-03-05,0.0,0.03175133106905018,-0.03175133106905018
2024-03-06,0.0,0.02842489660056499,-0.02842489660056499
2024-03-07,0.0,0.030483711989793386,-0.030483711989793386
2024-03-08,0.0,0.03014362915471019,-0.03014362915471019
2024-03-09,0.0,0.034201429358153776,-0.034201429358153776
2024-03-10,0.0,0.033771793938436975,-0.033771793938436975
2024-03-11,0.0,0.02197216249634899,-0.02197216249634899
2024-03-12,0.0,0.02197216249634899,-0.02197216249634899
2024-03-13,0.0,0.003347492518345488,-0.003347492518345488
2024-03-14,0.0,0.02529859696483419,-0.02529859696483419
2024-03-15,0.0,0.0,0.0
2024-03-16,0.0,0.0,0.0
2024-03-17,0.0,0.0,0.0
2024-03-18,0.0,0.0,0.0
2024-03-19,0.0,0.03811806866212185,-0.03811806866212185
2024-03-20,0.14761848884208512,0.01809180765235678,0.12952668118972832
2024-03-21,0.29878685959350043,0.034554417947164594,0.26423244164633586
2024-03-22,0.47955134224821805,0.054485749637778885,0.4250655926104392
2024-03-23,0.6412694364747767,0.08897402513928016,0.5522954113354965
2024-03-24,0.7871935489230043,0.07831370693238594,0.7088798419906184
2024-03-25,0.9641124284903607,0.08402035638772659,0.8800920721026342
2024-03-26,1.1466400068537175,0.08693298196886462,1.0597070248848528
2024-03-27,1.3888108411506102,0.15083100545424286,1.2379798356963674
2024-03-28,1.6257143933687783,0.16354298385774566,1.4621714095110327
2024-03-29,1.8802238138159635,0.20691267238015015,1.6733111414358133
2024-03-30,2.136773996559177,0.2046550158064292,1.932118980752748
2024-03-31,2.374425069902256,0.40489389604226084,1.9695311738599952
2024-04-01,2.607529150030777,0.29039815090761234,2.317130999123165
2024-04-02,2.818115471403982,0.5674191653962902,2.250696306007692
2024-04-03,3.0419767461633094,0.6302330815640369,2.4117436645992725
2024-04-04,3.2769118564074415,0.7188424765752083,2.5580693798322334
2024-04-05,3.534184467145323,0.7082239377783903,2.8259605293669328
2024-04-06,3.7987148220778484,0.9869873141273886,2.81172750795046
2024-04-07,4.057202215946871,0.9824749551631106,3.0747272607837606
2024-04-08,4.306912001940107,1.0354173878507271,3.27149461408938
2024-04-09,4.550471489857915,1.0546740938275896,3.4957973960303255
2024-04-10,4.7876790144706876,1.2203969915329198,3.5672820229377677
2024-04-11,5.023716249921264,0.9260382750730741,4.097677974848191
2024-04-12,5.241121750183477,0.8034549013948336,4.437666848788643
2024-04-13,5.433496450357125,0.923846511541399,4.509649938815726
2024-04-14,5.607375249125657,1.6963693937241198,3.9110058554015374
2024-04-15,5.781515368688708,1.9398537116343462,3.8416616570543614
2024-04-16,5.951936002151951,2.3819711294092993,3.569964872742652
2024-04-17,6.097297677097702,2.515838268480108,3.5814594086175937
2024-04-18,6.242228122038234,2.8070054464475227,3.435222675590711
2024-04-19,6.242228122038234,3.6269482405842797,2.615279881453954
2024-04-20,6.242228122038234,3.63860317647762,2.6036249455606137
2024-04-21,6.242228122038234,3.6233536373910566,2.618874484647177
2024-04-22,6.242228122038234,3.6168450517271094,2.6253830703111243
2024-04-23,6.242228122038234,3.613668334433649,2.6285597876045848
2024-04-24,6.242228122038234,3.6333351645387646,2.608892957499469
2024-04-25,6.242228122038234,3.696036212647121,2.5461919093911125
2024-04-26,6.242228122038234,3.9655996116532823,2.2766285103849513
2024-04-27,6.242228122038234,3.9443662956063372,2.2978618264318964
2024-04-28,6.242228122038234,3.992415937682702,2.2498121843555317
2024-04-29,6.242228122038234,4.049788070269159,2.1924400517690747
2024-04-30,6.242228122038234,4.019951067449485,2.2222770545887487
2024-05-01,6.242228122038234,3.9510228418241478,2.291205280214086
2024-05-02,6.242228122038234,3.948756016837617,2.2934721052006166
2024-05-03,6.242228122038234,3.961726464541083,2.2805016574971506
2024-05-04,6.242228122038234,3.9114002913374155,2.330827830700818
2024-05-05,6.242228122038234,3.9110197559116227,2.331208366126611
2024-05-06,6.242228122038234,3.9063908878307023,2.3358372342075313
2024-05-07,6.242228122038234,3.908997420972624,2.3332307010656095
2024-05-08,6.242228122038234,4.795991624332978,1.4462364977052555
2024-05-09,6.242228122038234,4.810027806148221,1.4322003158900127
2024-05-10,6.242228122038234,4.8054679943213605,1.4367601277168731
2024-05-11,6.242228122038234,4.804215812386095,1.4380123096521382
2024-05-12,6.242228122038234,4.804506366985551,1.4377217550526824
2024-05-13,6.242228122038234,4.804506366985551,1.4377217550526824
2024-05-14,6.242228122038234,4.804697946118786,1.4375301759194477
2024-05-15,6.242228122038234,5.005469095817445,1.2367590262207884
2024-05-16,6.242228122038234,5.004704948950851,1.237523173087383
2024-05-17,6.242228122038234,5.005489627456333,1.2367384945819007
2024-05-18,6.242228122038234,5.00249951753126,1.2397286045069738
2024-05-19,6.242228122038234,5.003473991260004,1.2387541307782293
2024-05-20,6.242228122038234,5.003920970965573,1.2383071510726609
2024-05-21,6.242228122038234,4.990655118406768,1.2515730036314654
2024-05-22,6.242228122038234,5.364149478375127,0.8780786436631063
2024-05-23,6.242228122038234,5.3617966885054695,0.8804314335327641
2024-05-24,6.242228122038234,5.377878654979929,0.8643494670583047
2024-05-25,6.242228122038234,5.390161778594105,0.8520663434441289
2024-05-26,6.242228122038234,5.376901161061908,0.8653269609763257
2024-05-27,6.242228122038234,5.347696411320332,0.894531710717902
2024-05-28,6.242228122038234,5.371089692153209,0.8711384298850247
2024-05-29,6.242228122038234,5.371437822482377,0.870790299555857
2024-05-30,6.242228122038234,5.242938063286827,0.9992900587514066
2024-05-31,6.242228122038234,5.120755711240368,1.1214724107978657
2024-06-01,6.242228122038234,4.833349581495146,1.4088785405430873
2024-06-02,6.242228122038234,5.043815491336445,1.1984126307017888
2024-06-03,6.242228122038234,5.08665470124779,1.1555734207904438
2024-06-04,6.242228122038234,5.27306780577068,0.969160316267554
2024-06-05,6.242228122038234,5.28999047851678,0.9522376435214532
2024-06-06,6.242228122038234,5.267763597937002,0.974464524101232
2024-06-07,6.242228122038234,4.873634290881209,1.3685938311570247
2024-06-08,6.242228122038234,5.037178972619488,1.2050491494187456
2024-06-09,6.242228122038234,4.959352240674282,1.2828758813639514
2024-06-10,6.242228122038234,5.078581951564547,1.1636461704736867
2024-06-11,6.242228122038234,5.076550681451624,1.1656774405866095
2024-06-12,6.094609633196149,4.9944297116164895,1.1001799215796595
2024-06-13,5.9434412624447335,4.927278997160415,1.0161622652843185
2024-06-14,5.762676779790015,4.962786656902344,0.7998901228876703
2024-06-15,5.600958685563457,5.132144989984609,0.4688136955788478
2024-06-16,5.455034573115229,5.159955871207864,0.2950787019073653
2024-06-17,5.278115693547873,4.846874533143486,0.43124116040438665
2024-06-18,5.095588115184516,4.3287802746951245,0.7668078404893919
2024-06-19,4.853417280887624,4.316850166672698,0.5365671142149253
2024-06-20,4.616513728669455,3.898280598161424,0.7182331305080307
2024-06-21,4.36200430822227,3.769575986919354,0.5924283213029158
2024-06-22,4.105454125479056,3.838376404864116,0.2670777206149406
2024-06-23,3.867803052135977,3.648606390308008,0.21919666182796904
2024-06-24,3.6346989720074565,3.410401260074158,0.2242977119332985
2024-06-25,3.424112650634251,3.4485830298062776,-0.024470379172026657
2024-06-26,3.2002513758749243,3.4895769629515216,-0.2893255870765974
2024-06-27,2.965316265630792,3.351604558312216,-0.38628829268142395
2024-06-28,2.7080436548929105,2.955933756328297,-0.24789010143538626
2024-06-29,2.4435132999603852,3.1180827148858237,-0.6745694149254384
2024-06-30,2.185025906091362,2.8604489867526146,-0.6754230806612527
2024-07-01,1.9353161200981266,2.687972225620856,-0.7526561055227294
2024-07-02,1.6917566321803181,1.9693967978006235,-0.27764016562030536
2024-07-03,1.4545491075675467,1.6998749713373131,-0.2453258637697664
2024-07-04,1.2185118721169685,1.4247128382051706,-0.20620096608820204
2024-07-05,1.0011063718547557,1.1684283216289852,-0.16732194977422954
2024-07-06,0.8087316716811088,0.9914261822165337,-0.18269451053542485
2024-07-07,0.6348528729125772,0.7320037198844792,-0.09715084697190202
2024-07-08,0.4607127533495254,0.626141113640873,-0.1654283602913476
2024-07-09,0.29029211988628234,0.5278078896819162,-0.23751576979563382
2024-07-10,0.1449304449405311,0.4020733738753468,-0.2571429289348157
2024-07-11,0.0,0.2803831316503736,-0.2803831316503736
2024-07-12,0.0,0.2559052448998375,-0.2559052448998375
2024-07-13,0.0,0.23409270768495422,-0.23409270768495422
2024-07-14,0.0,0.16677813831518024,-0.16677813831518024
2024-07-15,0.0,0.17641566670160347,-0.17641566670160347
2024-07-16,0.0,0.16646477647490898,-0.16646477647490898
2024-07-17,0.0,0.16243886031338528,-0.16243886031338528
2024-07-18,0.0,0.1698279157955241,-0.1698279157955241
2024-07-19,0.0,0.18144260478848676,-0.18144260478848676
2024-07-20,0.0,0.17149171456179227,-0.17149171456179227
2024-07-21,0.0,0.17048365055411055,-0.17048365055411055
2024-07-22,0.0,0.17048365055411055,-0.17048365055411055
2024-07-23,0.0,0.17048365055411055,-0.17048365055411055
2024-07-24,0.0,0.17048365055411055,-0.17048365055411055
2024-07-25,0.0,0.16493253341506683,-0.16493253341506683
2024-07-26,0.0,0.16808108338972327,-0.16808108338972327
2024-07-27,0.0,0.08379611592621027,-0.08379611592621027
2024-07-28,0.0,0.006980200447721304,-0.006980200447721304
2024-07-29,0.0,0.002590238912008031,-0.002590238912008031
2024-07-30,0.0,0.0014926223196927162,-0.0014926223196927162
2024-07-31,0.0,0.0014926223196927162,-0.0014926223196927162
2024-08-01,0.0,0.0014926223196927162,-0.0014926223196927162
2024-08-02,0.0,0.0014926223196927162,-0.0014926223196927162
2024-08-03,0.0,0.0014926223196927162,-0.0014926223196927162
2024-08-04,0.0,0.0014926223196927162,-0.0014926223196927162
2024-08-05,0.0,0.0014926223196927162,-0.0014926223196927162
2024-08-06,0.0,0.00030785279166924037,-0.00030785279166924037
2024-08-07,0.0,0.000456715062266746,-0.000456715062266746
2024-08-08,0.0,0.0,0.0
2024-08-09,0.0,0.0002909955742065908,-0.0002909955742065908
2024-08-10,0.0,0.0002909955742065908,-0.0002909955742065908
2024-08-11,0.0,0.0028147651271639264,-0.0028147651271639264
2024-08-12,0.0,0.0002909955742065908,-0.0002909955742065908
2024-08-13,0.0,0.0002909955742065908,-0.0002909955742065908
2024-08-14,0.0,6.257204503385913e-05,-6.257204503385913e-05
2024-08-15,0.0,0.0018358641981345931,-0.0018358641981345931
2024-08-16,0.0,0.003367092755910418,-0.003367092755910418
2024-08-17,0.0,0.0,0.0
2024-08-18,0.0,0.00029090708443124544,-0.00029090708443124544
2024-08-19,0.0,0.00029090708443124544,-0.00029090708443124544
2024-08-20,0.0,0.0,0.0
2024-08-21,0.0,0.0,0.0
2024-08-22,0.0,0.0,0.0
2024-08-23,0.0,0.0,0.0
2024-08-24,0.0,0.0,0.0
2024-08-25,0.0,0.0,0.0
2024-08-26,0.0,0.0,0.0
2024-08-27,0.0,0.0,0.0
2024-08-28,0.0,0.0,0.0
2024-08-29,0.0,0.0,0.0
2024-08-30,0.0,0.011389110719107531,-0.011389110719107531
2024-08-31,0.0,0.011366407258916699,-0.011366407258916699
2024-09-01,0.0,0.02243843697521227,-0.02243843697521227
2024-09-02,0.0,0.022587299245809777,-0.022587299245809777
2024-09-03,0.0,0.022587299245809777,-0.022587299245809777
2024-09-04,0.0,0.022587299245809777,-0.022587299245809777
2024-09-05,0.0,0.022587299245809777,-0.022587299245809777
2024-09-06,0.0,0.022587299245809777,-0.022587299245809777
2024-09-07,0.0,0.02368491583812509,-0.02368491583812509
2024-09-08,0.0,0.013760115765031685,-0.013760115765031685
2024-09-09,0.0,0.013760115765031685,-0.013760115765031685
2024-09-10,0.0,0.024832145481327256,-0.024832145481327256
2024-09-11,0.0,0.02373452888901194,-0.02373452888901194
2024-09-12,0.0,0.024832145481327256,-0.024832145481327256
2024-09-13,0.0,0.024832145481327256,-0.024832145481327256
2024-09-14,0.0,0.025373605352972728,-0.025373605352972728
2024-09-15,0.0,0.02490747772927922,-0.02490747772927922
2024-09-16,0.0,0.02490747772927922,-0.02490747772927922
2024-09-17,0.0,0.026005094321594535,-0.026005094321594535
2024-09-18,0.0,0.02436601785763375,-0.02436601785763375
2024-09-19,0.0,0.024987783889977536,-0.024987783889977536
2024-09-20,0.0,0.024987783889977536,-0.024987783889977536
2024-09-21,0.0,0.025844464161854735,-0.025844464161854735
2024-09-22,0.0,0.025844464161854735,-0.025844464161854735
2024-09-23,0.0,0.025844464161854735,-0.025844464161854735
2024-09-24,0.0,0.024987783889977536,-0.024987783889977536
2024-09-25,0.0,0.026005094321594535,-0.026005094321594535
2024-09-26,0.0,0.026005094321594535,-0.026005094321594535
2024-09-27,0.0,0.02490747772927922,-0.02490747772927922
2024-09-28,0.0,0.02490747772927922,-0.02490747772927922
2024-09-29,0.0,0.02490747772927922,-0.02490747772927922
2024-09-30,0.0,0.0,0.0
2024-10-01,0.0,0.0,0.0
2024-10-02,0.0,0.0,0.0
2024-10-03,0.0,0.0,0.0
2024-10-04,0.0,0.0,0.0
2024-10-05,0.0,0.0,0.0
2024-10-06,0.0,0.0,0.0
2024-10-07,0.0,0.0041532818602907605,-0.0041532818602907605
2024-10-08,0.0,0.00421052522294174,-0.00421052522294174
2024-10-09,0.0,0.004832291255285528,-0.004832291255285528
2024-10-10,0.0,0.0,0.0
2024-10-11,0.0,0.0,0.0
2024-10-12,0.0,0.0,0.0
2024-10-13,0.0,0.0,0.0
2024-10-14,0.0,0.0,0.0
2024-10-15,0.0,0.0,0.0
2024-10-16,0.0,0.0,0.0
2024-10-17,0.0,0.0,0.0
2024-10-18,0.0,0.0,0.0
2024-10-19,0.0,0.0,0.0
2024-10-20,0.0,0.0,0.0
2024-10-21,0.0,0.0,0.0
2024-10-22,0.0,0.0006331517556695465,-0.0006331517556695465
2024-10-23,0.0,0.0006331517556695465,-0.0006331517556695465
2024-10-24,0.0,0.0006331517556695465,-0.0006331517556695465
2024-10-25,0.0,0.0006331517556695465,-0.0006331517556695465
2024-10-26,0.0,0.0006331517556695465,-0.0006331517556695465
2024-10-27,0.0,0.0006331517556695465,-0.0006331517556695465
2024-10-28,0.0,0.0006331517556695465,-0.0006331517556695465
2024-10-29,0.0,0.0,0.0
2024-10-30,0.0,0.0,0.0
2024-10-31,0.0,0.0060709480230465235,-0.0060709480230465235
2024-11-01,0.0,0.0060709480230465235,-0.0060709480230465235
2024-11-02,0.0,0.0060709480230465235,-0.0060709480230465235
2024-11-03,0.0,0.0060709480230465235,-0.0060709480230465235
2024-11-04,0.0,0.0060709480230465235,-0.0060709480230465235
2024-11-05,0.0,0.0060709480230465235,-0.0060709480230465235
2024-11-06,0.0,0.006531473179831631,-0.006531473179831631
2024-11-07,0.0,0.007088302059538362,-0.007088302059538362
2024-11-08,0.0,0.006531473179831631,-0.006531473179831631
2024-11-09,0.0,0.004431871559085735,-0.004431871559085735
2024-11-10,0.0,0.007088302059538362,-0.007088302059538362
2024-11-11,0.0,0.008564820801877548,-0.008564820801877548
2024-11-12,0.0,0.006786958432615541,-0.006786958432615541
2024-11-13,0.0,0.040727254580600156,-0.040727254580600156
2024-11-14,0.0,0.03452759346226873,-0.03452759346226873
2024-11-15,0.0,0.0002878812492431004,-0.0002878812492431004
2024-11-16,0.0,0.0005872973142841218,-0.0005872973142841218
2024-11-17,0.0,0.0005872973142841218,-0.0005872973142841218
2024-11-18,0.0,0.010816428436922673,-0.010816428436922673
2024-11-19,0.0,0.002953425254864747,-0.002953425254864747
2024-11-20,0.0,0.0,0.0
2024-11-21,0.0,0.0,0.0
2024-11-22,0.0,0.0,0.0
2024-11-23,0.0,0.0,0.0
2024-11-24,0.0,0.0,0.0
2024-11-25,0.0,0.0,0.0
2024-11-26,0.0,0.0,0.0
2024-11-27,0.0,0.0,0.0
2024-11-28,0.0,0.0,0.0
2024-11-29,0.0,0.0,0.0
2024-11-30,0.0,0.0006066613940589812,-0.0006066613940589812
2024-12-01,0.0,0.0047396106368507935,-0.0047396106368507935
2024-12-02,0.0,0.0029819906750324417,-0.0029819906750324417
2024-12-03,0.0,0.0047396106368507935,-0.0047396106368507935
2024-12-04,0.0,0.0047396106368507935,-0.0047396106368507935
2024-12-05,0.0,0.004584600404700187,-0.004584600404700187
2024-12-06,0.0,0.0047396106368507935,-0.0047396106368507935
2024-12-07,0.0,0.0047396106368507935,-0.0047396106368507935
2024-12-08,0.0,0.0032043536832968528,-0.0032043536832968528
2024-12-09,0.0,0.0005479231828442252,-0.0005479231828442252
2024-12-10,0.0,0.0005479231828442252,-0.0005479231828442252
2024-12-11,0.0,0.0005479231828442252,-0.0005479231828442252
2024-12-12,0.0,0.0,0.0
2024-12-13,0.0,0.00039291295069361924,-0.00039291295069361924
2024-12-14,0.0,0.00039291295069361924,-0.00039291295069361924
2024-12-15,0.0,0.0006066613940589812,-0.0006066613940589812
2024-12-16,0.0,0.00045165116190837523,-0.00045165116190837523
2024-12-17,0.0,0.0006066613940589812,-0.0006066613940589812
2024-12-18,0.0,0.0006066613940589812,-0.0006066613940589812
2024-12-19,0.0,0.0006066613940589812,-0.0006066613940589812
2024-12-20,0.0,0.001228427426402769,-0.001228427426402769
2024-12-21,0.0,0.0006066613940589812,-0.0006066613940589812
2024-12-22,0.0,0.0006066613940589812,-0.0006066613940589812
2024-12-23,0.0,0.001228427426402769,-0.001228427426402769
2024-12-25,0.0,0.0020907276258691648,-0.0020907276258691648
2024-12-26,0.0,0.0022457378580197705,-0.0022457378580197705
2024-12-27,0.0,0.0020907276258691648,-0.0020907276258691648
2024-12-28,0.0,0.0022457378580197705,-0.0022457378580197705
2024-12-29,0.0,0.0022457378580197705,-0.0022457378580197705
2024-12-30,0.0,0.001228427426402769,-0.001228427426402769
2024-12-31,0.0,0.0010932048453971377,-0.0010932048453971377
2025-01-01,0.0,0.0010932048453971377,-0.0010932048453971377
2025-01-02,0.0,0.0005363759656904059,-0.0005363759656904059
2025-01-03,0.0,0.0010932048453971377,-0.0010932048453971377
2025-01-04,0.0,0.0010932048453971377,-0.0010932048453971377
2025-01-05,0.0,0.0010932048453971377,-0.0010932048453971377
2025-01-06,0.0,0.0010932048453971377,-0.0010932048453971377
2025-01-07,0.0,0.0010932048453971377,-0.0010932048453971377
2025-01-08,0.0,0.0,0.0
2025-01-09,0.0,0.0,0.0
2025-01-10,0.0,7.589441378013598e-05,-7.589441378013598e-05
2025-01-11,0.0,7.589441378013598e-05,-7.589441378013598e-05
2025-01-12,0.0,0.0010932048453971377,-0.0010932048453971377
2025-01-13,0.0,0.0010932048453971377,-0.0010932048453971377
2025-01-15,0.0,0.0010932048453971377,-0.0010932048453971377
2025-01-16,0.0,0.0010932048453971377,-0.0010932048453971377
2025-01-17,0.0,0.0010932048453971377,-0.0010932048453971377
2025-01-18,0.0,0.0010932048453971377,-0.0010932048453971377
2025-01-19,0.0,0.0010932048453971377,-0.0010932048453971377
2025-01-20,0.0,0.0010932048453971377,-0.0010932048453971377
2025-01-21,0.0,0.0010932048453971377,-0.0010932048453971377
2025-01-22,0.0,0.0010932048453971377,-0.0010932048453971377
2025-01-23,0.0,0.0010932048453971377,-0.0010932048453971377
2025-01-24,0.0,0.0010932048453971377,-0.0010932048453971377
2025-01-25,0.0,7.589441378013598e-05,-7.589441378013598e-05
2025-01-26,0.0,0.0,0.0
2025-01-27,0.0,0.0,0.0
2025-01-28,0.0,0.0,0.0
2025-01-29,0.0,7.589441378013598e-05,-7.589441378013598e-05
2025-01-30,0.0,7.589441378013598e-05,-7.589441378013598e-05
2025-01-31,0.0,0.0,0.0
2025-02-01,0.0,0.0,0.0
2025-02-02,0.0,7.589441378013598e-05,-7.589441378013598e-05
2025-02-03,0.0,0.0,0.0
2025-02-04,0.0,0.0010932048453971377,-0.0010932048453971377
2025-02-05,0.0,0.0010932048453971377,-0.0010932048453971377
2025-02-06,0.0,0.0010932048453971377,-0.0010932048453971377
2025-02-07,0.0,7.589441378013598e-05,-7.589441378013598e-05
2025-02-08,0.0,0.0010359614827461575,-0.0010359614827461575
2025-02-09,0.0,0.0010359614827461575,-0.0010359614827461575
2025-02-10,0.0,0.0010359614827461575,-0.0010359614827461575
2025-02-11,0.0,0.0010359614827461575,-0.0010359614827461575
2025-02-12,0.0,0.0010359614827461575,-0.0010359614827461575
2025-02-13,0.0,0.0010359614827461575,-0.0010359614827461575
2025-02-14,0.0,0.0005815351855545308,-0.0005815351855545308
2025-02-15,0.0,2.4522255979679626e-05,-2.4522255979679626e-05
2025-02-16,0.0,0.0,0.0
2025-02-17,0.0,0.0,0.0
2025-02-18,0.0,0.0,0.0
2025-02-19,0.0,0.0,0.0
2025-02-20,0.0,0.0,0.0
2025-02-21,0.0,0.0,0.0
2025-02-22,0.0,0.0,0.0
2025-02-23,0.0,0.0,0.0
2025-02-24,0.0,0.0,0.0
2025-02-25,0.0,0.0,0.0
2025-02-26,0.0,0.0,0.0
2025-02-27,0.0,0.0,0.0
2025-02-28,0.0,0.0,0.0
2025-03-01,0.0,0.00034756637823823603,-0.00034756637823823603
2025-03-02,0.0,0.001200683325819848,-0.001200683325819848
2025-03-03,0.0,0.001200683325819848,-0.001200683325819848
2025-03-04,0.0,0.0015000993908608692,-0.0015000993908608692
2025-03-05,0.0,0.0015000993908608692,-0.0015000993908608692
2025-03-06,0.0,0.001200683325819848,-0.001200683325819848
2025-03-07,0.0,0.0015000993908608692,-0.0015000993908608692
2025-03-08,0.0,0.0015000993908608692,-0.0015000993908608692
2025-03-09,0.0,0.0008924244275948231,-0.0008924244275948231
2025-03-10,0.0,0.0008924244275948231,-0.0008924244275948231
2025-03-11,0.0,0.0008924244275948231,-0.0008924244275948231
2025-03-12,0.0,0.006098473924633299,-0.006098473924633299
2025-03-13,0.0,0.00520304936508716,-0.00520304936508716
2025-03-14,0.0,0.00520304936508716,-0.00520304936508716
2025-03-15,0.0,0.005205854084427125,-0.005205854084427125
2025-03-16,0.0,0.008542932030411045,-0.008542932030411045
2025-03-17,0.0,0.007006238617203588,-0.007006238617203588
2025-03-18,0.0,0.006835545248103974,-0.006835545248103974
2025-03-19,0.0,0.004585470099132463,-0.004585470099132463
2025-03-20,0.0,0.006530127064651803,-0.006530127064651803
2025-03-21,0.0,0.00928235535891945,-0.00928235535891945
2025-03-22,0.0,0.00928235535891945,-0.00928235535891945
2025-03-23,0.0,0.00928235535891945,-0.00928235535891945
2025-03-24,0.0,0.008982939293878429,-0.008982939293878429
2025-03-25,0.0,0.008982939293878429,-0.008982939293878429
2025-03-26,0.0,0.008982939293878429,-0.008982939293878429
2025-03-27,0.0,0.00928235535891945,-0.00928235535891945
2025-03-28,0.0,0.009478466396009444,-0.009478466396009444
2025-03-29,0.0,0.00928235535891945,-0.00928235535891945
2025-03-30,0.0,0.00928235535891945,-0.00928235535891945
2025-03-31,0.0,0.00846115596439244,-0.00846115596439244
2025-04-01,0.0,0.008265044927302448,-0.008265044927302448
2025-04-02,0.0,0.0028269244637979976,-0.0028269244637979976
2025-04-03,0.0,0.004305370768018986,-0.004305370768018986
2025-04-04,0.0,0.003844234895414997,-0.003844234895414997
2025-04-05,0.0,0.0028269244637979976,-0.0028269244637979976
2025-04-06,0.0,0.002205158431454209,-0.002205158431454209
2025-04-07,0.0,0.002205158431454209,-0.002205158431454209
2025-04-08,0.0,0.003844234895414997,-0.003844234895414997
2025-04-09,0.0,0.003844234895414997,-0.003844234895414997
2025-04-10,0.0,0.003844234895414997,-0.003844234895414997
2025-04-11,0.0,0.005322681199635986,-0.005322681199635986
2025-04-12,0.0,0.003844234895414997,-0.003844234895414997
2025-04-13,0.0,0.003844234895414997,-0.003844234895414997
2025-04-14,0.0,0.001092006601147354,-0.001092006601147354
2025-04-15,0.0,0.0014189521476845148,-0.0014189521476845148
2025-04-16,0.0,0.003915056433129837,-0.003915056433129837
2025-04-17,0.0,0.013412877958732852,-0.013412877958732852
2025-04-18,0.0,0.013353928321671935,-0.013353928321671935
2025-04-19,0.0,0.00971462959130703,-0.00971462959130703
2025-04-20,0.0,0.00971462959130703,-0.00971462959130703
2025-04-21,0.0,0.00971462959130703,-0.00971462959130703
2025-04-22,0.0,0.039796074945978095,-0.039796074945978095
2025-04-23,0.0,0.11170748877831854,-0.11170748877831854
2025-04-24,0.0,0.10926136407622586,-0.10926136407622586
2025-04-25,0.0,0.15048944082697602,-0.15048944082697602
2025-04-26,0.0,0.14653160433725965,-0.14653160433725965
2025-04-27,0.0,0.14041654864562755,-0.14041654864562755
2025-04-28,0.0,0.13983212102785836,-0.13983212102785836
2025-04-29,0.0,0.12562579780452604,-0.12562579780452604
2025-04-30,0.0,0.11099903026849828,-0.11099903026849828
2025-05-01,0.0,0.11099903026849828,-0.11099903026849828
2025-05-02,0.0,0.11178411651731403,-0.11178411651731403
2025-05-03,0.0,0.012714661095478664,-0.012714661095478664
2025-05-04,0.0,0.017597652143914528,-0.017597652143914528
2025-05-05,0.0,0.010924043145913097,-0.010924043145913097
2025-05-06,0.0,0.006215583912106227,-0.006215583912106227
2025-05-07,0.0,0.027142962743899053,-0.027142962743899053
2025-05-08,0.0,0.0022843572778692995,-0.0022843572778692995
2025-05-09,0.0,0.0022843572778692995,-0.0022843572778692995
2025-05-10,0.0,0.0,0.0
2025-05-11,0.0,0.0,0.0
2025-05-12,0.0,0.0028163041418928295,-0.0028163041418928295
2025-05-13,0.0,0.0,0.0
2025-05-14,0.0,0.002971314374043435,-0.002971314374043435
2025-05-15,0.0,0.002971314374043435,-0.002971314374043435
2025-05-16,0.0,0.03360700132137613,-0.03360700132137613
2025-05-17,0.0,0.03429600550684552,-0.03429600550684552
2025-05-18,0.0,0.10932734756873744,-0.10932734756873744
2025-05-19,0.0,0.11080579387295843,-0.11080579387295843
2025-05-20,0.0,0.11144087653143031,-0.11144087653143031
2025-05-21,0.0,0.11144087653143031,-0.11144087653143031
2025-05-22,0.0,0.04674706511848856,-0.04674706511848856
2025-05-23,0.0,0.0349310881653174,-0.0349310881653174
2025-05-24,0.0,0.031182018705187737,-0.031182018705187737
2025-05-25,0.0,0.04613671775310723,-0.04613671775310723
2025-05-26,0.0,0.07198332366865583,-0.07198332366865583
2025-05-27,0.0,0.045541922190723026,-0.045541922190723026
2025-05-28,0.0,0.05147398687605554,-0.05147398687605554
2025-05-29,0.0,0.05012116007672049,-0.05012116007672049
2025-05-30,0.0,0.0807568470240532,-0.0807568470240532
2025-05-31,0.0,0.07425776984068076,-0.07425776984068076
2025-06-01,0.0,0.07578899839845658,-0.07578899839845658
2025-06-02,0.0,0.039765259624753246,-0.039765259624753246
2025-06-03,0.0,0.039765259624753246,-0.039765259624753246
2025-06-04,0.0,0.058094636029329155,-0.058094636029329155
2025-06-05,0.0,0.057114141908296945,-0.057114141908296945
2025-06-06,0.0,0.057625964523080636,-0.057625964523080636
2025-06-07,0.0,0.0600231203992293,-0.0600231203992293
2025-06-08,0.0,0.0605176028581084,-0.0605176028581084
2025-06-09,0.0,0.059758484966515306,-0.059758484966515306
2025-06-10,0.0,0.060598551028997735,-0.060598551028997735
2025-06-11,0.0,0.07236192023584073,-0.07236192023584073
2025-06-12,0.0,0.07236448803202392,-0.07236448803202392
2025-06-13,0.0,0.09042051411630991,-0.09042051411630991
2025-06-14,0.0,0.08662753326957501,-0.08662753326957501
2025-06-15,0.0,0.1357753241322627,-0.1357753241322627
2025-06-16,0.0,0.10590418288708223,-0.10590418288708223
2025-06-17,0.0,0.13380087030375248,-0.13380087030375248
2025-06-18,0.0,0.10590418288708223,-0.10590418288708223
2025-06-19,0.0,0.10978362436851914,-0.10978362436851914
2025-06-20,0.0,0.13380087030375248,-0.13380087030375248
2025-06-21,0.0,0.15134839554838714,-0.15134839554838714
2025-06-22,0.0,0.10782851175721025,-0.10782851175721025
2025-06-23,0.0,0.14220915362012837,-0.14220915362012837
2025-06-24,0.0,0.11257166478465121,-0.11257166478465121
2025-06-25,0.0,0.12436981290697853,-0.12436981290697853
2025-06-26,0.0,0.12187465985835093,-0.12187465985835093
2025-06-27,0.0,0.10397995642779964,-0.10397995642779964
2025-06-28,0.0,0.12753832821575803,-0.12753832821575803
2025-06-29,0.0,0.1237100655441555,-0.1237100655441555
2025-06-30,0.0,0.11951188674886444,-0.11951188674886444
2025-07-01,0.0,0.0698005461038272,-0.0698005461038272
2025-07-02,0.0,0.0657445522435774,-0.0657445522435774
2025-07-03,0.0,0.0728082267270416,-0.0728082267270416
2025-07-04,0.0,0.07371940942139087,-0.07371940942139087
2025-07-05,0.0,0.07371940942139087,-0.07371940942139087
2025-07-06,0.0,0.058629651906027085,-0.058629651906027085
2025-07-07,0.0,0.053676416973103165,-0.053676416973103165
2025-07-08,0.0,0.018771139146266835,-0.018771139146266835
2025-07-09,0.0,0.015424539741261631,-0.015424539741261631
2025-07-10,0.0,0.017933401198289945,-0.017933401198289945
2025-07-11,0.0,0.017333559336448156,-0.017333559336448156
2025-07-12,0.0,0.014347206632292069,-0.014347206632292069
2025-07-13,0.0,0.013835384017508374,-0.013835384017508374
2025-07-14,0.0,0.013835384017508374,-0.013835384017508374
2025-07-15,0.0,0.0007735032769319253,-0.0007735032769319253
2025-07-16,0.0,0.0007735032769319253,-0.0007735032769319253
2025-07-17,0.0,0.0007735032769319253,-0.0007735032769319253
2025-07-18,0.0,0.0007735032769319253,-0.0007735032769319253
2025-07-19,0.0,0.0007735032769319253,-0.0007735032769319253
2025-07-20,0.0,0.0017161096370966339,-0.0017161096370966339
2025-07-21,0.0,0.0018711198692472396,-0.0018711198692472396
2025-07-22,0.0,0.0008538094376302381,-0.0008538094376302381
2025-07-23,0.0,0.0008538094376302381,-0.0008538094376302381
2025-07-24,0.0,0.0018711198692472396,-0.0018711198692472396
2025-07-25,0.0,0.0018711198692472396,-0.0018711198692472396
2025-07-26,0.0,0.0018711198692472396,-0.0018711198692472396
2025-07-27,0.0,0.0018711198692472396,-0.0018711198692472396
2025-07-28,0.0,0.0018347841929273858,-0.0018347841929273858
2025-07-29,0.0,0.0018347841929273858,-0.0018347841929273858
2025-07-30,0.0,0.0018347841929273858,-0.0018347841929273858
2025-07-31,0.0,0.0007371676006120717,-0.0007371676006120717
2025-08-01,0.0,0.0007735032769319253,-0.0007735032769319253
2025-08-02,0.0,0.0007735032769319253,-0.0007735032769319253
2025-08-03,0.0,0.0007735032769319253,-0.0007735032769319253
2025-08-04,0.0,0.005917859448992059,-0.005917859448992059
2025-08-05,0.0,0.005917859448992059,-0.005917859448992059
2025-08-06,0.0,0.0018711198692472396,-0.0018711198692472396
2025-08-07,0.0,0.0017161096370966339,-0.0017161096370966339
2025-08-08,0.0,0.0008538094376302381,-0.0008538094376302381
2025-08-09,0.0,0.0008538094376302381,-0.0008538094376302381
2025-08-10,0.0,0.00023204340528644988,-0.00023204340528644988
2025-08-11,0.0,0.00023204340528644988,-0.00023204340528644988
2025-08-12,0.0,0.0008538094376302381,-0.0008538094376302381
2025-08-13,0.0,0.0018711198692472396,-0.0018711198692472396
2025-08-14,0.0,0.0018711198692472396,-0.0018711198692472396
2025-08-15,0.0,0.0014049037557783864,-0.0014049037557783864
2025-08-16,0.0,0.0014049037557783864,-0.0014049037557783864
2025-08-17,0.0,0.0014049037557783864,-0.0014049037557783864
2025-08-18,0.0,0.0014049037557783864,-0.0014049037557783864
2025-08-19,0.0,0.0012560414851808808,-0.0012560414851808808
2025-08-20,0.0,0.00144123943209824,-0.00144123943209824
2025-08-21,0.0,0.00144123943209824,-0.00144123943209824
2025-08-22,0.0,0.00144123943209824,-0.00144123943209824
2025-08-23,0.0,0.00144123943209824,-0.00144123943209824
2025-08-24,0.0,0.00144123943209824,-0.00144123943209824
2025-08-25,0.0,0.00144123943209824,-0.00144123943209824
2025-08-26,0.0,0.00144123943209824,-0.00144123943209824
2025-08-27,0.0,0.00144123943209824,-0.00144123943209824
2025-08-28,0.0,0.0003436228397829255,-0.0003436228397829255
2025-08-29,0.0,0.0003436228397829255,-0.0003436228397829255
2025-08-30,0.0,0.00144123943209824,-0.00144123943209824
2025-08-31,0.0,0.00144123943209824,-0.00144123943209824
2025-09-01,0.0,0.0007258230607364823,-0.0007258230607364823
2025-09-02,0.0,0.0007258230607364823,-0.0007258230607364823
2025-09-03,0.0,0.0007258230607364823,-0.0007258230607364823
2025-09-04,0.0,0.0007258230607364823,-0.0007258230607364823
2025-09-05,0.0,0.0007258230607364823,-0.0007258230607364823
2025-09-06,0.0,0.0,0.0
2025-09-07,0.0,0.0007258230607364823,-0.0007258230607364823
2025-09-08,0.0,0.0007258230607364823,-0.0007258230607364823
2025-09-09,0.0,0.0007258230607364823,-0.0007258230607364823
2025-09-10,0.0,0.0007258230607364823,-0.0007258230607364823
2025-09-11,0.0,0.0006894873844166287,-0.0006894873844166287
2025-09-12,0.0,0.0,0.0
2025-09-13,0.0,0.0,0.0
2025-09-14,0.0,0.0007258230607364823,-0.0007258230607364823
2025-09-15,0.0,0.0005708128285858763,-0.0005708128285858763
2025-09-16,0.0,0.0006894873844166287,-0.0006894873844166287
2025-09-17,0.0,0.0007258230607364823,-0.0007258230607364823
2025-09-18,0.0,0.0007258230607364823,-0.0007258230607364823
2025-09-19,0.0,0.0,0.0
2025-09-20,0.0,0.0006894873844166287,-0.0006894873844166287
2025-09-21,0.0,0.0006894873844166287,-0.0006894873844166287
2025-09-22,0.0,0.0,0.0
2025-09-23,0.0,0.0006894873844166287,-0.0006894873844166287
2025-09-24,0.0,0.0007258230607364823,-0.0007258230607364823
2025-09-25,0.0,0.0006894873844166287,-0.0006894873844166287
2025-09-26,0.0,0.0006894873844166287,-0.0006894873844166287
2025-09-27,0.0,0.0006894873844166287,-0.0006894873844166287
2025-09-28,0.0,0.0007258230607364823,-0.0007258230607364823
2025-09-29,0.0,0.0006894873844166287,-0.0006894873844166287
2025-09-30,0.0,0.0007258230607364823,-0.0007258230607364823
2025-10-01,0.0,0.0007258230607364823,-0.0007258230607364823
2025-10-02,0.0,0.0007258230607364823,-0.0007258230607364823
2025-10-03,0.0,0.0007258230607364823,-0.0007258230607364823
2025-10-04,0.0,0.0007258230607364823,-0.0007258230607364823
2025-10-05,0.0,0.0007258230607364823,-0.0007258230607364823
2025-10-06,0.0,0.0007258230607364823,-0.0007258230607364823
2025-10-07,0.0,0.0007258230607364823,-0.0007258230607364823
2025-10-08,0.0,0.0007258230607364823,-0.0007258230607364823
2025-10-09,0.0,0.0007258230607364823,-0.0007258230607364823
2025-10-10,0.0,0.0007258230607364823,-0.0007258230607364823
2025-10-11,0.0,0.0007258230607364823,-0.0007258230607364823
2025-10-12,0.0,0.0007258230607364823,-0.0007258230607364823
2025-10-13,0.0,0.0007258230607364823,-0.0007258230607364823
2025-10-14,0.0,0.0007258230607364823,-0.0007258230607364823
2025-10-15,0.0,0.0007258230607364823,-0.0007258230607364823
2025-10-16,0.0,0.0007258230607364823,-0.0007258230607364823
2025-10-17,0.0,0.006127283651793607,-0.006127283651793607
2025-10-18,0.0,0.006127283651793607,-0.006127283651793607
2025-10-19,0.0,0.006127283651793607,-0.006127283651793607
2025-10-20,0.0,0.005972273419643,-0.005972273419643
2025-10-21,0.0,0.006127283651793607,-0.006127283651793607
2025-10-22,0.0,0.006127283651793607,-0.006127283651793607
2025-10-23,0.0,0.0007258230607364823,-0.0007258230607364823
2025-10-24,0.0,0.0007258230607364823,-0.0007258230607364823
2025-10-25,0.0,0.0007258230607364823,-0.0007258230607364823
2025-10-26,0.0,0.0007258230607364823,-0.0007258230607364823
2025-10-27,0.0,0.0007258230607364823,-0.0007258230607364823
2025-10-28,0.0,0.0007258230607364823,-0.0007258230607364823
2025-10-29,0.0,0.0007258230607364823,-0.0007258230607364823
2025-10-30,0.0,0.0007258230607364823,-0.0007258230607364823
2025-10-31,0.0,0.0006894873844166287,-0.0006894873844166287
2025-11-01,0.0,0.0006894873844166287,-0.0006894873844166287
2025-11-02,0.0,0.0006894873844166287,-0.0006894873844166287
2025-11-03,0.0,0.0006894873844166287,-0.0006894873844166287
2025-11-04,0.0,0.0006894873844166287,-0.0006894873844166287
2025-11-05,0.0,0.0006894873844166287,-0.0006894873844166287
2025-11-06,0.0,0.0007258230607364823,-0.0007258230607364823
2025-11-07,0.0,0.0005708128285858763,-0.0005708128285858763
2025-11-08,0.0,0.0007258230607364823,-0.0007258230607364823
2025-11-09,0.0,0.0007258230607364823,-0.0007258230607364823
2025-11-10,0.0,0.0007258230607364823,-0.0007258230607364823
2025-11-11,0.0,0.0007258230607364823,-0.0007258230607364823
2025-11-12,0.0,0.0007258230607364823,-0.0007258230607364823
2025-11-13,0.0,0.0007258230607364823,-0.0007258230607364823
2025-11-14,0.0,0.006127283651793607,-0.006127283651793607
2025-11-15,0.0,0.006127283651793607,-0.006127283651793607
2025-11-16,0.0,0.006127283651793607,-0.006127283651793607
2025-11-17,0.0,0.006127283651793607,-0.006127283651793607
2025-11-18,0.0,0.0007258230607364823,-0.0007258230607364823
2025-11-19,0.0,0.0007258230607364823,-0.0007258230607364823
2025-11-20,0.0,0.0007258230607364823,-0.0007258230607364823
2025-11-21,0.0,0.0007258230607364823,-0.0007258230607364823
2025-11-22,0.0,0.0,0.0
2025-11-23,0.0,0.00022623754368073006,-0.00022623754368073006
2025-11-24,0.0,0.0007258230607364823,-0.0007258230607364823
2025-11-25,0.0,0.0007258230607364823,-0.0007258230607364823
2025-11-26,0.0,0.0007258230607364823,-0.0007258230607364823
2025-11-27,0.0,0.0007258230607364823,-0.0007258230607364823
2025-11-28,0.0,0.0006894873844166287,-0.0006894873844166287
2025-11-29,0.0,0.0006894873844166287,-0.0006894873844166287
