==========================================
SLURM_JOB_ID = 2594320
SLURM_NODELIST = gnode068
SLURM_JOB_GPUS = 0
==========================================
==========================================
SLURM_JOB_ID = 2594320
SLURM_NODELIST = gnode068
SLURM_JOB_GPUS = 0
==========================================
[18:59:50] ============================================================
[18:59:50]   All Models Pipeline (Ada HPC) v3
[18:59:50]   Mode:    FRESH (deep-verify, rerun gaps)
[18:59:50]   RF + D-MPNN + CheMeleon + MoLFormer + Compare
[18:59:50] ============================================================
[18:59:50]   Home:    /home2/vishakha.agrawal/antibiotic-selectivity (READ ONLY)
[18:59:50]   Scratch: /scratch/vishakha.agrawal/antibiotic-selectivity
[18:59:50]   Node:    gnode068
[18:59:50]   Job ID:  2594320
[18:59:50]   TMPDIR:  /scratch/vishakha.agrawal/tmp
[18:59:50]   PIP:     /scratch/vishakha.agrawal/pip_cache
[18:59:50]   Log:     /tmp/all_models_2594320.log
[18:59:50] 
[18:59:50] [0/10] Copying project from home to scratch...
[18:59:50]   This copies venv (~6 GB) + all code/data. May take 5-7 minutes.
Literal data: 16,954,646,503 bytes
Matched data: 0 bytes
File list size: 3,014,321
File list generation time: 0.001 seconds
File list transfer time: 0.000 seconds
Total bytes sent: 16,965,225,946
Total bytes received: 1,590,377

sent 16,965,225,946 bytes  received 1,590,377 bytes  41,945,157.78 bytes/sec
total size is 16,954,647,172  speedup is 1.00
[19:06:34]   OK: 80178 files, 17G in 404s
[19:06:34]   Scratch free: 803G
[19:06:34] 
[19:06:35] [0b/10] venv_v1 SKIPPED (chemprop v1 requires Python <3.9, Ada has 3.12)
[19:06:35]   Current venv_v1 chemprop: none
[19:06:35]   Need chemprop v1.x. Rebuilding venv_v1...
[19:06:35] 
[19:06:35] [1/10] Verifying main Python environment...
[19:06:35]   Python: Python 3.12.4 at /home2/vishakha.agrawal/antibiotic-selectivity/venv/bin/python3
  sys.prefix: /home2/vishakha.agrawal/antibiotic-selectivity/venv
  sys.executable: /home2/vishakha.agrawal/antibiotic-selectivity/venv/bin/python3
  [OK]   numpy: 2.4.3
  [OK]   pandas: 2.3.3
  [OK]   scipy: 1.17.1
  [OK]   sklearn: 1.8.0
  [OK]   rdkit: 2025.09.6
  [OK]   torch: 2.4.1+cu118, CUDA=True
  [OK]   chemprop: 2.2.2
  [OK]   transformers: 4.57.6
  [OK]   matplotlib: 3.10.8
  [OK]   seaborn: 0.13.2
  [OK]   plotly: 6.6.0
  [OK]   openpyxl: 3.1.5
  [OK]   tqdm: 4.67.3
  [OK]   joblib: 1.5.3
  GPU: NVIDIA GeForce RTX 2080 Ti (10.6 GB)

  Verification: 14/14 OK, 0 failed
[19:07:01] 
[19:07:01] [2/10] Checking pretrained weight caches...
[19:07:01]   No pretrained_weights/ directory.
[19:07:01] 
[19:07:01] [3/10] Verifying data and finding run...
[19:07:01]   Run ID: run_20260315_034033

  DATA VERIFICATION:
    ecoli                 28284 compounds, 6 cols  [OK]
    saureus               43853 compounds, 6 cols  [OK]
    paeruginosa           17783 compounds, 6 cols  [OK]
    mtb                   18705 compounds, 6 cols  [OK]
    maier                  1177 compounds  [OK]
    hub                    6739 compounds  [OK]

  All data OK.
[19:07:02] 
[19:07:02]   DEEP OUTPUT VERIFICATION:
    RF models (.pkl)             7 files  [OK]
    RF metrics                   7 tasks [OK]
    RF screening                12 files  [OK]
    DMPNN checkpoints           84 files  [OK]
    DMPNN metrics                7 tasks [OK]
    DMPNN screening             19 files  [OK]
    CheMeleon Frozen models     35 files  [OK]
    CheMeleon Frozen metrics     7 tasks [OK]
    MoLFormer models            24 files  [OK]
    MoLFormer metrics            0 tasks [NEED 7, have 0]
    Features (.npz)              6 files  [OK]
    Splits                       5 files  [OK]
    Figures (.png)              44 files  [OK]
    Comparison CSV             yes       [OK]
[19:07:03]   Verification JSON: {"rf": {"ok": true, "models": 7, "tasks": 7, "screening": 12}, "dmpnn": {"ok": true, "ckpts": 84, "tasks": 7, "screening": 19}, "chemeleon_frozen": {"ok": true, "models": 35, "tasks": 7}, "molformer": {"ok": false, "models": 24, "tasks": 0}, "features": {"ok": true}, "splits": {"ok": true}, "evaluation": {"ok": true, "figures": 44, "comparison": true}}
[19:07:03] 
[19:07:03]   FRESH MODE: rerun only phases with gaps.
[19:07:03] 
[19:07:03]   === EXECUTION PLAN ===
[19:07:03]   D-MPNN:          SKIP (complete)
[19:07:03]   CheMeleon Frozen: SKIP (complete)
[19:07:03]   MoLFormer:        WILL RUN
[19:07:03]   Evaluation:       SKIP (complete)
[19:07:03]   ======================
[19:07:03] 
[19:07:03] [4/10] Phase 3B: D-MPNN Training...
[19:07:03] ============================================================
[19:07:03]   SKIP: D-MPNN outputs verified complete
[19:07:03]   Generating interim report...
2026-03-21 19:07:06 | INFO  | interim_report | Logging to file: /scratch/vishakha.agrawal/antibiotic-selectivity/logs/interim_report.log
2026-03-21 19:07:06 | INFO  | interim_report | ============================================================
2026-03-21 19:07:06 | INFO  | interim_report |   Interim Progress Report
2026-03-21 19:07:06 | INFO  | interim_report | ============================================================
2026-03-21 19:07:06 | INFO  | interim_report |   Loaded: rf (7 tasks)
2026-03-21 19:07:06 | INFO  | interim_report |   Loaded: dmpnn (7 tasks)
2026-03-21 19:07:06 | INFO  | interim_report |   Loaded: chemeleon_frozen (7 tasks)
2026-03-21 19:07:06 | INFO  | interim_report |   CSV: /scratch/vishakha.agrawal/antibiotic-selectivity/outputs/runs/run_20260315_034033/results/interim_comparison.csv

======================================================================
  INTERIM MODEL COMPARISON
  Generated: 2026-03-21 19:07
  Models completed: 3/4
======================================================================
  Task               RF + Morgan FP         D-MPNN (Chemprop)      CheMeleon (Frozen Enc.)
  ------------------------------------------------------------------------------------
  E. coli            0.8765 +/- 0.011       0.8525 +/- 0.012       0.8330 +/- 0.011      
  S. aureus          0.8708 +/- 0.007       0.8544 +/- 0.013       0.8311 +/- 0.010      
  P. aeruginosa      0.8610 +/- 0.013       0.8379 +/- 0.013       0.8204 +/- 0.018      
  M. tuberculosis    0.8112 +/- 0.018       0.7599 +/- 0.023       0.7620 +/- 0.013      
  Gut (t=5)          0.8035 +/- 0.073       0.8248 +/- 0.051       0.8257 +/- 0.039      
  Gut (t=10)         0.8232 +/- 0.090       0.8410 +/- 0.039       0.8122 +/- 0.071      
  Gut (t=20)         0.8798 +/- 0.050       0.8776 +/- 0.072       0.8581 +/- 0.076      
  ------------------------------------------------------------------------------------
  MEAN               0.8466 (n=7)           0.8354 (n=7)           0.8204 (n=7)          

  Best model per task:
    E. coli            RF + Morgan FP         ROC-AUC=0.8765
    S. aureus          RF + Morgan FP         ROC-AUC=0.8708
    P. aeruginosa      RF + Morgan FP         ROC-AUC=0.8610
    M. tuberculosis    RF + Morgan FP         ROC-AUC=0.8112
    Gut (t=5)          CheMeleon (Frozen Enc.) ROC-AUC=0.8257
    Gut (t=10)         D-MPNN (Chemprop)      ROC-AUC=0.8410
    Gut (t=20)         RF + Morgan FP         ROC-AUC=0.8798
======================================================================
2026-03-21 19:07:06 | INFO  | interim_report |   Figure: /scratch/vishakha.agrawal/antibiotic-selectivity/outputs/runs/run_20260315_034033/results/figures/interim_comparison.png
2026-03-21 19:07:06 | INFO  | interim_report |   Report: /scratch/vishakha.agrawal/antibiotic-selectivity/outputs/runs/run_20260315_034033/results/interim_summary.md
2026-03-21 19:07:06 | INFO  | interim_report | 
  Done. 3 models, 7 tasks.
[19:07:07] 
[19:07:07] [5/10] Phase 3C: CheMeleon Frozen Encoder...
[19:07:07] ============================================================
[19:07:07]   SKIP: CheMeleon Frozen outputs verified complete
[19:07:07]   Generating interim report...
2026-03-21 19:07:09 | INFO  | interim_report | Logging to file: /scratch/vishakha.agrawal/antibiotic-selectivity/logs/interim_report.log
2026-03-21 19:07:09 | INFO  | interim_report | ============================================================
2026-03-21 19:07:09 | INFO  | interim_report |   Interim Progress Report
2026-03-21 19:07:09 | INFO  | interim_report | ============================================================
2026-03-21 19:07:09 | INFO  | interim_report |   Loaded: rf (7 tasks)
2026-03-21 19:07:09 | INFO  | interim_report |   Loaded: dmpnn (7 tasks)
2026-03-21 19:07:09 | INFO  | interim_report |   Loaded: chemeleon_frozen (7 tasks)
2026-03-21 19:07:09 | INFO  | interim_report |   CSV: /scratch/vishakha.agrawal/antibiotic-selectivity/outputs/runs/run_20260315_034033/results/interim_comparison.csv

======================================================================
  INTERIM MODEL COMPARISON
  Generated: 2026-03-21 19:07
  Models completed: 3/4
======================================================================
  Task               RF + Morgan FP         D-MPNN (Chemprop)      CheMeleon (Frozen Enc.)
  ------------------------------------------------------------------------------------
  E. coli            0.8765 +/- 0.011       0.8525 +/- 0.012       0.8330 +/- 0.011      
  S. aureus          0.8708 +/- 0.007       0.8544 +/- 0.013       0.8311 +/- 0.010      
  P. aeruginosa      0.8610 +/- 0.013       0.8379 +/- 0.013       0.8204 +/- 0.018      
  M. tuberculosis    0.8112 +/- 0.018       0.7599 +/- 0.023       0.7620 +/- 0.013      
  Gut (t=5)          0.8035 +/- 0.073       0.8248 +/- 0.051       0.8257 +/- 0.039      
  Gut (t=10)         0.8232 +/- 0.090       0.8410 +/- 0.039       0.8122 +/- 0.071      
  Gut (t=20)         0.8798 +/- 0.050       0.8776 +/- 0.072       0.8581 +/- 0.076      
  ------------------------------------------------------------------------------------
  MEAN               0.8466 (n=7)           0.8354 (n=7)           0.8204 (n=7)          

  Best model per task:
    E. coli            RF + Morgan FP         ROC-AUC=0.8765
    S. aureus          RF + Morgan FP         ROC-AUC=0.8708
    P. aeruginosa      RF + Morgan FP         ROC-AUC=0.8610
    M. tuberculosis    RF + Morgan FP         ROC-AUC=0.8112
    Gut (t=5)          CheMeleon (Frozen Enc.) ROC-AUC=0.8257
    Gut (t=10)         D-MPNN (Chemprop)      ROC-AUC=0.8410
    Gut (t=20)         RF + Morgan FP         ROC-AUC=0.8798
======================================================================
2026-03-21 19:07:10 | INFO  | interim_report |   Figure: /scratch/vishakha.agrawal/antibiotic-selectivity/outputs/runs/run_20260315_034033/results/figures/interim_comparison.png
2026-03-21 19:07:10 | INFO  | interim_report |   Report: /scratch/vishakha.agrawal/antibiotic-selectivity/outputs/runs/run_20260315_034033/results/interim_summary.md
2026-03-21 19:07:10 | INFO  | interim_report | 
  Done. 3 models, 7 tasks.
[19:07:10] 
[19:07:10] [5b/10] CheMeleon Fine-Tune... SKIPPED (disabled)
[19:07:10] 
[19:07:10] [6/10] Phase 3D: MoLFormer-XL Fine-Tuning...
[19:07:10] ============================================================
[19:07:10]   HuggingFace cache: /scratch/vishakha.agrawal/antibiotic-selectivity/.hf_cache
[19:07:10]   Pretrained weights: cached locally
[19:07:10]   Starting MoLFormer-XL training...
2026-03-21 19:07:12 | INFO  | phase3d | Logging to file: /scratch/vishakha.agrawal/antibiotic-selectivity/logs/phase3d.log
2026-03-21 19:07:12 | INFO  | phase3d | ============================================================
2026-03-21 19:07:12 | INFO  | phase3d |  STARTING: Phase 3D: MoLFormer-XL Fine-Tuning
2026-03-21 19:07:12 | INFO  | phase3d | ============================================================
2026-03-21 19:07:18 | INFO  | phase3d |   torch=2.4.1+cu118, transformers=4.57.6
2026-03-21 19:07:20 | INFO  | phase3d |   GPU: NVIDIA GeForce RTX 2080 Ti (10.6 GB)
2026-03-21 19:07:20 | INFO  | phase3d | 
  7 tasks to train
2026-03-21 19:07:20 | INFO  | phase3d | 
  >>> Model 1/7: molformer_ecoli <<<
2026-03-21 19:07:20 | INFO  | phase3d | 
  Training molformer_ecoli with 5-fold scaffold CV...
2026-03-21 19:07:20 | INFO  | phase3d |     [10_train_molformer.py:molformer_ecoli:fold_0] Starting fold 0/5...
2026-03-21 19:07:22 | INFO  | phase3d |     Loading MoLFormer from ibm/MoLFormer-XL-both-10pct...
2026-03-21 19:07:22 | INFO  | phase3d |     transformers version: 4.57.6
A new version of the following files was downloaded from https://huggingface.co/ibm/MoLFormer-XL-both-10pct:
- tokenization_molformer_fast.py
. Make sure to double-check they do not contain any added malicious code. To avoid downloading new versions of the code file, you can pin a revision.
A new version of the following files was downloaded from https://huggingface.co/ibm/MoLFormer-XL-both-10pct:
- configuration_molformer.py
. Make sure to double-check they do not contain any added malicious code. To avoid downloading new versions of the code file, you can pin a revision.
A new version of the following files was downloaded from https://huggingface.co/ibm/MoLFormer-XL-both-10pct:
- modeling_molformer.py
. Make sure to double-check they do not contain any added malicious code. To avoid downloading new versions of the code file, you can pin a revision.
2026-03-21 19:07:31 | INFO  | phase3d |     Encoder: 44.4M params
2026-03-21 19:07:31 | INFO  | phase3d |     Classifier: 769 params
2026-03-21 19:07:31 | INFO  | phase3d |     Device: cuda
2026-03-21 19:07:42 | INFO  | phase3d |     [10_train_molformer.py:molformer_ecoli:fold_0] SKIP (cached model), ROC-AUC=0.8383, PR-AUC=0.7833
2026-03-21 19:07:42 | INFO  | phase3d |     [10_train_molformer.py:molformer_ecoli:fold_1] Starting fold 1/5...
2026-03-21 19:07:42 | INFO  | phase3d |     Loading MoLFormer from ibm/MoLFormer-XL-both-10pct...
2026-03-21 19:07:42 | INFO  | phase3d |     transformers version: 4.57.6
A new version of the following files was downloaded from https://huggingface.co/ibm/MoLFormer-XL-both-10pct:
- tokenization_molformer_fast.py
. Make sure to double-check they do not contain any added malicious code. To avoid downloading new versions of the code file, you can pin a revision.
A new version of the following files was downloaded from https://huggingface.co/ibm/MoLFormer-XL-both-10pct:
- configuration_molformer.py
. Make sure to double-check they do not contain any added malicious code. To avoid downloading new versions of the code file, you can pin a revision.
A new version of the following files was downloaded from https://huggingface.co/ibm/MoLFormer-XL-both-10pct:
- modeling_molformer.py
. Make sure to double-check they do not contain any added malicious code. To avoid downloading new versions of the code file, you can pin a revision.
2026-03-21 19:07:45 | INFO  | phase3d |     Encoder: 44.4M params
2026-03-21 19:07:45 | INFO  | phase3d |     Classifier: 769 params
2026-03-21 19:07:45 | INFO  | phase3d |     Device: cuda
2026-03-21 19:07:56 | INFO  | phase3d |     [10_train_molformer.py:molformer_ecoli:fold_1] SKIP (cached model), ROC-AUC=0.8317, PR-AUC=0.7473
2026-03-21 19:07:56 | INFO  | phase3d |     [10_train_molformer.py:molformer_ecoli:fold_2] Starting fold 2/5...
2026-03-21 19:07:56 | INFO  | phase3d |     Loading MoLFormer from ibm/MoLFormer-XL-both-10pct...
2026-03-21 19:07:56 | INFO  | phase3d |     transformers version: 4.57.6
A new version of the following files was downloaded from https://huggingface.co/ibm/MoLFormer-XL-both-10pct:
- tokenization_molformer_fast.py
. Make sure to double-check they do not contain any added malicious code. To avoid downloading new versions of the code file, you can pin a revision.
A new version of the following files was downloaded from https://huggingface.co/ibm/MoLFormer-XL-both-10pct:
- configuration_molformer.py
. Make sure to double-check they do not contain any added malicious code. To avoid downloading new versions of the code file, you can pin a revision.
A new version of the following files was downloaded from https://huggingface.co/ibm/MoLFormer-XL-both-10pct:
- modeling_molformer.py
. Make sure to double-check they do not contain any added malicious code. To avoid downloading new versions of the code file, you can pin a revision.
2026-03-21 19:08:00 | INFO  | phase3d |     Encoder: 44.4M params
2026-03-21 19:08:00 | INFO  | phase3d |     Classifier: 769 params
2026-03-21 19:08:00 | INFO  | phase3d |     Device: cuda
2026-03-21 19:08:10 | INFO  | phase3d |     [10_train_molformer.py:molformer_ecoli:fold_2] SKIP (cached model), ROC-AUC=0.8330, PR-AUC=0.7289
2026-03-21 19:08:10 | INFO  | phase3d |     [10_train_molformer.py:molformer_ecoli:fold_3] Starting fold 3/5...
2026-03-21 19:08:10 | INFO  | phase3d |     Loading MoLFormer from ibm/MoLFormer-XL-both-10pct...
2026-03-21 19:08:10 | INFO  | phase3d |     transformers version: 4.57.6
A new version of the following files was downloaded from https://huggingface.co/ibm/MoLFormer-XL-both-10pct:
- tokenization_molformer_fast.py
. Make sure to double-check they do not contain any added malicious code. To avoid downloading new versions of the code file, you can pin a revision.
A new version of the following files was downloaded from https://huggingface.co/ibm/MoLFormer-XL-both-10pct:
- configuration_molformer.py
. Make sure to double-check they do not contain any added malicious code. To avoid downloading new versions of the code file, you can pin a revision.
A new version of the following files was downloaded from https://huggingface.co/ibm/MoLFormer-XL-both-10pct:
- modeling_molformer.py
. Make sure to double-check they do not contain any added malicious code. To avoid downloading new versions of the code file, you can pin a revision.
2026-03-21 19:08:14 | INFO  | phase3d |     Encoder: 44.4M params
2026-03-21 19:08:14 | INFO  | phase3d |     Classifier: 769 params
2026-03-21 19:08:14 | INFO  | phase3d |     Device: cuda
2026-03-21 19:08:24 | INFO  | phase3d |     [10_train_molformer.py:molformer_ecoli:fold_3] SKIP (cached model), ROC-AUC=0.8160, PR-AUC=0.6956
2026-03-21 19:08:24 | INFO  | phase3d |     [10_train_molformer.py:molformer_ecoli:fold_4] Starting fold 4/5...
2026-03-21 19:08:24 | INFO  | phase3d |     Loading MoLFormer from ibm/MoLFormer-XL-both-10pct...
2026-03-21 19:08:24 | INFO  | phase3d |     transformers version: 4.57.6
A new version of the following files was downloaded from https://huggingface.co/ibm/MoLFormer-XL-both-10pct:
- tokenization_molformer_fast.py
. Make sure to double-check they do not contain any added malicious code. To avoid downloading new versions of the code file, you can pin a revision.
A new version of the following files was downloaded from https://huggingface.co/ibm/MoLFormer-XL-both-10pct:
- configuration_molformer.py
. Make sure to double-check they do not contain any added malicious code. To avoid downloading new versions of the code file, you can pin a revision.
A new version of the following files was downloaded from https://huggingface.co/ibm/MoLFormer-XL-both-10pct:
- modeling_molformer.py
. Make sure to double-check they do not contain any added malicious code. To avoid downloading new versions of the code file, you can pin a revision.
2026-03-21 19:08:28 | INFO  | phase3d |     Encoder: 44.4M params
2026-03-21 19:08:28 | INFO  | phase3d |     Classifier: 769 params
2026-03-21 19:08:28 | INFO  | phase3d |     Device: cuda
2026-03-21 19:08:37 | INFO  | phase3d |     [10_train_molformer.py:molformer_ecoli:fold_4] SKIP (cached model), ROC-AUC=0.8702, PR-AUC=0.8226
2026-03-21 19:08:37 | INFO  | phase3d |   molformer_ecoli CV: ROC-AUC = 0.8378 +/- 0.0178
2026-03-21 19:08:37 | INFO  | phase3d |   molformer_ecoli: 77s
2026-03-21 19:08:37 | INFO  | phase3d |     Training final molformer_ecoli on all 28284 samples...
2026-03-21 19:08:37 | INFO  | phase3d |     Loading MoLFormer from ibm/MoLFormer-XL-both-10pct...
2026-03-21 19:08:37 | INFO  | phase3d |     transformers version: 4.57.6
A new version of the following files was downloaded from https://huggingface.co/ibm/MoLFormer-XL-both-10pct:
- tokenization_molformer_fast.py
. Make sure to double-check they do not contain any added malicious code. To avoid downloading new versions of the code file, you can pin a revision.
A new version of the following files was downloaded from https://huggingface.co/ibm/MoLFormer-XL-both-10pct:
- configuration_molformer.py
. Make sure to double-check they do not contain any added malicious code. To avoid downloading new versions of the code file, you can pin a revision.
A new version of the following files was downloaded from https://huggingface.co/ibm/MoLFormer-XL-both-10pct:
- modeling_molformer.py
. Make sure to double-check they do not contain any added malicious code. To avoid downloading new versions of the code file, you can pin a revision.
2026-03-21 19:08:41 | INFO  | phase3d |     Encoder: 44.4M params
2026-03-21 19:08:41 | INFO  | phase3d |     Classifier: 769 params
2026-03-21 19:08:41 | INFO  | phase3d |     Device: cuda
2026-03-21 19:08:41 | INFO  | phase3d |     Tokenizing 28284 training SMILES...
2026-03-21 19:08:47 | INFO  | phase3d |     Tokenized in 5.8s, input shape: torch.Size([28284, 202])
2026-03-21 19:08:47 | INFO  | phase3d |     Training: 20 epochs, 884 batches/epoch, batch_size=32, 28284 compounds
2026-03-21 19:08:47 | INFO  | phase3d |     LR: encoder=1e-05, classifier=0.0001, warmup=1768/17680 steps
      Epoch 1/20 | Batch 50/884 | loss=0.6659 | lr=2.83e-07 | 4.4 batch/s
      Epoch 1/20 | Batch 100/884 | loss=0.6554 | lr=5.66e-07 | 4.3 batch/s
      Epoch 1/20 | Batch 150/884 | loss=0.6446 | lr=8.48e-07 | 4.2 batch/s
      Epoch 1/20 | Batch 200/884 | loss=0.6247 | lr=1.13e-06 | 4.2 batch/s
      Epoch 1/20 | Batch 250/884 | loss=0.6779 | lr=1.41e-06 | 4.1 batch/s
      Epoch 1/20 | Batch 300/884 | loss=0.5602 | lr=1.70e-06 | 4.1 batch/s
      Epoch 1/20 | Batch 350/884 | loss=0.4504 | lr=1.98e-06 | 4.1 batch/s
      Epoch 1/20 | Batch 400/884 | loss=0.4598 | lr=2.26e-06 | 4.1 batch/s
      Epoch 1/20 | Batch 450/884 | loss=0.4793 | lr=2.55e-06 | 4.1 batch/s
      Epoch 1/20 | Batch 500/884 | loss=0.4818 | lr=2.83e-06 | 4.1 batch/s
      Epoch 1/20 | Batch 550/884 | loss=0.6099 | lr=3.11e-06 | 4.1 batch/s
      Epoch 1/20 | Batch 600/884 | loss=0.3648 | lr=3.39e-06 | 4.0 batch/s
      Epoch 1/20 | Batch 650/884 | loss=0.6154 | lr=3.68e-06 | 4.0 batch/s
      Epoch 1/20 | Batch 700/884 | loss=0.3485 | lr=3.96e-06 | 4.0 batch/s
      Epoch 1/20 | Batch 750/884 | loss=0.4229 | lr=4.24e-06 | 4.0 batch/s
      Epoch 1/20 | Batch 800/884 | loss=0.6000 | lr=4.52e-06 | 4.0 batch/s
      Epoch 1/20 | Batch 850/884 | loss=0.6044 | lr=4.81e-06 | 4.0 batch/s
      Epoch 1/20 | Batch 884/884 | loss=0.5187 | lr=5.00e-06 | 4.0 batch/s
    Epoch 1/20: train_loss=0.5484, 221s
2026-03-21 19:12:27 | INFO  | phase3d |     Epoch 1/20: train_loss=0.5484, 221s
      Epoch 2/20 | Batch 50/884 | loss=0.5006 | lr=5.28e-06 | 3.9 batch/s
      Epoch 2/20 | Batch 100/884 | loss=0.5780 | lr=5.57e-06 | 3.9 batch/s
      Epoch 2/20 | Batch 150/884 | loss=0.6179 | lr=5.85e-06 | 3.9 batch/s
      Epoch 2/20 | Batch 200/884 | loss=0.4860 | lr=6.13e-06 | 3.9 batch/s
      Epoch 2/20 | Batch 250/884 | loss=0.6009 | lr=6.41e-06 | 3.9 batch/s
      Epoch 2/20 | Batch 300/884 | loss=0.4102 | lr=6.70e-06 | 3.9 batch/s
      Epoch 2/20 | Batch 350/884 | loss=0.5850 | lr=6.98e-06 | 3.9 batch/s
      Epoch 2/20 | Batch 400/884 | loss=0.4242 | lr=7.26e-06 | 3.9 batch/s
      Epoch 2/20 | Batch 450/884 | loss=0.5916 | lr=7.55e-06 | 3.9 batch/s
      Epoch 2/20 | Batch 500/884 | loss=0.3418 | lr=7.83e-06 | 3.9 batch/s
      Epoch 2/20 | Batch 550/884 | loss=0.4254 | lr=8.11e-06 | 3.9 batch/s
      Epoch 2/20 | Batch 600/884 | loss=0.2852 | lr=8.39e-06 | 3.9 batch/s
      Epoch 2/20 | Batch 650/884 | loss=0.3756 | lr=8.68e-06 | 3.9 batch/s
      Epoch 2/20 | Batch 700/884 | loss=0.4094 | lr=8.96e-06 | 3.9 batch/s
      Epoch 2/20 | Batch 750/884 | loss=0.2568 | lr=9.24e-06 | 3.9 batch/s
      Epoch 2/20 | Batch 800/884 | loss=0.3881 | lr=9.52e-06 | 3.9 batch/s
      Epoch 2/20 | Batch 850/884 | loss=0.4866 | lr=9.81e-06 | 3.9 batch/s
      Epoch 2/20 | Batch 884/884 | loss=0.3889 | lr=1.00e-05 | 3.9 batch/s
    Epoch 2/20: train_loss=0.4533, 227s
2026-03-21 19:16:14 | INFO  | phase3d |     Epoch 2/20: train_loss=0.4533, 227s
      Epoch 3/20 | Batch 50/884 | loss=0.4108 | lr=1.00e-05 | 3.9 batch/s
      Epoch 3/20 | Batch 100/884 | loss=0.3352 | lr=1.00e-05 | 3.9 batch/s
      Epoch 3/20 | Batch 150/884 | loss=0.4547 | lr=1.00e-05 | 3.9 batch/s
      Epoch 3/20 | Batch 200/884 | loss=0.4061 | lr=1.00e-05 | 3.9 batch/s
      Epoch 3/20 | Batch 250/884 | loss=0.4629 | lr=9.99e-06 | 3.9 batch/s
      Epoch 3/20 | Batch 300/884 | loss=0.5606 | lr=9.99e-06 | 3.9 batch/s
      Epoch 3/20 | Batch 350/884 | loss=0.6359 | lr=9.99e-06 | 3.9 batch/s
      Epoch 3/20 | Batch 400/884 | loss=0.5318 | lr=9.98e-06 | 3.9 batch/s
      Epoch 3/20 | Batch 450/884 | loss=0.3437 | lr=9.98e-06 | 3.9 batch/s
      Epoch 3/20 | Batch 500/884 | loss=0.4471 | lr=9.98e-06 | 3.9 batch/s
      Epoch 3/20 | Batch 550/884 | loss=0.3871 | lr=9.97e-06 | 3.9 batch/s
      Epoch 3/20 | Batch 600/884 | loss=0.4376 | lr=9.96e-06 | 3.9 batch/s
      Epoch 3/20 | Batch 650/884 | loss=0.4095 | lr=9.96e-06 | 3.9 batch/s
      Epoch 3/20 | Batch 700/884 | loss=0.4937 | lr=9.95e-06 | 3.9 batch/s
      Epoch 3/20 | Batch 750/884 | loss=0.3415 | lr=9.95e-06 | 3.9 batch/s
      Epoch 3/20 | Batch 800/884 | loss=0.4430 | lr=9.94e-06 | 3.9 batch/s
      Epoch 3/20 | Batch 850/884 | loss=0.3802 | lr=9.93e-06 | 3.9 batch/s
      Epoch 3/20 | Batch 884/884 | loss=0.2853 | lr=9.92e-06 | 3.9 batch/s
    Epoch 3/20: train_loss=0.4138, 227s
2026-03-21 19:20:01 | INFO  | phase3d |     Epoch 3/20: train_loss=0.4138, 227s
      Epoch 4/20 | Batch 50/884 | loss=0.4066 | lr=9.92e-06 | 3.9 batch/s
      Epoch 4/20 | Batch 100/884 | loss=0.4470 | lr=9.91e-06 | 3.9 batch/s
      Epoch 4/20 | Batch 150/884 | loss=0.4917 | lr=9.90e-06 | 3.9 batch/s
      Epoch 4/20 | Batch 200/884 | loss=0.3401 | lr=9.89e-06 | 3.9 batch/s
      Epoch 4/20 | Batch 250/884 | loss=0.4809 | lr=9.88e-06 | 3.9 batch/s
      Epoch 4/20 | Batch 300/884 | loss=0.4831 | lr=9.86e-06 | 3.9 batch/s
      Epoch 4/20 | Batch 350/884 | loss=0.3894 | lr=9.85e-06 | 3.9 batch/s
      Epoch 4/20 | Batch 400/884 | loss=0.4122 | lr=9.84e-06 | 3.9 batch/s
      Epoch 4/20 | Batch 450/884 | loss=0.4916 | lr=9.83e-06 | 3.9 batch/s
      Epoch 4/20 | Batch 500/884 | loss=0.3259 | lr=9.81e-06 | 3.9 batch/s
      Epoch 4/20 | Batch 550/884 | loss=0.4387 | lr=9.80e-06 | 3.9 batch/s
      Epoch 4/20 | Batch 600/884 | loss=0.3881 | lr=9.79e-06 | 3.9 batch/s
      Epoch 4/20 | Batch 650/884 | loss=0.3295 | lr=9.77e-06 | 3.9 batch/s
      Epoch 4/20 | Batch 700/884 | loss=0.3202 | lr=9.76e-06 | 3.9 batch/s
      Epoch 4/20 | Batch 750/884 | loss=0.4050 | lr=9.74e-06 | 3.9 batch/s
      Epoch 4/20 | Batch 800/884 | loss=0.3415 | lr=9.73e-06 | 3.9 batch/s
      Epoch 4/20 | Batch 850/884 | loss=0.2091 | lr=9.71e-06 | 3.9 batch/s
      Epoch 4/20 | Batch 884/884 | loss=0.5064 | lr=9.70e-06 | 3.9 batch/s
    Epoch 4/20: train_loss=0.3743, 228s
2026-03-21 19:23:48 | INFO  | phase3d |     Epoch 4/20: train_loss=0.3743, 228s
      Epoch 5/20 | Batch 50/884 | loss=0.4607 | lr=9.68e-06 | 3.9 batch/s
      Epoch 5/20 | Batch 100/884 | loss=0.3827 | lr=9.66e-06 | 3.9 batch/s
      Epoch 5/20 | Batch 150/884 | loss=0.3445 | lr=9.65e-06 | 3.9 batch/s
      Epoch 5/20 | Batch 200/884 | loss=0.2743 | lr=9.63e-06 | 3.9 batch/s
      Epoch 5/20 | Batch 250/884 | loss=0.4695 | lr=9.61e-06 | 3.9 batch/s
      Epoch 5/20 | Batch 300/884 | loss=0.4602 | lr=9.59e-06 | 3.9 batch/s
      Epoch 5/20 | Batch 350/884 | loss=0.4090 | lr=9.57e-06 | 3.9 batch/s
      Epoch 5/20 | Batch 400/884 | loss=0.3924 | lr=9.55e-06 | 3.9 batch/s
      Epoch 5/20 | Batch 450/884 | loss=0.4357 | lr=9.53e-06 | 3.9 batch/s
      Epoch 5/20 | Batch 500/884 | loss=0.2816 | lr=9.51e-06 | 3.9 batch/s
      Epoch 5/20 | Batch 550/884 | loss=0.2354 | lr=9.49e-06 | 3.9 batch/s
      Epoch 5/20 | Batch 600/884 | loss=0.3874 | lr=9.46e-06 | 3.9 batch/s
      Epoch 5/20 | Batch 650/884 | loss=0.5248 | lr=9.44e-06 | 3.9 batch/s
      Epoch 5/20 | Batch 700/884 | loss=0.1488 | lr=9.42e-06 | 3.9 batch/s
      Epoch 5/20 | Batch 750/884 | loss=0.4306 | lr=9.39e-06 | 3.9 batch/s
      Epoch 5/20 | Batch 800/884 | loss=0.4240 | lr=9.37e-06 | 3.9 batch/s
      Epoch 5/20 | Batch 850/884 | loss=0.4228 | lr=9.35e-06 | 3.9 batch/s
      Epoch 5/20 | Batch 884/884 | loss=0.3213 | lr=9.33e-06 | 3.9 batch/s
    Epoch 5/20: train_loss=0.3436, 229s
2026-03-21 19:27:37 | INFO  | phase3d |     Epoch 5/20: train_loss=0.3436, 229s
      Epoch 6/20 | Batch 50/884 | loss=0.3607 | lr=9.31e-06 | 3.8 batch/s
      Epoch 6/20 | Batch 100/884 | loss=0.3739 | lr=9.28e-06 | 3.9 batch/s
      Epoch 6/20 | Batch 150/884 | loss=0.3735 | lr=9.25e-06 | 3.9 batch/s
      Epoch 6/20 | Batch 200/884 | loss=0.2102 | lr=9.23e-06 | 3.9 batch/s
      Epoch 6/20 | Batch 250/884 | loss=0.2095 | lr=9.20e-06 | 3.9 batch/s
      Epoch 6/20 | Batch 300/884 | loss=0.2104 | lr=9.17e-06 | 3.9 batch/s
      Epoch 6/20 | Batch 350/884 | loss=0.1762 | lr=9.15e-06 | 3.9 batch/s
      Epoch 6/20 | Batch 400/884 | loss=0.3785 | lr=9.12e-06 | 3.9 batch/s
      Epoch 6/20 | Batch 450/884 | loss=0.2071 | lr=9.09e-06 | 3.9 batch/s
      Epoch 6/20 | Batch 500/884 | loss=0.1795 | lr=9.06e-06 | 3.9 batch/s
      Epoch 6/20 | Batch 550/884 | loss=0.1380 | lr=9.03e-06 | 3.9 batch/s
      Epoch 6/20 | Batch 600/884 | loss=0.1406 | lr=9.00e-06 | 3.9 batch/s
      Epoch 6/20 | Batch 650/884 | loss=0.4123 | lr=8.97e-06 | 3.9 batch/s
      Epoch 6/20 | Batch 700/884 | loss=0.3989 | lr=8.94e-06 | 3.9 batch/s
      Epoch 6/20 | Batch 750/884 | loss=0.2355 | lr=8.91e-06 | 3.9 batch/s
      Epoch 6/20 | Batch 800/884 | loss=0.3422 | lr=8.88e-06 | 3.9 batch/s
      Epoch 6/20 | Batch 850/884 | loss=0.1287 | lr=8.85e-06 | 3.9 batch/s
      Epoch 6/20 | Batch 884/884 | loss=0.2173 | lr=8.83e-06 | 3.9 batch/s
    Epoch 6/20: train_loss=0.3201, 229s
2026-03-21 19:31:26 | INFO  | phase3d |     Epoch 6/20: train_loss=0.3201, 229s
      Epoch 7/20 | Batch 50/884 | loss=0.2881 | lr=8.80e-06 | 3.9 batch/s
      Epoch 7/20 | Batch 100/884 | loss=0.2011 | lr=8.77e-06 | 3.9 batch/s
      Epoch 7/20 | Batch 150/884 | loss=0.2502 | lr=8.73e-06 | 3.9 batch/s
      Epoch 7/20 | Batch 200/884 | loss=0.2635 | lr=8.70e-06 | 3.9 batch/s
      Epoch 7/20 | Batch 250/884 | loss=0.2864 | lr=8.67e-06 | 3.9 batch/s
      Epoch 7/20 | Batch 300/884 | loss=0.3069 | lr=8.63e-06 | 3.9 batch/s
      Epoch 7/20 | Batch 350/884 | loss=0.3095 | lr=8.60e-06 | 3.9 batch/s
      Epoch 7/20 | Batch 400/884 | loss=0.2448 | lr=8.56e-06 | 3.9 batch/s
      Epoch 7/20 | Batch 450/884 | loss=0.4410 | lr=8.53e-06 | 3.9 batch/s
      Epoch 7/20 | Batch 500/884 | loss=0.1797 | lr=8.49e-06 | 3.9 batch/s
      Epoch 7/20 | Batch 550/884 | loss=0.2653 | lr=8.46e-06 | 3.9 batch/s
      Epoch 7/20 | Batch 600/884 | loss=0.2512 | lr=8.42e-06 | 3.9 batch/s
      Epoch 7/20 | Batch 650/884 | loss=0.3906 | lr=8.39e-06 | 3.9 batch/s
      Epoch 7/20 | Batch 700/884 | loss=0.2438 | lr=8.35e-06 | 3.9 batch/s
      Epoch 7/20 | Batch 750/884 | loss=0.4670 | lr=8.31e-06 | 3.9 batch/s
      Epoch 7/20 | Batch 800/884 | loss=0.2700 | lr=8.28e-06 | 3.9 batch/s
      Epoch 7/20 | Batch 850/884 | loss=0.1662 | lr=8.24e-06 | 3.9 batch/s
      Epoch 7/20 | Batch 884/884 | loss=0.3089 | lr=8.21e-06 | 3.9 batch/s
    Epoch 7/20: train_loss=0.2970, 229s
2026-03-21 19:35:15 | INFO  | phase3d |     Epoch 7/20: train_loss=0.2970, 229s
      Epoch 8/20 | Batch 50/884 | loss=0.2793 | lr=8.18e-06 | 3.9 batch/s
      Epoch 8/20 | Batch 100/884 | loss=0.1740 | lr=8.14e-06 | 3.9 batch/s
      Epoch 8/20 | Batch 150/884 | loss=0.1879 | lr=8.10e-06 | 3.9 batch/s
      Epoch 8/20 | Batch 200/884 | loss=0.4761 | lr=8.06e-06 | 3.9 batch/s
      Epoch 8/20 | Batch 250/884 | loss=0.5422 | lr=8.02e-06 | 3.9 batch/s
      Epoch 8/20 | Batch 300/884 | loss=0.1185 | lr=7.98e-06 | 3.9 batch/s
      Epoch 8/20 | Batch 350/884 | loss=0.1573 | lr=7.94e-06 | 3.9 batch/s
      Epoch 8/20 | Batch 400/884 | loss=0.3824 | lr=7.90e-06 | 3.9 batch/s
      Epoch 8/20 | Batch 450/884 | loss=0.1095 | lr=7.86e-06 | 3.9 batch/s
      Epoch 8/20 | Batch 500/884 | loss=0.5746 | lr=7.82e-06 | 3.9 batch/s
      Epoch 8/20 | Batch 550/884 | loss=0.1998 | lr=7.78e-06 | 3.9 batch/s
      Epoch 8/20 | Batch 600/884 | loss=0.1540 | lr=7.74e-06 | 3.9 batch/s
      Epoch 8/20 | Batch 650/884 | loss=0.2615 | lr=7.70e-06 | 3.9 batch/s
      Epoch 8/20 | Batch 700/884 | loss=0.2096 | lr=7.66e-06 | 3.9 batch/s
      Epoch 8/20 | Batch 750/884 | loss=0.3038 | lr=7.61e-06 | 3.9 batch/s
      Epoch 8/20 | Batch 800/884 | loss=0.3008 | lr=7.57e-06 | 3.9 batch/s
      Epoch 8/20 | Batch 850/884 | loss=0.2802 | lr=7.53e-06 | 3.9 batch/s
      Epoch 8/20 | Batch 884/884 | loss=0.2027 | lr=7.50e-06 | 3.9 batch/s
    Epoch 8/20: train_loss=0.2805, 230s
2026-03-21 19:39:04 | INFO  | phase3d |     Epoch 8/20: train_loss=0.2805, 230s
      Epoch 9/20 | Batch 50/884 | loss=0.2882 | lr=7.46e-06 | 3.8 batch/s
      Epoch 9/20 | Batch 100/884 | loss=0.2338 | lr=7.41e-06 | 3.8 batch/s
      Epoch 9/20 | Batch 150/884 | loss=0.1837 | lr=7.37e-06 | 3.9 batch/s
      Epoch 9/20 | Batch 200/884 | loss=0.2075 | lr=7.33e-06 | 3.9 batch/s
      Epoch 9/20 | Batch 250/884 | loss=0.3976 | lr=7.28e-06 | 3.9 batch/s
      Epoch 9/20 | Batch 300/884 | loss=0.3176 | lr=7.24e-06 | 3.9 batch/s
      Epoch 9/20 | Batch 350/884 | loss=0.2592 | lr=7.20e-06 | 3.9 batch/s
      Epoch 9/20 | Batch 400/884 | loss=0.2813 | lr=7.15e-06 | 3.9 batch/s
      Epoch 9/20 | Batch 450/884 | loss=0.3605 | lr=7.11e-06 | 3.9 batch/s
      Epoch 9/20 | Batch 500/884 | loss=0.2758 | lr=7.06e-06 | 3.9 batch/s
      Epoch 9/20 | Batch 550/884 | loss=0.4989 | lr=7.02e-06 | 3.9 batch/s
      Epoch 9/20 | Batch 600/884 | loss=0.1941 | lr=6.97e-06 | 3.9 batch/s
      Epoch 9/20 | Batch 650/884 | loss=0.2875 | lr=6.93e-06 | 3.9 batch/s
      Epoch 9/20 | Batch 700/884 | loss=0.1958 | lr=6.88e-06 | 3.9 batch/s
      Epoch 9/20 | Batch 750/884 | loss=0.2185 | lr=6.83e-06 | 3.9 batch/s
      Epoch 9/20 | Batch 800/884 | loss=0.1608 | lr=6.79e-06 | 3.9 batch/s
      Epoch 9/20 | Batch 850/884 | loss=0.1983 | lr=6.74e-06 | 3.9 batch/s
      Epoch 9/20 | Batch 884/884 | loss=0.2069 | lr=6.71e-06 | 3.9 batch/s
    Epoch 9/20: train_loss=0.2686, 229s
2026-03-21 19:42:54 | INFO  | phase3d |     Epoch 9/20: train_loss=0.2686, 229s
      Epoch 10/20 | Batch 50/884 | loss=0.3211 | lr=6.66e-06 | 3.9 batch/s
      Epoch 10/20 | Batch 100/884 | loss=0.2936 | lr=6.62e-06 | 3.9 batch/s
      Epoch 10/20 | Batch 150/884 | loss=0.0494 | lr=6.57e-06 | 3.9 batch/s
      Epoch 10/20 | Batch 200/884 | loss=0.4796 | lr=6.52e-06 | 3.9 batch/s
      Epoch 10/20 | Batch 250/884 | loss=0.2435 | lr=6.48e-06 | 3.9 batch/s
      Epoch 10/20 | Batch 300/884 | loss=0.3606 | lr=6.43e-06 | 3.9 batch/s
      Epoch 10/20 | Batch 350/884 | loss=0.1757 | lr=6.38e-06 | 3.9 batch/s
      Epoch 10/20 | Batch 400/884 | loss=0.2329 | lr=6.33e-06 | 3.9 batch/s
      Epoch 10/20 | Batch 450/884 | loss=0.3342 | lr=6.29e-06 | 3.9 batch/s
      Epoch 10/20 | Batch 500/884 | loss=0.3090 | lr=6.24e-06 | 3.9 batch/s
      Epoch 10/20 | Batch 550/884 | loss=0.1698 | lr=6.19e-06 | 3.9 batch/s
      Epoch 10/20 | Batch 600/884 | loss=0.2413 | lr=6.14e-06 | 3.9 batch/s
      Epoch 10/20 | Batch 650/884 | loss=0.1774 | lr=6.09e-06 | 3.9 batch/s
      Epoch 10/20 | Batch 700/884 | loss=0.1346 | lr=6.05e-06 | 3.9 batch/s
      Epoch 10/20 | Batch 750/884 | loss=0.1618 | lr=6.00e-06 | 3.9 batch/s
      Epoch 10/20 | Batch 800/884 | loss=0.1816 | lr=5.95e-06 | 3.9 batch/s
      Epoch 10/20 | Batch 850/884 | loss=0.0846 | lr=5.90e-06 | 3.9 batch/s
      Epoch 10/20 | Batch 884/884 | loss=0.5045 | lr=5.87e-06 | 3.9 batch/s
    Epoch 10/20: train_loss=0.2557, 229s
2026-03-21 19:46:43 | INFO  | phase3d |     Epoch 10/20: train_loss=0.2557, 229s
      Epoch 11/20 | Batch 50/884 | loss=0.3158 | lr=5.82e-06 | 3.9 batch/s
      Epoch 11/20 | Batch 100/884 | loss=0.2455 | lr=5.77e-06 | 3.9 batch/s
      Epoch 11/20 | Batch 150/884 | loss=0.2465 | lr=5.72e-06 | 3.9 batch/s
      Epoch 11/20 | Batch 200/884 | loss=0.1540 | lr=5.67e-06 | 3.9 batch/s
      Epoch 11/20 | Batch 250/884 | loss=0.2000 | lr=5.62e-06 | 3.9 batch/s
      Epoch 11/20 | Batch 300/884 | loss=0.1448 | lr=5.58e-06 | 3.9 batch/s
      Epoch 11/20 | Batch 350/884 | loss=0.2369 | lr=5.53e-06 | 3.9 batch/s
      Epoch 11/20 | Batch 400/884 | loss=0.1811 | lr=5.48e-06 | 3.9 batch/s
      Epoch 11/20 | Batch 450/884 | loss=0.4001 | lr=5.43e-06 | 3.9 batch/s
      Epoch 11/20 | Batch 500/884 | loss=0.2310 | lr=5.38e-06 | 3.9 batch/s
      Epoch 11/20 | Batch 550/884 | loss=0.1454 | lr=5.33e-06 | 3.9 batch/s
      Epoch 11/20 | Batch 600/884 | loss=0.1469 | lr=5.28e-06 | 3.9 batch/s
      Epoch 11/20 | Batch 650/884 | loss=0.2636 | lr=5.23e-06 | 3.9 batch/s
      Epoch 11/20 | Batch 700/884 | loss=0.2607 | lr=5.18e-06 | 3.9 batch/s
      Epoch 11/20 | Batch 750/884 | loss=0.2279 | lr=5.13e-06 | 3.9 batch/s
      Epoch 11/20 | Batch 800/884 | loss=0.0978 | lr=5.08e-06 | 3.9 batch/s
      Epoch 11/20 | Batch 850/884 | loss=0.1815 | lr=5.03e-06 | 3.9 batch/s
      Epoch 11/20 | Batch 884/884 | loss=0.3456 | lr=5.00e-06 | 3.9 batch/s
    Epoch 11/20: train_loss=0.2398, 229s
2026-03-21 19:50:32 | INFO  | phase3d |     Epoch 11/20: train_loss=0.2398, 229s
      Epoch 12/20 | Batch 50/884 | loss=0.1721 | lr=4.95e-06 | 3.9 batch/s
      Epoch 12/20 | Batch 100/884 | loss=0.2692 | lr=4.90e-06 | 3.9 batch/s
      Epoch 12/20 | Batch 150/884 | loss=0.2472 | lr=4.85e-06 | 3.9 batch/s
      Epoch 12/20 | Batch 200/884 | loss=0.2544 | lr=4.80e-06 | 3.9 batch/s
      Epoch 12/20 | Batch 250/884 | loss=0.2196 | lr=4.75e-06 | 3.9 batch/s
      Epoch 12/20 | Batch 300/884 | loss=0.3066 | lr=4.70e-06 | 3.9 batch/s
      Epoch 12/20 | Batch 350/884 | loss=0.0927 | lr=4.65e-06 | 3.9 batch/s
      Epoch 12/20 | Batch 400/884 | loss=0.2283 | lr=4.61e-06 | 3.9 batch/s
      Epoch 12/20 | Batch 450/884 | loss=0.2854 | lr=4.56e-06 | 3.9 batch/s
      Epoch 12/20 | Batch 500/884 | loss=0.1136 | lr=4.51e-06 | 3.9 batch/s
      Epoch 12/20 | Batch 550/884 | loss=0.4437 | lr=4.46e-06 | 3.9 batch/s
      Epoch 12/20 | Batch 600/884 | loss=0.1987 | lr=4.41e-06 | 3.9 batch/s
      Epoch 12/20 | Batch 650/884 | loss=0.2055 | lr=4.36e-06 | 3.9 batch/s
      Epoch 12/20 | Batch 700/884 | loss=0.1719 | lr=4.31e-06 | 3.9 batch/s
      Epoch 12/20 | Batch 750/884 | loss=0.2373 | lr=4.26e-06 | 3.9 batch/s
      Epoch 12/20 | Batch 800/884 | loss=0.1859 | lr=4.21e-06 | 3.9 batch/s
      Epoch 12/20 | Batch 850/884 | loss=0.1467 | lr=4.16e-06 | 3.9 batch/s
      Epoch 12/20 | Batch 884/884 | loss=0.2655 | lr=4.13e-06 | 3.9 batch/s
    Epoch 12/20: train_loss=0.2330, 229s
2026-03-21 19:54:21 | INFO  | phase3d |     Epoch 12/20: train_loss=0.2330, 229s
      Epoch 13/20 | Batch 50/884 | loss=0.1631 | lr=4.08e-06 | 3.9 batch/s
      Epoch 13/20 | Batch 100/884 | loss=0.0752 | lr=4.03e-06 | 3.9 batch/s
      Epoch 13/20 | Batch 150/884 | loss=0.1347 | lr=3.99e-06 | 3.9 batch/s
      Epoch 13/20 | Batch 200/884 | loss=0.1599 | lr=3.94e-06 | 3.9 batch/s
      Epoch 13/20 | Batch 250/884 | loss=0.1601 | lr=3.89e-06 | 3.9 batch/s
      Epoch 13/20 | Batch 300/884 | loss=0.2202 | lr=3.84e-06 | 3.9 batch/s
      Epoch 13/20 | Batch 350/884 | loss=0.1666 | lr=3.79e-06 | 3.9 batch/s
      Epoch 13/20 | Batch 400/884 | loss=0.1546 | lr=3.75e-06 | 3.9 batch/s
      Epoch 13/20 | Batch 450/884 | loss=0.1809 | lr=3.70e-06 | 3.9 batch/s
      Epoch 13/20 | Batch 500/884 | loss=0.2523 | lr=3.65e-06 | 3.9 batch/s
      Epoch 13/20 | Batch 550/884 | loss=0.2176 | lr=3.60e-06 | 3.9 batch/s
      Epoch 13/20 | Batch 600/884 | loss=0.0765 | lr=3.56e-06 | 3.9 batch/s
      Epoch 13/20 | Batch 650/884 | loss=0.1841 | lr=3.51e-06 | 3.9 batch/s
      Epoch 13/20 | Batch 700/884 | loss=0.0937 | lr=3.46e-06 | 3.9 batch/s
      Epoch 13/20 | Batch 750/884 | loss=0.1253 | lr=3.41e-06 | 3.9 batch/s
      Epoch 13/20 | Batch 800/884 | loss=0.1761 | lr=3.37e-06 | 3.9 batch/s
      Epoch 13/20 | Batch 850/884 | loss=0.1522 | lr=3.32e-06 | 3.9 batch/s
      Epoch 13/20 | Batch 884/884 | loss=0.2495 | lr=3.29e-06 | 3.9 batch/s
    Epoch 13/20: train_loss=0.2218, 229s
2026-03-21 19:58:10 | INFO  | phase3d |     Epoch 13/20: train_loss=0.2218, 229s
      Epoch 14/20 | Batch 50/884 | loss=0.4430 | lr=3.24e-06 | 3.8 batch/s
      Epoch 14/20 | Batch 100/884 | loss=0.1463 | lr=3.20e-06 | 3.8 batch/s
      Epoch 14/20 | Batch 150/884 | loss=0.1407 | lr=3.15e-06 | 3.8 batch/s
      Epoch 14/20 | Batch 200/884 | loss=0.1210 | lr=3.11e-06 | 3.8 batch/s
      Epoch 14/20 | Batch 250/884 | loss=0.2696 | lr=3.06e-06 | 3.9 batch/s
      Epoch 14/20 | Batch 300/884 | loss=0.3322 | lr=3.01e-06 | 3.8 batch/s
      Epoch 14/20 | Batch 350/884 | loss=0.2236 | lr=2.97e-06 | 3.9 batch/s
      Epoch 14/20 | Batch 400/884 | loss=0.1590 | lr=2.92e-06 | 3.9 batch/s
      Epoch 14/20 | Batch 450/884 | loss=0.1791 | lr=2.88e-06 | 3.9 batch/s
      Epoch 14/20 | Batch 500/884 | loss=0.2156 | lr=2.84e-06 | 3.9 batch/s
      Epoch 14/20 | Batch 550/884 | loss=0.2544 | lr=2.79e-06 | 3.8 batch/s
      Epoch 14/20 | Batch 600/884 | loss=0.2814 | lr=2.75e-06 | 3.8 batch/s
      Epoch 14/20 | Batch 650/884 | loss=0.1266 | lr=2.70e-06 | 3.8 batch/s
      Epoch 14/20 | Batch 700/884 | loss=0.2357 | lr=2.66e-06 | 3.8 batch/s
      Epoch 14/20 | Batch 750/884 | loss=0.1090 | lr=2.62e-06 | 3.8 batch/s
      Epoch 14/20 | Batch 800/884 | loss=0.4470 | lr=2.57e-06 | 3.8 batch/s
      Epoch 14/20 | Batch 850/884 | loss=0.2504 | lr=2.53e-06 | 3.8 batch/s
      Epoch 14/20 | Batch 884/884 | loss=0.2486 | lr=2.50e-06 | 3.8 batch/s
    Epoch 14/20: train_loss=0.2126, 230s
2026-03-21 20:02:00 | INFO  | phase3d |     Epoch 14/20: train_loss=0.2126, 230s
      Epoch 15/20 | Batch 50/884 | loss=0.1209 | lr=2.46e-06 | 3.9 batch/s
      Epoch 15/20 | Batch 100/884 | loss=0.2959 | lr=2.42e-06 | 3.9 batch/s
      Epoch 15/20 | Batch 150/884 | loss=0.3113 | lr=2.37e-06 | 3.9 batch/s
      Epoch 15/20 | Batch 200/884 | loss=0.1393 | lr=2.33e-06 | 3.9 batch/s
      Epoch 15/20 | Batch 250/884 | loss=0.2846 | lr=2.29e-06 | 3.9 batch/s
      Epoch 15/20 | Batch 300/884 | loss=0.2088 | lr=2.25e-06 | 3.9 batch/s
      Epoch 15/20 | Batch 350/884 | loss=0.1442 | lr=2.21e-06 | 3.9 batch/s
      Epoch 15/20 | Batch 400/884 | loss=0.3778 | lr=2.17e-06 | 3.9 batch/s
      Epoch 15/20 | Batch 450/884 | loss=0.1969 | lr=2.13e-06 | 3.9 batch/s
      Epoch 15/20 | Batch 500/884 | loss=0.0816 | lr=2.09e-06 | 3.9 batch/s
      Epoch 15/20 | Batch 550/884 | loss=0.0950 | lr=2.05e-06 | 3.9 batch/s
      Epoch 15/20 | Batch 600/884 | loss=0.0793 | lr=2.01e-06 | 3.9 batch/s
      Epoch 15/20 | Batch 650/884 | loss=0.1491 | lr=1.97e-06 | 3.9 batch/s
      Epoch 15/20 | Batch 700/884 | loss=0.2111 | lr=1.93e-06 | 3.9 batch/s
      Epoch 15/20 | Batch 750/884 | loss=0.0751 | lr=1.89e-06 | 3.9 batch/s
      Epoch 15/20 | Batch 800/884 | loss=0.2091 | lr=1.85e-06 | 3.9 batch/s
      Epoch 15/20 | Batch 850/884 | loss=0.3202 | lr=1.81e-06 | 3.9 batch/s
      Epoch 15/20 | Batch 884/884 | loss=0.1289 | lr=1.79e-06 | 3.9 batch/s
    Epoch 15/20: train_loss=0.2059, 229s
2026-03-21 20:05:49 | INFO  | phase3d |     Epoch 15/20: train_loss=0.2059, 229s
      Epoch 16/20 | Batch 50/884 | loss=0.2366 | lr=1.75e-06 | 3.8 batch/s
      Epoch 16/20 | Batch 100/884 | loss=0.2438 | lr=1.71e-06 | 3.8 batch/s
      Epoch 16/20 | Batch 150/884 | loss=0.2197 | lr=1.67e-06 | 3.8 batch/s
      Epoch 16/20 | Batch 200/884 | loss=0.1543 | lr=1.64e-06 | 3.8 batch/s
      Epoch 16/20 | Batch 250/884 | loss=0.0964 | lr=1.60e-06 | 3.8 batch/s
      Epoch 16/20 | Batch 300/884 | loss=0.1308 | lr=1.56e-06 | 3.8 batch/s
      Epoch 16/20 | Batch 350/884 | loss=0.2668 | lr=1.53e-06 | 3.8 batch/s
      Epoch 16/20 | Batch 400/884 | loss=0.1101 | lr=1.49e-06 | 3.8 batch/s
      Epoch 16/20 | Batch 450/884 | loss=0.2104 | lr=1.46e-06 | 3.8 batch/s
      Epoch 16/20 | Batch 500/884 | loss=0.1298 | lr=1.42e-06 | 3.8 batch/s
      Epoch 16/20 | Batch 550/884 | loss=0.1974 | lr=1.39e-06 | 3.8 batch/s
      Epoch 16/20 | Batch 600/884 | loss=0.1790 | lr=1.36e-06 | 3.8 batch/s
      Epoch 16/20 | Batch 650/884 | loss=0.1126 | lr=1.32e-06 | 3.8 batch/s
      Epoch 16/20 | Batch 700/884 | loss=0.1908 | lr=1.29e-06 | 3.8 batch/s
      Epoch 16/20 | Batch 750/884 | loss=0.1001 | lr=1.26e-06 | 3.8 batch/s
      Epoch 16/20 | Batch 800/884 | loss=0.1539 | lr=1.22e-06 | 3.8 batch/s
      Epoch 16/20 | Batch 850/884 | loss=0.1245 | lr=1.19e-06 | 3.8 batch/s
      Epoch 16/20 | Batch 884/884 | loss=0.2409 | lr=1.17e-06 | 3.8 batch/s
    Epoch 16/20: train_loss=0.1986, 230s
2026-03-21 20:09:39 | INFO  | phase3d |     Epoch 16/20: train_loss=0.1986, 230s
      Epoch 17/20 | Batch 50/884 | loss=0.1274 | lr=1.14e-06 | 3.8 batch/s
      Epoch 17/20 | Batch 100/884 | loss=0.1055 | lr=1.11e-06 | 3.8 batch/s
      Epoch 17/20 | Batch 150/884 | loss=0.0522 | lr=1.08e-06 | 3.8 batch/s
      Epoch 17/20 | Batch 200/884 | loss=0.2266 | lr=1.05e-06 | 3.8 batch/s
      Epoch 17/20 | Batch 250/884 | loss=0.2131 | lr=1.02e-06 | 3.8 batch/s
      Epoch 17/20 | Batch 300/884 | loss=0.0890 | lr=9.86e-07 | 3.8 batch/s
      Epoch 17/20 | Batch 350/884 | loss=0.1668 | lr=9.57e-07 | 3.8 batch/s
      Epoch 17/20 | Batch 400/884 | loss=0.1095 | lr=9.28e-07 | 3.8 batch/s
      Epoch 17/20 | Batch 450/884 | loss=0.1692 | lr=9.00e-07 | 3.8 batch/s
      Epoch 17/20 | Batch 500/884 | loss=0.0975 | lr=8.72e-07 | 3.8 batch/s
      Epoch 17/20 | Batch 550/884 | loss=0.1422 | lr=8.44e-07 | 3.8 batch/s
      Epoch 17/20 | Batch 600/884 | loss=0.1967 | lr=8.17e-07 | 3.8 batch/s
      Epoch 17/20 | Batch 650/884 | loss=0.3897 | lr=7.90e-07 | 3.8 batch/s
      Epoch 17/20 | Batch 700/884 | loss=0.1403 | lr=7.64e-07 | 3.8 batch/s
      Epoch 17/20 | Batch 750/884 | loss=0.2823 | lr=7.38e-07 | 3.8 batch/s
      Epoch 17/20 | Batch 800/884 | loss=0.3471 | lr=7.12e-07 | 3.8 batch/s
      Epoch 17/20 | Batch 850/884 | loss=0.0846 | lr=6.87e-07 | 3.8 batch/s
      Epoch 17/20 | Batch 884/884 | loss=0.1609 | lr=6.70e-07 | 3.8 batch/s
    Epoch 17/20: train_loss=0.1933, 230s
2026-03-21 20:13:29 | INFO  | phase3d |     Epoch 17/20: train_loss=0.1933, 230s
      Epoch 18/20 | Batch 50/884 | loss=0.1811 | lr=6.45e-07 | 3.8 batch/s
      Epoch 18/20 | Batch 100/884 | loss=0.1995 | lr=6.21e-07 | 3.8 batch/s
      Epoch 18/20 | Batch 150/884 | loss=0.2750 | lr=5.98e-07 | 3.8 batch/s
      Epoch 18/20 | Batch 200/884 | loss=0.2610 | lr=5.75e-07 | 3.8 batch/s
      Epoch 18/20 | Batch 250/884 | loss=0.5357 | lr=5.52e-07 | 3.8 batch/s
      Epoch 18/20 | Batch 300/884 | loss=0.1524 | lr=5.29e-07 | 3.8 batch/s
      Epoch 18/20 | Batch 350/884 | loss=0.3627 | lr=5.08e-07 | 3.8 batch/s
      Epoch 18/20 | Batch 400/884 | loss=0.0655 | lr=4.86e-07 | 3.8 batch/s
      Epoch 18/20 | Batch 450/884 | loss=0.2539 | lr=4.65e-07 | 3.8 batch/s
      Epoch 18/20 | Batch 500/884 | loss=0.1506 | lr=4.45e-07 | 3.8 batch/s
      Epoch 18/20 | Batch 550/884 | loss=0.2669 | lr=4.24e-07 | 3.8 batch/s
      Epoch 18/20 | Batch 600/884 | loss=0.3229 | lr=4.05e-07 | 3.8 batch/s
      Epoch 18/20 | Batch 650/884 | loss=0.1623 | lr=3.86e-07 | 3.8 batch/s
      Epoch 18/20 | Batch 700/884 | loss=0.0491 | lr=3.67e-07 | 3.8 batch/s
      Epoch 18/20 | Batch 750/884 | loss=0.2723 | lr=3.48e-07 | 3.8 batch/s
      Epoch 18/20 | Batch 800/884 | loss=0.0512 | lr=3.31e-07 | 3.8 batch/s
      Epoch 18/20 | Batch 850/884 | loss=0.4149 | lr=3.13e-07 | 3.8 batch/s
      Epoch 18/20 | Batch 884/884 | loss=0.2661 | lr=3.02e-07 | 3.8 batch/s
    Epoch 18/20: train_loss=0.1938, 230s
2026-03-21 20:17:19 | INFO  | phase3d |     Epoch 18/20: train_loss=0.1938, 230s
      Epoch 19/20 | Batch 50/884 | loss=0.2598 | lr=2.85e-07 | 3.9 batch/s
      Epoch 19/20 | Batch 100/884 | loss=0.1436 | lr=2.69e-07 | 3.8 batch/s
      Epoch 19/20 | Batch 150/884 | loss=0.2766 | lr=2.53e-07 | 3.8 batch/s
      Epoch 19/20 | Batch 200/884 | loss=0.1528 | lr=2.38e-07 | 3.8 batch/s
      Epoch 19/20 | Batch 250/884 | loss=0.1552 | lr=2.23e-07 | 3.8 batch/s
      Epoch 19/20 | Batch 300/884 | loss=0.2009 | lr=2.09e-07 | 3.8 batch/s
      Epoch 19/20 | Batch 350/884 | loss=0.1703 | lr=1.95e-07 | 3.8 batch/s
      Epoch 19/20 | Batch 400/884 | loss=0.1265 | lr=1.81e-07 | 3.8 batch/s
      Epoch 19/20 | Batch 450/884 | loss=0.1379 | lr=1.68e-07 | 3.8 batch/s
      Epoch 19/20 | Batch 500/884 | loss=0.2972 | lr=1.56e-07 | 3.8 batch/s
      Epoch 19/20 | Batch 550/884 | loss=0.1615 | lr=1.44e-07 | 3.8 batch/s
      Epoch 19/20 | Batch 600/884 | loss=0.1536 | lr=1.32e-07 | 3.8 batch/s
      Epoch 19/20 | Batch 650/884 | loss=0.1794 | lr=1.21e-07 | 3.8 batch/s
      Epoch 19/20 | Batch 700/884 | loss=0.0966 | lr=1.11e-07 | 3.8 batch/s
      Epoch 19/20 | Batch 750/884 | loss=0.0756 | lr=1.01e-07 | 3.8 batch/s
      Epoch 19/20 | Batch 800/884 | loss=0.2564 | lr=9.10e-08 | 3.8 batch/s
      Epoch 19/20 | Batch 850/884 | loss=0.1409 | lr=8.19e-08 | 3.8 batch/s
      Epoch 19/20 | Batch 884/884 | loss=0.2719 | lr=7.60e-08 | 3.8 batch/s
    Epoch 19/20: train_loss=0.1909, 230s
2026-03-21 20:21:10 | INFO  | phase3d |     Epoch 19/20: train_loss=0.1909, 230s
      Epoch 20/20 | Batch 50/884 | loss=0.1908 | lr=6.76e-08 | 3.8 batch/s
      Epoch 20/20 | Batch 100/884 | loss=0.1275 | lr=5.98e-08 | 3.9 batch/s
      Epoch 20/20 | Batch 150/884 | loss=0.0712 | lr=5.24e-08 | 3.8 batch/s
      Epoch 20/20 | Batch 200/884 | loss=0.1171 | lr=4.55e-08 | 3.8 batch/s
      Epoch 20/20 | Batch 250/884 | loss=0.2636 | lr=3.91e-08 | 3.8 batch/s
      Epoch 20/20 | Batch 300/884 | loss=0.0863 | lr=3.32e-08 | 3.8 batch/s
      Epoch 20/20 | Batch 350/884 | loss=0.1413 | lr=2.78e-08 | 3.8 batch/s
      Epoch 20/20 | Batch 400/884 | loss=0.1645 | lr=2.28e-08 | 3.8 batch/s
      Epoch 20/20 | Batch 450/884 | loss=0.1628 | lr=1.83e-08 | 3.8 batch/s
      Epoch 20/20 | Batch 500/884 | loss=0.3413 | lr=1.44e-08 | 3.8 batch/s
      Epoch 20/20 | Batch 550/884 | loss=0.1551 | lr=1.09e-08 | 3.8 batch/s
      Epoch 20/20 | Batch 600/884 | loss=0.0637 | lr=7.86e-09 | 3.8 batch/s
      Epoch 20/20 | Batch 650/884 | loss=0.2012 | lr=5.34e-09 | 3.8 batch/s
      Epoch 20/20 | Batch 700/884 | loss=0.2711 | lr=3.30e-09 | 3.8 batch/s
      Epoch 20/20 | Batch 750/884 | loss=0.1555 | lr=1.75e-09 | 3.8 batch/s
      Epoch 20/20 | Batch 800/884 | loss=0.2656 | lr=6.88e-10 | 3.8 batch/s
      Epoch 20/20 | Batch 850/884 | loss=0.1683 | lr=1.13e-10 | 3.8 batch/s
      Epoch 20/20 | Batch 884/884 | loss=0.3842 | lr=0.00e+00 | 3.9 batch/s
    Epoch 20/20: train_loss=0.1907, 230s
2026-03-21 20:24:59 | INFO  | phase3d |     Epoch 20/20: train_loss=0.1907, 230s
2026-03-21 20:25:14 | INFO  | phase3d |     Screening: /scratch/vishakha.agrawal/antibiotic-selectivity/outputs/runs/run_20260315_034033/results/screening/molformer_ranked_ecoli.csv (6739 compounds)
2026-03-21 20:25:14 | INFO  | phase3d | 
  >>> Model 2/7: molformer_saureus <<<
2026-03-21 20:25:14 | INFO  | phase3d | 
  Training molformer_saureus with 5-fold scaffold CV...
2026-03-21 20:25:14 | INFO  | phase3d |     [10_train_molformer.py:molformer_saureus:fold_0] Starting fold 0/5...
2026-03-21 20:25:14 | INFO  | phase3d |     Loading MoLFormer from ibm/MoLFormer-XL-both-10pct...
2026-03-21 20:25:14 | INFO  | phase3d |     transformers version: 4.57.6
A new version of the following files was downloaded from https://huggingface.co/ibm/MoLFormer-XL-both-10pct:
- tokenization_molformer_fast.py
. Make sure to double-check they do not contain any added malicious code. To avoid downloading new versions of the code file, you can pin a revision.
A new version of the following files was downloaded from https://huggingface.co/ibm/MoLFormer-XL-both-10pct:
- configuration_molformer.py
. Make sure to double-check they do not contain any added malicious code. To avoid downloading new versions of the code file, you can pin a revision.
A new version of the following files was downloaded from https://huggingface.co/ibm/MoLFormer-XL-both-10pct:
- modeling_molformer.py
. Make sure to double-check they do not contain any added malicious code. To avoid downloading new versions of the code file, you can pin a revision.
2026-03-21 20:25:18 | INFO  | phase3d |     Encoder: 44.4M params
2026-03-21 20:25:18 | INFO  | phase3d |     Classifier: 769 params
2026-03-21 20:25:18 | INFO  | phase3d |     Device: cuda
2026-03-21 20:25:35 | INFO  | phase3d |     [10_train_molformer.py:molformer_saureus:fold_0] SKIP (cached model), ROC-AUC=0.8562, PR-AUC=0.8203
2026-03-21 20:25:35 | INFO  | phase3d |     [10_train_molformer.py:molformer_saureus:fold_1] Starting fold 1/5...
2026-03-21 20:25:35 | INFO  | phase3d |     Loading MoLFormer from ibm/MoLFormer-XL-both-10pct...
2026-03-21 20:25:35 | INFO  | phase3d |     transformers version: 4.57.6
A new version of the following files was downloaded from https://huggingface.co/ibm/MoLFormer-XL-both-10pct:
- tokenization_molformer_fast.py
. Make sure to double-check they do not contain any added malicious code. To avoid downloading new versions of the code file, you can pin a revision.
A new version of the following files was downloaded from https://huggingface.co/ibm/MoLFormer-XL-both-10pct:
- configuration_molformer.py
. Make sure to double-check they do not contain any added malicious code. To avoid downloading new versions of the code file, you can pin a revision.
A new version of the following files was downloaded from https://huggingface.co/ibm/MoLFormer-XL-both-10pct:
- modeling_molformer.py
. Make sure to double-check they do not contain any added malicious code. To avoid downloading new versions of the code file, you can pin a revision.
2026-03-21 20:25:39 | INFO  | phase3d |     Encoder: 44.4M params
2026-03-21 20:25:39 | INFO  | phase3d |     Classifier: 769 params
2026-03-21 20:25:39 | INFO  | phase3d |     Device: cuda
2026-03-21 20:25:55 | INFO  | phase3d |     [10_train_molformer.py:molformer_saureus:fold_1] SKIP (cached model), ROC-AUC=0.8231, PR-AUC=0.8003
2026-03-21 20:25:56 | INFO  | phase3d |     [10_train_molformer.py:molformer_saureus:fold_2] Starting fold 2/5...
2026-03-21 20:25:56 | INFO  | phase3d |     Loading MoLFormer from ibm/MoLFormer-XL-both-10pct...
2026-03-21 20:25:56 | INFO  | phase3d |     transformers version: 4.57.6
A new version of the following files was downloaded from https://huggingface.co/ibm/MoLFormer-XL-both-10pct:
- tokenization_molformer_fast.py
. Make sure to double-check they do not contain any added malicious code. To avoid downloading new versions of the code file, you can pin a revision.
A new version of the following files was downloaded from https://huggingface.co/ibm/MoLFormer-XL-both-10pct:
- configuration_molformer.py
. Make sure to double-check they do not contain any added malicious code. To avoid downloading new versions of the code file, you can pin a revision.
A new version of the following files was downloaded from https://huggingface.co/ibm/MoLFormer-XL-both-10pct:
- modeling_molformer.py
. Make sure to double-check they do not contain any added malicious code. To avoid downloading new versions of the code file, you can pin a revision.
2026-03-21 20:25:59 | INFO  | phase3d |     Encoder: 44.4M params
2026-03-21 20:25:59 | INFO  | phase3d |     Classifier: 769 params
2026-03-21 20:25:59 | INFO  | phase3d |     Device: cuda
2026-03-21 20:26:16 | INFO  | phase3d |     [10_train_molformer.py:molformer_saureus:fold_2] SKIP (cached model), ROC-AUC=0.8491, PR-AUC=0.8326
2026-03-21 20:26:16 | INFO  | phase3d |     [10_train_molformer.py:molformer_saureus:fold_3] Starting fold 3/5...
2026-03-21 20:26:16 | INFO  | phase3d |     Loading MoLFormer from ibm/MoLFormer-XL-both-10pct...
2026-03-21 20:26:16 | INFO  | phase3d |     transformers version: 4.57.6
A new version of the following files was downloaded from https://huggingface.co/ibm/MoLFormer-XL-both-10pct:
- tokenization_molformer_fast.py
. Make sure to double-check they do not contain any added malicious code. To avoid downloading new versions of the code file, you can pin a revision.
A new version of the following files was downloaded from https://huggingface.co/ibm/MoLFormer-XL-both-10pct:
- configuration_molformer.py
. Make sure to double-check they do not contain any added malicious code. To avoid downloading new versions of the code file, you can pin a revision.
A new version of the following files was downloaded from https://huggingface.co/ibm/MoLFormer-XL-both-10pct:
- modeling_molformer.py
. Make sure to double-check they do not contain any added malicious code. To avoid downloading new versions of the code file, you can pin a revision.
2026-03-21 20:26:20 | INFO  | phase3d |     Encoder: 44.4M params
2026-03-21 20:26:20 | INFO  | phase3d |     Classifier: 769 params
2026-03-21 20:26:20 | INFO  | phase3d |     Device: cuda
2026-03-21 20:26:37 | INFO  | phase3d |     [10_train_molformer.py:molformer_saureus:fold_3] SKIP (cached model), ROC-AUC=0.8239, PR-AUC=0.7670
2026-03-21 20:26:37 | INFO  | phase3d |     [10_train_molformer.py:molformer_saureus:fold_4] Starting fold 4/5...
2026-03-21 20:26:37 | INFO  | phase3d |     Loading MoLFormer from ibm/MoLFormer-XL-both-10pct...
2026-03-21 20:26:37 | INFO  | phase3d |     transformers version: 4.57.6
A new version of the following files was downloaded from https://huggingface.co/ibm/MoLFormer-XL-both-10pct:
- tokenization_molformer_fast.py
. Make sure to double-check they do not contain any added malicious code. To avoid downloading new versions of the code file, you can pin a revision.
A new version of the following files was downloaded from https://huggingface.co/ibm/MoLFormer-XL-both-10pct:
- configuration_molformer.py
. Make sure to double-check they do not contain any added malicious code. To avoid downloading new versions of the code file, you can pin a revision.
A new version of the following files was downloaded from https://huggingface.co/ibm/MoLFormer-XL-both-10pct:
- modeling_molformer.py
. Make sure to double-check they do not contain any added malicious code. To avoid downloading new versions of the code file, you can pin a revision.
2026-03-21 20:26:41 | INFO  | phase3d |     Encoder: 44.4M params
2026-03-21 20:26:41 | INFO  | phase3d |     Classifier: 769 params
2026-03-21 20:26:41 | INFO  | phase3d |     Device: cuda
2026-03-21 20:26:58 | INFO  | phase3d |     [10_train_molformer.py:molformer_saureus:fold_4] SKIP (cached model), ROC-AUC=0.8206, PR-AUC=0.7919
2026-03-21 20:26:58 | INFO  | phase3d |   molformer_saureus CV: ROC-AUC = 0.8346 +/- 0.0150
2026-03-21 20:26:58 | INFO  | phase3d |   molformer_saureus: 105s
2026-03-21 20:26:59 | INFO  | phase3d |     Training final molformer_saureus on all 43853 samples...
2026-03-21 20:26:59 | INFO  | phase3d |     Loading MoLFormer from ibm/MoLFormer-XL-both-10pct...
2026-03-21 20:26:59 | INFO  | phase3d |     transformers version: 4.57.6
A new version of the following files was downloaded from https://huggingface.co/ibm/MoLFormer-XL-both-10pct:
- tokenization_molformer_fast.py
. Make sure to double-check they do not contain any added malicious code. To avoid downloading new versions of the code file, you can pin a revision.
A new version of the following files was downloaded from https://huggingface.co/ibm/MoLFormer-XL-both-10pct:
- configuration_molformer.py
. Make sure to double-check they do not contain any added malicious code. To avoid downloading new versions of the code file, you can pin a revision.
A new version of the following files was downloaded from https://huggingface.co/ibm/MoLFormer-XL-both-10pct:
- modeling_molformer.py
. Make sure to double-check they do not contain any added malicious code. To avoid downloading new versions of the code file, you can pin a revision.
2026-03-21 20:27:02 | INFO  | phase3d |     Encoder: 44.4M params
2026-03-21 20:27:02 | INFO  | phase3d |     Classifier: 769 params
2026-03-21 20:27:02 | INFO  | phase3d |     Device: cuda
2026-03-21 20:27:02 | INFO  | phase3d |     Tokenizing 43853 training SMILES...
2026-03-21 20:27:10 | INFO  | phase3d |     Tokenized in 8.4s, input shape: torch.Size([43853, 202])
2026-03-21 20:27:10 | INFO  | phase3d |     Training: 20 epochs, 1371 batches/epoch, batch_size=32, 43853 compounds
2026-03-21 20:27:10 | INFO  | phase3d |     LR: encoder=1e-05, classifier=0.0001, warmup=2742/27420 steps
      Epoch 1/20 | Batch 50/1371 | loss=0.7143 | lr=1.82e-07 | 4.3 batch/s
      Epoch 1/20 | Batch 100/1371 | loss=0.6890 | lr=3.65e-07 | 4.1 batch/s
      Epoch 1/20 | Batch 150/1371 | loss=0.6730 | lr=5.47e-07 | 4.0 batch/s
      Epoch 1/20 | Batch 200/1371 | loss=0.6401 | lr=7.29e-07 | 4.0 batch/s
      Epoch 1/20 | Batch 250/1371 | loss=0.6791 | lr=9.12e-07 | 4.0 batch/s
      Epoch 1/20 | Batch 300/1371 | loss=0.5986 | lr=1.09e-06 | 3.9 batch/s
      Epoch 1/20 | Batch 350/1371 | loss=0.6655 | lr=1.28e-06 | 3.9 batch/s
      Epoch 1/20 | Batch 400/1371 | loss=0.6534 | lr=1.46e-06 | 3.9 batch/s
      Epoch 1/20 | Batch 450/1371 | loss=0.6295 | lr=1.64e-06 | 3.9 batch/s
      Epoch 1/20 | Batch 500/1371 | loss=0.5928 | lr=1.82e-06 | 3.9 batch/s
      Epoch 1/20 | Batch 550/1371 | loss=0.5441 | lr=2.01e-06 | 3.9 batch/s
      Epoch 1/20 | Batch 600/1371 | loss=0.5824 | lr=2.19e-06 | 3.9 batch/s
      Epoch 1/20 | Batch 650/1371 | loss=0.6297 | lr=2.37e-06 | 3.9 batch/s
      Epoch 1/20 | Batch 700/1371 | loss=0.5897 | lr=2.55e-06 | 3.9 batch/s
      Epoch 1/20 | Batch 750/1371 | loss=0.4663 | lr=2.74e-06 | 3.9 batch/s
      Epoch 1/20 | Batch 800/1371 | loss=0.5779 | lr=2.92e-06 | 3.9 batch/s
      Epoch 1/20 | Batch 850/1371 | loss=0.5706 | lr=3.10e-06 | 3.9 batch/s
      Epoch 1/20 | Batch 900/1371 | loss=0.6709 | lr=3.28e-06 | 3.9 batch/s
      Epoch 1/20 | Batch 950/1371 | loss=0.6070 | lr=3.46e-06 | 3.9 batch/s
      Epoch 1/20 | Batch 1000/1371 | loss=0.3348 | lr=3.65e-06 | 3.9 batch/s
      Epoch 1/20 | Batch 1050/1371 | loss=0.7248 | lr=3.83e-06 | 3.9 batch/s
      Epoch 1/20 | Batch 1100/1371 | loss=0.5236 | lr=4.01e-06 | 3.9 batch/s
      Epoch 1/20 | Batch 1150/1371 | loss=0.6324 | lr=4.19e-06 | 3.9 batch/s
      Epoch 1/20 | Batch 1200/1371 | loss=0.5622 | lr=4.38e-06 | 3.9 batch/s
      Epoch 1/20 | Batch 1250/1371 | loss=0.4537 | lr=4.56e-06 | 3.9 batch/s
      Epoch 1/20 | Batch 1300/1371 | loss=0.4892 | lr=4.74e-06 | 3.9 batch/s
      Epoch 1/20 | Batch 1350/1371 | loss=0.4257 | lr=4.92e-06 | 3.9 batch/s
      Epoch 1/20 | Batch 1371/1371 | loss=0.4949 | lr=5.00e-06 | 3.9 batch/s
    Epoch 1/20: train_loss=0.5916, 355s
2026-03-21 20:33:06 | INFO  | phase3d |     Epoch 1/20: train_loss=0.5916, 355s
      Epoch 2/20 | Batch 50/1371 | loss=0.5668 | lr=5.18e-06 | 3.8 batch/s
      Epoch 2/20 | Batch 100/1371 | loss=0.4706 | lr=5.36e-06 | 3.8 batch/s
      Epoch 2/20 | Batch 150/1371 | loss=0.5014 | lr=5.55e-06 | 3.8 batch/s
      Epoch 2/20 | Batch 200/1371 | loss=0.4677 | lr=5.73e-06 | 3.8 batch/s
      Epoch 2/20 | Batch 250/1371 | loss=0.5228 | lr=5.91e-06 | 3.8 batch/s
      Epoch 2/20 | Batch 300/1371 | loss=0.6171 | lr=6.09e-06 | 3.8 batch/s
      Epoch 2/20 | Batch 350/1371 | loss=0.4451 | lr=6.28e-06 | 3.8 batch/s
      Epoch 2/20 | Batch 400/1371 | loss=0.4574 | lr=6.46e-06 | 3.8 batch/s
      Epoch 2/20 | Batch 450/1371 | loss=0.5939 | lr=6.64e-06 | 3.8 batch/s
      Epoch 2/20 | Batch 500/1371 | loss=0.3811 | lr=6.82e-06 | 3.8 batch/s
      Epoch 2/20 | Batch 550/1371 | loss=0.4250 | lr=7.01e-06 | 3.8 batch/s
      Epoch 2/20 | Batch 600/1371 | loss=0.5437 | lr=7.19e-06 | 3.8 batch/s
      Epoch 2/20 | Batch 650/1371 | loss=0.6037 | lr=7.37e-06 | 3.8 batch/s
      Epoch 2/20 | Batch 700/1371 | loss=0.5085 | lr=7.55e-06 | 3.8 batch/s
      Epoch 2/20 | Batch 750/1371 | loss=0.5684 | lr=7.74e-06 | 3.8 batch/s
      Epoch 2/20 | Batch 800/1371 | loss=0.6823 | lr=7.92e-06 | 3.8 batch/s
      Epoch 2/20 | Batch 850/1371 | loss=0.4822 | lr=8.10e-06 | 3.8 batch/s
      Epoch 2/20 | Batch 900/1371 | loss=0.4183 | lr=8.28e-06 | 3.8 batch/s
      Epoch 2/20 | Batch 950/1371 | loss=0.3956 | lr=8.46e-06 | 3.8 batch/s
      Epoch 2/20 | Batch 1000/1371 | loss=0.4489 | lr=8.65e-06 | 3.8 batch/s
      Epoch 2/20 | Batch 1050/1371 | loss=0.5218 | lr=8.83e-06 | 3.8 batch/s
      Epoch 2/20 | Batch 1100/1371 | loss=0.3853 | lr=9.01e-06 | 3.8 batch/s
      Epoch 2/20 | Batch 1150/1371 | loss=0.6240 | lr=9.19e-06 | 3.8 batch/s
      Epoch 2/20 | Batch 1200/1371 | loss=0.5040 | lr=9.38e-06 | 3.8 batch/s
      Epoch 2/20 | Batch 1250/1371 | loss=0.3486 | lr=9.56e-06 | 3.8 batch/s
      Epoch 2/20 | Batch 1300/1371 | loss=0.3788 | lr=9.74e-06 | 3.8 batch/s
      Epoch 2/20 | Batch 1350/1371 | loss=0.5541 | lr=9.92e-06 | 3.8 batch/s
      Epoch 2/20 | Batch 1371/1371 | loss=0.4858 | lr=1.00e-05 | 3.8 batch/s
    Epoch 2/20: train_loss=0.5111, 358s
2026-03-21 20:39:04 | INFO  | phase3d |     Epoch 2/20: train_loss=0.5111, 358s
      Epoch 3/20 | Batch 50/1371 | loss=0.2783 | lr=1.00e-05 | 3.8 batch/s
      Epoch 3/20 | Batch 100/1371 | loss=0.4834 | lr=1.00e-05 | 3.8 batch/s
      Epoch 3/20 | Batch 150/1371 | loss=0.5117 | lr=1.00e-05 | 3.8 batch/s
      Epoch 3/20 | Batch 200/1371 | loss=0.6101 | lr=1.00e-05 | 3.8 batch/s
      Epoch 3/20 | Batch 250/1371 | loss=0.5193 | lr=1.00e-05 | 3.8 batch/s
      Epoch 3/20 | Batch 300/1371 | loss=0.4629 | lr=1.00e-05 | 3.8 batch/s
      Epoch 3/20 | Batch 350/1371 | loss=0.4062 | lr=1.00e-05 | 3.8 batch/s
      Epoch 3/20 | Batch 400/1371 | loss=0.6250 | lr=9.99e-06 | 3.8 batch/s
      Epoch 3/20 | Batch 450/1371 | loss=0.2993 | lr=9.99e-06 | 3.8 batch/s
      Epoch 3/20 | Batch 500/1371 | loss=0.6908 | lr=9.99e-06 | 3.8 batch/s
      Epoch 3/20 | Batch 550/1371 | loss=0.4492 | lr=9.99e-06 | 3.8 batch/s
      Epoch 3/20 | Batch 600/1371 | loss=0.5596 | lr=9.99e-06 | 3.8 batch/s
      Epoch 3/20 | Batch 650/1371 | loss=0.5406 | lr=9.98e-06 | 3.8 batch/s
      Epoch 3/20 | Batch 700/1371 | loss=0.4795 | lr=9.98e-06 | 3.8 batch/s
      Epoch 3/20 | Batch 750/1371 | loss=0.3536 | lr=9.98e-06 | 3.8 batch/s
      Epoch 3/20 | Batch 800/1371 | loss=0.4609 | lr=9.97e-06 | 3.8 batch/s
      Epoch 3/20 | Batch 850/1371 | loss=0.3359 | lr=9.97e-06 | 3.8 batch/s
      Epoch 3/20 | Batch 900/1371 | loss=0.3117 | lr=9.97e-06 | 3.8 batch/s
      Epoch 3/20 | Batch 950/1371 | loss=0.3265 | lr=9.96e-06 | 3.8 batch/s
      Epoch 3/20 | Batch 1000/1371 | loss=0.4739 | lr=9.96e-06 | 3.8 batch/s
      Epoch 3/20 | Batch 1050/1371 | loss=0.3230 | lr=9.96e-06 | 3.8 batch/s
      Epoch 3/20 | Batch 1100/1371 | loss=0.5270 | lr=9.95e-06 | 3.8 batch/s
      Epoch 3/20 | Batch 1150/1371 | loss=0.2860 | lr=9.95e-06 | 3.8 batch/s
      Epoch 3/20 | Batch 1200/1371 | loss=0.5550 | lr=9.94e-06 | 3.8 batch/s
      Epoch 3/20 | Batch 1250/1371 | loss=0.4942 | lr=9.94e-06 | 3.8 batch/s
      Epoch 3/20 | Batch 1300/1371 | loss=0.3031 | lr=9.93e-06 | 3.8 batch/s
      Epoch 3/20 | Batch 1350/1371 | loss=0.4383 | lr=9.93e-06 | 3.8 batch/s
      Epoch 3/20 | Batch 1371/1371 | loss=0.6074 | lr=9.92e-06 | 3.8 batch/s
    Epoch 3/20: train_loss=0.4653, 359s
2026-03-21 20:45:02 | INFO  | phase3d |     Epoch 3/20: train_loss=0.4653, 359s
      Epoch 4/20 | Batch 50/1371 | loss=0.5942 | lr=9.92e-06 | 3.8 batch/s
      Epoch 4/20 | Batch 100/1371 | loss=0.3343 | lr=9.91e-06 | 3.8 batch/s
      Epoch 4/20 | Batch 150/1371 | loss=0.3836 | lr=9.91e-06 | 3.8 batch/s
      Epoch 4/20 | Batch 200/1371 | loss=0.5489 | lr=9.90e-06 | 3.8 batch/s
      Epoch 4/20 | Batch 250/1371 | loss=0.4383 | lr=9.89e-06 | 3.8 batch/s
      Epoch 4/20 | Batch 300/1371 | loss=0.2298 | lr=9.89e-06 | 3.8 batch/s
      Epoch 4/20 | Batch 350/1371 | loss=0.3698 | lr=9.88e-06 | 3.8 batch/s
      Epoch 4/20 | Batch 400/1371 | loss=0.4605 | lr=9.87e-06 | 3.8 batch/s
      Epoch 4/20 | Batch 450/1371 | loss=0.3388 | lr=9.87e-06 | 3.8 batch/s
      Epoch 4/20 | Batch 500/1371 | loss=0.2373 | lr=9.86e-06 | 3.8 batch/s
      Epoch 4/20 | Batch 550/1371 | loss=0.4110 | lr=9.85e-06 | 3.8 batch/s
      Epoch 4/20 | Batch 600/1371 | loss=0.2839 | lr=9.84e-06 | 3.8 batch/s
      Epoch 4/20 | Batch 650/1371 | loss=0.7264 | lr=9.84e-06 | 3.8 batch/s
      Epoch 4/20 | Batch 700/1371 | loss=0.2730 | lr=9.83e-06 | 3.8 batch/s
      Epoch 4/20 | Batch 750/1371 | loss=0.3529 | lr=9.82e-06 | 3.8 batch/s
      Epoch 4/20 | Batch 800/1371 | loss=0.4698 | lr=9.81e-06 | 3.8 batch/s
      Epoch 4/20 | Batch 850/1371 | loss=0.2894 | lr=9.80e-06 | 3.8 batch/s
      Epoch 4/20 | Batch 900/1371 | loss=0.4384 | lr=9.79e-06 | 3.8 batch/s
      Epoch 4/20 | Batch 950/1371 | loss=0.4394 | lr=9.78e-06 | 3.8 batch/s
      Epoch 4/20 | Batch 1000/1371 | loss=0.3349 | lr=9.77e-06 | 3.8 batch/s
      Epoch 4/20 | Batch 1050/1371 | loss=0.4529 | lr=9.76e-06 | 3.8 batch/s
      Epoch 4/20 | Batch 1100/1371 | loss=0.3797 | lr=9.75e-06 | 3.8 batch/s
      Epoch 4/20 | Batch 1150/1371 | loss=0.3479 | lr=9.74e-06 | 3.8 batch/s
      Epoch 4/20 | Batch 1200/1371 | loss=0.3078 | lr=9.73e-06 | 3.8 batch/s
      Epoch 4/20 | Batch 1250/1371 | loss=0.3922 | lr=9.72e-06 | 3.8 batch/s
      Epoch 4/20 | Batch 1300/1371 | loss=0.3988 | lr=9.71e-06 | 3.8 batch/s
      Epoch 4/20 | Batch 1350/1371 | loss=0.3518 | lr=9.70e-06 | 3.8 batch/s
      Epoch 4/20 | Batch 1371/1371 | loss=0.3732 | lr=9.70e-06 | 3.8 batch/s
    Epoch 4/20: train_loss=0.4230, 358s
2026-03-21 20:51:00 | INFO  | phase3d |     Epoch 4/20: train_loss=0.4230, 358s
      Epoch 5/20 | Batch 50/1371 | loss=0.4295 | lr=9.69e-06 | 3.8 batch/s
      Epoch 5/20 | Batch 100/1371 | loss=0.4313 | lr=9.68e-06 | 3.8 batch/s
      Epoch 5/20 | Batch 150/1371 | loss=0.3277 | lr=9.66e-06 | 3.8 batch/s
      Epoch 5/20 | Batch 200/1371 | loss=0.3136 | lr=9.65e-06 | 3.8 batch/s
      Epoch 5/20 | Batch 250/1371 | loss=0.4107 | lr=9.64e-06 | 3.8 batch/s
      Epoch 5/20 | Batch 300/1371 | loss=0.5193 | lr=9.63e-06 | 3.8 batch/s
      Epoch 5/20 | Batch 350/1371 | loss=0.3542 | lr=9.62e-06 | 3.8 batch/s
      Epoch 5/20 | Batch 400/1371 | loss=0.5189 | lr=9.61e-06 | 3.8 batch/s
      Epoch 5/20 | Batch 450/1371 | loss=0.3853 | lr=9.59e-06 | 3.8 batch/s
      Epoch 5/20 | Batch 500/1371 | loss=0.3731 | lr=9.58e-06 | 3.8 batch/s
      Epoch 5/20 | Batch 550/1371 | loss=0.1881 | lr=9.57e-06 | 3.8 batch/s
      Epoch 5/20 | Batch 600/1371 | loss=0.4433 | lr=9.55e-06 | 3.8 batch/s
      Epoch 5/20 | Batch 650/1371 | loss=0.3528 | lr=9.54e-06 | 3.8 batch/s
      Epoch 5/20 | Batch 700/1371 | loss=0.4536 | lr=9.53e-06 | 3.8 batch/s
      Epoch 5/20 | Batch 750/1371 | loss=0.3587 | lr=9.51e-06 | 3.8 batch/s
      Epoch 5/20 | Batch 800/1371 | loss=0.4403 | lr=9.50e-06 | 3.8 batch/s
      Epoch 5/20 | Batch 850/1371 | loss=0.4426 | lr=9.49e-06 | 3.8 batch/s
      Epoch 5/20 | Batch 900/1371 | loss=0.4285 | lr=9.47e-06 | 3.8 batch/s
      Epoch 5/20 | Batch 950/1371 | loss=0.3791 | lr=9.46e-06 | 3.8 batch/s
      Epoch 5/20 | Batch 1000/1371 | loss=0.2058 | lr=9.44e-06 | 3.8 batch/s
      Epoch 5/20 | Batch 1050/1371 | loss=0.2791 | lr=9.43e-06 | 3.8 batch/s
      Epoch 5/20 | Batch 1100/1371 | loss=0.2692 | lr=9.41e-06 | 3.8 batch/s
      Epoch 5/20 | Batch 1150/1371 | loss=0.4345 | lr=9.40e-06 | 3.8 batch/s
      Epoch 5/20 | Batch 1200/1371 | loss=0.2130 | lr=9.38e-06 | 3.8 batch/s
      Epoch 5/20 | Batch 1250/1371 | loss=0.3668 | lr=9.37e-06 | 3.8 batch/s
      Epoch 5/20 | Batch 1300/1371 | loss=0.6158 | lr=9.35e-06 | 3.8 batch/s
      Epoch 5/20 | Batch 1350/1371 | loss=0.3016 | lr=9.34e-06 | 3.8 batch/s
      Epoch 5/20 | Batch 1371/1371 | loss=0.3808 | lr=9.33e-06 | 3.8 batch/s
    Epoch 5/20: train_loss=0.3921, 357s
2026-03-21 20:56:57 | INFO  | phase3d |     Epoch 5/20: train_loss=0.3921, 357s
      Epoch 6/20 | Batch 50/1371 | loss=0.2582 | lr=9.31e-06 | 3.8 batch/s
      Epoch 6/20 | Batch 100/1371 | loss=0.3746 | lr=9.30e-06 | 3.8 batch/s
      Epoch 6/20 | Batch 150/1371 | loss=0.2482 | lr=9.28e-06 | 3.8 batch/s
      Epoch 6/20 | Batch 200/1371 | loss=0.4702 | lr=9.27e-06 | 3.8 batch/s
      Epoch 6/20 | Batch 250/1371 | loss=0.4437 | lr=9.25e-06 | 3.8 batch/s
      Epoch 6/20 | Batch 300/1371 | loss=0.2803 | lr=9.23e-06 | 3.8 batch/s
      Epoch 6/20 | Batch 350/1371 | loss=0.1908 | lr=9.21e-06 | 3.8 batch/s
      Epoch 6/20 | Batch 400/1371 | loss=0.2981 | lr=9.20e-06 | 3.8 batch/s
      Epoch 6/20 | Batch 450/1371 | loss=0.3738 | lr=9.18e-06 | 3.8 batch/s
      Epoch 6/20 | Batch 500/1371 | loss=0.2525 | lr=9.16e-06 | 3.8 batch/s
      Epoch 6/20 | Batch 550/1371 | loss=0.6382 | lr=9.14e-06 | 3.8 batch/s
      Epoch 6/20 | Batch 600/1371 | loss=0.2522 | lr=9.13e-06 | 3.8 batch/s
      Epoch 6/20 | Batch 650/1371 | loss=0.2934 | lr=9.11e-06 | 3.8 batch/s
      Epoch 6/20 | Batch 700/1371 | loss=0.2606 | lr=9.09e-06 | 3.8 batch/s
      Epoch 6/20 | Batch 750/1371 | loss=0.3565 | lr=9.07e-06 | 3.8 batch/s
      Epoch 6/20 | Batch 800/1371 | loss=0.4830 | lr=9.05e-06 | 3.8 batch/s
      Epoch 6/20 | Batch 850/1371 | loss=0.4095 | lr=9.03e-06 | 3.8 batch/s
      Epoch 6/20 | Batch 900/1371 | loss=0.4074 | lr=9.02e-06 | 3.8 batch/s
      Epoch 6/20 | Batch 950/1371 | loss=0.4459 | lr=9.00e-06 | 3.8 batch/s
      Epoch 6/20 | Batch 1000/1371 | loss=0.5881 | lr=8.98e-06 | 3.8 batch/s
      Epoch 6/20 | Batch 1050/1371 | loss=0.2772 | lr=8.96e-06 | 3.8 batch/s
      Epoch 6/20 | Batch 1100/1371 | loss=0.3197 | lr=8.94e-06 | 3.8 batch/s
      Epoch 6/20 | Batch 1150/1371 | loss=0.3767 | lr=8.92e-06 | 3.8 batch/s
      Epoch 6/20 | Batch 1200/1371 | loss=0.1629 | lr=8.90e-06 | 3.8 batch/s
      Epoch 6/20 | Batch 1250/1371 | loss=0.3009 | lr=8.88e-06 | 3.8 batch/s
      Epoch 6/20 | Batch 1300/1371 | loss=0.2142 | lr=8.86e-06 | 3.8 batch/s
      Epoch 6/20 | Batch 1350/1371 | loss=0.4011 | lr=8.84e-06 | 3.8 batch/s
      Epoch 6/20 | Batch 1371/1371 | loss=0.2352 | lr=8.83e-06 | 3.8 batch/s
    Epoch 6/20: train_loss=0.3662, 358s
2026-03-21 21:02:55 | INFO  | phase3d |     Epoch 6/20: train_loss=0.3662, 358s
      Epoch 7/20 | Batch 50/1371 | loss=0.2047 | lr=8.81e-06 | 3.8 batch/s
      Epoch 7/20 | Batch 100/1371 | loss=0.3186 | lr=8.79e-06 | 3.8 batch/s
      Epoch 7/20 | Batch 150/1371 | loss=0.3936 | lr=8.77e-06 | 3.8 batch/s
      Epoch 7/20 | Batch 200/1371 | loss=0.4045 | lr=8.75e-06 | 3.8 batch/s
      Epoch 7/20 | Batch 250/1371 | loss=0.4575 | lr=8.73e-06 | 3.8 batch/s
      Epoch 7/20 | Batch 300/1371 | loss=0.3943 | lr=8.70e-06 | 3.8 batch/s
      Epoch 7/20 | Batch 350/1371 | loss=0.3064 | lr=8.68e-06 | 3.8 batch/s
      Epoch 7/20 | Batch 400/1371 | loss=0.2383 | lr=8.66e-06 | 3.8 batch/s
      Epoch 7/20 | Batch 450/1371 | loss=0.4820 | lr=8.64e-06 | 3.8 batch/s
      Epoch 7/20 | Batch 500/1371 | loss=0.2957 | lr=8.62e-06 | 3.8 batch/s
      Epoch 7/20 | Batch 550/1371 | loss=0.3869 | lr=8.60e-06 | 3.8 batch/s
      Epoch 7/20 | Batch 600/1371 | loss=0.4100 | lr=8.57e-06 | 3.8 batch/s
      Epoch 7/20 | Batch 650/1371 | loss=0.3049 | lr=8.55e-06 | 3.8 batch/s
      Epoch 7/20 | Batch 700/1371 | loss=0.6250 | lr=8.53e-06 | 3.8 batch/s
      Epoch 7/20 | Batch 750/1371 | loss=0.2906 | lr=8.51e-06 | 3.8 batch/s
      Epoch 7/20 | Batch 800/1371 | loss=0.3845 | lr=8.48e-06 | 3.8 batch/s
      Epoch 7/20 | Batch 850/1371 | loss=0.2183 | lr=8.46e-06 | 3.8 batch/s
      Epoch 7/20 | Batch 900/1371 | loss=0.2533 | lr=8.44e-06 | 3.8 batch/s
      Epoch 7/20 | Batch 950/1371 | loss=0.4648 | lr=8.41e-06 | 3.8 batch/s
      Epoch 7/20 | Batch 1000/1371 | loss=0.1037 | lr=8.39e-06 | 3.8 batch/s
      Epoch 7/20 | Batch 1050/1371 | loss=0.3974 | lr=8.37e-06 | 3.8 batch/s
      Epoch 7/20 | Batch 1100/1371 | loss=0.2572 | lr=8.34e-06 | 3.8 batch/s
      Epoch 7/20 | Batch 1150/1371 | loss=0.2738 | lr=8.32e-06 | 3.8 batch/s
      Epoch 7/20 | Batch 1200/1371 | loss=0.2480 | lr=8.30e-06 | 3.8 batch/s
      Epoch 7/20 | Batch 1250/1371 | loss=0.4422 | lr=8.27e-06 | 3.8 batch/s
      Epoch 7/20 | Batch 1300/1371 | loss=0.4437 | lr=8.25e-06 | 3.8 batch/s
      Epoch 7/20 | Batch 1350/1371 | loss=0.3077 | lr=8.22e-06 | 3.8 batch/s
      Epoch 7/20 | Batch 1371/1371 | loss=0.4074 | lr=8.21e-06 | 3.8 batch/s
    Epoch 7/20: train_loss=0.3446, 357s
2026-03-21 21:08:51 | INFO  | phase3d |     Epoch 7/20: train_loss=0.3446, 357s
      Epoch 8/20 | Batch 50/1371 | loss=0.1912 | lr=8.19e-06 | 3.8 batch/s
      Epoch 8/20 | Batch 100/1371 | loss=0.3446 | lr=8.16e-06 | 3.8 batch/s
      Epoch 8/20 | Batch 150/1371 | loss=0.7131 | lr=8.14e-06 | 3.8 batch/s
      Epoch 8/20 | Batch 200/1371 | loss=0.5764 | lr=8.12e-06 | 3.8 batch/s
      Epoch 8/20 | Batch 250/1371 | loss=0.4557 | lr=8.09e-06 | 3.8 batch/s
      Epoch 8/20 | Batch 300/1371 | loss=0.2510 | lr=8.07e-06 | 3.8 batch/s
      Epoch 8/20 | Batch 350/1371 | loss=0.3681 | lr=8.04e-06 | 3.8 batch/s
      Epoch 8/20 | Batch 400/1371 | loss=0.2888 | lr=8.01e-06 | 3.8 batch/s
      Epoch 8/20 | Batch 450/1371 | loss=0.4850 | lr=7.99e-06 | 3.8 batch/s
      Epoch 8/20 | Batch 500/1371 | loss=0.4576 | lr=7.96e-06 | 3.8 batch/s
      Epoch 8/20 | Batch 550/1371 | loss=0.3411 | lr=7.94e-06 | 3.8 batch/s
      Epoch 8/20 | Batch 600/1371 | loss=0.2974 | lr=7.91e-06 | 3.8 batch/s
      Epoch 8/20 | Batch 650/1371 | loss=0.4100 | lr=7.89e-06 | 3.8 batch/s
      Epoch 8/20 | Batch 700/1371 | loss=0.4940 | lr=7.86e-06 | 3.8 batch/s
      Epoch 8/20 | Batch 750/1371 | loss=0.2392 | lr=7.83e-06 | 3.8 batch/s
      Epoch 8/20 | Batch 800/1371 | loss=0.1894 | lr=7.81e-06 | 3.8 batch/s
      Epoch 8/20 | Batch 850/1371 | loss=0.4863 | lr=7.78e-06 | 3.8 batch/s
      Epoch 8/20 | Batch 900/1371 | loss=0.3638 | lr=7.75e-06 | 3.8 batch/s
      Epoch 8/20 | Batch 950/1371 | loss=0.3118 | lr=7.73e-06 | 3.8 batch/s
      Epoch 8/20 | Batch 1000/1371 | loss=0.2603 | lr=7.70e-06 | 3.8 batch/s
      Epoch 8/20 | Batch 1050/1371 | loss=0.3722 | lr=7.67e-06 | 3.8 batch/s
      Epoch 8/20 | Batch 1100/1371 | loss=0.2539 | lr=7.65e-06 | 3.8 batch/s
      Epoch 8/20 | Batch 1150/1371 | loss=0.2186 | lr=7.62e-06 | 3.8 batch/s
      Epoch 8/20 | Batch 1200/1371 | loss=0.2850 | lr=7.59e-06 | 3.8 batch/s
      Epoch 8/20 | Batch 1250/1371 | loss=0.2494 | lr=7.57e-06 | 3.8 batch/s
      Epoch 8/20 | Batch 1300/1371 | loss=0.2713 | lr=7.54e-06 | 3.8 batch/s
      Epoch 8/20 | Batch 1350/1371 | loss=0.3761 | lr=7.51e-06 | 3.8 batch/s
      Epoch 8/20 | Batch 1371/1371 | loss=0.4197 | lr=7.50e-06 | 3.8 batch/s
    Epoch 8/20: train_loss=0.3288, 357s
2026-03-21 21:14:48 | INFO  | phase3d |     Epoch 8/20: train_loss=0.3288, 357s
      Epoch 9/20 | Batch 50/1371 | loss=0.2928 | lr=7.47e-06 | 3.8 batch/s
      Epoch 9/20 | Batch 100/1371 | loss=0.2480 | lr=7.44e-06 | 3.8 batch/s
      Epoch 9/20 | Batch 150/1371 | loss=0.2594 | lr=7.42e-06 | 3.8 batch/s
      Epoch 9/20 | Batch 200/1371 | loss=0.2146 | lr=7.39e-06 | 3.8 batch/s
      Epoch 9/20 | Batch 250/1371 | loss=0.7710 | lr=7.36e-06 | 3.8 batch/s
      Epoch 9/20 | Batch 300/1371 | loss=0.2157 | lr=7.33e-06 | 3.8 batch/s
      Epoch 9/20 | Batch 350/1371 | loss=0.2742 | lr=7.30e-06 | 3.8 batch/s
      Epoch 9/20 | Batch 400/1371 | loss=0.3303 | lr=7.28e-06 | 3.8 batch/s
      Epoch 9/20 | Batch 450/1371 | loss=0.2203 | lr=7.25e-06 | 3.8 batch/s
      Epoch 9/20 | Batch 500/1371 | loss=0.4409 | lr=7.22e-06 | 3.8 batch/s
      Epoch 9/20 | Batch 550/1371 | loss=0.4291 | lr=7.19e-06 | 3.8 batch/s
      Epoch 9/20 | Batch 600/1371 | loss=0.2648 | lr=7.16e-06 | 3.8 batch/s
      Epoch 9/20 | Batch 650/1371 | loss=0.4252 | lr=7.13e-06 | 3.9 batch/s
      Epoch 9/20 | Batch 700/1371 | loss=0.2910 | lr=7.10e-06 | 3.9 batch/s
      Epoch 9/20 | Batch 750/1371 | loss=0.5995 | lr=7.08e-06 | 3.9 batch/s
      Epoch 9/20 | Batch 800/1371 | loss=0.2018 | lr=7.05e-06 | 3.8 batch/s
      Epoch 9/20 | Batch 850/1371 | loss=0.6032 | lr=7.02e-06 | 3.8 batch/s
      Epoch 9/20 | Batch 900/1371 | loss=0.2076 | lr=6.99e-06 | 3.8 batch/s
      Epoch 9/20 | Batch 950/1371 | loss=0.2589 | lr=6.96e-06 | 3.8 batch/s
      Epoch 9/20 | Batch 1000/1371 | loss=0.2747 | lr=6.93e-06 | 3.8 batch/s
      Epoch 9/20 | Batch 1050/1371 | loss=0.2365 | lr=6.90e-06 | 3.8 batch/s
      Epoch 9/20 | Batch 1100/1371 | loss=0.4974 | lr=6.87e-06 | 3.8 batch/s
      Epoch 9/20 | Batch 1150/1371 | loss=0.2271 | lr=6.84e-06 | 3.8 batch/s
      Epoch 9/20 | Batch 1200/1371 | loss=0.4668 | lr=6.81e-06 | 3.8 batch/s
      Epoch 9/20 | Batch 1250/1371 | loss=0.3447 | lr=6.78e-06 | 3.8 batch/s
      Epoch 9/20 | Batch 1300/1371 | loss=0.3934 | lr=6.75e-06 | 3.8 batch/s
      Epoch 9/20 | Batch 1350/1371 | loss=0.2388 | lr=6.72e-06 | 3.8 batch/s
      Epoch 9/20 | Batch 1371/1371 | loss=0.3272 | lr=6.71e-06 | 3.9 batch/s
    Epoch 9/20: train_loss=0.3118, 356s
2026-03-21 21:20:44 | INFO  | phase3d |     Epoch 9/20: train_loss=0.3118, 356s
      Epoch 10/20 | Batch 50/1371 | loss=0.3038 | lr=6.68e-06 | 3.8 batch/s
      Epoch 10/20 | Batch 100/1371 | loss=0.3492 | lr=6.65e-06 | 3.9 batch/s
      Epoch 10/20 | Batch 150/1371 | loss=0.2777 | lr=6.62e-06 | 3.9 batch/s
      Epoch 10/20 | Batch 200/1371 | loss=0.1985 | lr=6.59e-06 | 3.8 batch/s
      Epoch 10/20 | Batch 250/1371 | loss=0.4735 | lr=6.56e-06 | 3.8 batch/s
      Epoch 10/20 | Batch 300/1371 | loss=0.4219 | lr=6.53e-06 | 3.8 batch/s
      Epoch 10/20 | Batch 350/1371 | loss=0.2602 | lr=6.50e-06 | 3.8 batch/s
      Epoch 10/20 | Batch 400/1371 | loss=0.1386 | lr=6.47e-06 | 3.8 batch/s
      Epoch 10/20 | Batch 450/1371 | loss=0.3350 | lr=6.44e-06 | 3.8 batch/s
      Epoch 10/20 | Batch 500/1371 | loss=0.1435 | lr=6.41e-06 | 3.8 batch/s
      Epoch 10/20 | Batch 550/1371 | loss=0.2569 | lr=6.38e-06 | 3.8 batch/s
      Epoch 10/20 | Batch 600/1371 | loss=0.3198 | lr=6.35e-06 | 3.8 batch/s
      Epoch 10/20 | Batch 650/1371 | loss=0.2000 | lr=6.32e-06 | 3.9 batch/s
      Epoch 10/20 | Batch 700/1371 | loss=0.3777 | lr=6.29e-06 | 3.9 batch/s
      Epoch 10/20 | Batch 750/1371 | loss=0.3978 | lr=6.25e-06 | 3.8 batch/s
      Epoch 10/20 | Batch 800/1371 | loss=0.2472 | lr=6.22e-06 | 3.8 batch/s
      Epoch 10/20 | Batch 850/1371 | loss=0.2700 | lr=6.19e-06 | 3.8 batch/s
      Epoch 10/20 | Batch 900/1371 | loss=0.3063 | lr=6.16e-06 | 3.8 batch/s
      Epoch 10/20 | Batch 950/1371 | loss=0.3801 | lr=6.13e-06 | 3.8 batch/s
      Epoch 10/20 | Batch 1000/1371 | loss=0.4353 | lr=6.10e-06 | 3.8 batch/s
      Epoch 10/20 | Batch 1050/1371 | loss=0.1551 | lr=6.07e-06 | 3.8 batch/s
      Epoch 10/20 | Batch 1100/1371 | loss=0.5232 | lr=6.04e-06 | 3.8 batch/s
      Epoch 10/20 | Batch 1150/1371 | loss=0.1830 | lr=6.01e-06 | 3.8 batch/s
      Epoch 10/20 | Batch 1200/1371 | loss=0.2044 | lr=5.98e-06 | 3.8 batch/s
      Epoch 10/20 | Batch 1250/1371 | loss=0.2848 | lr=5.94e-06 | 3.8 batch/s
      Epoch 10/20 | Batch 1300/1371 | loss=0.2552 | lr=5.91e-06 | 3.8 batch/s
      Epoch 10/20 | Batch 1350/1371 | loss=0.3689 | lr=5.88e-06 | 3.8 batch/s
      Epoch 10/20 | Batch 1371/1371 | loss=0.4107 | lr=5.87e-06 | 3.8 batch/s
    Epoch 10/20: train_loss=0.3002, 356s
2026-03-21 21:26:41 | INFO  | phase3d |     Epoch 10/20: train_loss=0.3002, 356s
      Epoch 11/20 | Batch 50/1371 | loss=0.2519 | lr=5.84e-06 | 3.9 batch/s
      Epoch 11/20 | Batch 100/1371 | loss=0.2812 | lr=5.81e-06 | 3.8 batch/s
      Epoch 11/20 | Batch 150/1371 | loss=0.3495 | lr=5.77e-06 | 3.9 batch/s
      Epoch 11/20 | Batch 200/1371 | loss=0.2106 | lr=5.74e-06 | 3.9 batch/s
      Epoch 11/20 | Batch 250/1371 | loss=0.2279 | lr=5.71e-06 | 3.8 batch/s
      Epoch 11/20 | Batch 300/1371 | loss=0.1831 | lr=5.68e-06 | 3.8 batch/s
      Epoch 11/20 | Batch 350/1371 | loss=0.2489 | lr=5.65e-06 | 3.8 batch/s
      Epoch 11/20 | Batch 400/1371 | loss=0.4413 | lr=5.62e-06 | 3.8 batch/s
      Epoch 11/20 | Batch 450/1371 | loss=0.3464 | lr=5.58e-06 | 3.8 batch/s
      Epoch 11/20 | Batch 500/1371 | loss=0.3170 | lr=5.55e-06 | 3.8 batch/s
      Epoch 11/20 | Batch 550/1371 | loss=0.4921 | lr=5.52e-06 | 3.8 batch/s
      Epoch 11/20 | Batch 600/1371 | loss=0.2747 | lr=5.49e-06 | 3.8 batch/s
      Epoch 11/20 | Batch 650/1371 | loss=0.1237 | lr=5.46e-06 | 3.8 batch/s
      Epoch 11/20 | Batch 700/1371 | loss=0.1061 | lr=5.43e-06 | 3.8 batch/s
      Epoch 11/20 | Batch 750/1371 | loss=0.2084 | lr=5.39e-06 | 3.8 batch/s
      Epoch 11/20 | Batch 800/1371 | loss=0.2694 | lr=5.36e-06 | 3.8 batch/s
      Epoch 11/20 | Batch 850/1371 | loss=0.2741 | lr=5.33e-06 | 3.8 batch/s
      Epoch 11/20 | Batch 900/1371 | loss=0.2364 | lr=5.30e-06 | 3.8 batch/s
      Epoch 11/20 | Batch 950/1371 | loss=0.3721 | lr=5.27e-06 | 3.8 batch/s
      Epoch 11/20 | Batch 1000/1371 | loss=0.2673 | lr=5.24e-06 | 3.8 batch/s
      Epoch 11/20 | Batch 1050/1371 | loss=0.2517 | lr=5.20e-06 | 3.8 batch/s
      Epoch 11/20 | Batch 1100/1371 | loss=0.2665 | lr=5.17e-06 | 3.8 batch/s
      Epoch 11/20 | Batch 1150/1371 | loss=0.2174 | lr=5.14e-06 | 3.8 batch/s
      Epoch 11/20 | Batch 1200/1371 | loss=0.2465 | lr=5.11e-06 | 3.8 batch/s
      Epoch 11/20 | Batch 1250/1371 | loss=0.2029 | lr=5.08e-06 | 3.8 batch/s
      Epoch 11/20 | Batch 1300/1371 | loss=0.5048 | lr=5.05e-06 | 3.8 batch/s
      Epoch 11/20 | Batch 1350/1371 | loss=0.2534 | lr=5.01e-06 | 3.8 batch/s
      Epoch 11/20 | Batch 1371/1371 | loss=0.1572 | lr=5.00e-06 | 3.8 batch/s
    Epoch 11/20: train_loss=0.2837, 356s
2026-03-21 21:32:37 | INFO  | phase3d |     Epoch 11/20: train_loss=0.2837, 356s
      Epoch 12/20 | Batch 50/1371 | loss=0.1885 | lr=4.97e-06 | 3.8 batch/s
      Epoch 12/20 | Batch 100/1371 | loss=0.1903 | lr=4.94e-06 | 3.9 batch/s
      Epoch 12/20 | Batch 150/1371 | loss=0.3017 | lr=4.90e-06 | 3.9 batch/s
      Epoch 12/20 | Batch 200/1371 | loss=0.2316 | lr=4.87e-06 | 3.8 batch/s
      Epoch 12/20 | Batch 250/1371 | loss=0.2260 | lr=4.84e-06 | 3.9 batch/s
      Epoch 12/20 | Batch 300/1371 | loss=0.1950 | lr=4.81e-06 | 3.9 batch/s
      Epoch 12/20 | Batch 350/1371 | loss=0.3298 | lr=4.78e-06 | 3.9 batch/s
      Epoch 12/20 | Batch 400/1371 | loss=0.2837 | lr=4.75e-06 | 3.9 batch/s
      Epoch 12/20 | Batch 450/1371 | loss=0.4624 | lr=4.71e-06 | 3.9 batch/s
      Epoch 12/20 | Batch 500/1371 | loss=0.2387 | lr=4.68e-06 | 3.9 batch/s
      Epoch 12/20 | Batch 550/1371 | loss=0.2300 | lr=4.65e-06 | 3.9 batch/s
      Epoch 12/20 | Batch 600/1371 | loss=0.3098 | lr=4.62e-06 | 3.9 batch/s
      Epoch 12/20 | Batch 650/1371 | loss=0.3412 | lr=4.59e-06 | 3.9 batch/s
      Epoch 12/20 | Batch 700/1371 | loss=0.3537 | lr=4.56e-06 | 3.9 batch/s
      Epoch 12/20 | Batch 750/1371 | loss=0.1638 | lr=4.52e-06 | 3.9 batch/s
      Epoch 12/20 | Batch 800/1371 | loss=0.4458 | lr=4.49e-06 | 3.9 batch/s
      Epoch 12/20 | Batch 850/1371 | loss=0.4890 | lr=4.46e-06 | 3.9 batch/s
      Epoch 12/20 | Batch 900/1371 | loss=0.3990 | lr=4.43e-06 | 3.9 batch/s
      Epoch 12/20 | Batch 950/1371 | loss=0.3240 | lr=4.40e-06 | 3.9 batch/s
      Epoch 12/20 | Batch 1000/1371 | loss=0.1580 | lr=4.37e-06 | 3.9 batch/s
      Epoch 12/20 | Batch 1050/1371 | loss=0.2117 | lr=4.33e-06 | 3.9 batch/s
      Epoch 12/20 | Batch 1100/1371 | loss=0.2895 | lr=4.30e-06 | 3.8 batch/s
      Epoch 12/20 | Batch 1150/1371 | loss=0.2661 | lr=4.27e-06 | 3.8 batch/s
      Epoch 12/20 | Batch 1200/1371 | loss=0.4539 | lr=4.24e-06 | 3.8 batch/s
      Epoch 12/20 | Batch 1250/1371 | loss=0.2339 | lr=4.21e-06 | 3.8 batch/s
      Epoch 12/20 | Batch 1300/1371 | loss=0.3254 | lr=4.18e-06 | 3.8 batch/s
      Epoch 12/20 | Batch 1350/1371 | loss=0.2460 | lr=4.14e-06 | 3.8 batch/s
      Epoch 12/20 | Batch 1371/1371 | loss=0.4516 | lr=4.13e-06 | 3.8 batch/s
    Epoch 12/20: train_loss=0.2754, 356s
2026-03-21 21:38:33 | INFO  | phase3d |     Epoch 12/20: train_loss=0.2754, 356s
      Epoch 13/20 | Batch 50/1371 | loss=0.2194 | lr=4.10e-06 | 3.8 batch/s
      Epoch 13/20 | Batch 100/1371 | loss=0.1677 | lr=4.07e-06 | 3.8 batch/s
      Epoch 13/20 | Batch 150/1371 | loss=0.2291 | lr=4.04e-06 | 3.8 batch/s
      Epoch 13/20 | Batch 200/1371 | loss=0.0980 | lr=4.01e-06 | 3.8 batch/s
      Epoch 13/20 | Batch 250/1371 | loss=0.1398 | lr=3.98e-06 | 3.8 batch/s
      Epoch 13/20 | Batch 300/1371 | loss=0.1541 | lr=3.94e-06 | 3.8 batch/s
      Epoch 13/20 | Batch 350/1371 | loss=0.4950 | lr=3.91e-06 | 3.8 batch/s
      Epoch 13/20 | Batch 400/1371 | loss=0.1743 | lr=3.88e-06 | 3.8 batch/s
      Epoch 13/20 | Batch 450/1371 | loss=0.1562 | lr=3.85e-06 | 3.8 batch/s
      Epoch 13/20 | Batch 500/1371 | loss=0.3901 | lr=3.82e-06 | 3.8 batch/s
      Epoch 13/20 | Batch 550/1371 | loss=0.1172 | lr=3.79e-06 | 3.8 batch/s
      Epoch 13/20 | Batch 600/1371 | loss=0.1486 | lr=3.76e-06 | 3.8 batch/s
      Epoch 13/20 | Batch 650/1371 | loss=0.1523 | lr=3.73e-06 | 3.8 batch/s
      Epoch 13/20 | Batch 700/1371 | loss=0.3088 | lr=3.70e-06 | 3.8 batch/s
      Epoch 13/20 | Batch 750/1371 | loss=0.1712 | lr=3.67e-06 | 3.8 batch/s
      Epoch 13/20 | Batch 800/1371 | loss=0.2524 | lr=3.64e-06 | 3.8 batch/s
      Epoch 13/20 | Batch 850/1371 | loss=0.5150 | lr=3.61e-06 | 3.8 batch/s
      Epoch 13/20 | Batch 900/1371 | loss=0.2073 | lr=3.57e-06 | 3.8 batch/s
      Epoch 13/20 | Batch 950/1371 | loss=0.1863 | lr=3.54e-06 | 3.8 batch/s
      Epoch 13/20 | Batch 1000/1371 | loss=0.2919 | lr=3.51e-06 | 3.8 batch/s
      Epoch 13/20 | Batch 1050/1371 | loss=0.2157 | lr=3.48e-06 | 3.8 batch/s
      Epoch 13/20 | Batch 1100/1371 | loss=0.2674 | lr=3.45e-06 | 3.8 batch/s
      Epoch 13/20 | Batch 1150/1371 | loss=0.2377 | lr=3.42e-06 | 3.8 batch/s
      Epoch 13/20 | Batch 1200/1371 | loss=0.1594 | lr=3.39e-06 | 3.8 batch/s
      Epoch 13/20 | Batch 1250/1371 | loss=0.3447 | lr=3.36e-06 | 3.8 batch/s
      Epoch 13/20 | Batch 1300/1371 | loss=0.2110 | lr=3.33e-06 | 3.8 batch/s
      Epoch 13/20 | Batch 1350/1371 | loss=0.2033 | lr=3.30e-06 | 3.8 batch/s
      Epoch 13/20 | Batch 1371/1371 | loss=0.1085 | lr=3.29e-06 | 3.8 batch/s
    Epoch 13/20: train_loss=0.2615, 357s
2026-03-21 21:44:30 | INFO  | phase3d |     Epoch 13/20: train_loss=0.2615, 357s
      Epoch 14/20 | Batch 50/1371 | loss=0.1720 | lr=3.26e-06 | 3.8 batch/s
      Epoch 14/20 | Batch 100/1371 | loss=0.2252 | lr=3.23e-06 | 3.8 batch/s
      Epoch 14/20 | Batch 150/1371 | loss=0.4315 | lr=3.20e-06 | 3.8 batch/s
      Epoch 14/20 | Batch 200/1371 | loss=0.1361 | lr=3.17e-06 | 3.8 batch/s
      Epoch 14/20 | Batch 250/1371 | loss=0.2575 | lr=3.14e-06 | 3.8 batch/s
      Epoch 14/20 | Batch 300/1371 | loss=0.2579 | lr=3.11e-06 | 3.8 batch/s
      Epoch 14/20 | Batch 350/1371 | loss=0.2511 | lr=3.08e-06 | 3.8 batch/s
      Epoch 14/20 | Batch 400/1371 | loss=0.2860 | lr=3.05e-06 | 3.8 batch/s
      Epoch 14/20 | Batch 450/1371 | loss=0.1965 | lr=3.02e-06 | 3.8 batch/s
      Epoch 14/20 | Batch 500/1371 | loss=0.1857 | lr=2.99e-06 | 3.9 batch/s
      Epoch 14/20 | Batch 550/1371 | loss=0.1807 | lr=2.97e-06 | 3.9 batch/s
      Epoch 14/20 | Batch 600/1371 | loss=0.0572 | lr=2.94e-06 | 3.9 batch/s
      Epoch 14/20 | Batch 650/1371 | loss=0.3327 | lr=2.91e-06 | 3.9 batch/s
      Epoch 14/20 | Batch 700/1371 | loss=0.3280 | lr=2.88e-06 | 3.9 batch/s
      Epoch 14/20 | Batch 750/1371 | loss=0.0860 | lr=2.85e-06 | 3.9 batch/s
      Epoch 14/20 | Batch 800/1371 | loss=0.1540 | lr=2.82e-06 | 3.9 batch/s
      Epoch 14/20 | Batch 850/1371 | loss=0.3209 | lr=2.79e-06 | 3.9 batch/s
      Epoch 14/20 | Batch 900/1371 | loss=0.1477 | lr=2.76e-06 | 3.9 batch/s
      Epoch 14/20 | Batch 950/1371 | loss=0.2616 | lr=2.74e-06 | 3.9 batch/s
      Epoch 14/20 | Batch 1000/1371 | loss=0.2305 | lr=2.71e-06 | 3.9 batch/s
      Epoch 14/20 | Batch 1050/1371 | loss=0.2752 | lr=2.68e-06 | 3.9 batch/s
      Epoch 14/20 | Batch 1100/1371 | loss=0.4065 | lr=2.65e-06 | 3.9 batch/s
      Epoch 14/20 | Batch 1150/1371 | loss=0.3769 | lr=2.62e-06 | 3.9 batch/s
      Epoch 14/20 | Batch 1200/1371 | loss=0.3402 | lr=2.59e-06 | 3.9 batch/s
      Epoch 14/20 | Batch 1250/1371 | loss=0.1982 | lr=2.57e-06 | 3.9 batch/s
      Epoch 14/20 | Batch 1300/1371 | loss=0.2762 | lr=2.54e-06 | 3.9 batch/s
      Epoch 14/20 | Batch 1350/1371 | loss=0.1150 | lr=2.51e-06 | 3.9 batch/s
      Epoch 14/20 | Batch 1371/1371 | loss=0.1542 | lr=2.50e-06 | 3.9 batch/s
    Epoch 14/20: train_loss=0.2558, 355s
2026-03-21 21:50:26 | INFO  | phase3d |     Epoch 14/20: train_loss=0.2558, 355s
      Epoch 15/20 | Batch 50/1371 | loss=0.1719 | lr=2.47e-06 | 3.9 batch/s
      Epoch 15/20 | Batch 100/1371 | loss=0.2896 | lr=2.45e-06 | 3.9 batch/s
      Epoch 15/20 | Batch 150/1371 | loss=0.1211 | lr=2.42e-06 | 3.9 batch/s
      Epoch 15/20 | Batch 200/1371 | loss=0.2013 | lr=2.39e-06 | 3.9 batch/s
      Epoch 15/20 | Batch 250/1371 | loss=0.2968 | lr=2.36e-06 | 3.9 batch/s
      Epoch 15/20 | Batch 300/1371 | loss=0.2286 | lr=2.34e-06 | 3.9 batch/s
      Epoch 15/20 | Batch 350/1371 | loss=0.2240 | lr=2.31e-06 | 3.9 batch/s
      Epoch 15/20 | Batch 400/1371 | loss=0.2768 | lr=2.28e-06 | 3.9 batch/s
      Epoch 15/20 | Batch 450/1371 | loss=0.2304 | lr=2.26e-06 | 3.9 batch/s
      Epoch 15/20 | Batch 500/1371 | loss=0.0953 | lr=2.23e-06 | 3.9 batch/s
      Epoch 15/20 | Batch 550/1371 | loss=0.1976 | lr=2.20e-06 | 3.9 batch/s
      Epoch 15/20 | Batch 600/1371 | loss=0.1042 | lr=2.18e-06 | 3.9 batch/s
      Epoch 15/20 | Batch 650/1371 | loss=0.4353 | lr=2.15e-06 | 3.9 batch/s
      Epoch 15/20 | Batch 700/1371 | loss=0.3291 | lr=2.12e-06 | 3.9 batch/s
      Epoch 15/20 | Batch 750/1371 | loss=0.3907 | lr=2.10e-06 | 3.9 batch/s
      Epoch 15/20 | Batch 800/1371 | loss=0.1820 | lr=2.07e-06 | 3.9 batch/s
      Epoch 15/20 | Batch 850/1371 | loss=0.2084 | lr=2.05e-06 | 3.9 batch/s
      Epoch 15/20 | Batch 900/1371 | loss=0.4276 | lr=2.02e-06 | 3.9 batch/s
      Epoch 15/20 | Batch 950/1371 | loss=0.2175 | lr=2.00e-06 | 3.9 batch/s
      Epoch 15/20 | Batch 1000/1371 | loss=0.2323 | lr=1.97e-06 | 3.9 batch/s
      Epoch 15/20 | Batch 1050/1371 | loss=0.2960 | lr=1.95e-06 | 3.9 batch/s
      Epoch 15/20 | Batch 1100/1371 | loss=0.1309 | lr=1.92e-06 | 3.9 batch/s
      Epoch 15/20 | Batch 1150/1371 | loss=0.3020 | lr=1.90e-06 | 3.9 batch/s
      Epoch 15/20 | Batch 1200/1371 | loss=0.1443 | lr=1.87e-06 | 3.8 batch/s
      Epoch 15/20 | Batch 1250/1371 | loss=0.2392 | lr=1.85e-06 | 3.8 batch/s
      Epoch 15/20 | Batch 1300/1371 | loss=0.3143 | lr=1.82e-06 | 3.8 batch/s
      Epoch 15/20 | Batch 1350/1371 | loss=0.2938 | lr=1.80e-06 | 3.8 batch/s
      Epoch 15/20 | Batch 1371/1371 | loss=0.3330 | lr=1.79e-06 | 3.9 batch/s
    Epoch 15/20: train_loss=0.2454, 356s
2026-03-21 21:56:22 | INFO  | phase3d |     Epoch 15/20: train_loss=0.2454, 356s
      Epoch 16/20 | Batch 50/1371 | loss=0.2589 | lr=1.76e-06 | 3.9 batch/s
      Epoch 16/20 | Batch 100/1371 | loss=0.1262 | lr=1.74e-06 | 3.9 batch/s
      Epoch 16/20 | Batch 150/1371 | loss=0.3028 | lr=1.71e-06 | 3.9 batch/s
      Epoch 16/20 | Batch 200/1371 | loss=0.1967 | lr=1.69e-06 | 3.9 batch/s
      Epoch 16/20 | Batch 250/1371 | loss=0.2007 | lr=1.67e-06 | 3.9 batch/s
      Epoch 16/20 | Batch 300/1371 | loss=0.3973 | lr=1.64e-06 | 3.9 batch/s
      Epoch 16/20 | Batch 350/1371 | loss=0.3259 | lr=1.62e-06 | 3.9 batch/s
      Epoch 16/20 | Batch 400/1371 | loss=0.1840 | lr=1.60e-06 | 3.9 batch/s
      Epoch 16/20 | Batch 450/1371 | loss=0.1313 | lr=1.57e-06 | 3.9 batch/s
      Epoch 16/20 | Batch 500/1371 | loss=0.1864 | lr=1.55e-06 | 3.9 batch/s
      Epoch 16/20 | Batch 550/1371 | loss=0.2243 | lr=1.53e-06 | 3.8 batch/s
      Epoch 16/20 | Batch 600/1371 | loss=0.2206 | lr=1.50e-06 | 3.8 batch/s
      Epoch 16/20 | Batch 650/1371 | loss=0.2874 | lr=1.48e-06 | 3.9 batch/s
      Epoch 16/20 | Batch 700/1371 | loss=0.3499 | lr=1.46e-06 | 3.9 batch/s
      Epoch 16/20 | Batch 750/1371 | loss=0.2540 | lr=1.44e-06 | 3.9 batch/s
      Epoch 16/20 | Batch 800/1371 | loss=0.2133 | lr=1.41e-06 | 3.9 batch/s
      Epoch 16/20 | Batch 850/1371 | loss=0.2544 | lr=1.39e-06 | 3.9 batch/s
      Epoch 16/20 | Batch 900/1371 | loss=0.4014 | lr=1.37e-06 | 3.9 batch/s
      Epoch 16/20 | Batch 950/1371 | loss=0.3189 | lr=1.35e-06 | 3.9 batch/s
      Epoch 16/20 | Batch 1000/1371 | loss=0.2233 | lr=1.33e-06 | 3.9 batch/s
      Epoch 16/20 | Batch 1050/1371 | loss=0.3430 | lr=1.30e-06 | 3.9 batch/s
      Epoch 16/20 | Batch 1100/1371 | loss=0.2337 | lr=1.28e-06 | 3.9 batch/s
      Epoch 16/20 | Batch 1150/1371 | loss=0.2549 | lr=1.26e-06 | 3.9 batch/s
      Epoch 16/20 | Batch 1200/1371 | loss=0.3398 | lr=1.24e-06 | 3.9 batch/s
      Epoch 16/20 | Batch 1250/1371 | loss=0.2846 | lr=1.22e-06 | 3.9 batch/s
      Epoch 16/20 | Batch 1300/1371 | loss=0.3722 | lr=1.20e-06 | 3.9 batch/s
      Epoch 16/20 | Batch 1350/1371 | loss=0.5579 | lr=1.18e-06 | 3.8 batch/s
      Epoch 16/20 | Batch 1371/1371 | loss=0.1632 | lr=1.17e-06 | 3.9 batch/s
    Epoch 16/20: train_loss=0.2381, 356s
2026-03-21 22:02:18 | INFO  | phase3d |     Epoch 16/20: train_loss=0.2381, 356s
      Epoch 17/20 | Batch 50/1371 | loss=0.1903 | lr=1.15e-06 | 3.8 batch/s
      Epoch 17/20 | Batch 100/1371 | loss=0.1955 | lr=1.13e-06 | 3.8 batch/s
      Epoch 17/20 | Batch 150/1371 | loss=0.1759 | lr=1.11e-06 | 3.8 batch/s
      Epoch 17/20 | Batch 200/1371 | loss=0.0720 | lr=1.09e-06 | 3.8 batch/s
      Epoch 17/20 | Batch 250/1371 | loss=0.2570 | lr=1.07e-06 | 3.8 batch/s
      Epoch 17/20 | Batch 300/1371 | loss=0.2667 | lr=1.05e-06 | 3.8 batch/s
      Epoch 17/20 | Batch 350/1371 | loss=0.2452 | lr=1.03e-06 | 3.8 batch/s
      Epoch 17/20 | Batch 400/1371 | loss=0.1782 | lr=1.01e-06 | 3.8 batch/s
      Epoch 17/20 | Batch 450/1371 | loss=0.3265 | lr=9.92e-07 | 3.8 batch/s
      Epoch 17/20 | Batch 500/1371 | loss=0.2261 | lr=9.73e-07 | 3.8 batch/s
      Epoch 17/20 | Batch 550/1371 | loss=0.3185 | lr=9.54e-07 | 3.8 batch/s
      Epoch 17/20 | Batch 600/1371 | loss=0.2154 | lr=9.36e-07 | 3.8 batch/s
      Epoch 17/20 | Batch 650/1371 | loss=0.1922 | lr=9.17e-07 | 3.8 batch/s
      Epoch 17/20 | Batch 700/1371 | loss=0.1934 | lr=8.99e-07 | 3.8 batch/s
      Epoch 17/20 | Batch 750/1371 | loss=0.1773 | lr=8.81e-07 | 3.8 batch/s
      Epoch 17/20 | Batch 800/1371 | loss=0.2053 | lr=8.63e-07 | 3.8 batch/s
      Epoch 17/20 | Batch 850/1371 | loss=0.3715 | lr=8.45e-07 | 3.8 batch/s
      Epoch 17/20 | Batch 900/1371 | loss=0.1944 | lr=8.27e-07 | 3.8 batch/s
      Epoch 17/20 | Batch 950/1371 | loss=0.3107 | lr=8.10e-07 | 3.8 batch/s
      Epoch 17/20 | Batch 1000/1371 | loss=0.4066 | lr=7.93e-07 | 3.8 batch/s
      Epoch 17/20 | Batch 1050/1371 | loss=0.1104 | lr=7.76e-07 | 3.8 batch/s
      Epoch 17/20 | Batch 1100/1371 | loss=0.2611 | lr=7.59e-07 | 3.8 batch/s
      Epoch 17/20 | Batch 1150/1371 | loss=0.0416 | lr=7.42e-07 | 3.8 batch/s
      Epoch 17/20 | Batch 1200/1371 | loss=0.4482 | lr=7.25e-07 | 3.8 batch/s
      Epoch 17/20 | Batch 1250/1371 | loss=0.2499 | lr=7.09e-07 | 3.8 batch/s
      Epoch 17/20 | Batch 1300/1371 | loss=0.4725 | lr=6.93e-07 | 3.8 batch/s
      Epoch 17/20 | Batch 1350/1371 | loss=0.1580 | lr=6.77e-07 | 3.8 batch/s
      Epoch 17/20 | Batch 1371/1371 | loss=0.4781 | lr=6.70e-07 | 3.8 batch/s
    Epoch 17/20: train_loss=0.2366, 357s
2026-03-21 22:08:15 | INFO  | phase3d |     Epoch 17/20: train_loss=0.2366, 357s
      Epoch 18/20 | Batch 50/1371 | loss=0.3144 | lr=6.54e-07 | 3.8 batch/s
      Epoch 18/20 | Batch 100/1371 | loss=0.1661 | lr=6.38e-07 | 3.8 batch/s
      Epoch 18/20 | Batch 150/1371 | loss=0.3595 | lr=6.23e-07 | 3.8 batch/s
      Epoch 18/20 | Batch 200/1371 | loss=0.2301 | lr=6.08e-07 | 3.8 batch/s
      Epoch 18/20 | Batch 250/1371 | loss=0.2774 | lr=5.93e-07 | 3.8 batch/s
      Epoch 18/20 | Batch 300/1371 | loss=0.2214 | lr=5.78e-07 | 3.8 batch/s
      Epoch 18/20 | Batch 350/1371 | loss=0.4023 | lr=5.63e-07 | 3.8 batch/s
      Epoch 18/20 | Batch 400/1371 | loss=0.4736 | lr=5.48e-07 | 3.8 batch/s
      Epoch 18/20 | Batch 450/1371 | loss=0.1499 | lr=5.34e-07 | 3.8 batch/s
      Epoch 18/20 | Batch 500/1371 | loss=0.2500 | lr=5.20e-07 | 3.8 batch/s
      Epoch 18/20 | Batch 550/1371 | loss=0.1556 | lr=5.06e-07 | 3.8 batch/s
      Epoch 18/20 | Batch 600/1371 | loss=0.2973 | lr=4.92e-07 | 3.8 batch/s
      Epoch 18/20 | Batch 650/1371 | loss=0.3090 | lr=4.78e-07 | 3.8 batch/s
      Epoch 18/20 | Batch 700/1371 | loss=0.2242 | lr=4.65e-07 | 3.8 batch/s
      Epoch 18/20 | Batch 750/1371 | loss=0.1853 | lr=4.51e-07 | 3.8 batch/s
      Epoch 18/20 | Batch 800/1371 | loss=0.1639 | lr=4.38e-07 | 3.8 batch/s
      Epoch 18/20 | Batch 850/1371 | loss=0.3000 | lr=4.25e-07 | 3.8 batch/s
      Epoch 18/20 | Batch 900/1371 | loss=0.0910 | lr=4.12e-07 | 3.8 batch/s
      Epoch 18/20 | Batch 950/1371 | loss=0.1915 | lr=4.00e-07 | 3.8 batch/s
      Epoch 18/20 | Batch 1000/1371 | loss=0.2405 | lr=3.88e-07 | 3.8 batch/s
      Epoch 18/20 | Batch 1050/1371 | loss=0.2570 | lr=3.75e-07 | 3.8 batch/s
      Epoch 18/20 | Batch 1100/1371 | loss=0.1490 | lr=3.63e-07 | 3.8 batch/s
      Epoch 18/20 | Batch 1150/1371 | loss=0.2392 | lr=3.52e-07 | 3.8 batch/s
      Epoch 18/20 | Batch 1200/1371 | loss=0.3748 | lr=3.40e-07 | 3.8 batch/s
      Epoch 18/20 | Batch 1250/1371 | loss=0.3479 | lr=3.28e-07 | 3.8 batch/s
      Epoch 18/20 | Batch 1300/1371 | loss=0.3073 | lr=3.17e-07 | 3.8 batch/s
      Epoch 18/20 | Batch 1350/1371 | loss=0.1310 | lr=3.06e-07 | 3.8 batch/s
      Epoch 18/20 | Batch 1371/1371 | loss=0.2240 | lr=3.02e-07 | 3.8 batch/s
    Epoch 18/20: train_loss=0.2312, 356s
2026-03-21 22:14:11 | INFO  | phase3d |     Epoch 18/20: train_loss=0.2312, 356s
      Epoch 19/20 | Batch 50/1371 | loss=0.1952 | lr=2.91e-07 | 3.9 batch/s
      Epoch 19/20 | Batch 100/1371 | loss=0.1136 | lr=2.80e-07 | 3.9 batch/s
      Epoch 19/20 | Batch 150/1371 | loss=0.1520 | lr=2.70e-07 | 3.9 batch/s
      Epoch 19/20 | Batch 200/1371 | loss=0.2502 | lr=2.60e-07 | 3.9 batch/s
      Epoch 19/20 | Batch 250/1371 | loss=0.1908 | lr=2.49e-07 | 3.9 batch/s
      Epoch 19/20 | Batch 300/1371 | loss=0.2915 | lr=2.40e-07 | 3.9 batch/s
      Epoch 19/20 | Batch 350/1371 | loss=0.1396 | lr=2.30e-07 | 3.9 batch/s
      Epoch 19/20 | Batch 400/1371 | loss=0.1280 | lr=2.21e-07 | 3.9 batch/s
      Epoch 19/20 | Batch 450/1371 | loss=0.1856 | lr=2.11e-07 | 3.9 batch/s
      Epoch 19/20 | Batch 500/1371 | loss=0.1026 | lr=2.02e-07 | 3.9 batch/s
      Epoch 19/20 | Batch 550/1371 | loss=0.1474 | lr=1.93e-07 | 3.9 batch/s
      Epoch 19/20 | Batch 600/1371 | loss=0.1491 | lr=1.85e-07 | 3.9 batch/s
      Epoch 19/20 | Batch 650/1371 | loss=0.2393 | lr=1.76e-07 | 3.9 batch/s
      Epoch 19/20 | Batch 700/1371 | loss=0.2420 | lr=1.68e-07 | 3.9 batch/s
      Epoch 19/20 | Batch 750/1371 | loss=0.3756 | lr=1.60e-07 | 3.9 batch/s
      Epoch 19/20 | Batch 800/1371 | loss=0.2282 | lr=1.52e-07 | 3.9 batch/s
      Epoch 19/20 | Batch 850/1371 | loss=0.2378 | lr=1.44e-07 | 3.9 batch/s
      Epoch 19/20 | Batch 900/1371 | loss=0.1478 | lr=1.37e-07 | 3.9 batch/s
      Epoch 19/20 | Batch 950/1371 | loss=0.1396 | lr=1.30e-07 | 3.9 batch/s
      Epoch 19/20 | Batch 1000/1371 | loss=0.2546 | lr=1.22e-07 | 3.9 batch/s
      Epoch 19/20 | Batch 1050/1371 | loss=0.1213 | lr=1.16e-07 | 3.9 batch/s
      Epoch 19/20 | Batch 1100/1371 | loss=0.1979 | lr=1.09e-07 | 3.9 batch/s
      Epoch 19/20 | Batch 1150/1371 | loss=0.2421 | lr=1.02e-07 | 3.9 batch/s
      Epoch 19/20 | Batch 1200/1371 | loss=0.3228 | lr=9.60e-08 | 3.9 batch/s
      Epoch 19/20 | Batch 1250/1371 | loss=0.1685 | lr=8.99e-08 | 3.9 batch/s
      Epoch 19/20 | Batch 1300/1371 | loss=0.1884 | lr=8.40e-08 | 3.9 batch/s
      Epoch 19/20 | Batch 1350/1371 | loss=0.1870 | lr=7.83e-08 | 3.9 batch/s
      Epoch 19/20 | Batch 1371/1371 | loss=0.1700 | lr=7.60e-08 | 3.9 batch/s
    Epoch 19/20: train_loss=0.2297, 356s
2026-03-21 22:20:07 | INFO  | phase3d |     Epoch 19/20: train_loss=0.2297, 356s
      Epoch 20/20 | Batch 50/1371 | loss=0.3452 | lr=7.05e-08 | 3.8 batch/s
      Epoch 20/20 | Batch 100/1371 | loss=0.3300 | lr=6.53e-08 | 3.8 batch/s
      Epoch 20/20 | Batch 150/1371 | loss=0.1933 | lr=6.03e-08 | 3.9 batch/s
      Epoch 20/20 | Batch 200/1371 | loss=0.1891 | lr=5.55e-08 | 3.9 batch/s
      Epoch 20/20 | Batch 250/1371 | loss=0.2148 | lr=5.08e-08 | 3.9 batch/s
      Epoch 20/20 | Batch 300/1371 | loss=0.1470 | lr=4.64e-08 | 3.9 batch/s
      Epoch 20/20 | Batch 350/1371 | loss=0.2615 | lr=4.22e-08 | 3.9 batch/s
      Epoch 20/20 | Batch 400/1371 | loss=0.1865 | lr=3.82e-08 | 3.9 batch/s
      Epoch 20/20 | Batch 450/1371 | loss=0.2103 | lr=3.43e-08 | 3.9 batch/s
      Epoch 20/20 | Batch 500/1371 | loss=0.1157 | lr=3.07e-08 | 3.9 batch/s
      Epoch 20/20 | Batch 550/1371 | loss=0.2783 | lr=2.73e-08 | 3.9 batch/s
      Epoch 20/20 | Batch 600/1371 | loss=0.2477 | lr=2.41e-08 | 3.9 batch/s
      Epoch 20/20 | Batch 650/1371 | loss=0.3926 | lr=2.10e-08 | 3.9 batch/s
      Epoch 20/20 | Batch 700/1371 | loss=0.2789 | lr=1.82e-08 | 3.9 batch/s
      Epoch 20/20 | Batch 750/1371 | loss=0.0852 | lr=1.56e-08 | 3.9 batch/s
      Epoch 20/20 | Batch 800/1371 | loss=0.2181 | lr=1.32e-08 | 3.9 batch/s
      Epoch 20/20 | Batch 850/1371 | loss=0.1752 | lr=1.10e-08 | 3.9 batch/s
      Epoch 20/20 | Batch 900/1371 | loss=0.3313 | lr=8.99e-09 | 3.9 batch/s
      Epoch 20/20 | Batch 950/1371 | loss=0.2002 | lr=7.18e-09 | 3.9 batch/s
      Epoch 20/20 | Batch 1000/1371 | loss=0.3066 | lr=5.58e-09 | 3.9 batch/s
      Epoch 20/20 | Batch 1050/1371 | loss=0.2072 | lr=4.17e-09 | 3.9 batch/s
      Epoch 20/20 | Batch 1100/1371 | loss=0.2643 | lr=2.98e-09 | 3.9 batch/s
      Epoch 20/20 | Batch 1150/1371 | loss=0.1240 | lr=1.98e-09 | 3.9 batch/s
      Epoch 20/20 | Batch 1200/1371 | loss=0.1142 | lr=1.18e-09 | 3.9 batch/s
      Epoch 20/20 | Batch 1250/1371 | loss=0.2228 | lr=5.93e-10 | 3.9 batch/s
      Epoch 20/20 | Batch 1300/1371 | loss=0.1977 | lr=2.04e-10 | 3.9 batch/s
      Epoch 20/20 | Batch 1350/1371 | loss=0.1381 | lr=1.79e-11 | 3.9 batch/s
      Epoch 20/20 | Batch 1371/1371 | loss=0.1156 | lr=0.00e+00 | 3.9 batch/s
    Epoch 20/20: train_loss=0.2284, 355s
2026-03-21 22:26:02 | INFO  | phase3d |     Epoch 20/20: train_loss=0.2284, 355s
2026-03-21 22:26:17 | INFO  | phase3d |     Screening: /scratch/vishakha.agrawal/antibiotic-selectivity/outputs/runs/run_20260315_034033/results/screening/molformer_ranked_saureus.csv (6739 compounds)
2026-03-21 22:26:17 | INFO  | phase3d | 
  >>> Model 3/7: molformer_paeruginosa <<<
2026-03-21 22:26:17 | INFO  | phase3d | 
  Training molformer_paeruginosa with 5-fold scaffold CV...
2026-03-21 22:26:17 | INFO  | phase3d |     [10_train_molformer.py:molformer_paeruginosa:fold_0] Starting fold 0/5...
2026-03-21 22:26:17 | INFO  | phase3d |     Loading MoLFormer from ibm/MoLFormer-XL-both-10pct...
2026-03-21 22:26:17 | INFO  | phase3d |     transformers version: 4.57.6
A new version of the following files was downloaded from https://huggingface.co/ibm/MoLFormer-XL-both-10pct:
- tokenization_molformer_fast.py
. Make sure to double-check they do not contain any added malicious code. To avoid downloading new versions of the code file, you can pin a revision.
A new version of the following files was downloaded from https://huggingface.co/ibm/MoLFormer-XL-both-10pct:
- configuration_molformer.py
. Make sure to double-check they do not contain any added malicious code. To avoid downloading new versions of the code file, you can pin a revision.
A new version of the following files was downloaded from https://huggingface.co/ibm/MoLFormer-XL-both-10pct:
- modeling_molformer.py
. Make sure to double-check they do not contain any added malicious code. To avoid downloading new versions of the code file, you can pin a revision.
2026-03-21 22:26:21 | INFO  | phase3d |     Encoder: 44.4M params
2026-03-21 22:26:21 | INFO  | phase3d |     Classifier: 769 params
2026-03-21 22:26:21 | INFO  | phase3d |     Device: cuda
2026-03-21 22:26:27 | INFO  | phase3d |     [10_train_molformer.py:molformer_paeruginosa:fold_0] SKIP (cached model), ROC-AUC=0.8162, PR-AUC=0.6681
2026-03-21 22:26:27 | INFO  | phase3d |     [10_train_molformer.py:molformer_paeruginosa:fold_1] Starting fold 1/5...
2026-03-21 22:26:27 | INFO  | phase3d |     Loading MoLFormer from ibm/MoLFormer-XL-both-10pct...
2026-03-21 22:26:27 | INFO  | phase3d |     transformers version: 4.57.6
A new version of the following files was downloaded from https://huggingface.co/ibm/MoLFormer-XL-both-10pct:
- tokenization_molformer_fast.py
. Make sure to double-check they do not contain any added malicious code. To avoid downloading new versions of the code file, you can pin a revision.
A new version of the following files was downloaded from https://huggingface.co/ibm/MoLFormer-XL-both-10pct:
- configuration_molformer.py
. Make sure to double-check they do not contain any added malicious code. To avoid downloading new versions of the code file, you can pin a revision.
A new version of the following files was downloaded from https://huggingface.co/ibm/MoLFormer-XL-both-10pct:
- modeling_molformer.py
. Make sure to double-check they do not contain any added malicious code. To avoid downloading new versions of the code file, you can pin a revision.
2026-03-21 22:26:31 | INFO  | phase3d |     Encoder: 44.4M params
2026-03-21 22:26:31 | INFO  | phase3d |     Classifier: 769 params
2026-03-21 22:26:31 | INFO  | phase3d |     Device: cuda
2026-03-21 22:26:37 | INFO  | phase3d |     [10_train_molformer.py:molformer_paeruginosa:fold_1] SKIP (cached model), ROC-AUC=0.8189, PR-AUC=0.6450
2026-03-21 22:26:37 | INFO  | phase3d |     [10_train_molformer.py:molformer_paeruginosa:fold_2] Starting fold 2/5...
2026-03-21 22:26:37 | INFO  | phase3d |     Loading MoLFormer from ibm/MoLFormer-XL-both-10pct...
2026-03-21 22:26:37 | INFO  | phase3d |     transformers version: 4.57.6
A new version of the following files was downloaded from https://huggingface.co/ibm/MoLFormer-XL-both-10pct:
- tokenization_molformer_fast.py
. Make sure to double-check they do not contain any added malicious code. To avoid downloading new versions of the code file, you can pin a revision.
A new version of the following files was downloaded from https://huggingface.co/ibm/MoLFormer-XL-both-10pct:
- configuration_molformer.py
. Make sure to double-check they do not contain any added malicious code. To avoid downloading new versions of the code file, you can pin a revision.
A new version of the following files was downloaded from https://huggingface.co/ibm/MoLFormer-XL-both-10pct:
- modeling_molformer.py
. Make sure to double-check they do not contain any added malicious code. To avoid downloading new versions of the code file, you can pin a revision.
2026-03-21 22:26:41 | INFO  | phase3d |     Encoder: 44.4M params
2026-03-21 22:26:41 | INFO  | phase3d |     Classifier: 769 params
2026-03-21 22:26:41 | INFO  | phase3d |     Device: cuda
2026-03-21 22:26:47 | INFO  | phase3d |     [10_train_molformer.py:molformer_paeruginosa:fold_2] SKIP (cached model), ROC-AUC=0.8224, PR-AUC=0.6929
2026-03-21 22:26:47 | INFO  | phase3d |     [10_train_molformer.py:molformer_paeruginosa:fold_3] Starting fold 3/5...
2026-03-21 22:26:47 | INFO  | phase3d |     Loading MoLFormer from ibm/MoLFormer-XL-both-10pct...
2026-03-21 22:26:47 | INFO  | phase3d |     transformers version: 4.57.6
A new version of the following files was downloaded from https://huggingface.co/ibm/MoLFormer-XL-both-10pct:
- tokenization_molformer_fast.py
. Make sure to double-check they do not contain any added malicious code. To avoid downloading new versions of the code file, you can pin a revision.
A new version of the following files was downloaded from https://huggingface.co/ibm/MoLFormer-XL-both-10pct:
- configuration_molformer.py
. Make sure to double-check they do not contain any added malicious code. To avoid downloading new versions of the code file, you can pin a revision.
A new version of the following files was downloaded from https://huggingface.co/ibm/MoLFormer-XL-both-10pct:
- modeling_molformer.py
. Make sure to double-check they do not contain any added malicious code. To avoid downloading new versions of the code file, you can pin a revision.
2026-03-21 22:26:51 | INFO  | phase3d |     Encoder: 44.4M params
2026-03-21 22:26:51 | INFO  | phase3d |     Classifier: 769 params
2026-03-21 22:26:51 | INFO  | phase3d |     Device: cuda
2026-03-21 22:26:57 | INFO  | phase3d |     [10_train_molformer.py:molformer_paeruginosa:fold_3] SKIP (cached model), ROC-AUC=0.8345, PR-AUC=0.6599
2026-03-21 22:26:57 | INFO  | phase3d |     [10_train_molformer.py:molformer_paeruginosa:fold_4] Starting fold 4/5...
2026-03-21 22:26:57 | INFO  | phase3d |     Loading MoLFormer from ibm/MoLFormer-XL-both-10pct...
2026-03-21 22:26:57 | INFO  | phase3d |     transformers version: 4.57.6
A new version of the following files was downloaded from https://huggingface.co/ibm/MoLFormer-XL-both-10pct:
- tokenization_molformer_fast.py
. Make sure to double-check they do not contain any added malicious code. To avoid downloading new versions of the code file, you can pin a revision.
A new version of the following files was downloaded from https://huggingface.co/ibm/MoLFormer-XL-both-10pct:
- configuration_molformer.py
. Make sure to double-check they do not contain any added malicious code. To avoid downloading new versions of the code file, you can pin a revision.
A new version of the following files was downloaded from https://huggingface.co/ibm/MoLFormer-XL-both-10pct:
- modeling_molformer.py
. Make sure to double-check they do not contain any added malicious code. To avoid downloading new versions of the code file, you can pin a revision.
2026-03-21 22:27:01 | INFO  | phase3d |     Encoder: 44.4M params
2026-03-21 22:27:01 | INFO  | phase3d |     Classifier: 769 params
2026-03-21 22:27:01 | INFO  | phase3d |     Device: cuda
2026-03-21 22:27:07 | INFO  | phase3d |     [10_train_molformer.py:molformer_paeruginosa:fold_4] SKIP (cached model), ROC-AUC=0.8456, PR-AUC=0.6995
2026-03-21 22:27:07 | INFO  | phase3d |   molformer_paeruginosa CV: ROC-AUC = 0.8275 +/- 0.0110
2026-03-21 22:27:07 | INFO  | phase3d |   molformer_paeruginosa: 50s
2026-03-21 22:27:07 | INFO  | phase3d |     Training final molformer_paeruginosa on all 17783 samples...
2026-03-21 22:27:07 | INFO  | phase3d |     Loading MoLFormer from ibm/MoLFormer-XL-both-10pct...
2026-03-21 22:27:07 | INFO  | phase3d |     transformers version: 4.57.6
A new version of the following files was downloaded from https://huggingface.co/ibm/MoLFormer-XL-both-10pct:
- tokenization_molformer_fast.py
. Make sure to double-check they do not contain any added malicious code. To avoid downloading new versions of the code file, you can pin a revision.
A new version of the following files was downloaded from https://huggingface.co/ibm/MoLFormer-XL-both-10pct:
- configuration_molformer.py
. Make sure to double-check they do not contain any added malicious code. To avoid downloading new versions of the code file, you can pin a revision.
A new version of the following files was downloaded from https://huggingface.co/ibm/MoLFormer-XL-both-10pct:
- modeling_molformer.py
. Make sure to double-check they do not contain any added malicious code. To avoid downloading new versions of the code file, you can pin a revision.
2026-03-21 22:27:11 | INFO  | phase3d |     Encoder: 44.4M params
2026-03-21 22:27:11 | INFO  | phase3d |     Classifier: 769 params
2026-03-21 22:27:11 | INFO  | phase3d |     Device: cuda
2026-03-21 22:27:11 | INFO  | phase3d |     Tokenizing 17783 training SMILES...
2026-03-21 22:27:14 | INFO  | phase3d |     Tokenized in 3.2s, input shape: torch.Size([17783, 202])
2026-03-21 22:27:14 | INFO  | phase3d |     Training: 20 epochs, 556 batches/epoch, batch_size=32, 17783 compounds
2026-03-21 22:27:14 | INFO  | phase3d |     LR: encoder=1e-05, classifier=0.0001, warmup=1112/11120 steps
      Epoch 1/20 | Batch 50/556 | loss=0.7309 | lr=4.50e-07 | 4.3 batch/s
      Epoch 1/20 | Batch 100/556 | loss=0.6869 | lr=8.99e-07 | 4.2 batch/s
      Epoch 1/20 | Batch 150/556 | loss=0.5557 | lr=1.35e-06 | 4.1 batch/s
      Epoch 1/20 | Batch 200/556 | loss=0.4411 | lr=1.80e-06 | 4.0 batch/s
      Epoch 1/20 | Batch 250/556 | loss=0.4126 | lr=2.25e-06 | 4.0 batch/s
      Epoch 1/20 | Batch 300/556 | loss=0.5227 | lr=2.70e-06 | 4.0 batch/s
      Epoch 1/20 | Batch 350/556 | loss=0.5951 | lr=3.15e-06 | 4.0 batch/s
      Epoch 1/20 | Batch 400/556 | loss=0.6001 | lr=3.60e-06 | 4.0 batch/s
      Epoch 1/20 | Batch 450/556 | loss=0.6818 | lr=4.05e-06 | 3.9 batch/s
      Epoch 1/20 | Batch 500/556 | loss=0.3511 | lr=4.50e-06 | 3.9 batch/s
      Epoch 1/20 | Batch 550/556 | loss=0.3396 | lr=4.95e-06 | 3.9 batch/s
      Epoch 1/20 | Batch 556/556 | loss=0.2493 | lr=5.00e-06 | 3.9 batch/s
    Epoch 1/20: train_loss=0.5542, 141s
2026-03-21 22:29:35 | INFO  | phase3d |     Epoch 1/20: train_loss=0.5542, 141s
      Epoch 2/20 | Batch 50/556 | loss=0.6295 | lr=5.45e-06 | 3.9 batch/s
      Epoch 2/20 | Batch 100/556 | loss=0.6151 | lr=5.90e-06 | 3.9 batch/s
      Epoch 2/20 | Batch 150/556 | loss=0.6224 | lr=6.35e-06 | 3.9 batch/s
      Epoch 2/20 | Batch 200/556 | loss=0.4821 | lr=6.80e-06 | 3.9 batch/s
      Epoch 2/20 | Batch 250/556 | loss=0.6443 | lr=7.25e-06 | 3.9 batch/s
      Epoch 2/20 | Batch 300/556 | loss=0.2346 | lr=7.70e-06 | 3.9 batch/s
      Epoch 2/20 | Batch 350/556 | loss=0.4546 | lr=8.15e-06 | 3.9 batch/s
      Epoch 2/20 | Batch 400/556 | loss=0.5279 | lr=8.60e-06 | 3.9 batch/s
      Epoch 2/20 | Batch 450/556 | loss=0.2838 | lr=9.05e-06 | 3.9 batch/s
      Epoch 2/20 | Batch 500/556 | loss=0.4525 | lr=9.50e-06 | 3.9 batch/s
      Epoch 2/20 | Batch 550/556 | loss=0.5182 | lr=9.95e-06 | 3.9 batch/s
      Epoch 2/20 | Batch 556/556 | loss=0.2350 | lr=1.00e-05 | 3.9 batch/s
    Epoch 2/20: train_loss=0.4345, 144s
2026-03-21 22:31:59 | INFO  | phase3d |     Epoch 2/20: train_loss=0.4345, 144s
      Epoch 3/20 | Batch 50/556 | loss=0.4726 | lr=1.00e-05 | 3.9 batch/s
      Epoch 3/20 | Batch 100/556 | loss=0.3671 | lr=1.00e-05 | 3.9 batch/s
      Epoch 3/20 | Batch 150/556 | loss=0.4198 | lr=9.99e-06 | 3.9 batch/s
      Epoch 3/20 | Batch 200/556 | loss=0.3836 | lr=9.99e-06 | 3.9 batch/s
      Epoch 3/20 | Batch 250/556 | loss=0.2790 | lr=9.98e-06 | 3.9 batch/s
      Epoch 3/20 | Batch 300/556 | loss=0.3701 | lr=9.98e-06 | 3.9 batch/s
      Epoch 3/20 | Batch 350/556 | loss=0.3336 | lr=9.97e-06 | 3.9 batch/s
      Epoch 3/20 | Batch 400/556 | loss=0.5146 | lr=9.96e-06 | 3.9 batch/s
      Epoch 3/20 | Batch 450/556 | loss=0.3639 | lr=9.95e-06 | 3.9 batch/s
      Epoch 3/20 | Batch 500/556 | loss=0.3097 | lr=9.94e-06 | 3.9 batch/s
      Epoch 3/20 | Batch 550/556 | loss=0.5215 | lr=9.93e-06 | 3.9 batch/s
      Epoch 3/20 | Batch 556/556 | loss=0.4186 | lr=9.92e-06 | 3.9 batch/s
    Epoch 3/20: train_loss=0.3954, 144s
2026-03-21 22:34:23 | INFO  | phase3d |     Epoch 3/20: train_loss=0.3954, 144s
      Epoch 4/20 | Batch 50/556 | loss=0.3022 | lr=9.91e-06 | 3.9 batch/s
      Epoch 4/20 | Batch 100/556 | loss=0.4283 | lr=9.89e-06 | 3.9 batch/s
      Epoch 4/20 | Batch 150/556 | loss=0.3499 | lr=9.88e-06 | 3.9 batch/s
      Epoch 4/20 | Batch 200/556 | loss=0.2275 | lr=9.86e-06 | 3.9 batch/s
      Epoch 4/20 | Batch 250/556 | loss=0.3107 | lr=9.84e-06 | 3.9 batch/s
      Epoch 4/20 | Batch 300/556 | loss=0.2205 | lr=9.82e-06 | 3.9 batch/s
      Epoch 4/20 | Batch 350/556 | loss=0.2082 | lr=9.80e-06 | 3.9 batch/s
      Epoch 4/20 | Batch 400/556 | loss=0.3038 | lr=9.78e-06 | 3.9 batch/s
      Epoch 4/20 | Batch 450/556 | loss=0.4443 | lr=9.75e-06 | 3.9 batch/s
      Epoch 4/20 | Batch 500/556 | loss=0.4352 | lr=9.73e-06 | 3.9 batch/s
      Epoch 4/20 | Batch 550/556 | loss=0.5889 | lr=9.70e-06 | 3.9 batch/s
      Epoch 4/20 | Batch 556/556 | loss=0.4123 | lr=9.70e-06 | 3.9 batch/s
    Epoch 4/20: train_loss=0.3547, 144s
2026-03-21 22:36:47 | INFO  | phase3d |     Epoch 4/20: train_loss=0.3547, 144s
      Epoch 5/20 | Batch 50/556 | loss=0.3940 | lr=9.67e-06 | 3.9 batch/s
      Epoch 5/20 | Batch 100/556 | loss=0.3817 | lr=9.64e-06 | 3.9 batch/s
      Epoch 5/20 | Batch 150/556 | loss=0.2861 | lr=9.61e-06 | 3.9 batch/s
      Epoch 5/20 | Batch 200/556 | loss=0.3015 | lr=9.58e-06 | 3.9 batch/s
      Epoch 5/20 | Batch 250/556 | loss=0.4585 | lr=9.55e-06 | 3.9 batch/s
      Epoch 5/20 | Batch 300/556 | loss=0.3645 | lr=9.52e-06 | 3.9 batch/s
      Epoch 5/20 | Batch 350/556 | loss=0.1783 | lr=9.48e-06 | 3.9 batch/s
      Epoch 5/20 | Batch 400/556 | loss=0.1414 | lr=9.45e-06 | 3.9 batch/s
      Epoch 5/20 | Batch 450/556 | loss=0.3857 | lr=9.41e-06 | 3.9 batch/s
      Epoch 5/20 | Batch 500/556 | loss=0.4532 | lr=9.37e-06 | 3.9 batch/s
      Epoch 5/20 | Batch 550/556 | loss=0.3679 | lr=9.33e-06 | 3.9 batch/s
      Epoch 5/20 | Batch 556/556 | loss=0.3760 | lr=9.33e-06 | 3.9 batch/s
    Epoch 5/20: train_loss=0.3289, 144s
2026-03-21 22:39:11 | INFO  | phase3d |     Epoch 5/20: train_loss=0.3289, 144s
      Epoch 6/20 | Batch 50/556 | loss=0.3243 | lr=9.29e-06 | 3.9 batch/s
      Epoch 6/20 | Batch 100/556 | loss=0.3673 | lr=9.25e-06 | 3.9 batch/s
      Epoch 6/20 | Batch 150/556 | loss=0.4758 | lr=9.21e-06 | 3.9 batch/s
      Epoch 6/20 | Batch 200/556 | loss=0.2420 | lr=9.16e-06 | 3.9 batch/s
      Epoch 6/20 | Batch 250/556 | loss=0.2781 | lr=9.12e-06 | 3.9 batch/s
      Epoch 6/20 | Batch 300/556 | loss=0.3416 | lr=9.08e-06 | 3.9 batch/s
      Epoch 6/20 | Batch 350/556 | loss=0.1724 | lr=9.03e-06 | 3.9 batch/s
      Epoch 6/20 | Batch 400/556 | loss=0.1788 | lr=8.98e-06 | 3.9 batch/s
      Epoch 6/20 | Batch 450/556 | loss=0.3343 | lr=8.94e-06 | 3.9 batch/s
      Epoch 6/20 | Batch 500/556 | loss=0.1367 | lr=8.89e-06 | 3.9 batch/s
      Epoch 6/20 | Batch 550/556 | loss=0.1348 | lr=8.84e-06 | 3.9 batch/s
      Epoch 6/20 | Batch 556/556 | loss=0.4627 | lr=8.83e-06 | 3.9 batch/s
    Epoch 6/20: train_loss=0.3072, 144s
2026-03-21 22:41:35 | INFO  | phase3d |     Epoch 6/20: train_loss=0.3072, 144s
      Epoch 7/20 | Batch 50/556 | loss=0.2471 | lr=8.78e-06 | 3.9 batch/s
      Epoch 7/20 | Batch 100/556 | loss=0.2241 | lr=8.73e-06 | 3.9 batch/s
      Epoch 7/20 | Batch 150/556 | loss=0.2093 | lr=8.67e-06 | 3.9 batch/s
      Epoch 7/20 | Batch 200/556 | loss=0.3037 | lr=8.62e-06 | 3.9 batch/s
      Epoch 7/20 | Batch 250/556 | loss=0.1362 | lr=8.57e-06 | 3.9 batch/s
      Epoch 7/20 | Batch 300/556 | loss=0.3601 | lr=8.51e-06 | 3.9 batch/s
      Epoch 7/20 | Batch 350/556 | loss=0.1696 | lr=8.45e-06 | 3.9 batch/s
      Epoch 7/20 | Batch 400/556 | loss=0.2613 | lr=8.40e-06 | 3.9 batch/s
      Epoch 7/20 | Batch 450/556 | loss=0.1072 | lr=8.34e-06 | 3.9 batch/s
      Epoch 7/20 | Batch 500/556 | loss=0.3556 | lr=8.28e-06 | 3.9 batch/s
      Epoch 7/20 | Batch 550/556 | loss=0.3072 | lr=8.22e-06 | 3.9 batch/s
      Epoch 7/20 | Batch 556/556 | loss=0.1642 | lr=8.21e-06 | 3.9 batch/s
    Epoch 7/20: train_loss=0.2871, 144s
2026-03-21 22:43:59 | INFO  | phase3d |     Epoch 7/20: train_loss=0.2871, 144s
      Epoch 8/20 | Batch 50/556 | loss=0.2556 | lr=8.15e-06 | 3.9 batch/s
      Epoch 8/20 | Batch 100/556 | loss=0.2134 | lr=8.09e-06 | 3.9 batch/s
      Epoch 8/20 | Batch 150/556 | loss=0.3287 | lr=8.03e-06 | 3.9 batch/s
      Epoch 8/20 | Batch 200/556 | loss=0.2046 | lr=7.97e-06 | 3.9 batch/s
      Epoch 8/20 | Batch 250/556 | loss=0.2726 | lr=7.90e-06 | 3.9 batch/s
      Epoch 8/20 | Batch 300/556 | loss=0.3117 | lr=7.84e-06 | 3.9 batch/s
      Epoch 8/20 | Batch 350/556 | loss=0.2524 | lr=7.77e-06 | 3.9 batch/s
      Epoch 8/20 | Batch 400/556 | loss=0.2136 | lr=7.71e-06 | 3.9 batch/s
      Epoch 8/20 | Batch 450/556 | loss=0.3244 | lr=7.64e-06 | 3.9 batch/s
      Epoch 8/20 | Batch 500/556 | loss=0.3144 | lr=7.58e-06 | 3.9 batch/s
      Epoch 8/20 | Batch 550/556 | loss=0.4566 | lr=7.51e-06 | 3.9 batch/s
      Epoch 8/20 | Batch 556/556 | loss=0.1386 | lr=7.50e-06 | 3.9 batch/s
    Epoch 8/20: train_loss=0.2723, 144s
2026-03-21 22:46:23 | INFO  | phase3d |     Epoch 8/20: train_loss=0.2723, 144s
      Epoch 9/20 | Batch 50/556 | loss=0.2742 | lr=7.43e-06 | 3.9 batch/s
      Epoch 9/20 | Batch 100/556 | loss=0.2498 | lr=7.36e-06 | 3.9 batch/s
      Epoch 9/20 | Batch 150/556 | loss=0.2882 | lr=7.29e-06 | 3.9 batch/s
      Epoch 9/20 | Batch 200/556 | loss=0.2369 | lr=7.22e-06 | 3.9 batch/s
      Epoch 9/20 | Batch 250/556 | loss=0.1256 | lr=7.15e-06 | 3.9 batch/s
      Epoch 9/20 | Batch 300/556 | loss=0.1478 | lr=7.08e-06 | 3.9 batch/s
      Epoch 9/20 | Batch 350/556 | loss=0.2074 | lr=7.01e-06 | 3.9 batch/s
      Epoch 9/20 | Batch 400/556 | loss=0.3995 | lr=6.94e-06 | 3.9 batch/s
      Epoch 9/20 | Batch 450/556 | loss=0.3420 | lr=6.87e-06 | 3.9 batch/s
      Epoch 9/20 | Batch 500/556 | loss=0.1903 | lr=6.79e-06 | 3.9 batch/s
      Epoch 9/20 | Batch 550/556 | loss=0.2251 | lr=6.72e-06 | 3.9 batch/s
      Epoch 9/20 | Batch 556/556 | loss=0.3419 | lr=6.71e-06 | 3.9 batch/s
    Epoch 9/20: train_loss=0.2585, 144s
2026-03-21 22:48:47 | INFO  | phase3d |     Epoch 9/20: train_loss=0.2585, 144s
      Epoch 10/20 | Batch 50/556 | loss=0.1416 | lr=6.64e-06 | 3.9 batch/s
      Epoch 10/20 | Batch 100/556 | loss=0.2091 | lr=6.56e-06 | 3.9 batch/s
      Epoch 10/20 | Batch 150/556 | loss=0.1338 | lr=6.49e-06 | 3.9 batch/s
      Epoch 10/20 | Batch 200/556 | loss=0.1067 | lr=6.41e-06 | 3.9 batch/s
      Epoch 10/20 | Batch 250/556 | loss=0.3712 | lr=6.34e-06 | 3.9 batch/s
      Epoch 10/20 | Batch 300/556 | loss=0.4961 | lr=6.26e-06 | 3.9 batch/s
      Epoch 10/20 | Batch 350/556 | loss=0.2281 | lr=6.18e-06 | 3.9 batch/s
      Epoch 10/20 | Batch 400/556 | loss=0.1260 | lr=6.11e-06 | 3.9 batch/s
      Epoch 10/20 | Batch 450/556 | loss=0.2534 | lr=6.03e-06 | 3.9 batch/s
      Epoch 10/20 | Batch 500/556 | loss=0.1944 | lr=5.95e-06 | 3.9 batch/s
      Epoch 10/20 | Batch 550/556 | loss=0.4689 | lr=5.88e-06 | 3.9 batch/s
      Epoch 10/20 | Batch 556/556 | loss=0.1550 | lr=5.87e-06 | 3.9 batch/s
    Epoch 10/20: train_loss=0.2450, 144s
2026-03-21 22:51:11 | INFO  | phase3d |     Epoch 10/20: train_loss=0.2450, 144s
      Epoch 11/20 | Batch 50/556 | loss=0.2757 | lr=5.79e-06 | 3.9 batch/s
      Epoch 11/20 | Batch 100/556 | loss=0.2684 | lr=5.71e-06 | 3.8 batch/s
      Epoch 11/20 | Batch 150/556 | loss=0.1010 | lr=5.64e-06 | 3.8 batch/s
      Epoch 11/20 | Batch 200/556 | loss=0.2970 | lr=5.56e-06 | 3.8 batch/s
      Epoch 11/20 | Batch 250/556 | loss=0.2513 | lr=5.48e-06 | 3.9 batch/s
      Epoch 11/20 | Batch 300/556 | loss=0.3353 | lr=5.40e-06 | 3.9 batch/s
      Epoch 11/20 | Batch 350/556 | loss=0.2298 | lr=5.32e-06 | 3.8 batch/s
      Epoch 11/20 | Batch 400/556 | loss=0.4682 | lr=5.24e-06 | 3.8 batch/s
      Epoch 11/20 | Batch 450/556 | loss=0.2440 | lr=5.17e-06 | 3.8 batch/s
      Epoch 11/20 | Batch 500/556 | loss=0.2080 | lr=5.09e-06 | 3.8 batch/s
      Epoch 11/20 | Batch 550/556 | loss=0.1559 | lr=5.01e-06 | 3.9 batch/s
      Epoch 11/20 | Batch 556/556 | loss=0.3390 | lr=5.00e-06 | 3.9 batch/s
    Epoch 11/20: train_loss=0.2356, 144s
2026-03-21 22:53:35 | INFO  | phase3d |     Epoch 11/20: train_loss=0.2356, 144s
      Epoch 12/20 | Batch 50/556 | loss=0.2557 | lr=4.92e-06 | 3.9 batch/s
      Epoch 12/20 | Batch 100/556 | loss=0.2673 | lr=4.84e-06 | 3.9 batch/s
      Epoch 12/20 | Batch 150/556 | loss=0.1328 | lr=4.76e-06 | 3.9 batch/s
      Epoch 12/20 | Batch 200/556 | loss=0.2451 | lr=4.69e-06 | 3.9 batch/s
      Epoch 12/20 | Batch 250/556 | loss=0.1829 | lr=4.61e-06 | 3.9 batch/s
      Epoch 12/20 | Batch 300/556 | loss=0.1439 | lr=4.53e-06 | 3.9 batch/s
      Epoch 12/20 | Batch 350/556 | loss=0.3133 | lr=4.45e-06 | 3.9 batch/s
      Epoch 12/20 | Batch 400/556 | loss=0.1085 | lr=4.37e-06 | 3.9 batch/s
      Epoch 12/20 | Batch 450/556 | loss=0.2258 | lr=4.30e-06 | 3.9 batch/s
      Epoch 12/20 | Batch 500/556 | loss=0.0933 | lr=4.22e-06 | 3.9 batch/s
      Epoch 12/20 | Batch 550/556 | loss=0.2588 | lr=4.14e-06 | 3.9 batch/s
      Epoch 12/20 | Batch 556/556 | loss=0.1779 | lr=4.13e-06 | 3.9 batch/s
    Epoch 12/20: train_loss=0.2234, 144s
2026-03-21 22:55:59 | INFO  | phase3d |     Epoch 12/20: train_loss=0.2234, 144s
      Epoch 13/20 | Batch 50/556 | loss=0.1651 | lr=4.05e-06 | 3.8 batch/s
      Epoch 13/20 | Batch 100/556 | loss=0.3827 | lr=3.98e-06 | 3.9 batch/s
      Epoch 13/20 | Batch 150/556 | loss=0.1909 | lr=3.90e-06 | 3.9 batch/s
      Epoch 13/20 | Batch 200/556 | loss=0.2428 | lr=3.82e-06 | 3.9 batch/s
      Epoch 13/20 | Batch 250/556 | loss=0.3622 | lr=3.75e-06 | 3.9 batch/s
      Epoch 13/20 | Batch 300/556 | loss=0.3223 | lr=3.67e-06 | 3.9 batch/s
      Epoch 13/20 | Batch 350/556 | loss=0.2147 | lr=3.60e-06 | 3.9 batch/s
      Epoch 13/20 | Batch 400/556 | loss=0.5426 | lr=3.52e-06 | 3.9 batch/s
      Epoch 13/20 | Batch 450/556 | loss=0.1515 | lr=3.45e-06 | 3.9 batch/s
      Epoch 13/20 | Batch 500/556 | loss=0.2559 | lr=3.37e-06 | 3.9 batch/s
      Epoch 13/20 | Batch 550/556 | loss=0.2621 | lr=3.30e-06 | 3.9 batch/s
      Epoch 13/20 | Batch 556/556 | loss=0.1370 | lr=3.29e-06 | 3.9 batch/s
    Epoch 13/20: train_loss=0.2164, 144s
2026-03-21 22:58:24 | INFO  | phase3d |     Epoch 13/20: train_loss=0.2164, 144s
      Epoch 14/20 | Batch 50/556 | loss=0.2603 | lr=3.22e-06 | 3.8 batch/s
      Epoch 14/20 | Batch 100/556 | loss=0.2106 | lr=3.14e-06 | 3.8 batch/s
      Epoch 14/20 | Batch 150/556 | loss=0.5197 | lr=3.07e-06 | 3.9 batch/s
      Epoch 14/20 | Batch 200/556 | loss=0.0909 | lr=3.00e-06 | 3.9 batch/s
      Epoch 14/20 | Batch 250/556 | loss=0.1838 | lr=2.93e-06 | 3.9 batch/s
      Epoch 14/20 | Batch 300/556 | loss=0.2684 | lr=2.86e-06 | 3.9 batch/s
      Epoch 14/20 | Batch 350/556 | loss=0.4117 | lr=2.79e-06 | 3.9 batch/s
      Epoch 14/20 | Batch 400/556 | loss=0.2006 | lr=2.71e-06 | 3.9 batch/s
      Epoch 14/20 | Batch 450/556 | loss=0.3005 | lr=2.65e-06 | 3.9 batch/s
      Epoch 14/20 | Batch 500/556 | loss=0.0589 | lr=2.58e-06 | 3.9 batch/s
      Epoch 14/20 | Batch 550/556 | loss=0.2092 | lr=2.51e-06 | 3.9 batch/s
      Epoch 14/20 | Batch 556/556 | loss=0.1886 | lr=2.50e-06 | 3.9 batch/s
    Epoch 14/20: train_loss=0.2078, 144s
2026-03-21 23:00:48 | INFO  | phase3d |     Epoch 14/20: train_loss=0.2078, 144s
      Epoch 15/20 | Batch 50/556 | loss=0.2241 | lr=2.43e-06 | 3.8 batch/s
      Epoch 15/20 | Batch 100/556 | loss=0.1933 | lr=2.37e-06 | 3.9 batch/s
      Epoch 15/20 | Batch 150/556 | loss=0.5029 | lr=2.30e-06 | 3.8 batch/s
      Epoch 15/20 | Batch 200/556 | loss=0.4016 | lr=2.23e-06 | 3.8 batch/s
      Epoch 15/20 | Batch 250/556 | loss=0.0781 | lr=2.17e-06 | 3.8 batch/s
      Epoch 15/20 | Batch 300/556 | loss=0.1653 | lr=2.10e-06 | 3.8 batch/s
      Epoch 15/20 | Batch 350/556 | loss=0.2284 | lr=2.04e-06 | 3.8 batch/s
      Epoch 15/20 | Batch 400/556 | loss=0.0863 | lr=1.98e-06 | 3.9 batch/s
      Epoch 15/20 | Batch 450/556 | loss=0.2517 | lr=1.92e-06 | 3.9 batch/s
      Epoch 15/20 | Batch 500/556 | loss=0.3880 | lr=1.85e-06 | 3.9 batch/s
      Epoch 15/20 | Batch 550/556 | loss=0.1714 | lr=1.79e-06 | 3.9 batch/s
      Epoch 15/20 | Batch 556/556 | loss=0.0983 | lr=1.79e-06 | 3.9 batch/s
    Epoch 15/20: train_loss=0.2006, 144s
2026-03-21 23:03:12 | INFO  | phase3d |     Epoch 15/20: train_loss=0.2006, 144s
      Epoch 16/20 | Batch 50/556 | loss=0.1326 | lr=1.73e-06 | 3.9 batch/s
      Epoch 16/20 | Batch 100/556 | loss=0.0774 | lr=1.67e-06 | 3.9 batch/s
      Epoch 16/20 | Batch 150/556 | loss=0.0795 | lr=1.61e-06 | 3.9 batch/s
      Epoch 16/20 | Batch 200/556 | loss=0.1289 | lr=1.55e-06 | 3.9 batch/s
      Epoch 16/20 | Batch 250/556 | loss=0.2231 | lr=1.50e-06 | 3.9 batch/s
      Epoch 16/20 | Batch 300/556 | loss=0.1885 | lr=1.44e-06 | 3.9 batch/s
      Epoch 16/20 | Batch 350/556 | loss=0.2094 | lr=1.39e-06 | 3.9 batch/s
      Epoch 16/20 | Batch 400/556 | loss=0.2360 | lr=1.33e-06 | 3.9 batch/s
      Epoch 16/20 | Batch 450/556 | loss=0.2897 | lr=1.28e-06 | 3.9 batch/s
      Epoch 16/20 | Batch 500/556 | loss=0.1455 | lr=1.23e-06 | 3.9 batch/s
      Epoch 16/20 | Batch 550/556 | loss=0.2364 | lr=1.18e-06 | 3.9 batch/s
      Epoch 16/20 | Batch 556/556 | loss=0.2219 | lr=1.17e-06 | 3.9 batch/s
    Epoch 16/20: train_loss=0.1988, 144s
2026-03-21 23:05:36 | INFO  | phase3d |     Epoch 16/20: train_loss=0.1988, 144s
      Epoch 17/20 | Batch 50/556 | loss=0.1270 | lr=1.12e-06 | 3.8 batch/s
      Epoch 17/20 | Batch 100/556 | loss=0.1378 | lr=1.07e-06 | 3.9 batch/s
      Epoch 17/20 | Batch 150/556 | loss=0.1222 | lr=1.02e-06 | 3.9 batch/s
      Epoch 17/20 | Batch 200/556 | loss=0.2870 | lr=9.76e-07 | 3.9 batch/s
      Epoch 17/20 | Batch 250/556 | loss=0.2782 | lr=9.30e-07 | 3.8 batch/s
      Epoch 17/20 | Batch 300/556 | loss=0.0684 | lr=8.85e-07 | 3.8 batch/s
      Epoch 17/20 | Batch 350/556 | loss=0.1364 | lr=8.40e-07 | 3.8 batch/s
      Epoch 17/20 | Batch 400/556 | loss=0.1436 | lr=7.97e-07 | 3.8 batch/s
      Epoch 17/20 | Batch 450/556 | loss=0.0652 | lr=7.55e-07 | 3.8 batch/s
      Epoch 17/20 | Batch 500/556 | loss=0.2103 | lr=7.14e-07 | 3.8 batch/s
      Epoch 17/20 | Batch 550/556 | loss=0.1858 | lr=6.75e-07 | 3.8 batch/s
      Epoch 17/20 | Batch 556/556 | loss=0.0526 | lr=6.70e-07 | 3.8 batch/s
    Epoch 17/20: train_loss=0.1960, 145s
2026-03-21 23:08:01 | INFO  | phase3d |     Epoch 17/20: train_loss=0.1960, 145s
      Epoch 18/20 | Batch 50/556 | loss=0.1158 | lr=6.31e-07 | 3.8 batch/s
      Epoch 18/20 | Batch 100/556 | loss=0.1466 | lr=5.94e-07 | 3.8 batch/s
      Epoch 18/20 | Batch 150/556 | loss=0.1548 | lr=5.57e-07 | 3.8 batch/s
      Epoch 18/20 | Batch 200/556 | loss=0.1621 | lr=5.22e-07 | 3.8 batch/s
      Epoch 18/20 | Batch 250/556 | loss=0.1698 | lr=4.87e-07 | 3.8 batch/s
      Epoch 18/20 | Batch 300/556 | loss=0.1810 | lr=4.54e-07 | 3.8 batch/s
      Epoch 18/20 | Batch 350/556 | loss=0.2360 | lr=4.22e-07 | 3.8 batch/s
      Epoch 18/20 | Batch 400/556 | loss=0.1495 | lr=3.91e-07 | 3.8 batch/s
      Epoch 18/20 | Batch 450/556 | loss=0.3033 | lr=3.61e-07 | 3.9 batch/s
      Epoch 18/20 | Batch 500/556 | loss=0.1054 | lr=3.32e-07 | 3.9 batch/s
      Epoch 18/20 | Batch 550/556 | loss=0.1515 | lr=3.05e-07 | 3.9 batch/s
      Epoch 18/20 | Batch 556/556 | loss=0.1898 | lr=3.02e-07 | 3.9 batch/s
    Epoch 18/20: train_loss=0.1887, 144s
2026-03-21 23:10:25 | INFO  | phase3d |     Epoch 18/20: train_loss=0.1887, 144s
      Epoch 19/20 | Batch 50/556 | loss=0.2129 | lr=2.75e-07 | 3.9 batch/s
      Epoch 19/20 | Batch 100/556 | loss=0.2559 | lr=2.50e-07 | 3.9 batch/s
      Epoch 19/20 | Batch 150/556 | loss=0.2019 | lr=2.26e-07 | 3.9 batch/s
      Epoch 19/20 | Batch 200/556 | loss=0.1622 | lr=2.04e-07 | 3.9 batch/s
      Epoch 19/20 | Batch 250/556 | loss=0.1658 | lr=1.82e-07 | 3.9 batch/s
      Epoch 19/20 | Batch 300/556 | loss=0.2077 | lr=1.62e-07 | 3.9 batch/s
      Epoch 19/20 | Batch 350/556 | loss=0.0958 | lr=1.42e-07 | 3.9 batch/s
      Epoch 19/20 | Batch 400/556 | loss=0.2239 | lr=1.24e-07 | 3.9 batch/s
      Epoch 19/20 | Batch 450/556 | loss=0.1727 | lr=1.08e-07 | 3.9 batch/s
      Epoch 19/20 | Batch 500/556 | loss=0.1306 | lr=9.20e-08 | 3.9 batch/s
      Epoch 19/20 | Batch 550/556 | loss=0.2709 | lr=7.76e-08 | 3.9 batch/s
      Epoch 19/20 | Batch 556/556 | loss=0.0848 | lr=7.60e-08 | 3.9 batch/s
    Epoch 19/20: train_loss=0.1892, 144s
2026-03-21 23:12:49 | INFO  | phase3d |     Epoch 19/20: train_loss=0.1892, 144s
      Epoch 20/20 | Batch 50/556 | loss=0.3294 | lr=6.29e-08 | 3.9 batch/s
      Epoch 20/20 | Batch 100/556 | loss=0.1458 | lr=5.11e-08 | 3.9 batch/s
      Epoch 20/20 | Batch 150/556 | loss=0.1140 | lr=4.06e-08 | 3.9 batch/s
      Epoch 20/20 | Batch 200/556 | loss=0.2569 | lr=3.12e-08 | 3.9 batch/s
      Epoch 20/20 | Batch 250/556 | loss=0.1806 | lr=2.30e-08 | 3.9 batch/s
      Epoch 20/20 | Batch 300/556 | loss=0.0901 | lr=1.61e-08 | 3.9 batch/s
      Epoch 20/20 | Batch 350/556 | loss=0.1179 | lr=1.05e-08 | 3.9 batch/s
      Epoch 20/20 | Batch 400/556 | loss=0.0686 | lr=5.99e-09 | 3.9 batch/s
      Epoch 20/20 | Batch 450/556 | loss=0.3789 | lr=2.77e-09 | 3.9 batch/s
      Epoch 20/20 | Batch 500/556 | loss=0.1584 | lr=7.73e-10 | 3.9 batch/s
      Epoch 20/20 | Batch 550/556 | loss=0.1767 | lr=8.87e-12 | 3.9 batch/s
      Epoch 20/20 | Batch 556/556 | loss=0.2494 | lr=0.00e+00 | 3.9 batch/s
    Epoch 20/20: train_loss=0.1849, 144s
2026-03-21 23:15:13 | INFO  | phase3d |     Epoch 20/20: train_loss=0.1849, 144s
2026-03-21 23:15:27 | INFO  | phase3d |     Screening: /scratch/vishakha.agrawal/antibiotic-selectivity/outputs/runs/run_20260315_034033/results/screening/molformer_ranked_paeruginosa.csv (6739 compounds)
2026-03-21 23:15:27 | INFO  | phase3d | 
  >>> Model 4/7: molformer_mtb <<<
2026-03-21 23:15:27 | INFO  | phase3d | 
  Training molformer_mtb with 5-fold scaffold CV...
2026-03-21 23:15:27 | INFO  | phase3d |     [10_train_molformer.py:molformer_mtb:fold_0] Starting fold 0/5...
2026-03-21 23:15:27 | INFO  | phase3d |     Loading MoLFormer from ibm/MoLFormer-XL-both-10pct...
2026-03-21 23:15:27 | INFO  | phase3d |     transformers version: 4.57.6
A new version of the following files was downloaded from https://huggingface.co/ibm/MoLFormer-XL-both-10pct:
- tokenization_molformer_fast.py
. Make sure to double-check they do not contain any added malicious code. To avoid downloading new versions of the code file, you can pin a revision.
A new version of the following files was downloaded from https://huggingface.co/ibm/MoLFormer-XL-both-10pct:
- configuration_molformer.py
. Make sure to double-check they do not contain any added malicious code. To avoid downloading new versions of the code file, you can pin a revision.
A new version of the following files was downloaded from https://huggingface.co/ibm/MoLFormer-XL-both-10pct:
- modeling_molformer.py
. Make sure to double-check they do not contain any added malicious code. To avoid downloading new versions of the code file, you can pin a revision.
2026-03-21 23:15:31 | INFO  | phase3d |     Encoder: 44.4M params
2026-03-21 23:15:31 | INFO  | phase3d |     Classifier: 769 params
2026-03-21 23:15:31 | INFO  | phase3d |     Device: cuda
2026-03-21 23:15:36 | INFO  | phase3d |     [10_train_molformer.py:molformer_mtb:fold_0] SKIP (cached model), ROC-AUC=0.7631, PR-AUC=0.7026
2026-03-21 23:15:36 | INFO  | phase3d |     [10_train_molformer.py:molformer_mtb:fold_1] Starting fold 1/5...
2026-03-21 23:15:36 | INFO  | phase3d |     Loading MoLFormer from ibm/MoLFormer-XL-both-10pct...
2026-03-21 23:15:36 | INFO  | phase3d |     transformers version: 4.57.6
A new version of the following files was downloaded from https://huggingface.co/ibm/MoLFormer-XL-both-10pct:
- tokenization_molformer_fast.py
. Make sure to double-check they do not contain any added malicious code. To avoid downloading new versions of the code file, you can pin a revision.
A new version of the following files was downloaded from https://huggingface.co/ibm/MoLFormer-XL-both-10pct:
- configuration_molformer.py
. Make sure to double-check they do not contain any added malicious code. To avoid downloading new versions of the code file, you can pin a revision.
A new version of the following files was downloaded from https://huggingface.co/ibm/MoLFormer-XL-both-10pct:
- modeling_molformer.py
. Make sure to double-check they do not contain any added malicious code. To avoid downloading new versions of the code file, you can pin a revision.
2026-03-21 23:15:40 | INFO  | phase3d |     Encoder: 44.4M params
2026-03-21 23:15:40 | INFO  | phase3d |     Classifier: 769 params
2026-03-21 23:15:40 | INFO  | phase3d |     Device: cuda
2026-03-21 23:15:45 | INFO  | phase3d |     [10_train_molformer.py:molformer_mtb:fold_1] SKIP (cached model), ROC-AUC=0.7305, PR-AUC=0.6700
2026-03-21 23:15:45 | INFO  | phase3d |     [10_train_molformer.py:molformer_mtb:fold_2] Starting fold 2/5...
2026-03-21 23:15:45 | INFO  | phase3d |     Loading MoLFormer from ibm/MoLFormer-XL-both-10pct...
2026-03-21 23:15:45 | INFO  | phase3d |     transformers version: 4.57.6
A new version of the following files was downloaded from https://huggingface.co/ibm/MoLFormer-XL-both-10pct:
- tokenization_molformer_fast.py
. Make sure to double-check they do not contain any added malicious code. To avoid downloading new versions of the code file, you can pin a revision.
A new version of the following files was downloaded from https://huggingface.co/ibm/MoLFormer-XL-both-10pct:
- configuration_molformer.py
. Make sure to double-check they do not contain any added malicious code. To avoid downloading new versions of the code file, you can pin a revision.
A new version of the following files was downloaded from https://huggingface.co/ibm/MoLFormer-XL-both-10pct:
- modeling_molformer.py
. Make sure to double-check they do not contain any added malicious code. To avoid downloading new versions of the code file, you can pin a revision.
2026-03-21 23:15:49 | INFO  | phase3d |     Encoder: 44.4M params
2026-03-21 23:15:49 | INFO  | phase3d |     Classifier: 769 params
2026-03-21 23:15:49 | INFO  | phase3d |     Device: cuda
2026-03-21 23:15:54 | INFO  | phase3d |     [10_train_molformer.py:molformer_mtb:fold_2] SKIP (cached model), ROC-AUC=0.7811, PR-AUC=0.7675
2026-03-21 23:15:54 | INFO  | phase3d |     [10_train_molformer.py:molformer_mtb:fold_3] Starting fold 3/5...
2026-03-21 23:15:54 | INFO  | phase3d |     Loading MoLFormer from ibm/MoLFormer-XL-both-10pct...
2026-03-21 23:15:54 | INFO  | phase3d |     transformers version: 4.57.6
A new version of the following files was downloaded from https://huggingface.co/ibm/MoLFormer-XL-both-10pct:
- tokenization_molformer_fast.py
. Make sure to double-check they do not contain any added malicious code. To avoid downloading new versions of the code file, you can pin a revision.
A new version of the following files was downloaded from https://huggingface.co/ibm/MoLFormer-XL-both-10pct:
- configuration_molformer.py
. Make sure to double-check they do not contain any added malicious code. To avoid downloading new versions of the code file, you can pin a revision.
A new version of the following files was downloaded from https://huggingface.co/ibm/MoLFormer-XL-both-10pct:
- modeling_molformer.py
. Make sure to double-check they do not contain any added malicious code. To avoid downloading new versions of the code file, you can pin a revision.
2026-03-21 23:15:58 | INFO  | phase3d |     Encoder: 44.4M params
2026-03-21 23:15:58 | INFO  | phase3d |     Classifier: 769 params
2026-03-21 23:15:58 | INFO  | phase3d |     Device: cuda
2026-03-21 23:16:03 | INFO  | phase3d |     [10_train_molformer.py:molformer_mtb:fold_3] SKIP (cached model), ROC-AUC=0.7749, PR-AUC=0.6963
2026-03-21 23:16:03 | INFO  | phase3d |     [10_train_molformer.py:molformer_mtb:fold_4] Starting fold 4/5...
2026-03-21 23:16:03 | INFO  | phase3d |     Loading MoLFormer from ibm/MoLFormer-XL-both-10pct...
2026-03-21 23:16:03 | INFO  | phase3d |     transformers version: 4.57.6
A new version of the following files was downloaded from https://huggingface.co/ibm/MoLFormer-XL-both-10pct:
- tokenization_molformer_fast.py
. Make sure to double-check they do not contain any added malicious code. To avoid downloading new versions of the code file, you can pin a revision.
A new version of the following files was downloaded from https://huggingface.co/ibm/MoLFormer-XL-both-10pct:
- configuration_molformer.py
. Make sure to double-check they do not contain any added malicious code. To avoid downloading new versions of the code file, you can pin a revision.
A new version of the following files was downloaded from https://huggingface.co/ibm/MoLFormer-XL-both-10pct:
- modeling_molformer.py
. Make sure to double-check they do not contain any added malicious code. To avoid downloading new versions of the code file, you can pin a revision.
2026-03-21 23:16:07 | INFO  | phase3d |     Encoder: 44.4M params
2026-03-21 23:16:07 | INFO  | phase3d |     Classifier: 769 params
2026-03-21 23:16:07 | INFO  | phase3d |     Device: cuda
2026-03-21 23:16:11 | INFO  | phase3d |     [10_train_molformer.py:molformer_mtb:fold_4] SKIP (cached model), ROC-AUC=0.7702, PR-AUC=0.7599
2026-03-21 23:16:11 | INFO  | phase3d |   molformer_mtb CV: ROC-AUC = 0.7640 +/- 0.0177
2026-03-21 23:16:11 | INFO  | phase3d |   molformer_mtb: 44s
2026-03-21 23:16:11 | INFO  | phase3d |     Training final molformer_mtb on all 18705 samples...
2026-03-21 23:16:11 | INFO  | phase3d |     Loading MoLFormer from ibm/MoLFormer-XL-both-10pct...
2026-03-21 23:16:11 | INFO  | phase3d |     transformers version: 4.57.6
A new version of the following files was downloaded from https://huggingface.co/ibm/MoLFormer-XL-both-10pct:
- tokenization_molformer_fast.py
. Make sure to double-check they do not contain any added malicious code. To avoid downloading new versions of the code file, you can pin a revision.
A new version of the following files was downloaded from https://huggingface.co/ibm/MoLFormer-XL-both-10pct:
- configuration_molformer.py
. Make sure to double-check they do not contain any added malicious code. To avoid downloading new versions of the code file, you can pin a revision.
A new version of the following files was downloaded from https://huggingface.co/ibm/MoLFormer-XL-both-10pct:
- modeling_molformer.py
. Make sure to double-check they do not contain any added malicious code. To avoid downloading new versions of the code file, you can pin a revision.
2026-03-21 23:16:15 | INFO  | phase3d |     Encoder: 44.4M params
2026-03-21 23:16:15 | INFO  | phase3d |     Classifier: 769 params
2026-03-21 23:16:15 | INFO  | phase3d |     Device: cuda
2026-03-21 23:16:15 | INFO  | phase3d |     Tokenizing 18705 training SMILES...
2026-03-21 23:16:18 | INFO  | phase3d |     Tokenized in 3.1s, input shape: torch.Size([18705, 202])
2026-03-21 23:16:18 | INFO  | phase3d |     Training: 20 epochs, 585 batches/epoch, batch_size=32, 18705 compounds
2026-03-21 23:16:18 | INFO  | phase3d |     LR: encoder=1e-05, classifier=0.0001, warmup=1170/11700 steps
      Epoch 1/20 | Batch 50/585 | loss=0.7295 | lr=4.27e-07 | 4.3 batch/s
      Epoch 1/20 | Batch 100/585 | loss=0.7036 | lr=8.55e-07 | 4.2 batch/s
      Epoch 1/20 | Batch 150/585 | loss=0.6849 | lr=1.28e-06 | 4.1 batch/s
      Epoch 1/20 | Batch 200/585 | loss=0.6731 | lr=1.71e-06 | 4.1 batch/s
      Epoch 1/20 | Batch 250/585 | loss=0.7403 | lr=2.14e-06 | 4.0 batch/s
      Epoch 1/20 | Batch 300/585 | loss=0.6454 | lr=2.56e-06 | 4.0 batch/s
      Epoch 1/20 | Batch 350/585 | loss=0.5984 | lr=2.99e-06 | 4.0 batch/s
      Epoch 1/20 | Batch 400/585 | loss=0.6366 | lr=3.42e-06 | 4.0 batch/s
      Epoch 1/20 | Batch 450/585 | loss=0.6119 | lr=3.85e-06 | 4.0 batch/s
      Epoch 1/20 | Batch 500/585 | loss=0.6905 | lr=4.27e-06 | 4.0 batch/s
      Epoch 1/20 | Batch 550/585 | loss=0.6133 | lr=4.70e-06 | 3.9 batch/s
      Epoch 1/20 | Batch 585/585 | loss=0.6164 | lr=5.00e-06 | 3.9 batch/s
    Epoch 1/20: train_loss=0.6489, 148s
2026-03-21 23:18:46 | INFO  | phase3d |     Epoch 1/20: train_loss=0.6489, 148s
      Epoch 2/20 | Batch 50/585 | loss=0.6353 | lr=5.43e-06 | 3.9 batch/s
      Epoch 2/20 | Batch 100/585 | loss=0.4967 | lr=5.85e-06 | 3.9 batch/s
      Epoch 2/20 | Batch 150/585 | loss=0.7728 | lr=6.28e-06 | 3.9 batch/s
      Epoch 2/20 | Batch 200/585 | loss=0.6896 | lr=6.71e-06 | 3.9 batch/s
      Epoch 2/20 | Batch 250/585 | loss=0.5489 | lr=7.14e-06 | 3.9 batch/s
      Epoch 2/20 | Batch 300/585 | loss=0.5461 | lr=7.56e-06 | 3.9 batch/s
      Epoch 2/20 | Batch 350/585 | loss=0.5485 | lr=7.99e-06 | 3.9 batch/s
      Epoch 2/20 | Batch 400/585 | loss=0.6139 | lr=8.42e-06 | 3.9 batch/s
      Epoch 2/20 | Batch 450/585 | loss=0.5657 | lr=8.85e-06 | 3.9 batch/s
      Epoch 2/20 | Batch 500/585 | loss=0.5931 | lr=9.27e-06 | 3.9 batch/s
      Epoch 2/20 | Batch 550/585 | loss=0.6522 | lr=9.70e-06 | 3.9 batch/s
      Epoch 2/20 | Batch 585/585 | loss=0.5351 | lr=1.00e-05 | 3.9 batch/s
    Epoch 2/20: train_loss=0.5767, 151s
2026-03-21 23:21:17 | INFO  | phase3d |     Epoch 2/20: train_loss=0.5767, 151s
      Epoch 3/20 | Batch 50/585 | loss=0.3650 | lr=1.00e-05 | 3.9 batch/s
      Epoch 3/20 | Batch 100/585 | loss=0.5519 | lr=1.00e-05 | 3.9 batch/s
      Epoch 3/20 | Batch 150/585 | loss=0.6687 | lr=9.99e-06 | 3.9 batch/s
      Epoch 3/20 | Batch 200/585 | loss=0.6183 | lr=9.99e-06 | 3.9 batch/s
      Epoch 3/20 | Batch 250/585 | loss=0.5786 | lr=9.99e-06 | 3.9 batch/s
      Epoch 3/20 | Batch 300/585 | loss=0.6297 | lr=9.98e-06 | 3.9 batch/s
      Epoch 3/20 | Batch 350/585 | loss=0.5408 | lr=9.97e-06 | 3.9 batch/s
      Epoch 3/20 | Batch 400/585 | loss=0.4889 | lr=9.96e-06 | 3.9 batch/s
      Epoch 3/20 | Batch 450/585 | loss=0.5784 | lr=9.96e-06 | 3.9 batch/s
      Epoch 3/20 | Batch 500/585 | loss=0.3438 | lr=9.94e-06 | 3.9 batch/s
      Epoch 3/20 | Batch 550/585 | loss=0.4248 | lr=9.93e-06 | 3.9 batch/s
      Epoch 3/20 | Batch 585/585 | loss=0.6576 | lr=9.92e-06 | 3.9 batch/s
    Epoch 3/20: train_loss=0.5181, 151s
2026-03-21 23:23:48 | INFO  | phase3d |     Epoch 3/20: train_loss=0.5181, 151s
      Epoch 4/20 | Batch 50/585 | loss=0.6213 | lr=9.91e-06 | 3.9 batch/s
      Epoch 4/20 | Batch 100/585 | loss=0.4532 | lr=9.90e-06 | 3.9 batch/s
      Epoch 4/20 | Batch 150/585 | loss=0.5574 | lr=9.88e-06 | 3.9 batch/s
      Epoch 4/20 | Batch 200/585 | loss=0.3424 | lr=9.86e-06 | 3.9 batch/s
      Epoch 4/20 | Batch 250/585 | loss=0.5912 | lr=9.85e-06 | 3.9 batch/s
      Epoch 4/20 | Batch 300/585 | loss=0.4386 | lr=9.83e-06 | 3.9 batch/s
      Epoch 4/20 | Batch 350/585 | loss=0.4930 | lr=9.81e-06 | 3.9 batch/s
      Epoch 4/20 | Batch 400/585 | loss=0.4412 | lr=9.79e-06 | 3.9 batch/s
      Epoch 4/20 | Batch 450/585 | loss=0.4206 | lr=9.76e-06 | 3.9 batch/s
      Epoch 4/20 | Batch 500/585 | loss=0.4617 | lr=9.74e-06 | 3.9 batch/s
      Epoch 4/20 | Batch 550/585 | loss=0.4474 | lr=9.72e-06 | 3.9 batch/s
      Epoch 4/20 | Batch 585/585 | loss=0.4533 | lr=9.70e-06 | 3.9 batch/s
    Epoch 4/20: train_loss=0.4753, 151s
2026-03-21 23:26:19 | INFO  | phase3d |     Epoch 4/20: train_loss=0.4753, 151s
      Epoch 5/20 | Batch 50/585 | loss=0.3703 | lr=9.67e-06 | 3.9 batch/s
      Epoch 5/20 | Batch 100/585 | loss=0.4067 | lr=9.65e-06 | 3.9 batch/s
      Epoch 5/20 | Batch 150/585 | loss=0.5326 | lr=9.62e-06 | 3.9 batch/s
      Epoch 5/20 | Batch 200/585 | loss=0.4426 | lr=9.59e-06 | 3.9 batch/s
      Epoch 5/20 | Batch 250/585 | loss=0.5102 | lr=9.56e-06 | 3.9 batch/s
      Epoch 5/20 | Batch 300/585 | loss=0.5508 | lr=9.53e-06 | 3.9 batch/s
      Epoch 5/20 | Batch 350/585 | loss=0.3298 | lr=9.49e-06 | 3.9 batch/s
      Epoch 5/20 | Batch 400/585 | loss=0.4286 | lr=9.46e-06 | 3.9 batch/s
      Epoch 5/20 | Batch 450/585 | loss=0.3701 | lr=9.43e-06 | 3.9 batch/s
      Epoch 5/20 | Batch 500/585 | loss=0.4330 | lr=9.39e-06 | 3.9 batch/s
      Epoch 5/20 | Batch 550/585 | loss=0.3110 | lr=9.36e-06 | 3.9 batch/s
      Epoch 5/20 | Batch 585/585 | loss=0.2154 | lr=9.33e-06 | 3.9 batch/s
    Epoch 5/20: train_loss=0.4403, 151s
2026-03-21 23:28:50 | INFO  | phase3d |     Epoch 5/20: train_loss=0.4403, 151s
      Epoch 6/20 | Batch 50/585 | loss=0.3336 | lr=9.29e-06 | 3.8 batch/s
      Epoch 6/20 | Batch 100/585 | loss=0.2352 | lr=9.25e-06 | 3.8 batch/s
      Epoch 6/20 | Batch 150/585 | loss=0.3095 | lr=9.21e-06 | 3.9 batch/s
      Epoch 6/20 | Batch 200/585 | loss=0.3136 | lr=9.17e-06 | 3.9 batch/s
      Epoch 6/20 | Batch 250/585 | loss=0.4004 | lr=9.13e-06 | 3.9 batch/s
      Epoch 6/20 | Batch 300/585 | loss=0.5049 | lr=9.09e-06 | 3.9 batch/s
      Epoch 6/20 | Batch 350/585 | loss=0.2541 | lr=9.05e-06 | 3.9 batch/s
      Epoch 6/20 | Batch 400/585 | loss=0.4736 | lr=9.00e-06 | 3.9 batch/s
      Epoch 6/20 | Batch 450/585 | loss=0.5333 | lr=8.96e-06 | 3.9 batch/s
      Epoch 6/20 | Batch 500/585 | loss=0.2352 | lr=8.91e-06 | 3.9 batch/s
      Epoch 6/20 | Batch 550/585 | loss=0.4462 | lr=8.86e-06 | 3.9 batch/s
      Epoch 6/20 | Batch 585/585 | loss=0.2627 | lr=8.83e-06 | 3.9 batch/s
    Epoch 6/20: train_loss=0.4124, 151s
2026-03-21 23:31:22 | INFO  | phase3d |     Epoch 6/20: train_loss=0.4124, 151s
      Epoch 7/20 | Batch 50/585 | loss=0.3568 | lr=8.78e-06 | 3.9 batch/s
      Epoch 7/20 | Batch 100/585 | loss=0.3847 | lr=8.73e-06 | 3.9 batch/s
      Epoch 7/20 | Batch 150/585 | loss=0.3925 | lr=8.68e-06 | 3.9 batch/s
      Epoch 7/20 | Batch 200/585 | loss=0.4679 | lr=8.63e-06 | 3.9 batch/s
      Epoch 7/20 | Batch 250/585 | loss=0.3865 | lr=8.58e-06 | 3.9 batch/s
      Epoch 7/20 | Batch 300/585 | loss=0.3287 | lr=8.53e-06 | 3.9 batch/s
      Epoch 7/20 | Batch 350/585 | loss=0.3705 | lr=8.47e-06 | 3.9 batch/s
      Epoch 7/20 | Batch 400/585 | loss=0.4860 | lr=8.42e-06 | 3.9 batch/s
      Epoch 7/20 | Batch 450/585 | loss=0.4156 | lr=8.37e-06 | 3.9 batch/s
      Epoch 7/20 | Batch 500/585 | loss=0.3382 | lr=8.31e-06 | 3.9 batch/s
      Epoch 7/20 | Batch 550/585 | loss=0.4508 | lr=8.25e-06 | 3.9 batch/s
      Epoch 7/20 | Batch 585/585 | loss=0.6102 | lr=8.21e-06 | 3.9 batch/s
    Epoch 7/20: train_loss=0.3881, 151s
2026-03-21 23:33:53 | INFO  | phase3d |     Epoch 7/20: train_loss=0.3881, 151s
      Epoch 8/20 | Batch 50/585 | loss=0.5910 | lr=8.16e-06 | 3.9 batch/s
      Epoch 8/20 | Batch 100/585 | loss=0.3220 | lr=8.10e-06 | 3.9 batch/s
      Epoch 8/20 | Batch 150/585 | loss=0.3820 | lr=8.04e-06 | 3.9 batch/s
      Epoch 8/20 | Batch 200/585 | loss=0.3121 | lr=7.98e-06 | 3.9 batch/s
      Epoch 8/20 | Batch 250/585 | loss=0.2482 | lr=7.92e-06 | 3.9 batch/s
      Epoch 8/20 | Batch 300/585 | loss=0.3209 | lr=7.86e-06 | 3.9 batch/s
      Epoch 8/20 | Batch 350/585 | loss=0.3418 | lr=7.80e-06 | 3.9 batch/s
      Epoch 8/20 | Batch 400/585 | loss=0.2573 | lr=7.74e-06 | 3.9 batch/s
      Epoch 8/20 | Batch 450/585 | loss=0.4483 | lr=7.67e-06 | 3.9 batch/s
      Epoch 8/20 | Batch 500/585 | loss=0.3388 | lr=7.61e-06 | 3.9 batch/s
      Epoch 8/20 | Batch 550/585 | loss=0.3907 | lr=7.55e-06 | 3.9 batch/s
      Epoch 8/20 | Batch 585/585 | loss=0.2004 | lr=7.50e-06 | 3.9 batch/s
    Epoch 8/20: train_loss=0.3686, 151s
2026-03-21 23:36:24 | INFO  | phase3d |     Epoch 8/20: train_loss=0.3686, 151s
      Epoch 9/20 | Batch 50/585 | loss=0.1306 | lr=7.44e-06 | 3.9 batch/s
      Epoch 9/20 | Batch 100/585 | loss=0.2246 | lr=7.37e-06 | 3.9 batch/s
      Epoch 9/20 | Batch 150/585 | loss=0.2862 | lr=7.30e-06 | 3.9 batch/s
      Epoch 9/20 | Batch 200/585 | loss=0.2529 | lr=7.24e-06 | 3.9 batch/s
      Epoch 9/20 | Batch 250/585 | loss=0.2895 | lr=7.17e-06 | 3.9 batch/s
      Epoch 9/20 | Batch 300/585 | loss=0.2492 | lr=7.10e-06 | 3.9 batch/s
      Epoch 9/20 | Batch 350/585 | loss=0.2764 | lr=7.04e-06 | 3.9 batch/s
      Epoch 9/20 | Batch 400/585 | loss=0.2179 | lr=6.97e-06 | 3.9 batch/s
      Epoch 9/20 | Batch 450/585 | loss=0.4372 | lr=6.90e-06 | 3.9 batch/s
      Epoch 9/20 | Batch 500/585 | loss=0.4243 | lr=6.83e-06 | 3.9 batch/s
      Epoch 9/20 | Batch 550/585 | loss=0.3135 | lr=6.76e-06 | 3.9 batch/s
      Epoch 9/20 | Batch 585/585 | loss=0.3293 | lr=6.71e-06 | 3.9 batch/s
    Epoch 9/20: train_loss=0.3525, 151s
2026-03-21 23:38:55 | INFO  | phase3d |     Epoch 9/20: train_loss=0.3525, 151s
      Epoch 10/20 | Batch 50/585 | loss=0.3042 | lr=6.64e-06 | 3.9 batch/s
      Epoch 10/20 | Batch 100/585 | loss=0.2838 | lr=6.57e-06 | 3.9 batch/s
      Epoch 10/20 | Batch 150/585 | loss=0.3224 | lr=6.50e-06 | 3.9 batch/s
      Epoch 10/20 | Batch 200/585 | loss=0.2048 | lr=6.43e-06 | 3.9 batch/s
      Epoch 10/20 | Batch 250/585 | loss=0.2060 | lr=6.36e-06 | 3.9 batch/s
      Epoch 10/20 | Batch 300/585 | loss=0.2300 | lr=6.28e-06 | 3.9 batch/s
      Epoch 10/20 | Batch 350/585 | loss=0.4200 | lr=6.21e-06 | 3.9 batch/s
      Epoch 10/20 | Batch 400/585 | loss=0.4477 | lr=6.14e-06 | 3.9 batch/s
      Epoch 10/20 | Batch 450/585 | loss=0.4055 | lr=6.07e-06 | 3.9 batch/s
      Epoch 10/20 | Batch 500/585 | loss=0.5064 | lr=5.99e-06 | 3.9 batch/s
      Epoch 10/20 | Batch 550/585 | loss=0.3968 | lr=5.92e-06 | 3.9 batch/s
      Epoch 10/20 | Batch 585/585 | loss=0.1622 | lr=5.87e-06 | 3.9 batch/s
    Epoch 10/20: train_loss=0.3329, 151s
2026-03-21 23:41:26 | INFO  | phase3d |     Epoch 10/20: train_loss=0.3329, 151s
      Epoch 11/20 | Batch 50/585 | loss=0.1552 | lr=5.79e-06 | 3.9 batch/s
      Epoch 11/20 | Batch 100/585 | loss=0.4786 | lr=5.72e-06 | 3.9 batch/s
      Epoch 11/20 | Batch 150/585 | loss=0.5628 | lr=5.65e-06 | 3.9 batch/s
      Epoch 11/20 | Batch 200/585 | loss=0.2880 | lr=5.57e-06 | 3.9 batch/s
      Epoch 11/20 | Batch 250/585 | loss=0.3154 | lr=5.50e-06 | 3.9 batch/s
      Epoch 11/20 | Batch 300/585 | loss=0.5144 | lr=5.42e-06 | 3.9 batch/s
      Epoch 11/20 | Batch 350/585 | loss=0.2797 | lr=5.35e-06 | 3.9 batch/s
      Epoch 11/20 | Batch 400/585 | loss=0.4315 | lr=5.28e-06 | 3.9 batch/s
      Epoch 11/20 | Batch 450/585 | loss=0.2208 | lr=5.20e-06 | 3.9 batch/s
      Epoch 11/20 | Batch 500/585 | loss=0.1710 | lr=5.13e-06 | 3.9 batch/s
      Epoch 11/20 | Batch 550/585 | loss=0.3665 | lr=5.05e-06 | 3.9 batch/s
      Epoch 11/20 | Batch 585/585 | loss=0.2149 | lr=5.00e-06 | 3.9 batch/s
    Epoch 11/20: train_loss=0.3204, 151s
2026-03-21 23:43:57 | INFO  | phase3d |     Epoch 11/20: train_loss=0.3204, 151s
      Epoch 12/20 | Batch 50/585 | loss=0.3469 | lr=4.93e-06 | 3.9 batch/s
      Epoch 12/20 | Batch 100/585 | loss=0.4077 | lr=4.85e-06 | 3.9 batch/s
      Epoch 12/20 | Batch 150/585 | loss=0.2576 | lr=4.78e-06 | 3.9 batch/s
      Epoch 12/20 | Batch 200/585 | loss=0.3332 | lr=4.70e-06 | 3.9 batch/s
      Epoch 12/20 | Batch 250/585 | loss=0.3002 | lr=4.63e-06 | 3.9 batch/s
      Epoch 12/20 | Batch 300/585 | loss=0.3199 | lr=4.55e-06 | 3.9 batch/s
      Epoch 12/20 | Batch 350/585 | loss=0.3329 | lr=4.48e-06 | 3.9 batch/s
      Epoch 12/20 | Batch 400/585 | loss=0.3168 | lr=4.40e-06 | 3.9 batch/s
      Epoch 12/20 | Batch 450/585 | loss=0.4670 | lr=4.33e-06 | 3.9 batch/s
      Epoch 12/20 | Batch 500/585 | loss=0.3883 | lr=4.26e-06 | 3.9 batch/s
      Epoch 12/20 | Batch 550/585 | loss=0.3600 | lr=4.18e-06 | 3.9 batch/s
      Epoch 12/20 | Batch 585/585 | loss=0.4388 | lr=4.13e-06 | 3.9 batch/s
    Epoch 12/20: train_loss=0.3093, 151s
2026-03-21 23:46:28 | INFO  | phase3d |     Epoch 12/20: train_loss=0.3093, 151s
      Epoch 13/20 | Batch 50/585 | loss=0.3491 | lr=4.06e-06 | 3.9 batch/s
      Epoch 13/20 | Batch 100/585 | loss=0.3821 | lr=3.99e-06 | 3.9 batch/s
      Epoch 13/20 | Batch 150/585 | loss=0.3426 | lr=3.91e-06 | 3.9 batch/s
      Epoch 13/20 | Batch 200/585 | loss=0.3468 | lr=3.84e-06 | 3.9 batch/s
      Epoch 13/20 | Batch 250/585 | loss=0.2606 | lr=3.77e-06 | 3.9 batch/s
      Epoch 13/20 | Batch 300/585 | loss=0.2293 | lr=3.70e-06 | 3.9 batch/s
      Epoch 13/20 | Batch 350/585 | loss=0.1899 | lr=3.62e-06 | 3.9 batch/s
      Epoch 13/20 | Batch 400/585 | loss=0.2067 | lr=3.55e-06 | 3.9 batch/s
      Epoch 13/20 | Batch 450/585 | loss=0.2124 | lr=3.48e-06 | 3.9 batch/s
      Epoch 13/20 | Batch 500/585 | loss=0.3079 | lr=3.41e-06 | 3.9 batch/s
      Epoch 13/20 | Batch 550/585 | loss=0.1919 | lr=3.34e-06 | 3.9 batch/s
      Epoch 13/20 | Batch 585/585 | loss=0.2940 | lr=3.29e-06 | 3.9 batch/s
    Epoch 13/20: train_loss=0.2916, 151s
2026-03-21 23:48:59 | INFO  | phase3d |     Epoch 13/20: train_loss=0.2916, 151s
      Epoch 14/20 | Batch 50/585 | loss=0.3543 | lr=3.22e-06 | 3.9 batch/s
      Epoch 14/20 | Batch 100/585 | loss=0.1308 | lr=3.15e-06 | 3.9 batch/s
      Epoch 14/20 | Batch 150/585 | loss=0.1890 | lr=3.08e-06 | 3.9 batch/s
      Epoch 14/20 | Batch 200/585 | loss=0.1372 | lr=3.01e-06 | 3.9 batch/s
      Epoch 14/20 | Batch 250/585 | loss=0.5393 | lr=2.94e-06 | 3.9 batch/s
      Epoch 14/20 | Batch 300/585 | loss=0.2289 | lr=2.88e-06 | 3.9 batch/s
      Epoch 14/20 | Batch 350/585 | loss=0.3124 | lr=2.81e-06 | 3.9 batch/s
      Epoch 14/20 | Batch 400/585 | loss=0.4253 | lr=2.74e-06 | 3.9 batch/s
      Epoch 14/20 | Batch 450/585 | loss=0.0842 | lr=2.68e-06 | 3.9 batch/s
      Epoch 14/20 | Batch 500/585 | loss=0.1964 | lr=2.61e-06 | 3.9 batch/s
      Epoch 14/20 | Batch 550/585 | loss=0.3806 | lr=2.55e-06 | 3.9 batch/s
      Epoch 14/20 | Batch 585/585 | loss=0.2884 | lr=2.50e-06 | 3.9 batch/s
    Epoch 14/20: train_loss=0.2853, 152s
2026-03-21 23:51:30 | INFO  | phase3d |     Epoch 14/20: train_loss=0.2853, 152s
      Epoch 15/20 | Batch 50/585 | loss=0.0698 | lr=2.44e-06 | 3.9 batch/s
      Epoch 15/20 | Batch 100/585 | loss=0.2934 | lr=2.37e-06 | 3.9 batch/s
      Epoch 15/20 | Batch 150/585 | loss=0.3610 | lr=2.31e-06 | 3.9 batch/s
      Epoch 15/20 | Batch 200/585 | loss=0.2729 | lr=2.25e-06 | 3.9 batch/s
      Epoch 15/20 | Batch 250/585 | loss=0.2071 | lr=2.18e-06 | 3.9 batch/s
      Epoch 15/20 | Batch 300/585 | loss=0.3602 | lr=2.12e-06 | 3.9 batch/s
      Epoch 15/20 | Batch 350/585 | loss=0.3517 | lr=2.06e-06 | 3.9 batch/s
      Epoch 15/20 | Batch 400/585 | loss=0.3502 | lr=2.00e-06 | 3.9 batch/s
      Epoch 15/20 | Batch 450/585 | loss=0.1770 | lr=1.94e-06 | 3.9 batch/s
      Epoch 15/20 | Batch 500/585 | loss=0.1119 | lr=1.88e-06 | 3.9 batch/s
      Epoch 15/20 | Batch 550/585 | loss=0.3224 | lr=1.83e-06 | 3.9 batch/s
      Epoch 15/20 | Batch 585/585 | loss=0.2370 | lr=1.79e-06 | 3.9 batch/s
    Epoch 15/20: train_loss=0.2794, 151s
2026-03-21 23:54:02 | INFO  | phase3d |     Epoch 15/20: train_loss=0.2794, 151s
      Epoch 16/20 | Batch 50/585 | loss=0.2887 | lr=1.73e-06 | 3.9 batch/s
      Epoch 16/20 | Batch 100/585 | loss=0.1920 | lr=1.67e-06 | 3.9 batch/s
      Epoch 16/20 | Batch 150/585 | loss=0.2796 | lr=1.62e-06 | 3.9 batch/s
      Epoch 16/20 | Batch 200/585 | loss=0.1721 | lr=1.56e-06 | 3.9 batch/s
      Epoch 16/20 | Batch 250/585 | loss=0.2490 | lr=1.51e-06 | 3.9 batch/s
      Epoch 16/20 | Batch 300/585 | loss=0.2350 | lr=1.46e-06 | 3.9 batch/s
      Epoch 16/20 | Batch 350/585 | loss=0.2438 | lr=1.40e-06 | 3.9 batch/s
      Epoch 16/20 | Batch 400/585 | loss=0.2449 | lr=1.35e-06 | 3.9 batch/s
      Epoch 16/20 | Batch 450/585 | loss=0.1520 | lr=1.30e-06 | 3.9 batch/s
      Epoch 16/20 | Batch 500/585 | loss=0.1394 | lr=1.25e-06 | 3.9 batch/s
      Epoch 16/20 | Batch 550/585 | loss=0.3607 | lr=1.20e-06 | 3.9 batch/s
      Epoch 16/20 | Batch 585/585 | loss=0.2152 | lr=1.17e-06 | 3.9 batch/s
    Epoch 16/20: train_loss=0.2741, 152s
2026-03-21 23:56:33 | INFO  | phase3d |     Epoch 16/20: train_loss=0.2741, 152s
      Epoch 17/20 | Batch 50/585 | loss=0.0895 | lr=1.12e-06 | 3.8 batch/s
      Epoch 17/20 | Batch 100/585 | loss=0.1406 | lr=1.08e-06 | 3.8 batch/s
      Epoch 17/20 | Batch 150/585 | loss=0.1081 | lr=1.03e-06 | 3.8 batch/s
      Epoch 17/20 | Batch 200/585 | loss=0.4373 | lr=9.85e-07 | 3.8 batch/s
      Epoch 17/20 | Batch 250/585 | loss=0.1497 | lr=9.41e-07 | 3.8 batch/s
      Epoch 17/20 | Batch 300/585 | loss=0.1822 | lr=8.98e-07 | 3.9 batch/s
      Epoch 17/20 | Batch 350/585 | loss=0.2917 | lr=8.56e-07 | 3.9 batch/s
      Epoch 17/20 | Batch 400/585 | loss=0.2331 | lr=8.14e-07 | 3.9 batch/s
      Epoch 17/20 | Batch 450/585 | loss=0.1810 | lr=7.74e-07 | 3.9 batch/s
      Epoch 17/20 | Batch 500/585 | loss=0.1406 | lr=7.35e-07 | 3.9 batch/s
      Epoch 17/20 | Batch 550/585 | loss=0.4082 | lr=6.96e-07 | 3.9 batch/s
      Epoch 17/20 | Batch 585/585 | loss=0.2373 | lr=6.70e-07 | 3.9 batch/s
    Epoch 17/20: train_loss=0.2627, 151s
2026-03-21 23:59:05 | INFO  | phase3d |     Epoch 17/20: train_loss=0.2627, 151s
      Epoch 18/20 | Batch 50/585 | loss=0.2361 | lr=6.33e-07 | 3.9 batch/s
      Epoch 18/20 | Batch 100/585 | loss=0.2133 | lr=5.97e-07 | 3.9 batch/s
      Epoch 18/20 | Batch 150/585 | loss=0.1334 | lr=5.62e-07 | 3.9 batch/s
      Epoch 18/20 | Batch 200/585 | loss=0.1566 | lr=5.28e-07 | 3.9 batch/s
      Epoch 18/20 | Batch 250/585 | loss=0.1039 | lr=4.96e-07 | 3.9 batch/s
      Epoch 18/20 | Batch 300/585 | loss=0.2560 | lr=4.64e-07 | 3.9 batch/s
      Epoch 18/20 | Batch 350/585 | loss=0.3125 | lr=4.33e-07 | 3.9 batch/s
      Epoch 18/20 | Batch 400/585 | loss=0.2496 | lr=4.03e-07 | 3.9 batch/s
      Epoch 18/20 | Batch 450/585 | loss=0.2123 | lr=3.74e-07 | 3.9 batch/s
      Epoch 18/20 | Batch 500/585 | loss=0.1202 | lr=3.46e-07 | 3.9 batch/s
      Epoch 18/20 | Batch 550/585 | loss=0.1556 | lr=3.20e-07 | 3.9 batch/s
      Epoch 18/20 | Batch 585/585 | loss=0.1342 | lr=3.02e-07 | 3.9 batch/s
    Epoch 18/20: train_loss=0.2599, 151s
2026-03-22 00:01:36 | INFO  | phase3d |     Epoch 18/20: train_loss=0.2599, 151s
      Epoch 19/20 | Batch 50/585 | loss=0.4532 | lr=2.77e-07 | 3.9 batch/s
      Epoch 19/20 | Batch 100/585 | loss=0.4182 | lr=2.53e-07 | 3.9 batch/s
      Epoch 19/20 | Batch 150/585 | loss=0.1419 | lr=2.30e-07 | 3.9 batch/s
      Epoch 19/20 | Batch 200/585 | loss=0.1994 | lr=2.08e-07 | 3.9 batch/s
      Epoch 19/20 | Batch 250/585 | loss=0.3622 | lr=1.87e-07 | 3.9 batch/s
      Epoch 19/20 | Batch 300/585 | loss=0.1923 | lr=1.67e-07 | 3.9 batch/s
      Epoch 19/20 | Batch 350/585 | loss=0.3322 | lr=1.49e-07 | 3.9 batch/s
      Epoch 19/20 | Batch 400/585 | loss=0.4539 | lr=1.31e-07 | 3.9 batch/s
      Epoch 19/20 | Batch 450/585 | loss=0.1313 | lr=1.15e-07 | 3.9 batch/s
      Epoch 19/20 | Batch 500/585 | loss=0.1416 | lr=9.96e-08 | 3.9 batch/s
      Epoch 19/20 | Batch 550/585 | loss=0.3528 | lr=8.53e-08 | 3.9 batch/s
      Epoch 19/20 | Batch 585/585 | loss=0.2241 | lr=7.60e-08 | 3.9 batch/s
    Epoch 19/20: train_loss=0.2588, 151s
2026-03-22 00:04:07 | INFO  | phase3d |     Epoch 19/20: train_loss=0.2588, 151s
      Epoch 20/20 | Batch 50/585 | loss=0.3154 | lr=6.36e-08 | 3.9 batch/s
      Epoch 20/20 | Batch 100/585 | loss=0.2155 | lr=5.23e-08 | 3.9 batch/s
      Epoch 20/20 | Batch 150/585 | loss=0.2134 | lr=4.20e-08 | 3.9 batch/s
      Epoch 20/20 | Batch 200/585 | loss=0.2338 | lr=3.29e-08 | 3.9 batch/s
      Epoch 20/20 | Batch 250/585 | loss=0.2439 | lr=2.50e-08 | 3.9 batch/s
      Epoch 20/20 | Batch 300/585 | loss=0.5657 | lr=1.81e-08 | 3.9 batch/s
      Epoch 20/20 | Batch 350/585 | loss=0.1204 | lr=1.23e-08 | 3.9 batch/s
      Epoch 20/20 | Batch 400/585 | loss=0.2655 | lr=7.61e-09 | 3.9 batch/s
      Epoch 20/20 | Batch 450/585 | loss=0.0992 | lr=4.06e-09 | 3.9 batch/s
      Epoch 20/20 | Batch 500/585 | loss=0.1012 | lr=1.61e-09 | 3.9 batch/s
      Epoch 20/20 | Batch 550/585 | loss=0.1852 | lr=2.73e-10 | 3.9 batch/s
      Epoch 20/20 | Batch 585/585 | loss=0.1293 | lr=0.00e+00 | 3.9 batch/s
    Epoch 20/20: train_loss=0.2586, 151s
2026-03-22 00:06:38 | INFO  | phase3d |     Epoch 20/20: train_loss=0.2586, 151s
2026-03-22 00:06:52 | INFO  | phase3d |     Screening: /scratch/vishakha.agrawal/antibiotic-selectivity/outputs/runs/run_20260315_034033/results/screening/molformer_ranked_mtb.csv (6739 compounds)
2026-03-22 00:06:52 | INFO  | phase3d | 
  >>> Model 5/7: molformer_gut_t5 <<<
2026-03-22 00:06:52 | INFO  | phase3d | 
  Training molformer_gut_t5 with 5-fold scaffold CV...
2026-03-22 00:06:52 | INFO  | phase3d |     [10_train_molformer.py:molformer_gut_t5:fold_0] Starting fold 0/5...
2026-03-22 00:06:52 | INFO  | phase3d |     Loading MoLFormer from ibm/MoLFormer-XL-both-10pct...
2026-03-22 00:06:52 | INFO  | phase3d |     transformers version: 4.57.6
A new version of the following files was downloaded from https://huggingface.co/ibm/MoLFormer-XL-both-10pct:
- tokenization_molformer_fast.py
. Make sure to double-check they do not contain any added malicious code. To avoid downloading new versions of the code file, you can pin a revision.
A new version of the following files was downloaded from https://huggingface.co/ibm/MoLFormer-XL-both-10pct:
- configuration_molformer.py
. Make sure to double-check they do not contain any added malicious code. To avoid downloading new versions of the code file, you can pin a revision.
A new version of the following files was downloaded from https://huggingface.co/ibm/MoLFormer-XL-both-10pct:
- modeling_molformer.py
. Make sure to double-check they do not contain any added malicious code. To avoid downloading new versions of the code file, you can pin a revision.
2026-03-22 00:06:55 | INFO  | phase3d |     Encoder: 44.4M params
2026-03-22 00:06:55 | INFO  | phase3d |     Classifier: 769 params
2026-03-22 00:06:55 | INFO  | phase3d |     Device: cuda
2026-03-22 00:06:55 | INFO  | phase3d |     [10_train_molformer.py:molformer_gut_t5:fold_0] Train: 942 compounds, Test: 235 compounds
2026-03-22 00:06:55 | INFO  | phase3d |     [10_train_molformer.py:molformer_gut_t5:fold_0] Params: lr=1e-05, batch=32, epochs=20, patience=5
2026-03-22 00:06:55 | INFO  | phase3d |     Tokenizing 942 training SMILES...
2026-03-22 00:06:56 | INFO  | phase3d |     Tokenized in 0.2s, input shape: torch.Size([942, 202])
2026-03-22 00:06:56 | INFO  | phase3d |     Training: 20 epochs, 30 batches/epoch, batch_size=32, 942 compounds
2026-03-22 00:06:56 | INFO  | phase3d |     LR: encoder=1e-05, classifier=0.0001, warmup=60/600 steps
      Epoch 1/20 | Batch 30/30 | loss=0.6210 | lr=5.00e-06 | 4.4 batch/s
    Epoch 1/20: train_loss=0.6160, val_loss=0.5557, best=0.5557 *, patience=0/5, 7s
2026-03-22 00:07:03 | INFO  | phase3d |     Epoch 1/20: train_loss=0.6160, val_loss=0.5557, best=0.5557 *, patience=0/5, 7s
      Epoch 2/20 | Batch 30/30 | loss=0.4823 | lr=1.00e-05 | 4.1 batch/s
    Epoch 2/20: train_loss=0.4856, val_loss=0.4983, best=0.4983 *, patience=0/5, 8s
2026-03-22 00:07:11 | INFO  | phase3d |     Epoch 2/20: train_loss=0.4856, val_loss=0.4983, best=0.4983 *, patience=0/5, 8s
      Epoch 3/20 | Batch 30/30 | loss=0.2469 | lr=9.92e-06 | 4.0 batch/s
    Epoch 3/20: train_loss=0.4084, val_loss=0.4317, best=0.4317 *, patience=0/5, 8s
2026-03-22 00:07:19 | INFO  | phase3d |     Epoch 3/20: train_loss=0.4084, val_loss=0.4317, best=0.4317 *, patience=0/5, 8s
      Epoch 4/20 | Batch 30/30 | loss=0.5343 | lr=9.70e-06 | 4.0 batch/s
    Epoch 4/20: train_loss=0.3489, val_loss=0.3968, best=0.3968 *, patience=0/5, 8s
2026-03-22 00:07:27 | INFO  | phase3d |     Epoch 4/20: train_loss=0.3489, val_loss=0.3968, best=0.3968 *, patience=0/5, 8s
      Epoch 5/20 | Batch 30/30 | loss=0.4537 | lr=9.33e-06 | 4.0 batch/s
    Epoch 5/20: train_loss=0.2900, val_loss=0.3781, best=0.3781 *, patience=0/5, 8s
2026-03-22 00:07:34 | INFO  | phase3d |     Epoch 5/20: train_loss=0.2900, val_loss=0.3781, best=0.3781 *, patience=0/5, 8s
      Epoch 6/20 | Batch 30/30 | loss=0.1327 | lr=8.83e-06 | 4.0 batch/s
    Epoch 6/20: train_loss=0.2431, val_loss=0.3620, best=0.3620 *, patience=0/5, 8s
2026-03-22 00:07:42 | INFO  | phase3d |     Epoch 6/20: train_loss=0.2431, val_loss=0.3620, best=0.3620 *, patience=0/5, 8s
      Epoch 7/20 | Batch 30/30 | loss=0.3248 | lr=8.21e-06 | 4.0 batch/s
    Epoch 7/20: train_loss=0.2181, val_loss=0.3571, best=0.3571 *, patience=0/5, 8s
2026-03-22 00:07:50 | INFO  | phase3d |     Epoch 7/20: train_loss=0.2181, val_loss=0.3571, best=0.3571 *, patience=0/5, 8s
      Epoch 8/20 | Batch 30/30 | loss=0.1613 | lr=7.50e-06 | 4.0 batch/s
    Epoch 8/20: train_loss=0.1865, val_loss=0.3451, best=0.3451 *, patience=0/5, 8s
2026-03-22 00:07:58 | INFO  | phase3d |     Epoch 8/20: train_loss=0.1865, val_loss=0.3451, best=0.3451 *, patience=0/5, 8s
      Epoch 9/20 | Batch 30/30 | loss=0.0673 | lr=6.71e-06 | 3.9 batch/s
    Epoch 9/20: train_loss=0.1591, val_loss=0.3645, best=0.3451, patience=1/5, 8s
2026-03-22 00:08:06 | INFO  | phase3d |     Epoch 9/20: train_loss=0.1591, val_loss=0.3645, best=0.3451, patience=1/5, 8s
      Epoch 10/20 | Batch 30/30 | loss=0.1766 | lr=5.87e-06 | 4.0 batch/s
    Epoch 10/20: train_loss=0.1509, val_loss=0.3878, best=0.3451, patience=2/5, 8s
2026-03-22 00:08:14 | INFO  | phase3d |     Epoch 10/20: train_loss=0.1509, val_loss=0.3878, best=0.3451, patience=2/5, 8s
      Epoch 11/20 | Batch 30/30 | loss=0.1852 | lr=5.00e-06 | 4.0 batch/s
    Epoch 11/20: train_loss=0.1341, val_loss=0.4163, best=0.3451, patience=3/5, 8s
2026-03-22 00:08:22 | INFO  | phase3d |     Epoch 11/20: train_loss=0.1341, val_loss=0.4163, best=0.3451, patience=3/5, 8s
      Epoch 12/20 | Batch 30/30 | loss=0.0498 | lr=4.13e-06 | 4.0 batch/s
    Epoch 12/20: train_loss=0.1205, val_loss=0.4119, best=0.3451, patience=4/5, 8s
2026-03-22 00:08:30 | INFO  | phase3d |     Epoch 12/20: train_loss=0.1205, val_loss=0.4119, best=0.3451, patience=4/5, 8s
      Epoch 13/20 | Batch 30/30 | loss=0.0157 | lr=3.29e-06 | 3.9 batch/s
    Epoch 13/20: train_loss=0.1090, val_loss=0.4418, best=0.3451, patience=5/5, 8s
2026-03-22 00:08:38 | INFO  | phase3d |     Epoch 13/20: train_loss=0.1090, val_loss=0.4418, best=0.3451, patience=5/5, 8s
    Early stopping at epoch 13 (patience=5)
2026-03-22 00:08:38 | INFO  | phase3d |       Early stopping at epoch 13
2026-03-22 00:08:39 | INFO  | phase3d |     [10_train_molformer.py:molformer_gut_t5:fold_0] ROC-AUC=0.8748, PR-AUC=0.7494, MCC=0.5421, 103s
    Fold 0 complete: ROC-AUC=0.8748, time=103s
2026-03-22 00:08:39 | INFO  | phase3d |     [10_train_molformer.py:molformer_gut_t5:fold_1] Starting fold 1/5...
2026-03-22 00:08:39 | INFO  | phase3d |     Loading MoLFormer from ibm/MoLFormer-XL-both-10pct...
2026-03-22 00:08:39 | INFO  | phase3d |     transformers version: 4.57.6
A new version of the following files was downloaded from https://huggingface.co/ibm/MoLFormer-XL-both-10pct:
- tokenization_molformer_fast.py
. Make sure to double-check they do not contain any added malicious code. To avoid downloading new versions of the code file, you can pin a revision.
A new version of the following files was downloaded from https://huggingface.co/ibm/MoLFormer-XL-both-10pct:
- configuration_molformer.py
. Make sure to double-check they do not contain any added malicious code. To avoid downloading new versions of the code file, you can pin a revision.
A new version of the following files was downloaded from https://huggingface.co/ibm/MoLFormer-XL-both-10pct:
- modeling_molformer.py
. Make sure to double-check they do not contain any added malicious code. To avoid downloading new versions of the code file, you can pin a revision.
2026-03-22 00:08:43 | INFO  | phase3d |     Encoder: 44.4M params
2026-03-22 00:08:43 | INFO  | phase3d |     Classifier: 769 params
2026-03-22 00:08:43 | INFO  | phase3d |     Device: cuda
2026-03-22 00:08:43 | INFO  | phase3d |     [10_train_molformer.py:molformer_gut_t5:fold_1] Train: 941 compounds, Test: 236 compounds
2026-03-22 00:08:43 | INFO  | phase3d |     [10_train_molformer.py:molformer_gut_t5:fold_1] Params: lr=1e-05, batch=32, epochs=20, patience=5
2026-03-22 00:08:43 | INFO  | phase3d |     Tokenizing 941 training SMILES...
2026-03-22 00:08:43 | INFO  | phase3d |     Tokenized in 0.2s, input shape: torch.Size([941, 202])
2026-03-22 00:08:43 | INFO  | phase3d |     Training: 20 epochs, 30 batches/epoch, batch_size=32, 941 compounds
2026-03-22 00:08:43 | INFO  | phase3d |     LR: encoder=1e-05, classifier=0.0001, warmup=60/600 steps
      Epoch 1/20 | Batch 30/30 | loss=0.5164 | lr=5.00e-06 | 4.4 batch/s
    Epoch 1/20: train_loss=0.5773, val_loss=0.5339, best=0.5339 *, patience=0/5, 7s
2026-03-22 00:08:50 | INFO  | phase3d |     Epoch 1/20: train_loss=0.5773, val_loss=0.5339, best=0.5339 *, patience=0/5, 7s
      Epoch 2/20 | Batch 30/30 | loss=0.7016 | lr=1.00e-05 | 4.1 batch/s
    Epoch 2/20: train_loss=0.4848, val_loss=0.4702, best=0.4702 *, patience=0/5, 8s
2026-03-22 00:08:58 | INFO  | phase3d |     Epoch 2/20: train_loss=0.4848, val_loss=0.4702, best=0.4702 *, patience=0/5, 8s
      Epoch 3/20 | Batch 30/30 | loss=0.4778 | lr=9.92e-06 | 4.0 batch/s
    Epoch 3/20: train_loss=0.3903, val_loss=0.4246, best=0.4246 *, patience=0/5, 8s
2026-03-22 00:09:06 | INFO  | phase3d |     Epoch 3/20: train_loss=0.3903, val_loss=0.4246, best=0.4246 *, patience=0/5, 8s
      Epoch 4/20 | Batch 30/30 | loss=0.3825 | lr=9.70e-06 | 4.0 batch/s
    Epoch 4/20: train_loss=0.3303, val_loss=0.3932, best=0.3932 *, patience=0/5, 8s
2026-03-22 00:09:13 | INFO  | phase3d |     Epoch 4/20: train_loss=0.3303, val_loss=0.3932, best=0.3932 *, patience=0/5, 8s
      Epoch 5/20 | Batch 30/30 | loss=0.1024 | lr=9.33e-06 | 4.0 batch/s
    Epoch 5/20: train_loss=0.2754, val_loss=0.3879, best=0.3879 *, patience=0/5, 8s
2026-03-22 00:09:21 | INFO  | phase3d |     Epoch 5/20: train_loss=0.2754, val_loss=0.3879, best=0.3879 *, patience=0/5, 8s
      Epoch 6/20 | Batch 30/30 | loss=0.0722 | lr=8.83e-06 | 4.0 batch/s
    Epoch 6/20: train_loss=0.2391, val_loss=0.4160, best=0.3879, patience=1/5, 8s
2026-03-22 00:09:29 | INFO  | phase3d |     Epoch 6/20: train_loss=0.2391, val_loss=0.4160, best=0.3879, patience=1/5, 8s
      Epoch 7/20 | Batch 30/30 | loss=0.1940 | lr=8.21e-06 | 4.0 batch/s
    Epoch 7/20: train_loss=0.2142, val_loss=0.3970, best=0.3879, patience=2/5, 8s
2026-03-22 00:09:37 | INFO  | phase3d |     Epoch 7/20: train_loss=0.2142, val_loss=0.3970, best=0.3879, patience=2/5, 8s
      Epoch 8/20 | Batch 30/30 | loss=0.0473 | lr=7.50e-06 | 4.0 batch/s
    Epoch 8/20: train_loss=0.1811, val_loss=0.4033, best=0.3879, patience=3/5, 8s
2026-03-22 00:09:45 | INFO  | phase3d |     Epoch 8/20: train_loss=0.1811, val_loss=0.4033, best=0.3879, patience=3/5, 8s
      Epoch 9/20 | Batch 30/30 | loss=0.1468 | lr=6.71e-06 | 3.9 batch/s
    Epoch 9/20: train_loss=0.1670, val_loss=0.4297, best=0.3879, patience=4/5, 8s
2026-03-22 00:09:53 | INFO  | phase3d |     Epoch 9/20: train_loss=0.1670, val_loss=0.4297, best=0.3879, patience=4/5, 8s
      Epoch 10/20 | Batch 30/30 | loss=0.0192 | lr=5.87e-06 | 3.9 batch/s
    Epoch 10/20: train_loss=0.1497, val_loss=0.4306, best=0.3879, patience=5/5, 8s
2026-03-22 00:10:01 | INFO  | phase3d |     Epoch 10/20: train_loss=0.1497, val_loss=0.4306, best=0.3879, patience=5/5, 8s
    Early stopping at epoch 10 (patience=5)
2026-03-22 00:10:01 | INFO  | phase3d |       Early stopping at epoch 10
2026-03-22 00:10:01 | INFO  | phase3d |     [10_train_molformer.py:molformer_gut_t5:fold_1] ROC-AUC=0.8126, PR-AUC=0.6478, MCC=0.5008, 79s
    Fold 1 complete: ROC-AUC=0.8126, time=79s
2026-03-22 00:10:02 | INFO  | phase3d |     [10_train_molformer.py:molformer_gut_t5:fold_2] Starting fold 2/5...
2026-03-22 00:10:02 | INFO  | phase3d |     Loading MoLFormer from ibm/MoLFormer-XL-both-10pct...
2026-03-22 00:10:02 | INFO  | phase3d |     transformers version: 4.57.6
A new version of the following files was downloaded from https://huggingface.co/ibm/MoLFormer-XL-both-10pct:
- tokenization_molformer_fast.py
. Make sure to double-check they do not contain any added malicious code. To avoid downloading new versions of the code file, you can pin a revision.
A new version of the following files was downloaded from https://huggingface.co/ibm/MoLFormer-XL-both-10pct:
- configuration_molformer.py
. Make sure to double-check they do not contain any added malicious code. To avoid downloading new versions of the code file, you can pin a revision.
A new version of the following files was downloaded from https://huggingface.co/ibm/MoLFormer-XL-both-10pct:
- modeling_molformer.py
. Make sure to double-check they do not contain any added malicious code. To avoid downloading new versions of the code file, you can pin a revision.
2026-03-22 00:10:05 | INFO  | phase3d |     Encoder: 44.4M params
2026-03-22 00:10:05 | INFO  | phase3d |     Classifier: 769 params
2026-03-22 00:10:05 | INFO  | phase3d |     Device: cuda
2026-03-22 00:10:05 | INFO  | phase3d |     [10_train_molformer.py:molformer_gut_t5:fold_2] Train: 941 compounds, Test: 236 compounds
2026-03-22 00:10:05 | INFO  | phase3d |     [10_train_molformer.py:molformer_gut_t5:fold_2] Params: lr=1e-05, batch=32, epochs=20, patience=5
2026-03-22 00:10:05 | INFO  | phase3d |     Tokenizing 941 training SMILES...
2026-03-22 00:10:05 | INFO  | phase3d |     Tokenized in 0.2s, input shape: torch.Size([941, 202])
2026-03-22 00:10:05 | INFO  | phase3d |     Training: 20 epochs, 30 batches/epoch, batch_size=32, 941 compounds
2026-03-22 00:10:05 | INFO  | phase3d |     LR: encoder=1e-05, classifier=0.0001, warmup=60/600 steps
      Epoch 1/20 | Batch 30/30 | loss=0.6254 | lr=5.00e-06 | 4.4 batch/s
    Epoch 1/20: train_loss=0.7191, val_loss=0.5962, best=0.5962 *, patience=0/5, 7s
2026-03-22 00:10:13 | INFO  | phase3d |     Epoch 1/20: train_loss=0.7191, val_loss=0.5962, best=0.5962 *, patience=0/5, 7s
      Epoch 2/20 | Batch 30/30 | loss=0.4407 | lr=1.00e-05 | 4.1 batch/s
    Epoch 2/20: train_loss=0.4923, val_loss=0.5102, best=0.5102 *, patience=0/5, 8s
2026-03-22 00:10:20 | INFO  | phase3d |     Epoch 2/20: train_loss=0.4923, val_loss=0.5102, best=0.5102 *, patience=0/5, 8s
      Epoch 3/20 | Batch 30/30 | loss=0.5271 | lr=9.92e-06 | 4.1 batch/s
    Epoch 3/20: train_loss=0.3763, val_loss=0.5304, best=0.5102, patience=1/5, 8s
2026-03-22 00:10:28 | INFO  | phase3d |     Epoch 3/20: train_loss=0.3763, val_loss=0.5304, best=0.5102, patience=1/5, 8s
      Epoch 4/20 | Batch 30/30 | loss=0.2172 | lr=9.70e-06 | 4.0 batch/s
    Epoch 4/20: train_loss=0.3097, val_loss=0.4945, best=0.4945 *, patience=0/5, 8s
2026-03-22 00:10:36 | INFO  | phase3d |     Epoch 4/20: train_loss=0.3097, val_loss=0.4945, best=0.4945 *, patience=0/5, 8s
      Epoch 5/20 | Batch 30/30 | loss=0.1397 | lr=9.33e-06 | 4.0 batch/s
    Epoch 5/20: train_loss=0.2652, val_loss=0.4919, best=0.4919 *, patience=0/5, 8s
2026-03-22 00:10:44 | INFO  | phase3d |     Epoch 5/20: train_loss=0.2652, val_loss=0.4919, best=0.4919 *, patience=0/5, 8s
      Epoch 6/20 | Batch 30/30 | loss=0.1965 | lr=8.83e-06 | 4.0 batch/s
    Epoch 6/20: train_loss=0.2357, val_loss=0.4768, best=0.4768 *, patience=0/5, 8s
2026-03-22 00:10:52 | INFO  | phase3d |     Epoch 6/20: train_loss=0.2357, val_loss=0.4768, best=0.4768 *, patience=0/5, 8s
      Epoch 7/20 | Batch 30/30 | loss=0.1656 | lr=8.21e-06 | 4.0 batch/s
    Epoch 7/20: train_loss=0.2076, val_loss=0.4828, best=0.4768, patience=1/5, 8s
2026-03-22 00:11:00 | INFO  | phase3d |     Epoch 7/20: train_loss=0.2076, val_loss=0.4828, best=0.4768, patience=1/5, 8s
      Epoch 8/20 | Batch 30/30 | loss=0.4382 | lr=7.50e-06 | 4.0 batch/s
    Epoch 8/20: train_loss=0.1949, val_loss=0.4808, best=0.4768, patience=2/5, 8s
2026-03-22 00:11:08 | INFO  | phase3d |     Epoch 8/20: train_loss=0.1949, val_loss=0.4808, best=0.4768, patience=2/5, 8s
      Epoch 9/20 | Batch 30/30 | loss=0.0266 | lr=6.71e-06 | 4.0 batch/s
    Epoch 9/20: train_loss=0.1599, val_loss=0.5365, best=0.4768, patience=3/5, 8s
2026-03-22 00:11:16 | INFO  | phase3d |     Epoch 9/20: train_loss=0.1599, val_loss=0.5365, best=0.4768, patience=3/5, 8s
      Epoch 10/20 | Batch 30/30 | loss=0.2123 | lr=5.87e-06 | 4.0 batch/s
    Epoch 10/20: train_loss=0.1549, val_loss=0.5681, best=0.4768, patience=4/5, 8s
2026-03-22 00:11:24 | INFO  | phase3d |     Epoch 10/20: train_loss=0.1549, val_loss=0.5681, best=0.4768, patience=4/5, 8s
      Epoch 11/20 | Batch 30/30 | loss=0.0970 | lr=5.00e-06 | 4.0 batch/s
    Epoch 11/20: train_loss=0.1395, val_loss=0.6396, best=0.4768, patience=5/5, 8s
2026-03-22 00:11:31 | INFO  | phase3d |     Epoch 11/20: train_loss=0.1395, val_loss=0.6396, best=0.4768, patience=5/5, 8s
    Early stopping at epoch 11 (patience=5)
2026-03-22 00:11:31 | INFO  | phase3d |       Early stopping at epoch 11
2026-03-22 00:11:32 | INFO  | phase3d |     [10_train_molformer.py:molformer_gut_t5:fold_2] ROC-AUC=0.7946, PR-AUC=0.6316, MCC=0.4296, 87s
    Fold 2 complete: ROC-AUC=0.7946, time=87s
2026-03-22 00:11:32 | INFO  | phase3d |     [10_train_molformer.py:molformer_gut_t5:fold_3] Starting fold 3/5...
2026-03-22 00:11:32 | INFO  | phase3d |     Loading MoLFormer from ibm/MoLFormer-XL-both-10pct...
2026-03-22 00:11:32 | INFO  | phase3d |     transformers version: 4.57.6
A new version of the following files was downloaded from https://huggingface.co/ibm/MoLFormer-XL-both-10pct:
- tokenization_molformer_fast.py
. Make sure to double-check they do not contain any added malicious code. To avoid downloading new versions of the code file, you can pin a revision.
A new version of the following files was downloaded from https://huggingface.co/ibm/MoLFormer-XL-both-10pct:
- configuration_molformer.py
. Make sure to double-check they do not contain any added malicious code. To avoid downloading new versions of the code file, you can pin a revision.
A new version of the following files was downloaded from https://huggingface.co/ibm/MoLFormer-XL-both-10pct:
- modeling_molformer.py
. Make sure to double-check they do not contain any added malicious code. To avoid downloading new versions of the code file, you can pin a revision.
2026-03-22 00:11:36 | INFO  | phase3d |     Encoder: 44.4M params
2026-03-22 00:11:36 | INFO  | phase3d |     Classifier: 769 params
2026-03-22 00:11:36 | INFO  | phase3d |     Device: cuda
2026-03-22 00:11:36 | INFO  | phase3d |     [10_train_molformer.py:molformer_gut_t5:fold_3] Train: 942 compounds, Test: 235 compounds
2026-03-22 00:11:36 | INFO  | phase3d |     [10_train_molformer.py:molformer_gut_t5:fold_3] Params: lr=1e-05, batch=32, epochs=20, patience=5
2026-03-22 00:11:36 | INFO  | phase3d |     Tokenizing 942 training SMILES...
2026-03-22 00:11:36 | INFO  | phase3d |     Tokenized in 0.2s, input shape: torch.Size([942, 202])
2026-03-22 00:11:36 | INFO  | phase3d |     Training: 20 epochs, 30 batches/epoch, batch_size=32, 942 compounds
2026-03-22 00:11:36 | INFO  | phase3d |     LR: encoder=1e-05, classifier=0.0001, warmup=60/600 steps
      Epoch 1/20 | Batch 30/30 | loss=0.5788 | lr=5.00e-06 | 4.3 batch/s
    Epoch 1/20: train_loss=0.6026, val_loss=0.4313, best=0.4313 *, patience=0/5, 7s
2026-03-22 00:11:43 | INFO  | phase3d |     Epoch 1/20: train_loss=0.6026, val_loss=0.4313, best=0.4313 *, patience=0/5, 7s
      Epoch 2/20 | Batch 30/30 | loss=0.4349 | lr=1.00e-05 | 4.1 batch/s
    Epoch 2/20: train_loss=0.5036, val_loss=0.3205, best=0.3205 *, patience=0/5, 8s
2026-03-22 00:11:51 | INFO  | phase3d |     Epoch 2/20: train_loss=0.5036, val_loss=0.3205, best=0.3205 *, patience=0/5, 8s
      Epoch 3/20 | Batch 30/30 | loss=0.3495 | lr=9.92e-06 | 4.0 batch/s
    Epoch 3/20: train_loss=0.4294, val_loss=0.2954, best=0.2954 *, patience=0/5, 8s
2026-03-22 00:11:59 | INFO  | phase3d |     Epoch 3/20: train_loss=0.4294, val_loss=0.2954, best=0.2954 *, patience=0/5, 8s
      Epoch 4/20 | Batch 30/30 | loss=0.2927 | lr=9.70e-06 | 4.0 batch/s
    Epoch 4/20: train_loss=0.3694, val_loss=0.2609, best=0.2609 *, patience=0/5, 8s
2026-03-22 00:12:06 | INFO  | phase3d |     Epoch 4/20: train_loss=0.3694, val_loss=0.2609, best=0.2609 *, patience=0/5, 8s
      Epoch 5/20 | Batch 30/30 | loss=0.3396 | lr=9.33e-06 | 4.0 batch/s
    Epoch 5/20: train_loss=0.3214, val_loss=0.2357, best=0.2357 *, patience=0/5, 8s
2026-03-22 00:12:14 | INFO  | phase3d |     Epoch 5/20: train_loss=0.3214, val_loss=0.2357, best=0.2357 *, patience=0/5, 8s
      Epoch 6/20 | Batch 30/30 | loss=0.2496 | lr=8.83e-06 | 4.0 batch/s
    Epoch 6/20: train_loss=0.2710, val_loss=0.2538, best=0.2357, patience=1/5, 8s
2026-03-22 00:12:22 | INFO  | phase3d |     Epoch 6/20: train_loss=0.2710, val_loss=0.2538, best=0.2357, patience=1/5, 8s
      Epoch 7/20 | Batch 30/30 | loss=0.0830 | lr=8.21e-06 | 4.0 batch/s
    Epoch 7/20: train_loss=0.2383, val_loss=0.2432, best=0.2357, patience=2/5, 8s
2026-03-22 00:12:30 | INFO  | phase3d |     Epoch 7/20: train_loss=0.2383, val_loss=0.2432, best=0.2357, patience=2/5, 8s
      Epoch 8/20 | Batch 30/30 | loss=0.0525 | lr=7.50e-06 | 4.0 batch/s
    Epoch 8/20: train_loss=0.2074, val_loss=0.2572, best=0.2357, patience=3/5, 8s
2026-03-22 00:12:38 | INFO  | phase3d |     Epoch 8/20: train_loss=0.2074, val_loss=0.2572, best=0.2357, patience=3/5, 8s
      Epoch 9/20 | Batch 30/30 | loss=0.0221 | lr=6.71e-06 | 4.0 batch/s
    Epoch 9/20: train_loss=0.1880, val_loss=0.2645, best=0.2357, patience=4/5, 8s
2026-03-22 00:12:46 | INFO  | phase3d |     Epoch 9/20: train_loss=0.1880, val_loss=0.2645, best=0.2357, patience=4/5, 8s
      Epoch 10/20 | Batch 30/30 | loss=0.2149 | lr=5.87e-06 | 3.9 batch/s
    Epoch 10/20: train_loss=0.1646, val_loss=0.3022, best=0.2357, patience=5/5, 8s
2026-03-22 00:12:54 | INFO  | phase3d |     Epoch 10/20: train_loss=0.1646, val_loss=0.3022, best=0.2357, patience=5/5, 8s
    Early stopping at epoch 10 (patience=5)
2026-03-22 00:12:54 | INFO  | phase3d |       Early stopping at epoch 10
2026-03-22 00:12:54 | INFO  | phase3d |     [10_train_molformer.py:molformer_gut_t5:fold_3] ROC-AUC=0.8451, PR-AUC=0.4985, MCC=0.4821, 79s
    Fold 3 complete: ROC-AUC=0.8451, time=79s
2026-03-22 00:12:54 | INFO  | phase3d |     [10_train_molformer.py:molformer_gut_t5:fold_4] Starting fold 4/5...
2026-03-22 00:12:54 | INFO  | phase3d |     Loading MoLFormer from ibm/MoLFormer-XL-both-10pct...
2026-03-22 00:12:54 | INFO  | phase3d |     transformers version: 4.57.6
A new version of the following files was downloaded from https://huggingface.co/ibm/MoLFormer-XL-both-10pct:
- tokenization_molformer_fast.py
. Make sure to double-check they do not contain any added malicious code. To avoid downloading new versions of the code file, you can pin a revision.
A new version of the following files was downloaded from https://huggingface.co/ibm/MoLFormer-XL-both-10pct:
- configuration_molformer.py
. Make sure to double-check they do not contain any added malicious code. To avoid downloading new versions of the code file, you can pin a revision.
A new version of the following files was downloaded from https://huggingface.co/ibm/MoLFormer-XL-both-10pct:
- modeling_molformer.py
. Make sure to double-check they do not contain any added malicious code. To avoid downloading new versions of the code file, you can pin a revision.
2026-03-22 00:12:58 | INFO  | phase3d |     Encoder: 44.4M params
2026-03-22 00:12:58 | INFO  | phase3d |     Classifier: 769 params
2026-03-22 00:12:58 | INFO  | phase3d |     Device: cuda
2026-03-22 00:12:58 | INFO  | phase3d |     [10_train_molformer.py:molformer_gut_t5:fold_4] Train: 942 compounds, Test: 235 compounds
2026-03-22 00:12:58 | INFO  | phase3d |     [10_train_molformer.py:molformer_gut_t5:fold_4] Params: lr=1e-05, batch=32, epochs=20, patience=5
2026-03-22 00:12:58 | INFO  | phase3d |     Tokenizing 942 training SMILES...
2026-03-22 00:12:58 | INFO  | phase3d |     Tokenized in 0.2s, input shape: torch.Size([942, 181])
2026-03-22 00:12:58 | INFO  | phase3d |     Training: 20 epochs, 30 batches/epoch, batch_size=32, 942 compounds
2026-03-22 00:12:58 | INFO  | phase3d |     LR: encoder=1e-05, classifier=0.0001, warmup=60/600 steps
      Epoch 1/20 | Batch 30/30 | loss=0.5559 | lr=5.00e-06 | 4.7 batch/s
    Epoch 1/20: train_loss=0.7139, val_loss=0.5797, best=0.5797 *, patience=0/5, 7s
2026-03-22 00:13:05 | INFO  | phase3d |     Epoch 1/20: train_loss=0.7139, val_loss=0.5797, best=0.5797 *, patience=0/5, 7s
      Epoch 2/20 | Batch 30/30 | loss=0.4738 | lr=1.00e-05 | 4.4 batch/s
    Epoch 2/20: train_loss=0.4893, val_loss=0.5168, best=0.5168 *, patience=0/5, 7s
2026-03-22 00:13:12 | INFO  | phase3d |     Epoch 2/20: train_loss=0.4893, val_loss=0.5168, best=0.5168 *, patience=0/5, 7s
      Epoch 3/20 | Batch 30/30 | loss=0.2816 | lr=9.92e-06 | 4.3 batch/s
    Epoch 3/20: train_loss=0.3959, val_loss=0.4533, best=0.4533 *, patience=0/5, 7s
2026-03-22 00:13:20 | INFO  | phase3d |     Epoch 3/20: train_loss=0.3959, val_loss=0.4533, best=0.4533 *, patience=0/5, 7s
      Epoch 4/20 | Batch 30/30 | loss=0.3720 | lr=9.70e-06 | 4.3 batch/s
    Epoch 4/20: train_loss=0.3436, val_loss=0.3742, best=0.3742 *, patience=0/5, 7s
2026-03-22 00:13:27 | INFO  | phase3d |     Epoch 4/20: train_loss=0.3436, val_loss=0.3742, best=0.3742 *, patience=0/5, 7s
      Epoch 5/20 | Batch 30/30 | loss=0.3894 | lr=9.33e-06 | 4.3 batch/s
    Epoch 5/20: train_loss=0.2918, val_loss=0.3465, best=0.3465 *, patience=0/5, 8s
2026-03-22 00:13:35 | INFO  | phase3d |     Epoch 5/20: train_loss=0.2918, val_loss=0.3465, best=0.3465 *, patience=0/5, 8s
      Epoch 6/20 | Batch 30/30 | loss=0.2183 | lr=8.83e-06 | 4.2 batch/s
    Epoch 6/20: train_loss=0.2448, val_loss=0.3805, best=0.3465, patience=1/5, 8s
2026-03-22 00:13:42 | INFO  | phase3d |     Epoch 6/20: train_loss=0.2448, val_loss=0.3805, best=0.3465, patience=1/5, 8s
      Epoch 7/20 | Batch 30/30 | loss=0.1582 | lr=8.21e-06 | 4.2 batch/s
    Epoch 7/20: train_loss=0.2120, val_loss=0.3642, best=0.3465, patience=2/5, 8s
2026-03-22 00:13:50 | INFO  | phase3d |     Epoch 7/20: train_loss=0.2120, val_loss=0.3642, best=0.3465, patience=2/5, 8s
      Epoch 8/20 | Batch 30/30 | loss=0.0605 | lr=7.50e-06 | 4.2 batch/s
    Epoch 8/20: train_loss=0.1835, val_loss=0.3409, best=0.3409 *, patience=0/5, 8s
2026-03-22 00:13:57 | INFO  | phase3d |     Epoch 8/20: train_loss=0.1835, val_loss=0.3409, best=0.3409 *, patience=0/5, 8s
      Epoch 9/20 | Batch 30/30 | loss=0.0628 | lr=6.71e-06 | 4.2 batch/s
    Epoch 9/20: train_loss=0.1642, val_loss=0.4111, best=0.3409, patience=1/5, 8s
2026-03-22 00:14:05 | INFO  | phase3d |     Epoch 9/20: train_loss=0.1642, val_loss=0.4111, best=0.3409, patience=1/5, 8s
      Epoch 10/20 | Batch 30/30 | loss=0.1795 | lr=5.87e-06 | 4.2 batch/s
    Epoch 10/20: train_loss=0.1414, val_loss=0.4112, best=0.3409, patience=2/5, 8s
2026-03-22 00:14:12 | INFO  | phase3d |     Epoch 10/20: train_loss=0.1414, val_loss=0.4112, best=0.3409, patience=2/5, 8s
      Epoch 11/20 | Batch 30/30 | loss=0.0405 | lr=5.00e-06 | 4.2 batch/s
    Epoch 11/20: train_loss=0.1365, val_loss=0.4094, best=0.3409, patience=3/5, 8s
2026-03-22 00:14:20 | INFO  | phase3d |     Epoch 11/20: train_loss=0.1365, val_loss=0.4094, best=0.3409, patience=3/5, 8s
      Epoch 12/20 | Batch 30/30 | loss=0.0191 | lr=4.13e-06 | 4.2 batch/s
    Epoch 12/20: train_loss=0.1180, val_loss=0.4288, best=0.3409, patience=4/5, 8s
2026-03-22 00:14:28 | INFO  | phase3d |     Epoch 12/20: train_loss=0.1180, val_loss=0.4288, best=0.3409, patience=4/5, 8s
      Epoch 13/20 | Batch 30/30 | loss=0.1287 | lr=3.29e-06 | 4.2 batch/s
    Epoch 13/20: train_loss=0.1126, val_loss=0.4357, best=0.3409, patience=5/5, 8s
2026-03-22 00:14:35 | INFO  | phase3d |     Epoch 13/20: train_loss=0.1126, val_loss=0.4357, best=0.3409, patience=5/5, 8s
    Early stopping at epoch 13 (patience=5)
2026-03-22 00:14:35 | INFO  | phase3d |       Early stopping at epoch 13
2026-03-22 00:14:36 | INFO  | phase3d |     [10_train_molformer.py:molformer_gut_t5:fold_4] ROC-AUC=0.9085, PR-AUC=0.7310, MCC=0.6203, 98s
    Fold 4 complete: ROC-AUC=0.9085, time=98s
2026-03-22 00:14:36 | INFO  | phase3d |   molformer_gut_t5 CV: ROC-AUC = 0.8471 +/- 0.0412
2026-03-22 00:14:36 | INFO  | phase3d |   molformer_gut_t5: 464s
2026-03-22 00:14:36 | INFO  | phase3d |     Training final molformer_gut_t5 on all 1177 samples...
2026-03-22 00:14:36 | INFO  | phase3d |     Loading MoLFormer from ibm/MoLFormer-XL-both-10pct...
2026-03-22 00:14:36 | INFO  | phase3d |     transformers version: 4.57.6
A new version of the following files was downloaded from https://huggingface.co/ibm/MoLFormer-XL-both-10pct:
- tokenization_molformer_fast.py
. Make sure to double-check they do not contain any added malicious code. To avoid downloading new versions of the code file, you can pin a revision.
A new version of the following files was downloaded from https://huggingface.co/ibm/MoLFormer-XL-both-10pct:
- configuration_molformer.py
. Make sure to double-check they do not contain any added malicious code. To avoid downloading new versions of the code file, you can pin a revision.
A new version of the following files was downloaded from https://huggingface.co/ibm/MoLFormer-XL-both-10pct:
- modeling_molformer.py
. Make sure to double-check they do not contain any added malicious code. To avoid downloading new versions of the code file, you can pin a revision.
2026-03-22 00:14:40 | INFO  | phase3d |     Encoder: 44.4M params
2026-03-22 00:14:40 | INFO  | phase3d |     Classifier: 769 params
2026-03-22 00:14:40 | INFO  | phase3d |     Device: cuda
2026-03-22 00:14:40 | INFO  | phase3d |     Tokenizing 1177 training SMILES...
2026-03-22 00:14:40 | INFO  | phase3d |     Tokenized in 0.3s, input shape: torch.Size([1177, 202])
2026-03-22 00:14:40 | INFO  | phase3d |     Training: 20 epochs, 37 batches/epoch, batch_size=32, 1177 compounds
2026-03-22 00:14:40 | INFO  | phase3d |     LR: encoder=1e-05, classifier=0.0001, warmup=74/740 steps
      Epoch 1/20 | Batch 37/37 | loss=0.5778 | lr=5.00e-06 | 4.3 batch/s
    Epoch 1/20: train_loss=0.5842, 9s
2026-03-22 00:14:49 | INFO  | phase3d |     Epoch 1/20: train_loss=0.5842, 9s
      Epoch 2/20 | Batch 37/37 | loss=0.4349 | lr=1.00e-05 | 4.0 batch/s
    Epoch 2/20: train_loss=0.4681, 9s
2026-03-22 00:14:58 | INFO  | phase3d |     Epoch 2/20: train_loss=0.4681, 9s
      Epoch 3/20 | Batch 37/37 | loss=0.3921 | lr=9.92e-06 | 4.0 batch/s
    Epoch 3/20: train_loss=0.3918, 9s
2026-03-22 00:15:07 | INFO  | phase3d |     Epoch 3/20: train_loss=0.3918, 9s
      Epoch 4/20 | Batch 37/37 | loss=0.2675 | lr=9.70e-06 | 3.9 batch/s
    Epoch 4/20: train_loss=0.3274, 9s
2026-03-22 00:15:17 | INFO  | phase3d |     Epoch 4/20: train_loss=0.3274, 9s
      Epoch 5/20 | Batch 37/37 | loss=0.1675 | lr=9.33e-06 | 3.9 batch/s
    Epoch 5/20: train_loss=0.2723, 9s
2026-03-22 00:15:26 | INFO  | phase3d |     Epoch 5/20: train_loss=0.2723, 9s
      Epoch 6/20 | Batch 37/37 | loss=0.2117 | lr=8.83e-06 | 3.9 batch/s
    Epoch 6/20: train_loss=0.2393, 9s
2026-03-22 00:15:35 | INFO  | phase3d |     Epoch 6/20: train_loss=0.2393, 9s
      Epoch 7/20 | Batch 37/37 | loss=0.1439 | lr=8.21e-06 | 3.9 batch/s
    Epoch 7/20: train_loss=0.2071, 9s
2026-03-22 00:15:45 | INFO  | phase3d |     Epoch 7/20: train_loss=0.2071, 9s
      Epoch 8/20 | Batch 37/37 | loss=0.2294 | lr=7.50e-06 | 3.9 batch/s
    Epoch 8/20: train_loss=0.1902, 10s
2026-03-22 00:15:54 | INFO  | phase3d |     Epoch 8/20: train_loss=0.1902, 10s
      Epoch 9/20 | Batch 37/37 | loss=0.1130 | lr=6.71e-06 | 3.9 batch/s
    Epoch 9/20: train_loss=0.1736, 9s
2026-03-22 00:16:04 | INFO  | phase3d |     Epoch 9/20: train_loss=0.1736, 9s
      Epoch 10/20 | Batch 37/37 | loss=0.0904 | lr=5.87e-06 | 3.9 batch/s
    Epoch 10/20: train_loss=0.1508, 9s
2026-03-22 00:16:13 | INFO  | phase3d |     Epoch 10/20: train_loss=0.1508, 9s
      Epoch 11/20 | Batch 37/37 | loss=0.0953 | lr=5.00e-06 | 3.9 batch/s
    Epoch 11/20: train_loss=0.1382, 10s
2026-03-22 00:16:23 | INFO  | phase3d |     Epoch 11/20: train_loss=0.1382, 10s
      Epoch 12/20 | Batch 37/37 | loss=0.0657 | lr=4.13e-06 | 3.9 batch/s
    Epoch 12/20: train_loss=0.1284, 10s
2026-03-22 00:16:33 | INFO  | phase3d |     Epoch 12/20: train_loss=0.1284, 10s
      Epoch 13/20 | Batch 37/37 | loss=0.0773 | lr=3.29e-06 | 3.9 batch/s
    Epoch 13/20: train_loss=0.1162, 9s
2026-03-22 00:16:42 | INFO  | phase3d |     Epoch 13/20: train_loss=0.1162, 9s
      Epoch 14/20 | Batch 37/37 | loss=0.4220 | lr=2.50e-06 | 3.9 batch/s
    Epoch 14/20: train_loss=0.1185, 10s
2026-03-22 00:16:52 | INFO  | phase3d |     Epoch 14/20: train_loss=0.1185, 10s
      Epoch 15/20 | Batch 37/37 | loss=0.0771 | lr=1.79e-06 | 3.9 batch/s
    Epoch 15/20: train_loss=0.0991, 10s
2026-03-22 00:17:01 | INFO  | phase3d |     Epoch 15/20: train_loss=0.0991, 10s
      Epoch 16/20 | Batch 37/37 | loss=0.0992 | lr=1.17e-06 | 3.9 batch/s
    Epoch 16/20: train_loss=0.0913, 10s
2026-03-22 00:17:11 | INFO  | phase3d |     Epoch 16/20: train_loss=0.0913, 10s
      Epoch 17/20 | Batch 37/37 | loss=0.1594 | lr=6.70e-07 | 3.9 batch/s
    Epoch 17/20: train_loss=0.0886, 10s
2026-03-22 00:17:20 | INFO  | phase3d |     Epoch 17/20: train_loss=0.0886, 10s
      Epoch 18/20 | Batch 37/37 | loss=0.0320 | lr=3.02e-07 | 3.9 batch/s
    Epoch 18/20: train_loss=0.0867, 10s
2026-03-22 00:17:30 | INFO  | phase3d |     Epoch 18/20: train_loss=0.0867, 10s
      Epoch 19/20 | Batch 37/37 | loss=0.1166 | lr=7.60e-08 | 3.9 batch/s
    Epoch 19/20: train_loss=0.0796, 10s
2026-03-22 00:17:39 | INFO  | phase3d |     Epoch 19/20: train_loss=0.0796, 10s
      Epoch 20/20 | Batch 37/37 | loss=0.2145 | lr=0.00e+00 | 3.9 batch/s
    Epoch 20/20: train_loss=0.0895, 10s
2026-03-22 00:17:49 | INFO  | phase3d |     Epoch 20/20: train_loss=0.0895, 10s
2026-03-22 00:18:02 | INFO  | phase3d |     Screening: /scratch/vishakha.agrawal/antibiotic-selectivity/outputs/runs/run_20260315_034033/results/screening/molformer_ranked_gut_t5.csv (6739 compounds)
2026-03-22 00:18:02 | INFO  | phase3d | 
  >>> Model 6/7: molformer_gut_t10 <<<
2026-03-22 00:18:02 | INFO  | phase3d | 
  Training molformer_gut_t10 with 5-fold scaffold CV...
2026-03-22 00:18:02 | INFO  | phase3d |     [10_train_molformer.py:molformer_gut_t10:fold_0] Starting fold 0/5...
2026-03-22 00:18:02 | INFO  | phase3d |     Loading MoLFormer from ibm/MoLFormer-XL-both-10pct...
2026-03-22 00:18:02 | INFO  | phase3d |     transformers version: 4.57.6
A new version of the following files was downloaded from https://huggingface.co/ibm/MoLFormer-XL-both-10pct:
- tokenization_molformer_fast.py
. Make sure to double-check they do not contain any added malicious code. To avoid downloading new versions of the code file, you can pin a revision.
A new version of the following files was downloaded from https://huggingface.co/ibm/MoLFormer-XL-both-10pct:
- configuration_molformer.py
. Make sure to double-check they do not contain any added malicious code. To avoid downloading new versions of the code file, you can pin a revision.
A new version of the following files was downloaded from https://huggingface.co/ibm/MoLFormer-XL-both-10pct:
- modeling_molformer.py
. Make sure to double-check they do not contain any added malicious code. To avoid downloading new versions of the code file, you can pin a revision.
2026-03-22 00:18:06 | INFO  | phase3d |     Encoder: 44.4M params
2026-03-22 00:18:06 | INFO  | phase3d |     Classifier: 769 params
2026-03-22 00:18:06 | INFO  | phase3d |     Device: cuda
2026-03-22 00:18:06 | INFO  | phase3d |     [10_train_molformer.py:molformer_gut_t10:fold_0] Train: 942 compounds, Test: 235 compounds
2026-03-22 00:18:06 | INFO  | phase3d |     [10_train_molformer.py:molformer_gut_t10:fold_0] Params: lr=1e-05, batch=32, epochs=20, patience=5
2026-03-22 00:18:06 | INFO  | phase3d |     Tokenizing 942 training SMILES...
2026-03-22 00:18:06 | INFO  | phase3d |     Tokenized in 0.2s, input shape: torch.Size([942, 202])
2026-03-22 00:18:06 | INFO  | phase3d |     Training: 20 epochs, 30 batches/epoch, batch_size=32, 942 compounds
2026-03-22 00:18:06 | INFO  | phase3d |     LR: encoder=1e-05, classifier=0.0001, warmup=60/600 steps
      Epoch 1/20 | Batch 30/30 | loss=0.6139 | lr=5.00e-06 | 4.3 batch/s
    Epoch 1/20: train_loss=0.7443, val_loss=0.5915, best=0.5915 *, patience=0/5, 7s
2026-03-22 00:18:13 | INFO  | phase3d |     Epoch 1/20: train_loss=0.7443, val_loss=0.5915, best=0.5915 *, patience=0/5, 7s
      Epoch 2/20 | Batch 30/30 | loss=0.4474 | lr=1.00e-05 | 4.1 batch/s
    Epoch 2/20: train_loss=0.4459, val_loss=0.4557, best=0.4557 *, patience=0/5, 8s
2026-03-22 00:18:21 | INFO  | phase3d |     Epoch 2/20: train_loss=0.4459, val_loss=0.4557, best=0.4557 *, patience=0/5, 8s
      Epoch 3/20 | Batch 30/30 | loss=0.2644 | lr=9.92e-06 | 4.0 batch/s
    Epoch 3/20: train_loss=0.3450, val_loss=0.3645, best=0.3645 *, patience=0/5, 8s
2026-03-22 00:18:29 | INFO  | phase3d |     Epoch 3/20: train_loss=0.3450, val_loss=0.3645, best=0.3645 *, patience=0/5, 8s
      Epoch 4/20 | Batch 30/30 | loss=0.1069 | lr=9.70e-06 | 4.0 batch/s
    Epoch 4/20: train_loss=0.2814, val_loss=0.3548, best=0.3548 *, patience=0/5, 8s
2026-03-22 00:18:37 | INFO  | phase3d |     Epoch 4/20: train_loss=0.2814, val_loss=0.3548, best=0.3548 *, patience=0/5, 8s
      Epoch 5/20 | Batch 30/30 | loss=0.3478 | lr=9.33e-06 | 4.0 batch/s
    Epoch 5/20: train_loss=0.2458, val_loss=0.3333, best=0.3333 *, patience=0/5, 8s
2026-03-22 00:18:45 | INFO  | phase3d |     Epoch 5/20: train_loss=0.2458, val_loss=0.3333, best=0.3333 *, patience=0/5, 8s
      Epoch 6/20 | Batch 30/30 | loss=0.2649 | lr=8.83e-06 | 4.0 batch/s
    Epoch 6/20: train_loss=0.2096, val_loss=0.3230, best=0.3230 *, patience=0/5, 8s
2026-03-22 00:18:53 | INFO  | phase3d |     Epoch 6/20: train_loss=0.2096, val_loss=0.3230, best=0.3230 *, patience=0/5, 8s
      Epoch 7/20 | Batch 30/30 | loss=0.0935 | lr=8.21e-06 | 4.0 batch/s
    Epoch 7/20: train_loss=0.1771, val_loss=0.3932, best=0.3230, patience=1/5, 8s
2026-03-22 00:19:01 | INFO  | phase3d |     Epoch 7/20: train_loss=0.1771, val_loss=0.3932, best=0.3230, patience=1/5, 8s
      Epoch 8/20 | Batch 30/30 | loss=0.0580 | lr=7.50e-06 | 3.9 batch/s
    Epoch 8/20: train_loss=0.1674, val_loss=0.3207, best=0.3207 *, patience=0/5, 8s
2026-03-22 00:19:09 | INFO  | phase3d |     Epoch 8/20: train_loss=0.1674, val_loss=0.3207, best=0.3207 *, patience=0/5, 8s
      Epoch 9/20 | Batch 30/30 | loss=0.1436 | lr=6.71e-06 | 3.9 batch/s
    Epoch 9/20: train_loss=0.1471, val_loss=0.3624, best=0.3207, patience=1/5, 8s
2026-03-22 00:19:17 | INFO  | phase3d |     Epoch 9/20: train_loss=0.1471, val_loss=0.3624, best=0.3207, patience=1/5, 8s
      Epoch 10/20 | Batch 30/30 | loss=0.0270 | lr=5.87e-06 | 3.9 batch/s
    Epoch 10/20: train_loss=0.1362, val_loss=0.3564, best=0.3207, patience=2/5, 8s
2026-03-22 00:19:25 | INFO  | phase3d |     Epoch 10/20: train_loss=0.1362, val_loss=0.3564, best=0.3207, patience=2/5, 8s
      Epoch 11/20 | Batch 30/30 | loss=0.0249 | lr=5.00e-06 | 3.9 batch/s
    Epoch 11/20: train_loss=0.1130, val_loss=0.3735, best=0.3207, patience=3/5, 8s
2026-03-22 00:19:33 | INFO  | phase3d |     Epoch 11/20: train_loss=0.1130, val_loss=0.3735, best=0.3207, patience=3/5, 8s
      Epoch 12/20 | Batch 30/30 | loss=0.0674 | lr=4.13e-06 | 3.9 batch/s
    Epoch 12/20: train_loss=0.1042, val_loss=0.3717, best=0.3207, patience=4/5, 8s
2026-03-22 00:19:41 | INFO  | phase3d |     Epoch 12/20: train_loss=0.1042, val_loss=0.3717, best=0.3207, patience=4/5, 8s
      Epoch 13/20 | Batch 30/30 | loss=0.1916 | lr=3.29e-06 | 3.9 batch/s
    Epoch 13/20: train_loss=0.1003, val_loss=0.4004, best=0.3207, patience=5/5, 8s
2026-03-22 00:19:49 | INFO  | phase3d |     Epoch 13/20: train_loss=0.1003, val_loss=0.4004, best=0.3207, patience=5/5, 8s
    Early stopping at epoch 13 (patience=5)
2026-03-22 00:19:49 | INFO  | phase3d |       Early stopping at epoch 13
2026-03-22 00:19:49 | INFO  | phase3d |     [10_train_molformer.py:molformer_gut_t10:fold_0] ROC-AUC=0.8570, PR-AUC=0.7289, MCC=0.6162, 104s
    Fold 0 complete: ROC-AUC=0.8570, time=104s
2026-03-22 00:19:49 | INFO  | phase3d |     [10_train_molformer.py:molformer_gut_t10:fold_1] Starting fold 1/5...
2026-03-22 00:19:49 | INFO  | phase3d |     Loading MoLFormer from ibm/MoLFormer-XL-both-10pct...
2026-03-22 00:19:49 | INFO  | phase3d |     transformers version: 4.57.6
A new version of the following files was downloaded from https://huggingface.co/ibm/MoLFormer-XL-both-10pct:
- tokenization_molformer_fast.py
. Make sure to double-check they do not contain any added malicious code. To avoid downloading new versions of the code file, you can pin a revision.
A new version of the following files was downloaded from https://huggingface.co/ibm/MoLFormer-XL-both-10pct:
- configuration_molformer.py
. Make sure to double-check they do not contain any added malicious code. To avoid downloading new versions of the code file, you can pin a revision.
A new version of the following files was downloaded from https://huggingface.co/ibm/MoLFormer-XL-both-10pct:
- modeling_molformer.py
. Make sure to double-check they do not contain any added malicious code. To avoid downloading new versions of the code file, you can pin a revision.
2026-03-22 00:19:53 | INFO  | phase3d |     Encoder: 44.4M params
2026-03-22 00:19:53 | INFO  | phase3d |     Classifier: 769 params
2026-03-22 00:19:53 | INFO  | phase3d |     Device: cuda
2026-03-22 00:19:53 | INFO  | phase3d |     [10_train_molformer.py:molformer_gut_t10:fold_1] Train: 941 compounds, Test: 236 compounds
2026-03-22 00:19:53 | INFO  | phase3d |     [10_train_molformer.py:molformer_gut_t10:fold_1] Params: lr=1e-05, batch=32, epochs=20, patience=5
2026-03-22 00:19:53 | INFO  | phase3d |     Tokenizing 941 training SMILES...
2026-03-22 00:19:53 | INFO  | phase3d |     Tokenized in 0.2s, input shape: torch.Size([941, 202])
2026-03-22 00:19:53 | INFO  | phase3d |     Training: 20 epochs, 30 batches/epoch, batch_size=32, 941 compounds
2026-03-22 00:19:53 | INFO  | phase3d |     LR: encoder=1e-05, classifier=0.0001, warmup=60/600 steps
      Epoch 1/20 | Batch 30/30 | loss=0.6078 | lr=5.00e-06 | 4.4 batch/s
    Epoch 1/20: train_loss=0.7534, val_loss=0.6039, best=0.6039 *, patience=0/5, 7s
2026-03-22 00:20:00 | INFO  | phase3d |     Epoch 1/20: train_loss=0.7534, val_loss=0.6039, best=0.6039 *, patience=0/5, 7s
      Epoch 2/20 | Batch 30/30 | loss=0.3573 | lr=1.00e-05 | 4.1 batch/s
    Epoch 2/20: train_loss=0.4502, val_loss=0.4243, best=0.4243 *, patience=0/5, 8s
2026-03-22 00:20:08 | INFO  | phase3d |     Epoch 2/20: train_loss=0.4502, val_loss=0.4243, best=0.4243 *, patience=0/5, 8s
      Epoch 3/20 | Batch 30/30 | loss=0.0959 | lr=9.92e-06 | 4.0 batch/s
    Epoch 3/20: train_loss=0.3319, val_loss=0.3762, best=0.3762 *, patience=0/5, 8s
2026-03-22 00:20:16 | INFO  | phase3d |     Epoch 3/20: train_loss=0.3319, val_loss=0.3762, best=0.3762 *, patience=0/5, 8s
      Epoch 4/20 | Batch 30/30 | loss=0.2663 | lr=9.70e-06 | 4.0 batch/s
    Epoch 4/20: train_loss=0.2885, val_loss=0.3685, best=0.3685 *, patience=0/5, 8s
2026-03-22 00:20:24 | INFO  | phase3d |     Epoch 4/20: train_loss=0.2885, val_loss=0.3685, best=0.3685 *, patience=0/5, 8s
      Epoch 5/20 | Batch 30/30 | loss=0.0640 | lr=9.33e-06 | 4.0 batch/s
    Epoch 5/20: train_loss=0.2483, val_loss=0.3683, best=0.3683 *, patience=0/5, 8s
2026-03-22 00:20:32 | INFO  | phase3d |     Epoch 5/20: train_loss=0.2483, val_loss=0.3683, best=0.3683 *, patience=0/5, 8s
      Epoch 6/20 | Batch 30/30 | loss=0.4807 | lr=8.83e-06 | 4.0 batch/s
    Epoch 6/20: train_loss=0.2185, val_loss=0.3792, best=0.3683, patience=1/5, 8s
2026-03-22 00:20:39 | INFO  | phase3d |     Epoch 6/20: train_loss=0.2185, val_loss=0.3792, best=0.3683, patience=1/5, 8s
      Epoch 7/20 | Batch 30/30 | loss=0.0555 | lr=8.21e-06 | 4.0 batch/s
    Epoch 7/20: train_loss=0.1827, val_loss=0.3568, best=0.3568 *, patience=0/5, 8s
2026-03-22 00:20:47 | INFO  | phase3d |     Epoch 7/20: train_loss=0.1827, val_loss=0.3568, best=0.3568 *, patience=0/5, 8s
      Epoch 8/20 | Batch 30/30 | loss=0.0449 | lr=7.50e-06 | 4.0 batch/s
    Epoch 8/20: train_loss=0.1588, val_loss=0.3469, best=0.3469 *, patience=0/5, 8s
2026-03-22 00:20:55 | INFO  | phase3d |     Epoch 8/20: train_loss=0.1588, val_loss=0.3469, best=0.3469 *, patience=0/5, 8s
      Epoch 9/20 | Batch 30/30 | loss=0.0659 | lr=6.71e-06 | 3.9 batch/s
    Epoch 9/20: train_loss=0.1407, val_loss=0.3474, best=0.3469, patience=1/5, 8s
2026-03-22 00:21:03 | INFO  | phase3d |     Epoch 9/20: train_loss=0.1407, val_loss=0.3474, best=0.3469, patience=1/5, 8s
      Epoch 10/20 | Batch 30/30 | loss=0.0256 | lr=5.87e-06 | 3.9 batch/s
    Epoch 10/20: train_loss=0.1286, val_loss=0.3883, best=0.3469, patience=2/5, 8s
2026-03-22 00:21:11 | INFO  | phase3d |     Epoch 10/20: train_loss=0.1286, val_loss=0.3883, best=0.3469, patience=2/5, 8s
      Epoch 11/20 | Batch 30/30 | loss=0.2128 | lr=5.00e-06 | 4.0 batch/s
    Epoch 11/20: train_loss=0.1162, val_loss=0.4127, best=0.3469, patience=3/5, 8s
2026-03-22 00:21:19 | INFO  | phase3d |     Epoch 11/20: train_loss=0.1162, val_loss=0.4127, best=0.3469, patience=3/5, 8s
      Epoch 12/20 | Batch 30/30 | loss=0.0644 | lr=4.13e-06 | 3.9 batch/s
    Epoch 12/20: train_loss=0.1061, val_loss=0.3945, best=0.3469, patience=4/5, 8s
2026-03-22 00:21:27 | INFO  | phase3d |     Epoch 12/20: train_loss=0.1061, val_loss=0.3945, best=0.3469, patience=4/5, 8s
      Epoch 13/20 | Batch 30/30 | loss=0.0254 | lr=3.29e-06 | 3.9 batch/s
    Epoch 13/20: train_loss=0.0989, val_loss=0.4019, best=0.3469, patience=5/5, 8s
2026-03-22 00:21:35 | INFO  | phase3d |     Epoch 13/20: train_loss=0.0989, val_loss=0.4019, best=0.3469, patience=5/5, 8s
    Early stopping at epoch 13 (patience=5)
2026-03-22 00:21:35 | INFO  | phase3d |       Early stopping at epoch 13
2026-03-22 00:21:36 | INFO  | phase3d |     [10_train_molformer.py:molformer_gut_t10:fold_1] ROC-AUC=0.8210, PR-AUC=0.6733, MCC=0.5907, 103s
    Fold 1 complete: ROC-AUC=0.8210, time=103s
2026-03-22 00:21:36 | INFO  | phase3d |     [10_train_molformer.py:molformer_gut_t10:fold_2] Starting fold 2/5...
2026-03-22 00:21:36 | INFO  | phase3d |     Loading MoLFormer from ibm/MoLFormer-XL-both-10pct...
2026-03-22 00:21:36 | INFO  | phase3d |     transformers version: 4.57.6
A new version of the following files was downloaded from https://huggingface.co/ibm/MoLFormer-XL-both-10pct:
- tokenization_molformer_fast.py
. Make sure to double-check they do not contain any added malicious code. To avoid downloading new versions of the code file, you can pin a revision.
A new version of the following files was downloaded from https://huggingface.co/ibm/MoLFormer-XL-both-10pct:
- configuration_molformer.py
. Make sure to double-check they do not contain any added malicious code. To avoid downloading new versions of the code file, you can pin a revision.
A new version of the following files was downloaded from https://huggingface.co/ibm/MoLFormer-XL-both-10pct:
- modeling_molformer.py
. Make sure to double-check they do not contain any added malicious code. To avoid downloading new versions of the code file, you can pin a revision.
2026-03-22 00:21:39 | INFO  | phase3d |     Encoder: 44.4M params
2026-03-22 00:21:39 | INFO  | phase3d |     Classifier: 769 params
2026-03-22 00:21:39 | INFO  | phase3d |     Device: cuda
2026-03-22 00:21:39 | INFO  | phase3d |     [10_train_molformer.py:molformer_gut_t10:fold_2] Train: 941 compounds, Test: 236 compounds
2026-03-22 00:21:39 | INFO  | phase3d |     [10_train_molformer.py:molformer_gut_t10:fold_2] Params: lr=1e-05, batch=32, epochs=20, patience=5
2026-03-22 00:21:39 | INFO  | phase3d |     Tokenizing 941 training SMILES...
2026-03-22 00:21:40 | INFO  | phase3d |     Tokenized in 0.2s, input shape: torch.Size([941, 202])
2026-03-22 00:21:40 | INFO  | phase3d |     Training: 20 epochs, 30 batches/epoch, batch_size=32, 941 compounds
2026-03-22 00:21:40 | INFO  | phase3d |     LR: encoder=1e-05, classifier=0.0001, warmup=60/600 steps
      Epoch 1/20 | Batch 30/30 | loss=0.5486 | lr=5.00e-06 | 4.3 batch/s
    Epoch 1/20: train_loss=0.6895, val_loss=0.5676, best=0.5676 *, patience=0/5, 7s
2026-03-22 00:21:47 | INFO  | phase3d |     Epoch 1/20: train_loss=0.6895, val_loss=0.5676, best=0.5676 *, patience=0/5, 7s
      Epoch 2/20 | Batch 30/30 | loss=0.3318 | lr=1.00e-05 | 4.1 batch/s
    Epoch 2/20: train_loss=0.4259, val_loss=0.4562, best=0.4562 *, patience=0/5, 8s
2026-03-22 00:21:55 | INFO  | phase3d |     Epoch 2/20: train_loss=0.4259, val_loss=0.4562, best=0.4562 *, patience=0/5, 8s
      Epoch 3/20 | Batch 30/30 | loss=0.2222 | lr=9.92e-06 | 4.0 batch/s
    Epoch 3/20: train_loss=0.3136, val_loss=0.4206, best=0.4206 *, patience=0/5, 8s
2026-03-22 00:22:03 | INFO  | phase3d |     Epoch 3/20: train_loss=0.3136, val_loss=0.4206, best=0.4206 *, patience=0/5, 8s
      Epoch 4/20 | Batch 30/30 | loss=0.1686 | lr=9.70e-06 | 4.0 batch/s
    Epoch 4/20: train_loss=0.2639, val_loss=0.3954, best=0.3954 *, patience=0/5, 8s
2026-03-22 00:22:11 | INFO  | phase3d |     Epoch 4/20: train_loss=0.2639, val_loss=0.3954, best=0.3954 *, patience=0/5, 8s
      Epoch 5/20 | Batch 30/30 | loss=0.2397 | lr=9.33e-06 | 4.0 batch/s
    Epoch 5/20: train_loss=0.2245, val_loss=0.3805, best=0.3805 *, patience=0/5, 8s
2026-03-22 00:22:18 | INFO  | phase3d |     Epoch 5/20: train_loss=0.2245, val_loss=0.3805, best=0.3805 *, patience=0/5, 8s
      Epoch 6/20 | Batch 30/30 | loss=0.0889 | lr=8.83e-06 | 4.0 batch/s
    Epoch 6/20: train_loss=0.1848, val_loss=0.4274, best=0.3805, patience=1/5, 8s
2026-03-22 00:22:26 | INFO  | phase3d |     Epoch 6/20: train_loss=0.1848, val_loss=0.4274, best=0.3805, patience=1/5, 8s
      Epoch 7/20 | Batch 30/30 | loss=0.1936 | lr=8.21e-06 | 4.0 batch/s
    Epoch 7/20: train_loss=0.1754, val_loss=0.4224, best=0.3805, patience=2/5, 8s
2026-03-22 00:22:34 | INFO  | phase3d |     Epoch 7/20: train_loss=0.1754, val_loss=0.4224, best=0.3805, patience=2/5, 8s
      Epoch 8/20 | Batch 30/30 | loss=0.1939 | lr=7.50e-06 | 3.9 batch/s
    Epoch 8/20: train_loss=0.1549, val_loss=0.4482, best=0.3805, patience=3/5, 8s
2026-03-22 00:22:42 | INFO  | phase3d |     Epoch 8/20: train_loss=0.1549, val_loss=0.4482, best=0.3805, patience=3/5, 8s
      Epoch 9/20 | Batch 30/30 | loss=0.3625 | lr=6.71e-06 | 3.9 batch/s
    Epoch 9/20: train_loss=0.1469, val_loss=0.4522, best=0.3805, patience=4/5, 8s
2026-03-22 00:22:50 | INFO  | phase3d |     Epoch 9/20: train_loss=0.1469, val_loss=0.4522, best=0.3805, patience=4/5, 8s
      Epoch 10/20 | Batch 30/30 | loss=0.2165 | lr=5.87e-06 | 3.9 batch/s
    Epoch 10/20: train_loss=0.1327, val_loss=0.4103, best=0.3805, patience=5/5, 8s
2026-03-22 00:22:58 | INFO  | phase3d |     Epoch 10/20: train_loss=0.1327, val_loss=0.4103, best=0.3805, patience=5/5, 8s
    Early stopping at epoch 10 (patience=5)
2026-03-22 00:22:58 | INFO  | phase3d |       Early stopping at epoch 10
2026-03-22 00:22:59 | INFO  | phase3d |     [10_train_molformer.py:molformer_gut_t10:fold_2] ROC-AUC=0.8075, PR-AUC=0.6186, MCC=0.5116, 79s
    Fold 2 complete: ROC-AUC=0.8075, time=79s
2026-03-22 00:22:59 | INFO  | phase3d |     [10_train_molformer.py:molformer_gut_t10:fold_3] Starting fold 3/5...
2026-03-22 00:22:59 | INFO  | phase3d |     Loading MoLFormer from ibm/MoLFormer-XL-both-10pct...
2026-03-22 00:22:59 | INFO  | phase3d |     transformers version: 4.57.6
A new version of the following files was downloaded from https://huggingface.co/ibm/MoLFormer-XL-both-10pct:
- tokenization_molformer_fast.py
. Make sure to double-check they do not contain any added malicious code. To avoid downloading new versions of the code file, you can pin a revision.
A new version of the following files was downloaded from https://huggingface.co/ibm/MoLFormer-XL-both-10pct:
- configuration_molformer.py
. Make sure to double-check they do not contain any added malicious code. To avoid downloading new versions of the code file, you can pin a revision.
A new version of the following files was downloaded from https://huggingface.co/ibm/MoLFormer-XL-both-10pct:
- modeling_molformer.py
. Make sure to double-check they do not contain any added malicious code. To avoid downloading new versions of the code file, you can pin a revision.
2026-03-22 00:23:03 | INFO  | phase3d |     Encoder: 44.4M params
2026-03-22 00:23:03 | INFO  | phase3d |     Classifier: 769 params
2026-03-22 00:23:03 | INFO  | phase3d |     Device: cuda
2026-03-22 00:23:03 | INFO  | phase3d |     [10_train_molformer.py:molformer_gut_t10:fold_3] Train: 942 compounds, Test: 235 compounds
2026-03-22 00:23:03 | INFO  | phase3d |     [10_train_molformer.py:molformer_gut_t10:fold_3] Params: lr=1e-05, batch=32, epochs=20, patience=5
2026-03-22 00:23:03 | INFO  | phase3d |     Tokenizing 942 training SMILES...
2026-03-22 00:23:03 | INFO  | phase3d |     Tokenized in 0.2s, input shape: torch.Size([942, 202])
2026-03-22 00:23:03 | INFO  | phase3d |     Training: 20 epochs, 30 batches/epoch, batch_size=32, 942 compounds
2026-03-22 00:23:03 | INFO  | phase3d |     LR: encoder=1e-05, classifier=0.0001, warmup=60/600 steps
      Epoch 1/20 | Batch 30/30 | loss=0.4572 | lr=5.00e-06 | 4.3 batch/s
    Epoch 1/20: train_loss=0.5762, val_loss=0.4256, best=0.4256 *, patience=0/5, 7s
2026-03-22 00:23:10 | INFO  | phase3d |     Epoch 1/20: train_loss=0.5762, val_loss=0.4256, best=0.4256 *, patience=0/5, 7s
      Epoch 2/20 | Batch 30/30 | loss=0.3221 | lr=1.00e-05 | 4.1 batch/s
    Epoch 2/20: train_loss=0.4457, val_loss=0.2468, best=0.2468 *, patience=0/5, 8s
2026-03-22 00:23:18 | INFO  | phase3d |     Epoch 2/20: train_loss=0.4457, val_loss=0.2468, best=0.2468 *, patience=0/5, 8s
      Epoch 3/20 | Batch 30/30 | loss=0.4184 | lr=9.92e-06 | 4.0 batch/s
    Epoch 3/20: train_loss=0.3617, val_loss=0.2135, best=0.2135 *, patience=0/5, 8s
2026-03-22 00:23:26 | INFO  | phase3d |     Epoch 3/20: train_loss=0.3617, val_loss=0.2135, best=0.2135 *, patience=0/5, 8s
      Epoch 4/20 | Batch 30/30 | loss=0.3413 | lr=9.70e-06 | 4.0 batch/s
    Epoch 4/20: train_loss=0.3034, val_loss=0.2205, best=0.2135, patience=1/5, 8s
2026-03-22 00:23:33 | INFO  | phase3d |     Epoch 4/20: train_loss=0.3034, val_loss=0.2205, best=0.2135, patience=1/5, 8s
      Epoch 5/20 | Batch 30/30 | loss=0.0976 | lr=9.33e-06 | 4.0 batch/s
    Epoch 5/20: train_loss=0.2520, val_loss=0.2231, best=0.2135, patience=2/5, 8s
2026-03-22 00:23:41 | INFO  | phase3d |     Epoch 5/20: train_loss=0.2520, val_loss=0.2231, best=0.2135, patience=2/5, 8s
      Epoch 6/20 | Batch 30/30 | loss=0.1582 | lr=8.83e-06 | 4.0 batch/s
    Epoch 6/20: train_loss=0.2247, val_loss=0.2610, best=0.2135, patience=3/5, 8s
2026-03-22 00:23:49 | INFO  | phase3d |     Epoch 6/20: train_loss=0.2247, val_loss=0.2610, best=0.2135, patience=3/5, 8s
      Epoch 7/20 | Batch 30/30 | loss=0.2570 | lr=8.21e-06 | 4.0 batch/s
    Epoch 7/20: train_loss=0.1965, val_loss=0.2365, best=0.2135, patience=4/5, 8s
2026-03-22 00:23:57 | INFO  | phase3d |     Epoch 7/20: train_loss=0.1965, val_loss=0.2365, best=0.2135, patience=4/5, 8s
      Epoch 8/20 | Batch 30/30 | loss=0.0854 | lr=7.50e-06 | 3.9 batch/s
    Epoch 8/20: train_loss=0.1685, val_loss=0.2485, best=0.2135, patience=5/5, 8s
2026-03-22 00:24:05 | INFO  | phase3d |     Epoch 8/20: train_loss=0.1685, val_loss=0.2485, best=0.2135, patience=5/5, 8s
    Early stopping at epoch 8 (patience=5)
2026-03-22 00:24:05 | INFO  | phase3d |       Early stopping at epoch 8
2026-03-22 00:24:06 | INFO  | phase3d |     [10_train_molformer.py:molformer_gut_t10:fold_3] ROC-AUC=0.7149, PR-AUC=0.2264, MCC=0.2917, 63s
    Fold 3 complete: ROC-AUC=0.7149, time=63s
2026-03-22 00:24:06 | INFO  | phase3d |     [10_train_molformer.py:molformer_gut_t10:fold_4] Starting fold 4/5...
2026-03-22 00:24:06 | INFO  | phase3d |     Loading MoLFormer from ibm/MoLFormer-XL-both-10pct...
2026-03-22 00:24:06 | INFO  | phase3d |     transformers version: 4.57.6
A new version of the following files was downloaded from https://huggingface.co/ibm/MoLFormer-XL-both-10pct:
- tokenization_molformer_fast.py
. Make sure to double-check they do not contain any added malicious code. To avoid downloading new versions of the code file, you can pin a revision.
A new version of the following files was downloaded from https://huggingface.co/ibm/MoLFormer-XL-both-10pct:
- configuration_molformer.py
. Make sure to double-check they do not contain any added malicious code. To avoid downloading new versions of the code file, you can pin a revision.
A new version of the following files was downloaded from https://huggingface.co/ibm/MoLFormer-XL-both-10pct:
- modeling_molformer.py
. Make sure to double-check they do not contain any added malicious code. To avoid downloading new versions of the code file, you can pin a revision.
2026-03-22 00:24:10 | INFO  | phase3d |     Encoder: 44.4M params
2026-03-22 00:24:10 | INFO  | phase3d |     Classifier: 769 params
2026-03-22 00:24:10 | INFO  | phase3d |     Device: cuda
2026-03-22 00:24:10 | INFO  | phase3d |     [10_train_molformer.py:molformer_gut_t10:fold_4] Train: 942 compounds, Test: 235 compounds
2026-03-22 00:24:10 | INFO  | phase3d |     [10_train_molformer.py:molformer_gut_t10:fold_4] Params: lr=1e-05, batch=32, epochs=20, patience=5
2026-03-22 00:24:10 | INFO  | phase3d |     Tokenizing 942 training SMILES...
2026-03-22 00:24:10 | INFO  | phase3d |     Tokenized in 0.2s, input shape: torch.Size([942, 181])
2026-03-22 00:24:10 | INFO  | phase3d |     Training: 20 epochs, 30 batches/epoch, batch_size=32, 942 compounds
2026-03-22 00:24:10 | INFO  | phase3d |     LR: encoder=1e-05, classifier=0.0001, warmup=60/600 steps
      Epoch 1/20 | Batch 30/30 | loss=0.4408 | lr=5.00e-06 | 4.5 batch/s
    Epoch 1/20: train_loss=0.5820, val_loss=0.5010, best=0.5010 *, patience=0/5, 7s
2026-03-22 00:24:17 | INFO  | phase3d |     Epoch 1/20: train_loss=0.5820, val_loss=0.5010, best=0.5010 *, patience=0/5, 7s
      Epoch 2/20 | Batch 30/30 | loss=0.2715 | lr=1.00e-05 | 4.3 batch/s
    Epoch 2/20: train_loss=0.4140, val_loss=0.4285, best=0.4285 *, patience=0/5, 7s
2026-03-22 00:24:24 | INFO  | phase3d |     Epoch 2/20: train_loss=0.4140, val_loss=0.4285, best=0.4285 *, patience=0/5, 7s
      Epoch 3/20 | Batch 30/30 | loss=0.5523 | lr=9.92e-06 | 4.3 batch/s
    Epoch 3/20: train_loss=0.3519, val_loss=0.3583, best=0.3583 *, patience=0/5, 7s
2026-03-22 00:24:32 | INFO  | phase3d |     Epoch 3/20: train_loss=0.3519, val_loss=0.3583, best=0.3583 *, patience=0/5, 7s
      Epoch 4/20 | Batch 30/30 | loss=0.3153 | lr=9.70e-06 | 4.3 batch/s
    Epoch 4/20: train_loss=0.2988, val_loss=0.3207, best=0.3207 *, patience=0/5, 7s
2026-03-22 00:24:39 | INFO  | phase3d |     Epoch 4/20: train_loss=0.2988, val_loss=0.3207, best=0.3207 *, patience=0/5, 7s
      Epoch 5/20 | Batch 30/30 | loss=0.4870 | lr=9.33e-06 | 4.2 batch/s
    Epoch 5/20: train_loss=0.2686, val_loss=0.3086, best=0.3086 *, patience=0/5, 8s
2026-03-22 00:24:47 | INFO  | phase3d |     Epoch 5/20: train_loss=0.2686, val_loss=0.3086, best=0.3086 *, patience=0/5, 8s
      Epoch 6/20 | Batch 30/30 | loss=0.1042 | lr=8.83e-06 | 4.2 batch/s
    Epoch 6/20: train_loss=0.2250, val_loss=0.3304, best=0.3086, patience=1/5, 7s
2026-03-22 00:24:54 | INFO  | phase3d |     Epoch 6/20: train_loss=0.2250, val_loss=0.3304, best=0.3086, patience=1/5, 7s
      Epoch 7/20 | Batch 30/30 | loss=0.1023 | lr=8.21e-06 | 4.2 batch/s
    Epoch 7/20: train_loss=0.2033, val_loss=0.3027, best=0.3027 *, patience=0/5, 8s
2026-03-22 00:25:02 | INFO  | phase3d |     Epoch 7/20: train_loss=0.2033, val_loss=0.3027, best=0.3027 *, patience=0/5, 8s
      Epoch 8/20 | Batch 30/30 | loss=0.1406 | lr=7.50e-06 | 4.2 batch/s
    Epoch 8/20: train_loss=0.1783, val_loss=0.3374, best=0.3027, patience=1/5, 8s
2026-03-22 00:25:09 | INFO  | phase3d |     Epoch 8/20: train_loss=0.1783, val_loss=0.3374, best=0.3027, patience=1/5, 8s
      Epoch 9/20 | Batch 30/30 | loss=0.0924 | lr=6.71e-06 | 4.2 batch/s
    Epoch 9/20: train_loss=0.1616, val_loss=0.3035, best=0.3027, patience=2/5, 8s
2026-03-22 00:25:17 | INFO  | phase3d |     Epoch 9/20: train_loss=0.1616, val_loss=0.3035, best=0.3027, patience=2/5, 8s
      Epoch 10/20 | Batch 30/30 | loss=0.0964 | lr=5.87e-06 | 4.2 batch/s
    Epoch 10/20: train_loss=0.1388, val_loss=0.3279, best=0.3027, patience=3/5, 8s
2026-03-22 00:25:25 | INFO  | phase3d |     Epoch 10/20: train_loss=0.1388, val_loss=0.3279, best=0.3027, patience=3/5, 8s
      Epoch 11/20 | Batch 30/30 | loss=0.1935 | lr=5.00e-06 | 4.2 batch/s
    Epoch 11/20: train_loss=0.1327, val_loss=0.3285, best=0.3027, patience=4/5, 8s
2026-03-22 00:25:32 | INFO  | phase3d |     Epoch 11/20: train_loss=0.1327, val_loss=0.3285, best=0.3027, patience=4/5, 8s
      Epoch 12/20 | Batch 30/30 | loss=0.0276 | lr=4.13e-06 | 4.2 batch/s
    Epoch 12/20: train_loss=0.1151, val_loss=0.3504, best=0.3027, patience=5/5, 8s
2026-03-22 00:25:40 | INFO  | phase3d |     Epoch 12/20: train_loss=0.1151, val_loss=0.3504, best=0.3027, patience=5/5, 8s
    Early stopping at epoch 12 (patience=5)
2026-03-22 00:25:40 | INFO  | phase3d |       Early stopping at epoch 12
2026-03-22 00:25:40 | INFO  | phase3d |     [10_train_molformer.py:molformer_gut_t10:fold_4] ROC-AUC=0.9092, PR-AUC=0.6854, MCC=0.5066, 91s
    Fold 4 complete: ROC-AUC=0.9092, time=91s
2026-03-22 00:25:41 | INFO  | phase3d |   molformer_gut_t10 CV: ROC-AUC = 0.8219 +/- 0.0640
2026-03-22 00:25:41 | INFO  | phase3d |   molformer_gut_t10: 459s
2026-03-22 00:25:41 | INFO  | phase3d |     Training final molformer_gut_t10 on all 1177 samples...
2026-03-22 00:25:41 | INFO  | phase3d |     Loading MoLFormer from ibm/MoLFormer-XL-both-10pct...
2026-03-22 00:25:41 | INFO  | phase3d |     transformers version: 4.57.6
A new version of the following files was downloaded from https://huggingface.co/ibm/MoLFormer-XL-both-10pct:
- tokenization_molformer_fast.py
. Make sure to double-check they do not contain any added malicious code. To avoid downloading new versions of the code file, you can pin a revision.
A new version of the following files was downloaded from https://huggingface.co/ibm/MoLFormer-XL-both-10pct:
- configuration_molformer.py
. Make sure to double-check they do not contain any added malicious code. To avoid downloading new versions of the code file, you can pin a revision.
A new version of the following files was downloaded from https://huggingface.co/ibm/MoLFormer-XL-both-10pct:
- modeling_molformer.py
. Make sure to double-check they do not contain any added malicious code. To avoid downloading new versions of the code file, you can pin a revision.
2026-03-22 00:25:44 | INFO  | phase3d |     Encoder: 44.4M params
2026-03-22 00:25:44 | INFO  | phase3d |     Classifier: 769 params
2026-03-22 00:25:44 | INFO  | phase3d |     Device: cuda
2026-03-22 00:25:44 | INFO  | phase3d |     Tokenizing 1177 training SMILES...
2026-03-22 00:25:44 | INFO  | phase3d |     Tokenized in 0.3s, input shape: torch.Size([1177, 202])
2026-03-22 00:25:44 | INFO  | phase3d |     Training: 20 epochs, 37 batches/epoch, batch_size=32, 1177 compounds
2026-03-22 00:25:44 | INFO  | phase3d |     LR: encoder=1e-05, classifier=0.0001, warmup=74/740 steps
      Epoch 1/20 | Batch 37/37 | loss=0.3707 | lr=5.00e-06 | 4.3 batch/s
    Epoch 1/20: train_loss=0.4954, 9s
2026-03-22 00:25:53 | INFO  | phase3d |     Epoch 1/20: train_loss=0.4954, 9s
      Epoch 2/20 | Batch 37/37 | loss=0.4507 | lr=1.00e-05 | 4.0 batch/s
    Epoch 2/20: train_loss=0.3960, 9s
2026-03-22 00:26:02 | INFO  | phase3d |     Epoch 2/20: train_loss=0.3960, 9s
      Epoch 3/20 | Batch 37/37 | loss=0.2083 | lr=9.92e-06 | 3.9 batch/s
    Epoch 3/20: train_loss=0.3201, 9s
2026-03-22 00:26:12 | INFO  | phase3d |     Epoch 3/20: train_loss=0.3201, 9s
      Epoch 4/20 | Batch 37/37 | loss=0.2371 | lr=9.70e-06 | 4.0 batch/s
    Epoch 4/20: train_loss=0.2713, 9s
2026-03-22 00:26:21 | INFO  | phase3d |     Epoch 4/20: train_loss=0.2713, 9s
      Epoch 5/20 | Batch 37/37 | loss=0.1712 | lr=9.33e-06 | 3.9 batch/s
    Epoch 5/20: train_loss=0.2334, 9s
2026-03-22 00:26:31 | INFO  | phase3d |     Epoch 5/20: train_loss=0.2334, 9s
      Epoch 6/20 | Batch 37/37 | loss=0.2683 | lr=8.83e-06 | 3.9 batch/s
    Epoch 6/20: train_loss=0.2263, 9s
2026-03-22 00:26:40 | INFO  | phase3d |     Epoch 6/20: train_loss=0.2263, 9s
      Epoch 7/20 | Batch 37/37 | loss=0.3007 | lr=8.21e-06 | 3.9 batch/s
    Epoch 7/20: train_loss=0.1892, 9s
2026-03-22 00:26:50 | INFO  | phase3d |     Epoch 7/20: train_loss=0.1892, 9s
      Epoch 8/20 | Batch 37/37 | loss=0.1545 | lr=7.50e-06 | 3.9 batch/s
    Epoch 8/20: train_loss=0.1695, 9s
2026-03-22 00:26:59 | INFO  | phase3d |     Epoch 8/20: train_loss=0.1695, 9s
      Epoch 9/20 | Batch 37/37 | loss=0.2712 | lr=6.71e-06 | 3.9 batch/s
    Epoch 9/20: train_loss=0.1490, 9s
2026-03-22 00:27:08 | INFO  | phase3d |     Epoch 9/20: train_loss=0.1490, 9s
      Epoch 10/20 | Batch 37/37 | loss=0.2820 | lr=5.87e-06 | 3.9 batch/s
    Epoch 10/20: train_loss=0.1410, 9s
2026-03-22 00:27:18 | INFO  | phase3d |     Epoch 10/20: train_loss=0.1410, 9s
      Epoch 11/20 | Batch 37/37 | loss=0.0333 | lr=5.00e-06 | 3.9 batch/s
    Epoch 11/20: train_loss=0.1246, 10s
2026-03-22 00:27:27 | INFO  | phase3d |     Epoch 11/20: train_loss=0.1246, 10s
      Epoch 12/20 | Batch 37/37 | loss=0.0180 | lr=4.13e-06 | 3.9 batch/s
    Epoch 12/20: train_loss=0.1159, 9s
2026-03-22 00:27:37 | INFO  | phase3d |     Epoch 12/20: train_loss=0.1159, 9s
      Epoch 13/20 | Batch 37/37 | loss=0.0340 | lr=3.29e-06 | 3.9 batch/s
    Epoch 13/20: train_loss=0.1039, 10s
2026-03-22 00:27:46 | INFO  | phase3d |     Epoch 13/20: train_loss=0.1039, 10s
      Epoch 14/20 | Batch 37/37 | loss=0.1248 | lr=2.50e-06 | 3.9 batch/s
    Epoch 14/20: train_loss=0.1020, 10s
2026-03-22 00:27:56 | INFO  | phase3d |     Epoch 14/20: train_loss=0.1020, 10s
      Epoch 15/20 | Batch 37/37 | loss=0.0241 | lr=1.79e-06 | 3.9 batch/s
    Epoch 15/20: train_loss=0.0908, 10s
2026-03-22 00:28:06 | INFO  | phase3d |     Epoch 15/20: train_loss=0.0908, 10s
      Epoch 16/20 | Batch 37/37 | loss=0.1404 | lr=1.17e-06 | 3.9 batch/s
    Epoch 16/20: train_loss=0.0923, 9s
2026-03-22 00:28:15 | INFO  | phase3d |     Epoch 16/20: train_loss=0.0923, 9s
      Epoch 17/20 | Batch 37/37 | loss=0.3010 | lr=6.70e-07 | 3.9 batch/s
    Epoch 17/20: train_loss=0.0860, 10s
2026-03-22 00:28:25 | INFO  | phase3d |     Epoch 17/20: train_loss=0.0860, 10s
      Epoch 18/20 | Batch 37/37 | loss=0.0280 | lr=3.02e-07 | 3.9 batch/s
    Epoch 18/20: train_loss=0.0863, 10s
2026-03-22 00:28:34 | INFO  | phase3d |     Epoch 18/20: train_loss=0.0863, 10s
      Epoch 19/20 | Batch 37/37 | loss=0.2512 | lr=7.60e-08 | 3.9 batch/s
    Epoch 19/20: train_loss=0.0826, 9s
2026-03-22 00:28:44 | INFO  | phase3d |     Epoch 19/20: train_loss=0.0826, 9s
      Epoch 20/20 | Batch 37/37 | loss=0.0939 | lr=0.00e+00 | 3.9 batch/s
    Epoch 20/20: train_loss=0.0802, 10s
2026-03-22 00:28:53 | INFO  | phase3d |     Epoch 20/20: train_loss=0.0802, 10s
2026-03-22 00:29:06 | INFO  | phase3d |     Screening: /scratch/vishakha.agrawal/antibiotic-selectivity/outputs/runs/run_20260315_034033/results/screening/molformer_ranked_gut_t10.csv (6739 compounds)
2026-03-22 00:29:06 | INFO  | phase3d | 
  >>> Model 7/7: molformer_gut_t20 <<<
2026-03-22 00:29:06 | INFO  | phase3d | 
  Training molformer_gut_t20 with 5-fold scaffold CV...
2026-03-22 00:29:06 | INFO  | phase3d |     [10_train_molformer.py:molformer_gut_t20:fold_0] Starting fold 0/5...
2026-03-22 00:29:06 | INFO  | phase3d |     Loading MoLFormer from ibm/MoLFormer-XL-both-10pct...
2026-03-22 00:29:06 | INFO  | phase3d |     transformers version: 4.57.6
A new version of the following files was downloaded from https://huggingface.co/ibm/MoLFormer-XL-both-10pct:
- tokenization_molformer_fast.py
. Make sure to double-check they do not contain any added malicious code. To avoid downloading new versions of the code file, you can pin a revision.
A new version of the following files was downloaded from https://huggingface.co/ibm/MoLFormer-XL-both-10pct:
- configuration_molformer.py
. Make sure to double-check they do not contain any added malicious code. To avoid downloading new versions of the code file, you can pin a revision.
A new version of the following files was downloaded from https://huggingface.co/ibm/MoLFormer-XL-both-10pct:
- modeling_molformer.py
. Make sure to double-check they do not contain any added malicious code. To avoid downloading new versions of the code file, you can pin a revision.
2026-03-22 00:29:10 | INFO  | phase3d |     Encoder: 44.4M params
2026-03-22 00:29:10 | INFO  | phase3d |     Classifier: 769 params
2026-03-22 00:29:10 | INFO  | phase3d |     Device: cuda
2026-03-22 00:29:10 | INFO  | phase3d |     [10_train_molformer.py:molformer_gut_t20:fold_0] Train: 942 compounds, Test: 235 compounds
2026-03-22 00:29:10 | INFO  | phase3d |     [10_train_molformer.py:molformer_gut_t20:fold_0] Params: lr=1e-05, batch=32, epochs=20, patience=5
2026-03-22 00:29:10 | INFO  | phase3d |     Tokenizing 942 training SMILES...
2026-03-22 00:29:10 | INFO  | phase3d |     Tokenized in 0.2s, input shape: torch.Size([942, 202])
2026-03-22 00:29:10 | INFO  | phase3d |     Training: 20 epochs, 30 batches/epoch, batch_size=32, 942 compounds
2026-03-22 00:29:10 | INFO  | phase3d |     LR: encoder=1e-05, classifier=0.0001, warmup=60/600 steps
      Epoch 1/20 | Batch 30/30 | loss=0.6083 | lr=5.00e-06 | 4.3 batch/s
    Epoch 1/20: train_loss=0.5820, val_loss=0.4985, best=0.4985 *, patience=0/5, 7s
2026-03-22 00:29:18 | INFO  | phase3d |     Epoch 1/20: train_loss=0.5820, val_loss=0.4985, best=0.4985 *, patience=0/5, 7s
      Epoch 2/20 | Batch 30/30 | loss=0.2157 | lr=1.00e-05 | 4.1 batch/s
    Epoch 2/20: train_loss=0.3346, val_loss=0.3907, best=0.3907 *, patience=0/5, 8s
2026-03-22 00:29:25 | INFO  | phase3d |     Epoch 2/20: train_loss=0.3346, val_loss=0.3907, best=0.3907 *, patience=0/5, 8s
      Epoch 3/20 | Batch 30/30 | loss=0.0849 | lr=9.92e-06 | 4.0 batch/s
    Epoch 3/20: train_loss=0.2405, val_loss=0.2829, best=0.2829 *, patience=0/5, 8s
2026-03-22 00:29:33 | INFO  | phase3d |     Epoch 3/20: train_loss=0.2405, val_loss=0.2829, best=0.2829 *, patience=0/5, 8s
      Epoch 4/20 | Batch 30/30 | loss=0.0929 | lr=9.70e-06 | 4.0 batch/s
    Epoch 4/20: train_loss=0.1923, val_loss=0.2678, best=0.2678 *, patience=0/5, 8s
2026-03-22 00:29:41 | INFO  | phase3d |     Epoch 4/20: train_loss=0.1923, val_loss=0.2678, best=0.2678 *, patience=0/5, 8s
      Epoch 5/20 | Batch 30/30 | loss=0.5932 | lr=9.33e-06 | 4.0 batch/s
    Epoch 5/20: train_loss=0.1593, val_loss=0.2791, best=0.2678, patience=1/5, 8s
2026-03-22 00:29:49 | INFO  | phase3d |     Epoch 5/20: train_loss=0.1593, val_loss=0.2791, best=0.2678, patience=1/5, 8s
      Epoch 6/20 | Batch 30/30 | loss=0.0255 | lr=8.83e-06 | 4.0 batch/s
    Epoch 6/20: train_loss=0.1197, val_loss=0.3114, best=0.2678, patience=2/5, 8s
2026-03-22 00:29:57 | INFO  | phase3d |     Epoch 6/20: train_loss=0.1197, val_loss=0.3114, best=0.2678, patience=2/5, 8s
      Epoch 7/20 | Batch 30/30 | loss=0.2603 | lr=8.21e-06 | 3.9 batch/s
    Epoch 7/20: train_loss=0.1028, val_loss=0.2893, best=0.2678, patience=3/5, 8s
2026-03-22 00:30:05 | INFO  | phase3d |     Epoch 7/20: train_loss=0.1028, val_loss=0.2893, best=0.2678, patience=3/5, 8s
      Epoch 8/20 | Batch 30/30 | loss=0.0491 | lr=7.50e-06 | 3.9 batch/s
    Epoch 8/20: train_loss=0.0861, val_loss=0.3021, best=0.2678, patience=4/5, 8s
2026-03-22 00:30:13 | INFO  | phase3d |     Epoch 8/20: train_loss=0.0861, val_loss=0.3021, best=0.2678, patience=4/5, 8s
      Epoch 9/20 | Batch 30/30 | loss=0.2768 | lr=6.71e-06 | 3.9 batch/s
    Epoch 9/20: train_loss=0.0788, val_loss=0.3121, best=0.2678, patience=5/5, 8s
2026-03-22 00:30:21 | INFO  | phase3d |     Epoch 9/20: train_loss=0.0788, val_loss=0.3121, best=0.2678, patience=5/5, 8s
    Early stopping at epoch 9 (patience=5)
2026-03-22 00:30:21 | INFO  | phase3d |       Early stopping at epoch 9
2026-03-22 00:30:22 | INFO  | phase3d |     [10_train_molformer.py:molformer_gut_t20:fold_0] ROC-AUC=0.8406, PR-AUC=0.6331, MCC=0.5394, 72s
    Fold 0 complete: ROC-AUC=0.8406, time=72s
2026-03-22 00:30:22 | INFO  | phase3d |     [10_train_molformer.py:molformer_gut_t20:fold_1] Starting fold 1/5...
2026-03-22 00:30:22 | INFO  | phase3d |     Loading MoLFormer from ibm/MoLFormer-XL-both-10pct...
2026-03-22 00:30:22 | INFO  | phase3d |     transformers version: 4.57.6
A new version of the following files was downloaded from https://huggingface.co/ibm/MoLFormer-XL-both-10pct:
- tokenization_molformer_fast.py
. Make sure to double-check they do not contain any added malicious code. To avoid downloading new versions of the code file, you can pin a revision.
A new version of the following files was downloaded from https://huggingface.co/ibm/MoLFormer-XL-both-10pct:
- configuration_molformer.py
. Make sure to double-check they do not contain any added malicious code. To avoid downloading new versions of the code file, you can pin a revision.
A new version of the following files was downloaded from https://huggingface.co/ibm/MoLFormer-XL-both-10pct:
- modeling_molformer.py
. Make sure to double-check they do not contain any added malicious code. To avoid downloading new versions of the code file, you can pin a revision.
2026-03-22 00:30:26 | INFO  | phase3d |     Encoder: 44.4M params
2026-03-22 00:30:26 | INFO  | phase3d |     Classifier: 769 params
2026-03-22 00:30:26 | INFO  | phase3d |     Device: cuda
2026-03-22 00:30:26 | INFO  | phase3d |     [10_train_molformer.py:molformer_gut_t20:fold_1] Train: 941 compounds, Test: 236 compounds
2026-03-22 00:30:26 | INFO  | phase3d |     [10_train_molformer.py:molformer_gut_t20:fold_1] Params: lr=1e-05, batch=32, epochs=20, patience=5
2026-03-22 00:30:26 | INFO  | phase3d |     Tokenizing 941 training SMILES...
2026-03-22 00:30:26 | INFO  | phase3d |     Tokenized in 0.2s, input shape: torch.Size([941, 202])
2026-03-22 00:30:26 | INFO  | phase3d |     Training: 20 epochs, 30 batches/epoch, batch_size=32, 941 compounds
2026-03-22 00:30:26 | INFO  | phase3d |     LR: encoder=1e-05, classifier=0.0001, warmup=60/600 steps
      Epoch 1/20 | Batch 30/30 | loss=0.7007 | lr=5.00e-06 | 4.3 batch/s
    Epoch 1/20: train_loss=0.9238, val_loss=0.6916, best=0.6916 *, patience=0/5, 7s
2026-03-22 00:30:33 | INFO  | phase3d |     Epoch 1/20: train_loss=0.9238, val_loss=0.6916, best=0.6916 *, patience=0/5, 7s
      Epoch 2/20 | Batch 30/30 | loss=0.5055 | lr=1.00e-05 | 4.0 batch/s
    Epoch 2/20: train_loss=0.4421, val_loss=0.3152, best=0.3152 *, patience=0/5, 8s
2026-03-22 00:30:41 | INFO  | phase3d |     Epoch 2/20: train_loss=0.4421, val_loss=0.3152, best=0.3152 *, patience=0/5, 8s
      Epoch 3/20 | Batch 30/30 | loss=0.1934 | lr=9.92e-06 | 4.0 batch/s
    Epoch 3/20: train_loss=0.2633, val_loss=0.2541, best=0.2541 *, patience=0/5, 8s
2026-03-22 00:30:49 | INFO  | phase3d |     Epoch 3/20: train_loss=0.2633, val_loss=0.2541, best=0.2541 *, patience=0/5, 8s
      Epoch 4/20 | Batch 30/30 | loss=0.2119 | lr=9.70e-06 | 4.0 batch/s
    Epoch 4/20: train_loss=0.2163, val_loss=0.2326, best=0.2326 *, patience=0/5, 8s
2026-03-22 00:30:57 | INFO  | phase3d |     Epoch 4/20: train_loss=0.2163, val_loss=0.2326, best=0.2326 *, patience=0/5, 8s
      Epoch 5/20 | Batch 30/30 | loss=0.0191 | lr=9.33e-06 | 4.0 batch/s
    Epoch 5/20: train_loss=0.1720, val_loss=0.2205, best=0.2205 *, patience=0/5, 8s
2026-03-22 00:31:05 | INFO  | phase3d |     Epoch 5/20: train_loss=0.1720, val_loss=0.2205, best=0.2205 *, patience=0/5, 8s
      Epoch 6/20 | Batch 30/30 | loss=0.0495 | lr=8.83e-06 | 4.0 batch/s
    Epoch 6/20: train_loss=0.1578, val_loss=0.2280, best=0.2205, patience=1/5, 8s
2026-03-22 00:31:12 | INFO  | phase3d |     Epoch 6/20: train_loss=0.1578, val_loss=0.2280, best=0.2205, patience=1/5, 8s
      Epoch 7/20 | Batch 30/30 | loss=0.0137 | lr=8.21e-06 | 3.9 batch/s
    Epoch 7/20: train_loss=0.1341, val_loss=0.1880, best=0.1880 *, patience=0/5, 8s
2026-03-22 00:31:20 | INFO  | phase3d |     Epoch 7/20: train_loss=0.1341, val_loss=0.1880, best=0.1880 *, patience=0/5, 8s
      Epoch 8/20 | Batch 30/30 | loss=0.0318 | lr=7.50e-06 | 4.0 batch/s
    Epoch 8/20: train_loss=0.1117, val_loss=0.1758, best=0.1758 *, patience=0/5, 8s
2026-03-22 00:31:28 | INFO  | phase3d |     Epoch 8/20: train_loss=0.1117, val_loss=0.1758, best=0.1758 *, patience=0/5, 8s
      Epoch 9/20 | Batch 30/30 | loss=0.1220 | lr=6.71e-06 | 3.9 batch/s
    Epoch 9/20: train_loss=0.1010, val_loss=0.1675, best=0.1675 *, patience=0/5, 8s
2026-03-22 00:31:36 | INFO  | phase3d |     Epoch 9/20: train_loss=0.1010, val_loss=0.1675, best=0.1675 *, patience=0/5, 8s
      Epoch 10/20 | Batch 30/30 | loss=0.0096 | lr=5.87e-06 | 3.9 batch/s
    Epoch 10/20: train_loss=0.0825, val_loss=0.1727, best=0.1675, patience=1/5, 8s
2026-03-22 00:31:44 | INFO  | phase3d |     Epoch 10/20: train_loss=0.0825, val_loss=0.1727, best=0.1675, patience=1/5, 8s
      Epoch 11/20 | Batch 30/30 | loss=0.0150 | lr=5.00e-06 | 3.9 batch/s
    Epoch 11/20: train_loss=0.0781, val_loss=0.1866, best=0.1675, patience=2/5, 8s
2026-03-22 00:31:52 | INFO  | phase3d |     Epoch 11/20: train_loss=0.0781, val_loss=0.1866, best=0.1675, patience=2/5, 8s
      Epoch 12/20 | Batch 30/30 | loss=0.1737 | lr=4.13e-06 | 3.9 batch/s
    Epoch 12/20: train_loss=0.0852, val_loss=0.1931, best=0.1675, patience=3/5, 8s
2026-03-22 00:32:00 | INFO  | phase3d |     Epoch 12/20: train_loss=0.0852, val_loss=0.1931, best=0.1675, patience=3/5, 8s
      Epoch 13/20 | Batch 30/30 | loss=0.0467 | lr=3.29e-06 | 3.9 batch/s
    Epoch 13/20: train_loss=0.0711, val_loss=0.1944, best=0.1675, patience=4/5, 8s
2026-03-22 00:32:08 | INFO  | phase3d |     Epoch 13/20: train_loss=0.0711, val_loss=0.1944, best=0.1675, patience=4/5, 8s
      Epoch 14/20 | Batch 30/30 | loss=0.1454 | lr=2.50e-06 | 3.9 batch/s
    Epoch 14/20: train_loss=0.0594, val_loss=0.2163, best=0.1675, patience=5/5, 8s
2026-03-22 00:32:16 | INFO  | phase3d |     Epoch 14/20: train_loss=0.0594, val_loss=0.2163, best=0.1675, patience=5/5, 8s
    Early stopping at epoch 14 (patience=5)
2026-03-22 00:32:16 | INFO  | phase3d |       Early stopping at epoch 14
2026-03-22 00:32:17 | INFO  | phase3d |     [10_train_molformer.py:molformer_gut_t20:fold_1] ROC-AUC=0.9202, PR-AUC=0.8091, MCC=0.7584, 111s
    Fold 1 complete: ROC-AUC=0.9202, time=111s
2026-03-22 00:32:17 | INFO  | phase3d |     [10_train_molformer.py:molformer_gut_t20:fold_2] Starting fold 2/5...
2026-03-22 00:32:17 | INFO  | phase3d |     Loading MoLFormer from ibm/MoLFormer-XL-both-10pct...
2026-03-22 00:32:17 | INFO  | phase3d |     transformers version: 4.57.6
A new version of the following files was downloaded from https://huggingface.co/ibm/MoLFormer-XL-both-10pct:
- tokenization_molformer_fast.py
. Make sure to double-check they do not contain any added malicious code. To avoid downloading new versions of the code file, you can pin a revision.
A new version of the following files was downloaded from https://huggingface.co/ibm/MoLFormer-XL-both-10pct:
- configuration_molformer.py
. Make sure to double-check they do not contain any added malicious code. To avoid downloading new versions of the code file, you can pin a revision.
A new version of the following files was downloaded from https://huggingface.co/ibm/MoLFormer-XL-both-10pct:
- modeling_molformer.py
. Make sure to double-check they do not contain any added malicious code. To avoid downloading new versions of the code file, you can pin a revision.
2026-03-22 00:32:20 | INFO  | phase3d |     Encoder: 44.4M params
2026-03-22 00:32:20 | INFO  | phase3d |     Classifier: 769 params
2026-03-22 00:32:20 | INFO  | phase3d |     Device: cuda
2026-03-22 00:32:20 | INFO  | phase3d |     [10_train_molformer.py:molformer_gut_t20:fold_2] Train: 941 compounds, Test: 236 compounds
2026-03-22 00:32:20 | INFO  | phase3d |     [10_train_molformer.py:molformer_gut_t20:fold_2] Params: lr=1e-05, batch=32, epochs=20, patience=5
2026-03-22 00:32:20 | INFO  | phase3d |     Tokenizing 941 training SMILES...
2026-03-22 00:32:21 | INFO  | phase3d |     Tokenized in 0.2s, input shape: torch.Size([941, 202])
2026-03-22 00:32:21 | INFO  | phase3d |     Training: 20 epochs, 30 batches/epoch, batch_size=32, 941 compounds
2026-03-22 00:32:21 | INFO  | phase3d |     LR: encoder=1e-05, classifier=0.0001, warmup=60/600 steps
      Epoch 1/20 | Batch 30/30 | loss=0.3439 | lr=5.00e-06 | 4.3 batch/s
    Epoch 1/20: train_loss=0.5316, val_loss=0.4705, best=0.4705 *, patience=0/5, 7s
2026-03-22 00:32:28 | INFO  | phase3d |     Epoch 1/20: train_loss=0.5316, val_loss=0.4705, best=0.4705 *, patience=0/5, 7s
      Epoch 2/20 | Batch 30/30 | loss=0.4280 | lr=1.00e-05 | 4.1 batch/s
    Epoch 2/20: train_loss=0.3377, val_loss=0.3739, best=0.3739 *, patience=0/5, 8s
2026-03-22 00:32:36 | INFO  | phase3d |     Epoch 2/20: train_loss=0.3377, val_loss=0.3739, best=0.3739 *, patience=0/5, 8s
      Epoch 3/20 | Batch 30/30 | loss=0.3108 | lr=9.92e-06 | 4.0 batch/s
    Epoch 3/20: train_loss=0.2502, val_loss=0.3184, best=0.3184 *, patience=0/5, 8s
2026-03-22 00:32:44 | INFO  | phase3d |     Epoch 3/20: train_loss=0.2502, val_loss=0.3184, best=0.3184 *, patience=0/5, 8s
      Epoch 4/20 | Batch 30/30 | loss=0.0219 | lr=9.70e-06 | 4.0 batch/s
    Epoch 4/20: train_loss=0.2032, val_loss=0.3156, best=0.3156 *, patience=0/5, 8s
2026-03-22 00:32:52 | INFO  | phase3d |     Epoch 4/20: train_loss=0.2032, val_loss=0.3156, best=0.3156 *, patience=0/5, 8s
      Epoch 5/20 | Batch 30/30 | loss=0.0530 | lr=9.33e-06 | 4.0 batch/s
    Epoch 5/20: train_loss=0.1612, val_loss=0.2681, best=0.2681 *, patience=0/5, 8s
2026-03-22 00:32:59 | INFO  | phase3d |     Epoch 5/20: train_loss=0.1612, val_loss=0.2681, best=0.2681 *, patience=0/5, 8s
      Epoch 6/20 | Batch 30/30 | loss=0.0894 | lr=8.83e-06 | 4.0 batch/s
    Epoch 6/20: train_loss=0.1328, val_loss=0.2652, best=0.2652 *, patience=0/5, 8s
2026-03-22 00:33:07 | INFO  | phase3d |     Epoch 6/20: train_loss=0.1328, val_loss=0.2652, best=0.2652 *, patience=0/5, 8s
      Epoch 7/20 | Batch 30/30 | loss=0.0290 | lr=8.21e-06 | 4.0 batch/s
    Epoch 7/20: train_loss=0.1035, val_loss=0.3205, best=0.2652, patience=1/5, 8s
2026-03-22 00:33:15 | INFO  | phase3d |     Epoch 7/20: train_loss=0.1035, val_loss=0.3205, best=0.2652, patience=1/5, 8s
      Epoch 8/20 | Batch 30/30 | loss=0.1256 | lr=7.50e-06 | 3.9 batch/s
    Epoch 8/20: train_loss=0.0941, val_loss=0.3022, best=0.2652, patience=2/5, 8s
2026-03-22 00:33:23 | INFO  | phase3d |     Epoch 8/20: train_loss=0.0941, val_loss=0.3022, best=0.2652, patience=2/5, 8s
      Epoch 9/20 | Batch 30/30 | loss=0.0124 | lr=6.71e-06 | 3.9 batch/s
    Epoch 9/20: train_loss=0.0732, val_loss=0.3076, best=0.2652, patience=3/5, 8s
2026-03-22 00:33:31 | INFO  | phase3d |     Epoch 9/20: train_loss=0.0732, val_loss=0.3076, best=0.2652, patience=3/5, 8s
      Epoch 10/20 | Batch 30/30 | loss=0.3246 | lr=5.87e-06 | 3.9 batch/s
    Epoch 10/20: train_loss=0.0702, val_loss=0.3709, best=0.2652, patience=4/5, 8s
2026-03-22 00:33:39 | INFO  | phase3d |     Epoch 10/20: train_loss=0.0702, val_loss=0.3709, best=0.2652, patience=4/5, 8s
      Epoch 11/20 | Batch 30/30 | loss=0.1255 | lr=5.00e-06 | 3.9 batch/s
    Epoch 11/20: train_loss=0.0548, val_loss=0.3520, best=0.2652, patience=5/5, 8s
2026-03-22 00:33:47 | INFO  | phase3d |     Epoch 11/20: train_loss=0.0548, val_loss=0.3520, best=0.2652, patience=5/5, 8s
    Early stopping at epoch 11 (patience=5)
2026-03-22 00:33:47 | INFO  | phase3d |       Early stopping at epoch 11
2026-03-22 00:33:48 | INFO  | phase3d |     [10_train_molformer.py:molformer_gut_t20:fold_2] ROC-AUC=0.8837, PR-AUC=0.7178, MCC=0.6324, 87s
    Fold 2 complete: ROC-AUC=0.8837, time=87s
2026-03-22 00:33:48 | INFO  | phase3d |     [10_train_molformer.py:molformer_gut_t20:fold_3] Starting fold 3/5...
2026-03-22 00:33:48 | INFO  | phase3d |     Loading MoLFormer from ibm/MoLFormer-XL-both-10pct...
2026-03-22 00:33:48 | INFO  | phase3d |     transformers version: 4.57.6
A new version of the following files was downloaded from https://huggingface.co/ibm/MoLFormer-XL-both-10pct:
- tokenization_molformer_fast.py
. Make sure to double-check they do not contain any added malicious code. To avoid downloading new versions of the code file, you can pin a revision.
A new version of the following files was downloaded from https://huggingface.co/ibm/MoLFormer-XL-both-10pct:
- configuration_molformer.py
. Make sure to double-check they do not contain any added malicious code. To avoid downloading new versions of the code file, you can pin a revision.
A new version of the following files was downloaded from https://huggingface.co/ibm/MoLFormer-XL-both-10pct:
- modeling_molformer.py
. Make sure to double-check they do not contain any added malicious code. To avoid downloading new versions of the code file, you can pin a revision.
2026-03-22 00:33:52 | INFO  | phase3d |     Encoder: 44.4M params
2026-03-22 00:33:52 | INFO  | phase3d |     Classifier: 769 params
2026-03-22 00:33:52 | INFO  | phase3d |     Device: cuda
2026-03-22 00:33:52 | INFO  | phase3d |     [10_train_molformer.py:molformer_gut_t20:fold_3] Train: 942 compounds, Test: 235 compounds
2026-03-22 00:33:52 | INFO  | phase3d |     [10_train_molformer.py:molformer_gut_t20:fold_3] Params: lr=1e-05, batch=32, epochs=20, patience=5
2026-03-22 00:33:52 | INFO  | phase3d |     Tokenizing 942 training SMILES...
2026-03-22 00:33:52 | INFO  | phase3d |     Tokenized in 0.2s, input shape: torch.Size([942, 202])
2026-03-22 00:33:52 | INFO  | phase3d |     Training: 20 epochs, 30 batches/epoch, batch_size=32, 942 compounds
2026-03-22 00:33:52 | INFO  | phase3d |     LR: encoder=1e-05, classifier=0.0001, warmup=60/600 steps
      Epoch 1/20 | Batch 30/30 | loss=0.3949 | lr=5.00e-06 | 4.3 batch/s
    Epoch 1/20: train_loss=0.4970, val_loss=0.3364, best=0.3364 *, patience=0/5, 7s
2026-03-22 00:33:59 | INFO  | phase3d |     Epoch 1/20: train_loss=0.4970, val_loss=0.3364, best=0.3364 *, patience=0/5, 7s
      Epoch 2/20 | Batch 30/30 | loss=0.3568 | lr=1.00e-05 | 4.1 batch/s
    Epoch 2/20: train_loss=0.3691, val_loss=0.1855, best=0.1855 *, patience=0/5, 8s
2026-03-22 00:34:07 | INFO  | phase3d |     Epoch 2/20: train_loss=0.3691, val_loss=0.1855, best=0.1855 *, patience=0/5, 8s
      Epoch 3/20 | Batch 30/30 | loss=0.0995 | lr=9.92e-06 | 4.0 batch/s
    Epoch 3/20: train_loss=0.2612, val_loss=0.1667, best=0.1667 *, patience=0/5, 8s
2026-03-22 00:34:14 | INFO  | phase3d |     Epoch 3/20: train_loss=0.2612, val_loss=0.1667, best=0.1667 *, patience=0/5, 8s
      Epoch 4/20 | Batch 30/30 | loss=0.1225 | lr=9.70e-06 | 4.0 batch/s
    Epoch 4/20: train_loss=0.2056, val_loss=0.1636, best=0.1636 *, patience=0/5, 8s
2026-03-22 00:34:22 | INFO  | phase3d |     Epoch 4/20: train_loss=0.2056, val_loss=0.1636, best=0.1636 *, patience=0/5, 8s
      Epoch 5/20 | Batch 30/30 | loss=0.0171 | lr=9.33e-06 | 4.0 batch/s
    Epoch 5/20: train_loss=0.1605, val_loss=0.1663, best=0.1636, patience=1/5, 8s
2026-03-22 00:34:30 | INFO  | phase3d |     Epoch 5/20: train_loss=0.1605, val_loss=0.1663, best=0.1636, patience=1/5, 8s
      Epoch 6/20 | Batch 30/30 | loss=0.0873 | lr=8.83e-06 | 4.0 batch/s
    Epoch 6/20: train_loss=0.1347, val_loss=0.1568, best=0.1568 *, patience=0/5, 8s
2026-03-22 00:34:38 | INFO  | phase3d |     Epoch 6/20: train_loss=0.1347, val_loss=0.1568, best=0.1568 *, patience=0/5, 8s
      Epoch 7/20 | Batch 30/30 | loss=0.0188 | lr=8.21e-06 | 4.0 batch/s
    Epoch 7/20: train_loss=0.1134, val_loss=0.1860, best=0.1568, patience=1/5, 8s
2026-03-22 00:34:46 | INFO  | phase3d |     Epoch 7/20: train_loss=0.1134, val_loss=0.1860, best=0.1568, patience=1/5, 8s
      Epoch 8/20 | Batch 30/30 | loss=0.0529 | lr=7.50e-06 | 3.9 batch/s
    Epoch 8/20: train_loss=0.0934, val_loss=0.1993, best=0.1568, patience=2/5, 8s
2026-03-22 00:34:54 | INFO  | phase3d |     Epoch 8/20: train_loss=0.0934, val_loss=0.1993, best=0.1568, patience=2/5, 8s
      Epoch 9/20 | Batch 30/30 | loss=0.1770 | lr=6.71e-06 | 3.9 batch/s
    Epoch 9/20: train_loss=0.0885, val_loss=0.2042, best=0.1568, patience=3/5, 8s
2026-03-22 00:35:02 | INFO  | phase3d |     Epoch 9/20: train_loss=0.0885, val_loss=0.2042, best=0.1568, patience=3/5, 8s
      Epoch 10/20 | Batch 30/30 | loss=0.0253 | lr=5.87e-06 | 3.9 batch/s
    Epoch 10/20: train_loss=0.0779, val_loss=0.2579, best=0.1568, patience=4/5, 8s
2026-03-22 00:35:10 | INFO  | phase3d |     Epoch 10/20: train_loss=0.0779, val_loss=0.2579, best=0.1568, patience=4/5, 8s
      Epoch 11/20 | Batch 30/30 | loss=0.0455 | lr=5.00e-06 | 3.9 batch/s
    Epoch 11/20: train_loss=0.0681, val_loss=0.3137, best=0.1568, patience=5/5, 8s
2026-03-22 00:35:18 | INFO  | phase3d |     Epoch 11/20: train_loss=0.0681, val_loss=0.3137, best=0.1568, patience=5/5, 8s
    Early stopping at epoch 11 (patience=5)
2026-03-22 00:35:18 | INFO  | phase3d |       Early stopping at epoch 11
2026-03-22 00:35:18 | INFO  | phase3d |     [10_train_molformer.py:molformer_gut_t20:fold_3] ROC-AUC=0.7424, PR-AUC=0.2978, MCC=0.2779, 87s
    Fold 3 complete: ROC-AUC=0.7424, time=87s
2026-03-22 00:35:18 | INFO  | phase3d |     [10_train_molformer.py:molformer_gut_t20:fold_4] Starting fold 4/5...
2026-03-22 00:35:18 | INFO  | phase3d |     Loading MoLFormer from ibm/MoLFormer-XL-both-10pct...
2026-03-22 00:35:18 | INFO  | phase3d |     transformers version: 4.57.6
A new version of the following files was downloaded from https://huggingface.co/ibm/MoLFormer-XL-both-10pct:
- tokenization_molformer_fast.py
. Make sure to double-check they do not contain any added malicious code. To avoid downloading new versions of the code file, you can pin a revision.
A new version of the following files was downloaded from https://huggingface.co/ibm/MoLFormer-XL-both-10pct:
- configuration_molformer.py
. Make sure to double-check they do not contain any added malicious code. To avoid downloading new versions of the code file, you can pin a revision.
A new version of the following files was downloaded from https://huggingface.co/ibm/MoLFormer-XL-both-10pct:
- modeling_molformer.py
. Make sure to double-check they do not contain any added malicious code. To avoid downloading new versions of the code file, you can pin a revision.
2026-03-22 00:35:22 | INFO  | phase3d |     Encoder: 44.4M params
2026-03-22 00:35:22 | INFO  | phase3d |     Classifier: 769 params
2026-03-22 00:35:22 | INFO  | phase3d |     Device: cuda
2026-03-22 00:35:22 | INFO  | phase3d |     [10_train_molformer.py:molformer_gut_t20:fold_4] Train: 942 compounds, Test: 235 compounds
2026-03-22 00:35:22 | INFO  | phase3d |     [10_train_molformer.py:molformer_gut_t20:fold_4] Params: lr=1e-05, batch=32, epochs=20, patience=5
2026-03-22 00:35:22 | INFO  | phase3d |     Tokenizing 942 training SMILES...
2026-03-22 00:35:22 | INFO  | phase3d |     Tokenized in 0.2s, input shape: torch.Size([942, 181])
2026-03-22 00:35:22 | INFO  | phase3d |     Training: 20 epochs, 30 batches/epoch, batch_size=32, 942 compounds
2026-03-22 00:35:22 | INFO  | phase3d |     LR: encoder=1e-05, classifier=0.0001, warmup=60/600 steps
      Epoch 1/20 | Batch 30/30 | loss=0.6741 | lr=5.00e-06 | 4.6 batch/s
    Epoch 1/20: train_loss=0.8255, val_loss=0.6170, best=0.6170 *, patience=0/5, 7s
2026-03-22 00:35:29 | INFO  | phase3d |     Epoch 1/20: train_loss=0.8255, val_loss=0.6170, best=0.6170 *, patience=0/5, 7s
      Epoch 2/20 | Batch 30/30 | loss=0.1732 | lr=1.00e-05 | 4.3 batch/s
    Epoch 2/20: train_loss=0.4149, val_loss=0.3405, best=0.3405 *, patience=0/5, 7s
2026-03-22 00:35:37 | INFO  | phase3d |     Epoch 2/20: train_loss=0.4149, val_loss=0.3405, best=0.3405 *, patience=0/5, 7s
      Epoch 3/20 | Batch 30/30 | loss=0.4547 | lr=9.92e-06 | 4.3 batch/s
    Epoch 3/20: train_loss=0.2652, val_loss=0.2872, best=0.2872 *, patience=0/5, 7s
2026-03-22 00:35:44 | INFO  | phase3d |     Epoch 3/20: train_loss=0.2652, val_loss=0.2872, best=0.2872 *, patience=0/5, 7s
      Epoch 4/20 | Batch 30/30 | loss=0.4135 | lr=9.70e-06 | 4.2 batch/s
    Epoch 4/20: train_loss=0.2090, val_loss=0.2448, best=0.2448 *, patience=0/5, 8s
2026-03-22 00:35:52 | INFO  | phase3d |     Epoch 4/20: train_loss=0.2090, val_loss=0.2448, best=0.2448 *, patience=0/5, 8s
      Epoch 5/20 | Batch 30/30 | loss=0.2593 | lr=9.33e-06 | 4.2 batch/s
    Epoch 5/20: train_loss=0.1604, val_loss=0.2269, best=0.2269 *, patience=0/5, 8s
2026-03-22 00:35:59 | INFO  | phase3d |     Epoch 5/20: train_loss=0.1604, val_loss=0.2269, best=0.2269 *, patience=0/5, 8s
      Epoch 6/20 | Batch 30/30 | loss=0.0458 | lr=8.83e-06 | 4.2 batch/s
    Epoch 6/20: train_loss=0.1199, val_loss=0.2498, best=0.2269, patience=1/5, 8s
2026-03-22 00:36:07 | INFO  | phase3d |     Epoch 6/20: train_loss=0.1199, val_loss=0.2498, best=0.2269, patience=1/5, 8s
      Epoch 7/20 | Batch 30/30 | loss=0.0912 | lr=8.21e-06 | 4.2 batch/s
    Epoch 7/20: train_loss=0.0999, val_loss=0.2929, best=0.2269, patience=2/5, 8s
2026-03-22 00:36:14 | INFO  | phase3d |     Epoch 7/20: train_loss=0.0999, val_loss=0.2929, best=0.2269, patience=2/5, 8s
      Epoch 8/20 | Batch 30/30 | loss=0.0458 | lr=7.50e-06 | 4.2 batch/s
    Epoch 8/20: train_loss=0.0766, val_loss=0.2495, best=0.2269, patience=3/5, 8s
2026-03-22 00:36:22 | INFO  | phase3d |     Epoch 8/20: train_loss=0.0766, val_loss=0.2495, best=0.2269, patience=3/5, 8s
      Epoch 9/20 | Batch 30/30 | loss=0.0480 | lr=6.71e-06 | 4.2 batch/s
    Epoch 9/20: train_loss=0.0578, val_loss=0.2754, best=0.2269, patience=4/5, 8s
2026-03-22 00:36:29 | INFO  | phase3d |     Epoch 9/20: train_loss=0.0578, val_loss=0.2754, best=0.2269, patience=4/5, 8s
      Epoch 10/20 | Batch 30/30 | loss=0.1826 | lr=5.87e-06 | 4.2 batch/s
    Epoch 10/20: train_loss=0.0598, val_loss=0.2915, best=0.2269, patience=5/5, 8s
2026-03-22 00:36:37 | INFO  | phase3d |     Epoch 10/20: train_loss=0.0598, val_loss=0.2915, best=0.2269, patience=5/5, 8s
    Early stopping at epoch 10 (patience=5)
2026-03-22 00:36:37 | INFO  | phase3d |       Early stopping at epoch 10
2026-03-22 00:36:38 | INFO  | phase3d |     [10_train_molformer.py:molformer_gut_t20:fold_4] ROC-AUC=0.9212, PR-AUC=0.5797, MCC=0.4757, 76s
    Fold 4 complete: ROC-AUC=0.9212, time=76s
2026-03-22 00:36:38 | INFO  | phase3d |   molformer_gut_t20 CV: ROC-AUC = 0.8616 +/- 0.0665
2026-03-22 00:36:38 | INFO  | phase3d |   molformer_gut_t20: 452s
2026-03-22 00:36:38 | INFO  | phase3d |     Training final molformer_gut_t20 on all 1177 samples...
2026-03-22 00:36:38 | INFO  | phase3d |     Loading MoLFormer from ibm/MoLFormer-XL-both-10pct...
2026-03-22 00:36:38 | INFO  | phase3d |     transformers version: 4.57.6
A new version of the following files was downloaded from https://huggingface.co/ibm/MoLFormer-XL-both-10pct:
- tokenization_molformer_fast.py
. Make sure to double-check they do not contain any added malicious code. To avoid downloading new versions of the code file, you can pin a revision.
A new version of the following files was downloaded from https://huggingface.co/ibm/MoLFormer-XL-both-10pct:
- configuration_molformer.py
. Make sure to double-check they do not contain any added malicious code. To avoid downloading new versions of the code file, you can pin a revision.
A new version of the following files was downloaded from https://huggingface.co/ibm/MoLFormer-XL-both-10pct:
- modeling_molformer.py
. Make sure to double-check they do not contain any added malicious code. To avoid downloading new versions of the code file, you can pin a revision.
2026-03-22 00:36:42 | INFO  | phase3d |     Encoder: 44.4M params
2026-03-22 00:36:42 | INFO  | phase3d |     Classifier: 769 params
2026-03-22 00:36:42 | INFO  | phase3d |     Device: cuda
2026-03-22 00:36:42 | INFO  | phase3d |     Tokenizing 1177 training SMILES...
2026-03-22 00:36:42 | INFO  | phase3d |     Tokenized in 0.3s, input shape: torch.Size([1177, 202])
2026-03-22 00:36:42 | INFO  | phase3d |     Training: 20 epochs, 37 batches/epoch, batch_size=32, 1177 compounds
2026-03-22 00:36:42 | INFO  | phase3d |     LR: encoder=1e-05, classifier=0.0001, warmup=74/740 steps
      Epoch 1/20 | Batch 37/37 | loss=0.4831 | lr=5.00e-06 | 4.2 batch/s
    Epoch 1/20: train_loss=0.6570, 9s
2026-03-22 00:36:50 | INFO  | phase3d |     Epoch 1/20: train_loss=0.6570, 9s
      Epoch 2/20 | Batch 37/37 | loss=0.0792 | lr=1.00e-05 | 4.0 batch/s
    Epoch 2/20: train_loss=0.3475, 9s
2026-03-22 00:37:00 | INFO  | phase3d |     Epoch 2/20: train_loss=0.3475, 9s
      Epoch 3/20 | Batch 37/37 | loss=0.1458 | lr=9.92e-06 | 4.0 batch/s
    Epoch 3/20: train_loss=0.2444, 9s
2026-03-22 00:37:09 | INFO  | phase3d |     Epoch 3/20: train_loss=0.2444, 9s
      Epoch 4/20 | Batch 37/37 | loss=0.0434 | lr=9.70e-06 | 3.9 batch/s
    Epoch 4/20: train_loss=0.1831, 9s
2026-03-22 00:37:18 | INFO  | phase3d |     Epoch 4/20: train_loss=0.1831, 9s
      Epoch 5/20 | Batch 37/37 | loss=0.0520 | lr=9.33e-06 | 3.9 batch/s
    Epoch 5/20: train_loss=0.1533, 9s
2026-03-22 00:37:28 | INFO  | phase3d |     Epoch 5/20: train_loss=0.1533, 9s
      Epoch 6/20 | Batch 37/37 | loss=0.0503 | lr=8.83e-06 | 3.9 batch/s
    Epoch 6/20: train_loss=0.1240, 10s
2026-03-22 00:37:37 | INFO  | phase3d |     Epoch 6/20: train_loss=0.1240, 10s
      Epoch 7/20 | Batch 37/37 | loss=0.0426 | lr=8.21e-06 | 3.9 batch/s
    Epoch 7/20: train_loss=0.0953, 10s
2026-03-22 00:37:47 | INFO  | phase3d |     Epoch 7/20: train_loss=0.0953, 10s
      Epoch 8/20 | Batch 37/37 | loss=0.0714 | lr=7.50e-06 | 3.9 batch/s
    Epoch 8/20: train_loss=0.0856, 10s
2026-03-22 00:37:56 | INFO  | phase3d |     Epoch 8/20: train_loss=0.0856, 10s
      Epoch 9/20 | Batch 37/37 | loss=0.0496 | lr=6.71e-06 | 3.9 batch/s
    Epoch 9/20: train_loss=0.0757, 10s
2026-03-22 00:38:06 | INFO  | phase3d |     Epoch 9/20: train_loss=0.0757, 10s
      Epoch 10/20 | Batch 37/37 | loss=0.0094 | lr=5.87e-06 | 3.9 batch/s
    Epoch 10/20: train_loss=0.0622, 10s
2026-03-22 00:38:15 | INFO  | phase3d |     Epoch 10/20: train_loss=0.0622, 10s
      Epoch 11/20 | Batch 37/37 | loss=0.0344 | lr=5.00e-06 | 3.9 batch/s
    Epoch 11/20: train_loss=0.0528, 10s
2026-03-22 00:38:25 | INFO  | phase3d |     Epoch 11/20: train_loss=0.0528, 10s
      Epoch 12/20 | Batch 37/37 | loss=0.0031 | lr=4.13e-06 | 3.9 batch/s
    Epoch 12/20: train_loss=0.0457, 10s
2026-03-22 00:38:35 | INFO  | phase3d |     Epoch 12/20: train_loss=0.0457, 10s
      Epoch 13/20 | Batch 37/37 | loss=0.0026 | lr=3.29e-06 | 3.9 batch/s
    Epoch 13/20: train_loss=0.0397, 10s
2026-03-22 00:38:44 | INFO  | phase3d |     Epoch 13/20: train_loss=0.0397, 10s
      Epoch 14/20 | Batch 37/37 | loss=0.0027 | lr=2.50e-06 | 3.9 batch/s
    Epoch 14/20: train_loss=0.0333, 10s
2026-03-22 00:38:54 | INFO  | phase3d |     Epoch 14/20: train_loss=0.0333, 10s
      Epoch 15/20 | Batch 37/37 | loss=0.0444 | lr=1.79e-06 | 3.9 batch/s
    Epoch 15/20: train_loss=0.0340, 10s
2026-03-22 00:39:03 | INFO  | phase3d |     Epoch 15/20: train_loss=0.0340, 10s
      Epoch 16/20 | Batch 37/37 | loss=0.0849 | lr=1.17e-06 | 3.9 batch/s
    Epoch 16/20: train_loss=0.0364, 10s
2026-03-22 00:39:13 | INFO  | phase3d |     Epoch 16/20: train_loss=0.0364, 10s
      Epoch 17/20 | Batch 37/37 | loss=0.0123 | lr=6.70e-07 | 3.9 batch/s
    Epoch 17/20: train_loss=0.0321, 10s
2026-03-22 00:39:22 | INFO  | phase3d |     Epoch 17/20: train_loss=0.0321, 10s
      Epoch 18/20 | Batch 37/37 | loss=0.1481 | lr=3.02e-07 | 3.9 batch/s
    Epoch 18/20: train_loss=0.0324, 10s
2026-03-22 00:39:32 | INFO  | phase3d |     Epoch 18/20: train_loss=0.0324, 10s
      Epoch 19/20 | Batch 37/37 | loss=0.0050 | lr=7.60e-08 | 3.9 batch/s
    Epoch 19/20: train_loss=0.0275, 10s
2026-03-22 00:39:41 | INFO  | phase3d |     Epoch 19/20: train_loss=0.0275, 10s
      Epoch 20/20 | Batch 37/37 | loss=0.0017 | lr=0.00e+00 | 3.9 batch/s
    Epoch 20/20: train_loss=0.0273, 10s
2026-03-22 00:39:51 | INFO  | phase3d |     Epoch 20/20: train_loss=0.0273, 10s
2026-03-22 00:40:04 | INFO  | phase3d |     Screening: /scratch/vishakha.agrawal/antibiotic-selectivity/outputs/runs/run_20260315_034033/results/screening/molformer_ranked_gut_t20.csv (6739 compounds)
2026-03-22 00:40:05 | INFO  | phase3d | 
  Saved: /scratch/vishakha.agrawal/antibiotic-selectivity/outputs/runs/run_20260315_034033/results/molformer_cv_metrics.json
2026-03-22 00:40:05 | INFO  | phase3d | 
======================================================================
2026-03-22 00:40:05 | INFO  | phase3d |   MoLFormer-XL CV Results Summary
2026-03-22 00:40:05 | INFO  | phase3d | ======================================================================
2026-03-22 00:40:05 | INFO  | phase3d |   ecoli                     ROC-AUC=0.8378 +/- 0.0178  MCC=0.5314
2026-03-22 00:40:05 | INFO  | phase3d |   saureus                   ROC-AUC=0.8346 +/- 0.0150  MCC=0.5151
2026-03-22 00:40:05 | INFO  | phase3d |   paeruginosa               ROC-AUC=0.8275 +/- 0.0110  MCC=0.5059
2026-03-22 00:40:05 | INFO  | phase3d |   mtb                       ROC-AUC=0.7640 +/- 0.0177  MCC=0.3843
2026-03-22 00:40:05 | INFO  | phase3d |   gut_t5                    ROC-AUC=0.8471 +/- 0.0412  MCC=0.5150
2026-03-22 00:40:05 | INFO  | phase3d |   gut_t10                   ROC-AUC=0.8219 +/- 0.0640  MCC=0.5034
2026-03-22 00:40:05 | INFO  | phase3d |   gut_t20                   ROC-AUC=0.8616 +/- 0.0665  MCC=0.5368
2026-03-22 00:40:05 | INFO  | phase3d | ============================================================
2026-03-22 00:40:05 | INFO  | phase3d |  COMPLETED: Phase 3D: MoLFormer-XL Fine-Tuning
2026-03-22 00:40:05 | INFO  | phase3d |  Elapsed: 332m 52.2s
2026-03-22 00:40:05 | INFO  | phase3d | ============================================================
[00:40:07]   MoLFormer exit code: 0, time: 19980s
[00:40:07] 
[00:40:07] [7/10] Evaluation, Showcase, Comparative Analysis...
[00:40:07] ============================================================
[00:40:07]   Running 07_evaluate.py...
2026-03-22 00:40:13 | INFO  | phase4 | Logging to file: /scratch/vishakha.agrawal/antibiotic-selectivity/logs/phase4.log
2026-03-22 00:40:13 | INFO  | phase4 | Running unit tests...
Running Phase 4 unit tests...
  [PASS] Find ciprofloxacin (case)
  [PASS] Find amoxicillin (partial)
  [PASS] Nonexistent returns None
  [PASS] Mann-Whitney p=0.0070 < 0.05
  [PASS] Rank-biserial |r|=1.000 > 0.5
  [PASS] Selectivity AUC=1.000 > 0.9
  [PASS] Spearman rho=1.000 > 0.8
  [PASS] Enrichment 60%/20% = 3.0x
  [PASS] Threshold sensitivity rho=0.964 > 0.8
  [PASS] Diagnostic table rows: 5
  [PASS] Has rf_roc_auc
  [PASS] RF metric extracted correctly
  [PASS] D-MPNN metric extracted correctly

Unit tests: 13 passed, 0 failed
2026-03-22 00:40:13 | INFO  | phase4 | All unit tests passed.

2026-03-22 00:40:13 | INFO  | phase4 | ============================================================
2026-03-22 00:40:13 | INFO  | phase4 |  STARTING: Phase 4: Full Evaluation Suite
2026-03-22 00:40:13 | INFO  | phase4 | ============================================================
2026-03-22 00:40:13 | INFO  | phase4 | [07_evaluate.py:main] Loading pipeline results...
2026-03-22 00:40:13 | INFO  | phase4 | [07_evaluate.py:main] Results dir: /scratch/vishakha.agrawal/antibiotic-selectivity/outputs/runs/run_20260315_034033/results
2026-03-22 00:40:13 | INFO  | phase4 | [07_evaluate.py:main] Screening dir: /scratch/vishakha.agrawal/antibiotic-selectivity/outputs/runs/run_20260315_034033/results/screening
2026-03-22 00:40:14 | INFO  | phase4 | [07_evaluate.py:main] Found 12 RF ranked files, 12 D-MPNN ranked files
2026-03-22 00:40:14 | INFO  | phase4 | [07_evaluate.py:main] RF metrics: EXISTS
2026-03-22 00:40:14 | INFO  | phase4 | [07_evaluate.py:main] D-MPNN metrics: EXISTS
2026-03-22 00:40:14 | INFO  | phase4 |   [07_evaluate.py:load_cv_metrics(rf)] Loaded: /scratch/vishakha.agrawal/antibiotic-selectivity/outputs/runs/run_20260315_034033/results/rf_cv_metrics.json (7 tasks: ['ecoli', 'saureus', 'paeruginosa', 'mtb', 'gut_t5', 'gut_t10', 'gut_t20'])
2026-03-22 00:40:14 | INFO  | phase4 |   [07_evaluate.py:load_cv_metrics(dmpnn)] Loaded: /scratch/vishakha.agrawal/antibiotic-selectivity/outputs/runs/run_20260315_034033/results/dmpnn_cv_metrics.json (7 tasks: ['ecoli', 'saureus', 'paeruginosa', 'mtb', 'gut_t5', 'gut_t10', 'gut_t20'])
2026-03-22 00:40:14 | INFO  | phase4 |   [07_evaluate.py:load_ranked_lists(rf)] Loaded 12 ranked lists: ['ecoli_t5', 'ecoli_t10', 'ecoli_t20', 'saureus_t5', 'saureus_t10', 'saureus_t20', 'paeruginosa_t5', 'paeruginosa_t10', 'paeruginosa_t20', 'mtb_t5', 'mtb_t10', 'mtb_t20']
2026-03-22 00:40:14 | INFO  | phase4 |   [07_evaluate.py:load_ranked_lists(dmpnn)] Loaded 12 ranked lists: ['ecoli_t5', 'ecoli_t10', 'ecoli_t20', 'saureus_t5', 'saureus_t10', 'saureus_t20', 'paeruginosa_t5', 'paeruginosa_t10', 'paeruginosa_t20', 'mtb_t5', 'mtb_t10', 'mtb_t20']
2026-03-22 00:40:14 | INFO  | phase4 | [07_evaluate.py:main] RF pipeline:     AVAILABLE (12 ranked lists)
2026-03-22 00:40:14 | INFO  | phase4 | [07_evaluate.py:main] D-MPNN pipeline: AVAILABLE (12 ranked lists)
2026-03-22 00:40:14 | INFO  | phase4 | 
======================================================================
2026-03-22 00:40:14 | INFO  | phase4 |  LEVEL 1: Diagnostic Per-Model Metrics
2026-03-22 00:40:14 | INFO  | phase4 | ======================================================================
2026-03-22 00:40:14 | INFO  | phase4 | 
2026-03-22 00:40:14 | INFO  | phase4 |   Task                                  RF ROC-AUC         D-MPNN ROC-AUC              RF PR-AUC          D-MPNN PR-AUC
2026-03-22 00:40:14 | INFO  | phase4 |   -------------------------------------------------------------------------------------------------------------------
2026-03-22 00:40:14 | INFO  | phase4 |   E. coli (MIC)                  0.8765 +/- 0.0107      0.8525 +/- 0.0123      0.8049 +/- 0.0374      0.7743 +/- 0.0369
2026-03-22 00:40:14 | INFO  | phase4 |   S. aureus (MIC)                0.8708 +/- 0.0073      0.8544 +/- 0.0125      0.8470 +/- 0.0129      0.8250 +/- 0.0173
2026-03-22 00:40:14 | INFO  | phase4 |   P. aeruginosa (MIC)            0.8610 +/- 0.0135      0.8379 +/- 0.0131      0.7194 +/- 0.0313      0.6867 +/- 0.0240
2026-03-22 00:40:14 | INFO  | phase4 |   M. tuberculosis (MIC)          0.8112 +/- 0.0178      0.7599 +/- 0.0232      0.7755 +/- 0.0376      0.7219 +/- 0.0387
2026-03-22 00:40:14 | INFO  | phase4 |   Gut harm (t=10)                0.8232 +/- 0.0898      0.8410 +/- 0.0391      0.6654 +/- 0.1570      0.5970 +/- 0.1864
2026-03-22 00:40:14 | INFO  | phase4 | 
2026-03-22 00:40:14 | INFO  | phase4 |   Reference: McCoubrey et al. 2021 reported AUROC 0.857 for commensal harm (Extra Trees)
2026-03-22 00:40:14 | INFO  | phase4 | 
  Saved: /scratch/vishakha.agrawal/antibiotic-selectivity/outputs/runs/run_20260315_034033/results/cv_metrics_diagnostic.csv
2026-03-22 00:40:14 | INFO  | phase4 | 
======================================================================
2026-03-22 00:40:14 | INFO  | phase4 |  LEVEL 2: Pipeline-Level Selectivity Evaluation
2026-03-22 00:40:14 | INFO  | phase4 | ======================================================================
2026-03-22 00:40:14 | INFO  | phase4 | 
--- Test 1: Rank Separation (Mann-Whitney U) ---
2026-03-22 00:40:14 | INFO  | phase4 |     lolamicin: not in Broad Hub (expected if post-2020 compound)
2026-03-22 00:40:14 | INFO  | phase4 |   Test 1 (rf, ecoli_t5): U=18.0, p=0.1286, r_rb=-0.500 (medium), narrow_mean=0.1568, broad_mean=0.0936
2026-03-22 00:40:14 | INFO  | phase4 |   Test 1 (rf, ecoli_t10): U=18.0, p=0.1286, r_rb=-0.500 (medium), narrow_mean=0.163, broad_mean=0.0874
2026-03-22 00:40:14 | INFO  | phase4 |   Test 1 (rf, ecoli_t20): U=18.0, p=0.1286, r_rb=-0.500 (medium), narrow_mean=0.1775, broad_mean=0.0963
2026-03-22 00:40:15 | INFO  | phase4 |   Test 1 (rf, saureus_t5): U=15.0, p=0.3048, r_rb=-0.250 (small), narrow_mean=0.1876, broad_mean=0.1106
2026-03-22 00:40:15 | INFO  | phase4 |   Test 1 (rf, saureus_t10): U=15.0, p=0.3048, r_rb=-0.250 (small), narrow_mean=0.196, broad_mean=0.1043
2026-03-22 00:40:15 | INFO  | phase4 |   Test 1 (rf, saureus_t20): U=15.0, p=0.3048, r_rb=-0.250 (small), narrow_mean=0.2212, broad_mean=0.1137
2026-03-22 00:40:15 | INFO  | phase4 |   Test 1 (rf, paeruginosa_t5): U=19.0, p=0.0857, r_rb=-0.583 (large), narrow_mean=0.1499, broad_mean=0.0541
2026-03-22 00:40:15 | INFO  | phase4 |   Test 1 (rf, paeruginosa_t10): U=19.0, p=0.0857, r_rb=-0.583 (large), narrow_mean=0.1563, broad_mean=0.0504
2026-03-22 00:40:15 | INFO  | phase4 |   Test 1 (rf, paeruginosa_t20): U=19.0, p=0.0857, r_rb=-0.583 (large), narrow_mean=0.1709, broad_mean=0.0562
2026-03-22 00:40:15 | INFO  | phase4 |   Test 1 (rf, mtb_t5): U=18.0, p=0.1286, r_rb=-0.500 (medium), narrow_mean=0.1557, broad_mean=0.0648
2026-03-22 00:40:15 | INFO  | phase4 |   Test 1 (rf, mtb_t10): U=19.0, p=0.0857, r_rb=-0.583 (large), narrow_mean=0.163, broad_mean=0.0606
2026-03-22 00:40:15 | INFO  | phase4 |   Test 1 (rf, mtb_t20): U=17.0, p=0.1762, r_rb=-0.417 (medium), narrow_mean=0.1845, broad_mean=0.0671
2026-03-22 00:40:15 | INFO  | phase4 |   Test 1 (dmpnn, ecoli_t5): U=2.0, p=0.9905, r_rb=0.833 (large), narrow_mean=0.005, broad_mean=0.0786
2026-03-22 00:40:15 | INFO  | phase4 |   Test 1 (dmpnn, ecoli_t10): U=5.0, p=0.9429, r_rb=0.583 (large), narrow_mean=0.0107, broad_mean=0.0367
2026-03-22 00:40:15 | INFO  | phase4 |   Test 1 (dmpnn, ecoli_t20): U=3.0, p=0.9810, r_rb=0.750 (large), narrow_mean=0.043, broad_mean=0.4109
2026-03-22 00:40:15 | INFO  | phase4 |   Test 1 (dmpnn, saureus_t5): U=5.0, p=0.9429, r_rb=0.583 (large), narrow_mean=0.063, broad_mean=0.0895
2026-03-22 00:40:15 | INFO  | phase4 |   Test 1 (dmpnn, saureus_t10): U=6.0, p=0.9143, r_rb=0.500 (medium), narrow_mean=0.1381, broad_mean=0.0421
2026-03-22 00:40:15 | INFO  | phase4 |   Test 1 (dmpnn, saureus_t20): U=10.0, p=0.6952, r_rb=0.167 (small), narrow_mean=0.4344, broad_mean=0.504
2026-03-22 00:40:15 | INFO  | phase4 |   Test 1 (dmpnn, paeruginosa_t5): U=13.0, p=0.4571, r_rb=-0.083 (small), narrow_mean=0.0079, broad_mean=0.0108
2026-03-22 00:40:15 | INFO  | phase4 |   Test 1 (dmpnn, paeruginosa_t10): U=14.0, p=0.3731, r_rb=-0.167 (small), narrow_mean=0.0084, broad_mean=0.0086
2026-03-22 00:40:15 | INFO  | phase4 |   Test 1 (dmpnn, paeruginosa_t20): U=12.0, p=0.5429, r_rb=0.000 (small), narrow_mean=0.0117, broad_mean=0.0895
2026-03-22 00:40:15 | INFO  | phase4 |   Test 1 (dmpnn, mtb_t5): U=13.0, p=0.4571, r_rb=-0.083 (small), narrow_mean=0.0568, broad_mean=0.0288
2026-03-22 00:40:15 | INFO  | phase4 |   Test 1 (dmpnn, mtb_t10): U=15.0, p=0.3048, r_rb=-0.250 (small), narrow_mean=0.0642, broad_mean=0.0185
2026-03-22 00:40:15 | INFO  | phase4 |   Test 1 (dmpnn, mtb_t20): U=14.0, p=0.3810, r_rb=-0.167 (small), narrow_mean=0.3127, broad_mean=0.2542
2026-03-22 00:40:15 | INFO  | phase4 | 
--- Test 2: Selectivity ROC-AUC ---
2026-03-22 00:40:15 | INFO  | phase4 |   Test 2 (rf, ecoli_t5): Selectivity AUC = 0.7500
2026-03-22 00:40:15 | INFO  | phase4 |   Test 2 (rf, ecoli_t10): Selectivity AUC = 0.7500
2026-03-22 00:40:15 | INFO  | phase4 |   Test 2 (rf, ecoli_t20): Selectivity AUC = 0.7500
2026-03-22 00:40:15 | INFO  | phase4 |   Test 2 (rf, saureus_t5): Selectivity AUC = 0.6250
2026-03-22 00:40:15 | INFO  | phase4 |   Test 2 (rf, saureus_t10): Selectivity AUC = 0.6250
2026-03-22 00:40:15 | INFO  | phase4 |   Test 2 (rf, saureus_t20): Selectivity AUC = 0.6250
2026-03-22 00:40:15 | INFO  | phase4 |   Test 2 (rf, paeruginosa_t5): Selectivity AUC = 0.7917
2026-03-22 00:40:15 | INFO  | phase4 |   Test 2 (rf, paeruginosa_t10): Selectivity AUC = 0.7917
2026-03-22 00:40:15 | INFO  | phase4 |   Test 2 (rf, paeruginosa_t20): Selectivity AUC = 0.7917
2026-03-22 00:40:15 | INFO  | phase4 |   Test 2 (rf, mtb_t5): Selectivity AUC = 0.7500
2026-03-22 00:40:15 | INFO  | phase4 |   Test 2 (rf, mtb_t10): Selectivity AUC = 0.7917
2026-03-22 00:40:15 | INFO  | phase4 |   Test 2 (rf, mtb_t20): Selectivity AUC = 0.7083
2026-03-22 00:40:15 | INFO  | phase4 |   Test 2 (dmpnn, ecoli_t5): Selectivity AUC = 0.0833
2026-03-22 00:40:15 | INFO  | phase4 |   Test 2 (dmpnn, ecoli_t10): Selectivity AUC = 0.2083
2026-03-22 00:40:15 | INFO  | phase4 |   Test 2 (dmpnn, ecoli_t20): Selectivity AUC = 0.1250
2026-03-22 00:40:15 | INFO  | phase4 |   Test 2 (dmpnn, saureus_t5): Selectivity AUC = 0.2083
2026-03-22 00:40:15 | INFO  | phase4 |   Test 2 (dmpnn, saureus_t10): Selectivity AUC = 0.2500
2026-03-22 00:40:15 | INFO  | phase4 |   Test 2 (dmpnn, saureus_t20): Selectivity AUC = 0.4167
2026-03-22 00:40:15 | INFO  | phase4 |   Test 2 (dmpnn, paeruginosa_t5): Selectivity AUC = 0.5417
2026-03-22 00:40:15 | INFO  | phase4 |   Test 2 (dmpnn, paeruginosa_t10): Selectivity AUC = 0.5833
2026-03-22 00:40:15 | INFO  | phase4 |   Test 2 (dmpnn, paeruginosa_t20): Selectivity AUC = 0.5000
2026-03-22 00:40:15 | INFO  | phase4 |   Test 2 (dmpnn, mtb_t5): Selectivity AUC = 0.5417
2026-03-22 00:40:15 | INFO  | phase4 |   Test 2 (dmpnn, mtb_t10): Selectivity AUC = 0.6250
2026-03-22 00:40:15 | INFO  | phase4 |   Test 2 (dmpnn, mtb_t20): Selectivity AUC = 0.5833
2026-03-22 00:40:15 | INFO  | phase4 | 
--- Test 3: Top-k Enrichment ---
2026-03-22 00:40:15 | INFO  | phase4 |   Test 3 (rf, ecoli_t10): 5/50 antibiotics in top-50 (enrichment = 2.92x)
2026-03-22 00:40:15 | INFO  | phase4 |   Test 3 (rf, saureus_t10): 9/50 antibiotics in top-50 (enrichment = 5.25x)
2026-03-22 00:40:15 | INFO  | phase4 |   Test 3 (rf, paeruginosa_t10): 2/50 antibiotics in top-50 (enrichment = 1.17x)
2026-03-22 00:40:15 | INFO  | phase4 |   Test 3 (rf, mtb_t10): 8/50 antibiotics in top-50 (enrichment = 4.67x)
2026-03-22 00:40:15 | INFO  | phase4 |   Test 3 (dmpnn, ecoli_t10): 1/50 antibiotics in top-50 (enrichment = 0.58x)
2026-03-22 00:40:15 | INFO  | phase4 |   Test 3 (dmpnn, saureus_t10): 0/50 antibiotics in top-50 (enrichment = 0.00x)
2026-03-22 00:40:15 | INFO  | phase4 |   Test 3 (dmpnn, paeruginosa_t10): 0/50 antibiotics in top-50 (enrichment = 0.00x)
2026-03-22 00:40:15 | INFO  | phase4 |   Test 3 (dmpnn, mtb_t10): 1/50 antibiotics in top-50 (enrichment = 0.58x)
2026-03-22 00:40:15 | INFO  | phase4 | 
--- Test 4: Pipeline Agreement ---
2026-03-22 00:40:15 | INFO  | phase4 |   Test 4 (ecoli_t5): rho=0.3015, n=6739 (low agreement)
2026-03-22 00:40:15 | INFO  | phase4 |   Test 4 (ecoli_t10): rho=0.3034, n=6739 (low agreement)
2026-03-22 00:40:15 | INFO  | phase4 |   Test 4 (ecoli_t20): rho=0.3197, n=6739 (low agreement)
2026-03-22 00:40:15 | INFO  | phase4 |   Test 4 (saureus_t5): rho=0.3738, n=6739 (low agreement)
2026-03-22 00:40:15 | INFO  | phase4 |   Test 4 (saureus_t10): rho=0.3938, n=6739 (low agreement)
2026-03-22 00:40:15 | INFO  | phase4 |   Test 4 (saureus_t20): rho=0.4170, n=6739 (low agreement)
2026-03-22 00:40:15 | INFO  | phase4 |   Test 4 (paeruginosa_t5): rho=0.1895, n=6739 (low agreement)
2026-03-22 00:40:15 | INFO  | phase4 |   Test 4 (paeruginosa_t10): rho=0.1835, n=6739 (low agreement)
2026-03-22 00:40:15 | INFO  | phase4 |   Test 4 (paeruginosa_t20): rho=0.1881, n=6739 (low agreement)
2026-03-22 00:40:15 | INFO  | phase4 |   Test 4 (mtb_t5): rho=0.5084, n=6739 (moderate agreement)
2026-03-22 00:40:15 | INFO  | phase4 |   Test 4 (mtb_t10): rho=0.5358, n=6739 (moderate agreement)
2026-03-22 00:40:15 | INFO  | phase4 |   Test 4 (mtb_t20): rho=0.5303, n=6739 (moderate agreement)
2026-03-22 00:40:15 | INFO  | phase4 | 
--- Test 5: Threshold Sensitivity ---
2026-03-22 00:40:15 | INFO  | phase4 |   Test 5 (rf, ecoli_t5 vs ecoli_t10): rho=0.9755, top-50 overlap=43/50
2026-03-22 00:40:15 | INFO  | phase4 |   Test 5 (rf, ecoli_t5 vs ecoli_t20): rho=0.9512, top-50 overlap=38/50
2026-03-22 00:40:15 | INFO  | phase4 |   Test 5 (rf, ecoli_t10 vs ecoli_t20): rho=0.9759, top-50 overlap=38/50
2026-03-22 00:40:15 | INFO  | phase4 |   Test 5 (rf, saureus_t5 vs saureus_t10): rho=0.9705, top-50 overlap=44/50
2026-03-22 00:40:15 | INFO  | phase4 |   Test 5 (rf, saureus_t5 vs saureus_t20): rho=0.9422, top-50 overlap=39/50
2026-03-22 00:40:15 | INFO  | phase4 |   Test 5 (rf, saureus_t10 vs saureus_t20): rho=0.9716, top-50 overlap=44/50
2026-03-22 00:40:15 | INFO  | phase4 |   Test 5 (rf, paeruginosa_t5 vs paeruginosa_t10): rho=0.9765, top-50 overlap=46/50
2026-03-22 00:40:15 | INFO  | phase4 |   Test 5 (rf, paeruginosa_t5 vs paeruginosa_t20): rho=0.9536, top-50 overlap=40/50
2026-03-22 00:40:15 | INFO  | phase4 |   Test 5 (rf, paeruginosa_t10 vs paeruginosa_t20): rho=0.9782, top-50 overlap=40/50
2026-03-22 00:40:15 | INFO  | phase4 |   Test 5 (rf, mtb_t5 vs mtb_t10): rho=0.9628, top-50 overlap=43/50
2026-03-22 00:40:15 | INFO  | phase4 |   Test 5 (rf, mtb_t5 vs mtb_t20): rho=0.9357, top-50 overlap=33/50
2026-03-22 00:40:15 | INFO  | phase4 |   Test 5 (rf, mtb_t10 vs mtb_t20): rho=0.9731, top-50 overlap=37/50
2026-03-22 00:40:15 | INFO  | phase4 |   Test 5 (dmpnn, ecoli_t5 vs ecoli_t10): rho=0.9823, top-50 overlap=41/50
2026-03-22 00:40:15 | INFO  | phase4 |   Test 5 (dmpnn, ecoli_t5 vs ecoli_t20): rho=0.9661, top-50 overlap=32/50
2026-03-22 00:40:15 | INFO  | phase4 |   Test 5 (dmpnn, ecoli_t10 vs ecoli_t20): rho=0.9770, top-50 overlap=29/50
2026-03-22 00:40:15 | INFO  | phase4 |   Test 5 (dmpnn, saureus_t5 vs saureus_t10): rho=0.9784, top-50 overlap=30/50
2026-03-22 00:40:15 | INFO  | phase4 |   Test 5 (dmpnn, saureus_t5 vs saureus_t20): rho=0.9534, top-50 overlap=15/50
2026-03-22 00:40:15 | INFO  | phase4 |   Test 5 (dmpnn, saureus_t10 vs saureus_t20): rho=0.9686, top-50 overlap=20/50
2026-03-22 00:40:15 | INFO  | phase4 |   Test 5 (dmpnn, paeruginosa_t5 vs paeruginosa_t10): rho=0.9825, top-50 overlap=42/50
2026-03-22 00:40:15 | INFO  | phase4 |   Test 5 (dmpnn, paeruginosa_t5 vs paeruginosa_t20): rho=0.9662, top-50 overlap=37/50
2026-03-22 00:40:15 | INFO  | phase4 |   Test 5 (dmpnn, paeruginosa_t10 vs paeruginosa_t20): rho=0.9786, top-50 overlap=33/50
2026-03-22 00:40:15 | INFO  | phase4 |   Test 5 (dmpnn, mtb_t5 vs mtb_t10): rho=0.9739, top-50 overlap=37/50
2026-03-22 00:40:16 | INFO  | phase4 |   Test 5 (dmpnn, mtb_t5 vs mtb_t20): rho=0.9406, top-50 overlap=20/50
2026-03-22 00:40:16 | INFO  | phase4 |   Test 5 (dmpnn, mtb_t10 vs mtb_t20): rho=0.9604, top-50 overlap=26/50
2026-03-22 00:40:16 | INFO  | phase4 | 
Generating Phase 4 figures...
2026-03-22 00:40:18 | INFO  | phase4 |   Figure: phase4_level1_diagnostic
2026-03-22 00:40:18 | INFO  | phase4 |   Figure: phase4_test1_rf_ecoli_t5
2026-03-22 00:40:19 | INFO  | phase4 |   Figure: phase4_test1_rf_ecoli_t10
2026-03-22 00:40:19 | INFO  | phase4 |   Figure: phase4_test1_rf_ecoli_t20
2026-03-22 00:40:20 | INFO  | phase4 |   Figure: phase4_test1_rf_saureus_t5
2026-03-22 00:40:20 | INFO  | phase4 |   Figure: phase4_test1_rf_saureus_t10
2026-03-22 00:40:21 | INFO  | phase4 |   Figure: phase4_test1_rf_saureus_t20
2026-03-22 00:40:21 | INFO  | phase4 |   Figure: phase4_test1_rf_paeruginosa_t5
2026-03-22 00:40:22 | INFO  | phase4 |   Figure: phase4_test1_rf_paeruginosa_t10
2026-03-22 00:40:22 | INFO  | phase4 |   Figure: phase4_test1_rf_paeruginosa_t20
2026-03-22 00:40:23 | INFO  | phase4 |   Figure: phase4_test1_rf_mtb_t5
2026-03-22 00:40:23 | INFO  | phase4 |   Figure: phase4_test1_rf_mtb_t10
2026-03-22 00:40:23 | INFO  | phase4 |   Figure: phase4_test1_rf_mtb_t20
2026-03-22 00:40:24 | INFO  | phase4 |   Figure: phase4_test1_dmpnn_ecoli_t5
2026-03-22 00:40:24 | INFO  | phase4 |   Figure: phase4_test1_dmpnn_ecoli_t10
2026-03-22 00:40:25 | INFO  | phase4 |   Figure: phase4_test1_dmpnn_ecoli_t20
2026-03-22 00:40:25 | INFO  | phase4 |   Figure: phase4_test1_dmpnn_saureus_t5
2026-03-22 00:40:26 | INFO  | phase4 |   Figure: phase4_test1_dmpnn_saureus_t10
2026-03-22 00:40:26 | INFO  | phase4 |   Figure: phase4_test1_dmpnn_saureus_t20
2026-03-22 00:40:27 | INFO  | phase4 |   Figure: phase4_test1_dmpnn_paeruginosa_t5
2026-03-22 00:40:27 | INFO  | phase4 |   Figure: phase4_test1_dmpnn_paeruginosa_t10
2026-03-22 00:40:27 | INFO  | phase4 |   Figure: phase4_test1_dmpnn_paeruginosa_t20
2026-03-22 00:40:28 | INFO  | phase4 |   Figure: phase4_test1_dmpnn_mtb_t5
2026-03-22 00:40:28 | INFO  | phase4 |   Figure: phase4_test1_dmpnn_mtb_t10
2026-03-22 00:40:29 | INFO  | phase4 |   Figure: phase4_test1_dmpnn_mtb_t20
2026-03-22 00:40:30 | INFO  | phase4 |   Figure: phase4_scatter_rf_ecoli_t10
2026-03-22 00:40:31 | INFO  | phase4 |   Figure: phase4_scatter_dmpnn_ecoli_t10
2026-03-22 00:40:31 | INFO  | phase4 |   Figure: phase4_test3_enrichment
2026-03-22 00:40:31 | INFO  | phase4 | 
======================================================================
2026-03-22 00:40:31 | INFO  | phase4 |  PHASE 4 COMPLETE: EVALUATION SUMMARY
2026-03-22 00:40:31 | INFO  | phase4 | ======================================================================
2026-03-22 00:40:31 | INFO  | phase4 |   Level 1 Diagnostic: /scratch/vishakha.agrawal/antibiotic-selectivity/outputs/runs/run_20260315_034033/results/cv_metrics_diagnostic.csv
2026-03-22 00:40:31 | INFO  | phase4 |   Test 1 (Rank Separation):  24 tests with p-values
2026-03-22 00:40:31 | INFO  | phase4 |   Test 2 (Selectivity AUC):  24 computed
2026-03-22 00:40:31 | INFO  | phase4 |   Test 3 (Top-k Enrichment): 8 computed
2026-03-22 00:40:31 | INFO  | phase4 |   Test 4 (Rank Correlation): computed
2026-03-22 00:40:31 | INFO  | phase4 |   Test 5 (Threshold Sens.):  8 computed
2026-03-22 00:40:31 | INFO  | phase4 | 
  Figures in: /scratch/vishakha.agrawal/antibiotic-selectivity/outputs/runs/run_20260315_034033/results/figures
2026-03-22 00:40:31 | INFO  | phase4 |   All results in: /scratch/vishakha.agrawal/antibiotic-selectivity/outputs/runs/run_20260315_034033/results
2026-03-22 00:40:31 | INFO  | phase4 | ======================================================================
2026-03-22 00:40:31 | INFO  | phase4 | Checkpoint saved: /scratch/vishakha.agrawal/antibiotic-selectivity/outputs/runs/run_20260315_034033/checkpoints/phase4_master.json
2026-03-22 00:40:31 | INFO  | phase4 | ============================================================
2026-03-22 00:40:31 | INFO  | phase4 |  COMPLETED: Phase 4
2026-03-22 00:40:31 | INFO  | phase4 |  Elapsed: 0m 17.7s
2026-03-22 00:40:31 | INFO  | phase4 | ============================================================
[00:40:32]   Exit: 0
[00:40:32]   Running 08_create_showcase.py...
2026-03-22 00:40:33 | INFO  | showcase | Logging to file: /scratch/vishakha.agrawal/antibiotic-selectivity/logs/showcase.log
2026-03-22 00:40:33 | INFO  | showcase | ============================================================
2026-03-22 00:40:33 | INFO  | showcase |  STARTING: Showcase Visualization Generation
2026-03-22 00:40:33 | INFO  | showcase | ============================================================
2026-03-22 00:40:33 | INFO  | showcase | 
  Generating static PNG figures...
2026-03-22 00:40:33 | INFO  | showcase |   Static: dataset_grand_overview.png
2026-03-22 00:40:34 | INFO  | showcase |   Static: selectivity_heatmap.png
2026-03-22 00:40:36 | INFO  | showcase |   Static: validation_drugs.png
2026-03-22 00:40:36 | INFO  | showcase | 
  Generating interactive HTML visualizations...
2026-03-22 00:40:37 | INFO  | showcase |   Interactive: 3d_selectivity_surface.html
2026-03-22 00:40:39 | INFO  | showcase |   Interactive: animated_threshold_bubbles.html
2026-03-22 00:40:41 | INFO  | showcase |   Interactive: ranked_list_explorer.html
2026-03-22 00:40:41 | INFO  | showcase |   Interactive: pipeline_comparison.html
2026-03-22 00:40:41 | INFO  | showcase |   Interactive: 3d_chemical_space.html
2026-03-22 00:40:42 | INFO  | showcase | 
  Packaging outputs...
2026-03-22 00:40:42 | INFO  | showcase |   Packaging all outputs...
2026-03-22 00:40:46 | INFO  | showcase |   Packaged: /scratch/vishakha.agrawal/antibiotic-selectivity/outputs/runs/run_20260315_034033/showcase_results_20260322.zip (35.1 MB)
2026-03-22 00:40:46 | INFO  | showcase | 
  Figures generated: 44 PNG, 30 PDF, 29 interactive HTML
2026-03-22 00:40:46 | INFO  | showcase |   All in: /scratch/vishakha.agrawal/antibiotic-selectivity/outputs/runs/run_20260315_034033/results/figures
2026-03-22 00:40:46 | INFO  | showcase | ============================================================
2026-03-22 00:40:46 | INFO  | showcase |  COMPLETED: Showcase Visualization
2026-03-22 00:40:46 | INFO  | showcase |  Elapsed: 0m 13.0s
2026-03-22 00:40:46 | INFO  | showcase | ============================================================
[00:40:47]   Exit: 0
[00:40:47]   Running 15_backfill_full_metrics.py...
2026-03-22 00:40:49 | INFO  | backfill_metrics | Logging to file: /scratch/vishakha.agrawal/antibiotic-selectivity/logs/backfill_metrics.log
2026-03-22 00:40:49 | INFO  | backfill_metrics | ============================================================
2026-03-22 00:40:49 | INFO  | backfill_metrics |   Backfill full_metrics_agg into existing result JSONs
2026-03-22 00:40:49 | INFO  | backfill_metrics | ============================================================
2026-03-22 00:40:49 | INFO  | backfill_metrics | 
  [1/2] DMPNN backfill...
2026-03-22 00:40:49 | INFO  | backfill_metrics |   DMPNN ecoli: already has full_metrics_agg, skipping
2026-03-22 00:40:49 | INFO  | backfill_metrics |   DMPNN saureus: already has full_metrics_agg, skipping
2026-03-22 00:40:49 | INFO  | backfill_metrics |   DMPNN paeruginosa: already has full_metrics_agg, skipping
2026-03-22 00:40:49 | INFO  | backfill_metrics |   DMPNN mtb: already has full_metrics_agg, skipping
2026-03-22 00:40:49 | INFO  | backfill_metrics |   DMPNN gut_t5: already has full_metrics_agg, skipping
2026-03-22 00:40:49 | INFO  | backfill_metrics |   DMPNN gut_t10: already has full_metrics_agg, skipping
2026-03-22 00:40:49 | INFO  | backfill_metrics |   DMPNN gut_t20: already has full_metrics_agg, skipping
2026-03-22 00:40:49 | INFO  | backfill_metrics | 
  [2/2] RF backfill...
2026-03-22 00:40:49 | INFO  | backfill_metrics |   RF ecoli: already has full_metrics_agg, skipping
2026-03-22 00:40:49 | INFO  | backfill_metrics |   RF saureus: already has full_metrics_agg, skipping
2026-03-22 00:40:49 | INFO  | backfill_metrics |   RF paeruginosa: already has full_metrics_agg, skipping
2026-03-22 00:40:49 | INFO  | backfill_metrics |   RF mtb: already has full_metrics_agg, skipping
2026-03-22 00:40:49 | INFO  | backfill_metrics |   RF gut_t5: already has full_metrics_agg, skipping
2026-03-22 00:40:49 | INFO  | backfill_metrics |   RF gut_t10: already has full_metrics_agg, skipping
2026-03-22 00:40:49 | INFO  | backfill_metrics |   RF gut_t20: already has full_metrics_agg, skipping
2026-03-22 00:40:49 | INFO  | backfill_metrics | 
============================================================
2026-03-22 00:40:49 | INFO  | backfill_metrics |   DMPNN: no changes needed
2026-03-22 00:40:49 | INFO  | backfill_metrics |   RF:    no changes needed
2026-03-22 00:40:49 | INFO  | backfill_metrics | ============================================================
[00:40:49]   Exit: 0
[00:40:49]   Running 12_compare_models.py...
2026-03-22 00:40:51 | INFO  | phase5_compare | Logging to file: /scratch/vishakha.agrawal/antibiotic-selectivity/logs/phase5_compare.log
2026-03-22 00:40:51 | INFO  | phase5_compare | ============================================================
2026-03-22 00:40:51 | INFO  | phase5_compare |  STARTING: Phase 5: Cross-Model Comparative Analysis
2026-03-22 00:40:51 | INFO  | phase5_compare | ============================================================
2026-03-22 00:40:51 | INFO  | phase5_compare |   Loaded: rf (7 tasks)
2026-03-22 00:40:51 | INFO  | phase5_compare |   Loaded: dmpnn (7 tasks)
2026-03-22 00:40:51 | INFO  | phase5_compare |   Loaded: chemeleon_frozen (7 tasks)
2026-03-22 00:40:51 | INFO  | phase5_compare |   Loaded: molformer (7 tasks)
2026-03-22 00:40:51 | INFO  | phase5_compare | 
  Building comparison tables...
2026-03-22 00:40:51 | INFO  | phase5_compare |   Full metrics: 24 rows x 23 columns
2026-03-22 00:40:51 | INFO  | phase5_compare |   LaTeX table: /scratch/vishakha.agrawal/antibiotic-selectivity/outputs/runs/run_20260315_034033/results/comparison_summary.tex
2026-03-22 00:40:51 | INFO  | phase5_compare | 
  Generating comparison plots...
2026-03-22 00:40:52 | INFO  | phase5_compare |   Saved: /scratch/vishakha.agrawal/antibiotic-selectivity/outputs/runs/run_20260315_034033/results/figures/comparison_bar_mean_roc_auc.png
2026-03-22 00:40:52 | INFO  | phase5_compare |   Saved: /scratch/vishakha.agrawal/antibiotic-selectivity/outputs/runs/run_20260315_034033/results/figures/comparison_bar_mean_pr_auc.png
2026-03-22 00:40:53 | INFO  | phase5_compare |   Saved: /scratch/vishakha.agrawal/antibiotic-selectivity/outputs/runs/run_20260315_034033/results/figures/comparison_bar_mean_mcc.png
2026-03-22 00:40:53 | INFO  | phase5_compare |   Saved: /scratch/vishakha.agrawal/antibiotic-selectivity/outputs/runs/run_20260315_034033/results/figures/comparison_3d_mean_roc_auc.html
2026-03-22 00:40:53 | INFO  | phase5_compare |   Saved: /scratch/vishakha.agrawal/antibiotic-selectivity/outputs/runs/run_20260315_034033/results/figures/comparison_3d_mean_mcc.html
2026-03-22 00:40:56 | INFO  | phase5_compare | 
  Screening list overlap analysis...
2026-03-22 00:40:56 | INFO  | phase5_compare |   Screening overlap: /scratch/vishakha.agrawal/antibiotic-selectivity/outputs/runs/run_20260315_034033/results/screening_overlap.csv
2026-03-22 00:40:56 | INFO  | phase5_compare | 
================================================================================
2026-03-22 00:40:56 | INFO  | phase5_compare |   COMPARISON SUMMARY
2026-03-22 00:40:56 | INFO  | phase5_compare | ================================================================================
2026-03-22 00:40:56 | INFO  | phase5_compare | 
  E. coli:
2026-03-22 00:40:56 | INFO  | phase5_compare |     RF + Morgan FP                      ROC-AUC = 0.8765 +/- 0.0107
2026-03-22 00:40:56 | INFO  | phase5_compare |     D-MPNN (Chemprop)                   ROC-AUC = 0.8525 +/- 0.0123
2026-03-22 00:40:56 | INFO  | phase5_compare |     CheMeleon (Frozen Enc.)             ROC-AUC = 0.8330 +/- 0.0113
2026-03-22 00:40:56 | INFO  | phase5_compare |     MoLFormer-XL (Transformer)          ROC-AUC = 0.8378 +/- 0.0178
2026-03-22 00:40:56 | INFO  | phase5_compare | 
  S. aureus:
2026-03-22 00:40:56 | INFO  | phase5_compare |     RF + Morgan FP                      ROC-AUC = 0.8708 +/- 0.0073
2026-03-22 00:40:56 | INFO  | phase5_compare |     D-MPNN (Chemprop)                   ROC-AUC = 0.8544 +/- 0.0125
2026-03-22 00:40:56 | INFO  | phase5_compare |     CheMeleon (Frozen Enc.)             ROC-AUC = 0.8311 +/- 0.0100
2026-03-22 00:40:56 | INFO  | phase5_compare |     MoLFormer-XL (Transformer)          ROC-AUC = 0.8346 +/- 0.0150
2026-03-22 00:40:56 | INFO  | phase5_compare | 
  P. aeruginosa:
2026-03-22 00:40:56 | INFO  | phase5_compare |     RF + Morgan FP                      ROC-AUC = 0.8610 +/- 0.0135
2026-03-22 00:40:56 | INFO  | phase5_compare |     D-MPNN (Chemprop)                   ROC-AUC = 0.8379 +/- 0.0131
2026-03-22 00:40:56 | INFO  | phase5_compare |     CheMeleon (Frozen Enc.)             ROC-AUC = 0.8204 +/- 0.0184
2026-03-22 00:40:56 | INFO  | phase5_compare |     MoLFormer-XL (Transformer)          ROC-AUC = 0.8275 +/- 0.0110
2026-03-22 00:40:56 | INFO  | phase5_compare | 
  M. tuberculosis:
2026-03-22 00:40:56 | INFO  | phase5_compare |     RF + Morgan FP                      ROC-AUC = 0.8112 +/- 0.0178
2026-03-22 00:40:56 | INFO  | phase5_compare |     D-MPNN (Chemprop)                   ROC-AUC = 0.7599 +/- 0.0232
2026-03-22 00:40:56 | INFO  | phase5_compare |     CheMeleon (Frozen Enc.)             ROC-AUC = 0.7620 +/- 0.0129
2026-03-22 00:40:56 | INFO  | phase5_compare |     MoLFormer-XL (Transformer)          ROC-AUC = 0.7640 +/- 0.0177
2026-03-22 00:40:56 | INFO  | phase5_compare | 
  Gut Harm (t=10):
2026-03-22 00:40:56 | INFO  | phase5_compare |     RF + Morgan FP                      ROC-AUC = 0.8232 +/- 0.0898
2026-03-22 00:40:56 | INFO  | phase5_compare |     D-MPNN (Chemprop)                   ROC-AUC = 0.8410 +/- 0.0391
2026-03-22 00:40:56 | INFO  | phase5_compare |     CheMeleon (Frozen Enc.)             ROC-AUC = 0.8122 +/- 0.0709
2026-03-22 00:40:56 | INFO  | phase5_compare |     MoLFormer-XL (Transformer)          ROC-AUC = 0.8219 +/- 0.0640
2026-03-22 00:40:56 | INFO  | phase5_compare | 
  Gut Harm (t=15):
2026-03-22 00:40:56 | INFO  | phase5_compare | 
  Gut Harm (t=20):
2026-03-22 00:40:56 | INFO  | phase5_compare |     RF + Morgan FP                      ROC-AUC = 0.8798 +/- 0.0500
2026-03-22 00:40:56 | INFO  | phase5_compare |     D-MPNN (Chemprop)                   ROC-AUC = 0.8776 +/- 0.0716
2026-03-22 00:40:56 | INFO  | phase5_compare |     CheMeleon (Frozen Enc.)             ROC-AUC = 0.8581 +/- 0.0759
2026-03-22 00:40:56 | INFO  | phase5_compare |     MoLFormer-XL (Transformer)          ROC-AUC = 0.8616 +/- 0.0665
2026-03-22 00:40:56 | INFO  | phase5_compare | 
  BEST MODEL PER TASK (by ROC-AUC):
2026-03-22 00:40:56 | INFO  | phase5_compare |     E. coli                   -> RF + Morgan FP (0.8765)
2026-03-22 00:40:56 | INFO  | phase5_compare |     S. aureus                 -> RF + Morgan FP (0.8708)
2026-03-22 00:40:56 | INFO  | phase5_compare |     P. aeruginosa             -> RF + Morgan FP (0.8610)
2026-03-22 00:40:56 | INFO  | phase5_compare |     M. tuberculosis           -> RF + Morgan FP (0.8112)
2026-03-22 00:40:56 | INFO  | phase5_compare |     Gut Harm (t=10)           -> D-MPNN (Chemprop) (0.8410)
2026-03-22 00:40:56 | INFO  | phase5_compare |     Gut Harm (t=20)           -> RF + Morgan FP (0.8798)
2026-03-22 00:40:56 | INFO  | phase5_compare | ============================================================
2026-03-22 00:40:56 | INFO  | phase5_compare |  COMPLETED: Phase 5: Cross-Model Comparative Analysis
2026-03-22 00:40:56 | INFO  | phase5_compare |  Elapsed: 0m 5.2s
2026-03-22 00:40:56 | INFO  | phase5_compare | ============================================================
[00:40:56]   Exit: 0
[00:40:56]   Running 13_candidate_report.py...
2026-03-22 00:40:58 | INFO  | phase6_report | Logging to file: /scratch/vishakha.agrawal/antibiotic-selectivity/logs/phase6_report.log
2026-03-22 00:40:58 | INFO  | phase6_report | ======================================================================
2026-03-22 00:40:58 | INFO  | phase6_report |   CANDIDATE REPORT GENERATION (Scientific + Interactive HTML)
2026-03-22 00:40:58 | INFO  | phase6_report | ======================================================================
2026-03-22 00:40:59 | INFO  | phase6_report |   Loaded 24 screening lists
2026-03-22 00:40:59 | INFO  | phase6_report |   Total unique compounds in consensus: 395
2026-03-22 00:40:59 | INFO  | phase6_report |   Known antibiotics rediscovered: 36
2026-03-22 00:40:59 | INFO  | phase6_report |   Novel repurposing candidates: 359
2026-03-22 00:40:59 | INFO  | phase6_report |   Multi-model consensus (3+): 0
2026-03-22 00:40:59 | INFO  | phase6_report |   Multi-model consensus (4/4): 0
2026-03-22 00:40:59 | INFO  | phase6_report | 
  Generating interactive HTML visualizations...
2026-03-22 00:41:00 | INFO  | phase6_report |     Benchmark ecoli/dmpnn: known=283 (median S=0.010), novel=6456 (median S=0.003), novels>known_median=2474, novels>known_best=37
2026-03-22 00:41:00 | INFO  | phase6_report |     Benchmark ecoli/rf: known=283 (median S=0.119), novel=6456 (median S=0.164), novels>known_median=4964, novels>known_best=1
2026-03-22 00:41:00 | INFO  | phase6_report |     Benchmark saureus/dmpnn: known=283 (median S=0.014), novel=6456 (median S=0.010), novels>known_median=2994, novels>known_best=68
2026-03-22 00:41:00 | INFO  | phase6_report |     Benchmark saureus/rf: known=283 (median S=0.127), novel=6456 (median S=0.193), novels>known_median=5295, novels>known_best=0
2026-03-22 00:41:00 | INFO  | phase6_report |     Benchmark paeruginosa/dmpnn: known=283 (median S=0.001), novel=6456 (median S=0.001), novels>known_median=3243, novels>known_best=100
2026-03-22 00:41:00 | INFO  | phase6_report |     Benchmark paeruginosa/rf: known=283 (median S=0.090), novel=6456 (median S=0.144), novels>known_median=5317, novels>known_best=0
2026-03-22 00:41:00 | INFO  | phase6_report |     Benchmark mtb/dmpnn: known=283 (median S=0.018), novel=6456 (median S=0.048), novels>known_median=3834, novels>known_best=135
2026-03-22 00:41:00 | INFO  | phase6_report |     Benchmark mtb/rf: known=283 (median S=0.121), novel=6456 (median S=0.265), novels>known_median=5993, novels>known_best=0
2026-03-22 00:41:02 | INFO  | phase6_report |     Benchmark comparison: /scratch/vishakha.agrawal/antibiotic-selectivity/outputs/runs/run_20260315_034033/results/figures/candidates_benchmark_comparison.html
2026-03-22 00:41:02 | INFO  | phase6_report |     Benchmark lollipop: /scratch/vishakha.agrawal/antibiotic-selectivity/outputs/runs/run_20260315_034033/results/figures/candidates_benchmark_lollipop.html
2026-03-22 00:41:02 | INFO  | phase6_report |     3D landscape: /scratch/vishakha.agrawal/antibiotic-selectivity/outputs/runs/run_20260315_034033/results/figures/candidates_3d_landscape_dmpnn_ecoli.html
2026-03-22 00:41:02 | INFO  | phase6_report |     2D scatter: /scratch/vishakha.agrawal/antibiotic-selectivity/outputs/runs/run_20260315_034033/results/figures/candidates_scatter_dmpnn_ecoli.html
2026-03-22 00:41:02 | INFO  | phase6_report |     3D landscape: /scratch/vishakha.agrawal/antibiotic-selectivity/outputs/runs/run_20260315_034033/results/figures/candidates_3d_landscape_dmpnn_mtb.html
2026-03-22 00:41:02 | INFO  | phase6_report |     2D scatter: /scratch/vishakha.agrawal/antibiotic-selectivity/outputs/runs/run_20260315_034033/results/figures/candidates_scatter_dmpnn_mtb.html
2026-03-22 00:41:02 | INFO  | phase6_report |     3D landscape: /scratch/vishakha.agrawal/antibiotic-selectivity/outputs/runs/run_20260315_034033/results/figures/candidates_3d_landscape_dmpnn_paeruginosa.html
2026-03-22 00:41:02 | INFO  | phase6_report |     2D scatter: /scratch/vishakha.agrawal/antibiotic-selectivity/outputs/runs/run_20260315_034033/results/figures/candidates_scatter_dmpnn_paeruginosa.html
2026-03-22 00:41:03 | INFO  | phase6_report |     3D landscape: /scratch/vishakha.agrawal/antibiotic-selectivity/outputs/runs/run_20260315_034033/results/figures/candidates_3d_landscape_dmpnn_saureus.html
2026-03-22 00:41:03 | INFO  | phase6_report |     2D scatter: /scratch/vishakha.agrawal/antibiotic-selectivity/outputs/runs/run_20260315_034033/results/figures/candidates_scatter_dmpnn_saureus.html
2026-03-22 00:41:03 | INFO  | phase6_report |     3D landscape: /scratch/vishakha.agrawal/antibiotic-selectivity/outputs/runs/run_20260315_034033/results/figures/candidates_3d_landscape_rf_ecoli.html
2026-03-22 00:41:03 | INFO  | phase6_report |     2D scatter: /scratch/vishakha.agrawal/antibiotic-selectivity/outputs/runs/run_20260315_034033/results/figures/candidates_scatter_rf_ecoli.html
2026-03-22 00:41:03 | INFO  | phase6_report |     3D landscape: /scratch/vishakha.agrawal/antibiotic-selectivity/outputs/runs/run_20260315_034033/results/figures/candidates_3d_landscape_rf_mtb.html
2026-03-22 00:41:03 | INFO  | phase6_report |     2D scatter: /scratch/vishakha.agrawal/antibiotic-selectivity/outputs/runs/run_20260315_034033/results/figures/candidates_scatter_rf_mtb.html
2026-03-22 00:41:03 | INFO  | phase6_report |     3D landscape: /scratch/vishakha.agrawal/antibiotic-selectivity/outputs/runs/run_20260315_034033/results/figures/candidates_3d_landscape_rf_paeruginosa.html
2026-03-22 00:41:03 | INFO  | phase6_report |     2D scatter: /scratch/vishakha.agrawal/antibiotic-selectivity/outputs/runs/run_20260315_034033/results/figures/candidates_scatter_rf_paeruginosa.html
2026-03-22 00:41:03 | INFO  | phase6_report |     3D landscape: /scratch/vishakha.agrawal/antibiotic-selectivity/outputs/runs/run_20260315_034033/results/figures/candidates_3d_landscape_rf_saureus.html
2026-03-22 00:41:03 | INFO  | phase6_report |     2D scatter: /scratch/vishakha.agrawal/antibiotic-selectivity/outputs/runs/run_20260315_034033/results/figures/candidates_scatter_rf_saureus.html
2026-03-22 00:41:04 | INFO  | phase6_report |     Consensus heatmap: /scratch/vishakha.agrawal/antibiotic-selectivity/outputs/runs/run_20260315_034033/results/figures/candidates_consensus_heatmap.html
2026-03-22 00:41:04 | INFO  | phase6_report |     Known vs Novel: /scratch/vishakha.agrawal/antibiotic-selectivity/outputs/runs/run_20260315_034033/results/figures/candidates_known_vs_novel.html
2026-03-22 00:41:04 | INFO  | phase6_report |     Radar chart: /scratch/vishakha.agrawal/antibiotic-selectivity/outputs/runs/run_20260315_034033/results/figures/candidates_radar_top20.html
2026-03-22 00:41:04 | INFO  | phase6_report |     Master dashboard: /scratch/vishakha.agrawal/antibiotic-selectivity/outputs/runs/run_20260315_034033/results/figures/candidates_master_dashboard.html
2026-03-22 00:41:04 | INFO  | phase6_report | 
  Writing Markdown reports...
2026-03-22 00:41:04 | INFO  | phase6_report |   Report written: /scratch/vishakha.agrawal/antibiotic-selectivity/outputs/runs/run_20260315_034033/results/report_known_antibiotics.md
2026-03-22 00:41:04 | INFO  | phase6_report |   Report written: /scratch/vishakha.agrawal/antibiotic-selectivity/outputs/runs/run_20260315_034033/results/report_novel_candidates.md
2026-03-22 00:41:04 | INFO  | phase6_report | 
======================================================================
2026-03-22 00:41:04 | INFO  | phase6_report |   TOP NOVEL CANDIDATES (potential new antibiotics)
2026-03-22 00:41:04 | INFO  | phase6_report | ======================================================================
2026-03-22 00:41:04 | INFO  | phase6_report |    1. diquafosol                     S=1.000 models=2/4  [ecoli, mtb]  MoA: purinergic receptor activator
2026-03-22 00:41:04 | INFO  | phase6_report |    2. squalamine                     S=1.000 models=2/4  [ecoli, mtb, paeruginosa]  MoA: antiviral
2026-03-22 00:41:04 | INFO  | phase6_report |    3. diadenosine-tetraphosphate     S=1.000 models=2/4  [ecoli, mtb, saureus]  MoA: adenosine kinase inhibitor
2026-03-22 00:41:04 | INFO  | phase6_report |    4. relebactam                     S=1.000 models=2/4  [ecoli, mtb]  MoA: beta lactamase inhibitor
2026-03-22 00:41:04 | INFO  | phase6_report |    5. trodusquemine                  S=1.000 models=2/4  [ecoli, mtb, paeruginosa]  MoA: tyrosine phosphatase inhibitor
2026-03-22 00:41:04 | INFO  | phase6_report |    6. micronomicin                   S=1.000 models=2/4  [ecoli, mtb, paeruginosa, saureus]  MoA: protein synthesis inhibitor
2026-03-22 00:41:04 | INFO  | phase6_report |    7. adenosine-triphosphate         S=1.000 models=2/4  [ecoli, mtb, saureus]  MoA: adenosine receptor agonist
2026-03-22 00:41:04 | INFO  | phase6_report |    8. uridine-5'-triphosphate        S=1.000 models=2/4  [ecoli, mtb]  MoA: purinergic receptor activator
2026-03-22 00:41:04 | INFO  | phase6_report |    9. netilmicin                     S=1.000 models=2/4  [ecoli, mtb, paeruginosa, saureus]  MoA: protein synthesis inhibitor
2026-03-22 00:41:04 | INFO  | phase6_report |   10. Q-203                          S=1.000 models=2/4  [mtb]  MoA: ATP synthase inhibitor
2026-03-22 00:41:04 | INFO  | phase6_report |   11. BTZ043-racemate                S=1.000 models=2/4  [mtb]  MoA: DPRE1 inhibitor
2026-03-22 00:41:04 | INFO  | phase6_report |   12. retapamulin                    S=1.000 models=2/4  [paeruginosa, saureus]  MoA: protein synthesis inhibitor
2026-03-22 00:41:04 | INFO  | phase6_report |   13. macozinone                     S=0.999 models=2/4  [mtb]  MoA: DPRE1 inhibitor
2026-03-22 00:41:04 | INFO  | phase6_report |   14. puromycin                      S=0.999 models=2/4  [saureus]  MoA: protein synthesis inhibitor
2026-03-22 00:41:04 | INFO  | phase6_report |   15. INS316                         S=0.999 models=2/4  [ecoli, mtb]  MoA: purinergic receptor antagonist
2026-03-22 00:41:04 | INFO  | phase6_report | 
  KNOWN ANTIBIOTICS REDISCOVERED (pipeline validation)
2026-03-22 00:41:04 | INFO  | phase6_report | ----------------------------------------------------------------------
2026-03-22 00:41:04 | INFO  | phase6_report |    1. gentamycin                     S=1.000 models=2/4  MoA: bacterial 50S ribosomal subuni
2026-03-22 00:41:04 | INFO  | phase6_report |    2. SQ-109                         S=1.000 models=2/4  MoA: bacterial cell wall synthesis 
2026-03-22 00:41:04 | INFO  | phase6_report |    3. carumonam                      S=1.000 models=2/4  MoA: bacterial cell wall synthesis 
2026-03-22 00:41:04 | INFO  | phase6_report |    4. aztreonam                      S=0.998 models=2/4  MoA: bacterial cell wall synthesis 
2026-03-22 00:41:04 | INFO  | phase6_report |    5. trimetrexate                   S=0.982 models=2/4  MoA: dihydrofolate reductase inhibi
2026-03-22 00:41:04 | INFO  | phase6_report |    6. omadacycline                   S=1.000 models=1/4  MoA: bacterial 30S ribosomal subuni
2026-03-22 00:41:04 | INFO  | phase6_report |    7. tilmicosin                     S=0.999 models=1/4  MoA: bacterial 50S ribosomal subuni
2026-03-22 00:41:04 | INFO  | phase6_report |    8. teicoplanin-A2-3               S=0.996 models=1/4  MoA: bacterial cell wall synthesis 
2026-03-22 00:41:04 | INFO  | phase6_report |    9. demeclocycline                 S=0.996 models=1/4  MoA: bacterial 30S ribosomal subuni
2026-03-22 00:41:04 | INFO  | phase6_report |   10. rolitetracycline               S=0.995 models=1/4  MoA: bacterial 30S ribosomal subuni
2026-03-22 00:41:04 | INFO  | phase6_report | 
======================================================================
2026-03-22 00:41:04 | INFO  | phase6_report |   FILES GENERATED:
2026-03-22 00:41:04 | INFO  | phase6_report |     Reports:  report_known_antibiotics.md, report_novel_candidates.md
2026-03-22 00:41:04 | INFO  | phase6_report |     CSVs:     candidate_consensus.csv, candidate_known_antibiotics.csv
2026-03-22 00:41:04 | INFO  | phase6_report |               candidate_novel_discoveries.csv, candidate_detailed_top100.csv
2026-03-22 00:41:04 | INFO  | phase6_report |     HTML viz: 22 interactive plots in /scratch/vishakha.agrawal/antibiotic-selectivity/outputs/runs/run_20260315_034033/results/figures
2026-03-22 00:41:04 | INFO  | phase6_report | ======================================================================
[00:41:04]   Exit: 0
[00:41:04] 
[00:41:04]   External benchmark: SKIPPED (chemprop v1 not available on Python 3.12)
  Skipped: 14_external_benchmark.py (requires chemprop v1 / Python <3.9)
[00:41:04]   External benchmark exit: 0
[00:41:04]   Re-running candidate report with external scores...
2026-03-22 00:41:06 | INFO  | phase6_report | Logging to file: /scratch/vishakha.agrawal/antibiotic-selectivity/logs/phase6_report.log
2026-03-22 00:41:06 | INFO  | phase6_report | ======================================================================
2026-03-22 00:41:06 | INFO  | phase6_report |   CANDIDATE REPORT GENERATION (Scientific + Interactive HTML)
2026-03-22 00:41:06 | INFO  | phase6_report | ======================================================================
2026-03-22 00:41:06 | INFO  | phase6_report |   Loaded 24 screening lists
2026-03-22 00:41:07 | INFO  | phase6_report |   Total unique compounds in consensus: 395
2026-03-22 00:41:07 | INFO  | phase6_report |   Known antibiotics rediscovered: 36
2026-03-22 00:41:07 | INFO  | phase6_report |   Novel repurposing candidates: 359
2026-03-22 00:41:07 | INFO  | phase6_report |   Multi-model consensus (3+): 0
2026-03-22 00:41:07 | INFO  | phase6_report |   Multi-model consensus (4/4): 0
2026-03-22 00:41:07 | INFO  | phase6_report | 
  Generating interactive HTML visualizations...
2026-03-22 00:41:08 | INFO  | phase6_report |     Benchmark ecoli/dmpnn: known=283 (median S=0.010), novel=6456 (median S=0.003), novels>known_median=2474, novels>known_best=37
2026-03-22 00:41:08 | INFO  | phase6_report |     Benchmark ecoli/rf: known=283 (median S=0.119), novel=6456 (median S=0.164), novels>known_median=4964, novels>known_best=1
2026-03-22 00:41:08 | INFO  | phase6_report |     Benchmark saureus/dmpnn: known=283 (median S=0.014), novel=6456 (median S=0.010), novels>known_median=2994, novels>known_best=68
2026-03-22 00:41:08 | INFO  | phase6_report |     Benchmark saureus/rf: known=283 (median S=0.127), novel=6456 (median S=0.193), novels>known_median=5295, novels>known_best=0
2026-03-22 00:41:08 | INFO  | phase6_report |     Benchmark paeruginosa/dmpnn: known=283 (median S=0.001), novel=6456 (median S=0.001), novels>known_median=3243, novels>known_best=100
2026-03-22 00:41:08 | INFO  | phase6_report |     Benchmark paeruginosa/rf: known=283 (median S=0.090), novel=6456 (median S=0.144), novels>known_median=5317, novels>known_best=0
2026-03-22 00:41:08 | INFO  | phase6_report |     Benchmark mtb/dmpnn: known=283 (median S=0.018), novel=6456 (median S=0.048), novels>known_median=3834, novels>known_best=135
2026-03-22 00:41:08 | INFO  | phase6_report |     Benchmark mtb/rf: known=283 (median S=0.121), novel=6456 (median S=0.265), novels>known_median=5993, novels>known_best=0
2026-03-22 00:41:09 | INFO  | phase6_report |     Benchmark comparison: /scratch/vishakha.agrawal/antibiotic-selectivity/outputs/runs/run_20260315_034033/results/figures/candidates_benchmark_comparison.html
2026-03-22 00:41:09 | INFO  | phase6_report |     Benchmark lollipop: /scratch/vishakha.agrawal/antibiotic-selectivity/outputs/runs/run_20260315_034033/results/figures/candidates_benchmark_lollipop.html
2026-03-22 00:41:09 | INFO  | phase6_report |     3D landscape: /scratch/vishakha.agrawal/antibiotic-selectivity/outputs/runs/run_20260315_034033/results/figures/candidates_3d_landscape_dmpnn_ecoli.html
2026-03-22 00:41:09 | INFO  | phase6_report |     2D scatter: /scratch/vishakha.agrawal/antibiotic-selectivity/outputs/runs/run_20260315_034033/results/figures/candidates_scatter_dmpnn_ecoli.html
2026-03-22 00:41:09 | INFO  | phase6_report |     3D landscape: /scratch/vishakha.agrawal/antibiotic-selectivity/outputs/runs/run_20260315_034033/results/figures/candidates_3d_landscape_dmpnn_mtb.html
2026-03-22 00:41:10 | INFO  | phase6_report |     2D scatter: /scratch/vishakha.agrawal/antibiotic-selectivity/outputs/runs/run_20260315_034033/results/figures/candidates_scatter_dmpnn_mtb.html
2026-03-22 00:41:10 | INFO  | phase6_report |     3D landscape: /scratch/vishakha.agrawal/antibiotic-selectivity/outputs/runs/run_20260315_034033/results/figures/candidates_3d_landscape_dmpnn_paeruginosa.html
2026-03-22 00:41:10 | INFO  | phase6_report |     2D scatter: /scratch/vishakha.agrawal/antibiotic-selectivity/outputs/runs/run_20260315_034033/results/figures/candidates_scatter_dmpnn_paeruginosa.html
2026-03-22 00:41:10 | INFO  | phase6_report |     3D landscape: /scratch/vishakha.agrawal/antibiotic-selectivity/outputs/runs/run_20260315_034033/results/figures/candidates_3d_landscape_dmpnn_saureus.html
2026-03-22 00:41:10 | INFO  | phase6_report |     2D scatter: /scratch/vishakha.agrawal/antibiotic-selectivity/outputs/runs/run_20260315_034033/results/figures/candidates_scatter_dmpnn_saureus.html
2026-03-22 00:41:10 | INFO  | phase6_report |     3D landscape: /scratch/vishakha.agrawal/antibiotic-selectivity/outputs/runs/run_20260315_034033/results/figures/candidates_3d_landscape_rf_ecoli.html
2026-03-22 00:41:10 | INFO  | phase6_report |     2D scatter: /scratch/vishakha.agrawal/antibiotic-selectivity/outputs/runs/run_20260315_034033/results/figures/candidates_scatter_rf_ecoli.html
2026-03-22 00:41:10 | INFO  | phase6_report |     3D landscape: /scratch/vishakha.agrawal/antibiotic-selectivity/outputs/runs/run_20260315_034033/results/figures/candidates_3d_landscape_rf_mtb.html
2026-03-22 00:41:10 | INFO  | phase6_report |     2D scatter: /scratch/vishakha.agrawal/antibiotic-selectivity/outputs/runs/run_20260315_034033/results/figures/candidates_scatter_rf_mtb.html
2026-03-22 00:41:10 | INFO  | phase6_report |     3D landscape: /scratch/vishakha.agrawal/antibiotic-selectivity/outputs/runs/run_20260315_034033/results/figures/candidates_3d_landscape_rf_paeruginosa.html
2026-03-22 00:41:11 | INFO  | phase6_report |     2D scatter: /scratch/vishakha.agrawal/antibiotic-selectivity/outputs/runs/run_20260315_034033/results/figures/candidates_scatter_rf_paeruginosa.html
2026-03-22 00:41:11 | INFO  | phase6_report |     3D landscape: /scratch/vishakha.agrawal/antibiotic-selectivity/outputs/runs/run_20260315_034033/results/figures/candidates_3d_landscape_rf_saureus.html
2026-03-22 00:41:11 | INFO  | phase6_report |     2D scatter: /scratch/vishakha.agrawal/antibiotic-selectivity/outputs/runs/run_20260315_034033/results/figures/candidates_scatter_rf_saureus.html
2026-03-22 00:41:11 | INFO  | phase6_report |     Consensus heatmap: /scratch/vishakha.agrawal/antibiotic-selectivity/outputs/runs/run_20260315_034033/results/figures/candidates_consensus_heatmap.html
2026-03-22 00:41:11 | INFO  | phase6_report |     Known vs Novel: /scratch/vishakha.agrawal/antibiotic-selectivity/outputs/runs/run_20260315_034033/results/figures/candidates_known_vs_novel.html
2026-03-22 00:41:11 | INFO  | phase6_report |     Radar chart: /scratch/vishakha.agrawal/antibiotic-selectivity/outputs/runs/run_20260315_034033/results/figures/candidates_radar_top20.html
2026-03-22 00:41:11 | INFO  | phase6_report |     Master dashboard: /scratch/vishakha.agrawal/antibiotic-selectivity/outputs/runs/run_20260315_034033/results/figures/candidates_master_dashboard.html
2026-03-22 00:41:11 | INFO  | phase6_report | 
  Writing Markdown reports...
2026-03-22 00:41:11 | INFO  | phase6_report |   Report written: /scratch/vishakha.agrawal/antibiotic-selectivity/outputs/runs/run_20260315_034033/results/report_known_antibiotics.md
2026-03-22 00:41:11 | INFO  | phase6_report |   Report written: /scratch/vishakha.agrawal/antibiotic-selectivity/outputs/runs/run_20260315_034033/results/report_novel_candidates.md
2026-03-22 00:41:11 | INFO  | phase6_report | 
======================================================================
2026-03-22 00:41:11 | INFO  | phase6_report |   TOP NOVEL CANDIDATES (potential new antibiotics)
2026-03-22 00:41:11 | INFO  | phase6_report | ======================================================================
2026-03-22 00:41:11 | INFO  | phase6_report |    1. diquafosol                     S=1.000 models=2/4  [ecoli, mtb]  MoA: purinergic receptor activator
2026-03-22 00:41:11 | INFO  | phase6_report |    2. squalamine                     S=1.000 models=2/4  [ecoli, mtb, paeruginosa]  MoA: antiviral
2026-03-22 00:41:11 | INFO  | phase6_report |    3. diadenosine-tetraphosphate     S=1.000 models=2/4  [ecoli, mtb, saureus]  MoA: adenosine kinase inhibitor
2026-03-22 00:41:11 | INFO  | phase6_report |    4. relebactam                     S=1.000 models=2/4  [ecoli, mtb]  MoA: beta lactamase inhibitor
2026-03-22 00:41:11 | INFO  | phase6_report |    5. trodusquemine                  S=1.000 models=2/4  [ecoli, mtb, paeruginosa]  MoA: tyrosine phosphatase inhibitor
2026-03-22 00:41:11 | INFO  | phase6_report |    6. micronomicin                   S=1.000 models=2/4  [ecoli, mtb, paeruginosa, saureus]  MoA: protein synthesis inhibitor
2026-03-22 00:41:11 | INFO  | phase6_report |    7. adenosine-triphosphate         S=1.000 models=2/4  [ecoli, mtb, saureus]  MoA: adenosine receptor agonist
2026-03-22 00:41:11 | INFO  | phase6_report |    8. uridine-5'-triphosphate        S=1.000 models=2/4  [ecoli, mtb]  MoA: purinergic receptor activator
2026-03-22 00:41:11 | INFO  | phase6_report |    9. netilmicin                     S=1.000 models=2/4  [ecoli, mtb, paeruginosa, saureus]  MoA: protein synthesis inhibitor
2026-03-22 00:41:11 | INFO  | phase6_report |   10. Q-203                          S=1.000 models=2/4  [mtb]  MoA: ATP synthase inhibitor
2026-03-22 00:41:11 | INFO  | phase6_report |   11. BTZ043-racemate                S=1.000 models=2/4  [mtb]  MoA: DPRE1 inhibitor
2026-03-22 00:41:11 | INFO  | phase6_report |   12. retapamulin                    S=1.000 models=2/4  [paeruginosa, saureus]  MoA: protein synthesis inhibitor
2026-03-22 00:41:11 | INFO  | phase6_report |   13. macozinone                     S=0.999 models=2/4  [mtb]  MoA: DPRE1 inhibitor
2026-03-22 00:41:11 | INFO  | phase6_report |   14. puromycin                      S=0.999 models=2/4  [saureus]  MoA: protein synthesis inhibitor
2026-03-22 00:41:11 | INFO  | phase6_report |   15. INS316                         S=0.999 models=2/4  [ecoli, mtb]  MoA: purinergic receptor antagonist
2026-03-22 00:41:11 | INFO  | phase6_report | 
  KNOWN ANTIBIOTICS REDISCOVERED (pipeline validation)
2026-03-22 00:41:11 | INFO  | phase6_report | ----------------------------------------------------------------------
2026-03-22 00:41:11 | INFO  | phase6_report |    1. gentamycin                     S=1.000 models=2/4  MoA: bacterial 50S ribosomal subuni
2026-03-22 00:41:11 | INFO  | phase6_report |    2. SQ-109                         S=1.000 models=2/4  MoA: bacterial cell wall synthesis 
2026-03-22 00:41:11 | INFO  | phase6_report |    3. carumonam                      S=1.000 models=2/4  MoA: bacterial cell wall synthesis 
2026-03-22 00:41:11 | INFO  | phase6_report |    4. aztreonam                      S=0.998 models=2/4  MoA: bacterial cell wall synthesis 
2026-03-22 00:41:11 | INFO  | phase6_report |    5. trimetrexate                   S=0.982 models=2/4  MoA: dihydrofolate reductase inhibi
2026-03-22 00:41:11 | INFO  | phase6_report |    6. omadacycline                   S=1.000 models=1/4  MoA: bacterial 30S ribosomal subuni
2026-03-22 00:41:11 | INFO  | phase6_report |    7. tilmicosin                     S=0.999 models=1/4  MoA: bacterial 50S ribosomal subuni
2026-03-22 00:41:11 | INFO  | phase6_report |    8. teicoplanin-A2-3               S=0.996 models=1/4  MoA: bacterial cell wall synthesis 
2026-03-22 00:41:11 | INFO  | phase6_report |    9. demeclocycline                 S=0.996 models=1/4  MoA: bacterial 30S ribosomal subuni
2026-03-22 00:41:11 | INFO  | phase6_report |   10. rolitetracycline               S=0.995 models=1/4  MoA: bacterial 30S ribosomal subuni
2026-03-22 00:41:11 | INFO  | phase6_report | 
======================================================================
2026-03-22 00:41:11 | INFO  | phase6_report |   FILES GENERATED:
2026-03-22 00:41:11 | INFO  | phase6_report |     Reports:  report_known_antibiotics.md, report_novel_candidates.md
2026-03-22 00:41:11 | INFO  | phase6_report |     CSVs:     candidate_consensus.csv, candidate_known_antibiotics.csv
2026-03-22 00:41:11 | INFO  | phase6_report |               candidate_novel_discoveries.csv, candidate_detailed_top100.csv
2026-03-22 00:41:11 | INFO  | phase6_report |     HTML viz: 22 interactive plots in /scratch/vishakha.agrawal/antibiotic-selectivity/outputs/runs/run_20260315_034033/results/figures
2026-03-22 00:41:11 | INFO  | phase6_report | ======================================================================
[00:41:11] 
[00:41:11] [8/10] Creating separate zip archives on scratch...
[00:41:11] 
[00:41:11]   --- Priority 1: Results (small, upload first) ---
[00:41:11]   Zipping: outputs/runs/run_20260315_034033/results -> results.zip
[00:41:16]     OK: 40M (174 files)
[00:41:16] 
[00:41:16]   --- Priority 2: Small files ---
[00:41:16]   Zipping: outputs/shared/ -> features_splits.zip
[00:41:16]     OK: 5.1M (20 files)
[00:41:16]   Zipping: data/ -> data.zip
[00:41:17]     OK: 6.6M (53 files)
[00:41:17]   Zipping: scripts/ jobs/ -> scripts_and_jobs.zip
[00:41:17]     OK: 316K (58 files)
[00:41:17]   Zipping: resources/ -> resources.zip
[00:41:17]     OK: 1.7M (26 files)
