2026-04-03 18:19:59 | INFO  | phase_dmpnn_rdkit | Logging to file: /scratch/vishakha.agrawal/antibiotic-selectivity-v2/logs/phase_dmpnn_rdkit.log
2026-04-03 18:19:59 | INFO  | phase_dmpnn_rdkit | ============================================================
2026-04-03 18:19:59 | INFO  | phase_dmpnn_rdkit |  STARTING: Phase D: Retrain D-MPNN with RDKit features
2026-04-03 18:19:59 | INFO  | phase_dmpnn_rdkit | ============================================================
2026-04-03 18:19:59 | INFO  | phase_dmpnn_rdkit | 
  PHASE 1/7: TRAINING
2026-04-03 18:19:59 | INFO  | phase_dmpnn_rdkit | 
======================================================================
2026-04-03 18:19:59 | INFO  | phase_dmpnn_rdkit |   TRAINING D-MPNN + RDKit (Stokes architecture)
2026-04-03 18:19:59 | INFO  | phase_dmpnn_rdkit |   depth=5, hidden=1600, dropout=0.35
2026-04-03 18:19:59 | INFO  | phase_dmpnn_rdkit |   Features: v1_rdkit_2d_normalized
2026-04-03 18:19:59 | INFO  | phase_dmpnn_rdkit |   GPUs: 4 in parallel
2026-04-03 18:19:59 | INFO  | phase_dmpnn_rdkit | ======================================================================
2026-04-03 18:19:59 | INFO  | phase_dmpnn_rdkit |   GPUPool initialized: 3 GPUs (IDs: ['0', '1', '2'])
2026-04-03 18:19:59 | INFO  | phase_dmpnn_rdkit | 
  Phase 1: Training fold models (35 total)...
2026-04-03 18:19:59 | INFO  | phase_dmpnn_rdkit |     Launched ecoli_fold0 on GPU 0 (PID 545696)
2026-04-03 18:19:59 | INFO  | phase_dmpnn_rdkit |     CMD: /home2/vishakha.agrawal/antibiotic-selectivity/venv/bin/chemprop train --data-path /scratch/vishakha.agrawal/antibiotic-selectivity-v2/outputs/runs/run_20260315_034033/models/dmpnn_rdkit/ecoli/fold_0/combined.csv --save-dir /scratch/vishakha.agrawal/antibiotic-selectivity-v2/outputs/runs/run_20260315_034033/models/dmpnn_rdkit/ecoli/fold_0...
2026-04-03 18:19:59 | INFO  | phase_dmpnn_rdkit |     Log: /scratch/vishakha.agrawal/antibiotic-selectivity-v2/outputs/runs/run_20260315_034033/models/dmpnn_rdkit/train_ecoli_fold0.log
2026-04-03 18:20:00 | INFO  | phase_dmpnn_rdkit |     Launched ecoli_fold1 on GPU 1 (PID 545726)
2026-04-03 18:20:00 | INFO  | phase_dmpnn_rdkit |     CMD: /home2/vishakha.agrawal/antibiotic-selectivity/venv/bin/chemprop train --data-path /scratch/vishakha.agrawal/antibiotic-selectivity-v2/outputs/runs/run_20260315_034033/models/dmpnn_rdkit/ecoli/fold_1/combined.csv --save-dir /scratch/vishakha.agrawal/antibiotic-selectivity-v2/outputs/runs/run_20260315_034033/models/dmpnn_rdkit/ecoli/fold_1...
2026-04-03 18:20:00 | INFO  | phase_dmpnn_rdkit |     Log: /scratch/vishakha.agrawal/antibiotic-selectivity-v2/outputs/runs/run_20260315_034033/models/dmpnn_rdkit/train_ecoli_fold1.log
2026-04-03 18:20:00 | INFO  | phase_dmpnn_rdkit |     Launched ecoli_fold2 on GPU 2 (PID 545756)
2026-04-03 18:20:00 | INFO  | phase_dmpnn_rdkit |     CMD: /home2/vishakha.agrawal/antibiotic-selectivity/venv/bin/chemprop train --data-path /scratch/vishakha.agrawal/antibiotic-selectivity-v2/outputs/runs/run_20260315_034033/models/dmpnn_rdkit/ecoli/fold_2/combined.csv --save-dir /scratch/vishakha.agrawal/antibiotic-selectivity-v2/outputs/runs/run_20260315_034033/models/dmpnn_rdkit/ecoli/fold_2...
2026-04-03 18:20:00 | INFO  | phase_dmpnn_rdkit |     Log: /scratch/vishakha.agrawal/antibiotic-selectivity-v2/outputs/runs/run_20260315_034033/models/dmpnn_rdkit/train_ecoli_fold2.log
2026-04-03 18:33:24 | INFO  | phase_dmpnn_rdkit | Logging to file: /scratch/vishakha.agrawal/antibiotic-selectivity-v2/logs/phase_dmpnn_rdkit.log
2026-04-03 18:33:24 | INFO  | phase_dmpnn_rdkit | ============================================================
2026-04-03 18:33:24 | INFO  | phase_dmpnn_rdkit |  STARTING: Phase D: Retrain D-MPNN with RDKit features
2026-04-03 18:33:24 | INFO  | phase_dmpnn_rdkit | ============================================================
2026-04-03 18:33:24 | INFO  | phase_dmpnn_rdkit | 
  PHASE 1/7: TRAINING
2026-04-03 18:33:24 | INFO  | phase_dmpnn_rdkit | 
======================================================================
2026-04-03 18:33:24 | INFO  | phase_dmpnn_rdkit |   TRAINING D-MPNN + RDKit (Stokes architecture)
2026-04-03 18:33:24 | INFO  | phase_dmpnn_rdkit |   depth=5, hidden=1600, dropout=0.35
2026-04-03 18:33:24 | INFO  | phase_dmpnn_rdkit |   Features: v1_rdkit_2d_normalized
2026-04-03 18:33:24 | INFO  | phase_dmpnn_rdkit |   GPUs: 4 in parallel
2026-04-03 18:33:24 | INFO  | phase_dmpnn_rdkit | ======================================================================
2026-04-03 18:33:24 | INFO  | phase_dmpnn_rdkit |   GPUPool initialized: 3 GPUs (IDs: ['0', '1', '2'])
2026-04-03 18:33:24 | INFO  | phase_dmpnn_rdkit | 
  Phase 1: Training fold models (35 total)...
2026-04-03 18:33:24 | INFO  | phase_dmpnn_rdkit |     Launched ecoli_fold0 on GPU 0 (PID 546960)
2026-04-03 18:33:24 | INFO  | phase_dmpnn_rdkit |     CMD: /home2/vishakha.agrawal/antibiotic-selectivity/venv/bin/chemprop train --data-path /scratch/vishakha.agrawal/antibiotic-selectivity-v2/outputs/runs/run_20260315_034033/models/dmpnn_rdkit/ecoli/fold_0/combined.csv --save-dir /scratch/vishakha.agrawal/antibiotic-selectivity-v2/outputs/runs/run_20260315_034033/models/dmpnn_rdkit/ecoli/fold_0...
2026-04-03 18:33:24 | INFO  | phase_dmpnn_rdkit |     Log: /scratch/vishakha.agrawal/antibiotic-selectivity-v2/outputs/runs/run_20260315_034033/models/dmpnn_rdkit/train_ecoli_fold0.log
2026-04-03 18:33:24 | INFO  | phase_dmpnn_rdkit |     Launched ecoli_fold1 on GPU 1 (PID 546990)
2026-04-03 18:33:24 | INFO  | phase_dmpnn_rdkit |     CMD: /home2/vishakha.agrawal/antibiotic-selectivity/venv/bin/chemprop train --data-path /scratch/vishakha.agrawal/antibiotic-selectivity-v2/outputs/runs/run_20260315_034033/models/dmpnn_rdkit/ecoli/fold_1/combined.csv --save-dir /scratch/vishakha.agrawal/antibiotic-selectivity-v2/outputs/runs/run_20260315_034033/models/dmpnn_rdkit/ecoli/fold_1...
2026-04-03 18:33:24 | INFO  | phase_dmpnn_rdkit |     Log: /scratch/vishakha.agrawal/antibiotic-selectivity-v2/outputs/runs/run_20260315_034033/models/dmpnn_rdkit/train_ecoli_fold1.log
2026-04-03 18:33:24 | INFO  | phase_dmpnn_rdkit |     Launched ecoli_fold2 on GPU 2 (PID 547020)
2026-04-03 18:33:24 | INFO  | phase_dmpnn_rdkit |     CMD: /home2/vishakha.agrawal/antibiotic-selectivity/venv/bin/chemprop train --data-path /scratch/vishakha.agrawal/antibiotic-selectivity-v2/outputs/runs/run_20260315_034033/models/dmpnn_rdkit/ecoli/fold_2/combined.csv --save-dir /scratch/vishakha.agrawal/antibiotic-selectivity-v2/outputs/runs/run_20260315_034033/models/dmpnn_rdkit/ecoli/fold_2...
2026-04-03 18:33:24 | INFO  | phase_dmpnn_rdkit |     Log: /scratch/vishakha.agrawal/antibiotic-selectivity-v2/outputs/runs/run_20260315_034033/models/dmpnn_rdkit/train_ecoli_fold2.log
2026-04-03 20:36:00 | INFO  | phase_dmpnn_rdkit | Logging to file: /scratch/vishakha.agrawal/antibiotic-selectivity-v2/logs/phase_dmpnn_rdkit.log
2026-04-03 20:36:00 | INFO  | phase_dmpnn_rdkit | ============================================================
2026-04-03 20:36:00 | INFO  | phase_dmpnn_rdkit |  STARTING: Phase D: Retrain D-MPNN with RDKit features
2026-04-03 20:36:00 | INFO  | phase_dmpnn_rdkit | ============================================================
2026-04-03 20:36:00 | INFO  | phase_dmpnn_rdkit | 
  PHASE 1/7: TRAINING
2026-04-03 20:36:00 | INFO  | phase_dmpnn_rdkit | 
======================================================================
2026-04-03 20:36:00 | INFO  | phase_dmpnn_rdkit |   TRAINING D-MPNN + RDKit (Stokes architecture)
2026-04-03 20:36:00 | INFO  | phase_dmpnn_rdkit |   depth=5, hidden=1600, dropout=0.35
2026-04-03 20:36:00 | INFO  | phase_dmpnn_rdkit |   Features: v1_rdkit_2d_normalized
2026-04-03 20:36:00 | INFO  | phase_dmpnn_rdkit |   GPUs: 4 in parallel
2026-04-03 20:36:00 | INFO  | phase_dmpnn_rdkit | ======================================================================
2026-04-03 20:36:00 | INFO  | phase_dmpnn_rdkit |   GPUPool initialized: 3 GPUs (IDs: ['0', '1', '2'])
2026-04-03 20:36:00 | INFO  | phase_dmpnn_rdkit | 
  Phase 1: Training fold models (35 total)...
2026-04-03 20:36:00 | INFO  | phase_dmpnn_rdkit |     Launched ecoli_fold0 on GPU 0 (PID 733794)
2026-04-03 20:36:00 | INFO  | phase_dmpnn_rdkit |     CMD: /home2/vishakha.agrawal/antibiotic-selectivity/venv/bin/chemprop train --data-path /scratch/vishakha.agrawal/antibiotic-selectivity-v2/outputs/runs/run_20260315_034033/models/dmpnn_rdkit/ecoli/fold_0/combined.csv --save-dir /scratch/vishakha.agrawal/antibiotic-selectivity-v2/outputs/runs/run_20260315_034033/models/dmpnn_rdkit/ecoli/fold_0...
2026-04-03 20:36:00 | INFO  | phase_dmpnn_rdkit |     Log: /scratch/vishakha.agrawal/antibiotic-selectivity-v2/outputs/runs/run_20260315_034033/models/dmpnn_rdkit/train_ecoli_fold0.log
2026-04-03 20:36:00 | INFO  | phase_dmpnn_rdkit |     Launched ecoli_fold1 on GPU 1 (PID 733802)
2026-04-03 20:36:00 | INFO  | phase_dmpnn_rdkit |     CMD: /home2/vishakha.agrawal/antibiotic-selectivity/venv/bin/chemprop train --data-path /scratch/vishakha.agrawal/antibiotic-selectivity-v2/outputs/runs/run_20260315_034033/models/dmpnn_rdkit/ecoli/fold_1/combined.csv --save-dir /scratch/vishakha.agrawal/antibiotic-selectivity-v2/outputs/runs/run_20260315_034033/models/dmpnn_rdkit/ecoli/fold_1...
2026-04-03 20:36:00 | INFO  | phase_dmpnn_rdkit |     Log: /scratch/vishakha.agrawal/antibiotic-selectivity-v2/outputs/runs/run_20260315_034033/models/dmpnn_rdkit/train_ecoli_fold1.log
2026-04-03 20:36:00 | INFO  | phase_dmpnn_rdkit |     Launched ecoli_fold2 on GPU 2 (PID 733810)
2026-04-03 20:36:00 | INFO  | phase_dmpnn_rdkit |     CMD: /home2/vishakha.agrawal/antibiotic-selectivity/venv/bin/chemprop train --data-path /scratch/vishakha.agrawal/antibiotic-selectivity-v2/outputs/runs/run_20260315_034033/models/dmpnn_rdkit/ecoli/fold_2/combined.csv --save-dir /scratch/vishakha.agrawal/antibiotic-selectivity-v2/outputs/runs/run_20260315_034033/models/dmpnn_rdkit/ecoli/fold_2...
2026-04-03 20:36:00 | INFO  | phase_dmpnn_rdkit |     Log: /scratch/vishakha.agrawal/antibiotic-selectivity-v2/outputs/runs/run_20260315_034033/models/dmpnn_rdkit/train_ecoli_fold2.log
2026-04-03 20:58:15 | ERROR | phase_dmpnn_rdkit |     ecoli_fold1 FAILED (exit code 1)
2026-04-03 20:58:15 | ERROR | phase_dmpnn_rdkit |     Last lines of /scratch/vishakha.agrawal/antibiotic-selectivity-v2/outputs/runs/run_20260315_034033/models/dmpnn_rdkit/train_ecoli_fold1.log:
2026-04-03 20:58:15 | ERROR | phase_dmpnn_rdkit |           self.cluster_environment: ClusterEnvironment = self._choose_and_init_cluster_environment()
2026-04-03 20:58:15 | ERROR | phase_dmpnn_rdkit |                                                          ^^^^^^^^^^^^^^^^^^^^^^^^^^^^^^^^^^^^^^^^^^^
2026-04-03 20:58:15 | ERROR | phase_dmpnn_rdkit |         File "/home2/vishakha.agrawal/antibiotic-selectivity/venv/lib/python3.12/site-packages/lightning/pytorch/trainer/connectors/accelerator_connector.py", line 409, in _choose_and_init_cluster_environment
2026-04-03 20:58:15 | ERROR | phase_dmpnn_rdkit |           return env_type()
2026-04-03 20:58:15 | ERROR | phase_dmpnn_rdkit |                  ^^^^^^^^^^
2026-04-03 20:58:15 | ERROR | phase_dmpnn_rdkit |         File "/home2/vishakha.agrawal/antibiotic-selectivity/venv/lib/python3.12/site-packages/lightning/fabric/plugins/environments/slurm.py", line 54, in __init__
2026-04-03 20:58:15 | ERROR | phase_dmpnn_rdkit |           self._validate_srun_variables()
2026-04-03 20:58:15 | ERROR | phase_dmpnn_rdkit |         File "/home2/vishakha.agrawal/antibiotic-selectivity/venv/lib/python3.12/site-packages/lightning/fabric/plugins/environments/slurm.py", line 221, in _validate_srun_variables
2026-04-03 20:58:15 | ERROR | phase_dmpnn_rdkit |           raise RuntimeError(
2026-04-03 20:58:15 | ERROR | phase_dmpnn_rdkit |       RuntimeError: You set `--ntasks=30` in your SLURM bash script, but this variable is not supported. HINT: Use `--ntasks-per-node=30` instead.
2026-04-03 20:58:15 | INFO  | phase_dmpnn_rdkit |     Launched ecoli_fold3 on GPU 1 (PID 918647)
2026-04-03 20:58:15 | INFO  | phase_dmpnn_rdkit |     CMD: /home2/vishakha.agrawal/antibiotic-selectivity/venv/bin/chemprop train --data-path /scratch/vishakha.agrawal/antibiotic-selectivity-v2/outputs/runs/run_20260315_034033/models/dmpnn_rdkit/ecoli/fold_3/combined.csv --save-dir /scratch/vishakha.agrawal/antibiotic-selectivity-v2/outputs/runs/run_20260315_034033/models/dmpnn_rdkit/ecoli/fold_3...
2026-04-03 20:58:15 | INFO  | phase_dmpnn_rdkit |     Log: /scratch/vishakha.agrawal/antibiotic-selectivity-v2/outputs/runs/run_20260315_034033/models/dmpnn_rdkit/train_ecoli_fold3.log
2026-04-03 20:59:00 | ERROR | phase_dmpnn_rdkit |     ecoli_fold0 FAILED (exit code 1)
2026-04-03 20:59:00 | ERROR | phase_dmpnn_rdkit |     Last lines of /scratch/vishakha.agrawal/antibiotic-selectivity-v2/outputs/runs/run_20260315_034033/models/dmpnn_rdkit/train_ecoli_fold0.log:
2026-04-03 20:59:00 | ERROR | phase_dmpnn_rdkit |           self.cluster_environment: ClusterEnvironment = self._choose_and_init_cluster_environment()
2026-04-03 20:59:00 | ERROR | phase_dmpnn_rdkit |                                                          ^^^^^^^^^^^^^^^^^^^^^^^^^^^^^^^^^^^^^^^^^^^
2026-04-03 20:59:00 | ERROR | phase_dmpnn_rdkit |         File "/home2/vishakha.agrawal/antibiotic-selectivity/venv/lib/python3.12/site-packages/lightning/pytorch/trainer/connectors/accelerator_connector.py", line 409, in _choose_and_init_cluster_environment
2026-04-03 20:59:00 | ERROR | phase_dmpnn_rdkit |           return env_type()
2026-04-03 20:59:00 | ERROR | phase_dmpnn_rdkit |                  ^^^^^^^^^^
2026-04-03 20:59:00 | ERROR | phase_dmpnn_rdkit |         File "/home2/vishakha.agrawal/antibiotic-selectivity/venv/lib/python3.12/site-packages/lightning/fabric/plugins/environments/slurm.py", line 54, in __init__
2026-04-03 20:59:00 | ERROR | phase_dmpnn_rdkit |           self._validate_srun_variables()
2026-04-03 20:59:00 | ERROR | phase_dmpnn_rdkit |         File "/home2/vishakha.agrawal/antibiotic-selectivity/venv/lib/python3.12/site-packages/lightning/fabric/plugins/environments/slurm.py", line 221, in _validate_srun_variables
2026-04-03 20:59:00 | ERROR | phase_dmpnn_rdkit |           raise RuntimeError(
2026-04-03 20:59:00 | ERROR | phase_dmpnn_rdkit |       RuntimeError: You set `--ntasks=30` in your SLURM bash script, but this variable is not supported. HINT: Use `--ntasks-per-node=30` instead.
2026-04-03 20:59:00 | INFO  | phase_dmpnn_rdkit |     Launched ecoli_fold4 on GPU 0 (PID 918673)
2026-04-03 20:59:00 | INFO  | phase_dmpnn_rdkit |     CMD: /home2/vishakha.agrawal/antibiotic-selectivity/venv/bin/chemprop train --data-path /scratch/vishakha.agrawal/antibiotic-selectivity-v2/outputs/runs/run_20260315_034033/models/dmpnn_rdkit/ecoli/fold_4/combined.csv --save-dir /scratch/vishakha.agrawal/antibiotic-selectivity-v2/outputs/runs/run_20260315_034033/models/dmpnn_rdkit/ecoli/fold_4...
2026-04-03 20:59:00 | INFO  | phase_dmpnn_rdkit |     Log: /scratch/vishakha.agrawal/antibiotic-selectivity-v2/outputs/runs/run_20260315_034033/models/dmpnn_rdkit/train_ecoli_fold4.log
2026-04-03 20:59:20 | ERROR | phase_dmpnn_rdkit |     ecoli_fold2 FAILED (exit code 1)
2026-04-03 20:59:20 | ERROR | phase_dmpnn_rdkit |     Last lines of /scratch/vishakha.agrawal/antibiotic-selectivity-v2/outputs/runs/run_20260315_034033/models/dmpnn_rdkit/train_ecoli_fold2.log:
2026-04-03 20:59:20 | ERROR | phase_dmpnn_rdkit |           self.cluster_environment: ClusterEnvironment = self._choose_and_init_cluster_environment()
2026-04-03 20:59:20 | ERROR | phase_dmpnn_rdkit |                                                          ^^^^^^^^^^^^^^^^^^^^^^^^^^^^^^^^^^^^^^^^^^^
2026-04-03 20:59:20 | ERROR | phase_dmpnn_rdkit |         File "/home2/vishakha.agrawal/antibiotic-selectivity/venv/lib/python3.12/site-packages/lightning/pytorch/trainer/connectors/accelerator_connector.py", line 409, in _choose_and_init_cluster_environment
2026-04-03 20:59:20 | ERROR | phase_dmpnn_rdkit |           return env_type()
2026-04-03 20:59:20 | ERROR | phase_dmpnn_rdkit |                  ^^^^^^^^^^
2026-04-03 20:59:20 | ERROR | phase_dmpnn_rdkit |         File "/home2/vishakha.agrawal/antibiotic-selectivity/venv/lib/python3.12/site-packages/lightning/fabric/plugins/environments/slurm.py", line 54, in __init__
2026-04-03 20:59:20 | ERROR | phase_dmpnn_rdkit |           self._validate_srun_variables()
2026-04-03 20:59:20 | ERROR | phase_dmpnn_rdkit |         File "/home2/vishakha.agrawal/antibiotic-selectivity/venv/lib/python3.12/site-packages/lightning/fabric/plugins/environments/slurm.py", line 221, in _validate_srun_variables
2026-04-03 20:59:20 | ERROR | phase_dmpnn_rdkit |           raise RuntimeError(
2026-04-03 20:59:20 | ERROR | phase_dmpnn_rdkit |       RuntimeError: You set `--ntasks=30` in your SLURM bash script, but this variable is not supported. HINT: Use `--ntasks-per-node=30` instead.
2026-04-03 20:59:20 | INFO  | phase_dmpnn_rdkit |     Launched saureus_fold0 on GPU 2 (PID 918698)
2026-04-03 20:59:20 | INFO  | phase_dmpnn_rdkit |     CMD: /home2/vishakha.agrawal/antibiotic-selectivity/venv/bin/chemprop train --data-path /scratch/vishakha.agrawal/antibiotic-selectivity-v2/outputs/runs/run_20260315_034033/models/dmpnn_rdkit/saureus/fold_0/combined.csv --save-dir /scratch/vishakha.agrawal/antibiotic-selectivity-v2/outputs/runs/run_20260315_034033/models/dmpnn_rdkit/saureus/fold_0...
2026-04-03 20:59:20 | INFO  | phase_dmpnn_rdkit |     Log: /scratch/vishakha.agrawal/antibiotic-selectivity-v2/outputs/runs/run_20260315_034033/models/dmpnn_rdkit/train_saureus_fold0.log
2026-04-03 21:20:36 | ERROR | phase_dmpnn_rdkit |     ecoli_fold3 FAILED (exit code 1)
2026-04-03 21:20:36 | ERROR | phase_dmpnn_rdkit |     Last lines of /scratch/vishakha.agrawal/antibiotic-selectivity-v2/outputs/runs/run_20260315_034033/models/dmpnn_rdkit/train_ecoli_fold3.log:
2026-04-03 21:20:36 | ERROR | phase_dmpnn_rdkit |           self.cluster_environment: ClusterEnvironment = self._choose_and_init_cluster_environment()
2026-04-03 21:20:36 | ERROR | phase_dmpnn_rdkit |                                                          ^^^^^^^^^^^^^^^^^^^^^^^^^^^^^^^^^^^^^^^^^^^
2026-04-03 21:20:36 | ERROR | phase_dmpnn_rdkit |         File "/home2/vishakha.agrawal/antibiotic-selectivity/venv/lib/python3.12/site-packages/lightning/pytorch/trainer/connectors/accelerator_connector.py", line 409, in _choose_and_init_cluster_environment
2026-04-03 21:20:36 | ERROR | phase_dmpnn_rdkit |           return env_type()
2026-04-03 21:20:36 | ERROR | phase_dmpnn_rdkit |                  ^^^^^^^^^^
2026-04-03 21:20:36 | ERROR | phase_dmpnn_rdkit |         File "/home2/vishakha.agrawal/antibiotic-selectivity/venv/lib/python3.12/site-packages/lightning/fabric/plugins/environments/slurm.py", line 54, in __init__
2026-04-03 21:20:36 | ERROR | phase_dmpnn_rdkit |           self._validate_srun_variables()
2026-04-03 21:20:36 | ERROR | phase_dmpnn_rdkit |         File "/home2/vishakha.agrawal/antibiotic-selectivity/venv/lib/python3.12/site-packages/lightning/fabric/plugins/environments/slurm.py", line 221, in _validate_srun_variables
2026-04-03 21:20:36 | ERROR | phase_dmpnn_rdkit |           raise RuntimeError(
2026-04-03 21:20:36 | ERROR | phase_dmpnn_rdkit |       RuntimeError: You set `--ntasks=30` in your SLURM bash script, but this variable is not supported. HINT: Use `--ntasks-per-node=30` instead.
2026-04-03 21:20:36 | INFO  | phase_dmpnn_rdkit |     Launched saureus_fold1 on GPU 1 (PID 918909)
2026-04-03 21:20:36 | INFO  | phase_dmpnn_rdkit |     CMD: /home2/vishakha.agrawal/antibiotic-selectivity/venv/bin/chemprop train --data-path /scratch/vishakha.agrawal/antibiotic-selectivity-v2/outputs/runs/run_20260315_034033/models/dmpnn_rdkit/saureus/fold_1/combined.csv --save-dir /scratch/vishakha.agrawal/antibiotic-selectivity-v2/outputs/runs/run_20260315_034033/models/dmpnn_rdkit/saureus/fold_1...
2026-04-03 21:20:36 | INFO  | phase_dmpnn_rdkit |     Log: /scratch/vishakha.agrawal/antibiotic-selectivity-v2/outputs/runs/run_20260315_034033/models/dmpnn_rdkit/train_saureus_fold1.log
2026-04-03 21:21:51 | ERROR | phase_dmpnn_rdkit |     ecoli_fold4 FAILED (exit code 1)
2026-04-03 21:21:51 | ERROR | phase_dmpnn_rdkit |     Last lines of /scratch/vishakha.agrawal/antibiotic-selectivity-v2/outputs/runs/run_20260315_034033/models/dmpnn_rdkit/train_ecoli_fold4.log:
2026-04-03 21:21:51 | ERROR | phase_dmpnn_rdkit |           self.cluster_environment: ClusterEnvironment = self._choose_and_init_cluster_environment()
2026-04-03 21:21:51 | ERROR | phase_dmpnn_rdkit |                                                          ^^^^^^^^^^^^^^^^^^^^^^^^^^^^^^^^^^^^^^^^^^^
2026-04-03 21:21:51 | ERROR | phase_dmpnn_rdkit |         File "/home2/vishakha.agrawal/antibiotic-selectivity/venv/lib/python3.12/site-packages/lightning/pytorch/trainer/connectors/accelerator_connector.py", line 409, in _choose_and_init_cluster_environment
2026-04-03 21:21:51 | ERROR | phase_dmpnn_rdkit |           return env_type()
2026-04-03 21:21:51 | ERROR | phase_dmpnn_rdkit |                  ^^^^^^^^^^
2026-04-03 21:21:51 | ERROR | phase_dmpnn_rdkit |         File "/home2/vishakha.agrawal/antibiotic-selectivity/venv/lib/python3.12/site-packages/lightning/fabric/plugins/environments/slurm.py", line 54, in __init__
2026-04-03 21:21:51 | ERROR | phase_dmpnn_rdkit |           self._validate_srun_variables()
2026-04-03 21:21:51 | ERROR | phase_dmpnn_rdkit |         File "/home2/vishakha.agrawal/antibiotic-selectivity/venv/lib/python3.12/site-packages/lightning/fabric/plugins/environments/slurm.py", line 221, in _validate_srun_variables
2026-04-03 21:21:51 | ERROR | phase_dmpnn_rdkit |           raise RuntimeError(
2026-04-03 21:21:51 | ERROR | phase_dmpnn_rdkit |       RuntimeError: You set `--ntasks=30` in your SLURM bash script, but this variable is not supported. HINT: Use `--ntasks-per-node=30` instead.
2026-04-03 21:21:51 | INFO  | phase_dmpnn_rdkit |     Launched saureus_fold2 on GPU 0 (PID 918946)
2026-04-03 21:21:51 | INFO  | phase_dmpnn_rdkit |     CMD: /home2/vishakha.agrawal/antibiotic-selectivity/venv/bin/chemprop train --data-path /scratch/vishakha.agrawal/antibiotic-selectivity-v2/outputs/runs/run_20260315_034033/models/dmpnn_rdkit/saureus/fold_2/combined.csv --save-dir /scratch/vishakha.agrawal/antibiotic-selectivity-v2/outputs/runs/run_20260315_034033/models/dmpnn_rdkit/saureus/fold_2...
2026-04-03 21:21:51 | INFO  | phase_dmpnn_rdkit |     Log: /scratch/vishakha.agrawal/antibiotic-selectivity-v2/outputs/runs/run_20260315_034033/models/dmpnn_rdkit/train_saureus_fold2.log
2026-04-03 21:33:56 | ERROR | phase_dmpnn_rdkit |     saureus_fold0 FAILED (exit code 1)
2026-04-03 21:33:56 | ERROR | phase_dmpnn_rdkit |     Last lines of /scratch/vishakha.agrawal/antibiotic-selectivity-v2/outputs/runs/run_20260315_034033/models/dmpnn_rdkit/train_saureus_fold0.log:
2026-04-03 21:33:56 | ERROR | phase_dmpnn_rdkit |           self.cluster_environment: ClusterEnvironment = self._choose_and_init_cluster_environment()
2026-04-03 21:33:56 | ERROR | phase_dmpnn_rdkit |                                                          ^^^^^^^^^^^^^^^^^^^^^^^^^^^^^^^^^^^^^^^^^^^
2026-04-03 21:33:56 | ERROR | phase_dmpnn_rdkit |         File "/home2/vishakha.agrawal/antibiotic-selectivity/venv/lib/python3.12/site-packages/lightning/pytorch/trainer/connectors/accelerator_connector.py", line 409, in _choose_and_init_cluster_environment
2026-04-03 21:33:56 | ERROR | phase_dmpnn_rdkit |           return env_type()
2026-04-03 21:33:56 | ERROR | phase_dmpnn_rdkit |                  ^^^^^^^^^^
2026-04-03 21:33:56 | ERROR | phase_dmpnn_rdkit |         File "/home2/vishakha.agrawal/antibiotic-selectivity/venv/lib/python3.12/site-packages/lightning/fabric/plugins/environments/slurm.py", line 54, in __init__
2026-04-03 21:33:56 | ERROR | phase_dmpnn_rdkit |           self._validate_srun_variables()
2026-04-03 21:33:56 | ERROR | phase_dmpnn_rdkit |         File "/home2/vishakha.agrawal/antibiotic-selectivity/venv/lib/python3.12/site-packages/lightning/fabric/plugins/environments/slurm.py", line 221, in _validate_srun_variables
2026-04-03 21:33:56 | ERROR | phase_dmpnn_rdkit |           raise RuntimeError(
2026-04-03 21:33:56 | ERROR | phase_dmpnn_rdkit |       RuntimeError: You set `--ntasks=30` in your SLURM bash script, but this variable is not supported. HINT: Use `--ntasks-per-node=30` instead.
2026-04-03 21:33:56 | INFO  | phase_dmpnn_rdkit |     Launched saureus_fold3 on GPU 2 (PID 919076)
2026-04-03 21:33:56 | INFO  | phase_dmpnn_rdkit |     CMD: /home2/vishakha.agrawal/antibiotic-selectivity/venv/bin/chemprop train --data-path /scratch/vishakha.agrawal/antibiotic-selectivity-v2/outputs/runs/run_20260315_034033/models/dmpnn_rdkit/saureus/fold_3/combined.csv --save-dir /scratch/vishakha.agrawal/antibiotic-selectivity-v2/outputs/runs/run_20260315_034033/models/dmpnn_rdkit/saureus/fold_3...
2026-04-03 21:33:56 | INFO  | phase_dmpnn_rdkit |     Log: /scratch/vishakha.agrawal/antibiotic-selectivity-v2/outputs/runs/run_20260315_034033/models/dmpnn_rdkit/train_saureus_fold3.log
2026-04-03 21:55:47 | ERROR | phase_dmpnn_rdkit |     saureus_fold1 FAILED (exit code 1)
2026-04-03 21:55:47 | ERROR | phase_dmpnn_rdkit |     Last lines of /scratch/vishakha.agrawal/antibiotic-selectivity-v2/outputs/runs/run_20260315_034033/models/dmpnn_rdkit/train_saureus_fold1.log:
2026-04-03 21:55:47 | ERROR | phase_dmpnn_rdkit |           self.cluster_environment: ClusterEnvironment = self._choose_and_init_cluster_environment()
2026-04-03 21:55:47 | ERROR | phase_dmpnn_rdkit |                                                          ^^^^^^^^^^^^^^^^^^^^^^^^^^^^^^^^^^^^^^^^^^^
2026-04-03 21:55:47 | ERROR | phase_dmpnn_rdkit |         File "/home2/vishakha.agrawal/antibiotic-selectivity/venv/lib/python3.12/site-packages/lightning/pytorch/trainer/connectors/accelerator_connector.py", line 409, in _choose_and_init_cluster_environment
2026-04-03 21:55:47 | ERROR | phase_dmpnn_rdkit |           return env_type()
2026-04-03 21:55:47 | ERROR | phase_dmpnn_rdkit |                  ^^^^^^^^^^
2026-04-03 21:55:47 | ERROR | phase_dmpnn_rdkit |         File "/home2/vishakha.agrawal/antibiotic-selectivity/venv/lib/python3.12/site-packages/lightning/fabric/plugins/environments/slurm.py", line 54, in __init__
2026-04-03 21:55:47 | ERROR | phase_dmpnn_rdkit |           self._validate_srun_variables()
2026-04-03 21:55:47 | ERROR | phase_dmpnn_rdkit |         File "/home2/vishakha.agrawal/antibiotic-selectivity/venv/lib/python3.12/site-packages/lightning/fabric/plugins/environments/slurm.py", line 221, in _validate_srun_variables
2026-04-03 21:55:47 | ERROR | phase_dmpnn_rdkit |           raise RuntimeError(
2026-04-03 21:55:47 | ERROR | phase_dmpnn_rdkit |       RuntimeError: You set `--ntasks=30` in your SLURM bash script, but this variable is not supported. HINT: Use `--ntasks-per-node=30` instead.
2026-04-03 21:55:47 | INFO  | phase_dmpnn_rdkit |     Launched saureus_fold4 on GPU 1 (PID 919274)
2026-04-03 21:55:47 | INFO  | phase_dmpnn_rdkit |     CMD: /home2/vishakha.agrawal/antibiotic-selectivity/venv/bin/chemprop train --data-path /scratch/vishakha.agrawal/antibiotic-selectivity-v2/outputs/runs/run_20260315_034033/models/dmpnn_rdkit/saureus/fold_4/combined.csv --save-dir /scratch/vishakha.agrawal/antibiotic-selectivity-v2/outputs/runs/run_20260315_034033/models/dmpnn_rdkit/saureus/fold_4...
2026-04-03 21:55:47 | INFO  | phase_dmpnn_rdkit |     Log: /scratch/vishakha.agrawal/antibiotic-selectivity-v2/outputs/runs/run_20260315_034033/models/dmpnn_rdkit/train_saureus_fold4.log
2026-04-03 21:57:02 | ERROR | phase_dmpnn_rdkit |     saureus_fold2 FAILED (exit code 1)
2026-04-03 21:57:02 | ERROR | phase_dmpnn_rdkit |     Last lines of /scratch/vishakha.agrawal/antibiotic-selectivity-v2/outputs/runs/run_20260315_034033/models/dmpnn_rdkit/train_saureus_fold2.log:
2026-04-03 21:57:02 | ERROR | phase_dmpnn_rdkit |           self.cluster_environment: ClusterEnvironment = self._choose_and_init_cluster_environment()
2026-04-03 21:57:02 | ERROR | phase_dmpnn_rdkit |                                                          ^^^^^^^^^^^^^^^^^^^^^^^^^^^^^^^^^^^^^^^^^^^
2026-04-03 21:57:02 | ERROR | phase_dmpnn_rdkit |         File "/home2/vishakha.agrawal/antibiotic-selectivity/venv/lib/python3.12/site-packages/lightning/pytorch/trainer/connectors/accelerator_connector.py", line 409, in _choose_and_init_cluster_environment
2026-04-03 21:57:02 | ERROR | phase_dmpnn_rdkit |           return env_type()
2026-04-03 21:57:02 | ERROR | phase_dmpnn_rdkit |                  ^^^^^^^^^^
2026-04-03 21:57:02 | ERROR | phase_dmpnn_rdkit |         File "/home2/vishakha.agrawal/antibiotic-selectivity/venv/lib/python3.12/site-packages/lightning/fabric/plugins/environments/slurm.py", line 54, in __init__
2026-04-03 21:57:02 | ERROR | phase_dmpnn_rdkit |           self._validate_srun_variables()
2026-04-03 21:57:02 | ERROR | phase_dmpnn_rdkit |         File "/home2/vishakha.agrawal/antibiotic-selectivity/venv/lib/python3.12/site-packages/lightning/fabric/plugins/environments/slurm.py", line 221, in _validate_srun_variables
2026-04-03 21:57:02 | ERROR | phase_dmpnn_rdkit |           raise RuntimeError(
2026-04-03 21:57:02 | ERROR | phase_dmpnn_rdkit |       RuntimeError: You set `--ntasks=30` in your SLURM bash script, but this variable is not supported. HINT: Use `--ntasks-per-node=30` instead.
2026-04-03 21:57:02 | INFO  | phase_dmpnn_rdkit |     Launched paeruginosa_fold0 on GPU 0 (PID 919302)
2026-04-03 21:57:02 | INFO  | phase_dmpnn_rdkit |     CMD: /home2/vishakha.agrawal/antibiotic-selectivity/venv/bin/chemprop train --data-path /scratch/vishakha.agrawal/antibiotic-selectivity-v2/outputs/runs/run_20260315_034033/models/dmpnn_rdkit/paeruginosa/fold_0/combined.csv --save-dir /scratch/vishakha.agrawal/antibiotic-selectivity-v2/outputs/runs/run_20260315_034033/models/dmpnn_rdkit/paeruginosa/fold_0...
2026-04-03 21:57:02 | INFO  | phase_dmpnn_rdkit |     Log: /scratch/vishakha.agrawal/antibiotic-selectivity-v2/outputs/runs/run_20260315_034033/models/dmpnn_rdkit/train_paeruginosa_fold0.log
2026-04-03 22:08:02 | ERROR | phase_dmpnn_rdkit |     saureus_fold3 FAILED (exit code 1)
2026-04-03 22:08:02 | ERROR | phase_dmpnn_rdkit |     Last lines of /scratch/vishakha.agrawal/antibiotic-selectivity-v2/outputs/runs/run_20260315_034033/models/dmpnn_rdkit/train_saureus_fold3.log:
2026-04-03 22:08:02 | ERROR | phase_dmpnn_rdkit |           self.cluster_environment: ClusterEnvironment = self._choose_and_init_cluster_environment()
2026-04-03 22:08:02 | ERROR | phase_dmpnn_rdkit |                                                          ^^^^^^^^^^^^^^^^^^^^^^^^^^^^^^^^^^^^^^^^^^^
2026-04-03 22:08:02 | ERROR | phase_dmpnn_rdkit |         File "/home2/vishakha.agrawal/antibiotic-selectivity/venv/lib/python3.12/site-packages/lightning/pytorch/trainer/connectors/accelerator_connector.py", line 409, in _choose_and_init_cluster_environment
2026-04-03 22:08:02 | ERROR | phase_dmpnn_rdkit |           return env_type()
2026-04-03 22:08:02 | ERROR | phase_dmpnn_rdkit |                  ^^^^^^^^^^
2026-04-03 22:08:02 | ERROR | phase_dmpnn_rdkit |         File "/home2/vishakha.agrawal/antibiotic-selectivity/venv/lib/python3.12/site-packages/lightning/fabric/plugins/environments/slurm.py", line 54, in __init__
2026-04-03 22:08:02 | ERROR | phase_dmpnn_rdkit |           self._validate_srun_variables()
2026-04-03 22:08:02 | ERROR | phase_dmpnn_rdkit |         File "/home2/vishakha.agrawal/antibiotic-selectivity/venv/lib/python3.12/site-packages/lightning/fabric/plugins/environments/slurm.py", line 221, in _validate_srun_variables
2026-04-03 22:08:02 | ERROR | phase_dmpnn_rdkit |           raise RuntimeError(
2026-04-03 22:08:02 | ERROR | phase_dmpnn_rdkit |       RuntimeError: You set `--ntasks=30` in your SLURM bash script, but this variable is not supported. HINT: Use `--ntasks-per-node=30` instead.
2026-04-03 22:08:02 | INFO  | phase_dmpnn_rdkit |     Launched paeruginosa_fold1 on GPU 2 (PID 919480)
2026-04-03 22:08:02 | INFO  | phase_dmpnn_rdkit |     CMD: /home2/vishakha.agrawal/antibiotic-selectivity/venv/bin/chemprop train --data-path /scratch/vishakha.agrawal/antibiotic-selectivity-v2/outputs/runs/run_20260315_034033/models/dmpnn_rdkit/paeruginosa/fold_1/combined.csv --save-dir /scratch/vishakha.agrawal/antibiotic-selectivity-v2/outputs/runs/run_20260315_034033/models/dmpnn_rdkit/paeruginosa/fold_1...
2026-04-03 22:08:02 | INFO  | phase_dmpnn_rdkit |     Log: /scratch/vishakha.agrawal/antibiotic-selectivity-v2/outputs/runs/run_20260315_034033/models/dmpnn_rdkit/train_paeruginosa_fold1.log
2026-04-03 22:11:07 | ERROR | phase_dmpnn_rdkit |     paeruginosa_fold0 FAILED (exit code 1)
2026-04-03 22:11:07 | ERROR | phase_dmpnn_rdkit |     Last lines of /scratch/vishakha.agrawal/antibiotic-selectivity-v2/outputs/runs/run_20260315_034033/models/dmpnn_rdkit/train_paeruginosa_fold0.log:
2026-04-03 22:11:07 | ERROR | phase_dmpnn_rdkit |           self.cluster_environment: ClusterEnvironment = self._choose_and_init_cluster_environment()
2026-04-03 22:11:07 | ERROR | phase_dmpnn_rdkit |                                                          ^^^^^^^^^^^^^^^^^^^^^^^^^^^^^^^^^^^^^^^^^^^
2026-04-03 22:11:07 | ERROR | phase_dmpnn_rdkit |         File "/home2/vishakha.agrawal/antibiotic-selectivity/venv/lib/python3.12/site-packages/lightning/pytorch/trainer/connectors/accelerator_connector.py", line 409, in _choose_and_init_cluster_environment
2026-04-03 22:11:07 | ERROR | phase_dmpnn_rdkit |           return env_type()
2026-04-03 22:11:07 | ERROR | phase_dmpnn_rdkit |                  ^^^^^^^^^^
2026-04-03 22:11:07 | ERROR | phase_dmpnn_rdkit |         File "/home2/vishakha.agrawal/antibiotic-selectivity/venv/lib/python3.12/site-packages/lightning/fabric/plugins/environments/slurm.py", line 54, in __init__
2026-04-03 22:11:07 | ERROR | phase_dmpnn_rdkit |           self._validate_srun_variables()
2026-04-03 22:11:07 | ERROR | phase_dmpnn_rdkit |         File "/home2/vishakha.agrawal/antibiotic-selectivity/venv/lib/python3.12/site-packages/lightning/fabric/plugins/environments/slurm.py", line 221, in _validate_srun_variables
2026-04-03 22:11:07 | ERROR | phase_dmpnn_rdkit |           raise RuntimeError(
2026-04-03 22:11:07 | ERROR | phase_dmpnn_rdkit |       RuntimeError: You set `--ntasks=30` in your SLURM bash script, but this variable is not supported. HINT: Use `--ntasks-per-node=30` instead.
2026-04-03 22:11:07 | INFO  | phase_dmpnn_rdkit |     Launched paeruginosa_fold2 on GPU 0 (PID 919515)
2026-04-03 22:11:07 | INFO  | phase_dmpnn_rdkit |     CMD: /home2/vishakha.agrawal/antibiotic-selectivity/venv/bin/chemprop train --data-path /scratch/vishakha.agrawal/antibiotic-selectivity-v2/outputs/runs/run_20260315_034033/models/dmpnn_rdkit/paeruginosa/fold_2/combined.csv --save-dir /scratch/vishakha.agrawal/antibiotic-selectivity-v2/outputs/runs/run_20260315_034033/models/dmpnn_rdkit/paeruginosa/fold_2...
2026-04-03 22:11:07 | INFO  | phase_dmpnn_rdkit |     Log: /scratch/vishakha.agrawal/antibiotic-selectivity-v2/outputs/runs/run_20260315_034033/models/dmpnn_rdkit/train_paeruginosa_fold2.log
2026-04-03 22:22:52 | ERROR | phase_dmpnn_rdkit |     paeruginosa_fold1 FAILED (exit code 1)
2026-04-03 22:22:52 | ERROR | phase_dmpnn_rdkit |     Last lines of /scratch/vishakha.agrawal/antibiotic-selectivity-v2/outputs/runs/run_20260315_034033/models/dmpnn_rdkit/train_paeruginosa_fold1.log:
2026-04-03 22:22:52 | ERROR | phase_dmpnn_rdkit |           self.cluster_environment: ClusterEnvironment = self._choose_and_init_cluster_environment()
2026-04-03 22:22:52 | ERROR | phase_dmpnn_rdkit |                                                          ^^^^^^^^^^^^^^^^^^^^^^^^^^^^^^^^^^^^^^^^^^^
2026-04-03 22:22:52 | ERROR | phase_dmpnn_rdkit |         File "/home2/vishakha.agrawal/antibiotic-selectivity/venv/lib/python3.12/site-packages/lightning/pytorch/trainer/connectors/accelerator_connector.py", line 409, in _choose_and_init_cluster_environment
2026-04-03 22:22:52 | ERROR | phase_dmpnn_rdkit |           return env_type()
2026-04-03 22:22:52 | ERROR | phase_dmpnn_rdkit |                  ^^^^^^^^^^
2026-04-03 22:22:52 | ERROR | phase_dmpnn_rdkit |         File "/home2/vishakha.agrawal/antibiotic-selectivity/venv/lib/python3.12/site-packages/lightning/fabric/plugins/environments/slurm.py", line 54, in __init__
2026-04-03 22:22:52 | ERROR | phase_dmpnn_rdkit |           self._validate_srun_variables()
2026-04-03 22:22:52 | ERROR | phase_dmpnn_rdkit |         File "/home2/vishakha.agrawal/antibiotic-selectivity/venv/lib/python3.12/site-packages/lightning/fabric/plugins/environments/slurm.py", line 221, in _validate_srun_variables
2026-04-03 22:22:52 | ERROR | phase_dmpnn_rdkit |           raise RuntimeError(
2026-04-03 22:22:52 | ERROR | phase_dmpnn_rdkit |       RuntimeError: You set `--ntasks=30` in your SLURM bash script, but this variable is not supported. HINT: Use `--ntasks-per-node=30` instead.
2026-04-03 22:22:52 | INFO  | phase_dmpnn_rdkit |     Launched paeruginosa_fold3 on GPU 2 (PID 919646)
2026-04-03 22:22:52 | INFO  | phase_dmpnn_rdkit |     CMD: /home2/vishakha.agrawal/antibiotic-selectivity/venv/bin/chemprop train --data-path /scratch/vishakha.agrawal/antibiotic-selectivity-v2/outputs/runs/run_20260315_034033/models/dmpnn_rdkit/paeruginosa/fold_3/combined.csv --save-dir /scratch/vishakha.agrawal/antibiotic-selectivity-v2/outputs/runs/run_20260315_034033/models/dmpnn_rdkit/paeruginosa/fold_3...
2026-04-03 22:22:52 | INFO  | phase_dmpnn_rdkit |     Log: /scratch/vishakha.agrawal/antibiotic-selectivity-v2/outputs/runs/run_20260315_034033/models/dmpnn_rdkit/train_paeruginosa_fold3.log
2026-04-03 22:25:27 | ERROR | phase_dmpnn_rdkit |     paeruginosa_fold2 FAILED (exit code 1)
2026-04-03 22:25:27 | ERROR | phase_dmpnn_rdkit |     Last lines of /scratch/vishakha.agrawal/antibiotic-selectivity-v2/outputs/runs/run_20260315_034033/models/dmpnn_rdkit/train_paeruginosa_fold2.log:
2026-04-03 22:25:27 | ERROR | phase_dmpnn_rdkit |           self.cluster_environment: ClusterEnvironment = self._choose_and_init_cluster_environment()
2026-04-03 22:25:27 | ERROR | phase_dmpnn_rdkit |                                                          ^^^^^^^^^^^^^^^^^^^^^^^^^^^^^^^^^^^^^^^^^^^
2026-04-03 22:25:27 | ERROR | phase_dmpnn_rdkit |         File "/home2/vishakha.agrawal/antibiotic-selectivity/venv/lib/python3.12/site-packages/lightning/pytorch/trainer/connectors/accelerator_connector.py", line 409, in _choose_and_init_cluster_environment
2026-04-03 22:25:27 | ERROR | phase_dmpnn_rdkit |           return env_type()
2026-04-03 22:25:27 | ERROR | phase_dmpnn_rdkit |                  ^^^^^^^^^^
2026-04-03 22:25:27 | ERROR | phase_dmpnn_rdkit |         File "/home2/vishakha.agrawal/antibiotic-selectivity/venv/lib/python3.12/site-packages/lightning/fabric/plugins/environments/slurm.py", line 54, in __init__
2026-04-03 22:25:27 | ERROR | phase_dmpnn_rdkit |           self._validate_srun_variables()
2026-04-03 22:25:27 | ERROR | phase_dmpnn_rdkit |         File "/home2/vishakha.agrawal/antibiotic-selectivity/venv/lib/python3.12/site-packages/lightning/fabric/plugins/environments/slurm.py", line 221, in _validate_srun_variables
2026-04-03 22:25:27 | ERROR | phase_dmpnn_rdkit |           raise RuntimeError(
2026-04-03 22:25:27 | ERROR | phase_dmpnn_rdkit |       RuntimeError: You set `--ntasks=30` in your SLURM bash script, but this variable is not supported. HINT: Use `--ntasks-per-node=30` instead.
2026-04-03 22:25:27 | INFO  | phase_dmpnn_rdkit |     Launched paeruginosa_fold4 on GPU 0 (PID 919690)
2026-04-03 22:25:27 | INFO  | phase_dmpnn_rdkit |     CMD: /home2/vishakha.agrawal/antibiotic-selectivity/venv/bin/chemprop train --data-path /scratch/vishakha.agrawal/antibiotic-selectivity-v2/outputs/runs/run_20260315_034033/models/dmpnn_rdkit/paeruginosa/fold_4/combined.csv --save-dir /scratch/vishakha.agrawal/antibiotic-selectivity-v2/outputs/runs/run_20260315_034033/models/dmpnn_rdkit/paeruginosa/fold_4...
2026-04-03 22:25:27 | INFO  | phase_dmpnn_rdkit |     Log: /scratch/vishakha.agrawal/antibiotic-selectivity-v2/outputs/runs/run_20260315_034033/models/dmpnn_rdkit/train_paeruginosa_fold4.log
2026-04-03 22:29:42 | ERROR | phase_dmpnn_rdkit |     saureus_fold4 FAILED (exit code 1)
2026-04-03 22:29:42 | ERROR | phase_dmpnn_rdkit |     Last lines of /scratch/vishakha.agrawal/antibiotic-selectivity-v2/outputs/runs/run_20260315_034033/models/dmpnn_rdkit/train_saureus_fold4.log:
2026-04-03 22:29:42 | ERROR | phase_dmpnn_rdkit |           self.cluster_environment: ClusterEnvironment = self._choose_and_init_cluster_environment()
2026-04-03 22:29:42 | ERROR | phase_dmpnn_rdkit |                                                          ^^^^^^^^^^^^^^^^^^^^^^^^^^^^^^^^^^^^^^^^^^^
2026-04-03 22:29:42 | ERROR | phase_dmpnn_rdkit |         File "/home2/vishakha.agrawal/antibiotic-selectivity/venv/lib/python3.12/site-packages/lightning/pytorch/trainer/connectors/accelerator_connector.py", line 409, in _choose_and_init_cluster_environment
2026-04-03 22:29:42 | ERROR | phase_dmpnn_rdkit |           return env_type()
2026-04-03 22:29:42 | ERROR | phase_dmpnn_rdkit |                  ^^^^^^^^^^
2026-04-03 22:29:42 | ERROR | phase_dmpnn_rdkit |         File "/home2/vishakha.agrawal/antibiotic-selectivity/venv/lib/python3.12/site-packages/lightning/fabric/plugins/environments/slurm.py", line 54, in __init__
2026-04-03 22:29:42 | ERROR | phase_dmpnn_rdkit |           self._validate_srun_variables()
2026-04-03 22:29:42 | ERROR | phase_dmpnn_rdkit |         File "/home2/vishakha.agrawal/antibiotic-selectivity/venv/lib/python3.12/site-packages/lightning/fabric/plugins/environments/slurm.py", line 221, in _validate_srun_variables
2026-04-03 22:29:42 | ERROR | phase_dmpnn_rdkit |           raise RuntimeError(
2026-04-03 22:29:42 | ERROR | phase_dmpnn_rdkit |       RuntimeError: You set `--ntasks=30` in your SLURM bash script, but this variable is not supported. HINT: Use `--ntasks-per-node=30` instead.
2026-04-03 22:29:42 | INFO  | phase_dmpnn_rdkit |     Launched mtb_fold0 on GPU 1 (PID 919722)
2026-04-03 22:29:42 | INFO  | phase_dmpnn_rdkit |     CMD: /home2/vishakha.agrawal/antibiotic-selectivity/venv/bin/chemprop train --data-path /scratch/vishakha.agrawal/antibiotic-selectivity-v2/outputs/runs/run_20260315_034033/models/dmpnn_rdkit/mtb/fold_0/combined.csv --save-dir /scratch/vishakha.agrawal/antibiotic-selectivity-v2/outputs/runs/run_20260315_034033/models/dmpnn_rdkit/mtb/fold_0...
2026-04-03 22:29:42 | INFO  | phase_dmpnn_rdkit |     Log: /scratch/vishakha.agrawal/antibiotic-selectivity-v2/outputs/runs/run_20260315_034033/models/dmpnn_rdkit/train_mtb_fold0.log
2026-04-03 22:37:27 | ERROR | phase_dmpnn_rdkit |     paeruginosa_fold3 FAILED (exit code 1)
2026-04-03 22:37:27 | ERROR | phase_dmpnn_rdkit |     Last lines of /scratch/vishakha.agrawal/antibiotic-selectivity-v2/outputs/runs/run_20260315_034033/models/dmpnn_rdkit/train_paeruginosa_fold3.log:
2026-04-03 22:37:27 | ERROR | phase_dmpnn_rdkit |           self.cluster_environment: ClusterEnvironment = self._choose_and_init_cluster_environment()
2026-04-03 22:37:27 | ERROR | phase_dmpnn_rdkit |                                                          ^^^^^^^^^^^^^^^^^^^^^^^^^^^^^^^^^^^^^^^^^^^
2026-04-03 22:37:27 | ERROR | phase_dmpnn_rdkit |         File "/home2/vishakha.agrawal/antibiotic-selectivity/venv/lib/python3.12/site-packages/lightning/pytorch/trainer/connectors/accelerator_connector.py", line 409, in _choose_and_init_cluster_environment
2026-04-03 22:37:27 | ERROR | phase_dmpnn_rdkit |           return env_type()
2026-04-03 22:37:27 | ERROR | phase_dmpnn_rdkit |                  ^^^^^^^^^^
2026-04-03 22:37:27 | ERROR | phase_dmpnn_rdkit |         File "/home2/vishakha.agrawal/antibiotic-selectivity/venv/lib/python3.12/site-packages/lightning/fabric/plugins/environments/slurm.py", line 54, in __init__
2026-04-03 22:37:27 | ERROR | phase_dmpnn_rdkit |           self._validate_srun_variables()
2026-04-03 22:37:27 | ERROR | phase_dmpnn_rdkit |         File "/home2/vishakha.agrawal/antibiotic-selectivity/venv/lib/python3.12/site-packages/lightning/fabric/plugins/environments/slurm.py", line 221, in _validate_srun_variables
2026-04-03 22:37:27 | ERROR | phase_dmpnn_rdkit |           raise RuntimeError(
2026-04-03 22:37:27 | ERROR | phase_dmpnn_rdkit |       RuntimeError: You set `--ntasks=30` in your SLURM bash script, but this variable is not supported. HINT: Use `--ntasks-per-node=30` instead.
2026-04-03 22:37:27 | INFO  | phase_dmpnn_rdkit |     Launched mtb_fold1 on GPU 2 (PID 919842)
2026-04-03 22:37:27 | INFO  | phase_dmpnn_rdkit |     CMD: /home2/vishakha.agrawal/antibiotic-selectivity/venv/bin/chemprop train --data-path /scratch/vishakha.agrawal/antibiotic-selectivity-v2/outputs/runs/run_20260315_034033/models/dmpnn_rdkit/mtb/fold_1/combined.csv --save-dir /scratch/vishakha.agrawal/antibiotic-selectivity-v2/outputs/runs/run_20260315_034033/models/dmpnn_rdkit/mtb/fold_1...
2026-04-03 22:37:27 | INFO  | phase_dmpnn_rdkit |     Log: /scratch/vishakha.agrawal/antibiotic-selectivity-v2/outputs/runs/run_20260315_034033/models/dmpnn_rdkit/train_mtb_fold1.log
2026-04-03 22:40:18 | ERROR | phase_dmpnn_rdkit |     paeruginosa_fold4 FAILED (exit code 1)
2026-04-03 22:40:18 | ERROR | phase_dmpnn_rdkit |     Last lines of /scratch/vishakha.agrawal/antibiotic-selectivity-v2/outputs/runs/run_20260315_034033/models/dmpnn_rdkit/train_paeruginosa_fold4.log:
2026-04-03 22:40:18 | ERROR | phase_dmpnn_rdkit |           self.cluster_environment: ClusterEnvironment = self._choose_and_init_cluster_environment()
2026-04-03 22:40:18 | ERROR | phase_dmpnn_rdkit |                                                          ^^^^^^^^^^^^^^^^^^^^^^^^^^^^^^^^^^^^^^^^^^^
2026-04-03 22:40:18 | ERROR | phase_dmpnn_rdkit |         File "/home2/vishakha.agrawal/antibiotic-selectivity/venv/lib/python3.12/site-packages/lightning/pytorch/trainer/connectors/accelerator_connector.py", line 409, in _choose_and_init_cluster_environment
2026-04-03 22:40:18 | ERROR | phase_dmpnn_rdkit |           return env_type()
2026-04-03 22:40:18 | ERROR | phase_dmpnn_rdkit |                  ^^^^^^^^^^
2026-04-03 22:40:18 | ERROR | phase_dmpnn_rdkit |         File "/home2/vishakha.agrawal/antibiotic-selectivity/venv/lib/python3.12/site-packages/lightning/fabric/plugins/environments/slurm.py", line 54, in __init__
2026-04-03 22:40:18 | ERROR | phase_dmpnn_rdkit |           self._validate_srun_variables()
2026-04-03 22:40:18 | ERROR | phase_dmpnn_rdkit |         File "/home2/vishakha.agrawal/antibiotic-selectivity/venv/lib/python3.12/site-packages/lightning/fabric/plugins/environments/slurm.py", line 221, in _validate_srun_variables
2026-04-03 22:40:18 | ERROR | phase_dmpnn_rdkit |           raise RuntimeError(
2026-04-03 22:40:18 | ERROR | phase_dmpnn_rdkit |       RuntimeError: You set `--ntasks=30` in your SLURM bash script, but this variable is not supported. HINT: Use `--ntasks-per-node=30` instead.
2026-04-03 22:40:18 | INFO  | phase_dmpnn_rdkit |     Launched mtb_fold2 on GPU 0 (PID 919885)
2026-04-03 22:40:18 | INFO  | phase_dmpnn_rdkit |     CMD: /home2/vishakha.agrawal/antibiotic-selectivity/venv/bin/chemprop train --data-path /scratch/vishakha.agrawal/antibiotic-selectivity-v2/outputs/runs/run_20260315_034033/models/dmpnn_rdkit/mtb/fold_2/combined.csv --save-dir /scratch/vishakha.agrawal/antibiotic-selectivity-v2/outputs/runs/run_20260315_034033/models/dmpnn_rdkit/mtb/fold_2...
2026-04-03 22:40:18 | INFO  | phase_dmpnn_rdkit |     Log: /scratch/vishakha.agrawal/antibiotic-selectivity-v2/outputs/runs/run_20260315_034033/models/dmpnn_rdkit/train_mtb_fold2.log
2026-04-03 22:41:58 | ERROR | phase_dmpnn_rdkit |     mtb_fold0 FAILED (exit code 1)
2026-04-03 22:41:58 | ERROR | phase_dmpnn_rdkit |     Last lines of /scratch/vishakha.agrawal/antibiotic-selectivity-v2/outputs/runs/run_20260315_034033/models/dmpnn_rdkit/train_mtb_fold0.log:
2026-04-03 22:41:58 | ERROR | phase_dmpnn_rdkit |           self.cluster_environment: ClusterEnvironment = self._choose_and_init_cluster_environment()
2026-04-03 22:41:58 | ERROR | phase_dmpnn_rdkit |                                                          ^^^^^^^^^^^^^^^^^^^^^^^^^^^^^^^^^^^^^^^^^^^
2026-04-03 22:41:58 | ERROR | phase_dmpnn_rdkit |         File "/home2/vishakha.agrawal/antibiotic-selectivity/venv/lib/python3.12/site-packages/lightning/pytorch/trainer/connectors/accelerator_connector.py", line 409, in _choose_and_init_cluster_environment
2026-04-03 22:41:58 | ERROR | phase_dmpnn_rdkit |           return env_type()
2026-04-03 22:41:58 | ERROR | phase_dmpnn_rdkit |                  ^^^^^^^^^^
2026-04-03 22:41:58 | ERROR | phase_dmpnn_rdkit |         File "/home2/vishakha.agrawal/antibiotic-selectivity/venv/lib/python3.12/site-packages/lightning/fabric/plugins/environments/slurm.py", line 54, in __init__
2026-04-03 22:41:58 | ERROR | phase_dmpnn_rdkit |           self._validate_srun_variables()
2026-04-03 22:41:58 | ERROR | phase_dmpnn_rdkit |         File "/home2/vishakha.agrawal/antibiotic-selectivity/venv/lib/python3.12/site-packages/lightning/fabric/plugins/environments/slurm.py", line 221, in _validate_srun_variables
2026-04-03 22:41:58 | ERROR | phase_dmpnn_rdkit |           raise RuntimeError(
2026-04-03 22:41:58 | ERROR | phase_dmpnn_rdkit |       RuntimeError: You set `--ntasks=30` in your SLURM bash script, but this variable is not supported. HINT: Use `--ntasks-per-node=30` instead.
2026-04-03 22:41:58 | INFO  | phase_dmpnn_rdkit |     Launched mtb_fold3 on GPU 1 (PID 919913)
2026-04-03 22:41:58 | INFO  | phase_dmpnn_rdkit |     CMD: /home2/vishakha.agrawal/antibiotic-selectivity/venv/bin/chemprop train --data-path /scratch/vishakha.agrawal/antibiotic-selectivity-v2/outputs/runs/run_20260315_034033/models/dmpnn_rdkit/mtb/fold_3/combined.csv --save-dir /scratch/vishakha.agrawal/antibiotic-selectivity-v2/outputs/runs/run_20260315_034033/models/dmpnn_rdkit/mtb/fold_3...
2026-04-03 22:41:58 | INFO  | phase_dmpnn_rdkit |     Log: /scratch/vishakha.agrawal/antibiotic-selectivity-v2/outputs/runs/run_20260315_034033/models/dmpnn_rdkit/train_mtb_fold3.log
2026-04-03 22:50:03 | ERROR | phase_dmpnn_rdkit |     mtb_fold1 FAILED (exit code 1)
2026-04-03 22:50:03 | ERROR | phase_dmpnn_rdkit |     Last lines of /scratch/vishakha.agrawal/antibiotic-selectivity-v2/outputs/runs/run_20260315_034033/models/dmpnn_rdkit/train_mtb_fold1.log:
2026-04-03 22:50:03 | ERROR | phase_dmpnn_rdkit |           self.cluster_environment: ClusterEnvironment = self._choose_and_init_cluster_environment()
2026-04-03 22:50:03 | ERROR | phase_dmpnn_rdkit |                                                          ^^^^^^^^^^^^^^^^^^^^^^^^^^^^^^^^^^^^^^^^^^^
2026-04-03 22:50:03 | ERROR | phase_dmpnn_rdkit |         File "/home2/vishakha.agrawal/antibiotic-selectivity/venv/lib/python3.12/site-packages/lightning/pytorch/trainer/connectors/accelerator_connector.py", line 409, in _choose_and_init_cluster_environment
2026-04-03 22:50:03 | ERROR | phase_dmpnn_rdkit |           return env_type()
2026-04-03 22:50:03 | ERROR | phase_dmpnn_rdkit |                  ^^^^^^^^^^
2026-04-03 22:50:03 | ERROR | phase_dmpnn_rdkit |         File "/home2/vishakha.agrawal/antibiotic-selectivity/venv/lib/python3.12/site-packages/lightning/fabric/plugins/environments/slurm.py", line 54, in __init__
2026-04-03 22:50:03 | ERROR | phase_dmpnn_rdkit |           self._validate_srun_variables()
2026-04-03 22:50:03 | ERROR | phase_dmpnn_rdkit |         File "/home2/vishakha.agrawal/antibiotic-selectivity/venv/lib/python3.12/site-packages/lightning/fabric/plugins/environments/slurm.py", line 221, in _validate_srun_variables
2026-04-03 22:50:03 | ERROR | phase_dmpnn_rdkit |           raise RuntimeError(
2026-04-03 22:50:03 | ERROR | phase_dmpnn_rdkit |       RuntimeError: You set `--ntasks=30` in your SLURM bash script, but this variable is not supported. HINT: Use `--ntasks-per-node=30` instead.
2026-04-03 22:50:03 | INFO  | phase_dmpnn_rdkit |     Launched mtb_fold4 on GPU 2 (PID 920018)
2026-04-03 22:50:03 | INFO  | phase_dmpnn_rdkit |     CMD: /home2/vishakha.agrawal/antibiotic-selectivity/venv/bin/chemprop train --data-path /scratch/vishakha.agrawal/antibiotic-selectivity-v2/outputs/runs/run_20260315_034033/models/dmpnn_rdkit/mtb/fold_4/combined.csv --save-dir /scratch/vishakha.agrawal/antibiotic-selectivity-v2/outputs/runs/run_20260315_034033/models/dmpnn_rdkit/mtb/fold_4...
2026-04-03 22:50:03 | INFO  | phase_dmpnn_rdkit |     Log: /scratch/vishakha.agrawal/antibiotic-selectivity-v2/outputs/runs/run_20260315_034033/models/dmpnn_rdkit/train_mtb_fold4.log
2026-04-03 22:52:38 | ERROR | phase_dmpnn_rdkit |     mtb_fold2 FAILED (exit code 1)
2026-04-03 22:52:38 | ERROR | phase_dmpnn_rdkit |     Last lines of /scratch/vishakha.agrawal/antibiotic-selectivity-v2/outputs/runs/run_20260315_034033/models/dmpnn_rdkit/train_mtb_fold2.log:
2026-04-03 22:52:38 | ERROR | phase_dmpnn_rdkit |           self.cluster_environment: ClusterEnvironment = self._choose_and_init_cluster_environment()
2026-04-03 22:52:38 | ERROR | phase_dmpnn_rdkit |                                                          ^^^^^^^^^^^^^^^^^^^^^^^^^^^^^^^^^^^^^^^^^^^
2026-04-03 22:52:38 | ERROR | phase_dmpnn_rdkit |         File "/home2/vishakha.agrawal/antibiotic-selectivity/venv/lib/python3.12/site-packages/lightning/pytorch/trainer/connectors/accelerator_connector.py", line 409, in _choose_and_init_cluster_environment
2026-04-03 22:52:38 | ERROR | phase_dmpnn_rdkit |           return env_type()
2026-04-03 22:52:38 | ERROR | phase_dmpnn_rdkit |                  ^^^^^^^^^^
2026-04-03 22:52:38 | ERROR | phase_dmpnn_rdkit |         File "/home2/vishakha.agrawal/antibiotic-selectivity/venv/lib/python3.12/site-packages/lightning/fabric/plugins/environments/slurm.py", line 54, in __init__
2026-04-03 22:52:38 | ERROR | phase_dmpnn_rdkit |           self._validate_srun_variables()
2026-04-03 22:52:38 | ERROR | phase_dmpnn_rdkit |         File "/home2/vishakha.agrawal/antibiotic-selectivity/venv/lib/python3.12/site-packages/lightning/fabric/plugins/environments/slurm.py", line 221, in _validate_srun_variables
2026-04-03 22:52:38 | ERROR | phase_dmpnn_rdkit |           raise RuntimeError(
2026-04-03 22:52:38 | ERROR | phase_dmpnn_rdkit |       RuntimeError: You set `--ntasks=30` in your SLURM bash script, but this variable is not supported. HINT: Use `--ntasks-per-node=30` instead.
2026-04-03 22:52:38 | INFO  | phase_dmpnn_rdkit |     Launched gut_t5_fold0 on GPU 0 (PID 920087)
2026-04-03 22:52:38 | INFO  | phase_dmpnn_rdkit |     CMD: /home2/vishakha.agrawal/antibiotic-selectivity/venv/bin/chemprop train --data-path /scratch/vishakha.agrawal/antibiotic-selectivity-v2/outputs/runs/run_20260315_034033/models/dmpnn_rdkit/gut_t5/fold_0/combined.csv --save-dir /scratch/vishakha.agrawal/antibiotic-selectivity-v2/outputs/runs/run_20260315_034033/models/dmpnn_rdkit/gut_t5/fold_0...
2026-04-03 22:52:38 | INFO  | phase_dmpnn_rdkit |     Log: /scratch/vishakha.agrawal/antibiotic-selectivity-v2/outputs/runs/run_20260315_034033/models/dmpnn_rdkit/train_gut_t5_fold0.log
2026-04-03 22:53:38 | ERROR | phase_dmpnn_rdkit |     gut_t5_fold0 FAILED (exit code 1)
2026-04-03 22:53:38 | ERROR | phase_dmpnn_rdkit |     Last lines of /scratch/vishakha.agrawal/antibiotic-selectivity-v2/outputs/runs/run_20260315_034033/models/dmpnn_rdkit/train_gut_t5_fold0.log:
2026-04-03 22:53:38 | ERROR | phase_dmpnn_rdkit |           self.cluster_environment: ClusterEnvironment = self._choose_and_init_cluster_environment()
2026-04-03 22:53:38 | ERROR | phase_dmpnn_rdkit |                                                          ^^^^^^^^^^^^^^^^^^^^^^^^^^^^^^^^^^^^^^^^^^^
2026-04-03 22:53:38 | ERROR | phase_dmpnn_rdkit |         File "/home2/vishakha.agrawal/antibiotic-selectivity/venv/lib/python3.12/site-packages/lightning/pytorch/trainer/connectors/accelerator_connector.py", line 409, in _choose_and_init_cluster_environment
2026-04-03 22:53:38 | ERROR | phase_dmpnn_rdkit |           return env_type()
2026-04-03 22:53:38 | ERROR | phase_dmpnn_rdkit |                  ^^^^^^^^^^
2026-04-03 22:53:38 | ERROR | phase_dmpnn_rdkit |         File "/home2/vishakha.agrawal/antibiotic-selectivity/venv/lib/python3.12/site-packages/lightning/fabric/plugins/environments/slurm.py", line 54, in __init__
2026-04-03 22:53:38 | ERROR | phase_dmpnn_rdkit |           self._validate_srun_variables()
2026-04-03 22:53:38 | ERROR | phase_dmpnn_rdkit |         File "/home2/vishakha.agrawal/antibiotic-selectivity/venv/lib/python3.12/site-packages/lightning/fabric/plugins/environments/slurm.py", line 221, in _validate_srun_variables
2026-04-03 22:53:38 | ERROR | phase_dmpnn_rdkit |           raise RuntimeError(
2026-04-03 22:53:38 | ERROR | phase_dmpnn_rdkit |       RuntimeError: You set `--ntasks=30` in your SLURM bash script, but this variable is not supported. HINT: Use `--ntasks-per-node=30` instead.
2026-04-03 22:53:38 | INFO  | phase_dmpnn_rdkit |     Launched gut_t5_fold1 on GPU 0 (PID 920112)
2026-04-03 22:53:38 | INFO  | phase_dmpnn_rdkit |     CMD: /home2/vishakha.agrawal/antibiotic-selectivity/venv/bin/chemprop train --data-path /scratch/vishakha.agrawal/antibiotic-selectivity-v2/outputs/runs/run_20260315_034033/models/dmpnn_rdkit/gut_t5/fold_1/combined.csv --save-dir /scratch/vishakha.agrawal/antibiotic-selectivity-v2/outputs/runs/run_20260315_034033/models/dmpnn_rdkit/gut_t5/fold_1...
2026-04-03 22:53:38 | INFO  | phase_dmpnn_rdkit |     Log: /scratch/vishakha.agrawal/antibiotic-selectivity-v2/outputs/runs/run_20260315_034033/models/dmpnn_rdkit/train_gut_t5_fold1.log
2026-04-03 22:53:58 | ERROR | phase_dmpnn_rdkit |     mtb_fold3 FAILED (exit code 1)
2026-04-03 22:53:58 | ERROR | phase_dmpnn_rdkit |     Last lines of /scratch/vishakha.agrawal/antibiotic-selectivity-v2/outputs/runs/run_20260315_034033/models/dmpnn_rdkit/train_mtb_fold3.log:
2026-04-03 22:53:58 | ERROR | phase_dmpnn_rdkit |           self.cluster_environment: ClusterEnvironment = self._choose_and_init_cluster_environment()
2026-04-03 22:53:58 | ERROR | phase_dmpnn_rdkit |                                                          ^^^^^^^^^^^^^^^^^^^^^^^^^^^^^^^^^^^^^^^^^^^
2026-04-03 22:53:58 | ERROR | phase_dmpnn_rdkit |         File "/home2/vishakha.agrawal/antibiotic-selectivity/venv/lib/python3.12/site-packages/lightning/pytorch/trainer/connectors/accelerator_connector.py", line 409, in _choose_and_init_cluster_environment
2026-04-03 22:53:58 | ERROR | phase_dmpnn_rdkit |           return env_type()
2026-04-03 22:53:58 | ERROR | phase_dmpnn_rdkit |                  ^^^^^^^^^^
2026-04-03 22:53:58 | ERROR | phase_dmpnn_rdkit |         File "/home2/vishakha.agrawal/antibiotic-selectivity/venv/lib/python3.12/site-packages/lightning/fabric/plugins/environments/slurm.py", line 54, in __init__
2026-04-03 22:53:58 | ERROR | phase_dmpnn_rdkit |           self._validate_srun_variables()
2026-04-03 22:53:58 | ERROR | phase_dmpnn_rdkit |         File "/home2/vishakha.agrawal/antibiotic-selectivity/venv/lib/python3.12/site-packages/lightning/fabric/plugins/environments/slurm.py", line 221, in _validate_srun_variables
2026-04-03 22:53:58 | ERROR | phase_dmpnn_rdkit |           raise RuntimeError(
2026-04-03 22:53:58 | ERROR | phase_dmpnn_rdkit |       RuntimeError: You set `--ntasks=30` in your SLURM bash script, but this variable is not supported. HINT: Use `--ntasks-per-node=30` instead.
2026-04-03 22:53:58 | INFO  | phase_dmpnn_rdkit |     Launched gut_t5_fold2 on GPU 1 (PID 920137)
2026-04-03 22:53:58 | INFO  | phase_dmpnn_rdkit |     CMD: /home2/vishakha.agrawal/antibiotic-selectivity/venv/bin/chemprop train --data-path /scratch/vishakha.agrawal/antibiotic-selectivity-v2/outputs/runs/run_20260315_034033/models/dmpnn_rdkit/gut_t5/fold_2/combined.csv --save-dir /scratch/vishakha.agrawal/antibiotic-selectivity-v2/outputs/runs/run_20260315_034033/models/dmpnn_rdkit/gut_t5/fold_2...
2026-04-03 22:53:58 | INFO  | phase_dmpnn_rdkit |     Log: /scratch/vishakha.agrawal/antibiotic-selectivity-v2/outputs/runs/run_20260315_034033/models/dmpnn_rdkit/train_gut_t5_fold2.log
2026-04-03 22:54:38 | ERROR | phase_dmpnn_rdkit |     gut_t5_fold1 FAILED (exit code 1)
2026-04-03 22:54:38 | ERROR | phase_dmpnn_rdkit |     Last lines of /scratch/vishakha.agrawal/antibiotic-selectivity-v2/outputs/runs/run_20260315_034033/models/dmpnn_rdkit/train_gut_t5_fold1.log:
2026-04-03 22:54:38 | ERROR | phase_dmpnn_rdkit |           self.cluster_environment: ClusterEnvironment = self._choose_and_init_cluster_environment()
2026-04-03 22:54:38 | ERROR | phase_dmpnn_rdkit |                                                          ^^^^^^^^^^^^^^^^^^^^^^^^^^^^^^^^^^^^^^^^^^^
2026-04-03 22:54:38 | ERROR | phase_dmpnn_rdkit |         File "/home2/vishakha.agrawal/antibiotic-selectivity/venv/lib/python3.12/site-packages/lightning/pytorch/trainer/connectors/accelerator_connector.py", line 409, in _choose_and_init_cluster_environment
2026-04-03 22:54:38 | ERROR | phase_dmpnn_rdkit |           return env_type()
2026-04-03 22:54:38 | ERROR | phase_dmpnn_rdkit |                  ^^^^^^^^^^
2026-04-03 22:54:38 | ERROR | phase_dmpnn_rdkit |         File "/home2/vishakha.agrawal/antibiotic-selectivity/venv/lib/python3.12/site-packages/lightning/fabric/plugins/environments/slurm.py", line 54, in __init__
2026-04-03 22:54:38 | ERROR | phase_dmpnn_rdkit |           self._validate_srun_variables()
2026-04-03 22:54:38 | ERROR | phase_dmpnn_rdkit |         File "/home2/vishakha.agrawal/antibiotic-selectivity/venv/lib/python3.12/site-packages/lightning/fabric/plugins/environments/slurm.py", line 221, in _validate_srun_variables
2026-04-03 22:54:38 | ERROR | phase_dmpnn_rdkit |           raise RuntimeError(
2026-04-03 22:54:38 | ERROR | phase_dmpnn_rdkit |       RuntimeError: You set `--ntasks=30` in your SLURM bash script, but this variable is not supported. HINT: Use `--ntasks-per-node=30` instead.
2026-04-03 22:54:38 | INFO  | phase_dmpnn_rdkit |     Launched gut_t5_fold3 on GPU 0 (PID 920182)
2026-04-03 22:54:38 | INFO  | phase_dmpnn_rdkit |     CMD: /home2/vishakha.agrawal/antibiotic-selectivity/venv/bin/chemprop train --data-path /scratch/vishakha.agrawal/antibiotic-selectivity-v2/outputs/runs/run_20260315_034033/models/dmpnn_rdkit/gut_t5/fold_3/combined.csv --save-dir /scratch/vishakha.agrawal/antibiotic-selectivity-v2/outputs/runs/run_20260315_034033/models/dmpnn_rdkit/gut_t5/fold_3...
2026-04-03 22:54:38 | INFO  | phase_dmpnn_rdkit |     Log: /scratch/vishakha.agrawal/antibiotic-selectivity-v2/outputs/runs/run_20260315_034033/models/dmpnn_rdkit/train_gut_t5_fold3.log
2026-04-03 22:54:58 | ERROR | phase_dmpnn_rdkit |     gut_t5_fold2 FAILED (exit code 1)
2026-04-03 22:54:58 | ERROR | phase_dmpnn_rdkit |     Last lines of /scratch/vishakha.agrawal/antibiotic-selectivity-v2/outputs/runs/run_20260315_034033/models/dmpnn_rdkit/train_gut_t5_fold2.log:
2026-04-03 22:54:58 | ERROR | phase_dmpnn_rdkit |           self.cluster_environment: ClusterEnvironment = self._choose_and_init_cluster_environment()
2026-04-03 22:54:58 | ERROR | phase_dmpnn_rdkit |                                                          ^^^^^^^^^^^^^^^^^^^^^^^^^^^^^^^^^^^^^^^^^^^
2026-04-03 22:54:58 | ERROR | phase_dmpnn_rdkit |         File "/home2/vishakha.agrawal/antibiotic-selectivity/venv/lib/python3.12/site-packages/lightning/pytorch/trainer/connectors/accelerator_connector.py", line 409, in _choose_and_init_cluster_environment
2026-04-03 22:54:58 | ERROR | phase_dmpnn_rdkit |           return env_type()
2026-04-03 22:54:58 | ERROR | phase_dmpnn_rdkit |                  ^^^^^^^^^^
2026-04-03 22:54:58 | ERROR | phase_dmpnn_rdkit |         File "/home2/vishakha.agrawal/antibiotic-selectivity/venv/lib/python3.12/site-packages/lightning/fabric/plugins/environments/slurm.py", line 54, in __init__
2026-04-03 22:54:58 | ERROR | phase_dmpnn_rdkit |           self._validate_srun_variables()
2026-04-03 22:54:58 | ERROR | phase_dmpnn_rdkit |         File "/home2/vishakha.agrawal/antibiotic-selectivity/venv/lib/python3.12/site-packages/lightning/fabric/plugins/environments/slurm.py", line 221, in _validate_srun_variables
2026-04-03 22:54:58 | ERROR | phase_dmpnn_rdkit |           raise RuntimeError(
2026-04-03 22:54:58 | ERROR | phase_dmpnn_rdkit |       RuntimeError: You set `--ntasks=30` in your SLURM bash script, but this variable is not supported. HINT: Use `--ntasks-per-node=30` instead.
2026-04-03 22:54:58 | INFO  | phase_dmpnn_rdkit |     Launched gut_t5_fold4 on GPU 1 (PID 920217)
2026-04-03 22:54:58 | INFO  | phase_dmpnn_rdkit |     CMD: /home2/vishakha.agrawal/antibiotic-selectivity/venv/bin/chemprop train --data-path /scratch/vishakha.agrawal/antibiotic-selectivity-v2/outputs/runs/run_20260315_034033/models/dmpnn_rdkit/gut_t5/fold_4/combined.csv --save-dir /scratch/vishakha.agrawal/antibiotic-selectivity-v2/outputs/runs/run_20260315_034033/models/dmpnn_rdkit/gut_t5/fold_4...
2026-04-03 22:54:58 | INFO  | phase_dmpnn_rdkit |     Log: /scratch/vishakha.agrawal/antibiotic-selectivity-v2/outputs/runs/run_20260315_034033/models/dmpnn_rdkit/train_gut_t5_fold4.log
2026-04-03 22:55:38 | ERROR | phase_dmpnn_rdkit |     gut_t5_fold3 FAILED (exit code 1)
2026-04-03 22:55:38 | ERROR | phase_dmpnn_rdkit |     Last lines of /scratch/vishakha.agrawal/antibiotic-selectivity-v2/outputs/runs/run_20260315_034033/models/dmpnn_rdkit/train_gut_t5_fold3.log:
2026-04-03 22:55:38 | ERROR | phase_dmpnn_rdkit |           self.cluster_environment: ClusterEnvironment = self._choose_and_init_cluster_environment()
2026-04-03 22:55:38 | ERROR | phase_dmpnn_rdkit |                                                          ^^^^^^^^^^^^^^^^^^^^^^^^^^^^^^^^^^^^^^^^^^^
2026-04-03 22:55:38 | ERROR | phase_dmpnn_rdkit |         File "/home2/vishakha.agrawal/antibiotic-selectivity/venv/lib/python3.12/site-packages/lightning/pytorch/trainer/connectors/accelerator_connector.py", line 409, in _choose_and_init_cluster_environment
2026-04-03 22:55:38 | ERROR | phase_dmpnn_rdkit |           return env_type()
2026-04-03 22:55:38 | ERROR | phase_dmpnn_rdkit |                  ^^^^^^^^^^
2026-04-03 22:55:38 | ERROR | phase_dmpnn_rdkit |         File "/home2/vishakha.agrawal/antibiotic-selectivity/venv/lib/python3.12/site-packages/lightning/fabric/plugins/environments/slurm.py", line 54, in __init__
2026-04-03 22:55:38 | ERROR | phase_dmpnn_rdkit |           self._validate_srun_variables()
2026-04-03 22:55:38 | ERROR | phase_dmpnn_rdkit |         File "/home2/vishakha.agrawal/antibiotic-selectivity/venv/lib/python3.12/site-packages/lightning/fabric/plugins/environments/slurm.py", line 221, in _validate_srun_variables
2026-04-03 22:55:38 | ERROR | phase_dmpnn_rdkit |           raise RuntimeError(
2026-04-03 22:55:38 | ERROR | phase_dmpnn_rdkit |       RuntimeError: You set `--ntasks=30` in your SLURM bash script, but this variable is not supported. HINT: Use `--ntasks-per-node=30` instead.
2026-04-03 22:55:38 | INFO  | phase_dmpnn_rdkit |     Launched gut_t10_fold0 on GPU 0 (PID 920244)
2026-04-03 22:55:38 | INFO  | phase_dmpnn_rdkit |     CMD: /home2/vishakha.agrawal/antibiotic-selectivity/venv/bin/chemprop train --data-path /scratch/vishakha.agrawal/antibiotic-selectivity-v2/outputs/runs/run_20260315_034033/models/dmpnn_rdkit/gut_t10/fold_0/combined.csv --save-dir /scratch/vishakha.agrawal/antibiotic-selectivity-v2/outputs/runs/run_20260315_034033/models/dmpnn_rdkit/gut_t10/fold_0...
2026-04-03 22:55:38 | INFO  | phase_dmpnn_rdkit |     Log: /scratch/vishakha.agrawal/antibiotic-selectivity-v2/outputs/runs/run_20260315_034033/models/dmpnn_rdkit/train_gut_t10_fold0.log
2026-04-03 22:55:58 | ERROR | phase_dmpnn_rdkit |     gut_t5_fold4 FAILED (exit code 1)
2026-04-03 22:55:58 | ERROR | phase_dmpnn_rdkit |     Last lines of /scratch/vishakha.agrawal/antibiotic-selectivity-v2/outputs/runs/run_20260315_034033/models/dmpnn_rdkit/train_gut_t5_fold4.log:
2026-04-03 22:55:58 | ERROR | phase_dmpnn_rdkit |           self.cluster_environment: ClusterEnvironment = self._choose_and_init_cluster_environment()
2026-04-03 22:55:58 | ERROR | phase_dmpnn_rdkit |                                                          ^^^^^^^^^^^^^^^^^^^^^^^^^^^^^^^^^^^^^^^^^^^
2026-04-03 22:55:58 | ERROR | phase_dmpnn_rdkit |         File "/home2/vishakha.agrawal/antibiotic-selectivity/venv/lib/python3.12/site-packages/lightning/pytorch/trainer/connectors/accelerator_connector.py", line 409, in _choose_and_init_cluster_environment
2026-04-03 22:55:58 | ERROR | phase_dmpnn_rdkit |           return env_type()
2026-04-03 22:55:58 | ERROR | phase_dmpnn_rdkit |                  ^^^^^^^^^^
2026-04-03 22:55:58 | ERROR | phase_dmpnn_rdkit |         File "/home2/vishakha.agrawal/antibiotic-selectivity/venv/lib/python3.12/site-packages/lightning/fabric/plugins/environments/slurm.py", line 54, in __init__
2026-04-03 22:55:58 | ERROR | phase_dmpnn_rdkit |           self._validate_srun_variables()
2026-04-03 22:55:58 | ERROR | phase_dmpnn_rdkit |         File "/home2/vishakha.agrawal/antibiotic-selectivity/venv/lib/python3.12/site-packages/lightning/fabric/plugins/environments/slurm.py", line 221, in _validate_srun_variables
2026-04-03 22:55:58 | ERROR | phase_dmpnn_rdkit |           raise RuntimeError(
2026-04-03 22:55:58 | ERROR | phase_dmpnn_rdkit |       RuntimeError: You set `--ntasks=30` in your SLURM bash script, but this variable is not supported. HINT: Use `--ntasks-per-node=30` instead.
2026-04-03 22:55:58 | INFO  | phase_dmpnn_rdkit |     Launched gut_t10_fold1 on GPU 1 (PID 920269)
2026-04-03 22:55:58 | INFO  | phase_dmpnn_rdkit |     CMD: /home2/vishakha.agrawal/antibiotic-selectivity/venv/bin/chemprop train --data-path /scratch/vishakha.agrawal/antibiotic-selectivity-v2/outputs/runs/run_20260315_034033/models/dmpnn_rdkit/gut_t10/fold_1/combined.csv --save-dir /scratch/vishakha.agrawal/antibiotic-selectivity-v2/outputs/runs/run_20260315_034033/models/dmpnn_rdkit/gut_t10/fold_1...
2026-04-03 22:55:58 | INFO  | phase_dmpnn_rdkit |     Log: /scratch/vishakha.agrawal/antibiotic-selectivity-v2/outputs/runs/run_20260315_034033/models/dmpnn_rdkit/train_gut_t10_fold1.log
2026-04-03 22:56:38 | ERROR | phase_dmpnn_rdkit |     gut_t10_fold0 FAILED (exit code 1)
2026-04-03 22:56:38 | ERROR | phase_dmpnn_rdkit |     Last lines of /scratch/vishakha.agrawal/antibiotic-selectivity-v2/outputs/runs/run_20260315_034033/models/dmpnn_rdkit/train_gut_t10_fold0.log:
2026-04-03 22:56:38 | ERROR | phase_dmpnn_rdkit |           self.cluster_environment: ClusterEnvironment = self._choose_and_init_cluster_environment()
2026-04-03 22:56:38 | ERROR | phase_dmpnn_rdkit |                                                          ^^^^^^^^^^^^^^^^^^^^^^^^^^^^^^^^^^^^^^^^^^^
2026-04-03 22:56:38 | ERROR | phase_dmpnn_rdkit |         File "/home2/vishakha.agrawal/antibiotic-selectivity/venv/lib/python3.12/site-packages/lightning/pytorch/trainer/connectors/accelerator_connector.py", line 409, in _choose_and_init_cluster_environment
2026-04-03 22:56:38 | ERROR | phase_dmpnn_rdkit |           return env_type()
2026-04-03 22:56:38 | ERROR | phase_dmpnn_rdkit |                  ^^^^^^^^^^
2026-04-03 22:56:38 | ERROR | phase_dmpnn_rdkit |         File "/home2/vishakha.agrawal/antibiotic-selectivity/venv/lib/python3.12/site-packages/lightning/fabric/plugins/environments/slurm.py", line 54, in __init__
2026-04-03 22:56:38 | ERROR | phase_dmpnn_rdkit |           self._validate_srun_variables()
2026-04-03 22:56:38 | ERROR | phase_dmpnn_rdkit |         File "/home2/vishakha.agrawal/antibiotic-selectivity/venv/lib/python3.12/site-packages/lightning/fabric/plugins/environments/slurm.py", line 221, in _validate_srun_variables
2026-04-03 22:56:38 | ERROR | phase_dmpnn_rdkit |           raise RuntimeError(
2026-04-03 22:56:38 | ERROR | phase_dmpnn_rdkit |       RuntimeError: You set `--ntasks=30` in your SLURM bash script, but this variable is not supported. HINT: Use `--ntasks-per-node=30` instead.
2026-04-03 22:56:38 | INFO  | phase_dmpnn_rdkit |     Launched gut_t10_fold2 on GPU 0 (PID 920295)
2026-04-03 22:56:38 | INFO  | phase_dmpnn_rdkit |     CMD: /home2/vishakha.agrawal/antibiotic-selectivity/venv/bin/chemprop train --data-path /scratch/vishakha.agrawal/antibiotic-selectivity-v2/outputs/runs/run_20260315_034033/models/dmpnn_rdkit/gut_t10/fold_2/combined.csv --save-dir /scratch/vishakha.agrawal/antibiotic-selectivity-v2/outputs/runs/run_20260315_034033/models/dmpnn_rdkit/gut_t10/fold_2...
2026-04-03 22:56:38 | INFO  | phase_dmpnn_rdkit |     Log: /scratch/vishakha.agrawal/antibiotic-selectivity-v2/outputs/runs/run_20260315_034033/models/dmpnn_rdkit/train_gut_t10_fold2.log
2026-04-03 22:56:58 | ERROR | phase_dmpnn_rdkit |     gut_t10_fold1 FAILED (exit code 1)
2026-04-03 22:56:58 | ERROR | phase_dmpnn_rdkit |     Last lines of /scratch/vishakha.agrawal/antibiotic-selectivity-v2/outputs/runs/run_20260315_034033/models/dmpnn_rdkit/train_gut_t10_fold1.log:
2026-04-03 22:56:58 | ERROR | phase_dmpnn_rdkit |           self.cluster_environment: ClusterEnvironment = self._choose_and_init_cluster_environment()
2026-04-03 22:56:58 | ERROR | phase_dmpnn_rdkit |                                                          ^^^^^^^^^^^^^^^^^^^^^^^^^^^^^^^^^^^^^^^^^^^
2026-04-03 22:56:58 | ERROR | phase_dmpnn_rdkit |         File "/home2/vishakha.agrawal/antibiotic-selectivity/venv/lib/python3.12/site-packages/lightning/pytorch/trainer/connectors/accelerator_connector.py", line 409, in _choose_and_init_cluster_environment
2026-04-03 22:56:58 | ERROR | phase_dmpnn_rdkit |           return env_type()
2026-04-03 22:56:58 | ERROR | phase_dmpnn_rdkit |                  ^^^^^^^^^^
2026-04-03 22:56:58 | ERROR | phase_dmpnn_rdkit |         File "/home2/vishakha.agrawal/antibiotic-selectivity/venv/lib/python3.12/site-packages/lightning/fabric/plugins/environments/slurm.py", line 54, in __init__
2026-04-03 22:56:58 | ERROR | phase_dmpnn_rdkit |           self._validate_srun_variables()
2026-04-03 22:56:58 | ERROR | phase_dmpnn_rdkit |         File "/home2/vishakha.agrawal/antibiotic-selectivity/venv/lib/python3.12/site-packages/lightning/fabric/plugins/environments/slurm.py", line 221, in _validate_srun_variables
2026-04-03 22:56:58 | ERROR | phase_dmpnn_rdkit |           raise RuntimeError(
2026-04-03 22:56:58 | ERROR | phase_dmpnn_rdkit |       RuntimeError: You set `--ntasks=30` in your SLURM bash script, but this variable is not supported. HINT: Use `--ntasks-per-node=30` instead.
2026-04-03 22:56:58 | INFO  | phase_dmpnn_rdkit |     Launched gut_t10_fold3 on GPU 1 (PID 920321)
2026-04-03 22:56:58 | INFO  | phase_dmpnn_rdkit |     CMD: /home2/vishakha.agrawal/antibiotic-selectivity/venv/bin/chemprop train --data-path /scratch/vishakha.agrawal/antibiotic-selectivity-v2/outputs/runs/run_20260315_034033/models/dmpnn_rdkit/gut_t10/fold_3/combined.csv --save-dir /scratch/vishakha.agrawal/antibiotic-selectivity-v2/outputs/runs/run_20260315_034033/models/dmpnn_rdkit/gut_t10/fold_3...
2026-04-03 22:56:58 | INFO  | phase_dmpnn_rdkit |     Log: /scratch/vishakha.agrawal/antibiotic-selectivity-v2/outputs/runs/run_20260315_034033/models/dmpnn_rdkit/train_gut_t10_fold3.log
2026-04-03 22:57:43 | ERROR | phase_dmpnn_rdkit |     gut_t10_fold2 FAILED (exit code 1)
2026-04-03 22:57:43 | ERROR | phase_dmpnn_rdkit |     Last lines of /scratch/vishakha.agrawal/antibiotic-selectivity-v2/outputs/runs/run_20260315_034033/models/dmpnn_rdkit/train_gut_t10_fold2.log:
2026-04-03 22:57:43 | ERROR | phase_dmpnn_rdkit |           self.cluster_environment: ClusterEnvironment = self._choose_and_init_cluster_environment()
2026-04-03 22:57:43 | ERROR | phase_dmpnn_rdkit |                                                          ^^^^^^^^^^^^^^^^^^^^^^^^^^^^^^^^^^^^^^^^^^^
2026-04-03 22:57:43 | ERROR | phase_dmpnn_rdkit |         File "/home2/vishakha.agrawal/antibiotic-selectivity/venv/lib/python3.12/site-packages/lightning/pytorch/trainer/connectors/accelerator_connector.py", line 409, in _choose_and_init_cluster_environment
2026-04-03 22:57:43 | ERROR | phase_dmpnn_rdkit |           return env_type()
2026-04-03 22:57:43 | ERROR | phase_dmpnn_rdkit |                  ^^^^^^^^^^
2026-04-03 22:57:43 | ERROR | phase_dmpnn_rdkit |         File "/home2/vishakha.agrawal/antibiotic-selectivity/venv/lib/python3.12/site-packages/lightning/fabric/plugins/environments/slurm.py", line 54, in __init__
2026-04-03 22:57:43 | ERROR | phase_dmpnn_rdkit |           self._validate_srun_variables()
2026-04-03 22:57:43 | ERROR | phase_dmpnn_rdkit |         File "/home2/vishakha.agrawal/antibiotic-selectivity/venv/lib/python3.12/site-packages/lightning/fabric/plugins/environments/slurm.py", line 221, in _validate_srun_variables
2026-04-03 22:57:43 | ERROR | phase_dmpnn_rdkit |           raise RuntimeError(
2026-04-03 22:57:43 | ERROR | phase_dmpnn_rdkit |       RuntimeError: You set `--ntasks=30` in your SLURM bash script, but this variable is not supported. HINT: Use `--ntasks-per-node=30` instead.
2026-04-03 22:57:43 | INFO  | phase_dmpnn_rdkit |     Launched gut_t10_fold4 on GPU 0 (PID 920346)
2026-04-03 22:57:43 | INFO  | phase_dmpnn_rdkit |     CMD: /home2/vishakha.agrawal/antibiotic-selectivity/venv/bin/chemprop train --data-path /scratch/vishakha.agrawal/antibiotic-selectivity-v2/outputs/runs/run_20260315_034033/models/dmpnn_rdkit/gut_t10/fold_4/combined.csv --save-dir /scratch/vishakha.agrawal/antibiotic-selectivity-v2/outputs/runs/run_20260315_034033/models/dmpnn_rdkit/gut_t10/fold_4...
2026-04-03 22:57:43 | INFO  | phase_dmpnn_rdkit |     Log: /scratch/vishakha.agrawal/antibiotic-selectivity-v2/outputs/runs/run_20260315_034033/models/dmpnn_rdkit/train_gut_t10_fold4.log
2026-04-03 22:57:58 | ERROR | phase_dmpnn_rdkit |     gut_t10_fold3 FAILED (exit code 1)
2026-04-03 22:57:58 | ERROR | phase_dmpnn_rdkit |     Last lines of /scratch/vishakha.agrawal/antibiotic-selectivity-v2/outputs/runs/run_20260315_034033/models/dmpnn_rdkit/train_gut_t10_fold3.log:
2026-04-03 22:57:58 | ERROR | phase_dmpnn_rdkit |           self.cluster_environment: ClusterEnvironment = self._choose_and_init_cluster_environment()
2026-04-03 22:57:58 | ERROR | phase_dmpnn_rdkit |                                                          ^^^^^^^^^^^^^^^^^^^^^^^^^^^^^^^^^^^^^^^^^^^
2026-04-03 22:57:58 | ERROR | phase_dmpnn_rdkit |         File "/home2/vishakha.agrawal/antibiotic-selectivity/venv/lib/python3.12/site-packages/lightning/pytorch/trainer/connectors/accelerator_connector.py", line 409, in _choose_and_init_cluster_environment
2026-04-03 22:57:58 | ERROR | phase_dmpnn_rdkit |           return env_type()
2026-04-03 22:57:58 | ERROR | phase_dmpnn_rdkit |                  ^^^^^^^^^^
2026-04-03 22:57:58 | ERROR | phase_dmpnn_rdkit |         File "/home2/vishakha.agrawal/antibiotic-selectivity/venv/lib/python3.12/site-packages/lightning/fabric/plugins/environments/slurm.py", line 54, in __init__
2026-04-03 22:57:58 | ERROR | phase_dmpnn_rdkit |           self._validate_srun_variables()
2026-04-03 22:57:58 | ERROR | phase_dmpnn_rdkit |         File "/home2/vishakha.agrawal/antibiotic-selectivity/venv/lib/python3.12/site-packages/lightning/fabric/plugins/environments/slurm.py", line 221, in _validate_srun_variables
2026-04-03 22:57:58 | ERROR | phase_dmpnn_rdkit |           raise RuntimeError(
2026-04-03 22:57:58 | ERROR | phase_dmpnn_rdkit |       RuntimeError: You set `--ntasks=30` in your SLURM bash script, but this variable is not supported. HINT: Use `--ntasks-per-node=30` instead.
2026-04-03 22:57:58 | INFO  | phase_dmpnn_rdkit |     Launched gut_t20_fold0 on GPU 1 (PID 920372)
2026-04-03 22:57:58 | INFO  | phase_dmpnn_rdkit |     CMD: /home2/vishakha.agrawal/antibiotic-selectivity/venv/bin/chemprop train --data-path /scratch/vishakha.agrawal/antibiotic-selectivity-v2/outputs/runs/run_20260315_034033/models/dmpnn_rdkit/gut_t20/fold_0/combined.csv --save-dir /scratch/vishakha.agrawal/antibiotic-selectivity-v2/outputs/runs/run_20260315_034033/models/dmpnn_rdkit/gut_t20/fold_0...
2026-04-03 22:57:58 | INFO  | phase_dmpnn_rdkit |     Log: /scratch/vishakha.agrawal/antibiotic-selectivity-v2/outputs/runs/run_20260315_034033/models/dmpnn_rdkit/train_gut_t20_fold0.log
2026-04-03 22:58:43 | ERROR | phase_dmpnn_rdkit |     gut_t10_fold4 FAILED (exit code 1)
2026-04-03 22:58:43 | ERROR | phase_dmpnn_rdkit |     Last lines of /scratch/vishakha.agrawal/antibiotic-selectivity-v2/outputs/runs/run_20260315_034033/models/dmpnn_rdkit/train_gut_t10_fold4.log:
2026-04-03 22:58:43 | ERROR | phase_dmpnn_rdkit |           self.cluster_environment: ClusterEnvironment = self._choose_and_init_cluster_environment()
2026-04-03 22:58:43 | ERROR | phase_dmpnn_rdkit |                                                          ^^^^^^^^^^^^^^^^^^^^^^^^^^^^^^^^^^^^^^^^^^^
2026-04-03 22:58:43 | ERROR | phase_dmpnn_rdkit |         File "/home2/vishakha.agrawal/antibiotic-selectivity/venv/lib/python3.12/site-packages/lightning/pytorch/trainer/connectors/accelerator_connector.py", line 409, in _choose_and_init_cluster_environment
2026-04-03 22:58:43 | ERROR | phase_dmpnn_rdkit |           return env_type()
2026-04-03 22:58:43 | ERROR | phase_dmpnn_rdkit |                  ^^^^^^^^^^
2026-04-03 22:58:43 | ERROR | phase_dmpnn_rdkit |         File "/home2/vishakha.agrawal/antibiotic-selectivity/venv/lib/python3.12/site-packages/lightning/fabric/plugins/environments/slurm.py", line 54, in __init__
2026-04-03 22:58:43 | ERROR | phase_dmpnn_rdkit |           self._validate_srun_variables()
2026-04-03 22:58:43 | ERROR | phase_dmpnn_rdkit |         File "/home2/vishakha.agrawal/antibiotic-selectivity/venv/lib/python3.12/site-packages/lightning/fabric/plugins/environments/slurm.py", line 221, in _validate_srun_variables
2026-04-03 22:58:43 | ERROR | phase_dmpnn_rdkit |           raise RuntimeError(
2026-04-03 22:58:43 | ERROR | phase_dmpnn_rdkit |       RuntimeError: You set `--ntasks=30` in your SLURM bash script, but this variable is not supported. HINT: Use `--ntasks-per-node=30` instead.
2026-04-03 22:58:43 | INFO  | phase_dmpnn_rdkit |     Launched gut_t20_fold1 on GPU 0 (PID 920398)
2026-04-03 22:58:43 | INFO  | phase_dmpnn_rdkit |     CMD: /home2/vishakha.agrawal/antibiotic-selectivity/venv/bin/chemprop train --data-path /scratch/vishakha.agrawal/antibiotic-selectivity-v2/outputs/runs/run_20260315_034033/models/dmpnn_rdkit/gut_t20/fold_1/combined.csv --save-dir /scratch/vishakha.agrawal/antibiotic-selectivity-v2/outputs/runs/run_20260315_034033/models/dmpnn_rdkit/gut_t20/fold_1...
2026-04-03 22:58:43 | INFO  | phase_dmpnn_rdkit |     Log: /scratch/vishakha.agrawal/antibiotic-selectivity-v2/outputs/runs/run_20260315_034033/models/dmpnn_rdkit/train_gut_t20_fold1.log
2026-04-03 22:58:58 | ERROR | phase_dmpnn_rdkit |     gut_t20_fold0 FAILED (exit code 1)
2026-04-03 22:58:58 | ERROR | phase_dmpnn_rdkit |     Last lines of /scratch/vishakha.agrawal/antibiotic-selectivity-v2/outputs/runs/run_20260315_034033/models/dmpnn_rdkit/train_gut_t20_fold0.log:
2026-04-03 22:58:58 | ERROR | phase_dmpnn_rdkit |           self.cluster_environment: ClusterEnvironment = self._choose_and_init_cluster_environment()
2026-04-03 22:58:58 | ERROR | phase_dmpnn_rdkit |                                                          ^^^^^^^^^^^^^^^^^^^^^^^^^^^^^^^^^^^^^^^^^^^
2026-04-03 22:58:58 | ERROR | phase_dmpnn_rdkit |         File "/home2/vishakha.agrawal/antibiotic-selectivity/venv/lib/python3.12/site-packages/lightning/pytorch/trainer/connectors/accelerator_connector.py", line 409, in _choose_and_init_cluster_environment
2026-04-03 22:58:58 | ERROR | phase_dmpnn_rdkit |           return env_type()
2026-04-03 22:58:58 | ERROR | phase_dmpnn_rdkit |                  ^^^^^^^^^^
2026-04-03 22:58:58 | ERROR | phase_dmpnn_rdkit |         File "/home2/vishakha.agrawal/antibiotic-selectivity/venv/lib/python3.12/site-packages/lightning/fabric/plugins/environments/slurm.py", line 54, in __init__
2026-04-03 22:58:58 | ERROR | phase_dmpnn_rdkit |           self._validate_srun_variables()
2026-04-03 22:58:58 | ERROR | phase_dmpnn_rdkit |         File "/home2/vishakha.agrawal/antibiotic-selectivity/venv/lib/python3.12/site-packages/lightning/fabric/plugins/environments/slurm.py", line 221, in _validate_srun_variables
2026-04-03 22:58:58 | ERROR | phase_dmpnn_rdkit |           raise RuntimeError(
2026-04-03 22:58:58 | ERROR | phase_dmpnn_rdkit |       RuntimeError: You set `--ntasks=30` in your SLURM bash script, but this variable is not supported. HINT: Use `--ntasks-per-node=30` instead.
2026-04-03 22:58:58 | INFO  | phase_dmpnn_rdkit |     Launched gut_t20_fold2 on GPU 1 (PID 920423)
2026-04-03 22:58:58 | INFO  | phase_dmpnn_rdkit |     CMD: /home2/vishakha.agrawal/antibiotic-selectivity/venv/bin/chemprop train --data-path /scratch/vishakha.agrawal/antibiotic-selectivity-v2/outputs/runs/run_20260315_034033/models/dmpnn_rdkit/gut_t20/fold_2/combined.csv --save-dir /scratch/vishakha.agrawal/antibiotic-selectivity-v2/outputs/runs/run_20260315_034033/models/dmpnn_rdkit/gut_t20/fold_2...
2026-04-03 22:58:58 | INFO  | phase_dmpnn_rdkit |     Log: /scratch/vishakha.agrawal/antibiotic-selectivity-v2/outputs/runs/run_20260315_034033/models/dmpnn_rdkit/train_gut_t20_fold2.log
2026-04-03 22:59:43 | ERROR | phase_dmpnn_rdkit |     gut_t20_fold1 FAILED (exit code 1)
2026-04-03 22:59:43 | ERROR | phase_dmpnn_rdkit |     Last lines of /scratch/vishakha.agrawal/antibiotic-selectivity-v2/outputs/runs/run_20260315_034033/models/dmpnn_rdkit/train_gut_t20_fold1.log:
2026-04-03 22:59:43 | ERROR | phase_dmpnn_rdkit |           self.cluster_environment: ClusterEnvironment = self._choose_and_init_cluster_environment()
2026-04-03 22:59:43 | ERROR | phase_dmpnn_rdkit |                                                          ^^^^^^^^^^^^^^^^^^^^^^^^^^^^^^^^^^^^^^^^^^^
2026-04-03 22:59:43 | ERROR | phase_dmpnn_rdkit |         File "/home2/vishakha.agrawal/antibiotic-selectivity/venv/lib/python3.12/site-packages/lightning/pytorch/trainer/connectors/accelerator_connector.py", line 409, in _choose_and_init_cluster_environment
2026-04-03 22:59:43 | ERROR | phase_dmpnn_rdkit |           return env_type()
2026-04-03 22:59:43 | ERROR | phase_dmpnn_rdkit |                  ^^^^^^^^^^
2026-04-03 22:59:43 | ERROR | phase_dmpnn_rdkit |         File "/home2/vishakha.agrawal/antibiotic-selectivity/venv/lib/python3.12/site-packages/lightning/fabric/plugins/environments/slurm.py", line 54, in __init__
2026-04-03 22:59:43 | ERROR | phase_dmpnn_rdkit |           self._validate_srun_variables()
2026-04-03 22:59:43 | ERROR | phase_dmpnn_rdkit |         File "/home2/vishakha.agrawal/antibiotic-selectivity/venv/lib/python3.12/site-packages/lightning/fabric/plugins/environments/slurm.py", line 221, in _validate_srun_variables
2026-04-03 22:59:43 | ERROR | phase_dmpnn_rdkit |           raise RuntimeError(
2026-04-03 22:59:43 | ERROR | phase_dmpnn_rdkit |       RuntimeError: You set `--ntasks=30` in your SLURM bash script, but this variable is not supported. HINT: Use `--ntasks-per-node=30` instead.
2026-04-03 22:59:43 | INFO  | phase_dmpnn_rdkit |     Launched gut_t20_fold3 on GPU 0 (PID 920448)
2026-04-03 22:59:43 | INFO  | phase_dmpnn_rdkit |     CMD: /home2/vishakha.agrawal/antibiotic-selectivity/venv/bin/chemprop train --data-path /scratch/vishakha.agrawal/antibiotic-selectivity-v2/outputs/runs/run_20260315_034033/models/dmpnn_rdkit/gut_t20/fold_3/combined.csv --save-dir /scratch/vishakha.agrawal/antibiotic-selectivity-v2/outputs/runs/run_20260315_034033/models/dmpnn_rdkit/gut_t20/fold_3...
2026-04-03 22:59:43 | INFO  | phase_dmpnn_rdkit |     Log: /scratch/vishakha.agrawal/antibiotic-selectivity-v2/outputs/runs/run_20260315_034033/models/dmpnn_rdkit/train_gut_t20_fold3.log
2026-04-03 22:59:58 | ERROR | phase_dmpnn_rdkit |     gut_t20_fold2 FAILED (exit code 1)
2026-04-03 22:59:58 | ERROR | phase_dmpnn_rdkit |     Last lines of /scratch/vishakha.agrawal/antibiotic-selectivity-v2/outputs/runs/run_20260315_034033/models/dmpnn_rdkit/train_gut_t20_fold2.log:
2026-04-03 22:59:58 | ERROR | phase_dmpnn_rdkit |           self.cluster_environment: ClusterEnvironment = self._choose_and_init_cluster_environment()
2026-04-03 22:59:58 | ERROR | phase_dmpnn_rdkit |                                                          ^^^^^^^^^^^^^^^^^^^^^^^^^^^^^^^^^^^^^^^^^^^
2026-04-03 22:59:58 | ERROR | phase_dmpnn_rdkit |         File "/home2/vishakha.agrawal/antibiotic-selectivity/venv/lib/python3.12/site-packages/lightning/pytorch/trainer/connectors/accelerator_connector.py", line 409, in _choose_and_init_cluster_environment
2026-04-03 22:59:58 | ERROR | phase_dmpnn_rdkit |           return env_type()
2026-04-03 22:59:58 | ERROR | phase_dmpnn_rdkit |                  ^^^^^^^^^^
2026-04-03 22:59:58 | ERROR | phase_dmpnn_rdkit |         File "/home2/vishakha.agrawal/antibiotic-selectivity/venv/lib/python3.12/site-packages/lightning/fabric/plugins/environments/slurm.py", line 54, in __init__
2026-04-03 22:59:58 | ERROR | phase_dmpnn_rdkit |           self._validate_srun_variables()
2026-04-03 22:59:58 | ERROR | phase_dmpnn_rdkit |         File "/home2/vishakha.agrawal/antibiotic-selectivity/venv/lib/python3.12/site-packages/lightning/fabric/plugins/environments/slurm.py", line 221, in _validate_srun_variables
2026-04-03 22:59:58 | ERROR | phase_dmpnn_rdkit |           raise RuntimeError(
2026-04-03 22:59:58 | ERROR | phase_dmpnn_rdkit |       RuntimeError: You set `--ntasks=30` in your SLURM bash script, but this variable is not supported. HINT: Use `--ntasks-per-node=30` instead.
2026-04-03 22:59:58 | INFO  | phase_dmpnn_rdkit |     Launched gut_t20_fold4 on GPU 1 (PID 920473)
2026-04-03 22:59:58 | INFO  | phase_dmpnn_rdkit |     CMD: /home2/vishakha.agrawal/antibiotic-selectivity/venv/bin/chemprop train --data-path /scratch/vishakha.agrawal/antibiotic-selectivity-v2/outputs/runs/run_20260315_034033/models/dmpnn_rdkit/gut_t20/fold_4/combined.csv --save-dir /scratch/vishakha.agrawal/antibiotic-selectivity-v2/outputs/runs/run_20260315_034033/models/dmpnn_rdkit/gut_t20/fold_4...
2026-04-03 22:59:58 | INFO  | phase_dmpnn_rdkit |     Log: /scratch/vishakha.agrawal/antibiotic-selectivity-v2/outputs/runs/run_20260315_034033/models/dmpnn_rdkit/train_gut_t20_fold4.log
2026-04-03 23:00:43 | ERROR | phase_dmpnn_rdkit |     gut_t20_fold3 FAILED (exit code 1)
2026-04-03 23:00:43 | ERROR | phase_dmpnn_rdkit |     Last lines of /scratch/vishakha.agrawal/antibiotic-selectivity-v2/outputs/runs/run_20260315_034033/models/dmpnn_rdkit/train_gut_t20_fold3.log:
2026-04-03 23:00:43 | ERROR | phase_dmpnn_rdkit |           self.cluster_environment: ClusterEnvironment = self._choose_and_init_cluster_environment()
2026-04-03 23:00:43 | ERROR | phase_dmpnn_rdkit |                                                          ^^^^^^^^^^^^^^^^^^^^^^^^^^^^^^^^^^^^^^^^^^^
2026-04-03 23:00:43 | ERROR | phase_dmpnn_rdkit |         File "/home2/vishakha.agrawal/antibiotic-selectivity/venv/lib/python3.12/site-packages/lightning/pytorch/trainer/connectors/accelerator_connector.py", line 409, in _choose_and_init_cluster_environment
2026-04-03 23:00:43 | ERROR | phase_dmpnn_rdkit |           return env_type()
2026-04-03 23:00:43 | ERROR | phase_dmpnn_rdkit |                  ^^^^^^^^^^
2026-04-03 23:00:43 | ERROR | phase_dmpnn_rdkit |         File "/home2/vishakha.agrawal/antibiotic-selectivity/venv/lib/python3.12/site-packages/lightning/fabric/plugins/environments/slurm.py", line 54, in __init__
2026-04-03 23:00:43 | ERROR | phase_dmpnn_rdkit |           self._validate_srun_variables()
2026-04-03 23:00:43 | ERROR | phase_dmpnn_rdkit |         File "/home2/vishakha.agrawal/antibiotic-selectivity/venv/lib/python3.12/site-packages/lightning/fabric/plugins/environments/slurm.py", line 221, in _validate_srun_variables
2026-04-03 23:00:43 | ERROR | phase_dmpnn_rdkit |           raise RuntimeError(
2026-04-03 23:00:43 | ERROR | phase_dmpnn_rdkit |       RuntimeError: You set `--ntasks=30` in your SLURM bash script, but this variable is not supported. HINT: Use `--ntasks-per-node=30` instead.
2026-04-03 23:00:58 | ERROR | phase_dmpnn_rdkit |     gut_t20_fold4 FAILED (exit code 1)
2026-04-03 23:00:58 | ERROR | phase_dmpnn_rdkit |     Last lines of /scratch/vishakha.agrawal/antibiotic-selectivity-v2/outputs/runs/run_20260315_034033/models/dmpnn_rdkit/train_gut_t20_fold4.log:
2026-04-03 23:00:58 | ERROR | phase_dmpnn_rdkit |           self.cluster_environment: ClusterEnvironment = self._choose_and_init_cluster_environment()
2026-04-03 23:00:58 | ERROR | phase_dmpnn_rdkit |                                                          ^^^^^^^^^^^^^^^^^^^^^^^^^^^^^^^^^^^^^^^^^^^
2026-04-03 23:00:58 | ERROR | phase_dmpnn_rdkit |         File "/home2/vishakha.agrawal/antibiotic-selectivity/venv/lib/python3.12/site-packages/lightning/pytorch/trainer/connectors/accelerator_connector.py", line 409, in _choose_and_init_cluster_environment
2026-04-03 23:00:58 | ERROR | phase_dmpnn_rdkit |           return env_type()
2026-04-03 23:00:58 | ERROR | phase_dmpnn_rdkit |                  ^^^^^^^^^^
2026-04-03 23:00:58 | ERROR | phase_dmpnn_rdkit |         File "/home2/vishakha.agrawal/antibiotic-selectivity/venv/lib/python3.12/site-packages/lightning/fabric/plugins/environments/slurm.py", line 54, in __init__
2026-04-03 23:00:58 | ERROR | phase_dmpnn_rdkit |           self._validate_srun_variables()
2026-04-03 23:00:58 | ERROR | phase_dmpnn_rdkit |         File "/home2/vishakha.agrawal/antibiotic-selectivity/venv/lib/python3.12/site-packages/lightning/fabric/plugins/environments/slurm.py", line 221, in _validate_srun_variables
2026-04-03 23:00:58 | ERROR | phase_dmpnn_rdkit |           raise RuntimeError(
2026-04-03 23:00:58 | ERROR | phase_dmpnn_rdkit |       RuntimeError: You set `--ntasks=30` in your SLURM bash script, but this variable is not supported. HINT: Use `--ntasks-per-node=30` instead.
2026-04-03 23:02:18 | ERROR | phase_dmpnn_rdkit |     mtb_fold4 FAILED (exit code 1)
2026-04-03 23:02:18 | ERROR | phase_dmpnn_rdkit |     Last lines of /scratch/vishakha.agrawal/antibiotic-selectivity-v2/outputs/runs/run_20260315_034033/models/dmpnn_rdkit/train_mtb_fold4.log:
2026-04-03 23:02:18 | ERROR | phase_dmpnn_rdkit |           self.cluster_environment: ClusterEnvironment = self._choose_and_init_cluster_environment()
2026-04-03 23:02:18 | ERROR | phase_dmpnn_rdkit |                                                          ^^^^^^^^^^^^^^^^^^^^^^^^^^^^^^^^^^^^^^^^^^^
2026-04-03 23:02:18 | ERROR | phase_dmpnn_rdkit |         File "/home2/vishakha.agrawal/antibiotic-selectivity/venv/lib/python3.12/site-packages/lightning/pytorch/trainer/connectors/accelerator_connector.py", line 409, in _choose_and_init_cluster_environment
2026-04-03 23:02:18 | ERROR | phase_dmpnn_rdkit |           return env_type()
2026-04-03 23:02:18 | ERROR | phase_dmpnn_rdkit |                  ^^^^^^^^^^
2026-04-03 23:02:18 | ERROR | phase_dmpnn_rdkit |         File "/home2/vishakha.agrawal/antibiotic-selectivity/venv/lib/python3.12/site-packages/lightning/fabric/plugins/environments/slurm.py", line 54, in __init__
2026-04-03 23:02:18 | ERROR | phase_dmpnn_rdkit |           self._validate_srun_variables()
2026-04-03 23:02:18 | ERROR | phase_dmpnn_rdkit |         File "/home2/vishakha.agrawal/antibiotic-selectivity/venv/lib/python3.12/site-packages/lightning/fabric/plugins/environments/slurm.py", line 221, in _validate_srun_variables
2026-04-03 23:02:18 | ERROR | phase_dmpnn_rdkit |           raise RuntimeError(
2026-04-03 23:02:18 | ERROR | phase_dmpnn_rdkit |       RuntimeError: You set `--ntasks=30` in your SLURM bash script, but this variable is not supported. HINT: Use `--ntasks-per-node=30` instead.
2026-04-03 23:02:18 | ERROR | phase_dmpnn_rdkit |     MISSING MODEL: /scratch/vishakha.agrawal/antibiotic-selectivity-v2/outputs/runs/run_20260315_034033/models/dmpnn_rdkit/ecoli/fold_0/model_0/best.pt
2026-04-03 23:02:18 | ERROR | phase_dmpnn_rdkit |     MISSING MODEL: /scratch/vishakha.agrawal/antibiotic-selectivity-v2/outputs/runs/run_20260315_034033/models/dmpnn_rdkit/ecoli/fold_1/model_0/best.pt
2026-04-03 23:02:18 | ERROR | phase_dmpnn_rdkit |     MISSING MODEL: /scratch/vishakha.agrawal/antibiotic-selectivity-v2/outputs/runs/run_20260315_034033/models/dmpnn_rdkit/ecoli/fold_2/model_0/best.pt
2026-04-03 23:02:18 | ERROR | phase_dmpnn_rdkit |     MISSING MODEL: /scratch/vishakha.agrawal/antibiotic-selectivity-v2/outputs/runs/run_20260315_034033/models/dmpnn_rdkit/ecoli/fold_3/model_0/best.pt
2026-04-03 23:02:18 | ERROR | phase_dmpnn_rdkit |     MISSING MODEL: /scratch/vishakha.agrawal/antibiotic-selectivity-v2/outputs/runs/run_20260315_034033/models/dmpnn_rdkit/ecoli/fold_4/model_0/best.pt
2026-04-03 23:02:18 | ERROR | phase_dmpnn_rdkit |     MISSING MODEL: /scratch/vishakha.agrawal/antibiotic-selectivity-v2/outputs/runs/run_20260315_034033/models/dmpnn_rdkit/saureus/fold_0/model_0/best.pt
2026-04-03 23:02:18 | ERROR | phase_dmpnn_rdkit |     MISSING MODEL: /scratch/vishakha.agrawal/antibiotic-selectivity-v2/outputs/runs/run_20260315_034033/models/dmpnn_rdkit/saureus/fold_1/model_0/best.pt
2026-04-03 23:02:18 | ERROR | phase_dmpnn_rdkit |     MISSING MODEL: /scratch/vishakha.agrawal/antibiotic-selectivity-v2/outputs/runs/run_20260315_034033/models/dmpnn_rdkit/saureus/fold_2/model_0/best.pt
2026-04-03 23:02:18 | ERROR | phase_dmpnn_rdkit |     MISSING MODEL: /scratch/vishakha.agrawal/antibiotic-selectivity-v2/outputs/runs/run_20260315_034033/models/dmpnn_rdkit/saureus/fold_3/model_0/best.pt
2026-04-03 23:02:18 | ERROR | phase_dmpnn_rdkit |     MISSING MODEL: /scratch/vishakha.agrawal/antibiotic-selectivity-v2/outputs/runs/run_20260315_034033/models/dmpnn_rdkit/saureus/fold_4/model_0/best.pt
2026-04-03 23:02:18 | ERROR | phase_dmpnn_rdkit |     MISSING MODEL: /scratch/vishakha.agrawal/antibiotic-selectivity-v2/outputs/runs/run_20260315_034033/models/dmpnn_rdkit/paeruginosa/fold_0/model_0/best.pt
2026-04-03 23:02:18 | ERROR | phase_dmpnn_rdkit |     MISSING MODEL: /scratch/vishakha.agrawal/antibiotic-selectivity-v2/outputs/runs/run_20260315_034033/models/dmpnn_rdkit/paeruginosa/fold_1/model_0/best.pt
2026-04-03 23:02:18 | ERROR | phase_dmpnn_rdkit |     MISSING MODEL: /scratch/vishakha.agrawal/antibiotic-selectivity-v2/outputs/runs/run_20260315_034033/models/dmpnn_rdkit/paeruginosa/fold_2/model_0/best.pt
2026-04-03 23:02:18 | ERROR | phase_dmpnn_rdkit |     MISSING MODEL: /scratch/vishakha.agrawal/antibiotic-selectivity-v2/outputs/runs/run_20260315_034033/models/dmpnn_rdkit/paeruginosa/fold_3/model_0/best.pt
2026-04-03 23:02:18 | ERROR | phase_dmpnn_rdkit |     MISSING MODEL: /scratch/vishakha.agrawal/antibiotic-selectivity-v2/outputs/runs/run_20260315_034033/models/dmpnn_rdkit/paeruginosa/fold_4/model_0/best.pt
2026-04-03 23:02:18 | ERROR | phase_dmpnn_rdkit |     MISSING MODEL: /scratch/vishakha.agrawal/antibiotic-selectivity-v2/outputs/runs/run_20260315_034033/models/dmpnn_rdkit/mtb/fold_0/model_0/best.pt
2026-04-03 23:02:18 | ERROR | phase_dmpnn_rdkit |     MISSING MODEL: /scratch/vishakha.agrawal/antibiotic-selectivity-v2/outputs/runs/run_20260315_034033/models/dmpnn_rdkit/mtb/fold_1/model_0/best.pt
2026-04-03 23:02:18 | ERROR | phase_dmpnn_rdkit |     MISSING MODEL: /scratch/vishakha.agrawal/antibiotic-selectivity-v2/outputs/runs/run_20260315_034033/models/dmpnn_rdkit/mtb/fold_2/model_0/best.pt
2026-04-03 23:02:18 | ERROR | phase_dmpnn_rdkit |     MISSING MODEL: /scratch/vishakha.agrawal/antibiotic-selectivity-v2/outputs/runs/run_20260315_034033/models/dmpnn_rdkit/mtb/fold_3/model_0/best.pt
2026-04-03 23:02:18 | ERROR | phase_dmpnn_rdkit |     MISSING MODEL: /scratch/vishakha.agrawal/antibiotic-selectivity-v2/outputs/runs/run_20260315_034033/models/dmpnn_rdkit/mtb/fold_4/model_0/best.pt
2026-04-03 23:02:18 | ERROR | phase_dmpnn_rdkit |     MISSING MODEL: /scratch/vishakha.agrawal/antibiotic-selectivity-v2/outputs/runs/run_20260315_034033/models/dmpnn_rdkit/gut_t5/fold_0/model_0/best.pt
2026-04-03 23:02:18 | ERROR | phase_dmpnn_rdkit |     MISSING MODEL: /scratch/vishakha.agrawal/antibiotic-selectivity-v2/outputs/runs/run_20260315_034033/models/dmpnn_rdkit/gut_t5/fold_1/model_0/best.pt
2026-04-03 23:02:18 | ERROR | phase_dmpnn_rdkit |     MISSING MODEL: /scratch/vishakha.agrawal/antibiotic-selectivity-v2/outputs/runs/run_20260315_034033/models/dmpnn_rdkit/gut_t5/fold_2/model_0/best.pt
2026-04-03 23:02:18 | ERROR | phase_dmpnn_rdkit |     MISSING MODEL: /scratch/vishakha.agrawal/antibiotic-selectivity-v2/outputs/runs/run_20260315_034033/models/dmpnn_rdkit/gut_t5/fold_3/model_0/best.pt
2026-04-03 23:02:18 | ERROR | phase_dmpnn_rdkit |     MISSING MODEL: /scratch/vishakha.agrawal/antibiotic-selectivity-v2/outputs/runs/run_20260315_034033/models/dmpnn_rdkit/gut_t5/fold_4/model_0/best.pt
2026-04-03 23:02:18 | ERROR | phase_dmpnn_rdkit |     MISSING MODEL: /scratch/vishakha.agrawal/antibiotic-selectivity-v2/outputs/runs/run_20260315_034033/models/dmpnn_rdkit/gut_t10/fold_0/model_0/best.pt
2026-04-03 23:02:18 | ERROR | phase_dmpnn_rdkit |     MISSING MODEL: /scratch/vishakha.agrawal/antibiotic-selectivity-v2/outputs/runs/run_20260315_034033/models/dmpnn_rdkit/gut_t10/fold_1/model_0/best.pt
2026-04-03 23:02:18 | ERROR | phase_dmpnn_rdkit |     MISSING MODEL: /scratch/vishakha.agrawal/antibiotic-selectivity-v2/outputs/runs/run_20260315_034033/models/dmpnn_rdkit/gut_t10/fold_2/model_0/best.pt
2026-04-03 23:02:18 | ERROR | phase_dmpnn_rdkit |     MISSING MODEL: /scratch/vishakha.agrawal/antibiotic-selectivity-v2/outputs/runs/run_20260315_034033/models/dmpnn_rdkit/gut_t10/fold_3/model_0/best.pt
2026-04-03 23:02:18 | ERROR | phase_dmpnn_rdkit |     MISSING MODEL: /scratch/vishakha.agrawal/antibiotic-selectivity-v2/outputs/runs/run_20260315_034033/models/dmpnn_rdkit/gut_t10/fold_4/model_0/best.pt
2026-04-03 23:02:18 | ERROR | phase_dmpnn_rdkit |     MISSING MODEL: /scratch/vishakha.agrawal/antibiotic-selectivity-v2/outputs/runs/run_20260315_034033/models/dmpnn_rdkit/gut_t20/fold_0/model_0/best.pt
2026-04-03 23:02:18 | ERROR | phase_dmpnn_rdkit |     MISSING MODEL: /scratch/vishakha.agrawal/antibiotic-selectivity-v2/outputs/runs/run_20260315_034033/models/dmpnn_rdkit/gut_t20/fold_1/model_0/best.pt
2026-04-03 23:02:18 | ERROR | phase_dmpnn_rdkit |     MISSING MODEL: /scratch/vishakha.agrawal/antibiotic-selectivity-v2/outputs/runs/run_20260315_034033/models/dmpnn_rdkit/gut_t20/fold_2/model_0/best.pt
2026-04-03 23:02:18 | ERROR | phase_dmpnn_rdkit |     MISSING MODEL: /scratch/vishakha.agrawal/antibiotic-selectivity-v2/outputs/runs/run_20260315_034033/models/dmpnn_rdkit/gut_t20/fold_3/model_0/best.pt
2026-04-03 23:02:18 | ERROR | phase_dmpnn_rdkit |     MISSING MODEL: /scratch/vishakha.agrawal/antibiotic-selectivity-v2/outputs/runs/run_20260315_034033/models/dmpnn_rdkit/gut_t20/fold_4/model_0/best.pt
2026-04-03 23:02:18 | INFO  | phase_dmpnn_rdkit | 
  Fold models: 0 exist, 35 missing (expected 35)
2026-04-03 23:02:18 | INFO  | phase_dmpnn_rdkit | 
  Phase 2: Training final models (7 total)...
2026-04-03 23:02:18 | INFO  | phase_dmpnn_rdkit |     Launched ecoli_final on GPU 0 (PID 920565)
2026-04-03 23:02:18 | INFO  | phase_dmpnn_rdkit |     CMD: /home2/vishakha.agrawal/antibiotic-selectivity/venv/bin/chemprop train --data-path /scratch/vishakha.agrawal/antibiotic-selectivity-v2/data/dmpnn_input/ecoli.csv --save-dir /scratch/vishakha.agrawal/antibiotic-selectivity-v2/outputs/runs/run_20260315_034033/models/dmpnn_rdkit/ecoli/final...
2026-04-03 23:02:18 | INFO  | phase_dmpnn_rdkit |     Log: /scratch/vishakha.agrawal/antibiotic-selectivity-v2/outputs/runs/run_20260315_034033/models/dmpnn_rdkit/train_ecoli_final.log
2026-04-03 23:02:18 | INFO  | phase_dmpnn_rdkit |     Launched saureus_final on GPU 1 (PID 920566)
2026-04-03 23:02:18 | INFO  | phase_dmpnn_rdkit |     CMD: /home2/vishakha.agrawal/antibiotic-selectivity/venv/bin/chemprop train --data-path /scratch/vishakha.agrawal/antibiotic-selectivity-v2/data/dmpnn_input/saureus.csv --save-dir /scratch/vishakha.agrawal/antibiotic-selectivity-v2/outputs/runs/run_20260315_034033/models/dmpnn_rdkit/saureus/final...
2026-04-03 23:02:18 | INFO  | phase_dmpnn_rdkit |     Log: /scratch/vishakha.agrawal/antibiotic-selectivity-v2/outputs/runs/run_20260315_034033/models/dmpnn_rdkit/train_saureus_final.log
2026-04-03 23:02:18 | INFO  | phase_dmpnn_rdkit |     Launched paeruginosa_final on GPU 2 (PID 920567)
2026-04-03 23:02:18 | INFO  | phase_dmpnn_rdkit |     CMD: /home2/vishakha.agrawal/antibiotic-selectivity/venv/bin/chemprop train --data-path /scratch/vishakha.agrawal/antibiotic-selectivity-v2/data/dmpnn_input/paeruginosa.csv --save-dir /scratch/vishakha.agrawal/antibiotic-selectivity-v2/outputs/runs/run_20260315_034033/models/dmpnn_rdkit/paeruginosa/final...
2026-04-03 23:02:18 | INFO  | phase_dmpnn_rdkit |     Log: /scratch/vishakha.agrawal/antibiotic-selectivity-v2/outputs/runs/run_20260315_034033/models/dmpnn_rdkit/train_paeruginosa_final.log
2026-04-03 23:16:43 | ERROR | phase_dmpnn_rdkit |     paeruginosa_final FAILED (exit code 1)
2026-04-03 23:16:43 | ERROR | phase_dmpnn_rdkit |     Last lines of /scratch/vishakha.agrawal/antibiotic-selectivity-v2/outputs/runs/run_20260315_034033/models/dmpnn_rdkit/train_paeruginosa_final.log:
2026-04-03 23:16:43 | ERROR | phase_dmpnn_rdkit |           self.cluster_environment: ClusterEnvironment = self._choose_and_init_cluster_environment()
2026-04-03 23:16:43 | ERROR | phase_dmpnn_rdkit |                                                          ^^^^^^^^^^^^^^^^^^^^^^^^^^^^^^^^^^^^^^^^^^^
2026-04-03 23:16:43 | ERROR | phase_dmpnn_rdkit |         File "/home2/vishakha.agrawal/antibiotic-selectivity/venv/lib/python3.12/site-packages/lightning/pytorch/trainer/connectors/accelerator_connector.py", line 409, in _choose_and_init_cluster_environment
2026-04-03 23:16:43 | ERROR | phase_dmpnn_rdkit |           return env_type()
2026-04-03 23:16:43 | ERROR | phase_dmpnn_rdkit |                  ^^^^^^^^^^
2026-04-03 23:16:43 | ERROR | phase_dmpnn_rdkit |         File "/home2/vishakha.agrawal/antibiotic-selectivity/venv/lib/python3.12/site-packages/lightning/fabric/plugins/environments/slurm.py", line 54, in __init__
2026-04-03 23:16:43 | ERROR | phase_dmpnn_rdkit |           self._validate_srun_variables()
2026-04-03 23:16:43 | ERROR | phase_dmpnn_rdkit |         File "/home2/vishakha.agrawal/antibiotic-selectivity/venv/lib/python3.12/site-packages/lightning/fabric/plugins/environments/slurm.py", line 221, in _validate_srun_variables
2026-04-03 23:16:43 | ERROR | phase_dmpnn_rdkit |           raise RuntimeError(
2026-04-03 23:16:43 | ERROR | phase_dmpnn_rdkit |       RuntimeError: You set `--ntasks=30` in your SLURM bash script, but this variable is not supported. HINT: Use `--ntasks-per-node=30` instead.
2026-04-03 23:16:43 | INFO  | phase_dmpnn_rdkit |     Launched mtb_final on GPU 2 (PID 920742)
2026-04-03 23:16:43 | INFO  | phase_dmpnn_rdkit |     CMD: /home2/vishakha.agrawal/antibiotic-selectivity/venv/bin/chemprop train --data-path /scratch/vishakha.agrawal/antibiotic-selectivity-v2/data/dmpnn_input/mtb.csv --save-dir /scratch/vishakha.agrawal/antibiotic-selectivity-v2/outputs/runs/run_20260315_034033/models/dmpnn_rdkit/mtb/final...
2026-04-03 23:16:43 | INFO  | phase_dmpnn_rdkit |     Log: /scratch/vishakha.agrawal/antibiotic-selectivity-v2/outputs/runs/run_20260315_034033/models/dmpnn_rdkit/train_mtb_final.log
2026-04-03 23:24:33 | ERROR | phase_dmpnn_rdkit |     ecoli_final FAILED (exit code 1)
2026-04-03 23:24:33 | ERROR | phase_dmpnn_rdkit |     Last lines of /scratch/vishakha.agrawal/antibiotic-selectivity-v2/outputs/runs/run_20260315_034033/models/dmpnn_rdkit/train_ecoli_final.log:
2026-04-03 23:24:33 | ERROR | phase_dmpnn_rdkit |           self.cluster_environment: ClusterEnvironment = self._choose_and_init_cluster_environment()
2026-04-03 23:24:33 | ERROR | phase_dmpnn_rdkit |                                                          ^^^^^^^^^^^^^^^^^^^^^^^^^^^^^^^^^^^^^^^^^^^
2026-04-03 23:24:33 | ERROR | phase_dmpnn_rdkit |         File "/home2/vishakha.agrawal/antibiotic-selectivity/venv/lib/python3.12/site-packages/lightning/pytorch/trainer/connectors/accelerator_connector.py", line 409, in _choose_and_init_cluster_environment
2026-04-03 23:24:33 | ERROR | phase_dmpnn_rdkit |           return env_type()
2026-04-03 23:24:33 | ERROR | phase_dmpnn_rdkit |                  ^^^^^^^^^^
2026-04-03 23:24:33 | ERROR | phase_dmpnn_rdkit |         File "/home2/vishakha.agrawal/antibiotic-selectivity/venv/lib/python3.12/site-packages/lightning/fabric/plugins/environments/slurm.py", line 54, in __init__
2026-04-03 23:24:33 | ERROR | phase_dmpnn_rdkit |           self._validate_srun_variables()
2026-04-03 23:24:33 | ERROR | phase_dmpnn_rdkit |         File "/home2/vishakha.agrawal/antibiotic-selectivity/venv/lib/python3.12/site-packages/lightning/fabric/plugins/environments/slurm.py", line 221, in _validate_srun_variables
2026-04-03 23:24:33 | ERROR | phase_dmpnn_rdkit |           raise RuntimeError(
2026-04-03 23:24:33 | ERROR | phase_dmpnn_rdkit |       RuntimeError: You set `--ntasks=30` in your SLURM bash script, but this variable is not supported. HINT: Use `--ntasks-per-node=30` instead.
2026-04-03 23:24:33 | INFO  | phase_dmpnn_rdkit |     Launched gut_t5_final on GPU 0 (PID 920833)
2026-04-03 23:24:33 | INFO  | phase_dmpnn_rdkit |     CMD: /home2/vishakha.agrawal/antibiotic-selectivity/venv/bin/chemprop train --data-path /scratch/vishakha.agrawal/antibiotic-selectivity-v2/data/dmpnn_input/gut_t5.csv --save-dir /scratch/vishakha.agrawal/antibiotic-selectivity-v2/outputs/runs/run_20260315_034033/models/dmpnn_rdkit/gut_t5/final...
2026-04-03 23:24:33 | INFO  | phase_dmpnn_rdkit |     Log: /scratch/vishakha.agrawal/antibiotic-selectivity-v2/outputs/runs/run_20260315_034033/models/dmpnn_rdkit/train_gut_t5_final.log
2026-04-03 23:25:33 | ERROR | phase_dmpnn_rdkit |     gut_t5_final FAILED (exit code 1)
2026-04-03 23:25:33 | ERROR | phase_dmpnn_rdkit |     Last lines of /scratch/vishakha.agrawal/antibiotic-selectivity-v2/outputs/runs/run_20260315_034033/models/dmpnn_rdkit/train_gut_t5_final.log:
2026-04-03 23:25:33 | ERROR | phase_dmpnn_rdkit |           self.cluster_environment: ClusterEnvironment = self._choose_and_init_cluster_environment()
2026-04-03 23:25:33 | ERROR | phase_dmpnn_rdkit |                                                          ^^^^^^^^^^^^^^^^^^^^^^^^^^^^^^^^^^^^^^^^^^^
2026-04-03 23:25:33 | ERROR | phase_dmpnn_rdkit |         File "/home2/vishakha.agrawal/antibiotic-selectivity/venv/lib/python3.12/site-packages/lightning/pytorch/trainer/connectors/accelerator_connector.py", line 409, in _choose_and_init_cluster_environment
2026-04-03 23:25:33 | ERROR | phase_dmpnn_rdkit |           return env_type()
2026-04-03 23:25:33 | ERROR | phase_dmpnn_rdkit |                  ^^^^^^^^^^
2026-04-03 23:25:33 | ERROR | phase_dmpnn_rdkit |         File "/home2/vishakha.agrawal/antibiotic-selectivity/venv/lib/python3.12/site-packages/lightning/fabric/plugins/environments/slurm.py", line 54, in __init__
2026-04-03 23:25:33 | ERROR | phase_dmpnn_rdkit |           self._validate_srun_variables()
2026-04-03 23:25:33 | ERROR | phase_dmpnn_rdkit |         File "/home2/vishakha.agrawal/antibiotic-selectivity/venv/lib/python3.12/site-packages/lightning/fabric/plugins/environments/slurm.py", line 221, in _validate_srun_variables
2026-04-03 23:25:33 | ERROR | phase_dmpnn_rdkit |           raise RuntimeError(
2026-04-03 23:25:33 | ERROR | phase_dmpnn_rdkit |       RuntimeError: You set `--ntasks=30` in your SLURM bash script, but this variable is not supported. HINT: Use `--ntasks-per-node=30` instead.
2026-04-03 23:25:33 | INFO  | phase_dmpnn_rdkit |     Launched gut_t10_final on GPU 0 (PID 920861)
2026-04-03 23:25:33 | INFO  | phase_dmpnn_rdkit |     CMD: /home2/vishakha.agrawal/antibiotic-selectivity/venv/bin/chemprop train --data-path /scratch/vishakha.agrawal/antibiotic-selectivity-v2/data/dmpnn_input/gut_t10.csv --save-dir /scratch/vishakha.agrawal/antibiotic-selectivity-v2/outputs/runs/run_20260315_034033/models/dmpnn_rdkit/gut_t10/final...
2026-04-03 23:25:33 | INFO  | phase_dmpnn_rdkit |     Log: /scratch/vishakha.agrawal/antibiotic-selectivity-v2/outputs/runs/run_20260315_034033/models/dmpnn_rdkit/train_gut_t10_final.log
2026-04-03 23:26:28 | ERROR | phase_dmpnn_rdkit |     gut_t10_final FAILED (exit code 1)
2026-04-03 23:26:28 | ERROR | phase_dmpnn_rdkit |     Last lines of /scratch/vishakha.agrawal/antibiotic-selectivity-v2/outputs/runs/run_20260315_034033/models/dmpnn_rdkit/train_gut_t10_final.log:
2026-04-03 23:26:28 | ERROR | phase_dmpnn_rdkit |           self.cluster_environment: ClusterEnvironment = self._choose_and_init_cluster_environment()
2026-04-03 23:26:28 | ERROR | phase_dmpnn_rdkit |                                                          ^^^^^^^^^^^^^^^^^^^^^^^^^^^^^^^^^^^^^^^^^^^
2026-04-03 23:26:28 | ERROR | phase_dmpnn_rdkit |         File "/home2/vishakha.agrawal/antibiotic-selectivity/venv/lib/python3.12/site-packages/lightning/pytorch/trainer/connectors/accelerator_connector.py", line 409, in _choose_and_init_cluster_environment
2026-04-03 23:26:28 | ERROR | phase_dmpnn_rdkit |           return env_type()
2026-04-03 23:26:28 | ERROR | phase_dmpnn_rdkit |                  ^^^^^^^^^^
2026-04-03 23:26:28 | ERROR | phase_dmpnn_rdkit |         File "/home2/vishakha.agrawal/antibiotic-selectivity/venv/lib/python3.12/site-packages/lightning/fabric/plugins/environments/slurm.py", line 54, in __init__
2026-04-03 23:26:28 | ERROR | phase_dmpnn_rdkit |           self._validate_srun_variables()
2026-04-03 23:26:28 | ERROR | phase_dmpnn_rdkit |         File "/home2/vishakha.agrawal/antibiotic-selectivity/venv/lib/python3.12/site-packages/lightning/fabric/plugins/environments/slurm.py", line 221, in _validate_srun_variables
2026-04-03 23:26:28 | ERROR | phase_dmpnn_rdkit |           raise RuntimeError(
2026-04-03 23:26:28 | ERROR | phase_dmpnn_rdkit |       RuntimeError: You set `--ntasks=30` in your SLURM bash script, but this variable is not supported. HINT: Use `--ntasks-per-node=30` instead.
2026-04-03 23:26:28 | INFO  | phase_dmpnn_rdkit |     Launched gut_t20_final on GPU 0 (PID 920886)
2026-04-03 23:26:28 | INFO  | phase_dmpnn_rdkit |     CMD: /home2/vishakha.agrawal/antibiotic-selectivity/venv/bin/chemprop train --data-path /scratch/vishakha.agrawal/antibiotic-selectivity-v2/data/dmpnn_input/gut_t20.csv --save-dir /scratch/vishakha.agrawal/antibiotic-selectivity-v2/outputs/runs/run_20260315_034033/models/dmpnn_rdkit/gut_t20/final...
2026-04-03 23:26:28 | INFO  | phase_dmpnn_rdkit |     Log: /scratch/vishakha.agrawal/antibiotic-selectivity-v2/outputs/runs/run_20260315_034033/models/dmpnn_rdkit/train_gut_t20_final.log
2026-04-03 23:27:23 | ERROR | phase_dmpnn_rdkit |     gut_t20_final FAILED (exit code 1)
2026-04-03 23:27:23 | ERROR | phase_dmpnn_rdkit |     Last lines of /scratch/vishakha.agrawal/antibiotic-selectivity-v2/outputs/runs/run_20260315_034033/models/dmpnn_rdkit/train_gut_t20_final.log:
2026-04-03 23:27:23 | ERROR | phase_dmpnn_rdkit |           self.cluster_environment: ClusterEnvironment = self._choose_and_init_cluster_environment()
2026-04-03 23:27:23 | ERROR | phase_dmpnn_rdkit |                                                          ^^^^^^^^^^^^^^^^^^^^^^^^^^^^^^^^^^^^^^^^^^^
2026-04-03 23:27:23 | ERROR | phase_dmpnn_rdkit |         File "/home2/vishakha.agrawal/antibiotic-selectivity/venv/lib/python3.12/site-packages/lightning/pytorch/trainer/connectors/accelerator_connector.py", line 409, in _choose_and_init_cluster_environment
2026-04-03 23:27:23 | ERROR | phase_dmpnn_rdkit |           return env_type()
2026-04-03 23:27:23 | ERROR | phase_dmpnn_rdkit |                  ^^^^^^^^^^
2026-04-03 23:27:23 | ERROR | phase_dmpnn_rdkit |         File "/home2/vishakha.agrawal/antibiotic-selectivity/venv/lib/python3.12/site-packages/lightning/fabric/plugins/environments/slurm.py", line 54, in __init__
2026-04-03 23:27:23 | ERROR | phase_dmpnn_rdkit |           self._validate_srun_variables()
2026-04-03 23:27:23 | ERROR | phase_dmpnn_rdkit |         File "/home2/vishakha.agrawal/antibiotic-selectivity/venv/lib/python3.12/site-packages/lightning/fabric/plugins/environments/slurm.py", line 221, in _validate_srun_variables
2026-04-03 23:27:23 | ERROR | phase_dmpnn_rdkit |           raise RuntimeError(
2026-04-03 23:27:23 | ERROR | phase_dmpnn_rdkit |       RuntimeError: You set `--ntasks=30` in your SLURM bash script, but this variable is not supported. HINT: Use `--ntasks-per-node=30` instead.
2026-04-03 23:29:13 | ERROR | phase_dmpnn_rdkit |     mtb_final FAILED (exit code 1)
2026-04-03 23:29:13 | ERROR | phase_dmpnn_rdkit |     Last lines of /scratch/vishakha.agrawal/antibiotic-selectivity-v2/outputs/runs/run_20260315_034033/models/dmpnn_rdkit/train_mtb_final.log:
2026-04-03 23:29:13 | ERROR | phase_dmpnn_rdkit |           self.cluster_environment: ClusterEnvironment = self._choose_and_init_cluster_environment()
2026-04-03 23:29:13 | ERROR | phase_dmpnn_rdkit |                                                          ^^^^^^^^^^^^^^^^^^^^^^^^^^^^^^^^^^^^^^^^^^^
2026-04-03 23:29:13 | ERROR | phase_dmpnn_rdkit |         File "/home2/vishakha.agrawal/antibiotic-selectivity/venv/lib/python3.12/site-packages/lightning/pytorch/trainer/connectors/accelerator_connector.py", line 409, in _choose_and_init_cluster_environment
2026-04-03 23:29:13 | ERROR | phase_dmpnn_rdkit |           return env_type()
2026-04-03 23:29:13 | ERROR | phase_dmpnn_rdkit |                  ^^^^^^^^^^
2026-04-03 23:29:13 | ERROR | phase_dmpnn_rdkit |         File "/home2/vishakha.agrawal/antibiotic-selectivity/venv/lib/python3.12/site-packages/lightning/fabric/plugins/environments/slurm.py", line 54, in __init__
2026-04-03 23:29:13 | ERROR | phase_dmpnn_rdkit |           self._validate_srun_variables()
2026-04-03 23:29:13 | ERROR | phase_dmpnn_rdkit |         File "/home2/vishakha.agrawal/antibiotic-selectivity/venv/lib/python3.12/site-packages/lightning/fabric/plugins/environments/slurm.py", line 221, in _validate_srun_variables
2026-04-03 23:29:13 | ERROR | phase_dmpnn_rdkit |           raise RuntimeError(
2026-04-03 23:29:13 | ERROR | phase_dmpnn_rdkit |       RuntimeError: You set `--ntasks=30` in your SLURM bash script, but this variable is not supported. HINT: Use `--ntasks-per-node=30` instead.
2026-04-03 23:36:33 | ERROR | phase_dmpnn_rdkit |     saureus_final FAILED (exit code 1)
2026-04-03 23:36:33 | ERROR | phase_dmpnn_rdkit |     Last lines of /scratch/vishakha.agrawal/antibiotic-selectivity-v2/outputs/runs/run_20260315_034033/models/dmpnn_rdkit/train_saureus_final.log:
2026-04-03 23:36:33 | ERROR | phase_dmpnn_rdkit |           self.cluster_environment: ClusterEnvironment = self._choose_and_init_cluster_environment()
2026-04-03 23:36:33 | ERROR | phase_dmpnn_rdkit |                                                          ^^^^^^^^^^^^^^^^^^^^^^^^^^^^^^^^^^^^^^^^^^^
2026-04-03 23:36:33 | ERROR | phase_dmpnn_rdkit |         File "/home2/vishakha.agrawal/antibiotic-selectivity/venv/lib/python3.12/site-packages/lightning/pytorch/trainer/connectors/accelerator_connector.py", line 409, in _choose_and_init_cluster_environment
2026-04-03 23:36:33 | ERROR | phase_dmpnn_rdkit |           return env_type()
2026-04-03 23:36:33 | ERROR | phase_dmpnn_rdkit |                  ^^^^^^^^^^
2026-04-03 23:36:33 | ERROR | phase_dmpnn_rdkit |         File "/home2/vishakha.agrawal/antibiotic-selectivity/venv/lib/python3.12/site-packages/lightning/fabric/plugins/environments/slurm.py", line 54, in __init__
2026-04-03 23:36:33 | ERROR | phase_dmpnn_rdkit |           self._validate_srun_variables()
2026-04-03 23:36:33 | ERROR | phase_dmpnn_rdkit |         File "/home2/vishakha.agrawal/antibiotic-selectivity/venv/lib/python3.12/site-packages/lightning/fabric/plugins/environments/slurm.py", line 221, in _validate_srun_variables
2026-04-03 23:36:33 | ERROR | phase_dmpnn_rdkit |           raise RuntimeError(
2026-04-03 23:36:33 | ERROR | phase_dmpnn_rdkit |       RuntimeError: You set `--ntasks=30` in your SLURM bash script, but this variable is not supported. HINT: Use `--ntasks-per-node=30` instead.
2026-04-03 23:36:33 | INFO  | phase_dmpnn_rdkit | 
  Final models: 0/7 exist
2026-04-03 23:36:33 | INFO  | phase_dmpnn_rdkit |   Saved training status: /scratch/vishakha.agrawal/antibiotic-selectivity-v2/outputs/runs/run_20260315_034033/models/dmpnn_rdkit/training_status.json
2026-04-03 23:36:33 | INFO  | phase_dmpnn_rdkit | 
  PHASE 2/7: CV METRICS
2026-04-03 23:36:34 | INFO  | phase_dmpnn_rdkit | 
======================================================================
2026-04-03 23:36:34 | INFO  | phase_dmpnn_rdkit |   CV METRICS (from fold model predictions)
2026-04-03 23:36:34 | INFO  | phase_dmpnn_rdkit | ======================================================================
2026-04-03 23:36:34 | WARNING | phase_dmpnn_rdkit |   ecoli fold 0: no model
2026-04-03 23:36:34 | WARNING | phase_dmpnn_rdkit |   ecoli fold 1: no model
2026-04-03 23:36:34 | WARNING | phase_dmpnn_rdkit |   ecoli fold 2: no model
2026-04-03 23:36:34 | WARNING | phase_dmpnn_rdkit |   ecoli fold 3: no model
2026-04-03 23:36:34 | WARNING | phase_dmpnn_rdkit |   ecoli fold 4: no model
2026-04-03 23:36:34 | WARNING | phase_dmpnn_rdkit |   ecoli: too few OOF predictions
2026-04-03 23:36:34 | WARNING | phase_dmpnn_rdkit |   saureus fold 0: no model
2026-04-03 23:36:34 | WARNING | phase_dmpnn_rdkit |   saureus fold 1: no model
2026-04-03 23:36:34 | WARNING | phase_dmpnn_rdkit |   saureus fold 2: no model
2026-04-03 23:36:34 | WARNING | phase_dmpnn_rdkit |   saureus fold 3: no model
2026-04-03 23:36:34 | WARNING | phase_dmpnn_rdkit |   saureus fold 4: no model
2026-04-03 23:36:34 | WARNING | phase_dmpnn_rdkit |   saureus: too few OOF predictions
2026-04-03 23:36:34 | WARNING | phase_dmpnn_rdkit |   paeruginosa fold 0: no model
2026-04-03 23:36:34 | WARNING | phase_dmpnn_rdkit |   paeruginosa fold 1: no model
2026-04-03 23:36:34 | WARNING | phase_dmpnn_rdkit |   paeruginosa fold 2: no model
2026-04-03 23:36:34 | WARNING | phase_dmpnn_rdkit |   paeruginosa fold 3: no model
2026-04-03 23:36:34 | WARNING | phase_dmpnn_rdkit |   paeruginosa fold 4: no model
2026-04-03 23:36:34 | WARNING | phase_dmpnn_rdkit |   paeruginosa: too few OOF predictions
2026-04-03 23:36:34 | WARNING | phase_dmpnn_rdkit |   mtb fold 0: no model
2026-04-03 23:36:34 | WARNING | phase_dmpnn_rdkit |   mtb fold 1: no model
2026-04-03 23:36:34 | WARNING | phase_dmpnn_rdkit |   mtb fold 2: no model
2026-04-03 23:36:34 | WARNING | phase_dmpnn_rdkit |   mtb fold 3: no model
2026-04-03 23:36:34 | WARNING | phase_dmpnn_rdkit |   mtb fold 4: no model
2026-04-03 23:36:34 | WARNING | phase_dmpnn_rdkit |   mtb: too few OOF predictions
2026-04-03 23:36:34 | WARNING | phase_dmpnn_rdkit |   gut_t5 fold 0: no model
2026-04-03 23:36:34 | WARNING | phase_dmpnn_rdkit |   gut_t5 fold 1: no model
2026-04-03 23:36:34 | WARNING | phase_dmpnn_rdkit |   gut_t5 fold 2: no model
2026-04-03 23:36:34 | WARNING | phase_dmpnn_rdkit |   gut_t5 fold 3: no model
2026-04-03 23:36:34 | WARNING | phase_dmpnn_rdkit |   gut_t5 fold 4: no model
2026-04-03 23:36:34 | WARNING | phase_dmpnn_rdkit |   gut_t5: too few OOF predictions
2026-04-03 23:36:34 | WARNING | phase_dmpnn_rdkit |   gut_t10 fold 0: no model
2026-04-03 23:36:34 | WARNING | phase_dmpnn_rdkit |   gut_t10 fold 1: no model
2026-04-03 23:36:34 | WARNING | phase_dmpnn_rdkit |   gut_t10 fold 2: no model
2026-04-03 23:36:34 | WARNING | phase_dmpnn_rdkit |   gut_t10 fold 3: no model
2026-04-03 23:36:34 | WARNING | phase_dmpnn_rdkit |   gut_t10 fold 4: no model
2026-04-03 23:36:34 | WARNING | phase_dmpnn_rdkit |   gut_t10: too few OOF predictions
2026-04-03 23:36:34 | WARNING | phase_dmpnn_rdkit |   gut_t20 fold 0: no model
2026-04-03 23:36:34 | WARNING | phase_dmpnn_rdkit |   gut_t20 fold 1: no model
2026-04-03 23:36:34 | WARNING | phase_dmpnn_rdkit |   gut_t20 fold 2: no model
2026-04-03 23:36:34 | WARNING | phase_dmpnn_rdkit |   gut_t20 fold 3: no model
2026-04-03 23:36:34 | WARNING | phase_dmpnn_rdkit |   gut_t20 fold 4: no model
2026-04-03 23:36:34 | WARNING | phase_dmpnn_rdkit |   gut_t20: too few OOF predictions
2026-04-03 23:36:34 | INFO  | phase_dmpnn_rdkit | 
  Saved: /scratch/vishakha.agrawal/antibiotic-selectivity-v2/outputs/runs/run_20260315_034033/results/dmpnn_rdkit_cv_metrics.json
2026-04-03 23:36:34 | INFO  | phase_dmpnn_rdkit | 
  PHASE 3/7: HUB SCREENING
2026-04-03 23:36:34 | INFO  | phase_dmpnn_rdkit | 
======================================================================
2026-04-03 23:36:34 | INFO  | phase_dmpnn_rdkit |   HUB SCREENING (Ensemble of 5 fold models)
2026-04-03 23:36:34 | INFO  | phase_dmpnn_rdkit | ======================================================================
2026-04-03 23:36:34 | WARNING | phase_dmpnn_rdkit |   ecoli fold 0: no model, skipping
2026-04-03 23:36:34 | WARNING | phase_dmpnn_rdkit |   ecoli fold 1: no model, skipping
2026-04-03 23:36:34 | WARNING | phase_dmpnn_rdkit |   ecoli fold 2: no model, skipping
2026-04-03 23:36:34 | WARNING | phase_dmpnn_rdkit |   ecoli fold 3: no model, skipping
2026-04-03 23:36:34 | WARNING | phase_dmpnn_rdkit |   ecoli fold 4: no model, skipping
2026-04-03 23:36:34 | WARNING | phase_dmpnn_rdkit |   saureus fold 0: no model, skipping
2026-04-03 23:36:34 | WARNING | phase_dmpnn_rdkit |   saureus fold 1: no model, skipping
2026-04-03 23:36:34 | WARNING | phase_dmpnn_rdkit |   saureus fold 2: no model, skipping
2026-04-03 23:36:34 | WARNING | phase_dmpnn_rdkit |   saureus fold 3: no model, skipping
2026-04-03 23:36:34 | WARNING | phase_dmpnn_rdkit |   saureus fold 4: no model, skipping
2026-04-03 23:36:34 | WARNING | phase_dmpnn_rdkit |   paeruginosa fold 0: no model, skipping
2026-04-03 23:36:34 | WARNING | phase_dmpnn_rdkit |   paeruginosa fold 1: no model, skipping
2026-04-03 23:36:34 | WARNING | phase_dmpnn_rdkit |   paeruginosa fold 2: no model, skipping
2026-04-03 23:36:34 | WARNING | phase_dmpnn_rdkit |   paeruginosa fold 3: no model, skipping
2026-04-03 23:36:34 | WARNING | phase_dmpnn_rdkit |   paeruginosa fold 4: no model, skipping
2026-04-03 23:36:34 | WARNING | phase_dmpnn_rdkit |   mtb fold 0: no model, skipping
2026-04-03 23:36:34 | WARNING | phase_dmpnn_rdkit |   mtb fold 1: no model, skipping
2026-04-03 23:36:34 | WARNING | phase_dmpnn_rdkit |   mtb fold 2: no model, skipping
2026-04-03 23:36:34 | WARNING | phase_dmpnn_rdkit |   mtb fold 3: no model, skipping
2026-04-03 23:36:34 | WARNING | phase_dmpnn_rdkit |   mtb fold 4: no model, skipping
2026-04-03 23:36:34 | WARNING | phase_dmpnn_rdkit |   gut_t5 fold 0: no model, skipping
2026-04-03 23:36:34 | WARNING | phase_dmpnn_rdkit |   gut_t5 fold 1: no model, skipping
2026-04-03 23:36:34 | WARNING | phase_dmpnn_rdkit |   gut_t5 fold 2: no model, skipping
2026-04-03 23:36:34 | WARNING | phase_dmpnn_rdkit |   gut_t5 fold 3: no model, skipping
2026-04-03 23:36:34 | WARNING | phase_dmpnn_rdkit |   gut_t5 fold 4: no model, skipping
2026-04-03 23:36:34 | WARNING | phase_dmpnn_rdkit |   gut_t10 fold 0: no model, skipping
2026-04-03 23:36:34 | WARNING | phase_dmpnn_rdkit |   gut_t10 fold 1: no model, skipping
2026-04-03 23:36:34 | WARNING | phase_dmpnn_rdkit |   gut_t10 fold 2: no model, skipping
2026-04-03 23:36:34 | WARNING | phase_dmpnn_rdkit |   gut_t10 fold 3: no model, skipping
2026-04-03 23:36:34 | WARNING | phase_dmpnn_rdkit |   gut_t10 fold 4: no model, skipping
2026-04-03 23:36:34 | WARNING | phase_dmpnn_rdkit |   gut_t20 fold 0: no model, skipping
2026-04-03 23:36:34 | WARNING | phase_dmpnn_rdkit |   gut_t20 fold 1: no model, skipping
2026-04-03 23:36:34 | WARNING | phase_dmpnn_rdkit |   gut_t20 fold 2: no model, skipping
2026-04-03 23:36:34 | WARNING | phase_dmpnn_rdkit |   gut_t20 fold 3: no model, skipping
2026-04-03 23:36:34 | WARNING | phase_dmpnn_rdkit |   gut_t20 fold 4: no model, skipping
2026-04-03 23:36:34 | ERROR | phase_dmpnn_rdkit |   Missing predictions, cannot compute selectivity
2026-04-03 23:36:34 | ERROR | phase_dmpnn_rdkit |   No ranked lists produced. Cannot run validation, calibration, or comparison.
2026-04-03 23:36:34 | ERROR | phase_dmpnn_rdkit |   Check training logs in /scratch/vishakha.agrawal/antibiotic-selectivity-v2/outputs/runs/run_20260315_034033/models/dmpnn_rdkit/train_*.log
2026-04-03 23:36:34 | INFO  | phase_dmpnn_rdkit | ============================================================
2026-04-03 23:36:34 | INFO  | phase_dmpnn_rdkit |  COMPLETED: Phase D: D-MPNN + RDKit (INCOMPLETE)
2026-04-03 23:36:34 | INFO  | phase_dmpnn_rdkit |  Elapsed: 180m 34.1s
2026-04-03 23:36:34 | INFO  | phase_dmpnn_rdkit | ============================================================
2026-04-04 10:03:02 | INFO  | phase_dmpnn_rdkit | Logging to file: /scratch/vishakha.agrawal/antibiotic-selectivity-v2/logs/phase_dmpnn_rdkit.log
2026-04-04 10:03:02 | INFO  | phase_dmpnn_rdkit | ============================================================
2026-04-04 10:03:02 | INFO  | phase_dmpnn_rdkit |  STARTING: Phase D: Retrain D-MPNN with RDKit features
2026-04-04 10:03:02 | INFO  | phase_dmpnn_rdkit | ============================================================
2026-04-04 10:03:02 | INFO  | phase_dmpnn_rdkit | 
  PHASE 1/7: TRAINING
2026-04-04 10:03:02 | INFO  | phase_dmpnn_rdkit | 
======================================================================
2026-04-04 10:03:02 | INFO  | phase_dmpnn_rdkit |   TRAINING D-MPNN + RDKit (Stokes architecture)
2026-04-04 10:03:02 | INFO  | phase_dmpnn_rdkit |   depth=5, hidden=1600, dropout=0.35
2026-04-04 10:03:02 | INFO  | phase_dmpnn_rdkit |   Features: v1_rdkit_2d_normalized
2026-04-04 10:03:02 | INFO  | phase_dmpnn_rdkit |   GPUs: 4 in parallel
2026-04-04 10:03:02 | INFO  | phase_dmpnn_rdkit | ======================================================================
2026-04-04 10:03:02 | INFO  | phase_dmpnn_rdkit |   GPUPool initialized: 3 GPUs (IDs: ['0', '1', '2'])
2026-04-04 10:03:02 | INFO  | phase_dmpnn_rdkit | 
  Phase 1: Training fold models (35 total)...
2026-04-04 10:03:02 | INFO  | phase_dmpnn_rdkit |     Launched ecoli_fold0 on GPU 0 (PID 927205)
2026-04-04 10:03:02 | INFO  | phase_dmpnn_rdkit |     CMD: /home2/vishakha.agrawal/antibiotic-selectivity/venv/bin/chemprop train --data-path /scratch/vishakha.agrawal/antibiotic-selectivity-v2/outputs/runs/run_20260315_034033/models/dmpnn_rdkit/ecoli/fold_0/combined.csv --save-dir /scratch/vishakha.agrawal/antibiotic-selectivity-v2/outputs/runs/run_20260315_034033/models/dmpnn_rdkit/ecoli/fold_0...
2026-04-04 10:03:02 | INFO  | phase_dmpnn_rdkit |     Log: /scratch/vishakha.agrawal/antibiotic-selectivity-v2/outputs/runs/run_20260315_034033/models/dmpnn_rdkit/train_ecoli_fold0.log
2026-04-04 10:03:02 | INFO  | phase_dmpnn_rdkit |     Launched ecoli_fold1 on GPU 1 (PID 927213)
2026-04-04 10:03:02 | INFO  | phase_dmpnn_rdkit |     CMD: /home2/vishakha.agrawal/antibiotic-selectivity/venv/bin/chemprop train --data-path /scratch/vishakha.agrawal/antibiotic-selectivity-v2/outputs/runs/run_20260315_034033/models/dmpnn_rdkit/ecoli/fold_1/combined.csv --save-dir /scratch/vishakha.agrawal/antibiotic-selectivity-v2/outputs/runs/run_20260315_034033/models/dmpnn_rdkit/ecoli/fold_1...
2026-04-04 10:03:02 | INFO  | phase_dmpnn_rdkit |     Log: /scratch/vishakha.agrawal/antibiotic-selectivity-v2/outputs/runs/run_20260315_034033/models/dmpnn_rdkit/train_ecoli_fold1.log
2026-04-04 10:03:02 | INFO  | phase_dmpnn_rdkit |     Launched ecoli_fold2 on GPU 2 (PID 927221)
2026-04-04 10:03:02 | INFO  | phase_dmpnn_rdkit |     CMD: /home2/vishakha.agrawal/antibiotic-selectivity/venv/bin/chemprop train --data-path /scratch/vishakha.agrawal/antibiotic-selectivity-v2/outputs/runs/run_20260315_034033/models/dmpnn_rdkit/ecoli/fold_2/combined.csv --save-dir /scratch/vishakha.agrawal/antibiotic-selectivity-v2/outputs/runs/run_20260315_034033/models/dmpnn_rdkit/ecoli/fold_2...
2026-04-04 10:03:02 | INFO  | phase_dmpnn_rdkit |     Log: /scratch/vishakha.agrawal/antibiotic-selectivity-v2/outputs/runs/run_20260315_034033/models/dmpnn_rdkit/train_ecoli_fold2.log
2026-04-04 10:43:38 | INFO  | phase_dmpnn_rdkit |     ecoli_fold0 completed (GPU 0)
2026-04-04 10:43:38 | INFO  | phase_dmpnn_rdkit |     Launched ecoli_fold3 on GPU 0 (PID 927646)
2026-04-04 10:43:38 | INFO  | phase_dmpnn_rdkit |     CMD: /home2/vishakha.agrawal/antibiotic-selectivity/venv/bin/chemprop train --data-path /scratch/vishakha.agrawal/antibiotic-selectivity-v2/outputs/runs/run_20260315_034033/models/dmpnn_rdkit/ecoli/fold_3/combined.csv --save-dir /scratch/vishakha.agrawal/antibiotic-selectivity-v2/outputs/runs/run_20260315_034033/models/dmpnn_rdkit/ecoli/fold_3...
2026-04-04 10:43:38 | INFO  | phase_dmpnn_rdkit |     Log: /scratch/vishakha.agrawal/antibiotic-selectivity-v2/outputs/runs/run_20260315_034033/models/dmpnn_rdkit/train_ecoli_fold3.log
2026-04-04 10:46:28 | INFO  | phase_dmpnn_rdkit |     ecoli_fold2 completed (GPU 2)
2026-04-04 10:46:28 | INFO  | phase_dmpnn_rdkit |     Launched ecoli_fold4 on GPU 2 (PID 927716)
2026-04-04 10:46:28 | INFO  | phase_dmpnn_rdkit |     CMD: /home2/vishakha.agrawal/antibiotic-selectivity/venv/bin/chemprop train --data-path /scratch/vishakha.agrawal/antibiotic-selectivity-v2/outputs/runs/run_20260315_034033/models/dmpnn_rdkit/ecoli/fold_4/combined.csv --save-dir /scratch/vishakha.agrawal/antibiotic-selectivity-v2/outputs/runs/run_20260315_034033/models/dmpnn_rdkit/ecoli/fold_4...
2026-04-04 10:46:28 | INFO  | phase_dmpnn_rdkit |     Log: /scratch/vishakha.agrawal/antibiotic-selectivity-v2/outputs/runs/run_20260315_034033/models/dmpnn_rdkit/train_ecoli_fold4.log
2026-04-04 10:47:48 | INFO  | phase_dmpnn_rdkit |     ecoli_fold1 completed (GPU 1)
2026-04-04 10:47:48 | INFO  | phase_dmpnn_rdkit |     Launched saureus_fold0 on GPU 1 (PID 927754)
2026-04-04 10:47:48 | INFO  | phase_dmpnn_rdkit |     CMD: /home2/vishakha.agrawal/antibiotic-selectivity/venv/bin/chemprop train --data-path /scratch/vishakha.agrawal/antibiotic-selectivity-v2/outputs/runs/run_20260315_034033/models/dmpnn_rdkit/saureus/fold_0/combined.csv --save-dir /scratch/vishakha.agrawal/antibiotic-selectivity-v2/outputs/runs/run_20260315_034033/models/dmpnn_rdkit/saureus/fold_0...
2026-04-04 10:47:48 | INFO  | phase_dmpnn_rdkit |     Log: /scratch/vishakha.agrawal/antibiotic-selectivity-v2/outputs/runs/run_20260315_034033/models/dmpnn_rdkit/train_saureus_fold0.log
2026-04-04 11:23:48 | INFO  | phase_dmpnn_rdkit |     ecoli_fold3 completed (GPU 0)
2026-04-04 11:23:48 | INFO  | phase_dmpnn_rdkit |     Launched saureus_fold1 on GPU 0 (PID 928063)
2026-04-04 11:23:48 | INFO  | phase_dmpnn_rdkit |     CMD: /home2/vishakha.agrawal/antibiotic-selectivity/venv/bin/chemprop train --data-path /scratch/vishakha.agrawal/antibiotic-selectivity-v2/outputs/runs/run_20260315_034033/models/dmpnn_rdkit/saureus/fold_1/combined.csv --save-dir /scratch/vishakha.agrawal/antibiotic-selectivity-v2/outputs/runs/run_20260315_034033/models/dmpnn_rdkit/saureus/fold_1...
2026-04-04 11:23:48 | INFO  | phase_dmpnn_rdkit |     Log: /scratch/vishakha.agrawal/antibiotic-selectivity-v2/outputs/runs/run_20260315_034033/models/dmpnn_rdkit/train_saureus_fold1.log
2026-04-04 11:29:14 | INFO  | phase_dmpnn_rdkit |     ecoli_fold4 completed (GPU 2)
2026-04-04 11:29:14 | INFO  | phase_dmpnn_rdkit |     Launched saureus_fold2 on GPU 2 (PID 928111)
2026-04-04 11:29:14 | INFO  | phase_dmpnn_rdkit |     CMD: /home2/vishakha.agrawal/antibiotic-selectivity/venv/bin/chemprop train --data-path /scratch/vishakha.agrawal/antibiotic-selectivity-v2/outputs/runs/run_20260315_034033/models/dmpnn_rdkit/saureus/fold_2/combined.csv --save-dir /scratch/vishakha.agrawal/antibiotic-selectivity-v2/outputs/runs/run_20260315_034033/models/dmpnn_rdkit/saureus/fold_2...
2026-04-04 11:29:14 | INFO  | phase_dmpnn_rdkit |     Log: /scratch/vishakha.agrawal/antibiotic-selectivity-v2/outputs/runs/run_20260315_034033/models/dmpnn_rdkit/train_saureus_fold2.log
2026-04-04 11:57:24 | INFO  | phase_dmpnn_rdkit |     saureus_fold0 completed (GPU 1)
2026-04-04 11:57:24 | INFO  | phase_dmpnn_rdkit |     Launched saureus_fold3 on GPU 1 (PID 928341)
2026-04-04 11:57:24 | INFO  | phase_dmpnn_rdkit |     CMD: /home2/vishakha.agrawal/antibiotic-selectivity/venv/bin/chemprop train --data-path /scratch/vishakha.agrawal/antibiotic-selectivity-v2/outputs/runs/run_20260315_034033/models/dmpnn_rdkit/saureus/fold_3/combined.csv --save-dir /scratch/vishakha.agrawal/antibiotic-selectivity-v2/outputs/runs/run_20260315_034033/models/dmpnn_rdkit/saureus/fold_3...
2026-04-04 11:57:24 | INFO  | phase_dmpnn_rdkit |     Log: /scratch/vishakha.agrawal/antibiotic-selectivity-v2/outputs/runs/run_20260315_034033/models/dmpnn_rdkit/train_saureus_fold3.log
2026-04-04 12:25:54 | INFO  | phase_dmpnn_rdkit |     saureus_fold1 completed (GPU 0)
2026-04-04 12:25:54 | INFO  | phase_dmpnn_rdkit |     Launched saureus_fold4 on GPU 0 (PID 928624)
2026-04-04 12:25:54 | INFO  | phase_dmpnn_rdkit |     CMD: /home2/vishakha.agrawal/antibiotic-selectivity/venv/bin/chemprop train --data-path /scratch/vishakha.agrawal/antibiotic-selectivity-v2/outputs/runs/run_20260315_034033/models/dmpnn_rdkit/saureus/fold_4/combined.csv --save-dir /scratch/vishakha.agrawal/antibiotic-selectivity-v2/outputs/runs/run_20260315_034033/models/dmpnn_rdkit/saureus/fold_4...
2026-04-04 12:25:54 | INFO  | phase_dmpnn_rdkit |     Log: /scratch/vishakha.agrawal/antibiotic-selectivity-v2/outputs/runs/run_20260315_034033/models/dmpnn_rdkit/train_saureus_fold4.log
2026-04-04 12:35:19 | INFO  | phase_dmpnn_rdkit |     saureus_fold2 completed (GPU 2)
2026-04-04 12:35:19 | INFO  | phase_dmpnn_rdkit |     Launched paeruginosa_fold0 on GPU 2 (PID 929573)
2026-04-04 12:35:19 | INFO  | phase_dmpnn_rdkit |     CMD: /home2/vishakha.agrawal/antibiotic-selectivity/venv/bin/chemprop train --data-path /scratch/vishakha.agrawal/antibiotic-selectivity-v2/outputs/runs/run_20260315_034033/models/dmpnn_rdkit/paeruginosa/fold_0/combined.csv --save-dir /scratch/vishakha.agrawal/antibiotic-selectivity-v2/outputs/runs/run_20260315_034033/models/dmpnn_rdkit/paeruginosa/fold_0...
2026-04-04 12:35:19 | INFO  | phase_dmpnn_rdkit |     Log: /scratch/vishakha.agrawal/antibiotic-selectivity-v2/outputs/runs/run_20260315_034033/models/dmpnn_rdkit/train_paeruginosa_fold0.log
2026-04-04 13:03:44 | INFO  | phase_dmpnn_rdkit |     paeruginosa_fold0 completed (GPU 2)
2026-04-04 13:03:44 | INFO  | phase_dmpnn_rdkit |     Launched paeruginosa_fold1 on GPU 2 (PID 929813)
2026-04-04 13:03:44 | INFO  | phase_dmpnn_rdkit |     CMD: /home2/vishakha.agrawal/antibiotic-selectivity/venv/bin/chemprop train --data-path /scratch/vishakha.agrawal/antibiotic-selectivity-v2/outputs/runs/run_20260315_034033/models/dmpnn_rdkit/paeruginosa/fold_1/combined.csv --save-dir /scratch/vishakha.agrawal/antibiotic-selectivity-v2/outputs/runs/run_20260315_034033/models/dmpnn_rdkit/paeruginosa/fold_1...
2026-04-04 13:03:44 | INFO  | phase_dmpnn_rdkit |     Log: /scratch/vishakha.agrawal/antibiotic-selectivity-v2/outputs/runs/run_20260315_034033/models/dmpnn_rdkit/train_paeruginosa_fold1.log
2026-04-04 13:07:55 | INFO  | phase_dmpnn_rdkit |     saureus_fold3 completed (GPU 1)
2026-04-04 13:07:55 | INFO  | phase_dmpnn_rdkit |     Launched paeruginosa_fold2 on GPU 1 (PID 929909)
2026-04-04 13:07:55 | INFO  | phase_dmpnn_rdkit |     CMD: /home2/vishakha.agrawal/antibiotic-selectivity/venv/bin/chemprop train --data-path /scratch/vishakha.agrawal/antibiotic-selectivity-v2/outputs/runs/run_20260315_034033/models/dmpnn_rdkit/paeruginosa/fold_2/combined.csv --save-dir /scratch/vishakha.agrawal/antibiotic-selectivity-v2/outputs/runs/run_20260315_034033/models/dmpnn_rdkit/paeruginosa/fold_2...
2026-04-04 13:07:55 | INFO  | phase_dmpnn_rdkit |     Log: /scratch/vishakha.agrawal/antibiotic-selectivity-v2/outputs/runs/run_20260315_034033/models/dmpnn_rdkit/train_paeruginosa_fold2.log
2026-04-04 13:29:30 | INFO  | phase_dmpnn_rdkit |     saureus_fold4 completed (GPU 0)
2026-04-04 13:29:30 | INFO  | phase_dmpnn_rdkit |     Launched paeruginosa_fold3 on GPU 0 (PID 930082)
2026-04-04 13:29:30 | INFO  | phase_dmpnn_rdkit |     CMD: /home2/vishakha.agrawal/antibiotic-selectivity/venv/bin/chemprop train --data-path /scratch/vishakha.agrawal/antibiotic-selectivity-v2/outputs/runs/run_20260315_034033/models/dmpnn_rdkit/paeruginosa/fold_3/combined.csv --save-dir /scratch/vishakha.agrawal/antibiotic-selectivity-v2/outputs/runs/run_20260315_034033/models/dmpnn_rdkit/paeruginosa/fold_3...
2026-04-04 13:29:30 | INFO  | phase_dmpnn_rdkit |     Log: /scratch/vishakha.agrawal/antibiotic-selectivity-v2/outputs/runs/run_20260315_034033/models/dmpnn_rdkit/train_paeruginosa_fold3.log
2026-04-04 13:32:30 | INFO  | phase_dmpnn_rdkit |     paeruginosa_fold1 completed (GPU 2)
2026-04-04 13:32:30 | INFO  | phase_dmpnn_rdkit |     Launched paeruginosa_fold4 on GPU 2 (PID 930142)
2026-04-04 13:32:30 | INFO  | phase_dmpnn_rdkit |     CMD: /home2/vishakha.agrawal/antibiotic-selectivity/venv/bin/chemprop train --data-path /scratch/vishakha.agrawal/antibiotic-selectivity-v2/outputs/runs/run_20260315_034033/models/dmpnn_rdkit/paeruginosa/fold_4/combined.csv --save-dir /scratch/vishakha.agrawal/antibiotic-selectivity-v2/outputs/runs/run_20260315_034033/models/dmpnn_rdkit/paeruginosa/fold_4...
2026-04-04 13:32:30 | INFO  | phase_dmpnn_rdkit |     Log: /scratch/vishakha.agrawal/antibiotic-selectivity-v2/outputs/runs/run_20260315_034033/models/dmpnn_rdkit/train_paeruginosa_fold4.log
2026-04-04 13:37:41 | INFO  | phase_dmpnn_rdkit |     paeruginosa_fold2 completed (GPU 1)
2026-04-04 13:37:41 | INFO  | phase_dmpnn_rdkit |     Launched mtb_fold0 on GPU 1 (PID 930167)
2026-04-04 13:37:41 | INFO  | phase_dmpnn_rdkit |     CMD: /home2/vishakha.agrawal/antibiotic-selectivity/venv/bin/chemprop train --data-path /scratch/vishakha.agrawal/antibiotic-selectivity-v2/outputs/runs/run_20260315_034033/models/dmpnn_rdkit/mtb/fold_0/combined.csv --save-dir /scratch/vishakha.agrawal/antibiotic-selectivity-v2/outputs/runs/run_20260315_034033/models/dmpnn_rdkit/mtb/fold_0...
2026-04-04 13:37:41 | INFO  | phase_dmpnn_rdkit |     Log: /scratch/vishakha.agrawal/antibiotic-selectivity-v2/outputs/runs/run_20260315_034033/models/dmpnn_rdkit/train_mtb_fold0.log
2026-04-04 13:56:56 | INFO  | phase_dmpnn_rdkit |     paeruginosa_fold3 completed (GPU 0)
2026-04-04 13:56:56 | INFO  | phase_dmpnn_rdkit |     Launched mtb_fold1 on GPU 0 (PID 930566)
2026-04-04 13:56:56 | INFO  | phase_dmpnn_rdkit |     CMD: /home2/vishakha.agrawal/antibiotic-selectivity/venv/bin/chemprop train --data-path /scratch/vishakha.agrawal/antibiotic-selectivity-v2/outputs/runs/run_20260315_034033/models/dmpnn_rdkit/mtb/fold_1/combined.csv --save-dir /scratch/vishakha.agrawal/antibiotic-selectivity-v2/outputs/runs/run_20260315_034033/models/dmpnn_rdkit/mtb/fold_1...
2026-04-04 13:56:56 | INFO  | phase_dmpnn_rdkit |     Log: /scratch/vishakha.agrawal/antibiotic-selectivity-v2/outputs/runs/run_20260315_034033/models/dmpnn_rdkit/train_mtb_fold1.log
2026-04-04 14:01:51 | INFO  | phase_dmpnn_rdkit |     paeruginosa_fold4 completed (GPU 2)
2026-04-04 14:01:51 | INFO  | phase_dmpnn_rdkit |     Launched mtb_fold2 on GPU 2 (PID 930639)
2026-04-04 14:01:51 | INFO  | phase_dmpnn_rdkit |     CMD: /home2/vishakha.agrawal/antibiotic-selectivity/venv/bin/chemprop train --data-path /scratch/vishakha.agrawal/antibiotic-selectivity-v2/outputs/runs/run_20260315_034033/models/dmpnn_rdkit/mtb/fold_2/combined.csv --save-dir /scratch/vishakha.agrawal/antibiotic-selectivity-v2/outputs/runs/run_20260315_034033/models/dmpnn_rdkit/mtb/fold_2...
2026-04-04 14:01:51 | INFO  | phase_dmpnn_rdkit |     Log: /scratch/vishakha.agrawal/antibiotic-selectivity-v2/outputs/runs/run_20260315_034033/models/dmpnn_rdkit/train_mtb_fold2.log
2026-04-04 14:03:26 | INFO  | phase_dmpnn_rdkit |     mtb_fold0 completed (GPU 1)
2026-04-04 14:03:26 | INFO  | phase_dmpnn_rdkit |     Launched mtb_fold3 on GPU 1 (PID 930657)
2026-04-04 14:03:26 | INFO  | phase_dmpnn_rdkit |     CMD: /home2/vishakha.agrawal/antibiotic-selectivity/venv/bin/chemprop train --data-path /scratch/vishakha.agrawal/antibiotic-selectivity-v2/outputs/runs/run_20260315_034033/models/dmpnn_rdkit/mtb/fold_3/combined.csv --save-dir /scratch/vishakha.agrawal/antibiotic-selectivity-v2/outputs/runs/run_20260315_034033/models/dmpnn_rdkit/mtb/fold_3...
2026-04-04 14:03:26 | INFO  | phase_dmpnn_rdkit |     Log: /scratch/vishakha.agrawal/antibiotic-selectivity-v2/outputs/runs/run_20260315_034033/models/dmpnn_rdkit/train_mtb_fold3.log
2026-04-04 14:20:31 | INFO  | phase_dmpnn_rdkit |     mtb_fold1 completed (GPU 0)
2026-04-04 14:20:31 | INFO  | phase_dmpnn_rdkit |     Launched mtb_fold4 on GPU 0 (PID 930884)
2026-04-04 14:20:31 | INFO  | phase_dmpnn_rdkit |     CMD: /home2/vishakha.agrawal/antibiotic-selectivity/venv/bin/chemprop train --data-path /scratch/vishakha.agrawal/antibiotic-selectivity-v2/outputs/runs/run_20260315_034033/models/dmpnn_rdkit/mtb/fold_4/combined.csv --save-dir /scratch/vishakha.agrawal/antibiotic-selectivity-v2/outputs/runs/run_20260315_034033/models/dmpnn_rdkit/mtb/fold_4...
2026-04-04 14:20:31 | INFO  | phase_dmpnn_rdkit |     Log: /scratch/vishakha.agrawal/antibiotic-selectivity-v2/outputs/runs/run_20260315_034033/models/dmpnn_rdkit/train_mtb_fold4.log
2026-04-04 14:27:26 | INFO  | phase_dmpnn_rdkit |     mtb_fold2 completed (GPU 2)
2026-04-04 14:27:26 | INFO  | phase_dmpnn_rdkit |     Launched gut_t5_fold0 on GPU 2 (PID 930929)
2026-04-04 14:27:26 | INFO  | phase_dmpnn_rdkit |     CMD: /home2/vishakha.agrawal/antibiotic-selectivity/venv/bin/chemprop train --data-path /scratch/vishakha.agrawal/antibiotic-selectivity-v2/outputs/runs/run_20260315_034033/models/dmpnn_rdkit/gut_t5/fold_0/combined.csv --save-dir /scratch/vishakha.agrawal/antibiotic-selectivity-v2/outputs/runs/run_20260315_034033/models/dmpnn_rdkit/gut_t5/fold_0...
2026-04-04 14:27:26 | INFO  | phase_dmpnn_rdkit |     Log: /scratch/vishakha.agrawal/antibiotic-selectivity-v2/outputs/runs/run_20260315_034033/models/dmpnn_rdkit/train_gut_t5_fold0.log
2026-04-04 14:28:46 | INFO  | phase_dmpnn_rdkit |     mtb_fold3 completed (GPU 1)
2026-04-04 14:28:46 | INFO  | phase_dmpnn_rdkit |     Launched gut_t5_fold1 on GPU 1 (PID 930960)
2026-04-04 14:28:46 | INFO  | phase_dmpnn_rdkit |     CMD: /home2/vishakha.agrawal/antibiotic-selectivity/venv/bin/chemprop train --data-path /scratch/vishakha.agrawal/antibiotic-selectivity-v2/outputs/runs/run_20260315_034033/models/dmpnn_rdkit/gut_t5/fold_1/combined.csv --save-dir /scratch/vishakha.agrawal/antibiotic-selectivity-v2/outputs/runs/run_20260315_034033/models/dmpnn_rdkit/gut_t5/fold_1...
2026-04-04 14:28:46 | INFO  | phase_dmpnn_rdkit |     Log: /scratch/vishakha.agrawal/antibiotic-selectivity-v2/outputs/runs/run_20260315_034033/models/dmpnn_rdkit/train_gut_t5_fold1.log
2026-04-04 14:32:22 | INFO  | phase_dmpnn_rdkit |     gut_t5_fold0 completed (GPU 2)
2026-04-04 14:32:22 | INFO  | phase_dmpnn_rdkit |     Launched gut_t5_fold2 on GPU 2 (PID 931049)
2026-04-04 14:32:22 | INFO  | phase_dmpnn_rdkit |     CMD: /home2/vishakha.agrawal/antibiotic-selectivity/venv/bin/chemprop train --data-path /scratch/vishakha.agrawal/antibiotic-selectivity-v2/outputs/runs/run_20260315_034033/models/dmpnn_rdkit/gut_t5/fold_2/combined.csv --save-dir /scratch/vishakha.agrawal/antibiotic-selectivity-v2/outputs/runs/run_20260315_034033/models/dmpnn_rdkit/gut_t5/fold_2...
2026-04-04 14:32:22 | INFO  | phase_dmpnn_rdkit |     Log: /scratch/vishakha.agrawal/antibiotic-selectivity-v2/outputs/runs/run_20260315_034033/models/dmpnn_rdkit/train_gut_t5_fold2.log
2026-04-04 14:33:52 | INFO  | phase_dmpnn_rdkit |     gut_t5_fold1 completed (GPU 1)
2026-04-04 14:33:52 | INFO  | phase_dmpnn_rdkit |     Launched gut_t5_fold3 on GPU 1 (PID 931095)
2026-04-04 14:33:52 | INFO  | phase_dmpnn_rdkit |     CMD: /home2/vishakha.agrawal/antibiotic-selectivity/venv/bin/chemprop train --data-path /scratch/vishakha.agrawal/antibiotic-selectivity-v2/outputs/runs/run_20260315_034033/models/dmpnn_rdkit/gut_t5/fold_3/combined.csv --save-dir /scratch/vishakha.agrawal/antibiotic-selectivity-v2/outputs/runs/run_20260315_034033/models/dmpnn_rdkit/gut_t5/fold_3...
2026-04-04 14:33:52 | INFO  | phase_dmpnn_rdkit |     Log: /scratch/vishakha.agrawal/antibiotic-selectivity-v2/outputs/runs/run_20260315_034033/models/dmpnn_rdkit/train_gut_t5_fold3.log
2026-04-04 14:37:47 | INFO  | phase_dmpnn_rdkit |     gut_t5_fold2 completed (GPU 2)
2026-04-04 14:37:47 | INFO  | phase_dmpnn_rdkit |     Launched gut_t5_fold4 on GPU 2 (PID 931185)
2026-04-04 14:37:47 | INFO  | phase_dmpnn_rdkit |     CMD: /home2/vishakha.agrawal/antibiotic-selectivity/venv/bin/chemprop train --data-path /scratch/vishakha.agrawal/antibiotic-selectivity-v2/outputs/runs/run_20260315_034033/models/dmpnn_rdkit/gut_t5/fold_4/combined.csv --save-dir /scratch/vishakha.agrawal/antibiotic-selectivity-v2/outputs/runs/run_20260315_034033/models/dmpnn_rdkit/gut_t5/fold_4...
2026-04-04 14:37:47 | INFO  | phase_dmpnn_rdkit |     Log: /scratch/vishakha.agrawal/antibiotic-selectivity-v2/outputs/runs/run_20260315_034033/models/dmpnn_rdkit/train_gut_t5_fold4.log
2026-04-04 14:38:57 | INFO  | phase_dmpnn_rdkit |     gut_t5_fold3 completed (GPU 1)
2026-04-04 14:38:57 | INFO  | phase_dmpnn_rdkit |     Launched gut_t10_fold0 on GPU 1 (PID 931216)
2026-04-04 14:38:57 | INFO  | phase_dmpnn_rdkit |     CMD: /home2/vishakha.agrawal/antibiotic-selectivity/venv/bin/chemprop train --data-path /scratch/vishakha.agrawal/antibiotic-selectivity-v2/outputs/runs/run_20260315_034033/models/dmpnn_rdkit/gut_t10/fold_0/combined.csv --save-dir /scratch/vishakha.agrawal/antibiotic-selectivity-v2/outputs/runs/run_20260315_034033/models/dmpnn_rdkit/gut_t10/fold_0...
2026-04-04 14:38:57 | INFO  | phase_dmpnn_rdkit |     Log: /scratch/vishakha.agrawal/antibiotic-selectivity-v2/outputs/runs/run_20260315_034033/models/dmpnn_rdkit/train_gut_t10_fold0.log
2026-04-04 14:43:07 | INFO  | phase_dmpnn_rdkit |     gut_t5_fold4 completed (GPU 2)
2026-04-04 14:43:07 | INFO  | phase_dmpnn_rdkit |     Launched gut_t10_fold1 on GPU 2 (PID 931250)
2026-04-04 14:43:07 | INFO  | phase_dmpnn_rdkit |     CMD: /home2/vishakha.agrawal/antibiotic-selectivity/venv/bin/chemprop train --data-path /scratch/vishakha.agrawal/antibiotic-selectivity-v2/outputs/runs/run_20260315_034033/models/dmpnn_rdkit/gut_t10/fold_1/combined.csv --save-dir /scratch/vishakha.agrawal/antibiotic-selectivity-v2/outputs/runs/run_20260315_034033/models/dmpnn_rdkit/gut_t10/fold_1...
2026-04-04 14:43:07 | INFO  | phase_dmpnn_rdkit |     Log: /scratch/vishakha.agrawal/antibiotic-selectivity-v2/outputs/runs/run_20260315_034033/models/dmpnn_rdkit/train_gut_t10_fold1.log
2026-04-04 14:43:52 | INFO  | phase_dmpnn_rdkit |     gut_t10_fold0 completed (GPU 1)
2026-04-04 14:43:52 | INFO  | phase_dmpnn_rdkit |     Launched gut_t10_fold2 on GPU 1 (PID 931265)
2026-04-04 14:43:52 | INFO  | phase_dmpnn_rdkit |     CMD: /home2/vishakha.agrawal/antibiotic-selectivity/venv/bin/chemprop train --data-path /scratch/vishakha.agrawal/antibiotic-selectivity-v2/outputs/runs/run_20260315_034033/models/dmpnn_rdkit/gut_t10/fold_2/combined.csv --save-dir /scratch/vishakha.agrawal/antibiotic-selectivity-v2/outputs/runs/run_20260315_034033/models/dmpnn_rdkit/gut_t10/fold_2...
2026-04-04 14:43:52 | INFO  | phase_dmpnn_rdkit |     Log: /scratch/vishakha.agrawal/antibiotic-selectivity-v2/outputs/runs/run_20260315_034033/models/dmpnn_rdkit/train_gut_t10_fold2.log
2026-04-04 14:46:22 | INFO  | phase_dmpnn_rdkit |     mtb_fold4 completed (GPU 0)
2026-04-04 14:46:22 | INFO  | phase_dmpnn_rdkit |     Launched gut_t10_fold3 on GPU 0 (PID 931343)
2026-04-04 14:46:22 | INFO  | phase_dmpnn_rdkit |     CMD: /home2/vishakha.agrawal/antibiotic-selectivity/venv/bin/chemprop train --data-path /scratch/vishakha.agrawal/antibiotic-selectivity-v2/outputs/runs/run_20260315_034033/models/dmpnn_rdkit/gut_t10/fold_3/combined.csv --save-dir /scratch/vishakha.agrawal/antibiotic-selectivity-v2/outputs/runs/run_20260315_034033/models/dmpnn_rdkit/gut_t10/fold_3...
2026-04-04 14:46:22 | INFO  | phase_dmpnn_rdkit |     Log: /scratch/vishakha.agrawal/antibiotic-selectivity-v2/outputs/runs/run_20260315_034033/models/dmpnn_rdkit/train_gut_t10_fold3.log
2026-04-04 14:48:07 | INFO  | phase_dmpnn_rdkit |     gut_t10_fold1 completed (GPU 2)
2026-04-04 14:48:07 | INFO  | phase_dmpnn_rdkit |     Launched gut_t10_fold4 on GPU 2 (PID 931385)
2026-04-04 14:48:07 | INFO  | phase_dmpnn_rdkit |     CMD: /home2/vishakha.agrawal/antibiotic-selectivity/venv/bin/chemprop train --data-path /scratch/vishakha.agrawal/antibiotic-selectivity-v2/outputs/runs/run_20260315_034033/models/dmpnn_rdkit/gut_t10/fold_4/combined.csv --save-dir /scratch/vishakha.agrawal/antibiotic-selectivity-v2/outputs/runs/run_20260315_034033/models/dmpnn_rdkit/gut_t10/fold_4...
2026-04-04 14:48:07 | INFO  | phase_dmpnn_rdkit |     Log: /scratch/vishakha.agrawal/antibiotic-selectivity-v2/outputs/runs/run_20260315_034033/models/dmpnn_rdkit/train_gut_t10_fold4.log
2026-04-04 14:49:02 | INFO  | phase_dmpnn_rdkit |     gut_t10_fold2 completed (GPU 1)
2026-04-04 14:49:02 | INFO  | phase_dmpnn_rdkit |     Launched gut_t20_fold0 on GPU 1 (PID 931414)
2026-04-04 14:49:02 | INFO  | phase_dmpnn_rdkit |     CMD: /home2/vishakha.agrawal/antibiotic-selectivity/venv/bin/chemprop train --data-path /scratch/vishakha.agrawal/antibiotic-selectivity-v2/outputs/runs/run_20260315_034033/models/dmpnn_rdkit/gut_t20/fold_0/combined.csv --save-dir /scratch/vishakha.agrawal/antibiotic-selectivity-v2/outputs/runs/run_20260315_034033/models/dmpnn_rdkit/gut_t20/fold_0...
2026-04-04 14:49:02 | INFO  | phase_dmpnn_rdkit |     Log: /scratch/vishakha.agrawal/antibiotic-selectivity-v2/outputs/runs/run_20260315_034033/models/dmpnn_rdkit/train_gut_t20_fold0.log
2026-04-04 14:52:17 | INFO  | phase_dmpnn_rdkit |     gut_t10_fold3 completed (GPU 0)
2026-04-04 14:52:17 | INFO  | phase_dmpnn_rdkit |     Launched gut_t20_fold1 on GPU 0 (PID 931481)
2026-04-04 14:52:17 | INFO  | phase_dmpnn_rdkit |     CMD: /home2/vishakha.agrawal/antibiotic-selectivity/venv/bin/chemprop train --data-path /scratch/vishakha.agrawal/antibiotic-selectivity-v2/outputs/runs/run_20260315_034033/models/dmpnn_rdkit/gut_t20/fold_1/combined.csv --save-dir /scratch/vishakha.agrawal/antibiotic-selectivity-v2/outputs/runs/run_20260315_034033/models/dmpnn_rdkit/gut_t20/fold_1...
2026-04-04 14:52:17 | INFO  | phase_dmpnn_rdkit |     Log: /scratch/vishakha.agrawal/antibiotic-selectivity-v2/outputs/runs/run_20260315_034033/models/dmpnn_rdkit/train_gut_t20_fold1.log
2026-04-04 14:54:27 | INFO  | phase_dmpnn_rdkit |     gut_t10_fold4 completed (GPU 2)
2026-04-04 14:54:27 | INFO  | phase_dmpnn_rdkit |     Launched gut_t20_fold2 on GPU 2 (PID 931542)
2026-04-04 14:54:27 | INFO  | phase_dmpnn_rdkit |     CMD: /home2/vishakha.agrawal/antibiotic-selectivity/venv/bin/chemprop train --data-path /scratch/vishakha.agrawal/antibiotic-selectivity-v2/outputs/runs/run_20260315_034033/models/dmpnn_rdkit/gut_t20/fold_2/combined.csv --save-dir /scratch/vishakha.agrawal/antibiotic-selectivity-v2/outputs/runs/run_20260315_034033/models/dmpnn_rdkit/gut_t20/fold_2...
2026-04-04 14:54:27 | INFO  | phase_dmpnn_rdkit |     Log: /scratch/vishakha.agrawal/antibiotic-selectivity-v2/outputs/runs/run_20260315_034033/models/dmpnn_rdkit/train_gut_t20_fold2.log
2026-04-04 14:55:02 | INFO  | phase_dmpnn_rdkit |     gut_t20_fold0 completed (GPU 1)
2026-04-04 14:55:02 | INFO  | phase_dmpnn_rdkit |     Launched gut_t20_fold3 on GPU 1 (PID 931558)
2026-04-04 14:55:02 | INFO  | phase_dmpnn_rdkit |     CMD: /home2/vishakha.agrawal/antibiotic-selectivity/venv/bin/chemprop train --data-path /scratch/vishakha.agrawal/antibiotic-selectivity-v2/outputs/runs/run_20260315_034033/models/dmpnn_rdkit/gut_t20/fold_3/combined.csv --save-dir /scratch/vishakha.agrawal/antibiotic-selectivity-v2/outputs/runs/run_20260315_034033/models/dmpnn_rdkit/gut_t20/fold_3...
2026-04-04 14:55:02 | INFO  | phase_dmpnn_rdkit |     Log: /scratch/vishakha.agrawal/antibiotic-selectivity-v2/outputs/runs/run_20260315_034033/models/dmpnn_rdkit/train_gut_t20_fold3.log
2026-04-04 14:57:47 | INFO  | phase_dmpnn_rdkit |     gut_t20_fold1 completed (GPU 0)
2026-04-04 14:57:47 | INFO  | phase_dmpnn_rdkit |     Launched gut_t20_fold4 on GPU 0 (PID 931609)
2026-04-04 14:57:47 | INFO  | phase_dmpnn_rdkit |     CMD: /home2/vishakha.agrawal/antibiotic-selectivity/venv/bin/chemprop train --data-path /scratch/vishakha.agrawal/antibiotic-selectivity-v2/outputs/runs/run_20260315_034033/models/dmpnn_rdkit/gut_t20/fold_4/combined.csv --save-dir /scratch/vishakha.agrawal/antibiotic-selectivity-v2/outputs/runs/run_20260315_034033/models/dmpnn_rdkit/gut_t20/fold_4...
2026-04-04 14:57:47 | INFO  | phase_dmpnn_rdkit |     Log: /scratch/vishakha.agrawal/antibiotic-selectivity-v2/outputs/runs/run_20260315_034033/models/dmpnn_rdkit/train_gut_t20_fold4.log
2026-04-04 15:00:47 | INFO  | phase_dmpnn_rdkit |     gut_t20_fold2 completed (GPU 2)
2026-04-04 15:01:07 | INFO  | phase_dmpnn_rdkit |     gut_t20_fold3 completed (GPU 1)
2026-04-04 15:02:37 | INFO  | phase_dmpnn_rdkit |     gut_t20_fold4 completed (GPU 0)
2026-04-04 15:02:37 | INFO  | phase_dmpnn_rdkit | 
  Fold models: 35 exist, 0 missing (expected 35)
2026-04-04 15:02:37 | INFO  | phase_dmpnn_rdkit | 
  Phase 2: Training final models (7 total)...
2026-04-04 15:02:37 | INFO  | phase_dmpnn_rdkit |     Launched ecoli_final on GPU 2 (PID 931710)
2026-04-04 15:02:37 | INFO  | phase_dmpnn_rdkit |     CMD: /home2/vishakha.agrawal/antibiotic-selectivity/venv/bin/chemprop train --data-path /scratch/vishakha.agrawal/antibiotic-selectivity-v2/data/dmpnn_input/ecoli.csv --save-dir /scratch/vishakha.agrawal/antibiotic-selectivity-v2/outputs/runs/run_20260315_034033/models/dmpnn_rdkit/ecoli/final...
2026-04-04 15:02:37 | INFO  | phase_dmpnn_rdkit |     Log: /scratch/vishakha.agrawal/antibiotic-selectivity-v2/outputs/runs/run_20260315_034033/models/dmpnn_rdkit/train_ecoli_final.log
2026-04-04 15:02:37 | INFO  | phase_dmpnn_rdkit |     Launched saureus_final on GPU 1 (PID 931711)
2026-04-04 15:02:37 | INFO  | phase_dmpnn_rdkit |     CMD: /home2/vishakha.agrawal/antibiotic-selectivity/venv/bin/chemprop train --data-path /scratch/vishakha.agrawal/antibiotic-selectivity-v2/data/dmpnn_input/saureus.csv --save-dir /scratch/vishakha.agrawal/antibiotic-selectivity-v2/outputs/runs/run_20260315_034033/models/dmpnn_rdkit/saureus/final...
2026-04-04 15:02:37 | INFO  | phase_dmpnn_rdkit |     Log: /scratch/vishakha.agrawal/antibiotic-selectivity-v2/outputs/runs/run_20260315_034033/models/dmpnn_rdkit/train_saureus_final.log
2026-04-04 15:02:37 | INFO  | phase_dmpnn_rdkit |     Launched paeruginosa_final on GPU 0 (PID 931712)
2026-04-04 15:02:37 | INFO  | phase_dmpnn_rdkit |     CMD: /home2/vishakha.agrawal/antibiotic-selectivity/venv/bin/chemprop train --data-path /scratch/vishakha.agrawal/antibiotic-selectivity-v2/data/dmpnn_input/paeruginosa.csv --save-dir /scratch/vishakha.agrawal/antibiotic-selectivity-v2/outputs/runs/run_20260315_034033/models/dmpnn_rdkit/paeruginosa/final...
2026-04-04 15:02:37 | INFO  | phase_dmpnn_rdkit |     Log: /scratch/vishakha.agrawal/antibiotic-selectivity-v2/outputs/runs/run_20260315_034033/models/dmpnn_rdkit/train_paeruginosa_final.log
2026-04-04 15:31:08 | INFO  | phase_dmpnn_rdkit |     paeruginosa_final completed (GPU 0)
2026-04-04 15:31:08 | INFO  | phase_dmpnn_rdkit |     Launched mtb_final on GPU 0 (PID 931983)
2026-04-04 15:31:08 | INFO  | phase_dmpnn_rdkit |     CMD: /home2/vishakha.agrawal/antibiotic-selectivity/venv/bin/chemprop train --data-path /scratch/vishakha.agrawal/antibiotic-selectivity-v2/data/dmpnn_input/mtb.csv --save-dir /scratch/vishakha.agrawal/antibiotic-selectivity-v2/outputs/runs/run_20260315_034033/models/dmpnn_rdkit/mtb/final...
2026-04-04 15:31:08 | INFO  | phase_dmpnn_rdkit |     Log: /scratch/vishakha.agrawal/antibiotic-selectivity-v2/outputs/runs/run_20260315_034033/models/dmpnn_rdkit/train_mtb_final.log
2026-04-04 15:47:18 | INFO  | phase_dmpnn_rdkit |     ecoli_final completed (GPU 2)
2026-04-04 15:47:18 | INFO  | phase_dmpnn_rdkit |     Launched gut_t5_final on GPU 2 (PID 932828)
2026-04-04 15:47:18 | INFO  | phase_dmpnn_rdkit |     CMD: /home2/vishakha.agrawal/antibiotic-selectivity/venv/bin/chemprop train --data-path /scratch/vishakha.agrawal/antibiotic-selectivity-v2/data/dmpnn_input/gut_t5.csv --save-dir /scratch/vishakha.agrawal/antibiotic-selectivity-v2/outputs/runs/run_20260315_034033/models/dmpnn_rdkit/gut_t5/final...
2026-04-04 15:47:18 | INFO  | phase_dmpnn_rdkit |     Log: /scratch/vishakha.agrawal/antibiotic-selectivity-v2/outputs/runs/run_20260315_034033/models/dmpnn_rdkit/train_gut_t5_final.log
2026-04-04 15:51:28 | INFO  | phase_dmpnn_rdkit |     gut_t5_final completed (GPU 2)
2026-04-04 15:51:28 | INFO  | phase_dmpnn_rdkit |     Launched gut_t10_final on GPU 2 (PID 932886)
2026-04-04 15:51:28 | INFO  | phase_dmpnn_rdkit |     CMD: /home2/vishakha.agrawal/antibiotic-selectivity/venv/bin/chemprop train --data-path /scratch/vishakha.agrawal/antibiotic-selectivity-v2/data/dmpnn_input/gut_t10.csv --save-dir /scratch/vishakha.agrawal/antibiotic-selectivity-v2/outputs/runs/run_20260315_034033/models/dmpnn_rdkit/gut_t10/final...
2026-04-04 15:51:28 | INFO  | phase_dmpnn_rdkit |     Log: /scratch/vishakha.agrawal/antibiotic-selectivity-v2/outputs/runs/run_20260315_034033/models/dmpnn_rdkit/train_gut_t10_final.log
2026-04-04 15:55:58 | INFO  | phase_dmpnn_rdkit |     gut_t10_final completed (GPU 2)
2026-04-04 15:55:58 | INFO  | phase_dmpnn_rdkit |     Launched gut_t20_final on GPU 2 (PID 932945)
2026-04-04 15:55:58 | INFO  | phase_dmpnn_rdkit |     CMD: /home2/vishakha.agrawal/antibiotic-selectivity/venv/bin/chemprop train --data-path /scratch/vishakha.agrawal/antibiotic-selectivity-v2/data/dmpnn_input/gut_t20.csv --save-dir /scratch/vishakha.agrawal/antibiotic-selectivity-v2/outputs/runs/run_20260315_034033/models/dmpnn_rdkit/gut_t20/final...
2026-04-04 15:55:58 | INFO  | phase_dmpnn_rdkit |     Log: /scratch/vishakha.agrawal/antibiotic-selectivity-v2/outputs/runs/run_20260315_034033/models/dmpnn_rdkit/train_gut_t20_final.log
2026-04-04 15:56:23 | INFO  | phase_dmpnn_rdkit |     mtb_final completed (GPU 0)
2026-04-04 15:59:33 | INFO  | phase_dmpnn_rdkit |     gut_t20_final completed (GPU 2)
2026-04-04 16:15:08 | INFO  | phase_dmpnn_rdkit |     saureus_final completed (GPU 1)
2026-04-04 16:15:08 | INFO  | phase_dmpnn_rdkit | 
  Final models: 7/7 exist
2026-04-04 16:15:08 | INFO  | phase_dmpnn_rdkit |   Saved training status: /scratch/vishakha.agrawal/antibiotic-selectivity-v2/outputs/runs/run_20260315_034033/models/dmpnn_rdkit/training_status.json
2026-04-04 16:15:08 | INFO  | phase_dmpnn_rdkit | 
  PHASE 2/7: CV METRICS
2026-04-04 16:15:08 | INFO  | phase_dmpnn_rdkit | 
======================================================================
2026-04-04 16:15:08 | INFO  | phase_dmpnn_rdkit |   CV METRICS (from fold model predictions)
2026-04-04 16:15:08 | INFO  | phase_dmpnn_rdkit | ======================================================================
2026-04-04 16:15:28 | ERROR | phase_dmpnn_rdkit |   ecoli fold 0: OOF predict FAILED (exit 1)
2026-04-04 16:15:28 | ERROR | phase_dmpnn_rdkit |     STDERR: y/venv/lib/python3.12/site-packages/lightning/fabric/plugins/environments/slurm.py", line 163, in validate_settings
    raise ValueError(
ValueError: You set `devices=3` in Lightning, but the number of tasks per node configured in SLURM `--ntasks-per-node=30` does not match. HINT: Set `devices=30`.

2026-04-04 16:15:42 | ERROR | phase_dmpnn_rdkit |   ecoli fold 1: OOF predict FAILED (exit 1)
2026-04-04 16:15:42 | ERROR | phase_dmpnn_rdkit |     STDERR: y/venv/lib/python3.12/site-packages/lightning/fabric/plugins/environments/slurm.py", line 163, in validate_settings
    raise ValueError(
ValueError: You set `devices=3` in Lightning, but the number of tasks per node configured in SLURM `--ntasks-per-node=30` does not match. HINT: Set `devices=30`.

2026-04-04 16:15:56 | ERROR | phase_dmpnn_rdkit |   ecoli fold 2: OOF predict FAILED (exit 1)
2026-04-04 16:15:56 | ERROR | phase_dmpnn_rdkit |     STDERR: y/venv/lib/python3.12/site-packages/lightning/fabric/plugins/environments/slurm.py", line 163, in validate_settings
    raise ValueError(
ValueError: You set `devices=3` in Lightning, but the number of tasks per node configured in SLURM `--ntasks-per-node=30` does not match. HINT: Set `devices=30`.

2026-04-04 16:16:10 | ERROR | phase_dmpnn_rdkit |   ecoli fold 3: OOF predict FAILED (exit 1)
2026-04-04 16:16:10 | ERROR | phase_dmpnn_rdkit |     STDERR: y/venv/lib/python3.12/site-packages/lightning/fabric/plugins/environments/slurm.py", line 163, in validate_settings
    raise ValueError(
ValueError: You set `devices=3` in Lightning, but the number of tasks per node configured in SLURM `--ntasks-per-node=30` does not match. HINT: Set `devices=30`.

2026-04-04 16:16:26 | ERROR | phase_dmpnn_rdkit |   ecoli fold 4: OOF predict FAILED (exit 1)
2026-04-04 16:16:26 | ERROR | phase_dmpnn_rdkit |     STDERR: y/venv/lib/python3.12/site-packages/lightning/fabric/plugins/environments/slurm.py", line 163, in validate_settings
    raise ValueError(
ValueError: You set `devices=3` in Lightning, but the number of tasks per node configured in SLURM `--ntasks-per-node=30` does not match. HINT: Set `devices=30`.

2026-04-04 16:16:26 | WARNING | phase_dmpnn_rdkit |   ecoli: too few OOF predictions
2026-04-04 16:16:41 | ERROR | phase_dmpnn_rdkit |   saureus fold 0: OOF predict FAILED (exit 1)
2026-04-04 16:16:41 | ERROR | phase_dmpnn_rdkit |     STDERR: y/venv/lib/python3.12/site-packages/lightning/fabric/plugins/environments/slurm.py", line 163, in validate_settings
    raise ValueError(
ValueError: You set `devices=3` in Lightning, but the number of tasks per node configured in SLURM `--ntasks-per-node=30` does not match. HINT: Set `devices=30`.

2026-04-04 16:16:56 | ERROR | phase_dmpnn_rdkit |   saureus fold 1: OOF predict FAILED (exit 1)
2026-04-04 16:16:56 | ERROR | phase_dmpnn_rdkit |     STDERR: y/venv/lib/python3.12/site-packages/lightning/fabric/plugins/environments/slurm.py", line 163, in validate_settings
    raise ValueError(
ValueError: You set `devices=3` in Lightning, but the number of tasks per node configured in SLURM `--ntasks-per-node=30` does not match. HINT: Set `devices=30`.

2026-04-04 16:17:12 | ERROR | phase_dmpnn_rdkit |   saureus fold 2: OOF predict FAILED (exit 1)
2026-04-04 16:17:12 | ERROR | phase_dmpnn_rdkit |     STDERR: y/venv/lib/python3.12/site-packages/lightning/fabric/plugins/environments/slurm.py", line 163, in validate_settings
    raise ValueError(
ValueError: You set `devices=3` in Lightning, but the number of tasks per node configured in SLURM `--ntasks-per-node=30` does not match. HINT: Set `devices=30`.

2026-04-04 16:17:28 | ERROR | phase_dmpnn_rdkit |   saureus fold 3: OOF predict FAILED (exit 1)
2026-04-04 16:17:28 | ERROR | phase_dmpnn_rdkit |     STDERR: y/venv/lib/python3.12/site-packages/lightning/fabric/plugins/environments/slurm.py", line 163, in validate_settings
    raise ValueError(
ValueError: You set `devices=3` in Lightning, but the number of tasks per node configured in SLURM `--ntasks-per-node=30` does not match. HINT: Set `devices=30`.

2026-04-04 16:17:43 | ERROR | phase_dmpnn_rdkit |   saureus fold 4: OOF predict FAILED (exit 1)
2026-04-04 16:17:43 | ERROR | phase_dmpnn_rdkit |     STDERR: y/venv/lib/python3.12/site-packages/lightning/fabric/plugins/environments/slurm.py", line 163, in validate_settings
    raise ValueError(
ValueError: You set `devices=3` in Lightning, but the number of tasks per node configured in SLURM `--ntasks-per-node=30` does not match. HINT: Set `devices=30`.

2026-04-04 16:17:43 | WARNING | phase_dmpnn_rdkit |   saureus: too few OOF predictions
2026-04-04 16:17:57 | ERROR | phase_dmpnn_rdkit |   paeruginosa fold 0: OOF predict FAILED (exit 1)
2026-04-04 16:17:57 | ERROR | phase_dmpnn_rdkit |     STDERR: y/venv/lib/python3.12/site-packages/lightning/fabric/plugins/environments/slurm.py", line 163, in validate_settings
    raise ValueError(
ValueError: You set `devices=3` in Lightning, but the number of tasks per node configured in SLURM `--ntasks-per-node=30` does not match. HINT: Set `devices=30`.

2026-04-04 16:18:10 | ERROR | phase_dmpnn_rdkit |   paeruginosa fold 1: OOF predict FAILED (exit 1)
2026-04-04 16:18:10 | ERROR | phase_dmpnn_rdkit |     STDERR: y/venv/lib/python3.12/site-packages/lightning/fabric/plugins/environments/slurm.py", line 163, in validate_settings
    raise ValueError(
ValueError: You set `devices=3` in Lightning, but the number of tasks per node configured in SLURM `--ntasks-per-node=30` does not match. HINT: Set `devices=30`.

2026-04-04 16:18:24 | ERROR | phase_dmpnn_rdkit |   paeruginosa fold 2: OOF predict FAILED (exit 1)
2026-04-04 16:18:24 | ERROR | phase_dmpnn_rdkit |     STDERR: y/venv/lib/python3.12/site-packages/lightning/fabric/plugins/environments/slurm.py", line 163, in validate_settings
    raise ValueError(
ValueError: You set `devices=3` in Lightning, but the number of tasks per node configured in SLURM `--ntasks-per-node=30` does not match. HINT: Set `devices=30`.

2026-04-04 16:18:39 | ERROR | phase_dmpnn_rdkit |   paeruginosa fold 3: OOF predict FAILED (exit 1)
2026-04-04 16:18:39 | ERROR | phase_dmpnn_rdkit |     STDERR: y/venv/lib/python3.12/site-packages/lightning/fabric/plugins/environments/slurm.py", line 163, in validate_settings
    raise ValueError(
ValueError: You set `devices=3` in Lightning, but the number of tasks per node configured in SLURM `--ntasks-per-node=30` does not match. HINT: Set `devices=30`.

2026-04-04 16:18:53 | ERROR | phase_dmpnn_rdkit |   paeruginosa fold 4: OOF predict FAILED (exit 1)
2026-04-04 16:18:53 | ERROR | phase_dmpnn_rdkit |     STDERR: y/venv/lib/python3.12/site-packages/lightning/fabric/plugins/environments/slurm.py", line 163, in validate_settings
    raise ValueError(
ValueError: You set `devices=3` in Lightning, but the number of tasks per node configured in SLURM `--ntasks-per-node=30` does not match. HINT: Set `devices=30`.

2026-04-04 16:18:53 | WARNING | phase_dmpnn_rdkit |   paeruginosa: too few OOF predictions
2026-04-04 16:19:06 | ERROR | phase_dmpnn_rdkit |   mtb fold 0: OOF predict FAILED (exit 1)
2026-04-04 16:19:06 | ERROR | phase_dmpnn_rdkit |     STDERR: y/venv/lib/python3.12/site-packages/lightning/fabric/plugins/environments/slurm.py", line 163, in validate_settings
    raise ValueError(
ValueError: You set `devices=3` in Lightning, but the number of tasks per node configured in SLURM `--ntasks-per-node=30` does not match. HINT: Set `devices=30`.

2026-04-04 16:19:20 | ERROR | phase_dmpnn_rdkit |   mtb fold 1: OOF predict FAILED (exit 1)
2026-04-04 16:19:20 | ERROR | phase_dmpnn_rdkit |     STDERR: y/venv/lib/python3.12/site-packages/lightning/fabric/plugins/environments/slurm.py", line 163, in validate_settings
    raise ValueError(
ValueError: You set `devices=3` in Lightning, but the number of tasks per node configured in SLURM `--ntasks-per-node=30` does not match. HINT: Set `devices=30`.

2026-04-04 16:19:33 | ERROR | phase_dmpnn_rdkit |   mtb fold 2: OOF predict FAILED (exit 1)
2026-04-04 16:19:33 | ERROR | phase_dmpnn_rdkit |     STDERR: y/venv/lib/python3.12/site-packages/lightning/fabric/plugins/environments/slurm.py", line 163, in validate_settings
    raise ValueError(
ValueError: You set `devices=3` in Lightning, but the number of tasks per node configured in SLURM `--ntasks-per-node=30` does not match. HINT: Set `devices=30`.

2026-04-04 16:19:48 | ERROR | phase_dmpnn_rdkit |   mtb fold 3: OOF predict FAILED (exit 1)
2026-04-04 16:19:48 | ERROR | phase_dmpnn_rdkit |     STDERR: y/venv/lib/python3.12/site-packages/lightning/fabric/plugins/environments/slurm.py", line 163, in validate_settings
    raise ValueError(
ValueError: You set `devices=3` in Lightning, but the number of tasks per node configured in SLURM `--ntasks-per-node=30` does not match. HINT: Set `devices=30`.

2026-04-04 16:20:01 | ERROR | phase_dmpnn_rdkit |   mtb fold 4: OOF predict FAILED (exit 1)
2026-04-04 16:20:01 | ERROR | phase_dmpnn_rdkit |     STDERR: y/venv/lib/python3.12/site-packages/lightning/fabric/plugins/environments/slurm.py", line 163, in validate_settings
    raise ValueError(
ValueError: You set `devices=3` in Lightning, but the number of tasks per node configured in SLURM `--ntasks-per-node=30` does not match. HINT: Set `devices=30`.

2026-04-04 16:20:01 | WARNING | phase_dmpnn_rdkit |   mtb: too few OOF predictions
2026-04-04 16:20:13 | ERROR | phase_dmpnn_rdkit |   gut_t5 fold 0: OOF predict FAILED (exit 1)
2026-04-04 16:20:13 | ERROR | phase_dmpnn_rdkit |     STDERR: y/venv/lib/python3.12/site-packages/lightning/fabric/plugins/environments/slurm.py", line 163, in validate_settings
    raise ValueError(
ValueError: You set `devices=3` in Lightning, but the number of tasks per node configured in SLURM `--ntasks-per-node=30` does not match. HINT: Set `devices=30`.

2026-04-04 16:20:25 | ERROR | phase_dmpnn_rdkit |   gut_t5 fold 1: OOF predict FAILED (exit 1)
2026-04-04 16:20:25 | ERROR | phase_dmpnn_rdkit |     STDERR: y/venv/lib/python3.12/site-packages/lightning/fabric/plugins/environments/slurm.py", line 163, in validate_settings
    raise ValueError(
ValueError: You set `devices=3` in Lightning, but the number of tasks per node configured in SLURM `--ntasks-per-node=30` does not match. HINT: Set `devices=30`.

2026-04-04 16:20:37 | ERROR | phase_dmpnn_rdkit |   gut_t5 fold 2: OOF predict FAILED (exit 1)
2026-04-04 16:20:37 | ERROR | phase_dmpnn_rdkit |     STDERR: y/venv/lib/python3.12/site-packages/lightning/fabric/plugins/environments/slurm.py", line 163, in validate_settings
    raise ValueError(
ValueError: You set `devices=3` in Lightning, but the number of tasks per node configured in SLURM `--ntasks-per-node=30` does not match. HINT: Set `devices=30`.

2026-04-04 16:20:50 | ERROR | phase_dmpnn_rdkit |   gut_t5 fold 3: OOF predict FAILED (exit 1)
2026-04-04 16:20:50 | ERROR | phase_dmpnn_rdkit |     STDERR: y/venv/lib/python3.12/site-packages/lightning/fabric/plugins/environments/slurm.py", line 163, in validate_settings
    raise ValueError(
ValueError: You set `devices=3` in Lightning, but the number of tasks per node configured in SLURM `--ntasks-per-node=30` does not match. HINT: Set `devices=30`.

2026-04-04 16:21:02 | ERROR | phase_dmpnn_rdkit |   gut_t5 fold 4: OOF predict FAILED (exit 1)
2026-04-04 16:21:02 | ERROR | phase_dmpnn_rdkit |     STDERR: y/venv/lib/python3.12/site-packages/lightning/fabric/plugins/environments/slurm.py", line 163, in validate_settings
    raise ValueError(
ValueError: You set `devices=3` in Lightning, but the number of tasks per node configured in SLURM `--ntasks-per-node=30` does not match. HINT: Set `devices=30`.

2026-04-04 16:21:02 | WARNING | phase_dmpnn_rdkit |   gut_t5: too few OOF predictions
2026-04-04 16:21:14 | ERROR | phase_dmpnn_rdkit |   gut_t10 fold 0: OOF predict FAILED (exit 1)
2026-04-04 16:21:14 | ERROR | phase_dmpnn_rdkit |     STDERR: y/venv/lib/python3.12/site-packages/lightning/fabric/plugins/environments/slurm.py", line 163, in validate_settings
    raise ValueError(
ValueError: You set `devices=3` in Lightning, but the number of tasks per node configured in SLURM `--ntasks-per-node=30` does not match. HINT: Set `devices=30`.

2026-04-04 16:21:26 | ERROR | phase_dmpnn_rdkit |   gut_t10 fold 1: OOF predict FAILED (exit 1)
2026-04-04 16:21:26 | ERROR | phase_dmpnn_rdkit |     STDERR: y/venv/lib/python3.12/site-packages/lightning/fabric/plugins/environments/slurm.py", line 163, in validate_settings
    raise ValueError(
ValueError: You set `devices=3` in Lightning, but the number of tasks per node configured in SLURM `--ntasks-per-node=30` does not match. HINT: Set `devices=30`.

2026-04-04 16:21:38 | ERROR | phase_dmpnn_rdkit |   gut_t10 fold 2: OOF predict FAILED (exit 1)
2026-04-04 16:21:38 | ERROR | phase_dmpnn_rdkit |     STDERR: y/venv/lib/python3.12/site-packages/lightning/fabric/plugins/environments/slurm.py", line 163, in validate_settings
    raise ValueError(
ValueError: You set `devices=3` in Lightning, but the number of tasks per node configured in SLURM `--ntasks-per-node=30` does not match. HINT: Set `devices=30`.

2026-04-04 16:21:51 | ERROR | phase_dmpnn_rdkit |   gut_t10 fold 3: OOF predict FAILED (exit 1)
2026-04-04 16:21:51 | ERROR | phase_dmpnn_rdkit |     STDERR: y/venv/lib/python3.12/site-packages/lightning/fabric/plugins/environments/slurm.py", line 163, in validate_settings
    raise ValueError(
ValueError: You set `devices=3` in Lightning, but the number of tasks per node configured in SLURM `--ntasks-per-node=30` does not match. HINT: Set `devices=30`.

2026-04-04 16:22:04 | ERROR | phase_dmpnn_rdkit |   gut_t10 fold 4: OOF predict FAILED (exit 1)
2026-04-04 16:22:04 | ERROR | phase_dmpnn_rdkit |     STDERR: y/venv/lib/python3.12/site-packages/lightning/fabric/plugins/environments/slurm.py", line 163, in validate_settings
    raise ValueError(
ValueError: You set `devices=3` in Lightning, but the number of tasks per node configured in SLURM `--ntasks-per-node=30` does not match. HINT: Set `devices=30`.

2026-04-04 16:22:04 | WARNING | phase_dmpnn_rdkit |   gut_t10: too few OOF predictions
2026-04-04 16:22:16 | ERROR | phase_dmpnn_rdkit |   gut_t20 fold 0: OOF predict FAILED (exit 1)
2026-04-04 16:22:16 | ERROR | phase_dmpnn_rdkit |     STDERR: y/venv/lib/python3.12/site-packages/lightning/fabric/plugins/environments/slurm.py", line 163, in validate_settings
    raise ValueError(
ValueError: You set `devices=3` in Lightning, but the number of tasks per node configured in SLURM `--ntasks-per-node=30` does not match. HINT: Set `devices=30`.

2026-04-04 16:22:28 | ERROR | phase_dmpnn_rdkit |   gut_t20 fold 1: OOF predict FAILED (exit 1)
2026-04-04 16:22:28 | ERROR | phase_dmpnn_rdkit |     STDERR: y/venv/lib/python3.12/site-packages/lightning/fabric/plugins/environments/slurm.py", line 163, in validate_settings
    raise ValueError(
ValueError: You set `devices=3` in Lightning, but the number of tasks per node configured in SLURM `--ntasks-per-node=30` does not match. HINT: Set `devices=30`.

2026-04-04 16:22:40 | ERROR | phase_dmpnn_rdkit |   gut_t20 fold 2: OOF predict FAILED (exit 1)
2026-04-04 16:22:40 | ERROR | phase_dmpnn_rdkit |     STDERR: y/venv/lib/python3.12/site-packages/lightning/fabric/plugins/environments/slurm.py", line 163, in validate_settings
    raise ValueError(
ValueError: You set `devices=3` in Lightning, but the number of tasks per node configured in SLURM `--ntasks-per-node=30` does not match. HINT: Set `devices=30`.

2026-04-04 16:22:53 | ERROR | phase_dmpnn_rdkit |   gut_t20 fold 3: OOF predict FAILED (exit 1)
2026-04-04 16:22:53 | ERROR | phase_dmpnn_rdkit |     STDERR: y/venv/lib/python3.12/site-packages/lightning/fabric/plugins/environments/slurm.py", line 163, in validate_settings
    raise ValueError(
ValueError: You set `devices=3` in Lightning, but the number of tasks per node configured in SLURM `--ntasks-per-node=30` does not match. HINT: Set `devices=30`.

2026-04-04 16:23:06 | ERROR | phase_dmpnn_rdkit |   gut_t20 fold 4: OOF predict FAILED (exit 1)
2026-04-04 16:23:06 | ERROR | phase_dmpnn_rdkit |     STDERR: y/venv/lib/python3.12/site-packages/lightning/fabric/plugins/environments/slurm.py", line 163, in validate_settings
    raise ValueError(
ValueError: You set `devices=3` in Lightning, but the number of tasks per node configured in SLURM `--ntasks-per-node=30` does not match. HINT: Set `devices=30`.

2026-04-04 16:23:06 | WARNING | phase_dmpnn_rdkit |   gut_t20: too few OOF predictions
2026-04-04 16:23:06 | INFO  | phase_dmpnn_rdkit | 
  Saved: /scratch/vishakha.agrawal/antibiotic-selectivity-v2/outputs/runs/run_20260315_034033/results/dmpnn_rdkit_cv_metrics.json
2026-04-04 16:23:06 | INFO  | phase_dmpnn_rdkit | 
  PHASE 3/7: HUB SCREENING
2026-04-04 16:23:06 | INFO  | phase_dmpnn_rdkit | 
======================================================================
2026-04-04 16:23:06 | INFO  | phase_dmpnn_rdkit |   HUB SCREENING (Ensemble of 5 fold models)
2026-04-04 16:23:06 | INFO  | phase_dmpnn_rdkit | ======================================================================
2026-04-04 16:23:06 | INFO  | phase_dmpnn_rdkit |   Predicting ecoli fold 0...
2026-04-04 16:23:20 | ERROR | phase_dmpnn_rdkit |   ecoli fold 0: predict FAILED (exit 1)
2026-04-04 16:23:20 | ERROR | phase_dmpnn_rdkit |   CMD: /home2/vishakha.agrawal/antibiotic-selectivity/venv/bin/chemprop predict --test-path /scratch/vishakha.agrawal/antibiotic-selectivity-v2/data/dmpnn_input/hub_screen.csv --model-path /scratch/vishakha.agrawal/antibiotic-selectivity-v2/outputs/runs/run_20260315_034033/models/dmpnn_rdkit/ecoli/fold_0/model_0/best.pt --preds-path /scratch/vishakha.agrawal/antibiotic-selectivity-v2/outputs/runs/run_20260315_034033/models/dmpnn_rdkit/ecoli/fold_0/hub_preds.csv --smiles-column smiles
2026-04-04 16:23:20 | ERROR | phase_dmpnn_rdkit |   STDERR: subprocess_script.py", line 99, in launch
    self.cluster_environment.validate_settings(num_devices=self.num_processes, num_nodes=self.num_nodes)
  File "/home2/vishakha.agrawal/antibiotic-selectivity/venv/lib/python3.12/site-packages/lightning/fabric/plugins/environments/slurm.py", line 163, in validate_settings
    raise ValueError(
ValueError: You set `devices=3` in Lightning, but the number of tasks per node configured in SLURM `--ntasks-per-node=30` does not match. HINT: Set `devices=30`.

2026-04-04 16:23:20 | ERROR | phase_dmpnn_rdkit |   ecoli fold 0: prediction failed, no output file /scratch/vishakha.agrawal/antibiotic-selectivity-v2/outputs/runs/run_20260315_034033/models/dmpnn_rdkit/ecoli/fold_0/hub_preds.csv
2026-04-04 16:23:20 | INFO  | phase_dmpnn_rdkit |   Predicting ecoli fold 1...
2026-04-04 16:23:34 | ERROR | phase_dmpnn_rdkit |   ecoli fold 1: predict FAILED (exit 1)
2026-04-04 16:23:34 | ERROR | phase_dmpnn_rdkit |   CMD: /home2/vishakha.agrawal/antibiotic-selectivity/venv/bin/chemprop predict --test-path /scratch/vishakha.agrawal/antibiotic-selectivity-v2/data/dmpnn_input/hub_screen.csv --model-path /scratch/vishakha.agrawal/antibiotic-selectivity-v2/outputs/runs/run_20260315_034033/models/dmpnn_rdkit/ecoli/fold_1/model_0/best.pt --preds-path /scratch/vishakha.agrawal/antibiotic-selectivity-v2/outputs/runs/run_20260315_034033/models/dmpnn_rdkit/ecoli/fold_1/hub_preds.csv --smiles-column smiles
2026-04-04 16:23:34 | ERROR | phase_dmpnn_rdkit |   STDERR: subprocess_script.py", line 99, in launch
    self.cluster_environment.validate_settings(num_devices=self.num_processes, num_nodes=self.num_nodes)
  File "/home2/vishakha.agrawal/antibiotic-selectivity/venv/lib/python3.12/site-packages/lightning/fabric/plugins/environments/slurm.py", line 163, in validate_settings
    raise ValueError(
ValueError: You set `devices=3` in Lightning, but the number of tasks per node configured in SLURM `--ntasks-per-node=30` does not match. HINT: Set `devices=30`.

2026-04-04 16:23:34 | ERROR | phase_dmpnn_rdkit |   ecoli fold 1: prediction failed, no output file /scratch/vishakha.agrawal/antibiotic-selectivity-v2/outputs/runs/run_20260315_034033/models/dmpnn_rdkit/ecoli/fold_1/hub_preds.csv
2026-04-04 16:23:34 | INFO  | phase_dmpnn_rdkit |   Predicting ecoli fold 2...
2026-04-04 16:23:48 | ERROR | phase_dmpnn_rdkit |   ecoli fold 2: predict FAILED (exit 1)
2026-04-04 16:23:48 | ERROR | phase_dmpnn_rdkit |   CMD: /home2/vishakha.agrawal/antibiotic-selectivity/venv/bin/chemprop predict --test-path /scratch/vishakha.agrawal/antibiotic-selectivity-v2/data/dmpnn_input/hub_screen.csv --model-path /scratch/vishakha.agrawal/antibiotic-selectivity-v2/outputs/runs/run_20260315_034033/models/dmpnn_rdkit/ecoli/fold_2/model_0/best.pt --preds-path /scratch/vishakha.agrawal/antibiotic-selectivity-v2/outputs/runs/run_20260315_034033/models/dmpnn_rdkit/ecoli/fold_2/hub_preds.csv --smiles-column smiles
2026-04-04 16:23:48 | ERROR | phase_dmpnn_rdkit |   STDERR: subprocess_script.py", line 99, in launch
    self.cluster_environment.validate_settings(num_devices=self.num_processes, num_nodes=self.num_nodes)
  File "/home2/vishakha.agrawal/antibiotic-selectivity/venv/lib/python3.12/site-packages/lightning/fabric/plugins/environments/slurm.py", line 163, in validate_settings
    raise ValueError(
ValueError: You set `devices=3` in Lightning, but the number of tasks per node configured in SLURM `--ntasks-per-node=30` does not match. HINT: Set `devices=30`.

2026-04-04 16:23:48 | ERROR | phase_dmpnn_rdkit |   ecoli fold 2: prediction failed, no output file /scratch/vishakha.agrawal/antibiotic-selectivity-v2/outputs/runs/run_20260315_034033/models/dmpnn_rdkit/ecoli/fold_2/hub_preds.csv
2026-04-04 16:23:48 | INFO  | phase_dmpnn_rdkit |   Predicting ecoli fold 3...
2026-04-04 16:24:02 | ERROR | phase_dmpnn_rdkit |   ecoli fold 3: predict FAILED (exit 1)
2026-04-04 16:24:02 | ERROR | phase_dmpnn_rdkit |   CMD: /home2/vishakha.agrawal/antibiotic-selectivity/venv/bin/chemprop predict --test-path /scratch/vishakha.agrawal/antibiotic-selectivity-v2/data/dmpnn_input/hub_screen.csv --model-path /scratch/vishakha.agrawal/antibiotic-selectivity-v2/outputs/runs/run_20260315_034033/models/dmpnn_rdkit/ecoli/fold_3/model_0/best.pt --preds-path /scratch/vishakha.agrawal/antibiotic-selectivity-v2/outputs/runs/run_20260315_034033/models/dmpnn_rdkit/ecoli/fold_3/hub_preds.csv --smiles-column smiles
2026-04-04 16:24:02 | ERROR | phase_dmpnn_rdkit |   STDERR: subprocess_script.py", line 99, in launch
    self.cluster_environment.validate_settings(num_devices=self.num_processes, num_nodes=self.num_nodes)
  File "/home2/vishakha.agrawal/antibiotic-selectivity/venv/lib/python3.12/site-packages/lightning/fabric/plugins/environments/slurm.py", line 163, in validate_settings
    raise ValueError(
ValueError: You set `devices=3` in Lightning, but the number of tasks per node configured in SLURM `--ntasks-per-node=30` does not match. HINT: Set `devices=30`.

2026-04-04 16:24:02 | ERROR | phase_dmpnn_rdkit |   ecoli fold 3: prediction failed, no output file /scratch/vishakha.agrawal/antibiotic-selectivity-v2/outputs/runs/run_20260315_034033/models/dmpnn_rdkit/ecoli/fold_3/hub_preds.csv
2026-04-04 16:24:02 | INFO  | phase_dmpnn_rdkit |   Predicting ecoli fold 4...
2026-04-04 16:24:16 | ERROR | phase_dmpnn_rdkit |   ecoli fold 4: predict FAILED (exit 1)
2026-04-04 16:24:16 | ERROR | phase_dmpnn_rdkit |   CMD: /home2/vishakha.agrawal/antibiotic-selectivity/venv/bin/chemprop predict --test-path /scratch/vishakha.agrawal/antibiotic-selectivity-v2/data/dmpnn_input/hub_screen.csv --model-path /scratch/vishakha.agrawal/antibiotic-selectivity-v2/outputs/runs/run_20260315_034033/models/dmpnn_rdkit/ecoli/fold_4/model_0/best.pt --preds-path /scratch/vishakha.agrawal/antibiotic-selectivity-v2/outputs/runs/run_20260315_034033/models/dmpnn_rdkit/ecoli/fold_4/hub_preds.csv --smiles-column smiles
2026-04-04 16:24:16 | ERROR | phase_dmpnn_rdkit |   STDERR: subprocess_script.py", line 99, in launch
    self.cluster_environment.validate_settings(num_devices=self.num_processes, num_nodes=self.num_nodes)
  File "/home2/vishakha.agrawal/antibiotic-selectivity/venv/lib/python3.12/site-packages/lightning/fabric/plugins/environments/slurm.py", line 163, in validate_settings
    raise ValueError(
ValueError: You set `devices=3` in Lightning, but the number of tasks per node configured in SLURM `--ntasks-per-node=30` does not match. HINT: Set `devices=30`.

2026-04-04 16:24:16 | ERROR | phase_dmpnn_rdkit |   ecoli fold 4: prediction failed, no output file /scratch/vishakha.agrawal/antibiotic-selectivity-v2/outputs/runs/run_20260315_034033/models/dmpnn_rdkit/ecoli/fold_4/hub_preds.csv
2026-04-04 16:24:16 | INFO  | phase_dmpnn_rdkit |   Predicting saureus fold 0...
2026-04-04 16:24:29 | ERROR | phase_dmpnn_rdkit |   saureus fold 0: predict FAILED (exit 1)
2026-04-04 16:24:29 | ERROR | phase_dmpnn_rdkit |   CMD: /home2/vishakha.agrawal/antibiotic-selectivity/venv/bin/chemprop predict --test-path /scratch/vishakha.agrawal/antibiotic-selectivity-v2/data/dmpnn_input/hub_screen.csv --model-path /scratch/vishakha.agrawal/antibiotic-selectivity-v2/outputs/runs/run_20260315_034033/models/dmpnn_rdkit/saureus/fold_0/model_0/best.pt --preds-path /scratch/vishakha.agrawal/antibiotic-selectivity-v2/outputs/runs/run_20260315_034033/models/dmpnn_rdkit/saureus/fold_0/hub_preds.csv --smiles-column smiles
2026-04-04 16:24:29 | ERROR | phase_dmpnn_rdkit |   STDERR: subprocess_script.py", line 99, in launch
    self.cluster_environment.validate_settings(num_devices=self.num_processes, num_nodes=self.num_nodes)
  File "/home2/vishakha.agrawal/antibiotic-selectivity/venv/lib/python3.12/site-packages/lightning/fabric/plugins/environments/slurm.py", line 163, in validate_settings
    raise ValueError(
ValueError: You set `devices=3` in Lightning, but the number of tasks per node configured in SLURM `--ntasks-per-node=30` does not match. HINT: Set `devices=30`.

2026-04-04 16:24:29 | ERROR | phase_dmpnn_rdkit |   saureus fold 0: prediction failed, no output file /scratch/vishakha.agrawal/antibiotic-selectivity-v2/outputs/runs/run_20260315_034033/models/dmpnn_rdkit/saureus/fold_0/hub_preds.csv
2026-04-04 16:24:29 | INFO  | phase_dmpnn_rdkit |   Predicting saureus fold 1...
2026-04-04 16:24:43 | ERROR | phase_dmpnn_rdkit |   saureus fold 1: predict FAILED (exit 1)
2026-04-04 16:24:43 | ERROR | phase_dmpnn_rdkit |   CMD: /home2/vishakha.agrawal/antibiotic-selectivity/venv/bin/chemprop predict --test-path /scratch/vishakha.agrawal/antibiotic-selectivity-v2/data/dmpnn_input/hub_screen.csv --model-path /scratch/vishakha.agrawal/antibiotic-selectivity-v2/outputs/runs/run_20260315_034033/models/dmpnn_rdkit/saureus/fold_1/model_0/best.pt --preds-path /scratch/vishakha.agrawal/antibiotic-selectivity-v2/outputs/runs/run_20260315_034033/models/dmpnn_rdkit/saureus/fold_1/hub_preds.csv --smiles-column smiles
2026-04-04 16:24:43 | ERROR | phase_dmpnn_rdkit |   STDERR: subprocess_script.py", line 99, in launch
    self.cluster_environment.validate_settings(num_devices=self.num_processes, num_nodes=self.num_nodes)
  File "/home2/vishakha.agrawal/antibiotic-selectivity/venv/lib/python3.12/site-packages/lightning/fabric/plugins/environments/slurm.py", line 163, in validate_settings
    raise ValueError(
ValueError: You set `devices=3` in Lightning, but the number of tasks per node configured in SLURM `--ntasks-per-node=30` does not match. HINT: Set `devices=30`.

2026-04-04 16:24:43 | ERROR | phase_dmpnn_rdkit |   saureus fold 1: prediction failed, no output file /scratch/vishakha.agrawal/antibiotic-selectivity-v2/outputs/runs/run_20260315_034033/models/dmpnn_rdkit/saureus/fold_1/hub_preds.csv
2026-04-04 16:24:43 | INFO  | phase_dmpnn_rdkit |   Predicting saureus fold 2...
2026-04-04 16:24:56 | ERROR | phase_dmpnn_rdkit |   saureus fold 2: predict FAILED (exit 1)
2026-04-04 16:24:56 | ERROR | phase_dmpnn_rdkit |   CMD: /home2/vishakha.agrawal/antibiotic-selectivity/venv/bin/chemprop predict --test-path /scratch/vishakha.agrawal/antibiotic-selectivity-v2/data/dmpnn_input/hub_screen.csv --model-path /scratch/vishakha.agrawal/antibiotic-selectivity-v2/outputs/runs/run_20260315_034033/models/dmpnn_rdkit/saureus/fold_2/model_0/best.pt --preds-path /scratch/vishakha.agrawal/antibiotic-selectivity-v2/outputs/runs/run_20260315_034033/models/dmpnn_rdkit/saureus/fold_2/hub_preds.csv --smiles-column smiles
2026-04-04 16:24:56 | ERROR | phase_dmpnn_rdkit |   STDERR: subprocess_script.py", line 99, in launch
    self.cluster_environment.validate_settings(num_devices=self.num_processes, num_nodes=self.num_nodes)
  File "/home2/vishakha.agrawal/antibiotic-selectivity/venv/lib/python3.12/site-packages/lightning/fabric/plugins/environments/slurm.py", line 163, in validate_settings
    raise ValueError(
ValueError: You set `devices=3` in Lightning, but the number of tasks per node configured in SLURM `--ntasks-per-node=30` does not match. HINT: Set `devices=30`.

2026-04-04 16:24:56 | ERROR | phase_dmpnn_rdkit |   saureus fold 2: prediction failed, no output file /scratch/vishakha.agrawal/antibiotic-selectivity-v2/outputs/runs/run_20260315_034033/models/dmpnn_rdkit/saureus/fold_2/hub_preds.csv
2026-04-04 16:24:56 | INFO  | phase_dmpnn_rdkit |   Predicting saureus fold 3...
2026-04-04 16:25:11 | ERROR | phase_dmpnn_rdkit |   saureus fold 3: predict FAILED (exit 1)
2026-04-04 16:25:11 | ERROR | phase_dmpnn_rdkit |   CMD: /home2/vishakha.agrawal/antibiotic-selectivity/venv/bin/chemprop predict --test-path /scratch/vishakha.agrawal/antibiotic-selectivity-v2/data/dmpnn_input/hub_screen.csv --model-path /scratch/vishakha.agrawal/antibiotic-selectivity-v2/outputs/runs/run_20260315_034033/models/dmpnn_rdkit/saureus/fold_3/model_0/best.pt --preds-path /scratch/vishakha.agrawal/antibiotic-selectivity-v2/outputs/runs/run_20260315_034033/models/dmpnn_rdkit/saureus/fold_3/hub_preds.csv --smiles-column smiles
2026-04-04 16:25:11 | ERROR | phase_dmpnn_rdkit |   STDERR: subprocess_script.py", line 99, in launch
    self.cluster_environment.validate_settings(num_devices=self.num_processes, num_nodes=self.num_nodes)
  File "/home2/vishakha.agrawal/antibiotic-selectivity/venv/lib/python3.12/site-packages/lightning/fabric/plugins/environments/slurm.py", line 163, in validate_settings
    raise ValueError(
ValueError: You set `devices=3` in Lightning, but the number of tasks per node configured in SLURM `--ntasks-per-node=30` does not match. HINT: Set `devices=30`.

2026-04-04 16:25:11 | ERROR | phase_dmpnn_rdkit |   saureus fold 3: prediction failed, no output file /scratch/vishakha.agrawal/antibiotic-selectivity-v2/outputs/runs/run_20260315_034033/models/dmpnn_rdkit/saureus/fold_3/hub_preds.csv
2026-04-04 16:25:11 | INFO  | phase_dmpnn_rdkit |   Predicting saureus fold 4...
2026-04-04 16:25:25 | ERROR | phase_dmpnn_rdkit |   saureus fold 4: predict FAILED (exit 1)
2026-04-04 16:25:25 | ERROR | phase_dmpnn_rdkit |   CMD: /home2/vishakha.agrawal/antibiotic-selectivity/venv/bin/chemprop predict --test-path /scratch/vishakha.agrawal/antibiotic-selectivity-v2/data/dmpnn_input/hub_screen.csv --model-path /scratch/vishakha.agrawal/antibiotic-selectivity-v2/outputs/runs/run_20260315_034033/models/dmpnn_rdkit/saureus/fold_4/model_0/best.pt --preds-path /scratch/vishakha.agrawal/antibiotic-selectivity-v2/outputs/runs/run_20260315_034033/models/dmpnn_rdkit/saureus/fold_4/hub_preds.csv --smiles-column smiles
2026-04-04 16:25:25 | ERROR | phase_dmpnn_rdkit |   STDERR: subprocess_script.py", line 99, in launch
    self.cluster_environment.validate_settings(num_devices=self.num_processes, num_nodes=self.num_nodes)
  File "/home2/vishakha.agrawal/antibiotic-selectivity/venv/lib/python3.12/site-packages/lightning/fabric/plugins/environments/slurm.py", line 163, in validate_settings
    raise ValueError(
ValueError: You set `devices=3` in Lightning, but the number of tasks per node configured in SLURM `--ntasks-per-node=30` does not match. HINT: Set `devices=30`.

2026-04-04 16:25:25 | ERROR | phase_dmpnn_rdkit |   saureus fold 4: prediction failed, no output file /scratch/vishakha.agrawal/antibiotic-selectivity-v2/outputs/runs/run_20260315_034033/models/dmpnn_rdkit/saureus/fold_4/hub_preds.csv
2026-04-04 16:25:25 | INFO  | phase_dmpnn_rdkit |   Predicting paeruginosa fold 0...
2026-04-04 16:25:39 | ERROR | phase_dmpnn_rdkit |   paeruginosa fold 0: predict FAILED (exit 1)
2026-04-04 16:25:39 | ERROR | phase_dmpnn_rdkit |   CMD: /home2/vishakha.agrawal/antibiotic-selectivity/venv/bin/chemprop predict --test-path /scratch/vishakha.agrawal/antibiotic-selectivity-v2/data/dmpnn_input/hub_screen.csv --model-path /scratch/vishakha.agrawal/antibiotic-selectivity-v2/outputs/runs/run_20260315_034033/models/dmpnn_rdkit/paeruginosa/fold_0/model_0/best.pt --preds-path /scratch/vishakha.agrawal/antibiotic-selectivity-v2/outputs/runs/run_20260315_034033/models/dmpnn_rdkit/paeruginosa/fold_0/hub_preds.csv --smiles-column smiles
2026-04-04 16:25:39 | ERROR | phase_dmpnn_rdkit |   STDERR: subprocess_script.py", line 99, in launch
    self.cluster_environment.validate_settings(num_devices=self.num_processes, num_nodes=self.num_nodes)
  File "/home2/vishakha.agrawal/antibiotic-selectivity/venv/lib/python3.12/site-packages/lightning/fabric/plugins/environments/slurm.py", line 163, in validate_settings
    raise ValueError(
ValueError: You set `devices=3` in Lightning, but the number of tasks per node configured in SLURM `--ntasks-per-node=30` does not match. HINT: Set `devices=30`.

2026-04-04 16:25:39 | ERROR | phase_dmpnn_rdkit |   paeruginosa fold 0: prediction failed, no output file /scratch/vishakha.agrawal/antibiotic-selectivity-v2/outputs/runs/run_20260315_034033/models/dmpnn_rdkit/paeruginosa/fold_0/hub_preds.csv
2026-04-04 16:25:39 | INFO  | phase_dmpnn_rdkit |   Predicting paeruginosa fold 1...
2026-04-04 16:25:53 | ERROR | phase_dmpnn_rdkit |   paeruginosa fold 1: predict FAILED (exit 1)
2026-04-04 16:25:53 | ERROR | phase_dmpnn_rdkit |   CMD: /home2/vishakha.agrawal/antibiotic-selectivity/venv/bin/chemprop predict --test-path /scratch/vishakha.agrawal/antibiotic-selectivity-v2/data/dmpnn_input/hub_screen.csv --model-path /scratch/vishakha.agrawal/antibiotic-selectivity-v2/outputs/runs/run_20260315_034033/models/dmpnn_rdkit/paeruginosa/fold_1/model_0/best.pt --preds-path /scratch/vishakha.agrawal/antibiotic-selectivity-v2/outputs/runs/run_20260315_034033/models/dmpnn_rdkit/paeruginosa/fold_1/hub_preds.csv --smiles-column smiles
2026-04-04 16:25:53 | ERROR | phase_dmpnn_rdkit |   STDERR: subprocess_script.py", line 99, in launch
    self.cluster_environment.validate_settings(num_devices=self.num_processes, num_nodes=self.num_nodes)
  File "/home2/vishakha.agrawal/antibiotic-selectivity/venv/lib/python3.12/site-packages/lightning/fabric/plugins/environments/slurm.py", line 163, in validate_settings
    raise ValueError(
ValueError: You set `devices=3` in Lightning, but the number of tasks per node configured in SLURM `--ntasks-per-node=30` does not match. HINT: Set `devices=30`.

2026-04-04 16:25:53 | ERROR | phase_dmpnn_rdkit |   paeruginosa fold 1: prediction failed, no output file /scratch/vishakha.agrawal/antibiotic-selectivity-v2/outputs/runs/run_20260315_034033/models/dmpnn_rdkit/paeruginosa/fold_1/hub_preds.csv
2026-04-04 16:25:53 | INFO  | phase_dmpnn_rdkit |   Predicting paeruginosa fold 2...
2026-04-04 16:26:07 | ERROR | phase_dmpnn_rdkit |   paeruginosa fold 2: predict FAILED (exit 1)
2026-04-04 16:26:07 | ERROR | phase_dmpnn_rdkit |   CMD: /home2/vishakha.agrawal/antibiotic-selectivity/venv/bin/chemprop predict --test-path /scratch/vishakha.agrawal/antibiotic-selectivity-v2/data/dmpnn_input/hub_screen.csv --model-path /scratch/vishakha.agrawal/antibiotic-selectivity-v2/outputs/runs/run_20260315_034033/models/dmpnn_rdkit/paeruginosa/fold_2/model_0/best.pt --preds-path /scratch/vishakha.agrawal/antibiotic-selectivity-v2/outputs/runs/run_20260315_034033/models/dmpnn_rdkit/paeruginosa/fold_2/hub_preds.csv --smiles-column smiles
2026-04-04 16:26:07 | ERROR | phase_dmpnn_rdkit |   STDERR: subprocess_script.py", line 99, in launch
    self.cluster_environment.validate_settings(num_devices=self.num_processes, num_nodes=self.num_nodes)
  File "/home2/vishakha.agrawal/antibiotic-selectivity/venv/lib/python3.12/site-packages/lightning/fabric/plugins/environments/slurm.py", line 163, in validate_settings
    raise ValueError(
ValueError: You set `devices=3` in Lightning, but the number of tasks per node configured in SLURM `--ntasks-per-node=30` does not match. HINT: Set `devices=30`.

2026-04-04 16:26:07 | ERROR | phase_dmpnn_rdkit |   paeruginosa fold 2: prediction failed, no output file /scratch/vishakha.agrawal/antibiotic-selectivity-v2/outputs/runs/run_20260315_034033/models/dmpnn_rdkit/paeruginosa/fold_2/hub_preds.csv
2026-04-04 16:26:07 | INFO  | phase_dmpnn_rdkit |   Predicting paeruginosa fold 3...
2026-04-04 16:26:22 | ERROR | phase_dmpnn_rdkit |   paeruginosa fold 3: predict FAILED (exit 1)
2026-04-04 16:26:22 | ERROR | phase_dmpnn_rdkit |   CMD: /home2/vishakha.agrawal/antibiotic-selectivity/venv/bin/chemprop predict --test-path /scratch/vishakha.agrawal/antibiotic-selectivity-v2/data/dmpnn_input/hub_screen.csv --model-path /scratch/vishakha.agrawal/antibiotic-selectivity-v2/outputs/runs/run_20260315_034033/models/dmpnn_rdkit/paeruginosa/fold_3/model_0/best.pt --preds-path /scratch/vishakha.agrawal/antibiotic-selectivity-v2/outputs/runs/run_20260315_034033/models/dmpnn_rdkit/paeruginosa/fold_3/hub_preds.csv --smiles-column smiles
2026-04-04 16:26:22 | ERROR | phase_dmpnn_rdkit |   STDERR: subprocess_script.py", line 99, in launch
    self.cluster_environment.validate_settings(num_devices=self.num_processes, num_nodes=self.num_nodes)
  File "/home2/vishakha.agrawal/antibiotic-selectivity/venv/lib/python3.12/site-packages/lightning/fabric/plugins/environments/slurm.py", line 163, in validate_settings
    raise ValueError(
ValueError: You set `devices=3` in Lightning, but the number of tasks per node configured in SLURM `--ntasks-per-node=30` does not match. HINT: Set `devices=30`.

2026-04-04 16:26:22 | ERROR | phase_dmpnn_rdkit |   paeruginosa fold 3: prediction failed, no output file /scratch/vishakha.agrawal/antibiotic-selectivity-v2/outputs/runs/run_20260315_034033/models/dmpnn_rdkit/paeruginosa/fold_3/hub_preds.csv
2026-04-04 16:26:22 | INFO  | phase_dmpnn_rdkit |   Predicting paeruginosa fold 4...
2026-04-04 16:26:35 | ERROR | phase_dmpnn_rdkit |   paeruginosa fold 4: predict FAILED (exit 1)
2026-04-04 16:26:35 | ERROR | phase_dmpnn_rdkit |   CMD: /home2/vishakha.agrawal/antibiotic-selectivity/venv/bin/chemprop predict --test-path /scratch/vishakha.agrawal/antibiotic-selectivity-v2/data/dmpnn_input/hub_screen.csv --model-path /scratch/vishakha.agrawal/antibiotic-selectivity-v2/outputs/runs/run_20260315_034033/models/dmpnn_rdkit/paeruginosa/fold_4/model_0/best.pt --preds-path /scratch/vishakha.agrawal/antibiotic-selectivity-v2/outputs/runs/run_20260315_034033/models/dmpnn_rdkit/paeruginosa/fold_4/hub_preds.csv --smiles-column smiles
2026-04-04 16:26:35 | ERROR | phase_dmpnn_rdkit |   STDERR: subprocess_script.py", line 99, in launch
    self.cluster_environment.validate_settings(num_devices=self.num_processes, num_nodes=self.num_nodes)
  File "/home2/vishakha.agrawal/antibiotic-selectivity/venv/lib/python3.12/site-packages/lightning/fabric/plugins/environments/slurm.py", line 163, in validate_settings
    raise ValueError(
ValueError: You set `devices=3` in Lightning, but the number of tasks per node configured in SLURM `--ntasks-per-node=30` does not match. HINT: Set `devices=30`.

2026-04-04 16:26:35 | ERROR | phase_dmpnn_rdkit |   paeruginosa fold 4: prediction failed, no output file /scratch/vishakha.agrawal/antibiotic-selectivity-v2/outputs/runs/run_20260315_034033/models/dmpnn_rdkit/paeruginosa/fold_4/hub_preds.csv
2026-04-04 16:26:35 | INFO  | phase_dmpnn_rdkit |   Predicting mtb fold 0...
2026-04-04 16:26:49 | ERROR | phase_dmpnn_rdkit |   mtb fold 0: predict FAILED (exit 1)
2026-04-04 16:26:49 | ERROR | phase_dmpnn_rdkit |   CMD: /home2/vishakha.agrawal/antibiotic-selectivity/venv/bin/chemprop predict --test-path /scratch/vishakha.agrawal/antibiotic-selectivity-v2/data/dmpnn_input/hub_screen.csv --model-path /scratch/vishakha.agrawal/antibiotic-selectivity-v2/outputs/runs/run_20260315_034033/models/dmpnn_rdkit/mtb/fold_0/model_0/best.pt --preds-path /scratch/vishakha.agrawal/antibiotic-selectivity-v2/outputs/runs/run_20260315_034033/models/dmpnn_rdkit/mtb/fold_0/hub_preds.csv --smiles-column smiles
2026-04-04 16:26:49 | ERROR | phase_dmpnn_rdkit |   STDERR: subprocess_script.py", line 99, in launch
    self.cluster_environment.validate_settings(num_devices=self.num_processes, num_nodes=self.num_nodes)
  File "/home2/vishakha.agrawal/antibiotic-selectivity/venv/lib/python3.12/site-packages/lightning/fabric/plugins/environments/slurm.py", line 163, in validate_settings
    raise ValueError(
ValueError: You set `devices=3` in Lightning, but the number of tasks per node configured in SLURM `--ntasks-per-node=30` does not match. HINT: Set `devices=30`.

2026-04-04 16:26:49 | ERROR | phase_dmpnn_rdkit |   mtb fold 0: prediction failed, no output file /scratch/vishakha.agrawal/antibiotic-selectivity-v2/outputs/runs/run_20260315_034033/models/dmpnn_rdkit/mtb/fold_0/hub_preds.csv
2026-04-04 16:26:49 | INFO  | phase_dmpnn_rdkit |   Predicting mtb fold 1...
2026-04-04 16:27:03 | ERROR | phase_dmpnn_rdkit |   mtb fold 1: predict FAILED (exit 1)
2026-04-04 16:27:03 | ERROR | phase_dmpnn_rdkit |   CMD: /home2/vishakha.agrawal/antibiotic-selectivity/venv/bin/chemprop predict --test-path /scratch/vishakha.agrawal/antibiotic-selectivity-v2/data/dmpnn_input/hub_screen.csv --model-path /scratch/vishakha.agrawal/antibiotic-selectivity-v2/outputs/runs/run_20260315_034033/models/dmpnn_rdkit/mtb/fold_1/model_0/best.pt --preds-path /scratch/vishakha.agrawal/antibiotic-selectivity-v2/outputs/runs/run_20260315_034033/models/dmpnn_rdkit/mtb/fold_1/hub_preds.csv --smiles-column smiles
2026-04-04 16:27:03 | ERROR | phase_dmpnn_rdkit |   STDERR: subprocess_script.py", line 99, in launch
    self.cluster_environment.validate_settings(num_devices=self.num_processes, num_nodes=self.num_nodes)
  File "/home2/vishakha.agrawal/antibiotic-selectivity/venv/lib/python3.12/site-packages/lightning/fabric/plugins/environments/slurm.py", line 163, in validate_settings
    raise ValueError(
ValueError: You set `devices=3` in Lightning, but the number of tasks per node configured in SLURM `--ntasks-per-node=30` does not match. HINT: Set `devices=30`.

2026-04-04 16:27:03 | ERROR | phase_dmpnn_rdkit |   mtb fold 1: prediction failed, no output file /scratch/vishakha.agrawal/antibiotic-selectivity-v2/outputs/runs/run_20260315_034033/models/dmpnn_rdkit/mtb/fold_1/hub_preds.csv
2026-04-04 16:27:03 | INFO  | phase_dmpnn_rdkit |   Predicting mtb fold 2...
2026-04-04 16:27:17 | ERROR | phase_dmpnn_rdkit |   mtb fold 2: predict FAILED (exit 1)
2026-04-04 16:27:17 | ERROR | phase_dmpnn_rdkit |   CMD: /home2/vishakha.agrawal/antibiotic-selectivity/venv/bin/chemprop predict --test-path /scratch/vishakha.agrawal/antibiotic-selectivity-v2/data/dmpnn_input/hub_screen.csv --model-path /scratch/vishakha.agrawal/antibiotic-selectivity-v2/outputs/runs/run_20260315_034033/models/dmpnn_rdkit/mtb/fold_2/model_0/best.pt --preds-path /scratch/vishakha.agrawal/antibiotic-selectivity-v2/outputs/runs/run_20260315_034033/models/dmpnn_rdkit/mtb/fold_2/hub_preds.csv --smiles-column smiles
2026-04-04 16:27:17 | ERROR | phase_dmpnn_rdkit |   STDERR: subprocess_script.py", line 99, in launch
    self.cluster_environment.validate_settings(num_devices=self.num_processes, num_nodes=self.num_nodes)
  File "/home2/vishakha.agrawal/antibiotic-selectivity/venv/lib/python3.12/site-packages/lightning/fabric/plugins/environments/slurm.py", line 163, in validate_settings
    raise ValueError(
ValueError: You set `devices=3` in Lightning, but the number of tasks per node configured in SLURM `--ntasks-per-node=30` does not match. HINT: Set `devices=30`.

2026-04-04 16:27:17 | ERROR | phase_dmpnn_rdkit |   mtb fold 2: prediction failed, no output file /scratch/vishakha.agrawal/antibiotic-selectivity-v2/outputs/runs/run_20260315_034033/models/dmpnn_rdkit/mtb/fold_2/hub_preds.csv
2026-04-04 16:27:17 | INFO  | phase_dmpnn_rdkit |   Predicting mtb fold 3...
2026-04-04 16:27:31 | ERROR | phase_dmpnn_rdkit |   mtb fold 3: predict FAILED (exit 1)
2026-04-04 16:27:31 | ERROR | phase_dmpnn_rdkit |   CMD: /home2/vishakha.agrawal/antibiotic-selectivity/venv/bin/chemprop predict --test-path /scratch/vishakha.agrawal/antibiotic-selectivity-v2/data/dmpnn_input/hub_screen.csv --model-path /scratch/vishakha.agrawal/antibiotic-selectivity-v2/outputs/runs/run_20260315_034033/models/dmpnn_rdkit/mtb/fold_3/model_0/best.pt --preds-path /scratch/vishakha.agrawal/antibiotic-selectivity-v2/outputs/runs/run_20260315_034033/models/dmpnn_rdkit/mtb/fold_3/hub_preds.csv --smiles-column smiles
2026-04-04 16:27:31 | ERROR | phase_dmpnn_rdkit |   STDERR: subprocess_script.py", line 99, in launch
    self.cluster_environment.validate_settings(num_devices=self.num_processes, num_nodes=self.num_nodes)
  File "/home2/vishakha.agrawal/antibiotic-selectivity/venv/lib/python3.12/site-packages/lightning/fabric/plugins/environments/slurm.py", line 163, in validate_settings
    raise ValueError(
ValueError: You set `devices=3` in Lightning, but the number of tasks per node configured in SLURM `--ntasks-per-node=30` does not match. HINT: Set `devices=30`.

2026-04-04 16:27:31 | ERROR | phase_dmpnn_rdkit |   mtb fold 3: prediction failed, no output file /scratch/vishakha.agrawal/antibiotic-selectivity-v2/outputs/runs/run_20260315_034033/models/dmpnn_rdkit/mtb/fold_3/hub_preds.csv
2026-04-04 16:27:31 | INFO  | phase_dmpnn_rdkit |   Predicting mtb fold 4...
2026-04-04 16:27:45 | ERROR | phase_dmpnn_rdkit |   mtb fold 4: predict FAILED (exit 1)
2026-04-04 16:27:45 | ERROR | phase_dmpnn_rdkit |   CMD: /home2/vishakha.agrawal/antibiotic-selectivity/venv/bin/chemprop predict --test-path /scratch/vishakha.agrawal/antibiotic-selectivity-v2/data/dmpnn_input/hub_screen.csv --model-path /scratch/vishakha.agrawal/antibiotic-selectivity-v2/outputs/runs/run_20260315_034033/models/dmpnn_rdkit/mtb/fold_4/model_0/best.pt --preds-path /scratch/vishakha.agrawal/antibiotic-selectivity-v2/outputs/runs/run_20260315_034033/models/dmpnn_rdkit/mtb/fold_4/hub_preds.csv --smiles-column smiles
2026-04-04 16:27:45 | ERROR | phase_dmpnn_rdkit |   STDERR: subprocess_script.py", line 99, in launch
    self.cluster_environment.validate_settings(num_devices=self.num_processes, num_nodes=self.num_nodes)
  File "/home2/vishakha.agrawal/antibiotic-selectivity/venv/lib/python3.12/site-packages/lightning/fabric/plugins/environments/slurm.py", line 163, in validate_settings
    raise ValueError(
ValueError: You set `devices=3` in Lightning, but the number of tasks per node configured in SLURM `--ntasks-per-node=30` does not match. HINT: Set `devices=30`.

2026-04-04 16:27:45 | ERROR | phase_dmpnn_rdkit |   mtb fold 4: prediction failed, no output file /scratch/vishakha.agrawal/antibiotic-selectivity-v2/outputs/runs/run_20260315_034033/models/dmpnn_rdkit/mtb/fold_4/hub_preds.csv
2026-04-04 16:27:45 | INFO  | phase_dmpnn_rdkit |   Predicting gut_t5 fold 0...
2026-04-04 16:27:59 | ERROR | phase_dmpnn_rdkit |   gut_t5 fold 0: predict FAILED (exit 1)
2026-04-04 16:27:59 | ERROR | phase_dmpnn_rdkit |   CMD: /home2/vishakha.agrawal/antibiotic-selectivity/venv/bin/chemprop predict --test-path /scratch/vishakha.agrawal/antibiotic-selectivity-v2/data/dmpnn_input/hub_screen.csv --model-path /scratch/vishakha.agrawal/antibiotic-selectivity-v2/outputs/runs/run_20260315_034033/models/dmpnn_rdkit/gut_t5/fold_0/model_0/best.pt --preds-path /scratch/vishakha.agrawal/antibiotic-selectivity-v2/outputs/runs/run_20260315_034033/models/dmpnn_rdkit/gut_t5/fold_0/hub_preds.csv --smiles-column smiles
2026-04-04 16:27:59 | ERROR | phase_dmpnn_rdkit |   STDERR: subprocess_script.py", line 99, in launch
    self.cluster_environment.validate_settings(num_devices=self.num_processes, num_nodes=self.num_nodes)
  File "/home2/vishakha.agrawal/antibiotic-selectivity/venv/lib/python3.12/site-packages/lightning/fabric/plugins/environments/slurm.py", line 163, in validate_settings
    raise ValueError(
ValueError: You set `devices=3` in Lightning, but the number of tasks per node configured in SLURM `--ntasks-per-node=30` does not match. HINT: Set `devices=30`.

2026-04-04 16:27:59 | ERROR | phase_dmpnn_rdkit |   gut_t5 fold 0: prediction failed, no output file /scratch/vishakha.agrawal/antibiotic-selectivity-v2/outputs/runs/run_20260315_034033/models/dmpnn_rdkit/gut_t5/fold_0/hub_preds.csv
2026-04-04 16:27:59 | INFO  | phase_dmpnn_rdkit |   Predicting gut_t5 fold 1...
2026-04-04 16:28:12 | ERROR | phase_dmpnn_rdkit |   gut_t5 fold 1: predict FAILED (exit 1)
2026-04-04 16:28:12 | ERROR | phase_dmpnn_rdkit |   CMD: /home2/vishakha.agrawal/antibiotic-selectivity/venv/bin/chemprop predict --test-path /scratch/vishakha.agrawal/antibiotic-selectivity-v2/data/dmpnn_input/hub_screen.csv --model-path /scratch/vishakha.agrawal/antibiotic-selectivity-v2/outputs/runs/run_20260315_034033/models/dmpnn_rdkit/gut_t5/fold_1/model_0/best.pt --preds-path /scratch/vishakha.agrawal/antibiotic-selectivity-v2/outputs/runs/run_20260315_034033/models/dmpnn_rdkit/gut_t5/fold_1/hub_preds.csv --smiles-column smiles
2026-04-04 16:28:12 | ERROR | phase_dmpnn_rdkit |   STDERR: subprocess_script.py", line 99, in launch
    self.cluster_environment.validate_settings(num_devices=self.num_processes, num_nodes=self.num_nodes)
  File "/home2/vishakha.agrawal/antibiotic-selectivity/venv/lib/python3.12/site-packages/lightning/fabric/plugins/environments/slurm.py", line 163, in validate_settings
    raise ValueError(
ValueError: You set `devices=3` in Lightning, but the number of tasks per node configured in SLURM `--ntasks-per-node=30` does not match. HINT: Set `devices=30`.

2026-04-04 16:28:12 | ERROR | phase_dmpnn_rdkit |   gut_t5 fold 1: prediction failed, no output file /scratch/vishakha.agrawal/antibiotic-selectivity-v2/outputs/runs/run_20260315_034033/models/dmpnn_rdkit/gut_t5/fold_1/hub_preds.csv
2026-04-04 16:28:12 | INFO  | phase_dmpnn_rdkit |   Predicting gut_t5 fold 2...
2026-04-04 16:28:26 | ERROR | phase_dmpnn_rdkit |   gut_t5 fold 2: predict FAILED (exit 1)
2026-04-04 16:28:26 | ERROR | phase_dmpnn_rdkit |   CMD: /home2/vishakha.agrawal/antibiotic-selectivity/venv/bin/chemprop predict --test-path /scratch/vishakha.agrawal/antibiotic-selectivity-v2/data/dmpnn_input/hub_screen.csv --model-path /scratch/vishakha.agrawal/antibiotic-selectivity-v2/outputs/runs/run_20260315_034033/models/dmpnn_rdkit/gut_t5/fold_2/model_0/best.pt --preds-path /scratch/vishakha.agrawal/antibiotic-selectivity-v2/outputs/runs/run_20260315_034033/models/dmpnn_rdkit/gut_t5/fold_2/hub_preds.csv --smiles-column smiles
2026-04-04 16:28:26 | ERROR | phase_dmpnn_rdkit |   STDERR: subprocess_script.py", line 99, in launch
    self.cluster_environment.validate_settings(num_devices=self.num_processes, num_nodes=self.num_nodes)
  File "/home2/vishakha.agrawal/antibiotic-selectivity/venv/lib/python3.12/site-packages/lightning/fabric/plugins/environments/slurm.py", line 163, in validate_settings
    raise ValueError(
ValueError: You set `devices=3` in Lightning, but the number of tasks per node configured in SLURM `--ntasks-per-node=30` does not match. HINT: Set `devices=30`.

2026-04-04 16:28:26 | ERROR | phase_dmpnn_rdkit |   gut_t5 fold 2: prediction failed, no output file /scratch/vishakha.agrawal/antibiotic-selectivity-v2/outputs/runs/run_20260315_034033/models/dmpnn_rdkit/gut_t5/fold_2/hub_preds.csv
2026-04-04 16:28:26 | INFO  | phase_dmpnn_rdkit |   Predicting gut_t5 fold 3...
2026-04-04 16:28:41 | ERROR | phase_dmpnn_rdkit |   gut_t5 fold 3: predict FAILED (exit 1)
2026-04-04 16:28:41 | ERROR | phase_dmpnn_rdkit |   CMD: /home2/vishakha.agrawal/antibiotic-selectivity/venv/bin/chemprop predict --test-path /scratch/vishakha.agrawal/antibiotic-selectivity-v2/data/dmpnn_input/hub_screen.csv --model-path /scratch/vishakha.agrawal/antibiotic-selectivity-v2/outputs/runs/run_20260315_034033/models/dmpnn_rdkit/gut_t5/fold_3/model_0/best.pt --preds-path /scratch/vishakha.agrawal/antibiotic-selectivity-v2/outputs/runs/run_20260315_034033/models/dmpnn_rdkit/gut_t5/fold_3/hub_preds.csv --smiles-column smiles
2026-04-04 16:28:41 | ERROR | phase_dmpnn_rdkit |   STDERR: subprocess_script.py", line 99, in launch
    self.cluster_environment.validate_settings(num_devices=self.num_processes, num_nodes=self.num_nodes)
  File "/home2/vishakha.agrawal/antibiotic-selectivity/venv/lib/python3.12/site-packages/lightning/fabric/plugins/environments/slurm.py", line 163, in validate_settings
    raise ValueError(
ValueError: You set `devices=3` in Lightning, but the number of tasks per node configured in SLURM `--ntasks-per-node=30` does not match. HINT: Set `devices=30`.

2026-04-04 16:28:41 | ERROR | phase_dmpnn_rdkit |   gut_t5 fold 3: prediction failed, no output file /scratch/vishakha.agrawal/antibiotic-selectivity-v2/outputs/runs/run_20260315_034033/models/dmpnn_rdkit/gut_t5/fold_3/hub_preds.csv
2026-04-04 16:28:41 | INFO  | phase_dmpnn_rdkit |   Predicting gut_t5 fold 4...
2026-04-04 16:28:55 | ERROR | phase_dmpnn_rdkit |   gut_t5 fold 4: predict FAILED (exit 1)
2026-04-04 16:28:55 | ERROR | phase_dmpnn_rdkit |   CMD: /home2/vishakha.agrawal/antibiotic-selectivity/venv/bin/chemprop predict --test-path /scratch/vishakha.agrawal/antibiotic-selectivity-v2/data/dmpnn_input/hub_screen.csv --model-path /scratch/vishakha.agrawal/antibiotic-selectivity-v2/outputs/runs/run_20260315_034033/models/dmpnn_rdkit/gut_t5/fold_4/model_0/best.pt --preds-path /scratch/vishakha.agrawal/antibiotic-selectivity-v2/outputs/runs/run_20260315_034033/models/dmpnn_rdkit/gut_t5/fold_4/hub_preds.csv --smiles-column smiles
2026-04-04 16:28:55 | ERROR | phase_dmpnn_rdkit |   STDERR: subprocess_script.py", line 99, in launch
    self.cluster_environment.validate_settings(num_devices=self.num_processes, num_nodes=self.num_nodes)
  File "/home2/vishakha.agrawal/antibiotic-selectivity/venv/lib/python3.12/site-packages/lightning/fabric/plugins/environments/slurm.py", line 163, in validate_settings
    raise ValueError(
ValueError: You set `devices=3` in Lightning, but the number of tasks per node configured in SLURM `--ntasks-per-node=30` does not match. HINT: Set `devices=30`.

2026-04-04 16:28:55 | ERROR | phase_dmpnn_rdkit |   gut_t5 fold 4: prediction failed, no output file /scratch/vishakha.agrawal/antibiotic-selectivity-v2/outputs/runs/run_20260315_034033/models/dmpnn_rdkit/gut_t5/fold_4/hub_preds.csv
2026-04-04 16:28:55 | INFO  | phase_dmpnn_rdkit |   Predicting gut_t10 fold 0...
2026-04-04 16:29:09 | ERROR | phase_dmpnn_rdkit |   gut_t10 fold 0: predict FAILED (exit 1)
2026-04-04 16:29:09 | ERROR | phase_dmpnn_rdkit |   CMD: /home2/vishakha.agrawal/antibiotic-selectivity/venv/bin/chemprop predict --test-path /scratch/vishakha.agrawal/antibiotic-selectivity-v2/data/dmpnn_input/hub_screen.csv --model-path /scratch/vishakha.agrawal/antibiotic-selectivity-v2/outputs/runs/run_20260315_034033/models/dmpnn_rdkit/gut_t10/fold_0/model_0/best.pt --preds-path /scratch/vishakha.agrawal/antibiotic-selectivity-v2/outputs/runs/run_20260315_034033/models/dmpnn_rdkit/gut_t10/fold_0/hub_preds.csv --smiles-column smiles
2026-04-04 16:29:09 | ERROR | phase_dmpnn_rdkit |   STDERR: subprocess_script.py", line 99, in launch
    self.cluster_environment.validate_settings(num_devices=self.num_processes, num_nodes=self.num_nodes)
  File "/home2/vishakha.agrawal/antibiotic-selectivity/venv/lib/python3.12/site-packages/lightning/fabric/plugins/environments/slurm.py", line 163, in validate_settings
    raise ValueError(
ValueError: You set `devices=3` in Lightning, but the number of tasks per node configured in SLURM `--ntasks-per-node=30` does not match. HINT: Set `devices=30`.

2026-04-04 16:29:09 | ERROR | phase_dmpnn_rdkit |   gut_t10 fold 0: prediction failed, no output file /scratch/vishakha.agrawal/antibiotic-selectivity-v2/outputs/runs/run_20260315_034033/models/dmpnn_rdkit/gut_t10/fold_0/hub_preds.csv
2026-04-04 16:29:09 | INFO  | phase_dmpnn_rdkit |   Predicting gut_t10 fold 1...
2026-04-04 16:29:22 | ERROR | phase_dmpnn_rdkit |   gut_t10 fold 1: predict FAILED (exit 1)
2026-04-04 16:29:22 | ERROR | phase_dmpnn_rdkit |   CMD: /home2/vishakha.agrawal/antibiotic-selectivity/venv/bin/chemprop predict --test-path /scratch/vishakha.agrawal/antibiotic-selectivity-v2/data/dmpnn_input/hub_screen.csv --model-path /scratch/vishakha.agrawal/antibiotic-selectivity-v2/outputs/runs/run_20260315_034033/models/dmpnn_rdkit/gut_t10/fold_1/model_0/best.pt --preds-path /scratch/vishakha.agrawal/antibiotic-selectivity-v2/outputs/runs/run_20260315_034033/models/dmpnn_rdkit/gut_t10/fold_1/hub_preds.csv --smiles-column smiles
2026-04-04 16:29:22 | ERROR | phase_dmpnn_rdkit |   STDERR: subprocess_script.py", line 99, in launch
    self.cluster_environment.validate_settings(num_devices=self.num_processes, num_nodes=self.num_nodes)
  File "/home2/vishakha.agrawal/antibiotic-selectivity/venv/lib/python3.12/site-packages/lightning/fabric/plugins/environments/slurm.py", line 163, in validate_settings
    raise ValueError(
ValueError: You set `devices=3` in Lightning, but the number of tasks per node configured in SLURM `--ntasks-per-node=30` does not match. HINT: Set `devices=30`.

2026-04-04 16:29:22 | ERROR | phase_dmpnn_rdkit |   gut_t10 fold 1: prediction failed, no output file /scratch/vishakha.agrawal/antibiotic-selectivity-v2/outputs/runs/run_20260315_034033/models/dmpnn_rdkit/gut_t10/fold_1/hub_preds.csv
2026-04-04 16:29:22 | INFO  | phase_dmpnn_rdkit |   Predicting gut_t10 fold 2...
2026-04-04 16:29:35 | ERROR | phase_dmpnn_rdkit |   gut_t10 fold 2: predict FAILED (exit 1)
2026-04-04 16:29:35 | ERROR | phase_dmpnn_rdkit |   CMD: /home2/vishakha.agrawal/antibiotic-selectivity/venv/bin/chemprop predict --test-path /scratch/vishakha.agrawal/antibiotic-selectivity-v2/data/dmpnn_input/hub_screen.csv --model-path /scratch/vishakha.agrawal/antibiotic-selectivity-v2/outputs/runs/run_20260315_034033/models/dmpnn_rdkit/gut_t10/fold_2/model_0/best.pt --preds-path /scratch/vishakha.agrawal/antibiotic-selectivity-v2/outputs/runs/run_20260315_034033/models/dmpnn_rdkit/gut_t10/fold_2/hub_preds.csv --smiles-column smiles
2026-04-04 16:29:35 | ERROR | phase_dmpnn_rdkit |   STDERR: subprocess_script.py", line 99, in launch
    self.cluster_environment.validate_settings(num_devices=self.num_processes, num_nodes=self.num_nodes)
  File "/home2/vishakha.agrawal/antibiotic-selectivity/venv/lib/python3.12/site-packages/lightning/fabric/plugins/environments/slurm.py", line 163, in validate_settings
    raise ValueError(
ValueError: You set `devices=3` in Lightning, but the number of tasks per node configured in SLURM `--ntasks-per-node=30` does not match. HINT: Set `devices=30`.

2026-04-04 16:29:35 | ERROR | phase_dmpnn_rdkit |   gut_t10 fold 2: prediction failed, no output file /scratch/vishakha.agrawal/antibiotic-selectivity-v2/outputs/runs/run_20260315_034033/models/dmpnn_rdkit/gut_t10/fold_2/hub_preds.csv
2026-04-04 16:29:35 | INFO  | phase_dmpnn_rdkit |   Predicting gut_t10 fold 3...
2026-04-04 16:29:51 | ERROR | phase_dmpnn_rdkit |   gut_t10 fold 3: predict FAILED (exit 1)
2026-04-04 16:29:51 | ERROR | phase_dmpnn_rdkit |   CMD: /home2/vishakha.agrawal/antibiotic-selectivity/venv/bin/chemprop predict --test-path /scratch/vishakha.agrawal/antibiotic-selectivity-v2/data/dmpnn_input/hub_screen.csv --model-path /scratch/vishakha.agrawal/antibiotic-selectivity-v2/outputs/runs/run_20260315_034033/models/dmpnn_rdkit/gut_t10/fold_3/model_0/best.pt --preds-path /scratch/vishakha.agrawal/antibiotic-selectivity-v2/outputs/runs/run_20260315_034033/models/dmpnn_rdkit/gut_t10/fold_3/hub_preds.csv --smiles-column smiles
2026-04-04 16:29:51 | ERROR | phase_dmpnn_rdkit |   STDERR: subprocess_script.py", line 99, in launch
    self.cluster_environment.validate_settings(num_devices=self.num_processes, num_nodes=self.num_nodes)
  File "/home2/vishakha.agrawal/antibiotic-selectivity/venv/lib/python3.12/site-packages/lightning/fabric/plugins/environments/slurm.py", line 163, in validate_settings
    raise ValueError(
ValueError: You set `devices=3` in Lightning, but the number of tasks per node configured in SLURM `--ntasks-per-node=30` does not match. HINT: Set `devices=30`.

2026-04-04 16:29:51 | ERROR | phase_dmpnn_rdkit |   gut_t10 fold 3: prediction failed, no output file /scratch/vishakha.agrawal/antibiotic-selectivity-v2/outputs/runs/run_20260315_034033/models/dmpnn_rdkit/gut_t10/fold_3/hub_preds.csv
2026-04-04 16:29:51 | INFO  | phase_dmpnn_rdkit |   Predicting gut_t10 fold 4...
2026-04-04 16:30:04 | ERROR | phase_dmpnn_rdkit |   gut_t10 fold 4: predict FAILED (exit 1)
2026-04-04 16:30:04 | ERROR | phase_dmpnn_rdkit |   CMD: /home2/vishakha.agrawal/antibiotic-selectivity/venv/bin/chemprop predict --test-path /scratch/vishakha.agrawal/antibiotic-selectivity-v2/data/dmpnn_input/hub_screen.csv --model-path /scratch/vishakha.agrawal/antibiotic-selectivity-v2/outputs/runs/run_20260315_034033/models/dmpnn_rdkit/gut_t10/fold_4/model_0/best.pt --preds-path /scratch/vishakha.agrawal/antibiotic-selectivity-v2/outputs/runs/run_20260315_034033/models/dmpnn_rdkit/gut_t10/fold_4/hub_preds.csv --smiles-column smiles
2026-04-04 16:30:04 | ERROR | phase_dmpnn_rdkit |   STDERR: subprocess_script.py", line 99, in launch
    self.cluster_environment.validate_settings(num_devices=self.num_processes, num_nodes=self.num_nodes)
  File "/home2/vishakha.agrawal/antibiotic-selectivity/venv/lib/python3.12/site-packages/lightning/fabric/plugins/environments/slurm.py", line 163, in validate_settings
    raise ValueError(
ValueError: You set `devices=3` in Lightning, but the number of tasks per node configured in SLURM `--ntasks-per-node=30` does not match. HINT: Set `devices=30`.

2026-04-04 16:30:04 | ERROR | phase_dmpnn_rdkit |   gut_t10 fold 4: prediction failed, no output file /scratch/vishakha.agrawal/antibiotic-selectivity-v2/outputs/runs/run_20260315_034033/models/dmpnn_rdkit/gut_t10/fold_4/hub_preds.csv
2026-04-04 16:30:04 | INFO  | phase_dmpnn_rdkit |   Predicting gut_t20 fold 0...
2026-04-04 16:30:18 | ERROR | phase_dmpnn_rdkit |   gut_t20 fold 0: predict FAILED (exit 1)
2026-04-04 16:30:18 | ERROR | phase_dmpnn_rdkit |   CMD: /home2/vishakha.agrawal/antibiotic-selectivity/venv/bin/chemprop predict --test-path /scratch/vishakha.agrawal/antibiotic-selectivity-v2/data/dmpnn_input/hub_screen.csv --model-path /scratch/vishakha.agrawal/antibiotic-selectivity-v2/outputs/runs/run_20260315_034033/models/dmpnn_rdkit/gut_t20/fold_0/model_0/best.pt --preds-path /scratch/vishakha.agrawal/antibiotic-selectivity-v2/outputs/runs/run_20260315_034033/models/dmpnn_rdkit/gut_t20/fold_0/hub_preds.csv --smiles-column smiles
2026-04-04 16:30:18 | ERROR | phase_dmpnn_rdkit |   STDERR: subprocess_script.py", line 99, in launch
    self.cluster_environment.validate_settings(num_devices=self.num_processes, num_nodes=self.num_nodes)
  File "/home2/vishakha.agrawal/antibiotic-selectivity/venv/lib/python3.12/site-packages/lightning/fabric/plugins/environments/slurm.py", line 163, in validate_settings
    raise ValueError(
ValueError: You set `devices=3` in Lightning, but the number of tasks per node configured in SLURM `--ntasks-per-node=30` does not match. HINT: Set `devices=30`.

2026-04-04 16:30:18 | ERROR | phase_dmpnn_rdkit |   gut_t20 fold 0: prediction failed, no output file /scratch/vishakha.agrawal/antibiotic-selectivity-v2/outputs/runs/run_20260315_034033/models/dmpnn_rdkit/gut_t20/fold_0/hub_preds.csv
2026-04-04 16:30:18 | INFO  | phase_dmpnn_rdkit |   Predicting gut_t20 fold 1...
2026-04-04 16:30:31 | ERROR | phase_dmpnn_rdkit |   gut_t20 fold 1: predict FAILED (exit 1)
2026-04-04 16:30:31 | ERROR | phase_dmpnn_rdkit |   CMD: /home2/vishakha.agrawal/antibiotic-selectivity/venv/bin/chemprop predict --test-path /scratch/vishakha.agrawal/antibiotic-selectivity-v2/data/dmpnn_input/hub_screen.csv --model-path /scratch/vishakha.agrawal/antibiotic-selectivity-v2/outputs/runs/run_20260315_034033/models/dmpnn_rdkit/gut_t20/fold_1/model_0/best.pt --preds-path /scratch/vishakha.agrawal/antibiotic-selectivity-v2/outputs/runs/run_20260315_034033/models/dmpnn_rdkit/gut_t20/fold_1/hub_preds.csv --smiles-column smiles
2026-04-04 16:30:31 | ERROR | phase_dmpnn_rdkit |   STDERR: subprocess_script.py", line 99, in launch
    self.cluster_environment.validate_settings(num_devices=self.num_processes, num_nodes=self.num_nodes)
  File "/home2/vishakha.agrawal/antibiotic-selectivity/venv/lib/python3.12/site-packages/lightning/fabric/plugins/environments/slurm.py", line 163, in validate_settings
    raise ValueError(
ValueError: You set `devices=3` in Lightning, but the number of tasks per node configured in SLURM `--ntasks-per-node=30` does not match. HINT: Set `devices=30`.

2026-04-04 16:30:31 | ERROR | phase_dmpnn_rdkit |   gut_t20 fold 1: prediction failed, no output file /scratch/vishakha.agrawal/antibiotic-selectivity-v2/outputs/runs/run_20260315_034033/models/dmpnn_rdkit/gut_t20/fold_1/hub_preds.csv
2026-04-04 16:30:31 | INFO  | phase_dmpnn_rdkit |   Predicting gut_t20 fold 2...
2026-04-04 16:30:44 | ERROR | phase_dmpnn_rdkit |   gut_t20 fold 2: predict FAILED (exit 1)
2026-04-04 16:30:44 | ERROR | phase_dmpnn_rdkit |   CMD: /home2/vishakha.agrawal/antibiotic-selectivity/venv/bin/chemprop predict --test-path /scratch/vishakha.agrawal/antibiotic-selectivity-v2/data/dmpnn_input/hub_screen.csv --model-path /scratch/vishakha.agrawal/antibiotic-selectivity-v2/outputs/runs/run_20260315_034033/models/dmpnn_rdkit/gut_t20/fold_2/model_0/best.pt --preds-path /scratch/vishakha.agrawal/antibiotic-selectivity-v2/outputs/runs/run_20260315_034033/models/dmpnn_rdkit/gut_t20/fold_2/hub_preds.csv --smiles-column smiles
2026-04-04 16:30:44 | ERROR | phase_dmpnn_rdkit |   STDERR: subprocess_script.py", line 99, in launch
    self.cluster_environment.validate_settings(num_devices=self.num_processes, num_nodes=self.num_nodes)
  File "/home2/vishakha.agrawal/antibiotic-selectivity/venv/lib/python3.12/site-packages/lightning/fabric/plugins/environments/slurm.py", line 163, in validate_settings
    raise ValueError(
ValueError: You set `devices=3` in Lightning, but the number of tasks per node configured in SLURM `--ntasks-per-node=30` does not match. HINT: Set `devices=30`.

2026-04-04 16:30:44 | ERROR | phase_dmpnn_rdkit |   gut_t20 fold 2: prediction failed, no output file /scratch/vishakha.agrawal/antibiotic-selectivity-v2/outputs/runs/run_20260315_034033/models/dmpnn_rdkit/gut_t20/fold_2/hub_preds.csv
2026-04-04 16:30:44 | INFO  | phase_dmpnn_rdkit |   Predicting gut_t20 fold 3...
2026-04-04 16:31:00 | ERROR | phase_dmpnn_rdkit |   gut_t20 fold 3: predict FAILED (exit 1)
2026-04-04 16:31:00 | ERROR | phase_dmpnn_rdkit |   CMD: /home2/vishakha.agrawal/antibiotic-selectivity/venv/bin/chemprop predict --test-path /scratch/vishakha.agrawal/antibiotic-selectivity-v2/data/dmpnn_input/hub_screen.csv --model-path /scratch/vishakha.agrawal/antibiotic-selectivity-v2/outputs/runs/run_20260315_034033/models/dmpnn_rdkit/gut_t20/fold_3/model_0/best.pt --preds-path /scratch/vishakha.agrawal/antibiotic-selectivity-v2/outputs/runs/run_20260315_034033/models/dmpnn_rdkit/gut_t20/fold_3/hub_preds.csv --smiles-column smiles
2026-04-04 16:31:00 | ERROR | phase_dmpnn_rdkit |   STDERR: subprocess_script.py", line 99, in launch
    self.cluster_environment.validate_settings(num_devices=self.num_processes, num_nodes=self.num_nodes)
  File "/home2/vishakha.agrawal/antibiotic-selectivity/venv/lib/python3.12/site-packages/lightning/fabric/plugins/environments/slurm.py", line 163, in validate_settings
    raise ValueError(
ValueError: You set `devices=3` in Lightning, but the number of tasks per node configured in SLURM `--ntasks-per-node=30` does not match. HINT: Set `devices=30`.

2026-04-04 16:31:00 | ERROR | phase_dmpnn_rdkit |   gut_t20 fold 3: prediction failed, no output file /scratch/vishakha.agrawal/antibiotic-selectivity-v2/outputs/runs/run_20260315_034033/models/dmpnn_rdkit/gut_t20/fold_3/hub_preds.csv
2026-04-04 16:31:00 | INFO  | phase_dmpnn_rdkit |   Predicting gut_t20 fold 4...
2026-04-04 16:31:14 | ERROR | phase_dmpnn_rdkit |   gut_t20 fold 4: predict FAILED (exit 1)
2026-04-04 16:31:14 | ERROR | phase_dmpnn_rdkit |   CMD: /home2/vishakha.agrawal/antibiotic-selectivity/venv/bin/chemprop predict --test-path /scratch/vishakha.agrawal/antibiotic-selectivity-v2/data/dmpnn_input/hub_screen.csv --model-path /scratch/vishakha.agrawal/antibiotic-selectivity-v2/outputs/runs/run_20260315_034033/models/dmpnn_rdkit/gut_t20/fold_4/model_0/best.pt --preds-path /scratch/vishakha.agrawal/antibiotic-selectivity-v2/outputs/runs/run_20260315_034033/models/dmpnn_rdkit/gut_t20/fold_4/hub_preds.csv --smiles-column smiles
2026-04-04 16:31:14 | ERROR | phase_dmpnn_rdkit |   STDERR: subprocess_script.py", line 99, in launch
    self.cluster_environment.validate_settings(num_devices=self.num_processes, num_nodes=self.num_nodes)
  File "/home2/vishakha.agrawal/antibiotic-selectivity/venv/lib/python3.12/site-packages/lightning/fabric/plugins/environments/slurm.py", line 163, in validate_settings
    raise ValueError(
ValueError: You set `devices=3` in Lightning, but the number of tasks per node configured in SLURM `--ntasks-per-node=30` does not match. HINT: Set `devices=30`.

2026-04-04 16:31:14 | ERROR | phase_dmpnn_rdkit |   gut_t20 fold 4: prediction failed, no output file /scratch/vishakha.agrawal/antibiotic-selectivity-v2/outputs/runs/run_20260315_034033/models/dmpnn_rdkit/gut_t20/fold_4/hub_preds.csv
2026-04-04 16:31:14 | ERROR | phase_dmpnn_rdkit |   Missing predictions, cannot compute selectivity
2026-04-04 16:31:14 | ERROR | phase_dmpnn_rdkit |   No ranked lists produced. Cannot run validation, calibration, or comparison.
2026-04-04 16:31:14 | ERROR | phase_dmpnn_rdkit |   Check training logs in /scratch/vishakha.agrawal/antibiotic-selectivity-v2/outputs/runs/run_20260315_034033/models/dmpnn_rdkit/train_*.log
2026-04-04 16:31:14 | INFO  | phase_dmpnn_rdkit | ============================================================
2026-04-04 16:31:14 | INFO  | phase_dmpnn_rdkit |  COMPLETED: Phase D: D-MPNN + RDKit (INCOMPLETE)
2026-04-04 16:31:14 | INFO  | phase_dmpnn_rdkit |  Elapsed: 388m 12.1s
2026-04-04 16:31:14 | INFO  | phase_dmpnn_rdkit | ============================================================
2026-04-04 17:10:08 | INFO  | phase_dmpnn_rdkit | Logging to file: /scratch/vishakha.agrawal/antibiotic-selectivity-v2/logs/phase_dmpnn_rdkit.log
2026-04-04 17:10:08 | INFO  | phase_dmpnn_rdkit | ============================================================
2026-04-04 17:10:08 | INFO  | phase_dmpnn_rdkit |  STARTING: Phase D: Retrain D-MPNN with RDKit features
2026-04-04 17:10:08 | INFO  | phase_dmpnn_rdkit | ============================================================
2026-04-04 17:10:08 | INFO  | phase_dmpnn_rdkit | 
  PHASE 1/7: TRAINING
2026-04-04 17:10:08 | INFO  | phase_dmpnn_rdkit | 
======================================================================
2026-04-04 17:10:08 | INFO  | phase_dmpnn_rdkit |   TRAINING D-MPNN + RDKit (Stokes architecture)
2026-04-04 17:10:08 | INFO  | phase_dmpnn_rdkit |   depth=5, hidden=1600, dropout=0.35
2026-04-04 17:10:08 | INFO  | phase_dmpnn_rdkit |   Features: v1_rdkit_2d_normalized
2026-04-04 17:10:08 | INFO  | phase_dmpnn_rdkit |   GPUs: 4 in parallel
2026-04-04 17:10:08 | INFO  | phase_dmpnn_rdkit | ======================================================================
2026-04-04 17:10:08 | INFO  | phase_dmpnn_rdkit |   GPUPool initialized: 4 GPUs (IDs: ['0', '1', '2', '3'])
2026-04-04 17:10:08 | INFO  | phase_dmpnn_rdkit | 
  Phase 1: Training fold models (35 total)...
2026-04-04 17:10:08 | INFO  | phase_dmpnn_rdkit |     ecoli_fold0: already trained, skipping
2026-04-04 17:10:08 | INFO  | phase_dmpnn_rdkit |     ecoli_fold1: already trained, skipping
2026-04-04 17:10:08 | INFO  | phase_dmpnn_rdkit |     ecoli_fold2: already trained, skipping
2026-04-04 17:10:08 | INFO  | phase_dmpnn_rdkit |     ecoli_fold3: already trained, skipping
2026-04-04 17:10:08 | INFO  | phase_dmpnn_rdkit |     ecoli_fold4: already trained, skipping
2026-04-04 17:10:08 | INFO  | phase_dmpnn_rdkit |     saureus_fold0: already trained, skipping
2026-04-04 17:10:08 | INFO  | phase_dmpnn_rdkit |     saureus_fold1: already trained, skipping
2026-04-04 17:10:08 | INFO  | phase_dmpnn_rdkit |     saureus_fold2: already trained, skipping
2026-04-04 17:10:08 | INFO  | phase_dmpnn_rdkit |     saureus_fold3: already trained, skipping
2026-04-04 17:10:08 | INFO  | phase_dmpnn_rdkit |     saureus_fold4: already trained, skipping
2026-04-04 17:10:08 | INFO  | phase_dmpnn_rdkit |     paeruginosa_fold0: already trained, skipping
2026-04-04 17:10:08 | INFO  | phase_dmpnn_rdkit |     paeruginosa_fold1: already trained, skipping
2026-04-04 17:10:08 | INFO  | phase_dmpnn_rdkit |     paeruginosa_fold2: already trained, skipping
2026-04-04 17:10:08 | INFO  | phase_dmpnn_rdkit |     paeruginosa_fold3: already trained, skipping
2026-04-04 17:10:08 | INFO  | phase_dmpnn_rdkit |     paeruginosa_fold4: already trained, skipping
2026-04-04 17:10:08 | INFO  | phase_dmpnn_rdkit |     mtb_fold0: already trained, skipping
2026-04-04 17:10:08 | INFO  | phase_dmpnn_rdkit |     mtb_fold1: already trained, skipping
2026-04-04 17:10:08 | INFO  | phase_dmpnn_rdkit |     mtb_fold2: already trained, skipping
2026-04-04 17:10:08 | INFO  | phase_dmpnn_rdkit |     mtb_fold3: already trained, skipping
2026-04-04 17:10:08 | INFO  | phase_dmpnn_rdkit |     mtb_fold4: already trained, skipping
2026-04-04 17:10:08 | INFO  | phase_dmpnn_rdkit |     gut_t5_fold0: already trained, skipping
2026-04-04 17:10:08 | INFO  | phase_dmpnn_rdkit |     gut_t5_fold1: already trained, skipping
2026-04-04 17:10:08 | INFO  | phase_dmpnn_rdkit |     gut_t5_fold2: already trained, skipping
2026-04-04 17:10:08 | INFO  | phase_dmpnn_rdkit |     gut_t5_fold3: already trained, skipping
2026-04-04 17:10:08 | INFO  | phase_dmpnn_rdkit |     gut_t5_fold4: already trained, skipping
2026-04-04 17:10:08 | INFO  | phase_dmpnn_rdkit |     gut_t10_fold0: already trained, skipping
2026-04-04 17:10:08 | INFO  | phase_dmpnn_rdkit |     gut_t10_fold1: already trained, skipping
2026-04-04 17:10:08 | INFO  | phase_dmpnn_rdkit |     gut_t10_fold2: already trained, skipping
2026-04-04 17:10:08 | INFO  | phase_dmpnn_rdkit |     gut_t10_fold3: already trained, skipping
2026-04-04 17:10:08 | INFO  | phase_dmpnn_rdkit |     gut_t10_fold4: already trained, skipping
2026-04-04 17:10:08 | INFO  | phase_dmpnn_rdkit |     gut_t20_fold0: already trained, skipping
2026-04-04 17:10:08 | INFO  | phase_dmpnn_rdkit |     gut_t20_fold1: already trained, skipping
2026-04-04 17:10:08 | INFO  | phase_dmpnn_rdkit |     gut_t20_fold2: already trained, skipping
2026-04-04 17:10:08 | INFO  | phase_dmpnn_rdkit |     gut_t20_fold3: already trained, skipping
2026-04-04 17:10:08 | INFO  | phase_dmpnn_rdkit |     gut_t20_fold4: already trained, skipping
2026-04-04 17:10:08 | INFO  | phase_dmpnn_rdkit | 
  Fold models: 35 exist, 0 missing (expected 35)
2026-04-04 17:10:08 | INFO  | phase_dmpnn_rdkit | 
  Phase 2: Training final models (7 total)...
2026-04-04 17:10:08 | INFO  | phase_dmpnn_rdkit |     ecoli_final: already trained, skipping
2026-04-04 17:10:08 | INFO  | phase_dmpnn_rdkit |     saureus_final: already trained, skipping
2026-04-04 17:10:08 | INFO  | phase_dmpnn_rdkit |     paeruginosa_final: already trained, skipping
2026-04-04 17:10:08 | INFO  | phase_dmpnn_rdkit |     mtb_final: already trained, skipping
2026-04-04 17:10:08 | INFO  | phase_dmpnn_rdkit |     gut_t5_final: already trained, skipping
2026-04-04 17:10:08 | INFO  | phase_dmpnn_rdkit |     gut_t10_final: already trained, skipping
2026-04-04 17:10:08 | INFO  | phase_dmpnn_rdkit |     gut_t20_final: already trained, skipping
2026-04-04 17:10:08 | INFO  | phase_dmpnn_rdkit | 
  Final models: 7/7 exist
2026-04-04 17:10:08 | INFO  | phase_dmpnn_rdkit |   Saved training status: /scratch/vishakha.agrawal/antibiotic-selectivity-v2/outputs/runs/run_20260315_034033/models/dmpnn_rdkit/training_status.json
2026-04-04 17:10:08 | INFO  | phase_dmpnn_rdkit | 
  PHASE 2/7: CV METRICS
2026-04-04 17:10:09 | INFO  | phase_dmpnn_rdkit | 
======================================================================
2026-04-04 17:10:09 | INFO  | phase_dmpnn_rdkit |   CV METRICS (from fold model predictions)
2026-04-04 17:10:09 | INFO  | phase_dmpnn_rdkit | ======================================================================
2026-04-04 17:10:32 | ERROR | phase_dmpnn_rdkit |   ecoli fold 0: OOF predict FAILED (exit 1)
2026-04-04 17:10:32 | ERROR | phase_dmpnn_rdkit |     STDERR: ha.agrawal/antibiotic-selectivity/venv/lib/python3.12/site-packages/torch/nn/modules/linear.py", line 117, in forward
    return F.linear(input, self.weight, self.bias)
           ^^^^^^^^^^^^^^^^^^^^^^^^^^^^^^^^^^^^^^^
RuntimeError: mat1 and mat2 shapes cannot be multiplied (64x1600 and 1800x1600)

2026-04-04 17:10:47 | ERROR | phase_dmpnn_rdkit |   ecoli fold 1: OOF predict FAILED (exit 1)
2026-04-04 17:10:47 | ERROR | phase_dmpnn_rdkit |     STDERR: ha.agrawal/antibiotic-selectivity/venv/lib/python3.12/site-packages/torch/nn/modules/linear.py", line 117, in forward
    return F.linear(input, self.weight, self.bias)
           ^^^^^^^^^^^^^^^^^^^^^^^^^^^^^^^^^^^^^^^
RuntimeError: mat1 and mat2 shapes cannot be multiplied (64x1600 and 1800x1600)

2026-04-04 17:11:01 | ERROR | phase_dmpnn_rdkit |   ecoli fold 2: OOF predict FAILED (exit 1)
2026-04-04 17:11:01 | ERROR | phase_dmpnn_rdkit |     STDERR: ha.agrawal/antibiotic-selectivity/venv/lib/python3.12/site-packages/torch/nn/modules/linear.py", line 117, in forward
    return F.linear(input, self.weight, self.bias)
           ^^^^^^^^^^^^^^^^^^^^^^^^^^^^^^^^^^^^^^^
RuntimeError: mat1 and mat2 shapes cannot be multiplied (64x1600 and 1800x1600)

2026-04-04 17:11:15 | ERROR | phase_dmpnn_rdkit |   ecoli fold 3: OOF predict FAILED (exit 1)
2026-04-04 17:11:15 | ERROR | phase_dmpnn_rdkit |     STDERR: ha.agrawal/antibiotic-selectivity/venv/lib/python3.12/site-packages/torch/nn/modules/linear.py", line 117, in forward
    return F.linear(input, self.weight, self.bias)
           ^^^^^^^^^^^^^^^^^^^^^^^^^^^^^^^^^^^^^^^
RuntimeError: mat1 and mat2 shapes cannot be multiplied (64x1600 and 1800x1600)

2026-04-04 17:11:31 | ERROR | phase_dmpnn_rdkit |   ecoli fold 4: OOF predict FAILED (exit 1)
2026-04-04 17:11:31 | ERROR | phase_dmpnn_rdkit |     STDERR: ha.agrawal/antibiotic-selectivity/venv/lib/python3.12/site-packages/torch/nn/modules/linear.py", line 117, in forward
    return F.linear(input, self.weight, self.bias)
           ^^^^^^^^^^^^^^^^^^^^^^^^^^^^^^^^^^^^^^^
RuntimeError: mat1 and mat2 shapes cannot be multiplied (64x1600 and 1800x1600)

2026-04-04 17:11:31 | WARNING | phase_dmpnn_rdkit |   ecoli: too few OOF predictions
2026-04-04 17:11:48 | ERROR | phase_dmpnn_rdkit |   saureus fold 0: OOF predict FAILED (exit 1)
2026-04-04 17:11:48 | ERROR | phase_dmpnn_rdkit |     STDERR: ha.agrawal/antibiotic-selectivity/venv/lib/python3.12/site-packages/torch/nn/modules/linear.py", line 117, in forward
    return F.linear(input, self.weight, self.bias)
           ^^^^^^^^^^^^^^^^^^^^^^^^^^^^^^^^^^^^^^^
RuntimeError: mat1 and mat2 shapes cannot be multiplied (64x1600 and 1800x1600)

2026-04-04 17:12:03 | ERROR | phase_dmpnn_rdkit |   saureus fold 1: OOF predict FAILED (exit 1)
2026-04-04 17:12:03 | ERROR | phase_dmpnn_rdkit |     STDERR: ha.agrawal/antibiotic-selectivity/venv/lib/python3.12/site-packages/torch/nn/modules/linear.py", line 117, in forward
    return F.linear(input, self.weight, self.bias)
           ^^^^^^^^^^^^^^^^^^^^^^^^^^^^^^^^^^^^^^^
RuntimeError: mat1 and mat2 shapes cannot be multiplied (64x1600 and 1800x1600)

2026-04-04 17:12:18 | ERROR | phase_dmpnn_rdkit |   saureus fold 2: OOF predict FAILED (exit 1)
2026-04-04 17:12:18 | ERROR | phase_dmpnn_rdkit |     STDERR: ha.agrawal/antibiotic-selectivity/venv/lib/python3.12/site-packages/torch/nn/modules/linear.py", line 117, in forward
    return F.linear(input, self.weight, self.bias)
           ^^^^^^^^^^^^^^^^^^^^^^^^^^^^^^^^^^^^^^^
RuntimeError: mat1 and mat2 shapes cannot be multiplied (64x1600 and 1800x1600)

2026-04-04 17:12:35 | ERROR | phase_dmpnn_rdkit |   saureus fold 3: OOF predict FAILED (exit 1)
2026-04-04 17:12:35 | ERROR | phase_dmpnn_rdkit |     STDERR: ha.agrawal/antibiotic-selectivity/venv/lib/python3.12/site-packages/torch/nn/modules/linear.py", line 117, in forward
    return F.linear(input, self.weight, self.bias)
           ^^^^^^^^^^^^^^^^^^^^^^^^^^^^^^^^^^^^^^^
RuntimeError: mat1 and mat2 shapes cannot be multiplied (64x1600 and 1800x1600)

2026-04-04 17:12:50 | ERROR | phase_dmpnn_rdkit |   saureus fold 4: OOF predict FAILED (exit 1)
2026-04-04 17:12:50 | ERROR | phase_dmpnn_rdkit |     STDERR: ha.agrawal/antibiotic-selectivity/venv/lib/python3.12/site-packages/torch/nn/modules/linear.py", line 117, in forward
    return F.linear(input, self.weight, self.bias)
           ^^^^^^^^^^^^^^^^^^^^^^^^^^^^^^^^^^^^^^^
RuntimeError: mat1 and mat2 shapes cannot be multiplied (64x1600 and 1800x1600)

2026-04-04 17:12:50 | WARNING | phase_dmpnn_rdkit |   saureus: too few OOF predictions
2026-04-04 17:13:04 | ERROR | phase_dmpnn_rdkit |   paeruginosa fold 0: OOF predict FAILED (exit 1)
2026-04-04 17:13:04 | ERROR | phase_dmpnn_rdkit |     STDERR: ha.agrawal/antibiotic-selectivity/venv/lib/python3.12/site-packages/torch/nn/modules/linear.py", line 117, in forward
    return F.linear(input, self.weight, self.bias)
           ^^^^^^^^^^^^^^^^^^^^^^^^^^^^^^^^^^^^^^^
RuntimeError: mat1 and mat2 shapes cannot be multiplied (64x1600 and 1800x1600)

2026-04-04 17:13:17 | ERROR | phase_dmpnn_rdkit |   paeruginosa fold 1: OOF predict FAILED (exit 1)
2026-04-04 17:13:17 | ERROR | phase_dmpnn_rdkit |     STDERR: ha.agrawal/antibiotic-selectivity/venv/lib/python3.12/site-packages/torch/nn/modules/linear.py", line 117, in forward
    return F.linear(input, self.weight, self.bias)
           ^^^^^^^^^^^^^^^^^^^^^^^^^^^^^^^^^^^^^^^
RuntimeError: mat1 and mat2 shapes cannot be multiplied (64x1600 and 1800x1600)

2026-04-04 17:13:30 | ERROR | phase_dmpnn_rdkit |   paeruginosa fold 2: OOF predict FAILED (exit 1)
2026-04-04 17:13:30 | ERROR | phase_dmpnn_rdkit |     STDERR: ha.agrawal/antibiotic-selectivity/venv/lib/python3.12/site-packages/torch/nn/modules/linear.py", line 117, in forward
    return F.linear(input, self.weight, self.bias)
           ^^^^^^^^^^^^^^^^^^^^^^^^^^^^^^^^^^^^^^^
RuntimeError: mat1 and mat2 shapes cannot be multiplied (64x1600 and 1800x1600)

2026-04-04 17:15:00 | INFO  | phase_dmpnn_rdkit | Logging to file: /scratch/vishakha.agrawal/antibiotic-selectivity-v2/logs/phase_dmpnn_rdkit.log
2026-04-04 17:15:00 | INFO  | phase_dmpnn_rdkit | ============================================================
2026-04-04 17:15:00 | INFO  | phase_dmpnn_rdkit |  STARTING: Phase D: Retrain D-MPNN with RDKit features
2026-04-04 17:15:00 | INFO  | phase_dmpnn_rdkit | ============================================================
2026-04-04 17:15:00 | INFO  | phase_dmpnn_rdkit | 
  PHASE 1/7: TRAINING
2026-04-04 17:15:00 | INFO  | phase_dmpnn_rdkit | 
======================================================================
2026-04-04 17:15:00 | INFO  | phase_dmpnn_rdkit |   TRAINING D-MPNN + RDKit (Stokes architecture)
2026-04-04 17:15:00 | INFO  | phase_dmpnn_rdkit |   depth=5, hidden=1600, dropout=0.35
2026-04-04 17:15:00 | INFO  | phase_dmpnn_rdkit |   Features: v1_rdkit_2d_normalized
2026-04-04 17:15:00 | INFO  | phase_dmpnn_rdkit |   GPUs: 4 in parallel
2026-04-04 17:15:00 | INFO  | phase_dmpnn_rdkit | ======================================================================
2026-04-04 17:15:00 | INFO  | phase_dmpnn_rdkit |   GPUPool initialized: 4 GPUs (IDs: ['0', '1', '2', '3'])
2026-04-04 17:15:00 | INFO  | phase_dmpnn_rdkit | 
  Phase 1: Training fold models (35 total)...
2026-04-04 17:15:00 | INFO  | phase_dmpnn_rdkit |     ecoli_fold0: already trained, skipping
2026-04-04 17:15:00 | INFO  | phase_dmpnn_rdkit |     ecoli_fold1: already trained, skipping
2026-04-04 17:15:00 | INFO  | phase_dmpnn_rdkit |     ecoli_fold2: already trained, skipping
2026-04-04 17:15:00 | INFO  | phase_dmpnn_rdkit |     ecoli_fold3: already trained, skipping
2026-04-04 17:15:00 | INFO  | phase_dmpnn_rdkit |     ecoli_fold4: already trained, skipping
2026-04-04 17:15:00 | INFO  | phase_dmpnn_rdkit |     saureus_fold0: already trained, skipping
2026-04-04 17:15:00 | INFO  | phase_dmpnn_rdkit |     saureus_fold1: already trained, skipping
2026-04-04 17:15:00 | INFO  | phase_dmpnn_rdkit |     saureus_fold2: already trained, skipping
2026-04-04 17:15:00 | INFO  | phase_dmpnn_rdkit |     saureus_fold3: already trained, skipping
2026-04-04 17:15:00 | INFO  | phase_dmpnn_rdkit |     saureus_fold4: already trained, skipping
2026-04-04 17:15:00 | INFO  | phase_dmpnn_rdkit |     paeruginosa_fold0: already trained, skipping
2026-04-04 17:15:00 | INFO  | phase_dmpnn_rdkit |     paeruginosa_fold1: already trained, skipping
2026-04-04 17:15:00 | INFO  | phase_dmpnn_rdkit |     paeruginosa_fold2: already trained, skipping
2026-04-04 17:15:00 | INFO  | phase_dmpnn_rdkit |     paeruginosa_fold3: already trained, skipping
2026-04-04 17:15:00 | INFO  | phase_dmpnn_rdkit |     paeruginosa_fold4: already trained, skipping
2026-04-04 17:15:00 | INFO  | phase_dmpnn_rdkit |     mtb_fold0: already trained, skipping
2026-04-04 17:15:00 | INFO  | phase_dmpnn_rdkit |     mtb_fold1: already trained, skipping
2026-04-04 17:15:00 | INFO  | phase_dmpnn_rdkit |     mtb_fold2: already trained, skipping
2026-04-04 17:15:00 | INFO  | phase_dmpnn_rdkit |     mtb_fold3: already trained, skipping
2026-04-04 17:15:00 | INFO  | phase_dmpnn_rdkit |     mtb_fold4: already trained, skipping
2026-04-04 17:15:00 | INFO  | phase_dmpnn_rdkit |     gut_t5_fold0: already trained, skipping
2026-04-04 17:15:00 | INFO  | phase_dmpnn_rdkit |     gut_t5_fold1: already trained, skipping
2026-04-04 17:15:00 | INFO  | phase_dmpnn_rdkit |     gut_t5_fold2: already trained, skipping
2026-04-04 17:15:00 | INFO  | phase_dmpnn_rdkit |     gut_t5_fold3: already trained, skipping
2026-04-04 17:15:00 | INFO  | phase_dmpnn_rdkit |     gut_t5_fold4: already trained, skipping
2026-04-04 17:15:00 | INFO  | phase_dmpnn_rdkit |     gut_t10_fold0: already trained, skipping
2026-04-04 17:15:00 | INFO  | phase_dmpnn_rdkit |     gut_t10_fold1: already trained, skipping
2026-04-04 17:15:00 | INFO  | phase_dmpnn_rdkit |     gut_t10_fold2: already trained, skipping
2026-04-04 17:15:00 | INFO  | phase_dmpnn_rdkit |     gut_t10_fold3: already trained, skipping
2026-04-04 17:15:00 | INFO  | phase_dmpnn_rdkit |     gut_t10_fold4: already trained, skipping
2026-04-04 17:15:00 | INFO  | phase_dmpnn_rdkit |     gut_t20_fold0: already trained, skipping
2026-04-04 17:15:00 | INFO  | phase_dmpnn_rdkit |     gut_t20_fold1: already trained, skipping
2026-04-04 17:15:00 | INFO  | phase_dmpnn_rdkit |     gut_t20_fold2: already trained, skipping
2026-04-04 17:15:00 | INFO  | phase_dmpnn_rdkit |     gut_t20_fold3: already trained, skipping
2026-04-04 17:15:00 | INFO  | phase_dmpnn_rdkit |     gut_t20_fold4: already trained, skipping
2026-04-04 17:15:00 | INFO  | phase_dmpnn_rdkit | 
  Fold models: 35 exist, 0 missing (expected 35)
2026-04-04 17:15:00 | INFO  | phase_dmpnn_rdkit | 
  Phase 2: Training final models (7 total)...
2026-04-04 17:15:00 | INFO  | phase_dmpnn_rdkit |     ecoli_final: already trained, skipping
2026-04-04 17:15:00 | INFO  | phase_dmpnn_rdkit |     saureus_final: already trained, skipping
2026-04-04 17:15:00 | INFO  | phase_dmpnn_rdkit |     paeruginosa_final: already trained, skipping
2026-04-04 17:15:00 | INFO  | phase_dmpnn_rdkit |     mtb_final: already trained, skipping
2026-04-04 17:15:00 | INFO  | phase_dmpnn_rdkit |     gut_t5_final: already trained, skipping
2026-04-04 17:15:00 | INFO  | phase_dmpnn_rdkit |     gut_t10_final: already trained, skipping
2026-04-04 17:15:00 | INFO  | phase_dmpnn_rdkit |     gut_t20_final: already trained, skipping
2026-04-04 17:15:00 | INFO  | phase_dmpnn_rdkit | 
  Final models: 7/7 exist
2026-04-04 17:15:00 | INFO  | phase_dmpnn_rdkit |   Saved training status: /scratch/vishakha.agrawal/antibiotic-selectivity-v2/outputs/runs/run_20260315_034033/models/dmpnn_rdkit/training_status.json
2026-04-04 17:15:00 | INFO  | phase_dmpnn_rdkit | 
  PHASE 2/7: CV METRICS
2026-04-04 17:15:01 | INFO  | phase_dmpnn_rdkit | 
======================================================================
2026-04-04 17:15:01 | INFO  | phase_dmpnn_rdkit |   CV METRICS (from fold model predictions)
2026-04-04 17:15:01 | INFO  | phase_dmpnn_rdkit | ======================================================================
2026-04-04 17:19:38 | INFO  | phase_dmpnn_rdkit |     ecoli fold 0: 5657/5657 OOF predictions
2026-04-04 17:24:30 | INFO  | phase_dmpnn_rdkit |     ecoli fold 1: 5657/5657 OOF predictions
2026-04-04 17:29:12 | INFO  | phase_dmpnn_rdkit |     ecoli fold 2: 5657/5657 OOF predictions
2026-04-04 17:34:02 | INFO  | phase_dmpnn_rdkit |     ecoli fold 3: 5657/5657 OOF predictions
2026-04-04 17:38:37 | INFO  | phase_dmpnn_rdkit |     ecoli fold 4: 5656/5656 OOF predictions
2026-04-04 17:38:37 | INFO  | phase_dmpnn_rdkit |   ecoli               : ROC-AUC=0.8408 +/- 0.0137  PR-AUC=0.7570  n=28284 (9249 pos)
2026-04-04 17:43:38 | ERROR | phase_dmpnn_rdkit |   CV metrics FAILED: TimeoutExpired: Command '['/home2/vishakha.agrawal/antibiotic-selectivity/venv/bin/chemprop', 'predict', '--test-path', '/scratch/vishakha.agrawal/antibiotic-selectivity-v2/outputs/runs/run_20260315_034033/models/dmpnn_rdkit/saureus/fold_0/val_smiles.csv', '--model-path', '/scratch/vishakha.agrawal/antibiotic-selectivity-v2/outputs/runs/run_20260315_034033/models/dmpnn_rdkit/saureus/fold_0/model_0/best.pt', '--preds-path', '/scratch/vishakha.agrawal/antibiotic-selectivity-v2/outputs/runs/run_20260315_034033/models/dmpnn_rdkit/saureus/fold_0/val_preds.csv', '--smiles-column', 'smiles', '--molecule-featurizers', 'v1_rdkit_2d_normalized']' timed out after 300 seconds
2026-04-04 17:43:38 | ERROR | phase_dmpnn_rdkit | Traceback (most recent call last):
  File "/scratch/vishakha.agrawal/antibiotic-selectivity-v2/scripts/20_retrain_dmpnn_rdkit.py", line 1084, in main
    cv_metrics = collect_cv_metrics()
                 ^^^^^^^^^^^^^^^^^^^^
  File "/scratch/vishakha.agrawal/antibiotic-selectivity-v2/scripts/20_retrain_dmpnn_rdkit.py", line 427, in collect_cv_metrics
    result = subprocess.run(cmd, capture_output=True, text=True,
             ^^^^^^^^^^^^^^^^^^^^^^^^^^^^^^^^^^^^^^^^^^^^^^^^^^^
  File "/usr/local/apps/python-3.12.4/lib/python3.12/subprocess.py", line 550, in run
    stdout, stderr = process.communicate(input, timeout=timeout)
                     ^^^^^^^^^^^^^^^^^^^^^^^^^^^^^^^^^^^^^^^^^^^
  File "/usr/local/apps/python-3.12.4/lib/python3.12/subprocess.py", line 1209, in communicate
    stdout, stderr = self._communicate(input, endtime, timeout)
                     ^^^^^^^^^^^^^^^^^^^^^^^^^^^^^^^^^^^^^^^^^^
  File "/usr/local/apps/python-3.12.4/lib/python3.12/subprocess.py", line 2116, in _communicate
    self._check_timeout(endtime, orig_timeout, stdout, stderr)
  File "/usr/local/apps/python-3.12.4/lib/python3.12/subprocess.py", line 1253, in _check_timeout
    raise TimeoutExpired(
subprocess.TimeoutExpired: Command '['/home2/vishakha.agrawal/antibiotic-selectivity/venv/bin/chemprop', 'predict', '--test-path', '/scratch/vishakha.agrawal/antibiotic-selectivity-v2/outputs/runs/run_20260315_034033/models/dmpnn_rdkit/saureus/fold_0/val_smiles.csv', '--model-path', '/scratch/vishakha.agrawal/antibiotic-selectivity-v2/outputs/runs/run_20260315_034033/models/dmpnn_rdkit/saureus/fold_0/model_0/best.pt', '--preds-path', '/scratch/vishakha.agrawal/antibiotic-selectivity-v2/outputs/runs/run_20260315_034033/models/dmpnn_rdkit/saureus/fold_0/val_preds.csv', '--smiles-column', 'smiles', '--molecule-featurizers', 'v1_rdkit_2d_normalized']' timed out after 300 seconds

2026-04-04 17:43:38 | INFO  | phase_dmpnn_rdkit | 
  PHASE 3/7: HUB SCREENING
2026-04-04 17:43:38 | INFO  | phase_dmpnn_rdkit | 
======================================================================
2026-04-04 17:43:38 | INFO  | phase_dmpnn_rdkit |   HUB SCREENING (Ensemble of 5 fold models)
2026-04-04 17:43:38 | INFO  | phase_dmpnn_rdkit | ======================================================================
2026-04-04 17:43:38 | INFO  | phase_dmpnn_rdkit |   Predicting ecoli fold 0...
2026-04-04 17:48:06 | INFO  | phase_dmpnn_rdkit |   Predicting ecoli fold 1...
2026-04-04 17:52:37 | INFO  | phase_dmpnn_rdkit |   Predicting ecoli fold 2...
2026-04-04 17:57:09 | INFO  | phase_dmpnn_rdkit |   Predicting ecoli fold 3...
2026-04-04 18:01:45 | INFO  | phase_dmpnn_rdkit |   Predicting ecoli fold 4...
2026-04-04 18:06:14 | INFO  | phase_dmpnn_rdkit |   ecoli               : ensemble of 5 models, mean=0.1871, max=0.9914
2026-04-04 18:06:14 | INFO  | phase_dmpnn_rdkit |   Predicting saureus fold 0...
2026-04-04 18:10:48 | INFO  | phase_dmpnn_rdkit |   Predicting saureus fold 1...
2026-04-04 18:15:35 | INFO  | phase_dmpnn_rdkit |   Predicting saureus fold 2...
2026-04-04 18:20:10 | INFO  | phase_dmpnn_rdkit |   Predicting saureus fold 3...
2026-04-04 18:24:45 | INFO  | phase_dmpnn_rdkit |   Predicting saureus fold 4...
2026-04-04 18:29:14 | INFO  | phase_dmpnn_rdkit |   saureus             : ensemble of 5 models, mean=0.2150, max=0.9945
2026-04-04 18:29:14 | INFO  | phase_dmpnn_rdkit |   Predicting paeruginosa fold 0...
2026-04-04 18:33:43 | INFO  | phase_dmpnn_rdkit |   Predicting paeruginosa fold 1...
2026-04-04 18:38:13 | INFO  | phase_dmpnn_rdkit |   Predicting paeruginosa fold 2...
2026-04-04 18:42:50 | INFO  | phase_dmpnn_rdkit |   Predicting paeruginosa fold 3...
2026-04-04 18:47:37 | INFO  | phase_dmpnn_rdkit |   Predicting paeruginosa fold 4...
2026-04-04 18:52:18 | INFO  | phase_dmpnn_rdkit |   paeruginosa         : ensemble of 5 models, mean=0.1142, max=0.9458
2026-04-04 18:52:18 | INFO  | phase_dmpnn_rdkit |   Predicting mtb fold 0...
2026-04-04 18:56:47 | INFO  | phase_dmpnn_rdkit |   Predicting mtb fold 1...
2026-04-04 19:01:20 | INFO  | phase_dmpnn_rdkit |   Predicting mtb fold 2...
2026-04-04 19:05:58 | INFO  | phase_dmpnn_rdkit |   Predicting mtb fold 3...
2026-04-04 19:10:26 | INFO  | phase_dmpnn_rdkit |   Predicting mtb fold 4...
2026-04-04 19:14:57 | INFO  | phase_dmpnn_rdkit |   mtb                 : ensemble of 5 models, mean=0.3525, max=0.9687
2026-04-04 19:14:57 | INFO  | phase_dmpnn_rdkit |   Predicting gut_t5 fold 0...
2026-04-04 19:19:30 | INFO  | phase_dmpnn_rdkit |   Predicting gut_t5 fold 1...
2026-04-04 19:23:58 | INFO  | phase_dmpnn_rdkit |   Predicting gut_t5 fold 2...
2026-04-04 19:28:31 | INFO  | phase_dmpnn_rdkit |   Predicting gut_t5 fold 3...
2026-04-04 19:32:55 | INFO  | phase_dmpnn_rdkit |   Predicting gut_t5 fold 4...
2026-04-04 19:37:25 | INFO  | phase_dmpnn_rdkit |   gut_t5              : ensemble of 5 models, mean=0.2552, max=0.9924
2026-04-04 19:37:25 | INFO  | phase_dmpnn_rdkit |   Predicting gut_t10 fold 0...
2026-04-04 19:41:56 | INFO  | phase_dmpnn_rdkit |   Predicting gut_t10 fold 1...
2026-04-04 19:46:24 | INFO  | phase_dmpnn_rdkit |   Predicting gut_t10 fold 2...
2026-04-04 19:50:57 | INFO  | phase_dmpnn_rdkit |   Predicting gut_t10 fold 3...
2026-04-04 19:55:26 | INFO  | phase_dmpnn_rdkit |   Predicting gut_t10 fold 4...
2026-04-04 19:59:52 | INFO  | phase_dmpnn_rdkit |   gut_t10             : ensemble of 5 models, mean=0.1809, max=0.9269
2026-04-04 19:59:52 | INFO  | phase_dmpnn_rdkit |   Predicting gut_t20 fold 0...
2026-04-04 20:04:34 | INFO  | phase_dmpnn_rdkit |   Predicting gut_t20 fold 1...
2026-04-04 20:09:03 | INFO  | phase_dmpnn_rdkit |   Predicting gut_t20 fold 2...
2026-04-04 20:13:40 | INFO  | phase_dmpnn_rdkit |   Predicting gut_t20 fold 3...
2026-04-04 20:18:03 | INFO  | phase_dmpnn_rdkit |   Predicting gut_t20 fold 4...
2026-04-04 20:22:29 | INFO  | phase_dmpnn_rdkit |   gut_t20             : ensemble of 5 models, mean=0.1008, max=0.8542
2026-04-04 20:22:29 | INFO  | phase_dmpnn_rdkit |   ecoli_t5                 : median S=0.1203, n>0.5=37
2026-04-04 20:22:29 | INFO  | phase_dmpnn_rdkit |   ecoli_t10                : median S=0.1376, n>0.5=58
2026-04-04 20:22:29 | INFO  | phase_dmpnn_rdkit |   ecoli_t20                : median S=0.1564, n>0.5=133
2026-04-04 20:22:29 | INFO  | phase_dmpnn_rdkit |   saureus_t5               : median S=0.1316, n>0.5=129
2026-04-04 20:22:29 | INFO  | phase_dmpnn_rdkit |   saureus_t10              : median S=0.1546, n>0.5=211
2026-04-04 20:22:29 | INFO  | phase_dmpnn_rdkit |   saureus_t20              : median S=0.1781, n>0.5=397
2026-04-04 20:22:29 | INFO  | phase_dmpnn_rdkit |   paeruginosa_t5           : median S=0.0724, n>0.5=13
2026-04-04 20:22:29 | INFO  | phase_dmpnn_rdkit |   paeruginosa_t10          : median S=0.0836, n>0.5=20
2026-04-04 20:22:29 | INFO  | phase_dmpnn_rdkit |   paeruginosa_t20          : median S=0.0952, n>0.5=42
2026-04-04 20:22:29 | INFO  | phase_dmpnn_rdkit |   mtb_t5                   : median S=0.2411, n>0.5=357
2026-04-04 20:22:29 | INFO  | phase_dmpnn_rdkit |   mtb_t10                  : median S=0.2729, n>0.5=507
2026-04-04 20:22:29 | INFO  | phase_dmpnn_rdkit |   mtb_t20                  : median S=0.3065, n>0.5=891
2026-04-04 20:22:29 | INFO  | phase_dmpnn_rdkit | 
  Saved 12 screening CSVs
2026-04-04 20:22:29 | INFO  | phase_dmpnn_rdkit |   Checkpoint saved: /scratch/vishakha.agrawal/antibiotic-selectivity-v2/outputs/runs/run_20260315_034033/results/dmpnn_rdkit_checkpoint.json
2026-04-04 20:22:29 | INFO  | phase_dmpnn_rdkit | 
  PHASE 4/7: VALIDATION
2026-04-04 20:22:29 | INFO  | phase_dmpnn_rdkit | 
======================================================================
2026-04-04 20:22:29 | INFO  | phase_dmpnn_rdkit |   VALIDATION
2026-04-04 20:22:29 | INFO  | phase_dmpnn_rdkit | ======================================================================
2026-04-04 20:22:29 | INFO  | phase_dmpnn_rdkit |   ecoli_t10                : narrow=0.1068 broad=0.1570 p=0.8714 WRONG
2026-04-04 20:22:30 | INFO  | phase_dmpnn_rdkit |   ecoli_t10                : 1/50 antibiotics (0.58x enrichment)
2026-04-04 20:22:30 | INFO  | phase_dmpnn_rdkit |   saureus_t10              : narrow=0.1956 broad=0.2438 p=0.8238 WRONG
2026-04-04 20:22:31 | INFO  | phase_dmpnn_rdkit |   saureus_t10              : 0/50 antibiotics (0.00x enrichment)
2026-04-04 20:22:31 | INFO  | phase_dmpnn_rdkit |   paeruginosa_t10          : narrow=0.0727 broad=0.1126 p=0.8714 WRONG
2026-04-04 20:22:31 | INFO  | phase_dmpnn_rdkit |   paeruginosa_t10          : 1/50 antibiotics (0.58x enrichment)
2026-04-04 20:22:31 | INFO  | phase_dmpnn_rdkit |   mtb_t10                  : narrow=0.1103 broad=0.2953 p=0.9429 WRONG
2026-04-04 20:22:32 | INFO  | phase_dmpnn_rdkit |   mtb_t10                  : 0/50 antibiotics (0.00x enrichment)
2026-04-04 20:22:32 | INFO  | phase_dmpnn_rdkit | 
  PHASE 5/7: CALIBRATION COMPARISON
2026-04-04 20:22:32 | INFO  | phase_dmpnn_rdkit | 
======================================================================
2026-04-04 20:22:32 | INFO  | phase_dmpnn_rdkit |   CALIBRATION: New vs Old D-MPNN
2026-04-04 20:22:32 | INFO  | phase_dmpnn_rdkit | ======================================================================
2026-04-04 20:22:32 | INFO  | phase_dmpnn_rdkit | 
  ecoli_t10:
2026-04-04 20:22:32 | INFO  | phase_dmpnn_rdkit |     Metric                 Old D-MPNN   New D-MPNN+RDKit
2026-04-04 20:22:32 | INFO  | phase_dmpnn_rdkit |     -------------------------------------------------------
2026-04-04 20:22:32 | INFO  | phase_dmpnn_rdkit |     S_lt_0.01                    4153                212
2026-04-04 20:22:32 | INFO  | phase_dmpnn_rdkit |     S_0.2_to_0.8                  646               1612
2026-04-04 20:22:32 | INFO  | phase_dmpnn_rdkit |     S_gt_0.95                     114                  0
2026-04-04 20:22:32 | INFO  | phase_dmpnn_rdkit |     median                      0.003             0.1082
2026-04-04 20:22:32 | INFO  | phase_dmpnn_rdkit |     n_above_0.5                   551                 58
2026-04-04 20:22:32 | INFO  | phase_dmpnn_rdkit | 
  saureus_t10:
2026-04-04 20:22:32 | INFO  | phase_dmpnn_rdkit |     Metric                 Old D-MPNN   New D-MPNN+RDKit
2026-04-04 20:22:32 | INFO  | phase_dmpnn_rdkit |     -------------------------------------------------------
2026-04-04 20:22:32 | INFO  | phase_dmpnn_rdkit |     S_lt_0.01                    3351                215
2026-04-04 20:22:32 | INFO  | phase_dmpnn_rdkit |     S_0.2_to_0.8                 1001               1921
2026-04-04 20:22:32 | INFO  | phase_dmpnn_rdkit |     S_gt_0.95                      84                  0
2026-04-04 20:22:32 | INFO  | phase_dmpnn_rdkit |     median                     0.0103             0.1066
2026-04-04 20:22:32 | INFO  | phase_dmpnn_rdkit |     n_above_0.5                   597                211
2026-04-04 20:22:32 | INFO  | phase_dmpnn_rdkit | 
  paeruginosa_t10:
2026-04-04 20:22:32 | INFO  | phase_dmpnn_rdkit |     Metric                 Old D-MPNN   New D-MPNN+RDKit
2026-04-04 20:22:32 | INFO  | phase_dmpnn_rdkit |     -------------------------------------------------------
2026-04-04 20:22:32 | INFO  | phase_dmpnn_rdkit |     S_lt_0.01                    5101                557
2026-04-04 20:22:32 | INFO  | phase_dmpnn_rdkit |     S_0.2_to_0.8                  346                636
2026-04-04 20:22:32 | INFO  | phase_dmpnn_rdkit |     S_gt_0.95                      32                  0
2026-04-04 20:22:32 | INFO  | phase_dmpnn_rdkit |     median                     0.0009             0.0556
2026-04-04 20:22:32 | INFO  | phase_dmpnn_rdkit |     n_above_0.5                   237                 20
2026-04-04 20:22:32 | INFO  | phase_dmpnn_rdkit | 
  mtb_t10:
2026-04-04 20:22:32 | INFO  | phase_dmpnn_rdkit |     Metric                 Old D-MPNN   New D-MPNN+RDKit
2026-04-04 20:22:32 | INFO  | phase_dmpnn_rdkit |     -------------------------------------------------------
2026-04-04 20:22:32 | INFO  | phase_dmpnn_rdkit |     S_lt_0.01                    2364                  0
2026-04-04 20:22:32 | INFO  | phase_dmpnn_rdkit |     S_0.2_to_0.8                 1530               4193
2026-04-04 20:22:32 | INFO  | phase_dmpnn_rdkit |     S_gt_0.95                     256                  0
2026-04-04 20:22:32 | INFO  | phase_dmpnn_rdkit |     median                     0.0458              0.249
2026-04-04 20:22:32 | INFO  | phase_dmpnn_rdkit |     n_above_0.5                  1311                507
2026-04-04 20:22:32 | INFO  | phase_dmpnn_rdkit | 
  PHASE 6/7: HEAD-TO-HEAD COMPARISON
2026-04-04 20:22:32 | INFO  | phase_dmpnn_rdkit | 
======================================================================
2026-04-04 20:22:32 | INFO  | phase_dmpnn_rdkit |   HEAD-TO-HEAD: Old D-MPNN vs New D-MPNN+RDKit
2026-04-04 20:22:32 | INFO  | phase_dmpnn_rdkit | ======================================================================
2026-04-04 20:22:32 | INFO  | phase_dmpnn_rdkit | 
  Task                  Old ROC-AUC  New ROC-AUC     Change
2026-04-04 20:22:32 | INFO  | phase_dmpnn_rdkit |   ----------------------------------------------------------
2026-04-04 20:22:32 | INFO  | phase_dmpnn_rdkit | 
  Top 10 candidates comparison (ecoli_t10):
2026-04-04 20:22:32 | INFO  | phase_dmpnn_rdkit | 
  Old D-MPNN top 10:
2026-04-04 20:22:32 | INFO  | phase_dmpnn_rdkit |     diadenosine-tetraphosphate S=0.9998
2026-04-04 20:22:32 | INFO  | phase_dmpnn_rdkit |     NADPH                     S=0.9998
2026-04-04 20:22:32 | INFO  | phase_dmpnn_rdkit |     adenosine-triphosphate    S=0.9996
2026-04-04 20:22:32 | INFO  | phase_dmpnn_rdkit |     coenzyme-I                S=0.9991
2026-04-04 20:22:32 | INFO  | phase_dmpnn_rdkit |     mangafodipir              S=0.9990
2026-04-04 20:22:32 | INFO  | phase_dmpnn_rdkit |     diflorasone-diacetate     S=0.9988
2026-04-04 20:22:32 | INFO  | phase_dmpnn_rdkit |     coenzyme-A                S=0.9987
2026-04-04 20:22:32 | INFO  | phase_dmpnn_rdkit |     uridine-5'-triphosphate   S=0.9986
2026-04-04 20:22:32 | INFO  | phase_dmpnn_rdkit |     fluticasone-propionate    S=0.9983
2026-04-04 20:22:32 | INFO  | phase_dmpnn_rdkit |     INS316                    S=0.9981
2026-04-04 20:22:32 | INFO  | phase_dmpnn_rdkit | 
  New D-MPNN+RDKit top 10:
2026-04-04 20:22:32 | INFO  | phase_dmpnn_rdkit |     asciminib                 S=0.8246
2026-04-04 20:22:32 | INFO  | phase_dmpnn_rdkit |     CUDC-907                  S=0.7817
2026-04-04 20:22:32 | INFO  | phase_dmpnn_rdkit |     AZD3965                   S=0.7518
2026-04-04 20:22:32 | INFO  | phase_dmpnn_rdkit |     AR-C155858                S=0.7518
2026-04-04 20:22:32 | INFO  | phase_dmpnn_rdkit |     BEBT-908                  S=0.7240
2026-04-04 20:22:32 | INFO  | phase_dmpnn_rdkit |     ketohexokinase-inhibitor-1 S=0.7078
2026-04-04 20:22:32 | INFO  | phase_dmpnn_rdkit |     itacitinib                S=0.6824
2026-04-04 20:22:32 | INFO  | phase_dmpnn_rdkit |     alanosine                 S=0.6823
2026-04-04 20:22:32 | INFO  | phase_dmpnn_rdkit |     gepotidacin               S=0.6727
2026-04-04 20:22:32 | INFO  | phase_dmpnn_rdkit |     TS-011                    S=0.6672
2026-04-04 20:22:32 | INFO  | phase_dmpnn_rdkit | 
  Top-50 overlap: 1/50 compounds shared
2026-04-04 20:22:32 | INFO  | phase_dmpnn_rdkit | 
======================================================================
2026-04-04 20:22:32 | INFO  | phase_dmpnn_rdkit |   STOKES CORRELATION
2026-04-04 20:22:32 | INFO  | phase_dmpnn_rdkit | ======================================================================
2026-04-04 20:22:32 | INFO  | phase_dmpnn_rdkit |   ecoli_t10                : new rho=0.1868, old rho=0.1535, n=4343
2026-04-04 20:22:32 | INFO  | phase_dmpnn_rdkit |   saureus_t10              : new rho=0.2716, old rho=0.1983, n=4343
2026-04-04 20:22:32 | INFO  | phase_dmpnn_rdkit |   paeruginosa_t10          : new rho=0.2392, old rho=0.0323, n=4343
2026-04-04 20:22:32 | INFO  | phase_dmpnn_rdkit |   mtb_t10                  : new rho=0.1630, old rho=0.1988, n=4343
2026-04-04 20:22:32 | INFO  | phase_dmpnn_rdkit | 
  PHASE 7/7: FIGURES
2026-04-04 20:22:34 | INFO  | phase_dmpnn_rdkit |   Figure: dmpnn_rdkit_score_comparison
2026-04-04 20:22:35 | INFO  | phase_dmpnn_rdkit |   Figure: dmpnn_rdkit_old_vs_new_scatter
2026-04-04 20:22:35 | INFO  | phase_dmpnn_rdkit | 
  Saved: /scratch/vishakha.agrawal/antibiotic-selectivity-v2/outputs/runs/run_20260315_034033/results/dmpnn_rdkit_full_report.json
2026-04-04 20:22:35 | INFO  | phase_dmpnn_rdkit | 
======================================================================
2026-04-04 20:22:35 | INFO  | phase_dmpnn_rdkit |   D-MPNN + RDKit RETRAINING SUMMARY
2026-04-04 20:22:35 | INFO  | phase_dmpnn_rdkit | ======================================================================
2026-04-04 20:22:35 | INFO  | phase_dmpnn_rdkit |   Architecture: depth=5, hidden=1600, dropout=0.35
2026-04-04 20:22:35 | INFO  | phase_dmpnn_rdkit |   Features: v1_rdkit_2d_normalized (200 descriptors)
2026-04-04 20:22:35 | INFO  | phase_dmpnn_rdkit |   Screening: ensemble of 5 fold models
2026-04-04 20:22:35 | INFO  | phase_dmpnn_rdkit |   Validation ecoli_t10: WRONG (narrow=0.1068, broad=0.1570)
2026-04-04 20:22:35 | INFO  | phase_dmpnn_rdkit |   Validation saureus_t10: WRONG (narrow=0.1956, broad=0.2438)
2026-04-04 20:22:35 | INFO  | phase_dmpnn_rdkit |   Validation paeruginosa_t10: WRONG (narrow=0.0727, broad=0.1126)
2026-04-04 20:22:35 | INFO  | phase_dmpnn_rdkit |   Validation mtb_t10: WRONG (narrow=0.1103, broad=0.2953)
2026-04-04 20:22:35 | INFO  | phase_dmpnn_rdkit |   Enrichment ecoli_t10: 1/50 (0.58x)
2026-04-04 20:22:35 | INFO  | phase_dmpnn_rdkit |   Enrichment saureus_t10: 0/50 (0.00x)
2026-04-04 20:22:35 | INFO  | phase_dmpnn_rdkit |   Enrichment paeruginosa_t10: 1/50 (0.58x)
2026-04-04 20:22:35 | INFO  | phase_dmpnn_rdkit |   Enrichment mtb_t10: 0/50 (0.00x)
2026-04-04 20:22:35 | INFO  | phase_dmpnn_rdkit | ======================================================================
2026-04-04 20:22:35 | INFO  | phase_dmpnn_rdkit | ============================================================
2026-04-04 20:22:35 | INFO  | phase_dmpnn_rdkit |  COMPLETED: Phase D: D-MPNN + RDKit
2026-04-04 20:22:35 | INFO  | phase_dmpnn_rdkit |  Elapsed: 187m 34.1s
2026-04-04 20:22:35 | INFO  | phase_dmpnn_rdkit | ============================================================
2026-04-04 21:08:14 | INFO  | phase_dmpnn_rdkit | Logging to file: /scratch/vishakha.agrawal/antibiotic-selectivity-v2/logs/phase_dmpnn_rdkit.log
2026-04-04 21:08:14 | INFO  | phase_dmpnn_rdkit | ============================================================
2026-04-04 21:08:14 | INFO  | phase_dmpnn_rdkit |  STARTING: Phase D: Retrain D-MPNN with RDKit features
2026-04-04 21:08:14 | INFO  | phase_dmpnn_rdkit | ============================================================
2026-04-04 21:08:14 | INFO  | phase_dmpnn_rdkit | 
  PHASE 1/7: TRAINING
2026-04-04 21:08:14 | INFO  | phase_dmpnn_rdkit | 
======================================================================
2026-04-04 21:08:14 | INFO  | phase_dmpnn_rdkit |   TRAINING D-MPNN + RDKit (Stokes architecture)
2026-04-04 21:08:14 | INFO  | phase_dmpnn_rdkit |   depth=5, hidden=1600, dropout=0.35
2026-04-04 21:08:14 | INFO  | phase_dmpnn_rdkit |   Features: v1_rdkit_2d_normalized
2026-04-04 21:08:14 | INFO  | phase_dmpnn_rdkit |   GPUs: 4 in parallel
2026-04-04 21:08:14 | INFO  | phase_dmpnn_rdkit | ======================================================================
2026-04-04 21:08:14 | INFO  | phase_dmpnn_rdkit |   GPUPool initialized: 4 GPUs (IDs: ['0', '1', '2', '3'])
2026-04-04 21:08:14 | INFO  | phase_dmpnn_rdkit | 
  Phase 1: Training fold models (35 total)...
2026-04-04 21:08:14 | INFO  | phase_dmpnn_rdkit |     ecoli_fold0: already trained, skipping
2026-04-04 21:08:14 | INFO  | phase_dmpnn_rdkit |     ecoli_fold1: already trained, skipping
2026-04-04 21:08:14 | INFO  | phase_dmpnn_rdkit |     ecoli_fold2: already trained, skipping
2026-04-04 21:08:14 | INFO  | phase_dmpnn_rdkit |     ecoli_fold3: already trained, skipping
2026-04-04 21:08:14 | INFO  | phase_dmpnn_rdkit |     ecoli_fold4: already trained, skipping
2026-04-04 21:08:14 | INFO  | phase_dmpnn_rdkit |     saureus_fold0: already trained, skipping
2026-04-04 21:08:14 | INFO  | phase_dmpnn_rdkit |     saureus_fold1: already trained, skipping
2026-04-04 21:08:14 | INFO  | phase_dmpnn_rdkit |     saureus_fold2: already trained, skipping
2026-04-04 21:08:14 | INFO  | phase_dmpnn_rdkit |     saureus_fold3: already trained, skipping
2026-04-04 21:08:14 | INFO  | phase_dmpnn_rdkit |     saureus_fold4: already trained, skipping
2026-04-04 21:08:14 | INFO  | phase_dmpnn_rdkit |     paeruginosa_fold0: already trained, skipping
2026-04-04 21:08:14 | INFO  | phase_dmpnn_rdkit |     paeruginosa_fold1: already trained, skipping
2026-04-04 21:08:14 | INFO  | phase_dmpnn_rdkit |     paeruginosa_fold2: already trained, skipping
2026-04-04 21:08:14 | INFO  | phase_dmpnn_rdkit |     paeruginosa_fold3: already trained, skipping
2026-04-04 21:08:14 | INFO  | phase_dmpnn_rdkit |     paeruginosa_fold4: already trained, skipping
2026-04-04 21:08:14 | INFO  | phase_dmpnn_rdkit |     mtb_fold0: already trained, skipping
2026-04-04 21:08:14 | INFO  | phase_dmpnn_rdkit |     mtb_fold1: already trained, skipping
2026-04-04 21:08:14 | INFO  | phase_dmpnn_rdkit |     mtb_fold2: already trained, skipping
2026-04-04 21:08:14 | INFO  | phase_dmpnn_rdkit |     mtb_fold3: already trained, skipping
2026-04-04 21:08:14 | INFO  | phase_dmpnn_rdkit |     mtb_fold4: already trained, skipping
2026-04-04 21:08:14 | INFO  | phase_dmpnn_rdkit |     gut_t5_fold0: already trained, skipping
2026-04-04 21:08:14 | INFO  | phase_dmpnn_rdkit |     gut_t5_fold1: already trained, skipping
2026-04-04 21:08:14 | INFO  | phase_dmpnn_rdkit |     gut_t5_fold2: already trained, skipping
2026-04-04 21:08:14 | INFO  | phase_dmpnn_rdkit |     gut_t5_fold3: already trained, skipping
2026-04-04 21:08:14 | INFO  | phase_dmpnn_rdkit |     gut_t5_fold4: already trained, skipping
2026-04-04 21:08:14 | INFO  | phase_dmpnn_rdkit |     gut_t10_fold0: already trained, skipping
2026-04-04 21:08:14 | INFO  | phase_dmpnn_rdkit |     gut_t10_fold1: already trained, skipping
2026-04-04 21:08:14 | INFO  | phase_dmpnn_rdkit |     gut_t10_fold2: already trained, skipping
2026-04-04 21:08:14 | INFO  | phase_dmpnn_rdkit |     gut_t10_fold3: already trained, skipping
2026-04-04 21:08:14 | INFO  | phase_dmpnn_rdkit |     gut_t10_fold4: already trained, skipping
2026-04-04 21:08:14 | INFO  | phase_dmpnn_rdkit |     gut_t20_fold0: already trained, skipping
2026-04-04 21:08:14 | INFO  | phase_dmpnn_rdkit |     gut_t20_fold1: already trained, skipping
2026-04-04 21:08:14 | INFO  | phase_dmpnn_rdkit |     gut_t20_fold2: already trained, skipping
2026-04-04 21:08:14 | INFO  | phase_dmpnn_rdkit |     gut_t20_fold3: already trained, skipping
2026-04-04 21:08:14 | INFO  | phase_dmpnn_rdkit |     gut_t20_fold4: already trained, skipping
2026-04-04 21:08:14 | INFO  | phase_dmpnn_rdkit | 
  Fold models: 35 exist, 0 missing (expected 35)
2026-04-04 21:08:14 | INFO  | phase_dmpnn_rdkit | 
  Phase 2: Training final models (7 total)...
2026-04-04 21:08:14 | INFO  | phase_dmpnn_rdkit |     ecoli_final: already trained, skipping
2026-04-04 21:08:14 | INFO  | phase_dmpnn_rdkit |     saureus_final: already trained, skipping
2026-04-04 21:08:14 | INFO  | phase_dmpnn_rdkit |     paeruginosa_final: already trained, skipping
2026-04-04 21:08:14 | INFO  | phase_dmpnn_rdkit |     mtb_final: already trained, skipping
2026-04-04 21:08:14 | INFO  | phase_dmpnn_rdkit |     gut_t5_final: already trained, skipping
2026-04-04 21:08:14 | INFO  | phase_dmpnn_rdkit |     gut_t10_final: already trained, skipping
2026-04-04 21:08:14 | INFO  | phase_dmpnn_rdkit |     gut_t20_final: already trained, skipping
2026-04-04 21:08:14 | INFO  | phase_dmpnn_rdkit | 
  Final models: 7/7 exist
2026-04-04 21:08:14 | INFO  | phase_dmpnn_rdkit |   Saved training status: /scratch/vishakha.agrawal/antibiotic-selectivity-v2/outputs/runs/run_20260315_034033/models/dmpnn_rdkit/training_status.json
2026-04-04 21:08:14 | INFO  | phase_dmpnn_rdkit | 
  PHASE 2/7: CV METRICS
2026-04-04 21:08:14 | INFO  | phase_dmpnn_rdkit | 
======================================================================
2026-04-04 21:08:14 | INFO  | phase_dmpnn_rdkit |   CV METRICS (from fold model predictions)
2026-04-04 21:08:14 | INFO  | phase_dmpnn_rdkit | ======================================================================
2026-04-04 21:13:00 | INFO  | phase_dmpnn_rdkit |     ecoli fold 0: 5657/5657 OOF predictions
2026-04-04 21:17:53 | INFO  | phase_dmpnn_rdkit |     ecoli fold 1: 5657/5657 OOF predictions
2026-04-04 21:24:16 | INFO  | phase_dmpnn_rdkit |     ecoli fold 2: 5657/5657 OOF predictions
2026-04-04 21:39:16 | ERROR | phase_dmpnn_rdkit |   CV metrics FAILED: TimeoutExpired: Command '['/home2/vishakha.agrawal/antibiotic-selectivity/venv/bin/chemprop', 'predict', '--test-path', '/scratch/vishakha.agrawal/antibiotic-selectivity-v2/outputs/runs/run_20260315_034033/models/dmpnn_rdkit/ecoli/fold_3/val_smiles.csv', '--model-path', '/scratch/vishakha.agrawal/antibiotic-selectivity-v2/outputs/runs/run_20260315_034033/models/dmpnn_rdkit/ecoli/fold_3/model_0/best.pt', '--preds-path', '/scratch/vishakha.agrawal/antibiotic-selectivity-v2/outputs/runs/run_20260315_034033/models/dmpnn_rdkit/ecoli/fold_3/val_preds.csv', '--smiles-column', 'smiles', '--molecule-featurizers', 'v1_rdkit_2d_normalized']' timed out after 900 seconds
2026-04-04 21:39:16 | ERROR | phase_dmpnn_rdkit | Traceback (most recent call last):
  File "/scratch/vishakha.agrawal/antibiotic-selectivity-v2/scripts/20_retrain_dmpnn_rdkit.py", line 1084, in main
    cv_metrics = collect_cv_metrics()
                 ^^^^^^^^^^^^^^^^^^^^
  File "/scratch/vishakha.agrawal/antibiotic-selectivity-v2/scripts/20_retrain_dmpnn_rdkit.py", line 427, in collect_cv_metrics
    result = subprocess.run(cmd, capture_output=True, text=True,
             ^^^^^^^^^^^^^^^^^^^^^^^^^^^^^^^^^^^^^^^^^^^^^^^^^^^
  File "/usr/local/apps/python-3.12.4/lib/python3.12/subprocess.py", line 550, in run
    stdout, stderr = process.communicate(input, timeout=timeout)
                     ^^^^^^^^^^^^^^^^^^^^^^^^^^^^^^^^^^^^^^^^^^^
  File "/usr/local/apps/python-3.12.4/lib/python3.12/subprocess.py", line 1209, in communicate
    stdout, stderr = self._communicate(input, endtime, timeout)
                     ^^^^^^^^^^^^^^^^^^^^^^^^^^^^^^^^^^^^^^^^^^
  File "/usr/local/apps/python-3.12.4/lib/python3.12/subprocess.py", line 2116, in _communicate
    self._check_timeout(endtime, orig_timeout, stdout, stderr)
  File "/usr/local/apps/python-3.12.4/lib/python3.12/subprocess.py", line 1253, in _check_timeout
    raise TimeoutExpired(
subprocess.TimeoutExpired: Command '['/home2/vishakha.agrawal/antibiotic-selectivity/venv/bin/chemprop', 'predict', '--test-path', '/scratch/vishakha.agrawal/antibiotic-selectivity-v2/outputs/runs/run_20260315_034033/models/dmpnn_rdkit/ecoli/fold_3/val_smiles.csv', '--model-path', '/scratch/vishakha.agrawal/antibiotic-selectivity-v2/outputs/runs/run_20260315_034033/models/dmpnn_rdkit/ecoli/fold_3/model_0/best.pt', '--preds-path', '/scratch/vishakha.agrawal/antibiotic-selectivity-v2/outputs/runs/run_20260315_034033/models/dmpnn_rdkit/ecoli/fold_3/val_preds.csv', '--smiles-column', 'smiles', '--molecule-featurizers', 'v1_rdkit_2d_normalized']' timed out after 900 seconds

2026-04-04 21:39:16 | INFO  | phase_dmpnn_rdkit | 
  PHASE 3/7: HUB SCREENING
2026-04-04 21:39:16 | INFO  | phase_dmpnn_rdkit | 
======================================================================
2026-04-04 21:39:16 | INFO  | phase_dmpnn_rdkit |   HUB SCREENING (Ensemble of 5 fold models)
2026-04-04 21:39:16 | INFO  | phase_dmpnn_rdkit | ======================================================================
2026-04-04 21:39:16 | INFO  | phase_dmpnn_rdkit |   ecoli               : ensemble of 5 models, mean=0.1871, max=0.9914
2026-04-04 21:39:16 | INFO  | phase_dmpnn_rdkit |   saureus             : ensemble of 5 models, mean=0.2150, max=0.9945
2026-04-04 21:39:16 | INFO  | phase_dmpnn_rdkit |   paeruginosa         : ensemble of 5 models, mean=0.1142, max=0.9458
2026-04-04 21:39:16 | INFO  | phase_dmpnn_rdkit |   mtb                 : ensemble of 5 models, mean=0.3525, max=0.9687
2026-04-04 21:39:16 | INFO  | phase_dmpnn_rdkit |   gut_t5              : ensemble of 5 models, mean=0.2552, max=0.9924
2026-04-04 21:39:16 | INFO  | phase_dmpnn_rdkit |   gut_t10             : ensemble of 5 models, mean=0.1809, max=0.9269
2026-04-04 21:39:16 | INFO  | phase_dmpnn_rdkit |   gut_t20             : ensemble of 5 models, mean=0.1008, max=0.8542
2026-04-04 21:39:16 | INFO  | phase_dmpnn_rdkit |   ecoli_t5                 : median S=0.1203, n>0.5=37
2026-04-04 21:39:16 | INFO  | phase_dmpnn_rdkit |   ecoli_t10                : median S=0.1376, n>0.5=58
2026-04-04 21:39:16 | INFO  | phase_dmpnn_rdkit |   ecoli_t20                : median S=0.1564, n>0.5=133
2026-04-04 21:39:17 | INFO  | phase_dmpnn_rdkit |   saureus_t5               : median S=0.1316, n>0.5=129
2026-04-04 21:39:17 | INFO  | phase_dmpnn_rdkit |   saureus_t10              : median S=0.1546, n>0.5=211
2026-04-04 21:39:17 | INFO  | phase_dmpnn_rdkit |   saureus_t20              : median S=0.1781, n>0.5=397
2026-04-04 21:39:17 | INFO  | phase_dmpnn_rdkit |   paeruginosa_t5           : median S=0.0724, n>0.5=13
2026-04-04 21:39:17 | INFO  | phase_dmpnn_rdkit |   paeruginosa_t10          : median S=0.0836, n>0.5=20
2026-04-04 21:39:17 | INFO  | phase_dmpnn_rdkit |   paeruginosa_t20          : median S=0.0952, n>0.5=42
2026-04-04 21:39:17 | INFO  | phase_dmpnn_rdkit |   mtb_t5                   : median S=0.2411, n>0.5=357
2026-04-04 21:39:17 | INFO  | phase_dmpnn_rdkit |   mtb_t10                  : median S=0.2729, n>0.5=507
2026-04-04 21:39:17 | INFO  | phase_dmpnn_rdkit |   mtb_t20                  : median S=0.3065, n>0.5=891
2026-04-04 21:39:17 | INFO  | phase_dmpnn_rdkit | 
  Saved 12 screening CSVs
2026-04-04 21:39:17 | INFO  | phase_dmpnn_rdkit |   Checkpoint saved: /scratch/vishakha.agrawal/antibiotic-selectivity-v2/outputs/runs/run_20260315_034033/results/dmpnn_rdkit_checkpoint.json
2026-04-04 21:39:17 | INFO  | phase_dmpnn_rdkit | 
  PHASE 4/7: VALIDATION
2026-04-04 21:39:17 | INFO  | phase_dmpnn_rdkit | 
======================================================================
2026-04-04 21:39:17 | INFO  | phase_dmpnn_rdkit |   VALIDATION
2026-04-04 21:39:17 | INFO  | phase_dmpnn_rdkit | ======================================================================
2026-04-04 21:39:17 | INFO  | phase_dmpnn_rdkit |   ecoli_t10                : narrow=0.1068 broad=0.1570 p=0.8714 WRONG
2026-04-04 21:39:18 | INFO  | phase_dmpnn_rdkit |   ecoli_t10                : 1/50 antibiotics (0.58x enrichment)
2026-04-04 21:39:18 | INFO  | phase_dmpnn_rdkit |   saureus_t10              : narrow=0.1956 broad=0.2438 p=0.8238 WRONG
2026-04-04 21:39:18 | INFO  | phase_dmpnn_rdkit |   saureus_t10              : 0/50 antibiotics (0.00x enrichment)
2026-04-04 21:39:18 | INFO  | phase_dmpnn_rdkit |   paeruginosa_t10          : narrow=0.0727 broad=0.1126 p=0.8714 WRONG
2026-04-04 21:39:19 | INFO  | phase_dmpnn_rdkit |   paeruginosa_t10          : 1/50 antibiotics (0.58x enrichment)
2026-04-04 21:39:19 | INFO  | phase_dmpnn_rdkit |   mtb_t10                  : narrow=0.1103 broad=0.2953 p=0.9429 WRONG
2026-04-04 21:39:19 | INFO  | phase_dmpnn_rdkit |   mtb_t10                  : 0/50 antibiotics (0.00x enrichment)
2026-04-04 21:39:19 | INFO  | phase_dmpnn_rdkit | 
  PHASE 5/7: CALIBRATION COMPARISON
2026-04-04 21:39:19 | INFO  | phase_dmpnn_rdkit | 
======================================================================
2026-04-04 21:39:19 | INFO  | phase_dmpnn_rdkit |   CALIBRATION: New vs Old D-MPNN
2026-04-04 21:39:19 | INFO  | phase_dmpnn_rdkit | ======================================================================
2026-04-04 21:39:19 | INFO  | phase_dmpnn_rdkit | 
  ecoli_t10:
2026-04-04 21:39:19 | INFO  | phase_dmpnn_rdkit |     Metric                 Old D-MPNN   New D-MPNN+RDKit
2026-04-04 21:39:19 | INFO  | phase_dmpnn_rdkit |     -------------------------------------------------------
2026-04-04 21:39:19 | INFO  | phase_dmpnn_rdkit |     S_lt_0.01                    4153                212
2026-04-04 21:39:19 | INFO  | phase_dmpnn_rdkit |     S_0.2_to_0.8                  646               1612
2026-04-04 21:39:19 | INFO  | phase_dmpnn_rdkit |     S_gt_0.95                     114                  0
2026-04-04 21:39:19 | INFO  | phase_dmpnn_rdkit |     median                      0.003             0.1082
2026-04-04 21:39:19 | INFO  | phase_dmpnn_rdkit |     n_above_0.5                   551                 58
2026-04-04 21:39:19 | INFO  | phase_dmpnn_rdkit | 
  saureus_t10:
2026-04-04 21:39:19 | INFO  | phase_dmpnn_rdkit |     Metric                 Old D-MPNN   New D-MPNN+RDKit
2026-04-04 21:39:19 | INFO  | phase_dmpnn_rdkit |     -------------------------------------------------------
2026-04-04 21:39:19 | INFO  | phase_dmpnn_rdkit |     S_lt_0.01                    3351                215
2026-04-04 21:39:19 | INFO  | phase_dmpnn_rdkit |     S_0.2_to_0.8                 1001               1921
2026-04-04 21:39:19 | INFO  | phase_dmpnn_rdkit |     S_gt_0.95                      84                  0
2026-04-04 21:39:19 | INFO  | phase_dmpnn_rdkit |     median                     0.0103             0.1066
2026-04-04 21:39:19 | INFO  | phase_dmpnn_rdkit |     n_above_0.5                   597                211
2026-04-04 21:39:19 | INFO  | phase_dmpnn_rdkit | 
  paeruginosa_t10:
2026-04-04 21:39:19 | INFO  | phase_dmpnn_rdkit |     Metric                 Old D-MPNN   New D-MPNN+RDKit
2026-04-04 21:39:19 | INFO  | phase_dmpnn_rdkit |     -------------------------------------------------------
2026-04-04 21:39:19 | INFO  | phase_dmpnn_rdkit |     S_lt_0.01                    5101                557
2026-04-04 21:39:19 | INFO  | phase_dmpnn_rdkit |     S_0.2_to_0.8                  346                636
2026-04-04 21:39:19 | INFO  | phase_dmpnn_rdkit |     S_gt_0.95                      32                  0
2026-04-04 21:39:19 | INFO  | phase_dmpnn_rdkit |     median                     0.0009             0.0556
2026-04-04 21:39:19 | INFO  | phase_dmpnn_rdkit |     n_above_0.5                   237                 20
2026-04-04 21:39:19 | INFO  | phase_dmpnn_rdkit | 
  mtb_t10:
2026-04-04 21:39:19 | INFO  | phase_dmpnn_rdkit |     Metric                 Old D-MPNN   New D-MPNN+RDKit
2026-04-04 21:39:19 | INFO  | phase_dmpnn_rdkit |     -------------------------------------------------------
2026-04-04 21:39:19 | INFO  | phase_dmpnn_rdkit |     S_lt_0.01                    2364                  0
2026-04-04 21:39:19 | INFO  | phase_dmpnn_rdkit |     S_0.2_to_0.8                 1530               4193
2026-04-04 21:39:19 | INFO  | phase_dmpnn_rdkit |     S_gt_0.95                     256                  0
2026-04-04 21:39:19 | INFO  | phase_dmpnn_rdkit |     median                     0.0458              0.249
2026-04-04 21:39:19 | INFO  | phase_dmpnn_rdkit |     n_above_0.5                  1311                507
2026-04-04 21:39:19 | INFO  | phase_dmpnn_rdkit | 
  PHASE 6/7: HEAD-TO-HEAD COMPARISON
2026-04-04 21:39:19 | INFO  | phase_dmpnn_rdkit | 
======================================================================
2026-04-04 21:39:19 | INFO  | phase_dmpnn_rdkit |   HEAD-TO-HEAD: Old D-MPNN vs New D-MPNN+RDKit
2026-04-04 21:39:19 | INFO  | phase_dmpnn_rdkit | ======================================================================
2026-04-04 21:39:19 | INFO  | phase_dmpnn_rdkit | 
  Task                  Old ROC-AUC  New ROC-AUC     Change
2026-04-04 21:39:19 | INFO  | phase_dmpnn_rdkit |   ----------------------------------------------------------
2026-04-04 21:39:19 | INFO  | phase_dmpnn_rdkit | 
  Top 10 candidates comparison (ecoli_t10):
2026-04-04 21:39:19 | INFO  | phase_dmpnn_rdkit | 
  Old D-MPNN top 10:
2026-04-04 21:39:19 | INFO  | phase_dmpnn_rdkit |     diadenosine-tetraphosphate S=0.9998
2026-04-04 21:39:19 | INFO  | phase_dmpnn_rdkit |     NADPH                     S=0.9998
2026-04-04 21:39:19 | INFO  | phase_dmpnn_rdkit |     adenosine-triphosphate    S=0.9996
2026-04-04 21:39:19 | INFO  | phase_dmpnn_rdkit |     coenzyme-I                S=0.9991
2026-04-04 21:39:19 | INFO  | phase_dmpnn_rdkit |     mangafodipir              S=0.9990
2026-04-04 21:39:19 | INFO  | phase_dmpnn_rdkit |     diflorasone-diacetate     S=0.9988
2026-04-04 21:39:19 | INFO  | phase_dmpnn_rdkit |     coenzyme-A                S=0.9987
2026-04-04 21:39:19 | INFO  | phase_dmpnn_rdkit |     uridine-5'-triphosphate   S=0.9986
2026-04-04 21:39:19 | INFO  | phase_dmpnn_rdkit |     fluticasone-propionate    S=0.9983
2026-04-04 21:39:19 | INFO  | phase_dmpnn_rdkit |     INS316                    S=0.9981
2026-04-04 21:39:19 | INFO  | phase_dmpnn_rdkit | 
  New D-MPNN+RDKit top 10:
2026-04-04 21:39:19 | INFO  | phase_dmpnn_rdkit |     asciminib                 S=0.8246
2026-04-04 21:39:19 | INFO  | phase_dmpnn_rdkit |     CUDC-907                  S=0.7817
2026-04-04 21:39:19 | INFO  | phase_dmpnn_rdkit |     AZD3965                   S=0.7518
2026-04-04 21:39:19 | INFO  | phase_dmpnn_rdkit |     AR-C155858                S=0.7518
2026-04-04 21:39:19 | INFO  | phase_dmpnn_rdkit |     BEBT-908                  S=0.7240
2026-04-04 21:39:19 | INFO  | phase_dmpnn_rdkit |     ketohexokinase-inhibitor-1 S=0.7078
2026-04-04 21:39:19 | INFO  | phase_dmpnn_rdkit |     itacitinib                S=0.6824
2026-04-04 21:39:19 | INFO  | phase_dmpnn_rdkit |     alanosine                 S=0.6823
2026-04-04 21:39:19 | INFO  | phase_dmpnn_rdkit |     gepotidacin               S=0.6727
2026-04-04 21:39:19 | INFO  | phase_dmpnn_rdkit |     TS-011                    S=0.6672
2026-04-04 21:39:19 | INFO  | phase_dmpnn_rdkit | 
  Top-50 overlap: 1/50 compounds shared
2026-04-04 21:39:19 | INFO  | phase_dmpnn_rdkit | 
======================================================================
2026-04-04 21:39:19 | INFO  | phase_dmpnn_rdkit |   STOKES CORRELATION
2026-04-04 21:39:19 | INFO  | phase_dmpnn_rdkit | ======================================================================
2026-04-04 21:39:19 | INFO  | phase_dmpnn_rdkit |   ecoli_t10                : new rho=0.1868, old rho=0.1535, n=4343
2026-04-04 21:39:19 | INFO  | phase_dmpnn_rdkit |   saureus_t10              : new rho=0.2716, old rho=0.1983, n=4343
2026-04-04 21:39:20 | INFO  | phase_dmpnn_rdkit |   paeruginosa_t10          : new rho=0.2392, old rho=0.0323, n=4343
2026-04-04 21:39:20 | INFO  | phase_dmpnn_rdkit |   mtb_t10                  : new rho=0.1630, old rho=0.1988, n=4343
2026-04-04 21:39:20 | INFO  | phase_dmpnn_rdkit | 
  PHASE 7/7: FIGURES
2026-04-04 21:39:21 | INFO  | phase_dmpnn_rdkit |   Figure: dmpnn_rdkit_score_comparison
2026-04-04 21:39:23 | INFO  | phase_dmpnn_rdkit |   Figure: dmpnn_rdkit_old_vs_new_scatter
2026-04-04 21:39:23 | INFO  | phase_dmpnn_rdkit | 
  Saved: /scratch/vishakha.agrawal/antibiotic-selectivity-v2/outputs/runs/run_20260315_034033/results/dmpnn_rdkit_full_report.json
2026-04-04 21:39:23 | INFO  | phase_dmpnn_rdkit | 
======================================================================
2026-04-04 21:39:23 | INFO  | phase_dmpnn_rdkit |   D-MPNN + RDKit RETRAINING SUMMARY
2026-04-04 21:39:23 | INFO  | phase_dmpnn_rdkit | ======================================================================
2026-04-04 21:39:23 | INFO  | phase_dmpnn_rdkit |   Architecture: depth=5, hidden=1600, dropout=0.35
2026-04-04 21:39:23 | INFO  | phase_dmpnn_rdkit |   Features: v1_rdkit_2d_normalized (200 descriptors)
2026-04-04 21:39:23 | INFO  | phase_dmpnn_rdkit |   Screening: ensemble of 5 fold models
2026-04-04 21:39:23 | INFO  | phase_dmpnn_rdkit |   Validation ecoli_t10: WRONG (narrow=0.1068, broad=0.1570)
2026-04-04 21:39:23 | INFO  | phase_dmpnn_rdkit |   Validation saureus_t10: WRONG (narrow=0.1956, broad=0.2438)
2026-04-04 21:39:23 | INFO  | phase_dmpnn_rdkit |   Validation paeruginosa_t10: WRONG (narrow=0.0727, broad=0.1126)
2026-04-04 21:39:23 | INFO  | phase_dmpnn_rdkit |   Validation mtb_t10: WRONG (narrow=0.1103, broad=0.2953)
2026-04-04 21:39:23 | INFO  | phase_dmpnn_rdkit |   Enrichment ecoli_t10: 1/50 (0.58x)
2026-04-04 21:39:23 | INFO  | phase_dmpnn_rdkit |   Enrichment saureus_t10: 0/50 (0.00x)
2026-04-04 21:39:23 | INFO  | phase_dmpnn_rdkit |   Enrichment paeruginosa_t10: 1/50 (0.58x)
2026-04-04 21:39:23 | INFO  | phase_dmpnn_rdkit |   Enrichment mtb_t10: 0/50 (0.00x)
2026-04-04 21:39:23 | INFO  | phase_dmpnn_rdkit | ======================================================================
2026-04-04 21:39:23 | INFO  | phase_dmpnn_rdkit | ============================================================
2026-04-04 21:39:23 | INFO  | phase_dmpnn_rdkit |  COMPLETED: Phase D: D-MPNN + RDKit
2026-04-04 21:39:23 | INFO  | phase_dmpnn_rdkit |  Elapsed: 31m 9.1s
2026-04-04 21:39:23 | INFO  | phase_dmpnn_rdkit | ============================================================
2026-04-04 21:44:41 | INFO  | phase_dmpnn_rdkit | Logging to file: /scratch/vishakha.agrawal/antibiotic-selectivity-v2/logs/phase_dmpnn_rdkit.log
2026-04-04 21:44:41 | INFO  | phase_dmpnn_rdkit | ============================================================
2026-04-04 21:44:41 | INFO  | phase_dmpnn_rdkit |  STARTING: Phase D: Retrain D-MPNN with RDKit features
2026-04-04 21:44:41 | INFO  | phase_dmpnn_rdkit | ============================================================
2026-04-04 21:44:41 | INFO  | phase_dmpnn_rdkit | 
  PHASE 1/7: TRAINING
2026-04-04 21:44:41 | INFO  | phase_dmpnn_rdkit | 
======================================================================
2026-04-04 21:44:41 | INFO  | phase_dmpnn_rdkit |   TRAINING D-MPNN + RDKit (Stokes architecture)
2026-04-04 21:44:41 | INFO  | phase_dmpnn_rdkit |   depth=5, hidden=1600, dropout=0.35
2026-04-04 21:44:41 | INFO  | phase_dmpnn_rdkit |   Features: v1_rdkit_2d_normalized
2026-04-04 21:44:41 | INFO  | phase_dmpnn_rdkit |   GPUs: 4 in parallel
2026-04-04 21:44:41 | INFO  | phase_dmpnn_rdkit | ======================================================================
2026-04-04 21:44:41 | INFO  | phase_dmpnn_rdkit |   GPUPool initialized: 4 GPUs (IDs: ['0', '1', '2', '3'])
2026-04-04 21:44:41 | INFO  | phase_dmpnn_rdkit | 
  Phase 1: Training fold models (35 total)...
2026-04-04 21:44:41 | INFO  | phase_dmpnn_rdkit |     ecoli_fold0: already trained, skipping
2026-04-04 21:44:41 | INFO  | phase_dmpnn_rdkit |     ecoli_fold1: already trained, skipping
2026-04-04 21:44:41 | INFO  | phase_dmpnn_rdkit |     ecoli_fold2: already trained, skipping
2026-04-04 21:44:41 | INFO  | phase_dmpnn_rdkit |     ecoli_fold3: already trained, skipping
2026-04-04 21:44:41 | INFO  | phase_dmpnn_rdkit |     ecoli_fold4: already trained, skipping
2026-04-04 21:44:41 | INFO  | phase_dmpnn_rdkit |     saureus_fold0: already trained, skipping
2026-04-04 21:44:41 | INFO  | phase_dmpnn_rdkit |     saureus_fold1: already trained, skipping
2026-04-04 21:44:41 | INFO  | phase_dmpnn_rdkit |     saureus_fold2: already trained, skipping
2026-04-04 21:44:41 | INFO  | phase_dmpnn_rdkit |     saureus_fold3: already trained, skipping
2026-04-04 21:44:41 | INFO  | phase_dmpnn_rdkit |     saureus_fold4: already trained, skipping
2026-04-04 21:44:41 | INFO  | phase_dmpnn_rdkit |     paeruginosa_fold0: already trained, skipping
2026-04-04 21:44:41 | INFO  | phase_dmpnn_rdkit |     paeruginosa_fold1: already trained, skipping
2026-04-04 21:44:41 | INFO  | phase_dmpnn_rdkit |     paeruginosa_fold2: already trained, skipping
2026-04-04 21:44:41 | INFO  | phase_dmpnn_rdkit |     paeruginosa_fold3: already trained, skipping
2026-04-04 21:44:41 | INFO  | phase_dmpnn_rdkit |     paeruginosa_fold4: already trained, skipping
2026-04-04 21:44:41 | INFO  | phase_dmpnn_rdkit |     mtb_fold0: already trained, skipping
2026-04-04 21:44:41 | INFO  | phase_dmpnn_rdkit |     mtb_fold1: already trained, skipping
2026-04-04 21:44:41 | INFO  | phase_dmpnn_rdkit |     mtb_fold2: already trained, skipping
2026-04-04 21:44:41 | INFO  | phase_dmpnn_rdkit |     mtb_fold3: already trained, skipping
2026-04-04 21:44:41 | INFO  | phase_dmpnn_rdkit |     mtb_fold4: already trained, skipping
2026-04-04 21:44:41 | INFO  | phase_dmpnn_rdkit |     gut_t5_fold0: already trained, skipping
2026-04-04 21:44:41 | INFO  | phase_dmpnn_rdkit |     gut_t5_fold1: already trained, skipping
2026-04-04 21:44:41 | INFO  | phase_dmpnn_rdkit |     gut_t5_fold2: already trained, skipping
2026-04-04 21:44:41 | INFO  | phase_dmpnn_rdkit |     gut_t5_fold3: already trained, skipping
2026-04-04 21:44:41 | INFO  | phase_dmpnn_rdkit |     gut_t5_fold4: already trained, skipping
2026-04-04 21:44:41 | INFO  | phase_dmpnn_rdkit |     gut_t10_fold0: already trained, skipping
2026-04-04 21:44:41 | INFO  | phase_dmpnn_rdkit |     gut_t10_fold1: already trained, skipping
2026-04-04 21:44:41 | INFO  | phase_dmpnn_rdkit |     gut_t10_fold2: already trained, skipping
2026-04-04 21:44:41 | INFO  | phase_dmpnn_rdkit |     gut_t10_fold3: already trained, skipping
2026-04-04 21:44:41 | INFO  | phase_dmpnn_rdkit |     gut_t10_fold4: already trained, skipping
2026-04-04 21:44:41 | INFO  | phase_dmpnn_rdkit |     gut_t20_fold0: already trained, skipping
2026-04-04 21:44:41 | INFO  | phase_dmpnn_rdkit |     gut_t20_fold1: already trained, skipping
2026-04-04 21:44:41 | INFO  | phase_dmpnn_rdkit |     gut_t20_fold2: already trained, skipping
2026-04-04 21:44:41 | INFO  | phase_dmpnn_rdkit |     gut_t20_fold3: already trained, skipping
2026-04-04 21:44:41 | INFO  | phase_dmpnn_rdkit |     gut_t20_fold4: already trained, skipping
2026-04-04 21:44:41 | INFO  | phase_dmpnn_rdkit | 
  Fold models: 35 exist, 0 missing (expected 35)
2026-04-04 21:44:41 | INFO  | phase_dmpnn_rdkit | 
  Phase 2: Training final models (7 total)...
2026-04-04 21:44:41 | INFO  | phase_dmpnn_rdkit |     ecoli_final: already trained, skipping
2026-04-04 21:44:41 | INFO  | phase_dmpnn_rdkit |     saureus_final: already trained, skipping
2026-04-04 21:44:41 | INFO  | phase_dmpnn_rdkit |     paeruginosa_final: already trained, skipping
2026-04-04 21:44:41 | INFO  | phase_dmpnn_rdkit |     mtb_final: already trained, skipping
2026-04-04 21:44:41 | INFO  | phase_dmpnn_rdkit |     gut_t5_final: already trained, skipping
2026-04-04 21:44:41 | INFO  | phase_dmpnn_rdkit |     gut_t10_final: already trained, skipping
2026-04-04 21:44:41 | INFO  | phase_dmpnn_rdkit |     gut_t20_final: already trained, skipping
2026-04-04 21:44:41 | INFO  | phase_dmpnn_rdkit | 
  Final models: 7/7 exist
2026-04-04 21:44:41 | INFO  | phase_dmpnn_rdkit |   Saved training status: /scratch/vishakha.agrawal/antibiotic-selectivity-v2/outputs/runs/run_20260315_034033/models/dmpnn_rdkit/training_status.json
2026-04-04 21:44:41 | INFO  | phase_dmpnn_rdkit | 
  PHASE 2/7: CV METRICS
2026-04-04 21:44:41 | INFO  | phase_dmpnn_rdkit | 
======================================================================
2026-04-04 21:44:41 | INFO  | phase_dmpnn_rdkit |   CV METRICS (from fold model predictions)
2026-04-04 21:44:41 | INFO  | phase_dmpnn_rdkit | ======================================================================
2026-04-04 21:51:07 | INFO  | phase_dmpnn_rdkit |     ecoli fold 0: 5657/5657 OOF predictions
2026-04-04 21:55:57 | INFO  | phase_dmpnn_rdkit |     ecoli fold 1: 5657/5657 OOF predictions
2026-04-04 22:00:39 | INFO  | phase_dmpnn_rdkit |     ecoli fold 2: 5657/5657 OOF predictions
2026-04-04 22:05:36 | INFO  | phase_dmpnn_rdkit |     ecoli fold 3: 5657/5657 OOF predictions
2026-04-04 22:10:16 | INFO  | phase_dmpnn_rdkit |     ecoli fold 4: 5656/5656 OOF predictions
2026-04-04 22:10:16 | INFO  | phase_dmpnn_rdkit |   ecoli               : ROC-AUC=0.8408 +/- 0.0137  PR-AUC=0.7570  n=28284 (9249 pos)
2026-04-04 22:17:40 | INFO  | phase_dmpnn_rdkit |     saureus fold 0: 8771/8771 OOF predictions
2026-04-04 22:24:45 | INFO  | phase_dmpnn_rdkit |     saureus fold 1: 8771/8771 OOF predictions
2026-04-04 22:31:50 | INFO  | phase_dmpnn_rdkit |     saureus fold 2: 8771/8771 OOF predictions
2026-04-04 22:38:58 | INFO  | phase_dmpnn_rdkit |     saureus fold 3: 8770/8770 OOF predictions
2026-04-04 22:45:55 | INFO  | phase_dmpnn_rdkit |     saureus fold 4: 8770/8770 OOF predictions
2026-04-04 22:45:55 | INFO  | phase_dmpnn_rdkit |   saureus             : ROC-AUC=0.8386 +/- 0.0089  PR-AUC=0.8050  n=43853 (19267 pos)
2026-04-04 22:49:06 | INFO  | phase_dmpnn_rdkit |     paeruginosa fold 0: 3557/3557 OOF predictions
2026-04-04 22:52:14 | INFO  | phase_dmpnn_rdkit |     paeruginosa fold 1: 3557/3557 OOF predictions
2026-04-04 22:55:23 | INFO  | phase_dmpnn_rdkit |     paeruginosa fold 2: 3556/3556 OOF predictions
2026-04-04 22:58:30 | INFO  | phase_dmpnn_rdkit |     paeruginosa fold 3: 3557/3557 OOF predictions
2026-04-04 23:01:40 | INFO  | phase_dmpnn_rdkit |     paeruginosa fold 4: 3556/3556 OOF predictions
2026-04-04 23:01:40 | INFO  | phase_dmpnn_rdkit |   paeruginosa         : ROC-AUC=0.8233 +/- 0.0141  PR-AUC=0.6604  n=17783 (4657 pos)
2026-04-04 23:04:21 | INFO  | phase_dmpnn_rdkit |     mtb fold 0: 3741/3741 OOF predictions
2026-04-04 23:07:03 | INFO  | phase_dmpnn_rdkit |     mtb fold 1: 3742/3742 OOF predictions
2026-04-04 23:09:54 | INFO  | phase_dmpnn_rdkit |     mtb fold 2: 3741/3741 OOF predictions
2026-04-04 23:12:38 | INFO  | phase_dmpnn_rdkit |     mtb fold 3: 3741/3741 OOF predictions
2026-04-04 23:15:17 | INFO  | phase_dmpnn_rdkit |     mtb fold 4: 3740/3740 OOF predictions
2026-04-04 23:15:17 | INFO  | phase_dmpnn_rdkit |   mtb                 : ROC-AUC=0.7376 +/- 0.0309  PR-AUC=0.6956  n=18705 (8129 pos)
2026-04-04 23:15:47 | INFO  | phase_dmpnn_rdkit |     gut_t5 fold 0: 235/235 OOF predictions
2026-04-04 23:16:08 | INFO  | phase_dmpnn_rdkit |     gut_t5 fold 1: 236/236 OOF predictions
2026-04-04 23:16:28 | INFO  | phase_dmpnn_rdkit |     gut_t5 fold 2: 236/236 OOF predictions
2026-04-04 23:16:51 | INFO  | phase_dmpnn_rdkit |     gut_t5 fold 3: 235/235 OOF predictions
2026-04-04 23:17:12 | INFO  | phase_dmpnn_rdkit |     gut_t5 fold 4: 235/235 OOF predictions
2026-04-04 23:17:12 | INFO  | phase_dmpnn_rdkit |   gut_t5              : ROC-AUC=0.8486 +/- 0.0542  PR-AUC=0.6695  n=1177 (233 pos)
2026-04-04 23:17:33 | INFO  | phase_dmpnn_rdkit |     gut_t10 fold 0: 235/235 OOF predictions
2026-04-04 23:17:56 | INFO  | phase_dmpnn_rdkit |     gut_t10 fold 1: 236/236 OOF predictions
2026-04-04 23:18:17 | INFO  | phase_dmpnn_rdkit |     gut_t10 fold 2: 236/236 OOF predictions
2026-04-04 23:18:37 | INFO  | phase_dmpnn_rdkit |     gut_t10 fold 3: 235/235 OOF predictions
2026-04-04 23:19:01 | INFO  | phase_dmpnn_rdkit |     gut_t10 fold 4: 235/235 OOF predictions
2026-04-04 23:19:01 | INFO  | phase_dmpnn_rdkit |   gut_t10             : ROC-AUC=0.8286 +/- 0.0910  PR-AUC=0.6226  n=1177 (179 pos)
2026-04-04 23:19:22 | INFO  | phase_dmpnn_rdkit |     gut_t20 fold 0: 235/235 OOF predictions
2026-04-04 23:19:43 | INFO  | phase_dmpnn_rdkit |     gut_t20 fold 1: 236/236 OOF predictions
2026-04-04 23:20:05 | INFO  | phase_dmpnn_rdkit |     gut_t20 fold 2: 236/236 OOF predictions
2026-04-04 23:20:26 | INFO  | phase_dmpnn_rdkit |     gut_t20 fold 3: 235/235 OOF predictions
2026-04-04 23:20:47 | INFO  | phase_dmpnn_rdkit |     gut_t20 fold 4: 235/235 OOF predictions
2026-04-04 23:20:47 | INFO  | phase_dmpnn_rdkit |   gut_t20             : ROC-AUC=0.8559 +/- 0.1117  PR-AUC=0.6438  n=1177 (127 pos)
2026-04-04 23:20:47 | INFO  | phase_dmpnn_rdkit | 
  Saved: /scratch/vishakha.agrawal/antibiotic-selectivity-v2/outputs/runs/run_20260315_034033/results/dmpnn_rdkit_cv_metrics.json
2026-04-04 23:20:47 | INFO  | phase_dmpnn_rdkit | 
  PHASE 3/7: HUB SCREENING
2026-04-04 23:20:47 | INFO  | phase_dmpnn_rdkit | 
======================================================================
2026-04-04 23:20:47 | INFO  | phase_dmpnn_rdkit |   HUB SCREENING (Ensemble of 5 fold models)
2026-04-04 23:20:47 | INFO  | phase_dmpnn_rdkit | ======================================================================
2026-04-04 23:20:47 | INFO  | phase_dmpnn_rdkit |   ecoli               : ensemble of 5 models, mean=0.1871, max=0.9914
2026-04-04 23:20:47 | INFO  | phase_dmpnn_rdkit |   saureus             : ensemble of 5 models, mean=0.2150, max=0.9945
2026-04-04 23:20:47 | INFO  | phase_dmpnn_rdkit |   paeruginosa         : ensemble of 5 models, mean=0.1142, max=0.9458
2026-04-04 23:20:47 | INFO  | phase_dmpnn_rdkit |   mtb                 : ensemble of 5 models, mean=0.3525, max=0.9687
2026-04-04 23:20:47 | INFO  | phase_dmpnn_rdkit |   gut_t5              : ensemble of 5 models, mean=0.2552, max=0.9924
2026-04-04 23:20:47 | INFO  | phase_dmpnn_rdkit |   gut_t10             : ensemble of 5 models, mean=0.1809, max=0.9269
2026-04-04 23:20:47 | INFO  | phase_dmpnn_rdkit |   gut_t20             : ensemble of 5 models, mean=0.1008, max=0.8542
2026-04-04 23:20:47 | INFO  | phase_dmpnn_rdkit |   ecoli_t5                 : median S=0.1203, n>0.5=37
2026-04-04 23:20:47 | INFO  | phase_dmpnn_rdkit |   ecoli_t10                : median S=0.1376, n>0.5=58
2026-04-04 23:20:47 | INFO  | phase_dmpnn_rdkit |   ecoli_t20                : median S=0.1564, n>0.5=133
2026-04-04 23:20:47 | INFO  | phase_dmpnn_rdkit |   saureus_t5               : median S=0.1316, n>0.5=129
2026-04-04 23:20:48 | INFO  | phase_dmpnn_rdkit |   saureus_t10              : median S=0.1546, n>0.5=211
2026-04-04 23:20:48 | INFO  | phase_dmpnn_rdkit |   saureus_t20              : median S=0.1781, n>0.5=397
2026-04-04 23:20:48 | INFO  | phase_dmpnn_rdkit |   paeruginosa_t5           : median S=0.0724, n>0.5=13
2026-04-04 23:20:48 | INFO  | phase_dmpnn_rdkit |   paeruginosa_t10          : median S=0.0836, n>0.5=20
2026-04-04 23:20:48 | INFO  | phase_dmpnn_rdkit |   paeruginosa_t20          : median S=0.0952, n>0.5=42
2026-04-04 23:20:48 | INFO  | phase_dmpnn_rdkit |   mtb_t5                   : median S=0.2411, n>0.5=357
2026-04-04 23:20:48 | INFO  | phase_dmpnn_rdkit |   mtb_t10                  : median S=0.2729, n>0.5=507
2026-04-04 23:20:48 | INFO  | phase_dmpnn_rdkit |   mtb_t20                  : median S=0.3065, n>0.5=891
2026-04-04 23:20:48 | INFO  | phase_dmpnn_rdkit | 
  Saved 12 screening CSVs
2026-04-04 23:20:48 | INFO  | phase_dmpnn_rdkit |   Checkpoint saved: /scratch/vishakha.agrawal/antibiotic-selectivity-v2/outputs/runs/run_20260315_034033/results/dmpnn_rdkit_checkpoint.json
2026-04-04 23:20:48 | INFO  | phase_dmpnn_rdkit | 
  PHASE 4/7: VALIDATION
2026-04-04 23:20:48 | INFO  | phase_dmpnn_rdkit | 
======================================================================
2026-04-04 23:20:48 | INFO  | phase_dmpnn_rdkit |   VALIDATION
2026-04-04 23:20:48 | INFO  | phase_dmpnn_rdkit | ======================================================================
2026-04-04 23:20:48 | INFO  | phase_dmpnn_rdkit |   ecoli_t10                : narrow=0.1068 broad=0.1570 p=0.8714 WRONG
2026-04-04 23:20:48 | INFO  | phase_dmpnn_rdkit |   ecoli_t10                : 1/50 antibiotics (0.58x enrichment)
2026-04-04 23:20:48 | INFO  | phase_dmpnn_rdkit |   saureus_t10              : narrow=0.1956 broad=0.2438 p=0.8238 WRONG
2026-04-04 23:20:49 | INFO  | phase_dmpnn_rdkit |   saureus_t10              : 0/50 antibiotics (0.00x enrichment)
2026-04-04 23:20:49 | INFO  | phase_dmpnn_rdkit |   paeruginosa_t10          : narrow=0.0727 broad=0.1126 p=0.8714 WRONG
2026-04-04 23:20:49 | INFO  | phase_dmpnn_rdkit |   paeruginosa_t10          : 1/50 antibiotics (0.58x enrichment)
2026-04-04 23:20:50 | INFO  | phase_dmpnn_rdkit |   mtb_t10                  : narrow=0.1103 broad=0.2953 p=0.9429 WRONG
2026-04-04 23:20:50 | INFO  | phase_dmpnn_rdkit |   mtb_t10                  : 0/50 antibiotics (0.00x enrichment)
2026-04-04 23:20:50 | INFO  | phase_dmpnn_rdkit | 
  PHASE 5/7: CALIBRATION COMPARISON
2026-04-04 23:20:50 | INFO  | phase_dmpnn_rdkit | 
======================================================================
2026-04-04 23:20:50 | INFO  | phase_dmpnn_rdkit |   CALIBRATION: New vs Old D-MPNN
2026-04-04 23:20:50 | INFO  | phase_dmpnn_rdkit | ======================================================================
2026-04-04 23:20:50 | INFO  | phase_dmpnn_rdkit | 
  ecoli_t10:
2026-04-04 23:20:50 | INFO  | phase_dmpnn_rdkit |     Metric                 Old D-MPNN   New D-MPNN+RDKit
2026-04-04 23:20:50 | INFO  | phase_dmpnn_rdkit |     -------------------------------------------------------
2026-04-04 23:20:50 | INFO  | phase_dmpnn_rdkit |     S_lt_0.01                    4153                212
2026-04-04 23:20:50 | INFO  | phase_dmpnn_rdkit |     S_0.2_to_0.8                  646               1612
2026-04-04 23:20:50 | INFO  | phase_dmpnn_rdkit |     S_gt_0.95                     114                  0
2026-04-04 23:20:50 | INFO  | phase_dmpnn_rdkit |     median                      0.003             0.1082
2026-04-04 23:20:50 | INFO  | phase_dmpnn_rdkit |     n_above_0.5                   551                 58
2026-04-04 23:20:50 | INFO  | phase_dmpnn_rdkit | 
  saureus_t10:
2026-04-04 23:20:50 | INFO  | phase_dmpnn_rdkit |     Metric                 Old D-MPNN   New D-MPNN+RDKit
2026-04-04 23:20:50 | INFO  | phase_dmpnn_rdkit |     -------------------------------------------------------
2026-04-04 23:20:50 | INFO  | phase_dmpnn_rdkit |     S_lt_0.01                    3351                215
2026-04-04 23:20:50 | INFO  | phase_dmpnn_rdkit |     S_0.2_to_0.8                 1001               1921
2026-04-04 23:20:50 | INFO  | phase_dmpnn_rdkit |     S_gt_0.95                      84                  0
2026-04-04 23:20:50 | INFO  | phase_dmpnn_rdkit |     median                     0.0103             0.1066
2026-04-04 23:20:50 | INFO  | phase_dmpnn_rdkit |     n_above_0.5                   597                211
2026-04-04 23:20:50 | INFO  | phase_dmpnn_rdkit | 
  paeruginosa_t10:
2026-04-04 23:20:50 | INFO  | phase_dmpnn_rdkit |     Metric                 Old D-MPNN   New D-MPNN+RDKit
2026-04-04 23:20:50 | INFO  | phase_dmpnn_rdkit |     -------------------------------------------------------
2026-04-04 23:20:50 | INFO  | phase_dmpnn_rdkit |     S_lt_0.01                    5101                557
2026-04-04 23:20:50 | INFO  | phase_dmpnn_rdkit |     S_0.2_to_0.8                  346                636
2026-04-04 23:20:50 | INFO  | phase_dmpnn_rdkit |     S_gt_0.95                      32                  0
2026-04-04 23:20:50 | INFO  | phase_dmpnn_rdkit |     median                     0.0009             0.0556
2026-04-04 23:20:50 | INFO  | phase_dmpnn_rdkit |     n_above_0.5                   237                 20
2026-04-04 23:20:50 | INFO  | phase_dmpnn_rdkit | 
  mtb_t10:
2026-04-04 23:20:50 | INFO  | phase_dmpnn_rdkit |     Metric                 Old D-MPNN   New D-MPNN+RDKit
2026-04-04 23:20:50 | INFO  | phase_dmpnn_rdkit |     -------------------------------------------------------
2026-04-04 23:20:50 | INFO  | phase_dmpnn_rdkit |     S_lt_0.01                    2364                  0
2026-04-04 23:20:50 | INFO  | phase_dmpnn_rdkit |     S_0.2_to_0.8                 1530               4193
2026-04-04 23:20:50 | INFO  | phase_dmpnn_rdkit |     S_gt_0.95                     256                  0
2026-04-04 23:20:50 | INFO  | phase_dmpnn_rdkit |     median                     0.0458              0.249
2026-04-04 23:20:50 | INFO  | phase_dmpnn_rdkit |     n_above_0.5                  1311                507
2026-04-04 23:20:50 | INFO  | phase_dmpnn_rdkit | 
  PHASE 6/7: HEAD-TO-HEAD COMPARISON
2026-04-04 23:20:50 | INFO  | phase_dmpnn_rdkit | 
======================================================================
2026-04-04 23:20:50 | INFO  | phase_dmpnn_rdkit |   HEAD-TO-HEAD: Old D-MPNN vs New D-MPNN+RDKit
2026-04-04 23:20:50 | INFO  | phase_dmpnn_rdkit | ======================================================================
2026-04-04 23:20:50 | INFO  | phase_dmpnn_rdkit | 
  Task                  Old ROC-AUC  New ROC-AUC     Change
2026-04-04 23:20:50 | INFO  | phase_dmpnn_rdkit |   ----------------------------------------------------------
2026-04-04 23:20:50 | INFO  | phase_dmpnn_rdkit |   ecoli                      0.8525       0.8408   -0.0117
2026-04-04 23:20:50 | INFO  | phase_dmpnn_rdkit |   saureus                    0.8544       0.8386   -0.0158
2026-04-04 23:20:50 | INFO  | phase_dmpnn_rdkit |   paeruginosa                0.8379       0.8233   -0.0146
2026-04-04 23:20:50 | INFO  | phase_dmpnn_rdkit |   mtb                        0.7599       0.7376   -0.0223
2026-04-04 23:20:50 | INFO  | phase_dmpnn_rdkit |   gut_t5                     0.8248       0.8486 +   0.0238
2026-04-04 23:20:50 | INFO  | phase_dmpnn_rdkit |   gut_t10                    0.8410       0.8286   -0.0124
2026-04-04 23:20:50 | INFO  | phase_dmpnn_rdkit |   gut_t20                    0.8776       0.8559   -0.0217
2026-04-04 23:20:50 | INFO  | phase_dmpnn_rdkit | 
  Top 10 candidates comparison (ecoli_t10):
2026-04-04 23:20:50 | INFO  | phase_dmpnn_rdkit | 
  Old D-MPNN top 10:
2026-04-04 23:20:50 | INFO  | phase_dmpnn_rdkit |     diadenosine-tetraphosphate S=0.9998
2026-04-04 23:20:50 | INFO  | phase_dmpnn_rdkit |     NADPH                     S=0.9998
2026-04-04 23:20:50 | INFO  | phase_dmpnn_rdkit |     adenosine-triphosphate    S=0.9996
2026-04-04 23:20:50 | INFO  | phase_dmpnn_rdkit |     coenzyme-I                S=0.9991
2026-04-04 23:20:50 | INFO  | phase_dmpnn_rdkit |     mangafodipir              S=0.9990
2026-04-04 23:20:50 | INFO  | phase_dmpnn_rdkit |     diflorasone-diacetate     S=0.9988
2026-04-04 23:20:50 | INFO  | phase_dmpnn_rdkit |     coenzyme-A                S=0.9987
2026-04-04 23:20:50 | INFO  | phase_dmpnn_rdkit |     uridine-5'-triphosphate   S=0.9986
2026-04-04 23:20:50 | INFO  | phase_dmpnn_rdkit |     fluticasone-propionate    S=0.9983
2026-04-04 23:20:50 | INFO  | phase_dmpnn_rdkit |     INS316                    S=0.9981
2026-04-04 23:20:50 | INFO  | phase_dmpnn_rdkit | 
  New D-MPNN+RDKit top 10:
2026-04-04 23:20:50 | INFO  | phase_dmpnn_rdkit |     asciminib                 S=0.8246
2026-04-04 23:20:50 | INFO  | phase_dmpnn_rdkit |     CUDC-907                  S=0.7817
2026-04-04 23:20:50 | INFO  | phase_dmpnn_rdkit |     AZD3965                   S=0.7518
2026-04-04 23:20:50 | INFO  | phase_dmpnn_rdkit |     AR-C155858                S=0.7518
2026-04-04 23:20:50 | INFO  | phase_dmpnn_rdkit |     BEBT-908                  S=0.7240
2026-04-04 23:20:50 | INFO  | phase_dmpnn_rdkit |     ketohexokinase-inhibitor-1 S=0.7078
2026-04-04 23:20:50 | INFO  | phase_dmpnn_rdkit |     itacitinib                S=0.6824
2026-04-04 23:20:50 | INFO  | phase_dmpnn_rdkit |     alanosine                 S=0.6823
2026-04-04 23:20:50 | INFO  | phase_dmpnn_rdkit |     gepotidacin               S=0.6727
2026-04-04 23:20:50 | INFO  | phase_dmpnn_rdkit |     TS-011                    S=0.6672
2026-04-04 23:20:50 | INFO  | phase_dmpnn_rdkit | 
  Top-50 overlap: 1/50 compounds shared
2026-04-04 23:20:50 | INFO  | phase_dmpnn_rdkit | 
======================================================================
2026-04-04 23:20:50 | INFO  | phase_dmpnn_rdkit |   STOKES CORRELATION
2026-04-04 23:20:50 | INFO  | phase_dmpnn_rdkit | ======================================================================
2026-04-04 23:20:50 | INFO  | phase_dmpnn_rdkit |   ecoli_t10                : new rho=0.1868, old rho=0.1535, n=4343
2026-04-04 23:20:50 | INFO  | phase_dmpnn_rdkit |   saureus_t10              : new rho=0.2716, old rho=0.1983, n=4343
2026-04-04 23:20:50 | INFO  | phase_dmpnn_rdkit |   paeruginosa_t10          : new rho=0.2392, old rho=0.0323, n=4343
2026-04-04 23:20:50 | INFO  | phase_dmpnn_rdkit |   mtb_t10                  : new rho=0.1630, old rho=0.1988, n=4343
2026-04-04 23:20:50 | INFO  | phase_dmpnn_rdkit | 
  PHASE 7/7: FIGURES
2026-04-04 23:20:52 | INFO  | phase_dmpnn_rdkit |   Figure: dmpnn_rdkit_score_comparison
2026-04-04 23:20:53 | INFO  | phase_dmpnn_rdkit |   Figure: dmpnn_rdkit_old_vs_new_scatter
2026-04-04 23:20:53 | INFO  | phase_dmpnn_rdkit | 
  Saved: /scratch/vishakha.agrawal/antibiotic-selectivity-v2/outputs/runs/run_20260315_034033/results/dmpnn_rdkit_full_report.json
2026-04-04 23:20:53 | INFO  | phase_dmpnn_rdkit | 
======================================================================
2026-04-04 23:20:53 | INFO  | phase_dmpnn_rdkit |   D-MPNN + RDKit RETRAINING SUMMARY
2026-04-04 23:20:53 | INFO  | phase_dmpnn_rdkit | ======================================================================
2026-04-04 23:20:53 | INFO  | phase_dmpnn_rdkit |   Architecture: depth=5, hidden=1600, dropout=0.35
2026-04-04 23:20:53 | INFO  | phase_dmpnn_rdkit |   Features: v1_rdkit_2d_normalized (200 descriptors)
2026-04-04 23:20:53 | INFO  | phase_dmpnn_rdkit |   Screening: ensemble of 5 fold models
2026-04-04 23:20:53 | INFO  | phase_dmpnn_rdkit |   ecoli               : ROC-AUC = 0.8408 +/- 0.0137
2026-04-04 23:20:53 | INFO  | phase_dmpnn_rdkit |   saureus             : ROC-AUC = 0.8386 +/- 0.0089
2026-04-04 23:20:53 | INFO  | phase_dmpnn_rdkit |   paeruginosa         : ROC-AUC = 0.8233 +/- 0.0141
2026-04-04 23:20:53 | INFO  | phase_dmpnn_rdkit |   mtb                 : ROC-AUC = 0.7376 +/- 0.0309
2026-04-04 23:20:53 | INFO  | phase_dmpnn_rdkit |   Validation ecoli_t10: WRONG (narrow=0.1068, broad=0.1570)
2026-04-04 23:20:53 | INFO  | phase_dmpnn_rdkit |   Validation saureus_t10: WRONG (narrow=0.1956, broad=0.2438)
2026-04-04 23:20:53 | INFO  | phase_dmpnn_rdkit |   Validation paeruginosa_t10: WRONG (narrow=0.0727, broad=0.1126)
2026-04-04 23:20:53 | INFO  | phase_dmpnn_rdkit |   Validation mtb_t10: WRONG (narrow=0.1103, broad=0.2953)
2026-04-04 23:20:53 | INFO  | phase_dmpnn_rdkit |   Enrichment ecoli_t10: 1/50 (0.58x)
2026-04-04 23:20:53 | INFO  | phase_dmpnn_rdkit |   Enrichment saureus_t10: 0/50 (0.00x)
2026-04-04 23:20:53 | INFO  | phase_dmpnn_rdkit |   Enrichment paeruginosa_t10: 1/50 (0.58x)
2026-04-04 23:20:53 | INFO  | phase_dmpnn_rdkit |   Enrichment mtb_t10: 0/50 (0.00x)
2026-04-04 23:20:53 | INFO  | phase_dmpnn_rdkit | ======================================================================
2026-04-04 23:20:53 | INFO  | phase_dmpnn_rdkit | ============================================================
2026-04-04 23:20:53 | INFO  | phase_dmpnn_rdkit |  COMPLETED: Phase D: D-MPNN + RDKit
2026-04-04 23:20:53 | INFO  | phase_dmpnn_rdkit |  Elapsed: 96m 12.0s
2026-04-04 23:20:53 | INFO  | phase_dmpnn_rdkit | ============================================================
