2026-04-03 16:22:00 | INFO  | phase_interpret | Logging to file: /scratch/vishakha.agrawal/antibiotic-selectivity-v2/logs/phase_interpret.log
2026-04-03 16:22:00 | INFO  | phase_interpret | ============================================================
2026-04-03 16:22:00 | INFO  | phase_interpret |  STARTING: Phase C: Targeted Interpretability
2026-04-03 16:22:00 | INFO  | phase_interpret | ============================================================
2026-04-03 16:22:00 | INFO  | phase_interpret |   Selected top 15 candidates for interpretation
2026-04-03 16:22:00 | INFO  | phase_interpret |     micronomicin              n_models=4 S=1.000
2026-04-03 16:22:00 | INFO  | phase_interpret |     SQ-109                    n_models=4 S=1.000
2026-04-03 16:22:00 | INFO  | phase_interpret |     netilmicin                n_models=4 S=1.000
2026-04-03 16:22:00 | INFO  | phase_interpret |     retapamulin               n_models=4 S=1.000
2026-04-03 16:22:00 | INFO  | phase_interpret |     AFN-1252                  n_models=4 S=0.998
2026-04-03 16:22:00 | INFO  | phase_interpret |     GSK656                    n_models=4 S=0.995
2026-04-03 16:22:00 | INFO  | phase_interpret |     trimetrexate              n_models=4 S=0.992
2026-04-03 16:22:00 | INFO  | phase_interpret |     sisomicin                 n_models=4 S=0.989
2026-04-03 16:22:00 | INFO  | phase_interpret |     relebactam                n_models=3 S=1.000
2026-04-03 16:22:00 | INFO  | phase_interpret |     gentamycin                n_models=3 S=1.000
2026-04-03 16:22:00 | INFO  | phase_interpret |     BTZ043-racemate           n_models=3 S=1.000
2026-04-03 16:22:00 | INFO  | phase_interpret |     Q-203                     n_models=3 S=1.000
2026-04-03 16:22:00 | INFO  | phase_interpret |     macozinone                n_models=3 S=0.999
2026-04-03 16:22:00 | INFO  | phase_interpret |     boronophenylalanine       n_models=3 S=0.999
2026-04-03 16:22:00 | INFO  | phase_interpret |     monocrotaline             n_models=3 S=0.998
2026-04-03 16:22:00 | INFO  | phase_interpret | 
======================================================================
2026-04-03 16:22:00 | INFO  | phase_interpret |   RF FEATURE IMPORTANCE
2026-04-03 16:22:00 | INFO  | phase_interpret | ======================================================================
2026-04-03 16:22:04 | INFO  | phase_interpret |   RF E. coli model: 2048 features
2026-04-03 16:22:04 | INFO  | phase_interpret |   Total importance sum: 1.0000
2026-04-03 16:22:04 | INFO  | phase_interpret | 
  Top 30 Morgan FP bits (E. coli model):
2026-04-03 16:22:04 | INFO  | phase_interpret |    Rank    Bit   Importance   Cumulative
2026-04-03 16:22:04 | INFO  | phase_interpret |   ----------------------------------------
2026-04-03 16:22:04 | INFO  | phase_interpret |       1    456     0.016119       0.0161
2026-04-03 16:22:04 | INFO  | phase_interpret |       2   1019     0.010353       0.0265
2026-04-03 16:22:04 | INFO  | phase_interpret |       3    464     0.009522       0.0360
2026-04-03 16:22:04 | INFO  | phase_interpret |       4    314     0.009368       0.0454
2026-04-03 16:22:04 | INFO  | phase_interpret |       5    525     0.009317       0.0547
2026-04-03 16:22:04 | INFO  | phase_interpret |       6   1840     0.008308       0.0630
2026-04-03 16:22:04 | INFO  | phase_interpret |       7    453     0.008073       0.0711
2026-04-03 16:22:04 | INFO  | phase_interpret |       8    739     0.007897       0.0790
2026-04-03 16:22:04 | INFO  | phase_interpret |       9   1332     0.007503       0.0865
2026-04-03 16:22:04 | INFO  | phase_interpret |      10   1047     0.007000       0.0935
2026-04-03 16:22:04 | INFO  | phase_interpret |      11   1750     0.006942       0.1004
2026-04-03 16:22:04 | INFO  | phase_interpret |      12   1325     0.006885       0.1073
2026-04-03 16:22:04 | INFO  | phase_interpret |      13    926     0.006805       0.1141
2026-04-03 16:22:04 | INFO  | phase_interpret |      14    470     0.006385       0.1205
2026-04-03 16:22:04 | INFO  | phase_interpret |      15   1917     0.006036       0.1265
2026-04-03 16:22:04 | INFO  | phase_interpret |      16   1088     0.005943       0.1325
2026-04-03 16:22:04 | INFO  | phase_interpret |      17    389     0.005880       0.1383
2026-04-03 16:22:04 | INFO  | phase_interpret |      18    407     0.005660       0.1440
2026-04-03 16:22:04 | INFO  | phase_interpret |      19   1171     0.005478       0.1495
2026-04-03 16:22:04 | INFO  | phase_interpret |      20   1729     0.005466       0.1549
2026-04-03 16:22:04 | INFO  | phase_interpret |      21   1199     0.005308       0.1602
2026-04-03 16:22:04 | INFO  | phase_interpret |      22   1991     0.004984       0.1652
2026-04-03 16:22:04 | INFO  | phase_interpret |      23    807     0.004688       0.1699
2026-04-03 16:22:04 | INFO  | phase_interpret |      24    699     0.004216       0.1741
2026-04-03 16:22:04 | INFO  | phase_interpret |      25    326     0.004023       0.1782
2026-04-03 16:22:04 | INFO  | phase_interpret |      26    935     0.003965       0.1821
2026-04-03 16:22:04 | INFO  | phase_interpret |      27    146     0.003940       0.1861
2026-04-03 16:22:04 | INFO  | phase_interpret |      28    338     0.003929       0.1900
2026-04-03 16:22:04 | INFO  | phase_interpret |      29   1922     0.003707       0.1937
2026-04-03 16:22:04 | INFO  | phase_interpret |      30      5     0.003706       0.1974
2026-04-03 16:22:04 | INFO  | phase_interpret | 
  Top 30 bits explain 19.7% of total importance
2026-04-03 16:22:04 | INFO  | phase_interpret |   Selected top 15 candidates for interpretation
2026-04-03 16:22:04 | INFO  | phase_interpret |     micronomicin              n_models=4 S=1.000
2026-04-03 16:22:04 | INFO  | phase_interpret |     SQ-109                    n_models=4 S=1.000
2026-04-03 16:22:04 | INFO  | phase_interpret |     netilmicin                n_models=4 S=1.000
2026-04-03 16:22:04 | INFO  | phase_interpret |     retapamulin               n_models=4 S=1.000
2026-04-03 16:22:04 | INFO  | phase_interpret |     AFN-1252                  n_models=4 S=0.998
2026-04-03 16:22:04 | INFO  | phase_interpret |     GSK656                    n_models=4 S=0.995
2026-04-03 16:22:04 | INFO  | phase_interpret |     trimetrexate              n_models=4 S=0.992
2026-04-03 16:22:04 | INFO  | phase_interpret |     sisomicin                 n_models=4 S=0.989
2026-04-03 16:22:04 | INFO  | phase_interpret |     relebactam                n_models=3 S=1.000
2026-04-03 16:22:04 | INFO  | phase_interpret |     gentamycin                n_models=3 S=1.000
2026-04-03 16:22:04 | INFO  | phase_interpret |     BTZ043-racemate           n_models=3 S=1.000
2026-04-03 16:22:04 | INFO  | phase_interpret |     Q-203                     n_models=3 S=1.000
2026-04-03 16:22:04 | INFO  | phase_interpret |     macozinone                n_models=3 S=0.999
2026-04-03 16:22:04 | INFO  | phase_interpret |     boronophenylalanine       n_models=3 S=0.999
2026-04-03 16:22:04 | INFO  | phase_interpret |     monocrotaline             n_models=3 S=0.998
2026-04-03 16:22:04 | INFO  | phase_interpret | 
  Mapping top bits to substructures in top candidates:
2026-04-03 16:22:04 | INFO  | phase_interpret | 
  Substructure examples for top bits:
2026-04-03 16:22:04 | INFO  | phase_interpret |     Bit   456 (imp=0.01612): not active in top candidates
2026-04-03 16:22:04 | INFO  | phase_interpret |     Bit  1019 (imp=0.01035): micronomicin: ; micronomicin: ; micronomicin: 
2026-04-03 16:22:04 | INFO  | phase_interpret |     Bit   464 (imp=0.00952): Q-203: [#6]:[#6]:[#7]
2026-04-03 16:22:04 | INFO  | phase_interpret |     Bit   314 (imp=0.00937): retapamulin: [#6]=[#8]; AFN-1252: [#6]=[#8]; relebactam: [#6]=[#8]
2026-04-03 16:22:04 | INFO  | phase_interpret |     Bit   525 (imp=0.00932): not active in top candidates
2026-04-03 16:22:04 | INFO  | phase_interpret |     Bit  1840 (imp=0.00831): not active in top candidates
2026-04-03 16:22:04 | INFO  | phase_interpret |     Bit   453 (imp=0.00807): not active in top candidates
2026-04-03 16:22:04 | INFO  | phase_interpret |     Bit   739 (imp=0.00790): relebactam: [#6](-[#6@H])-[#7]
2026-04-03 16:22:04 | INFO  | phase_interpret |     Bit  1332 (imp=0.00750): GSK656: [#5]-[#8]
2026-04-03 16:22:04 | INFO  | phase_interpret |     Bit  1047 (imp=0.00700): not active in top candidates
2026-04-03 16:22:04 | INFO  | phase_interpret |     Bit  1750 (imp=0.00694): AFN-1252: [#6]:[#6]:[#6]; AFN-1252: [#6]:[#6]:[#6]; GSK656: [#6]:[#6]:[#6]
2026-04-03 16:22:04 | INFO  | phase_interpret |     Bit  1325 (imp=0.00689): micronomicin: [#6](-[#6@H])-[#6]; micronomicin: [#6]-[#6]-[#6@@H]; retapamulin: [#6](-[#6@@H])-[#6]
2026-04-03 16:22:04 | INFO  | phase_interpret |     Bit   926 (imp=0.00681): micronomicin: ; micronomicin: ; micronomicin: 
2026-04-03 16:22:04 | INFO  | phase_interpret |     Bit   470 (imp=0.00639): not active in top candidates
2026-04-03 16:22:04 | INFO  | phase_interpret |     Bit  1917 (imp=0.00604): retapamulin: [#6]=[#8]; AFN-1252: [#6]=[#8]; relebactam: [#8]=[#6]
2026-04-03 16:22:04 | INFO  | phase_interpret |     Bit  1088 (imp=0.00594): AFN-1252: [#6]:[#6]:[#6]; AFN-1252: [#6]:[#6]:[#6]
2026-04-03 16:22:04 | INFO  | phase_interpret |     Bit   389 (imp=0.00588): boronophenylalanine: [#6]-[#8]
2026-04-03 16:22:04 | INFO  | phase_interpret |     Bit   407 (imp=0.00566): BTZ043-racemate: [#6]-[#7](-[#6])-[#6]; Q-203: [#6]-[#7](-[#6])-[#6]; macozinone: [#6]-[#7](-[#6])-[#6]
2026-04-03 16:22:04 | INFO  | phase_interpret |     Bit  1171 (imp=0.00548): micronomicin: ; micronomicin: ; micronomicin: 
2026-04-03 16:22:04 | INFO  | phase_interpret |     Bit  1729 (imp=0.00547): not active in top candidates
2026-04-03 16:22:04 | INFO  | phase_interpret | 
  Per-compound important bit activation:
2026-04-03 16:22:04 | WARNING | phase_interpret |   RF interpretation failed: Python argument types in
    ExplicitBitVect.__getitem__(ExplicitBitVect, numpy.int64)
did not match C++ signature:
    __getitem__(ExplicitBitVect self, int which)
2026-04-03 16:22:04 | INFO  | phase_interpret | 
======================================================================
2026-04-03 16:22:04 | INFO  | phase_interpret |   D-MPNN OCCLUSION ATTRIBUTION
2026-04-03 16:22:04 | INFO  | phase_interpret | ======================================================================
2026-04-03 16:22:50 | INFO  | phase_interpret |   Loading model: /scratch/vishakha.agrawal/antibiotic-selectivity-v2/outputs/runs/run_20260315_034033/models/dmpnn/ecoli/final/model_0/best.pt
2026-04-03 16:22:50 | WARNING | phase_interpret |   Failed to load D-MPNN model: type object 'MPNN' has no attribute 'load'
2026-04-03 16:22:50 | INFO  | phase_interpret | 
======================================================================
2026-04-03 16:22:50 | INFO  | phase_interpret |   CheMeleon OCCLUSION ATTRIBUTION
2026-04-03 16:22:50 | INFO  | phase_interpret | ======================================================================
2026-04-03 16:22:50 | INFO  | phase_interpret |   Imported _build_frozen_model from 11_train_chemeleon_frozen.py
2026-04-03 16:22:50 | INFO  | phase_interpret |   Loading model: /scratch/vishakha.agrawal/antibiotic-selectivity-v2/outputs/runs/run_20260315_034033/models/chemeleon_frozen/ecoli/final_model.pt
2026-04-03 16:22:50 | WARNING | phase_interpret |   Failed to load CheMeleon model: _build_frozen_model() missing 1 required positional argument: 'mp_path'
2026-04-03 16:22:50 | INFO  | phase_interpret | 
======================================================================
2026-04-03 16:22:50 | INFO  | phase_interpret |   MoLFormer ATTENTION WEIGHTS
2026-04-03 16:22:50 | INFO  | phase_interpret | ======================================================================
2026-04-03 16:22:50 | INFO  | phase_interpret |   Loading MoLFormer from: /scratch/vishakha.agrawal/antibiotic-selectivity-v2/outputs/runs/run_20260315_034033/models/molformer/ecoli/final/molformer_finetuned.pt
2026-04-03 16:22:58 | INFO  | phase_interpret |   Using pretrained weights (finetuned state format not recognized)
2026-04-03 16:22:59 | INFO  | phase_interpret |     micronomicin             : top tokens = N(0.031), N(0.027), [C@@H](0.027), N(0.026), O(0.025)
2026-04-03 16:22:59 | INFO  | phase_interpret |     SQ-109                   : top tokens = N(0.044), N(0.043), =(0.036), C(0.036), C(0.035)
2026-04-03 16:22:59 | INFO  | phase_interpret |     netilmicin               : top tokens = N(0.038), N(0.028), [C@H](0.027), [C@](0.026), O(0.025)
2026-04-03 16:22:59 | INFO  | phase_interpret |     retapamulin              : top tokens = N(0.033), S(0.030), O(0.023), 3(0.023), =(0.023)
2026-04-03 16:22:59 | INFO  | phase_interpret |     AFN-1252                 : top tokens = N(0.041), =(0.040), o(0.040), C(0.034), 2(0.030)
2026-04-03 16:22:59 | INFO  | phase_interpret |     GSK656                   : top tokens = O(0.060), B(0.058), 1(0.048), N(0.046), O(0.045)
2026-04-03 16:22:59 | INFO  | phase_interpret |     trimetrexate             : top tokens = N(0.043), N(0.041), N(0.040), C(0.038), c(0.038)
2026-04-03 16:23:00 | INFO  | phase_interpret |     sisomicin                : top tokens = N(0.031), N(0.029), [C@](0.028), =(0.027), O(0.026)
2026-04-03 16:23:00 | INFO  | phase_interpret |     relebactam               : top tokens = O(0.061), N(0.048), N(0.042), O(0.038), 1(0.038)
2026-04-03 16:23:00 | INFO  | phase_interpret |     gentamycin               : top tokens = N(0.032), N(0.027), 2(0.026), 3(0.025), [C@](0.025)
2026-04-03 16:23:00 | INFO  | phase_interpret |     BTZ043-racemate          : top tokens = s(0.035), 4(0.034), O(0.034), 2(0.030), O(0.030)
2026-04-03 16:23:00 | INFO  | phase_interpret |     Q-203                    : top tokens = n(0.045), O(0.040), N(0.032), c(0.029), C(0.028)
2026-04-03 16:23:00 | INFO  | phase_interpret |     macozinone               : top tokens = s(0.048), C(0.030), 2(0.029), 2(0.028), [N+](0.028)
2026-04-03 16:23:00 | INFO  | phase_interpret |     boronophenylalanine      : top tokens = N(0.068), B(0.062), <bos>(0.055), C(0.055), O(0.053)
2026-04-03 16:23:00 | INFO  | phase_interpret |     monocrotaline            : top tokens = O(0.040), 3(0.038), O(0.037), O(0.037), [C@](0.034)
2026-04-03 16:23:00 | INFO  | phase_interpret | 
  Saved: /scratch/vishakha.agrawal/antibiotic-selectivity-v2/outputs/runs/run_20260315_034033/results/interpret_molformer_attention.json
2026-04-03 16:23:00 | INFO  | phase_interpret | 
  Generating figures...
2026-04-03 16:23:00 | INFO  | phase_interpret | 
  Saved: /scratch/vishakha.agrawal/antibiotic-selectivity-v2/outputs/runs/run_20260315_034033/results/interpret_summary.json
2026-04-03 16:23:00 | INFO  | phase_interpret | 
======================================================================
2026-04-03 16:23:00 | INFO  | phase_interpret |   INTERPRETABILITY SUMMARY
2026-04-03 16:23:00 | INFO  | phase_interpret | ======================================================================
2026-04-03 16:23:00 | INFO  | phase_interpret |   RF:        failed (0 bits, top-30 explains 0.0%)
2026-04-03 16:23:00 | INFO  | phase_interpret |   D-MPNN:    skipped
2026-04-03 16:23:00 | INFO  | phase_interpret |   CheMeleon: skipped (0 compounds)
2026-04-03 16:23:00 | INFO  | phase_interpret |   MoLFormer: complete
2026-04-03 16:23:00 | INFO  | phase_interpret | ======================================================================
2026-04-03 16:23:00 | INFO  | phase_interpret | ============================================================
2026-04-03 16:23:00 | INFO  | phase_interpret |  COMPLETED: Phase C: Interpretability
2026-04-03 16:23:00 | INFO  | phase_interpret |  Elapsed: 0m 59.8s
2026-04-03 16:23:00 | INFO  | phase_interpret | ============================================================
2026-04-03 16:29:44 | INFO  | phase_interpret | Logging to file: /scratch/vishakha.agrawal/antibiotic-selectivity-v2/logs/phase_interpret.log
2026-04-03 16:29:44 | INFO  | phase_interpret | ============================================================
2026-04-03 16:29:44 | INFO  | phase_interpret |  STARTING: Phase C: Targeted Interpretability
2026-04-03 16:29:44 | INFO  | phase_interpret | ============================================================
2026-04-03 16:29:44 | INFO  | phase_interpret |   Selected top 15 candidates for interpretation
2026-04-03 16:29:44 | INFO  | phase_interpret |     micronomicin              n_models=4 S=1.000
2026-04-03 16:29:44 | INFO  | phase_interpret |     SQ-109                    n_models=4 S=1.000
2026-04-03 16:29:44 | INFO  | phase_interpret |     netilmicin                n_models=4 S=1.000
2026-04-03 16:29:44 | INFO  | phase_interpret |     retapamulin               n_models=4 S=1.000
2026-04-03 16:29:44 | INFO  | phase_interpret |     AFN-1252                  n_models=4 S=0.998
2026-04-03 16:29:44 | INFO  | phase_interpret |     GSK656                    n_models=4 S=0.995
2026-04-03 16:29:44 | INFO  | phase_interpret |     trimetrexate              n_models=4 S=0.992
2026-04-03 16:29:44 | INFO  | phase_interpret |     sisomicin                 n_models=4 S=0.989
2026-04-03 16:29:44 | INFO  | phase_interpret |     relebactam                n_models=3 S=1.000
2026-04-03 16:29:44 | INFO  | phase_interpret |     gentamycin                n_models=3 S=1.000
2026-04-03 16:29:44 | INFO  | phase_interpret |     BTZ043-racemate           n_models=3 S=1.000
2026-04-03 16:29:44 | INFO  | phase_interpret |     Q-203                     n_models=3 S=1.000
2026-04-03 16:29:44 | INFO  | phase_interpret |     macozinone                n_models=3 S=0.999
2026-04-03 16:29:44 | INFO  | phase_interpret |     boronophenylalanine       n_models=3 S=0.999
2026-04-03 16:29:44 | INFO  | phase_interpret |     monocrotaline             n_models=3 S=0.998
2026-04-03 16:29:44 | INFO  | phase_interpret | 
======================================================================
2026-04-03 16:29:44 | INFO  | phase_interpret |   RF FEATURE IMPORTANCE
2026-04-03 16:29:44 | INFO  | phase_interpret | ======================================================================
2026-04-03 16:29:45 | INFO  | phase_interpret |   RF E. coli model: 2048 features
2026-04-03 16:29:45 | INFO  | phase_interpret |   Total importance sum: 1.0000
2026-04-03 16:29:45 | INFO  | phase_interpret | 
  Top 30 Morgan FP bits (E. coli model):
2026-04-03 16:29:45 | INFO  | phase_interpret |    Rank    Bit   Importance   Cumulative
2026-04-03 16:29:45 | INFO  | phase_interpret |   ----------------------------------------
2026-04-03 16:29:45 | INFO  | phase_interpret |       1    456     0.016119       0.0161
2026-04-03 16:29:45 | INFO  | phase_interpret |       2   1019     0.010353       0.0265
2026-04-03 16:29:45 | INFO  | phase_interpret |       3    464     0.009522       0.0360
2026-04-03 16:29:45 | INFO  | phase_interpret |       4    314     0.009368       0.0454
2026-04-03 16:29:45 | INFO  | phase_interpret |       5    525     0.009317       0.0547
2026-04-03 16:29:45 | INFO  | phase_interpret |       6   1840     0.008308       0.0630
2026-04-03 16:29:45 | INFO  | phase_interpret |       7    453     0.008073       0.0711
2026-04-03 16:29:45 | INFO  | phase_interpret |       8    739     0.007897       0.0790
2026-04-03 16:29:45 | INFO  | phase_interpret |       9   1332     0.007503       0.0865
2026-04-03 16:29:45 | INFO  | phase_interpret |      10   1047     0.007000       0.0935
2026-04-03 16:29:45 | INFO  | phase_interpret |      11   1750     0.006942       0.1004
2026-04-03 16:29:45 | INFO  | phase_interpret |      12   1325     0.006885       0.1073
2026-04-03 16:29:45 | INFO  | phase_interpret |      13    926     0.006805       0.1141
2026-04-03 16:29:45 | INFO  | phase_interpret |      14    470     0.006385       0.1205
2026-04-03 16:29:45 | INFO  | phase_interpret |      15   1917     0.006036       0.1265
2026-04-03 16:29:45 | INFO  | phase_interpret |      16   1088     0.005943       0.1325
2026-04-03 16:29:45 | INFO  | phase_interpret |      17    389     0.005880       0.1383
2026-04-03 16:29:45 | INFO  | phase_interpret |      18    407     0.005660       0.1440
2026-04-03 16:29:45 | INFO  | phase_interpret |      19   1171     0.005478       0.1495
2026-04-03 16:29:45 | INFO  | phase_interpret |      20   1729     0.005466       0.1549
2026-04-03 16:29:45 | INFO  | phase_interpret |      21   1199     0.005308       0.1602
2026-04-03 16:29:45 | INFO  | phase_interpret |      22   1991     0.004984       0.1652
2026-04-03 16:29:45 | INFO  | phase_interpret |      23    807     0.004688       0.1699
2026-04-03 16:29:45 | INFO  | phase_interpret |      24    699     0.004216       0.1741
2026-04-03 16:29:45 | INFO  | phase_interpret |      25    326     0.004023       0.1782
2026-04-03 16:29:45 | INFO  | phase_interpret |      26    935     0.003965       0.1821
2026-04-03 16:29:45 | INFO  | phase_interpret |      27    146     0.003940       0.1861
2026-04-03 16:29:45 | INFO  | phase_interpret |      28    338     0.003929       0.1900
2026-04-03 16:29:45 | INFO  | phase_interpret |      29   1922     0.003707       0.1937
2026-04-03 16:29:45 | INFO  | phase_interpret |      30      5     0.003706       0.1974
2026-04-03 16:29:45 | INFO  | phase_interpret | 
  Top 30 bits explain 19.7% of total importance
2026-04-03 16:29:45 | INFO  | phase_interpret |   Selected top 15 candidates for interpretation
2026-04-03 16:29:45 | INFO  | phase_interpret |     micronomicin              n_models=4 S=1.000
2026-04-03 16:29:45 | INFO  | phase_interpret |     SQ-109                    n_models=4 S=1.000
2026-04-03 16:29:45 | INFO  | phase_interpret |     netilmicin                n_models=4 S=1.000
2026-04-03 16:29:45 | INFO  | phase_interpret |     retapamulin               n_models=4 S=1.000
2026-04-03 16:29:45 | INFO  | phase_interpret |     AFN-1252                  n_models=4 S=0.998
2026-04-03 16:29:45 | INFO  | phase_interpret |     GSK656                    n_models=4 S=0.995
2026-04-03 16:29:45 | INFO  | phase_interpret |     trimetrexate              n_models=4 S=0.992
2026-04-03 16:29:45 | INFO  | phase_interpret |     sisomicin                 n_models=4 S=0.989
2026-04-03 16:29:45 | INFO  | phase_interpret |     relebactam                n_models=3 S=1.000
2026-04-03 16:29:45 | INFO  | phase_interpret |     gentamycin                n_models=3 S=1.000
2026-04-03 16:29:45 | INFO  | phase_interpret |     BTZ043-racemate           n_models=3 S=1.000
2026-04-03 16:29:45 | INFO  | phase_interpret |     Q-203                     n_models=3 S=1.000
2026-04-03 16:29:45 | INFO  | phase_interpret |     macozinone                n_models=3 S=0.999
2026-04-03 16:29:45 | INFO  | phase_interpret |     boronophenylalanine       n_models=3 S=0.999
2026-04-03 16:29:45 | INFO  | phase_interpret |     monocrotaline             n_models=3 S=0.998
2026-04-03 16:29:45 | INFO  | phase_interpret | 
  Mapping top bits to substructures in top candidates:
2026-04-03 16:29:46 | INFO  | phase_interpret | 
  Substructure examples for top bits:
2026-04-03 16:29:46 | INFO  | phase_interpret |     Bit   456 (imp=0.01612): not active in top candidates
2026-04-03 16:29:46 | INFO  | phase_interpret |     Bit  1019 (imp=0.01035): micronomicin: ; micronomicin: ; micronomicin: 
2026-04-03 16:29:46 | INFO  | phase_interpret |     Bit   464 (imp=0.00952): Q-203: [#6]:[#6]:[#7]
2026-04-03 16:29:46 | INFO  | phase_interpret |     Bit   314 (imp=0.00937): retapamulin: [#6]=[#8]; AFN-1252: [#6]=[#8]; relebactam: [#6]=[#8]
2026-04-03 16:29:46 | INFO  | phase_interpret |     Bit   525 (imp=0.00932): not active in top candidates
2026-04-03 16:29:46 | INFO  | phase_interpret |     Bit  1840 (imp=0.00831): not active in top candidates
2026-04-03 16:29:46 | INFO  | phase_interpret |     Bit   453 (imp=0.00807): not active in top candidates
2026-04-03 16:29:46 | INFO  | phase_interpret |     Bit   739 (imp=0.00790): relebactam: [#6](-[#6@H])-[#7]
2026-04-03 16:29:46 | INFO  | phase_interpret |     Bit  1332 (imp=0.00750): GSK656: [#5]-[#8]
2026-04-03 16:29:46 | INFO  | phase_interpret |     Bit  1047 (imp=0.00700): not active in top candidates
2026-04-03 16:29:46 | INFO  | phase_interpret |     Bit  1750 (imp=0.00694): AFN-1252: [#6]:[#6]:[#6]; AFN-1252: [#6]:[#6]:[#6]; GSK656: [#6]:[#6]:[#6]
2026-04-03 16:29:46 | INFO  | phase_interpret |     Bit  1325 (imp=0.00689): micronomicin: [#6](-[#6@H])-[#6]; micronomicin: [#6]-[#6]-[#6@@H]; retapamulin: [#6](-[#6@@H])-[#6]
2026-04-03 16:29:46 | INFO  | phase_interpret |     Bit   926 (imp=0.00681): micronomicin: ; micronomicin: ; micronomicin: 
2026-04-03 16:29:46 | INFO  | phase_interpret |     Bit   470 (imp=0.00639): not active in top candidates
2026-04-03 16:29:46 | INFO  | phase_interpret |     Bit  1917 (imp=0.00604): retapamulin: [#6]=[#8]; AFN-1252: [#6]=[#8]; relebactam: [#8]=[#6]
2026-04-03 16:29:46 | INFO  | phase_interpret |     Bit  1088 (imp=0.00594): AFN-1252: [#6]:[#6]:[#6]; AFN-1252: [#6]:[#6]:[#6]
2026-04-03 16:29:46 | INFO  | phase_interpret |     Bit   389 (imp=0.00588): boronophenylalanine: [#6]-[#8]
2026-04-03 16:29:46 | INFO  | phase_interpret |     Bit   407 (imp=0.00566): BTZ043-racemate: [#6]-[#7](-[#6])-[#6]; Q-203: [#6]-[#7](-[#6])-[#6]; macozinone: [#6]-[#7](-[#6])-[#6]
2026-04-03 16:29:46 | INFO  | phase_interpret |     Bit  1171 (imp=0.00548): micronomicin: ; micronomicin: ; micronomicin: 
2026-04-03 16:29:46 | INFO  | phase_interpret |     Bit  1729 (imp=0.00547): not active in top candidates
2026-04-03 16:29:46 | INFO  | phase_interpret | 
  Per-compound important bit activation:
2026-04-03 16:29:46 | INFO  | phase_interpret |     micronomicin             : 5 of top-50 bits active, imp_sum=0.0342
2026-04-03 16:29:46 | INFO  | phase_interpret |     SQ-109                   : 3 of top-50 bits active, imp_sum=0.0218
2026-04-03 16:29:46 | INFO  | phase_interpret |     netilmicin               : 4 of top-50 bits active, imp_sum=0.0273
2026-04-03 16:29:46 | INFO  | phase_interpret |     retapamulin              : 8 of top-50 bits active, imp_sum=0.0520
2026-04-03 16:29:46 | INFO  | phase_interpret |     AFN-1252                 : 7 of top-50 bits active, imp_sum=0.0451
2026-04-03 16:29:46 | INFO  | phase_interpret |     GSK656                   : 6 of top-50 bits active, imp_sum=0.0387
2026-04-03 16:29:46 | INFO  | phase_interpret |     trimetrexate             : 2 of top-50 bits active, imp_sum=0.0124
2026-04-03 16:29:46 | INFO  | phase_interpret |     sisomicin                : 4 of top-50 bits active, imp_sum=0.0273
2026-04-03 16:29:46 | INFO  | phase_interpret |     relebactam               : 9 of top-50 bits active, imp_sum=0.0599
2026-04-03 16:29:46 | INFO  | phase_interpret |     gentamycin               : 5 of top-50 bits active, imp_sum=0.0342
2026-04-03 16:29:46 | INFO  | phase_interpret |     BTZ043-racemate          : 6 of top-50 bits active, imp_sum=0.0401
2026-04-03 16:29:46 | INFO  | phase_interpret |     Q-203                    : 9 of top-50 bits active, imp_sum=0.0609
2026-04-03 16:29:46 | INFO  | phase_interpret |     macozinone               : 6 of top-50 bits active, imp_sum=0.0430
2026-04-03 16:29:46 | INFO  | phase_interpret |     boronophenylalanine      : 5 of top-50 bits active, imp_sum=0.0290
2026-04-03 16:29:46 | INFO  | phase_interpret |     monocrotaline            : 6 of top-50 bits active, imp_sum=0.0421
2026-04-03 16:29:46 | INFO  | phase_interpret | 
  Saved: /scratch/vishakha.agrawal/antibiotic-selectivity-v2/outputs/runs/run_20260315_034033/results/interpret_rf_feature_importance.csv
2026-04-03 16:29:46 | INFO  | phase_interpret |   Saved: /scratch/vishakha.agrawal/antibiotic-selectivity-v2/outputs/runs/run_20260315_034033/results/interpret_rf_top_bits.json
2026-04-03 16:29:46 | INFO  | phase_interpret | 
======================================================================
2026-04-03 16:29:46 | INFO  | phase_interpret |   D-MPNN OCCLUSION ATTRIBUTION
2026-04-03 16:29:46 | INFO  | phase_interpret | ======================================================================
2026-04-03 16:30:00 | INFO  | phase_interpret |   Searching for model in: /scratch/vishakha.agrawal/antibiotic-selectivity-v2/outputs/runs/run_20260315_034033/models/dmpnn/ecoli
2026-04-03 16:30:00 | INFO  | phase_interpret |   Found: /scratch/vishakha.agrawal/antibiotic-selectivity-v2/outputs/runs/run_20260315_034033/models/dmpnn/ecoli/final/model_0/best.pt
2026-04-03 16:30:00 | INFO  | phase_interpret |   Loading model: /scratch/vishakha.agrawal/antibiotic-selectivity-v2/outputs/runs/run_20260315_034033/models/dmpnn/ecoli/final/model_0/best.pt
2026-04-03 16:30:00 | WARNING | phase_interpret |   Failed to load D-MPNN model: type object 'MPNN' has no attribute 'load'
2026-04-03 16:30:00 | INFO  | phase_interpret | 
======================================================================
2026-04-03 16:30:00 | INFO  | phase_interpret |   CheMeleon OCCLUSION ATTRIBUTION
2026-04-03 16:30:00 | INFO  | phase_interpret | ======================================================================
2026-04-03 16:30:00 | INFO  | phase_interpret |   Imported _build_frozen_model from 11_train_chemeleon_frozen.py
2026-04-03 16:30:00 | INFO  | phase_interpret |   Loading model: /scratch/vishakha.agrawal/antibiotic-selectivity-v2/outputs/runs/run_20260315_034033/models/chemeleon_frozen/ecoli/final_model.pt
2026-04-03 16:30:00 | WARNING | phase_interpret |   Failed to load CheMeleon model: [Errno 21] Is a directory: '/scratch/vishakha.agrawal/antibiotic-selectivity-v2/.hf_cache'
2026-04-03 16:30:00 | INFO  | phase_interpret | 
======================================================================
2026-04-03 16:30:00 | INFO  | phase_interpret |   MoLFormer ATTENTION WEIGHTS
2026-04-03 16:30:00 | INFO  | phase_interpret | ======================================================================
2026-04-03 16:30:00 | INFO  | phase_interpret |   Loading MoLFormer from: /scratch/vishakha.agrawal/antibiotic-selectivity-v2/outputs/runs/run_20260315_034033/models/molformer/ecoli/final/molformer_finetuned.pt
2026-04-03 16:30:06 | INFO  | phase_interpret |   Using pretrained weights (finetuned state format not recognized)
2026-04-03 16:30:06 | INFO  | phase_interpret |     micronomicin             : top tokens = N(0.033), N(0.031), [C@@H](0.027), N(0.027), O(0.026)
2026-04-03 16:30:06 | INFO  | phase_interpret |     SQ-109                   : top tokens = N(0.045), N(0.039), [C@@H](0.035), =(0.034), [C@H](0.034)
2026-04-03 16:30:06 | INFO  | phase_interpret |     netilmicin               : top tokens = N(0.037), N(0.029), N(0.028), =(0.027), [C@](0.026)
2026-04-03 16:30:06 | INFO  | phase_interpret |     retapamulin              : top tokens = N(0.032), S(0.030), O(0.025), C(0.023), =(0.022)
2026-04-03 16:30:06 | INFO  | phase_interpret |     AFN-1252                 : top tokens = o(0.041), N(0.039), =(0.033), C(0.032), C(0.030)
2026-04-03 16:30:06 | INFO  | phase_interpret |     GSK656                   : top tokens = B(0.063), O(0.059), N(0.049), O(0.044), C(0.044)
2026-04-03 16:30:06 | INFO  | phase_interpret |     trimetrexate             : top tokens = N(0.041), c(0.039), C(0.039), N(0.039), N(0.038)
2026-04-03 16:30:06 | INFO  | phase_interpret |     sisomicin                : top tokens = N(0.030), =(0.029), N(0.029), [C@](0.029), 2(0.027)
2026-04-03 16:30:06 | INFO  | phase_interpret |     relebactam               : top tokens = O(0.053), N(0.052), N(0.044), 1(0.040), 2(0.037)
2026-04-03 16:30:06 | INFO  | phase_interpret |     gentamycin               : top tokens = N(0.030), N(0.026), 2(0.026), [C@](0.026), O(0.026)
2026-04-03 16:30:06 | INFO  | phase_interpret |     BTZ043-racemate          : top tokens = s(0.040), O(0.032), O(0.031), 2(0.030), [N+](0.030)
2026-04-03 16:30:07 | INFO  | phase_interpret |     Q-203                    : top tokens = O(0.042), n(0.040), c(0.031), N(0.029), 1(0.026)
2026-04-03 16:30:07 | INFO  | phase_interpret |     macozinone               : top tokens = s(0.046), C(0.031), [N+](0.030), N(0.030), c(0.026)
2026-04-03 16:30:07 | INFO  | phase_interpret |     boronophenylalanine      : top tokens = B(0.062), C(0.057), O(0.056), N(0.056), <bos>(0.053)
2026-04-03 16:30:07 | INFO  | phase_interpret |     monocrotaline            : top tokens = O(0.043), O(0.034), 2(0.033), [C@](0.032), 3(0.032)
2026-04-03 16:30:07 | INFO  | phase_interpret | 
  Saved: /scratch/vishakha.agrawal/antibiotic-selectivity-v2/outputs/runs/run_20260315_034033/results/interpret_molformer_attention.json
2026-04-03 16:30:07 | INFO  | phase_interpret | 
  Generating figures...
2026-04-03 16:30:08 | INFO  | phase_interpret |   Figure: interpret_rf_importance
2026-04-03 16:30:08 | INFO  | phase_interpret |   Figure: interpret_rf_per_compound
2026-04-03 16:30:08 | INFO  | phase_interpret | 
  Saved: /scratch/vishakha.agrawal/antibiotic-selectivity-v2/outputs/runs/run_20260315_034033/results/interpret_summary.json
2026-04-03 16:30:08 | INFO  | phase_interpret | 
======================================================================
2026-04-03 16:30:08 | INFO  | phase_interpret |   INTERPRETABILITY SUMMARY
2026-04-03 16:30:08 | INFO  | phase_interpret | ======================================================================
2026-04-03 16:30:08 | INFO  | phase_interpret |   RF:        complete (30 bits, top-30 explains 19.7%)
2026-04-03 16:30:08 | INFO  | phase_interpret |   D-MPNN:    skipped
2026-04-03 16:30:08 | INFO  | phase_interpret |   CheMeleon: skipped (0 compounds)
2026-04-03 16:30:08 | INFO  | phase_interpret |   MoLFormer: complete
2026-04-03 16:30:08 | INFO  | phase_interpret | ======================================================================
2026-04-03 16:30:08 | INFO  | phase_interpret | ============================================================
2026-04-03 16:30:08 | INFO  | phase_interpret |  COMPLETED: Phase C: Interpretability
2026-04-03 16:30:08 | INFO  | phase_interpret |  Elapsed: 0m 24.0s
2026-04-03 16:30:08 | INFO  | phase_interpret | ============================================================
2026-04-03 16:40:21 | INFO  | phase_interpret | Logging to file: /scratch/vishakha.agrawal/antibiotic-selectivity-v2/logs/phase_interpret.log
2026-04-03 16:40:21 | INFO  | phase_interpret | ============================================================
2026-04-03 16:40:21 | INFO  | phase_interpret |  STARTING: Phase C: Targeted Interpretability
2026-04-03 16:40:21 | INFO  | phase_interpret | ============================================================
2026-04-03 16:40:21 | INFO  | phase_interpret |   Selected top 15 candidates for interpretation
2026-04-03 16:40:21 | INFO  | phase_interpret |     micronomicin              n_models=4 S=1.000
2026-04-03 16:40:21 | INFO  | phase_interpret |     SQ-109                    n_models=4 S=1.000
2026-04-03 16:40:21 | INFO  | phase_interpret |     netilmicin                n_models=4 S=1.000
2026-04-03 16:40:21 | INFO  | phase_interpret |     retapamulin               n_models=4 S=1.000
2026-04-03 16:40:21 | INFO  | phase_interpret |     AFN-1252                  n_models=4 S=0.998
2026-04-03 16:40:21 | INFO  | phase_interpret |     GSK656                    n_models=4 S=0.995
2026-04-03 16:40:21 | INFO  | phase_interpret |     trimetrexate              n_models=4 S=0.992
2026-04-03 16:40:21 | INFO  | phase_interpret |     sisomicin                 n_models=4 S=0.989
2026-04-03 16:40:21 | INFO  | phase_interpret |     relebactam                n_models=3 S=1.000
2026-04-03 16:40:21 | INFO  | phase_interpret |     gentamycin                n_models=3 S=1.000
2026-04-03 16:40:21 | INFO  | phase_interpret |     BTZ043-racemate           n_models=3 S=1.000
2026-04-03 16:40:21 | INFO  | phase_interpret |     Q-203                     n_models=3 S=1.000
2026-04-03 16:40:21 | INFO  | phase_interpret |     macozinone                n_models=3 S=0.999
2026-04-03 16:40:21 | INFO  | phase_interpret |     boronophenylalanine       n_models=3 S=0.999
2026-04-03 16:40:21 | INFO  | phase_interpret |     monocrotaline             n_models=3 S=0.998
2026-04-03 16:40:21 | INFO  | phase_interpret | 
======================================================================
2026-04-03 16:40:21 | INFO  | phase_interpret |   RF FEATURE IMPORTANCE
2026-04-03 16:40:21 | INFO  | phase_interpret | ======================================================================
2026-04-03 16:40:22 | INFO  | phase_interpret |   RF E. coli model: 2048 features
2026-04-03 16:40:22 | INFO  | phase_interpret |   Total importance sum: 1.0000
2026-04-03 16:40:22 | INFO  | phase_interpret | 
  Top 30 Morgan FP bits (E. coli model):
2026-04-03 16:40:22 | INFO  | phase_interpret |    Rank    Bit   Importance   Cumulative
2026-04-03 16:40:22 | INFO  | phase_interpret |   ----------------------------------------
2026-04-03 16:40:22 | INFO  | phase_interpret |       1    456     0.016119       0.0161
2026-04-03 16:40:22 | INFO  | phase_interpret |       2   1019     0.010353       0.0265
2026-04-03 16:40:22 | INFO  | phase_interpret |       3    464     0.009522       0.0360
2026-04-03 16:40:22 | INFO  | phase_interpret |       4    314     0.009368       0.0454
2026-04-03 16:40:22 | INFO  | phase_interpret |       5    525     0.009317       0.0547
2026-04-03 16:40:22 | INFO  | phase_interpret |       6   1840     0.008308       0.0630
2026-04-03 16:40:22 | INFO  | phase_interpret |       7    453     0.008073       0.0711
2026-04-03 16:40:22 | INFO  | phase_interpret |       8    739     0.007897       0.0790
2026-04-03 16:40:22 | INFO  | phase_interpret |       9   1332     0.007503       0.0865
2026-04-03 16:40:22 | INFO  | phase_interpret |      10   1047     0.007000       0.0935
2026-04-03 16:40:22 | INFO  | phase_interpret |      11   1750     0.006942       0.1004
2026-04-03 16:40:22 | INFO  | phase_interpret |      12   1325     0.006885       0.1073
2026-04-03 16:40:22 | INFO  | phase_interpret |      13    926     0.006805       0.1141
2026-04-03 16:40:22 | INFO  | phase_interpret |      14    470     0.006385       0.1205
2026-04-03 16:40:22 | INFO  | phase_interpret |      15   1917     0.006036       0.1265
2026-04-03 16:40:22 | INFO  | phase_interpret |      16   1088     0.005943       0.1325
2026-04-03 16:40:22 | INFO  | phase_interpret |      17    389     0.005880       0.1383
2026-04-03 16:40:22 | INFO  | phase_interpret |      18    407     0.005660       0.1440
2026-04-03 16:40:22 | INFO  | phase_interpret |      19   1171     0.005478       0.1495
2026-04-03 16:40:22 | INFO  | phase_interpret |      20   1729     0.005466       0.1549
2026-04-03 16:40:22 | INFO  | phase_interpret |      21   1199     0.005308       0.1602
2026-04-03 16:40:22 | INFO  | phase_interpret |      22   1991     0.004984       0.1652
2026-04-03 16:40:22 | INFO  | phase_interpret |      23    807     0.004688       0.1699
2026-04-03 16:40:22 | INFO  | phase_interpret |      24    699     0.004216       0.1741
2026-04-03 16:40:22 | INFO  | phase_interpret |      25    326     0.004023       0.1782
2026-04-03 16:40:22 | INFO  | phase_interpret |      26    935     0.003965       0.1821
2026-04-03 16:40:22 | INFO  | phase_interpret |      27    146     0.003940       0.1861
2026-04-03 16:40:22 | INFO  | phase_interpret |      28    338     0.003929       0.1900
2026-04-03 16:40:22 | INFO  | phase_interpret |      29   1922     0.003707       0.1937
2026-04-03 16:40:22 | INFO  | phase_interpret |      30      5     0.003706       0.1974
2026-04-03 16:40:22 | INFO  | phase_interpret | 
  Top 30 bits explain 19.7% of total importance
2026-04-03 16:40:22 | INFO  | phase_interpret |   Selected top 15 candidates for interpretation
2026-04-03 16:40:22 | INFO  | phase_interpret |     micronomicin              n_models=4 S=1.000
2026-04-03 16:40:22 | INFO  | phase_interpret |     SQ-109                    n_models=4 S=1.000
2026-04-03 16:40:22 | INFO  | phase_interpret |     netilmicin                n_models=4 S=1.000
2026-04-03 16:40:22 | INFO  | phase_interpret |     retapamulin               n_models=4 S=1.000
2026-04-03 16:40:22 | INFO  | phase_interpret |     AFN-1252                  n_models=4 S=0.998
2026-04-03 16:40:22 | INFO  | phase_interpret |     GSK656                    n_models=4 S=0.995
2026-04-03 16:40:22 | INFO  | phase_interpret |     trimetrexate              n_models=4 S=0.992
2026-04-03 16:40:22 | INFO  | phase_interpret |     sisomicin                 n_models=4 S=0.989
2026-04-03 16:40:22 | INFO  | phase_interpret |     relebactam                n_models=3 S=1.000
2026-04-03 16:40:22 | INFO  | phase_interpret |     gentamycin                n_models=3 S=1.000
2026-04-03 16:40:22 | INFO  | phase_interpret |     BTZ043-racemate           n_models=3 S=1.000
2026-04-03 16:40:22 | INFO  | phase_interpret |     Q-203                     n_models=3 S=1.000
2026-04-03 16:40:22 | INFO  | phase_interpret |     macozinone                n_models=3 S=0.999
2026-04-03 16:40:22 | INFO  | phase_interpret |     boronophenylalanine       n_models=3 S=0.999
2026-04-03 16:40:22 | INFO  | phase_interpret |     monocrotaline             n_models=3 S=0.998
2026-04-03 16:40:22 | INFO  | phase_interpret | 
  Mapping top bits to substructures in top candidates:
2026-04-03 16:40:22 | INFO  | phase_interpret | 
  Substructure examples for top bits:
2026-04-03 16:40:22 | INFO  | phase_interpret |     Bit   456 (imp=0.01612): not active in top candidates
2026-04-03 16:40:22 | INFO  | phase_interpret |     Bit  1019 (imp=0.01035): micronomicin: ; micronomicin: ; micronomicin: 
2026-04-03 16:40:22 | INFO  | phase_interpret |     Bit   464 (imp=0.00952): Q-203: [#6]:[#6]:[#7]
2026-04-03 16:40:22 | INFO  | phase_interpret |     Bit   314 (imp=0.00937): retapamulin: [#6]=[#8]; AFN-1252: [#6]=[#8]; relebactam: [#6]=[#8]
2026-04-03 16:40:22 | INFO  | phase_interpret |     Bit   525 (imp=0.00932): not active in top candidates
2026-04-03 16:40:22 | INFO  | phase_interpret |     Bit  1840 (imp=0.00831): not active in top candidates
2026-04-03 16:40:22 | INFO  | phase_interpret |     Bit   453 (imp=0.00807): not active in top candidates
2026-04-03 16:40:22 | INFO  | phase_interpret |     Bit   739 (imp=0.00790): relebactam: [#6](-[#6@H])-[#7]
2026-04-03 16:40:22 | INFO  | phase_interpret |     Bit  1332 (imp=0.00750): GSK656: [#5]-[#8]
2026-04-03 16:40:22 | INFO  | phase_interpret |     Bit  1047 (imp=0.00700): not active in top candidates
2026-04-03 16:40:22 | INFO  | phase_interpret |     Bit  1750 (imp=0.00694): AFN-1252: [#6]:[#6]:[#6]; AFN-1252: [#6]:[#6]:[#6]; GSK656: [#6]:[#6]:[#6]
2026-04-03 16:40:22 | INFO  | phase_interpret |     Bit  1325 (imp=0.00689): micronomicin: [#6](-[#6@H])-[#6]; micronomicin: [#6]-[#6]-[#6@@H]; retapamulin: [#6](-[#6@@H])-[#6]
2026-04-03 16:40:22 | INFO  | phase_interpret |     Bit   926 (imp=0.00681): micronomicin: ; micronomicin: ; micronomicin: 
2026-04-03 16:40:22 | INFO  | phase_interpret |     Bit   470 (imp=0.00639): not active in top candidates
2026-04-03 16:40:22 | INFO  | phase_interpret |     Bit  1917 (imp=0.00604): retapamulin: [#6]=[#8]; AFN-1252: [#6]=[#8]; relebactam: [#8]=[#6]
2026-04-03 16:40:22 | INFO  | phase_interpret |     Bit  1088 (imp=0.00594): AFN-1252: [#6]:[#6]:[#6]; AFN-1252: [#6]:[#6]:[#6]
2026-04-03 16:40:22 | INFO  | phase_interpret |     Bit   389 (imp=0.00588): boronophenylalanine: [#6]-[#8]
2026-04-03 16:40:22 | INFO  | phase_interpret |     Bit   407 (imp=0.00566): BTZ043-racemate: [#6]-[#7](-[#6])-[#6]; Q-203: [#6]-[#7](-[#6])-[#6]; macozinone: [#6]-[#7](-[#6])-[#6]
2026-04-03 16:40:22 | INFO  | phase_interpret |     Bit  1171 (imp=0.00548): micronomicin: ; micronomicin: ; micronomicin: 
2026-04-03 16:40:22 | INFO  | phase_interpret |     Bit  1729 (imp=0.00547): not active in top candidates
2026-04-03 16:40:22 | INFO  | phase_interpret | 
  Per-compound important bit activation:
2026-04-03 16:40:22 | INFO  | phase_interpret |     micronomicin             : 5 of top-50 bits active, imp_sum=0.0342
2026-04-03 16:40:22 | INFO  | phase_interpret |     SQ-109                   : 3 of top-50 bits active, imp_sum=0.0218
2026-04-03 16:40:22 | INFO  | phase_interpret |     netilmicin               : 4 of top-50 bits active, imp_sum=0.0273
2026-04-03 16:40:22 | INFO  | phase_interpret |     retapamulin              : 8 of top-50 bits active, imp_sum=0.0520
2026-04-03 16:40:22 | INFO  | phase_interpret |     AFN-1252                 : 7 of top-50 bits active, imp_sum=0.0451
2026-04-03 16:40:22 | INFO  | phase_interpret |     GSK656                   : 6 of top-50 bits active, imp_sum=0.0387
2026-04-03 16:40:22 | INFO  | phase_interpret |     trimetrexate             : 2 of top-50 bits active, imp_sum=0.0124
2026-04-03 16:40:22 | INFO  | phase_interpret |     sisomicin                : 4 of top-50 bits active, imp_sum=0.0273
2026-04-03 16:40:22 | INFO  | phase_interpret |     relebactam               : 9 of top-50 bits active, imp_sum=0.0599
2026-04-03 16:40:22 | INFO  | phase_interpret |     gentamycin               : 5 of top-50 bits active, imp_sum=0.0342
2026-04-03 16:40:22 | INFO  | phase_interpret |     BTZ043-racemate          : 6 of top-50 bits active, imp_sum=0.0401
2026-04-03 16:40:22 | INFO  | phase_interpret |     Q-203                    : 9 of top-50 bits active, imp_sum=0.0609
2026-04-03 16:40:22 | INFO  | phase_interpret |     macozinone               : 6 of top-50 bits active, imp_sum=0.0430
2026-04-03 16:40:22 | INFO  | phase_interpret |     boronophenylalanine      : 5 of top-50 bits active, imp_sum=0.0290
2026-04-03 16:40:22 | INFO  | phase_interpret |     monocrotaline            : 6 of top-50 bits active, imp_sum=0.0421
2026-04-03 16:40:22 | INFO  | phase_interpret | 
  Saved: /scratch/vishakha.agrawal/antibiotic-selectivity-v2/outputs/runs/run_20260315_034033/results/interpret_rf_feature_importance.csv
2026-04-03 16:40:22 | INFO  | phase_interpret |   Saved: /scratch/vishakha.agrawal/antibiotic-selectivity-v2/outputs/runs/run_20260315_034033/results/interpret_rf_top_bits.json
2026-04-03 16:40:22 | INFO  | phase_interpret | 
======================================================================
2026-04-03 16:40:22 | INFO  | phase_interpret |   D-MPNN OCCLUSION ATTRIBUTION
2026-04-03 16:40:22 | INFO  | phase_interpret | ======================================================================
2026-04-03 16:40:37 | INFO  | phase_interpret |   Searching for model in: /scratch/vishakha.agrawal/antibiotic-selectivity-v2/outputs/runs/run_20260315_034033/models/dmpnn/ecoli
2026-04-03 16:40:37 | INFO  | phase_interpret |   Found: /scratch/vishakha.agrawal/antibiotic-selectivity-v2/outputs/runs/run_20260315_034033/models/dmpnn/ecoli/final/model_0/best.pt
2026-04-03 16:40:37 | INFO  | phase_interpret |   Loading model: /scratch/vishakha.agrawal/antibiotic-selectivity-v2/outputs/runs/run_20260315_034033/models/dmpnn/ecoli/final/model_0/best.pt
2026-04-03 16:40:37 | WARNING | phase_interpret |   Failed to load D-MPNN model: type object 'MPNN' has no attribute 'load'
2026-04-03 16:40:37 | INFO  | phase_interpret | 
======================================================================
2026-04-03 16:40:37 | INFO  | phase_interpret |   CheMeleon OCCLUSION ATTRIBUTION
2026-04-03 16:40:37 | INFO  | phase_interpret | ======================================================================
2026-04-03 16:40:37 | INFO  | phase_interpret |   Imported _build_frozen_model from 11_train_chemeleon_frozen.py
2026-04-03 16:40:37 | INFO  | phase_interpret |   Loading model: /scratch/vishakha.agrawal/antibiotic-selectivity-v2/outputs/runs/run_20260315_034033/models/chemeleon_frozen/ecoli/final_model.pt
2026-04-03 16:40:37 | INFO  | phase_interpret |   Pretrained encoder: /scratch/vishakha.agrawal/antibiotic-selectivity-v2/outputs/runs/run_20260315_034033/models/chemeleon_frozen/gut_t20/final_model.pt
2026-04-03 16:40:39 | WARNING | phase_interpret |   Failed to load CheMeleon model: 'tuple' object has no attribute 'load_state_dict'
2026-04-03 16:40:39 | INFO  | phase_interpret | 
======================================================================
2026-04-03 16:40:39 | INFO  | phase_interpret |   MoLFormer ATTENTION WEIGHTS
2026-04-03 16:40:39 | INFO  | phase_interpret | ======================================================================
2026-04-03 16:40:39 | INFO  | phase_interpret |   Loading MoLFormer from: /scratch/vishakha.agrawal/antibiotic-selectivity-v2/outputs/runs/run_20260315_034033/models/molformer/ecoli/final/molformer_finetuned.pt
2026-04-03 16:40:44 | INFO  | phase_interpret |   Using pretrained weights (finetuned state format not recognized)
2026-04-03 16:40:44 | INFO  | phase_interpret |     micronomicin             : top tokens = N(0.035), O(0.028), 3(0.027), [C@](0.026), N(0.026)
2026-04-03 16:40:44 | INFO  | phase_interpret |     SQ-109                   : top tokens = N(0.048), N(0.043), =(0.036), [C@H](0.034), [C@@H](0.033)
2026-04-03 16:40:44 | INFO  | phase_interpret |     netilmicin               : top tokens = N(0.033), =(0.032), N(0.027), C(0.027), N(0.026)
2026-04-03 16:40:44 | INFO  | phase_interpret |     retapamulin              : top tokens = N(0.037), S(0.029), 3(0.024), O(0.023), 3(0.021)
2026-04-03 16:40:44 | INFO  | phase_interpret |     AFN-1252                 : top tokens = o(0.045), =(0.040), N(0.037), C(0.031), N(0.029)
2026-04-03 16:40:45 | INFO  | phase_interpret |     GSK656                   : top tokens = O(0.056), B(0.054), <bos>(0.046), 1(0.042), C(0.041)
2026-04-03 16:40:45 | INFO  | phase_interpret |     trimetrexate             : top tokens = N(0.045), N(0.042), C(0.042), c(0.037), N(0.037)
2026-04-03 16:40:45 | INFO  | phase_interpret |     sisomicin                : top tokens = N(0.030), =(0.029), N(0.028), [C@](0.028), O(0.027)
2026-04-03 16:40:45 | INFO  | phase_interpret |     relebactam               : top tokens = O(0.065), N(0.046), N(0.043), O(0.040), 2(0.038)
2026-04-03 16:40:45 | INFO  | phase_interpret |     gentamycin               : top tokens = N(0.033), N(0.029), [C@](0.026), N(0.026), O(0.025)
2026-04-03 16:40:45 | INFO  | phase_interpret |     BTZ043-racemate          : top tokens = s(0.039), O(0.033), 4(0.031), O(0.030), =(0.028)
2026-04-03 16:40:45 | INFO  | phase_interpret |     Q-203                    : top tokens = n(0.042), O(0.039), N(0.030), c(0.030), C(0.025)
2026-04-03 16:40:45 | INFO  | phase_interpret |     macozinone               : top tokens = s(0.047), 2(0.031), [N+](0.031), N(0.028), N(0.027)
2026-04-03 16:40:45 | INFO  | phase_interpret |     boronophenylalanine      : top tokens = B(0.058), N(0.056), O(0.052), <bos>(0.050), C(0.048)
2026-04-03 16:40:45 | INFO  | phase_interpret |     monocrotaline            : top tokens = O(0.049), O(0.039), N(0.034), 3(0.032), 1(0.031)
2026-04-03 16:40:45 | INFO  | phase_interpret | 
  Saved: /scratch/vishakha.agrawal/antibiotic-selectivity-v2/outputs/runs/run_20260315_034033/results/interpret_molformer_attention.json
2026-04-03 16:40:45 | INFO  | phase_interpret | 
  Generating figures...
2026-04-03 16:40:46 | INFO  | phase_interpret |   Figure: interpret_rf_importance
2026-04-03 16:40:47 | INFO  | phase_interpret |   Figure: interpret_rf_per_compound
2026-04-03 16:40:47 | INFO  | phase_interpret | 
  Saved: /scratch/vishakha.agrawal/antibiotic-selectivity-v2/outputs/runs/run_20260315_034033/results/interpret_summary.json
2026-04-03 16:40:47 | INFO  | phase_interpret | 
======================================================================
2026-04-03 16:40:47 | INFO  | phase_interpret |   INTERPRETABILITY SUMMARY
2026-04-03 16:40:47 | INFO  | phase_interpret | ======================================================================
2026-04-03 16:40:47 | INFO  | phase_interpret |   RF:        complete (30 bits, top-30 explains 19.7%)
2026-04-03 16:40:47 | INFO  | phase_interpret |   D-MPNN:    skipped
2026-04-03 16:40:47 | INFO  | phase_interpret |   CheMeleon: skipped (0 compounds)
2026-04-03 16:40:47 | INFO  | phase_interpret |   MoLFormer: complete
2026-04-03 16:40:47 | INFO  | phase_interpret | ======================================================================
2026-04-03 16:40:47 | INFO  | phase_interpret | ============================================================
2026-04-03 16:40:47 | INFO  | phase_interpret |  COMPLETED: Phase C: Interpretability
2026-04-03 16:40:47 | INFO  | phase_interpret |  Elapsed: 0m 26.0s
2026-04-03 16:40:47 | INFO  | phase_interpret | ============================================================
2026-04-03 16:52:56 | INFO  | phase_interpret | Logging to file: /scratch/vishakha.agrawal/antibiotic-selectivity-v2/logs/phase_interpret.log
2026-04-03 16:52:56 | INFO  | phase_interpret | ============================================================
2026-04-03 16:52:56 | INFO  | phase_interpret |  STARTING: Phase C: Targeted Interpretability
2026-04-03 16:52:56 | INFO  | phase_interpret | ============================================================
2026-04-03 16:52:56 | INFO  | phase_interpret |   Selected top 15 candidates for interpretation
2026-04-03 16:52:56 | INFO  | phase_interpret |     micronomicin              n_models=4 S=1.000
2026-04-03 16:52:56 | INFO  | phase_interpret |     SQ-109                    n_models=4 S=1.000
2026-04-03 16:52:56 | INFO  | phase_interpret |     netilmicin                n_models=4 S=1.000
2026-04-03 16:52:56 | INFO  | phase_interpret |     retapamulin               n_models=4 S=1.000
2026-04-03 16:52:56 | INFO  | phase_interpret |     AFN-1252                  n_models=4 S=0.998
2026-04-03 16:52:56 | INFO  | phase_interpret |     GSK656                    n_models=4 S=0.995
2026-04-03 16:52:56 | INFO  | phase_interpret |     trimetrexate              n_models=4 S=0.992
2026-04-03 16:52:56 | INFO  | phase_interpret |     sisomicin                 n_models=4 S=0.989
2026-04-03 16:52:56 | INFO  | phase_interpret |     relebactam                n_models=3 S=1.000
2026-04-03 16:52:56 | INFO  | phase_interpret |     gentamycin                n_models=3 S=1.000
2026-04-03 16:52:56 | INFO  | phase_interpret |     BTZ043-racemate           n_models=3 S=1.000
2026-04-03 16:52:56 | INFO  | phase_interpret |     Q-203                     n_models=3 S=1.000
2026-04-03 16:52:56 | INFO  | phase_interpret |     macozinone                n_models=3 S=0.999
2026-04-03 16:52:56 | INFO  | phase_interpret |     boronophenylalanine       n_models=3 S=0.999
2026-04-03 16:52:56 | INFO  | phase_interpret |     monocrotaline             n_models=3 S=0.998
2026-04-03 16:52:56 | INFO  | phase_interpret | 
======================================================================
2026-04-03 16:52:56 | INFO  | phase_interpret |   RF FEATURE IMPORTANCE
2026-04-03 16:52:56 | INFO  | phase_interpret | ======================================================================
2026-04-03 16:52:58 | INFO  | phase_interpret |   RF E. coli model: 2048 features
2026-04-03 16:52:58 | INFO  | phase_interpret |   Total importance sum: 1.0000
2026-04-03 16:52:58 | INFO  | phase_interpret | 
  Top 30 Morgan FP bits (E. coli model):
2026-04-03 16:52:58 | INFO  | phase_interpret |    Rank    Bit   Importance   Cumulative
2026-04-03 16:52:58 | INFO  | phase_interpret |   ----------------------------------------
2026-04-03 16:52:58 | INFO  | phase_interpret |       1    456     0.016119       0.0161
2026-04-03 16:52:58 | INFO  | phase_interpret |       2   1019     0.010353       0.0265
2026-04-03 16:52:58 | INFO  | phase_interpret |       3    464     0.009522       0.0360
2026-04-03 16:52:58 | INFO  | phase_interpret |       4    314     0.009368       0.0454
2026-04-03 16:52:58 | INFO  | phase_interpret |       5    525     0.009317       0.0547
2026-04-03 16:52:58 | INFO  | phase_interpret |       6   1840     0.008308       0.0630
2026-04-03 16:52:58 | INFO  | phase_interpret |       7    453     0.008073       0.0711
2026-04-03 16:52:58 | INFO  | phase_interpret |       8    739     0.007897       0.0790
2026-04-03 16:52:58 | INFO  | phase_interpret |       9   1332     0.007503       0.0865
2026-04-03 16:52:58 | INFO  | phase_interpret |      10   1047     0.007000       0.0935
2026-04-03 16:52:58 | INFO  | phase_interpret |      11   1750     0.006942       0.1004
2026-04-03 16:52:58 | INFO  | phase_interpret |      12   1325     0.006885       0.1073
2026-04-03 16:52:58 | INFO  | phase_interpret |      13    926     0.006805       0.1141
2026-04-03 16:52:58 | INFO  | phase_interpret |      14    470     0.006385       0.1205
2026-04-03 16:52:58 | INFO  | phase_interpret |      15   1917     0.006036       0.1265
2026-04-03 16:52:58 | INFO  | phase_interpret |      16   1088     0.005943       0.1325
2026-04-03 16:52:58 | INFO  | phase_interpret |      17    389     0.005880       0.1383
2026-04-03 16:52:58 | INFO  | phase_interpret |      18    407     0.005660       0.1440
2026-04-03 16:52:58 | INFO  | phase_interpret |      19   1171     0.005478       0.1495
2026-04-03 16:52:58 | INFO  | phase_interpret |      20   1729     0.005466       0.1549
2026-04-03 16:52:58 | INFO  | phase_interpret |      21   1199     0.005308       0.1602
2026-04-03 16:52:58 | INFO  | phase_interpret |      22   1991     0.004984       0.1652
2026-04-03 16:52:58 | INFO  | phase_interpret |      23    807     0.004688       0.1699
2026-04-03 16:52:58 | INFO  | phase_interpret |      24    699     0.004216       0.1741
2026-04-03 16:52:58 | INFO  | phase_interpret |      25    326     0.004023       0.1782
2026-04-03 16:52:58 | INFO  | phase_interpret |      26    935     0.003965       0.1821
2026-04-03 16:52:58 | INFO  | phase_interpret |      27    146     0.003940       0.1861
2026-04-03 16:52:58 | INFO  | phase_interpret |      28    338     0.003929       0.1900
2026-04-03 16:52:58 | INFO  | phase_interpret |      29   1922     0.003707       0.1937
2026-04-03 16:52:58 | INFO  | phase_interpret |      30      5     0.003706       0.1974
2026-04-03 16:52:58 | INFO  | phase_interpret | 
  Top 30 bits explain 19.7% of total importance
2026-04-03 16:52:58 | INFO  | phase_interpret |   Selected top 15 candidates for interpretation
2026-04-03 16:52:58 | INFO  | phase_interpret |     micronomicin              n_models=4 S=1.000
2026-04-03 16:52:58 | INFO  | phase_interpret |     SQ-109                    n_models=4 S=1.000
2026-04-03 16:52:58 | INFO  | phase_interpret |     netilmicin                n_models=4 S=1.000
2026-04-03 16:52:58 | INFO  | phase_interpret |     retapamulin               n_models=4 S=1.000
2026-04-03 16:52:58 | INFO  | phase_interpret |     AFN-1252                  n_models=4 S=0.998
2026-04-03 16:52:58 | INFO  | phase_interpret |     GSK656                    n_models=4 S=0.995
2026-04-03 16:52:58 | INFO  | phase_interpret |     trimetrexate              n_models=4 S=0.992
2026-04-03 16:52:58 | INFO  | phase_interpret |     sisomicin                 n_models=4 S=0.989
2026-04-03 16:52:58 | INFO  | phase_interpret |     relebactam                n_models=3 S=1.000
2026-04-03 16:52:58 | INFO  | phase_interpret |     gentamycin                n_models=3 S=1.000
2026-04-03 16:52:58 | INFO  | phase_interpret |     BTZ043-racemate           n_models=3 S=1.000
2026-04-03 16:52:58 | INFO  | phase_interpret |     Q-203                     n_models=3 S=1.000
2026-04-03 16:52:58 | INFO  | phase_interpret |     macozinone                n_models=3 S=0.999
2026-04-03 16:52:58 | INFO  | phase_interpret |     boronophenylalanine       n_models=3 S=0.999
2026-04-03 16:52:58 | INFO  | phase_interpret |     monocrotaline             n_models=3 S=0.998
2026-04-03 16:52:58 | INFO  | phase_interpret | 
  Mapping top bits to substructures in top candidates:
2026-04-03 16:52:58 | INFO  | phase_interpret | 
  Substructure examples for top bits:
2026-04-03 16:52:58 | INFO  | phase_interpret |     Bit   456 (imp=0.01612): not active in top candidates
2026-04-03 16:52:58 | INFO  | phase_interpret |     Bit  1019 (imp=0.01035): micronomicin: ; micronomicin: ; micronomicin: 
2026-04-03 16:52:58 | INFO  | phase_interpret |     Bit   464 (imp=0.00952): Q-203: [#6]:[#6]:[#7]
2026-04-03 16:52:58 | INFO  | phase_interpret |     Bit   314 (imp=0.00937): retapamulin: [#6]=[#8]; AFN-1252: [#6]=[#8]; relebactam: [#6]=[#8]
2026-04-03 16:52:58 | INFO  | phase_interpret |     Bit   525 (imp=0.00932): not active in top candidates
2026-04-03 16:52:58 | INFO  | phase_interpret |     Bit  1840 (imp=0.00831): not active in top candidates
2026-04-03 16:52:58 | INFO  | phase_interpret |     Bit   453 (imp=0.00807): not active in top candidates
2026-04-03 16:52:58 | INFO  | phase_interpret |     Bit   739 (imp=0.00790): relebactam: [#6](-[#6@H])-[#7]
2026-04-03 16:52:58 | INFO  | phase_interpret |     Bit  1332 (imp=0.00750): GSK656: [#5]-[#8]
2026-04-03 16:52:58 | INFO  | phase_interpret |     Bit  1047 (imp=0.00700): not active in top candidates
2026-04-03 16:52:58 | INFO  | phase_interpret |     Bit  1750 (imp=0.00694): AFN-1252: [#6]:[#6]:[#6]; AFN-1252: [#6]:[#6]:[#6]; GSK656: [#6]:[#6]:[#6]
2026-04-03 16:52:58 | INFO  | phase_interpret |     Bit  1325 (imp=0.00689): micronomicin: [#6](-[#6@H])-[#6]; micronomicin: [#6]-[#6]-[#6@@H]; retapamulin: [#6](-[#6@@H])-[#6]
2026-04-03 16:52:58 | INFO  | phase_interpret |     Bit   926 (imp=0.00681): micronomicin: ; micronomicin: ; micronomicin: 
2026-04-03 16:52:58 | INFO  | phase_interpret |     Bit   470 (imp=0.00639): not active in top candidates
2026-04-03 16:52:58 | INFO  | phase_interpret |     Bit  1917 (imp=0.00604): retapamulin: [#6]=[#8]; AFN-1252: [#6]=[#8]; relebactam: [#8]=[#6]
2026-04-03 16:52:58 | INFO  | phase_interpret |     Bit  1088 (imp=0.00594): AFN-1252: [#6]:[#6]:[#6]; AFN-1252: [#6]:[#6]:[#6]
2026-04-03 16:52:58 | INFO  | phase_interpret |     Bit   389 (imp=0.00588): boronophenylalanine: [#6]-[#8]
2026-04-03 16:52:58 | INFO  | phase_interpret |     Bit   407 (imp=0.00566): BTZ043-racemate: [#6]-[#7](-[#6])-[#6]; Q-203: [#6]-[#7](-[#6])-[#6]; macozinone: [#6]-[#7](-[#6])-[#6]
2026-04-03 16:52:58 | INFO  | phase_interpret |     Bit  1171 (imp=0.00548): micronomicin: ; micronomicin: ; micronomicin: 
2026-04-03 16:52:58 | INFO  | phase_interpret |     Bit  1729 (imp=0.00547): not active in top candidates
2026-04-03 16:52:58 | INFO  | phase_interpret | 
  Per-compound important bit activation:
2026-04-03 16:52:58 | INFO  | phase_interpret |     micronomicin             : 5 of top-50 bits active, imp_sum=0.0342
2026-04-03 16:52:58 | INFO  | phase_interpret |     SQ-109                   : 3 of top-50 bits active, imp_sum=0.0218
2026-04-03 16:52:58 | INFO  | phase_interpret |     netilmicin               : 4 of top-50 bits active, imp_sum=0.0273
2026-04-03 16:52:58 | INFO  | phase_interpret |     retapamulin              : 8 of top-50 bits active, imp_sum=0.0520
2026-04-03 16:52:58 | INFO  | phase_interpret |     AFN-1252                 : 7 of top-50 bits active, imp_sum=0.0451
2026-04-03 16:52:58 | INFO  | phase_interpret |     GSK656                   : 6 of top-50 bits active, imp_sum=0.0387
2026-04-03 16:52:58 | INFO  | phase_interpret |     trimetrexate             : 2 of top-50 bits active, imp_sum=0.0124
2026-04-03 16:52:58 | INFO  | phase_interpret |     sisomicin                : 4 of top-50 bits active, imp_sum=0.0273
2026-04-03 16:52:58 | INFO  | phase_interpret |     relebactam               : 9 of top-50 bits active, imp_sum=0.0599
2026-04-03 16:52:58 | INFO  | phase_interpret |     gentamycin               : 5 of top-50 bits active, imp_sum=0.0342
2026-04-03 16:52:58 | INFO  | phase_interpret |     BTZ043-racemate          : 6 of top-50 bits active, imp_sum=0.0401
2026-04-03 16:52:58 | INFO  | phase_interpret |     Q-203                    : 9 of top-50 bits active, imp_sum=0.0609
2026-04-03 16:52:58 | INFO  | phase_interpret |     macozinone               : 6 of top-50 bits active, imp_sum=0.0430
2026-04-03 16:52:58 | INFO  | phase_interpret |     boronophenylalanine      : 5 of top-50 bits active, imp_sum=0.0290
2026-04-03 16:52:58 | INFO  | phase_interpret |     monocrotaline            : 6 of top-50 bits active, imp_sum=0.0421
2026-04-03 16:52:58 | INFO  | phase_interpret | 
  Saved: /scratch/vishakha.agrawal/antibiotic-selectivity-v2/outputs/runs/run_20260315_034033/results/interpret_rf_feature_importance.csv
2026-04-03 16:52:58 | INFO  | phase_interpret |   Saved: /scratch/vishakha.agrawal/antibiotic-selectivity-v2/outputs/runs/run_20260315_034033/results/interpret_rf_top_bits.json
2026-04-03 16:52:58 | INFO  | phase_interpret | 
======================================================================
2026-04-03 16:52:58 | INFO  | phase_interpret |   D-MPNN OCCLUSION ATTRIBUTION
2026-04-03 16:52:58 | INFO  | phase_interpret | ======================================================================
2026-04-03 16:53:11 | INFO  | phase_interpret |   Searching for model in: /scratch/vishakha.agrawal/antibiotic-selectivity-v2/outputs/runs/run_20260315_034033/models/dmpnn/ecoli
2026-04-03 16:53:11 | INFO  | phase_interpret |   Found: /scratch/vishakha.agrawal/antibiotic-selectivity-v2/outputs/runs/run_20260315_034033/models/dmpnn/ecoli/final/model_0/best.pt
2026-04-03 16:53:11 | INFO  | phase_interpret |   Loading model: /scratch/vishakha.agrawal/antibiotic-selectivity-v2/outputs/runs/run_20260315_034033/models/dmpnn/ecoli/final/model_0/best.pt
2026-04-03 16:53:13 | WARNING | phase_interpret |   Failed to load D-MPNN model: MPNN.__init__() missing 3 required positional arguments: 'message_passing', 'agg', and 'predictor'
2026-04-03 16:53:13 | INFO  | phase_interpret | 
======================================================================
2026-04-03 16:53:13 | INFO  | phase_interpret |   CheMeleon OCCLUSION ATTRIBUTION
2026-04-03 16:53:13 | INFO  | phase_interpret | ======================================================================
2026-04-03 16:53:13 | INFO  | phase_interpret |   Imported predict_chemeleon from 11_train_chemeleon_frozen.py
2026-04-03 16:53:13 | INFO  | phase_interpret |   Pretrained encoder: /home2/vishakha.agrawal/.chemprop/chemeleon_mp.pt
2026-04-03 16:53:13 | INFO  | phase_interpret |   Model state: /scratch/vishakha.agrawal/antibiotic-selectivity-v2/outputs/runs/run_20260315_034033/models/chemeleon_frozen/ecoli/final_model.pt
2026-04-03 16:53:15 | INFO  | phase_interpret |   Test prediction OK: P=0.8369
2026-04-03 16:53:15 | INFO  | phase_interpret | 
    micronomicin:
2026-04-03 16:53:15 | INFO  | phase_interpret |       Base P(ecoli) = 0.8369
2026-04-03 16:53:16 | INFO  | phase_interpret |       Fragment: [5*]NC                                   P=0.0000 attr=+0.8369
2026-04-03 16:53:16 | INFO  | phase_interpret |       Fragment: [3*]O[3*]                                P=0.0000 attr=+0.8369
2026-04-03 16:53:16 | INFO  | phase_interpret |       Fragment: [4*]C[8*]                                P=0.0000 attr=+0.8369
2026-04-03 16:53:16 | INFO  | phase_interpret |       Fragment: [15*][C@@H]1[C@@H](O)[C@H]([15*])[C@@H]( P=0.0226 attr=+0.8143
2026-04-03 16:53:16 | INFO  | phase_interpret |       Fragment: [13*][C@H]1OC[C@](C)(O)[C@H]([15*])[C@H] P=0.3676 attr=+0.4693
2026-04-03 16:53:16 | INFO  | phase_interpret | 
    SQ-109:
2026-04-03 16:53:16 | INFO  | phase_interpret |       Base P(ecoli) = 0.2241
2026-04-03 16:53:17 | INFO  | phase_interpret |       Fragment: [4*]CC[7*]                               P=0.0000 attr=+0.2241
2026-04-03 16:53:17 | INFO  | phase_interpret |       Fragment: [4*]CC[4*]                               P=0.0000 attr=+0.2241
2026-04-03 16:53:17 | INFO  | phase_interpret |       Fragment: [5*]N[5*]                                P=0.0000 attr=+0.2241
2026-04-03 16:53:17 | INFO  | phase_interpret |       Fragment: [7*]C(C)C                                P=0.0000 attr=+0.2241
2026-04-03 16:53:17 | INFO  | phase_interpret |       Fragment: [7*]CCCC([7*])C                          P=0.0022 attr=+0.2219
2026-04-03 16:53:17 | INFO  | phase_interpret | 
    netilmicin:
2026-04-03 16:53:17 | INFO  | phase_interpret |       Base P(ecoli) = 0.8743
2026-04-03 16:53:17 | INFO  | phase_interpret |       Fragment: [5*]NC                                   P=0.0000 attr=+0.8743
2026-04-03 16:53:17 | INFO  | phase_interpret |       Fragment: [3*]O[3*]                                P=0.0000 attr=+0.8743
2026-04-03 16:53:17 | INFO  | phase_interpret |       Fragment: [4*]CC                                   P=0.0000 attr=+0.8743
2026-04-03 16:53:17 | INFO  | phase_interpret |       Fragment: [5*]N[5*]                                P=0.0000 attr=+0.8743
2026-04-03 16:53:17 | INFO  | phase_interpret |       Fragment: [15*][C@@H]1[C@@H](O)[C@H]([15*])[C@@H]( P=0.1848 attr=+0.6894
2026-04-03 16:53:17 | INFO  | phase_interpret | 
    retapamulin:
2026-04-03 16:53:18 | INFO  | phase_interpret |       Base P(ecoli) = 0.6896
2026-04-03 16:53:18 | INFO  | phase_interpret |       Fragment: [11*]S[11*]                              P=0.0000 attr=+0.6896
2026-04-03 16:53:18 | INFO  | phase_interpret |       Fragment: [3*]O[3*]                                P=0.0000 attr=+0.6896
2026-04-03 16:53:18 | INFO  | phase_interpret |       Fragment: [1*]C(=O)C[4*]                           P=0.0051 attr=+0.6845
2026-04-03 16:53:18 | INFO  | phase_interpret |       Fragment: [15*][C@@H]1C[C@@](C)(C=C)[C@@H](O)[C@H] P=0.0553 attr=+0.6342
2026-04-03 16:53:18 | INFO  | phase_interpret |       Fragment: [15*][C@@H]1C[C@H]2CC[C@@H](C1)N2C       P=0.4817 attr=+0.2079
2026-04-03 16:53:18 | INFO  | phase_interpret | 
    AFN-1252:
2026-04-03 16:53:18 | INFO  | phase_interpret |       Base P(ecoli) = 0.8092
2026-04-03 16:53:19 | INFO  | phase_interpret |       Fragment: [7*]C[8*]                                P=0.0000 attr=+0.8092
2026-04-03 16:53:19 | INFO  | phase_interpret |       Fragment: [5*]N([5*])C                             P=0.0000 attr=+0.8092
2026-04-03 16:53:19 | INFO  | phase_interpret |       Fragment: [4*]C[8*]                                P=0.0000 attr=+0.8092
2026-04-03 16:53:19 | INFO  | phase_interpret |       Fragment: [1*]C(=O)C[7*]                           P=0.0051 attr=+0.8041
2026-04-03 16:53:19 | INFO  | phase_interpret |       Fragment: [14*]c1oc2ccccc2c1C                      P=0.0053 attr=+0.8039
2026-04-03 16:53:19 | INFO  | phase_interpret | 
    GSK656:
2026-04-03 16:53:19 | INFO  | phase_interpret |       Base P(ecoli) = 0.4939
2026-04-03 16:53:19 | INFO  | phase_interpret |       Fragment: [3*]O[3*]                                P=0.0000 attr=+0.4939
2026-04-03 16:53:19 | INFO  | phase_interpret |       Fragment: [4*]CCO                                  P=0.0002 attr=+0.4937
2026-04-03 16:53:19 | INFO  | phase_interpret |       Fragment: [16*]c1ccc(Cl)c2c1B(O)O[C@@H]2CN         P=0.3532 attr=+0.1407
2026-04-03 16:53:19 | INFO  | phase_interpret | 
    trimetrexate:
2026-04-03 16:53:20 | INFO  | phase_interpret |       Base P(ecoli) = 0.5629
2026-04-03 16:53:20 | INFO  | phase_interpret |       Fragment: [16*]c1cc([16*])c([16*])c([16*])c1       P=0.0000 attr=+0.5629
2026-04-03 16:53:20 | INFO  | phase_interpret |       Fragment: [5*]N[5*]                                P=0.0000 attr=+0.5629
2026-04-03 16:53:20 | INFO  | phase_interpret |       Fragment: [4*]C[8*]                                P=0.0000 attr=+0.5629
2026-04-03 16:53:20 | INFO  | phase_interpret |       Fragment: [3*]OC                                   P=0.0226 attr=+0.5403
2026-04-03 16:53:20 | INFO  | phase_interpret |       Fragment: [16*]c1ccc2nc(N)nc(N)c2c1C               P=0.5296 attr=+0.0333
2026-04-03 16:53:20 | INFO  | phase_interpret | 
    sisomicin:
2026-04-03 16:53:20 | INFO  | phase_interpret |       Base P(ecoli) = 0.7982
2026-04-03 16:53:21 | INFO  | phase_interpret |       Fragment: [5*]NC                                   P=0.0000 attr=+0.7982
2026-04-03 16:53:21 | INFO  | phase_interpret |       Fragment: [3*]O[3*]                                P=0.0000 attr=+0.7982
2026-04-03 16:53:21 | INFO  | phase_interpret |       Fragment: [15*][C@@H]1[C@@H](O)[C@H]([15*])[C@@H]( P=0.0226 attr=+0.7756
2026-04-03 16:53:21 | INFO  | phase_interpret |       Fragment: [13*][C@H]1OC(CN)=CC[C@H]1N              P=0.1958 attr=+0.6024
2026-04-03 16:53:21 | INFO  | phase_interpret |       Fragment: [13*][C@H]1OC[C@](C)(O)[C@H]([15*])[C@H] P=0.3676 attr=+0.4306
2026-04-03 16:53:21 | INFO  | phase_interpret | 
    relebactam:
2026-04-03 16:53:21 | INFO  | phase_interpret |       Base P(ecoli) = 0.6881
2026-04-03 16:53:21 | INFO  | phase_interpret |       Fragment: [5*]N[5*]                                P=0.0000 attr=+0.6881
2026-04-03 16:53:21 | INFO  | phase_interpret |       Fragment: [1*]C([6*])=O                            P=0.0000 attr=+0.6881
2026-04-03 16:53:21 | INFO  | phase_interpret |       Fragment: [15*]C1CCNCC1                            P=0.0006 attr=+0.6875
2026-04-03 16:53:21 | INFO  | phase_interpret |       Fragment: [13*][C@@H]1CC[C@@H]2CN1C(=O)N2OS(=O)(=O P=0.1424 attr=+0.5457
2026-04-03 16:53:21 | INFO  | phase_interpret | 
    gentamycin:
2026-04-03 16:53:22 | INFO  | phase_interpret |       Base P(ecoli) = 0.7049
2026-04-03 16:53:22 | INFO  | phase_interpret |       Fragment: [4*][C@@H]([8*])C                        P=0.0000 attr=+0.7049
2026-04-03 16:53:22 | INFO  | phase_interpret |       Fragment: [5*]NC                                   P=0.0000 attr=+0.7049
2026-04-03 16:53:22 | INFO  | phase_interpret |       Fragment: [3*]O[3*]                                P=0.0000 attr=+0.7049
2026-04-03 16:53:22 | INFO  | phase_interpret |       Fragment: [15*][C@@H]1[C@@H](O)[C@H]([15*])[C@@H]( P=0.0226 attr=+0.6823
2026-04-03 16:53:22 | INFO  | phase_interpret |       Fragment: [13*][C@H]1OC[C@](C)(O)[C@H]([15*])[C@H] P=0.3676 attr=+0.3372
2026-04-03 16:53:22 | INFO  | phase_interpret | 
    BTZ043-racemate:
2026-04-03 16:53:22 | INFO  | phase_interpret |       Base P(ecoli) = 0.2153
2026-04-03 16:53:23 | INFO  | phase_interpret |       Fragment: [8*]C(F)(F)F                             P=0.9844 attr=-0.7691
2026-04-03 16:53:23 | INFO  | phase_interpret |       Fragment: [14*]c1nc(=O)c2cc([16*])cc([N+](=O)[O-]) P=0.0335 attr=+0.1819
2026-04-03 16:53:23 | INFO  | phase_interpret |       Fragment: [5*]N1CCC2(CC1)OC[C@H](C)O2              P=0.1639 attr=+0.0515
2026-04-03 16:53:23 | INFO  | phase_interpret | 
    Q-203:
2026-04-03 16:53:23 | INFO  | phase_interpret |       Base P(ecoli) = 0.2170
2026-04-03 16:53:24 | INFO  | phase_interpret |       Fragment: [16*]c1ccc([16*])cc1                     P=0.0000 attr=+0.2170
2026-04-03 16:53:24 | INFO  | phase_interpret |       Fragment: [3*]OC(F)(F)F                            P=0.0000 attr=+0.2170
2026-04-03 16:53:24 | INFO  | phase_interpret |       Fragment: [8*]CC                                   P=0.0000 attr=+0.2170
2026-04-03 16:53:24 | INFO  | phase_interpret |       Fragment: [5*]N[5*]                                P=0.0000 attr=+0.2170
2026-04-03 16:53:24 | INFO  | phase_interpret |       Fragment: [4*]C[8*]                                P=0.0000 attr=+0.2170
2026-04-03 16:53:24 | INFO  | phase_interpret | 
    macozinone:
2026-04-03 16:53:24 | INFO  | phase_interpret |       Base P(ecoli) = 0.0703
2026-04-03 16:53:25 | INFO  | phase_interpret |       Fragment: [8*]C(F)(F)F                             P=0.9844 attr=-0.9141
2026-04-03 16:53:25 | INFO  | phase_interpret |       Fragment: [4*]C[8*]                                P=0.0000 attr=+0.0703
2026-04-03 16:53:25 | INFO  | phase_interpret |       Fragment: [15*]C1CCCCC1                            P=0.0001 attr=+0.0702
2026-04-03 16:53:25 | INFO  | phase_interpret |       Fragment: [5*]N1CCN([5*])CC1                       P=0.0045 attr=+0.0658
2026-04-03 16:53:25 | INFO  | phase_interpret |       Fragment: [14*]c1nc(=O)c2cc([16*])cc([N+](=O)[O-]) P=0.0335 attr=+0.0368
2026-04-03 16:53:25 | INFO  | phase_interpret | 
    boronophenylalanine:
2026-04-03 16:53:25 | INFO  | phase_interpret |       Base P(ecoli) = 0.8092
2026-04-03 16:53:25 | INFO  | phase_interpret |       Fragment: [8*]C[C@H](N)C(=O)O                      P=0.5535 attr=+0.2557
2026-04-03 16:53:25 | INFO  | phase_interpret |       Fragment: [16*]c1ccc(B(O)O)cc1                     P=0.9590 attr=-0.1498
2026-04-03 16:53:25 | INFO  | phase_interpret | 
    monocrotaline:
2026-04-03 16:53:25 | INFO  | phase_interpret |       Base P(ecoli) = 0.3040
2026-04-03 16:53:25 | INFO  | phase_interpret |       Fragment: C[C@H]1C(=O)O[C@@H]2CCN3CC=C(COC(=O)[C@] P=0.3040 attr=+0.0000
2026-04-03 16:53:25 | INFO  | phase_interpret | 
  Saved: /scratch/vishakha.agrawal/antibiotic-selectivity-v2/outputs/runs/run_20260315_034033/results/interpret_occlusion_chemeleon.json
2026-04-03 16:53:25 | INFO  | phase_interpret | 
======================================================================
2026-04-03 16:53:25 | INFO  | phase_interpret |   MoLFormer ATTENTION WEIGHTS
2026-04-03 16:53:25 | INFO  | phase_interpret | ======================================================================
2026-04-03 16:53:25 | INFO  | phase_interpret |   Loading MoLFormer from: /scratch/vishakha.agrawal/antibiotic-selectivity-v2/outputs/runs/run_20260315_034033/models/molformer/ecoli/final/molformer_finetuned.pt
2026-04-03 16:53:30 | INFO  | phase_interpret |   Using pretrained weights (finetuned state format not recognized)
2026-04-03 16:53:30 | INFO  | phase_interpret |     micronomicin             : top tokens = N(0.031), N(0.030), [C@](0.027), [C@H](0.026), N(0.026)
2026-04-03 16:53:30 | INFO  | phase_interpret |     SQ-109                   : top tokens = N(0.043), =(0.040), N(0.037), C(0.034), [C@@H](0.033)
2026-04-03 16:53:30 | INFO  | phase_interpret |     netilmicin               : top tokens = N(0.034), N(0.031), =(0.030), N(0.026), N(0.025)
2026-04-03 16:53:30 | INFO  | phase_interpret |     retapamulin              : top tokens = N(0.034), S(0.030), O(0.026), 3(0.023), C(0.023)
2026-04-03 16:53:30 | INFO  | phase_interpret |     AFN-1252                 : top tokens = o(0.042), =(0.038), N(0.037), C(0.034), N(0.030)
2026-04-03 16:53:30 | INFO  | phase_interpret |     GSK656                   : top tokens = O(0.055), B(0.051), N(0.051), O(0.048), 2(0.045)
2026-04-03 16:53:30 | INFO  | phase_interpret |     trimetrexate             : top tokens = N(0.048), N(0.040), C(0.039), N(0.039), O(0.035)
2026-04-03 16:53:30 | INFO  | phase_interpret |     sisomicin                : top tokens = =(0.032), N(0.028), C(0.028), 3(0.027), [C@H](0.027)
2026-04-03 16:53:30 | INFO  | phase_interpret |     relebactam               : top tokens = O(0.055), N(0.047), O(0.041), N(0.036), N(0.036)
2026-04-03 16:53:30 | INFO  | phase_interpret |     gentamycin               : top tokens = N(0.035), N(0.030), N(0.026), N(0.025), N(0.024)
2026-04-03 16:53:30 | INFO  | phase_interpret |     BTZ043-racemate          : top tokens = s(0.043), 4(0.040), O(0.031), O(0.029), n(0.027)
2026-04-03 16:53:30 | INFO  | phase_interpret |     Q-203                    : top tokens = n(0.042), O(0.039), c(0.033), N(0.030), C(0.025)
2026-04-03 16:53:31 | INFO  | phase_interpret |     macozinone               : top tokens = s(0.045), [N+](0.030), N(0.030), 2(0.028), c(0.028)
2026-04-03 16:53:31 | INFO  | phase_interpret |     boronophenylalanine      : top tokens = N(0.065), B(0.060), C(0.057), <bos>(0.051), O(0.051)
2026-04-03 16:53:31 | INFO  | phase_interpret |     monocrotaline            : top tokens = O(0.041), O(0.036), O(0.035), 1(0.034), [C@](0.034)
2026-04-03 16:53:31 | INFO  | phase_interpret | 
  Saved: /scratch/vishakha.agrawal/antibiotic-selectivity-v2/outputs/runs/run_20260315_034033/results/interpret_molformer_attention.json
2026-04-03 16:53:31 | INFO  | phase_interpret | 
  Generating figures...
2026-04-03 16:53:32 | INFO  | phase_interpret |   Figure: interpret_rf_importance
2026-04-03 16:53:32 | INFO  | phase_interpret |   Figure: interpret_rf_per_compound
2026-04-03 16:53:32 | INFO  | phase_interpret | 
  Saved: /scratch/vishakha.agrawal/antibiotic-selectivity-v2/outputs/runs/run_20260315_034033/results/interpret_summary.json
2026-04-03 16:53:32 | INFO  | phase_interpret | 
======================================================================
2026-04-03 16:53:32 | INFO  | phase_interpret |   INTERPRETABILITY SUMMARY
2026-04-03 16:53:32 | INFO  | phase_interpret | ======================================================================
2026-04-03 16:53:32 | INFO  | phase_interpret |   RF:        complete (30 bits, top-30 explains 19.7%)
2026-04-03 16:53:32 | INFO  | phase_interpret |   D-MPNN:    skipped
2026-04-03 16:53:32 | INFO  | phase_interpret |   CheMeleon: complete (15 compounds)
2026-04-03 16:53:32 | INFO  | phase_interpret |   MoLFormer: complete
2026-04-03 16:53:32 | INFO  | phase_interpret | ======================================================================
2026-04-03 16:53:32 | INFO  | phase_interpret | ============================================================
2026-04-03 16:53:32 | INFO  | phase_interpret |  COMPLETED: Phase C: Interpretability
2026-04-03 16:53:32 | INFO  | phase_interpret |  Elapsed: 0m 35.6s
2026-04-03 16:53:32 | INFO  | phase_interpret | ============================================================
2026-04-03 17:04:27 | INFO  | phase_interpret | Logging to file: /scratch/vishakha.agrawal/antibiotic-selectivity-v2/logs/phase_interpret.log
2026-04-03 17:04:27 | INFO  | phase_interpret | ============================================================
2026-04-03 17:04:27 | INFO  | phase_interpret |  STARTING: Phase C: Targeted Interpretability
2026-04-03 17:04:27 | INFO  | phase_interpret | ============================================================
2026-04-03 17:04:27 | INFO  | phase_interpret |   Selected top 15 candidates for interpretation
2026-04-03 17:04:27 | INFO  | phase_interpret |     micronomicin              n_models=4 S=1.000
2026-04-03 17:04:27 | INFO  | phase_interpret |     SQ-109                    n_models=4 S=1.000
2026-04-03 17:04:27 | INFO  | phase_interpret |     netilmicin                n_models=4 S=1.000
2026-04-03 17:04:27 | INFO  | phase_interpret |     retapamulin               n_models=4 S=1.000
2026-04-03 17:04:27 | INFO  | phase_interpret |     AFN-1252                  n_models=4 S=0.998
2026-04-03 17:04:27 | INFO  | phase_interpret |     GSK656                    n_models=4 S=0.995
2026-04-03 17:04:27 | INFO  | phase_interpret |     trimetrexate              n_models=4 S=0.992
2026-04-03 17:04:27 | INFO  | phase_interpret |     sisomicin                 n_models=4 S=0.989
2026-04-03 17:04:27 | INFO  | phase_interpret |     relebactam                n_models=3 S=1.000
2026-04-03 17:04:27 | INFO  | phase_interpret |     gentamycin                n_models=3 S=1.000
2026-04-03 17:04:27 | INFO  | phase_interpret |     BTZ043-racemate           n_models=3 S=1.000
2026-04-03 17:04:27 | INFO  | phase_interpret |     Q-203                     n_models=3 S=1.000
2026-04-03 17:04:27 | INFO  | phase_interpret |     macozinone                n_models=3 S=0.999
2026-04-03 17:04:27 | INFO  | phase_interpret |     boronophenylalanine       n_models=3 S=0.999
2026-04-03 17:04:27 | INFO  | phase_interpret |     monocrotaline             n_models=3 S=0.998
2026-04-03 17:04:27 | INFO  | phase_interpret | 
======================================================================
2026-04-03 17:04:27 | INFO  | phase_interpret |   RF FEATURE IMPORTANCE
2026-04-03 17:04:27 | INFO  | phase_interpret | ======================================================================
2026-04-03 17:04:28 | INFO  | phase_interpret |   RF E. coli model: 2048 features
2026-04-03 17:04:28 | INFO  | phase_interpret |   Total importance sum: 1.0000
2026-04-03 17:04:28 | INFO  | phase_interpret | 
  Top 30 Morgan FP bits (E. coli model):
2026-04-03 17:04:28 | INFO  | phase_interpret |    Rank    Bit   Importance   Cumulative
2026-04-03 17:04:28 | INFO  | phase_interpret |   ----------------------------------------
2026-04-03 17:04:28 | INFO  | phase_interpret |       1    456     0.016119       0.0161
2026-04-03 17:04:28 | INFO  | phase_interpret |       2   1019     0.010353       0.0265
2026-04-03 17:04:28 | INFO  | phase_interpret |       3    464     0.009522       0.0360
2026-04-03 17:04:28 | INFO  | phase_interpret |       4    314     0.009368       0.0454
2026-04-03 17:04:28 | INFO  | phase_interpret |       5    525     0.009317       0.0547
2026-04-03 17:04:28 | INFO  | phase_interpret |       6   1840     0.008308       0.0630
2026-04-03 17:04:28 | INFO  | phase_interpret |       7    453     0.008073       0.0711
2026-04-03 17:04:28 | INFO  | phase_interpret |       8    739     0.007897       0.0790
2026-04-03 17:04:28 | INFO  | phase_interpret |       9   1332     0.007503       0.0865
2026-04-03 17:04:28 | INFO  | phase_interpret |      10   1047     0.007000       0.0935
2026-04-03 17:04:28 | INFO  | phase_interpret |      11   1750     0.006942       0.1004
2026-04-03 17:04:28 | INFO  | phase_interpret |      12   1325     0.006885       0.1073
2026-04-03 17:04:28 | INFO  | phase_interpret |      13    926     0.006805       0.1141
2026-04-03 17:04:28 | INFO  | phase_interpret |      14    470     0.006385       0.1205
2026-04-03 17:04:28 | INFO  | phase_interpret |      15   1917     0.006036       0.1265
2026-04-03 17:04:28 | INFO  | phase_interpret |      16   1088     0.005943       0.1325
2026-04-03 17:04:28 | INFO  | phase_interpret |      17    389     0.005880       0.1383
2026-04-03 17:04:28 | INFO  | phase_interpret |      18    407     0.005660       0.1440
2026-04-03 17:04:28 | INFO  | phase_interpret |      19   1171     0.005478       0.1495
2026-04-03 17:04:28 | INFO  | phase_interpret |      20   1729     0.005466       0.1549
2026-04-03 17:04:28 | INFO  | phase_interpret |      21   1199     0.005308       0.1602
2026-04-03 17:04:28 | INFO  | phase_interpret |      22   1991     0.004984       0.1652
2026-04-03 17:04:28 | INFO  | phase_interpret |      23    807     0.004688       0.1699
2026-04-03 17:04:28 | INFO  | phase_interpret |      24    699     0.004216       0.1741
2026-04-03 17:04:28 | INFO  | phase_interpret |      25    326     0.004023       0.1782
2026-04-03 17:04:28 | INFO  | phase_interpret |      26    935     0.003965       0.1821
2026-04-03 17:04:28 | INFO  | phase_interpret |      27    146     0.003940       0.1861
2026-04-03 17:04:28 | INFO  | phase_interpret |      28    338     0.003929       0.1900
2026-04-03 17:04:28 | INFO  | phase_interpret |      29   1922     0.003707       0.1937
2026-04-03 17:04:28 | INFO  | phase_interpret |      30      5     0.003706       0.1974
2026-04-03 17:04:28 | INFO  | phase_interpret | 
  Top 30 bits explain 19.7% of total importance
2026-04-03 17:04:28 | INFO  | phase_interpret |   Selected top 15 candidates for interpretation
2026-04-03 17:04:28 | INFO  | phase_interpret |     micronomicin              n_models=4 S=1.000
2026-04-03 17:04:28 | INFO  | phase_interpret |     SQ-109                    n_models=4 S=1.000
2026-04-03 17:04:28 | INFO  | phase_interpret |     netilmicin                n_models=4 S=1.000
2026-04-03 17:04:28 | INFO  | phase_interpret |     retapamulin               n_models=4 S=1.000
2026-04-03 17:04:28 | INFO  | phase_interpret |     AFN-1252                  n_models=4 S=0.998
2026-04-03 17:04:28 | INFO  | phase_interpret |     GSK656                    n_models=4 S=0.995
2026-04-03 17:04:28 | INFO  | phase_interpret |     trimetrexate              n_models=4 S=0.992
2026-04-03 17:04:28 | INFO  | phase_interpret |     sisomicin                 n_models=4 S=0.989
2026-04-03 17:04:28 | INFO  | phase_interpret |     relebactam                n_models=3 S=1.000
2026-04-03 17:04:28 | INFO  | phase_interpret |     gentamycin                n_models=3 S=1.000
2026-04-03 17:04:28 | INFO  | phase_interpret |     BTZ043-racemate           n_models=3 S=1.000
2026-04-03 17:04:28 | INFO  | phase_interpret |     Q-203                     n_models=3 S=1.000
2026-04-03 17:04:28 | INFO  | phase_interpret |     macozinone                n_models=3 S=0.999
2026-04-03 17:04:28 | INFO  | phase_interpret |     boronophenylalanine       n_models=3 S=0.999
2026-04-03 17:04:28 | INFO  | phase_interpret |     monocrotaline             n_models=3 S=0.998
2026-04-03 17:04:28 | INFO  | phase_interpret | 
  Mapping top bits to substructures in top candidates:
2026-04-03 17:04:28 | INFO  | phase_interpret | 
  Substructure examples for top bits:
2026-04-03 17:04:28 | INFO  | phase_interpret |     Bit   456 (imp=0.01612): not active in top candidates
2026-04-03 17:04:28 | INFO  | phase_interpret |     Bit  1019 (imp=0.01035): micronomicin: ; micronomicin: ; micronomicin: 
2026-04-03 17:04:28 | INFO  | phase_interpret |     Bit   464 (imp=0.00952): Q-203: [#6]:[#6]:[#7]
2026-04-03 17:04:28 | INFO  | phase_interpret |     Bit   314 (imp=0.00937): retapamulin: [#6]=[#8]; AFN-1252: [#6]=[#8]; relebactam: [#6]=[#8]
2026-04-03 17:04:28 | INFO  | phase_interpret |     Bit   525 (imp=0.00932): not active in top candidates
2026-04-03 17:04:28 | INFO  | phase_interpret |     Bit  1840 (imp=0.00831): not active in top candidates
2026-04-03 17:04:28 | INFO  | phase_interpret |     Bit   453 (imp=0.00807): not active in top candidates
2026-04-03 17:04:28 | INFO  | phase_interpret |     Bit   739 (imp=0.00790): relebactam: [#6](-[#6@H])-[#7]
2026-04-03 17:04:28 | INFO  | phase_interpret |     Bit  1332 (imp=0.00750): GSK656: [#5]-[#8]
2026-04-03 17:04:28 | INFO  | phase_interpret |     Bit  1047 (imp=0.00700): not active in top candidates
2026-04-03 17:04:28 | INFO  | phase_interpret |     Bit  1750 (imp=0.00694): AFN-1252: [#6]:[#6]:[#6]; AFN-1252: [#6]:[#6]:[#6]; GSK656: [#6]:[#6]:[#6]
2026-04-03 17:04:28 | INFO  | phase_interpret |     Bit  1325 (imp=0.00689): micronomicin: [#6](-[#6@H])-[#6]; micronomicin: [#6]-[#6]-[#6@@H]; retapamulin: [#6](-[#6@@H])-[#6]
2026-04-03 17:04:28 | INFO  | phase_interpret |     Bit   926 (imp=0.00681): micronomicin: ; micronomicin: ; micronomicin: 
2026-04-03 17:04:28 | INFO  | phase_interpret |     Bit   470 (imp=0.00639): not active in top candidates
2026-04-03 17:04:28 | INFO  | phase_interpret |     Bit  1917 (imp=0.00604): retapamulin: [#6]=[#8]; AFN-1252: [#6]=[#8]; relebactam: [#8]=[#6]
2026-04-03 17:04:28 | INFO  | phase_interpret |     Bit  1088 (imp=0.00594): AFN-1252: [#6]:[#6]:[#6]; AFN-1252: [#6]:[#6]:[#6]
2026-04-03 17:04:28 | INFO  | phase_interpret |     Bit   389 (imp=0.00588): boronophenylalanine: [#6]-[#8]
2026-04-03 17:04:28 | INFO  | phase_interpret |     Bit   407 (imp=0.00566): BTZ043-racemate: [#6]-[#7](-[#6])-[#6]; Q-203: [#6]-[#7](-[#6])-[#6]; macozinone: [#6]-[#7](-[#6])-[#6]
2026-04-03 17:04:28 | INFO  | phase_interpret |     Bit  1171 (imp=0.00548): micronomicin: ; micronomicin: ; micronomicin: 
2026-04-03 17:04:28 | INFO  | phase_interpret |     Bit  1729 (imp=0.00547): not active in top candidates
2026-04-03 17:04:28 | INFO  | phase_interpret | 
  Per-compound important bit activation:
2026-04-03 17:04:28 | INFO  | phase_interpret |     micronomicin             : 5 of top-50 bits active, imp_sum=0.0342
2026-04-03 17:04:28 | INFO  | phase_interpret |     SQ-109                   : 3 of top-50 bits active, imp_sum=0.0218
2026-04-03 17:04:28 | INFO  | phase_interpret |     netilmicin               : 4 of top-50 bits active, imp_sum=0.0273
2026-04-03 17:04:28 | INFO  | phase_interpret |     retapamulin              : 8 of top-50 bits active, imp_sum=0.0520
2026-04-03 17:04:28 | INFO  | phase_interpret |     AFN-1252                 : 7 of top-50 bits active, imp_sum=0.0451
2026-04-03 17:04:28 | INFO  | phase_interpret |     GSK656                   : 6 of top-50 bits active, imp_sum=0.0387
2026-04-03 17:04:28 | INFO  | phase_interpret |     trimetrexate             : 2 of top-50 bits active, imp_sum=0.0124
2026-04-03 17:04:28 | INFO  | phase_interpret |     sisomicin                : 4 of top-50 bits active, imp_sum=0.0273
2026-04-03 17:04:28 | INFO  | phase_interpret |     relebactam               : 9 of top-50 bits active, imp_sum=0.0599
2026-04-03 17:04:28 | INFO  | phase_interpret |     gentamycin               : 5 of top-50 bits active, imp_sum=0.0342
2026-04-03 17:04:28 | INFO  | phase_interpret |     BTZ043-racemate          : 6 of top-50 bits active, imp_sum=0.0401
2026-04-03 17:04:28 | INFO  | phase_interpret |     Q-203                    : 9 of top-50 bits active, imp_sum=0.0609
2026-04-03 17:04:28 | INFO  | phase_interpret |     macozinone               : 6 of top-50 bits active, imp_sum=0.0430
2026-04-03 17:04:28 | INFO  | phase_interpret |     boronophenylalanine      : 5 of top-50 bits active, imp_sum=0.0290
2026-04-03 17:04:28 | INFO  | phase_interpret |     monocrotaline            : 6 of top-50 bits active, imp_sum=0.0421
2026-04-03 17:04:28 | INFO  | phase_interpret | 
  Saved: /scratch/vishakha.agrawal/antibiotic-selectivity-v2/outputs/runs/run_20260315_034033/results/interpret_rf_feature_importance.csv
2026-04-03 17:04:28 | INFO  | phase_interpret |   Saved: /scratch/vishakha.agrawal/antibiotic-selectivity-v2/outputs/runs/run_20260315_034033/results/interpret_rf_top_bits.json
2026-04-03 17:04:28 | INFO  | phase_interpret | 
======================================================================
2026-04-03 17:04:28 | INFO  | phase_interpret |   D-MPNN OCCLUSION ATTRIBUTION
2026-04-03 17:04:28 | INFO  | phase_interpret | ======================================================================
2026-04-03 17:04:28 | INFO  | phase_interpret |   Searching for model in: /scratch/vishakha.agrawal/antibiotic-selectivity-v2/outputs/runs/run_20260315_034033/models/dmpnn/ecoli
2026-04-03 17:04:28 | INFO  | phase_interpret |   Found: /scratch/vishakha.agrawal/antibiotic-selectivity-v2/outputs/runs/run_20260315_034033/models/dmpnn/ecoli/final/model_0/best.pt
2026-04-03 17:04:52 | INFO  | phase_interpret |   CLI prediction test OK: [0.0012018969, 0.00024716265]
2026-04-03 17:04:52 | INFO  | phase_interpret |   Predicting 87 SMILES in one batch (15 compounds + fragments)...
2026-04-03 17:05:04 | INFO  | phase_interpret |   Got 87 predictions
2026-04-03 17:05:04 | INFO  | phase_interpret | 
    micronomicin:
2026-04-03 17:05:04 | INFO  | phase_interpret |       Base P(ecoli) = 0.9851
2026-04-03 17:05:04 | INFO  | phase_interpret |       Fragment: [4*]C[8*]                                P=0.0003 attr=+0.9848
2026-04-03 17:05:04 | INFO  | phase_interpret |       Fragment: [3*]O[3*]                                P=0.0007 attr=+0.9845
2026-04-03 17:05:04 | INFO  | phase_interpret |       Fragment: [5*]NC                                   P=0.0010 attr=+0.9842
2026-04-03 17:05:04 | INFO  | phase_interpret |       Fragment: [13*][C@@H]1CC[C@@H](N)[C@@H]([13*])O1   P=0.0031 attr=+0.9820
2026-04-03 17:05:04 | INFO  | phase_interpret |       Fragment: [15*][C@@H]1[C@@H](O)[C@H]([15*])[C@@H]( P=0.1315 attr=+0.8536
2026-04-03 17:05:04 | INFO  | phase_interpret | 
    SQ-109:
2026-04-03 17:05:04 | INFO  | phase_interpret |       Base P(ecoli) = 0.0000
2026-04-03 17:05:04 | INFO  | phase_interpret |       Fragment: [5*]N[5*]                                P=0.0009 attr=-0.0008
2026-04-03 17:05:04 | INFO  | phase_interpret |       Fragment: [15*]C1[C@H]2C[C@@H]3C[C@@H](C[C@H]1C3)C P=0.0003 attr=-0.0003
2026-04-03 17:05:04 | INFO  | phase_interpret |       Fragment: [7*]CCCC([7*])C                          P=0.0001 attr=-0.0001
2026-04-03 17:05:04 | INFO  | phase_interpret |       Fragment: [4*]CC[7*]                               P=0.0000 attr=+0.0000
2026-04-03 17:05:04 | INFO  | phase_interpret |       Fragment: [4*]CC[4*]                               P=0.0000 attr=+0.0000
2026-04-03 17:05:04 | INFO  | phase_interpret | 
    netilmicin:
2026-04-03 17:05:04 | INFO  | phase_interpret |       Base P(ecoli) = 0.9472
2026-04-03 17:05:04 | INFO  | phase_interpret |       Fragment: [4*]CC                                   P=0.0000 attr=+0.9472
2026-04-03 17:05:04 | INFO  | phase_interpret |       Fragment: [15*][C@@H]1[C@@H](O)[C@H]([15*])[C@@H]( P=0.0002 attr=+0.9470
2026-04-03 17:05:04 | INFO  | phase_interpret |       Fragment: [13*][C@H]1OC(CN)=CC[C@H]1N              P=0.0005 attr=+0.9467
2026-04-03 17:05:04 | INFO  | phase_interpret |       Fragment: [3*]O[3*]                                P=0.0007 attr=+0.9466
2026-04-03 17:05:04 | INFO  | phase_interpret |       Fragment: [5*]N[5*]                                P=0.0009 attr=+0.9464
2026-04-03 17:05:04 | INFO  | phase_interpret | 
    retapamulin:
2026-04-03 17:05:04 | INFO  | phase_interpret |       Base P(ecoli) = 0.8549
2026-04-03 17:05:04 | INFO  | phase_interpret |       Fragment: [15*][C@@H]1C[C@H]2CC[C@@H](C1)N2C       P=0.0000 attr=+0.8549
2026-04-03 17:05:04 | INFO  | phase_interpret |       Fragment: [15*][C@@H]1C[C@@](C)(C=C)[C@@H](O)[C@H] P=0.0000 attr=+0.8549
2026-04-03 17:05:04 | INFO  | phase_interpret |       Fragment: [11*]S[11*]                              P=0.0002 attr=+0.8547
2026-04-03 17:05:04 | INFO  | phase_interpret |       Fragment: [1*]C(=O)C[4*]                           P=0.0003 attr=+0.8546
2026-04-03 17:05:04 | INFO  | phase_interpret |       Fragment: [3*]O[3*]                                P=0.0007 attr=+0.8542
2026-04-03 17:05:04 | INFO  | phase_interpret | 
    AFN-1252:
2026-04-03 17:05:04 | INFO  | phase_interpret |       Base P(ecoli) = 0.9241
2026-04-03 17:05:04 | INFO  | phase_interpret |       Fragment: [14*]c1oc2ccccc2c1C                      P=0.0002 attr=+0.9240
2026-04-03 17:05:04 | INFO  | phase_interpret |       Fragment: [16*]c1cnc2c(c1)CCC(=O)N2                P=0.0003 attr=+0.9239
2026-04-03 17:05:04 | INFO  | phase_interpret |       Fragment: [7*]C[8*]                                P=0.0003 attr=+0.9238
2026-04-03 17:05:04 | INFO  | phase_interpret |       Fragment: [4*]C[8*]                                P=0.0003 attr=+0.9238
2026-04-03 17:05:04 | INFO  | phase_interpret |       Fragment: [1*]C(=O)C[7*]                           P=0.0003 attr=+0.9238
2026-04-03 17:05:04 | INFO  | phase_interpret | 
    GSK656:
2026-04-03 17:05:04 | INFO  | phase_interpret |       Base P(ecoli) = 0.8801
2026-04-03 17:05:04 | INFO  | phase_interpret |       Fragment: [3*]O[3*]                                P=0.0007 attr=+0.8794
2026-04-03 17:05:04 | INFO  | phase_interpret |       Fragment: [4*]CCO                                  P=0.0012 attr=+0.8789
2026-04-03 17:05:04 | INFO  | phase_interpret |       Fragment: [16*]c1ccc(Cl)c2c1B(O)O[C@@H]2CN         P=0.0650 attr=+0.8151
2026-04-03 17:05:04 | INFO  | phase_interpret | 
    trimetrexate:
2026-04-03 17:05:04 | INFO  | phase_interpret |       Base P(ecoli) = 0.9526
2026-04-03 17:05:04 | INFO  | phase_interpret |       Fragment: [4*]C[8*]                                P=0.0003 attr=+0.9523
2026-04-03 17:05:04 | INFO  | phase_interpret |       Fragment: [16*]c1cc([16*])c([16*])c([16*])c1       P=0.0002 attr=+0.9523
2026-04-03 17:05:04 | INFO  | phase_interpret |       Fragment: [5*]N[5*]                                P=0.0009 attr=+0.9517
2026-04-03 17:05:04 | INFO  | phase_interpret |       Fragment: [3*]OC                                   P=0.0010 attr=+0.9516
2026-04-03 17:05:04 | INFO  | phase_interpret |       Fragment: [16*]c1ccc2nc(N)nc(N)c2c1C               P=0.9181 attr=+0.0344
2026-04-03 17:05:04 | INFO  | phase_interpret | 
    sisomicin:
2026-04-03 17:05:04 | INFO  | phase_interpret |       Base P(ecoli) = 0.9575
2026-04-03 17:05:04 | INFO  | phase_interpret |       Fragment: [13*][C@H]1OC(CN)=CC[C@H]1N              P=0.0005 attr=+0.9570
2026-04-03 17:05:04 | INFO  | phase_interpret |       Fragment: [3*]O[3*]                                P=0.0007 attr=+0.9568
2026-04-03 17:05:04 | INFO  | phase_interpret |       Fragment: [5*]NC                                   P=0.0010 attr=+0.9565
2026-04-03 17:05:04 | INFO  | phase_interpret |       Fragment: [15*][C@@H]1[C@@H](O)[C@H]([15*])[C@@H]( P=0.1315 attr=+0.8260
2026-04-03 17:05:04 | INFO  | phase_interpret |       Fragment: [13*][C@H]1OC[C@](C)(O)[C@H]([15*])[C@H] P=0.5465 attr=+0.4111
2026-04-03 17:05:04 | INFO  | phase_interpret | 
    relebactam:
2026-04-03 17:05:04 | INFO  | phase_interpret |       Base P(ecoli) = 0.8987
2026-04-03 17:05:04 | INFO  | phase_interpret |       Fragment: [15*]C1CCNCC1                            P=0.0000 attr=+0.8986
2026-04-03 17:05:04 | INFO  | phase_interpret |       Fragment: [5*]N[5*]                                P=0.0009 attr=+0.8978
2026-04-03 17:05:04 | INFO  | phase_interpret |       Fragment: [1*]C([6*])=O                            P=0.0025 attr=+0.8962
2026-04-03 17:05:04 | INFO  | phase_interpret |       Fragment: [13*][C@@H]1CC[C@@H]2CN1C(=O)N2OS(=O)(=O P=0.8831 attr=+0.0155
2026-04-03 17:05:04 | INFO  | phase_interpret | 
    gentamycin:
2026-04-03 17:05:04 | INFO  | phase_interpret |       Base P(ecoli) = 0.7106
2026-04-03 17:05:04 | INFO  | phase_interpret |       Fragment: [4*][C@@H]([8*])C                        P=0.0000 attr=+0.7106
2026-04-03 17:05:04 | INFO  | phase_interpret |       Fragment: [3*]O[3*]                                P=0.0007 attr=+0.7100
2026-04-03 17:05:04 | INFO  | phase_interpret |       Fragment: [5*]NC                                   P=0.0010 attr=+0.7097
2026-04-03 17:05:04 | INFO  | phase_interpret |       Fragment: [13*][C@@H]1CC[C@@H](N)[C@@H]([13*])O1   P=0.0031 attr=+0.7075
2026-04-03 17:05:04 | INFO  | phase_interpret |       Fragment: [15*][C@@H]1[C@@H](O)[C@H]([15*])[C@@H]( P=0.1315 attr=+0.5791
2026-04-03 17:05:04 | INFO  | phase_interpret | 
    BTZ043-racemate:
2026-04-03 17:05:04 | INFO  | phase_interpret |       Base P(ecoli) = 0.2227
2026-04-03 17:05:04 | INFO  | phase_interpret |       Fragment: [5*]N1CCC2(CC1)OC[C@H](C)O2              P=0.8404 attr=-0.6176
2026-04-03 17:05:04 | INFO  | phase_interpret |       Fragment: [14*]c1nc(=O)c2cc([16*])cc([N+](=O)[O-]) P=0.0001 attr=+0.2226
2026-04-03 17:05:04 | INFO  | phase_interpret |       Fragment: [8*]C(F)(F)F                             P=0.0017 attr=+0.2210
2026-04-03 17:05:04 | INFO  | phase_interpret | 
    Q-203:
2026-04-03 17:05:04 | INFO  | phase_interpret |       Base P(ecoli) = 0.0048
2026-04-03 17:05:04 | INFO  | phase_interpret |       Fragment: [14*]c1nc2ccc(Cl)cn2c1[14*]              P=0.2988 attr=-0.2941
2026-04-03 17:05:04 | INFO  | phase_interpret |       Fragment: [8*]CC                                   P=0.0000 attr=+0.0048
2026-04-03 17:05:04 | INFO  | phase_interpret |       Fragment: [5*]N1CCC([15*])CC1                      P=0.0000 attr=+0.0047
2026-04-03 17:05:04 | INFO  | phase_interpret |       Fragment: [16*]c1ccc([16*])cc1                     P=0.0002 attr=+0.0045
2026-04-03 17:05:04 | INFO  | phase_interpret |       Fragment: [4*]C[8*]                                P=0.0003 attr=+0.0045
2026-04-03 17:05:04 | INFO  | phase_interpret | 
    macozinone:
2026-04-03 17:05:04 | INFO  | phase_interpret |       Base P(ecoli) = 0.4070
2026-04-03 17:05:04 | INFO  | phase_interpret |       Fragment: [15*]C1CCCCC1                            P=0.0001 attr=+0.4069
2026-04-03 17:05:04 | INFO  | phase_interpret |       Fragment: [14*]c1nc(=O)c2cc([16*])cc([N+](=O)[O-]) P=0.0001 attr=+0.4068
2026-04-03 17:05:04 | INFO  | phase_interpret |       Fragment: [4*]C[8*]                                P=0.0003 attr=+0.4067
2026-04-03 17:05:04 | INFO  | phase_interpret |       Fragment: [8*]C(F)(F)F                             P=0.0017 attr=+0.4052
2026-04-03 17:05:04 | INFO  | phase_interpret |       Fragment: [5*]N1CCN([5*])CC1                       P=0.0115 attr=+0.3955
2026-04-03 17:05:04 | INFO  | phase_interpret | 
    boronophenylalanine:
2026-04-03 17:05:04 | INFO  | phase_interpret |       Base P(ecoli) = 0.9999
2026-04-03 17:05:04 | INFO  | phase_interpret |       Fragment: [8*]C[C@H](N)C(=O)O                      P=0.5282 attr=+0.4718
2026-04-03 17:05:04 | INFO  | phase_interpret |       Fragment: [16*]c1ccc(B(O)O)cc1                     P=0.9999 attr=+0.0001
2026-04-03 17:05:04 | INFO  | phase_interpret | 
    monocrotaline:
2026-04-03 17:05:04 | INFO  | phase_interpret |       Base P(ecoli) = 0.9968
2026-04-03 17:05:04 | INFO  | phase_interpret |       Fragment: C[C@H]1C(=O)O[C@@H]2CCN3CC=C(COC(=O)[C@] P=0.9968 attr=+0.0000
2026-04-03 17:05:04 | INFO  | phase_interpret | 
  Saved: /scratch/vishakha.agrawal/antibiotic-selectivity-v2/outputs/runs/run_20260315_034033/results/interpret_occlusion_dmpnn.json
2026-04-03 17:05:04 | INFO  | phase_interpret | 
======================================================================
2026-04-03 17:05:04 | INFO  | phase_interpret |   CheMeleon OCCLUSION ATTRIBUTION
2026-04-03 17:05:04 | INFO  | phase_interpret | ======================================================================
2026-04-03 17:05:06 | INFO  | phase_interpret |   Imported predict_chemeleon from 11_train_chemeleon_frozen.py
2026-04-03 17:05:06 | INFO  | phase_interpret |   Pretrained encoder: /home2/vishakha.agrawal/.chemprop/chemeleon_mp.pt
2026-04-03 17:05:06 | INFO  | phase_interpret |   Model state: /scratch/vishakha.agrawal/antibiotic-selectivity-v2/outputs/runs/run_20260315_034033/models/chemeleon_frozen/ecoli/final_model.pt
2026-04-03 17:05:13 | INFO  | phase_interpret |   Test prediction OK: P=0.8369
2026-04-03 17:05:13 | INFO  | phase_interpret | 
    micronomicin:
2026-04-03 17:05:13 | INFO  | phase_interpret |       Base P(ecoli) = 0.8369
2026-04-03 17:05:14 | INFO  | phase_interpret |       Fragment: [4*]C[8*]                                P=0.0000 attr=+0.8369
2026-04-03 17:05:14 | INFO  | phase_interpret |       Fragment: [5*]NC                                   P=0.0000 attr=+0.8369
2026-04-03 17:05:14 | INFO  | phase_interpret |       Fragment: [3*]O[3*]                                P=0.0000 attr=+0.8369
2026-04-03 17:05:14 | INFO  | phase_interpret |       Fragment: [15*][C@@H]1[C@@H](O)[C@H]([15*])[C@@H]( P=0.0226 attr=+0.8143
2026-04-03 17:05:14 | INFO  | phase_interpret |       Fragment: [13*][C@H]1OC[C@](C)(O)[C@H]([15*])[C@H] P=0.3676 attr=+0.4693
2026-04-03 17:05:14 | INFO  | phase_interpret | 
    SQ-109:
2026-04-03 17:05:14 | INFO  | phase_interpret |       Base P(ecoli) = 0.2241
2026-04-03 17:05:15 | INFO  | phase_interpret |       Fragment: [4*]CC[7*]                               P=0.0000 attr=+0.2241
2026-04-03 17:05:15 | INFO  | phase_interpret |       Fragment: [4*]CC[4*]                               P=0.0000 attr=+0.2241
2026-04-03 17:05:15 | INFO  | phase_interpret |       Fragment: [7*]C(C)C                                P=0.0000 attr=+0.2241
2026-04-03 17:05:15 | INFO  | phase_interpret |       Fragment: [5*]N[5*]                                P=0.0000 attr=+0.2241
2026-04-03 17:05:15 | INFO  | phase_interpret |       Fragment: [7*]CCCC([7*])C                          P=0.0022 attr=+0.2219
2026-04-03 17:05:15 | INFO  | phase_interpret | 
    netilmicin:
2026-04-03 17:05:15 | INFO  | phase_interpret |       Base P(ecoli) = 0.8743
2026-04-03 17:05:16 | INFO  | phase_interpret |       Fragment: [4*]CC                                   P=0.0000 attr=+0.8743
2026-04-03 17:05:16 | INFO  | phase_interpret |       Fragment: [5*]N[5*]                                P=0.0000 attr=+0.8743
2026-04-03 17:05:16 | INFO  | phase_interpret |       Fragment: [5*]NC                                   P=0.0000 attr=+0.8743
2026-04-03 17:05:16 | INFO  | phase_interpret |       Fragment: [3*]O[3*]                                P=0.0000 attr=+0.8743
2026-04-03 17:05:16 | INFO  | phase_interpret |       Fragment: [15*][C@@H]1[C@@H](O)[C@H]([15*])[C@@H]( P=0.1848 attr=+0.6894
2026-04-03 17:05:16 | INFO  | phase_interpret | 
    retapamulin:
2026-04-03 17:05:16 | INFO  | phase_interpret |       Base P(ecoli) = 0.6896
2026-04-03 17:05:17 | INFO  | phase_interpret |       Fragment: [11*]S[11*]                              P=0.0000 attr=+0.6896
2026-04-03 17:05:17 | INFO  | phase_interpret |       Fragment: [3*]O[3*]                                P=0.0000 attr=+0.6896
2026-04-03 17:05:17 | INFO  | phase_interpret |       Fragment: [1*]C(=O)C[4*]                           P=0.0051 attr=+0.6845
2026-04-03 17:05:17 | INFO  | phase_interpret |       Fragment: [15*][C@@H]1C[C@@](C)(C=C)[C@@H](O)[C@H] P=0.0553 attr=+0.6342
2026-04-03 17:05:17 | INFO  | phase_interpret |       Fragment: [15*][C@@H]1C[C@H]2CC[C@@H](C1)N2C       P=0.4817 attr=+0.2079
2026-04-03 17:05:17 | INFO  | phase_interpret | 
    AFN-1252:
2026-04-03 17:05:17 | INFO  | phase_interpret |       Base P(ecoli) = 0.8092
2026-04-03 17:05:17 | INFO  | phase_interpret |       Fragment: [7*]C[8*]                                P=0.0000 attr=+0.8092
2026-04-03 17:05:17 | INFO  | phase_interpret |       Fragment: [4*]C[8*]                                P=0.0000 attr=+0.8092
2026-04-03 17:05:17 | INFO  | phase_interpret |       Fragment: [5*]N([5*])C                             P=0.0000 attr=+0.8092
2026-04-03 17:05:17 | INFO  | phase_interpret |       Fragment: [1*]C(=O)C[7*]                           P=0.0051 attr=+0.8041
2026-04-03 17:05:17 | INFO  | phase_interpret |       Fragment: [14*]c1oc2ccccc2c1C                      P=0.0053 attr=+0.8039
2026-04-03 17:05:17 | INFO  | phase_interpret | 
    GSK656:
2026-04-03 17:05:17 | INFO  | phase_interpret |       Base P(ecoli) = 0.4939
2026-04-03 17:05:18 | INFO  | phase_interpret |       Fragment: [3*]O[3*]                                P=0.0000 attr=+0.4939
2026-04-03 17:05:18 | INFO  | phase_interpret |       Fragment: [4*]CCO                                  P=0.0002 attr=+0.4937
2026-04-03 17:05:18 | INFO  | phase_interpret |       Fragment: [16*]c1ccc(Cl)c2c1B(O)O[C@@H]2CN         P=0.3532 attr=+0.1407
2026-04-03 17:05:18 | INFO  | phase_interpret | 
    trimetrexate:
2026-04-03 17:05:18 | INFO  | phase_interpret |       Base P(ecoli) = 0.5629
2026-04-03 17:05:18 | INFO  | phase_interpret |       Fragment: [4*]C[8*]                                P=0.0000 attr=+0.5629
2026-04-03 17:05:18 | INFO  | phase_interpret |       Fragment: [5*]N[5*]                                P=0.0000 attr=+0.5629
2026-04-03 17:05:18 | INFO  | phase_interpret |       Fragment: [16*]c1cc([16*])c([16*])c([16*])c1       P=0.0000 attr=+0.5629
2026-04-03 17:05:18 | INFO  | phase_interpret |       Fragment: [3*]OC                                   P=0.0226 attr=+0.5403
2026-04-03 17:05:18 | INFO  | phase_interpret |       Fragment: [16*]c1ccc2nc(N)nc(N)c2c1C               P=0.5296 attr=+0.0333
2026-04-03 17:05:18 | INFO  | phase_interpret | 
    sisomicin:
2026-04-03 17:05:19 | INFO  | phase_interpret |       Base P(ecoli) = 0.7982
2026-04-03 17:05:19 | INFO  | phase_interpret |       Fragment: [5*]NC                                   P=0.0000 attr=+0.7982
2026-04-03 17:05:19 | INFO  | phase_interpret |       Fragment: [3*]O[3*]                                P=0.0000 attr=+0.7982
2026-04-03 17:05:19 | INFO  | phase_interpret |       Fragment: [15*][C@@H]1[C@@H](O)[C@H]([15*])[C@@H]( P=0.0226 attr=+0.7756
2026-04-03 17:05:19 | INFO  | phase_interpret |       Fragment: [13*][C@H]1OC(CN)=CC[C@H]1N              P=0.1958 attr=+0.6024
2026-04-03 17:05:19 | INFO  | phase_interpret |       Fragment: [13*][C@H]1OC[C@](C)(O)[C@H]([15*])[C@H] P=0.3676 attr=+0.4306
2026-04-03 17:05:19 | INFO  | phase_interpret | 
    relebactam:
2026-04-03 17:05:19 | INFO  | phase_interpret |       Base P(ecoli) = 0.6881
2026-04-03 17:05:20 | INFO  | phase_interpret |       Fragment: [1*]C([6*])=O                            P=0.0000 attr=+0.6881
2026-04-03 17:05:20 | INFO  | phase_interpret |       Fragment: [5*]N[5*]                                P=0.0000 attr=+0.6881
2026-04-03 17:05:20 | INFO  | phase_interpret |       Fragment: [15*]C1CCNCC1                            P=0.0006 attr=+0.6875
2026-04-03 17:05:20 | INFO  | phase_interpret |       Fragment: [13*][C@@H]1CC[C@@H]2CN1C(=O)N2OS(=O)(=O P=0.1424 attr=+0.5457
2026-04-03 17:05:20 | INFO  | phase_interpret | 
    gentamycin:
2026-04-03 17:05:20 | INFO  | phase_interpret |       Base P(ecoli) = 0.7049
2026-04-03 17:05:21 | INFO  | phase_interpret |       Fragment: [5*]NC                                   P=0.0000 attr=+0.7049
2026-04-03 17:05:21 | INFO  | phase_interpret |       Fragment: [4*][C@@H]([8*])C                        P=0.0000 attr=+0.7049
2026-04-03 17:05:21 | INFO  | phase_interpret |       Fragment: [3*]O[3*]                                P=0.0000 attr=+0.7049
2026-04-03 17:05:21 | INFO  | phase_interpret |       Fragment: [15*][C@@H]1[C@@H](O)[C@H]([15*])[C@@H]( P=0.0226 attr=+0.6823
2026-04-03 17:05:21 | INFO  | phase_interpret |       Fragment: [13*][C@H]1OC[C@](C)(O)[C@H]([15*])[C@H] P=0.3676 attr=+0.3372
2026-04-03 17:05:21 | INFO  | phase_interpret | 
    BTZ043-racemate:
2026-04-03 17:05:21 | INFO  | phase_interpret |       Base P(ecoli) = 0.2153
2026-04-03 17:05:21 | INFO  | phase_interpret |       Fragment: [8*]C(F)(F)F                             P=0.9844 attr=-0.7691
2026-04-03 17:05:21 | INFO  | phase_interpret |       Fragment: [14*]c1nc(=O)c2cc([16*])cc([N+](=O)[O-]) P=0.0335 attr=+0.1819
2026-04-03 17:05:21 | INFO  | phase_interpret |       Fragment: [5*]N1CCC2(CC1)OC[C@H](C)O2              P=0.1639 attr=+0.0515
2026-04-03 17:05:21 | INFO  | phase_interpret | 
    Q-203:
2026-04-03 17:05:21 | INFO  | phase_interpret |       Base P(ecoli) = 0.2170
2026-04-03 17:05:22 | INFO  | phase_interpret |       Fragment: [16*]c1ccc([16*])cc1                     P=0.0000 attr=+0.2170
2026-04-03 17:05:22 | INFO  | phase_interpret |       Fragment: [8*]CC                                   P=0.0000 attr=+0.2170
2026-04-03 17:05:22 | INFO  | phase_interpret |       Fragment: [4*]C[8*]                                P=0.0000 attr=+0.2170
2026-04-03 17:05:22 | INFO  | phase_interpret |       Fragment: [1*]C([6*])=O                            P=0.0000 attr=+0.2170
2026-04-03 17:05:22 | INFO  | phase_interpret |       Fragment: [3*]OC(F)(F)F                            P=0.0000 attr=+0.2170
2026-04-03 17:05:22 | INFO  | phase_interpret | 
    macozinone:
2026-04-03 17:05:22 | INFO  | phase_interpret |       Base P(ecoli) = 0.0703
2026-04-03 17:05:23 | INFO  | phase_interpret |       Fragment: [8*]C(F)(F)F                             P=0.9844 attr=-0.9141
2026-04-03 17:05:23 | INFO  | phase_interpret |       Fragment: [4*]C[8*]                                P=0.0000 attr=+0.0703
2026-04-03 17:05:23 | INFO  | phase_interpret |       Fragment: [15*]C1CCCCC1                            P=0.0001 attr=+0.0702
2026-04-03 17:05:23 | INFO  | phase_interpret |       Fragment: [5*]N1CCN([5*])CC1                       P=0.0045 attr=+0.0658
2026-04-03 17:05:23 | INFO  | phase_interpret |       Fragment: [14*]c1nc(=O)c2cc([16*])cc([N+](=O)[O-]) P=0.0335 attr=+0.0368
2026-04-03 17:05:23 | INFO  | phase_interpret | 
    boronophenylalanine:
2026-04-03 17:05:23 | INFO  | phase_interpret |       Base P(ecoli) = 0.8092
2026-04-03 17:05:23 | INFO  | phase_interpret |       Fragment: [8*]C[C@H](N)C(=O)O                      P=0.5535 attr=+0.2557
2026-04-03 17:05:23 | INFO  | phase_interpret |       Fragment: [16*]c1ccc(B(O)O)cc1                     P=0.9590 attr=-0.1498
2026-04-03 17:05:23 | INFO  | phase_interpret | 
    monocrotaline:
2026-04-03 17:05:23 | INFO  | phase_interpret |       Base P(ecoli) = 0.3040
2026-04-03 17:05:24 | INFO  | phase_interpret |       Fragment: C[C@H]1C(=O)O[C@@H]2CCN3CC=C(COC(=O)[C@] P=0.3040 attr=+0.0000
2026-04-03 17:05:24 | INFO  | phase_interpret | 
  Saved: /scratch/vishakha.agrawal/antibiotic-selectivity-v2/outputs/runs/run_20260315_034033/results/interpret_occlusion_chemeleon.json
2026-04-03 17:05:24 | INFO  | phase_interpret | 
======================================================================
2026-04-03 17:05:24 | INFO  | phase_interpret |   MoLFormer ATTENTION WEIGHTS
2026-04-03 17:05:24 | INFO  | phase_interpret | ======================================================================
2026-04-03 17:05:24 | INFO  | phase_interpret |   Loading MoLFormer from: /scratch/vishakha.agrawal/antibiotic-selectivity-v2/outputs/runs/run_20260315_034033/models/molformer/ecoli/final/molformer_finetuned.pt
2026-04-03 17:05:28 | INFO  | phase_interpret |   Using pretrained weights (finetuned state format not recognized)
2026-04-03 17:05:28 | INFO  | phase_interpret |     micronomicin             : top tokens = N(0.033), N(0.029), N(0.029), [C@@H](0.025), 3(0.025)
2026-04-03 17:05:28 | INFO  | phase_interpret |     SQ-109                   : top tokens = =(0.040), N(0.039), N(0.039), [C@@H](0.035), [C@H](0.035)
2026-04-03 17:05:28 | INFO  | phase_interpret |     netilmicin               : top tokens = N(0.037), =(0.031), N(0.030), N(0.028), O(0.026)
2026-04-03 17:05:28 | INFO  | phase_interpret |     retapamulin              : top tokens = N(0.036), S(0.031), O(0.026), 3(0.024), C(0.024)
2026-04-03 17:05:28 | INFO  | phase_interpret |     AFN-1252                 : top tokens = N(0.039), o(0.039), =(0.036), C(0.032), N(0.030)
2026-04-03 17:05:29 | INFO  | phase_interpret |     GSK656                   : top tokens = B(0.064), O(0.061), C(0.046), 1(0.045), N(0.043)
2026-04-03 17:05:29 | INFO  | phase_interpret |     trimetrexate             : top tokens = N(0.049), N(0.043), C(0.042), N(0.036), O(0.035)
2026-04-03 17:05:29 | INFO  | phase_interpret |     sisomicin                : top tokens = N(0.030), =(0.028), N(0.028), [C@](0.028), 1(0.025)
2026-04-03 17:05:29 | INFO  | phase_interpret |     relebactam               : top tokens = O(0.059), N(0.051), 2(0.045), N(0.040), O(0.038)
2026-04-03 17:05:29 | INFO  | phase_interpret |     gentamycin               : top tokens = N(0.035), N(0.027), N(0.026), [C@@H](0.025), O(0.025)
2026-04-03 17:05:29 | INFO  | phase_interpret |     BTZ043-racemate          : top tokens = s(0.039), O(0.035), 2(0.033), O(0.031), 4(0.030)
2026-04-03 17:05:29 | INFO  | phase_interpret |     Q-203                    : top tokens = O(0.042), n(0.037), c(0.032), N(0.030), C(0.026)
2026-04-03 17:05:29 | INFO  | phase_interpret |     macozinone               : top tokens = s(0.045), 2(0.033), 2(0.031), [N+](0.030), C(0.027)
2026-04-03 17:05:29 | INFO  | phase_interpret |     boronophenylalanine      : top tokens = B(0.069), N(0.065), O(0.060), <bos>(0.059), C(0.054)
2026-04-03 17:05:29 | INFO  | phase_interpret |     monocrotaline            : top tokens = O(0.044), O(0.040), N(0.036), O(0.034), 1(0.032)
2026-04-03 17:05:29 | INFO  | phase_interpret | 
  Saved: /scratch/vishakha.agrawal/antibiotic-selectivity-v2/outputs/runs/run_20260315_034033/results/interpret_molformer_attention.json
2026-04-03 17:05:29 | INFO  | phase_interpret | 
  Generating figures...
2026-04-03 17:05:30 | INFO  | phase_interpret |   Figure: interpret_rf_importance
2026-04-03 17:05:30 | INFO  | phase_interpret |   Figure: interpret_rf_per_compound
2026-04-03 17:05:30 | INFO  | phase_interpret | 
  Saved: /scratch/vishakha.agrawal/antibiotic-selectivity-v2/outputs/runs/run_20260315_034033/results/interpret_summary.json
2026-04-03 17:05:30 | INFO  | phase_interpret | 
======================================================================
2026-04-03 17:05:30 | INFO  | phase_interpret |   INTERPRETABILITY SUMMARY
2026-04-03 17:05:30 | INFO  | phase_interpret | ======================================================================
2026-04-03 17:05:30 | INFO  | phase_interpret |   RF:        complete (30 bits, top-30 explains 19.7%)
2026-04-03 17:05:30 | INFO  | phase_interpret |   D-MPNN:    complete
2026-04-03 17:05:30 | INFO  | phase_interpret |   CheMeleon: complete (15 compounds)
2026-04-03 17:05:30 | INFO  | phase_interpret |   MoLFormer: complete
2026-04-03 17:05:30 | INFO  | phase_interpret | ======================================================================
2026-04-03 17:05:30 | INFO  | phase_interpret | ============================================================
2026-04-03 17:05:30 | INFO  | phase_interpret |  COMPLETED: Phase C: Interpretability
2026-04-03 17:05:30 | INFO  | phase_interpret |  Elapsed: 1m 3.2s
2026-04-03 17:05:30 | INFO  | phase_interpret | ============================================================
2026-04-05 09:29:31 | INFO  | phase_interpret | Logging to file: /scratch/vishakha.agrawal/antibiotic-selectivity-v2/logs/phase_interpret.log
2026-04-05 09:29:31 | INFO  | phase_interpret | ============================================================
2026-04-05 09:29:31 | INFO  | phase_interpret |  STARTING: Phase C: Targeted Interpretability
2026-04-05 09:29:31 | INFO  | phase_interpret | ============================================================
2026-04-05 09:29:31 | INFO  | phase_interpret |   Selected top 15 candidates for interpretation
2026-04-05 09:29:31 | INFO  | phase_interpret |     retapamulin               n_models=5 S=1.000
2026-04-05 09:29:31 | INFO  | phase_interpret |     AFN-1252                  n_models=5 S=0.998
2026-04-05 09:29:31 | INFO  | phase_interpret |     trimetrexate              n_models=5 S=0.992
2026-04-05 09:29:31 | INFO  | phase_interpret |     micronomicin              n_models=4 S=1.000
2026-04-05 09:29:31 | INFO  | phase_interpret |     SQ-109                    n_models=4 S=1.000
2026-04-05 09:29:31 | INFO  | phase_interpret |     netilmicin                n_models=4 S=1.000
2026-04-05 09:29:31 | INFO  | phase_interpret |     macozinone                n_models=4 S=0.999
2026-04-05 09:29:31 | INFO  | phase_interpret |     GSK656                    n_models=4 S=0.995
2026-04-05 09:29:31 | INFO  | phase_interpret |     gepotidacin               n_models=4 S=0.994
2026-04-05 09:29:31 | INFO  | phase_interpret |     vinburnine                n_models=4 S=0.993
2026-04-05 09:29:31 | INFO  | phase_interpret |     sisomicin                 n_models=4 S=0.989
2026-04-05 09:29:31 | INFO  | phase_interpret |     SB-772077B                n_models=4 S=0.975
2026-04-05 09:29:31 | INFO  | phase_interpret |     guadecitabine             n_models=3 S=1.000
2026-04-05 09:29:31 | INFO  | phase_interpret |     sodium-nitroprusside      n_models=3 S=1.000
2026-04-05 09:29:31 | INFO  | phase_interpret |     colistimethate            n_models=3 S=1.000
2026-04-05 09:29:31 | INFO  | phase_interpret | 
======================================================================
2026-04-05 09:29:31 | INFO  | phase_interpret |   RF FEATURE IMPORTANCE
2026-04-05 09:29:31 | INFO  | phase_interpret | ======================================================================
2026-04-05 09:29:33 | INFO  | phase_interpret |   RF E. coli model: 2048 features
2026-04-05 09:29:33 | INFO  | phase_interpret |   Total importance sum: 1.0000
2026-04-05 09:29:33 | INFO  | phase_interpret | 
  Top 30 Morgan FP bits (E. coli model):
2026-04-05 09:29:33 | INFO  | phase_interpret |    Rank    Bit   Importance   Cumulative
2026-04-05 09:29:33 | INFO  | phase_interpret |   ----------------------------------------
2026-04-05 09:29:33 | INFO  | phase_interpret |       1    456     0.016119       0.0161
2026-04-05 09:29:33 | INFO  | phase_interpret |       2   1019     0.010353       0.0265
2026-04-05 09:29:33 | INFO  | phase_interpret |       3    464     0.009522       0.0360
2026-04-05 09:29:33 | INFO  | phase_interpret |       4    314     0.009368       0.0454
2026-04-05 09:29:33 | INFO  | phase_interpret |       5    525     0.009317       0.0547
2026-04-05 09:29:33 | INFO  | phase_interpret |       6   1840     0.008308       0.0630
2026-04-05 09:29:33 | INFO  | phase_interpret |       7    453     0.008073       0.0711
2026-04-05 09:29:33 | INFO  | phase_interpret |       8    739     0.007897       0.0790
2026-04-05 09:29:33 | INFO  | phase_interpret |       9   1332     0.007503       0.0865
2026-04-05 09:29:33 | INFO  | phase_interpret |      10   1047     0.007000       0.0935
2026-04-05 09:29:33 | INFO  | phase_interpret |      11   1750     0.006942       0.1004
2026-04-05 09:29:33 | INFO  | phase_interpret |      12   1325     0.006885       0.1073
2026-04-05 09:29:33 | INFO  | phase_interpret |      13    926     0.006805       0.1141
2026-04-05 09:29:33 | INFO  | phase_interpret |      14    470     0.006385       0.1205
2026-04-05 09:29:33 | INFO  | phase_interpret |      15   1917     0.006036       0.1265
2026-04-05 09:29:33 | INFO  | phase_interpret |      16   1088     0.005943       0.1325
2026-04-05 09:29:33 | INFO  | phase_interpret |      17    389     0.005880       0.1383
2026-04-05 09:29:33 | INFO  | phase_interpret |      18    407     0.005660       0.1440
2026-04-05 09:29:33 | INFO  | phase_interpret |      19   1171     0.005478       0.1495
2026-04-05 09:29:33 | INFO  | phase_interpret |      20   1729     0.005466       0.1549
2026-04-05 09:29:33 | INFO  | phase_interpret |      21   1199     0.005308       0.1602
2026-04-05 09:29:33 | INFO  | phase_interpret |      22   1991     0.004984       0.1652
2026-04-05 09:29:33 | INFO  | phase_interpret |      23    807     0.004688       0.1699
2026-04-05 09:29:33 | INFO  | phase_interpret |      24    699     0.004216       0.1741
2026-04-05 09:29:33 | INFO  | phase_interpret |      25    326     0.004023       0.1782
2026-04-05 09:29:33 | INFO  | phase_interpret |      26    935     0.003965       0.1821
2026-04-05 09:29:33 | INFO  | phase_interpret |      27    146     0.003940       0.1861
2026-04-05 09:29:33 | INFO  | phase_interpret |      28    338     0.003929       0.1900
2026-04-05 09:29:33 | INFO  | phase_interpret |      29   1922     0.003707       0.1937
2026-04-05 09:29:33 | INFO  | phase_interpret |      30      5     0.003706       0.1974
2026-04-05 09:29:33 | INFO  | phase_interpret | 
  Top 30 bits explain 19.7% of total importance
2026-04-05 09:29:33 | INFO  | phase_interpret |   Selected top 15 candidates for interpretation
2026-04-05 09:29:33 | INFO  | phase_interpret |     retapamulin               n_models=5 S=1.000
2026-04-05 09:29:33 | INFO  | phase_interpret |     AFN-1252                  n_models=5 S=0.998
2026-04-05 09:29:33 | INFO  | phase_interpret |     trimetrexate              n_models=5 S=0.992
2026-04-05 09:29:33 | INFO  | phase_interpret |     micronomicin              n_models=4 S=1.000
2026-04-05 09:29:33 | INFO  | phase_interpret |     SQ-109                    n_models=4 S=1.000
2026-04-05 09:29:33 | INFO  | phase_interpret |     netilmicin                n_models=4 S=1.000
2026-04-05 09:29:33 | INFO  | phase_interpret |     macozinone                n_models=4 S=0.999
2026-04-05 09:29:33 | INFO  | phase_interpret |     GSK656                    n_models=4 S=0.995
2026-04-05 09:29:33 | INFO  | phase_interpret |     gepotidacin               n_models=4 S=0.994
2026-04-05 09:29:33 | INFO  | phase_interpret |     vinburnine                n_models=4 S=0.993
2026-04-05 09:29:33 | INFO  | phase_interpret |     sisomicin                 n_models=4 S=0.989
2026-04-05 09:29:33 | INFO  | phase_interpret |     SB-772077B                n_models=4 S=0.975
2026-04-05 09:29:33 | INFO  | phase_interpret |     guadecitabine             n_models=3 S=1.000
2026-04-05 09:29:33 | INFO  | phase_interpret |     sodium-nitroprusside      n_models=3 S=1.000
2026-04-05 09:29:33 | INFO  | phase_interpret |     colistimethate            n_models=3 S=1.000
2026-04-05 09:29:33 | INFO  | phase_interpret | 
  Mapping top bits to substructures in top candidates:
2026-04-05 09:29:33 | INFO  | phase_interpret | 
  Substructure examples for top bits:
2026-04-05 09:29:33 | INFO  | phase_interpret |     Bit   456 (imp=0.01612): not active in top candidates
2026-04-05 09:29:33 | INFO  | phase_interpret |     Bit  1019 (imp=0.01035): retapamulin: ; retapamulin: ; retapamulin: 
2026-04-05 09:29:33 | INFO  | phase_interpret |     Bit   464 (imp=0.00952): not active in top candidates
2026-04-05 09:29:33 | INFO  | phase_interpret |     Bit   314 (imp=0.00937): retapamulin: [#6]=[#8]; AFN-1252: [#6]=[#8]; macozinone: [#8]=[#6]
2026-04-05 09:29:33 | INFO  | phase_interpret |     Bit   525 (imp=0.00932): not active in top candidates
2026-04-05 09:29:33 | INFO  | phase_interpret |     Bit  1840 (imp=0.00831): not active in top candidates
2026-04-05 09:29:33 | INFO  | phase_interpret |     Bit   453 (imp=0.00807): not active in top candidates
2026-04-05 09:29:33 | INFO  | phase_interpret |     Bit   739 (imp=0.00790): gepotidacin: [#7]-[#6]-[#6@@H]; SB-772077B: [#7]-[#6]-[#6@H]; colistimethate: [#6]-[#6]-[#6]
2026-04-05 09:29:33 | INFO  | phase_interpret |     Bit  1332 (imp=0.00750): GSK656: [#5]-[#8]
2026-04-05 09:29:33 | INFO  | phase_interpret |     Bit  1047 (imp=0.00700): not active in top candidates
2026-04-05 09:29:33 | INFO  | phase_interpret |     Bit  1750 (imp=0.00694): AFN-1252: [#6]:[#6]:[#6]; AFN-1252: [#6]:[#6]:[#6]; trimetrexate: [#6]:[#6]:[#6]
2026-04-05 09:29:33 | INFO  | phase_interpret |     Bit  1325 (imp=0.00689): retapamulin: [#6](-[#6@@H])-[#6]; retapamulin: [#6]-[#6]-[#6@@H]; retapamulin: [#6](-[#6@H])-[#6]
2026-04-05 09:29:33 | INFO  | phase_interpret |     Bit   926 (imp=0.00681): retapamulin: ; retapamulin: ; retapamulin: 
2026-04-05 09:29:33 | INFO  | phase_interpret |     Bit   470 (imp=0.00639): not active in top candidates
2026-04-05 09:29:33 | INFO  | phase_interpret |     Bit  1917 (imp=0.00604): retapamulin: [#6]=[#8]; AFN-1252: [#6]=[#8]; SB-772077B: [#6]=[#8]
2026-04-05 09:29:33 | INFO  | phase_interpret |     Bit  1088 (imp=0.00594): AFN-1252: [#6]:[#6]:[#6]; AFN-1252: [#6]:[#6]:[#6]; vinburnine: [#6]:[#6]:[#6]
2026-04-05 09:29:33 | INFO  | phase_interpret |     Bit   389 (imp=0.00588): not active in top candidates
2026-04-05 09:29:33 | INFO  | phase_interpret |     Bit   407 (imp=0.00566): macozinone: [#6]-[#7](-[#6])-[#6]
2026-04-05 09:29:33 | INFO  | phase_interpret |     Bit  1171 (imp=0.00548): trimetrexate: ; trimetrexate: ; micronomicin: 
2026-04-05 09:29:33 | INFO  | phase_interpret |     Bit  1729 (imp=0.00547): not active in top candidates
2026-04-05 09:29:33 | INFO  | phase_interpret | 
  Per-compound important bit activation:
2026-04-05 09:29:33 | INFO  | phase_interpret |     retapamulin              : 8 of top-50 bits active, imp_sum=0.0520
2026-04-05 09:29:33 | INFO  | phase_interpret |     AFN-1252                 : 7 of top-50 bits active, imp_sum=0.0451
2026-04-05 09:29:33 | INFO  | phase_interpret |     trimetrexate             : 2 of top-50 bits active, imp_sum=0.0124
2026-04-05 09:29:33 | INFO  | phase_interpret |     micronomicin             : 5 of top-50 bits active, imp_sum=0.0342
2026-04-05 09:29:33 | INFO  | phase_interpret |     SQ-109                   : 3 of top-50 bits active, imp_sum=0.0218
2026-04-05 09:29:33 | INFO  | phase_interpret |     netilmicin               : 4 of top-50 bits active, imp_sum=0.0273
2026-04-05 09:29:33 | INFO  | phase_interpret |     macozinone               : 6 of top-50 bits active, imp_sum=0.0430
2026-04-05 09:29:33 | INFO  | phase_interpret |     GSK656                   : 6 of top-50 bits active, imp_sum=0.0387
2026-04-05 09:29:33 | INFO  | phase_interpret |     gepotidacin              : 7 of top-50 bits active, imp_sum=0.0522
2026-04-05 09:29:33 | INFO  | phase_interpret |     vinburnine               : 7 of top-50 bits active, imp_sum=0.0487
2026-04-05 09:29:33 | INFO  | phase_interpret |     sisomicin                : 4 of top-50 bits active, imp_sum=0.0273
2026-04-05 09:29:33 | INFO  | phase_interpret |     SB-772077B               : 9 of top-50 bits active, imp_sum=0.0571
2026-04-05 09:29:33 | INFO  | phase_interpret |     guadecitabine            : 6 of top-50 bits active, imp_sum=0.0407
2026-04-05 09:29:33 | INFO  | phase_interpret |     sodium-nitroprusside     : 0 of top-50 bits active, imp_sum=0.0000
2026-04-05 09:29:33 | INFO  | phase_interpret |     colistimethate           : 7 of top-50 bits active, imp_sum=0.0520
2026-04-05 09:29:33 | INFO  | phase_interpret | 
  Saved: /scratch/vishakha.agrawal/antibiotic-selectivity-v2/outputs/runs/run_20260315_034033/results/interpret_rf_feature_importance.csv
2026-04-05 09:29:33 | INFO  | phase_interpret |   Saved: /scratch/vishakha.agrawal/antibiotic-selectivity-v2/outputs/runs/run_20260315_034033/results/interpret_rf_top_bits.json
2026-04-05 09:29:33 | INFO  | phase_interpret | 
======================================================================
2026-04-05 09:29:33 | INFO  | phase_interpret |   D-MPNN OCCLUSION ATTRIBUTION
2026-04-05 09:29:33 | INFO  | phase_interpret | ======================================================================
2026-04-05 09:29:33 | INFO  | phase_interpret |   Searching for model in: /scratch/vishakha.agrawal/antibiotic-selectivity-v2/outputs/runs/run_20260315_034033/models/dmpnn/ecoli
2026-04-05 09:29:33 | INFO  | phase_interpret |   Found: /scratch/vishakha.agrawal/antibiotic-selectivity-v2/outputs/runs/run_20260315_034033/models/dmpnn/ecoli/final/model_0/best.pt
2026-04-05 09:30:02 | INFO  | phase_interpret |   CLI prediction test OK: [0.0012018969, 0.00024716265]
2026-04-05 09:30:02 | INFO  | phase_interpret |   Predicting 92 SMILES in one batch (15 compounds + fragments)...
2026-04-05 09:30:14 | INFO  | phase_interpret |   Got 92 predictions
2026-04-05 09:30:14 | INFO  | phase_interpret | 
    retapamulin:
2026-04-05 09:30:14 | INFO  | phase_interpret |       Base P(ecoli) = 0.8549
2026-04-05 09:30:14 | INFO  | phase_interpret |       Fragment: [15*][C@@H]1C[C@@](C)(C=C)[C@@H](O)[C@H] P=0.0000 attr=+0.8549
2026-04-05 09:30:14 | INFO  | phase_interpret |       Fragment: [15*][C@@H]1C[C@H]2CC[C@@H](C1)N2C       P=0.0000 attr=+0.8549
2026-04-05 09:30:14 | INFO  | phase_interpret |       Fragment: [11*]S[11*]                              P=0.0002 attr=+0.8547
2026-04-05 09:30:14 | INFO  | phase_interpret |       Fragment: [1*]C(=O)C[4*]                           P=0.0003 attr=+0.8546
2026-04-05 09:30:14 | INFO  | phase_interpret |       Fragment: [3*]O[3*]                                P=0.0007 attr=+0.8542
2026-04-05 09:30:14 | INFO  | phase_interpret | 
    AFN-1252:
2026-04-05 09:30:14 | INFO  | phase_interpret |       Base P(ecoli) = 0.9241
2026-04-05 09:30:14 | INFO  | phase_interpret |       Fragment: [14*]c1oc2ccccc2c1C                      P=0.0002 attr=+0.9240
2026-04-05 09:30:14 | INFO  | phase_interpret |       Fragment: [16*]c1cnc2c(c1)CCC(=O)N2                P=0.0003 attr=+0.9239
2026-04-05 09:30:14 | INFO  | phase_interpret |       Fragment: [7*]C[8*]                                P=0.0003 attr=+0.9238
2026-04-05 09:30:14 | INFO  | phase_interpret |       Fragment: [4*]C[8*]                                P=0.0003 attr=+0.9238
2026-04-05 09:30:14 | INFO  | phase_interpret |       Fragment: [1*]C(=O)C[7*]                           P=0.0003 attr=+0.9238
2026-04-05 09:30:14 | INFO  | phase_interpret | 
    trimetrexate:
2026-04-05 09:30:14 | INFO  | phase_interpret |       Base P(ecoli) = 0.9526
2026-04-05 09:30:14 | INFO  | phase_interpret |       Fragment: [4*]C[8*]                                P=0.0003 attr=+0.9523
2026-04-05 09:30:14 | INFO  | phase_interpret |       Fragment: [16*]c1cc([16*])c([16*])c([16*])c1       P=0.0002 attr=+0.9523
2026-04-05 09:30:14 | INFO  | phase_interpret |       Fragment: [5*]N[5*]                                P=0.0009 attr=+0.9517
2026-04-05 09:30:14 | INFO  | phase_interpret |       Fragment: [3*]OC                                   P=0.0010 attr=+0.9516
2026-04-05 09:30:14 | INFO  | phase_interpret |       Fragment: [16*]c1ccc2nc(N)nc(N)c2c1C               P=0.9181 attr=+0.0344
2026-04-05 09:30:14 | INFO  | phase_interpret | 
    micronomicin:
2026-04-05 09:30:14 | INFO  | phase_interpret |       Base P(ecoli) = 0.9851
2026-04-05 09:30:14 | INFO  | phase_interpret |       Fragment: [4*]C[8*]                                P=0.0003 attr=+0.9848
2026-04-05 09:30:14 | INFO  | phase_interpret |       Fragment: [3*]O[3*]                                P=0.0007 attr=+0.9845
2026-04-05 09:30:14 | INFO  | phase_interpret |       Fragment: [5*]NC                                   P=0.0010 attr=+0.9842
2026-04-05 09:30:14 | INFO  | phase_interpret |       Fragment: [13*][C@@H]1CC[C@@H](N)[C@@H]([13*])O1   P=0.0031 attr=+0.9820
2026-04-05 09:30:14 | INFO  | phase_interpret |       Fragment: [15*][C@@H]1[C@@H](O)[C@H]([15*])[C@@H]( P=0.1315 attr=+0.8536
2026-04-05 09:30:14 | INFO  | phase_interpret | 
    SQ-109:
2026-04-05 09:30:14 | INFO  | phase_interpret |       Base P(ecoli) = 0.0000
2026-04-05 09:30:14 | INFO  | phase_interpret |       Fragment: [5*]N[5*]                                P=0.0009 attr=-0.0008
2026-04-05 09:30:14 | INFO  | phase_interpret |       Fragment: [15*]C1[C@H]2C[C@@H]3C[C@@H](C[C@H]1C3)C P=0.0003 attr=-0.0003
2026-04-05 09:30:14 | INFO  | phase_interpret |       Fragment: [7*]CCCC([7*])C                          P=0.0001 attr=-0.0001
2026-04-05 09:30:14 | INFO  | phase_interpret |       Fragment: [7*]C(C)C                                P=0.0000 attr=-0.0000
2026-04-05 09:30:14 | INFO  | phase_interpret |       Fragment: [4*]CC[4*]                               P=0.0000 attr=+0.0000
2026-04-05 09:30:14 | INFO  | phase_interpret | 
    netilmicin:
2026-04-05 09:30:14 | INFO  | phase_interpret |       Base P(ecoli) = 0.9472
2026-04-05 09:30:14 | INFO  | phase_interpret |       Fragment: [4*]CC                                   P=0.0000 attr=+0.9472
2026-04-05 09:30:14 | INFO  | phase_interpret |       Fragment: [15*][C@@H]1[C@@H](O)[C@H]([15*])[C@@H]( P=0.0002 attr=+0.9470
2026-04-05 09:30:14 | INFO  | phase_interpret |       Fragment: [13*][C@H]1OC(CN)=CC[C@H]1N              P=0.0005 attr=+0.9467
2026-04-05 09:30:14 | INFO  | phase_interpret |       Fragment: [3*]O[3*]                                P=0.0007 attr=+0.9466
2026-04-05 09:30:14 | INFO  | phase_interpret |       Fragment: [5*]N[5*]                                P=0.0009 attr=+0.9464
2026-04-05 09:30:14 | INFO  | phase_interpret | 
    macozinone:
2026-04-05 09:30:14 | INFO  | phase_interpret |       Base P(ecoli) = 0.4070
2026-04-05 09:30:14 | INFO  | phase_interpret |       Fragment: [15*]C1CCCCC1                            P=0.0001 attr=+0.4069
2026-04-05 09:30:14 | INFO  | phase_interpret |       Fragment: [14*]c1nc(=O)c2cc([16*])cc([N+](=O)[O-]) P=0.0001 attr=+0.4068
2026-04-05 09:30:14 | INFO  | phase_interpret |       Fragment: [4*]C[8*]                                P=0.0003 attr=+0.4067
2026-04-05 09:30:14 | INFO  | phase_interpret |       Fragment: [8*]C(F)(F)F                             P=0.0017 attr=+0.4052
2026-04-05 09:30:14 | INFO  | phase_interpret |       Fragment: [5*]N1CCN([5*])CC1                       P=0.0115 attr=+0.3955
2026-04-05 09:30:14 | INFO  | phase_interpret | 
    GSK656:
2026-04-05 09:30:14 | INFO  | phase_interpret |       Base P(ecoli) = 0.8801
2026-04-05 09:30:14 | INFO  | phase_interpret |       Fragment: [3*]O[3*]                                P=0.0007 attr=+0.8794
2026-04-05 09:30:14 | INFO  | phase_interpret |       Fragment: [4*]CCO                                  P=0.0012 attr=+0.8789
2026-04-05 09:30:14 | INFO  | phase_interpret |       Fragment: [16*]c1ccc(Cl)c2c1B(O)O[C@@H]2CN         P=0.0650 attr=+0.8151
2026-04-05 09:30:14 | INFO  | phase_interpret | 
    gepotidacin:
2026-04-05 09:30:14 | INFO  | phase_interpret |       Base P(ecoli) = 0.9880
2026-04-05 09:30:14 | INFO  | phase_interpret |       Fragment: [14*]c1cc2c(cn1)OCCC2                    P=0.0001 attr=+0.9879
2026-04-05 09:30:14 | INFO  | phase_interpret |       Fragment: [5*]N1CCC([15*])CC1                      P=0.0000 attr=+0.9879
2026-04-05 09:30:14 | INFO  | phase_interpret |       Fragment: [4*]C[8*]                                P=0.0003 attr=+0.9877
2026-04-05 09:30:14 | INFO  | phase_interpret |       Fragment: [5*]N[5*]                                P=0.0009 attr=+0.9871
2026-04-05 09:30:14 | INFO  | phase_interpret |       Fragment: [4*]C[C@@H]1Cn2c(=O)ccc3ncc(=O)n1c32     P=0.1594 attr=+0.8285
2026-04-05 09:30:14 | INFO  | phase_interpret | 
    vinburnine:
2026-04-05 09:30:14 | INFO  | phase_interpret |       Base P(ecoli) = 0.0001
2026-04-05 09:30:14 | INFO  | phase_interpret |       Fragment: [8*]CC                                   P=0.0000 attr=+0.0001
2026-04-05 09:30:14 | INFO  | phase_interpret |       Fragment: [15*][C@]12CCCN3CCc4c(n(c5ccccc45)C(=O)C P=0.0000 attr=+0.0001
2026-04-05 09:30:14 | INFO  | phase_interpret | 
    sisomicin:
2026-04-05 09:30:14 | INFO  | phase_interpret |       Base P(ecoli) = 0.9575
2026-04-05 09:30:14 | INFO  | phase_interpret |       Fragment: [13*][C@H]1OC(CN)=CC[C@H]1N              P=0.0005 attr=+0.9570
2026-04-05 09:30:14 | INFO  | phase_interpret |       Fragment: [3*]O[3*]                                P=0.0007 attr=+0.9568
2026-04-05 09:30:14 | INFO  | phase_interpret |       Fragment: [5*]NC                                   P=0.0010 attr=+0.9565
2026-04-05 09:30:14 | INFO  | phase_interpret |       Fragment: [15*][C@@H]1[C@@H](O)[C@H]([15*])[C@@H]( P=0.1315 attr=+0.8260
2026-04-05 09:30:14 | INFO  | phase_interpret |       Fragment: [13*][C@H]1OC[C@](C)(O)[C@H]([15*])[C@H] P=0.5465 attr=+0.4111
2026-04-05 09:30:14 | INFO  | phase_interpret | 
    SB-772077B:
2026-04-05 09:30:14 | INFO  | phase_interpret |       Base P(ecoli) = 0.4444
2026-04-05 09:30:14 | INFO  | phase_interpret |       Fragment: [8*]CC                                   P=0.0000 attr=+0.4444
2026-04-05 09:30:14 | INFO  | phase_interpret |       Fragment: [9*]n1c([14*])nc2cncc([16*])c21          P=0.0007 attr=+0.4438
2026-04-05 09:30:14 | INFO  | phase_interpret |       Fragment: [1*]C([6*])=O                            P=0.0025 attr=+0.4420
2026-04-05 09:30:14 | INFO  | phase_interpret |       Fragment: [14*]c1nonc1N                            P=0.0089 attr=+0.4355
2026-04-05 09:30:14 | INFO  | phase_interpret |       Fragment: [5*]N1CC[C@H](N)C1                       P=0.5810 attr=-0.1365
2026-04-05 09:30:14 | INFO  | phase_interpret | 
    guadecitabine:
2026-04-05 09:30:14 | INFO  | phase_interpret |       Base P(ecoli) = 1.0000
2026-04-05 09:30:14 | INFO  | phase_interpret |       Fragment: [13*][C@H]1C[C@H]([15*])[C@@H]([13*])O1  P=0.0003 attr=+0.9997
2026-04-05 09:30:14 | INFO  | phase_interpret |       Fragment: [4*]C[8*]                                P=0.0003 attr=+0.9997
2026-04-05 09:30:14 | INFO  | phase_interpret |       Fragment: [8*]CO                                   P=0.0010 attr=+0.9990
2026-04-05 09:30:14 | INFO  | phase_interpret |       Fragment: [13*][C@H]1C[C@H](O)[C@@H]([13*])O1      P=0.0022 attr=+0.9978
2026-04-05 09:30:14 | INFO  | phase_interpret |       Fragment: [9*]n1cnc2c(=O)nc(N)[nH]c21              P=0.0141 attr=+0.9859
2026-04-05 09:30:14 | INFO  | phase_interpret | 
    sodium-nitroprusside:
2026-04-05 09:30:14 | INFO  | phase_interpret |       Base P(ecoli) = 0.0421
2026-04-05 09:30:14 | INFO  | phase_interpret |       Fragment: N#[C][Fe-2]([C]#N)([C]#N)([C]#N)([C]#N)[ P=0.0421 attr=+0.0000
2026-04-05 09:30:14 | INFO  | phase_interpret | 
    colistimethate:
2026-04-05 09:30:14 | INFO  | phase_interpret |       Base P(ecoli) = 0.4907
2026-04-05 09:30:14 | INFO  | phase_interpret |       Fragment: [8*]CC(C)C                               P=0.0000 attr=+0.4907
2026-04-05 09:30:14 | INFO  | phase_interpret |       Fragment: [4*]CC[8*]                               P=0.0000 attr=+0.4907
2026-04-05 09:30:14 | INFO  | phase_interpret |       Fragment: [1*]C(=O)CCCC(C)C                        P=0.0000 attr=+0.4907
2026-04-05 09:30:14 | INFO  | phase_interpret |       Fragment: [1*]C(=O)[C@@H]([4*])CC[4*]              P=0.0000 attr=+0.4907
2026-04-05 09:30:14 | INFO  | phase_interpret |       Fragment: [1*]C(=O)[C@@H]([4*])[C@@H](C)O          P=0.0001 attr=+0.4906
2026-04-05 09:30:14 | INFO  | phase_interpret | 
  Saved: /scratch/vishakha.agrawal/antibiotic-selectivity-v2/outputs/runs/run_20260315_034033/results/interpret_occlusion_dmpnn.json
2026-04-05 09:30:14 | INFO  | phase_interpret | 
======================================================================
2026-04-05 09:30:14 | INFO  | phase_interpret |   D-MPNN+RDKit OCCLUSION ATTRIBUTION
2026-04-05 09:30:14 | INFO  | phase_interpret | ======================================================================
2026-04-05 09:30:14 | INFO  | phase_interpret |   Found model: /scratch/vishakha.agrawal/antibiotic-selectivity-v2/outputs/runs/run_20260315_034033/models/dmpnn_rdkit/ecoli/fold_0/model_0/best.pt
2026-04-05 09:30:14 | INFO  | phase_interpret |   Using same BRICS occlusion as D-MPNN (with --molecule-featurizers)
2026-04-05 09:30:39 | INFO  | phase_interpret |     retapamulin               base_P=0.4529 frags=5
2026-04-05 09:31:06 | INFO  | phase_interpret |     AFN-1252                  base_P=0.5673 frags=6
2026-04-05 09:31:31 | INFO  | phase_interpret |     trimetrexate              base_P=0.4921 frags=5
2026-04-05 09:31:57 | INFO  | phase_interpret |     micronomicin              base_P=0.3622 frags=6
2026-04-05 09:32:23 | INFO  | phase_interpret |     SQ-109                    base_P=0.0055 frags=6
2026-04-05 09:32:47 | INFO  | phase_interpret |     netilmicin                base_P=0.5132 frags=7
2026-04-05 09:33:14 | INFO  | phase_interpret |     macozinone                base_P=0.2518 frags=5
2026-04-05 09:33:39 | INFO  | phase_interpret |     GSK656                    base_P=0.3725 frags=3
2026-04-05 09:34:06 | INFO  | phase_interpret |     gepotidacin               base_P=0.8791 frags=5
2026-04-05 09:34:31 | INFO  | phase_interpret |     vinburnine                base_P=0.0063 frags=2
2026-04-05 09:34:55 | INFO  | phase_interpret |     sisomicin                 base_P=0.4399 frags=5
2026-04-05 09:35:22 | INFO  | phase_interpret |     SB-772077B                base_P=0.4824 frags=5
2026-04-05 09:35:47 | INFO  | phase_interpret |     guadecitabine             base_P=0.6197 frags=7
2026-04-05 09:36:00 | INFO  | phase_interpret |     sodium-nitroprusside      base_P=0.0614 frags=1
2026-04-05 09:36:28 | INFO  | phase_interpret |     colistimethate            base_P=0.5339 frags=9
2026-04-05 09:36:28 | INFO  | phase_interpret |   Saved: /scratch/vishakha.agrawal/antibiotic-selectivity-v2/outputs/runs/run_20260315_034033/results/interpret_occlusion_dmpnn_rdkit.json
2026-04-05 09:36:28 | INFO  | phase_interpret | 
======================================================================
2026-04-05 09:36:28 | INFO  | phase_interpret |   CheMeleon OCCLUSION ATTRIBUTION
2026-04-05 09:36:28 | INFO  | phase_interpret | ======================================================================
2026-04-05 09:36:29 | INFO  | phase_interpret |   Imported predict_chemeleon from 11_train_chemeleon_frozen.py
2026-04-05 09:36:29 | INFO  | phase_interpret |   Pretrained encoder: /home2/vishakha.agrawal/.chemprop/chemeleon_mp.pt
2026-04-05 09:36:29 | INFO  | phase_interpret |   Model state: /scratch/vishakha.agrawal/antibiotic-selectivity-v2/outputs/runs/run_20260315_034033/models/chemeleon_frozen/ecoli/final_model.pt
2026-04-05 09:36:37 | INFO  | phase_interpret |   Test prediction OK: P=0.6896
2026-04-05 09:36:37 | INFO  | phase_interpret | 
    retapamulin:
2026-04-05 09:36:37 | INFO  | phase_interpret |       Base P(ecoli) = 0.6896
2026-04-05 09:36:38 | INFO  | phase_interpret |       Fragment: [3*]O[3*]                                P=0.0000 attr=+0.6896
2026-04-05 09:36:38 | INFO  | phase_interpret |       Fragment: [11*]S[11*]                              P=0.0000 attr=+0.6896
2026-04-05 09:36:38 | INFO  | phase_interpret |       Fragment: [1*]C(=O)C[4*]                           P=0.0051 attr=+0.6845
2026-04-05 09:36:38 | INFO  | phase_interpret |       Fragment: [15*][C@@H]1C[C@@](C)(C=C)[C@@H](O)[C@H] P=0.0553 attr=+0.6342
2026-04-05 09:36:38 | INFO  | phase_interpret |       Fragment: [15*][C@@H]1C[C@H]2CC[C@@H](C1)N2C       P=0.4817 attr=+0.2079
2026-04-05 09:36:38 | INFO  | phase_interpret | 
    AFN-1252:
2026-04-05 09:36:38 | INFO  | phase_interpret |       Base P(ecoli) = 0.8092
2026-04-05 09:36:39 | INFO  | phase_interpret |       Fragment: [7*]C[8*]                                P=0.0000 attr=+0.8092
2026-04-05 09:36:39 | INFO  | phase_interpret |       Fragment: [4*]C[8*]                                P=0.0000 attr=+0.8092
2026-04-05 09:36:39 | INFO  | phase_interpret |       Fragment: [5*]N([5*])C                             P=0.0000 attr=+0.8092
2026-04-05 09:36:39 | INFO  | phase_interpret |       Fragment: [1*]C(=O)C[7*]                           P=0.0051 attr=+0.8041
2026-04-05 09:36:39 | INFO  | phase_interpret |       Fragment: [14*]c1oc2ccccc2c1C                      P=0.0053 attr=+0.8039
2026-04-05 09:36:39 | INFO  | phase_interpret | 
    trimetrexate:
2026-04-05 09:36:39 | INFO  | phase_interpret |       Base P(ecoli) = 0.5629
2026-04-05 09:36:40 | INFO  | phase_interpret |       Fragment: [4*]C[8*]                                P=0.0000 attr=+0.5629
2026-04-05 09:36:40 | INFO  | phase_interpret |       Fragment: [5*]N[5*]                                P=0.0000 attr=+0.5629
2026-04-05 09:36:40 | INFO  | phase_interpret |       Fragment: [16*]c1cc([16*])c([16*])c([16*])c1       P=0.0000 attr=+0.5629
2026-04-05 09:36:40 | INFO  | phase_interpret |       Fragment: [3*]OC                                   P=0.0226 attr=+0.5403
2026-04-05 09:36:40 | INFO  | phase_interpret |       Fragment: [16*]c1ccc2nc(N)nc(N)c2c1C               P=0.5296 attr=+0.0333
2026-04-05 09:36:40 | INFO  | phase_interpret | 
    micronomicin:
2026-04-05 09:36:40 | INFO  | phase_interpret |       Base P(ecoli) = 0.8369
2026-04-05 09:36:40 | INFO  | phase_interpret |       Fragment: [4*]C[8*]                                P=0.0000 attr=+0.8369
2026-04-05 09:36:40 | INFO  | phase_interpret |       Fragment: [5*]NC                                   P=0.0000 attr=+0.8369
2026-04-05 09:36:40 | INFO  | phase_interpret |       Fragment: [3*]O[3*]                                P=0.0000 attr=+0.8369
2026-04-05 09:36:40 | INFO  | phase_interpret |       Fragment: [15*][C@@H]1[C@@H](O)[C@H]([15*])[C@@H]( P=0.0226 attr=+0.8143
2026-04-05 09:36:40 | INFO  | phase_interpret |       Fragment: [13*][C@H]1OC[C@](C)(O)[C@H]([15*])[C@H] P=0.3676 attr=+0.4693
2026-04-05 09:36:40 | INFO  | phase_interpret | 
    SQ-109:
2026-04-05 09:36:41 | INFO  | phase_interpret |       Base P(ecoli) = 0.2241
2026-04-05 09:36:41 | INFO  | phase_interpret |       Fragment: [7*]C(C)C                                P=0.0000 attr=+0.2241
2026-04-05 09:36:41 | INFO  | phase_interpret |       Fragment: [5*]N[5*]                                P=0.0000 attr=+0.2241
2026-04-05 09:36:41 | INFO  | phase_interpret |       Fragment: [4*]CC[4*]                               P=0.0000 attr=+0.2241
2026-04-05 09:36:41 | INFO  | phase_interpret |       Fragment: [4*]CC[7*]                               P=0.0000 attr=+0.2241
2026-04-05 09:36:41 | INFO  | phase_interpret |       Fragment: [7*]CCCC([7*])C                          P=0.0022 attr=+0.2219
2026-04-05 09:36:41 | INFO  | phase_interpret | 
    netilmicin:
2026-04-05 09:36:41 | INFO  | phase_interpret |       Base P(ecoli) = 0.8743
2026-04-05 09:36:42 | INFO  | phase_interpret |       Fragment: [5*]N[5*]                                P=0.0000 attr=+0.8743
2026-04-05 09:36:42 | INFO  | phase_interpret |       Fragment: [5*]NC                                   P=0.0000 attr=+0.8743
2026-04-05 09:36:42 | INFO  | phase_interpret |       Fragment: [3*]O[3*]                                P=0.0000 attr=+0.8743
2026-04-05 09:36:42 | INFO  | phase_interpret |       Fragment: [4*]CC                                   P=0.0000 attr=+0.8743
2026-04-05 09:36:42 | INFO  | phase_interpret |       Fragment: [15*][C@@H]1[C@@H](O)[C@H]([15*])[C@@H]( P=0.1848 attr=+0.6894
2026-04-05 09:36:42 | INFO  | phase_interpret | 
    macozinone:
2026-04-05 09:36:42 | INFO  | phase_interpret |       Base P(ecoli) = 0.0703
2026-04-05 09:36:43 | INFO  | phase_interpret |       Fragment: [8*]C(F)(F)F                             P=0.9844 attr=-0.9141
2026-04-05 09:36:43 | INFO  | phase_interpret |       Fragment: [4*]C[8*]                                P=0.0000 attr=+0.0703
2026-04-05 09:36:43 | INFO  | phase_interpret |       Fragment: [15*]C1CCCCC1                            P=0.0001 attr=+0.0702
2026-04-05 09:36:43 | INFO  | phase_interpret |       Fragment: [5*]N1CCN([5*])CC1                       P=0.0045 attr=+0.0658
2026-04-05 09:36:43 | INFO  | phase_interpret |       Fragment: [14*]c1nc(=O)c2cc([16*])cc([N+](=O)[O-]) P=0.0335 attr=+0.0368
2026-04-05 09:36:43 | INFO  | phase_interpret | 
    GSK656:
2026-04-05 09:36:43 | INFO  | phase_interpret |       Base P(ecoli) = 0.4939
2026-04-05 09:36:43 | INFO  | phase_interpret |       Fragment: [3*]O[3*]                                P=0.0000 attr=+0.4939
2026-04-05 09:36:43 | INFO  | phase_interpret |       Fragment: [4*]CCO                                  P=0.0002 attr=+0.4937
2026-04-05 09:36:43 | INFO  | phase_interpret |       Fragment: [16*]c1ccc(Cl)c2c1B(O)O[C@@H]2CN         P=0.3532 attr=+0.1407
2026-04-05 09:36:43 | INFO  | phase_interpret | 
    gepotidacin:
2026-04-05 09:36:43 | INFO  | phase_interpret |       Base P(ecoli) = 0.6756
2026-04-05 09:36:44 | INFO  | phase_interpret |       Fragment: [4*]C[8*]                                P=0.0000 attr=+0.6756
2026-04-05 09:36:44 | INFO  | phase_interpret |       Fragment: [5*]N[5*]                                P=0.0000 attr=+0.6756
2026-04-05 09:36:44 | INFO  | phase_interpret |       Fragment: [5*]N1CCC([15*])CC1                      P=0.0006 attr=+0.6750
2026-04-05 09:36:44 | INFO  | phase_interpret |       Fragment: [14*]c1cc2c(cn1)OCCC2                    P=0.0048 attr=+0.6709
2026-04-05 09:36:44 | INFO  | phase_interpret |       Fragment: [4*]C[C@@H]1Cn2c(=O)ccc3ncc(=O)n1c32     P=0.0549 attr=+0.6207
2026-04-05 09:36:44 | INFO  | phase_interpret | 
    vinburnine:
2026-04-05 09:36:44 | INFO  | phase_interpret |       Base P(ecoli) = 0.0089
2026-04-05 09:36:44 | INFO  | phase_interpret |       Fragment: [8*]CC                                   P=0.0000 attr=+0.0089
2026-04-05 09:36:44 | INFO  | phase_interpret |       Fragment: [15*][C@]12CCCN3CCc4c(n(c5ccccc45)C(=O)C P=0.0042 attr=+0.0047
2026-04-05 09:36:44 | INFO  | phase_interpret | 
    sisomicin:
2026-04-05 09:36:44 | INFO  | phase_interpret |       Base P(ecoli) = 0.7982
2026-04-05 09:36:45 | INFO  | phase_interpret |       Fragment: [5*]NC                                   P=0.0000 attr=+0.7982
2026-04-05 09:36:45 | INFO  | phase_interpret |       Fragment: [3*]O[3*]                                P=0.0000 attr=+0.7982
2026-04-05 09:36:45 | INFO  | phase_interpret |       Fragment: [15*][C@@H]1[C@@H](O)[C@H]([15*])[C@@H]( P=0.0226 attr=+0.7756
2026-04-05 09:36:45 | INFO  | phase_interpret |       Fragment: [13*][C@H]1OC(CN)=CC[C@H]1N              P=0.1958 attr=+0.6024
2026-04-05 09:36:45 | INFO  | phase_interpret |       Fragment: [13*][C@H]1OC[C@](C)(O)[C@H]([15*])[C@H] P=0.3676 attr=+0.4306
2026-04-05 09:36:45 | INFO  | phase_interpret | 
    SB-772077B:
2026-04-05 09:36:45 | INFO  | phase_interpret |       Base P(ecoli) = 0.7037
2026-04-05 09:36:46 | INFO  | phase_interpret |       Fragment: [1*]C([6*])=O                            P=0.0000 attr=+0.7037
2026-04-05 09:36:46 | INFO  | phase_interpret |       Fragment: [14*]c1nonc1N                            P=0.0000 attr=+0.7037
2026-04-05 09:36:46 | INFO  | phase_interpret |       Fragment: [8*]CC                                   P=0.0000 attr=+0.7037
2026-04-05 09:36:46 | INFO  | phase_interpret |       Fragment: [9*]n1c([14*])nc2cncc([16*])c21          P=0.0104 attr=+0.6933
2026-04-05 09:36:46 | INFO  | phase_interpret |       Fragment: [5*]N1CC[C@H](N)C1                       P=0.3564 attr=+0.3473
2026-04-05 09:36:46 | INFO  | phase_interpret | 
    guadecitabine:
2026-04-05 09:36:46 | INFO  | phase_interpret |       Base P(ecoli) = 0.7738
2026-04-05 09:36:47 | INFO  | phase_interpret |       Fragment: [4*]C[8*]                                P=0.0000 attr=+0.7738
2026-04-05 09:36:47 | INFO  | phase_interpret |       Fragment: [9*]n1cnc(N)nc1=O                        P=0.0000 attr=+0.7738
2026-04-05 09:36:47 | INFO  | phase_interpret |       Fragment: [13*][C@H]1C[C@H]([15*])[C@@H]([13*])O1  P=0.0044 attr=+0.7694
2026-04-05 09:36:47 | INFO  | phase_interpret |       Fragment: [8*]CO                                   P=0.0226 attr=+0.7512
2026-04-05 09:36:47 | INFO  | phase_interpret |       Fragment: [9*]n1cnc2c(=O)nc(N)[nH]c21              P=0.0843 attr=+0.6895
2026-04-05 09:36:47 | INFO  | phase_interpret | 
    sodium-nitroprusside:
2026-04-05 09:36:47 | INFO  | phase_interpret |       Base P(ecoli) = 0.0725
2026-04-05 09:36:47 | INFO  | phase_interpret |       Fragment: N#[C][Fe-2]([C]#N)([C]#N)([C]#N)([C]#N)[ P=0.0725 attr=+0.0000
2026-04-05 09:36:47 | INFO  | phase_interpret | 
    colistimethate:
2026-04-05 09:36:47 | INFO  | phase_interpret |       Base P(ecoli) = 0.6619
2026-04-05 09:36:48 | INFO  | phase_interpret |       Fragment: [4*]CC[8*]                               P=0.0000 attr=+0.6619
2026-04-05 09:36:48 | INFO  | phase_interpret |       Fragment: [8*]CC(C)C                               P=0.0000 attr=+0.6618
2026-04-05 09:36:48 | INFO  | phase_interpret |       Fragment: [5*]N[5*]                                P=0.0000 attr=+0.6618
2026-04-05 09:36:48 | INFO  | phase_interpret |       Fragment: [8*][C@@H](C)O                           P=0.0002 attr=+0.6616
2026-04-05 09:36:48 | INFO  | phase_interpret |       Fragment: [5*]NCS(=O)(=O)O                         P=0.0010 attr=+0.6608
2026-04-05 09:36:48 | INFO  | phase_interpret | 
  Saved: /scratch/vishakha.agrawal/antibiotic-selectivity-v2/outputs/runs/run_20260315_034033/results/interpret_occlusion_chemeleon.json
2026-04-05 09:36:48 | INFO  | phase_interpret | 
======================================================================
2026-04-05 09:36:48 | INFO  | phase_interpret |   MoLFormer ATTENTION WEIGHTS
2026-04-05 09:36:48 | INFO  | phase_interpret | ======================================================================
2026-04-05 09:36:48 | INFO  | phase_interpret |   Loading MoLFormer from: /scratch/vishakha.agrawal/antibiotic-selectivity-v2/outputs/runs/run_20260315_034033/models/molformer/ecoli/final/molformer_finetuned.pt
2026-04-05 09:36:53 | INFO  | phase_interpret |   Using pretrained weights (finetuned state format not recognized)
2026-04-05 09:36:53 | INFO  | phase_interpret |     retapamulin              : top tokens = N(0.038), S(0.031), O(0.025), =(0.024), C(0.022)
2026-04-05 09:36:53 | INFO  | phase_interpret |     AFN-1252                 : top tokens = o(0.043), =(0.040), N(0.036), C(0.030), C(0.028)
2026-04-05 09:36:53 | INFO  | phase_interpret |     trimetrexate             : top tokens = N(0.045), C(0.041), N(0.039), N(0.036), O(0.035)
2026-04-05 09:36:53 | INFO  | phase_interpret |     micronomicin             : top tokens = N(0.031), N(0.030), [C@](0.027), [C@H](0.027), [C@H](0.026)
2026-04-05 09:36:54 | INFO  | phase_interpret |     SQ-109                   : top tokens = N(0.042), N(0.038), C(0.034), =(0.033), 2(0.033)
2026-04-05 09:36:54 | INFO  | phase_interpret |     netilmicin               : top tokens = N(0.038), N(0.029), N(0.028), [C@](0.028), [C@H](0.028)
2026-04-05 09:36:54 | INFO  | phase_interpret |     macozinone               : top tokens = s(0.043), 2(0.033), 2(0.031), C(0.030), [N+](0.028)
2026-04-05 09:36:54 | INFO  | phase_interpret |     GSK656                   : top tokens = B(0.065), O(0.058), 2(0.047), O(0.047), N(0.044)
2026-04-05 09:36:54 | INFO  | phase_interpret |     gepotidacin              : top tokens = 3(0.039), n(0.037), n(0.036), N(0.033), c(0.031)
2026-04-05 09:36:54 | INFO  | phase_interpret |     vinburnine               : top tokens = n(0.052), 2(0.048), C(0.039), N(0.036), 5(0.036)
2026-04-05 09:36:54 | INFO  | phase_interpret |     sisomicin                : top tokens = =(0.030), 3(0.029), 2(0.029), N(0.027), N(0.026)
2026-04-05 09:36:54 | INFO  | phase_interpret |     SB-772077B               : top tokens = N(0.044), N(0.040), o(0.039), n(0.036), n(0.035)
2026-04-05 09:36:54 | INFO  | phase_interpret |     guadecitabine            : top tokens = O(0.025), n(0.024), n(0.023), [nH](0.022), O(0.022)
2026-04-05 09:36:54 | INFO  | phase_interpret |     sodium-nitroprusside     : top tokens = [N+](0.054), [Fe-2](0.053), <bos>(0.047), [C](0.046), #(0.043)
2026-04-05 09:36:54 | INFO  | phase_interpret |     colistimethate           : top tokens = 1(0.016), S(0.012), 1(0.011), S(0.011), N(0.009)
2026-04-05 09:36:54 | INFO  | phase_interpret | 
  Saved: /scratch/vishakha.agrawal/antibiotic-selectivity-v2/outputs/runs/run_20260315_034033/results/interpret_molformer_attention.json
2026-04-05 09:36:54 | INFO  | phase_interpret | 
  Generating figures...
2026-04-05 09:36:55 | INFO  | phase_interpret |   Figure: interpret_rf_importance
2026-04-05 09:36:56 | INFO  | phase_interpret |   Figure: interpret_rf_per_compound
2026-04-05 09:36:56 | INFO  | phase_interpret | 
  Saved: /scratch/vishakha.agrawal/antibiotic-selectivity-v2/outputs/runs/run_20260315_034033/results/interpret_summary.json
2026-04-05 09:36:56 | INFO  | phase_interpret | 
======================================================================
2026-04-05 09:36:56 | INFO  | phase_interpret |   INTERPRETABILITY SUMMARY
2026-04-05 09:36:56 | INFO  | phase_interpret | ======================================================================
2026-04-05 09:36:56 | INFO  | phase_interpret |   RF:        complete (30 bits, top-30 explains 19.7%)
2026-04-05 09:36:56 | INFO  | phase_interpret |   D-MPNN:    complete
2026-04-05 09:36:56 | INFO  | phase_interpret |   CheMeleon: complete (15 compounds)
2026-04-05 09:36:56 | INFO  | phase_interpret |   MoLFormer: complete
2026-04-05 09:36:56 | INFO  | phase_interpret | ======================================================================
2026-04-05 09:36:56 | INFO  | phase_interpret | ============================================================
2026-04-05 09:36:56 | INFO  | phase_interpret |  COMPLETED: Phase C: Interpretability
2026-04-05 09:36:56 | INFO  | phase_interpret |  Elapsed: 7m 24.4s
2026-04-05 09:36:56 | INFO  | phase_interpret | ============================================================
2026-04-16 17:54:23 | INFO  | phase_interpret | Logging to file: /scratch/vishakha.agrawal/antibiotic-selectivity-v2/logs/phase_interpret.log
2026-04-16 17:54:23 | INFO  | phase_interpret | 
======================================================================
2026-04-16 17:54:23 | INFO  | phase_interpret |   MoLFormer ATTENTION WEIGHTS
2026-04-16 17:54:23 | INFO  | phase_interpret | ======================================================================
2026-04-16 17:54:42 | INFO  | phase_interpret |   Loading MoLFormer from: /scratch/vishakha.agrawal/antibiotic-selectivity-v2/outputs/runs/run_20260315_034033/models/molformer/ecoli/final/molformer_finetuned.pt
2026-04-16 17:55:02 | INFO  | phase_interpret |   Loaded finetuned encoder weights (exact match)
2026-04-16 17:55:03 | INFO  | phase_interpret |     retapamulin              : top tokens = S(0.045), N(0.041), O(0.031), 1(0.028), C(0.028)
2026-04-16 17:55:03 | INFO  | phase_interpret |     AFN-1252                 : top tokens = o(0.056), =(0.049), N(0.045), c(0.038), n(0.033)
2026-04-16 17:55:03 | INFO  | phase_interpret |     trimetrexate             : top tokens = N(0.052), N(0.050), N(0.047), n(0.037), c(0.035)
2026-04-16 17:55:03 | INFO  | phase_interpret | 
  Saved: /scratch/vishakha.agrawal/antibiotic-selectivity-v2/outputs/runs/run_20260315_034033/results/interpret_molformer_attention.json
2026-04-16 17:56:27 | INFO  | phase_interpret | Logging to file: /scratch/vishakha.agrawal/antibiotic-selectivity-v2/logs/phase_interpret.log
2026-04-16 17:56:27 | INFO  | phase_interpret | ============================================================
2026-04-16 17:56:27 | INFO  | phase_interpret |  STARTING: Phase C: Targeted Interpretability
2026-04-16 17:56:27 | INFO  | phase_interpret | ============================================================
2026-04-16 17:56:27 | INFO  | phase_interpret |   Selected top 15 candidates for interpretation
2026-04-16 17:56:27 | INFO  | phase_interpret |     retapamulin               n_models=5 S=1.000
2026-04-16 17:56:27 | INFO  | phase_interpret |     AFN-1252                  n_models=5 S=0.998
2026-04-16 17:56:27 | INFO  | phase_interpret |     trimetrexate              n_models=5 S=0.992
2026-04-16 17:56:27 | INFO  | phase_interpret |     micronomicin              n_models=4 S=1.000
2026-04-16 17:56:27 | INFO  | phase_interpret |     SQ-109                    n_models=4 S=1.000
2026-04-16 17:56:27 | INFO  | phase_interpret |     netilmicin                n_models=4 S=1.000
2026-04-16 17:56:27 | INFO  | phase_interpret |     macozinone                n_models=4 S=0.999
2026-04-16 17:56:27 | INFO  | phase_interpret |     GSK656                    n_models=4 S=0.995
2026-04-16 17:56:27 | INFO  | phase_interpret |     gepotidacin               n_models=4 S=0.994
2026-04-16 17:56:27 | INFO  | phase_interpret |     vinburnine                n_models=4 S=0.993
2026-04-16 17:56:27 | INFO  | phase_interpret |     sisomicin                 n_models=4 S=0.989
2026-04-16 17:56:27 | INFO  | phase_interpret |     SB-772077B                n_models=4 S=0.975
2026-04-16 17:56:27 | INFO  | phase_interpret |     guadecitabine             n_models=3 S=1.000
2026-04-16 17:56:27 | INFO  | phase_interpret |     sodium-nitroprusside      n_models=3 S=1.000
2026-04-16 17:56:27 | INFO  | phase_interpret |     colistimethate            n_models=3 S=1.000
2026-04-16 17:56:27 | INFO  | phase_interpret | 
======================================================================
2026-04-16 17:56:27 | INFO  | phase_interpret |   RF FEATURE IMPORTANCE
2026-04-16 17:56:27 | INFO  | phase_interpret | ======================================================================
2026-04-16 17:56:31 | INFO  | phase_interpret |   RF E. coli model: 2048 features
2026-04-16 17:56:31 | INFO  | phase_interpret |   Total importance sum: 1.0000
2026-04-16 17:56:31 | INFO  | phase_interpret | 
  Top 30 Morgan FP bits (E. coli model):
2026-04-16 17:56:31 | INFO  | phase_interpret |    Rank    Bit   Importance   Cumulative
2026-04-16 17:56:31 | INFO  | phase_interpret |   ----------------------------------------
2026-04-16 17:56:31 | INFO  | phase_interpret |       1    456     0.016119       0.0161
2026-04-16 17:56:31 | INFO  | phase_interpret |       2   1019     0.010353       0.0265
2026-04-16 17:56:31 | INFO  | phase_interpret |       3    464     0.009522       0.0360
2026-04-16 17:56:31 | INFO  | phase_interpret |       4    314     0.009368       0.0454
2026-04-16 17:56:31 | INFO  | phase_interpret |       5    525     0.009317       0.0547
2026-04-16 17:56:31 | INFO  | phase_interpret |       6   1840     0.008308       0.0630
2026-04-16 17:56:31 | INFO  | phase_interpret |       7    453     0.008073       0.0711
2026-04-16 17:56:31 | INFO  | phase_interpret |       8    739     0.007897       0.0790
2026-04-16 17:56:31 | INFO  | phase_interpret |       9   1332     0.007503       0.0865
2026-04-16 17:56:31 | INFO  | phase_interpret |      10   1047     0.007000       0.0935
2026-04-16 17:56:31 | INFO  | phase_interpret |      11   1750     0.006942       0.1004
2026-04-16 17:56:31 | INFO  | phase_interpret |      12   1325     0.006885       0.1073
2026-04-16 17:56:31 | INFO  | phase_interpret |      13    926     0.006805       0.1141
2026-04-16 17:56:31 | INFO  | phase_interpret |      14    470     0.006385       0.1205
2026-04-16 17:56:31 | INFO  | phase_interpret |      15   1917     0.006036       0.1265
2026-04-16 17:56:31 | INFO  | phase_interpret |      16   1088     0.005943       0.1325
2026-04-16 17:56:31 | INFO  | phase_interpret |      17    389     0.005880       0.1383
2026-04-16 17:56:31 | INFO  | phase_interpret |      18    407     0.005660       0.1440
2026-04-16 17:56:31 | INFO  | phase_interpret |      19   1171     0.005478       0.1495
2026-04-16 17:56:31 | INFO  | phase_interpret |      20   1729     0.005466       0.1549
2026-04-16 17:56:31 | INFO  | phase_interpret |      21   1199     0.005308       0.1602
2026-04-16 17:56:31 | INFO  | phase_interpret |      22   1991     0.004984       0.1652
2026-04-16 17:56:31 | INFO  | phase_interpret |      23    807     0.004688       0.1699
2026-04-16 17:56:31 | INFO  | phase_interpret |      24    699     0.004216       0.1741
2026-04-16 17:56:31 | INFO  | phase_interpret |      25    326     0.004023       0.1782
2026-04-16 17:56:31 | INFO  | phase_interpret |      26    935     0.003965       0.1821
2026-04-16 17:56:31 | INFO  | phase_interpret |      27    146     0.003940       0.1861
2026-04-16 17:56:31 | INFO  | phase_interpret |      28    338     0.003929       0.1900
2026-04-16 17:56:31 | INFO  | phase_interpret |      29   1922     0.003707       0.1937
2026-04-16 17:56:31 | INFO  | phase_interpret |      30      5     0.003706       0.1974
2026-04-16 17:56:31 | INFO  | phase_interpret | 
  Top 30 bits explain 19.7% of total importance
2026-04-16 17:56:31 | INFO  | phase_interpret |   Selected top 15 candidates for interpretation
2026-04-16 17:56:31 | INFO  | phase_interpret |     retapamulin               n_models=5 S=1.000
2026-04-16 17:56:31 | INFO  | phase_interpret |     AFN-1252                  n_models=5 S=0.998
2026-04-16 17:56:31 | INFO  | phase_interpret |     trimetrexate              n_models=5 S=0.992
2026-04-16 17:56:31 | INFO  | phase_interpret |     micronomicin              n_models=4 S=1.000
2026-04-16 17:56:31 | INFO  | phase_interpret |     SQ-109                    n_models=4 S=1.000
2026-04-16 17:56:31 | INFO  | phase_interpret |     netilmicin                n_models=4 S=1.000
2026-04-16 17:56:31 | INFO  | phase_interpret |     macozinone                n_models=4 S=0.999
2026-04-16 17:56:31 | INFO  | phase_interpret |     GSK656                    n_models=4 S=0.995
2026-04-16 17:56:31 | INFO  | phase_interpret |     gepotidacin               n_models=4 S=0.994
2026-04-16 17:56:31 | INFO  | phase_interpret |     vinburnine                n_models=4 S=0.993
2026-04-16 17:56:31 | INFO  | phase_interpret |     sisomicin                 n_models=4 S=0.989
2026-04-16 17:56:31 | INFO  | phase_interpret |     SB-772077B                n_models=4 S=0.975
2026-04-16 17:56:31 | INFO  | phase_interpret |     guadecitabine             n_models=3 S=1.000
2026-04-16 17:56:31 | INFO  | phase_interpret |     sodium-nitroprusside      n_models=3 S=1.000
2026-04-16 17:56:31 | INFO  | phase_interpret |     colistimethate            n_models=3 S=1.000
2026-04-16 17:56:31 | INFO  | phase_interpret | 
  Mapping top bits to substructures in top candidates:
2026-04-16 17:56:31 | INFO  | phase_interpret | 
  Substructure examples for top bits:
2026-04-16 17:56:31 | INFO  | phase_interpret |     Bit   456 (imp=0.01612): not active in top candidates
2026-04-16 17:56:31 | INFO  | phase_interpret |     Bit  1019 (imp=0.01035): retapamulin: ; retapamulin: ; retapamulin: 
2026-04-16 17:56:31 | INFO  | phase_interpret |     Bit   464 (imp=0.00952): not active in top candidates
2026-04-16 17:56:31 | INFO  | phase_interpret |     Bit   314 (imp=0.00937): retapamulin: [#6]=[#8]; AFN-1252: [#6]=[#8]; macozinone: [#8]=[#6]
2026-04-16 17:56:31 | INFO  | phase_interpret |     Bit   525 (imp=0.00932): not active in top candidates
2026-04-16 17:56:31 | INFO  | phase_interpret |     Bit  1840 (imp=0.00831): not active in top candidates
2026-04-16 17:56:31 | INFO  | phase_interpret |     Bit   453 (imp=0.00807): not active in top candidates
2026-04-16 17:56:31 | INFO  | phase_interpret |     Bit   739 (imp=0.00790): gepotidacin: [#7]-[#6]-[#6@@H]; SB-772077B: [#7]-[#6]-[#6@H]; colistimethate: [#6]-[#6]-[#6]
2026-04-16 17:56:31 | INFO  | phase_interpret |     Bit  1332 (imp=0.00750): GSK656: [#5]-[#8]
2026-04-16 17:56:31 | INFO  | phase_interpret |     Bit  1047 (imp=0.00700): not active in top candidates
2026-04-16 17:56:31 | INFO  | phase_interpret |     Bit  1750 (imp=0.00694): AFN-1252: [#6]:[#6]:[#6]; AFN-1252: [#6]:[#6]:[#6]; trimetrexate: [#6]:[#6]:[#6]
2026-04-16 17:56:31 | INFO  | phase_interpret |     Bit  1325 (imp=0.00689): retapamulin: [#6](-[#6@@H])-[#6]; retapamulin: [#6]-[#6]-[#6@@H]; retapamulin: [#6](-[#6@H])-[#6]
2026-04-16 17:56:31 | INFO  | phase_interpret |     Bit   926 (imp=0.00681): retapamulin: ; retapamulin: ; retapamulin: 
2026-04-16 17:56:31 | INFO  | phase_interpret |     Bit   470 (imp=0.00639): not active in top candidates
2026-04-16 17:56:31 | INFO  | phase_interpret |     Bit  1917 (imp=0.00604): retapamulin: [#6]=[#8]; AFN-1252: [#6]=[#8]; SB-772077B: [#6]=[#8]
2026-04-16 17:56:31 | INFO  | phase_interpret |     Bit  1088 (imp=0.00594): AFN-1252: [#6]:[#6]:[#6]; AFN-1252: [#6]:[#6]:[#6]; vinburnine: [#6]:[#6]:[#6]
2026-04-16 17:56:31 | INFO  | phase_interpret |     Bit   389 (imp=0.00588): not active in top candidates
2026-04-16 17:56:31 | INFO  | phase_interpret |     Bit   407 (imp=0.00566): macozinone: [#6]-[#7](-[#6])-[#6]
2026-04-16 17:56:31 | INFO  | phase_interpret |     Bit  1171 (imp=0.00548): trimetrexate: ; trimetrexate: ; micronomicin: 
2026-04-16 17:56:31 | INFO  | phase_interpret |     Bit  1729 (imp=0.00547): not active in top candidates
2026-04-16 17:56:31 | INFO  | phase_interpret | 
  Per-compound important bit activation:
2026-04-16 17:56:31 | INFO  | phase_interpret |     retapamulin              : 8 of top-50 bits active, imp_sum=0.0520
2026-04-16 17:56:31 | INFO  | phase_interpret |     AFN-1252                 : 7 of top-50 bits active, imp_sum=0.0451
2026-04-16 17:56:31 | INFO  | phase_interpret |     trimetrexate             : 2 of top-50 bits active, imp_sum=0.0124
2026-04-16 17:56:31 | INFO  | phase_interpret |     micronomicin             : 5 of top-50 bits active, imp_sum=0.0342
2026-04-16 17:56:31 | INFO  | phase_interpret |     SQ-109                   : 3 of top-50 bits active, imp_sum=0.0218
2026-04-16 17:56:31 | INFO  | phase_interpret |     netilmicin               : 4 of top-50 bits active, imp_sum=0.0273
2026-04-16 17:56:31 | INFO  | phase_interpret |     macozinone               : 6 of top-50 bits active, imp_sum=0.0430
2026-04-16 17:56:31 | INFO  | phase_interpret |     GSK656                   : 6 of top-50 bits active, imp_sum=0.0387
2026-04-16 17:56:31 | INFO  | phase_interpret |     gepotidacin              : 7 of top-50 bits active, imp_sum=0.0522
2026-04-16 17:56:31 | INFO  | phase_interpret |     vinburnine               : 7 of top-50 bits active, imp_sum=0.0487
2026-04-16 17:56:31 | INFO  | phase_interpret |     sisomicin                : 4 of top-50 bits active, imp_sum=0.0273
2026-04-16 17:56:31 | INFO  | phase_interpret |     SB-772077B               : 9 of top-50 bits active, imp_sum=0.0571
2026-04-16 17:56:31 | INFO  | phase_interpret |     guadecitabine            : 6 of top-50 bits active, imp_sum=0.0407
2026-04-16 17:56:31 | INFO  | phase_interpret |     sodium-nitroprusside     : 0 of top-50 bits active, imp_sum=0.0000
2026-04-16 17:56:31 | INFO  | phase_interpret |     colistimethate           : 7 of top-50 bits active, imp_sum=0.0520
2026-04-16 17:56:31 | INFO  | phase_interpret | 
  Saved: /scratch/vishakha.agrawal/antibiotic-selectivity-v2/outputs/runs/run_20260315_034033/results/interpret_rf_feature_importance.csv
2026-04-16 17:56:31 | INFO  | phase_interpret |   Saved: /scratch/vishakha.agrawal/antibiotic-selectivity-v2/outputs/runs/run_20260315_034033/results/interpret_rf_top_bits.json
2026-04-16 17:56:31 | INFO  | phase_interpret | 
======================================================================
2026-04-16 17:56:31 | INFO  | phase_interpret |   D-MPNN OCCLUSION ATTRIBUTION
2026-04-16 17:56:31 | INFO  | phase_interpret | ======================================================================
2026-04-16 17:56:31 | INFO  | phase_interpret |   Searching for model in: /scratch/vishakha.agrawal/antibiotic-selectivity-v2/outputs/runs/run_20260315_034033/models/dmpnn/ecoli
2026-04-16 17:56:31 | INFO  | phase_interpret |   Found: /scratch/vishakha.agrawal/antibiotic-selectivity-v2/outputs/runs/run_20260315_034033/models/dmpnn/ecoli/final/model_0/best.pt
2026-04-16 17:56:55 | INFO  | phase_interpret |   CLI prediction test OK: [0.0012018982, 0.00024716288]
2026-04-16 17:56:55 | INFO  | phase_interpret |   Predicting 92 SMILES in one batch (15 compounds + fragments)...
2026-04-16 17:57:05 | INFO  | phase_interpret |   Got 92 predictions
2026-04-16 17:57:05 | INFO  | phase_interpret | 
    retapamulin:
2026-04-16 17:57:05 | INFO  | phase_interpret |       Base P(ecoli) = 0.8549
2026-04-16 17:57:05 | INFO  | phase_interpret |       Fragment: [15*][C@@H]1C[C@@](C)(C=C)[C@@H](O)[C@H] P=0.0000 attr=+0.8549
2026-04-16 17:57:05 | INFO  | phase_interpret |       Fragment: [15*][C@@H]1C[C@H]2CC[C@@H](C1)N2C       P=0.0000 attr=+0.8549
2026-04-16 17:57:05 | INFO  | phase_interpret |       Fragment: [11*]S[11*]                              P=0.0002 attr=+0.8547
2026-04-16 17:57:05 | INFO  | phase_interpret |       Fragment: [1*]C(=O)C[4*]                           P=0.0003 attr=+0.8546
2026-04-16 17:57:05 | INFO  | phase_interpret |       Fragment: [3*]O[3*]                                P=0.0007 attr=+0.8542
2026-04-16 17:57:05 | INFO  | phase_interpret | 
    AFN-1252:
2026-04-16 17:57:05 | INFO  | phase_interpret |       Base P(ecoli) = 0.9241
2026-04-16 17:57:05 | INFO  | phase_interpret |       Fragment: [14*]c1oc2ccccc2c1C                      P=0.0002 attr=+0.9240
2026-04-16 17:57:05 | INFO  | phase_interpret |       Fragment: [16*]c1cnc2c(c1)CCC(=O)N2                P=0.0003 attr=+0.9239
2026-04-16 17:57:05 | INFO  | phase_interpret |       Fragment: [1*]C(=O)C[7*]                           P=0.0003 attr=+0.9238
2026-04-16 17:57:05 | INFO  | phase_interpret |       Fragment: [7*]C[8*]                                P=0.0003 attr=+0.9238
2026-04-16 17:57:05 | INFO  | phase_interpret |       Fragment: [4*]C[8*]                                P=0.0003 attr=+0.9238
2026-04-16 17:57:05 | INFO  | phase_interpret | 
    trimetrexate:
2026-04-16 17:57:05 | INFO  | phase_interpret |       Base P(ecoli) = 0.9526
2026-04-16 17:57:05 | INFO  | phase_interpret |       Fragment: [16*]c1cc([16*])c([16*])c([16*])c1       P=0.0002 attr=+0.9523
2026-04-16 17:57:05 | INFO  | phase_interpret |       Fragment: [4*]C[8*]                                P=0.0003 attr=+0.9523
2026-04-16 17:57:05 | INFO  | phase_interpret |       Fragment: [5*]N[5*]                                P=0.0009 attr=+0.9517
2026-04-16 17:57:05 | INFO  | phase_interpret |       Fragment: [3*]OC                                   P=0.0010 attr=+0.9516
2026-04-16 17:57:05 | INFO  | phase_interpret |       Fragment: [16*]c1ccc2nc(N)nc(N)c2c1C               P=0.9181 attr=+0.0344
2026-04-16 17:57:05 | INFO  | phase_interpret | 
    micronomicin:
2026-04-16 17:57:05 | INFO  | phase_interpret |       Base P(ecoli) = 0.9851
2026-04-16 17:57:05 | INFO  | phase_interpret |       Fragment: [4*]C[8*]                                P=0.0003 attr=+0.9848
2026-04-16 17:57:05 | INFO  | phase_interpret |       Fragment: [3*]O[3*]                                P=0.0007 attr=+0.9845
2026-04-16 17:57:05 | INFO  | phase_interpret |       Fragment: [5*]NC                                   P=0.0010 attr=+0.9842
2026-04-16 17:57:05 | INFO  | phase_interpret |       Fragment: [13*][C@@H]1CC[C@@H](N)[C@@H]([13*])O1   P=0.0031 attr=+0.9820
2026-04-16 17:57:05 | INFO  | phase_interpret |       Fragment: [15*][C@@H]1[C@@H](O)[C@H]([15*])[C@@H]( P=0.1315 attr=+0.8536
2026-04-16 17:57:05 | INFO  | phase_interpret | 
    SQ-109:
2026-04-16 17:57:05 | INFO  | phase_interpret |       Base P(ecoli) = 0.0000
2026-04-16 17:57:05 | INFO  | phase_interpret |       Fragment: [5*]N[5*]                                P=0.0009 attr=-0.0008
2026-04-16 17:57:05 | INFO  | phase_interpret |       Fragment: [15*]C1[C@H]2C[C@@H]3C[C@@H](C[C@H]1C3)C P=0.0003 attr=-0.0003
2026-04-16 17:57:05 | INFO  | phase_interpret |       Fragment: [7*]CCCC([7*])C                          P=0.0001 attr=-0.0001
2026-04-16 17:57:05 | INFO  | phase_interpret |       Fragment: [7*]C(C)C                                P=0.0000 attr=-0.0000
2026-04-16 17:57:05 | INFO  | phase_interpret |       Fragment: [4*]CC[4*]                               P=0.0000 attr=+0.0000
2026-04-16 17:57:05 | INFO  | phase_interpret | 
    netilmicin:
2026-04-16 17:57:05 | INFO  | phase_interpret |       Base P(ecoli) = 0.9472
2026-04-16 17:57:05 | INFO  | phase_interpret |       Fragment: [4*]CC                                   P=0.0000 attr=+0.9472
2026-04-16 17:57:05 | INFO  | phase_interpret |       Fragment: [15*][C@@H]1[C@@H](O)[C@H]([15*])[C@@H]( P=0.0002 attr=+0.9470
2026-04-16 17:57:05 | INFO  | phase_interpret |       Fragment: [13*][C@H]1OC(CN)=CC[C@H]1N              P=0.0005 attr=+0.9467
2026-04-16 17:57:05 | INFO  | phase_interpret |       Fragment: [3*]O[3*]                                P=0.0007 attr=+0.9466
2026-04-16 17:57:05 | INFO  | phase_interpret |       Fragment: [5*]N[5*]                                P=0.0009 attr=+0.9464
2026-04-16 17:57:05 | INFO  | phase_interpret | 
    macozinone:
2026-04-16 17:57:05 | INFO  | phase_interpret |       Base P(ecoli) = 0.4070
2026-04-16 17:57:05 | INFO  | phase_interpret |       Fragment: [15*]C1CCCCC1                            P=0.0001 attr=+0.4069
2026-04-16 17:57:05 | INFO  | phase_interpret |       Fragment: [14*]c1nc(=O)c2cc([16*])cc([N+](=O)[O-]) P=0.0001 attr=+0.4068
2026-04-16 17:57:05 | INFO  | phase_interpret |       Fragment: [4*]C[8*]                                P=0.0003 attr=+0.4067
2026-04-16 17:57:05 | INFO  | phase_interpret |       Fragment: [8*]C(F)(F)F                             P=0.0017 attr=+0.4052
2026-04-16 17:57:05 | INFO  | phase_interpret |       Fragment: [5*]N1CCN([5*])CC1                       P=0.0115 attr=+0.3955
2026-04-16 17:57:05 | INFO  | phase_interpret | 
    GSK656:
2026-04-16 17:57:05 | INFO  | phase_interpret |       Base P(ecoli) = 0.8801
2026-04-16 17:57:05 | INFO  | phase_interpret |       Fragment: [3*]O[3*]                                P=0.0007 attr=+0.8794
2026-04-16 17:57:05 | INFO  | phase_interpret |       Fragment: [4*]CCO                                  P=0.0012 attr=+0.8789
2026-04-16 17:57:05 | INFO  | phase_interpret |       Fragment: [16*]c1ccc(Cl)c2c1B(O)O[C@@H]2CN         P=0.0650 attr=+0.8151
2026-04-16 17:57:05 | INFO  | phase_interpret | 
    gepotidacin:
2026-04-16 17:57:05 | INFO  | phase_interpret |       Base P(ecoli) = 0.9880
2026-04-16 17:57:05 | INFO  | phase_interpret |       Fragment: [14*]c1cc2c(cn1)OCCC2                    P=0.0001 attr=+0.9879
2026-04-16 17:57:05 | INFO  | phase_interpret |       Fragment: [5*]N1CCC([15*])CC1                      P=0.0000 attr=+0.9879
2026-04-16 17:57:05 | INFO  | phase_interpret |       Fragment: [4*]C[8*]                                P=0.0003 attr=+0.9877
2026-04-16 17:57:05 | INFO  | phase_interpret |       Fragment: [5*]N[5*]                                P=0.0009 attr=+0.9871
2026-04-16 17:57:05 | INFO  | phase_interpret |       Fragment: [4*]C[C@@H]1Cn2c(=O)ccc3ncc(=O)n1c32     P=0.1594 attr=+0.8285
2026-04-16 17:57:05 | INFO  | phase_interpret | 
    vinburnine:
2026-04-16 17:57:05 | INFO  | phase_interpret |       Base P(ecoli) = 0.0001
2026-04-16 17:57:05 | INFO  | phase_interpret |       Fragment: [8*]CC                                   P=0.0000 attr=+0.0001
2026-04-16 17:57:05 | INFO  | phase_interpret |       Fragment: [15*][C@]12CCCN3CCc4c(n(c5ccccc45)C(=O)C P=0.0000 attr=+0.0001
2026-04-16 17:57:05 | INFO  | phase_interpret | 
    sisomicin:
2026-04-16 17:57:05 | INFO  | phase_interpret |       Base P(ecoli) = 0.9575
2026-04-16 17:57:05 | INFO  | phase_interpret |       Fragment: [13*][C@H]1OC(CN)=CC[C@H]1N              P=0.0005 attr=+0.9570
2026-04-16 17:57:05 | INFO  | phase_interpret |       Fragment: [3*]O[3*]                                P=0.0007 attr=+0.9568
2026-04-16 17:57:05 | INFO  | phase_interpret |       Fragment: [5*]NC                                   P=0.0010 attr=+0.9565
2026-04-16 17:57:05 | INFO  | phase_interpret |       Fragment: [15*][C@@H]1[C@@H](O)[C@H]([15*])[C@@H]( P=0.1315 attr=+0.8260
2026-04-16 17:57:05 | INFO  | phase_interpret |       Fragment: [13*][C@H]1OC[C@](C)(O)[C@H]([15*])[C@H] P=0.5465 attr=+0.4111
2026-04-16 17:57:05 | INFO  | phase_interpret | 
    SB-772077B:
2026-04-16 17:57:05 | INFO  | phase_interpret |       Base P(ecoli) = 0.4444
2026-04-16 17:57:05 | INFO  | phase_interpret |       Fragment: [8*]CC                                   P=0.0000 attr=+0.4444
2026-04-16 17:57:05 | INFO  | phase_interpret |       Fragment: [9*]n1c([14*])nc2cncc([16*])c21          P=0.0007 attr=+0.4438
2026-04-16 17:57:05 | INFO  | phase_interpret |       Fragment: [1*]C([6*])=O                            P=0.0025 attr=+0.4420
2026-04-16 17:57:05 | INFO  | phase_interpret |       Fragment: [14*]c1nonc1N                            P=0.0089 attr=+0.4355
2026-04-16 17:57:05 | INFO  | phase_interpret |       Fragment: [5*]N1CC[C@H](N)C1                       P=0.5810 attr=-0.1365
2026-04-16 17:57:05 | INFO  | phase_interpret | 
    guadecitabine:
2026-04-16 17:57:05 | INFO  | phase_interpret |       Base P(ecoli) = 1.0000
2026-04-16 17:57:05 | INFO  | phase_interpret |       Fragment: [13*][C@H]1C[C@H]([15*])[C@@H]([13*])O1  P=0.0003 attr=+0.9997
2026-04-16 17:57:05 | INFO  | phase_interpret |       Fragment: [4*]C[8*]                                P=0.0003 attr=+0.9997
2026-04-16 17:57:05 | INFO  | phase_interpret |       Fragment: [8*]CO                                   P=0.0010 attr=+0.9990
2026-04-16 17:57:05 | INFO  | phase_interpret |       Fragment: [13*][C@H]1C[C@H](O)[C@@H]([13*])O1      P=0.0022 attr=+0.9978
2026-04-16 17:57:05 | INFO  | phase_interpret |       Fragment: [9*]n1cnc2c(=O)nc(N)[nH]c21              P=0.0141 attr=+0.9859
2026-04-16 17:57:05 | INFO  | phase_interpret | 
    sodium-nitroprusside:
2026-04-16 17:57:05 | INFO  | phase_interpret |       Base P(ecoli) = 0.0421
2026-04-16 17:57:05 | INFO  | phase_interpret |       Fragment: N#[C][Fe-2]([C]#N)([C]#N)([C]#N)([C]#N)[ P=0.0421 attr=+0.0000
2026-04-16 17:57:05 | INFO  | phase_interpret | 
    colistimethate:
2026-04-16 17:57:05 | INFO  | phase_interpret |       Base P(ecoli) = 0.4907
2026-04-16 17:57:05 | INFO  | phase_interpret |       Fragment: [1*]C(=O)[C@@H]([4*])CC[4*]              P=0.0000 attr=+0.4907
2026-04-16 17:57:05 | INFO  | phase_interpret |       Fragment: [8*]CC(C)C                               P=0.0000 attr=+0.4907
2026-04-16 17:57:05 | INFO  | phase_interpret |       Fragment: [1*]C(=O)CCCC(C)C                        P=0.0000 attr=+0.4907
2026-04-16 17:57:05 | INFO  | phase_interpret |       Fragment: [4*]CC[8*]                               P=0.0000 attr=+0.4907
2026-04-16 17:57:05 | INFO  | phase_interpret |       Fragment: [1*]C(=O)[C@@H]([4*])[C@@H](C)O          P=0.0001 attr=+0.4906
2026-04-16 17:57:05 | INFO  | phase_interpret | 
  Saved: /scratch/vishakha.agrawal/antibiotic-selectivity-v2/outputs/runs/run_20260315_034033/results/interpret_occlusion_dmpnn.json
2026-04-16 17:57:05 | INFO  | phase_interpret | 
======================================================================
2026-04-16 17:57:05 | INFO  | phase_interpret |   D-MPNN+RDKit OCCLUSION ATTRIBUTION
2026-04-16 17:57:05 | INFO  | phase_interpret | ======================================================================
2026-04-16 17:57:05 | INFO  | phase_interpret |   Found model: /scratch/vishakha.agrawal/antibiotic-selectivity-v2/outputs/runs/run_20260315_034033/models/dmpnn_rdkit/ecoli/fold_0/model_0/best.pt
2026-04-16 17:57:05 | INFO  | phase_interpret |   Using same BRICS occlusion as D-MPNN (with --molecule-featurizers)
2026-04-16 17:57:25 | INFO  | phase_interpret |     retapamulin               base_P=0.4529 frags=5
2026-04-16 17:57:45 | INFO  | phase_interpret |     AFN-1252                  base_P=0.5673 frags=6
2026-04-16 17:58:05 | INFO  | phase_interpret |     trimetrexate              base_P=0.4921 frags=5
2026-04-16 17:58:25 | INFO  | phase_interpret |     micronomicin              base_P=0.3622 frags=6
2026-04-16 17:58:44 | INFO  | phase_interpret |     SQ-109                    base_P=0.0055 frags=6
2026-04-16 17:59:05 | INFO  | phase_interpret |     netilmicin                base_P=0.5132 frags=7
2026-04-16 17:59:24 | INFO  | phase_interpret |     macozinone                base_P=0.2518 frags=5
2026-04-16 17:59:44 | INFO  | phase_interpret |     GSK656                    base_P=0.3725 frags=3
2026-04-16 18:00:04 | INFO  | phase_interpret |     gepotidacin               base_P=0.8791 frags=5
2026-04-16 18:00:23 | INFO  | phase_interpret |     vinburnine                base_P=0.0063 frags=2
2026-04-16 18:00:42 | INFO  | phase_interpret |     sisomicin                 base_P=0.4399 frags=5
2026-04-16 18:01:01 | INFO  | phase_interpret |     SB-772077B                base_P=0.4824 frags=5
2026-04-16 18:01:23 | INFO  | phase_interpret |     guadecitabine             base_P=0.6197 frags=7
2026-04-16 18:01:32 | INFO  | phase_interpret |     sodium-nitroprusside      base_P=0.0614 frags=1
2026-04-16 18:01:53 | INFO  | phase_interpret |     colistimethate            base_P=0.5339 frags=9
2026-04-16 18:01:53 | INFO  | phase_interpret |   Saved: /scratch/vishakha.agrawal/antibiotic-selectivity-v2/outputs/runs/run_20260315_034033/results/interpret_occlusion_dmpnn_rdkit.json
2026-04-16 18:01:53 | INFO  | phase_interpret | 
======================================================================
2026-04-16 18:01:53 | INFO  | phase_interpret |   CheMeleon OCCLUSION ATTRIBUTION
2026-04-16 18:01:53 | INFO  | phase_interpret | ======================================================================
2026-04-16 18:01:54 | INFO  | phase_interpret |   Imported predict_chemeleon from 11_train_chemeleon_frozen.py
2026-04-16 18:01:54 | INFO  | phase_interpret |   Pretrained encoder: /home2/vishakha.agrawal/.chemprop/chemeleon_mp.pt
2026-04-16 18:01:54 | INFO  | phase_interpret |   Model state: /scratch/vishakha.agrawal/antibiotic-selectivity-v2/outputs/runs/run_20260315_034033/models/chemeleon_frozen/ecoli/final_model.pt
2026-04-16 18:02:02 | INFO  | phase_interpret |   Test prediction OK: P=0.6896
2026-04-16 18:02:02 | INFO  | phase_interpret | 
    retapamulin:
2026-04-16 18:02:02 | INFO  | phase_interpret |       Base P(ecoli) = 0.6896
2026-04-16 18:02:03 | INFO  | phase_interpret |       Fragment: [3*]O[3*]                                P=0.0000 attr=+0.6896
2026-04-16 18:02:03 | INFO  | phase_interpret |       Fragment: [11*]S[11*]                              P=0.0000 attr=+0.6896
2026-04-16 18:02:03 | INFO  | phase_interpret |       Fragment: [1*]C(=O)C[4*]                           P=0.0051 attr=+0.6845
2026-04-16 18:02:03 | INFO  | phase_interpret |       Fragment: [15*][C@@H]1C[C@@](C)(C=C)[C@@H](O)[C@H] P=0.0553 attr=+0.6342
2026-04-16 18:02:03 | INFO  | phase_interpret |       Fragment: [15*][C@@H]1C[C@H]2CC[C@@H](C1)N2C       P=0.4817 attr=+0.2079
2026-04-16 18:02:03 | INFO  | phase_interpret | 
    AFN-1252:
2026-04-16 18:02:03 | INFO  | phase_interpret |       Base P(ecoli) = 0.8092
2026-04-16 18:02:04 | INFO  | phase_interpret |       Fragment: [7*]C[8*]                                P=0.0000 attr=+0.8092
2026-04-16 18:02:04 | INFO  | phase_interpret |       Fragment: [4*]C[8*]                                P=0.0000 attr=+0.8092
2026-04-16 18:02:04 | INFO  | phase_interpret |       Fragment: [5*]N([5*])C                             P=0.0000 attr=+0.8092
2026-04-16 18:02:04 | INFO  | phase_interpret |       Fragment: [1*]C(=O)C[7*]                           P=0.0051 attr=+0.8041
2026-04-16 18:02:04 | INFO  | phase_interpret |       Fragment: [14*]c1oc2ccccc2c1C                      P=0.0053 attr=+0.8039
2026-04-16 18:02:04 | INFO  | phase_interpret | 
    trimetrexate:
2026-04-16 18:02:04 | INFO  | phase_interpret |       Base P(ecoli) = 0.5629
2026-04-16 18:02:05 | INFO  | phase_interpret |       Fragment: [16*]c1cc([16*])c([16*])c([16*])c1       P=0.0000 attr=+0.5629
2026-04-16 18:02:05 | INFO  | phase_interpret |       Fragment: [4*]C[8*]                                P=0.0000 attr=+0.5629
2026-04-16 18:02:05 | INFO  | phase_interpret |       Fragment: [5*]N[5*]                                P=0.0000 attr=+0.5629
2026-04-16 18:02:05 | INFO  | phase_interpret |       Fragment: [3*]OC                                   P=0.0226 attr=+0.5403
2026-04-16 18:02:05 | INFO  | phase_interpret |       Fragment: [16*]c1ccc2nc(N)nc(N)c2c1C               P=0.5296 attr=+0.0333
2026-04-16 18:02:05 | INFO  | phase_interpret | 
    micronomicin:
2026-04-16 18:02:05 | INFO  | phase_interpret |       Base P(ecoli) = 0.8369
2026-04-16 18:02:06 | INFO  | phase_interpret |       Fragment: [3*]O[3*]                                P=0.0000 attr=+0.8369
2026-04-16 18:02:06 | INFO  | phase_interpret |       Fragment: [5*]NC                                   P=0.0000 attr=+0.8369
2026-04-16 18:02:06 | INFO  | phase_interpret |       Fragment: [4*]C[8*]                                P=0.0000 attr=+0.8369
2026-04-16 18:02:06 | INFO  | phase_interpret |       Fragment: [15*][C@@H]1[C@@H](O)[C@H]([15*])[C@@H]( P=0.0226 attr=+0.8143
2026-04-16 18:02:06 | INFO  | phase_interpret |       Fragment: [13*][C@H]1OC[C@](C)(O)[C@H]([15*])[C@H] P=0.3676 attr=+0.4693
2026-04-16 18:02:06 | INFO  | phase_interpret | 
    SQ-109:
2026-04-16 18:02:06 | INFO  | phase_interpret |       Base P(ecoli) = 0.2241
2026-04-16 18:02:06 | INFO  | phase_interpret |       Fragment: [7*]C(C)C                                P=0.0000 attr=+0.2241
2026-04-16 18:02:06 | INFO  | phase_interpret |       Fragment: [4*]CC[4*]                               P=0.0000 attr=+0.2241
2026-04-16 18:02:06 | INFO  | phase_interpret |       Fragment: [5*]N[5*]                                P=0.0000 attr=+0.2241
2026-04-16 18:02:06 | INFO  | phase_interpret |       Fragment: [4*]CC[7*]                               P=0.0000 attr=+0.2241
2026-04-16 18:02:06 | INFO  | phase_interpret |       Fragment: [7*]CCCC([7*])C                          P=0.0022 attr=+0.2219
2026-04-16 18:02:06 | INFO  | phase_interpret | 
    netilmicin:
2026-04-16 18:02:07 | INFO  | phase_interpret |       Base P(ecoli) = 0.8743
2026-04-16 18:02:08 | INFO  | phase_interpret |       Fragment: [3*]O[3*]                                P=0.0000 attr=+0.8743
2026-04-16 18:02:08 | INFO  | phase_interpret |       Fragment: [4*]CC                                   P=0.0000 attr=+0.8743
2026-04-16 18:02:08 | INFO  | phase_interpret |       Fragment: [5*]NC                                   P=0.0000 attr=+0.8743
2026-04-16 18:02:08 | INFO  | phase_interpret |       Fragment: [5*]N[5*]                                P=0.0000 attr=+0.8743
2026-04-16 18:02:08 | INFO  | phase_interpret |       Fragment: [15*][C@@H]1[C@@H](O)[C@H]([15*])[C@@H]( P=0.1848 attr=+0.6894
2026-04-16 18:02:08 | INFO  | phase_interpret | 
    macozinone:
2026-04-16 18:02:08 | INFO  | phase_interpret |       Base P(ecoli) = 0.0703
2026-04-16 18:02:08 | INFO  | phase_interpret |       Fragment: [8*]C(F)(F)F                             P=0.9844 attr=-0.9141
2026-04-16 18:02:08 | INFO  | phase_interpret |       Fragment: [4*]C[8*]                                P=0.0000 attr=+0.0703
2026-04-16 18:02:08 | INFO  | phase_interpret |       Fragment: [15*]C1CCCCC1                            P=0.0001 attr=+0.0702
2026-04-16 18:02:08 | INFO  | phase_interpret |       Fragment: [5*]N1CCN([5*])CC1                       P=0.0045 attr=+0.0658
2026-04-16 18:02:08 | INFO  | phase_interpret |       Fragment: [14*]c1nc(=O)c2cc([16*])cc([N+](=O)[O-]) P=0.0335 attr=+0.0368
2026-04-16 18:02:08 | INFO  | phase_interpret | 
    GSK656:
2026-04-16 18:02:09 | INFO  | phase_interpret |       Base P(ecoli) = 0.4939
2026-04-16 18:02:09 | INFO  | phase_interpret |       Fragment: [3*]O[3*]                                P=0.0000 attr=+0.4939
2026-04-16 18:02:09 | INFO  | phase_interpret |       Fragment: [4*]CCO                                  P=0.0002 attr=+0.4937
2026-04-16 18:02:09 | INFO  | phase_interpret |       Fragment: [16*]c1ccc(Cl)c2c1B(O)O[C@@H]2CN         P=0.3532 attr=+0.1407
2026-04-16 18:02:09 | INFO  | phase_interpret | 
    gepotidacin:
2026-04-16 18:02:09 | INFO  | phase_interpret |       Base P(ecoli) = 0.6756
2026-04-16 18:02:10 | INFO  | phase_interpret |       Fragment: [4*]C[8*]                                P=0.0000 attr=+0.6756
2026-04-16 18:02:10 | INFO  | phase_interpret |       Fragment: [5*]N[5*]                                P=0.0000 attr=+0.6756
2026-04-16 18:02:10 | INFO  | phase_interpret |       Fragment: [5*]N1CCC([15*])CC1                      P=0.0006 attr=+0.6750
2026-04-16 18:02:10 | INFO  | phase_interpret |       Fragment: [14*]c1cc2c(cn1)OCCC2                    P=0.0048 attr=+0.6709
2026-04-16 18:02:10 | INFO  | phase_interpret |       Fragment: [4*]C[C@@H]1Cn2c(=O)ccc3ncc(=O)n1c32     P=0.0549 attr=+0.6207
2026-04-16 18:02:10 | INFO  | phase_interpret | 
    vinburnine:
2026-04-16 18:02:10 | INFO  | phase_interpret |       Base P(ecoli) = 0.0089
2026-04-16 18:02:10 | INFO  | phase_interpret |       Fragment: [8*]CC                                   P=0.0000 attr=+0.0089
2026-04-16 18:02:10 | INFO  | phase_interpret |       Fragment: [15*][C@]12CCCN3CCc4c(n(c5ccccc45)C(=O)C P=0.0042 attr=+0.0047
2026-04-16 18:02:10 | INFO  | phase_interpret | 
    sisomicin:
2026-04-16 18:02:10 | INFO  | phase_interpret |       Base P(ecoli) = 0.7982
2026-04-16 18:02:11 | INFO  | phase_interpret |       Fragment: [3*]O[3*]                                P=0.0000 attr=+0.7982
2026-04-16 18:02:11 | INFO  | phase_interpret |       Fragment: [5*]NC                                   P=0.0000 attr=+0.7982
2026-04-16 18:02:11 | INFO  | phase_interpret |       Fragment: [15*][C@@H]1[C@@H](O)[C@H]([15*])[C@@H]( P=0.0226 attr=+0.7756
2026-04-16 18:02:11 | INFO  | phase_interpret |       Fragment: [13*][C@H]1OC(CN)=CC[C@H]1N              P=0.1958 attr=+0.6024
2026-04-16 18:02:11 | INFO  | phase_interpret |       Fragment: [13*][C@H]1OC[C@](C)(O)[C@H]([15*])[C@H] P=0.3676 attr=+0.4306
2026-04-16 18:02:11 | INFO  | phase_interpret | 
    SB-772077B:
2026-04-16 18:02:11 | INFO  | phase_interpret |       Base P(ecoli) = 0.7037
2026-04-16 18:02:12 | INFO  | phase_interpret |       Fragment: [1*]C([6*])=O                            P=0.0000 attr=+0.7037
2026-04-16 18:02:12 | INFO  | phase_interpret |       Fragment: [8*]CC                                   P=0.0000 attr=+0.7037
2026-04-16 18:02:12 | INFO  | phase_interpret |       Fragment: [14*]c1nonc1N                            P=0.0000 attr=+0.7037
2026-04-16 18:02:12 | INFO  | phase_interpret |       Fragment: [9*]n1c([14*])nc2cncc([16*])c21          P=0.0104 attr=+0.6933
2026-04-16 18:02:12 | INFO  | phase_interpret |       Fragment: [5*]N1CC[C@H](N)C1                       P=0.3564 attr=+0.3473
2026-04-16 18:02:12 | INFO  | phase_interpret | 
    guadecitabine:
2026-04-16 18:02:12 | INFO  | phase_interpret |       Base P(ecoli) = 0.7738
2026-04-16 18:02:13 | INFO  | phase_interpret |       Fragment: [4*]C[8*]                                P=0.0000 attr=+0.7738
2026-04-16 18:02:13 | INFO  | phase_interpret |       Fragment: [9*]n1cnc(N)nc1=O                        P=0.0000 attr=+0.7738
2026-04-16 18:02:13 | INFO  | phase_interpret |       Fragment: [13*][C@H]1C[C@H]([15*])[C@@H]([13*])O1  P=0.0044 attr=+0.7694
2026-04-16 18:02:13 | INFO  | phase_interpret |       Fragment: [8*]CO                                   P=0.0226 attr=+0.7512
2026-04-16 18:02:13 | INFO  | phase_interpret |       Fragment: [9*]n1cnc2c(=O)nc(N)[nH]c21              P=0.0843 attr=+0.6895
2026-04-16 18:02:13 | INFO  | phase_interpret | 
    sodium-nitroprusside:
2026-04-16 18:02:13 | INFO  | phase_interpret |       Base P(ecoli) = 0.0725
2026-04-16 18:02:13 | INFO  | phase_interpret |       Fragment: N#[C][Fe-2]([C]#N)([C]#N)([C]#N)([C]#N)[ P=0.0725 attr=+0.0000
2026-04-16 18:02:13 | INFO  | phase_interpret | 
    colistimethate:
2026-04-16 18:02:13 | INFO  | phase_interpret |       Base P(ecoli) = 0.6619
2026-04-16 18:02:15 | INFO  | phase_interpret |       Fragment: [4*]CC[8*]                               P=0.0000 attr=+0.6619
2026-04-16 18:02:15 | INFO  | phase_interpret |       Fragment: [8*]CC(C)C                               P=0.0000 attr=+0.6618
2026-04-16 18:02:15 | INFO  | phase_interpret |       Fragment: [5*]N[5*]                                P=0.0000 attr=+0.6618
2026-04-16 18:02:15 | INFO  | phase_interpret |       Fragment: [8*][C@@H](C)O                           P=0.0002 attr=+0.6616
2026-04-16 18:02:15 | INFO  | phase_interpret |       Fragment: [5*]NCS(=O)(=O)O                         P=0.0010 attr=+0.6608
2026-04-16 18:02:15 | INFO  | phase_interpret | 
  Saved: /scratch/vishakha.agrawal/antibiotic-selectivity-v2/outputs/runs/run_20260315_034033/results/interpret_occlusion_chemeleon.json
2026-04-16 18:02:15 | INFO  | phase_interpret | 
======================================================================
2026-04-16 18:02:15 | INFO  | phase_interpret |   MoLFormer ATTENTION WEIGHTS
2026-04-16 18:02:15 | INFO  | phase_interpret | ======================================================================
2026-04-16 18:02:15 | INFO  | phase_interpret |   Loading MoLFormer from: /scratch/vishakha.agrawal/antibiotic-selectivity-v2/outputs/runs/run_20260315_034033/models/molformer/ecoli/final/molformer_finetuned.pt
2026-04-16 18:02:20 | INFO  | phase_interpret |   Loaded finetuned encoder weights (exact match)
2026-04-16 18:02:20 | INFO  | phase_interpret |     retapamulin              : top tokens = N(0.046), S(0.039), C(0.032), =(0.029), C(0.025)
2026-04-16 18:02:20 | INFO  | phase_interpret |     AFN-1252                 : top tokens = o(0.055), =(0.046), N(0.044), c(0.038), n(0.036)
2026-04-16 18:02:20 | INFO  | phase_interpret |     trimetrexate             : top tokens = N(0.052), N(0.046), N(0.040), C(0.037), n(0.037)
2026-04-16 18:02:20 | INFO  | phase_interpret |     micronomicin             : top tokens = N(0.036), N(0.035), N(0.034), [C@H](0.030), O(0.030)
2026-04-16 18:02:20 | INFO  | phase_interpret |     SQ-109                   : top tokens = 1(0.044), N(0.043), N(0.038), [C@H](0.036), 3(0.035)
2026-04-16 18:02:20 | INFO  | phase_interpret |     netilmicin               : top tokens = N(0.047), N(0.032), =(0.032), [C@](0.029), C(0.029)
2026-04-16 18:02:20 | INFO  | phase_interpret |     macozinone               : top tokens = s(0.067), C(0.037), N(0.035), n(0.035), N(0.034)
2026-04-16 18:02:20 | INFO  | phase_interpret |     GSK656                   : top tokens = B(0.078), O(0.062), O(0.057), N(0.053), c(0.047)
2026-04-16 18:02:21 | INFO  | phase_interpret |     gepotidacin              : top tokens = N(0.055), 3(0.046), n(0.036), n(0.034), N(0.031)
2026-04-16 18:02:21 | INFO  | phase_interpret |     vinburnine               : top tokens = n(0.059), C(0.053), N(0.043), 2(0.041), c(0.040)
2026-04-16 18:02:21 | INFO  | phase_interpret |     sisomicin                : top tokens = N(0.034), =(0.034), N(0.033), C(0.030), C(0.030)
2026-04-16 18:02:21 | INFO  | phase_interpret |     SB-772077B               : top tokens = N(0.047), N(0.045), o(0.045), c(0.039), c(0.039)
2026-04-16 18:02:21 | INFO  | phase_interpret |     guadecitabine            : top tokens = n(0.034), O(0.031), [nH](0.029), O(0.028), C(0.026)
2026-04-16 18:02:21 | INFO  | phase_interpret |     sodium-nitroprusside     : top tokens = ((0.047), ((0.043), ((0.043), [Fe-2](0.043), ((0.042)
2026-04-16 18:02:21 | INFO  | phase_interpret |     colistimethate           : top tokens = 1(0.026), 1(0.022), S(0.015), C(0.013), S(0.012)
2026-04-16 18:02:21 | INFO  | phase_interpret | 
  Saved: /scratch/vishakha.agrawal/antibiotic-selectivity-v2/outputs/runs/run_20260315_034033/results/interpret_molformer_attention.json
2026-04-16 18:02:21 | INFO  | phase_interpret | 
  Generating figures...
2026-04-16 18:02:23 | INFO  | phase_interpret |   Figure: interpret_rf_importance
2026-04-16 18:02:23 | INFO  | phase_interpret |   Figure: interpret_rf_per_compound
2026-04-16 18:02:23 | INFO  | phase_interpret | 
  Saved: /scratch/vishakha.agrawal/antibiotic-selectivity-v2/outputs/runs/run_20260315_034033/results/interpret_summary.json
2026-04-16 18:02:23 | INFO  | phase_interpret | 
======================================================================
2026-04-16 18:02:23 | INFO  | phase_interpret |   INTERPRETABILITY SUMMARY
2026-04-16 18:02:23 | INFO  | phase_interpret | ======================================================================
2026-04-16 18:02:23 | INFO  | phase_interpret |   RF:        complete (30 bits, top-30 explains 19.7%)
2026-04-16 18:02:23 | INFO  | phase_interpret |   D-MPNN:    complete
2026-04-16 18:02:23 | INFO  | phase_interpret |   CheMeleon: complete (15 compounds)
2026-04-16 18:02:23 | INFO  | phase_interpret |   MoLFormer: complete
2026-04-16 18:02:23 | INFO  | phase_interpret |   D-MPNN+RDKit: complete (15 compounds)
2026-04-16 18:02:23 | INFO  | phase_interpret | ======================================================================
2026-04-16 18:02:23 | INFO  | phase_interpret | ============================================================
2026-04-16 18:02:23 | INFO  | phase_interpret |  COMPLETED: Phase C: Interpretability
2026-04-16 18:02:23 | INFO  | phase_interpret |  Elapsed: 5m 56.9s
2026-04-16 18:02:23 | INFO  | phase_interpret | ============================================================
