2026-04-03 14:23:15 | INFO  | phase_ext_benchmark | Logging to file: /scratch/vishakha.agrawal/antibiotic-selectivity-v2/logs/phase_ext_benchmark.log
2026-04-03 14:23:15 | INFO  | phase_ext_benchmark | ============================================================
2026-04-03 14:23:15 | INFO  | phase_ext_benchmark |  STARTING: Phase A: External Benchmark Comparison
2026-04-03 14:23:15 | INFO  | phase_ext_benchmark | ============================================================
2026-04-03 14:23:15 | INFO  | phase_ext_benchmark |   Stokes S2 (Cell 2020): cached (1.4 MB)
2026-04-03 14:23:15 | INFO  | phase_ext_benchmark |   Wong repo: cached (5645 MB)
2026-04-03 14:23:15 | INFO  | phase_ext_benchmark | 
  Loading Stokes supplementary tables...
2026-04-03 14:23:16 | INFO  | phase_ext_benchmark |   S2B (D-MPNN): 4496 compounds, 53 validated active
2026-04-03 14:23:16 | INFO  | phase_ext_benchmark |   S2F (RF): 4496 compounds
2026-04-03 14:23:17 | INFO  | phase_ext_benchmark |   S2H (Tanimoto): 2335 training compounds
2026-04-03 14:23:17 | INFO  | phase_ext_benchmark |   Our rf: 6739 compounds
2026-04-03 14:23:17 | INFO  | phase_ext_benchmark |   Our dmpnn: 6739 compounds
2026-04-03 14:23:17 | INFO  | phase_ext_benchmark |   Our chemeleon_frozen: 6739 compounds
2026-04-03 14:23:17 | INFO  | phase_ext_benchmark |   Our molformer: 6739 compounds
2026-04-03 14:23:17 | INFO  | phase_ext_benchmark | 
  Merging Stokes predictions with our results...
2026-04-03 14:23:17 | INFO  | phase_ext_benchmark |   Matched 616 / 6739 compounds by SMILES to Stokes
2026-04-03 14:23:17 | INFO  | phase_ext_benchmark |   Trying name-based matching as fallback...
2026-04-03 14:23:22 | INFO  | phase_ext_benchmark |   After name matching: 4343 matched
2026-04-03 14:23:22 | INFO  | phase_ext_benchmark | 
  Saved: /scratch/vishakha.agrawal/antibiotic-selectivity-v2/outputs/runs/run_20260315_034033/results/external_stokes_comparison.csv
2026-04-03 14:23:22 | INFO  | phase_ext_benchmark | 
======================================================================
2026-04-03 14:23:22 | INFO  | phase_ext_benchmark |   HALICIN CASE STUDY
2026-04-03 14:23:22 | INFO  | phase_ext_benchmark | ======================================================================
2026-04-03 14:23:22 | INFO  | phase_ext_benchmark |   Stokes: rank #89, score=0.3315, validated=YES
2026-04-03 14:23:22 | INFO  | phase_ext_benchmark |   Our rf                  : rank #6000, S=0.0849
2026-04-03 14:23:22 | INFO  | phase_ext_benchmark |   Our dmpnn               : rank #4941, S=0.0003
2026-04-03 14:23:22 | INFO  | phase_ext_benchmark |   Our chemeleon_frozen    : rank #6647, S=0.0005
2026-04-03 14:23:22 | INFO  | phase_ext_benchmark |   Our molformer           : rank #3448, S=0.0071
2026-04-03 14:23:22 | INFO  | phase_ext_benchmark | 
  Interpretation: Halicin is a broad-spectrum antibiotic that kills E. coli, M. tuberculosis, A. baumannii, and C. difficile. Stokes et al. ranked it #1 because their model predicts pathogen killing only. Our pipeline correctly assigns low selectivity because halicin would also devastate gut commensals. This demonstrates that our selectivity framework successfully distinguishes microbiome-sparing from broad-spectrum compounds.
2026-04-03 14:23:22 | INFO  | phase_ext_benchmark |   Saved: /scratch/vishakha.agrawal/antibiotic-selectivity-v2/outputs/runs/run_20260315_034033/results/external_halicin_case_study.json
2026-04-03 14:23:22 | INFO  | phase_ext_benchmark | 
======================================================================
2026-04-03 14:23:22 | INFO  | phase_ext_benchmark |   STOKES VALIDATED ACTIVES vs OUR SELECTIVITY
2026-04-03 14:23:22 | INFO  | phase_ext_benchmark | ======================================================================
2026-04-03 14:23:22 | INFO  | phase_ext_benchmark |   51 Stokes-validated active compounds found in our Hub
2026-04-03 14:23:22 | INFO  | phase_ext_benchmark | 
  Name                        Stokes     RF S  RF rank  DMPNN S    Inhib
2026-04-03 14:23:22 | INFO  | phase_ext_benchmark |   ---------------------------------------------------------------------------
2026-04-03 14:23:22 | INFO  | phase_ext_benchmark |   cefmenoxime                      1   0.0290     6641   0.0055   0.0450
2026-04-03 14:23:22 | INFO  | phase_ext_benchmark |   ulifloxacin                      2   0.3796      106   0.0105   0.0504
2026-04-03 14:23:22 | INFO  | phase_ext_benchmark |   cefotiam                         3   0.0278     6646   0.0065   0.0449
2026-04-03 14:23:22 | INFO  | phase_ext_benchmark |   ceftriaxone                      4   0.0464     6519   0.0025   0.0425
2026-04-03 14:23:22 | INFO  | phase_ext_benchmark |   balofloxacin                     5   0.0784     6106   0.0277   0.0411
2026-04-03 14:23:22 | INFO  | phase_ext_benchmark |   danofloxacin                     7   0.1352     4517   0.0199   0.0452
2026-04-03 14:23:22 | INFO  | phase_ext_benchmark |   besifloxacin                     8   0.0683     6272   0.0076   0.0410
2026-04-03 14:23:22 | INFO  | phase_ext_benchmark |   cefodizime                      10   0.0355     6602   0.0026   0.0420
2026-04-03 14:23:22 | INFO  | phase_ext_benchmark |   trovafloxacin                   11   0.1311     4671   0.0218   0.0422
2026-04-03 14:23:22 | INFO  | phase_ext_benchmark |   cefpirome                       12   0.0708     6239   0.0016   0.0469
2026-04-03 14:23:22 | INFO  | phase_ext_benchmark |   cefotiam-cilexetil              13   0.1189     5117   0.0061   0.0444
2026-04-03 14:23:22 | INFO  | phase_ext_benchmark |   sitafloxacin                    14   0.0927     5835   0.0069   0.0407
2026-04-03 14:23:22 | INFO  | phase_ext_benchmark |   ceftizoxim                      15   0.2488      753   0.0394   0.0447
2026-04-03 14:23:22 | INFO  | phase_ext_benchmark |   cefoselis                       17   0.0602     6383   0.0024   0.0662
2026-04-03 14:23:22 | INFO  | phase_ext_benchmark |   cefotaxime                      18   0.0320     6617   0.0097   0.0413
2026-04-03 14:23:22 | INFO  | phase_ext_benchmark |   ceftazidime                     19   0.0362     6598   0.0029   0.0449
2026-04-03 14:23:22 | INFO  | phase_ext_benchmark |   cefetamet                       20   0.0642     6335   0.0167   0.0430
2026-04-03 14:23:22 | INFO  | phase_ext_benchmark |   cefuroxime                      22   0.0370     6594   0.0052   0.1859
2026-04-03 14:23:22 | INFO  | phase_ext_benchmark |   thiomersal                      23   0.1425     4230   0.0186   0.0491
2026-04-03 14:23:22 | INFO  | phase_ext_benchmark |   cefoxitin                       24   0.0838     6029   0.0609   0.0415
2026-04-03 14:23:22 | INFO  | phase_ext_benchmark |   cefonicid                       25   0.0476     6510   0.0176   0.0442
2026-04-03 14:23:22 | INFO  | phase_ext_benchmark |   cefetamet-pivoxil               27   0.1507     3869   0.1202   0.0471
2026-04-03 14:23:22 | INFO  | phase_ext_benchmark |   finafloxacin                    28   0.0504     6487   0.0161   0.0428
2026-04-03 14:23:22 | INFO  | phase_ext_benchmark |   moxalactam                      29   0.1236     4935   0.1271   0.0588
2026-04-03 14:23:22 | INFO  | phase_ext_benchmark |   cefozopran                      30   0.0790     6093   0.0032   0.0415
2026-04-03 14:23:22 | INFO  | phase_ext_benchmark |   oxolinic-acid                   34   0.3345      165   0.3900   0.0508
2026-04-03 14:23:22 | INFO  | phase_ext_benchmark |   carumonam                       35   0.5456       15   0.9883   0.0414
2026-04-03 14:23:22 | INFO  | phase_ext_benchmark |   piperacillin                    36   0.0206     6676   0.0110   0.0457
2026-04-03 14:23:22 | INFO  | phase_ext_benchmark |   bleomycin                       37   0.2188     1396   0.0714   0.0416
2026-04-03 14:23:22 | INFO  | phase_ext_benchmark |   ceftaroline-fosamil             38   0.0801     6079   0.0023   0.0433
2026-04-03 14:23:22 | INFO  | phase_ext_benchmark | 
  Stokes actives with OUR S > 0.3 (selective): 10
2026-04-03 14:23:22 | INFO  | phase_ext_benchmark |   Stokes actives with OUR S < 0.1 (broad-spectrum): 21
2026-04-03 14:23:22 | INFO  | phase_ext_benchmark | 
======================================================================
2026-04-03 14:23:22 | INFO  | phase_ext_benchmark |   OUR TOP CANDIDATES IN STOKES' RANKINGS
2026-04-03 14:23:22 | INFO  | phase_ext_benchmark | ======================================================================
2026-04-03 14:23:23 | INFO  | phase_ext_benchmark | 
  Name                       Models   Our S   Stokes  S rank  Active?
2026-04-03 14:23:23 | INFO  | phase_ext_benchmark |   ----------------------------------------------------------------------
2026-04-03 14:23:23 | INFO  | phase_ext_benchmark |   micronomicin                    4   1.000   0.2825     108       NO
2026-04-03 14:23:23 | INFO  | phase_ext_benchmark |   SQ-109                          4   1.000   0.0047    3348       NO
2026-04-03 14:23:23 | INFO  | phase_ext_benchmark |   netilmicin                      4   1.000      N/A     N/A      N/A
2026-04-03 14:23:23 | INFO  | phase_ext_benchmark |   retapamulin                     4   1.000   0.0197    1624       NO
2026-04-03 14:23:23 | INFO  | phase_ext_benchmark |   AFN-1252                        4   0.998   0.0003    4485      YES
2026-04-03 14:23:23 | INFO  | phase_ext_benchmark |   GSK656                          4   0.995      N/A     N/A      N/A
2026-04-03 14:23:23 | INFO  | phase_ext_benchmark |   trimetrexate                    4   0.992      N/A     N/A      N/A
2026-04-03 14:23:23 | INFO  | phase_ext_benchmark |   sisomicin                       4   0.989      N/A     N/A      N/A
2026-04-03 14:23:23 | INFO  | phase_ext_benchmark |   relebactam                      3   1.000   0.0467     765       NO
2026-04-03 14:23:23 | INFO  | phase_ext_benchmark |   gentamycin                      3   1.000   0.3553      82       NO
2026-04-03 14:23:23 | INFO  | phase_ext_benchmark |   BTZ043-racemate                 3   1.000   0.0859     383       NO
2026-04-03 14:23:23 | INFO  | phase_ext_benchmark |   Q-203                           3   1.000   0.0330    1086       NO
2026-04-03 14:23:23 | INFO  | phase_ext_benchmark |   macozinone                      3   0.999      N/A     N/A      N/A
2026-04-03 14:23:23 | INFO  | phase_ext_benchmark |   boronophenylalanine             3   0.999   0.0023    3985       NO
2026-04-03 14:23:23 | INFO  | phase_ext_benchmark |   monocrotaline                   3   0.998      N/A     N/A      N/A
2026-04-03 14:23:23 | INFO  | phase_ext_benchmark |   vindesine                       3   0.998   0.0226    1472       NO
2026-04-03 14:23:23 | INFO  | phase_ext_benchmark |   epetraborole                    3   0.997      N/A     N/A      N/A
2026-04-03 14:23:23 | INFO  | phase_ext_benchmark |   IKK-2-inhibitor-V               3   0.997   0.0133    2133       NO
2026-04-03 14:23:23 | INFO  | phase_ext_benchmark |   CH-170                          3   0.997   0.0251    1337       NO
2026-04-03 14:23:23 | INFO  | phase_ext_benchmark |   alafosfalin                     3   0.996   0.0070    2933       NO
2026-04-03 14:23:23 | INFO  | phase_ext_benchmark |   doxofylline                     3   0.994      N/A     N/A      N/A
2026-04-03 14:23:23 | INFO  | phase_ext_benchmark |   gepotidacin                     3   0.994      N/A     N/A      N/A
2026-04-03 14:23:23 | INFO  | phase_ext_benchmark |   vinburnine                      3   0.993   0.0093    2589       NO
2026-04-03 14:23:23 | INFO  | phase_ext_benchmark |   dihydrostreptomycin             3   0.993      N/A     N/A      N/A
2026-04-03 14:23:23 | INFO  | phase_ext_benchmark |   isepamicin                      3   0.992   0.4061      66      YES
2026-04-03 14:23:23 | INFO  | phase_ext_benchmark |   OP-0595                         3   0.992      N/A     N/A      N/A
2026-04-03 14:23:23 | INFO  | phase_ext_benchmark |   streptomycin                    3   0.991      N/A     N/A      N/A
2026-04-03 14:23:23 | INFO  | phase_ext_benchmark |   Proxyphylline                   3   0.988      N/A     N/A      N/A
2026-04-03 14:23:23 | INFO  | phase_ext_benchmark |   thiophanate                     3   0.983      N/A     N/A      N/A
2026-04-03 14:23:23 | INFO  | phase_ext_benchmark |   SB-772077B                      3   0.975   0.0516     685       NO
2026-04-03 14:23:23 | INFO  | phase_ext_benchmark | 
======================================================================
2026-04-03 14:23:23 | INFO  | phase_ext_benchmark |   CORRELATION: OUR MODELS vs STOKES D-MPNN
2026-04-03 14:23:23 | INFO  | phase_ext_benchmark | ======================================================================
2026-04-03 14:23:23 | INFO  | phase_ext_benchmark |   rf                  : rho=0.1766 (p=9.11e-32), n=4343
2026-04-03 14:23:23 | INFO  | phase_ext_benchmark |   dmpnn               : rho=0.1535 (p=2.55e-24), n=4343
2026-04-03 14:23:23 | INFO  | phase_ext_benchmark |   chemeleon_frozen    : rho=0.1611 (p=1.20e-26), n=4343
2026-04-03 14:23:23 | INFO  | phase_ext_benchmark |   molformer           : rho=0.1887 (p=4.28e-36), n=4343
2026-04-03 14:23:23 | INFO  | phase_ext_benchmark | 
  NOTE: Low correlation is EXPECTED because Stokes predicts activity only,
2026-04-03 14:23:23 | INFO  | phase_ext_benchmark |   while our S penalizes gut harm. Broad-spectrum compounds have high Stokes
2026-04-03 14:23:23 | INFO  | phase_ext_benchmark |   scores but low S in our pipeline.
2026-04-03 14:23:23 | INFO  | phase_ext_benchmark | 
======================================================================
2026-04-03 14:23:23 | INFO  | phase_ext_benchmark |   WONG et al. (Nature, 2024) DATA ANALYSIS
2026-04-03 14:23:23 | INFO  | phase_ext_benchmark | ======================================================================
2026-04-03 14:23:23 | INFO  | phase_ext_benchmark |   Found 1141 CSV files in repo
2026-04-03 14:23:23 | INFO  | phase_ext_benchmark |     Extracted: antibioticsai-main/library_predictions/broad800_predictions_final/0p.csv
2026-04-03 14:23:23 | INFO  | phase_ext_benchmark |     Extracted: antibioticsai-main/library_predictions/broad800_predictions_final/1p.csv
2026-04-03 14:23:23 | INFO  | phase_ext_benchmark |     Extracted: antibioticsai-main/library_predictions/broad800_predictions_final/2p.csv
2026-04-03 14:23:23 | INFO  | phase_ext_benchmark |     Extracted: antibioticsai-main/library_predictions/broad800_predictions_final/3p.csv
2026-04-03 14:23:23 | INFO  | phase_ext_benchmark |     Extracted: antibioticsai-main/library_predictions/broad800_predictions_final/4p.csv
2026-04-03 14:23:23 | INFO  | phase_ext_benchmark |     Extracted: antibioticsai-main/library_predictions/broad800_predictions_final/5p.csv
2026-04-03 14:23:23 | INFO  | phase_ext_benchmark |     Extracted: antibioticsai-main/library_predictions/broad800_predictions_final/6p.csv
2026-04-03 14:23:23 | INFO  | phase_ext_benchmark |     Extracted: antibioticsai-main/library_predictions/broad800_predictions_final/7p.csv
2026-04-03 14:23:23 | INFO  | phase_ext_benchmark |     Extracted: antibioticsai-main/library_predictions/mcule_predictions_final/0p.csv
2026-04-03 14:23:23 | INFO  | phase_ext_benchmark |     Extracted: antibioticsai-main/library_predictions/mcule_predictions_final/1000p.csv
2026-04-03 14:23:23 | INFO  | phase_ext_benchmark |     Extracted: antibioticsai-main/library_predictions/mcule_predictions_final/1001p.csv
2026-04-03 14:23:23 | INFO  | phase_ext_benchmark |     Extracted: antibioticsai-main/library_predictions/mcule_predictions_final/1002p.csv
2026-04-03 14:23:23 | INFO  | phase_ext_benchmark |     Extracted: antibioticsai-main/library_predictions/mcule_predictions_final/1003p.csv
2026-04-03 14:23:23 | INFO  | phase_ext_benchmark |     Extracted: antibioticsai-main/library_predictions/mcule_predictions_final/1004p.csv
2026-04-03 14:23:23 | INFO  | phase_ext_benchmark |     Extracted: antibioticsai-main/library_predictions/mcule_predictions_final/1005p.csv
2026-04-03 14:23:23 | INFO  | phase_ext_benchmark |     Extracted: antibioticsai-main/library_predictions/mcule_predictions_final/1006p.csv
2026-04-03 14:23:23 | INFO  | phase_ext_benchmark |     Extracted: antibioticsai-main/library_predictions/mcule_predictions_final/1007p.csv
2026-04-03 14:23:23 | INFO  | phase_ext_benchmark |     Extracted: antibioticsai-main/library_predictions/mcule_predictions_final/1008p.csv
2026-04-03 14:23:23 | INFO  | phase_ext_benchmark |     Extracted: antibioticsai-main/library_predictions/mcule_predictions_final/1009p.csv
2026-04-03 14:23:23 | INFO  | phase_ext_benchmark |     Extracted: antibioticsai-main/library_predictions/mcule_predictions_final/100p.csv
2026-04-03 14:23:23 | INFO  | phase_ext_benchmark |     Extracted: antibioticsai-main/library_predictions/mcule_predictions_final/1010p.csv
2026-04-03 14:23:23 | INFO  | phase_ext_benchmark |     Extracted: antibioticsai-main/library_predictions/mcule_predictions_final/1011p.csv
2026-04-03 14:23:23 | INFO  | phase_ext_benchmark |     Extracted: antibioticsai-main/library_predictions/mcule_predictions_final/1012p.csv
2026-04-03 14:23:23 | INFO  | phase_ext_benchmark |     Extracted: antibioticsai-main/library_predictions/mcule_predictions_final/1013p.csv
2026-04-03 14:23:23 | INFO  | phase_ext_benchmark |     Extracted: antibioticsai-main/library_predictions/mcule_predictions_final/1014p.csv
2026-04-03 14:23:23 | INFO  | phase_ext_benchmark |     Extracted: antibioticsai-main/library_predictions/mcule_predictions_final/1015p.csv
2026-04-03 14:23:23 | INFO  | phase_ext_benchmark |     Extracted: antibioticsai-main/library_predictions/mcule_predictions_final/1016p.csv
2026-04-03 14:23:23 | INFO  | phase_ext_benchmark |     Extracted: antibioticsai-main/library_predictions/mcule_predictions_final/1017p.csv
2026-04-03 14:23:23 | INFO  | phase_ext_benchmark |     Extracted: antibioticsai-main/library_predictions/mcule_predictions_final/1018p.csv
2026-04-03 14:23:23 | INFO  | phase_ext_benchmark |     Extracted: antibioticsai-main/library_predictions/mcule_predictions_final/1019p.csv
2026-04-03 14:23:23 | INFO  | phase_ext_benchmark |     Extracted: antibioticsai-main/library_predictions/mcule_predictions_final/101p.csv
2026-04-03 14:23:23 | INFO  | phase_ext_benchmark |     Extracted: antibioticsai-main/library_predictions/mcule_predictions_final/1020p.csv
2026-04-03 14:23:23 | INFO  | phase_ext_benchmark |     Extracted: antibioticsai-main/library_predictions/mcule_predictions_final/1021p.csv
2026-04-03 14:23:23 | INFO  | phase_ext_benchmark |     Extracted: antibioticsai-main/library_predictions/mcule_predictions_final/1022p.csv
2026-04-03 14:23:23 | INFO  | phase_ext_benchmark |     Extracted: antibioticsai-main/library_predictions/mcule_predictions_final/1023p.csv
2026-04-03 14:23:23 | INFO  | phase_ext_benchmark |     Extracted: antibioticsai-main/library_predictions/mcule_predictions_final/1024p.csv
2026-04-03 14:23:23 | INFO  | phase_ext_benchmark |     Extracted: antibioticsai-main/library_predictions/mcule_predictions_final/1025p.csv
2026-04-03 14:23:23 | INFO  | phase_ext_benchmark |     Extracted: antibioticsai-main/library_predictions/mcule_predictions_final/1026p.csv
2026-04-03 14:23:23 | INFO  | phase_ext_benchmark |     Extracted: antibioticsai-main/library_predictions/mcule_predictions_final/1027p.csv
2026-04-03 14:23:23 | INFO  | phase_ext_benchmark |     Extracted: antibioticsai-main/library_predictions/mcule_predictions_final/1028p.csv
2026-04-03 14:23:23 | INFO  | phase_ext_benchmark |     Extracted: antibioticsai-main/library_predictions/mcule_predictions_final/1029p.csv
2026-04-03 14:23:23 | INFO  | phase_ext_benchmark |     Extracted: antibioticsai-main/library_predictions/mcule_predictions_final/102p.csv
2026-04-03 14:23:23 | INFO  | phase_ext_benchmark |     Extracted: antibioticsai-main/library_predictions/mcule_predictions_final/1030p.csv
2026-04-03 14:23:23 | INFO  | phase_ext_benchmark |     Extracted: antibioticsai-main/library_predictions/mcule_predictions_final/1031p.csv
2026-04-03 14:23:23 | INFO  | phase_ext_benchmark |     Extracted: antibioticsai-main/library_predictions/mcule_predictions_final/1032p.csv
2026-04-03 14:23:23 | INFO  | phase_ext_benchmark |     Extracted: antibioticsai-main/library_predictions/mcule_predictions_final/1033p.csv
2026-04-03 14:23:23 | INFO  | phase_ext_benchmark |     Extracted: antibioticsai-main/library_predictions/mcule_predictions_final/1034p.csv
2026-04-03 14:23:23 | INFO  | phase_ext_benchmark |     Extracted: antibioticsai-main/library_predictions/mcule_predictions_final/1035p.csv
2026-04-03 14:23:23 | INFO  | phase_ext_benchmark |     Extracted: antibioticsai-main/library_predictions/mcule_predictions_final/1036p.csv
2026-04-03 14:23:23 | INFO  | phase_ext_benchmark |     Extracted: antibioticsai-main/library_predictions/mcule_predictions_final/1037p.csv
2026-04-03 14:23:23 | INFO  | phase_ext_benchmark |     Extracted: antibioticsai-main/library_predictions/mcule_predictions_final/1038p.csv
2026-04-03 14:23:23 | INFO  | phase_ext_benchmark |     Extracted: antibioticsai-main/library_predictions/mcule_predictions_final/1039p.csv
2026-04-03 14:23:23 | INFO  | phase_ext_benchmark |     Extracted: antibioticsai-main/library_predictions/mcule_predictions_final/103p.csv
2026-04-03 14:23:23 | INFO  | phase_ext_benchmark |     Extracted: antibioticsai-main/library_predictions/mcule_predictions_final/1040p.csv
2026-04-03 14:23:23 | INFO  | phase_ext_benchmark |     Extracted: antibioticsai-main/library_predictions/mcule_predictions_final/1041p.csv
2026-04-03 14:23:23 | INFO  | phase_ext_benchmark |     Extracted: antibioticsai-main/library_predictions/mcule_predictions_final/1042p.csv
2026-04-03 14:23:23 | INFO  | phase_ext_benchmark |     Extracted: antibioticsai-main/library_predictions/mcule_predictions_final/1043p.csv
2026-04-03 14:23:23 | INFO  | phase_ext_benchmark |     Extracted: antibioticsai-main/library_predictions/mcule_predictions_final/1044p.csv
2026-04-03 14:23:23 | INFO  | phase_ext_benchmark |     Extracted: antibioticsai-main/library_predictions/mcule_predictions_final/1045p.csv
2026-04-03 14:23:23 | INFO  | phase_ext_benchmark |     Extracted: antibioticsai-main/library_predictions/mcule_predictions_final/1046p.csv
2026-04-03 14:23:23 | INFO  | phase_ext_benchmark |     Extracted: antibioticsai-main/library_predictions/mcule_predictions_final/1047p.csv
2026-04-03 14:23:23 | INFO  | phase_ext_benchmark |     Extracted: antibioticsai-main/library_predictions/mcule_predictions_final/1048p.csv
2026-04-03 14:23:23 | INFO  | phase_ext_benchmark |     Extracted: antibioticsai-main/library_predictions/mcule_predictions_final/1049p.csv
2026-04-03 14:23:23 | INFO  | phase_ext_benchmark |     Extracted: antibioticsai-main/library_predictions/mcule_predictions_final/104p.csv
2026-04-03 14:23:23 | INFO  | phase_ext_benchmark |     Extracted: antibioticsai-main/library_predictions/mcule_predictions_final/1050p.csv
2026-04-03 14:23:23 | INFO  | phase_ext_benchmark |     Extracted: antibioticsai-main/library_predictions/mcule_predictions_final/1051p.csv
2026-04-03 14:23:23 | INFO  | phase_ext_benchmark |     Extracted: antibioticsai-main/library_predictions/mcule_predictions_final/1052p.csv
2026-04-03 14:23:23 | INFO  | phase_ext_benchmark |     Extracted: antibioticsai-main/library_predictions/mcule_predictions_final/1053p.csv
2026-04-03 14:23:23 | INFO  | phase_ext_benchmark |     Extracted: antibioticsai-main/library_predictions/mcule_predictions_final/1054p.csv
2026-04-03 14:23:23 | INFO  | phase_ext_benchmark |     Extracted: antibioticsai-main/library_predictions/mcule_predictions_final/1055p.csv
2026-04-03 14:23:23 | INFO  | phase_ext_benchmark |     Extracted: antibioticsai-main/library_predictions/mcule_predictions_final/1056p.csv
2026-04-03 14:23:23 | INFO  | phase_ext_benchmark |     Extracted: antibioticsai-main/library_predictions/mcule_predictions_final/1057p.csv
2026-04-03 14:23:23 | INFO  | phase_ext_benchmark |     Extracted: antibioticsai-main/library_predictions/mcule_predictions_final/1058p.csv
2026-04-03 14:23:23 | INFO  | phase_ext_benchmark |     Extracted: antibioticsai-main/library_predictions/mcule_predictions_final/1059p.csv
2026-04-03 14:23:23 | INFO  | phase_ext_benchmark |     Extracted: antibioticsai-main/library_predictions/mcule_predictions_final/105p.csv
2026-04-03 14:23:23 | INFO  | phase_ext_benchmark |     Extracted: antibioticsai-main/library_predictions/mcule_predictions_final/1060p.csv
2026-04-03 14:23:23 | INFO  | phase_ext_benchmark |     Extracted: antibioticsai-main/library_predictions/mcule_predictions_final/1061p.csv
2026-04-03 14:23:23 | INFO  | phase_ext_benchmark |     Extracted: antibioticsai-main/library_predictions/mcule_predictions_final/1062p.csv
2026-04-03 14:23:23 | INFO  | phase_ext_benchmark |     Extracted: antibioticsai-main/library_predictions/mcule_predictions_final/1063p.csv
2026-04-03 14:23:23 | INFO  | phase_ext_benchmark |     Extracted: antibioticsai-main/library_predictions/mcule_predictions_final/1064p.csv
2026-04-03 14:23:23 | INFO  | phase_ext_benchmark |     Extracted: antibioticsai-main/library_predictions/mcule_predictions_final/1065p.csv
2026-04-03 14:23:23 | INFO  | phase_ext_benchmark |     Extracted: antibioticsai-main/library_predictions/mcule_predictions_final/1066p.csv
2026-04-03 14:23:23 | INFO  | phase_ext_benchmark |     Extracted: antibioticsai-main/library_predictions/mcule_predictions_final/1067p.csv
2026-04-03 14:23:23 | INFO  | phase_ext_benchmark |     Extracted: antibioticsai-main/library_predictions/mcule_predictions_final/1068p.csv
2026-04-03 14:23:23 | INFO  | phase_ext_benchmark |     Extracted: antibioticsai-main/library_predictions/mcule_predictions_final/1069p.csv
2026-04-03 14:23:23 | INFO  | phase_ext_benchmark |     Extracted: antibioticsai-main/library_predictions/mcule_predictions_final/106p.csv
2026-04-03 14:23:23 | INFO  | phase_ext_benchmark |     Extracted: antibioticsai-main/library_predictions/mcule_predictions_final/1070p.csv
2026-04-03 14:23:23 | INFO  | phase_ext_benchmark |     Extracted: antibioticsai-main/library_predictions/mcule_predictions_final/1071p.csv
2026-04-03 14:23:23 | INFO  | phase_ext_benchmark |     Extracted: antibioticsai-main/library_predictions/mcule_predictions_final/1072p.csv
2026-04-03 14:23:23 | INFO  | phase_ext_benchmark |     Extracted: antibioticsai-main/library_predictions/mcule_predictions_final/1073p.csv
2026-04-03 14:23:23 | INFO  | phase_ext_benchmark |     Extracted: antibioticsai-main/library_predictions/mcule_predictions_final/1074p.csv
2026-04-03 14:23:23 | INFO  | phase_ext_benchmark |     Extracted: antibioticsai-main/library_predictions/mcule_predictions_final/1075p.csv
2026-04-03 14:23:23 | INFO  | phase_ext_benchmark |     Extracted: antibioticsai-main/library_predictions/mcule_predictions_final/1076p.csv
2026-04-03 14:23:23 | INFO  | phase_ext_benchmark |     Extracted: antibioticsai-main/library_predictions/mcule_predictions_final/1077p.csv
2026-04-03 14:23:23 | INFO  | phase_ext_benchmark |     Extracted: antibioticsai-main/library_predictions/mcule_predictions_final/1078p.csv
2026-04-03 14:23:23 | INFO  | phase_ext_benchmark |     Extracted: antibioticsai-main/library_predictions/mcule_predictions_final/1079p.csv
2026-04-03 14:23:23 | INFO  | phase_ext_benchmark |     Extracted: antibioticsai-main/library_predictions/mcule_predictions_final/107p.csv
2026-04-03 14:23:23 | INFO  | phase_ext_benchmark |     Extracted: antibioticsai-main/library_predictions/mcule_predictions_final/1080p.csv
2026-04-03 14:23:23 | INFO  | phase_ext_benchmark |     Extracted: antibioticsai-main/library_predictions/mcule_predictions_final/1081p.csv
2026-04-03 14:23:23 | INFO  | phase_ext_benchmark |     Extracted: antibioticsai-main/library_predictions/mcule_predictions_final/1082p.csv
2026-04-03 14:23:23 | INFO  | phase_ext_benchmark |     Extracted: antibioticsai-main/library_predictions/mcule_predictions_final/1083p.csv
2026-04-03 14:23:23 | INFO  | phase_ext_benchmark |     Extracted: antibioticsai-main/library_predictions/mcule_predictions_final/1084p.csv
2026-04-03 14:23:23 | INFO  | phase_ext_benchmark |     Extracted: antibioticsai-main/library_predictions/mcule_predictions_final/1085p.csv
2026-04-03 14:23:23 | INFO  | phase_ext_benchmark |     Extracted: antibioticsai-main/library_predictions/mcule_predictions_final/1086p.csv
2026-04-03 14:23:23 | INFO  | phase_ext_benchmark |     Extracted: antibioticsai-main/library_predictions/mcule_predictions_final/1087p.csv
2026-04-03 14:23:23 | INFO  | phase_ext_benchmark |     Extracted: antibioticsai-main/library_predictions/mcule_predictions_final/1088p.csv
2026-04-03 14:23:23 | INFO  | phase_ext_benchmark |     Extracted: antibioticsai-main/library_predictions/mcule_predictions_final/1089p.csv
2026-04-03 14:23:23 | INFO  | phase_ext_benchmark |     Extracted: antibioticsai-main/library_predictions/mcule_predictions_final/108p.csv
2026-04-03 14:23:23 | INFO  | phase_ext_benchmark |     Extracted: antibioticsai-main/library_predictions/mcule_predictions_final/1090p.csv
2026-04-03 14:23:23 | INFO  | phase_ext_benchmark |     Extracted: antibioticsai-main/library_predictions/mcule_predictions_final/1091p.csv
2026-04-03 14:23:23 | INFO  | phase_ext_benchmark |     Extracted: antibioticsai-main/library_predictions/mcule_predictions_final/1092p.csv
2026-04-03 14:23:23 | INFO  | phase_ext_benchmark |     Extracted: antibioticsai-main/library_predictions/mcule_predictions_final/1093p.csv
2026-04-03 14:23:23 | INFO  | phase_ext_benchmark |     Extracted: antibioticsai-main/library_predictions/mcule_predictions_final/1094p.csv
2026-04-03 14:23:23 | INFO  | phase_ext_benchmark |     Extracted: antibioticsai-main/library_predictions/mcule_predictions_final/1095p.csv
2026-04-03 14:23:23 | INFO  | phase_ext_benchmark |     Extracted: antibioticsai-main/library_predictions/mcule_predictions_final/1096p.csv
2026-04-03 14:23:23 | INFO  | phase_ext_benchmark |     Extracted: antibioticsai-main/library_predictions/mcule_predictions_final/1097p.csv
2026-04-03 14:23:23 | INFO  | phase_ext_benchmark |     Extracted: antibioticsai-main/library_predictions/mcule_predictions_final/1098p.csv
2026-04-03 14:23:23 | INFO  | phase_ext_benchmark |     Extracted: antibioticsai-main/library_predictions/mcule_predictions_final/1099p.csv
2026-04-03 14:23:23 | INFO  | phase_ext_benchmark |     Extracted: antibioticsai-main/library_predictions/mcule_predictions_final/109p.csv
2026-04-03 14:23:23 | INFO  | phase_ext_benchmark |     Extracted: antibioticsai-main/library_predictions/mcule_predictions_final/10p.csv
2026-04-03 14:23:23 | INFO  | phase_ext_benchmark |     Extracted: antibioticsai-main/library_predictions/mcule_predictions_final/1100p.csv
2026-04-03 14:23:23 | INFO  | phase_ext_benchmark |     Extracted: antibioticsai-main/library_predictions/mcule_predictions_final/1101p.csv
2026-04-03 14:23:23 | INFO  | phase_ext_benchmark |     Extracted: antibioticsai-main/library_predictions/mcule_predictions_final/1102p.csv
2026-04-03 14:23:23 | INFO  | phase_ext_benchmark |     Extracted: antibioticsai-main/library_predictions/mcule_predictions_final/1103p.csv
2026-04-03 14:23:23 | INFO  | phase_ext_benchmark |     Extracted: antibioticsai-main/library_predictions/mcule_predictions_final/1104p.csv
2026-04-03 14:23:23 | INFO  | phase_ext_benchmark |     Extracted: antibioticsai-main/library_predictions/mcule_predictions_final/1105p.csv
2026-04-03 14:23:23 | INFO  | phase_ext_benchmark |     Extracted: antibioticsai-main/library_predictions/mcule_predictions_final/1106p.csv
2026-04-03 14:23:23 | INFO  | phase_ext_benchmark |     Extracted: antibioticsai-main/library_predictions/mcule_predictions_final/1107p.csv
2026-04-03 14:23:23 | INFO  | phase_ext_benchmark |     Extracted: antibioticsai-main/library_predictions/mcule_predictions_final/1108p.csv
2026-04-03 14:23:23 | INFO  | phase_ext_benchmark |     Extracted: antibioticsai-main/library_predictions/mcule_predictions_final/1109p.csv
2026-04-03 14:23:23 | INFO  | phase_ext_benchmark |     Extracted: antibioticsai-main/library_predictions/mcule_predictions_final/110p.csv
2026-04-03 14:23:23 | INFO  | phase_ext_benchmark |     Extracted: antibioticsai-main/library_predictions/mcule_predictions_final/1110p.csv
2026-04-03 14:23:23 | INFO  | phase_ext_benchmark |     Extracted: antibioticsai-main/library_predictions/mcule_predictions_final/1111p.csv
2026-04-03 14:23:23 | INFO  | phase_ext_benchmark |     Extracted: antibioticsai-main/library_predictions/mcule_predictions_final/1112p.csv
2026-04-03 14:23:23 | INFO  | phase_ext_benchmark |     Extracted: antibioticsai-main/library_predictions/mcule_predictions_final/1113p.csv
2026-04-03 14:23:23 | INFO  | phase_ext_benchmark |     Extracted: antibioticsai-main/library_predictions/mcule_predictions_final/1114p.csv
2026-04-03 14:23:23 | INFO  | phase_ext_benchmark |     Extracted: antibioticsai-main/library_predictions/mcule_predictions_final/1115p.csv
2026-04-03 14:23:23 | INFO  | phase_ext_benchmark |     Extracted: antibioticsai-main/library_predictions/mcule_predictions_final/1116p.csv
2026-04-03 14:23:23 | INFO  | phase_ext_benchmark |     Extracted: antibioticsai-main/library_predictions/mcule_predictions_final/1117p.csv
2026-04-03 14:23:23 | INFO  | phase_ext_benchmark |     Extracted: antibioticsai-main/library_predictions/mcule_predictions_final/1118p.csv
2026-04-03 14:23:23 | INFO  | phase_ext_benchmark |     Extracted: antibioticsai-main/library_predictions/mcule_predictions_final/1119p.csv
2026-04-03 14:23:23 | INFO  | phase_ext_benchmark |     Extracted: antibioticsai-main/library_predictions/mcule_predictions_final/111p.csv
2026-04-03 14:23:23 | INFO  | phase_ext_benchmark |     Extracted: antibioticsai-main/library_predictions/mcule_predictions_final/1120p.csv
2026-04-03 14:23:23 | INFO  | phase_ext_benchmark |     Extracted: antibioticsai-main/library_predictions/mcule_predictions_final/1121p.csv
2026-04-03 14:23:23 | INFO  | phase_ext_benchmark |     Extracted: antibioticsai-main/library_predictions/mcule_predictions_final/1122p.csv
2026-04-03 14:23:23 | INFO  | phase_ext_benchmark |     Extracted: antibioticsai-main/library_predictions/mcule_predictions_final/1123p.csv
2026-04-03 14:23:23 | INFO  | phase_ext_benchmark |     Extracted: antibioticsai-main/library_predictions/mcule_predictions_final/1124p.csv
2026-04-03 14:23:23 | INFO  | phase_ext_benchmark |     Extracted: antibioticsai-main/library_predictions/mcule_predictions_final/1125p.csv
2026-04-03 14:23:23 | INFO  | phase_ext_benchmark |     Extracted: antibioticsai-main/library_predictions/mcule_predictions_final/1126p.csv
2026-04-03 14:23:23 | INFO  | phase_ext_benchmark |     Extracted: antibioticsai-main/library_predictions/mcule_predictions_final/1127p.csv
2026-04-03 14:23:23 | INFO  | phase_ext_benchmark |     Extracted: antibioticsai-main/library_predictions/mcule_predictions_final/112p.csv
2026-04-03 14:23:23 | INFO  | phase_ext_benchmark |     Extracted: antibioticsai-main/library_predictions/mcule_predictions_final/113p.csv
2026-04-03 14:23:23 | INFO  | phase_ext_benchmark |     Extracted: antibioticsai-main/library_predictions/mcule_predictions_final/114p.csv
2026-04-03 14:23:23 | INFO  | phase_ext_benchmark |     Extracted: antibioticsai-main/library_predictions/mcule_predictions_final/115p.csv
2026-04-03 14:23:23 | INFO  | phase_ext_benchmark |     Extracted: antibioticsai-main/library_predictions/mcule_predictions_final/116p.csv
2026-04-03 14:23:23 | INFO  | phase_ext_benchmark |     Extracted: antibioticsai-main/library_predictions/mcule_predictions_final/117p.csv
2026-04-03 14:23:23 | INFO  | phase_ext_benchmark |     Extracted: antibioticsai-main/library_predictions/mcule_predictions_final/118p.csv
2026-04-03 14:23:23 | INFO  | phase_ext_benchmark |     Extracted: antibioticsai-main/library_predictions/mcule_predictions_final/119p.csv
2026-04-03 14:23:23 | INFO  | phase_ext_benchmark |     Extracted: antibioticsai-main/library_predictions/mcule_predictions_final/11p.csv
2026-04-03 14:23:23 | INFO  | phase_ext_benchmark |     Extracted: antibioticsai-main/library_predictions/mcule_predictions_final/120p.csv
2026-04-03 14:23:23 | INFO  | phase_ext_benchmark |     Extracted: antibioticsai-main/library_predictions/mcule_predictions_final/121p.csv
2026-04-03 14:23:23 | INFO  | phase_ext_benchmark |     Extracted: antibioticsai-main/library_predictions/mcule_predictions_final/122p.csv
2026-04-03 14:23:23 | INFO  | phase_ext_benchmark |     Extracted: antibioticsai-main/library_predictions/mcule_predictions_final/123p.csv
2026-04-03 14:23:24 | INFO  | phase_ext_benchmark |     Extracted: antibioticsai-main/library_predictions/mcule_predictions_final/124p.csv
2026-04-03 14:23:24 | INFO  | phase_ext_benchmark |     Extracted: antibioticsai-main/library_predictions/mcule_predictions_final/125p.csv
2026-04-03 14:23:24 | INFO  | phase_ext_benchmark |     Extracted: antibioticsai-main/library_predictions/mcule_predictions_final/126p.csv
2026-04-03 14:23:24 | INFO  | phase_ext_benchmark |     Extracted: antibioticsai-main/library_predictions/mcule_predictions_final/127p.csv
2026-04-03 14:23:24 | INFO  | phase_ext_benchmark |     Extracted: antibioticsai-main/library_predictions/mcule_predictions_final/128p.csv
2026-04-03 14:23:24 | INFO  | phase_ext_benchmark |     Extracted: antibioticsai-main/library_predictions/mcule_predictions_final/129p.csv
2026-04-03 14:23:24 | INFO  | phase_ext_benchmark |     Extracted: antibioticsai-main/library_predictions/mcule_predictions_final/12p.csv
2026-04-03 14:23:24 | INFO  | phase_ext_benchmark |     Extracted: antibioticsai-main/library_predictions/mcule_predictions_final/130p.csv
2026-04-03 14:23:24 | INFO  | phase_ext_benchmark |     Extracted: antibioticsai-main/library_predictions/mcule_predictions_final/131p.csv
2026-04-03 14:23:24 | INFO  | phase_ext_benchmark |     Extracted: antibioticsai-main/library_predictions/mcule_predictions_final/132p.csv
2026-04-03 14:23:24 | INFO  | phase_ext_benchmark |     Extracted: antibioticsai-main/library_predictions/mcule_predictions_final/133p.csv
2026-04-03 14:23:24 | INFO  | phase_ext_benchmark |     Extracted: antibioticsai-main/library_predictions/mcule_predictions_final/134p.csv
2026-04-03 14:23:24 | INFO  | phase_ext_benchmark |     Extracted: antibioticsai-main/library_predictions/mcule_predictions_final/135p.csv
2026-04-03 14:23:24 | INFO  | phase_ext_benchmark |     Extracted: antibioticsai-main/library_predictions/mcule_predictions_final/136p.csv
2026-04-03 14:23:24 | INFO  | phase_ext_benchmark |     Extracted: antibioticsai-main/library_predictions/mcule_predictions_final/137p.csv
2026-04-03 14:23:24 | INFO  | phase_ext_benchmark |     Extracted: antibioticsai-main/library_predictions/mcule_predictions_final/138p.csv
2026-04-03 14:23:24 | INFO  | phase_ext_benchmark |     Extracted: antibioticsai-main/library_predictions/mcule_predictions_final/139p.csv
2026-04-03 14:23:24 | INFO  | phase_ext_benchmark |     Extracted: antibioticsai-main/library_predictions/mcule_predictions_final/13p.csv
2026-04-03 14:23:24 | INFO  | phase_ext_benchmark |     Extracted: antibioticsai-main/library_predictions/mcule_predictions_final/140p.csv
2026-04-03 14:23:24 | INFO  | phase_ext_benchmark |     Extracted: antibioticsai-main/library_predictions/mcule_predictions_final/141p.csv
2026-04-03 14:23:24 | INFO  | phase_ext_benchmark |     Extracted: antibioticsai-main/library_predictions/mcule_predictions_final/142p.csv
2026-04-03 14:23:24 | INFO  | phase_ext_benchmark |     Extracted: antibioticsai-main/library_predictions/mcule_predictions_final/143p.csv
2026-04-03 14:23:24 | INFO  | phase_ext_benchmark |     Extracted: antibioticsai-main/library_predictions/mcule_predictions_final/144p.csv
2026-04-03 14:23:24 | INFO  | phase_ext_benchmark |     Extracted: antibioticsai-main/library_predictions/mcule_predictions_final/145p.csv
2026-04-03 14:23:24 | INFO  | phase_ext_benchmark |     Extracted: antibioticsai-main/library_predictions/mcule_predictions_final/146p.csv
2026-04-03 14:23:24 | INFO  | phase_ext_benchmark |     Extracted: antibioticsai-main/library_predictions/mcule_predictions_final/147p.csv
2026-04-03 14:23:24 | INFO  | phase_ext_benchmark |     Extracted: antibioticsai-main/library_predictions/mcule_predictions_final/148p.csv
2026-04-03 14:23:24 | INFO  | phase_ext_benchmark |     Extracted: antibioticsai-main/library_predictions/mcule_predictions_final/149p.csv
2026-04-03 14:23:24 | INFO  | phase_ext_benchmark |     Extracted: antibioticsai-main/library_predictions/mcule_predictions_final/14p.csv
2026-04-03 14:23:24 | INFO  | phase_ext_benchmark |     Extracted: antibioticsai-main/library_predictions/mcule_predictions_final/150p.csv
2026-04-03 14:23:24 | INFO  | phase_ext_benchmark |     Extracted: antibioticsai-main/library_predictions/mcule_predictions_final/151p.csv
2026-04-03 14:23:24 | INFO  | phase_ext_benchmark |     Extracted: antibioticsai-main/library_predictions/mcule_predictions_final/152p.csv
2026-04-03 14:23:24 | INFO  | phase_ext_benchmark |     Extracted: antibioticsai-main/library_predictions/mcule_predictions_final/153p.csv
2026-04-03 14:23:24 | INFO  | phase_ext_benchmark |     Extracted: antibioticsai-main/library_predictions/mcule_predictions_final/154p.csv
2026-04-03 14:23:24 | INFO  | phase_ext_benchmark |     Extracted: antibioticsai-main/library_predictions/mcule_predictions_final/155p.csv
2026-04-03 14:23:24 | INFO  | phase_ext_benchmark |     Extracted: antibioticsai-main/library_predictions/mcule_predictions_final/156p.csv
2026-04-03 14:23:24 | INFO  | phase_ext_benchmark |     Extracted: antibioticsai-main/library_predictions/mcule_predictions_final/157p.csv
2026-04-03 14:23:24 | INFO  | phase_ext_benchmark |     Extracted: antibioticsai-main/library_predictions/mcule_predictions_final/158p.csv
2026-04-03 14:23:24 | INFO  | phase_ext_benchmark |     Extracted: antibioticsai-main/library_predictions/mcule_predictions_final/159p.csv
2026-04-03 14:23:24 | INFO  | phase_ext_benchmark |     Extracted: antibioticsai-main/library_predictions/mcule_predictions_final/15p.csv
2026-04-03 14:23:24 | INFO  | phase_ext_benchmark |     Extracted: antibioticsai-main/library_predictions/mcule_predictions_final/160p.csv
2026-04-03 14:23:24 | INFO  | phase_ext_benchmark |     Extracted: antibioticsai-main/library_predictions/mcule_predictions_final/161p.csv
2026-04-03 14:23:24 | INFO  | phase_ext_benchmark |     Extracted: antibioticsai-main/library_predictions/mcule_predictions_final/162p.csv
2026-04-03 14:23:24 | INFO  | phase_ext_benchmark |     Extracted: antibioticsai-main/library_predictions/mcule_predictions_final/163p.csv
2026-04-03 14:23:24 | INFO  | phase_ext_benchmark |     Extracted: antibioticsai-main/library_predictions/mcule_predictions_final/164p.csv
2026-04-03 14:23:24 | INFO  | phase_ext_benchmark |     Extracted: antibioticsai-main/library_predictions/mcule_predictions_final/165p.csv
2026-04-03 14:23:24 | INFO  | phase_ext_benchmark |     Extracted: antibioticsai-main/library_predictions/mcule_predictions_final/166p.csv
2026-04-03 14:23:24 | INFO  | phase_ext_benchmark |     Extracted: antibioticsai-main/library_predictions/mcule_predictions_final/167p.csv
2026-04-03 14:23:24 | INFO  | phase_ext_benchmark |     Extracted: antibioticsai-main/library_predictions/mcule_predictions_final/168p.csv
2026-04-03 14:23:24 | INFO  | phase_ext_benchmark |     Extracted: antibioticsai-main/library_predictions/mcule_predictions_final/169p.csv
2026-04-03 14:23:24 | INFO  | phase_ext_benchmark |     Extracted: antibioticsai-main/library_predictions/mcule_predictions_final/16p.csv
2026-04-03 14:23:24 | INFO  | phase_ext_benchmark |     Extracted: antibioticsai-main/library_predictions/mcule_predictions_final/170p.csv
2026-04-03 14:23:24 | INFO  | phase_ext_benchmark |     Extracted: antibioticsai-main/library_predictions/mcule_predictions_final/171p.csv
2026-04-03 14:23:24 | INFO  | phase_ext_benchmark |     Extracted: antibioticsai-main/library_predictions/mcule_predictions_final/172p.csv
2026-04-03 14:23:24 | INFO  | phase_ext_benchmark |     Extracted: antibioticsai-main/library_predictions/mcule_predictions_final/173p.csv
2026-04-03 14:23:24 | INFO  | phase_ext_benchmark |     Extracted: antibioticsai-main/library_predictions/mcule_predictions_final/174p.csv
2026-04-03 14:23:24 | INFO  | phase_ext_benchmark |     Extracted: antibioticsai-main/library_predictions/mcule_predictions_final/175p.csv
2026-04-03 14:23:24 | INFO  | phase_ext_benchmark |     Extracted: antibioticsai-main/library_predictions/mcule_predictions_final/176p.csv
2026-04-03 14:23:24 | INFO  | phase_ext_benchmark |     Extracted: antibioticsai-main/library_predictions/mcule_predictions_final/177p.csv
2026-04-03 14:23:24 | INFO  | phase_ext_benchmark |     Extracted: antibioticsai-main/library_predictions/mcule_predictions_final/178p.csv
2026-04-03 14:23:24 | INFO  | phase_ext_benchmark |     Extracted: antibioticsai-main/library_predictions/mcule_predictions_final/179p.csv
2026-04-03 14:23:24 | INFO  | phase_ext_benchmark |     Extracted: antibioticsai-main/library_predictions/mcule_predictions_final/17p.csv
2026-04-03 14:23:24 | INFO  | phase_ext_benchmark |     Extracted: antibioticsai-main/library_predictions/mcule_predictions_final/180p.csv
2026-04-03 14:23:24 | INFO  | phase_ext_benchmark |     Extracted: antibioticsai-main/library_predictions/mcule_predictions_final/181p.csv
2026-04-03 14:23:24 | INFO  | phase_ext_benchmark |     Extracted: antibioticsai-main/library_predictions/mcule_predictions_final/182p.csv
2026-04-03 14:23:24 | INFO  | phase_ext_benchmark |     Extracted: antibioticsai-main/library_predictions/mcule_predictions_final/183p.csv
2026-04-03 14:23:24 | INFO  | phase_ext_benchmark |     Extracted: antibioticsai-main/library_predictions/mcule_predictions_final/184p.csv
2026-04-03 14:23:24 | INFO  | phase_ext_benchmark |     Extracted: antibioticsai-main/library_predictions/mcule_predictions_final/185p.csv
2026-04-03 14:23:24 | INFO  | phase_ext_benchmark |     Extracted: antibioticsai-main/library_predictions/mcule_predictions_final/186p.csv
2026-04-03 14:23:24 | INFO  | phase_ext_benchmark |     Extracted: antibioticsai-main/library_predictions/mcule_predictions_final/187p.csv
2026-04-03 14:23:24 | INFO  | phase_ext_benchmark |     Extracted: antibioticsai-main/library_predictions/mcule_predictions_final/188p.csv
2026-04-03 14:23:24 | INFO  | phase_ext_benchmark |     Extracted: antibioticsai-main/library_predictions/mcule_predictions_final/189p.csv
2026-04-03 14:23:24 | INFO  | phase_ext_benchmark |     Extracted: antibioticsai-main/library_predictions/mcule_predictions_final/18p.csv
2026-04-03 14:23:24 | INFO  | phase_ext_benchmark |     Extracted: antibioticsai-main/library_predictions/mcule_predictions_final/190p.csv
2026-04-03 14:23:24 | INFO  | phase_ext_benchmark |     Extracted: antibioticsai-main/library_predictions/mcule_predictions_final/191p.csv
2026-04-03 14:23:24 | INFO  | phase_ext_benchmark |     Extracted: antibioticsai-main/library_predictions/mcule_predictions_final/192p.csv
2026-04-03 14:23:24 | INFO  | phase_ext_benchmark |     Extracted: antibioticsai-main/library_predictions/mcule_predictions_final/193p.csv
2026-04-03 14:23:24 | INFO  | phase_ext_benchmark |     Extracted: antibioticsai-main/library_predictions/mcule_predictions_final/194p.csv
2026-04-03 14:23:24 | INFO  | phase_ext_benchmark |     Extracted: antibioticsai-main/library_predictions/mcule_predictions_final/195p.csv
2026-04-03 14:23:24 | INFO  | phase_ext_benchmark |     Extracted: antibioticsai-main/library_predictions/mcule_predictions_final/196p.csv
2026-04-03 14:23:24 | INFO  | phase_ext_benchmark |     Extracted: antibioticsai-main/library_predictions/mcule_predictions_final/197p.csv
2026-04-03 14:23:24 | INFO  | phase_ext_benchmark |     Extracted: antibioticsai-main/library_predictions/mcule_predictions_final/198p.csv
2026-04-03 14:23:24 | INFO  | phase_ext_benchmark |     Extracted: antibioticsai-main/library_predictions/mcule_predictions_final/199p.csv
2026-04-03 14:23:24 | INFO  | phase_ext_benchmark |     Extracted: antibioticsai-main/library_predictions/mcule_predictions_final/19p.csv
2026-04-03 14:23:24 | INFO  | phase_ext_benchmark |     Extracted: antibioticsai-main/library_predictions/mcule_predictions_final/1p.csv
2026-04-03 14:23:24 | INFO  | phase_ext_benchmark |     Extracted: antibioticsai-main/library_predictions/mcule_predictions_final/200p.csv
2026-04-03 14:23:24 | INFO  | phase_ext_benchmark |     Extracted: antibioticsai-main/library_predictions/mcule_predictions_final/201p.csv
2026-04-03 14:23:24 | INFO  | phase_ext_benchmark |     Extracted: antibioticsai-main/library_predictions/mcule_predictions_final/202p.csv
2026-04-03 14:23:24 | INFO  | phase_ext_benchmark |     Extracted: antibioticsai-main/library_predictions/mcule_predictions_final/203p.csv
2026-04-03 14:23:24 | INFO  | phase_ext_benchmark |     Extracted: antibioticsai-main/library_predictions/mcule_predictions_final/204p.csv
2026-04-03 14:23:24 | INFO  | phase_ext_benchmark |     Extracted: antibioticsai-main/library_predictions/mcule_predictions_final/205p.csv
2026-04-03 14:23:24 | INFO  | phase_ext_benchmark |     Extracted: antibioticsai-main/library_predictions/mcule_predictions_final/206p.csv
2026-04-03 14:23:24 | INFO  | phase_ext_benchmark |     Extracted: antibioticsai-main/library_predictions/mcule_predictions_final/207p.csv
2026-04-03 14:23:24 | INFO  | phase_ext_benchmark |     Extracted: antibioticsai-main/library_predictions/mcule_predictions_final/208p.csv
2026-04-03 14:23:24 | INFO  | phase_ext_benchmark |     Extracted: antibioticsai-main/library_predictions/mcule_predictions_final/209p.csv
2026-04-03 14:23:24 | INFO  | phase_ext_benchmark |     Extracted: antibioticsai-main/library_predictions/mcule_predictions_final/20p.csv
2026-04-03 14:23:24 | INFO  | phase_ext_benchmark |     Extracted: antibioticsai-main/library_predictions/mcule_predictions_final/210p.csv
2026-04-03 14:23:24 | INFO  | phase_ext_benchmark |     Extracted: antibioticsai-main/library_predictions/mcule_predictions_final/211p.csv
2026-04-03 14:23:24 | INFO  | phase_ext_benchmark |     Extracted: antibioticsai-main/library_predictions/mcule_predictions_final/212p.csv
2026-04-03 14:23:24 | INFO  | phase_ext_benchmark |     Extracted: antibioticsai-main/library_predictions/mcule_predictions_final/213p.csv
2026-04-03 14:23:24 | INFO  | phase_ext_benchmark |     Extracted: antibioticsai-main/library_predictions/mcule_predictions_final/214p.csv
2026-04-03 14:23:24 | INFO  | phase_ext_benchmark |     Extracted: antibioticsai-main/library_predictions/mcule_predictions_final/215p.csv
2026-04-03 14:23:24 | INFO  | phase_ext_benchmark |     Extracted: antibioticsai-main/library_predictions/mcule_predictions_final/216p.csv
2026-04-03 14:23:24 | INFO  | phase_ext_benchmark |     Extracted: antibioticsai-main/library_predictions/mcule_predictions_final/217p.csv
2026-04-03 14:23:24 | INFO  | phase_ext_benchmark |     Extracted: antibioticsai-main/library_predictions/mcule_predictions_final/218p.csv
2026-04-03 14:23:24 | INFO  | phase_ext_benchmark |     Extracted: antibioticsai-main/library_predictions/mcule_predictions_final/219p.csv
2026-04-03 14:23:24 | INFO  | phase_ext_benchmark |     Extracted: antibioticsai-main/library_predictions/mcule_predictions_final/21p.csv
2026-04-03 14:23:24 | INFO  | phase_ext_benchmark |     Extracted: antibioticsai-main/library_predictions/mcule_predictions_final/220p.csv
2026-04-03 14:23:24 | INFO  | phase_ext_benchmark |     Extracted: antibioticsai-main/library_predictions/mcule_predictions_final/221p.csv
2026-04-03 14:23:24 | INFO  | phase_ext_benchmark |     Extracted: antibioticsai-main/library_predictions/mcule_predictions_final/222p.csv
2026-04-03 14:23:24 | INFO  | phase_ext_benchmark |     Extracted: antibioticsai-main/library_predictions/mcule_predictions_final/223p.csv
2026-04-03 14:23:24 | INFO  | phase_ext_benchmark |     Extracted: antibioticsai-main/library_predictions/mcule_predictions_final/224p.csv
2026-04-03 14:23:24 | INFO  | phase_ext_benchmark |     Extracted: antibioticsai-main/library_predictions/mcule_predictions_final/225p.csv
2026-04-03 14:23:24 | INFO  | phase_ext_benchmark |     Extracted: antibioticsai-main/library_predictions/mcule_predictions_final/226p.csv
2026-04-03 14:23:24 | INFO  | phase_ext_benchmark |     Extracted: antibioticsai-main/library_predictions/mcule_predictions_final/227p.csv
2026-04-03 14:23:24 | INFO  | phase_ext_benchmark |     Extracted: antibioticsai-main/library_predictions/mcule_predictions_final/228p.csv
2026-04-03 14:23:24 | INFO  | phase_ext_benchmark |     Extracted: antibioticsai-main/library_predictions/mcule_predictions_final/229p.csv
2026-04-03 14:23:24 | INFO  | phase_ext_benchmark |     Extracted: antibioticsai-main/library_predictions/mcule_predictions_final/22p.csv
2026-04-03 14:23:24 | INFO  | phase_ext_benchmark |     Extracted: antibioticsai-main/library_predictions/mcule_predictions_final/230p.csv
2026-04-03 14:23:24 | INFO  | phase_ext_benchmark |     Extracted: antibioticsai-main/library_predictions/mcule_predictions_final/231p.csv
2026-04-03 14:23:24 | INFO  | phase_ext_benchmark |     Extracted: antibioticsai-main/library_predictions/mcule_predictions_final/232p.csv
2026-04-03 14:23:24 | INFO  | phase_ext_benchmark |     Extracted: antibioticsai-main/library_predictions/mcule_predictions_final/233p.csv
2026-04-03 14:23:24 | INFO  | phase_ext_benchmark |     Extracted: antibioticsai-main/library_predictions/mcule_predictions_final/234p.csv
2026-04-03 14:23:24 | INFO  | phase_ext_benchmark |     Extracted: antibioticsai-main/library_predictions/mcule_predictions_final/235p.csv
2026-04-03 14:23:24 | INFO  | phase_ext_benchmark |     Extracted: antibioticsai-main/library_predictions/mcule_predictions_final/236p.csv
2026-04-03 14:23:24 | INFO  | phase_ext_benchmark |     Extracted: antibioticsai-main/library_predictions/mcule_predictions_final/237p.csv
2026-04-03 14:23:24 | INFO  | phase_ext_benchmark |     Extracted: antibioticsai-main/library_predictions/mcule_predictions_final/238p.csv
2026-04-03 14:23:24 | INFO  | phase_ext_benchmark |     Extracted: antibioticsai-main/library_predictions/mcule_predictions_final/239p.csv
2026-04-03 14:23:24 | INFO  | phase_ext_benchmark |     Extracted: antibioticsai-main/library_predictions/mcule_predictions_final/23p.csv
2026-04-03 14:23:24 | INFO  | phase_ext_benchmark |     Extracted: antibioticsai-main/library_predictions/mcule_predictions_final/240p.csv
2026-04-03 14:23:24 | INFO  | phase_ext_benchmark |     Extracted: antibioticsai-main/library_predictions/mcule_predictions_final/241p.csv
2026-04-03 14:23:24 | INFO  | phase_ext_benchmark |     Extracted: antibioticsai-main/library_predictions/mcule_predictions_final/242p.csv
2026-04-03 14:23:24 | INFO  | phase_ext_benchmark |     Extracted: antibioticsai-main/library_predictions/mcule_predictions_final/243p.csv
2026-04-03 14:23:24 | INFO  | phase_ext_benchmark |     Extracted: antibioticsai-main/library_predictions/mcule_predictions_final/244p.csv
2026-04-03 14:23:24 | INFO  | phase_ext_benchmark |     Extracted: antibioticsai-main/library_predictions/mcule_predictions_final/245p.csv
2026-04-03 14:23:24 | INFO  | phase_ext_benchmark |     Extracted: antibioticsai-main/library_predictions/mcule_predictions_final/246p.csv
2026-04-03 14:23:24 | INFO  | phase_ext_benchmark |     Extracted: antibioticsai-main/library_predictions/mcule_predictions_final/247p.csv
2026-04-03 14:23:24 | INFO  | phase_ext_benchmark |     Extracted: antibioticsai-main/library_predictions/mcule_predictions_final/248p.csv
2026-04-03 14:23:24 | INFO  | phase_ext_benchmark |     Extracted: antibioticsai-main/library_predictions/mcule_predictions_final/249p.csv
2026-04-03 14:23:24 | INFO  | phase_ext_benchmark |     Extracted: antibioticsai-main/library_predictions/mcule_predictions_final/24p.csv
2026-04-03 14:23:24 | INFO  | phase_ext_benchmark |     Extracted: antibioticsai-main/library_predictions/mcule_predictions_final/250p.csv
2026-04-03 14:23:24 | INFO  | phase_ext_benchmark |     Extracted: antibioticsai-main/library_predictions/mcule_predictions_final/251p.csv
2026-04-03 14:23:24 | INFO  | phase_ext_benchmark |     Extracted: antibioticsai-main/library_predictions/mcule_predictions_final/252p.csv
2026-04-03 14:23:24 | INFO  | phase_ext_benchmark |     Extracted: antibioticsai-main/library_predictions/mcule_predictions_final/253p.csv
2026-04-03 14:23:24 | INFO  | phase_ext_benchmark |     Extracted: antibioticsai-main/library_predictions/mcule_predictions_final/254p.csv
2026-04-03 14:23:24 | INFO  | phase_ext_benchmark |     Extracted: antibioticsai-main/library_predictions/mcule_predictions_final/255p.csv
2026-04-03 14:23:24 | INFO  | phase_ext_benchmark |     Extracted: antibioticsai-main/library_predictions/mcule_predictions_final/256p.csv
2026-04-03 14:23:24 | INFO  | phase_ext_benchmark |     Extracted: antibioticsai-main/library_predictions/mcule_predictions_final/257p.csv
2026-04-03 14:23:24 | INFO  | phase_ext_benchmark |     Extracted: antibioticsai-main/library_predictions/mcule_predictions_final/258p.csv
2026-04-03 14:23:24 | INFO  | phase_ext_benchmark |     Extracted: antibioticsai-main/library_predictions/mcule_predictions_final/259p.csv
2026-04-03 14:23:24 | INFO  | phase_ext_benchmark |     Extracted: antibioticsai-main/library_predictions/mcule_predictions_final/25p.csv
2026-04-03 14:23:24 | INFO  | phase_ext_benchmark |     Extracted: antibioticsai-main/library_predictions/mcule_predictions_final/260p.csv
2026-04-03 14:23:24 | INFO  | phase_ext_benchmark |     Extracted: antibioticsai-main/library_predictions/mcule_predictions_final/261p.csv
2026-04-03 14:23:24 | INFO  | phase_ext_benchmark |     Extracted: antibioticsai-main/library_predictions/mcule_predictions_final/262p.csv
2026-04-03 14:23:24 | INFO  | phase_ext_benchmark |     Extracted: antibioticsai-main/library_predictions/mcule_predictions_final/263p.csv
2026-04-03 14:23:24 | INFO  | phase_ext_benchmark |     Extracted: antibioticsai-main/library_predictions/mcule_predictions_final/264p.csv
2026-04-03 14:23:24 | INFO  | phase_ext_benchmark |     Extracted: antibioticsai-main/library_predictions/mcule_predictions_final/265p.csv
2026-04-03 14:23:24 | INFO  | phase_ext_benchmark |     Extracted: antibioticsai-main/library_predictions/mcule_predictions_final/266p.csv
2026-04-03 14:23:24 | INFO  | phase_ext_benchmark |     Extracted: antibioticsai-main/library_predictions/mcule_predictions_final/267p.csv
2026-04-03 14:23:24 | INFO  | phase_ext_benchmark |     Extracted: antibioticsai-main/library_predictions/mcule_predictions_final/268p.csv
2026-04-03 14:23:24 | INFO  | phase_ext_benchmark |     Extracted: antibioticsai-main/library_predictions/mcule_predictions_final/269p.csv
2026-04-03 14:23:24 | INFO  | phase_ext_benchmark |     Extracted: antibioticsai-main/library_predictions/mcule_predictions_final/26p.csv
2026-04-03 14:23:24 | INFO  | phase_ext_benchmark |     Extracted: antibioticsai-main/library_predictions/mcule_predictions_final/270p.csv
2026-04-03 14:23:24 | INFO  | phase_ext_benchmark |     Extracted: antibioticsai-main/library_predictions/mcule_predictions_final/271p.csv
2026-04-03 14:23:24 | INFO  | phase_ext_benchmark |     Extracted: antibioticsai-main/library_predictions/mcule_predictions_final/272p.csv
2026-04-03 14:23:24 | INFO  | phase_ext_benchmark |     Extracted: antibioticsai-main/library_predictions/mcule_predictions_final/273p.csv
2026-04-03 14:23:24 | INFO  | phase_ext_benchmark |     Extracted: antibioticsai-main/library_predictions/mcule_predictions_final/274p.csv
2026-04-03 14:23:24 | INFO  | phase_ext_benchmark |     Extracted: antibioticsai-main/library_predictions/mcule_predictions_final/275p.csv
2026-04-03 14:23:24 | INFO  | phase_ext_benchmark |     Extracted: antibioticsai-main/library_predictions/mcule_predictions_final/276p.csv
2026-04-03 14:23:24 | INFO  | phase_ext_benchmark |     Extracted: antibioticsai-main/library_predictions/mcule_predictions_final/277p.csv
2026-04-03 14:23:24 | INFO  | phase_ext_benchmark |     Extracted: antibioticsai-main/library_predictions/mcule_predictions_final/278p.csv
2026-04-03 14:23:24 | INFO  | phase_ext_benchmark |     Extracted: antibioticsai-main/library_predictions/mcule_predictions_final/279p.csv
2026-04-03 14:23:24 | INFO  | phase_ext_benchmark |     Extracted: antibioticsai-main/library_predictions/mcule_predictions_final/27p.csv
2026-04-03 14:23:24 | INFO  | phase_ext_benchmark |     Extracted: antibioticsai-main/library_predictions/mcule_predictions_final/280p.csv
2026-04-03 14:23:24 | INFO  | phase_ext_benchmark |     Extracted: antibioticsai-main/library_predictions/mcule_predictions_final/281p.csv
2026-04-03 14:23:24 | INFO  | phase_ext_benchmark |     Extracted: antibioticsai-main/library_predictions/mcule_predictions_final/282p.csv
2026-04-03 14:23:24 | INFO  | phase_ext_benchmark |     Extracted: antibioticsai-main/library_predictions/mcule_predictions_final/283p.csv
2026-04-03 14:23:24 | INFO  | phase_ext_benchmark |     Extracted: antibioticsai-main/library_predictions/mcule_predictions_final/284p.csv
2026-04-03 14:23:24 | INFO  | phase_ext_benchmark |     Extracted: antibioticsai-main/library_predictions/mcule_predictions_final/285p.csv
2026-04-03 14:23:24 | INFO  | phase_ext_benchmark |     Extracted: antibioticsai-main/library_predictions/mcule_predictions_final/286p.csv
2026-04-03 14:23:24 | INFO  | phase_ext_benchmark |     Extracted: antibioticsai-main/library_predictions/mcule_predictions_final/287p.csv
2026-04-03 14:23:24 | INFO  | phase_ext_benchmark |     Extracted: antibioticsai-main/library_predictions/mcule_predictions_final/288p.csv
2026-04-03 14:23:24 | INFO  | phase_ext_benchmark |     Extracted: antibioticsai-main/library_predictions/mcule_predictions_final/289p.csv
2026-04-03 14:23:24 | INFO  | phase_ext_benchmark |     Extracted: antibioticsai-main/library_predictions/mcule_predictions_final/28p.csv
2026-04-03 14:23:24 | INFO  | phase_ext_benchmark |     Extracted: antibioticsai-main/library_predictions/mcule_predictions_final/290p.csv
2026-04-03 14:23:24 | INFO  | phase_ext_benchmark |     Extracted: antibioticsai-main/library_predictions/mcule_predictions_final/291p.csv
2026-04-03 14:23:24 | INFO  | phase_ext_benchmark |     Extracted: antibioticsai-main/library_predictions/mcule_predictions_final/292p.csv
2026-04-03 14:23:24 | INFO  | phase_ext_benchmark |     Extracted: antibioticsai-main/library_predictions/mcule_predictions_final/293p.csv
2026-04-03 14:23:24 | INFO  | phase_ext_benchmark |     Extracted: antibioticsai-main/library_predictions/mcule_predictions_final/294p.csv
2026-04-03 14:23:24 | INFO  | phase_ext_benchmark |     Extracted: antibioticsai-main/library_predictions/mcule_predictions_final/295p.csv
2026-04-03 14:23:24 | INFO  | phase_ext_benchmark |     Extracted: antibioticsai-main/library_predictions/mcule_predictions_final/296p.csv
2026-04-03 14:23:24 | INFO  | phase_ext_benchmark |     Extracted: antibioticsai-main/library_predictions/mcule_predictions_final/297p.csv
2026-04-03 14:23:24 | INFO  | phase_ext_benchmark |     Extracted: antibioticsai-main/library_predictions/mcule_predictions_final/298p.csv
2026-04-03 14:23:24 | INFO  | phase_ext_benchmark |     Extracted: antibioticsai-main/library_predictions/mcule_predictions_final/299p.csv
2026-04-03 14:23:24 | INFO  | phase_ext_benchmark |     Extracted: antibioticsai-main/library_predictions/mcule_predictions_final/29p.csv
2026-04-03 14:23:24 | INFO  | phase_ext_benchmark |     Extracted: antibioticsai-main/library_predictions/mcule_predictions_final/2p.csv
2026-04-03 14:23:24 | INFO  | phase_ext_benchmark |     Extracted: antibioticsai-main/library_predictions/mcule_predictions_final/300p.csv
2026-04-03 14:23:24 | INFO  | phase_ext_benchmark |     Extracted: antibioticsai-main/library_predictions/mcule_predictions_final/301p.csv
2026-04-03 14:23:24 | INFO  | phase_ext_benchmark |     Extracted: antibioticsai-main/library_predictions/mcule_predictions_final/302p.csv
2026-04-03 14:23:24 | INFO  | phase_ext_benchmark |     Extracted: antibioticsai-main/library_predictions/mcule_predictions_final/303p.csv
2026-04-03 14:23:24 | INFO  | phase_ext_benchmark |     Extracted: antibioticsai-main/library_predictions/mcule_predictions_final/304p.csv
2026-04-03 14:23:24 | INFO  | phase_ext_benchmark |     Extracted: antibioticsai-main/library_predictions/mcule_predictions_final/305p.csv
2026-04-03 14:23:24 | INFO  | phase_ext_benchmark |     Extracted: antibioticsai-main/library_predictions/mcule_predictions_final/306p.csv
2026-04-03 14:23:24 | INFO  | phase_ext_benchmark |     Extracted: antibioticsai-main/library_predictions/mcule_predictions_final/307p.csv
2026-04-03 14:23:24 | INFO  | phase_ext_benchmark |     Extracted: antibioticsai-main/library_predictions/mcule_predictions_final/308p.csv
2026-04-03 14:23:24 | INFO  | phase_ext_benchmark |     Extracted: antibioticsai-main/library_predictions/mcule_predictions_final/309p.csv
2026-04-03 14:23:24 | INFO  | phase_ext_benchmark |     Extracted: antibioticsai-main/library_predictions/mcule_predictions_final/30p.csv
2026-04-03 14:23:24 | INFO  | phase_ext_benchmark |     Extracted: antibioticsai-main/library_predictions/mcule_predictions_final/310p.csv
2026-04-03 14:23:24 | INFO  | phase_ext_benchmark |     Extracted: antibioticsai-main/library_predictions/mcule_predictions_final/311p.csv
2026-04-03 14:23:24 | INFO  | phase_ext_benchmark |     Extracted: antibioticsai-main/library_predictions/mcule_predictions_final/312p.csv
2026-04-03 14:23:24 | INFO  | phase_ext_benchmark |     Extracted: antibioticsai-main/library_predictions/mcule_predictions_final/313p.csv
2026-04-03 14:23:24 | INFO  | phase_ext_benchmark |     Extracted: antibioticsai-main/library_predictions/mcule_predictions_final/314p.csv
2026-04-03 14:23:24 | INFO  | phase_ext_benchmark |     Extracted: antibioticsai-main/library_predictions/mcule_predictions_final/315p.csv
2026-04-03 14:23:24 | INFO  | phase_ext_benchmark |     Extracted: antibioticsai-main/library_predictions/mcule_predictions_final/316p.csv
2026-04-03 14:23:24 | INFO  | phase_ext_benchmark |     Extracted: antibioticsai-main/library_predictions/mcule_predictions_final/317p.csv
2026-04-03 14:23:24 | INFO  | phase_ext_benchmark |     Extracted: antibioticsai-main/library_predictions/mcule_predictions_final/318p.csv
2026-04-03 14:23:24 | INFO  | phase_ext_benchmark |     Extracted: antibioticsai-main/library_predictions/mcule_predictions_final/319p.csv
2026-04-03 14:23:24 | INFO  | phase_ext_benchmark |     Extracted: antibioticsai-main/library_predictions/mcule_predictions_final/31p.csv
2026-04-03 14:23:24 | INFO  | phase_ext_benchmark |     Extracted: antibioticsai-main/library_predictions/mcule_predictions_final/320p.csv
2026-04-03 14:23:24 | INFO  | phase_ext_benchmark |     Extracted: antibioticsai-main/library_predictions/mcule_predictions_final/321p.csv
2026-04-03 14:23:24 | INFO  | phase_ext_benchmark |     Extracted: antibioticsai-main/library_predictions/mcule_predictions_final/322p.csv
2026-04-03 14:23:24 | INFO  | phase_ext_benchmark |     Extracted: antibioticsai-main/library_predictions/mcule_predictions_final/323p.csv
2026-04-03 14:23:24 | INFO  | phase_ext_benchmark |     Extracted: antibioticsai-main/library_predictions/mcule_predictions_final/324p.csv
2026-04-03 14:23:24 | INFO  | phase_ext_benchmark |     Extracted: antibioticsai-main/library_predictions/mcule_predictions_final/325p.csv
2026-04-03 14:23:24 | INFO  | phase_ext_benchmark |     Extracted: antibioticsai-main/library_predictions/mcule_predictions_final/326p.csv
2026-04-03 14:23:24 | INFO  | phase_ext_benchmark |     Extracted: antibioticsai-main/library_predictions/mcule_predictions_final/327p.csv
2026-04-03 14:23:24 | INFO  | phase_ext_benchmark |     Extracted: antibioticsai-main/library_predictions/mcule_predictions_final/328p.csv
2026-04-03 14:23:24 | INFO  | phase_ext_benchmark |     Extracted: antibioticsai-main/library_predictions/mcule_predictions_final/329p.csv
2026-04-03 14:23:24 | INFO  | phase_ext_benchmark |     Extracted: antibioticsai-main/library_predictions/mcule_predictions_final/32p.csv
2026-04-03 14:23:24 | INFO  | phase_ext_benchmark |     Extracted: antibioticsai-main/library_predictions/mcule_predictions_final/330p.csv
2026-04-03 14:23:24 | INFO  | phase_ext_benchmark |     Extracted: antibioticsai-main/library_predictions/mcule_predictions_final/331p.csv
2026-04-03 14:23:24 | INFO  | phase_ext_benchmark |     Extracted: antibioticsai-main/library_predictions/mcule_predictions_final/332p.csv
2026-04-03 14:23:24 | INFO  | phase_ext_benchmark |     Extracted: antibioticsai-main/library_predictions/mcule_predictions_final/333p.csv
2026-04-03 14:23:24 | INFO  | phase_ext_benchmark |     Extracted: antibioticsai-main/library_predictions/mcule_predictions_final/334p.csv
2026-04-03 14:23:24 | INFO  | phase_ext_benchmark |     Extracted: antibioticsai-main/library_predictions/mcule_predictions_final/335p.csv
2026-04-03 14:23:24 | INFO  | phase_ext_benchmark |     Extracted: antibioticsai-main/library_predictions/mcule_predictions_final/336p.csv
2026-04-03 14:23:24 | INFO  | phase_ext_benchmark |     Extracted: antibioticsai-main/library_predictions/mcule_predictions_final/337p.csv
2026-04-03 14:23:24 | INFO  | phase_ext_benchmark |     Extracted: antibioticsai-main/library_predictions/mcule_predictions_final/338p.csv
2026-04-03 14:23:24 | INFO  | phase_ext_benchmark |     Extracted: antibioticsai-main/library_predictions/mcule_predictions_final/339p.csv
2026-04-03 14:23:24 | INFO  | phase_ext_benchmark |     Extracted: antibioticsai-main/library_predictions/mcule_predictions_final/33p.csv
2026-04-03 14:23:24 | INFO  | phase_ext_benchmark |     Extracted: antibioticsai-main/library_predictions/mcule_predictions_final/340p.csv
2026-04-03 14:23:24 | INFO  | phase_ext_benchmark |     Extracted: antibioticsai-main/library_predictions/mcule_predictions_final/341p.csv
2026-04-03 14:23:24 | INFO  | phase_ext_benchmark |     Extracted: antibioticsai-main/library_predictions/mcule_predictions_final/342p.csv
2026-04-03 14:23:24 | INFO  | phase_ext_benchmark |     Extracted: antibioticsai-main/library_predictions/mcule_predictions_final/343p.csv
2026-04-03 14:23:24 | INFO  | phase_ext_benchmark |     Extracted: antibioticsai-main/library_predictions/mcule_predictions_final/344p.csv
2026-04-03 14:23:24 | INFO  | phase_ext_benchmark |     Extracted: antibioticsai-main/library_predictions/mcule_predictions_final/345p.csv
2026-04-03 14:23:24 | INFO  | phase_ext_benchmark |     Extracted: antibioticsai-main/library_predictions/mcule_predictions_final/346p.csv
2026-04-03 14:23:24 | INFO  | phase_ext_benchmark |     Extracted: antibioticsai-main/library_predictions/mcule_predictions_final/347p.csv
2026-04-03 14:23:24 | INFO  | phase_ext_benchmark |     Extracted: antibioticsai-main/library_predictions/mcule_predictions_final/348p.csv
2026-04-03 14:23:24 | INFO  | phase_ext_benchmark |     Extracted: antibioticsai-main/library_predictions/mcule_predictions_final/349p.csv
2026-04-03 14:23:24 | INFO  | phase_ext_benchmark |     Extracted: antibioticsai-main/library_predictions/mcule_predictions_final/34p.csv
2026-04-03 14:23:24 | INFO  | phase_ext_benchmark |     Extracted: antibioticsai-main/library_predictions/mcule_predictions_final/350p.csv
2026-04-03 14:23:24 | INFO  | phase_ext_benchmark |     Extracted: antibioticsai-main/library_predictions/mcule_predictions_final/351p.csv
2026-04-03 14:23:24 | INFO  | phase_ext_benchmark |     Extracted: antibioticsai-main/library_predictions/mcule_predictions_final/352p.csv
2026-04-03 14:23:24 | INFO  | phase_ext_benchmark |     Extracted: antibioticsai-main/library_predictions/mcule_predictions_final/353p.csv
2026-04-03 14:23:24 | INFO  | phase_ext_benchmark |     Extracted: antibioticsai-main/library_predictions/mcule_predictions_final/354p.csv
2026-04-03 14:23:25 | INFO  | phase_ext_benchmark |     Extracted: antibioticsai-main/library_predictions/mcule_predictions_final/355p.csv
2026-04-03 14:23:25 | INFO  | phase_ext_benchmark |     Extracted: antibioticsai-main/library_predictions/mcule_predictions_final/356p.csv
2026-04-03 14:23:25 | INFO  | phase_ext_benchmark |     Extracted: antibioticsai-main/library_predictions/mcule_predictions_final/357p.csv
2026-04-03 14:23:25 | INFO  | phase_ext_benchmark |     Extracted: antibioticsai-main/library_predictions/mcule_predictions_final/358p.csv
2026-04-03 14:23:25 | INFO  | phase_ext_benchmark |     Extracted: antibioticsai-main/library_predictions/mcule_predictions_final/359p.csv
2026-04-03 14:23:25 | INFO  | phase_ext_benchmark |     Extracted: antibioticsai-main/library_predictions/mcule_predictions_final/35p.csv
2026-04-03 14:23:25 | INFO  | phase_ext_benchmark |     Extracted: antibioticsai-main/library_predictions/mcule_predictions_final/360p.csv
2026-04-03 14:23:25 | INFO  | phase_ext_benchmark |     Extracted: antibioticsai-main/library_predictions/mcule_predictions_final/361p.csv
2026-04-03 14:23:25 | INFO  | phase_ext_benchmark |     Extracted: antibioticsai-main/library_predictions/mcule_predictions_final/362p.csv
2026-04-03 14:23:25 | INFO  | phase_ext_benchmark |     Extracted: antibioticsai-main/library_predictions/mcule_predictions_final/363p.csv
2026-04-03 14:23:25 | INFO  | phase_ext_benchmark |     Extracted: antibioticsai-main/library_predictions/mcule_predictions_final/364p.csv
2026-04-03 14:23:25 | INFO  | phase_ext_benchmark |     Extracted: antibioticsai-main/library_predictions/mcule_predictions_final/365p.csv
2026-04-03 14:23:25 | INFO  | phase_ext_benchmark |     Extracted: antibioticsai-main/library_predictions/mcule_predictions_final/366p.csv
2026-04-03 14:23:25 | INFO  | phase_ext_benchmark |     Extracted: antibioticsai-main/library_predictions/mcule_predictions_final/367p.csv
2026-04-03 14:23:25 | INFO  | phase_ext_benchmark |     Extracted: antibioticsai-main/library_predictions/mcule_predictions_final/368p.csv
2026-04-03 14:23:25 | INFO  | phase_ext_benchmark |     Extracted: antibioticsai-main/library_predictions/mcule_predictions_final/369p.csv
2026-04-03 14:23:25 | INFO  | phase_ext_benchmark |     Extracted: antibioticsai-main/library_predictions/mcule_predictions_final/36p.csv
2026-04-03 14:23:25 | INFO  | phase_ext_benchmark |     Extracted: antibioticsai-main/library_predictions/mcule_predictions_final/370p.csv
2026-04-03 14:23:25 | INFO  | phase_ext_benchmark |     Extracted: antibioticsai-main/library_predictions/mcule_predictions_final/371p.csv
2026-04-03 14:23:25 | INFO  | phase_ext_benchmark |     Extracted: antibioticsai-main/library_predictions/mcule_predictions_final/372p.csv
2026-04-03 14:23:25 | INFO  | phase_ext_benchmark |     Extracted: antibioticsai-main/library_predictions/mcule_predictions_final/373p.csv
2026-04-03 14:23:25 | INFO  | phase_ext_benchmark |     Extracted: antibioticsai-main/library_predictions/mcule_predictions_final/374p.csv
2026-04-03 14:23:25 | INFO  | phase_ext_benchmark |     Extracted: antibioticsai-main/library_predictions/mcule_predictions_final/375p.csv
2026-04-03 14:23:25 | INFO  | phase_ext_benchmark |     Extracted: antibioticsai-main/library_predictions/mcule_predictions_final/376p.csv
2026-04-03 14:23:25 | INFO  | phase_ext_benchmark |     Extracted: antibioticsai-main/library_predictions/mcule_predictions_final/377p.csv
2026-04-03 14:23:25 | INFO  | phase_ext_benchmark |     Extracted: antibioticsai-main/library_predictions/mcule_predictions_final/378p.csv
2026-04-03 14:23:25 | INFO  | phase_ext_benchmark |     Extracted: antibioticsai-main/library_predictions/mcule_predictions_final/379p.csv
2026-04-03 14:23:25 | INFO  | phase_ext_benchmark |     Extracted: antibioticsai-main/library_predictions/mcule_predictions_final/37p.csv
2026-04-03 14:23:25 | INFO  | phase_ext_benchmark |     Extracted: antibioticsai-main/library_predictions/mcule_predictions_final/380p.csv
2026-04-03 14:23:25 | INFO  | phase_ext_benchmark |     Extracted: antibioticsai-main/library_predictions/mcule_predictions_final/381p.csv
2026-04-03 14:23:25 | INFO  | phase_ext_benchmark |     Extracted: antibioticsai-main/library_predictions/mcule_predictions_final/382p.csv
2026-04-03 14:23:25 | INFO  | phase_ext_benchmark |     Extracted: antibioticsai-main/library_predictions/mcule_predictions_final/383p.csv
2026-04-03 14:23:25 | INFO  | phase_ext_benchmark |     Extracted: antibioticsai-main/library_predictions/mcule_predictions_final/384p.csv
2026-04-03 14:23:25 | INFO  | phase_ext_benchmark |     Extracted: antibioticsai-main/library_predictions/mcule_predictions_final/385p.csv
2026-04-03 14:23:25 | INFO  | phase_ext_benchmark |     Extracted: antibioticsai-main/library_predictions/mcule_predictions_final/386p.csv
2026-04-03 14:23:25 | INFO  | phase_ext_benchmark |     Extracted: antibioticsai-main/library_predictions/mcule_predictions_final/387p.csv
2026-04-03 14:23:25 | INFO  | phase_ext_benchmark |     Extracted: antibioticsai-main/library_predictions/mcule_predictions_final/388p.csv
2026-04-03 14:23:25 | INFO  | phase_ext_benchmark |     Extracted: antibioticsai-main/library_predictions/mcule_predictions_final/389p.csv
2026-04-03 14:23:25 | INFO  | phase_ext_benchmark |     Extracted: antibioticsai-main/library_predictions/mcule_predictions_final/38p.csv
2026-04-03 14:23:25 | INFO  | phase_ext_benchmark |     Extracted: antibioticsai-main/library_predictions/mcule_predictions_final/390p.csv
2026-04-03 14:23:25 | INFO  | phase_ext_benchmark |     Extracted: antibioticsai-main/library_predictions/mcule_predictions_final/391p.csv
2026-04-03 14:23:25 | INFO  | phase_ext_benchmark |     Extracted: antibioticsai-main/library_predictions/mcule_predictions_final/392p.csv
2026-04-03 14:23:25 | INFO  | phase_ext_benchmark |     Extracted: antibioticsai-main/library_predictions/mcule_predictions_final/393p.csv
2026-04-03 14:23:25 | INFO  | phase_ext_benchmark |     Extracted: antibioticsai-main/library_predictions/mcule_predictions_final/394p.csv
2026-04-03 14:23:25 | INFO  | phase_ext_benchmark |     Extracted: antibioticsai-main/library_predictions/mcule_predictions_final/395p.csv
2026-04-03 14:23:25 | INFO  | phase_ext_benchmark |     Extracted: antibioticsai-main/library_predictions/mcule_predictions_final/396p.csv
2026-04-03 14:23:25 | INFO  | phase_ext_benchmark |     Extracted: antibioticsai-main/library_predictions/mcule_predictions_final/397p.csv
2026-04-03 14:23:25 | INFO  | phase_ext_benchmark |     Extracted: antibioticsai-main/library_predictions/mcule_predictions_final/398p.csv
2026-04-03 14:23:25 | INFO  | phase_ext_benchmark |     Extracted: antibioticsai-main/library_predictions/mcule_predictions_final/399p.csv
2026-04-03 14:23:25 | INFO  | phase_ext_benchmark |     Extracted: antibioticsai-main/library_predictions/mcule_predictions_final/39p.csv
2026-04-03 14:23:25 | INFO  | phase_ext_benchmark |     Extracted: antibioticsai-main/library_predictions/mcule_predictions_final/3p.csv
2026-04-03 14:23:25 | INFO  | phase_ext_benchmark |     Extracted: antibioticsai-main/library_predictions/mcule_predictions_final/400p.csv
2026-04-03 14:23:25 | INFO  | phase_ext_benchmark |     Extracted: antibioticsai-main/library_predictions/mcule_predictions_final/401p.csv
2026-04-03 14:23:25 | INFO  | phase_ext_benchmark |     Extracted: antibioticsai-main/library_predictions/mcule_predictions_final/402p.csv
2026-04-03 14:23:25 | INFO  | phase_ext_benchmark |     Extracted: antibioticsai-main/library_predictions/mcule_predictions_final/403p.csv
2026-04-03 14:23:25 | INFO  | phase_ext_benchmark |     Extracted: antibioticsai-main/library_predictions/mcule_predictions_final/404p.csv
2026-04-03 14:23:25 | INFO  | phase_ext_benchmark |     Extracted: antibioticsai-main/library_predictions/mcule_predictions_final/405p.csv
2026-04-03 14:23:25 | INFO  | phase_ext_benchmark |     Extracted: antibioticsai-main/library_predictions/mcule_predictions_final/406p.csv
2026-04-03 14:23:25 | INFO  | phase_ext_benchmark |     Extracted: antibioticsai-main/library_predictions/mcule_predictions_final/407p.csv
2026-04-03 14:23:25 | INFO  | phase_ext_benchmark |     Extracted: antibioticsai-main/library_predictions/mcule_predictions_final/408p.csv
2026-04-03 14:23:25 | INFO  | phase_ext_benchmark |     Extracted: antibioticsai-main/library_predictions/mcule_predictions_final/409p.csv
2026-04-03 14:23:25 | INFO  | phase_ext_benchmark |     Extracted: antibioticsai-main/library_predictions/mcule_predictions_final/40p.csv
2026-04-03 14:23:25 | INFO  | phase_ext_benchmark |     Extracted: antibioticsai-main/library_predictions/mcule_predictions_final/410p.csv
2026-04-03 14:23:25 | INFO  | phase_ext_benchmark |     Extracted: antibioticsai-main/library_predictions/mcule_predictions_final/411p.csv
2026-04-03 14:23:25 | INFO  | phase_ext_benchmark |     Extracted: antibioticsai-main/library_predictions/mcule_predictions_final/412p.csv
2026-04-03 14:23:25 | INFO  | phase_ext_benchmark |     Extracted: antibioticsai-main/library_predictions/mcule_predictions_final/413p.csv
2026-04-03 14:23:25 | INFO  | phase_ext_benchmark |     Extracted: antibioticsai-main/library_predictions/mcule_predictions_final/414p.csv
2026-04-03 14:23:25 | INFO  | phase_ext_benchmark |     Extracted: antibioticsai-main/library_predictions/mcule_predictions_final/415p.csv
2026-04-03 14:23:25 | INFO  | phase_ext_benchmark |     Extracted: antibioticsai-main/library_predictions/mcule_predictions_final/416p.csv
2026-04-03 14:23:25 | INFO  | phase_ext_benchmark |     Extracted: antibioticsai-main/library_predictions/mcule_predictions_final/417p.csv
2026-04-03 14:23:25 | INFO  | phase_ext_benchmark |     Extracted: antibioticsai-main/library_predictions/mcule_predictions_final/418p.csv
2026-04-03 14:23:25 | INFO  | phase_ext_benchmark |     Extracted: antibioticsai-main/library_predictions/mcule_predictions_final/419p.csv
2026-04-03 14:23:25 | INFO  | phase_ext_benchmark |     Extracted: antibioticsai-main/library_predictions/mcule_predictions_final/41p.csv
2026-04-03 14:23:25 | INFO  | phase_ext_benchmark |     Extracted: antibioticsai-main/library_predictions/mcule_predictions_final/420p.csv
2026-04-03 14:23:25 | INFO  | phase_ext_benchmark |     Extracted: antibioticsai-main/library_predictions/mcule_predictions_final/421p.csv
2026-04-03 14:23:25 | INFO  | phase_ext_benchmark |     Extracted: antibioticsai-main/library_predictions/mcule_predictions_final/422p.csv
2026-04-03 14:23:25 | INFO  | phase_ext_benchmark |     Extracted: antibioticsai-main/library_predictions/mcule_predictions_final/423p.csv
2026-04-03 14:23:25 | INFO  | phase_ext_benchmark |     Extracted: antibioticsai-main/library_predictions/mcule_predictions_final/424p.csv
2026-04-03 14:23:25 | INFO  | phase_ext_benchmark |     Extracted: antibioticsai-main/library_predictions/mcule_predictions_final/425p.csv
2026-04-03 14:23:25 | INFO  | phase_ext_benchmark |     Extracted: antibioticsai-main/library_predictions/mcule_predictions_final/426p.csv
2026-04-03 14:23:25 | INFO  | phase_ext_benchmark |     Extracted: antibioticsai-main/library_predictions/mcule_predictions_final/427p.csv
2026-04-03 14:23:25 | INFO  | phase_ext_benchmark |     Extracted: antibioticsai-main/library_predictions/mcule_predictions_final/428p.csv
2026-04-03 14:23:25 | INFO  | phase_ext_benchmark |     Extracted: antibioticsai-main/library_predictions/mcule_predictions_final/429p.csv
2026-04-03 14:23:25 | INFO  | phase_ext_benchmark |     Extracted: antibioticsai-main/library_predictions/mcule_predictions_final/42p.csv
2026-04-03 14:23:25 | INFO  | phase_ext_benchmark |     Extracted: antibioticsai-main/library_predictions/mcule_predictions_final/430p.csv
2026-04-03 14:23:25 | INFO  | phase_ext_benchmark |     Extracted: antibioticsai-main/library_predictions/mcule_predictions_final/431p.csv
2026-04-03 14:23:25 | INFO  | phase_ext_benchmark |     Extracted: antibioticsai-main/library_predictions/mcule_predictions_final/432p.csv
2026-04-03 14:23:25 | INFO  | phase_ext_benchmark |     Extracted: antibioticsai-main/library_predictions/mcule_predictions_final/433p.csv
2026-04-03 14:23:25 | INFO  | phase_ext_benchmark |     Extracted: antibioticsai-main/library_predictions/mcule_predictions_final/434p.csv
2026-04-03 14:23:25 | INFO  | phase_ext_benchmark |     Extracted: antibioticsai-main/library_predictions/mcule_predictions_final/435p.csv
2026-04-03 14:23:25 | INFO  | phase_ext_benchmark |     Extracted: antibioticsai-main/library_predictions/mcule_predictions_final/436p.csv
2026-04-03 14:23:25 | INFO  | phase_ext_benchmark |     Extracted: antibioticsai-main/library_predictions/mcule_predictions_final/437p.csv
2026-04-03 14:23:25 | INFO  | phase_ext_benchmark |     Extracted: antibioticsai-main/library_predictions/mcule_predictions_final/438p.csv
2026-04-03 14:23:25 | INFO  | phase_ext_benchmark |     Extracted: antibioticsai-main/library_predictions/mcule_predictions_final/439p.csv
2026-04-03 14:23:25 | INFO  | phase_ext_benchmark |     Extracted: antibioticsai-main/library_predictions/mcule_predictions_final/43p.csv
2026-04-03 14:23:25 | INFO  | phase_ext_benchmark |     Extracted: antibioticsai-main/library_predictions/mcule_predictions_final/440p.csv
2026-04-03 14:23:25 | INFO  | phase_ext_benchmark |     Extracted: antibioticsai-main/library_predictions/mcule_predictions_final/441p.csv
2026-04-03 14:23:25 | INFO  | phase_ext_benchmark |     Extracted: antibioticsai-main/library_predictions/mcule_predictions_final/442p.csv
2026-04-03 14:23:25 | INFO  | phase_ext_benchmark |     Extracted: antibioticsai-main/library_predictions/mcule_predictions_final/443p.csv
2026-04-03 14:23:25 | INFO  | phase_ext_benchmark |     Extracted: antibioticsai-main/library_predictions/mcule_predictions_final/444p.csv
2026-04-03 14:23:25 | INFO  | phase_ext_benchmark |     Extracted: antibioticsai-main/library_predictions/mcule_predictions_final/445p.csv
2026-04-03 14:23:25 | INFO  | phase_ext_benchmark |     Extracted: antibioticsai-main/library_predictions/mcule_predictions_final/446p.csv
2026-04-03 14:23:25 | INFO  | phase_ext_benchmark |     Extracted: antibioticsai-main/library_predictions/mcule_predictions_final/447p.csv
2026-04-03 14:23:25 | INFO  | phase_ext_benchmark |     Extracted: antibioticsai-main/library_predictions/mcule_predictions_final/448p.csv
2026-04-03 14:23:25 | INFO  | phase_ext_benchmark |     Extracted: antibioticsai-main/library_predictions/mcule_predictions_final/449p.csv
2026-04-03 14:23:25 | INFO  | phase_ext_benchmark |     Extracted: antibioticsai-main/library_predictions/mcule_predictions_final/44p.csv
2026-04-03 14:23:25 | INFO  | phase_ext_benchmark |     Extracted: antibioticsai-main/library_predictions/mcule_predictions_final/450p.csv
2026-04-03 14:23:25 | INFO  | phase_ext_benchmark |     Extracted: antibioticsai-main/library_predictions/mcule_predictions_final/451p.csv
2026-04-03 14:23:25 | INFO  | phase_ext_benchmark |     Extracted: antibioticsai-main/library_predictions/mcule_predictions_final/452p.csv
2026-04-03 14:23:25 | INFO  | phase_ext_benchmark |     Extracted: antibioticsai-main/library_predictions/mcule_predictions_final/453p.csv
2026-04-03 14:23:25 | INFO  | phase_ext_benchmark |     Extracted: antibioticsai-main/library_predictions/mcule_predictions_final/454p.csv
2026-04-03 14:23:25 | INFO  | phase_ext_benchmark |     Extracted: antibioticsai-main/library_predictions/mcule_predictions_final/455p.csv
2026-04-03 14:23:25 | INFO  | phase_ext_benchmark |     Extracted: antibioticsai-main/library_predictions/mcule_predictions_final/456p.csv
2026-04-03 14:23:25 | INFO  | phase_ext_benchmark |     Extracted: antibioticsai-main/library_predictions/mcule_predictions_final/457p.csv
2026-04-03 14:23:25 | INFO  | phase_ext_benchmark |     Extracted: antibioticsai-main/library_predictions/mcule_predictions_final/458p.csv
2026-04-03 14:23:25 | INFO  | phase_ext_benchmark |     Extracted: antibioticsai-main/library_predictions/mcule_predictions_final/459p.csv
2026-04-03 14:23:25 | INFO  | phase_ext_benchmark |     Extracted: antibioticsai-main/library_predictions/mcule_predictions_final/45p.csv
2026-04-03 14:23:25 | INFO  | phase_ext_benchmark |     Extracted: antibioticsai-main/library_predictions/mcule_predictions_final/460p.csv
2026-04-03 14:23:25 | INFO  | phase_ext_benchmark |     Extracted: antibioticsai-main/library_predictions/mcule_predictions_final/461p.csv
2026-04-03 14:23:25 | INFO  | phase_ext_benchmark |     Extracted: antibioticsai-main/library_predictions/mcule_predictions_final/462p.csv
2026-04-03 14:23:25 | INFO  | phase_ext_benchmark |     Extracted: antibioticsai-main/library_predictions/mcule_predictions_final/463p.csv
2026-04-03 14:23:25 | INFO  | phase_ext_benchmark |     Extracted: antibioticsai-main/library_predictions/mcule_predictions_final/464p.csv
2026-04-03 14:23:25 | INFO  | phase_ext_benchmark |     Extracted: antibioticsai-main/library_predictions/mcule_predictions_final/465p.csv
2026-04-03 14:23:25 | INFO  | phase_ext_benchmark |     Extracted: antibioticsai-main/library_predictions/mcule_predictions_final/466p.csv
2026-04-03 14:23:25 | INFO  | phase_ext_benchmark |     Extracted: antibioticsai-main/library_predictions/mcule_predictions_final/467p.csv
2026-04-03 14:23:25 | INFO  | phase_ext_benchmark |     Extracted: antibioticsai-main/library_predictions/mcule_predictions_final/468p.csv
2026-04-03 14:23:25 | INFO  | phase_ext_benchmark |     Extracted: antibioticsai-main/library_predictions/mcule_predictions_final/469p.csv
2026-04-03 14:23:25 | INFO  | phase_ext_benchmark |     Extracted: antibioticsai-main/library_predictions/mcule_predictions_final/46p.csv
2026-04-03 14:23:25 | INFO  | phase_ext_benchmark |     Extracted: antibioticsai-main/library_predictions/mcule_predictions_final/470p.csv
2026-04-03 14:23:25 | INFO  | phase_ext_benchmark |     Extracted: antibioticsai-main/library_predictions/mcule_predictions_final/471p.csv
2026-04-03 14:23:25 | INFO  | phase_ext_benchmark |     Extracted: antibioticsai-main/library_predictions/mcule_predictions_final/472p.csv
2026-04-03 14:23:25 | INFO  | phase_ext_benchmark |     Extracted: antibioticsai-main/library_predictions/mcule_predictions_final/473p.csv
2026-04-03 14:23:25 | INFO  | phase_ext_benchmark |     Extracted: antibioticsai-main/library_predictions/mcule_predictions_final/474p.csv
2026-04-03 14:23:25 | INFO  | phase_ext_benchmark |     Extracted: antibioticsai-main/library_predictions/mcule_predictions_final/475p.csv
2026-04-03 14:23:25 | INFO  | phase_ext_benchmark |     Extracted: antibioticsai-main/library_predictions/mcule_predictions_final/476p.csv
2026-04-03 14:23:25 | INFO  | phase_ext_benchmark |     Extracted: antibioticsai-main/library_predictions/mcule_predictions_final/477p.csv
2026-04-03 14:23:25 | INFO  | phase_ext_benchmark |     Extracted: antibioticsai-main/library_predictions/mcule_predictions_final/478p.csv
2026-04-03 14:23:25 | INFO  | phase_ext_benchmark |     Extracted: antibioticsai-main/library_predictions/mcule_predictions_final/479p.csv
2026-04-03 14:23:25 | INFO  | phase_ext_benchmark |     Extracted: antibioticsai-main/library_predictions/mcule_predictions_final/47p.csv
2026-04-03 14:23:25 | INFO  | phase_ext_benchmark |     Extracted: antibioticsai-main/library_predictions/mcule_predictions_final/480p.csv
2026-04-03 14:23:25 | INFO  | phase_ext_benchmark |     Extracted: antibioticsai-main/library_predictions/mcule_predictions_final/481p.csv
2026-04-03 14:23:25 | INFO  | phase_ext_benchmark |     Extracted: antibioticsai-main/library_predictions/mcule_predictions_final/482p.csv
2026-04-03 14:23:25 | INFO  | phase_ext_benchmark |     Extracted: antibioticsai-main/library_predictions/mcule_predictions_final/483p.csv
2026-04-03 14:23:25 | INFO  | phase_ext_benchmark |     Extracted: antibioticsai-main/library_predictions/mcule_predictions_final/484p.csv
2026-04-03 14:23:25 | INFO  | phase_ext_benchmark |     Extracted: antibioticsai-main/library_predictions/mcule_predictions_final/485p.csv
2026-04-03 14:23:25 | INFO  | phase_ext_benchmark |     Extracted: antibioticsai-main/library_predictions/mcule_predictions_final/486p.csv
2026-04-03 14:23:25 | INFO  | phase_ext_benchmark |     Extracted: antibioticsai-main/library_predictions/mcule_predictions_final/487p.csv
2026-04-03 14:23:25 | INFO  | phase_ext_benchmark |     Extracted: antibioticsai-main/library_predictions/mcule_predictions_final/488p.csv
2026-04-03 14:23:25 | INFO  | phase_ext_benchmark |     Extracted: antibioticsai-main/library_predictions/mcule_predictions_final/489p.csv
2026-04-03 14:23:25 | INFO  | phase_ext_benchmark |     Extracted: antibioticsai-main/library_predictions/mcule_predictions_final/48p.csv
2026-04-03 14:23:25 | INFO  | phase_ext_benchmark |     Extracted: antibioticsai-main/library_predictions/mcule_predictions_final/490p.csv
2026-04-03 14:23:25 | INFO  | phase_ext_benchmark |     Extracted: antibioticsai-main/library_predictions/mcule_predictions_final/491p.csv
2026-04-03 14:23:25 | INFO  | phase_ext_benchmark |     Extracted: antibioticsai-main/library_predictions/mcule_predictions_final/492p.csv
2026-04-03 14:23:25 | INFO  | phase_ext_benchmark |     Extracted: antibioticsai-main/library_predictions/mcule_predictions_final/493p.csv
2026-04-03 14:23:25 | INFO  | phase_ext_benchmark |     Extracted: antibioticsai-main/library_predictions/mcule_predictions_final/494p.csv
2026-04-03 14:23:25 | INFO  | phase_ext_benchmark |     Extracted: antibioticsai-main/library_predictions/mcule_predictions_final/495p.csv
2026-04-03 14:23:25 | INFO  | phase_ext_benchmark |     Extracted: antibioticsai-main/library_predictions/mcule_predictions_final/496p.csv
2026-04-03 14:23:25 | INFO  | phase_ext_benchmark |     Extracted: antibioticsai-main/library_predictions/mcule_predictions_final/497p.csv
2026-04-03 14:23:25 | INFO  | phase_ext_benchmark |     Extracted: antibioticsai-main/library_predictions/mcule_predictions_final/498p.csv
2026-04-03 14:23:25 | INFO  | phase_ext_benchmark |     Extracted: antibioticsai-main/library_predictions/mcule_predictions_final/499p.csv
2026-04-03 14:23:25 | INFO  | phase_ext_benchmark |     Extracted: antibioticsai-main/library_predictions/mcule_predictions_final/49p.csv
2026-04-03 14:23:25 | INFO  | phase_ext_benchmark |     Extracted: antibioticsai-main/library_predictions/mcule_predictions_final/4p.csv
2026-04-03 14:23:25 | INFO  | phase_ext_benchmark |     Extracted: antibioticsai-main/library_predictions/mcule_predictions_final/500p.csv
2026-04-03 14:23:25 | INFO  | phase_ext_benchmark |     Extracted: antibioticsai-main/library_predictions/mcule_predictions_final/501p.csv
2026-04-03 14:23:25 | INFO  | phase_ext_benchmark |     Extracted: antibioticsai-main/library_predictions/mcule_predictions_final/502p.csv
2026-04-03 14:23:25 | INFO  | phase_ext_benchmark |     Extracted: antibioticsai-main/library_predictions/mcule_predictions_final/503p.csv
2026-04-03 14:23:25 | INFO  | phase_ext_benchmark |     Extracted: antibioticsai-main/library_predictions/mcule_predictions_final/504p.csv
2026-04-03 14:23:25 | INFO  | phase_ext_benchmark |     Extracted: antibioticsai-main/library_predictions/mcule_predictions_final/505p.csv
2026-04-03 14:23:25 | INFO  | phase_ext_benchmark |     Extracted: antibioticsai-main/library_predictions/mcule_predictions_final/506p.csv
2026-04-03 14:23:25 | INFO  | phase_ext_benchmark |     Extracted: antibioticsai-main/library_predictions/mcule_predictions_final/507p.csv
2026-04-03 14:23:25 | INFO  | phase_ext_benchmark |     Extracted: antibioticsai-main/library_predictions/mcule_predictions_final/508p.csv
2026-04-03 14:23:25 | INFO  | phase_ext_benchmark |     Extracted: antibioticsai-main/library_predictions/mcule_predictions_final/509p.csv
2026-04-03 14:23:25 | INFO  | phase_ext_benchmark |     Extracted: antibioticsai-main/library_predictions/mcule_predictions_final/50p.csv
2026-04-03 14:23:25 | INFO  | phase_ext_benchmark |     Extracted: antibioticsai-main/library_predictions/mcule_predictions_final/510p.csv
2026-04-03 14:23:25 | INFO  | phase_ext_benchmark |     Extracted: antibioticsai-main/library_predictions/mcule_predictions_final/511p.csv
2026-04-03 14:23:25 | INFO  | phase_ext_benchmark |     Extracted: antibioticsai-main/library_predictions/mcule_predictions_final/512p.csv
2026-04-03 14:23:25 | INFO  | phase_ext_benchmark |     Extracted: antibioticsai-main/library_predictions/mcule_predictions_final/513p.csv
2026-04-03 14:23:25 | INFO  | phase_ext_benchmark |     Extracted: antibioticsai-main/library_predictions/mcule_predictions_final/514p.csv
2026-04-03 14:23:25 | INFO  | phase_ext_benchmark |     Extracted: antibioticsai-main/library_predictions/mcule_predictions_final/515p.csv
2026-04-03 14:23:25 | INFO  | phase_ext_benchmark |     Extracted: antibioticsai-main/library_predictions/mcule_predictions_final/516p.csv
2026-04-03 14:23:25 | INFO  | phase_ext_benchmark |     Extracted: antibioticsai-main/library_predictions/mcule_predictions_final/517p.csv
2026-04-03 14:23:25 | INFO  | phase_ext_benchmark |     Extracted: antibioticsai-main/library_predictions/mcule_predictions_final/518p.csv
2026-04-03 14:23:25 | INFO  | phase_ext_benchmark |     Extracted: antibioticsai-main/library_predictions/mcule_predictions_final/519p.csv
2026-04-03 14:23:25 | INFO  | phase_ext_benchmark |     Extracted: antibioticsai-main/library_predictions/mcule_predictions_final/51p.csv
2026-04-03 14:23:25 | INFO  | phase_ext_benchmark |     Extracted: antibioticsai-main/library_predictions/mcule_predictions_final/520p.csv
2026-04-03 14:23:25 | INFO  | phase_ext_benchmark |     Extracted: antibioticsai-main/library_predictions/mcule_predictions_final/521p.csv
2026-04-03 14:23:25 | INFO  | phase_ext_benchmark |     Extracted: antibioticsai-main/library_predictions/mcule_predictions_final/522p.csv
2026-04-03 14:23:25 | INFO  | phase_ext_benchmark |     Extracted: antibioticsai-main/library_predictions/mcule_predictions_final/523p.csv
2026-04-03 14:23:25 | INFO  | phase_ext_benchmark |     Extracted: antibioticsai-main/library_predictions/mcule_predictions_final/524p.csv
2026-04-03 14:23:25 | INFO  | phase_ext_benchmark |     Extracted: antibioticsai-main/library_predictions/mcule_predictions_final/525p.csv
2026-04-03 14:23:25 | INFO  | phase_ext_benchmark |     Extracted: antibioticsai-main/library_predictions/mcule_predictions_final/526p.csv
2026-04-03 14:23:25 | INFO  | phase_ext_benchmark |     Extracted: antibioticsai-main/library_predictions/mcule_predictions_final/527p.csv
2026-04-03 14:23:25 | INFO  | phase_ext_benchmark |     Extracted: antibioticsai-main/library_predictions/mcule_predictions_final/528p.csv
2026-04-03 14:23:25 | INFO  | phase_ext_benchmark |     Extracted: antibioticsai-main/library_predictions/mcule_predictions_final/529p.csv
2026-04-03 14:23:25 | INFO  | phase_ext_benchmark |     Extracted: antibioticsai-main/library_predictions/mcule_predictions_final/52p.csv
2026-04-03 14:23:25 | INFO  | phase_ext_benchmark |     Extracted: antibioticsai-main/library_predictions/mcule_predictions_final/530p.csv
2026-04-03 14:23:25 | INFO  | phase_ext_benchmark |     Extracted: antibioticsai-main/library_predictions/mcule_predictions_final/531p.csv
2026-04-03 14:23:25 | INFO  | phase_ext_benchmark |     Extracted: antibioticsai-main/library_predictions/mcule_predictions_final/532p.csv
2026-04-03 14:23:25 | INFO  | phase_ext_benchmark |     Extracted: antibioticsai-main/library_predictions/mcule_predictions_final/533p.csv
2026-04-03 14:23:25 | INFO  | phase_ext_benchmark |     Extracted: antibioticsai-main/library_predictions/mcule_predictions_final/534p.csv
2026-04-03 14:23:25 | INFO  | phase_ext_benchmark |     Extracted: antibioticsai-main/library_predictions/mcule_predictions_final/535p.csv
2026-04-03 14:23:25 | INFO  | phase_ext_benchmark |     Extracted: antibioticsai-main/library_predictions/mcule_predictions_final/536p.csv
2026-04-03 14:23:25 | INFO  | phase_ext_benchmark |     Extracted: antibioticsai-main/library_predictions/mcule_predictions_final/537p.csv
2026-04-03 14:23:25 | INFO  | phase_ext_benchmark |     Extracted: antibioticsai-main/library_predictions/mcule_predictions_final/538p.csv
2026-04-03 14:23:25 | INFO  | phase_ext_benchmark |     Extracted: antibioticsai-main/library_predictions/mcule_predictions_final/539p.csv
2026-04-03 14:23:25 | INFO  | phase_ext_benchmark |     Extracted: antibioticsai-main/library_predictions/mcule_predictions_final/53p.csv
2026-04-03 14:23:25 | INFO  | phase_ext_benchmark |     Extracted: antibioticsai-main/library_predictions/mcule_predictions_final/540p.csv
2026-04-03 14:23:25 | INFO  | phase_ext_benchmark |     Extracted: antibioticsai-main/library_predictions/mcule_predictions_final/541p.csv
2026-04-03 14:23:25 | INFO  | phase_ext_benchmark |     Extracted: antibioticsai-main/library_predictions/mcule_predictions_final/542p.csv
2026-04-03 14:23:25 | INFO  | phase_ext_benchmark |     Extracted: antibioticsai-main/library_predictions/mcule_predictions_final/543p.csv
2026-04-03 14:23:25 | INFO  | phase_ext_benchmark |     Extracted: antibioticsai-main/library_predictions/mcule_predictions_final/544p.csv
2026-04-03 14:23:25 | INFO  | phase_ext_benchmark |     Extracted: antibioticsai-main/library_predictions/mcule_predictions_final/545p.csv
2026-04-03 14:23:25 | INFO  | phase_ext_benchmark |     Extracted: antibioticsai-main/library_predictions/mcule_predictions_final/546p.csv
2026-04-03 14:23:25 | INFO  | phase_ext_benchmark |     Extracted: antibioticsai-main/library_predictions/mcule_predictions_final/547p.csv
2026-04-03 14:23:25 | INFO  | phase_ext_benchmark |     Extracted: antibioticsai-main/library_predictions/mcule_predictions_final/548p.csv
2026-04-03 14:23:25 | INFO  | phase_ext_benchmark |     Extracted: antibioticsai-main/library_predictions/mcule_predictions_final/549p.csv
2026-04-03 14:23:25 | INFO  | phase_ext_benchmark |     Extracted: antibioticsai-main/library_predictions/mcule_predictions_final/54p.csv
2026-04-03 14:23:25 | INFO  | phase_ext_benchmark |     Extracted: antibioticsai-main/library_predictions/mcule_predictions_final/550p.csv
2026-04-03 14:23:25 | INFO  | phase_ext_benchmark |     Extracted: antibioticsai-main/library_predictions/mcule_predictions_final/551p.csv
2026-04-03 14:23:25 | INFO  | phase_ext_benchmark |     Extracted: antibioticsai-main/library_predictions/mcule_predictions_final/552p.csv
2026-04-03 14:23:25 | INFO  | phase_ext_benchmark |     Extracted: antibioticsai-main/library_predictions/mcule_predictions_final/553p.csv
2026-04-03 14:23:25 | INFO  | phase_ext_benchmark |     Extracted: antibioticsai-main/library_predictions/mcule_predictions_final/554p.csv
2026-04-03 14:23:25 | INFO  | phase_ext_benchmark |     Extracted: antibioticsai-main/library_predictions/mcule_predictions_final/555p.csv
2026-04-03 14:23:25 | INFO  | phase_ext_benchmark |     Extracted: antibioticsai-main/library_predictions/mcule_predictions_final/556p.csv
2026-04-03 14:23:25 | INFO  | phase_ext_benchmark |     Extracted: antibioticsai-main/library_predictions/mcule_predictions_final/557p.csv
2026-04-03 14:23:25 | INFO  | phase_ext_benchmark |     Extracted: antibioticsai-main/library_predictions/mcule_predictions_final/558p.csv
2026-04-03 14:23:25 | INFO  | phase_ext_benchmark |     Extracted: antibioticsai-main/library_predictions/mcule_predictions_final/559p.csv
2026-04-03 14:23:25 | INFO  | phase_ext_benchmark |     Extracted: antibioticsai-main/library_predictions/mcule_predictions_final/55p.csv
2026-04-03 14:23:25 | INFO  | phase_ext_benchmark |     Extracted: antibioticsai-main/library_predictions/mcule_predictions_final/560p.csv
2026-04-03 14:23:25 | INFO  | phase_ext_benchmark |     Extracted: antibioticsai-main/library_predictions/mcule_predictions_final/561p.csv
2026-04-03 14:23:25 | INFO  | phase_ext_benchmark |     Extracted: antibioticsai-main/library_predictions/mcule_predictions_final/562p.csv
2026-04-03 14:23:25 | INFO  | phase_ext_benchmark |     Extracted: antibioticsai-main/library_predictions/mcule_predictions_final/563p.csv
2026-04-03 14:23:25 | INFO  | phase_ext_benchmark |     Extracted: antibioticsai-main/library_predictions/mcule_predictions_final/564p.csv
2026-04-03 14:23:25 | INFO  | phase_ext_benchmark |     Extracted: antibioticsai-main/library_predictions/mcule_predictions_final/565p.csv
2026-04-03 14:23:25 | INFO  | phase_ext_benchmark |     Extracted: antibioticsai-main/library_predictions/mcule_predictions_final/566p.csv
2026-04-03 14:23:25 | INFO  | phase_ext_benchmark |     Extracted: antibioticsai-main/library_predictions/mcule_predictions_final/567p.csv
2026-04-03 14:23:25 | INFO  | phase_ext_benchmark |     Extracted: antibioticsai-main/library_predictions/mcule_predictions_final/568p.csv
2026-04-03 14:23:25 | INFO  | phase_ext_benchmark |     Extracted: antibioticsai-main/library_predictions/mcule_predictions_final/569p.csv
2026-04-03 14:23:25 | INFO  | phase_ext_benchmark |     Extracted: antibioticsai-main/library_predictions/mcule_predictions_final/56p.csv
2026-04-03 14:23:25 | INFO  | phase_ext_benchmark |     Extracted: antibioticsai-main/library_predictions/mcule_predictions_final/570p.csv
2026-04-03 14:23:25 | INFO  | phase_ext_benchmark |     Extracted: antibioticsai-main/library_predictions/mcule_predictions_final/571p.csv
2026-04-03 14:23:25 | INFO  | phase_ext_benchmark |     Extracted: antibioticsai-main/library_predictions/mcule_predictions_final/572p.csv
2026-04-03 14:23:25 | INFO  | phase_ext_benchmark |     Extracted: antibioticsai-main/library_predictions/mcule_predictions_final/573p.csv
2026-04-03 14:23:25 | INFO  | phase_ext_benchmark |     Extracted: antibioticsai-main/library_predictions/mcule_predictions_final/574p.csv
2026-04-03 14:23:25 | INFO  | phase_ext_benchmark |     Extracted: antibioticsai-main/library_predictions/mcule_predictions_final/575p.csv
2026-04-03 14:23:25 | INFO  | phase_ext_benchmark |     Extracted: antibioticsai-main/library_predictions/mcule_predictions_final/576p.csv
2026-04-03 14:23:25 | INFO  | phase_ext_benchmark |     Extracted: antibioticsai-main/library_predictions/mcule_predictions_final/577p.csv
2026-04-03 14:23:25 | INFO  | phase_ext_benchmark |     Extracted: antibioticsai-main/library_predictions/mcule_predictions_final/578p.csv
2026-04-03 14:23:25 | INFO  | phase_ext_benchmark |     Extracted: antibioticsai-main/library_predictions/mcule_predictions_final/579p.csv
2026-04-03 14:23:25 | INFO  | phase_ext_benchmark |     Extracted: antibioticsai-main/library_predictions/mcule_predictions_final/57p.csv
2026-04-03 14:23:25 | INFO  | phase_ext_benchmark |     Extracted: antibioticsai-main/library_predictions/mcule_predictions_final/580p.csv
2026-04-03 14:23:25 | INFO  | phase_ext_benchmark |     Extracted: antibioticsai-main/library_predictions/mcule_predictions_final/581p.csv
2026-04-03 14:23:25 | INFO  | phase_ext_benchmark |     Extracted: antibioticsai-main/library_predictions/mcule_predictions_final/582p.csv
2026-04-03 14:23:25 | INFO  | phase_ext_benchmark |     Extracted: antibioticsai-main/library_predictions/mcule_predictions_final/583p.csv
2026-04-03 14:23:25 | INFO  | phase_ext_benchmark |     Extracted: antibioticsai-main/library_predictions/mcule_predictions_final/584p.csv
2026-04-03 14:23:25 | INFO  | phase_ext_benchmark |     Extracted: antibioticsai-main/library_predictions/mcule_predictions_final/585p.csv
2026-04-03 14:23:25 | INFO  | phase_ext_benchmark |     Extracted: antibioticsai-main/library_predictions/mcule_predictions_final/586p.csv
2026-04-03 14:23:26 | INFO  | phase_ext_benchmark |     Extracted: antibioticsai-main/library_predictions/mcule_predictions_final/587p.csv
2026-04-03 14:23:26 | INFO  | phase_ext_benchmark |     Extracted: antibioticsai-main/library_predictions/mcule_predictions_final/588p.csv
2026-04-03 14:23:26 | INFO  | phase_ext_benchmark |     Extracted: antibioticsai-main/library_predictions/mcule_predictions_final/589p.csv
2026-04-03 14:23:26 | INFO  | phase_ext_benchmark |     Extracted: antibioticsai-main/library_predictions/mcule_predictions_final/58p.csv
2026-04-03 14:23:26 | INFO  | phase_ext_benchmark |     Extracted: antibioticsai-main/library_predictions/mcule_predictions_final/590p.csv
2026-04-03 14:23:26 | INFO  | phase_ext_benchmark |     Extracted: antibioticsai-main/library_predictions/mcule_predictions_final/591p.csv
2026-04-03 14:23:26 | INFO  | phase_ext_benchmark |     Extracted: antibioticsai-main/library_predictions/mcule_predictions_final/592p.csv
2026-04-03 14:23:26 | INFO  | phase_ext_benchmark |     Extracted: antibioticsai-main/library_predictions/mcule_predictions_final/593p.csv
2026-04-03 14:23:26 | INFO  | phase_ext_benchmark |     Extracted: antibioticsai-main/library_predictions/mcule_predictions_final/594p.csv
2026-04-03 14:23:26 | INFO  | phase_ext_benchmark |     Extracted: antibioticsai-main/library_predictions/mcule_predictions_final/595p.csv
2026-04-03 14:23:26 | INFO  | phase_ext_benchmark |     Extracted: antibioticsai-main/library_predictions/mcule_predictions_final/596p.csv
2026-04-03 14:23:26 | INFO  | phase_ext_benchmark |     Extracted: antibioticsai-main/library_predictions/mcule_predictions_final/597p.csv
2026-04-03 14:23:26 | INFO  | phase_ext_benchmark |     Extracted: antibioticsai-main/library_predictions/mcule_predictions_final/598p.csv
2026-04-03 14:23:26 | INFO  | phase_ext_benchmark |     Extracted: antibioticsai-main/library_predictions/mcule_predictions_final/599p.csv
2026-04-03 14:23:26 | INFO  | phase_ext_benchmark |     Extracted: antibioticsai-main/library_predictions/mcule_predictions_final/59p.csv
2026-04-03 14:23:26 | INFO  | phase_ext_benchmark |     Extracted: antibioticsai-main/library_predictions/mcule_predictions_final/5p.csv
2026-04-03 14:23:26 | INFO  | phase_ext_benchmark |     Extracted: antibioticsai-main/library_predictions/mcule_predictions_final/600p.csv
2026-04-03 14:23:26 | INFO  | phase_ext_benchmark |     Extracted: antibioticsai-main/library_predictions/mcule_predictions_final/601p.csv
2026-04-03 14:23:26 | INFO  | phase_ext_benchmark |     Extracted: antibioticsai-main/library_predictions/mcule_predictions_final/602p.csv
2026-04-03 14:23:26 | INFO  | phase_ext_benchmark |     Extracted: antibioticsai-main/library_predictions/mcule_predictions_final/603p.csv
2026-04-03 14:23:26 | INFO  | phase_ext_benchmark |     Extracted: antibioticsai-main/library_predictions/mcule_predictions_final/604p.csv
2026-04-03 14:23:26 | INFO  | phase_ext_benchmark |     Extracted: antibioticsai-main/library_predictions/mcule_predictions_final/605p.csv
2026-04-03 14:23:26 | INFO  | phase_ext_benchmark |     Extracted: antibioticsai-main/library_predictions/mcule_predictions_final/606p.csv
2026-04-03 14:23:26 | INFO  | phase_ext_benchmark |     Extracted: antibioticsai-main/library_predictions/mcule_predictions_final/607p.csv
2026-04-03 14:23:26 | INFO  | phase_ext_benchmark |     Extracted: antibioticsai-main/library_predictions/mcule_predictions_final/608p.csv
2026-04-03 14:23:26 | INFO  | phase_ext_benchmark |     Extracted: antibioticsai-main/library_predictions/mcule_predictions_final/609p.csv
2026-04-03 14:23:26 | INFO  | phase_ext_benchmark |     Extracted: antibioticsai-main/library_predictions/mcule_predictions_final/60p.csv
2026-04-03 14:23:26 | INFO  | phase_ext_benchmark |     Extracted: antibioticsai-main/library_predictions/mcule_predictions_final/610p.csv
2026-04-03 14:23:26 | INFO  | phase_ext_benchmark |     Extracted: antibioticsai-main/library_predictions/mcule_predictions_final/611p.csv
2026-04-03 14:23:26 | INFO  | phase_ext_benchmark |     Extracted: antibioticsai-main/library_predictions/mcule_predictions_final/612p.csv
2026-04-03 14:23:26 | INFO  | phase_ext_benchmark |     Extracted: antibioticsai-main/library_predictions/mcule_predictions_final/613p.csv
2026-04-03 14:23:26 | INFO  | phase_ext_benchmark |     Extracted: antibioticsai-main/library_predictions/mcule_predictions_final/614p.csv
2026-04-03 14:23:26 | INFO  | phase_ext_benchmark |     Extracted: antibioticsai-main/library_predictions/mcule_predictions_final/615p.csv
2026-04-03 14:23:26 | INFO  | phase_ext_benchmark |     Extracted: antibioticsai-main/library_predictions/mcule_predictions_final/616p.csv
2026-04-03 14:23:26 | INFO  | phase_ext_benchmark |     Extracted: antibioticsai-main/library_predictions/mcule_predictions_final/617p.csv
2026-04-03 14:23:26 | INFO  | phase_ext_benchmark |     Extracted: antibioticsai-main/library_predictions/mcule_predictions_final/618p.csv
2026-04-03 14:23:26 | INFO  | phase_ext_benchmark |     Extracted: antibioticsai-main/library_predictions/mcule_predictions_final/619p.csv
2026-04-03 14:23:26 | INFO  | phase_ext_benchmark |     Extracted: antibioticsai-main/library_predictions/mcule_predictions_final/61p.csv
2026-04-03 14:23:26 | INFO  | phase_ext_benchmark |     Extracted: antibioticsai-main/library_predictions/mcule_predictions_final/620p.csv
2026-04-03 14:23:26 | INFO  | phase_ext_benchmark |     Extracted: antibioticsai-main/library_predictions/mcule_predictions_final/621p.csv
2026-04-03 14:23:26 | INFO  | phase_ext_benchmark |     Extracted: antibioticsai-main/library_predictions/mcule_predictions_final/622p.csv
2026-04-03 14:23:26 | INFO  | phase_ext_benchmark |     Extracted: antibioticsai-main/library_predictions/mcule_predictions_final/623p.csv
2026-04-03 14:23:26 | INFO  | phase_ext_benchmark |     Extracted: antibioticsai-main/library_predictions/mcule_predictions_final/624p.csv
2026-04-03 14:23:26 | INFO  | phase_ext_benchmark |     Extracted: antibioticsai-main/library_predictions/mcule_predictions_final/625p.csv
2026-04-03 14:23:26 | INFO  | phase_ext_benchmark |     Extracted: antibioticsai-main/library_predictions/mcule_predictions_final/626p.csv
2026-04-03 14:23:26 | INFO  | phase_ext_benchmark |     Extracted: antibioticsai-main/library_predictions/mcule_predictions_final/627p.csv
2026-04-03 14:23:26 | INFO  | phase_ext_benchmark |     Extracted: antibioticsai-main/library_predictions/mcule_predictions_final/628p.csv
2026-04-03 14:23:26 | INFO  | phase_ext_benchmark |     Extracted: antibioticsai-main/library_predictions/mcule_predictions_final/629p.csv
2026-04-03 14:23:26 | INFO  | phase_ext_benchmark |     Extracted: antibioticsai-main/library_predictions/mcule_predictions_final/62p.csv
2026-04-03 14:23:26 | INFO  | phase_ext_benchmark |     Extracted: antibioticsai-main/library_predictions/mcule_predictions_final/630p.csv
2026-04-03 14:23:26 | INFO  | phase_ext_benchmark |     Extracted: antibioticsai-main/library_predictions/mcule_predictions_final/631p.csv
2026-04-03 14:23:26 | INFO  | phase_ext_benchmark |     Extracted: antibioticsai-main/library_predictions/mcule_predictions_final/632p.csv
2026-04-03 14:23:26 | INFO  | phase_ext_benchmark |     Extracted: antibioticsai-main/library_predictions/mcule_predictions_final/633p.csv
2026-04-03 14:23:26 | INFO  | phase_ext_benchmark |     Extracted: antibioticsai-main/library_predictions/mcule_predictions_final/634p.csv
2026-04-03 14:23:26 | INFO  | phase_ext_benchmark |     Extracted: antibioticsai-main/library_predictions/mcule_predictions_final/635p.csv
2026-04-03 14:23:26 | INFO  | phase_ext_benchmark |     Extracted: antibioticsai-main/library_predictions/mcule_predictions_final/636p.csv
2026-04-03 14:23:26 | INFO  | phase_ext_benchmark |     Extracted: antibioticsai-main/library_predictions/mcule_predictions_final/637p.csv
2026-04-03 14:23:26 | INFO  | phase_ext_benchmark |     Extracted: antibioticsai-main/library_predictions/mcule_predictions_final/638p.csv
2026-04-03 14:23:26 | INFO  | phase_ext_benchmark |     Extracted: antibioticsai-main/library_predictions/mcule_predictions_final/639p.csv
2026-04-03 14:23:26 | INFO  | phase_ext_benchmark |     Extracted: antibioticsai-main/library_predictions/mcule_predictions_final/63p.csv
2026-04-03 14:23:26 | INFO  | phase_ext_benchmark |     Extracted: antibioticsai-main/library_predictions/mcule_predictions_final/640p.csv
2026-04-03 14:23:26 | INFO  | phase_ext_benchmark |     Extracted: antibioticsai-main/library_predictions/mcule_predictions_final/641p.csv
2026-04-03 14:23:26 | INFO  | phase_ext_benchmark |     Extracted: antibioticsai-main/library_predictions/mcule_predictions_final/642p.csv
2026-04-03 14:23:26 | INFO  | phase_ext_benchmark |     Extracted: antibioticsai-main/library_predictions/mcule_predictions_final/643p.csv
2026-04-03 14:23:26 | INFO  | phase_ext_benchmark |     Extracted: antibioticsai-main/library_predictions/mcule_predictions_final/644p.csv
2026-04-03 14:23:26 | INFO  | phase_ext_benchmark |     Extracted: antibioticsai-main/library_predictions/mcule_predictions_final/645p.csv
2026-04-03 14:23:26 | INFO  | phase_ext_benchmark |     Extracted: antibioticsai-main/library_predictions/mcule_predictions_final/646p.csv
2026-04-03 14:23:26 | INFO  | phase_ext_benchmark |     Extracted: antibioticsai-main/library_predictions/mcule_predictions_final/647p.csv
2026-04-03 14:23:26 | INFO  | phase_ext_benchmark |     Extracted: antibioticsai-main/library_predictions/mcule_predictions_final/648p.csv
2026-04-03 14:23:26 | INFO  | phase_ext_benchmark |     Extracted: antibioticsai-main/library_predictions/mcule_predictions_final/649p.csv
2026-04-03 14:23:26 | INFO  | phase_ext_benchmark |     Extracted: antibioticsai-main/library_predictions/mcule_predictions_final/64p.csv
2026-04-03 14:23:26 | INFO  | phase_ext_benchmark |     Extracted: antibioticsai-main/library_predictions/mcule_predictions_final/650p.csv
2026-04-03 14:23:26 | INFO  | phase_ext_benchmark |     Extracted: antibioticsai-main/library_predictions/mcule_predictions_final/651p.csv
2026-04-03 14:23:26 | INFO  | phase_ext_benchmark |     Extracted: antibioticsai-main/library_predictions/mcule_predictions_final/652p.csv
2026-04-03 14:23:26 | INFO  | phase_ext_benchmark |     Extracted: antibioticsai-main/library_predictions/mcule_predictions_final/653p.csv
2026-04-03 14:23:26 | INFO  | phase_ext_benchmark |     Extracted: antibioticsai-main/library_predictions/mcule_predictions_final/654p.csv
2026-04-03 14:23:26 | INFO  | phase_ext_benchmark |     Extracted: antibioticsai-main/library_predictions/mcule_predictions_final/655p.csv
2026-04-03 14:23:26 | INFO  | phase_ext_benchmark |     Extracted: antibioticsai-main/library_predictions/mcule_predictions_final/656p.csv
2026-04-03 14:23:26 | INFO  | phase_ext_benchmark |     Extracted: antibioticsai-main/library_predictions/mcule_predictions_final/657p.csv
2026-04-03 14:23:26 | INFO  | phase_ext_benchmark |     Extracted: antibioticsai-main/library_predictions/mcule_predictions_final/658p.csv
2026-04-03 14:23:26 | INFO  | phase_ext_benchmark |     Extracted: antibioticsai-main/library_predictions/mcule_predictions_final/659p.csv
2026-04-03 14:23:26 | INFO  | phase_ext_benchmark |     Extracted: antibioticsai-main/library_predictions/mcule_predictions_final/65p.csv
2026-04-03 14:23:26 | INFO  | phase_ext_benchmark |     Extracted: antibioticsai-main/library_predictions/mcule_predictions_final/660p.csv
2026-04-03 14:23:26 | INFO  | phase_ext_benchmark |     Extracted: antibioticsai-main/library_predictions/mcule_predictions_final/661p.csv
2026-04-03 14:23:26 | INFO  | phase_ext_benchmark |     Extracted: antibioticsai-main/library_predictions/mcule_predictions_final/662p.csv
2026-04-03 14:23:26 | INFO  | phase_ext_benchmark |     Extracted: antibioticsai-main/library_predictions/mcule_predictions_final/663p.csv
2026-04-03 14:23:26 | INFO  | phase_ext_benchmark |     Extracted: antibioticsai-main/library_predictions/mcule_predictions_final/664p.csv
2026-04-03 14:23:26 | INFO  | phase_ext_benchmark |     Extracted: antibioticsai-main/library_predictions/mcule_predictions_final/665p.csv
2026-04-03 14:23:26 | INFO  | phase_ext_benchmark |     Extracted: antibioticsai-main/library_predictions/mcule_predictions_final/666p.csv
2026-04-03 14:23:26 | INFO  | phase_ext_benchmark |     Extracted: antibioticsai-main/library_predictions/mcule_predictions_final/667p.csv
2026-04-03 14:23:26 | INFO  | phase_ext_benchmark |     Extracted: antibioticsai-main/library_predictions/mcule_predictions_final/668p.csv
2026-04-03 14:23:26 | INFO  | phase_ext_benchmark |     Extracted: antibioticsai-main/library_predictions/mcule_predictions_final/669p.csv
2026-04-03 14:23:26 | INFO  | phase_ext_benchmark |     Extracted: antibioticsai-main/library_predictions/mcule_predictions_final/66p.csv
2026-04-03 14:23:26 | INFO  | phase_ext_benchmark |     Extracted: antibioticsai-main/library_predictions/mcule_predictions_final/670p.csv
2026-04-03 14:23:26 | INFO  | phase_ext_benchmark |     Extracted: antibioticsai-main/library_predictions/mcule_predictions_final/671p.csv
2026-04-03 14:23:26 | INFO  | phase_ext_benchmark |     Extracted: antibioticsai-main/library_predictions/mcule_predictions_final/672p.csv
2026-04-03 14:23:26 | INFO  | phase_ext_benchmark |     Extracted: antibioticsai-main/library_predictions/mcule_predictions_final/673p.csv
2026-04-03 14:23:26 | INFO  | phase_ext_benchmark |     Extracted: antibioticsai-main/library_predictions/mcule_predictions_final/674p.csv
2026-04-03 14:23:26 | INFO  | phase_ext_benchmark |     Extracted: antibioticsai-main/library_predictions/mcule_predictions_final/675p.csv
2026-04-03 14:23:26 | INFO  | phase_ext_benchmark |     Extracted: antibioticsai-main/library_predictions/mcule_predictions_final/676p.csv
2026-04-03 14:23:26 | INFO  | phase_ext_benchmark |     Extracted: antibioticsai-main/library_predictions/mcule_predictions_final/677p.csv
2026-04-03 14:23:26 | INFO  | phase_ext_benchmark |     Extracted: antibioticsai-main/library_predictions/mcule_predictions_final/678p.csv
2026-04-03 14:23:26 | INFO  | phase_ext_benchmark |     Extracted: antibioticsai-main/library_predictions/mcule_predictions_final/679p.csv
2026-04-03 14:23:26 | INFO  | phase_ext_benchmark |     Extracted: antibioticsai-main/library_predictions/mcule_predictions_final/67p.csv
2026-04-03 14:23:26 | INFO  | phase_ext_benchmark |     Extracted: antibioticsai-main/library_predictions/mcule_predictions_final/680p.csv
2026-04-03 14:23:26 | INFO  | phase_ext_benchmark |     Extracted: antibioticsai-main/library_predictions/mcule_predictions_final/681p.csv
2026-04-03 14:23:26 | INFO  | phase_ext_benchmark |     Extracted: antibioticsai-main/library_predictions/mcule_predictions_final/682p.csv
2026-04-03 14:23:26 | INFO  | phase_ext_benchmark |     Extracted: antibioticsai-main/library_predictions/mcule_predictions_final/683p.csv
2026-04-03 14:23:26 | INFO  | phase_ext_benchmark |     Extracted: antibioticsai-main/library_predictions/mcule_predictions_final/684p.csv
2026-04-03 14:23:26 | INFO  | phase_ext_benchmark |     Extracted: antibioticsai-main/library_predictions/mcule_predictions_final/685p.csv
2026-04-03 14:23:26 | INFO  | phase_ext_benchmark |     Extracted: antibioticsai-main/library_predictions/mcule_predictions_final/686p.csv
2026-04-03 14:23:26 | INFO  | phase_ext_benchmark |     Extracted: antibioticsai-main/library_predictions/mcule_predictions_final/687p.csv
2026-04-03 14:23:26 | INFO  | phase_ext_benchmark |     Extracted: antibioticsai-main/library_predictions/mcule_predictions_final/688p.csv
2026-04-03 14:23:26 | INFO  | phase_ext_benchmark |     Extracted: antibioticsai-main/library_predictions/mcule_predictions_final/689p.csv
2026-04-03 14:23:26 | INFO  | phase_ext_benchmark |     Extracted: antibioticsai-main/library_predictions/mcule_predictions_final/68p.csv
2026-04-03 14:23:26 | INFO  | phase_ext_benchmark |     Extracted: antibioticsai-main/library_predictions/mcule_predictions_final/690p.csv
2026-04-03 14:23:26 | INFO  | phase_ext_benchmark |     Extracted: antibioticsai-main/library_predictions/mcule_predictions_final/691p.csv
2026-04-03 14:23:26 | INFO  | phase_ext_benchmark |     Extracted: antibioticsai-main/library_predictions/mcule_predictions_final/692p.csv
2026-04-03 14:23:26 | INFO  | phase_ext_benchmark |     Extracted: antibioticsai-main/library_predictions/mcule_predictions_final/693p.csv
2026-04-03 14:23:26 | INFO  | phase_ext_benchmark |     Extracted: antibioticsai-main/library_predictions/mcule_predictions_final/694p.csv
2026-04-03 14:23:26 | INFO  | phase_ext_benchmark |     Extracted: antibioticsai-main/library_predictions/mcule_predictions_final/695p.csv
2026-04-03 14:23:26 | INFO  | phase_ext_benchmark |     Extracted: antibioticsai-main/library_predictions/mcule_predictions_final/696p.csv
2026-04-03 14:23:26 | INFO  | phase_ext_benchmark |     Extracted: antibioticsai-main/library_predictions/mcule_predictions_final/697p.csv
2026-04-03 14:23:26 | INFO  | phase_ext_benchmark |     Extracted: antibioticsai-main/library_predictions/mcule_predictions_final/698p.csv
2026-04-03 14:23:26 | INFO  | phase_ext_benchmark |     Extracted: antibioticsai-main/library_predictions/mcule_predictions_final/699p.csv
2026-04-03 14:23:26 | INFO  | phase_ext_benchmark |     Extracted: antibioticsai-main/library_predictions/mcule_predictions_final/69p.csv
2026-04-03 14:23:26 | INFO  | phase_ext_benchmark |     Extracted: antibioticsai-main/library_predictions/mcule_predictions_final/6p.csv
2026-04-03 14:23:26 | INFO  | phase_ext_benchmark |     Extracted: antibioticsai-main/library_predictions/mcule_predictions_final/700p.csv
2026-04-03 14:23:26 | INFO  | phase_ext_benchmark |     Extracted: antibioticsai-main/library_predictions/mcule_predictions_final/701p.csv
2026-04-03 14:23:26 | INFO  | phase_ext_benchmark |     Extracted: antibioticsai-main/library_predictions/mcule_predictions_final/702p.csv
2026-04-03 14:23:26 | INFO  | phase_ext_benchmark |     Extracted: antibioticsai-main/library_predictions/mcule_predictions_final/703p.csv
2026-04-03 14:23:26 | INFO  | phase_ext_benchmark |     Extracted: antibioticsai-main/library_predictions/mcule_predictions_final/704p.csv
2026-04-03 14:23:26 | INFO  | phase_ext_benchmark |     Extracted: antibioticsai-main/library_predictions/mcule_predictions_final/705p.csv
2026-04-03 14:23:26 | INFO  | phase_ext_benchmark |     Extracted: antibioticsai-main/library_predictions/mcule_predictions_final/706p.csv
2026-04-03 14:23:26 | INFO  | phase_ext_benchmark |     Extracted: antibioticsai-main/library_predictions/mcule_predictions_final/707p.csv
2026-04-03 14:23:26 | INFO  | phase_ext_benchmark |     Extracted: antibioticsai-main/library_predictions/mcule_predictions_final/708p.csv
2026-04-03 14:23:26 | INFO  | phase_ext_benchmark |     Extracted: antibioticsai-main/library_predictions/mcule_predictions_final/709p.csv
2026-04-03 14:23:26 | INFO  | phase_ext_benchmark |     Extracted: antibioticsai-main/library_predictions/mcule_predictions_final/70p.csv
2026-04-03 14:23:26 | INFO  | phase_ext_benchmark |     Extracted: antibioticsai-main/library_predictions/mcule_predictions_final/710p.csv
2026-04-03 14:23:26 | INFO  | phase_ext_benchmark |     Extracted: antibioticsai-main/library_predictions/mcule_predictions_final/711p.csv
2026-04-03 14:23:26 | INFO  | phase_ext_benchmark |     Extracted: antibioticsai-main/library_predictions/mcule_predictions_final/712p.csv
2026-04-03 14:23:26 | INFO  | phase_ext_benchmark |     Extracted: antibioticsai-main/library_predictions/mcule_predictions_final/713p.csv
2026-04-03 14:23:26 | INFO  | phase_ext_benchmark |     Extracted: antibioticsai-main/library_predictions/mcule_predictions_final/714p.csv
2026-04-03 14:23:26 | INFO  | phase_ext_benchmark |     Extracted: antibioticsai-main/library_predictions/mcule_predictions_final/715p.csv
2026-04-03 14:23:26 | INFO  | phase_ext_benchmark |     Extracted: antibioticsai-main/library_predictions/mcule_predictions_final/716p.csv
2026-04-03 14:23:26 | INFO  | phase_ext_benchmark |     Extracted: antibioticsai-main/library_predictions/mcule_predictions_final/717p.csv
2026-04-03 14:23:26 | INFO  | phase_ext_benchmark |     Extracted: antibioticsai-main/library_predictions/mcule_predictions_final/718p.csv
2026-04-03 14:23:26 | INFO  | phase_ext_benchmark |     Extracted: antibioticsai-main/library_predictions/mcule_predictions_final/719p.csv
2026-04-03 14:23:26 | INFO  | phase_ext_benchmark |     Extracted: antibioticsai-main/library_predictions/mcule_predictions_final/71p.csv
2026-04-03 14:23:26 | INFO  | phase_ext_benchmark |     Extracted: antibioticsai-main/library_predictions/mcule_predictions_final/720p.csv
2026-04-03 14:23:26 | INFO  | phase_ext_benchmark |     Extracted: antibioticsai-main/library_predictions/mcule_predictions_final/721p.csv
2026-04-03 14:23:26 | INFO  | phase_ext_benchmark |     Extracted: antibioticsai-main/library_predictions/mcule_predictions_final/722p.csv
2026-04-03 14:23:26 | INFO  | phase_ext_benchmark |     Extracted: antibioticsai-main/library_predictions/mcule_predictions_final/723p.csv
2026-04-03 14:23:26 | INFO  | phase_ext_benchmark |     Extracted: antibioticsai-main/library_predictions/mcule_predictions_final/724p.csv
2026-04-03 14:23:26 | INFO  | phase_ext_benchmark |     Extracted: antibioticsai-main/library_predictions/mcule_predictions_final/725p.csv
2026-04-03 14:23:26 | INFO  | phase_ext_benchmark |     Extracted: antibioticsai-main/library_predictions/mcule_predictions_final/726p.csv
2026-04-03 14:23:26 | INFO  | phase_ext_benchmark |     Extracted: antibioticsai-main/library_predictions/mcule_predictions_final/727p.csv
2026-04-03 14:23:26 | INFO  | phase_ext_benchmark |     Extracted: antibioticsai-main/library_predictions/mcule_predictions_final/728p.csv
2026-04-03 14:23:26 | INFO  | phase_ext_benchmark |     Extracted: antibioticsai-main/library_predictions/mcule_predictions_final/729p.csv
2026-04-03 14:23:26 | INFO  | phase_ext_benchmark |     Extracted: antibioticsai-main/library_predictions/mcule_predictions_final/72p.csv
2026-04-03 14:23:26 | INFO  | phase_ext_benchmark |     Extracted: antibioticsai-main/library_predictions/mcule_predictions_final/730p.csv
2026-04-03 14:23:26 | INFO  | phase_ext_benchmark |     Extracted: antibioticsai-main/library_predictions/mcule_predictions_final/731p.csv
2026-04-03 14:23:26 | INFO  | phase_ext_benchmark |     Extracted: antibioticsai-main/library_predictions/mcule_predictions_final/732p.csv
2026-04-03 14:23:26 | INFO  | phase_ext_benchmark |     Extracted: antibioticsai-main/library_predictions/mcule_predictions_final/733p.csv
2026-04-03 14:23:26 | INFO  | phase_ext_benchmark |     Extracted: antibioticsai-main/library_predictions/mcule_predictions_final/734p.csv
2026-04-03 14:23:26 | INFO  | phase_ext_benchmark |     Extracted: antibioticsai-main/library_predictions/mcule_predictions_final/735p.csv
2026-04-03 14:23:26 | INFO  | phase_ext_benchmark |     Extracted: antibioticsai-main/library_predictions/mcule_predictions_final/736p.csv
2026-04-03 14:23:26 | INFO  | phase_ext_benchmark |     Extracted: antibioticsai-main/library_predictions/mcule_predictions_final/737p.csv
2026-04-03 14:23:26 | INFO  | phase_ext_benchmark |     Extracted: antibioticsai-main/library_predictions/mcule_predictions_final/738p.csv
2026-04-03 14:23:26 | INFO  | phase_ext_benchmark |     Extracted: antibioticsai-main/library_predictions/mcule_predictions_final/739p.csv
2026-04-03 14:23:26 | INFO  | phase_ext_benchmark |     Extracted: antibioticsai-main/library_predictions/mcule_predictions_final/73p.csv
2026-04-03 14:23:26 | INFO  | phase_ext_benchmark |     Extracted: antibioticsai-main/library_predictions/mcule_predictions_final/740p.csv
2026-04-03 14:23:26 | INFO  | phase_ext_benchmark |     Extracted: antibioticsai-main/library_predictions/mcule_predictions_final/741p.csv
2026-04-03 14:23:26 | INFO  | phase_ext_benchmark |     Extracted: antibioticsai-main/library_predictions/mcule_predictions_final/742p.csv
2026-04-03 14:23:26 | INFO  | phase_ext_benchmark |     Extracted: antibioticsai-main/library_predictions/mcule_predictions_final/743p.csv
2026-04-03 14:23:26 | INFO  | phase_ext_benchmark |     Extracted: antibioticsai-main/library_predictions/mcule_predictions_final/744p.csv
2026-04-03 14:23:26 | INFO  | phase_ext_benchmark |     Extracted: antibioticsai-main/library_predictions/mcule_predictions_final/745p.csv
2026-04-03 14:23:26 | INFO  | phase_ext_benchmark |     Extracted: antibioticsai-main/library_predictions/mcule_predictions_final/746p.csv
2026-04-03 14:23:26 | INFO  | phase_ext_benchmark |     Extracted: antibioticsai-main/library_predictions/mcule_predictions_final/747p.csv
2026-04-03 14:23:26 | INFO  | phase_ext_benchmark |     Extracted: antibioticsai-main/library_predictions/mcule_predictions_final/748p.csv
2026-04-03 14:23:26 | INFO  | phase_ext_benchmark |     Extracted: antibioticsai-main/library_predictions/mcule_predictions_final/749p.csv
2026-04-03 14:23:26 | INFO  | phase_ext_benchmark |     Extracted: antibioticsai-main/library_predictions/mcule_predictions_final/74p.csv
2026-04-03 14:23:26 | INFO  | phase_ext_benchmark |     Extracted: antibioticsai-main/library_predictions/mcule_predictions_final/750p.csv
2026-04-03 14:23:26 | INFO  | phase_ext_benchmark |     Extracted: antibioticsai-main/library_predictions/mcule_predictions_final/751p.csv
2026-04-03 14:23:26 | INFO  | phase_ext_benchmark |     Extracted: antibioticsai-main/library_predictions/mcule_predictions_final/752p.csv
2026-04-03 14:23:26 | INFO  | phase_ext_benchmark |     Extracted: antibioticsai-main/library_predictions/mcule_predictions_final/753p.csv
2026-04-03 14:23:26 | INFO  | phase_ext_benchmark |     Extracted: antibioticsai-main/library_predictions/mcule_predictions_final/754p.csv
2026-04-03 14:23:26 | INFO  | phase_ext_benchmark |     Extracted: antibioticsai-main/library_predictions/mcule_predictions_final/755p.csv
2026-04-03 14:23:26 | INFO  | phase_ext_benchmark |     Extracted: antibioticsai-main/library_predictions/mcule_predictions_final/756p.csv
2026-04-03 14:23:26 | INFO  | phase_ext_benchmark |     Extracted: antibioticsai-main/library_predictions/mcule_predictions_final/757p.csv
2026-04-03 14:23:26 | INFO  | phase_ext_benchmark |     Extracted: antibioticsai-main/library_predictions/mcule_predictions_final/758p.csv
2026-04-03 14:23:26 | INFO  | phase_ext_benchmark |     Extracted: antibioticsai-main/library_predictions/mcule_predictions_final/759p.csv
2026-04-03 14:23:26 | INFO  | phase_ext_benchmark |     Extracted: antibioticsai-main/library_predictions/mcule_predictions_final/75p.csv
2026-04-03 14:23:26 | INFO  | phase_ext_benchmark |     Extracted: antibioticsai-main/library_predictions/mcule_predictions_final/760p.csv
2026-04-03 14:23:26 | INFO  | phase_ext_benchmark |     Extracted: antibioticsai-main/library_predictions/mcule_predictions_final/761p.csv
2026-04-03 14:23:26 | INFO  | phase_ext_benchmark |     Extracted: antibioticsai-main/library_predictions/mcule_predictions_final/762p.csv
2026-04-03 14:23:26 | INFO  | phase_ext_benchmark |     Extracted: antibioticsai-main/library_predictions/mcule_predictions_final/763p.csv
2026-04-03 14:23:26 | INFO  | phase_ext_benchmark |     Extracted: antibioticsai-main/library_predictions/mcule_predictions_final/764p.csv
2026-04-03 14:23:26 | INFO  | phase_ext_benchmark |     Extracted: antibioticsai-main/library_predictions/mcule_predictions_final/765p.csv
2026-04-03 14:23:26 | INFO  | phase_ext_benchmark |     Extracted: antibioticsai-main/library_predictions/mcule_predictions_final/766p.csv
2026-04-03 14:23:26 | INFO  | phase_ext_benchmark |     Extracted: antibioticsai-main/library_predictions/mcule_predictions_final/767p.csv
2026-04-03 14:23:26 | INFO  | phase_ext_benchmark |     Extracted: antibioticsai-main/library_predictions/mcule_predictions_final/768p.csv
2026-04-03 14:23:26 | INFO  | phase_ext_benchmark |     Extracted: antibioticsai-main/library_predictions/mcule_predictions_final/769p.csv
2026-04-03 14:23:26 | INFO  | phase_ext_benchmark |     Extracted: antibioticsai-main/library_predictions/mcule_predictions_final/76p.csv
2026-04-03 14:23:26 | INFO  | phase_ext_benchmark |     Extracted: antibioticsai-main/library_predictions/mcule_predictions_final/770p.csv
2026-04-03 14:23:26 | INFO  | phase_ext_benchmark |     Extracted: antibioticsai-main/library_predictions/mcule_predictions_final/771p.csv
2026-04-03 14:23:26 | INFO  | phase_ext_benchmark |     Extracted: antibioticsai-main/library_predictions/mcule_predictions_final/772p.csv
2026-04-03 14:23:26 | INFO  | phase_ext_benchmark |     Extracted: antibioticsai-main/library_predictions/mcule_predictions_final/773p.csv
2026-04-03 14:23:26 | INFO  | phase_ext_benchmark |     Extracted: antibioticsai-main/library_predictions/mcule_predictions_final/774p.csv
2026-04-03 14:23:26 | INFO  | phase_ext_benchmark |     Extracted: antibioticsai-main/library_predictions/mcule_predictions_final/775p.csv
2026-04-03 14:23:26 | INFO  | phase_ext_benchmark |     Extracted: antibioticsai-main/library_predictions/mcule_predictions_final/776p.csv
2026-04-03 14:23:26 | INFO  | phase_ext_benchmark |     Extracted: antibioticsai-main/library_predictions/mcule_predictions_final/777p.csv
2026-04-03 14:23:26 | INFO  | phase_ext_benchmark |     Extracted: antibioticsai-main/library_predictions/mcule_predictions_final/778p.csv
2026-04-03 14:23:26 | INFO  | phase_ext_benchmark |     Extracted: antibioticsai-main/library_predictions/mcule_predictions_final/779p.csv
2026-04-03 14:23:26 | INFO  | phase_ext_benchmark |     Extracted: antibioticsai-main/library_predictions/mcule_predictions_final/77p.csv
2026-04-03 14:23:26 | INFO  | phase_ext_benchmark |     Extracted: antibioticsai-main/library_predictions/mcule_predictions_final/780p.csv
2026-04-03 14:23:26 | INFO  | phase_ext_benchmark |     Extracted: antibioticsai-main/library_predictions/mcule_predictions_final/781p.csv
2026-04-03 14:23:26 | INFO  | phase_ext_benchmark |     Extracted: antibioticsai-main/library_predictions/mcule_predictions_final/782p.csv
2026-04-03 14:23:26 | INFO  | phase_ext_benchmark |     Extracted: antibioticsai-main/library_predictions/mcule_predictions_final/783p.csv
2026-04-03 14:23:26 | INFO  | phase_ext_benchmark |     Extracted: antibioticsai-main/library_predictions/mcule_predictions_final/784p.csv
2026-04-03 14:23:26 | INFO  | phase_ext_benchmark |     Extracted: antibioticsai-main/library_predictions/mcule_predictions_final/785p.csv
2026-04-03 14:23:26 | INFO  | phase_ext_benchmark |     Extracted: antibioticsai-main/library_predictions/mcule_predictions_final/786p.csv
2026-04-03 14:23:26 | INFO  | phase_ext_benchmark |     Extracted: antibioticsai-main/library_predictions/mcule_predictions_final/787p.csv
2026-04-03 14:23:26 | INFO  | phase_ext_benchmark |     Extracted: antibioticsai-main/library_predictions/mcule_predictions_final/788p.csv
2026-04-03 14:23:26 | INFO  | phase_ext_benchmark |     Extracted: antibioticsai-main/library_predictions/mcule_predictions_final/789p.csv
2026-04-03 14:23:26 | INFO  | phase_ext_benchmark |     Extracted: antibioticsai-main/library_predictions/mcule_predictions_final/78p.csv
2026-04-03 14:23:26 | INFO  | phase_ext_benchmark |     Extracted: antibioticsai-main/library_predictions/mcule_predictions_final/790p.csv
2026-04-03 14:23:26 | INFO  | phase_ext_benchmark |     Extracted: antibioticsai-main/library_predictions/mcule_predictions_final/791p.csv
2026-04-03 14:23:26 | INFO  | phase_ext_benchmark |     Extracted: antibioticsai-main/library_predictions/mcule_predictions_final/792p.csv
2026-04-03 14:23:26 | INFO  | phase_ext_benchmark |     Extracted: antibioticsai-main/library_predictions/mcule_predictions_final/793p.csv
2026-04-03 14:23:26 | INFO  | phase_ext_benchmark |     Extracted: antibioticsai-main/library_predictions/mcule_predictions_final/794p.csv
2026-04-03 14:23:26 | INFO  | phase_ext_benchmark |     Extracted: antibioticsai-main/library_predictions/mcule_predictions_final/795p.csv
2026-04-03 14:23:26 | INFO  | phase_ext_benchmark |     Extracted: antibioticsai-main/library_predictions/mcule_predictions_final/796p.csv
2026-04-03 14:23:26 | INFO  | phase_ext_benchmark |     Extracted: antibioticsai-main/library_predictions/mcule_predictions_final/797p.csv
2026-04-03 14:23:26 | INFO  | phase_ext_benchmark |     Extracted: antibioticsai-main/library_predictions/mcule_predictions_final/798p.csv
2026-04-03 14:23:26 | INFO  | phase_ext_benchmark |     Extracted: antibioticsai-main/library_predictions/mcule_predictions_final/799p.csv
2026-04-03 14:23:26 | INFO  | phase_ext_benchmark |     Extracted: antibioticsai-main/library_predictions/mcule_predictions_final/79p.csv
2026-04-03 14:23:26 | INFO  | phase_ext_benchmark |     Extracted: antibioticsai-main/library_predictions/mcule_predictions_final/7p.csv
2026-04-03 14:23:26 | INFO  | phase_ext_benchmark |     Extracted: antibioticsai-main/library_predictions/mcule_predictions_final/800p.csv
2026-04-03 14:23:26 | INFO  | phase_ext_benchmark |     Extracted: antibioticsai-main/library_predictions/mcule_predictions_final/801p.csv
2026-04-03 14:23:26 | INFO  | phase_ext_benchmark |     Extracted: antibioticsai-main/library_predictions/mcule_predictions_final/802p.csv
2026-04-03 14:23:26 | INFO  | phase_ext_benchmark |     Extracted: antibioticsai-main/library_predictions/mcule_predictions_final/803p.csv
2026-04-03 14:23:26 | INFO  | phase_ext_benchmark |     Extracted: antibioticsai-main/library_predictions/mcule_predictions_final/804p.csv
2026-04-03 14:23:26 | INFO  | phase_ext_benchmark |     Extracted: antibioticsai-main/library_predictions/mcule_predictions_final/805p.csv
2026-04-03 14:23:26 | INFO  | phase_ext_benchmark |     Extracted: antibioticsai-main/library_predictions/mcule_predictions_final/806p.csv
2026-04-03 14:23:26 | INFO  | phase_ext_benchmark |     Extracted: antibioticsai-main/library_predictions/mcule_predictions_final/807p.csv
2026-04-03 14:23:26 | INFO  | phase_ext_benchmark |     Extracted: antibioticsai-main/library_predictions/mcule_predictions_final/808p.csv
2026-04-03 14:23:26 | INFO  | phase_ext_benchmark |     Extracted: antibioticsai-main/library_predictions/mcule_predictions_final/809p.csv
2026-04-03 14:23:26 | INFO  | phase_ext_benchmark |     Extracted: antibioticsai-main/library_predictions/mcule_predictions_final/80p.csv
2026-04-03 14:23:26 | INFO  | phase_ext_benchmark |     Extracted: antibioticsai-main/library_predictions/mcule_predictions_final/810p.csv
2026-04-03 14:23:26 | INFO  | phase_ext_benchmark |     Extracted: antibioticsai-main/library_predictions/mcule_predictions_final/811p.csv
2026-04-03 14:23:26 | INFO  | phase_ext_benchmark |     Extracted: antibioticsai-main/library_predictions/mcule_predictions_final/812p.csv
2026-04-03 14:23:26 | INFO  | phase_ext_benchmark |     Extracted: antibioticsai-main/library_predictions/mcule_predictions_final/813p.csv
2026-04-03 14:23:26 | INFO  | phase_ext_benchmark |     Extracted: antibioticsai-main/library_predictions/mcule_predictions_final/814p.csv
2026-04-03 14:23:26 | INFO  | phase_ext_benchmark |     Extracted: antibioticsai-main/library_predictions/mcule_predictions_final/815p.csv
2026-04-03 14:23:26 | INFO  | phase_ext_benchmark |     Extracted: antibioticsai-main/library_predictions/mcule_predictions_final/816p.csv
2026-04-03 14:23:26 | INFO  | phase_ext_benchmark |     Extracted: antibioticsai-main/library_predictions/mcule_predictions_final/817p.csv
2026-04-03 14:23:26 | INFO  | phase_ext_benchmark |     Extracted: antibioticsai-main/library_predictions/mcule_predictions_final/818p.csv
2026-04-03 14:23:26 | INFO  | phase_ext_benchmark |     Extracted: antibioticsai-main/library_predictions/mcule_predictions_final/819p.csv
2026-04-03 14:23:26 | INFO  | phase_ext_benchmark |     Extracted: antibioticsai-main/library_predictions/mcule_predictions_final/81p.csv
2026-04-03 14:23:26 | INFO  | phase_ext_benchmark |     Extracted: antibioticsai-main/library_predictions/mcule_predictions_final/820p.csv
2026-04-03 14:23:26 | INFO  | phase_ext_benchmark |     Extracted: antibioticsai-main/library_predictions/mcule_predictions_final/821p.csv
2026-04-03 14:23:26 | INFO  | phase_ext_benchmark |     Extracted: antibioticsai-main/library_predictions/mcule_predictions_final/822p.csv
2026-04-03 14:23:26 | INFO  | phase_ext_benchmark |     Extracted: antibioticsai-main/library_predictions/mcule_predictions_final/823p.csv
2026-04-03 14:23:26 | INFO  | phase_ext_benchmark |     Extracted: antibioticsai-main/library_predictions/mcule_predictions_final/824p.csv
2026-04-03 14:23:26 | INFO  | phase_ext_benchmark |     Extracted: antibioticsai-main/library_predictions/mcule_predictions_final/825p.csv
2026-04-03 14:23:26 | INFO  | phase_ext_benchmark |     Extracted: antibioticsai-main/library_predictions/mcule_predictions_final/826p.csv
2026-04-03 14:23:26 | INFO  | phase_ext_benchmark |     Extracted: antibioticsai-main/library_predictions/mcule_predictions_final/827p.csv
2026-04-03 14:23:26 | INFO  | phase_ext_benchmark |     Extracted: antibioticsai-main/library_predictions/mcule_predictions_final/828p.csv
2026-04-03 14:23:26 | INFO  | phase_ext_benchmark |     Extracted: antibioticsai-main/library_predictions/mcule_predictions_final/829p.csv
2026-04-03 14:23:26 | INFO  | phase_ext_benchmark |     Extracted: antibioticsai-main/library_predictions/mcule_predictions_final/82p.csv
2026-04-03 14:23:26 | INFO  | phase_ext_benchmark |     Extracted: antibioticsai-main/library_predictions/mcule_predictions_final/830p.csv
2026-04-03 14:23:27 | INFO  | phase_ext_benchmark |     Extracted: antibioticsai-main/library_predictions/mcule_predictions_final/831p.csv
2026-04-03 14:23:27 | INFO  | phase_ext_benchmark |     Extracted: antibioticsai-main/library_predictions/mcule_predictions_final/832p.csv
2026-04-03 14:23:27 | INFO  | phase_ext_benchmark |     Extracted: antibioticsai-main/library_predictions/mcule_predictions_final/833p.csv
2026-04-03 14:23:27 | INFO  | phase_ext_benchmark |     Extracted: antibioticsai-main/library_predictions/mcule_predictions_final/834p.csv
2026-04-03 14:23:27 | INFO  | phase_ext_benchmark |     Extracted: antibioticsai-main/library_predictions/mcule_predictions_final/835p.csv
2026-04-03 14:23:27 | INFO  | phase_ext_benchmark |     Extracted: antibioticsai-main/library_predictions/mcule_predictions_final/836p.csv
2026-04-03 14:23:27 | INFO  | phase_ext_benchmark |     Extracted: antibioticsai-main/library_predictions/mcule_predictions_final/837p.csv
2026-04-03 14:23:27 | INFO  | phase_ext_benchmark |     Extracted: antibioticsai-main/library_predictions/mcule_predictions_final/838p.csv
2026-04-03 14:23:27 | INFO  | phase_ext_benchmark |     Extracted: antibioticsai-main/library_predictions/mcule_predictions_final/839p.csv
2026-04-03 14:23:27 | INFO  | phase_ext_benchmark |     Extracted: antibioticsai-main/library_predictions/mcule_predictions_final/83p.csv
2026-04-03 14:23:27 | INFO  | phase_ext_benchmark |     Extracted: antibioticsai-main/library_predictions/mcule_predictions_final/840p.csv
2026-04-03 14:23:27 | INFO  | phase_ext_benchmark |     Extracted: antibioticsai-main/library_predictions/mcule_predictions_final/841p.csv
2026-04-03 14:23:27 | INFO  | phase_ext_benchmark |     Extracted: antibioticsai-main/library_predictions/mcule_predictions_final/842p.csv
2026-04-03 14:23:27 | INFO  | phase_ext_benchmark |     Extracted: antibioticsai-main/library_predictions/mcule_predictions_final/843p.csv
2026-04-03 14:23:27 | INFO  | phase_ext_benchmark |     Extracted: antibioticsai-main/library_predictions/mcule_predictions_final/844p.csv
2026-04-03 14:23:27 | INFO  | phase_ext_benchmark |     Extracted: antibioticsai-main/library_predictions/mcule_predictions_final/845p.csv
2026-04-03 14:23:27 | INFO  | phase_ext_benchmark |     Extracted: antibioticsai-main/library_predictions/mcule_predictions_final/846p.csv
2026-04-03 14:23:27 | INFO  | phase_ext_benchmark |     Extracted: antibioticsai-main/library_predictions/mcule_predictions_final/847p.csv
2026-04-03 14:23:27 | INFO  | phase_ext_benchmark |     Extracted: antibioticsai-main/library_predictions/mcule_predictions_final/848p.csv
2026-04-03 14:23:27 | INFO  | phase_ext_benchmark |     Extracted: antibioticsai-main/library_predictions/mcule_predictions_final/849p.csv
2026-04-03 14:23:27 | INFO  | phase_ext_benchmark |     Extracted: antibioticsai-main/library_predictions/mcule_predictions_final/84p.csv
2026-04-03 14:23:27 | INFO  | phase_ext_benchmark |     Extracted: antibioticsai-main/library_predictions/mcule_predictions_final/850p.csv
2026-04-03 14:23:27 | INFO  | phase_ext_benchmark |     Extracted: antibioticsai-main/library_predictions/mcule_predictions_final/851p.csv
2026-04-03 14:23:27 | INFO  | phase_ext_benchmark |     Extracted: antibioticsai-main/library_predictions/mcule_predictions_final/852p.csv
2026-04-03 14:23:27 | INFO  | phase_ext_benchmark |     Extracted: antibioticsai-main/library_predictions/mcule_predictions_final/853p.csv
2026-04-03 14:23:27 | INFO  | phase_ext_benchmark |     Extracted: antibioticsai-main/library_predictions/mcule_predictions_final/854p.csv
2026-04-03 14:23:27 | INFO  | phase_ext_benchmark |     Extracted: antibioticsai-main/library_predictions/mcule_predictions_final/855p.csv
2026-04-03 14:23:27 | INFO  | phase_ext_benchmark |     Extracted: antibioticsai-main/library_predictions/mcule_predictions_final/856p.csv
2026-04-03 14:23:27 | INFO  | phase_ext_benchmark |     Extracted: antibioticsai-main/library_predictions/mcule_predictions_final/857p.csv
2026-04-03 14:23:27 | INFO  | phase_ext_benchmark |     Extracted: antibioticsai-main/library_predictions/mcule_predictions_final/858p.csv
2026-04-03 14:23:27 | INFO  | phase_ext_benchmark |     Extracted: antibioticsai-main/library_predictions/mcule_predictions_final/859p.csv
2026-04-03 14:23:27 | INFO  | phase_ext_benchmark |     Extracted: antibioticsai-main/library_predictions/mcule_predictions_final/85p.csv
2026-04-03 14:23:27 | INFO  | phase_ext_benchmark |     Extracted: antibioticsai-main/library_predictions/mcule_predictions_final/860p.csv
2026-04-03 14:23:27 | INFO  | phase_ext_benchmark |     Extracted: antibioticsai-main/library_predictions/mcule_predictions_final/861p.csv
2026-04-03 14:23:27 | INFO  | phase_ext_benchmark |     Extracted: antibioticsai-main/library_predictions/mcule_predictions_final/862p.csv
2026-04-03 14:23:27 | INFO  | phase_ext_benchmark |     Extracted: antibioticsai-main/library_predictions/mcule_predictions_final/863p.csv
2026-04-03 14:23:27 | INFO  | phase_ext_benchmark |     Extracted: antibioticsai-main/library_predictions/mcule_predictions_final/864p.csv
2026-04-03 14:23:27 | INFO  | phase_ext_benchmark |     Extracted: antibioticsai-main/library_predictions/mcule_predictions_final/865p.csv
2026-04-03 14:23:27 | INFO  | phase_ext_benchmark |     Extracted: antibioticsai-main/library_predictions/mcule_predictions_final/866p.csv
2026-04-03 14:23:27 | INFO  | phase_ext_benchmark |     Extracted: antibioticsai-main/library_predictions/mcule_predictions_final/867p.csv
2026-04-03 14:23:27 | INFO  | phase_ext_benchmark |     Extracted: antibioticsai-main/library_predictions/mcule_predictions_final/868p.csv
2026-04-03 14:23:27 | INFO  | phase_ext_benchmark |     Extracted: antibioticsai-main/library_predictions/mcule_predictions_final/869p.csv
2026-04-03 14:23:27 | INFO  | phase_ext_benchmark |     Extracted: antibioticsai-main/library_predictions/mcule_predictions_final/86p.csv
2026-04-03 14:23:27 | INFO  | phase_ext_benchmark |     Extracted: antibioticsai-main/library_predictions/mcule_predictions_final/870p.csv
2026-04-03 14:23:27 | INFO  | phase_ext_benchmark |     Extracted: antibioticsai-main/library_predictions/mcule_predictions_final/871p.csv
2026-04-03 14:23:27 | INFO  | phase_ext_benchmark |     Extracted: antibioticsai-main/library_predictions/mcule_predictions_final/872p.csv
2026-04-03 14:23:27 | INFO  | phase_ext_benchmark |     Extracted: antibioticsai-main/library_predictions/mcule_predictions_final/873p.csv
2026-04-03 14:23:27 | INFO  | phase_ext_benchmark |     Extracted: antibioticsai-main/library_predictions/mcule_predictions_final/874p.csv
2026-04-03 14:23:27 | INFO  | phase_ext_benchmark |     Extracted: antibioticsai-main/library_predictions/mcule_predictions_final/875p.csv
2026-04-03 14:23:27 | INFO  | phase_ext_benchmark |     Extracted: antibioticsai-main/library_predictions/mcule_predictions_final/876p.csv
2026-04-03 14:23:27 | INFO  | phase_ext_benchmark |     Extracted: antibioticsai-main/library_predictions/mcule_predictions_final/877p.csv
2026-04-03 14:23:27 | INFO  | phase_ext_benchmark |     Extracted: antibioticsai-main/library_predictions/mcule_predictions_final/878p.csv
2026-04-03 14:23:27 | INFO  | phase_ext_benchmark |     Extracted: antibioticsai-main/library_predictions/mcule_predictions_final/879p.csv
2026-04-03 14:23:27 | INFO  | phase_ext_benchmark |     Extracted: antibioticsai-main/library_predictions/mcule_predictions_final/87p.csv
2026-04-03 14:23:27 | INFO  | phase_ext_benchmark |     Extracted: antibioticsai-main/library_predictions/mcule_predictions_final/880p.csv
2026-04-03 14:23:27 | INFO  | phase_ext_benchmark |     Extracted: antibioticsai-main/library_predictions/mcule_predictions_final/881p.csv
2026-04-03 14:23:27 | INFO  | phase_ext_benchmark |     Extracted: antibioticsai-main/library_predictions/mcule_predictions_final/882p.csv
2026-04-03 14:23:27 | INFO  | phase_ext_benchmark |     Extracted: antibioticsai-main/library_predictions/mcule_predictions_final/883p.csv
2026-04-03 14:23:27 | INFO  | phase_ext_benchmark |     Extracted: antibioticsai-main/library_predictions/mcule_predictions_final/884p.csv
2026-04-03 14:23:27 | INFO  | phase_ext_benchmark |     Extracted: antibioticsai-main/library_predictions/mcule_predictions_final/885p.csv
2026-04-03 14:23:27 | INFO  | phase_ext_benchmark |     Extracted: antibioticsai-main/library_predictions/mcule_predictions_final/886p.csv
2026-04-03 14:23:27 | INFO  | phase_ext_benchmark |     Extracted: antibioticsai-main/library_predictions/mcule_predictions_final/887p.csv
2026-04-03 14:23:27 | INFO  | phase_ext_benchmark |     Extracted: antibioticsai-main/library_predictions/mcule_predictions_final/888p.csv
2026-04-03 14:23:27 | INFO  | phase_ext_benchmark |     Extracted: antibioticsai-main/library_predictions/mcule_predictions_final/889p.csv
2026-04-03 14:23:27 | INFO  | phase_ext_benchmark |     Extracted: antibioticsai-main/library_predictions/mcule_predictions_final/88p.csv
2026-04-03 14:23:27 | INFO  | phase_ext_benchmark |     Extracted: antibioticsai-main/library_predictions/mcule_predictions_final/890p.csv
2026-04-03 14:23:27 | INFO  | phase_ext_benchmark |     Extracted: antibioticsai-main/library_predictions/mcule_predictions_final/891p.csv
2026-04-03 14:23:27 | INFO  | phase_ext_benchmark |     Extracted: antibioticsai-main/library_predictions/mcule_predictions_final/892p.csv
2026-04-03 14:23:27 | INFO  | phase_ext_benchmark |     Extracted: antibioticsai-main/library_predictions/mcule_predictions_final/893p.csv
2026-04-03 14:23:27 | INFO  | phase_ext_benchmark |     Extracted: antibioticsai-main/library_predictions/mcule_predictions_final/894p.csv
2026-04-03 14:23:27 | INFO  | phase_ext_benchmark |     Extracted: antibioticsai-main/library_predictions/mcule_predictions_final/895p.csv
2026-04-03 14:23:27 | INFO  | phase_ext_benchmark |     Extracted: antibioticsai-main/library_predictions/mcule_predictions_final/896p.csv
2026-04-03 14:23:27 | INFO  | phase_ext_benchmark |     Extracted: antibioticsai-main/library_predictions/mcule_predictions_final/897p.csv
2026-04-03 14:23:27 | INFO  | phase_ext_benchmark |     Extracted: antibioticsai-main/library_predictions/mcule_predictions_final/898p.csv
2026-04-03 14:23:27 | INFO  | phase_ext_benchmark |     Extracted: antibioticsai-main/library_predictions/mcule_predictions_final/899p.csv
2026-04-03 14:23:27 | INFO  | phase_ext_benchmark |     Extracted: antibioticsai-main/library_predictions/mcule_predictions_final/89p.csv
2026-04-03 14:23:27 | INFO  | phase_ext_benchmark |     Extracted: antibioticsai-main/library_predictions/mcule_predictions_final/8p.csv
2026-04-03 14:23:27 | INFO  | phase_ext_benchmark |     Extracted: antibioticsai-main/library_predictions/mcule_predictions_final/900p.csv
2026-04-03 14:23:27 | INFO  | phase_ext_benchmark |     Extracted: antibioticsai-main/library_predictions/mcule_predictions_final/901p.csv
2026-04-03 14:23:27 | INFO  | phase_ext_benchmark |     Extracted: antibioticsai-main/library_predictions/mcule_predictions_final/902p.csv
2026-04-03 14:23:27 | INFO  | phase_ext_benchmark |     Extracted: antibioticsai-main/library_predictions/mcule_predictions_final/903p.csv
2026-04-03 14:23:27 | INFO  | phase_ext_benchmark |     Extracted: antibioticsai-main/library_predictions/mcule_predictions_final/904p.csv
2026-04-03 14:23:27 | INFO  | phase_ext_benchmark |     Extracted: antibioticsai-main/library_predictions/mcule_predictions_final/905p.csv
2026-04-03 14:23:27 | INFO  | phase_ext_benchmark |     Extracted: antibioticsai-main/library_predictions/mcule_predictions_final/906p.csv
2026-04-03 14:23:27 | INFO  | phase_ext_benchmark |     Extracted: antibioticsai-main/library_predictions/mcule_predictions_final/907p.csv
2026-04-03 14:23:27 | INFO  | phase_ext_benchmark |     Extracted: antibioticsai-main/library_predictions/mcule_predictions_final/908p.csv
2026-04-03 14:23:27 | INFO  | phase_ext_benchmark |     Extracted: antibioticsai-main/library_predictions/mcule_predictions_final/909p.csv
2026-04-03 14:23:27 | INFO  | phase_ext_benchmark |     Extracted: antibioticsai-main/library_predictions/mcule_predictions_final/90p.csv
2026-04-03 14:23:27 | INFO  | phase_ext_benchmark |     Extracted: antibioticsai-main/library_predictions/mcule_predictions_final/910p.csv
2026-04-03 14:23:27 | INFO  | phase_ext_benchmark |     Extracted: antibioticsai-main/library_predictions/mcule_predictions_final/911p.csv
2026-04-03 14:23:27 | INFO  | phase_ext_benchmark |     Extracted: antibioticsai-main/library_predictions/mcule_predictions_final/912p.csv
2026-04-03 14:23:27 | INFO  | phase_ext_benchmark |     Extracted: antibioticsai-main/library_predictions/mcule_predictions_final/913p.csv
2026-04-03 14:23:27 | INFO  | phase_ext_benchmark |     Extracted: antibioticsai-main/library_predictions/mcule_predictions_final/914p.csv
2026-04-03 14:23:27 | INFO  | phase_ext_benchmark |     Extracted: antibioticsai-main/library_predictions/mcule_predictions_final/915p.csv
2026-04-03 14:23:27 | INFO  | phase_ext_benchmark |     Extracted: antibioticsai-main/library_predictions/mcule_predictions_final/916p.csv
2026-04-03 14:23:27 | INFO  | phase_ext_benchmark |     Extracted: antibioticsai-main/library_predictions/mcule_predictions_final/917p.csv
2026-04-03 14:23:27 | INFO  | phase_ext_benchmark |     Extracted: antibioticsai-main/library_predictions/mcule_predictions_final/918p.csv
2026-04-03 14:23:27 | INFO  | phase_ext_benchmark |     Extracted: antibioticsai-main/library_predictions/mcule_predictions_final/919p.csv
2026-04-03 14:23:27 | INFO  | phase_ext_benchmark |     Extracted: antibioticsai-main/library_predictions/mcule_predictions_final/91p.csv
2026-04-03 14:23:27 | INFO  | phase_ext_benchmark |     Extracted: antibioticsai-main/library_predictions/mcule_predictions_final/920p.csv
2026-04-03 14:23:27 | INFO  | phase_ext_benchmark |     Extracted: antibioticsai-main/library_predictions/mcule_predictions_final/921p.csv
2026-04-03 14:23:27 | INFO  | phase_ext_benchmark |     Extracted: antibioticsai-main/library_predictions/mcule_predictions_final/922p.csv
2026-04-03 14:23:27 | INFO  | phase_ext_benchmark |     Extracted: antibioticsai-main/library_predictions/mcule_predictions_final/923p.csv
2026-04-03 14:23:27 | INFO  | phase_ext_benchmark |     Extracted: antibioticsai-main/library_predictions/mcule_predictions_final/924p.csv
2026-04-03 14:23:27 | INFO  | phase_ext_benchmark |     Extracted: antibioticsai-main/library_predictions/mcule_predictions_final/925p.csv
2026-04-03 14:23:27 | INFO  | phase_ext_benchmark |     Extracted: antibioticsai-main/library_predictions/mcule_predictions_final/926p.csv
2026-04-03 14:23:27 | INFO  | phase_ext_benchmark |     Extracted: antibioticsai-main/library_predictions/mcule_predictions_final/927p.csv
2026-04-03 14:23:27 | INFO  | phase_ext_benchmark |     Extracted: antibioticsai-main/library_predictions/mcule_predictions_final/928p.csv
2026-04-03 14:23:27 | INFO  | phase_ext_benchmark |     Extracted: antibioticsai-main/library_predictions/mcule_predictions_final/929p.csv
2026-04-03 14:23:27 | INFO  | phase_ext_benchmark |     Extracted: antibioticsai-main/library_predictions/mcule_predictions_final/92p.csv
2026-04-03 14:23:27 | INFO  | phase_ext_benchmark |     Extracted: antibioticsai-main/library_predictions/mcule_predictions_final/930p.csv
2026-04-03 14:23:27 | INFO  | phase_ext_benchmark |     Extracted: antibioticsai-main/library_predictions/mcule_predictions_final/931p.csv
2026-04-03 14:23:27 | INFO  | phase_ext_benchmark |     Extracted: antibioticsai-main/library_predictions/mcule_predictions_final/932p.csv
2026-04-03 14:23:27 | INFO  | phase_ext_benchmark |     Extracted: antibioticsai-main/library_predictions/mcule_predictions_final/933p.csv
2026-04-03 14:23:27 | INFO  | phase_ext_benchmark |     Extracted: antibioticsai-main/library_predictions/mcule_predictions_final/934p.csv
2026-04-03 14:23:27 | INFO  | phase_ext_benchmark |     Extracted: antibioticsai-main/library_predictions/mcule_predictions_final/935p.csv
2026-04-03 14:23:27 | INFO  | phase_ext_benchmark |     Extracted: antibioticsai-main/library_predictions/mcule_predictions_final/936p.csv
2026-04-03 14:23:27 | INFO  | phase_ext_benchmark |     Extracted: antibioticsai-main/library_predictions/mcule_predictions_final/937p.csv
2026-04-03 14:23:27 | INFO  | phase_ext_benchmark |     Extracted: antibioticsai-main/library_predictions/mcule_predictions_final/938p.csv
2026-04-03 14:23:27 | INFO  | phase_ext_benchmark |     Extracted: antibioticsai-main/library_predictions/mcule_predictions_final/939p.csv
2026-04-03 14:23:27 | INFO  | phase_ext_benchmark |     Extracted: antibioticsai-main/library_predictions/mcule_predictions_final/93p.csv
2026-04-03 14:23:27 | INFO  | phase_ext_benchmark |     Extracted: antibioticsai-main/library_predictions/mcule_predictions_final/940p.csv
2026-04-03 14:23:27 | INFO  | phase_ext_benchmark |     Extracted: antibioticsai-main/library_predictions/mcule_predictions_final/941p.csv
2026-04-03 14:23:27 | INFO  | phase_ext_benchmark |     Extracted: antibioticsai-main/library_predictions/mcule_predictions_final/942p.csv
2026-04-03 14:23:27 | INFO  | phase_ext_benchmark |     Extracted: antibioticsai-main/library_predictions/mcule_predictions_final/943p.csv
2026-04-03 14:23:27 | INFO  | phase_ext_benchmark |     Extracted: antibioticsai-main/library_predictions/mcule_predictions_final/944p.csv
2026-04-03 14:23:27 | INFO  | phase_ext_benchmark |     Extracted: antibioticsai-main/library_predictions/mcule_predictions_final/945p.csv
2026-04-03 14:23:27 | INFO  | phase_ext_benchmark |     Extracted: antibioticsai-main/library_predictions/mcule_predictions_final/946p.csv
2026-04-03 14:23:27 | INFO  | phase_ext_benchmark |     Extracted: antibioticsai-main/library_predictions/mcule_predictions_final/947p.csv
2026-04-03 14:23:27 | INFO  | phase_ext_benchmark |     Extracted: antibioticsai-main/library_predictions/mcule_predictions_final/948p.csv
2026-04-03 14:23:27 | INFO  | phase_ext_benchmark |     Extracted: antibioticsai-main/library_predictions/mcule_predictions_final/949p.csv
2026-04-03 14:23:27 | INFO  | phase_ext_benchmark |     Extracted: antibioticsai-main/library_predictions/mcule_predictions_final/94p.csv
2026-04-03 14:23:27 | INFO  | phase_ext_benchmark |     Extracted: antibioticsai-main/library_predictions/mcule_predictions_final/950p.csv
2026-04-03 14:23:27 | INFO  | phase_ext_benchmark |     Extracted: antibioticsai-main/library_predictions/mcule_predictions_final/951p.csv
2026-04-03 14:23:27 | INFO  | phase_ext_benchmark |     Extracted: antibioticsai-main/library_predictions/mcule_predictions_final/952p.csv
2026-04-03 14:23:27 | INFO  | phase_ext_benchmark |     Extracted: antibioticsai-main/library_predictions/mcule_predictions_final/953p.csv
2026-04-03 14:23:27 | INFO  | phase_ext_benchmark |     Extracted: antibioticsai-main/library_predictions/mcule_predictions_final/954p.csv
2026-04-03 14:23:27 | INFO  | phase_ext_benchmark |     Extracted: antibioticsai-main/library_predictions/mcule_predictions_final/955p.csv
2026-04-03 14:23:27 | INFO  | phase_ext_benchmark |     Extracted: antibioticsai-main/library_predictions/mcule_predictions_final/956p.csv
2026-04-03 14:23:27 | INFO  | phase_ext_benchmark |     Extracted: antibioticsai-main/library_predictions/mcule_predictions_final/957p.csv
2026-04-03 14:23:27 | INFO  | phase_ext_benchmark |     Extracted: antibioticsai-main/library_predictions/mcule_predictions_final/958p.csv
2026-04-03 14:23:27 | INFO  | phase_ext_benchmark |     Extracted: antibioticsai-main/library_predictions/mcule_predictions_final/959p.csv
2026-04-03 14:23:27 | INFO  | phase_ext_benchmark |     Extracted: antibioticsai-main/library_predictions/mcule_predictions_final/95p.csv
2026-04-03 14:23:27 | INFO  | phase_ext_benchmark |     Extracted: antibioticsai-main/library_predictions/mcule_predictions_final/960p.csv
2026-04-03 14:23:27 | INFO  | phase_ext_benchmark |     Extracted: antibioticsai-main/library_predictions/mcule_predictions_final/961p.csv
2026-04-03 14:23:27 | INFO  | phase_ext_benchmark |     Extracted: antibioticsai-main/library_predictions/mcule_predictions_final/962p.csv
2026-04-03 14:23:27 | INFO  | phase_ext_benchmark |     Extracted: antibioticsai-main/library_predictions/mcule_predictions_final/963p.csv
2026-04-03 14:23:27 | INFO  | phase_ext_benchmark |     Extracted: antibioticsai-main/library_predictions/mcule_predictions_final/964p.csv
2026-04-03 14:23:27 | INFO  | phase_ext_benchmark |     Extracted: antibioticsai-main/library_predictions/mcule_predictions_final/965p.csv
2026-04-03 14:23:27 | INFO  | phase_ext_benchmark |     Extracted: antibioticsai-main/library_predictions/mcule_predictions_final/966p.csv
2026-04-03 14:23:27 | INFO  | phase_ext_benchmark |     Extracted: antibioticsai-main/library_predictions/mcule_predictions_final/967p.csv
2026-04-03 14:23:27 | INFO  | phase_ext_benchmark |     Extracted: antibioticsai-main/library_predictions/mcule_predictions_final/968p.csv
2026-04-03 14:23:27 | INFO  | phase_ext_benchmark |     Extracted: antibioticsai-main/library_predictions/mcule_predictions_final/969p.csv
2026-04-03 14:23:27 | INFO  | phase_ext_benchmark |     Extracted: antibioticsai-main/library_predictions/mcule_predictions_final/96p.csv
2026-04-03 14:23:27 | INFO  | phase_ext_benchmark |     Extracted: antibioticsai-main/library_predictions/mcule_predictions_final/970p.csv
2026-04-03 14:23:27 | INFO  | phase_ext_benchmark |     Extracted: antibioticsai-main/library_predictions/mcule_predictions_final/971p.csv
2026-04-03 14:23:27 | INFO  | phase_ext_benchmark |     Extracted: antibioticsai-main/library_predictions/mcule_predictions_final/972p.csv
2026-04-03 14:23:27 | INFO  | phase_ext_benchmark |     Extracted: antibioticsai-main/library_predictions/mcule_predictions_final/973p.csv
2026-04-03 14:23:27 | INFO  | phase_ext_benchmark |     Extracted: antibioticsai-main/library_predictions/mcule_predictions_final/974p.csv
2026-04-03 14:23:27 | INFO  | phase_ext_benchmark |     Extracted: antibioticsai-main/library_predictions/mcule_predictions_final/975p.csv
2026-04-03 14:23:27 | INFO  | phase_ext_benchmark |     Extracted: antibioticsai-main/library_predictions/mcule_predictions_final/976p.csv
2026-04-03 14:23:27 | INFO  | phase_ext_benchmark |     Extracted: antibioticsai-main/library_predictions/mcule_predictions_final/977p.csv
2026-04-03 14:23:27 | INFO  | phase_ext_benchmark |     Extracted: antibioticsai-main/library_predictions/mcule_predictions_final/978p.csv
2026-04-03 14:23:27 | INFO  | phase_ext_benchmark |     Extracted: antibioticsai-main/library_predictions/mcule_predictions_final/979p.csv
2026-04-03 14:23:27 | INFO  | phase_ext_benchmark |     Extracted: antibioticsai-main/library_predictions/mcule_predictions_final/97p.csv
2026-04-03 14:23:27 | INFO  | phase_ext_benchmark |     Extracted: antibioticsai-main/library_predictions/mcule_predictions_final/980p.csv
2026-04-03 14:23:27 | INFO  | phase_ext_benchmark |     Extracted: antibioticsai-main/library_predictions/mcule_predictions_final/981p.csv
2026-04-03 14:23:27 | INFO  | phase_ext_benchmark |     Extracted: antibioticsai-main/library_predictions/mcule_predictions_final/982p.csv
2026-04-03 14:23:27 | INFO  | phase_ext_benchmark |     Extracted: antibioticsai-main/library_predictions/mcule_predictions_final/983p.csv
2026-04-03 14:23:27 | INFO  | phase_ext_benchmark |     Extracted: antibioticsai-main/library_predictions/mcule_predictions_final/984p.csv
2026-04-03 14:23:27 | INFO  | phase_ext_benchmark |     Extracted: antibioticsai-main/library_predictions/mcule_predictions_final/985p.csv
2026-04-03 14:23:27 | INFO  | phase_ext_benchmark |     Extracted: antibioticsai-main/library_predictions/mcule_predictions_final/986p.csv
2026-04-03 14:23:27 | INFO  | phase_ext_benchmark |     Extracted: antibioticsai-main/library_predictions/mcule_predictions_final/987p.csv
2026-04-03 14:23:27 | INFO  | phase_ext_benchmark |     Extracted: antibioticsai-main/library_predictions/mcule_predictions_final/988p.csv
2026-04-03 14:23:27 | INFO  | phase_ext_benchmark |     Extracted: antibioticsai-main/library_predictions/mcule_predictions_final/989p.csv
2026-04-03 14:23:27 | INFO  | phase_ext_benchmark |     Extracted: antibioticsai-main/library_predictions/mcule_predictions_final/98p.csv
2026-04-03 14:23:27 | INFO  | phase_ext_benchmark |     Extracted: antibioticsai-main/library_predictions/mcule_predictions_final/990p.csv
2026-04-03 14:23:27 | INFO  | phase_ext_benchmark |     Extracted: antibioticsai-main/library_predictions/mcule_predictions_final/991p.csv
2026-04-03 14:23:27 | INFO  | phase_ext_benchmark |     Extracted: antibioticsai-main/library_predictions/mcule_predictions_final/992p.csv
2026-04-03 14:23:27 | INFO  | phase_ext_benchmark |     Extracted: antibioticsai-main/library_predictions/mcule_predictions_final/993p.csv
2026-04-03 14:23:27 | INFO  | phase_ext_benchmark |     Extracted: antibioticsai-main/library_predictions/mcule_predictions_final/994p.csv
2026-04-03 14:23:27 | INFO  | phase_ext_benchmark |     Extracted: antibioticsai-main/library_predictions/mcule_predictions_final/995p.csv
2026-04-03 14:23:27 | INFO  | phase_ext_benchmark |     Extracted: antibioticsai-main/library_predictions/mcule_predictions_final/996p.csv
2026-04-03 14:23:27 | INFO  | phase_ext_benchmark |     Extracted: antibioticsai-main/library_predictions/mcule_predictions_final/997p.csv
2026-04-03 14:23:27 | INFO  | phase_ext_benchmark |     Extracted: antibioticsai-main/library_predictions/mcule_predictions_final/998p.csv
2026-04-03 14:23:27 | INFO  | phase_ext_benchmark |     Extracted: antibioticsai-main/library_predictions/mcule_predictions_final/999p.csv
2026-04-03 14:23:27 | INFO  | phase_ext_benchmark |     Extracted: antibioticsai-main/library_predictions/mcule_predictions_final/99p.csv
2026-04-03 14:23:27 | INFO  | phase_ext_benchmark |     Extracted: antibioticsai-main/library_predictions/mcule_predictions_final/9p.csv
2026-04-03 14:23:27 | INFO  | phase_ext_benchmark |     Extracted: antibioticsai-main/notebooks/hits.csv
2026-04-03 14:23:27 | INFO  | phase_ext_benchmark |     Extracted: antibioticsai-main/notebooks/rationales.csv
2026-04-03 14:23:27 | INFO  | phase_ext_benchmark |     Extracted: antibioticsai-main/working_example/hit.csv
2026-04-03 14:23:27 | INFO  | phase_ext_benchmark |     Extracted: antibioticsai-main/working_example/test.csv
2026-04-03 14:23:27 | INFO  | phase_ext_benchmark |     Extracted: antibioticsai-main/working_example/train.csv
2026-04-03 14:23:27 | INFO  | phase_ext_benchmark |   hits.csv: 3646 rows, cols=['SMILES', 'LIBRARY', 'ANTIBIOTIC_ACTIVITY']
2026-04-03 14:23:27 | INFO  | phase_ext_benchmark |   rationales.csv: 186 rows, cols=['Rationale']
2026-04-03 14:23:27 | INFO  | phase_ext_benchmark |   746p.csv: 10000 rows, cols=['SMILES', 'ACTIVITY']
2026-04-03 14:23:27 | INFO  | phase_ext_benchmark |   70p.csv: 10000 rows, cols=['SMILES', 'ACTIVITY']
2026-04-03 14:23:27 | INFO  | phase_ext_benchmark |   404p.csv: 10000 rows, cols=['SMILES', 'ACTIVITY']
2026-04-03 14:23:27 | INFO  | phase_ext_benchmark |   1103p.csv: 10000 rows, cols=['SMILES', 'ACTIVITY']
2026-04-03 14:23:27 | INFO  | phase_ext_benchmark |   356p.csv: 10000 rows, cols=['SMILES', 'ACTIVITY']
2026-04-03 14:23:27 | INFO  | phase_ext_benchmark |   538p.csv: 10000 rows, cols=['SMILES', 'ACTIVITY']
2026-04-03 14:23:27 | INFO  | phase_ext_benchmark |   394p.csv: 10000 rows, cols=['SMILES', 'ACTIVITY']
2026-04-03 14:23:27 | INFO  | phase_ext_benchmark |   212p.csv: 10000 rows, cols=['SMILES', 'ACTIVITY']
2026-04-03 14:23:27 | INFO  | phase_ext_benchmark |   500p.csv: 10000 rows, cols=['SMILES', 'ACTIVITY']
2026-04-03 14:23:27 | INFO  | phase_ext_benchmark |   292p.csv: 10000 rows, cols=['SMILES', 'ACTIVITY']
2026-04-03 14:23:27 | INFO  | phase_ext_benchmark |   405p.csv: 10000 rows, cols=['SMILES', 'ACTIVITY']
2026-04-03 14:23:27 | INFO  | phase_ext_benchmark |   486p.csv: 10000 rows, cols=['SMILES', 'ACTIVITY']
2026-04-03 14:23:27 | INFO  | phase_ext_benchmark |   525p.csv: 10000 rows, cols=['SMILES', 'ACTIVITY']
2026-04-03 14:23:27 | INFO  | phase_ext_benchmark |   368p.csv: 10000 rows, cols=['SMILES', 'ACTIVITY']
2026-04-03 14:23:27 | INFO  | phase_ext_benchmark |   412p.csv: 10000 rows, cols=['SMILES', 'ACTIVITY']
2026-04-03 14:23:27 | INFO  | phase_ext_benchmark |   715p.csv: 10000 rows, cols=['SMILES', 'ACTIVITY']
2026-04-03 14:23:27 | INFO  | phase_ext_benchmark |   611p.csv: 10000 rows, cols=['SMILES', 'ACTIVITY']
2026-04-03 14:23:27 | INFO  | phase_ext_benchmark |   403p.csv: 10000 rows, cols=['SMILES', 'ACTIVITY']
2026-04-03 14:23:27 | INFO  | phase_ext_benchmark |   935p.csv: 10000 rows, cols=['SMILES', 'ACTIVITY']
2026-04-03 14:23:27 | INFO  | phase_ext_benchmark |   222p.csv: 10000 rows, cols=['SMILES', 'ACTIVITY']
2026-04-03 14:23:27 | INFO  | phase_ext_benchmark |   280p.csv: 10000 rows, cols=['SMILES', 'ACTIVITY']
2026-04-03 14:23:27 | INFO  | phase_ext_benchmark |   981p.csv: 10000 rows, cols=['SMILES', 'ACTIVITY']
2026-04-03 14:23:27 | INFO  | phase_ext_benchmark |   235p.csv: 10000 rows, cols=['SMILES', 'ACTIVITY']
2026-04-03 14:23:27 | INFO  | phase_ext_benchmark |   591p.csv: 10000 rows, cols=['SMILES', 'ACTIVITY']
2026-04-03 14:23:27 | INFO  | phase_ext_benchmark |   102p.csv: 10000 rows, cols=['SMILES', 'ACTIVITY']
2026-04-03 14:23:27 | INFO  | phase_ext_benchmark |   613p.csv: 10000 rows, cols=['SMILES', 'ACTIVITY']
2026-04-03 14:23:27 | INFO  | phase_ext_benchmark |   648p.csv: 10000 rows, cols=['SMILES', 'ACTIVITY']
2026-04-03 14:23:27 | INFO  | phase_ext_benchmark |   914p.csv: 10000 rows, cols=['SMILES', 'ACTIVITY']
2026-04-03 14:23:27 | INFO  | phase_ext_benchmark |   904p.csv: 10000 rows, cols=['SMILES', 'ACTIVITY']
2026-04-03 14:23:27 | INFO  | phase_ext_benchmark |   374p.csv: 10000 rows, cols=['SMILES', 'ACTIVITY']
2026-04-03 14:23:27 | INFO  | phase_ext_benchmark |   223p.csv: 10000 rows, cols=['SMILES', 'ACTIVITY']
2026-04-03 14:23:27 | INFO  | phase_ext_benchmark |   759p.csv: 10000 rows, cols=['SMILES', 'ACTIVITY']
2026-04-03 14:23:28 | INFO  | phase_ext_benchmark |   600p.csv: 10000 rows, cols=['SMILES', 'ACTIVITY']
2026-04-03 14:23:28 | INFO  | phase_ext_benchmark |   1091p.csv: 10000 rows, cols=['SMILES', 'ACTIVITY']
2026-04-03 14:23:28 | INFO  | phase_ext_benchmark |   173p.csv: 10000 rows, cols=['SMILES', 'ACTIVITY']
2026-04-03 14:23:28 | INFO  | phase_ext_benchmark |   796p.csv: 10000 rows, cols=['SMILES', 'ACTIVITY']
2026-04-03 14:23:28 | INFO  | phase_ext_benchmark |   898p.csv: 10000 rows, cols=['SMILES', 'ACTIVITY']
2026-04-03 14:23:28 | INFO  | phase_ext_benchmark |   812p.csv: 10000 rows, cols=['SMILES', 'ACTIVITY']
2026-04-03 14:23:28 | INFO  | phase_ext_benchmark |   388p.csv: 10000 rows, cols=['SMILES', 'ACTIVITY']
2026-04-03 14:23:28 | INFO  | phase_ext_benchmark |   790p.csv: 10000 rows, cols=['SMILES', 'ACTIVITY']
2026-04-03 14:23:28 | INFO  | phase_ext_benchmark |   371p.csv: 10000 rows, cols=['SMILES', 'ACTIVITY']
2026-04-03 14:23:28 | INFO  | phase_ext_benchmark |   951p.csv: 10000 rows, cols=['SMILES', 'ACTIVITY']
2026-04-03 14:23:28 | INFO  | phase_ext_benchmark |   1024p.csv: 10000 rows, cols=['SMILES', 'ACTIVITY']
2026-04-03 14:23:28 | INFO  | phase_ext_benchmark |   788p.csv: 10000 rows, cols=['SMILES', 'ACTIVITY']
2026-04-03 14:23:28 | INFO  | phase_ext_benchmark |   169p.csv: 10000 rows, cols=['SMILES', 'ACTIVITY']
2026-04-03 14:23:28 | INFO  | phase_ext_benchmark |   1011p.csv: 10000 rows, cols=['SMILES', 'ACTIVITY']
2026-04-03 14:23:28 | INFO  | phase_ext_benchmark |   23p.csv: 10000 rows, cols=['SMILES', 'ACTIVITY']
2026-04-03 14:23:28 | INFO  | phase_ext_benchmark |   744p.csv: 10000 rows, cols=['SMILES', 'ACTIVITY']
2026-04-03 14:23:28 | INFO  | phase_ext_benchmark |   1039p.csv: 10000 rows, cols=['SMILES', 'ACTIVITY']
2026-04-03 14:23:28 | INFO  | phase_ext_benchmark |   896p.csv: 10000 rows, cols=['SMILES', 'ACTIVITY']
2026-04-03 14:23:28 | INFO  | phase_ext_benchmark |   568p.csv: 10000 rows, cols=['SMILES', 'ACTIVITY']
2026-04-03 14:23:28 | INFO  | phase_ext_benchmark |   457p.csv: 10000 rows, cols=['SMILES', 'ACTIVITY']
2026-04-03 14:23:28 | INFO  | phase_ext_benchmark |   814p.csv: 10000 rows, cols=['SMILES', 'ACTIVITY']
2026-04-03 14:23:28 | INFO  | phase_ext_benchmark |   548p.csv: 10000 rows, cols=['SMILES', 'ACTIVITY']
2026-04-03 14:23:28 | INFO  | phase_ext_benchmark |   141p.csv: 10000 rows, cols=['SMILES', 'ACTIVITY']
2026-04-03 14:23:28 | INFO  | phase_ext_benchmark |   254p.csv: 10000 rows, cols=['SMILES', 'ACTIVITY']
2026-04-03 14:23:28 | INFO  | phase_ext_benchmark |   903p.csv: 10000 rows, cols=['SMILES', 'ACTIVITY']
2026-04-03 14:23:28 | INFO  | phase_ext_benchmark |   430p.csv: 10000 rows, cols=['SMILES', 'ACTIVITY']
2026-04-03 14:23:28 | INFO  | phase_ext_benchmark |   823p.csv: 10000 rows, cols=['SMILES', 'ACTIVITY']
2026-04-03 14:23:28 | INFO  | phase_ext_benchmark |   536p.csv: 10000 rows, cols=['SMILES', 'ACTIVITY']
2026-04-03 14:23:28 | INFO  | phase_ext_benchmark |   1052p.csv: 10000 rows, cols=['SMILES', 'ACTIVITY']
2026-04-03 14:23:28 | INFO  | phase_ext_benchmark |   582p.csv: 10000 rows, cols=['SMILES', 'ACTIVITY']
2026-04-03 14:23:28 | INFO  | phase_ext_benchmark |   564p.csv: 10000 rows, cols=['SMILES', 'ACTIVITY']
2026-04-03 14:23:28 | INFO  | phase_ext_benchmark |   925p.csv: 10000 rows, cols=['SMILES', 'ACTIVITY']
2026-04-03 14:23:28 | INFO  | phase_ext_benchmark |   927p.csv: 10000 rows, cols=['SMILES', 'ACTIVITY']
2026-04-03 14:23:28 | INFO  | phase_ext_benchmark |   633p.csv: 10000 rows, cols=['SMILES', 'ACTIVITY']
2026-04-03 14:23:28 | INFO  | phase_ext_benchmark |   816p.csv: 10000 rows, cols=['SMILES', 'ACTIVITY']
2026-04-03 14:23:28 | INFO  | phase_ext_benchmark |   672p.csv: 10000 rows, cols=['SMILES', 'ACTIVITY']
2026-04-03 14:23:28 | INFO  | phase_ext_benchmark |   826p.csv: 10000 rows, cols=['SMILES', 'ACTIVITY']
2026-04-03 14:23:28 | INFO  | phase_ext_benchmark |   960p.csv: 10000 rows, cols=['SMILES', 'ACTIVITY']
2026-04-03 14:23:28 | INFO  | phase_ext_benchmark |   580p.csv: 10000 rows, cols=['SMILES', 'ACTIVITY']
2026-04-03 14:23:28 | INFO  | phase_ext_benchmark |   492p.csv: 10000 rows, cols=['SMILES', 'ACTIVITY']
2026-04-03 14:23:28 | INFO  | phase_ext_benchmark |   121p.csv: 10000 rows, cols=['SMILES', 'ACTIVITY']
2026-04-03 14:23:28 | INFO  | phase_ext_benchmark |   765p.csv: 10000 rows, cols=['SMILES', 'ACTIVITY']
2026-04-03 14:23:28 | INFO  | phase_ext_benchmark |   1060p.csv: 10000 rows, cols=['SMILES', 'ACTIVITY']
2026-04-03 14:23:28 | INFO  | phase_ext_benchmark |   730p.csv: 10000 rows, cols=['SMILES', 'ACTIVITY']
2026-04-03 14:23:28 | INFO  | phase_ext_benchmark |   1048p.csv: 10000 rows, cols=['SMILES', 'ACTIVITY']
2026-04-03 14:23:28 | INFO  | phase_ext_benchmark |   528p.csv: 10000 rows, cols=['SMILES', 'ACTIVITY']
2026-04-03 14:23:28 | INFO  | phase_ext_benchmark |   1109p.csv: 10000 rows, cols=['SMILES', 'ACTIVITY']
2026-04-03 14:23:28 | INFO  | phase_ext_benchmark |   238p.csv: 10000 rows, cols=['SMILES', 'ACTIVITY']
2026-04-03 14:23:28 | INFO  | phase_ext_benchmark |   874p.csv: 10000 rows, cols=['SMILES', 'ACTIVITY']
2026-04-03 14:23:28 | INFO  | phase_ext_benchmark |   737p.csv: 10000 rows, cols=['SMILES', 'ACTIVITY']
2026-04-03 14:23:28 | INFO  | phase_ext_benchmark |   47p.csv: 10000 rows, cols=['SMILES', 'ACTIVITY']
2026-04-03 14:23:28 | INFO  | phase_ext_benchmark |   474p.csv: 10000 rows, cols=['SMILES', 'ACTIVITY']
2026-04-03 14:23:28 | INFO  | phase_ext_benchmark |   432p.csv: 10000 rows, cols=['SMILES', 'ACTIVITY']
2026-04-03 14:23:28 | INFO  | phase_ext_benchmark |   306p.csv: 10000 rows, cols=['SMILES', 'ACTIVITY']
2026-04-03 14:23:28 | INFO  | phase_ext_benchmark |   628p.csv: 10000 rows, cols=['SMILES', 'ACTIVITY']
2026-04-03 14:23:28 | INFO  | phase_ext_benchmark |   214p.csv: 10000 rows, cols=['SMILES', 'ACTIVITY']
2026-04-03 14:23:28 | INFO  | phase_ext_benchmark |   1086p.csv: 10000 rows, cols=['SMILES', 'ACTIVITY']
2026-04-03 14:23:28 | INFO  | phase_ext_benchmark |   986p.csv: 10000 rows, cols=['SMILES', 'ACTIVITY']
2026-04-03 14:23:28 | INFO  | phase_ext_benchmark |   864p.csv: 10000 rows, cols=['SMILES', 'ACTIVITY']
2026-04-03 14:23:28 | INFO  | phase_ext_benchmark |   677p.csv: 10000 rows, cols=['SMILES', 'ACTIVITY']
2026-04-03 14:23:28 | INFO  | phase_ext_benchmark |   547p.csv: 10000 rows, cols=['SMILES', 'ACTIVITY']
2026-04-03 14:23:28 | INFO  | phase_ext_benchmark |   1064p.csv: 10000 rows, cols=['SMILES', 'ACTIVITY']
2026-04-03 14:23:28 | INFO  | phase_ext_benchmark |   700p.csv: 10000 rows, cols=['SMILES', 'ACTIVITY']
2026-04-03 14:23:28 | INFO  | phase_ext_benchmark |   193p.csv: 10000 rows, cols=['SMILES', 'ACTIVITY']
2026-04-03 14:23:28 | INFO  | phase_ext_benchmark |   265p.csv: 10000 rows, cols=['SMILES', 'ACTIVITY']
2026-04-03 14:23:28 | INFO  | phase_ext_benchmark |   697p.csv: 10000 rows, cols=['SMILES', 'ACTIVITY']
2026-04-03 14:23:28 | INFO  | phase_ext_benchmark |   766p.csv: 10000 rows, cols=['SMILES', 'ACTIVITY']
2026-04-03 14:23:28 | INFO  | phase_ext_benchmark |   877p.csv: 10000 rows, cols=['SMILES', 'ACTIVITY']
2026-04-03 14:23:28 | INFO  | phase_ext_benchmark |   117p.csv: 10000 rows, cols=['SMILES', 'ACTIVITY']
2026-04-03 14:23:28 | INFO  | phase_ext_benchmark |   871p.csv: 10000 rows, cols=['SMILES', 'ACTIVITY']
2026-04-03 14:23:28 | INFO  | phase_ext_benchmark |   1089p.csv: 10000 rows, cols=['SMILES', 'ACTIVITY']
2026-04-03 14:23:28 | INFO  | phase_ext_benchmark |   912p.csv: 10000 rows, cols=['SMILES', 'ACTIVITY']
2026-04-03 14:23:28 | INFO  | phase_ext_benchmark |   124p.csv: 10000 rows, cols=['SMILES', 'ACTIVITY']
2026-04-03 14:23:28 | INFO  | phase_ext_benchmark |   245p.csv: 10000 rows, cols=['SMILES', 'ACTIVITY']
2026-04-03 14:23:28 | INFO  | phase_ext_benchmark |   219p.csv: 10000 rows, cols=['SMILES', 'ACTIVITY']
2026-04-03 14:23:28 | INFO  | phase_ext_benchmark |   1118p.csv: 10000 rows, cols=['SMILES', 'ACTIVITY']
2026-04-03 14:23:28 | INFO  | phase_ext_benchmark |   127p.csv: 10000 rows, cols=['SMILES', 'ACTIVITY']
2026-04-03 14:23:28 | INFO  | phase_ext_benchmark |   227p.csv: 10000 rows, cols=['SMILES', 'ACTIVITY']
2026-04-03 14:23:28 | INFO  | phase_ext_benchmark |   452p.csv: 10000 rows, cols=['SMILES', 'ACTIVITY']
2026-04-03 14:23:28 | INFO  | phase_ext_benchmark |   4p.csv: 10000 rows, cols=['SMILES', 'ACTIVITY']
2026-04-03 14:23:28 | INFO  | phase_ext_benchmark |   439p.csv: 10000 rows, cols=['SMILES', 'ACTIVITY']
2026-04-03 14:23:28 | INFO  | phase_ext_benchmark |   1004p.csv: 10000 rows, cols=['SMILES', 'ACTIVITY']
2026-04-03 14:23:28 | INFO  | phase_ext_benchmark |   336p.csv: 10000 rows, cols=['SMILES', 'ACTIVITY']
2026-04-03 14:23:28 | INFO  | phase_ext_benchmark |   858p.csv: 10000 rows, cols=['SMILES', 'ACTIVITY']
2026-04-03 14:23:28 | INFO  | phase_ext_benchmark |   87p.csv: 10000 rows, cols=['SMILES', 'ACTIVITY']
2026-04-03 14:23:28 | INFO  | phase_ext_benchmark |   397p.csv: 10000 rows, cols=['SMILES', 'ACTIVITY']
2026-04-03 14:23:28 | INFO  | phase_ext_benchmark |   684p.csv: 10000 rows, cols=['SMILES', 'ACTIVITY']
2026-04-03 14:23:28 | INFO  | phase_ext_benchmark |   376p.csv: 10000 rows, cols=['SMILES', 'ACTIVITY']
2026-04-03 14:23:28 | INFO  | phase_ext_benchmark |   391p.csv: 10000 rows, cols=['SMILES', 'ACTIVITY']
2026-04-03 14:23:28 | INFO  | phase_ext_benchmark |   755p.csv: 10000 rows, cols=['SMILES', 'ACTIVITY']
2026-04-03 14:23:28 | INFO  | phase_ext_benchmark |   233p.csv: 10000 rows, cols=['SMILES', 'ACTIVITY']
2026-04-03 14:23:28 | INFO  | phase_ext_benchmark |   764p.csv: 10000 rows, cols=['SMILES', 'ACTIVITY']
2026-04-03 14:23:28 | INFO  | phase_ext_benchmark |   213p.csv: 10000 rows, cols=['SMILES', 'ACTIVITY']
2026-04-03 14:23:28 | INFO  | phase_ext_benchmark |   488p.csv: 10000 rows, cols=['SMILES', 'ACTIVITY']
2026-04-03 14:23:28 | INFO  | phase_ext_benchmark |   828p.csv: 10000 rows, cols=['SMILES', 'ACTIVITY']
2026-04-03 14:23:28 | INFO  | phase_ext_benchmark |   671p.csv: 10000 rows, cols=['SMILES', 'ACTIVITY']
2026-04-03 14:23:28 | INFO  | phase_ext_benchmark |   68p.csv: 10000 rows, cols=['SMILES', 'ACTIVITY']
2026-04-03 14:23:28 | INFO  | phase_ext_benchmark |   546p.csv: 10000 rows, cols=['SMILES', 'ACTIVITY']
2026-04-03 14:23:28 | INFO  | phase_ext_benchmark |   1057p.csv: 10000 rows, cols=['SMILES', 'ACTIVITY']
2026-04-03 14:23:28 | INFO  | phase_ext_benchmark |   431p.csv: 10000 rows, cols=['SMILES', 'ACTIVITY']
2026-04-03 14:23:28 | INFO  | phase_ext_benchmark |   285p.csv: 10000 rows, cols=['SMILES', 'ACTIVITY']
2026-04-03 14:23:28 | INFO  | phase_ext_benchmark |   615p.csv: 10000 rows, cols=['SMILES', 'ACTIVITY']
2026-04-03 14:23:28 | INFO  | phase_ext_benchmark |   171p.csv: 10000 rows, cols=['SMILES', 'ACTIVITY']
2026-04-03 14:23:28 | INFO  | phase_ext_benchmark |   685p.csv: 10000 rows, cols=['SMILES', 'ACTIVITY']
2026-04-03 14:23:28 | INFO  | phase_ext_benchmark |   1104p.csv: 10000 rows, cols=['SMILES', 'ACTIVITY']
2026-04-03 14:23:28 | INFO  | phase_ext_benchmark |   1040p.csv: 10000 rows, cols=['SMILES', 'ACTIVITY']
2026-04-03 14:23:28 | INFO  | phase_ext_benchmark |   639p.csv: 10000 rows, cols=['SMILES', 'ACTIVITY']
2026-04-03 14:23:28 | INFO  | phase_ext_benchmark |   353p.csv: 10000 rows, cols=['SMILES', 'ACTIVITY']
2026-04-03 14:23:28 | INFO  | phase_ext_benchmark |   398p.csv: 10000 rows, cols=['SMILES', 'ACTIVITY']
2026-04-03 14:23:29 | INFO  | phase_ext_benchmark |   158p.csv: 10000 rows, cols=['SMILES', 'ACTIVITY']
2026-04-03 14:23:29 | INFO  | phase_ext_benchmark |   361p.csv: 10000 rows, cols=['SMILES', 'ACTIVITY']
2026-04-03 14:23:29 | INFO  | phase_ext_benchmark |   566p.csv: 10000 rows, cols=['SMILES', 'ACTIVITY']
2026-04-03 14:23:29 | INFO  | phase_ext_benchmark |   937p.csv: 10000 rows, cols=['SMILES', 'ACTIVITY']
2026-04-03 14:23:29 | INFO  | phase_ext_benchmark |   659p.csv: 10000 rows, cols=['SMILES', 'ACTIVITY']
2026-04-03 14:23:29 | INFO  | phase_ext_benchmark |   1043p.csv: 10000 rows, cols=['SMILES', 'ACTIVITY']
2026-04-03 14:23:29 | INFO  | phase_ext_benchmark |   511p.csv: 10000 rows, cols=['SMILES', 'ACTIVITY']
2026-04-03 14:23:29 | INFO  | phase_ext_benchmark |   347p.csv: 10000 rows, cols=['SMILES', 'ACTIVITY']
2026-04-03 14:23:29 | INFO  | phase_ext_benchmark |   817p.csv: 10000 rows, cols=['SMILES', 'ACTIVITY']
2026-04-03 14:23:29 | INFO  | phase_ext_benchmark |   906p.csv: 10000 rows, cols=['SMILES', 'ACTIVITY']
2026-04-03 14:23:29 | INFO  | phase_ext_benchmark |   507p.csv: 10000 rows, cols=['SMILES', 'ACTIVITY']
2026-04-03 14:23:29 | INFO  | phase_ext_benchmark |   384p.csv: 10000 rows, cols=['SMILES', 'ACTIVITY']
2026-04-03 14:23:29 | INFO  | phase_ext_benchmark |   273p.csv: 10000 rows, cols=['SMILES', 'ACTIVITY']
2026-04-03 14:23:29 | INFO  | phase_ext_benchmark |   484p.csv: 10000 rows, cols=['SMILES', 'ACTIVITY']
2026-04-03 14:23:29 | INFO  | phase_ext_benchmark |   269p.csv: 10000 rows, cols=['SMILES', 'ACTIVITY']
2026-04-03 14:23:29 | INFO  | phase_ext_benchmark |   900p.csv: 10000 rows, cols=['SMILES', 'ACTIVITY']
2026-04-03 14:23:29 | INFO  | phase_ext_benchmark |   73p.csv: 10000 rows, cols=['SMILES', 'ACTIVITY']
2026-04-03 14:23:29 | INFO  | phase_ext_benchmark |   105p.csv: 10000 rows, cols=['SMILES', 'ACTIVITY']
2026-04-03 14:23:29 | INFO  | phase_ext_benchmark |   660p.csv: 10000 rows, cols=['SMILES', 'ACTIVITY']
2026-04-03 14:23:29 | INFO  | phase_ext_benchmark |   475p.csv: 10000 rows, cols=['SMILES', 'ACTIVITY']
2026-04-03 14:23:29 | INFO  | phase_ext_benchmark |   859p.csv: 10000 rows, cols=['SMILES', 'ACTIVITY']
2026-04-03 14:23:29 | INFO  | phase_ext_benchmark |   263p.csv: 10000 rows, cols=['SMILES', 'ACTIVITY']
2026-04-03 14:23:29 | INFO  | phase_ext_benchmark |   1062p.csv: 10000 rows, cols=['SMILES', 'ACTIVITY']
2026-04-03 14:23:29 | INFO  | phase_ext_benchmark |   811p.csv: 10000 rows, cols=['SMILES', 'ACTIVITY']
2026-04-03 14:23:29 | INFO  | phase_ext_benchmark |   1044p.csv: 10000 rows, cols=['SMILES', 'ACTIVITY']
2026-04-03 14:23:29 | INFO  | phase_ext_benchmark |   1008p.csv: 10000 rows, cols=['SMILES', 'ACTIVITY']
2026-04-03 14:23:29 | INFO  | phase_ext_benchmark |   714p.csv: 10000 rows, cols=['SMILES', 'ACTIVITY']
2026-04-03 14:23:29 | INFO  | phase_ext_benchmark |   463p.csv: 10000 rows, cols=['SMILES', 'ACTIVITY']
2026-04-03 14:23:29 | INFO  | phase_ext_benchmark |   717p.csv: 10000 rows, cols=['SMILES', 'ACTIVITY']
2026-04-03 14:23:29 | INFO  | phase_ext_benchmark |   179p.csv: 10000 rows, cols=['SMILES', 'ACTIVITY']
2026-04-03 14:23:29 | INFO  | phase_ext_benchmark |   340p.csv: 10000 rows, cols=['SMILES', 'ACTIVITY']
2026-04-03 14:23:29 | INFO  | phase_ext_benchmark |   646p.csv: 10000 rows, cols=['SMILES', 'ACTIVITY']
2026-04-03 14:23:29 | INFO  | phase_ext_benchmark |   676p.csv: 10000 rows, cols=['SMILES', 'ACTIVITY']
2026-04-03 14:23:29 | INFO  | phase_ext_benchmark |   176p.csv: 10000 rows, cols=['SMILES', 'ACTIVITY']
2026-04-03 14:23:29 | INFO  | phase_ext_benchmark |   83p.csv: 10000 rows, cols=['SMILES', 'ACTIVITY']
2026-04-03 14:23:29 | INFO  | phase_ext_benchmark |   333p.csv: 10000 rows, cols=['SMILES', 'ACTIVITY']
2026-04-03 14:23:29 | INFO  | phase_ext_benchmark |   1035p.csv: 10000 rows, cols=['SMILES', 'ACTIVITY']
2026-04-03 14:23:29 | INFO  | phase_ext_benchmark |   59p.csv: 10000 rows, cols=['SMILES', 'ACTIVITY']
2026-04-03 14:23:29 | INFO  | phase_ext_benchmark |   629p.csv: 10000 rows, cols=['SMILES', 'ACTIVITY']
2026-04-03 14:23:29 | INFO  | phase_ext_benchmark |   636p.csv: 10000 rows, cols=['SMILES', 'ACTIVITY']
2026-04-03 14:23:29 | INFO  | phase_ext_benchmark |   407p.csv: 10000 rows, cols=['SMILES', 'ACTIVITY']
2026-04-03 14:23:29 | INFO  | phase_ext_benchmark |   237p.csv: 10000 rows, cols=['SMILES', 'ACTIVITY']
2026-04-03 14:23:29 | INFO  | phase_ext_benchmark |   882p.csv: 10000 rows, cols=['SMILES', 'ACTIVITY']
2026-04-03 14:23:29 | INFO  | phase_ext_benchmark |   784p.csv: 10000 rows, cols=['SMILES', 'ACTIVITY']
2026-04-03 14:23:29 | INFO  | phase_ext_benchmark |   95p.csv: 10000 rows, cols=['SMILES', 'ACTIVITY']
2026-04-03 14:23:29 | INFO  | phase_ext_benchmark |   34p.csv: 10000 rows, cols=['SMILES', 'ACTIVITY']
2026-04-03 14:23:29 | INFO  | phase_ext_benchmark |   508p.csv: 10000 rows, cols=['SMILES', 'ACTIVITY']
2026-04-03 14:23:29 | INFO  | phase_ext_benchmark |   884p.csv: 10000 rows, cols=['SMILES', 'ACTIVITY']
2026-04-03 14:23:29 | INFO  | phase_ext_benchmark |   977p.csv: 10000 rows, cols=['SMILES', 'ACTIVITY']
2026-04-03 14:23:29 | INFO  | phase_ext_benchmark |   164p.csv: 10000 rows, cols=['SMILES', 'ACTIVITY']
2026-04-03 14:23:29 | INFO  | phase_ext_benchmark |   762p.csv: 10000 rows, cols=['SMILES', 'ACTIVITY']
2026-04-03 14:23:29 | INFO  | phase_ext_benchmark |   321p.csv: 10000 rows, cols=['SMILES', 'ACTIVITY']
2026-04-03 14:23:29 | INFO  | phase_ext_benchmark |   1108p.csv: 10000 rows, cols=['SMILES', 'ACTIVITY']
2026-04-03 14:23:29 | INFO  | phase_ext_benchmark |   33p.csv: 10000 rows, cols=['SMILES', 'ACTIVITY']
2026-04-03 14:23:29 | INFO  | phase_ext_benchmark |   267p.csv: 10000 rows, cols=['SMILES', 'ACTIVITY']
2026-04-03 14:23:29 | INFO  | phase_ext_benchmark |   583p.csv: 10000 rows, cols=['SMILES', 'ACTIVITY']
2026-04-03 14:23:29 | INFO  | phase_ext_benchmark |   320p.csv: 10000 rows, cols=['SMILES', 'ACTIVITY']
2026-04-03 14:23:29 | INFO  | phase_ext_benchmark |   1023p.csv: 10000 rows, cols=['SMILES', 'ACTIVITY']
2026-04-03 14:23:29 | INFO  | phase_ext_benchmark |   901p.csv: 10000 rows, cols=['SMILES', 'ACTIVITY']
2026-04-03 14:23:29 | INFO  | phase_ext_benchmark |   1021p.csv: 10000 rows, cols=['SMILES', 'ACTIVITY']
2026-04-03 14:23:29 | INFO  | phase_ext_benchmark |   978p.csv: 10000 rows, cols=['SMILES', 'ACTIVITY']
2026-04-03 14:23:29 | INFO  | phase_ext_benchmark |   846p.csv: 10000 rows, cols=['SMILES', 'ACTIVITY']
2026-04-03 14:23:29 | INFO  | phase_ext_benchmark |   188p.csv: 10000 rows, cols=['SMILES', 'ACTIVITY']
2026-04-03 14:23:29 | INFO  | phase_ext_benchmark |   395p.csv: 10000 rows, cols=['SMILES', 'ACTIVITY']
2026-04-03 14:23:29 | INFO  | phase_ext_benchmark |   588p.csv: 10000 rows, cols=['SMILES', 'ACTIVITY']
2026-04-03 14:23:29 | INFO  | phase_ext_benchmark |   1095p.csv: 10000 rows, cols=['SMILES', 'ACTIVITY']
2026-04-03 14:23:29 | INFO  | phase_ext_benchmark |   151p.csv: 10000 rows, cols=['SMILES', 'ACTIVITY']
2026-04-03 14:23:29 | INFO  | phase_ext_benchmark |   351p.csv: 10000 rows, cols=['SMILES', 'ACTIVITY']
2026-04-03 14:23:29 | INFO  | phase_ext_benchmark |   194p.csv: 10000 rows, cols=['SMILES', 'ACTIVITY']
2026-04-03 14:23:29 | INFO  | phase_ext_benchmark |   313p.csv: 10000 rows, cols=['SMILES', 'ACTIVITY']
2026-04-03 14:23:29 | INFO  | phase_ext_benchmark |   462p.csv: 10000 rows, cols=['SMILES', 'ACTIVITY']
2026-04-03 14:23:29 | INFO  | phase_ext_benchmark |   933p.csv: 10000 rows, cols=['SMILES', 'ACTIVITY']
2026-04-03 14:23:29 | INFO  | phase_ext_benchmark |   773p.csv: 10000 rows, cols=['SMILES', 'ACTIVITY']
2026-04-03 14:23:29 | INFO  | phase_ext_benchmark |   272p.csv: 10000 rows, cols=['SMILES', 'ACTIVITY']
2026-04-03 14:23:29 | INFO  | phase_ext_benchmark |   649p.csv: 10000 rows, cols=['SMILES', 'ACTIVITY']
2026-04-03 14:23:29 | INFO  | phase_ext_benchmark |   739p.csv: 10000 rows, cols=['SMILES', 'ACTIVITY']
2026-04-03 14:23:29 | INFO  | phase_ext_benchmark |   110p.csv: 10000 rows, cols=['SMILES', 'ACTIVITY']
2026-04-03 14:23:29 | INFO  | phase_ext_benchmark |   658p.csv: 10000 rows, cols=['SMILES', 'ACTIVITY']
2026-04-03 14:23:29 | INFO  | phase_ext_benchmark |   22p.csv: 10000 rows, cols=['SMILES', 'ACTIVITY']
2026-04-03 14:23:29 | INFO  | phase_ext_benchmark |   177p.csv: 10000 rows, cols=['SMILES', 'ACTIVITY']
2026-04-03 14:23:29 | INFO  | phase_ext_benchmark |   455p.csv: 10000 rows, cols=['SMILES', 'ACTIVITY']
2026-04-03 14:23:29 | INFO  | phase_ext_benchmark |   1059p.csv: 10000 rows, cols=['SMILES', 'ACTIVITY']
2026-04-03 14:23:29 | INFO  | phase_ext_benchmark |   713p.csv: 10000 rows, cols=['SMILES', 'ACTIVITY']
2026-04-03 14:23:29 | INFO  | phase_ext_benchmark |   521p.csv: 10000 rows, cols=['SMILES', 'ACTIVITY']
2026-04-03 14:23:29 | INFO  | phase_ext_benchmark |   807p.csv: 10000 rows, cols=['SMILES', 'ACTIVITY']
2026-04-03 14:23:29 | INFO  | phase_ext_benchmark |   416p.csv: 10000 rows, cols=['SMILES', 'ACTIVITY']
2026-04-03 14:23:29 | INFO  | phase_ext_benchmark |   512p.csv: 10000 rows, cols=['SMILES', 'ACTIVITY']
2026-04-03 14:23:29 | INFO  | phase_ext_benchmark |   185p.csv: 10000 rows, cols=['SMILES', 'ACTIVITY']
2026-04-03 14:23:29 | INFO  | phase_ext_benchmark |   883p.csv: 10000 rows, cols=['SMILES', 'ACTIVITY']
2026-04-03 14:23:29 | INFO  | phase_ext_benchmark |   471p.csv: 10000 rows, cols=['SMILES', 'ACTIVITY']
2026-04-03 14:23:29 | INFO  | phase_ext_benchmark |   1022p.csv: 10000 rows, cols=['SMILES', 'ACTIVITY']
2026-04-03 14:23:29 | INFO  | phase_ext_benchmark |   487p.csv: 10000 rows, cols=['SMILES', 'ACTIVITY']
2026-04-03 14:23:29 | INFO  | phase_ext_benchmark |   675p.csv: 10000 rows, cols=['SMILES', 'ACTIVITY']
2026-04-03 14:23:29 | INFO  | phase_ext_benchmark |   1006p.csv: 10000 rows, cols=['SMILES', 'ACTIVITY']
2026-04-03 14:23:29 | INFO  | phase_ext_benchmark |   52p.csv: 10000 rows, cols=['SMILES', 'ACTIVITY']
2026-04-03 14:23:29 | INFO  | phase_ext_benchmark |   689p.csv: 10000 rows, cols=['SMILES', 'ACTIVITY']
2026-04-03 14:23:29 | INFO  | phase_ext_benchmark |   472p.csv: 10000 rows, cols=['SMILES', 'ACTIVITY']
2026-04-03 14:23:29 | INFO  | phase_ext_benchmark |   929p.csv: 10000 rows, cols=['SMILES', 'ACTIVITY']
2026-04-03 14:23:29 | INFO  | phase_ext_benchmark |   445p.csv: 10000 rows, cols=['SMILES', 'ACTIVITY']
2026-04-03 14:23:29 | INFO  | phase_ext_benchmark |   944p.csv: 10000 rows, cols=['SMILES', 'ACTIVITY']
2026-04-03 14:23:29 | INFO  | phase_ext_benchmark |   780p.csv: 10000 rows, cols=['SMILES', 'ACTIVITY']
2026-04-03 14:23:29 | INFO  | phase_ext_benchmark |   1019p.csv: 10000 rows, cols=['SMILES', 'ACTIVITY']
2026-04-03 14:23:29 | INFO  | phase_ext_benchmark |   707p.csv: 10000 rows, cols=['SMILES', 'ACTIVITY']
2026-04-03 14:23:29 | INFO  | phase_ext_benchmark |   485p.csv: 10000 rows, cols=['SMILES', 'ACTIVITY']
2026-04-03 14:23:29 | INFO  | phase_ext_benchmark |   278p.csv: 10000 rows, cols=['SMILES', 'ACTIVITY']
2026-04-03 14:23:29 | INFO  | phase_ext_benchmark |   501p.csv: 10000 rows, cols=['SMILES', 'ACTIVITY']
2026-04-03 14:23:29 | INFO  | phase_ext_benchmark |   1090p.csv: 10000 rows, cols=['SMILES', 'ACTIVITY']
2026-04-03 14:23:29 | INFO  | phase_ext_benchmark |   1068p.csv: 10000 rows, cols=['SMILES', 'ACTIVITY']
2026-04-03 14:23:29 | INFO  | phase_ext_benchmark |   342p.csv: 10000 rows, cols=['SMILES', 'ACTIVITY']
2026-04-03 14:23:29 | INFO  | phase_ext_benchmark |   852p.csv: 10000 rows, cols=['SMILES', 'ACTIVITY']
2026-04-03 14:23:30 | INFO  | phase_ext_benchmark |   287p.csv: 10000 rows, cols=['SMILES', 'ACTIVITY']
2026-04-03 14:23:30 | INFO  | phase_ext_benchmark |   317p.csv: 10000 rows, cols=['SMILES', 'ACTIVITY']
2026-04-03 14:23:30 | INFO  | phase_ext_benchmark |   515p.csv: 10000 rows, cols=['SMILES', 'ACTIVITY']
2026-04-03 14:23:30 | INFO  | phase_ext_benchmark |   277p.csv: 10000 rows, cols=['SMILES', 'ACTIVITY']
2026-04-03 14:23:30 | INFO  | phase_ext_benchmark |   897p.csv: 10000 rows, cols=['SMILES', 'ACTIVITY']
2026-04-03 14:23:30 | INFO  | phase_ext_benchmark |   695p.csv: 10000 rows, cols=['SMILES', 'ACTIVITY']
2026-04-03 14:23:30 | INFO  | phase_ext_benchmark |   423p.csv: 10000 rows, cols=['SMILES', 'ACTIVITY']
2026-04-03 14:23:30 | INFO  | phase_ext_benchmark |   625p.csv: 10000 rows, cols=['SMILES', 'ACTIVITY']
2026-04-03 14:23:30 | INFO  | phase_ext_benchmark |   950p.csv: 10000 rows, cols=['SMILES', 'ACTIVITY']
2026-04-03 14:23:30 | INFO  | phase_ext_benchmark |   769p.csv: 10000 rows, cols=['SMILES', 'ACTIVITY']
2026-04-03 14:23:30 | INFO  | phase_ext_benchmark |   860p.csv: 10000 rows, cols=['SMILES', 'ACTIVITY']
2026-04-03 14:23:30 | INFO  | phase_ext_benchmark |   16p.csv: 10000 rows, cols=['SMILES', 'ACTIVITY']
2026-04-03 14:23:30 | INFO  | phase_ext_benchmark |   905p.csv: 10000 rows, cols=['SMILES', 'ACTIVITY']
2026-04-03 14:23:30 | INFO  | phase_ext_benchmark |   595p.csv: 10000 rows, cols=['SMILES', 'ACTIVITY']
2026-04-03 14:23:30 | INFO  | phase_ext_benchmark |   783p.csv: 10000 rows, cols=['SMILES', 'ACTIVITY']
2026-04-03 14:23:30 | INFO  | phase_ext_benchmark |   1005p.csv: 10000 rows, cols=['SMILES', 'ACTIVITY']
2026-04-03 14:23:30 | INFO  | phase_ext_benchmark |   467p.csv: 10000 rows, cols=['SMILES', 'ACTIVITY']
2026-04-03 14:23:30 | INFO  | phase_ext_benchmark |   632p.csv: 10000 rows, cols=['SMILES', 'ACTIVITY']
2026-04-03 14:23:30 | INFO  | phase_ext_benchmark |   211p.csv: 10000 rows, cols=['SMILES', 'ACTIVITY']
2026-04-03 14:23:30 | INFO  | phase_ext_benchmark |   606p.csv: 10000 rows, cols=['SMILES', 'ACTIVITY']
2026-04-03 14:23:30 | INFO  | phase_ext_benchmark |   533p.csv: 10000 rows, cols=['SMILES', 'ACTIVITY']
2026-04-03 14:23:30 | INFO  | phase_ext_benchmark |   735p.csv: 10000 rows, cols=['SMILES', 'ACTIVITY']
2026-04-03 14:23:30 | INFO  | phase_ext_benchmark |   674p.csv: 10000 rows, cols=['SMILES', 'ACTIVITY']
2026-04-03 14:23:30 | INFO  | phase_ext_benchmark |   13p.csv: 10000 rows, cols=['SMILES', 'ACTIVITY']
2026-04-03 14:23:30 | INFO  | phase_ext_benchmark |   1126p.csv: 10000 rows, cols=['SMILES', 'ACTIVITY']
2026-04-03 14:23:30 | INFO  | phase_ext_benchmark |   85p.csv: 10000 rows, cols=['SMILES', 'ACTIVITY']
2026-04-03 14:23:30 | INFO  | phase_ext_benchmark |   957p.csv: 10000 rows, cols=['SMILES', 'ACTIVITY']
2026-04-03 14:23:30 | INFO  | phase_ext_benchmark |   748p.csv: 10000 rows, cols=['SMILES', 'ACTIVITY']
2026-04-03 14:23:30 | INFO  | phase_ext_benchmark |   113p.csv: 10000 rows, cols=['SMILES', 'ACTIVITY']
2026-04-03 14:23:30 | INFO  | phase_ext_benchmark |   832p.csv: 10000 rows, cols=['SMILES', 'ACTIVITY']
2026-04-03 14:23:30 | INFO  | phase_ext_benchmark |   123p.csv: 10000 rows, cols=['SMILES', 'ACTIVITY']
2026-04-03 14:23:30 | INFO  | phase_ext_benchmark |   1002p.csv: 10000 rows, cols=['SMILES', 'ACTIVITY']
2026-04-03 14:23:30 | INFO  | phase_ext_benchmark |   135p.csv: 10000 rows, cols=['SMILES', 'ACTIVITY']
2026-04-03 14:23:30 | INFO  | phase_ext_benchmark |   327p.csv: 10000 rows, cols=['SMILES', 'ACTIVITY']
2026-04-03 14:23:30 | INFO  | phase_ext_benchmark |   550p.csv: 10000 rows, cols=['SMILES', 'ACTIVITY']
2026-04-03 14:23:30 | INFO  | phase_ext_benchmark |   46p.csv: 10000 rows, cols=['SMILES', 'ACTIVITY']
2026-04-03 14:23:30 | INFO  | phase_ext_benchmark |   1047p.csv: 10000 rows, cols=['SMILES', 'ACTIVITY']
2026-04-03 14:23:30 | INFO  | phase_ext_benchmark |   614p.csv: 10000 rows, cols=['SMILES', 'ACTIVITY']
2026-04-03 14:23:30 | INFO  | phase_ext_benchmark |   444p.csv: 10000 rows, cols=['SMILES', 'ACTIVITY']
2026-04-03 14:23:30 | INFO  | phase_ext_benchmark |   1072p.csv: 10000 rows, cols=['SMILES', 'ACTIVITY']
2026-04-03 14:23:30 | INFO  | phase_ext_benchmark |   740p.csv: 10000 rows, cols=['SMILES', 'ACTIVITY']
2026-04-03 14:23:30 | INFO  | phase_ext_benchmark |   129p.csv: 10000 rows, cols=['SMILES', 'ACTIVITY']
2026-04-03 14:23:30 | INFO  | phase_ext_benchmark |   1122p.csv: 10000 rows, cols=['SMILES', 'ACTIVITY']
2026-04-03 14:23:30 | INFO  | phase_ext_benchmark |   513p.csv: 10000 rows, cols=['SMILES', 'ACTIVITY']
2026-04-03 14:23:30 | INFO  | phase_ext_benchmark |   837p.csv: 10000 rows, cols=['SMILES', 'ACTIVITY']
2026-04-03 14:23:30 | INFO  | phase_ext_benchmark |   734p.csv: 10000 rows, cols=['SMILES', 'ACTIVITY']
2026-04-03 14:23:30 | INFO  | phase_ext_benchmark |   829p.csv: 10000 rows, cols=['SMILES', 'ACTIVITY']
2026-04-03 14:23:30 | INFO  | phase_ext_benchmark |   599p.csv: 10000 rows, cols=['SMILES', 'ACTIVITY']
2026-04-03 14:23:30 | INFO  | phase_ext_benchmark |   206p.csv: 10000 rows, cols=['SMILES', 'ACTIVITY']
2026-04-03 14:23:30 | INFO  | phase_ext_benchmark |   948p.csv: 10000 rows, cols=['SMILES', 'ACTIVITY']
2026-04-03 14:23:30 | INFO  | phase_ext_benchmark |   631p.csv: 10000 rows, cols=['SMILES', 'ACTIVITY']
2026-04-03 14:23:30 | INFO  | phase_ext_benchmark |   44p.csv: 10000 rows, cols=['SMILES', 'ACTIVITY']
2026-04-03 14:23:30 | INFO  | phase_ext_benchmark |   1073p.csv: 10000 rows, cols=['SMILES', 'ACTIVITY']
2026-04-03 14:23:30 | INFO  | phase_ext_benchmark |   743p.csv: 10000 rows, cols=['SMILES', 'ACTIVITY']
2026-04-03 14:23:30 | INFO  | phase_ext_benchmark |   738p.csv: 10000 rows, cols=['SMILES', 'ACTIVITY']
2026-04-03 14:23:30 | INFO  | phase_ext_benchmark |   827p.csv: 10000 rows, cols=['SMILES', 'ACTIVITY']
2026-04-03 14:23:30 | INFO  | phase_ext_benchmark |   15p.csv: 10000 rows, cols=['SMILES', 'ACTIVITY']
2026-04-03 14:23:30 | INFO  | phase_ext_benchmark |   271p.csv: 10000 rows, cols=['SMILES', 'ACTIVITY']
2026-04-03 14:23:30 | INFO  | phase_ext_benchmark |   51p.csv: 10000 rows, cols=['SMILES', 'ACTIVITY']
2026-04-03 14:23:30 | INFO  | phase_ext_benchmark |   36p.csv: 10000 rows, cols=['SMILES', 'ACTIVITY']
2026-04-03 14:23:30 | INFO  | phase_ext_benchmark |   873p.csv: 10000 rows, cols=['SMILES', 'ACTIVITY']
2026-04-03 14:23:30 | INFO  | phase_ext_benchmark |   268p.csv: 10000 rows, cols=['SMILES', 'ACTIVITY']
2026-04-03 14:23:30 | INFO  | phase_ext_benchmark |   1076p.csv: 10000 rows, cols=['SMILES', 'ACTIVITY']
2026-04-03 14:23:30 | INFO  | phase_ext_benchmark |   777p.csv: 10000 rows, cols=['SMILES', 'ACTIVITY']
2026-04-03 14:23:30 | INFO  | phase_ext_benchmark |   296p.csv: 10000 rows, cols=['SMILES', 'ACTIVITY']
2026-04-03 14:23:30 | INFO  | phase_ext_benchmark |   622p.csv: 10000 rows, cols=['SMILES', 'ACTIVITY']
2026-04-03 14:23:30 | INFO  | phase_ext_benchmark |   411p.csv: 10000 rows, cols=['SMILES', 'ACTIVITY']
2026-04-03 14:23:30 | INFO  | phase_ext_benchmark |   562p.csv: 10000 rows, cols=['SMILES', 'ACTIVITY']
2026-04-03 14:23:30 | INFO  | phase_ext_benchmark |   150p.csv: 10000 rows, cols=['SMILES', 'ACTIVITY']
2026-04-03 14:23:30 | INFO  | phase_ext_benchmark |   186p.csv: 10000 rows, cols=['SMILES', 'ACTIVITY']
2026-04-03 14:23:30 | INFO  | phase_ext_benchmark |   637p.csv: 10000 rows, cols=['SMILES', 'ACTIVITY']
2026-04-03 14:23:30 | INFO  | phase_ext_benchmark |   449p.csv: 10000 rows, cols=['SMILES', 'ACTIVITY']
2026-04-03 14:23:30 | INFO  | phase_ext_benchmark |   572p.csv: 10000 rows, cols=['SMILES', 'ACTIVITY']
2026-04-03 14:23:30 | INFO  | phase_ext_benchmark |   742p.csv: 10000 rows, cols=['SMILES', 'ACTIVITY']
2026-04-03 14:23:30 | INFO  | phase_ext_benchmark |   745p.csv: 10000 rows, cols=['SMILES', 'ACTIVITY']
2026-04-03 14:23:30 | INFO  | phase_ext_benchmark |   82p.csv: 10000 rows, cols=['SMILES', 'ACTIVITY']
2026-04-03 14:23:30 | INFO  | phase_ext_benchmark |   156p.csv: 10000 rows, cols=['SMILES', 'ACTIVITY']
2026-04-03 14:23:30 | INFO  | phase_ext_benchmark |   97p.csv: 10000 rows, cols=['SMILES', 'ACTIVITY']
2026-04-03 14:23:30 | INFO  | phase_ext_benchmark |   10p.csv: 10000 rows, cols=['SMILES', 'ACTIVITY']
2026-04-03 14:23:30 | INFO  | phase_ext_benchmark |   902p.csv: 10000 rows, cols=['SMILES', 'ACTIVITY']
2026-04-03 14:23:30 | INFO  | phase_ext_benchmark |   315p.csv: 10000 rows, cols=['SMILES', 'ACTIVITY']
2026-04-03 14:23:30 | INFO  | phase_ext_benchmark |   136p.csv: 10000 rows, cols=['SMILES', 'ACTIVITY']
2026-04-03 14:23:30 | INFO  | phase_ext_benchmark |   236p.csv: 10000 rows, cols=['SMILES', 'ACTIVITY']
2026-04-03 14:23:30 | INFO  | phase_ext_benchmark |   756p.csv: 10000 rows, cols=['SMILES', 'ACTIVITY']
2026-04-03 14:23:30 | INFO  | phase_ext_benchmark |   215p.csv: 10000 rows, cols=['SMILES', 'ACTIVITY']
2026-04-03 14:23:30 | INFO  | phase_ext_benchmark |   824p.csv: 10000 rows, cols=['SMILES', 'ACTIVITY']
2026-04-03 14:23:30 | INFO  | phase_ext_benchmark |   1013p.csv: 10000 rows, cols=['SMILES', 'ACTIVITY']
2026-04-03 14:23:30 | INFO  | phase_ext_benchmark |   619p.csv: 10000 rows, cols=['SMILES', 'ACTIVITY']
2026-04-03 14:23:30 | INFO  | phase_ext_benchmark |   115p.csv: 10000 rows, cols=['SMILES', 'ACTIVITY']
2026-04-03 14:23:30 | INFO  | phase_ext_benchmark |   965p.csv: 10000 rows, cols=['SMILES', 'ACTIVITY']
2026-04-03 14:23:30 | INFO  | phase_ext_benchmark |   1025p.csv: 10000 rows, cols=['SMILES', 'ACTIVITY']
2026-04-03 14:23:30 | INFO  | phase_ext_benchmark |   107p.csv: 10000 rows, cols=['SMILES', 'ACTIVITY']
2026-04-03 14:23:30 | INFO  | phase_ext_benchmark |   1077p.csv: 10000 rows, cols=['SMILES', 'ACTIVITY']
2026-04-03 14:23:30 | INFO  | phase_ext_benchmark |   390p.csv: 10000 rows, cols=['SMILES', 'ACTIVITY']
2026-04-03 14:23:30 | INFO  | phase_ext_benchmark |   693p.csv: 10000 rows, cols=['SMILES', 'ACTIVITY']
2026-04-03 14:23:30 | INFO  | phase_ext_benchmark |   480p.csv: 10000 rows, cols=['SMILES', 'ACTIVITY']
2026-04-03 14:23:30 | INFO  | phase_ext_benchmark |   1071p.csv: 10000 rows, cols=['SMILES', 'ACTIVITY']
2026-04-03 14:23:30 | INFO  | phase_ext_benchmark |   502p.csv: 10000 rows, cols=['SMILES', 'ACTIVITY']
2026-04-03 14:23:30 | INFO  | phase_ext_benchmark |   442p.csv: 10000 rows, cols=['SMILES', 'ACTIVITY']
2026-04-03 14:23:30 | INFO  | phase_ext_benchmark |   820p.csv: 10000 rows, cols=['SMILES', 'ACTIVITY']
2026-04-03 14:23:30 | INFO  | phase_ext_benchmark |   825p.csv: 10000 rows, cols=['SMILES', 'ACTIVITY']
2026-04-03 14:23:30 | INFO  | phase_ext_benchmark |   12p.csv: 10000 rows, cols=['SMILES', 'ACTIVITY']
2026-04-03 14:23:30 | INFO  | phase_ext_benchmark |   797p.csv: 10000 rows, cols=['SMILES', 'ACTIVITY']
2026-04-03 14:23:30 | INFO  | phase_ext_benchmark |   870p.csv: 10000 rows, cols=['SMILES', 'ACTIVITY']
2026-04-03 14:23:30 | INFO  | phase_ext_benchmark |   953p.csv: 10000 rows, cols=['SMILES', 'ACTIVITY']
2026-04-03 14:23:30 | INFO  | phase_ext_benchmark |   560p.csv: 10000 rows, cols=['SMILES', 'ACTIVITY']
2026-04-03 14:23:30 | INFO  | phase_ext_benchmark |   131p.csv: 10000 rows, cols=['SMILES', 'ACTIVITY']
2026-04-03 14:23:30 | INFO  | phase_ext_benchmark |   605p.csv: 10000 rows, cols=['SMILES', 'ACTIVITY']
2026-04-03 14:23:30 | INFO  | phase_ext_benchmark |   887p.csv: 10000 rows, cols=['SMILES', 'ACTIVITY']
2026-04-03 14:23:30 | INFO  | phase_ext_benchmark |   931p.csv: 10000 rows, cols=['SMILES', 'ACTIVITY']
2026-04-03 14:23:31 | INFO  | phase_ext_benchmark |   0p.csv: 9999 rows, cols=['C1CCCC1', 'ACTIVITY']
2026-04-03 14:23:31 | INFO  | phase_ext_benchmark |   847p.csv: 10000 rows, cols=['SMILES', 'ACTIVITY']
2026-04-03 14:23:31 | INFO  | phase_ext_benchmark |   959p.csv: 10000 rows, cols=['SMILES', 'ACTIVITY']
2026-04-03 14:23:31 | INFO  | phase_ext_benchmark |   604p.csv: 10000 rows, cols=['SMILES', 'ACTIVITY']
2026-04-03 14:23:31 | INFO  | phase_ext_benchmark |   335p.csv: 10000 rows, cols=['SMILES', 'ACTIVITY']
2026-04-03 14:23:31 | INFO  | phase_ext_benchmark |   851p.csv: 10000 rows, cols=['SMILES', 'ACTIVITY']
2026-04-03 14:23:31 | INFO  | phase_ext_benchmark |   915p.csv: 10000 rows, cols=['SMILES', 'ACTIVITY']
2026-04-03 14:23:31 | INFO  | phase_ext_benchmark |   967p.csv: 10000 rows, cols=['SMILES', 'ACTIVITY']
2026-04-03 14:23:31 | INFO  | phase_ext_benchmark |   718p.csv: 10000 rows, cols=['SMILES', 'ACTIVITY']
2026-04-03 14:23:31 | INFO  | phase_ext_benchmark |   310p.csv: 10000 rows, cols=['SMILES', 'ACTIVITY']
2026-04-03 14:23:31 | INFO  | phase_ext_benchmark |   570p.csv: 10000 rows, cols=['SMILES', 'ACTIVITY']
2026-04-03 14:23:31 | INFO  | phase_ext_benchmark |   270p.csv: 10000 rows, cols=['SMILES', 'ACTIVITY']
2026-04-03 14:23:31 | INFO  | phase_ext_benchmark |   1p.csv: 10000 rows, cols=['SMILES', 'ACTIVITY']
2026-04-03 14:23:31 | INFO  | phase_ext_benchmark |   785p.csv: 10000 rows, cols=['SMILES', 'ACTIVITY']
2026-04-03 14:23:31 | INFO  | phase_ext_benchmark |   1010p.csv: 10000 rows, cols=['SMILES', 'ACTIVITY']
2026-04-03 14:23:31 | INFO  | phase_ext_benchmark |   348p.csv: 10000 rows, cols=['SMILES', 'ACTIVITY']
2026-04-03 14:23:31 | INFO  | phase_ext_benchmark |   41p.csv: 10000 rows, cols=['SMILES', 'ACTIVITY']
2026-04-03 14:23:31 | INFO  | phase_ext_benchmark |   792p.csv: 10000 rows, cols=['SMILES', 'ACTIVITY']
2026-04-03 14:23:31 | INFO  | phase_ext_benchmark |   393p.csv: 10000 rows, cols=['SMILES', 'ACTIVITY']
2026-04-03 14:23:31 | INFO  | phase_ext_benchmark |   1069p.csv: 10000 rows, cols=['SMILES', 'ACTIVITY']
2026-04-03 14:23:31 | INFO  | phase_ext_benchmark |   529p.csv: 10000 rows, cols=['SMILES', 'ACTIVITY']
2026-04-03 14:23:31 | INFO  | phase_ext_benchmark |   1056p.csv: 10000 rows, cols=['SMILES', 'ACTIVITY']
2026-04-03 14:23:31 | INFO  | phase_ext_benchmark |   556p.csv: 10000 rows, cols=['SMILES', 'ACTIVITY']
2026-04-03 14:23:31 | INFO  | phase_ext_benchmark |   673p.csv: 10000 rows, cols=['SMILES', 'ACTIVITY']
2026-04-03 14:23:31 | INFO  | phase_ext_benchmark |   453p.csv: 10000 rows, cols=['SMILES', 'ACTIVITY']
2026-04-03 14:23:31 | INFO  | phase_ext_benchmark |   708p.csv: 10000 rows, cols=['SMILES', 'ACTIVITY']
2026-04-03 14:23:31 | INFO  | phase_ext_benchmark |   98p.csv: 10000 rows, cols=['SMILES', 'ACTIVITY']
2026-04-03 14:23:31 | INFO  | phase_ext_benchmark |   983p.csv: 10000 rows, cols=['SMILES', 'ACTIVITY']
2026-04-03 14:23:31 | INFO  | phase_ext_benchmark |   323p.csv: 10000 rows, cols=['SMILES', 'ACTIVITY']
2026-04-03 14:23:31 | INFO  | phase_ext_benchmark |   804p.csv: 10000 rows, cols=['SMILES', 'ACTIVITY']
2026-04-03 14:23:31 | INFO  | phase_ext_benchmark |   109p.csv: 10000 rows, cols=['SMILES', 'ACTIVITY']
2026-04-03 14:23:31 | INFO  | phase_ext_benchmark |   771p.csv: 10000 rows, cols=['SMILES', 'ACTIVITY']
2026-04-03 14:23:31 | INFO  | phase_ext_benchmark |   584p.csv: 10000 rows, cols=['SMILES', 'ACTIVITY']
2026-04-03 14:23:31 | INFO  | phase_ext_benchmark |   406p.csv: 10000 rows, cols=['SMILES', 'ACTIVITY']
2026-04-03 14:23:31 | INFO  | phase_ext_benchmark |   279p.csv: 10000 rows, cols=['SMILES', 'ACTIVITY']
2026-04-03 14:23:31 | INFO  | phase_ext_benchmark |   669p.csv: 10000 rows, cols=['SMILES', 'ACTIVITY']
2026-04-03 14:23:31 | INFO  | phase_ext_benchmark |   134p.csv: 10000 rows, cols=['SMILES', 'ACTIVITY']
2026-04-03 14:23:31 | INFO  | phase_ext_benchmark |   964p.csv: 10000 rows, cols=['SMILES', 'ACTIVITY']
2026-04-03 14:23:31 | INFO  | phase_ext_benchmark |   1119p.csv: 10000 rows, cols=['SMILES', 'ACTIVITY']
2026-04-03 14:23:31 | INFO  | phase_ext_benchmark |   688p.csv: 10000 rows, cols=['SMILES', 'ACTIVITY']
2026-04-03 14:23:31 | INFO  | phase_ext_benchmark |   626p.csv: 10000 rows, cols=['SMILES', 'ACTIVITY']
2026-04-03 14:23:31 | INFO  | phase_ext_benchmark |   1106p.csv: 10000 rows, cols=['SMILES', 'ACTIVITY']
2026-04-03 14:23:31 | INFO  | phase_ext_benchmark |   9p.csv: 10000 rows, cols=['SMILES', 'ACTIVITY']
2026-04-03 14:23:31 | INFO  | phase_ext_benchmark |   145p.csv: 10000 rows, cols=['SMILES', 'ACTIVITY']
2026-04-03 14:23:31 | INFO  | phase_ext_benchmark |   6p.csv: 10000 rows, cols=['SMILES', 'ACTIVITY']
2026-04-03 14:23:31 | INFO  | phase_ext_benchmark |   1037p.csv: 10000 rows, cols=['SMILES', 'ACTIVITY']
2026-04-03 14:23:31 | INFO  | phase_ext_benchmark |   962p.csv: 10000 rows, cols=['SMILES', 'ACTIVITY']
2026-04-03 14:23:31 | INFO  | phase_ext_benchmark |   1088p.csv: 10000 rows, cols=['SMILES', 'ACTIVITY']
2026-04-03 14:23:31 | INFO  | phase_ext_benchmark |   1121p.csv: 10000 rows, cols=['SMILES', 'ACTIVITY']
2026-04-03 14:23:31 | INFO  | phase_ext_benchmark |   125p.csv: 10000 rows, cols=['SMILES', 'ACTIVITY']
2026-04-03 14:23:31 | INFO  | phase_ext_benchmark |   379p.csv: 10000 rows, cols=['SMILES', 'ACTIVITY']
2026-04-03 14:23:31 | INFO  | phase_ext_benchmark |   594p.csv: 10000 rows, cols=['SMILES', 'ACTIVITY']
2026-04-03 14:23:31 | INFO  | phase_ext_benchmark |   304p.csv: 10000 rows, cols=['SMILES', 'ACTIVITY']
2026-04-03 14:23:31 | INFO  | phase_ext_benchmark |   916p.csv: 10000 rows, cols=['SMILES', 'ACTIVITY']
2026-04-03 14:23:31 | INFO  | phase_ext_benchmark |   624p.csv: 10000 rows, cols=['SMILES', 'ACTIVITY']
2026-04-03 14:23:31 | INFO  | phase_ext_benchmark |   557p.csv: 10000 rows, cols=['SMILES', 'ACTIVITY']
2026-04-03 14:23:31 | INFO  | phase_ext_benchmark |   731p.csv: 10000 rows, cols=['SMILES', 'ACTIVITY']
2026-04-03 14:23:31 | INFO  | phase_ext_benchmark |   1001p.csv: 10000 rows, cols=['SMILES', 'ACTIVITY']
2026-04-03 14:23:31 | INFO  | phase_ext_benchmark |   410p.csv: 10000 rows, cols=['SMILES', 'ACTIVITY']
2026-04-03 14:23:31 | INFO  | phase_ext_benchmark |   702p.csv: 10000 rows, cols=['SMILES', 'ACTIVITY']
2026-04-03 14:23:31 | INFO  | phase_ext_benchmark |   980p.csv: 10000 rows, cols=['SMILES', 'ACTIVITY']
2026-04-03 14:23:31 | INFO  | phase_ext_benchmark |   86p.csv: 10000 rows, cols=['SMILES', 'ACTIVITY']
2026-04-03 14:23:31 | INFO  | phase_ext_benchmark |   382p.csv: 10000 rows, cols=['SMILES', 'ACTIVITY']
2026-04-03 14:23:31 | INFO  | phase_ext_benchmark |   454p.csv: 10000 rows, cols=['SMILES', 'ACTIVITY']
2026-04-03 14:23:31 | INFO  | phase_ext_benchmark |   682p.csv: 10000 rows, cols=['SMILES', 'ACTIVITY']
2026-04-03 14:23:31 | INFO  | phase_ext_benchmark |   728p.csv: 10000 rows, cols=['SMILES', 'ACTIVITY']
2026-04-03 14:23:31 | INFO  | phase_ext_benchmark |   378p.csv: 10000 rows, cols=['SMILES', 'ACTIVITY']
2026-04-03 14:23:31 | INFO  | phase_ext_benchmark |   282p.csv: 10000 rows, cols=['SMILES', 'ACTIVITY']
2026-04-03 14:23:31 | INFO  | phase_ext_benchmark |   872p.csv: 10000 rows, cols=['SMILES', 'ACTIVITY']
2026-04-03 14:23:31 | INFO  | phase_ext_benchmark |   196p.csv: 10000 rows, cols=['SMILES', 'ACTIVITY']
2026-04-03 14:23:31 | INFO  | phase_ext_benchmark |   157p.csv: 10000 rows, cols=['SMILES', 'ACTIVITY']
2026-04-03 14:23:31 | INFO  | phase_ext_benchmark |   888p.csv: 10000 rows, cols=['SMILES', 'ACTIVITY']
2026-04-03 14:23:31 | INFO  | phase_ext_benchmark |   1049p.csv: 10000 rows, cols=['SMILES', 'ACTIVITY']
2026-04-03 14:23:31 | INFO  | phase_ext_benchmark |   1053p.csv: 10000 rows, cols=['SMILES', 'ACTIVITY']
2026-04-03 14:23:31 | INFO  | phase_ext_benchmark |   345p.csv: 10000 rows, cols=['SMILES', 'ACTIVITY']
2026-04-03 14:23:31 | INFO  | phase_ext_benchmark |   589p.csv: 10000 rows, cols=['SMILES', 'ACTIVITY']
2026-04-03 14:23:31 | INFO  | phase_ext_benchmark |   610p.csv: 10000 rows, cols=['SMILES', 'ACTIVITY']
2026-04-03 14:23:31 | INFO  | phase_ext_benchmark |   862p.csv: 10000 rows, cols=['SMILES', 'ACTIVITY']
2026-04-03 14:23:31 | INFO  | phase_ext_benchmark |   532p.csv: 10000 rows, cols=['SMILES', 'ACTIVITY']
2026-04-03 14:23:31 | INFO  | phase_ext_benchmark |   199p.csv: 10000 rows, cols=['SMILES', 'ACTIVITY']
2026-04-03 14:23:31 | INFO  | phase_ext_benchmark |   939p.csv: 10000 rows, cols=['SMILES', 'ACTIVITY']
2026-04-03 14:23:31 | INFO  | phase_ext_benchmark |   465p.csv: 10000 rows, cols=['SMILES', 'ACTIVITY']
2026-04-03 14:23:31 | INFO  | phase_ext_benchmark |   45p.csv: 10000 rows, cols=['SMILES', 'ACTIVITY']
2026-04-03 14:23:31 | INFO  | phase_ext_benchmark |   257p.csv: 10000 rows, cols=['SMILES', 'ACTIVITY']
2026-04-03 14:23:31 | INFO  | phase_ext_benchmark |   178p.csv: 10000 rows, cols=['SMILES', 'ACTIVITY']
2026-04-03 14:23:31 | INFO  | phase_ext_benchmark |   621p.csv: 10000 rows, cols=['SMILES', 'ACTIVITY']
2026-04-03 14:23:31 | INFO  | phase_ext_benchmark |   228p.csv: 10000 rows, cols=['SMILES', 'ACTIVITY']
2026-04-03 14:23:31 | INFO  | phase_ext_benchmark |   275p.csv: 10000 rows, cols=['SMILES', 'ACTIVITY']
2026-04-03 14:23:31 | INFO  | phase_ext_benchmark |   722p.csv: 10000 rows, cols=['SMILES', 'ACTIVITY']
2026-04-03 14:23:31 | INFO  | phase_ext_benchmark |   476p.csv: 10000 rows, cols=['SMILES', 'ACTIVITY']
2026-04-03 14:23:31 | INFO  | phase_ext_benchmark |   656p.csv: 10000 rows, cols=['SMILES', 'ACTIVITY']
2026-04-03 14:23:31 | INFO  | phase_ext_benchmark |   721p.csv: 10000 rows, cols=['SMILES', 'ACTIVITY']
2026-04-03 14:23:31 | INFO  | phase_ext_benchmark |   201p.csv: 10000 rows, cols=['SMILES', 'ACTIVITY']
2026-04-03 14:23:31 | INFO  | phase_ext_benchmark |   365p.csv: 10000 rows, cols=['SMILES', 'ACTIVITY']
2026-04-03 14:23:31 | INFO  | phase_ext_benchmark |   856p.csv: 10000 rows, cols=['SMILES', 'ACTIVITY']
2026-04-03 14:23:31 | INFO  | phase_ext_benchmark |   202p.csv: 10000 rows, cols=['SMILES', 'ACTIVITY']
2026-04-03 14:23:31 | INFO  | phase_ext_benchmark |   687p.csv: 10000 rows, cols=['SMILES', 'ACTIVITY']
2026-04-03 14:23:31 | INFO  | phase_ext_benchmark |   1102p.csv: 10000 rows, cols=['SMILES', 'ACTIVITY']
2026-04-03 14:23:31 | INFO  | phase_ext_benchmark |   293p.csv: 10000 rows, cols=['SMILES', 'ACTIVITY']
2026-04-03 14:23:31 | INFO  | phase_ext_benchmark |   189p.csv: 10000 rows, cols=['SMILES', 'ACTIVITY']
2026-04-03 14:23:31 | INFO  | phase_ext_benchmark |   369p.csv: 10000 rows, cols=['SMILES', 'ACTIVITY']
2026-04-03 14:23:31 | INFO  | phase_ext_benchmark |   640p.csv: 10000 rows, cols=['SMILES', 'ACTIVITY']
2026-04-03 14:23:31 | INFO  | phase_ext_benchmark |   1007p.csv: 10000 rows, cols=['SMILES', 'ACTIVITY']
2026-04-03 14:23:31 | INFO  | phase_ext_benchmark |   793p.csv: 10000 rows, cols=['SMILES', 'ACTIVITY']
2026-04-03 14:23:31 | INFO  | phase_ext_benchmark |   926p.csv: 10000 rows, cols=['SMILES', 'ACTIVITY']
2026-04-03 14:23:31 | INFO  | phase_ext_benchmark |   891p.csv: 10000 rows, cols=['SMILES', 'ACTIVITY']
2026-04-03 14:23:31 | INFO  | phase_ext_benchmark |   778p.csv: 10000 rows, cols=['SMILES', 'ACTIVITY']
2026-04-03 14:23:31 | INFO  | phase_ext_benchmark |   1032p.csv: 10000 rows, cols=['SMILES', 'ACTIVITY']
2026-04-03 14:23:32 | INFO  | phase_ext_benchmark |   701p.csv: 10000 rows, cols=['SMILES', 'ACTIVITY']
2026-04-03 14:23:32 | INFO  | phase_ext_benchmark |   1117p.csv: 10000 rows, cols=['SMILES', 'ACTIVITY']
2026-04-03 14:23:32 | INFO  | phase_ext_benchmark |   40p.csv: 10000 rows, cols=['SMILES', 'ACTIVITY']
2026-04-03 14:23:32 | INFO  | phase_ext_benchmark |   318p.csv: 10000 rows, cols=['SMILES', 'ACTIVITY']
2026-04-03 14:23:32 | INFO  | phase_ext_benchmark |   855p.csv: 10000 rows, cols=['SMILES', 'ACTIVITY']
2026-04-03 14:23:32 | INFO  | phase_ext_benchmark |   334p.csv: 10000 rows, cols=['SMILES', 'ACTIVITY']
2026-04-03 14:23:32 | INFO  | phase_ext_benchmark |   276p.csv: 10000 rows, cols=['SMILES', 'ACTIVITY']
2026-04-03 14:23:32 | INFO  | phase_ext_benchmark |   363p.csv: 10000 rows, cols=['SMILES', 'ACTIVITY']
2026-04-03 14:23:32 | INFO  | phase_ext_benchmark |   55p.csv: 10000 rows, cols=['SMILES', 'ACTIVITY']
2026-04-03 14:23:32 | INFO  | phase_ext_benchmark |   307p.csv: 10000 rows, cols=['SMILES', 'ACTIVITY']
2026-04-03 14:23:32 | INFO  | phase_ext_benchmark |   72p.csv: 10000 rows, cols=['SMILES', 'ACTIVITY']
2026-04-03 14:23:32 | INFO  | phase_ext_benchmark |   663p.csv: 10000 rows, cols=['SMILES', 'ACTIVITY']
2026-04-03 14:23:32 | INFO  | phase_ext_benchmark |   75p.csv: 10000 rows, cols=['SMILES', 'ACTIVITY']
2026-04-03 14:23:32 | INFO  | phase_ext_benchmark |   781p.csv: 10000 rows, cols=['SMILES', 'ACTIVITY']
2026-04-03 14:23:32 | INFO  | phase_ext_benchmark |   138p.csv: 10000 rows, cols=['SMILES', 'ACTIVITY']
2026-04-03 14:23:32 | INFO  | phase_ext_benchmark |   787p.csv: 10000 rows, cols=['SMILES', 'ACTIVITY']
2026-04-03 14:23:32 | INFO  | phase_ext_benchmark |   890p.csv: 10000 rows, cols=['SMILES', 'ACTIVITY']
2026-04-03 14:23:32 | INFO  | phase_ext_benchmark |   1125p.csv: 10000 rows, cols=['SMILES', 'ACTIVITY']
2026-04-03 14:23:32 | INFO  | phase_ext_benchmark |   1087p.csv: 10000 rows, cols=['SMILES', 'ACTIVITY']
2026-04-03 14:23:32 | INFO  | phase_ext_benchmark |   299p.csv: 10000 rows, cols=['SMILES', 'ACTIVITY']
2026-04-03 14:23:32 | INFO  | phase_ext_benchmark |   1096p.csv: 10000 rows, cols=['SMILES', 'ACTIVITY']
2026-04-03 14:23:32 | INFO  | phase_ext_benchmark |   729p.csv: 10000 rows, cols=['SMILES', 'ACTIVITY']
2026-04-03 14:23:32 | INFO  | phase_ext_benchmark |   1085p.csv: 10000 rows, cols=['SMILES', 'ACTIVITY']
2026-04-03 14:23:32 | INFO  | phase_ext_benchmark |   259p.csv: 10000 rows, cols=['SMILES', 'ACTIVITY']
2026-04-03 14:23:32 | INFO  | phase_ext_benchmark |   800p.csv: 10000 rows, cols=['SMILES', 'ACTIVITY']
2026-04-03 14:23:32 | INFO  | phase_ext_benchmark |   805p.csv: 10000 rows, cols=['SMILES', 'ACTIVITY']
2026-04-03 14:23:32 | INFO  | phase_ext_benchmark |   174p.csv: 10000 rows, cols=['SMILES', 'ACTIVITY']
2026-04-03 14:23:32 | INFO  | phase_ext_benchmark |   479p.csv: 10000 rows, cols=['SMILES', 'ACTIVITY']
2026-04-03 14:23:32 | INFO  | phase_ext_benchmark |   1016p.csv: 10000 rows, cols=['SMILES', 'ACTIVITY']
2026-04-03 14:23:32 | INFO  | phase_ext_benchmark |   642p.csv: 10000 rows, cols=['SMILES', 'ACTIVITY']
2026-04-03 14:23:32 | INFO  | phase_ext_benchmark |   520p.csv: 10000 rows, cols=['SMILES', 'ACTIVITY']
2026-04-03 14:23:32 | INFO  | phase_ext_benchmark |   283p.csv: 10000 rows, cols=['SMILES', 'ACTIVITY']
2026-04-03 14:23:32 | INFO  | phase_ext_benchmark |   535p.csv: 10000 rows, cols=['SMILES', 'ACTIVITY']
2026-04-03 14:23:32 | INFO  | phase_ext_benchmark |   460p.csv: 10000 rows, cols=['SMILES', 'ACTIVITY']
2026-04-03 14:23:32 | INFO  | phase_ext_benchmark |   899p.csv: 10000 rows, cols=['SMILES', 'ACTIVITY']
2026-04-03 14:23:32 | INFO  | phase_ext_benchmark |   662p.csv: 10000 rows, cols=['SMILES', 'ACTIVITY']
2026-04-03 14:23:32 | INFO  | phase_ext_benchmark |   366p.csv: 10000 rows, cols=['SMILES', 'ACTIVITY']
2026-04-03 14:23:32 | INFO  | phase_ext_benchmark |   705p.csv: 10000 rows, cols=['SMILES', 'ACTIVITY']
2026-04-03 14:23:32 | INFO  | phase_ext_benchmark |   711p.csv: 10000 rows, cols=['SMILES', 'ACTIVITY']
2026-04-03 14:23:32 | INFO  | phase_ext_benchmark |   865p.csv: 10000 rows, cols=['SMILES', 'ACTIVITY']
2026-04-03 14:23:32 | INFO  | phase_ext_benchmark |   99p.csv: 10000 rows, cols=['SMILES', 'ACTIVITY']
2026-04-03 14:23:32 | INFO  | phase_ext_benchmark |   140p.csv: 10000 rows, cols=['SMILES', 'ACTIVITY']
2026-04-03 14:23:32 | INFO  | phase_ext_benchmark |   994p.csv: 10000 rows, cols=['SMILES', 'ACTIVITY']
2026-04-03 14:23:32 | INFO  | phase_ext_benchmark |   863p.csv: 10000 rows, cols=['SMILES', 'ACTIVITY']
2026-04-03 14:23:32 | INFO  | phase_ext_benchmark |   42p.csv: 10000 rows, cols=['SMILES', 'ACTIVITY']
2026-04-03 14:23:32 | INFO  | phase_ext_benchmark |   224p.csv: 10000 rows, cols=['SMILES', 'ACTIVITY']
2026-04-03 14:23:32 | INFO  | phase_ext_benchmark |   894p.csv: 10000 rows, cols=['SMILES', 'ACTIVITY']
2026-04-03 14:23:32 | INFO  | phase_ext_benchmark |   1107p.csv: 10000 rows, cols=['SMILES', 'ACTIVITY']
2026-04-03 14:23:32 | INFO  | phase_ext_benchmark |   601p.csv: 10000 rows, cols=['SMILES', 'ACTIVITY']
2026-04-03 14:23:32 | INFO  | phase_ext_benchmark |   20p.csv: 10000 rows, cols=['SMILES', 'ACTIVITY']
2026-04-03 14:23:32 | INFO  | phase_ext_benchmark |   255p.csv: 10000 rows, cols=['SMILES', 'ACTIVITY']
2026-04-03 14:23:32 | INFO  | phase_ext_benchmark |   204p.csv: 10000 rows, cols=['SMILES', 'ACTIVITY']
2026-04-03 14:23:32 | INFO  | phase_ext_benchmark |   1036p.csv: 10000 rows, cols=['SMILES', 'ACTIVITY']
2026-04-03 14:23:32 | INFO  | phase_ext_benchmark |   133p.csv: 10000 rows, cols=['SMILES', 'ACTIVITY']
2026-04-03 14:23:32 | INFO  | phase_ext_benchmark |   696p.csv: 10000 rows, cols=['SMILES', 'ACTIVITY']
2026-04-03 14:23:32 | INFO  | phase_ext_benchmark |   69p.csv: 10000 rows, cols=['SMILES', 'ACTIVITY']
2026-04-03 14:23:32 | INFO  | phase_ext_benchmark |   524p.csv: 10000 rows, cols=['SMILES', 'ACTIVITY']
2026-04-03 14:23:32 | INFO  | phase_ext_benchmark |   984p.csv: 10000 rows, cols=['SMILES', 'ACTIVITY']
2026-04-03 14:23:32 | INFO  | phase_ext_benchmark |   845p.csv: 10000 rows, cols=['SMILES', 'ACTIVITY']
2026-04-03 14:23:32 | INFO  | phase_ext_benchmark |   339p.csv: 10000 rows, cols=['SMILES', 'ACTIVITY']
2026-04-03 14:23:32 | INFO  | phase_ext_benchmark |   618p.csv: 10000 rows, cols=['SMILES', 'ACTIVITY']
2026-04-03 14:23:32 | INFO  | phase_ext_benchmark |   137p.csv: 10000 rows, cols=['SMILES', 'ACTIVITY']
2026-04-03 14:23:32 | INFO  | phase_ext_benchmark |   830p.csv: 10000 rows, cols=['SMILES', 'ACTIVITY']
2026-04-03 14:23:32 | INFO  | phase_ext_benchmark |   727p.csv: 10000 rows, cols=['SMILES', 'ACTIVITY']
2026-04-03 14:23:32 | INFO  | phase_ext_benchmark |   543p.csv: 10000 rows, cols=['SMILES', 'ACTIVITY']
2026-04-03 14:23:32 | INFO  | phase_ext_benchmark |   710p.csv: 10000 rows, cols=['SMILES', 'ACTIVITY']
2026-04-03 14:23:32 | INFO  | phase_ext_benchmark |   437p.csv: 10000 rows, cols=['SMILES', 'ACTIVITY']
2026-04-03 14:23:32 | INFO  | phase_ext_benchmark |   149p.csv: 10000 rows, cols=['SMILES', 'ACTIVITY']
2026-04-03 14:23:32 | INFO  | phase_ext_benchmark |   148p.csv: 10000 rows, cols=['SMILES', 'ACTIVITY']
2026-04-03 14:23:32 | INFO  | phase_ext_benchmark |   262p.csv: 10000 rows, cols=['SMILES', 'ACTIVITY']
2026-04-03 14:23:32 | INFO  | phase_ext_benchmark |   482p.csv: 10000 rows, cols=['SMILES', 'ACTIVITY']
2026-04-03 14:23:32 | INFO  | phase_ext_benchmark |   893p.csv: 10000 rows, cols=['SMILES', 'ACTIVITY']
2026-04-03 14:23:32 | INFO  | phase_ext_benchmark |   573p.csv: 10000 rows, cols=['SMILES', 'ACTIVITY']
2026-04-03 14:23:32 | INFO  | phase_ext_benchmark |   447p.csv: 10000 rows, cols=['SMILES', 'ACTIVITY']
2026-04-03 14:23:32 | INFO  | phase_ext_benchmark |   132p.csv: 10000 rows, cols=['SMILES', 'ACTIVITY']
2026-04-03 14:23:32 | INFO  | phase_ext_benchmark |   496p.csv: 10000 rows, cols=['SMILES', 'ACTIVITY']
2026-04-03 14:23:32 | INFO  | phase_ext_benchmark |   243p.csv: 10000 rows, cols=['SMILES', 'ACTIVITY']
2026-04-03 14:23:32 | INFO  | phase_ext_benchmark |   725p.csv: 10000 rows, cols=['SMILES', 'ACTIVITY']
2026-04-03 14:23:32 | INFO  | phase_ext_benchmark |   230p.csv: 10000 rows, cols=['SMILES', 'ACTIVITY']
2026-04-03 14:23:32 | INFO  | phase_ext_benchmark |   961p.csv: 10000 rows, cols=['SMILES', 'ACTIVITY']
2026-04-03 14:23:32 | INFO  | phase_ext_benchmark |   252p.csv: 10000 rows, cols=['SMILES', 'ACTIVITY']
2026-04-03 14:23:32 | INFO  | phase_ext_benchmark |   678p.csv: 10000 rows, cols=['SMILES', 'ACTIVITY']
2026-04-03 14:23:32 | INFO  | phase_ext_benchmark |   349p.csv: 10000 rows, cols=['SMILES', 'ACTIVITY']
2026-04-03 14:23:32 | INFO  | phase_ext_benchmark |   841p.csv: 10000 rows, cols=['SMILES', 'ACTIVITY']
2026-04-03 14:23:32 | INFO  | phase_ext_benchmark |   440p.csv: 10000 rows, cols=['SMILES', 'ACTIVITY']
2026-04-03 14:23:32 | INFO  | phase_ext_benchmark |   396p.csv: 10000 rows, cols=['SMILES', 'ACTIVITY']
2026-04-03 14:23:32 | INFO  | phase_ext_benchmark |   470p.csv: 10000 rows, cols=['SMILES', 'ACTIVITY']
2026-04-03 14:23:32 | INFO  | phase_ext_benchmark |   84p.csv: 10000 rows, cols=['SMILES', 'ACTIVITY']
2026-04-03 14:23:32 | INFO  | phase_ext_benchmark |   195p.csv: 10000 rows, cols=['SMILES', 'ACTIVITY']
2026-04-03 14:23:32 | INFO  | phase_ext_benchmark |   947p.csv: 10000 rows, cols=['SMILES', 'ACTIVITY']
2026-04-03 14:23:32 | INFO  | phase_ext_benchmark |   1100p.csv: 10000 rows, cols=['SMILES', 'ACTIVITY']
2026-04-03 14:23:32 | INFO  | phase_ext_benchmark |   1009p.csv: 10000 rows, cols=['SMILES', 'ACTIVITY']
2026-04-03 14:23:32 | INFO  | phase_ext_benchmark |   226p.csv: 10000 rows, cols=['SMILES', 'ACTIVITY']
2026-04-03 14:23:32 | INFO  | phase_ext_benchmark |   518p.csv: 10000 rows, cols=['SMILES', 'ACTIVITY']
2026-04-03 14:23:32 | INFO  | phase_ext_benchmark |   581p.csv: 10000 rows, cols=['SMILES', 'ACTIVITY']
2026-04-03 14:23:32 | INFO  | phase_ext_benchmark |   481p.csv: 10000 rows, cols=['SMILES', 'ACTIVITY']
2026-04-03 14:23:32 | INFO  | phase_ext_benchmark |   328p.csv: 10000 rows, cols=['SMILES', 'ACTIVITY']
2026-04-03 14:23:32 | INFO  | phase_ext_benchmark |   843p.csv: 10000 rows, cols=['SMILES', 'ACTIVITY']
2026-04-03 14:23:32 | INFO  | phase_ext_benchmark |   892p.csv: 10000 rows, cols=['SMILES', 'ACTIVITY']
2026-04-03 14:23:32 | INFO  | phase_ext_benchmark |   422p.csv: 10000 rows, cols=['SMILES', 'ACTIVITY']
2026-04-03 14:23:32 | INFO  | phase_ext_benchmark |   225p.csv: 10000 rows, cols=['SMILES', 'ACTIVITY']
2026-04-03 14:23:32 | INFO  | phase_ext_benchmark |   988p.csv: 10000 rows, cols=['SMILES', 'ACTIVITY']
2026-04-03 14:23:32 | INFO  | phase_ext_benchmark |   50p.csv: 10000 rows, cols=['SMILES', 'ACTIVITY']
2026-04-03 14:23:32 | INFO  | phase_ext_benchmark |   477p.csv: 10000 rows, cols=['SMILES', 'ACTIVITY']
2026-04-03 14:23:32 | INFO  | phase_ext_benchmark |   165p.csv: 10000 rows, cols=['SMILES', 'ACTIVITY']
2026-04-03 14:23:32 | INFO  | phase_ext_benchmark |   478p.csv: 10000 rows, cols=['SMILES', 'ACTIVITY']
2026-04-03 14:23:32 | INFO  | phase_ext_benchmark |   399p.csv: 10000 rows, cols=['SMILES', 'ACTIVITY']
2026-04-03 14:23:32 | INFO  | phase_ext_benchmark |   571p.csv: 10000 rows, cols=['SMILES', 'ACTIVITY']
2026-04-03 14:23:32 | INFO  | phase_ext_benchmark |   592p.csv: 10000 rows, cols=['SMILES', 'ACTIVITY']
2026-04-03 14:23:33 | INFO  | phase_ext_benchmark |   1080p.csv: 10000 rows, cols=['SMILES', 'ACTIVITY']
2026-04-03 14:23:33 | INFO  | phase_ext_benchmark |   1014p.csv: 10000 rows, cols=['SMILES', 'ACTIVITY']
2026-04-03 14:23:33 | INFO  | phase_ext_benchmark |   1116p.csv: 10000 rows, cols=['SMILES', 'ACTIVITY']
2026-04-03 14:23:33 | INFO  | phase_ext_benchmark |   19p.csv: 10000 rows, cols=['SMILES', 'ACTIVITY']
2026-04-03 14:23:33 | INFO  | phase_ext_benchmark |   608p.csv: 10000 rows, cols=['SMILES', 'ACTIVITY']
2026-04-03 14:23:33 | INFO  | phase_ext_benchmark |   81p.csv: 10000 rows, cols=['SMILES', 'ACTIVITY']
2026-04-03 14:23:33 | INFO  | phase_ext_benchmark |   38p.csv: 10000 rows, cols=['SMILES', 'ACTIVITY']
2026-04-03 14:23:33 | INFO  | phase_ext_benchmark |   1029p.csv: 10000 rows, cols=['SMILES', 'ACTIVITY']
2026-04-03 14:23:33 | INFO  | phase_ext_benchmark |   409p.csv: 10000 rows, cols=['SMILES', 'ACTIVITY']
2026-04-03 14:23:33 | INFO  | phase_ext_benchmark |   443p.csv: 10000 rows, cols=['SMILES', 'ACTIVITY']
2026-04-03 14:23:33 | INFO  | phase_ext_benchmark |   375p.csv: 10000 rows, cols=['SMILES', 'ACTIVITY']
2026-04-03 14:23:33 | INFO  | phase_ext_benchmark |   794p.csv: 10000 rows, cols=['SMILES', 'ACTIVITY']
2026-04-03 14:23:33 | INFO  | phase_ext_benchmark |   1114p.csv: 10000 rows, cols=['SMILES', 'ACTIVITY']
2026-04-03 14:23:33 | INFO  | phase_ext_benchmark |   26p.csv: 10000 rows, cols=['SMILES', 'ACTIVITY']
2026-04-03 14:23:33 | INFO  | phase_ext_benchmark |   985p.csv: 10000 rows, cols=['SMILES', 'ACTIVITY']
2026-04-03 14:23:33 | INFO  | phase_ext_benchmark |   241p.csv: 10000 rows, cols=['SMILES', 'ACTIVITY']
2026-04-03 14:23:33 | INFO  | phase_ext_benchmark |   698p.csv: 10000 rows, cols=['SMILES', 'ACTIVITY']
2026-04-03 14:23:33 | INFO  | phase_ext_benchmark |   1041p.csv: 10000 rows, cols=['SMILES', 'ACTIVITY']
2026-04-03 14:23:33 | INFO  | phase_ext_benchmark |   147p.csv: 10000 rows, cols=['SMILES', 'ACTIVITY']
2026-04-03 14:23:33 | INFO  | phase_ext_benchmark |   587p.csv: 10000 rows, cols=['SMILES', 'ACTIVITY']
2026-04-03 14:23:33 | INFO  | phase_ext_benchmark |   1074p.csv: 10000 rows, cols=['SMILES', 'ACTIVITY']
2026-04-03 14:23:33 | INFO  | phase_ext_benchmark |   993p.csv: 10000 rows, cols=['SMILES', 'ACTIVITY']
2026-04-03 14:23:33 | INFO  | phase_ext_benchmark |   503p.csv: 10000 rows, cols=['SMILES', 'ACTIVITY']
2026-04-03 14:23:33 | INFO  | phase_ext_benchmark |   1054p.csv: 10000 rows, cols=['SMILES', 'ACTIVITY']
2026-04-03 14:23:33 | INFO  | phase_ext_benchmark |   43p.csv: 10000 rows, cols=['SMILES', 'ACTIVITY']
2026-04-03 14:23:33 | INFO  | phase_ext_benchmark |   1058p.csv: 10000 rows, cols=['SMILES', 'ACTIVITY']
2026-04-03 14:23:33 | INFO  | phase_ext_benchmark |   531p.csv: 10000 rows, cols=['SMILES', 'ACTIVITY']
2026-04-03 14:23:33 | INFO  | phase_ext_benchmark |   972p.csv: 10000 rows, cols=['SMILES', 'ACTIVITY']
2026-04-03 14:23:33 | INFO  | phase_ext_benchmark |   569p.csv: 10000 rows, cols=['SMILES', 'ACTIVITY']
2026-04-03 14:23:33 | INFO  | phase_ext_benchmark |   607p.csv: 10000 rows, cols=['SMILES', 'ACTIVITY']
2026-04-03 14:23:33 | INFO  | phase_ext_benchmark |   1070p.csv: 10000 rows, cols=['SMILES', 'ACTIVITY']
2026-04-03 14:23:33 | INFO  | phase_ext_benchmark |   692p.csv: 10000 rows, cols=['SMILES', 'ACTIVITY']
2026-04-03 14:23:33 | INFO  | phase_ext_benchmark |   1078p.csv: 10000 rows, cols=['SMILES', 'ACTIVITY']
2026-04-03 14:23:33 | INFO  | phase_ext_benchmark |   469p.csv: 10000 rows, cols=['SMILES', 'ACTIVITY']
2026-04-03 14:23:33 | INFO  | phase_ext_benchmark |   197p.csv: 10000 rows, cols=['SMILES', 'ACTIVITY']
2026-04-03 14:23:33 | INFO  | phase_ext_benchmark |   386p.csv: 10000 rows, cols=['SMILES', 'ACTIVITY']
2026-04-03 14:23:33 | INFO  | phase_ext_benchmark |   446p.csv: 10000 rows, cols=['SMILES', 'ACTIVITY']
2026-04-03 14:23:33 | INFO  | phase_ext_benchmark |   1033p.csv: 10000 rows, cols=['SMILES', 'ACTIVITY']
2026-04-03 14:23:33 | INFO  | phase_ext_benchmark |   256p.csv: 10000 rows, cols=['SMILES', 'ACTIVITY']
2026-04-03 14:23:33 | INFO  | phase_ext_benchmark |   835p.csv: 10000 rows, cols=['SMILES', 'ACTIVITY']
2026-04-03 14:23:33 | INFO  | phase_ext_benchmark |   627p.csv: 10000 rows, cols=['SMILES', 'ACTIVITY']
2026-04-03 14:23:33 | INFO  | phase_ext_benchmark |   879p.csv: 10000 rows, cols=['SMILES', 'ACTIVITY']
2026-04-03 14:23:33 | INFO  | phase_ext_benchmark |   772p.csv: 10000 rows, cols=['SMILES', 'ACTIVITY']
2026-04-03 14:23:33 | INFO  | phase_ext_benchmark |   329p.csv: 10000 rows, cols=['SMILES', 'ACTIVITY']
2026-04-03 14:23:33 | INFO  | phase_ext_benchmark |   932p.csv: 10000 rows, cols=['SMILES', 'ACTIVITY']
2026-04-03 14:23:33 | INFO  | phase_ext_benchmark |   938p.csv: 10000 rows, cols=['SMILES', 'ACTIVITY']
2026-04-03 14:23:33 | INFO  | phase_ext_benchmark |   876p.csv: 10000 rows, cols=['SMILES', 'ACTIVITY']
2026-04-03 14:23:33 | INFO  | phase_ext_benchmark |   190p.csv: 10000 rows, cols=['SMILES', 'ACTIVITY']
2026-04-03 14:23:33 | INFO  | phase_ext_benchmark |   161p.csv: 10000 rows, cols=['SMILES', 'ACTIVITY']
2026-04-03 14:23:33 | INFO  | phase_ext_benchmark |   11p.csv: 10000 rows, cols=['SMILES', 'ACTIVITY']
2026-04-03 14:23:33 | INFO  | phase_ext_benchmark |   704p.csv: 10000 rows, cols=['SMILES', 'ACTIVITY']
2026-04-03 14:23:33 | INFO  | phase_ext_benchmark |   17p.csv: 10000 rows, cols=['SMILES', 'ACTIVITY']
2026-04-03 14:23:33 | INFO  | phase_ext_benchmark |   80p.csv: 10000 rows, cols=['SMILES', 'ACTIVITY']
2026-04-03 14:23:33 | INFO  | phase_ext_benchmark |   922p.csv: 10000 rows, cols=['SMILES', 'ACTIVITY']
2026-04-03 14:23:33 | INFO  | phase_ext_benchmark |   958p.csv: 10000 rows, cols=['SMILES', 'ACTIVITY']
2026-04-03 14:23:33 | INFO  | phase_ext_benchmark |   493p.csv: 10000 rows, cols=['SMILES', 'ACTIVITY']
2026-04-03 14:23:33 | INFO  | phase_ext_benchmark |   733p.csv: 10000 rows, cols=['SMILES', 'ACTIVITY']
2026-04-03 14:23:33 | INFO  | phase_ext_benchmark |   757p.csv: 10000 rows, cols=['SMILES', 'ACTIVITY']
2026-04-03 14:23:33 | INFO  | phase_ext_benchmark |   358p.csv: 10000 rows, cols=['SMILES', 'ACTIVITY']
2026-04-03 14:23:33 | INFO  | phase_ext_benchmark |   1113p.csv: 10000 rows, cols=['SMILES', 'ACTIVITY']
2026-04-03 14:23:33 | INFO  | phase_ext_benchmark |   577p.csv: 10000 rows, cols=['SMILES', 'ACTIVITY']
2026-04-03 14:23:33 | INFO  | phase_ext_benchmark |   60p.csv: 10000 rows, cols=['SMILES', 'ACTIVITY']
2026-04-03 14:23:33 | INFO  | phase_ext_benchmark |   760p.csv: 10000 rows, cols=['SMILES', 'ACTIVITY']
2026-04-03 14:23:33 | INFO  | phase_ext_benchmark |   979p.csv: 10000 rows, cols=['SMILES', 'ACTIVITY']
2026-04-03 14:23:33 | INFO  | phase_ext_benchmark |   934p.csv: 10000 rows, cols=['SMILES', 'ACTIVITY']
2026-04-03 14:23:33 | INFO  | phase_ext_benchmark |   620p.csv: 10000 rows, cols=['SMILES', 'ACTIVITY']
2026-04-03 14:23:33 | INFO  | phase_ext_benchmark |   2p.csv: 10000 rows, cols=['SMILES', 'ACTIVITY']
2026-04-03 14:23:33 | INFO  | phase_ext_benchmark |   427p.csv: 10000 rows, cols=['SMILES', 'ACTIVITY']
2026-04-03 14:23:33 | INFO  | phase_ext_benchmark |   949p.csv: 10000 rows, cols=['SMILES', 'ACTIVITY']
2026-04-03 14:23:33 | INFO  | phase_ext_benchmark |   527p.csv: 10000 rows, cols=['SMILES', 'ACTIVITY']
2026-04-03 14:23:33 | INFO  | phase_ext_benchmark |   1092p.csv: 10000 rows, cols=['SMILES', 'ACTIVITY']
2026-04-03 14:23:33 | INFO  | phase_ext_benchmark |   808p.csv: 10000 rows, cols=['SMILES', 'ACTIVITY']
2026-04-03 14:23:33 | INFO  | phase_ext_benchmark |   77p.csv: 10000 rows, cols=['SMILES', 'ACTIVITY']
2026-04-03 14:23:33 | INFO  | phase_ext_benchmark |   670p.csv: 10000 rows, cols=['SMILES', 'ACTIVITY']
2026-04-03 14:23:33 | INFO  | phase_ext_benchmark |   203p.csv: 10000 rows, cols=['SMILES', 'ACTIVITY']
2026-04-03 14:23:33 | INFO  | phase_ext_benchmark |   357p.csv: 10000 rows, cols=['SMILES', 'ACTIVITY']
2026-04-03 14:23:33 | INFO  | phase_ext_benchmark |   76p.csv: 10000 rows, cols=['SMILES', 'ACTIVITY']
2026-04-03 14:23:33 | INFO  | phase_ext_benchmark |   758p.csv: 10000 rows, cols=['SMILES', 'ACTIVITY']
2026-04-03 14:23:33 | INFO  | phase_ext_benchmark |   322p.csv: 10000 rows, cols=['SMILES', 'ACTIVITY']
2026-04-03 14:23:33 | INFO  | phase_ext_benchmark |   494p.csv: 10000 rows, cols=['SMILES', 'ACTIVITY']
2026-04-03 14:23:33 | INFO  | phase_ext_benchmark |   563p.csv: 10000 rows, cols=['SMILES', 'ACTIVITY']
2026-04-03 14:23:33 | INFO  | phase_ext_benchmark |   963p.csv: 10000 rows, cols=['SMILES', 'ACTIVITY']
2026-04-03 14:23:33 | INFO  | phase_ext_benchmark |   991p.csv: 10000 rows, cols=['SMILES', 'ACTIVITY']
2026-04-03 14:23:33 | INFO  | phase_ext_benchmark |   100p.csv: 10000 rows, cols=['SMILES', 'ACTIVITY']
2026-04-03 14:23:33 | INFO  | phase_ext_benchmark |   62p.csv: 10000 rows, cols=['SMILES', 'ACTIVITY']
2026-04-03 14:23:33 | INFO  | phase_ext_benchmark |   308p.csv: 10000 rows, cols=['SMILES', 'ACTIVITY']
2026-04-03 14:23:33 | INFO  | phase_ext_benchmark |   325p.csv: 10000 rows, cols=['SMILES', 'ACTIVITY']
2026-04-03 14:23:33 | INFO  | phase_ext_benchmark |   815p.csv: 10000 rows, cols=['SMILES', 'ACTIVITY']
2026-04-03 14:23:33 | INFO  | phase_ext_benchmark |   160p.csv: 10000 rows, cols=['SMILES', 'ACTIVITY']
2026-04-03 14:23:33 | INFO  | phase_ext_benchmark |   21p.csv: 10000 rows, cols=['SMILES', 'ACTIVITY']
2026-04-03 14:23:33 | INFO  | phase_ext_benchmark |   1094p.csv: 10000 rows, cols=['SMILES', 'ACTIVITY']
2026-04-03 14:23:33 | INFO  | phase_ext_benchmark |   288p.csv: 10000 rows, cols=['SMILES', 'ACTIVITY']
2026-04-03 14:23:33 | INFO  | phase_ext_benchmark |   774p.csv: 10000 rows, cols=['SMILES', 'ACTIVITY']
2026-04-03 14:23:33 | INFO  | phase_ext_benchmark |   1027p.csv: 10000 rows, cols=['SMILES', 'ACTIVITY']
2026-04-03 14:23:33 | INFO  | phase_ext_benchmark |   945p.csv: 10000 rows, cols=['SMILES', 'ACTIVITY']
2026-04-03 14:23:33 | INFO  | phase_ext_benchmark |   231p.csv: 10000 rows, cols=['SMILES', 'ACTIVITY']
2026-04-03 14:23:33 | INFO  | phase_ext_benchmark |   574p.csv: 10000 rows, cols=['SMILES', 'ACTIVITY']
2026-04-03 14:23:33 | INFO  | phase_ext_benchmark |   770p.csv: 10000 rows, cols=['SMILES', 'ACTIVITY']
2026-04-03 14:23:33 | INFO  | phase_ext_benchmark |   232p.csv: 10000 rows, cols=['SMILES', 'ACTIVITY']
2026-04-03 14:23:33 | INFO  | phase_ext_benchmark |   995p.csv: 10000 rows, cols=['SMILES', 'ACTIVITY']
2026-04-03 14:23:33 | INFO  | phase_ext_benchmark |   552p.csv: 10000 rows, cols=['SMILES', 'ACTIVITY']
2026-04-03 14:23:33 | INFO  | phase_ext_benchmark |   380p.csv: 10000 rows, cols=['SMILES', 'ACTIVITY']
2026-04-03 14:23:33 | INFO  | phase_ext_benchmark |   554p.csv: 10000 rows, cols=['SMILES', 'ACTIVITY']
2026-04-03 14:23:33 | INFO  | phase_ext_benchmark |   516p.csv: 10000 rows, cols=['SMILES', 'ACTIVITY']
2026-04-03 14:23:33 | INFO  | phase_ext_benchmark |   510p.csv: 10000 rows, cols=['SMILES', 'ACTIVITY']
2026-04-03 14:23:33 | INFO  | phase_ext_benchmark |   385p.csv: 10000 rows, cols=['SMILES', 'ACTIVITY']
2026-04-03 14:23:33 | INFO  | phase_ext_benchmark |   603p.csv: 10000 rows, cols=['SMILES', 'ACTIVITY']
2026-04-03 14:23:33 | INFO  | phase_ext_benchmark |   402p.csv: 10000 rows, cols=['SMILES', 'ACTIVITY']
2026-04-03 14:23:34 | INFO  | phase_ext_benchmark |   253p.csv: 10000 rows, cols=['SMILES', 'ACTIVITY']
2026-04-03 14:23:34 | INFO  | phase_ext_benchmark |   473p.csv: 10000 rows, cols=['SMILES', 'ACTIVITY']
2026-04-03 14:23:34 | INFO  | phase_ext_benchmark |   417p.csv: 10000 rows, cols=['SMILES', 'ACTIVITY']
2026-04-03 14:23:34 | INFO  | phase_ext_benchmark |   48p.csv: 10000 rows, cols=['SMILES', 'ACTIVITY']
2026-04-03 14:23:34 | INFO  | phase_ext_benchmark |   111p.csv: 10000 rows, cols=['SMILES', 'ACTIVITY']
2026-04-03 14:23:34 | INFO  | phase_ext_benchmark |   266p.csv: 10000 rows, cols=['SMILES', 'ACTIVITY']
2026-04-03 14:23:34 | INFO  | phase_ext_benchmark |   258p.csv: 10000 rows, cols=['SMILES', 'ACTIVITY']
2026-04-03 14:23:34 | INFO  | phase_ext_benchmark |   578p.csv: 10000 rows, cols=['SMILES', 'ACTIVITY']
2026-04-03 14:23:34 | INFO  | phase_ext_benchmark |   67p.csv: 10000 rows, cols=['SMILES', 'ACTIVITY']
2026-04-03 14:23:34 | INFO  | phase_ext_benchmark |   291p.csv: 10000 rows, cols=['SMILES', 'ACTIVITY']
2026-04-03 14:23:34 | INFO  | phase_ext_benchmark |   878p.csv: 10000 rows, cols=['SMILES', 'ACTIVITY']
2026-04-03 14:23:34 | INFO  | phase_ext_benchmark |   1082p.csv: 10000 rows, cols=['SMILES', 'ACTIVITY']
2026-04-03 14:23:34 | INFO  | phase_ext_benchmark |   216p.csv: 10000 rows, cols=['SMILES', 'ACTIVITY']
2026-04-03 14:23:34 | INFO  | phase_ext_benchmark |   289p.csv: 10000 rows, cols=['SMILES', 'ACTIVITY']
2026-04-03 14:23:34 | INFO  | phase_ext_benchmark |   886p.csv: 10000 rows, cols=['SMILES', 'ACTIVITY']
2026-04-03 14:23:34 | INFO  | phase_ext_benchmark |   182p.csv: 10000 rows, cols=['SMILES', 'ACTIVITY']
2026-04-03 14:23:34 | INFO  | phase_ext_benchmark |   362p.csv: 10000 rows, cols=['SMILES', 'ACTIVITY']
2026-04-03 14:23:34 | INFO  | phase_ext_benchmark |   1003p.csv: 10000 rows, cols=['SMILES', 'ACTIVITY']
2026-04-03 14:23:34 | INFO  | phase_ext_benchmark |   261p.csv: 10000 rows, cols=['SMILES', 'ACTIVITY']
2026-04-03 14:23:34 | INFO  | phase_ext_benchmark |   706p.csv: 10000 rows, cols=['SMILES', 'ACTIVITY']
2026-04-03 14:23:34 | INFO  | phase_ext_benchmark |   128p.csv: 10000 rows, cols=['SMILES', 'ACTIVITY']
2026-04-03 14:23:34 | INFO  | phase_ext_benchmark |   260p.csv: 10000 rows, cols=['SMILES', 'ACTIVITY']
2026-04-03 14:23:34 | INFO  | phase_ext_benchmark |   168p.csv: 10000 rows, cols=['SMILES', 'ACTIVITY']
2026-04-03 14:23:34 | INFO  | phase_ext_benchmark |   294p.csv: 10000 rows, cols=['SMILES', 'ACTIVITY']
2026-04-03 14:23:34 | INFO  | phase_ext_benchmark |   1120p.csv: 10000 rows, cols=['SMILES', 'ACTIVITY']
2026-04-03 14:23:34 | INFO  | phase_ext_benchmark |   866p.csv: 10000 rows, cols=['SMILES', 'ACTIVITY']
2026-04-03 14:23:34 | INFO  | phase_ext_benchmark |   941p.csv: 10000 rows, cols=['SMILES', 'ACTIVITY']
2026-04-03 14:23:34 | INFO  | phase_ext_benchmark |   373p.csv: 10000 rows, cols=['SMILES', 'ACTIVITY']
2026-04-03 14:23:34 | INFO  | phase_ext_benchmark |   634p.csv: 10000 rows, cols=['SMILES', 'ACTIVITY']
2026-04-03 14:23:34 | INFO  | phase_ext_benchmark |   205p.csv: 10000 rows, cols=['SMILES', 'ACTIVITY']
2026-04-03 14:23:34 | INFO  | phase_ext_benchmark |   751p.csv: 10000 rows, cols=['SMILES', 'ACTIVITY']
2026-04-03 14:23:34 | INFO  | phase_ext_benchmark |   1067p.csv: 10000 rows, cols=['SMILES', 'ACTIVITY']
2026-04-03 14:23:34 | INFO  | phase_ext_benchmark |   92p.csv: 10000 rows, cols=['SMILES', 'ACTIVITY']
2026-04-03 14:23:34 | INFO  | phase_ext_benchmark |   305p.csv: 10000 rows, cols=['SMILES', 'ACTIVITY']
2026-04-03 14:23:34 | INFO  | phase_ext_benchmark |   809p.csv: 10000 rows, cols=['SMILES', 'ACTIVITY']
2026-04-03 14:23:34 | INFO  | phase_ext_benchmark |   170p.csv: 10000 rows, cols=['SMILES', 'ACTIVITY']
2026-04-03 14:23:34 | INFO  | phase_ext_benchmark |   987p.csv: 10000 rows, cols=['SMILES', 'ACTIVITY']
2026-04-03 14:23:34 | INFO  | phase_ext_benchmark |   250p.csv: 10000 rows, cols=['SMILES', 'ACTIVITY']
2026-04-03 14:23:34 | INFO  | phase_ext_benchmark |   441p.csv: 10000 rows, cols=['SMILES', 'ACTIVITY']
2026-04-03 14:23:34 | INFO  | phase_ext_benchmark |   234p.csv: 10000 rows, cols=['SMILES', 'ACTIVITY']
2026-04-03 14:23:34 | INFO  | phase_ext_benchmark |   974p.csv: 10000 rows, cols=['SMILES', 'ACTIVITY']
2026-04-03 14:23:34 | INFO  | phase_ext_benchmark |   885p.csv: 10000 rows, cols=['SMILES', 'ACTIVITY']
2026-04-03 14:23:34 | INFO  | phase_ext_benchmark |   93p.csv: 10000 rows, cols=['SMILES', 'ACTIVITY']
2026-04-03 14:23:34 | INFO  | phase_ext_benchmark |   1063p.csv: 10000 rows, cols=['SMILES', 'ACTIVITY']
2026-04-03 14:23:34 | INFO  | phase_ext_benchmark |   142p.csv: 10000 rows, cols=['SMILES', 'ACTIVITY']
2026-04-03 14:23:34 | INFO  | phase_ext_benchmark |   435p.csv: 10000 rows, cols=['SMILES', 'ACTIVITY']
2026-04-03 14:23:34 | INFO  | phase_ext_benchmark |   907p.csv: 10000 rows, cols=['SMILES', 'ACTIVITY']
2026-04-03 14:23:34 | INFO  | phase_ext_benchmark |   1050p.csv: 10000 rows, cols=['SMILES', 'ACTIVITY']
2026-04-03 14:23:34 | INFO  | phase_ext_benchmark |   839p.csv: 10000 rows, cols=['SMILES', 'ACTIVITY']
2026-04-03 14:23:34 | INFO  | phase_ext_benchmark |   94p.csv: 10000 rows, cols=['SMILES', 'ACTIVITY']
2026-04-03 14:23:34 | INFO  | phase_ext_benchmark |   565p.csv: 10000 rows, cols=['SMILES', 'ACTIVITY']
2026-04-03 14:23:34 | INFO  | phase_ext_benchmark |   8p.csv: 10000 rows, cols=['SMILES', 'ACTIVITY']
2026-04-03 14:23:34 | INFO  | phase_ext_benchmark |   218p.csv: 10000 rows, cols=['SMILES', 'ACTIVITY']
2026-04-03 14:23:34 | INFO  | phase_ext_benchmark |   908p.csv: 10000 rows, cols=['SMILES', 'ACTIVITY']
2026-04-03 14:23:34 | INFO  | phase_ext_benchmark |   389p.csv: 10000 rows, cols=['SMILES', 'ACTIVITY']
2026-04-03 14:23:34 | INFO  | phase_ext_benchmark |   575p.csv: 10000 rows, cols=['SMILES', 'ACTIVITY']
2026-04-03 14:23:34 | INFO  | phase_ext_benchmark |   341p.csv: 10000 rows, cols=['SMILES', 'ACTIVITY']
2026-04-03 14:23:34 | INFO  | phase_ext_benchmark |   1066p.csv: 10000 rows, cols=['SMILES', 'ACTIVITY']
2026-04-03 14:23:34 | INFO  | phase_ext_benchmark |   806p.csv: 10000 rows, cols=['SMILES', 'ACTIVITY']
2026-04-03 14:23:34 | INFO  | phase_ext_benchmark |   943p.csv: 10000 rows, cols=['SMILES', 'ACTIVITY']
2026-04-03 14:23:34 | INFO  | phase_ext_benchmark |   940p.csv: 10000 rows, cols=['SMILES', 'ACTIVITY']
2026-04-03 14:23:34 | INFO  | phase_ext_benchmark |   1020p.csv: 10000 rows, cols=['SMILES', 'ACTIVITY']
2026-04-03 14:23:34 | INFO  | phase_ext_benchmark |   720p.csv: 10000 rows, cols=['SMILES', 'ACTIVITY']
2026-04-03 14:23:34 | INFO  | phase_ext_benchmark |   464p.csv: 10000 rows, cols=['SMILES', 'ACTIVITY']
2026-04-03 14:23:34 | INFO  | phase_ext_benchmark |   736p.csv: 10000 rows, cols=['SMILES', 'ACTIVITY']
2026-04-03 14:23:34 | INFO  | phase_ext_benchmark |   420p.csv: 10000 rows, cols=['SMILES', 'ACTIVITY']
2026-04-03 14:23:34 | INFO  | phase_ext_benchmark |   364p.csv: 10000 rows, cols=['SMILES', 'ACTIVITY']
2026-04-03 14:23:34 | INFO  | phase_ext_benchmark |   180p.csv: 10000 rows, cols=['SMILES', 'ACTIVITY']
2026-04-03 14:23:34 | INFO  | phase_ext_benchmark |   968p.csv: 10000 rows, cols=['SMILES', 'ACTIVITY']
2026-04-03 14:23:34 | INFO  | phase_ext_benchmark |   316p.csv: 10000 rows, cols=['SMILES', 'ACTIVITY']
2026-04-03 14:23:34 | INFO  | phase_ext_benchmark |   1084p.csv: 10000 rows, cols=['SMILES', 'ACTIVITY']
2026-04-03 14:23:34 | INFO  | phase_ext_benchmark |   31p.csv: 10000 rows, cols=['SMILES', 'ACTIVITY']
2026-04-03 14:23:34 | INFO  | phase_ext_benchmark |   346p.csv: 10000 rows, cols=['SMILES', 'ACTIVITY']
2026-04-03 14:23:34 | INFO  | phase_ext_benchmark |   187p.csv: 10000 rows, cols=['SMILES', 'ACTIVITY']
2026-04-03 14:23:34 | INFO  | phase_ext_benchmark |   181p.csv: 10000 rows, cols=['SMILES', 'ACTIVITY']
2026-04-03 14:23:34 | INFO  | phase_ext_benchmark |   540p.csv: 10000 rows, cols=['SMILES', 'ACTIVITY']
2026-04-03 14:23:34 | INFO  | phase_ext_benchmark |   836p.csv: 10000 rows, cols=['SMILES', 'ACTIVITY']
2026-04-03 14:23:34 | INFO  | phase_ext_benchmark |   96p.csv: 10000 rows, cols=['SMILES', 'ACTIVITY']
2026-04-03 14:23:34 | INFO  | phase_ext_benchmark |   337p.csv: 10000 rows, cols=['SMILES', 'ACTIVITY']
2026-04-03 14:23:34 | INFO  | phase_ext_benchmark |   761p.csv: 10000 rows, cols=['SMILES', 'ACTIVITY']
2026-04-03 14:23:34 | INFO  | phase_ext_benchmark |   749p.csv: 10000 rows, cols=['SMILES', 'ACTIVITY']
2026-04-03 14:23:34 | INFO  | phase_ext_benchmark |   798p.csv: 10000 rows, cols=['SMILES', 'ACTIVITY']
2026-04-03 14:23:34 | INFO  | phase_ext_benchmark |   64p.csv: 10000 rows, cols=['SMILES', 'ACTIVITY']
2026-04-03 14:23:34 | INFO  | phase_ext_benchmark |   424p.csv: 10000 rows, cols=['SMILES', 'ACTIVITY']
2026-04-03 14:23:34 | INFO  | phase_ext_benchmark |   998p.csv: 10000 rows, cols=['SMILES', 'ACTIVITY']
2026-04-03 14:23:34 | INFO  | phase_ext_benchmark |   330p.csv: 10000 rows, cols=['SMILES', 'ACTIVITY']
2026-04-03 14:23:34 | INFO  | phase_ext_benchmark |   541p.csv: 10000 rows, cols=['SMILES', 'ACTIVITY']
2026-04-03 14:23:34 | INFO  | phase_ext_benchmark |   303p.csv: 10000 rows, cols=['SMILES', 'ACTIVITY']
2026-04-03 14:23:34 | INFO  | phase_ext_benchmark |   3p.csv: 10000 rows, cols=['SMILES', 'ACTIVITY']
2026-04-03 14:23:34 | INFO  | phase_ext_benchmark |   74p.csv: 10000 rows, cols=['SMILES', 'ACTIVITY']
2026-04-03 14:23:34 | INFO  | phase_ext_benchmark |   545p.csv: 10000 rows, cols=['SMILES', 'ACTIVITY']
2026-04-03 14:23:34 | INFO  | phase_ext_benchmark |   1026p.csv: 10000 rows, cols=['SMILES', 'ACTIVITY']
2026-04-03 14:23:34 | INFO  | phase_ext_benchmark |   680p.csv: 10000 rows, cols=['SMILES', 'ACTIVITY']
2026-04-03 14:23:34 | INFO  | phase_ext_benchmark |   1018p.csv: 10000 rows, cols=['SMILES', 'ACTIVITY']
2026-04-03 14:23:34 | INFO  | phase_ext_benchmark |   166p.csv: 10000 rows, cols=['SMILES', 'ACTIVITY']
2026-04-03 14:23:34 | INFO  | phase_ext_benchmark |   1028p.csv: 10000 rows, cols=['SMILES', 'ACTIVITY']
2026-04-03 14:23:34 | INFO  | phase_ext_benchmark |   1051p.csv: 10000 rows, cols=['SMILES', 'ACTIVITY']
2026-04-03 14:23:34 | INFO  | phase_ext_benchmark |   786p.csv: 10000 rows, cols=['SMILES', 'ACTIVITY']
2026-04-03 14:23:34 | INFO  | phase_ext_benchmark |   909p.csv: 10000 rows, cols=['SMILES', 'ACTIVITY']
2026-04-03 14:23:34 | INFO  | phase_ext_benchmark |   229p.csv: 10000 rows, cols=['SMILES', 'ACTIVITY']
2026-04-03 14:23:34 | INFO  | phase_ext_benchmark |   419p.csv: 10000 rows, cols=['SMILES', 'ACTIVITY']
2026-04-03 14:23:34 | INFO  | phase_ext_benchmark |   37p.csv: 10000 rows, cols=['SMILES', 'ACTIVITY']
2026-04-03 14:23:34 | INFO  | phase_ext_benchmark |   1061p.csv: 10000 rows, cols=['SMILES', 'ACTIVITY']
2026-04-03 14:23:34 | INFO  | phase_ext_benchmark |   49p.csv: 10000 rows, cols=['SMILES', 'ACTIVITY']
2026-04-03 14:23:34 | INFO  | phase_ext_benchmark |   585p.csv: 10000 rows, cols=['SMILES', 'ACTIVITY']
2026-04-03 14:23:34 | INFO  | phase_ext_benchmark |   101p.csv: 10000 rows, cols=['SMILES', 'ACTIVITY']
2026-04-03 14:23:34 | INFO  | phase_ext_benchmark |   519p.csv: 10000 rows, cols=['SMILES', 'ACTIVITY']
2026-04-03 14:23:34 | INFO  | phase_ext_benchmark |   210p.csv: 10000 rows, cols=['SMILES', 'ACTIVITY']
2026-04-03 14:23:35 | INFO  | phase_ext_benchmark |   609p.csv: 10000 rows, cols=['SMILES', 'ACTIVITY']
2026-04-03 14:23:35 | INFO  | phase_ext_benchmark |   383p.csv: 10000 rows, cols=['SMILES', 'ACTIVITY']
2026-04-03 14:23:35 | INFO  | phase_ext_benchmark |   895p.csv: 10000 rows, cols=['SMILES', 'ACTIVITY']
2026-04-03 14:23:35 | INFO  | phase_ext_benchmark |   456p.csv: 10000 rows, cols=['SMILES', 'ACTIVITY']
2026-04-03 14:23:35 | INFO  | phase_ext_benchmark |   810p.csv: 10000 rows, cols=['SMILES', 'ACTIVITY']
2026-04-03 14:23:35 | INFO  | phase_ext_benchmark |   429p.csv: 10000 rows, cols=['SMILES', 'ACTIVITY']
2026-04-03 14:23:35 | INFO  | phase_ext_benchmark |   703p.csv: 10000 rows, cols=['SMILES', 'ACTIVITY']
2026-04-03 14:23:35 | INFO  | phase_ext_benchmark |   58p.csv: 10000 rows, cols=['SMILES', 'ACTIVITY']
2026-04-03 14:23:35 | INFO  | phase_ext_benchmark |   352p.csv: 10000 rows, cols=['SMILES', 'ACTIVITY']
2026-04-03 14:23:35 | INFO  | phase_ext_benchmark |   344p.csv: 10000 rows, cols=['SMILES', 'ACTIVITY']
2026-04-03 14:23:35 | INFO  | phase_ext_benchmark |   66p.csv: 10000 rows, cols=['SMILES', 'ACTIVITY']
2026-04-03 14:23:35 | INFO  | phase_ext_benchmark |   29p.csv: 10000 rows, cols=['SMILES', 'ACTIVITY']
2026-04-03 14:23:35 | INFO  | phase_ext_benchmark |   821p.csv: 10000 rows, cols=['SMILES', 'ACTIVITY']
2026-04-03 14:23:35 | INFO  | phase_ext_benchmark |   955p.csv: 10000 rows, cols=['SMILES', 'ACTIVITY']
2026-04-03 14:23:35 | INFO  | phase_ext_benchmark |   209p.csv: 10000 rows, cols=['SMILES', 'ACTIVITY']
2026-04-03 14:23:35 | INFO  | phase_ext_benchmark |   791p.csv: 10000 rows, cols=['SMILES', 'ACTIVITY']
2026-04-03 14:23:35 | INFO  | phase_ext_benchmark |   1098p.csv: 10000 rows, cols=['SMILES', 'ACTIVITY']
2026-04-03 14:23:35 | INFO  | phase_ext_benchmark |   782p.csv: 10000 rows, cols=['SMILES', 'ACTIVITY']
2026-04-03 14:23:35 | INFO  | phase_ext_benchmark |   561p.csv: 10000 rows, cols=['SMILES', 'ACTIVITY']
2026-04-03 14:23:35 | INFO  | phase_ext_benchmark |   956p.csv: 10000 rows, cols=['SMILES', 'ACTIVITY']
2026-04-03 14:23:35 | INFO  | phase_ext_benchmark |   217p.csv: 10000 rows, cols=['SMILES', 'ACTIVITY']
2026-04-03 14:23:35 | INFO  | phase_ext_benchmark |   576p.csv: 10000 rows, cols=['SMILES', 'ACTIVITY']
2026-04-03 14:23:35 | INFO  | phase_ext_benchmark |   917p.csv: 10000 rows, cols=['SMILES', 'ACTIVITY']
2026-04-03 14:23:35 | INFO  | phase_ext_benchmark |   881p.csv: 10000 rows, cols=['SMILES', 'ACTIVITY']
2026-04-03 14:23:35 | INFO  | phase_ext_benchmark |   551p.csv: 10000 rows, cols=['SMILES', 'ACTIVITY']
2026-04-03 14:23:35 | INFO  | phase_ext_benchmark |   654p.csv: 10000 rows, cols=['SMILES', 'ACTIVITY']
2026-04-03 14:23:35 | INFO  | phase_ext_benchmark |   360p.csv: 10000 rows, cols=['SMILES', 'ACTIVITY']
2026-04-03 14:23:35 | INFO  | phase_ext_benchmark |   667p.csv: 10000 rows, cols=['SMILES', 'ACTIVITY']
2026-04-03 14:23:35 | INFO  | phase_ext_benchmark |   221p.csv: 10000 rows, cols=['SMILES', 'ACTIVITY']
2026-04-03 14:23:35 | INFO  | phase_ext_benchmark |   208p.csv: 10000 rows, cols=['SMILES', 'ACTIVITY']
2026-04-03 14:23:35 | INFO  | phase_ext_benchmark |   691p.csv: 10000 rows, cols=['SMILES', 'ACTIVITY']
2026-04-03 14:23:35 | INFO  | phase_ext_benchmark |   602p.csv: 10000 rows, cols=['SMILES', 'ACTIVITY']
2026-04-03 14:23:35 | INFO  | phase_ext_benchmark |   834p.csv: 10000 rows, cols=['SMILES', 'ACTIVITY']
2026-04-03 14:23:35 | INFO  | phase_ext_benchmark |   723p.csv: 10000 rows, cols=['SMILES', 'ACTIVITY']
2026-04-03 14:23:35 | INFO  | phase_ext_benchmark |   78p.csv: 10000 rows, cols=['SMILES', 'ACTIVITY']
2026-04-03 14:23:35 | INFO  | phase_ext_benchmark |   191p.csv: 10000 rows, cols=['SMILES', 'ACTIVITY']
2026-04-03 14:23:35 | INFO  | phase_ext_benchmark |   1081p.csv: 10000 rows, cols=['SMILES', 'ACTIVITY']
2026-04-03 14:23:35 | INFO  | phase_ext_benchmark |   754p.csv: 10000 rows, cols=['SMILES', 'ACTIVITY']
2026-04-03 14:23:35 | INFO  | phase_ext_benchmark |   652p.csv: 10000 rows, cols=['SMILES', 'ACTIVITY']
2026-04-03 14:23:35 | INFO  | phase_ext_benchmark |   712p.csv: 10000 rows, cols=['SMILES', 'ACTIVITY']
2026-04-03 14:23:35 | INFO  | phase_ext_benchmark |   549p.csv: 10000 rows, cols=['SMILES', 'ACTIVITY']
2026-04-03 14:23:35 | INFO  | phase_ext_benchmark |   597p.csv: 10000 rows, cols=['SMILES', 'ACTIVITY']
2026-04-03 14:23:35 | INFO  | phase_ext_benchmark |   867p.csv: 10000 rows, cols=['SMILES', 'ACTIVITY']
2026-04-03 14:23:35 | INFO  | phase_ext_benchmark |   143p.csv: 10000 rows, cols=['SMILES', 'ACTIVITY']
2026-04-03 14:23:35 | INFO  | phase_ext_benchmark |   719p.csv: 10000 rows, cols=['SMILES', 'ACTIVITY']
2026-04-03 14:23:35 | INFO  | phase_ext_benchmark |   653p.csv: 10000 rows, cols=['SMILES', 'ACTIVITY']
2026-04-03 14:23:35 | INFO  | phase_ext_benchmark |   392p.csv: 10000 rows, cols=['SMILES', 'ACTIVITY']
2026-04-03 14:23:35 | INFO  | phase_ext_benchmark |   426p.csv: 10000 rows, cols=['SMILES', 'ACTIVITY']
2026-04-03 14:23:35 | INFO  | phase_ext_benchmark |   767p.csv: 10000 rows, cols=['SMILES', 'ACTIVITY']
2026-04-03 14:23:35 | INFO  | phase_ext_benchmark |   732p.csv: 10000 rows, cols=['SMILES', 'ACTIVITY']
2026-04-03 14:23:35 | INFO  | phase_ext_benchmark |   643p.csv: 10000 rows, cols=['SMILES', 'ACTIVITY']
2026-04-03 14:23:35 | INFO  | phase_ext_benchmark |   175p.csv: 10000 rows, cols=['SMILES', 'ACTIVITY']
2026-04-03 14:23:35 | INFO  | phase_ext_benchmark |   919p.csv: 10000 rows, cols=['SMILES', 'ACTIVITY']
2026-04-03 14:23:35 | INFO  | phase_ext_benchmark |   331p.csv: 10000 rows, cols=['SMILES', 'ACTIVITY']
2026-04-03 14:23:35 | INFO  | phase_ext_benchmark |   911p.csv: 10000 rows, cols=['SMILES', 'ACTIVITY']
2026-04-03 14:23:35 | INFO  | phase_ext_benchmark |   418p.csv: 10000 rows, cols=['SMILES', 'ACTIVITY']
2026-04-03 14:23:35 | INFO  | phase_ext_benchmark |   833p.csv: 10000 rows, cols=['SMILES', 'ACTIVITY']
2026-04-03 14:23:35 | INFO  | phase_ext_benchmark |   1093p.csv: 10000 rows, cols=['SMILES', 'ACTIVITY']
2026-04-03 14:23:35 | INFO  | phase_ext_benchmark |   966p.csv: 10000 rows, cols=['SMILES', 'ACTIVITY']
2026-04-03 14:23:35 | INFO  | phase_ext_benchmark |   247p.csv: 10000 rows, cols=['SMILES', 'ACTIVITY']
2026-04-03 14:23:35 | INFO  | phase_ext_benchmark |   1112p.csv: 10000 rows, cols=['SMILES', 'ACTIVITY']
2026-04-03 14:23:35 | INFO  | phase_ext_benchmark |   976p.csv: 10000 rows, cols=['SMILES', 'ACTIVITY']
2026-04-03 14:23:35 | INFO  | phase_ext_benchmark |   459p.csv: 10000 rows, cols=['SMILES', 'ACTIVITY']
2026-04-03 14:23:35 | INFO  | phase_ext_benchmark |   1115p.csv: 10000 rows, cols=['SMILES', 'ACTIVITY']
2026-04-03 14:23:35 | INFO  | phase_ext_benchmark |   973p.csv: 10000 rows, cols=['SMILES', 'ACTIVITY']
2026-04-03 14:23:35 | INFO  | phase_ext_benchmark |   458p.csv: 10000 rows, cols=['SMILES', 'ACTIVITY']
2026-04-03 14:23:35 | INFO  | phase_ext_benchmark |   200p.csv: 10000 rows, cols=['SMILES', 'ACTIVITY']
2026-04-03 14:23:35 | INFO  | phase_ext_benchmark |   840p.csv: 10000 rows, cols=['SMILES', 'ACTIVITY']
2026-04-03 14:23:35 | INFO  | phase_ext_benchmark |   1097p.csv: 10000 rows, cols=['SMILES', 'ACTIVITY']
2026-04-03 14:23:35 | INFO  | phase_ext_benchmark |   661p.csv: 10000 rows, cols=['SMILES', 'ACTIVITY']
2026-04-03 14:23:35 | INFO  | phase_ext_benchmark |   126p.csv: 10000 rows, cols=['SMILES', 'ACTIVITY']
2026-04-03 14:23:35 | INFO  | phase_ext_benchmark |   645p.csv: 10000 rows, cols=['SMILES', 'ACTIVITY']
2026-04-03 14:23:35 | INFO  | phase_ext_benchmark |   517p.csv: 10000 rows, cols=['SMILES', 'ACTIVITY']
2026-04-03 14:23:35 | INFO  | phase_ext_benchmark |   159p.csv: 10000 rows, cols=['SMILES', 'ACTIVITY']
2026-04-03 14:23:35 | INFO  | phase_ext_benchmark |   567p.csv: 10000 rows, cols=['SMILES', 'ACTIVITY']
2026-04-03 14:23:35 | INFO  | phase_ext_benchmark |   79p.csv: 10000 rows, cols=['SMILES', 'ACTIVITY']
2026-04-03 14:23:35 | INFO  | phase_ext_benchmark |   172p.csv: 10000 rows, cols=['SMILES', 'ACTIVITY']
2026-04-03 14:23:35 | INFO  | phase_ext_benchmark |   244p.csv: 10000 rows, cols=['SMILES', 'ACTIVITY']
2026-04-03 14:23:35 | INFO  | phase_ext_benchmark |   1000p.csv: 10000 rows, cols=['SMILES', 'ACTIVITY']
2026-04-03 14:23:35 | INFO  | phase_ext_benchmark |   450p.csv: 10000 rows, cols=['SMILES', 'ACTIVITY']
2026-04-03 14:23:35 | INFO  | phase_ext_benchmark |   666p.csv: 10000 rows, cols=['SMILES', 'ACTIVITY']
2026-04-03 14:23:35 | INFO  | phase_ext_benchmark |   544p.csv: 10000 rows, cols=['SMILES', 'ACTIVITY']
2026-04-03 14:23:35 | INFO  | phase_ext_benchmark |   35p.csv: 10000 rows, cols=['SMILES', 'ACTIVITY']
2026-04-03 14:23:35 | INFO  | phase_ext_benchmark |   32p.csv: 10000 rows, cols=['SMILES', 'ACTIVITY']
2026-04-03 14:23:35 | INFO  | phase_ext_benchmark |   53p.csv: 10000 rows, cols=['SMILES', 'ACTIVITY']
2026-04-03 14:23:35 | INFO  | phase_ext_benchmark |   638p.csv: 10000 rows, cols=['SMILES', 'ACTIVITY']
2026-04-03 14:23:35 | INFO  | phase_ext_benchmark |   491p.csv: 10000 rows, cols=['SMILES', 'ACTIVITY']
2026-04-03 14:23:35 | INFO  | phase_ext_benchmark |   990p.csv: 10000 rows, cols=['SMILES', 'ACTIVITY']
2026-04-03 14:23:35 | INFO  | phase_ext_benchmark |   1045p.csv: 10000 rows, cols=['SMILES', 'ACTIVITY']
2026-04-03 14:23:35 | INFO  | phase_ext_benchmark |   1101p.csv: 10000 rows, cols=['SMILES', 'ACTIVITY']
2026-04-03 14:23:35 | INFO  | phase_ext_benchmark |   509p.csv: 10000 rows, cols=['SMILES', 'ACTIVITY']
2026-04-03 14:23:35 | INFO  | phase_ext_benchmark |   681p.csv: 10000 rows, cols=['SMILES', 'ACTIVITY']
2026-04-03 14:23:35 | INFO  | phase_ext_benchmark |   381p.csv: 10000 rows, cols=['SMILES', 'ACTIVITY']
2026-04-03 14:23:35 | INFO  | phase_ext_benchmark |   119p.csv: 10000 rows, cols=['SMILES', 'ACTIVITY']
2026-04-03 14:23:35 | INFO  | phase_ext_benchmark |   1031p.csv: 10000 rows, cols=['SMILES', 'ACTIVITY']
2026-04-03 14:23:35 | INFO  | phase_ext_benchmark |   1111p.csv: 10000 rows, cols=['SMILES', 'ACTIVITY']
2026-04-03 14:23:35 | INFO  | phase_ext_benchmark |   854p.csv: 10000 rows, cols=['SMILES', 'ACTIVITY']
2026-04-03 14:23:35 | INFO  | phase_ext_benchmark |   301p.csv: 10000 rows, cols=['SMILES', 'ACTIVITY']
2026-04-03 14:23:35 | INFO  | phase_ext_benchmark |   802p.csv: 10000 rows, cols=['SMILES', 'ACTIVITY']
2026-04-03 14:23:35 | INFO  | phase_ext_benchmark |   504p.csv: 10000 rows, cols=['SMILES', 'ACTIVITY']
2026-04-03 14:23:35 | INFO  | phase_ext_benchmark |   436p.csv: 10000 rows, cols=['SMILES', 'ACTIVITY']
2026-04-03 14:23:35 | INFO  | phase_ext_benchmark |   942p.csv: 10000 rows, cols=['SMILES', 'ACTIVITY']
2026-04-03 14:23:35 | INFO  | phase_ext_benchmark |   24p.csv: 10000 rows, cols=['SMILES', 'ACTIVITY']
2026-04-03 14:23:35 | INFO  | phase_ext_benchmark |   989p.csv: 10000 rows, cols=['SMILES', 'ACTIVITY']
2026-04-03 14:23:35 | INFO  | phase_ext_benchmark |   264p.csv: 10000 rows, cols=['SMILES', 'ACTIVITY']
2026-04-03 14:23:35 | INFO  | phase_ext_benchmark |   650p.csv: 10000 rows, cols=['SMILES', 'ACTIVITY']
2026-04-03 14:23:35 | INFO  | phase_ext_benchmark |   152p.csv: 10000 rows, cols=['SMILES', 'ACTIVITY']
2026-04-03 14:23:35 | INFO  | phase_ext_benchmark |   14p.csv: 10000 rows, cols=['SMILES', 'ACTIVITY']
2026-04-03 14:23:35 | INFO  | phase_ext_benchmark |   246p.csv: 10000 rows, cols=['SMILES', 'ACTIVITY']
2026-04-03 14:23:36 | INFO  | phase_ext_benchmark |   5p.csv: 10000 rows, cols=['SMILES', 'ACTIVITY']
2026-04-03 14:23:36 | INFO  | phase_ext_benchmark |   683p.csv: 10000 rows, cols=['SMILES', 'ACTIVITY']
2026-04-03 14:23:36 | INFO  | phase_ext_benchmark |   207p.csv: 10000 rows, cols=['SMILES', 'ACTIVITY']
2026-04-03 14:23:36 | INFO  | phase_ext_benchmark |   220p.csv: 10000 rows, cols=['SMILES', 'ACTIVITY']
2026-04-03 14:23:36 | INFO  | phase_ext_benchmark |   162p.csv: 10000 rows, cols=['SMILES', 'ACTIVITY']
2026-04-03 14:23:36 | INFO  | phase_ext_benchmark |   579p.csv: 10000 rows, cols=['SMILES', 'ACTIVITY']
2026-04-03 14:23:36 | INFO  | phase_ext_benchmark |   747p.csv: 10000 rows, cols=['SMILES', 'ACTIVITY']
2026-04-03 14:23:36 | INFO  | phase_ext_benchmark |   408p.csv: 10000 rows, cols=['SMILES', 'ACTIVITY']
2026-04-03 14:23:36 | INFO  | phase_ext_benchmark |   522p.csv: 10000 rows, cols=['SMILES', 'ACTIVITY']
2026-04-03 14:23:36 | INFO  | phase_ext_benchmark |   248p.csv: 10000 rows, cols=['SMILES', 'ACTIVITY']
2026-04-03 14:23:36 | INFO  | phase_ext_benchmark |   90p.csv: 10000 rows, cols=['SMILES', 'ACTIVITY']
2026-04-03 14:23:36 | INFO  | phase_ext_benchmark |   558p.csv: 10000 rows, cols=['SMILES', 'ACTIVITY']
2026-04-03 14:23:36 | INFO  | phase_ext_benchmark |   108p.csv: 10000 rows, cols=['SMILES', 'ACTIVITY']
2026-04-03 14:23:36 | INFO  | phase_ext_benchmark |   295p.csv: 10000 rows, cols=['SMILES', 'ACTIVITY']
2026-04-03 14:23:36 | INFO  | phase_ext_benchmark |   183p.csv: 10000 rows, cols=['SMILES', 'ACTIVITY']
2026-04-03 14:23:36 | INFO  | phase_ext_benchmark |   116p.csv: 10000 rows, cols=['SMILES', 'ACTIVITY']
2026-04-03 14:23:36 | INFO  | phase_ext_benchmark |   28p.csv: 10000 rows, cols=['SMILES', 'ACTIVITY']
2026-04-03 14:23:36 | INFO  | phase_ext_benchmark |   913p.csv: 10000 rows, cols=['SMILES', 'ACTIVITY']
2026-04-03 14:23:36 | INFO  | phase_ext_benchmark |   239p.csv: 10000 rows, cols=['SMILES', 'ACTIVITY']
2026-04-03 14:23:36 | INFO  | phase_ext_benchmark |   753p.csv: 10000 rows, cols=['SMILES', 'ACTIVITY']
2026-04-03 14:23:36 | INFO  | phase_ext_benchmark |   818p.csv: 10000 rows, cols=['SMILES', 'ACTIVITY']
2026-04-03 14:23:36 | INFO  | phase_ext_benchmark |   413p.csv: 10000 rows, cols=['SMILES', 'ACTIVITY']
2026-04-03 14:23:36 | INFO  | phase_ext_benchmark |   530p.csv: 10000 rows, cols=['SMILES', 'ACTIVITY']
2026-04-03 14:23:36 | INFO  | phase_ext_benchmark |   555p.csv: 10000 rows, cols=['SMILES', 'ACTIVITY']
2026-04-03 14:23:36 | INFO  | phase_ext_benchmark |   768p.csv: 10000 rows, cols=['SMILES', 'ACTIVITY']
2026-04-03 14:23:36 | INFO  | phase_ext_benchmark |   992p.csv: 10000 rows, cols=['SMILES', 'ACTIVITY']
2026-04-03 14:23:36 | INFO  | phase_ext_benchmark |   120p.csv: 10000 rows, cols=['SMILES', 'ACTIVITY']
2026-04-03 14:23:36 | INFO  | phase_ext_benchmark |   367p.csv: 10000 rows, cols=['SMILES', 'ACTIVITY']
2026-04-03 14:23:36 | INFO  | phase_ext_benchmark |   139p.csv: 10000 rows, cols=['SMILES', 'ACTIVITY']
2026-04-03 14:23:36 | INFO  | phase_ext_benchmark |   61p.csv: 10000 rows, cols=['SMILES', 'ACTIVITY']
2026-04-03 14:23:36 | INFO  | phase_ext_benchmark |   104p.csv: 10000 rows, cols=['SMILES', 'ACTIVITY']
2026-04-03 14:23:36 | INFO  | phase_ext_benchmark |   298p.csv: 10000 rows, cols=['SMILES', 'ACTIVITY']
2026-04-03 14:23:36 | INFO  | phase_ext_benchmark |   251p.csv: 10000 rows, cols=['SMILES', 'ACTIVITY']
2026-04-03 14:23:36 | INFO  | phase_ext_benchmark |   526p.csv: 10000 rows, cols=['SMILES', 'ACTIVITY']
2026-04-03 14:23:36 | INFO  | phase_ext_benchmark |   537p.csv: 10000 rows, cols=['SMILES', 'ACTIVITY']
2026-04-03 14:23:36 | INFO  | phase_ext_benchmark |   499p.csv: 10000 rows, cols=['SMILES', 'ACTIVITY']
2026-04-03 14:23:36 | INFO  | phase_ext_benchmark |   598p.csv: 10000 rows, cols=['SMILES', 'ACTIVITY']
2026-04-03 14:23:36 | INFO  | phase_ext_benchmark |   918p.csv: 10000 rows, cols=['SMILES', 'ACTIVITY']
2026-04-03 14:23:36 | INFO  | phase_ext_benchmark |   498p.csv: 10000 rows, cols=['SMILES', 'ACTIVITY']
2026-04-03 14:23:36 | INFO  | phase_ext_benchmark |   779p.csv: 10000 rows, cols=['SMILES', 'ACTIVITY']
2026-04-03 14:23:36 | INFO  | phase_ext_benchmark |   290p.csv: 10000 rows, cols=['SMILES', 'ACTIVITY']
2026-04-03 14:23:36 | INFO  | phase_ext_benchmark |   954p.csv: 10000 rows, cols=['SMILES', 'ACTIVITY']
2026-04-03 14:23:36 | INFO  | phase_ext_benchmark |   56p.csv: 10000 rows, cols=['SMILES', 'ACTIVITY']
2026-04-03 14:23:36 | INFO  | phase_ext_benchmark |   506p.csv: 10000 rows, cols=['SMILES', 'ACTIVITY']
2026-04-03 14:23:36 | INFO  | phase_ext_benchmark |   112p.csv: 10000 rows, cols=['SMILES', 'ACTIVITY']
2026-04-03 14:23:36 | INFO  | phase_ext_benchmark |   106p.csv: 10000 rows, cols=['SMILES', 'ACTIVITY']
2026-04-03 14:23:36 | INFO  | phase_ext_benchmark |   192p.csv: 10000 rows, cols=['SMILES', 'ACTIVITY']
2026-04-03 14:23:36 | INFO  | phase_ext_benchmark |   114p.csv: 10000 rows, cols=['SMILES', 'ACTIVITY']
2026-04-03 14:23:36 | INFO  | phase_ext_benchmark |   542p.csv: 10000 rows, cols=['SMILES', 'ACTIVITY']
2026-04-03 14:23:36 | INFO  | phase_ext_benchmark |   1012p.csv: 10000 rows, cols=['SMILES', 'ACTIVITY']
2026-04-03 14:23:36 | INFO  | phase_ext_benchmark |   1079p.csv: 10000 rows, cols=['SMILES', 'ACTIVITY']
2026-04-03 14:23:36 | INFO  | phase_ext_benchmark |   590p.csv: 10000 rows, cols=['SMILES', 'ACTIVITY']
2026-04-03 14:23:36 | INFO  | phase_ext_benchmark |   354p.csv: 10000 rows, cols=['SMILES', 'ACTIVITY']
2026-04-03 14:23:36 | INFO  | phase_ext_benchmark |   468p.csv: 10000 rows, cols=['SMILES', 'ACTIVITY']
2026-04-03 14:23:36 | INFO  | phase_ext_benchmark |   309p.csv: 10000 rows, cols=['SMILES', 'ACTIVITY']
2026-04-03 14:23:36 | INFO  | phase_ext_benchmark |   343p.csv: 10000 rows, cols=['SMILES', 'ACTIVITY']
2026-04-03 14:23:36 | INFO  | phase_ext_benchmark |   982p.csv: 10000 rows, cols=['SMILES', 'ACTIVITY']
2026-04-03 14:23:36 | INFO  | phase_ext_benchmark |   775p.csv: 10000 rows, cols=['SMILES', 'ACTIVITY']
2026-04-03 14:23:36 | INFO  | phase_ext_benchmark |   920p.csv: 10000 rows, cols=['SMILES', 'ACTIVITY']
2026-04-03 14:23:36 | INFO  | phase_ext_benchmark |   18p.csv: 10000 rows, cols=['SMILES', 'ACTIVITY']
2026-04-03 14:23:36 | INFO  | phase_ext_benchmark |   167p.csv: 10000 rows, cols=['SMILES', 'ACTIVITY']
2026-04-03 14:23:36 | INFO  | phase_ext_benchmark |   617p.csv: 10000 rows, cols=['SMILES', 'ACTIVITY']
2026-04-03 14:23:36 | INFO  | phase_ext_benchmark |   1110p.csv: 10000 rows, cols=['SMILES', 'ACTIVITY']
2026-04-03 14:23:36 | INFO  | phase_ext_benchmark |   401p.csv: 10000 rows, cols=['SMILES', 'ACTIVITY']
2026-04-03 14:23:36 | INFO  | phase_ext_benchmark |   869p.csv: 10000 rows, cols=['SMILES', 'ACTIVITY']
2026-04-03 14:23:36 | INFO  | phase_ext_benchmark |   539p.csv: 10000 rows, cols=['SMILES', 'ACTIVITY']
2026-04-03 14:23:36 | INFO  | phase_ext_benchmark |   300p.csv: 10000 rows, cols=['SMILES', 'ACTIVITY']
2026-04-03 14:23:36 | INFO  | phase_ext_benchmark |   838p.csv: 10000 rows, cols=['SMILES', 'ACTIVITY']
2026-04-03 14:23:36 | INFO  | phase_ext_benchmark |   1017p.csv: 10000 rows, cols=['SMILES', 'ACTIVITY']
2026-04-03 14:23:36 | INFO  | phase_ext_benchmark |   7p.csv: 10000 rows, cols=['SMILES', 'ACTIVITY']
2026-04-03 14:23:36 | INFO  | phase_ext_benchmark |   657p.csv: 10000 rows, cols=['SMILES', 'ACTIVITY']
2026-04-03 14:23:36 | INFO  | phase_ext_benchmark |   936p.csv: 10000 rows, cols=['SMILES', 'ACTIVITY']
2026-04-03 14:23:36 | INFO  | phase_ext_benchmark |   490p.csv: 10000 rows, cols=['SMILES', 'ACTIVITY']
2026-04-03 14:23:36 | INFO  | phase_ext_benchmark |   875p.csv: 10000 rows, cols=['SMILES', 'ACTIVITY']
2026-04-03 14:23:36 | INFO  | phase_ext_benchmark |   372p.csv: 10000 rows, cols=['SMILES', 'ACTIVITY']
2026-04-03 14:23:36 | INFO  | phase_ext_benchmark |   39p.csv: 10000 rows, cols=['SMILES', 'ACTIVITY']
2026-04-03 14:23:36 | INFO  | phase_ext_benchmark |   302p.csv: 10000 rows, cols=['SMILES', 'ACTIVITY']
2026-04-03 14:23:36 | INFO  | phase_ext_benchmark |   1034p.csv: 10000 rows, cols=['SMILES', 'ACTIVITY']
2026-04-03 14:23:36 | INFO  | phase_ext_benchmark |   889p.csv: 10000 rows, cols=['SMILES', 'ACTIVITY']
2026-04-03 14:23:36 | INFO  | phase_ext_benchmark |   274p.csv: 10000 rows, cols=['SMILES', 'ACTIVITY']
2026-04-03 14:23:36 | INFO  | phase_ext_benchmark |   338p.csv: 10000 rows, cols=['SMILES', 'ACTIVITY']
2026-04-03 14:23:36 | INFO  | phase_ext_benchmark |   326p.csv: 10000 rows, cols=['SMILES', 'ACTIVITY']
2026-04-03 14:23:36 | INFO  | phase_ext_benchmark |   314p.csv: 10000 rows, cols=['SMILES', 'ACTIVITY']
2026-04-03 14:23:36 | INFO  | phase_ext_benchmark |   324p.csv: 10000 rows, cols=['SMILES', 'ACTIVITY']
2026-04-03 14:23:36 | INFO  | phase_ext_benchmark |   312p.csv: 10000 rows, cols=['SMILES', 'ACTIVITY']
2026-04-03 14:23:36 | INFO  | phase_ext_benchmark |   831p.csv: 10000 rows, cols=['SMILES', 'ACTIVITY']
2026-04-03 14:23:36 | INFO  | phase_ext_benchmark |   1042p.csv: 10000 rows, cols=['SMILES', 'ACTIVITY']
2026-04-03 14:23:36 | INFO  | phase_ext_benchmark |   1124p.csv: 10000 rows, cols=['SMILES', 'ACTIVITY']
2026-04-03 14:23:36 | INFO  | phase_ext_benchmark |   377p.csv: 10000 rows, cols=['SMILES', 'ACTIVITY']
2026-04-03 14:23:36 | INFO  | phase_ext_benchmark |   593p.csv: 10000 rows, cols=['SMILES', 'ACTIVITY']
2026-04-03 14:23:36 | INFO  | phase_ext_benchmark |   415p.csv: 10000 rows, cols=['SMILES', 'ACTIVITY']
2026-04-03 14:23:36 | INFO  | phase_ext_benchmark |   930p.csv: 10000 rows, cols=['SMILES', 'ACTIVITY']
2026-04-03 14:23:36 | INFO  | phase_ext_benchmark |   647p.csv: 10000 rows, cols=['SMILES', 'ACTIVITY']
2026-04-03 14:23:36 | INFO  | phase_ext_benchmark |   1105p.csv: 10000 rows, cols=['SMILES', 'ACTIVITY']
2026-04-03 14:23:36 | INFO  | phase_ext_benchmark |   483p.csv: 10000 rows, cols=['SMILES', 'ACTIVITY']
2026-04-03 14:23:36 | INFO  | phase_ext_benchmark |   664p.csv: 10000 rows, cols=['SMILES', 'ACTIVITY']
2026-04-03 14:23:36 | INFO  | phase_ext_benchmark |   971p.csv: 10000 rows, cols=['SMILES', 'ACTIVITY']
2026-04-03 14:23:36 | INFO  | phase_ext_benchmark |   799p.csv: 10000 rows, cols=['SMILES', 'ACTIVITY']
2026-04-03 14:23:36 | INFO  | phase_ext_benchmark |   57p.csv: 10000 rows, cols=['SMILES', 'ACTIVITY']
2026-04-03 14:23:36 | INFO  | phase_ext_benchmark |   497p.csv: 10000 rows, cols=['SMILES', 'ACTIVITY']
2026-04-03 14:23:36 | INFO  | phase_ext_benchmark |   952p.csv: 10000 rows, cols=['SMILES', 'ACTIVITY']
2026-04-03 14:23:36 | INFO  | phase_ext_benchmark |   154p.csv: 10000 rows, cols=['SMILES', 'ACTIVITY']
2026-04-03 14:23:36 | INFO  | phase_ext_benchmark |   665p.csv: 10000 rows, cols=['SMILES', 'ACTIVITY']
2026-04-03 14:23:36 | INFO  | phase_ext_benchmark |   651p.csv: 10000 rows, cols=['SMILES', 'ACTIVITY']
2026-04-03 14:23:36 | INFO  | phase_ext_benchmark |   694p.csv: 10000 rows, cols=['SMILES', 'ACTIVITY']
2026-04-03 14:23:36 | INFO  | phase_ext_benchmark |   795p.csv: 10000 rows, cols=['SMILES', 'ACTIVITY']
2026-04-03 14:23:36 | INFO  | phase_ext_benchmark |   400p.csv: 10000 rows, cols=['SMILES', 'ACTIVITY']
2026-04-03 14:23:36 | INFO  | phase_ext_benchmark |   514p.csv: 10000 rows, cols=['SMILES', 'ACTIVITY']
2026-04-03 14:23:37 | INFO  | phase_ext_benchmark |   726p.csv: 10000 rows, cols=['SMILES', 'ACTIVITY']
2026-04-03 14:23:37 | INFO  | phase_ext_benchmark |   25p.csv: 10000 rows, cols=['SMILES', 'ACTIVITY']
2026-04-03 14:23:37 | INFO  | phase_ext_benchmark |   921p.csv: 10000 rows, cols=['SMILES', 'ACTIVITY']
2026-04-03 14:23:37 | INFO  | phase_ext_benchmark |   63p.csv: 10000 rows, cols=['SMILES', 'ACTIVITY']
2026-04-03 14:23:37 | INFO  | phase_ext_benchmark |   332p.csv: 10000 rows, cols=['SMILES', 'ACTIVITY']
2026-04-03 14:23:37 | INFO  | phase_ext_benchmark |   975p.csv: 10000 rows, cols=['SMILES', 'ACTIVITY']
2026-04-03 14:23:37 | INFO  | phase_ext_benchmark |   146p.csv: 10000 rows, cols=['SMILES', 'ACTIVITY']
2026-04-03 14:23:37 | INFO  | phase_ext_benchmark |   466p.csv: 10000 rows, cols=['SMILES', 'ACTIVITY']
2026-04-03 14:23:37 | INFO  | phase_ext_benchmark |   623p.csv: 10000 rows, cols=['SMILES', 'ACTIVITY']
2026-04-03 14:23:37 | INFO  | phase_ext_benchmark |   1065p.csv: 10000 rows, cols=['SMILES', 'ACTIVITY']
2026-04-03 14:23:37 | INFO  | phase_ext_benchmark |   844p.csv: 10000 rows, cols=['SMILES', 'ACTIVITY']
2026-04-03 14:23:37 | INFO  | phase_ext_benchmark |   286p.csv: 10000 rows, cols=['SMILES', 'ACTIVITY']
2026-04-03 14:23:37 | INFO  | phase_ext_benchmark |   122p.csv: 10000 rows, cols=['SMILES', 'ACTIVITY']
2026-04-03 14:23:37 | INFO  | phase_ext_benchmark |   699p.csv: 10000 rows, cols=['SMILES', 'ACTIVITY']
2026-04-03 14:23:37 | INFO  | phase_ext_benchmark |   1038p.csv: 10000 rows, cols=['SMILES', 'ACTIVITY']
2026-04-03 14:23:37 | INFO  | phase_ext_benchmark |   789p.csv: 10000 rows, cols=['SMILES', 'ACTIVITY']
2026-04-03 14:23:37 | INFO  | phase_ext_benchmark |   163p.csv: 10000 rows, cols=['SMILES', 'ACTIVITY']
2026-04-03 14:23:37 | INFO  | phase_ext_benchmark |   249p.csv: 10000 rows, cols=['SMILES', 'ACTIVITY']
2026-04-03 14:23:37 | INFO  | phase_ext_benchmark |   1046p.csv: 10000 rows, cols=['SMILES', 'ACTIVITY']
2026-04-03 14:23:37 | INFO  | phase_ext_benchmark |   1030p.csv: 10000 rows, cols=['SMILES', 'ACTIVITY']
2026-04-03 14:23:37 | INFO  | phase_ext_benchmark |   880p.csv: 10000 rows, cols=['SMILES', 'ACTIVITY']
2026-04-03 14:23:37 | INFO  | phase_ext_benchmark |   848p.csv: 10000 rows, cols=['SMILES', 'ACTIVITY']
2026-04-03 14:23:37 | INFO  | phase_ext_benchmark |   451p.csv: 10000 rows, cols=['SMILES', 'ACTIVITY']
2026-04-03 14:23:37 | INFO  | phase_ext_benchmark |   635p.csv: 10000 rows, cols=['SMILES', 'ACTIVITY']
2026-04-03 14:23:37 | INFO  | phase_ext_benchmark |   1123p.csv: 10000 rows, cols=['SMILES', 'ACTIVITY']
2026-04-03 14:23:37 | INFO  | phase_ext_benchmark |   91p.csv: 10000 rows, cols=['SMILES', 'ACTIVITY']
2026-04-03 14:23:37 | INFO  | phase_ext_benchmark |   65p.csv: 10000 rows, cols=['SMILES', 'ACTIVITY']
2026-04-03 14:23:37 | INFO  | phase_ext_benchmark |   616p.csv: 10000 rows, cols=['SMILES', 'ACTIVITY']
2026-04-03 14:23:37 | INFO  | phase_ext_benchmark |   425p.csv: 10000 rows, cols=['SMILES', 'ACTIVITY']
2026-04-03 14:23:37 | INFO  | phase_ext_benchmark |   996p.csv: 10000 rows, cols=['SMILES', 'ACTIVITY']
2026-04-03 14:23:37 | INFO  | phase_ext_benchmark |   813p.csv: 10000 rows, cols=['SMILES', 'ACTIVITY']
2026-04-03 14:23:37 | INFO  | phase_ext_benchmark |   523p.csv: 10000 rows, cols=['SMILES', 'ACTIVITY']
2026-04-03 14:23:37 | INFO  | phase_ext_benchmark |   1127p.csv: 7249 rows, cols=['SMILES', 'ACTIVITY']
2026-04-03 14:23:37 | INFO  | phase_ext_benchmark |   155p.csv: 10000 rows, cols=['SMILES', 'ACTIVITY']
2026-04-03 14:23:37 | INFO  | phase_ext_benchmark |   596p.csv: 10000 rows, cols=['SMILES', 'ACTIVITY']
2026-04-03 14:23:37 | INFO  | phase_ext_benchmark |   763p.csv: 10000 rows, cols=['SMILES', 'ACTIVITY']
2026-04-03 14:23:37 | INFO  | phase_ext_benchmark |   553p.csv: 10000 rows, cols=['SMILES', 'ACTIVITY']
2026-04-03 14:23:37 | INFO  | phase_ext_benchmark |   750p.csv: 10000 rows, cols=['SMILES', 'ACTIVITY']
2026-04-03 14:23:37 | INFO  | phase_ext_benchmark |   350p.csv: 10000 rows, cols=['SMILES', 'ACTIVITY']
2026-04-03 14:23:37 | INFO  | phase_ext_benchmark |   997p.csv: 10000 rows, cols=['SMILES', 'ACTIVITY']
2026-04-03 14:23:37 | INFO  | phase_ext_benchmark |   1015p.csv: 10000 rows, cols=['SMILES', 'ACTIVITY']
2026-04-03 14:23:37 | INFO  | phase_ext_benchmark |   448p.csv: 10000 rows, cols=['SMILES', 'ACTIVITY']
2026-04-03 14:23:37 | INFO  | phase_ext_benchmark |   819p.csv: 10000 rows, cols=['SMILES', 'ACTIVITY']
2026-04-03 14:23:37 | INFO  | phase_ext_benchmark |   1055p.csv: 10000 rows, cols=['SMILES', 'ACTIVITY']
2026-04-03 14:23:37 | INFO  | phase_ext_benchmark |   118p.csv: 10000 rows, cols=['SMILES', 'ACTIVITY']
2026-04-03 14:23:37 | INFO  | phase_ext_benchmark |   861p.csv: 10000 rows, cols=['SMILES', 'ACTIVITY']
2026-04-03 14:23:37 | INFO  | phase_ext_benchmark |   240p.csv: 10000 rows, cols=['SMILES', 'ACTIVITY']
2026-04-03 14:23:37 | INFO  | phase_ext_benchmark |   54p.csv: 10000 rows, cols=['SMILES', 'ACTIVITY']
2026-04-03 14:23:37 | INFO  | phase_ext_benchmark |   242p.csv: 10000 rows, cols=['SMILES', 'ACTIVITY']
2026-04-03 14:23:37 | INFO  | phase_ext_benchmark |   741p.csv: 10000 rows, cols=['SMILES', 'ACTIVITY']
2026-04-03 14:23:37 | INFO  | phase_ext_benchmark |   842p.csv: 10000 rows, cols=['SMILES', 'ACTIVITY']
2026-04-03 14:23:37 | INFO  | phase_ext_benchmark |   868p.csv: 10000 rows, cols=['SMILES', 'ACTIVITY']
2026-04-03 14:23:37 | INFO  | phase_ext_benchmark |   359p.csv: 10000 rows, cols=['SMILES', 'ACTIVITY']
2026-04-03 14:23:37 | INFO  | phase_ext_benchmark |   534p.csv: 10000 rows, cols=['SMILES', 'ACTIVITY']
2026-04-03 14:23:37 | INFO  | phase_ext_benchmark |   679p.csv: 10000 rows, cols=['SMILES', 'ACTIVITY']
2026-04-03 14:23:37 | INFO  | phase_ext_benchmark |   434p.csv: 10000 rows, cols=['SMILES', 'ACTIVITY']
2026-04-03 14:23:37 | INFO  | phase_ext_benchmark |   495p.csv: 10000 rows, cols=['SMILES', 'ACTIVITY']
2026-04-03 14:23:37 | INFO  | phase_ext_benchmark |   30p.csv: 10000 rows, cols=['SMILES', 'ACTIVITY']
2026-04-03 14:23:37 | INFO  | phase_ext_benchmark |   923p.csv: 10000 rows, cols=['SMILES', 'ACTIVITY']
2026-04-03 14:23:37 | INFO  | phase_ext_benchmark |   928p.csv: 10000 rows, cols=['SMILES', 'ACTIVITY']
2026-04-03 14:23:37 | INFO  | phase_ext_benchmark |   198p.csv: 10000 rows, cols=['SMILES', 'ACTIVITY']
2026-04-03 14:23:37 | INFO  | phase_ext_benchmark |   370p.csv: 10000 rows, cols=['SMILES', 'ACTIVITY']
2026-04-03 14:23:37 | INFO  | phase_ext_benchmark |   641p.csv: 10000 rows, cols=['SMILES', 'ACTIVITY']
2026-04-03 14:23:37 | INFO  | phase_ext_benchmark |   849p.csv: 10000 rows, cols=['SMILES', 'ACTIVITY']
2026-04-03 14:23:37 | INFO  | phase_ext_benchmark |   716p.csv: 10000 rows, cols=['SMILES', 'ACTIVITY']
2026-04-03 14:23:37 | INFO  | phase_ext_benchmark |   801p.csv: 10000 rows, cols=['SMILES', 'ACTIVITY']
2026-04-03 14:23:37 | INFO  | phase_ext_benchmark |   387p.csv: 10000 rows, cols=['SMILES', 'ACTIVITY']
2026-04-03 14:23:37 | INFO  | phase_ext_benchmark |   1083p.csv: 10000 rows, cols=['SMILES', 'ACTIVITY']
2026-04-03 14:23:37 | INFO  | phase_ext_benchmark |   946p.csv: 10000 rows, cols=['SMILES', 'ACTIVITY']
2026-04-03 14:23:37 | INFO  | phase_ext_benchmark |   857p.csv: 10000 rows, cols=['SMILES', 'ACTIVITY']
2026-04-03 14:23:37 | INFO  | phase_ext_benchmark |   438p.csv: 10000 rows, cols=['SMILES', 'ACTIVITY']
2026-04-03 14:23:37 | INFO  | phase_ext_benchmark |   311p.csv: 10000 rows, cols=['SMILES', 'ACTIVITY']
2026-04-03 14:23:37 | INFO  | phase_ext_benchmark |   153p.csv: 10000 rows, cols=['SMILES', 'ACTIVITY']
2026-04-03 14:23:37 | INFO  | phase_ext_benchmark |   776p.csv: 10000 rows, cols=['SMILES', 'ACTIVITY']
2026-04-03 14:23:37 | INFO  | phase_ext_benchmark |   144p.csv: 10000 rows, cols=['SMILES', 'ACTIVITY']
2026-04-03 14:23:37 | INFO  | phase_ext_benchmark |   433p.csv: 10000 rows, cols=['SMILES', 'ACTIVITY']
2026-04-03 14:23:37 | INFO  | phase_ext_benchmark |   355p.csv: 10000 rows, cols=['SMILES', 'ACTIVITY']
2026-04-03 14:23:37 | INFO  | phase_ext_benchmark |   850p.csv: 10000 rows, cols=['SMILES', 'ACTIVITY']
2026-04-03 14:23:37 | INFO  | phase_ext_benchmark |   428p.csv: 10000 rows, cols=['SMILES', 'ACTIVITY']
2026-04-03 14:23:37 | INFO  | phase_ext_benchmark |   421p.csv: 10000 rows, cols=['SMILES', 'ACTIVITY']
2026-04-03 14:23:37 | INFO  | phase_ext_benchmark |   281p.csv: 10000 rows, cols=['SMILES', 'ACTIVITY']
2026-04-03 14:23:37 | INFO  | phase_ext_benchmark |   284p.csv: 10000 rows, cols=['SMILES', 'ACTIVITY']
2026-04-03 14:23:37 | INFO  | phase_ext_benchmark |   655p.csv: 10000 rows, cols=['SMILES', 'ACTIVITY']
2026-04-03 14:23:37 | INFO  | phase_ext_benchmark |   612p.csv: 10000 rows, cols=['SMILES', 'ACTIVITY']
2026-04-03 14:23:37 | INFO  | phase_ext_benchmark |   88p.csv: 10000 rows, cols=['SMILES', 'ACTIVITY']
2026-04-03 14:23:37 | INFO  | phase_ext_benchmark |   489p.csv: 10000 rows, cols=['SMILES', 'ACTIVITY']
2026-04-03 14:23:37 | INFO  | phase_ext_benchmark |   924p.csv: 10000 rows, cols=['SMILES', 'ACTIVITY']
2026-04-03 14:23:37 | INFO  | phase_ext_benchmark |   103p.csv: 10000 rows, cols=['SMILES', 'ACTIVITY']
2026-04-03 14:23:37 | INFO  | phase_ext_benchmark |   969p.csv: 10000 rows, cols=['SMILES', 'ACTIVITY']
2026-04-03 14:23:37 | INFO  | phase_ext_benchmark |   586p.csv: 10000 rows, cols=['SMILES', 'ACTIVITY']
2026-04-03 14:23:37 | INFO  | phase_ext_benchmark |   71p.csv: 10000 rows, cols=['SMILES', 'ACTIVITY']
2026-04-03 14:23:37 | INFO  | phase_ext_benchmark |   999p.csv: 10000 rows, cols=['SMILES', 'ACTIVITY']
2026-04-03 14:23:37 | INFO  | phase_ext_benchmark |   803p.csv: 10000 rows, cols=['SMILES', 'ACTIVITY']
2026-04-03 14:23:37 | INFO  | phase_ext_benchmark |   630p.csv: 10000 rows, cols=['SMILES', 'ACTIVITY']
2026-04-03 14:23:37 | INFO  | phase_ext_benchmark |   822p.csv: 10000 rows, cols=['SMILES', 'ACTIVITY']
2026-04-03 14:23:37 | INFO  | phase_ext_benchmark |   853p.csv: 10000 rows, cols=['SMILES', 'ACTIVITY']
2026-04-03 14:23:37 | INFO  | phase_ext_benchmark |   27p.csv: 10000 rows, cols=['SMILES', 'ACTIVITY']
2026-04-03 14:23:37 | INFO  | phase_ext_benchmark |   184p.csv: 10000 rows, cols=['SMILES', 'ACTIVITY']
2026-04-03 14:23:37 | INFO  | phase_ext_benchmark |   686p.csv: 10000 rows, cols=['SMILES', 'ACTIVITY']
2026-04-03 14:23:37 | INFO  | phase_ext_benchmark |   297p.csv: 10000 rows, cols=['SMILES', 'ACTIVITY']
2026-04-03 14:23:37 | INFO  | phase_ext_benchmark |   709p.csv: 10000 rows, cols=['SMILES', 'ACTIVITY']
2026-04-03 14:23:37 | INFO  | phase_ext_benchmark |   752p.csv: 10000 rows, cols=['SMILES', 'ACTIVITY']
2026-04-03 14:23:37 | INFO  | phase_ext_benchmark |   1075p.csv: 10000 rows, cols=['SMILES', 'ACTIVITY']
2026-04-03 14:23:37 | INFO  | phase_ext_benchmark |   414p.csv: 10000 rows, cols=['SMILES', 'ACTIVITY']
2026-04-03 14:23:37 | INFO  | phase_ext_benchmark |   644p.csv: 10000 rows, cols=['SMILES', 'ACTIVITY']
2026-04-03 14:23:37 | INFO  | phase_ext_benchmark |   970p.csv: 10000 rows, cols=['SMILES', 'ACTIVITY']
2026-04-03 14:23:37 | INFO  | phase_ext_benchmark |   1099p.csv: 10000 rows, cols=['SMILES', 'ACTIVITY']
2026-04-03 14:23:37 | INFO  | phase_ext_benchmark |   724p.csv: 10000 rows, cols=['SMILES', 'ACTIVITY']
2026-04-03 14:23:38 | INFO  | phase_ext_benchmark |   559p.csv: 10000 rows, cols=['SMILES', 'ACTIVITY']
2026-04-03 14:23:38 | INFO  | phase_ext_benchmark |   461p.csv: 10000 rows, cols=['SMILES', 'ACTIVITY']
2026-04-03 14:23:38 | INFO  | phase_ext_benchmark |   910p.csv: 10000 rows, cols=['SMILES', 'ACTIVITY']
2026-04-03 14:23:38 | INFO  | phase_ext_benchmark |   690p.csv: 10000 rows, cols=['SMILES', 'ACTIVITY']
2026-04-03 14:23:38 | INFO  | phase_ext_benchmark |   505p.csv: 10000 rows, cols=['SMILES', 'ACTIVITY']
2026-04-03 14:23:38 | INFO  | phase_ext_benchmark |   130p.csv: 10000 rows, cols=['SMILES', 'ACTIVITY']
2026-04-03 14:23:38 | INFO  | phase_ext_benchmark |   668p.csv: 10000 rows, cols=['SMILES', 'ACTIVITY']
2026-04-03 14:23:38 | INFO  | phase_ext_benchmark |   89p.csv: 10000 rows, cols=['SMILES', 'ACTIVITY']
2026-04-03 14:23:38 | INFO  | phase_ext_benchmark |   319p.csv: 10000 rows, cols=['SMILES', 'ACTIVITY']
2026-04-03 14:23:38 | INFO  | phase_ext_benchmark |   4p.csv: 99999 rows, cols=['CCNC(=O)Nc1ccc2c(c1)C(=O)N(C)[C@@H]1CC[C@H](CC(=O)N[C@@H](C)c3ccccc3)O[C@H]1CO2', 'ACTIVITY']
2026-04-03 14:23:38 | INFO  | phase_ext_benchmark |   0p.csv: 99999 rows, cols=['SMILES', 'ACTIVITY']
2026-04-03 14:23:38 | INFO  | phase_ext_benchmark |   1p.csv: 99999 rows, cols=['CC(=O)N1N=C(C[C@@H]1c1ccccc1[N+](=O)[O-])c1ccccc1', 'ACTIVITY']
2026-04-03 14:23:38 | INFO  | phase_ext_benchmark |   6p.csv: 99999 rows, cols=['CN1CCCN(CC1=O)C(=O)NCc1oc2ccc(cc2c1C)F', 'ACTIVITY']
2026-04-03 14:23:38 | INFO  | phase_ext_benchmark |   2p.csv: 99999 rows, cols=['[O-][N+](=O)c1cccc(c1)C(=N)NOC(=O)c1ccccc1Br', 'ACTIVITY']
2026-04-03 14:23:38 | INFO  | phase_ext_benchmark |   3p.csv: 99999 rows, cols=['Fc1ccc(cc1)C(=O)NNC(=O)c1cccs1', 'ACTIVITY']
2026-04-03 14:23:38 | INFO  | phase_ext_benchmark |   5p.csv: 99999 rows, cols=['COC(=O)c1sc(c(c1C)C(=O)OC)NC(=O)CSC1=Nc2ccccc2C(=O)N1c1ccccc1', 'ACTIVITY']
2026-04-03 14:23:38 | INFO  | phase_ext_benchmark |   7p.csv: 99149 rows, cols=['Cc1c(nnn1-c1ccccc1F)C(=O)Nc1ccccc1', 'ACTIVITY']
2026-04-03 14:23:38 | INFO  | phase_ext_benchmark |   train.csv: 39312 rows, cols=['SMILES', 'ACTIVITY']
2026-04-03 14:23:38 | INFO  | phase_ext_benchmark |   test.csv: 283 rows, cols=['SMILES']
2026-04-03 14:23:38 | INFO  | phase_ext_benchmark |   hit.csv: 1 rows, cols=['SMILES']
2026-04-03 14:23:38 | INFO  | phase_ext_benchmark |   hits.csv: 9 compounds overlap with our Hub
2026-04-03 14:23:38 | INFO  | phase_ext_benchmark |   746p.csv: 0 compounds overlap with our Hub
2026-04-03 14:23:38 | INFO  | phase_ext_benchmark |   70p.csv: 0 compounds overlap with our Hub
2026-04-03 14:23:38 | INFO  | phase_ext_benchmark |   404p.csv: 0 compounds overlap with our Hub
2026-04-03 14:23:38 | INFO  | phase_ext_benchmark |   1103p.csv: 0 compounds overlap with our Hub
2026-04-03 14:23:38 | INFO  | phase_ext_benchmark |   356p.csv: 0 compounds overlap with our Hub
2026-04-03 14:23:38 | INFO  | phase_ext_benchmark |   538p.csv: 0 compounds overlap with our Hub
2026-04-03 14:23:38 | INFO  | phase_ext_benchmark |   394p.csv: 0 compounds overlap with our Hub
2026-04-03 14:23:38 | INFO  | phase_ext_benchmark |   212p.csv: 0 compounds overlap with our Hub
2026-04-03 14:23:38 | INFO  | phase_ext_benchmark |   500p.csv: 0 compounds overlap with our Hub
2026-04-03 14:23:38 | INFO  | phase_ext_benchmark |   292p.csv: 0 compounds overlap with our Hub
2026-04-03 14:23:38 | INFO  | phase_ext_benchmark |   405p.csv: 0 compounds overlap with our Hub
2026-04-03 14:23:38 | INFO  | phase_ext_benchmark |   486p.csv: 0 compounds overlap with our Hub
2026-04-03 14:23:38 | INFO  | phase_ext_benchmark |   525p.csv: 0 compounds overlap with our Hub
2026-04-03 14:23:38 | INFO  | phase_ext_benchmark |   368p.csv: 0 compounds overlap with our Hub
2026-04-03 14:23:38 | INFO  | phase_ext_benchmark |   412p.csv: 0 compounds overlap with our Hub
2026-04-03 14:23:38 | INFO  | phase_ext_benchmark |   715p.csv: 0 compounds overlap with our Hub
2026-04-03 14:23:39 | INFO  | phase_ext_benchmark |   611p.csv: 0 compounds overlap with our Hub
2026-04-03 14:23:39 | INFO  | phase_ext_benchmark |   403p.csv: 0 compounds overlap with our Hub
2026-04-03 14:23:39 | INFO  | phase_ext_benchmark |   935p.csv: 0 compounds overlap with our Hub
2026-04-03 14:23:39 | INFO  | phase_ext_benchmark |   222p.csv: 0 compounds overlap with our Hub
2026-04-03 14:23:39 | INFO  | phase_ext_benchmark |   280p.csv: 0 compounds overlap with our Hub
2026-04-03 14:23:39 | INFO  | phase_ext_benchmark |   981p.csv: 0 compounds overlap with our Hub
2026-04-03 14:23:39 | INFO  | phase_ext_benchmark |   235p.csv: 0 compounds overlap with our Hub
2026-04-03 14:23:39 | INFO  | phase_ext_benchmark |   591p.csv: 0 compounds overlap with our Hub
2026-04-03 14:23:39 | INFO  | phase_ext_benchmark |   102p.csv: 0 compounds overlap with our Hub
2026-04-03 14:23:39 | INFO  | phase_ext_benchmark |   613p.csv: 0 compounds overlap with our Hub
2026-04-03 14:23:39 | INFO  | phase_ext_benchmark |   648p.csv: 0 compounds overlap with our Hub
2026-04-03 14:23:39 | INFO  | phase_ext_benchmark |   914p.csv: 0 compounds overlap with our Hub
2026-04-03 14:23:39 | INFO  | phase_ext_benchmark |   904p.csv: 0 compounds overlap with our Hub
2026-04-03 14:23:39 | INFO  | phase_ext_benchmark |   374p.csv: 0 compounds overlap with our Hub
2026-04-03 14:23:39 | INFO  | phase_ext_benchmark |   223p.csv: 0 compounds overlap with our Hub
2026-04-03 14:23:39 | INFO  | phase_ext_benchmark |   759p.csv: 0 compounds overlap with our Hub
2026-04-03 14:23:39 | INFO  | phase_ext_benchmark |   600p.csv: 0 compounds overlap with our Hub
2026-04-03 14:23:39 | INFO  | phase_ext_benchmark |   1091p.csv: 0 compounds overlap with our Hub
2026-04-03 14:23:39 | INFO  | phase_ext_benchmark |   173p.csv: 0 compounds overlap with our Hub
2026-04-03 14:23:39 | INFO  | phase_ext_benchmark |   796p.csv: 0 compounds overlap with our Hub
2026-04-03 14:23:39 | INFO  | phase_ext_benchmark |   898p.csv: 0 compounds overlap with our Hub
2026-04-03 14:23:39 | INFO  | phase_ext_benchmark |   812p.csv: 0 compounds overlap with our Hub
2026-04-03 14:23:39 | INFO  | phase_ext_benchmark |   388p.csv: 0 compounds overlap with our Hub
2026-04-03 14:23:39 | INFO  | phase_ext_benchmark |   790p.csv: 0 compounds overlap with our Hub
2026-04-03 14:23:39 | INFO  | phase_ext_benchmark |   371p.csv: 0 compounds overlap with our Hub
2026-04-03 14:23:39 | INFO  | phase_ext_benchmark |   951p.csv: 0 compounds overlap with our Hub
2026-04-03 14:23:39 | INFO  | phase_ext_benchmark |   1024p.csv: 0 compounds overlap with our Hub
2026-04-03 14:23:39 | INFO  | phase_ext_benchmark |   788p.csv: 0 compounds overlap with our Hub
2026-04-03 14:23:39 | INFO  | phase_ext_benchmark |   169p.csv: 0 compounds overlap with our Hub
2026-04-03 14:23:39 | INFO  | phase_ext_benchmark |   1011p.csv: 0 compounds overlap with our Hub
2026-04-03 14:23:39 | INFO  | phase_ext_benchmark |   23p.csv: 0 compounds overlap with our Hub
2026-04-03 14:23:39 | INFO  | phase_ext_benchmark |   744p.csv: 0 compounds overlap with our Hub
2026-04-03 14:23:39 | INFO  | phase_ext_benchmark |   1039p.csv: 0 compounds overlap with our Hub
2026-04-03 14:23:39 | INFO  | phase_ext_benchmark |   896p.csv: 0 compounds overlap with our Hub
2026-04-03 14:23:39 | INFO  | phase_ext_benchmark |   568p.csv: 0 compounds overlap with our Hub
2026-04-03 14:23:39 | INFO  | phase_ext_benchmark |   457p.csv: 0 compounds overlap with our Hub
2026-04-03 14:23:39 | INFO  | phase_ext_benchmark |   814p.csv: 0 compounds overlap with our Hub
2026-04-03 14:23:39 | INFO  | phase_ext_benchmark |   548p.csv: 0 compounds overlap with our Hub
2026-04-03 14:23:39 | INFO  | phase_ext_benchmark |   141p.csv: 0 compounds overlap with our Hub
2026-04-03 14:23:39 | INFO  | phase_ext_benchmark |   254p.csv: 0 compounds overlap with our Hub
2026-04-03 14:23:39 | INFO  | phase_ext_benchmark |   903p.csv: 0 compounds overlap with our Hub
2026-04-03 14:23:39 | INFO  | phase_ext_benchmark |   430p.csv: 0 compounds overlap with our Hub
2026-04-03 14:23:39 | INFO  | phase_ext_benchmark |   823p.csv: 0 compounds overlap with our Hub
2026-04-03 14:23:39 | INFO  | phase_ext_benchmark |   536p.csv: 0 compounds overlap with our Hub
2026-04-03 14:23:39 | INFO  | phase_ext_benchmark |   1052p.csv: 0 compounds overlap with our Hub
2026-04-03 14:23:39 | INFO  | phase_ext_benchmark |   582p.csv: 0 compounds overlap with our Hub
2026-04-03 14:23:39 | INFO  | phase_ext_benchmark |   564p.csv: 0 compounds overlap with our Hub
2026-04-03 14:23:39 | INFO  | phase_ext_benchmark |   925p.csv: 0 compounds overlap with our Hub
2026-04-03 14:23:39 | INFO  | phase_ext_benchmark |   927p.csv: 0 compounds overlap with our Hub
2026-04-03 14:23:39 | INFO  | phase_ext_benchmark |   633p.csv: 0 compounds overlap with our Hub
2026-04-03 14:23:39 | INFO  | phase_ext_benchmark |   816p.csv: 0 compounds overlap with our Hub
2026-04-03 14:23:39 | INFO  | phase_ext_benchmark |   672p.csv: 0 compounds overlap with our Hub
2026-04-03 14:23:39 | INFO  | phase_ext_benchmark |   826p.csv: 0 compounds overlap with our Hub
2026-04-03 14:23:39 | INFO  | phase_ext_benchmark |   960p.csv: 0 compounds overlap with our Hub
2026-04-03 14:23:39 | INFO  | phase_ext_benchmark |   580p.csv: 0 compounds overlap with our Hub
2026-04-03 14:23:39 | INFO  | phase_ext_benchmark |   492p.csv: 0 compounds overlap with our Hub
2026-04-03 14:23:39 | INFO  | phase_ext_benchmark |   121p.csv: 0 compounds overlap with our Hub
2026-04-03 14:23:39 | INFO  | phase_ext_benchmark |   765p.csv: 0 compounds overlap with our Hub
2026-04-03 14:23:39 | INFO  | phase_ext_benchmark |   1060p.csv: 0 compounds overlap with our Hub
2026-04-03 14:23:39 | INFO  | phase_ext_benchmark |   730p.csv: 0 compounds overlap with our Hub
2026-04-03 14:23:39 | INFO  | phase_ext_benchmark |   1048p.csv: 0 compounds overlap with our Hub
2026-04-03 14:23:39 | INFO  | phase_ext_benchmark |   528p.csv: 0 compounds overlap with our Hub
2026-04-03 14:23:39 | INFO  | phase_ext_benchmark |   1109p.csv: 0 compounds overlap with our Hub
2026-04-03 14:23:39 | INFO  | phase_ext_benchmark |   238p.csv: 0 compounds overlap with our Hub
2026-04-03 14:23:39 | INFO  | phase_ext_benchmark |   874p.csv: 0 compounds overlap with our Hub
2026-04-03 14:23:39 | INFO  | phase_ext_benchmark |   737p.csv: 0 compounds overlap with our Hub
2026-04-03 14:23:39 | INFO  | phase_ext_benchmark |   47p.csv: 0 compounds overlap with our Hub
2026-04-03 14:23:39 | INFO  | phase_ext_benchmark |   474p.csv: 0 compounds overlap with our Hub
2026-04-03 14:23:39 | INFO  | phase_ext_benchmark |   432p.csv: 0 compounds overlap with our Hub
2026-04-03 14:23:39 | INFO  | phase_ext_benchmark |   306p.csv: 0 compounds overlap with our Hub
2026-04-03 14:23:39 | INFO  | phase_ext_benchmark |   628p.csv: 0 compounds overlap with our Hub
2026-04-03 14:23:39 | INFO  | phase_ext_benchmark |   214p.csv: 0 compounds overlap with our Hub
2026-04-03 14:23:39 | INFO  | phase_ext_benchmark |   1086p.csv: 0 compounds overlap with our Hub
2026-04-03 14:23:39 | INFO  | phase_ext_benchmark |   986p.csv: 0 compounds overlap with our Hub
2026-04-03 14:23:39 | INFO  | phase_ext_benchmark |   864p.csv: 0 compounds overlap with our Hub
2026-04-03 14:23:39 | INFO  | phase_ext_benchmark |   677p.csv: 0 compounds overlap with our Hub
2026-04-03 14:23:39 | INFO  | phase_ext_benchmark |   547p.csv: 0 compounds overlap with our Hub
2026-04-03 14:23:39 | INFO  | phase_ext_benchmark |   1064p.csv: 0 compounds overlap with our Hub
2026-04-03 14:23:39 | INFO  | phase_ext_benchmark |   700p.csv: 0 compounds overlap with our Hub
2026-04-03 14:23:39 | INFO  | phase_ext_benchmark |   193p.csv: 0 compounds overlap with our Hub
2026-04-03 14:23:39 | INFO  | phase_ext_benchmark |   265p.csv: 0 compounds overlap with our Hub
2026-04-03 14:23:39 | INFO  | phase_ext_benchmark |   697p.csv: 0 compounds overlap with our Hub
2026-04-03 14:23:39 | INFO  | phase_ext_benchmark |   766p.csv: 1 compounds overlap with our Hub
2026-04-03 14:23:39 | INFO  | phase_ext_benchmark |   877p.csv: 0 compounds overlap with our Hub
2026-04-03 14:23:39 | INFO  | phase_ext_benchmark |   117p.csv: 0 compounds overlap with our Hub
2026-04-03 14:23:39 | INFO  | phase_ext_benchmark |   871p.csv: 0 compounds overlap with our Hub
2026-04-03 14:23:39 | INFO  | phase_ext_benchmark |   1089p.csv: 0 compounds overlap with our Hub
2026-04-03 14:23:39 | INFO  | phase_ext_benchmark |   912p.csv: 0 compounds overlap with our Hub
2026-04-03 14:23:39 | INFO  | phase_ext_benchmark |   124p.csv: 0 compounds overlap with our Hub
2026-04-03 14:23:39 | INFO  | phase_ext_benchmark |   245p.csv: 0 compounds overlap with our Hub
2026-04-03 14:23:39 | INFO  | phase_ext_benchmark |   219p.csv: 0 compounds overlap with our Hub
2026-04-03 14:23:39 | INFO  | phase_ext_benchmark |   1118p.csv: 0 compounds overlap with our Hub
2026-04-03 14:23:39 | INFO  | phase_ext_benchmark |   127p.csv: 0 compounds overlap with our Hub
2026-04-03 14:23:39 | INFO  | phase_ext_benchmark |   227p.csv: 0 compounds overlap with our Hub
2026-04-03 14:23:39 | INFO  | phase_ext_benchmark |   452p.csv: 0 compounds overlap with our Hub
2026-04-03 14:23:39 | INFO  | phase_ext_benchmark |   439p.csv: 0 compounds overlap with our Hub
2026-04-03 14:23:39 | INFO  | phase_ext_benchmark |   1004p.csv: 0 compounds overlap with our Hub
2026-04-03 14:23:39 | INFO  | phase_ext_benchmark |   336p.csv: 0 compounds overlap with our Hub
2026-04-03 14:23:39 | INFO  | phase_ext_benchmark |   858p.csv: 0 compounds overlap with our Hub
2026-04-03 14:23:40 | INFO  | phase_ext_benchmark |   87p.csv: 0 compounds overlap with our Hub
2026-04-03 14:23:40 | INFO  | phase_ext_benchmark |   397p.csv: 0 compounds overlap with our Hub
2026-04-03 14:23:40 | INFO  | phase_ext_benchmark |   684p.csv: 0 compounds overlap with our Hub
2026-04-03 14:23:40 | INFO  | phase_ext_benchmark |   376p.csv: 0 compounds overlap with our Hub
2026-04-03 14:23:40 | INFO  | phase_ext_benchmark |   391p.csv: 0 compounds overlap with our Hub
2026-04-03 14:23:40 | INFO  | phase_ext_benchmark |   755p.csv: 0 compounds overlap with our Hub
2026-04-03 14:23:40 | INFO  | phase_ext_benchmark |   233p.csv: 0 compounds overlap with our Hub
2026-04-03 14:23:40 | INFO  | phase_ext_benchmark |   764p.csv: 0 compounds overlap with our Hub
2026-04-03 14:23:40 | INFO  | phase_ext_benchmark |   213p.csv: 0 compounds overlap with our Hub
2026-04-03 14:23:40 | INFO  | phase_ext_benchmark |   488p.csv: 0 compounds overlap with our Hub
2026-04-03 14:23:40 | INFO  | phase_ext_benchmark |   828p.csv: 0 compounds overlap with our Hub
2026-04-03 14:23:40 | INFO  | phase_ext_benchmark |   671p.csv: 0 compounds overlap with our Hub
2026-04-03 14:23:40 | INFO  | phase_ext_benchmark |   68p.csv: 0 compounds overlap with our Hub
2026-04-03 14:23:40 | INFO  | phase_ext_benchmark |   546p.csv: 0 compounds overlap with our Hub
2026-04-03 14:23:40 | INFO  | phase_ext_benchmark |   1057p.csv: 0 compounds overlap with our Hub
2026-04-03 14:23:40 | INFO  | phase_ext_benchmark |   431p.csv: 0 compounds overlap with our Hub
2026-04-03 14:23:40 | INFO  | phase_ext_benchmark |   285p.csv: 0 compounds overlap with our Hub
2026-04-03 14:23:40 | INFO  | phase_ext_benchmark |   615p.csv: 0 compounds overlap with our Hub
2026-04-03 14:23:40 | INFO  | phase_ext_benchmark |   171p.csv: 0 compounds overlap with our Hub
2026-04-03 14:23:40 | INFO  | phase_ext_benchmark |   685p.csv: 0 compounds overlap with our Hub
2026-04-03 14:23:40 | INFO  | phase_ext_benchmark |   1104p.csv: 0 compounds overlap with our Hub
2026-04-03 14:23:40 | INFO  | phase_ext_benchmark |   1040p.csv: 0 compounds overlap with our Hub
2026-04-03 14:23:40 | INFO  | phase_ext_benchmark |   639p.csv: 0 compounds overlap with our Hub
2026-04-03 14:23:40 | INFO  | phase_ext_benchmark |   353p.csv: 0 compounds overlap with our Hub
2026-04-03 14:23:40 | INFO  | phase_ext_benchmark |   398p.csv: 0 compounds overlap with our Hub
2026-04-03 14:23:40 | INFO  | phase_ext_benchmark |   158p.csv: 0 compounds overlap with our Hub
2026-04-03 14:23:40 | INFO  | phase_ext_benchmark |   361p.csv: 0 compounds overlap with our Hub
2026-04-03 14:23:40 | INFO  | phase_ext_benchmark |   566p.csv: 0 compounds overlap with our Hub
2026-04-03 14:23:40 | INFO  | phase_ext_benchmark |   937p.csv: 0 compounds overlap with our Hub
2026-04-03 14:23:40 | INFO  | phase_ext_benchmark |   659p.csv: 0 compounds overlap with our Hub
2026-04-03 14:23:40 | INFO  | phase_ext_benchmark |   1043p.csv: 0 compounds overlap with our Hub
2026-04-03 14:23:40 | INFO  | phase_ext_benchmark |   511p.csv: 0 compounds overlap with our Hub
2026-04-03 14:23:40 | INFO  | phase_ext_benchmark |   347p.csv: 0 compounds overlap with our Hub
2026-04-03 14:23:40 | INFO  | phase_ext_benchmark |   817p.csv: 0 compounds overlap with our Hub
2026-04-03 14:23:40 | INFO  | phase_ext_benchmark |   906p.csv: 0 compounds overlap with our Hub
2026-04-03 14:23:40 | INFO  | phase_ext_benchmark |   507p.csv: 0 compounds overlap with our Hub
2026-04-03 14:23:40 | INFO  | phase_ext_benchmark |   384p.csv: 0 compounds overlap with our Hub
2026-04-03 14:23:40 | INFO  | phase_ext_benchmark |   273p.csv: 0 compounds overlap with our Hub
2026-04-03 14:23:40 | INFO  | phase_ext_benchmark |   484p.csv: 0 compounds overlap with our Hub
2026-04-03 14:23:40 | INFO  | phase_ext_benchmark |   269p.csv: 0 compounds overlap with our Hub
2026-04-03 14:23:40 | INFO  | phase_ext_benchmark |   900p.csv: 0 compounds overlap with our Hub
2026-04-03 14:23:40 | INFO  | phase_ext_benchmark |   73p.csv: 0 compounds overlap with our Hub
2026-04-03 14:23:40 | INFO  | phase_ext_benchmark |   105p.csv: 0 compounds overlap with our Hub
2026-04-03 14:23:40 | INFO  | phase_ext_benchmark |   660p.csv: 0 compounds overlap with our Hub
2026-04-03 14:23:40 | INFO  | phase_ext_benchmark |   475p.csv: 0 compounds overlap with our Hub
2026-04-03 14:23:40 | INFO  | phase_ext_benchmark |   859p.csv: 0 compounds overlap with our Hub
2026-04-03 14:23:40 | INFO  | phase_ext_benchmark |   263p.csv: 0 compounds overlap with our Hub
2026-04-03 14:23:40 | INFO  | phase_ext_benchmark |   1062p.csv: 0 compounds overlap with our Hub
2026-04-03 14:23:40 | INFO  | phase_ext_benchmark |   811p.csv: 1 compounds overlap with our Hub
2026-04-03 14:23:40 | INFO  | phase_ext_benchmark |   1044p.csv: 0 compounds overlap with our Hub
2026-04-03 14:23:40 | INFO  | phase_ext_benchmark |   1008p.csv: 0 compounds overlap with our Hub
2026-04-03 14:23:40 | INFO  | phase_ext_benchmark |   714p.csv: 0 compounds overlap with our Hub
2026-04-03 14:23:40 | INFO  | phase_ext_benchmark |   463p.csv: 0 compounds overlap with our Hub
2026-04-03 14:23:40 | INFO  | phase_ext_benchmark |   717p.csv: 0 compounds overlap with our Hub
2026-04-03 14:23:40 | INFO  | phase_ext_benchmark |   179p.csv: 0 compounds overlap with our Hub
2026-04-03 14:23:40 | INFO  | phase_ext_benchmark |   340p.csv: 0 compounds overlap with our Hub
2026-04-03 14:23:40 | INFO  | phase_ext_benchmark |   646p.csv: 0 compounds overlap with our Hub
2026-04-03 14:23:40 | INFO  | phase_ext_benchmark |   676p.csv: 0 compounds overlap with our Hub
2026-04-03 14:23:40 | INFO  | phase_ext_benchmark |   176p.csv: 0 compounds overlap with our Hub
2026-04-03 14:23:40 | INFO  | phase_ext_benchmark |   83p.csv: 0 compounds overlap with our Hub
2026-04-03 14:23:40 | INFO  | phase_ext_benchmark |   333p.csv: 0 compounds overlap with our Hub
2026-04-03 14:23:40 | INFO  | phase_ext_benchmark |   1035p.csv: 0 compounds overlap with our Hub
2026-04-03 14:23:40 | INFO  | phase_ext_benchmark |   59p.csv: 0 compounds overlap with our Hub
2026-04-03 14:23:40 | INFO  | phase_ext_benchmark |   629p.csv: 0 compounds overlap with our Hub
2026-04-03 14:23:40 | INFO  | phase_ext_benchmark |   636p.csv: 0 compounds overlap with our Hub
2026-04-03 14:23:40 | INFO  | phase_ext_benchmark |   407p.csv: 0 compounds overlap with our Hub
2026-04-03 14:23:40 | INFO  | phase_ext_benchmark |   237p.csv: 0 compounds overlap with our Hub
2026-04-03 14:23:40 | INFO  | phase_ext_benchmark |   882p.csv: 0 compounds overlap with our Hub
2026-04-03 14:23:40 | INFO  | phase_ext_benchmark |   784p.csv: 0 compounds overlap with our Hub
2026-04-03 14:23:40 | INFO  | phase_ext_benchmark |   95p.csv: 0 compounds overlap with our Hub
2026-04-03 14:23:40 | INFO  | phase_ext_benchmark |   34p.csv: 0 compounds overlap with our Hub
2026-04-03 14:23:40 | INFO  | phase_ext_benchmark |   508p.csv: 0 compounds overlap with our Hub
2026-04-03 14:23:40 | INFO  | phase_ext_benchmark |   884p.csv: 0 compounds overlap with our Hub
2026-04-03 14:23:40 | INFO  | phase_ext_benchmark |   977p.csv: 0 compounds overlap with our Hub
2026-04-03 14:23:40 | INFO  | phase_ext_benchmark |   164p.csv: 0 compounds overlap with our Hub
2026-04-03 14:23:40 | INFO  | phase_ext_benchmark |   762p.csv: 0 compounds overlap with our Hub
2026-04-03 14:23:40 | INFO  | phase_ext_benchmark |   321p.csv: 0 compounds overlap with our Hub
2026-04-03 14:23:40 | INFO  | phase_ext_benchmark |   1108p.csv: 0 compounds overlap with our Hub
2026-04-03 14:23:40 | INFO  | phase_ext_benchmark |   33p.csv: 0 compounds overlap with our Hub
2026-04-03 14:23:40 | INFO  | phase_ext_benchmark |   267p.csv: 0 compounds overlap with our Hub
2026-04-03 14:23:40 | INFO  | phase_ext_benchmark |   583p.csv: 0 compounds overlap with our Hub
2026-04-03 14:23:40 | INFO  | phase_ext_benchmark |   320p.csv: 0 compounds overlap with our Hub
2026-04-03 14:23:40 | INFO  | phase_ext_benchmark |   1023p.csv: 0 compounds overlap with our Hub
2026-04-03 14:23:40 | INFO  | phase_ext_benchmark |   901p.csv: 0 compounds overlap with our Hub
2026-04-03 14:23:40 | INFO  | phase_ext_benchmark |   1021p.csv: 0 compounds overlap with our Hub
2026-04-03 14:23:40 | INFO  | phase_ext_benchmark |   978p.csv: 0 compounds overlap with our Hub
2026-04-03 14:23:40 | INFO  | phase_ext_benchmark |   846p.csv: 0 compounds overlap with our Hub
2026-04-03 14:23:40 | INFO  | phase_ext_benchmark |   188p.csv: 0 compounds overlap with our Hub
2026-04-03 14:23:40 | INFO  | phase_ext_benchmark |   395p.csv: 0 compounds overlap with our Hub
2026-04-03 14:23:40 | INFO  | phase_ext_benchmark |   588p.csv: 0 compounds overlap with our Hub
2026-04-03 14:23:40 | INFO  | phase_ext_benchmark |   1095p.csv: 0 compounds overlap with our Hub
2026-04-03 14:23:40 | INFO  | phase_ext_benchmark |   151p.csv: 0 compounds overlap with our Hub
2026-04-03 14:23:40 | INFO  | phase_ext_benchmark |   351p.csv: 0 compounds overlap with our Hub
2026-04-03 14:23:40 | INFO  | phase_ext_benchmark |   194p.csv: 0 compounds overlap with our Hub
2026-04-03 14:23:40 | INFO  | phase_ext_benchmark |   313p.csv: 0 compounds overlap with our Hub
2026-04-03 14:23:40 | INFO  | phase_ext_benchmark |   462p.csv: 0 compounds overlap with our Hub
2026-04-03 14:23:40 | INFO  | phase_ext_benchmark |   933p.csv: 0 compounds overlap with our Hub
2026-04-03 14:23:40 | INFO  | phase_ext_benchmark |   773p.csv: 0 compounds overlap with our Hub
2026-04-03 14:23:40 | INFO  | phase_ext_benchmark |   272p.csv: 0 compounds overlap with our Hub
2026-04-03 14:23:40 | INFO  | phase_ext_benchmark |   649p.csv: 0 compounds overlap with our Hub
2026-04-03 14:23:40 | INFO  | phase_ext_benchmark |   739p.csv: 0 compounds overlap with our Hub
2026-04-03 14:23:40 | INFO  | phase_ext_benchmark |   110p.csv: 0 compounds overlap with our Hub
2026-04-03 14:23:40 | INFO  | phase_ext_benchmark |   658p.csv: 0 compounds overlap with our Hub
2026-04-03 14:23:40 | INFO  | phase_ext_benchmark |   22p.csv: 0 compounds overlap with our Hub
2026-04-03 14:23:40 | INFO  | phase_ext_benchmark |   177p.csv: 0 compounds overlap with our Hub
2026-04-03 14:23:40 | INFO  | phase_ext_benchmark |   455p.csv: 0 compounds overlap with our Hub
2026-04-03 14:23:40 | INFO  | phase_ext_benchmark |   1059p.csv: 0 compounds overlap with our Hub
2026-04-03 14:23:40 | INFO  | phase_ext_benchmark |   713p.csv: 0 compounds overlap with our Hub
2026-04-03 14:23:40 | INFO  | phase_ext_benchmark |   521p.csv: 0 compounds overlap with our Hub
2026-04-03 14:23:41 | INFO  | phase_ext_benchmark |   807p.csv: 0 compounds overlap with our Hub
2026-04-03 14:23:41 | INFO  | phase_ext_benchmark |   416p.csv: 0 compounds overlap with our Hub
2026-04-03 14:23:41 | INFO  | phase_ext_benchmark |   512p.csv: 0 compounds overlap with our Hub
2026-04-03 14:23:41 | INFO  | phase_ext_benchmark |   185p.csv: 0 compounds overlap with our Hub
2026-04-03 14:23:41 | INFO  | phase_ext_benchmark |   883p.csv: 0 compounds overlap with our Hub
2026-04-03 14:23:41 | INFO  | phase_ext_benchmark |   471p.csv: 0 compounds overlap with our Hub
2026-04-03 14:23:41 | INFO  | phase_ext_benchmark |   1022p.csv: 0 compounds overlap with our Hub
2026-04-03 14:23:41 | INFO  | phase_ext_benchmark |   487p.csv: 0 compounds overlap with our Hub
2026-04-03 14:23:41 | INFO  | phase_ext_benchmark |   675p.csv: 0 compounds overlap with our Hub
2026-04-03 14:23:41 | INFO  | phase_ext_benchmark |   1006p.csv: 0 compounds overlap with our Hub
2026-04-03 14:23:41 | INFO  | phase_ext_benchmark |   52p.csv: 0 compounds overlap with our Hub
2026-04-03 14:23:41 | INFO  | phase_ext_benchmark |   689p.csv: 0 compounds overlap with our Hub
2026-04-03 14:23:41 | INFO  | phase_ext_benchmark |   472p.csv: 0 compounds overlap with our Hub
2026-04-03 14:23:41 | INFO  | phase_ext_benchmark |   929p.csv: 0 compounds overlap with our Hub
2026-04-03 14:23:41 | INFO  | phase_ext_benchmark |   445p.csv: 0 compounds overlap with our Hub
2026-04-03 14:23:41 | INFO  | phase_ext_benchmark |   944p.csv: 0 compounds overlap with our Hub
2026-04-03 14:23:41 | INFO  | phase_ext_benchmark |   780p.csv: 0 compounds overlap with our Hub
2026-04-03 14:23:41 | INFO  | phase_ext_benchmark |   1019p.csv: 0 compounds overlap with our Hub
2026-04-03 14:23:41 | INFO  | phase_ext_benchmark |   707p.csv: 0 compounds overlap with our Hub
2026-04-03 14:23:41 | INFO  | phase_ext_benchmark |   485p.csv: 0 compounds overlap with our Hub
2026-04-03 14:23:41 | INFO  | phase_ext_benchmark |   278p.csv: 0 compounds overlap with our Hub
2026-04-03 14:23:41 | INFO  | phase_ext_benchmark |   501p.csv: 0 compounds overlap with our Hub
2026-04-03 14:23:41 | INFO  | phase_ext_benchmark |   1090p.csv: 0 compounds overlap with our Hub
2026-04-03 14:23:41 | INFO  | phase_ext_benchmark |   1068p.csv: 0 compounds overlap with our Hub
2026-04-03 14:23:41 | INFO  | phase_ext_benchmark |   342p.csv: 0 compounds overlap with our Hub
2026-04-03 14:23:41 | INFO  | phase_ext_benchmark |   852p.csv: 0 compounds overlap with our Hub
2026-04-03 14:23:41 | INFO  | phase_ext_benchmark |   287p.csv: 0 compounds overlap with our Hub
2026-04-03 14:23:41 | INFO  | phase_ext_benchmark |   317p.csv: 0 compounds overlap with our Hub
2026-04-03 14:23:41 | INFO  | phase_ext_benchmark |   515p.csv: 0 compounds overlap with our Hub
2026-04-03 14:23:41 | INFO  | phase_ext_benchmark |   277p.csv: 0 compounds overlap with our Hub
2026-04-03 14:23:41 | INFO  | phase_ext_benchmark |   897p.csv: 0 compounds overlap with our Hub
2026-04-03 14:23:41 | INFO  | phase_ext_benchmark |   695p.csv: 0 compounds overlap with our Hub
2026-04-03 14:23:41 | INFO  | phase_ext_benchmark |   423p.csv: 0 compounds overlap with our Hub
2026-04-03 14:23:41 | INFO  | phase_ext_benchmark |   625p.csv: 0 compounds overlap with our Hub
2026-04-03 14:23:41 | INFO  | phase_ext_benchmark |   950p.csv: 0 compounds overlap with our Hub
2026-04-03 14:23:41 | INFO  | phase_ext_benchmark |   769p.csv: 1 compounds overlap with our Hub
2026-04-03 14:23:41 | INFO  | phase_ext_benchmark |   860p.csv: 0 compounds overlap with our Hub
2026-04-03 14:23:41 | INFO  | phase_ext_benchmark |   16p.csv: 0 compounds overlap with our Hub
2026-04-03 14:23:41 | INFO  | phase_ext_benchmark |   905p.csv: 0 compounds overlap with our Hub
2026-04-03 14:23:41 | INFO  | phase_ext_benchmark |   595p.csv: 0 compounds overlap with our Hub
2026-04-03 14:23:41 | INFO  | phase_ext_benchmark |   783p.csv: 0 compounds overlap with our Hub
2026-04-03 14:23:41 | INFO  | phase_ext_benchmark |   1005p.csv: 0 compounds overlap with our Hub
2026-04-03 14:23:41 | INFO  | phase_ext_benchmark |   467p.csv: 0 compounds overlap with our Hub
2026-04-03 14:23:41 | INFO  | phase_ext_benchmark |   632p.csv: 0 compounds overlap with our Hub
2026-04-03 14:23:41 | INFO  | phase_ext_benchmark |   211p.csv: 0 compounds overlap with our Hub
2026-04-03 14:23:41 | INFO  | phase_ext_benchmark |   606p.csv: 0 compounds overlap with our Hub
2026-04-03 14:23:41 | INFO  | phase_ext_benchmark |   533p.csv: 0 compounds overlap with our Hub
2026-04-03 14:23:41 | INFO  | phase_ext_benchmark |   735p.csv: 0 compounds overlap with our Hub
2026-04-03 14:23:41 | INFO  | phase_ext_benchmark |   674p.csv: 0 compounds overlap with our Hub
2026-04-03 14:23:41 | INFO  | phase_ext_benchmark |   13p.csv: 0 compounds overlap with our Hub
2026-04-03 14:23:41 | INFO  | phase_ext_benchmark |   1126p.csv: 0 compounds overlap with our Hub
2026-04-03 14:23:41 | INFO  | phase_ext_benchmark |   85p.csv: 0 compounds overlap with our Hub
2026-04-03 14:23:41 | INFO  | phase_ext_benchmark |   957p.csv: 0 compounds overlap with our Hub
2026-04-03 14:23:41 | INFO  | phase_ext_benchmark |   748p.csv: 0 compounds overlap with our Hub
2026-04-03 14:23:41 | INFO  | phase_ext_benchmark |   113p.csv: 0 compounds overlap with our Hub
2026-04-03 14:23:41 | INFO  | phase_ext_benchmark |   832p.csv: 0 compounds overlap with our Hub
2026-04-03 14:23:41 | INFO  | phase_ext_benchmark |   123p.csv: 0 compounds overlap with our Hub
2026-04-03 14:23:41 | INFO  | phase_ext_benchmark |   1002p.csv: 0 compounds overlap with our Hub
2026-04-03 14:23:41 | INFO  | phase_ext_benchmark |   135p.csv: 0 compounds overlap with our Hub
2026-04-03 14:23:41 | INFO  | phase_ext_benchmark |   327p.csv: 0 compounds overlap with our Hub
2026-04-03 14:23:41 | INFO  | phase_ext_benchmark |   550p.csv: 0 compounds overlap with our Hub
2026-04-03 14:23:41 | INFO  | phase_ext_benchmark |   46p.csv: 0 compounds overlap with our Hub
2026-04-03 14:23:41 | INFO  | phase_ext_benchmark |   1047p.csv: 0 compounds overlap with our Hub
2026-04-03 14:23:41 | INFO  | phase_ext_benchmark |   614p.csv: 0 compounds overlap with our Hub
2026-04-03 14:23:41 | INFO  | phase_ext_benchmark |   444p.csv: 0 compounds overlap with our Hub
2026-04-03 14:23:41 | INFO  | phase_ext_benchmark |   1072p.csv: 0 compounds overlap with our Hub
2026-04-03 14:23:41 | INFO  | phase_ext_benchmark |   740p.csv: 0 compounds overlap with our Hub
2026-04-03 14:23:41 | INFO  | phase_ext_benchmark |   129p.csv: 0 compounds overlap with our Hub
2026-04-03 14:23:41 | INFO  | phase_ext_benchmark |   1122p.csv: 0 compounds overlap with our Hub
2026-04-03 14:23:41 | INFO  | phase_ext_benchmark |   513p.csv: 0 compounds overlap with our Hub
2026-04-03 14:23:41 | INFO  | phase_ext_benchmark |   837p.csv: 0 compounds overlap with our Hub
2026-04-03 14:23:41 | INFO  | phase_ext_benchmark |   734p.csv: 0 compounds overlap with our Hub
2026-04-03 14:23:41 | INFO  | phase_ext_benchmark |   829p.csv: 0 compounds overlap with our Hub
2026-04-03 14:23:41 | INFO  | phase_ext_benchmark |   599p.csv: 0 compounds overlap with our Hub
2026-04-03 14:23:41 | INFO  | phase_ext_benchmark |   206p.csv: 0 compounds overlap with our Hub
2026-04-03 14:23:41 | INFO  | phase_ext_benchmark |   948p.csv: 0 compounds overlap with our Hub
2026-04-03 14:23:41 | INFO  | phase_ext_benchmark |   631p.csv: 0 compounds overlap with our Hub
2026-04-03 14:23:41 | INFO  | phase_ext_benchmark |   44p.csv: 0 compounds overlap with our Hub
2026-04-03 14:23:41 | INFO  | phase_ext_benchmark |   1073p.csv: 0 compounds overlap with our Hub
2026-04-03 14:23:41 | INFO  | phase_ext_benchmark |   743p.csv: 0 compounds overlap with our Hub
2026-04-03 14:23:41 | INFO  | phase_ext_benchmark |   738p.csv: 0 compounds overlap with our Hub
2026-04-03 14:23:41 | INFO  | phase_ext_benchmark |   827p.csv: 0 compounds overlap with our Hub
2026-04-03 14:23:41 | INFO  | phase_ext_benchmark |   15p.csv: 0 compounds overlap with our Hub
2026-04-03 14:23:41 | INFO  | phase_ext_benchmark |   271p.csv: 0 compounds overlap with our Hub
2026-04-03 14:23:41 | INFO  | phase_ext_benchmark |   51p.csv: 0 compounds overlap with our Hub
2026-04-03 14:23:41 | INFO  | phase_ext_benchmark |   36p.csv: 0 compounds overlap with our Hub
2026-04-03 14:23:41 | INFO  | phase_ext_benchmark |   873p.csv: 0 compounds overlap with our Hub
2026-04-03 14:23:41 | INFO  | phase_ext_benchmark |   268p.csv: 0 compounds overlap with our Hub
2026-04-03 14:23:41 | INFO  | phase_ext_benchmark |   1076p.csv: 0 compounds overlap with our Hub
2026-04-03 14:23:41 | INFO  | phase_ext_benchmark |   777p.csv: 0 compounds overlap with our Hub
2026-04-03 14:23:41 | INFO  | phase_ext_benchmark |   296p.csv: 0 compounds overlap with our Hub
2026-04-03 14:23:41 | INFO  | phase_ext_benchmark |   622p.csv: 0 compounds overlap with our Hub
2026-04-03 14:23:41 | INFO  | phase_ext_benchmark |   411p.csv: 0 compounds overlap with our Hub
2026-04-03 14:23:41 | INFO  | phase_ext_benchmark |   562p.csv: 0 compounds overlap with our Hub
2026-04-03 14:23:41 | INFO  | phase_ext_benchmark |   150p.csv: 0 compounds overlap with our Hub
2026-04-03 14:23:41 | INFO  | phase_ext_benchmark |   186p.csv: 0 compounds overlap with our Hub
2026-04-03 14:23:41 | INFO  | phase_ext_benchmark |   637p.csv: 0 compounds overlap with our Hub
2026-04-03 14:23:41 | INFO  | phase_ext_benchmark |   449p.csv: 0 compounds overlap with our Hub
2026-04-03 14:23:41 | INFO  | phase_ext_benchmark |   572p.csv: 0 compounds overlap with our Hub
2026-04-03 14:23:41 | INFO  | phase_ext_benchmark |   742p.csv: 0 compounds overlap with our Hub
2026-04-03 14:23:41 | INFO  | phase_ext_benchmark |   745p.csv: 0 compounds overlap with our Hub
2026-04-03 14:23:41 | INFO  | phase_ext_benchmark |   82p.csv: 0 compounds overlap with our Hub
2026-04-03 14:23:41 | INFO  | phase_ext_benchmark |   156p.csv: 0 compounds overlap with our Hub
2026-04-03 14:23:41 | INFO  | phase_ext_benchmark |   97p.csv: 0 compounds overlap with our Hub
2026-04-03 14:23:41 | INFO  | phase_ext_benchmark |   10p.csv: 0 compounds overlap with our Hub
2026-04-03 14:23:41 | INFO  | phase_ext_benchmark |   902p.csv: 0 compounds overlap with our Hub
2026-04-03 14:23:41 | INFO  | phase_ext_benchmark |   315p.csv: 0 compounds overlap with our Hub
2026-04-03 14:23:41 | INFO  | phase_ext_benchmark |   136p.csv: 0 compounds overlap with our Hub
2026-04-03 14:23:41 | INFO  | phase_ext_benchmark |   236p.csv: 0 compounds overlap with our Hub
2026-04-03 14:23:41 | INFO  | phase_ext_benchmark |   756p.csv: 0 compounds overlap with our Hub
2026-04-03 14:23:42 | INFO  | phase_ext_benchmark |   215p.csv: 0 compounds overlap with our Hub
2026-04-03 14:23:42 | INFO  | phase_ext_benchmark |   824p.csv: 0 compounds overlap with our Hub
2026-04-03 14:23:42 | INFO  | phase_ext_benchmark |   1013p.csv: 0 compounds overlap with our Hub
2026-04-03 14:23:42 | INFO  | phase_ext_benchmark |   619p.csv: 0 compounds overlap with our Hub
2026-04-03 14:23:42 | INFO  | phase_ext_benchmark |   115p.csv: 0 compounds overlap with our Hub
2026-04-03 14:23:42 | INFO  | phase_ext_benchmark |   965p.csv: 0 compounds overlap with our Hub
2026-04-03 14:23:42 | INFO  | phase_ext_benchmark |   1025p.csv: 0 compounds overlap with our Hub
2026-04-03 14:23:42 | INFO  | phase_ext_benchmark |   107p.csv: 0 compounds overlap with our Hub
2026-04-03 14:23:42 | INFO  | phase_ext_benchmark |   1077p.csv: 0 compounds overlap with our Hub
2026-04-03 14:23:42 | INFO  | phase_ext_benchmark |   390p.csv: 0 compounds overlap with our Hub
2026-04-03 14:23:42 | INFO  | phase_ext_benchmark |   693p.csv: 0 compounds overlap with our Hub
2026-04-03 14:23:42 | INFO  | phase_ext_benchmark |   480p.csv: 0 compounds overlap with our Hub
2026-04-03 14:23:42 | INFO  | phase_ext_benchmark |   1071p.csv: 0 compounds overlap with our Hub
2026-04-03 14:23:42 | INFO  | phase_ext_benchmark |   502p.csv: 0 compounds overlap with our Hub
2026-04-03 14:23:42 | INFO  | phase_ext_benchmark |   442p.csv: 0 compounds overlap with our Hub
2026-04-03 14:23:42 | INFO  | phase_ext_benchmark |   820p.csv: 0 compounds overlap with our Hub
2026-04-03 14:23:42 | INFO  | phase_ext_benchmark |   825p.csv: 1 compounds overlap with our Hub
2026-04-03 14:23:42 | INFO  | phase_ext_benchmark |   12p.csv: 0 compounds overlap with our Hub
2026-04-03 14:23:42 | INFO  | phase_ext_benchmark |   797p.csv: 0 compounds overlap with our Hub
2026-04-03 14:23:42 | INFO  | phase_ext_benchmark |   870p.csv: 0 compounds overlap with our Hub
2026-04-03 14:23:42 | INFO  | phase_ext_benchmark |   953p.csv: 0 compounds overlap with our Hub
2026-04-03 14:23:42 | INFO  | phase_ext_benchmark |   560p.csv: 0 compounds overlap with our Hub
2026-04-03 14:23:42 | INFO  | phase_ext_benchmark |   131p.csv: 0 compounds overlap with our Hub
2026-04-03 14:23:42 | INFO  | phase_ext_benchmark |   605p.csv: 0 compounds overlap with our Hub
2026-04-03 14:23:42 | INFO  | phase_ext_benchmark |   887p.csv: 0 compounds overlap with our Hub
2026-04-03 14:23:42 | INFO  | phase_ext_benchmark |   931p.csv: 0 compounds overlap with our Hub
2026-04-03 14:23:42 | INFO  | phase_ext_benchmark |   0p.csv: 265 compounds overlap with our Hub
2026-04-03 14:23:42 | INFO  | phase_ext_benchmark |   847p.csv: 0 compounds overlap with our Hub
2026-04-03 14:23:42 | INFO  | phase_ext_benchmark |   959p.csv: 0 compounds overlap with our Hub
2026-04-03 14:23:42 | INFO  | phase_ext_benchmark |   604p.csv: 0 compounds overlap with our Hub
2026-04-03 14:23:42 | INFO  | phase_ext_benchmark |   335p.csv: 0 compounds overlap with our Hub
2026-04-03 14:23:42 | INFO  | phase_ext_benchmark |   851p.csv: 0 compounds overlap with our Hub
2026-04-03 14:23:42 | INFO  | phase_ext_benchmark |   915p.csv: 0 compounds overlap with our Hub
2026-04-03 14:23:42 | INFO  | phase_ext_benchmark |   967p.csv: 0 compounds overlap with our Hub
2026-04-03 14:23:42 | INFO  | phase_ext_benchmark |   718p.csv: 0 compounds overlap with our Hub
2026-04-03 14:23:42 | INFO  | phase_ext_benchmark |   310p.csv: 0 compounds overlap with our Hub
2026-04-03 14:23:42 | INFO  | phase_ext_benchmark |   570p.csv: 0 compounds overlap with our Hub
2026-04-03 14:23:42 | INFO  | phase_ext_benchmark |   270p.csv: 0 compounds overlap with our Hub
2026-04-03 14:23:42 | INFO  | phase_ext_benchmark |   785p.csv: 0 compounds overlap with our Hub
2026-04-03 14:23:42 | INFO  | phase_ext_benchmark |   1010p.csv: 0 compounds overlap with our Hub
2026-04-03 14:23:42 | INFO  | phase_ext_benchmark |   348p.csv: 0 compounds overlap with our Hub
2026-04-03 14:23:42 | INFO  | phase_ext_benchmark |   41p.csv: 0 compounds overlap with our Hub
2026-04-03 14:23:42 | INFO  | phase_ext_benchmark |   792p.csv: 0 compounds overlap with our Hub
2026-04-03 14:23:42 | INFO  | phase_ext_benchmark |   393p.csv: 0 compounds overlap with our Hub
2026-04-03 14:23:42 | INFO  | phase_ext_benchmark |   1069p.csv: 0 compounds overlap with our Hub
2026-04-03 14:23:42 | INFO  | phase_ext_benchmark |   529p.csv: 0 compounds overlap with our Hub
2026-04-03 14:23:42 | INFO  | phase_ext_benchmark |   1056p.csv: 0 compounds overlap with our Hub
2026-04-03 14:23:42 | INFO  | phase_ext_benchmark |   556p.csv: 0 compounds overlap with our Hub
2026-04-03 14:23:42 | INFO  | phase_ext_benchmark |   673p.csv: 0 compounds overlap with our Hub
2026-04-03 14:23:42 | INFO  | phase_ext_benchmark |   453p.csv: 0 compounds overlap with our Hub
2026-04-03 14:23:42 | INFO  | phase_ext_benchmark |   708p.csv: 0 compounds overlap with our Hub
2026-04-03 14:23:42 | INFO  | phase_ext_benchmark |   98p.csv: 0 compounds overlap with our Hub
2026-04-03 14:23:42 | INFO  | phase_ext_benchmark |   983p.csv: 0 compounds overlap with our Hub
2026-04-03 14:23:42 | INFO  | phase_ext_benchmark |   323p.csv: 0 compounds overlap with our Hub
2026-04-03 14:23:42 | INFO  | phase_ext_benchmark |   804p.csv: 0 compounds overlap with our Hub
2026-04-03 14:23:42 | INFO  | phase_ext_benchmark |   109p.csv: 0 compounds overlap with our Hub
2026-04-03 14:23:42 | INFO  | phase_ext_benchmark |   771p.csv: 0 compounds overlap with our Hub
2026-04-03 14:23:42 | INFO  | phase_ext_benchmark |   584p.csv: 0 compounds overlap with our Hub
2026-04-03 14:23:42 | INFO  | phase_ext_benchmark |   406p.csv: 0 compounds overlap with our Hub
2026-04-03 14:23:42 | INFO  | phase_ext_benchmark |   279p.csv: 0 compounds overlap with our Hub
2026-04-03 14:23:42 | INFO  | phase_ext_benchmark |   669p.csv: 0 compounds overlap with our Hub
2026-04-03 14:23:42 | INFO  | phase_ext_benchmark |   134p.csv: 0 compounds overlap with our Hub
2026-04-03 14:23:42 | INFO  | phase_ext_benchmark |   964p.csv: 0 compounds overlap with our Hub
2026-04-03 14:23:42 | INFO  | phase_ext_benchmark |   1119p.csv: 0 compounds overlap with our Hub
2026-04-03 14:23:42 | INFO  | phase_ext_benchmark |   688p.csv: 0 compounds overlap with our Hub
2026-04-03 14:23:42 | INFO  | phase_ext_benchmark |   626p.csv: 0 compounds overlap with our Hub
2026-04-03 14:23:42 | INFO  | phase_ext_benchmark |   1106p.csv: 0 compounds overlap with our Hub
2026-04-03 14:23:42 | INFO  | phase_ext_benchmark |   9p.csv: 0 compounds overlap with our Hub
2026-04-03 14:23:42 | INFO  | phase_ext_benchmark |   145p.csv: 0 compounds overlap with our Hub
2026-04-03 14:23:42 | INFO  | phase_ext_benchmark |   1037p.csv: 0 compounds overlap with our Hub
2026-04-03 14:23:42 | INFO  | phase_ext_benchmark |   962p.csv: 0 compounds overlap with our Hub
2026-04-03 14:23:42 | INFO  | phase_ext_benchmark |   1088p.csv: 0 compounds overlap with our Hub
2026-04-03 14:23:42 | INFO  | phase_ext_benchmark |   1121p.csv: 0 compounds overlap with our Hub
2026-04-03 14:23:42 | INFO  | phase_ext_benchmark |   125p.csv: 0 compounds overlap with our Hub
2026-04-03 14:23:42 | INFO  | phase_ext_benchmark |   379p.csv: 0 compounds overlap with our Hub
2026-04-03 14:23:42 | INFO  | phase_ext_benchmark |   594p.csv: 0 compounds overlap with our Hub
2026-04-03 14:23:42 | INFO  | phase_ext_benchmark |   304p.csv: 0 compounds overlap with our Hub
2026-04-03 14:23:42 | INFO  | phase_ext_benchmark |   916p.csv: 0 compounds overlap with our Hub
2026-04-03 14:23:42 | INFO  | phase_ext_benchmark |   624p.csv: 0 compounds overlap with our Hub
2026-04-03 14:23:43 | INFO  | phase_ext_benchmark |   557p.csv: 0 compounds overlap with our Hub
2026-04-03 14:23:43 | INFO  | phase_ext_benchmark |   731p.csv: 0 compounds overlap with our Hub
2026-04-03 14:23:43 | INFO  | phase_ext_benchmark |   1001p.csv: 0 compounds overlap with our Hub
2026-04-03 14:23:43 | INFO  | phase_ext_benchmark |   410p.csv: 0 compounds overlap with our Hub
2026-04-03 14:23:43 | INFO  | phase_ext_benchmark |   702p.csv: 0 compounds overlap with our Hub
2026-04-03 14:23:43 | INFO  | phase_ext_benchmark |   980p.csv: 0 compounds overlap with our Hub
2026-04-03 14:23:43 | INFO  | phase_ext_benchmark |   86p.csv: 0 compounds overlap with our Hub
2026-04-03 14:23:43 | INFO  | phase_ext_benchmark |   382p.csv: 0 compounds overlap with our Hub
2026-04-03 14:23:43 | INFO  | phase_ext_benchmark |   454p.csv: 0 compounds overlap with our Hub
2026-04-03 14:23:43 | INFO  | phase_ext_benchmark |   682p.csv: 0 compounds overlap with our Hub
2026-04-03 14:23:43 | INFO  | phase_ext_benchmark |   728p.csv: 0 compounds overlap with our Hub
2026-04-03 14:23:43 | INFO  | phase_ext_benchmark |   378p.csv: 0 compounds overlap with our Hub
2026-04-03 14:23:43 | INFO  | phase_ext_benchmark |   282p.csv: 0 compounds overlap with our Hub
2026-04-03 14:23:43 | INFO  | phase_ext_benchmark |   872p.csv: 0 compounds overlap with our Hub
2026-04-03 14:23:43 | INFO  | phase_ext_benchmark |   196p.csv: 0 compounds overlap with our Hub
2026-04-03 14:23:43 | INFO  | phase_ext_benchmark |   157p.csv: 0 compounds overlap with our Hub
2026-04-03 14:23:43 | INFO  | phase_ext_benchmark |   888p.csv: 0 compounds overlap with our Hub
2026-04-03 14:23:43 | INFO  | phase_ext_benchmark |   1049p.csv: 0 compounds overlap with our Hub
2026-04-03 14:23:43 | INFO  | phase_ext_benchmark |   1053p.csv: 0 compounds overlap with our Hub
2026-04-03 14:23:43 | INFO  | phase_ext_benchmark |   345p.csv: 0 compounds overlap with our Hub
2026-04-03 14:23:43 | INFO  | phase_ext_benchmark |   589p.csv: 0 compounds overlap with our Hub
2026-04-03 14:23:43 | INFO  | phase_ext_benchmark |   610p.csv: 0 compounds overlap with our Hub
2026-04-03 14:23:43 | INFO  | phase_ext_benchmark |   862p.csv: 0 compounds overlap with our Hub
2026-04-03 14:23:43 | INFO  | phase_ext_benchmark |   532p.csv: 0 compounds overlap with our Hub
2026-04-03 14:23:43 | INFO  | phase_ext_benchmark |   199p.csv: 0 compounds overlap with our Hub
2026-04-03 14:23:43 | INFO  | phase_ext_benchmark |   939p.csv: 0 compounds overlap with our Hub
2026-04-03 14:23:43 | INFO  | phase_ext_benchmark |   465p.csv: 0 compounds overlap with our Hub
2026-04-03 14:23:43 | INFO  | phase_ext_benchmark |   45p.csv: 0 compounds overlap with our Hub
2026-04-03 14:23:43 | INFO  | phase_ext_benchmark |   257p.csv: 0 compounds overlap with our Hub
2026-04-03 14:23:43 | INFO  | phase_ext_benchmark |   178p.csv: 0 compounds overlap with our Hub
2026-04-03 14:23:43 | INFO  | phase_ext_benchmark |   621p.csv: 0 compounds overlap with our Hub
2026-04-03 14:23:43 | INFO  | phase_ext_benchmark |   228p.csv: 0 compounds overlap with our Hub
2026-04-03 14:23:43 | INFO  | phase_ext_benchmark |   275p.csv: 0 compounds overlap with our Hub
2026-04-03 14:23:43 | INFO  | phase_ext_benchmark |   722p.csv: 0 compounds overlap with our Hub
2026-04-03 14:23:43 | INFO  | phase_ext_benchmark |   476p.csv: 0 compounds overlap with our Hub
2026-04-03 14:23:43 | INFO  | phase_ext_benchmark |   656p.csv: 0 compounds overlap with our Hub
2026-04-03 14:23:43 | INFO  | phase_ext_benchmark |   721p.csv: 0 compounds overlap with our Hub
2026-04-03 14:23:43 | INFO  | phase_ext_benchmark |   201p.csv: 0 compounds overlap with our Hub
2026-04-03 14:23:43 | INFO  | phase_ext_benchmark |   365p.csv: 0 compounds overlap with our Hub
2026-04-03 14:23:43 | INFO  | phase_ext_benchmark |   856p.csv: 0 compounds overlap with our Hub
2026-04-03 14:23:43 | INFO  | phase_ext_benchmark |   202p.csv: 0 compounds overlap with our Hub
2026-04-03 14:23:43 | INFO  | phase_ext_benchmark |   687p.csv: 0 compounds overlap with our Hub
2026-04-03 14:23:43 | INFO  | phase_ext_benchmark |   1102p.csv: 0 compounds overlap with our Hub
2026-04-03 14:23:43 | INFO  | phase_ext_benchmark |   293p.csv: 0 compounds overlap with our Hub
2026-04-03 14:23:43 | INFO  | phase_ext_benchmark |   189p.csv: 0 compounds overlap with our Hub
2026-04-03 14:23:43 | INFO  | phase_ext_benchmark |   369p.csv: 0 compounds overlap with our Hub
2026-04-03 14:23:43 | INFO  | phase_ext_benchmark |   640p.csv: 0 compounds overlap with our Hub
2026-04-03 14:23:43 | INFO  | phase_ext_benchmark |   1007p.csv: 0 compounds overlap with our Hub
2026-04-03 14:23:43 | INFO  | phase_ext_benchmark |   793p.csv: 0 compounds overlap with our Hub
2026-04-03 14:23:43 | INFO  | phase_ext_benchmark |   926p.csv: 0 compounds overlap with our Hub
2026-04-03 14:23:43 | INFO  | phase_ext_benchmark |   891p.csv: 0 compounds overlap with our Hub
2026-04-03 14:23:43 | INFO  | phase_ext_benchmark |   778p.csv: 0 compounds overlap with our Hub
2026-04-03 14:23:43 | INFO  | phase_ext_benchmark |   1032p.csv: 0 compounds overlap with our Hub
2026-04-03 14:23:43 | INFO  | phase_ext_benchmark |   701p.csv: 0 compounds overlap with our Hub
2026-04-03 14:23:43 | INFO  | phase_ext_benchmark |   1117p.csv: 0 compounds overlap with our Hub
2026-04-03 14:23:43 | INFO  | phase_ext_benchmark |   40p.csv: 0 compounds overlap with our Hub
2026-04-03 14:23:43 | INFO  | phase_ext_benchmark |   318p.csv: 0 compounds overlap with our Hub
2026-04-03 14:23:43 | INFO  | phase_ext_benchmark |   855p.csv: 0 compounds overlap with our Hub
2026-04-03 14:23:43 | INFO  | phase_ext_benchmark |   334p.csv: 0 compounds overlap with our Hub
2026-04-03 14:23:43 | INFO  | phase_ext_benchmark |   276p.csv: 0 compounds overlap with our Hub
2026-04-03 14:23:43 | INFO  | phase_ext_benchmark |   363p.csv: 0 compounds overlap with our Hub
2026-04-03 14:23:43 | INFO  | phase_ext_benchmark |   55p.csv: 0 compounds overlap with our Hub
2026-04-03 14:23:43 | INFO  | phase_ext_benchmark |   307p.csv: 0 compounds overlap with our Hub
2026-04-03 14:23:43 | INFO  | phase_ext_benchmark |   72p.csv: 0 compounds overlap with our Hub
2026-04-03 14:23:43 | INFO  | phase_ext_benchmark |   663p.csv: 0 compounds overlap with our Hub
2026-04-03 14:23:43 | INFO  | phase_ext_benchmark |   75p.csv: 0 compounds overlap with our Hub
2026-04-03 14:23:43 | INFO  | phase_ext_benchmark |   781p.csv: 0 compounds overlap with our Hub
2026-04-03 14:23:43 | INFO  | phase_ext_benchmark |   138p.csv: 0 compounds overlap with our Hub
2026-04-03 14:23:43 | INFO  | phase_ext_benchmark |   787p.csv: 0 compounds overlap with our Hub
2026-04-03 14:23:43 | INFO  | phase_ext_benchmark |   890p.csv: 0 compounds overlap with our Hub
2026-04-03 14:23:43 | INFO  | phase_ext_benchmark |   1125p.csv: 0 compounds overlap with our Hub
2026-04-03 14:23:43 | INFO  | phase_ext_benchmark |   1087p.csv: 0 compounds overlap with our Hub
2026-04-03 14:23:43 | INFO  | phase_ext_benchmark |   299p.csv: 0 compounds overlap with our Hub
2026-04-03 14:23:43 | INFO  | phase_ext_benchmark |   1096p.csv: 0 compounds overlap with our Hub
2026-04-03 14:23:43 | INFO  | phase_ext_benchmark |   729p.csv: 0 compounds overlap with our Hub
2026-04-03 14:23:43 | INFO  | phase_ext_benchmark |   1085p.csv: 0 compounds overlap with our Hub
2026-04-03 14:23:43 | INFO  | phase_ext_benchmark |   259p.csv: 0 compounds overlap with our Hub
2026-04-03 14:23:43 | INFO  | phase_ext_benchmark |   800p.csv: 0 compounds overlap with our Hub
2026-04-03 14:23:43 | INFO  | phase_ext_benchmark |   805p.csv: 0 compounds overlap with our Hub
2026-04-03 14:23:43 | INFO  | phase_ext_benchmark |   174p.csv: 0 compounds overlap with our Hub
2026-04-03 14:23:43 | INFO  | phase_ext_benchmark |   479p.csv: 0 compounds overlap with our Hub
2026-04-03 14:23:43 | INFO  | phase_ext_benchmark |   1016p.csv: 0 compounds overlap with our Hub
2026-04-03 14:23:43 | INFO  | phase_ext_benchmark |   642p.csv: 0 compounds overlap with our Hub
2026-04-03 14:23:43 | INFO  | phase_ext_benchmark |   520p.csv: 0 compounds overlap with our Hub
2026-04-03 14:23:43 | INFO  | phase_ext_benchmark |   283p.csv: 0 compounds overlap with our Hub
2026-04-03 14:23:43 | INFO  | phase_ext_benchmark |   535p.csv: 0 compounds overlap with our Hub
2026-04-03 14:23:43 | INFO  | phase_ext_benchmark |   460p.csv: 0 compounds overlap with our Hub
2026-04-03 14:23:43 | INFO  | phase_ext_benchmark |   899p.csv: 0 compounds overlap with our Hub
2026-04-03 14:23:43 | INFO  | phase_ext_benchmark |   662p.csv: 0 compounds overlap with our Hub
2026-04-03 14:23:43 | INFO  | phase_ext_benchmark |   366p.csv: 0 compounds overlap with our Hub
2026-04-03 14:23:43 | INFO  | phase_ext_benchmark |   705p.csv: 0 compounds overlap with our Hub
2026-04-03 14:23:43 | INFO  | phase_ext_benchmark |   711p.csv: 0 compounds overlap with our Hub
2026-04-03 14:23:43 | INFO  | phase_ext_benchmark |   865p.csv: 0 compounds overlap with our Hub
2026-04-03 14:23:43 | INFO  | phase_ext_benchmark |   99p.csv: 0 compounds overlap with our Hub
2026-04-03 14:23:43 | INFO  | phase_ext_benchmark |   140p.csv: 0 compounds overlap with our Hub
2026-04-03 14:23:43 | INFO  | phase_ext_benchmark |   994p.csv: 0 compounds overlap with our Hub
2026-04-03 14:23:43 | INFO  | phase_ext_benchmark |   863p.csv: 0 compounds overlap with our Hub
2026-04-03 14:23:43 | INFO  | phase_ext_benchmark |   42p.csv: 0 compounds overlap with our Hub
2026-04-03 14:23:43 | INFO  | phase_ext_benchmark |   224p.csv: 0 compounds overlap with our Hub
2026-04-03 14:23:43 | INFO  | phase_ext_benchmark |   894p.csv: 0 compounds overlap with our Hub
2026-04-03 14:23:43 | INFO  | phase_ext_benchmark |   1107p.csv: 0 compounds overlap with our Hub
2026-04-03 14:23:43 | INFO  | phase_ext_benchmark |   601p.csv: 0 compounds overlap with our Hub
2026-04-03 14:23:43 | INFO  | phase_ext_benchmark |   20p.csv: 0 compounds overlap with our Hub
2026-04-03 14:23:43 | INFO  | phase_ext_benchmark |   255p.csv: 0 compounds overlap with our Hub
2026-04-03 14:23:43 | INFO  | phase_ext_benchmark |   204p.csv: 0 compounds overlap with our Hub
2026-04-03 14:23:43 | INFO  | phase_ext_benchmark |   1036p.csv: 0 compounds overlap with our Hub
2026-04-03 14:23:43 | INFO  | phase_ext_benchmark |   133p.csv: 0 compounds overlap with our Hub
2026-04-03 14:23:43 | INFO  | phase_ext_benchmark |   696p.csv: 0 compounds overlap with our Hub
2026-04-03 14:23:43 | INFO  | phase_ext_benchmark |   69p.csv: 0 compounds overlap with our Hub
2026-04-03 14:23:44 | INFO  | phase_ext_benchmark |   524p.csv: 0 compounds overlap with our Hub
2026-04-03 14:23:44 | INFO  | phase_ext_benchmark |   984p.csv: 0 compounds overlap with our Hub
2026-04-03 14:23:44 | INFO  | phase_ext_benchmark |   845p.csv: 0 compounds overlap with our Hub
2026-04-03 14:23:44 | INFO  | phase_ext_benchmark |   339p.csv: 0 compounds overlap with our Hub
2026-04-03 14:23:44 | INFO  | phase_ext_benchmark |   618p.csv: 0 compounds overlap with our Hub
2026-04-03 14:23:44 | INFO  | phase_ext_benchmark |   137p.csv: 0 compounds overlap with our Hub
2026-04-03 14:23:44 | INFO  | phase_ext_benchmark |   830p.csv: 0 compounds overlap with our Hub
2026-04-03 14:23:44 | INFO  | phase_ext_benchmark |   727p.csv: 0 compounds overlap with our Hub
2026-04-03 14:23:44 | INFO  | phase_ext_benchmark |   543p.csv: 0 compounds overlap with our Hub
2026-04-03 14:23:44 | INFO  | phase_ext_benchmark |   710p.csv: 0 compounds overlap with our Hub
2026-04-03 14:23:44 | INFO  | phase_ext_benchmark |   437p.csv: 0 compounds overlap with our Hub
2026-04-03 14:23:44 | INFO  | phase_ext_benchmark |   149p.csv: 0 compounds overlap with our Hub
2026-04-03 14:23:44 | INFO  | phase_ext_benchmark |   148p.csv: 0 compounds overlap with our Hub
2026-04-03 14:23:44 | INFO  | phase_ext_benchmark |   262p.csv: 0 compounds overlap with our Hub
2026-04-03 14:23:44 | INFO  | phase_ext_benchmark |   482p.csv: 0 compounds overlap with our Hub
2026-04-03 14:23:44 | INFO  | phase_ext_benchmark |   893p.csv: 0 compounds overlap with our Hub
2026-04-03 14:23:44 | INFO  | phase_ext_benchmark |   573p.csv: 0 compounds overlap with our Hub
2026-04-03 14:23:44 | INFO  | phase_ext_benchmark |   447p.csv: 0 compounds overlap with our Hub
2026-04-03 14:23:44 | INFO  | phase_ext_benchmark |   132p.csv: 0 compounds overlap with our Hub
2026-04-03 14:23:44 | INFO  | phase_ext_benchmark |   496p.csv: 0 compounds overlap with our Hub
2026-04-03 14:23:44 | INFO  | phase_ext_benchmark |   243p.csv: 0 compounds overlap with our Hub
2026-04-03 14:23:44 | INFO  | phase_ext_benchmark |   725p.csv: 0 compounds overlap with our Hub
2026-04-03 14:23:44 | INFO  | phase_ext_benchmark |   230p.csv: 0 compounds overlap with our Hub
2026-04-03 14:23:44 | INFO  | phase_ext_benchmark |   961p.csv: 0 compounds overlap with our Hub
2026-04-03 14:23:44 | INFO  | phase_ext_benchmark |   252p.csv: 0 compounds overlap with our Hub
2026-04-03 14:23:44 | INFO  | phase_ext_benchmark |   678p.csv: 0 compounds overlap with our Hub
2026-04-03 14:23:44 | INFO  | phase_ext_benchmark |   349p.csv: 0 compounds overlap with our Hub
2026-04-03 14:23:44 | INFO  | phase_ext_benchmark |   841p.csv: 0 compounds overlap with our Hub
2026-04-03 14:23:44 | INFO  | phase_ext_benchmark |   440p.csv: 0 compounds overlap with our Hub
2026-04-03 14:23:44 | INFO  | phase_ext_benchmark |   396p.csv: 0 compounds overlap with our Hub
2026-04-03 14:23:44 | INFO  | phase_ext_benchmark |   470p.csv: 0 compounds overlap with our Hub
2026-04-03 14:23:44 | INFO  | phase_ext_benchmark |   84p.csv: 0 compounds overlap with our Hub
2026-04-03 14:23:44 | INFO  | phase_ext_benchmark |   195p.csv: 0 compounds overlap with our Hub
2026-04-03 14:23:44 | INFO  | phase_ext_benchmark |   947p.csv: 0 compounds overlap with our Hub
2026-04-03 14:23:44 | INFO  | phase_ext_benchmark |   1100p.csv: 0 compounds overlap with our Hub
2026-04-03 14:23:44 | INFO  | phase_ext_benchmark |   1009p.csv: 0 compounds overlap with our Hub
2026-04-03 14:23:44 | INFO  | phase_ext_benchmark |   226p.csv: 0 compounds overlap with our Hub
2026-04-03 14:23:44 | INFO  | phase_ext_benchmark |   518p.csv: 0 compounds overlap with our Hub
2026-04-03 14:23:44 | INFO  | phase_ext_benchmark |   581p.csv: 0 compounds overlap with our Hub
2026-04-03 14:23:44 | INFO  | phase_ext_benchmark |   481p.csv: 0 compounds overlap with our Hub
2026-04-03 14:23:44 | INFO  | phase_ext_benchmark |   328p.csv: 0 compounds overlap with our Hub
2026-04-03 14:23:44 | INFO  | phase_ext_benchmark |   843p.csv: 0 compounds overlap with our Hub
2026-04-03 14:23:44 | INFO  | phase_ext_benchmark |   892p.csv: 0 compounds overlap with our Hub
2026-04-03 14:23:44 | INFO  | phase_ext_benchmark |   422p.csv: 0 compounds overlap with our Hub
2026-04-03 14:23:44 | INFO  | phase_ext_benchmark |   225p.csv: 0 compounds overlap with our Hub
2026-04-03 14:23:44 | INFO  | phase_ext_benchmark |   988p.csv: 0 compounds overlap with our Hub
2026-04-03 14:23:44 | INFO  | phase_ext_benchmark |   50p.csv: 0 compounds overlap with our Hub
2026-04-03 14:23:44 | INFO  | phase_ext_benchmark |   477p.csv: 0 compounds overlap with our Hub
2026-04-03 14:23:44 | INFO  | phase_ext_benchmark |   165p.csv: 0 compounds overlap with our Hub
2026-04-03 14:23:44 | INFO  | phase_ext_benchmark |   478p.csv: 0 compounds overlap with our Hub
2026-04-03 14:23:44 | INFO  | phase_ext_benchmark |   399p.csv: 0 compounds overlap with our Hub
2026-04-03 14:23:44 | INFO  | phase_ext_benchmark |   571p.csv: 0 compounds overlap with our Hub
2026-04-03 14:23:44 | INFO  | phase_ext_benchmark |   592p.csv: 0 compounds overlap with our Hub
2026-04-03 14:23:44 | INFO  | phase_ext_benchmark |   1080p.csv: 0 compounds overlap with our Hub
2026-04-03 14:23:44 | INFO  | phase_ext_benchmark |   1014p.csv: 0 compounds overlap with our Hub
2026-04-03 14:23:44 | INFO  | phase_ext_benchmark |   1116p.csv: 0 compounds overlap with our Hub
2026-04-03 14:23:44 | INFO  | phase_ext_benchmark |   19p.csv: 0 compounds overlap with our Hub
2026-04-03 14:23:44 | INFO  | phase_ext_benchmark |   608p.csv: 0 compounds overlap with our Hub
2026-04-03 14:23:44 | INFO  | phase_ext_benchmark |   81p.csv: 0 compounds overlap with our Hub
2026-04-03 14:23:44 | INFO  | phase_ext_benchmark |   38p.csv: 0 compounds overlap with our Hub
2026-04-03 14:23:44 | INFO  | phase_ext_benchmark |   1029p.csv: 0 compounds overlap with our Hub
2026-04-03 14:23:44 | INFO  | phase_ext_benchmark |   409p.csv: 0 compounds overlap with our Hub
2026-04-03 14:23:44 | INFO  | phase_ext_benchmark |   443p.csv: 0 compounds overlap with our Hub
2026-04-03 14:23:44 | INFO  | phase_ext_benchmark |   375p.csv: 0 compounds overlap with our Hub
2026-04-03 14:23:44 | INFO  | phase_ext_benchmark |   794p.csv: 0 compounds overlap with our Hub
2026-04-03 14:23:44 | INFO  | phase_ext_benchmark |   1114p.csv: 0 compounds overlap with our Hub
2026-04-03 14:23:44 | INFO  | phase_ext_benchmark |   26p.csv: 0 compounds overlap with our Hub
2026-04-03 14:23:44 | INFO  | phase_ext_benchmark |   985p.csv: 0 compounds overlap with our Hub
2026-04-03 14:23:44 | INFO  | phase_ext_benchmark |   241p.csv: 0 compounds overlap with our Hub
2026-04-03 14:23:44 | INFO  | phase_ext_benchmark |   698p.csv: 0 compounds overlap with our Hub
2026-04-03 14:23:44 | INFO  | phase_ext_benchmark |   1041p.csv: 0 compounds overlap with our Hub
2026-04-03 14:23:44 | INFO  | phase_ext_benchmark |   147p.csv: 0 compounds overlap with our Hub
2026-04-03 14:23:44 | INFO  | phase_ext_benchmark |   587p.csv: 0 compounds overlap with our Hub
2026-04-03 14:23:44 | INFO  | phase_ext_benchmark |   1074p.csv: 0 compounds overlap with our Hub
2026-04-03 14:23:44 | INFO  | phase_ext_benchmark |   993p.csv: 0 compounds overlap with our Hub
2026-04-03 14:23:44 | INFO  | phase_ext_benchmark |   503p.csv: 0 compounds overlap with our Hub
2026-04-03 14:23:44 | INFO  | phase_ext_benchmark |   1054p.csv: 0 compounds overlap with our Hub
2026-04-03 14:23:44 | INFO  | phase_ext_benchmark |   43p.csv: 0 compounds overlap with our Hub
2026-04-03 14:23:44 | INFO  | phase_ext_benchmark |   1058p.csv: 0 compounds overlap with our Hub
2026-04-03 14:23:44 | INFO  | phase_ext_benchmark |   531p.csv: 0 compounds overlap with our Hub
2026-04-03 14:23:44 | INFO  | phase_ext_benchmark |   972p.csv: 0 compounds overlap with our Hub
2026-04-03 14:23:44 | INFO  | phase_ext_benchmark |   569p.csv: 0 compounds overlap with our Hub
2026-04-03 14:23:44 | INFO  | phase_ext_benchmark |   607p.csv: 0 compounds overlap with our Hub
2026-04-03 14:23:44 | INFO  | phase_ext_benchmark |   1070p.csv: 0 compounds overlap with our Hub
2026-04-03 14:23:44 | INFO  | phase_ext_benchmark |   692p.csv: 0 compounds overlap with our Hub
2026-04-03 14:23:44 | INFO  | phase_ext_benchmark |   1078p.csv: 0 compounds overlap with our Hub
2026-04-03 14:23:44 | INFO  | phase_ext_benchmark |   469p.csv: 0 compounds overlap with our Hub
2026-04-03 14:23:44 | INFO  | phase_ext_benchmark |   197p.csv: 0 compounds overlap with our Hub
2026-04-03 14:23:44 | INFO  | phase_ext_benchmark |   386p.csv: 0 compounds overlap with our Hub
2026-04-03 14:23:44 | INFO  | phase_ext_benchmark |   446p.csv: 0 compounds overlap with our Hub
2026-04-03 14:23:44 | INFO  | phase_ext_benchmark |   1033p.csv: 0 compounds overlap with our Hub
2026-04-03 14:23:44 | INFO  | phase_ext_benchmark |   256p.csv: 0 compounds overlap with our Hub
2026-04-03 14:23:44 | INFO  | phase_ext_benchmark |   835p.csv: 0 compounds overlap with our Hub
2026-04-03 14:23:44 | INFO  | phase_ext_benchmark |   627p.csv: 0 compounds overlap with our Hub
2026-04-03 14:23:44 | INFO  | phase_ext_benchmark |   879p.csv: 0 compounds overlap with our Hub
2026-04-03 14:23:44 | INFO  | phase_ext_benchmark |   772p.csv: 0 compounds overlap with our Hub
2026-04-03 14:23:44 | INFO  | phase_ext_benchmark |   329p.csv: 0 compounds overlap with our Hub
2026-04-03 14:23:44 | INFO  | phase_ext_benchmark |   932p.csv: 0 compounds overlap with our Hub
2026-04-03 14:23:44 | INFO  | phase_ext_benchmark |   938p.csv: 0 compounds overlap with our Hub
2026-04-03 14:23:44 | INFO  | phase_ext_benchmark |   876p.csv: 0 compounds overlap with our Hub
2026-04-03 14:23:44 | INFO  | phase_ext_benchmark |   190p.csv: 0 compounds overlap with our Hub
2026-04-03 14:23:44 | INFO  | phase_ext_benchmark |   161p.csv: 0 compounds overlap with our Hub
2026-04-03 14:23:44 | INFO  | phase_ext_benchmark |   11p.csv: 0 compounds overlap with our Hub
2026-04-03 14:23:44 | INFO  | phase_ext_benchmark |   704p.csv: 0 compounds overlap with our Hub
2026-04-03 14:23:44 | INFO  | phase_ext_benchmark |   17p.csv: 0 compounds overlap with our Hub
2026-04-03 14:23:44 | INFO  | phase_ext_benchmark |   80p.csv: 0 compounds overlap with our Hub
2026-04-03 14:23:44 | INFO  | phase_ext_benchmark |   922p.csv: 0 compounds overlap with our Hub
2026-04-03 14:23:44 | INFO  | phase_ext_benchmark |   958p.csv: 0 compounds overlap with our Hub
2026-04-03 14:23:44 | INFO  | phase_ext_benchmark |   493p.csv: 0 compounds overlap with our Hub
2026-04-03 14:23:44 | INFO  | phase_ext_benchmark |   733p.csv: 0 compounds overlap with our Hub
2026-04-03 14:23:45 | INFO  | phase_ext_benchmark |   757p.csv: 0 compounds overlap with our Hub
2026-04-03 14:23:45 | INFO  | phase_ext_benchmark |   358p.csv: 0 compounds overlap with our Hub
2026-04-03 14:23:45 | INFO  | phase_ext_benchmark |   1113p.csv: 0 compounds overlap with our Hub
2026-04-03 14:23:45 | INFO  | phase_ext_benchmark |   577p.csv: 0 compounds overlap with our Hub
2026-04-03 14:23:45 | INFO  | phase_ext_benchmark |   60p.csv: 0 compounds overlap with our Hub
2026-04-03 14:23:45 | INFO  | phase_ext_benchmark |   760p.csv: 0 compounds overlap with our Hub
2026-04-03 14:23:45 | INFO  | phase_ext_benchmark |   979p.csv: 0 compounds overlap with our Hub
2026-04-03 14:23:45 | INFO  | phase_ext_benchmark |   934p.csv: 0 compounds overlap with our Hub
2026-04-03 14:23:45 | INFO  | phase_ext_benchmark |   620p.csv: 0 compounds overlap with our Hub
2026-04-03 14:23:45 | INFO  | phase_ext_benchmark |   427p.csv: 0 compounds overlap with our Hub
2026-04-03 14:23:45 | INFO  | phase_ext_benchmark |   949p.csv: 0 compounds overlap with our Hub
2026-04-03 14:23:45 | INFO  | phase_ext_benchmark |   527p.csv: 0 compounds overlap with our Hub
2026-04-03 14:23:45 | INFO  | phase_ext_benchmark |   1092p.csv: 0 compounds overlap with our Hub
2026-04-03 14:23:45 | INFO  | phase_ext_benchmark |   808p.csv: 0 compounds overlap with our Hub
2026-04-03 14:23:45 | INFO  | phase_ext_benchmark |   77p.csv: 0 compounds overlap with our Hub
2026-04-03 14:23:45 | INFO  | phase_ext_benchmark |   670p.csv: 0 compounds overlap with our Hub
2026-04-03 14:23:45 | INFO  | phase_ext_benchmark |   203p.csv: 0 compounds overlap with our Hub
2026-04-03 14:23:45 | INFO  | phase_ext_benchmark |   357p.csv: 0 compounds overlap with our Hub
2026-04-03 14:23:45 | INFO  | phase_ext_benchmark |   76p.csv: 0 compounds overlap with our Hub
2026-04-03 14:23:45 | INFO  | phase_ext_benchmark |   758p.csv: 0 compounds overlap with our Hub
2026-04-03 14:23:45 | INFO  | phase_ext_benchmark |   322p.csv: 0 compounds overlap with our Hub
2026-04-03 14:23:45 | INFO  | phase_ext_benchmark |   494p.csv: 0 compounds overlap with our Hub
2026-04-03 14:23:45 | INFO  | phase_ext_benchmark |   563p.csv: 0 compounds overlap with our Hub
2026-04-03 14:23:45 | INFO  | phase_ext_benchmark |   963p.csv: 0 compounds overlap with our Hub
2026-04-03 14:23:45 | INFO  | phase_ext_benchmark |   991p.csv: 0 compounds overlap with our Hub
2026-04-03 14:23:45 | INFO  | phase_ext_benchmark |   100p.csv: 0 compounds overlap with our Hub
2026-04-03 14:23:45 | INFO  | phase_ext_benchmark |   62p.csv: 0 compounds overlap with our Hub
2026-04-03 14:23:45 | INFO  | phase_ext_benchmark |   308p.csv: 0 compounds overlap with our Hub
2026-04-03 14:23:45 | INFO  | phase_ext_benchmark |   325p.csv: 0 compounds overlap with our Hub
2026-04-03 14:23:45 | INFO  | phase_ext_benchmark |   815p.csv: 0 compounds overlap with our Hub
2026-04-03 14:23:45 | INFO  | phase_ext_benchmark |   160p.csv: 0 compounds overlap with our Hub
2026-04-03 14:23:45 | INFO  | phase_ext_benchmark |   21p.csv: 0 compounds overlap with our Hub
2026-04-03 14:23:45 | INFO  | phase_ext_benchmark |   1094p.csv: 0 compounds overlap with our Hub
2026-04-03 14:23:45 | INFO  | phase_ext_benchmark |   288p.csv: 0 compounds overlap with our Hub
2026-04-03 14:23:45 | INFO  | phase_ext_benchmark |   774p.csv: 0 compounds overlap with our Hub
2026-04-03 14:23:45 | INFO  | phase_ext_benchmark |   1027p.csv: 0 compounds overlap with our Hub
2026-04-03 14:23:45 | INFO  | phase_ext_benchmark |   945p.csv: 0 compounds overlap with our Hub
2026-04-03 14:23:45 | INFO  | phase_ext_benchmark |   231p.csv: 0 compounds overlap with our Hub
2026-04-03 14:23:45 | INFO  | phase_ext_benchmark |   574p.csv: 0 compounds overlap with our Hub
2026-04-03 14:23:45 | INFO  | phase_ext_benchmark |   770p.csv: 0 compounds overlap with our Hub
2026-04-03 14:23:45 | INFO  | phase_ext_benchmark |   232p.csv: 0 compounds overlap with our Hub
2026-04-03 14:23:45 | INFO  | phase_ext_benchmark |   995p.csv: 0 compounds overlap with our Hub
2026-04-03 14:23:45 | INFO  | phase_ext_benchmark |   552p.csv: 0 compounds overlap with our Hub
2026-04-03 14:23:45 | INFO  | phase_ext_benchmark |   380p.csv: 0 compounds overlap with our Hub
2026-04-03 14:23:45 | INFO  | phase_ext_benchmark |   554p.csv: 0 compounds overlap with our Hub
2026-04-03 14:23:45 | INFO  | phase_ext_benchmark |   516p.csv: 0 compounds overlap with our Hub
2026-04-03 14:23:45 | INFO  | phase_ext_benchmark |   510p.csv: 0 compounds overlap with our Hub
2026-04-03 14:23:45 | INFO  | phase_ext_benchmark |   385p.csv: 0 compounds overlap with our Hub
2026-04-03 14:23:45 | INFO  | phase_ext_benchmark |   603p.csv: 0 compounds overlap with our Hub
2026-04-03 14:23:45 | INFO  | phase_ext_benchmark |   402p.csv: 0 compounds overlap with our Hub
2026-04-03 14:23:45 | INFO  | phase_ext_benchmark |   253p.csv: 0 compounds overlap with our Hub
2026-04-03 14:23:45 | INFO  | phase_ext_benchmark |   473p.csv: 0 compounds overlap with our Hub
2026-04-03 14:23:45 | INFO  | phase_ext_benchmark |   417p.csv: 0 compounds overlap with our Hub
2026-04-03 14:23:45 | INFO  | phase_ext_benchmark |   48p.csv: 0 compounds overlap with our Hub
2026-04-03 14:23:45 | INFO  | phase_ext_benchmark |   111p.csv: 0 compounds overlap with our Hub
2026-04-03 14:23:45 | INFO  | phase_ext_benchmark |   266p.csv: 0 compounds overlap with our Hub
2026-04-03 14:23:45 | INFO  | phase_ext_benchmark |   258p.csv: 0 compounds overlap with our Hub
2026-04-03 14:23:45 | INFO  | phase_ext_benchmark |   578p.csv: 0 compounds overlap with our Hub
2026-04-03 14:23:45 | INFO  | phase_ext_benchmark |   67p.csv: 0 compounds overlap with our Hub
2026-04-03 14:23:45 | INFO  | phase_ext_benchmark |   291p.csv: 0 compounds overlap with our Hub
2026-04-03 14:23:45 | INFO  | phase_ext_benchmark |   878p.csv: 0 compounds overlap with our Hub
2026-04-03 14:23:45 | INFO  | phase_ext_benchmark |   1082p.csv: 0 compounds overlap with our Hub
2026-04-03 14:23:45 | INFO  | phase_ext_benchmark |   216p.csv: 0 compounds overlap with our Hub
2026-04-03 14:23:45 | INFO  | phase_ext_benchmark |   289p.csv: 0 compounds overlap with our Hub
2026-04-03 14:23:45 | INFO  | phase_ext_benchmark |   886p.csv: 0 compounds overlap with our Hub
2026-04-03 14:23:45 | INFO  | phase_ext_benchmark |   182p.csv: 0 compounds overlap with our Hub
2026-04-03 14:23:45 | INFO  | phase_ext_benchmark |   362p.csv: 0 compounds overlap with our Hub
2026-04-03 14:23:45 | INFO  | phase_ext_benchmark |   1003p.csv: 0 compounds overlap with our Hub
2026-04-03 14:23:45 | INFO  | phase_ext_benchmark |   261p.csv: 0 compounds overlap with our Hub
2026-04-03 14:23:45 | INFO  | phase_ext_benchmark |   706p.csv: 0 compounds overlap with our Hub
2026-04-03 14:23:45 | INFO  | phase_ext_benchmark |   128p.csv: 0 compounds overlap with our Hub
2026-04-03 14:23:45 | INFO  | phase_ext_benchmark |   260p.csv: 0 compounds overlap with our Hub
2026-04-03 14:23:45 | INFO  | phase_ext_benchmark |   168p.csv: 0 compounds overlap with our Hub
2026-04-03 14:23:45 | INFO  | phase_ext_benchmark |   294p.csv: 0 compounds overlap with our Hub
2026-04-03 14:23:45 | INFO  | phase_ext_benchmark |   1120p.csv: 0 compounds overlap with our Hub
2026-04-03 14:23:45 | INFO  | phase_ext_benchmark |   866p.csv: 0 compounds overlap with our Hub
2026-04-03 14:23:45 | INFO  | phase_ext_benchmark |   941p.csv: 0 compounds overlap with our Hub
2026-04-03 14:23:45 | INFO  | phase_ext_benchmark |   373p.csv: 0 compounds overlap with our Hub
2026-04-03 14:23:45 | INFO  | phase_ext_benchmark |   634p.csv: 0 compounds overlap with our Hub
2026-04-03 14:23:45 | INFO  | phase_ext_benchmark |   205p.csv: 0 compounds overlap with our Hub
2026-04-03 14:23:45 | INFO  | phase_ext_benchmark |   751p.csv: 0 compounds overlap with our Hub
2026-04-03 14:23:45 | INFO  | phase_ext_benchmark |   1067p.csv: 0 compounds overlap with our Hub
2026-04-03 14:23:45 | INFO  | phase_ext_benchmark |   92p.csv: 0 compounds overlap with our Hub
2026-04-03 14:23:45 | INFO  | phase_ext_benchmark |   305p.csv: 0 compounds overlap with our Hub
2026-04-03 14:23:45 | INFO  | phase_ext_benchmark |   809p.csv: 0 compounds overlap with our Hub
2026-04-03 14:23:45 | INFO  | phase_ext_benchmark |   170p.csv: 0 compounds overlap with our Hub
2026-04-03 14:23:45 | INFO  | phase_ext_benchmark |   987p.csv: 0 compounds overlap with our Hub
2026-04-03 14:23:45 | INFO  | phase_ext_benchmark |   250p.csv: 0 compounds overlap with our Hub
2026-04-03 14:23:45 | INFO  | phase_ext_benchmark |   441p.csv: 0 compounds overlap with our Hub
2026-04-03 14:23:45 | INFO  | phase_ext_benchmark |   234p.csv: 0 compounds overlap with our Hub
2026-04-03 14:23:45 | INFO  | phase_ext_benchmark |   974p.csv: 0 compounds overlap with our Hub
2026-04-03 14:23:45 | INFO  | phase_ext_benchmark |   885p.csv: 0 compounds overlap with our Hub
2026-04-03 14:23:45 | INFO  | phase_ext_benchmark |   93p.csv: 0 compounds overlap with our Hub
2026-04-03 14:23:45 | INFO  | phase_ext_benchmark |   1063p.csv: 0 compounds overlap with our Hub
2026-04-03 14:23:45 | INFO  | phase_ext_benchmark |   142p.csv: 0 compounds overlap with our Hub
2026-04-03 14:23:45 | INFO  | phase_ext_benchmark |   435p.csv: 0 compounds overlap with our Hub
2026-04-03 14:23:46 | INFO  | phase_ext_benchmark |   907p.csv: 0 compounds overlap with our Hub
2026-04-03 14:23:46 | INFO  | phase_ext_benchmark |   1050p.csv: 0 compounds overlap with our Hub
2026-04-03 14:23:46 | INFO  | phase_ext_benchmark |   839p.csv: 0 compounds overlap with our Hub
2026-04-03 14:23:46 | INFO  | phase_ext_benchmark |   94p.csv: 0 compounds overlap with our Hub
2026-04-03 14:23:46 | INFO  | phase_ext_benchmark |   565p.csv: 0 compounds overlap with our Hub
2026-04-03 14:23:46 | INFO  | phase_ext_benchmark |   8p.csv: 0 compounds overlap with our Hub
2026-04-03 14:23:46 | INFO  | phase_ext_benchmark |   218p.csv: 0 compounds overlap with our Hub
2026-04-03 14:23:46 | INFO  | phase_ext_benchmark |   908p.csv: 0 compounds overlap with our Hub
2026-04-03 14:23:46 | INFO  | phase_ext_benchmark |   389p.csv: 0 compounds overlap with our Hub
2026-04-03 14:23:46 | INFO  | phase_ext_benchmark |   575p.csv: 0 compounds overlap with our Hub
2026-04-03 14:23:46 | INFO  | phase_ext_benchmark |   341p.csv: 0 compounds overlap with our Hub
2026-04-03 14:23:46 | INFO  | phase_ext_benchmark |   1066p.csv: 0 compounds overlap with our Hub
2026-04-03 14:23:46 | INFO  | phase_ext_benchmark |   806p.csv: 0 compounds overlap with our Hub
2026-04-03 14:23:46 | INFO  | phase_ext_benchmark |   943p.csv: 0 compounds overlap with our Hub
2026-04-03 14:23:46 | INFO  | phase_ext_benchmark |   940p.csv: 0 compounds overlap with our Hub
2026-04-03 14:23:46 | INFO  | phase_ext_benchmark |   1020p.csv: 0 compounds overlap with our Hub
2026-04-03 14:23:46 | INFO  | phase_ext_benchmark |   720p.csv: 0 compounds overlap with our Hub
2026-04-03 14:23:46 | INFO  | phase_ext_benchmark |   464p.csv: 0 compounds overlap with our Hub
2026-04-03 14:23:46 | INFO  | phase_ext_benchmark |   736p.csv: 0 compounds overlap with our Hub
2026-04-03 14:23:46 | INFO  | phase_ext_benchmark |   420p.csv: 0 compounds overlap with our Hub
2026-04-03 14:23:46 | INFO  | phase_ext_benchmark |   364p.csv: 0 compounds overlap with our Hub
2026-04-03 14:23:46 | INFO  | phase_ext_benchmark |   180p.csv: 0 compounds overlap with our Hub
2026-04-03 14:23:46 | INFO  | phase_ext_benchmark |   968p.csv: 1 compounds overlap with our Hub
2026-04-03 14:23:46 | INFO  | phase_ext_benchmark |   316p.csv: 0 compounds overlap with our Hub
2026-04-03 14:23:46 | INFO  | phase_ext_benchmark |   1084p.csv: 0 compounds overlap with our Hub
2026-04-03 14:23:46 | INFO  | phase_ext_benchmark |   31p.csv: 0 compounds overlap with our Hub
2026-04-03 14:23:46 | INFO  | phase_ext_benchmark |   346p.csv: 0 compounds overlap with our Hub
2026-04-03 14:23:46 | INFO  | phase_ext_benchmark |   187p.csv: 0 compounds overlap with our Hub
2026-04-03 14:23:46 | INFO  | phase_ext_benchmark |   181p.csv: 0 compounds overlap with our Hub
2026-04-03 14:23:46 | INFO  | phase_ext_benchmark |   540p.csv: 0 compounds overlap with our Hub
2026-04-03 14:23:46 | INFO  | phase_ext_benchmark |   836p.csv: 0 compounds overlap with our Hub
2026-04-03 14:23:46 | INFO  | phase_ext_benchmark |   96p.csv: 0 compounds overlap with our Hub
2026-04-03 14:23:46 | INFO  | phase_ext_benchmark |   337p.csv: 0 compounds overlap with our Hub
2026-04-03 14:23:46 | INFO  | phase_ext_benchmark |   761p.csv: 0 compounds overlap with our Hub
2026-04-03 14:23:46 | INFO  | phase_ext_benchmark |   749p.csv: 0 compounds overlap with our Hub
2026-04-03 14:23:46 | INFO  | phase_ext_benchmark |   798p.csv: 1 compounds overlap with our Hub
2026-04-03 14:23:46 | INFO  | phase_ext_benchmark |   64p.csv: 0 compounds overlap with our Hub
2026-04-03 14:23:46 | INFO  | phase_ext_benchmark |   424p.csv: 0 compounds overlap with our Hub
2026-04-03 14:23:46 | INFO  | phase_ext_benchmark |   998p.csv: 0 compounds overlap with our Hub
2026-04-03 14:23:46 | INFO  | phase_ext_benchmark |   330p.csv: 0 compounds overlap with our Hub
2026-04-03 14:23:46 | INFO  | phase_ext_benchmark |   541p.csv: 0 compounds overlap with our Hub
2026-04-03 14:23:46 | INFO  | phase_ext_benchmark |   303p.csv: 0 compounds overlap with our Hub
2026-04-03 14:23:46 | INFO  | phase_ext_benchmark |   74p.csv: 0 compounds overlap with our Hub
2026-04-03 14:23:46 | INFO  | phase_ext_benchmark |   545p.csv: 0 compounds overlap with our Hub
2026-04-03 14:23:46 | INFO  | phase_ext_benchmark |   1026p.csv: 0 compounds overlap with our Hub
2026-04-03 14:23:46 | INFO  | phase_ext_benchmark |   680p.csv: 0 compounds overlap with our Hub
2026-04-03 14:23:46 | INFO  | phase_ext_benchmark |   1018p.csv: 0 compounds overlap with our Hub
2026-04-03 14:23:46 | INFO  | phase_ext_benchmark |   166p.csv: 0 compounds overlap with our Hub
2026-04-03 14:23:46 | INFO  | phase_ext_benchmark |   1028p.csv: 0 compounds overlap with our Hub
2026-04-03 14:23:46 | INFO  | phase_ext_benchmark |   1051p.csv: 0 compounds overlap with our Hub
2026-04-03 14:23:46 | INFO  | phase_ext_benchmark |   786p.csv: 0 compounds overlap with our Hub
2026-04-03 14:23:46 | INFO  | phase_ext_benchmark |   909p.csv: 0 compounds overlap with our Hub
2026-04-03 14:23:46 | INFO  | phase_ext_benchmark |   229p.csv: 0 compounds overlap with our Hub
2026-04-03 14:23:46 | INFO  | phase_ext_benchmark |   419p.csv: 0 compounds overlap with our Hub
2026-04-03 14:23:46 | INFO  | phase_ext_benchmark |   37p.csv: 0 compounds overlap with our Hub
2026-04-03 14:23:46 | INFO  | phase_ext_benchmark |   1061p.csv: 0 compounds overlap with our Hub
2026-04-03 14:23:46 | INFO  | phase_ext_benchmark |   49p.csv: 0 compounds overlap with our Hub
2026-04-03 14:23:46 | INFO  | phase_ext_benchmark |   585p.csv: 0 compounds overlap with our Hub
2026-04-03 14:23:46 | INFO  | phase_ext_benchmark |   101p.csv: 0 compounds overlap with our Hub
2026-04-03 14:23:46 | INFO  | phase_ext_benchmark |   519p.csv: 0 compounds overlap with our Hub
2026-04-03 14:23:46 | INFO  | phase_ext_benchmark |   210p.csv: 0 compounds overlap with our Hub
2026-04-03 14:23:46 | INFO  | phase_ext_benchmark |   609p.csv: 0 compounds overlap with our Hub
2026-04-03 14:23:46 | INFO  | phase_ext_benchmark |   383p.csv: 0 compounds overlap with our Hub
2026-04-03 14:23:46 | INFO  | phase_ext_benchmark |   895p.csv: 0 compounds overlap with our Hub
2026-04-03 14:23:46 | INFO  | phase_ext_benchmark |   456p.csv: 0 compounds overlap with our Hub
2026-04-03 14:23:46 | INFO  | phase_ext_benchmark |   810p.csv: 0 compounds overlap with our Hub
2026-04-03 14:23:46 | INFO  | phase_ext_benchmark |   429p.csv: 0 compounds overlap with our Hub
2026-04-03 14:23:46 | INFO  | phase_ext_benchmark |   703p.csv: 0 compounds overlap with our Hub
2026-04-03 14:23:46 | INFO  | phase_ext_benchmark |   58p.csv: 0 compounds overlap with our Hub
2026-04-03 14:23:46 | INFO  | phase_ext_benchmark |   352p.csv: 0 compounds overlap with our Hub
2026-04-03 14:23:46 | INFO  | phase_ext_benchmark |   344p.csv: 0 compounds overlap with our Hub
2026-04-03 14:23:46 | INFO  | phase_ext_benchmark |   66p.csv: 0 compounds overlap with our Hub
2026-04-03 14:23:46 | INFO  | phase_ext_benchmark |   29p.csv: 0 compounds overlap with our Hub
2026-04-03 14:23:46 | INFO  | phase_ext_benchmark |   821p.csv: 0 compounds overlap with our Hub
2026-04-03 14:23:46 | INFO  | phase_ext_benchmark |   955p.csv: 0 compounds overlap with our Hub
2026-04-03 14:23:46 | INFO  | phase_ext_benchmark |   209p.csv: 0 compounds overlap with our Hub
2026-04-03 14:23:46 | INFO  | phase_ext_benchmark |   791p.csv: 0 compounds overlap with our Hub
2026-04-03 14:23:46 | INFO  | phase_ext_benchmark |   1098p.csv: 0 compounds overlap with our Hub
2026-04-03 14:23:46 | INFO  | phase_ext_benchmark |   782p.csv: 0 compounds overlap with our Hub
2026-04-03 14:23:46 | INFO  | phase_ext_benchmark |   561p.csv: 0 compounds overlap with our Hub
2026-04-03 14:23:46 | INFO  | phase_ext_benchmark |   956p.csv: 0 compounds overlap with our Hub
2026-04-03 14:23:46 | INFO  | phase_ext_benchmark |   217p.csv: 0 compounds overlap with our Hub
2026-04-03 14:23:46 | INFO  | phase_ext_benchmark |   576p.csv: 0 compounds overlap with our Hub
2026-04-03 14:23:46 | INFO  | phase_ext_benchmark |   917p.csv: 0 compounds overlap with our Hub
2026-04-03 14:23:46 | INFO  | phase_ext_benchmark |   881p.csv: 0 compounds overlap with our Hub
2026-04-03 14:23:46 | INFO  | phase_ext_benchmark |   551p.csv: 0 compounds overlap with our Hub
2026-04-03 14:23:46 | INFO  | phase_ext_benchmark |   654p.csv: 0 compounds overlap with our Hub
2026-04-03 14:23:46 | INFO  | phase_ext_benchmark |   360p.csv: 0 compounds overlap with our Hub
2026-04-03 14:23:46 | INFO  | phase_ext_benchmark |   667p.csv: 0 compounds overlap with our Hub
2026-04-03 14:23:46 | INFO  | phase_ext_benchmark |   221p.csv: 0 compounds overlap with our Hub
2026-04-03 14:23:46 | INFO  | phase_ext_benchmark |   208p.csv: 0 compounds overlap with our Hub
2026-04-03 14:23:46 | INFO  | phase_ext_benchmark |   691p.csv: 0 compounds overlap with our Hub
2026-04-03 14:23:46 | INFO  | phase_ext_benchmark |   602p.csv: 0 compounds overlap with our Hub
2026-04-03 14:23:46 | INFO  | phase_ext_benchmark |   834p.csv: 0 compounds overlap with our Hub
2026-04-03 14:23:46 | INFO  | phase_ext_benchmark |   723p.csv: 0 compounds overlap with our Hub
2026-04-03 14:23:46 | INFO  | phase_ext_benchmark |   78p.csv: 0 compounds overlap with our Hub
2026-04-03 14:23:46 | INFO  | phase_ext_benchmark |   191p.csv: 0 compounds overlap with our Hub
2026-04-03 14:23:46 | INFO  | phase_ext_benchmark |   1081p.csv: 0 compounds overlap with our Hub
2026-04-03 14:23:46 | INFO  | phase_ext_benchmark |   754p.csv: 0 compounds overlap with our Hub
2026-04-03 14:23:46 | INFO  | phase_ext_benchmark |   652p.csv: 0 compounds overlap with our Hub
2026-04-03 14:23:46 | INFO  | phase_ext_benchmark |   712p.csv: 0 compounds overlap with our Hub
2026-04-03 14:23:47 | INFO  | phase_ext_benchmark |   549p.csv: 0 compounds overlap with our Hub
2026-04-03 14:23:47 | INFO  | phase_ext_benchmark |   597p.csv: 0 compounds overlap with our Hub
2026-04-03 14:23:47 | INFO  | phase_ext_benchmark |   867p.csv: 0 compounds overlap with our Hub
2026-04-03 14:23:47 | INFO  | phase_ext_benchmark |   143p.csv: 0 compounds overlap with our Hub
2026-04-03 14:23:47 | INFO  | phase_ext_benchmark |   719p.csv: 0 compounds overlap with our Hub
2026-04-03 14:23:47 | INFO  | phase_ext_benchmark |   653p.csv: 0 compounds overlap with our Hub
2026-04-03 14:23:47 | INFO  | phase_ext_benchmark |   392p.csv: 0 compounds overlap with our Hub
2026-04-03 14:23:47 | INFO  | phase_ext_benchmark |   426p.csv: 0 compounds overlap with our Hub
2026-04-03 14:23:47 | INFO  | phase_ext_benchmark |   767p.csv: 0 compounds overlap with our Hub
2026-04-03 14:23:47 | INFO  | phase_ext_benchmark |   732p.csv: 0 compounds overlap with our Hub
2026-04-03 14:23:47 | INFO  | phase_ext_benchmark |   643p.csv: 0 compounds overlap with our Hub
2026-04-03 14:23:47 | INFO  | phase_ext_benchmark |   175p.csv: 0 compounds overlap with our Hub
2026-04-03 14:23:47 | INFO  | phase_ext_benchmark |   919p.csv: 0 compounds overlap with our Hub
2026-04-03 14:23:47 | INFO  | phase_ext_benchmark |   331p.csv: 0 compounds overlap with our Hub
2026-04-03 14:23:47 | INFO  | phase_ext_benchmark |   911p.csv: 0 compounds overlap with our Hub
2026-04-03 14:23:47 | INFO  | phase_ext_benchmark |   418p.csv: 0 compounds overlap with our Hub
2026-04-03 14:23:47 | INFO  | phase_ext_benchmark |   833p.csv: 0 compounds overlap with our Hub
2026-04-03 14:23:47 | INFO  | phase_ext_benchmark |   1093p.csv: 0 compounds overlap with our Hub
2026-04-03 14:23:47 | INFO  | phase_ext_benchmark |   966p.csv: 0 compounds overlap with our Hub
2026-04-03 14:23:47 | INFO  | phase_ext_benchmark |   247p.csv: 0 compounds overlap with our Hub
2026-04-03 14:23:47 | INFO  | phase_ext_benchmark |   1112p.csv: 0 compounds overlap with our Hub
2026-04-03 14:23:47 | INFO  | phase_ext_benchmark |   976p.csv: 0 compounds overlap with our Hub
2026-04-03 14:23:47 | INFO  | phase_ext_benchmark |   459p.csv: 0 compounds overlap with our Hub
2026-04-03 14:23:47 | INFO  | phase_ext_benchmark |   1115p.csv: 0 compounds overlap with our Hub
2026-04-03 14:23:47 | INFO  | phase_ext_benchmark |   973p.csv: 0 compounds overlap with our Hub
2026-04-03 14:23:47 | INFO  | phase_ext_benchmark |   458p.csv: 0 compounds overlap with our Hub
2026-04-03 14:23:47 | INFO  | phase_ext_benchmark |   200p.csv: 0 compounds overlap with our Hub
2026-04-03 14:23:47 | INFO  | phase_ext_benchmark |   840p.csv: 0 compounds overlap with our Hub
2026-04-03 14:23:47 | INFO  | phase_ext_benchmark |   1097p.csv: 0 compounds overlap with our Hub
2026-04-03 14:23:47 | INFO  | phase_ext_benchmark |   661p.csv: 0 compounds overlap with our Hub
2026-04-03 14:23:47 | INFO  | phase_ext_benchmark |   126p.csv: 0 compounds overlap with our Hub
2026-04-03 14:23:47 | INFO  | phase_ext_benchmark |   645p.csv: 0 compounds overlap with our Hub
2026-04-03 14:23:47 | INFO  | phase_ext_benchmark |   517p.csv: 0 compounds overlap with our Hub
2026-04-03 14:23:47 | INFO  | phase_ext_benchmark |   159p.csv: 0 compounds overlap with our Hub
2026-04-03 14:23:47 | INFO  | phase_ext_benchmark |   567p.csv: 0 compounds overlap with our Hub
2026-04-03 14:23:47 | INFO  | phase_ext_benchmark |   79p.csv: 0 compounds overlap with our Hub
2026-04-03 14:23:47 | INFO  | phase_ext_benchmark |   172p.csv: 0 compounds overlap with our Hub
2026-04-03 14:23:47 | INFO  | phase_ext_benchmark |   244p.csv: 0 compounds overlap with our Hub
2026-04-03 14:23:47 | INFO  | phase_ext_benchmark |   1000p.csv: 0 compounds overlap with our Hub
2026-04-03 14:23:47 | INFO  | phase_ext_benchmark |   450p.csv: 0 compounds overlap with our Hub
2026-04-03 14:23:47 | INFO  | phase_ext_benchmark |   666p.csv: 0 compounds overlap with our Hub
2026-04-03 14:23:47 | INFO  | phase_ext_benchmark |   544p.csv: 0 compounds overlap with our Hub
2026-04-03 14:23:47 | INFO  | phase_ext_benchmark |   35p.csv: 0 compounds overlap with our Hub
2026-04-03 14:23:47 | INFO  | phase_ext_benchmark |   32p.csv: 0 compounds overlap with our Hub
2026-04-03 14:23:47 | INFO  | phase_ext_benchmark |   53p.csv: 0 compounds overlap with our Hub
2026-04-03 14:23:47 | INFO  | phase_ext_benchmark |   638p.csv: 0 compounds overlap with our Hub
2026-04-03 14:23:47 | INFO  | phase_ext_benchmark |   491p.csv: 1 compounds overlap with our Hub
2026-04-03 14:23:47 | INFO  | phase_ext_benchmark |   990p.csv: 0 compounds overlap with our Hub
2026-04-03 14:23:47 | INFO  | phase_ext_benchmark |   1045p.csv: 0 compounds overlap with our Hub
2026-04-03 14:23:47 | INFO  | phase_ext_benchmark |   1101p.csv: 0 compounds overlap with our Hub
2026-04-03 14:23:47 | INFO  | phase_ext_benchmark |   509p.csv: 0 compounds overlap with our Hub
2026-04-03 14:23:47 | INFO  | phase_ext_benchmark |   681p.csv: 0 compounds overlap with our Hub
2026-04-03 14:23:47 | INFO  | phase_ext_benchmark |   381p.csv: 0 compounds overlap with our Hub
2026-04-03 14:23:47 | INFO  | phase_ext_benchmark |   119p.csv: 0 compounds overlap with our Hub
2026-04-03 14:23:47 | INFO  | phase_ext_benchmark |   1031p.csv: 0 compounds overlap with our Hub
2026-04-03 14:23:47 | INFO  | phase_ext_benchmark |   1111p.csv: 0 compounds overlap with our Hub
2026-04-03 14:23:47 | INFO  | phase_ext_benchmark |   854p.csv: 1 compounds overlap with our Hub
2026-04-03 14:23:47 | INFO  | phase_ext_benchmark |   301p.csv: 3 compounds overlap with our Hub
2026-04-03 14:23:47 | INFO  | phase_ext_benchmark |   802p.csv: 2 compounds overlap with our Hub
2026-04-03 14:23:47 | INFO  | phase_ext_benchmark |   504p.csv: 0 compounds overlap with our Hub
2026-04-03 14:23:47 | INFO  | phase_ext_benchmark |   436p.csv: 0 compounds overlap with our Hub
2026-04-03 14:23:47 | INFO  | phase_ext_benchmark |   942p.csv: 0 compounds overlap with our Hub
2026-04-03 14:23:47 | INFO  | phase_ext_benchmark |   24p.csv: 0 compounds overlap with our Hub
2026-04-03 14:23:47 | INFO  | phase_ext_benchmark |   989p.csv: 0 compounds overlap with our Hub
2026-04-03 14:23:47 | INFO  | phase_ext_benchmark |   264p.csv: 0 compounds overlap with our Hub
2026-04-03 14:23:47 | INFO  | phase_ext_benchmark |   650p.csv: 0 compounds overlap with our Hub
2026-04-03 14:23:47 | INFO  | phase_ext_benchmark |   152p.csv: 0 compounds overlap with our Hub
2026-04-03 14:23:47 | INFO  | phase_ext_benchmark |   14p.csv: 0 compounds overlap with our Hub
2026-04-03 14:23:47 | INFO  | phase_ext_benchmark |   246p.csv: 0 compounds overlap with our Hub
2026-04-03 14:23:47 | INFO  | phase_ext_benchmark |   683p.csv: 0 compounds overlap with our Hub
2026-04-03 14:23:47 | INFO  | phase_ext_benchmark |   207p.csv: 0 compounds overlap with our Hub
2026-04-03 14:23:47 | INFO  | phase_ext_benchmark |   220p.csv: 1 compounds overlap with our Hub
2026-04-03 14:23:47 | INFO  | phase_ext_benchmark |   162p.csv: 0 compounds overlap with our Hub
2026-04-03 14:23:47 | INFO  | phase_ext_benchmark |   579p.csv: 0 compounds overlap with our Hub
2026-04-03 14:23:47 | INFO  | phase_ext_benchmark |   747p.csv: 0 compounds overlap with our Hub
2026-04-03 14:23:47 | INFO  | phase_ext_benchmark |   408p.csv: 0 compounds overlap with our Hub
2026-04-03 14:23:47 | INFO  | phase_ext_benchmark |   522p.csv: 0 compounds overlap with our Hub
2026-04-03 14:23:47 | INFO  | phase_ext_benchmark |   248p.csv: 0 compounds overlap with our Hub
2026-04-03 14:23:47 | INFO  | phase_ext_benchmark |   90p.csv: 0 compounds overlap with our Hub
2026-04-03 14:23:47 | INFO  | phase_ext_benchmark |   558p.csv: 0 compounds overlap with our Hub
2026-04-03 14:23:47 | INFO  | phase_ext_benchmark |   108p.csv: 0 compounds overlap with our Hub
2026-04-03 14:23:47 | INFO  | phase_ext_benchmark |   295p.csv: 0 compounds overlap with our Hub
2026-04-03 14:23:47 | INFO  | phase_ext_benchmark |   183p.csv: 0 compounds overlap with our Hub
2026-04-03 14:23:47 | INFO  | phase_ext_benchmark |   116p.csv: 0 compounds overlap with our Hub
2026-04-03 14:23:47 | INFO  | phase_ext_benchmark |   28p.csv: 0 compounds overlap with our Hub
2026-04-03 14:23:47 | INFO  | phase_ext_benchmark |   913p.csv: 0 compounds overlap with our Hub
2026-04-03 14:23:47 | INFO  | phase_ext_benchmark |   239p.csv: 0 compounds overlap with our Hub
2026-04-03 14:23:47 | INFO  | phase_ext_benchmark |   753p.csv: 0 compounds overlap with our Hub
2026-04-03 14:23:47 | INFO  | phase_ext_benchmark |   818p.csv: 0 compounds overlap with our Hub
2026-04-03 14:23:47 | INFO  | phase_ext_benchmark |   413p.csv: 0 compounds overlap with our Hub
2026-04-03 14:23:47 | INFO  | phase_ext_benchmark |   530p.csv: 0 compounds overlap with our Hub
2026-04-03 14:23:47 | INFO  | phase_ext_benchmark |   555p.csv: 0 compounds overlap with our Hub
2026-04-03 14:23:47 | INFO  | phase_ext_benchmark |   768p.csv: 0 compounds overlap with our Hub
2026-04-03 14:23:47 | INFO  | phase_ext_benchmark |   992p.csv: 0 compounds overlap with our Hub
2026-04-03 14:23:47 | INFO  | phase_ext_benchmark |   120p.csv: 0 compounds overlap with our Hub
2026-04-03 14:23:47 | INFO  | phase_ext_benchmark |   367p.csv: 0 compounds overlap with our Hub
2026-04-03 14:23:47 | INFO  | phase_ext_benchmark |   139p.csv: 0 compounds overlap with our Hub
2026-04-03 14:23:47 | INFO  | phase_ext_benchmark |   61p.csv: 0 compounds overlap with our Hub
2026-04-03 14:23:47 | INFO  | phase_ext_benchmark |   104p.csv: 1 compounds overlap with our Hub
2026-04-03 14:23:47 | INFO  | phase_ext_benchmark |   298p.csv: 0 compounds overlap with our Hub
2026-04-03 14:23:48 | INFO  | phase_ext_benchmark |   251p.csv: 0 compounds overlap with our Hub
2026-04-03 14:23:48 | INFO  | phase_ext_benchmark |   526p.csv: 0 compounds overlap with our Hub
2026-04-03 14:23:48 | INFO  | phase_ext_benchmark |   537p.csv: 0 compounds overlap with our Hub
2026-04-03 14:23:48 | INFO  | phase_ext_benchmark |   499p.csv: 0 compounds overlap with our Hub
2026-04-03 14:23:48 | INFO  | phase_ext_benchmark |   598p.csv: 0 compounds overlap with our Hub
2026-04-03 14:23:48 | INFO  | phase_ext_benchmark |   918p.csv: 0 compounds overlap with our Hub
2026-04-03 14:23:48 | INFO  | phase_ext_benchmark |   498p.csv: 0 compounds overlap with our Hub
2026-04-03 14:23:48 | INFO  | phase_ext_benchmark |   779p.csv: 0 compounds overlap with our Hub
2026-04-03 14:23:48 | INFO  | phase_ext_benchmark |   290p.csv: 0 compounds overlap with our Hub
2026-04-03 14:23:48 | INFO  | phase_ext_benchmark |   954p.csv: 0 compounds overlap with our Hub
2026-04-03 14:23:48 | INFO  | phase_ext_benchmark |   56p.csv: 0 compounds overlap with our Hub
2026-04-03 14:23:48 | INFO  | phase_ext_benchmark |   506p.csv: 0 compounds overlap with our Hub
2026-04-03 14:23:48 | INFO  | phase_ext_benchmark |   112p.csv: 0 compounds overlap with our Hub
2026-04-03 14:23:48 | INFO  | phase_ext_benchmark |   106p.csv: 0 compounds overlap with our Hub
2026-04-03 14:23:48 | INFO  | phase_ext_benchmark |   192p.csv: 0 compounds overlap with our Hub
2026-04-03 14:23:48 | INFO  | phase_ext_benchmark |   114p.csv: 0 compounds overlap with our Hub
2026-04-03 14:23:48 | INFO  | phase_ext_benchmark |   542p.csv: 1 compounds overlap with our Hub
2026-04-03 14:23:48 | INFO  | phase_ext_benchmark |   1012p.csv: 0 compounds overlap with our Hub
2026-04-03 14:23:48 | INFO  | phase_ext_benchmark |   1079p.csv: 0 compounds overlap with our Hub
2026-04-03 14:23:48 | INFO  | phase_ext_benchmark |   590p.csv: 0 compounds overlap with our Hub
2026-04-03 14:23:48 | INFO  | phase_ext_benchmark |   354p.csv: 0 compounds overlap with our Hub
2026-04-03 14:23:48 | INFO  | phase_ext_benchmark |   468p.csv: 0 compounds overlap with our Hub
2026-04-03 14:23:48 | INFO  | phase_ext_benchmark |   309p.csv: 0 compounds overlap with our Hub
2026-04-03 14:23:48 | INFO  | phase_ext_benchmark |   343p.csv: 0 compounds overlap with our Hub
2026-04-03 14:23:48 | INFO  | phase_ext_benchmark |   982p.csv: 0 compounds overlap with our Hub
2026-04-03 14:23:48 | INFO  | phase_ext_benchmark |   775p.csv: 0 compounds overlap with our Hub
2026-04-03 14:23:48 | INFO  | phase_ext_benchmark |   920p.csv: 0 compounds overlap with our Hub
2026-04-03 14:23:48 | INFO  | phase_ext_benchmark |   18p.csv: 0 compounds overlap with our Hub
2026-04-03 14:23:48 | INFO  | phase_ext_benchmark |   167p.csv: 0 compounds overlap with our Hub
2026-04-03 14:23:48 | INFO  | phase_ext_benchmark |   617p.csv: 0 compounds overlap with our Hub
2026-04-03 14:23:48 | INFO  | phase_ext_benchmark |   1110p.csv: 0 compounds overlap with our Hub
2026-04-03 14:23:48 | INFO  | phase_ext_benchmark |   401p.csv: 0 compounds overlap with our Hub
2026-04-03 14:23:48 | INFO  | phase_ext_benchmark |   869p.csv: 0 compounds overlap with our Hub
2026-04-03 14:23:48 | INFO  | phase_ext_benchmark |   539p.csv: 0 compounds overlap with our Hub
2026-04-03 14:23:48 | INFO  | phase_ext_benchmark |   300p.csv: 0 compounds overlap with our Hub
2026-04-03 14:23:48 | INFO  | phase_ext_benchmark |   838p.csv: 0 compounds overlap with our Hub
2026-04-03 14:23:48 | INFO  | phase_ext_benchmark |   1017p.csv: 0 compounds overlap with our Hub
2026-04-03 14:23:48 | INFO  | phase_ext_benchmark |   657p.csv: 0 compounds overlap with our Hub
2026-04-03 14:23:48 | INFO  | phase_ext_benchmark |   936p.csv: 0 compounds overlap with our Hub
2026-04-03 14:23:48 | INFO  | phase_ext_benchmark |   490p.csv: 0 compounds overlap with our Hub
2026-04-03 14:23:48 | INFO  | phase_ext_benchmark |   875p.csv: 0 compounds overlap with our Hub
2026-04-03 14:23:48 | INFO  | phase_ext_benchmark |   372p.csv: 0 compounds overlap with our Hub
2026-04-03 14:23:48 | INFO  | phase_ext_benchmark |   39p.csv: 0 compounds overlap with our Hub
2026-04-03 14:23:48 | INFO  | phase_ext_benchmark |   302p.csv: 0 compounds overlap with our Hub
2026-04-03 14:23:48 | INFO  | phase_ext_benchmark |   1034p.csv: 0 compounds overlap with our Hub
2026-04-03 14:23:48 | INFO  | phase_ext_benchmark |   889p.csv: 0 compounds overlap with our Hub
2026-04-03 14:23:48 | INFO  | phase_ext_benchmark |   274p.csv: 0 compounds overlap with our Hub
2026-04-03 14:23:48 | INFO  | phase_ext_benchmark |   338p.csv: 0 compounds overlap with our Hub
2026-04-03 14:23:48 | INFO  | phase_ext_benchmark |   326p.csv: 0 compounds overlap with our Hub
2026-04-03 14:23:48 | INFO  | phase_ext_benchmark |   314p.csv: 0 compounds overlap with our Hub
2026-04-03 14:23:48 | INFO  | phase_ext_benchmark |   324p.csv: 0 compounds overlap with our Hub
2026-04-03 14:23:48 | INFO  | phase_ext_benchmark |   312p.csv: 0 compounds overlap with our Hub
2026-04-03 14:23:48 | INFO  | phase_ext_benchmark |   831p.csv: 0 compounds overlap with our Hub
2026-04-03 14:23:48 | INFO  | phase_ext_benchmark |   1042p.csv: 0 compounds overlap with our Hub
2026-04-03 14:23:48 | INFO  | phase_ext_benchmark |   1124p.csv: 0 compounds overlap with our Hub
2026-04-03 14:23:48 | INFO  | phase_ext_benchmark |   377p.csv: 0 compounds overlap with our Hub
2026-04-03 14:23:48 | INFO  | phase_ext_benchmark |   593p.csv: 0 compounds overlap with our Hub
2026-04-03 14:23:48 | INFO  | phase_ext_benchmark |   415p.csv: 0 compounds overlap with our Hub
2026-04-03 14:23:48 | INFO  | phase_ext_benchmark |   930p.csv: 0 compounds overlap with our Hub
2026-04-03 14:23:48 | INFO  | phase_ext_benchmark |   647p.csv: 0 compounds overlap with our Hub
2026-04-03 14:23:48 | INFO  | phase_ext_benchmark |   1105p.csv: 0 compounds overlap with our Hub
2026-04-03 14:23:48 | INFO  | phase_ext_benchmark |   483p.csv: 0 compounds overlap with our Hub
2026-04-03 14:23:48 | INFO  | phase_ext_benchmark |   664p.csv: 0 compounds overlap with our Hub
2026-04-03 14:23:48 | INFO  | phase_ext_benchmark |   971p.csv: 0 compounds overlap with our Hub
2026-04-03 14:23:48 | INFO  | phase_ext_benchmark |   799p.csv: 5 compounds overlap with our Hub
2026-04-03 14:23:48 | INFO  | phase_ext_benchmark |   57p.csv: 0 compounds overlap with our Hub
2026-04-03 14:23:48 | INFO  | phase_ext_benchmark |   497p.csv: 0 compounds overlap with our Hub
2026-04-03 14:23:48 | INFO  | phase_ext_benchmark |   952p.csv: 0 compounds overlap with our Hub
2026-04-03 14:23:48 | INFO  | phase_ext_benchmark |   154p.csv: 0 compounds overlap with our Hub
2026-04-03 14:23:48 | INFO  | phase_ext_benchmark |   665p.csv: 0 compounds overlap with our Hub
2026-04-03 14:23:48 | INFO  | phase_ext_benchmark |   651p.csv: 0 compounds overlap with our Hub
2026-04-03 14:23:48 | INFO  | phase_ext_benchmark |   694p.csv: 0 compounds overlap with our Hub
2026-04-03 14:23:48 | INFO  | phase_ext_benchmark |   795p.csv: 0 compounds overlap with our Hub
2026-04-03 14:23:48 | INFO  | phase_ext_benchmark |   400p.csv: 0 compounds overlap with our Hub
2026-04-03 14:23:48 | INFO  | phase_ext_benchmark |   514p.csv: 0 compounds overlap with our Hub
2026-04-03 14:23:48 | INFO  | phase_ext_benchmark |   726p.csv: 0 compounds overlap with our Hub
2026-04-03 14:23:48 | INFO  | phase_ext_benchmark |   25p.csv: 0 compounds overlap with our Hub
2026-04-03 14:23:48 | INFO  | phase_ext_benchmark |   921p.csv: 0 compounds overlap with our Hub
2026-04-03 14:23:48 | INFO  | phase_ext_benchmark |   63p.csv: 0 compounds overlap with our Hub
2026-04-03 14:23:48 | INFO  | phase_ext_benchmark |   332p.csv: 0 compounds overlap with our Hub
2026-04-03 14:23:48 | INFO  | phase_ext_benchmark |   975p.csv: 0 compounds overlap with our Hub
2026-04-03 14:23:48 | INFO  | phase_ext_benchmark |   146p.csv: 0 compounds overlap with our Hub
2026-04-03 14:23:48 | INFO  | phase_ext_benchmark |   466p.csv: 0 compounds overlap with our Hub
2026-04-03 14:23:48 | INFO  | phase_ext_benchmark |   623p.csv: 0 compounds overlap with our Hub
2026-04-03 14:23:48 | INFO  | phase_ext_benchmark |   1065p.csv: 0 compounds overlap with our Hub
2026-04-03 14:23:48 | INFO  | phase_ext_benchmark |   844p.csv: 0 compounds overlap with our Hub
2026-04-03 14:23:48 | INFO  | phase_ext_benchmark |   286p.csv: 0 compounds overlap with our Hub
2026-04-03 14:23:48 | INFO  | phase_ext_benchmark |   122p.csv: 0 compounds overlap with our Hub
2026-04-03 14:23:48 | INFO  | phase_ext_benchmark |   699p.csv: 0 compounds overlap with our Hub
2026-04-03 14:23:48 | INFO  | phase_ext_benchmark |   1038p.csv: 0 compounds overlap with our Hub
2026-04-03 14:23:48 | INFO  | phase_ext_benchmark |   789p.csv: 0 compounds overlap with our Hub
2026-04-03 14:23:48 | INFO  | phase_ext_benchmark |   163p.csv: 0 compounds overlap with our Hub
2026-04-03 14:23:48 | INFO  | phase_ext_benchmark |   249p.csv: 0 compounds overlap with our Hub
2026-04-03 14:23:48 | INFO  | phase_ext_benchmark |   1046p.csv: 0 compounds overlap with our Hub
2026-04-03 14:23:48 | INFO  | phase_ext_benchmark |   1030p.csv: 0 compounds overlap with our Hub
2026-04-03 14:23:48 | INFO  | phase_ext_benchmark |   880p.csv: 0 compounds overlap with our Hub
2026-04-03 14:23:48 | INFO  | phase_ext_benchmark |   848p.csv: 0 compounds overlap with our Hub
2026-04-03 14:23:48 | INFO  | phase_ext_benchmark |   451p.csv: 0 compounds overlap with our Hub
2026-04-03 14:23:48 | INFO  | phase_ext_benchmark |   635p.csv: 0 compounds overlap with our Hub
2026-04-03 14:23:48 | INFO  | phase_ext_benchmark |   1123p.csv: 0 compounds overlap with our Hub
2026-04-03 14:23:49 | INFO  | phase_ext_benchmark |   91p.csv: 0 compounds overlap with our Hub
2026-04-03 14:23:49 | INFO  | phase_ext_benchmark |   65p.csv: 0 compounds overlap with our Hub
2026-04-03 14:23:49 | INFO  | phase_ext_benchmark |   616p.csv: 0 compounds overlap with our Hub
2026-04-03 14:23:49 | INFO  | phase_ext_benchmark |   425p.csv: 0 compounds overlap with our Hub
2026-04-03 14:23:49 | INFO  | phase_ext_benchmark |   996p.csv: 0 compounds overlap with our Hub
2026-04-03 14:23:49 | INFO  | phase_ext_benchmark |   813p.csv: 0 compounds overlap with our Hub
2026-04-03 14:23:49 | INFO  | phase_ext_benchmark |   523p.csv: 0 compounds overlap with our Hub
2026-04-03 14:23:49 | INFO  | phase_ext_benchmark |   1127p.csv: 0 compounds overlap with our Hub
2026-04-03 14:23:49 | INFO  | phase_ext_benchmark |   155p.csv: 0 compounds overlap with our Hub
2026-04-03 14:23:49 | INFO  | phase_ext_benchmark |   596p.csv: 0 compounds overlap with our Hub
2026-04-03 14:23:49 | INFO  | phase_ext_benchmark |   763p.csv: 0 compounds overlap with our Hub
2026-04-03 14:23:49 | INFO  | phase_ext_benchmark |   553p.csv: 0 compounds overlap with our Hub
2026-04-03 14:23:49 | INFO  | phase_ext_benchmark |   750p.csv: 0 compounds overlap with our Hub
2026-04-03 14:23:49 | INFO  | phase_ext_benchmark |   350p.csv: 0 compounds overlap with our Hub
2026-04-03 14:23:49 | INFO  | phase_ext_benchmark |   997p.csv: 0 compounds overlap with our Hub
2026-04-03 14:23:49 | INFO  | phase_ext_benchmark |   1015p.csv: 0 compounds overlap with our Hub
2026-04-03 14:23:49 | INFO  | phase_ext_benchmark |   448p.csv: 0 compounds overlap with our Hub
2026-04-03 14:23:49 | INFO  | phase_ext_benchmark |   819p.csv: 0 compounds overlap with our Hub
2026-04-03 14:23:49 | INFO  | phase_ext_benchmark |   1055p.csv: 0 compounds overlap with our Hub
2026-04-03 14:23:49 | INFO  | phase_ext_benchmark |   118p.csv: 0 compounds overlap with our Hub
2026-04-03 14:23:49 | INFO  | phase_ext_benchmark |   861p.csv: 0 compounds overlap with our Hub
2026-04-03 14:23:49 | INFO  | phase_ext_benchmark |   240p.csv: 0 compounds overlap with our Hub
2026-04-03 14:23:49 | INFO  | phase_ext_benchmark |   54p.csv: 0 compounds overlap with our Hub
2026-04-03 14:23:49 | INFO  | phase_ext_benchmark |   242p.csv: 0 compounds overlap with our Hub
2026-04-03 14:23:49 | INFO  | phase_ext_benchmark |   741p.csv: 0 compounds overlap with our Hub
2026-04-03 14:23:49 | INFO  | phase_ext_benchmark |   842p.csv: 0 compounds overlap with our Hub
2026-04-03 14:23:49 | INFO  | phase_ext_benchmark |   868p.csv: 0 compounds overlap with our Hub
2026-04-03 14:23:49 | INFO  | phase_ext_benchmark |   359p.csv: 0 compounds overlap with our Hub
2026-04-03 14:23:49 | INFO  | phase_ext_benchmark |   534p.csv: 0 compounds overlap with our Hub
2026-04-03 14:23:49 | INFO  | phase_ext_benchmark |   679p.csv: 0 compounds overlap with our Hub
2026-04-03 14:23:49 | INFO  | phase_ext_benchmark |   434p.csv: 0 compounds overlap with our Hub
2026-04-03 14:23:49 | INFO  | phase_ext_benchmark |   495p.csv: 0 compounds overlap with our Hub
2026-04-03 14:23:49 | INFO  | phase_ext_benchmark |   30p.csv: 0 compounds overlap with our Hub
2026-04-03 14:23:49 | INFO  | phase_ext_benchmark |   923p.csv: 0 compounds overlap with our Hub
2026-04-03 14:23:49 | INFO  | phase_ext_benchmark |   928p.csv: 0 compounds overlap with our Hub
2026-04-03 14:23:49 | INFO  | phase_ext_benchmark |   198p.csv: 0 compounds overlap with our Hub
2026-04-03 14:23:49 | INFO  | phase_ext_benchmark |   370p.csv: 0 compounds overlap with our Hub
2026-04-03 14:23:49 | INFO  | phase_ext_benchmark |   641p.csv: 0 compounds overlap with our Hub
2026-04-03 14:23:49 | INFO  | phase_ext_benchmark |   849p.csv: 0 compounds overlap with our Hub
2026-04-03 14:23:49 | INFO  | phase_ext_benchmark |   716p.csv: 0 compounds overlap with our Hub
2026-04-03 14:23:49 | INFO  | phase_ext_benchmark |   801p.csv: 0 compounds overlap with our Hub
2026-04-03 14:23:49 | INFO  | phase_ext_benchmark |   387p.csv: 0 compounds overlap with our Hub
2026-04-03 14:23:49 | INFO  | phase_ext_benchmark |   1083p.csv: 0 compounds overlap with our Hub
2026-04-03 14:23:49 | INFO  | phase_ext_benchmark |   946p.csv: 0 compounds overlap with our Hub
2026-04-03 14:23:49 | INFO  | phase_ext_benchmark |   857p.csv: 0 compounds overlap with our Hub
2026-04-03 14:23:49 | INFO  | phase_ext_benchmark |   438p.csv: 0 compounds overlap with our Hub
2026-04-03 14:23:49 | INFO  | phase_ext_benchmark |   311p.csv: 0 compounds overlap with our Hub
2026-04-03 14:23:49 | INFO  | phase_ext_benchmark |   153p.csv: 0 compounds overlap with our Hub
2026-04-03 14:23:49 | INFO  | phase_ext_benchmark |   776p.csv: 0 compounds overlap with our Hub
2026-04-03 14:23:49 | INFO  | phase_ext_benchmark |   144p.csv: 0 compounds overlap with our Hub
2026-04-03 14:23:49 | INFO  | phase_ext_benchmark |   433p.csv: 0 compounds overlap with our Hub
2026-04-03 14:23:49 | INFO  | phase_ext_benchmark |   355p.csv: 0 compounds overlap with our Hub
2026-04-03 14:23:49 | INFO  | phase_ext_benchmark |   850p.csv: 0 compounds overlap with our Hub
2026-04-03 14:23:49 | INFO  | phase_ext_benchmark |   428p.csv: 0 compounds overlap with our Hub
2026-04-03 14:23:49 | INFO  | phase_ext_benchmark |   421p.csv: 0 compounds overlap with our Hub
2026-04-03 14:23:49 | INFO  | phase_ext_benchmark |   281p.csv: 0 compounds overlap with our Hub
2026-04-03 14:23:49 | INFO  | phase_ext_benchmark |   284p.csv: 0 compounds overlap with our Hub
2026-04-03 14:23:49 | INFO  | phase_ext_benchmark |   655p.csv: 0 compounds overlap with our Hub
2026-04-03 14:23:49 | INFO  | phase_ext_benchmark |   612p.csv: 0 compounds overlap with our Hub
2026-04-03 14:23:49 | INFO  | phase_ext_benchmark |   88p.csv: 0 compounds overlap with our Hub
2026-04-03 14:23:49 | INFO  | phase_ext_benchmark |   489p.csv: 0 compounds overlap with our Hub
2026-04-03 14:23:49 | INFO  | phase_ext_benchmark |   924p.csv: 0 compounds overlap with our Hub
2026-04-03 14:23:49 | INFO  | phase_ext_benchmark |   103p.csv: 0 compounds overlap with our Hub
2026-04-03 14:23:49 | INFO  | phase_ext_benchmark |   969p.csv: 0 compounds overlap with our Hub
2026-04-03 14:23:49 | INFO  | phase_ext_benchmark |   586p.csv: 0 compounds overlap with our Hub
2026-04-03 14:23:49 | INFO  | phase_ext_benchmark |   71p.csv: 0 compounds overlap with our Hub
2026-04-03 14:23:49 | INFO  | phase_ext_benchmark |   999p.csv: 0 compounds overlap with our Hub
2026-04-03 14:23:49 | INFO  | phase_ext_benchmark |   803p.csv: 7 compounds overlap with our Hub
2026-04-03 14:23:49 | INFO  | phase_ext_benchmark |   630p.csv: 0 compounds overlap with our Hub
2026-04-03 14:23:49 | INFO  | phase_ext_benchmark |   822p.csv: 0 compounds overlap with our Hub
2026-04-03 14:23:49 | INFO  | phase_ext_benchmark |   853p.csv: 0 compounds overlap with our Hub
2026-04-03 14:23:49 | INFO  | phase_ext_benchmark |   27p.csv: 0 compounds overlap with our Hub
2026-04-03 14:23:49 | INFO  | phase_ext_benchmark |   184p.csv: 0 compounds overlap with our Hub
2026-04-03 14:23:49 | INFO  | phase_ext_benchmark |   686p.csv: 0 compounds overlap with our Hub
2026-04-03 14:23:49 | INFO  | phase_ext_benchmark |   297p.csv: 0 compounds overlap with our Hub
2026-04-03 14:23:49 | INFO  | phase_ext_benchmark |   709p.csv: 0 compounds overlap with our Hub
2026-04-03 14:23:49 | INFO  | phase_ext_benchmark |   752p.csv: 0 compounds overlap with our Hub
2026-04-03 14:23:49 | INFO  | phase_ext_benchmark |   1075p.csv: 0 compounds overlap with our Hub
2026-04-03 14:23:49 | INFO  | phase_ext_benchmark |   414p.csv: 0 compounds overlap with our Hub
2026-04-03 14:23:49 | INFO  | phase_ext_benchmark |   644p.csv: 0 compounds overlap with our Hub
2026-04-03 14:23:49 | INFO  | phase_ext_benchmark |   970p.csv: 0 compounds overlap with our Hub
2026-04-03 14:23:49 | INFO  | phase_ext_benchmark |   1099p.csv: 0 compounds overlap with our Hub
2026-04-03 14:23:49 | INFO  | phase_ext_benchmark |   724p.csv: 0 compounds overlap with our Hub
2026-04-03 14:23:49 | INFO  | phase_ext_benchmark |   559p.csv: 0 compounds overlap with our Hub
2026-04-03 14:23:49 | INFO  | phase_ext_benchmark |   461p.csv: 0 compounds overlap with our Hub
2026-04-03 14:23:49 | INFO  | phase_ext_benchmark |   910p.csv: 0 compounds overlap with our Hub
2026-04-03 14:23:49 | INFO  | phase_ext_benchmark |   690p.csv: 0 compounds overlap with our Hub
2026-04-03 14:23:49 | INFO  | phase_ext_benchmark |   505p.csv: 0 compounds overlap with our Hub
2026-04-03 14:23:49 | INFO  | phase_ext_benchmark |   130p.csv: 0 compounds overlap with our Hub
2026-04-03 14:23:49 | INFO  | phase_ext_benchmark |   668p.csv: 0 compounds overlap with our Hub
2026-04-03 14:23:49 | INFO  | phase_ext_benchmark |   89p.csv: 0 compounds overlap with our Hub
2026-04-03 14:23:49 | INFO  | phase_ext_benchmark |   319p.csv: 0 compounds overlap with our Hub
2026-04-03 14:23:49 | INFO  | phase_ext_benchmark |   train.csv: 729 compounds overlap with our Hub
2026-04-03 14:23:49 | INFO  | phase_ext_benchmark |   test.csv: 0 compounds overlap with our Hub
2026-04-03 14:23:49 | INFO  | phase_ext_benchmark |   hit.csv: 0 compounds overlap with our Hub
2026-04-03 14:23:49 | INFO  | phase_ext_benchmark | 
  Generating figures...
2026-04-03 14:23:52 | INFO  | phase_ext_benchmark |   Figure: external_stokes_vs_ours
2026-04-03 14:23:54 | INFO  | phase_ext_benchmark |   Figure: external_all_models_vs_stokes
2026-04-03 14:24:00 | INFO  | phase_ext_benchmark |   Figure: external_interactive_comparison.html
2026-04-03 14:24:00 | INFO  | phase_ext_benchmark | 
  Saved: /scratch/vishakha.agrawal/antibiotic-selectivity-v2/outputs/runs/run_20260315_034033/results/reports/external_benchmark_report.json
2026-04-03 14:24:00 | INFO  | phase_ext_benchmark | 
======================================================================
2026-04-03 14:24:00 | INFO  | phase_ext_benchmark |   EXTERNAL BENCHMARK SUMMARY
2026-04-03 14:24:00 | INFO  | phase_ext_benchmark | ======================================================================
2026-04-03 14:24:00 | INFO  | phase_ext_benchmark |   Stokes Hub: 4496 compounds
2026-04-03 14:24:00 | INFO  | phase_ext_benchmark |   Our Hub:    6739 compounds
2026-04-03 14:24:00 | INFO  | phase_ext_benchmark |   Matched:    4343 compounds
2026-04-03 14:24:00 | INFO  | phase_ext_benchmark |   Halicin:    Stokes rank #89, Our RF S=0.0849 (rank #6000)
2026-04-03 14:24:00 | INFO  | phase_ext_benchmark |   Stokes validated actives: 51 found
2026-04-03 14:24:00 | INFO  | phase_ext_benchmark |     Selective (our S>0.3): 10
2026-04-03 14:24:00 | INFO  | phase_ext_benchmark |     Broad-spectrum (our S<0.1): 21
2026-04-03 14:24:00 | INFO  | phase_ext_benchmark | ======================================================================
2026-04-03 14:24:00 | INFO  | phase_ext_benchmark | ============================================================
2026-04-03 14:24:00 | INFO  | phase_ext_benchmark |  COMPLETED: Phase A: External Benchmark
2026-04-03 14:24:00 | INFO  | phase_ext_benchmark |  Elapsed: 0m 45.2s
2026-04-03 14:24:00 | INFO  | phase_ext_benchmark | ============================================================
2026-04-03 14:39:14 | INFO  | phase_ext_benchmark | Logging to file: /scratch/vishakha.agrawal/antibiotic-selectivity-v2/logs/phase_ext_benchmark.log
2026-04-03 14:39:14 | INFO  | phase_ext_benchmark | ============================================================
2026-04-03 14:39:14 | INFO  | phase_ext_benchmark |  STARTING: Phase A: External Benchmark Comparison
2026-04-03 14:39:14 | INFO  | phase_ext_benchmark | ============================================================
2026-04-03 14:39:14 | INFO  | phase_ext_benchmark |   Stokes S2 (Cell 2020): cached (1.4 MB)
2026-04-03 14:39:14 | INFO  | phase_ext_benchmark |   Wong repo: cached (5645 MB)
2026-04-03 14:39:14 | INFO  | phase_ext_benchmark | 
  Loading Stokes supplementary tables...
2026-04-03 14:39:15 | INFO  | phase_ext_benchmark |   S2B (D-MPNN): 4496 compounds, 53 validated active
2026-04-03 14:39:15 | INFO  | phase_ext_benchmark |   S2F (RF): 4496 compounds
2026-04-03 14:39:15 | INFO  | phase_ext_benchmark |   S2H (Tanimoto): 2335 training compounds
2026-04-03 14:39:15 | INFO  | phase_ext_benchmark |   Our rf: 6739 compounds
2026-04-03 14:39:15 | INFO  | phase_ext_benchmark |   Our dmpnn: 6739 compounds
2026-04-03 14:39:15 | INFO  | phase_ext_benchmark |   Our chemeleon_frozen: 6739 compounds
2026-04-03 14:39:15 | INFO  | phase_ext_benchmark |   Our molformer: 6739 compounds
2026-04-03 14:39:15 | INFO  | phase_ext_benchmark | 
  Merging Stokes predictions with our results...
2026-04-03 14:39:15 | INFO  | phase_ext_benchmark |   Matched 616 / 6739 compounds by SMILES to Stokes
2026-04-03 14:39:15 | INFO  | phase_ext_benchmark |   Trying name-based matching as fallback...
2026-04-03 14:39:21 | INFO  | phase_ext_benchmark |   After name matching: 4343 matched
2026-04-03 14:39:21 | INFO  | phase_ext_benchmark | 
  Saved: /scratch/vishakha.agrawal/antibiotic-selectivity-v2/outputs/runs/run_20260315_034033/results/external_stokes_comparison.csv
2026-04-03 14:39:21 | INFO  | phase_ext_benchmark | 
======================================================================
2026-04-03 14:39:21 | INFO  | phase_ext_benchmark |   HALICIN CASE STUDY
2026-04-03 14:39:21 | INFO  | phase_ext_benchmark | ======================================================================
2026-04-03 14:39:21 | INFO  | phase_ext_benchmark |   Stokes: rank #89, score=0.3315, validated=YES
2026-04-03 14:39:21 | INFO  | phase_ext_benchmark |   Our rf                  : rank #6000, S=0.0849
2026-04-03 14:39:21 | INFO  | phase_ext_benchmark |   Our dmpnn               : rank #4941, S=0.0003
2026-04-03 14:39:21 | INFO  | phase_ext_benchmark |   Our chemeleon_frozen    : rank #6647, S=0.0005
2026-04-03 14:39:21 | INFO  | phase_ext_benchmark |   Our molformer           : rank #3448, S=0.0071
2026-04-03 14:39:21 | INFO  | phase_ext_benchmark | 
  Interpretation: Halicin is a broad-spectrum antibiotic that kills E. coli, M. tuberculosis, A. baumannii, and C. difficile. Stokes et al. ranked it #89 by D-MPNN prediction score; they selected it for follow-up not because of its rank but because it was structurally divergent from all known antibiotics (Tanimoto similarity 0.21 to nearest antibiotic). Our pipeline correctly assigns low selectivity because halicin would devastate gut commensals. This demonstrates that our selectivity framework successfully distinguishes microbiome-sparing from broad-spectrum compounds.
2026-04-03 14:39:21 | INFO  | phase_ext_benchmark |   Saved: /scratch/vishakha.agrawal/antibiotic-selectivity-v2/outputs/runs/run_20260315_034033/results/external_halicin_case_study.json
2026-04-03 14:39:21 | INFO  | phase_ext_benchmark | 
======================================================================
2026-04-03 14:39:21 | INFO  | phase_ext_benchmark |   STOKES VALIDATED ACTIVES vs OUR SELECTIVITY
2026-04-03 14:39:21 | INFO  | phase_ext_benchmark | ======================================================================
2026-04-03 14:39:21 | INFO  | phase_ext_benchmark |   51 Stokes-validated active compounds found in our Hub
2026-04-03 14:39:21 | INFO  | phase_ext_benchmark | 
  Name                        Stokes     RF S  RF rank  DMPNN S    Inhib
2026-04-03 14:39:21 | INFO  | phase_ext_benchmark |   ---------------------------------------------------------------------------
2026-04-03 14:39:21 | INFO  | phase_ext_benchmark |   cefmenoxime                      1   0.0290     6641   0.0055   0.0450
2026-04-03 14:39:21 | INFO  | phase_ext_benchmark |   ulifloxacin                      2   0.3796      106   0.0105   0.0504
2026-04-03 14:39:21 | INFO  | phase_ext_benchmark |   cefotiam                         3   0.0278     6646   0.0065   0.0449
2026-04-03 14:39:21 | INFO  | phase_ext_benchmark |   ceftriaxone                      4   0.0464     6519   0.0025   0.0425
2026-04-03 14:39:21 | INFO  | phase_ext_benchmark |   balofloxacin                     5   0.0784     6106   0.0277   0.0411
2026-04-03 14:39:21 | INFO  | phase_ext_benchmark |   danofloxacin                     7   0.1352     4517   0.0199   0.0452
2026-04-03 14:39:21 | INFO  | phase_ext_benchmark |   besifloxacin                     8   0.0683     6272   0.0076   0.0410
2026-04-03 14:39:21 | INFO  | phase_ext_benchmark |   cefodizime                      10   0.0355     6602   0.0026   0.0420
2026-04-03 14:39:21 | INFO  | phase_ext_benchmark |   trovafloxacin                   11   0.1311     4671   0.0218   0.0422
2026-04-03 14:39:21 | INFO  | phase_ext_benchmark |   cefpirome                       12   0.0708     6239   0.0016   0.0469
2026-04-03 14:39:21 | INFO  | phase_ext_benchmark |   cefotiam-cilexetil              13   0.1189     5117   0.0061   0.0444
2026-04-03 14:39:21 | INFO  | phase_ext_benchmark |   sitafloxacin                    14   0.0927     5835   0.0069   0.0407
2026-04-03 14:39:21 | INFO  | phase_ext_benchmark |   ceftizoxim                      15   0.2488      753   0.0394   0.0447
2026-04-03 14:39:21 | INFO  | phase_ext_benchmark |   cefoselis                       17   0.0602     6383   0.0024   0.0662
2026-04-03 14:39:21 | INFO  | phase_ext_benchmark |   cefotaxime                      18   0.0320     6617   0.0097   0.0413
2026-04-03 14:39:21 | INFO  | phase_ext_benchmark |   ceftazidime                     19   0.0362     6598   0.0029   0.0449
2026-04-03 14:39:21 | INFO  | phase_ext_benchmark |   cefetamet                       20   0.0642     6335   0.0167   0.0430
2026-04-03 14:39:21 | INFO  | phase_ext_benchmark |   cefuroxime                      22   0.0370     6594   0.0052   0.1859
2026-04-03 14:39:21 | INFO  | phase_ext_benchmark |   thiomersal                      23   0.1425     4230   0.0186   0.0491
2026-04-03 14:39:21 | INFO  | phase_ext_benchmark |   cefoxitin                       24   0.0838     6029   0.0609   0.0415
2026-04-03 14:39:21 | INFO  | phase_ext_benchmark |   cefonicid                       25   0.0476     6510   0.0176   0.0442
2026-04-03 14:39:21 | INFO  | phase_ext_benchmark |   cefetamet-pivoxil               27   0.1507     3869   0.1202   0.0471
2026-04-03 14:39:21 | INFO  | phase_ext_benchmark |   finafloxacin                    28   0.0504     6487   0.0161   0.0428
2026-04-03 14:39:21 | INFO  | phase_ext_benchmark |   moxalactam                      29   0.1236     4935   0.1271   0.0588
2026-04-03 14:39:21 | INFO  | phase_ext_benchmark |   cefozopran                      30   0.0790     6093   0.0032   0.0415
2026-04-03 14:39:21 | INFO  | phase_ext_benchmark |   oxolinic-acid                   34   0.3345      165   0.3900   0.0508
2026-04-03 14:39:21 | INFO  | phase_ext_benchmark |   carumonam                       35   0.5456       15   0.9883   0.0414
2026-04-03 14:39:21 | INFO  | phase_ext_benchmark |   piperacillin                    36   0.0206     6676   0.0110   0.0457
2026-04-03 14:39:21 | INFO  | phase_ext_benchmark |   bleomycin                       37   0.2188     1396   0.0714   0.0416
2026-04-03 14:39:21 | INFO  | phase_ext_benchmark |   ceftaroline-fosamil             38   0.0801     6079   0.0023   0.0433
2026-04-03 14:39:21 | INFO  | phase_ext_benchmark | 
  Stokes actives with OUR S > 0.3 (selective): 10
2026-04-03 14:39:21 | INFO  | phase_ext_benchmark |   Stokes actives with OUR S < 0.1 (broad-spectrum): 21
2026-04-03 14:39:21 | INFO  | phase_ext_benchmark | 
======================================================================
2026-04-03 14:39:21 | INFO  | phase_ext_benchmark |   GOLDEN INTERSECTION: Validated Active + Selective
2026-04-03 14:39:21 | INFO  | phase_ext_benchmark | ======================================================================
2026-04-03 14:39:21 | INFO  | phase_ext_benchmark |   Stokes model: ensemble of 20 D-MPNN + RDKit 2D features
2026-04-03 14:39:21 | INFO  | phase_ext_benchmark |   Stokes training: 2,335 compounds, in-house E. coli screen
2026-04-03 14:39:21 | INFO  | phase_ext_benchmark |   Our models: RF, D-MPNN, CheMeleon, MoLFormer
2026-04-03 14:39:21 | INFO  | phase_ext_benchmark |   Our training: ~28,000 compounds from ChEMBL
2026-04-03 14:39:21 | INFO  | phase_ext_benchmark |   Our selectivity: S = P_pathogen x (1 - P_gut)
2026-04-03 14:39:21 | INFO  | phase_ext_benchmark | 
  Per-model golden intersection (S > 0.3):
2026-04-03 14:39:21 | INFO  | phase_ext_benchmark |   Model                  n_golden   median_S             best compound
2026-04-03 14:39:21 | INFO  | phase_ext_benchmark |   ----------------------------------------------------------------------
2026-04-03 14:39:21 | INFO  | phase_ext_benchmark |   RF                           10     0.3571                  AFN-1252
2026-04-03 14:39:21 | INFO  | phase_ext_benchmark |   D-MPNN                        7     0.9199                 carumonam
2026-04-03 14:39:21 | INFO  | phase_ext_benchmark |   CheMeleon                    14     0.4483                  colistin
2026-04-03 14:39:21 | INFO  | phase_ext_benchmark |   MoLFormer                    11     0.8120             solithromycin
2026-04-03 14:39:21 | INFO  | phase_ext_benchmark | 
  Detailed golden compounds (RF, S > 0.3):
2026-04-03 14:39:21 | INFO  | phase_ext_benchmark |   Name                       Stokes D-MPNN  Stokes RF  Our RF S  Our RF rk MoA                                
2026-04-03 14:39:21 | INFO  | phase_ext_benchmark |   ------------------------------------------------------------------------------------------------------------
2026-04-03 14:39:21 | INFO  | phase_ext_benchmark |   AFN-1252                            4485          0    0.6518          5 FABI inhibitor                     
2026-04-03 14:39:21 | INFO  | phase_ext_benchmark |   carumonam                             35          0    0.5456         15 bacterial cell wall synthesis inhib
2026-04-03 14:39:21 | INFO  | phase_ext_benchmark |   isepamicin                            66          0    0.4603         43 protein synthesis inhibitor        
2026-04-03 14:39:21 | INFO  | phase_ext_benchmark |   colistimethate                        46          0    0.3842        100 bacterial permeability inducer     
2026-04-03 14:39:21 | INFO  | phase_ext_benchmark |   ulifloxacin                            2          0    0.3796        106 nan                                
2026-04-03 14:39:21 | INFO  | phase_ext_benchmark |   oxolinic-acid                         34          0    0.3345        165 bacterial DNA gyrase inhibitor     
2026-04-03 14:39:21 | INFO  | phase_ext_benchmark |   fdcyd                                 56          0    0.3217        199 DNA methyltransferase inhibitor    
2026-04-03 14:39:21 | INFO  | phase_ext_benchmark |   colistin                              49          0    0.3071        239 bacterial permeability inducer     
2026-04-03 14:39:21 | INFO  | phase_ext_benchmark |   faropenem-medoxomil                   50          0    0.3034        258 lactamase inhibitor                
2026-04-03 14:39:21 | INFO  | phase_ext_benchmark |   solithromycin                         59          0    0.3003        275 protein synthesis inhibitor        
2026-04-03 14:39:21 | INFO  | phase_ext_benchmark | 
  Saved: /scratch/vishakha.agrawal/antibiotic-selectivity-v2/outputs/runs/run_20260315_034033/results/external_golden_intersection.csv
2026-04-03 14:39:21 | INFO  | phase_ext_benchmark | 
  INTERPRETATION:
2026-04-03 14:39:21 | INFO  | phase_ext_benchmark |   These 10 compounds are experimentally confirmed to kill E. coli
2026-04-03 14:39:21 | INFO  | phase_ext_benchmark |   (Stokes et al., Cell 2020) AND computationally predicted to spare
2026-04-03 14:39:21 | INFO  | phase_ext_benchmark |   gut commensals (our selectivity pipeline).
2026-04-03 14:39:21 | INFO  | phase_ext_benchmark |   They represent the strongest candidates for microbiome-sparing antibiotics.
2026-04-03 14:39:21 | INFO  | phase_ext_benchmark | 
======================================================================
2026-04-03 14:39:21 | INFO  | phase_ext_benchmark |   OUR TOP CANDIDATES IN STOKES' RANKINGS
2026-04-03 14:39:21 | INFO  | phase_ext_benchmark | ======================================================================
2026-04-03 14:39:21 | INFO  | phase_ext_benchmark | 
  Name                       Models   Our S   Stokes  S rank  Active?
2026-04-03 14:39:21 | INFO  | phase_ext_benchmark |   ----------------------------------------------------------------------
2026-04-03 14:39:21 | INFO  | phase_ext_benchmark |   micronomicin                    4   1.000   0.2825     108       NO
2026-04-03 14:39:21 | INFO  | phase_ext_benchmark |   SQ-109                          4   1.000   0.0047    3348       NO
2026-04-03 14:39:21 | INFO  | phase_ext_benchmark |   netilmicin                      4   1.000      N/A     N/A      N/A
2026-04-03 14:39:21 | INFO  | phase_ext_benchmark |   retapamulin                     4   1.000   0.0197    1624       NO
2026-04-03 14:39:21 | INFO  | phase_ext_benchmark |   AFN-1252                        4   0.998   0.0003    4485      YES
2026-04-03 14:39:21 | INFO  | phase_ext_benchmark |   GSK656                          4   0.995      N/A     N/A      N/A
2026-04-03 14:39:21 | INFO  | phase_ext_benchmark |   trimetrexate                    4   0.992      N/A     N/A      N/A
2026-04-03 14:39:21 | INFO  | phase_ext_benchmark |   sisomicin                       4   0.989      N/A     N/A      N/A
2026-04-03 14:39:21 | INFO  | phase_ext_benchmark |   relebactam                      3   1.000   0.0467     765       NO
2026-04-03 14:39:21 | INFO  | phase_ext_benchmark |   gentamycin                      3   1.000   0.3553      82       NO
2026-04-03 14:39:21 | INFO  | phase_ext_benchmark |   BTZ043-racemate                 3   1.000   0.0859     383       NO
2026-04-03 14:39:21 | INFO  | phase_ext_benchmark |   Q-203                           3   1.000   0.0330    1086       NO
2026-04-03 14:39:21 | INFO  | phase_ext_benchmark |   macozinone                      3   0.999      N/A     N/A      N/A
2026-04-03 14:39:21 | INFO  | phase_ext_benchmark |   boronophenylalanine             3   0.999   0.0023    3985       NO
2026-04-03 14:39:21 | INFO  | phase_ext_benchmark |   monocrotaline                   3   0.998      N/A     N/A      N/A
2026-04-03 14:39:21 | INFO  | phase_ext_benchmark |   vindesine                       3   0.998   0.0226    1472       NO
2026-04-03 14:39:21 | INFO  | phase_ext_benchmark |   epetraborole                    3   0.997      N/A     N/A      N/A
2026-04-03 14:39:21 | INFO  | phase_ext_benchmark |   IKK-2-inhibitor-V               3   0.997   0.0133    2133       NO
2026-04-03 14:39:21 | INFO  | phase_ext_benchmark |   CH-170                          3   0.997   0.0251    1337       NO
2026-04-03 14:39:21 | INFO  | phase_ext_benchmark |   alafosfalin                     3   0.996   0.0070    2933       NO
2026-04-03 14:39:21 | INFO  | phase_ext_benchmark |   doxofylline                     3   0.994      N/A     N/A      N/A
2026-04-03 14:39:21 | INFO  | phase_ext_benchmark |   gepotidacin                     3   0.994      N/A     N/A      N/A
2026-04-03 14:39:21 | INFO  | phase_ext_benchmark |   vinburnine                      3   0.993   0.0093    2589       NO
2026-04-03 14:39:21 | INFO  | phase_ext_benchmark |   dihydrostreptomycin             3   0.993      N/A     N/A      N/A
2026-04-03 14:39:21 | INFO  | phase_ext_benchmark |   isepamicin                      3   0.992   0.4061      66      YES
2026-04-03 14:39:21 | INFO  | phase_ext_benchmark |   OP-0595                         3   0.992      N/A     N/A      N/A
2026-04-03 14:39:21 | INFO  | phase_ext_benchmark |   streptomycin                    3   0.991      N/A     N/A      N/A
2026-04-03 14:39:21 | INFO  | phase_ext_benchmark |   Proxyphylline                   3   0.988      N/A     N/A      N/A
2026-04-03 14:39:21 | INFO  | phase_ext_benchmark |   thiophanate                     3   0.983      N/A     N/A      N/A
2026-04-03 14:39:21 | INFO  | phase_ext_benchmark |   SB-772077B                      3   0.975   0.0516     685       NO
2026-04-03 14:39:21 | INFO  | phase_ext_benchmark | 
======================================================================
2026-04-03 14:39:21 | INFO  | phase_ext_benchmark |   CORRELATION: OUR MODELS vs STOKES D-MPNN
2026-04-03 14:39:21 | INFO  | phase_ext_benchmark | ======================================================================
2026-04-03 14:39:21 | INFO  | phase_ext_benchmark |   rf                  : rho=0.1766 (p=9.11e-32), n=4343
2026-04-03 14:39:21 | INFO  | phase_ext_benchmark |   dmpnn               : rho=0.1535 (p=2.55e-24), n=4343
2026-04-03 14:39:21 | INFO  | phase_ext_benchmark |   chemeleon_frozen    : rho=0.1611 (p=1.20e-26), n=4343
2026-04-03 14:39:21 | INFO  | phase_ext_benchmark |   molformer           : rho=0.1887 (p=4.28e-36), n=4343
2026-04-03 14:39:21 | INFO  | phase_ext_benchmark | 
  NOTE: Low correlation is EXPECTED because Stokes predicts activity only,
2026-04-03 14:39:21 | INFO  | phase_ext_benchmark |   while our S penalizes gut harm. Broad-spectrum compounds have high Stokes
2026-04-03 14:39:21 | INFO  | phase_ext_benchmark |   scores but low S in our pipeline.
2026-04-03 14:39:21 | INFO  | phase_ext_benchmark | 
======================================================================
2026-04-03 14:39:21 | INFO  | phase_ext_benchmark |   WONG et al. (Nature, 2024) DATA ANALYSIS
2026-04-03 14:39:21 | INFO  | phase_ext_benchmark | ======================================================================
2026-04-03 14:39:21 | INFO  | phase_ext_benchmark |   hits.csv: 3646 rows, cols=['SMILES', 'LIBRARY', 'ANTIBIOTIC_ACTIVITY']
2026-04-03 14:39:21 | INFO  | phase_ext_benchmark |   rationales.csv: 186 rows, cols=['Rationale']
2026-04-03 14:39:21 | INFO  | phase_ext_benchmark |   746p.csv: 10000 rows, cols=['SMILES', 'ACTIVITY']
2026-04-03 14:39:21 | INFO  | phase_ext_benchmark |   70p.csv: 10000 rows, cols=['SMILES', 'ACTIVITY']
2026-04-03 14:39:21 | INFO  | phase_ext_benchmark |   404p.csv: 10000 rows, cols=['SMILES', 'ACTIVITY']
2026-04-03 14:39:21 | INFO  | phase_ext_benchmark |   1103p.csv: 10000 rows, cols=['SMILES', 'ACTIVITY']
2026-04-03 14:39:21 | INFO  | phase_ext_benchmark |   356p.csv: 10000 rows, cols=['SMILES', 'ACTIVITY']
2026-04-03 14:39:21 | INFO  | phase_ext_benchmark |   538p.csv: 10000 rows, cols=['SMILES', 'ACTIVITY']
2026-04-03 14:39:21 | INFO  | phase_ext_benchmark |   394p.csv: 10000 rows, cols=['SMILES', 'ACTIVITY']
2026-04-03 14:39:21 | INFO  | phase_ext_benchmark |   212p.csv: 10000 rows, cols=['SMILES', 'ACTIVITY']
2026-04-03 14:39:21 | INFO  | phase_ext_benchmark |   500p.csv: 10000 rows, cols=['SMILES', 'ACTIVITY']
2026-04-03 14:39:21 | INFO  | phase_ext_benchmark |   292p.csv: 10000 rows, cols=['SMILES', 'ACTIVITY']
2026-04-03 14:39:21 | INFO  | phase_ext_benchmark |   405p.csv: 10000 rows, cols=['SMILES', 'ACTIVITY']
2026-04-03 14:39:21 | INFO  | phase_ext_benchmark |   486p.csv: 10000 rows, cols=['SMILES', 'ACTIVITY']
2026-04-03 14:39:21 | INFO  | phase_ext_benchmark |   525p.csv: 10000 rows, cols=['SMILES', 'ACTIVITY']
2026-04-03 14:39:21 | INFO  | phase_ext_benchmark |   368p.csv: 10000 rows, cols=['SMILES', 'ACTIVITY']
2026-04-03 14:39:21 | INFO  | phase_ext_benchmark |   412p.csv: 10000 rows, cols=['SMILES', 'ACTIVITY']
2026-04-03 14:39:21 | INFO  | phase_ext_benchmark |   715p.csv: 10000 rows, cols=['SMILES', 'ACTIVITY']
2026-04-03 14:39:21 | INFO  | phase_ext_benchmark |   611p.csv: 10000 rows, cols=['SMILES', 'ACTIVITY']
2026-04-03 14:39:21 | INFO  | phase_ext_benchmark |   403p.csv: 10000 rows, cols=['SMILES', 'ACTIVITY']
2026-04-03 14:39:21 | INFO  | phase_ext_benchmark |   935p.csv: 10000 rows, cols=['SMILES', 'ACTIVITY']
2026-04-03 14:39:21 | INFO  | phase_ext_benchmark |   222p.csv: 10000 rows, cols=['SMILES', 'ACTIVITY']
2026-04-03 14:39:21 | INFO  | phase_ext_benchmark |   280p.csv: 10000 rows, cols=['SMILES', 'ACTIVITY']
2026-04-03 14:39:21 | INFO  | phase_ext_benchmark |   981p.csv: 10000 rows, cols=['SMILES', 'ACTIVITY']
2026-04-03 14:39:21 | INFO  | phase_ext_benchmark |   235p.csv: 10000 rows, cols=['SMILES', 'ACTIVITY']
2026-04-03 14:39:21 | INFO  | phase_ext_benchmark |   591p.csv: 10000 rows, cols=['SMILES', 'ACTIVITY']
2026-04-03 14:39:21 | INFO  | phase_ext_benchmark |   102p.csv: 10000 rows, cols=['SMILES', 'ACTIVITY']
2026-04-03 14:39:21 | INFO  | phase_ext_benchmark |   613p.csv: 10000 rows, cols=['SMILES', 'ACTIVITY']
2026-04-03 14:39:21 | INFO  | phase_ext_benchmark |   648p.csv: 10000 rows, cols=['SMILES', 'ACTIVITY']
2026-04-03 14:39:21 | INFO  | phase_ext_benchmark |   914p.csv: 10000 rows, cols=['SMILES', 'ACTIVITY']
2026-04-03 14:39:21 | INFO  | phase_ext_benchmark |   904p.csv: 10000 rows, cols=['SMILES', 'ACTIVITY']
2026-04-03 14:39:21 | INFO  | phase_ext_benchmark |   374p.csv: 10000 rows, cols=['SMILES', 'ACTIVITY']
2026-04-03 14:39:21 | INFO  | phase_ext_benchmark |   223p.csv: 10000 rows, cols=['SMILES', 'ACTIVITY']
2026-04-03 14:39:21 | INFO  | phase_ext_benchmark |   759p.csv: 10000 rows, cols=['SMILES', 'ACTIVITY']
2026-04-03 14:39:21 | INFO  | phase_ext_benchmark |   600p.csv: 10000 rows, cols=['SMILES', 'ACTIVITY']
2026-04-03 14:39:21 | INFO  | phase_ext_benchmark |   1091p.csv: 10000 rows, cols=['SMILES', 'ACTIVITY']
2026-04-03 14:39:21 | INFO  | phase_ext_benchmark |   173p.csv: 10000 rows, cols=['SMILES', 'ACTIVITY']
2026-04-03 14:39:21 | INFO  | phase_ext_benchmark |   796p.csv: 10000 rows, cols=['SMILES', 'ACTIVITY']
2026-04-03 14:39:21 | INFO  | phase_ext_benchmark |   898p.csv: 10000 rows, cols=['SMILES', 'ACTIVITY']
2026-04-03 14:39:22 | INFO  | phase_ext_benchmark |   812p.csv: 10000 rows, cols=['SMILES', 'ACTIVITY']
2026-04-03 14:39:22 | INFO  | phase_ext_benchmark |   388p.csv: 10000 rows, cols=['SMILES', 'ACTIVITY']
2026-04-03 14:39:22 | INFO  | phase_ext_benchmark |   790p.csv: 10000 rows, cols=['SMILES', 'ACTIVITY']
2026-04-03 14:39:22 | INFO  | phase_ext_benchmark |   371p.csv: 10000 rows, cols=['SMILES', 'ACTIVITY']
2026-04-03 14:39:22 | INFO  | phase_ext_benchmark |   951p.csv: 10000 rows, cols=['SMILES', 'ACTIVITY']
2026-04-03 14:39:22 | INFO  | phase_ext_benchmark |   1024p.csv: 10000 rows, cols=['SMILES', 'ACTIVITY']
2026-04-03 14:39:22 | INFO  | phase_ext_benchmark |   788p.csv: 10000 rows, cols=['SMILES', 'ACTIVITY']
2026-04-03 14:39:22 | INFO  | phase_ext_benchmark |   169p.csv: 10000 rows, cols=['SMILES', 'ACTIVITY']
2026-04-03 14:39:22 | INFO  | phase_ext_benchmark |   1011p.csv: 10000 rows, cols=['SMILES', 'ACTIVITY']
2026-04-03 14:39:22 | INFO  | phase_ext_benchmark |   23p.csv: 10000 rows, cols=['SMILES', 'ACTIVITY']
2026-04-03 14:39:22 | INFO  | phase_ext_benchmark |   744p.csv: 10000 rows, cols=['SMILES', 'ACTIVITY']
2026-04-03 14:39:22 | INFO  | phase_ext_benchmark |   1039p.csv: 10000 rows, cols=['SMILES', 'ACTIVITY']
2026-04-03 14:39:22 | INFO  | phase_ext_benchmark |   896p.csv: 10000 rows, cols=['SMILES', 'ACTIVITY']
2026-04-03 14:39:22 | INFO  | phase_ext_benchmark |   568p.csv: 10000 rows, cols=['SMILES', 'ACTIVITY']
2026-04-03 14:39:22 | INFO  | phase_ext_benchmark |   457p.csv: 10000 rows, cols=['SMILES', 'ACTIVITY']
2026-04-03 14:39:22 | INFO  | phase_ext_benchmark |   814p.csv: 10000 rows, cols=['SMILES', 'ACTIVITY']
2026-04-03 14:39:22 | INFO  | phase_ext_benchmark |   548p.csv: 10000 rows, cols=['SMILES', 'ACTIVITY']
2026-04-03 14:39:22 | INFO  | phase_ext_benchmark |   141p.csv: 10000 rows, cols=['SMILES', 'ACTIVITY']
2026-04-03 14:39:22 | INFO  | phase_ext_benchmark |   254p.csv: 10000 rows, cols=['SMILES', 'ACTIVITY']
2026-04-03 14:39:22 | INFO  | phase_ext_benchmark |   903p.csv: 10000 rows, cols=['SMILES', 'ACTIVITY']
2026-04-03 14:39:22 | INFO  | phase_ext_benchmark |   430p.csv: 10000 rows, cols=['SMILES', 'ACTIVITY']
2026-04-03 14:39:22 | INFO  | phase_ext_benchmark |   823p.csv: 10000 rows, cols=['SMILES', 'ACTIVITY']
2026-04-03 14:39:22 | INFO  | phase_ext_benchmark |   536p.csv: 10000 rows, cols=['SMILES', 'ACTIVITY']
2026-04-03 14:39:22 | INFO  | phase_ext_benchmark |   1052p.csv: 10000 rows, cols=['SMILES', 'ACTIVITY']
2026-04-03 14:39:22 | INFO  | phase_ext_benchmark |   582p.csv: 10000 rows, cols=['SMILES', 'ACTIVITY']
2026-04-03 14:39:22 | INFO  | phase_ext_benchmark |   564p.csv: 10000 rows, cols=['SMILES', 'ACTIVITY']
2026-04-03 14:39:22 | INFO  | phase_ext_benchmark |   925p.csv: 10000 rows, cols=['SMILES', 'ACTIVITY']
2026-04-03 14:39:22 | INFO  | phase_ext_benchmark |   927p.csv: 10000 rows, cols=['SMILES', 'ACTIVITY']
2026-04-03 14:39:22 | INFO  | phase_ext_benchmark |   633p.csv: 10000 rows, cols=['SMILES', 'ACTIVITY']
2026-04-03 14:39:22 | INFO  | phase_ext_benchmark |   816p.csv: 10000 rows, cols=['SMILES', 'ACTIVITY']
2026-04-03 14:39:22 | INFO  | phase_ext_benchmark |   672p.csv: 10000 rows, cols=['SMILES', 'ACTIVITY']
2026-04-03 14:39:22 | INFO  | phase_ext_benchmark |   826p.csv: 10000 rows, cols=['SMILES', 'ACTIVITY']
2026-04-03 14:39:22 | INFO  | phase_ext_benchmark |   960p.csv: 10000 rows, cols=['SMILES', 'ACTIVITY']
2026-04-03 14:39:22 | INFO  | phase_ext_benchmark |   580p.csv: 10000 rows, cols=['SMILES', 'ACTIVITY']
2026-04-03 14:39:22 | INFO  | phase_ext_benchmark |   492p.csv: 10000 rows, cols=['SMILES', 'ACTIVITY']
2026-04-03 14:39:22 | INFO  | phase_ext_benchmark |   121p.csv: 10000 rows, cols=['SMILES', 'ACTIVITY']
2026-04-03 14:39:22 | INFO  | phase_ext_benchmark |   765p.csv: 10000 rows, cols=['SMILES', 'ACTIVITY']
2026-04-03 14:39:22 | INFO  | phase_ext_benchmark |   1060p.csv: 10000 rows, cols=['SMILES', 'ACTIVITY']
2026-04-03 14:39:22 | INFO  | phase_ext_benchmark |   730p.csv: 10000 rows, cols=['SMILES', 'ACTIVITY']
2026-04-03 14:39:22 | INFO  | phase_ext_benchmark |   1048p.csv: 10000 rows, cols=['SMILES', 'ACTIVITY']
2026-04-03 14:39:22 | INFO  | phase_ext_benchmark |   528p.csv: 10000 rows, cols=['SMILES', 'ACTIVITY']
2026-04-03 14:39:22 | INFO  | phase_ext_benchmark |   1109p.csv: 10000 rows, cols=['SMILES', 'ACTIVITY']
2026-04-03 14:39:22 | INFO  | phase_ext_benchmark |   238p.csv: 10000 rows, cols=['SMILES', 'ACTIVITY']
2026-04-03 14:39:22 | INFO  | phase_ext_benchmark |   874p.csv: 10000 rows, cols=['SMILES', 'ACTIVITY']
2026-04-03 14:39:22 | INFO  | phase_ext_benchmark |   737p.csv: 10000 rows, cols=['SMILES', 'ACTIVITY']
2026-04-03 14:39:22 | INFO  | phase_ext_benchmark |   47p.csv: 10000 rows, cols=['SMILES', 'ACTIVITY']
2026-04-03 14:39:22 | INFO  | phase_ext_benchmark |   474p.csv: 10000 rows, cols=['SMILES', 'ACTIVITY']
2026-04-03 14:39:22 | INFO  | phase_ext_benchmark |   432p.csv: 10000 rows, cols=['SMILES', 'ACTIVITY']
2026-04-03 14:39:22 | INFO  | phase_ext_benchmark |   306p.csv: 10000 rows, cols=['SMILES', 'ACTIVITY']
2026-04-03 14:39:22 | INFO  | phase_ext_benchmark |   628p.csv: 10000 rows, cols=['SMILES', 'ACTIVITY']
2026-04-03 14:39:22 | INFO  | phase_ext_benchmark |   214p.csv: 10000 rows, cols=['SMILES', 'ACTIVITY']
2026-04-03 14:39:22 | INFO  | phase_ext_benchmark |   1086p.csv: 10000 rows, cols=['SMILES', 'ACTIVITY']
2026-04-03 14:39:22 | INFO  | phase_ext_benchmark |   986p.csv: 10000 rows, cols=['SMILES', 'ACTIVITY']
2026-04-03 14:39:22 | INFO  | phase_ext_benchmark |   864p.csv: 10000 rows, cols=['SMILES', 'ACTIVITY']
2026-04-03 14:39:22 | INFO  | phase_ext_benchmark |   677p.csv: 10000 rows, cols=['SMILES', 'ACTIVITY']
2026-04-03 14:39:22 | INFO  | phase_ext_benchmark |   547p.csv: 10000 rows, cols=['SMILES', 'ACTIVITY']
2026-04-03 14:39:22 | INFO  | phase_ext_benchmark |   1064p.csv: 10000 rows, cols=['SMILES', 'ACTIVITY']
2026-04-03 14:39:22 | INFO  | phase_ext_benchmark |   700p.csv: 10000 rows, cols=['SMILES', 'ACTIVITY']
2026-04-03 14:39:22 | INFO  | phase_ext_benchmark |   193p.csv: 10000 rows, cols=['SMILES', 'ACTIVITY']
2026-04-03 14:39:22 | INFO  | phase_ext_benchmark |   265p.csv: 10000 rows, cols=['SMILES', 'ACTIVITY']
2026-04-03 14:39:22 | INFO  | phase_ext_benchmark |   697p.csv: 10000 rows, cols=['SMILES', 'ACTIVITY']
2026-04-03 14:39:22 | INFO  | phase_ext_benchmark |   766p.csv: 10000 rows, cols=['SMILES', 'ACTIVITY']
2026-04-03 14:39:22 | INFO  | phase_ext_benchmark |   877p.csv: 10000 rows, cols=['SMILES', 'ACTIVITY']
2026-04-03 14:39:22 | INFO  | phase_ext_benchmark |   117p.csv: 10000 rows, cols=['SMILES', 'ACTIVITY']
2026-04-03 14:39:22 | INFO  | phase_ext_benchmark |   871p.csv: 10000 rows, cols=['SMILES', 'ACTIVITY']
2026-04-03 14:39:22 | INFO  | phase_ext_benchmark |   1089p.csv: 10000 rows, cols=['SMILES', 'ACTIVITY']
2026-04-03 14:39:22 | INFO  | phase_ext_benchmark |   912p.csv: 10000 rows, cols=['SMILES', 'ACTIVITY']
2026-04-03 14:39:22 | INFO  | phase_ext_benchmark |   124p.csv: 10000 rows, cols=['SMILES', 'ACTIVITY']
2026-04-03 14:39:22 | INFO  | phase_ext_benchmark |   245p.csv: 10000 rows, cols=['SMILES', 'ACTIVITY']
2026-04-03 14:39:22 | INFO  | phase_ext_benchmark |   219p.csv: 10000 rows, cols=['SMILES', 'ACTIVITY']
2026-04-03 14:39:22 | INFO  | phase_ext_benchmark |   1118p.csv: 10000 rows, cols=['SMILES', 'ACTIVITY']
2026-04-03 14:39:22 | INFO  | phase_ext_benchmark |   127p.csv: 10000 rows, cols=['SMILES', 'ACTIVITY']
2026-04-03 14:39:22 | INFO  | phase_ext_benchmark |   227p.csv: 10000 rows, cols=['SMILES', 'ACTIVITY']
2026-04-03 14:39:22 | INFO  | phase_ext_benchmark |   452p.csv: 10000 rows, cols=['SMILES', 'ACTIVITY']
2026-04-03 14:39:22 | INFO  | phase_ext_benchmark |   4p.csv: 10000 rows, cols=['SMILES', 'ACTIVITY']
2026-04-03 14:39:22 | INFO  | phase_ext_benchmark |   439p.csv: 10000 rows, cols=['SMILES', 'ACTIVITY']
2026-04-03 14:39:22 | INFO  | phase_ext_benchmark |   1004p.csv: 10000 rows, cols=['SMILES', 'ACTIVITY']
2026-04-03 14:39:22 | INFO  | phase_ext_benchmark |   336p.csv: 10000 rows, cols=['SMILES', 'ACTIVITY']
2026-04-03 14:39:22 | INFO  | phase_ext_benchmark |   858p.csv: 10000 rows, cols=['SMILES', 'ACTIVITY']
2026-04-03 14:39:22 | INFO  | phase_ext_benchmark |   87p.csv: 10000 rows, cols=['SMILES', 'ACTIVITY']
2026-04-03 14:39:22 | INFO  | phase_ext_benchmark |   397p.csv: 10000 rows, cols=['SMILES', 'ACTIVITY']
2026-04-03 14:39:22 | INFO  | phase_ext_benchmark |   684p.csv: 10000 rows, cols=['SMILES', 'ACTIVITY']
2026-04-03 14:39:22 | INFO  | phase_ext_benchmark |   376p.csv: 10000 rows, cols=['SMILES', 'ACTIVITY']
2026-04-03 14:39:22 | INFO  | phase_ext_benchmark |   391p.csv: 10000 rows, cols=['SMILES', 'ACTIVITY']
2026-04-03 14:39:22 | INFO  | phase_ext_benchmark |   755p.csv: 10000 rows, cols=['SMILES', 'ACTIVITY']
2026-04-03 14:39:22 | INFO  | phase_ext_benchmark |   233p.csv: 10000 rows, cols=['SMILES', 'ACTIVITY']
2026-04-03 14:39:22 | INFO  | phase_ext_benchmark |   764p.csv: 10000 rows, cols=['SMILES', 'ACTIVITY']
2026-04-03 14:39:22 | INFO  | phase_ext_benchmark |   213p.csv: 10000 rows, cols=['SMILES', 'ACTIVITY']
2026-04-03 14:39:22 | INFO  | phase_ext_benchmark |   488p.csv: 10000 rows, cols=['SMILES', 'ACTIVITY']
2026-04-03 14:39:22 | INFO  | phase_ext_benchmark |   828p.csv: 10000 rows, cols=['SMILES', 'ACTIVITY']
2026-04-03 14:39:22 | INFO  | phase_ext_benchmark |   671p.csv: 10000 rows, cols=['SMILES', 'ACTIVITY']
2026-04-03 14:39:22 | INFO  | phase_ext_benchmark |   68p.csv: 10000 rows, cols=['SMILES', 'ACTIVITY']
2026-04-03 14:39:22 | INFO  | phase_ext_benchmark |   546p.csv: 10000 rows, cols=['SMILES', 'ACTIVITY']
2026-04-03 14:39:22 | INFO  | phase_ext_benchmark |   1057p.csv: 10000 rows, cols=['SMILES', 'ACTIVITY']
2026-04-03 14:39:22 | INFO  | phase_ext_benchmark |   431p.csv: 10000 rows, cols=['SMILES', 'ACTIVITY']
2026-04-03 14:39:22 | INFO  | phase_ext_benchmark |   285p.csv: 10000 rows, cols=['SMILES', 'ACTIVITY']
2026-04-03 14:39:22 | INFO  | phase_ext_benchmark |   615p.csv: 10000 rows, cols=['SMILES', 'ACTIVITY']
2026-04-03 14:39:22 | INFO  | phase_ext_benchmark |   171p.csv: 10000 rows, cols=['SMILES', 'ACTIVITY']
2026-04-03 14:39:22 | INFO  | phase_ext_benchmark |   685p.csv: 10000 rows, cols=['SMILES', 'ACTIVITY']
2026-04-03 14:39:22 | INFO  | phase_ext_benchmark |   1104p.csv: 10000 rows, cols=['SMILES', 'ACTIVITY']
2026-04-03 14:39:22 | INFO  | phase_ext_benchmark |   1040p.csv: 10000 rows, cols=['SMILES', 'ACTIVITY']
2026-04-03 14:39:22 | INFO  | phase_ext_benchmark |   639p.csv: 10000 rows, cols=['SMILES', 'ACTIVITY']
2026-04-03 14:39:22 | INFO  | phase_ext_benchmark |   353p.csv: 10000 rows, cols=['SMILES', 'ACTIVITY']
2026-04-03 14:39:22 | INFO  | phase_ext_benchmark |   398p.csv: 10000 rows, cols=['SMILES', 'ACTIVITY']
2026-04-03 14:39:22 | INFO  | phase_ext_benchmark |   158p.csv: 10000 rows, cols=['SMILES', 'ACTIVITY']
2026-04-03 14:39:22 | INFO  | phase_ext_benchmark |   361p.csv: 10000 rows, cols=['SMILES', 'ACTIVITY']
2026-04-03 14:39:22 | INFO  | phase_ext_benchmark |   566p.csv: 10000 rows, cols=['SMILES', 'ACTIVITY']
2026-04-03 14:39:22 | INFO  | phase_ext_benchmark |   937p.csv: 10000 rows, cols=['SMILES', 'ACTIVITY']
2026-04-03 14:39:23 | INFO  | phase_ext_benchmark |   659p.csv: 10000 rows, cols=['SMILES', 'ACTIVITY']
2026-04-03 14:39:23 | INFO  | phase_ext_benchmark |   1043p.csv: 10000 rows, cols=['SMILES', 'ACTIVITY']
2026-04-03 14:39:23 | INFO  | phase_ext_benchmark |   511p.csv: 10000 rows, cols=['SMILES', 'ACTIVITY']
2026-04-03 14:39:23 | INFO  | phase_ext_benchmark |   347p.csv: 10000 rows, cols=['SMILES', 'ACTIVITY']
2026-04-03 14:39:23 | INFO  | phase_ext_benchmark |   817p.csv: 10000 rows, cols=['SMILES', 'ACTIVITY']
2026-04-03 14:39:23 | INFO  | phase_ext_benchmark |   906p.csv: 10000 rows, cols=['SMILES', 'ACTIVITY']
2026-04-03 14:39:23 | INFO  | phase_ext_benchmark |   507p.csv: 10000 rows, cols=['SMILES', 'ACTIVITY']
2026-04-03 14:39:23 | INFO  | phase_ext_benchmark |   384p.csv: 10000 rows, cols=['SMILES', 'ACTIVITY']
2026-04-03 14:39:23 | INFO  | phase_ext_benchmark |   273p.csv: 10000 rows, cols=['SMILES', 'ACTIVITY']
2026-04-03 14:39:23 | INFO  | phase_ext_benchmark |   484p.csv: 10000 rows, cols=['SMILES', 'ACTIVITY']
2026-04-03 14:39:23 | INFO  | phase_ext_benchmark |   269p.csv: 10000 rows, cols=['SMILES', 'ACTIVITY']
2026-04-03 14:39:23 | INFO  | phase_ext_benchmark |   900p.csv: 10000 rows, cols=['SMILES', 'ACTIVITY']
2026-04-03 14:39:23 | INFO  | phase_ext_benchmark |   73p.csv: 10000 rows, cols=['SMILES', 'ACTIVITY']
2026-04-03 14:39:23 | INFO  | phase_ext_benchmark |   105p.csv: 10000 rows, cols=['SMILES', 'ACTIVITY']
2026-04-03 14:39:23 | INFO  | phase_ext_benchmark |   660p.csv: 10000 rows, cols=['SMILES', 'ACTIVITY']
2026-04-03 14:39:23 | INFO  | phase_ext_benchmark |   475p.csv: 10000 rows, cols=['SMILES', 'ACTIVITY']
2026-04-03 14:39:23 | INFO  | phase_ext_benchmark |   859p.csv: 10000 rows, cols=['SMILES', 'ACTIVITY']
2026-04-03 14:39:23 | INFO  | phase_ext_benchmark |   263p.csv: 10000 rows, cols=['SMILES', 'ACTIVITY']
2026-04-03 14:39:23 | INFO  | phase_ext_benchmark |   1062p.csv: 10000 rows, cols=['SMILES', 'ACTIVITY']
2026-04-03 14:39:23 | INFO  | phase_ext_benchmark |   811p.csv: 10000 rows, cols=['SMILES', 'ACTIVITY']
2026-04-03 14:39:23 | INFO  | phase_ext_benchmark |   1044p.csv: 10000 rows, cols=['SMILES', 'ACTIVITY']
2026-04-03 14:39:23 | INFO  | phase_ext_benchmark |   1008p.csv: 10000 rows, cols=['SMILES', 'ACTIVITY']
2026-04-03 14:39:23 | INFO  | phase_ext_benchmark |   714p.csv: 10000 rows, cols=['SMILES', 'ACTIVITY']
2026-04-03 14:39:23 | INFO  | phase_ext_benchmark |   463p.csv: 10000 rows, cols=['SMILES', 'ACTIVITY']
2026-04-03 14:39:23 | INFO  | phase_ext_benchmark |   717p.csv: 10000 rows, cols=['SMILES', 'ACTIVITY']
2026-04-03 14:39:23 | INFO  | phase_ext_benchmark |   179p.csv: 10000 rows, cols=['SMILES', 'ACTIVITY']
2026-04-03 14:39:23 | INFO  | phase_ext_benchmark |   340p.csv: 10000 rows, cols=['SMILES', 'ACTIVITY']
2026-04-03 14:39:23 | INFO  | phase_ext_benchmark |   646p.csv: 10000 rows, cols=['SMILES', 'ACTIVITY']
2026-04-03 14:39:23 | INFO  | phase_ext_benchmark |   676p.csv: 10000 rows, cols=['SMILES', 'ACTIVITY']
2026-04-03 14:39:23 | INFO  | phase_ext_benchmark |   176p.csv: 10000 rows, cols=['SMILES', 'ACTIVITY']
2026-04-03 14:39:23 | INFO  | phase_ext_benchmark |   83p.csv: 10000 rows, cols=['SMILES', 'ACTIVITY']
2026-04-03 14:39:23 | INFO  | phase_ext_benchmark |   333p.csv: 10000 rows, cols=['SMILES', 'ACTIVITY']
2026-04-03 14:39:23 | INFO  | phase_ext_benchmark |   1035p.csv: 10000 rows, cols=['SMILES', 'ACTIVITY']
2026-04-03 14:39:23 | INFO  | phase_ext_benchmark |   59p.csv: 10000 rows, cols=['SMILES', 'ACTIVITY']
2026-04-03 14:39:23 | INFO  | phase_ext_benchmark |   629p.csv: 10000 rows, cols=['SMILES', 'ACTIVITY']
2026-04-03 14:39:23 | INFO  | phase_ext_benchmark |   636p.csv: 10000 rows, cols=['SMILES', 'ACTIVITY']
2026-04-03 14:39:23 | INFO  | phase_ext_benchmark |   407p.csv: 10000 rows, cols=['SMILES', 'ACTIVITY']
2026-04-03 14:39:23 | INFO  | phase_ext_benchmark |   237p.csv: 10000 rows, cols=['SMILES', 'ACTIVITY']
2026-04-03 14:39:23 | INFO  | phase_ext_benchmark |   882p.csv: 10000 rows, cols=['SMILES', 'ACTIVITY']
2026-04-03 14:39:23 | INFO  | phase_ext_benchmark |   784p.csv: 10000 rows, cols=['SMILES', 'ACTIVITY']
2026-04-03 14:39:23 | INFO  | phase_ext_benchmark |   95p.csv: 10000 rows, cols=['SMILES', 'ACTIVITY']
2026-04-03 14:39:23 | INFO  | phase_ext_benchmark |   34p.csv: 10000 rows, cols=['SMILES', 'ACTIVITY']
2026-04-03 14:39:23 | INFO  | phase_ext_benchmark |   508p.csv: 10000 rows, cols=['SMILES', 'ACTIVITY']
2026-04-03 14:39:23 | INFO  | phase_ext_benchmark |   884p.csv: 10000 rows, cols=['SMILES', 'ACTIVITY']
2026-04-03 14:39:23 | INFO  | phase_ext_benchmark |   977p.csv: 10000 rows, cols=['SMILES', 'ACTIVITY']
2026-04-03 14:39:23 | INFO  | phase_ext_benchmark |   164p.csv: 10000 rows, cols=['SMILES', 'ACTIVITY']
2026-04-03 14:39:23 | INFO  | phase_ext_benchmark |   762p.csv: 10000 rows, cols=['SMILES', 'ACTIVITY']
2026-04-03 14:39:23 | INFO  | phase_ext_benchmark |   321p.csv: 10000 rows, cols=['SMILES', 'ACTIVITY']
2026-04-03 14:39:23 | INFO  | phase_ext_benchmark |   1108p.csv: 10000 rows, cols=['SMILES', 'ACTIVITY']
2026-04-03 14:39:23 | INFO  | phase_ext_benchmark |   33p.csv: 10000 rows, cols=['SMILES', 'ACTIVITY']
2026-04-03 14:39:23 | INFO  | phase_ext_benchmark |   267p.csv: 10000 rows, cols=['SMILES', 'ACTIVITY']
2026-04-03 14:39:23 | INFO  | phase_ext_benchmark |   583p.csv: 10000 rows, cols=['SMILES', 'ACTIVITY']
2026-04-03 14:39:23 | INFO  | phase_ext_benchmark |   320p.csv: 10000 rows, cols=['SMILES', 'ACTIVITY']
2026-04-03 14:39:23 | INFO  | phase_ext_benchmark |   1023p.csv: 10000 rows, cols=['SMILES', 'ACTIVITY']
2026-04-03 14:39:23 | INFO  | phase_ext_benchmark |   901p.csv: 10000 rows, cols=['SMILES', 'ACTIVITY']
2026-04-03 14:39:23 | INFO  | phase_ext_benchmark |   1021p.csv: 10000 rows, cols=['SMILES', 'ACTIVITY']
2026-04-03 14:39:23 | INFO  | phase_ext_benchmark |   978p.csv: 10000 rows, cols=['SMILES', 'ACTIVITY']
2026-04-03 14:39:23 | INFO  | phase_ext_benchmark |   846p.csv: 10000 rows, cols=['SMILES', 'ACTIVITY']
2026-04-03 14:39:23 | INFO  | phase_ext_benchmark |   188p.csv: 10000 rows, cols=['SMILES', 'ACTIVITY']
2026-04-03 14:39:23 | INFO  | phase_ext_benchmark |   395p.csv: 10000 rows, cols=['SMILES', 'ACTIVITY']
2026-04-03 14:39:23 | INFO  | phase_ext_benchmark |   588p.csv: 10000 rows, cols=['SMILES', 'ACTIVITY']
2026-04-03 14:39:23 | INFO  | phase_ext_benchmark |   1095p.csv: 10000 rows, cols=['SMILES', 'ACTIVITY']
2026-04-03 14:39:23 | INFO  | phase_ext_benchmark |   151p.csv: 10000 rows, cols=['SMILES', 'ACTIVITY']
2026-04-03 14:39:23 | INFO  | phase_ext_benchmark |   351p.csv: 10000 rows, cols=['SMILES', 'ACTIVITY']
2026-04-03 14:39:23 | INFO  | phase_ext_benchmark |   194p.csv: 10000 rows, cols=['SMILES', 'ACTIVITY']
2026-04-03 14:39:23 | INFO  | phase_ext_benchmark |   313p.csv: 10000 rows, cols=['SMILES', 'ACTIVITY']
2026-04-03 14:39:23 | INFO  | phase_ext_benchmark |   462p.csv: 10000 rows, cols=['SMILES', 'ACTIVITY']
2026-04-03 14:39:23 | INFO  | phase_ext_benchmark |   933p.csv: 10000 rows, cols=['SMILES', 'ACTIVITY']
2026-04-03 14:39:23 | INFO  | phase_ext_benchmark |   773p.csv: 10000 rows, cols=['SMILES', 'ACTIVITY']
2026-04-03 14:39:23 | INFO  | phase_ext_benchmark |   272p.csv: 10000 rows, cols=['SMILES', 'ACTIVITY']
2026-04-03 14:39:23 | INFO  | phase_ext_benchmark |   649p.csv: 10000 rows, cols=['SMILES', 'ACTIVITY']
2026-04-03 14:39:23 | INFO  | phase_ext_benchmark |   739p.csv: 10000 rows, cols=['SMILES', 'ACTIVITY']
2026-04-03 14:39:23 | INFO  | phase_ext_benchmark |   110p.csv: 10000 rows, cols=['SMILES', 'ACTIVITY']
2026-04-03 14:39:23 | INFO  | phase_ext_benchmark |   658p.csv: 10000 rows, cols=['SMILES', 'ACTIVITY']
2026-04-03 14:39:23 | INFO  | phase_ext_benchmark |   22p.csv: 10000 rows, cols=['SMILES', 'ACTIVITY']
2026-04-03 14:39:23 | INFO  | phase_ext_benchmark |   177p.csv: 10000 rows, cols=['SMILES', 'ACTIVITY']
2026-04-03 14:39:23 | INFO  | phase_ext_benchmark |   455p.csv: 10000 rows, cols=['SMILES', 'ACTIVITY']
2026-04-03 14:39:23 | INFO  | phase_ext_benchmark |   1059p.csv: 10000 rows, cols=['SMILES', 'ACTIVITY']
2026-04-03 14:39:23 | INFO  | phase_ext_benchmark |   713p.csv: 10000 rows, cols=['SMILES', 'ACTIVITY']
2026-04-03 14:39:23 | INFO  | phase_ext_benchmark |   521p.csv: 10000 rows, cols=['SMILES', 'ACTIVITY']
2026-04-03 14:39:23 | INFO  | phase_ext_benchmark |   807p.csv: 10000 rows, cols=['SMILES', 'ACTIVITY']
2026-04-03 14:39:23 | INFO  | phase_ext_benchmark |   416p.csv: 10000 rows, cols=['SMILES', 'ACTIVITY']
2026-04-03 14:39:23 | INFO  | phase_ext_benchmark |   512p.csv: 10000 rows, cols=['SMILES', 'ACTIVITY']
2026-04-03 14:39:23 | INFO  | phase_ext_benchmark |   185p.csv: 10000 rows, cols=['SMILES', 'ACTIVITY']
2026-04-03 14:39:23 | INFO  | phase_ext_benchmark |   883p.csv: 10000 rows, cols=['SMILES', 'ACTIVITY']
2026-04-03 14:39:23 | INFO  | phase_ext_benchmark |   471p.csv: 10000 rows, cols=['SMILES', 'ACTIVITY']
2026-04-03 14:39:23 | INFO  | phase_ext_benchmark |   1022p.csv: 10000 rows, cols=['SMILES', 'ACTIVITY']
2026-04-03 14:39:23 | INFO  | phase_ext_benchmark |   487p.csv: 10000 rows, cols=['SMILES', 'ACTIVITY']
2026-04-03 14:39:23 | INFO  | phase_ext_benchmark |   675p.csv: 10000 rows, cols=['SMILES', 'ACTIVITY']
2026-04-03 14:39:23 | INFO  | phase_ext_benchmark |   1006p.csv: 10000 rows, cols=['SMILES', 'ACTIVITY']
2026-04-03 14:39:23 | INFO  | phase_ext_benchmark |   52p.csv: 10000 rows, cols=['SMILES', 'ACTIVITY']
2026-04-03 14:39:23 | INFO  | phase_ext_benchmark |   689p.csv: 10000 rows, cols=['SMILES', 'ACTIVITY']
2026-04-03 14:39:23 | INFO  | phase_ext_benchmark |   472p.csv: 10000 rows, cols=['SMILES', 'ACTIVITY']
2026-04-03 14:39:23 | INFO  | phase_ext_benchmark |   929p.csv: 10000 rows, cols=['SMILES', 'ACTIVITY']
2026-04-03 14:39:23 | INFO  | phase_ext_benchmark |   445p.csv: 10000 rows, cols=['SMILES', 'ACTIVITY']
2026-04-03 14:39:23 | INFO  | phase_ext_benchmark |   944p.csv: 10000 rows, cols=['SMILES', 'ACTIVITY']
2026-04-03 14:39:23 | INFO  | phase_ext_benchmark |   780p.csv: 10000 rows, cols=['SMILES', 'ACTIVITY']
2026-04-03 14:39:23 | INFO  | phase_ext_benchmark |   1019p.csv: 10000 rows, cols=['SMILES', 'ACTIVITY']
2026-04-03 14:39:23 | INFO  | phase_ext_benchmark |   707p.csv: 10000 rows, cols=['SMILES', 'ACTIVITY']
2026-04-03 14:39:23 | INFO  | phase_ext_benchmark |   485p.csv: 10000 rows, cols=['SMILES', 'ACTIVITY']
2026-04-03 14:39:23 | INFO  | phase_ext_benchmark |   278p.csv: 10000 rows, cols=['SMILES', 'ACTIVITY']
2026-04-03 14:39:23 | INFO  | phase_ext_benchmark |   501p.csv: 10000 rows, cols=['SMILES', 'ACTIVITY']
2026-04-03 14:39:23 | INFO  | phase_ext_benchmark |   1090p.csv: 10000 rows, cols=['SMILES', 'ACTIVITY']
2026-04-03 14:39:23 | INFO  | phase_ext_benchmark |   1068p.csv: 10000 rows, cols=['SMILES', 'ACTIVITY']
2026-04-03 14:39:23 | INFO  | phase_ext_benchmark |   342p.csv: 10000 rows, cols=['SMILES', 'ACTIVITY']
2026-04-03 14:39:23 | INFO  | phase_ext_benchmark |   852p.csv: 10000 rows, cols=['SMILES', 'ACTIVITY']
2026-04-03 14:39:23 | INFO  | phase_ext_benchmark |   287p.csv: 10000 rows, cols=['SMILES', 'ACTIVITY']
2026-04-03 14:39:23 | INFO  | phase_ext_benchmark |   317p.csv: 10000 rows, cols=['SMILES', 'ACTIVITY']
2026-04-03 14:39:23 | INFO  | phase_ext_benchmark |   515p.csv: 10000 rows, cols=['SMILES', 'ACTIVITY']
2026-04-03 14:39:23 | INFO  | phase_ext_benchmark |   277p.csv: 10000 rows, cols=['SMILES', 'ACTIVITY']
2026-04-03 14:39:24 | INFO  | phase_ext_benchmark |   897p.csv: 10000 rows, cols=['SMILES', 'ACTIVITY']
2026-04-03 14:39:24 | INFO  | phase_ext_benchmark |   695p.csv: 10000 rows, cols=['SMILES', 'ACTIVITY']
2026-04-03 14:39:24 | INFO  | phase_ext_benchmark |   423p.csv: 10000 rows, cols=['SMILES', 'ACTIVITY']
2026-04-03 14:39:24 | INFO  | phase_ext_benchmark |   625p.csv: 10000 rows, cols=['SMILES', 'ACTIVITY']
2026-04-03 14:39:24 | INFO  | phase_ext_benchmark |   950p.csv: 10000 rows, cols=['SMILES', 'ACTIVITY']
2026-04-03 14:39:24 | INFO  | phase_ext_benchmark |   769p.csv: 10000 rows, cols=['SMILES', 'ACTIVITY']
2026-04-03 14:39:24 | INFO  | phase_ext_benchmark |   860p.csv: 10000 rows, cols=['SMILES', 'ACTIVITY']
2026-04-03 14:39:24 | INFO  | phase_ext_benchmark |   16p.csv: 10000 rows, cols=['SMILES', 'ACTIVITY']
2026-04-03 14:39:24 | INFO  | phase_ext_benchmark |   905p.csv: 10000 rows, cols=['SMILES', 'ACTIVITY']
2026-04-03 14:39:24 | INFO  | phase_ext_benchmark |   595p.csv: 10000 rows, cols=['SMILES', 'ACTIVITY']
2026-04-03 14:39:24 | INFO  | phase_ext_benchmark |   783p.csv: 10000 rows, cols=['SMILES', 'ACTIVITY']
2026-04-03 14:39:24 | INFO  | phase_ext_benchmark |   1005p.csv: 10000 rows, cols=['SMILES', 'ACTIVITY']
2026-04-03 14:39:24 | INFO  | phase_ext_benchmark |   467p.csv: 10000 rows, cols=['SMILES', 'ACTIVITY']
2026-04-03 14:39:24 | INFO  | phase_ext_benchmark |   632p.csv: 10000 rows, cols=['SMILES', 'ACTIVITY']
2026-04-03 14:39:24 | INFO  | phase_ext_benchmark |   211p.csv: 10000 rows, cols=['SMILES', 'ACTIVITY']
2026-04-03 14:39:24 | INFO  | phase_ext_benchmark |   606p.csv: 10000 rows, cols=['SMILES', 'ACTIVITY']
2026-04-03 14:39:24 | INFO  | phase_ext_benchmark |   533p.csv: 10000 rows, cols=['SMILES', 'ACTIVITY']
2026-04-03 14:39:24 | INFO  | phase_ext_benchmark |   735p.csv: 10000 rows, cols=['SMILES', 'ACTIVITY']
2026-04-03 14:39:24 | INFO  | phase_ext_benchmark |   674p.csv: 10000 rows, cols=['SMILES', 'ACTIVITY']
2026-04-03 14:39:24 | INFO  | phase_ext_benchmark |   13p.csv: 10000 rows, cols=['SMILES', 'ACTIVITY']
2026-04-03 14:39:24 | INFO  | phase_ext_benchmark |   1126p.csv: 10000 rows, cols=['SMILES', 'ACTIVITY']
2026-04-03 14:39:24 | INFO  | phase_ext_benchmark |   85p.csv: 10000 rows, cols=['SMILES', 'ACTIVITY']
2026-04-03 14:39:24 | INFO  | phase_ext_benchmark |   957p.csv: 10000 rows, cols=['SMILES', 'ACTIVITY']
2026-04-03 14:39:24 | INFO  | phase_ext_benchmark |   748p.csv: 10000 rows, cols=['SMILES', 'ACTIVITY']
2026-04-03 14:39:24 | INFO  | phase_ext_benchmark |   113p.csv: 10000 rows, cols=['SMILES', 'ACTIVITY']
2026-04-03 14:39:24 | INFO  | phase_ext_benchmark |   832p.csv: 10000 rows, cols=['SMILES', 'ACTIVITY']
2026-04-03 14:39:24 | INFO  | phase_ext_benchmark |   123p.csv: 10000 rows, cols=['SMILES', 'ACTIVITY']
2026-04-03 14:39:24 | INFO  | phase_ext_benchmark |   1002p.csv: 10000 rows, cols=['SMILES', 'ACTIVITY']
2026-04-03 14:39:24 | INFO  | phase_ext_benchmark |   135p.csv: 10000 rows, cols=['SMILES', 'ACTIVITY']
2026-04-03 14:39:24 | INFO  | phase_ext_benchmark |   327p.csv: 10000 rows, cols=['SMILES', 'ACTIVITY']
2026-04-03 14:39:24 | INFO  | phase_ext_benchmark |   550p.csv: 10000 rows, cols=['SMILES', 'ACTIVITY']
2026-04-03 14:39:24 | INFO  | phase_ext_benchmark |   46p.csv: 10000 rows, cols=['SMILES', 'ACTIVITY']
2026-04-03 14:39:24 | INFO  | phase_ext_benchmark |   1047p.csv: 10000 rows, cols=['SMILES', 'ACTIVITY']
2026-04-03 14:39:24 | INFO  | phase_ext_benchmark |   614p.csv: 10000 rows, cols=['SMILES', 'ACTIVITY']
2026-04-03 14:39:24 | INFO  | phase_ext_benchmark |   444p.csv: 10000 rows, cols=['SMILES', 'ACTIVITY']
2026-04-03 14:39:24 | INFO  | phase_ext_benchmark |   1072p.csv: 10000 rows, cols=['SMILES', 'ACTIVITY']
2026-04-03 14:39:24 | INFO  | phase_ext_benchmark |   740p.csv: 10000 rows, cols=['SMILES', 'ACTIVITY']
2026-04-03 14:39:24 | INFO  | phase_ext_benchmark |   129p.csv: 10000 rows, cols=['SMILES', 'ACTIVITY']
2026-04-03 14:39:24 | INFO  | phase_ext_benchmark |   1122p.csv: 10000 rows, cols=['SMILES', 'ACTIVITY']
2026-04-03 14:39:24 | INFO  | phase_ext_benchmark |   513p.csv: 10000 rows, cols=['SMILES', 'ACTIVITY']
2026-04-03 14:39:24 | INFO  | phase_ext_benchmark |   837p.csv: 10000 rows, cols=['SMILES', 'ACTIVITY']
2026-04-03 14:39:24 | INFO  | phase_ext_benchmark |   734p.csv: 10000 rows, cols=['SMILES', 'ACTIVITY']
2026-04-03 14:39:24 | INFO  | phase_ext_benchmark |   829p.csv: 10000 rows, cols=['SMILES', 'ACTIVITY']
2026-04-03 14:39:24 | INFO  | phase_ext_benchmark |   599p.csv: 10000 rows, cols=['SMILES', 'ACTIVITY']
2026-04-03 14:39:24 | INFO  | phase_ext_benchmark |   206p.csv: 10000 rows, cols=['SMILES', 'ACTIVITY']
2026-04-03 14:39:24 | INFO  | phase_ext_benchmark |   948p.csv: 10000 rows, cols=['SMILES', 'ACTIVITY']
2026-04-03 14:39:24 | INFO  | phase_ext_benchmark |   631p.csv: 10000 rows, cols=['SMILES', 'ACTIVITY']
2026-04-03 14:39:24 | INFO  | phase_ext_benchmark |   44p.csv: 10000 rows, cols=['SMILES', 'ACTIVITY']
2026-04-03 14:39:24 | INFO  | phase_ext_benchmark |   1073p.csv: 10000 rows, cols=['SMILES', 'ACTIVITY']
2026-04-03 14:39:24 | INFO  | phase_ext_benchmark |   743p.csv: 10000 rows, cols=['SMILES', 'ACTIVITY']
2026-04-03 14:39:24 | INFO  | phase_ext_benchmark |   738p.csv: 10000 rows, cols=['SMILES', 'ACTIVITY']
2026-04-03 14:39:24 | INFO  | phase_ext_benchmark |   827p.csv: 10000 rows, cols=['SMILES', 'ACTIVITY']
2026-04-03 14:39:24 | INFO  | phase_ext_benchmark |   15p.csv: 10000 rows, cols=['SMILES', 'ACTIVITY']
2026-04-03 14:39:24 | INFO  | phase_ext_benchmark |   271p.csv: 10000 rows, cols=['SMILES', 'ACTIVITY']
2026-04-03 14:39:24 | INFO  | phase_ext_benchmark |   51p.csv: 10000 rows, cols=['SMILES', 'ACTIVITY']
2026-04-03 14:39:24 | INFO  | phase_ext_benchmark |   36p.csv: 10000 rows, cols=['SMILES', 'ACTIVITY']
2026-04-03 14:39:24 | INFO  | phase_ext_benchmark |   873p.csv: 10000 rows, cols=['SMILES', 'ACTIVITY']
2026-04-03 14:39:24 | INFO  | phase_ext_benchmark |   268p.csv: 10000 rows, cols=['SMILES', 'ACTIVITY']
2026-04-03 14:39:24 | INFO  | phase_ext_benchmark |   1076p.csv: 10000 rows, cols=['SMILES', 'ACTIVITY']
2026-04-03 14:39:24 | INFO  | phase_ext_benchmark |   777p.csv: 10000 rows, cols=['SMILES', 'ACTIVITY']
2026-04-03 14:39:24 | INFO  | phase_ext_benchmark |   296p.csv: 10000 rows, cols=['SMILES', 'ACTIVITY']
2026-04-03 14:39:24 | INFO  | phase_ext_benchmark |   622p.csv: 10000 rows, cols=['SMILES', 'ACTIVITY']
2026-04-03 14:39:24 | INFO  | phase_ext_benchmark |   411p.csv: 10000 rows, cols=['SMILES', 'ACTIVITY']
2026-04-03 14:39:24 | INFO  | phase_ext_benchmark |   562p.csv: 10000 rows, cols=['SMILES', 'ACTIVITY']
2026-04-03 14:39:24 | INFO  | phase_ext_benchmark |   150p.csv: 10000 rows, cols=['SMILES', 'ACTIVITY']
2026-04-03 14:39:24 | INFO  | phase_ext_benchmark |   186p.csv: 10000 rows, cols=['SMILES', 'ACTIVITY']
2026-04-03 14:39:24 | INFO  | phase_ext_benchmark |   637p.csv: 10000 rows, cols=['SMILES', 'ACTIVITY']
2026-04-03 14:39:24 | INFO  | phase_ext_benchmark |   449p.csv: 10000 rows, cols=['SMILES', 'ACTIVITY']
2026-04-03 14:39:24 | INFO  | phase_ext_benchmark |   572p.csv: 10000 rows, cols=['SMILES', 'ACTIVITY']
2026-04-03 14:39:24 | INFO  | phase_ext_benchmark |   742p.csv: 10000 rows, cols=['SMILES', 'ACTIVITY']
2026-04-03 14:39:24 | INFO  | phase_ext_benchmark |   745p.csv: 10000 rows, cols=['SMILES', 'ACTIVITY']
2026-04-03 14:39:24 | INFO  | phase_ext_benchmark |   82p.csv: 10000 rows, cols=['SMILES', 'ACTIVITY']
2026-04-03 14:39:24 | INFO  | phase_ext_benchmark |   156p.csv: 10000 rows, cols=['SMILES', 'ACTIVITY']
2026-04-03 14:39:24 | INFO  | phase_ext_benchmark |   97p.csv: 10000 rows, cols=['SMILES', 'ACTIVITY']
2026-04-03 14:39:24 | INFO  | phase_ext_benchmark |   10p.csv: 10000 rows, cols=['SMILES', 'ACTIVITY']
2026-04-03 14:39:24 | INFO  | phase_ext_benchmark |   902p.csv: 10000 rows, cols=['SMILES', 'ACTIVITY']
2026-04-03 14:39:24 | INFO  | phase_ext_benchmark |   315p.csv: 10000 rows, cols=['SMILES', 'ACTIVITY']
2026-04-03 14:39:24 | INFO  | phase_ext_benchmark |   136p.csv: 10000 rows, cols=['SMILES', 'ACTIVITY']
2026-04-03 14:39:24 | INFO  | phase_ext_benchmark |   236p.csv: 10000 rows, cols=['SMILES', 'ACTIVITY']
2026-04-03 14:39:24 | INFO  | phase_ext_benchmark |   756p.csv: 10000 rows, cols=['SMILES', 'ACTIVITY']
2026-04-03 14:39:24 | INFO  | phase_ext_benchmark |   215p.csv: 10000 rows, cols=['SMILES', 'ACTIVITY']
2026-04-03 14:39:24 | INFO  | phase_ext_benchmark |   824p.csv: 10000 rows, cols=['SMILES', 'ACTIVITY']
2026-04-03 14:39:24 | INFO  | phase_ext_benchmark |   1013p.csv: 10000 rows, cols=['SMILES', 'ACTIVITY']
2026-04-03 14:39:24 | INFO  | phase_ext_benchmark |   619p.csv: 10000 rows, cols=['SMILES', 'ACTIVITY']
2026-04-03 14:39:24 | INFO  | phase_ext_benchmark |   115p.csv: 10000 rows, cols=['SMILES', 'ACTIVITY']
2026-04-03 14:39:24 | INFO  | phase_ext_benchmark |   965p.csv: 10000 rows, cols=['SMILES', 'ACTIVITY']
2026-04-03 14:39:24 | INFO  | phase_ext_benchmark |   1025p.csv: 10000 rows, cols=['SMILES', 'ACTIVITY']
2026-04-03 14:39:24 | INFO  | phase_ext_benchmark |   107p.csv: 10000 rows, cols=['SMILES', 'ACTIVITY']
2026-04-03 14:39:24 | INFO  | phase_ext_benchmark |   1077p.csv: 10000 rows, cols=['SMILES', 'ACTIVITY']
2026-04-03 14:39:24 | INFO  | phase_ext_benchmark |   390p.csv: 10000 rows, cols=['SMILES', 'ACTIVITY']
2026-04-03 14:39:24 | INFO  | phase_ext_benchmark |   693p.csv: 10000 rows, cols=['SMILES', 'ACTIVITY']
2026-04-03 14:39:24 | INFO  | phase_ext_benchmark |   480p.csv: 10000 rows, cols=['SMILES', 'ACTIVITY']
2026-04-03 14:39:24 | INFO  | phase_ext_benchmark |   1071p.csv: 10000 rows, cols=['SMILES', 'ACTIVITY']
2026-04-03 14:39:24 | INFO  | phase_ext_benchmark |   502p.csv: 10000 rows, cols=['SMILES', 'ACTIVITY']
2026-04-03 14:39:24 | INFO  | phase_ext_benchmark |   442p.csv: 10000 rows, cols=['SMILES', 'ACTIVITY']
2026-04-03 14:39:24 | INFO  | phase_ext_benchmark |   820p.csv: 10000 rows, cols=['SMILES', 'ACTIVITY']
2026-04-03 14:39:24 | INFO  | phase_ext_benchmark |   825p.csv: 10000 rows, cols=['SMILES', 'ACTIVITY']
2026-04-03 14:39:24 | INFO  | phase_ext_benchmark |   12p.csv: 10000 rows, cols=['SMILES', 'ACTIVITY']
2026-04-03 14:39:24 | INFO  | phase_ext_benchmark |   797p.csv: 10000 rows, cols=['SMILES', 'ACTIVITY']
2026-04-03 14:39:24 | INFO  | phase_ext_benchmark |   870p.csv: 10000 rows, cols=['SMILES', 'ACTIVITY']
2026-04-03 14:39:24 | INFO  | phase_ext_benchmark |   953p.csv: 10000 rows, cols=['SMILES', 'ACTIVITY']
2026-04-03 14:39:24 | INFO  | phase_ext_benchmark |   560p.csv: 10000 rows, cols=['SMILES', 'ACTIVITY']
2026-04-03 14:39:24 | INFO  | phase_ext_benchmark |   131p.csv: 10000 rows, cols=['SMILES', 'ACTIVITY']
2026-04-03 14:39:24 | INFO  | phase_ext_benchmark |   605p.csv: 10000 rows, cols=['SMILES', 'ACTIVITY']
2026-04-03 14:39:24 | INFO  | phase_ext_benchmark |   887p.csv: 10000 rows, cols=['SMILES', 'ACTIVITY']
2026-04-03 14:39:24 | INFO  | phase_ext_benchmark |   931p.csv: 10000 rows, cols=['SMILES', 'ACTIVITY']
2026-04-03 14:39:24 | INFO  | phase_ext_benchmark |   0p.csv: 9999 rows, cols=['C1CCCC1', 'ACTIVITY']
2026-04-03 14:39:24 | INFO  | phase_ext_benchmark |   847p.csv: 10000 rows, cols=['SMILES', 'ACTIVITY']
2026-04-03 14:39:24 | INFO  | phase_ext_benchmark |   959p.csv: 10000 rows, cols=['SMILES', 'ACTIVITY']
2026-04-03 14:39:25 | INFO  | phase_ext_benchmark |   604p.csv: 10000 rows, cols=['SMILES', 'ACTIVITY']
2026-04-03 14:39:25 | INFO  | phase_ext_benchmark |   335p.csv: 10000 rows, cols=['SMILES', 'ACTIVITY']
2026-04-03 14:39:25 | INFO  | phase_ext_benchmark |   851p.csv: 10000 rows, cols=['SMILES', 'ACTIVITY']
2026-04-03 14:39:25 | INFO  | phase_ext_benchmark |   915p.csv: 10000 rows, cols=['SMILES', 'ACTIVITY']
2026-04-03 14:39:25 | INFO  | phase_ext_benchmark |   967p.csv: 10000 rows, cols=['SMILES', 'ACTIVITY']
2026-04-03 14:39:25 | INFO  | phase_ext_benchmark |   718p.csv: 10000 rows, cols=['SMILES', 'ACTIVITY']
2026-04-03 14:39:25 | INFO  | phase_ext_benchmark |   310p.csv: 10000 rows, cols=['SMILES', 'ACTIVITY']
2026-04-03 14:39:25 | INFO  | phase_ext_benchmark |   570p.csv: 10000 rows, cols=['SMILES', 'ACTIVITY']
2026-04-03 14:39:25 | INFO  | phase_ext_benchmark |   270p.csv: 10000 rows, cols=['SMILES', 'ACTIVITY']
2026-04-03 14:39:25 | INFO  | phase_ext_benchmark |   1p.csv: 10000 rows, cols=['SMILES', 'ACTIVITY']
2026-04-03 14:39:25 | INFO  | phase_ext_benchmark |   785p.csv: 10000 rows, cols=['SMILES', 'ACTIVITY']
2026-04-03 14:39:25 | INFO  | phase_ext_benchmark |   1010p.csv: 10000 rows, cols=['SMILES', 'ACTIVITY']
2026-04-03 14:39:25 | INFO  | phase_ext_benchmark |   348p.csv: 10000 rows, cols=['SMILES', 'ACTIVITY']
2026-04-03 14:39:25 | INFO  | phase_ext_benchmark |   41p.csv: 10000 rows, cols=['SMILES', 'ACTIVITY']
2026-04-03 14:39:25 | INFO  | phase_ext_benchmark |   792p.csv: 10000 rows, cols=['SMILES', 'ACTIVITY']
2026-04-03 14:39:25 | INFO  | phase_ext_benchmark |   393p.csv: 10000 rows, cols=['SMILES', 'ACTIVITY']
2026-04-03 14:39:25 | INFO  | phase_ext_benchmark |   1069p.csv: 10000 rows, cols=['SMILES', 'ACTIVITY']
2026-04-03 14:39:25 | INFO  | phase_ext_benchmark |   529p.csv: 10000 rows, cols=['SMILES', 'ACTIVITY']
2026-04-03 14:39:25 | INFO  | phase_ext_benchmark |   1056p.csv: 10000 rows, cols=['SMILES', 'ACTIVITY']
2026-04-03 14:39:25 | INFO  | phase_ext_benchmark |   556p.csv: 10000 rows, cols=['SMILES', 'ACTIVITY']
2026-04-03 14:39:25 | INFO  | phase_ext_benchmark |   673p.csv: 10000 rows, cols=['SMILES', 'ACTIVITY']
2026-04-03 14:39:25 | INFO  | phase_ext_benchmark |   453p.csv: 10000 rows, cols=['SMILES', 'ACTIVITY']
2026-04-03 14:39:25 | INFO  | phase_ext_benchmark |   708p.csv: 10000 rows, cols=['SMILES', 'ACTIVITY']
2026-04-03 14:39:25 | INFO  | phase_ext_benchmark |   98p.csv: 10000 rows, cols=['SMILES', 'ACTIVITY']
2026-04-03 14:39:25 | INFO  | phase_ext_benchmark |   983p.csv: 10000 rows, cols=['SMILES', 'ACTIVITY']
2026-04-03 14:39:25 | INFO  | phase_ext_benchmark |   323p.csv: 10000 rows, cols=['SMILES', 'ACTIVITY']
2026-04-03 14:39:25 | INFO  | phase_ext_benchmark |   804p.csv: 10000 rows, cols=['SMILES', 'ACTIVITY']
2026-04-03 14:39:25 | INFO  | phase_ext_benchmark |   109p.csv: 10000 rows, cols=['SMILES', 'ACTIVITY']
2026-04-03 14:39:25 | INFO  | phase_ext_benchmark |   771p.csv: 10000 rows, cols=['SMILES', 'ACTIVITY']
2026-04-03 14:39:25 | INFO  | phase_ext_benchmark |   584p.csv: 10000 rows, cols=['SMILES', 'ACTIVITY']
2026-04-03 14:39:25 | INFO  | phase_ext_benchmark |   406p.csv: 10000 rows, cols=['SMILES', 'ACTIVITY']
2026-04-03 14:39:25 | INFO  | phase_ext_benchmark |   279p.csv: 10000 rows, cols=['SMILES', 'ACTIVITY']
2026-04-03 14:39:25 | INFO  | phase_ext_benchmark |   669p.csv: 10000 rows, cols=['SMILES', 'ACTIVITY']
2026-04-03 14:39:25 | INFO  | phase_ext_benchmark |   134p.csv: 10000 rows, cols=['SMILES', 'ACTIVITY']
2026-04-03 14:39:25 | INFO  | phase_ext_benchmark |   964p.csv: 10000 rows, cols=['SMILES', 'ACTIVITY']
2026-04-03 14:39:25 | INFO  | phase_ext_benchmark |   1119p.csv: 10000 rows, cols=['SMILES', 'ACTIVITY']
2026-04-03 14:39:25 | INFO  | phase_ext_benchmark |   688p.csv: 10000 rows, cols=['SMILES', 'ACTIVITY']
2026-04-03 14:39:25 | INFO  | phase_ext_benchmark |   626p.csv: 10000 rows, cols=['SMILES', 'ACTIVITY']
2026-04-03 14:39:25 | INFO  | phase_ext_benchmark |   1106p.csv: 10000 rows, cols=['SMILES', 'ACTIVITY']
2026-04-03 14:39:25 | INFO  | phase_ext_benchmark |   9p.csv: 10000 rows, cols=['SMILES', 'ACTIVITY']
2026-04-03 14:39:25 | INFO  | phase_ext_benchmark |   145p.csv: 10000 rows, cols=['SMILES', 'ACTIVITY']
2026-04-03 14:39:25 | INFO  | phase_ext_benchmark |   6p.csv: 10000 rows, cols=['SMILES', 'ACTIVITY']
2026-04-03 14:39:25 | INFO  | phase_ext_benchmark |   1037p.csv: 10000 rows, cols=['SMILES', 'ACTIVITY']
2026-04-03 14:39:25 | INFO  | phase_ext_benchmark |   962p.csv: 10000 rows, cols=['SMILES', 'ACTIVITY']
2026-04-03 14:39:25 | INFO  | phase_ext_benchmark |   1088p.csv: 10000 rows, cols=['SMILES', 'ACTIVITY']
2026-04-03 14:39:25 | INFO  | phase_ext_benchmark |   1121p.csv: 10000 rows, cols=['SMILES', 'ACTIVITY']
2026-04-03 14:39:25 | INFO  | phase_ext_benchmark |   125p.csv: 10000 rows, cols=['SMILES', 'ACTIVITY']
2026-04-03 14:39:25 | INFO  | phase_ext_benchmark |   379p.csv: 10000 rows, cols=['SMILES', 'ACTIVITY']
2026-04-03 14:39:25 | INFO  | phase_ext_benchmark |   594p.csv: 10000 rows, cols=['SMILES', 'ACTIVITY']
2026-04-03 14:39:25 | INFO  | phase_ext_benchmark |   304p.csv: 10000 rows, cols=['SMILES', 'ACTIVITY']
2026-04-03 14:39:25 | INFO  | phase_ext_benchmark |   916p.csv: 10000 rows, cols=['SMILES', 'ACTIVITY']
2026-04-03 14:39:25 | INFO  | phase_ext_benchmark |   624p.csv: 10000 rows, cols=['SMILES', 'ACTIVITY']
2026-04-03 14:39:25 | INFO  | phase_ext_benchmark |   557p.csv: 10000 rows, cols=['SMILES', 'ACTIVITY']
2026-04-03 14:39:25 | INFO  | phase_ext_benchmark |   731p.csv: 10000 rows, cols=['SMILES', 'ACTIVITY']
2026-04-03 14:39:25 | INFO  | phase_ext_benchmark |   1001p.csv: 10000 rows, cols=['SMILES', 'ACTIVITY']
2026-04-03 14:39:25 | INFO  | phase_ext_benchmark |   410p.csv: 10000 rows, cols=['SMILES', 'ACTIVITY']
2026-04-03 14:39:25 | INFO  | phase_ext_benchmark |   702p.csv: 10000 rows, cols=['SMILES', 'ACTIVITY']
2026-04-03 14:39:25 | INFO  | phase_ext_benchmark |   980p.csv: 10000 rows, cols=['SMILES', 'ACTIVITY']
2026-04-03 14:39:25 | INFO  | phase_ext_benchmark |   86p.csv: 10000 rows, cols=['SMILES', 'ACTIVITY']
2026-04-03 14:39:25 | INFO  | phase_ext_benchmark |   382p.csv: 10000 rows, cols=['SMILES', 'ACTIVITY']
2026-04-03 14:39:25 | INFO  | phase_ext_benchmark |   454p.csv: 10000 rows, cols=['SMILES', 'ACTIVITY']
2026-04-03 14:39:25 | INFO  | phase_ext_benchmark |   682p.csv: 10000 rows, cols=['SMILES', 'ACTIVITY']
2026-04-03 14:39:25 | INFO  | phase_ext_benchmark |   728p.csv: 10000 rows, cols=['SMILES', 'ACTIVITY']
2026-04-03 14:39:25 | INFO  | phase_ext_benchmark |   378p.csv: 10000 rows, cols=['SMILES', 'ACTIVITY']
2026-04-03 14:39:25 | INFO  | phase_ext_benchmark |   282p.csv: 10000 rows, cols=['SMILES', 'ACTIVITY']
2026-04-03 14:39:25 | INFO  | phase_ext_benchmark |   872p.csv: 10000 rows, cols=['SMILES', 'ACTIVITY']
2026-04-03 14:39:25 | INFO  | phase_ext_benchmark |   196p.csv: 10000 rows, cols=['SMILES', 'ACTIVITY']
2026-04-03 14:39:25 | INFO  | phase_ext_benchmark |   157p.csv: 10000 rows, cols=['SMILES', 'ACTIVITY']
2026-04-03 14:39:25 | INFO  | phase_ext_benchmark |   888p.csv: 10000 rows, cols=['SMILES', 'ACTIVITY']
2026-04-03 14:39:25 | INFO  | phase_ext_benchmark |   1049p.csv: 10000 rows, cols=['SMILES', 'ACTIVITY']
2026-04-03 14:39:25 | INFO  | phase_ext_benchmark |   1053p.csv: 10000 rows, cols=['SMILES', 'ACTIVITY']
2026-04-03 14:39:25 | INFO  | phase_ext_benchmark |   345p.csv: 10000 rows, cols=['SMILES', 'ACTIVITY']
2026-04-03 14:39:25 | INFO  | phase_ext_benchmark |   589p.csv: 10000 rows, cols=['SMILES', 'ACTIVITY']
2026-04-03 14:39:25 | INFO  | phase_ext_benchmark |   610p.csv: 10000 rows, cols=['SMILES', 'ACTIVITY']
2026-04-03 14:39:25 | INFO  | phase_ext_benchmark |   862p.csv: 10000 rows, cols=['SMILES', 'ACTIVITY']
2026-04-03 14:39:25 | INFO  | phase_ext_benchmark |   532p.csv: 10000 rows, cols=['SMILES', 'ACTIVITY']
2026-04-03 14:39:25 | INFO  | phase_ext_benchmark |   199p.csv: 10000 rows, cols=['SMILES', 'ACTIVITY']
2026-04-03 14:39:25 | INFO  | phase_ext_benchmark |   939p.csv: 10000 rows, cols=['SMILES', 'ACTIVITY']
2026-04-03 14:39:25 | INFO  | phase_ext_benchmark |   465p.csv: 10000 rows, cols=['SMILES', 'ACTIVITY']
2026-04-03 14:39:25 | INFO  | phase_ext_benchmark |   45p.csv: 10000 rows, cols=['SMILES', 'ACTIVITY']
2026-04-03 14:39:25 | INFO  | phase_ext_benchmark |   257p.csv: 10000 rows, cols=['SMILES', 'ACTIVITY']
2026-04-03 14:39:25 | INFO  | phase_ext_benchmark |   178p.csv: 10000 rows, cols=['SMILES', 'ACTIVITY']
2026-04-03 14:39:25 | INFO  | phase_ext_benchmark |   621p.csv: 10000 rows, cols=['SMILES', 'ACTIVITY']
2026-04-03 14:39:25 | INFO  | phase_ext_benchmark |   228p.csv: 10000 rows, cols=['SMILES', 'ACTIVITY']
2026-04-03 14:39:25 | INFO  | phase_ext_benchmark |   275p.csv: 10000 rows, cols=['SMILES', 'ACTIVITY']
2026-04-03 14:39:25 | INFO  | phase_ext_benchmark |   722p.csv: 10000 rows, cols=['SMILES', 'ACTIVITY']
2026-04-03 14:39:25 | INFO  | phase_ext_benchmark |   476p.csv: 10000 rows, cols=['SMILES', 'ACTIVITY']
2026-04-03 14:39:25 | INFO  | phase_ext_benchmark |   656p.csv: 10000 rows, cols=['SMILES', 'ACTIVITY']
2026-04-03 14:39:25 | INFO  | phase_ext_benchmark |   721p.csv: 10000 rows, cols=['SMILES', 'ACTIVITY']
2026-04-03 14:39:25 | INFO  | phase_ext_benchmark |   201p.csv: 10000 rows, cols=['SMILES', 'ACTIVITY']
2026-04-03 14:39:25 | INFO  | phase_ext_benchmark |   365p.csv: 10000 rows, cols=['SMILES', 'ACTIVITY']
2026-04-03 14:39:25 | INFO  | phase_ext_benchmark |   856p.csv: 10000 rows, cols=['SMILES', 'ACTIVITY']
2026-04-03 14:39:25 | INFO  | phase_ext_benchmark |   202p.csv: 10000 rows, cols=['SMILES', 'ACTIVITY']
2026-04-03 14:39:25 | INFO  | phase_ext_benchmark |   687p.csv: 10000 rows, cols=['SMILES', 'ACTIVITY']
2026-04-03 14:39:25 | INFO  | phase_ext_benchmark |   1102p.csv: 10000 rows, cols=['SMILES', 'ACTIVITY']
2026-04-03 14:39:25 | INFO  | phase_ext_benchmark |   293p.csv: 10000 rows, cols=['SMILES', 'ACTIVITY']
2026-04-03 14:39:25 | INFO  | phase_ext_benchmark |   189p.csv: 10000 rows, cols=['SMILES', 'ACTIVITY']
2026-04-03 14:39:25 | INFO  | phase_ext_benchmark |   369p.csv: 10000 rows, cols=['SMILES', 'ACTIVITY']
2026-04-03 14:39:25 | INFO  | phase_ext_benchmark |   640p.csv: 10000 rows, cols=['SMILES', 'ACTIVITY']
2026-04-03 14:39:25 | INFO  | phase_ext_benchmark |   1007p.csv: 10000 rows, cols=['SMILES', 'ACTIVITY']
2026-04-03 14:39:25 | INFO  | phase_ext_benchmark |   793p.csv: 10000 rows, cols=['SMILES', 'ACTIVITY']
2026-04-03 14:39:25 | INFO  | phase_ext_benchmark |   926p.csv: 10000 rows, cols=['SMILES', 'ACTIVITY']
2026-04-03 14:39:25 | INFO  | phase_ext_benchmark |   891p.csv: 10000 rows, cols=['SMILES', 'ACTIVITY']
2026-04-03 14:39:25 | INFO  | phase_ext_benchmark |   778p.csv: 10000 rows, cols=['SMILES', 'ACTIVITY']
2026-04-03 14:39:25 | INFO  | phase_ext_benchmark |   1032p.csv: 10000 rows, cols=['SMILES', 'ACTIVITY']
2026-04-03 14:39:25 | INFO  | phase_ext_benchmark |   701p.csv: 10000 rows, cols=['SMILES', 'ACTIVITY']
2026-04-03 14:39:25 | INFO  | phase_ext_benchmark |   1117p.csv: 10000 rows, cols=['SMILES', 'ACTIVITY']
2026-04-03 14:39:26 | INFO  | phase_ext_benchmark |   40p.csv: 10000 rows, cols=['SMILES', 'ACTIVITY']
2026-04-03 14:39:26 | INFO  | phase_ext_benchmark |   318p.csv: 10000 rows, cols=['SMILES', 'ACTIVITY']
2026-04-03 14:39:26 | INFO  | phase_ext_benchmark |   855p.csv: 10000 rows, cols=['SMILES', 'ACTIVITY']
2026-04-03 14:39:26 | INFO  | phase_ext_benchmark |   334p.csv: 10000 rows, cols=['SMILES', 'ACTIVITY']
2026-04-03 14:39:26 | INFO  | phase_ext_benchmark |   276p.csv: 10000 rows, cols=['SMILES', 'ACTIVITY']
2026-04-03 14:39:26 | INFO  | phase_ext_benchmark |   363p.csv: 10000 rows, cols=['SMILES', 'ACTIVITY']
2026-04-03 14:39:26 | INFO  | phase_ext_benchmark |   55p.csv: 10000 rows, cols=['SMILES', 'ACTIVITY']
2026-04-03 14:39:26 | INFO  | phase_ext_benchmark |   307p.csv: 10000 rows, cols=['SMILES', 'ACTIVITY']
2026-04-03 14:39:26 | INFO  | phase_ext_benchmark |   72p.csv: 10000 rows, cols=['SMILES', 'ACTIVITY']
2026-04-03 14:39:26 | INFO  | phase_ext_benchmark |   663p.csv: 10000 rows, cols=['SMILES', 'ACTIVITY']
2026-04-03 14:39:26 | INFO  | phase_ext_benchmark |   75p.csv: 10000 rows, cols=['SMILES', 'ACTIVITY']
2026-04-03 14:39:26 | INFO  | phase_ext_benchmark |   781p.csv: 10000 rows, cols=['SMILES', 'ACTIVITY']
2026-04-03 14:39:26 | INFO  | phase_ext_benchmark |   138p.csv: 10000 rows, cols=['SMILES', 'ACTIVITY']
2026-04-03 14:39:26 | INFO  | phase_ext_benchmark |   787p.csv: 10000 rows, cols=['SMILES', 'ACTIVITY']
2026-04-03 14:39:26 | INFO  | phase_ext_benchmark |   890p.csv: 10000 rows, cols=['SMILES', 'ACTIVITY']
2026-04-03 14:39:26 | INFO  | phase_ext_benchmark |   1125p.csv: 10000 rows, cols=['SMILES', 'ACTIVITY']
2026-04-03 14:39:26 | INFO  | phase_ext_benchmark |   1087p.csv: 10000 rows, cols=['SMILES', 'ACTIVITY']
2026-04-03 14:39:26 | INFO  | phase_ext_benchmark |   299p.csv: 10000 rows, cols=['SMILES', 'ACTIVITY']
2026-04-03 14:39:26 | INFO  | phase_ext_benchmark |   1096p.csv: 10000 rows, cols=['SMILES', 'ACTIVITY']
2026-04-03 14:39:26 | INFO  | phase_ext_benchmark |   729p.csv: 10000 rows, cols=['SMILES', 'ACTIVITY']
2026-04-03 14:39:26 | INFO  | phase_ext_benchmark |   1085p.csv: 10000 rows, cols=['SMILES', 'ACTIVITY']
2026-04-03 14:39:26 | INFO  | phase_ext_benchmark |   259p.csv: 10000 rows, cols=['SMILES', 'ACTIVITY']
2026-04-03 14:39:26 | INFO  | phase_ext_benchmark |   800p.csv: 10000 rows, cols=['SMILES', 'ACTIVITY']
2026-04-03 14:39:26 | INFO  | phase_ext_benchmark |   805p.csv: 10000 rows, cols=['SMILES', 'ACTIVITY']
2026-04-03 14:39:26 | INFO  | phase_ext_benchmark |   174p.csv: 10000 rows, cols=['SMILES', 'ACTIVITY']
2026-04-03 14:39:26 | INFO  | phase_ext_benchmark |   479p.csv: 10000 rows, cols=['SMILES', 'ACTIVITY']
2026-04-03 14:39:26 | INFO  | phase_ext_benchmark |   1016p.csv: 10000 rows, cols=['SMILES', 'ACTIVITY']
2026-04-03 14:39:26 | INFO  | phase_ext_benchmark |   642p.csv: 10000 rows, cols=['SMILES', 'ACTIVITY']
2026-04-03 14:39:26 | INFO  | phase_ext_benchmark |   520p.csv: 10000 rows, cols=['SMILES', 'ACTIVITY']
2026-04-03 14:39:26 | INFO  | phase_ext_benchmark |   283p.csv: 10000 rows, cols=['SMILES', 'ACTIVITY']
2026-04-03 14:39:26 | INFO  | phase_ext_benchmark |   535p.csv: 10000 rows, cols=['SMILES', 'ACTIVITY']
2026-04-03 14:39:26 | INFO  | phase_ext_benchmark |   460p.csv: 10000 rows, cols=['SMILES', 'ACTIVITY']
2026-04-03 14:39:26 | INFO  | phase_ext_benchmark |   899p.csv: 10000 rows, cols=['SMILES', 'ACTIVITY']
2026-04-03 14:39:26 | INFO  | phase_ext_benchmark |   662p.csv: 10000 rows, cols=['SMILES', 'ACTIVITY']
2026-04-03 14:39:26 | INFO  | phase_ext_benchmark |   366p.csv: 10000 rows, cols=['SMILES', 'ACTIVITY']
2026-04-03 14:39:26 | INFO  | phase_ext_benchmark |   705p.csv: 10000 rows, cols=['SMILES', 'ACTIVITY']
2026-04-03 14:39:26 | INFO  | phase_ext_benchmark |   711p.csv: 10000 rows, cols=['SMILES', 'ACTIVITY']
2026-04-03 14:39:26 | INFO  | phase_ext_benchmark |   865p.csv: 10000 rows, cols=['SMILES', 'ACTIVITY']
2026-04-03 14:39:26 | INFO  | phase_ext_benchmark |   99p.csv: 10000 rows, cols=['SMILES', 'ACTIVITY']
2026-04-03 14:39:26 | INFO  | phase_ext_benchmark |   140p.csv: 10000 rows, cols=['SMILES', 'ACTIVITY']
2026-04-03 14:39:26 | INFO  | phase_ext_benchmark |   994p.csv: 10000 rows, cols=['SMILES', 'ACTIVITY']
2026-04-03 14:39:26 | INFO  | phase_ext_benchmark |   863p.csv: 10000 rows, cols=['SMILES', 'ACTIVITY']
2026-04-03 14:39:26 | INFO  | phase_ext_benchmark |   42p.csv: 10000 rows, cols=['SMILES', 'ACTIVITY']
2026-04-03 14:39:26 | INFO  | phase_ext_benchmark |   224p.csv: 10000 rows, cols=['SMILES', 'ACTIVITY']
2026-04-03 14:39:26 | INFO  | phase_ext_benchmark |   894p.csv: 10000 rows, cols=['SMILES', 'ACTIVITY']
2026-04-03 14:39:26 | INFO  | phase_ext_benchmark |   1107p.csv: 10000 rows, cols=['SMILES', 'ACTIVITY']
2026-04-03 14:39:26 | INFO  | phase_ext_benchmark |   601p.csv: 10000 rows, cols=['SMILES', 'ACTIVITY']
2026-04-03 14:39:26 | INFO  | phase_ext_benchmark |   20p.csv: 10000 rows, cols=['SMILES', 'ACTIVITY']
2026-04-03 14:39:26 | INFO  | phase_ext_benchmark |   255p.csv: 10000 rows, cols=['SMILES', 'ACTIVITY']
2026-04-03 14:39:26 | INFO  | phase_ext_benchmark |   204p.csv: 10000 rows, cols=['SMILES', 'ACTIVITY']
2026-04-03 14:39:26 | INFO  | phase_ext_benchmark |   1036p.csv: 10000 rows, cols=['SMILES', 'ACTIVITY']
2026-04-03 14:39:26 | INFO  | phase_ext_benchmark |   133p.csv: 10000 rows, cols=['SMILES', 'ACTIVITY']
2026-04-03 14:39:26 | INFO  | phase_ext_benchmark |   696p.csv: 10000 rows, cols=['SMILES', 'ACTIVITY']
2026-04-03 14:39:26 | INFO  | phase_ext_benchmark |   69p.csv: 10000 rows, cols=['SMILES', 'ACTIVITY']
2026-04-03 14:39:26 | INFO  | phase_ext_benchmark |   524p.csv: 10000 rows, cols=['SMILES', 'ACTIVITY']
2026-04-03 14:39:26 | INFO  | phase_ext_benchmark |   984p.csv: 10000 rows, cols=['SMILES', 'ACTIVITY']
2026-04-03 14:39:26 | INFO  | phase_ext_benchmark |   845p.csv: 10000 rows, cols=['SMILES', 'ACTIVITY']
2026-04-03 14:39:26 | INFO  | phase_ext_benchmark |   339p.csv: 10000 rows, cols=['SMILES', 'ACTIVITY']
2026-04-03 14:39:26 | INFO  | phase_ext_benchmark |   618p.csv: 10000 rows, cols=['SMILES', 'ACTIVITY']
2026-04-03 14:39:26 | INFO  | phase_ext_benchmark |   137p.csv: 10000 rows, cols=['SMILES', 'ACTIVITY']
2026-04-03 14:39:26 | INFO  | phase_ext_benchmark |   830p.csv: 10000 rows, cols=['SMILES', 'ACTIVITY']
2026-04-03 14:39:26 | INFO  | phase_ext_benchmark |   727p.csv: 10000 rows, cols=['SMILES', 'ACTIVITY']
2026-04-03 14:39:26 | INFO  | phase_ext_benchmark |   543p.csv: 10000 rows, cols=['SMILES', 'ACTIVITY']
2026-04-03 14:39:26 | INFO  | phase_ext_benchmark |   710p.csv: 10000 rows, cols=['SMILES', 'ACTIVITY']
2026-04-03 14:39:26 | INFO  | phase_ext_benchmark |   437p.csv: 10000 rows, cols=['SMILES', 'ACTIVITY']
2026-04-03 14:39:26 | INFO  | phase_ext_benchmark |   149p.csv: 10000 rows, cols=['SMILES', 'ACTIVITY']
2026-04-03 14:39:26 | INFO  | phase_ext_benchmark |   148p.csv: 10000 rows, cols=['SMILES', 'ACTIVITY']
2026-04-03 14:39:26 | INFO  | phase_ext_benchmark |   262p.csv: 10000 rows, cols=['SMILES', 'ACTIVITY']
2026-04-03 14:39:26 | INFO  | phase_ext_benchmark |   482p.csv: 10000 rows, cols=['SMILES', 'ACTIVITY']
2026-04-03 14:39:26 | INFO  | phase_ext_benchmark |   893p.csv: 10000 rows, cols=['SMILES', 'ACTIVITY']
2026-04-03 14:39:26 | INFO  | phase_ext_benchmark |   573p.csv: 10000 rows, cols=['SMILES', 'ACTIVITY']
2026-04-03 14:39:26 | INFO  | phase_ext_benchmark |   447p.csv: 10000 rows, cols=['SMILES', 'ACTIVITY']
2026-04-03 14:39:26 | INFO  | phase_ext_benchmark |   132p.csv: 10000 rows, cols=['SMILES', 'ACTIVITY']
2026-04-03 14:39:26 | INFO  | phase_ext_benchmark |   496p.csv: 10000 rows, cols=['SMILES', 'ACTIVITY']
2026-04-03 14:39:26 | INFO  | phase_ext_benchmark |   243p.csv: 10000 rows, cols=['SMILES', 'ACTIVITY']
2026-04-03 14:39:26 | INFO  | phase_ext_benchmark |   725p.csv: 10000 rows, cols=['SMILES', 'ACTIVITY']
2026-04-03 14:39:26 | INFO  | phase_ext_benchmark |   230p.csv: 10000 rows, cols=['SMILES', 'ACTIVITY']
2026-04-03 14:39:26 | INFO  | phase_ext_benchmark |   961p.csv: 10000 rows, cols=['SMILES', 'ACTIVITY']
2026-04-03 14:39:26 | INFO  | phase_ext_benchmark |   252p.csv: 10000 rows, cols=['SMILES', 'ACTIVITY']
2026-04-03 14:39:26 | INFO  | phase_ext_benchmark |   678p.csv: 10000 rows, cols=['SMILES', 'ACTIVITY']
2026-04-03 14:39:26 | INFO  | phase_ext_benchmark |   349p.csv: 10000 rows, cols=['SMILES', 'ACTIVITY']
2026-04-03 14:39:26 | INFO  | phase_ext_benchmark |   841p.csv: 10000 rows, cols=['SMILES', 'ACTIVITY']
2026-04-03 14:39:26 | INFO  | phase_ext_benchmark |   440p.csv: 10000 rows, cols=['SMILES', 'ACTIVITY']
2026-04-03 14:39:26 | INFO  | phase_ext_benchmark |   396p.csv: 10000 rows, cols=['SMILES', 'ACTIVITY']
2026-04-03 14:39:26 | INFO  | phase_ext_benchmark |   470p.csv: 10000 rows, cols=['SMILES', 'ACTIVITY']
2026-04-03 14:39:26 | INFO  | phase_ext_benchmark |   84p.csv: 10000 rows, cols=['SMILES', 'ACTIVITY']
2026-04-03 14:39:26 | INFO  | phase_ext_benchmark |   195p.csv: 10000 rows, cols=['SMILES', 'ACTIVITY']
2026-04-03 14:39:26 | INFO  | phase_ext_benchmark |   947p.csv: 10000 rows, cols=['SMILES', 'ACTIVITY']
2026-04-03 14:39:26 | INFO  | phase_ext_benchmark |   1100p.csv: 10000 rows, cols=['SMILES', 'ACTIVITY']
2026-04-03 14:39:26 | INFO  | phase_ext_benchmark |   1009p.csv: 10000 rows, cols=['SMILES', 'ACTIVITY']
2026-04-03 14:39:26 | INFO  | phase_ext_benchmark |   226p.csv: 10000 rows, cols=['SMILES', 'ACTIVITY']
2026-04-03 14:39:26 | INFO  | phase_ext_benchmark |   518p.csv: 10000 rows, cols=['SMILES', 'ACTIVITY']
2026-04-03 14:39:26 | INFO  | phase_ext_benchmark |   581p.csv: 10000 rows, cols=['SMILES', 'ACTIVITY']
2026-04-03 14:39:26 | INFO  | phase_ext_benchmark |   481p.csv: 10000 rows, cols=['SMILES', 'ACTIVITY']
2026-04-03 14:39:26 | INFO  | phase_ext_benchmark |   328p.csv: 10000 rows, cols=['SMILES', 'ACTIVITY']
2026-04-03 14:39:26 | INFO  | phase_ext_benchmark |   843p.csv: 10000 rows, cols=['SMILES', 'ACTIVITY']
2026-04-03 14:39:26 | INFO  | phase_ext_benchmark |   892p.csv: 10000 rows, cols=['SMILES', 'ACTIVITY']
2026-04-03 14:39:26 | INFO  | phase_ext_benchmark |   422p.csv: 10000 rows, cols=['SMILES', 'ACTIVITY']
2026-04-03 14:39:26 | INFO  | phase_ext_benchmark |   225p.csv: 10000 rows, cols=['SMILES', 'ACTIVITY']
2026-04-03 14:39:26 | INFO  | phase_ext_benchmark |   988p.csv: 10000 rows, cols=['SMILES', 'ACTIVITY']
2026-04-03 14:39:26 | INFO  | phase_ext_benchmark |   50p.csv: 10000 rows, cols=['SMILES', 'ACTIVITY']
2026-04-03 14:39:26 | INFO  | phase_ext_benchmark |   477p.csv: 10000 rows, cols=['SMILES', 'ACTIVITY']
2026-04-03 14:39:26 | INFO  | phase_ext_benchmark |   165p.csv: 10000 rows, cols=['SMILES', 'ACTIVITY']
2026-04-03 14:39:26 | INFO  | phase_ext_benchmark |   478p.csv: 10000 rows, cols=['SMILES', 'ACTIVITY']
2026-04-03 14:39:26 | INFO  | phase_ext_benchmark |   399p.csv: 10000 rows, cols=['SMILES', 'ACTIVITY']
2026-04-03 14:39:26 | INFO  | phase_ext_benchmark |   571p.csv: 10000 rows, cols=['SMILES', 'ACTIVITY']
2026-04-03 14:39:26 | INFO  | phase_ext_benchmark |   592p.csv: 10000 rows, cols=['SMILES', 'ACTIVITY']
2026-04-03 14:39:26 | INFO  | phase_ext_benchmark |   1080p.csv: 10000 rows, cols=['SMILES', 'ACTIVITY']
2026-04-03 14:39:26 | INFO  | phase_ext_benchmark |   1014p.csv: 10000 rows, cols=['SMILES', 'ACTIVITY']
2026-04-03 14:39:27 | INFO  | phase_ext_benchmark |   1116p.csv: 10000 rows, cols=['SMILES', 'ACTIVITY']
2026-04-03 14:39:27 | INFO  | phase_ext_benchmark |   19p.csv: 10000 rows, cols=['SMILES', 'ACTIVITY']
2026-04-03 14:39:27 | INFO  | phase_ext_benchmark |   608p.csv: 10000 rows, cols=['SMILES', 'ACTIVITY']
2026-04-03 14:39:27 | INFO  | phase_ext_benchmark |   81p.csv: 10000 rows, cols=['SMILES', 'ACTIVITY']
2026-04-03 14:39:27 | INFO  | phase_ext_benchmark |   38p.csv: 10000 rows, cols=['SMILES', 'ACTIVITY']
2026-04-03 14:39:27 | INFO  | phase_ext_benchmark |   1029p.csv: 10000 rows, cols=['SMILES', 'ACTIVITY']
2026-04-03 14:39:27 | INFO  | phase_ext_benchmark |   409p.csv: 10000 rows, cols=['SMILES', 'ACTIVITY']
2026-04-03 14:39:27 | INFO  | phase_ext_benchmark |   443p.csv: 10000 rows, cols=['SMILES', 'ACTIVITY']
2026-04-03 14:39:27 | INFO  | phase_ext_benchmark |   375p.csv: 10000 rows, cols=['SMILES', 'ACTIVITY']
2026-04-03 14:39:27 | INFO  | phase_ext_benchmark |   794p.csv: 10000 rows, cols=['SMILES', 'ACTIVITY']
2026-04-03 14:39:27 | INFO  | phase_ext_benchmark |   1114p.csv: 10000 rows, cols=['SMILES', 'ACTIVITY']
2026-04-03 14:39:27 | INFO  | phase_ext_benchmark |   26p.csv: 10000 rows, cols=['SMILES', 'ACTIVITY']
2026-04-03 14:39:27 | INFO  | phase_ext_benchmark |   985p.csv: 10000 rows, cols=['SMILES', 'ACTIVITY']
2026-04-03 14:39:27 | INFO  | phase_ext_benchmark |   241p.csv: 10000 rows, cols=['SMILES', 'ACTIVITY']
2026-04-03 14:39:27 | INFO  | phase_ext_benchmark |   698p.csv: 10000 rows, cols=['SMILES', 'ACTIVITY']
2026-04-03 14:39:27 | INFO  | phase_ext_benchmark |   1041p.csv: 10000 rows, cols=['SMILES', 'ACTIVITY']
2026-04-03 14:39:27 | INFO  | phase_ext_benchmark |   147p.csv: 10000 rows, cols=['SMILES', 'ACTIVITY']
2026-04-03 14:39:27 | INFO  | phase_ext_benchmark |   587p.csv: 10000 rows, cols=['SMILES', 'ACTIVITY']
2026-04-03 14:39:27 | INFO  | phase_ext_benchmark |   1074p.csv: 10000 rows, cols=['SMILES', 'ACTIVITY']
2026-04-03 14:39:27 | INFO  | phase_ext_benchmark |   993p.csv: 10000 rows, cols=['SMILES', 'ACTIVITY']
2026-04-03 14:39:27 | INFO  | phase_ext_benchmark |   503p.csv: 10000 rows, cols=['SMILES', 'ACTIVITY']
2026-04-03 14:39:27 | INFO  | phase_ext_benchmark |   1054p.csv: 10000 rows, cols=['SMILES', 'ACTIVITY']
2026-04-03 14:39:27 | INFO  | phase_ext_benchmark |   43p.csv: 10000 rows, cols=['SMILES', 'ACTIVITY']
2026-04-03 14:39:27 | INFO  | phase_ext_benchmark |   1058p.csv: 10000 rows, cols=['SMILES', 'ACTIVITY']
2026-04-03 14:39:27 | INFO  | phase_ext_benchmark |   531p.csv: 10000 rows, cols=['SMILES', 'ACTIVITY']
2026-04-03 14:39:27 | INFO  | phase_ext_benchmark |   972p.csv: 10000 rows, cols=['SMILES', 'ACTIVITY']
2026-04-03 14:39:27 | INFO  | phase_ext_benchmark |   569p.csv: 10000 rows, cols=['SMILES', 'ACTIVITY']
2026-04-03 14:39:27 | INFO  | phase_ext_benchmark |   607p.csv: 10000 rows, cols=['SMILES', 'ACTIVITY']
2026-04-03 14:39:27 | INFO  | phase_ext_benchmark |   1070p.csv: 10000 rows, cols=['SMILES', 'ACTIVITY']
2026-04-03 14:39:27 | INFO  | phase_ext_benchmark |   692p.csv: 10000 rows, cols=['SMILES', 'ACTIVITY']
2026-04-03 14:39:27 | INFO  | phase_ext_benchmark |   1078p.csv: 10000 rows, cols=['SMILES', 'ACTIVITY']
2026-04-03 14:39:27 | INFO  | phase_ext_benchmark |   469p.csv: 10000 rows, cols=['SMILES', 'ACTIVITY']
2026-04-03 14:39:27 | INFO  | phase_ext_benchmark |   197p.csv: 10000 rows, cols=['SMILES', 'ACTIVITY']
2026-04-03 14:39:27 | INFO  | phase_ext_benchmark |   386p.csv: 10000 rows, cols=['SMILES', 'ACTIVITY']
2026-04-03 14:39:27 | INFO  | phase_ext_benchmark |   446p.csv: 10000 rows, cols=['SMILES', 'ACTIVITY']
2026-04-03 14:39:27 | INFO  | phase_ext_benchmark |   1033p.csv: 10000 rows, cols=['SMILES', 'ACTIVITY']
2026-04-03 14:39:27 | INFO  | phase_ext_benchmark |   256p.csv: 10000 rows, cols=['SMILES', 'ACTIVITY']
2026-04-03 14:39:27 | INFO  | phase_ext_benchmark |   835p.csv: 10000 rows, cols=['SMILES', 'ACTIVITY']
2026-04-03 14:39:27 | INFO  | phase_ext_benchmark |   627p.csv: 10000 rows, cols=['SMILES', 'ACTIVITY']
2026-04-03 14:39:27 | INFO  | phase_ext_benchmark |   879p.csv: 10000 rows, cols=['SMILES', 'ACTIVITY']
2026-04-03 14:39:27 | INFO  | phase_ext_benchmark |   772p.csv: 10000 rows, cols=['SMILES', 'ACTIVITY']
2026-04-03 14:39:27 | INFO  | phase_ext_benchmark |   329p.csv: 10000 rows, cols=['SMILES', 'ACTIVITY']
2026-04-03 14:39:27 | INFO  | phase_ext_benchmark |   932p.csv: 10000 rows, cols=['SMILES', 'ACTIVITY']
2026-04-03 14:39:27 | INFO  | phase_ext_benchmark |   938p.csv: 10000 rows, cols=['SMILES', 'ACTIVITY']
2026-04-03 14:39:27 | INFO  | phase_ext_benchmark |   876p.csv: 10000 rows, cols=['SMILES', 'ACTIVITY']
2026-04-03 14:39:27 | INFO  | phase_ext_benchmark |   190p.csv: 10000 rows, cols=['SMILES', 'ACTIVITY']
2026-04-03 14:39:27 | INFO  | phase_ext_benchmark |   161p.csv: 10000 rows, cols=['SMILES', 'ACTIVITY']
2026-04-03 14:39:27 | INFO  | phase_ext_benchmark |   11p.csv: 10000 rows, cols=['SMILES', 'ACTIVITY']
2026-04-03 14:39:27 | INFO  | phase_ext_benchmark |   704p.csv: 10000 rows, cols=['SMILES', 'ACTIVITY']
2026-04-03 14:39:27 | INFO  | phase_ext_benchmark |   17p.csv: 10000 rows, cols=['SMILES', 'ACTIVITY']
2026-04-03 14:39:27 | INFO  | phase_ext_benchmark |   80p.csv: 10000 rows, cols=['SMILES', 'ACTIVITY']
2026-04-03 14:39:27 | INFO  | phase_ext_benchmark |   922p.csv: 10000 rows, cols=['SMILES', 'ACTIVITY']
2026-04-03 14:39:27 | INFO  | phase_ext_benchmark |   958p.csv: 10000 rows, cols=['SMILES', 'ACTIVITY']
2026-04-03 14:39:27 | INFO  | phase_ext_benchmark |   493p.csv: 10000 rows, cols=['SMILES', 'ACTIVITY']
2026-04-03 14:39:27 | INFO  | phase_ext_benchmark |   733p.csv: 10000 rows, cols=['SMILES', 'ACTIVITY']
2026-04-03 14:39:27 | INFO  | phase_ext_benchmark |   757p.csv: 10000 rows, cols=['SMILES', 'ACTIVITY']
2026-04-03 14:39:27 | INFO  | phase_ext_benchmark |   358p.csv: 10000 rows, cols=['SMILES', 'ACTIVITY']
2026-04-03 14:39:27 | INFO  | phase_ext_benchmark |   1113p.csv: 10000 rows, cols=['SMILES', 'ACTIVITY']
2026-04-03 14:39:27 | INFO  | phase_ext_benchmark |   577p.csv: 10000 rows, cols=['SMILES', 'ACTIVITY']
2026-04-03 14:39:27 | INFO  | phase_ext_benchmark |   60p.csv: 10000 rows, cols=['SMILES', 'ACTIVITY']
2026-04-03 14:39:27 | INFO  | phase_ext_benchmark |   760p.csv: 10000 rows, cols=['SMILES', 'ACTIVITY']
2026-04-03 14:39:27 | INFO  | phase_ext_benchmark |   979p.csv: 10000 rows, cols=['SMILES', 'ACTIVITY']
2026-04-03 14:39:27 | INFO  | phase_ext_benchmark |   934p.csv: 10000 rows, cols=['SMILES', 'ACTIVITY']
2026-04-03 14:39:27 | INFO  | phase_ext_benchmark |   620p.csv: 10000 rows, cols=['SMILES', 'ACTIVITY']
2026-04-03 14:39:27 | INFO  | phase_ext_benchmark |   2p.csv: 10000 rows, cols=['SMILES', 'ACTIVITY']
2026-04-03 14:39:27 | INFO  | phase_ext_benchmark |   427p.csv: 10000 rows, cols=['SMILES', 'ACTIVITY']
2026-04-03 14:39:27 | INFO  | phase_ext_benchmark |   949p.csv: 10000 rows, cols=['SMILES', 'ACTIVITY']
2026-04-03 14:39:27 | INFO  | phase_ext_benchmark |   527p.csv: 10000 rows, cols=['SMILES', 'ACTIVITY']
2026-04-03 14:39:27 | INFO  | phase_ext_benchmark |   1092p.csv: 10000 rows, cols=['SMILES', 'ACTIVITY']
2026-04-03 14:39:27 | INFO  | phase_ext_benchmark |   808p.csv: 10000 rows, cols=['SMILES', 'ACTIVITY']
2026-04-03 14:39:27 | INFO  | phase_ext_benchmark |   77p.csv: 10000 rows, cols=['SMILES', 'ACTIVITY']
2026-04-03 14:39:27 | INFO  | phase_ext_benchmark |   670p.csv: 10000 rows, cols=['SMILES', 'ACTIVITY']
2026-04-03 14:39:27 | INFO  | phase_ext_benchmark |   203p.csv: 10000 rows, cols=['SMILES', 'ACTIVITY']
2026-04-03 14:39:27 | INFO  | phase_ext_benchmark |   357p.csv: 10000 rows, cols=['SMILES', 'ACTIVITY']
2026-04-03 14:39:27 | INFO  | phase_ext_benchmark |   76p.csv: 10000 rows, cols=['SMILES', 'ACTIVITY']
2026-04-03 14:39:27 | INFO  | phase_ext_benchmark |   758p.csv: 10000 rows, cols=['SMILES', 'ACTIVITY']
2026-04-03 14:39:27 | INFO  | phase_ext_benchmark |   322p.csv: 10000 rows, cols=['SMILES', 'ACTIVITY']
2026-04-03 14:39:27 | INFO  | phase_ext_benchmark |   494p.csv: 10000 rows, cols=['SMILES', 'ACTIVITY']
2026-04-03 14:39:27 | INFO  | phase_ext_benchmark |   563p.csv: 10000 rows, cols=['SMILES', 'ACTIVITY']
2026-04-03 14:39:27 | INFO  | phase_ext_benchmark |   963p.csv: 10000 rows, cols=['SMILES', 'ACTIVITY']
2026-04-03 14:39:27 | INFO  | phase_ext_benchmark |   991p.csv: 10000 rows, cols=['SMILES', 'ACTIVITY']
2026-04-03 14:39:27 | INFO  | phase_ext_benchmark |   100p.csv: 10000 rows, cols=['SMILES', 'ACTIVITY']
2026-04-03 14:39:27 | INFO  | phase_ext_benchmark |   62p.csv: 10000 rows, cols=['SMILES', 'ACTIVITY']
2026-04-03 14:39:27 | INFO  | phase_ext_benchmark |   308p.csv: 10000 rows, cols=['SMILES', 'ACTIVITY']
2026-04-03 14:39:27 | INFO  | phase_ext_benchmark |   325p.csv: 10000 rows, cols=['SMILES', 'ACTIVITY']
2026-04-03 14:39:27 | INFO  | phase_ext_benchmark |   815p.csv: 10000 rows, cols=['SMILES', 'ACTIVITY']
2026-04-03 14:39:27 | INFO  | phase_ext_benchmark |   160p.csv: 10000 rows, cols=['SMILES', 'ACTIVITY']
2026-04-03 14:39:27 | INFO  | phase_ext_benchmark |   21p.csv: 10000 rows, cols=['SMILES', 'ACTIVITY']
2026-04-03 14:39:27 | INFO  | phase_ext_benchmark |   1094p.csv: 10000 rows, cols=['SMILES', 'ACTIVITY']
2026-04-03 14:39:27 | INFO  | phase_ext_benchmark |   288p.csv: 10000 rows, cols=['SMILES', 'ACTIVITY']
2026-04-03 14:39:27 | INFO  | phase_ext_benchmark |   774p.csv: 10000 rows, cols=['SMILES', 'ACTIVITY']
2026-04-03 14:39:27 | INFO  | phase_ext_benchmark |   1027p.csv: 10000 rows, cols=['SMILES', 'ACTIVITY']
2026-04-03 14:39:27 | INFO  | phase_ext_benchmark |   945p.csv: 10000 rows, cols=['SMILES', 'ACTIVITY']
2026-04-03 14:39:27 | INFO  | phase_ext_benchmark |   231p.csv: 10000 rows, cols=['SMILES', 'ACTIVITY']
2026-04-03 14:39:27 | INFO  | phase_ext_benchmark |   574p.csv: 10000 rows, cols=['SMILES', 'ACTIVITY']
2026-04-03 14:39:27 | INFO  | phase_ext_benchmark |   770p.csv: 10000 rows, cols=['SMILES', 'ACTIVITY']
2026-04-03 14:39:27 | INFO  | phase_ext_benchmark |   232p.csv: 10000 rows, cols=['SMILES', 'ACTIVITY']
2026-04-03 14:39:27 | INFO  | phase_ext_benchmark |   995p.csv: 10000 rows, cols=['SMILES', 'ACTIVITY']
2026-04-03 14:39:27 | INFO  | phase_ext_benchmark |   552p.csv: 10000 rows, cols=['SMILES', 'ACTIVITY']
2026-04-03 14:39:27 | INFO  | phase_ext_benchmark |   380p.csv: 10000 rows, cols=['SMILES', 'ACTIVITY']
2026-04-03 14:39:27 | INFO  | phase_ext_benchmark |   554p.csv: 10000 rows, cols=['SMILES', 'ACTIVITY']
2026-04-03 14:39:27 | INFO  | phase_ext_benchmark |   516p.csv: 10000 rows, cols=['SMILES', 'ACTIVITY']
2026-04-03 14:39:27 | INFO  | phase_ext_benchmark |   510p.csv: 10000 rows, cols=['SMILES', 'ACTIVITY']
2026-04-03 14:39:27 | INFO  | phase_ext_benchmark |   385p.csv: 10000 rows, cols=['SMILES', 'ACTIVITY']
2026-04-03 14:39:27 | INFO  | phase_ext_benchmark |   603p.csv: 10000 rows, cols=['SMILES', 'ACTIVITY']
2026-04-03 14:39:27 | INFO  | phase_ext_benchmark |   402p.csv: 10000 rows, cols=['SMILES', 'ACTIVITY']
2026-04-03 14:39:27 | INFO  | phase_ext_benchmark |   253p.csv: 10000 rows, cols=['SMILES', 'ACTIVITY']
2026-04-03 14:39:27 | INFO  | phase_ext_benchmark |   473p.csv: 10000 rows, cols=['SMILES', 'ACTIVITY']
2026-04-03 14:39:28 | INFO  | phase_ext_benchmark |   417p.csv: 10000 rows, cols=['SMILES', 'ACTIVITY']
2026-04-03 14:39:28 | INFO  | phase_ext_benchmark |   48p.csv: 10000 rows, cols=['SMILES', 'ACTIVITY']
2026-04-03 14:39:28 | INFO  | phase_ext_benchmark |   111p.csv: 10000 rows, cols=['SMILES', 'ACTIVITY']
2026-04-03 14:39:28 | INFO  | phase_ext_benchmark |   266p.csv: 10000 rows, cols=['SMILES', 'ACTIVITY']
2026-04-03 14:39:28 | INFO  | phase_ext_benchmark |   258p.csv: 10000 rows, cols=['SMILES', 'ACTIVITY']
2026-04-03 14:39:28 | INFO  | phase_ext_benchmark |   578p.csv: 10000 rows, cols=['SMILES', 'ACTIVITY']
2026-04-03 14:39:28 | INFO  | phase_ext_benchmark |   67p.csv: 10000 rows, cols=['SMILES', 'ACTIVITY']
2026-04-03 14:39:28 | INFO  | phase_ext_benchmark |   291p.csv: 10000 rows, cols=['SMILES', 'ACTIVITY']
2026-04-03 14:39:28 | INFO  | phase_ext_benchmark |   878p.csv: 10000 rows, cols=['SMILES', 'ACTIVITY']
2026-04-03 14:39:28 | INFO  | phase_ext_benchmark |   1082p.csv: 10000 rows, cols=['SMILES', 'ACTIVITY']
2026-04-03 14:39:28 | INFO  | phase_ext_benchmark |   216p.csv: 10000 rows, cols=['SMILES', 'ACTIVITY']
2026-04-03 14:39:28 | INFO  | phase_ext_benchmark |   289p.csv: 10000 rows, cols=['SMILES', 'ACTIVITY']
2026-04-03 14:39:28 | INFO  | phase_ext_benchmark |   886p.csv: 10000 rows, cols=['SMILES', 'ACTIVITY']
2026-04-03 14:39:28 | INFO  | phase_ext_benchmark |   182p.csv: 10000 rows, cols=['SMILES', 'ACTIVITY']
2026-04-03 14:39:28 | INFO  | phase_ext_benchmark |   362p.csv: 10000 rows, cols=['SMILES', 'ACTIVITY']
2026-04-03 14:39:28 | INFO  | phase_ext_benchmark |   1003p.csv: 10000 rows, cols=['SMILES', 'ACTIVITY']
2026-04-03 14:39:28 | INFO  | phase_ext_benchmark |   261p.csv: 10000 rows, cols=['SMILES', 'ACTIVITY']
2026-04-03 14:39:28 | INFO  | phase_ext_benchmark |   706p.csv: 10000 rows, cols=['SMILES', 'ACTIVITY']
2026-04-03 14:39:28 | INFO  | phase_ext_benchmark |   128p.csv: 10000 rows, cols=['SMILES', 'ACTIVITY']
2026-04-03 14:39:28 | INFO  | phase_ext_benchmark |   260p.csv: 10000 rows, cols=['SMILES', 'ACTIVITY']
2026-04-03 14:39:28 | INFO  | phase_ext_benchmark |   168p.csv: 10000 rows, cols=['SMILES', 'ACTIVITY']
2026-04-03 14:39:28 | INFO  | phase_ext_benchmark |   294p.csv: 10000 rows, cols=['SMILES', 'ACTIVITY']
2026-04-03 14:39:28 | INFO  | phase_ext_benchmark |   1120p.csv: 10000 rows, cols=['SMILES', 'ACTIVITY']
2026-04-03 14:39:28 | INFO  | phase_ext_benchmark |   866p.csv: 10000 rows, cols=['SMILES', 'ACTIVITY']
2026-04-03 14:39:28 | INFO  | phase_ext_benchmark |   941p.csv: 10000 rows, cols=['SMILES', 'ACTIVITY']
2026-04-03 14:39:28 | INFO  | phase_ext_benchmark |   373p.csv: 10000 rows, cols=['SMILES', 'ACTIVITY']
2026-04-03 14:39:28 | INFO  | phase_ext_benchmark |   634p.csv: 10000 rows, cols=['SMILES', 'ACTIVITY']
2026-04-03 14:39:28 | INFO  | phase_ext_benchmark |   205p.csv: 10000 rows, cols=['SMILES', 'ACTIVITY']
2026-04-03 14:39:28 | INFO  | phase_ext_benchmark |   751p.csv: 10000 rows, cols=['SMILES', 'ACTIVITY']
2026-04-03 14:39:28 | INFO  | phase_ext_benchmark |   1067p.csv: 10000 rows, cols=['SMILES', 'ACTIVITY']
2026-04-03 14:39:28 | INFO  | phase_ext_benchmark |   92p.csv: 10000 rows, cols=['SMILES', 'ACTIVITY']
2026-04-03 14:39:28 | INFO  | phase_ext_benchmark |   305p.csv: 10000 rows, cols=['SMILES', 'ACTIVITY']
2026-04-03 14:39:28 | INFO  | phase_ext_benchmark |   809p.csv: 10000 rows, cols=['SMILES', 'ACTIVITY']
2026-04-03 14:39:28 | INFO  | phase_ext_benchmark |   170p.csv: 10000 rows, cols=['SMILES', 'ACTIVITY']
2026-04-03 14:39:28 | INFO  | phase_ext_benchmark |   987p.csv: 10000 rows, cols=['SMILES', 'ACTIVITY']
2026-04-03 14:39:28 | INFO  | phase_ext_benchmark |   250p.csv: 10000 rows, cols=['SMILES', 'ACTIVITY']
2026-04-03 14:39:28 | INFO  | phase_ext_benchmark |   441p.csv: 10000 rows, cols=['SMILES', 'ACTIVITY']
2026-04-03 14:39:28 | INFO  | phase_ext_benchmark |   234p.csv: 10000 rows, cols=['SMILES', 'ACTIVITY']
2026-04-03 14:39:28 | INFO  | phase_ext_benchmark |   974p.csv: 10000 rows, cols=['SMILES', 'ACTIVITY']
2026-04-03 14:39:28 | INFO  | phase_ext_benchmark |   885p.csv: 10000 rows, cols=['SMILES', 'ACTIVITY']
2026-04-03 14:39:28 | INFO  | phase_ext_benchmark |   93p.csv: 10000 rows, cols=['SMILES', 'ACTIVITY']
2026-04-03 14:39:28 | INFO  | phase_ext_benchmark |   1063p.csv: 10000 rows, cols=['SMILES', 'ACTIVITY']
2026-04-03 14:39:28 | INFO  | phase_ext_benchmark |   142p.csv: 10000 rows, cols=['SMILES', 'ACTIVITY']
2026-04-03 14:39:28 | INFO  | phase_ext_benchmark |   435p.csv: 10000 rows, cols=['SMILES', 'ACTIVITY']
2026-04-03 14:39:28 | INFO  | phase_ext_benchmark |   907p.csv: 10000 rows, cols=['SMILES', 'ACTIVITY']
2026-04-03 14:39:28 | INFO  | phase_ext_benchmark |   1050p.csv: 10000 rows, cols=['SMILES', 'ACTIVITY']
2026-04-03 14:39:28 | INFO  | phase_ext_benchmark |   839p.csv: 10000 rows, cols=['SMILES', 'ACTIVITY']
2026-04-03 14:39:28 | INFO  | phase_ext_benchmark |   94p.csv: 10000 rows, cols=['SMILES', 'ACTIVITY']
2026-04-03 14:39:28 | INFO  | phase_ext_benchmark |   565p.csv: 10000 rows, cols=['SMILES', 'ACTIVITY']
2026-04-03 14:39:28 | INFO  | phase_ext_benchmark |   8p.csv: 10000 rows, cols=['SMILES', 'ACTIVITY']
2026-04-03 14:39:28 | INFO  | phase_ext_benchmark |   218p.csv: 10000 rows, cols=['SMILES', 'ACTIVITY']
2026-04-03 14:39:28 | INFO  | phase_ext_benchmark |   908p.csv: 10000 rows, cols=['SMILES', 'ACTIVITY']
2026-04-03 14:39:28 | INFO  | phase_ext_benchmark |   389p.csv: 10000 rows, cols=['SMILES', 'ACTIVITY']
2026-04-03 14:39:28 | INFO  | phase_ext_benchmark |   575p.csv: 10000 rows, cols=['SMILES', 'ACTIVITY']
2026-04-03 14:39:28 | INFO  | phase_ext_benchmark |   341p.csv: 10000 rows, cols=['SMILES', 'ACTIVITY']
2026-04-03 14:39:28 | INFO  | phase_ext_benchmark |   1066p.csv: 10000 rows, cols=['SMILES', 'ACTIVITY']
2026-04-03 14:39:28 | INFO  | phase_ext_benchmark |   806p.csv: 10000 rows, cols=['SMILES', 'ACTIVITY']
2026-04-03 14:39:28 | INFO  | phase_ext_benchmark |   943p.csv: 10000 rows, cols=['SMILES', 'ACTIVITY']
2026-04-03 14:39:28 | INFO  | phase_ext_benchmark |   940p.csv: 10000 rows, cols=['SMILES', 'ACTIVITY']
2026-04-03 14:39:28 | INFO  | phase_ext_benchmark |   1020p.csv: 10000 rows, cols=['SMILES', 'ACTIVITY']
2026-04-03 14:39:28 | INFO  | phase_ext_benchmark |   720p.csv: 10000 rows, cols=['SMILES', 'ACTIVITY']
2026-04-03 14:39:28 | INFO  | phase_ext_benchmark |   464p.csv: 10000 rows, cols=['SMILES', 'ACTIVITY']
2026-04-03 14:39:28 | INFO  | phase_ext_benchmark |   736p.csv: 10000 rows, cols=['SMILES', 'ACTIVITY']
2026-04-03 14:39:28 | INFO  | phase_ext_benchmark |   420p.csv: 10000 rows, cols=['SMILES', 'ACTIVITY']
2026-04-03 14:39:28 | INFO  | phase_ext_benchmark |   364p.csv: 10000 rows, cols=['SMILES', 'ACTIVITY']
2026-04-03 14:39:28 | INFO  | phase_ext_benchmark |   180p.csv: 10000 rows, cols=['SMILES', 'ACTIVITY']
2026-04-03 14:39:28 | INFO  | phase_ext_benchmark |   968p.csv: 10000 rows, cols=['SMILES', 'ACTIVITY']
2026-04-03 14:39:28 | INFO  | phase_ext_benchmark |   316p.csv: 10000 rows, cols=['SMILES', 'ACTIVITY']
2026-04-03 14:39:28 | INFO  | phase_ext_benchmark |   1084p.csv: 10000 rows, cols=['SMILES', 'ACTIVITY']
2026-04-03 14:39:28 | INFO  | phase_ext_benchmark |   31p.csv: 10000 rows, cols=['SMILES', 'ACTIVITY']
2026-04-03 14:39:28 | INFO  | phase_ext_benchmark |   346p.csv: 10000 rows, cols=['SMILES', 'ACTIVITY']
2026-04-03 14:39:28 | INFO  | phase_ext_benchmark |   187p.csv: 10000 rows, cols=['SMILES', 'ACTIVITY']
2026-04-03 14:39:28 | INFO  | phase_ext_benchmark |   181p.csv: 10000 rows, cols=['SMILES', 'ACTIVITY']
2026-04-03 14:39:28 | INFO  | phase_ext_benchmark |   540p.csv: 10000 rows, cols=['SMILES', 'ACTIVITY']
2026-04-03 14:39:28 | INFO  | phase_ext_benchmark |   836p.csv: 10000 rows, cols=['SMILES', 'ACTIVITY']
2026-04-03 14:39:28 | INFO  | phase_ext_benchmark |   96p.csv: 10000 rows, cols=['SMILES', 'ACTIVITY']
2026-04-03 14:39:28 | INFO  | phase_ext_benchmark |   337p.csv: 10000 rows, cols=['SMILES', 'ACTIVITY']
2026-04-03 14:39:28 | INFO  | phase_ext_benchmark |   761p.csv: 10000 rows, cols=['SMILES', 'ACTIVITY']
2026-04-03 14:39:28 | INFO  | phase_ext_benchmark |   749p.csv: 10000 rows, cols=['SMILES', 'ACTIVITY']
2026-04-03 14:39:28 | INFO  | phase_ext_benchmark |   798p.csv: 10000 rows, cols=['SMILES', 'ACTIVITY']
2026-04-03 14:39:28 | INFO  | phase_ext_benchmark |   64p.csv: 10000 rows, cols=['SMILES', 'ACTIVITY']
2026-04-03 14:39:28 | INFO  | phase_ext_benchmark |   424p.csv: 10000 rows, cols=['SMILES', 'ACTIVITY']
2026-04-03 14:39:28 | INFO  | phase_ext_benchmark |   998p.csv: 10000 rows, cols=['SMILES', 'ACTIVITY']
2026-04-03 14:39:28 | INFO  | phase_ext_benchmark |   330p.csv: 10000 rows, cols=['SMILES', 'ACTIVITY']
2026-04-03 14:39:28 | INFO  | phase_ext_benchmark |   541p.csv: 10000 rows, cols=['SMILES', 'ACTIVITY']
2026-04-03 14:39:28 | INFO  | phase_ext_benchmark |   303p.csv: 10000 rows, cols=['SMILES', 'ACTIVITY']
2026-04-03 14:39:28 | INFO  | phase_ext_benchmark |   3p.csv: 10000 rows, cols=['SMILES', 'ACTIVITY']
2026-04-03 14:39:28 | INFO  | phase_ext_benchmark |   74p.csv: 10000 rows, cols=['SMILES', 'ACTIVITY']
2026-04-03 14:39:28 | INFO  | phase_ext_benchmark |   545p.csv: 10000 rows, cols=['SMILES', 'ACTIVITY']
2026-04-03 14:39:28 | INFO  | phase_ext_benchmark |   1026p.csv: 10000 rows, cols=['SMILES', 'ACTIVITY']
2026-04-03 14:39:28 | INFO  | phase_ext_benchmark |   680p.csv: 10000 rows, cols=['SMILES', 'ACTIVITY']
2026-04-03 14:39:28 | INFO  | phase_ext_benchmark |   1018p.csv: 10000 rows, cols=['SMILES', 'ACTIVITY']
2026-04-03 14:39:28 | INFO  | phase_ext_benchmark |   166p.csv: 10000 rows, cols=['SMILES', 'ACTIVITY']
2026-04-03 14:39:28 | INFO  | phase_ext_benchmark |   1028p.csv: 10000 rows, cols=['SMILES', 'ACTIVITY']
2026-04-03 14:39:28 | INFO  | phase_ext_benchmark |   1051p.csv: 10000 rows, cols=['SMILES', 'ACTIVITY']
2026-04-03 14:39:28 | INFO  | phase_ext_benchmark |   786p.csv: 10000 rows, cols=['SMILES', 'ACTIVITY']
2026-04-03 14:39:28 | INFO  | phase_ext_benchmark |   909p.csv: 10000 rows, cols=['SMILES', 'ACTIVITY']
2026-04-03 14:39:28 | INFO  | phase_ext_benchmark |   229p.csv: 10000 rows, cols=['SMILES', 'ACTIVITY']
2026-04-03 14:39:28 | INFO  | phase_ext_benchmark |   419p.csv: 10000 rows, cols=['SMILES', 'ACTIVITY']
2026-04-03 14:39:28 | INFO  | phase_ext_benchmark |   37p.csv: 10000 rows, cols=['SMILES', 'ACTIVITY']
2026-04-03 14:39:28 | INFO  | phase_ext_benchmark |   1061p.csv: 10000 rows, cols=['SMILES', 'ACTIVITY']
2026-04-03 14:39:28 | INFO  | phase_ext_benchmark |   49p.csv: 10000 rows, cols=['SMILES', 'ACTIVITY']
2026-04-03 14:39:28 | INFO  | phase_ext_benchmark |   585p.csv: 10000 rows, cols=['SMILES', 'ACTIVITY']
2026-04-03 14:39:28 | INFO  | phase_ext_benchmark |   101p.csv: 10000 rows, cols=['SMILES', 'ACTIVITY']
2026-04-03 14:39:28 | INFO  | phase_ext_benchmark |   519p.csv: 10000 rows, cols=['SMILES', 'ACTIVITY']
2026-04-03 14:39:28 | INFO  | phase_ext_benchmark |   210p.csv: 10000 rows, cols=['SMILES', 'ACTIVITY']
2026-04-03 14:39:28 | INFO  | phase_ext_benchmark |   609p.csv: 10000 rows, cols=['SMILES', 'ACTIVITY']
2026-04-03 14:39:28 | INFO  | phase_ext_benchmark |   383p.csv: 10000 rows, cols=['SMILES', 'ACTIVITY']
2026-04-03 14:39:29 | INFO  | phase_ext_benchmark |   895p.csv: 10000 rows, cols=['SMILES', 'ACTIVITY']
2026-04-03 14:39:29 | INFO  | phase_ext_benchmark |   456p.csv: 10000 rows, cols=['SMILES', 'ACTIVITY']
2026-04-03 14:39:29 | INFO  | phase_ext_benchmark |   810p.csv: 10000 rows, cols=['SMILES', 'ACTIVITY']
2026-04-03 14:39:29 | INFO  | phase_ext_benchmark |   429p.csv: 10000 rows, cols=['SMILES', 'ACTIVITY']
2026-04-03 14:39:29 | INFO  | phase_ext_benchmark |   703p.csv: 10000 rows, cols=['SMILES', 'ACTIVITY']
2026-04-03 14:39:29 | INFO  | phase_ext_benchmark |   58p.csv: 10000 rows, cols=['SMILES', 'ACTIVITY']
2026-04-03 14:39:29 | INFO  | phase_ext_benchmark |   352p.csv: 10000 rows, cols=['SMILES', 'ACTIVITY']
2026-04-03 14:39:29 | INFO  | phase_ext_benchmark |   344p.csv: 10000 rows, cols=['SMILES', 'ACTIVITY']
2026-04-03 14:39:29 | INFO  | phase_ext_benchmark |   66p.csv: 10000 rows, cols=['SMILES', 'ACTIVITY']
2026-04-03 14:39:29 | INFO  | phase_ext_benchmark |   29p.csv: 10000 rows, cols=['SMILES', 'ACTIVITY']
2026-04-03 14:39:29 | INFO  | phase_ext_benchmark |   821p.csv: 10000 rows, cols=['SMILES', 'ACTIVITY']
2026-04-03 14:39:29 | INFO  | phase_ext_benchmark |   955p.csv: 10000 rows, cols=['SMILES', 'ACTIVITY']
2026-04-03 14:39:29 | INFO  | phase_ext_benchmark |   209p.csv: 10000 rows, cols=['SMILES', 'ACTIVITY']
2026-04-03 14:39:29 | INFO  | phase_ext_benchmark |   791p.csv: 10000 rows, cols=['SMILES', 'ACTIVITY']
2026-04-03 14:39:29 | INFO  | phase_ext_benchmark |   1098p.csv: 10000 rows, cols=['SMILES', 'ACTIVITY']
2026-04-03 14:39:29 | INFO  | phase_ext_benchmark |   782p.csv: 10000 rows, cols=['SMILES', 'ACTIVITY']
2026-04-03 14:39:29 | INFO  | phase_ext_benchmark |   561p.csv: 10000 rows, cols=['SMILES', 'ACTIVITY']
2026-04-03 14:39:29 | INFO  | phase_ext_benchmark |   956p.csv: 10000 rows, cols=['SMILES', 'ACTIVITY']
2026-04-03 14:39:29 | INFO  | phase_ext_benchmark |   217p.csv: 10000 rows, cols=['SMILES', 'ACTIVITY']
2026-04-03 14:39:29 | INFO  | phase_ext_benchmark |   576p.csv: 10000 rows, cols=['SMILES', 'ACTIVITY']
2026-04-03 14:39:29 | INFO  | phase_ext_benchmark |   917p.csv: 10000 rows, cols=['SMILES', 'ACTIVITY']
2026-04-03 14:39:29 | INFO  | phase_ext_benchmark |   881p.csv: 10000 rows, cols=['SMILES', 'ACTIVITY']
2026-04-03 14:39:29 | INFO  | phase_ext_benchmark |   551p.csv: 10000 rows, cols=['SMILES', 'ACTIVITY']
2026-04-03 14:39:29 | INFO  | phase_ext_benchmark |   654p.csv: 10000 rows, cols=['SMILES', 'ACTIVITY']
2026-04-03 14:39:29 | INFO  | phase_ext_benchmark |   360p.csv: 10000 rows, cols=['SMILES', 'ACTIVITY']
2026-04-03 14:39:29 | INFO  | phase_ext_benchmark |   667p.csv: 10000 rows, cols=['SMILES', 'ACTIVITY']
2026-04-03 14:39:29 | INFO  | phase_ext_benchmark |   221p.csv: 10000 rows, cols=['SMILES', 'ACTIVITY']
2026-04-03 14:39:29 | INFO  | phase_ext_benchmark |   208p.csv: 10000 rows, cols=['SMILES', 'ACTIVITY']
2026-04-03 14:39:29 | INFO  | phase_ext_benchmark |   691p.csv: 10000 rows, cols=['SMILES', 'ACTIVITY']
2026-04-03 14:39:29 | INFO  | phase_ext_benchmark |   602p.csv: 10000 rows, cols=['SMILES', 'ACTIVITY']
2026-04-03 14:39:29 | INFO  | phase_ext_benchmark |   834p.csv: 10000 rows, cols=['SMILES', 'ACTIVITY']
2026-04-03 14:39:29 | INFO  | phase_ext_benchmark |   723p.csv: 10000 rows, cols=['SMILES', 'ACTIVITY']
2026-04-03 14:39:29 | INFO  | phase_ext_benchmark |   78p.csv: 10000 rows, cols=['SMILES', 'ACTIVITY']
2026-04-03 14:39:29 | INFO  | phase_ext_benchmark |   191p.csv: 10000 rows, cols=['SMILES', 'ACTIVITY']
2026-04-03 14:39:29 | INFO  | phase_ext_benchmark |   1081p.csv: 10000 rows, cols=['SMILES', 'ACTIVITY']
2026-04-03 14:39:29 | INFO  | phase_ext_benchmark |   754p.csv: 10000 rows, cols=['SMILES', 'ACTIVITY']
2026-04-03 14:39:29 | INFO  | phase_ext_benchmark |   652p.csv: 10000 rows, cols=['SMILES', 'ACTIVITY']
2026-04-03 14:39:29 | INFO  | phase_ext_benchmark |   712p.csv: 10000 rows, cols=['SMILES', 'ACTIVITY']
2026-04-03 14:39:29 | INFO  | phase_ext_benchmark |   549p.csv: 10000 rows, cols=['SMILES', 'ACTIVITY']
2026-04-03 14:39:29 | INFO  | phase_ext_benchmark |   597p.csv: 10000 rows, cols=['SMILES', 'ACTIVITY']
2026-04-03 14:39:29 | INFO  | phase_ext_benchmark |   867p.csv: 10000 rows, cols=['SMILES', 'ACTIVITY']
2026-04-03 14:39:29 | INFO  | phase_ext_benchmark |   143p.csv: 10000 rows, cols=['SMILES', 'ACTIVITY']
2026-04-03 14:39:29 | INFO  | phase_ext_benchmark |   719p.csv: 10000 rows, cols=['SMILES', 'ACTIVITY']
2026-04-03 14:39:29 | INFO  | phase_ext_benchmark |   653p.csv: 10000 rows, cols=['SMILES', 'ACTIVITY']
2026-04-03 14:39:29 | INFO  | phase_ext_benchmark |   392p.csv: 10000 rows, cols=['SMILES', 'ACTIVITY']
2026-04-03 14:39:29 | INFO  | phase_ext_benchmark |   426p.csv: 10000 rows, cols=['SMILES', 'ACTIVITY']
2026-04-03 14:39:29 | INFO  | phase_ext_benchmark |   767p.csv: 10000 rows, cols=['SMILES', 'ACTIVITY']
2026-04-03 14:39:29 | INFO  | phase_ext_benchmark |   732p.csv: 10000 rows, cols=['SMILES', 'ACTIVITY']
2026-04-03 14:39:29 | INFO  | phase_ext_benchmark |   643p.csv: 10000 rows, cols=['SMILES', 'ACTIVITY']
2026-04-03 14:39:29 | INFO  | phase_ext_benchmark |   175p.csv: 10000 rows, cols=['SMILES', 'ACTIVITY']
2026-04-03 14:39:29 | INFO  | phase_ext_benchmark |   919p.csv: 10000 rows, cols=['SMILES', 'ACTIVITY']
2026-04-03 14:39:29 | INFO  | phase_ext_benchmark |   331p.csv: 10000 rows, cols=['SMILES', 'ACTIVITY']
2026-04-03 14:39:29 | INFO  | phase_ext_benchmark |   911p.csv: 10000 rows, cols=['SMILES', 'ACTIVITY']
2026-04-03 14:39:29 | INFO  | phase_ext_benchmark |   418p.csv: 10000 rows, cols=['SMILES', 'ACTIVITY']
2026-04-03 14:39:29 | INFO  | phase_ext_benchmark |   833p.csv: 10000 rows, cols=['SMILES', 'ACTIVITY']
2026-04-03 14:39:29 | INFO  | phase_ext_benchmark |   1093p.csv: 10000 rows, cols=['SMILES', 'ACTIVITY']
2026-04-03 14:39:29 | INFO  | phase_ext_benchmark |   966p.csv: 10000 rows, cols=['SMILES', 'ACTIVITY']
2026-04-03 14:39:29 | INFO  | phase_ext_benchmark |   247p.csv: 10000 rows, cols=['SMILES', 'ACTIVITY']
2026-04-03 14:39:29 | INFO  | phase_ext_benchmark |   1112p.csv: 10000 rows, cols=['SMILES', 'ACTIVITY']
2026-04-03 14:39:29 | INFO  | phase_ext_benchmark |   976p.csv: 10000 rows, cols=['SMILES', 'ACTIVITY']
2026-04-03 14:39:29 | INFO  | phase_ext_benchmark |   459p.csv: 10000 rows, cols=['SMILES', 'ACTIVITY']
2026-04-03 14:39:29 | INFO  | phase_ext_benchmark |   1115p.csv: 10000 rows, cols=['SMILES', 'ACTIVITY']
2026-04-03 14:39:29 | INFO  | phase_ext_benchmark |   973p.csv: 10000 rows, cols=['SMILES', 'ACTIVITY']
2026-04-03 14:39:29 | INFO  | phase_ext_benchmark |   458p.csv: 10000 rows, cols=['SMILES', 'ACTIVITY']
2026-04-03 14:39:29 | INFO  | phase_ext_benchmark |   200p.csv: 10000 rows, cols=['SMILES', 'ACTIVITY']
2026-04-03 14:39:29 | INFO  | phase_ext_benchmark |   840p.csv: 10000 rows, cols=['SMILES', 'ACTIVITY']
2026-04-03 14:39:29 | INFO  | phase_ext_benchmark |   1097p.csv: 10000 rows, cols=['SMILES', 'ACTIVITY']
2026-04-03 14:39:29 | INFO  | phase_ext_benchmark |   661p.csv: 10000 rows, cols=['SMILES', 'ACTIVITY']
2026-04-03 14:39:29 | INFO  | phase_ext_benchmark |   126p.csv: 10000 rows, cols=['SMILES', 'ACTIVITY']
2026-04-03 14:39:29 | INFO  | phase_ext_benchmark |   645p.csv: 10000 rows, cols=['SMILES', 'ACTIVITY']
2026-04-03 14:39:29 | INFO  | phase_ext_benchmark |   517p.csv: 10000 rows, cols=['SMILES', 'ACTIVITY']
2026-04-03 14:39:29 | INFO  | phase_ext_benchmark |   159p.csv: 10000 rows, cols=['SMILES', 'ACTIVITY']
2026-04-03 14:39:29 | INFO  | phase_ext_benchmark |   567p.csv: 10000 rows, cols=['SMILES', 'ACTIVITY']
2026-04-03 14:39:29 | INFO  | phase_ext_benchmark |   79p.csv: 10000 rows, cols=['SMILES', 'ACTIVITY']
2026-04-03 14:39:29 | INFO  | phase_ext_benchmark |   172p.csv: 10000 rows, cols=['SMILES', 'ACTIVITY']
2026-04-03 14:39:29 | INFO  | phase_ext_benchmark |   244p.csv: 10000 rows, cols=['SMILES', 'ACTIVITY']
2026-04-03 14:39:29 | INFO  | phase_ext_benchmark |   1000p.csv: 10000 rows, cols=['SMILES', 'ACTIVITY']
2026-04-03 14:39:29 | INFO  | phase_ext_benchmark |   450p.csv: 10000 rows, cols=['SMILES', 'ACTIVITY']
2026-04-03 14:39:29 | INFO  | phase_ext_benchmark |   666p.csv: 10000 rows, cols=['SMILES', 'ACTIVITY']
2026-04-03 14:39:29 | INFO  | phase_ext_benchmark |   544p.csv: 10000 rows, cols=['SMILES', 'ACTIVITY']
2026-04-03 14:39:29 | INFO  | phase_ext_benchmark |   35p.csv: 10000 rows, cols=['SMILES', 'ACTIVITY']
2026-04-03 14:39:29 | INFO  | phase_ext_benchmark |   32p.csv: 10000 rows, cols=['SMILES', 'ACTIVITY']
2026-04-03 14:39:29 | INFO  | phase_ext_benchmark |   53p.csv: 10000 rows, cols=['SMILES', 'ACTIVITY']
2026-04-03 14:39:29 | INFO  | phase_ext_benchmark |   638p.csv: 10000 rows, cols=['SMILES', 'ACTIVITY']
2026-04-03 14:39:29 | INFO  | phase_ext_benchmark |   491p.csv: 10000 rows, cols=['SMILES', 'ACTIVITY']
2026-04-03 14:39:29 | INFO  | phase_ext_benchmark |   990p.csv: 10000 rows, cols=['SMILES', 'ACTIVITY']
2026-04-03 14:39:29 | INFO  | phase_ext_benchmark |   1045p.csv: 10000 rows, cols=['SMILES', 'ACTIVITY']
2026-04-03 14:39:29 | INFO  | phase_ext_benchmark |   1101p.csv: 10000 rows, cols=['SMILES', 'ACTIVITY']
2026-04-03 14:39:29 | INFO  | phase_ext_benchmark |   509p.csv: 10000 rows, cols=['SMILES', 'ACTIVITY']
2026-04-03 14:39:29 | INFO  | phase_ext_benchmark |   681p.csv: 10000 rows, cols=['SMILES', 'ACTIVITY']
2026-04-03 14:39:29 | INFO  | phase_ext_benchmark |   381p.csv: 10000 rows, cols=['SMILES', 'ACTIVITY']
2026-04-03 14:39:29 | INFO  | phase_ext_benchmark |   119p.csv: 10000 rows, cols=['SMILES', 'ACTIVITY']
2026-04-03 14:39:29 | INFO  | phase_ext_benchmark |   1031p.csv: 10000 rows, cols=['SMILES', 'ACTIVITY']
2026-04-03 14:39:29 | INFO  | phase_ext_benchmark |   1111p.csv: 10000 rows, cols=['SMILES', 'ACTIVITY']
2026-04-03 14:39:29 | INFO  | phase_ext_benchmark |   854p.csv: 10000 rows, cols=['SMILES', 'ACTIVITY']
2026-04-03 14:39:29 | INFO  | phase_ext_benchmark |   301p.csv: 10000 rows, cols=['SMILES', 'ACTIVITY']
2026-04-03 14:39:29 | INFO  | phase_ext_benchmark |   802p.csv: 10000 rows, cols=['SMILES', 'ACTIVITY']
2026-04-03 14:39:29 | INFO  | phase_ext_benchmark |   504p.csv: 10000 rows, cols=['SMILES', 'ACTIVITY']
2026-04-03 14:39:29 | INFO  | phase_ext_benchmark |   436p.csv: 10000 rows, cols=['SMILES', 'ACTIVITY']
2026-04-03 14:39:29 | INFO  | phase_ext_benchmark |   942p.csv: 10000 rows, cols=['SMILES', 'ACTIVITY']
2026-04-03 14:39:29 | INFO  | phase_ext_benchmark |   24p.csv: 10000 rows, cols=['SMILES', 'ACTIVITY']
2026-04-03 14:39:29 | INFO  | phase_ext_benchmark |   989p.csv: 10000 rows, cols=['SMILES', 'ACTIVITY']
2026-04-03 14:39:29 | INFO  | phase_ext_benchmark |   264p.csv: 10000 rows, cols=['SMILES', 'ACTIVITY']
2026-04-03 14:39:29 | INFO  | phase_ext_benchmark |   650p.csv: 10000 rows, cols=['SMILES', 'ACTIVITY']
2026-04-03 14:39:29 | INFO  | phase_ext_benchmark |   152p.csv: 10000 rows, cols=['SMILES', 'ACTIVITY']
2026-04-03 14:39:29 | INFO  | phase_ext_benchmark |   14p.csv: 10000 rows, cols=['SMILES', 'ACTIVITY']
2026-04-03 14:39:29 | INFO  | phase_ext_benchmark |   246p.csv: 10000 rows, cols=['SMILES', 'ACTIVITY']
2026-04-03 14:39:29 | INFO  | phase_ext_benchmark |   5p.csv: 10000 rows, cols=['SMILES', 'ACTIVITY']
2026-04-03 14:39:29 | INFO  | phase_ext_benchmark |   683p.csv: 10000 rows, cols=['SMILES', 'ACTIVITY']
2026-04-03 14:39:29 | INFO  | phase_ext_benchmark |   207p.csv: 10000 rows, cols=['SMILES', 'ACTIVITY']
2026-04-03 14:39:29 | INFO  | phase_ext_benchmark |   220p.csv: 10000 rows, cols=['SMILES', 'ACTIVITY']
2026-04-03 14:39:30 | INFO  | phase_ext_benchmark |   162p.csv: 10000 rows, cols=['SMILES', 'ACTIVITY']
2026-04-03 14:39:30 | INFO  | phase_ext_benchmark |   579p.csv: 10000 rows, cols=['SMILES', 'ACTIVITY']
2026-04-03 14:39:30 | INFO  | phase_ext_benchmark |   747p.csv: 10000 rows, cols=['SMILES', 'ACTIVITY']
2026-04-03 14:39:30 | INFO  | phase_ext_benchmark |   408p.csv: 10000 rows, cols=['SMILES', 'ACTIVITY']
2026-04-03 14:39:30 | INFO  | phase_ext_benchmark |   522p.csv: 10000 rows, cols=['SMILES', 'ACTIVITY']
2026-04-03 14:39:30 | INFO  | phase_ext_benchmark |   248p.csv: 10000 rows, cols=['SMILES', 'ACTIVITY']
2026-04-03 14:39:30 | INFO  | phase_ext_benchmark |   90p.csv: 10000 rows, cols=['SMILES', 'ACTIVITY']
2026-04-03 14:39:30 | INFO  | phase_ext_benchmark |   558p.csv: 10000 rows, cols=['SMILES', 'ACTIVITY']
2026-04-03 14:39:30 | INFO  | phase_ext_benchmark |   108p.csv: 10000 rows, cols=['SMILES', 'ACTIVITY']
2026-04-03 14:39:30 | INFO  | phase_ext_benchmark |   295p.csv: 10000 rows, cols=['SMILES', 'ACTIVITY']
2026-04-03 14:39:30 | INFO  | phase_ext_benchmark |   183p.csv: 10000 rows, cols=['SMILES', 'ACTIVITY']
2026-04-03 14:39:30 | INFO  | phase_ext_benchmark |   116p.csv: 10000 rows, cols=['SMILES', 'ACTIVITY']
2026-04-03 14:39:30 | INFO  | phase_ext_benchmark |   28p.csv: 10000 rows, cols=['SMILES', 'ACTIVITY']
2026-04-03 14:39:30 | INFO  | phase_ext_benchmark |   913p.csv: 10000 rows, cols=['SMILES', 'ACTIVITY']
2026-04-03 14:39:30 | INFO  | phase_ext_benchmark |   239p.csv: 10000 rows, cols=['SMILES', 'ACTIVITY']
2026-04-03 14:39:30 | INFO  | phase_ext_benchmark |   753p.csv: 10000 rows, cols=['SMILES', 'ACTIVITY']
2026-04-03 14:39:30 | INFO  | phase_ext_benchmark |   818p.csv: 10000 rows, cols=['SMILES', 'ACTIVITY']
2026-04-03 14:39:30 | INFO  | phase_ext_benchmark |   413p.csv: 10000 rows, cols=['SMILES', 'ACTIVITY']
2026-04-03 14:39:30 | INFO  | phase_ext_benchmark |   530p.csv: 10000 rows, cols=['SMILES', 'ACTIVITY']
2026-04-03 14:39:30 | INFO  | phase_ext_benchmark |   555p.csv: 10000 rows, cols=['SMILES', 'ACTIVITY']
2026-04-03 14:39:30 | INFO  | phase_ext_benchmark |   768p.csv: 10000 rows, cols=['SMILES', 'ACTIVITY']
2026-04-03 14:39:30 | INFO  | phase_ext_benchmark |   992p.csv: 10000 rows, cols=['SMILES', 'ACTIVITY']
2026-04-03 14:39:30 | INFO  | phase_ext_benchmark |   120p.csv: 10000 rows, cols=['SMILES', 'ACTIVITY']
2026-04-03 14:39:30 | INFO  | phase_ext_benchmark |   367p.csv: 10000 rows, cols=['SMILES', 'ACTIVITY']
2026-04-03 14:39:30 | INFO  | phase_ext_benchmark |   139p.csv: 10000 rows, cols=['SMILES', 'ACTIVITY']
2026-04-03 14:39:30 | INFO  | phase_ext_benchmark |   61p.csv: 10000 rows, cols=['SMILES', 'ACTIVITY']
2026-04-03 14:39:30 | INFO  | phase_ext_benchmark |   104p.csv: 10000 rows, cols=['SMILES', 'ACTIVITY']
2026-04-03 14:39:30 | INFO  | phase_ext_benchmark |   298p.csv: 10000 rows, cols=['SMILES', 'ACTIVITY']
2026-04-03 14:39:30 | INFO  | phase_ext_benchmark |   251p.csv: 10000 rows, cols=['SMILES', 'ACTIVITY']
2026-04-03 14:39:30 | INFO  | phase_ext_benchmark |   526p.csv: 10000 rows, cols=['SMILES', 'ACTIVITY']
2026-04-03 14:39:30 | INFO  | phase_ext_benchmark |   537p.csv: 10000 rows, cols=['SMILES', 'ACTIVITY']
2026-04-03 14:39:30 | INFO  | phase_ext_benchmark |   499p.csv: 10000 rows, cols=['SMILES', 'ACTIVITY']
2026-04-03 14:39:30 | INFO  | phase_ext_benchmark |   598p.csv: 10000 rows, cols=['SMILES', 'ACTIVITY']
2026-04-03 14:39:30 | INFO  | phase_ext_benchmark |   918p.csv: 10000 rows, cols=['SMILES', 'ACTIVITY']
2026-04-03 14:39:30 | INFO  | phase_ext_benchmark |   498p.csv: 10000 rows, cols=['SMILES', 'ACTIVITY']
2026-04-03 14:39:30 | INFO  | phase_ext_benchmark |   779p.csv: 10000 rows, cols=['SMILES', 'ACTIVITY']
2026-04-03 14:39:30 | INFO  | phase_ext_benchmark |   290p.csv: 10000 rows, cols=['SMILES', 'ACTIVITY']
2026-04-03 14:39:30 | INFO  | phase_ext_benchmark |   954p.csv: 10000 rows, cols=['SMILES', 'ACTIVITY']
2026-04-03 14:39:30 | INFO  | phase_ext_benchmark |   56p.csv: 10000 rows, cols=['SMILES', 'ACTIVITY']
2026-04-03 14:39:30 | INFO  | phase_ext_benchmark |   506p.csv: 10000 rows, cols=['SMILES', 'ACTIVITY']
2026-04-03 14:39:30 | INFO  | phase_ext_benchmark |   112p.csv: 10000 rows, cols=['SMILES', 'ACTIVITY']
2026-04-03 14:39:30 | INFO  | phase_ext_benchmark |   106p.csv: 10000 rows, cols=['SMILES', 'ACTIVITY']
2026-04-03 14:39:30 | INFO  | phase_ext_benchmark |   192p.csv: 10000 rows, cols=['SMILES', 'ACTIVITY']
2026-04-03 14:39:30 | INFO  | phase_ext_benchmark |   114p.csv: 10000 rows, cols=['SMILES', 'ACTIVITY']
2026-04-03 14:39:30 | INFO  | phase_ext_benchmark |   542p.csv: 10000 rows, cols=['SMILES', 'ACTIVITY']
2026-04-03 14:39:30 | INFO  | phase_ext_benchmark |   1012p.csv: 10000 rows, cols=['SMILES', 'ACTIVITY']
2026-04-03 14:39:30 | INFO  | phase_ext_benchmark |   1079p.csv: 10000 rows, cols=['SMILES', 'ACTIVITY']
2026-04-03 14:39:30 | INFO  | phase_ext_benchmark |   590p.csv: 10000 rows, cols=['SMILES', 'ACTIVITY']
2026-04-03 14:39:30 | INFO  | phase_ext_benchmark |   354p.csv: 10000 rows, cols=['SMILES', 'ACTIVITY']
2026-04-03 14:39:30 | INFO  | phase_ext_benchmark |   468p.csv: 10000 rows, cols=['SMILES', 'ACTIVITY']
2026-04-03 14:39:30 | INFO  | phase_ext_benchmark |   309p.csv: 10000 rows, cols=['SMILES', 'ACTIVITY']
2026-04-03 14:39:30 | INFO  | phase_ext_benchmark |   343p.csv: 10000 rows, cols=['SMILES', 'ACTIVITY']
2026-04-03 14:39:30 | INFO  | phase_ext_benchmark |   982p.csv: 10000 rows, cols=['SMILES', 'ACTIVITY']
2026-04-03 14:39:30 | INFO  | phase_ext_benchmark |   775p.csv: 10000 rows, cols=['SMILES', 'ACTIVITY']
2026-04-03 14:39:30 | INFO  | phase_ext_benchmark |   920p.csv: 10000 rows, cols=['SMILES', 'ACTIVITY']
2026-04-03 14:39:30 | INFO  | phase_ext_benchmark |   18p.csv: 10000 rows, cols=['SMILES', 'ACTIVITY']
2026-04-03 14:39:30 | INFO  | phase_ext_benchmark |   167p.csv: 10000 rows, cols=['SMILES', 'ACTIVITY']
2026-04-03 14:39:30 | INFO  | phase_ext_benchmark |   617p.csv: 10000 rows, cols=['SMILES', 'ACTIVITY']
2026-04-03 14:39:30 | INFO  | phase_ext_benchmark |   1110p.csv: 10000 rows, cols=['SMILES', 'ACTIVITY']
2026-04-03 14:39:30 | INFO  | phase_ext_benchmark |   401p.csv: 10000 rows, cols=['SMILES', 'ACTIVITY']
2026-04-03 14:39:30 | INFO  | phase_ext_benchmark |   869p.csv: 10000 rows, cols=['SMILES', 'ACTIVITY']
2026-04-03 14:39:30 | INFO  | phase_ext_benchmark |   539p.csv: 10000 rows, cols=['SMILES', 'ACTIVITY']
2026-04-03 14:39:30 | INFO  | phase_ext_benchmark |   300p.csv: 10000 rows, cols=['SMILES', 'ACTIVITY']
2026-04-03 14:39:30 | INFO  | phase_ext_benchmark |   838p.csv: 10000 rows, cols=['SMILES', 'ACTIVITY']
2026-04-03 14:39:30 | INFO  | phase_ext_benchmark |   1017p.csv: 10000 rows, cols=['SMILES', 'ACTIVITY']
2026-04-03 14:39:30 | INFO  | phase_ext_benchmark |   7p.csv: 10000 rows, cols=['SMILES', 'ACTIVITY']
2026-04-03 14:39:30 | INFO  | phase_ext_benchmark |   657p.csv: 10000 rows, cols=['SMILES', 'ACTIVITY']
2026-04-03 14:39:30 | INFO  | phase_ext_benchmark |   936p.csv: 10000 rows, cols=['SMILES', 'ACTIVITY']
2026-04-03 14:39:30 | INFO  | phase_ext_benchmark |   490p.csv: 10000 rows, cols=['SMILES', 'ACTIVITY']
2026-04-03 14:39:30 | INFO  | phase_ext_benchmark |   875p.csv: 10000 rows, cols=['SMILES', 'ACTIVITY']
2026-04-03 14:39:30 | INFO  | phase_ext_benchmark |   372p.csv: 10000 rows, cols=['SMILES', 'ACTIVITY']
2026-04-03 14:39:30 | INFO  | phase_ext_benchmark |   39p.csv: 10000 rows, cols=['SMILES', 'ACTIVITY']
2026-04-03 14:39:30 | INFO  | phase_ext_benchmark |   302p.csv: 10000 rows, cols=['SMILES', 'ACTIVITY']
2026-04-03 14:39:30 | INFO  | phase_ext_benchmark |   1034p.csv: 10000 rows, cols=['SMILES', 'ACTIVITY']
2026-04-03 14:39:30 | INFO  | phase_ext_benchmark |   889p.csv: 10000 rows, cols=['SMILES', 'ACTIVITY']
2026-04-03 14:39:30 | INFO  | phase_ext_benchmark |   274p.csv: 10000 rows, cols=['SMILES', 'ACTIVITY']
2026-04-03 14:39:30 | INFO  | phase_ext_benchmark |   338p.csv: 10000 rows, cols=['SMILES', 'ACTIVITY']
2026-04-03 14:39:30 | INFO  | phase_ext_benchmark |   326p.csv: 10000 rows, cols=['SMILES', 'ACTIVITY']
2026-04-03 14:39:30 | INFO  | phase_ext_benchmark |   314p.csv: 10000 rows, cols=['SMILES', 'ACTIVITY']
2026-04-03 14:39:30 | INFO  | phase_ext_benchmark |   324p.csv: 10000 rows, cols=['SMILES', 'ACTIVITY']
2026-04-03 14:39:30 | INFO  | phase_ext_benchmark |   312p.csv: 10000 rows, cols=['SMILES', 'ACTIVITY']
2026-04-03 14:39:30 | INFO  | phase_ext_benchmark |   831p.csv: 10000 rows, cols=['SMILES', 'ACTIVITY']
2026-04-03 14:39:30 | INFO  | phase_ext_benchmark |   1042p.csv: 10000 rows, cols=['SMILES', 'ACTIVITY']
2026-04-03 14:39:30 | INFO  | phase_ext_benchmark |   1124p.csv: 10000 rows, cols=['SMILES', 'ACTIVITY']
2026-04-03 14:39:30 | INFO  | phase_ext_benchmark |   377p.csv: 10000 rows, cols=['SMILES', 'ACTIVITY']
2026-04-03 14:39:30 | INFO  | phase_ext_benchmark |   593p.csv: 10000 rows, cols=['SMILES', 'ACTIVITY']
2026-04-03 14:39:30 | INFO  | phase_ext_benchmark |   415p.csv: 10000 rows, cols=['SMILES', 'ACTIVITY']
2026-04-03 14:39:30 | INFO  | phase_ext_benchmark |   930p.csv: 10000 rows, cols=['SMILES', 'ACTIVITY']
2026-04-03 14:39:30 | INFO  | phase_ext_benchmark |   647p.csv: 10000 rows, cols=['SMILES', 'ACTIVITY']
2026-04-03 14:39:30 | INFO  | phase_ext_benchmark |   1105p.csv: 10000 rows, cols=['SMILES', 'ACTIVITY']
2026-04-03 14:39:30 | INFO  | phase_ext_benchmark |   483p.csv: 10000 rows, cols=['SMILES', 'ACTIVITY']
2026-04-03 14:39:30 | INFO  | phase_ext_benchmark |   664p.csv: 10000 rows, cols=['SMILES', 'ACTIVITY']
2026-04-03 14:39:30 | INFO  | phase_ext_benchmark |   971p.csv: 10000 rows, cols=['SMILES', 'ACTIVITY']
2026-04-03 14:39:30 | INFO  | phase_ext_benchmark |   799p.csv: 10000 rows, cols=['SMILES', 'ACTIVITY']
2026-04-03 14:39:30 | INFO  | phase_ext_benchmark |   57p.csv: 10000 rows, cols=['SMILES', 'ACTIVITY']
2026-04-03 14:39:30 | INFO  | phase_ext_benchmark |   497p.csv: 10000 rows, cols=['SMILES', 'ACTIVITY']
2026-04-03 14:39:30 | INFO  | phase_ext_benchmark |   952p.csv: 10000 rows, cols=['SMILES', 'ACTIVITY']
2026-04-03 14:39:30 | INFO  | phase_ext_benchmark |   154p.csv: 10000 rows, cols=['SMILES', 'ACTIVITY']
2026-04-03 14:39:30 | INFO  | phase_ext_benchmark |   665p.csv: 10000 rows, cols=['SMILES', 'ACTIVITY']
2026-04-03 14:39:30 | INFO  | phase_ext_benchmark |   651p.csv: 10000 rows, cols=['SMILES', 'ACTIVITY']
2026-04-03 14:39:30 | INFO  | phase_ext_benchmark |   694p.csv: 10000 rows, cols=['SMILES', 'ACTIVITY']
2026-04-03 14:39:30 | INFO  | phase_ext_benchmark |   795p.csv: 10000 rows, cols=['SMILES', 'ACTIVITY']
2026-04-03 14:39:30 | INFO  | phase_ext_benchmark |   400p.csv: 10000 rows, cols=['SMILES', 'ACTIVITY']
2026-04-03 14:39:30 | INFO  | phase_ext_benchmark |   514p.csv: 10000 rows, cols=['SMILES', 'ACTIVITY']
2026-04-03 14:39:30 | INFO  | phase_ext_benchmark |   726p.csv: 10000 rows, cols=['SMILES', 'ACTIVITY']
2026-04-03 14:39:30 | INFO  | phase_ext_benchmark |   25p.csv: 10000 rows, cols=['SMILES', 'ACTIVITY']
2026-04-03 14:39:30 | INFO  | phase_ext_benchmark |   921p.csv: 10000 rows, cols=['SMILES', 'ACTIVITY']
2026-04-03 14:39:30 | INFO  | phase_ext_benchmark |   63p.csv: 10000 rows, cols=['SMILES', 'ACTIVITY']
2026-04-03 14:39:31 | INFO  | phase_ext_benchmark |   332p.csv: 10000 rows, cols=['SMILES', 'ACTIVITY']
2026-04-03 14:39:31 | INFO  | phase_ext_benchmark |   975p.csv: 10000 rows, cols=['SMILES', 'ACTIVITY']
2026-04-03 14:39:31 | INFO  | phase_ext_benchmark |   146p.csv: 10000 rows, cols=['SMILES', 'ACTIVITY']
2026-04-03 14:39:31 | INFO  | phase_ext_benchmark |   466p.csv: 10000 rows, cols=['SMILES', 'ACTIVITY']
2026-04-03 14:39:31 | INFO  | phase_ext_benchmark |   623p.csv: 10000 rows, cols=['SMILES', 'ACTIVITY']
2026-04-03 14:39:31 | INFO  | phase_ext_benchmark |   1065p.csv: 10000 rows, cols=['SMILES', 'ACTIVITY']
2026-04-03 14:39:31 | INFO  | phase_ext_benchmark |   844p.csv: 10000 rows, cols=['SMILES', 'ACTIVITY']
2026-04-03 14:39:31 | INFO  | phase_ext_benchmark |   286p.csv: 10000 rows, cols=['SMILES', 'ACTIVITY']
2026-04-03 14:39:31 | INFO  | phase_ext_benchmark |   122p.csv: 10000 rows, cols=['SMILES', 'ACTIVITY']
2026-04-03 14:39:31 | INFO  | phase_ext_benchmark |   699p.csv: 10000 rows, cols=['SMILES', 'ACTIVITY']
2026-04-03 14:39:31 | INFO  | phase_ext_benchmark |   1038p.csv: 10000 rows, cols=['SMILES', 'ACTIVITY']
2026-04-03 14:39:31 | INFO  | phase_ext_benchmark |   789p.csv: 10000 rows, cols=['SMILES', 'ACTIVITY']
2026-04-03 14:39:31 | INFO  | phase_ext_benchmark |   163p.csv: 10000 rows, cols=['SMILES', 'ACTIVITY']
2026-04-03 14:39:31 | INFO  | phase_ext_benchmark |   249p.csv: 10000 rows, cols=['SMILES', 'ACTIVITY']
2026-04-03 14:39:31 | INFO  | phase_ext_benchmark |   1046p.csv: 10000 rows, cols=['SMILES', 'ACTIVITY']
2026-04-03 14:39:31 | INFO  | phase_ext_benchmark |   1030p.csv: 10000 rows, cols=['SMILES', 'ACTIVITY']
2026-04-03 14:39:31 | INFO  | phase_ext_benchmark |   880p.csv: 10000 rows, cols=['SMILES', 'ACTIVITY']
2026-04-03 14:39:31 | INFO  | phase_ext_benchmark |   848p.csv: 10000 rows, cols=['SMILES', 'ACTIVITY']
2026-04-03 14:39:31 | INFO  | phase_ext_benchmark |   451p.csv: 10000 rows, cols=['SMILES', 'ACTIVITY']
2026-04-03 14:39:31 | INFO  | phase_ext_benchmark |   635p.csv: 10000 rows, cols=['SMILES', 'ACTIVITY']
2026-04-03 14:39:31 | INFO  | phase_ext_benchmark |   1123p.csv: 10000 rows, cols=['SMILES', 'ACTIVITY']
2026-04-03 14:39:31 | INFO  | phase_ext_benchmark |   91p.csv: 10000 rows, cols=['SMILES', 'ACTIVITY']
2026-04-03 14:39:31 | INFO  | phase_ext_benchmark |   65p.csv: 10000 rows, cols=['SMILES', 'ACTIVITY']
2026-04-03 14:39:31 | INFO  | phase_ext_benchmark |   616p.csv: 10000 rows, cols=['SMILES', 'ACTIVITY']
2026-04-03 14:39:31 | INFO  | phase_ext_benchmark |   425p.csv: 10000 rows, cols=['SMILES', 'ACTIVITY']
2026-04-03 14:39:31 | INFO  | phase_ext_benchmark |   996p.csv: 10000 rows, cols=['SMILES', 'ACTIVITY']
2026-04-03 14:39:31 | INFO  | phase_ext_benchmark |   813p.csv: 10000 rows, cols=['SMILES', 'ACTIVITY']
2026-04-03 14:39:31 | INFO  | phase_ext_benchmark |   523p.csv: 10000 rows, cols=['SMILES', 'ACTIVITY']
2026-04-03 14:39:31 | INFO  | phase_ext_benchmark |   1127p.csv: 7249 rows, cols=['SMILES', 'ACTIVITY']
2026-04-03 14:39:31 | INFO  | phase_ext_benchmark |   155p.csv: 10000 rows, cols=['SMILES', 'ACTIVITY']
2026-04-03 14:39:31 | INFO  | phase_ext_benchmark |   596p.csv: 10000 rows, cols=['SMILES', 'ACTIVITY']
2026-04-03 14:39:31 | INFO  | phase_ext_benchmark |   763p.csv: 10000 rows, cols=['SMILES', 'ACTIVITY']
2026-04-03 14:39:31 | INFO  | phase_ext_benchmark |   553p.csv: 10000 rows, cols=['SMILES', 'ACTIVITY']
2026-04-03 14:39:31 | INFO  | phase_ext_benchmark |   750p.csv: 10000 rows, cols=['SMILES', 'ACTIVITY']
2026-04-03 14:39:31 | INFO  | phase_ext_benchmark |   350p.csv: 10000 rows, cols=['SMILES', 'ACTIVITY']
2026-04-03 14:39:31 | INFO  | phase_ext_benchmark |   997p.csv: 10000 rows, cols=['SMILES', 'ACTIVITY']
2026-04-03 14:39:31 | INFO  | phase_ext_benchmark |   1015p.csv: 10000 rows, cols=['SMILES', 'ACTIVITY']
2026-04-03 14:39:31 | INFO  | phase_ext_benchmark |   448p.csv: 10000 rows, cols=['SMILES', 'ACTIVITY']
2026-04-03 14:39:31 | INFO  | phase_ext_benchmark |   819p.csv: 10000 rows, cols=['SMILES', 'ACTIVITY']
2026-04-03 14:39:31 | INFO  | phase_ext_benchmark |   1055p.csv: 10000 rows, cols=['SMILES', 'ACTIVITY']
2026-04-03 14:39:31 | INFO  | phase_ext_benchmark |   118p.csv: 10000 rows, cols=['SMILES', 'ACTIVITY']
2026-04-03 14:39:31 | INFO  | phase_ext_benchmark |   861p.csv: 10000 rows, cols=['SMILES', 'ACTIVITY']
2026-04-03 14:39:31 | INFO  | phase_ext_benchmark |   240p.csv: 10000 rows, cols=['SMILES', 'ACTIVITY']
2026-04-03 14:39:31 | INFO  | phase_ext_benchmark |   54p.csv: 10000 rows, cols=['SMILES', 'ACTIVITY']
2026-04-03 14:39:31 | INFO  | phase_ext_benchmark |   242p.csv: 10000 rows, cols=['SMILES', 'ACTIVITY']
2026-04-03 14:39:31 | INFO  | phase_ext_benchmark |   741p.csv: 10000 rows, cols=['SMILES', 'ACTIVITY']
2026-04-03 14:39:31 | INFO  | phase_ext_benchmark |   842p.csv: 10000 rows, cols=['SMILES', 'ACTIVITY']
2026-04-03 14:39:31 | INFO  | phase_ext_benchmark |   868p.csv: 10000 rows, cols=['SMILES', 'ACTIVITY']
2026-04-03 14:39:31 | INFO  | phase_ext_benchmark |   359p.csv: 10000 rows, cols=['SMILES', 'ACTIVITY']
2026-04-03 14:39:31 | INFO  | phase_ext_benchmark |   534p.csv: 10000 rows, cols=['SMILES', 'ACTIVITY']
2026-04-03 14:39:31 | INFO  | phase_ext_benchmark |   679p.csv: 10000 rows, cols=['SMILES', 'ACTIVITY']
2026-04-03 14:39:31 | INFO  | phase_ext_benchmark |   434p.csv: 10000 rows, cols=['SMILES', 'ACTIVITY']
2026-04-03 14:39:31 | INFO  | phase_ext_benchmark |   495p.csv: 10000 rows, cols=['SMILES', 'ACTIVITY']
2026-04-03 14:39:31 | INFO  | phase_ext_benchmark |   30p.csv: 10000 rows, cols=['SMILES', 'ACTIVITY']
2026-04-03 14:39:31 | INFO  | phase_ext_benchmark |   923p.csv: 10000 rows, cols=['SMILES', 'ACTIVITY']
2026-04-03 14:39:31 | INFO  | phase_ext_benchmark |   928p.csv: 10000 rows, cols=['SMILES', 'ACTIVITY']
2026-04-03 14:39:31 | INFO  | phase_ext_benchmark |   198p.csv: 10000 rows, cols=['SMILES', 'ACTIVITY']
2026-04-03 14:39:31 | INFO  | phase_ext_benchmark |   370p.csv: 10000 rows, cols=['SMILES', 'ACTIVITY']
2026-04-03 14:39:31 | INFO  | phase_ext_benchmark |   641p.csv: 10000 rows, cols=['SMILES', 'ACTIVITY']
2026-04-03 14:39:31 | INFO  | phase_ext_benchmark |   849p.csv: 10000 rows, cols=['SMILES', 'ACTIVITY']
2026-04-03 14:39:31 | INFO  | phase_ext_benchmark |   716p.csv: 10000 rows, cols=['SMILES', 'ACTIVITY']
2026-04-03 14:39:31 | INFO  | phase_ext_benchmark |   801p.csv: 10000 rows, cols=['SMILES', 'ACTIVITY']
2026-04-03 14:39:31 | INFO  | phase_ext_benchmark |   387p.csv: 10000 rows, cols=['SMILES', 'ACTIVITY']
2026-04-03 14:39:31 | INFO  | phase_ext_benchmark |   1083p.csv: 10000 rows, cols=['SMILES', 'ACTIVITY']
2026-04-03 14:39:31 | INFO  | phase_ext_benchmark |   946p.csv: 10000 rows, cols=['SMILES', 'ACTIVITY']
2026-04-03 14:39:31 | INFO  | phase_ext_benchmark |   857p.csv: 10000 rows, cols=['SMILES', 'ACTIVITY']
2026-04-03 14:39:31 | INFO  | phase_ext_benchmark |   438p.csv: 10000 rows, cols=['SMILES', 'ACTIVITY']
2026-04-03 14:39:31 | INFO  | phase_ext_benchmark |   311p.csv: 10000 rows, cols=['SMILES', 'ACTIVITY']
2026-04-03 14:39:31 | INFO  | phase_ext_benchmark |   153p.csv: 10000 rows, cols=['SMILES', 'ACTIVITY']
2026-04-03 14:39:31 | INFO  | phase_ext_benchmark |   776p.csv: 10000 rows, cols=['SMILES', 'ACTIVITY']
2026-04-03 14:39:31 | INFO  | phase_ext_benchmark |   144p.csv: 10000 rows, cols=['SMILES', 'ACTIVITY']
2026-04-03 14:39:31 | INFO  | phase_ext_benchmark |   433p.csv: 10000 rows, cols=['SMILES', 'ACTIVITY']
2026-04-03 14:39:31 | INFO  | phase_ext_benchmark |   355p.csv: 10000 rows, cols=['SMILES', 'ACTIVITY']
2026-04-03 14:39:31 | INFO  | phase_ext_benchmark |   850p.csv: 10000 rows, cols=['SMILES', 'ACTIVITY']
2026-04-03 14:39:31 | INFO  | phase_ext_benchmark |   428p.csv: 10000 rows, cols=['SMILES', 'ACTIVITY']
2026-04-03 14:39:31 | INFO  | phase_ext_benchmark |   421p.csv: 10000 rows, cols=['SMILES', 'ACTIVITY']
2026-04-03 14:39:31 | INFO  | phase_ext_benchmark |   281p.csv: 10000 rows, cols=['SMILES', 'ACTIVITY']
2026-04-03 14:39:31 | INFO  | phase_ext_benchmark |   284p.csv: 10000 rows, cols=['SMILES', 'ACTIVITY']
2026-04-03 14:39:31 | INFO  | phase_ext_benchmark |   655p.csv: 10000 rows, cols=['SMILES', 'ACTIVITY']
2026-04-03 14:39:31 | INFO  | phase_ext_benchmark |   612p.csv: 10000 rows, cols=['SMILES', 'ACTIVITY']
2026-04-03 14:39:31 | INFO  | phase_ext_benchmark |   88p.csv: 10000 rows, cols=['SMILES', 'ACTIVITY']
2026-04-03 14:39:31 | INFO  | phase_ext_benchmark |   489p.csv: 10000 rows, cols=['SMILES', 'ACTIVITY']
2026-04-03 14:39:31 | INFO  | phase_ext_benchmark |   924p.csv: 10000 rows, cols=['SMILES', 'ACTIVITY']
2026-04-03 14:39:31 | INFO  | phase_ext_benchmark |   103p.csv: 10000 rows, cols=['SMILES', 'ACTIVITY']
2026-04-03 14:39:31 | INFO  | phase_ext_benchmark |   969p.csv: 10000 rows, cols=['SMILES', 'ACTIVITY']
2026-04-03 14:39:31 | INFO  | phase_ext_benchmark |   586p.csv: 10000 rows, cols=['SMILES', 'ACTIVITY']
2026-04-03 14:39:31 | INFO  | phase_ext_benchmark |   71p.csv: 10000 rows, cols=['SMILES', 'ACTIVITY']
2026-04-03 14:39:31 | INFO  | phase_ext_benchmark |   999p.csv: 10000 rows, cols=['SMILES', 'ACTIVITY']
2026-04-03 14:39:31 | INFO  | phase_ext_benchmark |   803p.csv: 10000 rows, cols=['SMILES', 'ACTIVITY']
2026-04-03 14:39:31 | INFO  | phase_ext_benchmark |   630p.csv: 10000 rows, cols=['SMILES', 'ACTIVITY']
2026-04-03 14:39:31 | INFO  | phase_ext_benchmark |   822p.csv: 10000 rows, cols=['SMILES', 'ACTIVITY']
2026-04-03 14:39:31 | INFO  | phase_ext_benchmark |   853p.csv: 10000 rows, cols=['SMILES', 'ACTIVITY']
2026-04-03 14:39:31 | INFO  | phase_ext_benchmark |   27p.csv: 10000 rows, cols=['SMILES', 'ACTIVITY']
2026-04-03 14:39:31 | INFO  | phase_ext_benchmark |   184p.csv: 10000 rows, cols=['SMILES', 'ACTIVITY']
2026-04-03 14:39:31 | INFO  | phase_ext_benchmark |   686p.csv: 10000 rows, cols=['SMILES', 'ACTIVITY']
2026-04-03 14:39:31 | INFO  | phase_ext_benchmark |   297p.csv: 10000 rows, cols=['SMILES', 'ACTIVITY']
2026-04-03 14:39:31 | INFO  | phase_ext_benchmark |   709p.csv: 10000 rows, cols=['SMILES', 'ACTIVITY']
2026-04-03 14:39:31 | INFO  | phase_ext_benchmark |   752p.csv: 10000 rows, cols=['SMILES', 'ACTIVITY']
2026-04-03 14:39:31 | INFO  | phase_ext_benchmark |   1075p.csv: 10000 rows, cols=['SMILES', 'ACTIVITY']
2026-04-03 14:39:31 | INFO  | phase_ext_benchmark |   414p.csv: 10000 rows, cols=['SMILES', 'ACTIVITY']
2026-04-03 14:39:31 | INFO  | phase_ext_benchmark |   644p.csv: 10000 rows, cols=['SMILES', 'ACTIVITY']
2026-04-03 14:39:31 | INFO  | phase_ext_benchmark |   970p.csv: 10000 rows, cols=['SMILES', 'ACTIVITY']
2026-04-03 14:39:31 | INFO  | phase_ext_benchmark |   1099p.csv: 10000 rows, cols=['SMILES', 'ACTIVITY']
2026-04-03 14:39:31 | INFO  | phase_ext_benchmark |   724p.csv: 10000 rows, cols=['SMILES', 'ACTIVITY']
2026-04-03 14:39:31 | INFO  | phase_ext_benchmark |   559p.csv: 10000 rows, cols=['SMILES', 'ACTIVITY']
2026-04-03 14:39:31 | INFO  | phase_ext_benchmark |   461p.csv: 10000 rows, cols=['SMILES', 'ACTIVITY']
2026-04-03 14:39:31 | INFO  | phase_ext_benchmark |   910p.csv: 10000 rows, cols=['SMILES', 'ACTIVITY']
2026-04-03 14:39:31 | INFO  | phase_ext_benchmark |   690p.csv: 10000 rows, cols=['SMILES', 'ACTIVITY']
2026-04-03 14:39:31 | INFO  | phase_ext_benchmark |   505p.csv: 10000 rows, cols=['SMILES', 'ACTIVITY']
2026-04-03 14:39:31 | INFO  | phase_ext_benchmark |   130p.csv: 10000 rows, cols=['SMILES', 'ACTIVITY']
2026-04-03 14:39:32 | INFO  | phase_ext_benchmark |   668p.csv: 10000 rows, cols=['SMILES', 'ACTIVITY']
2026-04-03 14:39:32 | INFO  | phase_ext_benchmark |   89p.csv: 10000 rows, cols=['SMILES', 'ACTIVITY']
2026-04-03 14:39:32 | INFO  | phase_ext_benchmark |   319p.csv: 10000 rows, cols=['SMILES', 'ACTIVITY']
2026-04-03 14:39:32 | INFO  | phase_ext_benchmark |   4p.csv: 99999 rows, cols=['CCNC(=O)Nc1ccc2c(c1)C(=O)N(C)[C@@H]1CC[C@H](CC(=O)N[C@@H](C)c3ccccc3)O[C@H]1CO2', 'ACTIVITY']
2026-04-03 14:39:32 | INFO  | phase_ext_benchmark |   0p.csv: 99999 rows, cols=['SMILES', 'ACTIVITY']
2026-04-03 14:39:32 | INFO  | phase_ext_benchmark |   1p.csv: 99999 rows, cols=['CC(=O)N1N=C(C[C@@H]1c1ccccc1[N+](=O)[O-])c1ccccc1', 'ACTIVITY']
2026-04-03 14:39:32 | INFO  | phase_ext_benchmark |   6p.csv: 99999 rows, cols=['CN1CCCN(CC1=O)C(=O)NCc1oc2ccc(cc2c1C)F', 'ACTIVITY']
2026-04-03 14:39:32 | INFO  | phase_ext_benchmark |   2p.csv: 99999 rows, cols=['[O-][N+](=O)c1cccc(c1)C(=N)NOC(=O)c1ccccc1Br', 'ACTIVITY']
2026-04-03 14:39:32 | INFO  | phase_ext_benchmark |   3p.csv: 99999 rows, cols=['Fc1ccc(cc1)C(=O)NNC(=O)c1cccs1', 'ACTIVITY']
2026-04-03 14:39:32 | INFO  | phase_ext_benchmark |   5p.csv: 99999 rows, cols=['COC(=O)c1sc(c(c1C)C(=O)OC)NC(=O)CSC1=Nc2ccccc2C(=O)N1c1ccccc1', 'ACTIVITY']
2026-04-03 14:39:32 | INFO  | phase_ext_benchmark |   7p.csv: 99149 rows, cols=['Cc1c(nnn1-c1ccccc1F)C(=O)Nc1ccccc1', 'ACTIVITY']
2026-04-03 14:39:32 | INFO  | phase_ext_benchmark |   train.csv: 39312 rows, cols=['SMILES', 'ACTIVITY']
2026-04-03 14:39:32 | INFO  | phase_ext_benchmark |   test.csv: 283 rows, cols=['SMILES']
2026-04-03 14:39:32 | INFO  | phase_ext_benchmark |   hit.csv: 1 rows, cols=['SMILES']
2026-04-03 14:39:32 | INFO  | phase_ext_benchmark |   hits.csv: 9 compounds overlap with our Hub
2026-04-03 14:39:32 | INFO  | phase_ext_benchmark |   746p.csv: 0 compounds overlap with our Hub
2026-04-03 14:39:32 | INFO  | phase_ext_benchmark |   70p.csv: 0 compounds overlap with our Hub
2026-04-03 14:39:32 | INFO  | phase_ext_benchmark |   404p.csv: 0 compounds overlap with our Hub
2026-04-03 14:39:32 | INFO  | phase_ext_benchmark |   1103p.csv: 0 compounds overlap with our Hub
2026-04-03 14:39:32 | INFO  | phase_ext_benchmark |   356p.csv: 0 compounds overlap with our Hub
2026-04-03 14:39:32 | INFO  | phase_ext_benchmark |   538p.csv: 0 compounds overlap with our Hub
2026-04-03 14:39:32 | INFO  | phase_ext_benchmark |   394p.csv: 0 compounds overlap with our Hub
2026-04-03 14:39:32 | INFO  | phase_ext_benchmark |   212p.csv: 0 compounds overlap with our Hub
2026-04-03 14:39:32 | INFO  | phase_ext_benchmark |   500p.csv: 0 compounds overlap with our Hub
2026-04-03 14:39:32 | INFO  | phase_ext_benchmark |   292p.csv: 0 compounds overlap with our Hub
2026-04-03 14:39:32 | INFO  | phase_ext_benchmark |   405p.csv: 0 compounds overlap with our Hub
2026-04-03 14:39:32 | INFO  | phase_ext_benchmark |   486p.csv: 0 compounds overlap with our Hub
2026-04-03 14:39:32 | INFO  | phase_ext_benchmark |   525p.csv: 0 compounds overlap with our Hub
2026-04-03 14:39:32 | INFO  | phase_ext_benchmark |   368p.csv: 0 compounds overlap with our Hub
2026-04-03 14:39:32 | INFO  | phase_ext_benchmark |   412p.csv: 0 compounds overlap with our Hub
2026-04-03 14:39:32 | INFO  | phase_ext_benchmark |   715p.csv: 0 compounds overlap with our Hub
2026-04-03 14:39:32 | INFO  | phase_ext_benchmark |   611p.csv: 0 compounds overlap with our Hub
2026-04-03 14:39:32 | INFO  | phase_ext_benchmark |   403p.csv: 0 compounds overlap with our Hub
2026-04-03 14:39:32 | INFO  | phase_ext_benchmark |   935p.csv: 0 compounds overlap with our Hub
2026-04-03 14:39:33 | INFO  | phase_ext_benchmark |   222p.csv: 0 compounds overlap with our Hub
2026-04-03 14:39:33 | INFO  | phase_ext_benchmark |   280p.csv: 0 compounds overlap with our Hub
2026-04-03 14:39:33 | INFO  | phase_ext_benchmark |   981p.csv: 0 compounds overlap with our Hub
2026-04-03 14:39:33 | INFO  | phase_ext_benchmark |   235p.csv: 0 compounds overlap with our Hub
2026-04-03 14:39:33 | INFO  | phase_ext_benchmark |   591p.csv: 0 compounds overlap with our Hub
2026-04-03 14:39:33 | INFO  | phase_ext_benchmark |   102p.csv: 0 compounds overlap with our Hub
2026-04-03 14:39:33 | INFO  | phase_ext_benchmark |   613p.csv: 0 compounds overlap with our Hub
2026-04-03 14:39:33 | INFO  | phase_ext_benchmark |   648p.csv: 0 compounds overlap with our Hub
2026-04-03 14:39:33 | INFO  | phase_ext_benchmark |   914p.csv: 0 compounds overlap with our Hub
2026-04-03 14:39:33 | INFO  | phase_ext_benchmark |   904p.csv: 0 compounds overlap with our Hub
2026-04-03 14:39:33 | INFO  | phase_ext_benchmark |   374p.csv: 0 compounds overlap with our Hub
2026-04-03 14:39:33 | INFO  | phase_ext_benchmark |   223p.csv: 0 compounds overlap with our Hub
2026-04-03 14:39:33 | INFO  | phase_ext_benchmark |   759p.csv: 0 compounds overlap with our Hub
2026-04-03 14:39:33 | INFO  | phase_ext_benchmark |   600p.csv: 0 compounds overlap with our Hub
2026-04-03 14:39:33 | INFO  | phase_ext_benchmark |   1091p.csv: 0 compounds overlap with our Hub
2026-04-03 14:39:33 | INFO  | phase_ext_benchmark |   173p.csv: 0 compounds overlap with our Hub
2026-04-03 14:39:33 | INFO  | phase_ext_benchmark |   796p.csv: 0 compounds overlap with our Hub
2026-04-03 14:39:33 | INFO  | phase_ext_benchmark |   898p.csv: 0 compounds overlap with our Hub
2026-04-03 14:39:33 | INFO  | phase_ext_benchmark |   812p.csv: 0 compounds overlap with our Hub
2026-04-03 14:39:33 | INFO  | phase_ext_benchmark |   388p.csv: 0 compounds overlap with our Hub
2026-04-03 14:39:33 | INFO  | phase_ext_benchmark |   790p.csv: 0 compounds overlap with our Hub
2026-04-03 14:39:33 | INFO  | phase_ext_benchmark |   371p.csv: 0 compounds overlap with our Hub
2026-04-03 14:39:33 | INFO  | phase_ext_benchmark |   951p.csv: 0 compounds overlap with our Hub
2026-04-03 14:39:33 | INFO  | phase_ext_benchmark |   1024p.csv: 0 compounds overlap with our Hub
2026-04-03 14:39:33 | INFO  | phase_ext_benchmark |   788p.csv: 0 compounds overlap with our Hub
2026-04-03 14:39:33 | INFO  | phase_ext_benchmark |   169p.csv: 0 compounds overlap with our Hub
2026-04-03 14:39:33 | INFO  | phase_ext_benchmark |   1011p.csv: 0 compounds overlap with our Hub
2026-04-03 14:39:33 | INFO  | phase_ext_benchmark |   23p.csv: 0 compounds overlap with our Hub
2026-04-03 14:39:33 | INFO  | phase_ext_benchmark |   744p.csv: 0 compounds overlap with our Hub
2026-04-03 14:39:33 | INFO  | phase_ext_benchmark |   1039p.csv: 0 compounds overlap with our Hub
2026-04-03 14:39:33 | INFO  | phase_ext_benchmark |   896p.csv: 0 compounds overlap with our Hub
2026-04-03 14:39:33 | INFO  | phase_ext_benchmark |   568p.csv: 0 compounds overlap with our Hub
2026-04-03 14:39:33 | INFO  | phase_ext_benchmark |   457p.csv: 0 compounds overlap with our Hub
2026-04-03 14:39:33 | INFO  | phase_ext_benchmark |   814p.csv: 0 compounds overlap with our Hub
2026-04-03 14:39:33 | INFO  | phase_ext_benchmark |   548p.csv: 0 compounds overlap with our Hub
2026-04-03 14:39:33 | INFO  | phase_ext_benchmark |   141p.csv: 0 compounds overlap with our Hub
2026-04-03 14:39:33 | INFO  | phase_ext_benchmark |   254p.csv: 0 compounds overlap with our Hub
2026-04-03 14:39:33 | INFO  | phase_ext_benchmark |   903p.csv: 0 compounds overlap with our Hub
2026-04-03 14:39:33 | INFO  | phase_ext_benchmark |   430p.csv: 0 compounds overlap with our Hub
2026-04-03 14:39:33 | INFO  | phase_ext_benchmark |   823p.csv: 0 compounds overlap with our Hub
2026-04-03 14:39:33 | INFO  | phase_ext_benchmark |   536p.csv: 0 compounds overlap with our Hub
2026-04-03 14:39:33 | INFO  | phase_ext_benchmark |   1052p.csv: 0 compounds overlap with our Hub
2026-04-03 14:39:33 | INFO  | phase_ext_benchmark |   582p.csv: 0 compounds overlap with our Hub
2026-04-03 14:39:33 | INFO  | phase_ext_benchmark |   564p.csv: 0 compounds overlap with our Hub
2026-04-03 14:39:33 | INFO  | phase_ext_benchmark |   925p.csv: 0 compounds overlap with our Hub
2026-04-03 14:39:33 | INFO  | phase_ext_benchmark |   927p.csv: 0 compounds overlap with our Hub
2026-04-03 14:39:33 | INFO  | phase_ext_benchmark |   633p.csv: 0 compounds overlap with our Hub
2026-04-03 14:39:33 | INFO  | phase_ext_benchmark |   816p.csv: 0 compounds overlap with our Hub
2026-04-03 14:39:33 | INFO  | phase_ext_benchmark |   672p.csv: 0 compounds overlap with our Hub
2026-04-03 14:39:33 | INFO  | phase_ext_benchmark |   826p.csv: 0 compounds overlap with our Hub
2026-04-03 14:39:33 | INFO  | phase_ext_benchmark |   960p.csv: 0 compounds overlap with our Hub
2026-04-03 14:39:33 | INFO  | phase_ext_benchmark |   580p.csv: 0 compounds overlap with our Hub
2026-04-03 14:39:33 | INFO  | phase_ext_benchmark |   492p.csv: 0 compounds overlap with our Hub
2026-04-03 14:39:33 | INFO  | phase_ext_benchmark |   121p.csv: 0 compounds overlap with our Hub
2026-04-03 14:39:33 | INFO  | phase_ext_benchmark |   765p.csv: 0 compounds overlap with our Hub
2026-04-03 14:39:33 | INFO  | phase_ext_benchmark |   1060p.csv: 0 compounds overlap with our Hub
2026-04-03 14:39:33 | INFO  | phase_ext_benchmark |   730p.csv: 0 compounds overlap with our Hub
2026-04-03 14:39:33 | INFO  | phase_ext_benchmark |   1048p.csv: 0 compounds overlap with our Hub
2026-04-03 14:39:33 | INFO  | phase_ext_benchmark |   528p.csv: 0 compounds overlap with our Hub
2026-04-03 14:39:33 | INFO  | phase_ext_benchmark |   1109p.csv: 0 compounds overlap with our Hub
2026-04-03 14:39:33 | INFO  | phase_ext_benchmark |   238p.csv: 0 compounds overlap with our Hub
2026-04-03 14:39:33 | INFO  | phase_ext_benchmark |   874p.csv: 0 compounds overlap with our Hub
2026-04-03 14:39:33 | INFO  | phase_ext_benchmark |   737p.csv: 0 compounds overlap with our Hub
2026-04-03 14:39:33 | INFO  | phase_ext_benchmark |   47p.csv: 0 compounds overlap with our Hub
2026-04-03 14:39:33 | INFO  | phase_ext_benchmark |   474p.csv: 0 compounds overlap with our Hub
2026-04-03 14:39:33 | INFO  | phase_ext_benchmark |   432p.csv: 0 compounds overlap with our Hub
2026-04-03 14:39:33 | INFO  | phase_ext_benchmark |   306p.csv: 0 compounds overlap with our Hub
2026-04-03 14:39:33 | INFO  | phase_ext_benchmark |   628p.csv: 0 compounds overlap with our Hub
2026-04-03 14:39:33 | INFO  | phase_ext_benchmark |   214p.csv: 0 compounds overlap with our Hub
2026-04-03 14:39:33 | INFO  | phase_ext_benchmark |   1086p.csv: 0 compounds overlap with our Hub
2026-04-03 14:39:33 | INFO  | phase_ext_benchmark |   986p.csv: 0 compounds overlap with our Hub
2026-04-03 14:39:33 | INFO  | phase_ext_benchmark |   864p.csv: 0 compounds overlap with our Hub
2026-04-03 14:39:33 | INFO  | phase_ext_benchmark |   677p.csv: 0 compounds overlap with our Hub
2026-04-03 14:39:33 | INFO  | phase_ext_benchmark |   547p.csv: 0 compounds overlap with our Hub
2026-04-03 14:39:33 | INFO  | phase_ext_benchmark |   1064p.csv: 0 compounds overlap with our Hub
2026-04-03 14:39:33 | INFO  | phase_ext_benchmark |   700p.csv: 0 compounds overlap with our Hub
2026-04-03 14:39:33 | INFO  | phase_ext_benchmark |   193p.csv: 0 compounds overlap with our Hub
2026-04-03 14:39:33 | INFO  | phase_ext_benchmark |   265p.csv: 0 compounds overlap with our Hub
2026-04-03 14:39:33 | INFO  | phase_ext_benchmark |   697p.csv: 0 compounds overlap with our Hub
2026-04-03 14:39:33 | INFO  | phase_ext_benchmark |   766p.csv: 1 compounds overlap with our Hub
2026-04-03 14:39:33 | INFO  | phase_ext_benchmark |   877p.csv: 0 compounds overlap with our Hub
2026-04-03 14:39:33 | INFO  | phase_ext_benchmark |   117p.csv: 0 compounds overlap with our Hub
2026-04-03 14:39:33 | INFO  | phase_ext_benchmark |   871p.csv: 0 compounds overlap with our Hub
2026-04-03 14:39:33 | INFO  | phase_ext_benchmark |   1089p.csv: 0 compounds overlap with our Hub
2026-04-03 14:39:33 | INFO  | phase_ext_benchmark |   912p.csv: 0 compounds overlap with our Hub
2026-04-03 14:39:33 | INFO  | phase_ext_benchmark |   124p.csv: 0 compounds overlap with our Hub
2026-04-03 14:39:33 | INFO  | phase_ext_benchmark |   245p.csv: 0 compounds overlap with our Hub
2026-04-03 14:39:33 | INFO  | phase_ext_benchmark |   219p.csv: 0 compounds overlap with our Hub
2026-04-03 14:39:33 | INFO  | phase_ext_benchmark |   1118p.csv: 0 compounds overlap with our Hub
2026-04-03 14:39:33 | INFO  | phase_ext_benchmark |   127p.csv: 0 compounds overlap with our Hub
2026-04-03 14:39:33 | INFO  | phase_ext_benchmark |   227p.csv: 0 compounds overlap with our Hub
2026-04-03 14:39:33 | INFO  | phase_ext_benchmark |   452p.csv: 0 compounds overlap with our Hub
2026-04-03 14:39:33 | INFO  | phase_ext_benchmark |   439p.csv: 0 compounds overlap with our Hub
2026-04-03 14:39:33 | INFO  | phase_ext_benchmark |   1004p.csv: 0 compounds overlap with our Hub
2026-04-03 14:39:33 | INFO  | phase_ext_benchmark |   336p.csv: 0 compounds overlap with our Hub
2026-04-03 14:39:33 | INFO  | phase_ext_benchmark |   858p.csv: 0 compounds overlap with our Hub
2026-04-03 14:39:33 | INFO  | phase_ext_benchmark |   87p.csv: 0 compounds overlap with our Hub
2026-04-03 14:39:33 | INFO  | phase_ext_benchmark |   397p.csv: 0 compounds overlap with our Hub
2026-04-03 14:39:34 | INFO  | phase_ext_benchmark |   684p.csv: 0 compounds overlap with our Hub
2026-04-03 14:39:34 | INFO  | phase_ext_benchmark |   376p.csv: 0 compounds overlap with our Hub
2026-04-03 14:39:34 | INFO  | phase_ext_benchmark |   391p.csv: 0 compounds overlap with our Hub
2026-04-03 14:39:34 | INFO  | phase_ext_benchmark |   755p.csv: 0 compounds overlap with our Hub
2026-04-03 14:39:34 | INFO  | phase_ext_benchmark |   233p.csv: 0 compounds overlap with our Hub
2026-04-03 14:39:34 | INFO  | phase_ext_benchmark |   764p.csv: 0 compounds overlap with our Hub
2026-04-03 14:39:34 | INFO  | phase_ext_benchmark |   213p.csv: 0 compounds overlap with our Hub
2026-04-03 14:39:34 | INFO  | phase_ext_benchmark |   488p.csv: 0 compounds overlap with our Hub
2026-04-03 14:39:34 | INFO  | phase_ext_benchmark |   828p.csv: 0 compounds overlap with our Hub
2026-04-03 14:39:34 | INFO  | phase_ext_benchmark |   671p.csv: 0 compounds overlap with our Hub
2026-04-03 14:39:34 | INFO  | phase_ext_benchmark |   68p.csv: 0 compounds overlap with our Hub
2026-04-03 14:39:34 | INFO  | phase_ext_benchmark |   546p.csv: 0 compounds overlap with our Hub
2026-04-03 14:39:34 | INFO  | phase_ext_benchmark |   1057p.csv: 0 compounds overlap with our Hub
2026-04-03 14:39:34 | INFO  | phase_ext_benchmark |   431p.csv: 0 compounds overlap with our Hub
2026-04-03 14:39:34 | INFO  | phase_ext_benchmark |   285p.csv: 0 compounds overlap with our Hub
2026-04-03 14:39:34 | INFO  | phase_ext_benchmark |   615p.csv: 0 compounds overlap with our Hub
2026-04-03 14:39:34 | INFO  | phase_ext_benchmark |   171p.csv: 0 compounds overlap with our Hub
2026-04-03 14:39:34 | INFO  | phase_ext_benchmark |   685p.csv: 0 compounds overlap with our Hub
2026-04-03 14:39:34 | INFO  | phase_ext_benchmark |   1104p.csv: 0 compounds overlap with our Hub
2026-04-03 14:39:34 | INFO  | phase_ext_benchmark |   1040p.csv: 0 compounds overlap with our Hub
2026-04-03 14:39:34 | INFO  | phase_ext_benchmark |   639p.csv: 0 compounds overlap with our Hub
2026-04-03 14:39:34 | INFO  | phase_ext_benchmark |   353p.csv: 0 compounds overlap with our Hub
2026-04-03 14:39:34 | INFO  | phase_ext_benchmark |   398p.csv: 0 compounds overlap with our Hub
2026-04-03 14:39:34 | INFO  | phase_ext_benchmark |   158p.csv: 0 compounds overlap with our Hub
2026-04-03 14:39:34 | INFO  | phase_ext_benchmark |   361p.csv: 0 compounds overlap with our Hub
2026-04-03 14:39:34 | INFO  | phase_ext_benchmark |   566p.csv: 0 compounds overlap with our Hub
2026-04-03 14:39:34 | INFO  | phase_ext_benchmark |   937p.csv: 0 compounds overlap with our Hub
2026-04-03 14:39:34 | INFO  | phase_ext_benchmark |   659p.csv: 0 compounds overlap with our Hub
2026-04-03 14:39:34 | INFO  | phase_ext_benchmark |   1043p.csv: 0 compounds overlap with our Hub
2026-04-03 14:39:34 | INFO  | phase_ext_benchmark |   511p.csv: 0 compounds overlap with our Hub
2026-04-03 14:39:34 | INFO  | phase_ext_benchmark |   347p.csv: 0 compounds overlap with our Hub
2026-04-03 14:39:34 | INFO  | phase_ext_benchmark |   817p.csv: 0 compounds overlap with our Hub
2026-04-03 14:39:34 | INFO  | phase_ext_benchmark |   906p.csv: 0 compounds overlap with our Hub
2026-04-03 14:39:34 | INFO  | phase_ext_benchmark |   507p.csv: 0 compounds overlap with our Hub
2026-04-03 14:39:34 | INFO  | phase_ext_benchmark |   384p.csv: 0 compounds overlap with our Hub
2026-04-03 14:39:34 | INFO  | phase_ext_benchmark |   273p.csv: 0 compounds overlap with our Hub
2026-04-03 14:39:34 | INFO  | phase_ext_benchmark |   484p.csv: 0 compounds overlap with our Hub
2026-04-03 14:39:34 | INFO  | phase_ext_benchmark |   269p.csv: 0 compounds overlap with our Hub
2026-04-03 14:39:34 | INFO  | phase_ext_benchmark |   900p.csv: 0 compounds overlap with our Hub
2026-04-03 14:39:34 | INFO  | phase_ext_benchmark |   73p.csv: 0 compounds overlap with our Hub
2026-04-03 14:39:34 | INFO  | phase_ext_benchmark |   105p.csv: 0 compounds overlap with our Hub
2026-04-03 14:39:34 | INFO  | phase_ext_benchmark |   660p.csv: 0 compounds overlap with our Hub
2026-04-03 14:39:34 | INFO  | phase_ext_benchmark |   475p.csv: 0 compounds overlap with our Hub
2026-04-03 14:39:34 | INFO  | phase_ext_benchmark |   859p.csv: 0 compounds overlap with our Hub
2026-04-03 14:39:34 | INFO  | phase_ext_benchmark |   263p.csv: 0 compounds overlap with our Hub
2026-04-03 14:39:34 | INFO  | phase_ext_benchmark |   1062p.csv: 0 compounds overlap with our Hub
2026-04-03 14:39:34 | INFO  | phase_ext_benchmark |   811p.csv: 1 compounds overlap with our Hub
2026-04-03 14:39:34 | INFO  | phase_ext_benchmark |   1044p.csv: 0 compounds overlap with our Hub
2026-04-03 14:39:34 | INFO  | phase_ext_benchmark |   1008p.csv: 0 compounds overlap with our Hub
2026-04-03 14:39:34 | INFO  | phase_ext_benchmark |   714p.csv: 0 compounds overlap with our Hub
2026-04-03 14:39:34 | INFO  | phase_ext_benchmark |   463p.csv: 0 compounds overlap with our Hub
2026-04-03 14:39:34 | INFO  | phase_ext_benchmark |   717p.csv: 0 compounds overlap with our Hub
2026-04-03 14:39:34 | INFO  | phase_ext_benchmark |   179p.csv: 0 compounds overlap with our Hub
2026-04-03 14:39:34 | INFO  | phase_ext_benchmark |   340p.csv: 0 compounds overlap with our Hub
2026-04-03 14:39:34 | INFO  | phase_ext_benchmark |   646p.csv: 0 compounds overlap with our Hub
2026-04-03 14:39:34 | INFO  | phase_ext_benchmark |   676p.csv: 0 compounds overlap with our Hub
2026-04-03 14:39:34 | INFO  | phase_ext_benchmark |   176p.csv: 0 compounds overlap with our Hub
2026-04-03 14:39:34 | INFO  | phase_ext_benchmark |   83p.csv: 0 compounds overlap with our Hub
2026-04-03 14:39:34 | INFO  | phase_ext_benchmark |   333p.csv: 0 compounds overlap with our Hub
2026-04-03 14:39:34 | INFO  | phase_ext_benchmark |   1035p.csv: 0 compounds overlap with our Hub
2026-04-03 14:39:34 | INFO  | phase_ext_benchmark |   59p.csv: 0 compounds overlap with our Hub
2026-04-03 14:39:34 | INFO  | phase_ext_benchmark |   629p.csv: 0 compounds overlap with our Hub
2026-04-03 14:39:34 | INFO  | phase_ext_benchmark |   636p.csv: 0 compounds overlap with our Hub
2026-04-03 14:39:34 | INFO  | phase_ext_benchmark |   407p.csv: 0 compounds overlap with our Hub
2026-04-03 14:39:34 | INFO  | phase_ext_benchmark |   237p.csv: 0 compounds overlap with our Hub
2026-04-03 14:39:34 | INFO  | phase_ext_benchmark |   882p.csv: 0 compounds overlap with our Hub
2026-04-03 14:39:34 | INFO  | phase_ext_benchmark |   784p.csv: 0 compounds overlap with our Hub
2026-04-03 14:39:34 | INFO  | phase_ext_benchmark |   95p.csv: 0 compounds overlap with our Hub
2026-04-03 14:39:34 | INFO  | phase_ext_benchmark |   34p.csv: 0 compounds overlap with our Hub
2026-04-03 14:39:34 | INFO  | phase_ext_benchmark |   508p.csv: 0 compounds overlap with our Hub
2026-04-03 14:39:34 | INFO  | phase_ext_benchmark |   884p.csv: 0 compounds overlap with our Hub
2026-04-03 14:39:34 | INFO  | phase_ext_benchmark |   977p.csv: 0 compounds overlap with our Hub
2026-04-03 14:39:34 | INFO  | phase_ext_benchmark |   164p.csv: 0 compounds overlap with our Hub
2026-04-03 14:39:34 | INFO  | phase_ext_benchmark |   762p.csv: 0 compounds overlap with our Hub
2026-04-03 14:39:34 | INFO  | phase_ext_benchmark |   321p.csv: 0 compounds overlap with our Hub
2026-04-03 14:39:34 | INFO  | phase_ext_benchmark |   1108p.csv: 0 compounds overlap with our Hub
2026-04-03 14:39:34 | INFO  | phase_ext_benchmark |   33p.csv: 0 compounds overlap with our Hub
2026-04-03 14:39:34 | INFO  | phase_ext_benchmark |   267p.csv: 0 compounds overlap with our Hub
2026-04-03 14:39:34 | INFO  | phase_ext_benchmark |   583p.csv: 0 compounds overlap with our Hub
2026-04-03 14:39:34 | INFO  | phase_ext_benchmark |   320p.csv: 0 compounds overlap with our Hub
2026-04-03 14:39:34 | INFO  | phase_ext_benchmark |   1023p.csv: 0 compounds overlap with our Hub
2026-04-03 14:39:34 | INFO  | phase_ext_benchmark |   901p.csv: 0 compounds overlap with our Hub
2026-04-03 14:39:34 | INFO  | phase_ext_benchmark |   1021p.csv: 0 compounds overlap with our Hub
2026-04-03 14:39:34 | INFO  | phase_ext_benchmark |   978p.csv: 0 compounds overlap with our Hub
2026-04-03 14:39:34 | INFO  | phase_ext_benchmark |   846p.csv: 0 compounds overlap with our Hub
2026-04-03 14:39:34 | INFO  | phase_ext_benchmark |   188p.csv: 0 compounds overlap with our Hub
2026-04-03 14:39:34 | INFO  | phase_ext_benchmark |   395p.csv: 0 compounds overlap with our Hub
2026-04-03 14:39:34 | INFO  | phase_ext_benchmark |   588p.csv: 0 compounds overlap with our Hub
2026-04-03 14:39:34 | INFO  | phase_ext_benchmark |   1095p.csv: 0 compounds overlap with our Hub
2026-04-03 14:39:34 | INFO  | phase_ext_benchmark |   151p.csv: 0 compounds overlap with our Hub
2026-04-03 14:39:34 | INFO  | phase_ext_benchmark |   351p.csv: 0 compounds overlap with our Hub
2026-04-03 14:39:34 | INFO  | phase_ext_benchmark |   194p.csv: 0 compounds overlap with our Hub
2026-04-03 14:39:34 | INFO  | phase_ext_benchmark |   313p.csv: 0 compounds overlap with our Hub
2026-04-03 14:39:34 | INFO  | phase_ext_benchmark |   462p.csv: 0 compounds overlap with our Hub
2026-04-03 14:39:34 | INFO  | phase_ext_benchmark |   933p.csv: 0 compounds overlap with our Hub
2026-04-03 14:39:34 | INFO  | phase_ext_benchmark |   773p.csv: 0 compounds overlap with our Hub
2026-04-03 14:39:34 | INFO  | phase_ext_benchmark |   272p.csv: 0 compounds overlap with our Hub
2026-04-03 14:39:34 | INFO  | phase_ext_benchmark |   649p.csv: 0 compounds overlap with our Hub
2026-04-03 14:39:34 | INFO  | phase_ext_benchmark |   739p.csv: 0 compounds overlap with our Hub
2026-04-03 14:39:34 | INFO  | phase_ext_benchmark |   110p.csv: 0 compounds overlap with our Hub
2026-04-03 14:39:34 | INFO  | phase_ext_benchmark |   658p.csv: 0 compounds overlap with our Hub
2026-04-03 14:39:34 | INFO  | phase_ext_benchmark |   22p.csv: 0 compounds overlap with our Hub
2026-04-03 14:39:34 | INFO  | phase_ext_benchmark |   177p.csv: 0 compounds overlap with our Hub
2026-04-03 14:39:34 | INFO  | phase_ext_benchmark |   455p.csv: 0 compounds overlap with our Hub
2026-04-03 14:39:34 | INFO  | phase_ext_benchmark |   1059p.csv: 0 compounds overlap with our Hub
2026-04-03 14:39:35 | INFO  | phase_ext_benchmark |   713p.csv: 0 compounds overlap with our Hub
2026-04-03 14:39:35 | INFO  | phase_ext_benchmark |   521p.csv: 0 compounds overlap with our Hub
2026-04-03 14:39:35 | INFO  | phase_ext_benchmark |   807p.csv: 0 compounds overlap with our Hub
2026-04-03 14:39:35 | INFO  | phase_ext_benchmark |   416p.csv: 0 compounds overlap with our Hub
2026-04-03 14:39:35 | INFO  | phase_ext_benchmark |   512p.csv: 0 compounds overlap with our Hub
2026-04-03 14:39:35 | INFO  | phase_ext_benchmark |   185p.csv: 0 compounds overlap with our Hub
2026-04-03 14:39:35 | INFO  | phase_ext_benchmark |   883p.csv: 0 compounds overlap with our Hub
2026-04-03 14:39:35 | INFO  | phase_ext_benchmark |   471p.csv: 0 compounds overlap with our Hub
2026-04-03 14:39:35 | INFO  | phase_ext_benchmark |   1022p.csv: 0 compounds overlap with our Hub
2026-04-03 14:39:35 | INFO  | phase_ext_benchmark |   487p.csv: 0 compounds overlap with our Hub
2026-04-03 14:39:35 | INFO  | phase_ext_benchmark |   675p.csv: 0 compounds overlap with our Hub
2026-04-03 14:39:35 | INFO  | phase_ext_benchmark |   1006p.csv: 0 compounds overlap with our Hub
2026-04-03 14:39:35 | INFO  | phase_ext_benchmark |   52p.csv: 0 compounds overlap with our Hub
2026-04-03 14:39:35 | INFO  | phase_ext_benchmark |   689p.csv: 0 compounds overlap with our Hub
2026-04-03 14:39:35 | INFO  | phase_ext_benchmark |   472p.csv: 0 compounds overlap with our Hub
2026-04-03 14:39:35 | INFO  | phase_ext_benchmark |   929p.csv: 0 compounds overlap with our Hub
2026-04-03 14:39:35 | INFO  | phase_ext_benchmark |   445p.csv: 0 compounds overlap with our Hub
2026-04-03 14:39:35 | INFO  | phase_ext_benchmark |   944p.csv: 0 compounds overlap with our Hub
2026-04-03 14:39:35 | INFO  | phase_ext_benchmark |   780p.csv: 0 compounds overlap with our Hub
2026-04-03 14:39:35 | INFO  | phase_ext_benchmark |   1019p.csv: 0 compounds overlap with our Hub
2026-04-03 14:39:35 | INFO  | phase_ext_benchmark |   707p.csv: 0 compounds overlap with our Hub
2026-04-03 14:39:35 | INFO  | phase_ext_benchmark |   485p.csv: 0 compounds overlap with our Hub
2026-04-03 14:39:35 | INFO  | phase_ext_benchmark |   278p.csv: 0 compounds overlap with our Hub
2026-04-03 14:39:35 | INFO  | phase_ext_benchmark |   501p.csv: 0 compounds overlap with our Hub
2026-04-03 14:39:35 | INFO  | phase_ext_benchmark |   1090p.csv: 0 compounds overlap with our Hub
2026-04-03 14:39:35 | INFO  | phase_ext_benchmark |   1068p.csv: 0 compounds overlap with our Hub
2026-04-03 14:39:35 | INFO  | phase_ext_benchmark |   342p.csv: 0 compounds overlap with our Hub
2026-04-03 14:39:35 | INFO  | phase_ext_benchmark |   852p.csv: 0 compounds overlap with our Hub
2026-04-03 14:39:35 | INFO  | phase_ext_benchmark |   287p.csv: 0 compounds overlap with our Hub
2026-04-03 14:39:35 | INFO  | phase_ext_benchmark |   317p.csv: 0 compounds overlap with our Hub
2026-04-03 14:39:35 | INFO  | phase_ext_benchmark |   515p.csv: 0 compounds overlap with our Hub
2026-04-03 14:39:35 | INFO  | phase_ext_benchmark |   277p.csv: 0 compounds overlap with our Hub
2026-04-03 14:39:35 | INFO  | phase_ext_benchmark |   897p.csv: 0 compounds overlap with our Hub
2026-04-03 14:39:35 | INFO  | phase_ext_benchmark |   695p.csv: 0 compounds overlap with our Hub
2026-04-03 14:39:35 | INFO  | phase_ext_benchmark |   423p.csv: 0 compounds overlap with our Hub
2026-04-03 14:39:35 | INFO  | phase_ext_benchmark |   625p.csv: 0 compounds overlap with our Hub
2026-04-03 14:39:35 | INFO  | phase_ext_benchmark |   950p.csv: 0 compounds overlap with our Hub
2026-04-03 14:39:35 | INFO  | phase_ext_benchmark |   769p.csv: 1 compounds overlap with our Hub
2026-04-03 14:39:35 | INFO  | phase_ext_benchmark |   860p.csv: 0 compounds overlap with our Hub
2026-04-03 14:39:35 | INFO  | phase_ext_benchmark |   16p.csv: 0 compounds overlap with our Hub
2026-04-03 14:39:35 | INFO  | phase_ext_benchmark |   905p.csv: 0 compounds overlap with our Hub
2026-04-03 14:39:35 | INFO  | phase_ext_benchmark |   595p.csv: 0 compounds overlap with our Hub
2026-04-03 14:39:35 | INFO  | phase_ext_benchmark |   783p.csv: 0 compounds overlap with our Hub
2026-04-03 14:39:35 | INFO  | phase_ext_benchmark |   1005p.csv: 0 compounds overlap with our Hub
2026-04-03 14:39:35 | INFO  | phase_ext_benchmark |   467p.csv: 0 compounds overlap with our Hub
2026-04-03 14:39:35 | INFO  | phase_ext_benchmark |   632p.csv: 0 compounds overlap with our Hub
2026-04-03 14:39:35 | INFO  | phase_ext_benchmark |   211p.csv: 0 compounds overlap with our Hub
2026-04-03 14:39:35 | INFO  | phase_ext_benchmark |   606p.csv: 0 compounds overlap with our Hub
2026-04-03 14:39:35 | INFO  | phase_ext_benchmark |   533p.csv: 0 compounds overlap with our Hub
2026-04-03 14:39:35 | INFO  | phase_ext_benchmark |   735p.csv: 0 compounds overlap with our Hub
2026-04-03 14:39:35 | INFO  | phase_ext_benchmark |   674p.csv: 0 compounds overlap with our Hub
2026-04-03 14:39:35 | INFO  | phase_ext_benchmark |   13p.csv: 0 compounds overlap with our Hub
2026-04-03 14:39:35 | INFO  | phase_ext_benchmark |   1126p.csv: 0 compounds overlap with our Hub
2026-04-03 14:39:35 | INFO  | phase_ext_benchmark |   85p.csv: 0 compounds overlap with our Hub
2026-04-03 14:39:35 | INFO  | phase_ext_benchmark |   957p.csv: 0 compounds overlap with our Hub
2026-04-03 14:39:35 | INFO  | phase_ext_benchmark |   748p.csv: 0 compounds overlap with our Hub
2026-04-03 14:39:35 | INFO  | phase_ext_benchmark |   113p.csv: 0 compounds overlap with our Hub
2026-04-03 14:39:35 | INFO  | phase_ext_benchmark |   832p.csv: 0 compounds overlap with our Hub
2026-04-03 14:39:35 | INFO  | phase_ext_benchmark |   123p.csv: 0 compounds overlap with our Hub
2026-04-03 14:39:35 | INFO  | phase_ext_benchmark |   1002p.csv: 0 compounds overlap with our Hub
2026-04-03 14:39:35 | INFO  | phase_ext_benchmark |   135p.csv: 0 compounds overlap with our Hub
2026-04-03 14:39:35 | INFO  | phase_ext_benchmark |   327p.csv: 0 compounds overlap with our Hub
2026-04-03 14:39:35 | INFO  | phase_ext_benchmark |   550p.csv: 0 compounds overlap with our Hub
2026-04-03 14:39:35 | INFO  | phase_ext_benchmark |   46p.csv: 0 compounds overlap with our Hub
2026-04-03 14:39:35 | INFO  | phase_ext_benchmark |   1047p.csv: 0 compounds overlap with our Hub
2026-04-03 14:39:35 | INFO  | phase_ext_benchmark |   614p.csv: 0 compounds overlap with our Hub
2026-04-03 14:39:35 | INFO  | phase_ext_benchmark |   444p.csv: 0 compounds overlap with our Hub
2026-04-03 14:39:35 | INFO  | phase_ext_benchmark |   1072p.csv: 0 compounds overlap with our Hub
2026-04-03 14:39:35 | INFO  | phase_ext_benchmark |   740p.csv: 0 compounds overlap with our Hub
2026-04-03 14:39:35 | INFO  | phase_ext_benchmark |   129p.csv: 0 compounds overlap with our Hub
2026-04-03 14:39:35 | INFO  | phase_ext_benchmark |   1122p.csv: 0 compounds overlap with our Hub
2026-04-03 14:39:35 | INFO  | phase_ext_benchmark |   513p.csv: 0 compounds overlap with our Hub
2026-04-03 14:39:35 | INFO  | phase_ext_benchmark |   837p.csv: 0 compounds overlap with our Hub
2026-04-03 14:39:35 | INFO  | phase_ext_benchmark |   734p.csv: 0 compounds overlap with our Hub
2026-04-03 14:39:35 | INFO  | phase_ext_benchmark |   829p.csv: 0 compounds overlap with our Hub
2026-04-03 14:39:35 | INFO  | phase_ext_benchmark |   599p.csv: 0 compounds overlap with our Hub
2026-04-03 14:39:35 | INFO  | phase_ext_benchmark |   206p.csv: 0 compounds overlap with our Hub
2026-04-03 14:39:35 | INFO  | phase_ext_benchmark |   948p.csv: 0 compounds overlap with our Hub
2026-04-03 14:39:35 | INFO  | phase_ext_benchmark |   631p.csv: 0 compounds overlap with our Hub
2026-04-03 14:39:35 | INFO  | phase_ext_benchmark |   44p.csv: 0 compounds overlap with our Hub
2026-04-03 14:39:35 | INFO  | phase_ext_benchmark |   1073p.csv: 0 compounds overlap with our Hub
2026-04-03 14:39:35 | INFO  | phase_ext_benchmark |   743p.csv: 0 compounds overlap with our Hub
2026-04-03 14:39:35 | INFO  | phase_ext_benchmark |   738p.csv: 0 compounds overlap with our Hub
2026-04-03 14:39:35 | INFO  | phase_ext_benchmark |   827p.csv: 0 compounds overlap with our Hub
2026-04-03 14:39:35 | INFO  | phase_ext_benchmark |   15p.csv: 0 compounds overlap with our Hub
2026-04-03 14:39:35 | INFO  | phase_ext_benchmark |   271p.csv: 0 compounds overlap with our Hub
2026-04-03 14:39:35 | INFO  | phase_ext_benchmark |   51p.csv: 0 compounds overlap with our Hub
2026-04-03 14:39:35 | INFO  | phase_ext_benchmark |   36p.csv: 0 compounds overlap with our Hub
2026-04-03 14:39:35 | INFO  | phase_ext_benchmark |   873p.csv: 0 compounds overlap with our Hub
2026-04-03 14:39:35 | INFO  | phase_ext_benchmark |   268p.csv: 0 compounds overlap with our Hub
2026-04-03 14:39:35 | INFO  | phase_ext_benchmark |   1076p.csv: 0 compounds overlap with our Hub
2026-04-03 14:39:35 | INFO  | phase_ext_benchmark |   777p.csv: 0 compounds overlap with our Hub
2026-04-03 14:39:35 | INFO  | phase_ext_benchmark |   296p.csv: 0 compounds overlap with our Hub
2026-04-03 14:39:35 | INFO  | phase_ext_benchmark |   622p.csv: 0 compounds overlap with our Hub
2026-04-03 14:39:35 | INFO  | phase_ext_benchmark |   411p.csv: 0 compounds overlap with our Hub
2026-04-03 14:39:35 | INFO  | phase_ext_benchmark |   562p.csv: 0 compounds overlap with our Hub
2026-04-03 14:39:35 | INFO  | phase_ext_benchmark |   150p.csv: 0 compounds overlap with our Hub
2026-04-03 14:39:35 | INFO  | phase_ext_benchmark |   186p.csv: 0 compounds overlap with our Hub
2026-04-03 14:39:35 | INFO  | phase_ext_benchmark |   637p.csv: 0 compounds overlap with our Hub
2026-04-03 14:39:35 | INFO  | phase_ext_benchmark |   449p.csv: 0 compounds overlap with our Hub
2026-04-03 14:39:35 | INFO  | phase_ext_benchmark |   572p.csv: 0 compounds overlap with our Hub
2026-04-03 14:39:35 | INFO  | phase_ext_benchmark |   742p.csv: 0 compounds overlap with our Hub
2026-04-03 14:39:35 | INFO  | phase_ext_benchmark |   745p.csv: 0 compounds overlap with our Hub
2026-04-03 14:39:35 | INFO  | phase_ext_benchmark |   82p.csv: 0 compounds overlap with our Hub
2026-04-03 14:39:36 | INFO  | phase_ext_benchmark |   156p.csv: 0 compounds overlap with our Hub
2026-04-03 14:39:36 | INFO  | phase_ext_benchmark |   97p.csv: 0 compounds overlap with our Hub
2026-04-03 14:39:36 | INFO  | phase_ext_benchmark |   10p.csv: 0 compounds overlap with our Hub
2026-04-03 14:39:36 | INFO  | phase_ext_benchmark |   902p.csv: 0 compounds overlap with our Hub
2026-04-03 14:39:36 | INFO  | phase_ext_benchmark |   315p.csv: 0 compounds overlap with our Hub
2026-04-03 14:39:36 | INFO  | phase_ext_benchmark |   136p.csv: 0 compounds overlap with our Hub
2026-04-03 14:39:36 | INFO  | phase_ext_benchmark |   236p.csv: 0 compounds overlap with our Hub
2026-04-03 14:39:36 | INFO  | phase_ext_benchmark |   756p.csv: 0 compounds overlap with our Hub
2026-04-03 14:39:36 | INFO  | phase_ext_benchmark |   215p.csv: 0 compounds overlap with our Hub
2026-04-03 14:39:36 | INFO  | phase_ext_benchmark |   824p.csv: 0 compounds overlap with our Hub
2026-04-03 14:39:36 | INFO  | phase_ext_benchmark |   1013p.csv: 0 compounds overlap with our Hub
2026-04-03 14:39:36 | INFO  | phase_ext_benchmark |   619p.csv: 0 compounds overlap with our Hub
2026-04-03 14:39:36 | INFO  | phase_ext_benchmark |   115p.csv: 0 compounds overlap with our Hub
2026-04-03 14:39:36 | INFO  | phase_ext_benchmark |   965p.csv: 0 compounds overlap with our Hub
2026-04-03 14:39:36 | INFO  | phase_ext_benchmark |   1025p.csv: 0 compounds overlap with our Hub
2026-04-03 14:39:36 | INFO  | phase_ext_benchmark |   107p.csv: 0 compounds overlap with our Hub
2026-04-03 14:39:36 | INFO  | phase_ext_benchmark |   1077p.csv: 0 compounds overlap with our Hub
2026-04-03 14:39:36 | INFO  | phase_ext_benchmark |   390p.csv: 0 compounds overlap with our Hub
2026-04-03 14:39:36 | INFO  | phase_ext_benchmark |   693p.csv: 0 compounds overlap with our Hub
2026-04-03 14:39:36 | INFO  | phase_ext_benchmark |   480p.csv: 0 compounds overlap with our Hub
2026-04-03 14:39:36 | INFO  | phase_ext_benchmark |   1071p.csv: 0 compounds overlap with our Hub
2026-04-03 14:39:36 | INFO  | phase_ext_benchmark |   502p.csv: 0 compounds overlap with our Hub
2026-04-03 14:39:36 | INFO  | phase_ext_benchmark |   442p.csv: 0 compounds overlap with our Hub
2026-04-03 14:39:36 | INFO  | phase_ext_benchmark |   820p.csv: 0 compounds overlap with our Hub
2026-04-03 14:39:36 | INFO  | phase_ext_benchmark |   825p.csv: 1 compounds overlap with our Hub
2026-04-03 14:39:36 | INFO  | phase_ext_benchmark |   12p.csv: 0 compounds overlap with our Hub
2026-04-03 14:39:36 | INFO  | phase_ext_benchmark |   797p.csv: 0 compounds overlap with our Hub
2026-04-03 14:39:36 | INFO  | phase_ext_benchmark |   870p.csv: 0 compounds overlap with our Hub
2026-04-03 14:39:36 | INFO  | phase_ext_benchmark |   953p.csv: 0 compounds overlap with our Hub
2026-04-03 14:39:36 | INFO  | phase_ext_benchmark |   560p.csv: 0 compounds overlap with our Hub
2026-04-03 14:39:36 | INFO  | phase_ext_benchmark |   131p.csv: 0 compounds overlap with our Hub
2026-04-03 14:39:36 | INFO  | phase_ext_benchmark |   605p.csv: 0 compounds overlap with our Hub
2026-04-03 14:39:36 | INFO  | phase_ext_benchmark |   887p.csv: 0 compounds overlap with our Hub
2026-04-03 14:39:36 | INFO  | phase_ext_benchmark |   931p.csv: 0 compounds overlap with our Hub
2026-04-03 14:39:36 | INFO  | phase_ext_benchmark |   0p.csv: 265 compounds overlap with our Hub
2026-04-03 14:39:36 | INFO  | phase_ext_benchmark |   847p.csv: 0 compounds overlap with our Hub
2026-04-03 14:39:36 | INFO  | phase_ext_benchmark |   959p.csv: 0 compounds overlap with our Hub
2026-04-03 14:39:36 | INFO  | phase_ext_benchmark |   604p.csv: 0 compounds overlap with our Hub
2026-04-03 14:39:36 | INFO  | phase_ext_benchmark |   335p.csv: 0 compounds overlap with our Hub
2026-04-03 14:39:36 | INFO  | phase_ext_benchmark |   851p.csv: 0 compounds overlap with our Hub
2026-04-03 14:39:36 | INFO  | phase_ext_benchmark |   915p.csv: 0 compounds overlap with our Hub
2026-04-03 14:39:36 | INFO  | phase_ext_benchmark |   967p.csv: 0 compounds overlap with our Hub
2026-04-03 14:39:36 | INFO  | phase_ext_benchmark |   718p.csv: 0 compounds overlap with our Hub
2026-04-03 14:39:36 | INFO  | phase_ext_benchmark |   310p.csv: 0 compounds overlap with our Hub
2026-04-03 14:39:36 | INFO  | phase_ext_benchmark |   570p.csv: 0 compounds overlap with our Hub
2026-04-03 14:39:36 | INFO  | phase_ext_benchmark |   270p.csv: 0 compounds overlap with our Hub
2026-04-03 14:39:36 | INFO  | phase_ext_benchmark |   785p.csv: 0 compounds overlap with our Hub
2026-04-03 14:39:36 | INFO  | phase_ext_benchmark |   1010p.csv: 0 compounds overlap with our Hub
2026-04-03 14:39:36 | INFO  | phase_ext_benchmark |   348p.csv: 0 compounds overlap with our Hub
2026-04-03 14:39:36 | INFO  | phase_ext_benchmark |   41p.csv: 0 compounds overlap with our Hub
2026-04-03 14:39:36 | INFO  | phase_ext_benchmark |   792p.csv: 0 compounds overlap with our Hub
2026-04-03 14:39:36 | INFO  | phase_ext_benchmark |   393p.csv: 0 compounds overlap with our Hub
2026-04-03 14:39:36 | INFO  | phase_ext_benchmark |   1069p.csv: 0 compounds overlap with our Hub
2026-04-03 14:39:36 | INFO  | phase_ext_benchmark |   529p.csv: 0 compounds overlap with our Hub
2026-04-03 14:39:36 | INFO  | phase_ext_benchmark |   1056p.csv: 0 compounds overlap with our Hub
2026-04-03 14:39:36 | INFO  | phase_ext_benchmark |   556p.csv: 0 compounds overlap with our Hub
2026-04-03 14:39:36 | INFO  | phase_ext_benchmark |   673p.csv: 0 compounds overlap with our Hub
2026-04-03 14:39:36 | INFO  | phase_ext_benchmark |   453p.csv: 0 compounds overlap with our Hub
2026-04-03 14:39:36 | INFO  | phase_ext_benchmark |   708p.csv: 0 compounds overlap with our Hub
2026-04-03 14:39:36 | INFO  | phase_ext_benchmark |   98p.csv: 0 compounds overlap with our Hub
2026-04-03 14:39:36 | INFO  | phase_ext_benchmark |   983p.csv: 0 compounds overlap with our Hub
2026-04-03 14:39:36 | INFO  | phase_ext_benchmark |   323p.csv: 0 compounds overlap with our Hub
2026-04-03 14:39:36 | INFO  | phase_ext_benchmark |   804p.csv: 0 compounds overlap with our Hub
2026-04-03 14:39:36 | INFO  | phase_ext_benchmark |   109p.csv: 0 compounds overlap with our Hub
2026-04-03 14:39:36 | INFO  | phase_ext_benchmark |   771p.csv: 0 compounds overlap with our Hub
2026-04-03 14:39:36 | INFO  | phase_ext_benchmark |   584p.csv: 0 compounds overlap with our Hub
2026-04-03 14:39:36 | INFO  | phase_ext_benchmark |   406p.csv: 0 compounds overlap with our Hub
2026-04-03 14:39:36 | INFO  | phase_ext_benchmark |   279p.csv: 0 compounds overlap with our Hub
2026-04-03 14:39:36 | INFO  | phase_ext_benchmark |   669p.csv: 0 compounds overlap with our Hub
2026-04-03 14:39:36 | INFO  | phase_ext_benchmark |   134p.csv: 0 compounds overlap with our Hub
2026-04-03 14:39:36 | INFO  | phase_ext_benchmark |   964p.csv: 0 compounds overlap with our Hub
2026-04-03 14:39:36 | INFO  | phase_ext_benchmark |   1119p.csv: 0 compounds overlap with our Hub
2026-04-03 14:39:36 | INFO  | phase_ext_benchmark |   688p.csv: 0 compounds overlap with our Hub
2026-04-03 14:39:36 | INFO  | phase_ext_benchmark |   626p.csv: 0 compounds overlap with our Hub
2026-04-03 14:39:36 | INFO  | phase_ext_benchmark |   1106p.csv: 0 compounds overlap with our Hub
2026-04-03 14:39:36 | INFO  | phase_ext_benchmark |   9p.csv: 0 compounds overlap with our Hub
2026-04-03 14:39:36 | INFO  | phase_ext_benchmark |   145p.csv: 0 compounds overlap with our Hub
2026-04-03 14:39:37 | INFO  | phase_ext_benchmark |   1037p.csv: 0 compounds overlap with our Hub
2026-04-03 14:39:37 | INFO  | phase_ext_benchmark |   962p.csv: 0 compounds overlap with our Hub
2026-04-03 14:39:37 | INFO  | phase_ext_benchmark |   1088p.csv: 0 compounds overlap with our Hub
2026-04-03 14:39:37 | INFO  | phase_ext_benchmark |   1121p.csv: 0 compounds overlap with our Hub
2026-04-03 14:39:37 | INFO  | phase_ext_benchmark |   125p.csv: 0 compounds overlap with our Hub
2026-04-03 14:39:37 | INFO  | phase_ext_benchmark |   379p.csv: 0 compounds overlap with our Hub
2026-04-03 14:39:37 | INFO  | phase_ext_benchmark |   594p.csv: 0 compounds overlap with our Hub
2026-04-03 14:39:37 | INFO  | phase_ext_benchmark |   304p.csv: 0 compounds overlap with our Hub
2026-04-03 14:39:37 | INFO  | phase_ext_benchmark |   916p.csv: 0 compounds overlap with our Hub
2026-04-03 14:39:37 | INFO  | phase_ext_benchmark |   624p.csv: 0 compounds overlap with our Hub
2026-04-03 14:39:37 | INFO  | phase_ext_benchmark |   557p.csv: 0 compounds overlap with our Hub
2026-04-03 14:39:37 | INFO  | phase_ext_benchmark |   731p.csv: 0 compounds overlap with our Hub
2026-04-03 14:39:37 | INFO  | phase_ext_benchmark |   1001p.csv: 0 compounds overlap with our Hub
2026-04-03 14:39:37 | INFO  | phase_ext_benchmark |   410p.csv: 0 compounds overlap with our Hub
2026-04-03 14:39:37 | INFO  | phase_ext_benchmark |   702p.csv: 0 compounds overlap with our Hub
2026-04-03 14:39:37 | INFO  | phase_ext_benchmark |   980p.csv: 0 compounds overlap with our Hub
2026-04-03 14:39:37 | INFO  | phase_ext_benchmark |   86p.csv: 0 compounds overlap with our Hub
2026-04-03 14:39:37 | INFO  | phase_ext_benchmark |   382p.csv: 0 compounds overlap with our Hub
2026-04-03 14:39:37 | INFO  | phase_ext_benchmark |   454p.csv: 0 compounds overlap with our Hub
2026-04-03 14:39:37 | INFO  | phase_ext_benchmark |   682p.csv: 0 compounds overlap with our Hub
2026-04-03 14:39:37 | INFO  | phase_ext_benchmark |   728p.csv: 0 compounds overlap with our Hub
2026-04-03 14:39:37 | INFO  | phase_ext_benchmark |   378p.csv: 0 compounds overlap with our Hub
2026-04-03 14:39:37 | INFO  | phase_ext_benchmark |   282p.csv: 0 compounds overlap with our Hub
2026-04-03 14:39:37 | INFO  | phase_ext_benchmark |   872p.csv: 0 compounds overlap with our Hub
2026-04-03 14:39:37 | INFO  | phase_ext_benchmark |   196p.csv: 0 compounds overlap with our Hub
2026-04-03 14:39:37 | INFO  | phase_ext_benchmark |   157p.csv: 0 compounds overlap with our Hub
2026-04-03 14:39:37 | INFO  | phase_ext_benchmark |   888p.csv: 0 compounds overlap with our Hub
2026-04-03 14:39:37 | INFO  | phase_ext_benchmark |   1049p.csv: 0 compounds overlap with our Hub
2026-04-03 14:39:37 | INFO  | phase_ext_benchmark |   1053p.csv: 0 compounds overlap with our Hub
2026-04-03 14:39:37 | INFO  | phase_ext_benchmark |   345p.csv: 0 compounds overlap with our Hub
2026-04-03 14:39:37 | INFO  | phase_ext_benchmark |   589p.csv: 0 compounds overlap with our Hub
2026-04-03 14:39:37 | INFO  | phase_ext_benchmark |   610p.csv: 0 compounds overlap with our Hub
2026-04-03 14:39:37 | INFO  | phase_ext_benchmark |   862p.csv: 0 compounds overlap with our Hub
2026-04-03 14:39:37 | INFO  | phase_ext_benchmark |   532p.csv: 0 compounds overlap with our Hub
2026-04-03 14:39:37 | INFO  | phase_ext_benchmark |   199p.csv: 0 compounds overlap with our Hub
2026-04-03 14:39:37 | INFO  | phase_ext_benchmark |   939p.csv: 0 compounds overlap with our Hub
2026-04-03 14:39:37 | INFO  | phase_ext_benchmark |   465p.csv: 0 compounds overlap with our Hub
2026-04-03 14:39:37 | INFO  | phase_ext_benchmark |   45p.csv: 0 compounds overlap with our Hub
2026-04-03 14:39:37 | INFO  | phase_ext_benchmark |   257p.csv: 0 compounds overlap with our Hub
2026-04-03 14:39:37 | INFO  | phase_ext_benchmark |   178p.csv: 0 compounds overlap with our Hub
2026-04-03 14:39:37 | INFO  | phase_ext_benchmark |   621p.csv: 0 compounds overlap with our Hub
2026-04-03 14:39:37 | INFO  | phase_ext_benchmark |   228p.csv: 0 compounds overlap with our Hub
2026-04-03 14:39:37 | INFO  | phase_ext_benchmark |   275p.csv: 0 compounds overlap with our Hub
2026-04-03 14:39:37 | INFO  | phase_ext_benchmark |   722p.csv: 0 compounds overlap with our Hub
2026-04-03 14:39:37 | INFO  | phase_ext_benchmark |   476p.csv: 0 compounds overlap with our Hub
2026-04-03 14:39:37 | INFO  | phase_ext_benchmark |   656p.csv: 0 compounds overlap with our Hub
2026-04-03 14:39:37 | INFO  | phase_ext_benchmark |   721p.csv: 0 compounds overlap with our Hub
2026-04-03 14:39:37 | INFO  | phase_ext_benchmark |   201p.csv: 0 compounds overlap with our Hub
2026-04-03 14:39:37 | INFO  | phase_ext_benchmark |   365p.csv: 0 compounds overlap with our Hub
2026-04-03 14:39:37 | INFO  | phase_ext_benchmark |   856p.csv: 0 compounds overlap with our Hub
2026-04-03 14:39:37 | INFO  | phase_ext_benchmark |   202p.csv: 0 compounds overlap with our Hub
2026-04-03 14:39:37 | INFO  | phase_ext_benchmark |   687p.csv: 0 compounds overlap with our Hub
2026-04-03 14:39:37 | INFO  | phase_ext_benchmark |   1102p.csv: 0 compounds overlap with our Hub
2026-04-03 14:39:37 | INFO  | phase_ext_benchmark |   293p.csv: 0 compounds overlap with our Hub
2026-04-03 14:39:37 | INFO  | phase_ext_benchmark |   189p.csv: 0 compounds overlap with our Hub
2026-04-03 14:39:37 | INFO  | phase_ext_benchmark |   369p.csv: 0 compounds overlap with our Hub
2026-04-03 14:39:37 | INFO  | phase_ext_benchmark |   640p.csv: 0 compounds overlap with our Hub
2026-04-03 14:39:37 | INFO  | phase_ext_benchmark |   1007p.csv: 0 compounds overlap with our Hub
2026-04-03 14:39:37 | INFO  | phase_ext_benchmark |   793p.csv: 0 compounds overlap with our Hub
2026-04-03 14:39:37 | INFO  | phase_ext_benchmark |   926p.csv: 0 compounds overlap with our Hub
2026-04-03 14:39:37 | INFO  | phase_ext_benchmark |   891p.csv: 0 compounds overlap with our Hub
2026-04-03 14:39:37 | INFO  | phase_ext_benchmark |   778p.csv: 0 compounds overlap with our Hub
2026-04-03 14:39:37 | INFO  | phase_ext_benchmark |   1032p.csv: 0 compounds overlap with our Hub
2026-04-03 14:39:37 | INFO  | phase_ext_benchmark |   701p.csv: 0 compounds overlap with our Hub
2026-04-03 14:39:37 | INFO  | phase_ext_benchmark |   1117p.csv: 0 compounds overlap with our Hub
2026-04-03 14:39:37 | INFO  | phase_ext_benchmark |   40p.csv: 0 compounds overlap with our Hub
2026-04-03 14:39:37 | INFO  | phase_ext_benchmark |   318p.csv: 0 compounds overlap with our Hub
2026-04-03 14:39:37 | INFO  | phase_ext_benchmark |   855p.csv: 0 compounds overlap with our Hub
2026-04-03 14:39:37 | INFO  | phase_ext_benchmark |   334p.csv: 0 compounds overlap with our Hub
2026-04-03 14:39:37 | INFO  | phase_ext_benchmark |   276p.csv: 0 compounds overlap with our Hub
2026-04-03 14:39:37 | INFO  | phase_ext_benchmark |   363p.csv: 0 compounds overlap with our Hub
2026-04-03 14:39:37 | INFO  | phase_ext_benchmark |   55p.csv: 0 compounds overlap with our Hub
2026-04-03 14:39:37 | INFO  | phase_ext_benchmark |   307p.csv: 0 compounds overlap with our Hub
2026-04-03 14:39:37 | INFO  | phase_ext_benchmark |   72p.csv: 0 compounds overlap with our Hub
2026-04-03 14:39:37 | INFO  | phase_ext_benchmark |   663p.csv: 0 compounds overlap with our Hub
2026-04-03 14:39:37 | INFO  | phase_ext_benchmark |   75p.csv: 0 compounds overlap with our Hub
2026-04-03 14:39:37 | INFO  | phase_ext_benchmark |   781p.csv: 0 compounds overlap with our Hub
2026-04-03 14:39:37 | INFO  | phase_ext_benchmark |   138p.csv: 0 compounds overlap with our Hub
2026-04-03 14:39:37 | INFO  | phase_ext_benchmark |   787p.csv: 0 compounds overlap with our Hub
2026-04-03 14:39:37 | INFO  | phase_ext_benchmark |   890p.csv: 0 compounds overlap with our Hub
2026-04-03 14:39:37 | INFO  | phase_ext_benchmark |   1125p.csv: 0 compounds overlap with our Hub
2026-04-03 14:39:37 | INFO  | phase_ext_benchmark |   1087p.csv: 0 compounds overlap with our Hub
2026-04-03 14:39:37 | INFO  | phase_ext_benchmark |   299p.csv: 0 compounds overlap with our Hub
2026-04-03 14:39:37 | INFO  | phase_ext_benchmark |   1096p.csv: 0 compounds overlap with our Hub
2026-04-03 14:39:37 | INFO  | phase_ext_benchmark |   729p.csv: 0 compounds overlap with our Hub
2026-04-03 14:39:37 | INFO  | phase_ext_benchmark |   1085p.csv: 0 compounds overlap with our Hub
2026-04-03 14:39:37 | INFO  | phase_ext_benchmark |   259p.csv: 0 compounds overlap with our Hub
2026-04-03 14:39:37 | INFO  | phase_ext_benchmark |   800p.csv: 0 compounds overlap with our Hub
2026-04-03 14:39:37 | INFO  | phase_ext_benchmark |   805p.csv: 0 compounds overlap with our Hub
2026-04-03 14:39:37 | INFO  | phase_ext_benchmark |   174p.csv: 0 compounds overlap with our Hub
2026-04-03 14:39:37 | INFO  | phase_ext_benchmark |   479p.csv: 0 compounds overlap with our Hub
2026-04-03 14:39:37 | INFO  | phase_ext_benchmark |   1016p.csv: 0 compounds overlap with our Hub
2026-04-03 14:39:37 | INFO  | phase_ext_benchmark |   642p.csv: 0 compounds overlap with our Hub
2026-04-03 14:39:37 | INFO  | phase_ext_benchmark |   520p.csv: 0 compounds overlap with our Hub
2026-04-03 14:39:37 | INFO  | phase_ext_benchmark |   283p.csv: 0 compounds overlap with our Hub
2026-04-03 14:39:37 | INFO  | phase_ext_benchmark |   535p.csv: 0 compounds overlap with our Hub
2026-04-03 14:39:37 | INFO  | phase_ext_benchmark |   460p.csv: 0 compounds overlap with our Hub
2026-04-03 14:39:37 | INFO  | phase_ext_benchmark |   899p.csv: 0 compounds overlap with our Hub
2026-04-03 14:39:37 | INFO  | phase_ext_benchmark |   662p.csv: 0 compounds overlap with our Hub
2026-04-03 14:39:37 | INFO  | phase_ext_benchmark |   366p.csv: 0 compounds overlap with our Hub
2026-04-03 14:39:37 | INFO  | phase_ext_benchmark |   705p.csv: 0 compounds overlap with our Hub
2026-04-03 14:39:37 | INFO  | phase_ext_benchmark |   711p.csv: 0 compounds overlap with our Hub
2026-04-03 14:39:37 | INFO  | phase_ext_benchmark |   865p.csv: 0 compounds overlap with our Hub
2026-04-03 14:39:37 | INFO  | phase_ext_benchmark |   99p.csv: 0 compounds overlap with our Hub
2026-04-03 14:39:38 | INFO  | phase_ext_benchmark |   140p.csv: 0 compounds overlap with our Hub
2026-04-03 14:39:38 | INFO  | phase_ext_benchmark |   994p.csv: 0 compounds overlap with our Hub
2026-04-03 14:39:38 | INFO  | phase_ext_benchmark |   863p.csv: 0 compounds overlap with our Hub
2026-04-03 14:39:38 | INFO  | phase_ext_benchmark |   42p.csv: 0 compounds overlap with our Hub
2026-04-03 14:39:38 | INFO  | phase_ext_benchmark |   224p.csv: 0 compounds overlap with our Hub
2026-04-03 14:39:38 | INFO  | phase_ext_benchmark |   894p.csv: 0 compounds overlap with our Hub
2026-04-03 14:39:38 | INFO  | phase_ext_benchmark |   1107p.csv: 0 compounds overlap with our Hub
2026-04-03 14:39:38 | INFO  | phase_ext_benchmark |   601p.csv: 0 compounds overlap with our Hub
2026-04-03 14:39:38 | INFO  | phase_ext_benchmark |   20p.csv: 0 compounds overlap with our Hub
2026-04-03 14:39:38 | INFO  | phase_ext_benchmark |   255p.csv: 0 compounds overlap with our Hub
2026-04-03 14:39:38 | INFO  | phase_ext_benchmark |   204p.csv: 0 compounds overlap with our Hub
2026-04-03 14:39:38 | INFO  | phase_ext_benchmark |   1036p.csv: 0 compounds overlap with our Hub
2026-04-03 14:39:38 | INFO  | phase_ext_benchmark |   133p.csv: 0 compounds overlap with our Hub
2026-04-03 14:39:38 | INFO  | phase_ext_benchmark |   696p.csv: 0 compounds overlap with our Hub
2026-04-03 14:39:38 | INFO  | phase_ext_benchmark |   69p.csv: 0 compounds overlap with our Hub
2026-04-03 14:39:38 | INFO  | phase_ext_benchmark |   524p.csv: 0 compounds overlap with our Hub
2026-04-03 14:39:38 | INFO  | phase_ext_benchmark |   984p.csv: 0 compounds overlap with our Hub
2026-04-03 14:39:38 | INFO  | phase_ext_benchmark |   845p.csv: 0 compounds overlap with our Hub
2026-04-03 14:39:38 | INFO  | phase_ext_benchmark |   339p.csv: 0 compounds overlap with our Hub
2026-04-03 14:39:38 | INFO  | phase_ext_benchmark |   618p.csv: 0 compounds overlap with our Hub
2026-04-03 14:39:38 | INFO  | phase_ext_benchmark |   137p.csv: 0 compounds overlap with our Hub
2026-04-03 14:39:38 | INFO  | phase_ext_benchmark |   830p.csv: 0 compounds overlap with our Hub
2026-04-03 14:39:38 | INFO  | phase_ext_benchmark |   727p.csv: 0 compounds overlap with our Hub
2026-04-03 14:39:38 | INFO  | phase_ext_benchmark |   543p.csv: 0 compounds overlap with our Hub
2026-04-03 14:39:38 | INFO  | phase_ext_benchmark |   710p.csv: 0 compounds overlap with our Hub
2026-04-03 14:39:38 | INFO  | phase_ext_benchmark |   437p.csv: 0 compounds overlap with our Hub
2026-04-03 14:39:38 | INFO  | phase_ext_benchmark |   149p.csv: 0 compounds overlap with our Hub
2026-04-03 14:39:38 | INFO  | phase_ext_benchmark |   148p.csv: 0 compounds overlap with our Hub
2026-04-03 14:39:38 | INFO  | phase_ext_benchmark |   262p.csv: 0 compounds overlap with our Hub
2026-04-03 14:39:38 | INFO  | phase_ext_benchmark |   482p.csv: 0 compounds overlap with our Hub
2026-04-03 14:39:38 | INFO  | phase_ext_benchmark |   893p.csv: 0 compounds overlap with our Hub
2026-04-03 14:39:38 | INFO  | phase_ext_benchmark |   573p.csv: 0 compounds overlap with our Hub
2026-04-03 14:39:38 | INFO  | phase_ext_benchmark |   447p.csv: 0 compounds overlap with our Hub
2026-04-03 14:39:38 | INFO  | phase_ext_benchmark |   132p.csv: 0 compounds overlap with our Hub
2026-04-03 14:39:38 | INFO  | phase_ext_benchmark |   496p.csv: 0 compounds overlap with our Hub
2026-04-03 14:39:38 | INFO  | phase_ext_benchmark |   243p.csv: 0 compounds overlap with our Hub
2026-04-03 14:39:38 | INFO  | phase_ext_benchmark |   725p.csv: 0 compounds overlap with our Hub
2026-04-03 14:39:38 | INFO  | phase_ext_benchmark |   230p.csv: 0 compounds overlap with our Hub
2026-04-03 14:39:38 | INFO  | phase_ext_benchmark |   961p.csv: 0 compounds overlap with our Hub
2026-04-03 14:39:38 | INFO  | phase_ext_benchmark |   252p.csv: 0 compounds overlap with our Hub
2026-04-03 14:39:38 | INFO  | phase_ext_benchmark |   678p.csv: 0 compounds overlap with our Hub
2026-04-03 14:39:38 | INFO  | phase_ext_benchmark |   349p.csv: 0 compounds overlap with our Hub
2026-04-03 14:39:38 | INFO  | phase_ext_benchmark |   841p.csv: 0 compounds overlap with our Hub
2026-04-03 14:39:38 | INFO  | phase_ext_benchmark |   440p.csv: 0 compounds overlap with our Hub
2026-04-03 14:39:38 | INFO  | phase_ext_benchmark |   396p.csv: 0 compounds overlap with our Hub
2026-04-03 14:39:38 | INFO  | phase_ext_benchmark |   470p.csv: 0 compounds overlap with our Hub
2026-04-03 14:39:38 | INFO  | phase_ext_benchmark |   84p.csv: 0 compounds overlap with our Hub
2026-04-03 14:39:38 | INFO  | phase_ext_benchmark |   195p.csv: 0 compounds overlap with our Hub
2026-04-03 14:39:38 | INFO  | phase_ext_benchmark |   947p.csv: 0 compounds overlap with our Hub
2026-04-03 14:39:38 | INFO  | phase_ext_benchmark |   1100p.csv: 0 compounds overlap with our Hub
2026-04-03 14:39:38 | INFO  | phase_ext_benchmark |   1009p.csv: 0 compounds overlap with our Hub
2026-04-03 14:39:38 | INFO  | phase_ext_benchmark |   226p.csv: 0 compounds overlap with our Hub
2026-04-03 14:39:38 | INFO  | phase_ext_benchmark |   518p.csv: 0 compounds overlap with our Hub
2026-04-03 14:39:38 | INFO  | phase_ext_benchmark |   581p.csv: 0 compounds overlap with our Hub
2026-04-03 14:39:38 | INFO  | phase_ext_benchmark |   481p.csv: 0 compounds overlap with our Hub
2026-04-03 14:39:38 | INFO  | phase_ext_benchmark |   328p.csv: 0 compounds overlap with our Hub
2026-04-03 14:39:38 | INFO  | phase_ext_benchmark |   843p.csv: 0 compounds overlap with our Hub
2026-04-03 14:39:38 | INFO  | phase_ext_benchmark |   892p.csv: 0 compounds overlap with our Hub
2026-04-03 14:39:38 | INFO  | phase_ext_benchmark |   422p.csv: 0 compounds overlap with our Hub
2026-04-03 14:39:38 | INFO  | phase_ext_benchmark |   225p.csv: 0 compounds overlap with our Hub
2026-04-03 14:39:38 | INFO  | phase_ext_benchmark |   988p.csv: 0 compounds overlap with our Hub
2026-04-03 14:39:38 | INFO  | phase_ext_benchmark |   50p.csv: 0 compounds overlap with our Hub
2026-04-03 14:39:38 | INFO  | phase_ext_benchmark |   477p.csv: 0 compounds overlap with our Hub
2026-04-03 14:39:38 | INFO  | phase_ext_benchmark |   165p.csv: 0 compounds overlap with our Hub
2026-04-03 14:39:38 | INFO  | phase_ext_benchmark |   478p.csv: 0 compounds overlap with our Hub
2026-04-03 14:39:38 | INFO  | phase_ext_benchmark |   399p.csv: 0 compounds overlap with our Hub
2026-04-03 14:39:38 | INFO  | phase_ext_benchmark |   571p.csv: 0 compounds overlap with our Hub
2026-04-03 14:39:38 | INFO  | phase_ext_benchmark |   592p.csv: 0 compounds overlap with our Hub
2026-04-03 14:39:38 | INFO  | phase_ext_benchmark |   1080p.csv: 0 compounds overlap with our Hub
2026-04-03 14:39:38 | INFO  | phase_ext_benchmark |   1014p.csv: 0 compounds overlap with our Hub
2026-04-03 14:39:38 | INFO  | phase_ext_benchmark |   1116p.csv: 0 compounds overlap with our Hub
2026-04-03 14:39:38 | INFO  | phase_ext_benchmark |   19p.csv: 0 compounds overlap with our Hub
2026-04-03 14:39:38 | INFO  | phase_ext_benchmark |   608p.csv: 0 compounds overlap with our Hub
2026-04-03 14:39:38 | INFO  | phase_ext_benchmark |   81p.csv: 0 compounds overlap with our Hub
2026-04-03 14:39:38 | INFO  | phase_ext_benchmark |   38p.csv: 0 compounds overlap with our Hub
2026-04-03 14:39:38 | INFO  | phase_ext_benchmark |   1029p.csv: 0 compounds overlap with our Hub
2026-04-03 14:39:38 | INFO  | phase_ext_benchmark |   409p.csv: 0 compounds overlap with our Hub
2026-04-03 14:39:38 | INFO  | phase_ext_benchmark |   443p.csv: 0 compounds overlap with our Hub
2026-04-03 14:39:38 | INFO  | phase_ext_benchmark |   375p.csv: 0 compounds overlap with our Hub
2026-04-03 14:39:38 | INFO  | phase_ext_benchmark |   794p.csv: 0 compounds overlap with our Hub
2026-04-03 14:39:38 | INFO  | phase_ext_benchmark |   1114p.csv: 0 compounds overlap with our Hub
2026-04-03 14:39:38 | INFO  | phase_ext_benchmark |   26p.csv: 0 compounds overlap with our Hub
2026-04-03 14:39:38 | INFO  | phase_ext_benchmark |   985p.csv: 0 compounds overlap with our Hub
2026-04-03 14:39:38 | INFO  | phase_ext_benchmark |   241p.csv: 0 compounds overlap with our Hub
2026-04-03 14:39:38 | INFO  | phase_ext_benchmark |   698p.csv: 0 compounds overlap with our Hub
2026-04-03 14:39:38 | INFO  | phase_ext_benchmark |   1041p.csv: 0 compounds overlap with our Hub
2026-04-03 14:39:38 | INFO  | phase_ext_benchmark |   147p.csv: 0 compounds overlap with our Hub
2026-04-03 14:39:38 | INFO  | phase_ext_benchmark |   587p.csv: 0 compounds overlap with our Hub
2026-04-03 14:39:38 | INFO  | phase_ext_benchmark |   1074p.csv: 0 compounds overlap with our Hub
2026-04-03 14:39:38 | INFO  | phase_ext_benchmark |   993p.csv: 0 compounds overlap with our Hub
2026-04-03 14:39:38 | INFO  | phase_ext_benchmark |   503p.csv: 0 compounds overlap with our Hub
2026-04-03 14:39:38 | INFO  | phase_ext_benchmark |   1054p.csv: 0 compounds overlap with our Hub
2026-04-03 14:39:38 | INFO  | phase_ext_benchmark |   43p.csv: 0 compounds overlap with our Hub
2026-04-03 14:39:38 | INFO  | phase_ext_benchmark |   1058p.csv: 0 compounds overlap with our Hub
2026-04-03 14:39:38 | INFO  | phase_ext_benchmark |   531p.csv: 0 compounds overlap with our Hub
2026-04-03 14:39:38 | INFO  | phase_ext_benchmark |   972p.csv: 0 compounds overlap with our Hub
2026-04-03 14:39:38 | INFO  | phase_ext_benchmark |   569p.csv: 0 compounds overlap with our Hub
2026-04-03 14:39:38 | INFO  | phase_ext_benchmark |   607p.csv: 0 compounds overlap with our Hub
2026-04-03 14:39:38 | INFO  | phase_ext_benchmark |   1070p.csv: 0 compounds overlap with our Hub
2026-04-03 14:39:38 | INFO  | phase_ext_benchmark |   692p.csv: 0 compounds overlap with our Hub
2026-04-03 14:39:38 | INFO  | phase_ext_benchmark |   1078p.csv: 0 compounds overlap with our Hub
2026-04-03 14:39:38 | INFO  | phase_ext_benchmark |   469p.csv: 0 compounds overlap with our Hub
2026-04-03 14:39:38 | INFO  | phase_ext_benchmark |   197p.csv: 0 compounds overlap with our Hub
2026-04-03 14:39:38 | INFO  | phase_ext_benchmark |   386p.csv: 0 compounds overlap with our Hub
2026-04-03 14:39:38 | INFO  | phase_ext_benchmark |   446p.csv: 0 compounds overlap with our Hub
2026-04-03 14:39:38 | INFO  | phase_ext_benchmark |   1033p.csv: 0 compounds overlap with our Hub
2026-04-03 14:39:38 | INFO  | phase_ext_benchmark |   256p.csv: 0 compounds overlap with our Hub
2026-04-03 14:39:38 | INFO  | phase_ext_benchmark |   835p.csv: 0 compounds overlap with our Hub
2026-04-03 14:39:39 | INFO  | phase_ext_benchmark |   627p.csv: 0 compounds overlap with our Hub
2026-04-03 14:39:39 | INFO  | phase_ext_benchmark |   879p.csv: 0 compounds overlap with our Hub
2026-04-03 14:39:39 | INFO  | phase_ext_benchmark |   772p.csv: 0 compounds overlap with our Hub
2026-04-03 14:39:39 | INFO  | phase_ext_benchmark |   329p.csv: 0 compounds overlap with our Hub
2026-04-03 14:39:39 | INFO  | phase_ext_benchmark |   932p.csv: 0 compounds overlap with our Hub
2026-04-03 14:39:39 | INFO  | phase_ext_benchmark |   938p.csv: 0 compounds overlap with our Hub
2026-04-03 14:39:39 | INFO  | phase_ext_benchmark |   876p.csv: 0 compounds overlap with our Hub
2026-04-03 14:39:39 | INFO  | phase_ext_benchmark |   190p.csv: 0 compounds overlap with our Hub
2026-04-03 14:39:39 | INFO  | phase_ext_benchmark |   161p.csv: 0 compounds overlap with our Hub
2026-04-03 14:39:39 | INFO  | phase_ext_benchmark |   11p.csv: 0 compounds overlap with our Hub
2026-04-03 14:39:39 | INFO  | phase_ext_benchmark |   704p.csv: 0 compounds overlap with our Hub
2026-04-03 14:39:39 | INFO  | phase_ext_benchmark |   17p.csv: 0 compounds overlap with our Hub
2026-04-03 14:39:39 | INFO  | phase_ext_benchmark |   80p.csv: 0 compounds overlap with our Hub
2026-04-03 14:39:39 | INFO  | phase_ext_benchmark |   922p.csv: 0 compounds overlap with our Hub
2026-04-03 14:39:39 | INFO  | phase_ext_benchmark |   958p.csv: 0 compounds overlap with our Hub
2026-04-03 14:39:39 | INFO  | phase_ext_benchmark |   493p.csv: 0 compounds overlap with our Hub
2026-04-03 14:39:39 | INFO  | phase_ext_benchmark |   733p.csv: 0 compounds overlap with our Hub
2026-04-03 14:39:39 | INFO  | phase_ext_benchmark |   757p.csv: 0 compounds overlap with our Hub
2026-04-03 14:39:39 | INFO  | phase_ext_benchmark |   358p.csv: 0 compounds overlap with our Hub
2026-04-03 14:39:39 | INFO  | phase_ext_benchmark |   1113p.csv: 0 compounds overlap with our Hub
2026-04-03 14:39:39 | INFO  | phase_ext_benchmark |   577p.csv: 0 compounds overlap with our Hub
2026-04-03 14:39:39 | INFO  | phase_ext_benchmark |   60p.csv: 0 compounds overlap with our Hub
2026-04-03 14:39:39 | INFO  | phase_ext_benchmark |   760p.csv: 0 compounds overlap with our Hub
2026-04-03 14:39:39 | INFO  | phase_ext_benchmark |   979p.csv: 0 compounds overlap with our Hub
2026-04-03 14:39:39 | INFO  | phase_ext_benchmark |   934p.csv: 0 compounds overlap with our Hub
2026-04-03 14:39:39 | INFO  | phase_ext_benchmark |   620p.csv: 0 compounds overlap with our Hub
2026-04-03 14:39:39 | INFO  | phase_ext_benchmark |   427p.csv: 0 compounds overlap with our Hub
2026-04-03 14:39:39 | INFO  | phase_ext_benchmark |   949p.csv: 0 compounds overlap with our Hub
2026-04-03 14:39:39 | INFO  | phase_ext_benchmark |   527p.csv: 0 compounds overlap with our Hub
2026-04-03 14:39:39 | INFO  | phase_ext_benchmark |   1092p.csv: 0 compounds overlap with our Hub
2026-04-03 14:39:39 | INFO  | phase_ext_benchmark |   808p.csv: 0 compounds overlap with our Hub
2026-04-03 14:39:39 | INFO  | phase_ext_benchmark |   77p.csv: 0 compounds overlap with our Hub
2026-04-03 14:39:39 | INFO  | phase_ext_benchmark |   670p.csv: 0 compounds overlap with our Hub
2026-04-03 14:39:39 | INFO  | phase_ext_benchmark |   203p.csv: 0 compounds overlap with our Hub
2026-04-03 14:39:39 | INFO  | phase_ext_benchmark |   357p.csv: 0 compounds overlap with our Hub
2026-04-03 14:39:39 | INFO  | phase_ext_benchmark |   76p.csv: 0 compounds overlap with our Hub
2026-04-03 14:39:39 | INFO  | phase_ext_benchmark |   758p.csv: 0 compounds overlap with our Hub
2026-04-03 14:39:39 | INFO  | phase_ext_benchmark |   322p.csv: 0 compounds overlap with our Hub
2026-04-03 14:39:39 | INFO  | phase_ext_benchmark |   494p.csv: 0 compounds overlap with our Hub
2026-04-03 14:39:39 | INFO  | phase_ext_benchmark |   563p.csv: 0 compounds overlap with our Hub
2026-04-03 14:39:39 | INFO  | phase_ext_benchmark |   963p.csv: 0 compounds overlap with our Hub
2026-04-03 14:39:39 | INFO  | phase_ext_benchmark |   991p.csv: 0 compounds overlap with our Hub
2026-04-03 14:39:39 | INFO  | phase_ext_benchmark |   100p.csv: 0 compounds overlap with our Hub
2026-04-03 14:39:39 | INFO  | phase_ext_benchmark |   62p.csv: 0 compounds overlap with our Hub
2026-04-03 14:39:39 | INFO  | phase_ext_benchmark |   308p.csv: 0 compounds overlap with our Hub
2026-04-03 14:39:39 | INFO  | phase_ext_benchmark |   325p.csv: 0 compounds overlap with our Hub
2026-04-03 14:39:39 | INFO  | phase_ext_benchmark |   815p.csv: 0 compounds overlap with our Hub
2026-04-03 14:39:39 | INFO  | phase_ext_benchmark |   160p.csv: 0 compounds overlap with our Hub
2026-04-03 14:39:39 | INFO  | phase_ext_benchmark |   21p.csv: 0 compounds overlap with our Hub
2026-04-03 14:39:39 | INFO  | phase_ext_benchmark |   1094p.csv: 0 compounds overlap with our Hub
2026-04-03 14:39:39 | INFO  | phase_ext_benchmark |   288p.csv: 0 compounds overlap with our Hub
2026-04-03 14:39:39 | INFO  | phase_ext_benchmark |   774p.csv: 0 compounds overlap with our Hub
2026-04-03 14:39:39 | INFO  | phase_ext_benchmark |   1027p.csv: 0 compounds overlap with our Hub
2026-04-03 14:39:39 | INFO  | phase_ext_benchmark |   945p.csv: 0 compounds overlap with our Hub
2026-04-03 14:39:39 | INFO  | phase_ext_benchmark |   231p.csv: 0 compounds overlap with our Hub
2026-04-03 14:39:39 | INFO  | phase_ext_benchmark |   574p.csv: 0 compounds overlap with our Hub
2026-04-03 14:39:39 | INFO  | phase_ext_benchmark |   770p.csv: 0 compounds overlap with our Hub
2026-04-03 14:39:39 | INFO  | phase_ext_benchmark |   232p.csv: 0 compounds overlap with our Hub
2026-04-03 14:39:39 | INFO  | phase_ext_benchmark |   995p.csv: 0 compounds overlap with our Hub
2026-04-03 14:39:39 | INFO  | phase_ext_benchmark |   552p.csv: 0 compounds overlap with our Hub
2026-04-03 14:39:39 | INFO  | phase_ext_benchmark |   380p.csv: 0 compounds overlap with our Hub
2026-04-03 14:39:39 | INFO  | phase_ext_benchmark |   554p.csv: 0 compounds overlap with our Hub
2026-04-03 14:39:39 | INFO  | phase_ext_benchmark |   516p.csv: 0 compounds overlap with our Hub
2026-04-03 14:39:39 | INFO  | phase_ext_benchmark |   510p.csv: 0 compounds overlap with our Hub
2026-04-03 14:39:39 | INFO  | phase_ext_benchmark |   385p.csv: 0 compounds overlap with our Hub
2026-04-03 14:39:39 | INFO  | phase_ext_benchmark |   603p.csv: 0 compounds overlap with our Hub
2026-04-03 14:39:39 | INFO  | phase_ext_benchmark |   402p.csv: 0 compounds overlap with our Hub
2026-04-03 14:39:39 | INFO  | phase_ext_benchmark |   253p.csv: 0 compounds overlap with our Hub
2026-04-03 14:39:39 | INFO  | phase_ext_benchmark |   473p.csv: 0 compounds overlap with our Hub
2026-04-03 14:39:39 | INFO  | phase_ext_benchmark |   417p.csv: 0 compounds overlap with our Hub
2026-04-03 14:39:39 | INFO  | phase_ext_benchmark |   48p.csv: 0 compounds overlap with our Hub
2026-04-03 14:39:39 | INFO  | phase_ext_benchmark |   111p.csv: 0 compounds overlap with our Hub
2026-04-03 14:39:39 | INFO  | phase_ext_benchmark |   266p.csv: 0 compounds overlap with our Hub
2026-04-03 14:39:39 | INFO  | phase_ext_benchmark |   258p.csv: 0 compounds overlap with our Hub
2026-04-03 14:39:39 | INFO  | phase_ext_benchmark |   578p.csv: 0 compounds overlap with our Hub
2026-04-03 14:39:39 | INFO  | phase_ext_benchmark |   67p.csv: 0 compounds overlap with our Hub
2026-04-03 14:39:39 | INFO  | phase_ext_benchmark |   291p.csv: 0 compounds overlap with our Hub
2026-04-03 14:39:39 | INFO  | phase_ext_benchmark |   878p.csv: 0 compounds overlap with our Hub
2026-04-03 14:39:39 | INFO  | phase_ext_benchmark |   1082p.csv: 0 compounds overlap with our Hub
2026-04-03 14:39:39 | INFO  | phase_ext_benchmark |   216p.csv: 0 compounds overlap with our Hub
2026-04-03 14:39:39 | INFO  | phase_ext_benchmark |   289p.csv: 0 compounds overlap with our Hub
2026-04-03 14:39:39 | INFO  | phase_ext_benchmark |   886p.csv: 0 compounds overlap with our Hub
2026-04-03 14:39:39 | INFO  | phase_ext_benchmark |   182p.csv: 0 compounds overlap with our Hub
2026-04-03 14:39:39 | INFO  | phase_ext_benchmark |   362p.csv: 0 compounds overlap with our Hub
2026-04-03 14:39:39 | INFO  | phase_ext_benchmark |   1003p.csv: 0 compounds overlap with our Hub
2026-04-03 14:39:39 | INFO  | phase_ext_benchmark |   261p.csv: 0 compounds overlap with our Hub
2026-04-03 14:39:39 | INFO  | phase_ext_benchmark |   706p.csv: 0 compounds overlap with our Hub
2026-04-03 14:39:39 | INFO  | phase_ext_benchmark |   128p.csv: 0 compounds overlap with our Hub
2026-04-03 14:39:39 | INFO  | phase_ext_benchmark |   260p.csv: 0 compounds overlap with our Hub
2026-04-03 14:39:39 | INFO  | phase_ext_benchmark |   168p.csv: 0 compounds overlap with our Hub
2026-04-03 14:39:39 | INFO  | phase_ext_benchmark |   294p.csv: 0 compounds overlap with our Hub
2026-04-03 14:39:39 | INFO  | phase_ext_benchmark |   1120p.csv: 0 compounds overlap with our Hub
2026-04-03 14:39:39 | INFO  | phase_ext_benchmark |   866p.csv: 0 compounds overlap with our Hub
2026-04-03 14:39:39 | INFO  | phase_ext_benchmark |   941p.csv: 0 compounds overlap with our Hub
2026-04-03 14:39:39 | INFO  | phase_ext_benchmark |   373p.csv: 0 compounds overlap with our Hub
2026-04-03 14:39:39 | INFO  | phase_ext_benchmark |   634p.csv: 0 compounds overlap with our Hub
2026-04-03 14:39:39 | INFO  | phase_ext_benchmark |   205p.csv: 0 compounds overlap with our Hub
2026-04-03 14:39:39 | INFO  | phase_ext_benchmark |   751p.csv: 0 compounds overlap with our Hub
2026-04-03 14:39:40 | INFO  | phase_ext_benchmark |   1067p.csv: 0 compounds overlap with our Hub
2026-04-03 14:39:40 | INFO  | phase_ext_benchmark |   92p.csv: 0 compounds overlap with our Hub
2026-04-03 14:39:40 | INFO  | phase_ext_benchmark |   305p.csv: 0 compounds overlap with our Hub
2026-04-03 14:39:40 | INFO  | phase_ext_benchmark |   809p.csv: 0 compounds overlap with our Hub
2026-04-03 14:39:40 | INFO  | phase_ext_benchmark |   170p.csv: 0 compounds overlap with our Hub
2026-04-03 14:39:40 | INFO  | phase_ext_benchmark |   987p.csv: 0 compounds overlap with our Hub
2026-04-03 14:39:40 | INFO  | phase_ext_benchmark |   250p.csv: 0 compounds overlap with our Hub
2026-04-03 14:39:40 | INFO  | phase_ext_benchmark |   441p.csv: 0 compounds overlap with our Hub
2026-04-03 14:39:40 | INFO  | phase_ext_benchmark |   234p.csv: 0 compounds overlap with our Hub
2026-04-03 14:39:40 | INFO  | phase_ext_benchmark |   974p.csv: 0 compounds overlap with our Hub
2026-04-03 14:39:40 | INFO  | phase_ext_benchmark |   885p.csv: 0 compounds overlap with our Hub
2026-04-03 14:39:40 | INFO  | phase_ext_benchmark |   93p.csv: 0 compounds overlap with our Hub
2026-04-03 14:39:40 | INFO  | phase_ext_benchmark |   1063p.csv: 0 compounds overlap with our Hub
2026-04-03 14:39:40 | INFO  | phase_ext_benchmark |   142p.csv: 0 compounds overlap with our Hub
2026-04-03 14:39:40 | INFO  | phase_ext_benchmark |   435p.csv: 0 compounds overlap with our Hub
2026-04-03 14:39:40 | INFO  | phase_ext_benchmark |   907p.csv: 0 compounds overlap with our Hub
2026-04-03 14:39:40 | INFO  | phase_ext_benchmark |   1050p.csv: 0 compounds overlap with our Hub
2026-04-03 14:39:40 | INFO  | phase_ext_benchmark |   839p.csv: 0 compounds overlap with our Hub
2026-04-03 14:39:40 | INFO  | phase_ext_benchmark |   94p.csv: 0 compounds overlap with our Hub
2026-04-03 14:39:40 | INFO  | phase_ext_benchmark |   565p.csv: 0 compounds overlap with our Hub
2026-04-03 14:39:40 | INFO  | phase_ext_benchmark |   8p.csv: 0 compounds overlap with our Hub
2026-04-03 14:39:40 | INFO  | phase_ext_benchmark |   218p.csv: 0 compounds overlap with our Hub
2026-04-03 14:39:40 | INFO  | phase_ext_benchmark |   908p.csv: 0 compounds overlap with our Hub
2026-04-03 14:39:40 | INFO  | phase_ext_benchmark |   389p.csv: 0 compounds overlap with our Hub
2026-04-03 14:39:40 | INFO  | phase_ext_benchmark |   575p.csv: 0 compounds overlap with our Hub
2026-04-03 14:39:40 | INFO  | phase_ext_benchmark |   341p.csv: 0 compounds overlap with our Hub
2026-04-03 14:39:40 | INFO  | phase_ext_benchmark |   1066p.csv: 0 compounds overlap with our Hub
2026-04-03 14:39:40 | INFO  | phase_ext_benchmark |   806p.csv: 0 compounds overlap with our Hub
2026-04-03 14:39:40 | INFO  | phase_ext_benchmark |   943p.csv: 0 compounds overlap with our Hub
2026-04-03 14:39:40 | INFO  | phase_ext_benchmark |   940p.csv: 0 compounds overlap with our Hub
2026-04-03 14:39:40 | INFO  | phase_ext_benchmark |   1020p.csv: 0 compounds overlap with our Hub
2026-04-03 14:39:40 | INFO  | phase_ext_benchmark |   720p.csv: 0 compounds overlap with our Hub
2026-04-03 14:39:40 | INFO  | phase_ext_benchmark |   464p.csv: 0 compounds overlap with our Hub
2026-04-03 14:39:40 | INFO  | phase_ext_benchmark |   736p.csv: 0 compounds overlap with our Hub
2026-04-03 14:39:40 | INFO  | phase_ext_benchmark |   420p.csv: 0 compounds overlap with our Hub
2026-04-03 14:39:40 | INFO  | phase_ext_benchmark |   364p.csv: 0 compounds overlap with our Hub
2026-04-03 14:39:40 | INFO  | phase_ext_benchmark |   180p.csv: 0 compounds overlap with our Hub
2026-04-03 14:39:40 | INFO  | phase_ext_benchmark |   968p.csv: 1 compounds overlap with our Hub
2026-04-03 14:39:40 | INFO  | phase_ext_benchmark |   316p.csv: 0 compounds overlap with our Hub
2026-04-03 14:39:40 | INFO  | phase_ext_benchmark |   1084p.csv: 0 compounds overlap with our Hub
2026-04-03 14:39:40 | INFO  | phase_ext_benchmark |   31p.csv: 0 compounds overlap with our Hub
2026-04-03 14:39:40 | INFO  | phase_ext_benchmark |   346p.csv: 0 compounds overlap with our Hub
2026-04-03 14:39:40 | INFO  | phase_ext_benchmark |   187p.csv: 0 compounds overlap with our Hub
2026-04-03 14:39:40 | INFO  | phase_ext_benchmark |   181p.csv: 0 compounds overlap with our Hub
2026-04-03 14:39:40 | INFO  | phase_ext_benchmark |   540p.csv: 0 compounds overlap with our Hub
2026-04-03 14:39:40 | INFO  | phase_ext_benchmark |   836p.csv: 0 compounds overlap with our Hub
2026-04-03 14:39:40 | INFO  | phase_ext_benchmark |   96p.csv: 0 compounds overlap with our Hub
2026-04-03 14:39:40 | INFO  | phase_ext_benchmark |   337p.csv: 0 compounds overlap with our Hub
2026-04-03 14:39:40 | INFO  | phase_ext_benchmark |   761p.csv: 0 compounds overlap with our Hub
2026-04-03 14:39:40 | INFO  | phase_ext_benchmark |   749p.csv: 0 compounds overlap with our Hub
2026-04-03 14:39:40 | INFO  | phase_ext_benchmark |   798p.csv: 1 compounds overlap with our Hub
2026-04-03 14:39:40 | INFO  | phase_ext_benchmark |   64p.csv: 0 compounds overlap with our Hub
2026-04-03 14:39:40 | INFO  | phase_ext_benchmark |   424p.csv: 0 compounds overlap with our Hub
2026-04-03 14:39:40 | INFO  | phase_ext_benchmark |   998p.csv: 0 compounds overlap with our Hub
2026-04-03 14:39:40 | INFO  | phase_ext_benchmark |   330p.csv: 0 compounds overlap with our Hub
2026-04-03 14:39:40 | INFO  | phase_ext_benchmark |   541p.csv: 0 compounds overlap with our Hub
2026-04-03 14:39:40 | INFO  | phase_ext_benchmark |   303p.csv: 0 compounds overlap with our Hub
2026-04-03 14:39:40 | INFO  | phase_ext_benchmark |   74p.csv: 0 compounds overlap with our Hub
2026-04-03 14:39:40 | INFO  | phase_ext_benchmark |   545p.csv: 0 compounds overlap with our Hub
2026-04-03 14:39:40 | INFO  | phase_ext_benchmark |   1026p.csv: 0 compounds overlap with our Hub
2026-04-03 14:39:40 | INFO  | phase_ext_benchmark |   680p.csv: 0 compounds overlap with our Hub
2026-04-03 14:39:40 | INFO  | phase_ext_benchmark |   1018p.csv: 0 compounds overlap with our Hub
2026-04-03 14:39:40 | INFO  | phase_ext_benchmark |   166p.csv: 0 compounds overlap with our Hub
2026-04-03 14:39:40 | INFO  | phase_ext_benchmark |   1028p.csv: 0 compounds overlap with our Hub
2026-04-03 14:39:40 | INFO  | phase_ext_benchmark |   1051p.csv: 0 compounds overlap with our Hub
2026-04-03 14:39:40 | INFO  | phase_ext_benchmark |   786p.csv: 0 compounds overlap with our Hub
2026-04-03 14:39:40 | INFO  | phase_ext_benchmark |   909p.csv: 0 compounds overlap with our Hub
2026-04-03 14:39:40 | INFO  | phase_ext_benchmark |   229p.csv: 0 compounds overlap with our Hub
2026-04-03 14:39:40 | INFO  | phase_ext_benchmark |   419p.csv: 0 compounds overlap with our Hub
2026-04-03 14:39:40 | INFO  | phase_ext_benchmark |   37p.csv: 0 compounds overlap with our Hub
2026-04-03 14:39:40 | INFO  | phase_ext_benchmark |   1061p.csv: 0 compounds overlap with our Hub
2026-04-03 14:39:40 | INFO  | phase_ext_benchmark |   49p.csv: 0 compounds overlap with our Hub
2026-04-03 14:39:40 | INFO  | phase_ext_benchmark |   585p.csv: 0 compounds overlap with our Hub
2026-04-03 14:39:40 | INFO  | phase_ext_benchmark |   101p.csv: 0 compounds overlap with our Hub
2026-04-03 14:39:40 | INFO  | phase_ext_benchmark |   519p.csv: 0 compounds overlap with our Hub
2026-04-03 14:39:40 | INFO  | phase_ext_benchmark |   210p.csv: 0 compounds overlap with our Hub
2026-04-03 14:39:40 | INFO  | phase_ext_benchmark |   609p.csv: 0 compounds overlap with our Hub
2026-04-03 14:39:40 | INFO  | phase_ext_benchmark |   383p.csv: 0 compounds overlap with our Hub
2026-04-03 14:39:40 | INFO  | phase_ext_benchmark |   895p.csv: 0 compounds overlap with our Hub
2026-04-03 14:39:40 | INFO  | phase_ext_benchmark |   456p.csv: 0 compounds overlap with our Hub
2026-04-03 14:39:40 | INFO  | phase_ext_benchmark |   810p.csv: 0 compounds overlap with our Hub
2026-04-03 14:39:40 | INFO  | phase_ext_benchmark |   429p.csv: 0 compounds overlap with our Hub
2026-04-03 14:39:40 | INFO  | phase_ext_benchmark |   703p.csv: 0 compounds overlap with our Hub
2026-04-03 14:39:40 | INFO  | phase_ext_benchmark |   58p.csv: 0 compounds overlap with our Hub
2026-04-03 14:39:40 | INFO  | phase_ext_benchmark |   352p.csv: 0 compounds overlap with our Hub
2026-04-03 14:39:40 | INFO  | phase_ext_benchmark |   344p.csv: 0 compounds overlap with our Hub
2026-04-03 14:39:40 | INFO  | phase_ext_benchmark |   66p.csv: 0 compounds overlap with our Hub
2026-04-03 14:39:40 | INFO  | phase_ext_benchmark |   29p.csv: 0 compounds overlap with our Hub
2026-04-03 14:39:40 | INFO  | phase_ext_benchmark |   821p.csv: 0 compounds overlap with our Hub
2026-04-03 14:39:40 | INFO  | phase_ext_benchmark |   955p.csv: 0 compounds overlap with our Hub
2026-04-03 14:39:40 | INFO  | phase_ext_benchmark |   209p.csv: 0 compounds overlap with our Hub
2026-04-03 14:39:40 | INFO  | phase_ext_benchmark |   791p.csv: 0 compounds overlap with our Hub
2026-04-03 14:39:40 | INFO  | phase_ext_benchmark |   1098p.csv: 0 compounds overlap with our Hub
2026-04-03 14:39:40 | INFO  | phase_ext_benchmark |   782p.csv: 0 compounds overlap with our Hub
2026-04-03 14:39:40 | INFO  | phase_ext_benchmark |   561p.csv: 0 compounds overlap with our Hub
2026-04-03 14:39:40 | INFO  | phase_ext_benchmark |   956p.csv: 0 compounds overlap with our Hub
2026-04-03 14:39:40 | INFO  | phase_ext_benchmark |   217p.csv: 0 compounds overlap with our Hub
2026-04-03 14:39:40 | INFO  | phase_ext_benchmark |   576p.csv: 0 compounds overlap with our Hub
2026-04-03 14:39:40 | INFO  | phase_ext_benchmark |   917p.csv: 0 compounds overlap with our Hub
2026-04-03 14:39:40 | INFO  | phase_ext_benchmark |   881p.csv: 0 compounds overlap with our Hub
2026-04-03 14:39:41 | INFO  | phase_ext_benchmark |   551p.csv: 0 compounds overlap with our Hub
2026-04-03 14:39:41 | INFO  | phase_ext_benchmark |   654p.csv: 0 compounds overlap with our Hub
2026-04-03 14:39:41 | INFO  | phase_ext_benchmark |   360p.csv: 0 compounds overlap with our Hub
2026-04-03 14:39:41 | INFO  | phase_ext_benchmark |   667p.csv: 0 compounds overlap with our Hub
2026-04-03 14:39:41 | INFO  | phase_ext_benchmark |   221p.csv: 0 compounds overlap with our Hub
2026-04-03 14:39:41 | INFO  | phase_ext_benchmark |   208p.csv: 0 compounds overlap with our Hub
2026-04-03 14:39:41 | INFO  | phase_ext_benchmark |   691p.csv: 0 compounds overlap with our Hub
2026-04-03 14:39:41 | INFO  | phase_ext_benchmark |   602p.csv: 0 compounds overlap with our Hub
2026-04-03 14:39:41 | INFO  | phase_ext_benchmark |   834p.csv: 0 compounds overlap with our Hub
2026-04-03 14:39:41 | INFO  | phase_ext_benchmark |   723p.csv: 0 compounds overlap with our Hub
2026-04-03 14:39:41 | INFO  | phase_ext_benchmark |   78p.csv: 0 compounds overlap with our Hub
2026-04-03 14:39:41 | INFO  | phase_ext_benchmark |   191p.csv: 0 compounds overlap with our Hub
2026-04-03 14:39:41 | INFO  | phase_ext_benchmark |   1081p.csv: 0 compounds overlap with our Hub
2026-04-03 14:39:41 | INFO  | phase_ext_benchmark |   754p.csv: 0 compounds overlap with our Hub
2026-04-03 14:39:41 | INFO  | phase_ext_benchmark |   652p.csv: 0 compounds overlap with our Hub
2026-04-03 14:39:41 | INFO  | phase_ext_benchmark |   712p.csv: 0 compounds overlap with our Hub
2026-04-03 14:39:41 | INFO  | phase_ext_benchmark |   549p.csv: 0 compounds overlap with our Hub
2026-04-03 14:39:41 | INFO  | phase_ext_benchmark |   597p.csv: 0 compounds overlap with our Hub
2026-04-03 14:39:41 | INFO  | phase_ext_benchmark |   867p.csv: 0 compounds overlap with our Hub
2026-04-03 14:39:41 | INFO  | phase_ext_benchmark |   143p.csv: 0 compounds overlap with our Hub
2026-04-03 14:39:41 | INFO  | phase_ext_benchmark |   719p.csv: 0 compounds overlap with our Hub
2026-04-03 14:39:41 | INFO  | phase_ext_benchmark |   653p.csv: 0 compounds overlap with our Hub
2026-04-03 14:39:41 | INFO  | phase_ext_benchmark |   392p.csv: 0 compounds overlap with our Hub
2026-04-03 14:39:41 | INFO  | phase_ext_benchmark |   426p.csv: 0 compounds overlap with our Hub
2026-04-03 14:39:41 | INFO  | phase_ext_benchmark |   767p.csv: 0 compounds overlap with our Hub
2026-04-03 14:39:41 | INFO  | phase_ext_benchmark |   732p.csv: 0 compounds overlap with our Hub
2026-04-03 14:39:41 | INFO  | phase_ext_benchmark |   643p.csv: 0 compounds overlap with our Hub
2026-04-03 14:39:41 | INFO  | phase_ext_benchmark |   175p.csv: 0 compounds overlap with our Hub
2026-04-03 14:39:41 | INFO  | phase_ext_benchmark |   919p.csv: 0 compounds overlap with our Hub
2026-04-03 14:39:41 | INFO  | phase_ext_benchmark |   331p.csv: 0 compounds overlap with our Hub
2026-04-03 14:39:41 | INFO  | phase_ext_benchmark |   911p.csv: 0 compounds overlap with our Hub
2026-04-03 14:39:41 | INFO  | phase_ext_benchmark |   418p.csv: 0 compounds overlap with our Hub
2026-04-03 14:39:41 | INFO  | phase_ext_benchmark |   833p.csv: 0 compounds overlap with our Hub
2026-04-03 14:39:41 | INFO  | phase_ext_benchmark |   1093p.csv: 0 compounds overlap with our Hub
2026-04-03 14:39:41 | INFO  | phase_ext_benchmark |   966p.csv: 0 compounds overlap with our Hub
2026-04-03 14:39:41 | INFO  | phase_ext_benchmark |   247p.csv: 0 compounds overlap with our Hub
2026-04-03 14:39:41 | INFO  | phase_ext_benchmark |   1112p.csv: 0 compounds overlap with our Hub
2026-04-03 14:39:41 | INFO  | phase_ext_benchmark |   976p.csv: 0 compounds overlap with our Hub
2026-04-03 14:39:41 | INFO  | phase_ext_benchmark |   459p.csv: 0 compounds overlap with our Hub
2026-04-03 14:39:41 | INFO  | phase_ext_benchmark |   1115p.csv: 0 compounds overlap with our Hub
2026-04-03 14:39:41 | INFO  | phase_ext_benchmark |   973p.csv: 0 compounds overlap with our Hub
2026-04-03 14:39:41 | INFO  | phase_ext_benchmark |   458p.csv: 0 compounds overlap with our Hub
2026-04-03 14:39:41 | INFO  | phase_ext_benchmark |   200p.csv: 0 compounds overlap with our Hub
2026-04-03 14:39:41 | INFO  | phase_ext_benchmark |   840p.csv: 0 compounds overlap with our Hub
2026-04-03 14:39:41 | INFO  | phase_ext_benchmark |   1097p.csv: 0 compounds overlap with our Hub
2026-04-03 14:39:41 | INFO  | phase_ext_benchmark |   661p.csv: 0 compounds overlap with our Hub
2026-04-03 14:39:41 | INFO  | phase_ext_benchmark |   126p.csv: 0 compounds overlap with our Hub
2026-04-03 14:39:41 | INFO  | phase_ext_benchmark |   645p.csv: 0 compounds overlap with our Hub
2026-04-03 14:39:41 | INFO  | phase_ext_benchmark |   517p.csv: 0 compounds overlap with our Hub
2026-04-03 14:39:41 | INFO  | phase_ext_benchmark |   159p.csv: 0 compounds overlap with our Hub
2026-04-03 14:39:41 | INFO  | phase_ext_benchmark |   567p.csv: 0 compounds overlap with our Hub
2026-04-03 14:39:41 | INFO  | phase_ext_benchmark |   79p.csv: 0 compounds overlap with our Hub
2026-04-03 14:39:41 | INFO  | phase_ext_benchmark |   172p.csv: 0 compounds overlap with our Hub
2026-04-03 14:39:41 | INFO  | phase_ext_benchmark |   244p.csv: 0 compounds overlap with our Hub
2026-04-03 14:39:41 | INFO  | phase_ext_benchmark |   1000p.csv: 0 compounds overlap with our Hub
2026-04-03 14:39:41 | INFO  | phase_ext_benchmark |   450p.csv: 0 compounds overlap with our Hub
2026-04-03 14:39:41 | INFO  | phase_ext_benchmark |   666p.csv: 0 compounds overlap with our Hub
2026-04-03 14:39:41 | INFO  | phase_ext_benchmark |   544p.csv: 0 compounds overlap with our Hub
2026-04-03 14:39:41 | INFO  | phase_ext_benchmark |   35p.csv: 0 compounds overlap with our Hub
2026-04-03 14:39:41 | INFO  | phase_ext_benchmark |   32p.csv: 0 compounds overlap with our Hub
2026-04-03 14:39:41 | INFO  | phase_ext_benchmark |   53p.csv: 0 compounds overlap with our Hub
2026-04-03 14:39:41 | INFO  | phase_ext_benchmark |   638p.csv: 0 compounds overlap with our Hub
2026-04-03 14:39:41 | INFO  | phase_ext_benchmark |   491p.csv: 1 compounds overlap with our Hub
2026-04-03 14:39:41 | INFO  | phase_ext_benchmark |   990p.csv: 0 compounds overlap with our Hub
2026-04-03 14:39:41 | INFO  | phase_ext_benchmark |   1045p.csv: 0 compounds overlap with our Hub
2026-04-03 14:39:41 | INFO  | phase_ext_benchmark |   1101p.csv: 0 compounds overlap with our Hub
2026-04-03 14:39:41 | INFO  | phase_ext_benchmark |   509p.csv: 0 compounds overlap with our Hub
2026-04-03 14:39:41 | INFO  | phase_ext_benchmark |   681p.csv: 0 compounds overlap with our Hub
2026-04-03 14:39:41 | INFO  | phase_ext_benchmark |   381p.csv: 0 compounds overlap with our Hub
2026-04-03 14:39:41 | INFO  | phase_ext_benchmark |   119p.csv: 0 compounds overlap with our Hub
2026-04-03 14:39:41 | INFO  | phase_ext_benchmark |   1031p.csv: 0 compounds overlap with our Hub
2026-04-03 14:39:41 | INFO  | phase_ext_benchmark |   1111p.csv: 0 compounds overlap with our Hub
2026-04-03 14:39:41 | INFO  | phase_ext_benchmark |   854p.csv: 1 compounds overlap with our Hub
2026-04-03 14:39:41 | INFO  | phase_ext_benchmark |   301p.csv: 3 compounds overlap with our Hub
2026-04-03 14:39:41 | INFO  | phase_ext_benchmark |   802p.csv: 2 compounds overlap with our Hub
2026-04-03 14:39:41 | INFO  | phase_ext_benchmark |   504p.csv: 0 compounds overlap with our Hub
2026-04-03 14:39:41 | INFO  | phase_ext_benchmark |   436p.csv: 0 compounds overlap with our Hub
2026-04-03 14:39:41 | INFO  | phase_ext_benchmark |   942p.csv: 0 compounds overlap with our Hub
2026-04-03 14:39:41 | INFO  | phase_ext_benchmark |   24p.csv: 0 compounds overlap with our Hub
2026-04-03 14:39:41 | INFO  | phase_ext_benchmark |   989p.csv: 0 compounds overlap with our Hub
2026-04-03 14:39:41 | INFO  | phase_ext_benchmark |   264p.csv: 0 compounds overlap with our Hub
2026-04-03 14:39:41 | INFO  | phase_ext_benchmark |   650p.csv: 0 compounds overlap with our Hub
2026-04-03 14:39:41 | INFO  | phase_ext_benchmark |   152p.csv: 0 compounds overlap with our Hub
2026-04-03 14:39:41 | INFO  | phase_ext_benchmark |   14p.csv: 0 compounds overlap with our Hub
2026-04-03 14:39:41 | INFO  | phase_ext_benchmark |   246p.csv: 0 compounds overlap with our Hub
2026-04-03 14:39:41 | INFO  | phase_ext_benchmark |   683p.csv: 0 compounds overlap with our Hub
2026-04-03 14:39:41 | INFO  | phase_ext_benchmark |   207p.csv: 0 compounds overlap with our Hub
2026-04-03 14:39:41 | INFO  | phase_ext_benchmark |   220p.csv: 1 compounds overlap with our Hub
2026-04-03 14:39:41 | INFO  | phase_ext_benchmark |   162p.csv: 0 compounds overlap with our Hub
2026-04-03 14:39:41 | INFO  | phase_ext_benchmark |   579p.csv: 0 compounds overlap with our Hub
2026-04-03 14:39:41 | INFO  | phase_ext_benchmark |   747p.csv: 0 compounds overlap with our Hub
2026-04-03 14:39:41 | INFO  | phase_ext_benchmark |   408p.csv: 0 compounds overlap with our Hub
2026-04-03 14:39:41 | INFO  | phase_ext_benchmark |   522p.csv: 0 compounds overlap with our Hub
2026-04-03 14:39:41 | INFO  | phase_ext_benchmark |   248p.csv: 0 compounds overlap with our Hub
2026-04-03 14:39:41 | INFO  | phase_ext_benchmark |   90p.csv: 0 compounds overlap with our Hub
2026-04-03 14:39:41 | INFO  | phase_ext_benchmark |   558p.csv: 0 compounds overlap with our Hub
2026-04-03 14:39:41 | INFO  | phase_ext_benchmark |   108p.csv: 0 compounds overlap with our Hub
2026-04-03 14:39:41 | INFO  | phase_ext_benchmark |   295p.csv: 0 compounds overlap with our Hub
2026-04-03 14:39:41 | INFO  | phase_ext_benchmark |   183p.csv: 0 compounds overlap with our Hub
2026-04-03 14:39:41 | INFO  | phase_ext_benchmark |   116p.csv: 0 compounds overlap with our Hub
2026-04-03 14:39:41 | INFO  | phase_ext_benchmark |   28p.csv: 0 compounds overlap with our Hub
2026-04-03 14:39:41 | INFO  | phase_ext_benchmark |   913p.csv: 0 compounds overlap with our Hub
2026-04-03 14:39:42 | INFO  | phase_ext_benchmark |   239p.csv: 0 compounds overlap with our Hub
2026-04-03 14:39:42 | INFO  | phase_ext_benchmark |   753p.csv: 0 compounds overlap with our Hub
2026-04-03 14:39:42 | INFO  | phase_ext_benchmark |   818p.csv: 0 compounds overlap with our Hub
2026-04-03 14:39:42 | INFO  | phase_ext_benchmark |   413p.csv: 0 compounds overlap with our Hub
2026-04-03 14:39:42 | INFO  | phase_ext_benchmark |   530p.csv: 0 compounds overlap with our Hub
2026-04-03 14:39:42 | INFO  | phase_ext_benchmark |   555p.csv: 0 compounds overlap with our Hub
2026-04-03 14:39:42 | INFO  | phase_ext_benchmark |   768p.csv: 0 compounds overlap with our Hub
2026-04-03 14:39:42 | INFO  | phase_ext_benchmark |   992p.csv: 0 compounds overlap with our Hub
2026-04-03 14:39:42 | INFO  | phase_ext_benchmark |   120p.csv: 0 compounds overlap with our Hub
2026-04-03 14:39:42 | INFO  | phase_ext_benchmark |   367p.csv: 0 compounds overlap with our Hub
2026-04-03 14:39:42 | INFO  | phase_ext_benchmark |   139p.csv: 0 compounds overlap with our Hub
2026-04-03 14:39:42 | INFO  | phase_ext_benchmark |   61p.csv: 0 compounds overlap with our Hub
2026-04-03 14:39:42 | INFO  | phase_ext_benchmark |   104p.csv: 1 compounds overlap with our Hub
2026-04-03 14:39:42 | INFO  | phase_ext_benchmark |   298p.csv: 0 compounds overlap with our Hub
2026-04-03 14:39:42 | INFO  | phase_ext_benchmark |   251p.csv: 0 compounds overlap with our Hub
2026-04-03 14:39:42 | INFO  | phase_ext_benchmark |   526p.csv: 0 compounds overlap with our Hub
2026-04-03 14:39:42 | INFO  | phase_ext_benchmark |   537p.csv: 0 compounds overlap with our Hub
2026-04-03 14:39:42 | INFO  | phase_ext_benchmark |   499p.csv: 0 compounds overlap with our Hub
2026-04-03 14:39:42 | INFO  | phase_ext_benchmark |   598p.csv: 0 compounds overlap with our Hub
2026-04-03 14:39:42 | INFO  | phase_ext_benchmark |   918p.csv: 0 compounds overlap with our Hub
2026-04-03 14:39:42 | INFO  | phase_ext_benchmark |   498p.csv: 0 compounds overlap with our Hub
2026-04-03 14:39:42 | INFO  | phase_ext_benchmark |   779p.csv: 0 compounds overlap with our Hub
2026-04-03 14:39:42 | INFO  | phase_ext_benchmark |   290p.csv: 0 compounds overlap with our Hub
2026-04-03 14:39:42 | INFO  | phase_ext_benchmark |   954p.csv: 0 compounds overlap with our Hub
2026-04-03 14:39:42 | INFO  | phase_ext_benchmark |   56p.csv: 0 compounds overlap with our Hub
2026-04-03 14:39:42 | INFO  | phase_ext_benchmark |   506p.csv: 0 compounds overlap with our Hub
2026-04-03 14:39:42 | INFO  | phase_ext_benchmark |   112p.csv: 0 compounds overlap with our Hub
2026-04-03 14:39:42 | INFO  | phase_ext_benchmark |   106p.csv: 0 compounds overlap with our Hub
2026-04-03 14:39:42 | INFO  | phase_ext_benchmark |   192p.csv: 0 compounds overlap with our Hub
2026-04-03 14:39:42 | INFO  | phase_ext_benchmark |   114p.csv: 0 compounds overlap with our Hub
2026-04-03 14:39:42 | INFO  | phase_ext_benchmark |   542p.csv: 1 compounds overlap with our Hub
2026-04-03 14:39:42 | INFO  | phase_ext_benchmark |   1012p.csv: 0 compounds overlap with our Hub
2026-04-03 14:39:42 | INFO  | phase_ext_benchmark |   1079p.csv: 0 compounds overlap with our Hub
2026-04-03 14:39:42 | INFO  | phase_ext_benchmark |   590p.csv: 0 compounds overlap with our Hub
2026-04-03 14:39:42 | INFO  | phase_ext_benchmark |   354p.csv: 0 compounds overlap with our Hub
2026-04-03 14:39:42 | INFO  | phase_ext_benchmark |   468p.csv: 0 compounds overlap with our Hub
2026-04-03 14:39:42 | INFO  | phase_ext_benchmark |   309p.csv: 0 compounds overlap with our Hub
2026-04-03 14:39:42 | INFO  | phase_ext_benchmark |   343p.csv: 0 compounds overlap with our Hub
2026-04-03 14:39:42 | INFO  | phase_ext_benchmark |   982p.csv: 0 compounds overlap with our Hub
2026-04-03 14:39:42 | INFO  | phase_ext_benchmark |   775p.csv: 0 compounds overlap with our Hub
2026-04-03 14:39:42 | INFO  | phase_ext_benchmark |   920p.csv: 0 compounds overlap with our Hub
2026-04-03 14:39:42 | INFO  | phase_ext_benchmark |   18p.csv: 0 compounds overlap with our Hub
2026-04-03 14:39:42 | INFO  | phase_ext_benchmark |   167p.csv: 0 compounds overlap with our Hub
2026-04-03 14:39:42 | INFO  | phase_ext_benchmark |   617p.csv: 0 compounds overlap with our Hub
2026-04-03 14:39:42 | INFO  | phase_ext_benchmark |   1110p.csv: 0 compounds overlap with our Hub
2026-04-03 14:39:42 | INFO  | phase_ext_benchmark |   401p.csv: 0 compounds overlap with our Hub
2026-04-03 14:39:42 | INFO  | phase_ext_benchmark |   869p.csv: 0 compounds overlap with our Hub
2026-04-03 14:39:42 | INFO  | phase_ext_benchmark |   539p.csv: 0 compounds overlap with our Hub
2026-04-03 14:39:42 | INFO  | phase_ext_benchmark |   300p.csv: 0 compounds overlap with our Hub
2026-04-03 14:39:42 | INFO  | phase_ext_benchmark |   838p.csv: 0 compounds overlap with our Hub
2026-04-03 14:39:42 | INFO  | phase_ext_benchmark |   1017p.csv: 0 compounds overlap with our Hub
2026-04-03 14:39:42 | INFO  | phase_ext_benchmark |   657p.csv: 0 compounds overlap with our Hub
2026-04-03 14:39:42 | INFO  | phase_ext_benchmark |   936p.csv: 0 compounds overlap with our Hub
2026-04-03 14:39:42 | INFO  | phase_ext_benchmark |   490p.csv: 0 compounds overlap with our Hub
2026-04-03 14:39:42 | INFO  | phase_ext_benchmark |   875p.csv: 0 compounds overlap with our Hub
2026-04-03 14:39:42 | INFO  | phase_ext_benchmark |   372p.csv: 0 compounds overlap with our Hub
2026-04-03 14:39:42 | INFO  | phase_ext_benchmark |   39p.csv: 0 compounds overlap with our Hub
2026-04-03 14:39:42 | INFO  | phase_ext_benchmark |   302p.csv: 0 compounds overlap with our Hub
2026-04-03 14:39:42 | INFO  | phase_ext_benchmark |   1034p.csv: 0 compounds overlap with our Hub
2026-04-03 14:39:42 | INFO  | phase_ext_benchmark |   889p.csv: 0 compounds overlap with our Hub
2026-04-03 14:39:42 | INFO  | phase_ext_benchmark |   274p.csv: 0 compounds overlap with our Hub
2026-04-03 14:39:42 | INFO  | phase_ext_benchmark |   338p.csv: 0 compounds overlap with our Hub
2026-04-03 14:39:42 | INFO  | phase_ext_benchmark |   326p.csv: 0 compounds overlap with our Hub
2026-04-03 14:39:42 | INFO  | phase_ext_benchmark |   314p.csv: 0 compounds overlap with our Hub
2026-04-03 14:39:42 | INFO  | phase_ext_benchmark |   324p.csv: 0 compounds overlap with our Hub
2026-04-03 14:39:42 | INFO  | phase_ext_benchmark |   312p.csv: 0 compounds overlap with our Hub
2026-04-03 14:39:42 | INFO  | phase_ext_benchmark |   831p.csv: 0 compounds overlap with our Hub
2026-04-03 14:39:42 | INFO  | phase_ext_benchmark |   1042p.csv: 0 compounds overlap with our Hub
2026-04-03 14:39:42 | INFO  | phase_ext_benchmark |   1124p.csv: 0 compounds overlap with our Hub
2026-04-03 14:39:42 | INFO  | phase_ext_benchmark |   377p.csv: 0 compounds overlap with our Hub
2026-04-03 14:39:42 | INFO  | phase_ext_benchmark |   593p.csv: 0 compounds overlap with our Hub
2026-04-03 14:39:42 | INFO  | phase_ext_benchmark |   415p.csv: 0 compounds overlap with our Hub
2026-04-03 14:39:42 | INFO  | phase_ext_benchmark |   930p.csv: 0 compounds overlap with our Hub
2026-04-03 14:39:42 | INFO  | phase_ext_benchmark |   647p.csv: 0 compounds overlap with our Hub
2026-04-03 14:39:42 | INFO  | phase_ext_benchmark |   1105p.csv: 0 compounds overlap with our Hub
2026-04-03 14:39:42 | INFO  | phase_ext_benchmark |   483p.csv: 0 compounds overlap with our Hub
2026-04-03 14:39:42 | INFO  | phase_ext_benchmark |   664p.csv: 0 compounds overlap with our Hub
2026-04-03 14:39:42 | INFO  | phase_ext_benchmark |   971p.csv: 0 compounds overlap with our Hub
2026-04-03 14:39:42 | INFO  | phase_ext_benchmark |   799p.csv: 5 compounds overlap with our Hub
2026-04-03 14:39:42 | INFO  | phase_ext_benchmark |   57p.csv: 0 compounds overlap with our Hub
2026-04-03 14:39:42 | INFO  | phase_ext_benchmark |   497p.csv: 0 compounds overlap with our Hub
2026-04-03 14:39:42 | INFO  | phase_ext_benchmark |   952p.csv: 0 compounds overlap with our Hub
2026-04-03 14:39:42 | INFO  | phase_ext_benchmark |   154p.csv: 0 compounds overlap with our Hub
2026-04-03 14:39:42 | INFO  | phase_ext_benchmark |   665p.csv: 0 compounds overlap with our Hub
2026-04-03 14:39:42 | INFO  | phase_ext_benchmark |   651p.csv: 0 compounds overlap with our Hub
2026-04-03 14:39:42 | INFO  | phase_ext_benchmark |   694p.csv: 0 compounds overlap with our Hub
2026-04-03 14:39:42 | INFO  | phase_ext_benchmark |   795p.csv: 0 compounds overlap with our Hub
2026-04-03 14:39:42 | INFO  | phase_ext_benchmark |   400p.csv: 0 compounds overlap with our Hub
2026-04-03 14:39:42 | INFO  | phase_ext_benchmark |   514p.csv: 0 compounds overlap with our Hub
2026-04-03 14:39:42 | INFO  | phase_ext_benchmark |   726p.csv: 0 compounds overlap with our Hub
2026-04-03 14:39:42 | INFO  | phase_ext_benchmark |   25p.csv: 0 compounds overlap with our Hub
2026-04-03 14:39:42 | INFO  | phase_ext_benchmark |   921p.csv: 0 compounds overlap with our Hub
2026-04-03 14:39:42 | INFO  | phase_ext_benchmark |   63p.csv: 0 compounds overlap with our Hub
2026-04-03 14:39:42 | INFO  | phase_ext_benchmark |   332p.csv: 0 compounds overlap with our Hub
2026-04-03 14:39:42 | INFO  | phase_ext_benchmark |   975p.csv: 0 compounds overlap with our Hub
2026-04-03 14:39:42 | INFO  | phase_ext_benchmark |   146p.csv: 0 compounds overlap with our Hub
2026-04-03 14:39:42 | INFO  | phase_ext_benchmark |   466p.csv: 0 compounds overlap with our Hub
2026-04-03 14:39:42 | INFO  | phase_ext_benchmark |   623p.csv: 0 compounds overlap with our Hub
2026-04-03 14:39:42 | INFO  | phase_ext_benchmark |   1065p.csv: 0 compounds overlap with our Hub
2026-04-03 14:39:42 | INFO  | phase_ext_benchmark |   844p.csv: 0 compounds overlap with our Hub
2026-04-03 14:39:43 | INFO  | phase_ext_benchmark |   286p.csv: 0 compounds overlap with our Hub
2026-04-03 14:39:43 | INFO  | phase_ext_benchmark |   122p.csv: 0 compounds overlap with our Hub
2026-04-03 14:39:43 | INFO  | phase_ext_benchmark |   699p.csv: 0 compounds overlap with our Hub
2026-04-03 14:39:43 | INFO  | phase_ext_benchmark |   1038p.csv: 0 compounds overlap with our Hub
2026-04-03 14:39:43 | INFO  | phase_ext_benchmark |   789p.csv: 0 compounds overlap with our Hub
2026-04-03 14:39:43 | INFO  | phase_ext_benchmark |   163p.csv: 0 compounds overlap with our Hub
2026-04-03 14:39:43 | INFO  | phase_ext_benchmark |   249p.csv: 0 compounds overlap with our Hub
2026-04-03 14:39:43 | INFO  | phase_ext_benchmark |   1046p.csv: 0 compounds overlap with our Hub
2026-04-03 14:39:43 | INFO  | phase_ext_benchmark |   1030p.csv: 0 compounds overlap with our Hub
2026-04-03 14:39:43 | INFO  | phase_ext_benchmark |   880p.csv: 0 compounds overlap with our Hub
2026-04-03 14:39:43 | INFO  | phase_ext_benchmark |   848p.csv: 0 compounds overlap with our Hub
2026-04-03 14:39:43 | INFO  | phase_ext_benchmark |   451p.csv: 0 compounds overlap with our Hub
2026-04-03 14:39:43 | INFO  | phase_ext_benchmark |   635p.csv: 0 compounds overlap with our Hub
2026-04-03 14:39:43 | INFO  | phase_ext_benchmark |   1123p.csv: 0 compounds overlap with our Hub
2026-04-03 14:39:43 | INFO  | phase_ext_benchmark |   91p.csv: 0 compounds overlap with our Hub
2026-04-03 14:39:43 | INFO  | phase_ext_benchmark |   65p.csv: 0 compounds overlap with our Hub
2026-04-03 14:39:43 | INFO  | phase_ext_benchmark |   616p.csv: 0 compounds overlap with our Hub
2026-04-03 14:39:43 | INFO  | phase_ext_benchmark |   425p.csv: 0 compounds overlap with our Hub
2026-04-03 14:39:43 | INFO  | phase_ext_benchmark |   996p.csv: 0 compounds overlap with our Hub
2026-04-03 14:39:43 | INFO  | phase_ext_benchmark |   813p.csv: 0 compounds overlap with our Hub
2026-04-03 14:39:43 | INFO  | phase_ext_benchmark |   523p.csv: 0 compounds overlap with our Hub
2026-04-03 14:39:43 | INFO  | phase_ext_benchmark |   1127p.csv: 0 compounds overlap with our Hub
2026-04-03 14:39:43 | INFO  | phase_ext_benchmark |   155p.csv: 0 compounds overlap with our Hub
2026-04-03 14:39:43 | INFO  | phase_ext_benchmark |   596p.csv: 0 compounds overlap with our Hub
2026-04-03 14:39:43 | INFO  | phase_ext_benchmark |   763p.csv: 0 compounds overlap with our Hub
2026-04-03 14:39:43 | INFO  | phase_ext_benchmark |   553p.csv: 0 compounds overlap with our Hub
2026-04-03 14:39:43 | INFO  | phase_ext_benchmark |   750p.csv: 0 compounds overlap with our Hub
2026-04-03 14:39:43 | INFO  | phase_ext_benchmark |   350p.csv: 0 compounds overlap with our Hub
2026-04-03 14:39:43 | INFO  | phase_ext_benchmark |   997p.csv: 0 compounds overlap with our Hub
2026-04-03 14:39:43 | INFO  | phase_ext_benchmark |   1015p.csv: 0 compounds overlap with our Hub
2026-04-03 14:39:43 | INFO  | phase_ext_benchmark |   448p.csv: 0 compounds overlap with our Hub
2026-04-03 14:39:43 | INFO  | phase_ext_benchmark |   819p.csv: 0 compounds overlap with our Hub
2026-04-03 14:39:43 | INFO  | phase_ext_benchmark |   1055p.csv: 0 compounds overlap with our Hub
2026-04-03 14:39:43 | INFO  | phase_ext_benchmark |   118p.csv: 0 compounds overlap with our Hub
2026-04-03 14:39:43 | INFO  | phase_ext_benchmark |   861p.csv: 0 compounds overlap with our Hub
2026-04-03 14:39:43 | INFO  | phase_ext_benchmark |   240p.csv: 0 compounds overlap with our Hub
2026-04-03 14:39:43 | INFO  | phase_ext_benchmark |   54p.csv: 0 compounds overlap with our Hub
2026-04-03 14:39:43 | INFO  | phase_ext_benchmark |   242p.csv: 0 compounds overlap with our Hub
2026-04-03 14:39:43 | INFO  | phase_ext_benchmark |   741p.csv: 0 compounds overlap with our Hub
2026-04-03 14:39:43 | INFO  | phase_ext_benchmark |   842p.csv: 0 compounds overlap with our Hub
2026-04-03 14:39:43 | INFO  | phase_ext_benchmark |   868p.csv: 0 compounds overlap with our Hub
2026-04-03 14:39:43 | INFO  | phase_ext_benchmark |   359p.csv: 0 compounds overlap with our Hub
2026-04-03 14:39:43 | INFO  | phase_ext_benchmark |   534p.csv: 0 compounds overlap with our Hub
2026-04-03 14:39:43 | INFO  | phase_ext_benchmark |   679p.csv: 0 compounds overlap with our Hub
2026-04-03 14:39:43 | INFO  | phase_ext_benchmark |   434p.csv: 0 compounds overlap with our Hub
2026-04-03 14:39:43 | INFO  | phase_ext_benchmark |   495p.csv: 0 compounds overlap with our Hub
2026-04-03 14:39:43 | INFO  | phase_ext_benchmark |   30p.csv: 0 compounds overlap with our Hub
2026-04-03 14:39:43 | INFO  | phase_ext_benchmark |   923p.csv: 0 compounds overlap with our Hub
2026-04-03 14:39:43 | INFO  | phase_ext_benchmark |   928p.csv: 0 compounds overlap with our Hub
2026-04-03 14:39:43 | INFO  | phase_ext_benchmark |   198p.csv: 0 compounds overlap with our Hub
2026-04-03 14:39:43 | INFO  | phase_ext_benchmark |   370p.csv: 0 compounds overlap with our Hub
2026-04-03 14:39:43 | INFO  | phase_ext_benchmark |   641p.csv: 0 compounds overlap with our Hub
2026-04-03 14:39:43 | INFO  | phase_ext_benchmark |   849p.csv: 0 compounds overlap with our Hub
2026-04-03 14:39:43 | INFO  | phase_ext_benchmark |   716p.csv: 0 compounds overlap with our Hub
2026-04-03 14:39:43 | INFO  | phase_ext_benchmark |   801p.csv: 0 compounds overlap with our Hub
2026-04-03 14:39:43 | INFO  | phase_ext_benchmark |   387p.csv: 0 compounds overlap with our Hub
2026-04-03 14:39:43 | INFO  | phase_ext_benchmark |   1083p.csv: 0 compounds overlap with our Hub
2026-04-03 14:39:43 | INFO  | phase_ext_benchmark |   946p.csv: 0 compounds overlap with our Hub
2026-04-03 14:39:43 | INFO  | phase_ext_benchmark |   857p.csv: 0 compounds overlap with our Hub
2026-04-03 14:39:43 | INFO  | phase_ext_benchmark |   438p.csv: 0 compounds overlap with our Hub
2026-04-03 14:39:43 | INFO  | phase_ext_benchmark |   311p.csv: 0 compounds overlap with our Hub
2026-04-03 14:39:43 | INFO  | phase_ext_benchmark |   153p.csv: 0 compounds overlap with our Hub
2026-04-03 14:39:43 | INFO  | phase_ext_benchmark |   776p.csv: 0 compounds overlap with our Hub
2026-04-03 14:39:43 | INFO  | phase_ext_benchmark |   144p.csv: 0 compounds overlap with our Hub
2026-04-03 14:39:43 | INFO  | phase_ext_benchmark |   433p.csv: 0 compounds overlap with our Hub
2026-04-03 14:39:43 | INFO  | phase_ext_benchmark |   355p.csv: 0 compounds overlap with our Hub
2026-04-03 14:39:43 | INFO  | phase_ext_benchmark |   850p.csv: 0 compounds overlap with our Hub
2026-04-03 14:39:43 | INFO  | phase_ext_benchmark |   428p.csv: 0 compounds overlap with our Hub
2026-04-03 14:39:43 | INFO  | phase_ext_benchmark |   421p.csv: 0 compounds overlap with our Hub
2026-04-03 14:39:43 | INFO  | phase_ext_benchmark |   281p.csv: 0 compounds overlap with our Hub
2026-04-03 14:39:43 | INFO  | phase_ext_benchmark |   284p.csv: 0 compounds overlap with our Hub
2026-04-03 14:39:43 | INFO  | phase_ext_benchmark |   655p.csv: 0 compounds overlap with our Hub
2026-04-03 14:39:43 | INFO  | phase_ext_benchmark |   612p.csv: 0 compounds overlap with our Hub
2026-04-03 14:39:43 | INFO  | phase_ext_benchmark |   88p.csv: 0 compounds overlap with our Hub
2026-04-03 14:39:43 | INFO  | phase_ext_benchmark |   489p.csv: 0 compounds overlap with our Hub
2026-04-03 14:39:43 | INFO  | phase_ext_benchmark |   924p.csv: 0 compounds overlap with our Hub
2026-04-03 14:39:43 | INFO  | phase_ext_benchmark |   103p.csv: 0 compounds overlap with our Hub
2026-04-03 14:39:43 | INFO  | phase_ext_benchmark |   969p.csv: 0 compounds overlap with our Hub
2026-04-03 14:39:43 | INFO  | phase_ext_benchmark |   586p.csv: 0 compounds overlap with our Hub
2026-04-03 14:39:43 | INFO  | phase_ext_benchmark |   71p.csv: 0 compounds overlap with our Hub
2026-04-03 14:39:43 | INFO  | phase_ext_benchmark |   999p.csv: 0 compounds overlap with our Hub
2026-04-03 14:39:43 | INFO  | phase_ext_benchmark |   803p.csv: 7 compounds overlap with our Hub
2026-04-03 14:39:43 | INFO  | phase_ext_benchmark |   630p.csv: 0 compounds overlap with our Hub
2026-04-03 14:39:43 | INFO  | phase_ext_benchmark |   822p.csv: 0 compounds overlap with our Hub
2026-04-03 14:39:43 | INFO  | phase_ext_benchmark |   853p.csv: 0 compounds overlap with our Hub
2026-04-03 14:39:43 | INFO  | phase_ext_benchmark |   27p.csv: 0 compounds overlap with our Hub
2026-04-03 14:39:43 | INFO  | phase_ext_benchmark |   184p.csv: 0 compounds overlap with our Hub
2026-04-03 14:39:43 | INFO  | phase_ext_benchmark |   686p.csv: 0 compounds overlap with our Hub
2026-04-03 14:39:43 | INFO  | phase_ext_benchmark |   297p.csv: 0 compounds overlap with our Hub
2026-04-03 14:39:43 | INFO  | phase_ext_benchmark |   709p.csv: 0 compounds overlap with our Hub
2026-04-03 14:39:43 | INFO  | phase_ext_benchmark |   752p.csv: 0 compounds overlap with our Hub
2026-04-03 14:39:43 | INFO  | phase_ext_benchmark |   1075p.csv: 0 compounds overlap with our Hub
2026-04-03 14:39:43 | INFO  | phase_ext_benchmark |   414p.csv: 0 compounds overlap with our Hub
2026-04-03 14:39:43 | INFO  | phase_ext_benchmark |   644p.csv: 0 compounds overlap with our Hub
2026-04-03 14:39:43 | INFO  | phase_ext_benchmark |   970p.csv: 0 compounds overlap with our Hub
2026-04-03 14:39:43 | INFO  | phase_ext_benchmark |   1099p.csv: 0 compounds overlap with our Hub
2026-04-03 14:39:43 | INFO  | phase_ext_benchmark |   724p.csv: 0 compounds overlap with our Hub
2026-04-03 14:39:43 | INFO  | phase_ext_benchmark |   559p.csv: 0 compounds overlap with our Hub
2026-04-03 14:39:43 | INFO  | phase_ext_benchmark |   461p.csv: 0 compounds overlap with our Hub
2026-04-03 14:39:43 | INFO  | phase_ext_benchmark |   910p.csv: 0 compounds overlap with our Hub
2026-04-03 14:39:43 | INFO  | phase_ext_benchmark |   690p.csv: 0 compounds overlap with our Hub
2026-04-03 14:39:43 | INFO  | phase_ext_benchmark |   505p.csv: 0 compounds overlap with our Hub
2026-04-03 14:39:43 | INFO  | phase_ext_benchmark |   130p.csv: 0 compounds overlap with our Hub
2026-04-03 14:39:43 | INFO  | phase_ext_benchmark |   668p.csv: 0 compounds overlap with our Hub
2026-04-03 14:39:43 | INFO  | phase_ext_benchmark |   89p.csv: 0 compounds overlap with our Hub
2026-04-03 14:39:43 | INFO  | phase_ext_benchmark |   319p.csv: 0 compounds overlap with our Hub
2026-04-03 14:39:44 | INFO  | phase_ext_benchmark |   train.csv: 729 compounds overlap with our Hub
2026-04-03 14:39:44 | INFO  | phase_ext_benchmark |   test.csv: 0 compounds overlap with our Hub
2026-04-03 14:39:44 | INFO  | phase_ext_benchmark |   hit.csv: 0 compounds overlap with our Hub
2026-04-03 14:39:44 | INFO  | phase_ext_benchmark | 
  Generating figures...
2026-04-03 14:39:45 | INFO  | phase_ext_benchmark |   Figure: external_stokes_vs_ours
2026-04-03 14:39:47 | INFO  | phase_ext_benchmark |   Figure: external_all_models_vs_stokes
2026-04-03 14:39:48 | INFO  | phase_ext_benchmark |   Figure: external_interactive_comparison.html
2026-04-03 14:39:48 | INFO  | phase_ext_benchmark | 
  Saved: /scratch/vishakha.agrawal/antibiotic-selectivity-v2/outputs/runs/run_20260315_034033/results/reports/external_benchmark_report.json
2026-04-03 14:39:48 | INFO  | phase_ext_benchmark | 
======================================================================
2026-04-03 14:39:48 | INFO  | phase_ext_benchmark |   EXTERNAL BENCHMARK SUMMARY
2026-04-03 14:39:48 | INFO  | phase_ext_benchmark | ======================================================================
2026-04-03 14:39:48 | INFO  | phase_ext_benchmark |   Stokes Hub: 4496 compounds
2026-04-03 14:39:48 | INFO  | phase_ext_benchmark |   Our Hub:    6739 compounds
2026-04-03 14:39:48 | INFO  | phase_ext_benchmark |   Matched:    4343 compounds
2026-04-03 14:39:48 | INFO  | phase_ext_benchmark |   Halicin:    Stokes rank #89, Our RF S=0.0849 (rank #6000)
2026-04-03 14:39:48 | INFO  | phase_ext_benchmark |   Stokes validated actives: 51 found
2026-04-03 14:39:48 | INFO  | phase_ext_benchmark |     Selective (our S>0.3): 10
2026-04-03 14:39:48 | INFO  | phase_ext_benchmark |     Broad-spectrum (our S<0.1): 21
2026-04-03 14:39:48 | INFO  | phase_ext_benchmark |   Golden intersection (validated + selective): 10 compounds
2026-04-03 14:39:48 | INFO  | phase_ext_benchmark |     Best: AFN-1252
2026-04-03 14:39:48 | INFO  | phase_ext_benchmark | ======================================================================
2026-04-03 14:39:48 | INFO  | phase_ext_benchmark | ============================================================
2026-04-03 14:39:48 | INFO  | phase_ext_benchmark |  COMPLETED: Phase A: External Benchmark
2026-04-03 14:39:48 | INFO  | phase_ext_benchmark |  Elapsed: 0m 34.6s
2026-04-03 14:39:48 | INFO  | phase_ext_benchmark | ============================================================
2026-04-16 17:33:05 | INFO  | phase_ext_benchmark | Logging to file: /scratch/vishakha.agrawal/antibiotic-selectivity-v2/logs/phase_ext_benchmark.log
2026-04-16 17:33:05 | INFO  | phase_ext_benchmark | ============================================================
2026-04-16 17:33:05 | INFO  | phase_ext_benchmark |  STARTING: Phase A: External Benchmark Comparison
2026-04-16 17:33:05 | INFO  | phase_ext_benchmark | ============================================================
2026-04-16 17:33:05 | INFO  | phase_ext_benchmark |   Stokes S2 (Cell 2020): cached (1.4 MB)
2026-04-16 17:33:05 | INFO  | phase_ext_benchmark |   Wong repo: cached (5645 MB)
2026-04-16 17:33:05 | INFO  | phase_ext_benchmark | 
  Loading Stokes supplementary tables...
2026-04-16 17:33:06 | INFO  | phase_ext_benchmark |   S2B (D-MPNN): 4496 compounds, 53 validated active
2026-04-16 17:33:07 | INFO  | phase_ext_benchmark |   S2F (RF): 4496 compounds
2026-04-16 17:33:07 | INFO  | phase_ext_benchmark |   S2H (Tanimoto): 2335 training compounds
2026-04-16 17:33:07 | ERROR | phase_ext_benchmark |   Missing data. Cannot proceed.
2026-04-16 17:40:18 | INFO  | phase_ext_benchmark | Logging to file: /scratch/vishakha.agrawal/antibiotic-selectivity-v2/logs/phase_ext_benchmark.log
2026-04-16 17:40:18 | INFO  | phase_ext_benchmark | ============================================================
2026-04-16 17:40:18 | INFO  | phase_ext_benchmark |  STARTING: Phase A: External Benchmark Comparison
2026-04-16 17:40:18 | INFO  | phase_ext_benchmark | ============================================================
2026-04-16 17:40:18 | INFO  | phase_ext_benchmark |   Stokes S2 (Cell 2020): cached (1.4 MB)
2026-04-16 17:40:18 | INFO  | phase_ext_benchmark |   Wong repo: cached (5645 MB)
2026-04-16 17:40:18 | INFO  | phase_ext_benchmark | 
  Loading Stokes supplementary tables...
2026-04-16 17:40:19 | INFO  | phase_ext_benchmark |   S2B (D-MPNN): 4496 compounds, 53 validated active
2026-04-16 17:40:19 | INFO  | phase_ext_benchmark |   S2F (RF): 4496 compounds
2026-04-16 17:40:19 | INFO  | phase_ext_benchmark |   S2H (Tanimoto): 2335 training compounds
2026-04-16 17:40:19 | INFO  | phase_ext_benchmark |   Our rf: 6739 compounds
2026-04-16 17:40:19 | INFO  | phase_ext_benchmark |   Our dmpnn: 6739 compounds
2026-04-16 17:40:19 | INFO  | phase_ext_benchmark |   Our chemeleon_frozen: 6739 compounds
2026-04-16 17:40:19 | INFO  | phase_ext_benchmark |   Our molformer: 6739 compounds
2026-04-16 17:40:19 | INFO  | phase_ext_benchmark | 
  Merging Stokes predictions with our results...
2026-04-16 17:40:20 | INFO  | phase_ext_benchmark |   Matched 616 / 6739 compounds by SMILES to Stokes
2026-04-16 17:40:20 | INFO  | phase_ext_benchmark |   Trying name-based matching as fallback...
2026-04-16 17:40:25 | INFO  | phase_ext_benchmark |   After name matching: 4343 matched
2026-04-16 17:40:25 | INFO  | phase_ext_benchmark | 
  Saved: /scratch/vishakha.agrawal/antibiotic-selectivity-v2/outputs/runs/run_20260315_034033/results/external_stokes_comparison.csv
2026-04-16 17:40:25 | INFO  | phase_ext_benchmark | 
======================================================================
2026-04-16 17:40:25 | INFO  | phase_ext_benchmark |   HALICIN CASE STUDY
2026-04-16 17:40:25 | INFO  | phase_ext_benchmark | ======================================================================
2026-04-16 17:40:25 | INFO  | phase_ext_benchmark |   Stokes: rank #89, score=0.3315, validated=YES
2026-04-16 17:40:25 | INFO  | phase_ext_benchmark |   Our rf                  : rank #6000, S=0.0849
2026-04-16 17:40:25 | INFO  | phase_ext_benchmark |   Our dmpnn               : rank #4941, S=0.0003
2026-04-16 17:40:25 | INFO  | phase_ext_benchmark |   Our chemeleon_frozen    : rank #6647, S=0.0005
2026-04-16 17:40:25 | INFO  | phase_ext_benchmark |   Our molformer           : rank #3448, S=0.0071
2026-04-16 17:40:25 | INFO  | phase_ext_benchmark | 
  Interpretation: Halicin is a broad-spectrum antibiotic that kills E. coli, M. tuberculosis, A. baumannii, and C. difficile. Stokes et al. ranked it #89 by D-MPNN prediction score; they selected it for follow-up not because of its rank but because it was structurally divergent from all known antibiotics (Tanimoto similarity 0.21 to nearest antibiotic). Our pipeline correctly assigns low selectivity because halicin would devastate gut commensals. This demonstrates that our selectivity framework successfully distinguishes microbiome-sparing from broad-spectrum compounds.
2026-04-16 17:40:25 | INFO  | phase_ext_benchmark |   Saved: /scratch/vishakha.agrawal/antibiotic-selectivity-v2/outputs/runs/run_20260315_034033/results/external_halicin_case_study.json
2026-04-16 17:40:25 | INFO  | phase_ext_benchmark | 
======================================================================
2026-04-16 17:40:25 | INFO  | phase_ext_benchmark |   STOKES VALIDATED ACTIVES vs OUR SELECTIVITY
2026-04-16 17:40:25 | INFO  | phase_ext_benchmark | ======================================================================
2026-04-16 17:40:25 | INFO  | phase_ext_benchmark |   51 Stokes-validated active compounds found in our Hub
2026-04-16 17:40:25 | INFO  | phase_ext_benchmark | 
  Name                        Stokes     RF S  RF rank  DMPNN S    Inhib
2026-04-16 17:40:25 | INFO  | phase_ext_benchmark |   ---------------------------------------------------------------------------
2026-04-16 17:40:25 | INFO  | phase_ext_benchmark |   cefmenoxime                      1   0.0290     6641   0.0055   0.0450
2026-04-16 17:40:25 | INFO  | phase_ext_benchmark |   ulifloxacin                      2   0.3796      106   0.0105   0.0504
2026-04-16 17:40:25 | INFO  | phase_ext_benchmark |   cefotiam                         3   0.0278     6646   0.0065   0.0449
2026-04-16 17:40:25 | INFO  | phase_ext_benchmark |   ceftriaxone                      4   0.0464     6519   0.0025   0.0425
2026-04-16 17:40:25 | INFO  | phase_ext_benchmark |   balofloxacin                     5   0.0784     6106   0.0277   0.0411
2026-04-16 17:40:25 | INFO  | phase_ext_benchmark |   danofloxacin                     7   0.1352     4517   0.0199   0.0452
2026-04-16 17:40:25 | INFO  | phase_ext_benchmark |   besifloxacin                     8   0.0683     6272   0.0076   0.0410
2026-04-16 17:40:25 | INFO  | phase_ext_benchmark |   cefodizime                      10   0.0355     6602   0.0026   0.0420
2026-04-16 17:40:25 | INFO  | phase_ext_benchmark |   trovafloxacin                   11   0.1311     4671   0.0218   0.0422
2026-04-16 17:40:25 | INFO  | phase_ext_benchmark |   cefpirome                       12   0.0708     6239   0.0016   0.0469
2026-04-16 17:40:25 | INFO  | phase_ext_benchmark |   cefotiam-cilexetil              13   0.1189     5117   0.0061   0.0444
2026-04-16 17:40:25 | INFO  | phase_ext_benchmark |   sitafloxacin                    14   0.0927     5835   0.0069   0.0407
2026-04-16 17:40:25 | INFO  | phase_ext_benchmark |   ceftizoxim                      15   0.2488      753   0.0394   0.0447
2026-04-16 17:40:25 | INFO  | phase_ext_benchmark |   cefoselis                       17   0.0602     6383   0.0024   0.0662
2026-04-16 17:40:25 | INFO  | phase_ext_benchmark |   cefotaxime                      18   0.0320     6617   0.0097   0.0413
2026-04-16 17:40:25 | INFO  | phase_ext_benchmark |   ceftazidime                     19   0.0362     6598   0.0029   0.0449
2026-04-16 17:40:25 | INFO  | phase_ext_benchmark |   cefetamet                       20   0.0642     6335   0.0167   0.0430
2026-04-16 17:40:25 | INFO  | phase_ext_benchmark |   cefuroxime                      22   0.0370     6594   0.0052   0.1859
2026-04-16 17:40:25 | INFO  | phase_ext_benchmark |   thiomersal                      23   0.1425     4230   0.0186   0.0491
2026-04-16 17:40:25 | INFO  | phase_ext_benchmark |   cefoxitin                       24   0.0838     6029   0.0609   0.0415
2026-04-16 17:40:25 | INFO  | phase_ext_benchmark |   cefonicid                       25   0.0476     6510   0.0176   0.0442
2026-04-16 17:40:25 | INFO  | phase_ext_benchmark |   cefetamet-pivoxil               27   0.1507     3869   0.1202   0.0471
2026-04-16 17:40:25 | INFO  | phase_ext_benchmark |   finafloxacin                    28   0.0504     6487   0.0161   0.0428
2026-04-16 17:40:25 | INFO  | phase_ext_benchmark |   moxalactam                      29   0.1236     4935   0.1271   0.0588
2026-04-16 17:40:25 | INFO  | phase_ext_benchmark |   cefozopran                      30   0.0790     6093   0.0032   0.0415
2026-04-16 17:40:25 | INFO  | phase_ext_benchmark |   oxolinic-acid                   34   0.3345      165   0.3900   0.0508
2026-04-16 17:40:25 | INFO  | phase_ext_benchmark |   carumonam                       35   0.5456       15   0.9883   0.0414
2026-04-16 17:40:25 | INFO  | phase_ext_benchmark |   piperacillin                    36   0.0206     6676   0.0110   0.0457
2026-04-16 17:40:25 | INFO  | phase_ext_benchmark |   bleomycin                       37   0.2188     1396   0.0714   0.0416
2026-04-16 17:40:25 | INFO  | phase_ext_benchmark |   ceftaroline-fosamil             38   0.0801     6079   0.0023   0.0433
2026-04-16 17:40:25 | INFO  | phase_ext_benchmark | 
  Stokes actives with OUR S > 0.3 (selective): 10
2026-04-16 17:40:25 | INFO  | phase_ext_benchmark |   Stokes actives with OUR S < 0.1 (broad-spectrum): 21
2026-04-16 17:40:25 | INFO  | phase_ext_benchmark | 
======================================================================
2026-04-16 17:40:25 | INFO  | phase_ext_benchmark |   GOLDEN INTERSECTION: Validated Active + Selective
2026-04-16 17:40:25 | INFO  | phase_ext_benchmark | ======================================================================
2026-04-16 17:40:25 | INFO  | phase_ext_benchmark |   Stokes model: ensemble of 20 D-MPNN + RDKit 2D features
2026-04-16 17:40:25 | INFO  | phase_ext_benchmark |   Stokes training: 2,335 compounds, in-house E. coli screen
2026-04-16 17:40:25 | INFO  | phase_ext_benchmark |   Our models: RF, D-MPNN, CheMeleon, MoLFormer
2026-04-16 17:40:25 | INFO  | phase_ext_benchmark |   Our training: ~28,000 compounds from ChEMBL
2026-04-16 17:40:25 | INFO  | phase_ext_benchmark |   Our selectivity: S = P_pathogen x (1 - P_gut)
2026-04-16 17:40:25 | INFO  | phase_ext_benchmark | 
  Per-model golden intersection (S > 0.3):
2026-04-16 17:40:25 | INFO  | phase_ext_benchmark |   Model                  n_golden   median_S             best compound
2026-04-16 17:40:25 | INFO  | phase_ext_benchmark |   ----------------------------------------------------------------------
2026-04-16 17:40:25 | INFO  | phase_ext_benchmark |   RF                           10     0.3571                  AFN-1252
2026-04-16 17:40:25 | INFO  | phase_ext_benchmark |   D-MPNN                        7     0.9199                 carumonam
2026-04-16 17:40:25 | INFO  | phase_ext_benchmark |   CheMeleon                    14     0.4483                  colistin
2026-04-16 17:40:25 | INFO  | phase_ext_benchmark |   MoLFormer                    11     0.8120             solithromycin
2026-04-16 17:40:25 | INFO  | phase_ext_benchmark | 
  Detailed golden compounds (RF, S > 0.3):
2026-04-16 17:40:25 | INFO  | phase_ext_benchmark |   Name                       Stokes D-MPNN  Stokes RF  Our RF S  Our RF rk MoA                                
2026-04-16 17:40:25 | INFO  | phase_ext_benchmark |   ------------------------------------------------------------------------------------------------------------
2026-04-16 17:40:25 | INFO  | phase_ext_benchmark |   AFN-1252                            4485          0    0.6518          5 FABI inhibitor                     
2026-04-16 17:40:25 | INFO  | phase_ext_benchmark |   carumonam                             35          0    0.5456         15 bacterial cell wall synthesis inhib
2026-04-16 17:40:25 | INFO  | phase_ext_benchmark |   isepamicin                            66          0    0.4603         43 protein synthesis inhibitor        
2026-04-16 17:40:25 | INFO  | phase_ext_benchmark |   colistimethate                        46          0    0.3842        100 bacterial permeability inducer     
2026-04-16 17:40:25 | INFO  | phase_ext_benchmark |   ulifloxacin                            2          0    0.3796        106 nan                                
2026-04-16 17:40:25 | INFO  | phase_ext_benchmark |   oxolinic-acid                         34          0    0.3345        165 bacterial DNA gyrase inhibitor     
2026-04-16 17:40:25 | INFO  | phase_ext_benchmark |   fdcyd                                 56          0    0.3217        199 DNA methyltransferase inhibitor    
2026-04-16 17:40:25 | INFO  | phase_ext_benchmark |   colistin                              49          0    0.3071        239 bacterial permeability inducer     
2026-04-16 17:40:25 | INFO  | phase_ext_benchmark |   faropenem-medoxomil                   50          0    0.3034        258 lactamase inhibitor                
2026-04-16 17:40:25 | INFO  | phase_ext_benchmark |   solithromycin                         59          0    0.3003        275 protein synthesis inhibitor        
2026-04-16 17:40:25 | INFO  | phase_ext_benchmark | 
  Saved: /scratch/vishakha.agrawal/antibiotic-selectivity-v2/outputs/runs/run_20260315_034033/results/external_golden_intersection.csv
2026-04-16 17:40:25 | INFO  | phase_ext_benchmark | 
  INTERPRETATION:
2026-04-16 17:40:25 | INFO  | phase_ext_benchmark |   These 10 compounds are experimentally confirmed to kill E. coli
2026-04-16 17:40:25 | INFO  | phase_ext_benchmark |   (Stokes et al., Cell 2020) AND computationally predicted to spare
2026-04-16 17:40:25 | INFO  | phase_ext_benchmark |   gut commensals (our selectivity pipeline).
2026-04-16 17:40:25 | INFO  | phase_ext_benchmark |   They represent the strongest candidates for microbiome-sparing antibiotics.
2026-04-16 17:40:25 | INFO  | phase_ext_benchmark | 
======================================================================
2026-04-16 17:40:25 | INFO  | phase_ext_benchmark |   OUR TOP CANDIDATES IN STOKES' RANKINGS
2026-04-16 17:40:25 | INFO  | phase_ext_benchmark | ======================================================================
2026-04-16 17:40:25 | INFO  | phase_ext_benchmark | 
  Name                       Models   Our S   Stokes  S rank  Active?
2026-04-16 17:40:25 | INFO  | phase_ext_benchmark |   ----------------------------------------------------------------------
2026-04-16 17:40:25 | INFO  | phase_ext_benchmark |   retapamulin                     5   1.000   0.0197    1624       NO
2026-04-16 17:40:25 | INFO  | phase_ext_benchmark |   AFN-1252                        5   0.998   0.0003    4485      YES
2026-04-16 17:40:25 | INFO  | phase_ext_benchmark |   trimetrexate                    5   0.992      N/A     N/A      N/A
2026-04-16 17:40:25 | INFO  | phase_ext_benchmark |   micronomicin                    4   1.000   0.2825     108       NO
2026-04-16 17:40:25 | INFO  | phase_ext_benchmark |   SQ-109                          4   1.000   0.0047    3348       NO
2026-04-16 17:40:25 | INFO  | phase_ext_benchmark |   netilmicin                      4   1.000      N/A     N/A      N/A
2026-04-16 17:40:25 | INFO  | phase_ext_benchmark |   macozinone                      4   0.999      N/A     N/A      N/A
2026-04-16 17:40:25 | INFO  | phase_ext_benchmark |   GSK656                          4   0.995      N/A     N/A      N/A
2026-04-16 17:40:25 | INFO  | phase_ext_benchmark |   gepotidacin                     4   0.994      N/A     N/A      N/A
2026-04-16 17:40:25 | INFO  | phase_ext_benchmark |   vinburnine                      4   0.993   0.0093    2589       NO
2026-04-16 17:40:25 | INFO  | phase_ext_benchmark |   sisomicin                       4   0.989      N/A     N/A      N/A
2026-04-16 17:40:25 | INFO  | phase_ext_benchmark |   SB-772077B                      4   0.975   0.0516     685       NO
2026-04-16 17:40:25 | INFO  | phase_ext_benchmark |   guadecitabine                   3   1.000      N/A     N/A      N/A
2026-04-16 17:40:25 | INFO  | phase_ext_benchmark |   sodium-nitroprusside            3   1.000   0.0022    4015       NO
2026-04-16 17:40:25 | INFO  | phase_ext_benchmark |   colistimethate                  3   1.000   0.6118      46      YES
2026-04-16 17:40:25 | INFO  | phase_ext_benchmark |   diquafosol                      3   1.000      N/A     N/A      N/A
2026-04-16 17:40:25 | INFO  | phase_ext_benchmark |   diadenosine-tetraphosphat       3   1.000   0.0164    1860       NO
2026-04-16 17:40:25 | INFO  | phase_ext_benchmark |   relebactam                      3   1.000   0.0467     765       NO
2026-04-16 17:40:25 | INFO  | phase_ext_benchmark |   gentamycin                      3   1.000   0.3553      82       NO
2026-04-16 17:40:25 | INFO  | phase_ext_benchmark |   GSK690693                       3   1.000   0.0575     604       NO
2026-04-16 17:40:25 | INFO  | phase_ext_benchmark |   diphenyleneiodonium             3   1.000   0.0073    2867       NO
2026-04-16 17:40:25 | INFO  | phase_ext_benchmark |   PR-619                          3   1.000   0.0677     501       NO
2026-04-16 17:40:25 | INFO  | phase_ext_benchmark |   adenosine-triphosphate          3   1.000   0.0069    2952       NO
2026-04-16 17:40:25 | INFO  | phase_ext_benchmark |   uridine-5'-triphosphate         3   1.000   0.0023    3993       NO
2026-04-16 17:40:25 | INFO  | phase_ext_benchmark |   BTZ043-racemate                 3   1.000   0.0859     383       NO
2026-04-16 17:40:25 | INFO  | phase_ext_benchmark |   Q-203                           3   1.000   0.0330    1086       NO
2026-04-16 17:40:25 | INFO  | phase_ext_benchmark |   INS316                          3   0.999   0.0023    3996       NO
2026-04-16 17:40:25 | INFO  | phase_ext_benchmark |   boronophenylalanine             3   0.999   0.0023    3985       NO
2026-04-16 17:40:25 | INFO  | phase_ext_benchmark |   monocrotaline                   3   0.998      N/A     N/A      N/A
2026-04-16 17:40:25 | INFO  | phase_ext_benchmark |   vindesine                       3   0.998   0.0226    1472       NO
2026-04-16 17:40:25 | INFO  | phase_ext_benchmark | 
======================================================================
2026-04-16 17:40:25 | INFO  | phase_ext_benchmark |   CORRELATION: OUR MODELS vs STOKES D-MPNN
2026-04-16 17:40:25 | INFO  | phase_ext_benchmark | ======================================================================
2026-04-16 17:40:25 | INFO  | phase_ext_benchmark |   model                 rho(P_path)   rho(S)      delta     n
2026-04-16 17:40:25 | INFO  | phase_ext_benchmark |   rf                    0.3631        0.1766      +0.1865   4343
2026-04-16 17:40:25 | INFO  | phase_ext_benchmark |   dmpnn                 0.2346        0.1535      +0.0811   4343
2026-04-16 17:40:25 | INFO  | phase_ext_benchmark |   chemeleon_frozen      0.2601        0.1611      +0.0990   4343
2026-04-16 17:40:25 | INFO  | phase_ext_benchmark |   molformer             0.2606        0.1887      +0.0719   4343
2026-04-16 17:40:25 | INFO  | phase_ext_benchmark | 
  INTERPRETATION:
2026-04-16 17:40:25 | INFO  | phase_ext_benchmark |     rho(P_path) = like-for-like: our E. coli activity vs Stokes' E. coli activity
2026-04-16 17:40:25 | INFO  | phase_ext_benchmark |     rho(S)      = apples-to-oranges: our selectivity vs Stokes' activity
2026-04-16 17:40:25 | INFO  | phase_ext_benchmark |     delta       = drop attributable to our gut-harm penalty (1 - P_gut factor)
2026-04-16 17:40:25 | INFO  | phase_ext_benchmark | 
======================================================================
2026-04-16 17:40:25 | INFO  | phase_ext_benchmark |   WONG et al. (Nature, 2024) DATA ANALYSIS
2026-04-16 17:40:25 | INFO  | phase_ext_benchmark | ======================================================================
2026-04-16 17:40:25 | INFO  | phase_ext_benchmark |   hits.csv: 3646 rows, cols=['SMILES', 'LIBRARY', 'ANTIBIOTIC_ACTIVITY']
2026-04-16 17:40:25 | INFO  | phase_ext_benchmark |   rationales.csv: 186 rows, cols=['Rationale']
2026-04-16 17:40:26 | INFO  | phase_ext_benchmark |   746p.csv: 10000 rows, cols=['SMILES', 'ACTIVITY']
2026-04-16 17:40:26 | INFO  | phase_ext_benchmark |   70p.csv: 10000 rows, cols=['SMILES', 'ACTIVITY']
2026-04-16 17:40:26 | INFO  | phase_ext_benchmark |   404p.csv: 10000 rows, cols=['SMILES', 'ACTIVITY']
2026-04-16 17:40:26 | INFO  | phase_ext_benchmark |   1103p.csv: 10000 rows, cols=['SMILES', 'ACTIVITY']
2026-04-16 17:40:26 | INFO  | phase_ext_benchmark |   356p.csv: 10000 rows, cols=['SMILES', 'ACTIVITY']
2026-04-16 17:40:26 | INFO  | phase_ext_benchmark |   538p.csv: 10000 rows, cols=['SMILES', 'ACTIVITY']
2026-04-16 17:40:26 | INFO  | phase_ext_benchmark |   394p.csv: 10000 rows, cols=['SMILES', 'ACTIVITY']
2026-04-16 17:40:26 | INFO  | phase_ext_benchmark |   212p.csv: 10000 rows, cols=['SMILES', 'ACTIVITY']
2026-04-16 17:40:26 | INFO  | phase_ext_benchmark |   500p.csv: 10000 rows, cols=['SMILES', 'ACTIVITY']
2026-04-16 17:40:26 | INFO  | phase_ext_benchmark |   292p.csv: 10000 rows, cols=['SMILES', 'ACTIVITY']
2026-04-16 17:40:26 | INFO  | phase_ext_benchmark |   405p.csv: 10000 rows, cols=['SMILES', 'ACTIVITY']
2026-04-16 17:40:26 | INFO  | phase_ext_benchmark |   486p.csv: 10000 rows, cols=['SMILES', 'ACTIVITY']
2026-04-16 17:40:26 | INFO  | phase_ext_benchmark |   525p.csv: 10000 rows, cols=['SMILES', 'ACTIVITY']
2026-04-16 17:40:26 | INFO  | phase_ext_benchmark |   368p.csv: 10000 rows, cols=['SMILES', 'ACTIVITY']
2026-04-16 17:40:26 | INFO  | phase_ext_benchmark |   412p.csv: 10000 rows, cols=['SMILES', 'ACTIVITY']
2026-04-16 17:40:26 | INFO  | phase_ext_benchmark |   715p.csv: 10000 rows, cols=['SMILES', 'ACTIVITY']
2026-04-16 17:40:26 | INFO  | phase_ext_benchmark |   611p.csv: 10000 rows, cols=['SMILES', 'ACTIVITY']
2026-04-16 17:40:26 | INFO  | phase_ext_benchmark |   403p.csv: 10000 rows, cols=['SMILES', 'ACTIVITY']
2026-04-16 17:40:26 | INFO  | phase_ext_benchmark |   935p.csv: 10000 rows, cols=['SMILES', 'ACTIVITY']
2026-04-16 17:40:26 | INFO  | phase_ext_benchmark |   222p.csv: 10000 rows, cols=['SMILES', 'ACTIVITY']
2026-04-16 17:40:26 | INFO  | phase_ext_benchmark |   280p.csv: 10000 rows, cols=['SMILES', 'ACTIVITY']
2026-04-16 17:40:26 | INFO  | phase_ext_benchmark |   981p.csv: 10000 rows, cols=['SMILES', 'ACTIVITY']
2026-04-16 17:40:26 | INFO  | phase_ext_benchmark |   235p.csv: 10000 rows, cols=['SMILES', 'ACTIVITY']
2026-04-16 17:40:26 | INFO  | phase_ext_benchmark |   591p.csv: 10000 rows, cols=['SMILES', 'ACTIVITY']
2026-04-16 17:40:26 | INFO  | phase_ext_benchmark |   102p.csv: 10000 rows, cols=['SMILES', 'ACTIVITY']
2026-04-16 17:40:26 | INFO  | phase_ext_benchmark |   613p.csv: 10000 rows, cols=['SMILES', 'ACTIVITY']
2026-04-16 17:40:26 | INFO  | phase_ext_benchmark |   648p.csv: 10000 rows, cols=['SMILES', 'ACTIVITY']
2026-04-16 17:40:26 | INFO  | phase_ext_benchmark |   914p.csv: 10000 rows, cols=['SMILES', 'ACTIVITY']
2026-04-16 17:40:26 | INFO  | phase_ext_benchmark |   904p.csv: 10000 rows, cols=['SMILES', 'ACTIVITY']
2026-04-16 17:40:26 | INFO  | phase_ext_benchmark |   374p.csv: 10000 rows, cols=['SMILES', 'ACTIVITY']
2026-04-16 17:40:26 | INFO  | phase_ext_benchmark |   223p.csv: 10000 rows, cols=['SMILES', 'ACTIVITY']
2026-04-16 17:40:26 | INFO  | phase_ext_benchmark |   759p.csv: 10000 rows, cols=['SMILES', 'ACTIVITY']
2026-04-16 17:40:26 | INFO  | phase_ext_benchmark |   600p.csv: 10000 rows, cols=['SMILES', 'ACTIVITY']
2026-04-16 17:40:26 | INFO  | phase_ext_benchmark |   1091p.csv: 10000 rows, cols=['SMILES', 'ACTIVITY']
2026-04-16 17:40:26 | INFO  | phase_ext_benchmark |   173p.csv: 10000 rows, cols=['SMILES', 'ACTIVITY']
2026-04-16 17:40:26 | INFO  | phase_ext_benchmark |   796p.csv: 10000 rows, cols=['SMILES', 'ACTIVITY']
2026-04-16 17:40:26 | INFO  | phase_ext_benchmark |   898p.csv: 10000 rows, cols=['SMILES', 'ACTIVITY']
2026-04-16 17:40:27 | INFO  | phase_ext_benchmark |   812p.csv: 10000 rows, cols=['SMILES', 'ACTIVITY']
2026-04-16 17:40:27 | INFO  | phase_ext_benchmark |   388p.csv: 10000 rows, cols=['SMILES', 'ACTIVITY']
2026-04-16 17:40:27 | INFO  | phase_ext_benchmark |   790p.csv: 10000 rows, cols=['SMILES', 'ACTIVITY']
2026-04-16 17:40:27 | INFO  | phase_ext_benchmark |   371p.csv: 10000 rows, cols=['SMILES', 'ACTIVITY']
2026-04-16 17:40:27 | INFO  | phase_ext_benchmark |   951p.csv: 10000 rows, cols=['SMILES', 'ACTIVITY']
2026-04-16 17:40:27 | INFO  | phase_ext_benchmark |   1024p.csv: 10000 rows, cols=['SMILES', 'ACTIVITY']
2026-04-16 17:40:27 | INFO  | phase_ext_benchmark |   788p.csv: 10000 rows, cols=['SMILES', 'ACTIVITY']
2026-04-16 17:40:27 | INFO  | phase_ext_benchmark |   169p.csv: 10000 rows, cols=['SMILES', 'ACTIVITY']
2026-04-16 17:40:27 | INFO  | phase_ext_benchmark |   1011p.csv: 10000 rows, cols=['SMILES', 'ACTIVITY']
2026-04-16 17:40:27 | INFO  | phase_ext_benchmark |   23p.csv: 10000 rows, cols=['SMILES', 'ACTIVITY']
2026-04-16 17:40:27 | INFO  | phase_ext_benchmark |   744p.csv: 10000 rows, cols=['SMILES', 'ACTIVITY']
2026-04-16 17:40:27 | INFO  | phase_ext_benchmark |   1039p.csv: 10000 rows, cols=['SMILES', 'ACTIVITY']
2026-04-16 17:40:27 | INFO  | phase_ext_benchmark |   896p.csv: 10000 rows, cols=['SMILES', 'ACTIVITY']
2026-04-16 17:40:27 | INFO  | phase_ext_benchmark |   568p.csv: 10000 rows, cols=['SMILES', 'ACTIVITY']
2026-04-16 17:40:27 | INFO  | phase_ext_benchmark |   457p.csv: 10000 rows, cols=['SMILES', 'ACTIVITY']
2026-04-16 17:40:27 | INFO  | phase_ext_benchmark |   814p.csv: 10000 rows, cols=['SMILES', 'ACTIVITY']
2026-04-16 17:40:27 | INFO  | phase_ext_benchmark |   548p.csv: 10000 rows, cols=['SMILES', 'ACTIVITY']
2026-04-16 17:40:27 | INFO  | phase_ext_benchmark |   141p.csv: 10000 rows, cols=['SMILES', 'ACTIVITY']
2026-04-16 17:40:27 | INFO  | phase_ext_benchmark |   254p.csv: 10000 rows, cols=['SMILES', 'ACTIVITY']
2026-04-16 17:40:27 | INFO  | phase_ext_benchmark |   903p.csv: 10000 rows, cols=['SMILES', 'ACTIVITY']
2026-04-16 17:40:27 | INFO  | phase_ext_benchmark |   430p.csv: 10000 rows, cols=['SMILES', 'ACTIVITY']
2026-04-16 17:40:27 | INFO  | phase_ext_benchmark |   823p.csv: 10000 rows, cols=['SMILES', 'ACTIVITY']
2026-04-16 17:40:27 | INFO  | phase_ext_benchmark |   536p.csv: 10000 rows, cols=['SMILES', 'ACTIVITY']
2026-04-16 17:40:27 | INFO  | phase_ext_benchmark |   1052p.csv: 10000 rows, cols=['SMILES', 'ACTIVITY']
2026-04-16 17:40:27 | INFO  | phase_ext_benchmark |   582p.csv: 10000 rows, cols=['SMILES', 'ACTIVITY']
2026-04-16 17:40:27 | INFO  | phase_ext_benchmark |   564p.csv: 10000 rows, cols=['SMILES', 'ACTIVITY']
2026-04-16 17:40:27 | INFO  | phase_ext_benchmark |   925p.csv: 10000 rows, cols=['SMILES', 'ACTIVITY']
2026-04-16 17:40:27 | INFO  | phase_ext_benchmark |   927p.csv: 10000 rows, cols=['SMILES', 'ACTIVITY']
2026-04-16 17:40:27 | INFO  | phase_ext_benchmark |   633p.csv: 10000 rows, cols=['SMILES', 'ACTIVITY']
2026-04-16 17:40:27 | INFO  | phase_ext_benchmark |   816p.csv: 10000 rows, cols=['SMILES', 'ACTIVITY']
2026-04-16 17:40:27 | INFO  | phase_ext_benchmark |   672p.csv: 10000 rows, cols=['SMILES', 'ACTIVITY']
2026-04-16 17:40:27 | INFO  | phase_ext_benchmark |   826p.csv: 10000 rows, cols=['SMILES', 'ACTIVITY']
2026-04-16 17:40:27 | INFO  | phase_ext_benchmark |   960p.csv: 10000 rows, cols=['SMILES', 'ACTIVITY']
2026-04-16 17:40:27 | INFO  | phase_ext_benchmark |   580p.csv: 10000 rows, cols=['SMILES', 'ACTIVITY']
2026-04-16 17:40:28 | INFO  | phase_ext_benchmark |   492p.csv: 10000 rows, cols=['SMILES', 'ACTIVITY']
2026-04-16 17:40:28 | INFO  | phase_ext_benchmark |   121p.csv: 10000 rows, cols=['SMILES', 'ACTIVITY']
2026-04-16 17:40:28 | INFO  | phase_ext_benchmark |   765p.csv: 10000 rows, cols=['SMILES', 'ACTIVITY']
2026-04-16 17:40:28 | INFO  | phase_ext_benchmark |   1060p.csv: 10000 rows, cols=['SMILES', 'ACTIVITY']
2026-04-16 17:40:28 | INFO  | phase_ext_benchmark |   730p.csv: 10000 rows, cols=['SMILES', 'ACTIVITY']
2026-04-16 17:40:28 | INFO  | phase_ext_benchmark |   1048p.csv: 10000 rows, cols=['SMILES', 'ACTIVITY']
2026-04-16 17:40:28 | INFO  | phase_ext_benchmark |   528p.csv: 10000 rows, cols=['SMILES', 'ACTIVITY']
2026-04-16 17:40:28 | INFO  | phase_ext_benchmark |   1109p.csv: 10000 rows, cols=['SMILES', 'ACTIVITY']
2026-04-16 17:40:28 | INFO  | phase_ext_benchmark |   238p.csv: 10000 rows, cols=['SMILES', 'ACTIVITY']
2026-04-16 17:40:28 | INFO  | phase_ext_benchmark |   874p.csv: 10000 rows, cols=['SMILES', 'ACTIVITY']
2026-04-16 17:40:28 | INFO  | phase_ext_benchmark |   737p.csv: 10000 rows, cols=['SMILES', 'ACTIVITY']
2026-04-16 17:40:28 | INFO  | phase_ext_benchmark |   47p.csv: 10000 rows, cols=['SMILES', 'ACTIVITY']
2026-04-16 17:40:28 | INFO  | phase_ext_benchmark |   474p.csv: 10000 rows, cols=['SMILES', 'ACTIVITY']
2026-04-16 17:40:28 | INFO  | phase_ext_benchmark |   432p.csv: 10000 rows, cols=['SMILES', 'ACTIVITY']
2026-04-16 17:40:28 | INFO  | phase_ext_benchmark |   306p.csv: 10000 rows, cols=['SMILES', 'ACTIVITY']
2026-04-16 17:40:28 | INFO  | phase_ext_benchmark |   628p.csv: 10000 rows, cols=['SMILES', 'ACTIVITY']
2026-04-16 17:40:28 | INFO  | phase_ext_benchmark |   214p.csv: 10000 rows, cols=['SMILES', 'ACTIVITY']
2026-04-16 17:40:28 | INFO  | phase_ext_benchmark |   1086p.csv: 10000 rows, cols=['SMILES', 'ACTIVITY']
2026-04-16 17:40:28 | INFO  | phase_ext_benchmark |   986p.csv: 10000 rows, cols=['SMILES', 'ACTIVITY']
2026-04-16 17:40:28 | INFO  | phase_ext_benchmark |   864p.csv: 10000 rows, cols=['SMILES', 'ACTIVITY']
2026-04-16 17:40:28 | INFO  | phase_ext_benchmark |   677p.csv: 10000 rows, cols=['SMILES', 'ACTIVITY']
2026-04-16 17:40:28 | INFO  | phase_ext_benchmark |   547p.csv: 10000 rows, cols=['SMILES', 'ACTIVITY']
2026-04-16 17:40:28 | INFO  | phase_ext_benchmark |   1064p.csv: 10000 rows, cols=['SMILES', 'ACTIVITY']
2026-04-16 17:40:28 | INFO  | phase_ext_benchmark |   700p.csv: 10000 rows, cols=['SMILES', 'ACTIVITY']
2026-04-16 17:40:28 | INFO  | phase_ext_benchmark |   193p.csv: 10000 rows, cols=['SMILES', 'ACTIVITY']
2026-04-16 17:40:28 | INFO  | phase_ext_benchmark |   265p.csv: 10000 rows, cols=['SMILES', 'ACTIVITY']
2026-04-16 17:40:28 | INFO  | phase_ext_benchmark |   697p.csv: 10000 rows, cols=['SMILES', 'ACTIVITY']
2026-04-16 17:40:28 | INFO  | phase_ext_benchmark |   766p.csv: 10000 rows, cols=['SMILES', 'ACTIVITY']
2026-04-16 17:40:28 | INFO  | phase_ext_benchmark |   877p.csv: 10000 rows, cols=['SMILES', 'ACTIVITY']
2026-04-16 17:40:28 | INFO  | phase_ext_benchmark |   117p.csv: 10000 rows, cols=['SMILES', 'ACTIVITY']
2026-04-16 17:40:28 | INFO  | phase_ext_benchmark |   871p.csv: 10000 rows, cols=['SMILES', 'ACTIVITY']
2026-04-16 17:40:28 | INFO  | phase_ext_benchmark |   1089p.csv: 10000 rows, cols=['SMILES', 'ACTIVITY']
2026-04-16 17:40:28 | INFO  | phase_ext_benchmark |   912p.csv: 10000 rows, cols=['SMILES', 'ACTIVITY']
2026-04-16 17:40:28 | INFO  | phase_ext_benchmark |   124p.csv: 10000 rows, cols=['SMILES', 'ACTIVITY']
2026-04-16 17:40:28 | INFO  | phase_ext_benchmark |   245p.csv: 10000 rows, cols=['SMILES', 'ACTIVITY']
2026-04-16 17:40:28 | INFO  | phase_ext_benchmark |   219p.csv: 10000 rows, cols=['SMILES', 'ACTIVITY']
2026-04-16 17:40:29 | INFO  | phase_ext_benchmark |   1118p.csv: 10000 rows, cols=['SMILES', 'ACTIVITY']
2026-04-16 17:40:29 | INFO  | phase_ext_benchmark |   127p.csv: 10000 rows, cols=['SMILES', 'ACTIVITY']
2026-04-16 17:40:29 | INFO  | phase_ext_benchmark |   227p.csv: 10000 rows, cols=['SMILES', 'ACTIVITY']
2026-04-16 17:40:29 | INFO  | phase_ext_benchmark |   452p.csv: 10000 rows, cols=['SMILES', 'ACTIVITY']
2026-04-16 17:40:29 | INFO  | phase_ext_benchmark |   4p.csv: 10000 rows, cols=['SMILES', 'ACTIVITY']
2026-04-16 17:40:29 | INFO  | phase_ext_benchmark |   439p.csv: 10000 rows, cols=['SMILES', 'ACTIVITY']
2026-04-16 17:40:29 | INFO  | phase_ext_benchmark |   1004p.csv: 10000 rows, cols=['SMILES', 'ACTIVITY']
2026-04-16 17:40:29 | INFO  | phase_ext_benchmark |   336p.csv: 10000 rows, cols=['SMILES', 'ACTIVITY']
2026-04-16 17:40:29 | INFO  | phase_ext_benchmark |   858p.csv: 10000 rows, cols=['SMILES', 'ACTIVITY']
2026-04-16 17:40:29 | INFO  | phase_ext_benchmark |   87p.csv: 10000 rows, cols=['SMILES', 'ACTIVITY']
2026-04-16 17:40:29 | INFO  | phase_ext_benchmark |   397p.csv: 10000 rows, cols=['SMILES', 'ACTIVITY']
2026-04-16 17:40:29 | INFO  | phase_ext_benchmark |   684p.csv: 10000 rows, cols=['SMILES', 'ACTIVITY']
2026-04-16 17:40:29 | INFO  | phase_ext_benchmark |   376p.csv: 10000 rows, cols=['SMILES', 'ACTIVITY']
2026-04-16 17:40:29 | INFO  | phase_ext_benchmark |   391p.csv: 10000 rows, cols=['SMILES', 'ACTIVITY']
2026-04-16 17:40:29 | INFO  | phase_ext_benchmark |   755p.csv: 10000 rows, cols=['SMILES', 'ACTIVITY']
2026-04-16 17:40:29 | INFO  | phase_ext_benchmark |   233p.csv: 10000 rows, cols=['SMILES', 'ACTIVITY']
2026-04-16 17:40:29 | INFO  | phase_ext_benchmark |   764p.csv: 10000 rows, cols=['SMILES', 'ACTIVITY']
2026-04-16 17:40:29 | INFO  | phase_ext_benchmark |   213p.csv: 10000 rows, cols=['SMILES', 'ACTIVITY']
2026-04-16 17:40:29 | INFO  | phase_ext_benchmark |   488p.csv: 10000 rows, cols=['SMILES', 'ACTIVITY']
2026-04-16 17:40:29 | INFO  | phase_ext_benchmark |   828p.csv: 10000 rows, cols=['SMILES', 'ACTIVITY']
2026-04-16 17:40:29 | INFO  | phase_ext_benchmark |   671p.csv: 10000 rows, cols=['SMILES', 'ACTIVITY']
2026-04-16 17:40:29 | INFO  | phase_ext_benchmark |   68p.csv: 10000 rows, cols=['SMILES', 'ACTIVITY']
2026-04-16 17:40:29 | INFO  | phase_ext_benchmark |   546p.csv: 10000 rows, cols=['SMILES', 'ACTIVITY']
2026-04-16 17:40:29 | INFO  | phase_ext_benchmark |   1057p.csv: 10000 rows, cols=['SMILES', 'ACTIVITY']
2026-04-16 17:40:29 | INFO  | phase_ext_benchmark |   431p.csv: 10000 rows, cols=['SMILES', 'ACTIVITY']
2026-04-16 17:40:29 | INFO  | phase_ext_benchmark |   285p.csv: 10000 rows, cols=['SMILES', 'ACTIVITY']
2026-04-16 17:40:29 | INFO  | phase_ext_benchmark |   615p.csv: 10000 rows, cols=['SMILES', 'ACTIVITY']
2026-04-16 17:40:29 | INFO  | phase_ext_benchmark |   171p.csv: 10000 rows, cols=['SMILES', 'ACTIVITY']
2026-04-16 17:40:29 | INFO  | phase_ext_benchmark |   685p.csv: 10000 rows, cols=['SMILES', 'ACTIVITY']
2026-04-16 17:40:29 | INFO  | phase_ext_benchmark |   1104p.csv: 10000 rows, cols=['SMILES', 'ACTIVITY']
2026-04-16 17:40:29 | INFO  | phase_ext_benchmark |   1040p.csv: 10000 rows, cols=['SMILES', 'ACTIVITY']
2026-04-16 17:40:29 | INFO  | phase_ext_benchmark |   639p.csv: 10000 rows, cols=['SMILES', 'ACTIVITY']
2026-04-16 17:40:29 | INFO  | phase_ext_benchmark |   353p.csv: 10000 rows, cols=['SMILES', 'ACTIVITY']
2026-04-16 17:40:29 | INFO  | phase_ext_benchmark |   398p.csv: 10000 rows, cols=['SMILES', 'ACTIVITY']
2026-04-16 17:40:29 | INFO  | phase_ext_benchmark |   158p.csv: 10000 rows, cols=['SMILES', 'ACTIVITY']
2026-04-16 17:40:29 | INFO  | phase_ext_benchmark |   361p.csv: 10000 rows, cols=['SMILES', 'ACTIVITY']
2026-04-16 17:40:30 | INFO  | phase_ext_benchmark |   566p.csv: 10000 rows, cols=['SMILES', 'ACTIVITY']
2026-04-16 17:40:30 | INFO  | phase_ext_benchmark |   937p.csv: 10000 rows, cols=['SMILES', 'ACTIVITY']
2026-04-16 17:40:30 | INFO  | phase_ext_benchmark |   659p.csv: 10000 rows, cols=['SMILES', 'ACTIVITY']
2026-04-16 17:40:30 | INFO  | phase_ext_benchmark |   1043p.csv: 10000 rows, cols=['SMILES', 'ACTIVITY']
2026-04-16 17:40:30 | INFO  | phase_ext_benchmark |   511p.csv: 10000 rows, cols=['SMILES', 'ACTIVITY']
2026-04-16 17:40:30 | INFO  | phase_ext_benchmark |   347p.csv: 10000 rows, cols=['SMILES', 'ACTIVITY']
2026-04-16 17:40:30 | INFO  | phase_ext_benchmark |   817p.csv: 10000 rows, cols=['SMILES', 'ACTIVITY']
2026-04-16 17:40:30 | INFO  | phase_ext_benchmark |   906p.csv: 10000 rows, cols=['SMILES', 'ACTIVITY']
2026-04-16 17:40:30 | INFO  | phase_ext_benchmark |   507p.csv: 10000 rows, cols=['SMILES', 'ACTIVITY']
2026-04-16 17:40:30 | INFO  | phase_ext_benchmark |   384p.csv: 10000 rows, cols=['SMILES', 'ACTIVITY']
2026-04-16 17:40:30 | INFO  | phase_ext_benchmark |   273p.csv: 10000 rows, cols=['SMILES', 'ACTIVITY']
2026-04-16 17:40:30 | INFO  | phase_ext_benchmark |   484p.csv: 10000 rows, cols=['SMILES', 'ACTIVITY']
2026-04-16 17:40:30 | INFO  | phase_ext_benchmark |   269p.csv: 10000 rows, cols=['SMILES', 'ACTIVITY']
2026-04-16 17:40:30 | INFO  | phase_ext_benchmark |   900p.csv: 10000 rows, cols=['SMILES', 'ACTIVITY']
2026-04-16 17:40:30 | INFO  | phase_ext_benchmark |   73p.csv: 10000 rows, cols=['SMILES', 'ACTIVITY']
2026-04-16 17:40:30 | INFO  | phase_ext_benchmark |   105p.csv: 10000 rows, cols=['SMILES', 'ACTIVITY']
2026-04-16 17:40:30 | INFO  | phase_ext_benchmark |   660p.csv: 10000 rows, cols=['SMILES', 'ACTIVITY']
2026-04-16 17:40:30 | INFO  | phase_ext_benchmark |   475p.csv: 10000 rows, cols=['SMILES', 'ACTIVITY']
2026-04-16 17:40:30 | INFO  | phase_ext_benchmark |   859p.csv: 10000 rows, cols=['SMILES', 'ACTIVITY']
2026-04-16 17:40:30 | INFO  | phase_ext_benchmark |   263p.csv: 10000 rows, cols=['SMILES', 'ACTIVITY']
2026-04-16 17:40:30 | INFO  | phase_ext_benchmark |   1062p.csv: 10000 rows, cols=['SMILES', 'ACTIVITY']
2026-04-16 17:40:30 | INFO  | phase_ext_benchmark |   811p.csv: 10000 rows, cols=['SMILES', 'ACTIVITY']
2026-04-16 17:40:30 | INFO  | phase_ext_benchmark |   1044p.csv: 10000 rows, cols=['SMILES', 'ACTIVITY']
2026-04-16 17:40:30 | INFO  | phase_ext_benchmark |   1008p.csv: 10000 rows, cols=['SMILES', 'ACTIVITY']
2026-04-16 17:40:30 | INFO  | phase_ext_benchmark |   714p.csv: 10000 rows, cols=['SMILES', 'ACTIVITY']
2026-04-16 17:40:30 | INFO  | phase_ext_benchmark |   463p.csv: 10000 rows, cols=['SMILES', 'ACTIVITY']
2026-04-16 17:40:30 | INFO  | phase_ext_benchmark |   717p.csv: 10000 rows, cols=['SMILES', 'ACTIVITY']
2026-04-16 17:40:30 | INFO  | phase_ext_benchmark |   179p.csv: 10000 rows, cols=['SMILES', 'ACTIVITY']
2026-04-16 17:40:30 | INFO  | phase_ext_benchmark |   340p.csv: 10000 rows, cols=['SMILES', 'ACTIVITY']
2026-04-16 17:40:30 | INFO  | phase_ext_benchmark |   646p.csv: 10000 rows, cols=['SMILES', 'ACTIVITY']
2026-04-16 17:40:30 | INFO  | phase_ext_benchmark |   676p.csv: 10000 rows, cols=['SMILES', 'ACTIVITY']
2026-04-16 17:40:30 | INFO  | phase_ext_benchmark |   176p.csv: 10000 rows, cols=['SMILES', 'ACTIVITY']
2026-04-16 17:40:30 | INFO  | phase_ext_benchmark |   83p.csv: 10000 rows, cols=['SMILES', 'ACTIVITY']
2026-04-16 17:40:30 | INFO  | phase_ext_benchmark |   333p.csv: 10000 rows, cols=['SMILES', 'ACTIVITY']
2026-04-16 17:40:30 | INFO  | phase_ext_benchmark |   1035p.csv: 10000 rows, cols=['SMILES', 'ACTIVITY']
2026-04-16 17:40:30 | INFO  | phase_ext_benchmark |   59p.csv: 10000 rows, cols=['SMILES', 'ACTIVITY']
2026-04-16 17:40:31 | INFO  | phase_ext_benchmark |   629p.csv: 10000 rows, cols=['SMILES', 'ACTIVITY']
2026-04-16 17:40:31 | INFO  | phase_ext_benchmark |   636p.csv: 10000 rows, cols=['SMILES', 'ACTIVITY']
2026-04-16 17:40:31 | INFO  | phase_ext_benchmark |   407p.csv: 10000 rows, cols=['SMILES', 'ACTIVITY']
2026-04-16 17:40:31 | INFO  | phase_ext_benchmark |   237p.csv: 10000 rows, cols=['SMILES', 'ACTIVITY']
2026-04-16 17:40:31 | INFO  | phase_ext_benchmark |   882p.csv: 10000 rows, cols=['SMILES', 'ACTIVITY']
2026-04-16 17:40:31 | INFO  | phase_ext_benchmark |   784p.csv: 10000 rows, cols=['SMILES', 'ACTIVITY']
2026-04-16 17:40:31 | INFO  | phase_ext_benchmark |   95p.csv: 10000 rows, cols=['SMILES', 'ACTIVITY']
2026-04-16 17:40:31 | INFO  | phase_ext_benchmark |   34p.csv: 10000 rows, cols=['SMILES', 'ACTIVITY']
2026-04-16 17:40:31 | INFO  | phase_ext_benchmark |   508p.csv: 10000 rows, cols=['SMILES', 'ACTIVITY']
2026-04-16 17:40:31 | INFO  | phase_ext_benchmark |   884p.csv: 10000 rows, cols=['SMILES', 'ACTIVITY']
2026-04-16 17:40:31 | INFO  | phase_ext_benchmark |   977p.csv: 10000 rows, cols=['SMILES', 'ACTIVITY']
2026-04-16 17:40:31 | INFO  | phase_ext_benchmark |   164p.csv: 10000 rows, cols=['SMILES', 'ACTIVITY']
2026-04-16 17:40:31 | INFO  | phase_ext_benchmark |   762p.csv: 10000 rows, cols=['SMILES', 'ACTIVITY']
2026-04-16 17:40:31 | INFO  | phase_ext_benchmark |   321p.csv: 10000 rows, cols=['SMILES', 'ACTIVITY']
2026-04-16 17:40:31 | INFO  | phase_ext_benchmark |   1108p.csv: 10000 rows, cols=['SMILES', 'ACTIVITY']
2026-04-16 17:40:31 | INFO  | phase_ext_benchmark |   33p.csv: 10000 rows, cols=['SMILES', 'ACTIVITY']
2026-04-16 17:40:31 | INFO  | phase_ext_benchmark |   267p.csv: 10000 rows, cols=['SMILES', 'ACTIVITY']
2026-04-16 17:40:31 | INFO  | phase_ext_benchmark |   583p.csv: 10000 rows, cols=['SMILES', 'ACTIVITY']
2026-04-16 17:40:31 | INFO  | phase_ext_benchmark |   320p.csv: 10000 rows, cols=['SMILES', 'ACTIVITY']
2026-04-16 17:40:31 | INFO  | phase_ext_benchmark |   1023p.csv: 10000 rows, cols=['SMILES', 'ACTIVITY']
2026-04-16 17:40:31 | INFO  | phase_ext_benchmark |   901p.csv: 10000 rows, cols=['SMILES', 'ACTIVITY']
2026-04-16 17:40:31 | INFO  | phase_ext_benchmark |   1021p.csv: 10000 rows, cols=['SMILES', 'ACTIVITY']
2026-04-16 17:40:31 | INFO  | phase_ext_benchmark |   978p.csv: 10000 rows, cols=['SMILES', 'ACTIVITY']
2026-04-16 17:40:31 | INFO  | phase_ext_benchmark |   846p.csv: 10000 rows, cols=['SMILES', 'ACTIVITY']
2026-04-16 17:40:31 | INFO  | phase_ext_benchmark |   188p.csv: 10000 rows, cols=['SMILES', 'ACTIVITY']
2026-04-16 17:40:31 | INFO  | phase_ext_benchmark |   395p.csv: 10000 rows, cols=['SMILES', 'ACTIVITY']
2026-04-16 17:40:31 | INFO  | phase_ext_benchmark |   588p.csv: 10000 rows, cols=['SMILES', 'ACTIVITY']
2026-04-16 17:40:31 | INFO  | phase_ext_benchmark |   1095p.csv: 10000 rows, cols=['SMILES', 'ACTIVITY']
2026-04-16 17:40:31 | INFO  | phase_ext_benchmark |   151p.csv: 10000 rows, cols=['SMILES', 'ACTIVITY']
2026-04-16 17:40:31 | INFO  | phase_ext_benchmark |   351p.csv: 10000 rows, cols=['SMILES', 'ACTIVITY']
2026-04-16 17:40:31 | INFO  | phase_ext_benchmark |   194p.csv: 10000 rows, cols=['SMILES', 'ACTIVITY']
2026-04-16 17:40:31 | INFO  | phase_ext_benchmark |   313p.csv: 10000 rows, cols=['SMILES', 'ACTIVITY']
2026-04-16 17:40:31 | INFO  | phase_ext_benchmark |   462p.csv: 10000 rows, cols=['SMILES', 'ACTIVITY']
2026-04-16 17:40:31 | INFO  | phase_ext_benchmark |   933p.csv: 10000 rows, cols=['SMILES', 'ACTIVITY']
2026-04-16 17:40:31 | INFO  | phase_ext_benchmark |   773p.csv: 10000 rows, cols=['SMILES', 'ACTIVITY']
2026-04-16 17:40:31 | INFO  | phase_ext_benchmark |   272p.csv: 10000 rows, cols=['SMILES', 'ACTIVITY']
2026-04-16 17:40:31 | INFO  | phase_ext_benchmark |   649p.csv: 10000 rows, cols=['SMILES', 'ACTIVITY']
2026-04-16 17:40:32 | INFO  | phase_ext_benchmark |   739p.csv: 10000 rows, cols=['SMILES', 'ACTIVITY']
2026-04-16 17:40:32 | INFO  | phase_ext_benchmark |   110p.csv: 10000 rows, cols=['SMILES', 'ACTIVITY']
2026-04-16 17:40:32 | INFO  | phase_ext_benchmark |   658p.csv: 10000 rows, cols=['SMILES', 'ACTIVITY']
2026-04-16 17:40:32 | INFO  | phase_ext_benchmark |   22p.csv: 10000 rows, cols=['SMILES', 'ACTIVITY']
2026-04-16 17:40:32 | INFO  | phase_ext_benchmark |   177p.csv: 10000 rows, cols=['SMILES', 'ACTIVITY']
2026-04-16 17:40:32 | INFO  | phase_ext_benchmark |   455p.csv: 10000 rows, cols=['SMILES', 'ACTIVITY']
2026-04-16 17:40:32 | INFO  | phase_ext_benchmark |   1059p.csv: 10000 rows, cols=['SMILES', 'ACTIVITY']
2026-04-16 17:40:32 | INFO  | phase_ext_benchmark |   713p.csv: 10000 rows, cols=['SMILES', 'ACTIVITY']
2026-04-16 17:40:32 | INFO  | phase_ext_benchmark |   521p.csv: 10000 rows, cols=['SMILES', 'ACTIVITY']
2026-04-16 17:40:32 | INFO  | phase_ext_benchmark |   807p.csv: 10000 rows, cols=['SMILES', 'ACTIVITY']
2026-04-16 17:40:32 | INFO  | phase_ext_benchmark |   416p.csv: 10000 rows, cols=['SMILES', 'ACTIVITY']
2026-04-16 17:40:32 | INFO  | phase_ext_benchmark |   512p.csv: 10000 rows, cols=['SMILES', 'ACTIVITY']
2026-04-16 17:40:32 | INFO  | phase_ext_benchmark |   185p.csv: 10000 rows, cols=['SMILES', 'ACTIVITY']
2026-04-16 17:40:32 | INFO  | phase_ext_benchmark |   883p.csv: 10000 rows, cols=['SMILES', 'ACTIVITY']
2026-04-16 17:40:32 | INFO  | phase_ext_benchmark |   471p.csv: 10000 rows, cols=['SMILES', 'ACTIVITY']
2026-04-16 17:40:32 | INFO  | phase_ext_benchmark |   1022p.csv: 10000 rows, cols=['SMILES', 'ACTIVITY']
2026-04-16 17:40:32 | INFO  | phase_ext_benchmark |   487p.csv: 10000 rows, cols=['SMILES', 'ACTIVITY']
2026-04-16 17:40:32 | INFO  | phase_ext_benchmark |   675p.csv: 10000 rows, cols=['SMILES', 'ACTIVITY']
2026-04-16 17:40:32 | INFO  | phase_ext_benchmark |   1006p.csv: 10000 rows, cols=['SMILES', 'ACTIVITY']
2026-04-16 17:40:32 | INFO  | phase_ext_benchmark |   52p.csv: 10000 rows, cols=['SMILES', 'ACTIVITY']
2026-04-16 17:40:32 | INFO  | phase_ext_benchmark |   689p.csv: 10000 rows, cols=['SMILES', 'ACTIVITY']
2026-04-16 17:40:32 | INFO  | phase_ext_benchmark |   472p.csv: 10000 rows, cols=['SMILES', 'ACTIVITY']
2026-04-16 17:40:32 | INFO  | phase_ext_benchmark |   929p.csv: 10000 rows, cols=['SMILES', 'ACTIVITY']
2026-04-16 17:40:32 | INFO  | phase_ext_benchmark |   445p.csv: 10000 rows, cols=['SMILES', 'ACTIVITY']
2026-04-16 17:40:32 | INFO  | phase_ext_benchmark |   944p.csv: 10000 rows, cols=['SMILES', 'ACTIVITY']
2026-04-16 17:40:32 | INFO  | phase_ext_benchmark |   780p.csv: 10000 rows, cols=['SMILES', 'ACTIVITY']
2026-04-16 17:40:32 | INFO  | phase_ext_benchmark |   1019p.csv: 10000 rows, cols=['SMILES', 'ACTIVITY']
2026-04-16 17:40:32 | INFO  | phase_ext_benchmark |   707p.csv: 10000 rows, cols=['SMILES', 'ACTIVITY']
2026-04-16 17:40:32 | INFO  | phase_ext_benchmark |   485p.csv: 10000 rows, cols=['SMILES', 'ACTIVITY']
2026-04-16 17:40:32 | INFO  | phase_ext_benchmark |   278p.csv: 10000 rows, cols=['SMILES', 'ACTIVITY']
2026-04-16 17:40:32 | INFO  | phase_ext_benchmark |   501p.csv: 10000 rows, cols=['SMILES', 'ACTIVITY']
2026-04-16 17:40:32 | INFO  | phase_ext_benchmark |   1090p.csv: 10000 rows, cols=['SMILES', 'ACTIVITY']
2026-04-16 17:40:32 | INFO  | phase_ext_benchmark |   1068p.csv: 10000 rows, cols=['SMILES', 'ACTIVITY']
2026-04-16 17:40:32 | INFO  | phase_ext_benchmark |   342p.csv: 10000 rows, cols=['SMILES', 'ACTIVITY']
2026-04-16 17:40:32 | INFO  | phase_ext_benchmark |   852p.csv: 10000 rows, cols=['SMILES', 'ACTIVITY']
2026-04-16 17:40:32 | INFO  | phase_ext_benchmark |   287p.csv: 10000 rows, cols=['SMILES', 'ACTIVITY']
2026-04-16 17:40:33 | INFO  | phase_ext_benchmark |   317p.csv: 10000 rows, cols=['SMILES', 'ACTIVITY']
2026-04-16 17:40:33 | INFO  | phase_ext_benchmark |   515p.csv: 10000 rows, cols=['SMILES', 'ACTIVITY']
2026-04-16 17:40:33 | INFO  | phase_ext_benchmark |   277p.csv: 10000 rows, cols=['SMILES', 'ACTIVITY']
2026-04-16 17:40:33 | INFO  | phase_ext_benchmark |   897p.csv: 10000 rows, cols=['SMILES', 'ACTIVITY']
2026-04-16 17:40:33 | INFO  | phase_ext_benchmark |   695p.csv: 10000 rows, cols=['SMILES', 'ACTIVITY']
2026-04-16 17:40:33 | INFO  | phase_ext_benchmark |   423p.csv: 10000 rows, cols=['SMILES', 'ACTIVITY']
2026-04-16 17:40:33 | INFO  | phase_ext_benchmark |   625p.csv: 10000 rows, cols=['SMILES', 'ACTIVITY']
2026-04-16 17:40:33 | INFO  | phase_ext_benchmark |   950p.csv: 10000 rows, cols=['SMILES', 'ACTIVITY']
2026-04-16 17:40:33 | INFO  | phase_ext_benchmark |   769p.csv: 10000 rows, cols=['SMILES', 'ACTIVITY']
2026-04-16 17:40:33 | INFO  | phase_ext_benchmark |   860p.csv: 10000 rows, cols=['SMILES', 'ACTIVITY']
2026-04-16 17:40:33 | INFO  | phase_ext_benchmark |   16p.csv: 10000 rows, cols=['SMILES', 'ACTIVITY']
2026-04-16 17:40:33 | INFO  | phase_ext_benchmark |   905p.csv: 10000 rows, cols=['SMILES', 'ACTIVITY']
2026-04-16 17:40:33 | INFO  | phase_ext_benchmark |   595p.csv: 10000 rows, cols=['SMILES', 'ACTIVITY']
2026-04-16 17:40:33 | INFO  | phase_ext_benchmark |   783p.csv: 10000 rows, cols=['SMILES', 'ACTIVITY']
2026-04-16 17:40:33 | INFO  | phase_ext_benchmark |   1005p.csv: 10000 rows, cols=['SMILES', 'ACTIVITY']
2026-04-16 17:40:33 | INFO  | phase_ext_benchmark |   467p.csv: 10000 rows, cols=['SMILES', 'ACTIVITY']
2026-04-16 17:40:33 | INFO  | phase_ext_benchmark |   632p.csv: 10000 rows, cols=['SMILES', 'ACTIVITY']
2026-04-16 17:40:33 | INFO  | phase_ext_benchmark |   211p.csv: 10000 rows, cols=['SMILES', 'ACTIVITY']
2026-04-16 17:40:33 | INFO  | phase_ext_benchmark |   606p.csv: 10000 rows, cols=['SMILES', 'ACTIVITY']
2026-04-16 17:40:33 | INFO  | phase_ext_benchmark |   533p.csv: 10000 rows, cols=['SMILES', 'ACTIVITY']
2026-04-16 17:40:33 | INFO  | phase_ext_benchmark |   735p.csv: 10000 rows, cols=['SMILES', 'ACTIVITY']
2026-04-16 17:40:33 | INFO  | phase_ext_benchmark |   674p.csv: 10000 rows, cols=['SMILES', 'ACTIVITY']
2026-04-16 17:40:33 | INFO  | phase_ext_benchmark |   13p.csv: 10000 rows, cols=['SMILES', 'ACTIVITY']
2026-04-16 17:40:33 | INFO  | phase_ext_benchmark |   1126p.csv: 10000 rows, cols=['SMILES', 'ACTIVITY']
2026-04-16 17:40:33 | INFO  | phase_ext_benchmark |   85p.csv: 10000 rows, cols=['SMILES', 'ACTIVITY']
2026-04-16 17:40:33 | INFO  | phase_ext_benchmark |   957p.csv: 10000 rows, cols=['SMILES', 'ACTIVITY']
2026-04-16 17:40:33 | INFO  | phase_ext_benchmark |   748p.csv: 10000 rows, cols=['SMILES', 'ACTIVITY']
2026-04-16 17:40:33 | INFO  | phase_ext_benchmark |   113p.csv: 10000 rows, cols=['SMILES', 'ACTIVITY']
2026-04-16 17:40:33 | INFO  | phase_ext_benchmark |   832p.csv: 10000 rows, cols=['SMILES', 'ACTIVITY']
2026-04-16 17:40:33 | INFO  | phase_ext_benchmark |   123p.csv: 10000 rows, cols=['SMILES', 'ACTIVITY']
2026-04-16 17:40:33 | INFO  | phase_ext_benchmark |   1002p.csv: 10000 rows, cols=['SMILES', 'ACTIVITY']
2026-04-16 17:40:33 | INFO  | phase_ext_benchmark |   135p.csv: 10000 rows, cols=['SMILES', 'ACTIVITY']
2026-04-16 17:40:33 | INFO  | phase_ext_benchmark |   327p.csv: 10000 rows, cols=['SMILES', 'ACTIVITY']
2026-04-16 17:40:33 | INFO  | phase_ext_benchmark |   550p.csv: 10000 rows, cols=['SMILES', 'ACTIVITY']
2026-04-16 17:40:34 | INFO  | phase_ext_benchmark |   46p.csv: 10000 rows, cols=['SMILES', 'ACTIVITY']
2026-04-16 17:40:34 | INFO  | phase_ext_benchmark |   1047p.csv: 10000 rows, cols=['SMILES', 'ACTIVITY']
2026-04-16 17:40:34 | INFO  | phase_ext_benchmark |   614p.csv: 10000 rows, cols=['SMILES', 'ACTIVITY']
2026-04-16 17:40:34 | INFO  | phase_ext_benchmark |   444p.csv: 10000 rows, cols=['SMILES', 'ACTIVITY']
2026-04-16 17:40:34 | INFO  | phase_ext_benchmark |   1072p.csv: 10000 rows, cols=['SMILES', 'ACTIVITY']
2026-04-16 17:40:34 | INFO  | phase_ext_benchmark |   740p.csv: 10000 rows, cols=['SMILES', 'ACTIVITY']
2026-04-16 17:40:34 | INFO  | phase_ext_benchmark |   129p.csv: 10000 rows, cols=['SMILES', 'ACTIVITY']
2026-04-16 17:40:34 | INFO  | phase_ext_benchmark |   1122p.csv: 10000 rows, cols=['SMILES', 'ACTIVITY']
2026-04-16 17:40:34 | INFO  | phase_ext_benchmark |   513p.csv: 10000 rows, cols=['SMILES', 'ACTIVITY']
2026-04-16 17:40:34 | INFO  | phase_ext_benchmark |   837p.csv: 10000 rows, cols=['SMILES', 'ACTIVITY']
2026-04-16 17:40:34 | INFO  | phase_ext_benchmark |   734p.csv: 10000 rows, cols=['SMILES', 'ACTIVITY']
2026-04-16 17:40:34 | INFO  | phase_ext_benchmark |   829p.csv: 10000 rows, cols=['SMILES', 'ACTIVITY']
2026-04-16 17:40:34 | INFO  | phase_ext_benchmark |   599p.csv: 10000 rows, cols=['SMILES', 'ACTIVITY']
2026-04-16 17:40:34 | INFO  | phase_ext_benchmark |   206p.csv: 10000 rows, cols=['SMILES', 'ACTIVITY']
2026-04-16 17:40:34 | INFO  | phase_ext_benchmark |   948p.csv: 10000 rows, cols=['SMILES', 'ACTIVITY']
2026-04-16 17:40:34 | INFO  | phase_ext_benchmark |   631p.csv: 10000 rows, cols=['SMILES', 'ACTIVITY']
2026-04-16 17:40:34 | INFO  | phase_ext_benchmark |   44p.csv: 10000 rows, cols=['SMILES', 'ACTIVITY']
2026-04-16 17:40:34 | INFO  | phase_ext_benchmark |   1073p.csv: 10000 rows, cols=['SMILES', 'ACTIVITY']
2026-04-16 17:40:34 | INFO  | phase_ext_benchmark |   743p.csv: 10000 rows, cols=['SMILES', 'ACTIVITY']
2026-04-16 17:40:34 | INFO  | phase_ext_benchmark |   738p.csv: 10000 rows, cols=['SMILES', 'ACTIVITY']
2026-04-16 17:40:34 | INFO  | phase_ext_benchmark |   827p.csv: 10000 rows, cols=['SMILES', 'ACTIVITY']
2026-04-16 17:40:34 | INFO  | phase_ext_benchmark |   15p.csv: 10000 rows, cols=['SMILES', 'ACTIVITY']
2026-04-16 17:40:34 | INFO  | phase_ext_benchmark |   271p.csv: 10000 rows, cols=['SMILES', 'ACTIVITY']
2026-04-16 17:40:34 | INFO  | phase_ext_benchmark |   51p.csv: 10000 rows, cols=['SMILES', 'ACTIVITY']
2026-04-16 17:40:34 | INFO  | phase_ext_benchmark |   36p.csv: 10000 rows, cols=['SMILES', 'ACTIVITY']
2026-04-16 17:40:34 | INFO  | phase_ext_benchmark |   873p.csv: 10000 rows, cols=['SMILES', 'ACTIVITY']
2026-04-16 17:40:34 | INFO  | phase_ext_benchmark |   268p.csv: 10000 rows, cols=['SMILES', 'ACTIVITY']
2026-04-16 17:40:34 | INFO  | phase_ext_benchmark |   1076p.csv: 10000 rows, cols=['SMILES', 'ACTIVITY']
2026-04-16 17:40:34 | INFO  | phase_ext_benchmark |   777p.csv: 10000 rows, cols=['SMILES', 'ACTIVITY']
2026-04-16 17:40:34 | INFO  | phase_ext_benchmark |   296p.csv: 10000 rows, cols=['SMILES', 'ACTIVITY']
2026-04-16 17:40:34 | INFO  | phase_ext_benchmark |   622p.csv: 10000 rows, cols=['SMILES', 'ACTIVITY']
2026-04-16 17:40:34 | INFO  | phase_ext_benchmark |   411p.csv: 10000 rows, cols=['SMILES', 'ACTIVITY']
2026-04-16 17:40:34 | INFO  | phase_ext_benchmark |   562p.csv: 10000 rows, cols=['SMILES', 'ACTIVITY']
2026-04-16 17:40:34 | INFO  | phase_ext_benchmark |   150p.csv: 10000 rows, cols=['SMILES', 'ACTIVITY']
2026-04-16 17:40:34 | INFO  | phase_ext_benchmark |   186p.csv: 10000 rows, cols=['SMILES', 'ACTIVITY']
2026-04-16 17:40:35 | INFO  | phase_ext_benchmark |   637p.csv: 10000 rows, cols=['SMILES', 'ACTIVITY']
2026-04-16 17:40:35 | INFO  | phase_ext_benchmark |   449p.csv: 10000 rows, cols=['SMILES', 'ACTIVITY']
2026-04-16 17:40:35 | INFO  | phase_ext_benchmark |   572p.csv: 10000 rows, cols=['SMILES', 'ACTIVITY']
2026-04-16 17:40:35 | INFO  | phase_ext_benchmark |   742p.csv: 10000 rows, cols=['SMILES', 'ACTIVITY']
2026-04-16 17:40:35 | INFO  | phase_ext_benchmark |   745p.csv: 10000 rows, cols=['SMILES', 'ACTIVITY']
2026-04-16 17:40:35 | INFO  | phase_ext_benchmark |   82p.csv: 10000 rows, cols=['SMILES', 'ACTIVITY']
2026-04-16 17:40:35 | INFO  | phase_ext_benchmark |   156p.csv: 10000 rows, cols=['SMILES', 'ACTIVITY']
2026-04-16 17:40:35 | INFO  | phase_ext_benchmark |   97p.csv: 10000 rows, cols=['SMILES', 'ACTIVITY']
2026-04-16 17:40:35 | INFO  | phase_ext_benchmark |   10p.csv: 10000 rows, cols=['SMILES', 'ACTIVITY']
2026-04-16 17:40:35 | INFO  | phase_ext_benchmark |   902p.csv: 10000 rows, cols=['SMILES', 'ACTIVITY']
2026-04-16 17:40:35 | INFO  | phase_ext_benchmark |   315p.csv: 10000 rows, cols=['SMILES', 'ACTIVITY']
2026-04-16 17:40:35 | INFO  | phase_ext_benchmark |   136p.csv: 10000 rows, cols=['SMILES', 'ACTIVITY']
2026-04-16 17:40:35 | INFO  | phase_ext_benchmark |   236p.csv: 10000 rows, cols=['SMILES', 'ACTIVITY']
2026-04-16 17:40:35 | INFO  | phase_ext_benchmark |   756p.csv: 10000 rows, cols=['SMILES', 'ACTIVITY']
2026-04-16 17:40:35 | INFO  | phase_ext_benchmark |   215p.csv: 10000 rows, cols=['SMILES', 'ACTIVITY']
2026-04-16 17:40:35 | INFO  | phase_ext_benchmark |   824p.csv: 10000 rows, cols=['SMILES', 'ACTIVITY']
2026-04-16 17:40:35 | INFO  | phase_ext_benchmark |   1013p.csv: 10000 rows, cols=['SMILES', 'ACTIVITY']
2026-04-16 17:40:35 | INFO  | phase_ext_benchmark |   619p.csv: 10000 rows, cols=['SMILES', 'ACTIVITY']
2026-04-16 17:40:35 | INFO  | phase_ext_benchmark |   115p.csv: 10000 rows, cols=['SMILES', 'ACTIVITY']
2026-04-16 17:40:35 | INFO  | phase_ext_benchmark |   965p.csv: 10000 rows, cols=['SMILES', 'ACTIVITY']
2026-04-16 17:40:35 | INFO  | phase_ext_benchmark |   1025p.csv: 10000 rows, cols=['SMILES', 'ACTIVITY']
2026-04-16 17:40:35 | INFO  | phase_ext_benchmark |   107p.csv: 10000 rows, cols=['SMILES', 'ACTIVITY']
2026-04-16 17:40:35 | INFO  | phase_ext_benchmark |   1077p.csv: 10000 rows, cols=['SMILES', 'ACTIVITY']
2026-04-16 17:40:35 | INFO  | phase_ext_benchmark |   390p.csv: 10000 rows, cols=['SMILES', 'ACTIVITY']
2026-04-16 17:40:35 | INFO  | phase_ext_benchmark |   693p.csv: 10000 rows, cols=['SMILES', 'ACTIVITY']
2026-04-16 17:40:35 | INFO  | phase_ext_benchmark |   480p.csv: 10000 rows, cols=['SMILES', 'ACTIVITY']
2026-04-16 17:40:35 | INFO  | phase_ext_benchmark |   1071p.csv: 10000 rows, cols=['SMILES', 'ACTIVITY']
2026-04-16 17:40:35 | INFO  | phase_ext_benchmark |   502p.csv: 10000 rows, cols=['SMILES', 'ACTIVITY']
2026-04-16 17:40:35 | INFO  | phase_ext_benchmark |   442p.csv: 10000 rows, cols=['SMILES', 'ACTIVITY']
2026-04-16 17:40:35 | INFO  | phase_ext_benchmark |   820p.csv: 10000 rows, cols=['SMILES', 'ACTIVITY']
2026-04-16 17:40:35 | INFO  | phase_ext_benchmark |   825p.csv: 10000 rows, cols=['SMILES', 'ACTIVITY']
2026-04-16 17:40:35 | INFO  | phase_ext_benchmark |   12p.csv: 10000 rows, cols=['SMILES', 'ACTIVITY']
2026-04-16 17:40:35 | INFO  | phase_ext_benchmark |   797p.csv: 10000 rows, cols=['SMILES', 'ACTIVITY']
2026-04-16 17:40:35 | INFO  | phase_ext_benchmark |   870p.csv: 10000 rows, cols=['SMILES', 'ACTIVITY']
2026-04-16 17:40:36 | INFO  | phase_ext_benchmark |   953p.csv: 10000 rows, cols=['SMILES', 'ACTIVITY']
2026-04-16 17:40:36 | INFO  | phase_ext_benchmark |   560p.csv: 10000 rows, cols=['SMILES', 'ACTIVITY']
2026-04-16 17:40:36 | INFO  | phase_ext_benchmark |   131p.csv: 10000 rows, cols=['SMILES', 'ACTIVITY']
2026-04-16 17:40:36 | INFO  | phase_ext_benchmark |   605p.csv: 10000 rows, cols=['SMILES', 'ACTIVITY']
2026-04-16 17:40:36 | INFO  | phase_ext_benchmark |   887p.csv: 10000 rows, cols=['SMILES', 'ACTIVITY']
2026-04-16 17:40:36 | INFO  | phase_ext_benchmark |   931p.csv: 10000 rows, cols=['SMILES', 'ACTIVITY']
2026-04-16 17:40:36 | INFO  | phase_ext_benchmark |   0p.csv: 9999 rows, cols=['C1CCCC1', 'ACTIVITY']
2026-04-16 17:40:36 | INFO  | phase_ext_benchmark |   847p.csv: 10000 rows, cols=['SMILES', 'ACTIVITY']
2026-04-16 17:40:36 | INFO  | phase_ext_benchmark |   959p.csv: 10000 rows, cols=['SMILES', 'ACTIVITY']
2026-04-16 17:40:36 | INFO  | phase_ext_benchmark |   604p.csv: 10000 rows, cols=['SMILES', 'ACTIVITY']
2026-04-16 17:40:36 | INFO  | phase_ext_benchmark |   335p.csv: 10000 rows, cols=['SMILES', 'ACTIVITY']
2026-04-16 17:40:36 | INFO  | phase_ext_benchmark |   851p.csv: 10000 rows, cols=['SMILES', 'ACTIVITY']
2026-04-16 17:40:36 | INFO  | phase_ext_benchmark |   915p.csv: 10000 rows, cols=['SMILES', 'ACTIVITY']
2026-04-16 17:40:36 | INFO  | phase_ext_benchmark |   967p.csv: 10000 rows, cols=['SMILES', 'ACTIVITY']
2026-04-16 17:40:36 | INFO  | phase_ext_benchmark |   718p.csv: 10000 rows, cols=['SMILES', 'ACTIVITY']
2026-04-16 17:40:36 | INFO  | phase_ext_benchmark |   310p.csv: 10000 rows, cols=['SMILES', 'ACTIVITY']
2026-04-16 17:40:36 | INFO  | phase_ext_benchmark |   570p.csv: 10000 rows, cols=['SMILES', 'ACTIVITY']
2026-04-16 17:40:36 | INFO  | phase_ext_benchmark |   270p.csv: 10000 rows, cols=['SMILES', 'ACTIVITY']
2026-04-16 17:40:36 | INFO  | phase_ext_benchmark |   1p.csv: 10000 rows, cols=['SMILES', 'ACTIVITY']
2026-04-16 17:40:36 | INFO  | phase_ext_benchmark |   785p.csv: 10000 rows, cols=['SMILES', 'ACTIVITY']
2026-04-16 17:40:36 | INFO  | phase_ext_benchmark |   1010p.csv: 10000 rows, cols=['SMILES', 'ACTIVITY']
2026-04-16 17:40:36 | INFO  | phase_ext_benchmark |   348p.csv: 10000 rows, cols=['SMILES', 'ACTIVITY']
2026-04-16 17:40:36 | INFO  | phase_ext_benchmark |   41p.csv: 10000 rows, cols=['SMILES', 'ACTIVITY']
2026-04-16 17:40:36 | INFO  | phase_ext_benchmark |   792p.csv: 10000 rows, cols=['SMILES', 'ACTIVITY']
2026-04-16 17:40:36 | INFO  | phase_ext_benchmark |   393p.csv: 10000 rows, cols=['SMILES', 'ACTIVITY']
2026-04-16 17:40:36 | INFO  | phase_ext_benchmark |   1069p.csv: 10000 rows, cols=['SMILES', 'ACTIVITY']
2026-04-16 17:40:36 | INFO  | phase_ext_benchmark |   529p.csv: 10000 rows, cols=['SMILES', 'ACTIVITY']
2026-04-16 17:40:36 | INFO  | phase_ext_benchmark |   1056p.csv: 10000 rows, cols=['SMILES', 'ACTIVITY']
2026-04-16 17:40:36 | INFO  | phase_ext_benchmark |   556p.csv: 10000 rows, cols=['SMILES', 'ACTIVITY']
2026-04-16 17:40:36 | INFO  | phase_ext_benchmark |   673p.csv: 10000 rows, cols=['SMILES', 'ACTIVITY']
2026-04-16 17:40:36 | INFO  | phase_ext_benchmark |   453p.csv: 10000 rows, cols=['SMILES', 'ACTIVITY']
2026-04-16 17:40:36 | INFO  | phase_ext_benchmark |   708p.csv: 10000 rows, cols=['SMILES', 'ACTIVITY']
2026-04-16 17:40:36 | INFO  | phase_ext_benchmark |   98p.csv: 10000 rows, cols=['SMILES', 'ACTIVITY']
2026-04-16 17:40:37 | INFO  | phase_ext_benchmark |   983p.csv: 10000 rows, cols=['SMILES', 'ACTIVITY']
2026-04-16 17:40:37 | INFO  | phase_ext_benchmark |   323p.csv: 10000 rows, cols=['SMILES', 'ACTIVITY']
2026-04-16 17:40:37 | INFO  | phase_ext_benchmark |   804p.csv: 10000 rows, cols=['SMILES', 'ACTIVITY']
2026-04-16 17:40:37 | INFO  | phase_ext_benchmark |   109p.csv: 10000 rows, cols=['SMILES', 'ACTIVITY']
2026-04-16 17:40:37 | INFO  | phase_ext_benchmark |   771p.csv: 10000 rows, cols=['SMILES', 'ACTIVITY']
2026-04-16 17:40:37 | INFO  | phase_ext_benchmark |   584p.csv: 10000 rows, cols=['SMILES', 'ACTIVITY']
2026-04-16 17:40:37 | INFO  | phase_ext_benchmark |   406p.csv: 10000 rows, cols=['SMILES', 'ACTIVITY']
2026-04-16 17:40:37 | INFO  | phase_ext_benchmark |   279p.csv: 10000 rows, cols=['SMILES', 'ACTIVITY']
2026-04-16 17:40:37 | INFO  | phase_ext_benchmark |   669p.csv: 10000 rows, cols=['SMILES', 'ACTIVITY']
2026-04-16 17:40:37 | INFO  | phase_ext_benchmark |   134p.csv: 10000 rows, cols=['SMILES', 'ACTIVITY']
2026-04-16 17:40:37 | INFO  | phase_ext_benchmark |   964p.csv: 10000 rows, cols=['SMILES', 'ACTIVITY']
2026-04-16 17:40:37 | INFO  | phase_ext_benchmark |   1119p.csv: 10000 rows, cols=['SMILES', 'ACTIVITY']
2026-04-16 17:40:37 | INFO  | phase_ext_benchmark |   688p.csv: 10000 rows, cols=['SMILES', 'ACTIVITY']
2026-04-16 17:40:37 | INFO  | phase_ext_benchmark |   626p.csv: 10000 rows, cols=['SMILES', 'ACTIVITY']
2026-04-16 17:40:37 | INFO  | phase_ext_benchmark |   1106p.csv: 10000 rows, cols=['SMILES', 'ACTIVITY']
2026-04-16 17:40:37 | INFO  | phase_ext_benchmark |   9p.csv: 10000 rows, cols=['SMILES', 'ACTIVITY']
2026-04-16 17:40:37 | INFO  | phase_ext_benchmark |   145p.csv: 10000 rows, cols=['SMILES', 'ACTIVITY']
2026-04-16 17:40:37 | INFO  | phase_ext_benchmark |   6p.csv: 10000 rows, cols=['SMILES', 'ACTIVITY']
2026-04-16 17:40:37 | INFO  | phase_ext_benchmark |   1037p.csv: 10000 rows, cols=['SMILES', 'ACTIVITY']
2026-04-16 17:40:37 | INFO  | phase_ext_benchmark |   962p.csv: 10000 rows, cols=['SMILES', 'ACTIVITY']
2026-04-16 17:40:37 | INFO  | phase_ext_benchmark |   1088p.csv: 10000 rows, cols=['SMILES', 'ACTIVITY']
2026-04-16 17:40:37 | INFO  | phase_ext_benchmark |   1121p.csv: 10000 rows, cols=['SMILES', 'ACTIVITY']
2026-04-16 17:40:37 | INFO  | phase_ext_benchmark |   125p.csv: 10000 rows, cols=['SMILES', 'ACTIVITY']
2026-04-16 17:40:37 | INFO  | phase_ext_benchmark |   379p.csv: 10000 rows, cols=['SMILES', 'ACTIVITY']
2026-04-16 17:40:37 | INFO  | phase_ext_benchmark |   594p.csv: 10000 rows, cols=['SMILES', 'ACTIVITY']
2026-04-16 17:40:37 | INFO  | phase_ext_benchmark |   304p.csv: 10000 rows, cols=['SMILES', 'ACTIVITY']
2026-04-16 17:40:37 | INFO  | phase_ext_benchmark |   916p.csv: 10000 rows, cols=['SMILES', 'ACTIVITY']
2026-04-16 17:40:37 | INFO  | phase_ext_benchmark |   624p.csv: 10000 rows, cols=['SMILES', 'ACTIVITY']
2026-04-16 17:40:37 | INFO  | phase_ext_benchmark |   557p.csv: 10000 rows, cols=['SMILES', 'ACTIVITY']
2026-04-16 17:40:37 | INFO  | phase_ext_benchmark |   731p.csv: 10000 rows, cols=['SMILES', 'ACTIVITY']
2026-04-16 17:40:37 | INFO  | phase_ext_benchmark |   1001p.csv: 10000 rows, cols=['SMILES', 'ACTIVITY']
2026-04-16 17:40:37 | INFO  | phase_ext_benchmark |   410p.csv: 10000 rows, cols=['SMILES', 'ACTIVITY']
2026-04-16 17:40:37 | INFO  | phase_ext_benchmark |   702p.csv: 10000 rows, cols=['SMILES', 'ACTIVITY']
2026-04-16 17:40:37 | INFO  | phase_ext_benchmark |   980p.csv: 10000 rows, cols=['SMILES', 'ACTIVITY']
2026-04-16 17:40:38 | INFO  | phase_ext_benchmark |   86p.csv: 10000 rows, cols=['SMILES', 'ACTIVITY']
2026-04-16 17:40:38 | INFO  | phase_ext_benchmark |   382p.csv: 10000 rows, cols=['SMILES', 'ACTIVITY']
2026-04-16 17:40:38 | INFO  | phase_ext_benchmark |   454p.csv: 10000 rows, cols=['SMILES', 'ACTIVITY']
2026-04-16 17:40:38 | INFO  | phase_ext_benchmark |   682p.csv: 10000 rows, cols=['SMILES', 'ACTIVITY']
2026-04-16 17:40:38 | INFO  | phase_ext_benchmark |   728p.csv: 10000 rows, cols=['SMILES', 'ACTIVITY']
2026-04-16 17:40:38 | INFO  | phase_ext_benchmark |   378p.csv: 10000 rows, cols=['SMILES', 'ACTIVITY']
2026-04-16 17:40:38 | INFO  | phase_ext_benchmark |   282p.csv: 10000 rows, cols=['SMILES', 'ACTIVITY']
2026-04-16 17:40:38 | INFO  | phase_ext_benchmark |   872p.csv: 10000 rows, cols=['SMILES', 'ACTIVITY']
2026-04-16 17:40:38 | INFO  | phase_ext_benchmark |   196p.csv: 10000 rows, cols=['SMILES', 'ACTIVITY']
2026-04-16 17:40:38 | INFO  | phase_ext_benchmark |   157p.csv: 10000 rows, cols=['SMILES', 'ACTIVITY']
2026-04-16 17:40:38 | INFO  | phase_ext_benchmark |   888p.csv: 10000 rows, cols=['SMILES', 'ACTIVITY']
2026-04-16 17:40:38 | INFO  | phase_ext_benchmark |   1049p.csv: 10000 rows, cols=['SMILES', 'ACTIVITY']
2026-04-16 17:40:38 | INFO  | phase_ext_benchmark |   1053p.csv: 10000 rows, cols=['SMILES', 'ACTIVITY']
2026-04-16 17:40:38 | INFO  | phase_ext_benchmark |   345p.csv: 10000 rows, cols=['SMILES', 'ACTIVITY']
2026-04-16 17:40:38 | INFO  | phase_ext_benchmark |   589p.csv: 10000 rows, cols=['SMILES', 'ACTIVITY']
2026-04-16 17:40:38 | INFO  | phase_ext_benchmark |   610p.csv: 10000 rows, cols=['SMILES', 'ACTIVITY']
2026-04-16 17:40:38 | INFO  | phase_ext_benchmark |   862p.csv: 10000 rows, cols=['SMILES', 'ACTIVITY']
2026-04-16 17:40:38 | INFO  | phase_ext_benchmark |   532p.csv: 10000 rows, cols=['SMILES', 'ACTIVITY']
2026-04-16 17:40:38 | INFO  | phase_ext_benchmark |   199p.csv: 10000 rows, cols=['SMILES', 'ACTIVITY']
2026-04-16 17:40:38 | INFO  | phase_ext_benchmark |   939p.csv: 10000 rows, cols=['SMILES', 'ACTIVITY']
2026-04-16 17:40:38 | INFO  | phase_ext_benchmark |   465p.csv: 10000 rows, cols=['SMILES', 'ACTIVITY']
2026-04-16 17:40:38 | INFO  | phase_ext_benchmark |   45p.csv: 10000 rows, cols=['SMILES', 'ACTIVITY']
2026-04-16 17:40:38 | INFO  | phase_ext_benchmark |   257p.csv: 10000 rows, cols=['SMILES', 'ACTIVITY']
2026-04-16 17:40:38 | INFO  | phase_ext_benchmark |   178p.csv: 10000 rows, cols=['SMILES', 'ACTIVITY']
2026-04-16 17:40:38 | INFO  | phase_ext_benchmark |   621p.csv: 10000 rows, cols=['SMILES', 'ACTIVITY']
2026-04-16 17:40:38 | INFO  | phase_ext_benchmark |   228p.csv: 10000 rows, cols=['SMILES', 'ACTIVITY']
2026-04-16 17:40:38 | INFO  | phase_ext_benchmark |   275p.csv: 10000 rows, cols=['SMILES', 'ACTIVITY']
2026-04-16 17:40:38 | INFO  | phase_ext_benchmark |   722p.csv: 10000 rows, cols=['SMILES', 'ACTIVITY']
2026-04-16 17:40:38 | INFO  | phase_ext_benchmark |   476p.csv: 10000 rows, cols=['SMILES', 'ACTIVITY']
2026-04-16 17:40:38 | INFO  | phase_ext_benchmark |   656p.csv: 10000 rows, cols=['SMILES', 'ACTIVITY']
2026-04-16 17:40:38 | INFO  | phase_ext_benchmark |   721p.csv: 10000 rows, cols=['SMILES', 'ACTIVITY']
2026-04-16 17:40:38 | INFO  | phase_ext_benchmark |   201p.csv: 10000 rows, cols=['SMILES', 'ACTIVITY']
2026-04-16 17:40:38 | INFO  | phase_ext_benchmark |   365p.csv: 10000 rows, cols=['SMILES', 'ACTIVITY']
2026-04-16 17:40:38 | INFO  | phase_ext_benchmark |   856p.csv: 10000 rows, cols=['SMILES', 'ACTIVITY']
2026-04-16 17:40:38 | INFO  | phase_ext_benchmark |   202p.csv: 10000 rows, cols=['SMILES', 'ACTIVITY']
2026-04-16 17:40:39 | INFO  | phase_ext_benchmark |   687p.csv: 10000 rows, cols=['SMILES', 'ACTIVITY']
2026-04-16 17:40:39 | INFO  | phase_ext_benchmark |   1102p.csv: 10000 rows, cols=['SMILES', 'ACTIVITY']
2026-04-16 17:40:39 | INFO  | phase_ext_benchmark |   293p.csv: 10000 rows, cols=['SMILES', 'ACTIVITY']
2026-04-16 17:40:39 | INFO  | phase_ext_benchmark |   189p.csv: 10000 rows, cols=['SMILES', 'ACTIVITY']
2026-04-16 17:40:39 | INFO  | phase_ext_benchmark |   369p.csv: 10000 rows, cols=['SMILES', 'ACTIVITY']
2026-04-16 17:40:39 | INFO  | phase_ext_benchmark |   640p.csv: 10000 rows, cols=['SMILES', 'ACTIVITY']
2026-04-16 17:40:39 | INFO  | phase_ext_benchmark |   1007p.csv: 10000 rows, cols=['SMILES', 'ACTIVITY']
2026-04-16 17:40:39 | INFO  | phase_ext_benchmark |   793p.csv: 10000 rows, cols=['SMILES', 'ACTIVITY']
2026-04-16 17:40:39 | INFO  | phase_ext_benchmark |   926p.csv: 10000 rows, cols=['SMILES', 'ACTIVITY']
2026-04-16 17:40:39 | INFO  | phase_ext_benchmark |   891p.csv: 10000 rows, cols=['SMILES', 'ACTIVITY']
2026-04-16 17:40:39 | INFO  | phase_ext_benchmark |   778p.csv: 10000 rows, cols=['SMILES', 'ACTIVITY']
2026-04-16 17:40:39 | INFO  | phase_ext_benchmark |   1032p.csv: 10000 rows, cols=['SMILES', 'ACTIVITY']
2026-04-16 17:40:39 | INFO  | phase_ext_benchmark |   701p.csv: 10000 rows, cols=['SMILES', 'ACTIVITY']
2026-04-16 17:40:39 | INFO  | phase_ext_benchmark |   1117p.csv: 10000 rows, cols=['SMILES', 'ACTIVITY']
2026-04-16 17:40:39 | INFO  | phase_ext_benchmark |   40p.csv: 10000 rows, cols=['SMILES', 'ACTIVITY']
2026-04-16 17:40:39 | INFO  | phase_ext_benchmark |   318p.csv: 10000 rows, cols=['SMILES', 'ACTIVITY']
2026-04-16 17:40:39 | INFO  | phase_ext_benchmark |   855p.csv: 10000 rows, cols=['SMILES', 'ACTIVITY']
2026-04-16 17:40:39 | INFO  | phase_ext_benchmark |   334p.csv: 10000 rows, cols=['SMILES', 'ACTIVITY']
2026-04-16 17:40:39 | INFO  | phase_ext_benchmark |   276p.csv: 10000 rows, cols=['SMILES', 'ACTIVITY']
2026-04-16 17:40:39 | INFO  | phase_ext_benchmark |   363p.csv: 10000 rows, cols=['SMILES', 'ACTIVITY']
2026-04-16 17:40:39 | INFO  | phase_ext_benchmark |   55p.csv: 10000 rows, cols=['SMILES', 'ACTIVITY']
2026-04-16 17:40:39 | INFO  | phase_ext_benchmark |   307p.csv: 10000 rows, cols=['SMILES', 'ACTIVITY']
2026-04-16 17:40:39 | INFO  | phase_ext_benchmark |   72p.csv: 10000 rows, cols=['SMILES', 'ACTIVITY']
2026-04-16 17:40:39 | INFO  | phase_ext_benchmark |   663p.csv: 10000 rows, cols=['SMILES', 'ACTIVITY']
2026-04-16 17:40:39 | INFO  | phase_ext_benchmark |   75p.csv: 10000 rows, cols=['SMILES', 'ACTIVITY']
2026-04-16 17:40:39 | INFO  | phase_ext_benchmark |   781p.csv: 10000 rows, cols=['SMILES', 'ACTIVITY']
2026-04-16 17:40:39 | INFO  | phase_ext_benchmark |   138p.csv: 10000 rows, cols=['SMILES', 'ACTIVITY']
2026-04-16 17:40:39 | INFO  | phase_ext_benchmark |   787p.csv: 10000 rows, cols=['SMILES', 'ACTIVITY']
2026-04-16 17:40:39 | INFO  | phase_ext_benchmark |   890p.csv: 10000 rows, cols=['SMILES', 'ACTIVITY']
2026-04-16 17:40:39 | INFO  | phase_ext_benchmark |   1125p.csv: 10000 rows, cols=['SMILES', 'ACTIVITY']
2026-04-16 17:40:39 | INFO  | phase_ext_benchmark |   1087p.csv: 10000 rows, cols=['SMILES', 'ACTIVITY']
2026-04-16 17:40:39 | INFO  | phase_ext_benchmark |   299p.csv: 10000 rows, cols=['SMILES', 'ACTIVITY']
2026-04-16 17:40:39 | INFO  | phase_ext_benchmark |   1096p.csv: 10000 rows, cols=['SMILES', 'ACTIVITY']
2026-04-16 17:40:39 | INFO  | phase_ext_benchmark |   729p.csv: 10000 rows, cols=['SMILES', 'ACTIVITY']
2026-04-16 17:40:39 | INFO  | phase_ext_benchmark |   1085p.csv: 10000 rows, cols=['SMILES', 'ACTIVITY']
2026-04-16 17:40:39 | INFO  | phase_ext_benchmark |   259p.csv: 10000 rows, cols=['SMILES', 'ACTIVITY']
2026-04-16 17:40:39 | INFO  | phase_ext_benchmark |   800p.csv: 10000 rows, cols=['SMILES', 'ACTIVITY']
2026-04-16 17:40:40 | INFO  | phase_ext_benchmark |   805p.csv: 10000 rows, cols=['SMILES', 'ACTIVITY']
2026-04-16 17:40:40 | INFO  | phase_ext_benchmark |   174p.csv: 10000 rows, cols=['SMILES', 'ACTIVITY']
2026-04-16 17:40:40 | INFO  | phase_ext_benchmark |   479p.csv: 10000 rows, cols=['SMILES', 'ACTIVITY']
2026-04-16 17:40:40 | INFO  | phase_ext_benchmark |   1016p.csv: 10000 rows, cols=['SMILES', 'ACTIVITY']
2026-04-16 17:40:40 | INFO  | phase_ext_benchmark |   642p.csv: 10000 rows, cols=['SMILES', 'ACTIVITY']
2026-04-16 17:40:40 | INFO  | phase_ext_benchmark |   520p.csv: 10000 rows, cols=['SMILES', 'ACTIVITY']
2026-04-16 17:40:40 | INFO  | phase_ext_benchmark |   283p.csv: 10000 rows, cols=['SMILES', 'ACTIVITY']
2026-04-16 17:40:40 | INFO  | phase_ext_benchmark |   535p.csv: 10000 rows, cols=['SMILES', 'ACTIVITY']
2026-04-16 17:40:40 | INFO  | phase_ext_benchmark |   460p.csv: 10000 rows, cols=['SMILES', 'ACTIVITY']
2026-04-16 17:40:40 | INFO  | phase_ext_benchmark |   899p.csv: 10000 rows, cols=['SMILES', 'ACTIVITY']
2026-04-16 17:40:40 | INFO  | phase_ext_benchmark |   662p.csv: 10000 rows, cols=['SMILES', 'ACTIVITY']
2026-04-16 17:40:40 | INFO  | phase_ext_benchmark |   366p.csv: 10000 rows, cols=['SMILES', 'ACTIVITY']
2026-04-16 17:40:40 | INFO  | phase_ext_benchmark |   705p.csv: 10000 rows, cols=['SMILES', 'ACTIVITY']
2026-04-16 17:40:40 | INFO  | phase_ext_benchmark |   711p.csv: 10000 rows, cols=['SMILES', 'ACTIVITY']
2026-04-16 17:40:40 | INFO  | phase_ext_benchmark |   865p.csv: 10000 rows, cols=['SMILES', 'ACTIVITY']
2026-04-16 17:40:40 | INFO  | phase_ext_benchmark |   99p.csv: 10000 rows, cols=['SMILES', 'ACTIVITY']
2026-04-16 17:40:40 | INFO  | phase_ext_benchmark |   140p.csv: 10000 rows, cols=['SMILES', 'ACTIVITY']
2026-04-16 17:40:40 | INFO  | phase_ext_benchmark |   994p.csv: 10000 rows, cols=['SMILES', 'ACTIVITY']
2026-04-16 17:40:40 | INFO  | phase_ext_benchmark |   863p.csv: 10000 rows, cols=['SMILES', 'ACTIVITY']
2026-04-16 17:40:40 | INFO  | phase_ext_benchmark |   42p.csv: 10000 rows, cols=['SMILES', 'ACTIVITY']
2026-04-16 17:40:40 | INFO  | phase_ext_benchmark |   224p.csv: 10000 rows, cols=['SMILES', 'ACTIVITY']
2026-04-16 17:40:40 | INFO  | phase_ext_benchmark |   894p.csv: 10000 rows, cols=['SMILES', 'ACTIVITY']
2026-04-16 17:40:40 | INFO  | phase_ext_benchmark |   1107p.csv: 10000 rows, cols=['SMILES', 'ACTIVITY']
2026-04-16 17:40:40 | INFO  | phase_ext_benchmark |   601p.csv: 10000 rows, cols=['SMILES', 'ACTIVITY']
2026-04-16 17:40:40 | INFO  | phase_ext_benchmark |   20p.csv: 10000 rows, cols=['SMILES', 'ACTIVITY']
2026-04-16 17:40:40 | INFO  | phase_ext_benchmark |   255p.csv: 10000 rows, cols=['SMILES', 'ACTIVITY']
2026-04-16 17:40:40 | INFO  | phase_ext_benchmark |   204p.csv: 10000 rows, cols=['SMILES', 'ACTIVITY']
2026-04-16 17:40:40 | INFO  | phase_ext_benchmark |   1036p.csv: 10000 rows, cols=['SMILES', 'ACTIVITY']
2026-04-16 17:40:40 | INFO  | phase_ext_benchmark |   133p.csv: 10000 rows, cols=['SMILES', 'ACTIVITY']
2026-04-16 17:40:40 | INFO  | phase_ext_benchmark |   696p.csv: 10000 rows, cols=['SMILES', 'ACTIVITY']
2026-04-16 17:40:40 | INFO  | phase_ext_benchmark |   69p.csv: 10000 rows, cols=['SMILES', 'ACTIVITY']
2026-04-16 17:40:40 | INFO  | phase_ext_benchmark |   524p.csv: 10000 rows, cols=['SMILES', 'ACTIVITY']
2026-04-16 17:40:40 | INFO  | phase_ext_benchmark |   984p.csv: 10000 rows, cols=['SMILES', 'ACTIVITY']
2026-04-16 17:40:40 | INFO  | phase_ext_benchmark |   845p.csv: 10000 rows, cols=['SMILES', 'ACTIVITY']
2026-04-16 17:40:40 | INFO  | phase_ext_benchmark |   339p.csv: 10000 rows, cols=['SMILES', 'ACTIVITY']
2026-04-16 17:40:40 | INFO  | phase_ext_benchmark |   618p.csv: 10000 rows, cols=['SMILES', 'ACTIVITY']
2026-04-16 17:40:40 | INFO  | phase_ext_benchmark |   137p.csv: 10000 rows, cols=['SMILES', 'ACTIVITY']
2026-04-16 17:40:41 | INFO  | phase_ext_benchmark |   830p.csv: 10000 rows, cols=['SMILES', 'ACTIVITY']
2026-04-16 17:40:41 | INFO  | phase_ext_benchmark |   727p.csv: 10000 rows, cols=['SMILES', 'ACTIVITY']
2026-04-16 17:40:41 | INFO  | phase_ext_benchmark |   543p.csv: 10000 rows, cols=['SMILES', 'ACTIVITY']
2026-04-16 17:40:41 | INFO  | phase_ext_benchmark |   710p.csv: 10000 rows, cols=['SMILES', 'ACTIVITY']
2026-04-16 17:40:41 | INFO  | phase_ext_benchmark |   437p.csv: 10000 rows, cols=['SMILES', 'ACTIVITY']
2026-04-16 17:40:41 | INFO  | phase_ext_benchmark |   149p.csv: 10000 rows, cols=['SMILES', 'ACTIVITY']
2026-04-16 17:40:41 | INFO  | phase_ext_benchmark |   148p.csv: 10000 rows, cols=['SMILES', 'ACTIVITY']
2026-04-16 17:40:41 | INFO  | phase_ext_benchmark |   262p.csv: 10000 rows, cols=['SMILES', 'ACTIVITY']
2026-04-16 17:40:41 | INFO  | phase_ext_benchmark |   482p.csv: 10000 rows, cols=['SMILES', 'ACTIVITY']
2026-04-16 17:40:41 | INFO  | phase_ext_benchmark |   893p.csv: 10000 rows, cols=['SMILES', 'ACTIVITY']
2026-04-16 17:40:41 | INFO  | phase_ext_benchmark |   573p.csv: 10000 rows, cols=['SMILES', 'ACTIVITY']
2026-04-16 17:40:41 | INFO  | phase_ext_benchmark |   447p.csv: 10000 rows, cols=['SMILES', 'ACTIVITY']
2026-04-16 17:40:41 | INFO  | phase_ext_benchmark |   132p.csv: 10000 rows, cols=['SMILES', 'ACTIVITY']
2026-04-16 17:40:41 | INFO  | phase_ext_benchmark |   496p.csv: 10000 rows, cols=['SMILES', 'ACTIVITY']
2026-04-16 17:40:41 | INFO  | phase_ext_benchmark |   243p.csv: 10000 rows, cols=['SMILES', 'ACTIVITY']
2026-04-16 17:40:41 | INFO  | phase_ext_benchmark |   725p.csv: 10000 rows, cols=['SMILES', 'ACTIVITY']
2026-04-16 17:40:41 | INFO  | phase_ext_benchmark |   230p.csv: 10000 rows, cols=['SMILES', 'ACTIVITY']
2026-04-16 17:40:41 | INFO  | phase_ext_benchmark |   961p.csv: 10000 rows, cols=['SMILES', 'ACTIVITY']
2026-04-16 17:40:41 | INFO  | phase_ext_benchmark |   252p.csv: 10000 rows, cols=['SMILES', 'ACTIVITY']
2026-04-16 17:40:41 | INFO  | phase_ext_benchmark |   678p.csv: 10000 rows, cols=['SMILES', 'ACTIVITY']
2026-04-16 17:40:41 | INFO  | phase_ext_benchmark |   349p.csv: 10000 rows, cols=['SMILES', 'ACTIVITY']
2026-04-16 17:40:41 | INFO  | phase_ext_benchmark |   841p.csv: 10000 rows, cols=['SMILES', 'ACTIVITY']
2026-04-16 17:40:41 | INFO  | phase_ext_benchmark |   440p.csv: 10000 rows, cols=['SMILES', 'ACTIVITY']
2026-04-16 17:40:41 | INFO  | phase_ext_benchmark |   396p.csv: 10000 rows, cols=['SMILES', 'ACTIVITY']
2026-04-16 17:40:41 | INFO  | phase_ext_benchmark |   470p.csv: 10000 rows, cols=['SMILES', 'ACTIVITY']
2026-04-16 17:40:41 | INFO  | phase_ext_benchmark |   84p.csv: 10000 rows, cols=['SMILES', 'ACTIVITY']
2026-04-16 17:40:41 | INFO  | phase_ext_benchmark |   195p.csv: 10000 rows, cols=['SMILES', 'ACTIVITY']
2026-04-16 17:40:41 | INFO  | phase_ext_benchmark |   947p.csv: 10000 rows, cols=['SMILES', 'ACTIVITY']
2026-04-16 17:40:41 | INFO  | phase_ext_benchmark |   1100p.csv: 10000 rows, cols=['SMILES', 'ACTIVITY']
2026-04-16 17:40:41 | INFO  | phase_ext_benchmark |   1009p.csv: 10000 rows, cols=['SMILES', 'ACTIVITY']
2026-04-16 17:40:41 | INFO  | phase_ext_benchmark |   226p.csv: 10000 rows, cols=['SMILES', 'ACTIVITY']
2026-04-16 17:40:41 | INFO  | phase_ext_benchmark |   518p.csv: 10000 rows, cols=['SMILES', 'ACTIVITY']
2026-04-16 17:40:41 | INFO  | phase_ext_benchmark |   581p.csv: 10000 rows, cols=['SMILES', 'ACTIVITY']
2026-04-16 17:40:42 | INFO  | phase_ext_benchmark |   481p.csv: 10000 rows, cols=['SMILES', 'ACTIVITY']
2026-04-16 17:40:42 | INFO  | phase_ext_benchmark |   328p.csv: 10000 rows, cols=['SMILES', 'ACTIVITY']
2026-04-16 17:40:42 | INFO  | phase_ext_benchmark |   843p.csv: 10000 rows, cols=['SMILES', 'ACTIVITY']
2026-04-16 17:40:42 | INFO  | phase_ext_benchmark |   892p.csv: 10000 rows, cols=['SMILES', 'ACTIVITY']
2026-04-16 17:40:42 | INFO  | phase_ext_benchmark |   422p.csv: 10000 rows, cols=['SMILES', 'ACTIVITY']
2026-04-16 17:40:42 | INFO  | phase_ext_benchmark |   225p.csv: 10000 rows, cols=['SMILES', 'ACTIVITY']
2026-04-16 17:40:42 | INFO  | phase_ext_benchmark |   988p.csv: 10000 rows, cols=['SMILES', 'ACTIVITY']
2026-04-16 17:40:42 | INFO  | phase_ext_benchmark |   50p.csv: 10000 rows, cols=['SMILES', 'ACTIVITY']
2026-04-16 17:40:42 | INFO  | phase_ext_benchmark |   477p.csv: 10000 rows, cols=['SMILES', 'ACTIVITY']
2026-04-16 17:40:42 | INFO  | phase_ext_benchmark |   165p.csv: 10000 rows, cols=['SMILES', 'ACTIVITY']
2026-04-16 17:40:42 | INFO  | phase_ext_benchmark |   478p.csv: 10000 rows, cols=['SMILES', 'ACTIVITY']
2026-04-16 17:40:42 | INFO  | phase_ext_benchmark |   399p.csv: 10000 rows, cols=['SMILES', 'ACTIVITY']
2026-04-16 17:40:42 | INFO  | phase_ext_benchmark |   571p.csv: 10000 rows, cols=['SMILES', 'ACTIVITY']
2026-04-16 17:40:42 | INFO  | phase_ext_benchmark |   592p.csv: 10000 rows, cols=['SMILES', 'ACTIVITY']
2026-04-16 17:40:42 | INFO  | phase_ext_benchmark |   1080p.csv: 10000 rows, cols=['SMILES', 'ACTIVITY']
2026-04-16 17:40:42 | INFO  | phase_ext_benchmark |   1014p.csv: 10000 rows, cols=['SMILES', 'ACTIVITY']
2026-04-16 17:40:42 | INFO  | phase_ext_benchmark |   1116p.csv: 10000 rows, cols=['SMILES', 'ACTIVITY']
2026-04-16 17:40:42 | INFO  | phase_ext_benchmark |   19p.csv: 10000 rows, cols=['SMILES', 'ACTIVITY']
2026-04-16 17:40:42 | INFO  | phase_ext_benchmark |   608p.csv: 10000 rows, cols=['SMILES', 'ACTIVITY']
2026-04-16 17:40:42 | INFO  | phase_ext_benchmark |   81p.csv: 10000 rows, cols=['SMILES', 'ACTIVITY']
2026-04-16 17:40:42 | INFO  | phase_ext_benchmark |   38p.csv: 10000 rows, cols=['SMILES', 'ACTIVITY']
2026-04-16 17:40:42 | INFO  | phase_ext_benchmark |   1029p.csv: 10000 rows, cols=['SMILES', 'ACTIVITY']
2026-04-16 17:40:42 | INFO  | phase_ext_benchmark |   409p.csv: 10000 rows, cols=['SMILES', 'ACTIVITY']
2026-04-16 17:40:42 | INFO  | phase_ext_benchmark |   443p.csv: 10000 rows, cols=['SMILES', 'ACTIVITY']
2026-04-16 17:40:42 | INFO  | phase_ext_benchmark |   375p.csv: 10000 rows, cols=['SMILES', 'ACTIVITY']
2026-04-16 17:40:42 | INFO  | phase_ext_benchmark |   794p.csv: 10000 rows, cols=['SMILES', 'ACTIVITY']
2026-04-16 17:40:42 | INFO  | phase_ext_benchmark |   1114p.csv: 10000 rows, cols=['SMILES', 'ACTIVITY']
2026-04-16 17:40:42 | INFO  | phase_ext_benchmark |   26p.csv: 10000 rows, cols=['SMILES', 'ACTIVITY']
2026-04-16 17:40:42 | INFO  | phase_ext_benchmark |   985p.csv: 10000 rows, cols=['SMILES', 'ACTIVITY']
2026-04-16 17:40:42 | INFO  | phase_ext_benchmark |   241p.csv: 10000 rows, cols=['SMILES', 'ACTIVITY']
2026-04-16 17:40:42 | INFO  | phase_ext_benchmark |   698p.csv: 10000 rows, cols=['SMILES', 'ACTIVITY']
2026-04-16 17:40:42 | INFO  | phase_ext_benchmark |   1041p.csv: 10000 rows, cols=['SMILES', 'ACTIVITY']
2026-04-16 17:40:42 | INFO  | phase_ext_benchmark |   147p.csv: 10000 rows, cols=['SMILES', 'ACTIVITY']
2026-04-16 17:40:42 | INFO  | phase_ext_benchmark |   587p.csv: 10000 rows, cols=['SMILES', 'ACTIVITY']
2026-04-16 17:40:42 | INFO  | phase_ext_benchmark |   1074p.csv: 10000 rows, cols=['SMILES', 'ACTIVITY']
2026-04-16 17:40:42 | INFO  | phase_ext_benchmark |   993p.csv: 10000 rows, cols=['SMILES', 'ACTIVITY']
2026-04-16 17:40:42 | INFO  | phase_ext_benchmark |   503p.csv: 10000 rows, cols=['SMILES', 'ACTIVITY']
2026-04-16 17:40:43 | INFO  | phase_ext_benchmark |   1054p.csv: 10000 rows, cols=['SMILES', 'ACTIVITY']
2026-04-16 17:40:43 | INFO  | phase_ext_benchmark |   43p.csv: 10000 rows, cols=['SMILES', 'ACTIVITY']
2026-04-16 17:40:43 | INFO  | phase_ext_benchmark |   1058p.csv: 10000 rows, cols=['SMILES', 'ACTIVITY']
2026-04-16 17:40:43 | INFO  | phase_ext_benchmark |   531p.csv: 10000 rows, cols=['SMILES', 'ACTIVITY']
2026-04-16 17:40:43 | INFO  | phase_ext_benchmark |   972p.csv: 10000 rows, cols=['SMILES', 'ACTIVITY']
2026-04-16 17:40:43 | INFO  | phase_ext_benchmark |   569p.csv: 10000 rows, cols=['SMILES', 'ACTIVITY']
2026-04-16 17:40:43 | INFO  | phase_ext_benchmark |   607p.csv: 10000 rows, cols=['SMILES', 'ACTIVITY']
2026-04-16 17:40:43 | INFO  | phase_ext_benchmark |   1070p.csv: 10000 rows, cols=['SMILES', 'ACTIVITY']
2026-04-16 17:40:43 | INFO  | phase_ext_benchmark |   692p.csv: 10000 rows, cols=['SMILES', 'ACTIVITY']
2026-04-16 17:40:43 | INFO  | phase_ext_benchmark |   1078p.csv: 10000 rows, cols=['SMILES', 'ACTIVITY']
2026-04-16 17:40:43 | INFO  | phase_ext_benchmark |   469p.csv: 10000 rows, cols=['SMILES', 'ACTIVITY']
2026-04-16 17:40:43 | INFO  | phase_ext_benchmark |   197p.csv: 10000 rows, cols=['SMILES', 'ACTIVITY']
2026-04-16 17:40:43 | INFO  | phase_ext_benchmark |   386p.csv: 10000 rows, cols=['SMILES', 'ACTIVITY']
2026-04-16 17:40:43 | INFO  | phase_ext_benchmark |   446p.csv: 10000 rows, cols=['SMILES', 'ACTIVITY']
2026-04-16 17:40:43 | INFO  | phase_ext_benchmark |   1033p.csv: 10000 rows, cols=['SMILES', 'ACTIVITY']
2026-04-16 17:40:43 | INFO  | phase_ext_benchmark |   256p.csv: 10000 rows, cols=['SMILES', 'ACTIVITY']
2026-04-16 17:40:43 | INFO  | phase_ext_benchmark |   835p.csv: 10000 rows, cols=['SMILES', 'ACTIVITY']
2026-04-16 17:40:43 | INFO  | phase_ext_benchmark |   627p.csv: 10000 rows, cols=['SMILES', 'ACTIVITY']
2026-04-16 17:40:43 | INFO  | phase_ext_benchmark |   879p.csv: 10000 rows, cols=['SMILES', 'ACTIVITY']
2026-04-16 17:40:43 | INFO  | phase_ext_benchmark |   772p.csv: 10000 rows, cols=['SMILES', 'ACTIVITY']
2026-04-16 17:40:43 | INFO  | phase_ext_benchmark |   329p.csv: 10000 rows, cols=['SMILES', 'ACTIVITY']
2026-04-16 17:40:43 | INFO  | phase_ext_benchmark |   932p.csv: 10000 rows, cols=['SMILES', 'ACTIVITY']
2026-04-16 17:40:43 | INFO  | phase_ext_benchmark |   938p.csv: 10000 rows, cols=['SMILES', 'ACTIVITY']
2026-04-16 17:40:43 | INFO  | phase_ext_benchmark |   876p.csv: 10000 rows, cols=['SMILES', 'ACTIVITY']
2026-04-16 17:40:43 | INFO  | phase_ext_benchmark |   190p.csv: 10000 rows, cols=['SMILES', 'ACTIVITY']
2026-04-16 17:40:43 | INFO  | phase_ext_benchmark |   161p.csv: 10000 rows, cols=['SMILES', 'ACTIVITY']
2026-04-16 17:40:43 | INFO  | phase_ext_benchmark |   11p.csv: 10000 rows, cols=['SMILES', 'ACTIVITY']
2026-04-16 17:40:43 | INFO  | phase_ext_benchmark |   704p.csv: 10000 rows, cols=['SMILES', 'ACTIVITY']
2026-04-16 17:40:43 | INFO  | phase_ext_benchmark |   17p.csv: 10000 rows, cols=['SMILES', 'ACTIVITY']
2026-04-16 17:40:43 | INFO  | phase_ext_benchmark |   80p.csv: 10000 rows, cols=['SMILES', 'ACTIVITY']
2026-04-16 17:40:43 | INFO  | phase_ext_benchmark |   922p.csv: 10000 rows, cols=['SMILES', 'ACTIVITY']
2026-04-16 17:40:43 | INFO  | phase_ext_benchmark |   958p.csv: 10000 rows, cols=['SMILES', 'ACTIVITY']
2026-04-16 17:40:43 | INFO  | phase_ext_benchmark |   493p.csv: 10000 rows, cols=['SMILES', 'ACTIVITY']
2026-04-16 17:40:43 | INFO  | phase_ext_benchmark |   733p.csv: 10000 rows, cols=['SMILES', 'ACTIVITY']
2026-04-16 17:40:43 | INFO  | phase_ext_benchmark |   757p.csv: 10000 rows, cols=['SMILES', 'ACTIVITY']
2026-04-16 17:40:44 | INFO  | phase_ext_benchmark |   358p.csv: 10000 rows, cols=['SMILES', 'ACTIVITY']
2026-04-16 17:40:44 | INFO  | phase_ext_benchmark |   1113p.csv: 10000 rows, cols=['SMILES', 'ACTIVITY']
2026-04-16 17:40:44 | INFO  | phase_ext_benchmark |   577p.csv: 10000 rows, cols=['SMILES', 'ACTIVITY']
2026-04-16 17:40:44 | INFO  | phase_ext_benchmark |   60p.csv: 10000 rows, cols=['SMILES', 'ACTIVITY']
2026-04-16 17:40:44 | INFO  | phase_ext_benchmark |   760p.csv: 10000 rows, cols=['SMILES', 'ACTIVITY']
2026-04-16 17:40:44 | INFO  | phase_ext_benchmark |   979p.csv: 10000 rows, cols=['SMILES', 'ACTIVITY']
2026-04-16 17:40:44 | INFO  | phase_ext_benchmark |   934p.csv: 10000 rows, cols=['SMILES', 'ACTIVITY']
2026-04-16 17:40:44 | INFO  | phase_ext_benchmark |   620p.csv: 10000 rows, cols=['SMILES', 'ACTIVITY']
2026-04-16 17:40:44 | INFO  | phase_ext_benchmark |   2p.csv: 10000 rows, cols=['SMILES', 'ACTIVITY']
2026-04-16 17:40:44 | INFO  | phase_ext_benchmark |   427p.csv: 10000 rows, cols=['SMILES', 'ACTIVITY']
2026-04-16 17:40:44 | INFO  | phase_ext_benchmark |   949p.csv: 10000 rows, cols=['SMILES', 'ACTIVITY']
2026-04-16 17:40:44 | INFO  | phase_ext_benchmark |   527p.csv: 10000 rows, cols=['SMILES', 'ACTIVITY']
2026-04-16 17:40:44 | INFO  | phase_ext_benchmark |   1092p.csv: 10000 rows, cols=['SMILES', 'ACTIVITY']
2026-04-16 17:40:44 | INFO  | phase_ext_benchmark |   808p.csv: 10000 rows, cols=['SMILES', 'ACTIVITY']
2026-04-16 17:40:44 | INFO  | phase_ext_benchmark |   77p.csv: 10000 rows, cols=['SMILES', 'ACTIVITY']
2026-04-16 17:40:44 | INFO  | phase_ext_benchmark |   670p.csv: 10000 rows, cols=['SMILES', 'ACTIVITY']
2026-04-16 17:40:44 | INFO  | phase_ext_benchmark |   203p.csv: 10000 rows, cols=['SMILES', 'ACTIVITY']
2026-04-16 17:40:44 | INFO  | phase_ext_benchmark |   357p.csv: 10000 rows, cols=['SMILES', 'ACTIVITY']
2026-04-16 17:40:44 | INFO  | phase_ext_benchmark |   76p.csv: 10000 rows, cols=['SMILES', 'ACTIVITY']
2026-04-16 17:40:44 | INFO  | phase_ext_benchmark |   758p.csv: 10000 rows, cols=['SMILES', 'ACTIVITY']
2026-04-16 17:40:44 | INFO  | phase_ext_benchmark |   322p.csv: 10000 rows, cols=['SMILES', 'ACTIVITY']
2026-04-16 17:40:44 | INFO  | phase_ext_benchmark |   494p.csv: 10000 rows, cols=['SMILES', 'ACTIVITY']
2026-04-16 17:40:44 | INFO  | phase_ext_benchmark |   563p.csv: 10000 rows, cols=['SMILES', 'ACTIVITY']
2026-04-16 17:40:44 | INFO  | phase_ext_benchmark |   963p.csv: 10000 rows, cols=['SMILES', 'ACTIVITY']
2026-04-16 17:40:44 | INFO  | phase_ext_benchmark |   991p.csv: 10000 rows, cols=['SMILES', 'ACTIVITY']
2026-04-16 17:40:44 | INFO  | phase_ext_benchmark |   100p.csv: 10000 rows, cols=['SMILES', 'ACTIVITY']
2026-04-16 17:40:44 | INFO  | phase_ext_benchmark |   62p.csv: 10000 rows, cols=['SMILES', 'ACTIVITY']
2026-04-16 17:40:44 | INFO  | phase_ext_benchmark |   308p.csv: 10000 rows, cols=['SMILES', 'ACTIVITY']
2026-04-16 17:40:44 | INFO  | phase_ext_benchmark |   325p.csv: 10000 rows, cols=['SMILES', 'ACTIVITY']
2026-04-16 17:40:44 | INFO  | phase_ext_benchmark |   815p.csv: 10000 rows, cols=['SMILES', 'ACTIVITY']
2026-04-16 17:40:44 | INFO  | phase_ext_benchmark |   160p.csv: 10000 rows, cols=['SMILES', 'ACTIVITY']
2026-04-16 17:40:44 | INFO  | phase_ext_benchmark |   21p.csv: 10000 rows, cols=['SMILES', 'ACTIVITY']
2026-04-16 17:40:44 | INFO  | phase_ext_benchmark |   1094p.csv: 10000 rows, cols=['SMILES', 'ACTIVITY']
2026-04-16 17:40:44 | INFO  | phase_ext_benchmark |   288p.csv: 10000 rows, cols=['SMILES', 'ACTIVITY']
2026-04-16 17:40:45 | INFO  | phase_ext_benchmark |   774p.csv: 10000 rows, cols=['SMILES', 'ACTIVITY']
2026-04-16 17:40:45 | INFO  | phase_ext_benchmark |   1027p.csv: 10000 rows, cols=['SMILES', 'ACTIVITY']
2026-04-16 17:40:45 | INFO  | phase_ext_benchmark |   945p.csv: 10000 rows, cols=['SMILES', 'ACTIVITY']
2026-04-16 17:40:45 | INFO  | phase_ext_benchmark |   231p.csv: 10000 rows, cols=['SMILES', 'ACTIVITY']
2026-04-16 17:40:45 | INFO  | phase_ext_benchmark |   574p.csv: 10000 rows, cols=['SMILES', 'ACTIVITY']
2026-04-16 17:40:45 | INFO  | phase_ext_benchmark |   770p.csv: 10000 rows, cols=['SMILES', 'ACTIVITY']
2026-04-16 17:40:45 | INFO  | phase_ext_benchmark |   232p.csv: 10000 rows, cols=['SMILES', 'ACTIVITY']
2026-04-16 17:40:45 | INFO  | phase_ext_benchmark |   995p.csv: 10000 rows, cols=['SMILES', 'ACTIVITY']
2026-04-16 17:40:45 | INFO  | phase_ext_benchmark |   552p.csv: 10000 rows, cols=['SMILES', 'ACTIVITY']
2026-04-16 17:40:45 | INFO  | phase_ext_benchmark |   380p.csv: 10000 rows, cols=['SMILES', 'ACTIVITY']
2026-04-16 17:40:45 | INFO  | phase_ext_benchmark |   554p.csv: 10000 rows, cols=['SMILES', 'ACTIVITY']
2026-04-16 17:40:45 | INFO  | phase_ext_benchmark |   516p.csv: 10000 rows, cols=['SMILES', 'ACTIVITY']
2026-04-16 17:40:45 | INFO  | phase_ext_benchmark |   510p.csv: 10000 rows, cols=['SMILES', 'ACTIVITY']
2026-04-16 17:40:45 | INFO  | phase_ext_benchmark |   385p.csv: 10000 rows, cols=['SMILES', 'ACTIVITY']
2026-04-16 17:40:45 | INFO  | phase_ext_benchmark |   603p.csv: 10000 rows, cols=['SMILES', 'ACTIVITY']
2026-04-16 17:40:45 | INFO  | phase_ext_benchmark |   402p.csv: 10000 rows, cols=['SMILES', 'ACTIVITY']
2026-04-16 17:40:45 | INFO  | phase_ext_benchmark |   253p.csv: 10000 rows, cols=['SMILES', 'ACTIVITY']
2026-04-16 17:40:45 | INFO  | phase_ext_benchmark |   473p.csv: 10000 rows, cols=['SMILES', 'ACTIVITY']
2026-04-16 17:40:45 | INFO  | phase_ext_benchmark |   417p.csv: 10000 rows, cols=['SMILES', 'ACTIVITY']
2026-04-16 17:40:45 | INFO  | phase_ext_benchmark |   48p.csv: 10000 rows, cols=['SMILES', 'ACTIVITY']
2026-04-16 17:40:45 | INFO  | phase_ext_benchmark |   111p.csv: 10000 rows, cols=['SMILES', 'ACTIVITY']
2026-04-16 17:40:45 | INFO  | phase_ext_benchmark |   266p.csv: 10000 rows, cols=['SMILES', 'ACTIVITY']
2026-04-16 17:40:45 | INFO  | phase_ext_benchmark |   258p.csv: 10000 rows, cols=['SMILES', 'ACTIVITY']
2026-04-16 17:40:45 | INFO  | phase_ext_benchmark |   578p.csv: 10000 rows, cols=['SMILES', 'ACTIVITY']
2026-04-16 17:40:45 | INFO  | phase_ext_benchmark |   67p.csv: 10000 rows, cols=['SMILES', 'ACTIVITY']
2026-04-16 17:40:45 | INFO  | phase_ext_benchmark |   291p.csv: 10000 rows, cols=['SMILES', 'ACTIVITY']
2026-04-16 17:40:45 | INFO  | phase_ext_benchmark |   878p.csv: 10000 rows, cols=['SMILES', 'ACTIVITY']
2026-04-16 17:40:45 | INFO  | phase_ext_benchmark |   1082p.csv: 10000 rows, cols=['SMILES', 'ACTIVITY']
2026-04-16 17:40:45 | INFO  | phase_ext_benchmark |   216p.csv: 10000 rows, cols=['SMILES', 'ACTIVITY']
2026-04-16 17:40:45 | INFO  | phase_ext_benchmark |   289p.csv: 10000 rows, cols=['SMILES', 'ACTIVITY']
2026-04-16 17:40:45 | INFO  | phase_ext_benchmark |   886p.csv: 10000 rows, cols=['SMILES', 'ACTIVITY']
2026-04-16 17:40:45 | INFO  | phase_ext_benchmark |   182p.csv: 10000 rows, cols=['SMILES', 'ACTIVITY']
2026-04-16 17:40:45 | INFO  | phase_ext_benchmark |   362p.csv: 10000 rows, cols=['SMILES', 'ACTIVITY']
2026-04-16 17:40:45 | INFO  | phase_ext_benchmark |   1003p.csv: 10000 rows, cols=['SMILES', 'ACTIVITY']
2026-04-16 17:40:45 | INFO  | phase_ext_benchmark |   261p.csv: 10000 rows, cols=['SMILES', 'ACTIVITY']
2026-04-16 17:40:45 | INFO  | phase_ext_benchmark |   706p.csv: 10000 rows, cols=['SMILES', 'ACTIVITY']
2026-04-16 17:40:45 | INFO  | phase_ext_benchmark |   128p.csv: 10000 rows, cols=['SMILES', 'ACTIVITY']
2026-04-16 17:40:46 | INFO  | phase_ext_benchmark |   260p.csv: 10000 rows, cols=['SMILES', 'ACTIVITY']
2026-04-16 17:40:46 | INFO  | phase_ext_benchmark |   168p.csv: 10000 rows, cols=['SMILES', 'ACTIVITY']
2026-04-16 17:40:46 | INFO  | phase_ext_benchmark |   294p.csv: 10000 rows, cols=['SMILES', 'ACTIVITY']
2026-04-16 17:40:46 | INFO  | phase_ext_benchmark |   1120p.csv: 10000 rows, cols=['SMILES', 'ACTIVITY']
2026-04-16 17:40:46 | INFO  | phase_ext_benchmark |   866p.csv: 10000 rows, cols=['SMILES', 'ACTIVITY']
2026-04-16 17:40:46 | INFO  | phase_ext_benchmark |   941p.csv: 10000 rows, cols=['SMILES', 'ACTIVITY']
2026-04-16 17:40:46 | INFO  | phase_ext_benchmark |   373p.csv: 10000 rows, cols=['SMILES', 'ACTIVITY']
2026-04-16 17:40:46 | INFO  | phase_ext_benchmark |   634p.csv: 10000 rows, cols=['SMILES', 'ACTIVITY']
2026-04-16 17:40:46 | INFO  | phase_ext_benchmark |   205p.csv: 10000 rows, cols=['SMILES', 'ACTIVITY']
2026-04-16 17:40:46 | INFO  | phase_ext_benchmark |   751p.csv: 10000 rows, cols=['SMILES', 'ACTIVITY']
2026-04-16 17:40:46 | INFO  | phase_ext_benchmark |   1067p.csv: 10000 rows, cols=['SMILES', 'ACTIVITY']
2026-04-16 17:40:46 | INFO  | phase_ext_benchmark |   92p.csv: 10000 rows, cols=['SMILES', 'ACTIVITY']
2026-04-16 17:40:46 | INFO  | phase_ext_benchmark |   305p.csv: 10000 rows, cols=['SMILES', 'ACTIVITY']
2026-04-16 17:40:46 | INFO  | phase_ext_benchmark |   809p.csv: 10000 rows, cols=['SMILES', 'ACTIVITY']
2026-04-16 17:40:46 | INFO  | phase_ext_benchmark |   170p.csv: 10000 rows, cols=['SMILES', 'ACTIVITY']
2026-04-16 17:40:46 | INFO  | phase_ext_benchmark |   987p.csv: 10000 rows, cols=['SMILES', 'ACTIVITY']
2026-04-16 17:40:46 | INFO  | phase_ext_benchmark |   250p.csv: 10000 rows, cols=['SMILES', 'ACTIVITY']
2026-04-16 17:40:46 | INFO  | phase_ext_benchmark |   441p.csv: 10000 rows, cols=['SMILES', 'ACTIVITY']
2026-04-16 17:40:46 | INFO  | phase_ext_benchmark |   234p.csv: 10000 rows, cols=['SMILES', 'ACTIVITY']
2026-04-16 17:40:46 | INFO  | phase_ext_benchmark |   974p.csv: 10000 rows, cols=['SMILES', 'ACTIVITY']
2026-04-16 17:40:46 | INFO  | phase_ext_benchmark |   885p.csv: 10000 rows, cols=['SMILES', 'ACTIVITY']
2026-04-16 17:40:46 | INFO  | phase_ext_benchmark |   93p.csv: 10000 rows, cols=['SMILES', 'ACTIVITY']
2026-04-16 17:40:46 | INFO  | phase_ext_benchmark |   1063p.csv: 10000 rows, cols=['SMILES', 'ACTIVITY']
2026-04-16 17:40:46 | INFO  | phase_ext_benchmark |   142p.csv: 10000 rows, cols=['SMILES', 'ACTIVITY']
2026-04-16 17:40:46 | INFO  | phase_ext_benchmark |   435p.csv: 10000 rows, cols=['SMILES', 'ACTIVITY']
2026-04-16 17:40:46 | INFO  | phase_ext_benchmark |   907p.csv: 10000 rows, cols=['SMILES', 'ACTIVITY']
2026-04-16 17:40:46 | INFO  | phase_ext_benchmark |   1050p.csv: 10000 rows, cols=['SMILES', 'ACTIVITY']
2026-04-16 17:40:46 | INFO  | phase_ext_benchmark |   839p.csv: 10000 rows, cols=['SMILES', 'ACTIVITY']
2026-04-16 17:40:46 | INFO  | phase_ext_benchmark |   94p.csv: 10000 rows, cols=['SMILES', 'ACTIVITY']
2026-04-16 17:40:46 | INFO  | phase_ext_benchmark |   565p.csv: 10000 rows, cols=['SMILES', 'ACTIVITY']
2026-04-16 17:40:46 | INFO  | phase_ext_benchmark |   8p.csv: 10000 rows, cols=['SMILES', 'ACTIVITY']
2026-04-16 17:40:46 | INFO  | phase_ext_benchmark |   218p.csv: 10000 rows, cols=['SMILES', 'ACTIVITY']
2026-04-16 17:40:46 | INFO  | phase_ext_benchmark |   908p.csv: 10000 rows, cols=['SMILES', 'ACTIVITY']
2026-04-16 17:40:46 | INFO  | phase_ext_benchmark |   389p.csv: 10000 rows, cols=['SMILES', 'ACTIVITY']
2026-04-16 17:40:46 | INFO  | phase_ext_benchmark |   575p.csv: 10000 rows, cols=['SMILES', 'ACTIVITY']
2026-04-16 17:40:46 | INFO  | phase_ext_benchmark |   341p.csv: 10000 rows, cols=['SMILES', 'ACTIVITY']
2026-04-16 17:40:46 | INFO  | phase_ext_benchmark |   1066p.csv: 10000 rows, cols=['SMILES', 'ACTIVITY']
2026-04-16 17:40:47 | INFO  | phase_ext_benchmark |   806p.csv: 10000 rows, cols=['SMILES', 'ACTIVITY']
2026-04-16 17:40:47 | INFO  | phase_ext_benchmark |   943p.csv: 10000 rows, cols=['SMILES', 'ACTIVITY']
2026-04-16 17:40:47 | INFO  | phase_ext_benchmark |   940p.csv: 10000 rows, cols=['SMILES', 'ACTIVITY']
2026-04-16 17:40:47 | INFO  | phase_ext_benchmark |   1020p.csv: 10000 rows, cols=['SMILES', 'ACTIVITY']
2026-04-16 17:40:47 | INFO  | phase_ext_benchmark |   720p.csv: 10000 rows, cols=['SMILES', 'ACTIVITY']
2026-04-16 17:40:47 | INFO  | phase_ext_benchmark |   464p.csv: 10000 rows, cols=['SMILES', 'ACTIVITY']
2026-04-16 17:40:47 | INFO  | phase_ext_benchmark |   736p.csv: 10000 rows, cols=['SMILES', 'ACTIVITY']
2026-04-16 17:40:47 | INFO  | phase_ext_benchmark |   420p.csv: 10000 rows, cols=['SMILES', 'ACTIVITY']
2026-04-16 17:40:47 | INFO  | phase_ext_benchmark |   364p.csv: 10000 rows, cols=['SMILES', 'ACTIVITY']
2026-04-16 17:40:47 | INFO  | phase_ext_benchmark |   180p.csv: 10000 rows, cols=['SMILES', 'ACTIVITY']
2026-04-16 17:40:47 | INFO  | phase_ext_benchmark |   968p.csv: 10000 rows, cols=['SMILES', 'ACTIVITY']
2026-04-16 17:40:47 | INFO  | phase_ext_benchmark |   316p.csv: 10000 rows, cols=['SMILES', 'ACTIVITY']
2026-04-16 17:40:47 | INFO  | phase_ext_benchmark |   1084p.csv: 10000 rows, cols=['SMILES', 'ACTIVITY']
2026-04-16 17:40:47 | INFO  | phase_ext_benchmark |   31p.csv: 10000 rows, cols=['SMILES', 'ACTIVITY']
2026-04-16 17:40:47 | INFO  | phase_ext_benchmark |   346p.csv: 10000 rows, cols=['SMILES', 'ACTIVITY']
2026-04-16 17:40:47 | INFO  | phase_ext_benchmark |   187p.csv: 10000 rows, cols=['SMILES', 'ACTIVITY']
2026-04-16 17:40:47 | INFO  | phase_ext_benchmark |   181p.csv: 10000 rows, cols=['SMILES', 'ACTIVITY']
2026-04-16 17:40:47 | INFO  | phase_ext_benchmark |   540p.csv: 10000 rows, cols=['SMILES', 'ACTIVITY']
2026-04-16 17:40:47 | INFO  | phase_ext_benchmark |   836p.csv: 10000 rows, cols=['SMILES', 'ACTIVITY']
2026-04-16 17:40:47 | INFO  | phase_ext_benchmark |   96p.csv: 10000 rows, cols=['SMILES', 'ACTIVITY']
2026-04-16 17:40:47 | INFO  | phase_ext_benchmark |   337p.csv: 10000 rows, cols=['SMILES', 'ACTIVITY']
2026-04-16 17:40:47 | INFO  | phase_ext_benchmark |   761p.csv: 10000 rows, cols=['SMILES', 'ACTIVITY']
2026-04-16 17:40:47 | INFO  | phase_ext_benchmark |   749p.csv: 10000 rows, cols=['SMILES', 'ACTIVITY']
2026-04-16 17:40:47 | INFO  | phase_ext_benchmark |   798p.csv: 10000 rows, cols=['SMILES', 'ACTIVITY']
2026-04-16 17:40:47 | INFO  | phase_ext_benchmark |   64p.csv: 10000 rows, cols=['SMILES', 'ACTIVITY']
2026-04-16 17:40:47 | INFO  | phase_ext_benchmark |   424p.csv: 10000 rows, cols=['SMILES', 'ACTIVITY']
2026-04-16 17:40:47 | INFO  | phase_ext_benchmark |   998p.csv: 10000 rows, cols=['SMILES', 'ACTIVITY']
2026-04-16 17:40:47 | INFO  | phase_ext_benchmark |   330p.csv: 10000 rows, cols=['SMILES', 'ACTIVITY']
2026-04-16 17:40:47 | INFO  | phase_ext_benchmark |   541p.csv: 10000 rows, cols=['SMILES', 'ACTIVITY']
2026-04-16 17:40:47 | INFO  | phase_ext_benchmark |   303p.csv: 10000 rows, cols=['SMILES', 'ACTIVITY']
2026-04-16 17:40:47 | INFO  | phase_ext_benchmark |   3p.csv: 10000 rows, cols=['SMILES', 'ACTIVITY']
2026-04-16 17:40:47 | INFO  | phase_ext_benchmark |   74p.csv: 10000 rows, cols=['SMILES', 'ACTIVITY']
2026-04-16 17:40:47 | INFO  | phase_ext_benchmark |   545p.csv: 10000 rows, cols=['SMILES', 'ACTIVITY']
2026-04-16 17:40:47 | INFO  | phase_ext_benchmark |   1026p.csv: 10000 rows, cols=['SMILES', 'ACTIVITY']
2026-04-16 17:40:47 | INFO  | phase_ext_benchmark |   680p.csv: 10000 rows, cols=['SMILES', 'ACTIVITY']
2026-04-16 17:40:47 | INFO  | phase_ext_benchmark |   1018p.csv: 10000 rows, cols=['SMILES', 'ACTIVITY']
2026-04-16 17:40:48 | INFO  | phase_ext_benchmark |   166p.csv: 10000 rows, cols=['SMILES', 'ACTIVITY']
2026-04-16 17:40:48 | INFO  | phase_ext_benchmark |   1028p.csv: 10000 rows, cols=['SMILES', 'ACTIVITY']
2026-04-16 17:40:48 | INFO  | phase_ext_benchmark |   1051p.csv: 10000 rows, cols=['SMILES', 'ACTIVITY']
2026-04-16 17:40:48 | INFO  | phase_ext_benchmark |   786p.csv: 10000 rows, cols=['SMILES', 'ACTIVITY']
2026-04-16 17:40:48 | INFO  | phase_ext_benchmark |   909p.csv: 10000 rows, cols=['SMILES', 'ACTIVITY']
2026-04-16 17:40:48 | INFO  | phase_ext_benchmark |   229p.csv: 10000 rows, cols=['SMILES', 'ACTIVITY']
2026-04-16 17:40:48 | INFO  | phase_ext_benchmark |   419p.csv: 10000 rows, cols=['SMILES', 'ACTIVITY']
2026-04-16 17:40:48 | INFO  | phase_ext_benchmark |   37p.csv: 10000 rows, cols=['SMILES', 'ACTIVITY']
2026-04-16 17:40:48 | INFO  | phase_ext_benchmark |   1061p.csv: 10000 rows, cols=['SMILES', 'ACTIVITY']
2026-04-16 17:40:48 | INFO  | phase_ext_benchmark |   49p.csv: 10000 rows, cols=['SMILES', 'ACTIVITY']
2026-04-16 17:40:48 | INFO  | phase_ext_benchmark |   585p.csv: 10000 rows, cols=['SMILES', 'ACTIVITY']
2026-04-16 17:40:48 | INFO  | phase_ext_benchmark |   101p.csv: 10000 rows, cols=['SMILES', 'ACTIVITY']
2026-04-16 17:40:48 | INFO  | phase_ext_benchmark |   519p.csv: 10000 rows, cols=['SMILES', 'ACTIVITY']
2026-04-16 17:40:48 | INFO  | phase_ext_benchmark |   210p.csv: 10000 rows, cols=['SMILES', 'ACTIVITY']
2026-04-16 17:40:48 | INFO  | phase_ext_benchmark |   609p.csv: 10000 rows, cols=['SMILES', 'ACTIVITY']
2026-04-16 17:40:48 | INFO  | phase_ext_benchmark |   383p.csv: 10000 rows, cols=['SMILES', 'ACTIVITY']
2026-04-16 17:40:48 | INFO  | phase_ext_benchmark |   895p.csv: 10000 rows, cols=['SMILES', 'ACTIVITY']
2026-04-16 17:40:48 | INFO  | phase_ext_benchmark |   456p.csv: 10000 rows, cols=['SMILES', 'ACTIVITY']
2026-04-16 17:40:48 | INFO  | phase_ext_benchmark |   810p.csv: 10000 rows, cols=['SMILES', 'ACTIVITY']
2026-04-16 17:40:48 | INFO  | phase_ext_benchmark |   429p.csv: 10000 rows, cols=['SMILES', 'ACTIVITY']
2026-04-16 17:40:48 | INFO  | phase_ext_benchmark |   703p.csv: 10000 rows, cols=['SMILES', 'ACTIVITY']
2026-04-16 17:40:48 | INFO  | phase_ext_benchmark |   58p.csv: 10000 rows, cols=['SMILES', 'ACTIVITY']
2026-04-16 17:40:48 | INFO  | phase_ext_benchmark |   352p.csv: 10000 rows, cols=['SMILES', 'ACTIVITY']
2026-04-16 17:40:48 | INFO  | phase_ext_benchmark |   344p.csv: 10000 rows, cols=['SMILES', 'ACTIVITY']
2026-04-16 17:40:48 | INFO  | phase_ext_benchmark |   66p.csv: 10000 rows, cols=['SMILES', 'ACTIVITY']
2026-04-16 17:40:48 | INFO  | phase_ext_benchmark |   29p.csv: 10000 rows, cols=['SMILES', 'ACTIVITY']
2026-04-16 17:40:48 | INFO  | phase_ext_benchmark |   821p.csv: 10000 rows, cols=['SMILES', 'ACTIVITY']
2026-04-16 17:40:48 | INFO  | phase_ext_benchmark |   955p.csv: 10000 rows, cols=['SMILES', 'ACTIVITY']
2026-04-16 17:40:48 | INFO  | phase_ext_benchmark |   209p.csv: 10000 rows, cols=['SMILES', 'ACTIVITY']
2026-04-16 17:40:48 | INFO  | phase_ext_benchmark |   791p.csv: 10000 rows, cols=['SMILES', 'ACTIVITY']
2026-04-16 17:40:48 | INFO  | phase_ext_benchmark |   1098p.csv: 10000 rows, cols=['SMILES', 'ACTIVITY']
2026-04-16 17:40:48 | INFO  | phase_ext_benchmark |   782p.csv: 10000 rows, cols=['SMILES', 'ACTIVITY']
2026-04-16 17:40:48 | INFO  | phase_ext_benchmark |   561p.csv: 10000 rows, cols=['SMILES', 'ACTIVITY']
2026-04-16 17:40:48 | INFO  | phase_ext_benchmark |   956p.csv: 10000 rows, cols=['SMILES', 'ACTIVITY']
2026-04-16 17:40:48 | INFO  | phase_ext_benchmark |   217p.csv: 10000 rows, cols=['SMILES', 'ACTIVITY']
2026-04-16 17:40:48 | INFO  | phase_ext_benchmark |   576p.csv: 10000 rows, cols=['SMILES', 'ACTIVITY']
2026-04-16 17:40:48 | INFO  | phase_ext_benchmark |   917p.csv: 10000 rows, cols=['SMILES', 'ACTIVITY']
2026-04-16 17:40:49 | INFO  | phase_ext_benchmark |   881p.csv: 10000 rows, cols=['SMILES', 'ACTIVITY']
2026-04-16 17:40:49 | INFO  | phase_ext_benchmark |   551p.csv: 10000 rows, cols=['SMILES', 'ACTIVITY']
2026-04-16 17:40:49 | INFO  | phase_ext_benchmark |   654p.csv: 10000 rows, cols=['SMILES', 'ACTIVITY']
2026-04-16 17:40:49 | INFO  | phase_ext_benchmark |   360p.csv: 10000 rows, cols=['SMILES', 'ACTIVITY']
2026-04-16 17:40:49 | INFO  | phase_ext_benchmark |   667p.csv: 10000 rows, cols=['SMILES', 'ACTIVITY']
2026-04-16 17:40:49 | INFO  | phase_ext_benchmark |   221p.csv: 10000 rows, cols=['SMILES', 'ACTIVITY']
2026-04-16 17:40:49 | INFO  | phase_ext_benchmark |   208p.csv: 10000 rows, cols=['SMILES', 'ACTIVITY']
2026-04-16 17:40:49 | INFO  | phase_ext_benchmark |   691p.csv: 10000 rows, cols=['SMILES', 'ACTIVITY']
2026-04-16 17:40:49 | INFO  | phase_ext_benchmark |   602p.csv: 10000 rows, cols=['SMILES', 'ACTIVITY']
2026-04-16 17:40:49 | INFO  | phase_ext_benchmark |   834p.csv: 10000 rows, cols=['SMILES', 'ACTIVITY']
2026-04-16 17:40:49 | INFO  | phase_ext_benchmark |   723p.csv: 10000 rows, cols=['SMILES', 'ACTIVITY']
2026-04-16 17:40:49 | INFO  | phase_ext_benchmark |   78p.csv: 10000 rows, cols=['SMILES', 'ACTIVITY']
2026-04-16 17:40:49 | INFO  | phase_ext_benchmark |   191p.csv: 10000 rows, cols=['SMILES', 'ACTIVITY']
2026-04-16 17:40:49 | INFO  | phase_ext_benchmark |   1081p.csv: 10000 rows, cols=['SMILES', 'ACTIVITY']
2026-04-16 17:40:49 | INFO  | phase_ext_benchmark |   754p.csv: 10000 rows, cols=['SMILES', 'ACTIVITY']
2026-04-16 17:40:49 | INFO  | phase_ext_benchmark |   652p.csv: 10000 rows, cols=['SMILES', 'ACTIVITY']
2026-04-16 17:40:49 | INFO  | phase_ext_benchmark |   712p.csv: 10000 rows, cols=['SMILES', 'ACTIVITY']
2026-04-16 17:40:49 | INFO  | phase_ext_benchmark |   549p.csv: 10000 rows, cols=['SMILES', 'ACTIVITY']
2026-04-16 17:40:49 | INFO  | phase_ext_benchmark |   597p.csv: 10000 rows, cols=['SMILES', 'ACTIVITY']
2026-04-16 17:40:49 | INFO  | phase_ext_benchmark |   867p.csv: 10000 rows, cols=['SMILES', 'ACTIVITY']
2026-04-16 17:40:49 | INFO  | phase_ext_benchmark |   143p.csv: 10000 rows, cols=['SMILES', 'ACTIVITY']
2026-04-16 17:40:49 | INFO  | phase_ext_benchmark |   719p.csv: 10000 rows, cols=['SMILES', 'ACTIVITY']
2026-04-16 17:40:49 | INFO  | phase_ext_benchmark |   653p.csv: 10000 rows, cols=['SMILES', 'ACTIVITY']
2026-04-16 17:40:49 | INFO  | phase_ext_benchmark |   392p.csv: 10000 rows, cols=['SMILES', 'ACTIVITY']
2026-04-16 17:40:49 | INFO  | phase_ext_benchmark |   426p.csv: 10000 rows, cols=['SMILES', 'ACTIVITY']
2026-04-16 17:40:49 | INFO  | phase_ext_benchmark |   767p.csv: 10000 rows, cols=['SMILES', 'ACTIVITY']
2026-04-16 17:40:49 | INFO  | phase_ext_benchmark |   732p.csv: 10000 rows, cols=['SMILES', 'ACTIVITY']
2026-04-16 17:40:49 | INFO  | phase_ext_benchmark |   643p.csv: 10000 rows, cols=['SMILES', 'ACTIVITY']
2026-04-16 17:40:49 | INFO  | phase_ext_benchmark |   175p.csv: 10000 rows, cols=['SMILES', 'ACTIVITY']
2026-04-16 17:40:49 | INFO  | phase_ext_benchmark |   919p.csv: 10000 rows, cols=['SMILES', 'ACTIVITY']
2026-04-16 17:40:49 | INFO  | phase_ext_benchmark |   331p.csv: 10000 rows, cols=['SMILES', 'ACTIVITY']
2026-04-16 17:40:49 | INFO  | phase_ext_benchmark |   911p.csv: 10000 rows, cols=['SMILES', 'ACTIVITY']
2026-04-16 17:40:49 | INFO  | phase_ext_benchmark |   418p.csv: 10000 rows, cols=['SMILES', 'ACTIVITY']
2026-04-16 17:40:49 | INFO  | phase_ext_benchmark |   833p.csv: 10000 rows, cols=['SMILES', 'ACTIVITY']
2026-04-16 17:40:50 | INFO  | phase_ext_benchmark |   1093p.csv: 10000 rows, cols=['SMILES', 'ACTIVITY']
2026-04-16 17:40:50 | INFO  | phase_ext_benchmark |   966p.csv: 10000 rows, cols=['SMILES', 'ACTIVITY']
2026-04-16 17:40:50 | INFO  | phase_ext_benchmark |   247p.csv: 10000 rows, cols=['SMILES', 'ACTIVITY']
2026-04-16 17:40:50 | INFO  | phase_ext_benchmark |   1112p.csv: 10000 rows, cols=['SMILES', 'ACTIVITY']
2026-04-16 17:40:50 | INFO  | phase_ext_benchmark |   976p.csv: 10000 rows, cols=['SMILES', 'ACTIVITY']
2026-04-16 17:40:50 | INFO  | phase_ext_benchmark |   459p.csv: 10000 rows, cols=['SMILES', 'ACTIVITY']
2026-04-16 17:40:50 | INFO  | phase_ext_benchmark |   1115p.csv: 10000 rows, cols=['SMILES', 'ACTIVITY']
2026-04-16 17:40:50 | INFO  | phase_ext_benchmark |   973p.csv: 10000 rows, cols=['SMILES', 'ACTIVITY']
2026-04-16 17:40:50 | INFO  | phase_ext_benchmark |   458p.csv: 10000 rows, cols=['SMILES', 'ACTIVITY']
2026-04-16 17:40:50 | INFO  | phase_ext_benchmark |   200p.csv: 10000 rows, cols=['SMILES', 'ACTIVITY']
2026-04-16 17:40:50 | INFO  | phase_ext_benchmark |   840p.csv: 10000 rows, cols=['SMILES', 'ACTIVITY']
2026-04-16 17:40:50 | INFO  | phase_ext_benchmark |   1097p.csv: 10000 rows, cols=['SMILES', 'ACTIVITY']
2026-04-16 17:40:50 | INFO  | phase_ext_benchmark |   661p.csv: 10000 rows, cols=['SMILES', 'ACTIVITY']
2026-04-16 17:40:50 | INFO  | phase_ext_benchmark |   126p.csv: 10000 rows, cols=['SMILES', 'ACTIVITY']
2026-04-16 17:40:50 | INFO  | phase_ext_benchmark |   645p.csv: 10000 rows, cols=['SMILES', 'ACTIVITY']
2026-04-16 17:40:50 | INFO  | phase_ext_benchmark |   517p.csv: 10000 rows, cols=['SMILES', 'ACTIVITY']
2026-04-16 17:40:50 | INFO  | phase_ext_benchmark |   159p.csv: 10000 rows, cols=['SMILES', 'ACTIVITY']
2026-04-16 17:40:50 | INFO  | phase_ext_benchmark |   567p.csv: 10000 rows, cols=['SMILES', 'ACTIVITY']
2026-04-16 17:40:50 | INFO  | phase_ext_benchmark |   79p.csv: 10000 rows, cols=['SMILES', 'ACTIVITY']
2026-04-16 17:40:50 | INFO  | phase_ext_benchmark |   172p.csv: 10000 rows, cols=['SMILES', 'ACTIVITY']
2026-04-16 17:40:50 | INFO  | phase_ext_benchmark |   244p.csv: 10000 rows, cols=['SMILES', 'ACTIVITY']
2026-04-16 17:40:50 | INFO  | phase_ext_benchmark |   1000p.csv: 10000 rows, cols=['SMILES', 'ACTIVITY']
2026-04-16 17:40:50 | INFO  | phase_ext_benchmark |   450p.csv: 10000 rows, cols=['SMILES', 'ACTIVITY']
2026-04-16 17:40:50 | INFO  | phase_ext_benchmark |   666p.csv: 10000 rows, cols=['SMILES', 'ACTIVITY']
2026-04-16 17:40:50 | INFO  | phase_ext_benchmark |   544p.csv: 10000 rows, cols=['SMILES', 'ACTIVITY']
2026-04-16 17:40:50 | INFO  | phase_ext_benchmark |   35p.csv: 10000 rows, cols=['SMILES', 'ACTIVITY']
2026-04-16 17:40:50 | INFO  | phase_ext_benchmark |   32p.csv: 10000 rows, cols=['SMILES', 'ACTIVITY']
2026-04-16 17:40:50 | INFO  | phase_ext_benchmark |   53p.csv: 10000 rows, cols=['SMILES', 'ACTIVITY']
2026-04-16 17:40:50 | INFO  | phase_ext_benchmark |   638p.csv: 10000 rows, cols=['SMILES', 'ACTIVITY']
2026-04-16 17:40:50 | INFO  | phase_ext_benchmark |   491p.csv: 10000 rows, cols=['SMILES', 'ACTIVITY']
2026-04-16 17:40:50 | INFO  | phase_ext_benchmark |   990p.csv: 10000 rows, cols=['SMILES', 'ACTIVITY']
2026-04-16 17:40:50 | INFO  | phase_ext_benchmark |   1045p.csv: 10000 rows, cols=['SMILES', 'ACTIVITY']
2026-04-16 17:40:50 | INFO  | phase_ext_benchmark |   1101p.csv: 10000 rows, cols=['SMILES', 'ACTIVITY']
2026-04-16 17:40:50 | INFO  | phase_ext_benchmark |   509p.csv: 10000 rows, cols=['SMILES', 'ACTIVITY']
2026-04-16 17:40:50 | INFO  | phase_ext_benchmark |   681p.csv: 10000 rows, cols=['SMILES', 'ACTIVITY']
2026-04-16 17:40:50 | INFO  | phase_ext_benchmark |   381p.csv: 10000 rows, cols=['SMILES', 'ACTIVITY']
2026-04-16 17:40:50 | INFO  | phase_ext_benchmark |   119p.csv: 10000 rows, cols=['SMILES', 'ACTIVITY']
2026-04-16 17:40:51 | INFO  | phase_ext_benchmark |   1031p.csv: 10000 rows, cols=['SMILES', 'ACTIVITY']
2026-04-16 17:40:51 | INFO  | phase_ext_benchmark |   1111p.csv: 10000 rows, cols=['SMILES', 'ACTIVITY']
2026-04-16 17:40:51 | INFO  | phase_ext_benchmark |   854p.csv: 10000 rows, cols=['SMILES', 'ACTIVITY']
2026-04-16 17:40:51 | INFO  | phase_ext_benchmark |   301p.csv: 10000 rows, cols=['SMILES', 'ACTIVITY']
2026-04-16 17:40:51 | INFO  | phase_ext_benchmark |   802p.csv: 10000 rows, cols=['SMILES', 'ACTIVITY']
2026-04-16 17:40:51 | INFO  | phase_ext_benchmark |   504p.csv: 10000 rows, cols=['SMILES', 'ACTIVITY']
2026-04-16 17:40:51 | INFO  | phase_ext_benchmark |   436p.csv: 10000 rows, cols=['SMILES', 'ACTIVITY']
2026-04-16 17:40:51 | INFO  | phase_ext_benchmark |   942p.csv: 10000 rows, cols=['SMILES', 'ACTIVITY']
2026-04-16 17:40:51 | INFO  | phase_ext_benchmark |   24p.csv: 10000 rows, cols=['SMILES', 'ACTIVITY']
2026-04-16 17:40:51 | INFO  | phase_ext_benchmark |   989p.csv: 10000 rows, cols=['SMILES', 'ACTIVITY']
2026-04-16 17:40:51 | INFO  | phase_ext_benchmark |   264p.csv: 10000 rows, cols=['SMILES', 'ACTIVITY']
2026-04-16 17:40:51 | INFO  | phase_ext_benchmark |   650p.csv: 10000 rows, cols=['SMILES', 'ACTIVITY']
2026-04-16 17:40:51 | INFO  | phase_ext_benchmark |   152p.csv: 10000 rows, cols=['SMILES', 'ACTIVITY']
2026-04-16 17:40:51 | INFO  | phase_ext_benchmark |   14p.csv: 10000 rows, cols=['SMILES', 'ACTIVITY']
2026-04-16 17:40:51 | INFO  | phase_ext_benchmark |   246p.csv: 10000 rows, cols=['SMILES', 'ACTIVITY']
2026-04-16 17:40:51 | INFO  | phase_ext_benchmark |   5p.csv: 10000 rows, cols=['SMILES', 'ACTIVITY']
2026-04-16 17:40:51 | INFO  | phase_ext_benchmark |   683p.csv: 10000 rows, cols=['SMILES', 'ACTIVITY']
2026-04-16 17:40:51 | INFO  | phase_ext_benchmark |   207p.csv: 10000 rows, cols=['SMILES', 'ACTIVITY']
2026-04-16 17:40:51 | INFO  | phase_ext_benchmark |   220p.csv: 10000 rows, cols=['SMILES', 'ACTIVITY']
2026-04-16 17:40:51 | INFO  | phase_ext_benchmark |   162p.csv: 10000 rows, cols=['SMILES', 'ACTIVITY']
2026-04-16 17:40:51 | INFO  | phase_ext_benchmark |   579p.csv: 10000 rows, cols=['SMILES', 'ACTIVITY']
2026-04-16 17:40:51 | INFO  | phase_ext_benchmark |   747p.csv: 10000 rows, cols=['SMILES', 'ACTIVITY']
2026-04-16 17:40:51 | INFO  | phase_ext_benchmark |   408p.csv: 10000 rows, cols=['SMILES', 'ACTIVITY']
2026-04-16 17:40:51 | INFO  | phase_ext_benchmark |   522p.csv: 10000 rows, cols=['SMILES', 'ACTIVITY']
2026-04-16 17:40:51 | INFO  | phase_ext_benchmark |   248p.csv: 10000 rows, cols=['SMILES', 'ACTIVITY']
2026-04-16 17:40:51 | INFO  | phase_ext_benchmark |   90p.csv: 10000 rows, cols=['SMILES', 'ACTIVITY']
2026-04-16 17:40:51 | INFO  | phase_ext_benchmark |   558p.csv: 10000 rows, cols=['SMILES', 'ACTIVITY']
2026-04-16 17:40:51 | INFO  | phase_ext_benchmark |   108p.csv: 10000 rows, cols=['SMILES', 'ACTIVITY']
2026-04-16 17:40:51 | INFO  | phase_ext_benchmark |   295p.csv: 10000 rows, cols=['SMILES', 'ACTIVITY']
2026-04-16 17:40:51 | INFO  | phase_ext_benchmark |   183p.csv: 10000 rows, cols=['SMILES', 'ACTIVITY']
2026-04-16 17:40:51 | INFO  | phase_ext_benchmark |   116p.csv: 10000 rows, cols=['SMILES', 'ACTIVITY']
2026-04-16 17:40:51 | INFO  | phase_ext_benchmark |   28p.csv: 10000 rows, cols=['SMILES', 'ACTIVITY']
2026-04-16 17:40:51 | INFO  | phase_ext_benchmark |   913p.csv: 10000 rows, cols=['SMILES', 'ACTIVITY']
2026-04-16 17:40:52 | INFO  | phase_ext_benchmark |   239p.csv: 10000 rows, cols=['SMILES', 'ACTIVITY']
2026-04-16 17:40:52 | INFO  | phase_ext_benchmark |   753p.csv: 10000 rows, cols=['SMILES', 'ACTIVITY']
2026-04-16 17:40:52 | INFO  | phase_ext_benchmark |   818p.csv: 10000 rows, cols=['SMILES', 'ACTIVITY']
2026-04-16 17:40:52 | INFO  | phase_ext_benchmark |   413p.csv: 10000 rows, cols=['SMILES', 'ACTIVITY']
2026-04-16 17:40:52 | INFO  | phase_ext_benchmark |   530p.csv: 10000 rows, cols=['SMILES', 'ACTIVITY']
2026-04-16 17:40:52 | INFO  | phase_ext_benchmark |   555p.csv: 10000 rows, cols=['SMILES', 'ACTIVITY']
2026-04-16 17:40:52 | INFO  | phase_ext_benchmark |   768p.csv: 10000 rows, cols=['SMILES', 'ACTIVITY']
2026-04-16 17:40:52 | INFO  | phase_ext_benchmark |   992p.csv: 10000 rows, cols=['SMILES', 'ACTIVITY']
2026-04-16 17:40:52 | INFO  | phase_ext_benchmark |   120p.csv: 10000 rows, cols=['SMILES', 'ACTIVITY']
2026-04-16 17:40:52 | INFO  | phase_ext_benchmark |   367p.csv: 10000 rows, cols=['SMILES', 'ACTIVITY']
2026-04-16 17:40:52 | INFO  | phase_ext_benchmark |   139p.csv: 10000 rows, cols=['SMILES', 'ACTIVITY']
2026-04-16 17:40:52 | INFO  | phase_ext_benchmark |   61p.csv: 10000 rows, cols=['SMILES', 'ACTIVITY']
2026-04-16 17:40:52 | INFO  | phase_ext_benchmark |   104p.csv: 10000 rows, cols=['SMILES', 'ACTIVITY']
2026-04-16 17:40:52 | INFO  | phase_ext_benchmark |   298p.csv: 10000 rows, cols=['SMILES', 'ACTIVITY']
2026-04-16 17:40:52 | INFO  | phase_ext_benchmark |   251p.csv: 10000 rows, cols=['SMILES', 'ACTIVITY']
2026-04-16 17:40:52 | INFO  | phase_ext_benchmark |   526p.csv: 10000 rows, cols=['SMILES', 'ACTIVITY']
2026-04-16 17:40:52 | INFO  | phase_ext_benchmark |   537p.csv: 10000 rows, cols=['SMILES', 'ACTIVITY']
2026-04-16 17:40:52 | INFO  | phase_ext_benchmark |   499p.csv: 10000 rows, cols=['SMILES', 'ACTIVITY']
2026-04-16 17:40:52 | INFO  | phase_ext_benchmark |   598p.csv: 10000 rows, cols=['SMILES', 'ACTIVITY']
2026-04-16 17:40:52 | INFO  | phase_ext_benchmark |   918p.csv: 10000 rows, cols=['SMILES', 'ACTIVITY']
2026-04-16 17:40:52 | INFO  | phase_ext_benchmark |   498p.csv: 10000 rows, cols=['SMILES', 'ACTIVITY']
2026-04-16 17:40:52 | INFO  | phase_ext_benchmark |   779p.csv: 10000 rows, cols=['SMILES', 'ACTIVITY']
2026-04-16 17:40:52 | INFO  | phase_ext_benchmark |   290p.csv: 10000 rows, cols=['SMILES', 'ACTIVITY']
2026-04-16 17:40:52 | INFO  | phase_ext_benchmark |   954p.csv: 10000 rows, cols=['SMILES', 'ACTIVITY']
2026-04-16 17:40:52 | INFO  | phase_ext_benchmark |   56p.csv: 10000 rows, cols=['SMILES', 'ACTIVITY']
2026-04-16 17:40:52 | INFO  | phase_ext_benchmark |   506p.csv: 10000 rows, cols=['SMILES', 'ACTIVITY']
2026-04-16 17:40:52 | INFO  | phase_ext_benchmark |   112p.csv: 10000 rows, cols=['SMILES', 'ACTIVITY']
2026-04-16 17:40:52 | INFO  | phase_ext_benchmark |   106p.csv: 10000 rows, cols=['SMILES', 'ACTIVITY']
2026-04-16 17:40:52 | INFO  | phase_ext_benchmark |   192p.csv: 10000 rows, cols=['SMILES', 'ACTIVITY']
2026-04-16 17:40:52 | INFO  | phase_ext_benchmark |   114p.csv: 10000 rows, cols=['SMILES', 'ACTIVITY']
2026-04-16 17:40:52 | INFO  | phase_ext_benchmark |   542p.csv: 10000 rows, cols=['SMILES', 'ACTIVITY']
2026-04-16 17:40:52 | INFO  | phase_ext_benchmark |   1012p.csv: 10000 rows, cols=['SMILES', 'ACTIVITY']
2026-04-16 17:40:52 | INFO  | phase_ext_benchmark |   1079p.csv: 10000 rows, cols=['SMILES', 'ACTIVITY']
2026-04-16 17:40:52 | INFO  | phase_ext_benchmark |   590p.csv: 10000 rows, cols=['SMILES', 'ACTIVITY']
2026-04-16 17:40:52 | INFO  | phase_ext_benchmark |   354p.csv: 10000 rows, cols=['SMILES', 'ACTIVITY']
2026-04-16 17:40:52 | INFO  | phase_ext_benchmark |   468p.csv: 10000 rows, cols=['SMILES', 'ACTIVITY']
2026-04-16 17:40:52 | INFO  | phase_ext_benchmark |   309p.csv: 10000 rows, cols=['SMILES', 'ACTIVITY']
2026-04-16 17:40:52 | INFO  | phase_ext_benchmark |   343p.csv: 10000 rows, cols=['SMILES', 'ACTIVITY']
2026-04-16 17:40:52 | INFO  | phase_ext_benchmark |   982p.csv: 10000 rows, cols=['SMILES', 'ACTIVITY']
2026-04-16 17:40:53 | INFO  | phase_ext_benchmark |   775p.csv: 10000 rows, cols=['SMILES', 'ACTIVITY']
2026-04-16 17:40:53 | INFO  | phase_ext_benchmark |   920p.csv: 10000 rows, cols=['SMILES', 'ACTIVITY']
2026-04-16 17:40:53 | INFO  | phase_ext_benchmark |   18p.csv: 10000 rows, cols=['SMILES', 'ACTIVITY']
2026-04-16 17:40:53 | INFO  | phase_ext_benchmark |   167p.csv: 10000 rows, cols=['SMILES', 'ACTIVITY']
2026-04-16 17:40:53 | INFO  | phase_ext_benchmark |   617p.csv: 10000 rows, cols=['SMILES', 'ACTIVITY']
2026-04-16 17:40:53 | INFO  | phase_ext_benchmark |   1110p.csv: 10000 rows, cols=['SMILES', 'ACTIVITY']
2026-04-16 17:40:53 | INFO  | phase_ext_benchmark |   401p.csv: 10000 rows, cols=['SMILES', 'ACTIVITY']
2026-04-16 17:40:53 | INFO  | phase_ext_benchmark |   869p.csv: 10000 rows, cols=['SMILES', 'ACTIVITY']
2026-04-16 17:40:53 | INFO  | phase_ext_benchmark |   539p.csv: 10000 rows, cols=['SMILES', 'ACTIVITY']
2026-04-16 17:40:53 | INFO  | phase_ext_benchmark |   300p.csv: 10000 rows, cols=['SMILES', 'ACTIVITY']
2026-04-16 17:40:53 | INFO  | phase_ext_benchmark |   838p.csv: 10000 rows, cols=['SMILES', 'ACTIVITY']
2026-04-16 17:40:53 | INFO  | phase_ext_benchmark |   1017p.csv: 10000 rows, cols=['SMILES', 'ACTIVITY']
2026-04-16 17:40:53 | INFO  | phase_ext_benchmark |   7p.csv: 10000 rows, cols=['SMILES', 'ACTIVITY']
2026-04-16 17:40:53 | INFO  | phase_ext_benchmark |   657p.csv: 10000 rows, cols=['SMILES', 'ACTIVITY']
2026-04-16 17:40:53 | INFO  | phase_ext_benchmark |   936p.csv: 10000 rows, cols=['SMILES', 'ACTIVITY']
2026-04-16 17:40:53 | INFO  | phase_ext_benchmark |   490p.csv: 10000 rows, cols=['SMILES', 'ACTIVITY']
2026-04-16 17:40:53 | INFO  | phase_ext_benchmark |   875p.csv: 10000 rows, cols=['SMILES', 'ACTIVITY']
2026-04-16 17:40:53 | INFO  | phase_ext_benchmark |   372p.csv: 10000 rows, cols=['SMILES', 'ACTIVITY']
2026-04-16 17:40:53 | INFO  | phase_ext_benchmark |   39p.csv: 10000 rows, cols=['SMILES', 'ACTIVITY']
2026-04-16 17:40:53 | INFO  | phase_ext_benchmark |   302p.csv: 10000 rows, cols=['SMILES', 'ACTIVITY']
2026-04-16 17:40:53 | INFO  | phase_ext_benchmark |   1034p.csv: 10000 rows, cols=['SMILES', 'ACTIVITY']
2026-04-16 17:40:53 | INFO  | phase_ext_benchmark |   889p.csv: 10000 rows, cols=['SMILES', 'ACTIVITY']
2026-04-16 17:40:53 | INFO  | phase_ext_benchmark |   274p.csv: 10000 rows, cols=['SMILES', 'ACTIVITY']
2026-04-16 17:40:53 | INFO  | phase_ext_benchmark |   338p.csv: 10000 rows, cols=['SMILES', 'ACTIVITY']
2026-04-16 17:40:53 | INFO  | phase_ext_benchmark |   326p.csv: 10000 rows, cols=['SMILES', 'ACTIVITY']
2026-04-16 17:40:53 | INFO  | phase_ext_benchmark |   314p.csv: 10000 rows, cols=['SMILES', 'ACTIVITY']
2026-04-16 17:40:53 | INFO  | phase_ext_benchmark |   324p.csv: 10000 rows, cols=['SMILES', 'ACTIVITY']
2026-04-16 17:40:53 | INFO  | phase_ext_benchmark |   312p.csv: 10000 rows, cols=['SMILES', 'ACTIVITY']
2026-04-16 17:40:53 | INFO  | phase_ext_benchmark |   831p.csv: 10000 rows, cols=['SMILES', 'ACTIVITY']
2026-04-16 17:40:53 | INFO  | phase_ext_benchmark |   1042p.csv: 10000 rows, cols=['SMILES', 'ACTIVITY']
2026-04-16 17:40:53 | INFO  | phase_ext_benchmark |   1124p.csv: 10000 rows, cols=['SMILES', 'ACTIVITY']
2026-04-16 17:40:53 | INFO  | phase_ext_benchmark |   377p.csv: 10000 rows, cols=['SMILES', 'ACTIVITY']
2026-04-16 17:40:53 | INFO  | phase_ext_benchmark |   593p.csv: 10000 rows, cols=['SMILES', 'ACTIVITY']
2026-04-16 17:40:53 | INFO  | phase_ext_benchmark |   415p.csv: 10000 rows, cols=['SMILES', 'ACTIVITY']
2026-04-16 17:40:53 | INFO  | phase_ext_benchmark |   930p.csv: 10000 rows, cols=['SMILES', 'ACTIVITY']
2026-04-16 17:40:53 | INFO  | phase_ext_benchmark |   647p.csv: 10000 rows, cols=['SMILES', 'ACTIVITY']
2026-04-16 17:40:54 | INFO  | phase_ext_benchmark |   1105p.csv: 10000 rows, cols=['SMILES', 'ACTIVITY']
2026-04-16 17:40:54 | INFO  | phase_ext_benchmark |   483p.csv: 10000 rows, cols=['SMILES', 'ACTIVITY']
2026-04-16 17:40:54 | INFO  | phase_ext_benchmark |   664p.csv: 10000 rows, cols=['SMILES', 'ACTIVITY']
2026-04-16 17:40:54 | INFO  | phase_ext_benchmark |   971p.csv: 10000 rows, cols=['SMILES', 'ACTIVITY']
2026-04-16 17:40:54 | INFO  | phase_ext_benchmark |   799p.csv: 10000 rows, cols=['SMILES', 'ACTIVITY']
2026-04-16 17:40:54 | INFO  | phase_ext_benchmark |   57p.csv: 10000 rows, cols=['SMILES', 'ACTIVITY']
2026-04-16 17:40:54 | INFO  | phase_ext_benchmark |   497p.csv: 10000 rows, cols=['SMILES', 'ACTIVITY']
2026-04-16 17:40:54 | INFO  | phase_ext_benchmark |   952p.csv: 10000 rows, cols=['SMILES', 'ACTIVITY']
2026-04-16 17:40:54 | INFO  | phase_ext_benchmark |   154p.csv: 10000 rows, cols=['SMILES', 'ACTIVITY']
2026-04-16 17:40:54 | INFO  | phase_ext_benchmark |   665p.csv: 10000 rows, cols=['SMILES', 'ACTIVITY']
2026-04-16 17:40:54 | INFO  | phase_ext_benchmark |   651p.csv: 10000 rows, cols=['SMILES', 'ACTIVITY']
2026-04-16 17:40:54 | INFO  | phase_ext_benchmark |   694p.csv: 10000 rows, cols=['SMILES', 'ACTIVITY']
2026-04-16 17:40:54 | INFO  | phase_ext_benchmark |   795p.csv: 10000 rows, cols=['SMILES', 'ACTIVITY']
2026-04-16 17:40:54 | INFO  | phase_ext_benchmark |   400p.csv: 10000 rows, cols=['SMILES', 'ACTIVITY']
2026-04-16 17:40:54 | INFO  | phase_ext_benchmark |   514p.csv: 10000 rows, cols=['SMILES', 'ACTIVITY']
2026-04-16 17:40:54 | INFO  | phase_ext_benchmark |   726p.csv: 10000 rows, cols=['SMILES', 'ACTIVITY']
2026-04-16 17:40:54 | INFO  | phase_ext_benchmark |   25p.csv: 10000 rows, cols=['SMILES', 'ACTIVITY']
2026-04-16 17:40:54 | INFO  | phase_ext_benchmark |   921p.csv: 10000 rows, cols=['SMILES', 'ACTIVITY']
2026-04-16 17:40:54 | INFO  | phase_ext_benchmark |   63p.csv: 10000 rows, cols=['SMILES', 'ACTIVITY']
2026-04-16 17:40:54 | INFO  | phase_ext_benchmark |   332p.csv: 10000 rows, cols=['SMILES', 'ACTIVITY']
2026-04-16 17:40:54 | INFO  | phase_ext_benchmark |   975p.csv: 10000 rows, cols=['SMILES', 'ACTIVITY']
2026-04-16 17:40:54 | INFO  | phase_ext_benchmark |   146p.csv: 10000 rows, cols=['SMILES', 'ACTIVITY']
2026-04-16 17:40:54 | INFO  | phase_ext_benchmark |   466p.csv: 10000 rows, cols=['SMILES', 'ACTIVITY']
2026-04-16 17:40:54 | INFO  | phase_ext_benchmark |   623p.csv: 10000 rows, cols=['SMILES', 'ACTIVITY']
2026-04-16 17:40:54 | INFO  | phase_ext_benchmark |   1065p.csv: 10000 rows, cols=['SMILES', 'ACTIVITY']
2026-04-16 17:40:54 | INFO  | phase_ext_benchmark |   844p.csv: 10000 rows, cols=['SMILES', 'ACTIVITY']
2026-04-16 17:40:54 | INFO  | phase_ext_benchmark |   286p.csv: 10000 rows, cols=['SMILES', 'ACTIVITY']
2026-04-16 17:40:54 | INFO  | phase_ext_benchmark |   122p.csv: 10000 rows, cols=['SMILES', 'ACTIVITY']
2026-04-16 17:40:54 | INFO  | phase_ext_benchmark |   699p.csv: 10000 rows, cols=['SMILES', 'ACTIVITY']
2026-04-16 17:40:54 | INFO  | phase_ext_benchmark |   1038p.csv: 10000 rows, cols=['SMILES', 'ACTIVITY']
2026-04-16 17:40:54 | INFO  | phase_ext_benchmark |   789p.csv: 10000 rows, cols=['SMILES', 'ACTIVITY']
2026-04-16 17:40:54 | INFO  | phase_ext_benchmark |   163p.csv: 10000 rows, cols=['SMILES', 'ACTIVITY']
2026-04-16 17:40:54 | INFO  | phase_ext_benchmark |   249p.csv: 10000 rows, cols=['SMILES', 'ACTIVITY']
2026-04-16 17:40:54 | INFO  | phase_ext_benchmark |   1046p.csv: 10000 rows, cols=['SMILES', 'ACTIVITY']
2026-04-16 17:40:54 | INFO  | phase_ext_benchmark |   1030p.csv: 10000 rows, cols=['SMILES', 'ACTIVITY']
2026-04-16 17:40:55 | INFO  | phase_ext_benchmark |   880p.csv: 10000 rows, cols=['SMILES', 'ACTIVITY']
2026-04-16 17:40:55 | INFO  | phase_ext_benchmark |   848p.csv: 10000 rows, cols=['SMILES', 'ACTIVITY']
2026-04-16 17:40:55 | INFO  | phase_ext_benchmark |   451p.csv: 10000 rows, cols=['SMILES', 'ACTIVITY']
2026-04-16 17:40:55 | INFO  | phase_ext_benchmark |   635p.csv: 10000 rows, cols=['SMILES', 'ACTIVITY']
2026-04-16 17:40:55 | INFO  | phase_ext_benchmark |   1123p.csv: 10000 rows, cols=['SMILES', 'ACTIVITY']
2026-04-16 17:40:55 | INFO  | phase_ext_benchmark |   91p.csv: 10000 rows, cols=['SMILES', 'ACTIVITY']
2026-04-16 17:40:55 | INFO  | phase_ext_benchmark |   65p.csv: 10000 rows, cols=['SMILES', 'ACTIVITY']
2026-04-16 17:40:55 | INFO  | phase_ext_benchmark |   616p.csv: 10000 rows, cols=['SMILES', 'ACTIVITY']
2026-04-16 17:40:55 | INFO  | phase_ext_benchmark |   425p.csv: 10000 rows, cols=['SMILES', 'ACTIVITY']
2026-04-16 17:40:55 | INFO  | phase_ext_benchmark |   996p.csv: 10000 rows, cols=['SMILES', 'ACTIVITY']
2026-04-16 17:40:55 | INFO  | phase_ext_benchmark |   813p.csv: 10000 rows, cols=['SMILES', 'ACTIVITY']
2026-04-16 17:40:55 | INFO  | phase_ext_benchmark |   523p.csv: 10000 rows, cols=['SMILES', 'ACTIVITY']
2026-04-16 17:40:55 | INFO  | phase_ext_benchmark |   1127p.csv: 7249 rows, cols=['SMILES', 'ACTIVITY']
2026-04-16 17:40:55 | INFO  | phase_ext_benchmark |   155p.csv: 10000 rows, cols=['SMILES', 'ACTIVITY']
2026-04-16 17:40:55 | INFO  | phase_ext_benchmark |   596p.csv: 10000 rows, cols=['SMILES', 'ACTIVITY']
2026-04-16 17:40:55 | INFO  | phase_ext_benchmark |   763p.csv: 10000 rows, cols=['SMILES', 'ACTIVITY']
2026-04-16 17:40:55 | INFO  | phase_ext_benchmark |   553p.csv: 10000 rows, cols=['SMILES', 'ACTIVITY']
2026-04-16 17:40:55 | INFO  | phase_ext_benchmark |   750p.csv: 10000 rows, cols=['SMILES', 'ACTIVITY']
2026-04-16 17:40:55 | INFO  | phase_ext_benchmark |   350p.csv: 10000 rows, cols=['SMILES', 'ACTIVITY']
2026-04-16 17:40:55 | INFO  | phase_ext_benchmark |   997p.csv: 10000 rows, cols=['SMILES', 'ACTIVITY']
2026-04-16 17:40:55 | INFO  | phase_ext_benchmark |   1015p.csv: 10000 rows, cols=['SMILES', 'ACTIVITY']
2026-04-16 17:40:55 | INFO  | phase_ext_benchmark |   448p.csv: 10000 rows, cols=['SMILES', 'ACTIVITY']
2026-04-16 17:40:55 | INFO  | phase_ext_benchmark |   819p.csv: 10000 rows, cols=['SMILES', 'ACTIVITY']
2026-04-16 17:40:55 | INFO  | phase_ext_benchmark |   1055p.csv: 10000 rows, cols=['SMILES', 'ACTIVITY']
2026-04-16 17:40:55 | INFO  | phase_ext_benchmark |   118p.csv: 10000 rows, cols=['SMILES', 'ACTIVITY']
2026-04-16 17:40:55 | INFO  | phase_ext_benchmark |   861p.csv: 10000 rows, cols=['SMILES', 'ACTIVITY']
2026-04-16 17:40:55 | INFO  | phase_ext_benchmark |   240p.csv: 10000 rows, cols=['SMILES', 'ACTIVITY']
2026-04-16 17:40:55 | INFO  | phase_ext_benchmark |   54p.csv: 10000 rows, cols=['SMILES', 'ACTIVITY']
2026-04-16 17:40:55 | INFO  | phase_ext_benchmark |   242p.csv: 10000 rows, cols=['SMILES', 'ACTIVITY']
2026-04-16 17:40:55 | INFO  | phase_ext_benchmark |   741p.csv: 10000 rows, cols=['SMILES', 'ACTIVITY']
2026-04-16 17:40:55 | INFO  | phase_ext_benchmark |   842p.csv: 10000 rows, cols=['SMILES', 'ACTIVITY']
2026-04-16 17:40:55 | INFO  | phase_ext_benchmark |   868p.csv: 10000 rows, cols=['SMILES', 'ACTIVITY']
2026-04-16 17:40:55 | INFO  | phase_ext_benchmark |   359p.csv: 10000 rows, cols=['SMILES', 'ACTIVITY']
2026-04-16 17:40:55 | INFO  | phase_ext_benchmark |   534p.csv: 10000 rows, cols=['SMILES', 'ACTIVITY']
2026-04-16 17:40:55 | INFO  | phase_ext_benchmark |   679p.csv: 10000 rows, cols=['SMILES', 'ACTIVITY']
2026-04-16 17:40:55 | INFO  | phase_ext_benchmark |   434p.csv: 10000 rows, cols=['SMILES', 'ACTIVITY']
2026-04-16 17:40:56 | INFO  | phase_ext_benchmark |   495p.csv: 10000 rows, cols=['SMILES', 'ACTIVITY']
2026-04-16 17:40:56 | INFO  | phase_ext_benchmark |   30p.csv: 10000 rows, cols=['SMILES', 'ACTIVITY']
2026-04-16 17:40:56 | INFO  | phase_ext_benchmark |   923p.csv: 10000 rows, cols=['SMILES', 'ACTIVITY']
2026-04-16 17:40:56 | INFO  | phase_ext_benchmark |   928p.csv: 10000 rows, cols=['SMILES', 'ACTIVITY']
2026-04-16 17:40:56 | INFO  | phase_ext_benchmark |   198p.csv: 10000 rows, cols=['SMILES', 'ACTIVITY']
2026-04-16 17:40:56 | INFO  | phase_ext_benchmark |   370p.csv: 10000 rows, cols=['SMILES', 'ACTIVITY']
2026-04-16 17:40:56 | INFO  | phase_ext_benchmark |   641p.csv: 10000 rows, cols=['SMILES', 'ACTIVITY']
2026-04-16 17:40:56 | INFO  | phase_ext_benchmark |   849p.csv: 10000 rows, cols=['SMILES', 'ACTIVITY']
2026-04-16 17:40:56 | INFO  | phase_ext_benchmark |   716p.csv: 10000 rows, cols=['SMILES', 'ACTIVITY']
2026-04-16 17:40:56 | INFO  | phase_ext_benchmark |   801p.csv: 10000 rows, cols=['SMILES', 'ACTIVITY']
2026-04-16 17:40:56 | INFO  | phase_ext_benchmark |   387p.csv: 10000 rows, cols=['SMILES', 'ACTIVITY']
2026-04-16 17:40:56 | INFO  | phase_ext_benchmark |   1083p.csv: 10000 rows, cols=['SMILES', 'ACTIVITY']
2026-04-16 17:40:56 | INFO  | phase_ext_benchmark |   946p.csv: 10000 rows, cols=['SMILES', 'ACTIVITY']
2026-04-16 17:40:56 | INFO  | phase_ext_benchmark |   857p.csv: 10000 rows, cols=['SMILES', 'ACTIVITY']
2026-04-16 17:40:56 | INFO  | phase_ext_benchmark |   438p.csv: 10000 rows, cols=['SMILES', 'ACTIVITY']
2026-04-16 17:40:56 | INFO  | phase_ext_benchmark |   311p.csv: 10000 rows, cols=['SMILES', 'ACTIVITY']
2026-04-16 17:40:56 | INFO  | phase_ext_benchmark |   153p.csv: 10000 rows, cols=['SMILES', 'ACTIVITY']
2026-04-16 17:40:56 | INFO  | phase_ext_benchmark |   776p.csv: 10000 rows, cols=['SMILES', 'ACTIVITY']
2026-04-16 17:40:56 | INFO  | phase_ext_benchmark |   144p.csv: 10000 rows, cols=['SMILES', 'ACTIVITY']
2026-04-16 17:40:56 | INFO  | phase_ext_benchmark |   433p.csv: 10000 rows, cols=['SMILES', 'ACTIVITY']
2026-04-16 17:40:56 | INFO  | phase_ext_benchmark |   355p.csv: 10000 rows, cols=['SMILES', 'ACTIVITY']
2026-04-16 17:40:56 | INFO  | phase_ext_benchmark |   850p.csv: 10000 rows, cols=['SMILES', 'ACTIVITY']
2026-04-16 17:40:56 | INFO  | phase_ext_benchmark |   428p.csv: 10000 rows, cols=['SMILES', 'ACTIVITY']
2026-04-16 17:40:56 | INFO  | phase_ext_benchmark |   421p.csv: 10000 rows, cols=['SMILES', 'ACTIVITY']
2026-04-16 17:40:56 | INFO  | phase_ext_benchmark |   281p.csv: 10000 rows, cols=['SMILES', 'ACTIVITY']
2026-04-16 17:40:56 | INFO  | phase_ext_benchmark |   284p.csv: 10000 rows, cols=['SMILES', 'ACTIVITY']
2026-04-16 17:40:56 | INFO  | phase_ext_benchmark |   655p.csv: 10000 rows, cols=['SMILES', 'ACTIVITY']
2026-04-16 17:40:56 | INFO  | phase_ext_benchmark |   612p.csv: 10000 rows, cols=['SMILES', 'ACTIVITY']
2026-04-16 17:40:56 | INFO  | phase_ext_benchmark |   88p.csv: 10000 rows, cols=['SMILES', 'ACTIVITY']
2026-04-16 17:40:56 | INFO  | phase_ext_benchmark |   489p.csv: 10000 rows, cols=['SMILES', 'ACTIVITY']
2026-04-16 17:40:56 | INFO  | phase_ext_benchmark |   924p.csv: 10000 rows, cols=['SMILES', 'ACTIVITY']
2026-04-16 17:40:56 | INFO  | phase_ext_benchmark |   103p.csv: 10000 rows, cols=['SMILES', 'ACTIVITY']
2026-04-16 17:40:56 | INFO  | phase_ext_benchmark |   969p.csv: 10000 rows, cols=['SMILES', 'ACTIVITY']
2026-04-16 17:40:56 | INFO  | phase_ext_benchmark |   586p.csv: 10000 rows, cols=['SMILES', 'ACTIVITY']
2026-04-16 17:40:56 | INFO  | phase_ext_benchmark |   71p.csv: 10000 rows, cols=['SMILES', 'ACTIVITY']
2026-04-16 17:40:57 | INFO  | phase_ext_benchmark |   999p.csv: 10000 rows, cols=['SMILES', 'ACTIVITY']
2026-04-16 17:40:57 | INFO  | phase_ext_benchmark |   803p.csv: 10000 rows, cols=['SMILES', 'ACTIVITY']
2026-04-16 17:40:57 | INFO  | phase_ext_benchmark |   630p.csv: 10000 rows, cols=['SMILES', 'ACTIVITY']
2026-04-16 17:40:57 | INFO  | phase_ext_benchmark |   822p.csv: 10000 rows, cols=['SMILES', 'ACTIVITY']
2026-04-16 17:40:57 | INFO  | phase_ext_benchmark |   853p.csv: 10000 rows, cols=['SMILES', 'ACTIVITY']
2026-04-16 17:40:57 | INFO  | phase_ext_benchmark |   27p.csv: 10000 rows, cols=['SMILES', 'ACTIVITY']
2026-04-16 17:40:57 | INFO  | phase_ext_benchmark |   184p.csv: 10000 rows, cols=['SMILES', 'ACTIVITY']
2026-04-16 17:40:57 | INFO  | phase_ext_benchmark |   686p.csv: 10000 rows, cols=['SMILES', 'ACTIVITY']
2026-04-16 17:40:57 | INFO  | phase_ext_benchmark |   297p.csv: 10000 rows, cols=['SMILES', 'ACTIVITY']
2026-04-16 17:40:57 | INFO  | phase_ext_benchmark |   709p.csv: 10000 rows, cols=['SMILES', 'ACTIVITY']
2026-04-16 17:40:57 | INFO  | phase_ext_benchmark |   752p.csv: 10000 rows, cols=['SMILES', 'ACTIVITY']
2026-04-16 17:40:57 | INFO  | phase_ext_benchmark |   1075p.csv: 10000 rows, cols=['SMILES', 'ACTIVITY']
2026-04-16 17:40:57 | INFO  | phase_ext_benchmark |   414p.csv: 10000 rows, cols=['SMILES', 'ACTIVITY']
2026-04-16 17:40:57 | INFO  | phase_ext_benchmark |   644p.csv: 10000 rows, cols=['SMILES', 'ACTIVITY']
2026-04-16 17:40:57 | INFO  | phase_ext_benchmark |   970p.csv: 10000 rows, cols=['SMILES', 'ACTIVITY']
2026-04-16 17:40:57 | INFO  | phase_ext_benchmark |   1099p.csv: 10000 rows, cols=['SMILES', 'ACTIVITY']
2026-04-16 17:40:57 | INFO  | phase_ext_benchmark |   724p.csv: 10000 rows, cols=['SMILES', 'ACTIVITY']
2026-04-16 17:40:57 | INFO  | phase_ext_benchmark |   559p.csv: 10000 rows, cols=['SMILES', 'ACTIVITY']
2026-04-16 17:40:57 | INFO  | phase_ext_benchmark |   461p.csv: 10000 rows, cols=['SMILES', 'ACTIVITY']
2026-04-16 17:40:57 | INFO  | phase_ext_benchmark |   910p.csv: 10000 rows, cols=['SMILES', 'ACTIVITY']
2026-04-16 17:40:57 | INFO  | phase_ext_benchmark |   690p.csv: 10000 rows, cols=['SMILES', 'ACTIVITY']
2026-04-16 17:40:57 | INFO  | phase_ext_benchmark |   505p.csv: 10000 rows, cols=['SMILES', 'ACTIVITY']
2026-04-16 17:40:57 | INFO  | phase_ext_benchmark |   130p.csv: 10000 rows, cols=['SMILES', 'ACTIVITY']
2026-04-16 17:40:57 | INFO  | phase_ext_benchmark |   668p.csv: 10000 rows, cols=['SMILES', 'ACTIVITY']
2026-04-16 17:40:57 | INFO  | phase_ext_benchmark |   89p.csv: 10000 rows, cols=['SMILES', 'ACTIVITY']
2026-04-16 17:40:57 | INFO  | phase_ext_benchmark |   319p.csv: 10000 rows, cols=['SMILES', 'ACTIVITY']
2026-04-16 17:40:57 | INFO  | phase_ext_benchmark |   4p.csv: 99999 rows, cols=['CCNC(=O)Nc1ccc2c(c1)C(=O)N(C)[C@@H]1CC[C@H](CC(=O)N[C@@H](C)c3ccccc3)O[C@H]1CO2', 'ACTIVITY']
2026-04-16 17:40:58 | INFO  | phase_ext_benchmark |   0p.csv: 99999 rows, cols=['SMILES', 'ACTIVITY']
2026-04-16 17:40:58 | INFO  | phase_ext_benchmark |   1p.csv: 99999 rows, cols=['CC(=O)N1N=C(C[C@@H]1c1ccccc1[N+](=O)[O-])c1ccccc1', 'ACTIVITY']
2026-04-16 17:40:58 | INFO  | phase_ext_benchmark |   6p.csv: 99999 rows, cols=['CN1CCCN(CC1=O)C(=O)NCc1oc2ccc(cc2c1C)F', 'ACTIVITY']
2026-04-16 17:40:58 | INFO  | phase_ext_benchmark |   2p.csv: 99999 rows, cols=['[O-][N+](=O)c1cccc(c1)C(=N)NOC(=O)c1ccccc1Br', 'ACTIVITY']
2026-04-16 17:40:58 | INFO  | phase_ext_benchmark |   3p.csv: 99999 rows, cols=['Fc1ccc(cc1)C(=O)NNC(=O)c1cccs1', 'ACTIVITY']
2026-04-16 17:40:58 | INFO  | phase_ext_benchmark |   5p.csv: 99999 rows, cols=['COC(=O)c1sc(c(c1C)C(=O)OC)NC(=O)CSC1=Nc2ccccc2C(=O)N1c1ccccc1', 'ACTIVITY']
2026-04-16 17:40:58 | INFO  | phase_ext_benchmark |   7p.csv: 99149 rows, cols=['Cc1c(nnn1-c1ccccc1F)C(=O)Nc1ccccc1', 'ACTIVITY']
2026-04-16 17:40:58 | INFO  | phase_ext_benchmark |   train.csv: 39312 rows, cols=['SMILES', 'ACTIVITY']
2026-04-16 17:40:58 | INFO  | phase_ext_benchmark |   test.csv: 283 rows, cols=['SMILES']
2026-04-16 17:40:58 | INFO  | phase_ext_benchmark |   hit.csv: 1 rows, cols=['SMILES']
2026-04-16 17:40:58 | INFO  | phase_ext_benchmark |   hits.csv: 9 compounds overlap with our Hub
2026-04-16 17:40:58 | INFO  | phase_ext_benchmark |   746p.csv: 0 compounds overlap with our Hub
2026-04-16 17:40:58 | INFO  | phase_ext_benchmark |   70p.csv: 0 compounds overlap with our Hub
2026-04-16 17:40:58 | INFO  | phase_ext_benchmark |   404p.csv: 0 compounds overlap with our Hub
2026-04-16 17:40:58 | INFO  | phase_ext_benchmark |   1103p.csv: 0 compounds overlap with our Hub
2026-04-16 17:40:58 | INFO  | phase_ext_benchmark |   356p.csv: 0 compounds overlap with our Hub
2026-04-16 17:40:58 | INFO  | phase_ext_benchmark |   538p.csv: 0 compounds overlap with our Hub
2026-04-16 17:40:58 | INFO  | phase_ext_benchmark |   394p.csv: 0 compounds overlap with our Hub
2026-04-16 17:40:58 | INFO  | phase_ext_benchmark |   212p.csv: 0 compounds overlap with our Hub
2026-04-16 17:40:58 | INFO  | phase_ext_benchmark |   500p.csv: 0 compounds overlap with our Hub
2026-04-16 17:40:59 | INFO  | phase_ext_benchmark |   292p.csv: 0 compounds overlap with our Hub
2026-04-16 17:40:59 | INFO  | phase_ext_benchmark |   405p.csv: 0 compounds overlap with our Hub
2026-04-16 17:40:59 | INFO  | phase_ext_benchmark |   486p.csv: 0 compounds overlap with our Hub
2026-04-16 17:40:59 | INFO  | phase_ext_benchmark |   525p.csv: 0 compounds overlap with our Hub
2026-04-16 17:40:59 | INFO  | phase_ext_benchmark |   368p.csv: 0 compounds overlap with our Hub
2026-04-16 17:40:59 | INFO  | phase_ext_benchmark |   412p.csv: 0 compounds overlap with our Hub
2026-04-16 17:40:59 | INFO  | phase_ext_benchmark |   715p.csv: 0 compounds overlap with our Hub
2026-04-16 17:40:59 | INFO  | phase_ext_benchmark |   611p.csv: 0 compounds overlap with our Hub
2026-04-16 17:40:59 | INFO  | phase_ext_benchmark |   403p.csv: 0 compounds overlap with our Hub
2026-04-16 17:40:59 | INFO  | phase_ext_benchmark |   935p.csv: 0 compounds overlap with our Hub
2026-04-16 17:40:59 | INFO  | phase_ext_benchmark |   222p.csv: 0 compounds overlap with our Hub
2026-04-16 17:40:59 | INFO  | phase_ext_benchmark |   280p.csv: 0 compounds overlap with our Hub
2026-04-16 17:40:59 | INFO  | phase_ext_benchmark |   981p.csv: 0 compounds overlap with our Hub
2026-04-16 17:40:59 | INFO  | phase_ext_benchmark |   235p.csv: 0 compounds overlap with our Hub
2026-04-16 17:40:59 | INFO  | phase_ext_benchmark |   591p.csv: 0 compounds overlap with our Hub
2026-04-16 17:40:59 | INFO  | phase_ext_benchmark |   102p.csv: 0 compounds overlap with our Hub
2026-04-16 17:40:59 | INFO  | phase_ext_benchmark |   613p.csv: 0 compounds overlap with our Hub
2026-04-16 17:40:59 | INFO  | phase_ext_benchmark |   648p.csv: 0 compounds overlap with our Hub
2026-04-16 17:40:59 | INFO  | phase_ext_benchmark |   914p.csv: 0 compounds overlap with our Hub
2026-04-16 17:40:59 | INFO  | phase_ext_benchmark |   904p.csv: 0 compounds overlap with our Hub
2026-04-16 17:40:59 | INFO  | phase_ext_benchmark |   374p.csv: 0 compounds overlap with our Hub
2026-04-16 17:40:59 | INFO  | phase_ext_benchmark |   223p.csv: 0 compounds overlap with our Hub
2026-04-16 17:40:59 | INFO  | phase_ext_benchmark |   759p.csv: 0 compounds overlap with our Hub
2026-04-16 17:40:59 | INFO  | phase_ext_benchmark |   600p.csv: 0 compounds overlap with our Hub
2026-04-16 17:40:59 | INFO  | phase_ext_benchmark |   1091p.csv: 0 compounds overlap with our Hub
2026-04-16 17:40:59 | INFO  | phase_ext_benchmark |   173p.csv: 0 compounds overlap with our Hub
2026-04-16 17:40:59 | INFO  | phase_ext_benchmark |   796p.csv: 0 compounds overlap with our Hub
2026-04-16 17:40:59 | INFO  | phase_ext_benchmark |   898p.csv: 0 compounds overlap with our Hub
2026-04-16 17:40:59 | INFO  | phase_ext_benchmark |   812p.csv: 0 compounds overlap with our Hub
2026-04-16 17:40:59 | INFO  | phase_ext_benchmark |   388p.csv: 0 compounds overlap with our Hub
2026-04-16 17:40:59 | INFO  | phase_ext_benchmark |   790p.csv: 0 compounds overlap with our Hub
2026-04-16 17:40:59 | INFO  | phase_ext_benchmark |   371p.csv: 0 compounds overlap with our Hub
2026-04-16 17:40:59 | INFO  | phase_ext_benchmark |   951p.csv: 0 compounds overlap with our Hub
2026-04-16 17:40:59 | INFO  | phase_ext_benchmark |   1024p.csv: 0 compounds overlap with our Hub
2026-04-16 17:40:59 | INFO  | phase_ext_benchmark |   788p.csv: 0 compounds overlap with our Hub
2026-04-16 17:40:59 | INFO  | phase_ext_benchmark |   169p.csv: 0 compounds overlap with our Hub
2026-04-16 17:40:59 | INFO  | phase_ext_benchmark |   1011p.csv: 0 compounds overlap with our Hub
2026-04-16 17:40:59 | INFO  | phase_ext_benchmark |   23p.csv: 0 compounds overlap with our Hub
2026-04-16 17:40:59 | INFO  | phase_ext_benchmark |   744p.csv: 0 compounds overlap with our Hub
2026-04-16 17:40:59 | INFO  | phase_ext_benchmark |   1039p.csv: 0 compounds overlap with our Hub
2026-04-16 17:40:59 | INFO  | phase_ext_benchmark |   896p.csv: 0 compounds overlap with our Hub
2026-04-16 17:40:59 | INFO  | phase_ext_benchmark |   568p.csv: 0 compounds overlap with our Hub
2026-04-16 17:40:59 | INFO  | phase_ext_benchmark |   457p.csv: 0 compounds overlap with our Hub
2026-04-16 17:40:59 | INFO  | phase_ext_benchmark |   814p.csv: 0 compounds overlap with our Hub
2026-04-16 17:40:59 | INFO  | phase_ext_benchmark |   548p.csv: 0 compounds overlap with our Hub
2026-04-16 17:40:59 | INFO  | phase_ext_benchmark |   141p.csv: 0 compounds overlap with our Hub
2026-04-16 17:40:59 | INFO  | phase_ext_benchmark |   254p.csv: 0 compounds overlap with our Hub
2026-04-16 17:40:59 | INFO  | phase_ext_benchmark |   903p.csv: 0 compounds overlap with our Hub
2026-04-16 17:40:59 | INFO  | phase_ext_benchmark |   430p.csv: 0 compounds overlap with our Hub
2026-04-16 17:40:59 | INFO  | phase_ext_benchmark |   823p.csv: 0 compounds overlap with our Hub
2026-04-16 17:40:59 | INFO  | phase_ext_benchmark |   536p.csv: 0 compounds overlap with our Hub
2026-04-16 17:40:59 | INFO  | phase_ext_benchmark |   1052p.csv: 0 compounds overlap with our Hub
2026-04-16 17:40:59 | INFO  | phase_ext_benchmark |   582p.csv: 0 compounds overlap with our Hub
2026-04-16 17:40:59 | INFO  | phase_ext_benchmark |   564p.csv: 0 compounds overlap with our Hub
2026-04-16 17:40:59 | INFO  | phase_ext_benchmark |   925p.csv: 0 compounds overlap with our Hub
2026-04-16 17:40:59 | INFO  | phase_ext_benchmark |   927p.csv: 0 compounds overlap with our Hub
2026-04-16 17:40:59 | INFO  | phase_ext_benchmark |   633p.csv: 0 compounds overlap with our Hub
2026-04-16 17:40:59 | INFO  | phase_ext_benchmark |   816p.csv: 0 compounds overlap with our Hub
2026-04-16 17:40:59 | INFO  | phase_ext_benchmark |   672p.csv: 0 compounds overlap with our Hub
2026-04-16 17:40:59 | INFO  | phase_ext_benchmark |   826p.csv: 0 compounds overlap with our Hub
2026-04-16 17:40:59 | INFO  | phase_ext_benchmark |   960p.csv: 0 compounds overlap with our Hub
2026-04-16 17:40:59 | INFO  | phase_ext_benchmark |   580p.csv: 0 compounds overlap with our Hub
2026-04-16 17:40:59 | INFO  | phase_ext_benchmark |   492p.csv: 0 compounds overlap with our Hub
2026-04-16 17:40:59 | INFO  | phase_ext_benchmark |   121p.csv: 0 compounds overlap with our Hub
2026-04-16 17:40:59 | INFO  | phase_ext_benchmark |   765p.csv: 0 compounds overlap with our Hub
2026-04-16 17:40:59 | INFO  | phase_ext_benchmark |   1060p.csv: 0 compounds overlap with our Hub
2026-04-16 17:40:59 | INFO  | phase_ext_benchmark |   730p.csv: 0 compounds overlap with our Hub
2026-04-16 17:40:59 | INFO  | phase_ext_benchmark |   1048p.csv: 0 compounds overlap with our Hub
2026-04-16 17:40:59 | INFO  | phase_ext_benchmark |   528p.csv: 0 compounds overlap with our Hub
2026-04-16 17:40:59 | INFO  | phase_ext_benchmark |   1109p.csv: 0 compounds overlap with our Hub
2026-04-16 17:40:59 | INFO  | phase_ext_benchmark |   238p.csv: 0 compounds overlap with our Hub
2026-04-16 17:40:59 | INFO  | phase_ext_benchmark |   874p.csv: 0 compounds overlap with our Hub
2026-04-16 17:40:59 | INFO  | phase_ext_benchmark |   737p.csv: 0 compounds overlap with our Hub
2026-04-16 17:40:59 | INFO  | phase_ext_benchmark |   47p.csv: 0 compounds overlap with our Hub
2026-04-16 17:40:59 | INFO  | phase_ext_benchmark |   474p.csv: 0 compounds overlap with our Hub
2026-04-16 17:40:59 | INFO  | phase_ext_benchmark |   432p.csv: 0 compounds overlap with our Hub
2026-04-16 17:40:59 | INFO  | phase_ext_benchmark |   306p.csv: 0 compounds overlap with our Hub
2026-04-16 17:40:59 | INFO  | phase_ext_benchmark |   628p.csv: 0 compounds overlap with our Hub
2026-04-16 17:40:59 | INFO  | phase_ext_benchmark |   214p.csv: 0 compounds overlap with our Hub
2026-04-16 17:40:59 | INFO  | phase_ext_benchmark |   1086p.csv: 0 compounds overlap with our Hub
2026-04-16 17:40:59 | INFO  | phase_ext_benchmark |   986p.csv: 0 compounds overlap with our Hub
2026-04-16 17:40:59 | INFO  | phase_ext_benchmark |   864p.csv: 0 compounds overlap with our Hub
2026-04-16 17:40:59 | INFO  | phase_ext_benchmark |   677p.csv: 0 compounds overlap with our Hub
2026-04-16 17:40:59 | INFO  | phase_ext_benchmark |   547p.csv: 0 compounds overlap with our Hub
2026-04-16 17:40:59 | INFO  | phase_ext_benchmark |   1064p.csv: 0 compounds overlap with our Hub
2026-04-16 17:40:59 | INFO  | phase_ext_benchmark |   700p.csv: 0 compounds overlap with our Hub
2026-04-16 17:40:59 | INFO  | phase_ext_benchmark |   193p.csv: 0 compounds overlap with our Hub
2026-04-16 17:40:59 | INFO  | phase_ext_benchmark |   265p.csv: 0 compounds overlap with our Hub
2026-04-16 17:40:59 | INFO  | phase_ext_benchmark |   697p.csv: 0 compounds overlap with our Hub
2026-04-16 17:40:59 | INFO  | phase_ext_benchmark |   766p.csv: 1 compounds overlap with our Hub
2026-04-16 17:40:59 | INFO  | phase_ext_benchmark |   877p.csv: 0 compounds overlap with our Hub
2026-04-16 17:40:59 | INFO  | phase_ext_benchmark |   117p.csv: 0 compounds overlap with our Hub
2026-04-16 17:40:59 | INFO  | phase_ext_benchmark |   871p.csv: 0 compounds overlap with our Hub
2026-04-16 17:40:59 | INFO  | phase_ext_benchmark |   1089p.csv: 0 compounds overlap with our Hub
2026-04-16 17:40:59 | INFO  | phase_ext_benchmark |   912p.csv: 0 compounds overlap with our Hub
2026-04-16 17:40:59 | INFO  | phase_ext_benchmark |   124p.csv: 0 compounds overlap with our Hub
2026-04-16 17:40:59 | INFO  | phase_ext_benchmark |   245p.csv: 0 compounds overlap with our Hub
2026-04-16 17:40:59 | INFO  | phase_ext_benchmark |   219p.csv: 0 compounds overlap with our Hub
2026-04-16 17:40:59 | INFO  | phase_ext_benchmark |   1118p.csv: 0 compounds overlap with our Hub
2026-04-16 17:40:59 | INFO  | phase_ext_benchmark |   127p.csv: 0 compounds overlap with our Hub
2026-04-16 17:40:59 | INFO  | phase_ext_benchmark |   227p.csv: 0 compounds overlap with our Hub
2026-04-16 17:41:00 | INFO  | phase_ext_benchmark |   452p.csv: 0 compounds overlap with our Hub
2026-04-16 17:41:00 | INFO  | phase_ext_benchmark |   439p.csv: 0 compounds overlap with our Hub
2026-04-16 17:41:00 | INFO  | phase_ext_benchmark |   1004p.csv: 0 compounds overlap with our Hub
2026-04-16 17:41:00 | INFO  | phase_ext_benchmark |   336p.csv: 0 compounds overlap with our Hub
2026-04-16 17:41:00 | INFO  | phase_ext_benchmark |   858p.csv: 0 compounds overlap with our Hub
2026-04-16 17:41:00 | INFO  | phase_ext_benchmark |   87p.csv: 0 compounds overlap with our Hub
2026-04-16 17:41:00 | INFO  | phase_ext_benchmark |   397p.csv: 0 compounds overlap with our Hub
2026-04-16 17:41:00 | INFO  | phase_ext_benchmark |   684p.csv: 0 compounds overlap with our Hub
2026-04-16 17:41:00 | INFO  | phase_ext_benchmark |   376p.csv: 0 compounds overlap with our Hub
2026-04-16 17:41:00 | INFO  | phase_ext_benchmark |   391p.csv: 0 compounds overlap with our Hub
2026-04-16 17:41:00 | INFO  | phase_ext_benchmark |   755p.csv: 0 compounds overlap with our Hub
2026-04-16 17:41:00 | INFO  | phase_ext_benchmark |   233p.csv: 0 compounds overlap with our Hub
2026-04-16 17:41:00 | INFO  | phase_ext_benchmark |   764p.csv: 0 compounds overlap with our Hub
2026-04-16 17:41:00 | INFO  | phase_ext_benchmark |   213p.csv: 0 compounds overlap with our Hub
2026-04-16 17:41:00 | INFO  | phase_ext_benchmark |   488p.csv: 0 compounds overlap with our Hub
2026-04-16 17:41:00 | INFO  | phase_ext_benchmark |   828p.csv: 0 compounds overlap with our Hub
2026-04-16 17:41:00 | INFO  | phase_ext_benchmark |   671p.csv: 0 compounds overlap with our Hub
2026-04-16 17:41:00 | INFO  | phase_ext_benchmark |   68p.csv: 0 compounds overlap with our Hub
2026-04-16 17:41:00 | INFO  | phase_ext_benchmark |   546p.csv: 0 compounds overlap with our Hub
2026-04-16 17:41:00 | INFO  | phase_ext_benchmark |   1057p.csv: 0 compounds overlap with our Hub
2026-04-16 17:41:00 | INFO  | phase_ext_benchmark |   431p.csv: 0 compounds overlap with our Hub
2026-04-16 17:41:00 | INFO  | phase_ext_benchmark |   285p.csv: 0 compounds overlap with our Hub
2026-04-16 17:41:00 | INFO  | phase_ext_benchmark |   615p.csv: 0 compounds overlap with our Hub
2026-04-16 17:41:00 | INFO  | phase_ext_benchmark |   171p.csv: 0 compounds overlap with our Hub
2026-04-16 17:41:00 | INFO  | phase_ext_benchmark |   685p.csv: 0 compounds overlap with our Hub
2026-04-16 17:41:00 | INFO  | phase_ext_benchmark |   1104p.csv: 0 compounds overlap with our Hub
2026-04-16 17:41:00 | INFO  | phase_ext_benchmark |   1040p.csv: 0 compounds overlap with our Hub
2026-04-16 17:41:00 | INFO  | phase_ext_benchmark |   639p.csv: 0 compounds overlap with our Hub
2026-04-16 17:41:00 | INFO  | phase_ext_benchmark |   353p.csv: 0 compounds overlap with our Hub
2026-04-16 17:41:00 | INFO  | phase_ext_benchmark |   398p.csv: 0 compounds overlap with our Hub
2026-04-16 17:41:00 | INFO  | phase_ext_benchmark |   158p.csv: 0 compounds overlap with our Hub
2026-04-16 17:41:00 | INFO  | phase_ext_benchmark |   361p.csv: 0 compounds overlap with our Hub
2026-04-16 17:41:00 | INFO  | phase_ext_benchmark |   566p.csv: 0 compounds overlap with our Hub
2026-04-16 17:41:00 | INFO  | phase_ext_benchmark |   937p.csv: 0 compounds overlap with our Hub
2026-04-16 17:41:00 | INFO  | phase_ext_benchmark |   659p.csv: 0 compounds overlap with our Hub
2026-04-16 17:41:00 | INFO  | phase_ext_benchmark |   1043p.csv: 0 compounds overlap with our Hub
2026-04-16 17:41:00 | INFO  | phase_ext_benchmark |   511p.csv: 0 compounds overlap with our Hub
2026-04-16 17:41:00 | INFO  | phase_ext_benchmark |   347p.csv: 0 compounds overlap with our Hub
2026-04-16 17:41:00 | INFO  | phase_ext_benchmark |   817p.csv: 0 compounds overlap with our Hub
2026-04-16 17:41:00 | INFO  | phase_ext_benchmark |   906p.csv: 0 compounds overlap with our Hub
2026-04-16 17:41:00 | INFO  | phase_ext_benchmark |   507p.csv: 0 compounds overlap with our Hub
2026-04-16 17:41:00 | INFO  | phase_ext_benchmark |   384p.csv: 0 compounds overlap with our Hub
2026-04-16 17:41:00 | INFO  | phase_ext_benchmark |   273p.csv: 0 compounds overlap with our Hub
2026-04-16 17:41:00 | INFO  | phase_ext_benchmark |   484p.csv: 0 compounds overlap with our Hub
2026-04-16 17:41:00 | INFO  | phase_ext_benchmark |   269p.csv: 0 compounds overlap with our Hub
2026-04-16 17:41:00 | INFO  | phase_ext_benchmark |   900p.csv: 0 compounds overlap with our Hub
2026-04-16 17:41:00 | INFO  | phase_ext_benchmark |   73p.csv: 0 compounds overlap with our Hub
2026-04-16 17:41:00 | INFO  | phase_ext_benchmark |   105p.csv: 0 compounds overlap with our Hub
2026-04-16 17:41:00 | INFO  | phase_ext_benchmark |   660p.csv: 0 compounds overlap with our Hub
2026-04-16 17:41:00 | INFO  | phase_ext_benchmark |   475p.csv: 0 compounds overlap with our Hub
2026-04-16 17:41:00 | INFO  | phase_ext_benchmark |   859p.csv: 0 compounds overlap with our Hub
2026-04-16 17:41:00 | INFO  | phase_ext_benchmark |   263p.csv: 0 compounds overlap with our Hub
2026-04-16 17:41:00 | INFO  | phase_ext_benchmark |   1062p.csv: 0 compounds overlap with our Hub
2026-04-16 17:41:00 | INFO  | phase_ext_benchmark |   811p.csv: 1 compounds overlap with our Hub
2026-04-16 17:41:00 | INFO  | phase_ext_benchmark |   1044p.csv: 0 compounds overlap with our Hub
2026-04-16 17:41:00 | INFO  | phase_ext_benchmark |   1008p.csv: 0 compounds overlap with our Hub
2026-04-16 17:41:00 | INFO  | phase_ext_benchmark |   714p.csv: 0 compounds overlap with our Hub
2026-04-16 17:41:00 | INFO  | phase_ext_benchmark |   463p.csv: 0 compounds overlap with our Hub
2026-04-16 17:41:00 | INFO  | phase_ext_benchmark |   717p.csv: 0 compounds overlap with our Hub
2026-04-16 17:41:00 | INFO  | phase_ext_benchmark |   179p.csv: 0 compounds overlap with our Hub
2026-04-16 17:41:00 | INFO  | phase_ext_benchmark |   340p.csv: 0 compounds overlap with our Hub
2026-04-16 17:41:00 | INFO  | phase_ext_benchmark |   646p.csv: 0 compounds overlap with our Hub
2026-04-16 17:41:00 | INFO  | phase_ext_benchmark |   676p.csv: 0 compounds overlap with our Hub
2026-04-16 17:41:00 | INFO  | phase_ext_benchmark |   176p.csv: 0 compounds overlap with our Hub
2026-04-16 17:41:00 | INFO  | phase_ext_benchmark |   83p.csv: 0 compounds overlap with our Hub
2026-04-16 17:41:00 | INFO  | phase_ext_benchmark |   333p.csv: 0 compounds overlap with our Hub
2026-04-16 17:41:00 | INFO  | phase_ext_benchmark |   1035p.csv: 0 compounds overlap with our Hub
2026-04-16 17:41:00 | INFO  | phase_ext_benchmark |   59p.csv: 0 compounds overlap with our Hub
2026-04-16 17:41:00 | INFO  | phase_ext_benchmark |   629p.csv: 0 compounds overlap with our Hub
2026-04-16 17:41:00 | INFO  | phase_ext_benchmark |   636p.csv: 0 compounds overlap with our Hub
2026-04-16 17:41:00 | INFO  | phase_ext_benchmark |   407p.csv: 0 compounds overlap with our Hub
2026-04-16 17:41:00 | INFO  | phase_ext_benchmark |   237p.csv: 0 compounds overlap with our Hub
2026-04-16 17:41:00 | INFO  | phase_ext_benchmark |   882p.csv: 0 compounds overlap with our Hub
2026-04-16 17:41:00 | INFO  | phase_ext_benchmark |   784p.csv: 0 compounds overlap with our Hub
2026-04-16 17:41:00 | INFO  | phase_ext_benchmark |   95p.csv: 0 compounds overlap with our Hub
2026-04-16 17:41:00 | INFO  | phase_ext_benchmark |   34p.csv: 0 compounds overlap with our Hub
2026-04-16 17:41:00 | INFO  | phase_ext_benchmark |   508p.csv: 0 compounds overlap with our Hub
2026-04-16 17:41:00 | INFO  | phase_ext_benchmark |   884p.csv: 0 compounds overlap with our Hub
2026-04-16 17:41:00 | INFO  | phase_ext_benchmark |   977p.csv: 0 compounds overlap with our Hub
2026-04-16 17:41:00 | INFO  | phase_ext_benchmark |   164p.csv: 0 compounds overlap with our Hub
2026-04-16 17:41:00 | INFO  | phase_ext_benchmark |   762p.csv: 0 compounds overlap with our Hub
2026-04-16 17:41:00 | INFO  | phase_ext_benchmark |   321p.csv: 0 compounds overlap with our Hub
2026-04-16 17:41:00 | INFO  | phase_ext_benchmark |   1108p.csv: 0 compounds overlap with our Hub
2026-04-16 17:41:00 | INFO  | phase_ext_benchmark |   33p.csv: 0 compounds overlap with our Hub
2026-04-16 17:41:00 | INFO  | phase_ext_benchmark |   267p.csv: 0 compounds overlap with our Hub
2026-04-16 17:41:00 | INFO  | phase_ext_benchmark |   583p.csv: 0 compounds overlap with our Hub
2026-04-16 17:41:00 | INFO  | phase_ext_benchmark |   320p.csv: 0 compounds overlap with our Hub
2026-04-16 17:41:00 | INFO  | phase_ext_benchmark |   1023p.csv: 0 compounds overlap with our Hub
2026-04-16 17:41:00 | INFO  | phase_ext_benchmark |   901p.csv: 0 compounds overlap with our Hub
2026-04-16 17:41:00 | INFO  | phase_ext_benchmark |   1021p.csv: 0 compounds overlap with our Hub
2026-04-16 17:41:00 | INFO  | phase_ext_benchmark |   978p.csv: 0 compounds overlap with our Hub
2026-04-16 17:41:00 | INFO  | phase_ext_benchmark |   846p.csv: 0 compounds overlap with our Hub
2026-04-16 17:41:00 | INFO  | phase_ext_benchmark |   188p.csv: 0 compounds overlap with our Hub
2026-04-16 17:41:00 | INFO  | phase_ext_benchmark |   395p.csv: 0 compounds overlap with our Hub
2026-04-16 17:41:00 | INFO  | phase_ext_benchmark |   588p.csv: 0 compounds overlap with our Hub
2026-04-16 17:41:00 | INFO  | phase_ext_benchmark |   1095p.csv: 0 compounds overlap with our Hub
2026-04-16 17:41:00 | INFO  | phase_ext_benchmark |   151p.csv: 0 compounds overlap with our Hub
2026-04-16 17:41:00 | INFO  | phase_ext_benchmark |   351p.csv: 0 compounds overlap with our Hub
2026-04-16 17:41:00 | INFO  | phase_ext_benchmark |   194p.csv: 0 compounds overlap with our Hub
2026-04-16 17:41:00 | INFO  | phase_ext_benchmark |   313p.csv: 0 compounds overlap with our Hub
2026-04-16 17:41:00 | INFO  | phase_ext_benchmark |   462p.csv: 0 compounds overlap with our Hub
2026-04-16 17:41:01 | INFO  | phase_ext_benchmark |   933p.csv: 0 compounds overlap with our Hub
2026-04-16 17:41:01 | INFO  | phase_ext_benchmark |   773p.csv: 0 compounds overlap with our Hub
2026-04-16 17:41:01 | INFO  | phase_ext_benchmark |   272p.csv: 0 compounds overlap with our Hub
2026-04-16 17:41:01 | INFO  | phase_ext_benchmark |   649p.csv: 0 compounds overlap with our Hub
2026-04-16 17:41:01 | INFO  | phase_ext_benchmark |   739p.csv: 0 compounds overlap with our Hub
2026-04-16 17:41:01 | INFO  | phase_ext_benchmark |   110p.csv: 0 compounds overlap with our Hub
2026-04-16 17:41:01 | INFO  | phase_ext_benchmark |   658p.csv: 0 compounds overlap with our Hub
2026-04-16 17:41:01 | INFO  | phase_ext_benchmark |   22p.csv: 0 compounds overlap with our Hub
2026-04-16 17:41:01 | INFO  | phase_ext_benchmark |   177p.csv: 0 compounds overlap with our Hub
2026-04-16 17:41:01 | INFO  | phase_ext_benchmark |   455p.csv: 0 compounds overlap with our Hub
2026-04-16 17:41:01 | INFO  | phase_ext_benchmark |   1059p.csv: 0 compounds overlap with our Hub
2026-04-16 17:41:01 | INFO  | phase_ext_benchmark |   713p.csv: 0 compounds overlap with our Hub
2026-04-16 17:41:01 | INFO  | phase_ext_benchmark |   521p.csv: 0 compounds overlap with our Hub
2026-04-16 17:41:01 | INFO  | phase_ext_benchmark |   807p.csv: 0 compounds overlap with our Hub
2026-04-16 17:41:01 | INFO  | phase_ext_benchmark |   416p.csv: 0 compounds overlap with our Hub
2026-04-16 17:41:01 | INFO  | phase_ext_benchmark |   512p.csv: 0 compounds overlap with our Hub
2026-04-16 17:41:01 | INFO  | phase_ext_benchmark |   185p.csv: 0 compounds overlap with our Hub
2026-04-16 17:41:01 | INFO  | phase_ext_benchmark |   883p.csv: 0 compounds overlap with our Hub
2026-04-16 17:41:01 | INFO  | phase_ext_benchmark |   471p.csv: 0 compounds overlap with our Hub
2026-04-16 17:41:01 | INFO  | phase_ext_benchmark |   1022p.csv: 0 compounds overlap with our Hub
2026-04-16 17:41:01 | INFO  | phase_ext_benchmark |   487p.csv: 0 compounds overlap with our Hub
2026-04-16 17:41:01 | INFO  | phase_ext_benchmark |   675p.csv: 0 compounds overlap with our Hub
2026-04-16 17:41:01 | INFO  | phase_ext_benchmark |   1006p.csv: 0 compounds overlap with our Hub
2026-04-16 17:41:01 | INFO  | phase_ext_benchmark |   52p.csv: 0 compounds overlap with our Hub
2026-04-16 17:41:01 | INFO  | phase_ext_benchmark |   689p.csv: 0 compounds overlap with our Hub
2026-04-16 17:41:01 | INFO  | phase_ext_benchmark |   472p.csv: 0 compounds overlap with our Hub
2026-04-16 17:41:01 | INFO  | phase_ext_benchmark |   929p.csv: 0 compounds overlap with our Hub
2026-04-16 17:41:01 | INFO  | phase_ext_benchmark |   445p.csv: 0 compounds overlap with our Hub
2026-04-16 17:41:01 | INFO  | phase_ext_benchmark |   944p.csv: 0 compounds overlap with our Hub
2026-04-16 17:41:01 | INFO  | phase_ext_benchmark |   780p.csv: 0 compounds overlap with our Hub
2026-04-16 17:41:01 | INFO  | phase_ext_benchmark |   1019p.csv: 0 compounds overlap with our Hub
2026-04-16 17:41:01 | INFO  | phase_ext_benchmark |   707p.csv: 0 compounds overlap with our Hub
2026-04-16 17:41:01 | INFO  | phase_ext_benchmark |   485p.csv: 0 compounds overlap with our Hub
2026-04-16 17:41:01 | INFO  | phase_ext_benchmark |   278p.csv: 0 compounds overlap with our Hub
2026-04-16 17:41:01 | INFO  | phase_ext_benchmark |   501p.csv: 0 compounds overlap with our Hub
2026-04-16 17:41:01 | INFO  | phase_ext_benchmark |   1090p.csv: 0 compounds overlap with our Hub
2026-04-16 17:41:01 | INFO  | phase_ext_benchmark |   1068p.csv: 0 compounds overlap with our Hub
2026-04-16 17:41:01 | INFO  | phase_ext_benchmark |   342p.csv: 0 compounds overlap with our Hub
2026-04-16 17:41:01 | INFO  | phase_ext_benchmark |   852p.csv: 0 compounds overlap with our Hub
2026-04-16 17:41:01 | INFO  | phase_ext_benchmark |   287p.csv: 0 compounds overlap with our Hub
2026-04-16 17:41:01 | INFO  | phase_ext_benchmark |   317p.csv: 0 compounds overlap with our Hub
2026-04-16 17:41:01 | INFO  | phase_ext_benchmark |   515p.csv: 0 compounds overlap with our Hub
2026-04-16 17:41:01 | INFO  | phase_ext_benchmark |   277p.csv: 0 compounds overlap with our Hub
2026-04-16 17:41:01 | INFO  | phase_ext_benchmark |   897p.csv: 0 compounds overlap with our Hub
2026-04-16 17:41:01 | INFO  | phase_ext_benchmark |   695p.csv: 0 compounds overlap with our Hub
2026-04-16 17:41:01 | INFO  | phase_ext_benchmark |   423p.csv: 0 compounds overlap with our Hub
2026-04-16 17:41:01 | INFO  | phase_ext_benchmark |   625p.csv: 0 compounds overlap with our Hub
2026-04-16 17:41:01 | INFO  | phase_ext_benchmark |   950p.csv: 0 compounds overlap with our Hub
2026-04-16 17:41:01 | INFO  | phase_ext_benchmark |   769p.csv: 1 compounds overlap with our Hub
2026-04-16 17:41:01 | INFO  | phase_ext_benchmark |   860p.csv: 0 compounds overlap with our Hub
2026-04-16 17:41:01 | INFO  | phase_ext_benchmark |   16p.csv: 0 compounds overlap with our Hub
2026-04-16 17:41:01 | INFO  | phase_ext_benchmark |   905p.csv: 0 compounds overlap with our Hub
2026-04-16 17:41:01 | INFO  | phase_ext_benchmark |   595p.csv: 0 compounds overlap with our Hub
2026-04-16 17:41:01 | INFO  | phase_ext_benchmark |   783p.csv: 0 compounds overlap with our Hub
2026-04-16 17:41:01 | INFO  | phase_ext_benchmark |   1005p.csv: 0 compounds overlap with our Hub
2026-04-16 17:41:01 | INFO  | phase_ext_benchmark |   467p.csv: 0 compounds overlap with our Hub
2026-04-16 17:41:01 | INFO  | phase_ext_benchmark |   632p.csv: 0 compounds overlap with our Hub
2026-04-16 17:41:01 | INFO  | phase_ext_benchmark |   211p.csv: 0 compounds overlap with our Hub
2026-04-16 17:41:01 | INFO  | phase_ext_benchmark |   606p.csv: 0 compounds overlap with our Hub
2026-04-16 17:41:01 | INFO  | phase_ext_benchmark |   533p.csv: 0 compounds overlap with our Hub
2026-04-16 17:41:01 | INFO  | phase_ext_benchmark |   735p.csv: 0 compounds overlap with our Hub
2026-04-16 17:41:01 | INFO  | phase_ext_benchmark |   674p.csv: 0 compounds overlap with our Hub
2026-04-16 17:41:01 | INFO  | phase_ext_benchmark |   13p.csv: 0 compounds overlap with our Hub
2026-04-16 17:41:01 | INFO  | phase_ext_benchmark |   1126p.csv: 0 compounds overlap with our Hub
2026-04-16 17:41:01 | INFO  | phase_ext_benchmark |   85p.csv: 0 compounds overlap with our Hub
2026-04-16 17:41:01 | INFO  | phase_ext_benchmark |   957p.csv: 0 compounds overlap with our Hub
2026-04-16 17:41:01 | INFO  | phase_ext_benchmark |   748p.csv: 0 compounds overlap with our Hub
2026-04-16 17:41:01 | INFO  | phase_ext_benchmark |   113p.csv: 0 compounds overlap with our Hub
2026-04-16 17:41:01 | INFO  | phase_ext_benchmark |   832p.csv: 0 compounds overlap with our Hub
2026-04-16 17:41:01 | INFO  | phase_ext_benchmark |   123p.csv: 0 compounds overlap with our Hub
2026-04-16 17:41:01 | INFO  | phase_ext_benchmark |   1002p.csv: 0 compounds overlap with our Hub
2026-04-16 17:41:01 | INFO  | phase_ext_benchmark |   135p.csv: 0 compounds overlap with our Hub
2026-04-16 17:41:01 | INFO  | phase_ext_benchmark |   327p.csv: 0 compounds overlap with our Hub
2026-04-16 17:41:01 | INFO  | phase_ext_benchmark |   550p.csv: 0 compounds overlap with our Hub
2026-04-16 17:41:01 | INFO  | phase_ext_benchmark |   46p.csv: 0 compounds overlap with our Hub
2026-04-16 17:41:01 | INFO  | phase_ext_benchmark |   1047p.csv: 0 compounds overlap with our Hub
2026-04-16 17:41:01 | INFO  | phase_ext_benchmark |   614p.csv: 0 compounds overlap with our Hub
2026-04-16 17:41:02 | INFO  | phase_ext_benchmark |   444p.csv: 0 compounds overlap with our Hub
2026-04-16 17:41:02 | INFO  | phase_ext_benchmark |   1072p.csv: 0 compounds overlap with our Hub
2026-04-16 17:41:02 | INFO  | phase_ext_benchmark |   740p.csv: 0 compounds overlap with our Hub
2026-04-16 17:41:02 | INFO  | phase_ext_benchmark |   129p.csv: 0 compounds overlap with our Hub
2026-04-16 17:41:02 | INFO  | phase_ext_benchmark |   1122p.csv: 0 compounds overlap with our Hub
2026-04-16 17:41:02 | INFO  | phase_ext_benchmark |   513p.csv: 0 compounds overlap with our Hub
2026-04-16 17:41:02 | INFO  | phase_ext_benchmark |   837p.csv: 0 compounds overlap with our Hub
2026-04-16 17:41:02 | INFO  | phase_ext_benchmark |   734p.csv: 0 compounds overlap with our Hub
2026-04-16 17:41:02 | INFO  | phase_ext_benchmark |   829p.csv: 0 compounds overlap with our Hub
2026-04-16 17:41:02 | INFO  | phase_ext_benchmark |   599p.csv: 0 compounds overlap with our Hub
2026-04-16 17:41:02 | INFO  | phase_ext_benchmark |   206p.csv: 0 compounds overlap with our Hub
2026-04-16 17:41:02 | INFO  | phase_ext_benchmark |   948p.csv: 0 compounds overlap with our Hub
2026-04-16 17:41:02 | INFO  | phase_ext_benchmark |   631p.csv: 0 compounds overlap with our Hub
2026-04-16 17:41:02 | INFO  | phase_ext_benchmark |   44p.csv: 0 compounds overlap with our Hub
2026-04-16 17:41:02 | INFO  | phase_ext_benchmark |   1073p.csv: 0 compounds overlap with our Hub
2026-04-16 17:41:02 | INFO  | phase_ext_benchmark |   743p.csv: 0 compounds overlap with our Hub
2026-04-16 17:41:02 | INFO  | phase_ext_benchmark |   738p.csv: 0 compounds overlap with our Hub
2026-04-16 17:41:02 | INFO  | phase_ext_benchmark |   827p.csv: 0 compounds overlap with our Hub
2026-04-16 17:41:02 | INFO  | phase_ext_benchmark |   15p.csv: 0 compounds overlap with our Hub
2026-04-16 17:41:02 | INFO  | phase_ext_benchmark |   271p.csv: 0 compounds overlap with our Hub
2026-04-16 17:41:02 | INFO  | phase_ext_benchmark |   51p.csv: 0 compounds overlap with our Hub
2026-04-16 17:41:02 | INFO  | phase_ext_benchmark |   36p.csv: 0 compounds overlap with our Hub
2026-04-16 17:41:02 | INFO  | phase_ext_benchmark |   873p.csv: 0 compounds overlap with our Hub
2026-04-16 17:41:02 | INFO  | phase_ext_benchmark |   268p.csv: 0 compounds overlap with our Hub
2026-04-16 17:41:02 | INFO  | phase_ext_benchmark |   1076p.csv: 0 compounds overlap with our Hub
2026-04-16 17:41:02 | INFO  | phase_ext_benchmark |   777p.csv: 0 compounds overlap with our Hub
2026-04-16 17:41:02 | INFO  | phase_ext_benchmark |   296p.csv: 0 compounds overlap with our Hub
2026-04-16 17:41:02 | INFO  | phase_ext_benchmark |   622p.csv: 0 compounds overlap with our Hub
2026-04-16 17:41:02 | INFO  | phase_ext_benchmark |   411p.csv: 0 compounds overlap with our Hub
2026-04-16 17:41:02 | INFO  | phase_ext_benchmark |   562p.csv: 0 compounds overlap with our Hub
2026-04-16 17:41:02 | INFO  | phase_ext_benchmark |   150p.csv: 0 compounds overlap with our Hub
2026-04-16 17:41:02 | INFO  | phase_ext_benchmark |   186p.csv: 0 compounds overlap with our Hub
2026-04-16 17:41:02 | INFO  | phase_ext_benchmark |   637p.csv: 0 compounds overlap with our Hub
2026-04-16 17:41:02 | INFO  | phase_ext_benchmark |   449p.csv: 0 compounds overlap with our Hub
2026-04-16 17:41:02 | INFO  | phase_ext_benchmark |   572p.csv: 0 compounds overlap with our Hub
2026-04-16 17:41:02 | INFO  | phase_ext_benchmark |   742p.csv: 0 compounds overlap with our Hub
2026-04-16 17:41:02 | INFO  | phase_ext_benchmark |   745p.csv: 0 compounds overlap with our Hub
2026-04-16 17:41:02 | INFO  | phase_ext_benchmark |   82p.csv: 0 compounds overlap with our Hub
2026-04-16 17:41:02 | INFO  | phase_ext_benchmark |   156p.csv: 0 compounds overlap with our Hub
2026-04-16 17:41:02 | INFO  | phase_ext_benchmark |   97p.csv: 0 compounds overlap with our Hub
2026-04-16 17:41:02 | INFO  | phase_ext_benchmark |   10p.csv: 0 compounds overlap with our Hub
2026-04-16 17:41:02 | INFO  | phase_ext_benchmark |   902p.csv: 0 compounds overlap with our Hub
2026-04-16 17:41:02 | INFO  | phase_ext_benchmark |   315p.csv: 0 compounds overlap with our Hub
2026-04-16 17:41:02 | INFO  | phase_ext_benchmark |   136p.csv: 0 compounds overlap with our Hub
2026-04-16 17:41:02 | INFO  | phase_ext_benchmark |   236p.csv: 0 compounds overlap with our Hub
2026-04-16 17:41:02 | INFO  | phase_ext_benchmark |   756p.csv: 0 compounds overlap with our Hub
2026-04-16 17:41:02 | INFO  | phase_ext_benchmark |   215p.csv: 0 compounds overlap with our Hub
2026-04-16 17:41:02 | INFO  | phase_ext_benchmark |   824p.csv: 0 compounds overlap with our Hub
2026-04-16 17:41:02 | INFO  | phase_ext_benchmark |   1013p.csv: 0 compounds overlap with our Hub
2026-04-16 17:41:02 | INFO  | phase_ext_benchmark |   619p.csv: 0 compounds overlap with our Hub
2026-04-16 17:41:02 | INFO  | phase_ext_benchmark |   115p.csv: 0 compounds overlap with our Hub
2026-04-16 17:41:02 | INFO  | phase_ext_benchmark |   965p.csv: 0 compounds overlap with our Hub
2026-04-16 17:41:02 | INFO  | phase_ext_benchmark |   1025p.csv: 0 compounds overlap with our Hub
2026-04-16 17:41:02 | INFO  | phase_ext_benchmark |   107p.csv: 0 compounds overlap with our Hub
2026-04-16 17:41:02 | INFO  | phase_ext_benchmark |   1077p.csv: 0 compounds overlap with our Hub
2026-04-16 17:41:02 | INFO  | phase_ext_benchmark |   390p.csv: 0 compounds overlap with our Hub
2026-04-16 17:41:02 | INFO  | phase_ext_benchmark |   693p.csv: 0 compounds overlap with our Hub
2026-04-16 17:41:02 | INFO  | phase_ext_benchmark |   480p.csv: 0 compounds overlap with our Hub
2026-04-16 17:41:02 | INFO  | phase_ext_benchmark |   1071p.csv: 0 compounds overlap with our Hub
2026-04-16 17:41:02 | INFO  | phase_ext_benchmark |   502p.csv: 0 compounds overlap with our Hub
2026-04-16 17:41:02 | INFO  | phase_ext_benchmark |   442p.csv: 0 compounds overlap with our Hub
2026-04-16 17:41:02 | INFO  | phase_ext_benchmark |   820p.csv: 0 compounds overlap with our Hub
2026-04-16 17:41:02 | INFO  | phase_ext_benchmark |   825p.csv: 1 compounds overlap with our Hub
2026-04-16 17:41:02 | INFO  | phase_ext_benchmark |   12p.csv: 0 compounds overlap with our Hub
2026-04-16 17:41:02 | INFO  | phase_ext_benchmark |   797p.csv: 0 compounds overlap with our Hub
2026-04-16 17:41:02 | INFO  | phase_ext_benchmark |   870p.csv: 0 compounds overlap with our Hub
2026-04-16 17:41:02 | INFO  | phase_ext_benchmark |   953p.csv: 0 compounds overlap with our Hub
2026-04-16 17:41:02 | INFO  | phase_ext_benchmark |   560p.csv: 0 compounds overlap with our Hub
2026-04-16 17:41:02 | INFO  | phase_ext_benchmark |   131p.csv: 0 compounds overlap with our Hub
2026-04-16 17:41:02 | INFO  | phase_ext_benchmark |   605p.csv: 0 compounds overlap with our Hub
2026-04-16 17:41:02 | INFO  | phase_ext_benchmark |   887p.csv: 0 compounds overlap with our Hub
2026-04-16 17:41:02 | INFO  | phase_ext_benchmark |   931p.csv: 0 compounds overlap with our Hub
2026-04-16 17:41:03 | INFO  | phase_ext_benchmark |   0p.csv: 265 compounds overlap with our Hub
2026-04-16 17:41:03 | INFO  | phase_ext_benchmark |   847p.csv: 0 compounds overlap with our Hub
2026-04-16 17:41:03 | INFO  | phase_ext_benchmark |   959p.csv: 0 compounds overlap with our Hub
2026-04-16 17:41:03 | INFO  | phase_ext_benchmark |   604p.csv: 0 compounds overlap with our Hub
2026-04-16 17:41:03 | INFO  | phase_ext_benchmark |   335p.csv: 0 compounds overlap with our Hub
2026-04-16 17:41:03 | INFO  | phase_ext_benchmark |   851p.csv: 0 compounds overlap with our Hub
2026-04-16 17:41:03 | INFO  | phase_ext_benchmark |   915p.csv: 0 compounds overlap with our Hub
2026-04-16 17:41:03 | INFO  | phase_ext_benchmark |   967p.csv: 0 compounds overlap with our Hub
2026-04-16 17:41:03 | INFO  | phase_ext_benchmark |   718p.csv: 0 compounds overlap with our Hub
2026-04-16 17:41:03 | INFO  | phase_ext_benchmark |   310p.csv: 0 compounds overlap with our Hub
2026-04-16 17:41:03 | INFO  | phase_ext_benchmark |   570p.csv: 0 compounds overlap with our Hub
2026-04-16 17:41:03 | INFO  | phase_ext_benchmark |   270p.csv: 0 compounds overlap with our Hub
2026-04-16 17:41:03 | INFO  | phase_ext_benchmark |   785p.csv: 0 compounds overlap with our Hub
2026-04-16 17:41:03 | INFO  | phase_ext_benchmark |   1010p.csv: 0 compounds overlap with our Hub
2026-04-16 17:41:03 | INFO  | phase_ext_benchmark |   348p.csv: 0 compounds overlap with our Hub
2026-04-16 17:41:03 | INFO  | phase_ext_benchmark |   41p.csv: 0 compounds overlap with our Hub
2026-04-16 17:41:03 | INFO  | phase_ext_benchmark |   792p.csv: 0 compounds overlap with our Hub
2026-04-16 17:41:03 | INFO  | phase_ext_benchmark |   393p.csv: 0 compounds overlap with our Hub
2026-04-16 17:41:03 | INFO  | phase_ext_benchmark |   1069p.csv: 0 compounds overlap with our Hub
2026-04-16 17:41:03 | INFO  | phase_ext_benchmark |   529p.csv: 0 compounds overlap with our Hub
2026-04-16 17:41:03 | INFO  | phase_ext_benchmark |   1056p.csv: 0 compounds overlap with our Hub
2026-04-16 17:41:03 | INFO  | phase_ext_benchmark |   556p.csv: 0 compounds overlap with our Hub
2026-04-16 17:41:03 | INFO  | phase_ext_benchmark |   673p.csv: 0 compounds overlap with our Hub
2026-04-16 17:41:03 | INFO  | phase_ext_benchmark |   453p.csv: 0 compounds overlap with our Hub
2026-04-16 17:41:03 | INFO  | phase_ext_benchmark |   708p.csv: 0 compounds overlap with our Hub
2026-04-16 17:41:03 | INFO  | phase_ext_benchmark |   98p.csv: 0 compounds overlap with our Hub
2026-04-16 17:41:03 | INFO  | phase_ext_benchmark |   983p.csv: 0 compounds overlap with our Hub
2026-04-16 17:41:03 | INFO  | phase_ext_benchmark |   323p.csv: 0 compounds overlap with our Hub
2026-04-16 17:41:03 | INFO  | phase_ext_benchmark |   804p.csv: 0 compounds overlap with our Hub
2026-04-16 17:41:03 | INFO  | phase_ext_benchmark |   109p.csv: 0 compounds overlap with our Hub
2026-04-16 17:41:03 | INFO  | phase_ext_benchmark |   771p.csv: 0 compounds overlap with our Hub
2026-04-16 17:41:03 | INFO  | phase_ext_benchmark |   584p.csv: 0 compounds overlap with our Hub
2026-04-16 17:41:03 | INFO  | phase_ext_benchmark |   406p.csv: 0 compounds overlap with our Hub
2026-04-16 17:41:03 | INFO  | phase_ext_benchmark |   279p.csv: 0 compounds overlap with our Hub
2026-04-16 17:41:03 | INFO  | phase_ext_benchmark |   669p.csv: 0 compounds overlap with our Hub
2026-04-16 17:41:03 | INFO  | phase_ext_benchmark |   134p.csv: 0 compounds overlap with our Hub
2026-04-16 17:41:03 | INFO  | phase_ext_benchmark |   964p.csv: 0 compounds overlap with our Hub
2026-04-16 17:41:03 | INFO  | phase_ext_benchmark |   1119p.csv: 0 compounds overlap with our Hub
2026-04-16 17:41:03 | INFO  | phase_ext_benchmark |   688p.csv: 0 compounds overlap with our Hub
2026-04-16 17:41:03 | INFO  | phase_ext_benchmark |   626p.csv: 0 compounds overlap with our Hub
2026-04-16 17:41:03 | INFO  | phase_ext_benchmark |   1106p.csv: 0 compounds overlap with our Hub
2026-04-16 17:41:03 | INFO  | phase_ext_benchmark |   9p.csv: 0 compounds overlap with our Hub
2026-04-16 17:41:03 | INFO  | phase_ext_benchmark |   145p.csv: 0 compounds overlap with our Hub
2026-04-16 17:41:03 | INFO  | phase_ext_benchmark |   1037p.csv: 0 compounds overlap with our Hub
2026-04-16 17:41:03 | INFO  | phase_ext_benchmark |   962p.csv: 0 compounds overlap with our Hub
2026-04-16 17:41:03 | INFO  | phase_ext_benchmark |   1088p.csv: 0 compounds overlap with our Hub
2026-04-16 17:41:03 | INFO  | phase_ext_benchmark |   1121p.csv: 0 compounds overlap with our Hub
2026-04-16 17:41:03 | INFO  | phase_ext_benchmark |   125p.csv: 0 compounds overlap with our Hub
2026-04-16 17:41:03 | INFO  | phase_ext_benchmark |   379p.csv: 0 compounds overlap with our Hub
2026-04-16 17:41:03 | INFO  | phase_ext_benchmark |   594p.csv: 0 compounds overlap with our Hub
2026-04-16 17:41:03 | INFO  | phase_ext_benchmark |   304p.csv: 0 compounds overlap with our Hub
2026-04-16 17:41:03 | INFO  | phase_ext_benchmark |   916p.csv: 0 compounds overlap with our Hub
2026-04-16 17:41:03 | INFO  | phase_ext_benchmark |   624p.csv: 0 compounds overlap with our Hub
2026-04-16 17:41:03 | INFO  | phase_ext_benchmark |   557p.csv: 0 compounds overlap with our Hub
2026-04-16 17:41:03 | INFO  | phase_ext_benchmark |   731p.csv: 0 compounds overlap with our Hub
2026-04-16 17:41:03 | INFO  | phase_ext_benchmark |   1001p.csv: 0 compounds overlap with our Hub
2026-04-16 17:41:03 | INFO  | phase_ext_benchmark |   410p.csv: 0 compounds overlap with our Hub
2026-04-16 17:41:03 | INFO  | phase_ext_benchmark |   702p.csv: 0 compounds overlap with our Hub
2026-04-16 17:41:03 | INFO  | phase_ext_benchmark |   980p.csv: 0 compounds overlap with our Hub
2026-04-16 17:41:03 | INFO  | phase_ext_benchmark |   86p.csv: 0 compounds overlap with our Hub
2026-04-16 17:41:03 | INFO  | phase_ext_benchmark |   382p.csv: 0 compounds overlap with our Hub
2026-04-16 17:41:03 | INFO  | phase_ext_benchmark |   454p.csv: 0 compounds overlap with our Hub
2026-04-16 17:41:03 | INFO  | phase_ext_benchmark |   682p.csv: 0 compounds overlap with our Hub
2026-04-16 17:41:03 | INFO  | phase_ext_benchmark |   728p.csv: 0 compounds overlap with our Hub
2026-04-16 17:41:03 | INFO  | phase_ext_benchmark |   378p.csv: 0 compounds overlap with our Hub
2026-04-16 17:41:03 | INFO  | phase_ext_benchmark |   282p.csv: 0 compounds overlap with our Hub
2026-04-16 17:41:03 | INFO  | phase_ext_benchmark |   872p.csv: 0 compounds overlap with our Hub
2026-04-16 17:41:03 | INFO  | phase_ext_benchmark |   196p.csv: 0 compounds overlap with our Hub
2026-04-16 17:41:03 | INFO  | phase_ext_benchmark |   157p.csv: 0 compounds overlap with our Hub
2026-04-16 17:41:03 | INFO  | phase_ext_benchmark |   888p.csv: 0 compounds overlap with our Hub
2026-04-16 17:41:03 | INFO  | phase_ext_benchmark |   1049p.csv: 0 compounds overlap with our Hub
2026-04-16 17:41:03 | INFO  | phase_ext_benchmark |   1053p.csv: 0 compounds overlap with our Hub
2026-04-16 17:41:03 | INFO  | phase_ext_benchmark |   345p.csv: 0 compounds overlap with our Hub
2026-04-16 17:41:03 | INFO  | phase_ext_benchmark |   589p.csv: 0 compounds overlap with our Hub
2026-04-16 17:41:04 | INFO  | phase_ext_benchmark |   610p.csv: 0 compounds overlap with our Hub
2026-04-16 17:41:04 | INFO  | phase_ext_benchmark |   862p.csv: 0 compounds overlap with our Hub
2026-04-16 17:41:04 | INFO  | phase_ext_benchmark |   532p.csv: 0 compounds overlap with our Hub
2026-04-16 17:41:04 | INFO  | phase_ext_benchmark |   199p.csv: 0 compounds overlap with our Hub
2026-04-16 17:41:04 | INFO  | phase_ext_benchmark |   939p.csv: 0 compounds overlap with our Hub
2026-04-16 17:41:04 | INFO  | phase_ext_benchmark |   465p.csv: 0 compounds overlap with our Hub
2026-04-16 17:41:04 | INFO  | phase_ext_benchmark |   45p.csv: 0 compounds overlap with our Hub
2026-04-16 17:41:04 | INFO  | phase_ext_benchmark |   257p.csv: 0 compounds overlap with our Hub
2026-04-16 17:41:04 | INFO  | phase_ext_benchmark |   178p.csv: 0 compounds overlap with our Hub
2026-04-16 17:41:04 | INFO  | phase_ext_benchmark |   621p.csv: 0 compounds overlap with our Hub
2026-04-16 17:41:04 | INFO  | phase_ext_benchmark |   228p.csv: 0 compounds overlap with our Hub
2026-04-16 17:41:04 | INFO  | phase_ext_benchmark |   275p.csv: 0 compounds overlap with our Hub
2026-04-16 17:41:04 | INFO  | phase_ext_benchmark |   722p.csv: 0 compounds overlap with our Hub
2026-04-16 17:41:04 | INFO  | phase_ext_benchmark |   476p.csv: 0 compounds overlap with our Hub
2026-04-16 17:41:04 | INFO  | phase_ext_benchmark |   656p.csv: 0 compounds overlap with our Hub
2026-04-16 17:41:04 | INFO  | phase_ext_benchmark |   721p.csv: 0 compounds overlap with our Hub
2026-04-16 17:41:04 | INFO  | phase_ext_benchmark |   201p.csv: 0 compounds overlap with our Hub
2026-04-16 17:41:04 | INFO  | phase_ext_benchmark |   365p.csv: 0 compounds overlap with our Hub
2026-04-16 17:41:04 | INFO  | phase_ext_benchmark |   856p.csv: 0 compounds overlap with our Hub
2026-04-16 17:41:04 | INFO  | phase_ext_benchmark |   202p.csv: 0 compounds overlap with our Hub
2026-04-16 17:41:04 | INFO  | phase_ext_benchmark |   687p.csv: 0 compounds overlap with our Hub
2026-04-16 17:41:04 | INFO  | phase_ext_benchmark |   1102p.csv: 0 compounds overlap with our Hub
2026-04-16 17:41:04 | INFO  | phase_ext_benchmark |   293p.csv: 0 compounds overlap with our Hub
2026-04-16 17:41:04 | INFO  | phase_ext_benchmark |   189p.csv: 0 compounds overlap with our Hub
2026-04-16 17:41:04 | INFO  | phase_ext_benchmark |   369p.csv: 0 compounds overlap with our Hub
2026-04-16 17:41:04 | INFO  | phase_ext_benchmark |   640p.csv: 0 compounds overlap with our Hub
2026-04-16 17:41:04 | INFO  | phase_ext_benchmark |   1007p.csv: 0 compounds overlap with our Hub
2026-04-16 17:41:04 | INFO  | phase_ext_benchmark |   793p.csv: 0 compounds overlap with our Hub
2026-04-16 17:41:04 | INFO  | phase_ext_benchmark |   926p.csv: 0 compounds overlap with our Hub
2026-04-16 17:41:04 | INFO  | phase_ext_benchmark |   891p.csv: 0 compounds overlap with our Hub
2026-04-16 17:41:04 | INFO  | phase_ext_benchmark |   778p.csv: 0 compounds overlap with our Hub
2026-04-16 17:41:04 | INFO  | phase_ext_benchmark |   1032p.csv: 0 compounds overlap with our Hub
2026-04-16 17:41:04 | INFO  | phase_ext_benchmark |   701p.csv: 0 compounds overlap with our Hub
2026-04-16 17:41:04 | INFO  | phase_ext_benchmark |   1117p.csv: 0 compounds overlap with our Hub
2026-04-16 17:41:04 | INFO  | phase_ext_benchmark |   40p.csv: 0 compounds overlap with our Hub
2026-04-16 17:41:04 | INFO  | phase_ext_benchmark |   318p.csv: 0 compounds overlap with our Hub
2026-04-16 17:41:04 | INFO  | phase_ext_benchmark |   855p.csv: 0 compounds overlap with our Hub
2026-04-16 17:41:04 | INFO  | phase_ext_benchmark |   334p.csv: 0 compounds overlap with our Hub
2026-04-16 17:41:04 | INFO  | phase_ext_benchmark |   276p.csv: 0 compounds overlap with our Hub
2026-04-16 17:41:04 | INFO  | phase_ext_benchmark |   363p.csv: 0 compounds overlap with our Hub
2026-04-16 17:41:04 | INFO  | phase_ext_benchmark |   55p.csv: 0 compounds overlap with our Hub
2026-04-16 17:41:04 | INFO  | phase_ext_benchmark |   307p.csv: 0 compounds overlap with our Hub
2026-04-16 17:41:04 | INFO  | phase_ext_benchmark |   72p.csv: 0 compounds overlap with our Hub
2026-04-16 17:41:04 | INFO  | phase_ext_benchmark |   663p.csv: 0 compounds overlap with our Hub
2026-04-16 17:41:04 | INFO  | phase_ext_benchmark |   75p.csv: 0 compounds overlap with our Hub
2026-04-16 17:41:04 | INFO  | phase_ext_benchmark |   781p.csv: 0 compounds overlap with our Hub
2026-04-16 17:41:04 | INFO  | phase_ext_benchmark |   138p.csv: 0 compounds overlap with our Hub
2026-04-16 17:41:04 | INFO  | phase_ext_benchmark |   787p.csv: 0 compounds overlap with our Hub
2026-04-16 17:41:04 | INFO  | phase_ext_benchmark |   890p.csv: 0 compounds overlap with our Hub
2026-04-16 17:41:04 | INFO  | phase_ext_benchmark |   1125p.csv: 0 compounds overlap with our Hub
2026-04-16 17:41:04 | INFO  | phase_ext_benchmark |   1087p.csv: 0 compounds overlap with our Hub
2026-04-16 17:41:04 | INFO  | phase_ext_benchmark |   299p.csv: 0 compounds overlap with our Hub
2026-04-16 17:41:04 | INFO  | phase_ext_benchmark |   1096p.csv: 0 compounds overlap with our Hub
2026-04-16 17:41:04 | INFO  | phase_ext_benchmark |   729p.csv: 0 compounds overlap with our Hub
2026-04-16 17:41:04 | INFO  | phase_ext_benchmark |   1085p.csv: 0 compounds overlap with our Hub
2026-04-16 17:41:04 | INFO  | phase_ext_benchmark |   259p.csv: 0 compounds overlap with our Hub
2026-04-16 17:41:04 | INFO  | phase_ext_benchmark |   800p.csv: 0 compounds overlap with our Hub
2026-04-16 17:41:04 | INFO  | phase_ext_benchmark |   805p.csv: 0 compounds overlap with our Hub
2026-04-16 17:41:04 | INFO  | phase_ext_benchmark |   174p.csv: 0 compounds overlap with our Hub
2026-04-16 17:41:04 | INFO  | phase_ext_benchmark |   479p.csv: 0 compounds overlap with our Hub
2026-04-16 17:41:04 | INFO  | phase_ext_benchmark |   1016p.csv: 0 compounds overlap with our Hub
2026-04-16 17:41:04 | INFO  | phase_ext_benchmark |   642p.csv: 0 compounds overlap with our Hub
2026-04-16 17:41:04 | INFO  | phase_ext_benchmark |   520p.csv: 0 compounds overlap with our Hub
2026-04-16 17:41:04 | INFO  | phase_ext_benchmark |   283p.csv: 0 compounds overlap with our Hub
2026-04-16 17:41:04 | INFO  | phase_ext_benchmark |   535p.csv: 0 compounds overlap with our Hub
2026-04-16 17:41:04 | INFO  | phase_ext_benchmark |   460p.csv: 0 compounds overlap with our Hub
2026-04-16 17:41:04 | INFO  | phase_ext_benchmark |   899p.csv: 0 compounds overlap with our Hub
2026-04-16 17:41:04 | INFO  | phase_ext_benchmark |   662p.csv: 0 compounds overlap with our Hub
2026-04-16 17:41:04 | INFO  | phase_ext_benchmark |   366p.csv: 0 compounds overlap with our Hub
2026-04-16 17:41:04 | INFO  | phase_ext_benchmark |   705p.csv: 0 compounds overlap with our Hub
2026-04-16 17:41:04 | INFO  | phase_ext_benchmark |   711p.csv: 0 compounds overlap with our Hub
2026-04-16 17:41:04 | INFO  | phase_ext_benchmark |   865p.csv: 0 compounds overlap with our Hub
2026-04-16 17:41:04 | INFO  | phase_ext_benchmark |   99p.csv: 0 compounds overlap with our Hub
2026-04-16 17:41:04 | INFO  | phase_ext_benchmark |   140p.csv: 0 compounds overlap with our Hub
2026-04-16 17:41:04 | INFO  | phase_ext_benchmark |   994p.csv: 0 compounds overlap with our Hub
2026-04-16 17:41:04 | INFO  | phase_ext_benchmark |   863p.csv: 0 compounds overlap with our Hub
2026-04-16 17:41:04 | INFO  | phase_ext_benchmark |   42p.csv: 0 compounds overlap with our Hub
2026-04-16 17:41:04 | INFO  | phase_ext_benchmark |   224p.csv: 0 compounds overlap with our Hub
2026-04-16 17:41:04 | INFO  | phase_ext_benchmark |   894p.csv: 0 compounds overlap with our Hub
2026-04-16 17:41:04 | INFO  | phase_ext_benchmark |   1107p.csv: 0 compounds overlap with our Hub
2026-04-16 17:41:04 | INFO  | phase_ext_benchmark |   601p.csv: 0 compounds overlap with our Hub
2026-04-16 17:41:04 | INFO  | phase_ext_benchmark |   20p.csv: 0 compounds overlap with our Hub
2026-04-16 17:41:04 | INFO  | phase_ext_benchmark |   255p.csv: 0 compounds overlap with our Hub
2026-04-16 17:41:04 | INFO  | phase_ext_benchmark |   204p.csv: 0 compounds overlap with our Hub
2026-04-16 17:41:04 | INFO  | phase_ext_benchmark |   1036p.csv: 0 compounds overlap with our Hub
2026-04-16 17:41:04 | INFO  | phase_ext_benchmark |   133p.csv: 0 compounds overlap with our Hub
2026-04-16 17:41:04 | INFO  | phase_ext_benchmark |   696p.csv: 0 compounds overlap with our Hub
2026-04-16 17:41:04 | INFO  | phase_ext_benchmark |   69p.csv: 0 compounds overlap with our Hub
2026-04-16 17:41:04 | INFO  | phase_ext_benchmark |   524p.csv: 0 compounds overlap with our Hub
2026-04-16 17:41:04 | INFO  | phase_ext_benchmark |   984p.csv: 0 compounds overlap with our Hub
2026-04-16 17:41:04 | INFO  | phase_ext_benchmark |   845p.csv: 0 compounds overlap with our Hub
2026-04-16 17:41:04 | INFO  | phase_ext_benchmark |   339p.csv: 0 compounds overlap with our Hub
2026-04-16 17:41:04 | INFO  | phase_ext_benchmark |   618p.csv: 0 compounds overlap with our Hub
2026-04-16 17:41:04 | INFO  | phase_ext_benchmark |   137p.csv: 0 compounds overlap with our Hub
2026-04-16 17:41:04 | INFO  | phase_ext_benchmark |   830p.csv: 0 compounds overlap with our Hub
2026-04-16 17:41:04 | INFO  | phase_ext_benchmark |   727p.csv: 0 compounds overlap with our Hub
2026-04-16 17:41:04 | INFO  | phase_ext_benchmark |   543p.csv: 0 compounds overlap with our Hub
2026-04-16 17:41:04 | INFO  | phase_ext_benchmark |   710p.csv: 0 compounds overlap with our Hub
2026-04-16 17:41:04 | INFO  | phase_ext_benchmark |   437p.csv: 0 compounds overlap with our Hub
2026-04-16 17:41:04 | INFO  | phase_ext_benchmark |   149p.csv: 0 compounds overlap with our Hub
2026-04-16 17:41:04 | INFO  | phase_ext_benchmark |   148p.csv: 0 compounds overlap with our Hub
2026-04-16 17:41:04 | INFO  | phase_ext_benchmark |   262p.csv: 0 compounds overlap with our Hub
2026-04-16 17:41:04 | INFO  | phase_ext_benchmark |   482p.csv: 0 compounds overlap with our Hub
2026-04-16 17:41:04 | INFO  | phase_ext_benchmark |   893p.csv: 0 compounds overlap with our Hub
2026-04-16 17:41:04 | INFO  | phase_ext_benchmark |   573p.csv: 0 compounds overlap with our Hub
2026-04-16 17:41:04 | INFO  | phase_ext_benchmark |   447p.csv: 0 compounds overlap with our Hub
2026-04-16 17:41:04 | INFO  | phase_ext_benchmark |   132p.csv: 0 compounds overlap with our Hub
2026-04-16 17:41:04 | INFO  | phase_ext_benchmark |   496p.csv: 0 compounds overlap with our Hub
2026-04-16 17:41:04 | INFO  | phase_ext_benchmark |   243p.csv: 0 compounds overlap with our Hub
2026-04-16 17:41:04 | INFO  | phase_ext_benchmark |   725p.csv: 0 compounds overlap with our Hub
2026-04-16 17:41:04 | INFO  | phase_ext_benchmark |   230p.csv: 0 compounds overlap with our Hub
2026-04-16 17:41:04 | INFO  | phase_ext_benchmark |   961p.csv: 0 compounds overlap with our Hub
2026-04-16 17:41:05 | INFO  | phase_ext_benchmark |   252p.csv: 0 compounds overlap with our Hub
2026-04-16 17:41:05 | INFO  | phase_ext_benchmark |   678p.csv: 0 compounds overlap with our Hub
2026-04-16 17:41:05 | INFO  | phase_ext_benchmark |   349p.csv: 0 compounds overlap with our Hub
2026-04-16 17:41:05 | INFO  | phase_ext_benchmark |   841p.csv: 0 compounds overlap with our Hub
2026-04-16 17:41:05 | INFO  | phase_ext_benchmark |   440p.csv: 0 compounds overlap with our Hub
2026-04-16 17:41:05 | INFO  | phase_ext_benchmark |   396p.csv: 0 compounds overlap with our Hub
2026-04-16 17:41:05 | INFO  | phase_ext_benchmark |   470p.csv: 0 compounds overlap with our Hub
2026-04-16 17:41:05 | INFO  | phase_ext_benchmark |   84p.csv: 0 compounds overlap with our Hub
2026-04-16 17:41:05 | INFO  | phase_ext_benchmark |   195p.csv: 0 compounds overlap with our Hub
2026-04-16 17:41:05 | INFO  | phase_ext_benchmark |   947p.csv: 0 compounds overlap with our Hub
2026-04-16 17:41:05 | INFO  | phase_ext_benchmark |   1100p.csv: 0 compounds overlap with our Hub
2026-04-16 17:41:05 | INFO  | phase_ext_benchmark |   1009p.csv: 0 compounds overlap with our Hub
2026-04-16 17:41:05 | INFO  | phase_ext_benchmark |   226p.csv: 0 compounds overlap with our Hub
2026-04-16 17:41:05 | INFO  | phase_ext_benchmark |   518p.csv: 0 compounds overlap with our Hub
2026-04-16 17:41:05 | INFO  | phase_ext_benchmark |   581p.csv: 0 compounds overlap with our Hub
2026-04-16 17:41:05 | INFO  | phase_ext_benchmark |   481p.csv: 0 compounds overlap with our Hub
2026-04-16 17:41:05 | INFO  | phase_ext_benchmark |   328p.csv: 0 compounds overlap with our Hub
2026-04-16 17:41:05 | INFO  | phase_ext_benchmark |   843p.csv: 0 compounds overlap with our Hub
2026-04-16 17:41:05 | INFO  | phase_ext_benchmark |   892p.csv: 0 compounds overlap with our Hub
2026-04-16 17:41:05 | INFO  | phase_ext_benchmark |   422p.csv: 0 compounds overlap with our Hub
2026-04-16 17:41:05 | INFO  | phase_ext_benchmark |   225p.csv: 0 compounds overlap with our Hub
2026-04-16 17:41:05 | INFO  | phase_ext_benchmark |   988p.csv: 0 compounds overlap with our Hub
2026-04-16 17:41:05 | INFO  | phase_ext_benchmark |   50p.csv: 0 compounds overlap with our Hub
2026-04-16 17:41:05 | INFO  | phase_ext_benchmark |   477p.csv: 0 compounds overlap with our Hub
2026-04-16 17:41:05 | INFO  | phase_ext_benchmark |   165p.csv: 0 compounds overlap with our Hub
2026-04-16 17:41:05 | INFO  | phase_ext_benchmark |   478p.csv: 0 compounds overlap with our Hub
2026-04-16 17:41:05 | INFO  | phase_ext_benchmark |   399p.csv: 0 compounds overlap with our Hub
2026-04-16 17:41:05 | INFO  | phase_ext_benchmark |   571p.csv: 0 compounds overlap with our Hub
2026-04-16 17:41:05 | INFO  | phase_ext_benchmark |   592p.csv: 0 compounds overlap with our Hub
2026-04-16 17:41:05 | INFO  | phase_ext_benchmark |   1080p.csv: 0 compounds overlap with our Hub
2026-04-16 17:41:05 | INFO  | phase_ext_benchmark |   1014p.csv: 0 compounds overlap with our Hub
2026-04-16 17:41:05 | INFO  | phase_ext_benchmark |   1116p.csv: 0 compounds overlap with our Hub
2026-04-16 17:41:05 | INFO  | phase_ext_benchmark |   19p.csv: 0 compounds overlap with our Hub
2026-04-16 17:41:05 | INFO  | phase_ext_benchmark |   608p.csv: 0 compounds overlap with our Hub
2026-04-16 17:41:05 | INFO  | phase_ext_benchmark |   81p.csv: 0 compounds overlap with our Hub
2026-04-16 17:41:05 | INFO  | phase_ext_benchmark |   38p.csv: 0 compounds overlap with our Hub
2026-04-16 17:41:05 | INFO  | phase_ext_benchmark |   1029p.csv: 0 compounds overlap with our Hub
2026-04-16 17:41:05 | INFO  | phase_ext_benchmark |   409p.csv: 0 compounds overlap with our Hub
2026-04-16 17:41:05 | INFO  | phase_ext_benchmark |   443p.csv: 0 compounds overlap with our Hub
2026-04-16 17:41:05 | INFO  | phase_ext_benchmark |   375p.csv: 0 compounds overlap with our Hub
2026-04-16 17:41:05 | INFO  | phase_ext_benchmark |   794p.csv: 0 compounds overlap with our Hub
2026-04-16 17:41:05 | INFO  | phase_ext_benchmark |   1114p.csv: 0 compounds overlap with our Hub
2026-04-16 17:41:05 | INFO  | phase_ext_benchmark |   26p.csv: 0 compounds overlap with our Hub
2026-04-16 17:41:05 | INFO  | phase_ext_benchmark |   985p.csv: 0 compounds overlap with our Hub
2026-04-16 17:41:05 | INFO  | phase_ext_benchmark |   241p.csv: 0 compounds overlap with our Hub
2026-04-16 17:41:05 | INFO  | phase_ext_benchmark |   698p.csv: 0 compounds overlap with our Hub
2026-04-16 17:41:05 | INFO  | phase_ext_benchmark |   1041p.csv: 0 compounds overlap with our Hub
2026-04-16 17:41:05 | INFO  | phase_ext_benchmark |   147p.csv: 0 compounds overlap with our Hub
2026-04-16 17:41:05 | INFO  | phase_ext_benchmark |   587p.csv: 0 compounds overlap with our Hub
2026-04-16 17:41:05 | INFO  | phase_ext_benchmark |   1074p.csv: 0 compounds overlap with our Hub
2026-04-16 17:41:05 | INFO  | phase_ext_benchmark |   993p.csv: 0 compounds overlap with our Hub
2026-04-16 17:41:05 | INFO  | phase_ext_benchmark |   503p.csv: 0 compounds overlap with our Hub
2026-04-16 17:41:05 | INFO  | phase_ext_benchmark |   1054p.csv: 0 compounds overlap with our Hub
2026-04-16 17:41:05 | INFO  | phase_ext_benchmark |   43p.csv: 0 compounds overlap with our Hub
2026-04-16 17:41:05 | INFO  | phase_ext_benchmark |   1058p.csv: 0 compounds overlap with our Hub
2026-04-16 17:41:05 | INFO  | phase_ext_benchmark |   531p.csv: 0 compounds overlap with our Hub
2026-04-16 17:41:05 | INFO  | phase_ext_benchmark |   972p.csv: 0 compounds overlap with our Hub
2026-04-16 17:41:05 | INFO  | phase_ext_benchmark |   569p.csv: 0 compounds overlap with our Hub
2026-04-16 17:41:05 | INFO  | phase_ext_benchmark |   607p.csv: 0 compounds overlap with our Hub
2026-04-16 17:41:05 | INFO  | phase_ext_benchmark |   1070p.csv: 0 compounds overlap with our Hub
2026-04-16 17:41:05 | INFO  | phase_ext_benchmark |   692p.csv: 0 compounds overlap with our Hub
2026-04-16 17:41:05 | INFO  | phase_ext_benchmark |   1078p.csv: 0 compounds overlap with our Hub
2026-04-16 17:41:05 | INFO  | phase_ext_benchmark |   469p.csv: 0 compounds overlap with our Hub
2026-04-16 17:41:05 | INFO  | phase_ext_benchmark |   197p.csv: 0 compounds overlap with our Hub
2026-04-16 17:41:05 | INFO  | phase_ext_benchmark |   386p.csv: 0 compounds overlap with our Hub
2026-04-16 17:41:05 | INFO  | phase_ext_benchmark |   446p.csv: 0 compounds overlap with our Hub
2026-04-16 17:41:05 | INFO  | phase_ext_benchmark |   1033p.csv: 0 compounds overlap with our Hub
2026-04-16 17:41:05 | INFO  | phase_ext_benchmark |   256p.csv: 0 compounds overlap with our Hub
2026-04-16 17:41:05 | INFO  | phase_ext_benchmark |   835p.csv: 0 compounds overlap with our Hub
2026-04-16 17:41:05 | INFO  | phase_ext_benchmark |   627p.csv: 0 compounds overlap with our Hub
2026-04-16 17:41:05 | INFO  | phase_ext_benchmark |   879p.csv: 0 compounds overlap with our Hub
2026-04-16 17:41:05 | INFO  | phase_ext_benchmark |   772p.csv: 0 compounds overlap with our Hub
2026-04-16 17:41:05 | INFO  | phase_ext_benchmark |   329p.csv: 0 compounds overlap with our Hub
2026-04-16 17:41:05 | INFO  | phase_ext_benchmark |   932p.csv: 0 compounds overlap with our Hub
2026-04-16 17:41:05 | INFO  | phase_ext_benchmark |   938p.csv: 0 compounds overlap with our Hub
2026-04-16 17:41:05 | INFO  | phase_ext_benchmark |   876p.csv: 0 compounds overlap with our Hub
2026-04-16 17:41:05 | INFO  | phase_ext_benchmark |   190p.csv: 0 compounds overlap with our Hub
2026-04-16 17:41:05 | INFO  | phase_ext_benchmark |   161p.csv: 0 compounds overlap with our Hub
2026-04-16 17:41:05 | INFO  | phase_ext_benchmark |   11p.csv: 0 compounds overlap with our Hub
2026-04-16 17:41:05 | INFO  | phase_ext_benchmark |   704p.csv: 0 compounds overlap with our Hub
2026-04-16 17:41:05 | INFO  | phase_ext_benchmark |   17p.csv: 0 compounds overlap with our Hub
2026-04-16 17:41:05 | INFO  | phase_ext_benchmark |   80p.csv: 0 compounds overlap with our Hub
2026-04-16 17:41:05 | INFO  | phase_ext_benchmark |   922p.csv: 0 compounds overlap with our Hub
2026-04-16 17:41:05 | INFO  | phase_ext_benchmark |   958p.csv: 0 compounds overlap with our Hub
2026-04-16 17:41:05 | INFO  | phase_ext_benchmark |   493p.csv: 0 compounds overlap with our Hub
2026-04-16 17:41:05 | INFO  | phase_ext_benchmark |   733p.csv: 0 compounds overlap with our Hub
2026-04-16 17:41:05 | INFO  | phase_ext_benchmark |   757p.csv: 0 compounds overlap with our Hub
2026-04-16 17:41:05 | INFO  | phase_ext_benchmark |   358p.csv: 0 compounds overlap with our Hub
2026-04-16 17:41:05 | INFO  | phase_ext_benchmark |   1113p.csv: 0 compounds overlap with our Hub
2026-04-16 17:41:05 | INFO  | phase_ext_benchmark |   577p.csv: 0 compounds overlap with our Hub
2026-04-16 17:41:05 | INFO  | phase_ext_benchmark |   60p.csv: 0 compounds overlap with our Hub
2026-04-16 17:41:05 | INFO  | phase_ext_benchmark |   760p.csv: 0 compounds overlap with our Hub
2026-04-16 17:41:05 | INFO  | phase_ext_benchmark |   979p.csv: 0 compounds overlap with our Hub
2026-04-16 17:41:05 | INFO  | phase_ext_benchmark |   934p.csv: 0 compounds overlap with our Hub
2026-04-16 17:41:05 | INFO  | phase_ext_benchmark |   620p.csv: 0 compounds overlap with our Hub
2026-04-16 17:41:05 | INFO  | phase_ext_benchmark |   427p.csv: 0 compounds overlap with our Hub
2026-04-16 17:41:05 | INFO  | phase_ext_benchmark |   949p.csv: 0 compounds overlap with our Hub
2026-04-16 17:41:05 | INFO  | phase_ext_benchmark |   527p.csv: 0 compounds overlap with our Hub
2026-04-16 17:41:05 | INFO  | phase_ext_benchmark |   1092p.csv: 0 compounds overlap with our Hub
2026-04-16 17:41:05 | INFO  | phase_ext_benchmark |   808p.csv: 0 compounds overlap with our Hub
2026-04-16 17:41:05 | INFO  | phase_ext_benchmark |   77p.csv: 0 compounds overlap with our Hub
2026-04-16 17:41:06 | INFO  | phase_ext_benchmark |   670p.csv: 0 compounds overlap with our Hub
2026-04-16 17:41:06 | INFO  | phase_ext_benchmark |   203p.csv: 0 compounds overlap with our Hub
2026-04-16 17:41:06 | INFO  | phase_ext_benchmark |   357p.csv: 0 compounds overlap with our Hub
2026-04-16 17:41:06 | INFO  | phase_ext_benchmark |   76p.csv: 0 compounds overlap with our Hub
2026-04-16 17:41:06 | INFO  | phase_ext_benchmark |   758p.csv: 0 compounds overlap with our Hub
2026-04-16 17:41:06 | INFO  | phase_ext_benchmark |   322p.csv: 0 compounds overlap with our Hub
2026-04-16 17:41:06 | INFO  | phase_ext_benchmark |   494p.csv: 0 compounds overlap with our Hub
2026-04-16 17:41:06 | INFO  | phase_ext_benchmark |   563p.csv: 0 compounds overlap with our Hub
2026-04-16 17:41:06 | INFO  | phase_ext_benchmark |   963p.csv: 0 compounds overlap with our Hub
2026-04-16 17:41:06 | INFO  | phase_ext_benchmark |   991p.csv: 0 compounds overlap with our Hub
2026-04-16 17:41:06 | INFO  | phase_ext_benchmark |   100p.csv: 0 compounds overlap with our Hub
2026-04-16 17:41:06 | INFO  | phase_ext_benchmark |   62p.csv: 0 compounds overlap with our Hub
2026-04-16 17:41:06 | INFO  | phase_ext_benchmark |   308p.csv: 0 compounds overlap with our Hub
2026-04-16 17:41:06 | INFO  | phase_ext_benchmark |   325p.csv: 0 compounds overlap with our Hub
2026-04-16 17:41:06 | INFO  | phase_ext_benchmark |   815p.csv: 0 compounds overlap with our Hub
2026-04-16 17:41:06 | INFO  | phase_ext_benchmark |   160p.csv: 0 compounds overlap with our Hub
2026-04-16 17:41:06 | INFO  | phase_ext_benchmark |   21p.csv: 0 compounds overlap with our Hub
2026-04-16 17:41:06 | INFO  | phase_ext_benchmark |   1094p.csv: 0 compounds overlap with our Hub
2026-04-16 17:41:06 | INFO  | phase_ext_benchmark |   288p.csv: 0 compounds overlap with our Hub
2026-04-16 17:41:06 | INFO  | phase_ext_benchmark |   774p.csv: 0 compounds overlap with our Hub
2026-04-16 17:41:06 | INFO  | phase_ext_benchmark |   1027p.csv: 0 compounds overlap with our Hub
2026-04-16 17:41:06 | INFO  | phase_ext_benchmark |   945p.csv: 0 compounds overlap with our Hub
2026-04-16 17:41:06 | INFO  | phase_ext_benchmark |   231p.csv: 0 compounds overlap with our Hub
2026-04-16 17:41:06 | INFO  | phase_ext_benchmark |   574p.csv: 0 compounds overlap with our Hub
2026-04-16 17:41:06 | INFO  | phase_ext_benchmark |   770p.csv: 0 compounds overlap with our Hub
2026-04-16 17:41:06 | INFO  | phase_ext_benchmark |   232p.csv: 0 compounds overlap with our Hub
2026-04-16 17:41:06 | INFO  | phase_ext_benchmark |   995p.csv: 0 compounds overlap with our Hub
2026-04-16 17:41:06 | INFO  | phase_ext_benchmark |   552p.csv: 0 compounds overlap with our Hub
2026-04-16 17:41:06 | INFO  | phase_ext_benchmark |   380p.csv: 0 compounds overlap with our Hub
2026-04-16 17:41:06 | INFO  | phase_ext_benchmark |   554p.csv: 0 compounds overlap with our Hub
2026-04-16 17:41:06 | INFO  | phase_ext_benchmark |   516p.csv: 0 compounds overlap with our Hub
2026-04-16 17:41:06 | INFO  | phase_ext_benchmark |   510p.csv: 0 compounds overlap with our Hub
2026-04-16 17:41:06 | INFO  | phase_ext_benchmark |   385p.csv: 0 compounds overlap with our Hub
2026-04-16 17:41:06 | INFO  | phase_ext_benchmark |   603p.csv: 0 compounds overlap with our Hub
2026-04-16 17:41:06 | INFO  | phase_ext_benchmark |   402p.csv: 0 compounds overlap with our Hub
2026-04-16 17:41:06 | INFO  | phase_ext_benchmark |   253p.csv: 0 compounds overlap with our Hub
2026-04-16 17:41:06 | INFO  | phase_ext_benchmark |   473p.csv: 0 compounds overlap with our Hub
2026-04-16 17:41:06 | INFO  | phase_ext_benchmark |   417p.csv: 0 compounds overlap with our Hub
2026-04-16 17:41:06 | INFO  | phase_ext_benchmark |   48p.csv: 0 compounds overlap with our Hub
2026-04-16 17:41:06 | INFO  | phase_ext_benchmark |   111p.csv: 0 compounds overlap with our Hub
2026-04-16 17:41:06 | INFO  | phase_ext_benchmark |   266p.csv: 0 compounds overlap with our Hub
2026-04-16 17:41:06 | INFO  | phase_ext_benchmark |   258p.csv: 0 compounds overlap with our Hub
2026-04-16 17:41:06 | INFO  | phase_ext_benchmark |   578p.csv: 0 compounds overlap with our Hub
2026-04-16 17:41:06 | INFO  | phase_ext_benchmark |   67p.csv: 0 compounds overlap with our Hub
2026-04-16 17:41:06 | INFO  | phase_ext_benchmark |   291p.csv: 0 compounds overlap with our Hub
2026-04-16 17:41:06 | INFO  | phase_ext_benchmark |   878p.csv: 0 compounds overlap with our Hub
2026-04-16 17:41:06 | INFO  | phase_ext_benchmark |   1082p.csv: 0 compounds overlap with our Hub
2026-04-16 17:41:06 | INFO  | phase_ext_benchmark |   216p.csv: 0 compounds overlap with our Hub
2026-04-16 17:41:06 | INFO  | phase_ext_benchmark |   289p.csv: 0 compounds overlap with our Hub
2026-04-16 17:41:06 | INFO  | phase_ext_benchmark |   886p.csv: 0 compounds overlap with our Hub
2026-04-16 17:41:06 | INFO  | phase_ext_benchmark |   182p.csv: 0 compounds overlap with our Hub
2026-04-16 17:41:06 | INFO  | phase_ext_benchmark |   362p.csv: 0 compounds overlap with our Hub
2026-04-16 17:41:06 | INFO  | phase_ext_benchmark |   1003p.csv: 0 compounds overlap with our Hub
2026-04-16 17:41:06 | INFO  | phase_ext_benchmark |   261p.csv: 0 compounds overlap with our Hub
2026-04-16 17:41:06 | INFO  | phase_ext_benchmark |   706p.csv: 0 compounds overlap with our Hub
2026-04-16 17:41:06 | INFO  | phase_ext_benchmark |   128p.csv: 0 compounds overlap with our Hub
2026-04-16 17:41:06 | INFO  | phase_ext_benchmark |   260p.csv: 0 compounds overlap with our Hub
2026-04-16 17:41:06 | INFO  | phase_ext_benchmark |   168p.csv: 0 compounds overlap with our Hub
2026-04-16 17:41:06 | INFO  | phase_ext_benchmark |   294p.csv: 0 compounds overlap with our Hub
2026-04-16 17:41:06 | INFO  | phase_ext_benchmark |   1120p.csv: 0 compounds overlap with our Hub
2026-04-16 17:41:06 | INFO  | phase_ext_benchmark |   866p.csv: 0 compounds overlap with our Hub
2026-04-16 17:41:06 | INFO  | phase_ext_benchmark |   941p.csv: 0 compounds overlap with our Hub
2026-04-16 17:41:06 | INFO  | phase_ext_benchmark |   373p.csv: 0 compounds overlap with our Hub
2026-04-16 17:41:06 | INFO  | phase_ext_benchmark |   634p.csv: 0 compounds overlap with our Hub
2026-04-16 17:41:06 | INFO  | phase_ext_benchmark |   205p.csv: 0 compounds overlap with our Hub
2026-04-16 17:41:06 | INFO  | phase_ext_benchmark |   751p.csv: 0 compounds overlap with our Hub
2026-04-16 17:41:06 | INFO  | phase_ext_benchmark |   1067p.csv: 0 compounds overlap with our Hub
2026-04-16 17:41:06 | INFO  | phase_ext_benchmark |   92p.csv: 0 compounds overlap with our Hub
2026-04-16 17:41:06 | INFO  | phase_ext_benchmark |   305p.csv: 0 compounds overlap with our Hub
2026-04-16 17:41:06 | INFO  | phase_ext_benchmark |   809p.csv: 0 compounds overlap with our Hub
2026-04-16 17:41:06 | INFO  | phase_ext_benchmark |   170p.csv: 0 compounds overlap with our Hub
2026-04-16 17:41:06 | INFO  | phase_ext_benchmark |   987p.csv: 0 compounds overlap with our Hub
2026-04-16 17:41:06 | INFO  | phase_ext_benchmark |   250p.csv: 0 compounds overlap with our Hub
2026-04-16 17:41:06 | INFO  | phase_ext_benchmark |   441p.csv: 0 compounds overlap with our Hub
2026-04-16 17:41:06 | INFO  | phase_ext_benchmark |   234p.csv: 0 compounds overlap with our Hub
2026-04-16 17:41:06 | INFO  | phase_ext_benchmark |   974p.csv: 0 compounds overlap with our Hub
2026-04-16 17:41:06 | INFO  | phase_ext_benchmark |   885p.csv: 0 compounds overlap with our Hub
2026-04-16 17:41:06 | INFO  | phase_ext_benchmark |   93p.csv: 0 compounds overlap with our Hub
2026-04-16 17:41:06 | INFO  | phase_ext_benchmark |   1063p.csv: 0 compounds overlap with our Hub
2026-04-16 17:41:06 | INFO  | phase_ext_benchmark |   142p.csv: 0 compounds overlap with our Hub
2026-04-16 17:41:06 | INFO  | phase_ext_benchmark |   435p.csv: 0 compounds overlap with our Hub
2026-04-16 17:41:06 | INFO  | phase_ext_benchmark |   907p.csv: 0 compounds overlap with our Hub
2026-04-16 17:41:06 | INFO  | phase_ext_benchmark |   1050p.csv: 0 compounds overlap with our Hub
2026-04-16 17:41:06 | INFO  | phase_ext_benchmark |   839p.csv: 0 compounds overlap with our Hub
2026-04-16 17:41:06 | INFO  | phase_ext_benchmark |   94p.csv: 0 compounds overlap with our Hub
2026-04-16 17:41:06 | INFO  | phase_ext_benchmark |   565p.csv: 0 compounds overlap with our Hub
2026-04-16 17:41:06 | INFO  | phase_ext_benchmark |   8p.csv: 0 compounds overlap with our Hub
2026-04-16 17:41:06 | INFO  | phase_ext_benchmark |   218p.csv: 0 compounds overlap with our Hub
2026-04-16 17:41:06 | INFO  | phase_ext_benchmark |   908p.csv: 0 compounds overlap with our Hub
2026-04-16 17:41:06 | INFO  | phase_ext_benchmark |   389p.csv: 0 compounds overlap with our Hub
2026-04-16 17:41:06 | INFO  | phase_ext_benchmark |   575p.csv: 0 compounds overlap with our Hub
2026-04-16 17:41:06 | INFO  | phase_ext_benchmark |   341p.csv: 0 compounds overlap with our Hub
2026-04-16 17:41:06 | INFO  | phase_ext_benchmark |   1066p.csv: 0 compounds overlap with our Hub
2026-04-16 17:41:06 | INFO  | phase_ext_benchmark |   806p.csv: 0 compounds overlap with our Hub
2026-04-16 17:41:06 | INFO  | phase_ext_benchmark |   943p.csv: 0 compounds overlap with our Hub
2026-04-16 17:41:06 | INFO  | phase_ext_benchmark |   940p.csv: 0 compounds overlap with our Hub
2026-04-16 17:41:06 | INFO  | phase_ext_benchmark |   1020p.csv: 0 compounds overlap with our Hub
2026-04-16 17:41:06 | INFO  | phase_ext_benchmark |   720p.csv: 0 compounds overlap with our Hub
2026-04-16 17:41:06 | INFO  | phase_ext_benchmark |   464p.csv: 0 compounds overlap with our Hub
2026-04-16 17:41:06 | INFO  | phase_ext_benchmark |   736p.csv: 0 compounds overlap with our Hub
2026-04-16 17:41:06 | INFO  | phase_ext_benchmark |   420p.csv: 0 compounds overlap with our Hub
2026-04-16 17:41:06 | INFO  | phase_ext_benchmark |   364p.csv: 0 compounds overlap with our Hub
2026-04-16 17:41:06 | INFO  | phase_ext_benchmark |   180p.csv: 0 compounds overlap with our Hub
2026-04-16 17:41:06 | INFO  | phase_ext_benchmark |   968p.csv: 1 compounds overlap with our Hub
2026-04-16 17:41:06 | INFO  | phase_ext_benchmark |   316p.csv: 0 compounds overlap with our Hub
2026-04-16 17:41:06 | INFO  | phase_ext_benchmark |   1084p.csv: 0 compounds overlap with our Hub
2026-04-16 17:41:06 | INFO  | phase_ext_benchmark |   31p.csv: 0 compounds overlap with our Hub
2026-04-16 17:41:06 | INFO  | phase_ext_benchmark |   346p.csv: 0 compounds overlap with our Hub
2026-04-16 17:41:06 | INFO  | phase_ext_benchmark |   187p.csv: 0 compounds overlap with our Hub
2026-04-16 17:41:06 | INFO  | phase_ext_benchmark |   181p.csv: 0 compounds overlap with our Hub
2026-04-16 17:41:07 | INFO  | phase_ext_benchmark |   540p.csv: 0 compounds overlap with our Hub
2026-04-16 17:41:07 | INFO  | phase_ext_benchmark |   836p.csv: 0 compounds overlap with our Hub
2026-04-16 17:41:07 | INFO  | phase_ext_benchmark |   96p.csv: 0 compounds overlap with our Hub
2026-04-16 17:41:07 | INFO  | phase_ext_benchmark |   337p.csv: 0 compounds overlap with our Hub
2026-04-16 17:41:07 | INFO  | phase_ext_benchmark |   761p.csv: 0 compounds overlap with our Hub
2026-04-16 17:41:07 | INFO  | phase_ext_benchmark |   749p.csv: 0 compounds overlap with our Hub
2026-04-16 17:41:07 | INFO  | phase_ext_benchmark |   798p.csv: 1 compounds overlap with our Hub
2026-04-16 17:41:07 | INFO  | phase_ext_benchmark |   64p.csv: 0 compounds overlap with our Hub
2026-04-16 17:41:07 | INFO  | phase_ext_benchmark |   424p.csv: 0 compounds overlap with our Hub
2026-04-16 17:41:07 | INFO  | phase_ext_benchmark |   998p.csv: 0 compounds overlap with our Hub
2026-04-16 17:41:07 | INFO  | phase_ext_benchmark |   330p.csv: 0 compounds overlap with our Hub
2026-04-16 17:41:07 | INFO  | phase_ext_benchmark |   541p.csv: 0 compounds overlap with our Hub
2026-04-16 17:41:07 | INFO  | phase_ext_benchmark |   303p.csv: 0 compounds overlap with our Hub
2026-04-16 17:41:07 | INFO  | phase_ext_benchmark |   74p.csv: 0 compounds overlap with our Hub
2026-04-16 17:41:07 | INFO  | phase_ext_benchmark |   545p.csv: 0 compounds overlap with our Hub
2026-04-16 17:41:07 | INFO  | phase_ext_benchmark |   1026p.csv: 0 compounds overlap with our Hub
2026-04-16 17:41:07 | INFO  | phase_ext_benchmark |   680p.csv: 0 compounds overlap with our Hub
2026-04-16 17:41:07 | INFO  | phase_ext_benchmark |   1018p.csv: 0 compounds overlap with our Hub
2026-04-16 17:41:07 | INFO  | phase_ext_benchmark |   166p.csv: 0 compounds overlap with our Hub
2026-04-16 17:41:07 | INFO  | phase_ext_benchmark |   1028p.csv: 0 compounds overlap with our Hub
2026-04-16 17:41:07 | INFO  | phase_ext_benchmark |   1051p.csv: 0 compounds overlap with our Hub
2026-04-16 17:41:07 | INFO  | phase_ext_benchmark |   786p.csv: 0 compounds overlap with our Hub
2026-04-16 17:41:07 | INFO  | phase_ext_benchmark |   909p.csv: 0 compounds overlap with our Hub
2026-04-16 17:41:07 | INFO  | phase_ext_benchmark |   229p.csv: 0 compounds overlap with our Hub
2026-04-16 17:41:07 | INFO  | phase_ext_benchmark |   419p.csv: 0 compounds overlap with our Hub
2026-04-16 17:41:07 | INFO  | phase_ext_benchmark |   37p.csv: 0 compounds overlap with our Hub
2026-04-16 17:41:07 | INFO  | phase_ext_benchmark |   1061p.csv: 0 compounds overlap with our Hub
2026-04-16 17:41:07 | INFO  | phase_ext_benchmark |   49p.csv: 0 compounds overlap with our Hub
2026-04-16 17:41:07 | INFO  | phase_ext_benchmark |   585p.csv: 0 compounds overlap with our Hub
2026-04-16 17:41:07 | INFO  | phase_ext_benchmark |   101p.csv: 0 compounds overlap with our Hub
2026-04-16 17:41:07 | INFO  | phase_ext_benchmark |   519p.csv: 0 compounds overlap with our Hub
2026-04-16 17:41:07 | INFO  | phase_ext_benchmark |   210p.csv: 0 compounds overlap with our Hub
2026-04-16 17:41:07 | INFO  | phase_ext_benchmark |   609p.csv: 0 compounds overlap with our Hub
2026-04-16 17:41:07 | INFO  | phase_ext_benchmark |   383p.csv: 0 compounds overlap with our Hub
2026-04-16 17:41:07 | INFO  | phase_ext_benchmark |   895p.csv: 0 compounds overlap with our Hub
2026-04-16 17:41:07 | INFO  | phase_ext_benchmark |   456p.csv: 0 compounds overlap with our Hub
2026-04-16 17:41:07 | INFO  | phase_ext_benchmark |   810p.csv: 0 compounds overlap with our Hub
2026-04-16 17:41:07 | INFO  | phase_ext_benchmark |   429p.csv: 0 compounds overlap with our Hub
2026-04-16 17:41:07 | INFO  | phase_ext_benchmark |   703p.csv: 0 compounds overlap with our Hub
2026-04-16 17:41:07 | INFO  | phase_ext_benchmark |   58p.csv: 0 compounds overlap with our Hub
2026-04-16 17:41:07 | INFO  | phase_ext_benchmark |   352p.csv: 0 compounds overlap with our Hub
2026-04-16 17:41:07 | INFO  | phase_ext_benchmark |   344p.csv: 0 compounds overlap with our Hub
2026-04-16 17:41:07 | INFO  | phase_ext_benchmark |   66p.csv: 0 compounds overlap with our Hub
2026-04-16 17:41:07 | INFO  | phase_ext_benchmark |   29p.csv: 0 compounds overlap with our Hub
2026-04-16 17:41:07 | INFO  | phase_ext_benchmark |   821p.csv: 0 compounds overlap with our Hub
2026-04-16 17:41:07 | INFO  | phase_ext_benchmark |   955p.csv: 0 compounds overlap with our Hub
2026-04-16 17:41:07 | INFO  | phase_ext_benchmark |   209p.csv: 0 compounds overlap with our Hub
2026-04-16 17:41:07 | INFO  | phase_ext_benchmark |   791p.csv: 0 compounds overlap with our Hub
2026-04-16 17:41:07 | INFO  | phase_ext_benchmark |   1098p.csv: 0 compounds overlap with our Hub
2026-04-16 17:41:07 | INFO  | phase_ext_benchmark |   782p.csv: 0 compounds overlap with our Hub
2026-04-16 17:41:07 | INFO  | phase_ext_benchmark |   561p.csv: 0 compounds overlap with our Hub
2026-04-16 17:41:07 | INFO  | phase_ext_benchmark |   956p.csv: 0 compounds overlap with our Hub
2026-04-16 17:41:07 | INFO  | phase_ext_benchmark |   217p.csv: 0 compounds overlap with our Hub
2026-04-16 17:41:07 | INFO  | phase_ext_benchmark |   576p.csv: 0 compounds overlap with our Hub
2026-04-16 17:41:07 | INFO  | phase_ext_benchmark |   917p.csv: 0 compounds overlap with our Hub
2026-04-16 17:41:07 | INFO  | phase_ext_benchmark |   881p.csv: 0 compounds overlap with our Hub
2026-04-16 17:41:07 | INFO  | phase_ext_benchmark |   551p.csv: 0 compounds overlap with our Hub
2026-04-16 17:41:07 | INFO  | phase_ext_benchmark |   654p.csv: 0 compounds overlap with our Hub
2026-04-16 17:41:07 | INFO  | phase_ext_benchmark |   360p.csv: 0 compounds overlap with our Hub
2026-04-16 17:41:07 | INFO  | phase_ext_benchmark |   667p.csv: 0 compounds overlap with our Hub
2026-04-16 17:41:07 | INFO  | phase_ext_benchmark |   221p.csv: 0 compounds overlap with our Hub
2026-04-16 17:41:07 | INFO  | phase_ext_benchmark |   208p.csv: 0 compounds overlap with our Hub
2026-04-16 17:41:07 | INFO  | phase_ext_benchmark |   691p.csv: 0 compounds overlap with our Hub
2026-04-16 17:41:07 | INFO  | phase_ext_benchmark |   602p.csv: 0 compounds overlap with our Hub
2026-04-16 17:41:07 | INFO  | phase_ext_benchmark |   834p.csv: 0 compounds overlap with our Hub
2026-04-16 17:41:07 | INFO  | phase_ext_benchmark |   723p.csv: 0 compounds overlap with our Hub
2026-04-16 17:41:07 | INFO  | phase_ext_benchmark |   78p.csv: 0 compounds overlap with our Hub
2026-04-16 17:41:07 | INFO  | phase_ext_benchmark |   191p.csv: 0 compounds overlap with our Hub
2026-04-16 17:41:07 | INFO  | phase_ext_benchmark |   1081p.csv: 0 compounds overlap with our Hub
2026-04-16 17:41:07 | INFO  | phase_ext_benchmark |   754p.csv: 0 compounds overlap with our Hub
2026-04-16 17:41:07 | INFO  | phase_ext_benchmark |   652p.csv: 0 compounds overlap with our Hub
2026-04-16 17:41:07 | INFO  | phase_ext_benchmark |   712p.csv: 0 compounds overlap with our Hub
2026-04-16 17:41:07 | INFO  | phase_ext_benchmark |   549p.csv: 0 compounds overlap with our Hub
2026-04-16 17:41:07 | INFO  | phase_ext_benchmark |   597p.csv: 0 compounds overlap with our Hub
2026-04-16 17:41:07 | INFO  | phase_ext_benchmark |   867p.csv: 0 compounds overlap with our Hub
2026-04-16 17:41:07 | INFO  | phase_ext_benchmark |   143p.csv: 0 compounds overlap with our Hub
2026-04-16 17:41:07 | INFO  | phase_ext_benchmark |   719p.csv: 0 compounds overlap with our Hub
2026-04-16 17:41:07 | INFO  | phase_ext_benchmark |   653p.csv: 0 compounds overlap with our Hub
2026-04-16 17:41:07 | INFO  | phase_ext_benchmark |   392p.csv: 0 compounds overlap with our Hub
2026-04-16 17:41:07 | INFO  | phase_ext_benchmark |   426p.csv: 0 compounds overlap with our Hub
2026-04-16 17:41:07 | INFO  | phase_ext_benchmark |   767p.csv: 0 compounds overlap with our Hub
2026-04-16 17:41:07 | INFO  | phase_ext_benchmark |   732p.csv: 0 compounds overlap with our Hub
2026-04-16 17:41:07 | INFO  | phase_ext_benchmark |   643p.csv: 0 compounds overlap with our Hub
2026-04-16 17:41:07 | INFO  | phase_ext_benchmark |   175p.csv: 0 compounds overlap with our Hub
2026-04-16 17:41:07 | INFO  | phase_ext_benchmark |   919p.csv: 0 compounds overlap with our Hub
2026-04-16 17:41:07 | INFO  | phase_ext_benchmark |   331p.csv: 0 compounds overlap with our Hub
2026-04-16 17:41:07 | INFO  | phase_ext_benchmark |   911p.csv: 0 compounds overlap with our Hub
2026-04-16 17:41:07 | INFO  | phase_ext_benchmark |   418p.csv: 0 compounds overlap with our Hub
2026-04-16 17:41:07 | INFO  | phase_ext_benchmark |   833p.csv: 0 compounds overlap with our Hub
2026-04-16 17:41:07 | INFO  | phase_ext_benchmark |   1093p.csv: 0 compounds overlap with our Hub
2026-04-16 17:41:07 | INFO  | phase_ext_benchmark |   966p.csv: 0 compounds overlap with our Hub
2026-04-16 17:41:07 | INFO  | phase_ext_benchmark |   247p.csv: 0 compounds overlap with our Hub
2026-04-16 17:41:07 | INFO  | phase_ext_benchmark |   1112p.csv: 0 compounds overlap with our Hub
2026-04-16 17:41:07 | INFO  | phase_ext_benchmark |   976p.csv: 0 compounds overlap with our Hub
2026-04-16 17:41:07 | INFO  | phase_ext_benchmark |   459p.csv: 0 compounds overlap with our Hub
2026-04-16 17:41:07 | INFO  | phase_ext_benchmark |   1115p.csv: 0 compounds overlap with our Hub
2026-04-16 17:41:07 | INFO  | phase_ext_benchmark |   973p.csv: 0 compounds overlap with our Hub
2026-04-16 17:41:07 | INFO  | phase_ext_benchmark |   458p.csv: 0 compounds overlap with our Hub
2026-04-16 17:41:07 | INFO  | phase_ext_benchmark |   200p.csv: 0 compounds overlap with our Hub
2026-04-16 17:41:07 | INFO  | phase_ext_benchmark |   840p.csv: 0 compounds overlap with our Hub
2026-04-16 17:41:07 | INFO  | phase_ext_benchmark |   1097p.csv: 0 compounds overlap with our Hub
2026-04-16 17:41:07 | INFO  | phase_ext_benchmark |   661p.csv: 0 compounds overlap with our Hub
2026-04-16 17:41:07 | INFO  | phase_ext_benchmark |   126p.csv: 0 compounds overlap with our Hub
2026-04-16 17:41:07 | INFO  | phase_ext_benchmark |   645p.csv: 0 compounds overlap with our Hub
2026-04-16 17:41:08 | INFO  | phase_ext_benchmark |   517p.csv: 0 compounds overlap with our Hub
2026-04-16 17:41:08 | INFO  | phase_ext_benchmark |   159p.csv: 0 compounds overlap with our Hub
2026-04-16 17:41:08 | INFO  | phase_ext_benchmark |   567p.csv: 0 compounds overlap with our Hub
2026-04-16 17:41:08 | INFO  | phase_ext_benchmark |   79p.csv: 0 compounds overlap with our Hub
2026-04-16 17:41:08 | INFO  | phase_ext_benchmark |   172p.csv: 0 compounds overlap with our Hub
2026-04-16 17:41:08 | INFO  | phase_ext_benchmark |   244p.csv: 0 compounds overlap with our Hub
2026-04-16 17:41:08 | INFO  | phase_ext_benchmark |   1000p.csv: 0 compounds overlap with our Hub
2026-04-16 17:41:08 | INFO  | phase_ext_benchmark |   450p.csv: 0 compounds overlap with our Hub
2026-04-16 17:41:08 | INFO  | phase_ext_benchmark |   666p.csv: 0 compounds overlap with our Hub
2026-04-16 17:41:08 | INFO  | phase_ext_benchmark |   544p.csv: 0 compounds overlap with our Hub
2026-04-16 17:41:08 | INFO  | phase_ext_benchmark |   35p.csv: 0 compounds overlap with our Hub
2026-04-16 17:41:08 | INFO  | phase_ext_benchmark |   32p.csv: 0 compounds overlap with our Hub
2026-04-16 17:41:08 | INFO  | phase_ext_benchmark |   53p.csv: 0 compounds overlap with our Hub
2026-04-16 17:41:08 | INFO  | phase_ext_benchmark |   638p.csv: 0 compounds overlap with our Hub
2026-04-16 17:41:08 | INFO  | phase_ext_benchmark |   491p.csv: 1 compounds overlap with our Hub
2026-04-16 17:41:08 | INFO  | phase_ext_benchmark |   990p.csv: 0 compounds overlap with our Hub
2026-04-16 17:41:08 | INFO  | phase_ext_benchmark |   1045p.csv: 0 compounds overlap with our Hub
2026-04-16 17:41:08 | INFO  | phase_ext_benchmark |   1101p.csv: 0 compounds overlap with our Hub
2026-04-16 17:41:08 | INFO  | phase_ext_benchmark |   509p.csv: 0 compounds overlap with our Hub
2026-04-16 17:41:08 | INFO  | phase_ext_benchmark |   681p.csv: 0 compounds overlap with our Hub
2026-04-16 17:41:08 | INFO  | phase_ext_benchmark |   381p.csv: 0 compounds overlap with our Hub
2026-04-16 17:41:08 | INFO  | phase_ext_benchmark |   119p.csv: 0 compounds overlap with our Hub
2026-04-16 17:41:08 | INFO  | phase_ext_benchmark |   1031p.csv: 0 compounds overlap with our Hub
2026-04-16 17:41:08 | INFO  | phase_ext_benchmark |   1111p.csv: 0 compounds overlap with our Hub
2026-04-16 17:41:08 | INFO  | phase_ext_benchmark |   854p.csv: 1 compounds overlap with our Hub
2026-04-16 17:41:08 | INFO  | phase_ext_benchmark |   301p.csv: 3 compounds overlap with our Hub
2026-04-16 17:41:08 | INFO  | phase_ext_benchmark |   802p.csv: 2 compounds overlap with our Hub
2026-04-16 17:41:08 | INFO  | phase_ext_benchmark |   504p.csv: 0 compounds overlap with our Hub
2026-04-16 17:41:08 | INFO  | phase_ext_benchmark |   436p.csv: 0 compounds overlap with our Hub
2026-04-16 17:41:08 | INFO  | phase_ext_benchmark |   942p.csv: 0 compounds overlap with our Hub
2026-04-16 17:41:08 | INFO  | phase_ext_benchmark |   24p.csv: 0 compounds overlap with our Hub
2026-04-16 17:41:08 | INFO  | phase_ext_benchmark |   989p.csv: 0 compounds overlap with our Hub
2026-04-16 17:41:08 | INFO  | phase_ext_benchmark |   264p.csv: 0 compounds overlap with our Hub
2026-04-16 17:41:08 | INFO  | phase_ext_benchmark |   650p.csv: 0 compounds overlap with our Hub
2026-04-16 17:41:08 | INFO  | phase_ext_benchmark |   152p.csv: 0 compounds overlap with our Hub
2026-04-16 17:41:08 | INFO  | phase_ext_benchmark |   14p.csv: 0 compounds overlap with our Hub
2026-04-16 17:41:08 | INFO  | phase_ext_benchmark |   246p.csv: 0 compounds overlap with our Hub
2026-04-16 17:41:08 | INFO  | phase_ext_benchmark |   683p.csv: 0 compounds overlap with our Hub
2026-04-16 17:41:08 | INFO  | phase_ext_benchmark |   207p.csv: 0 compounds overlap with our Hub
2026-04-16 17:41:08 | INFO  | phase_ext_benchmark |   220p.csv: 1 compounds overlap with our Hub
2026-04-16 17:41:08 | INFO  | phase_ext_benchmark |   162p.csv: 0 compounds overlap with our Hub
2026-04-16 17:41:08 | INFO  | phase_ext_benchmark |   579p.csv: 0 compounds overlap with our Hub
2026-04-16 17:41:08 | INFO  | phase_ext_benchmark |   747p.csv: 0 compounds overlap with our Hub
2026-04-16 17:41:08 | INFO  | phase_ext_benchmark |   408p.csv: 0 compounds overlap with our Hub
2026-04-16 17:41:08 | INFO  | phase_ext_benchmark |   522p.csv: 0 compounds overlap with our Hub
2026-04-16 17:41:08 | INFO  | phase_ext_benchmark |   248p.csv: 0 compounds overlap with our Hub
2026-04-16 17:41:08 | INFO  | phase_ext_benchmark |   90p.csv: 0 compounds overlap with our Hub
2026-04-16 17:41:08 | INFO  | phase_ext_benchmark |   558p.csv: 0 compounds overlap with our Hub
2026-04-16 17:41:08 | INFO  | phase_ext_benchmark |   108p.csv: 0 compounds overlap with our Hub
2026-04-16 17:41:08 | INFO  | phase_ext_benchmark |   295p.csv: 0 compounds overlap with our Hub
2026-04-16 17:41:08 | INFO  | phase_ext_benchmark |   183p.csv: 0 compounds overlap with our Hub
2026-04-16 17:41:08 | INFO  | phase_ext_benchmark |   116p.csv: 0 compounds overlap with our Hub
2026-04-16 17:41:08 | INFO  | phase_ext_benchmark |   28p.csv: 0 compounds overlap with our Hub
2026-04-16 17:41:08 | INFO  | phase_ext_benchmark |   913p.csv: 0 compounds overlap with our Hub
2026-04-16 17:41:08 | INFO  | phase_ext_benchmark |   239p.csv: 0 compounds overlap with our Hub
2026-04-16 17:41:08 | INFO  | phase_ext_benchmark |   753p.csv: 0 compounds overlap with our Hub
2026-04-16 17:41:08 | INFO  | phase_ext_benchmark |   818p.csv: 0 compounds overlap with our Hub
2026-04-16 17:41:08 | INFO  | phase_ext_benchmark |   413p.csv: 0 compounds overlap with our Hub
2026-04-16 17:41:08 | INFO  | phase_ext_benchmark |   530p.csv: 0 compounds overlap with our Hub
2026-04-16 17:41:08 | INFO  | phase_ext_benchmark |   555p.csv: 0 compounds overlap with our Hub
2026-04-16 17:41:08 | INFO  | phase_ext_benchmark |   768p.csv: 0 compounds overlap with our Hub
2026-04-16 17:41:08 | INFO  | phase_ext_benchmark |   992p.csv: 0 compounds overlap with our Hub
2026-04-16 17:41:08 | INFO  | phase_ext_benchmark |   120p.csv: 0 compounds overlap with our Hub
2026-04-16 17:41:08 | INFO  | phase_ext_benchmark |   367p.csv: 0 compounds overlap with our Hub
2026-04-16 17:41:08 | INFO  | phase_ext_benchmark |   139p.csv: 0 compounds overlap with our Hub
2026-04-16 17:41:08 | INFO  | phase_ext_benchmark |   61p.csv: 0 compounds overlap with our Hub
2026-04-16 17:41:08 | INFO  | phase_ext_benchmark |   104p.csv: 1 compounds overlap with our Hub
2026-04-16 17:41:08 | INFO  | phase_ext_benchmark |   298p.csv: 0 compounds overlap with our Hub
2026-04-16 17:41:08 | INFO  | phase_ext_benchmark |   251p.csv: 0 compounds overlap with our Hub
2026-04-16 17:41:08 | INFO  | phase_ext_benchmark |   526p.csv: 0 compounds overlap with our Hub
2026-04-16 17:41:08 | INFO  | phase_ext_benchmark |   537p.csv: 0 compounds overlap with our Hub
2026-04-16 17:41:08 | INFO  | phase_ext_benchmark |   499p.csv: 0 compounds overlap with our Hub
2026-04-16 17:41:08 | INFO  | phase_ext_benchmark |   598p.csv: 0 compounds overlap with our Hub
2026-04-16 17:41:08 | INFO  | phase_ext_benchmark |   918p.csv: 0 compounds overlap with our Hub
2026-04-16 17:41:08 | INFO  | phase_ext_benchmark |   498p.csv: 0 compounds overlap with our Hub
2026-04-16 17:41:08 | INFO  | phase_ext_benchmark |   779p.csv: 0 compounds overlap with our Hub
2026-04-16 17:41:08 | INFO  | phase_ext_benchmark |   290p.csv: 0 compounds overlap with our Hub
2026-04-16 17:41:08 | INFO  | phase_ext_benchmark |   954p.csv: 0 compounds overlap with our Hub
2026-04-16 17:41:08 | INFO  | phase_ext_benchmark |   56p.csv: 0 compounds overlap with our Hub
2026-04-16 17:41:08 | INFO  | phase_ext_benchmark |   506p.csv: 0 compounds overlap with our Hub
2026-04-16 17:41:08 | INFO  | phase_ext_benchmark |   112p.csv: 0 compounds overlap with our Hub
2026-04-16 17:41:08 | INFO  | phase_ext_benchmark |   106p.csv: 0 compounds overlap with our Hub
2026-04-16 17:41:08 | INFO  | phase_ext_benchmark |   192p.csv: 0 compounds overlap with our Hub
2026-04-16 17:41:08 | INFO  | phase_ext_benchmark |   114p.csv: 0 compounds overlap with our Hub
2026-04-16 17:41:08 | INFO  | phase_ext_benchmark |   542p.csv: 1 compounds overlap with our Hub
2026-04-16 17:41:08 | INFO  | phase_ext_benchmark |   1012p.csv: 0 compounds overlap with our Hub
2026-04-16 17:41:08 | INFO  | phase_ext_benchmark |   1079p.csv: 0 compounds overlap with our Hub
2026-04-16 17:41:08 | INFO  | phase_ext_benchmark |   590p.csv: 0 compounds overlap with our Hub
2026-04-16 17:41:08 | INFO  | phase_ext_benchmark |   354p.csv: 0 compounds overlap with our Hub
2026-04-16 17:41:08 | INFO  | phase_ext_benchmark |   468p.csv: 0 compounds overlap with our Hub
2026-04-16 17:41:08 | INFO  | phase_ext_benchmark |   309p.csv: 0 compounds overlap with our Hub
2026-04-16 17:41:08 | INFO  | phase_ext_benchmark |   343p.csv: 0 compounds overlap with our Hub
2026-04-16 17:41:08 | INFO  | phase_ext_benchmark |   982p.csv: 0 compounds overlap with our Hub
2026-04-16 17:41:08 | INFO  | phase_ext_benchmark |   775p.csv: 0 compounds overlap with our Hub
2026-04-16 17:41:08 | INFO  | phase_ext_benchmark |   920p.csv: 0 compounds overlap with our Hub
2026-04-16 17:41:08 | INFO  | phase_ext_benchmark |   18p.csv: 0 compounds overlap with our Hub
2026-04-16 17:41:08 | INFO  | phase_ext_benchmark |   167p.csv: 0 compounds overlap with our Hub
2026-04-16 17:41:08 | INFO  | phase_ext_benchmark |   617p.csv: 0 compounds overlap with our Hub
2026-04-16 17:41:08 | INFO  | phase_ext_benchmark |   1110p.csv: 0 compounds overlap with our Hub
2026-04-16 17:41:08 | INFO  | phase_ext_benchmark |   401p.csv: 0 compounds overlap with our Hub
2026-04-16 17:41:08 | INFO  | phase_ext_benchmark |   869p.csv: 0 compounds overlap with our Hub
2026-04-16 17:41:08 | INFO  | phase_ext_benchmark |   539p.csv: 0 compounds overlap with our Hub
2026-04-16 17:41:09 | INFO  | phase_ext_benchmark |   300p.csv: 0 compounds overlap with our Hub
2026-04-16 17:41:09 | INFO  | phase_ext_benchmark |   838p.csv: 0 compounds overlap with our Hub
2026-04-16 17:41:09 | INFO  | phase_ext_benchmark |   1017p.csv: 0 compounds overlap with our Hub
2026-04-16 17:41:09 | INFO  | phase_ext_benchmark |   657p.csv: 0 compounds overlap with our Hub
2026-04-16 17:41:09 | INFO  | phase_ext_benchmark |   936p.csv: 0 compounds overlap with our Hub
2026-04-16 17:41:09 | INFO  | phase_ext_benchmark |   490p.csv: 0 compounds overlap with our Hub
2026-04-16 17:41:09 | INFO  | phase_ext_benchmark |   875p.csv: 0 compounds overlap with our Hub
2026-04-16 17:41:09 | INFO  | phase_ext_benchmark |   372p.csv: 0 compounds overlap with our Hub
2026-04-16 17:41:09 | INFO  | phase_ext_benchmark |   39p.csv: 0 compounds overlap with our Hub
2026-04-16 17:41:09 | INFO  | phase_ext_benchmark |   302p.csv: 0 compounds overlap with our Hub
2026-04-16 17:41:09 | INFO  | phase_ext_benchmark |   1034p.csv: 0 compounds overlap with our Hub
2026-04-16 17:41:09 | INFO  | phase_ext_benchmark |   889p.csv: 0 compounds overlap with our Hub
2026-04-16 17:41:09 | INFO  | phase_ext_benchmark |   274p.csv: 0 compounds overlap with our Hub
2026-04-16 17:41:09 | INFO  | phase_ext_benchmark |   338p.csv: 0 compounds overlap with our Hub
2026-04-16 17:41:09 | INFO  | phase_ext_benchmark |   326p.csv: 0 compounds overlap with our Hub
2026-04-16 17:41:09 | INFO  | phase_ext_benchmark |   314p.csv: 0 compounds overlap with our Hub
2026-04-16 17:41:09 | INFO  | phase_ext_benchmark |   324p.csv: 0 compounds overlap with our Hub
2026-04-16 17:41:09 | INFO  | phase_ext_benchmark |   312p.csv: 0 compounds overlap with our Hub
2026-04-16 17:41:09 | INFO  | phase_ext_benchmark |   831p.csv: 0 compounds overlap with our Hub
2026-04-16 17:41:09 | INFO  | phase_ext_benchmark |   1042p.csv: 0 compounds overlap with our Hub
2026-04-16 17:41:09 | INFO  | phase_ext_benchmark |   1124p.csv: 0 compounds overlap with our Hub
2026-04-16 17:41:09 | INFO  | phase_ext_benchmark |   377p.csv: 0 compounds overlap with our Hub
2026-04-16 17:41:09 | INFO  | phase_ext_benchmark |   593p.csv: 0 compounds overlap with our Hub
2026-04-16 17:41:09 | INFO  | phase_ext_benchmark |   415p.csv: 0 compounds overlap with our Hub
2026-04-16 17:41:09 | INFO  | phase_ext_benchmark |   930p.csv: 0 compounds overlap with our Hub
2026-04-16 17:41:09 | INFO  | phase_ext_benchmark |   647p.csv: 0 compounds overlap with our Hub
2026-04-16 17:41:09 | INFO  | phase_ext_benchmark |   1105p.csv: 0 compounds overlap with our Hub
2026-04-16 17:41:09 | INFO  | phase_ext_benchmark |   483p.csv: 0 compounds overlap with our Hub
2026-04-16 17:41:09 | INFO  | phase_ext_benchmark |   664p.csv: 0 compounds overlap with our Hub
2026-04-16 17:41:09 | INFO  | phase_ext_benchmark |   971p.csv: 0 compounds overlap with our Hub
2026-04-16 17:41:09 | INFO  | phase_ext_benchmark |   799p.csv: 5 compounds overlap with our Hub
2026-04-16 17:41:09 | INFO  | phase_ext_benchmark |   57p.csv: 0 compounds overlap with our Hub
2026-04-16 17:41:09 | INFO  | phase_ext_benchmark |   497p.csv: 0 compounds overlap with our Hub
2026-04-16 17:41:09 | INFO  | phase_ext_benchmark |   952p.csv: 0 compounds overlap with our Hub
2026-04-16 17:41:09 | INFO  | phase_ext_benchmark |   154p.csv: 0 compounds overlap with our Hub
2026-04-16 17:41:09 | INFO  | phase_ext_benchmark |   665p.csv: 0 compounds overlap with our Hub
2026-04-16 17:41:09 | INFO  | phase_ext_benchmark |   651p.csv: 0 compounds overlap with our Hub
2026-04-16 17:41:09 | INFO  | phase_ext_benchmark |   694p.csv: 0 compounds overlap with our Hub
2026-04-16 17:41:09 | INFO  | phase_ext_benchmark |   795p.csv: 0 compounds overlap with our Hub
2026-04-16 17:41:09 | INFO  | phase_ext_benchmark |   400p.csv: 0 compounds overlap with our Hub
2026-04-16 17:41:09 | INFO  | phase_ext_benchmark |   514p.csv: 0 compounds overlap with our Hub
2026-04-16 17:41:09 | INFO  | phase_ext_benchmark |   726p.csv: 0 compounds overlap with our Hub
2026-04-16 17:41:09 | INFO  | phase_ext_benchmark |   25p.csv: 0 compounds overlap with our Hub
2026-04-16 17:41:09 | INFO  | phase_ext_benchmark |   921p.csv: 0 compounds overlap with our Hub
2026-04-16 17:41:09 | INFO  | phase_ext_benchmark |   63p.csv: 0 compounds overlap with our Hub
2026-04-16 17:41:09 | INFO  | phase_ext_benchmark |   332p.csv: 0 compounds overlap with our Hub
2026-04-16 17:41:09 | INFO  | phase_ext_benchmark |   975p.csv: 0 compounds overlap with our Hub
2026-04-16 17:41:09 | INFO  | phase_ext_benchmark |   146p.csv: 0 compounds overlap with our Hub
2026-04-16 17:41:09 | INFO  | phase_ext_benchmark |   466p.csv: 0 compounds overlap with our Hub
2026-04-16 17:41:09 | INFO  | phase_ext_benchmark |   623p.csv: 0 compounds overlap with our Hub
2026-04-16 17:41:09 | INFO  | phase_ext_benchmark |   1065p.csv: 0 compounds overlap with our Hub
2026-04-16 17:41:09 | INFO  | phase_ext_benchmark |   844p.csv: 0 compounds overlap with our Hub
2026-04-16 17:41:09 | INFO  | phase_ext_benchmark |   286p.csv: 0 compounds overlap with our Hub
2026-04-16 17:41:09 | INFO  | phase_ext_benchmark |   122p.csv: 0 compounds overlap with our Hub
2026-04-16 17:41:09 | INFO  | phase_ext_benchmark |   699p.csv: 0 compounds overlap with our Hub
2026-04-16 17:41:09 | INFO  | phase_ext_benchmark |   1038p.csv: 0 compounds overlap with our Hub
2026-04-16 17:41:09 | INFO  | phase_ext_benchmark |   789p.csv: 0 compounds overlap with our Hub
2026-04-16 17:41:09 | INFO  | phase_ext_benchmark |   163p.csv: 0 compounds overlap with our Hub
2026-04-16 17:41:09 | INFO  | phase_ext_benchmark |   249p.csv: 0 compounds overlap with our Hub
2026-04-16 17:41:09 | INFO  | phase_ext_benchmark |   1046p.csv: 0 compounds overlap with our Hub
2026-04-16 17:41:09 | INFO  | phase_ext_benchmark |   1030p.csv: 0 compounds overlap with our Hub
2026-04-16 17:41:09 | INFO  | phase_ext_benchmark |   880p.csv: 0 compounds overlap with our Hub
2026-04-16 17:41:09 | INFO  | phase_ext_benchmark |   848p.csv: 0 compounds overlap with our Hub
2026-04-16 17:41:09 | INFO  | phase_ext_benchmark |   451p.csv: 0 compounds overlap with our Hub
2026-04-16 17:41:09 | INFO  | phase_ext_benchmark |   635p.csv: 0 compounds overlap with our Hub
2026-04-16 17:41:09 | INFO  | phase_ext_benchmark |   1123p.csv: 0 compounds overlap with our Hub
2026-04-16 17:41:09 | INFO  | phase_ext_benchmark |   91p.csv: 0 compounds overlap with our Hub
2026-04-16 17:41:09 | INFO  | phase_ext_benchmark |   65p.csv: 0 compounds overlap with our Hub
2026-04-16 17:41:09 | INFO  | phase_ext_benchmark |   616p.csv: 0 compounds overlap with our Hub
2026-04-16 17:41:09 | INFO  | phase_ext_benchmark |   425p.csv: 0 compounds overlap with our Hub
2026-04-16 17:41:09 | INFO  | phase_ext_benchmark |   996p.csv: 0 compounds overlap with our Hub
2026-04-16 17:41:09 | INFO  | phase_ext_benchmark |   813p.csv: 0 compounds overlap with our Hub
2026-04-16 17:41:09 | INFO  | phase_ext_benchmark |   523p.csv: 0 compounds overlap with our Hub
2026-04-16 17:41:09 | INFO  | phase_ext_benchmark |   1127p.csv: 0 compounds overlap with our Hub
2026-04-16 17:41:09 | INFO  | phase_ext_benchmark |   155p.csv: 0 compounds overlap with our Hub
2026-04-16 17:41:09 | INFO  | phase_ext_benchmark |   596p.csv: 0 compounds overlap with our Hub
2026-04-16 17:41:09 | INFO  | phase_ext_benchmark |   763p.csv: 0 compounds overlap with our Hub
2026-04-16 17:41:09 | INFO  | phase_ext_benchmark |   553p.csv: 0 compounds overlap with our Hub
2026-04-16 17:41:09 | INFO  | phase_ext_benchmark |   750p.csv: 0 compounds overlap with our Hub
2026-04-16 17:41:09 | INFO  | phase_ext_benchmark |   350p.csv: 0 compounds overlap with our Hub
2026-04-16 17:41:09 | INFO  | phase_ext_benchmark |   997p.csv: 0 compounds overlap with our Hub
2026-04-16 17:41:09 | INFO  | phase_ext_benchmark |   1015p.csv: 0 compounds overlap with our Hub
2026-04-16 17:41:09 | INFO  | phase_ext_benchmark |   448p.csv: 0 compounds overlap with our Hub
2026-04-16 17:41:09 | INFO  | phase_ext_benchmark |   819p.csv: 0 compounds overlap with our Hub
2026-04-16 17:41:09 | INFO  | phase_ext_benchmark |   1055p.csv: 0 compounds overlap with our Hub
2026-04-16 17:41:09 | INFO  | phase_ext_benchmark |   118p.csv: 0 compounds overlap with our Hub
2026-04-16 17:41:09 | INFO  | phase_ext_benchmark |   861p.csv: 0 compounds overlap with our Hub
2026-04-16 17:41:09 | INFO  | phase_ext_benchmark |   240p.csv: 0 compounds overlap with our Hub
2026-04-16 17:41:09 | INFO  | phase_ext_benchmark |   54p.csv: 0 compounds overlap with our Hub
2026-04-16 17:41:09 | INFO  | phase_ext_benchmark |   242p.csv: 0 compounds overlap with our Hub
2026-04-16 17:41:09 | INFO  | phase_ext_benchmark |   741p.csv: 0 compounds overlap with our Hub
2026-04-16 17:41:09 | INFO  | phase_ext_benchmark |   842p.csv: 0 compounds overlap with our Hub
2026-04-16 17:41:09 | INFO  | phase_ext_benchmark |   868p.csv: 0 compounds overlap with our Hub
2026-04-16 17:41:09 | INFO  | phase_ext_benchmark |   359p.csv: 0 compounds overlap with our Hub
2026-04-16 17:41:09 | INFO  | phase_ext_benchmark |   534p.csv: 0 compounds overlap with our Hub
2026-04-16 17:41:09 | INFO  | phase_ext_benchmark |   679p.csv: 0 compounds overlap with our Hub
2026-04-16 17:41:09 | INFO  | phase_ext_benchmark |   434p.csv: 0 compounds overlap with our Hub
2026-04-16 17:41:09 | INFO  | phase_ext_benchmark |   495p.csv: 0 compounds overlap with our Hub
2026-04-16 17:41:09 | INFO  | phase_ext_benchmark |   30p.csv: 0 compounds overlap with our Hub
2026-04-16 17:41:09 | INFO  | phase_ext_benchmark |   923p.csv: 0 compounds overlap with our Hub
2026-04-16 17:41:09 | INFO  | phase_ext_benchmark |   928p.csv: 0 compounds overlap with our Hub
2026-04-16 17:41:09 | INFO  | phase_ext_benchmark |   198p.csv: 0 compounds overlap with our Hub
2026-04-16 17:41:10 | INFO  | phase_ext_benchmark |   370p.csv: 0 compounds overlap with our Hub
2026-04-16 17:41:10 | INFO  | phase_ext_benchmark |   641p.csv: 0 compounds overlap with our Hub
2026-04-16 17:41:10 | INFO  | phase_ext_benchmark |   849p.csv: 0 compounds overlap with our Hub
2026-04-16 17:41:10 | INFO  | phase_ext_benchmark |   716p.csv: 0 compounds overlap with our Hub
2026-04-16 17:41:10 | INFO  | phase_ext_benchmark |   801p.csv: 0 compounds overlap with our Hub
2026-04-16 17:41:10 | INFO  | phase_ext_benchmark |   387p.csv: 0 compounds overlap with our Hub
2026-04-16 17:41:10 | INFO  | phase_ext_benchmark |   1083p.csv: 0 compounds overlap with our Hub
2026-04-16 17:41:10 | INFO  | phase_ext_benchmark |   946p.csv: 0 compounds overlap with our Hub
2026-04-16 17:41:10 | INFO  | phase_ext_benchmark |   857p.csv: 0 compounds overlap with our Hub
2026-04-16 17:41:10 | INFO  | phase_ext_benchmark |   438p.csv: 0 compounds overlap with our Hub
2026-04-16 17:41:10 | INFO  | phase_ext_benchmark |   311p.csv: 0 compounds overlap with our Hub
2026-04-16 17:41:10 | INFO  | phase_ext_benchmark |   153p.csv: 0 compounds overlap with our Hub
2026-04-16 17:41:10 | INFO  | phase_ext_benchmark |   776p.csv: 0 compounds overlap with our Hub
2026-04-16 17:41:10 | INFO  | phase_ext_benchmark |   144p.csv: 0 compounds overlap with our Hub
2026-04-16 17:41:10 | INFO  | phase_ext_benchmark |   433p.csv: 0 compounds overlap with our Hub
2026-04-16 17:41:10 | INFO  | phase_ext_benchmark |   355p.csv: 0 compounds overlap with our Hub
2026-04-16 17:41:10 | INFO  | phase_ext_benchmark |   850p.csv: 0 compounds overlap with our Hub
2026-04-16 17:41:10 | INFO  | phase_ext_benchmark |   428p.csv: 0 compounds overlap with our Hub
2026-04-16 17:41:10 | INFO  | phase_ext_benchmark |   421p.csv: 0 compounds overlap with our Hub
2026-04-16 17:41:10 | INFO  | phase_ext_benchmark |   281p.csv: 0 compounds overlap with our Hub
2026-04-16 17:41:10 | INFO  | phase_ext_benchmark |   284p.csv: 0 compounds overlap with our Hub
2026-04-16 17:41:10 | INFO  | phase_ext_benchmark |   655p.csv: 0 compounds overlap with our Hub
2026-04-16 17:41:10 | INFO  | phase_ext_benchmark |   612p.csv: 0 compounds overlap with our Hub
2026-04-16 17:41:10 | INFO  | phase_ext_benchmark |   88p.csv: 0 compounds overlap with our Hub
2026-04-16 17:41:10 | INFO  | phase_ext_benchmark |   489p.csv: 0 compounds overlap with our Hub
2026-04-16 17:41:10 | INFO  | phase_ext_benchmark |   924p.csv: 0 compounds overlap with our Hub
2026-04-16 17:41:10 | INFO  | phase_ext_benchmark |   103p.csv: 0 compounds overlap with our Hub
2026-04-16 17:41:10 | INFO  | phase_ext_benchmark |   969p.csv: 0 compounds overlap with our Hub
2026-04-16 17:41:10 | INFO  | phase_ext_benchmark |   586p.csv: 0 compounds overlap with our Hub
2026-04-16 17:41:10 | INFO  | phase_ext_benchmark |   71p.csv: 0 compounds overlap with our Hub
2026-04-16 17:41:10 | INFO  | phase_ext_benchmark |   999p.csv: 0 compounds overlap with our Hub
2026-04-16 17:41:10 | INFO  | phase_ext_benchmark |   803p.csv: 7 compounds overlap with our Hub
2026-04-16 17:41:10 | INFO  | phase_ext_benchmark |   630p.csv: 0 compounds overlap with our Hub
2026-04-16 17:41:10 | INFO  | phase_ext_benchmark |   822p.csv: 0 compounds overlap with our Hub
2026-04-16 17:41:10 | INFO  | phase_ext_benchmark |   853p.csv: 0 compounds overlap with our Hub
2026-04-16 17:41:10 | INFO  | phase_ext_benchmark |   27p.csv: 0 compounds overlap with our Hub
2026-04-16 17:41:10 | INFO  | phase_ext_benchmark |   184p.csv: 0 compounds overlap with our Hub
2026-04-16 17:41:10 | INFO  | phase_ext_benchmark |   686p.csv: 0 compounds overlap with our Hub
2026-04-16 17:41:10 | INFO  | phase_ext_benchmark |   297p.csv: 0 compounds overlap with our Hub
2026-04-16 17:41:10 | INFO  | phase_ext_benchmark |   709p.csv: 0 compounds overlap with our Hub
2026-04-16 17:41:10 | INFO  | phase_ext_benchmark |   752p.csv: 0 compounds overlap with our Hub
2026-04-16 17:41:10 | INFO  | phase_ext_benchmark |   1075p.csv: 0 compounds overlap with our Hub
2026-04-16 17:41:10 | INFO  | phase_ext_benchmark |   414p.csv: 0 compounds overlap with our Hub
2026-04-16 17:41:10 | INFO  | phase_ext_benchmark |   644p.csv: 0 compounds overlap with our Hub
2026-04-16 17:41:10 | INFO  | phase_ext_benchmark |   970p.csv: 0 compounds overlap with our Hub
2026-04-16 17:41:10 | INFO  | phase_ext_benchmark |   1099p.csv: 0 compounds overlap with our Hub
2026-04-16 17:41:10 | INFO  | phase_ext_benchmark |   724p.csv: 0 compounds overlap with our Hub
2026-04-16 17:41:10 | INFO  | phase_ext_benchmark |   559p.csv: 0 compounds overlap with our Hub
2026-04-16 17:41:10 | INFO  | phase_ext_benchmark |   461p.csv: 0 compounds overlap with our Hub
2026-04-16 17:41:10 | INFO  | phase_ext_benchmark |   910p.csv: 0 compounds overlap with our Hub
2026-04-16 17:41:10 | INFO  | phase_ext_benchmark |   690p.csv: 0 compounds overlap with our Hub
2026-04-16 17:41:10 | INFO  | phase_ext_benchmark |   505p.csv: 0 compounds overlap with our Hub
2026-04-16 17:41:10 | INFO  | phase_ext_benchmark |   130p.csv: 0 compounds overlap with our Hub
2026-04-16 17:41:10 | INFO  | phase_ext_benchmark |   668p.csv: 0 compounds overlap with our Hub
2026-04-16 17:41:10 | INFO  | phase_ext_benchmark |   89p.csv: 0 compounds overlap with our Hub
2026-04-16 17:41:10 | INFO  | phase_ext_benchmark |   319p.csv: 0 compounds overlap with our Hub
2026-04-16 17:41:10 | INFO  | phase_ext_benchmark |   train.csv: 729 compounds overlap with our Hub
2026-04-16 17:41:10 | INFO  | phase_ext_benchmark |   test.csv: 0 compounds overlap with our Hub
2026-04-16 17:41:10 | INFO  | phase_ext_benchmark |   hit.csv: 0 compounds overlap with our Hub
2026-04-16 17:41:10 | INFO  | phase_ext_benchmark | 
  Generating figures...
2026-04-16 17:41:12 | INFO  | phase_ext_benchmark |   Figure: external_stokes_vs_ours
2026-04-16 17:41:14 | INFO  | phase_ext_benchmark |   Figure: external_all_models_vs_stokes
2026-04-16 17:41:18 | INFO  | phase_ext_benchmark |   Figure: external_interactive_comparison.html
2026-04-16 17:41:18 | INFO  | phase_ext_benchmark | 
  Saved: /scratch/vishakha.agrawal/antibiotic-selectivity-v2/outputs/runs/run_20260315_034033/results/reports/external_benchmark_report.json
2026-04-16 17:41:18 | INFO  | phase_ext_benchmark | 
======================================================================
2026-04-16 17:41:18 | INFO  | phase_ext_benchmark |   EXTERNAL BENCHMARK SUMMARY
2026-04-16 17:41:18 | INFO  | phase_ext_benchmark | ======================================================================
2026-04-16 17:41:18 | INFO  | phase_ext_benchmark |   Stokes Hub: 4496 compounds
2026-04-16 17:41:18 | INFO  | phase_ext_benchmark |   Our Hub:    6739 compounds
2026-04-16 17:41:18 | INFO  | phase_ext_benchmark |   Matched:    4343 compounds
2026-04-16 17:41:18 | INFO  | phase_ext_benchmark |   Halicin:    Stokes rank #89, Our RF S=0.0849 (rank #6000)
2026-04-16 17:41:18 | INFO  | phase_ext_benchmark |   Stokes validated actives: 51 found
2026-04-16 17:41:18 | INFO  | phase_ext_benchmark |     Selective (our S>0.3): 10
2026-04-16 17:41:18 | INFO  | phase_ext_benchmark |     Broad-spectrum (our S<0.1): 21
2026-04-16 17:41:18 | INFO  | phase_ext_benchmark |   Golden intersection (validated + selective): 10 compounds
2026-04-16 17:41:18 | INFO  | phase_ext_benchmark |     Best: AFN-1252
2026-04-16 17:41:18 | INFO  | phase_ext_benchmark | ======================================================================
2026-04-16 17:41:18 | INFO  | phase_ext_benchmark | ============================================================
2026-04-16 17:41:18 | INFO  | phase_ext_benchmark |  COMPLETED: Phase A: External Benchmark
2026-04-16 17:41:18 | INFO  | phase_ext_benchmark |  Elapsed: 0m 59.9s
2026-04-16 17:41:18 | INFO  | phase_ext_benchmark | ============================================================
