smiles,label
CN1CCc2cccc3c2[C@H]1Cc1ccc(O)c(O)c1-3,0.0019472241
COc1ccc([C@@H]2CNC(=O)C2)cc1OC1CCCC1,0.005427471
NC[C@H](CC(=O)O)c1ccc(Cl)cc1,0.08094303
COc1ccc([C@H]2CNC(=O)C2)cc1OC1CCCC1,0.0008752479
CC(C)C[C@H](NC(=O)CN(C)C(=O)[C@H](Cc1ccccc1)NC(=O)[C@H](Cc1ccccc1)NC(=O)[C@H](CCC(N)=O)NC(=O)[C@H](CCC(N)=O)NC(=O)[C@@H]1CCCN1C(=O)[C@H](CCCCN)NC(=O)[C@@H]1CCCN1C(=O)[C@@H](N)CCCNC(=N)N)C(=O)N[C@@H](CCS(C)(=O)=O)C(N)=O,0.04378774
COc1ccc2c(NC(=O)Nc3cccc(C(F)(F)F)n3)ccnc2c1,0.746366
O=C(O)c1ccccc1NC(=O)N1CCC(c2ccccc2C(F)(F)F)CC1,0.23699582
O=C(O)c1cc(C(=O)O)c(C(=O)N(Cc2cccc(Oc3ccccc3)c2)[C@H]2CCCc3ccccc32)cc1C(=O)O,0.97457594
CC(=O)N[C@@H]1N=C(c2ccccc2)c2ccccc2NC1=O,0.098526224
COc1cc2c(cc1OCCCN1CCCC1)N=C(N)C21CCC1,0.29665357
Cc1ccc(N2CCN(Cc3nc4ccccc4[nH]3)CC2)cc1C,0.16995044
Cc1cccc(NC(=O)CN2CCC(c3ccccn3)CC2)c1,0.015737915
Clc1cccc(-c2nnnn2Cc2cccnc2)c1Cl,0.22320744
CNC(=O)Nc1ccc2c(c1)CC[C@@]21OC(=O)N(CC(=O)N(Cc2ccc(F)cc2)[C@@H](C)C(F)(F)F)C1=O,0.9294141
CN1C[C@@H]2CN(c3ccc(-c4ccccc4)nn3)C[C@@H]2C1,0.029005632
CS(=O)(=O)Nc1c(O)ccc2c1CCC[C@@H]2C1=NCCN1,0.12901893
Cc1[nH]nc2ccc(-c3cncc(OC[C@@H](N)Cc4ccccc4)c3)cc12,0.030891988
NCCCCCCCCCCNS(=O)(=O)c1cccc2c(Cl)cccc12,0.9994223
N#Cc1c(O)c2c(-c3ccc(-c4ccccc4O)cc3)csc2[nH]c1=O,0.25895733
O=C(Nc1ccc(S(=O)(=O)C(F)(F)F)cc1)C1=CCN(c2ncccc2C(F)(F)F)CC1,0.5322599
COc1cc(NC(=O)c2ccc(-c3ccc(Cl)cc3)o2)cc(OC)c1,0.42801005
C[C@H](N/C(=N\c1cccc2ncccc12)NC#N)c1ccccc1,0.49633974
Clc1cccc(-n2nnnc2NCc2ccccc2Oc2ccccn2)c1Cl,0.24002959
CCC(=O)c1cc(-c2ccc(Cl)cc2)n(-c2ccc(S(N)(=O)=O)cc2)c1C,0.8893894
CCCCOc1ccc(-c2cncc(C(=O)NCc3cccnc3N3CCOCC3)c2)cc1Cl,0.9227547
O=C(Nc1ccccc1)Nc1ccc(-c2ccc(C(=O)[C@@H]3CCC[C@H]3C(=O)O)cc2)cc1,0.2848054
CNC(=O)c1cccc(NC(=O)N2CCC(Oc3ccccc3Cl)CC2)c1,0.010265806
CCC(=N\O)/C(C)=C/c1ccc(F)cc1,0.0023986162
Nc1nc2c(c(N3CCNCC3)n1)CCC1=C2[C@@H]2CCCC[C@@H]2O1,0.005410321
CCOC(=O)Nc1ccc(NCc2c(C)cc(C)cc2C)cc1N,0.98526335
C[n+]1ccn(C[C@@]2(C)[C@H](C(=O)O)N3C(=O)C[C@H]3S2(=O)=O)n1,0.08033421
CC[C@@H](C)NS(=O)(=O)c1ccc(F)c(C(=O)Nc2ccc(F)c(F)c2)c1,0.9844816
Nc1nc(NC2CC2)c2ncn([C@H]3C=C[C@@H](CO)C3)c2n1,0.009469816
Cc1ccc(Oc2ccccc2-c2csc(NC3=NCCCN3)n2)c(C)c1,0.007596772
CO[C@H]1C[C@H](O[C@H]2[C@H](C)O[C@@H](O[C@@H]3/C(C)=C/C[C@@H]4C[C@@H](C[C@]5(C=C[C@H](C)[C@@H](C(C)C)O5)O4)OC(=O)[C@@H]4C=C(C)[C@@H](O)[C@H]5OC/C(=C\C=C\[C@@H]3C)[C@]54O)C[C@@H]2OC)O[C@@H](C)[C@@H]1O,0.035630137
Cc1ccc(-c2ccc(C)cn2)nc1,0.0019383546
CC(=O)N[C@H](Cc1ccc2ccccc2c1)C(=O)N[C@H](Cc1ccc(Cl)cc1)C(=O)N[C@H](Cc1cccnc1)C(=O)N[C@@H](CO)C(=O)N(C)[C@@H](Cc1ccc(O)cc1)C(=O)N[C@H](CC(N)=O)C(=O)N[C@@H](CC(C)C)C(=O)N[C@@H](CCCCNC(C)C)C(=O)N1CCC[C@H]1C(=O)N[C@H](C)C(N)=O,0.7834022
CCNC(=O)c1cc2c(-c3cc(C(C)(C)O)ccc3Oc3c(C)cc(F)cc3C)cn(C)c(O)c-2n1,0.97789997
O=C(NCc1ccncc1)[C@@]12C[C@H]3C[C@@H](C1)C[C@](c1ccc(Cl)cc1)(C3)C2,0.99638546
CCN1CCN(Cc2ccc(Nc3ncc(F)c(-c4cc(F)c5nc(C)n(C(C)C)c5c4)n3)nc2)CC1,0.118582346
C[C@]12CC[C@H](O)CC1=CC[C@@H]1[C@@H]2CC[C@]2(C)C(c3cccnc3)=CC[C@@H]12,0.0001895433
CC(=O)O[C@H]1CC[C@@]2(C)C(=CC[C@@H]3[C@@H]2CC[C@]2(C)C(c4cccnc4)=CC[C@@H]32)C1,0.014036215
COc1c(/C=C/c2ccc(NS(C)(=O)=O)cc2)cc(-n2ccc(=O)[nH]c2=O)cc1C(C)(C)C,0.75844646
N[C@H]1CCN(c2cccnc2)C1,0.00015201636
C[C@@H]1CCCN1CCc1cc2cc(-c3ccc(C#N)cc3)ccc2o1,0.26002264
C#Cc1cccc2c1c(C(=O)c1ccc(Cn3c(C)nc4cnccc43)c(F)c1)cn2C(=O)N(C)C,0.5267923
O=C(c1cc(S(=O)(=O)Nc2ccccc2F)c(F)cc1Cl)N1CCN2CCC[C@@H]2C1,0.43958548
Nc1ncnc2nc(-c3ccc(N4CCOCC4)nc3)cc(-c3cccc(Br)c3)c12,0.6599132
c1ccc(N2CCN(Cc3nc4ccccc4[nH]3)CC2)nc1,0.24212588
CN(C)CC[C@H](CSc1ccccc1)Nc1ccc(S(=O)(=O)NC(=O)c2ccc(N3CCN(Cc4ccccc4-c4ccc(Cl)cc4)CC3)cc2)cc1[N+](=O)[O-],0.18716337
COc1ccc(S(=O)(=O)Nc2cccnc2Nc2ccc(O)cc2)cc1,0.019336028
O=C(OC(C(F)(F)F)C(F)(F)F)N1CCN(Cc2ccc(C(F)(F)F)cc2N2CCCC2)CC1,0.7462857
FC(F)(F)Oc1ccc(Nc2ccc3cccc(Cl)c3n2)cc1,0.061380055
Oc1ccc(C2(c3ccccc3F)CCC(F)(F)CC2)cc1,0.9405604
CCCCOCCOc1nc(-c2ccc(C(=O)O)c(F)c2)sc1C,0.3984041
C/C(=N\NC(=O)[C@@H]1C(=O)NC[C@H]1c1ccccc1)c1cccc(Br)c1,0.0008620901
C/C(=N\NC(=O)[C@@H](NC(=O)c1ccccc1)c1n[nH]c(=O)c2ccccc12)c1cccc(Br)c1,0.05646395
CCCCCCCCc1ccc(-c2ccc(C(=O)O)cc2)cc1,0.6141006
CCN1C(C)(C)CC(Oc2ccc(C(=O)Nc3ccc(NC(=O)Nc4cc(C(C)(C)C)on4)cc3)nc2)CC1(C)C,0.9965306
CN(C)CC[C@@]1(c2ccc(Cl)cc2)Cc2ccccc2C(=O)O1,0.007387274
NC(=O)c1ncn([C@@H]2O[C@H](CO)[C@@H](O)[C@H]2O)c1N,0.110103644
CC#CC(=O)N1CCC[C@H]1c1nc(-c2ccc(C(=O)Nc3ccccn3)cc2)c2c(N)nccn12,0.14578043
C[C@H](Nc1ncnc2nc[nH]c12)c1nc2ccc(F)cc2c(=O)n1-c1ccccc1,0.64213127
CC(=O)NCCCS(=O)(=O)O,0.0051258802
C[C@H]1O[C@H](O[C@H]2[C@H](O)[C@@H](O)[C@@H](O[C@H]3[C@H](O)[C@@H](O)[C@H](O)O[C@@H]3CO)O[C@@H]2CO)[C@H](O)[C@@H](O)[C@@H]1N[C@H]1C=C(CO)[C@@H](O)[C@H](O)[C@H]1O,0.99369806
CN(C)c1nc(N)c(C(=O)Nc2cccnc2)nc1Cl,0.70676035
O=C(O)c1ccc(CN2C[C@@H]3C[C@H]2CN3Cc2ccc(Oc3ccc(-c4ncco4)cc3)cc2)cc1,0.9962405
CCCC(=O)Nc1ccc(OCC(O)CNC(C)C)c(C(C)=O)c1,0.0021520066
CCN(CC)CCNC(=O)c1ccc(NC(C)=O)cc1,0.002379049
CC(=O)O[C@H]1CN2CCC1CC2,0.0065292576
O=C(O)COC(=O)Cc1ccccc1Nc1c(Cl)cccc1Cl,0.0901458
CC(=O)Nc1ccc(S(=O)(=O)c2ccc(NC(C)=O)cc2)cc1,0.00020251622
CC(=O)Nc1ccc(C(=O)O)cc1,0.00056448637
Cn1c(=O)c2c(ncn2CC(=O)O)n(C)c1=O,0.68882513
CC(=O)N[C@@H](CCC(N)=O)C(=O)O,0.0040054736
C[C@H](N[P@@](=O)(OC[C@H]1O[C@@H](n2ccc(N)nc2=O)C(F)(F)[C@@H]1O)Oc1ccccc1)C(=O)OCc1ccccc1,0.90278834
COc1ccc2c(c1)c(CC(=O)OCC(=O)O)c(C)n2C(=O)c1ccc(Cl)cc1,0.6538071
CC(=O)N[C@H]1[C@H]([C@H](O)[C@H](O)CO)O[C@](O)(C(=O)O)C[C@@H]1O,0.015209476
CC(=O)C[C@@H](c1ccc([N+](=O)[O-])cc1)c1c(O)c2ccccc2oc1=O,0.034659356
CC(=O)c1ccc2c(c1)N(CCCN(C)C)c1ccccc1S2,0.00046890634
CC1=CC(=O)NS(=O)(=O)O1,0.007278651
CC(=O)Nc1ccccc1,0.0004776569
CC(=O)Nc1cc([As](=O)(O)O)ccc1O,0.0018119075
CC(=O)Nc1nnc(S(N)(=O)=O)s1,0.19732994
CC(=O)c1ccc(S(=O)(=O)NC(=O)NC2CCCCC2)cc1,0.006965556
CC(=O)NO,8.805357e-06
CC(=O)c1ccc2c(c1)N(CCCN1CCN(CCO)CC1)c1ccccc1S2,0.0010975923
CC(=O)Nc1c(I)cc(I)c(C(=O)O)c1I,0.009126676
CC(=O)N[C@@H](CSC/C=C(\C)CC/C=C(\C)CCC=C(C)C)C(=O)O,0.009522346
CC(=O)N[C@@H](CC(C)C)C(=O)O,0.0033302547
CC(=O)O[C@@H]1CC[C@@]2(C)[C@@H](CC[C@]3(C)[C@H]2C(=O)C=C2[C@@H]4[C@@H](C)[C@H](C)CC[C@]4(C)CC[C@]23C)[C@@]1(C)C(=O)O,0.0025218439
CC(=O)OCC[N+](C)(C)C,0.0019157906
CC(=O)N[C@@H](CS)C(=O)O,0.0009603333
CC(=O)Oc1ccccc1C(=O)Oc1ccccc1C(=O)O,0.007255263
CO[C@@H]1[C@@H](O[C@@H]2O[C@H](C)[C@@H](O[C@H]3C[C@@](C)(O)[C@@H](O)[C@H](C)O3)[C@H](N(C)C)[C@H]2O)[C@@H](CC=O)C[C@@H](C)[C@@H](O[C@H]2CC[C@H](N(C)C)[C@@H](C)O2)/C=C/C=C/C[C@@H](C)OC(=O)C[C@H]1OC(C)=O,0.8888902
CC(=O)NCCCCCC(=O)O,0.00070041575
C[C@@]1(c2ccccc2)OC(C(=O)O)=CC1=O,0.007685516
Cc1cnc(C(=O)O)c[n+]1[O-],0.0020580755
O=C(O)C(=O)Nc1cccc(-c2nn[nH]n2)c1,0.25712478
COc1cc(C)c(/C=C/C(C)=C/C=C/C(C)=C/C(=O)O)c(C)c1C,0.00018022362
N[C@@H](C(=O)O)[C@@H]1CC(Cl)=NO1,0.0020537954
CC[C@@]1(O)C[C@H](O[C@H]2C[C@H](N(C)C)[C@H](O[C@H]3C[C@H](O)[C@H](O[C@H]4CCC(=O)[C@H](C)O4)[C@H](C)O3)[C@H](C)O2)c2c(cc3c(c2O)C(=O)c2c(O)cccc2C3=O)[C@H]1C(=O)OC,0.35715657
O=C(O[C@H]1C[N+]2(CCCOc3ccccc3)CCC1CC2)C(O)(c1cccs1)c1cccs1,0.5964023
CC1=C(c2ccc(O)cc2)[C@H](c2ccc(OCCN3CCCCC3)cc2)Oc2cc(O)ccc21,0.036805794
CC1(C)OB(O)c2cc(NC(=O)c3ccc(F)cc3C(F)(F)F)ccc21,0.9463412
NC1(C(=O)O)CC1,0.0008065562
C[n+]1c2cc(N)ccc2cc2ccc(N)cc21,0.040785268
CCCCCCc1ccc(O)cc1O,0.062465195
Cc1ccc(/C(=C\CN2CCCC2)c2cccc(/C=C/C(=O)O)n2)cc1,0.11784029
C=CC(=O)O,0.016660938
NS(=O)(=O)Nc1ncnc(OCCOc2ncc(Br)cn2)c1-c1ccc(Br)cc1,0.8670446
COc1ccc(S(=O)(=O)N2CCC[C@H]2C(=O)Nc2cc(C)cc(C)c2)cc1,0.00029782753
CC(=O)Nc1ccc(CC(=O)O)cc1,6.898664e-05
COCc1c(-c2ccc(NC(=O)Nc3cc(C(F)(F)F)ccc3F)c(F)c2)c2c(N)ncnn2c1CN1CCOCC1,0.5697989
Cc1c2oc3c(C)ccc(C(=O)N[C@@H]4C(=O)N[C@@H](C(C)C)C(=O)N5CCC[C@H]5C(=O)N(C)CC(=O)N(C)[C@@H](C(C)C)C(=O)O[C@@H]4C)c3nc-2c(C(=O)N[C@@H]2C(=O)N[C@@H](C(C)C)C(=O)N3CCC[C@H]3C(=O)N(C)CC(=O)N(C)[C@@H](C(C)C)C(=O)O[C@@H]2C)c(N)c1=O,0.995736
CCOc1ccc(S(=O)(=O)O)c2cccnc12,0.99840945
Cc1ccc(C(=O)NC2CC2)cc1-n1ncc(C(=O)c2cccc(C#N)c2)c1N,0.11687305
O=C(CCCCCCNC(=O)c1cnc(N(c2ccccc2)c2ccccc2)nc1)NO,0.3606084
Nc1nc(=O)c2ncn(COCCO)c2[nH]1,0.04202898
CCCCCCCCCCCCCCCCCC[S+](CCC)c1ccccc1C(=O)OCC,0.01184905
CCCCC1CCN(CCCN2C(=O)COc3cc(F)ccc32)CC1,0.95580673
CC(C)c1cccc2c1O[C@H](C(C)C)C(=S)N2CC(=O)O,0.0007411555
COc1ccc(-c2ccc3cc(C(=O)O)ccc3c2)cc1C12CC3CC(CC(C3)C1)C2,0.6529652
O=P(O)(O)OC[C@H]1O[C@H](O)[C@H](O)[C@@H](O)[C@@H]1O,0.00020686125
C[C@@H](N)C(=O)N[C@@H](CO)C(=O)N[C@H](C(=O)N[C@H](C(=O)N[C@H](C(=O)N[C@@H](CC(N)=O)C(=O)N[C@@H](Cc1ccc(O)cc1)C(=O)N[C@H](C(N)=O)[C@@H](C)O)[C@@H](C)O)[C@@H](C)O)[C@@H](C)O,0.22625507
O=C(O)/C=C/c1ccc(-c2ccc(O)c(C34CC5CC(CC(C5)C3)C4)c2)cc1,0.21226661
O=C(NCCN1CCN(c2ncccn2)CC1)C12CC3CC(CC(C3)C1)C2,0.020895626
CC(C)CC(=O)Nc1cncc(-c2ccc3[nH]nc(-c4nc5cncc(-c6cccc(F)c6)c5[nH]4)c3c2)c1,0.38631666
O=c1[nH]c(N2CCOCC2)cn1-c1ccc(Cl)cc1,0.019695451
Nc1ncnc2c1ncn2CCOCP(=O)(O)O,0.024027616
CC(C)(C)C(=O)OCOP(=O)(COCCn1cnc2c(N)ncnc21)OCOC(=O)C(C)(C)C,0.0059450893
O=C(CCCCCCCC(=O)NCCO)NCCO,4.8607817e-06
C[S+](CC[C@H](N)C(=O)O)C[C@H]1O[C@@H](n2cnc3c(N)ncnc32)[C@H](O)[C@@H]1O,0.7223266
Nc1ncnc2nc[nH]c12,0.21486214
Nc1ncnc2c1ncn2[C@@H]1O[C@H](CO)[C@@H](O)[C@H]1O,0.31368333
Nc1ncnc2c1ncn2[C@@H]1O[C@H](COP(=O)(O)O)[C@@H](O)[C@H]1O,0.10586333
Nc1ncnc2c1ncn2[C@@H]1O[C@H](COP(=O)(O)OP(=O)(O)OP(=O)(O)O)[C@@H](O)[C@H]1O,0.99776137
CCN(CC)CCOC(=O)C(c1ccccc1)c1ccccc1,0.018214732
O=C(O)CCCCC(=O)O,0.00017260118
O=C(COc1ccc(C(=O)c2ccccc2)cc1)NC1CCN(Cc2ccccc2)CC1,0.23095548
CCN(CC)C(=O)c1ccc(C2=CC3(CCNCC3)Oc3cccc(O)c32)cc1,0.01776634
Cc1cc(O[C@@H](CCC(F)(F)F)c2ccc(C(=O)NCCC(=O)O)cc2)cc(C)c1-c1ccc(C(C)(C)C)cc1,0.7250051
Fc1ccc(-c2cncc(CN3CCN(c4cccc5c4OCCO5)CC3)c2)cc1,0.44632486
O=C(C[S@@](=O)C(c1ccccc1)c1ccccc1)NO,0.1671537
CNCC(=O)c1ccc(O)c(O)c1,9.3115916e-05
C[C@]12CCC(=O)C=C1CC[C@@H]1[C@@H]2C(=O)C[C@]2(C)C(=O)CC[C@@H]12,0.11046506
Cc1cc(C)c(N)c(C#Cc2cccc(F)c2)n1,0.009453005
O=C(c1ccc(F)cc1)N1CCC[C@H](c2nc(-c3ccc(F)cc3)no2)C1,0.42275146
CCN1CCN(Cc2ccc(-c3cc4c(N[C@H](C)c5ccccc5)ncnc4[nH]3)cc2)CC1,0.45109013
NS(=O)(=O)c1nn2cc(-c3ccccc3)nc2s1,0.46198356
CC(=O)N[C@@H](Cc1ccccc1)C(=O)O,0.0025705916
CCCC[C@H](NC(=O)[C@H](CO)NC(=O)[C@H](Cc1ccc(O)cc1)NC(=O)[C@H](CO)NC(C)=O)C(=O)N[C@@H](CCC(=O)O)C(=O)N[C@@H](Cc1cnc[nH]1)C(=O)N[C@H](Cc1ccccc1)C(=O)N[C@@H](CCCNC(=N)N)C(=O)N[C@@H](Cc1c[nH]c2ccccc12)C(=O)NCC(=O)N[C@@H](CCCCN)C(=O)N1CCC[C@H]1C(=O)N[C@H](C(N)=O)C(C)C,0.04077681
CN(C)C/C=C/C(=O)Nc1cc2c(Nc3ccc(F)c(Cl)c3)ncnc2cc1O[C@H]1CCOC1,0.8221078
CC/C(=C(\c1ccc(O)cc1)c1ccc(OCCN(C)C)cc1)c1ccccc1,0.00034835312
Cc1ccccc1-n1c(CF)nc2ccc(N)cc2c1=O,0.24427903
Cc1c(CN(C)C(=O)/C=C/c2cnc3c(c2)CCC(=O)N3)oc2ccccc12,0.58613485
CCOc1ccc2nc(SCCN3CCOCC3)[nH]c2c1,0.038310815
Cc1cccc(NC(=O)c2ccc(C(F)(F)F)cc2C(=O)O)n1,0.18989867
CC(C)(C)c1cc(C=C(C#N)C#N)cc(Br)c1O,0.0002152234
CN(C)Cc1ccc(-c2nc3cccc4c3n2CCNC4=O)cc1,0.0038406078
N#C/C(=C\c1ccc(O)c(O)c1)C(=O)NCc1ccccc1,3.699817e-05
N#C/C(=C\c1ccc(O)c(O)c1)C(=O)NCCCc1ccccc1,9.480109e-06
N#C/C(=C\c1ccc(O)c(O)c1)C(=O)NCCCCc1ccccc1,5.2393974e-05
Cc1ccccc1[C@H](C(=O)NC1CCCCC1)N(C(=O)Cn1ccnc1C)c1cccc(F)c1,0.42319772
O=C(Nc1cccc(C(F)(F)F)c1)Nc1cc(S(=O)(=O)NC2CC2)ccc1-c1ccsc1,0.92649776
CO[C@H]1[C@@H]([C@@]2(C)O[C@@H]2CC=C(C)C)[C@]2(CC[C@H]1OC(=O)NC(=O)CCl)CO2,0.008723255
N=C(N)NCCCCN,4.9192386e-05
CC(C)[C@@H]1[C@H]2CC[C@@H](C2)[C@H]1N,0.0013711283
CCc1ccc(C2=CC(C)(C)Sc3ccc(C#Cc4ccc(C(=O)O)cc4)cc32)cc1,0.05523373
CC1(C)CCC(C)(C)c2c1cc(C(=O)Nc1cc(F)c(C(=O)O)c(F)c1)c(O)c2Cl,0.92863077
COc1ccc2cccc(CCNC(C)=O)c2c1,0.0043059555
CCCCCCCCCCCCCCCCCCCCCC(=O)O,0.009301989
Cc1ccc(S(=O)(=O)NC2c3ccccc3Oc3ccccc32)cc1,0.34688213
N=C(C[C@@H](O)COc1ccccc1-c1ccccc1)N1CCCCC1,0.26280594
CC(C)Oc1ccc2c(=O)c3cc(C(=O)O)ccc3oc2c1,0.28695932
FC(F)(F)Oc1ccc2nc(-c3ccc(OCCOCCOc4ccc(-c5nc6ccc(OC(F)(F)F)cc6[nH]5)nc4)cn3)[nH]c2c1,0.8936517
c1ccc(-c2oc3ncnc(NC[C@@H]4CCCO4)c3c2-c2ccccc2)cc1,0.73628986
CC[C@H]1[C@H]2C[C@H]3[C@@H]4N(C)c5ccccc5[C@]45C[C@@H]([C@H]2[C@H]5O)N3[C@@H]1O,2.4060054e-07
CCCN[C@@H]1CCc2c(OC)cccc2[C@@H]1C,0.011690298
O=C(Nc1cccc(Br)c1)c1cccc(S(=O)(=O)N2CCCCCC2)c1,0.27692255
CC(=O)O[C@@H]1CC[C@@]2(C)[C@@H](CC[C@]3(C)[C@@H]2C(=O)C=C2[C@@H]4[C@@H](C)[C@H](C)CC[C@]4(C)CC[C@]23C)[C@@]1(C)C(=O)O,0.0017672359
NC(=O)c1ccc([N+](=O)[O-])cc1Cl,0.0075238044
Cc1c(F)cc(C(=O)NC2CC2)cc1-c1c(F)cn2c(C(C)(C)C)nnc2c1F,0.98320377
CC(=O)SC[C@@H](C)C(=O)N1CCC[C@H]1C(=O)N[C@@H](Cc1ccccc1)C(=O)O,0.003920728
C[C@H](N)C(=O)N[C@@H](C)P(=O)(O)O,0.0011417152
Cc1sc[n+](CC(=O)c2ccccc2)c1C,0.027459864
C[C@@H](N)C(=O)O,0.00021211192
N[C@@H](CN(O)[N+][O-])C(=O)O,0.0030790167
C=C1C(=O)O[C@@H]2C[C@@]3(C)CCC[C@H](C)C3=C[C@H]12,0.9855812
C[C@@H](N)C(=O)OC(C)(C)Cc1ccc(Cl)cc1,0.00021765647
CCNC(=O)[C@@H]1CCCN1C(=O)[C@H](CCCNC(=N)N)NC(=O)[C@H](CC(C)C)NC(=O)[C@@H](C)NC(=O)[C@H](Cc1ccc(O)cc1)NC(=O)[C@H](CO)NC(=O)[C@H](Cc1c[nH]c2ccccc12)NC(=O)[C@H](Cc1cnc[nH]1)NC(=O)[C@@H]1CCC(=O)N1,0.06081611
CCCSc1ccc2nc(NC(=O)OC)[nH]c2c1,0.9560105
CCC[S@@](=O)c1ccc2nc(NC(=O)OC)[nH]c2c1,0.948587
CC(C)(C)NC[C@@H](O)c1ccc(O)c(CO)c1,0.0005886699
CN1CCC(=C2c3ccccc3CCn3c(C=O)cnc32)CC1,0.03595495
C=CCOc1ccc(CC(=O)O)cc1Cl,0.000120287215
CCC(=O)OCC(=O)[C@@]1(OC(=O)CC)[C@H](C)C[C@H]2[C@@H]3[C@H]([C@@H](O)C[C@@]21C)[C@@]1(C)C=CC(=O)C=C1C[C@H]3Cl,0.080342546
O=C(NCc1ccc2c(c1)OCO2)c1c(Cl)cccc1Cl,0.025199994
COc1cccc2c1C(=O)c1c(O)c3c(c(O)c1C2=O)C[C@@](O)(/C(CO)=N/NC(=O)CCCCCN1C(=O)C=CC1=O)C[C@@H]3O[C@H]1C[C@H](N)[C@H](O)[C@H](C)O1,0.00010859815
CCc1cc2c(cc1N1CCC(N3CCOCC3)CC1)C(C)(C)c1[nH]c3cc(C#N)ccc3c1C2=O,0.019056203
NCCCC(O)(P(=O)(O)O)P(=O)(O)O,9.638325e-05
CCCC[C@@H](CC)CNC(=N)N=C(N)NCCCCCCNC(N)=NC(=N)NC[C@@H](CC)CCCC,0.725222
C=C1/C(=C\C=C2/CCC[C@]3(C)[C@@H]([C@H](C)CCCC(C)C)CC[C@@H]23)C[C@@H](O)C[C@@H]1O,0.08909534
CC(=O)OCC(=O)[C@H]1CC[C@H]2[C@@H]3CC[C@H]4C[C@H](O)CC[C@]4(C)[C@H]3C(=O)C[C@]12C,0.03236448
COc1cc2nc(N(C)CCCNC(=O)[C@H]3CCCO3)nc(N)c2cc1OC,0.97379094
CC(=O)[C@@]12O[C@](C)(c3ccccc3)O[C@@H]1C[C@H]1[C@@H]3CCC4=CC(=O)CC[C@]4(C)[C@H]3CC[C@@]12C,0.037180185
C=CCc1cc(OC)c(O)c(C(=O)NCCO)c1,0.0018046235
C[C@@H](CN(C)C)CN1c2ccccc2Sc2ccccc21,0.0089250645
C=CCN(C1=NCCN1)c1c(Cl)cccc1Cl,0.08482479
COc1cc(Nc2ncc3c(n2)-c2ccc(Cl)cc2C(c2c(F)cccc2OC)=NC3)ccc1C(=O)O,0.38773128
COCCCOc1cc(C[C@@H](C[C@H](N)[C@@H](O)C[C@H](C(=O)NCC(C)(C)C(N)=O)C(C)C)C(C)C)ccc1OC,0.45441863
C/C=C/C[C@@H](C)[C@@H](O)[C@H]1C(=O)N[C@@H](CC)C(=O)N(C)[C@H](C)C(=O)N(CC)[C@@H](C(C)C)C(=O)N[C@@H](C(C)C)C(=O)N(C)[C@@H](CC(C)C)C(=O)N[C@@H](C)C(=O)N[C@H](C)C(=O)N(C)[C@@H](CC(C)C)C(=O)N(C)[C@@H](CC(C)C)C(=O)N(C)[C@@H](C(C)C)C(=O)N1C,0.9999962
C=CCN1CCC[C@@H]1CNC(=O)c1cc2nn[nH]c2cc1OC,0.973938
O=C1c2ccccc2C(=O)c2c1ccc(O)c2O,0.0025101416
NC(=O)N[C@H]1NC(=O)NC1=O,0.5242201
C=CCS[S@@](=O)CC=C,0.05216919
O=c1nc[nH]c2n[nH]cc12,0.0052763233
OC[C@H]1O[C@@H](n2ncc3c(O)ncnc32)[C@H](O)[C@@H]1O,0.0016207842
C=CC[C@]1(O)CC[C@H]2[C@@H]3CCC4=CCCC[C@@H]4[C@H]3CC[C@@]21C,0.0033681758
C=CCN=C=S,0.011640979
C=CCNC(N)=S,0.0023054169
C=CCNc1nc(NCC=C)nc(N2CCN(C(c3ccc(F)cc3)c3ccc(F)cc3)CC2)n1,0.76064897
CNC(=O)[C@@H](c1ccccc1)N1CCc2cc(OC)c(OC)cc2[C@@H]1CCc1ccc(C(F)(F)F)cc1,0.2963698
CN(C)CCc1c[nH]c2ccc(CS(=O)(=O)N3CCCC3)cc12,0.007541746
O=C1c2cccc(O)c2C(=O)c2c(O)cc(CO)cc21,0.006665988
Cn1c(=O)cc(N2CCC[C@@H](N)C2)n(Cc2ccccc2C#N)c1=O,0.36494607
O=C1c2c(O)cccc2[C@H]([C@@H]2O[C@H](CO)[C@@H](O)[C@H](O)[C@H]2O)c2cc(CO)cc(O)c21,0.006066414
C1=C2CCCN[C@H]2[C@@H]2C[C@H]1[C@H]1CCCCN1C2,0.0012143394
Cc1nc[nH]c1CN1CCc2c(c3ccccc3n2C)C1=O,0.0030011637
Cc1cn([C@H]2C[C@H](F)[C@@H](CO)O2)c(=O)[nH]c1=O,0.00043510227
CCOC(=O)[C@H]1O[C@@H]1C(=O)N[C@@H](CC(C)C)C(=O)NCCC(C)C,0.09210459
Cc1nc(NC(=O)N2CCC[C@H]2C(N)=O)sc1-c1ccnc(C(C)(C)C(F)(F)F)c1,0.53789157
C/C=C/c1cc(OC)c(OC)cc1OC,5.427637e-05
OC[C@H]1O[C@H](O)[C@H](O)[C@@H](O)[C@@H]1O,5.1561514e-05
COc1ccc([C@@H]2CC(=O)c3c(O)cc(O[C@@H]4O[C@H](CO[C@@H]5O[C@@H](C)[C@H](O)[C@@H](O)[C@H]5O)[C@@H](O[C@H]5O[C@H](CO)[C@@H](O)[C@H](O)[C@H]5O)[C@H](O)[C@H]4O)cc3O2)cc1O,0.10754646
CC/C=C\C/C=C\C/C=C\CCCCCCCC(=O)O,9.5403084e-05
C[C@@H](N)Cc1cnc[nH]1,0.0005782438
C[C@H](N)Cc1cnc[nH]1,0.02221193
C[C@@H](N)Cc1c[nH]c2ccc(O)cc12,0.0004977878
Cc1c(C)c2c(c(C)c1O)CC[C@](C)(CCC[C@H](C)CCC[C@H](C)CCCC(C)C)O2,0.39376414
CC(=O)Oc1c(C)c(C)c2c(c1C)CC[C@](C)(CCC[C@H](C)CCC[C@H](C)CCCC(C)C)O2,0.02303016
CCCN(CCC)C(=O)Cc1c(-c2ccc(Cl)cc2)nc2ccc(Cl)cn12,0.38031125
C=CCc1ccccc1OC[C@H](O)CNC(C)C,0.0014837676
CCCCC[C@H](O)/C=C/[C@H]1[C@H](O)CC(=O)[C@@H]1CCCCCCC(=O)O,0.0010807903
O=C(O)CN1C(=O)c2cccc3cccc(c23)C1=O,0.0009822897
Nc1ccn([C@@H]2O[C@@](CO)(CCl)[C@@H](O)[C@H]2F)c(=O)n1,0.0065295417
CC(C)C(=O)OC[C@@]1(CCl)O[C@@H](n2ccc(N)nc2=O)[C@H](F)[C@@H]1OC(=O)C(C)C,0.0016024446
O=C(c1ccc(F)cc1)C1CCN(CCn2c(=S)[nH]c3ccccc3c2=O)CC1,0.8833129
C=CCSC[C@@H]1Nc2cc(Cl)c(S(N)(=O)=O)cc2S(=O)(=O)N1,0.02918379
C#Cc1cncc([C@@H]2CCCN2C)c1,0.0010407785
O=C(Nc1cc(Oc2cc(F)c(NC(=O)C3(C(=O)Nc4ccc(F)cc4)CC3)cc2F)ccn1)C1CC1,0.1335294
C=CC[C@]1(O)CC[C@H]2[C@@H]3CCC4=CC(=O)CCC4=C3C=C[C@@]21C,0.005945517
CN(C)c1nc(N(C)C)nc(N(C)C)n1,0.99931574
CCN(CCCc1ccccc1)CCCc1ccccc1,0.0043147802
CO[C@H]1/C=C\C=C(/C)C(=O)NC2=CC(=O)C(NCCN(C)C)=C(C[C@@H](C)C[C@H](OC)[C@H](O)[C@@H](C)/C=C(\C)[C@@H]1OC(N)=O)C2=O,0.3614402
C[C@H]1CN(C[C@H](Cc2ccccc2)C(=O)NCC(=O)O)CC[C@@]1(C)c1cccc(O)c1,0.2452319
CN1CC[C@H](c2c(O)cc(O)c3c(=O)cc(-c4ccccc4Cl)oc23)[C@H](O)C1,0.49572787
CC(=O)N[C@H](CCCNC(=N)N)C(=O)N[C@H](CCCNC(=N)N)C(=O)N[C@H](CCCNC(=N)N)C(=O)N[C@H](CCCNC(=N)N)C(=O)N[C@H](CCCNC(=N)N)C(=O)N[C@H](CCCNC(=N)N)C(=O)N[C@H](CCCNC(=N)N)C(=O)N[C@H](CCCNC(=N)N)C(=O)N[C@H](CCCNC(=N)N)C(N)=O,4.0639978e-07
CN(CC[C@@H](Oc1ccc(-c2ccccc2)cc1)c1ccc(F)cc1)CC(=O)O,0.23739791
CN1CCCC[C@@H]1Cn1cc(C(=O)c2cc([N+](=O)[O-])ccc2I)c2ccccc21,0.9906714
Oc1c(I)cc(I)cc1I,0.22842683
Cc1c(C(=O)NN2CCCCC2)nn(-c2ccc(Cl)cc2Cl)c1-c1ccc(I)cc1,0.032776278
Cc1c(C(=O)NN2CCOCC2)nn(-c2ccc(Cl)cc2Cl)c1-c1ccc(I)cc1,0.02063026
CCCCC/C=C\C/C=C\C/C=C\C/C=C\CCCC(=O)Nc1ccc(O)cc1,2.1986572e-05
CC1(C)CCC(C)(C)c2cc(C(=O)Nc3ccc(C(=O)O)cc3)ccc21,0.75043267
COc1ccc(C(=O)c2c(C)n(CCN3CCOCC3)c3cc(I)ccc23)cc1,0.86033624
CN(CCc1ccc(Cl)c(Cl)c1)C[C@@H](O)COc1ccc(NS(C)(=O)=O)cc1,0.66344017
NC12CC3CC(CC(C3)C1)C2,0.10340605
N=C(N)N=Nc1ccc(NNC(N)=S)cc1,0.11283323
CC[N+](CC)(CCNC(=O)C(=O)NCC[N+](CC)(CC)Cc1ccccc1Cl)Cc1ccccc1Cl,0.0004444901
COC(c1ccccc1)(c1ccccc1)[C@H](Oc1nc(C)cc(C)n1)C(=O)O,0.098688595
Nc1c(Br)cc(Br)cc1CN[C@H]1CC[C@H](O)CC1,1.5596952e-05
CCN(CC)CCNC(=O)c1c(C)[nH]c(/C=C2/C(=O)Nc3ccc(-c4csc(-c5ccccc5)n4)cc32)c1C,0.057583332
CC(=O)OCC(=O)[C@@]12OC3(CCCC3)O[C@@H]1C[C@H]1[C@H]3CCC4=CC(=O)C=C[C@]4(C)[C@@]3(F)[C@@H](O)C[C@@]12C,0.04795856
c1ccc(CNCc2ccc(CN3CCCNCCNCCCNCC3)cc2)nc1,0.0017056308
CC1(C)S[C@@H]2[C@H](/N=C/N3CCCCCC3)C(=O)N2[C@H]1C(=O)O,0.117606446
NCCCCN(Cc1nc2ccccc2[nH]1)[C@H]1CCCc2cccnc21,0.00080176914
Cc1cccc(C)c1NC(=O)c1ccc(N)cc1,0.041031197
Cc1cccc(C)c1N(CC(=O)Nc1ccc(-c2ncon2)cc1)C(=O)C1CCS(=O)(=O)CC1,0.029555855
O=C1c2ccccc2C(=O)c2c(NCCNCCO)ccc(NCCNCCO)c21,7.616622e-07
COc1cc(N)cn[n+]1-c1ccccc1,0.27236557
Nc1c(CC(=O)O)cccc1C(=O)c1ccccc1,0.00029960807
Nc1c(-c2cccc(C(F)(F)F)c2)nsc1C(=O)O,0.22001433
Cc1ccc2cc(-c3c(C)ccc(C(=O)c4c(-c5ccccc5)n(C)n(-c5ccccc5)c4=O)c3N)ccc2n1,0.103605434
CO[C@H]1/C=C/C[C@H](C)[C@@H](C)S(=O)(=O)NC(=O)c2ccc3c(c2)N(C[C@@H]2CC[C@H]21)C[C@@]1(CCCc2cc(Cl)ccc21)CO3,0.61255574
COc1ccc2c(OCc3nnc4ccc(-c5ccccc5)nn34)ccnc2c1,0.7967511
CC(C)[C@@H](CS(=O)(=O)C(C)C)N1C(=O)[C@@](C)(CC(=O)O)C[C@H](c2cccc(Cl)c2)[C@H]1c1ccc(Cl)cc1,0.9483218
C[C@H](Nc1ncnc2nc[nH]c12)c1cc2ccc(F)cc2nc1-c1ccccn1,0.9065165
COCCOc1cnc2ccn([C@H](C)c3nnc4c(F)cc(-c5cnn(C)c5)cn34)c(=O)c2c1,0.83675754
CCOc1ccc(-n2c([C@@H](C)N(Cc3cccnc3)C(=O)Cc3ccc(OC(F)(F)F)cc3)nc3ncccc3c2=O)cc1,0.8592428
C=CC(=O)N1CCN(c2nc(=O)n(-c3c(C)ccnc3C(C)C)c3nc(-c4c(O)cccc4F)c(F)cc23)[C@@H](C)C1,0.7694571
CC(=O)Nc1nc2c(Oc3cc(-c4ccc(C(F)(F)F)cc4)ncn3)cccc2s1,0.044314966
Cn1c(NC[C@@H](N)Cc2ccccc2)nc(-c2ccncc2)c(-c2ccc3ccccc3c2)c1=O,0.70282674
CC#C[C@@H](CC(=O)O)c1ccc(OCc2cccc(-c3ccc(C(F)(F)F)cc3)c2)cc1,0.904464
C[C@H]1CC[C@H](n2c3cnccc3c3cnc(Nc4ccc5c(n4)CCN(C(=O)CO)C5)nc32)CC1,0.066842265
CC(C)(C)c1ccc(/C=C/C(=O)Nc2ccc3c(c2)OCCO3)cc1,0.04679166
C[C@@H](Nc1ncnc2nc[nH]c12)c1cc2ccc(F)cc2nc1-c1ccccn1,0.73877275
COc1ccc2c(Oc3ccc(NC(=O)c4c(C)n(CC(C)(C)O)n(-c5ccccc5)c4=O)nc3)ccnc2c1,0.9094028
Cc1csc(-c2nnc(Nc3ccc(Oc4ncccc4-c4ccnc(N)n4)cc3)c3ccccc23)c1,0.03506155
O=C(Nc1ccc2c(O)cc(S(=O)(=O)O)cc2c1)Nc1ccc2c(O)cc(S(=O)(=O)O)cc2c1,0.9897232
CCOC(=O)COc1ccc2c(c1)C[C@@H](NC[C@H](O)c1cccc(Cl)c1)CC2,0.07635677
Cc1c(N(C)C)c(=O)n(-c2ccccc2)n1C,0.092300676
Nc1ccncc1N,0.041663103
Cc1cc(N(C)C)ccc1C[C@@H](C)N,0.0015155128
NCCCNCCSP(=O)(O)O,4.3706423e-06
NCC[C@H](O)C(=O)N[C@@H]1C[C@H](N)[C@@H](O[C@H]2O[C@H](CN)[C@@H](O)[C@H](O)[C@H]2O)[C@H](O)[C@H]1O[C@H]1O[C@H](CO)[C@@H](O)[C@H](N)[C@H]1O,0.99881893
N=C(N)NC(=O)c1nc(Cl)c(N)nc1N,0.21847454
O=C(O)CCCCCCNC1c2ccccc2CCc2ccccc21,0.00034589364
NCCCCCC(=O)O,8.7765235e-05
CC[C@@]1(c2ccc(N)cc2)CCC(=O)NC1=O,0.30103144
NN=C(N)N,0.0043098293
NC[C@@H](O)CC(=O)O,0.00030668546
NCC(=O)CCC(=O)OCc1ccccc1,0.014641142
C[C@H]1CCN=C(N)S1,0.00032936173
CC(CC(C(N)=O)(c1ccccc1)c1ccccc1)N(C)C,0.038555346
Cn1c(=O)c2[nH]cnc2n(C)c1=O,0.85465336
Nc1nc(N)c2nc(CNc3ccc(C(=O)N[C@@H](CCC(=O)O)C(=O)O)cc3)cnc2n1,0.8511598
CC(C)[C@H](CO)Nc1nc(Nc2cc(N)cc(Cl)c2)c2ncn(C(C)C)c2n1,0.17296718
Nc1ccc(C(=O)O)c(O)c1,0.15087928
Nc1nncs1,0.015246351
Nc1nccs1,0.0031190596
CCCCc1oc2ccccc2c1C(=O)c1cc(I)c(OCCN(CC)CC)c(I)c1,0.9992036
CN(C)CCCO[C@@H]1[C@H]2OC(C)(C)O[C@H]2O[C@@H]1[C@H](O)CO,5.9746002e-05
CCCCCCCOc1ccc(CCC(N)(CO)CO)cc1C(F)(F)F,0.0003047536
CCN1CCC[C@@H]1CNC(=O)c1cc(S(=O)(=O)CC)c(N)cc1OC,0.9979424
Clc1ccc([C@]23CNC[C@H]2C3)cc1Cl,0.023376938
Cc1ccc(/N=C/N(C)/C=N/c2ccc(C)cc2C)c(C)c1,0.100476034
CN(C)CCC=C1c2ccccc2CCc2ccccc21,0.017733773
CC(C)c1ccc2oc3nc(N)c(C(=O)O)cc3c(=O)c2c1,0.8212074
CCOC(=O)C1=C(COCCN)NC(C)=C(C(=O)OC)[C@H]1c1ccccc1Cl,0.5774102
CC1(C)[C@@H](O[C@H]2O[C@H](C(=O)O)[C@@H](O)[C@H](O)[C@H]2O[C@@H]2O[C@H](C(=O)O)[C@@H](O)[C@H](O)[C@H]2O)CC[C@]2(C)[C@H]3C(=O)C=C4[C@@H]5C[C@@](C)(C(=O)O)CC[C@]5(C)CC[C@@]4(C)[C@]3(C)CC[C@@H]12,0.94706637
C[C@@H](O)C(=O)O,0.0014825078
O=C(O)C(F)(F)C(F)(F)C(F)(F)C(F)(F)C(F)(F)C(F)(F)C(F)(F)F,0.9693769
c1ccc(C(NCCNC(c2ccccc2)c2ccccc2)c2ccccc2)cc1,7.5482065e-05
CCN(CC)Cc1cc(Nc2ccnc3cc(Cl)ccc23)ccc1O,0.12954713
CN(C)CCN1C(=O)c2cccc3cc(N)cc(c23)C1=O,0.0001444899
CCC(C)(C)c1ccc(C[C@@H](C)CN2C[C@@H](C)O[C@@H](C)C2)cc1,0.0030920885
Clc1ccc2c(c1)C(N1CCNCC1)=Nc1ccccc1O2,0.0037948163
CC1(C)S[C@@H]2[C@H](NC(=O)[C@H](N)c3ccc(O)cc3)C(=O)N2[C@H]1C(=O)O,0.0020847388
Cc1o[nH]c(=O)c1C[C@@H](N)C(=O)O,0.0015849138
Cc1o[nH]c(=O)c1C[C@H](N)C(=O)O,0.016066765
O=C(c1ccc2nccnc2c1)N1CCCCC1,0.008322738
CCNC(=O)N1CCN(CCCC(c2ccc(F)cc2)c2ccc(F)cc2)CC1,0.68870914
C[C@@H]1[C@H](O)[C@@H](C)/C=C/C=C/C=C/C=C/C=C/C=C/C=C/[C@H](O[C@@H]2O[C@H](C)[C@@H](O)[C@H](N)[C@@H]2O)C[C@@H]2O[C@](O)(C[C@@H](O)C[C@@H](O)[C@H](O)CC[C@@H](O)C[C@@H](O)CC(=O)O[C@H]1C)C[C@H](O)[C@H]2C(=O)O,0.82795334
CC1(C)S[C@@H]2[C@H](NC(=O)[C@H](N)c3ccccc3)C(=O)N2[C@H]1C(=O)O,0.0025737344
CCOC(=O)O[C@@H](C)OC1=C(C(=O)Nc2ccccn2)N(C)S(=O)(=O)c2ccccc21,0.9784968
CC(C)CN(C[C@@H](O)[C@H](Cc1ccccc1)NC(=O)O[C@H]1CCOC1)S(=O)(=O)c1ccc(N)cc1,0.99047756
CCCc1ncc(C[n+]2ccccc2C)c(N)n1,0.70157903
Cc1c(N)c(=O)n(-c2ccccc2)n1C,0.011411554
Nc1cc(-c2ccncc2)c[nH]c1=O,0.0060580247
CC(=O)[C@]1(N)Cc2c(O)c3c(c(O)c2[C@@H](O[C@H]2C[C@H](O)[C@H](O)CO2)C1)C(=O)c1ccccc1C3=O,0.02251545
COc1cc(NS(C)(=O)=O)ccc1Nc1c2ccccc2nc2ccccc12,0.06931399
Cc1nc(N)sc1CCN,0.16075979
COc1ccccc1OC(=O)CNC(=O)Cc1ccc(C(=O)c2ccc(C)cc2)n1C,0.013526255
S=C(NCc1ccc2c(c1)OCO2)N1CCN(c2ncnc3c2oc2ccccc23)CC1,0.84984547
N#C[C@H](O[C@@H]1O[C@H](CO[C@@H]2O[C@H](CO)[C@@H](O)[C@H](O)[C@H]2O)[C@@H](O)[C@H](O)[C@H]1O)c1ccccc1,0.20778973
CCCCCO[NH2+][O-],0.0010221967
CC[C@@](C)(CN(C)C)OC(=O)c1ccccc1,0.0018891421
CCC(C)(C)O,0.00030686354
N#C/C(=C\c1cccn1S(=O)(=O)c1cccc([N+](=O)[O-])c1)S(=O)(=O)c1ccc(F)cc1,0.14699711
Cc1noc(-c2ccc(-c3ccc(CC(=O)O)cc3)cc2)c1NC(=O)O[C@H](C)c1ccccc1,0.93898356
CCN(Cc1cc(C(F)(F)F)ccc1-c1cc(CC(=O)O)ccc1OC)C(=O)NCc1ccccc1,0.029385747
COc1cnc(-c2ccc(Cn3c(CC(C)(C)C(=O)O)c(SC(C)(C)C)c4cc(OC[C@@H]5Cc6ccccc6N5C(C)=O)ccc43)cc2)nc1,0.006698277
O=C(Nc1ccccc1C(=O)N[C@H]1CCCCNC1=O)c1cc2ccccc2s1,0.1417576
c1cncc([C@H]2CCCCN2)c1,2.357007e-06
COc1cc(F)c(C(C)C)cc1-c1ccc(C(F)(F)F)cc1CN1C(=O)O[C@H](c2cc(C(F)(F)F)cc(C(F)(F)F)c2)[C@@H]1C,0.976674
Cc1cc2ncc(C(=O)NCC(C)(C)NCC(=O)N3CCC[C@H]3C#N)cn2n1,0.9607359
O=C1CN2Cc3c(ccc(Cl)c3Cl)N=C2N1,0.004472565
CN(C)N(C)C(=O)[C@@]1(Cc2ccccc2)CCCN(C(=O)[C@@H](Cc2c[nH]c3ccccc23)NC(=O)C(C)(C)N)C1,0.780041
CCCCC/C=C\C/C=C\C/C=C\C/C=C\CCCC(=O)NCCO,1.1341849e-06
CC(C)(C#N)c1cc(Cn2cncn2)cc(C(C)(C)C#N)c1,0.016079372
CC(=O)Nc1ccc(OC[C@](C)(O)C(=O)Nc2ccc([N+](=O)[O-])c(C(F)(F)F)c2)cc1,0.10872404
C=C1CC[C@@H]2[C@](C)(CO)[C@H](O)CC[C@@]2(C)[C@@H]1C/C=C1/C(=O)OC[C@H]1O,2.4813062e-05
C[C@@]12CCC(=O)C[C@@H]1CC[C@@H]1[C@@H]2CC[C@@]2(C)C=CC[C@@H]12,0.0006715319
C[C@]12CC[C@@H](O)C[C@@H]1CC[C@@H]1[C@@H]2CC[C@]2(C)C(=O)CC[C@@H]12,0.00041138034
CC(=O)OCC(=O)[C@@]1(O)CC[C@H]2[C@@H]3CCC4=CC(=O)CC[C@]4(C)C3=CC[C@@]21C,0.048299752
C/C=C/c1ccc(OC)cc1,5.975843e-05
COc1ccc(-c2cc(=S)ss2)cc1,0.0011666929
CC(=O)OC[C@]12CCC(C)=C[C@H]1O[C@@H]1[C@H](O)[C@@H](OC(C)=O)[C@@]2(C)[C@@]12CO2,0.0083746305
CCCCCOc1ccc(-c2ccc(-c3ccc(C(=O)N[C@H]4C[C@@H](O)[C@@H](O)NC(=O)[C@@H]5[C@@H](O)[C@@H](C)CN5C(=O)[C@H]([C@@H](C)O)NC(=O)[C@H]([C@H](O)[C@@H](O)c5ccc(O)cc5)NC(=O)[C@@H]5C[C@@H](O)CN5C(=O)[C@H]([C@@H](C)O)NC4=O)cc3)cc2)cc1,0.9159972
COc1ccc(C(=O)N2CCCC2=O)cc1,0.0032821433
COc1ccc(C2C(=O)c3ccccc3C2=O)cc1,0.3841248
COc1ccc(C[C@H]2NC[C@H](O)[C@H]2OC(C)=O)cc1,0.00026074742
CCCC(CCC)C(=O)O[C@H]1C[C@H]2CC[C@@H](C1)[N+]2(C)C,0.003646278
COc1cc2c(Oc3ccc4[nH]c(C)cc4c3F)ccnc2cc1OCC1(N)CC1,0.080775574
Clc1cccc(SC2CCNCC2)n1,0.00033975233
CCOc1nc2c(N)ncnc2n1CC,0.55755436
COc1cc2cc(c1Cl)N(C)C(=O)C[C@H](OC(=O)C(C)C)[C@]1(C)O[C@H]1[C@H](C)[C@@H]1C[C@@](O)(NC(=O)O1)[C@H](OC)/C=C/C=C(\C)C2,0.0025105414
CSCC[C@H](NC(=O)[C@H](CC(C)C)NC(=O)[C@@H](Cc1c[nH]c2ccccc12)NC(=O)[C@H](Cc1ccccc1)N(C)C(=O)[C@@H](Cc1c[nH]c2ccccc12)NC(=O)[C@@H](N)CCCNC(=N)N)C(N)=O,0.8142546
CCCCN(CC)c1nc(C)nc2c1c(C)c(C)n2-c1c(C)cc(C)cc1C,0.93742454
c1ccc(CN(CC2=NCCN2)c2ccccc2)cc1,0.004799559
O=C1c2c(O)cccc2Cc2cccc(O)c21,0.06417976
O=C1c2ccccc2C(=O)c2ccccc21,0.0013382438
O=C1[O][SbH]23[O]C(=O)[C@H]([O]2)[C@H]2[O][SbH]4([O]C(=O)[C@H]([O]4)[C@H]1[O]3)[O]C2=O,0.99090683
O=C1[O][SbH]23[O]C(=O)C([O]2)C2[O][SbH]4([O]C(=O)C([O]4)C1[O]3)[O]C2=O,1.0
CCCCCC[C@H]1C(=O)O[C@H](C)[C@H](NC(=O)c2cccc(NC=O)c2O)C(=O)O[C@@H](C)[C@@H]1OC(=O)CC(C)C,0.99153477
Cc1ccc(C(C)C)cc1O,0.014326219
OB1OCc2cc(Cl)ccc21,0.28099567
CC(=C\c1ccc(Cl)cc1)/C(C)=N/O,0.0034450213
COc1cc(OC)c2c(=O)nc(-c3cc(C)c(OCCO)c(C)c3)[nH]c2c1,0.0024168014
Cc1nnc2n1-c1sc(CCC(=O)N3CCOCC3)cc1C(c1ccccc1Cl)=NC2,0.39927834
CNC(=O)c1ccc(N2C(=S)N(c3cnc(C#N)c(C(F)(F)F)c3)C(=O)C23CCC3)cc1F,0.42496023
CC1(C)Oc2cc(NS(C)(=O)=O)ccc2N(c2ccc(F)cc2)C1=O,0.20003976
N#CC1(c2ccc(NC(=O)c3cccnc3NCc3ccncc3)cc2)CCCC1,0.1434198
Cc1c(C)c2c(c(C)c1O)CCC(C)(C)O2,0.0028977687
COc1cc(OC)cc(-c2ccc3c(-c4ccc(F)cc4)[nH]nc3n2)c1,0.7051005
COc1c(Nc2ccc(S(C)(=O)=O)nc2C)ncnc1OC1CCN(C(=O)OC(C)C)CC1,0.049702287
CC(C)OC(=O)N1CCC(Oc2ncnc3c2cnn3-c2ccc(S(C)(=O)=O)cc2F)CC1,0.3218442
C[C@@]1(CO)[C@H](O)CC[C@@]2(C)[C@H]1CC[C@H]1C[C@@H]3C[C@@]12CC[C@]3(O)CO,2.6234038e-05
Cc1cc(OCCN2CCOCC2)nn1-c1ccc2ccccc2c1,0.2219845
NC(=O)c1cn([C@@H]2O[C@H](CO)[C@@H](O)[C@H]2O)c2ncnc(N)c2c1=O,0.7049348
O=c1cc(-c2ccc(O)cc2)oc2cc(O)cc(O)c12,0.0014170996
COc1ccc(-n2nc(C(N)=O)c3c2C(=O)N(c2ccc(N4CCCCC4=O)cc2)CC3)cc1,0.09011901
COc1cc(C(C)=O)ccc1O,9.4075534e-05
O=C1C(=O)N(Cc2ccc(Cl)c(Cl)c2)c2ccccc21,0.0012199193
COC[C@]1(CO)C(=O)C2CCN1CC2,0.0016402933
Nc1cc(Cl)c(NC2=NCCN2)c(Cl)c1,0.0059205336
CN[C@@H]1[C@@H](O[C@H]2O[C@H](CO)[C@@H](N)[C@H](O)[C@H]2O)O[C@H]2C[C@@H](N)[C@@H](O[C@H]3[C@H](O)[C@@H](O)[C@H](N)C[C@@H]3N)O[C@@H]2[C@@H]1O,0.8901448
CC1(C)SCCN(S(=O)(=O)c2ccc(OCC#CCO)cc2)[C@H]1C(=O)NO,0.05642124
CCOc1cc([C@@H](CS(C)(=O)=O)N2C(=O)c3cccc(NC(C)=O)c3C2=O)ccc1OC,0.99515367
C[C@@H](O[C@H]1OCCN(Cc2n[nH]c(=O)[nH]2)[C@H]1c1ccc(F)cc1)c1cc(C(F)(F)F)cc(C(F)(F)F)c1,0.17537689
Nc1ccn([C@H]2CO[C@@H](CO)S2)c(=O)n1,0.03989282
CCN(CC)CCCN(c1ccccc1)C1Cc2ccccc2C1,0.0073713157
C=CC[C@H](C(=O)NC(N)=O)C(C)C,0.8393722
CCc1cccc(N(C)C(=N)Nc2cccc3ccccc23)c1,0.0790197
Cc1[nH]c2ccc(F)cc2c1-c1nc2c3cccnc3c3ncccc3c2[nH]1,0.058816243
c1cc(Nc2cc(C3CC3)n[nH]2)nc(Nc2ccc3nc[nH]c3c2)n1,0.038542956
COc1ccc2c(c1)c(CC(=O)Oc1ccc(NC(C)=O)cc1)c(C)n2C(=O)c1ccc(Cl)cc1,0.008317182
Cc1cccc(/C=N/Nc2cc(N3CCOCC3)n3nc(-c4ccncc4)cc3n2)c1,0.37925836
CC[C@H](C(=O)N1CCCC[C@H]1C(=O)O[C@H](CCc1ccc(OC)c(OC)c1)c1cccc(OCC(=O)NCCNC(=O)COc2cccc([C@@H](CCc3ccc(OC)c(OC)c3)OC(=O)[C@@H]3CCCCN3C(=O)[C@@H](CC)c3cc(OC)c(OC)c(OC)c3)c2)c1)c1cc(OC)c(OC)c(OC)c1,0.518484
COc1cc(N2CCC(N(C)C)CC2)ccc1Nc1ncc(Cl)c(Nc2ccccc2P(C)(C)=O)n1,0.34046715
CCN(CC)CCCCC1CCN(CC(=O)N2c3ccccc3C(=O)Nc3cccnc32)CC1,0.2117786
CCN(CC)CCCNc1ccnc2cc(Cl)ccc12,0.11550662
Cc1ccc(-c2ccc(O[C@H]3CN4CCC3CC4)cn2)cc1,0.20845066
COc1ccc(CNC(=O)Nc2ncc([N+](=O)[O-])s2)cc1,0.018396894
Cc1n[nH]c(C)c1Cc1sc2c(c1C(=O)N1C[C@H](O)CO1)c(=O)n(C)c(=O)n2CC(C)C,0.9604143
NCC(=O)Nc1ccc(-n2nc(C(F)(F)F)cc2-c2ccc3c(ccc4ccccc43)c2)cc1,0.29080006
CC(C)[C@H](C(=O)Nc1ccc(C(=O)NO)cc1)c1ccccc1,0.055264767
CCCCC/C=C\C/C=C\C/C=C\C/C=C\CCCC(=O)O,1.0838201e-05
CCCCCCCCCCCCCCCCCCCC(=O)N[C@H]1CC[C@@]2(C)[C@@H](C1)C[C@@H](O)[C@@H]1[C@@H]2C[C@H](O)[C@]2(C)[C@@H]([C@H](C)CCC(=O)O)CC[C@@H]12,0.20922221
CCOC(=O)c1c(CSc2ccccc2)n(C)c2cc(Br)c(O)c(CN(C)C)c12,0.00078167
OC[C@H]1O[C@@H](Oc2ccc(O)cc2)[C@H](O)[C@@H](O)[C@@H]1O,2.50847e-05
COc1ccccc1N1CCN(CCN2C(=O)c3ccccc3C(C)(C)C2=O)CC1,0.0204477
COc1cc(C[C@H]2C(=O)OC[C@@H]2Cc2ccc(OC)c(OC)c2)ccc1O,0.00021497215
O=C1NC(=O)c2c1c1c3ccccc3[nH]c1c1[nH]c3ccccc3c21,0.014528838
CO[C@H]1O[C@H](COS(=O)(=O)O)[C@@H](O[C@@H]2O[C@@H](C(=O)O)[C@@H](OC)[C@H](O)[C@H]2OS(=O)(=O)O)[C@H](O)[C@H]1NS(=O)(=O)O,0.9999627
CC#CCOC(=O)C1=CCCN(C)C1,0.0035703273
C#CCOC(=O)C1=CCCN(C)C1,0.29444936
COC(=O)C1=CCCN(C)C1,0.0018195084
C[C@@H]1CCN(C(=O)[C@H](CCCNC(=N)N)NS(=O)(=O)c2cccc3c2NC[C@H](C)C3)[C@@H](C(=O)O)C1,0.9994435
CSCC[C@H](NC(=O)[C@H](CCC(=O)O)NC(=O)[C@H](CCC(=O)O)NC(C)=O)C(=O)N[C@@H](CCC(N)=O)C(=O)N[C@@H](CCCNC(=N)N)C(=O)N[C@@H](CCCNC(=N)N)C(N)=O,0.09025001
C=C1C(=O)O[C@@H]2[C@H]3C(C)=CC[C@@]34O[C@@]4(C)CC[C@@H]12,0.014394494
O=C1CCc2ccc(OCCCCN3CCN(c4cccc(Cl)c4Cl)CC3)cc2N1,0.56474763
CCCCCCCCCCCC(=O)OCN1C(=O)CCc2ccc(OCCCCN3CCN(c4cccc(Cl)c4Cl)CC3)cc21,0.71209145
CCCn1c(=O)c2[nH]cnc2n(-c2ccc(Cl)cc2)c1=O,0.6253273
CC(C)(C)NC[C@@H](O)CSc1nc(-c2ccc(C(N)=O)s2)cs1,0.89094007
Nc1ncccc1-c1nc2ccc(-c3ccccc3)nc2n1-c1ccc(C2(N)CCC2)cc1,0.8511942
C#CC[C@H](c1nc2cc(Cl)ccc2c(=O)n1Nc1ccccc1)N(CCCN)C(=O)c1cccc(Cl)c1F,0.04745434
C[C@@H]1COC(Nc2ccc3ncnc(Nc4ccc(OCc5nccs5)c(Cl)c4)c3c2)=N1,0.7374755
Nc1ccc([As](=O)(O)O)cc1,0.011899914
O=[As]O[As]=O,0.7247378
CO[C@H]1O[C@@H]2O[C@@]3(C)CC[C@H]4[C@H](C)CC[C@@H]([C@H]1C)[C@@]24OO3,0.09588319
C[C@@H]1CC[C@H]2[C@@H](C)C(=O)O[C@@H]3O[C@@]4(C)CC[C@@H]1[C@]32OO4,0.0011575365
CCO[C@H]1O[C@@H]2O[C@@]3(C)CC[C@H]4[C@H](C)CC[C@@H]([C@H]1C)[C@@]24OO3,0.29080975
C[C@H]1[C@H](OC(=O)CCC(=O)O)O[C@@H]2O[C@@]3(C)CC[C@H]4[C@H](C)CC[C@@H]1[C@@]24OO3,0.004298551
CCCN[C@@H](C)C(=O)Nc1c(C)csc1C(=O)OC,8.4305306e-05
CCCCCC[C@@H](CCC)C(=O)O,0.02013011
Cc1sc2c(c1C)C(c1ccc(Cl)cc1)=N[C@@H](CC(=O)Nc1ccc(OCCOCCOCCOCCNc3cccc4c3C(=O)N([C@H]3CCC(=O)NC3=O)C4=O)cc1)c1nnc(C)n1-2,0.92359734
Cc1cc(NCCO)nc(-c2ccc(Br)cc2)n1,0.0010326235
O=C(Nc1ccc(-c2ccncc2)cc1)N[C@H](CO)c1ccccc1,0.7651351
C[C@H](NC(=O)c1sccc1OCc1ccc(Cl)cc1)c1ccccc1,0.9346695
O=C(O)CCc1ccc(NCc2cccc3c2CCCN3CCOc2ccccc2)cc1F,0.6367758
Cc1cc(-c2nc(C(=O)Nc3cn(C4CCOCC4)nc3C(N)=O)co2)ccn1,0.091823265
O=C1NC(=O)/C(=C/c2ccc(-c3ccc(F)cc3O)o2)S1,0.9092366
O=C1NC(=O)/C(=C/c2ccc3c(c2)OC(F)(F)O3)S1,0.9967763
O=C(NC[C@H](O)CO)c1ccncc1Nc1ccc(I)cc1F,0.9948769
O=c1ccc2c(OCCCCOc3ccccc3)c3ccoc3cc2o1,0.038303148
Cc1ccc2c(=O)c3cccc(CC(=O)O)c3oc2c1C,0.010554836
CC(C)Oc1ccc(S(=O)(=O)N2CCN(c3ccc(-c4ncco4)c(OCC(=O)O)c3)CC2)cc1,0.388749
COc1cc(OC)c(OC)cc1C=O,0.00011114829
COc1ccc(/C=C/C(=O)C=C(O)/C=C/c2ccc(OC)c(OC)c2)cc1OC,0.00032736605
O=C(Nc1ccc(OC(F)(F)Cl)cc1)c1cnc(N2CC[C@@H](O)C2)c(-c2cc[nH]n2)c1,0.40904355
CC[C@@H]1/C=C(\C)C[C@H](C)C[C@H](OC)[C@H]2O[C@@](O)(C(=O)C(=O)N3CCCC[C@H]3C(=O)O[C@H](/C(C)=C/[C@@H]3CC[C@@H](O)[C@H](OC)C3)[C@H](C)[C@@H](O)CC1=O)[C@H](C)C[C@@H]2OC,0.9791413
O=C1O[C@H]([C@@H](O)CO)[C@@H](O)C1=O,0.015820159
CN1C[C@@H]2c3ccccc3Oc3ccc(Cl)cc3[C@H]2C1,0.08541179
C[C@H]1[C@H](C)CC[C@]2(C(=O)O)CC[C@]3(C)C(=CC[C@@H]4[C@@]5(C)C[C@@H](O)[C@H](O)[C@@](C)(CO)[C@@H]5CC[C@]43C)[C@H]12,2.5138108e-06
CN(C(=O)C(c1ccccc1)c1ccccc1)[C@H](CN1CC[C@H](O)C1)c1ccccc1,0.46108195
CCCc1nc(C(F)(F)F)ccc1/C=C/C(=O)N[C@H](C)c1cc(F)c(NS(C)(=O)=O)c(F)c1,0.33278003
CC(C)c1nnc(-c2ccc(-c3ccccc3)nc2)n1-c1cccc2nonc12,0.121723
COc1ccc(-c2nc(OC)nn2-c2ccc(OC)cc2)cc1,0.0058356933
COc1ccc2[nH]c(C(=O)N3CCC(CC(C)(C)O)CC3)cc2c1,0.0005649439
COC(=O)[C@H](Cc1ccccc1)NC(=O)[C@@H](N)CC(=O)O,0.02142948
CC(=O)Oc1ccccc1C(=O)O,0.0057461527
COc1cc(N2CCC(N3CCN(C)CC3)CC2)ccc1Nc1ncnc(Nc2ccccc2S(=O)(=O)C(C)C)n1,0.2607845
C=CC(=O)Nc1ccc2ncnc(Nc3ccc(OCc4cccc(F)c4)c(Cl)c3)c2c1,0.58630973
CC1=C(/C=C/C(C)=C/C=C/C(C)=C/C=C/C=C(C)/C=C/C=C(C)/C=C/C2=C(C)C(=O)[C@@H](O)CC2(C)C)C(C)(C)C[C@H](O)C1=O,5.5470777e-05
COc1ccc(CCN2CCC(Nc3nc4ccccc4n3Cc3ccc(F)cc3)CC2)cc1,0.36303508
C[C@@H]1O[C@@H](O[C@H]2C(=O)c3c(O)cc(O)cc3O[C@@H]2c2ccc(O)c(O)c2)[C@H](O)[C@H](O)[C@H]1O,0.0013782949
CC(C)(O)[C@H]1CC[C@@](C)([C@H]2[C@@H](O)C[C@@]3(C)[C@@H]4C[C@H](O[C@@H]5O[C@H](CO)[C@@H](O)[C@H](O)[C@H]5O)[C@H]5C(C)(C)[C@@H](O[C@@H]6OC[C@@H](O)[C@H](O)[C@H]6O)CC[C@@]56C[C@@]46CC[C@]23C)O1,0.10359588
C[C@@H]1CN(CC(=O)N2CC(C)(C)c3nc(CO)c(Cc4ccc(F)cc4)cc32)[C@@H](CN2CCOC[C@H]2C)CN1,0.013013671
C=C[C@@H]1C[C@]1(NC(=O)[C@@H]1C[C@@H](Oc2ncc(OC)c3ccc(Cl)cc23)CN1C(=O)[C@@H](NC(=O)OC(C)(C)C)C(C)(C)C)C(=O)NS(=O)(=O)C1CC1,0.99874496
CN(C)C(=N)NCCC[C@H](N)C(=O)O,0.004647697
O=CN1CCC(C(=O)NCCN2CCC(=C3c4ccccc4C=Cc4ccccc43)CC2)CC1,0.25614047
CN[C@@H](C)C(=O)N[C@H]1CN(C(=O)CC(C)C)CC[C@H]2CC[C@@H](C(=O)NC(c3ccccc3)c3ccccc3)N2C1=O,0.0052959104
O=C(NC1CCNCC1)c1[nH]ncc1NC(=O)c1c(Cl)cccc1Cl,0.017528139
O=C(Nc1c[nH]nc1-c1nc2ccc(CN3CCOCC3)cc2[nH]1)NC1CC1,0.08523943
O=C(O)c1cccc(-c2noc(-c3ccccc3F)n2)c1,0.14022754
COC(=O)N[C@H](C(=O)N[C@@H](Cc1ccccc1)[C@@H](O)CN(Cc1ccc(-c2ccccn2)cc1)NC(=O)[C@@H](NC(=O)OC)C(C)(C)C)C(C)(C)C,0.9893896
COc1ccc2cc([C@@H](C)C(=O)Oc3ccc(C(N)=S)cc3)ccc2c1,0.065661564
CC(C)NC[C@@H](O)COc1ccc(CC(N)=O)cc1,0.0011512119
CC(C)NC[C@H](O)COc1ccc(CC(N)=O)cc1,0.0005975746
CN(C)C(=O)Nc1cccc(-c2ccc(N(C)C)cc2)c1,0.5741517
Cc1cc(C)cc([C@@H]2CCCN2Cc2ccc(Oc3ccc(C(N)=O)cc3F)cc2)c1,0.0076534944
CCC1(c2cnc[nH]2)Cc2ccccc2C1,0.6815358
CCCC1(CCC)CCC2(CCN(CCCN(CC)CC)C2)CC1,0.088870354
COc1ccc(C2CNC(=O)NC2)cc1O[C@H]1C[C@@H]2CC[C@H]1C2,0.15613629
CC(=O)N1CCC[C@H]1C(=O)N[C@@H](Cc1cnc[nH]1)C(=O)N[C@@H](CO)C(=O)N[C@@H](CS)C(=O)N[C@@H](CC(N)=O)C(N)=O,0.6557878
CNCC[C@@H](Oc1ccccc1C)c1ccccc1,4.395455e-05
CC(C)c1c(C(=O)Nc2ccccc2)c(-c2ccccc2)c(-c2ccc(F)cc2)n1CC[C@@H](O)C[C@@H](O)CC(=O)O,0.20881072
CCOc1ccc(C[C@H]2NC(=O)CCSSC[C@@H](C(=O)N3CCC[C@H]3C(=O)N[C@@H](CCCN)C(=O)NCC(N)=O)NC(=O)[C@H](CC(N)=O)NC(=O)[C@H]([C@@H](C)O)NC(=O)[C@H]([C@@H](C)CC)NC2=O)cc1,0.47057346
O=C1C(=O)[C@H]([C@H]2CC[C@H](c3ccc(Cl)cc3)CC2)C(=O)c2ccccc21,0.8281195
CC(C)(C)c1o[nH]c(=O)c1C[C@@H](N)C(=O)O,0.013294807
C=C1CCC[C@]2(C)C=C3OC(=O)C(C)=C3C[C@@H]12,0.0016413492
COc1ccc(C[C@H]2c3cc(OC)c(OC)cc3CC[N@+]2(C)CCC(=O)OCCCCCOC(=O)CC[N@+]2(C)CCc3cc(OC)c(OC)cc3[C@@H]2Cc2ccc(OC)c(OC)c2)cc1OC,0.18818523
CCCCN(CCCC)C(=O)CN1C[C@H](c2ccc3c(c2)OCO3)[C@@H](C(=O)O)[C@@H]1c1ccc(OC)cc1,0.004200706
C[N@+]1([O-])[C@@H]2CC[C@H]1C[C@@H](OC(=O)[C@H](CO)c1ccccc1)C2,0.001704169
COc1cc(F)ccc1-c1ncnc(Nc2cccc(C[S@](C)(=N)=O)c2)n1,0.77615553
NC[C@@](O)(c1ccc(Cl)cc1)c1ccc(-c2cn[nH]c2)cc1,0.84670955
CC(C)c1cc(C(=O)N2Cc3ccc(CN4CCN(C)CC4)cc3C2)c(O)cc1O,0.6843219
Clc1ccc(C2(c3ccc(-c4cn[nH]c4)cc3)CCNCC2)cc1,0.2146515
CC[P](CC)(CC)=[Au][S][C@@H]1O[C@H](COC(C)=O)[C@@H](OC(C)=O)[C@H](OC(C)=O)[C@H]1OC(C)=O,0.021101998
CCN1CCN(C(=O)Cc2ccc(Nc3ncc(F)c(Nc4ccc(C(=O)Nc5ccccc5Cl)cc4)n3)cc2)CC1,0.28585958
OC[C@H]1O[C@H]([S][Au])[C@H](O)[C@@H](O)[C@@H]1O,0.00037554436
CC[C@H]1NC(=O)N(c2ccc(Oc3ccc(C)c(OC)c3)nc2)C1=O,0.0009987868
C[C@H](c1ccc2ccc(O[C@H]3CC[C@@H](C(F)(F)F)CC3)c(C(F)(F)F)c2c1)N1[C@@H]2CC[C@H]1C[C@@H](C(=O)O)C2,0.8575883
C=CC(=O)Nc1cc2c(Nc3ccc(F)c(Cl)c3)ncnc2cc1C#CC(C)(C)N1CCN(C)CC1,0.93632704
O=C(N[C@H]1CCN(C(=O)c2cc(C(F)(F)F)cc(C(F)(F)F)c2)[C@H](Cc2ccc(Cl)cc2)C1)c1ccnc2ccccc12,0.9952668
Cc1ccc(NC(=O)[C@H]2CCCN(C(=O)c3c(C)cccc3F)[C@H]2c2ccc(NC3CCCC3)cc2)cc1C(F)(F)F,0.014795525
Cc1nc2cccc(N)c2c(=O)n1[C@H]1CCC(=O)NC1=O,0.024706155
NC(=O)[C@@H](CCC(F)(F)F)N(Cc1ccc(-c2ncon2)cc1F)S(=O)(=O)c1ccc(Cl)cc1,0.7663125
COc1ccc(CNc2nc(N3CCC[C@H]3CO)ncc2C(=O)NCc2ncccn2)cc1Cl,0.99576086
Cn1cc(-c2cc3c(N4CCN(c5ncc([C@@](C)(N)c6ccc(F)cc6)cn5)CC4)ncnn3c2)cn1,0.650193
CC(C)c1cc(C(C)C)c(CC(=O)NS(=O)(=O)Oc2c(C(C)C)cccc2C(C)C)c(C(C)C)c1,0.00046816646
O=C(Nc1nc(-c2cc(Cl)cs2)c(N2CCN(C3CCCCC3)CC2)s1)c1cnc(N2CCC(C(=O)O)CC2)c(Cl)c1,0.92678815
CCNC(=O)NS(=O)(=O)c1sc(CC(C)C)cc1-c1ccc(Cn2c(-c3ccccc3)nc(OC)c2C=O)cc1,0.113181256
O=C(NC1Cc2ccccc2C1)c1ccc2c(c1)OC(F)(F)O2,0.9912213
CN(C)C[C@H]1CCOC1(c1ccccc1)c1ccccc1,0.9595619
NC(=O)[C@@H]1CC[C@@H]2CN1C(=O)N2OS(=O)(=O)O,0.99658537
C=CC(=O)Nc1cccc(Oc2nc(Nc3ccc(N4CCN(C)CC4)c(F)c3)nc3[nH]ccc23)c1,0.13600592
C=CC(=O)Nc1cccc(Nc2nc(Nc3ccc(OCCOC)cc3)ncc2F)c1,0.6309297
CNc1nn2c(C)c(N(C)C)c(C)nc2c1S(=O)(=O)c1ccccc1,0.9470483
CC[C@H](CC#N)OC(=O)N[C@@H](C)c1cccc(NC(=O)Nc2ccc(-c3cnco3)c(OC)c2)c1,0.9634001
COc1ccc(C(=O)C=C(O)c2ccc(C(C)(C)C)cc2)cc1,0.01197634
C=Cc1cc(C(=O)Nc2ccc(C(=N)N)cc2)c(-c2ccc(C(=O)NCC3CC3)nc2C(=O)O)cc1OC,0.65844303
CCCCCCCCCCCCCCCCCCN(CCCCCCCCCCCCCCCCCC)CCCN(CCO)CCO,0.0011462774
COc1ccc2c(c1)C(c1ccc(F)cc1)=C(CN1CCCC1)CO2,0.5647194
CNC(=O)c1ccccc1Sc1ccc2c(/C=C/c3ccccn3)[nH]nc2c1,0.236628
Clc1ccccc1CNC[C@H]1CC[C@H](CNCc2ccccc2Cl)CC1,0.0003323421
C=CCNC(=O)c1cc([N+](=O)[O-])cc2c(=O)nc(Nc3ccc(Cl)c(Cl)c3)[nH]c12,0.6909395
O=C(CC12CC3CC(CC(C3)C1)C2)Nc1cccc2nc(NCCNCCO)ccc12,0.27974436
Cc1ccc(-c2ncc[nH]2)cc1NC(=O)c1ccc(OCc2ccccn2)cc1,0.75491244
Cc1ccc(NC(=O)c2cccc(C(C)(C)C#N)c2)cc1Nc1ccc2ncn(C)c(=O)c2c1,0.77730614
COc1ncnc(Cn2cc(C(=O)NCCO)c3ncc(C)cc32)c1C,0.9830595
Nc1ncn([C@@H]2O[C@H](CO)[C@@H](O)[C@H]2O)c(=O)n1,0.43092635
OC(c1ccccc1)(c1ccccc1)C1CCNCC1,0.019699426
Nc1nc2nn[nH]c2c(=O)[nH]1,0.028883899
CC[C@@H]1[C@@H](C)O[C@@](O)([C@@H](C)[C@H](O)[C@H](C)[C@H]2OC(=O)/C=C/C=C/[C@H](C)[C@@H]([C@@H](C)[C@@H](O)[C@H](C)[C@@]3(O)C[C@@H](O[C@H]4C[C@H](O)[C@H](O)[C@H](C)O4)[C@H](CC)[C@@H](C)O3)OC(=O)/C=C/C=C/[C@@H]2C)C[C@H]1O[C@H]1C[C@H](O)[C@H](O)[C@H](C)O1,0.0004634587
O=C(CCCN1CCN(c2ccccn2)CC1)c1ccc(F)cc1,0.40815073
CCC[C@H]1C(=O)N2C(N(C)C)=Nc3ccc(C)cc3N2C1=O,0.9840329
N#[N+]CC(=O)OC[C@H](N)C(=O)O,0.0010634369
CN1C(=O)COc2c(C(=O)N[C@H]3CN4CCC3CC4)cc(Cl)cc21,0.8347464
CN1CCC(=C2c3ccccc3CCc3cccnc32)CC1,0.033896465
Cn1cnc([N+](=O)[O-])c1Sc1ncnc2nc[nH]c12,0.005676511
CN(C)CCCOc1ccc(-c2ccc3ncc4c(c3c2)n(C2CCOCC2)c(=O)n4C)cn1,0.5159124
N#Cc1ccc2c(c1)C(c1ccc(CN3CCOCC3)cn1)C(=O)N2,0.7156461
N[C@@H]1CCCN(c2c(/C=C3\SC(=O)NC3=O)cccc2-c2ccccc2)C1,0.84544325
CCOC(=O)c1cc(C#N)c(N2CCC(C(=O)NS(=O)(=O)Cc3ccccc3)CC2)nc1C,0.48532635
CC(C)n1c(=O)n(C)c2cnc3cc(F)c(-c4ccc(OCCCN5CCCCC5)nc4)cc3c21,0.12907408
O=C(c1ccc(Cl)o1)N1C[C@H]2CNC[C@@H]2C1,0.2889801
Cc1cc(Nc2nc(N[C@@H](C)c3ncc(F)cn3)ncc2Cl)[nH]n1,0.91159755
CC(=O)Nc1cccc2c1c(Sc1ccc(Cl)cc1)c(C)n2CC(=O)O,0.023011183
CNC(=O)c1cccc(-c2ccc3c(N4CCOC[C@@H]4C)nc(N4CCOC[C@@H]4C)nc3n2)c1,0.77633774
COC1CCN(C(=O)c2cc(Cc3n[nH]c(=O)c4ccccc34)ccc2F)CC1,0.0118389595
CN1CCN(S(=O)(=O)c2ccc(-c3cnc(N)c(C(=O)Nc4cccnc4)n3)cc2)CC1,0.1066194
Cc1noc(C)c1-c1ccc(-c2cc(C(N)=O)c(NC(N)=O)s2)c(O[C@H]2CCNC2)c1,0.023782259
COc1cc(N2CCC(N)CC2)ccc1Nc1ncc(Cl)c(-c2c[nH]c3ccccc23)n1,0.109648995
CC(=O)N1CCN(CCOc2ccc(C3CCN(C4=Nn5c(nnc5C(F)(F)F)CC4)CC3)cc2)CC1,0.061810248
COc1cc2ncnc(Nc3cccc(Cl)c3F)c2cc1OC(=O)N1CCN(C)C[C@H]1C,0.74384063
NC1=N[C@@](c2cccc(-c3cncnc3)c2)(c2ccnc(C(F)F)c2)c2cccc(F)c21,0.18022667
Cc1[nH]nc(C(F)(F)F)c1Cc1sc2c(c1C(=O)N1C[C@](C)(O)CO1)c(=O)n(C)c(=O)n2C(C)C,0.13357547
O=C(O)C[C@H]1CC[C@H](c2ccc(NC(=O)c3nnc(Nc4ccc(F)c(F)c4)o3)cc2)CC1,0.31380948
NCC(=O)O,0.0002602951
COc1cc(CCc2cc(NC(=O)c3ccc(N4C[C@@H](C)N[C@@H](C)C4)cc3)[nH]n2)cc(OC)c1,0.15420918
CC(=O)N[C@@H]1CCC[C@H](C(=O)Nc2cc(-c3cnn4c3CC(C)(C)C4)c(Cl)cn2)C1,0.7523244
Cc1cc(-c2nnc(N)nc2-c2ccc(F)cc2)cc(Cl)n1,0.14339308
C[C@@H](Oc1cc(NS(=O)(=O)N2CCC2)nc(SCc2cccc(F)c2F)n1)[C@@H](O)CO,0.04386391
COc1nnc2ccc(N3CCC(c4ccc(OCCN5CCN(C)C(=O)[C@H]5C)cc4)CC3)nn12,0.23951198
NC1(C(=O)N[C@@H](CCO)c2ccc(Cl)cc2)CCN(c2ncnc3[nH]ccc23)CC1,0.18111594
Cc1ncc(-c2ccnc(Nc3ccc(S(C)(=O)=O)cc3)n2)n1C(C)C,0.047671583
CN[C@@H](C)C(=O)N[C@H](C(=O)N1CCC[C@H]1C(=O)N[C@H]1c2ccccc2C[C@H]1OCC#CC#CCO[C@@H]1Cc2ccccc2[C@@H]1NC(=O)[C@@H]1CCCN1C(=O)[C@@H](NC(=O)[C@H](C)NC)C1CCCCC1)C1CCCCC1,0.49720475
Cc1c2c(nn1C)CSCc1cc(n(C)n1)CSc1cc(c3ccccc3c1)OCCCc1c(C(=O)O)n(C)c3c-2c(Cl)ccc13,0.41874567
Cc1cc([C@@H](C)Nc2ccccc2C(=O)O)c2nc(N3CCOCC3)cc(=O)n2c1,0.92053014
C[C@@H]1COCCN1c1cc(C2([S@@](C)(=N)=O)CC2)nc(-c2ccnc3[nH]ccc23)n1,0.48736328
N[C@@H](Cc1ccccn1)c1ccccc1,0.0019713156
CN(C)C(=O)c1ccc(S(=O)(=O)c2ccc(NC(=O)[C@@](C)(O)C(F)(F)F)c(Cl)c2)cc1,0.1805673
C[C@H](NC(=O)C(C)(F)F)[C@H](Oc1ccc2c(cnn2-c2cccc(C(=O)N[C@@H]3CCOC3)c2)c1)c1ccc2c(c1)OCCO2,0.8698099
Cc1nc(C)c(-c2ccc([C@H]3CC[C@H](CC(=O)O)CC3)cc2)nc1C(N)=O,0.6257079
NC(=O)Nc1cc(-c2cccc(F)c2)sc1C(=O)N[C@H]1CCCNC1,0.95291275
Cn1c(=O)oc2ccc(-c3ccc(C[C@@H](C#N)NC(=O)[C@@H]4CNCCCO4)cc3)cc21,0.68867624
COc1ccc(-c2ccc3c(N4CCOC[C@@H]4C)nc(N4CCOC[C@@H]4C)nc3n2)cc1CO,0.92193323
C[C@@H](Nc1cc(F)cc(F)c1)c1cc(C(=O)N(C)C)cc2c(=O)cc(N3CCOCC3)oc12,0.42770743
Cc1cc(C(=O)NOCCO)c(Nc2ccc(I)cc2F)n(C)c1=O,0.24683534
CC(C)C[C@H](CO)Nc1nc(S[C@@H](C)c2ccccc2)nc2nc(N)sc12,0.9939144
CCn1nc(C2CCN(C(=O)CCO)CC2)nc1-c1cnc(N)c(-c2nnc(C(C)(C)C)o2)n1,0.060679134
CNC(=O)CN1CCC(Oc2cc3c(Nc4cccc(Cl)c4F)ncnc3cc2OC)CC1,0.14493294
O=C(NCC12CC3CC(CC(C3)C1)C2)c1cc(CCCNCCCO)ccc1Cl,0.98143196
N#Cc1cc(F)cc(-c2nc(-c3ccc(F)cn3)no2)c1,0.9346678
C[C@@H]1Cc2c([nH]c3ccccc23)[C@@H](c2c(F)cc(/C=C/C(=O)O)cc2F)N1CC(C)(C)F,0.0056036958
Cc1c(-c2ccnn2C)cc(C(=O)NCc2ccc(S(C)(=O)=O)cn2)c(=O)n1-c1cccc(C(F)(F)F)c1,0.42982328
O=C(O)CCCCCCCC(=O)O,0.0015964358
CN1CCC[C@H](n2nc(Cc3ccc(Cl)cc3)c3ccccc3c2=O)CC1,0.88539374
CCCCc1nc(-c2ccc(OCCCN(CC)CC)cc2)cn1-c1ccc(Oc2ccc(Cl)cc2)cc1,0.37411362
CC1=C(C(=O)OC(C)C)[C@@H](c2cccc([N+](=O)[O-])c2)C(C(=O)OC2CN(C(c3ccccc3)c3ccccc3)C2)=C(N)N1,0.97670484
CCOc1nc2cccc(C(=O)O)c2n1Cc1ccc(-c2ccccc2-c2nc(=O)o[nH]2)cc1,0.9238412
CCOc1nc2cccc(C(=O)OCc3oc(=O)oc3C)c2n1Cc1ccc(-c2ccccc2-c2nc(=O)o[nH]2)cc1,0.8211528
CN1CCN(CCCCN2C(=O)CN(/N=C/c3ccc(-c4ccc(Cl)cc4)o3)C2=O)CC1,0.015467168
CC[C@H]1OC(=O)[C@H](C)[C@@H](O[C@H]2C[C@@](C)(OC)[C@@H](O)[C@H](C)O2)[C@H](C)[C@@H](O[C@@H]2O[C@H](C)C[C@H](N(C)C)[C@H]2O)[C@](C)(O)C[C@@H](C)CN(C)[C@H](C)[C@@H](O)[C@]1(C)O,0.99539477
CC1(C)S[C@@H]2[C@H](NC(=O)[C@H](NC(=O)N3CCNC3=O)c3ccccc3)C(=O)N2[C@H]1C(=O)O,0.017898567
COc1ccc(Cl)c(Nc2ncnc3cc(OCC4CCN(C)CC4)c(OC)cc23)c1,0.8901544
NC(=O)/N=N/C(N)=O,0.39403242
O=[N+]([O-])c1ncc[nH]1,0.0009520883
NS(=O)(=O)c1cc(-c2nn[nH]n2)c(NCc2cccs2)cc1Cl,0.55819327
C[C@H]1[C@H](NC(=O)/C(=N\OC(C)(C)C(=O)O)c2csc(N)n2)C(=O)N1S(=O)(=O)O,0.9975189
COc1cc(N2CCN(C)CC2)ccc1Nc1nccc(-c2cn(C)c3cnccc23)n1,0.04455979
C[C@@H]1COCCN1c1cc(C2(S(C)(=O)=O)CC2)nc(-c2cccc3[nH]ccc23)n1,0.1968789
COc1cc(OC2CCN(C)CC2)ccc1Nc1ncc2c(n1)n(C1CCCC1)c(=O)n2C,0.11769261
O=C1COc2c(CCNCCN(C(=O)CCNCCc3ccc(Cl)c(Cl)c3)C3CCCCC3)ccc(O)c2N1,0.010097686
C=CC(=O)Nc1cc(Nc2nccc(-c3c[nH]c4ccccc34)n2)c(OC)cc1N(C)CCN(C)C,0.22377369
C=CC(=O)Nc1cc(Nc2nccc(-c3cn(C)c4ccccc34)n2)c(OC)cc1N(C)CCNC,0.15790027
Cc1cc(Nc2nc(N[C@@H](C)c3ccc(F)cc3)c(C#N)cc2F)[nH]n1,0.9697515
CC1=C(C)C(=O)C(CC[C@](C)(O)CCC[C@H](C)CCC[C@H](C)CCCC(C)C)=C(C)C1=O,0.0041082143
CCCCCCCCCC[C@@H](O)[C@H]1C=C[C@@H]2C(=O)N(c3ccccc3)C(=O)[C@@H]2N1Nc1ccc([N+](=O)[O-])cc1,0.21406744
Cc1ccc(Sc2cncc3sc(C(N)=O)cc23)cc1,0.027009105
CS(=O)(=O)Nc1c(O)ccc2c1CCC[C@H]2C1=NCCN1,0.04218541
Cc1nc(NC(=O)N2CCC[C@H]2C(N)=O)sc1-c1csc(C(C)(C)C)n1,0.8305023
COc1ccc(CC(=O)N[C@@H](N/C(=N/C#N)Nc2cccc3ncccc23)C(C)(C)C)cc1OC,0.6288875
NC[C@@H]1O[C@H](C23CC4CC(CC(C4)C2)C3)Cc2c1ccc(O)c2O,0.3476053
O=C(Nc1ccccc1)Nc1ccc(-c2ccc(C(=O)[C@@H]3CCC[C@@H]3C(=O)O)cc2)cc1,0.2216947
CCOC(=O)O[C@@H](C)OC(=O)[C@@H]1N2C(=O)[C@@H](NC(=O)[C@H](N)c3ccccc3)[C@H]2SC1(C)C,0.5551644
CC[C@H](C)[C@H](N)C1=N[C@H](C(=O)N[C@@H](CC(C)C)C(=O)N[C@H](CCC(=O)O)C(=O)N[C@H](C(=O)N[C@H]2CCCCNC(=O)[C@H](CC(N)=O)NC(=O)[C@@H](CC(=O)O)NC(=O)[C@H](Cc3cnc[nH]3)NC(=O)[C@@H](Cc3ccccc3)NC(=O)[C@H]([C@@H](C)CC)NC(=O)[C@@H](CCCN)NC2=O)[C@@H](C)CC)CS1,0.91666496
CC[C@H](C)[C@H](N)C1=N[C@H](C(=O)N[C@@H](CC(C)C)C(=O)N[C@@H]2CCC(=O)[O][Zn][O]C(=O)C[C@H]3NC(=O)[C@H](Cc4c[nH]cn4)NC(=O)[C@@H](Cc4ccccc4)NC(=O)[C@H]([C@@H](C)CC)NC(=O)[C@@H](CCCN)NC(=O)[C@H](CCCCNC(=O)[C@H](CC(N)=O)NC3=O)NC(=O)[C@H]([C@@H](C)CC)NC2=O)CS1,0.999828
NC[C@@H](CC(=O)O)c1ccc(Cl)cc1,0.0032788897
CC(C)(c1ccc(OC[C@H]2CO2)cc1)c1ccc(OC[C@H]2CO2)cc1,0.043608416
Cc1ccc(NC(=O)c2ccc(CN3CC[C@H](N(C)C)C3)c(C(F)(F)F)c2)cc1Nc1nccc(-c2cncnc2)n1,0.61227435
CO/C1=C\C(C)=C/[C@@H](C)[C@@H](O)[C@@H](C)C/C(C)=C/C=C/[C@H](OC)[C@@H]([C@@H](C)[C@@H](O)[C@H](C)[C@@]2(O)C[C@@H](O)[C@H](C)[C@@H](C(C)C)O2)OC1=O,0.993465
Cc1nc2cnc3ccc(C#Cc4cccnc4)cc3c2n1-c1ccc(C(C)(C)C#N)cc1,0.061982512
O=c1c(O)c(O)cc2oc(-c3ccccc3)cc(O)c1-2,0.0020690814
O=C(O)[C@H]1O[C@@H](Oc2cc3oc(-c4ccccc4)cc(O)c-3c(=O)c2O)[C@H](O)[C@@H](O)[C@@H]1O,0.274448
C=C[C@@](C)(/C=C/c1ccc(O)cc1)CCC=C(C)C,3.1931067e-05
Cn1c(COc2ccc(C[C@H]3SC(=O)NC3=O)cc2)nc2ccccc2c1=O,0.9753101
CC(C)C(=O)OC[C@@]1(N=[N+]=[N-])O[C@@H](n2ccc(N)nc2=O)[C@H](OC(=O)C(C)C)[C@@H]1OC(=O)C(C)C,0.0053170603
CCCN1CCN(c2ccc(C(=O)NC3(C(=O)NCC#N)CCCCC3)cc2)CC1,0.023606746
CN[C@H]1CCCN(c2c(F)cc3c(=O)c(C(=O)O)cn(C4CC4)c3c2OC)C1,0.6744497
O=C1c2c(O)c(=O)ccn2N([C@@H]2c3ccccc3SCc3c2ccc(F)c3F)[C@@H]2COCCN12,0.018759293
COC(=O)OCOc1c2n(ccc1=O)N([C@@H]1c3ccccc3SCc3c1ccc(F)c3F)[C@@H]1COCCN1C2=O,0.07519626
O=C(O)CCNC(=O)c1ccc(/N=N/c2ccc(O)c(C(=O)O)c2)cc1,0.3761461
CCCn1c(=O)c(CCCOC(=O)NC)nc2ccccc21,0.19610319
CN(C)C(=O)Oc1cc(OC(=O)N(C)C)cc(C(O)CNC(C)(C)C)c1,0.00023757006
CCOc1ccccc1N/N=C1/C(=O)N(c2nc(-c3ccccc3)cs2)N=C1C,0.7945514
O=C(NCCCN1CCC2(CC1)OCc1ccccc12)[C@H]1CCCN1Cc1ccccc1,0.013877528
C[N+](C)([O-])CCNc1ccc(NCC[N+](C)(C)[O-])c2c1C(=O)c1c(O)ccc(O)c1C2=O,0.010061631
CCN(CCCOc1ccc2c(Nc3cc(CC(=O)Nc4cccc(F)c4)n[nH]3)ncnc2c1)CCOP(=O)(O)O,0.31089425
CCN(CCO)CCCOc1ccc2c(Nc3cc(CC(=O)Nc4cccc(F)c4)n[nH]3)ncnc2c1,0.29054716
CC1(C)CC[C@]2(C(=O)O)CC[C@]3(C)[C@H](C(=O)C=C4[C@@]5(C)C=C(C#N)C(=O)C(C)(C)[C@@H]5CC[C@]43C)[C@@H]2C1,0.11633007
COC(=O)[C@]12CCC(C)(C)C[C@H]1[C@H]1C(=O)C=C3[C@@]4(C)C=C(C#N)C(=O)C(C)(C)[C@@H]4CC[C@@]3(C)[C@]1(C)CC2,0.011491604
CCS(=O)(=O)N1CC(CC#N)(n2cc(-c3ncnc4[nH]ccc34)cn2)C1,0.00854423
O=C[C@H](O)[C@@H](O)[C@H](O)[C@H](O)COP(=O)(O)O,0.00013561721
COC(=O)C1=C(C)NC(C)=C(C(=O)O[C@H]2CCN(Cc3ccccc3)C2)[C@H]1c1cccc([N+](=O)[O-])c1,0.998847
CC1=CC(=C(c2ccc(N)cc2)c2ccc(N)cc2)C=CC1=N,0.8091194
Cc1nc(C#Cc2ccnc(Cl)c2)c(C)n1-c1ccc(F)cc1,0.08680825
Cc1onc(-c2ccc(F)cc2)c1COc1ccc(C(=O)N2CCS(=O)(=O)CC2)cn1,0.093224935
COc1cc(NC(=O)CCN2CCC(OC(=O)Nc3ccccc3-c3ccccc3)CC2)c(Cl)cc1CNC[C@H](O)c1ccc(O)c2nc(O)ccc12,0.78554696
CNC(=O)[C@H](Cc1ccccc1)NC(=O)[C@H](CC(C)C)[C@H](CSc1cccs1)C(=O)NO,0.9953679
O=C(c1ccc(CN2CCOCC2)cc1)N1CCN(C2CC2)CC1,0.014606271
O[C@@H](CN1CCNCC1)Cn1c2ccc(Br)cc2c2cc(Br)ccc21,0.12148585
COC(=O)C1=C(C)NC(C)=C([N+](=O)[O-])[C@@H]1c1ccccc1C(F)(F)F,0.99242836
COC(=O)C1=C(C)NC(C)=C([N+](=O)[O-])[C@H]1c1ccccc1C(F)(F)F,0.986421
COC(=O)C1=C(C)N(C)C(C)=C(C(=O)OC)C1c1ccc(C(F)(F)F)cc1,0.9713308
Cc1ccc(S(=O)(=O)/C=C/C#N)cc1,0.32170072
CC(C)(C)c1ccc(S(=O)(=O)/C=C/C#N)cc1,0.8657597
COc1cc(F)ccc1-c1cc(Nc2cc(C[S@](C)(=N)=O)ccn2)ncc1F,0.7633425
C[C@H]1C[C@@H](n2c(Nc3ccc(OC(F)(F)F)cc3)nc3cc(CCC(=O)O)ccc32)CC(C)(C)C1,0.0040646945
C[C@@H]1COCCN1c1cc(-c2ccnn2C)c2ccnc(-c3ccn[nH]3)c2n1,0.5839345
CCn1c(CO)nn(-c2cc(O[C@@H](C)C(F)(F)F)c(C(=O)Nc3c(F)cccc3Cl)cc2F)c1=O,0.54545176
Nc1nc(-c2nn(Cc3ccccc3F)c3ncccc23)ncc1C1CC1,0.25276613
N#Cc1c(N)nc(SCC(N)=O)c(C#N)c1-c1ccc(OCC2CC2)cc1,0.0004889535
COc1ccc(Cc2nc(=O)c3c(C)nc([C@@H](CCCc4ccccc4)[C@@H](C)O)n3[nH]2)cc1OC,0.0036417248
COc1ccc(-c2cc3nccn3c(Nc3ncccc3C(N)=O)n2)cc1OC,0.3310544
O=C(Nc1ccccc1C(=O)O)c1cc(S(=O)(=O)c2ccccc2)ccc1Cl,0.031941976
N[C@@H](C[C@@H](F)C(=O)O)C(=O)O,0.02780878
Cc1cc(-c2nc(-c3ccc(OC(F)(F)F)cc3)no2)nn1Cc1ccnc(N2CCN(C3CC3)CC2)c1,0.13566163
NC(=O)c1ccc2nc(-c3ccc(C4(N)CCC4)cc3)c(-c3ccccc3)n2n1,0.57024866
COc1ccc(Oc2cc(NCCC(F)(F)F)c3ncc(-c4ccc(C(=O)NC5CC5)c(C)c4)n3n2)c(F)c1F,0.9880276
Cc1c(-c2ccc(O)cc2)n(Cc2ccc(OCCN3CCCCCC3)cc2)c2ccc(O)cc12,0.054300465
Cn1cc(CCn2cnc(-c3cnn(C)c3)c2-c2ccc(C#N)cc2)cn1,0.049948692
N=C(N)SCc1ccc(B(O)O)cc1,0.0002296052
Cc1oc2nc3c(c(NC(=O)CN4CCCC4=O)c2c1C)CCCC3,0.52882576
CC(C)(C)c1ccc(NC(=O)N2CCN(c3ncccc3Cl)CC2)cc1,0.18474433
N=C(N)c1cc2ccc(OC(=O)c3cccs3)cc2s1,0.039116252
CN(CCc1ccc(Cl)c(Cl)c1)CCN1CCCC1,0.041584797
CN(C)CCN(C)CCc1ccc(Cl)c(Cl)c1,0.0009936364
CN1CCN(CCc2ccc(Cl)c(Cl)c2)CC1,0.050528523
O=C1c2ccccc2CC[C@@H]1CNCCc1ccc(O)cc1,0.0039366693
CNc1ccc(-c2nc(N3CCOCC3)c3sc(CN(C)c4ncc(C(=O)NO)cn4)cc3n2)cn1,0.8157179
O=C(CCCl)NCc1ccccc1,0.000652661
C[C@H]1C[C@H]2[C@H]3CCC4=CC(=O)C=C[C@@]4(C)[C@@]3(Cl)[C@@H](O)C[C@@]2(C)[C@@]1(O)C(=O)CO,0.0010304439
CCC(=O)OCC(=O)[C@@]1(OC(=O)CC)[C@@H](C)C[C@H]2[C@@H]3CCC4=CC(=O)C=C[C@]4(C)[C@@]3(Cl)[C@@H](O)C[C@@]21C,0.004719115
COc1nc2ccc(Br)cc2cc1[C@@H](c1ccccc1)[C@@](O)(CCN(C)C)c1cccc2ccccc12,0.99513996
O=C(c1cc2ccccc2o1)N1CCN(Cc2ccccc2)CC1,0.13513574
O=S(=O)(N[C@H](CO)C(C(F)(F)F)C(F)(F)F)c1ccc(Cl)s1,0.9990747
NC[C@H]1O[C@H](O[C@H]2[C@H](O)[C@@H](O[C@H]3O[C@H](CO)[C@@H](O)[C@H](N)[C@H]3O)[C@H](N)C[C@@H]2N)[C@H](N)[C@@H](O)[C@@H]1O,0.9853012
O=C(/C=C/c1cccc(S(=O)(=O)Nc2ccccc2)c1)NO,0.026587503
CC(C)NC(=O)[C@H]1CC[C@@H](n2c(NC(=O)c3ccc(F)cc3)nc3ccc(CN4CCC(C(C)(C)O)CC4)cc32)CC1,0.60218436
CC[C@@]1(O)C(=O)OCc2c1cc1n(c2=O)Cc2c-1nc1ccccc1c2CCNC(C)C,0.9884544
CCC1(C)CC(=O)NC(=O)C1,0.0006760564
CCCC[C@@H](CC)COc1ccc(-c2nc(-c3ccc(OC)cc3)nc(-c3ccc(OC[C@@H](CC)CCCC)cc3O)n2)c(O)c1,0.09206616
CC(C)(CCCCCC(O)CCCCCC(C)(C)C(=O)O)C(=O)O,0.0066422583
CCN(CC)CCOC(=O)C(O)(c1ccccc1)c1ccccc1,0.006886852
O=C(O)c1ccc(N[C@@H]2O[C@H](CO)[C@@H](O)[C@H](O)[C@H]2O)cc1,0.041333843
CCOC(=O)[C@H](CCc1ccccc1)N[C@H]1CCc2ccccc2N(CC(=O)O)C1=O,0.060708337
Cn1c(CCCC(=O)O)nc2cc(N(CCCl)CCCl)ccc21,0.011661383
O=C(O)COc1nn(Cc2ccccc2)c2ccccc12,0.16746518
c1ccc(Cc2nc3ccccc3[nH]2)cc1,0.0015904512
NS(=O)(=O)c1cc2c(cc1C(F)(F)F)N[C@@H](Cc1ccccc1)NS2(=O)=O,0.8967512
c1ccc(CCNCc2ccccc2)cc1,3.3884193e-05
C[C@@H](Cc1cccc(C(F)(F)F)c1)NCCOC(=O)c1ccccc1,0.0013530717
CCCCN(CC)c1c([N+](=O)[O-])cc(C(F)(F)F)cc1[N+](=O)[O-],0.96148646
C/C(=C(\CCOP(=O)(O)O)SC(=O)c1ccccc1)N(C=O)Cc1cnc(C)nc1N,0.22167389
COC(=O)C1=C(C)NC(C)=C(C(=O)O[C@@H]2CCCN(Cc3ccccc3)C2)[C@@H]1c1cccc([N+](=O)[O-])c1,0.9996233
O=C(CCCN1CCC(n2c(=O)[nH]c3ccccc32)CC1)c1ccc(F)cc1,0.07250138
C[C@@H](COc1ccccc1Cc1ccccc1)N1CCCCC1,0.004743351
NC(CO)C(=O)NNCc1ccc(O)c(O)c1O,0.091714814
O=C(O)c1ccc(NC(=O)[C@H](Cc2ccc(O)cc2)NC(=O)c2ccccc2)cc1,0.41963166
O=C(CNC(=O)c1ccc(Cl)cc1)NO,0.09411093
CCCCCCCCCCCCC[N+](C)(C)Cc1ccccc1,0.12063257
NC(=NC(=O)c1nc(Cl)c(N)nc1N)NCc1ccccc1,0.075596265
CCc1oc2ccccc2c1C(=O)c1cc(Br)c(O)c(Br)c1,0.71816504
Cc1ccc(C)c([C@H](O)CNC(C)C)c1,0.00039982973
CC(C)(C)CC(C)(C)c1ccc(OCCOCC[N+](C)(C)Cc2ccccc2)cc1,0.16929075
O=C(Cn1ccnc1[N+](=O)[O-])NCc1ccccc1,0.007919615
S=c1[nH]c2ccccc2s1,0.003517719
CCOC(=O)c1ccc(N)cc1,0.0030493625
O=C(O[C@H]1CN2CCC1CC2)c1ccccc1,0.0021973387
O=C(O)Cc1ccc(OCc2ccccc2)c(Cl)c1,0.0024567237
O=C(O)c1ccccc1,0.00040047002
O=C(c1ccccc1)[C@H](O)c1ccccc1,0.0016747939
CCCCNc1ccc(C(=O)OCCOCCOCCOCCOCCOCCOCCOCCOCCOC)cc1,0.074486
CC[N+](CC)(CCCNC1=CC(=O)C(NCCC[N+](CC)(CC)Cc2ccccc2)=CC1=O)Cc1ccccc1,0.00027268575
O=C(N[C@@H](Cc1c[nH]c2ccccc12)C(=O)O)c1ccc(Cl)cc1,0.83874965
O=C(Oc1cccc2cccnc12)c1ccccc1,0.01690094
O=C(OOC(=O)c1ccccc1)c1ccccc1,0.005222107
O=C(Nc1ccc(C(=O)O)c(O)c1)c1ccccc1,0.49967632
NS(=O)(=O)c1cc2c(cc1Cl)NC(=CSCc1ccccc1)NS2(=O)=O,0.4911233
CN1[C@@H]2CC[C@H]1C[C@@H](OC(c1ccccc1)c1ccccc1)C2,6.785024e-05
CN(C)CCCOc1nn(Cc2ccccc2)c2ccccc12,0.006904884
OCc1ccccc1,2.3635126e-05
O=C(OCc1ccccc1)c1ccccc1,0.0066487575
S=C=NCc1ccccc1,0.25466102
CCCCCCCCCCCCCCCC[N+](C)(C)Cc1ccccc1,0.10757158
CCCCCCCC[N+](C)(C)Cc1ccccc1,0.12675293
CC1(C)S[C@@H]2[C@H](NC(=O)Cc3ccccc3)C(=O)N2[C@H]1C(=O)O,0.00037430928
C[N+](C)(CCOc1ccccc1)Cc1ccccc1,0.042022686
O=C(O)CCCN1CCC(O[C@@H](c2ccc(Cl)cc2)c2ccccn2)CC1,0.004268881
CC(C)COCC(CN(Cc1ccccc1)c1ccccc1)N1CCCC1,0.037998173
COc1ccc2cc3[n+](cc2c1OC)CCc1cc2c(cc1-3)OCO2,0.043670353
COc1c2ccoc2cc2oc(=O)ccc12,0.0007751391
COc1c(O)cc2c(c1O)[C@@H]1O[C@H](CO)[C@@H](O)[C@H](O)[C@H]1OC2=O,0.7490788
N[C@@H]1CCCCN(c2c(F)cc3c(=O)c(C(=O)O)cn(C4CC4)c3c2Cl)C1,0.9803492
Cc1nnc(C[C@@H]2C=C(c3ccc(Cl)cc3)c3ccccc3-n3c(C)nnc32)o1,0.23594959
Oc1cccc(Nc2ccc(Nc3cccc(O)c3)nn2)c1,0.00888663
CC1=C(/C=C/C(C)=C/C=C/C(C)=C/C=C/C=C(C)/C=C/C=C(C)/C=C/C2=C(C)CCCC2(C)C)C(C)(C)CCC1,0.6146737
CCCCOC(=O)c1cc2c(cn1)[nH]c1ccccc12,0.19385682
C=C[C@]1(C)CC[C@@H](C(=C)C)C[C@H]1C(=C)C,0.0326978
COC(=O)/C=C/C(=O)N[C@@H]1CC[C@@]2(O)[C@H]3Cc4ccc(O)c5c4[C@@]2(CCN3CC2CC2)[C@H]1O5,0.999516
O=P(O)(O)OC(CO)CO,0.000896624
CC(C)(O)CC(=O)O,7.577126e-05
CC(O)CC(=O)O,8.518535e-05
CC1(C)CCC2=C(O1)c1ccccc1C(=O)C2=O,0.03675492
Oc1ccc2ccccc2c1,0.0034933002
CNCCc1ccccn1,0.00017395633
C[N+](C)(C)CC(=O)O,5.9860293e-05
C[C@H]1C[C@H]2[C@@H]3CCC4=CC(=O)C=C[C@]4(C)[C@@]3(F)[C@@H](O)C[C@]2(C)[C@@]1(O)C(=O)CO,0.0005830342
CC(=O)OCC(=O)[C@@]1(O)[C@@H](C)C[C@H]2[C@@H]3CCC4=CC(=O)C=C[C@]4(C)[C@@]3(F)[C@@H](O)C[C@@]21C,0.009029291
CCCC(=O)O[C@]1(C(=O)COC(=O)CC)[C@@H](C)C[C@H]2[C@@H]3CCC4=CC(=O)C=C[C@]4(C)[C@@]3(F)[C@@H](O)C[C@@]21C,0.030722287
CCC(=O)OCC(=O)[C@@]1(OC(=O)CC)[C@@H](C)C[C@H]2[C@@H]3CCC4=CC(=O)C=C[C@]4(C)[C@@]3(F)[C@@H](O)C[C@@]21C,0.011533835
C[C@H]1C[C@H]2[C@@H]3CCC4=CC(=O)C=C[C@]4(C)[C@@]3(F)[C@@H](O)C[C@]2(C)[C@@]1(O)C(=O)COP(=O)(O)O,0.00024162249
CCCCC(=O)O[C@]1(C(=O)CO)[C@@H](C)C[C@H]2[C@@H]3CCC4=CC(=O)C=C[C@]4(C)[C@@]3(F)[C@@H](O)C[C@@]21C,0.0033084042
O=C(O)CCNC(=O)c1ccccc1,0.0011406841
CC(C)NC[C@@H](O)COc1ccc(CCOCC2CC2)cc1,0.02015191
NCCc1ccn[nH]1,9.703783e-05
C[C@@H](C[N+](C)(C)C)OC(N)=O,0.02783103
CC[S@](=O)c1nc(-c2cccc(OCc3ccccc3)c2)cc(C(F)(F)F)n1,0.27443743
COc1ccc(NC(=O)c2ccc(C(=N)N(C)C)cc2)c(C(=O)Nc2ccc(Cl)cn2)c1,0.91977054
C=C(C)[C@@H]1CC[C@]2(C(=O)O)CC[C@]3(C)[C@H](CC[C@@H]4[C@@]5(C)CC[C@H](O)C(C)(C)[C@@H]5CC[C@]43C)[C@@H]12,0.026539499
COc1ccc(CCNC[C@@H](O)COc2cccc(C)c2)cc1OC,0.00027193726
COc1cc(CNCCC2CCOCC2)ccc1Oc1cnc(C(N)=O)cn1,0.031902567
C=C(C)[C@@H]1CC[C@]2(C(=O)O)CC[C@]3(C)[C@H](CC[C@@H]4[C@@]5(C)CC[C@H](OC(=O)CC(C)(C)C(=O)O)C(C)(C)[C@@H]5CC[C@]43C)[C@@H]12,0.014112624
OC[C@H]1O[C@@H](c2ccc(Cl)c(Cc3ccc(OCCOC4CC4)cc3)c2)[C@H](O)[C@@H](O)[C@@H]1O,0.022978077
C=C(c1ccc(C(=O)O)cc1)c1cc2c(cc1C)C(C)(C)CCC2(C)C,0.18000531
CC(C)(Oc1ccc(CCNC(=O)c2ccc(Cl)cc2)cc1)C(=O)O,0.46443477
O=C(Nc1cccc(C(F)(F)F)c1)c1cccc2cc(Oc3cc(CO)ncn3)ccc12,0.06933916
N=C(NOC[C@@H](O)CN1CCCCC1)c1cccnc1,0.60996175
COc1ccc(-c2ccc3ncc4c(c3c2)n(-c2ccc(N3CCNCC3)c(C(F)(F)F)c2)c(=O)n4C)cn1,0.4522979
CC(C)(C)c1cc(O)c(C(C)(C)C)cc1O,0.05744437
CC(C)CCN1c2nc(Nc3cc(F)c(O)c(F)c3)ncc2N(C)C(=O)[C@@H]1C,0.245476
Cc1nc2ccccc2c(-c2ccc3c4c(ccnc24)CCO3)c1[C@H](OC(C)(C)C)C(=O)O,0.3072085
CC[C@@H]1C(=O)N(C)c2cnc(Nc3ccc(C(=O)NC4CCN(C)CC4)cc3OC)nc2N1C1CCCC1,0.3176198
Oc1nc(Cc2ccccn2)nc2c1cnn2C1CCOCC1,0.92372537
O=c1[nH]nc(Sc2ncc([N+](=O)[O-])s2)n1-c1ccc2c(c1)OCCO2,0.000657217
CCNC(=O)C#Cc1ccc2c(c1)NC(=O)/C2=C(/Nc1ccc(CN(C)C)cc1)c1ccccc1,0.6706179
CN(C(=O)n1cnc(-c2ccc[n+]([O-])c2)c1)C1CCCCC1,0.99412185
C[C@@H](O)[C@H]1C(=O)N2C(C(=O)O)=C(SC3Cn4cnc[n+]4C3)[C@H](C)[C@H]12,0.9893728
NCCCC[C@H](NC(=O)[C@@H](Cc1cc(Br)c(O)c(Br)c1)NC(=O)N1CCC(N2Cc3ccccc3NC2=O)CC1)C(=O)N1CCN(c2ccncc2)CC1,0.073643506
C/C(=C\C(=O)Nc1ccccc1C(=O)O)c1ccc2ccccc2c1,0.4976289
CCN(CC)CC1CCN(c2ncc3ncnc(Nc4ccc(F)c(Cl)c4)c3n2)CC1,0.0745876
CN1CCC(Nc2ncc3ncnc(Nc4ccc(F)c(Cl)c4)c3n2)CC1,0.038908035
CC(O)(CS(=O)(=O)c1ccc(F)cc1)C(=O)Nc1ccc(C#N)c(C(F)(F)F)c1,0.83949965
Cc1ccc([C@@]23CNC[C@@H]2C3)cc1,0.0053247977
O=C(NCc1c(F)cc(F)cc1F)c1cn2c(c(O)c1=O)C(=O)N1[C@H]3CC[C@H](C3)O[C@@H]1C2,0.8992621
CN1CCc2cc3c(cc2[C@H]1[C@@H]1OC(=O)c2c1ccc1c2OCO1)OCO3,0.0138028655
C[N+]1(C)CCc2cc3c(cc2[C@H]1[C@@H]1OC(=O)c2c1ccc1c2OCO1)OCO3,0.027656417
COC(=O)c1cc(OC)c2c(c1-c1c(CO)cc(OC)c3c1OCO3)OCO2,0.0006774747
CNCCCCOc1ccccc1Cc1ccccc1,0.000868757
COC(=O)c1cc(OC)c2c(c1-c1c(C(=O)OC)cc(OC)c3c1OCO3)OCO2,0.067034006
c1ccc(-c2ccc([C@H](c3ccccc3)n3ccnc3)cc2)cc1,0.010804598
COc1c(C)cnc(Cn2cnc3c(Cl)nc(N)nc32)c1C,0.22004464
CCOCCn1c(C2CCN(CCc3ccc(C(C)(C)C(=O)O)cc3)CC2)nc2ccccc21,0.053609714
CC(C)(C)[C@]1(O)C[C@@H]2OC(=O)C[C@@]23C(=O)O[C@@H]2OC(=O)[C@H](O)[C@]213,0.0037545771
CCNC(=O)CCC/C=C\C[C@@H]1[C@@H](/C=C/[C@@H](O)CCc2ccccc2)[C@H](O)C[C@@H]1O,5.4504075e-05
CC(C)n1c(=O)n(C(=O)N[C@H]2C[C@H]3CC[C@@H](C2)N3C)c2ccccc21,2.379924e-05
Cc1c(OCc2cccc(-c3ccc(C(=O)O)cc3)c2)cc2c(c1C)C(=O)[C@@H](C1CCCC1)C2,0.8156232
CC(C)(OCc1nn(Cc2ccccc2)c2ccccc12)C(=O)O,0.022261446
Cn1cnc2c(F)c(Nc3ccc(Br)cc3F)c(C(=O)NOCCO)cc21,0.22758938
Cc1ccccc1NC(=O)Nc1ccc(CC(=O)N[C@@H](CC(C)C)C(=O)N[C@@H](CC(=O)O)C(=O)N[C@H](C(=O)N2CCC[C@H]2C(=O)O)C(C)C)cc1,0.38823733
Cc1ccccc1NC(=O)Nc1ccc(CC(=O)N(C)[C@@H](CC(C)C)C(=O)NCC[C@H](NC(=O)[C@@H]2CCCN2S(=O)(=O)c2cc(Cl)cc(Cl)c2)C(=O)O)cc1,0.5867642
O=C(O)CCCC[C@@H]1SC[C@@H]2NC(=O)N[C@@H]21,0.01079052
NCc1ccccc1Sc1ccccc1CO,0.00022740105
O[C@](CCN1CCCCC1)(c1ccccc1)[C@@H]1C[C@H]2C=C[C@@H]1C2,0.48596886
CC[C@H](NC(=O)[C@H](C)NC)C(=O)N1C[C@@H](O)C[C@H]1Cc1c(-c2[nH]c3cc(F)ccc3c2C[C@@H]2C[C@H](O)CN2C(=O)[C@H](CC)NC(=O)[C@H](C)NC)[nH]c2cc(F)ccc12,0.9094107
CN1C(=O)N(c2cc(Cl)cc(Cl)c2)C(=O)[C@@]1(C)Cc1ccc(Br)cc1,0.637703
Cc1occc(=O)c1[O][V](=[O])[O]c1c(C)occc1=O,0.000247752
CC(=O)Oc1ccc(C(c2ccc(OC(C)=O)cc2)c2ccccn2)cc1,0.0001844742
C(=N/NC1=NCCN1)\c1c2ccccc2c(/C=N/NC2=NCCN2)c2ccccc12,0.35218474
Cn1cc(C2=C(c3cn(CCCSC(=N)N)c4ccccc34)C(=O)NC2=O)c2ccccc21,0.38256916
O=S(=O)(O)C(F)(F)F,0.0037718657
O=C(O)C(=O)O,0.59599465
O=C(O)C[C@](O)(CC(=O)[O][Bi]1[O]C(=O)C[C@@](O)(CC(=O)O)C(=O)[O]1)C(=O)O,0.77219945
O=C(O)c1cc(O)c2c(c1)[O][Bi]([OH])[O]2,0.0018661816
O=C1[O][Bi]([OH])[O]c2ccccc21,0.03260094
CC(C)(C)CC(C)(C)c1cc(Cc2cc(C(C)(C)CC(C)(C)C)cc(-n3nc4ccccc4n3)c2O)c(O)c(-n2nc3ccccc3n2)c1,0.62437
CC(C)NC[C@@H](O)COc1ccc(COCCOC(C)C)cc1,0.1363694
CC(C)(c1ccc(O)cc1)c1ccc(O)cc1,0.010565722
Oc1c(Cl)cc(Cl)cc1Sc1cc(Cl)cc(Cl)c1O,0.032815635
C[C@H](Oc1ccc(S(C)(=O)=O)cc1C(=O)N1CCN(c2ncc(C(F)(F)F)cc2F)CC1)C(F)(F)F,0.5781992
S=C=Nc1ccc(N=C=S)cc1,0.0028753183
CC[C@H](C)[C@H](NC(=O)[C@H](CCC(=O)O)NC(=O)[C@H](CCC(=O)O)NC(=O)[C@H](Cc1ccccc1)NC(=O)[C@H](CC(=O)O)NC(=O)CNC(=O)[C@H](CC(N)=O)NC(=O)CNC(=O)CNC(=O)CNC(=O)CNC(=O)[C@@H]1CCCN1C(=O)[C@H](CCCNC(=N)N)NC(=O)[C@@H]1CCCN1C(=O)[C@H](N)Cc1ccccc1)C(=O)N1CCC[C@H]1C(=O)N[C@@H](CCC(=O)O)C(=O)N[C@@H](CCC(=O)O)C(=O)N[C@@H](Cc1ccc(O)cc1)C(=O)N[C@@H](CC(C)C)C(=O)O,1.4583742e-05
COc1cc2nc(N3CCCN(C)CC3)nc(NC3CCN(Cc4ccccc4)CC3)c2cc1OC,0.8922683
CN(C)Cc1cccc(N/C(=C2\C(=O)Nc3cc(C(N)=O)ccc32)c2ccccc2)c1,0.0020262348
CN(C)Cc1cccc(N/C(=C2\C(=O)Nc3cc(C(=O)N(C)C)ccc32)c2ccccc2)c1,0.0010674003
O=C(O)c1cc2ccccc2s1,0.021869065
Cc1ccc2c(c1)C(=O)[C@]1(O)CCN(c3ccccc3)C1=N2,0.027253639
Cc1c(N)nc([C@H](CC(N)=O)NC[C@H](N)C(N)=O)nc1C(=O)N[C@H](C(=O)N[C@H](C)[C@@H](O)[C@H](C)C(=O)N[C@H](C(=O)NCCc1nc(-c2nc(C(=O)NCCCNCCCCN)cs2)cs1)[C@@H](C)O)[C@@H](O[C@@H]1O[C@@H](CO)[C@@H](O)[C@H](O)[C@@H]1O[C@@H]1O[C@H](CO)[C@@H](O)[C@H](OC(N)=O)[C@@H]1O)c1c[nH]cn1,0.043136388
Cc1c(N)nc([C@H](CC(N)=O)NC[C@@H](N)C(N)=O)nc1C(=O)N[C@H](C(=O)N[C@@H](C)[C@H](O)[C@@H](C)C(=O)N[C@@H](C(=O)NCCc1nc(-c2nc(C(=O)NCCC[S+](C)C)cs2)cs1)[C@@H](C)O)[C@@H](O[C@H]1O[C@H](CO)[C@H](O)[C@@H](O)[C@H]1O[C@H]1O[C@H](CO)[C@@H](O)[C@H](OC(N)=O)[C@@H]1O)c1c[nH]cn1,0.29365185
CCN1CCN(c2cc(-c3ccc(F)cc3)c3c(n2)CCCCCC3)CC1,0.16644195
C=CC(=O)Nc1cccc(C)c1Nc1ncc2cc(-c3c(Cl)c(OC)cc(OC)c3Cl)ccc2n1,0.47659904
CNC(=O)c1cc(Oc2ccc3nc(N[C@@H]4CCCC[C@H]4O)sc3c2)ccn1,0.005328423
COc1ccc2c(c1)c(CC(=O)N1CCOCC1)c(C)n2C(=O)c1ccc(Cl)cc1,0.028012414
COc1cccc(-c2cc(NCc3ccc4c(c3)OCO4)nc(N)n2)c1,0.5683501
CSc1ccc(C(=O)N[C@@H]2CCCC[C@@H]2NC(=O)CNC(=O)c2cc(C(F)(F)F)ccc2NC(=O)NC(C)C)cc1,0.76125944
Cc1noc(NS(=O)(=O)c2cccc3c(N(C)C)cccc23)c1C,0.0068999035
O=c1oc(-c2ccc(C(F)(F)F)cc2)nn1Cc1cc(Cl)ccc1O,0.17868769
CC1(C)Oc2ccc(C#N)cc2[C@H](N(Cc2ncc[nH]2)c2ccc(Cl)cc2)[C@H]1O,0.17927456
Cc1onc(NS(=O)(=O)c2ccccc2-c2ccc(-c3ncco3)cc2CN(C)C(=O)CC(C)(C)C)c1C,0.11708233
N#Cc1ccc2c(c1)CN(S(=O)(=O)c1cccs1)[C@H](Cc1ccccc1)CN2Cc1cnc[nH]1,0.97252244
CCCCOc1c(C(=O)c2c(F)cc(C)cc2F)cnc2n[nH]cc12,0.8926828
C[C@H](c1ccc(F)cc1CCCC(=O)O)N(c1cc(F)ccc1F)S(=O)(=O)c1ccc(Cl)cc1,0.32758972
CCc1c(-c2ccccc2)c(-c2ccccc2)nn1-c1ccccc1-c1cccc(OCC(=O)O)c1,0.43515834
Cc1ccc2nc(NCCN)c3ncc(C)n3c2c1,0.021556817
CC(C)(C)c1cnc(CSc2cnc(NC(=O)C3CCNCC3)s2)o1,0.009699957
CCCC(=O)C1(c2ccccc2)CCN(C(=O)[C@@H](Cc2ccc(OC)cc2)NC(=O)[C@@H](N)Cc2cncn2C)CC1,0.95862085
Cc1cc(N2CCOCC2)cc2[nH]c(-c3c(NC[C@@H](O)c4cccc(Cl)c4)cc[nH]c3=O)nc12,0.022375325
CCN1CCN(c2ccc(C(C)(C)NC(=O)c3cc4[nH]c5ccccc5c(=O)c4cc3F)cn2)CC1,0.9931318
CCCNC(=O)c1cn2ncnc(Nc3cc(C(=O)NC4CC4)ccc3C)c2c1C,0.99809057
CN1C(=O)N(c2cc(Cl)cc(Cl)c2)C(=O)[C@]12CN(Cc1cc(C(=O)O)cs1)C[C@H]2c1ccc(C#N)cc1,0.7982924
Cc1c(NC(=O)OC[C@@H]2COCCN2)cn2ncnc(Nc3ccc4c(cnn4Cc4cccc(F)c4)c3)c12,0.951313
COc1cnc(-n2cnc(C)n2)c2[nH]cc(C(=O)C(=O)N3CCN(C(=O)c4ccccc4)CC3)c12,0.659353
Cc1ccc(C(=O)NC2CC2)cc1NC(=O)c1cnn(-c2ncccc2C(F)(F)F)c1C,0.78495747
CC1(C)CCC(C)(C)c2cc(C3(c4ccc(C(=O)O)cc4)OCCO3)ccc21,0.9994086
CN1C(=O)N(c2cc(Cl)cc(Cl)c2)C(=O)[C@]12CN(c1ccc(C(=O)O)cn1)C[C@H]2c1ccc(C#N)cc1,0.75856656
COc1cccc(Nc2ncnn3ccc(CN4CC[C@@H](N)[C@H](O)C4)c23)c1,0.51334566
Cn1c(N2CCCCS2(=O)=O)nc(C(=O)NCc2ccc(F)cc2)c(O)c1=O,0.02442283
C[C@@]1(C(=O)Nc2ccc(F)nc2)CCCN1c1nc(Nc2cc(C3CC3)n[nH]2)c2cccn2n1,0.04643442
O[C@]12CC[C@](c3nnc4c(Oc5ccccc5Cl)cccn43)(CC1)C2,0.49323398
CCOc1ccn(-c2ccc(F)cc2)c(=O)c1C(=O)Nc1ccc(Oc2ccnc(N)c2Cl)c(F)c1,0.28394958
CC(C)(O)c1cn(-c2ccc(-c3cccc(S(C)(=O)=O)c3)cc2)c(C(C)(C)c2ccccc2Cl)n1,0.9378759
COc1ccnc2[nH]cc(C(=O)C(=O)N3CCN(C(=O)c4ccccc4)C[C@H]3C)c12,0.34587938
CC(=O)N[C@@H]1C[C@H](NC(C)(C)C)CC[C@@H]1N1CC[C@H](Nc2ncnc3cc(C(C)(C)C)nn23)C1=O,0.99476045
Nc1nccc(Oc2ccc(NC(=O)c3cn(COP(=O)(O)O)cc(-c4ccc(F)cc4)c3=O)cc2F)c1Cl,0.051215746
CNCc1ccc(C)c(NC(=O)c2ccc(Nc3nc(-c4ccccc4)c4ccccc4n3)cc2)c1,0.019795306
O=c1[nH]c([C@@H]2CCCN2)nc2c1oc1ccc(Cl)cc12,0.054074876
CN1C(=O)[C@@H](NC(=O)[C@H](CCC(F)(F)F)[C@H](CCC(F)(F)F)C(N)=O)N=C(c2ccccc2)c2ccccc21,0.8089299
CCn1c(C(=O)N(C2CC2)C2CC2)cc2c3c(ncn3C)c(Nc3cc(C)n(C)n3)nc21,0.993346
Cc1c(-c2ccc(C(N)=O)c3[nH]c4cc(C(C)(C)O)ccc4c23)cccc1-n1cnc2ccccc2c1=O,0.8634316
NC(=O)[C@@H](CC1CC1)[C@@H](CCC(F)(F)F)C(=O)N[C@H]1N=C(c2ccccc2)c2cccc(F)c2NC1=O,0.4294297
Cc1noc(-c2ccc(-c3ccc(C4(C(=O)O)CC4)cc3)cc2)c1NC(=O)O[C@H](C)c1ccccc1,0.9755416
Cc1c(-c2c(F)cc(C(N)=O)c3[nH]c4c(c23)CC[C@H](C(C)(C)O)C4)cccc1-n1c(=O)c2cccc(F)c2n(C)c1=O,0.14734936
Cc1nnn(C)c1-c1cnc2c3ccc(C(C)(C)O)cc3n([C@H](c3ccccc3)C3CCOCC3)c2c1,0.17393392
CC#CC(=O)N[C@H]1CCCN(c2c(F)cc(C(N)=O)c3[nH]c(C)c(C)c23)C1,0.9939737
C[C@@H](C(=O)Nc1ccc(Cl)cc1)[C@H]1CC[C@@H](c2ccnc3ccc(F)cc32)CC1,0.0296845
O[C@@H](CCCN1CCN(c2ncc(F)cn2)CC1)c1ccc(F)cc1,0.12969789
O=C(O)COc1cccc(-c2ocnc2-c2nc(-c3ccccc3)c(-c3ccccc3)o2)c1,0.39690402
COc1ccccc1N1CCN(CCN2C(=O)CC3(CCCC3)CC2=O)CC1,0.06935567
COc1cc(C(=O)c2c(C)oc3c(O)c(OC)ccc23)cc(OC)c1OC,0.39537835
O=C1/C(=C/c2ccccc2)C[C@@]2(O)[C@H]3Cc4ccc(O)c5c4[C@@]2(CCN3CC2CC2)[C@H]1O5,0.00071893085
CC(C)(C)NC(=O)N[C@H](C(=O)N1C[C@H]2[C@@H]([C@H]1C(=O)N[C@@H](CC1CCC1)C(=O)C(N)=O)C2(C)C)C(C)(C)C,0.96624005
O=C1C=Cc2cc(Br)ccc2C1=O,0.005031502
Cc1cc2c(OC[C@@H](CNC(C)(C)C)OC(=O)c3ccccc3)cccc2[nH]1,0.0066568255
CC(=O)O[C@H]1C[C@H]2CC[C@@]1(C)C2(C)C,0.282638
N[C@@H](Cc1ccc(B(O)O)cc1)C(=O)O,0.00061425444
CC(C)C[C@H](NC(=O)[C@H](Cc1ccccc1)NC(=O)c1cnccn1)B(O)O,0.0043310537
CCOc1cc(-c2nncn2C)ccc1Nc1ncc2cc(C)nc(NCC(C)(C)C)c2n1,0.38073915
COc1ccccc1Oc1c(NS(=O)(=O)c2ccc(C(C)(C)C)cc2)nc(-c2ncccn2)nc1OCCO,0.22415622
COc1cc(Nc2c(C#N)cnc3cc(OCCCN4CCN(C)CC4)c(OC)cc23)c(Cl)cc1Cl,0.79916257
c1ccc(N2CCN(CCCOc3ccc4c(c3)OCO4)CC2)cc1,0.10854942
COc1ccccc1N1CCN(CCCCNC(=O)c2ccc3ccccc3c2)CC1,0.3990262
CC(C)C[C@@H]1NC(=O)[C@@H](C(C)C)NC(=O)[C@@H]2CCCN2C(=O)[C@@H](CC(=O)O)NC(=O)[C@@H](Cc2c[nH]c3ccccc23)NC1=O,0.016287765
CCCC[C@@H](NC(=O)[C@@H](Cc1cn(C(=O)OC)c2ccccc12)NC(=O)[C@H](CC(C)(C)C)NC(=O)N1[C@H](C)CCC[C@@H]1C)C(=O)O,0.99804664
Cc1nn(C)c2c1[C@@H](c1ccc(C(F)(F)F)cc1)C(C#N)C(=N)O2,0.17417951
COC(=O)c1ccc2c(c1)nc(NC(=O)c1ccccc1)n2CCCc1ccccc1,0.55681807
O=C1c2ccccc2-c2c(NCCc3ccccc3)c(=O)[nH]c3cccc1c23,0.0003752169
CC(C)(C)c1ccc2cc(C#N)c(C#N)cc2c1,0.9867107
C[C@H]1CCC/C=C/[C@@H]2C[C@H](O)C[C@H]2[C@H](O)/C=C/C(=O)O1,0.0010553282
CCCC[C@H](NC(C)=O)C(=O)N[C@H]1CC(=O)NCCCC[C@@H](C(=O)O)NC(=O)[C@H](Cc2c[nH]c3ccccc23)NC(=O)[C@H](CCCNC(=N)N)NC(=O)[C@@H](Cc2ccccc2)NC(=O)[C@H](Cc2cnc[nH]2)NC1=O,0.48373783
Cc1c(-c2ccc(-c3ccccc3F)cc2)nc2ccc(F)cc2c1C(=O)O,0.89561445
CC(C)(C)OC(=O)c1ncn2c1[C@@H]1CCCN1C(=O)c1c(Br)cccc1-2,0.017365938
CC[N+](C)(C)Cc1ccccc1Br,0.006517968
O=c1ccc2ccc(OCCCCN3CCN(c4cccc5sccc45)CC3)cc2[nH]1,0.40150934
COc1cc(OC)c(/C=C/S(=O)(=O)Cc2ccc(OC)c(OP(=O)(O)O)c2)c(OC)c1,0.6593766
COc1cc(N2CCC(N3CCN(C)CC3)CC2)ccc1Nc1ncc(Cl)c(Nc2ccccc2P(C)(C)=O)n1,0.105318345
CCN(CC)c1ccc([C+](c2ccccc2)c2ccc(N(CC)CC)cc2)cc1,0.09837194
Brc1c(NC2=NCCN2)ccc2nccnc12,0.008230642
CCCCCCCCCCCCCCCCOCCCOP(=O)(O)CO[C@H](CO)Cn1ccc(N)nc1=O,0.8750497
CCN[C@H]1CN(CCCOC)S(=O)(=O)c2sc(S(N)(=O)=O)cc21,0.95496434
Cc1cc2c(F)c(Oc3ncnn4cc(OC[C@@H](C)O)c(C)c34)ccc2[nH]1,0.76553214
Cc1cc2c(F)c(Oc3ncnn4cc(OC[C@@H](C)OC(=O)[C@H](C)N)c(C)c34)ccc2[nH]1,0.90479493
O=c1[nH]c(=O)n([C@H]2C[C@H](O)[C@@H](CO)O2)cc1/C=C/Br,1.3589097e-05
O[C@@H](CN1CCN(c2cccc(Cl)c2)CC1)C(c1ccccc1)c1ccccc1,0.40067354
O=C(O)[C@@H](Cc1ccccc1)NCc1ccc(Cl)cc1,0.0008338193
C[C@H](Cc1ccc(OCC(=O)O)cc1)NC[C@H](O)c1cccc(Cl)c1,0.8379675
C[C@@H]1c2ccccc2CN1CC1=NCCN1,0.02108283
Cc1ccc([N+](=O)[O-])cc1S(=O)(=O)N(C)C,0.2651906
O=C(Cc1ccc(Cl)c(Cl)c1)N1CCCC[C@@H]1CN1CCCC1,0.06883328
CN1CCC(c2c[nH]c3ccc(O)cc23)CC1,0.0017436036
O=C(/C=C/c1ccccc1)NCCO,0.000635325
Brc1ccc(NC2C3CC4CC(C3)CC2C4)cc1,0.68656576
COc1ccc(C(=O)/C(Br)=C/C(=O)O)cc1,0.31191
Nc1c(CC(=O)O)cccc1C(=O)c1ccc(Br)cc1,0.0015236093
CN(Cc1cc(Br)cc(Br)c1N)C1CCCCC1,0.0017292957
O=C1c2ccccc2C(=O)C1c1ccc(Br)cc1,0.9320113
CC(C)[C@@H](Br)C(=O)NC(N)=O,0.12279467
CC(C)C[C@H]1C(=O)N2CCC[C@H]2[C@]2(O)O[C@](NC(=O)[C@@H]3C=C4c5cccc6[nH]c(Br)c(c56)C[C@H]4N(C)C3)(C(C)C)C(=O)N12,0.99773777
CCN(CC)CCNC(=O)c1cc(Br)c(N)cc1OC,0.3215914
CCOC(=O)Nc1cc(-c2ccc(C)c(NS(C)(=O)=O)c2)nn2c(C)nnc12,0.99174327
O=C(CCCN1CCC(O)(c2ccc(Br)cc2)CC1)c1ccc(F)cc1,0.6214999
CN(C)CC[C@@H](c1ccc(Br)cc1)c1ccccn1,0.011300971
O=[N+]([O-])C(Br)(CO)CO,2.0488255e-06
Nc1nc(=O)c(Br)c(-c2ccccc2)[nH]1,0.047413208
Cc1ccc2c(Br)cc(Br)c(OC(=O)c3ccccc3)c2n1,0.00463974
CC(C)(C)NC[C@@H](O)c1cc(Br)no1,0.00037018998
O=c1[nH]c(=O)n([C@H]2C[C@H](O)[C@@H](CO)O2)cc1Br,2.0661791e-05
Oc1c(Br)cc(Br)c2cccnc12,0.0005215674
COC(=O)[C@@]12OC[C@]34[C@H]([C@@H](O)[C@@H]1O)[C@@]1(C)CC(=O)C(=O)[C@H](C)[C@@H]1C[C@H]3OC(=O)[C@H](OC(=O)/C=C(\C)C(C)C)[C@@H]24,0.995434
COc1cc2c(cc1OC)[C@@]13CCN4CC5=CCO[C@H]6CC(=O)N2[C@H]1[C@H]6[C@H]5C[C@H]43,3.8812155e-05
CC(C)c1cnn2c(NCc3ccccc3)cc(NCCCCCCN)nc12,0.011067698
O=C(c1cccc(-c2nc3ccccc3[nH]2)n1)N1CCN(C(=O)c2cccc(-c3nc4ccccc4[nH]3)n2)CC1,0.29065847
O=C(Oc1cc(S(=O)(=O)c2ccccc2)ccc1[N+](=O)[O-])c1ccc(Cl)cc1,0.013766635
O=[N+]([O-])c1cc(Cl)ccc1S(=O)(=O)c1ccccc1,0.031699475
O=C(CNc1cccc(Cl)c1)N[C@@H]1CCCN(c2ncnc3[nH]ccc23)C1,0.05485302
Cc1ccc(S(=O)(=O)NCc2ccccc2)cc1,0.97465634
CC(C)C[C@@H](N)C1(c2ccc(Cl)cc2)CCC1,0.08294892
CC(C)(NCCCn1ccnc1)c1ccc(Cl)cc1,0.23014136
C[C@@H](Oc1ccc(Cl)cc1)c1ccnc2ncnn12,0.2806174
CN(c1ccc(NC(=O)Nc2ccccc2)cc1)S(=O)(=O)c1cnn(-c2ccc(F)cc2)c1,0.2665861
C[C@H]1COC2(CCN(c3nc(=O)c4cc(C(F)(F)F)cc([N+](=O)[O-])c4s3)CC2)O1,0.99948454
c1ccc2nc(C3=NCCN3)ccc2c1,0.016250858
c1ccc2nc(C3=NCCN3)cnc2c1,0.007621081
CCOc1ccc(NC(=O)C[C@@H](C)O)cc1,0.021823674
CC(C)(S)C(=O)N[C@@H](CS)C(=O)O,0.042649858
CCCC(=O)Nc1ncnc2c1ncn2[C@@H]1O[C@@H]2CO[P@@](=O)(O)O[C@H]2[C@H]1OC(=O)CCC,0.07546465
CC(C)(C)c1ccc(CN2CCN([C@@H](c3ccccc3)c3ccc(Cl)cc3)CC2)cc1,0.22418442
CCC[C@H]1O[C@@H]2C[C@H]3[C@@H]4CCC5=CC(=O)C=C[C@]5(C)[C@H]4[C@@H](O)C[C@]3(C)[C@]2(C(=O)CO)O1,0.0021021923
CC(C)(C)N1CCC(c2ccccc2)(c2ccccc2)CC1,0.23504391
CCCCOc1ccc(CC(=O)NO)cc1,0.00025708266
COc1cc(OC)c(C(=O)CCCN2CCCC2)c(OC)c1,0.019289305
CCCCNc1cc(C(=O)O)cc(S(N)(=O)=O)c1Oc1ccccc1,0.07263539
CCCC(=O)N1CCCN(c2nc(N)c3cc(OC)c(OC)cc3n2)CC1,0.904379
Nc1cc(C(F)(F)F)c(-c2cc(N3CCOCC3)nc(N3CCOCC3)n2)cn1,0.20980012
CC(C)(C)C1CCC(C[C@H]2C(=O)C(=O)c3ccccc3C2=O)CC1,0.7086408
CC(CCc1ccccc1)NC(C)C(O)c1ccc(O)cc1,0.0002935449
CCCCc1ccc(C(N)=O)nc1,0.051422477
CCCCN1CCCC[C@H]1C(=O)Nc1c(C)cccc1C,0.0022986718
Cc1ccc(Cl)c(OC[C@@H](O)CNC(C)(C)C)c1,0.009137243
C[C@@H](NC(C)(C)C)C(=O)c1cccc(Cl)c1,0.008492411
O=C(NCc1ccccc1)OCCO,0.00022283877
CCNC(=O)[C@@H]1CCCN1C(=O)[C@H](CCCN=C(N)N)NC(=O)[C@H](CC(C)C)NC(=O)[C@@H](COC(C)(C)C)NC(=O)[C@H](Cc1ccc(O)cc1)NC(=O)[C@H](CO)NC(=O)[C@H](Cc1c[nH]c2ccccc12)NC(=O)[C@H](Cc1c[nH]cn1)NC(=O)[C@@H]1CCC(=O)N1,0.2636898
O=C1CC2(CCCC2)CC(=O)N1CCCCN1CCN(c2ncccn2)CC1,0.011615906
CS(=O)(=O)OCCCCOS(C)(=O)=O,0.040427193
CCCCNC(=O)[C@@H]1Cc2ccccc2N1C(=O)[C@@H](N)CC,0.009595299
CCCCN(CCCC)CCCOC(=O)c1ccc(N)cc1,0.018184017
CC(C)(C)[C@]1(O)CCN2C[C@H]3c4ccccc4CCc4cccc(c43)[C@@H]2C1,0.7208143
C=CCC1(CC(C)C)C(=O)NC(=O)NC1=O,0.060943823
CCCCOC(=O)c1ccc(N)cc1,0.010745325
CCCC1([C@H](O)C/C=C/[C@H]2[C@H](O)CC(=O)[C@@H]2CCCCCCC(=O)OC)CCC1,0.011616224
O=C(/C=C/c1ccc(O)c(O)c1)c1ccc(O)cc1O,0.00015067369
CN(Cc1ccc(C(C)(C)C)cc1)Cc1cccc2ccccc12,0.14340581
CCCCS(=N)(=O)CC[C@H](N)C(=O)O,0.5487954
CC[C@@H](C(=O)O)c1ccc(CC(C)C)cc1,0.056405302
Clc1ccc(CC[C@@H](Cn2ccnc2)Sc2c(Cl)cccc2Cl)cc1,0.11165499
CCCC(=O)c1cc(F)ccc1OC[C@@H](O)CNC(C)(C)C,0.05753903
CCCCOC(=O)c1ccc(O)cc1,0.0007504835
COc1ccc(O)c(C(C)(C)C)c1,0.0037212966
Cc1cc(C(C)(C)C)c(O)c(C(C)(C)C)c1,0.012811724
CCC/C=C1\OC(=O)c2ccccc21,0.010429902
CCCC[C@H]1OC(=O)c2ccccc21,0.004313959
c1ccc2cc(C3=NCCN3)ncc2c1,0.019646768
CC(C)Nc1cc(-c2c[nH]c(C(=O)N[C@H](CO)c3cccc(Cl)c3)c2)c(Cl)cn1,0.8565347
Cc1c(Cl)cccc1S(=O)(=O)Nc1nc(CC(=O)N2CCN(C)CC2)cs1,0.10566347
CC1(C)C(=O)NC2=C1C(=O)C(=O)c1ccccc12,0.0009804239
CC(=O)N(O)C/C=C/c1cccc(Oc2ccccc2)c1,0.00015649678
C[C@@H](/C=C/c1cccc(Oc2ccc(F)cc2)c1)N(O)C(N)=O,0.062803246
CC(C)C[C@@H](NC(=O)[C@H](Cc1ccccc1)NC(=O)CNC(=O)[C@@H](C)NC(=O)[C@@H](N)Cc1ccc(O)cc1)C(=O)O,0.011854259
C/C(=N\NC(=S)NNC(=S)Nc1ccccc1Cl)c1ccccn1,0.9056141
C=CCN1C[C@H](C)N([C@H](c2ccc(C(=O)N(CC)CC)cc2)c2cccc(O)c2)C[C@H]1C,0.010457213
CNC(=O)c1ccc2c(c1)S(=O)(=O)c1ccccc1C2=O,0.69229245
C[C@@H](N)Cc1c[nH]c2ccc(OCc3cccs3)cc12,0.027341599
O=C(NCCCNc1nc(Nc2cccc(NC(=O)N3CCCC3)c2)ncc1I)c1cccs1,0.14976537
O=C(Nc1cccc(Nc2ncc(Br)c(NCCc3cnc[nH]3)n2)c1)N1CCCC1,0.03117034
Cn1cccc1/C=C1\C(=O)NC(=O)c2ccccc21,0.022842158
COc1cc2nc(N3CCC(N4CCCCC4)CC3)nc(NC3CCCCCC3)c2cc1OC,0.40456986
O=S(=O)(c1cccc2cnccc12)N1CCNCC1,0.001493359
CCOC(=O)c1cnc[nH]1,0.00042935376
Nc1ccc(-c2cccc(C(=O)Nc3cnc4nc(N5CCOCC5)oc4c3)n2)cn1,0.41743702
C[S+](C)CC[C@H](N)C(=O)O,0.20041983
OC[C@H]1O[C@H](O[C@H]2O[C@H](CO)[C@@H](O)[C@H](O)[C@H]2O)[C@H](O)[C@@H](O)[C@@H]1O,0.0075915614
CO[C@H]1C(=O)[C@]2(C)[C@@H](OC)C[C@H]3OC[C@@]3(OC(C)=O)[C@H]2[C@H](OC(=O)c2ccccc2)[C@]2(O)C[C@H](OC(=O)[C@H](O)[C@@H](NC(=O)OC(C)(C)C)c3ccccc3)C(C)=C1C2(C)C,0.008289124
C=CCN1C[C@H](C(=O)N(CCCN(C)C)C(=O)NCC)C[C@@H]2c3cccc4[nH]cc(c34)C[C@H]21,0.8993106
C[C@H]1CO[C@@H]2Cn3cc(C(=O)NCc4ccc(F)cc4F)c(=O)c(O)c3C(=O)N12,0.8731018
COc1cc2nccc(Oc3ccc(NC(=O)C4(C(=O)Nc5ccc(F)cc5)CC4)cc3)c2cc1OC,0.14981394
CC(C)(C)[C@H]1CCc2c(sc(NC(=O)c3ccco3)c2C(=O)O)C1,0.27475846
O=C(O)c1cn(C2CC2)c2cc(N3CCC(O)(COc4ccc(N5C[C@H](CO)OC5=O)cc4F)CC3)c(F)cc2c1=O,0.9963027
CCOC(=O)NNc1ccc(N(CC)C[C@@H](C)O)nn1,0.014127866
C[C@@]12CCc3occc3[C@H]1CC[C@@]13C[C@@H](CC[C@H]12)[C@@](O)(CO)C3,0.00023867594
O=C(O)/C=C/c1ccc(O)c(O)c1,3.237944e-05
O=C(/C=C/c1ccc(O)c(O)c1)OCCc1ccccc1,4.239068e-05
Cn1c(=O)c2c(ncn2C)n(C)c1=O,0.3148255
C=C1CC[C@H](O)C/C1=C/C=C1\CCC[C@]2(C)[C@@H]([C@H](C)CCCC(C)(C)O)CC[C@@H]12,0.007933887
C=C1/C(=C\C=C2/CCC[C@]3(C)[C@@H]([C@H](C)/C=C/[C@@H](O)C4CC4)CC[C@@H]23)C[C@@H](O)C[C@@H]1O,0.00039107742
CC(C)C[C@H](NC(=O)[C@H](CCCCN)NC(=O)CNC(=O)[C@H](CC(C)C)NC(=O)[C@@H](NC(=O)[C@@H]1CSSC[C@H](N)C(=O)N[C@@H](CO)C(=O)N[C@@H](CC(N)=O)C(=O)N[C@@H](CC(C)C)C(=O)N[C@@H](CO)C(=O)N[C@@H]([C@@H](C)O)C(=O)N1)C(C)C)C(=O)N[C@@H](CO)C(=O)N[C@@H](CCC(N)=O)C(=O)N[C@@H](CCC(=O)O)C(=O)N[C@@H](CC(C)C)C(=O)N[C@@H](Cc1c[nH]cn1)C(=O)N[C@@H](CCCCN)C(=O)N[C@@H](CC(C)C)C(=O)N[C@@H](CCC(N)=O)C(=O)N[C@H](C(=O)N[C@@H](Cc1ccc(O)cc1)C(=O)N1CCC[C@H]1C(=O)N[C@@H](CCCNC(=N)N)C(=O)N[C@H](C(=O)N[C@@H](CC(=O)O)C(=O)N[C@H](C(=O)NCC(=O)N[C@@H](C)C(=O)NCC(=O)N[C@H](C(=O)N1CCC[C@H]1C(N)=O)[C@@H](C)O)C(C)C)[C@@H](C)O)[C@@H](C)O,0.00020483458
C=C1/C(=C\C=C2/CCC[C@]3(C)[C@@H]([C@H](C)CCCC(C)(C)O)CC[C@@H]23)C[C@@H](O)C[C@@H]1O,0.0019974455
O=C(O)[C@H](O)[C@H](O)[C@@H](O)[C@H](O)[C@H](O)CO,0.0027315838
Nc1nc(=O)c2c([nH]1)NC[C@H](CNc1ccc(C(=O)N[C@@H](CCC(=O)O)C(=O)O)cc1)N2C=O,0.9388021
C[C@@H](N[C@H]1CCCC[C@@H]1NC(=O)c1ccc(Cl)cc1)c1cccc2ccccc12,0.9606511
CCCC[C@@H](C=O)NC(=O)[C@H](CC(C)C)NC(=O)OCc1ccccc1,0.9937116
C[C@H]1CN(Cc2ccc(CC(=O)N3CCC(Nc4cccc(F)c4)CC3)cc2)CCN1,0.002232029
Cc1c(Cl)cccc1S(=O)(=O)Nc1nc(NCCc2ccccc2)nc2c1CN(Cc1ccccc1)CC2,0.8517135
CC(C)(Sc1cc(C(C)(C)C)c(O)c(C(C)(C)C)c1)Sc1cc(C(C)(C)C)c(OCC(=O)O)c(C(C)(C)C)c1,0.69362444
CN(C)C(=O)COC(=O)Cc1ccc(OC(=O)c2ccc(NC(=N)N)cc2)cc1,0.053443607
CC1(C)[C@@H]2CC[C@@]1(C)C(=O)C2,0.016221734
CC1(C)[C@@H]2CC[C@]1(C)C(=O)C2,0.005424429
CC[C@@]1(O)C(=O)OCc2c1cc1n(c2=O)Cc2cc3ccccc3nc2-1,0.9611645
CCN(CC)CCN[C@@H](C(=O)OCCC(C)C)c1ccccc1,0.010572384
Cc1ccc([C@@H]2O[C@H](CO)[C@@H](O)[C@H](O)[C@H]2O)cc1Cc1ccc(-c2ccc(F)cc2)s1,0.7638168
CCOc1nc2cccc(C(=O)O)c2n1Cc1ccc(-c2ccccc2-c2nn[nH]n2)cc1,0.8401553
CCOc1nc2cccc(C(=O)O[C@@H](C)OC(=O)OC3CCCCC3)c2n1Cc1ccc(-c2ccccc2-c2nn[nH]n2)cc1,0.9926635
C[C@H](C[C@H](C)[C@@H](O)CC(=O)c1ccc(N)cc1)[C@H]1OC(=O)CC(=O)CCCC(=O)C[C@@H](O)C[C@@H](O)C[C@@H](O)CC(=O)C[C@@H](O)[C@H](C(=O)O)[C@@H](O)C[C@@H](O[C@@H]2O[C@H](C)[C@H](O)[C@@H](O)[C@@H]2N)/C=C/C=C/C=C/C=C/C=C/C=C/C=C/[C@@H]1C,0.9995721
C=CC(=O)Nc1cc2c(Nc3ccc(F)c(Cl)c3)ncnc2cc1OCCCN1CCOCC1,0.17872733
CSCCNc1nc(SCCC(F)(F)F)nc2c1ncn2[C@@H]1O[C@H](COP(=O)(O)OP(=O)(O)C(Cl)(Cl)P(=O)(O)O)[C@@H](O)[C@H]1O,0.7318894
C[C@]12CCC(=O)C=C1C=C[C@@H]1[C@@H]2CC[C@@]2(C)[C@H]1CC[C@@]21CCC(=O)O1,0.0037822493
C[C@@]12C(=O)OC(=O)[C@]1(C)[C@H]1CC[C@@H]2O1,0.0010867179
N#Cc1c(N)nc(SCc2csc(-c3ccc(Cl)cc3)n2)c(C#N)c1-c1ccc(OCCO)cc1,0.0060928655
CCCCCOC(=O)Nc1nc(=O)n([C@@H]2O[C@H](C)[C@@H](O)[C@H]2O)cc1F,0.9818294
COc1cc(C(=O)NCCCCCC(=O)O)cc(OC)c1OC,0.28729317
C[C@@H]1NC(=O)[C@@H](N)CNC(=O)[C@H]([C@H]2CCN=C(N)N2)NC(=O)/C(=C\NC(N)=O)NC(=O)[C@H](CNC(=O)C[C@@H](N)CCCN)NC1=O,0.96614075
CN1N=C2CCN(C(=O)[C@@H](COCc3ccccc3)NC(=O)C(C)(C)N)C[C@@]2(Cc2ccccc2)C1=O,0.8238219
CCCCCCCC(=O)O,0.0021358838
COc1cc(CNC(=O)CCCC/C=C/C(C)C)ccc1O,0.0010202957
Oc1cc2c(cc1O)CN(C(=S)NCCc1ccc(Cl)cc1)CCC2,0.0011538656
CN(C)CCS,4.4579506e-06
O=C1[C@H]2CC=CC[C@@H]2C(=O)N1SC(Cl)(Cl)Cl,0.027155062
C[C@H](CS)C(=O)N1CCC[C@H]1C(=O)O,0.0018460812
CNC(=O)ON(C(C)=O)C(=O)NC,0.020108309
CCN(CC)CCOC(=O)C1(c2ccccc2)CCCC1,0.052111655
CC(C)NC[C@@H](O)COc1cccc2[nH]c3ccccc3c12,0.006683009
C[N+](C)(C)CCOC(N)=O,0.009737497
COC(=O)N/N=C/c1c[n+]([O-])c2ccccc2[n+]1[O-],0.94564694
NC(=O)N1c2ccccc2C=Cc2ccccc21,0.011032805
CNC(=O)Oc1cccc2ccccc12,0.009005816
NC(=O)Nc1ccc([As](=O)(O)O)cc1,0.014425246
CN1C2=CC(=O)/C(=N\NC(N)=O)C=C2C[C@H]1S(=O)(=O)O,0.8223171
COC(=O)Nc1nc2ccccc2[nH]1,0.8967662
CC1(C)S[C@@H]2[C@H](NC(=O)[C@@H](C(=O)O)c3ccccc3)C(=O)N2[C@H]1C(=O)O,0.11968367
CC1(C)[C@@H](OC(=O)CCC(=O)O)CC[C@]2(C)[C@H]3C(=O)C=C4[C@@H]5C[C@@](C)(C(=O)O)CC[C@]5(C)CC[C@@]4(C)[C@]3(C)CC[C@@H]12,0.14254923
CCN(CC)CCOCCOC(=O)C1(c2ccccc2)CCCC1,0.064411305
CC[C@H](C)[C@@H]1NC(=O)[C@H](Cc2ccc(OC)cc2)NC(=O)CCCSC[C@@H](C(=O)N2CCC[C@H]2C(=O)N[C@@H](CC(C)C)C(=O)NCC(N)=O)NC(=O)[C@H](CC(N)=O)NC(=O)[C@H](CCC(N)=O)NC1=O,0.84860694
C[C@@](Cc1ccc(O)c(O)c1)(NN)C(=O)O,0.00047586905
CCOC(=O)n1ccn(C)c1=S,0.001383815
CN(C)CCO[C@@H](c1ccc(Cl)cc1)c1ccccn1,0.003969884
[NH2][Pt]1([NH2])[O]C(=O)C2(CCC2)C(=O)[O]1,0.9065072
NC(=O)c1nnn(Cc2cc(Cl)c(C(=O)c3ccc(Cl)cc3)c(Cl)c2)c1N,0.0069029233
CCCCc1nc(Cl)c(C(=O)O)n1Cc1ccc(-c2ccccc2-c2nn[nH]n2)cc1,0.95125836
O=C(O)c1ccc(SSc2ccc(C(=O)O)cn2)nc1,0.02963028
COc1ccc(Nc2nccc(NCCO)n2)cc1,7.58816e-05
c1coc(-c2nnc3sc(C4CCCCC4)nn23)c1,0.22845022
CC(C)(C(=O)O)c1ccc(C(=O)CCCN2CCC(OC(c3ccccc3)c3ccccc3)CC2)cc1,0.026812628
CC(C)C[C@H](NC(=O)[C@H](CCc1ccccc1)NC(=O)CN1CCOCC1)C(=O)N[C@@H](Cc1ccccc1)C(=O)N[C@@H](CC(C)C)C(=O)[C@@]1(C)CO1,0.005958698
NC(=O)N[C@@H](CCC(=O)O)C(=O)O,0.14127254
NC(=O)CN1C=CCC(C(N)=O)=C1,0.0028684759
CC(C)c1ccc(C(=O)N=C(N)N)cc1S(C)(=O)=O,0.46735734
CN(C)C(=O)N[C@H]1CC[C@H](CCN2CCN(c3cccc(Cl)c3Cl)CC2)CC1,0.06636786
CCCCCCNC(=O)n1cc(F)c(=O)[nH]c1=O,0.37738848
COc1ccc(C[C@@H](C)NC[C@H](O)c2ccc(O)c3[nH]c(=O)ccc23)cc1,0.0094223665
O=C(O)c1ccc2[nH]cc(CCCCN3CC=C(c4ccccc4)CC3)c2c1,0.40851915
O=C(NCCCl)N(CCCl)[NH2+][O-],0.00069093937
C[N+](C)(C)C[C@@H](O)CC(=O)O,0.0055920803
NCCC(=O)N[C@@H](Cc1cnc[nH]1)C(=O)O,0.00044779773
CCN(CC)CCn1c(=O)c(Cc2ccc(OC)cc2)nc2ccccc21,0.8100628
NC(=O)CN1Cc2ccccc2OC1=O,0.059538994
C[C@@H](C(=O)O)c1ccc2c(c1)[nH]c1ccc(Cl)cc12,0.013824576
O=c1[nH]c(=O)c2ccccc2o1,0.0020053594
CC(C)(C)NCC(O)COc1cccc2c1CCC(=O)N2,0.029217517
NC(=O)OC[C@@H]1[C@H](NC(=O)/C(=N\OCC(=O)O)c2csc(N)n2)C(=O)N1S(=O)(=O)O,0.33119044
COc1ccccc1OCCNC[C@@H](O)COc1cccc2[nH]c3ccccc3c12,0.0037137573
NS(=O)(=O)c1ccc(C(=O)O)cc1,0.7656961
OCc1cc(O)c2c(O)c3c(O)cccc3c(O[C@@H]3O[C@H](CO)[C@H](O)[C@@H](O)[C@H]3O)c2c1,0.047211453
OCCN[C@H]1CCCc2c1[nH]c1ccc(-c3ccccc3)cc21,0.0006634282
CC[C@H](C)C[C@H](C)CCCCCCCCC(=O)N[C@H]1C[C@@H](O)[C@@H](NCCN)NC(=O)[C@@H]2[C@@H](O)CCN2C(=O)[C@H]([C@H](O)CCN)NC(=O)[C@H]([C@H](O)[C@@H](O)c2ccc(O)cc2)NC(=O)[C@@H]2C[C@@H](O)CN2C(=O)[C@H]([C@@H](C)O)NC1=O,0.16434184
O[C@H]1[C@H](O)[C@@H](O)CN2CC[C@H](O)[C@H]12,0.0003923478
CCC1=C[C@@H]2CN3CCc4c([nH]c5ccccc45)[C@@](C(=O)OC)(C2)[C@@H]13,0.0009321003
Cn1nc(C(C)(C)C)cc1C(=O)N[C@@H](Cc1cccc(Cl)c1)C(=O)NCC#N,0.141653
O=C1NC(=O)/C(=C\c2ccc(-c3ccc(F)cc3)o2)S1,0.4126573
CCC(=O)O[C@]1(C(=O)CO)CC[C@H]2[C@@H]3CCC4=CC(=O)CC[C@]4(C)[C@H]3CC[C@@]21C,5.699943e-05
CN(C)/N=N/c1ccc(C(=O)O)cc1,0.039584864
Cc1cc2c(C(N)=O)cccc2n1-c1nc2c(c(NCc3ccccc3)n1)COCC2,0.5276338
O=C(Cc1cccc(OC(F)(F)F)c1)Nc1ccc(CCCCc2nnc(NC(=O)Cc3ccccn3)s2)nn1,0.1669291
CCS(=O)(=O)N(Cc1cccnc1)c1cccc(-c2ccc(C#N)cc2)c1,0.09440303
CC(=O)c1ccc2c(c1)c1cc(C(C)=O)ccc1n2CCNC(C)C,0.0070373495
NC(=NNc1ccccc1)c1ccccc1,0.003327404
CCN1C(=O)CN=C2NC=C(c3ccc(-c4nnc[nH]4)nc3C)N=C21,0.021109175
CO[C@H]1CC[C@H](N2C(=O)CNc3ncc(-c4ccc(C(C)(C)O)nc4)nc32)CC1,0.004461983
c1cc(OCCN2CCCCC2)cc(-c2n[nH]c3ccc(-c4nnc[nH]4)cc23)c1,0.10226055
C=CC(=O)Nc1cc(C)ccc1Nc1nc(Nc2cc(OC)ncc2C)ncc1C(F)(F)F,0.7655583
O[C@H]1CC[C@H](Nc2ncc3nc(Nc4c(F)cc(F)cc4F)n([C@H]4CCOC4)c3n2)CC1,0.006815958
C[C@@H](ONC(=O)c1cc(C(F)(F)F)cc(C(F)(F)F)c1)C(=O)Nc1ccc(Cl)cc1,0.71140563
Cc1ccc(-n2sc(=O)n(Cc3ccc(F)cc3)c2=O)cc1,0.020332865
Cc1cccc(Oc2nc3c(C)cccn3c(=O)c2/C=C(\C#N)c2nc3ccccc3s2)c1,0.598549
Cc1cccn2c(=O)c(/C=C(\C#N)c3nc4ccccc4s3)c(Oc3ccc(F)cc3)nc12,0.8930926
Cc1cc(C(=CNc2ccc(Cl)cc2)C(=O)Nc2ccc(Cl)cc2)on1,0.018236943
O=C(O)Cc1cc2ccccc2nc1C(=O)O,0.16458602
O=C(CN1C2=NCCN2c2ccccc21)c1ccc(-c2ccccc2)cc1,0.48092172
CCc1cc(-c2n[nH]c(C)c2-c2ccc3c(c2)OCCO3)c(O)cc1O,0.11718202
NC1(Cc2ccc(Cl)cc2)CCN(c2ncnc3[nH]ccc23)CC1,0.29074213
CN(C)c1ccc(-c2nc3ncc(Cl)c(N4CCN(CC(=O)Nc5nccs5)CC4)c3[nH]2)cc1,0.15026864
Cc1cc(CN2CCN(c3c(Br)cnc4nc(-c5ccc(N6CCN(C)CC6)cc5)[nH]c34)CC2)no1,0.40833986
CC(C)(C)c1cc(NC(=O)Nc2ccc(Oc3ccnc4nc(O)cnc34)cc2F)n(-c2ccccc2)n1,0.96501523
N#Cc1cnc(Nc2cc(NC[C@H]3CNCCO3)c(C(F)(F)F)cn2)cn1,0.96450335
O=c1cccc2n1C[C@H]1C[C@@H]2CN(CCN2C[C@@H]3C[C@H](C2)c2cccc(=O)n2C3)C1,0.99373525
O=C(O)c1ccc(-c2ccc3cc(O)c(C45CC6CC(CC(C6)C4)C5)cc3c2)cc1,0.56344235
O=C(O)c1ccc2cc(-c3ccc(O)c(C45CC6CC(CC(C6)C4)C5)c3)ccc2c1,0.48017818
OC[C@H]1O[C@H]2O[C@@H]3[C@@H](O)[C@H](O)[C@H](O[C@@H]4[C@@H](O)[C@H](O)[C@H](O[C@@H]5[C@@H](O)[C@H](O)[C@H](O[C@@H]6[C@@H](O)[C@H](O)[C@H](O[C@@H]7[C@@H](O)[C@H](O)[C@H](O[C@@H]8[C@@H](O)[C@H](O)[C@H](O[C@@H]1[C@@H](O)[C@@H]2O)O[C@@H]8CO)O[C@@H]7CO)O[C@@H]6CO)O[C@@H]5CO)O[C@@H]4CO)O[C@@H]3CO,4.691873e-05
Nc1[nH]nc2nc3ccccc3nc12,0.46465477
COC[C@H](C)N[C@H]1CC[C@H](Nc2cc(-c3cccc(NCC4(C#N)CCOCC4)n3)c(Cl)cn2)CC1,0.011050269
N#Cc1cccc(C(=O)Nc2cc(-c3ccccc3)nn2-c2ccccc2)c1,0.53990436
CN(C)[C@]1(c2ccccc2)CC[C@]2(CC1)OCCc1c3cc(F)ccc3[nH]c12,0.55100316
COc1cc2c(Oc3ccc4[nH]c(C)cc4c3F)ncnc2cc1OCCCN1CCCC1,0.20187902
C[C@H]1CC[C@H]2C(C)(C)[C@H]3C[C@@]12CC[C@@]3(C)O,3.8085233e-05
C[C@@H]1CC[C@H]2C(C)(C)[C@H]3C[C@@]12CC[C@@]3(C)O,8.215448e-05
N[C@@H](C(=O)N[C@@H]1C(=O)N2C(C(=O)O)=C(Cl)CS[C@H]12)c1ccccc1,0.23091571
CC1=C(C(=O)O)N2C(=O)[C@@H](NC(=O)[C@H](N)c3ccc(O)cc3)[C@H]2SC1,0.89332724
NC(=O)c1cc[n+](CC2=C(C(=O)O)N3C(=O)[C@@H](NC(=O)Cc4cccs4)[C@H]3SC2)cc1,0.8471
Cn1nnnc1SCC1=C(C(=O)O)N2C(=O)[C@@H](NC(=O)[C@H](O)c3ccccc3)[C@H]2SC1,0.87875533
Cn1nnnc1SCC1=C(C(=O)O)N2C(=O)[C@@H](NC(=O)[C@H](OC=O)c3ccccc3)[C@H]2SC1,0.88336927
CC(=O)OCC1=C(C(=O)O)N2C(=O)[C@@H](NC(=O)CS/C(=N/C(C)C)NC(C)C)[C@H]2SC1,0.75695574
Cc1nnc(SCC2=C(C(=O)O)N3C(=O)[C@@H](NC(=O)Cn4cnnn4)[C@H]3SC2)s1,0.87603575
CC/C=C(\C(=O)N[C@@H]1C(=O)N2C(C(=O)OCOC(=O)C(C)(C)C)=C(COC(N)=O)CS[C@H]12)c1csc(N)n1,0.554065
C=CC1=C(C(=O)O)N2C(=O)[C@@H](NC(=O)/C(=N\O)c3csc(N)n3)[C@H]2SC1,0.9135674
CO/N=C(\C(=O)N[C@@H]1C(=O)N2C(C(=O)OCOC(=O)C(C)(C)C)=C(/C=C\c3scnc3C)CS[C@H]12)c1csc(N)n1,0.8975494
CO/N=C(/C(=O)N[C@@H]1C(=O)N2C(C(=O)O)=C(C[N+]3(C)CCCC3)CS[C@H]12)c1csc(N)n1,0.914837
CO/N=C(\C(=O)N[C@@H]1C(=O)N2C(C(=O)O)=C(C)CS[C@H]12)c1csc(N)n1,0.9208619
CO/N=C(\C(=O)N[C@@H]1C(=O)N2C(C(=O)OCOC(=O)C(C)(C)C)=C(C)CS[C@H]12)c1csc(N)n1,0.85089207
CC(C)(O/N=C(\C(=O)N[C@@H]1C(=O)N2C(C(=O)O)=C(C[N+]3(CCNC(=O)c4ccc(O)c(O)c4Cl)CCCC3)CS[C@H]12)c1csc(N)n1)C(=O)O,0.9807326
C=CC1=C(C(=O)O)N2C(=O)[C@@H](NC(=O)/C(=N\OCC(=O)O)c3csc(N)n3)[C@H]2SC1,0.5823295
CO/N=C(\C(=O)N[C@@H]1C(=O)N2C(C(=O)O)=C(CSc3nnnn3C)CS[C@H]12)c1csc(N)n1,0.9870222
CO[C@@]1(NC(=O)CSCC#N)C(=O)N2C(C(=O)O)=C(CSc3nnnn3C)CS[C@@H]21,0.87452114
CO[C@@]1(NC(=O)CSC[C@@H](N)C(=O)O)C(=O)N2C(C(=O)O)=C(CSc3nnnn3C)CS[C@@H]21,0.882868
CO/N=C(\C(=O)N[C@@H]1C(=O)N2C(C(=O)O)=C(CSc3nc(C)c(CC(=O)O)s3)CS[C@H]12)c1csc(N)n1,0.83966017
O=C(O)C1=C(CSc2nnnn2CS(=O)(=O)O)CS[C@@H]2[C@H](NC(=O)[C@H](O)c3ccccc3)C(=O)N12,0.95292777
CCN1CCN(C(=O)N[C@@H](C(=O)N[C@@H]2C(=O)N3C(C(=O)O)=C(CSc4nnnn4C)CS[C@H]23)c2ccc(O)cc2)C(=O)C1=O,0.52373403
NCc1ccccc1CC(=O)N[C@@H]1C(=O)N2C(C(=O)O)=C(CSc3nnnn3CC(=O)O)CS[C@H]12,0.6616068
CO/N=C(\C(=O)N[C@@H]1C(=O)N2C(C(=O)O)=C(Cn3ccc(=N)n3CCO)CS[C@H]12)c1csc(N)n1,0.38656446
CO/N=C(\C(=O)N[C@@H]1C(=O)N2C(C(=O)O)=C(COC(C)=O)CS[C@H]12)c1csc(N)n1,0.89769673
CO[C@@]1(NC(=O)C2SC(=C(C(N)=O)C(=O)O)S2)C(=O)N2C(C(=O)O)=C(CSc3nnnn3C)CS[C@@H]21,0.71216905
CN(C)CCn1nnnc1SCC1=C(C(=O)O)N2C(=O)[C@@H](NC(=O)Cc3csc(N)n3)[C@H]2SC1,0.869647
C[C@@H](OC(=O)OC1CCCCC1)OC(=O)C1=C(CSc2nnnn2CCN(C)C)CS[C@H]2[C@@H](NC(=O)Cc3csc(N)n3)C(=O)N12,0.858918
CO[C@@]1(NC(=O)Cc2cccs2)C(=O)N2C(C(=O)O)=C(COC(N)=O)CS[C@@H]21,0.7182557
CO/N=C(\C(=O)N[C@@H]1C(=O)N2C(C(=O)O)=C(C[n+]3ccn4ncccc43)CS[C@H]12)c1nsc(N)n1,0.9605275
Cc1cc(=O)c(C(=O)N[C@@H](C(=O)N[C@@H]2C(=O)N3C(C(=O)O)=C(CSc4nnnn4C)CS[C@H]23)c2ccc(O)cc2)c[nH]1,0.7875827
CO/N=C(/C(=O)N[C@@H]1C(=O)N2C(C(=O)O)=C(C[n+]3cccc4c3CCC4)CS[C@H]12)c1csc(N)n1,0.810173
COCC1=C(C(=O)O[C@@H](C)OC(=O)OC(C)C)N2C(=O)[C@@H](NC(=O)/C(=N\OC)c3csc(N)n3)[C@H]2SC1,0.9493896
C/C=C/C1=C(C(=O)O)N2C(=O)[C@@H](NC(=O)[C@H](N)c3ccc(O)cc3)[C@H]2SC1,0.89511836
CC1=C(C(=O)O)N2C(=O)[C@@H](NC(=O)[C@H](N)C3=CCC=CC3)[C@H]2SC1,0.93574274
NC(=O)c1cc[n+](CC2=C(C(=O)O)N3C(=O)[C@@H](NC(=O)[C@@H](c4ccccc4)S(=O)(=O)O)[C@H]3SC2)cc1,0.6302064
CCO/N=C(/C(=O)N[C@@H]1C(=O)N2C(C(=O)O)=C(Sc3nc(-c4cc[n+](C)cc4)cs3)CS[C@H]12)c1nc(=NP(=O)(O)O)s[nH]1,0.8623216
CC(C)(O/N=C(\C(=O)N[C@@H]1C(=O)N2C(C(=O)O)=C(C[n+]3ccccc3)CS[C@H]12)c1csc(N)n1)C(=O)O,0.93096197
Nc1nc(/C(=C/CC(=O)O)C(=O)N[C@@H]2C(=O)N3C(C(=O)O)=CCS[C@H]23)cs1,0.8330658
CO/N=C(\C(=O)N[C@@H]1C(=O)N2C(C(=O)O)=C(CSC(=O)c3ccco3)CS[C@H]12)c1csc(N)n1,0.89684135
CO/N=C(\C(=O)N[C@@H]1C(=O)N2C(C(=O)O)=CCS[C@H]12)c1csc(N)n1,0.9599865
Nc1nc(/C(=N/O)C(=O)N[C@@H]2C(=O)N3C(C(=O)O)=C(/C=C4\CCN([C@@H]5CCNC5)C4=O)CS[C@H]23)ns1,0.9854484
CO/N=C(\C(=O)N[C@@H]1C(=O)N2C(C(=O)O)=C(CSc3nc(=O)c(O)nn3C)CS[C@H]12)c1csc(N)n1,0.96500677
CO/N=C(\C(=O)N[C@@H]1C(=O)N2C(C(=O)O)=C(COC(N)=O)CS[C@H]12)c1ccco1,0.2112322
CO/N=C(\C(=O)N[C@@H]1C(=O)N2C(C(=O)O[C@@H](C)OC(C)=O)=C(COC(N)=O)CS[C@H]12)c1ccco1,0.3100413
Cc1ccc(-c2cc(C(F)(F)F)nn2-c2ccc(S(N)(=O)=O)cc2)cc1,0.9616645
CCCC(=O)O[C@H]1CN2CC[C@H](O)[C@@H]2[C@@H](O)[C@@H]1O,0.0008570832
CCN(CC)C(=O)Nc1ccc(OC[C@@H](O)CNC(C)(C)C)c(C(C)=O)c1,0.008627155
CCc1cc(-c2noc(-c3cc(OC)nc(C4CCCC4)c3)n2)cc(C)c1OC[C@@H](O)CO,0.55869895
CCCCOCCOc1ccc(-c2ccc3c(c2)/C=C(/C(=O)Nc2ccc([S@@](=O)Cc4cncn4CCC)cc2)CCCN3CC(C)C)cc1,0.6752392
NC(=O)O[C@@H](Cn1ncnn1)c1ccccc1Cl,0.054233413
c1ccc2cc([C@]34CNC[C@H]3C4)ccc2c1,0.00711115
Nn1cnc2cc3ccccc3cc2c1=O,0.091824934
Cc1cccc(N2CCN(CCc3ccc4ccccc4n3)CC2)c1,0.018675763
CCC(=O)c1ccc(OC[C@@H](O)CN2CCN(c3ccccc3)CC2)cc1,0.07198222
COc1cc2ncnc(Oc3cccc(NC(=O)Nc4cc(C(C)(C)C(F)(F)F)on4)c3)c2cc1OC,0.80730146
CN1CCN(c2cccc(Nc3nc4c(-c5ccc(S(C)(=O)=O)cc5)cccn4n3)c2)CC1,0.5123211
CNC(=O)c1ccccc1Nc1nc(Nc2ccc3c(c2OC)CCC[C@H](N2CCN(CCO)CC2)C3)ncc1Cl,0.1705762
COc1cc2nccc(Oc3ccc(NC(=O)c4cn(C(C)C)c(=O)n(-c5ccc(F)cc5)c4=O)cc3F)c2cc1OC,0.5977605
CC1=C(C(=O)O)N2C(=O)[C@@H](NC(=O)[C@H](N)c3ccccc3)[C@H]2SC1,0.88786143
C/C=C(\C)C(=O)N[C@@H](c1ccccc1)[C@@H](O)C(=O)O[C@H]1C[C@@]2(O)[C@@H](OC(=O)c3ccccc3)[C@@H]3[C@]4(OC(C)=O)CO[C@@H]4C[C@H](O)[C@@]3(C)C(=O)[C@H](OC(C)=O)C(=C1C)C2(C)C,0.07160918
CC(=O)OCC1=C2C(=O)[O][Zn][O]C(=O)[C@@H](N)CCCC(=O)N[C@@H]3C(=O)N2[C@@H]3SC1,0.01657991
CC(=O)OCC1=C(C(=O)O)N2C(=O)[C@@H](NC(=O)Cc3cccs3)[C@H]2SC1,0.85364676
CC(=O)OCC1=C(C(=O)O)N2C(=O)[C@@H](NC(=O)CSc3ccncc3)[C@H]2SC1,0.8711828
COc1ccc2cc1Oc1ccc(cc1)C[C@H]1c3c(cc4c(c3Oc3cc5c(cc3OC)CCN(C)[C@@H]5C2)OCO4)CCN1C,0.9981875
CC1=C(C(=O)O)N2C(=O)[C@@H](NC(=O)[C@H](N)C3=CCC=CC3)[C@@H]2SC1,0.9597193
CCCCCCCCCCCCC/C=C/[C@@H](O)[C@H](CO)NC(C)=O,0.08141596
Cc1cc(Nc2ncc(Cl)c(Nc3ccccc3S(=O)(=O)C(C)C)n2)c(OC(C)C)cc1C1CCNCC1,0.57247937
C/C=C/C/C=C/CCC(=O)[C@H]1O[C@H]1C(N)=O,0.89543873
CSCC[C@H](NC(=O)[C@H](Cc1c[nH]c2ccccc12)NC(=O)CNC(=O)[C@@H](NC(=O)[C@H](Cc1ccc(OS(=O)(=O)O)cc1)NC(=O)[C@H](CC(=O)O)NC(=O)[C@H](CCC(N)=O)NC(=O)[C@@H]1CCC(=O)N1)[C@@H](C)O)C(=O)N[C@@H](CC(=O)O)C(=O)N[C@@H](Cc1ccccc1)C(N)=O,0.12733538
CCCCCCCCCCCCCCCCNc1ccc(C(=O)O)cc1,0.14432147
CCCCCCCCCCCCCCCCOc1nc2ccc(C)cc2c(=O)o1,0.4481119
O=C(O)COCCN1CCN([C@@H](c2ccccc2)c2ccc(Cl)cc2)CC1,0.039888185
CCCCCCCCCCCCCCCC[N+](C)(C)C,0.067326024
CC(=O)N[C@H](Cc1ccc2ccccc2c1)C(=O)N[C@H](Cc1ccc(Cl)cc1)C(=O)N[C@H](Cc1cccnc1)C(=O)N[C@@H](CO)C(=O)N[C@@H](Cc1ccc(O)cc1)C(=O)N[C@H](CCCNC(N)=O)C(=O)N[C@@H](CC(C)C)C(=O)N[C@@H](CCCNC(=N)N)C(=O)N1CCC[C@H]1C(=O)N[C@H](C)C(N)=O,0.24715044
CCCCCCCCCCCCCCCC[n+]1ccccc1,0.13017382
C[C@H]1O[C@]2(CS1)CN1CCC2CC1,0.0023542978
CNCCCOc1cc(F)c(-c2c(Cl)nc3ncnn3c2N[C@@H](C)C(F)(F)F)c(F)c1,0.5081782
C[C@H]1CCc2c(cc(Br)c(F)c2Br)N1C=O,0.0017211051
COc1ccc2c(c1)[C@]1(C[C@H]1c1ccc3c(/C=C/c4ccc(CN5C[C@@H](C)O[C@@H](C)C5)cc4)[nH]nc3c1)C(=O)N2,0.24184258
Cc1cc(-c2cnn3c(NC[C@H]4C[C@@](C)(O)C4)cc(Oc4cccnc4)nc23)ccc1C(=O)NC1CC1,0.99159336
COc1ccc(NC(=O)c2cc(OCCCN(C)C)nn2Cc2ccccc2)cc1,0.48004633
COc1cc2c(cc1OC)C(c1ccc(N)cc1)=NNC(=O)C2,0.45464107
O=C(O)c1ccc(/C=C2/SC(=S)N(c3cccc(C(F)(F)F)c3)C2=O)cc1,0.09819171
CNC(=O)[C@H]1O[C@@H](n2cnc3c(NCc4cccc(I)c4)nc(Cl)nc32)[C@H](O)[C@@H]1O,0.68455285
Cc1c(N)cccc1Cn1ccc(OCCc2cccs2)cc1=O,0.7810078
Nc1nc(-c2ccc(Cl)c(Cl)c2)c(-c2ccncc2)s1,0.19210294
O=C(N[C@H](NC(=S)Nc1ccc(F)c([N+](=O)[O-])c1)C(Cl)(Cl)Cl)C(c1ccccc1)c1ccccc1,0.98477745
COc1cc2c(cc1OC(C)C)[C@H](c1ccc(Cl)cc1)N(c1ccc(N(C)C[C@H]3CC[C@H](N4CCN(C)C(=O)C4)CC3)cc1)C(=O)C2,0.18129525
CC(C)(C)NC[C@@H](O)COc1cccc2[nH]c(=O)[nH]c12,0.026351139
CC(C)(C=O)Cc1cc(C(C)(C)C)c(O)c(C(C)(C)C)c1,0.022985084
Cn1cc(C(F)(F)F)nc1-c1ccc(OC[C@H](O)CNCCOc2ccc(O)c(C(N)=O)c2)cc1,0.67497945
CCN(CC)CCNC(=O)c1cc(C#N)c(Cl)cc1OC,0.453101
O=C1CS[C@@H](c2ccccc2Cl)c2cc(Cl)ccc2N1,0.006285478
C/C(=C\[C@@H](N)C(=O)O)CP(=O)(O)O,0.00088907895
CCOC(=O)[C@H](N)/C=C(\C)CP(=O)(O)O,4.6743888e-05
O=C1NC(=O)c2cc(Nc3ccccc3)c(Nc3ccccc3)cc21,0.017897755
O=C1NC(=O)c2cc(Nc3ccc(F)cc3)c(Nc3ccc(F)cc3)cc21,0.4946696
C[C@H](NC[C@H](O)CP(=O)(O)CC1CCCCC1)c1ccc(Cl)c(Cl)c1,0.9054085
C[C@H](NC[C@H](O)CP(=O)(O)Cc1ccccc1)c1ccc(Cl)c(Cl)c1,0.5127294
Nc1ncnc2n[nH]c(Nc3ccc(F)cc3)c12,0.3519087
OCCCNc1cc(-c2ccnc(Nc3cccc(Cl)c3)n2)ccn1,0.0014752565
Nc1nc(NC[C@H]2CC[C@H](CNS(=O)(=O)c3cccc4ccccc34)CC2)nc2ccccc12,0.999746
CCn1cnc2c(Nc3cccc(Cl)c3)nc(N[C@@H]3CCCC[C@@H]3N)nc21,0.041939717
C[C@@H](NCc1cc(Br)cc2[nH]c(=O)c(=O)[nH]c12)P(=O)(O)O,0.00020691234
CC(C)(CO)Cc1cc(C(C)(C)C)c(O)c(C(C)(C)C)c1,0.02137118
Nc1nc2ccc(Cl)cc2c2nc(-c3ccco3)nn12,0.3098903
COc1ccc(-n2[nH]c3c4c(ncc3c2=O)CCCCC4)cc1,0.103929006
CCNC(=O)[C@H]1O[C@@H](n2cnc3c(N)nc(NCCc4ccc(CCC(=O)O)cc4)nc32)[C@H](O)[C@@H]1O,0.071120225
O=c1c2cnc3ccccc3c2[nH]n1-c1ccc(Cl)cc1,0.58138704
Cc1nc(Cn2cnc3c2c(=O)n(C)c(=O)n3C)no1,0.6690219
Cc1nc2ccc(-n3ncc(C(=O)c4cc5ccccc5[nH]4)c3N)cc2[nH]1,0.17595252
N#C/C(=C\c1ccc(O)cc1)C(=O)O,7.354075e-05
C[C@H](CCC(=O)O)[C@H]1CC[C@H]2[C@@H]3[C@H](O)C[C@@H]4C[C@H](O)CC[C@]4(C)[C@H]3CC[C@]12C,0.000322633
O=C(O)C1(c2ccc(-c3ccc(Cl)c(Cl)c3)c(F)c2)CC1,0.4883089
COc1cc(-c2ccc(NN=C3C=Cc4c(S(=O)(=O)O)cc(S(=O)(=O)O)c(N)c4C3=O)c(OC)c2)ccc1NN=C1C=Cc2c(S(=O)(=O)O)cc(S(=O)(=O)O)c(N)c2C1=O,0.9999107
Nc1ccc(F)cc1NC(=O)c1ccc(CNC(=O)/C=C/c2cccnc2)cc1,0.29216158
O=S(=O)(O)c1cc(I)c(O)c2ncccc12,0.9948737
O=c1[nH]c2ccc(Cl)cc2c(N[C@@H]2CN3CCC2CC3)c1-c1nc2ccccc2[nH]1,0.19022577
Nc1nc(NCCNc2ncc(-n3ccnc3)c(-c3ccc(Cl)cc3Cl)n2)ccc1[N+](=O)[O-],0.37391567
Cc1c[nH]c(-c2cnc(NCCNc3ccc(C#N)cn3)nc2-c2ccc(Cl)cc2Cl)n1,0.07062165
OC[C@@H](O)[C@H]1O[C@@H]2O[C@H](C(Cl)(Cl)Cl)O[C@@H]2[C@H]1O,0.00012513343
O=C(O)CCCc1ccc(N(CCCl)CCCl)cc1,0.0014475507
Cc1ccc(S(=O)(=O)NCl)cc1,0.19026858
O=C(N[C@H](CO)[C@H](O)c1ccc([N+](=O)[O-])cc1)C(Cl)Cl,0.0003017845
CCCCCCCCCCCCCCCC(=O)OC[C@@H](NC(=O)C(Cl)Cl)[C@H](O)c1ccc([N+](=O)[O-])cc1,0.015664663
O=C(O)CCC(=O)OC[C@@H](NC(=O)C(Cl)Cl)[C@H](O)c1ccc([N+](=O)[O-])cc1,0.001178319
Nc1ncnc(Nc2ccc(Cl)cc2)n1,0.38953897
CN1CCN([C@@H](c2ccccc2)c2ccc(Cl)cc2)CC1,0.009120921
O=S(=O)(Oc1ccc(Cl)cc1)c1ccc(Cl)cc1,0.00016266845
N=C(N=C(N)Nc1ccc(Cl)cc1)NCCCCCCNC(=N)N=C(N)Nc1ccc(Cl)cc1,0.7063421
Oc1ccc(Cl)c2c1CCC2,0.0012643726
O=C1c2ccccc2C(=O)C1c1ccc(Cl)cc1,0.94804186
C[N+](C)(C)CC[N+]1(C)Cc2c(Cl)c(Cl)c(Cl)c(Cl)c2C1,0.07067512
CC(=O)O[C@]1(C(C)=O)CC[C@H]2[C@@H]3C=C(Cl)C4=CC(=O)CC[C@]4(C)[C@H]3CC[C@@]21C,0.018918155
CN1C(=O)CCS(=O)(=O)[C@@H]1c1ccc(Cl)cc1,0.014067403
Cc1nc2ccccc2n1Cc1ccc(Cl)cc1,0.008024791
CC(C)(O)C(Cl)(Cl)Cl,0.0001569849
Cc1cc(O)ccc1Cl,0.00019697493
O=C(/C=C/c1ccc(O)c(O)c1)O[C@@H]1C[C@](O)(C(=O)O)C[C@@H](O)[C@H]1O,0.001935318
C=CC1=C(C)c2cc3[nH]c(c(CC(=O)O)c4[nH]c(cc5nc(cc1n2)C(C)=C5CC)c(C)c4C(=O)O)[C@@H](CCC(=O)O)[C@@H]3C,0.32952088
C=Cc1c(C)c2[n]3c1/C=C1\N=C(/C=c4/c(C)c(C(=O)O)/c([n]4[Cu]3)=C(\CC(=O)O)C3=N/C(=C\2)[C@@H](C)[C@@H]3CCC(=O)O)C(CC)=C1C,0.024921998
CCN(CC)CCOC(=O)c1ccc(N)cc1Cl,0.0064725573
CN(C)CCN(Cc1ccc(Cl)cc1)c1ccccn1,0.0022622666
CCN(CC)CCC[C@@H](C)Nc1ccnc2cc(Cl)ccc12,0.013725172
NS(=O)(=O)c1cc2c(cc1Cl)N=CNS2(=O)=O,0.08115512
Cc1cc(O)c(C(C)C)cc1Cl,0.005390319
COc1ccc(C(Cl)=C(c2ccc(OC)cc2)c2ccc(OC)cc2)cc1,0.0008021092
Oc1c(Cl)cc(Cl)c2cccnc12,0.034951545
O=c1cc[nH]c2cc(Cl)ccc12,0.0020670441
Cc1cc(O)cc(C)c1Cl,0.001350583
CN(C)CC[C@@H](c1ccc(Cl)cc1)c1ccccn1,0.0072024707
OC[C@@H](O)COc1ccc(Cl)cc1,0.0038790042
CN(C)CCO[C@@](C)(c1ccccc1)c1ccc(Cl)cc1,0.05269956
NC(=O)OC[C@@H](O)COc1ccc(Cl)cc1,0.033939548
CC(C)NC(=N)N=C(N)Nc1ccc(Cl)c(Cl)c1,0.021622162
CN(C)CCCN1c2ccccc2Sc2ccc(Cl)cc21,0.0084183095
CCCNC(=O)NS(=O)(=O)c1ccc(Cl)cc1,0.000989141
CC(C)OC(=O)Nc1cccc(Cl)c1,0.04528927
CN(C)CC/C=C1/c2ccccc2Sc2ccc(Cl)cc21,0.0043351497
CCOP(=S)(OCC)Oc1nc(Cl)c(Cl)cc1Cl,0.91992307
Cc1ccc2c(Cl)cc(Cl)c(O)c2n1,0.15038396
CN(C)[C@@H]1C(=O)[C@@H](C(N)=O)C(=O)[C@@]2(O)C(=O)[C@H]3C(=O)c4c(O)ccc(Cl)c4[C@@](C)(O)[C@H]3C[C@@H]12,0.75324315
NS(=O)(=O)c1cc([C@@]2(O)NC(=O)c3ccccc32)ccc1Cl,0.016790882
O=c1[nH]c2cc(Cl)ccc2o1,0.0015404174
C=C1CC[C@H](O)C/C1=C/C=C1\CCC[C@]2(C)[C@@H]([C@H](C)CCCC(C)C)CC[C@@H]12,0.2965247
CC(C)CCC[C@@H](C)[C@H]1CC[C@H]2[C@@H]3CC=C4C[C@@H](O)CC[C@]4(C)[C@H]3CC[C@]12C,0.005844229
C[C@H](CCC(=O)O)[C@H]1CC[C@H]2[C@@H]3[C@H](O)C[C@@H]4C[C@H](O)CC[C@]4(C)[C@H]3C[C@H](O)[C@]12C,0.00011028037
C[N+](C)(C)CCO,0.00014496864
C[N+](C)(C)CCOP(=O)(O)OC[C@H](O)CO,0.013829713
N[C@@H](C(=O)O)c1cc(O)ccc1Cl,0.0011465903
CCCNc1ccc2ncc(-c3ccc4n[nH]cc4c3)n2n1,0.005661129
CCS(=O)(=O)N(C)[C@@H]1c2cc(C#N)ccc2OC(C)(C)[C@H]1O,0.018021062
CCS(=O)(=O)N(C)[C@H]1c2cc(C#N)ccc2OC(C)(C)[C@@H]1O,0.009560849
O=C([O][Cr]([O]C(=O)c1ccccn1)[O]C(=O)c1ccccn1)c1ccccn1,0.7802128
O=C(O)c1cc(=O)c2ccccc2o1,0.013880424
O=c1cc(-c2ccccc2)oc2cc(O)cc(O)c12,0.0024134985
Cc1cc(O)c2c(c1)C(=O)c1cccc(O)c1C2=O,0.012441788
Cc1nc(C)c(C)nc1C,0.17115924
Cc1ccccc1/N=N/c1ccc(NC(=O)c2ccnn2C)c(C)c1,0.018070545
CS(=O)(=O)N1CCc2c(-c3cnc(N)nc3)nc(N3CCOCC3)nc21,0.30383322
CC(C)(C)c1cc(C(=O)/C=C/c2ccc(C(=O)O)cc2)cc(C(C)(C)C)c1,0.03376886
c1ccc(Oc2cccnc2)cc1,0.0016518591
CCN[C@@H](C)CN1CCc2c(c(=O)oc3ccccc23)C1,0.20888251
Cc1cccc(Cl)c1NC(=O)Nc1ccncc1,0.0053090844
O=C(O)C1=CCCN(CCOC(c2ccc(C(F)(F)F)cc2)c2ccc(C(F)(F)F)cc2)C1,0.7538655
CCCCCCCCCCC(C)(C)C(=O)Nc1c(OC)cc(OC)cc1OC,0.08164198
c1ccc2c(c1)C1=N/C2=N\c2c3ccccc3c3[n]2[Zn][n]2/c(c4ccccc4/c2=N/C2=N/C(=N\3)c3ccccc32)=N\1,0.6391385
Oc1cc(O)c2c(c1)O[C@H](c1ccc(O)c(O)c1)[C@@H](O)C2,0.0016574053
c1ccc(C2(c3ccccc3)C[C@H]2C2=NCCN2)cc1,0.017324701
CC(C)C(=O)OCC(=O)[C@@]12O[C@H](C3CCCCC3)O[C@@H]1C[C@H]1[C@@H]3CCC4=CC(=O)C=C[C@]4(C)[C@H]3[C@@H](O)C[C@@]12C,0.008138847
Cc1cc(C2CCCCC2)n(O)c(=O)c1,0.024810797
C[C@@H](C(=O)O)c1ccc2c(c1)Cc1ccccc1-2,0.00095886627
Cc1ccc(-c2n[nH]c3c2[C@H](c2cccc(O)c2)N(c2ccc(C(=O)O)cc2)C3=O)cc1,0.0016178311
O=C(Nc1ccc(CN2CCOCC2)cc1)c1ccc(-c2cccc(Cl)c2)o1,0.3878771
COC(=O)c1cnn(-c2ccc(F)cc2F)c1/C=N/NC(=S)NC(C)(C)C,0.9563211
OC1=c2ccccc2=C(NC2CCCCC2)/C1=C\c1ccccc1,0.04021988
Nc1ccn(C[C@@H](CO)OCP(=O)(O)O)c(=O)n1,0.18363166
CC1(COc2ccc(C[C@H]3SC(=O)NC3=O)cc2)CCCCC1,0.5595627
CC1(C)C[C@@H]1C(=O)N/C(=C\CCCCSC[C@H](N)C(=O)O)C(=O)O,0.77250785
CCOC(=O)[C@H](CCc1ccccc1)N[C@H]1CCCN2CCC[C@@H](C(=O)O)N2C1=O,0.33365488
CC(C)[C@H]1C(=O)N[C@@H](CCCNC(=N)N)C(=O)NCC(=O)N[C@@H](CC(=O)O)C(=O)N[C@H](Cc2ccccc2)C(=O)N1C,0.101651035
COCCOC(=O)C1=C(C)NC(C)=C(C(=O)OC/C=C/c2ccccc2)[C@@H]1c1cccc([N+](=O)[O-])c1,0.5825605
O=C(O)c1ccnc(N2CC(O)(c3ccc(OCc4c(-c5c(Cl)cccc5Cl)noc4C4CC4)cc3Cl)C2)c1,0.38794273
COc1ccc([C@]2(C#N)CC[C@@H](C(=O)O)CC2)cc1OC1CCCC1,0.7455818
CN(C(=O)CCCOc1ccc2[nH]c(=O)ccc2c1)C1CCCCC1,0.012450023
O=C1CCc2cc(OCCCCc3nnnn3C3CCCCC3)ccc2N1,0.0566923
COc1ccc2c(O[C@@H]3C[C@H]4C(=O)N[C@]5(C(=O)O)C[C@H]5/C=C\CCCCC[C@H](NC(=O)OC5CCCC5)C(=O)N4C3)cc(-c3csc(NC(C)C)n3)nc2c1,0.99778384
Cc1cc(NC(=O)[C@H](c2ccccc2)N2CCCc3ccccc32)no1,0.019718556
CC(C)NC[C@@H](O)c1ccc(N)c(C#N)c1,0.0018430497
CN/C(=N\C#N)NCCSCc1[nH]cnc1C,0.0049019526
C[C@@H](NCCCc1cccc(C(F)(F)F)c1)c1cccc2ccccc12,0.01248305
O=C(O)CCCCN(CCc1ccccc1OCc1ccc(CCc2ccccc2)cc1)Cc1ccc(C(=O)O)cc1,0.39648548
CCC(CC)(CC(=O)Nc1cccc(/C=C/c2nc(C3CCC3)cs2)c1)C(=O)O,0.0039664274
CN(C)CCCSc1ccccc1NC(=O)/C=C/c1ccccc1,0.052166913
CCCCOc1cc(C(=O)NCCN(CC)CC)c2ccccc2n1,0.9971806
C=C[C@H]1C[N@@]2CC[C@H]1C[C@H]2[C@H](O)c1ccnc2ccccc12,0.0012620505
C=C[C@H]1C[N@@]2CC[C@H]1C[C@@H]2[C@@H](O)c1ccnc2ccccc12,0.0017903483
O=C(O)c1cc(-c2ccccc2)nc2ccccc12,0.47007555
CCOC(=O)CN1CCN(C(=O)/C=C/c2cc(OC)c(OC)c(OC)c2)CC1,0.07722991
COc1cc(/C=C/C(=O)N2CCN(CC(=O)N3CCCC3)CC2)cc(OC)c1OC,0.047439177
O=C(/C=C/c1cccc(F)c1)NC1CC1,0.077595375
O=C/C=C/c1ccccc1,0.00044939914
C(=C/c1ccccc1)\CN1CCN(C(c2ccccc2)c2ccccc2)CC1,0.25031874
CC(=O)O[C@H]1[C@H]2O[C@]23[C@@H]2CC[C@]4(O)C[C@@H](O)CC[C@]4(C)[C@H]2CC[C@]3(C)[C@H]1c1ccc(=O)oc1,0.010788215
COc1cc(/C=C/C(=O)N2CCCCCCC2)cc(OC)c1OC,0.19779892
CCn1nc(C(=O)O)c(=O)c2cc3c(cc21)OCO3,0.025950195
CCOCCOC(=O)/C=C/c1ccc(OC)cc1,0.00058295915
CCOC(=O)Nc1ccc2c(c1)N(C(=O)CN(CC)CC)c1ccccc1CC2,0.8861312
CCNC(=O)/C=C/c1cccc(Br)c1,0.007215965
CC(C)(C[C@H]1CN(S(=O)(=O)c2cccc(C(F)(F)F)c2)c2cc(-c3cc(F)cc(OC(F)F)c3)ccc2O1)C(=O)O,0.9820577
COc1cc(/C=C/C(N)=O)cc(OC)c1OC,0.00026993867
Nc1nc2c([nH]1)c(=O)n(CC1CC1)c(=O)n2CC1CC1,0.13529345
C[C@H]1Cc2c([nH]c3cc(Cl)c(F)cc23)[C@@]2(N1)C(=O)Nc1ccc(Cl)cc12,0.017552856
CN1C(=O)N(C[C@H](C(=O)NO)[C@@H](CC2CCCC2)C(=O)N2CCCCC2)C(=O)C1(C)C,0.002571126
CC(C)(Oc1ccc([C@H]2CC2(Cl)Cl)cc1)C(=O)O,0.14532906
O=C(O)c1cn(C2CC2)c2cc(N3CCNCC3)c(F)cc2c1=O,0.89736944
O=C(c1ccc(OCCCc2cnc[nH]2)cc1)C1CC1,0.003946012
COc1ccc(OC[C@@H]2c3cc(OC)c(OC)cc3CCN2C(=O)c2cccc(Cl)c2)cc1,0.032082163
c1ccc(C2CC2)c(OCC2=NCCN2)c1,0.019080708
O=C(O)/C=C(/CC(=O)O)C(=O)O,0.26824325
N[C@]1(C(=O)O)CC[C@@H](C(=O)O)C1,0.523829
CC1(C)[C@H]2CC[C@]1(C)[C@@H](O)[C@H]2O,0.0044058715
O=C(O)/C=C/c1cnc[nH]1,0.00033046037
CCCCCC/C=C/C=C\CCCCCCCC(=O)O,0.0029224367
COc1cc(N)c(Cl)cc1C(=O)N[C@@H]1CCN(CCCOc2ccc(F)cc2)C[C@@H]1OC,0.9930188
COc1ccc(C[C@@H]2c3cc(OC)c(OC)cc3CC[N@+]2(C)CCC(=O)OCCCCCOC(=O)CC[N@@+]2(C)CCc3cc(OC)c(OC)cc3[C@H]2Cc2ccc(OC)c(OC)c2)cc1OC,0.08471122
[NH2][Pt]([NH2])([Cl])[Cl],0.002091539
CN(C)CCC[C@@]1(c2ccc(F)cc2)OCc2cc(C#N)ccc21,0.069113076
O=C(CCCCCCNC(=O)c1cnc(N(c2ccccc2)c2ccccc2Cl)nc1)NO,0.3756331
Clc1ccc(-c2nc3sccn3c2/C=N/OCc2ccc(Cl)c(Cl)c2)cc1,0.060147755
C[N+](C)(C)CCOP(=O)(O)OP(=O)(O)OC[C@H]1O[C@@H](n2ccc(N)nc2=O)[C@H](O)[C@@H]1O,0.99391997
CC(=O)N[C@H]1CCSC1=O,0.004525159
O=C(O)CC(O)(CC(=O)O)C(=O)O,0.010386476
Cc1cn2c(N)c(Cl)cc(C(=O)NCC3CCN(CC(C)C)CC3)c2n1,0.779897
Cc1nccn1-c1ccc(Sc2cccc(C3(C(N)=O)CCOCC3)c2)cc1,0.08567483
C=CC(=O)Nc1cccc(-c2cccc3cnc(Nc4ccc(N5CCN(CCO)CC5)c(F)c4F)nc23)c1,0.07866362
Cc1[nH]c2ccccc2c1CCNC(=O)c1cccs1,0.028565401
Oc1cc2c(cc1O)[C@H](Cc1cccc3ccccc13)NCC2,0.001139617
NCCNS(=O)(=O)c1ccc(Cl)c2ccncc12,0.9973621
Cc1nnc2ccc(-c3cccc(C(F)(F)F)c3)nn12,0.118601955
N#CCC(=O)c1ccccc1,0.0007707587
Nc1nc(Cl)nc2c1ncn2[C@H]1C[C@H](O)[C@@H](CO)O1,0.0059781107
CNC(=S)NS(=O)(=O)c1cc(CCNC(=O)c2cc(Cl)ccc2OC)ccc1OC,0.19539392
CN(C)c1cccc(F)c1C(=O)NC(=O)Nc1ccc(Cl)cc1,0.07298513
CC[C@H]1OC(=O)[C@H](C)[C@@H](O[C@H]2C[C@@](C)(OC)[C@@H](O)[C@H](C)O2)[C@H](C)[C@@H](O[C@@H]2O[C@H](C)C[C@H](N(C)C)[C@H]2O)[C@](C)(OC)C[C@@H](C)C(=O)[C@H](C)[C@@H](O)[C@]1(C)O,0.99705756
O=C(O)[C@H]1/C(=C/CO)O[C@@H]2CC(=O)N21,0.90594465
COc1cc(N)c(Cl)cc1C(=O)NC1CCN(Cc2ccccc2)CC1,0.4558493
CN1CCC[C@@H]1CCO[C@](C)(c1ccccc1)c1ccc(Cl)cc1,0.5847713
Clc1ccc(Cn2c(CN3CCCC3)nc3ccccc32)cc1,0.026313132
CC(C)(C)NC[C@@H](O)c1cc(Cl)c(N)c(Cl)c1,0.014314265
CCCC(=O)OCOC(=O)C1=C(C)NC(C)=C(C(=O)OC)[C@@H]1c1cccc(Cl)c1Cl,0.99657166
Cc1cn([C@H]2O[C@@H](CO)[C@H](O)[C@H]2F)c(=O)[nH]c1=O,0.0008523392
CC(C)(C)C(=O)[C@@H](Oc1ccc(Cl)cc1)n1ccnc1,0.026238028
N[C@H]1CCN(c2c(F)cc3c(=O)c(C(=O)O)cn(C4CC4)c3c2Cl)C1,0.9910851
CCC[C@@H]1C[C@@H](C(=O)N[C@@H]([C@H]2O[C@H](SC)[C@H](O)[C@@H](O)[C@H]2O)[C@H](C)Cl)N(C)C1,0.21046488
CCCCCCCCCCCCCCCC(=O)O[C@@H]1[C@@H](O)[C@@H](O)[C@@H]([C@H](NC(=O)[C@@H]2C[C@@H](CCC)CN2C)[C@H](C)Cl)O[C@@H]1SC,0.455891
CCC[C@@H]1C[C@@H](C(=O)N[C@@H]([C@H]2O[C@H](SC)[C@H](OP(=O)(O)O)[C@@H](O)[C@H]2O)[C@H](C)Cl)N(C)C1,0.99676263
CCC(C)(Oc1ccc(C2(c3ccc(O[C@](C)(CC)C(=O)O)cc3)CCCCC2)cc1)C(=O)O,0.6522231
Oc1c(I)cc(Cl)c2cccnc12,0.024520276
N=C(NCc1ccc(Cl)cc1)SCCCc1cnc[nH]1,0.03427834
CCC(=O)O[C@]1(C(=O)CCl)[C@@H](C)C[C@H]2[C@@H]3CCC4=CC(=O)C=C[C@]4(C)[C@@]3(F)[C@@H](O)C[C@@]21C,0.0020611638
CCCC(=O)O[C@]1(C(=O)CCl)[C@@H](C)C[C@H]2[C@@H]3CCC4=CC(=O)C=C[C@]4(C)[C@@]3(F)C(=O)C[C@@]21C,0.66923845
C[C@@H](CN(C)C)C(C)(O)Cc1ccc(Cl)cc1,0.02214457
C[C@@H]1C[C@H]2[C@@H]3C[C@H](F)C4=CC(=O)C=C[C@]4(C)[C@@]3(Cl)[C@@H](O)C[C@]2(C)[C@H]1C(=O)COC(=O)C(C)(C)C,0.16080624
O=P(O)(O)C(Cl)(Cl)P(=O)(O)O,1.6388189e-05
Nc1nc(Cl)nc2c1ncn2[C@@H]1O[C@H](CO)[C@@H](O)[C@@H]1F,0.2339289
CC(C)/N=c1\cc2n(-c3ccc(Cl)cc3)c3ccccc3nc-2cc1Nc1ccc(Cl)cc1,0.99996555
CN(C)CC[C@@](O)(c1ccccc1)c1ccccc1Cl,0.01524555
CCOC(=O)C(C)(C)Oc1ccc(Cl)cc1,0.00025069513
CC(C)(Oc1ccc(Cl)cc1)C(=O)O,0.09871624
CCCCCCC[N+](CC)(CC)CCCCc1ccc(Cl)cc1,0.0019353844
CC(C)(C)CC(C)(C)c1ccc(O)c(Cc2ccc(Cl)cc2Cl)c1,0.14276001
CS(=O)(=O)CS(=O)(=O)OCCCl,0.0024585167
Cc1ncsc1CCCl,0.0007486762
CCN(CC)CCOc1ccc(/C(=C(\Cl)c2ccccc2)c2ccccc2)cc1,0.059115164
CN(C)CCCN1c2ccccc2CCc2ccc(Cl)cc21,0.018544728
Clc1cccc(Cl)c1NC1=NCCN1,0.002980419
Cc1c(Cl)cccc1Nc1ncccc1C(=O)O,0.20823961
C[C@@H]1CCC[C@H](C)N1NC(=O)c1ccc(Cl)c(S(N)(=O)=O)c1,0.9924722
Clc1ccc([C@@H](OCCN2CCCCC2)c2ccccc2)cc1,0.12744868
Clc1ccc(C(OCCN2CCCCC2)c2ccccc2)cc1,0.28750747
COC(=O)[C@H](c1ccccc1Cl)N1CCc2sccc2C1,0.037367783
Cc1[nH]c(C)c(Cl)c(=O)c1Cl,0.0077909827
O=C(O)CCC/C=C\C[C@@H]1[C@@H](/C=C/[C@@H](O)COc2cccc(Cl)c2)[C@H](O)C[C@@H]1O,0.0023830556
CC(C)(C)NC[C@@H](O)COc1cc(Cl)ccc1Cl,0.050048575
C#CCN(C)CCCOc1ccc(Cl)cc1Cl,4.9100807e-05
CN1CCN([C@H]2Cc3ccccc3Sc3ccc(Cl)cc32)CC1,0.007822496
CC(C)NC[C@@H](O)c1ccccc1Cl,0.0030085791
Nc1cc(C(Cl)=C(Cl)Cl)c(S(N)(=O)=O)cc1S(N)(=O)=O,0.033378083
Cc1cc([C@@H](C#N)c2ccc(Cl)cc2)c(Cl)cc1NC(=O)c1cc(I)cc(I)c1O,0.98609215
CN1CCN(C2=Nc3ccccc3Sc3ccc(Cl)cc32)CC1,0.077109404
Clc1ccccc1C(c1ccccc1)(c1ccccc1)n1ccnc1,0.02219402
Cc1onc(-c2ccccc2Cl)c1C(=O)N[C@@H]1C(=O)N2[C@@H]1SC(C)(C)[C@@H]2C(=O)O,0.032773428
Oc1ccc(Cl)c2cccnc12,0.6309653
CN1CCN(C2=Nc3cc(Cl)ccc3Nc3ccccc32)CC1,0.20606063
C[C@H](Cc1ccc2c(c1)OC(C(=O)O)(C(=O)O)O2)NC[C@H](O)c1cccc(Cl)c1,0.8451689
Cc1cccc(F)c1C(=O)Nc1cnc(-c2cc3c(cc2Cl)OC(F)(F)O3)cn1,0.9879921
O=C(CCCc1ccc(-c2ccccc2F)cc1)Nc1ccc(O)cc1,0.09424279
N#Cc1cc2[nH]c(=O)c(=O)[nH]c2cc1[N+](=O)[O-],0.009995318
C=CC(=O)Nc1cccc(Nc2nc(Nc3ccc(NC4CN(CCF)C4)cc3OC)ncc2C(F)(F)F)c1,0.44720238
C=CC(=O)Nc1cccc(Nc2nc(Nc3ccc(Oc4ccnc(C(=O)NC)c4)cc3)ncc2F)c1,0.57771933
Cc1ccc(CC2(O)CCN(CCOc3ccc(O)cc3)CC2)cc1,0.01006811
NC(=O)N/N=C/c1ccc(Oc2ccc(F)cc2)cc1,0.6661013
CC(C)c1nc(CN(C)C(=O)N[C@@H](CCN2CCOCC2)C(=O)N[C@H](CC[C@H](Cc2ccccc2)NC(=O)OCc2cncs2)Cc2ccccc2)cs1,0.61948735
O=C(c1ccc(F)c(F)c1Nc1ccc(I)cc1F)N1CC(O)([C@@H]2CCCCN2)C1,0.026907384
CC(C)(COP(=O)(O)OP(=O)(O)OC[C@H]1O[C@@H](n2cnc3c(N)ncnc32)[C@H](O)[C@@H]1OP(=O)(O)O)[C@@H](O)C(=O)NCCC(=O)NCCS,0.83450884
NC(=O)C1=CN([C@@H]2O[C@H](COP(=O)(O)OP(=O)(O)OC[C@H]3O[C@@H](n4cnc5c(N)ncnc54)[C@H](O)[C@@H]3O)[C@@H](O)[C@H]2O)C=CC1,0.99412256
COC1=C(OC)C(=O)C(C/C=C(\C)CC/C=C(\C)CC/C=C(\C)CC/C=C(\C)CC/C=C(\C)CC/C=C(\C)CC/C=C(\C)CC/C=C(\C)CC/C=C(\C)CCC=C(C)C)=C(C)C1=O,0.0010187484
O=C(Nc1nc(-c2ccc(O)c(O)c2)c(-c2ccccc2)s1)c1ccc(O)c(O)c1,0.10725153
COc1cc2c(c(OC)c1OC)-c1ccc(OC)c(=O)cc1[C@@H](NC(C)=O)CC2,0.0004650927
C=C[C@@]1(C)CC(=O)[C@]2(O)[C@@]3(C)[C@@H](O)CCC(C)(C)[C@@H]3[C@H](O)[C@H](OC(C)=O)[C@@]2(C)O1,0.0008183869
C=C[C@@]1(C)CC(=O)[C@]2(O)[C@@]3(C)[C@@H](O)CCC(C)(C)[C@@H]3[C@H](OC(=O)CCN(C)C)[C@H](OC(C)=O)[C@@]2(C)O1,0.00055489305
CCCCCCCCCCCCCCCC(=O)OC[C@H](CO[P@@](=O)(O)OCC[N+](C)(C)C)OC(=O)CCCCCCCCCCCCCCC,0.12979965
CC(C)CCCC(=O)N[C@@H](CCNCS(=O)(=O)O)C(=O)N[C@H](C(=O)N[C@@H](CCNCS(=O)(=O)O)C(=O)N[C@H]1CCNC(=O)[C@H]([C@@H](C)O)NC(=O)[C@H](CCNCS(=O)(=O)O)NC(=O)[C@H](CCNCS(=O)(=O)O)NC(=O)[C@H](CC(C)C)NC(=O)[C@H](CC(C)C)NC(=O)[C@H](CCNCS(=O)(=O)O)NC1=O)[C@@H](C)O,0.9999999
CC[C@@H](C)CCCC(=O)N[C@@H](CCN)C(=O)N[C@H](C(=O)N[C@@H](CCN)C(=O)N[C@H]1CCNC(=O)[C@H]([C@@H](C)O)NC(=O)[C@H](CCN)NC(=O)[C@H](CCN)NC(=O)[C@H](CC(C)C)NC(=O)[C@@H](CC(C)C)NC(=O)[C@H](CCN)NC1=O)[C@@H](C)O,0.99884295
COc1ccc(/C=C\c2cc(OC)c(OC)c(OC)c2)cc1O,0.00016703155
O=C(O)c1cc(Oc2ccc([N+](=O)[O-])cc2)cc(Oc2ccc([N+](=O)[O-])cc2)c1,0.0032387467
O=c1cc(N2CCOCC2)nc2c3ccccc3ccn12,0.31786102
COc1cccc(CN2C[Si](C)(C)O[Si](C)(C)C2)c1,0.028914334
Cc1nc2c([nH]1)CCN(C(=O)c1ccc(NC(=O)c3ccccc3-c3ccccc3)cc1)c1ccccc1-2,0.3415758
C[C@@H]1O[C@@H](O[C@H]2CC[C@]3(C=O)[C@H]4CC[C@]5(C)[C@@H](C6=CC(=O)OC6)CC[C@]5(O)[C@@H]4CC[C@]3(O)C2)[C@H](O)[C@H](O)[C@H]1O,0.0010507005
COc1c(OCCCN2CCOCC2)ccc2c1N=C(NC(=O)c1cnc(N)nc1)N1CCN=C21,0.6272523
N[C@H](Cc1cnc[nH]1)C(=O)O,0.03328665
CCCCCn1cc(C(=O)NC23CC4CC(CC(C4)C2)C3)c(=O)c2cc(-c3ccccc3)ccc21,0.6483972
Nc1ncnc2c1ncn2[C@@H]1O[C@H](CO)C[C@H]1O,0.3201788
C[C@H]1[C@H](C)CC[C@]2(C(=O)O)CC[C@]3(C)C(=CC[C@@H]4[C@@]5(C)C[C@@H](O)[C@H](O)C(C)(C)[C@@H]5CC[C@]43C)[C@H]12,7.63165e-05
CCOC[C@]12Cc3cnn(-c4ccc(F)cc4)c3C=C1CCN(S(=O)(=O)c1ccc(C(F)(F)F)cc1)C2,0.9265316
C[C@]12C[C@H](O)[C@H]3[C@@H](CCC4=CC(=O)CC[C@@]43C)[C@@H]1CC[C@@H]2C(=O)CO,6.375134e-05
C[C@]12CCC(=O)C=C1CC[C@@H]1[C@@H]2C(=O)C[C@@]2(C)[C@H]1CC[C@]2(O)C(=O)CO,0.045833346
CC(=O)OCC(=O)[C@@]1(O)CC[C@H]2[C@@H]3CCC4=CC(=O)CC[C@]4(C)[C@H]3C(=O)C[C@@]21C,0.1854674
C[C@]12CCC(=O)C=C1CC[C@@H]1[C@@H]2CC[C@@]2(C)[C@H]1CC[C@]2(O)C(=O)CO,0.0029854875
C=C1C(=O)O[C@@H]2/C=C(\C)CC/C=C(\C)CC[C@@H]12,0.015856475
N#Cc1cnc2c(Cl)cc(NCc3cn(CCN4CCCCCC4)nn3)cc2c1Nc1ccc(F)c(Cl)c1,0.84884053
CCN1CCC(n2cc(CNc3cc(Cl)c4ncc(C#N)c(Nc5ccc(F)c(Cl)c5)c4c3)nn2)CC1,0.6003726
S=C(N/N=C1\CCCc2cccnc21)N1CCN(c2ccccn2)CC1,0.19552529
CN1C(=O)CC[C@H]1c1cccnc1,1.1464918e-05
O=c1ccc2ccccc2o1,0.00059983274
CCOP(=S)(OCC)Oc1ccc2c(C)c(Cl)c(=O)oc2c1,0.78000736
O=C(O)C1(c2ccc3c(c2)OC[C@H](Cc2ccc(-c4ccccc4)cc2)[C@H]3O)CCCC1,0.6258166
CON(C)C(=O)[C@H](O)[C@H](Cc1ccccc1)NC(=O)c1cc2cc(Cl)ccc2[nH]1,0.45332035
CCCCC/N=c1\ccn(Cc2ccccc2)c2ccccc12,0.27802515
CCC(CC)Nc1cc(C)nc(Oc2c(C)cc(C)cc2C)c1C,0.04207009
CC(C)(NS(=O)(=O)c1ccc(Oc2ccc(F)cc2)cc1)C(=O)NO,0.99301827
CC[C@@H]1C[C@H](N(Cc2cc(C(F)(F)F)cc(C(F)(F)F)c2)C(C)=O)c2cc(C(F)(F)F)ccc2N1C(=O)OC(C)C,0.062525876
NC(=O)c1c(OCc2c(F)cc(Br)cc2F)nsc1NC(=O)NCCCCN1CCCC1,0.7344149
O=C(c1c2ccccc2cc2ccccc12)N1CCC(N2CCC[C@@H](C(=O)N3CCOCC3)C2)CC1,0.02457734
COCCOc1ccc2c(c1)ncn2-c1ccc2cccc(N3CCC(N)CC3)c2n1,0.2227252
COCC(=O)NC/C=C/c1ccc2ncnc(Nc3ccc(Oc4ccc(C)nc4)c(C)c3)c2c1,0.8538597
CC(C)c1ccc(CC(=O)N2CCC[C@@H](c3cccc(OC(C)(C)C(=O)O)c3)C2)cc1,0.014160159
CN(C)C(=O)[C@H](O)[C@H](Cc1ccccc1)NC(=O)c1cc2cc(Cl)ccc2[nH]1,0.95742846
O=c1ccc2[nH]cc(C3=CCNCC3)c2[nH]1,0.005325384
CCCOc1ccc2[nH]cc(C3=CCNCC3)c2n1,0.2680187
CCNC1(C(N)=O)CCN(c2ncnc3c2nc(-c2ccccc2Cl)n3-c2ccc(Cl)cc2)CC1,0.076010264
COc1ccccc1CN[C@H]1CCCN[C@H]1c1ccccc1,3.0449188e-05
O=C(O)[C@H](Cc1ccccc1)CN(O)C(=O)Cc1ccccc1,0.019006342
CCOC(=O)[C@]12C[C@H]1/C(=N\O)c1ccccc1O2,0.0006381016
Cc1noc2c1-c1ccccc1C(c1ccc(Cl)cc1)=N[C@H]2CC(N)=O,0.06374645
CC(=O)Nc1ccc(C(=O)NC(C)(C)C)cc1,0.000829469
COc1cc(C)[nH]c(=O)c1CNC(=O)c1c(C)n([C@H](C)C2CCN(CC(F)(F)F)CC2)c2ccccc12,0.89829594
CCS(=O)(=O)N1CCC([C@@H](C)n2c(C)c(C(=O)NCc3c(OC)cc(C)[nH]c3=O)c3ccccc32)CC1,0.018639354
Cc1sc2c(c1C)C(c1ccc(Cl)cc1)=N[C@@H](CC(N)=O)c1nnc(C)n1-2,0.18375218
COc1cc(C)[nH]c(=O)c1CNC(=O)c1c(C)n([C@H](C)C2CCOCC2)c2ccccc12,0.5330548
Cc1ccc(-c2nc(N)nc3c2nnn3Cc2cccc(CO[C@H]3CCOC3)n2)o1,0.3289066
O=C(O)CCCC[C@@H](CCSCc1ccccc1)SCc1ccccc1,0.0013954126
O=C(O)[C@H]1CN(CCCP(=O)(O)O)CCN1,1.99177e-06
O=C(C[C@H]1CC(c2ccc(F)cc2F)=NO1)N1CCOCC1,0.13936064
Nc1ccc(S(=O)(=O)Nc2cnc3c(Cl)cccc3n2)cc1,0.009546896
CN(CC(=O)O)C(=N)N,0.009339058
CN1CC(=O)NC1=N,0.0008103557
CN(CCOP(=O)(O)O)C(=N)N,0.16616769
C[C@H](NC(=O)CCC(F)(F)F)C(=O)N[C@@H]1C(=O)N(CCO)c2ncccc2-c2ccccc21,0.33942676
CC1(COc2ccc3c(c2)ncn3-c2ccc3cccc(N4CCC(N)CC4)c3n2)COC1,0.1419029
Cc1ccc(O)cc1,3.9080085e-05
CC(=O)Oc1c(C)cccc1C(=O)O,0.0021180222
O=C(O)Cn1c2ccccc2c(=O)c2ccccc21,0.0050440207
N#Cc1ccc(Oc2ccc3c(c2)COB3O)cc1,0.064148225
O=C(O)c1cc(NCCc2ccc(C(F)(F)F)cc2)ccc1O,0.53451294
C[C@@H](Oc1cc(-c2cnn(C3CCNCC3)c2)cnc1N)c1c(Cl)ccc(F)c1Cl,0.89523387
C[C@H](Oc1cc(-c2cnn(C3CCNCC3)c2)cnc1N)c1c(Cl)ccc(F)c1Cl,0.73646724
C=C(c1ccccc1OCc1cccc(Cl)c1)n1ccnc1,0.7647544
COc1cc([C@H]2C(C#N)=C(N)Oc3c2ccc(N)c3N)cc(Br)c1OC,0.0035274955
CC1(C)Oc2ccc(C#N)cc2[C@@H](N2CCCC2=O)[C@@H]1O,0.00039723792
O=C(O)c1cc(=O)c2c(OCC(O)COc3cccc4oc(C(=O)O)cc(=O)c34)cccc2o1,0.31622398
C/C=C/C(=O)N(CC)c1ccccc1C,0.00079191104
O=C(O)c1cc2cccc([N+](=O)[O-])c2[nH]1,0.012194874
C[C@H]1COC2=C1C(=O)C(=O)c1c2ccc2c1CCCC2(C)C,0.82198876
CN(C)c1ccc(C(=C2C=CC(=[N+](C)C)C=C2)c2ccc(N(C)C)cc2)cc1,0.74008083
CC[C@H](CO)Nc1nc(NCc2ccc(-c3ccccn3)cc2)c2ncn(C(C)C)c2n1,0.026998067
c1ccc2sc(C3(N4CCCCC4)CCCCC3)cc2c1,0.41231203
CC(C)Cc1sc(N)nc1-c1ccc(P(=O)(O)O)o1,0.06888759
O=C(O)[C@H](Cc1ccc(Nc2nccc3ccncc23)cc1)NC1=C(Br)C(=O)C12CCCCC2,0.20086274
Cc1nc(C#Cc2ccnc(Cl)c2)c(C)n1-c1ccc(OC(F)(F)F)cc1,0.078782715
O=C(NO)C1(CS(=O)(=O)c2ccc(Oc3ccc(Cl)cc3)cc2)CCOCC1,0.17204225
CC(C)C[C@H](NC(=O)[C@H](CC(N)=O)NC(=O)[C@@H](NC(=O)[C@@H](N)CCC(=O)O)C(C)C)[C@@H](O)C[C@@H](C)C(=O)N[C@@H](C)C(=O)N[C@@H](CCC(=O)O)C(=O)N[C@@H](Cc1ccccc1)C(=O)O,0.41438952
CC(C)c1cnn2c(NCc3ccccc3)cc(NC[C@H]3CCNC[C@@H]3O)nc12,0.0021829915
O=C(N[C@H](Cc1ccccc1)C(=O)O)c1sc2cc(F)ccc2c1Cl,0.9405871
CNc1ccc([N+](=O)[O-])cc1-n1cnc(-c2ccc(C(F)(F)F)cc2)c1,0.8168347
C#Cc1cccc(Nc2ncnc3cc(OC)c(OCCCCCCC(=O)NO)cc23)c1,0.6444963
CN[C@@H](C)C(=O)N[C@H](C(=O)N1CCC[C@H]1C(=O)Nc1sc(-c2ncco2)nc1-c1ccccc1)C1CCCCC1,0.16504517
COc1ccc(-c2nc(N3CCOCC3)c3sc(CN(C)c4ncc(C(=O)NO)cn4)cc3n2)cn1,0.90226716
COc1cccc(CN(C(=O)CC(C)(C)C)[C@H]2C[C@@H](C(=O)N3CCNCC3)N(Cc3ccc4c(c3)OCO4)C2)c1,0.008509753
COc1cc(/C=C/C(=O)C=C(O)/C=C/c2ccc(O)c(OC)c2)ccc1O,0.00011992484
C=C1C[C@@]2(O)O[C@@]3(C[C@H]2C(C)C)[C@@H](C)CC[C@@H]13,9.138753e-05
COc1ccc(CCN2CCN(CCCc3ccccc3)CC2)cc1OC,0.1588139
Nc1nc(Nc2ccccc2)nc2c1ncn2[C@@H]1O[C@H](CO)[C@@H](O)[C@H]1O,0.24369013
CS(=O)(=O)Nc1ccc(-c2coc3cc(OCc4cccc(C(=O)O)c4)ccc3c2=O)cc1,0.61774313
COc1ccn2ncc(-c3nc4n[nH]c(NC(=O)c5ccc(F)cc5)c4cc3F)c2c1,0.93946785
O=C(O)c1ccc2c(c1)nc(Nc1cccc(Cl)c1)c1ccncc12,0.114256896
O=C(c1ccc2c(c1)OCO2)N1CCCCC1,0.0045127673
Cc1cnc(CNC(=O)c2c(=O)c3ccc(N4CCCN(C)CC4)nc3n3c2sc2ccccc23)cn1,0.95887655
Cc1nn(C)cc1CN1CCC(c2ccc(C(=O)Nc3ccccc3N)cc2)CC1,0.4740819
N#CCC(=O)NN,7.506251e-05
C[C@@H](CN(C)C)CN1c2ccccc2Sc2ccc(C#N)cc21,0.038166273
C/C1=C2/N=C(/C=C3\N=C(/C(C)=C4/[C@@H](CCC(N)=O)[C@](C)(CC(N)=O)[C@](C)([C@@H]5N=C1[C@](C)(CCC(=O)NC[C@@H](C)O[P@](=O)(O)O[C@H]1[C@@H](O)[C@@H](n6cnc7cc(C)c(C)cc76)O[C@@H]1CO)[C@H]5CC(N)=O)[N]4[Co+][C]#N)[C@@](C)(CC(N)=O)[C@@H]3CCC(N)=O)C(C)(C)[C@@H]2CCC(N)=O,0.9607293
CC(C)(C)NC[C@@H](O)COc1cccc2[nH]c(C#N)cc12,0.008136829
O=S(=O)(O)NC1CCCCC1,0.05400338
C[C@H]1C[C@H](OC(=O)[C@@H](O)c2ccccc2)CC(C)(C)C1,0.03046788
Nc1ncnc2c1ncn2[C@H]1O[C@H]2CO[P@@](=O)(O)O[C@@H]2[C@@H]1O,0.014507818
CN1CCN(C(c2ccccc2)c2ccccc2)CC1,0.16092598
CN(C)CCC=C1c2ccccc2C=Cc2ccccc21,0.039605353
NC1=NCCN1CC(=O)O,0.001256332
N=c1ccn2c(n1)O[C@H]1[C@H](O)[C@@H](CO)O[C@H]12,0.0009233275
C[C@@H]1C[C@@H]([C@H](O)CC2CC(=O)NC(=O)C2)C(=O)[C@@H](C)C1,0.15491432
CC1=C2C[C@H]3[C@@H](CC=C4C[C@@H](O)CC[C@@]43C)[C@@H]2CC[C@]12O[C@@H]1C[C@H](C)CN[C@H]1[C@H]2C,0.95402116
NS(=O)(=O)c1cc2c(cc1Cl)N[C@@H](CC1CCCC1)NS2(=O)=O,0.99380857
CN(C)CCOC(=O)[C@@H](c1ccccc1)C1(O)CCCC1,0.03041079
O=[P@]1(N(CCCl)CCCl)NCCCO1,0.00015387048
CC(=O)C1=C(O)[C@@H]2[C@H]3c4c[nH]c5cccc(c45)C[C@H]3C(C)(C)N2C1=O,0.008712812
N[C@@H]1CONC1=O,7.727429e-05
C/C=C/C[C@H](C)[C@H](O)[C@@H]1C(=O)N[C@H](CC)C(=O)N(C)CC(=O)N(C)[C@H](CC(C)C)C(=O)N[C@@H](C(C)C)C(=O)N(C)[C@H](CC(C)C)C(=O)N[C@H](C)C(=O)N[C@H](C)C(=O)N(C)[C@H](CC(C)C)C(=O)N(C)[C@H](CC(C)C)C(=O)N(C)[C@H](C(C)C)C(=O)N1C,0.99999523
NS(=O)(=O)c1cc2c(cc1Cl)N[C@H]([C@H]1C[C@@H]3C=C[C@H]1C3)NS2(=O)=O,0.9945746
COc1cc(/C=C2\CCC/C(=C\c3ccc(O)c(OC)c3)C2=O)ccc1O,2.7782226e-06
CN[C@@H](C)[C@H]1[C@H](O)C[C@@]2(C)[C@@H]3CC[C@H]4C(C)(C)[C@@H](NC)CC[C@@]45C[C@@]35CC[C@]12C,0.0030510386
O=C(O)[C@H]1CSC(c2nc3cc4c(cc3s2)NCC4)=N1,0.68386066
CC[C@H](Nc1nc(NCc2cnc(C)cc2C)c2ncn(C(C)C)c2n1)[C@@H](C)O,0.60854167
Cc1nc(N)sc1-c1ccnc(Nc2ccc(N3CCOCC3)cc2)n1,0.110892266
FCc1ccc(OCCOc2ccc(Cl)cc2Cl)c(Cl)n1,0.19105397
Cc1cc(CN)cc(C)c1NC(=O)c1ccc(-c2cc(Cl)ccc2Cl)o1,0.07719918
COc1ccc(Oc2c(Cl)cnn(C3c4ccccc4-c4ccccc43)c2=O)cc1,0.037277076
CCOc1ccc(-c2nc(-c3cccc4c3CC[C@H]4NCCO)no2)cc1OCC,0.912991
Cc1cc(C(=O)Cn2cc(C#N)ccc2=O)c(C)n1Cc1ccccc1,0.05134445
O=C(c1cc(C2CC2)on1)N(C1CCCCC1)C1CCCCC1,0.99477994
CC1(C)[C@@H](C=C(Cl)Cl)[C@@H]1C(=O)O[C@@H](C#N)c1cccc(Oc2ccccc2)c1,0.20492677
CN1CCC(=C2c3ccccc3C=Cc3ccccc32)CC1,0.17575973
CC(=O)O[C@]1(C(C)=O)CC[C@H]2[C@@H]3C=C(Cl)C4=CC(=O)[C@@H]5C[C@@H]5[C@]4(C)[C@H]3CC[C@@]21C,0.08618822
Nc1nc(N)nc(NC2CC2)n1,0.022184344
NCCS,2.7686108e-06
CCC[C@H](Nc1nc(-c2ccc(NC(=O)NCC)c(OC)c2)ncc1C)c1cccnc1,0.9527346
Nc1ccn([C@@H]2O[C@H](CO)[C@@H](O)[C@@H]2O)c(=O)n1,0.33214384
Nc1ccn([C@@H]2O[C@H](CO)[C@@H](O)[C@H]2O)c(=O)n1,0.46778554
O=c1cccc2n1C[C@@H]1CNC[C@H]2C1,0.990868
C=C1[C@@H](C)[C@H]2[C@H](Cc3ccccc3)NC(=O)[C@]23OC(=O)/C=C/[C@H](O)CCC[C@@H](C)C/C=C/[C@H]3[C@@H]1O,0.0039589894
Nc1nc(=O)n([C@H]2C[C@@H](O)[C@@H](CO)O2)cc1Cl,0.36844978
N#CCNC(=O)c1ccc(-c2ccnc(Nc3ccc(N4CCOCC4)cc3)n2)cc1,0.09550408
CN1Cc2ccccc2[C@@H]2c3cccc4[nH]cc(c34)C[C@H]21,0.64879954
COc1cc(N2CCOCC2)ccc1Nc1ncc(Cl)c(Nc2ccccc2NS(C)(=O)=O)n1,0.4796374
CC(C)(C)NS(=O)(=O)c1cncc(-c2cc(F)c3nc(N)nn3c2)c1,0.9421296
Cc1ccc(C(=O)O[C@H](C(=O)O)[C@@H](OC(=O)c2ccc(C)cc2)C(=O)O)cc1,0.7180482
[Y+3],0.00018294412
COc1ccc(S(=O)(=O)Nc2cc(-c3c(O)ccc4ccccc34)c(O)c3ccccc23)cc1,0.22125348
CC(=O)N[C@H]1[C@@H](OC(C)C)O[C@H](COC(C)=O)[C@@H](OC(C)=O)[C@@H]1OC(C)=O,0.6382985
CC1=NN(c2ccc(C(=O)O)cc2)C(=O)C1=Cc1ccc(-c2cc(C)c(C)cc2[N+](=O)[O-])o1,0.056079417
C[C@@]1(O)CCOC(=O)C1,8.6898384e-05
OC[C@H]1O[C@H](O[C@H]2[C@H](O)[C@@H](O)[C@H](O)O[C@@H]2CO)[C@H](O)[C@@H](O)[C@@H]1O,0.0023111072
Cc1c(C)c2c(c(C)c1OC(=O)CCC(=O)O)CC[C@@](C)(CCC[C@H](C)CCC[C@H](C)CCCC(C)C)O2,0.006140534
Cc1cc(O)cc2c1O[C@](C)(CCC[C@H](C)CCC[C@H](C)CCCC(C)C)CC2,0.11252672
C=C(C)[C@H]1CC=C(C)CC1,0.0024224527
N[C@H](Cc1ccccc1)C(=O)O,0.006765257
N[C@H](CO)C(=O)O,0.000100952566
Nc1nc(N)c2c(OCC3CCN(Cc4c(Cl)cccc4Cl)CC3)cccc2n1,0.40100747
COc1ccc2c(c1)n(CCN)c(=O)n2C(=O)[C@@H]1C[C@H](C)CC[C@H]1C(C)C,0.80970275
NC(=O)c1ccc(-c2nc(-c3ccccn3)c(-c3ccc4c(c3)OCCO4)[nH]2)cc1,0.24528268
COc1ccc2[nH]c(C(=O)c3ccccc3)cc2c1,4.6503927e-05
CC(=O)N[C@@H](CSSC[C@H](NC(C)=O)C(=O)O)C(=O)O,0.75368303
COc1ccc(OC)c(CN(C(C)=O)c2cc(F)ccc2Oc2ccccc2)c1,0.03912015
Cn1c(CNc2ccc(C(=N)N)cc2)nc2cc(C(=O)N(CCC(=O)O)c3ccccn3)ccc21,0.8681387
CCCCCCOC(=O)/N=C(/N)c1ccc(NCc2nc3cc(C(=O)N(CCC(=O)OCC)c4ccccn4)ccc3n2C)cc1,0.71377516
CC(C)(C)c1nc(-c2cccc(NS(=O)(=O)c3c(F)cccc3F)c2F)c(-c2ccnc(N)n2)s1,0.74175346
CN(C)/N=N/c1nc[nH]c1C(N)=O,0.69795895
O=C(/C=C/c1ccc(CN(CCO)CCc2c[nH]c3ccccc23)cc1)NO,0.047861673
COC(=O)N[C@H](C(=O)N1CCC[C@H]1c1nc(-c2ccc(-c3ccc(-c4c[nH]c([C@@H]5CCCN5C(=O)[C@@H](NC(=O)OC)C(C)C)n4)cc3)cc2)c[nH]1)C(C)C,0.995331
COc1cc2ncnc(Nc3ccc(F)c(Cl)c3)c2cc1NC(=O)/C=C/CN1CCCCC1,0.31106138
Cc1c2oc3c(C)ccc(C(=O)N[C@@H]4C(=O)N[C@H](C(C)C)C(=O)N5CCC[C@H]5C(=O)N(C)CC(=O)N(C)[C@@H](C(C)C)C(=O)O[C@@H]4C)c3nc-2c(C(=O)N[C@@H]2C(=O)N[C@H](C(C)C)C(=O)N3CCC[C@H]3C(=O)N(C)CC(=O)N(C)[C@@H](C(C)C)C(=O)O[C@@H]2C)c(N)c1=O,0.9990435
O=c1c(-c2ccc(O)cc2)coc2cc(O)ccc12,0.0006770987
O=c1c(-c2ccc(O)cc2)coc2cc(O[C@@H]3O[C@H](CO)[C@@H](O)[C@H](O)[C@H]3O)ccc12,0.4744518
CC(C)C[C@@H](NC(=O)[C@@H](Cc1ccccc1)NC(=O)CNC(=O)[C@H](C)NC(=O)[C@@H](N)Cc1ccc(O)cc1)C(=O)N[C@H](CCCNC(=N)N)C(=O)O,0.06853201
CN[C@H]1C(=O)N[C@@H]2Cc3ccc(cc3)Oc3cc4cc(c3O[C@@H]3O[C@H](C(=O)O)[C@@H](O)[C@H](O)[C@H]3NC(=O)CCCCCCCCC(C)C)Oc3ccc(cc3Cl)[C@@H](O)[C@@H]3NC(=O)[C@H](NC(=O)[C@@H]4NC(=O)[C@@H](NC2=O)c2cc(cc(O)c2Cl)Oc2cc1ccc2O)c1ccc(O)c(c1)-c1c(O[C@H]2O[C@H](CO)[C@@H](O)[C@H](O)[C@@H]2O)cc(O)cc1[C@@H](C(=O)NCCCN(C)C)NC3=O,0.80618143
CCC(CC)CC1(C(=O)Nc2ccccc2SC(=O)C(C)C)CCCCC1,0.019594857
Nc1ccncc1,0.010664287
CCN(CC)CCS(=O)(=O)[C@@H]1CCN2C(=O)c3coc(n3)CC(=O)C[C@H](O)/C=C(C)/C=C\CNC(=O)/C=C/[C@@H](C)[C@H](C(C)C)OC(=O)[C@@H]12,0.98790073
O=C(O)Cc1ccc(CCNS(=O)(=O)c2ccc(Cl)cc2)cc1,0.9711151
CN(C)NC(=O)CCC(=O)O,3.2654494e-05
C#C[C@]1(O)CC[C@H]2[C@@H]3CCC4=Cc5oncc5C[C@]4(C)[C@H]3CC[C@@]21C,0.07395206
NCC(=O)N1C[C@H](NC(=O)c2ccccc2)C[C@H]1C(=O)O,0.086579695
Cc1c(F)cccc1NC(=O)Nc1ccc(Cl)c(S(=O)(=O)[C@H]2CCCNC2)c1O,0.9625909
CN1C[C@@H]2C[C@H]1CN2c1cc2c(cc1F)c(=O)c(C(=O)O)cn2C1CC1,0.99298453
CC(C)(C)OC(=O)N[C@H]1CCCCC/C=C\[C@@H]2C[C@@]2(C(=O)NS(=O)(=O)C2CC2)NC(=O)[C@@H]2C[C@@H](OC(=O)N3Cc4cccc(F)c4C3)CN2C1=O,0.9363364
O=C1CN(/N=C/c2ccc(-c3ccc([N+](=O)[O-])cc3)o2)C(=O)N1,0.017061288
O=C1c2cccc(O)c2C(=O)c2c(O)cccc21,0.09534107
CO[C@@H](C(=O)N1Cc2n[nH]c(NC(=O)c3ccc(N4CCN(C)CC4)cc3)c2C1)c1ccccc1,0.94226074
CCOc1ccc(Cc2cc([C@@H]3O[C@H](CO)[C@@H](O)[C@H](O)[C@H]3O)ccc2Cl)cc1,0.34923762
CS(=O)(=O)CCC#N,0.018349124
O=c1ccc2ccc(O)c(O)c2o1,0.0011397082
Cc1ccccc1N1CCN(CCc2nnc3n2CCCC3)CC1,0.016625766
Cc1cc(C)c(Nc2ccnc(Nc3ccc(C#N)cc3)n2)c(C)c1,0.19843756
CN(C)[C@@H](CCOc1cccc2ccccc12)c1ccccc1,0.24102923
O=C(O)CNC(=O)c1c(O)n(C2CCCCC2)c(=O)n(C2CCCCC2)c1=O,0.27617356
Nc1ccc(S(=O)(=O)c2ccc(N)cc2)cc1,0.013977314
C[C@H](NC(=O)Cc1cc(F)cc(F)c1)C(=O)N[C@H](C(=O)OC(C)(C)C)c1ccccc1,0.0579208
CCCCCCCCCC(=O)N[C@@H](Cc1c[nH]c2ccccc12)C(=O)N[C@H](CC(N)=O)C(=O)N[C@@H](CC(=O)O)C(=O)N[C@@H]1C(=O)NCC(=O)N[C@@H](CCCN)C(=O)N[C@@H](CC(=O)O)C(=O)N[C@H](C)C(=O)N[C@@H](CC(=O)O)C(=O)NCC(=O)N[C@H](CO)C(=O)N[C@@H]([C@H](C)CC(=O)O)C(=O)N[C@@H](CC(=O)c2ccccc2N)C(=O)O[C@@H]1C,0.06290479
CCN(CC)CCN(Cc1ccc(-c2ccc(C(F)(F)F)cc2)cc1)C(=O)Cn1c(SCc2ccc(F)cc2)nc(=O)c2c1CCC2,0.09972423
Cc1oc(-c2ccccc2)nc1CCC(=O)c1ccc(CC2SC(=O)NC2=O)cc1,0.22673778
NC(=O)C(c1ccccc1)(c1ccccc1)[C@@H]1CCN(CCc2ccc3c(c2)CCO3)C1,0.5020306
C[C@@H](Cn1ccc(-c2ccc(C#N)c(Cl)c2)n1)NC(=O)c1cc([C@@H](C)O)n[nH]1,0.92609775
CC(C)CN(C[C@@H](O)[C@H](Cc1ccccc1)NC(=O)O[C@H]1CO[C@H]2OCC[C@H]21)S(=O)(=O)c1ccc(N)cc1,0.9957633
COc1cc(OC)nc(O[C@H](C(=O)O)C(OC)(c2ccccc2)c2ccccc2)n1,0.069814354
COc1c(-c2ccc3cc(NS(C)(=O)=O)ccc3c2)cc(-n2ccc(=O)[nH]c2=O)cc1C(C)(C)C,0.8399879
Cc1nc(Nc2ncc(C(=O)Nc3c(C)cccc3Cl)s2)cc(N2CCN(CCO)CC2)n1,0.5035141
N[C@@H]1CC[C@@H](c2ccc(Cl)c(Cl)c2)c2ccccc21,0.00061313406
CN1[C@@H]2CC[C@H]1C[C@@H](OC(=O)N1Cc3ccccc3NC1=O)C2,0.049067494
CC[C@H](CC[C@@H](C)[C@H]1CC[C@H]2[C@@H]3CC=C4C[C@@H](O[C@@H]5O[C@H](CO)[C@@H](O)[C@H](O)[C@H]5O)CC[C@]4(C)[C@H]3CC[C@]12C)C(C)C,0.041562982
COc1cccc2c1C(=O)c1c(O)c3c(c(O)c1C2=O)C[C@@](O)(C(C)=O)C[C@@H]3O[C@H]1C[C@H](N)[C@H](O)[C@H](C)O1,0.0007716042
Cc1c(Cn2ccnc2)c2ccccc2n1CCC(=O)O,0.60104835
O=C(O)c1ccc(OCCn2ccnc2)cc1,0.27037793
c1ccc(CNc2nc(NCc3ccccc3)c3ccccc3n2)cc1,0.0073115453
O=C(NN1CCCCC1)c1nn(-c2ccc(Cl)cc2Cl)c(-c2ccc(C#Cc3ccc(C(F)(F)F)cc3)s2)c1CNS(=O)(=O)N1CCCC1,0.019489862
CC(C)(CC(=O)N1CCCC1)NCC(=O)N1C[C@@H](F)C[C@H]1C#N,0.26123586
CCCCc1ccc(NS(=O)(=O)c2ccc(F)cc2)cc1,0.2834288
Cn1cc(-c2cc(Oc3cc(F)c(NC(=O)C4(C(=O)Nc5ccccc5)CC4)cc3F)ccn2)cn1,0.103625126
CCn1c(=O)[nH]c2cc(Cl)c(Cl)cc21,0.002999398
CCCCC[C@H]1C[C@H]1C[C@H]1C[C@H]1CCCCCCCC(=O)O,0.029833665
CCCC[C@@]1(C2CCCC2)Cc2cc(OCCCC(=O)O)c(Cl)c(Cl)c2C1=O,0.15072815
CCN1CCN(Cc2ccc(C(=O)Nc3ccc(C)c(Oc4ccc5c(c4)CC(=O)N5)c3)cc2C(F)(F)F)CC1,0.73782754
Nc1cc2[nH]cnc2c(O)n1,0.036122855
CN(C)c1cc2c(cc1Sc1nc3c(N)nccc3n1CCNCC(C)(C)C)OCO2,0.485483
N=C(N)N1CCc2ccccc2C1,0.024055025
C[N+](C)(C)CCCCCCCCCC[N+](C)(C)C,0.08969308
CC(C)[C@H]1CC[C@@H](C)C[C@@H]1OC(=O)C[N+](C)(C)CCCCCCCCCC[N+](C)(C)CC(=O)O[C@H]1C[C@@H](C)CC[C@@H]1C(C)C,0.02605748
CC[C@@](C)(Nc1ccnc(-c2c[nH]c3ncccc23)n1)C(=O)NCC(F)(F)F,0.44696978
Nc1ncn([C@H]2C[C@H](O)[C@@H](CO)O2)c(=O)n1,0.0029463964
CCN(CC)CCNC(=O)c1ccc(N)c(Cl)c1,0.06644803
OCCOCCN1CCN(C(c2ccccc2)c2ccccc2)CC1,0.37943795
CCCCCCCCCCOc1cc2c(=O)c(C(=O)OCC)c[nH]c2cc1OCC,0.122788966
CNC(=O)c1ccc(Nc2ncc(C(F)(F)F)c(NCc3nccnc3N(C)S(C)(=O)=O)n2)cc1,0.20849459
O=C(O)c1ccc(-n2nc(-c3ccccc3O)nc2-c2ccccc2O)cc1,0.36014083
O=C(O)c1ccc(-n2nc3nc2-c2ccccc2[O][Fe][O]c2ccccc2-3)cc1,0.5807669
Cc1c(O)c(=O)ccn1C,0.0009491637
CC(=O)N(O)CCCCCNC(=O)CCC(=O)N(O)CCCCCNC(=O)CCC(=O)N(O)CCCCCN,7.655598e-07
CC(=O)OCC(=O)[C@@]12N=C(C)O[C@@H]1C[C@H]1[C@@H]3CCC4=CC(=O)C=C[C@]4(C)[C@H]3[C@@H](O)C[C@@]12C,0.0101933535
CO[C@H]1C[C@@H]2CC[C@@H](C)[C@@](O)(O2)C(=O)C(=O)N2CCCC[C@H]2C(=O)O[C@H]([C@H](C)C[C@@H]2CC[C@@H](OP(C)(C)=O)[C@H](OC)C2)CC(=O)[C@H](C)/C=C(\C)[C@@H](O)[C@@H](OC)C(=O)[C@H](C)C[C@H](C)/C=C/C=C/C=C/1C,0.96819377
CC(=O)N[C@H](Cc1ccc2ccccc2c1)C(=O)N[C@H](Cc1ccc(Cl)cc1)C(=O)N[C@H](Cc1cccnc1)C(=O)N[C@@H](CO)C(=O)N[C@@H](Cc1ccc(NC(=O)[C@@H]2CC(=O)NC(=O)N2)cc1)C(=O)N[C@H](Cc1ccc(NC(N)=O)cc1)C(=O)N[C@@H](CC(C)C)C(=O)N[C@@H](CCCCNC(C)C)C(=O)N1CCC[C@H]1C(=O)N[C@H](C)C(N)=O,0.673843
CC(=O)c1c(O)cc(C)oc1=O,0.0005673257
C[C@H](CCC(=O)O)[C@H]1CC[C@H]2[C@@H]3C(=O)C[C@H]4CC(=O)CC[C@]4(C)[C@@H]3CC(=O)[C@]12C,0.0023286608
C[C@H](CCC(=O)O)[C@H]1CC[C@H]2[C@@H]3C(=O)C[C@@H]4CC(=O)CC[C@]4(C)[C@H]3CC(=O)[C@]12C,0.0035636197
COc1cc2c(cc1OC)-c1c(C)c3ccc(OC)c(OC)c3c[n+]1CC2,0.081555
C[C@]12CC[C@H](O)CC1=CC[C@@H]1[C@@H]2CC[C@]2(C)C(=O)CC[C@@H]12,3.838228e-05
C[C@]12CC[C@H](OS(=O)(=O)O)CC1=CC[C@@H]1[C@@H]2CC[C@]2(C)C(=O)CC[C@@H]12,0.9965301
Nc1nc(-n2cc(C(=O)O)c(=O)c3cc(F)c(N4CC(O)C4)c(Cl)c32)c(F)cc1F,0.07220605
C[C@]1(COc2ccc(N3CCC(Oc4ccc(OC(F)(F)F)cc4)CC3)cc2)Cn2cc([N+](=O)[O-])nc2O1,0.9962585
CC(C)C[C@H](NC(=O)[C@@H](NC(=O)c1cccc(-c2ccccc2)n1)[C@@H](C)O)B(O)O,0.011440789
CCOC(=O)[C@H](CCc1ccccc1)N[C@@H](C)C(=O)N(CC(=O)O)C1Cc2ccccc2C1,0.2592602
CC(C)Nc1cccnc1N1CCN(C(=O)c2cc3cc(NS(C)(=O)=O)ccc3[nH]2)CC1,0.3419093
CC(C)C[C@H](NC(=O)[C@H](CO)NC(=O)CNC(=O)[C@H](CC(C)C)NC(=O)[C@H](CCC(=O)O)NC(=O)[C@H](Cc1ccc(O)cc1)NC(=O)[C@H](CO)NC(=O)[C@H](CC(N)=O)NC(=O)[C@H](Cc1ccccc1)NC(=O)[C@H](CO)NC(=O)[C@@H](N)CSSC[C@H](N)C(=O)N[C@@H](Cc1ccc(O)cc1)C(=O)NCC(=O)N[C@@H](CCCNC(=N)N)C(=O)N[C@@H](CCCCN)C(=O)N[C@@H](CCCCN)C(=O)N[C@@H](CCCNC(=N)N)C(=O)N[C@@H](CCCNC(=N)N)C(=O)N[C@@H](CCC(N)=O)C(=O)N[C@@H](CCCNC(=N)N)C(=O)N[C@@H](CCCNC(=N)N)C(=O)N[C@@H](CCCNC(=N)N)C(=O)O)C(=O)O,1.9346979e-05
C[C@H]1CN(C(=O)CC#N)[C@]12CCN(c1ncnc3[nH]ccc13)C2,0.1215642
CC[C@H](C)[C@H](NC(=O)[C@H](Cc1ccc(O)cc1)NC(=O)[C@@H](NC(=O)[C@@H](CCCNC(=N)N)NC(=O)[C@@H](N)CC(=O)O)C(C)C)C(=O)N[C@@H](Cc1cnc[nH]1)C(=O)N1CCC[C@@H]1C(=O)N[C@H](Cc1ccccc1)C(=O)O,0.581994
CN1CCN(c2ccc(N3C[C@H](CO)OC3=O)cc2F)C=N1,0.028107326
Oc1cc(O)c2cc(O)c(-c3cc(O)c(O)c(O)c3)[o+]c2c1,0.029785924
CC(C)=CCC/C(C)=C/CC/C(C)=C/CC[C@]1(C)CCc2cc(O)cc(C)c2O1,0.014323371
c1ccc(Cn2c(-c3ccc(OC[C@H](C4CCNCC4)n4c(-c5ccccc5)nc5ccccc54)cc3)nc3ccccc32)cc1,0.018578067
CN(CCCCCCCCCCN(C)C(=O)Oc1cccc([N+](C)(C)C)c1)C(=O)Oc1cccc([N+](C)(C)C)c1,0.13436843
CN(C)[C@@H]1C(=O)[C@@H](C(N)=O)C(=O)[C@@]2(O)C(=O)[C@H]3C(=O)c4c(O)ccc(Cl)c4[C@@H](O)[C@H]3C[C@@H]12,0.7366534
CC[N+](CC)(CC(=O)Nc1c(C)cccc1C)Cc1ccccc1,2.6614964e-06
COc1ccc(CCNC[C@H](O)c2ccc(O)cc2)cc1OC,0.00066993124
Cc1nsc(NC(=O)c2ccccc2)c1C(=O)Nc1ccc(Cl)cc1,0.1637206
Oc1ccc(O[C@H]2CCCCO2)cc1,7.474673e-05
C[C@H](CCC(=O)O)[C@H]1CC[C@H]2[C@@H]3CC[C@@H]4C[C@H](O)CC[C@]4(C)[C@H]3C[C@H](O)[C@]12C,0.00021016043
CC(=O)OCC(=O)[C@H]1CC[C@H]2[C@@H]3CCC4=CC(=O)CC[C@]4(C)[C@H]3CC[C@]12C,0.0009866008
CNCCc1ccc(O)c(O)c1,9.762999e-05
Cc1cc(N)c2ccccc2[n+]1CCCCCCCCCC[n+]1c(C)cc(N)c2ccccc21,0.8690052
COc1ccc(-c2cc(C(F)F)nn2-c2ccc(S(N)(=O)=O)cc2)cc1F,0.9860051
COCCNCCc1cccc(Nc2ncc3c(n2)-c2ccccc2[C@H](c2ccccc2F)C3)c1,0.050085537
COC(=O)[C@H]1[C@H]2C[C@@H]3c4[nH]c5ccccc5c4CCN3C[C@H]2C[C@@H](OC(=O)c2cc(OC)c(OC)c(OC)c2)[C@@H]1OC,0.99842274
O=C(O)CNC(=O)c1c(O)c2ccccc2n(OCC2CC2)c1=O,0.09214275
CNCCCN1c2ccccc2CCc2ccccc21,0.000334651
C[C@]12C=CC(=O)C=C1CC[C@@H]1[C@@H]2[C@@H](O)C[C@@]2(C)[C@H]1C[C@@H]1O[C@@H](C3CCCCC3)O[C@]12C(=O)CO,0.0014994815
C[C@H]1O[C@@H](O[C@H]2CC[C@@]3(C)[C@H](CC[C@@H]4[C@@H]3C[C@@H](O)[C@]3(C)[C@@H](C5=CC(=O)OC5)CC[C@]43O)C2)C[C@H](O)[C@@H]1O[C@H]1C[C@H](O)[C@H](O[C@H]2C[C@H](O)[C@H](O[C@@H]3O[C@H](CO)[C@@H](O)[C@H](O)[C@H]3O)[C@@H](C)O2)[C@@H](C)O1,0.0015796872
Clc1ccc2c(c1)CCc1cccnc1C2=C1CCNCC1,0.008467865
CCNC(=O)[C@@H]1CCCN1C(=O)[C@H](CCCN=C(N)N)NC(=O)[C@H](CC(C)C)NC(=O)[C@@H](Cc1c[nH]c2ccccc12)NC(=O)[C@H](Cc1ccc(O)cc1)NC(=O)[C@H](CO)NC(=O)[C@H](Cc1c[nH]c2ccccc12)NC(=O)[C@H](Cc1c[nH]cn1)NC(=O)[C@@H]1CCC(=O)N1,0.2886351
Clc1ccc2c(c1)N=C(N1CCNCC1)c1ccccc1N2,0.0070358566
N=C(N)NCCC[C@@H](NC(=O)[C@@H]1CCCN1C(=O)[C@H]1CSSCCC(=O)N[C@@H](Cc2ccc(O)cc2)C(=O)N[C@@H](Cc2ccccc2)C(=O)N[C@@H](CCC(N)=O)C(=O)N[C@@H](CC(N)=O)C(=O)N1)C(=O)NCC(N)=O,0.39923418
C#C[C@]1(O)CC[C@H]2[C@@H]3CCC4=CCCC[C@@H]4[C@H]3C(=C)C[C@@]21CC,0.16861537
CC1(C)O[C@@H]2C[C@H]3[C@@H]4CCC5=CC(=O)C=C[C@]5(C)[C@H]4[C@@H](O)C[C@]3(C)[C@]2(C(=O)CO)O1,0.02533545
C[C@@H]1C[C@H]2[C@@H]3CCC4=CC(=O)C=C[C@]4(C)[C@@]3(F)[C@@H](O)C[C@]2(C)[C@H]1C(=O)CO,0.5600521
CC(C)(C)C(=O)OCC(=O)[C@H]1CC[C@H]2[C@@H]3CCC4=CC(=O)CC[C@]4(C)[C@H]3CC[C@]12C,6.160447e-05
C[C@]12CC[C@H]3[C@@H](CCC4=CC(=O)CC[C@@]43C)[C@@H]1CC[C@@H]2C(=O)CO,0.00018574127
c1ccc2c(c1)CN1CCCC1=N2,0.042776532
CN(C)C[C@@H](c1ccc(O)cc1)C1(O)CCCCC1,0.5436325
Cc1cccc(Cc2cnc[nH]2)c1C,0.05414729
CN1C(=O)[C@@H](NC(=O)c2cc3ccccc3[nH]2)N=C(c2ccccc2)c2ccccc21,0.24130921
C[C@@H]1C[C@H]2[C@@H]3CCC4=CC(=O)C=C[C@]4(C)[C@@]3(F)[C@@H](O)C[C@]2(C)[C@@]1(O)C(=O)CO,0.001381614
CC(=O)OCC(=O)[C@@]1(O)[C@H](C)C[C@H]2[C@@H]3CCC4=CC(=O)C=C[C@]4(C)[C@@]3(F)[C@@H](O)C[C@@]21C,0.012926057
N[C@@H](COP(=O)(O)O)C(=O)O,0.00051710266
Cc1c(OCC(F)(F)F)ccnc1C[S@@](=O)c1nc2ccccc2[nH]1,0.53435266
CCCCCN(CCCOC)C(=O)[C@@H](CCC(=O)O)NC(=O)c1ccc(Cl)c(Cl)c1,0.91762465
Cc1cccc([C@H](C)c2cnc[nH]2)c1C,0.0016652952
COC(=O)C1=C(C)NC(C)=C(C(=O)OCCCN2CCC(c3ccccc3)(c3ccccc3)CC2)[C@@H]1c1cccc([N+](=O)[O-])c1,0.99799347
CC(C)(CO)[C@@H](O)C(=O)NCCCO,8.647837e-06
C[C@@H](CN1CC(=O)NC(=O)C1)N1CC(=O)NC(=O)C1,0.94069004
O=C[C@H](O)[C@@H](O)[C@H](O)[C@H](O)CO[C@H]1O[C@H](CO[C@H]2O[C@H](CO)[C@@H](O)[C@H](O)[C@H]2O)[C@@H](O)[C@H](O)[C@H]1O,0.015018281
COc1ccc2c(c1)[C@]13CCCC[C@@H]1[C@H](C2)N(C)CC3,0.23532857
Cc1ncc([N+](=O)[O-])n1C[C@@H](CN1CCOCC1)OP(=O)(O)O,0.9594146
O=C[C@H](O)[C@@H](O)[C@H](O)[C@H](O)CO,0.0005185748
Fc1cccc(/C=N/N=C/c2cccc(F)c2)c1,0.18435267
CN1CCN(c2ccc(/C=C(\C#N)c3ccccc3Br)cc2)CC1,0.011336477
O=C(O)CCCN1CCC[C@H]1COc1ccc(Oc2ccc(Cl)cc2)cc1,0.0014442956
CCCCC(=O)NCCc1c(Cc2ccccc2)[nH]c2ccccc12,0.0030863658
CCCCCCC[n+]1ccc(-c2cc[n+](CCCCCCC)cc2)cc1,0.97184515
CC(=O)Oc1cccc2c1C(=O)c1c(OC(C)=O)cc(C(=O)O)cc1C2=O,0.08014307
CC(=O)Nc1ccc(OC(C)=O)cc1,9.36602e-05
Nc1ncnc2c1ncn2[C@@H]1O[C@H](COP(=O)(O)OP(=O)(O)OP(=O)(O)OP(=O)(O)OC[C@H]2O[C@@H](n3cnc4c(N)ncnc43)[C@H](O)[C@@H]2O)[C@@H](O)[C@H]1O,0.9999219
O[C@H]([C@H](O)[C@@H]1CO1)[C@H]1CO1,6.253761e-05
N#C[C@H](Cc1ccc(O)cc1)c1ccc(O)cc1,0.06343904
CC(=O)Nc1c(I)c(NC(C)=O)c(I)c(C(=O)O)c1I,0.0021667173
COc1ccc(Cc2cnc(N)nc2N)cc1OC,0.24346347
CC1=Nc2ccc(Cl)cc2S(=O)(=O)N1,0.06207714
NC[C@@H]1CC[C@@H](N)[C@@H](O[C@H]2[C@H](O)[C@@H](O[C@H]3O[C@H](CO)[C@@H](O)[C@H](N)[C@H]3O)[C@H](N)C[C@@H]2N)O1,0.9982304
CN(C)CCN1C(=O)c2ccccc2N(C)c2ccccc21,0.0023512177
c1ccc2c(c1)sc1ccccc12,0.2501089
CCCCOC(=O)c1ccccc1C(=O)OCCCC,0.0006371275
CC(=O)OCC(=O)[C@@]1(O)CC[C@H]2[C@@H]3CCC4=CC(=O)C=C[C@]4(C)[C@@]3(Cl)[C@@H](Cl)C[C@@]21C,0.10898113
O=C(O)C(Cl)Cl,0.00069795497
Oc1ccc(Cl)cc1Cc1cc(Cl)ccc1O,0.13541567
COP(=O)(OC)OC=C(Cl)Cl,0.88036925
N#C[C@H](c1ccc(Cl)cc1)c1c(Cl)cc(-n2ncc(=O)[nH]c2=O)cc1Cl,0.8226487
O=C(O)Cc1ccccc1Nc1c(Cl)cccc1Cl,0.0005554524
NS(=O)(=O)c1cc(Cl)c(Cl)c(S(N)(=O)=O)c1,0.64930034
COc1ccc2c(c1)CN(C)C[C@H]2c1ccc(Cl)c(Cl)c1,0.030078905
O=C(N[C@@H](O)C(Cl)(Cl)Cl)N[C@H](O)C(Cl)(Cl)Cl,0.99939895
Cc1onc(-c2c(Cl)cccc2Cl)c1C(=O)N[C@@H]1C(=O)N2[C@@H]1SC(C)(C)[C@@H]2C(=O)O,0.039377026
O=c1oc2ccccc2c(O)c1Cc1c(O)c2ccccc2oc1=O,0.037911005
C1CCC(NC2CCCCC2)CC1,0.00029899314
CCN(CC)CCOC(=O)C1(C2CCCCC2)CCCCC1,0.09945709
O=c1nc[nH]c2c1ncn2[C@H]1CC[C@@H](CO)O1,0.00067488285
Nc1ncnc2c1ncn2[C@H]1CC[C@@H](CO)O1,0.030119935
O=C(NO)c1ccc(O)c(O)c1,0.005443466
C/C=C(C(=C/C)/c1ccc(O)cc1)\c1ccc(O)cc1,4.955644e-05
C[C@]12CCC3=C4CCC(=O)C=C4CC[C@H]3[C@@H]1CC[C@@]2(O)CC#N,0.48835236
CCN(CC)C(=O)N1CCN(C)CC1,0.000906897
CC/C(=C(/CC)c1ccc(O)cc1)c1ccc(O)cc1,0.00019014518
CCN(CC)C(=O)c1cccc(C)c1,2.0715357e-05
O=C(Cc1ccc(-c2ccccc2)cc1)Nc1ccccn1,0.09350996
CC(=O)OCC(=O)[C@@]1(OC(C)=O)[C@@H](C)C[C@H]2[C@H]3C[C@H](F)C4=CC(=O)C=C[C@]4(C)[C@@]3(F)[C@@H](O)C[C@@]21C,0.5167002
CN1CCN(c2cc3c(cc2F)c(=O)c(C(=O)O)cn3-c2ccc(F)cc2)CC1,0.4959973
O=C(O)c1cc(-c2ccc(F)cc2F)ccc1O,0.75375074
CCCC(=O)O[C@]1(C(=O)COC(C)=O)CC[C@H]2[C@@H]3C[C@H](F)C4=CC(=O)C=C[C@]4(C)[C@@]3(F)[C@@H](O)C[C@@]21C,0.024979524
O=C1c2ccccc2CN2C(=O)c3ccccc3CN12,0.043733697
C[C@]12CC[C@H](O)C[C@H]1CC[C@@H]1[C@@H]2CC[C@]2(C)[C@@H](C3=CC(=O)OC3)CC[C@]12O,0.00068196486
C[C@H]1O[C@@H](O[C@H]2[C@@H](O)C[C@H](O[C@H]3[C@@H](O)C[C@H](O[C@H]4CC[C@@]5(C)[C@H](CC[C@@H]6[C@@H]5CC[C@]5(C)[C@@H](C7=CC(=O)OC7)CC[C@]65O)C4)O[C@@H]3C)O[C@@H]2C)C[C@H](O)[C@@H]1O,0.00091901276
C[C@]12CC[C@H](O)C[C@H]1CC[C@@H]1[C@@H]2C[C@@H](O)[C@]2(C)[C@@H](C3=CC(=O)OC3)CC[C@]12O,0.0001970747
C[C@H]1O[C@@H](O[C@H]2[C@@H](O)C[C@H](O[C@H]3[C@@H](O)C[C@H](O[C@H]4CC[C@@]5(C)[C@H](CC[C@@H]6[C@@H]5C[C@@H](O)[C@@]5(C)[C@@H](C7=CC(=O)OC7)CC[C@]65O)C4)O[C@@H]3C)O[C@@H]2C)C[C@H](O)[C@@H]1O,6.1818915e-05
CCCCC/C=C\C/C=C\C/C=C\CCCCCCC(=O)O,0.00026566812
Oc1cc2c(cc1O)[C@H]1c3ccccc3CN[C@@H]1CC2,0.003368152
C[C@H]1[C@@H](O)O[C@@H]2O[C@@]3(C)CC[C@H]4[C@H](C)CC[C@@H]1[C@@]24OO3,0.001373458
CC(C)[C@@]1(NC(=O)[C@@H]2C[C@@H]3c4cccc5[nH]cc(c45)C[C@H]3N(C)C2)O[C@@]2(O)[C@@H]3CCCN3C(=O)[C@H](Cc3ccccc3)N2C1=O,0.9723095
CN1C[C@H](C(=O)N[C@]2(C)O[C@@]3(O)[C@@H]4CCCN4C(=O)[C@H](Cc4ccccc4)N3C2=O)C[C@@H]2c3cccc4[nH]cc(c34)C[C@H]21,0.98040396
O=C1c2c(O)cc(O)cc2O[C@H](c2cc(O)c(O)c(O)c2)[C@H]1O,0.055097133
CN[C@@H]1[C@H](O[C@H]2[C@H](O[C@@H]3[C@@H](O)[C@H](O)[C@@H](NC(=N)N)[C@H](O)[C@H]3NC(=N)N)O[C@@H](C)[C@]2(O)CO)O[C@@H](CO)[C@H](O)[C@H]1O,0.6363167
CC(C)[C@@H](C)/C=C/[C@@H](C)[C@H]1CC[C@@H]2/C(=C/C=C3\C[C@@H](O)CC[C@@H]3C)CCC[C@]21C,0.0010202451
O=C(CO)CO,2.2124594e-05
N[C@@H](C(=O)O)c1cc(O)cc(O)c1,0.0015608855
O=C(O)CCc1cc(I)c(Oc2ccc(O)cc2)c(I)c1,4.892693e-05
COc1cc(C(=O)OCCCN2CCCN(CCCOC(=O)c3cc(OC)c(OC)c(OC)c3)CC2)cc(OC)c1OC,0.9784902
Cc1cc(F)ccc1-c1nc(NC(CO)CO)nc2c1ccc(=O)n2-c1c(F)cccc1F,0.52356887
CN(C(=O)C(Cl)Cl)c1ccc(OC(=O)c2ccco2)cc1,0.00045383352
COc1ccc([C@@H]2Sc3ccccc3N(CCN(C)C)C(=O)[C@@H]2OC(C)=O)cc1,0.0034983035
COC(=O)c1ccc(C(c2c[nH]c3ccccc23)c2c[nH]c3ccccc23)cc1,5.15711e-05
CN(C)CCCSC(=N)N,0.00071601674
Cc1ccc2c(c1)[C@]13CCCC[C@@H]1[C@H](C2)N(C)CC3,0.074506104
CN(C)CCOC(c1ccccc1)c1ccccc1,0.0055217473
OC[C@@H](S)CS,0.000702401
O=C(O)[C@@H](S)[C@@H](S)C(=O)O,0.34684163
O=S(=O)(O)CCSSCCS(=O)(=O)O,0.046018567
CC1(C)OC(=O)NC1=O,0.00021519241
C[Si](C)(C)O[Si](C)(C)C,0.30986682
C[C@@H](C1=C(CCN(C)C)Cc2ccccc21)c1ccccn1,0.019854445
CCCCc1cc2ccccc2c(OCCN(C)C)n1,0.13297047
COC(=O)/C=C/C(=O)OC,0.99986017
CO[C@H]1CO[C@@H]2[C@H]1OC[C@H]2OC,1.3140684e-06
Cc1ncc([N+](=O)[O-])n1C,0.012110314
N=C(N)c1ccc(/N=N/Nc2ccc(C(=N)N)cc2)cc1,0.69972235
CCOP(=S)(OCC)Oc1cc(C)nc(C(C)C)n1,0.90706867
CCc1cnn2c(NCc3ccc[n+]([O-])c3)cc(N3CCCC[C@H]3CCO)nc12,0.79145235
Cc1c(C(N)=O)cc([N+](=O)[O-])cc1[N+](=O)[O-],0.036355868
CCCCC[C@H](O)/C=C/[C@@H]1[C@@H](C/C=C\CCCC(=O)O)[C@@H](O)C[C@H]1O,8.5810185e-05
CCCCC[C@H](O)/C=C/[C@H]1[C@H](O)CC(=O)[C@@H]1C/C=C\CCCC(=O)O,0.00013968161
C[C@@H]1CC[C@@]2(OC1)O[C@H]1C[C@H]3[C@@H]4CC=C5C[C@@H](O[C@@H]6O[C@H](CO)[C@@H](O[C@@H]7O[C@@H](C)[C@H](O)[C@@H](O)[C@H]7O)[C@H](O)[C@H]6O[C@@H]6O[C@@H](C)[C@H](O)[C@@H](O)[C@H]6O)CC[C@]5(C)[C@H]4CC[C@]3(C)[C@H]1[C@@H]2C,5.7658028e-05
C[C@@H]1CC[C@@]2(OC1)O[C@H]1C[C@H]3[C@@H]4CC=C5C[C@@H](O)CC[C@]5(C)[C@H]4CC[C@]3(C)[C@H]1[C@@H]2C,4.861842e-05
COc1ccc(-c2cc(=O)c3c(O)cc(O)cc3o2)cc1O,0.003280595
COc1ccc(-c2cc(=O)c3c(O)cc(O[C@@H]4O[C@H](CO[C@@H]5O[C@@H](C)[C@H](O)[C@@H](O)[C@H]5O)[C@@H](O)[C@H](O)[C@H]4O)cc3o2)cc1O,0.024695171
COc1ccc(C(=O)c2ccccc2O)c(O)c1,0.06781654
C[C@H](N)C(=O)N[C@@H](CCC(N)=O)C(=O)O,0.09748594
O=C(Nc1ccccc1)OC[C@@H](CN1CCCCC1)OC(=O)Nc1ccccc1,0.8641706
C[N+]1(C)CCC(=C(c2ccccc2)c2ccccc2)CC1,0.31396243
O=c1c(-c2ccccc2)c1-c1ccccc1,0.0012726214
OC(CCCN1CCCCC1)(c1ccccc1)c1ccccc1,0.26566675
c1ccc2c(c1)[I]c1ccccc1-2,0.0002961903
N=C(Nc1ccccc1)Nc1ccccc1,0.014580737
CN1CCC(OC(c2ccccc2)c2ccccc2)CC1,0.0013266028
CNC[C@@H](O)c1ccc(OC(=O)C(C)(C)C)c(OC(=O)C(C)(C)C)c1,1.1064903e-05
Fc1ccc2nc(CCC#Cc3ccccn3)cn2c1,0.20334068
CC(C)N(CCc1c[nH]c2ccccc12)C(C)C,0.12937813
OCCN(CCO)c1nc(N2CCCCC2)c2nc(N(CCO)CCO)nc(N3CCCCC3)c2n1,5.705518e-07
CC(=O)Oc1cccc(C(=O)O)c1OC(C)=O,0.0022159119
O=c1ccn([C@@H]2O[C@H](COP(=O)(O)OP(=O)(O)OP(=O)(O)OP(=O)(O)OC[C@H]3O[C@@H](n4ccc(=O)[nH]c4=O)[C@H](O)[C@@H]3O)[C@@H](O)[C@H]2O)c(=O)[nH]1,0.99998915
CC[C@H]1OC(=O)[C@H](C)[C@@H](O[C@H]2C[C@@](C)(OC)[C@@H](O)[C@H](C)O2)[C@H](C)[C@@H](O[C@@H]2O[C@H](C)C[C@H](N(C)C)[C@H]2O)[C@](C)(O)C[C@@H](C)[C@@H]2N[C@@H](COCCOC)O[C@H]([C@H]2C)[C@]1(C)O,0.9982805
COC(=O)/C=C/C(=O)OCCN1C(=O)CCC1=O,0.99840957
O=C(O)CCCCCCCCC(=O)O,0.002527174
CC(C)N(CCC(C(N)=O)(c1ccccc1)c1ccccn1)C(C)C,0.27268383
CCN(CC)C(=S)SSC(=S)N(CC)CC,0.00023284726
Oc1cccc2cc3cccc(O)c3c(O)c12,0.7200535
CCN(CC)C(=S)S,0.015836397
Cc1ccccc1NC(=N)Nc1ccccc1C,0.016738353
CCOC(=S)SSC(=S)OCC,0.023441313
C[C@H](CN1CCN(CCOCCO)CC1)CN1c2ccccc2Sc2ccccc21,0.032692626
C[C@]12N[C@H](Cc3ccccc31)c1ccccc12,0.0009884381
C[C@@]12N[C@@H](Cc3ccccc31)c1ccccc12,0.00024095674
CN(C)c1ccc(/C=C2\CCCN=C2c2cccnc2)cc1,0.0018101921
COc1cccc(/C=N/N=C/c2cccc(OC)c2)c1,0.0004592906
CC(C)Oc1ccc(-c2cnc3c(-c4ccnc5ccccc45)cnn3c2)cc1,0.6080558
c1ccc(-c2cnn3cc(-c4ccc(OCCN5CCOCC5)cc4)cnc23)cc1,0.18514766
COc1cc(C=O)c([N+](=O)[O-])cc1OC,0.009968284
O=C1c2ccccc2C(Cc2ccnc(F)c2)(Cc2ccnc(F)c2)c2ccccc21,0.9605417
CCC[C@@H](NC(=O)N1C(=O)C(CC)(CC)[C@@H]1Oc1ccc(C(=O)N2CCN(C)CC2)cc1)c1ccc2c(c1)OCO2,0.027567197
O=S(=O)(O)C[C@@H](S)CS,0.94845337
CS(C)=O,0.0036186995
O=c1[nH]c2cc([N+](=O)[O-])c([N+](=O)[O-])cc2[nH]c1=O,0.008986332
CC(CCc1ccc(O)cc1)NCCc1ccc(O)c(O)c1,0.00039343827
CC1=C(C)C(=O)C(CCCCC#CCCCC#CCO)=C(C)C1=O,0.9947003
CC(=O)O[C@@]12CO[C@@H]1C[C@H](O)[C@@]1(C)C(=O)[C@H](O)C3=C(C)[C@@H](OC(=O)[C@H](O)[C@@H](NC(=O)OC(C)(C)C)c4ccccc4)C[C@@](O)([C@@H](OC(=O)c4ccccc4)[C@H]21)C3(C)C,0.07352695
CC/C=C\C/C=C\C/C=C\C/C=C\C/C=C\C/C=C\CCC(=O)O,1.0941538e-07
CC/C=C\C/C=C\C/C=C\C/C=C\C/C=C\C/C=C\CCC(=O)OCC,5.9225453e-08
CCCCCCCCCCCCCCCCCCCCCCO,0.012963252
CCCC[C@@H](CC)COC(=O)C[C@@H](C(=O)OC[C@@H](CC)CCCC)S(=O)(=O)O,0.37227347
CCCCCCCCCCCCOS(=O)(=O)O,0.9847297
O=C(C(c1ccccc1)c1ccccc1)N1CCN(CC(O)COc2cccc3ncccc23)CC1,0.05743937
CN(CCOc1ccc(NS(C)(=O)=O)cc1)CCc1ccc(NS(C)(=O)=O)cc1,0.82325774
O=C(O[C@@H]1C[C@@H]2C[C@@H]3C[C@H](C1)N2CC3=O)c1c[nH]c2ccccc12,0.9954471
CC[C@H](C)[C@@H]([C@@H](CC(=O)N1CCC[C@H]1[C@H](OC)[C@@H](C)C(=O)N[C@@H](Cc1ccccc1)c1nccs1)OC)N(C)C(=O)[C@@H](NC(=O)[C@H](C(C)C)N(C)C)C(C)C,0.95525545
C[C@@H]1CCO[C@H]2Cn3cc(C(=O)NCc4ccc(F)cc4F)c(=O)c(O)c3C(=O)N12,0.97556835
CCCCCCCCCCCC[N+](C)(C)CCOc1ccccc1,0.055350896
O=c1[nH]c2ccccc2n1CCCN1CCC(n2c(=O)[nH]c3cc(Cl)ccc32)CC1,0.019870395
COc1cc2c(cc1OC)C(=O)[C@H](CC1CCN(Cc3ccccc3)CC1)C2,0.08542335
N#Cc1ccc(N2CCN(C(=O)COc3ccc4[nH]cc(CCN)c4c3)CC2)cc1,0.2346808
NCCc1ccc(O)c(O)c1,0.00014596233
Cc1ccc(-n2nc(C(C)(C)C)cc2NC(=O)Nc2ccc(OCCN3CCOCC3)c3ccccc23)cc1,0.5037424
CO[C@H]1C[C@H](O[C@H]2[C@H](C)O[C@@H](O[C@@H]3/C(C)=C/C[C@@H]4C[C@@H](C[C@]5(C=C[C@H](C)[C@@H](C6CCCCC6)O5)O4)OC(=O)[C@@H]4C=C(C)[C@@H](O)[C@H]5OC/C(=C\C=C\[C@@H]3C)[C@]54O)C[C@@H]2OC)O[C@@H](C)[C@@H]1O,0.3632351
Cn1c(Cn2ccc(C(F)(F)F)c(Oc3cc(Cl)cc(C#N)c3)c2=O)n[nH]c1=O,0.029825669
C[C@@H](O)[C@H]1C(=O)N2C(C(=O)O)=C(S[C@@H]3CN[C@H](CNS(N)(=O)=O)C3)[C@H](C)[C@H]12,0.99997187
c1cc(-c2cnn3cc(-c4ccc(OCCN5CCCCC5)cc4)cnc23)ccn1,0.6791283
CCN[C@H]1C[C@H](C)S(=O)(=O)c2sc(S(N)(=O)=O)cc21,0.9894577
CN(C)CC/C=C1\c2ccccc2CSc2ccccc21,0.00022352333
O=P(O)(O)CN1CCN(CP(=O)(O)O)CCN(CP(=O)(O)O)CCN(CP(=O)(O)O)CC1,1.252069e-07
CN1CCN(c2ccc3nc(-c4c(N)c5c(F)cccc5[nH]c4=O)[nH]c3c2)CC1,0.63652503
CCN1C[C@@H](CCN2CCOCC2)C(c2ccccc2)(c2ccccc2)C1=O,0.00136701
COc1cc2nc(N3CCN(C(=O)[C@H]4COc5ccccc5O4)CC3)nc(N)c2cc1OC,0.8123863
CN(C)CC/C=C1/c2ccccc2COc2ccccc21,0.002972537
C=C1/C(=C/C=C2\CCC[C@]3(C)[C@@H]([C@H](C)/C=C/[C@@H](C)C(C)C)CC[C@@H]23)C[C@@H](O)C[C@@H]1O,0.0002853231
C[C@H]1O[C@@H](n2cc(F)c(=O)[nH]c2=O)[C@H](O)[C@@H]1O,0.00090187584
Cn1c(=O)c2c(ncn2CC2OCCO2)n(C)c1=O,0.46367726
COc1cccc2c1C(=O)c1c(O)c3c(c(O)c1C2=O)C[C@@](O)(C(=O)CO)C[C@@H]3O[C@H]1C[C@H](N)[C@H](O)[C@H](C)O1,0.00027035616
C[C@H]1c2cccc(O)c2C(=O)C2=C(O)[C@]3(O)C(=O)C(C(N)=O)=C(O)[C@@H](N(C)C)[C@@H]3[C@@H](O)[C@@H]21,0.39824197
CN(C)CCOC(C)(c1ccccc1)c1ccccn1,0.0015174884
CN(C(=S)NN=C(c1ccccn1)c1ccccn1)C1CCCCC1,0.96852106
CC(C)CN(C[C@@H](O)[C@H](Cc1ccccc1)NC(=O)[C@@H](NC(=O)CNCc1cccc(F)c1)C(C)(C)C)S(=O)(=O)c1cccc(N)c1,0.050125983
CCCn1c(=O)c2[nH]c(C3CCCC3)nc2n(CCC)c1=O,0.100979224
N#Cc1cc2c(OC[C@H](O)CN3CCN(C(c4ccccc4)c4ccccc4)CC3)cccc2[nH]1,0.20000902
CC(C)[C@@H]1CC[C@@H](C)C[C@@H]1P(=O)(c1ccccc1)c1ccccc1,0.12014051
CCN(CC)CCOc1ccc(Cc2ccccc2)cc1,0.04321262
Cc1ccc2[nH]c(=O)c(C3=NN(C(=O)CCC(=O)O)[C@H](c4ccc(Br)cc4)C3)c(-c3ccccc3)c2c1,0.00072790956
Cc1nc(=O)c2c([nH]1)CCSC2,0.007565396
O=C1Nc2ccc(Cl)c3c2[C@@]1(CCCCN1CC=C(c2ccc(Cl)cc2)CC1)CCC3,0.45105678
CC[C@H](CO)Nc1nc(Nc2cccc(-c3ccccn3)c2)c2ncn(C(C)C)c2n1,0.1368311
CCN(CC)CCOC(=O)[C@H](c1ccccc1)C1CCCCC1,0.10436524
CC/C(=C(/c1ccc(OCCN(C)C)cc1)c1cccc(O)c1)c1ccccc1,0.0016321191
CCC(=O)O[C@H]1CC[C@H]2[C@H]3CC[C@H]4CC(=O)[C@@H](C)C[C@@]4(C)[C@@H]3CC[C@@]12C,3.701691e-05
CCCCc1oc2ccc(NS(C)(=O)=O)cc2c1C(=O)c1ccc(OCCCN(CCCC)CCCC)cc1,0.6531862
O=C(CCCN1CC=C(n2c(=O)[nH]c3ccccc32)CC1)c1ccc(F)cc1,0.28665242
OC[C@@H](O)CN1CCN(c2ccccc2)CC1,0.13837747
C[C@]12CCC(=O)C=C1[C@@H]1C[C@@H]1[C@H]1[C@@H]3[C@@H]4C[C@@H]4[C@@]4(CCC(=O)O4)[C@@]3(C)CC[C@@H]12,0.37388366
CCOc1ccc(CC2=NCCc3cc(OCC)c(OCC)cc32)cc1OCC,0.78626037
CN1c2c(oc(=O)n(-c3ccccn3)c2=O)-c2ccccc2S1(=O)=O,0.22294462
N[C@H](C(=O)O)[C@H](O)c1ccc(O)c(O)c1,0.00066960574
Cc1cc(Cl)ccc1OCCCC(=O)NO,0.0013464142
Cc1cc(Nc2ccc(S(F)(F)(F)(F)F)cc2)n2nc(C(C)(F)F)nc2n1,0.9750098
CCCCCCCCCCCCCCCCCC(=O)OC[C@@H](COP(=O)(O)OCC[N+](C)(C)C)OC(=O)CCCCCCCCCCCCCCCCC,0.025750479
CCCCNc1nc(N)c2[nH]c(=O)n(Cc3ccc(OCCN(C)C)nc3)c2n1,0.21466453
O=C(Nc1c(-c2cccs2)nc2ccccn12)c1ccc(Cl)cc1,0.7985462
N=C(N)NCCC[C@H](N)C(=O)NCC(=O)N[C@@H](CC(=O)O)C(=O)N[C@@H](CO)C(=O)O,0.17798464
CNCC[C@H](Oc1cccc2ccccc12)c1cccs1,0.0064251125
CS(=O)(=O)c1ccc(-c2cc(Br)sc2-c2ccc(F)cc2)cc1,0.7946728
C[C@]12C=CC(=O)N[C@@H]1CC[C@@H]1[C@@H]2CC[C@]2(C)[C@@H](C(=O)Nc3cc(C(F)(F)F)ccc3C(F)(F)F)CC[C@@H]12,0.9870085
C[C@H](Nc1ncnc2nc[nH]c12)c1cc2cccc(Cl)c2c(=O)n1-c1ccccc1,0.6170816
CCOC(=O)CNC(=O)[C@@H]1CCCN1C(=O)Cc1ccccc1,0.0007019172
COCCCc1ccc2oc(-c3ccc(OC)c(OC)c3)cc2c1,0.0021163267
CCCCOc1ccc(C(=O)CCN2CCCCC2)cc1,0.26200798
CC(=O)[C@H]1CC[C@H]2[C@@H]3C=CC4=CC(=O)CC[C@@]4(C)[C@@H]3CC[C@]12C,0.0011513146
O=C(N/N=C/c1ccc(O)c(O)c1)c1cc2ccccc2cc1O,0.0400984
CCCCCCCCNC(=O)/C(C#N)=C/c1cn(CCCN(C)C)c2ccccc12,0.104589894
Cn1c(=O)c2c(ncn2C[C@@H](O)CO)n(C)c1=O,0.9300132
CCN(CC)c1ccc(/C=N/NC(=O)c2ccc(O)cc2)cc1,0.0017873358
S=C(S)OC1CC2CC1C1CCCC21,0.96454483
O=C(CN1CCC(C(=O)c2ccc(F)cc2)CC1)c1ccc2ccccc2c1,0.49535763
COc1cc(/C=C2\CCCN([C@@H](C)c3ccc(F)cc3)C2=O)ccc1-n1cnc(C)c1,0.012190945
Cc1cccc(CCN2CCC(C(=O)c3ccc(NS(C)(=O)=O)cc3)CC2)n1,0.2649494
CC(C)C[C@H](NC(=O)[C@H]1O[C@@H]1C(=O)O)C(=O)NCCCCNC(=N)N,0.848973
COCCN(C(=O)c1cc(OC)c(OC)c(OC)c1)c1nc(-c2ccccc2)cs1,0.33619833
Nc1ncnc2c1ncn2[C@H]1O[C@@H](C(=O)N2CCN(CC(=O)Nc3cccc4c3CNC4=O)CC2)[C@H](O)[C@@H]1O,0.13936968
CC(C)(C)c1ccc(C(=O)CCCN2CCC(OC(c3ccccc3)c3ccccc3)CC2)cc1,0.055689845
CCOC(=O)[C@@H]1CN(Cc2ccccc2)C(=O)C1=O,0.0040531596
N=C(N)Nc1nc(CSCCN/C=N/S(=O)(=O)c2ccc(Br)cc2)cs1,0.08826709
O=c1c2ccccc2[se]n1-c1ccccc1,0.0021257428
COc1c(C)cnc(Cn2cc(C#CCC(C)(C)O)c3c(Cl)nc(N)nc32)c1C,0.35202694
CC1(C)CCC(C)(C)c2cc(C#Cc3ccc(C(=O)O)cc3)ccc21,0.40672308
CNC(=O)c1cccc(NCC(=O)NCCc2ccc(OC)c(OC)c2)c1,0.0031780815
CC(C)c1cc2c(cc1S(=O)(=O)O)[C@@]1(C)CCC[C@@](C)(C(=O)O)[C@@H]1CC2,0.9777495
CC1(C)[C@H]2CC[C@]1(CS(=O)(=O)O)C(=O)C2=Cc1ccc(C=C2C(=O)[C@@]3(CS(=O)(=O)O)CC[C@@H]2C3(C)C)cc1,0.8844519
CS[C@H]1SC[C@H]2C(=O)N(C)[C@@H](C(C)C)C(=O)OC[C@@H](NC(=O)c3cnc4ccccc4n3)C(=O)N[C@@H](C)C(=O)N(C)[C@H]1C(=O)N(C)[C@@H](C(C)C)C(=O)OC[C@@H](NC(=O)c1cnc3ccccc3n1)C(=O)N[C@@H](C)C(=O)N2C,0.98990077
Clc1ccc(CO[C@@H](Cn2ccnc2)c2ccc(Cl)cc2Cl)cc1,0.2445356
CC1=NCC[C@@H](C(=O)O)N1,0.00037466202
Cc1oc(-c2ccccc2)nc1CCOc1ccc(C[C@@H]2SC(=O)NC2=O)c2sccc12,0.79305476
Cc1cc(=O)n(-c2ccccc2)[nH]1,0.0002518657
CC/C=C\C/C=C\C/C=C\C/C=C\C/C=C\C/C=C\CCC(=O)NCCNC(=O)c1ccccc1O,3.0767073e-06
CCCCCCCCCCCCCCCCCCOC[C@H](COP(=O)(O)OCC[N+](C)(C)C)OC,0.31442848
C[C@@H](O)CN(CCN(C[C@@H](C)O)C[C@@H](C)O)C[C@@H](C)O,0.0013248798
Cn1c(CCCCCCC(=O)NO)nc2cc(N(CCCl)CCCl)ccc21,0.052173905
OC1CN(CCCOCCc2ccc3sccc3c2)C1,0.0032429735
CN1CCc2nc(C(=O)N[C@@H]3C[C@@H](C(=O)N(C)C)CC[C@@H]3NC(=O)C(=O)Nc3ccc(Cl)cn3)sc2C1,0.94164574
CCc1cn([C@H]2C[C@H](O)[C@@H](CO)O2)c(=O)[nH]c1=O,0.00020886914
CC[N+](C)(C)c1cccc(O)c1,0.0014823602
O=P(O)(O)CN(CCN(CP(=O)(O)O)CP(=O)(O)O)CP(=O)(O)O,4.533719e-09
CS(=O)(=O)c1ccc(-c2cnc(NCc3ccco3)n3cnnc23)cc1,0.81486356
Cc1cc(C)cc(NC(=O)Cc2ccc(OC(C)(C)C(=O)O)cc2)c1,0.00727872
CCC1(C2=NCCN2)Cc2ccccc2O1,0.01966329
Cc1cc(Oc2ccc3nc(COc4ccc(C[C@H]5SC(=O)NC5=O)cc4)n(C)c3c2)cc(C)c1N,0.9214851
O=C1Nc2ccc(Cl)cc2[C@@](C#CC2CC2)(C(F)(F)F)O1,0.9984725
C=C1CCN([C@H](C)[C@@](O)(Cn2cncn2)c2ccc(F)cc2F)CC1,0.98520863
O=C(O)COCCN1CCN(C(c2ccc(F)cc2)c2ccc(F)cc2)CC1,0.63563657
NCCCC(N)(C(=O)O)C(F)F,0.003110401
CCOC(=O)COc1ccc2c(=O)cc(-c3ccccc3)oc2c1,0.021721693
CC1=C(C(=O)OCCN(Cc2ccccc2)c2ccccc2)[C@H](c2cccc([N+](=O)[O-])c2)C(P2(=O)OCC(C)(C)CO2)=C(C)N1,0.9613559
O=C(Cn1ccnc1[N+](=O)[O-])NCC(F)(F)C(F)(F)F,0.900612
Cc1cc(C(=O)Nc2nc3cccc(Cl)c3n2[C@@H]2CCCCN(C(=O)/C=C/CN(C)C)C2)ccn1,0.9762546
N[C@@]1(C(=O)O)CC[C@H]2[C@H](C(=O)O)[C@H]21,0.0030261525
N=C(N)NCCC[C@H](NC(=O)c1sccc1NS(=O)(=O)c1cccc2nsnc12)C(=O)O,0.8631701
CCn1c2ccccc2c2cc(Nc3ccnc(NCCCN4CCOCC4)n3)ccc21,0.0048831133
CCN(c1nc(N)c(C(=O)N=C(N)N)nc1Cl)C(C)C,0.7458304
CCSC(=N)N,0.004155695
CCC(CC)n1ccc2c(C(=O)NCc3c(C)cc(C)[nH]c3=O)cc(C#N)cc21,0.98130655
CCNCCc1ccc(CN(CC)c2cc(OC)ccc2[C@@H]2CCc3cc(O)ccc3C2)cc1,0.0034755655
COc1cc2c(cc1OC)CN(CCc1ccc(NC(=O)c3cccc4c(=O)c5cccc(OC)c5[nH]c34)cc1)CC2,0.9470593
CCC(=C/[C@H](C)C/C=C/C(C)=C/[C@H](C)C(=O)[C@H](C)[C@@H](O)[C@H](C)C/C(C)=C/C(=O)O)/C=C/[C@H]1OC(=O)C=C[C@@H]1C,0.75041413
CCCCCCCC/C=C/CCCCCCCC(=O)OC[C@H]1O[C@@H](n2ccc(N)nc2=O)[C@@H](O)[C@@H]1O,0.09943235
CSc1ccc(C(=O)/C=C/c2cc(C)c(OC(C)(C)C(=O)O)c(C)c2)cc1,0.025687324
COc1cccc(-c2c(C)n(Cc3c(F)cccc3C(F)(F)F)c(=O)n(C[C@H](NCCCC(=O)O)c3ccccc3)c2=O)c1F,0.71088237
COC(=O)N[C@H](C(=O)N1CCC[C@H]1c1nc(-c2ccc3c(c2)O[C@@H](c2ccccc2)n2c-3cc3cc(-c4c[nH]c([C@@H]5CCCN5C(=O)[C@@H](NC(=O)OC)C(C)C)n4)ccc32)c[nH]1)C(C)C,0.97827053
C=C1/C(=C\C=C2/CCC[C@]3(C)[C@@H]([C@H](C)CCCC(C)(C)O)CC[C@@H]23)C[C@@H](O)[C@@H](OCCCO)[C@@H]1O,0.0004766917
O=C1c2cc(-c3ccc(OC(F)(F)F)cc3)ccc2OCCN1Cc1ncccn1,0.951934
C=C[C@]1(C)CC[C@@H](C(=C)C)C[C@@H]1C(=C)C,0.24765249
CN(NC(=O)CC(=O)NN(C)C(=S)c1ccccc1)C(=S)c1ccccc1,0.0709365
CN1CCC[C@@H]1Cc1c[nH]c2ccc(CCS(=O)(=O)c3ccccc3)cc12,0.10953035
CCCCCCCC(=O)N[C@H](CN1CCCC1)[C@H](O)c1ccc2c(c1)OCCO2,0.114858285
CNc1cc2[nH]c(=O)n(-c3ccc(NC(=O)NS(=O)(=O)c4ccc(Cl)s4)cc3)c(=O)c2cc1F,0.8578307
O[C@@H](CN1CCC(Cc2ccc(F)cc2)CC1)c1ccc(Cl)cc1,0.31478056
O=c1oc2c(O)c(O)cc3c(=O)oc4c(O)c(O)cc1c4c23,0.00076451636
O=C(c1cccc(N2Cc3cccc(Cl)c3C2=O)c1)N1CCC2(CC1)CCN(c1ccncc1)CC2,0.033355244
NC(=O)/C(=C\n1cnc(-c2cc(C(F)(F)F)cc(C(F)(F)F)c2)n1)c1cncnc1,0.87106067
CC(=O)[C@H]1CC[C@H]2[C@@H]3CC[C@@H]4C[C@H](O)CC[C@]4(C)[C@H]3CC[C@]12C,0.00012531708
c1cc2c(c(N3CCNCC3)c1)OCCO2,0.0008642561
CC1=NN(c2ccc(C)c(C)c2)C(=O)/C1=N\Nc1cccc(-c2cccc(C(=O)O)c2)c1O,0.81543916
COc1ccc(CN(C(=O)[C@@H](N)Cc2c(C)cc(C(N)=O)cc2C)[C@@H](C)c2nc(-c3ccccc3)c[nH]2)cc1C(=O)O,0.07686028
COc1cc2c(cc1Cc1cccc(Cl)c1F)c(=O)c(C(=O)O)cn2[C@H](CO)C(C)C,0.55714935
CN[C@@H]1[C@@H](C)O[C@@H](O[C@H]2[C@H](C)O[C@@H](O[C@@H]3/C(C)=C/C[C@@H]4C[C@@H](C[C@]5(C=C[C@H](C)[C@@H](C(C)C)O5)O4)OC(=O)[C@@H]4C=C(C)[C@@H](O)[C@H]5OC/C(=C\C=C\[C@@H]3C)[C@]54O)C[C@@H]2OC)C[C@H]1OC,0.86302507
CCCCCCCCCCCC1C(=O)C(=O)C=C(O)C1=O,0.14932455
CN1CCC(COc2cnc(-c3cccc(Cn4nc(-c5cccc(C#N)c5)ccc4=O)c3)nc2)CC1,0.08978104
Cc1[nH]c2ccc(Cl)cc2c1C1=CCNCC1,0.050000656
COc1ccc(C(=O)N2CCCc3cc(C4=NNC(=O)S[C@@H]4C)ccc32)cc1OC,0.003948618
CCCCc1nc2ccn(CC(=O)N(C)C)c(=O)c2n1Cc1ccc(-c2ccccc2-c2nn[nH]n2)cc1,0.83343107
CN(C)CCNC(=O)NC[C@H]1CC[C@@H]2[C@H](O1)c1cc(C(F)(F)F)ccc1N[C@H]2c1ccccc1,0.006422608
CCOCCn1c(N2CCCN(C)CC2)nc2ccccc21,0.065262824
O=C(NCCS)c1cccc(C(=O)NCCS)c1,0.00068348413
CC[C@H]1CN2CCc3cc(OC)c(OC)cc3[C@@H]2C[C@@H]1C[C@H]1NCCc2cc(OC)c(OC)cc21,0.99432015
CCOC(=O)c1ccc(OCCN2C[C@H](O)[C@@H](O)[C@H](O)[C@H]2CO)cc1,0.00012961513
NCC[C@@H](O)c1cccc(OCC2CCCCC2)c1,0.0009484175
CC(C)C[C@@H]1C(=O)O[C@H](C)C(=O)N(C)[C@@H](CC(C)C)C(=O)O[C@H](Cc2ccc(N3CCOCC3)cc2)C(=O)N(C)[C@@H](CC(C)C)C(=O)O[C@H](C)C(=O)N(C)[C@@H](CC(C)C)C(=O)O[C@H](Cc2ccc(N3CCOCC3)cc2)C(=O)N1C,0.9971867
Cc1cc(O)c2c(c1)C(=O)c1cc(O)cc(O)c1C2=O,0.004431221
CCOc1c(N2CCOCC2)cnn(C)c1=O,0.031184768
CCc1nc(C)ccc1O,0.001622183
OC[C@H]1O[C@@H](c2ccc(Cl)c(Cc3ccc(O[C@H]4CCOC4)cc3)c2)[C@H](O)[C@@H](O)[C@@H]1O,0.0063801752
C[C@H](NC(=O)C(=O)Nc1ccccc1C(C)(C)C)C(=O)N[C@@H](CC(=O)O)C(=O)COc1c(F)c(F)cc(F)c1F,0.5474782
Nc1nc(=O)n([C@@H]2CS[C@H](CO)O2)cc1F,0.5462435
CCOC(=O)[C@H](CCc1ccccc1)N[C@@H](C)C(=O)N1CCC[C@H]1C(=O)O,0.0118725775
C[C@H](N[C@@H](CCc1ccccc1)C(=O)O)C(=O)N1CCC[C@H]1C(=O)O,0.013600088
CC(C)(O)CNc1nc(Nc2ccnc(C(F)(F)F)c2)nc(-c2cccc(C(F)(F)F)n2)n1,0.5173375
C=C(C#N)C(=O)OCCCC,0.0011823587
COc1ccccc1N1CCN(C[C@@H](O)COc2cc(OC)c(OC)c(OC)c2)CC1,0.8845071
COC(=O)N[C@@H](C)CNc1nccc(-c2cn(C(C)C)nc2-c2cc(Cl)cc(NS(C)(=O)=O)c2F)n1,0.8783885
O=C(Nc1cccc2cccnc12)c1ccc(N2C(=O)[C@@H]3[C@H](C2=O)[C@@H]2C=C[C@H]3C2)cc1,0.5950821
CC/C(=C(\c1ccc(O)cc1)c1ccc(OCCNC)cc1)c1ccccc1,0.00011062773
FC(F)OC(F)(F)[C@@H](F)Cl,0.008391778
C=CCO[C@H](Cn1ccnc1)c1ccc(Cl)cc1Cl,0.45161054
C#Cc1c[nH]c(=O)[nH]c1=O,0.00032425218
Cc1cc(-n2cccc2)c(S(C)(=O)=O)cc1C(=O)NC(=N)N,0.31665036
C[n+]1ccc(C(=O)NCc2ccccc2)cc1,0.026701456
Cc1cc(Nc2cc(N3CCN(C)CC3)nc(/C=C/c3ccccc3)n2)[nH]n1,0.09613265
CCCCCCCCCCCCCCCCCCCCCC(=O)Nc1ccn([C@@H]2O[C@H](CO)[C@@H](O)[C@@H]2O)c(=O)n1,0.033558406
CCn1cc(C(=O)O)c(=O)c2cc(F)c(N3CCNCC3)nc21,0.7838644
CSc1ccc(C(=O)c2[nH]c(=O)[nH]c2C)cc1,0.00046271583
CC1(C)[C@@H](O)CC[C@]2(C)[C@H]3C(=O)C=C4[C@@H]5C[C@@](C)(C(=O)O)CC[C@]5(C)CC[C@@]4(C)[C@]3(C)CC[C@@H]12,0.08704871
CCCn1c(=O)[nH]c(=O)c2[nH]cnc21,0.011149774
CCN1CCN(c2cc3c(cc2F)c(=O)c(C(=O)O)cn3C2CC2)CC1,0.9544617
CCN(CC)C(=O)/C(C#N)=C/c1cc(O)c(O)c([N+](=O)[O-])c1,0.00058244297
O=C(Nc1ccc2ncccc2c1)C(=O)c1cn(Cc2ccc(Cl)cc2)c2ccccc12,0.12709689
C=C1[C@H](CO)[C@@H](O)C[C@@H]1n1cnc2c(=O)nc(N)[nH]c21,0.056297865
Nc1ccccc1NC(=O)c1ccc(CNC(=O)OCc2cccnc2)cc1,0.28833422
CN1CCN(c2ccc(C(=O)Nc3[nH]nc4ccc(Cc5cc(F)cc(F)c5)cc34)c(NC3CCOCC3)c2)CC1,0.7139087
CNC(=O)c1ccc(N2C(=S)N(c3ccc(C#N)c(C(F)(F)F)c3)C(=O)C2(C)C)cc1F,0.24419406
Cn1cc(C2=C(c3cn(C4CCN(Cc5ccccn5)CC4)c4ccccc34)C(=O)NC2=O)c2ccccc21,0.87377167
O=C(O)c1cc(N2N=C(C(F)(F)F)/C(=C/c3ccc(-c4ccccc4)o3)C2=O)ccc1Cl,0.45990166
Cc1ccccc1C(=O)c1ccc(Nc2ccc(Br)cc2N)cc1Cl,0.07538034
NS(=O)(=O)NCCNc1nonc1C(=Nc1ccc(F)c(Br)c1)NO,0.9123668
CC(/C=C1\SC(=S)N(CC(=O)O)C1=O)=C\c1ccccc1,0.0022105975
CC(=O)NC[C@H]1CN(c2ccc(N3CCN(C(=O)CO)CC3)c(F)c2)C(=O)O1,0.809221
CCc1ccc(C(=O)[C@@H](C)CN2CCCCC2)cc1,0.49587804
NC[C@H]1OB(O)c2c(OCCCO)cccc21,0.99947506
CN[C@@H](C)[C@H](O)c1ccccc1,0.00057597185
CN[C@@H](C)[C@@H](O)c1ccccc1,0.00021175186
C[C@]12CC[C@H](O)C[C@@H]1CC[C@@H]1[C@@H]2CC[C@]2(C)C(=O)CC[C@@H]12,0.0005347838
O=C(O[C@@H]1Cc2c(O)cc(O)cc2O[C@@H]1c1ccc(O)c(O)c1)c1cc(O)c(O)c(O)c1,0.17190649
C[C@]12CC[C@@H]3c4ccc(O)cc4CC[C@H]3[C@@H]1C[C@H](O)[C@@H]2O,6.5653505e-05
Oc1cc(O)c2c(c1)O[C@H](c1cc(O)c(O)c(O)c1)[C@H](O)C2,0.018437754
O=C(O[C@@H]1Cc2c(O)cc(O)cc2O[C@@H]1c1cc(O)c(O)c(O)c1)c1cc(O)c(O)c(O)c1,0.9545315
NC1=NC[C@@H]2c3ccccc3Cc3ccccc3N12,0.0007629996
CNC[C@H](O)c1ccc(O)c(O)c1,8.548847e-05
COc1cc(C)nc(-n2nc(C)cc2OC)n1,0.5335766
COc1cccc2c1C(=O)c1c(O)c3c(c(O)c1C2=O)C[C@@](O)(C(=O)CO)C[C@@H]3O[C@H]1C[C@H](N)[C@@H](O)[C@H](C)O1,0.000525545
C[C@]12C[C@H]3S[C@H]3C[C@@H]1CC[C@@H]1[C@@H]2CC[C@]2(C)[C@@H](O)CC[C@@H]12,0.033189315
COC(=O)[C@@H]1CC2=CC(=O)CC[C@]2(C)[C@@]23O[C@@H]2C[C@@]2(C)[C@@H](CC[C@@]24CCC(=O)O4)[C@H]13,0.00066582445
CCCCC[C@H](O)/C=C/[C@@H]1[C@H]2C/C(=C/CCCC(=O)O)O[C@H]2C[C@H]1O,0.00072030927
C/C(=C\c1csc(C)n1)[C@@H]1C[C@@H]2O[C@@H]2CCC[C@H](C)[C@H](O)[C@@H](C)C(=O)C(C)(C)[C@@H](O)CC(=O)O1,0.26236752
C/C(=C\c1csc(C)n1)[C@@H]1C[C@@H]2O[C@]2(C)CCC[C@H](C)[C@H](O)[C@@H](C)C(=O)C(C)(C)[C@@H](O)CC(=O)O1,0.024912618
C/C1=C/C[C@@H](/C(C)=C/c2csc(C)n2)OC(=O)C[C@H](O)C(C)(C)C(=O)[C@H](C)[C@@H](O)[C@@H](C)CCC1,0.77843356
CCOc1cccc(NC(=O)c2ccc(N3CCCC3)c(C(F)(F)F)c2)c1,0.8314978
CCO[C@@H](CN1CCN(C[C@@H](C)C(=O)c2ccccc2)CC1)c1ccccc1,0.25592545
CC[C@H](C)[C@H]1O[C@]2(C=C[C@@H]1C)C[C@@H]1C[C@@H](C/C=C(\C)[C@@H](O[C@H]3C[C@H](OC)[C@@H](O[C@H]4C[C@H](OC)[C@@H](NC(C)=O)[C@H](C)O4)[C@H](C)O3)[C@@H](C)/C=C/C=C3\CO[C@@H]4[C@H](O)C(C)=C[C@@H](C(=O)O1)[C@]34O)O2,0.0010541104
CC(C)(C)NC(=O)[C@H]1CC[C@H]2[C@@H]3CC=C4C=C(C(=O)O)CC[C@]4(C)[C@H]3CC[C@]12C,0.0020830254
O=C(NCCCN1CCOCC1)c1ccc(Cl)cc1,0.03235239
O=S(=O)(O)CCCS(=O)(=O)O,0.04333929
CCCCc1ncc(/C=C(\Cc2cccs2)C(=O)O)n1Cc1ccc(C(=O)O)cc1,0.21989767
N=C(N)NCCCC[C@@H]1NC(=O)CCSSC[C@@H](C(N)=O)NC(=O)[C@@H]2CCCN2C(=O)[C@H](Cc2c[nH]c3ccccc23)NC(=O)[C@H](CC(=O)O)NC(=O)CNC1=O,0.75533164
CC(C)N(C[C@H]1O[C@@H](n2cnc3c(N)ncnc32)[C@H](O)[C@@H]1O)[C@H]1C[C@@H](CCc2nc3ccc(C(C)(C)C)cc3[nH]2)C1,0.64352775
CC(C)N(CCCNC(=O)Nc1ccc(C(C)(C)C)cc1)C[C@H]1O[C@@H](n2ccc3c(N)ncnc32)[C@H](O)[C@@H]1O,0.13425612
Cc1cc(C)c(CNC(=O)c2cc(-c3ccc(CN4CCOCC4)cc3)cc3c2cnn3C2CCCC2)c(=O)[nH]1,0.9973206
CCN(c1cc(C#CCN2CCOCC2)cc(C(=O)NCc2c(C)cc(C)[nH]c2=O)c1C)[C@H]1CC[C@H](N(C)CCOC)CC1,0.8036207
O=C(NC[C@H](O)CN1CCc2ccccc2C1)c1cc(NC2COC2)ncn1,0.91671205
CNCCN(C)Cc1c[nH]nc1-c1ccc(O[C@H]2C[C@H](OCCC3CCOCC3)C2)cc1,0.3291938
C[C@@]12CC[C@H]3C(=CCc4cc(O)ccc43)[C@@H]1CCC2=O,2.3066086e-05
Oc1ccc([C@H]2COc3cc(O)ccc3C2)cc1,4.462065e-05
Cc1ccc2c(=O)c3ccccc3n(CCCN)c2c1C,0.9507649
CC(C)c1cccc2c(-c3ccccc3)cc(-c3ccc(-c4ccc(C(=O)O)cc4)[nH]3)nc12,0.298955
CCOc1ccccc1-n1c([C@@H](C)N2CCN(C(=O)COc3ccc(Cl)cc3)CC2)nc2ccccc2c1=O,0.70740116
CN(C)[C@@H]1C(=O)[C@@H](C(N)=O)C(=O)[C@@]2(O)C(=O)[C@@H]3C(=O)c4c(O)c(NC(=O)CN5CCCC5)cc(F)c4C[C@H]3C[C@@H]12,0.5913027
COC(=O)/C=C/c1cc(O)ccc1O,0.0004753357
C=C1/C(=C\C=C2/CCC[C@]3(C)[C@@H]([C@H](C)/C=C/[C@H](C)C(C)(C)O)CC[C@@H]23)C[C@@H](O)C[C@@H]1O,0.0012952683
COc1cc(OC)cc(N(CCNC(C)C)c2ccc3ncc(-c4cnn(C)c4)nc3c2)c1,0.1420793
O=C(O)CSCC(=O)N[C@H]1CCSC1=O,0.007655743
C=C1CC[C@H](O)C/C1=C/C=C1\CCC[C@]2(C)[C@@H]([C@H](C)/C=C/[C@H](C)C(C)C)CC[C@@H]12,0.011575765
C[C@@H](CO)NC(=O)[C@@H]1C=C2c3cccc4[nH]cc(c34)C[C@H]2N(C)C1,0.0023307877
CC(C)[C@@H](C)/C=C/[C@@H](C)[C@H]1CC[C@H]2C3=CC=C4C[C@@H](O)CC[C@]4(C)[C@H]3CC[C@]12C,0.07886245
CN1C[C@H](C(=O)N[C@]2(C)O[C@@]3(O)[C@@H]4CCCN4C(=O)[C@H](Cc4ccccc4)N3C2=O)C=C2c3cccc4[nH]cc(c34)C[C@H]21,0.8962585
COc1cc(N2CCN(C)CC2)ccc1Nc1ncc2c(n1)N(C)c1ccccc1C(=O)N2C,0.39977825
C#Cc1cccc(Nc2ncnc3cc(OCCOC)c(OCCOC)cc23)c1,0.85425246
C[C@@H](O)[C@@H]1C(=O)N2C(C(=O)O)=C(S[C@@H]3CN[C@H](C(=O)Nc4cccc(C(=O)O)c4)C3)[C@H](C)[C@H]12,0.9986965
Oc1ccc([C@@H]2Oc3ccc(O)cc3[C@@H]3CCC[C@@H]32)cc1,0.00034762523
CCOc1ccc(Cc2cc([C@]34OC[C@](CO)(O3)[C@@H](O)[C@H](O)[C@H]4O)ccc2Cl)cc1,0.032911014
OC[C@@H](O)[C@@H](O)CO,0.0011373552
CC[C@H]1OC(=O)[C@H](C)[C@@H](O[C@H]2C[C@@](C)(OC)[C@@H](O)[C@H](C)O2)[C@H](C)[C@@H](O[C@@H]2O[C@H](C)C[C@H](N(C)C)[C@H]2O)[C@](C)(O)C[C@@H](C)C(=O)[C@H](C)[C@@H](O)[C@]1(C)O,0.99540836
CCC(=O)O[C@H]1[C@H](O[C@@H]2[C@@H](C)[C@H](O[C@H]3C[C@@](C)(OC)[C@@H](O)[C@H](C)O3)[C@@H](C)C(=O)O[C@H](CC)[C@@](C)(O)[C@H](O)[C@@H](C)C(=O)[C@H](C)C[C@@]2(C)O)O[C@H](C)C[C@@H]1N(C)C,0.6118455
CCOC(=O)CCC(=O)O[C@H]1[C@H](O[C@@H]2[C@@H](C)[C@H](O[C@H]3C[C@@](C)(OC)[C@@H](O)[C@H](C)O3)[C@@H](C)C(=O)O[C@H](CC)[C@@](C)(O)[C@H](O)[C@@H](C)C(=O)[C@H](C)C[C@@]2(C)O)O[C@H](C)C[C@@H]1N(C)C,0.9494183
O=C1OC2(c3ccccc31)c1cc(I)c(O)c(I)c1Oc1c2cc(I)c(O)c1I,0.9997578
O=C(CN1CCNCC1)NC1CCCCC1,0.0024149285
Cc1c(C(=O)Nc2ccc(S(C)(=O)=O)cc2)cn(CCO)c1-c1ccccc1C(F)(F)F,0.233227
CC=C(C)C(=O)O[C@H]1[C@H](OC(C)=O)[C@]2(CO)[C@H](O)C[C@]3(C)C(=CC[C@@H]4[C@@]5(C)CC[C@H](O[C@@H]6O[C@H](C(=O)O)[C@@H](O[C@@H]7O[C@H](CO)[C@@H](O)[C@H](O)[C@H]7O)[C@H](O)[C@H]6O[C@@H]6O[C@H](CO)[C@@H](O)[C@H](O)[C@H]6O)[C@](C)(CO)[C@@H]5CC[C@]43C)[C@@H]2CC1(C)C,0.063786596
O=c1ccc2cc(O[C@@H]3O[C@H](CO)[C@@H](O)[C@H](O)[C@H]3O)c(O)cc2o1,0.016107922
CN1CC[C@@]2(C)c3cc(O)ccc3N(C)[C@@H]12,6.814411e-05
CC(C)(C)c1cc(C(=O)/C(C#N)=N/Nc2cccc(Cl)c2)no1,0.7225676
CC(=O)O[C@H]1Cc2ccccc2N(C(N)=O)c2ccccc21,0.012639472
COC(=O)CCc1ccc(OC[C@@H](O)CNC(C)C)cc1,0.026025727
COc1ccc2nc([S@@](=O)Cc3ncc(C)c(OC)c3C)[nH]c2c1,0.5577636
CC(=O)SC[C@H](CC(=O)c1ccc(C)cc1)C(=O)O,0.0014256868
C[C@]12CC[C@@H]3c4ccc(O)cc4CC[C@H]3[C@@H]1[C@@H](O)[C@@H](O)[C@@H]2O,5.4860913e-05
C[C@]12CC[C@@H]3c4ccc(O)cc4CC[C@H]3[C@@H]1CC[C@@H]2O,0.00035507622
CC(=O)Oc1ccc2c(c1)CC[C@@H]1[C@@H]2CC[C@]2(C)[C@@H](O)CC[C@@H]12,0.0011103685
C[C@]12CC[C@@H]3c4ccc(OC(=O)c5ccccc5)cc4CC[C@H]3[C@@H]1CC[C@@H]2O,0.0012645598
C[C@]12CC[C@@H]3c4ccc(O)cc4CC[C@H]3[C@@H]1CC[C@@H]2OC(=O)CCC1CCCC1,0.0036747376
CCCCC(=O)O[C@H]1CC[C@H]2[C@@H]3CCc4cc(O)ccc4[C@H]3CC[C@]12C,0.00019504936
C[C@]12CC[C@@H]3c4ccc(OS(N)(=O)=O)cc4CC[C@H]3[C@@H]1CC[C@@H]2O,0.010513122
C[C@]12CC[C@@H]3c4ccc(OC(=O)N(CCCl)CCCl)cc4CC[C@H]3[C@@H]1CC[C@@H]2O,0.00079712144
C[C@]12CC[C@@H]3c4ccc(OC(=O)N(CCCl)CCCl)cc4CC[C@H]3[C@@H]1CC[C@@H]2OP(=O)(O)O,0.13135076
C[C@]12CC[C@@H]3c4ccc(O)cc4CC[C@H]3[C@@H]1C[C@@H](O)[C@@H]2O,3.120298e-05
C[C@]12CC[C@@H]3c4ccc(O)cc4CC[C@H]3[C@@H]1CCC2=O,0.00023784178
C[C@]12CC[C@@H]3c4ccc(OS(=O)(=O)O)cc4CC[C@H]3[C@@H]1CCC2=O,0.99776745
C=C(CC)C(=O)c1ccc(OCC(=O)O)c(Cl)c1Cl,0.72329074
CCN(CC)CCOc1ccccc1C(=O)CCc1ccccc1,0.07948333
O=S(=O)(O)c1cc(O)ccc1O,0.9902362
O=C(Cn1ccnc1[N+](=O)[O-])NCCO,8.598377e-05
CCOC(=O)c1cnc2c(cnn2CC)c1NN=C(C)C,0.033962805
Cn1c(=O)c2c(ncn2CC(=O)Nc2ccc(-c3ccccc3)nn2)n(C)c1=O,0.5481946
N#Cc1ccc(-c2cnc3ccc(-c4ccc(C(=O)N5CCOCC5)cc4)cn23)cc1,0.43688828
CCN(CC)S(=O)(=O)c1ccc(C(=O)O)cc1,0.0047204746
CCC1(c2ccccc2)C(=O)N(COC)C(=O)N(COC)C1=O,0.0025909806
CCOC(=O)Nc1ccc2c(c1)N(C(=O)CCN(CC)CC)c1ccccc1S2,0.9047588
CCOc1ccc2nc3cc(N)ccc3c(N)c2c1,0.68723214
CC[C@@H](CO)NCCN[C@@H](CC)CO,1.0806352e-05
CCN(CC)C(=O)c1ccc(O)c(OC)c1,8.742793e-05
CCCCCCCC/C=C\CCCCCCCC(=O)O,0.0053107743
CCOc1ccc(Cc2nccc3cc(OCC)c(OCC)cc23)cc1OCC,0.8486745
CCOc1ccccc1C(N)=O,0.053363007
CCn1cnc(C(=O)NC)c1C(=O)NC,0.2884838
C#C[C@]1(O)CC[C@H]2[C@@H]3CCc4cc(O)ccc4[C@H]3CC[C@@]21C,0.0009321305
CCc1cc(C(N)=S)ccn1,0.18218823
C#C[C@]1(O)CC[C@H]2[C@@H]3CCC4=CC(=O)CC[C@]4(C)[C@H]3CC[C@@]21C,0.0031581395
CCOc1cc(NC(C)=O)ccc1C(=O)OC,0.0044108587
CC[C@@]1(C)CC(=O)NC1=O,0.003976585
CCN1C(=O)N[C@H](c2ccccc2)C1=O,1.3641242e-05
CCOc1ccc2c(c1)C(C)=CC(C)(C)N2,0.0006967912
CCOc1ccc2nc(S(N)(=O)=O)sc2c1,0.6605768
CCOC(=O)c1ccc(O)cc1,0.00020811752
C=C(O)C(=O)OCC,0.0005166314
CCOc1cc(C=O)ccc1O,0.020875325
CCOC(=O)c1ccccc1OC(N)=O,0.00012373569
O=C(O)CN(CCN(CC(=O)O)CC(=O)O)CC(=O)O,0.00039339386
CC[C@@H](N)[C@@H](O)c1ccc(O)c(O)c1,5.937135e-06
C#C[C@]1(OC(C)=O)CC[C@H]2[C@@H]3CCC4=C[C@@H](OC(C)=O)CC[C@@H]4[C@H]3CC[C@@]21C,0.09524849
C#C[C@@]1(O)[C@@H](CO)O[C@@H](n2ccc(N)nc2=O)[C@@H]1O,0.121451214
CCc1cc(Cl)c(OC)c(C(=O)NC[C@@H]2CCCN2CC)c1O,0.3708433
CC(O)(P(=O)(O)O)P(=O)(O)O,0.016419236
CCc1cccc(CC)c1NC(=O)CN(CC(=O)O)CC(=O)O,0.023620173
CCNC1=Nc2ccc(Cl)cc2[C@](C)(c2ccccc2)O1,0.026271418
CCNCC(O)c1cccc(O)c1,0.000105985586
CCOC(=O)[C@@H](N)Cc1ccc(O)c(O)c1,2.640791e-05
CCc1cc2c(s1)-n1c(C)nnc1CN=C2c1ccccc1Cl,0.2166226
CCc1cccc2c3c([nH]c12)[C@](CC)(CC(=O)O)OCC3,0.2535376
O=C(OCCOCCO)c1ccccc1Nc1cccc(C(F)(F)F)c1,0.0075794724
CC(C)(Oc1ccc(Cl)cc1)C(=O)OCCOC(=O)c1cccnc1,0.0058789672
Cn1c(=O)c2c(ncn2CCO)n(C)c1=O,0.041863564
Cn1c(=O)c2c(ncn2CCOC(=O)C(C)(C)Oc2ccc(Cl)cc2)n(C)c1=O,0.40360337
CCOC(=O)c1cncn1[C@H](C)c1ccccc1,0.04403115
CCOC(=O)[C@@]1(CCCCCCOc2ccc(Cl)cc2)CO1,0.014169136
C#C[C@]1(O)CC[C@H]2[C@@H]3CCC4=CC(=O)CC[C@@H]4[C@H]3C(=C)C[C@@]21CC,0.1499448
COc1cc([C@@H]2c3cc4c(cc3[C@@H](O[C@@H]3O[C@@H]5CO[C@@H](C)O[C@H]5[C@H](O)[C@H]3O)[C@H]3COC(=O)[C@H]23)OCO4)cc(OC)c1O,0.09798195
COc1cc([C@@H]2c3cc4c(cc3[C@@H](O[C@@H]3O[C@@H]5CO[C@@H](C)O[C@H]5[C@H](O)[C@H]3O)[C@H]3COC(=O)[C@H]23)OCO4)cc(OC)c1OP(=O)(O)O,0.28260154
Cc1ccc(-c2ncc(Cl)cc2-c2ccc(S(C)(=O)=O)cc2)cn1,0.77051264
CCOCCOc1ccccc1C(N)=O,0.041930176
O=C(CCCO)NCCO,8.705417e-07
Cn1ncc2c(N3CCOCC3)nc(-c3cccc(O)c3)nc21,0.12019019
CC(C)(C#N)c1ccc(N2C(=O)OCc3cnc4ccc(-c5cnc6ccccc6c5)cc4c32)cc1,0.40212464
CN[C@H]1CCc2ncsc2C1,2.1044218e-05
O=C(O)C[C@H]1CCc2c1[nH]c1ccc(OCc3ccc(C4CCCC4)c(C(F)(F)F)c3)cc21,0.31842467
Cc1cc(C#N)cc(C)c1Oc1nc(Nc2ccc(C#N)cc2)nc(N)c1Br,0.005034821
CCOC(=O)/C=C(C)/C=C/C=C(C)/C=C/c1c(C)cc(OC)c(C)c1C,2.3448718e-05
CC12CCC(CC1)C(C)(C)O2,0.028284203
C[C@H]1C[C@H](OC(=O)[C@@H](O)c2ccccc2)CC(C)(C)N1C,0.7833012
C=CCc1ccc(O)c(OC)c1,0.00020454943
COc1cccc2c1[O][Mn]13([Cl])[O]c4c(cccc4OC)C=[N+]1CC[N+]3=C2,0.5310759
COc1ccc(-c2cc(=O)c3c(O)c(OC)c(O)cc3o2)cc1OC,0.0010411767
Cc1cc(C)c2c(c1)[C@@H](N(Cc1cc(C(F)(F)F)cc(C(F)(F)F)c1)c1nnn(C)n1)CCCN2C[C@H]1CC[C@H](C(=O)O)CC1,0.11600686
Cc1cc(-c2ccc(NN=C3C=Cc4c(S(=O)(=O)O)cc(S(=O)(=O)O)c(N)c4C3=O)c(C)c2)ccc1NN=C1C=Cc2c(S(=O)(=O)O)cc(S(=O)(=O)O)c(N)c2C1=O,0.99997294
CC(C)(C)c1ccc(CN(Cc2cccc(OCC(=O)O)c2)S(=O)(=O)c2cccnc2)cc1,0.4985756
CCCCOc1cccc(CCNCC(=O)N(C)C)c1,0.06050838
CO[C@H]1C[C@@H]2CC[C@@H](C)[C@@](O)(O2)C(=O)C(=O)N2CCCC[C@H]2C(=O)O[C@H]([C@H](C)C[C@@H]2CC[C@@H](OCCO)[C@H](OC)C2)CC(=O)[C@H](C)/C=C(\C)[C@@H](O)[C@@H](OC)C(=O)[C@H](C)C[C@H](C)/C=C/C=C/C=C/1C,0.8761572
C=CC(=O)N1CCC(CNc2ncnc(N)c2-c2ccc(Oc3ccccc3)cc2)CC1,0.61161613
C[C@@H](N[C@H]1CCN(c2ccc(CC(=O)O)cc2)C1)c1cccc2ccccc12,1.8707327e-05
CN1c2ccccc2C(=O)N2CCc3c([nH]c4ccccc34)[C@H]21,8.005196e-05
O=C(N[C@H]1CN2CCC1CC2)c1cc2cccc(Cl)c2s1,0.90830123
Nc1ccc2ncnc(NCCc3ccc(Oc4ccccc4)cc3)c2c1,0.52927023
Cc1cccc(-c2nc(CNc3ccccc3F)[nH]c2-c2ccc3ncnn3c2)n1,0.47718322
NC(=O)[C@H]1CCCc2c1[nH]c1ccc(Cl)cc21,0.06189627
CCCCCCOc1ccccc1C(N)=O,0.11023173
Cc1[nH]c2ccccc2c1C[C@@H](NC(=O)[C@@H](N)Cc1cnc[nH]1)C(=O)N[C@@H](C)C(=O)N[C@@H](Cc1c[nH]c2ccccc12)C(=O)N[C@H](Cc1ccccc1)C(=O)N[C@@H](CCCCN)C(N)=O,0.41808772
CC[C@@]1(O)C(=O)OCc2c1cc1n(c2=O)Cc2c-1nc1cc(F)c(C)c3c1c2[C@@H](N)CC3,0.6379555
C=C1C[C@@H]2[C@H](CC[C@]3(C)C(=O)CC[C@@H]23)[C@@]2(C)C=CC(=O)C=C12,0.0023847918
CC[C@H](C)[C@H](NC(=O)[C@H](Cc1ccccc1)NC(=O)[C@H](CC(C)C)NC(=O)[C@H](CCCNC(=N)N)NC(=O)[C@@H](NC(=O)[C@H](C)NC(=O)[C@H](CCC(=O)O)NC(=O)[C@H](CCC(=O)O)NC(=O)[C@H](CCC(=O)O)NC(=O)[C@H](CCSC)NC(=O)[C@H](CCC(N)=O)NC(=O)[C@H](CCCCN)NC(=O)[C@H](CO)NC(=O)[C@H](CC(C)C)NC(=O)[C@H](CC(=O)O)NC(=O)[C@H](CO)NC(=O)[C@@H](NC(=O)[C@H](Cc1ccccc1)NC(=O)[C@@H](NC(=O)CNC(=O)[C@H](CCC(=O)O)NC(=O)CNC(=O)[C@@H](N)Cc1c[nH]cn1)[C@@H](C)O)[C@@H](C)O)C(C)C)C(=O)N[C@@H](CCC(=O)O)C(=O)N[C@@H](Cc1c[nH]c2ccccc12)C(=O)N[C@@H](CC(C)C)C(=O)N[C@@H](CCCCN)C(=O)N[C@@H](CC(N)=O)C(=O)NCC(=O)NCC(=O)N1CCC[C@H]1C(=O)N[C@@H](CO)C(=O)N[C@@H](CO)C(=O)NCC(=O)N[C@@H](C)C(=O)N1CCC[C@H]1C(=O)N1CCC[C@H]1C(=O)N1CCC[C@H]1C(=O)N[C@@H](CO)C(N)=O,2.5204093e-07
CC(=O)N[C@H]1CSSC[C@@H](C(N)=O)NC(=O)[C@H](C(C)C)NC(=O)[C@H](C)NC(=O)[C@H](Cc2cnc[nH]2)NC1=O,0.31491286
O=C(c1cc(O)c(O)c(O)c1)c1ccc(O)c(O)c1O,0.20354201
CC1=C(CC(=O)O)c2cc(F)ccc2/C1=C\c1ccc(S(C)(=O)=O)cc1,0.845094
O=C(Nc1cccc2cccnc12)c1ccc(N2C(=O)[C@@H]3[C@H](C2=O)[C@H]2C=C[C@@H]3C2)cc1,0.5950821
COC(=O)c1ccccc1NC(=O)c1ccc(F)cc1,0.48415583
CCOC(=O)[C@@H](N)CCC(=O)N[C@@H](CSCc1ccccc1)C(=O)N[C@@H](C(=O)OCC)c1ccccc1,0.0033676538
O=C1[C@H](CC[C@H](O)c2ccc(F)cc2)[C@@H](c2ccc(O)cc2)N1c1ccc(F)cc1,0.039639387
CCN(CC)c1ccc(-n2nc3cc(C)c(N)cc3n2)cc1,0.46433955
CCCCCCCCC/C(=C\C1=C(C)C(=O)C(OC)=C(OC)C1=O)C(=O)O,0.001963012
C[C@H](NC(=O)c1c(C(F)F)nn(C)c1Oc1cccc(C(F)(F)F)c1)c1ccc(C(=O)O)cc1,0.9945687
O=C1NNc2nc(CN3Cc4ccccc4C3)nc3cccc1c23,0.99275243
Cc1ccc(NS(=O)(=O)c2cccc(C#N)c2)c2[nH]cc(C#N)c12,0.00045856636
Cn1c(=O)cnn(CCCCN2CCN(c3ncccn3)CC2)c1=O,0.10912962
CC/C=C\C/C=C\C/C=C\C/C=C\C/C=C\C/C=C\CCC(=O)OCc1cccnc1,6.2104455e-08
N#Cc1ccc([C@H]2CCCc3cncn32)cc1,8.0824386e-05
OC[C@H]1NCC[C@@H](O)[C@@H]1O,1.0610709e-07
C=C1/C(=C\C=C2/CCC[C@]3(C)[C@@H]([C@H](C)CCCC(O)(C(F)(F)F)C(F)(F)F)CC[C@@H]23)C[C@@H](O)C[C@@H]1O,0.98898715
CC(=O)OCC(CCn1cnc2cnc(N)nc21)COC(C)=O,0.24355774
N=C(N)Nc1nc(CSCC/C(N)=N\S(N)(=O)=O)cs1,0.045868874
CC(C)c1c(CN(C)[C@@H](C)Cc2ccccc2)n(C)n(-c2ccccc2)c1=O,0.30185258
O=S1(=O)c2cccc3cccc(c23)N1CCCN1CCN(c2ccc(F)cc2)CC1,0.41169673
c1ccc(CCNc2nc(-c3ccccc3)cs2)cc1,0.00057019235
COc1ccc(CCN(C)CCCOc2ccc(S(=O)(=O)c3c(C(C)C)cn4ccccc34)cc2)cc1OC,0.086546384
O=C(c1ccc2nonc2c1)N1CCCCC1,0.005660432
CC(C)=CCC/C(C)=C/CC/C(C)=C/CSc1ccccc1C(N)=O,0.158493
C[C@@H](O)[C@@H]1C(=O)N2C(C(=O)O)=C([C@H]3CCCO3)S[C@H]12,0.9358864
Cc1oc(=O)oc1COC(=O)C1=C([C@H]2CCCO2)S[C@@H]2[C@@H]([C@@H](C)O)C(=O)N12,0.9175667
O=C1CC[C@H](C(=O)N2CCCCC2)N1,0.0015609539
O=S(=O)(c1cccc2cnccc12)N1CCCNCC1,0.0026515457
NC(=O)c1nc(F)c[nH]c1=O,0.02515054
CO[C@H]1/C=C/O[C@@]2(C)Oc3c(C)c(O)c4c(O)c(c(/C=N/N=C/N5CCCCC5)c(O)c4c3C2=O)NC(=O)/C(C)=C\C=C\[C@H](C)[C@H](O)[C@@H](C)[C@@H](O)[C@@H](C)[C@H](OC(C)=O)[C@@H]1C,0.69483894
Nc1nc(=O)n([C@H]2C[C@H](O)[C@@H](CO)O2)cc1F,0.13107641
CCCCOC[C@@H](O)COc1ccccc1,0.010714224
Cc1nc(-c2ccc(OCC(C)C)c(C#N)c2)sc1C(=O)O,0.03985411
Cc1cnc(Nc2ccc(OCCN3CCCC3)cc2)nc1Nc1cccc(S(=O)(=O)NC(C)(C)C)c1,0.41916817
NC(=O)OCC(COC(N)=O)c1ccccc1,0.0043501216
O=C(O)Cc1ccc(-c2ccccc2)cc1,0.002751215
CCOC(=O)Cc1ccc(-c2ccccc2)cc1,0.0039627254
CCOC(=O)C1=C(C)NC(C)=C(C(=O)OC)[C@@H]1c1cccc(Cl)c1Cl,0.9689774
NCCCC[C@H](NC(=O)[C@@H]1CCCN1C(=O)[C@@H]1CSSC[C@H](N)C(=O)N[C@@H](Cc2ccccc2)C(=O)N[C@@H](Cc2ccccc2)C(=O)N[C@@H](CCC(N)=O)C(=O)N[C@@H](CC(N)=O)C(=O)N1)C(=O)NCC(N)=O,0.5161606
O=C(CCCl)NCCc1ccccc1,8.628281e-05
COC(=O)Nc1nc2ccc(Sc3ccccc3)cc2[nH]1,0.44975466
O=C(O)CCC(=O)c1ccc(-c2ccccc2)cc1,0.009896863
N[C@@H](Cc1ccc(Cl)cc1)C(=O)O,0.0017160967
C[C@@H](NCCC(c1ccccc1)c1ccccc1)c1ccccc1,0.009651211
C[C@H]1CN(C2COC2)CCN1c1ccc(Nc2cc(-c3ccnc(N4CCn5c(cc6c5CC(C)(C)C6)C4=O)c3CO)cn(C)c2=O)nc1,0.022646658
NC[C@@H](CC(=O)O)c1ccccc1,0.0015621138
CCCC[C@@H](O)c1ccccc1,0.00051462563
CN1CC(=O)N=C1NC(=O)Nc1cccc(Cl)c1,0.017913722
CC(C)OC(=O)C(C)(C)Oc1ccc(C(=O)c2ccc(Cl)cc2)cc1,0.0009087845
CC(C)(Oc1ccc(C(=O)c2ccc(Cl)cc2)cc1)C(=O)O,0.29676193
Oc1ccc([C@H]2CNCCc3c2cc(O)c(O)c3Cl)cc1,0.005758518
C[C@@H](C(=O)O)c1cccc(Oc2ccccc2)c1,0.00034883514
C[C@@H](Cc1ccc(O)cc1)NC[C@@H](O)c1cc(O)cc(O)c1,0.00085832376
O=C(CN1CCN(Cc2ccc3c(c2)OCO3)CC1)N1c2ccccc2Sc2ccccc21,0.17861032
CCOC(=O)[C@@H](C)Oc1ccc(Oc2nc3ccc(Cl)cc3o2)cc1,0.0008372926
CC1=C(/C=C/C(C)=C/C=C/C(C)=C/C(=O)Nc2ccc(O)cc2)C(C)(C)CCC1,0.5732001
O=C1NCC2(CCN(CCc3ccccc3)CC2)O1,0.07646214
COP(=S)(OC)Oc1ccc(SC)c(C)c1,0.5281602
O=C(O)Cc1sc(-c2ccccc2)nc1-c1ccc(Cl)cc1,0.024524799
Clc1ccc([C@@H](Cn2ccnc2)OCc2ccc(Sc3ccccc3)cc2)c(Cl)c1,0.06678321
O/N=C/c1ccc(-c2ccc(O)c(F)c2)c(Cl)c1O,0.05109116
CN(C)CC1=CC=C[C@@]1(CNc1ccnc2cc(Cl)ccc12)[Fe][CH]1C=CC=C1,0.9860028
CCOC(=O)c1ccc(NC2CCCCC2)c(N)c1,0.029165253
COc1cc(/C=C/C(=O)O)ccc1O,0.00011038032
CC(C)C(=O)Oc1ccc(CO)cc1[C@H](CCN(C(C)C)C(C)C)c1ccccc1,0.0020935375
Cc1c(CC(=O)O)c2cccnc2n1Cc1ccc(S(C)(=O)=O)cc1C(F)(F)F,0.59542793
COC(=O)/C=C/c1cccc(N(Cc2ccc(-c3ccc(N(C)C)cc3)cc2)C(=O)C2CCCCC2)c1,0.6940774
CSc1ccc(OCc2ncc([N+](=O)[O-])n2C)cc1,0.40746883
CC(C)(C(=O)O)c1ccc([C@@H](O)CCCN2CCC(C(O)(c3ccccc3)c3ccccc3)CC2)cc1,0.19510333
Cc1nsc(-c2nnc3n2CCN(C(=O)c2ccc(F)cc2)[C@@H]3C)n1,0.17148359
O=C(O)CNC(=O)c1nc(Cl)c2ccccc2c1O,0.07513299
Cc1nc(C(=O)NCC(=O)O)c(O)c2ccc(Oc3ccccc3)cc12,0.08851838
CNC(=O)c1cc2c(cn1)[nH]c1ccccc12,0.015615625
CCCCCCN(CCCCCC)C(=O)Cc1c(-c2ccc(F)cc2)[nH]c2ccccc12,0.14185926
CCCCCCN(CCCCCC)C(=O)Cc1c(-c2ccc(Cl)cc2)[nH]c2ccc(Cl)cc12,0.11728155
Cc1cc([N+](=O)[O-])ccc1NS(=O)(=O)c1cc(Cl)ccc1Cl,0.18768352
CC(=O)Nc1ccc(Cc2ccc(NC(C)=O)cc2)cc1,0.0038756393
Nc1nc(=O)n([C@@H]2O[C@H](CO)[C@@H](O)[C@@H]2F)cc1I,0.07162177
NC(=O)[C@H]1C[C@]2(NC(=O)NC2=O)c2cc(F)ccc2O1,0.07913416
CCc1c(Cl)c(O)c(Cl)c(O)c1C(=O)O[C@H]1[C@H](O)[C@H](OC)[C@H](OC/C2=C\C=C\C[C@H](O)/C(C)=C/[C@H](CC)[C@@H](O[C@@H]3OC(C)(C)[C@@H](OC(=O)C(C)C)[C@H](O)[C@@H]3O)/C(C)=C/C(C)=C/C[C@@H]([C@@H](C)O)OC2=O)O[C@@H]1C,0.9942417
CON(C)C(=O)N1N=C(c2cc(F)ccc2F)S[C@@]1(CCCN)c1ccccc1,0.14176509
O=C(Nc1nc2cccc(-c3ccc(CN4CCS(=O)(=O)CC4)cc3)n2n1)C1CC1,0.03688656
CCCCc1nc(C)c(CC(=S)N(C)C)c(=O)n1Cc1ccc(-c2ccccc2-c2nn[nH]n2)cc1,0.9330423
N#Cc1c(N2C[C@@H]3NCCO[C@H]3C2)c(F)cc2c(=O)c(C(=O)O)cn(C3CC3)c12,0.99432015
CC(C)(C)NC(=O)[C@H]1CC[C@H]2[C@@H]3CC[C@H]4NC(=O)C=C[C@]4(C)[C@H]3CC[C@]12C,4.8536935e-05
CCCCCCCCc1ccc(CCC(N)(CO)CO)cc1,0.0003356929
O=C(COc1ccc(Cl)cc1)N1CCN(Cc2ccc3c(c2)OCO3)CC1,0.5429784
O=C(NCCN1CCC(n2c(=O)[nH]c3ccccc32)CC1)c1cc2cc(F)ccc2[nH]1,0.16569752
N#Cc1nn(-c2c(Cl)cc(C(F)(F)F)cc2Cl)c(N)c1[S@@](=O)C(F)(F)F,0.11535116
CCOCc1cc(OC)c(-c2ccc(C[C@H](NC(=O)c3c(F)cccc3F)C(=O)O)cc2)c(OC)c1,0.55272204
CC1(C)OC(=O)C(OCC2CC2)=C1c1ccc(S(C)(=O)=O)cc1,0.0070435363
COc1ccccc1[C@H](Cn1c(=O)n(C(C)(C)C(=O)O)c(=O)c2c(C)c(-c3ncco3)sc21)OC1CCOCC1,0.5392316
O=c1c(O)c(-c2ccc(O)c(O)c2)oc2cc(O)ccc12,0.00018922258
C=CC(=O)N[C@H]1CCOC[C@H]1Nc1ncc2cc(-c3c(Cl)c(OC)cc(OC)c3Cl)ccc2n1,0.109168924
CCC(=O)N(c1ccccc1)C1CCN(CCc2ccc(N=C=S)cc2)CC1,0.0043918258
C[C@H](NC(=O)[C@@H](N)Cc1ccc(O)cc1)C(=O)NCC(=O)N(C)[C@@H](Cc1ccccc1)C(=O)N[C@H](CO)CC[S@@](C)=O,0.06463
CC(=O)c1ccc(NS(C)(=O)=O)c(Oc2ccc(F)cc2F)c1,0.09018384
CC/C(=C\C(=N\O)C(N)=O)[C@@H](C)[N+](=O)[O-],0.019847924
O=C(/C=C/c1cccnc1)NCCCCC1CCN(C(=O)c2ccccc2)CC1,0.06306112
CN(Cc1ccccc1)C(=O)[C@H](Cc1ccc2ccccc2c1)NC(=O)[C@@H]1C[C@@H](O)CN1C(=O)c1cn(C)c2ccccc12,0.9747772
CC(=O)N1CCC(NC(=O)c2ccc(F)cc2)CC1,0.069574215
Cc1cc2nc3c(=O)[nH]c(=O)nc-3n(C[C@H](O)[C@H](O)[C@H](O)CO[P@](=O)(O)O[P@](=O)(O)OC[C@H]3O[C@@H](n4cnc5c(N)ncnc54)[C@H](O)[C@@H]3O)c2cc1C,0.9739153
Cc1c(-c2ccccc2)oc2c(C(=O)OCCN3CCCCC3)cccc2c1=O,0.17614706
O=C(NCC1CCCCN1)c1cc(OCC(F)(F)F)ccc1OCC(F)(F)F,0.49424362
CN1CCN(c2c(F)cc3c(=O)c(C(=O)O)cn(CCF)c3c2F)CC1,0.22479874
CC1=NC2=C(C(=O)CC(C)(C)C2)[C@H](c2ccc([N+](=O)[O-])cc2)C1C(=O)OC1CCCCC1,0.88421166
O=c1[nH]c2ccccc2n1CCN1CCN(c2cccc(C(F)(F)F)c2)CC1,0.07451392
COc1ccc(Cl)cc1[C@]1(F)C(=O)Nc2cc(C(F)(F)F)ccc21,0.88241404
O=C(OC[C@H](O)CO)c1ccccc1Nc1ccnc2c(C(F)(F)F)cccc12,0.059355196
CCC(=O)c1c(O)cc(O)cc1O,0.017295199
CS(=O)(=O)c1ccc([C@@H](O)[C@@H](CF)NC(=O)C(Cl)Cl)cc1,0.15135194
O=C(OCCN1CCCC1)c1ccccc1Nc1ccnc2cc(C(F)(F)F)ccc12,0.17038621
Cn1cc([S@@](C)=O)c(=O)c2ccc(F)cc21,0.03716589
O=c1[nH]c(=O)n([C@H]2C[C@H](O)[C@@H](CO)O2)cc1F,0.00027263843
CCCNc1nc(Nc2ccc(C#N)cc2)ncc1C#CCCCNC(=O)[C@H](C)N(C)C(=O)/C=C/CN(C)C,0.9666658
COC(=O)Nc1nc2ccc(C(=O)c3ccc(F)cc3)cc2[nH]1,0.75983334
Cc1onc(-c2c(F)cccc2Cl)c1C(=O)N[C@@H]1C(=O)N2[C@@H]1SC(C)(C)[C@@H]2C(=O)O,0.04714121
OC(Cn1cncn1)(Cn1cncn1)c1ccc(F)cc1F,0.9034634
Nc1nc(=O)[nH]cc1F,0.052663382
Nc1nc(F)nc2c1ncn2[C@@H]1O[C@H](CO)[C@@H](O)[C@@H]1O,0.14661069
Nc1nc(F)nc2c1ncn2[C@@H]1O[C@H](COP(=O)(O)O)[C@@H](O)[C@@H]1O,0.05362405
CC(=O)OCC(=O)[C@@]1(O)CC[C@H]2[C@@H]3CCC4=CC(=O)CC[C@]4(C)[C@@]3(F)[C@@H](O)C[C@@]21C,0.010672092
CC1(C)O[C@@H]2C[C@H]3[C@@H]4C[C@H](F)C5=CC(=O)CC[C@]5(C)[C@H]4[C@@H](O)C[C@]3(C)[C@]2(C(=O)CO)O1,0.34773153
O=C(O)c1ccccc1Nc1cccc(C(F)(F)F)c1,0.08639091
Cc1ncc(NC(=O)c2ccc(CN3CCN(C)CC3)c(C(F)(F)F)c2)cc1Nc1nccc(-c2cccnc2)n1,0.21007313
CCOC(=O)c1ncn2c1CN(C)C(=O)c1cc(F)ccc1-2,0.36654875
CC[C@@](O)(c1ccccc1)c1cccc(C(F)(F)F)c1,0.018339194
C[C@H]1CCc2cc(F)cc3c(=O)c(C(=O)O)cn1c23,0.014179315
C[C@@H]1C[C@H]2[C@@H]3C[C@H](F)C4=CC(=O)C=C[C@]4(C)[C@@]3(F)[C@@H](O)C[C@]2(C)[C@@]1(O)C(=O)CO,0.0064708674
C[C@@H]1C[C@H]2[C@@H]3C[C@H](F)C4=CC(=O)C=C[C@]4(C)[C@@]3(F)[C@@H](O)C[C@]2(C)[C@@]1(O)C(=O)COC(=O)C(C)(C)C,0.005930996
FC(F)(F)c1cccc([C@H]2CNCCO2)c1,0.0041361162
Fc1ccc(C(c2ccc(F)cc2)N2CCN(C/C=C/c3ccccc3)CC2)cc1,0.88894963
CC1(C)O[C@@H]2C[C@H]3[C@@H]4C[C@H](F)C5=CC(=O)C=C[C@]5(C)[C@H]4[C@@H](O)C[C@]3(C)[C@]2(C(=O)CO)O1,0.34871182
Cc1c(Nc2ncccc2C(=O)O)cccc1C(F)(F)F,0.39300683
CC1(C)O[C@@H]2C[C@H]3[C@@H]4C[C@H](F)C5=CC(=O)C=C[C@]5(C)[C@@]4(F)[C@@H](O)C[C@]3(C)[C@]2(C(=O)CO)O1,0.3577534
CC(=O)OCC(=O)[C@@]12OC(C)(C)O[C@@H]1C[C@H]1[C@@H]3C[C@H](F)C4=CC(=O)C=C[C@]4(C)[C@@]3(F)[C@@H](O)C[C@@]12C,0.07658245
O=C1OC2(c3ccc(O)cc3Oc3cc(O)ccc32)c2ccccc21,0.0002955088
CC(=O)[C@@]1(O)CC[C@H]2[C@@H]3C[C@H](C)C4=CC(=O)C=C[C@]4(C)[C@@]3(F)[C@@H](O)C[C@@]21C,0.0032703343
CC(=O)O[C@]1(C(C)=O)CC[C@H]2[C@@H]3C[C@H](C)C4=CC(=O)C=C[C@]4(C)[C@@]3(F)[C@@H](O)C[C@@]21C,0.0022620966
C[N+](C)(CF)CCO,0.0005031164
CNCCC(Oc1ccc(C(F)(F)F)cc1)c1ccccc1,0.00027672693
OCCN1CCN(CC/C=C2/c3ccccc3Sc3ccc(C(F)(F)F)cc32)CC1,0.007149978
OCCN1CCN(CCCN2c3ccccc3Sc3ccc(C(F)(F)F)cc32)CC1,0.006316798
CCCCCCCCCC(=O)OCCN1CCN(CCCN2c3ccccc3Sc3ccc(C(F)(F)F)cc32)CC1,0.50266373
CCOC(=O)Nc1ccc(NCc2ccc(F)cc2)nc1N,0.99270624
NC(=O)NCCN1CCN(c2cccc(C(F)(F)F)c2)CC1,0.443206
Cc1cc(C2=NO[C@](c3cc(Cl)cc(Cl)c3)(C(F)(F)F)C2)ccc1C(=O)NCC(=O)NCC(F)(F)F,0.91817254
C[C@@H](C(=O)O)c1ccc(-c2ccccc2)c(F)c1,0.01215591
C[C@H](C(=O)O)c1ccc(-c2ccccc2)c(F)c1,0.030940913
CC(=O)O[C@@H](C)OC(=O)[C@H](C)c1ccc(-c2ccccc2)c(F)c1,0.36109263
NP(N)(=O)NC(=O)c1ccc(F)cc1,0.94844425
FC(F)(F)COCC(F)(F)F,0.024330717
C=COCC(F)(F)F,0.0011221092
O=C1NCN(c2ccccc2)C12CCN(CCCC(c1ccc(F)cc1)c1ccc(F)cc1)CC2,0.89591336
CC(C)C(=O)Nc1ccc([N+](=O)[O-])c(C(F)(F)F)c1,0.109306276
CCC(=O)O[C@]1(C(=O)SCF)[C@H](C)C[C@H]2[C@@H]3C[C@H](F)C4=CC(=O)C=C[C@]4(C)[C@@]3(F)[C@@H](O)C[C@@]21C,0.033946685
Fc1ccc(C(c2ccccc2)(c2ccccc2F)n2ccnc2)cc1,0.28142494
CC(C)n1c(/C=C/[C@@H](O)C[C@@H](O)CC(=O)O)c(-c2ccc(F)cc2)c2ccccc21,0.4601408
COCCCC/C(=N\OCCN)c1ccc(C(F)(F)F)cc1,0.0052578086
CC(C)C[C@H](NC(=O)OCC1c2ccccc2-c2ccccc21)C(=O)O,0.86678344
CN1CCN(Cc2ccc(NC(=O)c3[nH]ncc3Nc3ncnc4[nH]ccc34)cc2)CC1,0.1668788
Nc1nc(=O)c2nc(CNc3ccc(C(=O)N[C@@H](CCC(=O)O)C(=O)O)cc3)cnc2[nH]1,0.8581575
Cc1cn[nH]c1,0.00013471283
c1ccc(OCc2ccc(CCCN3CCOCC3)cc2)cc1,0.012573215
CO[C@H]1O[C@H](COS(=O)(=O)O)[C@@H](O[C@@H]2O[C@@H](C(=O)O)[C@@H](O[C@H]3O[C@H](COS(=O)(=O)O)[C@@H](O[C@@H]4O[C@H](C(=O)O)[C@@H](O[C@H]5O[C@H](COS(=O)(=O)O)[C@@H](O)[C@H](O)[C@H]5NS(=O)(=O)O)[C@H](O)[C@H]4O)[C@H](OS(=O)(=O)O)[C@H]3NS(=O)(=O)O)[C@H](O)[C@H]2OS(=O)(=O)O)[C@H](O)[C@H]1NS(=O)(=O)O,1.0
COc1cc2c(Oc3ccc(NC(=O)C4(C(=O)Nc5ccc(F)cc5)CC4)cc3F)ccnc2cc1OCCCN1CCOCC1,0.059356257
C[C@]12CCC(=O)C(=O)[C@@H]1CC[C@@H]1[C@@H]2CC[C@]2(C)C(=O)CC[C@@H]12,0.00014502893
COc1ccc(-c2coc3cc(O)ccc3c2=O)cc1,0.0006925734
COc1ccc(C[C@H](C)NC[C@@H](O)c2ccc(O)c(NC=O)c2)cc1,0.06583411
O=c1nc[nH]c2c([C@@H]3N[C@H](CO)[C@@H](O)[C@H]3O)c[nH]c12,6.168354e-05
CC(C)c1cc(C(C)C)c(-c2csc(N(CCN(C)C)Cc3cccnc3)n2)c(C(C)C)c1,0.01854111
CC(C)CN(C[C@@H](OP(=O)(O)O)[C@H](Cc1ccccc1)NC(=O)O[C@H]1CCOC1)S(=O)(=O)c1ccc(N)cc1,0.9999827
C[C@@H](O[C@H]1OCCN(Cc2nn(P(=O)(O)O)c(=O)[nH]2)[C@H]1c1ccc(F)cc1)c1cc(C(F)(F)F)cc(C(F)(F)F)c1,0.08909433
COc1ccc(/C=C\c2cc(OC)c(OC)c(OC)c2)cc1OP(=O)(O)O,8.6465174e-05
O=C(O)P(=O)(O)O,0.0045482377
CC/C(=C(/CC)c1ccc(OP(=O)(O)O)cc1)c1ccc(OP(=O)(O)O)cc1,0.011876343
O=P(O)(O)OC(Cn1cncn1)(Cn1cncn1)c1ccc(F)cc1F,0.73283273
C[C@@H]1O[C@@H]1P(=O)(O)O,0.001356073
O=C(O)c1ccccc1OP(=O)(O)O,0.0037793608
O=C(COP(=O)(O)O)[C@@H](O)[C@H](O)[C@H](O)COP(=O)(O)O,4.6512574e-05
CCC(=O)O[C@@H](OP(=O)(CCCCc1ccccc1)CC(=O)N1C[C@H](C2CCCCC2)C[C@H]1C(=O)O)C(C)C,0.107000686
O=C(O)[C@@H]1C[C@@H](C2CCCCC2)CN1C(=O)C[P@@](=O)(O)CCCCc1ccccc1,0.561477
O=C1NC(c2ccccc2)(c2ccccc2)C(=O)N1COP(=O)(O)O,3.7100806e-05
COc1cc(Nc2ncc(F)c(Nc3ccc4c(n3)N(COP(=O)(O)O)C(=O)C(C)(C)O4)n2)cc(OC)c1OC,0.31554648
COc1cnc(-n2cnc(C)n2)c2c1c(C(=O)C(=O)N1CCN(C(=O)c3ccccc3)CC1)cn2COP(=O)(O)O,0.26954472
CCOP(=O)(OCC)[C@@H](C)NC(=O)N(CCCl)[NH2+][O-],0.001966465
CSCC[C@H](NC=O)C(=O)N[C@@H](CC(=O)O)C(=O)NCC(=O)N[C@@H](CS)C(=O)N[C@@H](CCC(=O)O)C(=O)N[C@@H](CC(C)C)C(=O)O,0.49478275
NC(=S)N/N=C/c1coc2ccccc2c1=O,0.9899587
Cc1ccc(Cl)cc1N(CC(=O)Nc1c(F)cccc1F)S(C)(=O)=O,0.031733196
CC(N)(Cc1ccccc1)c1ccccc1,0.021245759
CCCc1c(OC[C@@H](O)COc2ccc3c(=O)cc(C(=O)O)oc3c2CCC)ccc(C(C)=O)c1O,0.84796387
COc1ccc(Nc2ccn(-c3ccccc3)n2)cc1,0.0034002508
COC(=O)c1c(C)[nH]c(C)c1C(=O)c1ccccc1Cc1ccccc1,0.0009912291
O=C(c1ccc(Cl)cc1)N(Cc1ccccc1)C1CCCCC1,0.25279456
COc1ccc(-c2nc(C(=O)N3CCN(C)CC3)sc2-c2ccc(OC)cc2)cc1,0.22580308
CC(C)C[C@H](NC(=O)N1CCCCCC1)C(=O)N[C@H](Cc1cn(C)c2ccccc12)C(=O)N[C@H](Cc1ccccn1)C(=O)O,0.06251497
Nc1[nH]nc2nnc(-c3c(-c4ccccc4)nn4ccccc34)cc12,0.28235996
CCn1c(=O)c(-c2ccc(Cl)cc2Cl)cc2cnc(Nc3ccc(N4CCNCC4)c(F)c3)nc21,0.049186688
COc1ccc2nc(NC(=O)Nc3ccccc3)sc2c1,0.21728025
CC(C)[C@@H](NC(=O)Cn1c(-c2ccccc2)ncc(N)c1=O)[C@@H](O)c1nnc(C(C)(C)C)o1,0.06264666
CN[C@@H]1CCc2[nH]c3ccc(C(N)=O)cc3c2C1,0.00073652965
CNC(=O)c1c(C)oc2cc(Oc3ncnc4cc(OC)c(OC)cc34)ccc12,0.12989746
Cc1cccc(C)c1NC(=O)c1ccccc1C(=O)O,0.03207372
O=c1[nH]c(=O)n([C@H]2CCCO2)cc1F,0.00079494965
C#CCOc1ccc(/C=C/C(=O)Nc2ccccc2C(=O)O)cc1OC,0.28278154
CC(=O)O[C@H]1CC(C)(C)C(=C=C/C(C)=C/C=C/C(C)=C/C=C/C=C(C)/C=C/C=C(\C)C(=O)C[C@]23O[C@@]2(C)C[C@H](O)CC3(C)C)[C@](C)(O)C1,0.0033859722
N[C@@H](CSCCCO)C(=O)O,0.0002368847
C[C@]12CC[C@@H]3c4ccc(O)cc4C[C@@H](CCCCCCCCC[S@@](=O)CCCC(F)(F)C(F)(F)F)[C@H]3[C@@H]1CC[C@@H]2O,0.67243403
CO[C@H]1[C@@H]([C@@]2(C)O[C@@H]2CC=C(C)C)[C@]2(CC[C@H]1OC(=O)/C=C/C=C/C=C/C=C/C(=O)O)CO2,1.0227176e-05
CCCC[C@@H](C)[C@@H](OC(=O)C[C@@H](CC(=O)O)C(=O)O)[C@H](C[C@@H](C)C[C@H](O)CCCC[C@@H](O)C[C@H](O)[C@H](C)N)OC(=O)C[C@@H](CC(=O)O)C(=O)O,0.47596225
O=C1N(Cc2ccc(C(F)(F)F)o2)c2ccccc2[C@]12COc1cc3c(cc12)OCO3,0.7774945
O=C1CN(/N=C/C=C/c2ccc([N+](=O)[O-])o2)C(=O)N1,0.8118718
O=C1O[C@H](CN2CCOCC2)CN1/N=C/c1ccc([N+](=O)[O-])o1,0.7152467
N=C(N)c1ccc(-c2ccc(-c3ccc(C(=N)N)cc3)o2)cc1,0.535025
O=C1OCCN1/N=C/c1ccc([N+](=O)[O-])o1,0.047657136
O=C(O)c1cc2cc(Cc3cccnc3)ccc2o1,0.040160414
NS(=O)(=O)c1cc(C(=O)O)c(NCc2ccco2)cc1Cl,0.1692396
C/C(=C(/CCO)SSC[C@H]1CCCO1)N(C=O)Cc1cnc(C)nc1N,0.29111308
O=[N+]([O-])/C(Br)=C\c1ccc(Br)o1,0.0016730528
CC(=O)O[C@H]1C[C@@]2(C)[C@@H](C[C@@H](O)[C@H]3[C@@]4(C)CC[C@@H](O)[C@@H](C)[C@@H]4CC[C@@]32C)/C1=C(\CCC=C(C)C)C(=O)O,0.99136156
C=CC(=O)N1CC[C@H](n2nc(C#Cc3cc(OC)cc(OC)c3)c3c(N)ncnc32)C1,0.9567506
Cc1ccc(=O)n(-c2ccc(O)cc2)c1,0.00047086593
C=C1CC/C=C(\C)CC[C@@H]2[C@@H]1CC2(C)C,0.00063005876
CC(=O)c1ccc2c(c1)[C@@H]1C=CC[C@@H]1[C@H](c1cc3c(cc1Br)OCO3)N2,0.0014834695
Brc1cc2c(cc1[C@H]1Nc3ccccc3[C@H]3C=CC[C@H]31)OCO2,0.0018406546
CN1CCC(Nc2nc(Nc3ccc(Oc4ccccc4)cc3)c3c(O)ncc(Br)c3n2)CC1,0.30351475
CCCCC/C=C\C/C=C\CCCCCCCC(=O)NCCCC(=O)O,0.0008937939
NCC1(CC(=O)O)CCCCC1,0.0012206505
CC(C)C(=O)O[C@@H](C)OC(=O)NCC1(CC(=O)O)CCCCC1,0.033070292
COc1ccc(-c2ccc(=N)n(CCCC(=O)O)n2)cc1,0.013713629
CCOC(=O)c1ccc(OC(=O)CCCCCNC(=N)N)cc1,0.0014163333
O=c1[nH]oc2c1CCNC2,0.0004788705
O=C1CN2CCN3CCN([C@@H](CO)[C@@H](O)CO)CCN(CC2)CC(=O)[O][Gd]([O]1)[O]C(=O)C3,0.99954456
CNC(=O)CN1CCN2CCN(CC(=O)NC)CC(=O)[O][Gd]([O]C(=O)C2)[O]C(=O)C1,0.08538024
O=C(O)CN1CCN2CCN(CC(=O)O)CC(=O)[O][Gd]([O]C(=O)C2)[O]C(=O)C1,0.013075608
O=C(O)CN1CCN(CC(=O)O)CCN(CC(=O)O)CCN(CC(=O)O)CC1,0.007171132
C[C@@H](O)CN1CCN2CCN3CCN(CC1)CC(=O)[O][Gd]([O]C(=O)C3)[O]C(=O)C2,0.9995333
CCCNc1nc(NCCC)nc(N(C)OC)n1,0.0021140117
COc1ccc2c3c1O[C@H]1C[C@@H](O)C=C[C@@]31CCN(C)C2,0.008188599
C[C@]12CC[C@H](O)CC1=CC[C@@H]1[C@@H]2CC[C@]2(C)C(n3cnc4ccccc43)=CC[C@@H]12,0.021058388
Nc1ncnc2c([C@@H]3N[C@H](CO)[C@@H](O)[C@H]3O)c[nH]c12,0.006765033
CC[N+](CC)(CC)CCOc1cccc(OCC[N+](CC)(CC)CC)c1OCC[N+](CC)(CC)CC,4.6081968e-07
O=C(O)c1cc(O)c(O)c(O)c1,0.09073789
c1cnc2c([O][Ga]([O]c3cccc4cccnc34)[O]c3cccc4cccnc34)cccc2c1,0.79882056
COc1ccc(CCN(C)CCCC(C#N)(c2cc(OC)c(OC)c(OC)c2)C(C)C)cc1OC,0.9949181
CC(C)=CCC[C@]1(C)C=Cc2c(O)c3c(c(CC=C(C)C)c2O1)O[C@]12C(=C[C@@H]4C[C@H]1C(C)(C)O[C@@]2(C/C=C(/C)C(=O)O)C4=O)C3=O,0.32582843
CCCN1C[C@H](C)[C@@H](O)[C@](C)(O)[C@@H](CC)OC(=O)[C@H](C)[C@@H](O[C@H]2C[C@@](C)(OC)[C@@H](O)[C@H](C)O2)[C@H](C)[C@@H](O[C@@H]2O[C@H](C)C[C@H](N(C)C)[C@H]2O)[C@](C)(O)C[C@H]1C,0.99829906
NCCCC(=O)O,1.9378536e-05
CCCCC/C=C\C/C=C\C/C=C\CCCCC(=O)O,0.00015709347
CC(=O)[C@H]1CC[C@H]2[C@@H]3CC[C@H]4C[C@](C)(O)CC[C@]4(C)[C@H]3CC[C@]12C,0.0001293788
Nc1nc(=O)c2ncn(COC(CO)CO)c2[nH]1,0.14222793
CC(C)c1cc(-c2n[nH]c(=O)n2-c2ccc3c(ccn3C)c2)c(O)cc1O,0.030533832
C[C@H](CC(=O)C[C@@H](C)[C@H]1C[C@H](O)[C@@]2(C)C3=C(C(=O)C[C@]12C)[C@@]1(C)CCC(=O)C(C)(C)[C@@H]1C[C@@H]3O)C(=O)O,0.888033
c1cc(-c2sc(-c3ccncc3)c(-c3ccncc3)c2-c2ccncc2)ccn1,0.051174816
CN(C)c1ccccc1CN1CCCN(Cc2ccccc2N(C)C)C1c1ccncc1,0.99837494
C[C@H]1NCc2cc(-c3ccc4c(=O)c(C(=O)O)cn(C5CC5)c4c3OC(F)F)ccc21,0.98664725
OCc1ccc(O[C@@H]2O[C@H](CO)[C@@H](O)[C@H](O)[C@H]2O)cc1,0.008013244
COc1c(N2CCN[C@@H](C)C2)c(F)cc2c(=O)c(C(=O)O)cn(C3CC3)c12,0.95220846
O=C(/C=C/c1c(C(=O)O)[nH]c2cc(Cl)cc(Cl)c12)Nc1ccccc1,0.17671943
C(=C/c1ccccc1)\CN1CCN(CCOC(c2ccccc2)c2ccccc2)CC1,0.19658814
c1ccc(CCCN2CCN(CCOC(c3ccccc3)c3ccccc3)CC2)cc1,0.22434106
Fc1ccc(C(OCCN2CCN(C/C=C/c3ccccc3)CC2)c2ccc(F)cc2)cc1,0.37964478
CC(C)NC[C@@H](C(=O)N1CCN(c2ncnc3c2[C@H](C)C[C@H]3O)CC1)c1ccc(Cl)cc1,0.26238868
C[C@H](Nc1ccc2c(c1)OCCn1cc(N3C(=O)OC[C@H]3C(F)F)nc1-2)C(N)=O,0.95021075
CC1(C)OCCn2c1nc1c(N3CCOCC3)nc(-c3cnc(N)nc3)nc12,0.18145643
CN[C@@H](C)C(=O)N[C@H](C(=O)N1CCC[C@H]1C(=O)Nc1snnc1-c1ccccc1)C1CCCCC1,0.13078617
CCNC(=O)Nc1ccc(-c2nc3c(c(N4CCOC[C@@H]4C)n2)CCN(C2COC2)C3)cc1,0.18548179
N[C@@H]1CCCN(c2c(Br)cnc3[nH]cc(NC(=O)C4CC4)c23)C1,0.16149978
O=C(NOCCO)c1ccc2cncn2c1Nc1ccc(I)cc1F,0.2867959
CC/C(=C(/c1ccc(/C=C/C(=O)O)cc1)c1ccc2n[nH]cc2c1)c1ccc(F)cc1Cl,0.055628985
Cc1c(NC(=O)c2cc3c(s2)CCCC3)cccc1-c1cn(C)c(=O)c(Nc2ccc([C@H]3C(=O)N(C)CCN3C)cc2)n1,0.08193184
OCCn1cc(-c2ccc3c(c2)CC/C3=N\O)c(-c2ccncc2)n1,0.0009052861
CC1=C(c2cccc(O)c2)[C@H](c2ccc(OCCN3CC(CF)C3)cc2)Oc2ccc(O)cc21,0.0052079693
CS(=O)(=O)N1CCN(Cc2cc3nc(-c4cccc5n[nH]cc45)nc(N4CCOCC4)c3s2)CC1,0.24665777
Cc1c(CN2CCN(C(=O)[C@H](C)O)CC2)sc2c(N3CCOCC3)nc(-c3cnc(N)nc3)nc12,0.20726047
Cn1nccc1Nc1nccc(-c2ccn([C@@H](CO)c3ccc(Cl)c(F)c3)c(=O)c2)n1,0.6395576
CC(=O)O[C@@H]1C[C@H]2C(C)(C)C(=O)C=C[C@]2(C)[C@H]2CC[C@@]3(C)[C@H](c4ccoc4)OC(=O)[C@H]4O[C@]43[C@@]21C,0.00012915261
COc1cc(C(C)C)c(Oc2cnc(N)nc2N)cc1S(N)(=O)=O,0.025795598
COc1cc2ncnc(Nc3ccc(F)c(Cl)c3)c2cc1OCCCN1CCOCC1,0.2922059
COC1=C2C[C@@H](C)C[C@H](OC)[C@H](O)[C@@H](C)/C=C(\C)[C@H](OC(N)=O)[C@@H](OC)/C=C/C=C(\C)C(=O)NC(=CC1=O)C2=O,0.44591305
CC(C)(CO)CCCCCCC(C)(C)CO,0.005557839
Nc1ccn([C@@H]2O[C@H](CO)[C@@H](O)C2(F)F)c(=O)n1,0.24709389
CCCCCCCC/C=C/CCCCCCCC(=O)OC[C@H]1O[C@@H](n2ccc(N)nc2=O)C(F)(F)[C@@H]1O,0.6919218
Cc1ccc(C)c(OCCCC(C)(C)C(=O)O)c1,0.003197756
CO/N=C1\CN(c2nc3c(cc2F)c(=O)c(C(=O)O)cn3C2CC2)C[C@@H]1CN,0.9682692
N[C@@H](CC(=O)N1CCc2c(nc(C(F)(F)F)nc2C(F)(F)F)C1)CN1CC(F)(F)CCC1=O,0.358486
COC(=O)C1=CO[C@@H](O)[C@@H]2C(CO)=CC[C@H]12,0.00034383047
COC(=O)C1=CO[C@@H](O[C@@H]2O[C@H](CO)[C@@H](O)[C@H](O)[C@H]2O)[C@@H]2C(CO)=CC[C@H]12,0.14980155
O=C(O)C1=CO[C@@H](O[C@@H]2O[C@H](CO)[C@@H](O)[C@H](O)[C@H]2O)[C@@H]2C(CO)=CC[C@H]12,0.76963365
O=c1c(-c2ccc(O)cc2)coc2cc(O)cc(O)c12,0.004080701
CN[C@@H]1[C@@H](O)[C@@H](O[C@@H]2[C@@H](O)[C@H](O[C@H]3O[C@H]([C@@H](C)NC)CC[C@H]3N)[C@@H](N)C[C@H]2N)OC[C@]1(C)O,0.9996408
C=C[C@@H]1C2=CCOC(=O)C2=CO[C@H]1O[C@@H]1O[C@H](CO)[C@@H](O)[C@H](O)[C@H]1O,0.60045683
CCCCCCCCC(=O)N[C@H](CN1CCCC1)[C@H](O)c1ccc2c(c1)OCCO2,0.13192067
CNCCn1c(=O)c2cc(OC)c(OC)cc2c2cnc3cc4c(cc3c21)OCO4,0.7831193
C[C@@H](N)Cc1cccc(O)c1,0.00044911954
CC(C)[C@@H](NC(=O)[C@@H](NC(=O)[C@@H](CCC(=O)O)NC(=O)[C@H](CCCNC(=N)N)NC(=O)[C@@H](CCCNC(=N)N)NC(=O)[C@@H](CCCCN)NC(=O)[C@@H](CCCCN)NC(=O)[C@@H](CCC(=O)O)NC(=O)[C@H](N)[C@@H](C)O)[C@@H](C)O)C(=O)N[C@H](CCC(=O)O)C(=O)N[C@@H](CCCNC(=N)N)C(=O)N[C@@H](CCC(=O)O)C(=O)N[C@@H](CCCCN)C(=O)N[C@@H](CCC(=O)O)C(=O)O,0.0047744205
O=c1ccc2ncc(=O)n3c2n1C[C@H]3CN1CCC(NCc2cc3c(cn2)OCCC3)CC1,0.9552021
CC(C)=CCC/C(C)=C/CC/C(C)=C/CCC(=O)OC/C=C(\C)CCC=C(C)C,0.012892462
C#C[C@]1(O)C=C[C@H]2[C@@H]3CCC4=CC(=O)CC[C@@H]4[C@H]3CC[C@@]21CC,0.072585166
C#C[C@]1(O)CC[C@H]2[C@@H]3CCC4=CC(=O)CCC4=C3C=C[C@@]21CC,0.9144445
CN(C)CCCn1cc(C2=C(c3c[nH]c4ccccc34)C(=O)NC2=O)c2ccccc21,0.21420065
COP(=O)(CC[C@@H](N)C(=O)O)Oc1cccc(CC(=O)O)c1,0.006429525
COC(=O)[C@H](CC(C)C)NC(=O)c1ccc(NC[C@@H](N)CS)cc1-c1cccc2ccccc12,0.9781349
CCc1nc(C(N)=O)c(Nc2ccc(N3CCC(N4CCN(C)CC4)CC3)c(OC)c2)nc1NC1CCOCC1,0.19404195
O=c1cc(O)c(Cl)c[nH]1,0.004697197
C[C@@H]1C(=O)O[C@H]2C[C@@]34[C@H]5C[C@@H](C(C)(C)C)[C@]36[C@@H](OC(=O)[C@@H]6O)O[C@@]4(C(=O)O5)[C@]21O,0.059089724
C[C@@H]1C(=O)O[C@H]2[C@H](O)[C@@]34[C@H]5C[C@@H](C(C)(C)C)[C@]36[C@@H](OC(=O)[C@@H]6O)O[C@@]4(C(=O)O5)[C@@]12O,0.0006429777
CC(C)=CCC[C@](C)(O[C@@H]1O[C@H](CO)[C@@H](O)[C@H](O)[C@H]1O)[C@H]1CC[C@]2(C)[C@@H]1[C@H](O)C[C@@H]1[C@@]3(C)CC[C@H](O)C(C)(C)[C@@H]3CC[C@]12C,0.05247246
CC(C)=CCC[C@@](C)(O[C@@H]1O[C@H](CO)[C@@H](O)[C@H](O)[C@H]1O)[C@H]1CC[C@]2(C)[C@@H]1[C@H](O)C[C@@H]1[C@@]3(C)CC[C@H](O[C@@H]4O[C@H](CO)[C@@H](O)[C@H](O)[C@H]4O[C@@H]4O[C@H](CO)[C@@H](O)[C@H](O)[C@H]4O)C(C)(C)[C@@H]3CC[C@]12C,0.03079668
CC(C)=CCC[C@](C)(O[C@@H]1O[C@H](CO)[C@@H](O)[C@H](O)[C@H]1O)[C@H]1CC[C@]2(C)[C@@H]1[C@H](O)C[C@@H]1[C@@]3(C)CC[C@H](O)C(C)(C)[C@@H]3[C@@H](O[C@@H]3O[C@H](CO)[C@@H](O)[C@H](O)[C@H]3O[C@@H]3O[C@@H](C)[C@H](O)[C@@H](O)[C@H]3O)C[C@]12C,0.071610756
CC(C)=CCC[C@@](C)(O)[C@H]1CC[C@]2(C)[C@@H]1[C@H](O)C[C@@H]1[C@@]3(C)CC[C@H](O[C@@H]4O[C@H](CO)[C@@H](O)[C@H](O)[C@H]4O[C@@H]4O[C@H](CO)[C@@H](O)[C@H](O)[C@H]4O)C(C)(C)[C@@H]3CC[C@]12C,0.04182847
CCN(CC)Cc1ccc2cc(COC(=O)Nc3ccc(C(=O)NO)cc3)ccc2c1,0.6178719
COC[C@H](C)Oc1cc(O[C@@H](C)Cc2ccccc2)cc(C(=O)Nc2ccc(C(=O)O)cn2)c1,0.9646186
CN(C)c1cccc(-c2c3c(=O)n(-c4ccccc4Cl)[nH]c3cc(=O)n2C)c1,0.0070289075
C(#Cc1nc2ncccc2nc1OCCN1CCCC1)c1ccccc1,0.15343827
O=C(OC[C@H](O)CO)c1ccccc1Nc1ccnc2cc(Cl)ccc12,0.054112542
CN1CC[C@@H](NC(=O)Nc2ccc(C#N)cc2)C[C@@H]1c1nc2ccccc2[nH]1,0.10893952
CC(C)(C)[C@@H]1NC(=O)O[C@@H]2CCC[C@H]2OC/C=C/C(F)(F)c2nc3ccccc3nc2O[C@@H]2C[C@@H](C(=O)N[C@]3(C(=O)NS(=O)(=O)C4(C)CC4)C[C@H]3C(F)F)N(C2)C1=O,0.9881417
COCCNCc1ccc(-c2cc3nccc(Oc4ccc(NC(=S)NC(=O)Cc5ccc(F)cc5)cc4F)c3s2)nc1,0.9842709
Cc1ccc(S(=O)(=O)NC(=O)NN2C[C@H]3CCC[C@@H]3C2)cc1,9.616017e-05
CCC1=C(C)CN(C(=O)NCCc2ccc(S(=O)(=O)NC(=O)N[C@H]3CC[C@H](C)CC3)cc2)C1=O,0.0021614404
Cc1cnc(C(=O)NCCc2ccc(S(=O)(=O)NC(=O)NC3CCCCC3)cc2)cn1,0.0152819585
COc1ccc2c(c1)C(=O)N(CCc1ccc(S(=O)(=O)NC(=O)NC3CCCCC3)cc1)C(=O)C2(C)C,0.010755838
COc1ccc2c3c1O[C@H]1C[C@@H](OC(=O)c4ccccc4)C=C[C@@]31CCN(C)C2,0.014841517
COc1ccc(S(=O)(=O)N[C@@H](CNc2nc(C)nc(N3CCC(c4ccc5c(n4)NCCC5)CC3)c2C)C(=O)O)cc1,0.9925931
CN1C(=O)N(c2ccc(C#N)c(C(F)(F)F)c2)C(=O)[C@@]1(CO)c1ccccc1,0.036491346
CN1C(=O)N(c2ccc(C#N)c(C(F)(F)F)c2)C(=O)[C@]1(CO)c1ccccc1,0.084654324
CC1(C)Cc2c(sc(NC(=O)c3cc[nH]n3)c2C(N)=O)C(C)(C)O1,0.03886846
O=C(O)[C@@H](O)[C@@H](O)[C@H](O)[C@@H](O)C(=O)O,0.039677758
O=C1O[C@@H](CO)[C@H](O)[C@@H](O)[C@@H]1O,0.00037873734
N[C@@H]1[C@@H](O)[C@H](O)[C@@H](CO)O[C@H]1O,9.156215e-06
N[C@@H](CCC(=O)N[C@@H](CS)C(=O)NCC(=O)O)C(=O)O,0.049894866
CC(C)OC(=O)CNC(=O)[C@H](CS)NC(=O)CC[C@H](N)C(=O)O,0.13401172
NCC(=O)N[C@@H](CCC(N)=O)C(=O)O,0.0044540046
COc1ccc(Cl)cc1C(=O)NCCc1ccc(S(=O)(=O)NC(=O)NC2CCCCC2)cc1,0.043983486
CCCCCCCCCCCC(=O)OC[C@@H](O)CO,0.02318556
O=C(CCCc1ccccc1)OCC(COC(=O)CCCc1ccccc1)OC(=O)CCCc1ccccc1,0.002537857
COc1cc2c(=O)c(-c3ccc(O)cc3)coc2cc1O,0.0034469848
C[N+]1(C)CC[C@H](OC(=O)[C@](O)(c2ccccc2)C2CCCC2)C1,0.73328704
CCC(C)(C)C(=O)C(=O)N1CCC[C@H]1C(=O)O,0.0058518215
N#CN/C(=N\c1ccncc1)NCCCCCCOc1ccc(Cl)cc1,0.9138624
CCNc1nc(Nc2cc(F)c(C(=O)N3CCOCC3)cc2OC)ncc1C(F)(F)F,0.7659854
NC(=O)c1cccc(-c2cc(Nc3ccc(OC(F)(F)F)cc3)ncn2)c1,0.43185672
O=C(NCCO)c1cccc(-c2cc(Nc3ccc(OC(F)(F)F)cc3)ncn2)c1,0.0824831
Cc1ccc(NC(=O)Nc2cc(C(F)(F)F)ccc2F)cc1Nc1ccc2c(c1)NC(=O)/C2=C\c1ccc[nH]1,0.31393793
Cc1ccc(Nc2ncc3c(n2)N(C)C(=O)N(c2cc(NC(=O)c4cccc(C(F)(F)F)c4)ccc2C)C3)cn1,0.56487304
N=C(N)Nc1ccc2[nH]c3c(c2c1)C[C@@]1(O)[C@H]2Cc4ccc(O)c5c4[C@@]1(CCN2CC1CC1)[C@H]3O5,0.009352541
COc1ccc2c(c1)c(C1=C(c3c[nH]c4ccccc34)C(=O)NC1=O)cn2CCCN(C)C,0.23241256
Fc1cc(F)c2c(c1)[C@H]1C=CC[C@H]1[C@@H](c1cccnc1)N2,0.0030181145
CN1CCN(C2CCN(C(=O)Nc3cc(Oc4ccc(NC(=O)C5(C(=O)Nc6ccc(F)cc6)CC5)c(F)c4)ccn3)CC2)CC1,0.011107479
CC(C)C[C@H](NC(=O)CNC(=O)[C@H](Cc1ccc(O)cc1)NC(=O)[C@H](CO)NC(=O)[C@H](Cc1c[nH]c2ccccc12)NC(=O)[C@H](Cc1cnc[nH]1)NC(=O)[C@@H]1CCC(=O)N1)C(=O)N[C@@H](CCCNC(=N)N)C(=O)N1CCC[C@H]1C(=O)NCC(N)=O,0.06749772
CC(C)C[C@H](NC(=O)[C@@H](COC(C)(C)C)NC(=O)[C@H](Cc1ccc(O)cc1)NC(=O)[C@H](CO)NC(=O)[C@H](Cc1c[nH]c2ccccc12)NC(=O)[C@H](Cc1cnc[nH]1)NC(=O)[C@@H]1CCC(=O)N1)C(=O)N[C@@H](CCCNC(=N)N)C(=O)N1CCC[C@H]1C(=O)NNC(N)=O,0.2833589
Cc1cc2c(C(C)C)c(O)c(O)c(C=O)c2c(O)c1-c1c(C)cc2c(C(C)C)c(O)c(O)c(C=O)c2c1O,0.034481287
O=C1COc2nccc(-c3ccccc3F)c2CN1Cc1cc(C(F)(F)F)cc(C(F)(F)F)c1,0.060420547
CCC(C)(C)C(=O)C(=O)N1CCC[C@H]1C(=O)OCCCc1cccnc1,0.011499385
O=C(N[C@@H]1Cc2ccccc2N(C[C@@H](O)CO)C1=O)c1cc2cc(Cl)sc2[nH]1,0.69747627
O=C(CCCCCCCn1cc(-c2cccnc2)nn1)Nc1ccccc1-c1ccccc1,0.38397443
Cc1cc(OCc2nc(-c3ccccc3Cl)cs2)ccc1OCC(=O)O,0.554468
Cc1ccc2c(c1)Cc1c(C(=O)NN3CCCCC3)nn(-c3ccc(Cl)cc3Cl)c1-2,0.040773097
Cc1ccc2c(c1)Cc1c(C(=O)NC3CCCCC3)nn(-c3ccc(Cl)cc3Cl)c1-2,0.039511304
COc1ccccc1N1CCN(CCCCNC(=O)c2ccc(-c3ccc(C(C)=O)cc3)cc2)CC1,0.3400993
Cn1cc(C(=O)OCC2CCN(CCNS(C)(=O)=O)CC2)c2ccccc21,0.5226497
COc1ccc(NC(=O)c2ccc(-c3ccc(-c4noc(C)n4)cc3C)cc2)cc1N1CCN(C)CC1,0.98240006
COC(=O)Nc1ccc2[nH]cc(CCNC(C)=O)c2c1,0.96655256
N=C(N)c1ccc(N2CCN(C3CCN(CC(=O)O)CC3)CC2)cc1,0.0928436
COC1(C[S@@](=O)c2ccccc2)CCN(CCc2c[nH]c3ccc(F)cc23)CC1,0.4480845
CC=C1C(=O)C[C@H]2[C@@H]3CCC4=CC(=O)CC[C@]4(C)[C@H]3CC[C@]12C,6.112689e-05
OC[C@H]1O[C@@H](n2cnc3c(N[C@H]4CCC[C@@H]4O)ncnc32)[C@H](O)[C@@H]1O,0.00046128038
CC(C)C[C@@H](NC(=O)[C@H](C)NC(=O)CNC(=O)[C@@H](NC=O)C(C)C)C(=O)N[C@@H](C)C(=O)N[C@@H](C(=O)N[C@H](C(=O)N[C@@H](C(=O)N[C@@H](Cc1c[nH]c2ccccc12)C(=O)N[C@H](CC(C)C)C(=O)N[C@@H](Cc1c[nH]c2ccccc12)C(=O)N[C@H](CC(C)C)C(=O)N[C@@H](Cc1c[nH]c2ccccc12)C(=O)N[C@H](CC(C)C)C(=O)N[C@@H](Cc1c[nH]c2ccccc12)C(=O)NCCO)C(C)C)C(C)C)C(C)C,0.41388583
CN(C)Cc1c[nH]c2ccccc12,0.00023922065
CN1[C@@H]2CCC[C@H]1C[C@@H](NC(=O)c1nn(C)c3ccccc13)C2,0.00032067407
CCc1nc2c(C)nc(C)cc2n1-c1ccc(CCNC(=O)NS(=O)(=O)c2ccc(C)cc2)cc1,0.064439334
C=C[C@@H]1C[C@]1(NC(=O)[C@@H]1C[C@@H]2CN1C(=O)[C@H](C(C)(C)C)NC(=O)O[C@@H]1C[C@H]1CCCCCc1nc3ccc(OC)cc3nc1O2)C(=O)NS(=O)(=O)C1CC1,0.9949025
COC1=CC(=O)C[C@@H](C)[C@]12Oc1c(Cl)c(OC)cc(OC)c1C2=O,0.0013939647
COc1[nH]c2ccc(F)cc2c1C(=O)OCC1CCN(CCNS(C)(=O)=O)CC1,0.33184695
COc1ccc(CNC(=O)/C=C/c2ccc3[nH]cc(CCN(C)C)c3c2)cc1,0.040957876
O=C(O)c1ccc(N2N=C(Cc3ccccc3)/C(=C\c3ccc(-c4ccccc4F)o3)C2=O)cc1,0.16775104
CSc1nc(NC2CCCC2)c([N+](=O)[O-])c(NC2CCCC2)n1,0.16085225
CCCn1c(=O)c2[nH]c(-c3cnn(Cc4cccc(C(F)(F)F)c4)c3)nc2n(CC)c1=O,0.36357325
CCCCOc1nc(N)c2c(n1)N(Cc1cccc(CN3CCCC3)c1)CC(=O)N2,0.3614726
FC(F)(F)Oc1ccc(-c2ccc3nnc(C(F)(F)F)n3c2)cc1,0.7774232
c1cn2cc(-c3ccc4c[nH]nc4c3)nc(Nc3ccc(N4CCOCC4)cc3)c2n1,0.009361252
O=C(O)CCNc1cc(N2CCc3ccccc3CC2)nc(-c2ccccn2)n1,0.25510788
O=C(O)CCNc1cc(N2CCc3ccccc3CC2)nc(-c2cccnc2)n1,0.039133504
CCOC(=O)CCNc1cc(N2CCc3ccccc3CC2)nc(-c2ccccn2)n1,0.56291837
CCOC(=O)CCNc1cc(N2CCc3ccccc3CC2)nc(-c2cccnc2)n1,0.08655548
c1ccc([C@@H]2C[C@H]2NC2CCNCC2)cc1,2.5114812e-05
O=C1Nc2cc(Br)ccc2/C1=C1Nc2ccccc2C/1=N/O,0.01320865
COC(=O)c1sccc1S(=O)(=O)Nc1ccc(Nc2ccccc2)cc1OC,0.05008421
O=C1NC(=O)/C(=C/c2ccc3nccc(-c4ccncc4)c3c2)S1,0.5107956
CCn1cc(-c2ccnc3[nH]c(-c4cccc(CN(C)C)c4)cc23)c(-c2ccc(NC(=O)N(C)C)cc2)n1,0.09576663
CC(C)c1noc(N2CCC(COc3ccc(-c4ccc(S(C)(=O)=O)cc4)nc3)CC2)n1,0.89206743
CN(C(=O)CN1C(=O)COc2cc(Cl)c(Cl)cc21)[C@@H](CN1CCCC1)c1ccc(-c2cccc(C(N)=O)c2)cc1,0.9561148
Cc1ccc2c(N3CCN(CCc4cccc(N5CCNC5=O)c4)CC3)cccc2n1,0.13969322
CNC(=O)c1c(F)cccc1Nc1nc(Nc2cc3c(cc2OC)CCN3C(=O)CN(C)C)nc2[nH]ccc12,0.25030527
CNC(=O)c1ccc(Oc2ccc3c(c2)CCN(C2CCC2)CC3)nc1,0.9328167
CCc1cc(Nc2nccc(-c3c(-c4ccc(OC)c(C(=O)Nc5c(F)cccc5F)c4)nc4ccccn34)n2)c(OC)cc1N1CCC(N2CCN(S(C)(=O)=O)CC2)CC1,0.18505606
Cn1ncc(Cl)c1-c1cc(C(=O)N[C@H](CN)Cc2cccc(F)c2)sc1Cl,0.84501624
COc1ncc(-c2ccc3nccc(-c4ccnnc4)c3c2)cc1NS(=O)(=O)c1ccc(F)cc1F,0.92817736
CCOc1ccc(-c2ccc(Cn3c(CC(C)(C)C(=O)O)c(SC(C)(C)C)c4cc(OCc5ccc(C)cn5)ccc43)cc2)cn1,0.8380526
O=C(NC1(c2ccccc2)CC1)c1c(CN2CCC(N3CCCCC3)CC2)c(-c2cccc(C(F)(F)F)c2)nc2cc(Br)ccc12,0.8980731
O=C(C1CC1)N1CC[C@@H](Cc2n[nH]c(=O)n2-c2ccc(-c3ccc4occc4c3)cc2)C1,0.24289078
COc1cccc2c1c(NS(=O)(=O)c1ccc(Cl)s1)nn2Cc1cccc(CNC(=O)C(C)(C)O)c1,0.8894785
CONC(=O)c1ccccc1Nc1cc(Nc2cc(C)nn2C(C)C)ncc1Cl,0.5984963
CNc1nc(C)nc(N[C@H]2CCC[C@@H](C(=O)NCc3ccc(C#N)cc3C(F)(F)F)C2)n1,0.9431301
CCCC[C@]1(CC)CS(=O)(=O)c2cc(CNC(CC(=O)O)CC(=O)O)c(OC)cc2[C@@H](c2ccccc2)N1,0.9597115
CNc1nc(-c2ccc3c(N)[nH]nc3c2)cc(N2C[C@@H](C(=O)NC3CCCCC3)CC[C@H]2C)n1,0.2050683
O=C1CCCN1c1ccc(Oc2ccc3c(c2)CCN(C2CCC2)CC3)nc1,0.057252638
COc1cccc(Nc2c(C(N)=O)cnc3c(C)cc(S(=O)(=O)c4cccc(C(=O)N(C)C)c4)cc23)c1,0.009055354
O=C(Nc1cccnc1)c1cc(-c2ccnc(F)c2)ccc1OCc1ccccc1,0.16670778
Cn1cc(-c2ccc3c(c2)CCN3C(=O)Cc2cccc(C(F)(F)F)c2)c2c(N)ncnc21,0.60089636
Cc1c(Cn2c(C)nc3c(C(=O)O)cc(N4CCOCC4)cc32)cccc1C(F)(F)F,0.62328595
Cc1cccc(CC(=O)N2CCc3c2ccc(-c2cn(C)c4ncnc(N)c24)c3F)n1,0.5895734
CCn1c(-c2nonc2N)nc2cnc(Oc3cccc(NC(=O)c4ccc(OCCN5CCOCC5)cc4)c3)cc21,0.60494757
CCCOc1ccn2c(C(C)=O)cc(-c3ccccc3S(C)(=O)=O)c2c1,0.97858936
CC[C@H](C)n1cc(C)c2c(C(=O)NCc3c(C)cc(C)[nH]c3=O)cc(-c3ccc(N4CCNCC4)nc3)cc21,0.9842508
Cc1ncc(Cl)cc1NCc1ccc(C(=O)N[C@@H](CC2CCCC2)C(=O)NC2CC2)s1,0.9705995
COc1ncc(-c2ccc3c(Nc4cc(Oc5cc(F)cc(F)c5)cc(C(=O)O)c4)c(S(=O)(=O)NC4CC4)cnc3c2)c(OC)n1,0.8896354
CC(C)C1=C2[C@H]3CC[C@@H]4[C@@]5(C)CC[C@H](OC(=O)CC(C)(C)C(=O)O)C(C)(C)[C@@H]5CC[C@@]4(C)[C@]3(C)CC[C@@]2([C@@H](O)CN(CCN(C)C)Cc2ccc(Cl)cc2)CC1=O,0.1645604
O=C(O)c1ccc(CN2CCC(CN[C@@H]3C[C@H]3c3ccccc3)CC2)cc1,0.019781483
C[C@H](CS(C)(=O)=O)n1ccc2c(C(F)(F)F)c(C#N)ccc21,0.9089061
CCc1ccc(N(CC(C)C)S(=O)(=O)c2ccc(OCC3CCOCC3)c(CO)c2)cc1,0.098285824
CN1C(=O)[C@@H](NC(=O)c2nc(Cc3ccccc3)n[nH]2)COc2ccccc21,0.88400835
O=C(CCc1ccc(CN[C@H](C(=O)OC2CCCC2)C2CCCCC2)cn1)NO,0.26361856
CCOc1cc(=O)[nH]cc1-c1ccc(CC(=O)Nc2cc(C(C)(C)C(F)(F)F)on2)c(F)c1,0.41911757
CC(=O)N1CCC(Nc2cc(C(=O)NC[C@H](O)CN3CCc4ccccc4C3)ncn2)CC1,0.67352235
CCn1ncc2c(NC3CCOCC3)c(-c3nnc(Cc4sc(C)nc4C)o3)cnc21,0.18454349
CC(C)(C)NCc1ccc(Nc2ccnc3cc(Cl)ccc23)cc1O,0.3415106
COc1ccc(S(=O)(=O)Nc2c(C)cc(C)cc2C)cc1,0.0042634667
O=C(NCCS(=O)(=O)c1ccc(C(F)(F)F)cn1)c1ccc(Cl)cc1,0.21987538
CC1=C(C(=O)Nc2cc3c[nH]nc3cc2F)[C@H](c2ccc(C(F)(F)F)cc2)CC(=O)N1,0.4611011
C[C@@H](Oc1cc(-n2cnc3ccc(CN4CCN(C)CC4)cc32)sc1C(N)=O)c1ccccc1C(F)(F)F,0.80305374
Cc1cc(C)c(CNC(=O)c2cc(-c3ccc(N4CCN(C)CC4)nc3)cc3c2c(C)cn3C(C)C)c(=O)[nH]1,0.93679565
O=C(O)c1ccc(-c2c[nH]c3ncc(-c4ccccc4)cc23)cc1C1CCCC1,0.77112186
NC[C@H]1OB(O)c2c(OCCO)ccc(Cl)c21,0.99983
CCn1c(-c2nonc2N)nc2c(C#CC(C)(C)O)ncc(OC[C@H]3CCCNC3)c21,0.75388
O=S(=O)(Cc1ccccc1)Nc1ccc(-c2ccc3c(cnn3-c3ccc(F)cc3)c2)c(C(F)(F)F)c1,0.42539456
CC(C)Oc1ccc(C(=O)N[C@H](CNC(=O)CN(C)C)Cc2ccc(-c3cn4cccc([C@H](C)O)c4n3)cc2)cc1Cl,0.94526064
c1ccc(-c2[nH]nc3c2oc2ccccc23)cc1,0.049365543
COc1ccc(/C=C2\CCCN=C2c2cccnc2)c(OC)c1,0.0012562997
COc1ccccc1OC(=O)c1ccccc1OC(C)=O,0.00033198495
Nc1ncn([C@H]2C[C@H](OP(=O)(O)OC[C@H]3O[C@@H](n4cnc5c(=O)nc(N)[nH]c54)C[C@@H]3O)[C@@H](CO)O2)c(=O)n1,0.66540796
COc1ccccc1O,0.0011905024
COc1ccccc1OC[C@@H](O)CO,0.0014417754
N=C(N)N/N=C/c1c(Cl)cccc1Cl,0.053617187
N=C(N)NC[C@H]1COC2(CCCCC2)O1,0.072758645
CCC(C)(C)NC(=N)NC#N,7.546422e-05
N=C(N)NCCN1CCCCCCC1,0.36848474
N=C(N)NC(=O)Cc1c(Cl)cccc1Cl,0.7314051
N=C(N)N,0.00441376
N=C(N)NCCSSCCNC(=N)N,0.0015924498
N=C(N)NCCC(=O)O,0.00011846243
Nc1nc(=O)c2ncn([C@@H]3O[C@H](CO)[C@@H](O)[C@H]3O)c2[nH]1,0.40938842
CSc1nc2ccc3nc(NC(=O)C(c4ccccc4)c4ccccc4)sc3c2s1,0.2779928
O=C(O)C1=CCCNC1,0.0014602231
Cc1cc(SCc2sc(-c3ccc(C(F)(F)F)c(F)c3)nc2C)ccc1OCC(=O)O,0.49972585
CCOC(=O)c1ccc(-n2cc(Cc3cnc(OCC)nc3)c(=O)nc2SCc2ccc(F)cc2)cc1,0.8152336
CN(CCOc1ccc(C[C@H](Nc2ccccc2C(=O)c2ccccc2)C(=O)O)cc1)c1ccccn1,0.09044511
COc1ccc(COc2ccc(Cc3cnc(N)nc3N)cc2OC)cc1,0.68589735
CC(C)[C@@H]1C(=O)N(S(C)(=O)=O)[C@@H]2CCN(C(=O)/C=C/CN3CCCCC3)[C@H]21,0.023275284
O=C(O)Cc1cccc(OCCCN(Cc2cccc(C(F)(F)F)c2Cl)CC(c2ccccc2)c2ccccc2)c1,0.16371444
COc1ccc2c(c1)c(CCN1CCOCC1)c(C)n2C(=O)c1cccc(Cl)c1Cl,0.043802764
CC(C)c1onc(-c2c(Cl)cccc2Cl)c1COc1ccc(/C=C/c2cccc(C(=O)O)c2)c(Cl)c1,0.33289555
O=C(Nc1nc2ccccc2n1CCc1ccccc1)c1ccccc1,0.5832385
Cn1cc(/C=C2\C(=O)Nc3cccnc32)c2ccccc21,0.04160271
Cc1cc(SCc2sc(-c3ccc(C(F)(F)F)cc3)nc2C)ccc1OCC(=O)O,0.6289352
O=C1Nc2ccc(I)cc2C1=Cc1cc(Br)c(O)c(Br)c1,0.13822694
COc1ccccc1NC(=O)OCC1CCN(C(=O)OC(C)(C)C)CC1,0.5203806
CS(=O)(=O)CCNCc1nc(-c2ccc3ncnc(Nc4ccc(OCc5cccc(F)c5)c(Cl)c4)c3c2)cs1,0.42404237
CCOc1c2c(c(OCC)c3ccccc13)C(=O)N(c1ccc(CC(=O)NS(=O)(=O)c3ccccc3)cc1)C2,0.00021500475
CCC(=O)NC[C@H](Cc1ccc(OCCc2nc(-c3ccccc3)oc2C)cc1)N/C(C)=C\C(=O)c1ccc(C(F)(F)F)cc1,0.11896711
CC(C)(Sc1ccc(CCN(CCCCC2CCCCC2)C(=O)NC2CCCCC2)cc1)C(=O)O,0.2908819
O=C(NC1CCOCC1)c1ccc(-c2cc(-c3c[nH]nc3-c3ccccn3)ccn2)cc1,0.09607383
COc1cc(-n2cnc3cc(-c4ccc(Cl)cc4)sc3c2=O)ccc1OCCN1CCCC1,0.2718494
O=C(NCC1CCOCC1)c1cnc(Nc2ccc(Cl)cc2Cl)nc1C(F)(F)F,0.9764031
COc1cc2ncn(-c3cc(OCc4ccccc4C(F)(F)F)c(C(N)=O)s3)c2cc1OC,0.7589806
O=C(O)CCc1ccc(NCc2cccc(Oc3ccccc3)c2)cc1,0.012695198
O=C(Nc1ccccc1)c1cc([N+](=O)[O-])ccc1Cl,0.059936836
CC(=N)NCCSCC[C@H](N)C(=O)O,0.01708174
CC1=NN=C(c2ccc(N)cc2)c2cc3c(cc2C1)OCO3,0.033355
CC(C)=CCC[C@](C)(O[C@@H]1O[C@H](CO[C@@H]2OC[C@@H](O)[C@H](O)[C@H]2O)[C@@H](O)[C@H](O)[C@H]1O)[C@H]1CC[C@]2(C)[C@@H]1[C@H](O)C[C@@H]1[C@@]3(C)CC[C@H](O[C@@H]4O[C@H](CO)[C@@H](O)[C@H](O)[C@H]4O)C(C)(C)[C@@H]3CC[C@]12C,0.023173355
Cc1ccc(C(=O)Nc2ccc(CN3CCN(C)CC3)c(C(F)(F)F)c2)cc1C#Cc1cnc2n[nH]cc2c1,0.9105117
CS(=O)(=O)c1ccc(-c2nnc(/C=C/c3nnc(-c4ccc(C#N)cc4)o3)n2-c2ccccc2Cl)nc1,0.93106234
CCc1ccc(NC(=O)Nc2c[nH]c3ccccc23)cc1,0.12806222
O=S(=O)(NCCNC/C=C/c1ccc(Br)cc1)c1cccc2cnccc12,0.9981741
N=C(N)NCCNS(=O)(=O)c1cccc2cnccc12,0.9689724
O=C1S/C(=C\c2ccc(OCc3cccc(B(O)O)c3)cc2)C(=O)N1Cc1ccc(F)cc1,0.035426546
N[C@@H]1CCN(O)C1=O,0.009859622
N[C@H]1CCN(O)C1=O,0.00056644983
O=C(O)c1ccc(S(=O)(=O)N(Cl)Cl)cc1,0.036302365
CC1(C)O[C@@H]2C[C@H]3[C@@H]4CCC5=CC(=O)CC[C@]5(C)[C@@]4(F)[C@@H](O)C[C@]3(C)[C@]2(C(=O)CCl)O1,0.24078919
CCC(=O)O[C@]1(C(=O)CCl)[C@@H](C)C[C@H]2[C@@H]3C[C@H](F)C4=CC(=O)C=C[C@]4(C)[C@@]3(F)[C@@H](O)C[C@@]21C,0.011696453
CCCCN(CCCC)CC[C@@H](O)c1cc2c(Cl)cc(Cl)cc2c2cc(C(F)(F)F)ccc12,0.068602234
O=C(C[C@H]1NCCC[C@@H]1O)Cn1cnc2cc(Br)c(Cl)cc2c1=O,0.99408627
O=C(NCCN1CCC(n2c(=O)[nH]c3cc(Cl)ccc32)CC1)c1ccc(F)cc1,0.08345618
O=C(CCCN1CCC(O)(c2ccc(Cl)cc2)CC1)c1ccc(F)cc1,0.4303874
CCCCCCCCCC(=O)OC1(c2ccc(Cl)cc2)CCN(CCCC(=O)c2ccc(F)cc2)CC1,0.5616738
Clc1cc(Cl)c(OCC#CI)cc1Cl,0.09460751
FC(F)(F)[C@@H](Cl)Br,0.008691502
Cc1nccc2c1[nH]c1ccccc12,0.0076510934
COC(=O)C[C@](O)(CCC(C)(C)O)C(=O)O[C@@H]1C(OC)=C[C@]23CCCN2CCc2cc4c(cc2[C@H]13)OCO4,0.99819523
CCOC(=O)C1=C(N)Oc2ccc(Br)cc2[C@H]1[C@H](C#N)C(=O)OCC,0.07639535
O=C(O)CN(CCN(CC(=O)O)Cc1ccccc1O)Cc1ccccc1O,0.024539884
CC(C)c1ccc(NC(=O)Cn2cnc3c2c(=O)n(C)c(=O)n3C)cc1,0.97444826
Cc1c(C(=O)Nc2cccc(C(F)(F)F)c2)cc(-c2ccccc2)n1CCCN1CCOCC1,0.9382522
Cn1c(=O)n(CCCO)c(=O)c2c1nc(Oc1cccc(Cl)c1)n2Cc1ccc(Cl)cc1,0.30441907
CCc1ccc(/C=C/C(=O)Nc2ccc(C(C)=O)cc2)o1,0.028213711
CCCCC#Cc1nc(NC)c2ncn([C@@H]3O[C@H](CO)[C@@H](O)[C@H]3O)c2n1,0.052372064
CC1=C([C@@H](C)O)c2cc3nc(cc4[nH]c(cc5[nH]c(cc1n2)c(C)c5CCC(=O)O)c(CCC(=O)O)c4C)C([C@@H](C)O)=C3C,0.55640167
Oc1cc2c(cc1O)[C@@H]1c3ccc(O)c(O)c3OC[C@]1(O)C2,0.0017826188
C=CC1=C(C)C2=N/C1=C\c1c(C)c(CCC(=O)O)c3[n]1[Fe]([OH])[n]1/c(c(C)c(C=C)/c1=C/2)=C\C1=N/C(=C\3)C(CCC(=O)O)=C1C,0.0018523275
CC(C)=CCC[C@](C)(O)[C@H]1CC[C@]2(C)[C@@H]1[C@H](O)C[C@@H]1[C@@]3(C)CC[C@H](O)C(C)(C)[C@@H]3[C@@H](O)C[C@]12C,0.0017802217
NS(=O)(=O)OCCCCCCCOS(N)(=O)=O,0.20716189
C[C@@H](N)CCCC(C)(C)O,0.0004266143
Cc1cc(Nc2ncnc3ccc(-c4ccc(CNCCS(C)(=O)=O)o4)cc23)ccc1Oc1ccn2ncnc2c1,0.75618577
CCS(=O)(=O)Nc1ccc2c(c1)/C(=C(/Nc1ccc(CN3CCCCC3)cc1)c1ccccc1)C(=O)N2,0.06949881
COc1ccc([C@@H]2CC(=O)c3c(O)cc(O)cc3O2)cc1O,9.394501e-05
COc1ccc([C@@H]2CC(=O)c3c(O)cc(O[C@@H]4O[C@H](CO[C@@H]5O[C@@H](C)[C@H](O)[C@@H](O)[C@H]5O)[C@@H](O)[C@H](O)[C@H]4O)cc3O2)cc1O,0.003404377
CC1(C)S[C@@H]2[C@H](N3C(=O)[C@@H](c4ccccc4)NC3(C)C)C(=O)N2[C@H]1C(=O)O,0.004523924
Oc1c(Cl)cc(Cl)c(Cl)c1Cc1c(O)c(Cl)cc(Cl)c1Cl,0.80271685
C[N+](C)(C)CCCCCC[N+](C)(C)C,0.06733139
CC(=O)NCCCCCCNC(C)=O,0.0034006485
CCCCCCOC(=O)CCC(=O)CN,0.02480185
O=P(O)(O)O[C@H]1[C@H](OP(=O)(O)O)[C@@H](OP(=O)(O)O)[C@H](OP(=O)(O)O)[C@@H](OP(=O)(O)O)[C@H]1OP(=O)(O)O,1.0
CC[C@H](c1ccc(O)cc1)[C@@H](CC)c1ccc(O)cc1,0.8211754
CCCC[C@@H](CC)CN1CN(C[C@@H](CC)CCCC)C[C@@](C)(N)C1,0.94731766
O=C(O)[C@H](O)[C@H](O)[C@H](O)[C@H](O)CO,0.0025447418
Oc1ccc([C@H](O)CNCCCCCCNC[C@H](O)c2ccc(O)c(O)c2)cc1O,7.797789e-06
C[C@@H](CNC1CCCCC1)OC(=O)c1ccccc1,0.00013272148
C[C@@H](O)CC(C)(C)O,0.0008150926
Oc1ccc(C[C@H]2NCCc3cc(O)c(O)cc32)cc1,1.572865e-05
O=C(O)CNC(=O)c1ccccc1,0.0009034446
NCCc1cnc[nH]1,0.00017344454
Cc1cc(C)c(S(=O)(=O)n2cc(C)cc2C)c(C)c1,0.2532764
CCOc1cc2ncc(C#N)c(Nc3ccc(OCc4cccc(F)c4)c(Cl)c3)c2cc1NC(=O)/C=C/CN(C)C,0.90368754
CCn1c2ccccc2c2cc(CNCc3ccccc3OC)ccc21,0.00065020676
COc1cc2c(cc1OC)CN(CCc1ccc(-n3nnc(-c4cc(OC)c(OC)cc4NC(=O)c4cc(=O)c5ccccc5o4)n3)cc1)CC2,0.99543756
COc1ccc(S(=O)(=O)N(C(C)=O)c2ccccc2/C=C/c2cc[n+]([O-])cc2)cc1,0.0020322672
CC(C)(C)NC[C@H](O)c1ccc(O)cc1Cl,0.047045417
CC[n+]1c(-c2ccccc2)c2cc(N)ccc2c2ccc(N)cc21,0.02379798
CN1CCCN([C@@H](c2ccccc2)c2ccc(Cl)cc2)CC1,0.049819253
COC(=O)C[C@](O)(CCCC(C)(C)O)C(=O)O[C@@H]1C(OC)=C[C@]23CCCN2CCc2cc4c(cc2[C@H]13)OCO4,0.99861896
O=C(O)Cc1cccnc1C(=O)O,0.0007632639
C[C@H]1C[C@H](OC(=O)c2ccccc2O)CC(C)(C)C1,0.059728127
COc1ccc(CCN)cc1OC,0.00018362554
C=CCc1ccc(O)c(-c2ccc(O)c(CC=C)c2)c1,0.061666183
CN(C)CCc1ccc(O)cc1,0.0003586424
CCCC[C@H](NC(C)=O)C(=O)N[C@@H](CCC(N)=O)C(=O)N[C@@H](Cc1c[nH]cn1)C(=O)N[C@H](Cc1ccccc1)C(=O)N[C@@H](CCCNC(=N)N)C(=O)N[C@H](Cc1c[nH]c2ccccc12)C(=O)NCC(N)=O,0.47721356
CC(C)(O)c1nc(-c2cccc(CNC(=O)c3cnc(-c4ccccn4)nc3)c2)no1,0.9915678
CCCCCCO[C@H](C)c1c(C)c2cc3nc(c4c5[nH]c(cc6nc(cc1[nH]2)C(C)=C6CC)c(C)c5C(=O)C4)[C@@H](CCC(=O)O)[C@@H]3C,0.73588103
CCC(C)(C)C(=O)O,0.00024195308
O=C(Nc1nnn[nH]1)c1cncc(N2CCCC2)n1,0.112717845
O=C1/C(=N\c2cccc(C(F)(F)F)c2)c2ccccc2N1c1ccccc1,0.011405681
Cc1nc(Nc2cnn(C3CCNCC3)c2)nc2c1N(C)C(=O)c1cc3ccccc3cc1N2C,0.21537845
CCCCCCOc1cc(C)c(O)c(C)c1C,0.10454962
C[C@@H](CCCCC(=O)Nc1ccc(C(F)(F)F)cc1)NCCc1cnc[nH]1,0.02370944
C/C=C1\[C@H]2C=C(C)C[C@]1(N)c1ccc(=O)[nH]c1C2,0.015302352
CC(=O)N[C@@H]1C[C@H](O)[C@@H](CO)O[C@H]1O[C@H]1[C@H](O)[C@@H](O)[C@H](O)O[C@@H]1C(=O)O,0.68895674
CCN(CC)CCNc1ccc(CO)c2sc3ccccc3c(=O)c12,0.16480725
NNc1nncc2ccccc12,0.01640387
COc1ccc2c(c1OC)C(=O)O[C@@H]2[C@H]1c2cc3c(cc2CCN1C)OCO3,0.019539975
C[N+]1=Cc2cc3c(cc2CC1)OCO3,0.00048958964
NS(=O)(=O)c1cc2c(cc1Cl)NCNS2(=O)=O,0.49228042
C[C@]12CCC(=O)C=C1CC[C@@H]1[C@@H]2[C@@H](O)C[C@@]2(C)[C@H]1CC[C@]2(O)C(=O)CO,0.0018105316
CC(=O)OCC(=O)[C@@]1(O)CC[C@H]2[C@@H]3CCC4=CC(=O)CC[C@]4(C)[C@H]3[C@@H](O)C[C@@]21C,0.0026546295
CCCC(=O)O[C@]1(C(=O)CO)CC[C@H]2[C@@H]3CCC4=CC(=O)CC[C@]4(C)[C@H]3[C@@H](O)C[C@@]21C,0.00015187843
C[C@]12CCC(=O)C=C1CC[C@@H]1[C@@H]2[C@@H](O)C[C@@]2(C)[C@H]1CC[C@]2(O)C(=O)COC(=O)CCC(=O)O,0.00047511235
C[C@@]12CCC(=O)C=C1CC[C@@H]1[C@@H]2[C@@H](O)C[C@]2(C)[C@H]1CC[C@]2(O)C(=O)COP(=O)(O)O,0.0018534705
CCCCC(=O)O[C@]1(C(=O)CO)CC[C@H]2[C@@H]3CCC4=CC(=O)CC[C@]4(C)[C@H]3[C@@H](O)C[C@@]21C,0.000406716
NS(=O)(=O)c1cc2c(cc1C(F)(F)F)NCNS2(=O)=O,0.576499
CC[C@H]1C[N@@]2CC[C@H]1C[C@@H]2[C@@H](O)c1ccnc2ccc(OC)cc12,0.00075826823
Oc1ccc(O)cc1,4.8037735e-05
C/C1=C2/[N]([Co+][OH])[C@H]([C@H](CC(N)=O)[C@@]2(C)CCC(=O)NC[C@@H](C)OP(=O)(O)O[C@H]2[C@@H](O)[C@@H](n3cnc4cc(C)c(C)cc43)O[C@@H]2CO)[C@]2(C)N=C(/C(C)=C3\N=C(/C=C4/N=C1[C@@H](CCC(N)=O)C4(C)C)[C@@H](CCC(N)=O)[C@]3(C)CC(N)=O)[C@@H](CCC(N)=O)[C@]2(C)CC(N)=O,0.8480359
C[C@@H](N)Cc1ccc(O)cc1,0.00017618282
CCN(CCO)CCCC(C)Nc1ccnc2cc(Cl)ccc12,0.0037623225
O=c1[nH]ccc2c(S(=O)(=O)N3CCCNCC3)cccc12,0.024649477
CC(=O)[C@@]1(O)CC[C@H]2[C@@H]3CCC4=CC(=O)CC[C@]4(C)[C@H]3CC[C@@]21C,0.00042027343
CC(=O)O[C@]1(C(C)=O)CC[C@H]2[C@@H]3CCC4=CC(=O)CC[C@]4(C)[C@H]3CC[C@@]21C,0.00034521552
C[C@@H](O)COC[C@H]1O[C@@H]2O[C@H]3[C@H](O)[C@@H](O)[C@@H](O[C@H]4[C@H](O)[C@@H](O)[C@@H](O[C@H]5[C@H](O)[C@@H](O)[C@@H](O[C@H]6[C@H](O)[C@@H](O)[C@@H](O[C@H]7[C@H](O)[C@@H](O)[C@@H](O[C@H]8[C@H](O)[C@@H](O)[C@@H](O[C@H]1[C@H](O)[C@H]2O)O[C@@H]8COC[C@@H](C)O)O[C@@H]7COC[C@@H](C)O)O[C@@H]6COC[C@@H](C)O)O[C@@H]5COC[C@@H](C)O)O[C@@H]4COC[C@@H](C)O)O[C@@H]3COC[C@@H](C)O,0.0014304026
O=C(/C=C/c1ccc(O)cc1)[C@H]1C(=O)[C@H]([C@@H]2O[C@H](CO)[C@@H](O)[C@H](O)[C@H]2O)C(=O)[C@@](O)([C@@H]2O[C@H](CO)[C@@H](O)[C@H](O)[C@H]2O)C1=O,0.34471053
N=C(N)c1ccc(/C=C/c2ccc(C(=N)N)cc2O)cc1,0.19461505
Nc1c2c(nc3ccccc13)CCC[C@@H]2O,0.025200333
Cc1cccc(C(=O)O)c1O,0.015265657
NC(=O)NO,0.0002534447
OCCOCCN1CCN([C@@H](c2ccccc2)c2ccc(Cl)cc2)CC1,0.041161336
CN[C@H]1C[C@@H](N)[C@H](O)[C@@H](O[C@@H]2O[C@H](CO)[C@H](O)[C@@H]3O[C@@]4(O[C@H]23)O[C@H]([C@@H](N)CO)[C@H](O)[C@H](O)[C@H]4O)[C@@H]1O,1.2915294e-07
Cc1cc(=O)oc2cc(O)ccc12,0.00041123276
C[C@H](CCC(=O)O)[C@H]1CC[C@H]2[C@@H]3C[C@H](O)[C@@H]4C[C@H](O)CC[C@]4(C)[C@H]3CC[C@]12C,0.00019480441
CN1[C@@H]2CC[C@H]1C[C@@H](OC(=O)[C@H](CO)c1ccccc1)C2,0.00013189563
Cc1cc(O)c2c(=O)c3c(O)cc(O)c4c5c(O)cc(O)c6c(=O)c7c(O)cc(C)c8c1c2c(c34)c(c78)c65,0.70236695
O=c1c(O[C@@H]2O[C@H](CO)[C@@H](O)[C@H](O)[C@@H]2O)c(-c2ccc(O)c(O)c2)oc2cc(O)cc(O)c12,0.0019752786
C=C1C(=O)C[C@H]2C[C@@H]3O[C@@]3(C)CC[C@@H]3O[C@@]3(C)C[C@@H](OC(C)=O)[C@H]1C2(C)C,0.11866163
O=c1nc[nH]c2nc[nH]c12,0.014116386
O=C(O)c1ccc2c(c1)C(=O)N(c1cccc(Oc3ccc([N+](=O)[O-])cc3)c1)C2=O,0.0021117688
CCNC(=O)C[C@@H]1N=C(c2ccc(Cl)cc2)c2cc(OC)ccc2-n2c(C)nnc21,0.9660401
COc1cc2c(cc1-c1c(C)noc1C)ncc1[nH]c(=O)n([C@H](C)c3ccccn3)c12,0.013583376
CCn1cc(-c2cccc(C(F)(F)F)c2)c2sc(C(=N)NC3CCS(=O)(=O)CC3)cc2c1=O,0.99582773
CCN(CC)CCNC(=O)c1ccc(I)cc1,0.17590614
CCN(CC)CCNC(=O)c1ccccc1I,0.039921455
CCC(=O)N1CCOc2c(cc(-c3ccc(OC)c(OC)c3)cc2OC[C@H]2CCCN(C)C2)C1,0.023356158
Cc1nc(-c2nc(-c3ccc(OC(F)(F)F)cc3)no2)nn1Cc1cccc(N2CCC(S(C)(=O)=O)CC2)c1,0.17762135
CNC(=O)[C@H]1O[C@@H](n2cnc3c(NCc4cccc(I)c4)ncnc32)[C@H](O)[C@@H]1O,0.23153628
CCCCCN(C)CCC(O)(P(=O)(O)O)P(=O)(O)O,0.002811074
CC(C)n1nnc2cc(C(=O)O)ccc21,0.0063453284
O=C1CC[C@H](N2Cc3c(OCc4ccc(CN5CCOCC5)cc4)cccc3C2=O)C(=O)N1,0.98928285
CC(C)(NC(=O)O[C@@H]1CN2CCC1CC2)c1csc(-c2ccc(F)cc2)n1,0.04898335
CC(C)Cn1c(=O)n(C)c(=O)c2[nH]cnc21,0.9111504
N[C@@H](C(=O)O)c1cc(=O)[nH]o1,0.0007149479
CCOP(=O)(Cc1ccc(C(=O)Nc2ccc(Br)cc2C#N)cc1)OCC,0.972243
C=CC(=O)N1CCC[C@@H](n2nc(-c3ccc(Oc4ccccc4)cc3)c3c(N)ncnc32)C1,0.8402501
CC(C)C(=O)c1c(C(C)C)nn2ccccc12,0.0019578189
CC(C)Cc1ccc([C@@H](C)C(=O)O)cc1,0.0030262822
CC(C)Cc1ccc([C@H](C)C(=O)O)cc1,0.008311796
CC(C)Cc1ccc([C@@H](C)C(=O)OCc2ccccn2)cc1,0.014387197
CC(C)Cc1ccc([C@@H](C)C(=O)NO)cc1,0.0004496593
CC(C)(N)C(=O)N[C@H](COCc1ccccc1)C(=O)N1CCC2(CC1)CN(S(C)(=O)=O)c1ccccc12,0.90991485
CCCCCCCN(CC)CCC[C@@H](O)c1ccc(NS(C)(=O)=O)cc1,0.12580116
O=C(Nc1cnc(Cl)nc1)c1ccc(F)c(F)c1,0.33073956
O=C(Nc1ccc(Cl)nc1)c1ccc(Cl)cc1,0.29938436
O=C(Nc1ccc(S(=O)(=O)Nc2nccs2)cc1)C(c1ccccc1)c1ccccc1,0.00038430875
COc1ccc(-c2oc3c(CC=C(C)C)c(O[C@@H]4O[C@H](CO)[C@@H](O)[C@H](O)[C@H]4O)cc(O)c3c(=O)c2O[C@@H]2O[C@@H](C)[C@H](O)[C@@H](O)[C@H]2O)cc1,0.01810889
COc1ccc(-c2oc3c(CC=C(C)C)c(O)cc(O)c3c(=O)c2O)cc1,0.004603529
N=C(N)NCCC[C@@H](N)C(=O)N[C@@H](CCCNC(=N)N)C(=O)N1CCC[C@H]1C(=O)N1C[C@H](O)C[C@H]1C(=O)NCC(=O)N[C@@H](Cc1cccs1)C(=O)N[C@@H](CO)C(=O)N1Cc2ccccc2C[C@@H]1C(=O)N1[C@H](C(=O)N[C@@H](CCCNC(=N)N)C(=O)O)C[C@@H]2CCCC[C@@H]21,0.30692777
O=C1[C@H](Cc2ccc(O)cc2)N2C(=O)CCN(C(=O)NCc3ccccc3)[C@H]2CN1Cc1cccc2ccccc12,0.09389013
Cc1ccc(OC[C@@H](O)[C@H](C)NC(C)C)c2c1CCC2,0.00030208792
N=C(NCC(F)(F)F)Nc1ccn(CCCCC(N)=O)n1,0.8082964
CN(C)CCSc1nc2ccccc2cc1-c1ccccc1,0.0021793374
O=C(O)CCC/C=C\C[C@@H]1CO[C@H](C(F)(F)F)O[C@@H]1c1ccccc1O,0.0026207143
O=C(O)CC/C=C\C[C@@H]1CO[C@H](c2ccccc2Cl)O[C@@H]1c1ccccc1O,0.005708873
CN(C(=O)Cc1ccc(Cl)c(Cl)c1)[C@H](CN1CCCC1)c1ccccc1,0.22398166
O=C(O)COc1ccc(OCCNC[C@H](O)COc2ccccc2)cc1,0.040837776
CCCn1c(=O)c(C)cn2nc(N)nc12,0.29379272
N#Cc1ccccc1OC[C@@H](O)CNCCNC(=O)Nc1ccccc1,0.0031723618
O=C1NC(c2cccc([N+](=O)[O-])c2)=CCN1c1ccccc1O,0.017593456
COc1cc(Cc2cnc(N)nc2N)c2c(c1OC)O[C@H](C1CC1)C=C2,0.15153888
CCCCC[C@H](O)/C=C/C=C\C/C=C\C/C=C\CCCC(=O)O,3.6754187e-05
CC/C=C\C/C=C\C/C=C\C/C=C\C/C=C\CCCC(=O)O,2.595401e-07
C#Cc1cccc(Nc2ncnc3cc4c(cc23)OCCOCCOCCO4)c1,0.27136227
Cc1cc(/C=C2\SC(=O)N(c3ccccc3)C2=O)c(C)n1-c1cccnc1,0.21005043
COc1cc(OC)c(/C=C2/C(=O)Nc3ccccc32)c(OC)c1,0.00033851695
C[C@@H]([C@H](C)O)[C@H](N)C(=O)O,0.0032431614
COc1ccc(-n2c(C)c([N+](=O)[O-])c3ccc(O)cc32)cc1,0.011061681
Fc1ccc2c(CCNCc3cccc(OCC(F)(F)C(F)F)c3)c[nH]c2c1,0.01925755
CC(=O)[C@]1(O)Cc2c(O)c3c(c(O)c2[C@@H](O[C@H]2C[C@H](N)[C@H](O)[C@H](C)O2)C1)C(=O)c1ccccc1C3=O,0.0025312772
COc1cc(C(=O)O)ccc1NC(=O)[C@@H]1N[C@@H](CC(C)(C)C)[C@](C#N)(c2ccc(Cl)cc2F)[C@H]1c1cccc(Cl)c1F,0.9575201
c1ccc2c(c1)OC[C@H](C1=NCCN1)O2,0.0023084725
COC1=C(OC)C(=O)C(CCCCCCCCCCO)=C(C)C1=O,0.00013540067
CC[C@H](Nc1ncnc2nc[nH]c12)c1nc2cccc(F)c2c(=O)n1-c1ccccc1,0.59836525
CN1CCN(C(=O)COc2ccc(C34CC5CC(CC(C5)C3)C4)cc2)CC1,0.22013487
Cc1cc([C@H](C)Nc2nccc(N3C(=O)OC[C@@H]3[C@H](C)F)n2)ncc1-c1ccnc(C(F)(F)F)c1,0.9245488
O=c1[nH]c(=O)n([C@H]2C[C@H](O)[C@@H](CO)O2)cc1I,2.9906745e-05
Nc1nonc1/C(=N\c1ccc(F)c(Cl)c1)NO,0.08851864
C[C@H]1Nc2ccc(Cl)cc2S(=O)(=O)N1,0.01582653
O=C1[C@@H]2C[C@@H]3C[C@H]1C[C@@](O)(C3)C2,0.7015032
Oc1ccc(C2=Cc3ccc(O)cc3OC2)cc1,0.00035627504
C[N+](C)(C)CCCCCNCC12CC3CC(CC(C3)C1)C2,0.6116744
NCCCCCNCC12CC3CC(CC(C3)C1)C2,0.01564318
C[C@@H]([C@H](O)c1ccc(O)cc1)N1CCC(Cc2ccccc2)CC1,0.0014266247
O=[P@]1(NCCCl)OCCCN1CCCl,0.002044562
CCC(C/C=C/c1ccccc1)(c1ccccc1)N(C)CC1CC1,0.015022818
CS(=O)(=O)Nc1cc2occ(NC=O)c(=O)c2cc1Oc1ccccc1,0.0724588
O=C(c1ccc(Nc2nccc(-c3cc4ccccc4s3)n2)cc1)N1CCC(N2CCCC2)CC1,0.0060426397
NC(=O)c1sc(-c2ccsc2)cc1N,0.04070185
O=C(Nc1cc(C(F)(F)F)cc(C(F)(F)F)c1)c1cc(Cl)ccc1O,0.9788027
COc1ccnc(C[S@@](=O)c2nc3ccc(-n4cccc4)cc3[nH]2)c1C,0.39012837
O=C(/C=C/c1ccc2c(c1)OCO2)N1CCCCC1,0.1479925
CNC(=O)[C@H](Cc1c[nH]c2ccccc12)NC(=O)[C@@H](CC(=O)NO)CC(C)C,0.0144283185
COc1cc(C(C)=O)ccc1OCCCN1CCC(c2noc3cc(F)ccc23)CC1,0.12705836
CC#CC[C@@H](C)[C@H](O)/C=C/[C@@H]1[C@H]2C/C(=C/CCCC(=O)O)C[C@H]2C[C@H]1O,2.8154975e-05
Cc1ccc(NC(=O)c2ccc(CN3CCN(C)CC3)cc2)cc1Nc1nccc(-c2cccnc2)n1,0.25756404
O=C1CCC(c2ccc(-n3ccnc3)cc2)=NN1,0.0072856764
C[C@@H]1N=C(N)N=C(N(C)C)N1,0.13954076
N=C(N)SCCc1cnc[nH]1,0.0066291513
NC1=NC(=O)N2C[C@@H]12,0.010051837
O=[N+]([O-])N=C1NCCN1Cc1ccc(Cl)nc1,0.036474448
Cc1nccn1CCC(C(N)=O)(c1ccccc1)c1ccccc1,0.38534722
CCOC(=O)[C@H](CCc1ccccc1)N[C@@H](C)C(=O)N1C(=O)N(C)C[C@H]1C(=O)O,0.33601716
CCN(CC)CCNc1ccc2ncn3c4ccc(O)cc4c(=O)c1c23,0.56828994
O=C(NCNC(=O)N[C@H]1C(=O)NC(=O)N1CO)N[C@H]1C(=O)NC(=O)N1CO,0.044230375
CCn1ccnc1C[C@H]1COc2ccccc2O1,0.00014190763
C[C@@H](O)[C@H]1C(=O)N2C(C(=O)O)=C(SCCNC=N)C[C@H]12,0.975044
CN(C)CCCN1c2ccccc2CCc2ccccc21,0.0047399467
CC(C)Cn1cnc2c(N)nc3ccccc3c21,0.015229729
O=C1NC(=O)C2(N1)c1cc(F)ccc1-c1ccc(F)cc12,0.4498787
[Cl][Mn]123([Cl])[N]4CC[N]1[C@@H]1CCCC[C@H]1[N]2Cc1cccc(n1)C[N]3[C@@H]1CCCC[C@H]14,0.0032990873
c1ncc(CC2CCNCC2)[nH]1,1.9580166e-05
c1cc(Cc2cnc[nH]2)ccn1,0.0036170015
NCCCCCc1cnc[nH]1,0.00030335668
N[C@@H](Cc1ccc(O)cc1)C(=O)NCC(=O)NCC(=O)O,0.002703609
CO[C@@H]1[C@H](O[P@@](=O)(S)OC[C@H]2O[C@@H](n3cnc4c(N)ncnc43)C[C@@H]2O)[C@@H](CO)O[C@H]1n1ccc(=O)[nH]c1=O,0.90812093
CO[C@@H]1[C@H](O[P@@](=O)(OC[C@H]2O[C@@H](n3cnc4c(N)ncnc43)C[C@@H]2O)SCOC(=O)OC(C)C)[C@@H](CO)O[C@H]1n1ccc(=O)[nH]c1=O,0.37638122
CNC(=O)c1ccc(-c2cnc3ncc(Cc4ccc5ncccc5c4)n3n2)cc1F,0.2616895
O=C1C=CC(=O)C2=C1C1c3ccccc3C2c2ccccc21,0.0058290465
COc1ccc(C2(O)CCC(N3CC[C@@H](NC(=O)CNC(=O)c4cccc(C(F)(F)F)c4)C3)CC2)cn1,0.7366081
CN1C(=O)C(C)(C)Oc2c(-c3cn(C)c(O)c4nccc3-4)cc(S(C)(=O)=O)cc21,0.36146644
COc1ccc([C@]2(O)CC[C@H](N3CC[C@@H](NC(=O)CNC(=O)c4cccc(C(F)(F)F)c4)C3)CC2)cn1,0.19459645
NC(=O)[C@@H]1C(=O)C[C@@H]2C[C@@H]3Cc4cccc(O)c4C(=O)[C@@H]3C(=O)[C@]2(O)C1=O,0.9129632
CCc1cc2c(cc1CC)CC(NC[C@H](O)c1ccc(O)c3[nH]c(=O)ccc13)C2,0.010859931
c1ccc2c(CCC3CCNCC3)c[nH]c2c1,0.00045952376
C[C@H]1Cc2ccccc2N1NC(=O)c1ccc(Cl)c(S(N)(=O)=O)c1,0.82603705
CN[C@@H]1C[C@@H](c2ccc(Cl)c(Cl)c2)c2ccccc21,0.0005239465
COc1ccc(S(=O)(=O)n2cc(CCC(=O)O)c3cc(OC)ccc32)cc1,0.040856507
C1=Cc2cccc(OC[C@H]3CNCCO3)c2C1,0.009066867
O=C(Nc1ccncc1)C(=O)c1cn(Cc2ccc(Cl)cc2)c2ccccc12,0.463394
CC(C)(C)NC(=O)[C@@H]1CN(Cc2cccnc2)CCN1C[C@@H](O)C[C@@H](Cc1ccccc1)C(=O)N[C@H]1c2ccccc2C[C@H]1O,0.27119493
CC(=O)N(C)c1cccc(-c2ccnc3c(C(=O)c4cccs4)cnn23)c1,0.3387304
O=C1Nc2ccccc2/C1=C1/Nc2ccccc2C1=O,0.21120109
O=C1Nc2ccccc2/C1=C1Nc2ccccc2C/1=N\O,0.0029634347
NS(=O)(=O)c1ccc(S(=O)(=O)Nc2cccc3c(Cl)c[nH]c23)cc1,0.90495646
CC(C)O,5.1378433e-05
CC(C)[O][In]([O]C(C)C)[O]C(C)C,0.012245508
CC[C@@H](C(=O)O)c1ccc(N2Cc3ccccc3C2=O)cc1,0.013620733
CC1(C)C(/C=C/C=C/C=C/C=C2/N(CCCCS(=O)(=O)O)c3ccc4ccccc4c3C2(C)C)=[N+](CCCCS(=O)(=O)O)c2ccc3ccccc3c21,0.25128597
OCc1c[nH]c2ccccc12,8.969405e-05
O=C(O)C(O)=Cc1c[nH]c2ccccc12,0.086160675
COc1ccc2c(c1)c(CC(=O)O)c(C)n2C(=O)c1ccc(Cl)cc1,0.06266776
C[C@@H](C(=O)O)c1ccc(N2Cc3ccccc3C2=O)cc1,0.0010547095
O=C(NC1CCN(CCc2c[nH]c3ccccc23)CC1)c1ccccc1,0.16225345
Cn1cc(C[C@@H](N)C(=O)O)c2ccccc21,0.00068624207
CC1=C[C@]23C(=O)[C@@H](C=C(CO)[C@@H](O)[C@]2(O)[C@H]1O)[C@H]1[C@@H](C[C@H]3C)C1(C)C,0.0007085293
C/C=C(/C)C(=O)O[C@H]1C(C)=C[C@]23C(=O)[C@@H](C=C(CO)[C@@H](O)[C@]12O)[C@H]1[C@@H](C[C@H]3C)C1(C)C,0.0030511431
Cc1ccc(-c2csc(NC(=O)c3ccccc3)n2)c(C)c1,0.28334022
CSC[C@H]1CN(/N=C/c2ccc([N+](=O)[O-])o2)C(=O)O1,0.19081458
NC(=O)c1ccc(I)c([N+](=O)[O-])c1,0.13804044
O=c1nc[nH]c2c1ncn2[C@@H]1O[C@H](CO)[C@@H](O)[C@H]1O,0.023095647
O[C@H]1[C@H](O)[C@@H](O)[C@H](O)[C@@H](O)[C@H]1O,0.00039112684
O=C(O[C@H]1[C@H](OC(=O)c2cccnc2)[C@@H](OC(=O)c2cccnc2)[C@H](OC(=O)c2cccnc2)[C@@H](OC(=O)c2cccnc2)[C@H]1OC(=O)c1cccnc1)c1cccnc1,0.9448977
O=c1ccn([C@@H]2O[C@H](COP(=O)(O)OP(=O)(O)OP(=O)(O)O)[C@H](O)[C@H]2O)c(=O)[nH]1,0.9991472
CC[C@H]1[C@@H](O)[C@@H]2[C@H](CC[C@]3(C)[C@@H]([C@H](C)CCC(=O)O)CC[C@@H]23)[C@@]2(C)CC[C@@H](O)C[C@@H]12,7.471673e-05
CC[C@H]1[C@@H](O)[C@@H]2[C@H](CC[C@]3(C)[C@@H]([C@H](C)CCOS(=O)(=O)O)CC[C@@H]23)[C@@]2(C)CC[C@@H](O)C[C@@H]12,0.99633044
Cc1cc(C)n(-c2cccc([C@H](CC(=O)O)CN3CC[C@@H](CCc4ccc5c(n4)NCCC5)C3)c2)n1,0.7470082
COc1nc(N)nc2c1ncn2[C@@H]1O[C@H](CO[P@@](=O)(N[C@@H](C)C(=O)OCC(C)(C)C)Oc2cccc3ccccc23)[C@@H](O)[C@@]1(C)O,0.8117355
N=C(N)NCc1cccc(I)c1,0.0011237165
CC(=O)N(C[C@H](C)C(=O)O)c1c(I)cc(I)c(N)c1I,0.005170158
O=C(CCCCC(=O)Nc1c(I)cc(I)c(C(=O)O)c1I)Nc1c(I)cc(I)c(C(=O)O)c1I,0.014234987
CC(=O)N(CC(O)CN(C(C)=O)c1c(I)c(C(=O)NC[C@@H](O)CO)c(I)c(C(=O)NC[C@@H](O)CO)c1I)c1c(I)c(C(=O)NC[C@@H](O)CO)c(I)c(C(=O)NC[C@@H](O)CO)c1I,0.9695068
Cc1c(I)c(=O)n(-c2ccccc2)n1C,0.008657681
O=C1CC[C@](c2ccccc2)(C2CCN(Cc3ccc(I)cc3)CC2)C(=O)N1,0.9542241
N=C(NCCc1ccc(I)cc1)SCCCc1cnc[nH]1,0.16638424
Oc1c(I)cc(I)c2cccnc12,0.013941897
CC(=O)N(C[C@@H](O)CO)c1c(I)c(C(=O)NC[C@@H](O)CO)c(I)c(C(=O)NC[C@@H](O)CO)c1I,0.9988078
C[C@H](O)C(=O)Nc1c(I)c(C(=O)NC(CO)CO)c(I)c(C(=O)NC(CO)CO)c1I,0.78858197
CC[C@@H](Cc1c(I)cc(I)c(N)c1I)C(=O)O,0.00044587228
CN(C)/C=N/c1c(I)cc(I)c(CCC(=O)O)c1I,0.10341206
COCC(=O)Nc1c(I)c(C(=O)NC[C@@H](O)CO)c(I)c(C(=O)N(C)C[C@@H](O)CO)c1I,0.9713958
CNC(=O)c1c(I)c(NC(C)=O)c(I)c(C(=O)O)c1I,0.033182163
O=C(NC[C@@H](O)CO)c1c(I)c(C(=O)NC[C@@H](O)CO)c(I)c(N(CCO)C(=O)CO)c1I,0.98720366
O=C(NCc1ccc(Oc2ccccc2)cc1)c1nc(-c2cc(Br)c(O)c(Br)c2)no1,0.5767037
CNC(=O)c1c(I)c(C(=O)NCC(=O)Nc2c(I)c(C(=O)O)c(I)c(C(=O)NCCO)c2I)c(I)c(N(C)C(C)=O)c1I,0.0036434364
CC(=O)N(C[C@@H](O)CO)c1c(I)c(C(=O)NCCO)c(I)c(C(=O)NC[C@@H](O)CO)c1I,0.99482036
O=C(O)c1ccc(O)c2ncccc12,0.48632824
O=C(O)CNC(=O)c1c(O)c2ccccc2n(Cc2ccccc2)c1=O,0.03379694
Oc1ccc2ccccc2c1SSc1c(O)ccc2ccccc12,0.07534615
N=C(Nc1ccc(I)cc1)NC1C2CC3CC(C2)CC1C3,0.95854294
Nc1c2c(nc3c1CCC3)CCCC2,0.026167711
C[C@H](NC(=O)c1c(N)nn2cccnc12)c1cc2cccc(C#Cc3cnn(C)c3)c2c(=O)n1-c1ccccc1,0.06396674
OC[C@H]1O[C@@H](c2ccc(F)c(Cc3cc4ccccc4s3)c2)[C@H](O)[C@@H](O)[C@@H]1O,0.049662948
CC(C)Oc1ccc2c(=O)c(-c3ccccc3)coc2c1,0.061226953
CC(C)NNC(=O)c1ccncc1,0.97838914
O=C1c2ccccc2S(=O)(=O)N1CCCCN1CCN(c2ncccn2)CC1,0.02696332
CCCCC1=NC2(CCCC2)C(=O)N1Cc1ccc(-c2ccccc2-c2nn[nH]n2)cc1,0.12922978
CC(C)(C)c1cc(CCC(=O)OCC(COC(=O)CCc2cc(C(C)(C)C)c(O)c(C(C)(C)C)c2)(COC(=O)CCc2cc(C(C)(C)C)c(O)c(C(C)(C)C)c2)COC(=O)CCc2cc(C(C)(C)C)c(O)c(C(C)(C)C)c2)cc(C(C)(C)C)c1O,0.08990468
N=C(N)NCCC[C@@H]1NC(=O)[C@@H](N)CSSC[C@@H](C(=O)O)NC(=O)[C@H](CC(=O)O)NC(=O)[C@@H]2CCCN2C(=O)CNC(=O)[C@H](CCCCN)NC(=O)[C@H](CC(=O)O)NC(=O)CNC1=O,0.28849503
CCc1c2c(nc3ccc(OC(=O)N4CCC(N5CCCCC5)CC4)cc13)-c1cc3c(c(=O)n1C2)COC(=O)[C@]3(O)CC,0.9603847
Cc1cc(C)cc(C(=O)N(C)[C@H](Cc2ccc(-c3ccccc3)cc2)C(=O)N[C@@H](Cc2c[nH]c3ccccc23)C(=O)O)c1,0.03398502
NS(=O)(=O)Oc1ccc2c3c(c(=O)oc2c1)CCCCC3,0.0027305903
Nc1nc(N)nc(-c2cc(Cl)ccc2Cl)n1,0.29739267
CC(C)NC[C@@H](O)COc1ccccc1-n1cccc1,0.010544557
C[C@@H](c1nc(-c2ccc(C#N)cc2)cs1)[C@@](O)(Cn1cncn1)c1cc(F)ccc1F,0.9807777
CC(C)Nc1ncccn1,0.0003059603
CC(C)Cn1cnc2c1c(=O)n(C)c(=O)n2C,0.6339101
CN[C@@H]1[C@@H](O)[C@@H](O[C@@H]2[C@@H](O)[C@H](O[C@H]3O[C@H](CN)[C@@H](O)[C@H](O)[C@H]3O)[C@@H](N)C[C@H]2NC(=O)[C@@H](O)CN)OC[C@]1(C)O,0.9986021
COC(=O)C[C@H]1CC(c2ccc(O)cc2)=NO1,0.08793558
CC(C)COC(=O)c1ccc(N)cc1,0.005869154
CC(C)C(N)=O,0.00055870885
Cc1cc(C(=O)NNCc2ccccc2)no1,0.0122994315
Clc1ccc([C@@H](Cn2ccnc2)OCc2c(Cl)cccc2Cl)c(Cl)c1,0.5087122
O=C(O)CCCN1C(=O)c2cccc3cccc(c23)C1=O,0.0023088534
CC[C@@H](NC(C)C)[C@@H](O)c1ccc(O)c(O)c1,4.1557396e-06
CC(C)c1ccc2c(c1)[C@H](N1CCN(CCO)CC1)Cc1ccc(F)cc1S2,0.0024171763
CC(=O)OCC(=O)[C@@]1(O)CC[C@H]2[C@@H]3CCC4=CC(=O)C=C[C@]4(C)[C@@]3(F)[C@@H](O)C[C@@]21C,0.017130405
FC(F)O[C@@H](Cl)C(F)(F)F,0.023485033
CC(C)OP(=O)(F)OC(C)C,0.07089442
O=C(O)C1=CCNCC1,0.034033544
CC[C@@H](C)[C@@H](N)C(=O)O,0.00030238816
O=C(/C=C/c1ccc(O)cc1)c1ccc(O)cc1O,0.0001967662
CN[C@@H](C)CCC=C(C)C,0.0005950491
NNC(=O)c1ccncc1,0.12617023
COc1ccc(/C=C/C(=O)OCCC(C)C)cc1,0.002276242
CC(C)NC[C@@H](O)c1ccc(O)c(O)c1,0.00012753339
CC(C)[N+](C)(CCC(C(N)=O)(c1ccccc1)c1ccccc1)C(C)C,0.20340191
CCCCCCCCCCCCCC(=O)OC(C)C,0.018877639
CCCCCCCCCCCCCCCC(=O)OC(C)C,0.022051012
O=c1c(O[C@@H]2O[C@H](CO)[C@@H](O)[C@H](O)[C@H]2O)c(-c2ccc(O)c(O)c2)oc2cc(O)cc(O)c12,0.0027876403
COc1cc2c(cc1OC)[C@H](C)NCC2,0.00035832595
O[C@@H]1CO[C@H]2[C@@H]1OC[C@@H]2O,3.21015e-05
O=[N+]([O-])O[C@H]1CO[C@H]2[C@@H]1OC[C@H]2O[N+](=O)[O-],0.7221942
O=[N+]([O-])O[C@@H]1CO[C@H]2[C@@H]1OC[C@@H]2O,0.0014794702
C[C@@]12CC[C@@H]3[C@@](CC[C@H]4[C@@]3(C)CCC[C@@]4(C)C(=O)O)(CC1=O)C2,9.695598e-05
Cc1ccnc2c1CCC[C@H]2C(N)=S,0.016733466
CC1=C(/C=C/C(C)=C/C=C/C(C)=C\C(=O)O)C(C)(C)CCC1,0.46133178
CC(C)CC(N)=O,0.00015409174
O=C(O)Cc1ccc2c(c1)C(=O)c1ccccc1CO2,0.00020573534
Cc1cc(NC(=O)C2=C(O)c3ccccc3S(=O)(=O)N2C)no1,0.7503337
C[C@@H](COc1ccccc1)N[C@H](C)[C@@H](O)c1ccc(O)cc1,0.0011310617
Cc1ccc(C(=O)N(CCCN)[C@@H](c2nc3cc(Cl)ccc3c(=O)n2Cc2ccccc2)C(C)C)cc1,0.34763715
COC(=O)C1=C(C)NC(C)=C(C(=O)OC(C)C)[C@@H]1c1cccc2nonc12,0.99434257
O=C(COc1ccc(Cl)cc1)N[C@H]1CC[C@H](NC(=O)COc2ccc(Cl)cc2)CC1,0.7172237
C[C@]12CC/C(=N\OCCN)C[C@@H]1C(=O)C[C@@H]1[C@@H]2CC[C@]2(C)C(=O)CC[C@@H]12,0.003111764
CCn1c(=O)c2c(nc(/C=C/c3ccc(OC)c(OC)c3)n2C)n(CC)c1=O,0.0073111965
O=C(NC1CC1)c1cc(-c2cccs2)on1,0.18497762
N#CCC1(n2cc(-c3ncnc4[nH]ccc34)cn2)CN(C2CCN(C(=O)c3ccnc(C(F)(F)F)c3F)CC2)C1,0.0214642
CCOC(=O)C1=C(C)NC2=C(C(=O)CC(C)(C)C2)[C@@H]1c1ccc(-c2ccccc2)cc1,0.1623702
COC(=O)c1csc(C(=O)c2c[nH]c3ccccc23)n1,0.02146483
CN1C(=O)c2c(nn(Cc3ccc(-c4cccc(F)n4)cc3)c2Nc2ccccc2)N2C1=N[C@@H]1CCC[C@@H]12,0.73584837
COc1ccc(C(=O)NCc2ccc(OCCN(C)C)cc2)cc1OC,0.009232554
CC[C@H](C)n1ncn(-c2ccc(N3CCN(c4ccc(OC[C@H]5CO[C@](Cn6cncn6)(c6ccc(Cl)cc6Cl)O5)cc4)CC3)cc2)c1=O,0.9861471
Cc1cc(/C=c2/sc3nc4ccccc4n3c2=O)c(C)n1-c1ccccc1,0.24018371
COc1c(NC(=O)C(=O)c2ccc(OCCN3CCOCC3)c3ccccc23)cc(C(C)(C)C)cc1NS(C)(=O)=O,0.26534086
CC1(C)CN2C(CS/C(=N/C3CCCCC3)NC3CCCCC3)=CSC2=N1,0.27792752
Cc1cc(C(=O)CN2CCCC2)c(C)n1-c1ccc(F)cc1,0.1942083
COc1cc2c(cc1OC)CC(=O)N(CCCN(C)C[C@H]1Cc3cc(OC)c(OC)cc31)CC2,0.020038975
CC(C)(C)c1cc(C(C)(C)C)c(NC(=O)c2c[nH]c3ccccc3c2=O)cc1O,0.852037
CC[C@H](C)[C@H]1O[C@]2(CC[C@@H]1C)C[C@@H]1C[C@@H](C/C=C(\C)[C@@H](O[C@H]3C[C@H](OC)[C@@H](O[C@H]4C[C@H](OC)[C@@H](O)[C@H](C)O4)[C@H](C)O3)[C@@H](C)/C=C/C=C3\CO[C@@H]4[C@H](O)C(C)=C[C@@H](C(=O)O1)[C@]34O)O2,0.0009681511
N#Cc1ccnc(N2C(=O)CC[C@H]2C(=O)N(c2cncc(F)c2)[C@H](C(=O)NC2CC(F)(F)C2)c2ccccc2Cl)c1,0.9873957
O=C(CSc1nc2c(c(=O)n1-c1ccccc1)SCC2)Nc1ccc(-c2ccccc2)cn1,0.006616421
C/C(=C\c1csc(C)n1)[C@@H]1C[C@@H]2O[C@]2(C)CCC[C@H](C)[C@H](O)[C@@H](C)C(=O)C(C)(C)[C@@H](O)CC(=O)N1,0.02866773
CC(C)C[C@H](NC(=O)CNC(=O)c1cc(Cl)ccc1Cl)B(O)O,0.48219734
CC(C)C[C@H](NC(=O)CNC(=O)c1cc(Cl)ccc1Cl)B1OC(=O)C[C@](CC(=O)O)(C(=O)O)O1,0.80909944
C=CC(=O)c1ccc2ccccc2c1,0.021901337
CC(C)[C@H](/N=C(/NS(=O)(=O)c1ccc(Cl)cc1)N1C[C@H](c2ccccc2)C(c2ccc(Cl)cc2)=N1)C(N)=O,0.8907219
CC(C)[C@@H](CN1CC[C@@](C)(c2cccc(O)c2)[C@@H](C)C1)NC(=O)[C@H]1Cc2ccc(O)cc2CN1,0.24157509
CCCCN1[C@@H]2CC[C@H]1C[C@@H](OC(c1ccc(F)cc1)c1ccc(F)cc1)C2,0.5586739
COc1ccc(Br)cc1NC(=O)Nc1cccc2c1ccn2Cc1ccnc(N)c1,0.7808315
Clc1ccc(N/N=C(\c2ccccc2)c2ccccn2)nc1,0.7087022
CCOc1ccc(Nc2nc(-c3c(C)nc4ccccn34)cs2)cc1,0.4086174
COc1oc(=O)c2cc(N)ccc2c1Cl,0.0015458432
CN1CCN(C(=O)c2nc3ccc(Cl)cc3[nH]2)CC1,0.043686867
CC1(C)OC[C@H](NC(=O)Nc2ccc(Br)cc2Br)[C@H](c2ccccc2)O1,0.99592906
CO[C@H]1CC[C@@H](C(=O)c2ccc3nc4c(cc3c2)CCCO4)CC1,0.001301667
O=C(Nc1ccccc1)N1CCN(c2nc(-c3ccccc3)ns2)CC1,0.05038951
O=C(Nc1ccc(C(F)(F)F)cn1)N1CCN(c2ncccc2C(F)(F)F)CC1,0.38037196
Cn1cc(CNCC2CCN(c3ncc(C(=O)NO)cn3)CC2)c2ccccc21,0.019025074
NS(=O)(=O)NCc1csc2ccccc12,0.22945589
CC[C@@H](c1ccc(F)c(F)c1)n1c(C(=O)OC)c(-c2ccno2)[nH]c1=S,0.9702176
Fc1ccc(CN2CCC(Nc3ccc(C(F)(F)F)nn3)CC2)cc1F,0.7567609
Cn1cc(-c2ccc3nnc(C(F)(F)c4ccc5ncccc5c4)n3n2)cn1,0.047513302
FC(F)(c1ccc2ncccc2c1)c1nnc2ccc(-c3ccncc3)nn12,0.08365027
CC(C)c1cc(N2CC[C@@H](N)C2)nc(N)n1,0.014701769
CCCCn1ccc(N2CCC(c3ccccc3)CC2)c(Cl)c1=O,0.299149
O=C(O)c1cnn(-c2nc3cc(Cl)c(OC(F)(F)F)cc3[nH]2)c1,0.49456665
O=C(Nc1cnccc1Cl)N1CCN(Cc2ccc3c(c2)OC(F)(F)O3)CC1,0.98803127
O=C(NCC1(N2CCN(c3ccccc3)CC2)CCOCC1)c1cccnc1Sc1ccccc1,0.6602893
C[C@@H]1c2nnn(-c3ncc(F)cn3)c2CCN1C(=O)c1cccc(C(F)(F)F)c1Cl,0.6086296
C[C@H](NC(=O)CNC(=O)c1cccc(Cl)c1)c1ccccc1,0.003743754
Nc1nc2cc(CC[C@H]3C[C@@H](n4ccc5c(N)ncnc54)[C@H](O)[C@@H]3O)ccc2cc1Br,0.49422422
CS(=O)(=O)CCCn1c(Cn2c(=O)n(CC(F)(F)F)c3ccncc32)cc2cc(Cl)ccc21,0.5107437
Nc1nc(Nc2ccc(S(N)(=O)=O)cc2)nn1C(=O)c1c(F)cccc1F,0.94027597
CN1CCN(C(=O)c2cc3cc(Cl)ccc3[nH]2)CC1,0.003011872
CO[C@@H]1[C@@H](O[C@@H]2O[C@H](C)[C@@H](O[C@H]3C[C@@](C)(O)[C@@H](OC(=O)CC(C)C)[C@H](C)O3)[C@H](N(C)C)[C@H]2O)[C@@H](CC=O)C[C@@H](C)[C@@H](O)/C=C/C=C/C[C@@H](C)OC(=O)C[C@H]1OC(C)=O,0.9651688
Nc1cc(COc2c(Cl)cc(C[C@H](N)C(=O)O)cc2Cl)c2oc(-c3ccccc3)nc2c1,0.35880455
Cc1sc2c(c1C)C(c1ccc(Cl)cc1)=N[C@@H](CC(=O)OC(C)(C)C)c1nnc(C)n1-2,0.8294048
CCc1ccc(OCc2ccccc2C(=O)Nc2ccc3nc(C)cc(N)c3c2)cc1,0.73785794
Cc1nn(C)c2nc(NNC(=O)Nc3cc(Cl)nc(Cl)c3)cc(C(C)C)c12,0.3408067
CCOC(=O)[C@H](Cc1ccccc1)NC(=O)c1cc(Cl)c(OCCN2CCN(C)CC2)c(Cl)c1O,0.8978493
CCCCCOc1c(OC)ccc2cc(C(=O)NCc3ccc4c(c3)OCO4)c(=O)[nH]c12,0.8537066
COc1ccc(C2(CNC(=O)c3ccc(NC(=O)c4ccco4)cc3)CCOCC2)cc1,0.04561972
O=C(OC(C(F)(F)F)C(F)(F)F)N1CCN(Cc2cccc(Oc3ccccc3)c2)CC1,0.2503735
O=C1Nc2ccccc2C12OCC1(CO2)COC2(OC1)C(=O)Nc1ccccc12,0.99999976
COc1ccc(-n2c(SCc3nc(-c4ccc(C)cc4)no3)nnc2-c2ccncc2)cc1,0.32976657
COc1cc(SC)ccc1C(=O)N1CCC(Cc2ccccc2)CC1,0.0010868727
O=C(Oc1ccc([N+](=O)[O-])cc1)N1CCC(C(O)(c2ccc3c(c2)OCO3)c2ccc3c(c2)OCO3)CC1,0.95744866
O=C(Oc1ccc([N+](=O)[O-])cc1)N1CCN(Cc2cccc(Oc3ccccc3)c2)CC1,0.38267338
COc1cccc(/C=N/N(C(=O)C(F)(F)F)c2ccc(C)cc2C)c1,0.01746017
O=C(O)c1ccc(N[C@@H]2O[C@H](CO)[C@@H](O)[C@H](O)[C@@H]2O)cc1,0.01082801
C=CC(=O)N1CCN(C(=O)CNc2cc(I)c(Cl)cc2O)CC1,0.84560716
O=C(CCCS)NC1CCN(C(=O)COc2ccc(Cl)cc2Cl)CC1,0.002101533
C[C@]12CC[C@H]3[C@@H](CC[C@]4(O)C[C@@H](O)CC[C@]34C=O)[C@@]1(O)CC[C@@H]2C1=CC(=O)OC1,0.00012930381
O=C(O)c1ccc(N[C@@H]2O[C@H](CO)[C@@H](O)[C@@H]2O)cc1,0.014518534
CC(=O)NC1=NN(C(C)=O)[C@](C)(c2ccccc2)S1,0.039241076
O=c1c(O)c(-c2ccc(O)cc2)oc2cc(O)cc(O)c12,0.0030253716
CC1(C)c2nc(-c3ccc(F)cc3)c(Nc3ccc(F)cc3)n2CCN1C(=O)CN,0.39699557
C=C(C)[C@H]1CN[C@H](C(=O)O)[C@H]1CC(=O)O,0.013713758
O=c1c(-c2ccc(O)cc2)coc2c([C@H]3O[C@H](CO)[C@@H](O)[C@H](O)[C@@H]3O)c(O)ccc12,0.0021012393
NC[C@H]1O[C@H](O[C@H]2[C@H](O)[C@@H](O[C@H]3O[C@H](CO)[C@@H](O)[C@H](N)[C@H]3O)[C@H](N)C[C@@H]2N)[C@H](O)[C@@H](O)[C@@H]1O,0.995018
CC[C@@]1(O)C(=O)OCc2c1cc1n(c2=O)Cc2c-1nc1ccccc1c2CC[Si](C)(C)C,0.9860308
O=C(O)c1ccccc1C(=O)Nc1ccc(-c2ccccc2)cc1,0.1876617
C[C@H]1O[C@H](O[C@H]2[C@H](O)[C@@H](O)[C@@H](O)[C@H](O)[C@@H]2O)[C@@H](N)C[C@@H]1NC(=N)C(=O)O,0.9547992
N=C(N)SCCc1ccc(OCc2ccc([N+](=O)[O-])cc2)cc1,0.15892248
Nc1ncnc2c1c(-c1ccc(Cl)cc1)nn2-c1cccc(-c2cnnn2Cc2cccc(-c3ccccc3)c2)c1,0.511619
O[C@@H]1[C@@H](O)[C@@H](O)O[C@@H]2CO[C@H](c3ccccc3)O[C@@H]12,0.00011831735
CCCCCCCCCCCCCCOc1ccc(C(=O)O)o1,0.08911876
CC(C)NC(=O)COc1cccc(-c2nc(Nc3ccc4n[nH]cc4c3)c3ccccc3n2)c1,0.025529481
O=C1Cc2c([nH]c3ccc(Br)cc23)-c2ccccc2N1,0.12363781
O=C(c1ccc(F)cc1)C1CCN(CCn2c(=O)[nH]c3ccccc3c2=O)CC1,0.7439506
CC(=O)N1CCN(c2ccc(OC[C@@H]3CO[C@@](Cn4ccnc4)(c4ccc(Cl)cc4Cl)O3)cc2)CC1,0.64228576
C[C@H]1CCN1c1nc(N2C[C@@H]3[C@@H](CC(=O)O)[C@@H]3C2)cc(C(F)(F)F)n1,0.012996564
C[C@@H](C(=O)O)c1cccc(C(=O)c2ccccc2)c1,0.000103677296
O=C(c1ccccc1)c1ccc2n1CC[C@@H]2C(=O)O,0.0063676634
CN1CCC(=C2c3ccccc3C=C(O)c3sccc32)CC1,0.010264852
N#CCCCSC(=N)N,0.0027580077
COc1ccc([C@H]2CC(c3c(O)cc(C)oc3=O)=NCCS2)c(OC)c1,0.00023387432
CSc1nc(N)cc(Oc2ccc(-c3nnc(Nc4cccc(C(F)(F)F)c4)[nH]3)cc2)n1,0.98655045
CCOC(=O)c1c(C(C#N)C=N)c2ccc(Cl)c(Cl)c2n1C,0.087565154
COc1c2occc2c(OC)c2c(=O)cc(C)oc12,0.00088660704
CSc1ccccc1Nc1nc(N2CCNCC2)nc2c(NCC3CC3)ncnc12,0.030689485
CC(C)CNc1ccnc(NCc2csc(-c3ccccc3)n2)n1,0.12385257
Cc1noc(-c2ccc(CSCCC(=O)O)cc2)c1NC(=O)O[C@H](C)c1ccccc1Cl,0.8412601
COc1cc(Oc2ccnc3cc(OC)c(OC)cc23)ccc1NC(=O)N[C@@H](C)c1nccs1,0.58107203
COc1cc2nccc(Oc3ccc(NC(=O)Nc4ccc(F)cc4F)c(F)c3)c2cc1OC,0.9492459
O=C1N[C@@H]2[C@@H](O)[C@@H](O)[C@H](O)[C@@H](CO)N2C1=O,0.012307937
c1coc(CNc2ncnc3nc[nH]c23)c1,0.7631018
COC(=O)CCSCc1ccc(-c2onc(C)c2NC(=O)O[C@@H](C)c2ccccc2Cl)cc1,0.975202
CS(=O)(=O)N(Cc1ccco1)C[C@@H](O)Cn1c2ccccc2c2ccccc21,0.18022723
CN(C)CCNC(=O)COc1c2cccc1Cc1cccc(c1OCC(=O)NCCN(C)C)Cc1cccc(c1OCC(=O)NCCN(C)C)Cc1cccc(c1OCC(=O)NCCN(C)C)C2,9.407194e-05
CC(C)(C)c1cc(/C=C2\CCOC2=O)cc(C(C)(C)C)c1O,0.012865843
O=C(OC(C(F)(F)F)C(F)(F)F)N1CCC(C(O)(c2ccc3c(c2)OCO3)c2ccc3c(c2)OCO3)CC1,0.95175946
CN([C@@H](Cc1ccc(OS(=O)(=O)c2cccc3cnccc23)cc1)C(=O)N1CCN(c2ccccc2)CC1)S(=O)(=O)c1cccc2cnccc12,0.10193628
COc1ccc(S(=O)(=O)N(CCO)c2ccccc2CN(C)C/C=C/c2ccc(Cl)cc2)cc1,0.0034548596
COc1ccc2c3c([nH]c2c1)[C@H](CC(C)C)N1C(=O)[C@H](CCC(=O)OC(C)(C)C)NC(=O)[C@@H]1C3,0.0045166933
NC1=NC(=O)N([C@H]2C[C@@H](O)[C@@H](CO)O2)CN1,0.0006498853
COc1cc(-c2ncn(/C=C\C(=O)OC(C)C)n2)cc(C(F)(F)F)c1,0.16229466
O=C(/C=C\n1cnc(-c2cc(C(F)(F)F)cc(C(F)(F)F)c2)n1)N1CC(F)(F)C1,0.94298184
Nc1ccc(/C=C/C(=O)NCc2cc3cc(-c4ccc(C(=O)N5CCC(F)(F)CC5)cc4)cc(-c4ccc(F)cc4)c3o2)cn1,0.31361434
O=C(CSc1ccc(Br)cc1)Nc1cn(CCc2ccccc2)nc1C(=O)O,0.013967159
COc1cc(N2CCN(C(C)=O)CC2)ccc1Nc1ncc(Cl)c(Nc2ccc(N3CCN(C(C)=O)CC3)cc2OC)n1,0.30154812
CCCNC(=O)Nc1ccc(Oc2ncnc3cc(OC)c(OC)cc23)cc1Cl,0.45066172
O=C(Nc1ccccc1C(=O)Nc1ccc(CCO)cc1)c1ccc([N+](=O)[O-])cc1,0.168777
CCc1oc2ccccc2c1C(=O)c1ccc(OCC(=O)O)cc1,0.17871445
COc1ccc(-c2ccc3c(N4CCOCC4)nc(N4C[C@@H](C)O[C@@H](C)C4)nc3n2)cc1CO,0.050074898
O=c1cc(-c2cccc3c2Sc2ccccc2S3)oc(N2CCOCC2)c1,0.003656919
C[C@@H]1CN(CC(=O)Nc2ccc3c(c2)Cc2cccc(-c4cc(=O)cc(N5CCOCC5)o4)c2S3)C[C@H](C)O1,0.09358732
OC[C@H]1O[C@@H](Oc2cc3c(O)cc(O)cc3[o+]c2-c2ccc(O)c(O)c2)[C@H](O)[C@@H](O)[C@@H]1O,0.0018651666
CC[C@@]1(c2ncc[nH]2)Cc2ccccc2O1,0.009423283
O=C(c1ccc(/C=C/c2[nH]nc3ccccc23)cc1)N1CCNCC1,0.005790962
CCc1c(O)cc(O)c(C(=O)c2ccc(OCCN3CCOCC3)c(OC)c2)c1CC(=O)N(CCOC)CCOC,0.006595461
CCCn1c(=O)c2[nH]c(C34C[C@@H]5C[C@@H](C[C@H]3C5)C4)nc2n(CCC)c1=O,0.94146365
O=C(Cc1ccc(-c2ccc(OCCN3CCOCC3)cc2)cn1)NCc1ccccc1,0.47295842
O=C(O)c1cc(=O)c2ccccc2[nH]1,0.011305335
COc1ccc(CCC(=O)Nc2nc3ccc(Cl)cc3s2)cc1OC,0.018516185
COc1cc(-c2cc(-c3cccc(O)c3)cnc2N)cc(OC)c1OC,0.34618136
CCCCOc1ccc(CC/C=C2\SC(=O)N(CCN)C2=O)cc1,0.038962044
C[C@@H]1O[C@@H](O)[C@H](O)[C@H](O)[C@H]1O,0.00016806857
C[C@H](N)C(=O)O,0.0036804022
N=C(N)NCCC[C@H](N)C(=O)O,0.0030341607
CCCCCCCCCCCCCCCC(=O)OC[C@H](O)[C@H]1OC(=O)C(=O)[C@@H]1O,0.3928405
NC(=O)C[C@H](N)C(=O)O,0.13919668
N[C@@H](CC(=O)NO)C(=O)O,0.0013035635
N[C@@H](CC(=O)O)C(=O)O,0.014151988
NC(=O)NCCC[C@H](N)C(=O)O,0.0995679
N[C@@H](CS)C(=O)O,0.00047297616
N[C@@H](C[S@](=O)O)C(=O)O,0.49371877
N[C@@H](CSSC[C@H](N)C(=O)O)C(=O)O,0.6299935
C[N+](C)(C)[C@@H](Cc1c[nH]c(=S)[nH]1)C(=O)O,0.0016956143
N[C@@H](CCC(=O)O)C(=O)O,0.005602298
NC(=O)CC[C@H](N)C(=O)O,0.0054284795
O=C(O)[C@@H]1C[C@@H](O)CN1,0.00027489147
Nc1ccccc1C(=O)C[C@H](N)C(=O)O,0.15201934
CC(C)C[C@H](N)C(=O)O,0.004037594
NCCCC[C@H](N)C(=O)O,0.0122531345
CSCC[C@H](N)C(=O)O,0.61183494
N[C@@H](CN1C=CC(=O)C(=O)C1)C(=O)O,0.01944247
CN[C@@H](CCCNC(=N)N)C(=O)O,0.000366102
COC(=O)[C@@H](N)CCCNC(N)=N[N+](=O)[O-],0.00017874976
CC(=N)NCCCC[C@H](N)C(=O)O,0.0383913
C[C@H](Cc1ccccc1)Nc1ncnc2c1ncn2[C@@H]1O[C@H](CO)[C@@H](O)[C@H]1O,0.019678773
O=C(O)[C@@H]1CCCN1,7.095678e-05
N[C@@H](Cn1oc(=O)[nH]c1=O)C(=O)O,0.00016061748
CCNC(=O)CC[C@H](N)C(=O)O,0.0038017158
C[C@@H](O)[C@H](N)C(=O)O,0.00050229626
CC(C)[C@@H](N)C(=O)O,0.0002798068
CC1(C)CC(=O)C([C@@H]2C3=C(CC(C)(C)CC3=O)Oc3ccccc32)C(=O)C1,0.00044977613
CCCCc1nn(-c2ccccc2C(F)(F)F)c(=O)n1Cc1ccc(-c2ccccc2S(=O)(=O)NC(=O)c2sccc2C)cc1,0.603155
CCCc1c(OCCCOc2ccc(OCC(=O)O)cc2)ccc(C(C)=O)c1O,0.74453354
CCCOc1ccc(Br)cc1-c1cc(-c2ccc(Cl)cc2)[nH]c1-c1ccncc1,0.8565716
Cc1cccc(NC(=O)N[C@@H]2N=C(c3ccccc3)c3ccccc3N(C)C2=O)c1,0.622392
Cc1ccccc1N1CCN(S(=O)(=O)C[C@]23CC[C@H](C[C@@H]2NC(=O)[C@@H](N)CCS(C)(=O)=O)C3(C)C)CC1,0.94557416
CCOC(=O)c1ncn2c1[C@@H]1CCCN1C(=O)c1cc(OC)ccc1-2,0.09666694
Cc1c(CC(C)(C)C(=O)O)n(Cc2ccc(Cl)cc2)c2ccc(F)cc12,0.022676742
CS(=O)(=O)c1ccc(Cn2c3c(c4cc(F)cc(F)c42)CCC[C@@H]3CC(=O)O)cc1,0.2441225
O=C(Nc1ccccc1)N[C@H]1C[C@H](C(=O)O)Nc2cc(Cl)cc(Cl)c21,0.0097048655
CC(Oc1ccc(O)cc1)(P(=O)(O)O)P(=O)(O)O,2.863244e-07
c1ccc(CN2CCC3(CCc4ccccc43)CC2)cc1,0.5684805
CS(=O)(=O)Nc1ccc(Cc2noc(-c3ccc4[nH]cc(CCN)c4c3)n2)cc1,0.9845344
O=C(c1c(O)c2ccc(Cl)cc2[nH]c1=O)C1CC1,0.03819043
O=c1[nH]c2cc(Cl)ccc2c(O)c1-c1cccc(Oc2ccccc2)c1,0.36931655
CC(=O)N[C@H](Cc1c[nH]c2ccccc12)C(=O)OCc1cc(C(F)(F)F)cc(C(F)(F)F)c1,0.3578784
FC(F)(F)c1cc(CO[C@H]2CCCN[C@H]2c2ccccc2)cc(C(F)(F)F)c1,0.00049070327
Cc1c(C2CCN(CCc3ccccc3)CC2)noc1-c1ccc(Cl)cc1,0.07621952
Clc1ccc(N2CCN(Cc3c[nH]c4ncccc34)CC2)cc1,0.12049358
CCCCCCNC(=O)Nc1ccc(S(=O)(=O)Nc2ccc(CCNC[C@H](O)COc3ccc(O)cc3)cc2)cc1,0.0073408457
C[C@@H](O[C@H]1OCCN(Cc2n[nH]nc2CN(C)C)[C@H]1c1ccc(F)cc1)c1cc(C(F)(F)F)cc(C(F)(F)F)c1,0.11931351
N#Cc1ccc(Cn2cncc2CN2CCN(c3cccc(Cl)c3)C(=O)C2)cc1,0.16073504
COc1ccc(Br)cc1S(=O)(=O)NC(=O)/C=C/c1ccccc1Cc1ccc2ccccc2c1,0.5907584
Cn1ncnc1COc1nn2c(-c3cc(F)ccc3F)nnc2cc1C(C)(C)C,0.9822996
C[C@@H](CCc1ccccc1)NC[C@@H](O)c1ccc(O)c(C(N)=O)c1,0.08110402
CCOC(=O)C1=C(C)NC(C)=C(C(=O)OCC)C1c1ccccc1/C=C/C(=O)OC(C)(C)C,0.9946696
OC[C@@H](O)[C@@H](O[C@@H]1O[C@H](CO)[C@H](O)[C@H](O)[C@H]1O)[C@H](O)[C@@H](O)CO,0.0010231258
OC[C@H]1O[C@@H](O[C@@H]2[C@@H](CO)O[C@](O)(CO)[C@H]2O)[C@H](O)[C@@H](O)[C@H]1O,0.00029135117
O=C(C[S@@](=O)Cc1ccco1)NC/C=C\COc1cc(CN2CCCCC2)ccn1,0.5717989
Nc1ccn([C@@H]2CS[C@H](CO)O2)c(=O)n1,0.14788565
Nc1nnc(-c2cccc(Cl)c2Cl)c(N)n1,0.12862241
CC#Cc1cncc(-c2ccc3c(c2)[C@@]2(N=C(C)C(N)=N2)[C@]2(CC[C@H](OC)CC2)C3)c1,0.03469963
CC(=O)O[C@H]1C[C@H](O[C@H]2[C@@H](O)C[C@H](O[C@H]3[C@@H](O)C[C@H](O[C@H]4CC[C@@]5(C)[C@@H](CC[C@H]6[C@@H]5C[C@@H](O)[C@]5(C)[C@@H](C7=CC(=O)OC7)CC[C@]65O)C4)O[C@@H]3C)O[C@@H]2C)O[C@H](C)[C@H]1O[C@@H]1O[C@H](CO)[C@@H](O)[C@H](O)[C@H]1O,0.0044933087
CC1(C)OC[C@@H](COC(=O)CCc2ccc(OC[C@@H](O)CNCCNC(=O)N3CCOCC3)cc2)O1,0.21460375
O=C(O)CCCc1cc2cc(Cl)ccc2n1S(=O)(=O)c1ccc2ncsc2c1,0.036914747
N#C/C(=C1/SC[C@H](c2ccccc2Cl)S1)n1ccnc1,0.008378488
CS(=O)(=O)CCNCc1ccc(-c2ccc3ncnc(Nc4ccc(OCc5cccc(F)c5)c(Cl)c4)c3c2)o1,0.61600155
CCN1C[C@]2(OC(=O)c3ccccc3NC(C)=O)CC[C@H](OC)[C@@]34[C@@H]2C[C@@H]([C@@H]13)[C@@]1(O)C[C@H](OC)[C@H]2C[C@@H]4[C@]1(O)[C@H]2OC,4.5191788e-05
CCN(C(=O)c1c(O)c2c(Cl)cccc2n(C)c1=O)c1ccccc1,0.050196286
CC(C)C[C@H](NC(=O)[C@@H](NC(=O)CNC(=O)CN)C(C)C)C(=O)N[C@H](C(=O)N[C@@H](CCC(N)=O)C(=O)N1CCC[C@H]1C(=O)NCC(=O)O)C(C)C,0.14699094
CS(=O)(=O)c1cc(F)cc2c3c(n(Cc4ccc(Cl)cc4)c12)[C@@H](CC(=O)O)CC3,0.2871909
O=C(Nc1cnn2ccc(N3CCC[C@@H]3c3cc(F)ccc3F)nc12)N1CC[C@H](O)C1,0.012336332
CC[C@@H](C(=O)[C@@H](C)[C@@H](O)[C@H](C)CCc1ccc(C)c(O)c1C(=O)O)[C@H]1O[C@](CC)([C@H]2CC[C@](O)(CC)[C@H](C)O2)C[C@@H]1C,0.9930106
CN1CCC(C(=O)c2cccc(NC(=O)c3c(F)cc(F)cc3F)n2)CC1,0.08527845
Oc1ccc2c(c1)CC[C@H](c1ccccc1)[C@@H]2c1ccc(OCCN2CCCC2)cc1,0.13241126
CC(C)OC(=O)CCC/C=C\C[C@@H]1[C@@H](CC[C@@H](O)CCc2ccccc2)[C@H](O)C[C@@H]1O,0.00016608422
Cc1ccc2c(c1)c1c(n2CCc2ccc(C)nc2)CCN(C)C1,0.34688807
C/C1=C/C(=O)O[C@@H]2C[C@@H](CC[C@H](C)/C=C\CC1)O[C@@](O)([C@@H]1CSC(=O)N1)C2,0.1761912
CCCCCCCCCCCC(=O)O,0.008518252
CCCCCCCCCCCC(=O)N(CCO)CCO,9.605258e-05
CCCCCCCCCCCCN1CCCCCC1=O,0.08843102
NCCNC(=O)c1ccc(Cl)cn1,0.008376483
C=CC(=O)Nc1cc(Nc2nccc(-n3cc(CN(C)C)c(-c4ccccc4)n3)n2)c(OC)cc1N1CCOCC1,0.2358361
CN1CCN(C(=O)[C@H]2[C@@H](C(=O)O)[C@@H]3CC[C@H]2O3)CC1,0.006505848
O=C(c1cn(Cc2cncn2Cc2ccc(Br)cc2)cc1-c1cccc2ccccc12)N1CCOCC1,0.49325678
CN[C@@H](C)C(=O)N[C@H](C(=O)N1CCC[C@H]1c1nc(C(=O)c2ccc(F)cc2)cs1)C1CCCCC1,0.12431056
O=C(O)C[C@H]1CC[C@H](c2ccc(-c3ccc(Nc4ccc(C(F)(F)F)nc4)cn3)cc2)CC1,0.5229727
CCCCC(=O)N(Cc1ccc(-c2ccccc2-c2nn[nH]n2)cc1)[C@H](C(=O)O)C(C)C,0.016127583
CCOc1cn(-c2ccc(F)cc2C)nc1C(=O)Nc1ccc(Oc2ccnc3cc(OC)c(OC)cc23)c(F)c1,0.95892185
COc1ccc2nc3ccc(Cl)cc3c(SCCCN)c2c1,0.02220112
c1cc(-c2cnn3cc(-c4ccc(N5CCNCC5)cc4)cnc23)c2cccnc2c1,0.34644023
NNC(=O)CSc1nc2scc(-c3ccccc3)c2c(=O)n1-c1ccccc1,0.0070495717
CC(=O)O/N=C1/C(=O)N(Cc2cc(Cl)ccc2Cl)c2ccc(Cl)cc21,0.9607147
c1ccc2c(-c3cnn4cc(-c5ccc(N6CCNCC6)cc5)cnc34)ccnc2c1,0.69068205
CN1c2cc3c(cc2N=C(c2ccc(C(=O)O)cc2)c2ccccc21)C(C)(C)CCC3(C)C,0.7765822
COC(=O)N[C@H](C(=O)N1CC2(CC2)C[C@H]1c1nc(-c2ccc3c(c2)C(F)(F)c2cc(-c4ccc5nc([C@@H]6[C@H]7CC[C@H](C7)N6C(=O)[C@@H](NC(=O)OC)C(C)C)[nH]c5c4)ccc2-3)c[nH]1)C(C)C,0.9973974
Cc1oncc1C(=O)Nc1ccc(C(F)(F)F)cc1,0.67189234
Cc1ncc(OC[C@@]2(c3cccc(F)c3)C[C@H]2C(=O)Nc2ccc(F)cn2)c(C)n1,0.7447719
Nc1cccc2c1CN([C@H]1CCC(=O)NC1=O)C2=O,0.0746761
CCC(=O)N1CC[C@H](Nc2ncnc3c2CN(c2cnc(OC)c(C(F)(F)F)c2)CC3)C1,0.0062579173
COc1cc2nccc(Oc3ccc(NC(=O)NC4CC4)c(Cl)c3)c2cc1C(N)=O,0.45709044
COc1cc(C(=O)OCCCCNC(=N)N)cc(OC)c1O,0.060028285
Cc1c(Cc2ccccc2)nnc(N2CCN(c3cnc(C(C)(C)O)cn3)[C@H](C)C2)c1C,0.36750892
COC(=O)C1=C(C)NC(C)=C(C(=O)OC(C)(C)CN(C)CCC(c2ccccc2)c2ccccc2)[C@@H]1c1cccc([N+](=O)[O-])c1,0.14916846
c1ccc(Cn2c(N3CCNCC3)nc3ccccc32)cc1,0.00021551727
CCc1nn(CCO)c(CC)c1Oc1cc(C#N)cc(C#N)c1,0.00058243464
O=C(O)CSc1nnc(Br)n1-c1ccc(C2CC2)c2ccccc12,0.00062386354
C[C@]12O[C@@H](C[C@]1(O)CO)n1c3ccccc3c3c4c(c5c6ccccc6n2c5c31)CNC4=O,0.006833178
O=C(CCn1cnc2c(=O)nc[nH]c21)Nc1ccc(C(=O)O)cc1,0.3223226
COc1cccc(N2CCN(C3=Nc4c(F)cccc4[C@H](CC(=O)O)N3c3cc(C(F)(F)F)ccc3OC)CC2)c1,0.38488096
CCOC(=O)CSCC[C@H]1N[C@H](C(=O)O)CS1,0.027889378
N#C[C@H](c1ccc(F)cc1)c1c(Cl)cc(-n2ncc(=O)[nH]c2=O)cc1Cl,0.8009395
N#Cc1ccc(C(c2ccc(C#N)cc2)n2cncn2)cc1,0.008512394
CN(C)c1ccc2c(c1)Sc1cc(N(C)C)ccc1N2,0.014598161
COC(=O)[C@H](CC(C)C)NC(=O)[C@@H](N)CC(C)C,0.008699257
CCNC(=O)[C@@H]1CCCN1C(=O)[C@H](CCCNC(=N)N)NC(=O)[C@H](CC(C)C)NC(=O)[C@@H](CC(C)C)NC(=O)[C@H](Cc1ccc(O)cc1)NC(=O)[C@H](CO)NC(=O)[C@H](Cc1c[nH]c2ccccc12)NC(=O)[C@H](Cc1cnc[nH]1)NC(=O)[C@@H]1CCC(=O)N1,0.14373082
CC(C)(C)NC[C@H](O)c1ccc(O)c(CO)c1,0.0010361726
C=CCN1CC[C@]23CCCC[C@H]2[C@H]1Cc1ccc(O)cc13,0.0029920149
c1ccc([C@H]2CN3CCSC3=N2)cc1,0.0010734878
CCOC(=O)C1=C(COCCN)NC(C)=C(C(=O)OC)[C@@H]1c1ccccc1Cl,0.23367007
CC[C@@H](C(N)=O)N1CCCC1=O,3.9436603e-05
CN1C[C@H]2CCC[C@@H](C1)[C@@H]2OC(=O)[C@](O)(c1ccccc1)C1CCCC1,0.5734339
CC(C)NC[C@H](O)COc1ccc(CCOCC2CC2)cc1,0.012249454
CC(C)(C)NC[C@H](O)COc1cccc2c1CCCC2=O,0.0017687086
CC(C)(C)NC[C@@H](O)COc1cccc2c1CCCC2=O,0.003877028
C[C@@H]1CN([C@H]2CC[C@](C#N)(c3ccc(F)cc3)CC2)CC[C@]1(C(=O)O)c1ccccc1,0.1664976
C[N+](C)(C)C[C@H](O)CC(=O)O,0.004026941
CCC(=O)O[C@H](CC(=O)O)C[N+](C)(C)C,0.0055946163
O=C(O)COCCN1CCN([C@H](c2ccccc2)c2ccc(Cl)cc2)CC1,0.19861521
N[C@@H](Cc1ccc(O)c(O)c1)C(=O)O,0.00019342183
C[C@H]1COc2c(N3CCN(C)CC3)c(F)cc3c(=O)c(C(=O)O)cn1c23,0.7266419
CC(C)=CCC[C@](C)(O)[C@@H]1CC=C(C)CC1,0.0005733248
CC(C)[C@@H]1CC[C@@H](C)C[C@H]1O,8.452184e-05
COc1ccc2c(c1)N(C[C@H](C)CN(C)C)c1ccccc1S2,0.0031321163
c1ccc2c(c1)Sc1ccccc1N2C[C@H]1CN2CCC1CC2,0.022710515
C[C@H](N)[C@H](O)c1ccc(O)c(O)c1,8.4427185e-05
C#C[C@]1(O)CC[C@H]2[C@@H]3CCC4=CC(=O)CC[C@@H]4[C@H]3CC[C@@]21CC,0.0036513659
CCC(=O)OC(Cc1ccccc1)(c1ccccc1)[C@@H](C)CN(C)C,0.0066719516
C[C@@H]1CC(=O)NN=C1c1ccc(NN=C(C#N)C#N)cc1,9.618926e-06
CCN1CCC[C@H]1CNC(=O)c1cc(S(N)(=O)=O)ccc1OC,0.9989219
N[C@@H](Cc1cc(I)c(Oc2cc(I)c(O)c(I)c2)c(I)c1)C(=O)O,0.001782087
CC(=O)[C@@H](C#N)C(=O)Nc1cc(Br)ccc1Br,0.72970736
Cc1cc(C)c(-c2ccc(NC(=O)[C@H](Cc3ccc(C(=O)NCCS(=O)(=O)O)cc3)c3ccc(-c4ccc(C(C)(C)C)cc4)cc3)cc2)c(C)c1,0.843173
Cc1cc(-c2ncc(CC(=O)Nc3ccc(-c4cnccn4)cn3)cc2C)ccn1,0.029564342
Cc1cc2sc(NC(=O)Cc3ccccc3)nc2cc1Cl,0.004630973
Clc1cccc([C@H](c2ccc3nc[nH]c3c2)n2ccnc2)c1,0.0016273918
NC(=O)N1c2ccccc2C[C@@H](O)c2ccccc21,0.00044774055
C=CC(C)(C)c1cc(/C=C/C(=O)c2ccc(O)cc2)c(OC)cc1O,0.00031603864
CC1(C)Cc2c(-c3ccccc3)c(-c3ccc(Cl)cc3)c(CC(=O)O)n2C1,0.030011056
CCc1ccc([C@@H]2O[C@H](CO)[C@@H](O)[C@H](O)[C@H]2O)cc1Cc1ccc2c(c1)OCCO2,0.42852226
O=c1[nH]c2cc(Cl)c(Cl)c([N+](=O)[O-])c2[nH]c1=O,0.013476096
CNC(=N)NC(=O)Nc1c(C)cccc1C,0.0018649687
CCN(CC)CC(=O)Nc1c(C)cccc1C,0.00031018912
Cc1cccc(C)c1NC(=O)CN1CCN(CCCC(c2ccc(F)cc2)c2ccc(F)cc2)CC1,0.49316916
O=C1CCc2c(Oc3ccc4c(c3)[C@@H]3[C@H](O4)[C@H]3c3nc4ccc(C(F)(F)F)cc4[nH]3)ccnc2N1,0.007048117
CS(=O)(=O)c1cccc(C[C@H](NC(=O)c2c(Cl)cc3c(c2Cl)CCN(C(=O)c2ccc4ccoc4c2)C3)C(=O)O)c1,0.34419507
CCC/C=C1\OC(=O)C2=C1CCC=C2,0.000491189
CCCC[C@H](C)C[C@H](O)/C=C/[C@H]1[C@H](O)CC(=O)[C@@H]1CCCC/C=C/C(=O)O,0.0017779422
CC(C)C(=O)Nc1ncc(-c2cc(C(F)F)nn2-c2c(Cl)cccc2Cl)s1,0.6850618
CC1(C)O[C@H]2CC(=O)OC[C@]23[C@H]2CC[C@@]4(C)[C@H](c5ccoc5)OC(=O)[C@H]5O[C@]54[C@]2(C)C(=O)C[C@@H]13,0.00010195919
C[C@@H]1NC(=O)[C@@H]2CCCN2C(=O)[C@H](CC(N)=O)NC(=O)[C@@H]2CSSC[C@H](N)C(=O)N[C@H]3CSSC[C@H](NC1=O)C(=O)N[C@@H]([C@@H](C)O)C(=O)NCC(=O)N[C@H](C(=O)N[C@@H](Cc1ccc(O)cc1)C(=O)O)CSSC[C@H](NC(=O)[C@H](Cc1ccc(O)cc1)NC(=O)[C@H](CCC(=O)O)NC3=O)C(=O)N2,0.3139269
CC#CCn1c(N2CCC[C@@H](N)C2)nc2c1c(=O)n(Cc1nc(C)c3ccccc3n1)c(=O)n2C,0.03538802
C=C[C@](C)(O)CCC=C(C)C,0.00026655183
Cc1cccc(C)c1CNc1cc(C(=O)NCCO)cn2c(C)c(C)nc12,0.048062224
CCC[C@@H]1C[C@@H](C(=O)N[C@@H]([C@H]2O[C@H](SC)[C@H](O)[C@@H](O)[C@H]2O)[C@@H](C)O)N(C)C1,0.00819111
Cl[C@H]1[C@H](Cl)[C@@H](Cl)[C@@H](Cl)[C@H](Cl)[C@H]1Cl,3.797648e-06
CC(=O)NC[C@H]1CN(c2ccc(N3CCOCC3)c(F)c2)C(=O)O1,0.85623276
Cc1ccc(F)c(NC(=O)Nc2ccc(-c3cccc4n[nH]c(N)c34)cc2)c1,0.47019225
CCCCC/C=C\C/C=C\CCCCCCCC(=O)O,0.0018353978
O=C1N(c2ccccc2)c2ccccc2C1(Cc1ccncc1)Cc1ccncc1,0.0039145
Nc1c[n+](N2CCOCC2)no1,0.017007034
C[C@]1(O)C[C@@H](c2nc(-c3ccc4ccc(-c5ccccc5)nc4c3)c3c(N)nccn32)C1,0.57575786
CCN1CCN=C1CNC(=O)c1cc(Cl)c(N)cc1OC,0.12574644
N[C@@H](Cc1cc(I)c(Oc2ccc(O)c(I)c2)c(I)c1)C(=O)O,0.0027398525
N[C@H](Cc1cc(I)c(Oc2ccc(O)c(I)c2)c(I)c1)C(=O)O,0.011092619
NC(=O)CCCC[C@H]1CCSS1,0.00094696553
O=C1C[C@@H](c2ccc(O[C@@H]3O[C@H](CO)[C@@H](O)[C@H](O)[C@H]3O)cc2)Oc2cc(O)ccc21,0.00045536476
CCCCCCCCCCCCCCCC(=O)N[C@@H](CCC(=O)NCCCC[C@H](NC(=O)[C@H](C)NC(=O)[C@H](C)NC(=O)[C@H](CCC(N)=O)NC(=O)CNC(=O)[C@H](CCC(=O)O)NC(=O)[C@H](CC(C)C)NC(=O)[C@H](Cc1ccc(O)cc1)NC(=O)[C@H](CO)NC(=O)[C@H](CO)NC(=O)[C@@H](NC(=O)[C@H](CC(=O)O)NC(=O)[C@H](CO)NC(=O)[C@@H](NC(=O)[C@H](Cc1ccccc1)NC(=O)[C@@H](NC(=O)CNC(=O)[C@H](CCC(=O)O)NC(=O)[C@H](C)NC(=O)[C@@H](N)Cc1cnc[nH]1)[C@@H](C)O)[C@@H](C)O)C(C)C)C(=O)N[C@@H](CCC(=O)O)C(=O)N[C@@H](Cc1ccccc1)C(=O)N[C@H](C(=O)N[C@@H](C)C(=O)N[C@@H](Cc1c[nH]c2ccccc12)C(=O)N[C@@H](CC(C)C)C(=O)N[C@H](C(=O)N[C@@H](CCCNC(=N)N)C(=O)NCC(=O)N[C@@H](CCCNC(=N)N)C(=O)NCC(=O)O)C(C)C)[C@@H](C)CC)C(=O)O,6.623279e-05
COc1cccc(N(C)C(=S)Oc2ccc3c(c2)CCCC3)n1,0.18386242
CS(=O)(=O)Oc1ccc2c(NC(N)=O)c(C(=O)c3ccc(Cl)cc3Cl)oc2c1,0.8274755
Nc1ccc(C(=O)OC[C@@H](O)CO)cc1,0.012085568
NCCCC[C@H](N[C@@H](CCc1ccccc1)C(=O)O)C(=O)N1CCC[C@H]1C(=O)O,0.057503525
C[C@@H](O)CCCCn1c(=O)c2c(ncn2C)n(C)c1=O,0.05410646
CCN(CC)C(=O)N[C@H]1C=C2c3cccc4[nH]cc(c34)C[C@H]2N(C)C1,0.03962261
CC(=O)CC(=O)O,0.000934869
C[C@H](CCC(=O)O)[C@H]1CC[C@H]2[C@@H]3CC[C@@H]4C[C@H](O)CC[C@]4(C)[C@H]3CC[C@]12C,0.0005336814
CCNCCS(=O)(=O)NC[C@@]1(c2ccccc2)SC(NC(=O)C(C)(C)C)=NN1C(=O)C(C)(C)C,0.5737758
Cc1ccc(F)cc1C(=O)Nc1ccc(C(=O)N2Cc3cccn3Cc3ccccc32)c(Cl)c1,0.93291515
O=C(NCCO)c1cc(C(=O)NCCO)cc(C(=O)NCCO)c1,0.06267204
CC1(C)CC(Oc2ccc(-c3ccc(-c4cn[nH]c4)cc3O)nn2)CC(C)(C)N1,0.9762574
Cc1cc(C)cc(C(=O)NOCCCCCC(=O)NO)c1,0.001970464
CC[C@@H](C)[C@@H](N)C(=O)NCCN1CCOCC1,0.0014745579
CN1[C@@H](CC(=O)c2ccccc2)CCC[C@H]1C[C@H](O)c1ccccc1,0.046738286
CCOC(=O)Nc1nc2ccccc2[nH]1,0.98354995
O=C(O)c1ccccc1Nc1cc(Cl)ccc1C(=O)O,0.48089516
Nc1ncnc2c1ncn2[C@@H]1O[C@H](CO)C[C@@H]1F,0.9378216
N#Cc1cc(NC(=O)C(=O)O)c(Cl)c(NC(=O)C(=O)O)c1,0.867091
Cc1[nH]cnc1-c1ccc(Cl)cc1,0.009719325
CN(CCCN1c2ccccc2CCc2ccccc21)CC(=O)c1ccc(Cl)cc1,0.042589113
C[C@@H](Oc1c(Cl)cccc1Cl)C1=NCCN1,0.0010045039
CCn1cc(C(=O)O)c(=O)c2cc(F)c(N3CCN[C@@H](C)C3)c(F)c21,0.3339228
Nc1nc(OCc2cc(Br)cs2)c2[nH]cnc2n1,0.18529177
COc1ccc(CN2CCN(C(c3ccc(F)cc3)c3ccc(F)cc3)CC2)c(OC)c1OC,0.81661564
Nc1nc(=O)c2c([nH]1)NC[C@H](CCc1ccc(C(=O)N[C@@H](CCC(=O)O)C(=O)O)cc1)C2,0.9703048
O=C(NC1CCN(CCCCC2(C(=O)NCC(F)(F)F)c3ccccc3-c3ccccc32)CC1)c1ccccc1-c1ccc(C(F)(F)F)cc1,0.87264943
O=C(NC1CCCCC1)N(CCCl)[NH2+][O-],0.016856091
NC(=O)N1CCC(CC(=O)N2CCC([C@H]3c4ncc(Br)cc4CCc4cc(Cl)cc(Br)c43)CC2)CC1,0.004550851
O=C(O)c1nn(Cc2ccc(Cl)cc2Cl)c2ccccc12,0.5137723
CN(C)C(=O)C(CCN1CCC(O)(c2ccc(Cl)cc2)CC1)(c1ccccc1)c1ccccc1,0.29282993
Cc1cccc(C)c1OCC(=O)N[C@@H](Cc1ccccc1)[C@@H](O)C[C@H](Cc1ccccc1)NC(=O)[C@H](C(C)C)N1CCCNC1=O,0.082937494
N[C@@H](C(=O)N[C@@H]1C(=O)N2C(C(=O)O)=C(Cl)CC[C@H]12)c1ccccc1,0.7215492
CCOC(=O)N1CCC(=C2c3ccc(Cl)cc3CCc3cccnc32)CC1,0.5569048
Cl/C(=C\n1cncn1)c1ccc(Cl)cc1Cl,0.6623438
CC(=O)N(C)c1cc(-c2ccnc3c(C(=O)c4cccs4)cnn23)ccc1F,0.4608947
CCCCCN(CCCCC)C(=O)[C@@H](CCC(=O)O)NC(=O)c1ccc(Cl)c(Cl)c1,0.93700725
C[C@H]1Oc2cc(cnc2N)-c2c(nn(C)c2C#N)CN(C)C(=O)c2ccc(F)cc21,0.53456426
CN1C(C(=O)Nc2ccccn2)=C(O)c2sc(Cl)cc2S1(=O)=O,0.6258395
CCCCc1nc(Cl)c(CO)n1Cc1ccc(-c2ccccc2-c2nn[nH]n2)cc1,0.015090867
Cc1c(F)cc(C(=O)NC2CC2)cc1-c1ccc(C(=O)NCC(C)(C)C)cn1,0.9992094
CNc1nc(-c2cccc(NC(=O)c3ccc(C(=O)OC)cc3)c2)c2cc(OC)c(OC)cc2n1,0.97909707
CCOC(=O)O[C@]1(C(=O)OCCl)CC[C@H]2[C@@H]3CCC4=CC(=O)C=C[C@]4(C)[C@H]3[C@@H](O)C[C@@]21C,0.040915947
CC[C@H](C)C(=O)O[C@H]1C[C@@H](C)C=C2C=C[C@H](C)[C@H](CC[C@@H]3C[C@@H](O)CC(=O)O3)[C@H]21,9.0271176e-05
CN1CCN(C2=Nc3ccccc3Oc3ccc(Cl)cc32)CC1,0.20440763
CC(C)CCNC(=O)[C@H](CC(C)C)NC(=O)[C@H]1O[C@@H]1C(=O)O,0.733871
C[C@@H](C(=O)O)c1ccc(C[C@H]2CCCC2=O)cc1,0.00011548894
Nc1nc(O[C@@H](c2ccc(-c3cccc(F)c3)cc2)C(F)(F)F)cc(-c2ccc(C[C@H](N)C(=O)O)cc2)n1,0.53844404
Cc1csc2c(N[C@@H](C)CN3CCN(S(=O)(=O)c4ccc(Cl)c(Cl)c4)CC3)ncnc12,0.40611967
COc1cc(C(=O)N2CCC(N3CCN(C)CC3)CC2)ccc1Nc1ncc2c(n1)N(C)c1ccccc1C(=O)N2C,0.025731573
CC(C)NC(=O)c1ccc(C#Cc2ccncc2)cn1,0.094043046
CC(F)(F)c1cc(F)ccc1-c1sc2cc(O)ccc2c1Oc1ccc(/C=C/C(=O)O)cc1,0.018632226
N=C(Nc1ccccc1)c1cccs1,0.3585165
CCCCC/C=C\C[C@@H](O)/C=C/C=C/C=C\[C@@H](O)CCCC(=O)O,3.397952e-05
NCCCC[C@H](NC(=O)[C@@H](NC(=O)[C@H](Cc1c[nH]c2ccccc12)NC(=O)[C@H](CCCCN)NC(=O)[C@H](CCCCN)NC(=O)[C@H](Cc1c[nH]c2ccccc12)NC(=O)[C@H](Cc1c[nH]c2ccccc12)NC(=O)[C@H](CCCCN)NC(=O)[C@@H](N)CCCCN)C(c1ccccc1)c1ccccc1)C(N)=O,0.16552143
CC(C)(C)CC(=O)Nc1c(F)cc(C(=O)/N=c2\sccn2COP(=O)(O)O)cc1F,0.17712821
CCCCC(F)(F)C(=O)CC[C@H]1[C@H](O)CC(=O)[C@@H]1CCCCCCC(=O)O,0.009702811
CCN(CC)CCNc1ccc(C)c2sc3ccccc3c(=O)c12,0.722001
CNC(=O)c1cccc2cc(Oc3ccnc4cc(OCC5(N)CC5)c(OC)cc34)ccc12,0.55549276
N#Cc1c(N)nc(SCc2ncc[nH]2)c(C#N)c1-c1ccc(O)cc1,0.0009898
O=C(NC(=O)c1c(F)cccc1F)Nc1cc(Cl)c(OC(F)(F)[C@@H](F)C(F)(F)F)cc1Cl,0.6815935
N#C/C(=C1/SC[C@@H](c2ccc(Cl)cc2Cl)S1)n1ccnc1,0.62781554
Cc1ccc(NC(=O)C2(c3ccc4c(c3)OC(F)(F)O4)CC2)nc1-c1cccc(C(=O)O)c1,0.9101995
CN1CCN2c3c(cccc31)[C@@H]1CN(CCCC(=O)c3ccc(F)cc3)CC[C@@H]12,0.32843962
CCCCN(CCCC)C[C@@H](O)c1cc(Cl)cc2c1-c1ccc(Cl)cc1/C2=C/c1ccc(Cl)cc1,0.1370235
Cc1ccc(Nc2c(F)cccc2Cl)c(CC(=O)O)c1,0.0008426126
O=C1CCC[C@@H]2[C@H]3C[C@@H](CN12)[C@@H]1CCCCN1C3,0.037242487
O=C1[C@@H]2[C@H]3CC[C@H](C3)[C@@H]2C(=O)N1C[C@@H]1CCCC[C@H]1CN1CCN(c2nsc3ccccc23)CC1,0.7156539
Cc1nc2ccccn2c(=O)c1CCN1CCc2oc3ccccc3c2C1,0.42455795
CCCCCCO[C@@H](C)c1cccc(-c2csc(NC(=O)c3cc(Cl)c(/C=C(\C)C(=O)O)c(Cl)c3)n2)c1OC,0.85304576
CC1=C[C@H](O)CC(C)(C)[C@H]1/C=C/C(C)=C/C=C/C(C)=C/C=C/C=C(C)/C=C/C=C(C)/C=C/C1=C(C)C[C@@H](O)CC1(C)C,5.473842e-05
O=c1cc(-c2ccc(O)c(O)c2)oc2cc(O)cc(O)c12,0.00039105339
CC(=O)NCCc1c(Cc2ccccc2)[nH]c2ccccc12,0.005035519
Cc1ccc(NC(=O)c2ccnc(C(F)(F)F)c2)cc1-c1cc(OCCO)nc(N2CCOCC2)c1,0.58097285
Fc1ccc(-c2c3cccc(C(F)(F)F)c3nn2Cc2ccc(F)cc2Cl)cc1,0.44105044
CC1(N)CCN(c2cccnc2NC(=O)c2nc(-c3ncccc3C(F)(F)F)cnc2N)CC1,0.6043006
COc1cccc(-c2ccc([C@@H](Oc3cc(-c4ccc(C[C@H](N)C(=O)O)cc4)nc(N)n3)C(F)(F)F)cc2)c1,0.45978642
Cc1c[nH]c2ncnc(N3CCC(CN)(C(=O)Nc4cccc(OC(=O)N(C)C)c4)CC3)c12,0.039220784
CC(C)=CCC/C(C)=C/C=C/C(C)=C/C=C/C(C)=C/C=C/C=C(C)/C=C/C=C(C)/C=C/C=C(\C)CCC=C(C)C,0.0005160199
CC(C)c1ccc2c(c1)CC[C@H]1[C@](C)(CN)CCC[C@]21C,0.0048726443
CN(C)[C@@H]1C(=O)[C@@H](C(=O)NCNCCCC[C@H](N)C(=O)O)C(=O)[C@@]2(O)C(=O)[C@@H]3C(=O)c4c(O)cccc4[C@@](C)(O)[C@H]3C[C@@H]12,0.7588699
C#C[C@]1(O)CC[C@H]2[C@@H]3CCC4=CCCC[C@@H]4[C@H]3CC[C@@]21C,0.014295661
NCCCC[C@H](NC(=O)[C@@H]1CCCN1C(=O)[C@@H]1CSSC[C@H](N)C(=O)N[C@@H](Cc2ccc(O)cc2)C(=O)N[C@@H](Cc2ccccc2)C(=O)N[C@@H](CCC(N)=O)C(=O)N[C@@H](CC(N)=O)C(=O)N1)C(=O)NCC(N)=O,0.55635315
O=C1NC(=O)C(c2cnc3ccccn23)=C1c1cn2c3c(cc(F)cc13)CN(C(=O)N1CCCCC1)CC2,0.14472125
c1ccc(-c2nn3c(c2-c2ccnc4cc(OCCN5CCOCC5)ccc24)CCC3)nc1,0.002332842
N[C@@]1(C(=O)O)CS(=O)(=O)[C@H]2[C@H](C(=O)O)[C@H]21,0.024611004
O=C(O)[C@@H]1C[C@H]2C[C@@H](CCc3nn[nH]n3)CC[C@H]2CN1,9.878881e-05
Cc1cccc(-c2nn3c(c2-c2ccnc4ccc(C(N)=O)cc24)CCC3)n1,0.026629416
CN(C)C(=O)n1nnnc1Cc1ccc(-c2ccccc2)cc1,0.9209778
CC(C)(C)Cn1c(N)nc2ccc(-c3nc(C(C)(C)C)[nH]c3-c3ccc(F)cc3)nc21,0.95861864
COc1ccc(/C=C/CCCCOc2ccc(C(=O)c3cccc(C(=O)O)c3)cc2CCC(=O)O)cc1,0.07998931
CC(C)Oc1cccc(-n2c(CCc3c[nH]c4ccc(Br)cc34)nc3ccccc3c2=O)c1,0.40083885
CCNCc1cc(C(C)(C)C)c(O)c(C(C)(C)C)c1,0.040446844
CCCC(CCC)C(=O)Nc1ccn([C@@H]2O[C@H](CO)[C@@H](O)C2(F)F)c(=O)n1,0.6507446
CN(CCOc1ccc(-c2ccc3c(c2)OCO3)cc1C(C)(C)C)CC(=O)O,0.0055798036
CC(C)OC(=O)N[C@H]1Cc2c(n(Cc3ccccn3)c3ccc(C#N)cc23)C1,0.0076994165
CC(C)NCCCC[C@H](NC(=O)[C@H]1CCC(=O)N[C@@H](Cc2ccccc2)C(=O)N[C@H](Cc2ccc(O)cc2)C(=O)N[C@@H](CCCCNC(C)C)C(=O)N[C@H](CCCN=C(N)N)C(=O)N[C@@H](Cc2ccc3ccccc3c2)C(=O)NCC(=O)N1)C(N)=O,0.9842961
CCc1cc(C(C)=O)c(O)cc1OCCCCCC(C)(C)c1nn[nH]n1,0.0016798154
Cn1cc(-c2ccc(F)c(C(F)(F)F)c2)nc1C1CCN(c2ncnc3n[nH]cc23)CC1,0.2177368
Cc1cnc(NC(=O)Nc2cc(Br)c(C)cc2OC[C@@H]2CNCCO2)cn1,0.908403
COc1cccc(OCCCN)c1-c1cc(Nc2cnc(C#N)cn2)[nH]n1,0.0050140223
O=C(Nc1ncc(SCCN2CCCC2)s1)[C@]1(c2ccc(S(=O)(=O)C3CC3)cc2)C[C@H]1C1CCCCC1,0.022105552
COc1ccc(C[C@H]2NCCc3c2[nH]c2ccc(C)cc32)c(Cl)c1OC,3.8925467e-05
Cc1cc(Nc2cc(CN3CCOCC3)c3nc(C)c(Cc4ccc(Cl)cc4F)n3n2)[nH]n1,0.4102829
NC(=O)c1ccc(Oc2ccc(CN3CCC[C@H]3c3cccnc3)cc2)c(Cl)c1,0.0006855292
Cc1ccc(C(=O)Nc2ccc(Oc3cc4cnn(C)c4cc3-c3cn[nH]c3)c(F)c2)c(=O)n1-c1ccc(F)cc1,0.07389803
C[C@@]1(c2cc(-c3cncnc3)c(F)cc2F)CCSC(N)=N1,0.26894274
Cc1nc(N2CCN(C)CC2)c2nc(-c3ccccc3Cl)n(C3CCOCC3)c2n1,0.13291043
CC(C)c1c2cc(-c3ccnc(N[C@H]4CC[C@H](NC5CCOCC5)CC4)n3)ccc2nn1C,7.6006814e-05
C[C@@H](Oc1ccc2n[nH]c(/C=C/c3cnn(CCO)c3)c2c1)c1c(Cl)cncc1Cl,0.3521527
O=C1NN(C(=O)Nc2ccc(Br)cc2)[C@@H](c2ccccc2)[C@@H]1c1ccccc1,0.0071799164
NC1=N[C@@]2(c3cc(NC(=O)c4ccc(F)cn4)ccc3F)COC[C@H]2CS1,0.41540706
O=c1cc(N2CCOCC2)oc2c(-c3ccccc3)cccc12,0.033363342
C[C@H](N)C(=O)N[C@@]1(C(=O)O)C[C@@H](Sc2nnc[nH]2)[C@H]2[C@H](C(=O)O)[C@H]21,0.88585466
CNC(=O)O[C@H]1COc2ccc(N3CCN(C4COC4)CC3)cc2[C@@H]1NC(=O)c1ccc(F)cc1,0.23327395
CNc1ncc2cc(-c3cc(NC(=O)NCCC(C)(C)C)c(F)cc3C)c(C)nc2n1,0.86924124
CO[C@@H](C)Cn1c(=O)n(C)c2cnc3ccc(-c4cncc(C(C)(C)O)c4)cc3c21,0.9358775
O=c1cc(N2CCNCC2)oc2c(-c3ccccc3)cccc12,0.009520417
CC1(C)C(=O)N(CCN2CCC(C(=O)c3ccc(F)cc3)CC2)c2ccccc21,0.13274057
CCc1c(CC(N)=O)c2cc(OCCCP(=O)(O)O)ccc2n1Cc1ccccc1,2.0786656e-05
CC(C)(O)c1cc(Nc2cc(Oc3cn(C4CC4)nc3C3CCOCC3)ccn2)ccn1,0.57146126
COc1ccc(-c2oc3cc(OC)ccc3c2C(=O)c2ccc(C#N)cc2)cc1,0.0014871986
Cn1nccc1Nc1nccc(-c2cc3c(s2)C(C)(C)N(CCN2CCOCC2)C3=O)n1,0.011450901
Cc1cc(Nc2ccc(F)c(C[C@@]3(C(=O)O)CCN(Cc4cccc(Cl)c4F)[C@H](C)C3)n2)n[nH]1,0.9634229
CN1CCC(c2c[nH]c3ccc(NC(=O)c4ccc(F)cc4)cc23)CC1,0.4345542
CN(C)[C@@H]1CCc2[nH]c3ccc(NC(=O)c4ccc(F)cc4)cc3c2C1,0.32724807
c1ccc(-c2n[nH]cc2-c2ccnc3ccccc23)nc1,0.016647834
CC(C)N1Cc2cc(S(C)(=O)=O)ccc2N(CCN2CC=C(c3c[nH]c4cc(F)ccc34)CC2)S1(=O)=O,0.66124815
CC(C)S(=O)(=O)NC[C@H](C)c1ccc(-c2ccc(C#N)cc2)cc1,0.7638287
C[C@H](NC(=O)[C@@H](O)c1cc(F)cc(F)c1)C(=O)N[C@@H]1C(=O)N(C)c2ccccc2-c2ccccc21,0.057849206
CC(C)S(=O)(=O)NC[C@H](C)c1ccc(NC(=O)c2cc(F)cc(F)c2)cc1,0.6346982
COc1ccc(Nc2ncnc3ccc(OC)cc23)cc1,0.26266807
N=C(N=C(N)N)Nc1cccc(Cl)c1,0.19505087
Oc1cccc(-c2c3nc(c(-c4cccc(O)c4)c4ccc([nH]4)c(-c4cccc(O)c4)c4ccc([nH]4)c(-c4cccc(O)c4)c4nc2C=C4)C=C3)c1,0.26099297
CCCCCC(O)CCCC(=O)O,0.00032690293
CCCC(CCC)C(=O)NCc1ccc2c(cnn2-c2ccccc2OC)c1,0.10193844
Cc1cc(C)c(S(=O)(=O)Nc2cccc(C(F)(F)F)c2)c(C)c1,0.8164618
CN(C)c1ccc(C(=O)NCCCCCCC(=O)NO)cc1,0.009065441
CC(C)Cc1ccc([C@@H](C)C(=O)NCCO)cc1,0.00023044125
CC(C)(C)NC[C@@H](O)c1cc(Cl)c(N)c(C(F)(F)F)c1,0.12733017
COc1cc(C[C@H](C)[C@H](C)Cc2ccc3c(c2)OCO3)ccc1O,0.00045705552
CCCNS(=O)(=O)Nc1ncnc(OCCOc2ncc(Br)cn2)c1-c1ccc(Br)cc1,0.9882768
CCCCS(=O)(=O)Nc1ncnc(OCCOc2ncc(Br)cn2)c1-c1ccc(Br)cc1,0.7012241
O=c1nc(N2CCN(CC3CCCCC3)CC2)sc2c([N+](=O)[O-])cc(C(F)(F)F)cc12,0.99938726
C[C@H]1[C@H](C)CC[C@]2(C(=O)O[C@@H]3O[C@H](CO[C@@H]4O[C@H](CO)[C@@H](O[C@@H]5O[C@@H](C)[C@H](O)[C@@H](O)[C@H]5O)[C@H](O)[C@H]4O)[C@@H](O)[C@H](O)[C@H]3O)CC[C@]3(C)C(=CC[C@@H]4[C@@]5(C)C[C@@H](O)[C@H](O)[C@@](C)(CO)[C@@H]5[C@H](O)C[C@]43C)[C@H]12,0.00017577123
COc1ccc2c(C)nc(Nc3nc(=O)c(C)c(C)[nH]3)nc2c1,0.93658406
NCc1ccc(S(N)(=O)=O)cc1,0.7621447
C=CCc1ccc(O)c(-c2cc(CC=C)ccc2O)c1,0.0030859637
CCOC(=O)C[C@@H](SP(=S)(OC)OC)C(=O)OCC,0.068364024
O=C(O)C[C@H](O)C(=O)O,0.07691097
CC(C)OC(=O)C(C(=O)OC(C)C)=C1SC=CS1,0.0052634105
O=C(O)[C@H](O)[C@@H](O)[C@H](O[C@@H]1O[C@H](CO)[C@H](O)[C@H](O)[C@H]1O)[C@H](O)CO,0.009011856
O=C(O)[C@H](O)c1ccccc1,0.0016953036
Cc1nc(COP(=O)(O)O)cc2c1[O][Mn][O]c1c(cc(COP(=O)(O)O)nc1C)CN(CC(=O)O)CCN(CC(=O)O)C2,0.0038419892
COC(=O)C1=C(C)NC(C)=C(C(=O)OCCN2CCN(C(c3ccccc3)c3ccccc3)CC2)[C@@H]1c1cccc([N+](=O)[O-])c1,0.9957651
C#CCCC(=O)[C@@H](C#N)C(=O)Nc1ccc(C(F)(F)F)cc1,0.91627276
OC[C@@H](O)[C@@H](O)[C@H](O)[C@H](O)CO,0.0003399025
CNCCC[C@]12CC[C@H](c3ccccc31)c1ccccc12,0.00528682
Cc1nnc(C(C)C)n1[C@@H]1C[C@H]2CC[C@@H](C1)N2CC[C@H](NC(=O)C1CCC(F)(F)CC1)c1ccccc1,0.6475886
CN1CCN(c2c(F)cc3c(=O)c(C(=O)O)cn4c3c2OCN4C)CC1,0.13308986
CC(C)Nc1nc2cc(Cl)c(Cl)cc2n1[C@H]1O[C@@H](CO)[C@H](O)[C@@H]1O,0.0009275485
CNC(=O)[C@@H](NC(=O)[C@H](CC(C)C)[C@H](O)C(=O)NO)C(C)(C)C,0.57336897
COc1ccc(C(C)(C)C)cc1CN[C@H]1C2CCN(CC2)[C@H]1C(c1ccccc1)c1ccccc1,0.09775146
Cc1ccc(NC(=O)c2ccc(CN3CCN(C)CC3)cc2)cc1Nc1nc(-c2cccnc2)cs1,0.40282443
C[C@@H](Cc1ccc(O)c(O)c1)[C@@H](C)Cc1ccc(O)c(O)c1,1.2347578e-05
O=C1CCC[C@@H]2[C@H]3CCCN4CCC[C@@H](CN12)[C@@H]34,1.7684941e-06
CC(C)n1c(=O)cc(N[C@@H](C)c2ccccc2)[nH]c1=O,0.0060191434
CC(C)(O)c1ccccc1-c1ccc2nc(/C=C/c3ccc(C(F)(F)F)cc3)[nH]c2c1,0.1010587
COC(=O)N1CC[C@@H]2[C@H]1CCC[C@@]2(O)C#Cc1cccc(C)c1,0.00081656023
C=C1/C(=C\C=C2/CCC[C@]3(C)[C@@H]([C@H](C)OCCC(C)(C)O)CC[C@@H]23)C[C@@H](O)C[C@@H]1O,0.000551447
CCc1cnc(N2CCC(c3nc(COc4ccc(-n5cnnn5)cc4)cs3)CC2)nc1,0.11329146
Cc1ncc(COP(=O)(O)O)c(C=O)c1O,0.0010829174
CC(C)(O)c1coc(S(=O)(=O)NC(=O)Nc2c3c(cc4c2CCC4)CCC3)c1,0.11022661
CSc1ccc([C@H]2CN3CCC[C@H]3c3ccccc32)cc1,0.000106103784
CC1(N2CCC(n3c([C@@H]4CCCNC4)nc4ccccc43)CC2)CCCCCCC1,0.5049651
Clc1cccc(N2CCNCC2)c1,0.0004734446
Cn1c(/C=C/C(=O)NO)ccc1/C=C/C(=O)c1cccc(F)c1,0.28188115
C=C1C[C@]23C[C@@]1(O)CC[C@H]2[C@@]12C=C[C@H](O)[C@@](C)(C(=O)O1)[C@H]2[C@@H]3C(=O)O,0.28913346
COc1cc(-n2c(=S)[nH]c3ccccc3c2=O)c(Cl)cc1Cl,0.47719592
O[C@H](c1ccccc1)C1CCN(CCc2ccccc2)CC1,0.10728558
Cn1c(-c2ccccc2)nnc1S(C)(=O)=O,0.026394965
O=C(O)CCc1c(C(=O)O)[nH]c2cc(Cl)cc(Cl)c12,0.012192295
O=C1CC2(CCCC2)CC(=O)N1CCCCNC[C@H]1COc2ccccc2O1,0.006732727
O=C1CC2(CCCC2)CC(=O)N1CCNC[C@H]1COc2ccccc2O1,0.0036073665
CS(=O)(=O)OCOS(C)(=O)=O,0.037420336
C[C@H](NC(=O)CCc1nc(=O)c2ccccc2[nH]1)c1ccccc1,0.064619154
COC(=O)Nc1nc2ccc(C(=O)c3ccccc3)cc2[nH]1,0.34224838
CCN(CCCCOC(=O)c1ccc(OC)c(OC)c1)[C@@H](C)Cc1ccc(OC)cc1,0.006538178
CN1CCc2c(c3ccccc3n2Cc2ccccc2)C1,0.00046156076
CN1C(=O)N(C)C2C1N(C)C(=O)N2C,3.057982e-05
Cc1cc(C)c(NC(=O)CN(CC(=O)O)CC(=O)O)c(C)c1Br,0.0028486915
CNC1(C)C2CCC(C2)C1(C)C,0.05913059
CCOC(=O)c1c(C)n(C)c2ccc(O)cc12,0.00011850299
COc1cccc(OC)c1-c1cc(C(=O)NC2(C(=O)O)C3CC4CC(C3)CC2C4)nn1-c1ccnc2cc(Cl)ccc12,0.17620434
Cc1cccc(CN2CCN([C@@H](c3ccccc3)c3ccc(Cl)cc3)CC2)c1,0.013198914
C=C1c2c(Cl)ccc(O)c2C(=O)C2=C(O)[C@]3(O)C(O)=C(C(N)=O)C(=O)[C@@H](N(C)C)[C@@H]3[C@@H](O)[C@H]12,0.6102434
Cc1ccc(Cl)c(Nc2ccccc2C(=O)O)c1Cl,0.035905033
CN(C)CCOC(=O)COc1ccc(Cl)cc1,0.00427468
COC(=O)[C@@H](N)CS,2.394775e-05
Cc1cccc([C@@H](C)c2cnc[nH]2)c1C,0.0026040198
CC(C)(CCCCCCCCCCC(C)(C)CC(=O)O)CC(=O)O,0.010560335
Cc1nccc2[nH]c(=O)ccc12,0.029687371
O=P(O)(O)CP(=O)(O)O,2.0911839e-05
CC(=O)[C@@]1(O)CC[C@H]2[C@@H]3C[C@H](C)C4=CC(=O)CC[C@]4(C)[C@H]3CC[C@@]21C,0.008463363
CC(=O)O[C@]1(C(C)=O)CC[C@H]2[C@@H]3C[C@H](C)C4=CC(=O)CC[C@]4(C)[C@H]3CC[C@@]21C,0.0040327036
CC(=O)[C@H]1CC[C@H]2[C@@H]3C[C@H](C)C4=CC(=O)CC[C@]4(C)[C@H]3[C@@H](O)C[C@]12C,0.00047213156
Cc1cccc(Nc2ccccc2C(=O)O)c1C,0.16240367
CCN(CC)CCNC(=O)COc1ccc(OC)cc1,0.0015859229
O[C@@H](c1cc(C(F)(F)F)nc2c(C(F)(F)F)cccc12)[C@H]1CCCCN1,0.008533354
CC(=O)[C@@]1(O)CC[C@H]2[C@@H]3C=C(C)C4=CC(=O)CC[C@]4(C)[C@H]3CC[C@@]21C,0.00185552
CC(=O)O[C@]1(C(C)=O)CC[C@H]2[C@@H]3C=C(C)C4=CC(=O)CC[C@]4(C)[C@H]3CC[C@@]21C,0.0018074766
COc1ccc(Cl)cc1C(=O)NCCc1ccc(C(=O)O)cc1,0.07671138
CNC[C@H](O)[C@@H](O)[C@H](O)[C@H](O)CO,0.00026441552
CC(O)(CC(=O)O)CC(=O)O,8.186192e-05
CN1C(=O)/C(=C2/C(=O)Nc3ccccc32)c2ccccc21,0.0034038937
N#CC(C(=N)Sc1ccc(N)cc1)c1ccccc1C(F)(F)F,0.9296417
CCCC[C@H](NC(C)=O)C(=O)N[C@H]1CC(=O)NCCCC[C@@H](C(N)=O)NC(=O)[C@H](Cc2c[nH]c3ccccc23)NC(=O)[C@H](CCCNC(=N)N)NC(=O)[C@@H](Cc2ccccc2)NC(=O)[C@H](Cc2cnc[nH]2)NC1=O,0.56803036
COc1ccc2[nH]cc(CCNC(C)=O)c2c1,0.0027611572
C[N+](C)(C)NCCC(=O)O,0.00017558779
C=C1C[C@H]2[C@H]3C=C(C)C4=CC(=O)CC[C@]4(C)[C@@H]3CC[C@]2(C)[C@@]1(OC(C)=O)C(C)=O,0.29947802
COC(=O)[C@@H](N)Cc1ccc(O)c(O)c1,1.6189357e-05
Cc1cnc(NC(=O)C2=C(O)c3ccccc3S(=O)(=O)N2C)s1,0.87737054
CC1CCN(CCCC(=O)c2ccc(F)cc2)CC1,0.23380797
N[C@@H](Cc1ccc(N(CCCl)CCCl)cc1)C(=O)O,0.0027683144
N[C@@H](Cc1ccc([N+]([O-])(CCCl)CCCl)cc1)C(=O)O,0.0014965151
CC(C)(C)NC[C@@H](O)c1ccc(O)cc1Cl,0.07629599
C[C@]12C[C@@H]3C[C@](C)(C1)C[C@@](N)(C3)C2,0.5755789
CC1=CC(=O)c2ccccc2C1=O,0.00044850836
C[C@@]1(S(=O)(=O)O)CC(=O)c2ccccc2C1=O,0.003161923
CC(C)=CCC/C(C)=C/CC/C(C)=C/CC/C(C)=C/CC1=C(C)C(=O)c2ccccc2C1=O,0.0030270275
COc1ccc(C(=O)CCC(=O)O)c2ccccc12,0.0024845458
CCN(CC)CCC[C@@H](C)Nc1c2ccc(Cl)cc2nc2ccc(OC)cc12,0.024468271
C#CC(C)(O)CC,0.9937821
CN1CCC[C@@H](CN2c3ccccc3Sc3ccccc32)C1,0.013810696
C[N+]1(C)CCC[C@H](OC(=O)C(O)(c2ccccc2)c2ccccc2)C1,0.0023320464
Cc1ccccc1OC[C@@H](O)CO,0.0017872916
CNC(C)(C)Cc1ccccc1,0.0035778622
CC[C@@]1(c2ccccc2)NC(=O)N(C)C1=O,0.0030332392
[O-][n+]1cccc(CO)c1,1.2344906e-05
Cc1cccc(C)c1NC(=O)[C@H]1CCCCN1C,0.0003069165
C[C@H]1C[C@H]2[C@@H]3CCC4=CC(=O)C=C[C@]4(C)[C@H]3C(=O)C[C@]2(C)[C@@]1(O)C(=O)CO,0.07359041
CCCNC(C)(C)COC(=O)c1ccccc1,2.0439335e-05
CC[C@@]1(c2cccc(O)c2)CCCCN(C)C1,0.02985697
COc1ccc(CN(CCN(C)C)c2ccccn2)cc1,0.0007026005
COc1ccc(O)cc1,3.916145e-05
O=C(Nc1ccccc1)c1c(O)[nH]c(=S)[nH]c1=O,0.030608201
O=C(O)c1ccccc1-c1c2cc(Br)c(=O)cc-2oc2[c]([Hg][OH])c(O)c(Br)cc12,0.005051114
S=c1nc[nH]c2nc[nH]c12,0.09329842
O=C(O)C[C@@H](S)C(=O)O,0.02704567
CC(=O)Nc1ccc(C(=O)Nc2cc(-c3cccs3)ccc2N)cc1,0.19452924
CC(C)C(=O)OC[C@H]1O[C@@H](n2ccc(N)nc2=O)[C@](C)(F)[C@@H]1OC(=O)C(C)C,0.022061497
COc1cc(NC(=O)Nc2cccc(CNC(=O)O[C@H]3CCOC3)c2)ccc1-c1cnco1,0.76709306
C[C@@H](O)[C@H]1C(=O)N2C(C(=O)O)=C(S[C@@H]3CN[C@H](C(=O)N(C)C)C3)[C@H](C)[C@H]12,0.9998267
COc1cc2cc(c1Cl)N(C)C(=O)C[C@H](OC(=O)[C@H](C)N(C)C(=O)CCS)[C@]1(C)O[C@H]1[C@H](C)[C@@H]1C[C@@](O)(NC(=O)O1)[C@H](OC)/C=C/C=C(\C)C2,0.00485821
Nc1ccc(O)c(C(=O)O)c1,0.04150405
O=S(=O)(O)CCS,0.026090268
CN1CCCC[C@@H]1CCN1c2ccccc2Sc2ccc([S@@](C)=O)cc21,0.100488596
CN(C)C(=O)Oc1ccc[n+](C)c1,2.2472183e-05
C#C[C@]1(O)CC[C@H]2[C@@H]3CCc4cc(OC)ccc4[C@H]3CC[C@@]21C,0.008188506
CN1C[C@@H](NS(=O)(=O)N(C)C)C[C@@H]2c3cccc4c3c(cn4C)C[C@H]21,0.14587261
CC(=O)Oc1cccc(C)c1,5.8764224e-05
CC(=O)Nc1cccc(O)c1,0.0004985613
Cc1cccc(O)c1,0.00012899765
CN1c2c([nH]c(N)nc2=O)NC[C@@H]1CNc1ccc(C(=O)N[C@@H](CCC(=O)O)C(=O)O)cc1,0.9660773
Cc1c(N(C)CS(=O)(=O)O)c(=O)n(-c2ccccc2)n1C,0.42933333
S=C=Nc1cccc(C2(N3CCCCC3)CCCCC2)c1,0.41187197
CC(C)NC[C@@H](O)c1cc(O)cc(O)c1,0.00036101585
C[C@H](N)[C@H](O)c1cccc(O)c1,0.0001929613
Nc1nccc(Oc2ccc(NC(=O)c3c[nH]cc(-c4ccc(F)cc4)c3=O)cc2F)c1Cl,0.15994155
Cc1cc(C)cc(OC[C@H]2CNC(=O)O2)c1,0.00020845176
COc1cc2nc(N3CCN(C(=O)[C@H](C)OC)CC3)nc(N)c2cc1OC,0.6132148
CSCC[C@@H](NC(=O)[C@@H](Cc1ccccc1)NC(=O)CNC(=O)CNC(=O)[C@@H](N)Cc1ccc(O)cc1)C(=O)O,0.085916534
CN1C[C@H](CNC(=O)OCc2ccccc2)C[C@@H]2c3cccc4c3c(cn4C)C[C@H]21,0.9131708
CN(C)C(=N)N=C(N)N,0.0044432553
CC(=O)O[C@@H](C)C[N+](C)(C)C,0.0032659508
C=C1c2cccc(O)c2C(=O)[C@@H]2C(=O)[C@]3(O)C(=O)[C@@H](C(N)=O)C(=O)[C@@H](N(C)C)[C@@H]3[C@@H](O)[C@H]12,0.9494327
CS(=O)(=O)F,0.2270184
CC[N+](C)(CC)CCOC(=O)C1c2ccccc2Oc2ccccc21,0.15538645
CN(C)CCN(Cc1cccs1)c1ccccn1,0.012123311
CCC1(CC)C(=O)NC(=O)N(C)C1=O,0.009414635
CC(=O)N=c1sc(S(N)(=O)=O)nn1C,0.09013884
C1N2CN3CN1CN(C2)C3,0.20204158
COC(=O)Nc1nc2ccc(SC(C)C)cc2[nH]1,0.9320593
COc1cccc(OC)c1C(=O)N[C@@H]1C(=O)N2[C@@H]1SC(C)(C)[C@@H]2C(=O)O,3.8272265e-05
Cn1cc[nH]c1=S,0.000920087
CSCC[C@@H](N)C(=O)O,0.05306325
CC(=O)SCCC(=O)N1[C@H](C)CCC[C@@H]1C(=O)O,0.0015744045
COc1ccccc1OC[C@@H](O)COC(N)=O,0.01687638
COC(C)(C)CCC[C@H](C)C/C=C/C(C)=C/C(=O)OC(C)C,0.058842596
CN(Cc1cnc2nc(N)nc(N)c2n1)c1ccc(C(=O)N[C@@H](CCC(=O)O)C(=O)O)cc1,0.89727855
COc1ccc(OC)c(C(O)C(C)N)c1,0.0001779215
COc1c2occc2cc2ccc(=O)oc12,0.00011292319
CON,5.047957e-05
COC(F)(F)C(Cl)Cl,0.0048555993
CN[C@@H](C)Cc1ccccc1OC,0.0013985051
C[N+]1(C)[C@@H]2C[C@@H](OC(=O)[C@H](CO)c3ccccc3)C[C@H]1[C@@H]1O[C@@H]12,0.0010616715
CN1C(=O)C[C@](C)(c2ccccc2)C1=O,0.081897825
CN1[C@@H](CCl)Nc2cc(Cl)c(S(N)(=O)=O)cc2S1(=O)=O,0.38972792
COC(=O)CCC(=O)CN,0.00088581076
COC(=O)c1cccnc1,0.00017678087
COC(=O)c1ccccc1O,0.0014883109
C[N+]1(C)[C@@H]2CC[C@H]1C[C@@H](OC(=O)[C@@H](CO)c1ccccc1)C2,0.0016464831
CC[N+](C)(CC)CCOC(=O)C(O)(c1ccccc1)c1ccccc1,0.00065449515
Cc1cc(C(C)(C)CC(C)(C)C)ccc1OCCOCC[N+](C)(C)Cc1ccccc1,0.14082386
[CH3][Co+][N]1/C2=C(/C)C3=N/C(=C/C4=N/C(=C(/C)C5=N[C@@](C)([C@@H]1[C@H](CC(N)=O)[C@@]2(C)CCC(=O)NC[C@@H](C)OP(=O)(O)O[C@H]1[C@@H](O)[C@@H](n2cnc6cc(C)c(C)cc62)O[C@@H]1CO)[C@@](C)(CC(N)=O)[C@@H]5CCC(N)=O)[C@@](C)(CC(N)=O)[C@@H]4CCC(N)=O)C(C)(C)[C@@H]3CCC(N)=O,0.99573094
C[C@](N)(Cc1ccc(O)c(O)c1)C(=O)O,0.005512138
CCOC(=O)[C@@](C)(N)Cc1ccc(O)c(O)c1,0.00028068182
CN(C)c1ccc2nc3ccc(=[N+](C)C)cc-3sc2c1,0.9355433
CC[C@@H](CO)NC(=O)[C@@H]1C=C2c3cccc4[nH]cc(c34)C[C@H]2N(C)C1,0.026256202
CCN1C[C@]2(COC(=O)c3ccccc3N3C(=O)C[C@H](C)C3=O)CC[C@H](OC)[C@@]34[C@@H]5C[C@H]6[C@H](OC)[C@@H]5[C@](O)(C[C@@H]6OC)[C@@](O)([C@@H](OC)[C@H]23)[C@@H]14,1.1244424e-06
C[N@+]1(CC2CC2)CC[C@]23c4c5ccc(O)c4O[C@H]2C(=O)CC[C@@]3(O)[C@H]1C5,0.0042411136
COC(=O)c1ccc(O)cc1,0.00011143207
C[C@H]1C[C@@H]2[C@H]([C@@H](O)C[C@@]3(C)[C@H]2CC[C@]3(O)C(=O)CO)[C@@]2(C)C=CC(=O)C=C12,0.0018812984
CCC(=O)O[C@]1(C(=O)COC(C)=O)CC[C@H]2[C@@H]3C[C@H](C)C4=CC(=O)C=C[C@]4(C)[C@H]3[C@@H](O)C[C@@]21C,0.0017595851
C[C@H]1C[C@@H]2[C@H]([C@@H](O)C[C@@]3(C)[C@H]2CC[C@]3(O)C(=O)COC(=O)CCC(=O)O)[C@@]2(C)C=CC(=O)C=C12,0.00051597686
Cc1cc(=O)[nH]c(=S)[nH]1,0.00029770914
CC[C@@H](CO)NC(=O)[C@@H]1C=C2c3cccc4c3c(cn4C)C[C@H]2N(C)C1,0.0010104972
Cc1cc2c(cc1S(N)(=O)=O)S(=O)(=O)CCC2,0.47935894
CC(=O)Oc1c(C)cc(OC[C@H](O)CNC(C)C)c(C)c1C,0.00028709267
C[C@](N)(Cc1ccc(O)cc1)C(=O)O,0.04928239
CSc1ccc2c(c1)[C@H](N1CCN(C)CC1)Cc1ccccc1S2,0.050934028
CN1CCC[C@@H](CC2c3ccccc3Sc3ccccc32)C1,0.00051812833
CCN(CC)CCNC(=O)c1cc(Cl)c(N)cc1OC,0.2237154
COc1ccc2cc1Oc1cc3c(cc1OC)CC[N+](C)(C)[C@H]3Cc1ccc(cc1)Oc1c(OC)c(OC)cc3c1[C@@H](C2)[N+](C)(C)CC3,0.0044586966
Cc1ccccc1N1C(=O)c2cc(S(N)(=O)=O)c(Cl)cc2N[C@@H]1C,0.7474068
COCCc1ccc(OC[C@@H](O)CNC(C)C)cc1,0.013574473
COc1ccccc1OC(=O)[C@@H](C)c1ccc(CC(C)C)cc1,0.0041528153
COP(=O)(OC)[C@@H](O)C(Cl)(Cl)Cl,0.048115548
CC(=O)Nc1c(I)c(C(=O)N[C@@H]2[C@@H](O)[C@H](O)[C@@H](CO)O[C@@H]2O)c(I)c(N(C)C(C)=O)c1I,0.0040312596
CC(=O)Nc1c(I)c(C(=O)O)c(I)c(N(C)C(C)=O)c1I,0.0033167547
Cc1ncc([N+](=O)[O-])n1CCO,0.0077894204
CC(C)(C(=O)c1cccnc1)c1cccnc1,0.005216237
CC[C@H](C)C(=O)O[C@H]1CCC=C2C=C[C@H](C)[C@H](CC[C@@H]3C[C@@H](O)CC(=O)O3)[C@H]21,0.0005787839
COc1ccc(C(=O)c2ccc(C)cc2)c(O)c1,0.001366982
Cc1cccc(C)c1OC[C@@H](C)N,2.5999818e-05
CC1(C)S[C@H]2[C@@H](NC(=O)[C@@H](NC(=O)N3CCN(S(C)(=O)=O)C3=O)c3ccccc3)C(=O)N2[C@@H]1C(=O)O,0.11301305
C[C@@H](NC(=O)CCc1nc(=O)c2ccccc2[nH]1)c1ccccc1,0.024413873
O=C1C[C@@H](c2ccc(O)cc2)Oc2cc(O)ccc21,2.0376272e-06
CC(C)C[C@@H](C=O)NC(=O)[C@H](CC(C)C)NC(=O)[C@H](CC(C)C)NC(=O)OCc1ccccc1,0.99823546
CC[N+](CC)(CC)CCOc1ccc(/C=C/c2ccccc2)cc1,0.00027422476
Cn1cnc(-c2cc3nccc(Oc4ccc(NC(=S)NC(=O)Cc5ccccc5)cc4F)c3s2)c1,0.8830616
CC(=O)NCCNc1cc(Cl)nn2c(-c3cccc(S(=O)(=O)N(C)C)c3)c(C)nc12,0.7167551
CN1CCN2c3ccccc3Cc3ccccc3C2C1,0.03916721
CC(C)S(=O)(=O)NC[C@H](C)c1ccc(-c2ccc(CCNS(C)(=O)=O)cc2)cc1,0.9302568
COCC(=O)O[C@]1(CCN(C)CCCc2nc3ccccc3[nH]2)CCc2cc(F)ccc2[C@@H]1C(C)C,0.15590389
CCCCCOc1ccc(-c2cc(-c3ccc(C(=O)N[C@H]4C[C@@H](O)[C@@H](O)NC(=O)[C@@H]5[C@@H](O)[C@@H](C)CN5C(=O)[C@H]([C@H](O)CC(N)=O)NC(=O)[C@H]([C@H](O)[C@@H](O)c5ccc(O)c(OS(=O)(=O)O)c5)NC(=O)[C@@H]5C[C@@H](O)CN5C(=O)[C@H]([C@@H](C)O)NC4=O)cc3)no2)cc1,0.9976948
Clc1ccc(CO[C@@H](Cn2ccnc2)c2ccc(Cl)cc2Cl)c(Cl)c1,0.28942233
CNC[C@@H]1CC[C@@H](N)[C@@H](O[C@H]2[C@H](O)[C@@H](O[C@H]3OC[C@](C)(O)[C@H](NC)[C@H]3O)[C@H](N)C[C@@H]2N)O1,0.99978215
O=C(O)[C@H]1CN(C/C=C/P(=O)(O)O)CCN1,6.341809e-05
CCC(=O)O[C@@H]1CC(=O)O[C@H](C)C/C=C/C=C/[C@H](O)[C@H](C)C[C@H](CC=O)[C@H](O[C@@H]2O[C@H](C)[C@@H](O[C@H]3C[C@@](C)(O)[C@@H](OC(=O)CC)[C@H](C)O3)[C@H](N(C)C)[C@H]2O)[C@H]1OC,0.27035564
COc1ccc(OC)c([C@@H](O)CNC(=O)CN)c1,0.00015038303
CO[C@@H]1[C@H](N(C)C(=O)c2ccccc2)C[C@H]2O[C@]1(C)n1c3ccccc3c3c4c(c5c6ccccc6n2c5c31)C(=O)NC4,0.0005793013
CC#C[C@]1(O)CC[C@H]2[C@@H]3CCC4=CC(=O)CCC4=C3[C@@H](c3ccc(N(C)C)cc3)C[C@@]21C,0.00190775
COP(=O)(OC)O[C@@H](c1ccc(Cl)cc1)P(=O)(OC)OC,0.9930177
OCCN1C[C@H](O)[C@@H](O)[C@H](O)[C@H]1CO,5.164657e-07
CCCCN1C[C@H](O)[C@@H](O)[C@H](O)[C@H]1CO,2.6694612e-05
CCCCCNCC(N)=O,6.2618295e-05
CC1(C)CCC2(CC1)N[C@@H](C(=O)N[C@@H]1CC[C@@H](C(N)=O)OC1)[C@H](c1ccnc(Cl)c1F)[C@]21C(=O)Nc2cc(Cl)ccc21,0.4202381
CCN(CC)C(=O)[C@@]1(c2ccccc2)C[C@H]1CN,0.00038037577
Cc1[nH]c(=O)c(C#N)cc1-c1ccncc1,0.012782441
CCCCCCCCCCCCCCCCOP(=O)(O)OCC[N+](C)(C)C,0.41485545
N[C@@H](Cn1ccc(=O)c(O)c1)C(=O)O,0.00072826655
Cc1cc(-c2ccccc2)nnc1NCCN1CCOCC1,0.0032775511
CCCCCCCC/C=C\CCCCCC[C@@H](O)C(=O)O,0.014472928
CN(C)c1ccc(O)c2c1C[C@H]1C[C@H]3[C@H](N(C)C)C(=O)[C@@H](C(N)=O)C(=O)[C@@]3(O)C(=O)[C@H]1C2=O,0.7199869
O=P(O)(O)C(O)(Cc1cnc2ccccn12)P(=O)(O)O,0.0014425259
Nc1cc(N2CCCCC2)nc(N)[n+]1[O-],0.039435115
CCC(=O)O[C@@H]1CC(=O)O[C@H](C)C/C=C/C=C/[C@H](OC(C)=O)[C@H](C)C[C@H](CC=O)[C@H](O[C@@H]2O[C@H](C)[C@@H](O[C@H]3C[C@@](C)(OC(C)=O)[C@@H](OC(=O)CC)[C@H](C)O3)[C@H](N(C)C)[C@H]2O)[C@H]1OC,0.60625166
CCC(=O)OCN1C(=O)C=CC1=O,0.0010220313
Nc1nc(CC(=O)Nc2ccc(CCNC[C@H](O)c3ccccc3)cc2)cs1,0.06601528
O=C(O)[C@H]1CCCN1C(=O)CCCCC(=O)N1CCC[C@@H]1C(=O)O,0.014339079
NC1=NC(=O)/C(=C/c2ccc(O)cc2)S1,0.0063037877
CCCCCCCCCCCCCC(=O)O,0.010741402
CCCOc1ccc(S(=O)(=O)N2CCN(CCO)CC2)cc1-c1nc2c(CCC)cn(CC)c2c(=O)[nH]1,0.025922904
CCC1=C[C@@H]2[C@H](C1)C[C@]2(CN)CC(=O)O,0.29471046
CN1CCN2c3ncccc3Cc3ccccc3[C@@H]2C1,0.32315224
COC[C@@H](O)Cn1ccnc1[N+](=O)[O-],0.00049558794
CCCCC(C)(O)C/C=C/[C@H]1[C@H](O)CC(=O)[C@@H]1CCCCCCC(=O)OC,0.0006359611
O=C(c1ccc(NS(=O)(=O)c2cccc3cccnc23)cc1)N1CCN(CC2CC2)CC1,0.04797808
O=C(O)[C@H](CC(=O)N1C[C@H]2CCCC[C@H]2C1)Cc1ccccc1,0.0015439035
O=C(O)Cc1cccc2c(=O)cc(-c3ccccc3)oc12,0.001138148
CO[C@@]12[C@H](COC(N)=O)C3=C(C(=O)C(C)=C(N)C3=O)N1C[C@@H]1N[C@@H]12,0.68234545
COC1=C(OC)C(=O)C(CCCCCCCCCC[P+](c2ccccc2)(c2ccccc2)c2ccccc2)=C(C)C1=O,0.65008616
Clc1ccc([C@@H](c2ccccc2Cl)C(Cl)Cl)cc1,0.9578759
O=C1c2c(O)ccc(O)c2C(=O)c2c(NCCNCCO)ccc(NCCNCCO)c21,1.2770565e-06
COc1cc2c(cc1OC)[C@@H](Cc1cc(OC)c(OC)c(OC)c1)[N@@+](C)(CCCOC(=O)CC/C=C/CCC(=O)OCCC[N@+]1(C)CCc3cc(OC)c(OC)cc3[C@H]1Cc1cc(OC)c(OC)c(OC)c1)CC2,0.0002777345
CCS(=O)(=O)Nc1ccc(Oc2ccc(F)cc2F)c(-c2cn(C)c(=O)c3[nH]ccc23)c1,0.36437848
CCOC(=O)Nc1cc2c(c(N)n1)NC(c1ccccc1)C(C)=N2,0.956507
Nc1ncnc2c1ncn2[C@@H]1O[C@@H]2CO[P@@](=O)(S)O[C@@H]3[C@H](O)[C@@H](CO[P@@](=O)(S)O[C@H]2[C@H]1O)O[C@H]3n1cnc2c(N)ncnc21,0.78300804
CN(c1nc(=O)cc[nH]1)C1CCN(c2nc3ccccc3n2Cc2ccc(F)cc2)CC1,0.16763622
NC(=O)C1N=CN([C@@H]2O[C@H](CO)[C@@H](O)[C@H]2O)C1=O,0.91400796
Cc1c(C(=O)NCc2cccnc2)nn(-c2ccc(Cl)cc2Cl)c1-c1ccc(Cl)cc1,0.066323906
C1Cc2[nH]nc(-c3nn[nH]n3)c2C1,3.4107365e-05
O=C1O[C@]2(CC[C@@H](C(=O)Nc3ccn(-c4ccccc4F)n3)CC2)c2cnccc21,0.76596975
C[C@@]1(O)[C@H](O)[C@@H](CO)O[C@H]1n1ccc2c(N)ncnc21,0.64345485
O=C(O)CC[C@H]1CC[C@@](c2cc(F)ccc2F)(S(=O)(=O)c2ccc(Cl)cc2)CC1,0.67177314
CN1C(=O)C(F)=C[C@]2(C)[C@H]3CC[C@]4(C)[C@@H](C(=O)NCc5nc6ncccc6[nH]5)CC[C@H]4[C@@H]3CC[C@@H]12,0.85636216
CO[C@@H]1COCC[C@@H]1N[C@@H]1CC[C@@](C(=O)N2CCc3ncc(C(F)(F)F)cc3C2)(C(C)C)C1,0.7607983
COc1ccc2cc(-c3cc(-c4cc(Cl)cc(Cl)c4)nn3[C@@H](C)c3ccc(C(=O)NCCC(=O)O)cc3)ccc2c1,0.43989196
COc1ccc(CNC(=O)c2cc(-c3cncc(Cl)c3)cnc2-c2ccccn2)nc1OC,0.9701122
C=CCn1c(=O)c2cnc(Nc3ccc(N4CCN(C)CC4)cc3)nc2n1-c1cccc(C(C)(C)O)n1,0.40336564
O=C(O)c1n[nH]c2c1C[C@H]1C[C@@H]21,0.0022147822
CCN1C[C@H](C)n2c(c(O)c3c(=O)n(Cc4ccc(F)c(Cl)c4)nc(C(=O)NC)c32)C1=O,0.63097554
NC1(c2ccc(-c3nc4ccn5c(=O)[nH]nc5c4cc3-c3ccccc3)cc2)CCC1,0.36051485
FC(F)(F)c1ccc(Nc2ncnc3cc(-c4ncccc4C(F)(F)F)ccc23)cc1,0.26641694
CN(C[C@@H]1COCCO1)S(=O)(=O)Nc1ccc2ccc3ncc(-c4cnn(C)c4)cc3c(=O)c2c1,0.9780187
Cc1sc(C)c(C(=O)NC2(c3ccc(C(=O)O)cc3)CC2)c1Cc1ccc(C(F)(F)F)cc1,0.81845194
O=C(CN1C(=O)C2(CCCC2)NC[C@H]1c1cc(F)cc(F)c1)Nc1ccc2c(c1)C[C@@]1(C2)C(=O)Nc2ncccc21,0.3630222
COc1ccc(CNC(=O)c2cc(-c3cncc(C)c3)ncc2-c2nccs2)nc1OC,0.7458993
COc1cc(C(=O)N2CCC3(CC2)CC(=O)c2cc(-c4cncc(C(=O)O)c4)ccc2O3)cc2c1c(C)cn2C1CC1,0.7697434
O[C@@](Cc1ncc(CC2(C(F)(F)F)CC2)[nH]1)(c1ccc(-n2cccn2)cc1)C(F)(F)F,0.97748166
O=C(O)[C@]1(Cc2cccc(Nc3nccs3)n2)CC[C@@H](Oc2cccc(Cl)c2F)CC1,0.58276844
CN(C)C(=O)CCS[C@@H](SCCC(=O)O)c1cccc(/C=C/c2ccc3ccc(Cl)cc3n2)c1,0.65338975
Cc1ccc(-c2ncccn2)c(C(=O)N2C[C@H](COc3ccc(F)cn3)CC[C@H]2C)c1,0.51884085
CN([C@@H]1CCc2c(CC(=O)O)c3ccccc3n2C1)S(=O)(=O)c1ccc(F)cc1,7.43843e-05
Cc1ccc(Cc2cc3c(=O)n([C@H]4CCCC[C@@H]4O)cnc3c3ccccc23)cn1,0.117735445
Cn1cc(-c2cnc3ccc4ccc(CS(=O)(=O)NCc5ccccn5)cc4c(=O)c3c2)cn1,0.69987047
O=C(O)Cn1nnc(-c2cc(N3CCC(Oc4cc(F)ccc4Br)CC3)no2)n1,0.16430089
COc1ccc(C(NC(=O)c2cnc(-c3cccnn3)nc2O)c2ccc(OC)cc2)cc1,0.00206772
O=C(c1cccc(Cl)c1F)N1CCN(Cc2cccc(Nc3nccs3)n2)CC1,0.44106936
CC(C)c1ccc2c(c1)c(SC(C)(C)C)c(CC(C)(C)C(=O)O)n2Cc1ccc(Cl)cc1,0.005181057
CC(C)c1ccc(CC(=O)N[C@H](C)c2ccc(OCC(F)(F)F)cn2)cc1,0.08770141
CCn1c(=O)/c(=C2\Sc3ccccc3N2C)s/c1=C/c1cccc[n+]1CC,0.001618771
O=C(c1ccc(-c2ccc(Cl)cc2)o1)N(Cc1ccccn1)c1ccc(N2CCNCC2)cc1,0.13045394
CC(C)n1nc(-c2ccc3oc(N)nc3c2)c2c(N)ncnc21,0.08841428
Nc1nc2cc(-c3ccc4ncc(C(=O)N5CCOCC5)n4c3)ccc2o1,0.14805897
C[C@@H](NC(=O)c1ncnc(N)c1Cl)c1ncc(C(=O)Nc2cc(C(F)(F)F)c(Cl)cn2)s1,0.57347655
O=C(O)c1ccc(Nc2ncc3c(n2)-c2ccc(Cl)cc2C(c2c(F)cccc2F)=NC3)cc1,0.15689982
CC(C)C[C@H](NC(=O)CNC(=O)c1cc(Cl)ccc1Cl)B1OC(=O)C(CC(=O)O)(CC(=O)O)O1,0.8811512
COc1cc(N)c(Cl)cc1C(=O)OCCN1CCCCC1,0.14123361
Cc1ccc(S(=O)(=O)n2c(N)nc3ccccc32)cc1,0.02098861
COc1ccc(CNCc2cccc3ccccc23)cc1,0.0006331623
COc1ccc([C@H]2CC(c3ccccc3)=NN2c2ccc(S(N)(=O)=O)cc2)cc1,0.9911547
CCCC(=O)Nc1cccc(NC(=O)c2ccccc2Br)c1,0.3959225
Cc1ccc(CNc2ncnc3ccc(-c4ccc(CO)o4)cc23)o1,0.25188506
O=c1cc(N2CCN(c3cccc(C(F)(F)F)c3)CC2)[nH]c(=O)n1C1CCCCC1,0.17496648
Cc1cc(C)c2nc(-c3ccccn3)cc(C(=O)Nc3ccc(S(=O)(=O)Nc4onc(C)c4C)cc3)c2c1,0.0050274427
Cc1cc(N2CCCCC2)nc2ccccc12,0.022196673
Cc1cc(C)c(NC(=O)[C@@H]2C[C@H]3CC[C@@H]2C3)c(C)c1,0.11702521
CC(C)(C)CCN1C[C@@H]2[C@@H](CNC(=O)c3cc(Cl)cc(Cl)c3)[C@@H]2C1,0.0341994
c1ccc(-c2ccc(CNc3nc(-c4ccccn4)nnc3-c3ccccc3)cc2)cc1,0.38396075
COc1ccc(-c2csc(NC(=O)[C@H]3CCCCN3S(=O)(=O)c3ccc(C)cc3)n2)cc1,0.06673593
CC(C)c1ccc(NC(=O)c2cccs2)c(-c2nc3ccccc3[nH]c2=O)c1,0.49806336
Cc1cc(NC(=O)Nc2ccc(F)c(F)c2)n(-c2ccccc2)n1,0.75412077
O=C(NCCN1CCC2(CC1)C(=O)NCN2c1cccc(F)c1)c1ccc(F)c(F)c1,0.49497005
COc1cc2nc(C3CC3)nc(N3CCN(c4ccccc4OC)CC3)c2cc1OC,0.8527184
Cc1cnc(-c2ccccc2C(C)C)nc1NCc1ccc(-n2ccnn2)cc1,0.32909456
CN(C)CCCNC(=O)c1ccc(-c2cc(O)c3ncccc3c2)cc1,0.08620617
CSc1nc(-c2ccnc(N[C@@H](C)c3ccccc3)c2)c(-c2ccc(F)cc2)[nH]1,0.37618124
COc1ccc(-c2cnc3c(-c4cccc5ncccc45)cnn3c2)cc1,0.41120514
O=C(CN1CCN(C(=O)c2ccco2)CC1)Nc1cc(C(F)(F)F)ccc1Cl,0.037318468
COc1ccccc1C(=O)Nc1cccc(NC(=O)c2cccc(C)c2)c1,0.03962948
CC(C)(N)c1cc(C(=O)N[C@@H]2CCc3ccc(Oc4ccnc5c4CCC(=O)N5)cc3C2)cc(C(F)(F)F)c1,0.9686752
O=S(=O)(c1cccc2c(Cl)cccc12)N1CCCNCC1,0.037500538
CCC(CC)(NC(=O)C(C)C)C(=O)N[C@@H](CCCNC(=N)N)C(=O)NC1(C(=O)NC(c2ccc(F)cc2)c2ccc(F)cc2)CCCC1,0.834975
CC1(C)CCC(C)(C)c2cc(C3(c4ccc5cc(C(=O)O)ccc5c4)SCCS3)ccc21,0.18575248
O=S(=O)(Nc1cc(Sc2ccccc2)c(O)c2ccccc12)c1c(F)c(F)c(F)c(F)c1F,0.73659724
COCc1nc2c([nH]1)c(=O)n(C)c(=O)n2CC(C)C,0.38994873
CS(=O)(=O)c1ccc(-c2cnc(N)c(-c3ccc(C(F)(F)F)nc3)c2)cc1,0.74884725
COc1ccccc1N1CCN(CCCCN2C(=O)CCC2=O)CC1,0.012797999
CC(C)c1ccc(-c2cc(=O)c3ccccc3o2)cc1,0.0032175884
Cn1cnnc1Sc1c([N+](=O)[O-])ncn1C,0.0010897435
Nc1ccccc1NC(=O)c1ccc(CNc2nccc(-c3cccnc3)n2)cc1,0.16134673
O=C(NCCN1CCOCC1)c1ccc(Cl)cc1,0.04822251
Cc1nccnc1N1CCCCC1,0.0070712776
CCOC(=O)[C@H](CCc1ccccc1)N[C@@H](C)C(=O)N1Cc2cc(OC)c(OC)cc2C[C@H]1C(=O)O,0.46076408
NC/C(=C/F)CCc1ccc(F)cc1,0.019471342
COc1ccc(-c2noc(CC(=O)O)c2-c2ccc(OC)cc2)cc1,0.041062508
CCOC(=O)CC(=O)N1CCS[C@@H]1COc1ccccc1OC,0.027625903
O=c1c(-n2ccnn2)c[nH]n1-c1cc(N2CCOCC2)ncn1,0.094766214
CCc1c(C)[nH]c2c1C(=O)[C@H](CN1CCOCC1)CC2,0.0030603632
CCOC(=O)Nc1c[n+](N2CCOCC2)no1,0.9179747
C[C@@H]1C[C@H]2[C@@H]3CCC4=CC(=O)C=C[C@]4(C)[C@@]3(Cl)[C@@H](O)C[C@]2(C)[C@@]1(O)C(=O)CCl,0.0018147747
C[C@@H]1C[C@H]2[C@@H]3CCC4=CC(=O)C=C[C@]4(C)[C@@]3(Cl)[C@@H](O)C[C@]2(C)[C@@]1(OC(=O)c1ccco1)C(=O)CCl,0.95290786
CCOC(=O)C1=C(C)NC(=S)N[C@@H]1c1cccc(O)c1,0.0002484477
CC[C@@]1([C@@H]2O[C@@H]([C@H]3O[C@@](O)(CO)[C@H](C)C[C@@H]3C)C[C@@H]2C)CC[C@H]([C@]2(C)CC[C@]3(C[C@H](O)[C@@H](C)[C@@H]([C@@H](C)[C@@H](OC)[C@H](C)C(=O)O)O3)O2)O1,0.372486
C[C@](C#N)(COc1cc(C#N)ccc1C(F)(F)F)NC(=O)c1ccc(SC(F)(F)F)cc1,0.8167798
Oc1ccc(OCc2ccccc2)cc1,0.0011551237
C[C@H]1C(=O)O[C@@H]2CCN3CC=C(COC(=O)[C@](C)(O)[C@]1(C)O)[C@H]23,0.37701416
CCCCCCCC(=O)OC[C@@H](O)CO,0.008029761
COC(=O)/C=C/C(=O)O,0.87166244
Nc1cccc2c(=O)[nH][nH]c(=O)c12,0.010307654
CCCCCCCCCCCCCCCCCC(=O)OC[C@@H](O)CO,0.025311152
CC(C)(O)c1ccccc1CC[C@@H](SCC1(CC(=O)O)CC1)c1cccc(/C=C/c2ccc3ccc(Cl)cc3n2)c1,0.56302154
COc1ccccc1OC[C@@H](O)CNC(C)C,0.0019967868
CCOC(=O)Nc1ccc2c(c1)N(C(=O)CCN1CCOCC1)c1ccccc1S2,0.35831353
Cc1ccsc1/C=C/C1=NCCCN1C,0.006864659
O=c1c(O)c(-c2ccc(O)cc2O)oc2cc(O)cc(O)c12,0.0030742064
Cc1ncc([N+](=O)[O-])n1C[C@@H](O)CN1CCOCC1,0.12137903
O=C(OCCN1CCOCC1)c1cccnc1Nc1cccc(C(F)(F)F)c1,0.0051286216
N=C(N)/N=C(\N)N1CCOCC1,0.44787523
CCOC(=O)C1=C(CN2CCOCC2)NC(c2nccs2)=N[C@@H]1c1ccc(F)cc1Br,0.02387782
CCOc1cc(N)c(Cl)cc1C(=O)NC[C@H]1CN(Cc2ccc(F)cc2)CCO1,0.9966126
CC1=C(c2cc(-n3ccnc3)cs2)NNC(=O)C1,0.008401783
CC1(C)CNc2cc(NC(=O)c3cccnc3NCc3ccncc3)ccc21,0.86250365
CCCN(CCC)C(=O)C1=Cc2ccc(-c3ccc(C(=O)N4CCCC4)cc3)cc2N=C(N)C1,0.18172938
CO[C@@]1(NC(=O)[C@@H](C(=O)O)c2ccc(O)cc2)C(=O)N2C(C(=O)O)=C(CSc3nnnn3C)CO[C@@H]21,0.9940117
CCc1cc2cc(OC)c(OC)cc2c(Cc2ccccc2)n1,0.00290813
CO/N=C1\C[C@]2(C[C@@H]3C[C@@H](C/C=C(\C)C[C@@H](C)/C=C/C=C4\CO[C@@H]5[C@H](O)C(C)=C[C@@H](C(=O)O3)[C@]45O)O2)O[C@H](/C(C)=C/C(C)C)[C@H]1C,0.08579777
COc1c(N2C[C@@H]3CCCN[C@@H]3C2)c(F)cc2c(=O)c(C(=O)O)cn(C3CC3)c12,0.99828184
CC(=O)Oc1cc(C(C)C)c(OCCN(C)C)cc1C,8.5081105e-05
COc1nc(C)nc(Cl)c1NC1=NCCN1,0.06851001
Cc1ccccc1C(=O)Nc1ccc(C(=O)N2CCC[C@H](N(C)C)c3ccccc32)cc1,0.07934474
Cc1cccc(C#Cc2ccccc2)n1,0.00028720737
Cc1cc(N2CCOCC2)ccc1Nc1nc(NC2CCCCC2)c2[nH]cnc2n1,0.113116145
CC(C)CNc1nc(-c2cccc3ncccc23)cn2c(-c3ccc(C(=O)NC4CC4)cc3)cnc12,0.54517233
COc1cc(N2CCC(O)CC2)ccc1Nc1cc(Nc2ccccc2S(=O)(=O)C(C)C)c2cc[nH]c2n1,0.43456697
COc1cc(S(C)(=O)=O)ccc1Nc1nc2ccc(-c3ccc(NC(=O)[C@H](C)c4ccc(F)cc4)cc3)cn2n1,0.6923002
O=C(NCCCN1CCCCCC1)[C@H](c1ccccc1)C1CCCCC1,0.6796495
OCCc1ccc(OCCn2ccnc2)cc1,0.0023676204
Cc1cc(-c2nncc3c(C(C)(C)C)c(OCc4ncnn4C)nn23)no1,0.9612184
Cn1ncnc1COc1nn2c(-c3c(F)cccc3F)nnc2cc1C1CCC1,0.71174353
O=S(=O)(N[C@H]1CC[C@@](c2cc(F)ccc2F)(S(=O)(=O)c2ccc(Cl)cc2)CC1)C(F)(F)F,0.9589263
O=C(Cc1ccccc1)Nc1nc2ccc(Cl)cc2c2nc(-c3ccco3)nn12,0.20505168
CCOC(=O)C1=C(C)NC(c2ccccc2)=C(C(=O)OCc2ccc([N+](=O)[O-])cc2)[C@@H]1C#Cc1ccccc1,0.023967266
C#CCN1C(C)=C(C(=O)OC)[C@H](c2cccc([N+](=O)[O-])c2)C(C(=O)OCC)=C1C,0.0040991795
S=C=Nc1cccc(NC(=S)NCCCCNC(=S)Nc2cccc(N=C=S)c2)c1,0.2491615
c1ccc(Oc2nc(NC3CCCCC3)c3[nH]cnc3n2)cc1,0.08650263
CN1CCN(Cc2ccc(-c3cn([C@H]4CC[C@H](O)CC4)c4nc(NCCC5CC5)ncc34)cc2)CC1,0.012018845
C[C@@H]1C=CNN1C(=O)c1cccnc1,0.0005118696
CCc1ccc(C(=O)COc2ccc(C[C@@H]3SC(=O)NC3=O)cc2)nc1,0.800207
COc1cccc(C(=O)COc2ccc(Cc3sc(O)nc3O)cc2)c1,0.025658425
c1cnc(NCc2ccc(CNc3ncccn3)cc2)nc1,1.5595984e-05
C[C@@](N)(C(=O)O)c1ccc(-c2nn[nH]n2)cc1,0.0024680756
FC(F)(F)c1ccc(/C=C/c2nc(COc3ccc(CCCCn4ccnn4)cc3)co2)cc1,0.32379913
C/C(=C\C(=O)OCCCCCCCCC(=O)O)C[C@@H]1OC[C@H](C[C@@H]2O[C@H]2[C@@H](C)[C@H](C)O)[C@@H](O)[C@H]1O,0.006394032
NCc1cc(=O)[nH]o1,0.001104161
CCc1cc(O)c(Oc2ccc(C(N)=O)cc2F)cc1F,0.77846617
Clc1cccc(Nc2nnc(-c3ccccc3)c3ccccc23)c1,0.10782066
COc1c(C)c2c(c(O)c1C/C=C(\C)CCC(=O)OCCN1CCOCC1)C(=O)OC2,9.19603e-05
COc1c(C)c2c(c(O)c1C/C=C(\C)CCC(=O)O)C(=O)OC2,4.942081e-05
O=c1c(O)c(-c2cc(O)c(O)c(O)c2)oc2cc(O)cc(O)c12,0.027828157
C[C@@H]1O[C@@H](Oc2c(-c3cc(O)c(O)c(O)c3)oc3cc(O)cc(O)c3c2=O)[C@H](O)[C@H](O)[C@H]1O,0.17545049
CCCCCCCCCCCCCCOC(=O)c1cccnc1,0.11211303
COc1cc(CN(CCN)C(=O)c2cccs2)ccc1OCc1ccccc1,0.015934361
CCCCCc1ccc(/C=C/C(=O)Nc2ccccc2C(=O)O)cc1,0.5032917
CC(=NNC(=S)NNC(=S)Nc1ccccc1Cl)c1ccccn1,0.88085604
O=C(NCCN1CCCCC1)c1ccc(I)cc1,0.2695146
CC(=O)N[C@@H](C=O)[C@@H](O)[C@H](O)[C@H](O)CO,0.0019879097
CC(=O)N[C@@H](Cc1ccc(O)cc1)C(=O)O,0.00087755354
CC(=O)NCCC(=O)N[C@@H](Cc1cnc[nH]1)C(=O)O,0.0024987047
CC(=O)NCC(=O)N[C@H](CCC(=O)O)C(=O)O,0.05584112
CC(=O)N[C@@H]1[C@H](O)[C@H](O)[C@H](CO)O[C@@H]1O,0.0003328882
CC(=O)NCCc1c[nH]c2ccccc12,0.001772109
CNCCc1cnc[nH]1,0.00012040312
Oc1ccc2c3c1O[C@H]1c4c(c5ccccc5n4Cc4ccccc4)C[C@@]4(O)[C@@H](C2)N(CC2CC2)CC[C@]314,7.3127674e-05
c1ccc2sc(SNC3CCCCC3)nc2c1,0.0044271713
O=C(NO)c1cccnc1,0.002439609
C[C@@H]([C@H](O)c1ccccc1)N(C)C,0.032291163
CNC=O,0.00014113075
CC[N+](C)(CC)CC(=O)Nc1c(C)cccc1C,1.3484491e-05
CN1CCCC1=O,0.000115958035
CN1CCN(c2ccc3ccccc3n2)CC1,0.14532995
CN(C(=O)Cc1ccccc1)[C@H](CN1CCCC1)c1ccccc1,0.1163398
c1ccc2sc(SN3CCOCC3)nc2c1,0.0979309
O=C(Nc1ccc(O)cc1)c1ccccc1O,0.090692125
Cc1ccc(C)c(-n2cnc3cc(C(=O)NCc4ccccc4Cl)ccc32)c1,0.90493697
COc1ccc2cc(CCC(C)=O)ccc2c1,0.008176696
NC(=O)c1ccc[n+]([C@@H]2O[C@H](COP(=O)(O)OP(=O)(O)OC[C@H]3O[C@@H](n4cnc5c(N)ncnc54)[C@H](O)[C@@H]3O)[C@@H](O)[C@H]2O)c1,0.97881466
C[C@H]1CCc2c(N3CCC(O)CC3)c(F)cc3c(=O)c(C(=O)O)cn1c23,0.160754
CC(C)(C)NC[C@@H](O)COc1cccc2c1C[C@H](O)[C@H](O)C2,0.0027275898
NC(=O)C1=CN([C@@H]2O[C@H](COP(=O)(O)OP(=O)(O)OC[C@H]3O[C@@H](n4cnc5c(N)ncnc54)[C@H](OP(=O)(O)O)[C@@H]3O)[C@@H](O)[C@H]2O)C=CC1,0.9995053
CCCCN1CCC[C@@H]1CNC(=O)c1cc(C#N)c2ccccc2c1OC,0.9991335
N=C(N)Nc1ccc(C(=O)Oc2ccc3cc(C(=N)N)ccc3c2)cc1,0.7960502
CCOc1ccc2ccccc2c1C(=O)N[C@@H]1C(=O)N2[C@@H]1SC(C)(C)[C@@H]2C(=O)O,0.010948103
CCN(CC)CCOC(=O)[C@H](Cc1cccc2ccccc12)C[C@H]1CCCO1,0.20842202
CN(C/C=C/c1ccccc1)Cc1cccc2ccccc12,0.014221328
COc1ccccc1N1CCN(C[C@@H](O)COc2cccc3ccccc23)CC1,0.33454585
Oc1ccc2c3c1O[C@H]1[C@@H](O)CC[C@@]4(O)[C@@H](C2)N(CC2CCC2)CC[C@]314,4.8383183e-05
CN(C(=O)/C=C/c1ccoc1)[C@@H]1CC[C@@]2(O)[C@H]3Cc4ccc(O)c5c4[C@@]2(CCN3CC2CC2)[C@H]1O5,0.0050314446
CCn1cc(C(=O)O)c(=O)c2ccc(C)nc21,0.18049282
C=C1CC[C@@]2(O)[C@H]3Cc4ccc(O)c5c4[C@@]2(CCN3CC2CC2)[C@H]1O5,0.0003497724
C=CCN1CC[C@]23c4c5ccc(O)c4O[C@H]2[C@@H](OCCOCCOCCOCCOCCOCCOCCOC)CC[C@@]3(O)[C@H]1C5,0.26332587
C=CCN1CC[C@]23c4c5ccc(O)c4O[C@H]2C(=O)CC[C@@]3(O)[C@H]1C5,0.0011002949
C=CCN1CC[C@]23c4c5ccc(O)c4O[C@H]2/C(=N/NC(=O)c2ccccc2)CC[C@@]3(O)[C@H]1C5,0.002652194
O=C1CC[C@@]2(O)[C@H]3Cc4ccc(O)c5c4[C@@]2(CCN3CC2CC2)[C@H]1O5,0.00025425552
Oc1ccc2c3c1O[C@H]1c4oc5ccccc5c4C[C@@]4(O)[C@@H](C2)N(CC2CC2)CC[C@]314,0.00022127498
Oc1ccc2c3c1O[C@H]1c4[nH]c5ccccc5c4C[C@@]4(O)[C@@H](C2)N(CC2CC2)CC[C@]314,9.2355236e-05
CC(C)(O)CS(=O)(=O)Nc1ccc2c(c1)CCN(C(=O)COc1cccnc1)C2,0.87349766
COc1ccccc1N1CCN(CCCCN2C(=O)c3ccccc3C2=O)CC1,0.015412087
CO[C@H]1CC[C@@H](O[C@H]2C[C@H]([C@]3(C)CC[C@]4(C[C@H](O)[C@@H](C)[C@@H]([C@@H](C)/C=C(\C)C(=O)[C@H](C)C[C@H](C)C(=O)O)O4)O3)O[C@]3(O[C@@H]([C@H]4O[C@@](O)(CO)[C@H](C)C[C@@H]4C)C[C@@H]3C)[C@@H]2C)O[C@@H]1C,0.50124
CC(=O)c1cc2c(o1)C(=O)c1ccccc1C2=O,0.01465844
C1=C(CC2=NCCN2)CCc2ccccc21,0.20700374
c1ccc2c(CC3=NCCN3)cccc2c1,0.026072755
CC(C)(C)NCc1cc(Nc2ccnc3cc(Cl)ccc23)c2c(c1O)CCCC2,0.5864898
Cn1cc(C(=O)c2cccc3ccccc23)cc1C(=O)O,0.0058141737
COc1ccc2cc([C@H](C)C(=O)O)ccc2c1,0.0035755306
C=CC(=O)N1CC[C@@H](Oc2nc(Nc3ccc(N4CCC(N5CCN(C)CC5)CC4)cc3)c(C(N)=O)nc2CC)C1,0.029882314
CC[C@@H](C(=O)O)[C@@H]1O[C@@H]([C@@H](C)[C@H](O)[C@H](C)C(=O)[C@H](CC)[C@H]2O[C@]3(C=C[C@@H](O)[C@]4(CC[C@@](C)([C@H]5CC[C@](O)(CC)[C@H](C)O5)O4)O3)[C@H](C)C[C@@H]2C)[C@@H](C)C[C@H]1C,0.99525416
CNS(=O)(=O)CCc1ccc2[nH]cc(C3CCN(C)CC3)c2c1,0.02344364
O=C1C[C@@H](c2ccc(O)cc2)Oc2cc(O)cc(O)c21,2.866071e-06
O=C(O)/C=C/c1ccc(O)cc1,1.6313683e-05
C[C@@H]1O[C@@H](O[C@H]2[C@H](Oc3cc(O)c4c(c3)O[C@H](c3ccc(O)cc3)CC4=O)O[C@H](CO)[C@@H](O)[C@@H]2O)[C@H](O)[C@H](O)[C@H]1O,0.0039278893
C[C@@H]1O[C@@H](O[C@H]2[C@H](Oc3cc(O)c(C(=O)CCc4ccc(O)cc4)c(O)c3)O[C@H](CO)[C@@H](O)[C@@H]2O)[C@H](O)[C@H](O)[C@H]1O,0.38378146
CCCC[C@H](NC(=O)[C@@H]1[C@@H]2[C@H](CN1C(=O)[C@@H](NC(=O)NC1(CS(=O)(=O)C(C)(C)C)CCCCC1)C(C)(C)C)C2(C)C)C(=O)C(=O)NC1CC1,0.9982888
C1=C(CN2CCOCC2)COc2c1cccc2OC[C@H]1CNCCO1,0.029617505
CC(C)(C)C(=O)CN1C(=O)[C@H](NC(=O)Nc2cccc(C(=O)O)c2)CN(C2CCCCC2)c2ccccc21,0.82626617
C[C@@H]1C/C=C/C=C/C=C/C=C/[C@H](O[C@@H]2O[C@H](C)[C@@H](O)[C@H](N)[C@@H]2O)C[C@@H]2O[C@](O)(C[C@@H](O)C[C@H]3O[C@@H]3/C=C/C(=O)O1)C[C@H](O)[C@H]2C(=O)O,0.9989858
CC(C)[C@H]1CC[C@H](C(=O)N[C@H](Cc2ccccc2)C(=O)O)CC1,0.32969433
O=C(NCc1ccc(OC(F)(F)F)cc1)[C@@H]1c2ccccc2C(=O)N1C1CCOCC1,0.9715407
CC[C@@H](Nc1c(Nc2cccc(C(=O)N(C)C)c2O)c(=O)c1=O)c1ccc(C)o1,0.018259548
CC1(C)CCC(c2ccc(Cl)cc2)=C(CN2CCN(c3ccc(C(=O)NS(=O)(=O)c4ccc(N[C@H](CCN5CCOCC5)CSc5ccccc5)c(S(=O)(=O)C(F)(F)F)c4)cc3)CC2)C1,0.40928817
CCCN1CCO[C@@H]2c3cc(O)ccc3CC[C@H]21,0.0009301472
Nc1ncnc2c1ncn2CCNCCCCCO,0.0009882456
CCCN(CC1CC1)c1nc(C)nc(Nc2c(Cl)cc(Cl)cc2Cl)c1Cl,0.2591991
CCOc1ccc(-n2c([C@@H](C)N(Cc3cccnc3)C(=O)Cc3ccc(F)c(C(F)(F)F)c3)nc3ncccc3c2=O)cc1,0.86776906
COc1cc2c(cc1OC)[C@H]1C[C@@H](O)[C@H](CC(C)C)CN1CC2,0.08219015
NS(=O)(=O)c1cccc2c1c([N+](=O)[O-])cc1[nH]c(=O)c(=O)[nH]c12,0.028480183
O=C(O)/C=C1\CCCc2ccccc2[C@H]1O,0.0009773355
C[C@]12C=CC(=O)C=C1CC[C@@H]1[C@@H]2[C@@H](O)C[C@@]2(C)[C@H]1CC[C@]2(O)C(=O)COC(=O)c1ccc(CO[N+](=O)[O-])cc1,0.878652
Cc1nccn1Cc1ccccn1,0.025996756
CCCCn1c(-c2ccccc2)nc(-c2ccccc2)c1CN(Cc1ccc2c(c1)OCO2)Cc1ccc2c(c1)OCO2,0.9459965
CCCN(CCC)CCc1ccc(OC)c(OCCc2ccccc2)c1,0.016554436
O[C@H](CNC[C@@H](O)[C@H]1CCc2cc(F)ccc2O1)[C@@H]1CCc2cc(F)ccc2O1,0.07981575
NC[C@@H]1CC(=O)N(Cc2ccccc2)C1,0.0016129368
CCNC(=O)[C@H]1O[C@@H](n2cnc3c(N)ncnc32)[C@H](O)[C@@H]1O,0.25073236
CN1C(=O)[C@H](Cc2c[nH]c3ccccc23)NC1=S,0.00029768332
CN1C(=O)N[C@H](Cc2c[nH]c3c(Cl)cccc23)C1=O,0.0011628014
[NH2][Pt]1([NH2])[O]C=C(O)[O]1,0.075429484
CCCc1c2oc(C(=O)O)cc(=O)c2cc2c(=O)cc(C(=O)O)n(CC)c12,0.10443094
CCc1nn(CCCN2CCN(c3cccc(Cl)c3)CC2)c(=O)n1CCOc1ccccc1,0.8763762
Cc1cccc(C)c1NC(=O)CN1CCCC1=O,0.00019288663
CN1CCO[C@@H](c2ccccc2)c2ccccc2C1,0.00031231763
COc1nc(N)nc2c1ncn2[C@@H]1O[C@H](CO)[C@@H](O)[C@@H]1O,0.194382
Cc1c(O)cccc1C(=O)N[C@@H](CSc1ccccc1)[C@H](O)CN1C[C@H]2CCCC[C@H]2C[C@H]1C(=O)NC(C)(C)C,0.0037660222
COC(=O)Nc1c(N)nc(-c2nn(Cc3ccccc3F)c3ncccc23)nc1N,0.62558115
COc1ccc(NC(=O)Nc2ccc(F)cc2F)cc1-c1c(Br)cnn1C,0.84706753
Nc1c(Cl)cc(C=C2NCCN2)cc1Cl,0.002757903
CC(C)N1CCN(Cc2cnc(-c3cc(-c4cccc5[nH]ccc45)cc4[nH]ncc34)o2)CC1,0.20415668
CNc1cc(OC)c(C(=O)N[C@@H]2CCN(Cc3ccccc3)[C@@H]2C)cc1Cl,0.99983215
COc1ccc(-n2nccn2)c(C(=O)N2CCC[C@@]2(C)c2nc3ccc(Cl)c(C)c3[nH]2)c1,0.6274235
COc1cccc2c1C(=O)c1c(O)c3c(c(O)c1C2=O)C[C@@](O)(C(=O)CO)C[C@@H]3O[C@H]1C[C@H](N2CCO[C@H](OC)C2)[C@H](O)[C@H](C)O1,0.022986818
CCC[N@+]12[C@H](O)[C@@H](CC)[C@@H]3C[C@@H]1[C@@H]1N(C)c4ccccc4[C@]14C[C@H]2[C@@H]3[C@@H]4O,1.1292773e-06
COc1ccc([C@@H]2CC(=O)c3c(O)cc(O[C@@H]4O[C@H](CO)[C@@H](O)[C@H](O)[C@H]4O[C@@H]4O[C@@H](C)[C@H](O)[C@@H](O)[C@H]4O)cc3O2)cc1O,0.0027210317
COc1ccc(CCC(=O)c2c(O)cc(O[C@@H]3O[C@H](CO)[C@@H](O)[C@H](O)[C@H]3O[C@@H]3O[C@@H](C)[C@H](O)[C@@H](O)[C@H]3O)cc2O)cc1O,0.21178964
NC[C@@H]1O[C@H](O[C@H]2[C@@H](O)[C@H](O[C@@H]3[C@@H](O)[C@H](N)C[C@H](N)[C@H]3O[C@H]3O[C@H](CN)[C@@H](O)[C@H](O)[C@H]3N)O[C@@H]2CO)[C@H](N)[C@@H](O)[C@@H]1O,0.10752864
CN(C)C(=O)Oc1cccc([N+](C)(C)C)c1,0.00034292156
NC(=O)Cc1cccc(C(=O)c2ccccc2)c1N,0.0005361126
NCc1c[nH]c(=S)n1[C@H]1CCc2c(F)cc(F)cc2C1,0.00080759136
CCOc1cc2ncc(C#N)c(Nc3ccc(OCc4ccccn4)c(Cl)c3)c2cc1NC(=O)/C=C/CN(C)C,0.88688076
Cc1oncc1C(=O)N1CCCCC1,0.03516465
NCCCCCC(O)(P(=O)(O)O)P(=O)(O)O,0.0015126487
CNC(=O)c1c(-c2ccc(F)cc2)oc2cc(N(CCO)S(C)(=O)=O)c(C3CC3)cc12,0.04131322
CCN[C@@H]1C[C@H](N)[C@@H](O[C@H]2OC(CN)=CC[C@H]2N)[C@H](O)[C@H]1O[C@H]1OC[C@](C)(O)[C@H](NC)[C@H]1O,0.99950945
Cc1ccccc1-c1cc(N2CCN(C)CC2)ncc1N(C)C(=O)C(C)(C)c1cc(C(F)(F)F)cc(C(F)(F)F)c1,0.44165528
COc1ccc(-c2nc(-c3ccc(-c4cccc(Cl)c4)o3)[nH]c2-c2ccc(OC)cc2)cc1,0.47549325
CCOC(=O)c1ccc(N(C)c2csc(-c3ccccc3)n2)cc1,0.0014035674
O=C(O)c1cc(NCc2c(F)c(F)c(C(F)(F)F)c(F)c2F)ccc1O,0.94138
Cc1ccnc2c1NC(=O)c1cccnc1N2C1CC1,0.02141598
CCCCN(Cc1ccc(C(=O)NO)cc1)C(=O)Nc1ccccc1,0.090297
Cc1ccc(NCCCc2ccccc2)c(N)c1,0.00020442036
NC(=N[N+](=O)[O-])NCCC[C@H](N)C(=O)O,0.012455405
O=C(NCCCCN1CCN(c2cccc(Cl)c2Cl)CC1)c1ccc2c(c1)Cc1ccccc1-2,0.7391055
c1ccc(-c2ncc(CN3CCN(c4ncccn4)CC3)[nH]2)cc1,0.041704744
CCC(CC)Nc1nc(C)c(-c2ccc(OC(F)(F)F)cc2OC)nc1OC,0.0403122
CCc1cc(Nc2nc(-c3ccc(-n4cnc(C)c4)c(F)c3)cs2)c(C)cc1C,0.66407424
COC(=O)c1cc2c(C(F)(F)F)cc(-c3ccccc3)cc2n1O,0.07663518
CCCCCCCCCCCCCCCC[n+]1ccn(Cc2ccccc2)c1C,0.2552723
COc1cc(C#N)ccc1S(=O)(=O)Nc1ccc2c(c1)cc(C)c(=O)n2C,0.04141049
O=C(O)c1cccnc1,0.0013448315
O=C(CCNNC(=O)c1ccncc1)NCc1ccccc1,0.20140506
CCN(CC)CCCC[C@@H](NC(=O)c1ccc([N+](=O)[O-])cc1)c1ccccc1,0.8560295
CC(C)NC[C@H](O)COc1cccc2c1N(C(=O)c1cccnc1)CCC2,0.035587672
C[C@@H](CNC(=O)c1cccnc1)NC(=O)c1cccnc1,0.34281036
COC(=O)C1=C(C)NC(C)=C(C(=O)OCCN(C)Cc2ccccc2)[C@@H]1c1cccc([N+](=O)[O-])c1,0.8224245
CO[C@]12C[C@@H](COC(=O)c3cncc(Br)c3)CN(C)[C@@H]1Cc1cn(C)c3cccc2c13,0.33345783
O=C(OCC(COC(=O)c1cccnc1)(COC(=O)c1cccnc1)COC(=O)c1cccnc1)c1cccnc1,0.0035562278
O=C(Nc1ccc([N+](=O)[O-])cc1Cl)c1cc(Cl)ccc1O,0.6213863
CC/C=C\C/C=C\C/C=C\C/C=C\C/C=C\CCCC(=O)NCCNC(=O)c1cccnc1,1.4164225e-06
O=C(NCCO[N+](=O)[O-])c1cccnc1,0.03310631
NC(=O)c1cccnc1,0.0026590354
CN1CCC[C@H]1c1cccnc1,1.0888935e-05
OCc1cccnc1,2.2324903e-05
COc1ccc(-c2c(C)c(C(=O)NN3CCCCC3)nn2-c2ccc(Cl)cc2Cl)cc1,0.013533797
COC(=O)C1=C(C)NC(C)=C(C(=O)OC)C1c1ccccc1[N+](=O)[O-],0.997259
Cn1c(NCCN(CCO)CCCc2ccc([N+](=O)[O-])cc2)cc(=O)n(C)c1=O,0.37553388
CC(C)NC[C@@H](O)c1ccc([N+](=O)[O-])cc1,0.0010676932
Cc1c(NC(=O)c2cccnc2)c(=O)n(-c2ccccc2)n1C,0.074578
O=C(O)c1cccnc1Nc1cccc(C(F)(F)F)c1,0.055070452
O=C(N/N=C/c1ccc([N+](=O)[O-])o1)c1ccc(O)cc1,0.14638428
O=C(N/N=C/c1ccc([N+](=O)[O-])o1)c1cc([N+](=O)[O-])cc([N+](=O)[O-])c1O,0.07925788
C[C@H]1CS(=O)(=O)CCN1/N=C/c1ccc([N+](=O)[O-])o1,0.88136303
COC(=O)C1=C(C)NC(C)=C(C(=O)OCCCN2CCC(c3ccccc3)(c3ccccc3)CC2)[C@H]1c1cccc([N+](=O)[O-])c1,0.9983303
CCN(CC)C(=O)c1cccnc1,0.00020983146
Cc1cn(-c2cc(NC(=O)c3ccc(C)c(Nc4nccc(-c5cccnc5)n4)c3)cc(C(F)(F)F)c2)cn1,0.60131496
CC1(C)NC(=O)N(c2ccc([N+](=O)[O-])c(C(F)(F)F)c2)C1=O,0.0058873612
COC(=O)C1=C(C#N)NC(C)=C(C(=O)OC(C)C)[C@@H]1c1cccc([N+](=O)[O-])c1,0.240193
CS(=O)(=O)Nc1ccc([N+](=O)[O-])cc1Oc1ccccc1,0.03833392
COCCOC(=O)C1=C(C)NC(C)=C(C(=O)OC(C)C)[C@@H]1c1cccc([N+](=O)[O-])c1,0.96439904
O=[N+]([O-])c1cncn1CCN1CCOCC1,0.023488166
Cc1ncc(CNC(=O)N(CCCl)[NH2+][O-])c(N)n1,0.32229865
C/C=C/C[C@@H](C)[C@@H](O)[C@H]1C(=O)N[C@@H](CC)C(=O)N(C)CC(=O)N(C)[C@@H]([C@@H](C)CC)C(=O)N[C@@H](C(C)C)C(=O)N(C)[C@@H](CC(C)C)C(=O)N[C@@H](C)C(=O)N[C@H](C)C(=O)N(C)[C@@H](CC(C)C)C(=O)N(C)[C@@H](CC(C)C)C(=O)N(C)[C@@H](C(C)C)C(=O)N1C,0.9999995
Cc1c(C(=O)Nc2ccc(Oc3ccnc4cc(OCC(C)(C)O)ccc34)c(F)c2)c(=O)n(-c2ccccc2)n1C,0.22146
COC(=O)c1ccc2c(c1)NC(=O)/C2=C(\Nc1ccc(N(C)C(=O)CN2CCN(C)CC2)cc1)c1ccccc1,0.010059194
NC(=O)c1cccc2cn(-c3ccc([C@@H]4CCCNC4)cc3)nc12,0.9379616
O=C1NCCN1c1ncc([N+](=O)[O-])s1,0.05626653
C=C(NC(=O)[C@@H](NC(=O)[C@H](Cc1cnc[nH]1)NC(=O)[C@@H](NC(=O)[C@H](CO)NC(=O)[C@H]1CS[C@H](C)[C@@H]2NC(=O)[C@@H](C)NC(=O)[C@@H](NC(=O)[C@H](CCCCN)NC(=O)[C@H](CCSC)NC(=O)[C@H](CC(N)=O)NC(=O)[C@H]3CS[C@H](C)[C@H](NC(=O)[C@H](CCCCN)NC(=O)[C@H]4CS[C@H](C)[C@H](NC(=O)[C@H]5CSC[C@H](NC(=O)/C(=C/C)NC(=O)[C@H](N)[C@H](C)CC)C(=O)N[C@@H]([C@@H](C)CC)C(=O)NC(=C)C(=O)N[C@H](CC(C)C)C(=O)N5)C(=O)N5CCC[C@@H]5C(=O)NCC(=O)N4)C(=O)NCC(=O)N[C@H](C)C(=O)N[C@H](CC(C)C)C(=O)N[C@H](CCSC)C(=O)NCC(=O)N3)[C@@H](C)SC[C@@H](NC2=O)C(=O)N[C@H](Cc2cnc[nH]2)C(=O)N1)[C@@H](C)CC)C(C)C)C(=O)N[C@@H](CCCCN)C(=O)O,0.258106
COC(=O)C1=C(C)NC(C)=C(C(=O)OCC(C)C)[C@@H]1c1ccccc1[N+](=O)[O-],0.9666686
CNCC[C@@H](Oc1ccccc1OC)c1ccccc1,6.7446024e-05
O=[N+]([O-])c1ccc([As](=O)(O)O)cc1,0.007143982
CC(=O)Oc1ccccc1C(=O)Nc1ncc([N+](=O)[O-])s1,0.0084900865
CC(=O)C(=Cc1cc(O)c(O)c([N+](=O)[O-])c1)C(C)=O,0.00029432843
CCN(Cc1ccc(Cl)nc1)/C(=C/[N+](=O)[O-])NC,0.021885198
CC(=O)Nc1ncc([N+](=O)[O-])s1,0.0004438169
O=C1CCCC(=O)C1=C(O)c1ccc(C(F)(F)F)cc1[N+](=O)[O-],0.10269065
CCOC(=O)C1=C(C)NC(C)=C(C(=O)OC)[C@@H]1c1cccc([N+](=O)[O-])c1,0.48185754
CCN(CC)CCOC(=O)C1(c2ccc([N+](=O)[O-])cc2)CCCC1,0.097784325
C[C@@H](C(=O)OCCCCO[N+](=O)[O-])c1ccc(-c2ccccc2)c(F)c1,0.3386863
O=C1CN(/N=C/c2ccc([N+](=O)[O-])o2)C(=O)N1,0.04426422
NC(=O)N/N=C/c1ccc([N+](=O)[O-])o1,0.35851866
NC(=O)c1cc([N+](=O)[O-])cc([N+](=O)[O-])c1,0.07611864
CNC(=O)N(C)[NH2+][O-],0.0012024782
O=[N+]([O-])c1ccc(O)c2ncccc12,0.11029348
CN/C(=C\[N+](=O)[O-])NCCSCc1csc(CN(C)C)n1,0.00014891259
CCN(CC)Cc1nccn1-c1ccc([N+](=O)[O-])cc1C(=O)c1ccccc1Cl,0.9652263
O=C(NCc1ccccn1)Nc1nnc(-c2ccco2)o1,0.66664344
[Cl][Ru+3]([Cl])([Cl])([Cl])([n+]1cc2ccccc2[nH]1)[n+]1cc2ccccc2[nH]1,0.00087899127
Nc1ncc2c(n1)C[C@@H](c1ccco1)CC2=O,0.014414472
O[C@@H](C[C@H]1c2ccccc2-c2cncn21)C1CCCCC1,0.10949361
CN[C@H](CC(=O)O)C(=O)O,0.007438192
CN1CCC(NC(=O)c2cc(-c3c(O)cc(O)cc3Oc3ccc([N+](=O)[O-])cc3)on2)CC1,0.8926029
CCc1cccc(CC)c1NC(=O)c1nn(C)c2c1CCc1cnc(Nc3ccc(C(=O)NC4CCN(C)CC4)cc3OC(F)(F)F)nc1-2,0.1044326
CN1CCN(c2ccc(OC(F)(F)F)c(Nc3ncc4c(n3)-c3c(c(C(N)=O)nn3CCO)CC4)c2)CC1,0.030211618
Cc1cc(OCc2nnc(SC3CCCC3)n2-c2cccnc2)ccc1-c1ccc(S(C)(=O)=O)cc1,0.9637694
C[C@@]1(O)[C@H](O)[C@@H](CO)O[C@H]1n1ccc(N)nc1=O,0.3310418
CCCCCCCCCN1C[C@H](O)[C@@H](O)[C@H](O)[C@H]1CO,0.0006586438
COc1ccccc1C1(O)CCN(CCCn2c3ccccc3c3ccccc32)CC1,0.6991158
CC(C)[C@H]1c2ccc(F)cc2CC[C@@]1(CCN(C)CCCc1nc2ccccc2[nH]1)OC(=O)C1CC1,0.24002509
COC(=O)CN1CN(c2ccccc2)C2(CCN(Cc3cccc4ccccc34)CC2)C1=O,0.6674562
O=C(O)C1=CCCN(CCON=C(c2ccccc2)c2ccccc2)C1,0.23388517
CC(=O)Oc1ccccc1C(=O)Oc1cccc(CO[N+](=O)[O-])c1,0.0058228103
COc1ccc(-c2cc(=O)c3c(OC)c(OC)c(OC)c(OC)c3o2)cc1OC,0.0029867468
COC(=O)Nc1nc2ccc(C(=O)c3cccs3)cc2[nH]1,0.86079884
Cc1ccc2[nH]c(N)nc(=O)c2c1Sc1ccncc1,0.0813491
CC(=O)O[C@]1(C(C)=O)CC[C@H]2[C@@H]3C=C(C)C4=CC(=O)CC[C@@H]4[C@H]3CC[C@@]21C,0.009131676
CN1Cc2c(N)cccc2[C@H](c2ccccc2)C1,0.037938878
CCCCCCCCC(=O)NCc1ccc(O)c(OC)c1,0.011454025
CCCCCCCCCc1ccc(OCCOCCOCCOCCOCCOCCOCCOCCOCCO)cc1,0.08162128
Oc1ccc2c3c1O[C@H]1c4[nH]c5c(c4C[C@@]4(O)[C@@H](C2)N(CC2CC2)CC[C@]314)C[C@@]1(O)[C@H]2Cc3ccc(O)c4c3[C@@]1(CCN2CC1CC1)[C@H]5O4,2.248277e-05
CNCCC=C1c2ccccc2C=Cc2ccccc21,0.01362948
C#C[C@]1(O)CC[C@H]2[C@@H]3CCC4=C/C(=N/O)CC[C@@H]4[C@H]3CC[C@@]21CC,0.00065485237
NC[C@H](O)c1ccc(O)c(O)c1,6.376848e-05
C#C[C@]1(O)CC[C@H]2[C@@H]3CCC4=CC(=O)CC[C@@H]4[C@H]3CC[C@@]21C,0.017914519
C#C[C@]1(OC(C)=O)CC[C@H]2[C@@H]3CCC4=CC(=O)CC[C@@H]4[C@H]3CC[C@@]21C,0.007828305
C#C[C@]1(OC(=O)CCCCCC)CC[C@H]2[C@@H]3CCC4=CC(=O)CC[C@@H]4[C@H]3CC[C@@]21C,0.014980704
C#C[C@]1(O)CC[C@H]2[C@@H]3CCC4=C(CCC(=O)C4)[C@H]3CC[C@@]21C,0.0005131598
CCn1cc(C(=O)O)c(=O)c2cc(F)c(N3CCNCC3)cc21,0.021048205
NCC[C@@H](Oc1ccc(C(F)(F)F)cc1)c1ccccc1,0.0003140886
C#C[C@]1(OC(C)=O)CC[C@H]2[C@@H]3CCC4=C/C(=N/O)CC[C@@H]4[C@H]3CC[C@@]21CC,0.0013457227
c1cncc([C@H]2CCCN2)c1,2.228605e-06
CNCCC=C1c2ccccc2CCc2ccccc21,0.006333755
CC(C)C[C@@H](N)C(=O)N[C@H]1C(=O)N[C@@H](CC(N)=O)C(=O)N[C@H]2C(=O)N[C@H]3C(=O)N[C@H](C(=O)N[C@H](C(=O)O)c4cc(O)cc(O)c4-c4cc3ccc4O)[C@H](O)c3ccc(c(Cl)c3)Oc3cc2cc(c3O[C@@H]2O[C@H](CO)[C@@H](O)[C@H](O)[C@H]2O[C@H]2C[C@](C)(N)[C@H](O)[C@H](C)O2)Oc2ccc(cc2Cl)[C@H]1O,0.9970335
COc1ccc2c(c1OC)C(=O)O[C@@H]2[C@H]1c2c(cc3c(c2OC)OCO3)CCN1C,0.0064411936
N[C@H](CCC(=O)N[C@@H](CSSC[C@H](NC(=O)CC[C@H](N)C(=O)O)C(=O)NCC(=O)O)C(=O)NCC(=O)O)C(=O)O,0.4617849
CO[C@@H]1[C@@H](OC(N)=O)[C@@H](O)[C@H](Oc2ccc3c(O)c(NC(=O)c4ccc(O)c(CC=C(C)C)c4)c(=O)oc3c2C)OC1(C)C,0.16183467
C[C@]12CCC(=O)C=C1CC[C@@H]1[C@@H]2[C@@H](O)C[C@]2(C)C(=O)CC[C@@H]12,0.0005272213
CC(C)C[C@@H](NC(=O)OCC1c2ccccc2-c2ccccc21)C(=O)O,0.07205105
O=C(O)c1cc([N+](=O)[O-])ccc1NCCCc1ccccc1,0.09767939
CC(C)(Cc1ccc2ccccc2c1)NC[C@@H](O)COc1cccc(Cl)c1C#N,0.123011544
CC(C)(Cc1ccccc1)NC(=O)c1cnc2ccccc2n1,0.018634425
Cc1c(NC(=O)N2CCOCC2)ccc2c1c1ccccc1n2C(C)C,0.11595145
CCOC(=O)c1c2c3c(cccc3[nH]c1=O)C(=O)c1ccccc1-2,0.0011920336
C[C@H](Nc1cc(-c2cnn(C)c2)cc(Nc2cnccn2)n1)c1ccc(F)cc1,0.8659965
FC(F)(F)c1cc(NC(=S)Nc2ccc(Br)cc2-c2nn[nH]n2)cc(C(F)(F)F)c1,0.2282753
CC(C)(O)c1ccc2c(c1)ncn2-c1cccc(-c2ccccc2C#N)c1,0.14847687
O=C(Nc1cc(C(F)(F)F)ccc1O)Nc1cc(C(F)(F)F)ccc1O,0.018486535
Nc1ncc(Cc2ccc(Br)cc2)s1,0.90832376
O=C1Nc2c(ccc(Cl)c2Cl)/C1=N/O,0.010240064
O=C(Nc1cccc(C(F)(F)F)c1)Nc1ccc(Br)cc1-c1nn[nH]n1,0.1082708
CN1[C@@H]2CC[C@H]1C=C(c1sccc1Br)C2,1.6156655e-06
O=C(Nc1cc(C(F)(F)F)cc(C(F)(F)F)c1)Nc1c(Br)cc(Br)cc1-c1nn[nH]n1,0.022147603
Cc1c(-c2ccccc2F)[nH]c(N)c1C#N,0.045872454
c1ccc2c(c1)CCC[C@H]2Nc1nc2ccccc2[nH]1,0.0040958053
N#Cc1cccc(-c2nc(-c3cccnc3)no2)c1,0.013183484
CCN(CC)CCC[C@@H](C)Nc1nc(C)cc(Nc2ccc3nc(C)cc(N)c3c2)n1,0.6635279
C/C(=N\NC(=S)N1CCC1)c1ccccn1,0.08766632
O=Nc1ccc(O)c2ncccc12,0.92264
CCC[C@@H](C)NC(=O)c1ccc(Cl)c(Cl)c1,0.98571384
C=C(C)[C@@H]1CC[C@]2(CO)CC[C@]3(C)[C@H](CC[C@@H]4[C@@]5(C)CC[C@H](O)C(C)(C)[C@@H]5CC[C@]43C)[C@@H]12,0.015349269
Clc1ccc2c(NCCNc3ccnc4cc(Cl)ccc34)ccnc2c1,0.28431833
COc1ccc(OC)c2c(=S)c3ccccc3[nH]c12,0.0023025176
Cc1ccc(/C=C2\CNC/C(=C\c3ccc(C)cc3)C2=O)cc1,0.000154893
O=[N+]([O-])c1cc([N+](=O)[O-])c(/C=C/c2ccc(Cl)c(Cl)c2)cc1/C=C/c1ccc(Cl)c(Cl)c1,0.3629036
O=C1C(Cl)=C(NCCN2CCOCC2)C(=O)c2ncccc21,0.00093112746
Cc1ccc(S(=O)(=O)c2ccc([N+](=O)[O-])o2)cc1,0.50514424
O=C1C(SCCO)=C(SCCO)C(=O)c2ccccc21,0.0001020986
CO[C@H]1CC=C2CCN3CCC4=C(CC(=O)OC4)[C@]23C1,0.20227388
CC(C)CCNc1ncccc1C(=O)N1CCN(Cc2ccccc2)CC1,0.039804116
CC1=C(c2ccc(NC3=C(C)C(=O)CC3)cc2)NNC(=O)C1,0.00020301483
O=[N+]([O-])c1ccccc1S(=O)(=O)NC[C@H]1CC[C@H](CNC[C@H]2CCc3ccccc3C2)CC1,0.9999316
Cc1ccc(S(=O)(=O)Nc2ccc3c(c2)c(C(=O)C(F)(F)F)cn3CC(=O)N[C@@H](CC(C)C)C(=O)O)cc1,0.93469256
O=C(O)c1c(Sc2ccccc2)c2cc(Cl)ccc2n1Cc1ccc(Cl)cc1,0.08703205
Oc1cc(CNC(=S)/C=C/c2cc(O)c(O)c(Br)c2)cc(O)c1O,0.021427896
Cc1nc(=O)c2cccc(O)c2[nH]1,0.066687554
Nc1nc(OCC2CCCCC2)c2[nH]cnc2n1,0.3131637
Nc1nc(N)c(N=O)c(OCC2CCCCC2)n1,0.78944504
O=c1cc(N2CCOCC2)oc2c1ccc1ccccc12,0.019574473
O=c1cc(N2CCOCC2)oc2c(-c3cccc4c3sc3ccccc34)cccc12,0.38476634
O=C1N=C2SCCN2C(=O)[C@H]1Cc1ccc(Cl)cc1,0.12450716
COc1ccc(C2=N[C@@H](c3ccc(Cl)cc3)[C@@H](c3ccc(Cl)cc3)N2C(=O)N2CCNC(=O)C2)c(OC(C)C)c1,0.9922317
CN1CCC(C(=O)N2c3ccccc3NC(=O)c3cccnc32)CC1,0.08470514
Nc1ncnc2c1c(-c1cccc(OCc3ccccc3)c1)cn2[C@H]1C[C@H](CN2CCCC2)C1,0.69923085
Nc1ncnc2c1c(-c1cccc(OCc3ccccc3)c1)cn2[C@H]1C[C@@H](CN2CCC2)C1,0.6281487
CCNC(=O)c1noc(-c2cc(C(C)C)c(O)cc2O)c1-c1ccc(CN2CCOCC2)cc1,0.9833249
Cn1c(=O)n(-c2ccc(C(C)(C)C#N)cc2)c2c3cc(-c4cnc5ccccc5c4)ccc3ncc21,0.30242115
CCN1CCN(c2ccc(Nc3cc(N(C)C(=O)Nc4c(Cl)c(OC)cc(OC)c4Cl)ncn3)cc2)CC1,0.546657
Cc1ccc(C(=O)Nc2cccc(C(F)(F)F)c2)cc1Nc1nc(-c2cccnc2)nc2c1cnn2C,0.9959428
Fc1cc(-c2cccc3ncc(-c4cnn(C5CCNCC5)c4)nc23)cc(F)c1CN1CCOCC1,0.13744949
Cn1cc(-c2ccc3ncc(Cc4ccc5ncccc5c4)n3n2)cn1,0.10645285
N#Cc1ccc(NCCNCC(=O)N2CCC[C@H]2C#N)nc1,3.3615666e-05
COc1cccc(-c2cc(F)ccc2[C@H]2Cc3nc(N)nc(C)c3C(=O)N2)n1,0.081119746
CNC(=O)c1ccccc1Nc1nc(Nc2ccc(N3CCOCC3)cc2OC)ncc1Cl,0.40594578
COc1cc(N2CCC(N3CCN(C)CC3)CC2)ccc1Nc1ncc(Cl)c(Nc2ccccc2S(=O)(=O)C(C)C)n1,0.36781442
COc1ccc(C(=O)C2CCN(CC(=O)N(Cc3nc(=O)c4c([nH]3)CCOC4)CC3CC3)CC2)cc1,0.044022966
O=C(Nc1nc2ccc(NC(=O)C34CC5CC(CC(C5)C3)C4)cc2s1)c1ccccc1,0.4451183
CC(C)NC(=O)N1CC[C@H](NC2=Nc3cc(F)ccc3N(CC(F)F)c3ccc(Cl)cc32)C1,0.9085737
CC(C)(C)/[N+]([O-])=C/c1ccc(S(=O)(=O)O)cc1S(=O)(=O)O,0.99924135
C[C@@H]1[C@H](O)[C@@H](C)/C=C/C=C/CC/C=C/C=C/C=C/C=C/[C@H](O[C@@H]2O[C@H](C)[C@@H](O)[C@H](N)[C@@H]2O)C[C@@H]2O[C@](O)(C[C@@H](O)[C@H](O)CC[C@@H](O)C[C@@H](O)C[C@@H](O)CC(=O)O[C@H]1C)C[C@H](O)[C@H]2C(=O)O,0.8245742
NC(=O)CNCCC(c1ccccc1)c1ccccc1,0.0005174118
OC[C@H]1O[C@@H](n2cnc3c(NC4CCCC4)ncnc32)[C@H](O)[C@@H]1O,0.003130909
CNc1ncnc2c1ncn2[C@@H]1O[C@H](CO)[C@@H](O)[C@H]1O,0.06508536
Cc1cc(C(N)=O)ccc1-n1c(CCC(=O)O)ccc1-c1ccc(-n2ccnc2)cc1,0.19523273
CC(=O)OC[C@H](N)C(=O)O,0.0016671736
O=C(O)c1ccccc1S,0.003770791
C=C(C)[C@@H]1CCC(C)=C[C@H]1c1c(OC)cc(C)cc1OC,0.0001778577
Cc1cc(C)c(S(=O)(=O)Nc2ccccc2C(F)(F)F)c(C)c1,0.8975855
O=C(Nc1nc(=O)n(Cc2ccc(Cl)cc2)s1)c1ccc(Cl)cc1,0.87266105
O=C(Nc1cc2cc[nH]c2cn1)c1ccccc1,0.2642257
O=C(Nc1ccc2[nH]ccc2c1)c1ccccc1,0.1699733
COC1=CC(c2cc3ccccc3[nH]2)=N/C1=C\c1[nH]c(C)cc1C,0.0021192096
CC[C@H]1[C@@H](O)[C@H]2[C@H]3CC[C@@H]([C@@H](C)CCC(=O)O)[C@@]3(C)CC[C@@H]2[C@@]2(C)CC[C@@H](O)C[C@@H]12,8.143487e-05
O/N=C/c1cc[n+](COC[n+]2ccc(/C=N/O)cc2)cc1,0.0016054307
Cc1nc2c(C)cccn2c(=O)c1CCN1CCC(c2noc3cc(F)ccc23)CC1,0.25385314
C[C@@H]1CC(=O)c2c(ccc3c2C(=O)c2cccc(O)c2C3=O)C1,0.4650585
O=C(c1ccccn1)c1cnn2c(-c3ccncc3)ccnc12,0.3244724
CC(C)c1ccc(C(=O)NCCOc2ccc(C(=O)O)cc2)cc1,0.108188495
CCCCCCCCCCCCCCCCCCO,0.013549389
C[Si](C)(C)O[Si](C)(C)O[Si](C)(C)C,0.6823931
CCCCCCCCN=c1ccn(CCCCCCCCCCn2ccc(=NCCCCCCCC)cc2)cc1,0.98888016
CCCC[C@@H](CC)COC(=O)/C=C/c1ccc(OC)cc1,0.001645582
CCCC[C@@H](CC)COC(=O)c1ccccc1O,0.0033234209
CCCC[C@@H](CC)COC(=O)C(C#N)=C(c1ccccc1)c1ccccc1,0.011355043
CC(C)CCC[C@@H](C)N,0.0033875722
NCC(O)c1ccc(O)cc1,0.00015122235
C[C@@H](O)[C@@H]1NC(=O)[C@H](CCCCN)NC(=O)[C@H](Cc2c[nH]c3ccccc23)NC(=O)[C@H](Cc2ccccc2)NC(=O)[C@H](NC(=O)[C@@H](N)Cc2ccccc2)CSSC[C@H](C(=O)N[C@H](CO)[C@@H](C)O)NC1=O,0.0126201
Cc1c(Cc2ccc3ccccc3n2)c2cc(F)ccc2n1CC(=O)O,0.24904977
CC(C)(F)C[C@H](N[C@@H](c1ccc(-c2ccc(S(C)(=O)=O)cc2)cc1)C(F)(F)F)C(=O)NC1(C#N)CC1,0.9498337
O=c1onc2cnc3ccccc3n12,0.05062672
COc1cc2c(cc1NS(=O)(=O)c1ccc(Br)cc1C)n(C)c(=O)n2C,0.9504894
N[C@H]1C[C@@H]1c1ccc(-c2cccc(O)c2)cc1,0.007991539
Nc1nc(NCc2ccccc2)nc(-c2ccccc2CO)n1,0.011683722
CS(=O)(=O)Nc1ccc2oc3c(OC(F)F)ccc(C(=O)Nc4c(Cl)cncc4Cl)c3c2c1,0.15493602
N[C@@H](CCC(=O)O)C(=O)N[C@@H](Cc1c[nH]c2ccccc12)C(=O)O,0.023187079
CN1CCN(c2ccc(-c3cccc(CN4CCOCC4)c3)cc2NC(=O)c2c[nH]c(=O)cc2C(F)(F)F)CC1,0.96378964
Cc1cc2c(s1)Nc1ccccc1N=C2N1CCN(C)CC1,0.10771266
O=C(c1cc(Cc2n[nH]c(=O)c3ccccc23)ccc1F)N1CCN(C(=O)C2CC2)CC1,0.61183894
CCCCCCCC/C=C\CCCCCCCC(=O)NCCc1ccc(O)c(O)c1,0.00063013803
CCCCCCCC/C=C\CCCCCCCC(N)=O,0.02435178
CO[C@H]1C[C@H](O[C@H]2CC[C@@]3(C)[C@H](CC[C@@H]4[C@@H]3CC[C@]3(C)[C@@H](C5=CC(=O)OC5)[C@@H](OC(C)=O)C[C@]43O)C2)O[C@@H](C)[C@@H]1O,0.18796752
CC1(C)CC[C@]2(C(=O)O)CC[C@]3(C)C(=CC[C@@H]4[C@@]5(C)CC[C@H](O)C(C)(C)[C@@H]5CC[C@]43C)[C@@H]2C1,0.0031419923
CCCCCCCC/C=C\CCCCCCCC(=O)NCCO,0.0007866593
CC(C)CCC[C@@H](C)[C@H]1CC[C@H]2[C@@H]3CCC4=C/C(=N/O)CC[C@]4(C)[C@H]3CC[C@]12C,0.0048008
C/C=C1\[C@H](O[C@H]2O[C@@H](CO)[C@@H](O)[C@@H](O)[C@@H]2O)OC=C(C(=O)OC)[C@H]1CC(=O)OCCc1ccc(O)c(O)c1,0.731594
CC[C@H]1/C=C/C=C/C[C@@H](C)[C@H](O)[C@@](C)(O)C(=O)[C@@H](C)[C@H](O)[C@@H](C)C(=O)[C@@H](C)[C@H](O)[C@@H](C)/C=C/C(=O)O[C@@H]2[C@H](C)[C@H](CC1)O[C@]1(CC[C@H](C)[C@H](C[C@@H](C)O)O1)[C@H]2C,0.9901541
CCCc1nc(C(C)(C)O)c(C(=O)O)n1Cc1ccc(-c2ccccc2-c2nn[nH]n2)cc1,0.8949543
CCCc1nc(C(C)(C)O)c(C(=O)OCc2oc(=O)oc2C)n1Cc1ccc(-c2ccccc2-c2nn[nH]n2)cc1,0.92378217
C=CC(=O)Nc1cccc(Oc2nc(Nc3ccc(N4CCN(C)CC4)cc3)nc3ccsc23)c1,0.20967618
COc1ccc2c(c1OCc1ccccc1)C[C@@H](C(=O)O)N(C(=O)C(c1ccccc1)c1ccccc1)C2,0.028483406
Cn1cnc2c(NCc3ccccc3)nc(NCCO)nc21,0.00065244175
CN(C)CC/C=C1/c2ccccc2COc2ccc(CC(=O)O)cc21,0.00037450704
Cc1[nH]c(=O)c(C#N)cc1-c1ccc2nccn2c1,0.07652683
O=C(O)c1cc(/N=N/c2ccc(O)c(C(=O)O)c2)ccc1O,0.629784
Cc1c(-c2cnccn2)ssc1=S,0.000131625
CCCCCCCCCCCCCCOc1ccc(C(=O)OCC(=O)N(C)CC(=O)OCC)o1,0.10181338
CCCCCCCC/C=C\CCCCCCCC(=O)NCc1ccc(O)c(OC)c1,0.0096966745
CN(C)c1cc(CNCC(C)(C)C)c(O)c2c1C[C@H]1C[C@H]3[C@H](N(C)C)C(=O)[C@H](C(N)=O)C(=O)[C@@]3(O)C(=O)[C@@H]1C2=O,0.9998468
O=C(N[C@H]1CCS[C@H]2CCC[C@@H](C(=O)O)N2C1=O)[C@@H](S)Cc1ccccc1,0.3400021
CS(=O)(=O)n1cc2c(n1)CN([C@H]1CO[C@H](c3cc(F)ccc3F)[C@@H](N)C1)C2,0.98467386
COC(=O)N[C@H](C(=O)N1CCC[C@H]1C(=O)Nc1ccc([C@@H]2CC[C@@H](c3ccc(NC(=O)[C@@H]4CCCN4C(=O)[C@@H](NC(=O)OC)C(C)C)cc3)N2c2ccc(C(C)(C)C)cc2)cc1)C(C)C,0.99966085
COc1ccc(/C=C\c2cc(OC)c(OC)c(OC)c2)cc1NC(=O)[C@@H](N)CO,0.00014489982
CCCCCCCC/C=C\CCCCCCCC(=O)N[C@@H](CO)Cc1ccc(O)cc1,0.00073921995
COC(=O)N1CCN(Cc2cccc(NC(=O)Nc3ccc(C)nc3)c2F)CC1,0.44309673
O=C(O)CCCCCCCCCCCCCCc1ccc(I)cc1,0.074313395
CC/C=C\C/C=C\C/C=C\C/C=C\C/C=C\CCCC(=O)OCC,2.7307354e-07
COc1ccc2c(c1)nc([S@@](=O)Cc1ncc(C)c(OC)c1C)[n]2[Mg][n]1c([S@@](=O)Cc2ncc(C)c(OC)c2C)nc2cc(OC)ccc21,0.5366047
COc1ccc2nc(SCc3ncc(C)c(OC)c3C)[nH]c2c1,0.1856072
CC(C)[C@]12O[C@H]1[C@@H]1O[C@]13[C@]1(O[C@H]1C[C@H]1C4=C(CC[C@@]13C)C(=O)OC4)[C@@H]2OC(=O)CCC(=O)O,6.5013955e-06
COc1cc(OC)c(/C=C/S(=O)(=O)Cc2ccc(OC)c(N)c2)c(OC)c1,0.29664955
O=Cc1cn(Cc2ccc(Cl)cc2)c2ccccc12,0.006839714
Cc1ccccc1CN1C(=O)C2=C(CCN(Cc3ccccc3)C2)N2CCN=C12,0.8815012
Cc1nccn1C[C@H]1CCc2c(c3ccccc3n2C)C1=O,0.011617713
C[C@@H](C(=O)Nc1cc(C#N)ccc1CCCC(=O)O)c1ccc(F)c2ccccc12,0.0532283
CC#CC(=O)N1CC[C@@H](n2c(=O)n(-c3ccc(Oc4ccccc4)cc3)c3c(N)ncnc32)C1,0.062407617
CCOCOC[C@H](C[C@H](C)C(=O)NO)NC(=O)c1ccc(Oc2ccccc2)cc1,0.99397945
Cc1csc(S(=O)(=O)N(CC(C)C)c2cc3c(cc2OCc2ccc(C(=O)O)cc2)CCC3)n1,0.6860671
COc1ccc(C[C@H](NC(=O)[C@H](C)NC(=O)CN2CCOCC2)C(=O)N[C@@H](Cc2ccccc2)C(=O)[C@@]2(C)CO2)cc1,0.0013869848
CN1CCN(c2ccc(Nc3ncc4cc(C#N)c(=O)n(C5CCCC5)c4n3)cc2)CC1,0.25863728
NCCONC(=O)[C@@H]1CC[C@@H]2CN1C(=O)N2OS(=O)(=O)O,0.9980375
CC(=O)NCCCOc1ccc(C(=O)N2CCC(N3C(=O)CCc4ccccc43)CC2)cc1,0.021499934
Cc1c(Cl)c(C)[n+]([O-])c(Cl)c1-c1noc(-c2cc(O)c(O)c([N+](=O)[O-])c2)n1,0.8424927
OCCN1CCN(CCCN2c3ccccc3C=Cc3ccccc32)CC1,0.009374333
COC[C@H](NC(=O)c1cnc(C)s1)C(=O)N[C@@H](COC)C(=O)N[C@@H](Cc1ccccc1)C(=O)[C@@]1(C)CO1,0.94979304
O=[N+]([O-])c1cc(O)c(O)c([N+](=O)[O-])c1,0.059619375
Cc1[nH]c(/C=C2\C(=O)Nc3ccccc32)c(C)c1CCC(=O)O,0.015839763
C[C@@H]1CN(c2c(F)c(F)c3c(=O)c(C(=O)O)cn(C4CC4)c3c2F)C[C@H](C)N1,0.7097246
CC(C)C[C@H](N[C@@H](Cc1cncn1Cc1cc(Cl)cc(Cl)c1)C(=O)O)C(=O)O,0.032631908
FC(F)(F)c1ccc(N2CCNCC2)nc1Cl,0.04836671
COc1cc(C(=O)NCC2(N(C)C)CCCC2)cc(OC)c1OCc1ccccc1,0.90803075
O=C1c2cccnc2OC[C@@H]2CCCN12,0.00019321687
CCc1c(C(=O)NCCc2ccc(N3CCCCC3)cc2)[nH]c2ccc(Cl)cc12,0.9488036
CC1(CN)Cc2ccccc2C1,0.00015986513
C=C1C(=O)[C@]23[C@H](O)[C@H]1CC[C@H]2[C@@]12CO[C@]3(O)[C@@H](O)[C@@H]1C(C)(C)CC[C@@H]2O,0.00050943054
CN[C@H](CC(C)C)C(=O)N[C@H]1C(=O)N[C@@H](CC(N)=O)C(=O)N[C@H]2C(=O)N[C@H]3C(=O)N[C@H](C(=O)N[C@H](C(=O)O)c4cc(O)cc(O)c4-c4cc3ccc4O)[C@H](O[C@H]3C[C@](C)(N)[C@@H](O)[C@H](C)O3)c3ccc(c(Cl)c3)Oc3cc2cc(c3O[C@@H]2O[C@H](CO)[C@@H](O)[C@H](O)[C@H]2O[C@H]2C[C@](C)(NCc3ccc(-c4ccc(Cl)cc4)cc3)[C@@H](O)[C@H](C)O2)Oc2ccc(cc2Cl)[C@H]1O,0.9745567
CCCCCCCCCCC[C@@H](C[C@@H]1OC(=O)[C@H]1CCCCCC)OC(=O)[C@H](CC(C)C)NC=O,0.17561981
COc1ccc2c(c1)OC(C)(C)[C@@H](c1ccccc1)[C@@H]2c1ccc(OCCN2CCCC2)cc1,0.78413963
Cc1ncc([N+](=O)[O-])n1C[C@@H](O)CCl,0.020860417
NCCC[C@H](NC(=O)[C@@H]1CCCN1C(=O)[C@@H]1CSSC[C@H](N)C(=O)N[C@@H](Cc2ccc(O)cc2)C(=O)N[C@@H](Cc2ccccc2)C(=O)N[C@@H](CCC(N)=O)C(=O)N[C@@H](CC(N)=O)C(=O)N1)C(=O)NCC(N)=O,0.4175544
NCCC[C@@H](N)C(=O)O,0.0003758481
O=C(O)c1cc(=O)[nH]c(=O)[nH]1,0.00080455304
CC(C)C[C@H](NC(=O)[C@H](CCCCN)NC(=O)[C@H](CCCNC(=N)N)NC(=O)[C@H](C)NC(=O)[C@H](CO)NC(=O)[C@H](CCCCN)NC(=O)[C@H](CCCNC(=N)N)NC(=O)[C@H](C)NC(=O)CNC(=O)[C@@H](NC(=O)[C@H](Cc1ccccc1)NC(=O)CNC(=O)CNC(=O)[C@@H](N)Cc1ccccc1)[C@@H](C)O)C(=O)N[C@@H](C)C(=O)N[C@@H](CC(N)=O)C(=O)N[C@@H](CCC(N)=O)C(=O)O,0.0023503306
Cc1ccccc1[C@@H](OCCN(C)C)c1ccccc1,0.00087781315
CNC(=O)c1ccc2cc([C@]3(O)CCn4cncc43)ccc2c1,0.066529125
NC1CCC(N[C@@H]2C[C@H]2c2ccccc2)CC1,9.488657e-05
CCC(CC)O[C@@H]1C=C(C(=O)O)C[C@H](N)[C@H]1NC(C)=O,0.06906378
CCOC(=O)C1=C[C@@H](OC(CC)CC)[C@H](NC(C)=O)[C@@H](N)C1,0.1733752
c1ccc2c(c1)OC[C@H](CNCCCOc1ccc3c(c1)OCO3)O2,0.0010082485
COc1cccc2cc(-c3nc([C@H]4CC[C@H](C(=O)O)CC4)n4ncnc(N)c34)[nH]c12,0.40306693
C#Cc1cccc(Nc2ncnc3cc(OCCOC)c(OCCO)cc23)c1,0.8092734
O=C(Nc1ccc(OC(F)(F)F)cc1)c1sccc1NCc1ccnc2ccccc12,0.21946199
N#Cc1ccc([C@H]2CCc3cncn32)c(F)c1,0.00026031048
C=CC(=O)Nc1cc(Nc2nccc(-c3cn(C)c4ccccc34)n2)c(OC)cc1N(C)CCN(C)C,0.116113655
OCCOc1ccc(/C(=C(/CCCl)c2ccccc2)c2ccccc2)cc1,0.010607292
C[C@](O)(COc1ccc(C#N)cc1)C(=O)Nc1ccc(C#N)c(C(F)(F)F)c1,0.16563484
COc1ccc2ccc(=O)oc2c1CC=C(C)C,0.00021797649
CO/N=C1/C[C@@H](C(=O)NC[C@@H](O)c2ccccc2)N(C(=O)c2ccc(-c3ccccc3C)cc2)C1,0.08346854
COC(=O)[C@H](Cc1cccc(C(=N)N)c1)[C@@H](C)NC(=O)c1ccc(-c2cc[n+]([O-])cc2)cc1,0.9880804
CCN(CC)C[C@H]1CCCCN1CC(=O)N1c2ccccc2C(=O)Nc2cccnc21,0.21104665
CCCCCCCCOc1ccccc1C(=O)Nc1ccc(C(=O)OCC[N+](C)(CC)CC)cc1,0.08253993
CC(=O)c1cnc2ccc(-c3cc(Cl)c(O)c(Cl)c3)nc2c1N[C@H]1CC[C@H](CN(C)C)CC1,0.7382669
Cc1cc(O)c(-c2ccc([C@@H](C)CN)cc2)c2c1[nH]c(=O)c1sccc12,0.8318181
Cc1sc2c(c1C)C(c1ccc(Cl)cc1)=N[C@@H](CC(=O)Nc1ccc(O)cc1)c1nnc(C)n1-2,0.9358718
C[C@@H]1O[C@@H](O[C@@H]2C[C@@H](O)[C@]3(CO)[C@H]4[C@H](O)C[C@]5(C)[C@@H](C6=CC(=O)OC6)CC[C@]5(O)[C@@H]4CC[C@]3(O)C2)[C@H](O)[C@H](O)[C@H]1O,0.0005883833
Fc1ccccc1CNCc1ccc(-c2ccnc3[nH]ccc23)cc1,0.012539351
CC(=O)N1C[C@H](O)C[C@H]1C(=O)O,0.00017632265
Cc1onc(-c2ccccc2)c1C(=O)N[C@@H]1C(=O)N2[C@@H]1SC(C)(C)[C@@H]2C(=O)O,0.013418996
O=C1CCCCCCCCCCCCCCO1,0.2732521
O=C1[O][Pt]2([NH][C@@H]3CCCC[C@H]3[NH]2)[O]C1=O,0.9752133
O=C(O)C=C(O)C(=O)O,0.3353405
CN1CCCN=C1/C=C/c1cccc(O)c1,0.0069734734
O=C(O)CCc1nc(-c2ccccc2)c(-c2ccccc2)o1,0.017623672
O=c1[nH]c2ccccc2n1CCCN1CCN(C(c2ccccc2)c2ccccc2)CC1,0.36063856
NC(=O)N1c2ccccc2CC(=O)c2ccccc21,0.017184688
CCN(CC)CCOCCOC(=O)C(CC)(CC)c1ccccc1,0.029151544
CN(C(=O)CN(CCO)CC(=O)N(C)C(C)(C)Cc1ccccc1)C(C)(C)Cc1ccccc1,0.004866542
Cc1noc(C)c1-c1cc(O)cc([C@@H](O)c2ccccc2)c1,0.0003103071
COC(=O)Nc1nc2ccc([S@@](=O)c3ccccc3)cc2[nH]1,0.034955718
N[C@@H](C(=O)O)c1ccc(O)cc1,0.00020767529
CCCOc1ccc2nc(NC(=O)OC)[nH]c2c1,0.9795492
Clc1ccc(CO/N=C(\Cn2ccnc2)c2ccc(Cl)cc2Cl)c(Cl)c1,0.45494065
NCCc1cc(O)c(O)cc1O,0.0003226825
O=C(O)c1ccc[n+]([O-])c1,0.0008631554
O=c1[nH]c2ccccc2n1C1CCN(CCOc2ccccc2)CC1,0.014579488
NC(=O)CN1C[C@H](O)CC1=O,1.967867e-05
CCN(CC)CCc1nc(-c2ccccc2)no1,0.031567365
CCn1cc(C(=O)O)c(=O)c2cc3c(cc21)OCO3,0.017563805
O=C(O)c1nc(=O)[nH]c(=O)[nH]1,0.0006791661
C[N+](C)(C)CC#CCN1CCCC1=O,0.0003619708
O=C1CCCN1CC#CCN1CCCC1,0.0001417813
C=CCOc1ccccc1OC[C@H](O)CNC(C)C,0.0021508243
COc1ccc(C(=O)c2ccccc2)c(O)c1,0.0009717108
CCCCOc1cc(C(=O)OCCN(CC)CC)ccc1N,0.08427198
CCN(CC)CC#CCOC(=O)[C@](O)(c1ccccc1)C1CCCCC1,0.8843004
O=C(Nc1cc(Cl)cc(Cl)c1O)c1c(O)c(Cl)cc(Cl)c1Cl,0.51415205
COc1cccc(C(=O)CCN[C@@H](C)[C@H](O)c2ccccc2)c1,0.00022929718
O=C1CCC[C@@H]2[C@H]3CCC[N@+]4([O-])CCC[C@@H](CN12)[C@@H]34,1.1676032e-05
Cc1cc(C(C)(C)C)c(O)c(C)c1CC1=NCCN1,0.34256268
CCCC[C@H]1C(=O)N(c2ccccc2)N(c2ccc(O)cc2)C1=O,0.0063946503
CN1CCCN=C1COC(=O)[C@](O)(c1ccccc1)C1CCCCC1,0.43829212
CC[N+](C)(CC)CCOC(=O)C(O)(c1ccccc1)C1CCCCC1,0.054539092
O=c1nc2[nH][nH]cc-2c(=O)[nH]1,0.012563062
Oc1cccc2cccnc12,0.46807677
CN(C)[C@@H]1C(=O)C(C(N)=O)=C(O)[C@@]2(O)C(O)=C3C(=O)c4c(O)cccc4[C@@](C)(O)[C@H]3[C@H](O)[C@@H]12,0.71557796
CC[C@H](C)[C@@H]1NC(=O)[C@H](Cc2ccc(O)cc2)NC(=O)[C@@H](N)CSSC[C@@H](C(=O)N2CCC[C@H]2C(=O)N[C@@H](CC(C)C)C(=O)NCC(N)=O)NC(=O)[C@H](CC(N)=O)NC(=O)[C@H](CCC(N)=O)NC1=O,0.67001605
O=C(O)/C=C/c1ccc(Cn2ccnc2)cc1,0.0007629585
CC(C)Oc1ccc(-c2nc(-c3cccc4c3CC[C@@H]4NCCO)no2)cc1C#N,0.4075828
CNc1ncc(-c2ccc3c(=O)c(C(=O)O)cn(C4CC4)c3c2C)cc1C,0.91312927
CN1C(=O)[C@H](N2CCCCC2)S/C1=C\C(=O)O,0.7931719
COc1ccc(COc2ccc(CC#N)cc2)cc1,0.0014634549
Nc1nc(OCc2ccccc2)c2[nH]cnc2n1,0.59634334
CCCCCOC(=O)c1ccc(N(C)C)cc1,0.007747475
CCCCCCOc1cc2c(cc1N(C)c1ncc(C(=O)O)cn1)C(C)(C)CCC2(C)C,0.98194546
C=CCc1cccc(/C=N/NC(=O)CN2CCN(Cc3ccccc3)CC2)c1O,0.21665841
CC(=O)O[C@H]1C(=O)[C@@]2(C)[C@H]([C@H](OC(=O)c3ccccc3)[C@]3(O)C[C@H](OC(=O)[C@H](O)[C@@H](NC(=O)c4ccccc4)c4ccccc4)C(C)=C1C3(C)C)[C@]1(OC(C)=O)CO[C@@H]1C[C@@H]2O,0.10748385
CCCCCCCCCCCCCCCC(=O)C(F)(F)F,0.26048535
C1=C/COCc2cc(ccc2OCCN2CCCC2)Nc2nccc(n2)-c2cccc(c2)COC/1,0.06570284
COCc1nn2c(CN3C[C@@H](CC(F)(F)Cl)CC3=O)c(C(F)(F)F)nc2s1,0.26915848
C[C@@]12C[C@@]3(O)O[C@@H](O1)[C@]1(COC(=O)c4ccccc4)[C@H]3C[C@@]12O[C@@H]1O[C@H](CO)[C@@H](O)[C@H](O)[C@H]1O,0.013346638
COc1ccc(C(C)=O)c(O)c1,0.00034693227
CON=C(N)c1ccc(-c2ccc(-c3ccc(C(N)=NOC)cc3)o2)cc1,0.69213825
CC(C)CCC(=O)C[C@H]1c2ccccc2C(=O)N1c1ccc2ccc(Cl)nc2n1,0.9119073
CC(=O)c1c(C)c2cnc(Nc3ccc(N4CCNCC4)cn3)nc2n(C2CCCC2)c1=O,0.017992992
O=P(O)(NCCCl)NCCCl,0.00014493588
Cc1nc2n(c(=O)c1CCN1CCC(c3noc4cc(F)ccc34)CC1)CCC[C@@H]2O,0.024506908
COc1cc2c(cc1OC)-c1cc3ccc(OC)c(OC)c3c[n+]1CC2,0.0211827
CCCCCC/C=C\CCCCCCCC(=O)O,0.0052725486
CCCCCCCCCCCCCCCC(=O)O[C@@H](CC(=O)O)C[N+](C)(C)C,0.11616661
CCCCCCCCCCCCCCCC(=O)NCCO,0.0021276302
COc1ccc(COc2cc3oc(=O)c4cc([C@@H](C)O)ccc4c3cc2OC)cc1,0.016004896
O=C1c2cccc3c2[C@H](CCC3)CN1[C@@H]1CN2CCC1CC2,0.7900906
Cc1cc(NC(=O)NCCN2CCC(O)(Cc3ccccc3)CC2)c2ccccc2n1,0.3421879
CC1(C)CCC(C)(C)c2cc(Cn3cccn3)c(/C=C/c3ccc(C(=O)O)cc3)cc21,0.66545135
Cn1c(=O)c2[nH]c(Br)nc2n(C)c1=O,0.5245997
NCCC(O)(P(=O)(O)O)P(=O)(O)O,5.336716e-05
C[C@]12CCCN1CC1=NNC(=O)c3cc(F)cc4[nH]c2c1c34,0.34183663
CC(=O)O[C@H]1C[C@@H]2CC[C@@H]3[C@H](CC[C@@]4(C)[C@H]3C[C@H]([N+]3(C)CCCCC3)[C@@H]4OC(C)=O)[C@@]2(C)C[C@@H]1[N+]1(C)CCCCC1,0.013688517
C=C(N)N1CC[C@H](SC2=C(C(=O)O)N3C(=O)[C@H]([C@@H](C)O)[C@H]3C2)C1,0.85058826
Cc1[nH]c2ccccc2c1CCNCc1ccc(/C=C/C(=O)NO)cc1,0.0032901526
CC(C)(CO)[C@@H](O)C(=O)NCCC(=O)NCCSSCCNC(=O)CCNC(=O)[C@H](O)C(C)(C)CO,8.32649e-06
COc1ccnc(C[S@@](=O)c2nc3ccc(OC(F)F)cc3[nH]2)c1OC,0.87426233
CC(C)(CO)[C@@H](O)C(=O)NCCC(=O)O,3.5206594e-05
NC(=O)CN1CC[C@@H](NC(=O)[C@@H]2CCCN2)C1=O,0.0012529345
COc1ccc(Cc2nccc3cc(OC)c(OC)cc23)cc1OC,0.00040867983
CCc1cccc2c1c(O)c(C(=O)N(CC)c1ccccc1)c(=O)n2C,0.044028085
Cc1ccc(S(N)(=O)=O)cc1,0.911664
CC(=O)Nc1ccc(O)cc1,0.00026634784
Oc1ccc(Cl)cc1,0.00035833532
CC[C@@]1(C)OC(=O)N(C)C1=O,9.365503e-05
Cn1c(=O)[nH]c2ncn(C)c2c1=O,0.009055855
CCCCc1ccc2nc(NC(=O)OC)[nH]c2c1,0.97810876
CC(=O)Nc1ccc(O[C@]2(C)OC(=O)c3ccccc3O2)cc1,0.009625266
CN1CCN(c2cccc3[nH]c(=O)oc23)CC1,0.0129159065
CCC(=O)NS(=O)(=O)c1ccc(-c2c(-c3ccccc3)noc2C)cc1,0.007311317
CCOc1ccc(C(=O)OCCN(CC)CC)cc1,0.026127467
C#CCN(C)Cc1ccccc1,7.0259953e-06
C[C@H](/C=C/[C@H](C)C(C)(C)O)[C@H]1CC[C@H]2/C(=C/C=C3C[C@@H](O)C[C@H](O)C3)CCC[C@]12C,0.001107155
Cc1cnc(C(=O)N[C@H]2CCCCC/C=C\[C@@H]3C[C@@]3(C(=O)NS(=O)(=O)C3CC3)NC(=O)[C@@H]3C[C@@H](Oc4nc5ccccc5c5ccccc45)CN3C2=O)cn1,0.93553257
NC[C@@H]1O[C@H](O[C@H]2[C@@H](O)[C@H](O[C@@H]3[C@@H](O)[C@H](N)C[C@H](N)[C@H]3O[C@H]3O[C@H](CO)[C@@H](O)[C@H](O)[C@H]3N)O[C@@H]2CO)[C@H](N)[C@@H](O)[C@@H]1O,0.055040848
Fc1ccc([C@@H]2CCNC[C@H]2COc2ccc3c(c2)OCO3)cc1,0.006509405
CCC(=O)c1ccc(O)cc1,8.526735e-05
CCOc1c([C@H](C)n2nc(C)c3c(N)ncnc32)cc(Cl)c(F)c1[C@@H]1CNC(=O)C1,0.9173325
C=C1C(=O)O[C@H]2[C@H]1CC/C(C)=C/CC[C@@]1(C)O[C@@H]21,0.016896425
C=C1C(=O)O[C@H]2[C@H]1CC/C(C)=C\CC[C@@]1(C)O[C@@H]21,0.008980288
C=C1C(=O)O[C@@H]2[C@H]3O[C@]3(C)CC/C=C(\C)CC[C@@H]12,0.12955661
NCCCC[C@@H]1NC(=O)[C@@H](Cc2c[nH]c3ccccc23)NC(=O)[C@H](c2ccccc2)NC(=O)[C@@H]2C[C@@H](OC(=O)NCCN)CN2C(=O)[C@H](Cc2ccccc2)NC(=O)[C@H](Cc2ccc(OCc3ccccc3)cc2)NC1=O,0.06593674
NCc1cc(Oc2cccc(C(=O)N3C[C@@H](O)[C@H](F)C3)c2)nc(C(F)(F)F)c1,0.292917
CC[C@H](NC(=O)c1c(NS(C)(=O)=O)c(-c2ccccc2)nc2ccccc12)c1ccccc1,0.26377863
Cc1ccc(Nc2nccc(N(C)c3ccc4c(C)n(C)nc4c3)n2)cc1S(N)(=O)=O,0.0608995
C[C@H]1COc2c(C3(N)CC3)c(F)cc3c(=O)c(C(=O)O)cn1c23,0.3283596
CCCCCc1cccc(CC(=O)O)c1,0.0012162525
CN(C)Cc1ccc2c(Cl)cc(Cl)c(O)c2n1,0.009161044
COC(=O)C1=C(C)NC(C)=C(C(=O)OCCSc2ccccc2)[C@@H]1C,0.12826923
CN(C)Cc1c(C(=O)NCCOc2ccc(C(=O)NO)cc2)oc2ccccc12,0.37294737
N=C(N)c1ccc2nc(-c3cc(CC(=O)N[C@@H](CC(=O)O)C(=O)O)cc(-c4cc(S(N)(=O)=O)ccc4O)c3O)[nH]c2c1,0.4655464
Nc1ncnc2c1c(-c1ccc(Oc3ccccc3)cc1)nn2C1CCCC1,0.40593898
COc1ccc(Cn2ccc3ccc(C(=O)NO)cc32)cc1,0.060266998
CC1(C)Oc2ccc(C#N)cc2[C@@H](OC2=CC(=O)CC2)[C@@H]1O,0.005081705
O=C(NOC[C@H](O)CO)c1ccc(F)c(F)c1Nc1ccc(I)cc1F,0.42038816
CCOC(=O)c1c(C)[nH]c2ccc3c(c12)CN1CCc2cc(OC)ccc2[C@H]1O3,2.4404073e-05
O=C(O)c1ccccc1Nc1ccc(CCc2ccc(Cl)c(Cl)c2)cc1,0.8724761
Cc1cc(Cn2cnc3c2C[C@@H](C(=O)O)N(C(=O)C(c2ccccc2)c2ccccc2)C3)ccc1N(C)C,0.041299213
CCCN1CCO[C@@H]2c3cc(O)ccc3OC[C@H]21,0.00038354308
COc1cc2ncnc(Nc3cccc(Br)c3)c2cc1OC,0.7688388
COc1ccc(C(=O)/C(Cc2cc(OC)c(OC)c(OC)c2)=C(\C(=O)O)c2ccc3c(c2)OCO3)cc1,0.3908228
CNc1cc2c(Nc3cccc(Br)c3)ncnc2cn1,0.6768621
CC(C)c1ccccc1S(=O)(=O)c1cc(N)c2ncccc2c1[N+](=O)[O-],0.64010733
CCN(CC)CCCCNc1ncc2cc(-c3c(Cl)cccc3Cl)c(NC(=O)NC(C)(C)C)nc2n1,0.028773412
CCN(CC)CCOc1ccc(Nc2ncc3cc(-c4c(Cl)cccc4Cl)c(=O)n(C)c3n2)cc1,0.32547194
CC(C)[C@H](NS(=O)(=O)c1ccc(-c2ccc(Br)cc2)cc1)C(=O)O,0.99641895
Cc1cccc(C(=O)NCN2CCN(c3ccccc3C#N)CC2)c1,0.021380547
C=CC(=O)Nc1ccc2ncnc(Nc3cccc(Br)c3)c2c1,0.40485492
Cc1ccc(N2CCN(CC[C@H]3NC(=O)c4ccccc43)CC2)cc1C,0.019180726
CCN(CC)CCCCNc1ncc2cc(-c3cc(OC)cc(OC)c3)c(NC(=O)NC(C)(C)C)nc2n1,0.1111555
CC(C)C[C@@H](C(=O)N[C@@H](Cc1ccc(OCc2ccccc2)cc1)C(=O)NC(C)(C)C)N(C)Cc1ccc(C(C)(C)C)cc1,0.037293516
O=C(NOCC1CC1)c1ccc(F)c(F)c1Nc1ccc(I)cc1Cl,0.16429883
Cc1cc(I)ccc1Nc1c(C(=O)NOCC2CC2)cc(F)c(F)c1F,0.18805611
O=C(NOC[C@H](O)CO)c1cc(Br)c(F)c(F)c1Nc1ccc(I)cc1F,0.3993922
O=C1NC(=O)c2c1c(-c1ccccc1)cc1[nH]c3ccc(O)cc3c21,0.014724946
Cc1sc(N)c(C(=O)c2cccc(C(F)(F)F)c2)c1C,0.0038598196
COc1cccc(-c2cc(=O)c3ccccc3o2)c1N,0.0018147841
Cc1cc(Cn2c(=O)n(Cc3cnc(C)s3)c(=O)c3cc(S(=O)(=O)NC4(C)CC4)ccc32)n(C)n1,0.37095222
Cc1ncc(C)n2nc([C@@H]3C[C@H]3c3nc4c5cccnc5ccn4c3C)nc12,0.90255463
CCCCCCCCCCCCCCCc1cccc(OCC(=O)NCCO)c1,0.008317477
COc1cc(OCc2cccc(-c3ccccc3)c2C)cc(OC)c1CN1CCCC[C@H]1C(=O)O,0.118282855
NC(=O)c1cnc2[nH]ccc2c1N[C@@H]1[C@@H]2C[C@@H]3C[C@H]1C[C@@](O)(C3)C2,0.9833898
CCn1cc(C(=O)O)c(=O)c2cc(F)c(N3CCN(C)CC3)cc21,0.13099651
O=c1[nH]c2ccccc2c(=O)n1CCCN1CCN(c2ccccc2)CC1,0.28465262
CCOc1cc2ncc(C#N)c(Nc3ccc(F)c(Cl)c3)c2cc1NC(=O)/C=C/CN(C)C,0.90071654
Cc1nc(=O)c(C#N)c(NCc2cccnc2)[nH]1,0.27210823
CC[C@@H](Oc1cccc(CN(CCCOc2ccc(OC)cc2)c2nc3ccccc3o2)c1)C(=O)O,0.012013807
Nc1nc(=O)c2c(CCc3ccc(C(=O)N[C@@H](CCC(=O)O)C(=O)O)cc3)c[nH]c2[nH]1,0.8550675
Cc1cccn2c(=O)c(-c3nn[nH]n3)cnc12,0.0076144654
CN1C(C)(C)CCCC1(C)C,0.058356695
CC(C)(C)NC[C@H](O)COc1ccccc1C1CCCC1,0.1627664
Nc1nc(=O)c2ncn(CCC(CO)CO)c2[nH]1,0.36605483
OC1(c2ccc(Cl)c(C(F)(F)F)c2)CCN(CCCC(c2ccc(F)cc2)c2ccc(F)cc2)CC1,0.957365
CC(C)(S)[C@@H](N)C(=O)O,0.0001296265
CC1(C)S[C@@H]2[C@H](NC(=O)COc3ccccc3)C(=O)N2[C@H]1C(=O)O,0.020378523
CCCCCCCCCCCCCCCCCCCCCCCCC(=O)O,0.0079013975
CSCC[C@H](NC(=O)[C@H](Cc1c[nH]c2ccccc12)NC(=O)CCNC(=O)OC(C)(C)C)C(=O)N[C@@H](CC(=O)O)C(=O)N[C@@H](Cc1ccccc1)C(N)=O,0.41440073
N=C(N)c1ccc(OCCCCCOc2ccc(C(=N)N)cc2)cc1,0.9750049
O=C(O)CN(CCN(CC(=O)O)CC(=O)O)CCN(CC(=O)O)CC(=O)O,0.001795403
C[N+]1(CCCCC[N+]2(C)CCCC2)CCCC1,0.024627574
OC[C@H]1O[C@@H](n2cnc3c2NC=NC[C@H]3O)C[C@@H]1O,3.335468e-05
CC(=O)CCCCn1c(=O)c2c(ncn2C)n(C)c1=O,0.013713939
C1CCc2nnnn2CC1,0.00039567568
COc1ccc([C@@H](O)c2cc(-c3ncnc4cc(N5CCOCC5)ccc34)c(F)cc2Cl)nn1,0.045603376
CC(C)CC(=O)N[C@H](C(=O)N[C@H](C(=O)N[C@@H](CC(C)C)[C@@H](O)CC(=O)N[C@@H](C)C(=O)N[C@@H](CC(C)C)[C@@H](O)CC(=O)O)C(C)C)C(C)C,0.47277075
CCC(CC)[C@H](NC(C)=O)[C@@H]1[C@H](O)[C@@H](C(=O)O)C[C@H]1NC(=N)N,0.91496485
NC(=S)N/N=C/c1ccncc1,0.13862865
CC(C)=CCC/C(C)=C/CC/C(C)=C/C=C/C(C)=C/C(=O)O,0.0023051887
FC(F)(F)C(F)(F)C(F)(F)N(C(F)(F)C(F)(F)C(F)(F)F)C(F)(F)C(F)(F)C(F)(F)F,0.99877745
FC(F)(F)C(F)(F)C(F)(F)C(F)(F)C(F)(F)C(F)(F)C(F)(F)C(F)(F)Br,0.9914841
FC1(F)C(F)(F)C(F)(F)C2(F)C(F)(F)C(F)(F)C(F)(F)C(F)(F)C2(F)C1(F)F,0.0041303947
CCCCCCCCC(F)(F)C(F)(F)C(F)(F)C(F)(F)C(F)(F)C(F)(F)F,0.99170107
CCCN1C[C@H](CSC)C[C@@H]2c3cccc4[nH]cc(c34)C[C@H]21,0.020988898
C1CCC(C(C[C@H]2CCCCN2)C2CCCCC2)CC1,0.12605375
CCCCCCCCCCCCCCCCCCOP(=O)(O)OC1CC[N+](C)(C)CC1,0.9604048
C=C(C)[C@@H]1CC=C(CO)CC1,0.013807156
CCC[C@H](N[C@@H](C)C(=O)N1[C@H](C(=O)O)C[C@@H]2CCCC[C@@H]21)C(=O)OCC,0.9924402
CCC[C@H](N[C@@H](C)C(=O)N1[C@H](C(=O)O)C[C@@H]2CCCC[C@@H]21)C(=O)O,0.9906343
CC1(C)[C@@H](C=C(Cl)Cl)[C@@H]1C(=O)OCc1cccc(Oc2ccccc2)c1,0.052410584
O=C1[C@H]2CCCC[C@H]2C(=O)N1CCCCN1CCN(c2nsc3ccccc23)CC1,0.046510085
OCCN1CCN(CCCN2c3ccccc3Sc3ccc(Cl)cc32)CC1,0.0051999046
CO[C@H]1[C@@H](O)[C@@H](C)O[C@@H](O[C@H]2CC[C@@]3(C=O)[C@H](CC[C@@H]4[C@@H]3CC[C@]3(C)[C@@H](C5=CC(=O)OC5)CC[C@]43O)C2)[C@@H]1O,0.00079825893
O=c1c2c(c1=O)N(CCP(=O)(O)O)CCCN2,2.7228009e-05
O[C@@H](Cc1ccncc1)C(Cl)(Cl)Cl,4.2973046e-05
NS(=O)(=O)OC[C@@H]1C[C@@H](n2ccc3c(N[C@H]4CCc5ccccc54)ncnc32)C[C@@H]1O,0.12940481
FC(F)(F)c1ccc(CNc2ccc(Cc3c[nH]c4ncc(Cl)cc34)cn2)cn1,0.7819052
Cc1ccc(-n2nc(C(C)(C)C)cc2NC(=O)NCc2cc(F)ccc2Oc2ccc3c(cnn3CCO)c2)cc1,0.91501594
Cc1cc(Oc2c(C3CC3)nn(CS(C)(=O)=O)c2C)cc(C)c1C#N,0.25112846
Cn1cc(-c2ccncc2)c(-c2ccc(OCc3ccc4ccccc4n3)cc2)n1,0.39556035
CCCOCCn1c(=O)c(N2CCN(CCO)CC2)nc2cnc(-c3ccc(OC)nc3)cc21,0.07563925
CCC[C@H](N[C@H]1CCc2cc(F)cc(F)c2C1)C(=O)Nc1cn(C(C)(C)CNCC(C)(C)C)cn1,0.6258863
Cc1nc(Nc2[nH]nc3c2CN(C(=O)N[C@H](CN(C)C)c2ccccc2)C3(C)C)c2sccc2n1,0.6892051
CC(=O)NCC(=O)N1[C@@H]2CC[C@H]1c1ccc(Nc3ncc(C(F)(F)F)c(NC4CCC4)n3)cc12,0.16331089
N#Cc1ccc(N2N=C3c4ccc(C(=O)O)cc4CCC3[C@@H]2C2CCCC2)cc1Cl,0.19882223
O=C(NCC(=O)N1CC[C@H](N[C@H]2CC[C@@](O)(c3ccc(-c4ncccn4)cn3)CC2)C1)c1cccc(C(F)(F)F)c1,0.02157245
OCCn1cc(-c2cnc3nnn(Cc4ccc5ncccc5c4)c3n2)cn1,0.008467517
COc1ccc2cc(OCC3(C(=O)O)CN(C(=O)c4ccc(F)cc4)C3)ccc2c1,0.36358067
C[C@@H]1CN(Cc2ncccn2)C[C@H]1c1nc(=O)c2cnn(C3CCOCC3)c2[nH]1,0.9993623
O=C(Nc1cccnn1)N1CCC(=Cc2cccc(Oc3ccc(C(F)(F)F)cn3)c2)CC1,0.37791106
Nc1ncnc2c1C(=O)N(c1ccc([C@H]3CC[C@H](CC(=O)O)CC3)cc1)CCO2,0.110985495
COc1ccc(-c2cc3c(C)nc(N)nc3n([C@H]3CC[C@H](OCCO)CC3)c2=O)cn1,0.71122277
CC(C)(N)c1nc(-c2ccc(OC(F)(F)F)cc2)c[nH]1,0.007031744
Cc1cnc(NC(=O)c2cc(Oc3cnc(C(=O)N(C)C)nc3)c3cc(C)oc3c2)cn1,0.9330958
OC1(CN2CCC(COc3noc4cccc(O[C@@H]5CCOC5)c34)CC2)CCOCC1,0.32115
Nc1[nH]ncc1-c1cc(Cl)ccc1Oc1cc(F)c(S(=O)(=O)Nc2cscn2)cc1Cl,0.1660735
Cc1nc2ccc(C(=O)N3CCC4(CC3)CC(=O)c3c(cnn3C(C)C)C4)cc2[nH]1,0.04185346
Cc1nc(-c2cnn(C)c2-c2ccc(C(F)(F)F)cn2)c2c(N3CCC3)ncnn12,0.19520545
Cc1cc(-c2ccc3c(c2)CC[C@H]3N2CC3(CCN(C(=O)Cc4cn5cc(C)sc5n4)CC3)C2)ncn1,0.0013549228
CN(C)C1CCN(C(=O)c2ccc(NC(=O)Nc3ccc(-c4nc(N5CCOCC5)nc(N5CCOCC5)n4)cc3)cc2)CC1,0.014568012
C[C@@H]1CNS(=O)(=O)N(c2ccc3c(C#N)nccc3c2)C1,0.0033165165
CC(C)(CO)n1cc(C(=O)c2cncc(NC(=O)Cc3ccc(Cl)cn3)c2)c2cnc(N)nc21,0.14093804
COc1ccc(Cl)cc1-c1cc(=O)[nH]c(=S)n1CC(N)=O,0.032557078
C[C@@H](C(N)=O)[C@H](N)c1nc2cc(C(C)(C)C)ccc2[nH]1,0.16978386
O=C(O)c1c[nH]c2cc(Cl)c(-c3ccc(C4(O)CCC4)cc3)cc12,0.717278
Cc1cc(Oc2nccc3[nH]ncc23)ccc1-c1c(C)ncnc1C,0.07442119
N#Cc1cccc(-c2c[nH]c3ncnc(N4CCOCC4)c23)c1,0.10995761
C=CC(=O)N1C[C@H](COc2nc(Nc3cnn(C)c3)nc3[nH]cc(Cl)c23)[C@@H](OC)C1,0.8934881
CC[C@@H]1[C@H](F)C(=O)N[C@@H]1COc1nccc2cc(C(N)=O)c(OC)cc12,0.01798789
C=CC(=O)N1C[C@H](Nc2ncnc3[nH]ccc23)CC[C@@H]1C,0.8373912
C=CC(=O)N[C@@H]1CN(c2nc(Nc3cn(C)nc3OC)c3ncn(C)c3n2)C[C@H]1F,0.99101186
C[C@H]1C[C@H]2CSC(N)=N[C@@]2(c2nc(NC(=O)c3ccc(OC(F)F)cn3)cs2)CO1,0.8596147
O=C1C[C@H](c2c[nH]c3ccc(F)cc23)C(=O)N1,0.12446253
C[C@@]1(O)CCC[C@H]1n1c(=O)c(C(F)F)cc2cnc(NC3CCN(S(C)(=O)=O)CC3)nc21,0.009287965
O=C(N[C@H]1CCCC[C@H]1C(=O)O)c1cnn2c(O)cc(-c3ccccc3)nc12,0.68141675
COCc1nnc(N2CC(Oc3ccc(F)cc3Cl)C2)n1-c1ccc(OC)nc1,0.17919974
O=C(Nc1cccnc1)N1CCC(Cc2cccc(Oc3ccc(C(F)(F)F)cn3)c2)CC1,0.14916521
Cn1nccc1-c1ccc(Sc2cccc(C3(C(N)=O)CCOCC3)c2)cc1,0.13522422
CCN(CC)Cc1ccc(C(=O)N(CCc2ccccc2OC)[C@@H]2CCNC2)cc1,0.025000835
CN(c1ccccc1CNc1nc(Nc2ccc3c(c2)CC(=O)N3)ncc1C(F)(F)F)S(C)(=O)=O,0.76134664
CCc1cncnc1N1CCN(Cc2nc3ccc(C(F)(F)F)cc3[nH]2)CC1,0.14942749
Cn1cc(-c2[nH]c3cc(NC(=O)[C@H](N)C4CCCCC4)cc4c3c2C=NNC4=O)cn1,0.3719657
Nc1ncnc2c1c(COc1cccc(Cl)c1)nn2C1CCOCC1,0.78884864
Cc1ccc(-c2c(-c3nn(C)c4ncnc(N5CC[C@H](N6CCCCC6)C5)c34)cnn2C)cc1,0.23421359
CC(F)(F)CN1CCOc2c(nn(-c3ccccc3Cl)c2-c2ccc(Cl)cc2)C1=O,0.26028875
Cc1cnc(-c2cc(N3CCN(C(=O)CCS(C)(=O)=O)CC3)ncc2Cl)c(C)c1,0.8163796
CN(c1ncccc1CNc1nc(Nc2ccc3c(c2)CC(=O)N3)ncc1C(F)(F)F)S(C)(=O)=O,0.79566044
CS(=O)(=O)c1cccc(CNc2nc(Nc3ccc4c(c3)CCC(=O)N4)ncc2C(F)(F)F)c1,0.7581286
Nc1nccc(-c2c(-c3ccc(F)cc3)ncn2C2CCCCC2)n1,0.031536207
O=C(Nc1ccccc1)N1CCC(Cc2cnc3ccccc3c2)CC1,0.010006841
O=C(CCN1CCN(C(=O)OCc2cc(Cl)cc(Cl)c2)CC1)c1ccc2[nH]c(=O)oc2c1,0.05531783
N#Cc1ccc(-c2ccc(S(=O)(=O)Nc3cccc(N)n3)cc2)cc1,0.1311351
COc1ccccc1S(=O)(=O)Nc1ccc2c(c1)CN(C)C(=O)N2,0.009294145
O=C(/C=C/N1C[C@H]2C[C@@H]1CN2c1ccccn1)c1ccccc1O,0.7892023
COc1ccccc1C(=O)Nc1cc2c(cc1N1CCCC1)n(C)c(=O)n2C,0.9793747
O=C(/C=C/c1ccc2ccccc2n1)c1ccncc1,0.92791814
O=C(/C=C/c1ccc2ccc(C(F)(F)F)cc2n1)c1ccncc1,0.9761514
C[C@@H](C(=O)O[C@H]1C[C@H]2CC[C@@H](C1)N2C)c1ccc(Br)cc1,0.00015189695
N#C[C@H](c1ccnc(OCc2ccc(CN3CCOCC3)cc2)n1)c1nc2ccccc2s1,0.7990524
CNC(=O)c1ccc(C)c(-n2c(C)cc(OCc3ccc(F)cc3F)c(Br)c2=O)c1,0.13456139
O=C(N[C@H]1CN2CCC1CC2)c1cc2ccoc2cn1,0.46341148
O=C(N[C@H]1CN2CCC1CC2)c1ccc2c(c1)OCCO2,0.98289984
Cc1[nH]c(/C=C2\C(=O)Nc3ccc(S(=O)(=O)Cc4c(Cl)cccc4Cl)cc32)c(C)c1C(=O)N1CCC[C@@H]1CN1CCCC1,0.9925995
CCc1cccc(CC)c1NC(=O)N1Cc2n[nH]c(NC(=O)c3ccc(N4CCN(C)CC4)cc3)c2C1,0.14146516
O=C1NCCc2[nH]c(-c3ccncc3)cc21,0.0006989704
CC(C)CC(=O)Nc1[nH]nc2c1CN(C(=O)C1CCN(C)CC1)C2(C)C,0.021917127
CNC(=O)c1nn(C)c2c1C(C)(C)Cc1cnc(Nc3ccc(N4CCN(C)CC4)cc3)nc1-2,0.29740828
O=C(Nc1ccccc1)[C@]12C[C@H]1/C(=N\O)c1ccccc1O2,0.0042192345
CCOc1ccc(N=C(C)Nc2ccc(OCC)cc2)cc1,0.009240239
NC(=O)NC(=O)Cc1ccccc1,0.012670198
CCOc1ccc(NC(C)=O)cc1,0.0017005434
Cc1cc(=O)n(-c2ccccc2)n1C,0.025760392
Nc1ccc(/N=N/c2ccccc2)c(N)n1,0.032435816
NNCCc1ccccc1,3.483801e-05
C[C@@H](Oc1ccccc1)C(=O)N[C@@H]1C(=O)N2[C@@H]1SC(C)(C)[C@@H]2C(=O)O,0.002521628
S=C=NCCc1ccccc1,0.00872112
N=C(N=C(N)N)NCCc1ccccc1,0.0019021862
CN1CCC2=C(C1)[C@H](c1ccccc1)c1ccccc12,0.0004483855
O=C1c2ccccc2C(=O)C1c1ccccc1,0.34874764
CN(C)CC[C@@H](c1ccccc1)c1ccccn1,0.0009808999
Oc1ccccc1,0.0002983021
O=C1OC(c2ccc(O)cc2)(c2ccc(O)cc2)c2ccccc21,8.4891835e-06
O=S1(=O)OC(c2ccc(O)cc2)(c2ccc(O)cc2)c2ccccc21,0.010893163
c1ccc2c(c1)Nc1ccccc1S2,0.00024785264
CC(C)=C[C@H]1[C@@H](C(=O)OCc2cccc(Oc3ccccc3)c2)C1(C)C,0.00067193486
CC(COc1ccccc1)N(CCCl)Cc1ccccc1,0.0022882726
NC(=O)OCCCc1ccccc1,0.002219695
CC[C@@H](c1ccccc1)c1c(O)c2ccccc2oc1=O,0.043821536
CN1CC[C@@]2(C)c3cc(OC(=O)Nc4ccccc4)ccc3N(C)[C@@H]12,0.003583836
CN1C(=O)C[C@H](c2ccccc2)C1=O,0.00012440876
Cc1ccc(N(CC2=NCCN2)c2cccc(O)c2)cc1,0.01597943
Nc1ccc(C(=O)Oc2ccccc2)c(O)c1,0.003425537
O=C(Oc1ccccc1)c1ccccc1O,0.00037637766
NC(=O)CC[C@H](NC(=O)Cc1ccccc1)C(=O)O,0.0016213438
O=S(=O)(O)c1ccc2nc(-c3ccccc3)[nH]c2c1,0.07546707
CCCCC1C(=O)N(c2ccccc2)N(c2ccccc2)C1=O,0.37911576
O=C(O)CCCc1ccccc1,0.00031799407
CNC[C@H](O)c1cccc(O)c1,9.5748226e-05
OCCc1ccccc1,1.7746503e-05
CC(=O)[O][Hg][c]1ccccc1,2.9842447e-05
O=S(=O)(F)Cc1ccccc1,0.72643816
NC(=O)CN1C[C@H](c2ccccc2)CC1=O,7.859909e-05
O=C1NC(=O)C(c2ccccc2)(c2ccccc2)N1,0.0003106416
CCn1c2ccccc2c2cc(CNC)ccc21,0.0002953505
O=C(CCc1ccc(O)cc1)c1c(O)cc(O)cc1O,0.16499567
O=C(CCc1ccc(O)cc1)c1c(O)cc(O)cc1O[C@@H]1O[C@H](CO)[C@@H](O)[C@H](O)[C@H]1O,0.28525737
Oc1cc(O)cc(O)c1,0.0017056763
Cc1cc(-c2nc3cc(F)ccc3s2)ccc1NC(=O)[C@@H](N)CCCCN,0.10420673
CCCCC/C=C\C/C=C\CCCCCCCC(=O)O[C@H](COC(=O)CCCCCCCCCCCCCCC)CO[P@@](=O)(O)OCC[N+](C)(C)C,0.026639143
On1ncc(C2CCNCC2)c1-c1cccc(-c2ccccc2)c1,0.00088090793
CCCCCCCCCCCCc1ccc(S(=O)(=O)Nc2nncs2)cc1,0.24671431
CC(=O)NS(=O)(=O)c1ccc(NC(=O)c2ccccc2C(=O)O)cc1,0.0013626419
O=C(O)c1ccccc1C(=O)Nc1ccc(S(=O)(=O)Nc2nccs2)cc1,0.004475117
Oc1ccc(-c2c(-c3ccccc3)nn3c(C(F)(F)F)cc(C(F)(F)F)nc23)cc1,0.48984092
CNC(=O)Oc1ccc2c(c1)[C@]1(C)CCN(C)[C@@H]1N2C,0.11523684
CC1=C(C/C=C(\C)CCC[C@H](C)CCC[C@H](C)CCCC(C)C)C(=O)c2ccccc2C1=O,0.18616527
CCCCCCCCCCCCCC[C@@H](O)[C@@H](O)[C@@H](N)CO,0.00058397406
Oc1cccc(-c2nc(N3CCOCC3)c3oc4ncccc4c3n2)c1,0.06447501
Nc1ccc(-c2cccc3c(=O)cc(N4CCOCC4)oc23)cc1,0.27730072
CN1CCN(c2ccc3nc(-c4ccc5nc(-c6ccc(O)cc6)[nH]c5c4)[nH]c3c2)CC1,0.059804603
CCCCN1CCC(CNC(=O)c2c3n(c4ccccc24)CCCO3)CC1,0.06980526
CNC(=S)[C@@]1(c2ccccn2)CCCS1,0.12652779
Oc1cc(O)cc(/C=C/c2ccc(O)c(O)c2)c1,0.0010415214
COc1ccc(C(=O)Nc2c(Cl)cncc2Cl)cc1OC1CCCC1,0.44272724
NCc1cccnc1,0.0004405676
O=C(O)c1ccccn1,0.00044476156
OCc1ccccn1,0.00012785693
COc1ccc(C(=O)NCc2cccnc2)cc1C(=O)NCc1cccnc1,0.15206589
CC(C)(O)[C@H]1[C@H]2OC(=O)[C@@H]1[C@@]1(O)C[C@H]3O[C@]34C(=O)O[C@@H]2[C@]41C,0.0003147325
C=C(C)[C@@H]1[C@H]2OC(=O)[C@H]1[C@]1(O)C[C@H]3O[C@]34C(=O)O[C@H]2[C@]14C,0.5483113
O=C1CC[C@@H](C(=O)O)N1,0.00019985923
O=C1CC[C@@H](C(=O)N2CSC[C@H]2C(=O)O)N1,0.027393343
Cc1ccc(C(=O)Cn2c3c(sc2=N)CCCC3)cc1,0.598449
Cc1ccc(-c2cn3c4c(sc3n2)CCCC4)cc1,0.008676408
NS(=O)(=O)C#Cc1ccccc1,0.99934953
Cc1ccccc1-n1c(Cn2ncc3c(N)ncnc32)nc2cccc(C)c2c1=O,0.8145485
Cc1ccccc1-n1c(Cn2nc(-c3cccc(O)c3)c3c(N)ncnc32)nc2cccc(C)c2c1=O,0.85232794
Cc1ccc([N+](=O)[O-])cc1S(=O)(=O)N(C)/N=C/c1cnc2ccc(Br)cn12,0.9875416
CC(=O)Nc1nc(C)c(-c2ccc(Cl)c(S(=O)(=O)NCCO)c2)s1,0.9718223
O=C(O)CCCNC(=O)c1cccnc1,0.0051026647
Cc1ccnc(NC(=O)[C@H](C)c2cccc(C(=O)c3ccccc3)c2)c1,0.0036617576
COc1ccc(Cl)c(Nc2nc3ccccc3nc2NS(=O)(=O)c2cccc(NC(=O)C(C)(C)N)c2)c1,0.09264753
CC[C@@H]1C(=O)OC[C@@H]1Cc1cncn1C,0.00015737143
Cc1cccc(C)c1NC(=O)CC12CCCN1CCC2,0.0050642802
Nc1nccc(-c2ccc3noc(-c4ccc(Cl)cc4)c3c2)n1,0.047121607
C[C@@H]1C[C@H](N)C[C@H](c2ccncc2NC(=O)c2ccc(F)c(-c3c(F)cccc3F)n2)C1,0.7996467
CC(C)COc1ccc(CNC(=O)N(Cc2ccc(F)cc2)C2CCN(C)CC2)cc1,0.99565977
CC[C@@H]1/C=C(\C)C[C@H](C)C[C@H](OC)[C@H]2O[C@@](O)(C(=O)C(=O)N3CCCC[C@H]3C(=O)O[C@H](/C(C)=C/[C@@H]3CC[C@H](Cl)[C@H](OC)C3)[C@H](C)[C@@H](O)CC1=O)[C@H](C)C[C@@H]2OC,0.99599934
CN1CCC(=C2c3ccccc3Sc3ccccc32)CC1,0.008765368
COc1ccc(-c2nc3ccc(C4=NNC(=O)C[C@H]4C)cc3[nH]2)cc1,0.0027600257
O=C(O)[C@H]1C2CCC(CC2)[C@@H]1Nc1nc(-c2c[nH]c3ncc(F)cc23)ncc1F,0.66974294
O=[N+]([O-])c1nccn1C[C@@H](O)CN1CCCCC1,0.09739817
O=c1[nH]c2ccccc2n1C1CCN(CCCC(c2ccc(F)cc2)c2ccc(F)cc2)CC1,0.65501183
C[C@@H](NC(=NC#N)Nc1ccncc1)C(C)(C)C,0.008315798
CC1(C)[C@@H]2C[C@@H](O)[C@@](C)(O)[C@H]1C2,0.0019641463
COc1cc(Br)c(C[N+]2(CCOCC[C@H]3CC[C@@H]4C[C@H]3C4(C)C)CCOCC2)cc1OC,0.004687837
Cc1cccc(C)c1NC(=O)CN1CCCCCC1,0.014539732
CC(C)NC[C@@H](O)COc1cccc2[nH]ccc12,0.007326592
CC(C)NC[C@H](O)COc1cccc2[nH]ccc12,0.0028358502
CO[C@H]1[C@H](O)[C@@H](O)[C@@H](O)[C@H](O)[C@@H]1O,5.814187e-05
O=C1C[C@@H](c2ccccc2)Oc2cc(O)cc(O)c21,3.5752412e-06
CCc1ccc(CCOc2ccc(C[C@H]3SC(=O)NC3=O)cc2)nc1,0.25537258
NC(=O)C1(N2CCCCC2)CCN(CCCC(=O)c2ccc(F)cc2)CC1,0.14658053
CC(=O)O[C@H]1C[C@@H]2CC[C@@H]3[C@H](CC[C@@]4(C)[C@H]3C[C@H](N3CC[N+](C)(C)CC3)[C@@H]4OC(C)=O)[C@@]2(C)C[C@@H]1N1CC[N+](C)(C)CC1,0.40859202
CCn1cc(C(=O)O)c(=O)c2cnc(N3CCNCC3)nc21,0.49772432
CC[N@@+]1(C)CCC[C@H](OC(=O)C(O)(c2ccccc2)c2ccccc2)C1,0.0040734923
CC(=O)c1ccc2c(c1)N(CCCN1CCC(CCO)CC1)c1ccccc1S2,0.0016791557
CCN1CCN(C(=O)N[C@@H](C(=O)N[C@@H]2C(=O)N3[C@@H]2SC(C)(C)[C@@H]3C(=O)O)c2ccccc2)C(=O)C1=O,0.0006740681
Clc1ccc2c(N3CCN(CCCN4CCN(c5ccnc6cc(Cl)ccc56)CC4)CC3)ccnc2c1,0.005122475
C1CNCCN1,2.1864569e-06
O=C1CNC(=O)CN1,0.00037758067
CCN1CCC[C@H](OC(=O)C(c2ccccc2)c2ccccc2)C1,0.37751728
O=C(/C=C/C=C/c1ccc2c(c1)OCO2)N1CCCCC1,0.60425425
CCCCOCCOCCOCc1cc2c(cc1CCC)OCO2,0.11960068
O=C(CCBr)N1CCN(C(=O)CCBr)CC1,0.0022941586
CN1CCN(c2cc3c(nn2)Oc2ccccc2N3C)CC1,0.10529799
CN(C)S(=O)(=O)c1ccc2c(c1)N(CCCN1CCC(CCO)CC1)c1ccccc1S2,0.012029409
CCCCCCCCCCCCCCCC(=O)OCCC1CCN(CCCN2c3ccccc3Sc3ccc(S(=O)(=O)N(C)C)cc32)CC1,0.4348399
NC(=O)CN1CCCC1=O,0.00028577828
COc1cccc2c1C(=O)c1c(O)c3c(c(O)c1C2=O)C[C@@](O)(C(=O)CO)C[C@@H]3O[C@H]1C[C@H](N)[C@H](O[C@@H]2CCCCO2)[C@H](C)O1,0.010253397
O=C(O)c1cc(=O)c2c3nc4ccccc4oc-3cc(=O)c2[nH]1,0.29371002
Cc1nc2ccccn2c(=O)c1CCN1CCC(C(=O)c2ccc(F)cc2)CC1,0.360167
CN1CCN(CC(=O)N2c3ccccc3C(=O)Nc3cccnc32)CC1,0.06807012
NS(=O)(=O)c1cc(C(=O)O)cc(N2CCCC2)c1Oc1ccccc1,0.037556626
Cc1ccc(=O)n(-c2ccccc2)c1,0.0011080586
c1cnc(N2CCN(Cc3ccc4c(c3)OCO4)CC2)nc1,0.061547246
CC1(C)[C@@H]2CC[C@@]1(C)C(=O)N(CCCCN1CCN(c3ccccn3)CC1)C2=O,0.26632792
Cc1cccc(Nc2cc(Cl)nc(SCC(=O)O)n2)c1C,0.16705371
Cc1ccc2c(c1)c1c3n2CCN[C@H]3CCC1,1.8360412e-05
C[C@@H]1CCC[C@H](C)N1CCC[C@@](O)(c1ccccc1)c1ccccn1,0.10612093
Cc1cc(C[C@H](C)CC(C)(C)C)n(O)c(=O)c1,0.019236948
CCOC(=O)c1ccc(OCCC2CCN(c3ccc(C)nn3)CC2)cc1,0.047383353
CCn1cc(C(=O)O)c(=O)c2cnc(N3CCCC3)nc21,0.8269736
CN1C(C(=O)Nc2ccccn2)=C(O)c2ccccc2S1(=O)=O,0.73412484
CCc1[nH]c(=O)[nH]c1C(=O)c1ccncc1,0.004052592
COc1cc(C(=O)OCc2cccc(COC(=O)c3cc(OC)c(OC)c(OC)c3)n2)cc(OC)c1OC,0.40210065
O=c1[nH]c2ccccc2c2cc(CO)nn12,0.0010473413
O=C1C(c2ccccn2)=[N+]([O-])c2ccccc21,0.013908545
O=C(O)C[C@H](O)C[C@H](O)/C=C/c1c(C2CC2)nc2ccccc2c1-c1ccc(F)cc1,0.3546979
Clc1ccc(CCCOCCCN2CCCCC2)cc1,0.24082923
CC(C)(C)C(=O)NCCCC(=O)O,0.0043804958
CC(C)(C)C(=O)OCOC(=O)[C@@H]1N2C(=O)[C@@H](NC(=O)[C@H](N)c3ccccc3)[C@H]2SC1(C)C,0.008392222
CCCC(=O)OCOC(=O)C(C)(C)C,0.000117970936
CC(C)(C)C(=O)OCOC(=O)[C@@H]1N2C(=O)[C@@H](/N=C/N3CCCCCC3)[C@H]2SC1(C)C,0.077754915
NCCNc1ccc(NCCN)c2c1C(=O)c1ccncc1C2=O,0.102823615
CN1CCC(=C2c3ccccc3CCc3sccc32)CC1,0.014478091
Nc1cc(C(F)(F)F)c(-c2nc(N3CCOCC3)nc(N3CCOCC3)n2)cn1,0.2333484
COc1ncc(-c2nc(N3CCOCC3)nc3c(CN4CCC(C(C)(C)O)CC4)cc(F)cc23)cc1NS(C)(=O)=O,0.83573914
COc1ccc(-c2sc(NC(=O)C(C)(C)C)nc2C)cc1S(=O)(=O)Nc1ccc(O)cc1,0.8589356
CN(C)CC(=O)Nc1ccc2[nH]c(=O)c3ccccc3c2c1,0.00060397125
CCCC(=O)C1CCN(c2ncnc3c2CN(C(=O)c2ccc(-c4ccccc4)cc2)CC3)CC1,0.17559339
CC[C@@H](C)N(C)C(=O)c1cc2ccccc2c(-c2ccccc2Cl)n1,0.20090733
N[C@@H](CC(=O)N1CCn2c(nnc2C(F)(F)F)C1)Cc1[nH]nc2c(F)c(F)ccc12,0.43932745
C[C@@H](Nc1ncnc2[nH]c(-c3ccc(O)cc3)cc12)c1ccccc1,0.7711572
O=C(Nc1ccncc1)Nc1ccc(-c2nc(N3CCOCC3)nc(N3[C@@H]4CC[C@H]3COC4)n2)cc1,0.107666194
Cc1cc(CCCOc2c(C)cc(-c3noc(C(F)(F)F)n3)cc2C)on1,0.38316104
c1cc(CN2CCCNCCNCCCNCC2)ccc1CN1CCCNCCNCCCNCC1,0.011357211
CO[C@H](C(=O)[C@@H](O)[C@@H](C)O)[C@@H]1Cc2cc3cc(O[C@H]4C[C@@H](O[C@H]5C[C@@H](O)[C@H](O)[C@@H](C)O5)[C@@H](O)[C@@H](C)O4)c(C)c(O)c3c(O)c2C(=O)[C@H]1O[C@H]1C[C@@H](O[C@H]2C[C@@H](O[C@H]3C[C@](C)(O)[C@H](O)[C@@H](C)O3)[C@H](O)[C@@H](C)O2)[C@H](O)[C@@H](C)O1,0.0025654596
CC(C)(C)c1nc[nH]c1/C=c1\[nH]c(=O)/c(=C/c2ccccc2)[nH]c1=O,0.8886037
N[C@@H](Cc1ccc(O)cc1)C(=O)O,0.00023366704
CC1=CC(=O)c2c(O)cccc2C1=O,0.007100993
O=C(NNc1ccccc1)c1ccncc1,0.043486763
CCCS(=O)(=O)Nc1ccc(F)c(C(=O)c2c[nH]c3ncc(Cl)cc23)c1F,0.94054234
Cc1noc(C)c1-c1cnc2c(-c3ccc(C(=O)O)cc3)cn([C@@H](C)c3ccccn3)c2c1,0.14110647
FC(F)(F)c1ccc(CNc2ccc(Cc3c[nH]c4ncccc34)cn2)cc1,0.32283884
O=C(c1c(F)ccc(NS(=O)(=O)N2CC[C@@H](F)C2)c1F)c1c[nH]c2ncc(-c3cnc(C4CC4)nc3)cc12,0.87815243
O=C(O)CC[C@@H](CP(=O)(O)O)C(=O)O,0.06192537
COc1cc(OC)c(NC(=O)Nc2cc(C)on2)cc1Cl,0.16499427
CNC(=O)c1ccc2c(c1)CCO[C@H]2CCN1CCN(c2ccc(C(N)=O)cc2)CC1,0.15666106
CCCNCCc1ccc(NS(=O)(=O)c2ccc(OC(F)(F)F)cc2)cc1,0.0004059188
Cn1c2c(c3ccccc31)CCNCC2,0.00017608708
O=C(N[C@H]1CN2CCC1CC2)c1ccc(Cl)cc1,0.92679
C1CCC(N=C(NC23CC4CC(CC(C4)C2)C3)N2CCOCC2)CC1,0.07584032
Cc1ccc(/C=N/NC(=O)c2ccccc2Oc2ccccc2)o1,0.047989484
Cc1cc2c(N3CCCC3)nc(N3CCCC3)nc2n1C,0.37851804
COc1ccc(OCc2ccc(COc3c(Cl)cccc3Cl)cc2)c(Cl)c1,0.13783847
COc1cc([C@@H]2c3cc4c(cc3[C@H](O)[C@H]3COC(=O)[C@H]23)OCO4)cc(OC)c1OC,2.2973141e-05
O=C1CC[NH][Zn][O]C(=O)[C@H](Cc2cnc[nH]2)N1,0.00039940324
CCCCCCCCCCCCOCCOCCOCCOCCOCCOCCOCCOCCOCCO,0.03039653
OC[C@H]1O[C@@H](Oc2cc(O)cc(/C=C/c3ccc(O)cc3)c2)[C@H](O)[C@@H](O)[C@@H]1O,0.00040415622
O=c1nc[nH]c2c1ncn2[C@H]1O[C@H](COP(=O)(O)O)[C@H](O)[C@H]1O,0.0007527787
CC[C@@H](C)CCCCC(=O)N[C@@H](CCN)C(=O)N[C@H](C(=O)N[C@@H](CCN)C(=O)N[C@H]1CCNC(=O)[C@H]([C@@H](C)O)NC(=O)[C@@H](CCN)NC(=O)[C@@H](CCN)NC(=O)[C@@H](CC(C)C)NC(=O)[C@@H](Cc2ccccc2)NC(=O)[C@@H](CCN)NC1=O)[C@@H](C)O,0.70910746
CN1[C@@H](CSCC(F)(F)F)Nc2cc(Cl)c(S(N)(=O)=O)cc2S1(=O)=O,0.5390549
Nc1cccc2c1C(=O)N([C@H]1CCC(=O)NC1=O)C2=O,0.089163885
Cc1ccc(C(=O)Nc2ccc(CN3CCN(C)CC3)c(C(F)(F)F)c2)cc1C#Cc1cnc2cccnn12,0.86316556
CCC/N=C1\S/C(=C\c2ccc(OC[C@H](O)CO)c(Cl)c2)C(=O)N1c1ccccc1C,0.017985916
CC[C@@H]([C@H](C)O)n1ncn(-c2ccc(N3CCN(c4ccc(OC[C@@H]5CO[C@@](Cn6cncn6)(c6ccc(F)cc6F)C5)cc4)CC3)cc2)c1=O,0.9958903
C[C@]12CCC(=O)C=C1C=C[C@@H]1[C@@H]2CC[C@@]2(C)[C@H]1CC[C@@]2(O)CCC(=O)O,0.003768932
I,5.5573924e-05
Nc1ccc(C(=O)O)cc1,0.0057015806
Cc1ncccc1OC[C@@H]1CCCN1,0.00012143485
C=CC(=O)N1CCC(Oc2cc3c(Nc4ccc(Cl)c(Cl)c4F)ncnc3cc2OC)CC1,0.9001992
Cc1ccc(-c2nn(C(C)(C)C)c3ncnc(N)c23)cc1,0.5467942
Nc1ncnc2c1c(-c1cnc3[nH]ccc3c1)nn2C1CCCC1,0.10307161
CC(C)(C)n1nc(-c2ccc(Cl)cc2)c2c(N)ncnc21,0.6622411
CCCc1c(-c2ccc(O)cc2)nn(-c2ccc(O)cc2)c1-c1ccc(O)cc1,0.012709862
COc1ccccc1-c1c[nH]c2ncc(-c3cncc(C(=O)N(C)C)c3)cc12,0.7154353
CC(C)n1nc(-c2cc3cc(O)ccc3[nH]2)c2c(N)ncnc21,0.17728429
COc1ccc(Cl)cc1NC(=O)Nc1cc(C)nc2ccccc12,0.611275
N#CSc1cc(SC#N)c(N)nc1N,0.04037242
CC(=O)Nc1ccc(OC[C@H](O)CNC(C)C)cc1,0.00060197845
Nc1ncnc2c1ncn2CCOC[P@@]1(=O)OCC[C@@H](c2cccc(Cl)c2)O1,0.35865298
C#CC[C@H](Cc1cnc2nc(N)nc(N)c2n1)c1ccc(C(=O)N[C@@H](CCC(=O)O)C(=O)O)cc1,0.8557483
C[n+]1ccccc1/C=N/O,5.4682383e-05
C[n+]1ccccc1CN=O,0.0022075472
C[C@H](NC(=O)[C@@H](Cc1ccc2ccccc2c1)NC(=O)[C@@H](C)N)C(=O)N[C@@H](Cc1c[nH]c2ccccc12)C(=O)N[C@H](Cc1ccccc1)C(=O)N[C@@H](CCCCN)C(N)=O,0.5619829
CCCN[C@H]1CCc2nc(N)sc2C1,0.42428148
CC(C)N(CCNC(=O)CN1CCCC1=O)C(C)C,0.0081788385
CCCCOc1ccc(OCCCN2CCOCC2)cc1,0.0036651378
COC(=O)C1=C(C)NC(C)=C(C(=O)OC/C=C/c2ccccc2)[C@@H]1c1cccc([N+](=O)[O-])c1,0.29144832
O=C(Nc1cccc2c(=O)cc(-c3nn[nH]n3)oc12)c1ccc(OCCCCc2ccccc2)cc1,0.8978782
C[C@@H](C(=O)O)c1ccc2c(c1)Cc1cccnc1O2,0.00028248617
CC(=O)O[C@H]1CC[C@@]2(C)C(=CC[C@@H]3[C@@H]2CC[C@]2(C)C(=O)CC[C@@H]32)C1,0.0030351155
CC(=O)Oc1cc2c(s1)CCN([C@@H](C(=O)C1CC1)c1ccccc1F)C2,0.28423247
COc1ccc(C(=O)c2c(C)n(CCN3CCOCC3)c3ccccc23)cc1,0.055622693
CC[C@H](C)C(=O)O[C@H]1C[C@H](O)C=C2C=C[C@H](C)[C@H](CC[C@@H](O)C[C@@H](O)CC(=O)O)[C@H]21,0.015606831
O=C(C1CCCCC1)N1CC(=O)N2CCc3ccccc3[C@H]2C1,0.043480087
COc1cc2nc(N3CCN(C(=O)c4ccco4)CC3)nc(N)c2cc1OC,0.53182316
O=C(OCCN1CCOCC1)C1(c2ccccc2)CCCCC1,0.006757066
CCCN1CCC[C@H](c2cccc(O)c2)C1,0.005302048
CCOC(=O)O[C@]1(C(=O)COC(=O)CC)CC[C@H]2[C@H]3CCC4=CC(=O)C=C[C@]4(C)[C@@H]3[C@@H](O)C[C@@]21C,0.010135409
C[C@]12C=CC(=O)C=C1CC[C@@H]1[C@@H]2[C@@H](O)C[C@@]2(C)[C@H]1CC[C@]2(O)C(=O)CO,0.0013427774
CC(=O)OCC(=O)[C@@]1(O)CC[C@H]2[C@@H]3CCC4=CC(=O)C=C[C@]4(C)[C@H]3[C@@H](O)C[C@@]21C,0.0064303875
C[C@]12C=CC(=O)C=C1CC[C@@H]1[C@@H]2[C@@H](O)C[C@@]2(C)[C@H]1CC[C@]2(O)C(=O)COC(=O)CCC(=O)O,0.0003683176
C[C@]12C=CC(=O)C=C1CC[C@@H]1[C@@H]2[C@@H](O)C[C@@]2(C)[C@H]1CC[C@]2(O)C(=O)COP(=O)(O)O,0.00036508864
CC(C)(C)CC(=O)OCC(=O)[C@@]1(O)CC[C@H]2[C@H]3CCC4=CC(=O)C=C[C@]4(C)[C@@H]3[C@@H](O)C[C@@]21C,0.15075982
C[C@]12C=CC(=O)C=C1CC[C@@H]1[C@@H]2C(=O)C[C@@]2(C)[C@H]1CC[C@]2(O)C(=O)CO,0.12678154
CC(=O)[C@H]1CC[C@H]2[C@@H]3CC=C4C[C@@H](O)CC[C@]4(C)[C@H]3CC[C@]12C,2.8796883e-05
CC(=O)[C@H]1CC[C@H]2[C@H]3CC=C4C[C@@H](OC(=O)CCC(=O)O)CC[C@]4(C)[C@@H]3CC[C@]12C,6.898197e-05
COCCOc1ccc(N2CCN(CCn3ncc4c3nc(N)n3nc(-c5ccco5)nc43)CC2)cc1,0.61733985
C[C@@H](Cc1ccccc1)NCCC(c1ccccc1)c1ccccc1,0.0057953484
Cc1cn2nc([C@@H]3CCCCN3C(=O)c3cc(Cl)ccc3NS(C)(=O)=O)cc2nc1N1CC[C@H](N)C1,0.90117073
O=[N+]([O-])c1cn2c(n1)OC[C@@H](OCc1ccc(OC(F)(F)F)cc1)C2,0.9962838
OC(CCN1CCCCC1)(c1ccccc1)c1ccccc1,0.22059698
CCCN1CCC(c2cccc(S(C)(=O)=O)c2)CC1,0.11020163
CCCN[C@@H](C)C(=O)Nc1ccccc1C,9.652803e-05
COc1cc(N[C@@H](C)CCCN)c2ncccc2c1,0.00018999928
O=C1C2CCN(CC2)C1(CO)CO,0.0003956546
CCC1(c2ccccc2)C(=O)NCNC1=O,0.012166524
C=Cc1cc(O)cc2nc(-c3ccc(O)c(F)c3)oc12,0.17913036
CC1(C)SCCN(S(=O)(=O)c2ccc(Oc3ccncc3)cc2)[C@H]1C(=O)NO,0.0005090869
C[C@H](NCc1ccc(OCc2ccccc2F)cc1)C(N)=O,0.1278204
CC(C)N[C@H](C)Cc1ccc(O)cn1,0.0016948363
Cc1nc(N(C)C(=O)Cc2ccc(-c3ccccn3)cc2)sc1S(N)(=O)=O,0.37269315
CCOc1ccccc1-n1c(CN2CCNCC2)nc2ccccc2c1=O,0.85903805
CC(C)(/C=C(\C#N)C(=O)N1CCC[C@@H](n2nc(-c3ccc(Oc4ccccc4)cc3F)c3c(N)ncnc32)C1)N1CCN(C2COC2)CC1,0.042607874
C=CC(=O)N1CCN(CCCn2c(=O)c(-c3c(Cl)c(OC)cc(OC)c3Cl)cc3cnc(NC)nc32)CC1,0.6849079
COCc1c[n+]([O-])c(C)cn1,0.0035761506
CCCC(C(=O)OCCN(CC)CC)(c1ccccc1)c1ccccc1,0.027159685
CCCN(CCC)S(=O)(=O)c1ccc(C(=O)O)cc1,0.007120853
CC(C)(Sc1cc(C(C)(C)C)c(O)c(C(C)(C)C)c1)Sc1cc(C(C)(C)C)c(O)c(C(C)(C)C)c1,0.63847077
CCN(CC)CCNC(=O)c1ccc(N)cc1,0.028774956
CCN(CC)CCOC(=O)c1ccc(N)cc1,0.030952957
CNNCc1ccc(C(=O)NC(C)C)cc1,0.0020001773
CC[C@H](NC(C)C)[C@H](O)c1ccc(O)c2[nH]c(=O)ccc12,0.00031319124
CN1CCN(CCCN2c3ccccc3Sc3ccc(Cl)cc32)CC1,0.05570923
O=C(O)CCc1nc2ccccc2[nH]1,0.0030123433
Oc1cc(O)c2c(c1)O[C@H](c1ccc(O)c(O)c1)[C@H](O)[C@H]2c1c(O)cc(O)c2c1O[C@H](c1ccc(O)c(O)c1)[C@@H](O)C2,0.00010758577
O=C1N[C@H](C(=O)O)CS1,0.0002251313
CCN(CC)[C@@H](C)CN1c2ccccc2Sc2ccccc21,0.0016238241
Nc1ccc2cc3ccc(N)cc3nc2c1,0.16625705
CC(=O)[C@H]1CC[C@H]2[C@@H]3CCC4=CC(=O)CC[C@]4(C)[C@H]3CC[C@]12C,7.67465e-05
CCCN(CCC)C(=O)[C@@H](CCC(=O)OCCCN1CCN(CCOC(=O)Cc2c(C)n(C(=O)c3ccc(Cl)cc3)c3ccc(OC)cc23)CC1)NC(=O)c1ccccc1,0.2261035
CCCN(CCC)C(=O)[C@@H](CCC(=O)O)NC(=O)c1ccccc1,0.20656846
CC(C)NC(=N)N=C(N)Nc1ccc(Cl)cc1,0.0061873314
CC(C)C[C@@H](NC(=O)[C@H]1CCCN1)C(=O)NCC(N)=O,0.00020685494
CN(C)CCCN1c2ccccc2Sc2ccccc21,0.0007052513
CCCOc1ccc2c(c1)CC[C@@H]1[C@@H]2CC[C@]2(C)[C@@H](OC)CC[C@@H]12,0.010831544
CC(CN1c2ccccc2Sc2ccccc21)N(C)C,0.0006488647
CC(C)NC[C@@H](O)c1ccc2ccccc2c1,0.0057297577
CCN(CC)CC(=O)Oc1ccc(NC(C)=O)cc1,0.00071293977
CCCNC[C@@H](O)COc1ccccc1C(=O)CCc1ccccc1,0.0013123638
O=C(O)C[CH2][Ge](=[O])[O][Ge](=[O])[CH2]CC(=O)O,0.00012884963
CC(C)[N+](C)(CCOC(=O)C1c2ccccc2Oc2ccccc21)C(C)C,0.75095356
CCC(CO[N+](=O)[O-])(CO[N+](=O)[O-])CO[N+](=O)[O-],0.000571019
CCCn1cnc2c1c(=O)n(CCCCC(C)=O)c(=O)n2C,0.03456218
CC[N+](C)(CC)CCC[n+]1c(-c2ccccc2)c2cc(N)ccc2c2ccc(N)cc21,0.13330138
O=C1CCO1,0.00030059286
CCCOC(C(=O)OC1CCN(C)CC1)(c1ccccc1)c1ccccc1,0.23579201
CC(C)c1cccc(C(C)C)c1O,0.00027702574
CNC(=O)Oc1ccccc1OC(C)C,0.006024701
CCCOc1cc(N)ccc1C(=O)OCCN(CC)CC,0.021269014
CC(C)NCC(O)COc1cccc2ccccc12,0.06695775
CC(C)NC[C@@H](O)COc1cccc2ccccc12,0.039243914
CC(C)NC[C@H](O)COc1cccc2ccccc12,0.01840583
CCCOC(=O)c1ccccc1,0.00017376701
C[C@@H](O)CO,0.00035000488
CN[C@@H](C)CC1CCCCC1,0.03552726
CCCOC(=O)c1ccc(O)cc1,0.0002229869
CCCc1cc(=O)[nH]c(=S)[nH]1,0.0019681267
Cc1c(C(C)C)c(=O)n(-c2ccccc2)n1C,0.22488742
Cc1ccc2c(-c3ccccc3)nc(=O)n(C(C)C)c2c1,0.026177898
C[C@@H]1O[C@@H](O[C@@H]2C=C3CC[C@@H]4[C@H](CC[C@]5(C)[C@@H](c6ccc(=O)oc6)CC[C@]45O)[C@@]3(C)CC2)[C@H](O)[C@H](O)[C@H]1O,0.03495777
CCCc1cc(C(N)=S)ccn1,0.5683504
NC(=O)[C@@H]1CCCN1C(=O)[C@H](Cc1c[nH]cn1)NC(=O)[C@@H]1CCC(=O)N1,0.020977173
C=CC1=C(C)c2cc3[nH]c(cc4[nH]c(cc5nc(cc1n2)C(C)=C5C=C)c(C)c4CCC(=O)O)c(CCC(=O)O)c3C,0.13107187
CNCCCC1c2ccccc2C=Cc2ccccc21,0.003172431
Cc1noc(COc2ccccc2OC[C@@H](O)CNC(C)(C)C)n1,0.8805563
c1ccc(COCCCc2cnc[nH]2)cc1,0.01609295
CCCOc1ccc(C(=O)OCCN(CC)CC)cc1N,0.03881504
C[C@@H](O)Cn1cnc2c1c(=O)n(C)c(=O)n2C,0.5840411
CCS(=O)(=O)N1CCN(c2ccc(Nc3ncc(C(N)=O)c(NC4CC4)n3)cc2)CC1,0.042895332
NC(=O)c1cnc(N[C@@H]2CCCC[C@@H]2N)nc1Nc1cccc(-n2nccn2)c1,0.67806506
O=C1C(=Cc2cccnc2)C(=O)c2ccccc21,0.00012336152
COCCCN1CCC(NC(=O)c2cc(Cl)c(N)c3c2OCC3)CC1,0.3367702
Cc1oc(=O)oc1CN1CCN(c2cc3c(cc2F)c(=O)c(C(=O)O)c2n3[C@@H](C)S2)CC1,0.9507177
N#Cc1c[nH]c2c(C(=O)N3CCN(CCc4ccc(F)cc4)CC3)cccc12,0.10788908
COc1cc(Cl)cc([C@H](C)Nc2cc(N3CCNCC3)ccc2S(C)(=O)=O)c1OC,0.81711733
N#Cc1cc(CN2CCC(Nc3ncnc4sc(Cl)cc34)CC2)ccc1F,0.51585263
Nc1c(S(=O)(=O)O)cc(Nc2cccc3ccccc23)c2c1C(=O)c1ccccc1C2=O,0.98565096
CC[C@@H]1CN2C(=O)N(C)c3[nH]c(-c4ccccc4)nc3C2=N1,0.03410627
CCCn1c(=O)[nH]c2nc(-c3ccc(S(=O)(=O)O)cc3)[nH]c2c1=O,0.56679875
CCCn1c(=O)[nH]c2nc(-c3ccc(S(=O)(=O)N4CCN(c5ccc(Cl)cc5)CC4)cc3)[nH]c2c1=O,0.26057795
C[C@@]1(F)[C@H](O)[C@@H](CO)O[C@H]1n1ccc(N)nc1=O,0.35430443
O=C(O)c1c(O)c(Cc2ccc(Cl)cc2)nc2c3c(ccc12)CCCC3,0.7645652
CC(C)OC(=O)[C@H](C)N[P@@](=O)(OC[C@H]1O[C@@H](n2ccc(=O)[nH]c2=O)[C@](C)(F)[C@@H]1O)Oc1ccccc1,0.9060927
CCCCC1CCC(c2nc(-c3ccncc3)no2)CC1,0.38407433
O=C(Nc1ccc(Cl)cc1)Nc1cccc(-c2cccc(N3CCCC3)n2)c1,0.27672568
O=c1ccc2cc3ccoc3cc2o1,4.7995745e-05
Cc1c(N2C(=O)[C@@H]3[C@H](O)CCN3C2=O)ccc(C#N)c1Cl,0.10413785
CS(=O)(=O)c1ccc(Oc2cc(F)cc(C#N)c2)c2c1[C@H](O)C(F)(F)C2,0.9579828
Cc1nc2cc(F)c(F)cc2n1-c1cncc(Nc2ccc(C(F)(F)F)cc2)n1,0.25837272
COc1cc(Br)c(Nc2nc(-c3c(C)nc4ncccn34)cs2)c(Br)c1,0.46151605
COc1cc(/C=C/c2ccc(O)cc2)cc(OC)c1,2.8604281e-05
CC(C)NCCCn1c(Sc2cc3c(cc2I)OCO3)nc2c(N)ncnc21,0.016279591
O=c1c(-c2ccc(O)cc2)coc2c([C@@H]3O[C@H](CO)[C@@H](O)[C@H](O)[C@H]3O)c(O)ccc12,0.07839006
O=C(N[C@H]1CN2CCC1CC2)c1c[nH]c2ccsc2c1=O,0.16701512
c1ccc2c(Oc3nc(Nc4ccc(N5CCOCC5)cc4)c4ncn(C5CCCCC5)c4n3)cccc2c1,0.0661402
COc1ccc(C[C@H](N)C(=O)N[C@H]2[C@@H](O)[C@H](n3cnc4c(N(C)C)ncnc43)O[C@@H]2CO)cc1,0.1492523
CC(C)[C@H](CO)Nc1nc(Nc2cccc(Cl)c2)c2ncn(C(C)C)c2n1,0.10658965
CC(C)[C@H](CO)Nc1nc(Nc2ccc(C(=O)O)c(Cl)c2)c2ncn(C(C)C)c2n1,0.61242443
NCCCCN,1.962885e-05
CC[C@@H](C)SSc1ncc[nH]1,0.0001703197
C[C@H]1CC[C@@]2(OC1)O[C@H]1C[C@H]3[C@@H]4CC[C@@H]5C[C@@H](O)CC[C@]5(C)[C@H]4CC[C@]3(C)[C@H]1[C@@H]2C,6.853989e-05
CCOC(=O)c1ccc(N2NC(=O)/C(=C/c3ccc([N+](=O)[O-])o3)C2=O)cc1,0.74005914
O=C(O)c1cc2ccccc2c(Cc2c(O)c(C(=O)O)cc3ccccc23)c1O,0.80950075
CN1CCCN=C1/C=C/c1cccs1,0.04371028
NC(=O)c1cnccn1,0.0025439141
N=C(N)NC(=O)c1cnccn1,0.03064204
O=C1c2ccccc2-c2[nH]nc3cccc1c23,0.0021019462
COc1ccc2nc3c([N+](=O)[O-])ccc4c3c(c2c1)NN4CCCN(C)C,0.04185284
C=C/C=C\CC1=C(C)[C@@H](OC(=O)[C@@H]2[C@@H](C=C(C)C)C2(C)C)CC1=O,4.3627024e-05
Cc1ncc(CO)c(C=O)c1O,0.0006304402
Cc1ncc(CO)c(/C=N/NC(=O)c2ccncc2)c1O,0.3377357
Cc1ncc(CO)c(CN)c1O,0.002104898
Cc1ncc(CO)c(CO)c1O,0.0002945061
CCc1nc(N)nc(N)c1-c1ccc(Cl)cc1,0.14378995
O=S(=O)(NCC1CC1)c1ccc(Nc2nccc(N3CCCc4cc(O)ccc43)n2)cc1,0.97491395
c1cc[n+]2c(c1)[S][Zn]1([O]2)[O][n+]2ccccc2[S]1,0.9999999
CCC1(CC)C(=O)C=CNC1=O,0.05100173
Cc1ncc(CSSCc2cnc(C)c(O)c2CO)c(CO)c1O,0.011541334
COc1ccc2nc3cc(Cl)ccc3c(Nc3cc(CN4CCCC4)c(O)c(CN4CCCC4)c3)c2n1,0.97981435
CCOc1cc2ncc(C#N)c(Nc3ccc(OCc4ccccn4)c(Cl)c3)c2cc1NC(=O)/C=C/[C@H]1CCCN1C,0.8597752
O=C(CCCCCCC(=O)Nc1cccnc1)NO,0.004119138
S=C(S)N1CCCC1,0.53411734
Cc1cc(/C=C/c2ccc3cc(N(C)C)ccc3[n+]2C)c(C)n1-c1ccccc1,0.8494602
CC(C)c1ccc(CC(=O)N2CCN(c3ccc(C#N)nn3)CC2)cc1,0.0024682132
CC(=O)c1cc([N+](=O)[O-])c(Sc2ccc(F)cc2F)s1,0.006366035
CN1CC[C@@H](c2c(O)cc(O)c3c(=O)cc(-c4ccccc4Cl)oc23)[C@@H]1CO,0.027622906
CC(=O)c1cc([N+](=O)[O-])c(Sc2cccc(Cl)c2Cl)s1,0.0022801873
O[C@@H](CNc1ccccc1)Cn1c2ccc(Br)cc2c2cc(Br)ccc21,0.01848215
CCc1nc2ccc(Cl)cn2c1C(=O)NCc1ccc(N2CCC(c3ccc(OC(F)(F)F)cc3)CC2)cc1,0.9994992
CC1C(=O)N=C2Nc3cccc(Cl)c3CN21,0.00016349713
O=c1c(O)c(-c2ccc(O)c(O)c2)oc2cc(O)cc(O)c12,0.0007116134
OCCOCCN1CCN(C2=Nc3ccccc3Sc3ccccc32)CC1,0.05088445
CC(C)(C)Sc1c(CC(C)(C)C(=O)O)n(Cc2ccc(Cl)cc2)c2ccc(OCc3ccc4ccccc4n3)cc12,0.050950002
CCCN1C[C@@H](NS(=O)(=O)N(CC)CC)C[C@@H]2Cc3c(O)cccc3C[C@H]21,0.63142276
CCOC(=O)[C@H](CCc1ccccc1)N[C@@H](C)C(=O)N1Cc2ccccc2C[C@H]1C(=O)O,0.42609695
C[C@H](N[C@@H](CCc1ccccc1)C(=O)O)C(=O)N1Cc2ccccc2C[C@H]1C(=O)O,0.10369568
CCCN1CCC[C@@H]2Cc3nc(N)ncc3C[C@H]21,0.010160623
C#C[C@]1(O)CC[C@H]2[C@@H]3CCc4cc(OC5CCCC5)ccc4[C@H]3CC[C@@]21C,0.13196093
CC[C@H]1NC(=O)c2cc(S(N)(=O)=O)c(Cl)cc2N1,0.14441442
C=C[C@H]1C[N@@]2CC[C@H]1C[C@@H]2[C@@H](O)c1ccnc2ccc(OC)cc12,0.0013127751
C=C[C@H]1C[N@@]2CC[C@H]1C[C@H]2[C@H](O)c1ccnc2ccc(OC)cc12,0.0027130004
C=C[C@H]1C[N@@]2CC[C@H]1C[C@@H]2[C@@H](OC(=O)OCC)c1ccnc2ccc(OC)cc12,0.14010696
O=C(O)c1cccnc1C(=O)O,0.046532184
CCCN1CCC[C@@H]2Cc3[nH]ncc3C[C@H]21,0.003951389
c1ccc2nc(N3CCNCC3)ccc2c1,0.002807805
CC(C)(C)c1cc(NC(=O)Nc2ccc(-c3cn4c(n3)sc3cc(OCCN5CCOCC5)ccc34)cc2)no1,0.32766348
Cc1cccc(C)c1NC(=O)C[N+](C)(C)C,9.7583645e-05
CC[N+](CC)(CC)CC(=O)Nc1c(C)cccc1C,1.0334833e-06
CCCN(CCC)c1cc(C)nc2c(-c3cnc(N(C)C)cc3C)c(C)nn12,0.96971434
[N-]=[N+]=N[C@]1(CO)O[C@@H](n2ccc(N)nc2=O)[C@H](O)[C@@H]1O,0.011849931
O=S(=O)(c1ccccc1F)N1CCOc2c(N3CCNCC3)cccc21,0.1942583
Cn1c(=O)c(Oc2ccc(F)cc2F)cc2cnc(NC3CCOCC3)nc21,0.26603818
Cc1cccc(-c2n[nH]cc2-c2ccc(F)c(-c3cnn(CCO)c3)c2)n1,0.029956825
Nc1nc(Nc2ccc3c(c2)CC[C@@H](N2CCCC2)CC3)nn1-c1cc2c(nn1)-c1ccccc1CCC2,0.6218949
Cc1nc2sccn2c(=O)c1CCN1CCC(=C(c2ccccc2)c2ccc(F)cc2)CC1,0.47606283
COc1cccc(CCc2ccccc2OCC[C@@H]2C[C@@H](O)CN2C)c1,0.043232538
COCCCOc1ccnc(C[S@@](=O)c2nc3ccccc3[nH]2)c1C,0.7623935
CC(C)(C)c1cc(C(C)(C)C)c2c(c1)[C@](O)(C(F)(F)F)C(=O)O2,0.19272567
CC(=O)SC[C@@H](Cc1ccccc1)C(=O)NCC(=O)OCc1ccccc1,0.0027668248
CCN1CCC[C@H]1CNC(=O)c1c(O)c(Cl)cc(Cl)c1OC,0.035767026
C[C@@H](CCc1ccc(O)cc1)NC[C@@H](O)c1ccc(O)cc1,0.001953361
C[C@@H]1NC(C)(C)CO[C@@]1(O)c1cccc(Cl)c1,0.0033582745
CC(=O)NC[C@H]1CN(c2ccc(-c3ccc(CNCc4cn[nH]n4)cc3)c(F)c2)C(=O)O1,0.7345494
O=C(Nc1ccc2[nH]c(=O)oc2c1)C(=O)N1CCC(Cc2ccc(F)cc2)CC1,0.021370279
Cc1cn(-c2cc(NC(=O)c3ccc(C)c(Nc4nccc(-c5cnccn5)n4)c3)cc(C(F)(F)F)c2)cn1,0.2534484
Cc1c(N[C@@H](c2nnc(-c3ccc(C#N)cc3)o2)[C@H](C)O)ccc(C#N)c1Cl,0.2910072
Cn1c(Nc2ccc(C(F)(F)F)cc2)nc2cc(Oc3ccnc(-c4ncc(C(F)(F)F)[nH]4)c3)ccc21,0.7071288
Cc1ncc(NC(=O)c2cccc(C(F)(F)F)c2)cc1-c1cnc(OC2CCOCC2)c(N2CCOCC2)c1,0.25570223
O=C(O)COC[C@H]1CC[C@H](COC(=O)N(c2ccccc2)c2ccc(Cl)cc2)CC1,0.0053024758
O=C(c1ccc(OCCN2CCCCC2)cc1)c1c(-c2ccc(O)cc2)sc2cc(O)ccc12,0.02500443
Cc1nnc(C(=O)NC(C)(C)c2nc(C(=O)NCc3ccc(F)cc3)c(O)c(=O)n2C)o1,0.9092529
Cc1nc(=O)c2cc(CN(C)c3ccc(C(=O)N[C@@H](CCC(=O)O)C(=O)O)s3)ccc2[nH]1,0.8919505
O=C(O)CCn1c2c(c3ccccc31)C[C@H](NS(=O)(=O)c1ccc(F)cc1)CC2,0.88947344
CCC(=O)NCC[C@@H]1CCc2ccc3c(c21)CCO3,0.0023194146
Cc1c(NC(C)C)c(=O)n(-c2ccccc2)n1C,0.00568718
CCOC(=O)[C@H](CCc1ccccc1)N[C@@H](C)C(=O)N1[C@H](C(=O)O)C[C@@H]2CCC[C@@H]21,0.97432005
Cn1cc(C(=O)[C@@H]2CCc3nc[nH]c3C2)c2ccccc21,0.022402696
O=C1C[C@@]2(C(=O)N1)C(=O)N(Cc1ccc(Br)cc1F)C(=O)c1cccn12,0.07001797
CN=C(C[N+](=O)[O-])NCCSCc1ccc(CN(C)C)o1,0.0001279484
COc1ccccc1OC[C@@H](O)CN1CCN(CC(=O)Nc2c(C)cccc2C)CC1,0.06421992
C[C@@H](O)[C@H](N)C(=O)N1CCC[C@H]1C(=O)N1CCC[C@H]1C(=O)N[C@H](C(N)=O)[C@@H](C)O,0.11324905
C#CCN[C@@H]1CCc2ccccc21,0.0001633223
COC(=O)[C@H]1[C@H]2C[C@H]3c4[nH]c5ccccc5c4CCN3C[C@H]2CC[C@@H]1O,0.0007069181
Cn1nccc1Nc1nccc(-c2ccn([C@H](CO)c3ccc(Cl)c(F)c3)c(=O)c2)n1,0.52511656
C[C@@H](c1nc(-c2ccc(C#N)cc2)cs1)[C@](O)(Cn1cncn1)c1ccc(F)cc1F,0.7296844
COc1ccc(OC)c([C@H]2c3c(-c4ccc5ccccc5c4)n[nH]c3OC(=N)C2C#N)c1,0.20447324
O=C(N[C@H](Cc1cc(=O)[nH]c2ccccc12)C(=O)O)c1ccc(Cl)cc1,0.56609666
CNC(=O)c1cc(Oc2ccc(NC(=O)Nc3cc(C(C)(C)C)nn3-c3ccc4ncccc4c3)c(F)c2)ccn1,0.70617145
CCOc1ccccc1O[C@H](c1ccccc1)[C@H]1CNCCO1,0.046532374
COc1cc2nc(N3CCN(C(=O)COc4c(OC)cccc4C(C)C)CC3)nc(N)c2cc1OC,0.70050627
COc1cc(F)c(F)c(Nc2ccc(I)cc2F)c1NS(=O)(=O)C1(C[C@H](O)CO)CC1,0.7231914
CNC(=O)c1cnn(-c2nc(N)c3ncn([C@@H]4O[C@H](CO)[C@@H](O)[C@H]4O)c3n2)c1,0.889976
CNC(=O)c1cc(Oc2ccc(NC(=O)Nc3ccc(Cl)c(C(F)(F)F)c3)c(F)c2)ccn1,0.49556714
COc1ccc(S(=O)(=O)N2c3ccc(Cl)cc3[C@](O)(c3ccccc3Cl)[C@@H]2C(=O)N2CCC[C@H]2C(N)=O)cc1OC,0.6240466
O=C(NC1CCNCC1)[C@@H]1CC[C@@H]2CN1C(=O)N2OS(=O)(=O)O,0.9998895
CONC(=O)Nc1ccc(-c2sc3c(c2CN(C)C)c(=O)n(-c2ccc(OC)nn2)c(=O)n3Cc2c(F)cccc2F)cc1,0.9522268
C[C@@](Cc1ccccc1)(NC(=O)CN)c1ccccc1,0.01380449
COC(=O)c1ccc(OC(=O)CCCCCCC(=O)NO)cc1,0.0005052456
COC(=O)CC[C@@H]1N=C(c2ccccn2)c2cc(Br)ccc2-n2c(C)cnc21,0.16930121
N#Cc1ccc(-c2csc(NN=C3CCCC3)n2)cc1,0.0001826466
CCN1CCC[C@H]1CNC(=O)c1c(OC)ccc(Br)c1OC,0.00057494367
CCOc1cc(CC(=O)N[C@@H](CC(C)C)c2ccccc2N2CCCCC2)ccc1C(=O)O,0.9445767
CC(C)Cc1ccc([C@@H](C)C(=O)NS(C)(=O)=O)cc1,0.121288255
C[C@H]1CNC(=O)c2cnn3ccc(nc23)N[C@H](C)c2cc(F)ccc2O1,0.97819763
Cc1cccc(-c2n[nH]cc2-c2ccc3ncccc3n2)n1,0.013169297
CCOC(=O)C1=CCCC[C@H]1S(=O)(=O)Nc1ccc(F)cc1Cl,0.87479764
COC(=O)[C@H]1[C@H]2C[C@@H]3c4[nH]c5cc(OC)ccc5c4CCN3C[C@H]2C[C@@H](OC(=O)c2cc(OC)c(OC)c(OC)c2)[C@@H]1OC,0.998733
C[C@]12CC[C@H](O)C[C@H]1CC[C@@H]1[C@@H]2CC[C@]2(C)[C@@H](c3ccc(=O)oc3)C[C@H]3O[C@]132,0.001242331
CCOCc1nc2c(N)nc3ccccc3c2n1CC(C)(C)O,0.85675377
CC(C)c1cc(Oc2c(Cl)cc(-n3nc(C#N)c(=O)[nH]c3=O)cc2Cl)nnc1O,0.009705373
CN(C)Cc1ccc(S(=O)(=O)n2ccc(/C=C/C(=O)NO)c2)cc1,0.030100023
Oc1cccc(O)c1,0.0006009495
CC(=O)Oc1cccc(O)c1,0.00015441062
Oc1ccc(/C=C/c2cc(O)cc(O)c2)cc1,0.0007774612
COC(=O)c1nc(C(F)(F)F)n2c1CN(C(=O)C[C@H](N)Cc1cc(F)c(F)cc1F)CC2,0.18159801
C=C[C@]1(C)C[C@@H](OC(=O)CS[C@@H]2C[C@H]3CC[C@@H](C2)N3C)[C@]2(C)[C@H](C)CC[C@]3(CCC(=O)[C@H]32)[C@@H](C)[C@@H]1O,0.9963755
C=CCNc1c(O)cc2c(O)c1C[C@@H](C)C[C@H](OC)[C@H](O)[C@@H](C)/C=C(\C)[C@H](OC(N)=O)[C@@H](OC)/C=C\C=C(/C)C(=O)N2,0.97110164
CC1=C(/C=C/C(C)=C/C=C/C(C)=C/C=O)C(C)(C)CCC1,0.0019809327
CC1=C(/C=C/C(C)=C/C=C/C(C)=C/CO)C(C)(C)CCC1,0.0064526713
CC(=O)OC/C=C(C)/C=C/C=C(C)/C=C/C1=C(C)CCCC1(C)C,0.013330822
CCCCCCCCCCCCCCCC(=O)OC/C=C(C)/C=C/C=C(C)/C=C/C1=C(C)CCCC1(C)C,0.27248168
CCCCC[C@@H](O)c1cccc(OCc2ccc3ccccc3n2)c1,0.010939711
Cc1nc(Nc2ccc(F)cc2)nc(N2CCc3ccccc3[C@H]2C)c1C,0.031593636
CN(CCN1CCC(OC(=O)Nc2ccccc2-c2ccccc2)CC1)C(=O)c1ccc(CN2CCC(C(N)=O)CC2)cc1,0.576073
O=C(NCCCN1CCOCC1)c1cnn2c(-c3ccccc3)cc(-c3ccccc3)nc12,0.95321906
c1nc2nc(Nc3ccc(N4CCOCC4)cc3)nc(NC3CCCCC3)c2[nH]1,0.15469511
O=c1c(O[C@@H]2OC[C@@H](O)[C@H](O)[C@H]2O)c(-c2ccc(O)c(O)c2)oc2cc(O)cc(O)c12,0.00093484233
COCCN1CCN(Cc2ccc(-c3n[nH]c4c3C(=O)c3c(NC(=O)NN5CCOCC5)cccc3-4)cc2)CC1,0.07493167
Nc1cc(F)ccc1NC(=O)/C=C/c1cnn(C/C=C/c2ccccc2)c1,0.083827004
C[C@H](CCOc1cccc(CC(=O)O)c1)N(Cc1cccc(C(F)(F)F)c1Cl)CC(c1ccccc1)c1ccccc1,0.24978596
O=C(O)[C@H](Cc1c[nH]c2ccccc12)N1C(=O)c2ccccc2C1=O,0.00042451333
COc1cc2c(cc1F)C(c1ccccc1Cl)=NC1C(C)=NNC1=N2,0.46495894
Cc1ccc(C(=O)NCCCCCC(=O)Nc2ccccc2N)cc1,0.44525152
CC(C)(C(=O)NCC(F)(F)C(F)(F)F)C(=O)N[C@@H]1C(=O)Nc2ccccc2-c2ccccc21,0.5157832
CCOc1cc(C(C)(C)C)ccc1C1=N[C@@](C)(c2ccc(Cl)cc2)[C@@](C)(c2ccc(Cl)cc2)N1C(=O)N1CCN(CCCS(C)(=O)=O)CC1,0.9886037
CCc1nc(C)cn2nc(-c3cc(=O)n4cc(C5CCN(C)CC5)cc(C)c4n3)cc12,0.516692
COCCCOc1cc2c(cc1OC)-c1cc(=O)c(C(=O)O)cn1[C@H](C(C)C)C2,0.93920773
O=C(NCCCCCCNC(=O)ON=C1CCCCC1)ON=C1CCCCC1,0.9857766
O=C(O)c1cc(O)c2c(c1)C(=O)c1cccc(O)c1C2=O,0.18433712
COc1cc(O)c2c(c1)C(=O)c1cc(C)cc(O)c1C2=O,0.02092505
COC(=O)c1ccccc1-c1c2ccc(N)cc2[o+]c2cc(N)ccc12,0.036038984
O=C1C(Cl)=C(N2CCOCC2)C(=O)N1c1ccc(Cl)c(Cl)c1,0.0557268
NC(=O)c1ncn([C@@H]2O[C@H](CO)[C@@H](O)[C@H]2O)n1,0.006472131
OC[C@@H](O)[C@@H](O)[C@@H](O)CO,0.0003392754
CN(C)C(=O)c1cc2cnc(Nc3ccc(N4CCNCC4)cn3)nc2n1C1CCCC1,0.007817423
Cc1cc2nc3c(=O)[nH]c(=O)nc-3n(C[C@H](O)[C@H](O)[C@H](O)CO)c2cc1C,0.7794629
CCCC(=O)OC[C@@H](OC(=O)CCC)[C@@H](OC(=O)CCC)[C@H](Cn1c2nc(=O)[nH]c(=O)c-2nc2cc(C)c(C)cc21)OC(=O)CCC,0.91222
Cc1cc2nc3c(=O)[nH]c(=O)nc-3n(C[C@H](O)[C@H](O)[C@H](O)COP(=O)(O)O)c2cc1C,0.5036033
NC[C@H]1O[C@H](O[C@H]2[C@H](O[C@@H]3O[C@H](CO)[C@@H](O)[C@H]3O)[C@@H](O)[C@H](N)C[C@@H]2N)[C@H](N)[C@@H](O)[C@@H]1O,0.014786623
NC[C@H]1O[C@H](O[C@H]2[C@@H](O[C@@H]3O[C@H](CO)[C@@H](O)[C@H]3O)[C@@H](O)[C@H](N)C[C@@H]2N)[C@H](N)[C@@H](O)[C@@H]1O,0.026107267
CCCCCC[C@@H](O)C/C=C\CCCCCCCC(=O)O,0.0009047476
c1cc(-c2nc3ccc(-c4ccc5nc(-c6ccncc6)[nH]c5c4)cc3[nH]2)ccn1,0.88640946
CO[C@H]1/C=C/O[C@@]2(C)Oc3c(C)c(O)c4c(c3C2=O)C2=NC3(CCN(CC(C)C)CC3)NC2=C(NC(=O)/C(C)=C\C=C\[C@H](C)[C@H](O)[C@@H](C)[C@@H](O)[C@@H](C)[C@H](OC(C)=O)[C@@H]1C)C4=O,0.99996924
CO[C@H]1/C=C/O[C@@]2(C)Oc3c(C)c(O)c4c(O)c(c(/C=N/N5CCN(C)CC5)c(O)c4c3C2=O)NC(=O)/C(C)=C\C=C\[C@H](C)[C@H](O)[C@@H](C)[C@@H](O)[C@@H](C)[C@H](OC(C)=O)[C@@H]1C,0.956865
CO[C@H]1/C=C/O[C@@]2(C)Oc3c(C)c(O)c4c(O)c(cc(O)c4c3C2=O)NC(=O)/C(C)=C\C=C\[C@H](C)[C@H](O)[C@@H](C)[C@@H](O)[C@@H](C)[C@H](OC(C)=O)[C@@H]1C,0.99779034
CO[C@H]1/C=C/O[C@@]2(C)Oc3c(C)c(O)c4c(O)c(c(/C=N/N5CCN(C6CCCC6)CC5)c(O)c4c3C2=O)NC(=O)/C(C)=C\C=C\[C@H](C)[C@H](O)[C@@H](C)[C@@H](O)[C@@H](C)[C@H](OC(C)=O)[C@@H]1C,0.9936039
CO[C@H]1/C=C/O[C@@]2(C)Oc3c(C)c(O)c4c(O)c(c5c(nc6cc(C)ccn65)c4c3C2=O)NC(=O)/C(C)=C\C=C\[C@H](C)[C@H](O)[C@@H](C)[C@@H](O)[C@@H](C)[C@H](OC(C)=O)[C@@H]1C,0.9983596
COc1cc(OC)c(/C=C/S(=O)(=O)Cc2ccc(OC)c(NCC(=O)O)c2)c(OC)c1,0.10537195
COCCN1CCC(N(Cc2ccc(-c3ccc(C(F)(F)F)cc3)cc2)C(=O)Cn2c(SCc3cccc(F)c3F)cc(=O)c3ccccc32)CC1,0.8526348
C1COC(NC(C2CC2)C2CC2)=N1,0.004239916
Cc1cc(/C=C/C#N)cc(C)c1Nc1ccnc(Nc2ccc(C#N)cc2)n1,0.08239166
Nc1nc2ccc(OC(F)(F)F)cc2s1,0.11212031
C[C@@H](N)C12CC3CC(CC(C3)C1)C2,0.6010665
C[C@@H]1CN(CCCn2c3ccccc3c3ccccc32)C[C@H](C)N1,0.24718131
N[C@@H]1c2cccnc2[C@H](OC(=O)N2CCC(n3c(=O)[nH]c4ncccc43)CC2)CC[C@H]1c1cccc(F)c1F,0.032575954
Cc1cc(S(C)(=O)=O)c(S(C)(=O)=O)cc1C(=O)NC(=N)N,0.92394376
CCC(=O)[C@@]1(C)[C@H](C)C[C@H]2[C@@H]3CCC4=CC(=O)C=C[C@]4(C)[C@H]3[C@@H](O)C[C@@]21C,0.029100752
Cc1c(C(=O)NN2CCCCC2)nn(-c2ccc(Cl)cc2Cl)c1-c1ccc(Cl)cc1,0.015709031
COC(=O)N(C)c1c(N)nc(-c2nn(Cc3ccccc3F)c3ncccc23)nc1N,0.47522214
COC(=O)C1=C(C)NC(C)=C(C(=O)OC)C1c1ccccc1OC(F)F,0.99925405
Oc1c(I)cc(I)c(O)c1I,0.05140253
C[C@H]1CNCCCN1S(=O)(=O)c1cccc2cncc(F)c12,0.84401274
CCn1nc(C)c2c1C(c1ccccc1)=NCC(=O)N2,0.060241662
CCn1c(=O)c(-c2cc(NC(=O)Nc3ccccc3)c(F)cc2Br)cc2cnc(NC)cc21,0.56266
Cc1cn2nc(-c3cc(=O)n4cc(N5CCNC6(CC6)C5)ccc4n3)cc(C)c2n1,0.05413659
O=P(O)(O)C(O)(Cc1cccnc1)P(=O)(O)O,0.00043382955
Cc1ccc(COC(=O)N2CC[C@H](CNc3ncccn3)[C@H](F)C2)cc1,0.74069774
Cc1nc2n(c(=O)c1CCN1CCC(c3noc4cc(F)ccc34)CC1)CCCC2,0.051264
OCc1ccc(-c2ccc(-c3ccc(CO)s3)o2)s1,0.05378143
Cc1nc2sccn2c(=O)c1CCN1CCC(=C(c2ccc(F)cc2)c2ccc(F)cc2)CC1,0.53970015
C[C@@H](NCCc1ccc(O)cc1)[C@@H](O)c1ccc(O)cc1,0.0003364219
CC(C)c1nc(CN(C)C(=O)N[C@H](C(=O)N[C@@H](Cc2ccccc2)C[C@H](O)[C@H](Cc2ccccc2)NC(=O)OCc2cncs2)C(C)C)cs1,0.9883913
CNCC/C=C/c1cccnc1,0.0006321239
O=C(NC[C@H]1CN(c2ccc(N3CCOCC3=O)cc2)C(=O)O1)c1ccc(Cl)s1,0.64481425
CCN(C)C(=O)Oc1cccc([C@H](C)N(C)C)c1,0.0003818439
CN(C)CCc1c[nH]c2ccc(Cn3cncn3)cc12,0.0020578504
O=C(NCc1cccc(O)c1)Nc1nc(-c2ccncc2)cs1,0.67497444
O=c1c2ccccc2nc2n1CCCCC2,0.060500737
Cc1nc(N2CCC3(CC2)CO[C@@H](C)[C@H]3N)c(CO)nc1-c1cccc(Cl)c1Cl,0.029856455
CN1CCN(C(=O)CN[C@@H]2C[C@H]2c2ccc(OCc3ccccc3)cc2)CC1,0.6155595
CC(C)NCCN(C(C)C)S(=O)(=O)c1ccc(Cl)cc1Cl,0.94616127
O=[N+]([O-])c1cc(Cl)ccc1S(=O)(=O)N1CCN(Cc2ccccc2)CC1,0.6997721
COc1cc2c(cc1O)[C@H](CCc1ccc(Cl)cc1)N(C)CC2,0.43711326
Cc1cc2nc3c(=O)[nH]c(=O)nc-3n(C)c2cc1C=O,0.18616095
Cc1ncc(CN2CC=C(c3ccccc3)CC2)c(N)n1,0.8233851
O=[S@@](c1ccccc1)c1ccc2nnnn2n1,0.0019093907
CC(C)Oc1ccc(Cc2ccc(NC3=NCCN3)cc2)cc1,0.28489143
CCOC(=O)c1ncn2c1CN(C)C(=O)c1cc(N=[N+]=[N-])ccc1-2,0.030385155
CN1Cc2c(C(=O)OC(C)(C)C)ncn2-c2ccsc2C1=O,0.07367612
CCCCOc1cc(C[C@H]2CNC(=O)N2)ccc1OC,0.001141911
C[C@@H](CN1CCC(Cc2ccccc2)CC1)[C@@H](O)c1ccc(O)cc1,0.07633192
CS(=O)(=O)c1ccc([C@@H](CC2CCCC2)C(=O)Nc2nccs2)cc1,0.8350957
COc1cc(Cc2cnc(N)nc2N)c(C(C)C)cc1OC,0.21052939
O=C1N=C(NCc2cccs2)S/C1=C\c1ccc2ncccc2c1,0.5660205
CCCN(CCC)Cc1nc(-c2ncn3c2CN(C)C(=O)c2cc(F)ccc2-3)no1,0.68651277
C=CCN(C)CCCCCCOc1ccc(C(=O)c2ccc(Br)cc2)c(F)c1,0.44965467
O=C(NOCCO)c1cc(CN2OCCCC2=O)c(F)c(F)c1Nc1ccc(I)cc1F,0.13250569
CN(C)CCn1cc(C(=O)N2CCC3(CC2)OCc2ccccc23)c2ccc(Cl)cc21,0.5664457
CNS(=O)(=O)Nc1nccc(Cc2c(C)c3ccc(Oc4ncccn4)cc3oc2=O)c1F,0.071214944
Cc1c(F)cccc1[C@H]1COC(N)=N1,0.0073855473
C[C@H](N)Cn1ccc2cc(F)c(Cl)cc21,0.10244655
COc1ccc(S(=O)(=O)Nc2nc(-c3cccc([N+](=O)[O-])c3)cs2)cc1OC,0.028962217
Cc1ccc(S(=O)(=O)N2CCC[C@H]2c2ccc(F)cc2)cc1,0.0018247311
Nc1ccc(-c2nc3ccc(-c4nc5ccc(N)cc5[nH]4)cc3[nH]2)cc1,0.10086766
[N-]=[N+]=N[C@]1(CO)O[C@@H](n2ccc(N)nc2=O)[C@@H](O)[C@@H]1O,0.016455097
NC(=O)c1ccc(F)c2c1C[C@@H](N(C1CCC1)C1CCC1)CO2,0.00059174985
COCCNc1cc(NC(=O)N2CCCc3cc(CN4CCN(C)CC4=O)c(C=O)nc32)ncc1C#N,0.5408174
C=CC(=O)Nc1cccc(Nc2nc(Nc3ccc(N4CCN(C(C)=O)CC4)cc3OC)ncc2C(F)(F)F)c1,0.4496888
C=CC[N+]1([C@H]2C[C@H]3[C@@H]4CC[C@H]5C[C@H](O)[C@@H](N6CCOCC6)C[C@]5(C)[C@H]4CC[C@]3(C)[C@H]2OC(C)=O)CCCC1,0.6169762
CS(=O)(=O)c1ccc(C2=C(c3ccccc3)C(=O)OC2)cc1,0.09170688
O=C(Nc1c(Cl)cncc1Cl)c1ccc(OC(F)F)c(OCC2CC2)c1,0.822729
COCc1c(-c2cc3cc(C)cc(OC)c3s2)c2c(N)ncnn2c1CN1CCNC(=O)C1,0.6093865
C[C@@H](OC[C@@]1(c2ccccc2)CC[C@]2(CCC(=O)N2)CN1)c1cc(C(F)(F)F)cc(C(F)(F)F)c1,0.20812269
CN(C)[C@@H]1C(=O)C(C(=O)NCN2CCCC2)=C(O)[C@@]2(O)C(O)=C3C(=O)c4c(O)cccc4[C@@](C)(O)[C@H]3C[C@@H]12,0.8043176
O=C(CN1CCC(CN2Cc3ccccc3C2=O)CC1)c1ccc(F)cc1,0.04883475
O=C1CCC2CCC(=O)N12,0.00024642778
C/C=C1\NC(=O)[C@H]2CSSCC/C=C/[C@H](CC(=O)N[C@H](C(C)C)C(=O)N2)OC(=O)[C@H](C(C)C)NC1=O,0.99071246
Cn1c([N+](=O)[O-])cnc1COC(N)=O,0.06052461
CCCN(CCC)CCc1cccc2c1CC(=O)N2,0.121071994
CCCN1CCCC[C@H]1C(=O)Nc1c(C)cccc1C,0.00050124666
CN(C(=O)c1c(O)c2ccccc2n(C)c1=O)c1ccccc1,0.010778779
CC[C@H]1OC(=O)C[C@@H](O)[C@H](C)[C@@H](O[C@@H]2O[C@H](C)C[C@H](N(C)C)[C@H]2O)[C@@H](CC=O)C[C@@H](C)C(=O)/C=C/[C@]2(C)O[C@H]2[C@@H]1C,0.98589444
CC[C@H](CO)Nc1nc(NCc2ccccc2)c2ncn(C(C)C)c2n1,0.0026017397
O=C(O)c1c(Cl)c(Cl)c(Cl)c(Cl)c1-c1c2cc(I)c(=O)c(I)c-2oc2c(I)c(O)c(I)cc12,0.9670913
O=C1OC2(c3cc(I)c(O)c(I)c3Oc3c2cc(I)c(O)c3I)c2c(Cl)c(Cl)c(Cl)c(Cl)c21,0.9972963
CN(CCOc1ccc(C[C@H]2SC(=O)NC2=O)cc1)c1ccccn1,0.13500823
C=C1CC[C@H]2[C@H](CN)[C@@H]([C@@]3(C)CC[C@H](O)C[C@@H]3CO)CC[C@]12C,0.00020941412
O=C(/C=C/c1ccc(O)c(O)c1)O[C@H](Cc1ccc(O)c(O)c1)C(=O)O,9.2278904e-05
CCn1cc(C(=O)O)c(=O)c2ccc(-c3ccncc3)cc21,0.14526896
C[C@]12CC[C@H](O)C[C@H]1CC[C@@H]1[C@@H]2CC[C@]2(C)[C@@](O)(c3ccoc3)CC[C@]12O,0.00166915
CC(C)c1nc(N(C)S(C)(=O)=O)nc(-c2ccc(F)cc2)c1/C=C/[C@@H](O)C[C@@H](O)CC(=O)O,0.24000399
CCCN(CCc1cccs1)[C@H]1CCc2c(O)cccc2C1,0.0010780806
COc1cc2c(cc1OC)[C@@H]1Cc3ccc(OC)c(OC)c3CN1CC2,0.98403454
CCOC(=O)Cn1nc(C(F)(F)F)cc1-c1ccc(-c2cccc(S(C)(=O)=O)c2)cc1,0.80068064
O=[N+]([O-])c1cc([As](=O)(O)O)ccc1O,0.0049078036
CC(=O)OCC(=O)NCCCOc1cccc(CN2CCCCC2)c1,0.03929848
CC[C@H]1OC(=O)[C@H](C)[C@@H](O[C@H]2C[C@@](C)(OC)[C@@H](O)[C@H](C)O2)[C@H](C)[C@@H](O[C@@H]2O[C@H](C)C[C@H](N(C)C)[C@H]2O)[C@](C)(O)C[C@@H](C)/C(=N\OCOCCOC)[C@H](C)[C@@H](O)[C@]1(C)O,0.98900294
CC(C)Oc1ccc(-c2nc(-c3cccc4c3CC[C@H]4NCCC(=O)O)no2)cc1C#N,0.58916104
COc1ccccc1CC(=N)N1C[C@@H]2C(=O)CCC(c3ccccc3)(c3ccccc3)[C@@H]2C1,0.053352937
O=C(O)c1ccc(S(=O)(=O)N(Cc2ccc(OC(F)(F)F)cc2)c2ncc(C(F)(F)F)cc2Cl)cc1,0.94339514
O=C(CBr)N1CC([N+](=O)[O-])([N+](=O)[O-])C1,4.6983158e-05
C[C@@H](NC(=O)[C@@H]1CSCN1C(=O)c1ccccc1)c1ccccc1,0.0074846894
Cc1c[nH]c(=O)n(CCCN2CCN(c3ccccc3OCC(F)(F)F)CC2)c1=O,0.06692135
COc1cc(OC)c(C(=O)CCCCN2CCC3(CC2)NC(=O)NC3=O)cc1NS(=O)(=O)c1ccc(C(F)(F)F)cc1,0.78083795
O=C1Nc2ccccc2C2(CCN(CCc3ccc(C(F)(F)F)cc3)CC2)O1,0.57025653
CC(C)c1cc(-c2ccc(F)c3ccccc23)nc(N)n1,0.06267527
CC(C)n1cnc2c(C(=O)N[C@H]3C[N@]4CC[C@@H]3CC4)cc(Cl)cc21,0.6705086
CC(C)(Cc1c[nH]c2ccc(Cl)cc12)NCCOc1ccccc1OCC1CC1,0.23352057
COc1cc(N)c(Cl)cc1C(=O)OCCCN1CCCCC1,0.11397149
COc1cc(COc2cc(N)c(Cl)cc2C(=O)CCC2CCN(CCNS(C)(=O)=O)CC2)cc(OC)c1,0.83763677
Clc1cccc2c1CN(C1=NCCN1)C2,0.02463019
Cc1ccc2c(c1)C1(CCN(CCc3nc(-c4ccccc4)oc3C)CC1)OC(=O)N2,0.064510934
Cn1cc(C(=O)C(=O)N[C@H]2C[N@]3CC[C@@H]2CC3)c2ccccc21,0.062316705
CCCCN1CCC(CCC(=O)c2cc(Cl)c(N)cc2OC)CC1,0.22203217
COc1cc(N)c(Cl)cc1C(=O)CCC1CCN(CCNS(C)(=O)=O)CC1,0.68164337
CCS(=O)(=O)N1CCC[C@@H]2CN3CCc4cc(OC)ccc4[C@@H]3C[C@@H]21,0.9745855
O=C(Nc1ccccc1F)N[C@H]1N=C(c2ccccc2)c2ccccc2NC1=O,0.44204107
CC1(C)CC[C@]2(NC(=O)C(C)(F)F)CC[C@]3(C)[C@H](C(=O)C=C4[C@@]5(C)C=C(C#N)C(=O)C(C)(C)[C@@H]5CC[C@]43C)[C@@H]2C1,0.7963164
CC[C@@H](C)CNCC(=O)N1CCc2sccc2[C@@H]1COc1cccc(C)c1,0.0035084144
COc1ccc2[nH]cc(C3=CCNCC3)c2c1,0.007860402
CCC[C@@H]1CC2=CC(=O)CC[C@]2(C)[C@H]2CC[C@@]3(C)[C@@H](CC[C@@]3(O)CCC(=O)O)[C@H]12,0.0054140636
CC(C)N[C@@H]1CCn2c(=O)[nH]c3cccc(c32)[C@H]1O,0.0003023726
CC1(C)C(=O)N(c2ccc(C#N)c(C(F)(F)F)c2)C(=O)N1CCCCO,0.0042163027
CC[C@@]1(O)C(=O)OCc2c1cc1n(c2=O)Cc2cc3c([N+](=O)[O-])cccc3nc2-1,0.8541023
CN(C)C[C@@H]1CCn2cc(c3ccccc32)C2=C(C(=O)NC2=O)c2cn(c3ccccc23)CCO1,0.9981981
CNCc1ccc(-c2[nH]c3cc(F)cc4c3c2CCNC4=O)cc1,4.7895515e-05
CCCCc1ccc(O)cc1O,0.016615814
NC(=O)c1cn(Cc2c(F)cccc2F)nn1,0.17256765
CN1CCN(c2c(F)cc3c(=O)c(C(=O)O)cn4c3c2SCC4)CC1,0.47481823
Cc1cncc(CN2CCC(=C3c4ccc(Cl)cc4CCc4cccnc43)CC2)c1,0.50853056
O=c1c2ccccc2nc2n1CCc1c-2[nH]c2ccccc12,0.023120997
C[C@@H]1O[C@@H](OC[C@H]2O[C@@H](Oc3c(-c4ccc(O)c(O)c4)oc4cc(O)cc(O)c4c3=O)[C@H](O)[C@@H](O)[C@@H]2O)[C@H](O)[C@H](O)[C@H]1O,0.009548705
N#CC[C@H](C1CCCC1)n1cc(-c2ncnc3[nH]ccc23)cn1,0.06718601
N#CC[C@@H](C1CCCC1)n1cc(-c2ncnc3[nH]ccc23)cn1,0.04536928
COCCN(CCOC)C(=O)CCCC#Cc1cccc2nc(Cn3nc(-c4cccc(O)c4)c4c(N)ncnc43)n(Cc3ccccc3Cl)c(=O)c12,0.63787735
C=CCn1c(=O)n([C@@H]2O[C@H](CO)[C@@H](O)[C@H]2O)c2[nH]c(N)nc(=O)c21,0.33273458
Cc1c(C(=O)NCCCO)cnn1-c1nc(-c2cccc(C(F)(F)F)c2)cs1,0.9386124
OCCC#Cc1nc(-c2ccc(F)cc2)c(-c2ccncc2)n1CCCc1ccccc1,0.01978496
Nc1ccn([C@@H]2C(F)=C(CO)[C@@H](O)[C@H]2O)c(=O)n1,0.05290746
CO[C@@]1(C2=NCCN2)COc2ccccc2O1,0.0005159068
Cc1ccc(NC2=CC(=O)c3sc(C)nc3C2=O)cc1,0.0012219906
Oc1cccc(Nc2ncc(F)c(Nc3cccc(O)c3)n2)c1,0.576857
O=C(NO)c1cnc(N2CCN(S(=O)(=O)c3ccc4ccccc4c3)CC2)nc1,0.16070674
COc1cc(Nc2ncc(F)c(Nc3ccc4c(n3)NC(=O)C(C)(C)O4)n2)cc(OC)c1OC,0.63031757
COc1ccc(F)c(F)c1C(=O)c1cnc(NC2CCN(S(C)(=O)=O)CC2)nc1N,0.028149346
CC(C)SC(=N)N,0.015670268
CSC[C@H](N)C(=O)O,0.005220611
N[C@@H](CCC(=O)N[C@@H](CS[N+][O-])C(=O)NCC(=O)O)C(=O)O,0.24324594
N[C@@H](CSS(=O)(=O)O)C(=O)O,0.48239478
N[C@H](CSC(c1ccccc1)(c1ccccc1)c1ccccc1)C(=O)O,0.4641212
Cc1oc2ccccc2c1CNC(=O)NCc1cccs1,0.0295393
CC(C)=CCC[C@](C)(O)[C@H]1CC[C@]2(C)[C@@H]1[C@H](O)C[C@@H]1[C@@]3(C)CC[C@H](O)C(C)(C)[C@@H]3CC[C@]12C,0.0027600992
COc1ccc2cccc(N3CCN(CCNC(=O)c4ccc(F)cc4)CC3)c2c1,0.22856542
O=C([C@@H]1C[C@@H]2CCCC[C@@H]2N1C(=O)[C@@H]1C[C@H]1c1ccccc1)N1CCSC1,0.10504007
Cc1ccc(C#Cc2ccc(S(=O)(=O)N[C@H](Cc3c[nH]c4ccccc34)C(=O)O)s2)cc1,0.9919642
NC(=O)c1ccc(OCCCN2C[C@H]3CCC[C@H]3C2)cc1,0.017110657
CNC(=O)COC(=O)NCCC1CCN(c2cccc(C)n2)CC1,0.021138601
O=C1NS(=O)(=O)c2ccccc21,0.002898653
NC[C@@H](CS(=O)(=O)O)c1ccc(Cl)cc1,0.95360005
CCOC(=O)[C@H](C)C[C@@H](Cc1ccc(-c2ccccc2)cc1)NC(=O)CCC(=O)O,8.4289066e-05
C[C@H](C[C@@H](Cc1ccc(-c2ccccc2)cc1)NC(=O)CCC(=O)O)C(=O)O,0.0028807437
O=C1C(=C(O)/C=C/c2ccc(O)cc2)C(=O)[C@@](O)([C@H]2O[C@H](CO)[C@@H](O)[C@H](O)[C@H]2O)C(=O)/C1=C/[C@H]1C(=O)C(=C(O)/C=C/c2ccc(O)cc2)C(=O)[C@](O)([C@H]2O[C@H](CO)[C@@H](O)[C@H](O)[C@H]2O)C1=O,0.007218558
C[C@H](NCc1ccc(OCc2cccc(F)c2)cc1)C(N)=O,0.34105018
CCCCCCCCCCCCCCC[C@@H](O)[C@@H](N)CO,0.00044354665
CC1=C(C=O)C(C)(C)CC=C1,0.0002513166
CN[C@H]1CC[C@H](N(Cc2cccc(-c3ccncc3)c2)C(=O)c2sc3ccccc3c2Cl)CC1,0.3093909
COc1ccc(NS(=O)(=O)c2ccc(N=Nc3ccc(O)c(C(=O)O)c3)cc2)nn1,0.39829594
OCc1ccccc1O[C@@H]1O[C@H](CO)[C@@H](O)[C@H](O)[C@H]1O,0.0055512832
OCc1ccccc1O,8.398875e-05
NC(=O)c1ccccc1O,0.010679345
O=C(Nc1ccccc1)c1ccccc1O,0.035184063
O=C(O)c1ccccc1O,0.011824943
OC[C@H]1O[C@@H](OCCc2ccc(O)cc2)[C@H](O)[C@@H](O)[C@@H]1O,0.0033391123
CC[C@@H](C(=O)[C@@H](C)[C@@H](O)[C@H](C)[C@@H]1O[C@@H]([C@@H](CC)C(=O)O)CC[C@@H]1C)[C@H]1O[C@]2(C=C[C@@H](O)[C@]3(CC[C@@](C)([C@H]4CC[C@](O)(CC)[C@H](C)O4)O3)O2)[C@H](C)C[C@@H]1C,0.23508269
CC(C)=CCC/C(C)=C/CC/C(C)=C/CSc1ccccc1C(=O)O,0.34812698
OCc1cc([C@@H](O)CNCCCCCCOCCCCc2ccccc2)ccc1O,0.0057692956
C[C@@]1(C(=O)O)NCCc2cc(O)c(O)cc21,0.00012958498
O=C(/C=C/c1ccccc1)N[C@@H](NC(=S)Nc1cccc2cccnc12)C(Cl)(Cl)Cl,0.51100224
O=C(/C=C/c1ccc(O)c(O)c1/C=C/c1ccc(O)c(O)c1)O[C@H](Cc1ccc(O)c(O)c1)C(=O)O,0.00011196548
O=C(/C=C/c1ccc(O)c2c1[C@@H](C(=O)O[C@H](Cc1ccc(O)c(O)c1)C(=O)O)[C@H](c1ccc(O)c(O)c1)O2)O[C@H](Cc1ccc(O)c(O)c1)C(=O)O,0.001362374
COC(=O)[C@@H]1C[C@H](OC(C)=O)C(=O)[C@H]2[C@@]1(C)CC[C@H]1C(=O)O[C@H](c3ccoc3)C[C@]21C,1.1132316e-05
O=C(/C=C/c1ccccc1)N[C@@H](NC(=S)Nc1ccc(Cl)cc1)C(Cl)(Cl)Cl,0.5795005
O=S(=O)(c1cccc2ccccc12)c1n[nH]c2ccc(N3CCNCC3)cc12,0.22404224
CCCCCCN1CCC(C(=O)N(C)CC)(c2ccccc2)CC1,0.11724521
COCCNC(=O)Cn1cnc([N+](=O)[O-])n1,0.00016859808
CN(C)[C@@H]1C(=O)[C@@H](C(N)=O)C(=O)[C@@]2(O)C(=O)[C@H]3C(=O)c4c(O)cccc4C[C@H]3C[C@@H]12,0.73500264
NC(=O)c1cn([C@@H]2O[C@H](CO)[C@@H](O)[C@H]2O)c2ncnc(N)c12,0.7234654
C[n+]1cc2c3c(ccc2c2ccc4cc5c(cc4c21)OCO5)OCO3,0.005455302
Cc1nn(-c2ccccc2)c(C)c1/C=N/N1CCN(Cc2ccccc2)CC1,0.2806186
CCOc1cc(C(=O)Nc2ccc(Cl)c(-c3nc4ccccc4[nH]3)c2)cc(OCC)c1OCC,0.9709935
CCCCCCCCCCCCCCCC(=O)Nc1ccn([C@@H]2O[C@H](CO)[C@@H](O)[C@@H]2C#N)c(=O)n1,0.12424372
C[C@H](O)[C@H](O)[C@H]1CNc2[nH]c(N)nc(=O)c2N1,0.22268821
CC(C)(C)NC(=O)[C@@H]1C[C@@H]2CCCC[C@@H]2CN1C[C@@H](O)[C@H](Cc1ccccc1)NC(=O)[C@H](CC(N)=O)NC(=O)c1ccc2ccccc2n1,0.084041275
COc1cc(Nc2nc3ccccc3nc2NS(=O)(=O)c2ccc(NC(=O)c3ccc(C)c(OC)c3)cc2)cc(OC)c1,0.04143876
CN1CCN(CCOc2cc(OC3CCOCC3)c3c(Nc4c(Cl)ccc5c4OCO5)ncnc3c2)CC1,0.70464545
O=C(O)c1cn(-c2ccc(F)cc2)c2cc(N3CCNCC3)c(F)cc2c1=O,0.40210122
CNCC(=O)O,5.1218412e-05
N=C(N)N/N=C1\CCc2c(C(=N)N)cccc21,0.015464716
CCc1noc(C)c1-c1[nH]c2ccccc2c1[C@@H](O)CN(C)C,0.006698597
CCO[C@@H](Cc1ccc(OCCn2c(C)ccc2-c2ccc(SC)cc2)cc1)C(=O)O,0.083435126
COc1cccc(CCc2ccccc2OC[C@@H](CN(C)C)OC(=O)CCC(=O)O)c1,0.033525225
CCn1c(N)c(C(=O)NC)c(=O)c2ccc(C#C[C@@](C)(O)COC)nc21,0.98983115
C[C@@H]1COCCN1c1cc(=O)n2c(n1)N(Cc1cncc(Cl)c1)[C@H](C(F)(F)F)CC2,0.93625575
CC(C)(C)C[C@@H]1N[C@@H](C(=O)N[C@H]2CC[C@H](O)CC2)[C@H](c2cccc(Cl)c2F)[C@]12C(=O)Nc1cc(Cl)ccc12,0.93077326
O=c1[nH]ccc2cc(OC3CCNCC3)ccc12,0.00023474674
O=C(Oc1ccccc1C(=O)O)c1ccccc1O,0.014617483
CC(=O)[O][Pt]([NH2])([Cl])([Cl])([NH]C1CCCCC1)[O]C(C)=O,0.0004965582
C[C@@H](c1ccc2nccn2c1)n1nnc2ncc(-c3cnn(C)c3)nc21,0.012858215
N#C[C@@H]1C[C@@H]2C[C@@H]2N1C(=O)[C@@H](N)[C@@]12C[C@@H]3C[C@@H](C[C@@](O)(C3)C1)C2,0.7203757
Cn1ccc2cc(NC(=O)Nc3cccnc3)ccc21,0.019321995
Oc1ccc(-c2nc(-c3ccncc3)c(-c3ccc(F)cc3)[nH]2)cc1,0.059243076
O=C(OCCN1CCCCC1)c1c[nH]c2ccccc12,0.08812028
C[S@@](=O)c1ccc(-c2nc(-c3ccncc3)c(-c3ccc(F)cc3)[nH]2)cc1,0.43207264
CC#CCOC(=O)c1c(C)nc2sc3c(c2c1N)CC[C@H](O)C3,0.004528797
Cn1ccc2cc3c(cc21)CCN3C(=O)Nc1cccnc1,0.0059229895
COc1ccc(NC(=O)c2ccc(-c3ccc(-c4noc(C)n4)cc3C)cc2)cc1OCCN(C)C,0.9178294
Cn1cc(C2=C(c3ccc(Cl)cc3Cl)C(=O)NC2=O)c2ccccc21,0.059900448
O=C1NC(=O)c2c1c1c3ccccc3n3c1c1c2c2ccccc2n1[C@H]1CC[C@H]3O1,0.0005657557
COC(=O)[C@H](NC(=O)c1cc(-c2ccccc2)nc2ccccc12)c1ccccc1,0.96208084
CSc1cc2c(cc1C(F)(F)F)N(C(=O)Nc1cccnc1)CC2,0.020890502
CC[C@H](NC(=O)c1c(C)c(-c2ccccc2)nc2ccccc12)c1ccccc1,0.12671813
O=C(Nc1ccc([N+](=O)[O-])cc1O)Nc1ccccc1Br,0.053937573
COc1cc2c(cc1C(F)(F)F)N(C(=O)Nc1cc(F)cc(-c3cccnc3)c1)CC2,0.21290676
Cc1nc2c(-c3cnc(N)nc3)nc(N3CCOCC3)nc2n1C(C)C,0.352592
COc1nccc(-c2c(-c3ccc(F)cc3)ncn2[C@H]2CC[C@H](O)CC2)n1,0.0040422394
COc1nccc(-c2c(-c3ccc(F)cc3)ncn2C2CCNCC2)n1,0.008631597
Cc1cc2c(cc1C(F)(F)F)N(C(=O)Nc1ccc(Oc3cccnc3C)nc1)CC2,0.32381275
COc1ccc(NS(=O)(=O)c2ccc(I)cc2)cc1N1CCN(C)CC1,0.6822851
Cc1ccccc1N(C)C(=O)c1ccc([S@@](=O)c2nccs2)c([N+](=O)[O-])c1,0.37343398
CC1CCN(CC[C@H]2CCCN2S(=O)(=O)c2cccc(O)c2)CC1,0.018603127
COc1ccc(NS(=O)(=O)c2sc3ccc(Cl)cc3c2C)cc1N1CCNCC1,0.44739822
CCOC(=O)[C@H](Cc1ccc([N+](=O)[O-])cc1)NC(=O)c1ccccc1,0.36198217
COC(=O)[C@H](Cc1ccc([N+](=O)[O-])cc1)NC(=O)c1cccc2ccccc12,0.51116705
Cc1nc2ccc(NC(=O)Nc3ccnc4cccnc34)cc2o1,0.1981882
COc1cccc(NC(=O)/C=C/c2ccc(Cl)cc2)c1,0.043480698
COc1ccc(S(=O)(=O)Nc2cc(Cl)cc(Cl)c2OC)cc1N1CCNCC1,0.007945903
Cc1cc(NC(=O)Nc2ccc(N(C)C)cc2)c2cc(F)cc(F)c2n1,0.6883036
O=C1NC(=O)C(c2ccccc2[N+](=O)[O-])=C1Nc1ccc(O)c(Cl)c1,0.0521034
NC(=O)c1ccc(-c2nc(-c3ccccn3)c(-c3ccc4c(c3)OCO4)[nH]2)cc1,0.30783263
CCN(CCNC(=O)Nc1ccccc1Br)c1cccc(C)c1,0.0077809924
Cc1cccc(-c2nc(C(C)(C)C)[nH]c2-c2ccc3c(c2)OCO3)n1,0.67269766
Cc1cccc(-c2nc(C(C)(C)C)[nH]c2-c2ccc3nccnc3c2)n1,0.09032607
CN(C)CCOc1ccc(-c2nc(-c3ccncc3)c(-c3ccc4c(c3)CC/C4=N\O)[nH]2)cc1,0.0076557216
Cc1cccc2c1CC[C@H](CN1CCC(c3c(Cl)cccc3Cl)CC1)C[C@@H]2O,0.73317933
Cc1nc(C(=O)N2CCCC[C@H]2CNC(=O)c2cccc3occc23)c(-c2ccc(F)cc2)s1,0.14851874
COc1cc(Br)c(S(=O)(=O)Nc2ccc(Cl)c(O[C@@H]3CCN(C)C3)c2)cc1OC,0.6190705
COc1cccc(OC)c1-c1ccc(C[C@H](NC(=O)c2c(Cl)cccc2Cl)C(=O)O)cc1,0.21522911
O=C(Nc1ccccc1Br)N[C@@H]1CCN(c2ccc(C(F)(F)F)cn2)C1,0.9600166
COc1cc(Br)c(S(=O)(=O)Nc2ccc(C(F)(F)F)c(O[C@@H]3CCN(C)C3)c2)cc1OC,0.80958545
O=S(=O)(c1ccccc1)c1cnc2c(N3CCNCC3)cccc2c1,0.00023103655
Cc1ccc(C(=O)N(CCCN)[C@@H](c2oc3cc(Cl)ccc3c(=O)c2Cc2ccccc2)C(C)C)cc1,0.03017812
CCn1c(-c2nonc2N)nc2cncc(CNC3CCNCC3)c21,0.23887609
COc1ccc(S(=O)(=O)N2CCCN(S(=O)(=O)c3ccc(OC)c(OC)c3)CC2)cc1OC,0.0060659824
CCn1c(-c2nonc2N)nc2cncc(C(=O)N3CC[C@H](N)C3)c21,0.020256087
CCCCc1nc2cc(/C=C/C(=O)NO)ccc2n1CCN(CC)CC,0.2568655
COc1ccc(CCNCc2ccc(OCc3ccc(Cl)nc3)c(OC)c2)cc1OC,0.001619406
O=C(CCCCCCC(=O)NO)NO,0.00017480682
CCS(=O)(=O)c1ncc(Cl)c(C(=O)Oc2cccc(C)c2)n1,0.46674302
CCCCCCCNS(=O)(=O)c1cccc2c(Cl)cccc12,0.9979711
COc1cccc(-c2ccc(NC(=O)C3=C(C(=O)O)CCC3)c(F)c2)c1,0.4633515
O=C(NNc1nc2cc(F)ccc2n2cccc12)c1cnccn1,0.050125346
CC(=O)NNC(=O)N1Cc2ccccc2Oc2ccc(Cl)cc21,0.0024925463
NS(=O)(=O)c1ccc(-n2nc(C(F)(F)F)cc2-c2ccc(Cl)cc2)cc1,0.94924533
O=C(CCc1ccncc1)NNC(=O)N1Cc2ccccc2Oc2ccc(Cl)cc21,0.011006327
COc1ccc(-n2nc(C(F)(F)F)cc2-c2ccc(Cl)cc2)cc1,0.44939724
O=S(=O)(NCCCCCCc1ccccc1)c1cccc2c(Cl)cccc12,0.99806637
C=C1C(=O)O[C@@H]2/C=C(/C)C[C@H]3C=C(C[C@H](OC(=O)/C(C)=C\C)[C@@H]12)C(=O)O3,0.13308346
CN=c1nc(-c2ccccc2)n(-c2ccccc2)s1,0.00833343
Cc1ccccc1C(c1ccccc1C)N1[C@@H]2CC[C@H]1C[C@](O)(c1ccccc1)C2,0.0004420269
CN1CCc2cc(Cl)c(O)cc2[C@@H](c2ccccc2)C1,0.027765712
Cc1nc2c(OCc3ccccc3)cccn2c1CC#N,0.11924916
COc1ccc2nc3n[nH]c(C)c3c(NCCOCCO)c2c1,0.8615863
Nc1nc2c(cnn2CCc2ccccc2)c2nc(-c3ccco3)nn12,0.96377635
Cn1cc(-c2cnn3c(N)c(Br)c([C@@H]4CCCNC4)nc23)cn1,0.24119906
COc1cc2c(c(OC)c1OC)-c1c(cc3c(c1OC)OCO3)C[C@@H](C)[C@@H](C)C2,0.002199547
COc1cc2c(c(OC)c1OC)-c1c(cc3c(c1OC)OCO3)C[C@H](C)[C@@](C)(O)C2,0.0018166387
C=CC(C)(O)CC[C@@H]1[C@@]2(C)CCCC(C)(C)[C@@H]2CC[C@@]1(C)O,0.0005588364
CC1(C)CCC[C@]2(C)[C@H]3CC(=O)O[C@]3(C)CC[C@@H]12,0.0019524316
N[C@@H](CSCC(=O)O)C(=O)O,0.00090570236
CN1[C@@H]2C[C@@H](O)C[C@H]1[C@@H]1O[C@@H]12,4.334507e-05
CN1[C@@H]2C[C@@H](OC(=O)[C@H](CO)c3ccccc3)C[C@H]1[C@@H]1O[C@@H]12,0.00011553895
O=C(CN1C(=O)c2ccccc2S1(=O)=O)Nc1ccc(O)cc1,0.009648162
O=C(CCCCCN1C(=O)c2cccc3cccc(c23)C1=O)NO,0.0012284372
O=C(N/N=C/c1ccccc1O)c1ccccc1O,0.010460835
O=C(CO)N1CCC(c2[nH]nc(-c3ccc(Cl)cc3)c2-c2ccncn2)CC1,0.0024997604
NC(=O)c1ccc2[nH]ccc2c1,0.002361691
Fc1ccc(Cl)cc1-c1nc(Nc2ccncc2)c2nccnc2n1,0.16076803
COCCN1CCC(C(=O)NO)(S(=O)(=O)c2ccc(Oc3ccc(OC(F)(F)F)cc3)cc2)CC1,0.0012408894
CN(Cc1ccccc1)C(=O)[C@H](Cc1ccc2ccccc2c1)NC(=O)[C@@H]1CCCN1C(=O)Nc1ccccc1[N+](=O)[O-],0.7216793
CN1CC[C@@H]2CN3CCc4cccc(c43)[C@@H]2C1,0.03779191
CO[C@@H]1[C@H](O)[C@@H](CO)O[C@H]1n1cnc2c(NC3CCCCC3)ncnc21,0.006644586
CCN(CC)CCOC(=O)c1cc(Cl)c(N)cc1OC,0.066527255
CC(C)OC(=O)c1cc2c(OC[C@@H](O)CNC(C)(C)C)cccc2[nH]1,0.046816286
N[C@@H](Cc1cc(-c2ccc(Cl)cc2Cl)cc(CP(=O)(O)O)c1O)C(=O)O,0.008901227
N[C@@H](Cc1cc(CP(=O)(O)O)cc(-c2ccccc2Cl)c1)C(=O)O,3.760864e-05
C[Se]C[C@H](N)C(=O)O,0.0007510662
C=C1CC[C@H](O)C/C1=C/C=C1\CCC[C@]2(C)[C@@H]([C@H](C)CC[C@@H](O)C(C)(C)O)CC[C@@H]12,0.0051191463
O=C1c2cc(Cl)ccc2O[C@H]2CCON12,0.2996634
C/C(=N\NC(=O)c1cccc(S(=O)(=O)N2CCN(C)CC2)c1)c1cc(Cl)ccc1O,0.022223603
Cc1ncc([N+](=O)[O-])n1C[C@@H](C)O,0.047838315
COc1cc(C[C@@H](CO)[C@H](CO)Cc2ccc(O)c(OC)c2)ccc1O,9.085254e-05
COc1cc(C[C@@H](CO[C@@H]2O[C@H](CO)[C@@H](O)[C@H](O)[C@H]2O)[C@H](CO[C@@H]2O[C@H](CO)[C@@H](O)[C@H](O)[C@H]2O)Cc2ccc(O)c(OC)c2)ccc1O,0.012128605
O=C1C=C2C=C[C@@H]3C[C@@]2(O1)[C@H]1CCCCN31,0.0006514815
C=C1C[C@H]2[C@@H]3CCC4=CC(=O)CC[C@@H]4[C@H]3CC[C@]2(C)[C@@]1(OC(C)=O)C(C)=O,0.08437338
CCO[C@H](COc1ccc(C(F)(F)F)cc1)CSc1ccc(OCC(=O)O)c(C)c1,0.55384386
CO[C@H]1C[C@H](O[C@@H]2/C(C)=C/C[C@@H]3C[C@@H](C[C@]4(CC[C@H](C)[C@@H](C5CCCCC5)O4)O3)OC(=O)[C@@H]3C=C(C)/C(=N/O)[C@H]4OC/C(=C\C=C\[C@@H]2C)[C@]43O)O[C@@H](C)[C@@H]1O,0.9199515
C#CCN(C)[C@H](C)Cc1ccccc1,0.0002975026
C[Se]CC[C@H](N)C(=O)O,0.55854774
[O-][n+]1cccc(-c2nc3c(Cl)cccc3cc2[C@@H](Nc2ncnc3cccnc23)C(F)(F)F)c1,0.8703671
CC(C)N(CCCCOCC(=O)NS(C)(=O)=O)c1cnc(-c2ccccc2)c(-c2ccccc2)n1,0.27464446
O=C(O)[C@H]1C[C@@H](CP(=O)(O)O)CCN1,0.0033634813
O=C(/C=C\n1cnc(-c2cc(C(F)(F)F)cc(C(F)(F)F)c2)n1)NNc1cnccn1,0.095621936
C[C@@H]1CCc2ncc(F)cc2[C@H]2CCCN2c2ccn3ncc(c3n2)C(=O)N1,0.9962804
Cc1cc(F)c(C(=O)Nc2cccc(-c3nncn3C(C)C)n2)cc1-n1cnc(C2CC2)c1,0.9085689
Cn1cnc2c(F)c(Nc3ccc(Br)cc3Cl)c(C(=O)NOCCO)cc21,0.2278364
CC(C)[C@H](O)C(=O)N[C@@H](C)C(=O)N[C@@H]1C(=O)N(C)CCc2ccccc21,0.04882008
CC(=NNC(=N)N)c1cc(NC(=O)CCCCCCCCC(=O)Nc2cc(C(C)=NNC(=N)N)cc(C(C)=NNC(=N)N)c2)cc(C(C)=NNC(=N)N)c1,0.60768193
Cc1cc(C)c(/C=C2\C(=O)Nc3ccccc32)[nH]1,0.001171938
CC1CCC(NC(=O)N(CCCl)[NH2+][O-])CC1,0.010366265
CN(C)c1cccc(Oc2cnc(Nc3cccc(O)c3)nc2)c1,0.0031999787
NC(=O)C(c1ccccc1)(c1ccc(F)cc1)c1ccc(F)cc1,0.12247874
O=C(O)c1cc(O)c2c(O)c3c(O[C@H]4O[C@H](CO)[C@@H](O)[C@H](O)[C@H]4O)cccc3c(-c3c4cc(C(=O)O)cc(O)c4c(O)c4c(O[C@H]5O[C@H](CO)[C@@H](O)[C@H](O)[C@H]5O)cccc34)c2c1,0.8904776
O=C(O)c1cc(O)c2c(O)c3c(O[C@@H]4O[C@H](CO)[C@@H](O)[C@H](O)[C@@H]4O)cccc3c(-c3c4cc(C(=O)O)cc(O)c4c(O)c4c(O[C@H]5O[C@@H](CO)[C@@H](O)[C@@H](O)[C@@H]5O)cccc34)c2c1,0.9132432
C=C1/C(=C\C=C2/CCC[C@]3(C)[C@@H]([C@H](C)/C=C/C=C/C(O)(CC)CC)CC[C@@H]23)C[C@@H](O)C[C@@H]1O,0.002836112
O=C(O)c1cc2occc2[nH]1,0.0036810036
CC1=C(C)C(=O)C([C@@H](CCCCCC(=O)O)c2ccccc2)=C(C)C1=O,0.0001283607
c1ccc2c(CCNc3ccc(Nc4ccncc4)cc3)c[nH]c2c1,0.059889704
NCCc1c[nH]c2ccc(O)cc12,0.00047045073
Clc1ccc([C@@H](Cn2ccnc2)OCc2csc3c(Cl)cccc23)c(Cl)c1,0.754705
O=C1NCCN1CCN1CCC(c2cn(-c3ccc(F)cc3)c3ccc(Cl)cc23)CC1,0.07998029
CN[C@H]1CC[C@@H](c2ccc(Cl)c(Cl)c2)c2ccccc21,0.0008606193
c1cc2c(cc1[C@H]1OC[C@H]3[C@@H]1CO[C@@H]3c1ccc3c(c1)OCO3)OCO2,0.00019618172
O=C(O)Cn1c2c(c3cc(F)ccc31)CN(C(=O)c1cccc3ccccc13)CC2,0.19422542
CN1CCC2=C(C1)c1ccccc1Cc1ccccc12,0.034358397
CC(=O)N[C@@H](CCCNC(=N)N)C(=O)N[C@H]1CSSC[C@@H](C(N)=O)NC(=O)[C@H](Cc2c[nH]c3ccccc23)NC(=O)[C@H](CCCNC(=N)N)NC(=O)[C@@H](Cc2ccccc2)NC(=O)[C@H](Cc2cnc[nH]2)NC(=O)[C@@H](C)NC1=O,0.4598648
FCOC(C(F)(F)F)C(F)(F)F,0.0041166563
FC(F)(F)c1cccc(-c2noc(-c3cc(-c4ccccc4)c(C(F)(F)F)s3)n2)c1,0.2914185
CCOc1ccc(NC(=S)N2CCC(C(O)(c3ccccc3)c3ccccc3)CC2)cc1,0.35867795
COc1ccc(CCc2nc3cc(-c4c(C)noc4C)ccc3n2C[C@H](C)N2CCOCC2)cc1Cl,0.0864177
CC(C)N(CCCNC(=O)Nc1ccc(C(C)(C)C)cc1)C[C@H]1O[C@@H](n2cc(Br)c3c(N)ncnc32)[C@H](O)[C@@H]1O,0.06143219
O=C(NCC(=O)N1CCCC1)Nc1ccc2cnccc2c1,0.11996961
Cc1cc(Nc2ccc(NC(=O)c3ccc(Nc4ccnc5ccccc45)cc3)cc2)nc(N)n1,0.68309796
CN1CCC(CNc2ccc3ncc(-c4cccc(OC(F)(F)F)c4)n3n2)CC1,0.083347075
CCCCP(=O)(O)CCCN,8.122469e-05
Cn1cc(-c2ccc3nnc(Sc4ccc5ncccc5c4)n3n2)cn1,0.030904658
O=C(NCc1ccc(F)cc1)N1CCN2C(=O)OC(c3ccccc3)(c3ccccc3)[C@@H]2C1,0.058435436
O=C(O)C1=C[C@@H](O)[C@H](O)[C@H](O)C1,0.00044071046
CC1(N)CCN(c2cnc(-c3cccc(Cl)c3Cl)c(N)n2)CC1,0.70432216
CN1CCC[C@@H]1CCSc1ccc(O)cc1,0.0056657908
C=C1C=CC(=O)C(=NNc2ccccc2)N1,0.0004745251
Cc1cccc(/C=C/c2ccccc2)n1,0.005427525
CCOC(=O)[C@@H](C)Oc1cccc2c(=O)n(CC(=O)Nc3ccc4c(c3)OCCO4)ccc12,0.011815936
CN/C(=N\c1ccc(C2=NNC(=O)C[C@@H]2C)cc1)NC#N,0.3591416
CCCc1nn(C)c2c(=O)[nH]c(-c3cc(S(=O)(=O)N4CCN(C)CC4)ccc3OCC)nc12,0.18640709
COc1cc([C@H]2Oc3cc([C@H]4Oc5cc(O)cc(O)c5C(=O)[C@@H]4O)ccc3O[C@@H]2CO)ccc1O,0.0011753209
C[C@H](Cc1cc2c(c(C(N)=O)c1)N(CCCO)CC2)NCCOc1ccccc1OCC(F)(F)F,0.71413994
Nc1ccc(S(=O)(=O)[N]([Ag])c2ncccn2)cc1,0.0029498711
COc1cc([C@H]2Oc3ccc([C@H]4Oc5cc(O)cc(O)c5C(=O)[C@@H]4O)cc3O[C@@H]2CO)ccc1O,0.0043432335
COc1ccc2c(O[C@@H]3C[C@H]4C(=O)N[C@]5(C(=O)NS(=O)(=O)C6CC6)C[C@H]5/C=C\CCCCN(C)C(=O)[C@@H]4C3)cc(-c3nc(C(C)C)cs3)nc2c1C,0.6483393
Cc1n[nH]cc1-c1cc2[nH]c([C@H]3CC4CCN3CC4)nc(=O)c2s1,0.17960809
CCC(C)(C)C(=O)O[C@H]1C[C@@H](C)C=C2C=C[C@H](C)[C@H](CC[C@@H]3C[C@@H](O)CC(=O)O3)[C@H]21,5.5749246e-05
CSCC[C@H](NC(=O)[C@H](Cc1ccc(OS(=O)(=O)O)cc1)NC(=O)[C@@H](N)CC(=O)O)C(=O)NCC(=O)N[C@@H](Cc1c[nH]c2ccccc12)C(=O)N[C@@H](CCSC)C(=O)N[C@@H](CC(=O)O)C(=O)N[C@@H](Cc1ccccc1)C(N)=O,0.60762143
Nc1ncnc2c1ncn2[C@@H]1O[C@H](C[C@@H](N)CC[C@H](N)C(=O)O)[C@@H](O)[C@H]1O,0.6843597
COC1=C[C@@H]2[C@@H]3Cc4ccc(OC)c(O)c4[C@]2(CCN3C)CC1=O,0.8288688
CN1CCN(c2ncc(-c3cc(Cl)cc(Cl)c3Cl)c(N)n2)CC1,0.4143511
CCc1cc(/C(C)=N/OCc2ccc(C3CCCCC3)c(C(F)(F)F)c2)ccc1CN1CC(C(=O)O)C1,0.69852376
Fc1ccc(-n2cc(CCCCN3CCC4(CC3)OCc3ccccc34)c3ccccc32)cc1,0.6585669
COc1ncc(-c2nc3c(n2C(C)C)[C@H](c2ccc(Cl)cc2)N(c2cc(Cl)cn(C)c2=O)C3=O)c(OC)n1,0.9539115
CO[C@H]1C[C@@H]2CC[C@@H](C)[C@@](O)(O2)C(=O)C(=O)N2CCCC[C@H]2C(=O)O[C@H]([C@H](C)C[C@@H]2CC[C@@H](O)[C@H](OC)C2)CC(=O)[C@H](C)/C=C(\C)[C@@H](O)[C@@H](OC)C(=O)[C@H](C)C[C@H](C)/C=C/C=C/C=C/1C,0.8881297
Cc1cc(C)nc(SCC(=O)Nc2ncc(Cc3cccc4ccccc34)s2)n1,0.20142454
C[C@@H](NC(=O)c1ccccc1/N=C/c1c(O)ccc2ccccc12)c1ccccc1,0.020099165
CN[C@@H]1[C@@H](O)[C@@H](O[C@@H]2[C@@H](O)[C@H](O[C@H]3OC(CN)=CC[C@H]3N)[C@@H](N)C[C@H]2N)OC[C@]1(C)O,0.9988452
COc1cc2c(cc1OC)CN(C(=O)/C=C/c1c(-c3ccccc3)n(C)c3ncccc13)CC2,0.9765662
N[C@@H]1CN(c2c(F)cc3c(=O)c(C(=O)O)cn([C@@H]4C[C@@H]4F)c3c2Cl)CC12CC2,0.9982168
N[C@@H](CC(=O)N1CCn2c(nnc2C(F)(F)F)C1)Cc1cc(F)c(F)cc1F,0.3212997
Cc1cc2c(cc1CC(=O)c1sccc1S(=O)(=O)Nc1onc(C)c1Cl)OCO2,0.084451765
CC[C@H](CC[C@@H](C)[C@H]1CC[C@H]2[C@@H]3CC=C4C[C@@H](O)CC[C@]4(C)[C@H]3CC[C@]12C)C(C)C,0.0068235477
COCCNCc1ccc(-c2cc3nccc(Oc4ccc(NC(=O)C5(C(=O)Nc6ccc(F)cc6)CC5)cc4F)c3s2)nc1,0.77456015
CC(C)(C)C(=O)Oc1ccc(S(=O)(=O)Nc2ccccc2C(=O)NCC(=O)O)cc1,0.016490865
CCOc1cc(/C=C2/C(=O)N(c3ccccc3)N=C2C)cc(Cl)c1OCC(=O)OC,0.09718091
N#Cc1cc(NC(=O)[C@H]2c3ccccc3C(=O)N(CC(F)(F)F)[C@@H]2c2cccnc2)ccc1F,0.9211965
C=C1C[C@H]2C=Nc3cc(OCCCOc4cc5c(cc4OC)C(=O)N4CC(=C)C[C@H]4C=N5)c(OC)cc3C(=O)N2C1,0.990926
C=CCN1CC[C@]2(C)c3cc(O)ccc3C[C@H]1[C@H]2C,0.01739035
Nc1nc2c(ccc3ccccc32)s1,0.50457597
O=C1c2ccc(Nc3ccc(F)cc3F)cc2CCc2ccc(OC[C@H](O)CO)cc21,0.8308057
Oc1cc2c(cc1O)[C@H](c1ccccc1)CNCC2,0.0005485344
C=CCN1CCc2cc(O)c(O)cc2[C@H](c2ccccc2)C1,0.003988647
Oc1cc2c(c(Cl)c1O)CCNCC2c1ccccc1,0.0062295673
CN1CCc2cc(Br)c(O)cc2[C@H](c2ccccc2)C1,0.040024605
Fc1ccc(-c2nc3n(c2-c2ccncc2)CCS3)cc1,0.50027627
O=C(O)[C@H]1CCCN(CCC=C(c2ccccc2)c2ccccc2)C1,0.114347704
CN(C)CCCCSC(=N)N,0.00087093114
COc1ccc(CCCO[C@@H](Cn2ccnc2)c2ccc(OC)cc2)cc1,0.32776624
Oc1ccc(Nc2nc(-c3ccc(Cl)cc3)cs2)cc1,0.024246313
CC(C)n1c(Nc2cccnc2)nc2cnc(Nc3ccc(N4CCN(C)CC4)cc3)nc21,0.13799033
COc1cc2ncnc(Sc3nnc(C)s3)c2cc1OC,0.035141062
C/N=C(/NS(=O)(=O)c1ccc(Cl)cc1)N1C[C@H](c2ccccc2)C(c2ccc(Cl)cc2)=N1,0.47899517
O[C@H]1CC[C@H](Nc2nc(-c3ccccc3)nc3[nH]ccc23)CC1,0.00063259405
NC(=O)C1N=CNC1=O,0.11842014
CN[C@@H](C)C(=O)N[C@H]1CCCC[C@H]2CC[C@@H](C(=O)N[C@@H](c3ccccc3)c3cn(CCCCc4ccc(CCCCn5cc([C@@H](NC(=O)[C@@H]6CC[C@@H]7CCCC[C@H](NC(=O)[C@H](C)NC)C(=O)N76)c6ccccc6)nn5)cc4)nn3)N2C1=O,0.85829884
CC[C@H](Oc1ccc(Cl)cc1)C(=O)O[C@H]1C[C@H]2CC[C@@H](C1)N2C,0.00024381682
C=CCNc1ncnc2ccc(Br)cc12,0.8129622
O=C1NC(=O)/C(=C/c2cccc(C(F)(F)F)c2)S1,0.7015167
Cc1cc(C)c(C2=NO[C@@H]3[C@H]4CC[C@H](C4)[C@H]23)c(C)c1,0.0022150404
CCc1c2c(nc3ccc(O)cc13)-c1cc3c(c(=O)n1C2)COC(=O)[C@]3(O)CC,0.8546307
CCOC(=O)[C@H]1CS[C@H](Cc2ccc(OCc3ccc([N+](=O)[O-])cc3)cc2)N1,0.45084772
CC(=O)N[C@@H](C(=O)O)C(C)(C)S[NH2+][O-],9.4390725e-06
COC(=O)C1=C(C)NC(C)=C(C(=O)NCCCN2CCC(c3ccccc3)(c3ccccc3)CC2)[C@@H]1c1ccc([N+](=O)[O-])cc1,0.995742
Cc1ccc(NC(=O)C(C)C)cc1C1CCN(Cc2ccc(Oc3ccc(F)c(F)c3)cc2)CC1,0.86662537
C=CCN1C[C@H](C)N([C@H](c2ccc(C(=O)N(CC)CC)cc2)c2cccc(OC)c2)C[C@H]1C,0.011687257
CC(C)=CCc1c(O)cc(O)c2c(=O)c(O)c(-c3ccc(C(F)(F)F)cc3)oc12,0.016632987
O=C(Nc1cccc(Cl)c1)Nc1ncc(CCNc2ncnc3ccsc23)s1,0.91198957
CC1(C)CC(=O)c2c(C(F)(F)F)nn(-c3ccc(C(N)=O)c(N[C@H]4CC[C@H](O)CC4)c3)c2C1,0.5275485
CC1(C)CC(=O)c2c(C(F)(F)F)nn(-c3ccc(C(N)=O)c(N[C@H]4CC[C@H](OC(=O)CN)CC4)c3)c2C1,0.71218705
Cc1cc(OCC(=O)O)cc(C)c1Cc1ccc(O)c(C(C)C)c1,0.44857955
CC[C@H](C)[C@@H]([C@@H](CC(=O)N1CCC[C@H]1[C@H](OC)[C@@H](C)C(=O)NCCc1ccccc1)OC)N(C)C(=O)[C@@H](NC(=O)[C@H](C(C)C)N(C)C)C(C)C,0.9262546
CC1=CC[C@@H](C(C)(C)O)C[C@@H]1O,0.0001491226
CC(C)COC(=O)OCN1C(=O)CN(CCN2CC(=O)N(COC(=O)OCC(C)C)C(=O)C2)CC1=O,0.113442965
O=C1O[C@H]([C@@H](O)CO)[C@@H](O)[C@@H]1O,0.0006661611
CCCC(=O)O,0.0001005571
O=C(O)[C@@H](O)Cc1ccc(O)c(O)c1,0.00016021534
O=C(O)[C@H](O)[C@@H](O)[C@H](O)[C@H](O)CO,0.0050010243
Cc1cc(S(=O)(=O)O)c2c(C)ccc(C(C)C)cc1-2,0.99950445
O=P(O)(O)F,1.732558e-05
[O-][NH2+][O-],7.217123e-05
N#[C][Fe-2]([C]#N)([C]#N)([C]#N)([C]#N)[N+][O-],1.0
[O]=[V]([OH])([OH])[OH],9.876966e-06
O=S(=O)(O)Oc1ccc(C(c2ccc(OS(=O)(=O)O)cc2)c2ccccn2)cc1,0.99989784
O=C(O)[C@@H]1[O][Sb]2([OH])([O][Sb]34([OH])[O][C@H]([C@H](O)CO)[C@H]([O]3)[C@H](C(=O)O)[O]4)[O][C@H]([C@H](O)CO)[C@@H]1[O]2,0.010457257
Cc1c(S(=O)(=O)O)oc2c1C(=O)C(=O)c1c-2ccc2c1CCCC2(C)C,0.9978969
CCCC[C@@H](CC)CC[C@@H](CC(C)C)OS(=O)(=O)O,0.9999746
CC(C)=CCOc1ccc(/C=C/C(=O)c2ccc(OCC=C(C)C)cc2OCC(=O)O)cc1,0.13454157
CC(C)OC(=O)[C@H](C)N[P@](=O)(OC[C@H]1O[C@@H](n2ccc(=O)[nH]c2=O)[C@](C)(F)[C@@H]1O)Oc1ccccc1,0.8617692
CC(C)OC(=O)[C@H](C)N[P@](=O)(OC[C@H]1O[C@@H](n2ccc(=O)[nH]c2=O)[C@@](C)(O)[C@@H]1O)Oc1ccccc1,0.36392707
CNc1cccc(NC(=O)N[C@@H]2N=C(c3ccccn3)c3ccccc3N(CC(=O)C(C)(C)C)C2=O)c1,0.9320464
C[C@@H]1CC[C@@]2(NC1)O[C@@H]1C[C@H]3[C@H]4CC=C5C[C@H](O[C@H]6O[C@@H](CO)[C@@H](O[C@H]7O[C@@H](C)[C@@H](O)[C@@H](O)[C@@H]7O)[C@@H](O)[C@@H]6O[C@H]6O[C@@H](C)[C@@H](O)[C@@H](O)[C@@H]6O)CC[C@@]5(C)[C@@H]4CC[C@@]3(C)[C@H]1[C@@H]2C,0.03863554
CC1(C)CN(C(=O)c2ccc(-c3cccc4nc(NC(=O)C5CC5)nn34)cc2)C1,0.0880526
O=C(O[C@H]1C[N@]2CC[C@@H]1CC2)N1CCc2ccccc2[C@@H]1c1ccccc1,0.08086866
CC[C@H]1OC(=O)[C@@](C)(F)C(=O)[C@H](C)[C@@H](O[C@@H]2O[C@H](C)C[C@H](N(C)C)[C@H]2O)[C@](C)(OC)C[C@@H](C)C(=O)[C@H](C)[C@H]2N(CCCCn3cc(-c4cccc(N)c4)nn3)C(=O)O[C@]12C,0.99970466
NC(=O)OC[C@H](N)Cc1ccccc1,0.000589069
CC(C)(N)CC12CC3CC(CC(C3)C1)C2,0.101060756
C[C@H](N)C(=O)NCC(=O)N[C@H]1CSSC[C@@H](C(=O)O)NC(=O)[C@H](CO)NC(=O)[C@H]([C@@H](C)O)NC(=O)[C@H](Cc2ccccc2)NC(=O)[C@H]([C@@H](C)O)NC(=O)[C@H](CCCCN)NC(=O)[C@H](Cc2c[nH]c3ccccc23)NC(=O)[C@H](Cc2ccccc2)NC(=O)[C@H](Cc2ccccc2)NC(=O)[C@H](CC(N)=O)NC(=O)[C@H](CCCCN)NC1=O,0.5054479
NS(=O)(=O)c1ccc(N2CCN(CC[C@@H]3OCCc4ccccc43)CC2)cc1,0.9682938
Cc1c(C(=O)Nc2ccc(N3C[C@@H](C)O[C@@H](C)C3)nc2)cccc1-c1ccc(OC(F)(F)F)cc1,0.94030887
O=C1C=CC[C@@H]2[C@H]3CCCN4CCC[C@@H](CN12)[C@@H]34,8.645347e-06
CNC(=O)c1cc(Oc2ccc(NC(=O)Nc3ccc(Cl)c(C(F)(F)F)c3)cc2)ccn1,0.41763908
COCCO[C@@H]1c2ccn3c(C)c(C)nc3c2N[C@H](c2ccccc2)[C@H]1O,0.44863877
C/C=C/C=C/C(=O)O,0.00026411517
O=C1NC(=O)[C@@]2(CCOc3ccc(F)cc32)N1,0.03899213
CCCCCCCCCCCCCCCCCC(=O)OC[C@@H](O)[C@H]1OC[C@H](O)[C@H]1O,0.015081359
OC[C@@H](O)[C@@H](O)[C@H](O)[C@@H](O)CO,0.0004399811
CCOc1ccc(Cc2cc([C@@H]3O[C@H](SC)[C@@H](O)[C@H](O)[C@H]3O)ccc2Cl)cc1,0.31429535
CC(C)NCC(O)c1ccc(NS(C)(=O)=O)cc1,0.17729068
CN1CCN(c2nc(C3=C(c4c[nH]c5ccccc45)C(=O)NC3=O)c3ccccc3n2)CC1,0.2079607
O=C(Nc1cc(C(F)(F)F)cc(C(F)(F)F)c1)c1cnc(Cl)nc1C(F)(F)F,0.7406807
COc1ccc2[nH]c3c(-c4cccc5ccccc45)nccc3c2c1,0.031625565
COCCOCCOc1ccc(C2=N[C@@](C)(C(=O)O)CS2)c(O)c1,0.013991813
CC(=O)N[C@@H](CC(=O)O)C(=O)N[C@@H](CCC(=O)O)C(=O)O,0.34359607
C[C@@H]1CN(c2c(F)c(N)c3c(=O)c(C(=O)O)cn(C4CC4)c3c2F)C[C@H](C)N1,0.2699455
O=C(O)C[C@@H](NC(=O)CP(=O)(O)O)C(=O)O,0.017616417
CCCCC1=NC2(CCCC2)C(=O)N1Cc1ccc(-c2ccccc2S(=O)(=O)Nc2noc(C)c2C)c(COCC)c1,0.079065986
C1CCN2C[C@H]3C[C@H](CN4CCCC[C@@H]34)[C@H]2C1,0.6179603
C1CCN2C[C@@H]3C[C@@H](CN4CCCC[C@@H]34)[C@H]2C1,0.61796045
C1CCN2C[C@@H]3C[C@H](CN4CCCC[C@@H]34)[C@H]2C1,0.99656266
Fc1ccc(CNc2ncnc3ccc(F)cc23)cc1,0.83284193
CN[C@@H]1[C@H](O)[C@H](NC)[C@H]2O[C@@]3(O)C(=O)C[C@@H](C)O[C@H]3O[C@@H]2[C@H]1O,0.23962021
NCCCCNCCCN,1.5107316e-06
NCCCNCCCCNCCCN,1.5989804e-07
CCCCCCCCCCCCC/C=C/[C@@H](O)[C@@H](N)COP(=O)(O)OCC[N+](C)(C)C,0.10625324
O=C(CCCN1CCC2(CC1)C(=O)NCN2c1ccccc1)c1ccc(F)cc1,0.35263193
CN(C(=O)Cc1ccc(Cl)c(Cl)c1)[C@H]1CC[C@@]2(CCCO2)C[C@@H]1N1CCCC1,0.15076189
CO[C@@H]1[C@@H](O[C@@H]2O[C@H](C)[C@@H](O[C@H]3C[C@@](C)(O)[C@@H](O)[C@H](C)O3)[C@H](N(C)C)[C@H]2O)[C@@H](CC=O)C[C@@H](C)[C@@H](O[C@H]2CC[C@H](N(C)C)[C@@H](C)O2)/C=C/C=C/C[C@@H](C)OC(=O)C[C@H]1O,0.4926329
O=C(CCBr)N1CC[N+]2(CC1)CC[N+]1(CCN(C(=O)CCBr)CC1)CC2,0.0006743997
CC(=O)S[C@@H]1CC2=CC(=O)CC[C@]2(C)[C@H]2CC[C@@]3(C)[C@@H](CC[C@@]34CCC(=O)O4)[C@H]12,0.0002731901
O=C1NCN(c2ccccc2)C12CCN(C[C@H]1COc3ccccc3O1)CC2,0.7557273
CC(=O)c1ccc2c(c1)C(=O)C1(CC1)O2,0.050884265
O=C1CCc2c(ccc3ccccc23)O1,0.009129873
COc1ccccc1Oc1c(NS(=O)(=O)c2ccc(C)cn2)nc(-c2ccncc2)nc1OC,0.9683598
CC(C)n1nc(C#Cc2ccccc2)c2c(N)ncnc21,0.0746191
CC(C)=CCC/C(C)=C/CNCCNC1[C@H]2C[C@@H]3C[C@@H](C[C@H]1C3)C2,0.9999813
Nc1ncnc2c1ncn2[C@H]1CCCO1,0.011892918
CC(C)[C@@H](CC[C@@H](C)[C@H]1CC[C@H]2[C@@H]3[C@H](O)C[C@H]4C[C@@H](NCCCNCCCCN)CC[C@]4(C)[C@H]3CC[C@]12C)OS(=O)(=O)O,0.999974
CCCCOc1c(OCCCC)c(=O)c1=O,0.0769387
O=C(Nc1ccc(C(O)(C(F)(F)F)C(F)(F)F)cc1)c1ccc(C(F)(F)F)cc1,0.94271374
CC1=C(/C=C/C(=C/C=C/C(C)=C/C(=O)O)c2ccc(C)cc2)C(C)(C)CCC1,0.05118626
CC(C)Oc1cccc(CC(=O)N2CCC[C@](CC[N+]34CCC(c5ccccc5)(CC3)CC4)(c3ccc(Cl)c(Cl)c3)C2)c1,0.44781205
Cc1c(C)n(Cc2ccc(-c3ccccc3C(=O)O)cc2)c2ccc(C(=O)N[C@@H](C)c3ccc([N+](=O)[O-])cc3)cc12,0.6971435
OC(c1ccc(-c2ccc(CN3CCN(Cc4ccncc4)CC3)cc2)c(F)c1)(C(F)(F)F)C(F)(F)F,0.7938454
O=C(O)c1ccccc1Nc1cccc(OCc2ccc3ccccc3n2)c1,0.32628113
O=C(O)Cn1c(C(=O)Nc2nc(-c3ccccc3Cl)cs2)cc2ccccc21,0.57991153
Cc1ccc(-c2ncn(-c3ccc(Nc4nccc(-c5cccc(N6CCOCC6)c5)n4)cc3)n2)cn1,0.013367839
COc1ccc(CCN(C)CCCOc2ccc(S(=O)(=O)c3c(C(C)C)c4ccccc4n3C)cc2)cc1OC,0.74194086
COc1cc(NC(=O)c2cccc(-n3cc(NC(=O)Nc4cccc(C)c4)cn3)c2)cc(OC)c1OC,0.35349306
CN(C)CCOc1cc(-c2cn[nH]c2)ccc1NC(=O)[C@H]1COc2ccccc2O1,0.043468364
NC1CCN(c2cccc(Cl)n2)CC1,0.13927172
CCc1ccccc1OC[C@@H](O)CN[C@H]1CCCc2ccccc21,0.032752346
c1ccc2c(c1)CCCc1cc(NCCN3CCOCC3)nnc1-2,0.003425768
COc1cc2ncnc(Nc3ccc(Oc4ccccc4)cc3)c2cc1OC,0.60116905
O=C(Nc1cc(C(F)(F)F)ccc1N1CCCCC1)c1ccncc1,0.9908728
O=C(Nc1ccccc1-c1cn2c(CN3CCNCC3)csc2n1)c1cnc2ccccc2n1,0.4191777
Cc1nc(-c2cccnc2)sc1C(=O)Nc1ccccc1-c1cn2c(CN3CCOCC3)csc2n1,0.52847314
C[C@H](Nc1cc(NS(=O)(=O)N2CCC2)nc(SCc2cccc(F)c2F)n1)[C@@H](O)CO,0.19159482
COc1c(C)c(C(=O)c2ccc(N)c(C(=O)O)c2)n2ccccc12,0.04776093
O=C(Oc1ccc(Br)cc1)N1CC[N@]2CC[C@@H]1CC2,0.00024529276
COc1ccc2cc(S(=O)(=O)N[C@H](CC(=O)N[C@H](Cc3ccc(CN4[C@H](C)CCC[C@@H]4C)cc3)C(=O)N(C)C(C)C)c3ccc4c(c3)OCO4)ccc2c1,0.99982053
CCCCc1nc(N)c2nc(-n3nccn3)n(C)c2n1,0.38186044
Oc1ccc2ccccc2c1Cc1c(O)ccc2ccccc12,0.22731034
NC(=O)[C@H]1CCS[C@@H]2C[C@]3(CCCN3C(=O)Cc3ccc(NC(=O)COc4ccc(Cl)cc4Cl)cc3)C(=O)N12,0.81918705
CCc1cccc(CC)c1NC1=NCCN1,0.012034262
Cc1cccc(/C=N/Nc2cc(N3CCOCC3)nc(OCCc3ccccn3)n2)c1,0.63494474
O=C(O)Cc1nn(Cc2ccc(Br)cc2F)c(=O)c2ccccc12,0.41542998
O=[N+]([O-])c1ccc2c(c1)S(=O)(=O)C=C2,0.11846359
Cc1ccc(S(=O)(=O)OCC(=O)Nc2ccc(C(=O)O)c(O)c2)cc1,0.13577141
Cc1cn([C@H]2C=C[C@@H](CO)O2)c(=O)[nH]c1=O,0.0009942629
CC(C)n1cnc2c(NCCc3ccc(O)cc3)nc(-c3csc4ccccc34)nc21,0.08305988
C[C@@H](SC(=O)c1cccs1)C(=O)NCC(=O)O,0.21599606
CC(=O)[C@H]1CC[C@H]2[C@@H]3CCC4=CC(=O)CC[C@]4(C)[C@H]3[C@H](O)C[C@]12C,0.00019643722
O=S(=O)(/N=C/c1c(O)ccc2ccccc12)c1cccs1,0.4943456
Cc1ccc(S(=O)(=O)Cc2nc(-c3ccc(C(=O)NCc4cccnc4)cc3)oc2C)cc1,0.8179499
CC(C)(C)c1ccc(S(=O)(=O)NCc2ccc(C(=O)Nc3cccnc3)cc2)cc1,0.9960801
Cc1cccc(Nc2nc(-c3ccncc3)cs2)c1,0.0061711967
CC[C@H](/C=C/[C@@H](C)[C@H]1CC[C@H]2[C@@H]3CC=C4C[C@@H](O)CC[C@]4(C)[C@H]3CC[C@]12C)C(C)C,0.00019023567
CC(C)(C)[C@@H](O)/C=C/c1ccc2c(c1)OCO2,0.035466857
Cc1ccc2c(c1)[C@H]1CN(C)CC[C@H]1N2,0.0003294616
CN[C@@H]1[C@H](O[C@H]2[C@H](O[C@H]3[C@H](O)[C@@H](O)[C@H](NC(=N)N)[C@@H](O)[C@@H]3NC(=N)N)O[C@@H](C)[C@]2(O)C=O)O[C@@H](CO)[C@H](O)[C@H]1O,0.9950729
CN([NH2+][O-])C(=O)N[C@@H]1[C@@H](O)[C@H](O)[C@@H](CO)O[C@@H]1O,0.0041626035
N#Cc1c(N2C=C(O)[O][Sr][O]C(O)=C2)sc2c1CC(=O)[O][Sr][O]C2=O,0.9296908
O=C1C[C@@H]2OCC=C3CN4CC[C@]56c7ccccc7N1[C@H]5[C@H]2[C@H]3C[C@H]46,0.0011449913
CSCC[C@H](NC(=O)[C@H](CC(C)C)NC(=O)CNC(=O)[C@H](Cc1ccccc1)NC(=O)[C@H](Cc1ccccc1)NC(=O)[C@H](CCC(N)=O)NC(=O)[C@H](CCC(N)=O)NC(=O)[C@@H]1CCCN1C(=O)[C@H](CCCCN)NC(=O)[C@@H]1CCCN1C(=O)[C@@H](N)CCCNC(=N)N)C(N)=O,0.039587267
O=C(O)CCC(=O)O,9.864704e-05
CC(C)(Sc1cc(C(C)(C)C)c(O)c(C(C)(C)C)c1)Sc1cc(C(C)(C)C)c(OC(=O)CCC(=O)O)c(C(C)(C)C)c1,0.065844156
C[N+](C)(C)CCOC(=O)CCC(=O)OCC[N+](C)(C)C,0.006380166
O=C(O)CCC(=O)Nc1ccc(S(=O)(=O)Nc2nccs2)cc1,8.161025e-05
O=S(=O)(OC[C@H]1O[C@@](COS(=O)(=O)[O][Al]([OH])[OH])(O[C@H]2O[C@H](COS(=O)(=O)[O][Al]([OH])[OH])[C@@H](OS(=O)(=O)[O][Al]([OH])[OH])[C@H](OS(=O)(=O)[O][Al]([OH])[OH])[C@H]2OS(=O)(=O)[O][Al]([OH])[OH])[C@@H](OS(=O)(=O)[O][Al]([OH])[OH])[C@@H]1OS(=O)(=O)[O][Al]([OH])[OH])[O][Al]([OH])[OH],0.99999976
OC[C@H]1O[C@H](O[C@]2(CCl)O[C@H](CCl)[C@@H](O)[C@@H]2O)[C@H](O)[C@@H](O)[C@H]1Cl,0.0003062451
OC[C@H]1O[C@@](CO)(O[C@H]2O[C@H](CO)[C@@H](O)[C@H](O)[C@H]2O)[C@@H](O)[C@@H]1O,0.0030288137
CC(=O)OC[C@H]1O[C@@](COC(C)=O)(O[C@H]2O[C@H](COC(C)=O)[C@@H](OC(C)=O)[C@H](OC(C)=O)[C@H]2OC(C)=O)[C@@H](OC(C)=O)[C@@H]1OC(C)=O,0.78159446
Cc1ccccc1/N=N/c1ccc(/N=N/c2c(O)ccc3ccccc23)c(C)c1,3.688899e-05
CONC(=O)Nc1ccc(-c2sc3c(c2CN(C)Cc2ccccc2)c(=O)n(-c2ccccc2)c(=O)n3Cc2c(F)cccc2F)cc1,0.72333074
O=C(O)CCSC[C@@H]1O[C@H]2O[C@@H]3[C@@H](O)[C@H](O)[C@H](O[C@@H]4[C@@H](O)[C@H](O)[C@H](O[C@@H]5[C@@H](O)[C@H](O)[C@H](O[C@@H]6[C@@H](O)[C@H](O)[C@H](O[C@@H]7[C@@H](O)[C@H](O)[C@H](O[C@@H]8[C@@H](O)[C@H](O)[C@H](O[C@@H]9[C@@H](O)[C@H](O)[C@H](O[C@@H]1[C@@H](O)[C@@H]2O)O[C@H]9CSCCC(=O)O)O[C@H]8CSCCC(=O)O)O[C@H]7CSCCC(=O)O)O[C@H]6CSCCC(=O)O)O[C@H]5CSCCC(=O)O)O[C@H]4CSCCC(=O)O)O[C@H]3CSCCC(=O)O,1.3804119e-05
CC1(C)[C@H](C(=O)O)N2C(=O)C[C@H]2S1(=O)=O,0.05327959
CC(C)(C)C(=O)OCOC(=O)[C@H]1N2C(=O)C[C@H]2S(=O)(=O)C1(C)C,0.01739316
S=C1SCN(Cc2ccccc2)CN1Cc1ccccc1,0.00034058304
C/C(=C(/CCOC(=O)C(C)C)SS/C(CCOC(=O)C(C)C)=C(\C)N(C=O)Cc1cnc(C)nc1N)N(C=O)Cc1cnc(C)nc1N,0.0044387016
Clc1ccc(CS[C@@H](Cn2ccnc2)c2ccc(Cl)cc2Cl)cc1,0.13919953
Nc1ccc(S(=O)(=O)NC(=O)c2ccccc2)cc1,0.00052056764
NC(=O)NS(=O)(=O)c1ccc(N)cc1,0.00019077095
CC(=O)NS(=O)(=O)c1ccc(N)cc1,2.0213316e-05
Nc1ccc(S(=O)(=O)Nc2ccc(Cl)nn2)cc1,0.010234623
Nc1ccc(S(=O)(=O)Nc2ncccn2)cc1,0.00031528747
COc1ncnc(NS(=O)(=O)c2ccc(N)cc2)c1OC,0.005532016
Cc1noc(NS(=O)(=O)c2ccc(N)cc2)c1C,0.00021535704
N=C(N)NS(=O)(=O)c1ccc(N)cc1,0.0005205701
Cc1ccnc(NS(=O)(=O)c2ccc(N)cc2)n1,0.0005719044
COc1cnc(NS(=O)(=O)c2ccc(N)cc2)nc1,0.00028288263
Cc1cc(C)nc(NS(=O)(=O)c2ccc(N)cc2)n1,0.0031996304
Cc1nnc(NS(=O)(=O)c2ccc(N)cc2)s1,0.019469975
Cc1cc(NS(=O)(=O)c2ccc(N)cc2)no1,0.00027702178
COc1ccc(NS(=O)(=O)c2ccc(N)cc2)nn1,0.0017606398
COc1nccnc1NS(=O)(=O)c1ccc(N)cc1,0.0015902097
COc1cc(NS(=O)(=O)c2ccc(N)cc2)ncn1,0.0061462163
Cc1nc(NS(=O)(=O)c2ccc(N)cc2)oc1C,0.0035269042
Nc1ccc(S(N)(=O)=O)cc1,0.5675395
Nc1ccc(S(=O)(=O)[O][Zn][O]S(=O)(=O)c2ccc(N)cc2)cc1,0.9475897
CC(=O)Nc1ccc(S(=O)(=O)Nc2ccc([N+](=O)[O-])cc2)cc1,0.0001520291
Nc1ccc(S(=O)(=O)Nc2ccnn2-c2ccccc2)cc1,0.018465297
Nc1ccc(S(=O)(=O)Nc2ccccn2)cc1,0.00072882447
Nc1ccc(S(=O)(=O)Nc2cnc3ccccc3n2)cc1,0.0013076059
O=C(O)c1cc(/N=N/c2ccc(S(=O)(=O)Nc3ccccn3)cc2)ccc1O,0.09386282
Nc1ccc(S(=O)(=O)Nc2nccs2)cc1,0.00027017735
Cc1cc2cc(Oc3ccnc(Nc4cccc(CS(=O)(=O)NCCN(C)C)c4)n3)ccc2[nH]1,0.068793364
O=C1C(CC[S@](=O)c2ccccc2)C(=O)N(c2ccccc2)N1c1ccccc1,0.07031169
Cc1cc(NS(=O)(=O)c2ccc(N)cc2)nc(C)n1,0.010794731
CC(=O)N(c1onc(C)c1C)S(=O)(=O)c1ccc(N)cc1,0.001875981
C[S@@](=O)CCCCN=C=S,0.1235922
CC1=C(CC(=O)O)c2cc(F)ccc2/C1=C\c1ccc([S@@](C)=O)cc1,0.22727576
COc1cc(O)c(C(=O)c2ccccc2)cc1S(=O)(=O)O,0.9801568
COc1cc([S@@](C)=O)ccc1-c1nc2ncccc2[nH]1,0.110931195
COc1cc(C(=S)N2CCOCC2)cc(OC)c1OC,0.97097987
CCCCCCCCN[C@H](C)[C@@H](O)c1ccc(SC(C)C)cc1,0.015291047
C[C@@H](O)[C@H]1C(=O)N2C(C(=O)O)=C(S[C@H]3CC[S@@](=O)C3)S[C@H]12,0.8906822
COc1cc(NS(=O)(=O)c2ccc(N)cc2)nc(OC)n1,0.0018874102
CCN1CCC[C@@H]1CNC(=O)c1cc(S(N)(=O)=O)ccc1OC,0.9994061
CC1(C)S[C@@H]2[C@H](NC(=O)[C@H](N)c3ccccc3)C(=O)N2[C@H]1C(=O)OCOC(=O)[C@@H]1N2C(=O)C[C@H]2S(=O)(=O)C1(C)C,0.07716181
NS(=O)(=O)c1ccc(N2CCCCS2(=O)=O)cc1,0.75591075
CCN1CCC[C@H]1CNC(=O)c1cc(S(=O)(=O)CC)ccc1OC,0.9947594
CN[C@@H]1Cc2cccc3[nH]c(=O)n(c23)C1,0.001523328
CNS(=O)(=O)Cc1ccc2[nH]cc(CCN(C)C)c2c1,0.21403725
C/C(=N\c1ccccc1N)c1c(C)cc(=O)n(O)c1O,0.005942979
Cc1c(C)c(NCC(=O)N(C)C2CCN(Cc3ccc(C(N)=O)cc3)CC2)c(C)c(C)c1N,0.007275844
CCN(CC)CCNC(=O)c1c(C)[nH]c(/C=C2\C(=O)Nc3ccc(F)cc32)c1C,0.18571134
CCOC[C@@H](O)COc1ccc(NC(=O)CC[S+](C)C)cc1,0.013711675
C[C@@H](C(=O)O)c1ccc(C(=O)c2cccs2)cc1,0.0020293929
Cc1ccc(C(=O)Nc2ccc(S(=O)(=O)O)c3cc(S(=O)(=O)O)cc(S(=O)(=O)O)c23)cc1NC(=O)c1cccc(NC(=O)Nc2cccc(C(=O)Nc3cc(C(=O)Nc4ccc(S(=O)(=O)O)c5cc(S(=O)(=O)O)cc(S(=O)(=O)O)c45)ccc3C)c2)c1,0.98869145
Cn1nc(-c2cccc(F)c2)n(C)c1=S,0.518392
CC(=O)NC[C@H]1CN(c2ccc(N3CCSCC3)c(F)c2)C(=O)O1,0.85656375
CCCCC1(COC(=O)CCC(=O)O)C(=O)N(c2ccccc2)N(c2ccccc2)C1=O,0.0076756673
Cc1[nH]c(/C=C2\C(=O)Nc3ccc(F)cc32)c(C)c1C(=O)NC[C@H](O)CN1CCOCC1,0.2136459
Cc1[nH]c(/C=C2\C(=O)Nc3ccc(S(=O)(=O)N(C)c4cccc(Cl)c4)cc32)c(C)c1C(=O)N1CCN(C)CC1,0.098857895
Cc1[nH]c(/C=C2\C(=O)Nc3cc(-c4ccccc4)ccc32)c(C)c1CCC(=O)O,0.10077562
Nc1nnc(Sc2ncc([N+](=O)[O-])s2)s1,0.071792126
CN(C)c1ccc(/C=C2\C(=O)Nc3ccccc32)cc1,0.0015590873
COc1ccc2c(c1)/C(=C/c1cnc[nH]1)C(=O)N2,0.004493932
O[C@H]1[C@H]2[C@H](O)CCCN2C[C@H]1O,1.0640846e-05
CN(C)C(=O)C(=O)c1cn(C)c2cc(Cl)c(C(=O)N3CCC(Cc4ccc(F)cc4)CC3)cc12,0.15933259
CC(=O)N(C)Cc1ccc2c(c1)OCO2,0.0014388401
C[C@H](C[C@H](N)C(=O)O)C(=O)O,0.1688345
CCCNC(=O)N1N=C(c2ccc(N)cc2)c2cc3c(cc2[C@@H]1C)OCO3,0.9860633
O=c1n(Cl)c(=O)n(Cl)c(=O)n1Cl,0.99557424
CNC[C@@H](O)c1ccc(O)cc1,0.00016103075
COc1ccncc1C(=O)NC(=O)Nc1ccc(-c2ccccc2)c(C(F)(F)F)c1,0.21666746
c1ccc2c(c1)CC(N1CCN(c3cccc4c3OCCO4)CC1)C2,0.0025124
O=S1(=O)N[C@H]2CCCN2c2ccccc21,0.00044959542
COC(=O)C(Cc1ccc(OCCn2c(=O)sc3cc(C(=O)c4ccccc4)ccc32)cc1)C(=O)OC,0.25913283
Cc1cc(C)cc(NC(=O)Nc2ccc(OS(N)(=O)=O)cc2)c1,0.012058799
O=C1Nc2ccc(CN3C(=O)CSC3=O)cc2/C1=C/c1cc(CN2CCOCC2)c[nH]1,0.012745644
Cc1c(-c2c(-c3ccc(F)o3)sc3ncnc(O[C@H](Cc4ccccc4OCc4ccnn4CC(F)(F)F)C(=O)O)c23)ccc(OCCN2CCN(C)CC2)c1Cl,0.18440105
O=C(Nc1ccncc1)c1cc([N+](=O)[O-])ccc1Cl,0.72089136
COC(=O)c1c(-c2cc(OC)c(OC)c(OC)c2)c2ccnc(OCc3ncccn3)c2c(=O)n1Cc1ccnc(C)c1,0.9273771
CNc1nc(NCc2ncccn2)c2c(-c3ccc4ncccc4c3)c[nH]c2n1,0.91668063
O=S(=O)(c1ccccc1)N(CC(F)(F)F)c1ccc(C(O)(C(F)(F)F)C(F)(F)F)cc1,0.50651616
COC(=O)OC[C@H]1O[C@@H](Oc2cc(C)cc(O)c2C(=O)CCc2ccc3occc3c2)[C@H](O)[C@@H](O)[C@@H]1O,0.11894997
O=C(O)CCc1cc(C(=O)c2ccc(OC3CCCC3)cc2O)ccc1OCc1ccc2c(=O)[nH]oc2c1,0.8831583
Cc1cc(C(=O)Nc2cccc(C(=O)Nc3cccc(C(F)(F)F)c3)c2)on1,0.14450562
Nc1sc2c(c1C(=O)c1ccc(Cl)cc1)CCCC2,0.047396015
Fc1ccc(-c2ccc3c(c2)[nH]c2ccncc23)cn1,0.20071575
Fc1ccc(-c2[nH]c(-c3c(F)cccc3F)nc2-c2ccncc2)cc1,0.23329456
CNC(=O)[C@@H](Cc1ccccc1)N(C)C(=O)[C@@H](Cc1ccc2ccccc2c1)N(C)C(=O)/C=C/CC(C)(C)N,0.92359227
C=C1/C(=C\C=C2/CCC[C@]3(C)[C@@H]([C@H](C)CC[C@@H](O)C(C)C)CC[C@@H]23)C[C@@H](O)C[C@@H]1O,0.060188983
CC(=O)Nc1ccc(C(=O)Nc2ccccc2N)cc1,0.022582175
Nc1c2c(nc3ccccc13)CCCC2,0.11446981
C=CC[C@@H]1/C=C(\C)C[C@H](C)C[C@H](OC)[C@H]2O[C@@](O)(C(=O)C(=O)N3CCCC[C@H]3C(=O)O[C@H](/C(C)=C/[C@@H]3CC[C@@H](O)[C@H](OC)C3)[C@H](C)[C@@H](O)CC1=O)[C@H](C)C[C@@H]2OC,0.9785044
CN1CC(=O)N2[C@H](c3ccc4c(c3)OCO4)c3[nH]c4ccccc4c3C[C@@H]2C1=O,0.0006640991
O=C(O)c1ccc2nc(-c3cc(Cl)cc(Cl)c3)oc2c1,0.016423171
COc1cc(C)c2c(Oc3cccc(C(F)(F)F)c3)c(OC)cc(N[C@@H](C)CCCN)c2n1,0.002919448
CC(C)OC(=O)CCC/C=C\C[C@@H]1[C@@H](/C=C/C(F)(F)COc2ccccc2)[C@H](O)C[C@@H]1O,0.002106489
O=C(CO)[C@@H](O)[C@@H](O)[C@H](O)CO,0.001158515
COc1cn(-c2ccc(-n3cccn3)cc2F)nc(-c2ccnn2-c2ccccc2)c1=O,0.11300847
CC(=O)N1CCC(C(=O)N(CCCN2CCC(Cc3ccc(C(N)=O)cc3)CC2)c2ccc(C)c(Cl)c2)CC1,0.055275396
NS(=O)(=O)OC[C@H]1C[C@@H](Nc2ccnc3cc(-c4cccc(SC(F)(F)F)c4)nn23)[C@H](O)[C@@H]1O,0.81111854
CC(C)(O)CC(=O)NCCn1ccc2ncnc(Nc3ccc(Oc4cccc(C(F)(F)F)c4)c(Cl)c3)c21,0.56097513
Cc1cc(C(=O)Nc2cc(Oc3ccc4nc(NC(=O)C5CC5)cn4n3)ccc2C)n(C)n1,0.9739145
N#Cc1c(Oc2ccc(F)c(NC(=O)Cc3cccc(C(F)(F)F)c3)c2)ccc2nc(NC(=O)C3CC3)sc12,0.18606146
Cn1cc(-c2nc(N[C@@H]3CCCC[C@@H]3N)c(F)c3c2C(=O)NC3)cn1,0.022668727
CCc1nc(-c2cccc(C)c2)c(-c2ccnc(NC(=O)c3ccccc3)c2)s1,0.22587857
Cn1c(=O)c(F)c(Nc2ccc(I)cc2F)c2c(=O)n(C[C@@H](O)CO)cnc21,0.60945976
Cc1ccc(-c2ccc3c(c2)C=C(C(=O)Nc2ccc(C[N+](C)(C)C4CCOCC4)cc2)CCC3)cc1,0.3225833
Cc1cc(OCCCS(C)(=O)=O)cc(C)c1-c1cccc(COc2ccc3c(c2)OC[C@H]3CC(=O)O)c1,0.93275285
CCS(=O)(=O)c1cccc(-c2cc(C(=O)NC3CCN(C)CC3)c(C)c3[nH]c4ncc(C)cc4c23)c1,0.88162637
COc1cc(C(=O)NC2CCN(C)CC2)c(F)cc1Nc1ncc2c(n1)N(C1CCCC1)CC(F)(F)C(=O)N2C,0.14721556
CC(C)[C@H](N)C(=O)N1CCC[C@H]1B(O)O,2.7432634e-05
CN(C(=O)c1ccc(F)cc1C(F)(F)F)C1CCN(c2nnc(-c3ccnn3C)c3ccccc23)CC1,0.9049078
CC(=O)N1N=C(c2ccc(N)cc2)c2cc3c(cc2C[C@H]1C)OCO3,0.016262747
C=Cc1c(C)c2cc3nc(c(CC(=O)N[C@@H](CC(=O)O)C(=O)O)c4nc(cc5[nH]c(cc1[nH]2)c(C)c5CC)C(C)=C4C(=O)O)[C@@H](CCC(=O)O)[C@@H]3C,0.9382695
CCC(CC)[C@@H](c1ccc(Nc2nc3ccccc3s2)cc1)n1cncn1,0.013226841
Cn1ncnc1[C@H]1c2n[nH]c(=O)c3cc(F)cc(c23)N[C@@H]1c1ccc(F)cc1,0.23923305
CC(C)(C)NC[C@@H](O)COc1ccc(NC(=O)NC2CCCCC2)cc1,0.5047689
C=CCN1CCc2nc(N)sc2CC1,0.2235612
C[C@@H]1CN(Cc2ccc(F)cc2)[C@@H](C)CN1C(=O)c1cc2c(C(=O)C(=O)N(C)C)cn(C)c2cc1Cl,0.99667513
CC[C@H](NC(=O)c1c(O)c(-c2ccccc2)nc2ccccc12)c1ccccc1,0.50606453
O=C1O[C@H](OC(=O)c2cccnc2Nc2cccc(C(F)(F)F)c2)c2ccccc21,0.09423455
CNCCC[C@@]1(c2ccccc2)OC(C)(C)c2ccccc21,0.0002846254
C#CCO[C@H]1CN2CCC1CC2,0.0014211012
CN1C(=O)C[C@@H](C(=O)N[C@@H](Cc2cnc[nH]2)C(=O)N2CCC[C@H]2C(N)=O)NC1=O,0.0063983984
CN[C@H](C(=O)N[C@H](C(=O)N(C)[C@H](/C=C(\C)C(=O)O)C(C)C)C(C)(C)C)C(C)(C)c1ccccc1,0.28632894
COC(=O)[C@H](CCCNC(=N)N)NS(=O)(=O)c1ccc(C)cc1,0.9393522
CC1(C)CCC(C)(C)c2cc(NC(=O)c3ccc(C(=O)O)cc3)ccc21,0.9607081
Nc1nc(-n2cccn2)nc(-n2cccn2)c1Br,0.097779505
CC/C(=C(\c1ccccc1)c1ccc(OCCN(C)C)cc1)c1ccccc1,0.0024201043
CCOc1ccccc1OCCN[C@H](C)Cc1ccc(OC)c(S(N)(=O)=O)c1,0.9432833
Cn1c(C#N)ccc1-c1ccc2c(c1)C(C)(C)OC(=S)N2,0.0041056336
O=C1[C@@H]2[C@H]3CC[C@H](C3)[C@@H]2C(=O)N1CCCCN1CCN(c2ncccn2)CC1,0.024360072
COc1cc2c(N3CCN(C(=O)Nc4ccc(OC(C)C)cc4)CC3)ncnc2cc1OCCCN1CCCCC1,0.13522492
C=CCNC1=C2C[C@@H](C)C[C@H](OC)[C@H](O)[C@@H](C)/C=C(\C)[C@H](OC(N)=O)[C@@H](OC)/C=C\C=C(/C)C(=O)NC(=CC1=O)C2=O,0.2426416
COc1ccc(-c2cc(=O)c3c(OC)c(OC)c(OC)c(OC)c3o2)cc1,0.007920162
O=C(OC[C@H]1O[C@@H](OC(=O)c2cc(O)c(O)c(OC(=O)c3cc(O)c(O)c(O)c3)c2)[C@H](OC(=O)c2cc(O)c(O)c(OC(=O)c3cc(O)c(O)c(O)c3)c2)[C@@H](OC(=O)c2cc(O)c(O)c(OC(=O)c3cc(O)c(O)c(O)c3)c2)[C@@H]1OC(=O)c1cc(O)c(O)c(OC(=O)c2cc(O)c(O)c(O)c2)c1)c1cc(O)c(O)c(OC(=O)c2cc(O)c(O)c(O)c2)c1,0.9919329
Cc1coc2c1C(=O)C(=O)c1c-2ccc2c(C)cccc12,0.01617145
Cc1coc2c1C(=O)C(=O)c1c-2ccc2c1CCCC2(C)C,0.14684889
CC(C)c1c(O)cc(/C=C/c2ccccc2)cc1O,0.041213132
O=C(O)COc1cccc(CN(Cc2ccc(-n3cccn3)cc2)S(=O)(=O)c2cccnc2)c1,0.82690924
O=C(O[C@H]1C[N@]2CC[C@@H]1CC2)N(Cc1cc(F)c(F)c(F)c1)c1cccc(F)c1,0.17309922
C[C@H](NC(=O)C(C)(C)Oc1ccc(C(F)(F)F)cn1)[C@@H](Cc1ccc(Cl)cc1)c1cccc(C#N)c1,0.9361142
CNC(=N)NCCC[C@H](N)C(=O)O,0.00043156097
COc1cc2c(cc1OC)CN(CCc1ccc(NC(=O)c3cc(OC)c(OC)cc3NC(=O)c3cnc4ccccc4c3)cc1)CC2,0.98771775
O=C(O)[C@H](O)[C@@H](O)C(=O)O,0.069014974
CN(C)CCNc1nc2cc(O)ccc2c2c1C(=O)c1ccccc1-2,0.002639312
Cc1nc(-c2cn3c(n2)-c2ccc(-c4cnn(C(C)(C)C(N)=O)c4)cc2OCC3)n(C(C)C)n1,0.47509828
CCC(=O)NC[C@@H]1C[C@H]1c1cccc2c1CCO2,0.0024817204
O=C(NS(=O)(=O)c1ccc(Br)s1)c1ccc(Cl)cc1Cl,0.7148975
COc1cccc2c1c(O)c(C(=O)N(C)c1ccc(C(F)(F)F)cc1)c(=O)n2C,0.09265073
c1cnc(SCc2cccnc2)nc1,7.623184e-05
NCCS(=O)(=O)O,0.0034844305
C[C@H](CCC(=O)NCCS(=O)(=O)O)[C@H]1CC[C@H]2[C@@H]3[C@H](O)C[C@@H]4C[C@H](O)CC[C@]4(C)[C@H]3C[C@H](O)[C@]12C,0.018470509
C[C@H](CCC(=O)NCC(=O)NCCS(=O)(=O)O)[C@H]1CC[C@H]2[C@@H]3[C@H](O)C[C@@H]4C[C@H](O)CC[C@]4(C)[C@H]3C[C@H](O)[C@]12C,0.03903933
O=S1(=O)CCN(CN2CCS(=O)(=O)NC2)CN1,0.001220818
OB1OCc2cc(F)ccc21,0.39248836
NCCCC[C@@H]1NC(=O)[C@H](CCC(=O)O)NC(=O)c2cc([N+](=O)[O-])ccc2OCC[C@@H](C(=O)NCC(=O)O)NC1=O,0.16782649
O=C1c2c(O)cc(O)cc2O[C@H](c2ccc(O)c(O)c2)[C@H]1O,0.0008411438
CCOC(=O)c1ccc(C#Cc2ccc3c(c2)C(C)(C)CCS3)nc1,0.031512838
CCN(c1cc(-c2ccc(CN3CCOCC3)cc2)cc(C(=O)NCc2c(C)cc(C)[nH]c2=O)c1C)C1CCOCC1,0.99827373
C[C@]1(Cn2ccnn2)[C@H](C(=O)O)N2C(=O)C[C@H]2S1(=O)=O,0.36623156
O=[N+]([O-])c1cn2c(n1)OC[C@@H](OCc1ccc(-c3ccc(OC(F)(F)F)cc3)nc1)C2,0.996014
N[C@@H](C(=O)O)[C@@H](OCc1ccccc1)C(=O)O,0.014140343
Cc1cc(Nc2cc(C)c(C#N)c(N[C@@H](C)CCCC(C)(C)O)n2)[nH]n1,0.007624821
CC(C)(C)c1ccc(C(=O)Nc2cn3cc(-n4ccnc4)ccc3n2)cc1,0.85206044
O=C(O)CCN(O)C(=O)CCCCCCCCC1CC1,0.0033911753
CC1CCN([C@@H](c2ccc(F)cc2)c2ccc([C@@H](C)C(=O)O)cc2-c2ccc(C(F)(F)F)cc2)CC1,0.25552166
CCn1c(=O)n([C@H]2CCCN(c3nccc(-c4cc5ccccc5o4)n3)C2)c2ccccc21,0.07036535
CC(C)c1c(NC(=O)Nc2ccc(Cl)cc2)c(=O)n(-c2ccccc2)n1C,0.15349244
Cc1sc(C)c2c1CCC=C2c1cnc[nH]1,0.0037833257
COC1CCN(c2cccc(-c3cc(NC(C)=O)nc(-n4nc(C)cc4C)n3)n2)CC1,0.8698589
Cc1ccc(C)c(Oc2ccncc2C(=O)N2CCN(C3CC3)c3ccccc32)c1,0.21451999
CNc1nc(NCc2ccc(NS(C)(=O)=O)cc2Cl)cc(-c2ccccn2)n1,0.95422703
Cc1ccc(NC(=O)CCCCCC(=O)Nc2ccccc2N)cc1,0.04247715
CC1(C)SCN(S(=O)(=O)c2ccccc2)[C@@H]1C(=O)N[C@@H](CNC(=O)NCc1ccccc1)C(=O)O,0.052387852
O=C(Nc1ccc(F)cc1)N1CCc2ccccc2[C@@H]1c1ccc(C(F)(F)F)cc1,0.0374215
FC(F)(F)c1ccccc1-c1cc(C(F)(F)F)c2[nH]c(C3=NOC4(CCCCC4)C3)nc2c1,0.9234064
COc1cccc(-n2nc(C(=O)O)cc2-c2ccc(C3CCCCC3)c(Cl)c2)c1,0.2509808
CC(C)(C)Nc1nc(Nc2ccc(C(N)=O)cc2)cc(N)c1C#N,0.020314489
CC(=O)Nc1cccc(Nc2ncnc(N3CCC(OCc4ccc(OC(F)(F)F)cc4)CC3)n2)c1C,0.07003292
COc1cccc(OC)c1-c1cc(C(=O)N[C@@H](CC(C)C)C(=O)O)nn1-c1ccnc2cc(Cl)ccc12,0.39825645
COc1cc(OC)cc(C(=O)NNC(=O)Nc2cccc3ccccc23)c1,0.6917763
Cc1cc(C(=O)N2Cc3cnn(C)c3Nc3ccccc32)ccc1CNC(=O)N1CCC[C@H]1C(=S)N1CCCN(C)CC1,0.903401
Cc1cccc(C)c1-n1c(=O)c2cnc(Nc3ccc(N4CCN(C)CC4)cc3)nc2n2c3ccccc3nc12,0.51672035
COc1ncc2cc(C(=O)Nc3cc(C(=O)NCc4cccc(Cl)c4)ccc3Cl)c(=O)[nH]c2n1,0.8230491
C[C@H](Nc1cc2c(-c3ccc4c(c3)OCO4)noc2cn1)c1ccccc1,0.03665591
N#Cc1cnc2cnc(NCc3cccnc3)cc2c1Nc1ccc(F)c(Cl)c1,0.8230145
O=[N+]([O-])c1c(Nc2cc(F)cc(Cl)c2)ccc2nonc12,0.2504807
O=C(O)C1CN(Cc2ccc(-c3nc4cc(Cc5ccccc5F)ccc4s3)c(F)c2)C1,0.32023233
O=C1CC(=O)c2c(Cl)c(Cl)c(Cl)c(Cl)c21,0.18283641
O=C(NNC(=O)c1ccc(CNS(=O)(=O)c2ccc(F)c(Cl)c2)cc1)c1ccccc1,0.093924105
Nc1nccc(/C=C/c2ccccc2)n1,0.012077789
CC(C)C(=O)SCCCCC[C@H](NC(=O)OC(C)(C)C)C(=O)NC12CC3CC(CC(C3)C1)C2,0.46844408
COc1cc2c(cc1OC)CN(C(=O)[C@@H](NCc1ccncc1)C(C)(C)C)CC2,0.9623006
N#Cc1c(-c2ccccc2)cc(-c2cc(Br)ccc2O)[nH]c1=O,0.018589329
Cc1nnc(-c2ccc3occ(-c4ccc([S@](C)=O)cc4)c3c2)o1,0.55122614
CC(C)(O)C(=O)N1CCN(c2ccc(C(F)(F)F)c(C3=C(c4c[nH]c5ccccc45)C(=O)NC3=O)c2)CC1,0.29584414
O=C(NO)c1ccc2[nH]c(=O)c(CCCc3ccccc3)nc2c1,0.08071627
Cc1ccccc1NC(=O)Nc1ccc(CC(=O)N2CCOC[C@H]2C(=O)N2CCC(CC(=O)O)CC2)cc1,0.02859337
O=C(O)COc1ccc(/C=C2\SC(=O)NC2=O)cc1,0.31343174
COc1ccc(C(=O)Nc2sc3c(c2C(N)=O)CCCC3)cc1OC,0.22105739
CC[C@@H](C)c1ccc(NC(=O)Cn2cnc3c2c(=O)n(C)c(=O)n3C)cc1,0.98906505
CCC[n+]1cc(Br)cc(C(=O)N(CCC(=O)NCCOC(=O)N2CCc3ccccc3C2)c2ccccc2)c1,0.10268889
O[C@@]12[C@H]3[C@@H]4[C@@H]5C[C@@H]6[C@@H]4[C@@H]3[C@@H]([C@@H]6[C@@H]51)N2CCc1cccc(F)c1,0.041540656
CCOc1cncc(/C=C/CCNC)c1,0.0057973247
OC[C@H]1O[C@@H](S[C@@H]2O[C@H](CO)[C@H](O)[C@H](n3cc(-c4cccc(F)c4)nn3)[C@H]2O)[C@H](O)[C@@H](n2cc(-c3cccc(F)c3)nn2)[C@H]1O,0.19382955
C[C@@H](O)[C@H]1C(=O)N2C(C(=O)OCOC(=O)C(C)(C)C)=C(SC3CN(C4=NCCS4)C3)[C@H](C)[C@H]12,0.9749008
OC[C@H]1O[C@@H](n2cnc3c(N[C@@H]4CCOC4)ncnc32)[C@H](O)[C@@H]1O,0.0031307957
COc1cccc([C@@H](C)NCCCc2ccccc2Cl)c1,0.006357624
Fc1ccc(Cn2c(NC3CCNCC3)nc3ccccc32)cc1,0.0027555001
O=C(NN1C(=O)[C@@H]2[C@@H]3C=C[C@@H]([C@H]4C[C@@H]34)[C@@H]2C1=O)c1ccc(C(F)(F)F)cc1,0.31557995
Cn1nnc(-c2ccc(-c3ccc(N4C[C@H](CO)OC4=O)cc3F)cn2)n1,0.9495294
Cn1nnc(-c2ccc(-c3ccc(N4C[C@H](COP(=O)(O)O)OC4=O)cc3F)cn2)n1,0.99240416
CCCCCNC(=N)N/N=C/c1c[nH]c2ccc(OC)cc12,0.0017733375
Fc1ccccc1-c1nc2ccn(Cc3ccc(-c4ccc(C(F)(F)F)cc4C(F)(F)F)nn3)cc-2n1,0.48531574
CCCCCCCCCC(=O)N[C@H]1[C@H](Oc2c3cc4cc2Oc2ccc(cc2Cl)[C@@H](O[C@@H]2O[C@H](CO)[C@@H](O)[C@H](O)[C@H]2NC(C)=O)[C@@H]2NC(=O)[C@H](NC(=O)[C@@H]4NC(=O)[C@H]4NC(=O)[C@@H](Cc5ccc(c(Cl)c5)O3)NC(=O)[C@@H](N)c3ccc(O)c(c3)Oc3cc(O)cc4c3)c3ccc(O)c(c3)-c3c(O[C@H]4O[C@H](CO)[C@@H](O)[C@H](O)[C@@H]4O)cc(O)cc3[C@H](C(=O)O)NC2=O)O[C@H](CO)[C@@H](O)[C@@H]1O,0.49281406
CCCCC/C=C/CCC(=O)N[C@H]1[C@H](Oc2c3cc4cc2Oc2ccc(cc2Cl)[C@@H](O[C@@H]2O[C@H](CO)[C@@H](O)[C@H](O)[C@H]2NC(C)=O)[C@@H]2NC(=O)[C@H](NC(=O)[C@@H]4NC(=O)[C@H]4NC(=O)[C@@H](Cc5ccc(c(Cl)c5)O3)NC(=O)[C@H](N)c3ccc(O)c(c3)Oc3cc(O)cc4c3)c3ccc(O)c(c3)-c3c(O[C@H]4O[C@H](CO)[C@@H](O)[C@H](O)[C@@H]4O)cc(O)cc3[C@@H](C(=O)O)NC2=O)O[C@H](CO)[C@@H](O)[C@@H]1O,0.42391807
CC(=O)N[C@@H]1[C@H](O[C@@H]2c3ccc(c(Cl)c3)Oc3cc4cc(c3O[C@@H]3O[C@H](CO)[C@@H](O)[C@H](O)[C@@H]3NC(=O)CCCCCCCC(C)C)Oc3ccc(cc3Cl)C[C@H]3NC(=O)[C@H](N)c5ccc(O)c(c5)Oc5cc(O)cc(c5)[C@H](NC3=O)C(=O)N[C@@H]4C(=O)N[C@@H]3C(=O)N[C@@H]2C(=O)N[C@@H](C(=O)O)c2cc(O)cc(O[C@H]4O[C@H](CO)[C@@H](O)[C@H](O)[C@@H]4O)c2-c2cc3ccc2O)O[C@H](CO)[C@@H](O)[C@@H]1O,0.9202619
O=C(CNC(=O)c1cccc(C(F)(F)F)c1)N[C@@H]1CCN(Cc2ccc(Cl)cc2)C1,0.060776193
CCC[C@H](NC(=O)[C@@H]1[C@H]2CCC[C@H]2CN1C(=O)[C@@H](NC(=O)[C@@H](NC(=O)c1cnccn1)C1CCCCC1)C(C)(C)C)C(=O)C(=O)NC1CC1,0.95638764
CNC(=O)c1cc(COc2nnc(Nc3ccc(Cl)cc3)c3ccoc23)ccn1,0.09707223
Cc1cn([C@@H]2C[C@@H](O)[C@H](CO)O2)c(=O)[nH]c1=O,0.0009196133
O=C(N[C@@H]1CC[C@@H](c2cccc(F)c2F)CN(CC(F)(F)F)C1=O)N1CCC(n2c(=O)[nH]c3ncccc32)CC1,0.1821739
Cc1scc2c1N(C(=O)CN1CCN(C)CC1)c1ccccc1NC2=O,0.09313476
CC[C@H]1OC(=O)[C@H](C)C(=O)[C@H](C)[C@@H](O[C@@H]2O[C@H](C)C[C@H](N(C)C)[C@H]2O)[C@](C)(OC)C[C@@H](C)C(=O)[C@H](C)[C@H]2N(CCCCn3cnc(-c4cccnc4)c3)C(=O)O[C@]12C,0.9999542
CCOC(=O)N1CSC[C@@H]1C(=O)O,0.0031809031
CCCc1nc2c(C)cc(-c3nc4ccccc4n3C)cc2n1Cc1ccc(-c2ccccc2C(=O)O)cc1,0.96904135
Cc1ccn(-c2cc(Cl)ccc2[C@@H](Oc2cc(-c3ccc(C[C@H](N)C(=O)O)cc3)nc(N)n2)C(F)(F)F)n1,0.4138821
CCOC(=O)[C@@H](N)Cc1ccc(-c2cc(O[C@H](c3ccc(Cl)cc3-n3ccc(C)n3)C(F)(F)F)nc(N)n2)cc1,0.11259361
CCCCCCCCCCCCCCCCCC(=O)NCCCCOn1c(CCCC)nc2c(N)nc3ccccc3c21,0.31644264
COc1cccc(C(=O)Nc2ccc(OCCN3CCOCC3)c(-c3ccnn3C)c2)c1,0.17537077
COP(=S)(OC)Oc1ccc(Sc2ccc(OP(=S)(OC)OC)cc2)cc1,0.9977896
CCOC(=O)[C@H](CCc1ccccc1)N[C@H]1CS[C@H](c2cccs2)CN(CC(=O)O)C1=O,0.71967745
Oc1cccc(-c2c3nc(c(-c4cccc(O)c4)c4[nH]c(c(-c5cccc(O)c5)c5ccc([nH]5)c(-c5cccc(O)c5)c5nc2C=C5)CC4)C=C3)c1,0.33600911
Cn1nnc2c(C(N)=O)ncn2c1=O,0.053316943
CC1(C)CC(O)CC(C)(C)N1O,0.01296546
CO[C@H]1C[C@@H]2CC[C@@H](C)[C@@](O)(O2)C(=O)C(=O)N2CCCC[C@H]2C(=O)O[C@H]([C@H](C)C[C@@H]2CC[C@@H](OC(=O)C(C)(CO)CO)[C@H](OC)C2)CC(=O)[C@H](C)/C=C(\C)[C@@H](O)[C@@H](OC)C(=O)[C@H](C)C[C@H](C)/C=C/C=C/C=C/1C,0.0040122285
Cc1sc2c(c1C)C(c1ccc(Cl)cc1)=N[C@@H](CC(=O)NCCCN1CCN(C)CC1)c1nnc(C)n1-2,0.74661875
CC[C@H](Nc1ncnc2nc[nH]c12)c1oc2ccccc2c(=O)c1-c1cccc(F)c1,0.9548757
CN1Cc2c(Cl)cc(Cl)cc2[C@H](c2cccc(S(=O)(=O)NCCOCCOCCNC(=O)NCCCCNC(=O)NCCOCCOCCNS(=O)(=O)c3cccc([C@@H]4CN(C)Cc5c(Cl)cc(Cl)cc54)c3)c2)C1,0.48626408
COc1ccc2[nH]c([S@@](=O)Cc3ncc(C)c(OC)c3C)nc2n1,0.872144
Cc1cc(N2CCN([C@@H]3CN[C@H](C(=O)N4CCSC4)C3)CC2)n(-c2ccccc2)n1,0.5553069
NC(=O)N1C(=O)[C@@H](C(=O)c2cccs2)c2cc(Cl)ccc21,0.6482433
O=C1NCCN[C@@H]1c1cccs1,3.10341e-05
COc1cc([C@@H]2c3cc4c(cc3[C@@H](O[C@@H]3O[C@@H]5CO[C@@H](c6cccs6)O[C@H]5[C@H](O)[C@H]3O)[C@H]3COC(=O)[C@H]23)OCO4)cc(OC)c1O,0.31736305
C[C@H](Cn1cnc2c(N)ncnc21)OCP(=O)(O)O,0.19298646
CC(C)OC(=O)[C@@H](C)NP(=O)(CO[C@@H](C)Cn1cnc2c(N)ncnc21)Oc1ccccc1,0.13881806
CC(C)OC(=O)OCOP(=O)(CO[C@H](C)Cn1cnc2c(N)ncnc21)OCOC(=O)OC(C)C,0.82894194
CC(=O)Nc1ccc(NC(=S)NC(=O)c2ccc(C(C)(C)C)cc2)cc1,0.9137761
CN(C)CCCCC(=O)Nc1ccc(NC(=S)NC(=O)c2ccc(C(C)(C)C)cc2)cc1,0.78709507
CN1C(C(=O)Nc2ccccn2)=C(O)c2sccc2S1(=O)=O,0.5384479
O=C1/C(=C/c2cccs2)CCC/C1=C\c1cccs1,9.024997e-06
COc1ccc(-n2nc(CCC(=O)N(C)O)cc2-c2ccc(Cl)cc2)cc1,0.018811343
Cn1c2cc([S@@](C)=O)sc2c2cnn(Cc3cccc(N)c3)c(=O)c21,0.13435343
CC(=O)CC/C=C(\C)CC/C=C(\C)CC/C=C(\C)CCC=C(C)C,0.0021907329
COc1ccc(C[C@@H](C)[C@@H](C)Cc2ccc(OC)c(OC)c2)cc1OC,7.83573e-05
COc1cc2nc(N3CCN(C(=O)[C@H]4CCCO4)CC3)nc(N)c2cc1OC,0.8803152
CN(C/C=C/C#CC(C)(C)C)Cc1cccc2ccccc12,0.41686204
CC(C)(C)NC[C@@H](O)c1cc(O)cc(O)c1,0.00185583
C#CC1(OC[C@H](O)CN2CCN(c3cccc(C(F)(F)F)c3)CC2)CCCCC1,0.7972619
CC(C)N1CCN(c2ccc(OC[C@H]3CO[C@](Cn4cncn4)(c4ccc(Cl)cc4Cl)O3)cc2)CC1,0.773007
CC(C)(C)c1ccc([C@@H](O)CCCN2CCC(C(O)(c3ccccc3)c3ccccc3)CC2)cc1,0.2521038
CCN(CC)C(=O)N[C@H]1C[C@@H]2c3cccc4[nH]cc(c34)C[C@H]2N(C)C1,0.006108084
CC(=O)[C@@H](C#N)C(=O)Nc1ccc(C(F)(F)F)cc1,0.46310943
NCCCC[C@H](NC(=O)[C@@H]1CCCN1C(=O)[C@@H]1CSSC[C@H](NC(=O)CNC(=O)CNC(=O)CN)C(=O)N[C@@H](Cc2ccc(O)cc2)C(=O)N[C@@H](Cc2ccccc2)C(=O)N[C@@H](CCC(N)=O)C(=O)N[C@@H](CC(N)=O)C(=O)N1)C(=O)NCC(N)=O,0.042136557
C[C@@H](CC(c1ccccc1)c1ccccc1)NC(C)(C)C,0.07427937
O=c1n(C[C@H]2CO2)c(=O)n(C[C@H]2CO2)c(=O)n1C[C@H]1CO1,0.98807436
CC(C)(O)[C@H]1CC[C@](C)(O)CC1,0.0015457349
C[C@H]1C(=O)C(=O)[C@@H]2O[C@@H]2C1=O,0.00033548777
Cc1ccc2c(c1CCC(=O)O)CC[C@@H](NS(=O)(=O)c1ccc(Cl)cc1)C2,0.9658929
CCO[C@@H](Cc1ccc(OCCc2ccc(OS(C)(=O)=O)cc2)cc1)C(=O)O,0.23120494
CCOc1ccc(-c2nc(-c3cccc(C(=O)O)n3)cs2)cc1OCC,0.082681395
COc1cc2c(cc1OC)[C@@H]1CC(=O)[C@@H](CC(C)C)CN1CC2,0.9976921
CCCCNc1ccc(C(=O)OCCN(C)C)cc1,0.00059974217
CN(C)[C@@H]1C(=O)[C@H](C(N)=O)C(=O)[C@@]2(O)C(=O)[C@@H]3C(=O)c4c(O)cccc4[C@@](C)(O)[C@H]3C[C@@H]12,0.6888498
CCCCCCCCCCCCCCSCC(=O)O,0.013321732
NCCNCCNCCNCCN,5.196992e-09
Nc1nc(=O)c2c([nH]1)NC[C@H](CNc1ccc(C(=O)N[C@@H](CCC(=O)O)C(=O)O)cc1)N2,0.92627215
COc1ccc(C[C@H]2NCCc3cc(OC)c(OC)cc32)cc1OC,0.00017289998
O=C1N[C@H](O)CCN1[C@@H]1O[C@H](CO)[C@@H](O)[C@H]1O,0.054635007
c1ccc2c(c1)CCC[C@@H]2C1=NCCN1,0.037007723
CN(C)C(=S)SC(=S)N(C)C,0.04295507
COc1ccc2cc1Oc1ccc(cc1)C[C@H]1c3cc(c(OC)cc3CCN1C)Oc1c(OC)c(OC)cc3c1[C@H](C2)N(C)CC3,0.99842477
N[C@@H](C(=O)O)c1nn[nH]n1,0.00013632396
c1cc2c(cc1C1CCCCC1)c1c3n2CCNC3CCC1,0.0045638494
O=C1C(=O)C(O)C(=O)C(=O)C1O,0.0001534608
CC(C)(CO)c1cc2cc(NC(=O)C3(c4ccc5c(c4)OC(F)(F)O5)CC3)c(F)cc2n1C[C@@H](O)CO,0.51279694
O=C(Nc1ccc(N2CCC(C(=O)N3CCOCC3)CC2)cc1)c1cnc(Oc2ccccc2)nc1,0.62629724
CCN1/C(=C/C(C)=O)Sc2ccc(OC)cc21,0.0027345284
CN1C/C=C/CCOc2cccc(c2)-c2ccnc(n2)Nc2cccc(c2)C1,0.0047598844
Cc1cc(-c2cc(O)ccc2Cl)cc2nnc(Nc3ccc(OCCN4CCCC4)cc3)nc12,0.059502587
Nc1nc(N)c2nc(-c3cccc(O)c3)cnc2n1,0.13398601
Cc1cc(-c2cc(OC(=O)c3ccccc3)ccc2Cl)cc2nnc(Nc3ccc(OCCN4CCCC4)cc3)nc12,0.11879423
Cc1cnc(Nc2ccc(N3CCN(C)CC3)cc2)nc1Nc1cccc(S(=O)(=O)NC(C)(C)C)c1,0.67818433
CC(C)Oc1ccc(-c2nn([C@@H](C)c3oc4ccc(F)cc4c(=O)c3-c3cccc(F)c3)c3ncnc(N)c23)cc1F,0.923313
Cc1cc([C@@H](C)Nc2ccccc2)c2nc(N3CCOCC3)cc(=O)n2c1,0.24820058
Nc1nc(N)c2nc(-c3cccc(O)c3)c(-c3cccc(O)c3)nc2n1,0.28714815
Cn1c(COP(=O)(NCCBr)NCCBr)cnc1[N+](=O)[O-],3.474478e-05
Nc1nc(NC2CC2)cc(-c2cccc(Cl)c2Cl)n1,0.08210715
COc1cc(C[C@H]2c3cc(OC)c(OC)cc3CCN2C)c(Oc2cc3c(cc2OC)-c2c(OC)c(OC)cc4c2[C@H](C3)N(C)CC4)cc1OC,0.9043777
O=C1CC[C@H](N2C(=O)c3ccccc3C2=O)C(=O)N1,0.0001068031
O=c1c(O)cc([C@H]2Oc3cc(O)cc(O)c3C[C@H]2O)c2cc([C@H]3Oc4cc(O)cc(O)c4C[C@H]3O)cc(O)c(O)c1-2,0.054975532
Cn1cnc2c1c(=O)[nH]c(=O)n2C,0.0037870908
CCNC1=N[C@@H]2[C@@H](O)[C@H](O)[C@@H](CO)O[C@@H]2S1,2.2831045e-05
Cc1ncc(C[n+]2csc(CCO)c2C)c(N)n1,0.0491986
Cc1ncc(C[n+]2csc(CCOP(=O)(O)OP(=O)(O)O)c2C)c(N)n1,0.6054926
CS(=O)(=O)c1ccc([C@@H](O)[C@@H](CO)NC(=O)C(Cl)Cl)cc1,0.014416483
C=CCC1([C@H](C)CCC)C(=O)NC(=S)NC1=O,0.042026836
O=C(NCc1ccccc1)c1csc(Nc2ccncn2)n1,0.039716072
CCSc1ccc2c(c1)N(CCCN1CCN(C)CC1)c1ccccc1S2,0.5107049
COc1c(O[C@@H]2O[C@H](CO)[C@@H](O)[C@H](O)[C@H]2O)cc2c(c1OC)-c1ccc(SC)c(=O)cc1[C@@H](NC(C)=O)CC2,0.11526831
O=C(O)CCCC[C@H]1CCSS1,0.0013841491
OCCSCCO,3.77482e-05
Nc1nc2nc[nH]c2c(=S)[nH]1,0.77346426
C[CH2][Hg][S]c1ccccc1C(=O)O,0.004586905
CCC[C@@H](C)C1(CC)C(=O)NC(=S)NC1=O,0.008291806
S=C(NC1CCCCC1)N1CCC([C@H]2C=NC=N2)CC1,0.026939653
COC(=O)NC(=S)Nc1ccccc1NC(=S)NC(=O)OC,0.98789525
CN1CCN(CCCN2c3ccccc3Sc3ccc(S(=O)(=O)N(C)C)cc32)CC1,0.012919695
CSc1ccc2c(c1)N(CCC1CCCCN1C)c1ccccc1S2,0.31405595
O=C(O)CNC(=O)[C@@H](CS)Cc1ccccc1,0.0004859885
C=C(NC(=O)C(=C)NC(=O)c1csc(C2=N[C@@H]3c4csc(n4)[C@H]4NC(=O)c5csc(n5)[C@H]([C@](C)(O)[C@@H](C)O)NC(=O)[C@H]5CSC(=N5)/C(=C/C)NC(=O)[C@H]([C@@H](C)O)NC(=O)c5csc(n5)[C@]3(CC2)NC(=O)[C@H](C)NC(=O)C(=C)NC(=O)[C@H](C)NC(=O)[C@H]([C@@H](C)CC)N[C@@H]2C=Cc3c([C@H](C)O)cc(nc3[C@H]2O)C(=O)O[C@@H]4C)n1)C(N)=O,0.11645082
S=P(N1CC1)(N1CC1)N1CC1,2.4896399e-06
CN1CCN(CC/C=C2/c3ccccc3Sc3ccc(S(=O)(=O)N(C)C)cc32)CC1,0.018338718
CN(C)C(=S)SSC(=S)N(C)C,2.8384638e-05
CNc1ccc(-c2ccc3cc(OC[C@H](O)CF)ccc3n2)cn1,0.15287927
CCCCCCCCCCCCCCCC[N+](C)(C)CCN(Cc1ccc(OC)cc1)c1ncccn1,0.036522005
COc1ccc(CN(CCN(C)C)c2ncccn2)cc1,0.00018903254
CC(O)(C(=O)O)[C@@H](CC(=O)O)C(=O)O,0.0864217
CC[C@H](C)[C@H](NC(=O)[C@H](CCC(=O)O)NC(=O)[C@H](CO)NC(=O)[C@H](CO)NC(=O)[C@@H](NC(=O)[C@H](CC(=O)O)NC(=O)[C@@H](NC(=O)[C@H](C)NC(=O)[C@H](C)NC(=O)[C@H](CC(=O)O)NC(=O)[C@H](CO)NC(C)=O)C(C)C)[C@@H](C)O)C(=O)N[C@H](C(=O)N[C@H](C(=O)N[C@@H](CCCCN)C(=O)N[C@@H](CC(=O)O)C(=O)N[C@@H](CC(C)C)C(=O)N[C@@H](CCCCN)C(=O)N[C@@H](CCC(=O)O)C(=O)N[C@@H](CCCCN)C(=O)N[C@@H](CCCCN)C(=O)N[C@@H](CCC(=O)O)C(=O)N[C@H](C(=O)N[C@H](C(=O)N[C@@H](CCC(=O)O)C(=O)N[C@@H](CCC(=O)O)C(=O)N[C@@H](C)C(=O)N[C@@H](CCC(=O)O)C(=O)N[C@@H](CC(N)=O)C(=O)O)C(C)C)C(C)C)[C@@H](C)O)[C@@H](C)O,0.00013059945
Cc1ccc(C(C)C)c(O)c1,0.0007830503
Cc1cc(OI)c(C(C)C)cc1-c1cc(C(C)C)c(OI)cc1C,0.0011154902
CC(C)[C@H](NC(=O)[C@H](CC(=O)O)NC(=O)[C@H](CCCCN)NC(=O)[C@@H](N)CCCNC(=N)N)C(=O)N[C@@H](Cc1ccc(O)cc1)C(=O)O,0.1679279
CN(C)C/C=C/C(=O)Nc1ccc(C(=O)Nc2cccc(Nc3ncc(Cl)c(-c4c[nH]c5ccccc45)n3)c2)cc1,0.4513183
CN(C)CCCC(=O)Nc1ccc(C(=O)Nc2cccc(Nc3ncc(Cl)c(-c4c[nH]c5ccccc45)n3)c2)cc1,0.21216843
CN(C)C/C=C/C(=O)Nc1cccc(C(=O)Nc2cccc(Nc3ncc(Cl)c(-c4c[nH]c5ccccc45)n3)c2)c1,0.4749613
c1ccc2[nH]c(-c3cscn3)nc2c1,0.0032248162
Cc1ccsc1C(=CCCN1CCC[C@@H](C(=O)O)C1)c1sccc1C,0.0018448919
CN1c2ccccc2[C@@H](NCCCCCCC(=O)O)c2ccc(Cl)cc2S1(=O)=O,0.1332398
CCN(CC)CCNC(=O)c1cc(S(C)(=O)=O)ccc1OC,0.74347216
C[C@@H](C(=O)O)c1ccc(C(=O)c2ccccc2)s1,0.00037134913
O=C(Cn1c(=O)sc2ccc(Cl)cc21)N1CCN(CCO)CC1,0.021009488
C#C[C@]1(O)CC[C@@H]2[C@H]3[C@H](C)CC4=C(CCC(=O)C4)[C@H]3CC[C@@]21C,0.012165132
CCCSc1nc(N[C@@H]2C[C@H]2c2ccc(F)c(F)c2)c2nnn([C@@H]3C[C@H](OCCO)[C@@H](O)[C@H]3O)c2n1,0.63394797
CC1(C)S[C@@H]2[C@H](NC(=O)[C@H](C(=O)O)c3ccsc3)C(=O)N2[C@H]1C(=O)O,0.27831993
Clc1ccccc1CN1CCc2sccc2C1,0.1733308
Cc1ccccc1CN1C2=NCCN2C(=O)C2=C1CCN(Cc1ccccc1)C2,0.8646919
O=c1sn(-c2cccc3ccccc23)c(=O)n1Cc1ccccc1,0.08000987
O=C(O)COc1ccc(C(=O)c2cccs2)c(Cl)c1Cl,0.35010448
COc1ccc2cc(-c3[nH]c(-c4ccc([S@@](C)=O)cc4)nc3-c3ccncc3)ccc2c1,0.44550377
CC1(NC2=NS(=O)(=O)c3sc(Cl)cc3N2)CC1,0.012175692
CN(C)c1cc(NC(=O)CNC(C)(C)C)c(O)c2c1C[C@H]1C[C@H]3[C@H](N(C)C)C(=O)[C@@H](C(N)=O)C(=O)[C@@]3(O)C(=O)[C@H]1C2=O,0.89701325
CC[C@H]1OC(=O)C[C@@H](O)[C@H](C)[C@@H](O[C@@H]2O[C@H](C)[C@@H](O)[C@H](N(C)C)[C@H]2O)[C@@H](CCN2C[C@H](C)C[C@H](C)C2)C[C@@H](C)C(=O)/C=C/C(C)=C/[C@@H]1CO[C@@H]1O[C@H](C)[C@@H](O)[C@@H](OC)[C@H]1OC,0.57473314
CCN(CC)CCOc1ccc2c(c1)C(=O)c1cc(OCCN(CC)CC)ccc1-2,0.89093053
O=P(O)(O)C(Sc1ccc(Cl)cc1)P(=O)(O)O,0.0036582747
CC(C)(Oc1ccc(Cl)cc1)C(=O)N1CSC[C@@H]1C(=O)O,0.103445254
CC(C)(C)NC[C@H](O)COc1nsnc1N1CCOCC1,0.06691769
O=C(O)[C@H]1CSCN1,0.00030605687
c1ccc2c(SC3=NCCN3)c[nH]c2c1,0.016267285
CCS(=O)(=O)CCn1c([N+](=O)[O-])cnc1C,0.04553851
CCOC(=O)c1c(N)sc2c1CCN(Cc1ccccc1)C2,0.07944625
Clc1ccc([C@H](Cn2ccnc2)OCc2ccsc2Cl)c(Cl)c1,0.81404775
Nc1nc(=S)c2ncn([C@@H]3O[C@H](CO)[C@@H](O)[C@H]3O)c2[nH]1,0.62547714
C[C@@H](S)C(=O)NCC(=O)O,0.015457107
CN=C(NC#N)NCCSCc1csc(NC(=N)N)n1,0.21057908
C[N+]1(C)[C@@H]2C[C@@H](OC(=O)C(O)(c3cccs3)c3cccs3)C[C@H]1[C@@H]1O[C@@H]12,0.0022480118
O=c1oc2cc(O)ccc2s1,0.000241841
CCCc1c(SCCCOc2ccc(C(C)=O)c(OCCCC(=O)O)c2CCC)ccc(C(C)=O)c1O,0.3816048
Cn1cncc1[C@@](N)(c1ccc(Cl)cc1)c1ccc2c(c1)c(-c1cccc(Cl)c1)cc(=O)n2C,0.8369484
N=C1CCCN1Cc1[nH]c(=O)[nH]c(=O)c1Cl,0.002320048
O=C(O)C(=O)c1cn(Cc2ccccc2)c2ccc(-c3ccc(OC(F)(F)F)cc3)cc12,0.72140676
CCC[C@@]1(CCc2ccccc2)CC(=O)[C@@H]([C@H](CC)c2cccc(NS(=O)(=O)c3ccc(C(F)(F)F)cn3)c2)C(=O)O1,0.8375436
CSc1ccccc1OC[C@@H](O)CNC(C)C,0.003223042
C[N@+]12CCCC[C@@H]1CCC(=C(c1cccs1)c1cccs1)C2,0.06410454
CCOC(=O)Nc1ccc2c(c1)N(C(=O)CN(C)C)c1ccccc1CC2,0.7328314
Nc1n[n+]([O-])c2ccccc2[n+]1[O-],0.020475257
C#Cc1cnc2[nH]c(=O)n(C(CC)CC)c2n1,0.1351938
O=C(O)Cc1cc(I)c(Oc2ccc(O)c(I)c2)c(I)c1,0.00045197704
CCCCS(=O)(=O)N[C@@H](Cc1ccc(OCCCCC2CCNCC2)cc1)C(=O)O,0.19566631
[Cl][Ti]([Cl])([CH]1C=CC=C1)[CH]1C=CC=C1,0.4150336
O=C1NC(=O)[C@@H](c2cn3c4c(cccc24)CCC3)[C@@H]1c1c[nH]c2ccccc12,0.014400997
COc1cc2nccc(Oc3ccc(NC(=O)Nc4cc(C)on4)c(Cl)c3)c2cc1OC,0.76049477
Clc1ccc2nsnc2c1NC1=NCCN1,0.058359582
Cc1ccc(CCCO)c(NCc2ccc3nc(NCCCN4CCOCC4)n(Cc4nc(C)ccc4O)c3c2)c1,0.0048816353
COc1ccc2c(c1)C=C1Cn3c-2c(C2CCCCC2)c2ccc(cc23)C(=O)NS(=O)(=O)N(C)CCOCCN(C)C1=O,0.50078404
O=C(NC(=O)c1c(F)cccc1Cl)NC1c2ccccc2-c2ccccc21,0.07500373
CCCCCCC(=O)OC1CC(C)(C)NC(C)(C)C1,0.0031779276
COc1cc(/C=C/c2ccc(OC)cc2OC)cc(OC)c1,0.00023222562
CO[C@@H]1[C@H](OC(=O)NC(=O)CCl)CC[C@]2(CO2)[C@H]1[C@@]1(C)O[C@@H]1CC=C(C)C,0.0038372853
NC[C@H]1O[C@H](O[C@H]2[C@H](O)[C@@H](O[C@H]3O[C@H](CO)[C@@H](O)[C@H](N)[C@H]3O)[C@H](N)C[C@@H]2N)[C@H](N)C[C@@H]1O,0.99892706
Cc1cccc(C)c1NC(=O)[C@@H](C)N,0.0029661322
Cc1[nH]c(/C=C2\C(=O)Nc3ccc(F)cc32)c(C)c1C(=O)NCCN1CCCC1,0.25524107
Cc1c(C)c2c(c(C)c1OC(=O)CCC(=O)OCCO)CC[C@@](C)(CCC[C@H](C)CCC[C@H](C)CCCC(C)C)O2,0.0067775436
CCOC(=O)NNc1nncc2ccccc12,0.03218366
C[C@@H]1CCN(C(=O)CC#N)C[C@@H]1N(C)c1ncnc2[nH]ccc12,0.013657452
CCC1=C(C)NN=C(c2ccc(OC)c(OC)c2)c2cc(OC)c(OC)cc21,0.027138213
CCc1ccc(Cc2ccc3c(c2)[C@]2(OC3)O[C@H](CO)[C@@H](O)[C@H](O)[C@H]2O)cc1,0.045513388
Cc1ccccc1OC[C@@H](O)CNCCOc1ccc(C(N)=O)cc1,0.007274193
Cc1ccc(S(=O)(=O)NC(=O)NN2CCCCCC2)cc1,0.019532183
c1ccc(CC2=NCCN2)cc1,0.0025608074
CCCCNC(=O)NS(=O)(=O)c1ccc(C)cc1,0.0003105575
Cc1ccc(C(=O)c2cc(O)c(O)c([N+](=O)[O-])c2)cc1,0.032855544
Cc1c(Cl)cccc1Nc1ccccc1C(=O)O,0.34132573
Cc1cccc(Oc2cnc(=O)[nH]c2)c1,0.0002702026
Cc1ccc(C(=O)c2ccc(CC(=O)O)n2C)cc1,0.00044889163
Cc1cccc(N(C)C(=S)Oc2ccc3ccccc3c2)c1,0.004363662
Cc1ccc(NC2=NCCN2)c(Cl)c1,0.0025551503
Cc1cc2nc3ccc(=[N+](C)C)cc-3sc2cc1N,0.8171834
Cc1cccc(N2C[C@@H](CO)OC2=O)c1,8.237421e-05
Cc1ccc(C(=O)[C@@H](C)CN2CCCCC2)cc1,0.34486073
COc1ccc2c(C(=S)N(C)CC(=O)O)cccc2c1C(F)(F)F,0.17507939
Cc1ccc(O)c([C@H](CCN(C(C)C)C(C)C)c2ccccc2)c1,0.019027567
Cc1cc(-n2c(=O)[nH]c(=O)n(C)c2=O)ccc1Oc1ccc(SC(F)(F)F)cc1,0.9468547
Cc1ccccc1C(=O)Nc1ccc(C(=O)N2CCC[C@@H](O)c3cc(Cl)ccc32)c(C)c1,0.6805748
CN(C)c1cccc2c(S(=O)(=O)Nc3ccc(NC(=O)C(C)(C)CO)cc3)cccc12,0.06979248
CCCc1c(OCCCCc2nn[nH]n2)ccc(C(C)=O)c1O,0.10633682
Cc1cc(Nc2cc(N)ncn2)c(=O)n2c1C(=O)NC21CCCCC1,0.123042926
CC(=O)c1ccc2c(c1)[C@H](NC(=O)c1ccc(F)c(Cl)c1)[C@H](O)C(C)(C)O2,0.7792019
C[C@](O)(CNC(=O)C(F)(F)F)C(=O)Nc1ccc([N+](=O)[O-])c(C(F)(F)F)c1,0.09626637
CC1(C)O[C@@H]2[C@@H](CO[C@@]3(COS(N)(=O)=O)OC(C)(C)O[C@@H]23)O1,0.007966817
N#Cc1cc(-c2nnc(-c3ccncc3)[nH]2)ccn1,0.7323163
CC[C@@]1(O)C(=O)OCc2c1cc1n(c2=O)Cc2cc3c(CN(C)C)c(O)ccc3nc2-1,0.9782572
Cc1cccc(Nc2ccncc2S(=O)(=O)NC(=O)NC(C)C)c1,0.037368238
CCOC(=O)N1c2ccc(C(F)(F)F)cc2[C@@H](N(Cc2cc(C(F)(F)F)cc(C(F)(F)F)c2)C(=O)OC)C[C@H]1CC,0.2048936
Nc1ccn([C@H]2C[C@H](O)[C@@H](CO)O2)c(=O)n1,0.003287711
CN(C)CCOc1ccc(/C(=C(/CCCl)c2ccccc2)c2ccccc2)cc1,0.0042608134
CCC(=O)N1CCN(c2ccc(-n3c(=O)ccc4cnc5ccc(-c6cnc7ccccc7c6)cc5c43)cc2C(F)(F)F)CC1,0.277007
Nc1ccc(-c2ccc3ncc4ccc(=O)n(-c5cccc(C(F)(F)F)c5)c4c3c2)cn1,0.18540983
CC(C)C[C@@H](C(=O)N[C@H](C(=O)OC1CCCC1)c1ccccc1)[C@H](O)C(=O)NO,0.9821156
N[C@H]1CCN(c2nc3c(cc2F)c(=O)c(C(=O)O)cn3-c2ccc(F)cc2F)C1,0.9435894
N#Cc1cn([C@@H]2O[C@H](CO)[C@@H](O)[C@H]2O)c2ncnc(N)c12,0.55472976
COc1ccc(N2CCOCC2)c2sc(NC(=O)N3CCC(C)(O)CC3)nc12,0.017487988
Cc1cc(Nc2cc(N3CCN(C)CC3)nc(Sc3ccc(NC(=O)C4CC4)cc3)n2)[nH]n1,0.2907269
CC(C)(O)c1ccn2c(-c3ccc(F)c(-c4ccc(F)cc4C#N)c3)cnc2c1F,0.98203033
CN1CCN(Cc2ccc(Nc3ncc(Cl)c(Nc4ccccc4S(=O)(=O)N(C)C)n3)cc2)CC1,0.19262864
CC(C)(O)[C@H]1CC[C@H](Nc2ccc3ncc(-c4cccc(C(F)(F)F)c4)n3n2)CC1,0.43965945
NC(=O)Nc1sc(-c2ccc(F)cc2)cc1C(N)=O,0.08995411
O=S(=O)(O)c1ccc(-c2c3nc(c(-c4ccc(S(=O)(=O)O)cc4)c4ccc([nH]4)c(-c4ccc(S(=O)(=O)O)cc4)c4nc(c(-c5ccc(S(=O)(=O)O)cc5)c5ccc2[nH]5)C=C4)C=C3)cc1,0.0648543
O=[N+]([O-])OC[C@H]1O[C@@H](n2cnc3c(NC4CCCC4)ncnc32)[C@H](O)[C@@H]1O,0.043430787
CCCCNc1c(C(=O)OCC)c(C)nc2c1cnn2CC,0.09514226
O=C(c1ccccc1Cl)c1cccnc1-c1nnn(Cc2cc(C(F)(F)F)cc(C(F)(F)F)c2)c1-c1ccncc1,0.23276436
Clc1ccccc1C(c1ccccc1)(c1ccccc1)n1cccn1,0.031213453
N#CC(c1ccccc1)(c1ccccc1)c1ccccc1Cl,0.0010663413
CC(=O)Nc1cccc(-n2c(=O)n(C3CC3)c(=O)c3c(Nc4ccc(I)cc4F)n(C)c(=O)c(C)c32)c1,0.7664225
NCCCS(=O)(=O)O,0.0006900645
CCOC(=O)[C@H](CCc1ccccc1)N[C@@H](C)C(=O)N1[C@H](C(=O)O)C[C@H]2CCCC[C@@H]21,0.8115208
NC[C@H]1CC[C@H](C(=O)O)CC1,0.027181465
COc1ccc(/C=C/C(=O)Nc2ccccc2C(=O)O)cc1OC,0.2096196
CCCCC/C=C\C=C\CCCCCCCCC(=O)O,0.0039391364
CCCCCCCC/C=C/C(=O)O,0.0032787367
O=C(O)C1CCC(c2cc3cccnc3c(-c3cccc(F)c3)n2)CC1,0.15528496
O=C(O)/C=C/CO,5.4218795e-05
COc1ccc(/C=C/C(=O)O)cc1,9.6038646e-05
CC(/C=C/C=C(\C)C(=O)O)=C\C=C\C=C(C)\C=C\C=C(/C)C(=O)O,0.0011624742
N[C@H]1C[C@@H]1c1ccccc1,0.00027800896
CCn1c(=O)n(C2=C(CO)CN(CC3CCCCCCC3)CC2)c2ccccc21,0.051018678
CCN(CC)c1cc(C)nc2ncnn12,0.3401879
CC(C)OC(=O)CCC/C=C\C[C@@H]1[C@@H](/C=C/[C@@H](O)COc2cccc(C(F)(F)F)c2)[C@H](O)C[C@@H]1O,0.0026214996
C[C@@H]([C@@H](O)c1ccc(O)cc1)N1CCC(O)(c2ccccc2)CC1,0.008311462
O=c1n(CCCN2CCN(c3cccc(Cl)c3)CC2)nc2ccccn12,0.6777289
C[C@H]1Oc2ccccc2C[C@@H]1N(C)C,0.00033905957
Cn1c(=O)cc(N2CCC[C@@H](N)C2)n(Cc2cc(F)ccc2C#N)c1=O,0.9840062
C(#CCN1CCCC1)CN1CCCC1,0.0001927063
CS(=O)(=O)OC[C@H](O)[C@@H](O)COS(C)(=O)=O,0.020080207
CCOc1cc(OCC)c(C(=O)CCC(=O)O)cc1OCC,0.113631666
CCCCC[C@H](O)CC[C@@H]1[C@H]2Cc3cccc(OCC(=O)O)c3C[C@H]2C[C@H]1O,0.27809227
COc1cc2c(cc1OC)-c1c/c(=N\c3c(C)cc(C)cc3C)n(C)c(=O)n1CC2,0.98231226
NC(=O)c1cc(N2CC2)c([N+](=O)[O-])cc1[N+](=O)[O-],0.5427037
CC1=C(/C=C/C(C)=C/C=C/C(C)=C/C(=O)O)C(C)(C)CCC1,0.015278494
CC(=O)OCC(COC(C)=O)OC(C)=O,0.006440842
C[C@]12C=CC(=O)C=C1CC[C@H]1[C@@H]3C[C@@H](O)[C@](O)(C(=O)CO)[C@@]3(C)C[C@H](O)[C@@]12F,0.00061662035
CC1(C)O[C@@H]2C[C@H]3[C@@H]4CCC5=CC(=O)C=C[C@]5(C)[C@@]4(F)[C@@H](O)C[C@]3(C)[C@]2(C(=O)CO)O1,0.08120011
CC(C)(C)CC(=O)OCC(=O)[C@@]12OC(C)(C)O[C@@H]1C[C@H]1[C@@H]3CCC4=CC(=O)C=C[C@]4(C)[C@@]3(F)[C@@H](O)C[C@@]12C,0.060949087
Nc1nc(N)c2nc(-c3ccccc3)c(N)nc2n1,0.16825403
NC(=S)N/N=C/c1ncccc1N,0.1339303
CCO[C@H]1O[C@H]([C@@H](COCc2ccccc2)OCc2ccccc2)[C@H](OCc2ccccc2)[C@H]1O,0.00696942
O=C(Nc1ccc(Br)cc1)c1cc(Br)cc(Br)c1O,0.27867922
OCC(Br)(Br)Br,3.4006734e-06
CCCC(=O)OCC(COC(=O)CCC)OC(=O)CCC,0.000272815
CCCCCCCC(=O)OCC(COC(=O)CCCCCCC)OC(=O)CCCCCCC,0.020021742
NS(=O)(=O)c1cc2c(cc1Cl)N[C@H](C(Cl)Cl)NS2(=O)=O,0.94635767
O=C(O)C(Cl)(Cl)Cl,9.603994e-05
ClC=C(Cl)Cl,0.00048636037
CC(/C=C/C(=O)NO)=C\[C@@H](C)C(=O)c1ccc(N(C)C)cc1,0.0046754233
CN1N=C(N)c2cn([C@@H]3O[C@H](CO)[C@@H](O)[C@H]3O)c3ncnc1c23,0.6255651
CN1N=C(N)c2cn([C@@H]3O[C@H](COP(=O)(O)O)[C@@H](O)[C@H]3O)c3ncnc1c23,0.42436084
CSc1nc2cc(Cl)c(Oc3cccc(Cl)c3Cl)cc2[nH]1,0.5169694
O=C(Nc1ccc(Cl)cc1)Nc1ccc(Cl)c(Cl)c1,0.20709176
Oc1cc(Cl)ccc1Oc1ccc(Cl)cc1Cl,0.05642602
CC[N+](CC)(CC)CC[C@](O)(c1ccccc1)C1CCCCC1,0.0017160722
NCCNCCNCCN,4.2139643e-08
CO/N=C(/C(=O)OC)c1ccccc1CO/N=C(\C)c1cccc(C(F)(F)F)c1,0.37975386
CN1CCN(CCCN2c3ccccc3Sc3ccc(C(F)(F)F)cc32)CC1,0.08476732
CN(C)CCCN1c2ccccc2Sc2ccc(C(F)(F)F)cc21,0.0093931
O=c1[nH]c(=O)n([C@H]2C[C@H](O)[C@@H](CO)O2)cc1C(F)(F)F,0.0006261942
CC(=O)Oc1cc(C(F)(F)F)ccc1C(=O)O,0.03498611
C[n+]1cccc(C(=O)O)c1,0.00014885976
O[C@](CCN1CCCCC1)(c1ccccc1)C1CCCCC1,0.15483199
CN1CCN(c2ccc(Nc3ncc4cc5n(c4n3)C3(CCCCC3)CNC5=O)nc2)CC1,0.020386819
C[C@]12CC[C@H]3[C@@H](CC[C@@]45O[C@@H]4C(=O)[C@H](C#N)C[C@]35C)[C@@H]1CC[C@@H]2O,0.0019740402
FC(F)(F)c1ccccc1-n1ccnc1,0.096183784
CC[C@@](COC(=O)c1cc(OC)c(OC)c(OC)c1)(c1ccccc1)N(C)C,0.2745043
COc1ccc(CN2CCNCC2)c(OC)c1OC,0.0022930175
CN1C(=O)OC(C)(C)C1=O,6.1445295e-05
COc1cc(C(=O)NCc2ccc(OCCN(C)C)cc2)cc(OC)c1OC,0.013008001
COc1cc(Cc2cnc(N)nc2N)cc(OC)c1OC,0.066785395
COc1cc(C[C@H]2NCCc3cc(O)c(O)cc32)cc(OC)c1OC,1.8635514e-05
C=CC(=O)OCC(CC)(COC(=O)C=C)COC(=O)C=C,3.9122897e-05
COc1cc(C(=O)N2CCOCC2)cc(OC)c1OC,0.6599956
COc1cc(NCc2ccc3nc(N)nc(N)c3c2C)cc(OC)c1OC,0.22202225
C[C@@H](CN(C)C)CN1c2ccccc2CCc2ccccc21,0.030533072
Cc1cc2cc3c(C)cc(=O)oc3c(C)c2o1,6.124721e-05
CN(C)CCN(Cc1ccccc1)c1ccccn1,0.0010358157
Cc1ccc(/C(=C\CN2CCCC2)c2ccccn2)cc1,0.011503262
CC(C)C(C)(C)C,0.011215032
CC(C)[C@]12O[C@H]1[C@@H]1O[C@]13[C@]1(O[C@H]1C[C@H]1C4=C(CC[C@@]13C)C(=O)OC4)[C@@H]2O,6.3665098e-06
CC(C)C[C@H](NC(=O)[C@@H](Cc1c[nH]c2ccccc12)NC(=O)[C@H](Cc1ccc(O)cc1)NC(=O)[C@H](CO)NC(=O)[C@H](Cc1c[nH]c2ccccc12)NC(=O)[C@H](Cc1cnc[nH]1)NC(=O)[C@@H]1CCC(=O)N1)C(=O)N[C@@H](CCCNC(=N)N)C(=O)N1CCC[C@H]1C(=O)NCC(N)=O,0.14180204
O=c1[nH]c(=O)n(Cl)c(=O)n1Cl,0.5384885
CC(C)[C@@H](CC[C@@H](C)[C@H]1CC[C@H]2[C@@H]3[C@H](O)C[C@H]4C[C@@H](NCCCNCCCCNCCCN)CC[C@]4(C)[C@H]3CC[C@]12C)OS(=O)(=O)O,0.99993634
NCC(=O)N1CCC[C@H]1C(=O)N[C@@H](CCC(=O)O)C(=O)O,0.11998049
O=[P@]1(N(CCCl)CCCl)OCCCN1CCCl,0.00028712576
Cc1c(C)c2c(c(C)c1O)CC[C@](C)(COc1ccc(C[C@H]3SC(=O)NC3=O)cc1)O2,0.21623798
CO[C@H]1C[C@H](O[C@H]2[C@H](C)[C@@H](O[C@@H]3O[C@H](C)C[C@H](N(C)C)[C@H]3OC(C)=O)[C@@H](C)C[C@@]3(CO3)C(=O)[C@H](C)[C@@H](OC(C)=O)[C@@H](C)[C@@H](C)OC(=O)[C@@H]2C)O[C@@H](C)[C@@H]1OC(C)=O,0.8054486
Cc1c(C)c2c(c(C)c1O)CC[C@@](C)(C(=O)O)O2,0.0045129727
O=C(O)c1ccccc1NCCc1ccccc1,0.013494448
NC(CO)(CO)CO,1.2742119e-07
Cc1cc(C)cc(C(=O)O[C@H]2C[C@H]3CC[C@@H](C2)N3C)c1,3.0968042e-06
COc1ccc2c(c1)c(CC(=O)OC[C@@H](C(=O)O)c1ccccc1)c(C)n2C(=O)c1ccc(Cl)cc1,0.24148858
CCN(Cc1ccncc1)C(=O)[C@@H](CO)c1ccccc1,9.168028e-05
O=C(O)c1cc(F)c2nc(N3[C@@H]4CC[C@H]3C[C@@H](OCc3c(-c5ccccc5OC(F)(F)F)noc3C3CC3)C4)sc2c1,0.9954224
CN1[C@@H]2CC[C@H]1C[C@@H](OC(=O)c1c[nH]c3ccccc13)C2,0.0013921579
O=C(O[C@H]1C[C@H]2CC[C@@H](C1)[N+]21CCCC1)C(O)(c1ccccc1)c1ccccc1,4.382373e-07
N[C@@H]1[C@H]2CN(c3nc4c(cc3F)c(=O)c(C(=O)O)cn4-c3ccc(F)cc3F)C[C@@H]12,0.97875094
CCC(CO)(C(=O)OC1C[C@H]2CC[C@@H](C1)[N+]2(C)C)c1ccccc1,0.0008846059
S=C(NCCc1ccccn1)Nc1ccc(Br)cn1,0.37369525
C[C@@H]1O[C@@H](OC[C@H]2O[C@@H](Oc3c(-c4ccc(OCCO)c(OCCO)c4)oc4cc(OCCO)cc(O)c4c3=O)[C@H](O)[C@@H](O)[C@@H]2O)[C@H](O)[C@H](O)[C@H]1O,0.2553611
COc1cc(C(=O)N[C@H]2CCCNC2)cc(OC)c1OC,0.87594444
COc1ccsc1CNCC[C@@]1(c2ccccn2)CCOC2(CCCC2)C1,0.0009447082
O=C1c2ccccc2-n2c1nc1ccccc1c2=O,0.43235934
N[C@@H](Cc1c[nH]c2ccccc12)C(=O)O,0.0019917085
[O-][N+]CNc1ccc(N2CCOCC2)c(Cl)c1,0.009305128
C/C(=C\c1ccc(C(=O)O)cc1)c1ccc2c(c1)C(C)(C)CCC2(C)C,0.122772716
Cc1ccc(-c2csc3ncnc(SCCC(=O)O)c23)cc1,0.003379046
CCOC(=O)c1ccccc1OC(=O)CCCCCCCC(=O)Oc1ccccc1C(=O)OCC,0.00033126946
CCCCC[C@@H](C)N,0.0028491751
CN1CCc2c(c3ccccc3n2Cc2ccc(C(=O)NO)cc2)C1,0.015286897
COc1cc2c3cc1Oc1cc(ccc1O)C[C@@H]1c4c(cc(OC)c(O)c4Oc4ccc(cc4)C[C@@H]3N(C)CC2)CC[N+]1(C)C,0.9152071
Cc1cc(Nc2ncnc3ccc(NC4=NC(C)(C)CO4)cc23)ccc1Oc1ccn2ncnc2c1,0.65719235
Nc1cc(F)ccc1NC(=O)c1ccc(CNC(=O)/C=C/c2cccnc2)cc1,0.23841232
C[C@@H](O)[C@H](N)C(=O)N[C@@H](CCCCN)C(=O)N1CCC[C@H]1C(=O)N[C@@H](CCCNC(=N)N)C(=O)O,0.61457235
N#CCc1ccccc1C#Cc1ccc(CCC(=O)O)c(F)c1,0.0017148479
Cc1ccc(-c2ccc(F)cc2COc2ccc(CCC(=O)O)cc2)cc1,0.63883525
CC(C)(C)NC[C@H](O)c1ccccc1Cl,0.0072691543
O=C1c2cc3nnn(CCc4cccc(F)c4)c(=O)c3cc2OCN1C1CC1,0.93427736
CC(C)c1ccccc1Cc1cc(C(=O)Nc2ccc(S(=O)(=O)c3ccccc3C(C)(C)C)cc2)c(O)c(O)c1O,0.76868206
Nc1cccc(-c2cc3c(Oc4cccc(O)c4)ncnc3[nH]2)c1,0.19509129
CC[C@H](C)[C@H](NC(=O)[C@H](Cc1ccc(O)cc1)NC(=O)[C@@H](NC(=O)[C@H](CCCNC(=N)N)NC(=O)[C@@H](N)CC(=O)O)C(C)C)C(=O)N[C@@H](Cc1cnc[nH]1)C(=O)N1CCC[C@H]1C(=O)O,0.3635828
CC(C)(C)C(=O)C(=NNc1ccc(Cl)cc1)Nc1ccc(Cl)cc1,0.16383111
CC[C@H]1OC(=O)C[C@@H](O)[C@H](C)[C@@H](O[C@@H]2O[C@H](C)[C@@H](O[C@H]3C[C@@](C)(O)[C@@H](O)[C@H](C)O3)[C@H](N(C)C)[C@H]2O)[C@@H](CC=O)C[C@@H](C)C(=O)/C=C/C(C)=C/[C@@H]1CO[C@@H]1O[C@H](C)[C@@H](O)[C@@H](OC)[C@H]1OC,0.02101101
Cc1ccc(C(C)C)c(OCC2=NCCN2)c1,0.00048573935
COc1cc2ncc(-c3ccccc3)nc2cc1OC,0.7905951
COc1cc2ncnc(Nc3cccc(Cl)c3)c2cc1OC,0.7320686
N#CC(C#N)=Cc1ccc(O)c(O)c1,2.8431245e-06
N#C/C(=C\c1ccc(O)c(O)c1)C(=O)Nc1ccccc1,0.00026948276
COc1cc(/C=C(\C#N)C(N)=O)cc(CSc2nc3ccccc3s2)c1O,0.047537845
C[C@H](NC(=O)/C(C#N)=C/c1ccc(O)c(O)c1)c1ccccc1,7.532897e-05
CC(C)(C)c1cc(/C=C(\C#N)C(N)=S)cc(C(C)(C)C)c1O,0.041278273
N#C/C(=C\c1ccc(O)c(O)c1)C(N)=O,0.00016856594
CC(C)(C)c1cc(C=C(C#N)C#N)cc(C(C)(C)C)c1O,0.002273892
CSC(=N)C(C#N)C(C#N)C(=N)SC,0.6023712
N#CC(C(=N)Sc1ccccc1N)C(C#N)C(=N)Sc1ccccc1N,0.3017377
CC(C)C(=O)c1ccc(O)c(O)c1,0.00010840137
NS(=O)(=O)c1ccc(NC(=O)Nc2ccc(F)cc2)cc1,0.91563314
CCN(CC)CCO[C@H]1CC[C@@]2(C)C(=CC[C@@H]3[C@@H]2CC[C@]2(C)C(=O)CC[C@@H]32)C1,0.0033284998
CN(C(=O)Cc1ccc(Cl)c(Cl)c1)[C@H]1CCCC[C@@H]1N1CCCC1,0.40237454
CN(C(=O)c1ccc(Cl)c(Cl)c1)[C@@H]1CCCC[C@@H]1N1CCCC1,0.4092487
C[C@H](NC(=O)[C@@H](Cc1c[nH]c2ccccc12)NC(=O)[C@@H](N)Cc1cnc[nH]1)C(=O)N[C@@H](Cc1c[nH]c2ccccc12)C(=O)N[C@H](Cc1ccccc1)C(=O)N[C@@H](CCCCN)C(N)=O,0.5136732
CCCN(CCC)C1Cc2cc(OC)c(OC)cc2C1,5.3102365e-05
N[C@@H](CCNCc1ccc(Cl)cc1)C(=O)N1CCCCC1,0.0012277828
CC(C)C[C@H](NC(=O)[C@@H](O)[C@H](N)Cc1ccccc1)C(=O)O,0.03614196
N[C@@H](Cn1ccc(=O)n(Cc2ccccc2C(=O)O)c1=O)C(=O)O,0.28782544
Cc1cn(C[C@H](N)C(=O)O)c(=O)n(Cc2ccsc2C(=O)O)c1=O,0.13855423
Oc1c(CN2CCCC2)cc(COCc2ccccc2)c2cccnc12,0.18691492
c1ccc(C(NCc2cccnc2)(c2ccccc2)c2ccccc2)cc1,0.0053203925
CCCOc1ccc(S(=O)(=O)NCC[C@@H]2CCCN2C)cc1-c1nc2c(CCC)nn(C)c2c(=O)[nH]1,0.9980958
CCCCNNC(=O)c1ccc(Br)cc1,0.014906777
CCCCOC(=O)c1ccccc1Nc1cccc(C(F)(F)F)c1,0.007315281
CCCN(CCC)[C@@H]1CCc2c(OC)cccc2[C@@H]1C,0.00038378558
Cc1cc(CCC[C@H](CC(=O)NO)C(=O)N[C@H](C(=O)N[C@H](C)c2ccccc2)C(C)(C)C)ccc1-c1ccccc1,0.58516043
NC(=O)c1noc([C@H](CCCC2CCCCC2)CC(=O)NO)n1,0.9197513
N#C/C(=C\c1cn(-c2ccccc2)c2ccccc12)C(=O)O,0.030753598
CCOC(=O)N1CCN(C(=O)[C@H](Cc2cccc(C(=N)N)c2)NS(=O)(=O)c2c(C(C)C)cc(C(C)C)cc2C(C)C)CC1,0.9978677
C[C@H]1Sc2c(C(=O)O)c(=O)c3cc(F)c(N4CCNCC4)cc3n21,0.9830945
CC(=O)O[C@]1(C(C)=O)CC[C@H]2[C@@H]3CCC4=CC(=O)CCC4=C3[C@@H](c3ccc(N(C)C)cc3)C[C@@]21C,0.0010608182
OC(c1ccccc1)(c1ccccc1)C12CC[N+](CCOCc3ccccc3)(CC1)CC2,0.6963164
CN(C)CCN1C(=O)c2cccc3cc(NC(N)=O)cc(c23)C1=O,0.006645449
COc1cc2c(NC3CCN(C)CC3)nc(N3CCCN(C)CC3)nc2cc1OCCCN(C)C,0.45219374
COc1cc2c(NC3CCN(C)CC3)nc(N3CCCN(C)CC3)nc2cc1OCCOCCN(C)C,0.2156063
COc1cc2c(NC3CCN(CC4CCCCC4)CC3)nc(N3CCCN(C(C)C)CC3)nc2cc1OCCCN1CCCCC1,0.81974936
COc1cc2c(NC3CCN(C(C)C)CC3)nc(C3CCCCC3)nc2cc1OCCCN1CCCC1,0.5563187
COc1cc2c(NC3CCN(C(C)C)CC3)nc(N3CCC(F)(F)CC3)nc2cc1OCCCN1CCCC1,0.9721103
COc1cc2c(NC3CCN(C4CCCCC4)CC3)nc(N3CCCN(C(C)C)CC3)nc2cc1OCCCN1CCCCC1,0.9126194
COc1cc2c(N(C)C3CCN(C(C)C)CC3)nc(C3CCCCC3)nc2cc1OCCCN1CCCC1,0.9094671
O=C(c1ccc(C(=O)N2CCC(N3CCCC3)CC2)c(Nc2ccccc2)c1)N1CCC(N2CCCC2)CC1,0.0070421463
CCCc1cc(C)[nH]c(=O)c1CNC(=O)c1cc(-c2ccc(N3CCN(C(C)C)CC3)nc2)cc2c1cnn2C(C)C,0.9981686
CCCCNc1ncc2c(-c3ccc(CN4CCN(C)CC4)cc3)cn([C@H]3CC[C@H](O)CC3)c2n1,0.0065674502
CCCCNc1ncc(-c2ccc(CN3CCOCC3)cn2)c(N[C@H]2CC[C@H](O)CC2)n1,0.008542981
O=C(NCC(=O)N1CCCCC1)Nc1ccc2nnsc2c1,0.020676471
NC(=O)c1nc(Nc2ccccc2)sc1NC(=O)C1CCCCC1,0.12093783
O=C(c1cncc(Br)c1)N1CCC(N2CCCC2)CC1,0.013713868
O=C(c1cccc(Br)c1)N1CCC(N2CCCC2)CC1,0.004506668
C=CCCCCCCCCC(=O)O,0.0055635422
CC[C@@H]1CN(C(=O)NCC(F)(F)F)C[C@@H]1c1cnc2cnc3[nH]ccc3n12,0.18751661
CCOC(=O)N1CCN(C(=O)[C@H](Cc2cccc(C(=N)NO)c2)NS(=O)(=O)c2c(C(C)C)cc(C(C)C)cc2C(C)C)CC1,0.9943773
O=C(COc1cccc2c(=O)[nH]ccc12)c1ccccc1,0.34148183
CC(C)OC(=O)[C@H](C)N[P@](=O)(OC[C@H]1O[C@@H](n2ccc(=O)[nH]c2=O)[C@](C)(Cl)[C@@H]1O)Oc1ccccc1,0.9242347
Cn1ncc(Cl)c1-c1cc(C(=O)N[C@H](CN)Cc2ccc(F)c(F)c2)oc1Cl,0.843869
O=c1cc[nH]c(=O)[nH]1,0.00038729442
O=c1[nH]cc(N(CCCl)CCCl)c(=O)[nH]1,0.0013991972
COc1ccccc1N1CCN(CCCNc2cc(=O)n(C)c(=O)n2C)CC1,0.9875702
NC(=O)c1cccc(-c2cccc(OC(=O)NC3CCCCC3)c2)c1,0.071836926
NC(N)=O,0.008698094
CCOC(N)=O,0.000556867
O=c1[nH]c(=O)c2[nH]c(=O)[nH]c2[nH]1,0.0070973453
O=c1ccn([C@@H]2O[C@H](CO)[C@@H](O)[C@H]2O)c(=O)[nH]1,0.012948679
CC(=O)OC[C@H]1O[C@@H](n2ccc(=O)[nH]c2=O)[C@H](OC(C)=O)[C@@H]1OC(C)=O,0.76188
O=c1ccn([C@@H]2O[C@H](COP(=O)(O)OP(=O)(O)OP(=O)(O)O)[C@@H](O)[C@H]2O)c(=O)[nH]1,0.9988061
CN1CCN(Cc2ccc(-c3cnc4[nH]cc(-c5ccc6[nH]ccc6c5)c4c3)cc2)CC1,0.30536467
O=c1oc2cc(O)ccc2c2ccc(O)cc12,0.0001426451
C[C@H](CCC(=O)NCCS(=O)(=O)O)[C@H]1CC[C@H]2[C@@H]3[C@@H](O)C[C@@H]4C[C@H](O)CC[C@]4(C)[C@H]3CC[C@]12C,0.082488514
C[C@H](CCC(=O)O)[C@H]1CC[C@H]2[C@@H]3[C@@H](O)C[C@@H]4C[C@H](O)CC[C@]4(C)[C@H]3CC[C@]12C,0.00023429283
C[C@H]1[C@H](C)CC[C@]2(C(=O)O)CC[C@]3(C)C(=CC[C@@H]4[C@@]5(C)CC[C@H](O)C(C)(C)[C@@H]5CC[C@]43C)[C@H]12,0.001081161
CC(=O)c1c(O)c(C)c(O)c2c1OC1=CC(=O)C(=C(C)O)C(=O)[C@]12C,0.00037218185
COc1cc(CN2CCN(c3ccc(F)cc3)CC2)cc(OC)c1OC,0.06749424
O=C(O)C[C@@H]1CC[C@H](NC(=O)Cc2cccs2)B(O)O1,0.00068727654
O=C(O)CNC(=O)c1ncc(-c2cccc(Cl)c2)cc1O,0.09495523
CC(C)[C@H](N)C(=O)N[C@@H](Cc1ccc(O)cc1)C(=O)O,0.022289107
CC(C)[C@H](N)C(=O)OCCOCn1cnc2c(=O)nc(N)[nH]c21,0.03428478
COc1cc2c(cc1OC)[C@H]1C[C@@H](OC(=O)[C@@H](N)C(C)C)[C@H](CC(C)C)CN1CC2,0.9082431
Cc1onc(-c2ccccc2)c1-c1ccc(S(N)(=O)=O)cc1,0.8748251
CC[C@@H](C)[C@@H](C(=O)OCC[N+](C)(CC)CC)c1ccccc1,0.0022061246
CC(C)[C@H](N)C(=O)OC[C@@H](CO)OCn1cnc2c(=O)nc(N)[nH]c21,0.060261186
C=C[C@]1(C)C[C@@H](OC(=O)CSC(C)(C)CNC(=O)[C@H](N)C(C)C)[C@]2(C)[C@H](C)CC[C@]3(CCC(=O)[C@H]32)[C@@H](C)[C@@H]1O,0.99867463
CC[C@@H](C)[C@@H](CC)C(N)=O,0.00080848765
CCCC(CCC)C(=O)O,0.0027299006
CCCC(CCC)C(N)=O,0.0033732892
CCCC(CCC)C(=O)NCC(N)=O,0.009351074
CCCCC(=O)OCC(=O)[C@]1(O)Cc2c(O)c3c(c(O)c2[C@@H](O[C@H]2C[C@H](NC(=O)C(F)(F)F)[C@H](O)[C@H](C)O2)C1)C(=O)c1c(OC)cccc1C3=O,0.024785584
C/C=C/C[C@@H](C)C(=O)[C@H]1C(=O)N[C@@H](C(C)C)C(=O)N(C)CC(=O)N(C)[C@@H](CC(C)C)C(=O)N[C@@H](C(C)C)C(=O)N(C)[C@@H](CC(C)C)C(=O)N[C@@H](C)C(=O)N[C@H](C)C(=O)N(C)[C@@H](CC(C)C)C(=O)N(C)[C@@H](CC(C)C)C(=O)N(C)[C@@H](C(C)C)C(=O)N1C,0.9999999
CN[C@H](CC(C)C)C(=O)N[C@H]1C(=O)N[C@@H](CC(N)=O)C(=O)N[C@H]2C(=O)N[C@H]3C(=O)N[C@H](C(=O)N[C@H](C(=O)O)c4cc(O)cc(O)c4-c4cc3ccc4O)[C@H](O)c3ccc(c(Cl)c3)Oc3cc2cc(c3O[C@@H]2O[C@H](CO)[C@@H](O)[C@H](O)[C@H]2O[C@H]2C[C@](C)(N)[C@H](O)[C@H](C)O2)Oc2ccc(cc2Cl)[C@H]1O,0.99704546
COc1cc2c(Nc3ccc(Br)cc3F)ncnc2cc1OCC1CCN(C)CC1,0.9115386
COc1cc(C=O)ccc1O,0.0007660146
COc1cc(CCC(C)=O)ccc1O,0.0010924636
CC[C@@H]1C[C@]1(NC(=O)[C@@H]1C[C@@H]2CN1C(=O)[C@H](C(C)(C)C)NC(=O)OCC(C)(C)CCCCc1cccc3c1CN(C3)C(=O)O2)C(=O)NS(=O)(=O)C1CC1,0.99842393
COc1cc(C(=S)N2CCOCC2)ccc1O,0.16357511
Fc1ccc(C(OCCN2CCN(CCCc3ccccc3)CC2)c2ccc(F)cc2)cc1,0.4319101
CCOc1noc2cc(OCCC3CCN(c4ccc(C)nn4)CC3)ccc12,0.9061442
CCCc1nc(C)c2c(=O)nc(-c3cc(S(=O)(=O)N4CCN(CC)CC4)ccc3OCC)[nH]n12,0.1561167
c1cnc2cc3c(cc2n1)[C@@H]1CNC[C@H]3C1,0.9964796
CCc1c(C(=O)C(N)=O)c2c(OCC(=O)O)cccc2n1Cc1ccccc1,0.6379393
N=C(N)NCCC[C@H](NC(=O)[C@@H]1CCCN1C(=O)[C@@H]1CSSC[C@H](N)C(=O)N[C@@H](Cc2ccc(O)cc2)C(=O)N[C@@H](Cc2ccccc2)C(=O)N[C@@H](CCC(N)=O)C(=O)N[C@@H](CC(N)=O)C(=O)N1)C(=O)NCC(N)=O,0.33695838
Clc1ccc(Nc2nnc(Cc3ccncc3)c3ccccc23)cc1,0.08948762
CS(=O)(=O)NCCN1C(=O)NC[C@]12CCN1CCc3c(oc4ccccc34)[C@@H]1C2,0.99524707
CC[C@H](NC(=O)[C@H](CS(=O)(=O)CC1CC1)N[C@@H](c1ccc(F)cc1)C(F)(F)F)C(=O)C(=O)NC1CC1,0.99477553
CO[C@H]1CC[C@H](N(c2cc(C3=CCCCC3)sc2C(=O)O)C(=O)[C@H]2CC[C@H](C)CC2)CC1,0.12841038
CS(=O)(=O)c1ccc(-c2cnc(N)c(C(=O)Nc3ccccc3)n2)cc1,0.45804527
CNCc1ccc(-c2cc(-c3nc(-c4ccc(S(=O)(=O)C(C)C)cc4)cnc3N)on2)cc1,0.18553656
NC(=O)[C@H]1CCN(c2ncnc(N)c2F)C[C@@H]1N1CCC[C@@H](Nc2cc(Cl)cc(C(F)(F)F)c2)C1=O,0.8391822
CC(=O)O[C@H]1C[C@@H]2CC[C@@H]3[C@H](CC[C@@]4(C)[C@H]3C[C@H]([N+]3(C)CCCCC3)[C@@H]4OC(C)=O)[C@@]2(C)C[C@@H]1N1CCCCC1,0.068628184
C[C@H](C(=O)O)c1ccc(C2CCCCC2)c2ccccc12,0.037013885
O=Cc1c(O)cccc1OCCCCC(=O)O,0.0038937351
CCC[C@@H](N(NC(=O)c1cccc(OC)c1CC)C(=O)c1cc(C)cc(C)c1)C(C)(C)C,0.09030554
O=C(O)[C@@H](c1ccc(OCc2ccc3ccccc3n2)cc1)C1CCCC1,0.48380965
C[C@]1(c2nc3cccc(C(N)=O)c3[nH]2)CCCN1,0.11900654
CC(C)(C)S(=O)(=O)N[C@H]1CC[C@H](C(=O)Nc2ccc(C(F)(F)F)cn2)CC1,0.59292614
COC[C@H]1C[C@@H](c2nc(-c3ccc4c(c3)COc3cc5c(ccc6[nH]c([C@@H]7CC[C@H](C)N7C(=O)[C@@H](NC(=O)OC)C(C)C)nc65)cc3-4)c[nH]2)N(C(=O)[C@H](NC(=O)OC)c2ccccc2)C1,0.98096246
CCCS(=O)(=O)Nc1ccc(F)c(C(=O)c2c[nH]c3ncc(-c4ccc(Cl)cc4)cc23)c1F,0.9735067
CC1(C)CCC(CN2CCN(c3ccc(C(=O)NS(=O)(=O)c4ccc(NCC5CCOCC5)c([N+](=O)[O-])c4)c(Oc4cnc5[nH]ccc5c4)c3)CC2)=C(c2ccc(Cl)cc2)C1,0.97480595
COc1ccc([C@@H](CN(C)C)C2(O)CCCCC2)cc1,0.7457122
N#Cc1ccc(COC[C@H]2O[C@@H](n3c(NCc4ccc(Cl)c(Cl)c4)nc4c(N)ncnc43)[C@H](O)[C@@H]2O)cc1,0.7635517
CCNC(=O)c1[nH]nc(-c2cc(Cl)c(O)cc2O)c1-c1ccc(OC)cc1,0.92950654
C=CCN1CCC[C@H]1CNC(=O)c1cc(S(N)(=O)=O)cc(OC)c1OC,0.99389946
COc1ccc(CCN(C)CCCC(C#N)(c2ccc(OC)c(OC)c2)C(C)C)cc1OC,0.99066556
C[C@@H]1O[C@@H](O[C@@H]2[C@@H](O)[C@H](OCCc3ccc(O)c(O)c3)O[C@H](CO)[C@H]2OC(=O)/C=C/c2ccc(O)c(O)c2)[C@H](O)[C@H](O)[C@H]1O,0.00023597466
CC(C)(C)c1ccc(S(=O)(=O)Nc2ccc(Cl)cc2C(=O)c2cc[n+]([O-])cc2)cc1,0.27123815
O=C(/C=C\n1cnc(-c2cc(C(F)(F)F)cc(C(F)(F)F)c2)n1)NNc1ccccn1,0.09471945
CC(C)OCCn1c(=S)[nH]c(=O)c2[nH]ccc21,0.6871963
COC(=O)Nc1c(N)nc(-c2nn(Cc3ccccc3F)c3ncc(F)cc23)nc1N,0.8601938
CC(C)(Sc1ccncc1-c1ccc(C#N)c2ccccc12)C(=O)O,0.070986435
COc1ccc(CCO[C@@H]2CCCC[C@H]2N2CC[C@@H](O)C2)cc1OC,0.035977993
C=CC1=C(C)c2cc3[nH]c(cc4[nH]c(cc5nc(cc1n2)C(C)=C5CCC(=O)O)c(CCC(=O)OC)c4C)[C@@]1(C)C3=CC=C(C(=O)OC)[C@H]1C(=O)OC,0.9220907
CN1C(N)=N[C@](C)(c2cc(NC(=O)c3ccc(F)cn3)ccc2F)CS1(=O)=O,0.122272305
COc1ccc(N(C)c2nc(C)nc3ccccc23)cc1,0.30390018
CC[C@H](Nc1cc(C)nc2c(-c3ccc(OC)cc3C)c(C)nn12)c1nc(C)no1,0.9563558
O[C@@H]1CCCC[C@H]1N1CCC(c2ccccc2)CC1,0.88595515
COc1ccc(C(=O)N2CCN(c3ccc4c(c3)CCC(=O)N4)CC2)cc1OC,0.40136036
O=C(O)C[C@H]1CC(c2ccccc2)=NO1,0.040482763
COC[C@@H](c1ccc(C(F)(F)F)cc1)N1CCN(C2(C)CCN(C(=O)c3c(C)ncnc3C)CC2)C[C@@H]1C,0.84514624
Nc1ncnc2c1ncn2[C@@H]1O[C@H](CO)[C@@H](O)[C@@H]1O,0.17305398
C=C[C@@H](N)CCC(=O)O,0.00018802354
OCc1cc([C@@H](O)CNCCCCCCOCCOCc2c(Cl)cccc2Cl)ccc1O,0.01831878
N#Cc1ccc2[nH]cc(CCCCN3CCN(c4ccc5oc(C(N)=O)cc5c4)CC3)c2c1,0.09401471
N#C[C@@H]1CCCN1C(=O)CN[C@@]12C[C@@H]3C[C@@H](C[C@@](O)(C3)C1)C2,0.16640574
CCOc1ccccc1OC[C@H]1CNCCO1,0.013926764
CC[C@]1(O)C[C@@H]2C[N@@](CCc3c([nH]c4ccccc34)[C@@](C(=O)OC)(c3cc4c(cc3OC)N(C)[C@H]3[C@@](O)(C(=O)OC)[C@H](OC(C)=O)[C@]5(CC)C=CCN6CC[C@]43[C@@H]65)C2)C1,0.99643743
CC[C@]12CCCN3CCc4c(n(c5ccccc45)C(=O)C1)[C@@H]32,0.9779488
CC[C@]12CCCN3CCc4c(n(c5ccccc45)[C@@](O)(C(=O)OC)C1)[C@@H]32,0.3116006
CC[C@]1(O)C[C@@H]2C[N@@](CCc3c([nH]c4ccccc34)[C@@](C(=O)OC)(c3cc4c(cc3OC)N(C=O)[C@H]3[C@@](O)(C(=O)OC)[C@H](OC(C)=O)[C@]5(CC)C=CCN6CC[C@]43[C@@H]65)C2)C1,0.99183184
CC[C@]1(O)C[C@H]2CN(CCc3c([nH]c4ccccc34)[C@@](C(=O)OC)(c3cc4c(cc3OC)N(C)[C@H]3[C@@](O)(C(N)=O)[C@H](O)[C@]5(CC)C=CCN6CC[C@]43[C@@H]65)C2)C1,0.99775475
CC[C@]12C=CCN3CC[C@@]4(c5cc([C@@]6(C(=O)OC)C[C@@H]7C[C@@H](C(C)(F)F)C[N@](CCc8c6[nH]c6ccccc86)C7)c(OC)cc5N(C)[C@H]4[C@@](O)(C(=O)OC)[C@@H]1OC(C)=O)[C@@H]32,0.9967901
CCC1=C[C@@H]2C[N@](C1)Cc1c([nH]c3ccccc13)[C@@](C(=O)OC)(c1cc3c(cc1OC)N(C)[C@H]1[C@@](O)(C(=O)OC)[C@H](OC(C)=O)[C@]4(CC)C=CCN5CC[C@]31[C@@H]54)C2,0.9974567
CCOC(=O)C1=C[C@]2(CC)CCCN3CCc4c(n1c1ccccc41)[C@@H]32,0.73987955
NCCC[C@H](N)CC(=O)N[C@H]1CNC(=O)[C@H]([C@H]2C[C@H](O)N=C(N)N2)NC(=O)C(C=NC(N)=O)NC(=O)[C@H](CO)NC(=O)[C@H](CO)NC1=O,0.9997216
Cc1cc(Cn2nnc3c(-c4ccco4)nc(N)nc32)ccc1N,0.5105904
CS(=O)(=O)c1ccc(C(=O)Nc2ccc(Cl)c(-c3ccccn3)c2)c(Cl)c1,0.52738917
CC1=C(C)C(=O)C(CCCCCCCCCC[P+](c2ccccc2)(c2ccccc2)c2ccccc2)=CC1=O,0.73309606
C/C1=C2/N=C(/C=C3\N=C(/C(C)=C4/[C@@H](CCC(N)=O)[C@](C)(CC(N)=O)[C@](C)([C@@H]5N=C1[C@](C)(CCC(=O)NC[C@@H](C)OP(=O)(O)O[C@H]1[C@@H](O)[C@@H](n6cnc7cc(C)c(C)cc76)O[C@@H]1CO)[C@H]5CC(N)=O)[N]4[Co+][C]#N)[C@@](C)(CC(N)=O)[C@@H]3CCC(N)=O)C(C)(C)[C@@H]2CCC(N)=O,0.9940112
Cc1c(C)c2c(c(C)c1O)CC[C@@](C)(CCC[C@H](C)CCC[C@H](C)CCCC(C)C)O2,0.1654779
NC(=O)[C@@H]1CC[C@H](c2ccc(OCc3ccccc3F)cc2)N1,0.013810683
C=CC(=O)N1CC/C(=C\c2ccc(F)c([N+](=O)[O-])c2)C(=O)/C(=C/c2ccc(F)c([N+](=O)[O-])c2)C1,0.96336514
CC(=NNc1nnc2c(n1)[nH]c1c(C)cccc12)c1ccccn1,0.21351604
Cc1ncsc1-c1ccc(CNC(=O)[C@@H]2C[C@@H](O)CN2C(=O)[C@H](C(C)C)N2Cc3ccccc3C2=O)cc1,0.92012566
C=C/C=C/C[C@@H](C)[C@@H](O)[C@H]1C(=O)N[C@@H](CC)C(=O)N(C)CC(=O)N(C)[C@@H](CC(C)C)C(=O)N[C@@H](C(C)C)C(=O)N(C)[C@@H](CC(C)C)C(=O)N[C@@H](C)C(=O)N[C@H](C)C(=O)N(C)[C@@H](CC(C)C)C(=O)N(C)[C@@H](CC(C)C)C(=O)N(C)[C@@H](C(C)C)C(=O)N1C,0.99999976
OCC(CO)N[C@H]1C[C@](O)(CO)[C@@H](O)[C@H](O)[C@H]1O,3.5424378e-07
CC[C@@H]1C(=O)N(C)c2cnc(Nc3ccc(C(=O)N[C@H]4CC[C@H](N5CCN(CC6CC6)CC5)CC4)cc3OC)nc2N1C(C)C,0.9649097
COc1cccc([C@H](O)C2CCN(CCc3ccc(F)cc3)CC2)c1OC,0.12598655
CNCc1cc(-c2ccccc2F)n(S(=O)(=O)c2cccnc2)c1,0.026707944
CCOC(=O)N[C@@H]1CC[C@@H]2[C@@H](C1)C[C@H]1C(=O)O[C@H](C)[C@H]1[C@H]2/C=C/c1ccc(-c2cccc(F)c2)cn1,0.9990927
C[C@@H](Nc1nc(N[C@H](C)C(F)(F)F)nc(-c2cccc(Cl)n2)n1)C(F)(F)F,0.9903955
CN[C@H]1CN(c2ccc3c(=O)c(C(=O)O)cn(-c4nccs4)c3n2)C[C@@H]1OC,0.79427314
C[C@@H](c1ncncc1F)[C@](O)(Cn1cncn1)c1ccc(F)cc1F,0.9187067
O=C(CCCCCCC(=O)Nc1ccccc1)NO,0.0027310902
Cc1ccc(Sc2ccccc2N2CCNCC2)c(C)c1,0.00020312326
CN1CC[C@@H](c2c(O)cc(O)c3c(=O)cc(-c4ccc(C(F)(F)F)cc4Cl)oc23)[C@@H]1CO,0.21179007
CC(C)n1nccc1-c1ncccc1COc1cccc(O)c1C=O,0.19669333
CCn1c(=O)c(-c2cc[nH]n2)cc2c(C)nc(N)nc21,0.017994352
O=C(O)CCc1c[nH]c2ccccc12,0.0048719556
CNC(=O)c1ccccc1Nc1cc(Nc2ccc(N3CCOCC3)cc2OC)ncc1C(F)(F)F,0.40241995
CC(C)[C@](O)(c1ccc2cc(OC(F)F)c(OC(F)F)cc2c1)c1cn[nH]n1,0.99789053
CN[C@H](CNC(=O)N1CCC[C@@H]([C@@H](OCCNC(=O)OC)c2cccc(Cl)c2)C1)C[C@H]1CCCOC1,0.108304374
CN1CCN(c2nc3ccccc3nc2Cl)CC1,0.17943253
CN1CCN(c2cc(-c3ccccc3)nc(N)n2)CC1,0.023956677
COc1cc(C(=O)N(CC[C@H]2CCCN2C)C/C(C)=C/c2ccccc2F)cc(OC)c1OC,0.8502648
C[C@@H](CN1CCC(n2c(=O)[nH]c3cc(Cl)ccc32)CC1)NC(=O)c1ccc2ccccc2c1,0.8798398
COc1ccc(CN2C(=O)C(=O)c3cc(OC(F)(F)F)ccc32)cc1,0.0004933258
Cc1csc(NC(=O)CSc2ccc(-c3ccccc3)nn2)n1,0.040014677
CCCCOc1ccc(C(=O)Nc2ccc(F)cc2F)cc1,0.91930795
O=C(NC1CCC1)c1ccc(C#Cc2cccc(F)c2)nc1,0.70715785
COc1cc(NC(=O)c2ccccn2)ccc1Cl,0.021212285
O=C(Nc1ccc(S(=O)(=O)Nc2ccccc2Cl)c(Cl)c1)c1ccccn1,0.091007695
O=C(NCCN1CCC2(CC1)C(=O)NCN2c1cccc(F)c1)c1ccc2ccccc2c1,0.39299592
O=C(Nc1cccc(Cl)c1)c1ccccn1,0.018214136
O=C(Nc1ccc(Oc2ccc(Cl)cn2)c(Cl)c1)c1ccccn1,0.17019859
Cc1cc(C)c2c(N)c(C(=O)NCc3ccc(Cl)cc3)sc2n1,0.4517955
COc1ccc(CNC(=O)c2sc3nc(C)cc(C)c3c2N)cc1,0.31897315
O=C(Nc1cc(-c2ccccc2)nn1-c1ccccc1F)c1ccc([N+](=O)[O-])cc1,0.9491239
O=C(Nc1cc(-c2ccccc2)nn1-c1ccccc1)c1ccc([N+](=O)[O-])cc1,0.894585
O=[N+]([O-])c1ccc2nc(COCc3nc4ccc([N+](=O)[O-])cc4[nH]3)[nH]c2c1,0.014587369
Cc1cnc(Nc2ccc(F)cc2Cl)nc1-c1c[nH]c(C(=O)N[C@H](CO)c2cccc(Cl)c2)c1,0.9133369
CC(C)(C)C#Cc1cc(N(C(=O)[C@H]2CC[C@H](C)CC2)[C@H]2CC[C@@H](O)CC2)c(C(=O)O)s1,0.74318093
NC(=O)c1ccc(N(C(N)=O)c2c(F)cccc2F)nc1-c1ccc(F)cc1F,0.8163212
O=c1ncn2nc(Sc3ccc(F)cc3F)ccc2c1-c1c(Cl)cccc1Cl,0.07067752
CCO[C@@H]1OC(=O)C[C@@H]1NC(=O)[C@@H]1CCCN1C(=O)[C@@H](NC(=O)c1ccc(N)c(Cl)c1)C(C)(C)C,0.8076022
COc1ccc2c(c1)[C@H](C(=O)N(Cc1ccc(N(C)C)cc1)c1ccc(C(C)C)cc1)CCC2,0.15416214
Cn1nc(-c2ccc(C(F)(F)F)cc2)nc2c(=O)n(C)c(=O)nc1-2,0.95364773
CC(=O)C[C@@H](c1ccccc1)c1c(O)c2ccccc2oc1=O,0.0038310494
COc1ccccc1N1CCN(CCN(C(=O)C2CCCCC2)c2ccccn2)CC1,0.19198945
O=C1Nc2cc(Cl)c(Cl)cc2N2CCNC[C@H]12,0.2524353
Cc1cc(C)c(N(Cc2ccccc2)S(=O)(=O)c2ccc(OCCNC(=O)c3cc4ccccc4o3)cc2)c(C(=O)NO)c1,0.66918546
Oc1ccc(-c2nc3cc(O)cc(Br)c3o2)cc1,0.0021429097
CC(C)(C)c1ccc(-c2nc3c(N4CCN(Cc5ccc6nccnc6c5)CC4)cccc3[nH]2)cc1,0.09536252
CN(C)CCn1cc(S(=O)(=O)c2cccc(F)c2)c2cccnc21,0.06045871
N[C@@H](CC(=O)Nc1ccc(Oc2cc(F)c(F)cc2Br)cc1)C(=O)O,0.19308284
Cn1c(C#N)ccc1-c1cc(F)c2c(c1)C(C)(C)C(=O)N2,0.1900769
O=S(=O)(NC1CCNCC1)c1cc(S(=O)(=O)c2ccccc2)ccc1C(F)(F)F,0.0011412716
CC(C)OC(=O)C1=CN(C(=O)c2ccc(F)c(F)c2)CC(C)(C)c2c1[nH]c1ccccc21,0.31127977
c1cncc(CN2CCC(n3ncc4c(N5CCOCC5)nc(-c5ccc6[nH]ccc6c5)nc43)CC2)c1,0.0112596005
c1cc2c3c(c1)c1c(n3CCNC2)CCCC1,0.010430282
COc1cccc(OC)c1OCCNC[C@H]1COc2ccccc2O1,0.00030090252
COC(=O)c1ccc(N2CCN(C)CC2)c(NC(=O)c2cccc(OC)c2)c1,0.37859097
Cc1ccc(-c2nn(C(C)(C)CNC(=O)c3ncccc3C)c3ncnc(N)c23)cc1,0.06825605
COc1ccc(N(C(=O)Oc2c(C)cccc2C)c2ccnc(Nc3ccc(N4CCN(C)CC4)cc3)n2)c(OC)c1,0.029281123
COc1cc2ncnc(Nc3ccc(O)c(Br)c3)c2cc1OC,0.8766153
COc1ccc(-n2c(SCCCN3C(=O)c4cccc5cccc(c45)C3=O)nnc2-c2ccncc2)cc1,0.0035147718
O=C(NCCCCCCCCNC(=O)C(Cl)Cl)C(Cl)Cl,0.016656743
CCCC[P+](CCCC)(CCCC)Cc1ccc(NC(=O)[C@H](Cc2ccc3ccccc3c2)N/C(=N/C2CCCCC2)NC2CCCCC2)cc1,0.65916234
CN(C)C[C@@H](O)Cn1c2ccc(Br)cc2c2cc(Br)ccc21,0.10266607
Cc1cc(-c2ccc(CC(=O)Nc3ccc(-c4cccnc4)cc3)cc2)ccn1,0.6407788
COC[C@H]1OC(=O)c2coc3c2[C@@]1(C)C1=C(C3=O)[C@@H]2CCC(=O)[C@@]2(C)C[C@H]1OC(C)=O,0.9739692
C[C@H](NC(=O)/C(C#N)=C/c1cccc(Br)n1)c1ccccc1,0.007972717
CCC[C@H](NC(=O)/C(C#N)=C/c1cccc(Br)n1)c1ccccc1,0.019760165
O=C(O)Cn1nnnc1-c1ccsc1,0.004180487
CC1(C)N=C(N)N=C(N)N1OCCCOc1cc(Cl)c(Cl)cc1Cl,0.028890472
CCOC(=O)c1ccc(-c2ccc(OC(=O)N(C)Cc3cccc(-c4ccncc4)c3)cc2)cc1,0.2813244
CN(Cc1cccc(-c2ccccc2)c1)C(=O)Oc1ccc(-c2ccc(C(N)=O)cc2)cc1,0.3684524
CCOC(=O)C(=O)Nc1cccc(OC)c1C(N)=O,0.09438198
CNC(=O)Nc1ccc(-c2nc(N3C[C@H]4CC[C@@H](C3)O4)c3cnn(C4CCC5(CC4)OCCO5)c3n2)cc1,0.045995954
COC(=O)Nc1ccc(-c2nc(N3CCOCC3)c3cnn(C4CCN(C(=O)OC)CC4)c3n2)cc1,0.11552727
COC(=O)Nc1ccc(-c2nc(N3CCOCC3)c3cnn(C4CCN(Cc5cccnc5)CC4)c3n2)cc1,0.10251962
C=CC(=O)Nc1cccc(Oc2nc(Nc3ccc(N4CCN(C)CC4)cc3)ncc2Cl)c1,0.3781338
C=CC(=O)Nc1cccc(Oc2nc(Nc3ccc(N4CCN(C)CC4)cc3OC)ncc2Cl)c1,0.4341987
CCC(=O)Nc1cccc(Oc2nc(Nc3ccc(N4CCN(C)CC4)cc3OC)ncc2Cl)c1,0.41411674
C=CC(=O)Nc1cccc(Sc2nc(Nc3ccc(N4CCN(C)CC4)cc3)ncc2Cl)c1,0.33918083
c1ccc(NCc2ccc(CNc3ccccn3)cc2)nc1,0.0046760067
FC(F)(F)c1cccc(C2=CCN(CCc3ccc4ccccc4c3)CC2)c1,0.456846
O=C(NCCNCC(O)COc1ccc(O)cc1)N1CCOCC1,0.0048426925
CCCCCCOc1nsnc1C1=CCCN(C)C1,0.31376687
O=c1c2ccccc2oc2ccccc12,0.00442086
O=c1nc(-c2ccc(C(F)(F)F)cc2)[nH]c2c1CSCC2,0.061462525
CCN(Cc1ccccc1)C(=O)Cn1c(=O)n(C)c2cnc(-c3ccccc3)nc21,0.54927564
CCc1c(C(=O)Nc2cc(S(=O)(=O)N(CC)CC)ccc2O)[nH]c(C)c1C(C)=O,0.0070043257
O=C1c2ccccc2C(Cc2ccncc2)(Cc2ccncc2)c2ccccc21,0.4169668
O=C(O)c1ccccc1-c1ccc(C(F)(F)F)cc1,0.15435453
Cc1cccc(OC[C@@H](O)CNC(C)(C)C)c1C,0.06570638
Cc1cccc(C)c1NC(=O)/N=C1/CCCN1C,0.0008344026
Cc1cccc(C)c1NC(=O)c1cc(S(N)(=O)=O)c(Cl)cc1O,0.14139251
O=C(Nc1ccc(-c2ccnc(Nc3ccc(N4CCOCC4)cc3)n2)cc1)[C@@H]1CCCN1,0.003729367
CC(C)(O)c1cn(-c2ccc(-c3cc(F)c(CO)c(S(C)(=O)=O)c3)cc2F)c(C(C)(C)c2c(Cl)cccc2Cl)n1,0.9346757
Cc1ccc(S(=O)(=O)Nc2nc3ccccc3nc2Nc2ccc3nsnc3c2)cc1,0.024724776
CC(C)c1cc(CNc2nc(Nc3cc(C4CC4)n[nH]3)cc(N3CCN(C)CC3)n2)on1,0.19996236
Cc1c(C(=O)N2CCOc3ccc(-c4ccc(N)nc4)cc3C2)ccc(S(C)(=O)=O)c1F,0.92267746
COc1cc2c(Nc3ccc(Cl)c(Cl)c3F)ncnc2cc1OC[C@@H]1C[C@@H]2CN(C)C[C@@H]2C1,0.9854783
CC[C@@H](C)Nc1cc(C(=O)N[C@H]2C[C@H]3CC[C@@H](C2)N3c2ccc(C(=O)C3CC3)cn2)c(C)cc1C(N)=O,0.9636031
CCOc1cc(C(=O)N2CCC(N3CCN(C)CC3)CC2)ccc1Nc1ncc2c(n1)N(C1CCCC1)c1ccccc1C(=O)N2C,0.016102768
CCOc1cc(N2CCC(O)CC2)ccc1Nc1ncc2c(n1)N(C)c1ccccc1C(=O)N2C,0.08154698
Cc1cccc(C)c1NC1=NCCCS1,0.0027916222
Cc1cc(C(C)(C)C)cc(C)c1CC1=NCCN1,0.053999115
O=C[C@H](O)[C@@H](O)[C@H](O)CO,0.000783044
OCC[N+]12CN3CN(CN(C3)C1)C2,0.00037272205
CC(C)N1CCN(c2ccc(C(=O)c3c(-c4ccc(O)cc4)sc4cc(O)ccc34)cc2)CC1,0.0037566165
CC(=O)N(O)[C@@H]1c2cc(C#N)ccc2OC(C)(C)[C@H]1O,0.0019898412
CC(=O)N(OCc1ccccc1)[C@@H]1c2cc(C#N)ccc2OC(C)(C)[C@H]1O,0.018129757
C[C@@H](N)[C@H]1CC[C@H](C(=O)Nc2ccncc2)CC1,0.012385214
CC(C)c1ccc(C(=O)c2cccs2)c(SCCCCCCCCN(C)C)n1,0.012875785
Cc1c(C(=O)Nc2ccc(N3CCC(N4CCOCC4)CC3)c(C#N)c2)cnn1-c1ccc(Cl)cc1,0.5702337
C[C@@H](N)c1ccc(C(=O)Nc2ccnc3[nH]ccc23)cc1,0.823726
OCc1ccc(-c2nn(Cc3ccccc3)c3ccccc23)o1,0.011355454
Cc1nc2ccc(Oc3ccc(F)cc3)cc2c(=O)n1C[C@H]1CCCN(C(C)C)C1,0.9863608
COc1ccc(C(=O)C[C@@]2(O)C(=O)Nc3c(Cl)ccc(Cl)c32)cc1,0.10824583
O=c1ccccn1CC1(O)CCN(Cc2ccccc2)CC1,0.027490636
Cc1cccc(NC(=O)N[C@@H]2N=C(c3ccccc3)c3ccccc3N(CC(=O)c3ccccc3C)C2=O)c1,0.8743826
COCCn1c2c([n+](Cc3cnccn3)c1C)C(=O)c1ccccc1C2=O,0.058568794
Nc1ccc(C(=O)Nc2cccc(-c3nc(N4CCOCC4)c4oc5ncccc5c4n3)c2)cn1,0.737952
Nc1cccc(CNC(=O)c2ccc(Oc3ccc(OCc4cccc(F)c4)cc3)nc2)c1,0.8249616
Cc1c(C(=O)N(C)C2CCCCC2)sc2nc3ccc(N)cc3n12,0.1157292
Cc1c(C(=O)NC2CCCCC2)sc2nc3ccc(N)cc3n12,0.061453946
N#Cc1ccc(N(Cc2ccc(Br)cc2)n2cnnc2)cc1,0.012508304
Cc1nnsc1C(=O)Nc1ccc(-n2nc(C(F)(F)F)cc2C(F)(F)F)cc1,0.19477127
Cc1cc(C)c(NC(=O)N(Cc2ccc3c(c2)Cc2ccccc2-3)C2CCCCCC2)c(C)c1,0.8424693
COc1cc2c(cc1OC)-c1cc3nc4ccccc4nc3n1C(C)(C)C2,0.920817
CCc1ccc2c(-c3cccc(Cl)c3)nc(=O)n(CC)c2n1,0.32544777
C[C@H](NC(=O)Cc1cc(F)cc(F)c1)C(=O)N[C@@H]1C(=O)N(C)c2ccccc2-c2ccccc21,0.022964967
Clc1cccc(Cl)c1CSc1nnc(-c2cnccn2)s1,0.005725926
COC(=O)[C@@H]1[C@H]2C[C@H]3c4[nH]c5ccccc5c4CCN3C[C@@H]2CC[C@@H]1O,0.27891043
COc1ccc(CCN(C)CCc2ccc(OC)c(OC)c2)cc1OC,0.0052292757
CCOC(=O)C1=C(C)NC(C)=C(C(=O)OCCN2CCCCC2)[C@@H]1c1cccc([N+](=O)[O-])c1,0.9902953
CCOC(=O)c1cc2ccc(O)cc2oc1=O,0.00015209509
Cc1cccc(COc2cccc(/C=C3\C(=O)NN(c4ccccc4)C3=O)c2)c1,0.00040553414
COc1cc(C(=O)NS(=O)(=O)c2ccccc2C)ccc1Cc1cn(C)c2ccc(NC(=O)OC3CCCC3)cc12,0.90886915
Nc1ccn([C@H]2CC[C@@H](CO)O2)c(=O)n1,0.011505225
C[C@@]1(CN2CCC(n3c(=O)[nH]c4ccccc43)CC2)OCc2ccccc2-n2cccc21,0.06758477
Cc1nc(-c2csc(NC(=N)N)n2)c[nH]1,0.52420825
C[C@@H](C(=O)O)c1ccc2c(c1)CC(=O)c1ccccc1S2,0.00068028556
CCC(=O)NO,9.321981e-06
c1ccc(C(O[C@@H]2CCCN(CCc3ccc4c(c3)OCO4)C2)c2ccccc2)cc1,0.1245114
CC(=O)N[C@H]1[C@H]([C@H](O)[C@H](O)CO)OC(C(=O)O)=C[C@@H]1NC(=N)N,0.97440976
C=CC(=O)N1CCC([C@@H]2CCNc3c(C(N)=O)c(-c4ccc(Oc5ccccc5)cc4)nn32)CC1,0.522084
N=C(N)S/C=C\C(=O)O,0.08290648
CCCOc1ccccc1-c1nc(=O)c2n[nH]nc2[nH]1,0.015055746
COc1cc(-c2ccc(=O)[nH]n2)ccc1OC(F)F,0.008814099
COc1ccc(CCN(C)CCCN2CCc3cc(OC)c(OC)cc3CC2=O)cc1OC,0.0020833407
Cc1cc(C)nc(NS(=O)(=O)c2ccc(NC(=S)NC(=O)COc3ccc(Br)cc3Cl)cc2)n1,0.32132432
N#Cc1cccc([C@@H]2C=C(C(F)(F)F)NC3=C2C(=O)CCC3)c1,0.00093877
O=C(O)Cc1ccc(OCCNC[C@H](O)c2ccccc2)cc1,4.026244e-05
COCCNC(=O)COc1ccc(OCCNC[C@H](O)COc2ccccc2)cc1,0.00027849257
CCc1cc2c(c(CC)n1)CCC(=O)N2Cc1ccc(-c2ccccc2-c2nn[nH]n2)cc1,0.024891483
CCN(c1ccccc1)c1cc(=NC)n(C)c(C)n1,0.24978471
C/C(=C\CNc1ncnc2nc[nH]c12)CO,0.7506201
O=c1ncccn1[C@@H]1O[C@H](CO)[C@@H](O)[C@H]1O,0.0039627934
COc1nc(C)cnc1NS(=O)(=O)c1cccnc1-c1ccc(-c2nnco2)cc1,0.7527678
Cc1cn([C@H]2C[C@H](N=[N+]=[N-])[C@@H](CO)O2)c(=O)[nH]c1=O,1.2974818e-05
C[C@H](c1cc2ccccc2s1)N(O)C(N)=O,0.005572548
CC(C)N[C@H]1CCn2c(=O)[nH]c3cccc(c32)[C@@H]1O,6.4085914e-05
CN(C)C/C=C(/c1ccc(Br)cc1)c1cccnc1,0.5818542
C=CCCCCCCCCC(=O)[O][Zn][O]C(=O)CCCCCCCCC=C,0.12546301
Cc1cc(N2CCCCC2)nn2cnnc12,0.004681287
O=C1Cc2cc(CCN3CCN(c4nsc5ccccc45)CC3)c(Cl)cc2N1,0.68021685
CCc1nc2c(C)cc(N3CCN(CC(=O)N4CC(O)C4)CC3)cn2c1N(C)c1nc(-c2ccc(F)cc2)c(C#N)s1,0.0051153256
CCCCCS(=O)(=O)CCCCCCCCCCn1c(-c2ccc(O)cc2)c(C)c2cc(O)ccc21,0.26396507
O=c1[nH]c2cc(C(F)(F)F)c(N3CCOCC3)cc2n(CP(=O)(O)O)c1=O,0.013766435
C[C@@H]1CN(Cc2ccc(F)cc2)CCN1C(=O)COc1ccc(Cl)cc1NC(N)=O,0.9757658
CCOC(=O)c1ncc2[nH]c3ccc(OCc4ccccc4)cc3c2c1COC,0.0728676
CCOC(=O)c1ncc2[nH]c3cccc(OC(C)C)c3c2c1C,0.03080575
CC(C)(C)c1ccc(-c2nc3ccccc3[nH]2)cc1,0.1037283
Cc1ccc(OCCSc2ncccn2)c(Br)c1,0.007038276
C[C@@](O)(C(=O)Nc1ccc(S(=O)(=O)c2ccccc2)cc1)C(F)(F)F,0.03605721
Nc1nc(NCCc2ccc(O)cc2)nc2nc(-c3ccco3)nn12,0.84230304
COc1cc2ncnc(Nc3ccc(Cl)cc3F)c2cc1OC,0.788657
Cc1cc(F)c(Nc2ncnc3cc(OCc4ccccc4)ccc23)cc1O,0.66110826
Cc1ccc(NC(=O)c2cccc(N(C)C)c2)cc1NC(=O)c1ccc(O)cc1,0.50502545
CC(C)N(CCC(=O)c1ccc2ccccc2c1)Cc1ccccc1,0.07860977
COc1cc2c(Nc3ccc(NC(=O)c4ccccc4)cc3)ncnc2cc1OCCCN1CCOCC1,0.3266548
C[C@H](CSC(=O)c1ccccc1)C(=O)N1C[C@@H](Sc2ccccc2)C[C@H]1C(=O)O,0.07503355
c1cc(CN2CCCCC2)cc(OCCCNc2nc3ccccc3s2)c1,0.020609137
O=P(O)(O)C(O)(Cn1ccnc1)P(=O)(O)O,8.2642044e-05
C[C@@H]1CN2c3c(cc4c(N5C(=O)OC[C@@H]5C)noc4c3F)CC3(C(=O)NC(=O)NC3=O)[C@H]2[C@H](C)O1,0.9833994
CS(=O)(=O)c1ccc(-c2cn3ccccc3n2)cc1,0.47036496
CN(C)CCc1c[nH]c2ccc(C[C@H]3COC(=O)N3)cc12,5.581845e-05
Cc1cc(CC(=O)O)n(C)c1C(=O)c1ccc(Cl)cc1,0.0008371342
Cc1nn(C)c2c1C(c1cccc(Cl)c1)=NCCN2,0.23186575
NC(N)=NC(=O)c1cnn(-c2cccc3ncccc23)c1C1CC1,0.050904166
NS(=O)(=O)Cc1noc2ccccc12,0.16329451
O=C(O)Cc1nn(Cc2nc3cc(C(F)(F)F)ccc3s2)c(=O)c2ccccc12,0.35749224
O[C@@H](COc1cccc2ncccc12)CN1CCN([C@@H]2c3ccccc3[C@@H]3[C@H](c4ccccc42)C3(F)F)CC1,0.11562464
CO[C@H]1C[C@@H]2CC[C@@H](C)[C@@](O)(O2)C(=O)C(=O)N2CCCC[C@H]2C(=O)O[C@H]([C@H](C)C[C@@H]2CC[C@H](n3cnnn3)[C@H](OC)C2)CC(=O)[C@H](C)/C=C(\C)[C@@H](O)[C@@H](OC)C(=O)[C@H](C)C[C@H](C)/C=C/C=C/C=C/1C,0.68861824
CN(C)CCOC1=Cc2ccccc2Sc2ccc(Cl)cc21,0.0006974785
Nc1nc2cc(Cl)ccc2o1,0.00837772
O=C1N=C2C=CC=CN2C12Cc1ccccc1C2,0.07743259
FC(F)c1nc2ccccc2n1-c1nc(N2CCOCC2)nc(N2CCOCC2)n1,0.19260642
OCCN1CCN(CC/C=C2/c3ccccc3Sc3ccc(Cl)cc32)CC1,0.0058776205
C[C@@]1(O)CC[C@H]2[C@H](CC[C@@H]3[C@@H]2CC[C@]2(C)[C@@H](C(=O)Cn4cc(C#N)cn4)CC[C@@H]32)C1,0.016562736
O=C(CC(c1ccccc1)c1ccccc1)N1CCN(C(c2ccccc2)c2ccccc2)CC1,0.015385309
CCNCCCNCCCCNCCCNCC,7.93309e-08
BrC1C(Br)C(Br)C(Br)C(Br)C1Br,1.0303095e-06
CCCn1c(=O)c2[nH]c(-c3ccccc3)nc2n(CCC)c1=O,0.020889418
OCCCCO,5.6931644e-06
O=C(/C=C/c1ccc(O)c(O)c1)O[C@@H]1C[C@](OC(=O)/C=C/c2ccc(O)c(O)c2)(C(=O)O)C[C@@H](O)[C@H]1O,0.00021373975
Cl/C=C\C[N+]12CN3CN(CN(C3)C1)C2,0.0027076965
c1ccc(C[C@H](c2ccccc2)N2CCCCC2)cc1,0.055913348
Cc1ccc(Cl)c(OC[C@H](O)CNC(C)C)c1,0.000979124
CC(=O)N1CCN(C)CC1,0.00086961506
O=C1Cc2c([nH]c3ccc(Br)cc23)-c2ncccc2N1,0.16703361
OC[C@H]1NC[C@@H](O)[C@@H](O)[C@@H]1O,3.888871e-07
CCn1c(=O)[nH]c2ccccc21,0.00037232327
CCN1CCCC1=O,0.0001480848
CCCCCCCCCCCCCCCC=O,0.05313983
CCCCCCCCCCCCCCCCO,0.012826405
CC(C)(C)n1nc(-c2cccc3ccccc23)c2c(N)ncnc21,0.5574287
CCCCCCCCCCCCCCCCCCCCCCCCCCCCO,0.010266465
CCCCCCCCO,0.0013441548
N=C(N=C(N)N)Nc1ccccc1,0.023845593
CCCCCCCCCCC[C@@H](N=O)c1cc(C)ccc1O,0.032309223
C[C@@H](N)[C@@H](O)c1ccccc1,0.00015153906
CC(=O)O[C@@]12CO[C@@H]1C[C@H](O)[C@@]1(C)C(=O)[C@H](O)C3=C(C)[C@@H](O)C[C@@](O)([C@@H](OC(=O)c4ccccc4)[C@H]21)C3(C)C,0.0015609227
CCN(CC)CCCCN1c2ccccc2Oc2ccc(Cl)cc21,0.08599779
CC[C@@]1(O)C(=O)OCc2c1cc1n(c2=O)Cc2cc3cc(O)ccc3nc2-1,0.9095631
CCc1ccc(/C=C2/SC(=S)NC2=O)cc1,0.6015055
CCCCCCCCCCCCCC(=O)O[C@@H]1[C@@H](C)[C@@]2(O)[C@@H](C=C(CO)C[C@]3(O)C(=O)C(C)=C[C@@H]23)[C@@H]2C(C)(C)[C@]12OC(C)=O,0.49693874
CC(=N)NCc1cccc(CN)c1,0.0003995611
CCCCC(C)(C)[C@H](O)/C=C/[C@H]1[C@H](O)CC(=O)[C@@H]1C/C=C\CCCC(=O)O,0.001617245
CCCCCC(=O)O[C@]1(C(C)=O)CC[C@H]2[C@@H]3CCC4=CC(=O)CC[C@]4(C)[C@H]3CC[C@@]21C,0.00047452966
C[C@]12CC[C@@H](O)C[C@@H]1CC[C@@H]1[C@@H]2CC[C@]2(C)C(c3ccccc3)=CC[C@@H]12,0.001398603
C[C@@]1(O)[C@H](O)[C@@H](CO)O[C@H]1n1cnc2c(=O)nc(N)[nH]c21,0.33434457
C[C@@]1(O)[C@H](O)[C@@H](CO)O[C@H]1n1cnc2c(NC3CCCC3)nc(Cl)nc21,0.011892935
CC1(C)[C@@H]2CC[C@@]1(C)[C@H](O)[C@@H]2O,0.37270063
CC1(C)C2CC1[C@](C)(O)[C@H](O)C2,0.003234109
OCCNCCCOc1cccc(Cl)c1Cl,7.438884e-05
O=[N+]([O-])c1ccc(Cl)c([N+](=O)[O-])c1,0.054088607
O=[N+]([O-])c1ccc(O)c([N+](=O)[O-])c1,0.0016376621
OCc1ccc(CO)o1,1.6492937e-05
C[C@@H]1CCC[C@H](C)N1,0.00061530387
O=C1NC(=CCl)Nc2sc3c(c21)CCCC3,0.0048124897
O=C(O)c1ccccc1NC(=O)C12CC3CC(CC(C3)C1)C2,0.66898566
O=C(O)CC[C@@H](CCCS)C(=O)O,0.0015547762
c1ccc2sc(N3CCN(Cc4ccc5c(c4)OCO5)CC3)nc2c1,0.15890048
Nc1ccccc1S(N)(=O)=O,0.040261965
NCCOB(c1ccccc1)c1ccccc1,0.00012056558
c1ccc2oc(C3=NCCN3)cc2c1,0.0030747002
OC[C@H]1O[C@@H](n2cnc3c(NC4CCCC4)nc(Cl)nc32)[C@H](O)[C@@H]1O,0.007062992
Nc1nc(Cl)nc2c1ncn2[C@@H]1O[C@H](CO)[C@@H](O)[C@H]1O,0.20715497
Clc1cnccn1,0.0076746033
CN1CCN(C2=Cc3ccccc3Oc3ccc(Cl)cc32)CC1,0.28695238
CN([NH2+][O-])C(=O)N[C@@H](C=O)[C@@H](O)[C@@H](O)[C@@H](O)CO,0.007353653
OC[C@H]1O[C@H](O)C[C@@H](O)[C@@H]1O,3.1926095e-06
CCOc1ccccc1C(=O)O,0.073514484
CCC[C@@H](O)[C@@H](CC)CO,6.940545e-06
OC[C@H]1O[C@@H](O)[C@@H](F)[C@@H](O)[C@@H]1O,0.00044499905
C[C@@H]1O[C@H](O)[C@@H](F)[C@H](O)[C@@H]1O,0.0012092545
O=C1C(=C(O)/C=C/c2ccc(O)cc2)C(=O)[C@@](O)([C@@H]2O[C@H](CO)[C@@H](O)[C@H](O)[C@H]2O)C(=O)[C@H]1[C@@H]1O[C@H](CO)[C@@H](O)[C@H](O)[C@H]1O,0.099377096
O=C(OCCO)c1ccccc1O,0.00012874033
CC(C)(O)C(=O)Nc1ccc([N+](=O)[O-])c(C(F)(F)F)c1,0.2596374
NC[C@@](O)(CS(=O)(=O)O)c1ccc(Cl)cc1,0.98699397
NC1=N[C@H]2CS[C@@H](CCCCC(=O)O)[C@H]2N1,0.021383276
O=C(O)CNC(=O)c1ccccc1I,0.008403075
COc1ccc2[nH]c(I)c(CCNC(C)=O)c2c1,0.00042790506
COc1cc2c(cc1O)CC[C@@H]1[C@@H]2CC[C@]2(C)[C@@H](O)CC[C@@H]12,0.0013256724
Cc1[nH]c2ccc(O)cc2c1CCN,0.00021281853
Cc1ccc([N+](=O)[O-])cc1O,0.017320853
Cc1ncc[nH]1,0.0014519424
CCCCCCCCCC[C@@H](CO)CCCCCCCC,0.030195268
CCCCCCCC/C=C\CCCCCCCC(=O)OC(CO)CO,0.0019136847
O=C(O)CCC(=O)C(=O)O,0.022386864
C=C(O)C(=O)O,0.1146133
COc1ccc2[nH]c(-c3ccccc3)c(CCNC(C)=O)c2c1,0.0011175286
O=C1Nc2ccccc2C2=N[C@@H](CN3CCN(c4ccccc4)CC3)CN12,0.69254005
NCCc1ccccn1,0.00030385653
N#C/C(=C\c1ccc(O)c(O)c1)C(=O)OCCc1cccs1,3.551433e-05
O=c1cc[nH]c(=S)[nH]1,0.0003279483
O=C(O)CCC/C=C\C/C=C\C/C=C\C/C=C\CCCCCO,1.1934042e-06
CC(C)(O)CC[C@@H](O)[C@](C)(O)[C@@H]1CC[C@@]2(O)C3=CC(=O)[C@@H]4C[C@@H](O)[C@@H](O)C[C@]4(C)[C@@H]3CC[C@]12C,3.8804716e-05
O=C(CCCN1CCC2(CC1)C(=O)N(Cc1cccc(F)c1)CN2c1ccccc1)c1ccc(F)cc1,0.5288876
Clc1cccc(/C=N/N=C/c2cccc(Cl)c2)c1,0.016763832
c1ccc2c(Cc3c[nH]c4ccccc34)c[nH]c2c1,0.006052104
N[C@@H](C(=O)O)c1ccc(C(=O)O)c(C(=O)O)c1,0.0684603
N[C@H](C(=O)O)c1ccc(C(=O)O)c(C(=O)O)c1,0.08907414
O=[N+]([O-])/C=C/c1ccc2c(c1)OCO2,0.0004164181
N[C@H](C(=O)O)c1cc(O)cc(O)c1,0.014032051
Cc1ccc(/C=C2\C(=O)[C@]3(C)CC[C@H]2C3(C)C)cc1,7.449561e-05
CN1[C@@H]2CC[C@H]1C[C@@H](OC(c1ccc(F)cc1)c1ccc(F)cc1)C2,0.06108492
C[C@]12CC[C@@H](O)C[C@H]1CC[C@@H]1[C@@H]2CC[C@]2(C)C(=O)CC[C@@H]12,5.9907125e-05
NC(=O)c1cccc(N)c1,0.0019532822
OCCCNc1ccccc1,0.00015566054
C=CCN1CCN(c2nc3ccccc3nc2C#N)CC1,0.04542427
O=[N+]([O-])c1cccc2c(Br)[nH]nc12,0.0026792854
CC1(C)[C@H]2CC[C@@]1(C)C(=O)[C@H]2Br,0.0021014821
O=C(O)C(O)=CBr,0.0054258574
N[C@@H](C(=O)O)c1ccc(O)c(C(=O)O)c1,0.030913623
N[C@H](C(=O)O)c1ccc(O)c(C(=O)O)c1,0.07343558
Nc1nccc2c1ncn2[C@@H]1O[C@H](CO)[C@@H](O)[C@@H]1O,0.018938344
Nc1nccc2c1ncn2[C@@H]1C=C(CO)[C@@H](O)[C@H]1O,0.020618798
O=c1cc(O)ccn1[C@H]1O[C@H](CO)[C@@H](O)[C@@H]1O,0.0015843058
CC[C@@](O)(CC(N)=O)c1ccccc1,0.60777843
O=C(O)CCCc1c[nH]c2ccccc12,0.00078074756
Cc1cc(C(=O)O)sc1[C@@H](N)C(=O)O,0.003819377
C[C@@H](CN)CC(=O)O,0.0005176493
Cn1cnc(=N)c2[nH]cnc21,0.03982427
COc1ccccc1N1CCN(CCn2c(=O)[nH]c3c([nH]c4ccccc43)c2=O)CC1,0.22452375
O=C(/C=C/c1cccnc1)c1ccncc1,0.0097270105
Clc1ccc(C(c2ccc(Cl)cc2)C(Cl)(Cl)Cl)cc1,0.9530361
C1CCC2(CC1)CCNCC2,0.5758897
Brc1c(Br)c(Br)c2n[nH]nc2c1Br,0.004313543
NCc1ccc(C(=O)O)cc1,0.00080199994
O=C(c1ccc(F)cc1)C1CCN(CCCCc2ccccc2)CC1,0.24899803
CC(=O)N1CC[N+](C)(C)CC1,0.0005092757
Nc1ccc(C(=O)NCC(=O)O)cc1,0.012680504
N[C@@H](C(=O)O)c1ccc(C(=O)O)c(O)c1,0.08001225
N[C@H](C(=O)O)c1ccc(C(=O)O)c(O)c1,0.28729895
N=C(N)Nc1ccc(Cl)cc1,0.15570484
CC(C)[C@@H](C(=O)Nc1nccs1)c1ccc(Cl)cc1,0.09411134
C[N+]1(C)CCC(OC(=O)C(c2ccccc2)c2ccccc2)CC1,0.60162944
OC[C@H]1O[C@@H](O[C@@H]2[C@H](O)[C@@H](O)[C@H](O[C@H]3[C@H](O)[C@@H](O)[C@H](O)O[C@@H]3CO)O[C@@H]2CO)[C@H](O)[C@@H](O)[C@H]1O,0.037944235
O=c1nc[nH]c2ccccc12,0.0027390148
Cc1c(O)c(=O)n(-c2ccccc2)n1C,0.01160063
O=C(NC1CCN(Cc2ccccc2)CC1)c1ccc(I)cc1,0.98473364
N[C@H](Cc1ccc(I)cc1)C(=O)O,0.03709729
Ic1cc(-c2ccccc2)ncn1,0.011423932
COc1ccc(-c2coc3cc(O)cc(O)c3c2=O)cc1,0.0041204114
Cc1nc[nH]c1CCN,0.00020417376
Cc1cc(=O)oc2c(C=O)c(O)ccc12,0.0007295297
CCC(=O)N[C@@H]1Cc2ccccc2[C@H](c2ccccc2)C1,0.00024770712
O=S(=O)(O)c1ccc(O)cc1,0.06569768
c1ccc([C@@H]2CNCc3ccccc32)cc1,0.0029315294
c1ccc(CCCCN2CCC(c3ccccc3)CC2)cc1,0.06903481
CCCc1ccc(C(=O)O)cc1,0.02919074
N#Cc1ccncn1,0.00051891647
CC(C)(C)c1ccc(O)cc1,0.0018705878
NS(=O)(=O)c1ccc2c(c1)[C@H]1C=CC[C@@H]1[C@@H](c1ccc(Br)cc1)N2,0.9986041
O=C(O)C(Cc1ccccc1[N+](=O)[O-])=NNc1nc(-c2ccc(Cl)c(Cl)c2)cs1,0.15090668
O=C(O)c1ccc(N2C(=O)/C(=C/c3ccc(-c4ccc([N+](=O)[O-])cc4)o3)C=C2c2ccccc2)cc1,0.017049072
Cn1cc(-c2ccc(S(=O)(=O)n3ccc(/C=C/C(=O)Nc4ccccc4N)c3)cc2)cn1,0.13967097
O[C@@H]1[C@H](O)[C@@H](CCl)O[C@H]1n1cnc2c(N[C@H]3C[C@@H]4CC[C@H]3C4)ncnc21,0.029237065
O=C(O)c1cc(=O)c2c(Cl)cc(Cl)cc2[nH]1,0.029768892
CCn1c(-c2ccc(Cl)cc2)n[nH]c1=O,0.0008161818
Nc1nc(=O)c2sc(=O)n([C@@H]3O[C@H](CO)[C@@H](O)[C@H]3O)c2[nH]1,0.85370934
NCC(=O)CCC(=O)O,0.0004849339
O=C1CN=C(c2cccc(Br)c2)c2oc3ccccc3c2N1,0.1723398
NCCc1c[nH]c2ccc(C(N)=O)cc12,0.0057153376
OCc1cncc(F)c1,0.0009024333
Fc1cncnc1,0.2680826
O=c1[nH]cc(F)c(=O)[nH]1,0.0011191017
O=c1ncc(F)c[nH]1,0.047017876
O=Cc1ccc(CO)o1,0.00015630947
CCCCC[C@@H](O)CCCC(=O)O,0.0005191895
CC1=NC[C@H](O)[C@@H](C(=O)O)N1,0.00013186871
CC(C)N(CC[C@H](c1ccccc1)c1cc(CO)ccc1O)C(C)C,0.019791177
N[C@@H](Cc1c[nH]c2ccc(O)cc12)C(=O)O,0.0013287775
Ic1cncc(OC[C@@H]2CCN2)c1,0.00089478365
Cc1ccc(C[N+](C)(C)C)o1,0.0016586668
C[C@H]1NC(=O)NC1=O,0.00026978328
C[C@@H]1NC(=O)NC1=O,0.00039135735
CCCCCCCC(=O)c1ccc(O)c(C(=O)O)c1,0.8131896
CC(=O)O[C@]1(C(C)=O)CC[C@H]2[C@@H]3C=CC4=CC(=O)CC[C@]4(C)[C@H]3CC[C@@]21C,0.0008524679
Nc1cc2c3ccccc3ccc2c2ccccc12,0.13776252
CC1(C)S[C@@H]2[C@H](N)C(=O)N2[C@H]1C(=O)O,0.00051555625
c1ccc(CNc2ncnc3nc[nH]c23)cc1,0.46513158
COc1cc2c(CCNC(C)=O)c[nH]c2cc1Cl,0.0020192426
N#[N+]CC(=O)CC[C@H](N)C(=O)O,0.026771108
CCCCCCCCC(=O)NCc1cc(OC)c(O)cc1I,0.006417477
O=C1c2ccccc2NC2=CCCCCN12,0.002659124
CC(=O)OCC1=C(C(=O)O)N2C(=O)[C@@H](N)[C@H]2SC1,0.8926599
O=C(O)c1cc(=O)c2ccc(Cl)cc2[nH]1,0.06818522
CCCN(CCC)[C@H]1CCc2ccc(O)cc2C1,4.137081e-05
CCCN(C/C=C/I)[C@H]1CCc2ccc(O)cc2C1,4.471671e-05
CN[C@@H]1C[C@H]2O[C@@](C)([C@@H]1OC)n1c3ccccc3c3c4c(c5c6ccccc6n2c5c31)C(=O)N[C@H]4O,0.00015779636
CC(=O)O[C@H]1CC[C@@]2(C)C(=CC(=O)[C@@H]3[C@@H]2CC[C@]2(C)C(=O)CC[C@@H]32)C1,0.0027586834
COc1ccc2nc3c(c(N)c2c1)CCCC3,0.16779543
Cn1cnc2[nH]c(=O)[nH]c(=O)c21,0.005191907
O=[N+]([O-])c1cccc2c[nH]nc12,0.0013571396
Nc1ncnc2c1nc(Br)n2[C@@H]1O[C@@H]2CO[P@@](=O)(O)O[C@H]2[C@H]1O,0.005715833
Nc1nc(=O)c2nc(Br)n([C@@H]3O[C@@H]4CO[P@@](=O)(O)O[C@H]4[C@H]3O)c2[nH]1,0.00402172
CCCN(CCC)[C@H]1CCc2cccc(O)c2C1,0.0007356689
CCCN(C/C=C/I)[C@H]1CCc2cccc(O)c2C1,0.0008328874
CCC(=O)N[C@H]1CCc2cccc(OC)c2C1,0.00030750316
Cc1oc(=O)oc1CCl,0.00094403786
Nc1c2ccccc2nc2ccccc12,0.046059277
CC[C@@]1(O)C(=O)OCc2c1cc1n(c2=O)Cc2cc3c(N)cccc3nc2-1,0.79174
O=C(O)c1c2ccccc2cc2ccccc12,0.081880294
