smiles,label
CN1CCc2cccc3c2[C@H]1Cc1ccc(O)c(O)c1-3,4.767442e-05
COc1ccc([C@@H]2CNC(=O)C2)cc1OC1CCCC1,5.7361874e-05
NC[C@H](CC(=O)O)c1ccc(Cl)cc1,0.09066997
COc1ccc([C@H]2CNC(=O)C2)cc1OC1CCCC1,6.890453e-05
CC(C)C[C@H](NC(=O)CN(C)C(=O)[C@H](Cc1ccccc1)NC(=O)[C@H](Cc1ccccc1)NC(=O)[C@H](CCC(N)=O)NC(=O)[C@H](CCC(N)=O)NC(=O)[C@@H]1CCCN1C(=O)[C@H](CCCCN)NC(=O)[C@@H]1CCCN1C(=O)[C@@H](N)CCCNC(=N)N)C(=O)N[C@@H](CCS(C)(=O)=O)C(N)=O,0.14522198
COc1ccc2c(NC(=O)Nc3cccc(C(F)(F)F)n3)ccnc2c1,0.5507767
O=C(O)c1ccccc1NC(=O)N1CCC(c2ccccc2C(F)(F)F)CC1,0.015695833
O=C(O)c1cc(C(=O)O)c(C(=O)N(Cc2cccc(Oc3ccccc3)c2)[C@H]2CCCc3ccccc32)cc1C(=O)O,0.004337561
CC(=O)N[C@@H]1N=C(c2ccccc2)c2ccccc2NC1=O,0.10745508
COc1cc2c(cc1OCCCN1CCCC1)N=C(N)C21CCC1,0.0071665435
Cc1ccc(N2CCN(Cc3nc4ccccc4[nH]3)CC2)cc1C,2.2311217e-05
Cc1cccc(NC(=O)CN2CCC(c3ccccn3)CC2)c1,0.018775443
Clc1cccc(-c2nnnn2Cc2cccnc2)c1Cl,0.012244666
CNC(=O)Nc1ccc2c(c1)CC[C@@]21OC(=O)N(CC(=O)N(Cc2ccc(F)cc2)[C@@H](C)C(F)(F)F)C1=O,0.10959349
CN1C[C@@H]2CN(c3ccc(-c4ccccc4)nn3)C[C@@H]2C1,0.0011313963
CS(=O)(=O)Nc1c(O)ccc2c1CCC[C@@H]2C1=NCCN1,0.02810066
Cc1[nH]nc2ccc(-c3cncc(OC[C@@H](N)Cc4ccccc4)c3)cc12,0.008117269
NCCCCCCCCCCNS(=O)(=O)c1cccc2c(Cl)cccc12,0.10988389
N#Cc1c(O)c2c(-c3ccc(-c4ccccc4O)cc3)csc2[nH]c1=O,0.19749472
O=C(Nc1ccc(S(=O)(=O)C(F)(F)F)cc1)C1=CCN(c2ncccc2C(F)(F)F)CC1,0.95003754
COc1cc(NC(=O)c2ccc(-c3ccc(Cl)cc3)o2)cc(OC)c1,0.01904154
C[C@H](N/C(=N\c1cccc2ncccc12)NC#N)c1ccccc1,0.0037829517
Clc1cccc(-n2nnnc2NCc2ccccc2Oc2ccccn2)c1Cl,0.09111285
CCC(=O)c1cc(-c2ccc(Cl)cc2)n(-c2ccc(S(N)(=O)=O)cc2)c1C,0.09777223
CCCCOc1ccc(-c2cncc(C(=O)NCc3cccnc3N3CCOCC3)c2)cc1Cl,0.255539
O=C(Nc1ccccc1)Nc1ccc(-c2ccc(C(=O)[C@@H]3CCC[C@H]3C(=O)O)cc2)cc1,0.15520763
CNC(=O)c1cccc(NC(=O)N2CCC(Oc3ccccc3Cl)CC2)c1,0.00019731854
CCC(=N\O)/C(C)=C/c1ccc(F)cc1,0.00011810736
Nc1nc2c(c(N3CCNCC3)n1)CCC1=C2[C@@H]2CCCC[C@@H]2O1,0.00037228616
CCOC(=O)Nc1ccc(NCc2c(C)cc(C)cc2C)cc1N,0.012031807
C[n+]1ccn(C[C@@]2(C)[C@H](C(=O)O)N3C(=O)C[C@H]3S2(=O)=O)n1,0.03505137
CC[C@@H](C)NS(=O)(=O)c1ccc(F)c(C(=O)Nc2ccc(F)c(F)c2)c1,0.0001227002
Nc1nc(NC2CC2)c2ncn([C@H]3C=C[C@@H](CO)C3)c2n1,0.00013590799
Cc1ccc(Oc2ccccc2-c2csc(NC3=NCCCN3)n2)c(C)c1,0.609445
CO[C@H]1C[C@H](O[C@H]2[C@H](C)O[C@@H](O[C@@H]3/C(C)=C/C[C@@H]4C[C@@H](C[C@]5(C=C[C@H](C)[C@@H](C(C)C)O5)O4)OC(=O)[C@@H]4C=C(C)[C@@H](O)[C@H]5OC/C(=C\C=C\[C@@H]3C)[C@]54O)C[C@@H]2OC)O[C@@H](C)[C@@H]1O,0.56100935
Cc1ccc(-c2ccc(C)cn2)nc1,0.00012744368
CC(=O)N[C@H](Cc1ccc2ccccc2c1)C(=O)N[C@H](Cc1ccc(Cl)cc1)C(=O)N[C@H](Cc1cccnc1)C(=O)N[C@@H](CO)C(=O)N(C)[C@@H](Cc1ccc(O)cc1)C(=O)N[C@H](CC(N)=O)C(=O)N[C@@H](CC(C)C)C(=O)N[C@@H](CCCCNC(C)C)C(=O)N1CCC[C@H]1C(=O)N[C@H](C)C(N)=O,0.46929765
CCNC(=O)c1cc2c(-c3cc(C(C)(C)O)ccc3Oc3c(C)cc(F)cc3C)cn(C)c(O)c-2n1,0.19913672
O=C(NCc1ccncc1)[C@@]12C[C@H]3C[C@@H](C1)C[C@](c1ccc(Cl)cc1)(C3)C2,0.36458695
CCN1CCN(Cc2ccc(Nc3ncc(F)c(-c4cc(F)c5nc(C)n(C(C)C)c5c4)n3)nc2)CC1,0.8283368
C[C@]12CC[C@H](O)CC1=CC[C@@H]1[C@@H]2CC[C@]2(C)C(c3cccnc3)=CC[C@@H]12,0.15574452
CC(=O)O[C@H]1CC[C@@]2(C)C(=CC[C@@H]3[C@@H]2CC[C@]2(C)C(c4cccnc4)=CC[C@@H]32)C1,0.15573588
COc1c(/C=C/c2ccc(NS(C)(=O)=O)cc2)cc(-n2ccc(=O)[nH]c2=O)cc1C(C)(C)C,0.23419729
N[C@H]1CCN(c2cccnc2)C1,0.00012514822
C[C@@H]1CCCN1CCc1cc2cc(-c3ccc(C#N)cc3)ccc2o1,0.28734046
C#Cc1cccc2c1c(C(=O)c1ccc(Cn3c(C)nc4cnccc43)c(F)c1)cn2C(=O)N(C)C,0.009669578
O=C(c1cc(S(=O)(=O)Nc2ccccc2F)c(F)cc1Cl)N1CCN2CCC[C@@H]2C1,0.0019626196
Nc1ncnc2nc(-c3ccc(N4CCOCC4)nc3)cc(-c3cccc(Br)c3)c12,0.010174603
c1ccc(N2CCN(Cc3nc4ccccc4[nH]3)CC2)nc1,0.0027330234
CN(C)CC[C@H](CSc1ccccc1)Nc1ccc(S(=O)(=O)NC(=O)c2ccc(N3CCN(Cc4ccccc4-c4ccc(Cl)cc4)CC3)cc2)cc1[N+](=O)[O-],0.9350315
COc1ccc(S(=O)(=O)Nc2cccnc2Nc2ccc(O)cc2)cc1,0.009271197
O=C(OC(C(F)(F)F)C(F)(F)F)N1CCN(Cc2ccc(C(F)(F)F)cc2N2CCCC2)CC1,0.13418362
FC(F)(F)Oc1ccc(Nc2ccc3cccc(Cl)c3n2)cc1,0.8583676
Oc1ccc(C2(c3ccccc3F)CCC(F)(F)CC2)cc1,0.05512016
CCCCOCCOc1nc(-c2ccc(C(=O)O)c(F)c2)sc1C,0.11248491
C/C(=N\NC(=O)[C@@H]1C(=O)NC[C@H]1c1ccccc1)c1cccc(Br)c1,0.00030047997
C/C(=N\NC(=O)[C@@H](NC(=O)c1ccccc1)c1n[nH]c(=O)c2ccccc12)c1cccc(Br)c1,0.049255583
CCCCCCCCc1ccc(-c2ccc(C(=O)O)cc2)cc1,0.871972
CCN1C(C)(C)CC(Oc2ccc(C(=O)Nc3ccc(NC(=O)Nc4cc(C(C)(C)C)on4)cc3)nc2)CC1(C)C,0.55010885
CN(C)CC[C@@]1(c2ccc(Cl)cc2)Cc2ccccc2C(=O)O1,0.0031095832
NC(=O)c1ncn([C@@H]2O[C@H](CO)[C@@H](O)[C@H]2O)c1N,0.00062814704
CC#CC(=O)N1CCC[C@H]1c1nc(-c2ccc(C(=O)Nc3ccccn3)cc2)c2c(N)nccn12,0.6263969
C[C@H](Nc1ncnc2nc[nH]c12)c1nc2ccc(F)cc2c(=O)n1-c1ccccc1,0.1272165
CC(=O)NCCCS(=O)(=O)O,5.6701472e-05
C[C@H]1O[C@H](O[C@H]2[C@H](O)[C@@H](O)[C@@H](O[C@H]3[C@H](O)[C@@H](O)[C@H](O)O[C@@H]3CO)O[C@@H]2CO)[C@H](O)[C@@H](O)[C@@H]1N[C@H]1C=C(CO)[C@@H](O)[C@H](O)[C@H]1O,0.21573827
CN(C)c1nc(N)c(C(=O)Nc2cccnc2)nc1Cl,0.67058957
O=C(O)c1ccc(CN2C[C@@H]3C[C@H]2CN3Cc2ccc(Oc3ccc(-c4ncco4)cc3)cc2)cc1,0.99728465
CCCC(=O)Nc1ccc(OCC(O)CNC(C)C)c(C(C)=O)c1,0.0003710151
CCN(CC)CCNC(=O)c1ccc(NC(C)=O)cc1,1.8372883e-05
CC(=O)O[C@H]1CN2CCC1CC2,3.170468e-05
O=C(O)COC(=O)Cc1ccccc1Nc1c(Cl)cccc1Cl,0.044743855
CC(=O)Nc1ccc(S(=O)(=O)c2ccc(NC(C)=O)cc2)cc1,0.00014835686
CC(=O)Nc1ccc(C(=O)O)cc1,0.0073957504
Cn1c(=O)c2c(ncn2CC(=O)O)n(C)c1=O,0.98498243
CC(=O)N[C@@H](CCC(N)=O)C(=O)O,0.10544673
C[C@H](N[P@@](=O)(OC[C@H]1O[C@@H](n2ccc(N)nc2=O)C(F)(F)[C@@H]1O)Oc1ccccc1)C(=O)OCc1ccccc1,0.05755443
COc1ccc2c(c1)c(CC(=O)OCC(=O)O)c(C)n2C(=O)c1ccc(Cl)cc1,0.039953455
CC(=O)N[C@H]1[C@H]([C@H](O)[C@H](O)CO)O[C@](O)(C(=O)O)C[C@@H]1O,0.25246805
CC(=O)C[C@@H](c1ccc([N+](=O)[O-])cc1)c1c(O)c2ccccc2oc1=O,0.18684798
CC(=O)c1ccc2c(c1)N(CCCN(C)C)c1ccccc1S2,0.0001291553
CC1=CC(=O)NS(=O)(=O)O1,0.0004537574
CC(=O)Nc1ccccc1,0.00014394768
CC(=O)Nc1cc([As](=O)(O)O)ccc1O,0.0008864845
CC(=O)Nc1nnc(S(N)(=O)=O)s1,0.00046238906
CC(=O)c1ccc(S(=O)(=O)NC(=O)NC2CCCCC2)cc1,0.00014896186
CC(=O)NO,6.190268e-05
CC(=O)c1ccc2c(c1)N(CCCN1CCN(CCO)CC1)c1ccccc1S2,0.006056957
CC(=O)Nc1c(I)cc(I)c(C(=O)O)c1I,0.085656255
CC(=O)N[C@@H](CSC/C=C(\C)CC/C=C(\C)CCC=C(C)C)C(=O)O,0.3069898
CC(=O)N[C@@H](CC(C)C)C(=O)O,0.42144006
CC(=O)O[C@@H]1CC[C@@]2(C)[C@@H](CC[C@]3(C)[C@H]2C(=O)C=C2[C@@H]4[C@@H](C)[C@H](C)CC[C@]4(C)CC[C@]23C)[C@@]1(C)C(=O)O,0.011323134
CC(=O)OCC[N+](C)(C)C,5.79885e-06
CC(=O)N[C@@H](CS)C(=O)O,0.057813037
CC(=O)Oc1ccccc1C(=O)Oc1ccccc1C(=O)O,0.0058427546
CO[C@@H]1[C@@H](O[C@@H]2O[C@H](C)[C@@H](O[C@H]3C[C@@](C)(O)[C@@H](O)[C@H](C)O3)[C@H](N(C)C)[C@H]2O)[C@@H](CC=O)C[C@@H](C)[C@@H](O[C@H]2CC[C@H](N(C)C)[C@@H](C)O2)/C=C/C=C/C[C@@H](C)OC(=O)C[C@H]1OC(C)=O,0.7644122
CC(=O)NCCCCCC(=O)O,0.0035503153
C[C@@]1(c2ccccc2)OC(C(=O)O)=CC1=O,0.0032014118
Cc1cnc(C(=O)O)c[n+]1[O-],0.009435741
O=C(O)C(=O)Nc1cccc(-c2nn[nH]n2)c1,0.00024181219
COc1cc(C)c(/C=C/C(C)=C/C=C/C(C)=C/C(=O)O)c(C)c1C,1.2308605e-05
N[C@@H](C(=O)O)[C@@H]1CC(Cl)=NO1,0.6066331
CC[C@@]1(O)C[C@H](O[C@H]2C[C@H](N(C)C)[C@H](O[C@H]3C[C@H](O)[C@H](O[C@H]4CCC(=O)[C@H](C)O4)[C@H](C)O3)[C@H](C)O2)c2c(cc3c(c2O)C(=O)c2c(O)cccc2C3=O)[C@H]1C(=O)OC,0.6749383
O=C(O[C@H]1C[N+]2(CCCOc3ccccc3)CCC1CC2)C(O)(c1cccs1)c1cccs1,0.0070263925
CC1=C(c2ccc(O)cc2)[C@H](c2ccc(OCCN3CCCCC3)cc2)Oc2cc(O)ccc21,0.012584415
CC1(C)OB(O)c2cc(NC(=O)c3ccc(F)cc3C(F)(F)F)ccc21,7.759563e-06
NC1(C(=O)O)CC1,0.00074527005
C[n+]1c2cc(N)ccc2cc2ccc(N)cc21,0.072021306
CCCCCCc1ccc(O)cc1O,0.08615456
Cc1ccc(/C(=C\CN2CCCC2)c2cccc(/C=C/C(=O)O)n2)cc1,0.10296235
C=CC(=O)O,4.1401792e-05
NS(=O)(=O)Nc1ncnc(OCCOc2ncc(Br)cn2)c1-c1ccc(Br)cc1,0.1469185
COc1ccc(S(=O)(=O)N2CCC[C@H]2C(=O)Nc2cc(C)cc(C)c2)cc1,0.07686155
CC(=O)Nc1ccc(CC(=O)O)cc1,7.554645e-05
COCc1c(-c2ccc(NC(=O)Nc3cc(C(F)(F)F)ccc3F)c(F)c2)c2c(N)ncnn2c1CN1CCOCC1,0.01628141
Cc1c2oc3c(C)ccc(C(=O)N[C@@H]4C(=O)N[C@@H](C(C)C)C(=O)N5CCC[C@H]5C(=O)N(C)CC(=O)N(C)[C@@H](C(C)C)C(=O)O[C@@H]4C)c3nc-2c(C(=O)N[C@@H]2C(=O)N[C@@H](C(C)C)C(=O)N3CCC[C@H]3C(=O)N(C)CC(=O)N(C)[C@@H](C(C)C)C(=O)O[C@@H]2C)c(N)c1=O,0.9993327
CCOc1ccc(S(=O)(=O)O)c2cccnc12,0.00026597327
Cc1ccc(C(=O)NC2CC2)cc1-n1ncc(C(=O)c2cccc(C#N)c2)c1N,0.25444815
O=C(CCCCCCNC(=O)c1cnc(N(c2ccccc2)c2ccccc2)nc1)NO,0.13936268
Nc1nc(=O)c2ncn(COCCO)c2[nH]1,0.00081640977
CCCCCCCCCCCCCCCCCC[S+](CCC)c1ccccc1C(=O)OCC,0.15134066
CCCCC1CCN(CCCN2C(=O)COc3cc(F)ccc32)CC1,0.022426965
CC(C)c1cccc2c1O[C@H](C(C)C)C(=S)N2CC(=O)O,0.0012825753
COc1ccc(-c2ccc3cc(C(=O)O)ccc3c2)cc1C12CC3CC(CC(C3)C1)C2,0.92515564
O=P(O)(O)OC[C@H]1O[C@H](O)[C@H](O)[C@@H](O)[C@@H]1O,6.842e-05
C[C@@H](N)C(=O)N[C@@H](CO)C(=O)N[C@H](C(=O)N[C@H](C(=O)N[C@H](C(=O)N[C@@H](CC(N)=O)C(=O)N[C@@H](Cc1ccc(O)cc1)C(=O)N[C@H](C(N)=O)[C@@H](C)O)[C@@H](C)O)[C@@H](C)O)[C@@H](C)O,0.0007013268
O=C(O)/C=C/c1ccc(-c2ccc(O)c(C34CC5CC(CC(C5)C3)C4)c2)cc1,0.9573132
O=C(NCCN1CCN(c2ncccn2)CC1)C12CC3CC(CC(C3)C1)C2,0.13362327
CC(C)CC(=O)Nc1cncc(-c2ccc3[nH]nc(-c4nc5cncc(-c6cccc(F)c6)c5[nH]4)c3c2)c1,0.9298476
O=c1[nH]c(N2CCOCC2)cn1-c1ccc(Cl)cc1,0.0010790398
Nc1ncnc2c1ncn2CCOCP(=O)(O)O,1.0366686e-08
CC(C)(C)C(=O)OCOP(=O)(COCCn1cnc2c(N)ncnc21)OCOC(=O)C(C)(C)C,0.0070566214
O=C(CCCCCCCC(=O)NCCO)NCCO,1.3713398e-05
C[S+](CC[C@H](N)C(=O)O)C[C@H]1O[C@@H](n2cnc3c(N)ncnc32)[C@H](O)[C@@H]1O,0.043205593
Nc1ncnc2nc[nH]c12,0.0046874275
Nc1ncnc2c1ncn2[C@@H]1O[C@H](CO)[C@@H](O)[C@H]1O,0.000104472325
Nc1ncnc2c1ncn2[C@@H]1O[C@H](COP(=O)(O)O)[C@@H](O)[C@H]1O,0.16944695
Nc1ncnc2c1ncn2[C@@H]1O[C@H](COP(=O)(O)OP(=O)(O)OP(=O)(O)O)[C@@H](O)[C@H]1O,5.992763e-05
CCN(CC)CCOC(=O)C(c1ccccc1)c1ccccc1,0.00014909673
O=C(O)CCCCC(=O)O,0.0010020236
O=C(COc1ccc(C(=O)c2ccccc2)cc1)NC1CCN(Cc2ccccc2)CC1,0.00019548544
CCN(CC)C(=O)c1ccc(C2=CC3(CCNCC3)Oc3cccc(O)c32)cc1,0.001557585
Cc1cc(O[C@@H](CCC(F)(F)F)c2ccc(C(=O)NCCC(=O)O)cc2)cc(C)c1-c1ccc(C(C)(C)C)cc1,0.8954856
Fc1ccc(-c2cncc(CN3CCN(c4cccc5c4OCCO5)CC3)c2)cc1,0.89285105
O=C(C[S@@](=O)C(c1ccccc1)c1ccccc1)NO,0.0051107435
CNCC(=O)c1ccc(O)c(O)c1,8.729744e-07
C[C@]12CCC(=O)C=C1CC[C@@H]1[C@@H]2C(=O)C[C@]2(C)C(=O)CC[C@@H]12,0.0009539125
Cc1cc(C)c(N)c(C#Cc2cccc(F)c2)n1,0.015561382
O=C(c1ccc(F)cc1)N1CCC[C@H](c2nc(-c3ccc(F)cc3)no2)C1,0.0007289786
CCN1CCN(Cc2ccc(-c3cc4c(N[C@H](C)c5ccccc5)ncnc4[nH]3)cc2)CC1,0.40251186
NS(=O)(=O)c1nn2cc(-c3ccccc3)nc2s1,9.0961976e-07
CC(=O)N[C@@H](Cc1ccccc1)C(=O)O,0.2680289
CCCC[C@H](NC(=O)[C@H](CO)NC(=O)[C@H](Cc1ccc(O)cc1)NC(=O)[C@H](CO)NC(C)=O)C(=O)N[C@@H](CCC(=O)O)C(=O)N[C@@H](Cc1cnc[nH]1)C(=O)N[C@H](Cc1ccccc1)C(=O)N[C@@H](CCCNC(=N)N)C(=O)N[C@@H](Cc1c[nH]c2ccccc12)C(=O)NCC(=O)N[C@@H](CCCCN)C(=O)N1CCC[C@H]1C(=O)N[C@H](C(N)=O)C(C)C,0.064829364
CN(C)C/C=C/C(=O)Nc1cc2c(Nc3ccc(F)c(Cl)c3)ncnc2cc1O[C@H]1CCOC1,0.023792498
CC/C(=C(\c1ccc(O)cc1)c1ccc(OCCN(C)C)cc1)c1ccccc1,0.022851925
Cc1ccccc1-n1c(CF)nc2ccc(N)cc2c1=O,0.0010247525
Cc1c(CN(C)C(=O)/C=C/c2cnc3c(c2)CCC(=O)N3)oc2ccccc12,0.99990857
CCOc1ccc2nc(SCCN3CCOCC3)[nH]c2c1,0.00042650904
Cc1cccc(NC(=O)c2ccc(C(F)(F)F)cc2C(=O)O)n1,0.21138535
CC(C)(C)c1cc(C=C(C#N)C#N)cc(Br)c1O,3.3520936e-07
CN(C)Cc1ccc(-c2nc3cccc4c3n2CCNC4=O)cc1,3.377972e-05
N#C/C(=C\c1ccc(O)c(O)c1)C(=O)NCc1ccccc1,5.4970882e-05
N#C/C(=C\c1ccc(O)c(O)c1)C(=O)NCCCc1ccccc1,9.293549e-05
N#C/C(=C\c1ccc(O)c(O)c1)C(=O)NCCCCc1ccccc1,3.971411e-05
Cc1ccccc1[C@H](C(=O)NC1CCCCC1)N(C(=O)Cn1ccnc1C)c1cccc(F)c1,0.020145662
O=C(Nc1cccc(C(F)(F)F)c1)Nc1cc(S(=O)(=O)NC2CC2)ccc1-c1ccsc1,0.09151232
CO[C@H]1[C@@H]([C@@]2(C)O[C@@H]2CC=C(C)C)[C@]2(CC[C@H]1OC(=O)NC(=O)CCl)CO2,0.822179
N=C(N)NCCCCN,3.6371966e-05
CC(C)[C@@H]1[C@H]2CC[C@@H](C2)[C@H]1N,0.0012681795
CCc1ccc(C2=CC(C)(C)Sc3ccc(C#Cc4ccc(C(=O)O)cc4)cc32)cc1,0.7605259
CC1(C)CCC(C)(C)c2c1cc(C(=O)Nc1cc(F)c(C(=O)O)c(F)c1)c(O)c2Cl,0.9801293
COc1ccc2cccc(CCNC(C)=O)c2c1,0.007173424
CCCCCCCCCCCCCCCCCCCCCC(=O)O,0.05357236
Cc1ccc(S(=O)(=O)NC2c3ccccc3Oc3ccccc32)cc1,0.010372419
N=C(C[C@@H](O)COc1ccccc1-c1ccccc1)N1CCCCC1,0.00018997393
CC(C)Oc1ccc2c(=O)c3cc(C(=O)O)ccc3oc2c1,0.23785281
FC(F)(F)Oc1ccc2nc(-c3ccc(OCCOCCOc4ccc(-c5nc6ccc(OC(F)(F)F)cc6[nH]5)nc4)cn3)[nH]c2c1,0.7487387
c1ccc(-c2oc3ncnc(NC[C@@H]4CCCO4)c3c2-c2ccccc2)cc1,0.00014249244
CC[C@H]1[C@H]2C[C@H]3[C@@H]4N(C)c5ccccc5[C@]45C[C@@H]([C@H]2[C@H]5O)N3[C@@H]1O,0.0010839099
CCCN[C@@H]1CCc2c(OC)cccc2[C@@H]1C,3.109444e-05
O=C(Nc1cccc(Br)c1)c1cccc(S(=O)(=O)N2CCCCCC2)c1,0.13535935
CC(=O)O[C@@H]1CC[C@@]2(C)[C@@H](CC[C@]3(C)[C@@H]2C(=O)C=C2[C@@H]4[C@@H](C)[C@H](C)CC[C@]4(C)CC[C@]23C)[C@@]1(C)C(=O)O,0.029990535
NC(=O)c1ccc([N+](=O)[O-])cc1Cl,0.062167265
Cc1c(F)cc(C(=O)NC2CC2)cc1-c1c(F)cn2c(C(C)(C)C)nnc2c1F,0.013546809
CC(=O)SC[C@@H](C)C(=O)N1CCC[C@H]1C(=O)N[C@@H](Cc1ccccc1)C(=O)O,0.28535038
C[C@H](N)C(=O)N[C@@H](C)P(=O)(O)O,0.023464302
Cc1sc[n+](CC(=O)c2ccccc2)c1C,0.0059633185
C[C@@H](N)C(=O)O,0.5165444
N[C@@H](CN(O)[N+][O-])C(=O)O,0.2459055
C=C1C(=O)O[C@@H]2C[C@@]3(C)CCC[C@H](C)C3=C[C@H]12,0.97218746
C[C@@H](N)C(=O)OC(C)(C)Cc1ccc(Cl)cc1,5.292976e-05
CCNC(=O)[C@@H]1CCCN1C(=O)[C@H](CCCNC(=N)N)NC(=O)[C@H](CC(C)C)NC(=O)[C@@H](C)NC(=O)[C@H](Cc1ccc(O)cc1)NC(=O)[C@H](CO)NC(=O)[C@H](Cc1c[nH]c2ccccc12)NC(=O)[C@H](Cc1cnc[nH]1)NC(=O)[C@@H]1CCC(=O)N1,0.001902167
CCCSc1ccc2nc(NC(=O)OC)[nH]c2c1,0.016778283
CCC[S@@](=O)c1ccc2nc(NC(=O)OC)[nH]c2c1,0.008751835
CC(C)(C)NC[C@@H](O)c1ccc(O)c(CO)c1,0.00057005323
CN1CCC(=C2c3ccccc3CCn3c(C=O)cnc32)CC1,0.008960894
C=CCOc1ccc(CC(=O)O)cc1Cl,0.00048429688
CCC(=O)OCC(=O)[C@@]1(OC(=O)CC)[C@H](C)C[C@H]2[C@@H]3[C@H]([C@@H](O)C[C@@]21C)[C@@]1(C)C=CC(=O)C=C1C[C@H]3Cl,0.19484115
O=C(NCc1ccc2c(c1)OCO2)c1c(Cl)cccc1Cl,0.12196769
COc1cccc2c1C(=O)c1c(O)c3c(c(O)c1C2=O)C[C@@](O)(/C(CO)=N/NC(=O)CCCCCN1C(=O)C=CC1=O)C[C@@H]3O[C@H]1C[C@H](N)[C@H](O)[C@H](C)O1,0.596332
CCc1cc2c(cc1N1CCC(N3CCOCC3)CC1)C(C)(C)c1[nH]c3cc(C#N)ccc3c1C2=O,0.13729125
NCCCC(O)(P(=O)(O)O)P(=O)(O)O,4.9197126e-07
CCCC[C@@H](CC)CNC(=N)N=C(N)NCCCCCCNC(N)=NC(=N)NC[C@@H](CC)CCCC,0.98117536
C=C1/C(=C\C=C2/CCC[C@]3(C)[C@@H]([C@H](C)CCCC(C)C)CC[C@@H]23)C[C@@H](O)C[C@@H]1O,0.0021710123
CC(=O)OCC(=O)[C@H]1CC[C@H]2[C@@H]3CC[C@H]4C[C@H](O)CC[C@]4(C)[C@H]3C(=O)C[C@]12C,0.114634104
COc1cc2nc(N(C)CCCNC(=O)[C@H]3CCCO3)nc(N)c2cc1OC,0.52226394
CC(=O)[C@@]12O[C@](C)(c3ccccc3)O[C@@H]1C[C@H]1[C@@H]3CCC4=CC(=O)CC[C@]4(C)[C@H]3CC[C@@]12C,0.0022464476
C=CCc1cc(OC)c(O)c(C(=O)NCCO)c1,0.03482263
C[C@@H](CN(C)C)CN1c2ccccc2Sc2ccccc21,0.00045418815
C=CCN(C1=NCCN1)c1c(Cl)cccc1Cl,0.20043689
COc1cc(Nc2ncc3c(n2)-c2ccc(Cl)cc2C(c2c(F)cccc2OC)=NC3)ccc1C(=O)O,0.084844686
COCCCOc1cc(C[C@@H](C[C@H](N)[C@@H](O)C[C@H](C(=O)NCC(C)(C)C(N)=O)C(C)C)C(C)C)ccc1OC,0.04150149
C/C=C/C[C@@H](C)[C@@H](O)[C@H]1C(=O)N[C@@H](CC)C(=O)N(C)[C@H](C)C(=O)N(CC)[C@@H](C(C)C)C(=O)N[C@@H](C(C)C)C(=O)N(C)[C@@H](CC(C)C)C(=O)N[C@@H](C)C(=O)N[C@H](C)C(=O)N(C)[C@@H](CC(C)C)C(=O)N(C)[C@@H](CC(C)C)C(=O)N(C)[C@@H](C(C)C)C(=O)N1C,0.99997723
C=CCN1CCC[C@@H]1CNC(=O)c1cc2nn[nH]c2cc1OC,0.015575559
O=C1c2ccccc2C(=O)c2c1ccc(O)c2O,0.00022329752
NC(=O)N[C@H]1NC(=O)NC1=O,0.006310461
C=CCS[S@@](=O)CC=C,0.00024086393
O=c1nc[nH]c2n[nH]cc12,0.0026348773
OC[C@H]1O[C@@H](n2ncc3c(O)ncnc32)[C@H](O)[C@@H]1O,0.0131390225
C=CC[C@]1(O)CC[C@H]2[C@@H]3CCC4=CCCC[C@@H]4[C@H]3CC[C@@]21C,0.0030701975
C=CCN=C=S,7.6113975e-06
C=CCNC(N)=S,0.00029418143
C=CCNc1nc(NCC=C)nc(N2CCN(C(c3ccc(F)cc3)c3ccc(F)cc3)CC2)n1,0.16630436
CNC(=O)[C@@H](c1ccccc1)N1CCc2cc(OC)c(OC)cc2[C@@H]1CCc1ccc(C(F)(F)F)cc1,0.010593064
CN(C)CCc1c[nH]c2ccc(CS(=O)(=O)N3CCCC3)cc12,0.10948726
O=C1c2cccc(O)c2C(=O)c2c(O)cc(CO)cc21,0.022597855
Cn1c(=O)cc(N2CCC[C@@H](N)C2)n(Cc2ccccc2C#N)c1=O,0.019046044
O=C1c2c(O)cccc2[C@H]([C@@H]2O[C@H](CO)[C@@H](O)[C@H](O)[C@H]2O)c2cc(CO)cc(O)c21,0.031974394
C1=C2CCCN[C@H]2[C@@H]2C[C@H]1[C@H]1CCCCN1C2,5.0754197e-06
Cc1nc[nH]c1CN1CCc2c(c3ccccc3n2C)C1=O,0.008228517
Cc1cn([C@H]2C[C@H](F)[C@@H](CO)O2)c(=O)[nH]c1=O,0.5682922
CCOC(=O)[C@H]1O[C@@H]1C(=O)N[C@@H](CC(C)C)C(=O)NCCC(C)C,0.0027040627
Cc1nc(NC(=O)N2CCC[C@H]2C(N)=O)sc1-c1ccnc(C(C)(C)C(F)(F)F)c1,0.020668894
C/C=C/c1cc(OC)c(OC)cc1OC,0.022633387
OC[C@H]1O[C@H](O)[C@H](O)[C@@H](O)[C@@H]1O,2.4655844e-06
COc1ccc([C@@H]2CC(=O)c3c(O)cc(O[C@@H]4O[C@H](CO[C@@H]5O[C@@H](C)[C@H](O)[C@@H](O)[C@H]5O)[C@@H](O[C@H]5O[C@H](CO)[C@@H](O)[C@H](O)[C@H]5O)[C@H](O)[C@H]4O)cc3O2)cc1O,0.018761618
CC/C=C\C/C=C\C/C=C\CCCCCCCC(=O)O,0.002497659
C[C@@H](N)Cc1cnc[nH]1,4.270875e-06
C[C@H](N)Cc1cnc[nH]1,1.851073e-05
C[C@@H](N)Cc1c[nH]c2ccc(O)cc12,0.009491785
Cc1c(C)c2c(c(C)c1O)CC[C@](C)(CCC[C@H](C)CCC[C@H](C)CCCC(C)C)O2,0.020382727
CC(=O)Oc1c(C)c(C)c2c(c1C)CC[C@](C)(CCC[C@H](C)CCC[C@H](C)CCCC(C)C)O2,0.95395154
CCCN(CCC)C(=O)Cc1c(-c2ccc(Cl)cc2)nc2ccc(Cl)cn12,0.015155006
C=CCc1ccccc1OC[C@H](O)CNC(C)C,0.0015037238
CCCCC[C@H](O)/C=C/[C@H]1[C@H](O)CC(=O)[C@@H]1CCCCCCC(=O)O,0.00070079026
O=C(O)CN1C(=O)c2cccc3cccc(c23)C1=O,0.010312947
Nc1ccn([C@@H]2O[C@@](CO)(CCl)[C@@H](O)[C@H]2F)c(=O)n1,0.097683005
CC(C)C(=O)OC[C@@]1(CCl)O[C@@H](n2ccc(N)nc2=O)[C@H](F)[C@@H]1OC(=O)C(C)C,0.99838734
O=C(c1ccc(F)cc1)C1CCN(CCn2c(=S)[nH]c3ccccc3c2=O)CC1,0.3465092
C=CCSC[C@@H]1Nc2cc(Cl)c(S(N)(=O)=O)cc2S(=O)(=O)N1,0.01929901
C#Cc1cncc([C@@H]2CCCN2C)c1,0.13978295
O=C(Nc1cc(Oc2cc(F)c(NC(=O)C3(C(=O)Nc4ccc(F)cc4)CC3)cc2F)ccn1)C1CC1,0.98706657
C=CC[C@]1(O)CC[C@H]2[C@@H]3CCC4=CC(=O)CCC4=C3C=C[C@@]21C,0.038228568
CN(C)c1nc(N(C)C)nc(N(C)C)n1,0.06343352
CCN(CCCc1ccccc1)CCCc1ccccc1,1.407902e-05
CO[C@H]1/C=C\C=C(/C)C(=O)NC2=CC(=O)C(NCCN(C)C)=C(C[C@@H](C)C[C@H](OC)[C@H](O)[C@@H](C)/C=C(\C)[C@@H]1OC(N)=O)C2=O,0.2520634
C[C@H]1CN(C[C@H](Cc2ccccc2)C(=O)NCC(=O)O)CC[C@@]1(C)c1cccc(O)c1,0.009618683
CN1CC[C@H](c2c(O)cc(O)c3c(=O)cc(-c4ccccc4Cl)oc23)[C@H](O)C1,0.050408237
CC(=O)N[C@H](CCCNC(=N)N)C(=O)N[C@H](CCCNC(=N)N)C(=O)N[C@H](CCCNC(=N)N)C(=O)N[C@H](CCCNC(=N)N)C(=O)N[C@H](CCCNC(=N)N)C(=O)N[C@H](CCCNC(=N)N)C(=O)N[C@H](CCCNC(=N)N)C(=O)N[C@H](CCCNC(=N)N)C(=O)N[C@H](CCCNC(=N)N)C(N)=O,0.008101103
CN(CC[C@@H](Oc1ccc(-c2ccccc2)cc1)c1ccc(F)cc1)CC(=O)O,0.090224914
CN1CCCC[C@@H]1Cn1cc(C(=O)c2cc([N+](=O)[O-])ccc2I)c2ccccc21,0.0001646922
Oc1c(I)cc(I)cc1I,4.5980696e-06
Cc1c(C(=O)NN2CCCCC2)nn(-c2ccc(Cl)cc2Cl)c1-c1ccc(I)cc1,2.7948154e-06
Cc1c(C(=O)NN2CCOCC2)nn(-c2ccc(Cl)cc2Cl)c1-c1ccc(I)cc1,9.370075e-06
CCCCC/C=C\C/C=C\C/C=C\C/C=C\CCCC(=O)Nc1ccc(O)cc1,0.0014011954
CC1(C)CCC(C)(C)c2cc(C(=O)Nc3ccc(C(=O)O)cc3)ccc21,0.007598433
COc1ccc(C(=O)c2c(C)n(CCN3CCOCC3)c3cc(I)ccc23)cc1,0.013124395
CN(CCc1ccc(Cl)c(Cl)c1)C[C@@H](O)COc1ccc(NS(C)(=O)=O)cc1,0.039188065
NC12CC3CC(CC(C3)C1)C2,0.002198189
N=C(N)N=Nc1ccc(NNC(N)=S)cc1,0.00046804422
CC[N+](CC)(CCNC(=O)C(=O)NCC[N+](CC)(CC)Cc1ccccc1Cl)Cc1ccccc1Cl,0.0125903
COC(c1ccccc1)(c1ccccc1)[C@H](Oc1nc(C)cc(C)n1)C(=O)O,0.034617294
Nc1c(Br)cc(Br)cc1CN[C@H]1CC[C@H](O)CC1,0.91523224
CCN(CC)CCNC(=O)c1c(C)[nH]c(/C=C2/C(=O)Nc3ccc(-c4csc(-c5ccccc5)n4)cc32)c1C,0.0008040622
CC(=O)OCC(=O)[C@@]12OC3(CCCC3)O[C@@H]1C[C@H]1[C@H]3CCC4=CC(=O)C=C[C@]4(C)[C@@]3(F)[C@@H](O)C[C@@]12C,0.8775618
c1ccc(CNCc2ccc(CN3CCCNCCNCCCNCC3)cc2)nc1,0.21748358
CC1(C)S[C@@H]2[C@H](/N=C/N3CCCCCC3)C(=O)N2[C@H]1C(=O)O,0.048413966
NCCCCN(Cc1nc2ccccc2[nH]1)[C@H]1CCCc2cccnc21,0.00019194616
Cc1cccc(C)c1NC(=O)c1ccc(N)cc1,0.0026840384
Cc1cccc(C)c1N(CC(=O)Nc1ccc(-c2ncon2)cc1)C(=O)C1CCS(=O)(=O)CC1,0.022591997
O=C1c2ccccc2C(=O)c2c(NCCNCCO)ccc(NCCNCCO)c21,0.0015234207
COc1cc(N)cn[n+]1-c1ccccc1,0.16968368
Nc1c(CC(=O)O)cccc1C(=O)c1ccccc1,0.002029792
Nc1c(-c2cccc(C(F)(F)F)c2)nsc1C(=O)O,0.054438785
Cc1ccc2cc(-c3c(C)ccc(C(=O)c4c(-c5ccccc5)n(C)n(-c5ccccc5)c4=O)c3N)ccc2n1,0.767708
CO[C@H]1/C=C/C[C@H](C)[C@@H](C)S(=O)(=O)NC(=O)c2ccc3c(c2)N(C[C@@H]2CC[C@H]21)C[C@@]1(CCCc2cc(Cl)ccc21)CO3,0.99639565
COc1ccc2c(OCc3nnc4ccc(-c5ccccc5)nn34)ccnc2c1,8.322227e-05
CC(C)[C@@H](CS(=O)(=O)C(C)C)N1C(=O)[C@@](C)(CC(=O)O)C[C@H](c2cccc(Cl)c2)[C@H]1c1ccc(Cl)cc1,0.0006079623
C[C@H](Nc1ncnc2nc[nH]c12)c1cc2ccc(F)cc2nc1-c1ccccn1,0.62977153
COCCOc1cnc2ccn([C@H](C)c3nnc4c(F)cc(-c5cnn(C)c5)cn34)c(=O)c2c1,0.045764174
CCOc1ccc(-n2c([C@@H](C)N(Cc3cccnc3)C(=O)Cc3ccc(OC(F)(F)F)cc3)nc3ncccc3c2=O)cc1,0.016907278
C=CC(=O)N1CCN(c2nc(=O)n(-c3c(C)ccnc3C(C)C)c3nc(-c4c(O)cccc4F)c(F)cc23)[C@@H](C)C1,0.97303367
CC(=O)Nc1nc2c(Oc3cc(-c4ccc(C(F)(F)F)cc4)ncn3)cccc2s1,8.7471046e-05
Cn1c(NC[C@@H](N)Cc2ccccc2)nc(-c2ccncc2)c(-c2ccc3ccccc3c2)c1=O,0.04012648
CC#C[C@@H](CC(=O)O)c1ccc(OCc2cccc(-c3ccc(C(F)(F)F)cc3)c2)cc1,0.95947295
C[C@H]1CC[C@H](n2c3cnccc3c3cnc(Nc4ccc5c(n4)CCN(C(=O)CO)C5)nc32)CC1,0.9862726
CC(C)(C)c1ccc(/C=C/C(=O)Nc2ccc3c(c2)OCCO3)cc1,0.0031237751
C[C@@H](Nc1ncnc2nc[nH]c12)c1cc2ccc(F)cc2nc1-c1ccccn1,0.28118208
COc1ccc2c(Oc3ccc(NC(=O)c4c(C)n(CC(C)(C)O)n(-c5ccccc5)c4=O)nc3)ccnc2c1,0.0043925783
Cc1csc(-c2nnc(Nc3ccc(Oc4ncccc4-c4ccnc(N)n4)cc3)c3ccccc23)c1,0.07674765
O=C(Nc1ccc2c(O)cc(S(=O)(=O)O)cc2c1)Nc1ccc2c(O)cc(S(=O)(=O)O)cc2c1,0.0036418564
CCOC(=O)COc1ccc2c(c1)C[C@@H](NC[C@H](O)c1cccc(Cl)c1)CC2,0.0051465817
Cc1c(N(C)C)c(=O)n(-c2ccccc2)n1C,0.00043064184
Nc1ccncc1N,0.0027705848
Cc1cc(N(C)C)ccc1C[C@@H](C)N,1.4395224e-05
NCCCNCCSP(=O)(O)O,0.00031970334
NCC[C@H](O)C(=O)N[C@@H]1C[C@H](N)[C@@H](O[C@H]2O[C@H](CN)[C@@H](O)[C@H](O)[C@H]2O)[C@H](O)[C@H]1O[C@H]1O[C@H](CO)[C@@H](O)[C@H](N)[C@H]1O,0.22031784
N=C(N)NC(=O)c1nc(Cl)c(N)nc1N,0.05731529
O=C(O)CCCCCCNC1c2ccccc2CCc2ccccc21,0.0068849376
NCCCCCC(=O)O,0.00045568455
CC[C@@]1(c2ccc(N)cc2)CCC(=O)NC1=O,0.0005780711
NN=C(N)N,0.00010180715
NC[C@@H](O)CC(=O)O,0.0068966267
NCC(=O)CCC(=O)OCc1ccccc1,0.00029730893
C[C@H]1CCN=C(N)S1,0.000111453635
CC(CC(C(N)=O)(c1ccccc1)c1ccccc1)N(C)C,0.00026367637
Cn1c(=O)c2[nH]cnc2n(C)c1=O,0.07366612
Nc1nc(N)c2nc(CNc3ccc(C(=O)N[C@@H](CCC(=O)O)C(=O)O)cc3)cnc2n1,0.6832352
CC(C)[C@H](CO)Nc1nc(Nc2cc(N)cc(Cl)c2)c2ncn(C(C)C)c2n1,0.0005907949
Nc1ccc(C(=O)O)c(O)c1,0.04631267
Nc1nncs1,1.26907935e-05
Nc1nccs1,5.4857926e-05
CCCCc1oc2ccccc2c1C(=O)c1cc(I)c(OCCN(CC)CC)c(I)c1,0.0008115767
CN(C)CCCO[C@@H]1[C@H]2OC(C)(C)O[C@H]2O[C@@H]1[C@H](O)CO,0.00047998354
CCCCCCCOc1ccc(CCC(N)(CO)CO)cc1C(F)(F)F,0.77886134
CCN1CCC[C@@H]1CNC(=O)c1cc(S(=O)(=O)CC)c(N)cc1OC,4.5002603e-06
Clc1ccc([C@]23CNC[C@H]2C3)cc1Cl,0.10280971
Cc1ccc(/N=C/N(C)/C=N/c2ccc(C)cc2C)c(C)c1,0.01172282
CN(C)CCC=C1c2ccccc2CCc2ccccc21,0.00081703276
CC(C)c1ccc2oc3nc(N)c(C(=O)O)cc3c(=O)c2c1,0.53587776
CCOC(=O)C1=C(COCCN)NC(C)=C(C(=O)OC)[C@H]1c1ccccc1Cl,5.728595e-05
CC1(C)[C@@H](O[C@H]2O[C@H](C(=O)O)[C@@H](O)[C@H](O)[C@H]2O[C@@H]2O[C@H](C(=O)O)[C@@H](O)[C@H](O)[C@H]2O)CC[C@]2(C)[C@H]3C(=O)C=C4[C@@H]5C[C@@](C)(C(=O)O)CC[C@]5(C)CC[C@@]4(C)[C@]3(C)CC[C@@H]12,0.07311114
C[C@@H](O)C(=O)O,0.00017860733
O=C(O)C(F)(F)C(F)(F)C(F)(F)C(F)(F)C(F)(F)C(F)(F)C(F)(F)F,2.9065925e-24
c1ccc(C(NCCNC(c2ccccc2)c2ccccc2)c2ccccc2)cc1,0.0062168217
CCN(CC)Cc1cc(Nc2ccnc3cc(Cl)ccc23)ccc1O,0.0028643284
CN(C)CCN1C(=O)c2cccc3cc(N)cc(c23)C1=O,0.03541916
CCC(C)(C)c1ccc(C[C@@H](C)CN2C[C@@H](C)O[C@@H](C)C2)cc1,0.04648426
Clc1ccc2c(c1)C(N1CCNCC1)=Nc1ccccc1O2,0.1516562
CC1(C)S[C@@H]2[C@H](NC(=O)[C@H](N)c3ccc(O)cc3)C(=O)N2[C@H]1C(=O)O,0.93544537
Cc1o[nH]c(=O)c1C[C@@H](N)C(=O)O,0.025196388
Cc1o[nH]c(=O)c1C[C@H](N)C(=O)O,0.08659704
O=C(c1ccc2nccnc2c1)N1CCCCC1,0.043421373
CCNC(=O)N1CCN(CCCC(c2ccc(F)cc2)c2ccc(F)cc2)CC1,0.0080229845
C[C@@H]1[C@H](O)[C@@H](C)/C=C/C=C/C=C/C=C/C=C/C=C/C=C/[C@H](O[C@@H]2O[C@H](C)[C@@H](O)[C@H](N)[C@@H]2O)C[C@@H]2O[C@](O)(C[C@@H](O)C[C@@H](O)[C@H](O)CC[C@@H](O)C[C@@H](O)CC(=O)O[C@H]1C)C[C@H](O)[C@H]2C(=O)O,0.026392821
CC1(C)S[C@@H]2[C@H](NC(=O)[C@H](N)c3ccccc3)C(=O)N2[C@H]1C(=O)O,0.683663
CCOC(=O)O[C@@H](C)OC1=C(C(=O)Nc2ccccn2)N(C)S(=O)(=O)c2ccccc21,0.003092578
CC(C)CN(C[C@@H](O)[C@H](Cc1ccccc1)NC(=O)O[C@H]1CCOC1)S(=O)(=O)c1ccc(N)cc1,4.7233512e-05
CCCc1ncc(C[n+]2ccccc2C)c(N)n1,0.05729562
Cc1c(N)c(=O)n(-c2ccccc2)n1C,5.2351716e-06
Nc1cc(-c2ccncc2)c[nH]c1=O,0.28648973
CC(=O)[C@]1(N)Cc2c(O)c3c(c(O)c2[C@@H](O[C@H]2C[C@H](O)[C@H](O)CO2)C1)C(=O)c1ccccc1C3=O,0.8147607
COc1cc(NS(C)(=O)=O)ccc1Nc1c2ccccc2nc2ccccc12,0.18416253
Cc1nc(N)sc1CCN,1.805275e-05
COc1ccccc1OC(=O)CNC(=O)Cc1ccc(C(=O)c2ccc(C)cc2)n1C,0.0096287085
S=C(NCc1ccc2c(c1)OCO2)N1CCN(c2ncnc3c2oc2ccccc23)CC1,0.34293607
N#C[C@H](O[C@@H]1O[C@H](CO[C@@H]2O[C@H](CO)[C@@H](O)[C@H](O)[C@H]2O)[C@@H](O)[C@H](O)[C@H]1O)c1ccccc1,0.001253628
CCCCCO[NH2+][O-],5.7682726e-05
CC[C@@](C)(CN(C)C)OC(=O)c1ccccc1,2.638055e-05
CCC(C)(C)O,4.805729e-07
N#C/C(=C\c1cccn1S(=O)(=O)c1cccc([N+](=O)[O-])c1)S(=O)(=O)c1ccc(F)cc1,0.0044060224
Cc1noc(-c2ccc(-c3ccc(CC(=O)O)cc3)cc2)c1NC(=O)O[C@H](C)c1ccccc1,0.31919694
CCN(Cc1cc(C(F)(F)F)ccc1-c1cc(CC(=O)O)ccc1OC)C(=O)NCc1ccccc1,0.10713628
COc1cnc(-c2ccc(Cn3c(CC(C)(C)C(=O)O)c(SC(C)(C)C)c4cc(OC[C@@H]5Cc6ccccc6N5C(C)=O)ccc43)cc2)nc1,0.65393656
O=C(Nc1ccccc1C(=O)N[C@H]1CCCCNC1=O)c1cc2ccccc2s1,0.0068199453
c1cncc([C@H]2CCCCN2)c1,0.0049200538
COc1cc(F)c(C(C)C)cc1-c1ccc(C(F)(F)F)cc1CN1C(=O)O[C@H](c2cc(C(F)(F)F)cc(C(F)(F)F)c2)[C@@H]1C,0.9998702
Cc1cc2ncc(C(=O)NCC(C)(C)NCC(=O)N3CCC[C@H]3C#N)cn2n1,0.11579466
O=C1CN2Cc3c(ccc(Cl)c3Cl)N=C2N1,0.27656606
CN(C)N(C)C(=O)[C@@]1(Cc2ccccc2)CCCN(C(=O)[C@@H](Cc2c[nH]c3ccccc23)NC(=O)C(C)(C)N)C1,4.3350115e-05
CCCCC/C=C\C/C=C\C/C=C\C/C=C\CCCC(=O)NCCO,7.9698846e-05
CC(C)(C#N)c1cc(Cn2cncn2)cc(C(C)(C)C#N)c1,0.0016901409
CC(=O)Nc1ccc(OC[C@](C)(O)C(=O)Nc2ccc([N+](=O)[O-])c(C(F)(F)F)c2)cc1,0.033519093
C=C1CC[C@@H]2[C@](C)(CO)[C@H](O)CC[C@@]2(C)[C@@H]1C/C=C1/C(=O)OC[C@H]1O,0.01332071
C[C@@]12CCC(=O)C[C@@H]1CC[C@@H]1[C@@H]2CC[C@@]2(C)C=CC[C@@H]12,6.9066686e-05
C[C@]12CC[C@@H](O)C[C@@H]1CC[C@@H]1[C@@H]2CC[C@]2(C)C(=O)CC[C@@H]12,0.0015619849
CC(=O)OCC(=O)[C@@]1(O)CC[C@H]2[C@@H]3CCC4=CC(=O)CC[C@]4(C)C3=CC[C@@]21C,0.0074318997
C/C=C/c1ccc(OC)cc1,0.00032573816
COc1ccc(-c2cc(=S)ss2)cc1,0.0015766677
CC(=O)OC[C@]12CCC(C)=C[C@H]1O[C@@H]1[C@H](O)[C@@H](OC(C)=O)[C@@]2(C)[C@@]12CO2,0.0007250416
CCCCCOc1ccc(-c2ccc(-c3ccc(C(=O)N[C@H]4C[C@@H](O)[C@@H](O)NC(=O)[C@@H]5[C@@H](O)[C@@H](C)CN5C(=O)[C@H]([C@@H](C)O)NC(=O)[C@H]([C@H](O)[C@@H](O)c5ccc(O)cc5)NC(=O)[C@@H]5C[C@@H](O)CN5C(=O)[C@H]([C@@H](C)O)NC4=O)cc3)cc2)cc1,0.83636165
COc1ccc(C(=O)N2CCCC2=O)cc1,0.00013924584
COc1ccc(C2C(=O)c3ccccc3C2=O)cc1,0.000489497
COc1ccc(C[C@H]2NC[C@H](O)[C@H]2OC(C)=O)cc1,0.00035546251
CCCC(CCC)C(=O)O[C@H]1C[C@H]2CC[C@@H](C1)[N+]2(C)C,6.181413e-06
COc1cc2c(Oc3ccc4[nH]c(C)cc4c3F)ccnc2cc1OCC1(N)CC1,0.997598
Clc1cccc(SC2CCNCC2)n1,0.0001360781
CCOc1nc2c(N)ncnc2n1CC,0.0001839476
COc1cc2cc(c1Cl)N(C)C(=O)C[C@H](OC(=O)C(C)C)[C@]1(C)O[C@H]1[C@H](C)[C@@H]1C[C@@](O)(NC(=O)O1)[C@H](OC)/C=C/C=C(\C)C2,0.99828786
CSCC[C@H](NC(=O)[C@H](CC(C)C)NC(=O)[C@@H](Cc1c[nH]c2ccccc12)NC(=O)[C@H](Cc1ccccc1)N(C)C(=O)[C@@H](Cc1c[nH]c2ccccc12)NC(=O)[C@@H](N)CCCNC(=N)N)C(N)=O,0.14231999
CCCCN(CC)c1nc(C)nc2c1c(C)c(C)n2-c1c(C)cc(C)cc1C,0.01667374
c1ccc(CN(CC2=NCCN2)c2ccccc2)cc1,0.0021947518
O=C1c2c(O)cccc2Cc2cccc(O)c21,0.0908378
O=C1c2ccccc2C(=O)c2ccccc21,0.00017565678
O=C1[O][SbH]23[O]C(=O)[C@H]([O]2)[C@H]2[O][SbH]4([O]C(=O)[C@H]([O]4)[C@H]1[O]3)[O]C2=O,3.15183e-08
O=C1[O][SbH]23[O]C(=O)C([O]2)C2[O][SbH]4([O]C(=O)C([O]4)C1[O]3)[O]C2=O,1.0188494e-09
CCCCCC[C@H]1C(=O)O[C@H](C)[C@H](NC(=O)c2cccc(NC=O)c2O)C(=O)O[C@@H](C)[C@@H]1OC(=O)CC(C)C,0.23494811
Cc1ccc(C(C)C)cc1O,0.005643597
OB1OCc2cc(Cl)ccc21,1.6921018e-06
CC(=C\c1ccc(Cl)cc1)/C(C)=N/O,0.0014071413
COc1cc(OC)c2c(=O)nc(-c3cc(C)c(OCCO)c(C)c3)[nH]c2c1,0.31955326
Cc1nnc2n1-c1sc(CCC(=O)N3CCOCC3)cc1C(c1ccccc1Cl)=NC2,0.0017830975
CNC(=O)c1ccc(N2C(=S)N(c3cnc(C#N)c(C(F)(F)F)c3)C(=O)C23CCC3)cc1F,0.010000991
CC1(C)Oc2cc(NS(C)(=O)=O)ccc2N(c2ccc(F)cc2)C1=O,0.0019168952
N#CC1(c2ccc(NC(=O)c3cccnc3NCc3ccncc3)cc2)CCCC1,0.20540144
Cc1c(C)c2c(c(C)c1O)CCC(C)(C)O2,2.6673e-06
COc1cc(OC)cc(-c2ccc3c(-c4ccc(F)cc4)[nH]nc3n2)c1,0.014420366
COc1c(Nc2ccc(S(C)(=O)=O)nc2C)ncnc1OC1CCN(C(=O)OC(C)C)CC1,0.26451004
CC(C)OC(=O)N1CCC(Oc2ncnc3c2cnn3-c2ccc(S(C)(=O)=O)cc2F)CC1,0.0063512777
C[C@@]1(CO)[C@H](O)CC[C@@]2(C)[C@H]1CC[C@H]1C[C@@H]3C[C@@]12CC[C@]3(O)CO,0.008564693
Cc1cc(OCCN2CCOCC2)nn1-c1ccc2ccccc2c1,0.011723681
NC(=O)c1cn([C@@H]2O[C@H](CO)[C@@H](O)[C@H]2O)c2ncnc(N)c2c1=O,0.11069996
O=c1cc(-c2ccc(O)cc2)oc2cc(O)cc(O)c12,0.02961425
COc1ccc(-n2nc(C(N)=O)c3c2C(=O)N(c2ccc(N4CCCCC4=O)cc2)CC3)cc1,0.24253361
COc1cc(C(C)=O)ccc1O,0.00013930985
O=C1C(=O)N(Cc2ccc(Cl)c(Cl)c2)c2ccccc21,0.06953238
COC[C@]1(CO)C(=O)C2CCN1CC2,1.6286369e-06
Nc1cc(Cl)c(NC2=NCCN2)c(Cl)c1,0.000166703
CN[C@@H]1[C@@H](O[C@H]2O[C@H](CO)[C@@H](N)[C@H](O)[C@H]2O)O[C@H]2C[C@@H](N)[C@@H](O[C@H]3[C@H](O)[C@@H](O)[C@H](N)C[C@@H]3N)O[C@@H]2[C@@H]1O,0.048533503
CC1(C)SCCN(S(=O)(=O)c2ccc(OCC#CCO)cc2)[C@H]1C(=O)NO,0.00944135
CCOc1cc([C@@H](CS(C)(=O)=O)N2C(=O)c3cccc(NC(C)=O)c3C2=O)ccc1OC,0.0015037096
C[C@@H](O[C@H]1OCCN(Cc2n[nH]c(=O)[nH]2)[C@H]1c1ccc(F)cc1)c1cc(C(F)(F)F)cc(C(F)(F)F)c1,0.0018543785
Nc1ccn([C@H]2CO[C@@H](CO)S2)c(=O)n1,0.00020996857
CCN(CC)CCCN(c1ccccc1)C1Cc2ccccc2C1,1.9684543e-05
C=CC[C@H](C(=O)NC(N)=O)C(C)C,0.06727291
CCc1cccc(N(C)C(=N)Nc2cccc3ccccc23)c1,0.10542573
Cc1[nH]c2ccc(F)cc2c1-c1nc2c3cccnc3c3ncccc3c2[nH]1,0.005453491
c1cc(Nc2cc(C3CC3)n[nH]2)nc(Nc2ccc3nc[nH]c3c2)n1,0.040601123
COc1ccc2c(c1)c(CC(=O)Oc1ccc(NC(C)=O)cc1)c(C)n2C(=O)c1ccc(Cl)cc1,0.08791113
Cc1cccc(/C=N/Nc2cc(N3CCOCC3)n3nc(-c4ccncc4)cc3n2)c1,0.21178053
CC[C@H](C(=O)N1CCCC[C@H]1C(=O)O[C@H](CCc1ccc(OC)c(OC)c1)c1cccc(OCC(=O)NCCNC(=O)COc2cccc([C@@H](CCc3ccc(OC)c(OC)c3)OC(=O)[C@@H]3CCCCN3C(=O)[C@@H](CC)c3cc(OC)c(OC)c(OC)c3)c2)c1)c1cc(OC)c(OC)c(OC)c1,0.45772237
COc1cc(N2CCC(N(C)C)CC2)ccc1Nc1ncc(Cl)c(Nc2ccccc2P(C)(C)=O)n1,0.47846898
CCN(CC)CCCCC1CCN(CC(=O)N2c3ccccc3C(=O)Nc3cccnc32)CC1,0.0010272597
CCN(CC)CCCNc1ccnc2cc(Cl)ccc12,0.0010233311
Cc1ccc(-c2ccc(O[C@H]3CN4CCC3CC4)cn2)cc1,0.0034377968
COc1ccc(CNC(=O)Nc2ncc([N+](=O)[O-])s2)cc1,0.19724636
Cc1n[nH]c(C)c1Cc1sc2c(c1C(=O)N1C[C@H](O)CO1)c(=O)n(C)c(=O)n2CC(C)C,0.13989758
NCC(=O)Nc1ccc(-n2nc(C(F)(F)F)cc2-c2ccc3c(ccc4ccccc43)c2)cc1,0.99070054
CC(C)[C@H](C(=O)Nc1ccc(C(=O)NO)cc1)c1ccccc1,0.006958726
CCCCC/C=C\C/C=C\C/C=C\C/C=C\CCCC(=O)O,0.0030513955
CCCCCCCCCCCCCCCCCCCC(=O)N[C@H]1CC[C@@]2(C)[C@@H](C1)C[C@@H](O)[C@@H]1[C@@H]2C[C@H](O)[C@]2(C)[C@@H]([C@H](C)CCC(=O)O)CC[C@@H]12,0.061991908
CCOC(=O)c1c(CSc2ccccc2)n(C)c2cc(Br)c(O)c(CN(C)C)c12,8.308517e-05
OC[C@H]1O[C@@H](Oc2ccc(O)cc2)[C@H](O)[C@@H](O)[C@@H]1O,3.5192697e-05
COc1ccccc1N1CCN(CCN2C(=O)c3ccccc3C(C)(C)C2=O)CC1,0.01034964
COc1cc(C[C@H]2C(=O)OC[C@@H]2Cc2ccc(OC)c(OC)c2)ccc1O,6.1371423e-07
O=C1NC(=O)c2c1c1c3ccccc3[nH]c1c1[nH]c3ccccc3c21,0.110558525
CO[C@H]1O[C@H](COS(=O)(=O)O)[C@@H](O[C@@H]2O[C@@H](C(=O)O)[C@@H](OC)[C@H](O)[C@H]2OS(=O)(=O)O)[C@H](O)[C@H]1NS(=O)(=O)O,0.025269166
CC#CCOC(=O)C1=CCCN(C)C1,1.1793447e-05
C#CCOC(=O)C1=CCCN(C)C1,2.460117e-05
COC(=O)C1=CCCN(C)C1,4.696379e-06
C[C@@H]1CCN(C(=O)[C@H](CCCNC(=N)N)NS(=O)(=O)c2cccc3c2NC[C@H](C)C3)[C@@H](C(=O)O)C1,0.009216387
CSCC[C@H](NC(=O)[C@H](CCC(=O)O)NC(=O)[C@H](CCC(=O)O)NC(C)=O)C(=O)N[C@@H](CCC(N)=O)C(=O)N[C@@H](CCCNC(=N)N)C(=O)N[C@@H](CCCNC(=N)N)C(N)=O,0.0104896305
C=C1C(=O)O[C@@H]2[C@H]3C(C)=CC[C@@]34O[C@@]4(C)CC[C@@H]12,0.0010578578
O=C1CCc2ccc(OCCCCN3CCN(c4cccc(Cl)c4Cl)CC3)cc2N1,0.0020398602
CCCCCCCCCCCC(=O)OCN1C(=O)CCc2ccc(OCCCCN3CCN(c4cccc(Cl)c4Cl)CC3)cc21,0.016166458
CCCn1c(=O)c2[nH]cnc2n(-c2ccc(Cl)cc2)c1=O,0.00052511337
CC(C)(C)NC[C@@H](O)CSc1nc(-c2ccc(C(N)=O)s2)cs1,0.00041672186
Nc1ncccc1-c1nc2ccc(-c3ccccc3)nc2n1-c1ccc(C2(N)CCC2)cc1,0.612771
C#CC[C@H](c1nc2cc(Cl)ccc2c(=O)n1Nc1ccccc1)N(CCCN)C(=O)c1cccc(Cl)c1F,0.9740071
C[C@@H]1COC(Nc2ccc3ncnc(Nc4ccc(OCc5nccs5)c(Cl)c4)c3c2)=N1,0.03515688
Nc1ccc([As](=O)(O)O)cc1,0.0012703678
O=[As]O[As]=O,1.0417168e-05
CO[C@H]1O[C@@H]2O[C@@]3(C)CC[C@H]4[C@H](C)CC[C@@H]([C@H]1C)[C@@]24OO3,1.0682021e-08
C[C@@H]1CC[C@H]2[C@@H](C)C(=O)O[C@@H]3O[C@@]4(C)CC[C@@H]1[C@]32OO4,3.653569e-10
CCO[C@H]1O[C@@H]2O[C@@]3(C)CC[C@H]4[C@H](C)CC[C@@H]([C@H]1C)[C@@]24OO3,6.619653e-08
C[C@H]1[C@H](OC(=O)CCC(=O)O)O[C@@H]2O[C@@]3(C)CC[C@H]4[C@H](C)CC[C@@H]1[C@@]24OO3,1.9376523e-07
CCCN[C@@H](C)C(=O)Nc1c(C)csc1C(=O)OC,0.0049397075
CCCCCC[C@@H](CCC)C(=O)O,0.022713976
Cc1sc2c(c1C)C(c1ccc(Cl)cc1)=N[C@@H](CC(=O)Nc1ccc(OCCOCCOCCOCCNc3cccc4c3C(=O)N([C@H]3CCC(=O)NC3=O)C4=O)cc1)c1nnc(C)n1-2,0.20156945
Cc1cc(NCCO)nc(-c2ccc(Br)cc2)n1,0.031927537
O=C(Nc1ccc(-c2ccncc2)cc1)N[C@H](CO)c1ccccc1,0.0010707318
C[C@H](NC(=O)c1sccc1OCc1ccc(Cl)cc1)c1ccccc1,0.0070690815
O=C(O)CCc1ccc(NCc2cccc3c2CCCN3CCOc2ccccc2)cc1F,0.1739968
Cc1cc(-c2nc(C(=O)Nc3cn(C4CCOCC4)nc3C(N)=O)co2)ccn1,0.0006473751
O=C1NC(=O)/C(=C/c2ccc(-c3ccc(F)cc3O)o2)S1,0.33697212
O=C1NC(=O)/C(=C/c2ccc3c(c2)OC(F)(F)O3)S1,0.009009131
O=C(NC[C@H](O)CO)c1ccncc1Nc1ccc(I)cc1F,0.31216636
O=c1ccc2c(OCCCCOc3ccccc3)c3ccoc3cc2o1,0.019576276
Cc1ccc2c(=O)c3cccc(CC(=O)O)c3oc2c1C,0.20970286
CC(C)Oc1ccc(S(=O)(=O)N2CCN(c3ccc(-c4ncco4)c(OCC(=O)O)c3)CC2)cc1,0.19765916
COc1cc(OC)c(OC)cc1C=O,0.0008333403
COc1ccc(/C=C/C(=O)C=C(O)/C=C/c2ccc(OC)c(OC)c2)cc1OC,0.6101735
O=C(Nc1ccc(OC(F)(F)Cl)cc1)c1cnc(N2CC[C@@H](O)C2)c(-c2cc[nH]n2)c1,0.013041758
CC[C@@H]1/C=C(\C)C[C@H](C)C[C@H](OC)[C@H]2O[C@@](O)(C(=O)C(=O)N3CCCC[C@H]3C(=O)O[C@H](/C(C)=C/[C@@H]3CC[C@@H](O)[C@H](OC)C3)[C@H](C)[C@@H](O)CC1=O)[C@H](C)C[C@@H]2OC,0.74024355
O=C1O[C@H]([C@@H](O)CO)[C@@H](O)C1=O,0.0048505533
CN1C[C@@H]2c3ccccc3Oc3ccc(Cl)cc3[C@H]2C1,0.007198619
C[C@H]1[C@H](C)CC[C@]2(C(=O)O)CC[C@]3(C)C(=CC[C@@H]4[C@@]5(C)C[C@@H](O)[C@H](O)[C@@](C)(CO)[C@@H]5CC[C@]43C)[C@H]12,5.7270547e-05
CN(C(=O)C(c1ccccc1)c1ccccc1)[C@H](CN1CC[C@H](O)C1)c1ccccc1,0.006474658
CCCc1nc(C(F)(F)F)ccc1/C=C/C(=O)N[C@H](C)c1cc(F)c(NS(C)(=O)=O)c(F)c1,0.36529544
CC(C)c1nnc(-c2ccc(-c3ccccc3)nc2)n1-c1cccc2nonc12,0.00068241183
COc1ccc(-c2nc(OC)nn2-c2ccc(OC)cc2)cc1,7.830869e-06
COc1ccc2[nH]c(C(=O)N3CCC(CC(C)(C)O)CC3)cc2c1,0.0007204806
COC(=O)[C@H](Cc1ccccc1)NC(=O)[C@@H](N)CC(=O)O,0.00024464415
CC(=O)Oc1ccccc1C(=O)O,0.005993579
COc1cc(N2CCC(N3CCN(C)CC3)CC2)ccc1Nc1ncnc(Nc2ccccc2S(=O)(=O)C(C)C)n1,0.0072195535
C=CC(=O)Nc1ccc2ncnc(Nc3ccc(OCc4cccc(F)c4)c(Cl)c3)c2c1,0.004599591
CC1=C(/C=C/C(C)=C/C=C/C(C)=C/C=C/C=C(C)/C=C/C=C(C)/C=C/C2=C(C)C(=O)[C@@H](O)CC2(C)C)C(C)(C)C[C@H](O)C1=O,1.8413939e-08
COc1ccc(CCN2CCC(Nc3nc4ccccc4n3Cc3ccc(F)cc3)CC2)cc1,0.014552317
C[C@@H]1O[C@@H](O[C@H]2C(=O)c3c(O)cc(O)cc3O[C@@H]2c2ccc(O)c(O)c2)[C@H](O)[C@H](O)[C@H]1O,0.059892606
CC(C)(O)[C@H]1CC[C@@](C)([C@H]2[C@@H](O)C[C@@]3(C)[C@@H]4C[C@H](O[C@@H]5O[C@H](CO)[C@@H](O)[C@H](O)[C@H]5O)[C@H]5C(C)(C)[C@@H](O[C@@H]6OC[C@@H](O)[C@H](O)[C@H]6O)CC[C@@]56C[C@@]46CC[C@]23C)O1,0.00040942596
C[C@@H]1CN(CC(=O)N2CC(C)(C)c3nc(CO)c(Cc4ccc(F)cc4)cc32)[C@@H](CN2CCOC[C@H]2C)CN1,1.8302879e-05
C=C[C@@H]1C[C@]1(NC(=O)[C@@H]1C[C@@H](Oc2ncc(OC)c3ccc(Cl)cc23)CN1C(=O)[C@@H](NC(=O)OC(C)(C)C)C(C)(C)C)C(=O)NS(=O)(=O)C1CC1,0.20916691
CN(C)C(=N)NCCC[C@H](N)C(=O)O,0.027915413
O=CN1CCC(C(=O)NCCN2CCC(=C3c4ccccc4C=Cc4ccccc43)CC2)CC1,0.024904609
CN[C@@H](C)C(=O)N[C@H]1CN(C(=O)CC(C)C)CC[C@H]2CC[C@@H](C(=O)NC(c3ccccc3)c3ccccc3)N2C1=O,0.013507053
O=C(NC1CCNCC1)c1[nH]ncc1NC(=O)c1c(Cl)cccc1Cl,0.20559697
O=C(Nc1c[nH]nc1-c1nc2ccc(CN3CCOCC3)cc2[nH]1)NC1CC1,0.030347014
O=C(O)c1cccc(-c2noc(-c3ccccc3F)n2)c1,0.029359376
COC(=O)N[C@H](C(=O)N[C@@H](Cc1ccccc1)[C@@H](O)CN(Cc1ccc(-c2ccccn2)cc1)NC(=O)[C@@H](NC(=O)OC)C(C)(C)C)C(C)(C)C,0.2958388
COc1ccc2cc([C@@H](C)C(=O)Oc3ccc(C(N)=S)cc3)ccc2c1,0.0033360461
CC(C)NC[C@@H](O)COc1ccc(CC(N)=O)cc1,0.0025784702
CC(C)NC[C@H](O)COc1ccc(CC(N)=O)cc1,0.0020645258
CN(C)C(=O)Nc1cccc(-c2ccc(N(C)C)cc2)c1,0.05893551
Cc1cc(C)cc([C@@H]2CCCN2Cc2ccc(Oc3ccc(C(N)=O)cc3F)cc2)c1,0.99084634
CCC1(c2cnc[nH]2)Cc2ccccc2C1,0.00010919701
CCCC1(CCC)CCC2(CCN(CCCN(CC)CC)C2)CC1,0.00945213
COc1ccc(C2CNC(=O)NC2)cc1O[C@H]1C[C@@H]2CC[C@H]1C2,0.0014933761
CC(=O)N1CCC[C@H]1C(=O)N[C@@H](Cc1cnc[nH]1)C(=O)N[C@@H](CO)C(=O)N[C@@H](CS)C(=O)N[C@@H](CC(N)=O)C(N)=O,0.0006538642
CNCC[C@@H](Oc1ccccc1C)c1ccccc1,0.030012844
CC(C)c1c(C(=O)Nc2ccccc2)c(-c2ccccc2)c(-c2ccc(F)cc2)n1CC[C@@H](O)C[C@@H](O)CC(=O)O,0.18570818
CCOc1ccc(C[C@H]2NC(=O)CCSSC[C@@H](C(=O)N3CCC[C@H]3C(=O)N[C@@H](CCCN)C(=O)NCC(N)=O)NC(=O)[C@H](CC(N)=O)NC(=O)[C@H]([C@@H](C)O)NC(=O)[C@H]([C@@H](C)CC)NC2=O)cc1,0.12825866
O=C1C(=O)[C@H]([C@H]2CC[C@H](c3ccc(Cl)cc3)CC2)C(=O)c2ccccc21,0.009638257
CC(C)(C)c1o[nH]c(=O)c1C[C@@H](N)C(=O)O,0.033797804
C=C1CCC[C@]2(C)C=C3OC(=O)C(C)=C3C[C@@H]12,1.2217643e-05
COc1ccc(C[C@H]2c3cc(OC)c(OC)cc3CC[N@+]2(C)CCC(=O)OCCCCCOC(=O)CC[N@+]2(C)CCc3cc(OC)c(OC)cc3[C@@H]2Cc2ccc(OC)c(OC)c2)cc1OC,0.08441173
CCCCN(CCCC)C(=O)CN1C[C@H](c2ccc3c(c2)OCO3)[C@@H](C(=O)O)[C@@H]1c1ccc(OC)cc1,0.0021148187
C[N@+]1([O-])[C@@H]2CC[C@H]1C[C@@H](OC(=O)[C@H](CO)c1ccccc1)C2,1.0552069e-05
COc1cc(F)ccc1-c1ncnc(Nc2cccc(C[S@](C)(=N)=O)c2)n1,0.0010370787
NC[C@@](O)(c1ccc(Cl)cc1)c1ccc(-c2cn[nH]c2)cc1,0.34429583
CC(C)c1cc(C(=O)N2Cc3ccc(CN4CCN(C)CC4)cc3C2)c(O)cc1O,0.16565877
Clc1ccc(C2(c3ccc(-c4cn[nH]c4)cc3)CCNCC2)cc1,0.057577714
CC[P](CC)(CC)=[Au][S][C@@H]1O[C@H](COC(C)=O)[C@@H](OC(C)=O)[C@H](OC(C)=O)[C@H]1OC(C)=O,0.07133426
CCN1CCN(C(=O)Cc2ccc(Nc3ncc(F)c(Nc4ccc(C(=O)Nc5ccccc5Cl)cc4)n3)cc2)CC1,0.11547504
OC[C@H]1O[C@H]([S][Au])[C@H](O)[C@@H](O)[C@@H]1O,4.0131225e-05
CC[C@H]1NC(=O)N(c2ccc(Oc3ccc(C)c(OC)c3)nc2)C1=O,0.19663478
C[C@H](c1ccc2ccc(O[C@H]3CC[C@@H](C(F)(F)F)CC3)c(C(F)(F)F)c2c1)N1[C@@H]2CC[C@H]1C[C@@H](C(=O)O)C2,0.97614086
C=CC(=O)Nc1cc2c(Nc3ccc(F)c(Cl)c3)ncnc2cc1C#CC(C)(C)N1CCN(C)CC1,0.03692274
O=C(N[C@H]1CCN(C(=O)c2cc(C(F)(F)F)cc(C(F)(F)F)c2)[C@H](Cc2ccc(Cl)cc2)C1)c1ccnc2ccccc12,0.8812608
Cc1ccc(NC(=O)[C@H]2CCCN(C(=O)c3c(C)cccc3F)[C@H]2c2ccc(NC3CCCC3)cc2)cc1C(F)(F)F,0.9253057
Cc1nc2cccc(N)c2c(=O)n1[C@H]1CCC(=O)NC1=O,0.024308247
NC(=O)[C@@H](CCC(F)(F)F)N(Cc1ccc(-c2ncon2)cc1F)S(=O)(=O)c1ccc(Cl)cc1,0.0011905738
COc1ccc(CNc2nc(N3CCC[C@H]3CO)ncc2C(=O)NCc2ncccn2)cc1Cl,0.7757651
Cn1cc(-c2cc3c(N4CCN(c5ncc([C@@](C)(N)c6ccc(F)cc6)cn5)CC4)ncnn3c2)cn1,0.01261233
CC(C)c1cc(C(C)C)c(CC(=O)NS(=O)(=O)Oc2c(C(C)C)cccc2C(C)C)c(C(C)C)c1,0.13847516
O=C(Nc1nc(-c2cc(Cl)cs2)c(N2CCN(C3CCCCC3)CC2)s1)c1cnc(N2CCC(C(=O)O)CC2)c(Cl)c1,0.11864758
CCNC(=O)NS(=O)(=O)c1sc(CC(C)C)cc1-c1ccc(Cn2c(-c3ccccc3)nc(OC)c2C=O)cc1,0.06316861
O=C(NC1Cc2ccccc2C1)c1ccc2c(c1)OC(F)(F)O2,9.292892e-05
CN(C)C[C@H]1CCOC1(c1ccccc1)c1ccccc1,7.913088e-06
NC(=O)[C@@H]1CC[C@@H]2CN1C(=O)N2OS(=O)(=O)O,0.00037113097
C=CC(=O)Nc1cccc(Oc2nc(Nc3ccc(N4CCN(C)CC4)c(F)c3)nc3[nH]ccc23)c1,0.1564224
C=CC(=O)Nc1cccc(Nc2nc(Nc3ccc(OCCOC)cc3)ncc2F)c1,0.13272259
CNc1nn2c(C)c(N(C)C)c(C)nc2c1S(=O)(=O)c1ccccc1,0.026129037
CC[C@H](CC#N)OC(=O)N[C@@H](C)c1cccc(NC(=O)Nc2ccc(-c3cnco3)c(OC)c2)c1,0.03662665
COc1ccc(C(=O)C=C(O)c2ccc(C(C)(C)C)cc2)cc1,0.0067968587
C=Cc1cc(C(=O)Nc2ccc(C(=N)N)cc2)c(-c2ccc(C(=O)NCC3CC3)nc2C(=O)O)cc1OC,0.4581095
CCCCCCCCCCCCCCCCCCN(CCCCCCCCCCCCCCCCCC)CCCN(CCO)CCO,0.030351961
COc1ccc2c(c1)C(c1ccc(F)cc1)=C(CN1CCCC1)CO2,0.0022482332
CNC(=O)c1ccccc1Sc1ccc2c(/C=C/c3ccccn3)[nH]nc2c1,0.16628659
Clc1ccccc1CNC[C@H]1CC[C@H](CNCc2ccccc2Cl)CC1,0.64550316
C=CCNC(=O)c1cc([N+](=O)[O-])cc2c(=O)nc(Nc3ccc(Cl)c(Cl)c3)[nH]c12,0.9259943
O=C(CC12CC3CC(CC(C3)C1)C2)Nc1cccc2nc(NCCNCCO)ccc12,0.000591387
Cc1ccc(-c2ncc[nH]2)cc1NC(=O)c1ccc(OCc2ccccn2)cc1,0.0020523865
Cc1ccc(NC(=O)c2cccc(C(C)(C)C#N)c2)cc1Nc1ccc2ncn(C)c(=O)c2c1,0.06404443
COc1ncnc(Cn2cc(C(=O)NCCO)c3ncc(C)cc32)c1C,0.033535063
Nc1ncn([C@@H]2O[C@H](CO)[C@@H](O)[C@H]2O)c(=O)n1,0.0002705266
OC(c1ccccc1)(c1ccccc1)C1CCNCC1,0.0002563347
Nc1nc2nn[nH]c2c(=O)[nH]1,0.012201786
CC[C@@H]1[C@@H](C)O[C@@](O)([C@@H](C)[C@H](O)[C@H](C)[C@H]2OC(=O)/C=C/C=C/[C@H](C)[C@@H]([C@@H](C)[C@@H](O)[C@H](C)[C@@]3(O)C[C@@H](O[C@H]4C[C@H](O)[C@H](O)[C@H](C)O4)[C@H](CC)[C@@H](C)O3)OC(=O)/C=C/C=C/[C@@H]2C)C[C@H]1O[C@H]1C[C@H](O)[C@H](O)[C@H](C)O1,0.96350205
O=C(CCCN1CCN(c2ccccn2)CC1)c1ccc(F)cc1,0.08313694
CCC[C@H]1C(=O)N2C(N(C)C)=Nc3ccc(C)cc3N2C1=O,0.10737812
N#[N+]CC(=O)OC[C@H](N)C(=O)O,0.006138892
CN1C(=O)COc2c(C(=O)N[C@H]3CN4CCC3CC4)cc(Cl)cc21,0.33236372
CN1CCC(=C2c3ccccc3CCc3cccnc32)CC1,0.00020815026
Cn1cnc([N+](=O)[O-])c1Sc1ncnc2nc[nH]c12,3.9903698e-05
CN(C)CCCOc1ccc(-c2ccc3ncc4c(c3c2)n(C2CCOCC2)c(=O)n4C)cn1,0.6359701
N#Cc1ccc2c(c1)C(c1ccc(CN3CCOCC3)cn1)C(=O)N2,0.016138406
N[C@@H]1CCCN(c2c(/C=C3\SC(=O)NC3=O)cccc2-c2ccccc2)C1,0.015698845
CCOC(=O)c1cc(C#N)c(N2CCC(C(=O)NS(=O)(=O)Cc3ccccc3)CC2)nc1C,0.38709518
CC(C)n1c(=O)n(C)c2cnc3cc(F)c(-c4ccc(OCCCN5CCCCC5)nc4)cc3c21,0.012726955
O=C(c1ccc(Cl)o1)N1C[C@H]2CNC[C@@H]2C1,0.5356677
Cc1cc(Nc2nc(N[C@@H](C)c3ncc(F)cn3)ncc2Cl)[nH]n1,0.016957913
CC(=O)Nc1cccc2c1c(Sc1ccc(Cl)cc1)c(C)n2CC(=O)O,0.08124685
CNC(=O)c1cccc(-c2ccc3c(N4CCOC[C@@H]4C)nc(N4CCOC[C@@H]4C)nc3n2)c1,0.010628215
COC1CCN(C(=O)c2cc(Cc3n[nH]c(=O)c4ccccc34)ccc2F)CC1,0.13306858
CN1CCN(S(=O)(=O)c2ccc(-c3cnc(N)c(C(=O)Nc4cccnc4)n3)cc2)CC1,0.07786123
Cc1noc(C)c1-c1ccc(-c2cc(C(N)=O)c(NC(N)=O)s2)c(O[C@H]2CCNC2)c1,0.40797278
COc1cc(N2CCC(N)CC2)ccc1Nc1ncc(Cl)c(-c2c[nH]c3ccccc23)n1,0.2636923
CC(=O)N1CCN(CCOc2ccc(C3CCN(C4=Nn5c(nnc5C(F)(F)F)CC4)CC3)cc2)CC1,1.8900799e-05
COc1cc2ncnc(Nc3cccc(Cl)c3F)c2cc1OC(=O)N1CCN(C)C[C@H]1C,0.80115134
NC1=N[C@@](c2cccc(-c3cncnc3)c2)(c2ccnc(C(F)F)c2)c2cccc(F)c21,0.007983824
Cc1[nH]nc(C(F)(F)F)c1Cc1sc2c(c1C(=O)N1C[C@](C)(O)CO1)c(=O)n(C)c(=O)n2C(C)C,0.7190878
O=C(O)C[C@H]1CC[C@H](c2ccc(NC(=O)c3nnc(Nc4ccc(F)c(F)c4)o3)cc2)CC1,0.06342968
NCC(=O)O,0.002123737
COc1cc(CCc2cc(NC(=O)c3ccc(N4C[C@@H](C)N[C@@H](C)C4)cc3)[nH]n2)cc(OC)c1,0.003775957
CC(=O)N[C@@H]1CCC[C@H](C(=O)Nc2cc(-c3cnn4c3CC(C)(C)C4)c(Cl)cn2)C1,0.41025546
Cc1cc(-c2nnc(N)nc2-c2ccc(F)cc2)cc(Cl)n1,0.0016481644
C[C@@H](Oc1cc(NS(=O)(=O)N2CCC2)nc(SCc2cccc(F)c2F)n1)[C@@H](O)CO,0.48706493
COc1nnc2ccc(N3CCC(c4ccc(OCCN5CCN(C)C(=O)[C@H]5C)cc4)CC3)nn12,0.01782771
NC1(C(=O)N[C@@H](CCO)c2ccc(Cl)cc2)CCN(c2ncnc3[nH]ccc23)CC1,0.28380784
Cc1ncc(-c2ccnc(Nc3ccc(S(C)(=O)=O)cc3)n2)n1C(C)C,0.027357822
CN[C@@H](C)C(=O)N[C@H](C(=O)N1CCC[C@H]1C(=O)N[C@H]1c2ccccc2C[C@H]1OCC#CC#CCO[C@@H]1Cc2ccccc2[C@@H]1NC(=O)[C@@H]1CCCN1C(=O)[C@@H](NC(=O)[C@H](C)NC)C1CCCCC1)C1CCCCC1,0.45616958
Cc1c2c(nn1C)CSCc1cc(n(C)n1)CSc1cc(c3ccccc3c1)OCCCc1c(C(=O)O)n(C)c3c-2c(Cl)ccc13,0.56846595
Cc1cc([C@@H](C)Nc2ccccc2C(=O)O)c2nc(N3CCOCC3)cc(=O)n2c1,0.10101237
C[C@@H]1COCCN1c1cc(C2([S@@](C)(=N)=O)CC2)nc(-c2ccnc3[nH]ccc23)n1,0.5794792
N[C@@H](Cc1ccccn1)c1ccccc1,0.0044876365
CN(C)C(=O)c1ccc(S(=O)(=O)c2ccc(NC(=O)[C@@](C)(O)C(F)(F)F)c(Cl)c2)cc1,3.448591e-05
C[C@H](NC(=O)C(C)(F)F)[C@H](Oc1ccc2c(cnn2-c2cccc(C(=O)N[C@@H]3CCOC3)c2)c1)c1ccc2c(c1)OCCO2,0.7512623
Cc1nc(C)c(-c2ccc([C@H]3CC[C@H](CC(=O)O)CC3)cc2)nc1C(N)=O,0.025364362
NC(=O)Nc1cc(-c2cccc(F)c2)sc1C(=O)N[C@H]1CCCNC1,0.028584918
Cn1c(=O)oc2ccc(-c3ccc(C[C@@H](C#N)NC(=O)[C@@H]4CNCCCO4)cc3)cc21,0.16264099
COc1ccc(-c2ccc3c(N4CCOC[C@@H]4C)nc(N4CCOC[C@@H]4C)nc3n2)cc1CO,0.00066571526
C[C@@H](Nc1cc(F)cc(F)c1)c1cc(C(=O)N(C)C)cc2c(=O)cc(N3CCOCC3)oc12,0.017573351
Cc1cc(C(=O)NOCCO)c(Nc2ccc(I)cc2F)n(C)c1=O,0.041523054
CC(C)C[C@H](CO)Nc1nc(S[C@@H](C)c2ccccc2)nc2nc(N)sc12,1.7308912e-06
CCn1nc(C2CCN(C(=O)CCO)CC2)nc1-c1cnc(N)c(-c2nnc(C(C)(C)C)o2)n1,0.00028011188
CNC(=O)CN1CCC(Oc2cc3c(Nc4cccc(Cl)c4F)ncnc3cc2OC)CC1,0.019361984
O=C(NCC12CC3CC(CC(C3)C1)C2)c1cc(CCCNCCCO)ccc1Cl,0.24012595
N#Cc1cc(F)cc(-c2nc(-c3ccc(F)cn3)no2)c1,0.088068314
C[C@@H]1Cc2c([nH]c3ccccc23)[C@@H](c2c(F)cc(/C=C/C(=O)O)cc2F)N1CC(C)(C)F,0.31732047
Cc1c(-c2ccnn2C)cc(C(=O)NCc2ccc(S(C)(=O)=O)cn2)c(=O)n1-c1cccc(C(F)(F)F)c1,0.09595373
O=C(O)CCCCCCCC(=O)O,0.0021149465
CN1CCC[C@H](n2nc(Cc3ccc(Cl)cc3)c3ccccc3c2=O)CC1,0.0021820716
CCCCc1nc(-c2ccc(OCCCN(CC)CC)cc2)cn1-c1ccc(Oc2ccc(Cl)cc2)cc1,0.7764279
CC1=C(C(=O)OC(C)C)[C@@H](c2cccc([N+](=O)[O-])c2)C(C(=O)OC2CN(C(c3ccccc3)c3ccccc3)C2)=C(N)N1,0.002609986
CCOc1nc2cccc(C(=O)O)c2n1Cc1ccc(-c2ccccc2-c2nc(=O)o[nH]2)cc1,0.021133354
CCOc1nc2cccc(C(=O)OCc3oc(=O)oc3C)c2n1Cc1ccc(-c2ccccc2-c2nc(=O)o[nH]2)cc1,0.037941393
CN1CCN(CCCCN2C(=O)CN(/N=C/c3ccc(-c4ccc(Cl)cc4)o3)C2=O)CC1,0.015016644
CC[C@H]1OC(=O)[C@H](C)[C@@H](O[C@H]2C[C@@](C)(OC)[C@@H](O)[C@H](C)O2)[C@H](C)[C@@H](O[C@@H]2O[C@H](C)C[C@H](N(C)C)[C@H]2O)[C@](C)(O)C[C@@H](C)CN(C)[C@H](C)[C@@H](O)[C@]1(C)O,0.7544005
CC1(C)S[C@@H]2[C@H](NC(=O)[C@H](NC(=O)N3CCNC3=O)c3ccccc3)C(=O)N2[C@H]1C(=O)O,0.3122069
COc1ccc(Cl)c(Nc2ncnc3cc(OCC4CCN(C)CC4)c(OC)cc23)c1,0.16309
NC(=O)/N=N/C(N)=O,6.8003546e-06
O=[N+]([O-])c1ncc[nH]1,0.00013418247
NS(=O)(=O)c1cc(-c2nn[nH]n2)c(NCc2cccs2)cc1Cl,0.0248317
C[C@H]1[C@H](NC(=O)/C(=N\OC(C)(C)C(=O)O)c2csc(N)n2)C(=O)N1S(=O)(=O)O,0.00042096348
COc1cc(N2CCN(C)CC2)ccc1Nc1nccc(-c2cn(C)c3cnccc23)n1,0.026746118
C[C@@H]1COCCN1c1cc(C2(S(C)(=O)=O)CC2)nc(-c2cccc3[nH]ccc23)n1,0.3659847
COc1cc(OC2CCN(C)CC2)ccc1Nc1ncc2c(n1)n(C1CCCC1)c(=O)n2C,0.003324252
O=C1COc2c(CCNCCN(C(=O)CCNCCc3ccc(Cl)c(Cl)c3)C3CCCCC3)ccc(O)c2N1,0.03130298
C=CC(=O)Nc1cc(Nc2nccc(-c3c[nH]c4ccccc34)n2)c(OC)cc1N(C)CCN(C)C,0.014855762
C=CC(=O)Nc1cc(Nc2nccc(-c3cn(C)c4ccccc34)n2)c(OC)cc1N(C)CCNC,0.031159567
Cc1cc(Nc2nc(N[C@@H](C)c3ccc(F)cc3)c(C#N)cc2F)[nH]n1,0.5729895
CC1=C(C)C(=O)C(CC[C@](C)(O)CCC[C@H](C)CCC[C@H](C)CCCC(C)C)=C(C)C1=O,0.015498963
CCCCCCCCCC[C@@H](O)[C@H]1C=C[C@@H]2C(=O)N(c3ccccc3)C(=O)[C@@H]2N1Nc1ccc([N+](=O)[O-])cc1,0.0029366016
Cc1ccc(Sc2cncc3sc(C(N)=O)cc23)cc1,0.016801858
CS(=O)(=O)Nc1c(O)ccc2c1CCC[C@H]2C1=NCCN1,0.013337717
Cc1nc(NC(=O)N2CCC[C@H]2C(N)=O)sc1-c1csc(C(C)(C)C)n1,0.29657668
COc1ccc(CC(=O)N[C@@H](N/C(=N/C#N)Nc2cccc3ncccc23)C(C)(C)C)cc1OC,0.013561064
NC[C@@H]1O[C@H](C23CC4CC(CC(C4)C2)C3)Cc2c1ccc(O)c2O,0.015159106
O=C(Nc1ccccc1)Nc1ccc(-c2ccc(C(=O)[C@@H]3CCC[C@@H]3C(=O)O)cc2)cc1,0.4155025
CCOC(=O)O[C@@H](C)OC(=O)[C@@H]1N2C(=O)[C@@H](NC(=O)[C@H](N)c3ccccc3)[C@H]2SC1(C)C,0.3784154
CC[C@H](C)[C@H](N)C1=N[C@H](C(=O)N[C@@H](CC(C)C)C(=O)N[C@H](CCC(=O)O)C(=O)N[C@H](C(=O)N[C@H]2CCCCNC(=O)[C@H](CC(N)=O)NC(=O)[C@@H](CC(=O)O)NC(=O)[C@H](Cc3cnc[nH]3)NC(=O)[C@@H](Cc3ccccc3)NC(=O)[C@H]([C@@H](C)CC)NC(=O)[C@@H](CCCN)NC2=O)[C@@H](C)CC)CS1,0.118547514
CC[C@H](C)[C@H](N)C1=N[C@H](C(=O)N[C@@H](CC(C)C)C(=O)N[C@@H]2CCC(=O)[O][Zn][O]C(=O)C[C@H]3NC(=O)[C@H](Cc4c[nH]cn4)NC(=O)[C@@H](Cc4ccccc4)NC(=O)[C@H]([C@@H](C)CC)NC(=O)[C@@H](CCCN)NC(=O)[C@H](CCCCNC(=O)[C@H](CC(N)=O)NC3=O)NC(=O)[C@H]([C@@H](C)CC)NC2=O)CS1,0.2271944
NC[C@@H](CC(=O)O)c1ccc(Cl)cc1,0.0732523
CC(C)(c1ccc(OC[C@H]2CO2)cc1)c1ccc(OC[C@H]2CO2)cc1,0.00087688275
Cc1ccc(NC(=O)c2ccc(CN3CC[C@H](N(C)C)C3)c(C(F)(F)F)c2)cc1Nc1nccc(-c2cncnc2)n1,0.32645324
CO/C1=C\C(C)=C/[C@@H](C)[C@@H](O)[C@@H](C)C/C(C)=C/C=C/[C@H](OC)[C@@H]([C@@H](C)[C@@H](O)[C@H](C)[C@@]2(O)C[C@@H](O)[C@H](C)[C@@H](C(C)C)O2)OC1=O,0.074077375
Cc1nc2cnc3ccc(C#Cc4cccnc4)cc3c2n1-c1ccc(C(C)(C)C#N)cc1,0.020201424
O=c1c(O)c(O)cc2oc(-c3ccccc3)cc(O)c1-2,0.0017198152
O=C(O)[C@H]1O[C@@H](Oc2cc3oc(-c4ccccc4)cc(O)c-3c(=O)c2O)[C@H](O)[C@@H](O)[C@@H]1O,0.012793681
C=C[C@@](C)(/C=C/c1ccc(O)cc1)CCC=C(C)C,0.691826
Cn1c(COc2ccc(C[C@H]3SC(=O)NC3=O)cc2)nc2ccccc2c1=O,0.13527058
CC(C)C(=O)OC[C@@]1(N=[N+]=[N-])O[C@@H](n2ccc(N)nc2=O)[C@H](OC(=O)C(C)C)[C@@H]1OC(=O)C(C)C,0.9592687
CCCN1CCN(c2ccc(C(=O)NC3(C(=O)NCC#N)CCCCC3)cc2)CC1,0.004846173
CN[C@H]1CCCN(c2c(F)cc3c(=O)c(C(=O)O)cn(C4CC4)c3c2OC)C1,0.98888063
O=C1c2c(O)c(=O)ccn2N([C@@H]2c3ccccc3SCc3c2ccc(F)c3F)[C@@H]2COCCN12,0.0850228
COC(=O)OCOc1c2n(ccc1=O)N([C@@H]1c3ccccc3SCc3c1ccc(F)c3F)[C@@H]1COCCN1C2=O,0.7632366
O=C(O)CCNC(=O)c1ccc(/N=N/c2ccc(O)c(C(=O)O)c2)cc1,0.08923345
CCCn1c(=O)c(CCCOC(=O)NC)nc2ccccc21,0.00018059964
CN(C)C(=O)Oc1cc(OC(=O)N(C)C)cc(C(O)CNC(C)(C)C)c1,0.00031488133
CCOc1ccccc1N/N=C1/C(=O)N(c2nc(-c3ccccc3)cs2)N=C1C,7.482304e-05
O=C(NCCCN1CCC2(CC1)OCc1ccccc12)[C@H]1CCCN1Cc1ccccc1,0.003268237
C[N+](C)([O-])CCNc1ccc(NCC[N+](C)(C)[O-])c2c1C(=O)c1c(O)ccc(O)c1C2=O,0.0014920485
CCN(CCCOc1ccc2c(Nc3cc(CC(=O)Nc4cccc(F)c4)n[nH]3)ncnc2c1)CCOP(=O)(O)O,0.029283008
CCN(CCO)CCCOc1ccc2c(Nc3cc(CC(=O)Nc4cccc(F)c4)n[nH]3)ncnc2c1,0.0056022
CC1(C)CC[C@]2(C(=O)O)CC[C@]3(C)[C@H](C(=O)C=C4[C@@]5(C)C=C(C#N)C(=O)C(C)(C)[C@@H]5CC[C@]43C)[C@@H]2C1,4.432074e-05
COC(=O)[C@]12CCC(C)(C)C[C@H]1[C@H]1C(=O)C=C3[C@@]4(C)C=C(C#N)C(=O)C(C)(C)[C@@H]4CC[C@@]3(C)[C@]1(C)CC2,0.00060958293
CCS(=O)(=O)N1CC(CC#N)(n2cc(-c3ncnc4[nH]ccc34)cn2)C1,0.40108997
O=C[C@H](O)[C@@H](O)[C@H](O)[C@H](O)COP(=O)(O)O,0.023697685
COC(=O)C1=C(C)NC(C)=C(C(=O)O[C@H]2CCN(Cc3ccccc3)C2)[C@H]1c1cccc([N+](=O)[O-])c1,2.928455e-05
CC1=CC(=C(c2ccc(N)cc2)c2ccc(N)cc2)C=CC1=N,0.008715041
Cc1nc(C#Cc2ccnc(Cl)c2)c(C)n1-c1ccc(F)cc1,0.00792514
Cc1onc(-c2ccc(F)cc2)c1COc1ccc(C(=O)N2CCS(=O)(=O)CC2)cn1,0.46346468
COc1cc(NC(=O)CCN2CCC(OC(=O)Nc3ccccc3-c3ccccc3)CC2)c(Cl)cc1CNC[C@H](O)c1ccc(O)c2nc(O)ccc12,0.78148437
CNC(=O)[C@H](Cc1ccccc1)NC(=O)[C@H](CC(C)C)[C@H](CSc1cccs1)C(=O)NO,0.015681377
O=C(c1ccc(CN2CCOCC2)cc1)N1CCN(C2CC2)CC1,0.012942141
O[C@@H](CN1CCNCC1)Cn1c2ccc(Br)cc2c2cc(Br)ccc21,0.27493525
COC(=O)C1=C(C)NC(C)=C([N+](=O)[O-])[C@@H]1c1ccccc1C(F)(F)F,5.5719056e-06
COC(=O)C1=C(C)NC(C)=C([N+](=O)[O-])[C@H]1c1ccccc1C(F)(F)F,4.2778098e-05
COC(=O)C1=C(C)N(C)C(C)=C(C(=O)OC)C1c1ccc(C(F)(F)F)cc1,2.3050898e-06
Cc1ccc(S(=O)(=O)/C=C/C#N)cc1,0.00017505953
CC(C)(C)c1ccc(S(=O)(=O)/C=C/C#N)cc1,0.00020858156
COc1cc(F)ccc1-c1cc(Nc2cc(C[S@](C)(=N)=O)ccn2)ncc1F,0.08896778
C[C@H]1C[C@@H](n2c(Nc3ccc(OC(F)(F)F)cc3)nc3cc(CCC(=O)O)ccc32)CC(C)(C)C1,0.95964
C[C@@H]1COCCN1c1cc(-c2ccnn2C)c2ccnc(-c3ccn[nH]3)c2n1,0.7242012
CCn1c(CO)nn(-c2cc(O[C@@H](C)C(F)(F)F)c(C(=O)Nc3c(F)cccc3Cl)cc2F)c1=O,0.00115229
Nc1nc(-c2nn(Cc3ccccc3F)c3ncccc23)ncc1C1CC1,0.49410662
N#Cc1c(N)nc(SCC(N)=O)c(C#N)c1-c1ccc(OCC2CC2)cc1,0.93988425
COc1ccc(Cc2nc(=O)c3c(C)nc([C@@H](CCCc4ccccc4)[C@@H](C)O)n3[nH]2)cc1OC,0.0007426494
COc1ccc(-c2cc3nccn3c(Nc3ncccc3C(N)=O)n2)cc1OC,0.7894578
O=C(Nc1ccccc1C(=O)O)c1cc(S(=O)(=O)c2ccccc2)ccc1Cl,0.007819758
N[C@@H](C[C@@H](F)C(=O)O)C(=O)O,0.03236242
Cc1cc(-c2nc(-c3ccc(OC(F)(F)F)cc3)no2)nn1Cc1ccnc(N2CCN(C3CC3)CC2)c1,0.020230835
NC(=O)c1ccc2nc(-c3ccc(C4(N)CCC4)cc3)c(-c3ccccc3)n2n1,0.062264446
COc1ccc(Oc2cc(NCCC(F)(F)F)c3ncc(-c4ccc(C(=O)NC5CC5)c(C)c4)n3n2)c(F)c1F,0.9987519
Cc1c(-c2ccc(O)cc2)n(Cc2ccc(OCCN3CCCCCC3)cc2)c2ccc(O)cc12,0.028512003
Cn1cc(CCn2cnc(-c3cnn(C)c3)c2-c2ccc(C#N)cc2)cn1,0.000675602
N=C(N)SCc1ccc(B(O)O)cc1,1.575921e-07
Cc1oc2nc3c(c(NC(=O)CN4CCCC4=O)c2c1C)CCCC3,0.044925332
CC(C)(C)c1ccc(NC(=O)N2CCN(c3ncccc3Cl)CC2)cc1,0.00018549085
N=C(N)c1cc2ccc(OC(=O)c3cccs3)cc2s1,0.001262372
CN(CCc1ccc(Cl)c(Cl)c1)CCN1CCCC1,0.032387476
CN(C)CCN(C)CCc1ccc(Cl)c(Cl)c1,0.028094608
CN1CCN(CCc2ccc(Cl)c(Cl)c2)CC1,0.050207693
O=C1c2ccccc2CC[C@@H]1CNCCc1ccc(O)cc1,0.011065041
CNc1ccc(-c2nc(N3CCOCC3)c3sc(CN(C)c4ncc(C(=O)NO)cn4)cc3n2)cn1,0.8688748
O=C(CCCl)NCc1ccccc1,0.00026445056
C[C@H]1C[C@H]2[C@H]3CCC4=CC(=O)C=C[C@@]4(C)[C@@]3(Cl)[C@@H](O)C[C@@]2(C)[C@@]1(O)C(=O)CO,0.5275623
CCC(=O)OCC(=O)[C@@]1(OC(=O)CC)[C@@H](C)C[C@H]2[C@@H]3CCC4=CC(=O)C=C[C@]4(C)[C@@]3(Cl)[C@@H](O)C[C@@]21C,0.02168803
COc1nc2ccc(Br)cc2cc1[C@@H](c1ccccc1)[C@@](O)(CCN(C)C)c1cccc2ccccc12,0.81640536
O=C(c1cc2ccccc2o1)N1CCN(Cc2ccccc2)CC1,5.710271e-06
O=S(=O)(N[C@H](CO)C(C(F)(F)F)C(F)(F)F)c1ccc(Cl)s1,0.9978104
NC[C@H]1O[C@H](O[C@H]2[C@H](O)[C@@H](O[C@H]3O[C@H](CO)[C@@H](O)[C@H](N)[C@H]3O)[C@H](N)C[C@@H]2N)[C@H](N)[C@@H](O)[C@@H]1O,0.23320687
O=C(/C=C/c1cccc(S(=O)(=O)Nc2ccccc2)c1)NO,0.00023903712
CC(C)NC(=O)[C@H]1CC[C@@H](n2c(NC(=O)c3ccc(F)cc3)nc3ccc(CN4CCC(C(C)(C)O)CC4)cc32)CC1,0.46145552
CC[C@@]1(O)C(=O)OCc2c1cc1n(c2=O)Cc2c-1nc1ccccc1c2CCNC(C)C,0.0017151143
CCC1(C)CC(=O)NC(=O)C1,2.4027133e-06
CCCC[C@@H](CC)COc1ccc(-c2nc(-c3ccc(OC)cc3)nc(-c3ccc(OC[C@@H](CC)CCCC)cc3O)n2)c(O)c1,5.829218e-06
CC(C)(CCCCCC(O)CCCCCC(C)(C)C(=O)O)C(=O)O,0.21082379
CCN(CC)CCOC(=O)C(O)(c1ccccc1)c1ccccc1,0.00014182903
O=C(O)c1ccc(N[C@@H]2O[C@H](CO)[C@@H](O)[C@H](O)[C@H]2O)cc1,0.03319422
CCOC(=O)[C@H](CCc1ccccc1)N[C@H]1CCc2ccccc2N(CC(=O)O)C1=O,6.715612e-05
Cn1c(CCCC(=O)O)nc2cc(N(CCCl)CCCl)ccc21,0.00016946794
O=C(O)COc1nn(Cc2ccccc2)c2ccccc12,0.0013929716
c1ccc(Cc2nc3ccccc3[nH]2)cc1,5.1654577e-05
NS(=O)(=O)c1cc2c(cc1C(F)(F)F)N[C@@H](Cc1ccccc1)NS2(=O)=O,0.05298017
c1ccc(CCNCc2ccccc2)cc1,0.000103371756
C[C@@H](Cc1cccc(C(F)(F)F)c1)NCCOC(=O)c1ccccc1,0.0057444316
CCCCN(CC)c1c([N+](=O)[O-])cc(C(F)(F)F)cc1[N+](=O)[O-],0.17095456
C/C(=C(\CCOP(=O)(O)O)SC(=O)c1ccccc1)N(C=O)Cc1cnc(C)nc1N,0.045147173
COC(=O)C1=C(C)NC(C)=C(C(=O)O[C@@H]2CCCN(Cc3ccccc3)C2)[C@@H]1c1cccc([N+](=O)[O-])c1,9.3715116e-08
O=C(CCCN1CCC(n2c(=O)[nH]c3ccccc32)CC1)c1ccc(F)cc1,0.01285727
C[C@@H](COc1ccccc1Cc1ccccc1)N1CCCCC1,0.00017556184
NC(CO)C(=O)NNCc1ccc(O)c(O)c1O,1.2949914e-09
O=C(O)c1ccc(NC(=O)[C@H](Cc2ccc(O)cc2)NC(=O)c2ccccc2)cc1,0.009776026
O=C(CNC(=O)c1ccc(Cl)cc1)NO,0.00026095586
CCCCCCCCCCCCC[N+](C)(C)Cc1ccccc1,0.8257906
NC(=NC(=O)c1nc(Cl)c(N)nc1N)NCc1ccccc1,0.10432475
CCc1oc2ccccc2c1C(=O)c1cc(Br)c(O)c(Br)c1,0.031569462
Cc1ccc(C)c([C@H](O)CNC(C)C)c1,0.00015816194
CC(C)(C)CC(C)(C)c1ccc(OCCOCC[N+](C)(C)Cc2ccccc2)cc1,0.014254691
O=C(Cn1ccnc1[N+](=O)[O-])NCc1ccccc1,0.00031150345
S=c1[nH]c2ccccc2s1,6.118381e-05
CCOC(=O)c1ccc(N)cc1,0.0013907108
O=C(O[C@H]1CN2CCC1CC2)c1ccccc1,5.2044743e-05
O=C(O)Cc1ccc(OCc2ccccc2)c(Cl)c1,0.002775535
O=C(O)c1ccccc1,0.0014452656
O=C(c1ccccc1)[C@H](O)c1ccccc1,0.000116778276
CCCCNc1ccc(C(=O)OCCOCCOCCOCCOCCOCCOCCOCCOCCOC)cc1,0.00019923765
CC[N+](CC)(CCCNC1=CC(=O)C(NCCC[N+](CC)(CC)Cc2ccccc2)=CC1=O)Cc1ccccc1,0.00056780636
O=C(N[C@@H](Cc1c[nH]c2ccccc12)C(=O)O)c1ccc(Cl)cc1,0.36345604
O=C(Oc1cccc2cccnc12)c1ccccc1,0.017647257
O=C(OOC(=O)c1ccccc1)c1ccccc1,1.4224465e-05
O=C(Nc1ccc(C(=O)O)c(O)c1)c1ccccc1,0.008144068
NS(=O)(=O)c1cc2c(cc1Cl)NC(=CSCc1ccccc1)NS2(=O)=O,0.009373173
CN1[C@@H]2CC[C@H]1C[C@@H](OC(c1ccccc1)c1ccccc1)C2,1.5580973e-06
CN(C)CCCOc1nn(Cc2ccccc2)c2ccccc12,0.0018279455
OCc1ccccc1,0.00012933413
O=C(OCc1ccccc1)c1ccccc1,0.00021924544
S=C=NCc1ccccc1,0.0014363
CCCCCCCCCCCCCCCC[N+](C)(C)Cc1ccccc1,0.85055506
CCCCCCCC[N+](C)(C)Cc1ccccc1,0.018520579
CC1(C)S[C@@H]2[C@H](NC(=O)Cc3ccccc3)C(=O)N2[C@H]1C(=O)O,0.6010817
C[N+](C)(CCOc1ccccc1)Cc1ccccc1,0.00012325276
O=C(O)CCCN1CCC(O[C@@H](c2ccc(Cl)cc2)c2ccccn2)CC1,0.13985719
CC(C)COCC(CN(Cc1ccccc1)c1ccccc1)N1CCCC1,4.0451423e-06
COc1ccc2cc3[n+](cc2c1OC)CCc1cc2c(cc1-3)OCO2,0.058487628
COc1c2ccoc2cc2oc(=O)ccc12,0.00067389087
COc1c(O)cc2c(c1O)[C@@H]1O[C@H](CO)[C@@H](O)[C@H](O)[C@H]1OC2=O,0.0745056
N[C@@H]1CCCCN(c2c(F)cc3c(=O)c(C(=O)O)cn(C4CC4)c3c2Cl)C1,0.9808169
Cc1nnc(C[C@@H]2C=C(c3ccc(Cl)cc3)c3ccccc3-n3c(C)nnc32)o1,0.0010146303
Oc1cccc(Nc2ccc(Nc3cccc(O)c3)nn2)c1,0.0017895247
CC1=C(/C=C/C(C)=C/C=C/C(C)=C/C=C/C=C(C)/C=C/C=C(C)/C=C/C2=C(C)CCCC2(C)C)C(C)(C)CCC1,8.116438e-06
CCCCOC(=O)c1cc2c(cn1)[nH]c1ccccc12,0.0040363558
C=C[C@]1(C)CC[C@@H](C(=C)C)C[C@H]1C(=C)C,0.0056469054
COC(=O)/C=C/C(=O)N[C@@H]1CC[C@@]2(O)[C@H]3Cc4ccc(O)c5c4[C@@]2(CCN3CC2CC2)[C@H]1O5,0.47780797
O=P(O)(O)OC(CO)CO,1.7676928e-05
CC(C)(O)CC(=O)O,2.0545153e-06
CC(O)CC(=O)O,0.0014004089
CC1(C)CCC2=C(O1)c1ccccc1C(=O)C2=O,6.645428e-05
Oc1ccc2ccccc2c1,0.0019427061
CNCCc1ccccn1,0.0021200075
C[N+](C)(C)CC(=O)O,5.290356e-08
C[C@H]1C[C@H]2[C@@H]3CCC4=CC(=O)C=C[C@]4(C)[C@@]3(F)[C@@H](O)C[C@]2(C)[C@@]1(O)C(=O)CO,0.0063545494
CC(=O)OCC(=O)[C@@]1(O)[C@@H](C)C[C@H]2[C@@H]3CCC4=CC(=O)C=C[C@]4(C)[C@@]3(F)[C@@H](O)C[C@@]21C,0.12355334
CCCC(=O)O[C@]1(C(=O)COC(=O)CC)[C@@H](C)C[C@H]2[C@@H]3CCC4=CC(=O)C=C[C@]4(C)[C@@]3(F)[C@@H](O)C[C@@]21C,0.0003471442
CCC(=O)OCC(=O)[C@@]1(OC(=O)CC)[C@@H](C)C[C@H]2[C@@H]3CCC4=CC(=O)C=C[C@]4(C)[C@@]3(F)[C@@H](O)C[C@@]21C,0.0016359673
C[C@H]1C[C@H]2[C@@H]3CCC4=CC(=O)C=C[C@]4(C)[C@@]3(F)[C@@H](O)C[C@]2(C)[C@@]1(O)C(=O)COP(=O)(O)O,0.18891907
CCCCC(=O)O[C@]1(C(=O)CO)[C@@H](C)C[C@H]2[C@@H]3CCC4=CC(=O)C=C[C@]4(C)[C@@]3(F)[C@@H](O)C[C@@]21C,3.7256315e-05
O=C(O)CCNC(=O)c1ccccc1,0.0003879287
CC(C)NC[C@@H](O)COc1ccc(CCOCC2CC2)cc1,0.0106525
NCCc1ccn[nH]1,0.00012964888
C[C@@H](C[N+](C)(C)C)OC(N)=O,3.2975586e-06
CC[S@](=O)c1nc(-c2cccc(OCc3ccccc3)c2)cc(C(F)(F)F)n1,4.8398597e-05
COc1ccc(NC(=O)c2ccc(C(=N)N(C)C)cc2)c(C(=O)Nc2ccc(Cl)cn2)c1,0.9660868
C=C(C)[C@@H]1CC[C@]2(C(=O)O)CC[C@]3(C)[C@H](CC[C@@H]4[C@@]5(C)CC[C@H](O)C(C)(C)[C@@H]5CC[C@]43C)[C@@H]12,0.0006384727
COc1ccc(CCNC[C@@H](O)COc2cccc(C)c2)cc1OC,0.0046401694
COc1cc(CNCCC2CCOCC2)ccc1Oc1cnc(C(N)=O)cn1,0.52952164
C=C(C)[C@@H]1CC[C@]2(C(=O)O)CC[C@]3(C)[C@H](CC[C@@H]4[C@@]5(C)CC[C@H](OC(=O)CC(C)(C)C(=O)O)C(C)(C)[C@@H]5CC[C@]43C)[C@@H]12,0.7746134
OC[C@H]1O[C@@H](c2ccc(Cl)c(Cc3ccc(OCCOC4CC4)cc3)c2)[C@H](O)[C@@H](O)[C@@H]1O,0.004225163
C=C(c1ccc(C(=O)O)cc1)c1cc2c(cc1C)C(C)(C)CCC2(C)C,0.9633212
CC(C)(Oc1ccc(CCNC(=O)c2ccc(Cl)cc2)cc1)C(=O)O,0.08545968
O=C(Nc1cccc(C(F)(F)F)c1)c1cccc2cc(Oc3cc(CO)ncn3)ccc12,0.00030055558
N=C(NOC[C@@H](O)CN1CCCCC1)c1cccnc1,0.0020947624
COc1ccc(-c2ccc3ncc4c(c3c2)n(-c2ccc(N3CCNCC3)c(C(F)(F)F)c2)c(=O)n4C)cn1,0.112494916
CC(C)(C)c1cc(O)c(C(C)(C)C)cc1O,0.06713011
CC(C)CCN1c2nc(Nc3cc(F)c(O)c(F)c3)ncc2N(C)C(=O)[C@@H]1C,0.38294005
Cc1nc2ccccc2c(-c2ccc3c4c(ccnc24)CCO3)c1[C@H](OC(C)(C)C)C(=O)O,0.39848575
CC[C@@H]1C(=O)N(C)c2cnc(Nc3ccc(C(=O)NC4CCN(C)CC4)cc3OC)nc2N1C1CCCC1,0.32231736
Oc1nc(Cc2ccccn2)nc2c1cnn2C1CCOCC1,0.017046683
O=c1[nH]nc(Sc2ncc([N+](=O)[O-])s2)n1-c1ccc2c(c1)OCCO2,0.9890855
CCNC(=O)C#Cc1ccc2c(c1)NC(=O)/C2=C(/Nc1ccc(CN(C)C)cc1)c1ccccc1,0.011396351
CN(C(=O)n1cnc(-c2ccc[n+]([O-])c2)c1)C1CCCCC1,0.02139144
C[C@@H](O)[C@H]1C(=O)N2C(C(=O)O)=C(SC3Cn4cnc[n+]4C3)[C@H](C)[C@H]12,0.03193598
NCCCC[C@H](NC(=O)[C@@H](Cc1cc(Br)c(O)c(Br)c1)NC(=O)N1CCC(N2Cc3ccccc3NC2=O)CC1)C(=O)N1CCN(c2ccncc2)CC1,0.2858347
C/C(=C\C(=O)Nc1ccccc1C(=O)O)c1ccc2ccccc2c1,0.01413385
CCN(CC)CC1CCN(c2ncc3ncnc(Nc4ccc(F)c(Cl)c4)c3n2)CC1,0.28424424
CN1CCC(Nc2ncc3ncnc(Nc4ccc(F)c(Cl)c4)c3n2)CC1,0.2914455
CC(O)(CS(=O)(=O)c1ccc(F)cc1)C(=O)Nc1ccc(C#N)c(C(F)(F)F)c1,0.028024374
Cc1ccc([C@@]23CNC[C@@H]2C3)cc1,0.00041310673
O=C(NCc1c(F)cc(F)cc1F)c1cn2c(c(O)c1=O)C(=O)N1[C@H]3CC[C@H](C3)O[C@@H]1C2,0.24449869
CN1CCc2cc3c(cc2[C@H]1[C@@H]1OC(=O)c2c1ccc1c2OCO1)OCO3,4.566987e-05
C[N+]1(C)CCc2cc3c(cc2[C@H]1[C@@H]1OC(=O)c2c1ccc1c2OCO1)OCO3,6.6420136e-05
COC(=O)c1cc(OC)c2c(c1-c1c(CO)cc(OC)c3c1OCO3)OCO2,0.002963388
CNCCCCOc1ccccc1Cc1ccccc1,0.007912568
COC(=O)c1cc(OC)c2c(c1-c1c(C(=O)OC)cc(OC)c3c1OCO3)OCO2,0.014463958
c1ccc(-c2ccc([C@H](c3ccccc3)n3ccnc3)cc2)cc1,0.027217487
COc1c(C)cnc(Cn2cnc3c(Cl)nc(N)nc32)c1C,0.0013473077
CCOCCn1c(C2CCN(CCc3ccc(C(C)(C)C(=O)O)cc3)CC2)nc2ccccc21,0.006152266
CC(C)(C)[C@]1(O)C[C@@H]2OC(=O)C[C@@]23C(=O)O[C@@H]2OC(=O)[C@H](O)[C@]213,3.0523355e-05
CCNC(=O)CCC/C=C\C[C@@H]1[C@@H](/C=C/[C@@H](O)CCc2ccccc2)[C@H](O)C[C@@H]1O,2.577351e-06
CC(C)n1c(=O)n(C(=O)N[C@H]2C[C@H]3CC[C@@H](C2)N3C)c2ccccc21,6.3885145e-06
Cc1c(OCc2cccc(-c3ccc(C(=O)O)cc3)c2)cc2c(c1C)C(=O)[C@@H](C1CCCC1)C2,0.8210443
CC(C)(OCc1nn(Cc2ccccc2)c2ccccc12)C(=O)O,0.0010718069
Cn1cnc2c(F)c(Nc3ccc(Br)cc3F)c(C(=O)NOCCO)cc21,0.00310482
Cc1ccccc1NC(=O)Nc1ccc(CC(=O)N[C@@H](CC(C)C)C(=O)N[C@@H](CC(=O)O)C(=O)N[C@H](C(=O)N2CCC[C@H]2C(=O)O)C(C)C)cc1,0.11100596
Cc1ccccc1NC(=O)Nc1ccc(CC(=O)N(C)[C@@H](CC(C)C)C(=O)NCC[C@H](NC(=O)[C@@H]2CCCN2S(=O)(=O)c2cc(Cl)cc(Cl)c2)C(=O)O)cc1,0.8108563
O=C(O)CCCC[C@@H]1SC[C@@H]2NC(=O)N[C@@H]21,0.009356504
NCc1ccccc1Sc1ccccc1CO,0.00090454123
O[C@](CCN1CCCCC1)(c1ccccc1)[C@@H]1C[C@H]2C=C[C@@H]1C2,0.0036747414
CC[C@H](NC(=O)[C@H](C)NC)C(=O)N1C[C@@H](O)C[C@H]1Cc1c(-c2[nH]c3cc(F)ccc3c2C[C@@H]2C[C@H](O)CN2C(=O)[C@H](CC)NC(=O)[C@H](C)NC)[nH]c2cc(F)ccc12,2.2106967e-06
CN1C(=O)N(c2cc(Cl)cc(Cl)c2)C(=O)[C@@]1(C)Cc1ccc(Br)cc1,0.2722497
Cc1occc(=O)c1[O][V](=[O])[O]c1c(C)occc1=O,0.0005143059
CC(=O)Oc1ccc(C(c2ccc(OC(C)=O)cc2)c2ccccn2)cc1,0.61973435
C(=N/NC1=NCCN1)\c1c2ccccc2c(/C=N/NC2=NCCN2)c2ccccc12,0.00360898
Cn1cc(C2=C(c3cn(CCCSC(=N)N)c4ccccc34)C(=O)NC2=O)c2ccccc21,0.1639685
O=S(=O)(O)C(F)(F)F,0.0068850033
O=C(O)C(=O)O,0.01130511
O=C(O)C[C@](O)(CC(=O)[O][Bi]1[O]C(=O)C[C@@](O)(CC(=O)O)C(=O)[O]1)C(=O)O,0.023276683
O=C(O)c1cc(O)c2c(c1)[O][Bi]([OH])[O]2,0.020878404
O=C1[O][Bi]([OH])[O]c2ccccc21,1.6321635e-05
CC(C)(C)CC(C)(C)c1cc(Cc2cc(C(C)(C)CC(C)(C)C)cc(-n3nc4ccccc4n3)c2O)c(O)c(-n2nc3ccccc3n2)c1,0.8934021
CC(C)NC[C@@H](O)COc1ccc(COCCOC(C)C)cc1,0.00017741327
CC(C)(c1ccc(O)cc1)c1ccc(O)cc1,0.014349064
Oc1c(Cl)cc(Cl)cc1Sc1cc(Cl)cc(Cl)c1O,0.98353034
C[C@H](Oc1ccc(S(C)(=O)=O)cc1C(=O)N1CCN(c2ncc(C(F)(F)F)cc2F)CC1)C(F)(F)F,0.96657896
S=C=Nc1ccc(N=C=S)cc1,0.0003313775
CC[C@H](C)[C@H](NC(=O)[C@H](CCC(=O)O)NC(=O)[C@H](CCC(=O)O)NC(=O)[C@H](Cc1ccccc1)NC(=O)[C@H](CC(=O)O)NC(=O)CNC(=O)[C@H](CC(N)=O)NC(=O)CNC(=O)CNC(=O)CNC(=O)CNC(=O)[C@@H]1CCCN1C(=O)[C@H](CCCNC(=N)N)NC(=O)[C@@H]1CCCN1C(=O)[C@H](N)Cc1ccccc1)C(=O)N1CCC[C@H]1C(=O)N[C@@H](CCC(=O)O)C(=O)N[C@@H](CCC(=O)O)C(=O)N[C@@H](Cc1ccc(O)cc1)C(=O)N[C@@H](CC(C)C)C(=O)O,0.023596525
COc1cc2nc(N3CCCN(C)CC3)nc(NC3CCN(Cc4ccccc4)CC3)c2cc1OC,0.8448806
CN(C)Cc1cccc(N/C(=C2\C(=O)Nc3cc(C(N)=O)ccc32)c2ccccc2)c1,0.0039617866
CN(C)Cc1cccc(N/C(=C2\C(=O)Nc3cc(C(=O)N(C)C)ccc32)c2ccccc2)c1,0.0010512362
O=C(O)c1cc2ccccc2s1,0.011032378
Cc1ccc2c(c1)C(=O)[C@]1(O)CCN(c3ccccc3)C1=N2,0.92353004
Cc1c(N)nc([C@H](CC(N)=O)NC[C@H](N)C(N)=O)nc1C(=O)N[C@H](C(=O)N[C@H](C)[C@@H](O)[C@H](C)C(=O)N[C@H](C(=O)NCCc1nc(-c2nc(C(=O)NCCCNCCCCN)cs2)cs1)[C@@H](C)O)[C@@H](O[C@@H]1O[C@@H](CO)[C@@H](O)[C@H](O)[C@@H]1O[C@@H]1O[C@H](CO)[C@@H](O)[C@H](OC(N)=O)[C@@H]1O)c1c[nH]cn1,0.8166246
Cc1c(N)nc([C@H](CC(N)=O)NC[C@@H](N)C(N)=O)nc1C(=O)N[C@H](C(=O)N[C@@H](C)[C@H](O)[C@@H](C)C(=O)N[C@@H](C(=O)NCCc1nc(-c2nc(C(=O)NCCC[S+](C)C)cs2)cs1)[C@@H](C)O)[C@@H](O[C@H]1O[C@H](CO)[C@H](O)[C@@H](O)[C@H]1O[C@H]1O[C@H](CO)[C@@H](O)[C@H](OC(N)=O)[C@@H]1O)c1c[nH]cn1,0.74602807
CCN1CCN(c2cc(-c3ccc(F)cc3)c3c(n2)CCCCCC3)CC1,0.051837
C=CC(=O)Nc1cccc(C)c1Nc1ncc2cc(-c3c(Cl)c(OC)cc(OC)c3Cl)ccc2n1,0.992716
CNC(=O)c1cc(Oc2ccc3nc(N[C@@H]4CCCC[C@H]4O)sc3c2)ccn1,0.00083163875
COc1ccc2c(c1)c(CC(=O)N1CCOCC1)c(C)n2C(=O)c1ccc(Cl)cc1,0.0020473015
COc1cccc(-c2cc(NCc3ccc4c(c3)OCO4)nc(N)n2)c1,1.8275756e-05
CSc1ccc(C(=O)N[C@@H]2CCCC[C@@H]2NC(=O)CNC(=O)c2cc(C(F)(F)F)ccc2NC(=O)NC(C)C)cc1,0.59407187
Cc1noc(NS(=O)(=O)c2cccc3c(N(C)C)cccc23)c1C,0.004874835
O=c1oc(-c2ccc(C(F)(F)F)cc2)nn1Cc1cc(Cl)ccc1O,0.01607803
CC1(C)Oc2ccc(C#N)cc2[C@H](N(Cc2ncc[nH]2)c2ccc(Cl)cc2)[C@H]1O,0.82498527
Cc1onc(NS(=O)(=O)c2ccccc2-c2ccc(-c3ncco3)cc2CN(C)C(=O)CC(C)(C)C)c1C,0.17601176
N#Cc1ccc2c(c1)CN(S(=O)(=O)c1cccs1)[C@H](Cc1ccccc1)CN2Cc1cnc[nH]1,0.19211338
CCCCOc1c(C(=O)c2c(F)cc(C)cc2F)cnc2n[nH]cc12,0.9838794
C[C@H](c1ccc(F)cc1CCCC(=O)O)N(c1cc(F)ccc1F)S(=O)(=O)c1ccc(Cl)cc1,0.10461841
CCc1c(-c2ccccc2)c(-c2ccccc2)nn1-c1ccccc1-c1cccc(OCC(=O)O)c1,0.0005096358
Cc1ccc2nc(NCCN)c3ncc(C)n3c2c1,4.769174e-05
CC(C)(C)c1cnc(CSc2cnc(NC(=O)C3CCNCC3)s2)o1,0.053529855
CCCC(=O)C1(c2ccccc2)CCN(C(=O)[C@@H](Cc2ccc(OC)cc2)NC(=O)[C@@H](N)Cc2cncn2C)CC1,0.0012584302
Cc1cc(N2CCOCC2)cc2[nH]c(-c3c(NC[C@@H](O)c4cccc(Cl)c4)cc[nH]c3=O)nc12,0.0014146253
CCN1CCN(c2ccc(C(C)(C)NC(=O)c3cc4[nH]c5ccccc5c(=O)c4cc3F)cn2)CC1,0.6480244
CCCNC(=O)c1cn2ncnc(Nc3cc(C(=O)NC4CC4)ccc3C)c2c1C,0.041842572
CN1C(=O)N(c2cc(Cl)cc(Cl)c2)C(=O)[C@]12CN(Cc1cc(C(=O)O)cs1)C[C@H]2c1ccc(C#N)cc1,0.32898846
Cc1c(NC(=O)OC[C@@H]2COCCN2)cn2ncnc(Nc3ccc4c(cnn4Cc4cccc(F)c4)c3)c12,5.172018e-05
COc1cnc(-n2cnc(C)n2)c2[nH]cc(C(=O)C(=O)N3CCN(C(=O)c4ccccc4)CC3)c12,0.001995684
Cc1ccc(C(=O)NC2CC2)cc1NC(=O)c1cnn(-c2ncccc2C(F)(F)F)c1C,0.14846654
CC1(C)CCC(C)(C)c2cc(C3(c4ccc(C(=O)O)cc4)OCCO3)ccc21,0.037564408
CN1C(=O)N(c2cc(Cl)cc(Cl)c2)C(=O)[C@]12CN(c1ccc(C(=O)O)cn1)C[C@H]2c1ccc(C#N)cc1,0.6049504
COc1cccc(Nc2ncnn3ccc(CN4CC[C@@H](N)[C@H](O)C4)c23)c1,0.0010292685
Cn1c(N2CCCCS2(=O)=O)nc(C(=O)NCc2ccc(F)cc2)c(O)c1=O,0.012160801
C[C@@]1(C(=O)Nc2ccc(F)nc2)CCCN1c1nc(Nc2cc(C3CC3)n[nH]2)c2cccn2n1,0.59819263
O[C@]12CC[C@](c3nnc4c(Oc5ccccc5Cl)cccn43)(CC1)C2,0.0025935723
CCOc1ccn(-c2ccc(F)cc2)c(=O)c1C(=O)Nc1ccc(Oc2ccnc(N)c2Cl)c(F)c1,0.9883307
CC(C)(O)c1cn(-c2ccc(-c3cccc(S(C)(=O)=O)c3)cc2)c(C(C)(C)c2ccccc2Cl)n1,0.016111722
COc1ccnc2[nH]cc(C(=O)C(=O)N3CCN(C(=O)c4ccccc4)C[C@H]3C)c12,0.7247376
CC(=O)N[C@@H]1C[C@H](NC(C)(C)C)CC[C@@H]1N1CC[C@H](Nc2ncnc3cc(C(C)(C)C)nn23)C1=O,0.1679852
Nc1nccc(Oc2ccc(NC(=O)c3cn(COP(=O)(O)O)cc(-c4ccc(F)cc4)c3=O)cc2F)c1Cl,0.15288961
CNCc1ccc(C)c(NC(=O)c2ccc(Nc3nc(-c4ccccc4)c4ccccc4n3)cc2)c1,0.004678675
O=c1[nH]c([C@@H]2CCCN2)nc2c1oc1ccc(Cl)cc12,0.0009664015
CN1C(=O)[C@@H](NC(=O)[C@H](CCC(F)(F)F)[C@H](CCC(F)(F)F)C(N)=O)N=C(c2ccccc2)c2ccccc21,0.14759812
CCn1c(C(=O)N(C2CC2)C2CC2)cc2c3c(ncn3C)c(Nc3cc(C)n(C)n3)nc21,0.504833
Cc1c(-c2ccc(C(N)=O)c3[nH]c4cc(C(C)(C)O)ccc4c23)cccc1-n1cnc2ccccc2c1=O,0.95529145
NC(=O)[C@@H](CC1CC1)[C@@H](CCC(F)(F)F)C(=O)N[C@H]1N=C(c2ccccc2)c2cccc(F)c2NC1=O,0.64753485
Cc1noc(-c2ccc(-c3ccc(C4(C(=O)O)CC4)cc3)cc2)c1NC(=O)O[C@H](C)c1ccccc1,0.7152214
Cc1c(-c2c(F)cc(C(N)=O)c3[nH]c4c(c23)CC[C@H](C(C)(C)O)C4)cccc1-n1c(=O)c2cccc(F)c2n(C)c1=O,0.9338669
Cc1nnn(C)c1-c1cnc2c3ccc(C(C)(C)O)cc3n([C@H](c3ccccc3)C3CCOCC3)c2c1,0.46512854
CC#CC(=O)N[C@H]1CCCN(c2c(F)cc(C(N)=O)c3[nH]c(C)c(C)c23)C1,0.4698878
C[C@@H](C(=O)Nc1ccc(Cl)cc1)[C@H]1CC[C@@H](c2ccnc3ccc(F)cc32)CC1,0.9223338
O[C@@H](CCCN1CCN(c2ncc(F)cn2)CC1)c1ccc(F)cc1,0.16190553
O=C(O)COc1cccc(-c2ocnc2-c2nc(-c3ccccc3)c(-c3ccccc3)o2)c1,0.0016487623
COc1ccccc1N1CCN(CCN2C(=O)CC3(CCCC3)CC2=O)CC1,0.00036777408
COc1cc(C(=O)c2c(C)oc3c(O)c(OC)ccc23)cc(OC)c1OC,0.038025122
O=C1/C(=C/c2ccccc2)C[C@@]2(O)[C@H]3Cc4ccc(O)c5c4[C@@]2(CCN3CC2CC2)[C@H]1O5,0.253276
CC(C)(C)NC(=O)N[C@H](C(=O)N1C[C@H]2[C@@H]([C@H]1C(=O)N[C@@H](CC1CCC1)C(=O)C(N)=O)C2(C)C)C(C)(C)C,0.0006934468
O=C1C=Cc2cc(Br)ccc2C1=O,0.098587506
Cc1cc2c(OC[C@@H](CNC(C)(C)C)OC(=O)c3ccccc3)cccc2[nH]1,0.0027808668
CC(=O)O[C@H]1C[C@H]2CC[C@@]1(C)C2(C)C,0.00015335256
N[C@@H](Cc1ccc(B(O)O)cc1)C(=O)O,0.00068220956
CC(C)C[C@H](NC(=O)[C@H](Cc1ccccc1)NC(=O)c1cnccn1)B(O)O,0.0019430713
CCOc1cc(-c2nncn2C)ccc1Nc1ncc2cc(C)nc(NCC(C)(C)C)c2n1,0.5850007
COc1ccccc1Oc1c(NS(=O)(=O)c2ccc(C(C)(C)C)cc2)nc(-c2ncccn2)nc1OCCO,0.18822557
COc1cc(Nc2c(C#N)cnc3cc(OCCCN4CCN(C)CC4)c(OC)cc23)c(Cl)cc1Cl,0.6639417
c1ccc(N2CCN(CCCOc3ccc4c(c3)OCO4)CC2)cc1,1.5887652e-05
COc1ccccc1N1CCN(CCCCNC(=O)c2ccc3ccccc3c2)CC1,0.007837005
CC(C)C[C@@H]1NC(=O)[C@@H](C(C)C)NC(=O)[C@@H]2CCCN2C(=O)[C@@H](CC(=O)O)NC(=O)[C@@H](Cc2c[nH]c3ccccc23)NC1=O,0.012977024
CCCC[C@@H](NC(=O)[C@@H](Cc1cn(C(=O)OC)c2ccccc12)NC(=O)[C@H](CC(C)(C)C)NC(=O)N1[C@H](C)CCC[C@@H]1C)C(=O)O,0.16526952
Cc1nn(C)c2c1[C@@H](c1ccc(C(F)(F)F)cc1)C(C#N)C(=N)O2,0.100405306
COC(=O)c1ccc2c(c1)nc(NC(=O)c1ccccc1)n2CCCc1ccccc1,0.0017503625
O=C1c2ccccc2-c2c(NCCc3ccccc3)c(=O)[nH]c3cccc1c23,0.012536754
CC(C)(C)c1ccc2cc(C#N)c(C#N)cc2c1,0.595046
C[C@H]1CCC/C=C/[C@@H]2C[C@H](O)C[C@H]2[C@H](O)/C=C/C(=O)O1,0.000416224
CCCC[C@H](NC(C)=O)C(=O)N[C@H]1CC(=O)NCCCC[C@@H](C(=O)O)NC(=O)[C@H](Cc2c[nH]c3ccccc23)NC(=O)[C@H](CCCNC(=N)N)NC(=O)[C@@H](Cc2ccccc2)NC(=O)[C@H](Cc2cnc[nH]2)NC1=O,0.18791047
Cc1c(-c2ccc(-c3ccccc3F)cc2)nc2ccc(F)cc2c1C(=O)O,0.12882341
CC(C)(C)OC(=O)c1ncn2c1[C@@H]1CCCN1C(=O)c1c(Br)cccc1-2,0.007723703
CC[N+](C)(C)Cc1ccccc1Br,4.6438156e-05
O=c1ccc2ccc(OCCCCN3CCN(c4cccc5sccc45)CC3)cc2[nH]1,0.045530334
COc1cc(OC)c(/C=C/S(=O)(=O)Cc2ccc(OC)c(OP(=O)(O)O)c2)c(OC)c1,0.00837406
COc1cc(N2CCC(N3CCN(C)CC3)CC2)ccc1Nc1ncc(Cl)c(Nc2ccccc2P(C)(C)=O)n1,0.3136271
CCN(CC)c1ccc([C+](c2ccccc2)c2ccc(N(CC)CC)cc2)cc1,0.023957781
Brc1c(NC2=NCCN2)ccc2nccnc12,0.00059614726
CCCCCCCCCCCCCCCCOCCCOP(=O)(O)CO[C@H](CO)Cn1ccc(N)nc1=O,0.23348573
CCN[C@H]1CN(CCCOC)S(=O)(=O)c2sc(S(N)(=O)=O)cc21,0.1854039
Cc1cc2c(F)c(Oc3ncnn4cc(OC[C@@H](C)O)c(C)c34)ccc2[nH]1,0.9722946
Cc1cc2c(F)c(Oc3ncnn4cc(OC[C@@H](C)OC(=O)[C@H](C)N)c(C)c34)ccc2[nH]1,0.9997687
O=c1[nH]c(=O)n([C@H]2C[C@H](O)[C@@H](CO)O2)cc1/C=C/Br,0.13795002
O[C@@H](CN1CCN(c2cccc(Cl)c2)CC1)C(c1ccccc1)c1ccccc1,0.00065262994
O=C(O)[C@@H](Cc1ccccc1)NCc1ccc(Cl)cc1,0.28917375
C[C@H](Cc1ccc(OCC(=O)O)cc1)NC[C@H](O)c1cccc(Cl)c1,0.0034520237
C[C@@H]1c2ccccc2CN1CC1=NCCN1,0.00019756026
Cc1ccc([N+](=O)[O-])cc1S(=O)(=O)N(C)C,1.3602469e-06
O=C(Cc1ccc(Cl)c(Cl)c1)N1CCCC[C@@H]1CN1CCCC1,0.17253956
CN1CCC(c2c[nH]c3ccc(O)cc23)CC1,0.0041199303
O=C(/C=C/c1ccccc1)NCCO,0.0022874495
Brc1ccc(NC2C3CC4CC(C3)CC2C4)cc1,0.0022925232
COc1ccc(C(=O)/C(Br)=C/C(=O)O)cc1,0.016531425
Nc1c(CC(=O)O)cccc1C(=O)c1ccc(Br)cc1,0.114740826
CN(Cc1cc(Br)cc(Br)c1N)C1CCCCC1,0.007183153
O=C1c2ccccc2C(=O)C1c1ccc(Br)cc1,0.028237222
CC(C)[C@@H](Br)C(=O)NC(N)=O,0.040833097
CC(C)C[C@H]1C(=O)N2CCC[C@H]2[C@]2(O)O[C@](NC(=O)[C@@H]3C=C4c5cccc6[nH]c(Br)c(c56)C[C@H]4N(C)C3)(C(C)C)C(=O)N12,0.18136162
CCN(CC)CCNC(=O)c1cc(Br)c(N)cc1OC,0.0005792246
CCOC(=O)Nc1cc(-c2ccc(C)c(NS(C)(=O)=O)c2)nn2c(C)nnc12,0.00036368784
O=C(CCCN1CCC(O)(c2ccc(Br)cc2)CC1)c1ccc(F)cc1,0.15346606
CN(C)CC[C@@H](c1ccc(Br)cc1)c1ccccn1,0.19902463
O=[N+]([O-])C(Br)(CO)CO,6.5585675e-07
Nc1nc(=O)c(Br)c(-c2ccccc2)[nH]1,0.0008057492
Cc1ccc2c(Br)cc(Br)c(OC(=O)c3ccccc3)c2n1,0.9666127
CC(C)(C)NC[C@@H](O)c1cc(Br)no1,7.5742006e-05
O=c1[nH]c(=O)n([C@H]2C[C@H](O)[C@@H](CO)O2)cc1Br,0.630074
Oc1c(Br)cc(Br)c2cccnc12,0.40573636
COC(=O)[C@@]12OC[C@]34[C@H]([C@@H](O)[C@@H]1O)[C@@]1(C)CC(=O)C(=O)[C@H](C)[C@@H]1C[C@H]3OC(=O)[C@H](OC(=O)/C=C(\C)C(C)C)[C@@H]24,0.00063420704
COc1cc2c(cc1OC)[C@@]13CCN4CC5=CCO[C@H]6CC(=O)N2[C@H]1[C@H]6[C@H]5C[C@H]43,0.9556681
CC(C)c1cnn2c(NCc3ccccc3)cc(NCCCCCCN)nc12,0.107893445
O=C(c1cccc(-c2nc3ccccc3[nH]2)n1)N1CCN(C(=O)c2cccc(-c3nc4ccccc4[nH]3)n2)CC1,0.010629609
O=C(Oc1cc(S(=O)(=O)c2ccccc2)ccc1[N+](=O)[O-])c1ccc(Cl)cc1,0.0037105528
O=[N+]([O-])c1cc(Cl)ccc1S(=O)(=O)c1ccccc1,0.0002031529
O=C(CNc1cccc(Cl)c1)N[C@@H]1CCCN(c2ncnc3[nH]ccc23)C1,0.98404086
Cc1ccc(S(=O)(=O)NCc2ccccc2)cc1,0.00025103596
CC(C)C[C@@H](N)C1(c2ccc(Cl)cc2)CCC1,0.0015733466
CC(C)(NCCCn1ccnc1)c1ccc(Cl)cc1,0.10921857
C[C@@H](Oc1ccc(Cl)cc1)c1ccnc2ncnn12,0.07279288
CN(c1ccc(NC(=O)Nc2ccccc2)cc1)S(=O)(=O)c1cnn(-c2ccc(F)cc2)c1,0.4522813
C[C@H]1COC2(CCN(c3nc(=O)c4cc(C(F)(F)F)cc([N+](=O)[O-])c4s3)CC2)O1,0.17644675
c1ccc2nc(C3=NCCN3)ccc2c1,0.016082663
c1ccc2nc(C3=NCCN3)cnc2c1,0.0011604363
CCOc1ccc(NC(=O)C[C@@H](C)O)cc1,0.00018093317
CC(C)(S)C(=O)N[C@@H](CS)C(=O)O,0.006747549
CCCC(=O)Nc1ncnc2c1ncn2[C@@H]1O[C@@H]2CO[P@@](=O)(O)O[C@H]2[C@H]1OC(=O)CCC,0.00040308997
CC(C)(C)c1ccc(CN2CCN([C@@H](c3ccccc3)c3ccc(Cl)cc3)CC2)cc1,0.029196844
CCC[C@H]1O[C@@H]2C[C@H]3[C@@H]4CCC5=CC(=O)C=C[C@]5(C)[C@H]4[C@@H](O)C[C@]3(C)[C@]2(C(=O)CO)O1,0.00060775375
CC(C)(C)N1CCC(c2ccccc2)(c2ccccc2)CC1,0.00093928364
CCCCOc1ccc(CC(=O)NO)cc1,0.0063440865
COc1cc(OC)c(C(=O)CCCN2CCCC2)c(OC)c1,0.0067253266
CCCCNc1cc(C(=O)O)cc(S(N)(=O)=O)c1Oc1ccccc1,0.3654144
CCCC(=O)N1CCCN(c2nc(N)c3cc(OC)c(OC)cc3n2)CC1,0.8876475
Nc1cc(C(F)(F)F)c(-c2cc(N3CCOCC3)nc(N3CCOCC3)n2)cn1,0.0005661273
CC(C)(C)C1CCC(C[C@H]2C(=O)C(=O)c3ccccc3C2=O)CC1,0.52217597
CC(CCc1ccccc1)NC(C)C(O)c1ccc(O)cc1,7.22726e-05
CCCCc1ccc(C(N)=O)nc1,0.01730732
CCCCN1CCCC[C@H]1C(=O)Nc1c(C)cccc1C,0.08423495
Cc1ccc(Cl)c(OC[C@@H](O)CNC(C)(C)C)c1,0.002837512
C[C@@H](NC(C)(C)C)C(=O)c1cccc(Cl)c1,0.021342583
O=C(NCc1ccccc1)OCCO,0.00033327716
CCNC(=O)[C@@H]1CCCN1C(=O)[C@H](CCCN=C(N)N)NC(=O)[C@H](CC(C)C)NC(=O)[C@@H](COC(C)(C)C)NC(=O)[C@H](Cc1ccc(O)cc1)NC(=O)[C@H](CO)NC(=O)[C@H](Cc1c[nH]c2ccccc12)NC(=O)[C@H](Cc1c[nH]cn1)NC(=O)[C@@H]1CCC(=O)N1,0.033094347
O=C1CC2(CCCC2)CC(=O)N1CCCCN1CCN(c2ncccn2)CC1,0.0010355769
CS(=O)(=O)OCCCCOS(C)(=O)=O,0.00084023416
CCCCNC(=O)[C@@H]1Cc2ccccc2N1C(=O)[C@@H](N)CC,0.0023372688
CCCCN(CCCC)CCCOC(=O)c1ccc(N)cc1,0.0030824875
CC(C)(C)[C@]1(O)CCN2C[C@H]3c4ccccc4CCc4cccc(c43)[C@@H]2C1,0.015845755
C=CCC1(CC(C)C)C(=O)NC(=O)NC1=O,0.002639434
CCCCOC(=O)c1ccc(N)cc1,0.0030356003
CCCC1([C@H](O)C/C=C/[C@H]2[C@H](O)CC(=O)[C@@H]2CCCCCCC(=O)OC)CCC1,0.004701852
O=C(/C=C/c1ccc(O)c(O)c1)c1ccc(O)cc1O,0.00022432844
CN(Cc1ccc(C(C)(C)C)cc1)Cc1cccc2ccccc12,0.003724367
CCCCS(=N)(=O)CC[C@H](N)C(=O)O,0.107951835
CC[C@@H](C(=O)O)c1ccc(CC(C)C)cc1,0.061670456
Clc1ccc(CC[C@@H](Cn2ccnc2)Sc2c(Cl)cccc2Cl)cc1,0.03783071
CCCC(=O)c1cc(F)ccc1OC[C@@H](O)CNC(C)(C)C,0.0026960701
CCCCOC(=O)c1ccc(O)cc1,0.0038190938
COc1ccc(O)c(C(C)(C)C)c1,0.0049853316
Cc1cc(C(C)(C)C)c(O)c(C(C)(C)C)c1,0.15547396
CCC/C=C1\OC(=O)c2ccccc21,3.0251738e-06
CCCC[C@H]1OC(=O)c2ccccc21,0.0003441049
c1ccc2cc(C3=NCCN3)ncc2c1,0.00675785
CC(C)Nc1cc(-c2c[nH]c(C(=O)N[C@H](CO)c3cccc(Cl)c3)c2)c(Cl)cn1,0.017132178
Cc1c(Cl)cccc1S(=O)(=O)Nc1nc(CC(=O)N2CCN(C)CC2)cs1,0.0031499718
CC1(C)C(=O)NC2=C1C(=O)C(=O)c1ccccc12,0.0032540392
CC(=O)N(O)C/C=C/c1cccc(Oc2ccccc2)c1,0.0001502112
C[C@@H](/C=C/c1cccc(Oc2ccc(F)cc2)c1)N(O)C(N)=O,0.02819126
CC(C)C[C@@H](NC(=O)[C@H](Cc1ccccc1)NC(=O)CNC(=O)[C@@H](C)NC(=O)[C@@H](N)Cc1ccc(O)cc1)C(=O)O,0.029987358
C/C(=N\NC(=S)NNC(=S)Nc1ccccc1Cl)c1ccccn1,5.481004e-11
C=CCN1C[C@H](C)N([C@H](c2ccc(C(=O)N(CC)CC)cc2)c2cccc(O)c2)C[C@H]1C,7.124174e-07
CNC(=O)c1ccc2c(c1)S(=O)(=O)c1ccccc1C2=O,0.00017625137
C[C@@H](N)Cc1c[nH]c2ccc(OCc3cccs3)cc12,0.031919073
O=C(NCCCNc1nc(Nc2cccc(NC(=O)N3CCCC3)c2)ncc1I)c1cccs1,0.5125824
O=C(Nc1cccc(Nc2ncc(Br)c(NCCc3cnc[nH]3)n2)c1)N1CCCC1,0.06785571
Cn1cccc1/C=C1\C(=O)NC(=O)c2ccccc21,0.0018784872
COc1cc2nc(N3CCC(N4CCCCC4)CC3)nc(NC3CCCCCC3)c2cc1OC,0.08653468
O=S(=O)(c1cccc2cnccc12)N1CCNCC1,0.3941032
CCOC(=O)c1cnc[nH]1,0.0001249429
Nc1ccc(-c2cccc(C(=O)Nc3cnc4nc(N5CCOCC5)oc4c3)n2)cn1,0.17107804
C[S+](C)CC[C@H](N)C(=O)O,0.051015344
OC[C@H]1O[C@H](O[C@H]2O[C@H](CO)[C@@H](O)[C@H](O)[C@H]2O)[C@H](O)[C@@H](O)[C@@H]1O,0.0009466034
CO[C@H]1C(=O)[C@]2(C)[C@@H](OC)C[C@H]3OC[C@@]3(OC(C)=O)[C@H]2[C@H](OC(=O)c2ccccc2)[C@]2(O)C[C@H](OC(=O)[C@H](O)[C@@H](NC(=O)OC(C)(C)C)c3ccccc3)C(C)=C1C2(C)C,0.0010849218
C=CCN1C[C@H](C(=O)N(CCCN(C)C)C(=O)NCC)C[C@@H]2c3cccc4[nH]cc(c34)C[C@H]21,7.693592e-05
C[C@H]1CO[C@@H]2Cn3cc(C(=O)NCc4ccc(F)cc4F)c(=O)c(O)c3C(=O)N12,0.3044416
COc1cc2nccc(Oc3ccc(NC(=O)C4(C(=O)Nc5ccc(F)cc5)CC4)cc3)c2cc1OC,0.9339704
CC(C)(C)[C@H]1CCc2c(sc(NC(=O)c3ccco3)c2C(=O)O)C1,0.7506595
O=C(O)c1cn(C2CC2)c2cc(N3CCC(O)(COc4ccc(N5C[C@H](CO)OC5=O)cc4F)CC3)c(F)cc2c1=O,0.97911316
CCOC(=O)NNc1ccc(N(CC)C[C@@H](C)O)nn1,1.1973938e-07
C[C@@]12CCc3occc3[C@H]1CC[C@@]13C[C@@H](CC[C@H]12)[C@@](O)(CO)C3,0.0034040841
O=C(O)/C=C/c1ccc(O)c(O)c1,0.010806178
O=C(/C=C/c1ccc(O)c(O)c1)OCCc1ccccc1,0.0001902012
Cn1c(=O)c2c(ncn2C)n(C)c1=O,0.73645127
C=C1CC[C@H](O)C/C1=C/C=C1\CCC[C@]2(C)[C@@H]([C@H](C)CCCC(C)(C)O)CC[C@@H]12,8.0434825e-07
C=C1/C(=C\C=C2/CCC[C@]3(C)[C@@H]([C@H](C)/C=C/[C@@H](O)C4CC4)CC[C@@H]23)C[C@@H](O)C[C@@H]1O,0.00022637006
CC(C)C[C@H](NC(=O)[C@H](CCCCN)NC(=O)CNC(=O)[C@H](CC(C)C)NC(=O)[C@@H](NC(=O)[C@@H]1CSSC[C@H](N)C(=O)N[C@@H](CO)C(=O)N[C@@H](CC(N)=O)C(=O)N[C@@H](CC(C)C)C(=O)N[C@@H](CO)C(=O)N[C@@H]([C@@H](C)O)C(=O)N1)C(C)C)C(=O)N[C@@H](CO)C(=O)N[C@@H](CCC(N)=O)C(=O)N[C@@H](CCC(=O)O)C(=O)N[C@@H](CC(C)C)C(=O)N[C@@H](Cc1c[nH]cn1)C(=O)N[C@@H](CCCCN)C(=O)N[C@@H](CC(C)C)C(=O)N[C@@H](CCC(N)=O)C(=O)N[C@H](C(=O)N[C@@H](Cc1ccc(O)cc1)C(=O)N1CCC[C@H]1C(=O)N[C@@H](CCCNC(=N)N)C(=O)N[C@H](C(=O)N[C@@H](CC(=O)O)C(=O)N[C@H](C(=O)NCC(=O)N[C@@H](C)C(=O)NCC(=O)N[C@H](C(=O)N1CCC[C@H]1C(N)=O)[C@@H](C)O)C(C)C)[C@@H](C)O)[C@@H](C)O,0.3040388
C=C1/C(=C\C=C2/CCC[C@]3(C)[C@@H]([C@H](C)CCCC(C)(C)O)CC[C@@H]23)C[C@@H](O)C[C@@H]1O,1.6285641e-05
O=C(O)[C@H](O)[C@H](O)[C@@H](O)[C@H](O)[C@H](O)CO,0.004773063
Nc1nc(=O)c2c([nH]1)NC[C@H](CNc1ccc(C(=O)N[C@@H](CCC(=O)O)C(=O)O)cc1)N2C=O,0.0022759952
C[C@@H](N[C@H]1CCCC[C@@H]1NC(=O)c1ccc(Cl)cc1)c1cccc2ccccc12,0.20785466
CCCC[C@@H](C=O)NC(=O)[C@H](CC(C)C)NC(=O)OCc1ccccc1,0.0009721641
C[C@H]1CN(Cc2ccc(CC(=O)N3CCC(Nc4cccc(F)c4)CC3)cc2)CCN1,0.0011909164
Cc1c(Cl)cccc1S(=O)(=O)Nc1nc(NCCc2ccccc2)nc2c1CN(Cc1ccccc1)CC2,0.80471647
CC(C)(Sc1cc(C(C)(C)C)c(O)c(C(C)(C)C)c1)Sc1cc(C(C)(C)C)c(OCC(=O)O)c(C(C)(C)C)c1,0.039412353
CN(C)C(=O)COC(=O)Cc1ccc(OC(=O)c2ccc(NC(=N)N)cc2)cc1,0.60236263
CC1(C)[C@@H]2CC[C@@]1(C)C(=O)C2,0.0035458615
CC1(C)[C@@H]2CC[C@]1(C)C(=O)C2,0.003260126
CC[C@@]1(O)C(=O)OCc2c1cc1n(c2=O)Cc2cc3ccccc3nc2-1,0.0007479477
CCN(CC)CCN[C@@H](C(=O)OCCC(C)C)c1ccccc1,1.1462251e-05
Cc1ccc([C@@H]2O[C@H](CO)[C@@H](O)[C@H](O)[C@H]2O)cc1Cc1ccc(-c2ccc(F)cc2)s1,0.012054749
CCOc1nc2cccc(C(=O)O)c2n1Cc1ccc(-c2ccccc2-c2nn[nH]n2)cc1,0.014021296
CCOc1nc2cccc(C(=O)O[C@@H](C)OC(=O)OC3CCCCC3)c2n1Cc1ccc(-c2ccccc2-c2nn[nH]n2)cc1,0.00856989
C[C@H](C[C@H](C)[C@@H](O)CC(=O)c1ccc(N)cc1)[C@H]1OC(=O)CC(=O)CCCC(=O)C[C@@H](O)C[C@@H](O)C[C@@H](O)CC(=O)C[C@@H](O)[C@H](C(=O)O)[C@@H](O)C[C@@H](O[C@@H]2O[C@H](C)[C@H](O)[C@@H](O)[C@@H]2N)/C=C/C=C/C=C/C=C/C=C/C=C/C=C/[C@@H]1C,0.036161114
C=CC(=O)Nc1cc2c(Nc3ccc(F)c(Cl)c3)ncnc2cc1OCCCN1CCOCC1,0.17693664
CSCCNc1nc(SCCC(F)(F)F)nc2c1ncn2[C@@H]1O[C@H](COP(=O)(O)OP(=O)(O)C(Cl)(Cl)P(=O)(O)O)[C@@H](O)[C@H]1O,1.0650323e-08
C[C@]12CCC(=O)C=C1C=C[C@@H]1[C@@H]2CC[C@@]2(C)[C@H]1CC[C@@]21CCC(=O)O1,0.00026322954
C[C@@]12C(=O)OC(=O)[C@]1(C)[C@H]1CC[C@@H]2O1,1.4380899e-05
N#Cc1c(N)nc(SCc2csc(-c3ccc(Cl)cc3)n2)c(C#N)c1-c1ccc(OCCO)cc1,0.0001316707
CCCCCOC(=O)Nc1nc(=O)n([C@@H]2O[C@H](C)[C@@H](O)[C@H]2O)cc1F,0.04892736
COc1cc(C(=O)NCCCCCC(=O)O)cc(OC)c1OC,0.02545064
C[C@@H]1NC(=O)[C@@H](N)CNC(=O)[C@H]([C@H]2CCN=C(N)N2)NC(=O)/C(=C\NC(N)=O)NC(=O)[C@H](CNC(=O)C[C@@H](N)CCCN)NC1=O,0.058441825
CN1N=C2CCN(C(=O)[C@@H](COCc3ccccc3)NC(=O)C(C)(C)N)C[C@@]2(Cc2ccccc2)C1=O,6.755996e-05
CCCCCCCC(=O)O,0.0022468066
COc1cc(CNC(=O)CCCC/C=C/C(C)C)ccc1O,0.004241408
Oc1cc2c(cc1O)CN(C(=S)NCCc1ccc(Cl)cc1)CCC2,4.0802337e-05
CN(C)CCS,8.0950034e-05
O=C1[C@H]2CC=CC[C@@H]2C(=O)N1SC(Cl)(Cl)Cl,0.00015197853
C[C@H](CS)C(=O)N1CCC[C@H]1C(=O)O,0.0070732804
CNC(=O)ON(C(C)=O)C(=O)NC,2.436184e-10
CCN(CC)CCOC(=O)C1(c2ccccc2)CCCC1,0.00010039921
CC(C)NC[C@@H](O)COc1cccc2[nH]c3ccccc3c12,0.00048992224
C[N+](C)(C)CCOC(N)=O,3.1645457e-06
COC(=O)N/N=C/c1c[n+]([O-])c2ccccc2[n+]1[O-],0.03339239
NC(=O)N1c2ccccc2C=Cc2ccccc21,0.0009148791
CNC(=O)Oc1cccc2ccccc12,0.0001755729
NC(=O)Nc1ccc([As](=O)(O)O)cc1,0.009131214
CN1C2=CC(=O)/C(=N\NC(N)=O)C=C2C[C@H]1S(=O)(=O)O,0.01465382
COC(=O)Nc1nc2ccccc2[nH]1,0.001078167
CC1(C)S[C@@H]2[C@H](NC(=O)[C@@H](C(=O)O)c3ccccc3)C(=O)N2[C@H]1C(=O)O,0.39628994
CC1(C)[C@@H](OC(=O)CCC(=O)O)CC[C@]2(C)[C@H]3C(=O)C=C4[C@@H]5C[C@@](C)(C(=O)O)CC[C@]5(C)CC[C@@]4(C)[C@]3(C)CC[C@@H]12,0.3016633
CCN(CC)CCOCCOC(=O)C1(c2ccccc2)CCCC1,0.00017271939
CC[C@H](C)[C@@H]1NC(=O)[C@H](Cc2ccc(OC)cc2)NC(=O)CCCSC[C@@H](C(=O)N2CCC[C@H]2C(=O)N[C@@H](CC(C)C)C(=O)NCC(N)=O)NC(=O)[C@H](CC(N)=O)NC(=O)[C@H](CCC(N)=O)NC1=O,0.045059267
C[C@@](Cc1ccc(O)c(O)c1)(NN)C(=O)O,0.00026997368
CCOC(=O)n1ccn(C)c1=S,0.04067463
CN(C)CCO[C@@H](c1ccc(Cl)cc1)c1ccccn1,0.014873064
[NH2][Pt]1([NH2])[O]C(=O)C2(CCC2)C(=O)[O]1,7.464266e-05
NC(=O)c1nnn(Cc2cc(Cl)c(C(=O)c3ccc(Cl)cc3)c(Cl)c2)c1N,0.87437606
CCCCc1nc(Cl)c(C(=O)O)n1Cc1ccc(-c2ccccc2-c2nn[nH]n2)cc1,0.012769542
O=C(O)c1ccc(SSc2ccc(C(=O)O)cn2)nc1,0.012310385
COc1ccc(Nc2nccc(NCCO)n2)cc1,0.0004995355
c1coc(-c2nnc3sc(C4CCCCC4)nn23)c1,5.3308195e-06
CC(C)(C(=O)O)c1ccc(C(=O)CCCN2CCC(OC(c3ccccc3)c3ccccc3)CC2)cc1,0.043060325
CC(C)C[C@H](NC(=O)[C@H](CCc1ccccc1)NC(=O)CN1CCOCC1)C(=O)N[C@@H](Cc1ccccc1)C(=O)N[C@@H](CC(C)C)C(=O)[C@@]1(C)CO1,0.0040614894
NC(=O)N[C@@H](CCC(=O)O)C(=O)O,0.0012388964
NC(=O)CN1C=CCC(C(N)=O)=C1,0.00012772995
CC(C)c1ccc(C(=O)N=C(N)N)cc1S(C)(=O)=O,0.037611466
CN(C)C(=O)N[C@H]1CC[C@H](CCN2CCN(c3cccc(Cl)c3Cl)CC2)CC1,0.95288503
CCCCCCNC(=O)n1cc(F)c(=O)[nH]c1=O,0.3400347
COc1ccc(C[C@@H](C)NC[C@H](O)c2ccc(O)c3[nH]c(=O)ccc23)cc1,0.00094052707
O=C(O)c1ccc2[nH]cc(CCCCN3CC=C(c4ccccc4)CC3)c2c1,0.22224228
O=C(NCCCl)N(CCCl)[NH2+][O-],1.4343713e-06
C[N+](C)(C)C[C@@H](O)CC(=O)O,5.3864176e-07
NCCC(=O)N[C@@H](Cc1cnc[nH]1)C(=O)O,0.004861335
CCN(CC)CCn1c(=O)c(Cc2ccc(OC)cc2)nc2ccccc21,0.002695252
NC(=O)CN1Cc2ccccc2OC1=O,0.0013261858
C[C@@H](C(=O)O)c1ccc2c(c1)[nH]c1ccc(Cl)cc12,0.007091991
O=c1[nH]c(=O)c2ccccc2o1,0.04301648
CC(C)(C)NCC(O)COc1cccc2c1CCC(=O)N2,6.0928032e-05
NC(=O)OC[C@@H]1[C@H](NC(=O)/C(=N\OCC(=O)O)c2csc(N)n2)C(=O)N1S(=O)(=O)O,7.814449e-05
COc1ccccc1OCCNC[C@@H](O)COc1cccc2[nH]c3ccccc3c12,0.0015061788
NS(=O)(=O)c1ccc(C(=O)O)cc1,0.061645128
OCc1cc(O)c2c(O)c3c(O)cccc3c(O[C@@H]3O[C@H](CO)[C@H](O)[C@@H](O)[C@H]3O)c2c1,0.3244367
OCCN[C@H]1CCCc2c1[nH]c1ccc(-c3ccccc3)cc21,0.010829732
CC[C@H](C)C[C@H](C)CCCCCCCCC(=O)N[C@H]1C[C@@H](O)[C@@H](NCCN)NC(=O)[C@@H]2[C@@H](O)CCN2C(=O)[C@H]([C@H](O)CCN)NC(=O)[C@H]([C@H](O)[C@@H](O)c2ccc(O)cc2)NC(=O)[C@@H]2C[C@@H](O)CN2C(=O)[C@H]([C@@H](C)O)NC1=O,0.04908262
O[C@H]1[C@H](O)[C@@H](O)CN2CC[C@H](O)[C@H]12,0.0010711428
CCC1=C[C@@H]2CN3CCc4c([nH]c5ccccc45)[C@@](C(=O)OC)(C2)[C@@H]13,1.9359291e-05
Cn1nc(C(C)(C)C)cc1C(=O)N[C@@H](Cc1cccc(Cl)c1)C(=O)NCC#N,0.6596892
O=C1NC(=O)/C(=C\c2ccc(-c3ccc(F)cc3)o2)S1,0.4279909
CCC(=O)O[C@]1(C(=O)CO)CC[C@H]2[C@@H]3CCC4=CC(=O)CC[C@]4(C)[C@H]3CC[C@@]21C,0.0018421174
CN(C)/N=N/c1ccc(C(=O)O)cc1,0.7373294
Cc1cc2c(C(N)=O)cccc2n1-c1nc2c(c(NCc3ccccc3)n1)COCC2,0.7423883
O=C(Cc1cccc(OC(F)(F)F)c1)Nc1ccc(CCCCc2nnc(NC(=O)Cc3ccccn3)s2)nn1,0.012563103
CCS(=O)(=O)N(Cc1cccnc1)c1cccc(-c2ccc(C#N)cc2)c1,0.0026767561
CC(=O)c1ccc2c(c1)c1cc(C(C)=O)ccc1n2CCNC(C)C,2.2727401e-05
NC(=NNc1ccccc1)c1ccccc1,0.003308481
CCN1C(=O)CN=C2NC=C(c3ccc(-c4nnc[nH]4)nc3C)N=C21,0.03378183
CO[C@H]1CC[C@H](N2C(=O)CNc3ncc(-c4ccc(C(C)(C)O)nc4)nc32)CC1,0.9997646
c1cc(OCCN2CCCCC2)cc(-c2n[nH]c3ccc(-c4nnc[nH]4)cc23)c1,0.00374167
C=CC(=O)Nc1cc(C)ccc1Nc1nc(Nc2cc(OC)ncc2C)ncc1C(F)(F)F,0.3302163
O[C@H]1CC[C@H](Nc2ncc3nc(Nc4c(F)cc(F)cc4F)n([C@H]4CCOC4)c3n2)CC1,0.4979712
C[C@@H](ONC(=O)c1cc(C(F)(F)F)cc(C(F)(F)F)c1)C(=O)Nc1ccc(Cl)cc1,0.30189705
Cc1ccc(-n2sc(=O)n(Cc3ccc(F)cc3)c2=O)cc1,0.0027332415
Cc1cccc(Oc2nc3c(C)cccn3c(=O)c2/C=C(\C#N)c2nc3ccccc3s2)c1,9.266248e-06
Cc1cccn2c(=O)c(/C=C(\C#N)c3nc4ccccc4s3)c(Oc3ccc(F)cc3)nc12,9.446973e-05
Cc1cc(C(=CNc2ccc(Cl)cc2)C(=O)Nc2ccc(Cl)cc2)on1,0.19363806
O=C(O)Cc1cc2ccccc2nc1C(=O)O,0.003550322
O=C(CN1C2=NCCN2c2ccccc21)c1ccc(-c2ccccc2)cc1,0.6250367
CCc1cc(-c2n[nH]c(C)c2-c2ccc3c(c2)OCCO3)c(O)cc1O,0.61952585
NC1(Cc2ccc(Cl)cc2)CCN(c2ncnc3[nH]ccc23)CC1,0.82531846
CN(C)c1ccc(-c2nc3ncc(Cl)c(N4CCN(CC(=O)Nc5nccs5)CC4)c3[nH]2)cc1,0.2970976
Cc1cc(CN2CCN(c3c(Br)cnc4nc(-c5ccc(N6CCN(C)CC6)cc5)[nH]c34)CC2)no1,0.0207915
CC(C)(C)c1cc(NC(=O)Nc2ccc(Oc3ccnc4nc(O)cnc34)cc2F)n(-c2ccccc2)n1,0.68753266
N#Cc1cnc(Nc2cc(NC[C@H]3CNCCO3)c(C(F)(F)F)cn2)cn1,0.90217847
O=c1cccc2n1C[C@H]1C[C@@H]2CN(CCN2C[C@@H]3C[C@H](C2)c2cccc(=O)n2C3)C1,0.00025994692
O=C(O)c1ccc(-c2ccc3cc(O)c(C45CC6CC(CC(C6)C4)C5)cc3c2)cc1,0.93260413
O=C(O)c1ccc2cc(-c3ccc(O)c(C45CC6CC(CC(C6)C4)C5)c3)ccc2c1,0.951754
OC[C@H]1O[C@H]2O[C@@H]3[C@@H](O)[C@H](O)[C@H](O[C@@H]4[C@@H](O)[C@H](O)[C@H](O[C@@H]5[C@@H](O)[C@H](O)[C@H](O[C@@H]6[C@@H](O)[C@H](O)[C@H](O[C@@H]7[C@@H](O)[C@H](O)[C@H](O[C@@H]8[C@@H](O)[C@H](O)[C@H](O[C@@H]1[C@@H](O)[C@@H]2O)O[C@@H]8CO)O[C@@H]7CO)O[C@@H]6CO)O[C@@H]5CO)O[C@@H]4CO)O[C@@H]3CO,0.42728543
Nc1[nH]nc2nc3ccccc3nc12,0.012947508
COC[C@H](C)N[C@H]1CC[C@H](Nc2cc(-c3cccc(NCC4(C#N)CCOCC4)n3)c(Cl)cn2)CC1,0.0005340852
N#Cc1cccc(C(=O)Nc2cc(-c3ccccc3)nn2-c2ccccc2)c1,0.1450027
CN(C)[C@]1(c2ccccc2)CC[C@]2(CC1)OCCc1c3cc(F)ccc3[nH]c12,0.6939699
COc1cc2c(Oc3ccc4[nH]c(C)cc4c3F)ncnc2cc1OCCCN1CCCC1,0.9842164
C[C@H]1CC[C@H]2C(C)(C)[C@H]3C[C@@]12CC[C@@]3(C)O,0.00019577754
C[C@@H]1CC[C@H]2C(C)(C)[C@H]3C[C@@]12CC[C@@]3(C)O,0.00023306275
N[C@@H](C(=O)N[C@@H]1C(=O)N2C(C(=O)O)=C(Cl)CS[C@H]12)c1ccccc1,0.9017785
CC1=C(C(=O)O)N2C(=O)[C@@H](NC(=O)[C@H](N)c3ccc(O)cc3)[C@H]2SC1,0.8529783
NC(=O)c1cc[n+](CC2=C(C(=O)O)N3C(=O)[C@@H](NC(=O)Cc4cccs4)[C@H]3SC2)cc1,0.8692249
Cn1nnnc1SCC1=C(C(=O)O)N2C(=O)[C@@H](NC(=O)[C@H](O)c3ccccc3)[C@H]2SC1,0.9131595
Cn1nnnc1SCC1=C(C(=O)O)N2C(=O)[C@@H](NC(=O)[C@H](OC=O)c3ccccc3)[C@H]2SC1,0.9300686
CC(=O)OCC1=C(C(=O)O)N2C(=O)[C@@H](NC(=O)CS/C(=N/C(C)C)NC(C)C)[C@H]2SC1,0.8686251
Cc1nnc(SCC2=C(C(=O)O)N3C(=O)[C@@H](NC(=O)Cn4cnnn4)[C@H]3SC2)s1,0.6462554
CC/C=C(\C(=O)N[C@@H]1C(=O)N2C(C(=O)OCOC(=O)C(C)(C)C)=C(COC(N)=O)CS[C@H]12)c1csc(N)n1,0.6685019
C=CC1=C(C(=O)O)N2C(=O)[C@@H](NC(=O)/C(=N\O)c3csc(N)n3)[C@H]2SC1,0.9090706
CO/N=C(\C(=O)N[C@@H]1C(=O)N2C(C(=O)OCOC(=O)C(C)(C)C)=C(/C=C\c3scnc3C)CS[C@H]12)c1csc(N)n1,0.99844486
CO/N=C(/C(=O)N[C@@H]1C(=O)N2C(C(=O)O)=C(C[N+]3(C)CCCC3)CS[C@H]12)c1csc(N)n1,0.25436345
CO/N=C(\C(=O)N[C@@H]1C(=O)N2C(C(=O)O)=C(C)CS[C@H]12)c1csc(N)n1,0.6061079
CO/N=C(\C(=O)N[C@@H]1C(=O)N2C(C(=O)OCOC(=O)C(C)(C)C)=C(C)CS[C@H]12)c1csc(N)n1,0.9881678
CC(C)(O/N=C(\C(=O)N[C@@H]1C(=O)N2C(C(=O)O)=C(C[N+]3(CCNC(=O)c4ccc(O)c(O)c4Cl)CCCC3)CS[C@H]12)c1csc(N)n1)C(=O)O,0.10866575
C=CC1=C(C(=O)O)N2C(=O)[C@@H](NC(=O)/C(=N\OCC(=O)O)c3csc(N)n3)[C@H]2SC1,0.12556982
CO/N=C(\C(=O)N[C@@H]1C(=O)N2C(C(=O)O)=C(CSc3nnnn3C)CS[C@H]12)c1csc(N)n1,0.85989785
CO[C@@]1(NC(=O)CSCC#N)C(=O)N2C(C(=O)O)=C(CSc3nnnn3C)CS[C@@H]21,0.97965986
CO[C@@]1(NC(=O)CSC[C@@H](N)C(=O)O)C(=O)N2C(C(=O)O)=C(CSc3nnnn3C)CS[C@@H]21,0.5308971
CO/N=C(\C(=O)N[C@@H]1C(=O)N2C(C(=O)O)=C(CSc3nc(C)c(CC(=O)O)s3)CS[C@H]12)c1csc(N)n1,0.72613305
O=C(O)C1=C(CSc2nnnn2CS(=O)(=O)O)CS[C@@H]2[C@H](NC(=O)[C@H](O)c3ccccc3)C(=O)N12,0.6830285
CCN1CCN(C(=O)N[C@@H](C(=O)N[C@@H]2C(=O)N3C(C(=O)O)=C(CSc4nnnn4C)CS[C@H]23)c2ccc(O)cc2)C(=O)C1=O,0.9277579
NCc1ccccc1CC(=O)N[C@@H]1C(=O)N2C(C(=O)O)=C(CSc3nnnn3CC(=O)O)CS[C@H]12,0.41520756
CO/N=C(\C(=O)N[C@@H]1C(=O)N2C(C(=O)O)=C(Cn3ccc(=N)n3CCO)CS[C@H]12)c1csc(N)n1,0.56502163
CO/N=C(\C(=O)N[C@@H]1C(=O)N2C(C(=O)O)=C(COC(C)=O)CS[C@H]12)c1csc(N)n1,0.847448
CO[C@@]1(NC(=O)C2SC(=C(C(N)=O)C(=O)O)S2)C(=O)N2C(C(=O)O)=C(CSc3nnnn3C)CS[C@@H]21,0.36761943
CN(C)CCn1nnnc1SCC1=C(C(=O)O)N2C(=O)[C@@H](NC(=O)Cc3csc(N)n3)[C@H]2SC1,0.95099664
C[C@@H](OC(=O)OC1CCCCC1)OC(=O)C1=C(CSc2nnnn2CCN(C)C)CS[C@H]2[C@@H](NC(=O)Cc3csc(N)n3)C(=O)N12,0.9408641
CO[C@@]1(NC(=O)Cc2cccs2)C(=O)N2C(C(=O)O)=C(COC(N)=O)CS[C@@H]21,0.15439232
CO/N=C(\C(=O)N[C@@H]1C(=O)N2C(C(=O)O)=C(C[n+]3ccn4ncccc43)CS[C@H]12)c1nsc(N)n1,0.23206156
Cc1cc(=O)c(C(=O)N[C@@H](C(=O)N[C@@H]2C(=O)N3C(C(=O)O)=C(CSc4nnnn4C)CS[C@H]23)c2ccc(O)cc2)c[nH]1,0.4913151
CO/N=C(/C(=O)N[C@@H]1C(=O)N2C(C(=O)O)=C(C[n+]3cccc4c3CCC4)CS[C@H]12)c1csc(N)n1,0.9607709
COCC1=C(C(=O)O[C@@H](C)OC(=O)OC(C)C)N2C(=O)[C@@H](NC(=O)/C(=N\OC)c3csc(N)n3)[C@H]2SC1,0.70532656
C/C=C/C1=C(C(=O)O)N2C(=O)[C@@H](NC(=O)[C@H](N)c3ccc(O)cc3)[C@H]2SC1,0.9938094
CC1=C(C(=O)O)N2C(=O)[C@@H](NC(=O)[C@H](N)C3=CCC=CC3)[C@H]2SC1,0.1260223
NC(=O)c1cc[n+](CC2=C(C(=O)O)N3C(=O)[C@@H](NC(=O)[C@@H](c4ccccc4)S(=O)(=O)O)[C@H]3SC2)cc1,0.6353569
CCO/N=C(/C(=O)N[C@@H]1C(=O)N2C(C(=O)O)=C(Sc3nc(-c4cc[n+](C)cc4)cs3)CS[C@H]12)c1nc(=NP(=O)(O)O)s[nH]1,0.6497096
CC(C)(O/N=C(\C(=O)N[C@@H]1C(=O)N2C(C(=O)O)=C(C[n+]3ccccc3)CS[C@H]12)c1csc(N)n1)C(=O)O,0.14294574
Nc1nc(/C(=C/CC(=O)O)C(=O)N[C@@H]2C(=O)N3C(C(=O)O)=CCS[C@H]23)cs1,0.07827551
CO/N=C(\C(=O)N[C@@H]1C(=O)N2C(C(=O)O)=C(CSC(=O)c3ccco3)CS[C@H]12)c1csc(N)n1,0.98743176
CO/N=C(\C(=O)N[C@@H]1C(=O)N2C(C(=O)O)=CCS[C@H]12)c1csc(N)n1,0.1648996
Nc1nc(/C(=N/O)C(=O)N[C@@H]2C(=O)N3C(C(=O)O)=C(/C=C4\CCN([C@@H]5CCNC5)C4=O)CS[C@H]23)ns1,0.91627955
CO/N=C(\C(=O)N[C@@H]1C(=O)N2C(C(=O)O)=C(CSc3nc(=O)c(O)nn3C)CS[C@H]12)c1csc(N)n1,0.7830164
CO/N=C(\C(=O)N[C@@H]1C(=O)N2C(C(=O)O)=C(COC(N)=O)CS[C@H]12)c1ccco1,0.6967391
CO/N=C(\C(=O)N[C@@H]1C(=O)N2C(C(=O)O[C@@H](C)OC(C)=O)=C(COC(N)=O)CS[C@H]12)c1ccco1,0.3210332
Cc1ccc(-c2cc(C(F)(F)F)nn2-c2ccc(S(N)(=O)=O)cc2)cc1,0.06687596
CCCC(=O)O[C@H]1CN2CC[C@H](O)[C@@H]2[C@@H](O)[C@@H]1O,0.03645359
CCN(CC)C(=O)Nc1ccc(OC[C@@H](O)CNC(C)(C)C)c(C(C)=O)c1,0.021279052
CCc1cc(-c2noc(-c3cc(OC)nc(C4CCCC4)c3)n2)cc(C)c1OC[C@@H](O)CO,0.024002478
CCCCOCCOc1ccc(-c2ccc3c(c2)/C=C(/C(=O)Nc2ccc([S@@](=O)Cc4cncn4CCC)cc2)CCCN3CC(C)C)cc1,0.938744
NC(=O)O[C@@H](Cn1ncnn1)c1ccccc1Cl,0.0031778852
c1ccc2cc([C@]34CNC[C@H]3C4)ccc2c1,0.017075775
Nn1cnc2cc3ccccc3cc2c1=O,0.028722564
Cc1cccc(N2CCN(CCc3ccc4ccccc4n3)CC2)c1,0.012735904
CCC(=O)c1ccc(OC[C@@H](O)CN2CCN(c3ccccc3)CC2)cc1,0.00039235997
COc1cc2ncnc(Oc3cccc(NC(=O)Nc4cc(C(C)(C)C(F)(F)F)on4)c3)c2cc1OC,0.6643509
CN1CCN(c2cccc(Nc3nc4c(-c5ccc(S(C)(=O)=O)cc5)cccn4n3)c2)CC1,0.0016757606
CNC(=O)c1ccccc1Nc1nc(Nc2ccc3c(c2OC)CCC[C@H](N2CCN(CCO)CC2)C3)ncc1Cl,0.41376504
COc1cc2nccc(Oc3ccc(NC(=O)c4cn(C(C)C)c(=O)n(-c5ccc(F)cc5)c4=O)cc3F)c2cc1OC,0.6272872
CC1=C(C(=O)O)N2C(=O)[C@@H](NC(=O)[C@H](N)c3ccccc3)[C@H]2SC1,0.25303653
C/C=C(\C)C(=O)N[C@@H](c1ccccc1)[C@@H](O)C(=O)O[C@H]1C[C@@]2(O)[C@@H](OC(=O)c3ccccc3)[C@@H]3[C@]4(OC(C)=O)CO[C@@H]4C[C@H](O)[C@@]3(C)C(=O)[C@H](OC(C)=O)C(=C1C)C2(C)C,9.1837023e-07
CC(=O)OCC1=C2C(=O)[O][Zn][O]C(=O)[C@@H](N)CCCC(=O)N[C@@H]3C(=O)N2[C@@H]3SC1,0.00085786177
CC(=O)OCC1=C(C(=O)O)N2C(=O)[C@@H](NC(=O)Cc3cccs3)[C@H]2SC1,0.6625688
CC(=O)OCC1=C(C(=O)O)N2C(=O)[C@@H](NC(=O)CSc3ccncc3)[C@H]2SC1,0.9881429
COc1ccc2cc1Oc1ccc(cc1)C[C@H]1c3c(cc4c(c3Oc3cc5c(cc3OC)CCN(C)[C@@H]5C2)OCO4)CCN1C,0.050902057
CC1=C(C(=O)O)N2C(=O)[C@@H](NC(=O)[C@H](N)C3=CCC=CC3)[C@@H]2SC1,0.41109955
CCCCCCCCCCCCC/C=C/[C@@H](O)[C@H](CO)NC(C)=O,0.010711317
Cc1cc(Nc2ncc(Cl)c(Nc3ccccc3S(=O)(=O)C(C)C)n2)c(OC(C)C)cc1C1CCNCC1,0.25728613
C/C=C/C/C=C/CCC(=O)[C@H]1O[C@H]1C(N)=O,0.0017184444
CSCC[C@H](NC(=O)[C@H](Cc1c[nH]c2ccccc12)NC(=O)CNC(=O)[C@@H](NC(=O)[C@H](Cc1ccc(OS(=O)(=O)O)cc1)NC(=O)[C@H](CC(=O)O)NC(=O)[C@H](CCC(N)=O)NC(=O)[C@@H]1CCC(=O)N1)[C@@H](C)O)C(=O)N[C@@H](CC(=O)O)C(=O)N[C@@H](Cc1ccccc1)C(N)=O,0.31715715
CCCCCCCCCCCCCCCCNc1ccc(C(=O)O)cc1,0.23770463
CCCCCCCCCCCCCCCCOc1nc2ccc(C)cc2c(=O)o1,0.021900091
O=C(O)COCCN1CCN([C@@H](c2ccccc2)c2ccc(Cl)cc2)CC1,0.010406212
CCCCCCCCCCCCCCCC[N+](C)(C)C,0.3625606
CC(=O)N[C@H](Cc1ccc2ccccc2c1)C(=O)N[C@H](Cc1ccc(Cl)cc1)C(=O)N[C@H](Cc1cccnc1)C(=O)N[C@@H](CO)C(=O)N[C@@H](Cc1ccc(O)cc1)C(=O)N[C@H](CCCNC(N)=O)C(=O)N[C@@H](CC(C)C)C(=O)N[C@@H](CCCNC(=N)N)C(=O)N1CCC[C@H]1C(=O)N[C@H](C)C(N)=O,0.14081164
CCCCCCCCCCCCCCCC[n+]1ccccc1,0.7934
C[C@H]1O[C@]2(CS1)CN1CCC2CC1,1.2917137e-05
CNCCCOc1cc(F)c(-c2c(Cl)nc3ncnn3c2N[C@@H](C)C(F)(F)F)c(F)c1,0.000202131
C[C@H]1CCc2c(cc(Br)c(F)c2Br)N1C=O,0.26308218
COc1ccc2c(c1)[C@]1(C[C@H]1c1ccc3c(/C=C/c4ccc(CN5C[C@@H](C)O[C@@H](C)C5)cc4)[nH]nc3c1)C(=O)N2,0.044771723
Cc1cc(-c2cnn3c(NC[C@H]4C[C@@](C)(O)C4)cc(Oc4cccnc4)nc23)ccc1C(=O)NC1CC1,0.29038358
COc1ccc(NC(=O)c2cc(OCCCN(C)C)nn2Cc2ccccc2)cc1,0.08143078
COc1cc2c(cc1OC)C(c1ccc(N)cc1)=NNC(=O)C2,0.0030619171
O=C(O)c1ccc(/C=C2/SC(=S)N(c3cccc(C(F)(F)F)c3)C2=O)cc1,0.98483616
CNC(=O)[C@H]1O[C@@H](n2cnc3c(NCc4cccc(I)c4)nc(Cl)nc32)[C@H](O)[C@@H]1O,0.001022299
Cc1c(N)cccc1Cn1ccc(OCCc2cccs2)cc1=O,0.34441075
Nc1nc(-c2ccc(Cl)c(Cl)c2)c(-c2ccncc2)s1,0.02021986
O=C(N[C@H](NC(=S)Nc1ccc(F)c([N+](=O)[O-])c1)C(Cl)(Cl)Cl)C(c1ccccc1)c1ccccc1,0.51108366
COc1cc2c(cc1OC(C)C)[C@H](c1ccc(Cl)cc1)N(c1ccc(N(C)C[C@H]3CC[C@H](N4CCN(C)C(=O)C4)CC3)cc1)C(=O)C2,0.7778464
CC(C)(C)NC[C@@H](O)COc1cccc2[nH]c(=O)[nH]c12,0.0015713023
CC(C)(C=O)Cc1cc(C(C)(C)C)c(O)c(C(C)(C)C)c1,0.05663813
Cn1cc(C(F)(F)F)nc1-c1ccc(OC[C@H](O)CNCCOc2ccc(O)c(C(N)=O)c2)cc1,0.019460786
CCN(CC)CCNC(=O)c1cc(C#N)c(Cl)cc1OC,0.036660083
O=C1CS[C@@H](c2ccccc2Cl)c2cc(Cl)ccc2N1,0.005125771
C/C(=C\[C@@H](N)C(=O)O)CP(=O)(O)O,1.1380972e-05
CCOC(=O)[C@H](N)/C=C(\C)CP(=O)(O)O,2.7823985e-08
O=C1NC(=O)c2cc(Nc3ccccc3)c(Nc3ccccc3)cc21,0.28163117
O=C1NC(=O)c2cc(Nc3ccc(F)cc3)c(Nc3ccc(F)cc3)cc21,0.58256567
C[C@H](NC[C@H](O)CP(=O)(O)CC1CCCCC1)c1ccc(Cl)c(Cl)c1,0.94619083
C[C@H](NC[C@H](O)CP(=O)(O)Cc1ccccc1)c1ccc(Cl)c(Cl)c1,0.30351904
Nc1ncnc2n[nH]c(Nc3ccc(F)cc3)c12,0.011031447
OCCCNc1cc(-c2ccnc(Nc3cccc(Cl)c3)n2)ccn1,0.0011453868
Nc1nc(NC[C@H]2CC[C@H](CNS(=O)(=O)c3cccc4ccccc34)CC2)nc2ccccc12,0.42367068
CCn1cnc2c(Nc3cccc(Cl)c3)nc(N[C@@H]3CCCC[C@@H]3N)nc21,0.0021592458
C[C@@H](NCc1cc(Br)cc2[nH]c(=O)c(=O)[nH]c12)P(=O)(O)O,0.8289711
CC(C)(CO)Cc1cc(C(C)(C)C)c(O)c(C(C)(C)C)c1,0.025582604
Nc1nc2ccc(Cl)cc2c2nc(-c3ccco3)nn12,0.6115792
COc1ccc(-n2[nH]c3c4c(ncc3c2=O)CCCCC4)cc1,0.051958095
CCNC(=O)[C@H]1O[C@@H](n2cnc3c(N)nc(NCCc4ccc(CCC(=O)O)cc4)nc32)[C@H](O)[C@@H]1O,0.36896473
O=c1c2cnc3ccccc3c2[nH]n1-c1ccc(Cl)cc1,0.61552453
Cc1nc(Cn2cnc3c2c(=O)n(C)c(=O)n3C)no1,0.7174584
Cc1nc2ccc(-n3ncc(C(=O)c4cc5ccccc5[nH]4)c3N)cc2[nH]1,0.019636922
N#C/C(=C\c1ccc(O)cc1)C(=O)O,0.0014568995
C[C@H](CCC(=O)O)[C@H]1CC[C@H]2[C@@H]3[C@H](O)C[C@@H]4C[C@H](O)CC[C@]4(C)[C@H]3CC[C@]12C,0.2012011
O=C(O)C1(c2ccc(-c3ccc(Cl)c(Cl)c3)c(F)c2)CC1,0.8632205
COc1cc(-c2ccc(NN=C3C=Cc4c(S(=O)(=O)O)cc(S(=O)(=O)O)c(N)c4C3=O)c(OC)c2)ccc1NN=C1C=Cc2c(S(=O)(=O)O)cc(S(=O)(=O)O)c(N)c2C1=O,0.049464006
Nc1ccc(F)cc1NC(=O)c1ccc(CNC(=O)/C=C/c2cccnc2)cc1,0.019679798
O=S(=O)(O)c1cc(I)c(O)c2ncccc12,0.061471023
O=c1[nH]c2ccc(Cl)cc2c(N[C@@H]2CN3CCC2CC3)c1-c1nc2ccccc2[nH]1,0.62712926
Nc1nc(NCCNc2ncc(-n3ccnc3)c(-c3ccc(Cl)cc3Cl)n2)ccc1[N+](=O)[O-],0.4392005
Cc1c[nH]c(-c2cnc(NCCNc3ccc(C#N)cn3)nc2-c2ccc(Cl)cc2Cl)n1,0.8742081
OC[C@@H](O)[C@H]1O[C@@H]2O[C@H](C(Cl)(Cl)Cl)O[C@@H]2[C@H]1O,0.01879325
O=C(O)CCCc1ccc(N(CCCl)CCCl)cc1,0.008516576
Cc1ccc(S(=O)(=O)NCl)cc1,0.0033881243
O=C(N[C@H](CO)[C@H](O)c1ccc([N+](=O)[O-])cc1)C(Cl)Cl,0.080070525
CCCCCCCCCCCCCCCC(=O)OC[C@@H](NC(=O)C(Cl)Cl)[C@H](O)c1ccc([N+](=O)[O-])cc1,0.083539285
O=C(O)CCC(=O)OC[C@@H](NC(=O)C(Cl)Cl)[C@H](O)c1ccc([N+](=O)[O-])cc1,0.0453666
Nc1ncnc(Nc2ccc(Cl)cc2)n1,0.07594833
CN1CCN([C@@H](c2ccccc2)c2ccc(Cl)cc2)CC1,0.00706306
O=S(=O)(Oc1ccc(Cl)cc1)c1ccc(Cl)cc1,0.00018356337
N=C(N=C(N)Nc1ccc(Cl)cc1)NCCCCCCNC(=N)N=C(N)Nc1ccc(Cl)cc1,0.47495022
Oc1ccc(Cl)c2c1CCC2,0.039032776
O=C1c2ccccc2C(=O)C1c1ccc(Cl)cc1,0.0037650813
C[N+](C)(C)CC[N+]1(C)Cc2c(Cl)c(Cl)c(Cl)c(Cl)c2C1,0.013136061
CC(=O)O[C@]1(C(C)=O)CC[C@H]2[C@@H]3C=C(Cl)C4=CC(=O)CC[C@]4(C)[C@H]3CC[C@@]21C,0.016302256
CN1C(=O)CCS(=O)(=O)[C@@H]1c1ccc(Cl)cc1,0.0017032445
Cc1nc2ccccc2n1Cc1ccc(Cl)cc1,0.044752046
CC(C)(O)C(Cl)(Cl)Cl,1.1190993e-07
Cc1cc(O)ccc1Cl,0.0009571708
O=C(/C=C/c1ccc(O)c(O)c1)O[C@@H]1C[C@](O)(C(=O)O)C[C@@H](O)[C@H]1O,1.5607115e-05
C=CC1=C(C)c2cc3[nH]c(c(CC(=O)O)c4[nH]c(cc5nc(cc1n2)C(C)=C5CC)c(C)c4C(=O)O)[C@@H](CCC(=O)O)[C@@H]3C,0.0086887125
C=Cc1c(C)c2[n]3c1/C=C1\N=C(/C=c4/c(C)c(C(=O)O)/c([n]4[Cu]3)=C(\CC(=O)O)C3=N/C(=C\2)[C@@H](C)[C@@H]3CCC(=O)O)C(CC)=C1C,0.84287286
CCN(CC)CCOC(=O)c1ccc(N)cc1Cl,0.00017130883
CN(C)CCN(Cc1ccc(Cl)cc1)c1ccccn1,0.015399025
CCN(CC)CCC[C@@H](C)Nc1ccnc2cc(Cl)ccc12,0.0003118719
NS(=O)(=O)c1cc2c(cc1Cl)N=CNS2(=O)=O,0.070099734
Cc1cc(O)c(C(C)C)cc1Cl,0.0012821882
COc1ccc(C(Cl)=C(c2ccc(OC)cc2)c2ccc(OC)cc2)cc1,0.00010186929
Oc1c(Cl)cc(Cl)c2cccnc12,0.2937086
O=c1cc[nH]c2cc(Cl)ccc12,0.023426587
Cc1cc(O)cc(C)c1Cl,5.278102e-05
CN(C)CC[C@@H](c1ccc(Cl)cc1)c1ccccn1,0.09486217
OC[C@@H](O)COc1ccc(Cl)cc1,0.000101279715
CN(C)CCO[C@@](C)(c1ccccc1)c1ccc(Cl)cc1,0.008972009
NC(=O)OC[C@@H](O)COc1ccc(Cl)cc1,5.181597e-06
CC(C)NC(=N)N=C(N)Nc1ccc(Cl)c(Cl)c1,0.06050364
CN(C)CCCN1c2ccccc2Sc2ccc(Cl)cc21,0.00072988507
CCCNC(=O)NS(=O)(=O)c1ccc(Cl)cc1,6.897743e-05
CC(C)OC(=O)Nc1cccc(Cl)c1,0.00181966
CN(C)CC/C=C1/c2ccccc2Sc2ccc(Cl)cc21,0.017625727
CCOP(=S)(OCC)Oc1nc(Cl)c(Cl)cc1Cl,0.3902333
Cc1ccc2c(Cl)cc(Cl)c(O)c2n1,0.79779994
CN(C)[C@@H]1C(=O)[C@@H](C(N)=O)C(=O)[C@@]2(O)C(=O)[C@H]3C(=O)c4c(O)ccc(Cl)c4[C@@](C)(O)[C@H]3C[C@@H]12,0.9996251
NS(=O)(=O)c1cc([C@@]2(O)NC(=O)c3ccccc32)ccc1Cl,0.27534238
O=c1[nH]c2cc(Cl)ccc2o1,0.0012222345
C=C1CC[C@H](O)C/C1=C/C=C1\CCC[C@]2(C)[C@@H]([C@H](C)CCCC(C)C)CC[C@@H]12,0.00021335491
CC(C)CCC[C@@H](C)[C@H]1CC[C@H]2[C@@H]3CC=C4C[C@@H](O)CC[C@]4(C)[C@H]3CC[C@]12C,1.9673997e-05
C[C@H](CCC(=O)O)[C@H]1CC[C@H]2[C@@H]3[C@H](O)C[C@@H]4C[C@H](O)CC[C@]4(C)[C@H]3C[C@H](O)[C@]12C,0.19661017
C[N+](C)(C)CCO,9.648588e-07
C[N+](C)(C)CCOP(=O)(O)OC[C@H](O)CO,0.00067978
N[C@@H](C(=O)O)c1cc(O)ccc1Cl,0.013633641
CCCNc1ccc2ncc(-c3ccc4n[nH]cc4c3)n2n1,0.028612358
CCS(=O)(=O)N(C)[C@@H]1c2cc(C#N)ccc2OC(C)(C)[C@H]1O,0.011949455
CCS(=O)(=O)N(C)[C@H]1c2cc(C#N)ccc2OC(C)(C)[C@@H]1O,0.010264527
O=C([O][Cr]([O]C(=O)c1ccccn1)[O]C(=O)c1ccccn1)c1ccccn1,0.02718228
O=C(O)c1cc(=O)c2ccccc2o1,0.03850463
O=c1cc(-c2ccccc2)oc2cc(O)cc(O)c12,0.014678205
Cc1cc(O)c2c(c1)C(=O)c1cccc(O)c1C2=O,0.07388443
Cc1nc(C)c(C)nc1C,1.3781197e-06
Cc1ccccc1/N=N/c1ccc(NC(=O)c2ccnn2C)c(C)c1,0.4414936
CS(=O)(=O)N1CCc2c(-c3cnc(N)nc3)nc(N3CCOCC3)nc21,0.7996081
CC(C)(C)c1cc(C(=O)/C=C/c2ccc(C(=O)O)cc2)cc(C(C)(C)C)c1,0.10627971
c1ccc(Oc2cccnc2)cc1,0.0007602829
CCN[C@@H](C)CN1CCc2c(c(=O)oc3ccccc23)C1,0.0036022507
Cc1cccc(Cl)c1NC(=O)Nc1ccncc1,0.0020147017
O=C(O)C1=CCCN(CCOC(c2ccc(C(F)(F)F)cc2)c2ccc(C(F)(F)F)cc2)C1,0.08254858
CCCCCCCCCCC(C)(C)C(=O)Nc1c(OC)cc(OC)cc1OC,0.0038633505
c1ccc2c(c1)C1=N/C2=N\c2c3ccccc3c3[n]2[Zn][n]2/c(c4ccccc4/c2=N/C2=N/C(=N\3)c3ccccc32)=N\1,8.326236e-06
Oc1cc(O)c2c(c1)O[C@H](c1ccc(O)c(O)c1)[C@@H](O)C2,0.004244011
c1ccc(C2(c3ccccc3)C[C@H]2C2=NCCN2)cc1,0.0097356085
CC(C)C(=O)OCC(=O)[C@@]12O[C@H](C3CCCCC3)O[C@@H]1C[C@H]1[C@@H]3CCC4=CC(=O)C=C[C@]4(C)[C@H]3[C@@H](O)C[C@@]12C,0.3883716
Cc1cc(C2CCCCC2)n(O)c(=O)c1,0.0013660053
C[C@@H](C(=O)O)c1ccc2c(c1)Cc1ccccc1-2,0.0076070433
Cc1ccc(-c2n[nH]c3c2[C@H](c2cccc(O)c2)N(c2ccc(C(=O)O)cc2)C3=O)cc1,0.23887654
O=C(Nc1ccc(CN2CCOCC2)cc1)c1ccc(-c2cccc(Cl)c2)o1,0.06949832
COC(=O)c1cnn(-c2ccc(F)cc2F)c1/C=N/NC(=S)NC(C)(C)C,0.0006944256
OC1=c2ccccc2=C(NC2CCCCC2)/C1=C\c1ccccc1,0.013136148
Nc1ccn(C[C@@H](CO)OCP(=O)(O)O)c(=O)n1,6.858435e-05
CC1(COc2ccc(C[C@H]3SC(=O)NC3=O)cc2)CCCCC1,0.21867898
CC1(C)C[C@@H]1C(=O)N/C(=C\CCCCSC[C@H](N)C(=O)O)C(=O)O,0.09105159
CCOC(=O)[C@H](CCc1ccccc1)N[C@H]1CCCN2CCC[C@@H](C(=O)O)N2C1=O,0.0006190906
CC(C)[C@H]1C(=O)N[C@@H](CCCNC(=N)N)C(=O)NCC(=O)N[C@@H](CC(=O)O)C(=O)N[C@H](Cc2ccccc2)C(=O)N1C,8.7876615e-05
COCCOC(=O)C1=C(C)NC(C)=C(C(=O)OC/C=C/c2ccccc2)[C@@H]1c1cccc([N+](=O)[O-])c1,1.932817e-05
O=C(O)c1ccnc(N2CC(O)(c3ccc(OCc4c(-c5c(Cl)cccc5Cl)noc4C4CC4)cc3Cl)C2)c1,0.9819266
COc1ccc([C@]2(C#N)CC[C@@H](C(=O)O)CC2)cc1OC1CCCC1,0.32072267
CN(C(=O)CCCOc1ccc2[nH]c(=O)ccc2c1)C1CCCCC1,0.008243774
O=C1CCc2cc(OCCCCc3nnnn3C3CCCCC3)ccc2N1,3.977961e-05
COc1ccc2c(O[C@@H]3C[C@H]4C(=O)N[C@]5(C(=O)O)C[C@H]5/C=C\CCCCC[C@H](NC(=O)OC5CCCC5)C(=O)N4C3)cc(-c3csc(NC(C)C)n3)nc2c1,0.55075127
Cc1cc(NC(=O)[C@H](c2ccccc2)N2CCCc3ccccc32)no1,0.060684122
CC(C)NC[C@@H](O)c1ccc(N)c(C#N)c1,0.14634603
CN/C(=N\C#N)NCCSCc1[nH]cnc1C,0.00015593716
C[C@@H](NCCCc1cccc(C(F)(F)F)c1)c1cccc2ccccc12,0.17797393
O=C(O)CCCCN(CCc1ccccc1OCc1ccc(CCc2ccccc2)cc1)Cc1ccc(C(=O)O)cc1,0.34069398
CCC(CC)(CC(=O)Nc1cccc(/C=C/c2nc(C3CCC3)cs2)c1)C(=O)O,0.010631289
CN(C)CCCSc1ccccc1NC(=O)/C=C/c1ccccc1,0.00060687744
CCCCOc1cc(C(=O)NCCN(CC)CC)c2ccccc2n1,0.004832936
C=C[C@H]1C[N@@]2CC[C@H]1C[C@H]2[C@H](O)c1ccnc2ccccc12,0.21950985
C=C[C@H]1C[N@@]2CC[C@H]1C[C@@H]2[C@@H](O)c1ccnc2ccccc12,0.12334183
O=C(O)c1cc(-c2ccccc2)nc2ccccc12,0.0419327
CCOC(=O)CN1CCN(C(=O)/C=C/c2cc(OC)c(OC)c(OC)c2)CC1,0.009916239
COc1cc(/C=C/C(=O)N2CCN(CC(=O)N3CCCC3)CC2)cc(OC)c1OC,0.059379302
O=C(/C=C/c1cccc(F)c1)NC1CC1,0.010627318
O=C/C=C/c1ccccc1,0.00028324235
C(=C/c1ccccc1)\CN1CCN(C(c2ccccc2)c2ccccc2)CC1,0.0043611187
CC(=O)O[C@H]1[C@H]2O[C@]23[C@@H]2CC[C@]4(O)C[C@@H](O)CC[C@]4(C)[C@H]2CC[C@]3(C)[C@H]1c1ccc(=O)oc1,0.01448007
COc1cc(/C=C/C(=O)N2CCCCCCC2)cc(OC)c1OC,0.005642409
CCn1nc(C(=O)O)c(=O)c2cc3c(cc21)OCO3,0.09691824
CCOCCOC(=O)/C=C/c1ccc(OC)cc1,0.0058241882
CCOC(=O)Nc1ccc2c(c1)N(C(=O)CN(CC)CC)c1ccccc1CC2,0.0015276298
CCNC(=O)/C=C/c1cccc(Br)c1,0.22791642
CC(C)(C[C@H]1CN(S(=O)(=O)c2cccc(C(F)(F)F)c2)c2cc(-c3cc(F)cc(OC(F)F)c3)ccc2O1)C(=O)O,0.9855714
COc1cc(/C=C/C(N)=O)cc(OC)c1OC,0.102384076
Nc1nc2c([nH]1)c(=O)n(CC1CC1)c(=O)n2CC1CC1,4.6104135e-05
C[C@H]1Cc2c([nH]c3cc(Cl)c(F)cc23)[C@@]2(N1)C(=O)Nc1ccc(Cl)cc12,0.985016
CN1C(=O)N(C[C@H](C(=O)NO)[C@@H](CC2CCCC2)C(=O)N2CCCCC2)C(=O)C1(C)C,2.665137e-05
CC(C)(Oc1ccc([C@H]2CC2(Cl)Cl)cc1)C(=O)O,0.043976914
O=C(O)c1cn(C2CC2)c2cc(N3CCNCC3)c(F)cc2c1=O,0.9582192
O=C(c1ccc(OCCCc2cnc[nH]2)cc1)C1CC1,0.0010434928
COc1ccc(OC[C@@H]2c3cc(OC)c(OC)cc3CCN2C(=O)c2cccc(Cl)c2)cc1,0.014078015
c1ccc(C2CC2)c(OCC2=NCCN2)c1,7.358173e-05
O=C(O)/C=C(/CC(=O)O)C(=O)O,1.6356835e-05
N[C@]1(C(=O)O)CC[C@@H](C(=O)O)C1,0.0009530536
CC1(C)[C@H]2CC[C@]1(C)[C@@H](O)[C@H]2O,0.26241195
O=C(O)/C=C/c1cnc[nH]1,0.0031533525
CCCCCC/C=C/C=C\CCCCCCCC(=O)O,0.003889188
COc1cc(N)c(Cl)cc1C(=O)N[C@@H]1CCN(CCCOc2ccc(F)cc2)C[C@@H]1OC,0.3370507
COc1ccc(C[C@@H]2c3cc(OC)c(OC)cc3CC[N@+]2(C)CCC(=O)OCCCCCOC(=O)CC[N@@+]2(C)CCc3cc(OC)c(OC)cc3[C@H]2Cc2ccc(OC)c(OC)c2)cc1OC,0.03948072
[NH2][Pt]([NH2])([Cl])[Cl],0.00026793763
CN(C)CCC[C@@]1(c2ccc(F)cc2)OCc2cc(C#N)ccc21,0.015074433
O=C(CCCCCCNC(=O)c1cnc(N(c2ccccc2)c2ccccc2Cl)nc1)NO,0.19214006
Clc1ccc(-c2nc3sccn3c2/C=N/OCc2ccc(Cl)c(Cl)c2)cc1,0.2398175
C[N+](C)(C)CCOP(=O)(O)OP(=O)(O)OC[C@H]1O[C@@H](n2ccc(N)nc2=O)[C@H](O)[C@@H]1O,4.2991414e-05
CC(=O)N[C@H]1CCSC1=O,0.036742184
O=C(O)CC(O)(CC(=O)O)C(=O)O,0.0001687631
Cc1cn2c(N)c(Cl)cc(C(=O)NCC3CCN(CC(C)C)CC3)c2n1,0.24336556
Cc1nccn1-c1ccc(Sc2cccc(C3(C(N)=O)CCOCC3)c2)cc1,0.010518932
C=CC(=O)Nc1cccc(-c2cccc3cnc(Nc4ccc(N5CCN(CCO)CC5)c(F)c4F)nc23)c1,0.030063953
Cc1[nH]c2ccccc2c1CCNC(=O)c1cccs1,0.013003172
Oc1cc2c(cc1O)[C@H](Cc1cccc3ccccc13)NCC2,7.294798e-05
NCCNS(=O)(=O)c1ccc(Cl)c2ccncc12,0.051582474
Cc1nnc2ccc(-c3cccc(C(F)(F)F)c3)nn12,0.0028840972
N#CCC(=O)c1ccccc1,4.692413e-07
Nc1nc(Cl)nc2c1ncn2[C@H]1C[C@H](O)[C@@H](CO)O1,0.21430343
CNC(=S)NS(=O)(=O)c1cc(CCNC(=O)c2cc(Cl)ccc2OC)ccc1OC,0.014391106
CN(C)c1cccc(F)c1C(=O)NC(=O)Nc1ccc(Cl)cc1,0.011767541
CC[C@H]1OC(=O)[C@H](C)[C@@H](O[C@H]2C[C@@](C)(OC)[C@@H](O)[C@H](C)O2)[C@H](C)[C@@H](O[C@@H]2O[C@H](C)C[C@H](N(C)C)[C@H]2O)[C@](C)(OC)C[C@@H](C)C(=O)[C@H](C)[C@@H](O)[C@]1(C)O,0.6227968
O=C(O)[C@H]1/C(=C/CO)O[C@@H]2CC(=O)N21,0.0010078773
COc1cc(N)c(Cl)cc1C(=O)NC1CCN(Cc2ccccc2)CC1,0.021611163
CN1CCC[C@@H]1CCO[C@](C)(c1ccccc1)c1ccc(Cl)cc1,0.00043879746
Clc1ccc(Cn2c(CN3CCCC3)nc3ccccc32)cc1,0.0009363403
CC(C)(C)NC[C@@H](O)c1cc(Cl)c(N)c(Cl)c1,0.060668476
CCCC(=O)OCOC(=O)C1=C(C)NC(C)=C(C(=O)OC)[C@@H]1c1cccc(Cl)c1Cl,0.0030586657
Cc1cn([C@H]2O[C@@H](CO)[C@H](O)[C@H]2F)c(=O)[nH]c1=O,0.08948761
CC(C)(C)C(=O)[C@@H](Oc1ccc(Cl)cc1)n1ccnc1,0.018780472
N[C@H]1CCN(c2c(F)cc3c(=O)c(C(=O)O)cn(C4CC4)c3c2Cl)C1,0.9994111
CCC[C@@H]1C[C@@H](C(=O)N[C@@H]([C@H]2O[C@H](SC)[C@H](O)[C@@H](O)[C@H]2O)[C@H](C)Cl)N(C)C1,0.9940795
CCCCCCCCCCCCCCCC(=O)O[C@@H]1[C@@H](O)[C@@H](O)[C@@H]([C@H](NC(=O)[C@@H]2C[C@@H](CCC)CN2C)[C@H](C)Cl)O[C@@H]1SC,0.9948496
CCC[C@@H]1C[C@@H](C(=O)N[C@@H]([C@H]2O[C@H](SC)[C@H](OP(=O)(O)O)[C@@H](O)[C@H]2O)[C@H](C)Cl)N(C)C1,0.894513
CCC(C)(Oc1ccc(C2(c3ccc(O[C@](C)(CC)C(=O)O)cc3)CCCCC2)cc1)C(=O)O,0.8706055
Oc1c(I)cc(Cl)c2cccnc12,0.16282646
N=C(NCc1ccc(Cl)cc1)SCCCc1cnc[nH]1,0.0005037642
CCC(=O)O[C@]1(C(=O)CCl)[C@@H](C)C[C@H]2[C@@H]3CCC4=CC(=O)C=C[C@]4(C)[C@@]3(F)[C@@H](O)C[C@@]21C,0.002872592
CCCC(=O)O[C@]1(C(=O)CCl)[C@@H](C)C[C@H]2[C@@H]3CCC4=CC(=O)C=C[C@]4(C)[C@@]3(F)C(=O)C[C@@]21C,0.0007895289
C[C@@H](CN(C)C)C(C)(O)Cc1ccc(Cl)cc1,0.00015113212
C[C@@H]1C[C@H]2[C@@H]3C[C@H](F)C4=CC(=O)C=C[C@]4(C)[C@@]3(Cl)[C@@H](O)C[C@]2(C)[C@H]1C(=O)COC(=O)C(C)(C)C,0.010266533
O=P(O)(O)C(Cl)(Cl)P(=O)(O)O,1.7582404e-12
Nc1nc(Cl)nc2c1ncn2[C@@H]1O[C@H](CO)[C@@H](O)[C@@H]1F,0.47478813
CC(C)/N=c1\cc2n(-c3ccc(Cl)cc3)c3ccccc3nc-2cc1Nc1ccc(Cl)cc1,0.19858865
CN(C)CC[C@@](O)(c1ccccc1)c1ccccc1Cl,0.0011288987
CCOC(=O)C(C)(C)Oc1ccc(Cl)cc1,0.0014544602
CC(C)(Oc1ccc(Cl)cc1)C(=O)O,0.0038067484
CCCCCCC[N+](CC)(CC)CCCCc1ccc(Cl)cc1,0.00916497
CC(C)(C)CC(C)(C)c1ccc(O)c(Cc2ccc(Cl)cc2Cl)c1,0.8790056
CS(=O)(=O)CS(=O)(=O)OCCCl,2.8208562e-05
Cc1ncsc1CCCl,0.0004864072
CCN(CC)CCOc1ccc(/C(=C(\Cl)c2ccccc2)c2ccccc2)cc1,7.846347e-05
CN(C)CCCN1c2ccccc2CCc2ccc(Cl)cc21,0.0032855396
Clc1cccc(Cl)c1NC1=NCCN1,0.0021801954
Cc1c(Cl)cccc1Nc1ncccc1C(=O)O,0.15097797
C[C@@H]1CCC[C@H](C)N1NC(=O)c1ccc(Cl)c(S(N)(=O)=O)c1,0.06185581
Clc1ccc([C@@H](OCCN2CCCCC2)c2ccccc2)cc1,0.0021152464
Clc1ccc(C(OCCN2CCCCC2)c2ccccc2)cc1,0.00010578979
COC(=O)[C@H](c1ccccc1Cl)N1CCc2sccc2C1,0.00094215357
Cc1[nH]c(C)c(Cl)c(=O)c1Cl,0.113698155
O=C(O)CCC/C=C\C[C@@H]1[C@@H](/C=C/[C@@H](O)COc2cccc(Cl)c2)[C@H](O)C[C@@H]1O,0.00019176233
CC(C)(C)NC[C@@H](O)COc1cc(Cl)ccc1Cl,0.012808082
C#CCN(C)CCCOc1ccc(Cl)cc1Cl,0.022270363
CN1CCN([C@H]2Cc3ccccc3Sc3ccc(Cl)cc32)CC1,0.1723319
CC(C)NC[C@@H](O)c1ccccc1Cl,0.0010998135
Nc1cc(C(Cl)=C(Cl)Cl)c(S(N)(=O)=O)cc1S(N)(=O)=O,0.41447198
Cc1cc([C@@H](C#N)c2ccc(Cl)cc2)c(Cl)cc1NC(=O)c1cc(I)cc(I)c1O,0.9951114
CN1CCN(C2=Nc3ccccc3Sc3ccc(Cl)cc32)CC1,0.20919196
Clc1ccccc1C(c1ccccc1)(c1ccccc1)n1ccnc1,0.00038773165
Cc1onc(-c2ccccc2Cl)c1C(=O)N[C@@H]1C(=O)N2[C@@H]1SC(C)(C)[C@@H]2C(=O)O,0.96602196
Oc1ccc(Cl)c2cccnc12,0.096948735
CN1CCN(C2=Nc3cc(Cl)ccc3Nc3ccccc32)CC1,0.10301841
C[C@H](Cc1ccc2c(c1)OC(C(=O)O)(C(=O)O)O2)NC[C@H](O)c1cccc(Cl)c1,0.00052981265
Cc1cccc(F)c1C(=O)Nc1cnc(-c2cc3c(cc2Cl)OC(F)(F)O3)cn1,0.7163322
O=C(CCCc1ccc(-c2ccccc2F)cc1)Nc1ccc(O)cc1,0.14582159
N#Cc1cc2[nH]c(=O)c(=O)[nH]c2cc1[N+](=O)[O-],0.38521636
C=CC(=O)Nc1cccc(Nc2nc(Nc3ccc(NC4CN(CCF)C4)cc3OC)ncc2C(F)(F)F)c1,0.42027402
C=CC(=O)Nc1cccc(Nc2nc(Nc3ccc(Oc4ccnc(C(=O)NC)c4)cc3)ncc2F)c1,0.09541237
Cc1ccc(CC2(O)CCN(CCOc3ccc(O)cc3)CC2)cc1,0.00036076296
NC(=O)N/N=C/c1ccc(Oc2ccc(F)cc2)cc1,0.0038454782
CC(C)c1nc(CN(C)C(=O)N[C@@H](CCN2CCOCC2)C(=O)N[C@H](CC[C@H](Cc2ccccc2)NC(=O)OCc2cncs2)Cc2ccccc2)cs1,0.37805527
O=C(c1ccc(F)c(F)c1Nc1ccc(I)cc1F)N1CC(O)([C@@H]2CCCCN2)C1,0.18257272
CC(C)(COP(=O)(O)OP(=O)(O)OC[C@H]1O[C@@H](n2cnc3c(N)ncnc32)[C@H](O)[C@@H]1OP(=O)(O)O)[C@@H](O)C(=O)NCCC(=O)NCCS,0.87161297
NC(=O)C1=CN([C@@H]2O[C@H](COP(=O)(O)OP(=O)(O)OC[C@H]3O[C@@H](n4cnc5c(N)ncnc54)[C@H](O)[C@@H]3O)[C@@H](O)[C@H]2O)C=CC1,0.99479526
COC1=C(OC)C(=O)C(C/C=C(\C)CC/C=C(\C)CC/C=C(\C)CC/C=C(\C)CC/C=C(\C)CC/C=C(\C)CC/C=C(\C)CC/C=C(\C)CC/C=C(\C)CCC=C(C)C)=C(C)C1=O,0.00040679993
O=C(Nc1nc(-c2ccc(O)c(O)c2)c(-c2ccccc2)s1)c1ccc(O)c(O)c1,2.155861e-08
COc1cc2c(c(OC)c1OC)-c1ccc(OC)c(=O)cc1[C@@H](NC(C)=O)CC2,0.62749547
C=C[C@@]1(C)CC(=O)[C@]2(O)[C@@]3(C)[C@@H](O)CCC(C)(C)[C@@H]3[C@H](O)[C@H](OC(C)=O)[C@@]2(C)O1,0.00010797921
C=C[C@@]1(C)CC(=O)[C@]2(O)[C@@]3(C)[C@@H](O)CCC(C)(C)[C@@H]3[C@H](OC(=O)CCN(C)C)[C@H](OC(C)=O)[C@@]2(C)O1,0.0007684262
CCCCCCCCCCCCCCCC(=O)OC[C@H](CO[P@@](=O)(O)OCC[N+](C)(C)C)OC(=O)CCCCCCCCCCCCCCC,0.040324103
CC(C)CCCC(=O)N[C@@H](CCNCS(=O)(=O)O)C(=O)N[C@H](C(=O)N[C@@H](CCNCS(=O)(=O)O)C(=O)N[C@H]1CCNC(=O)[C@H]([C@@H](C)O)NC(=O)[C@H](CCNCS(=O)(=O)O)NC(=O)[C@H](CCNCS(=O)(=O)O)NC(=O)[C@H](CC(C)C)NC(=O)[C@H](CC(C)C)NC(=O)[C@H](CCNCS(=O)(=O)O)NC1=O)[C@@H](C)O,0.8552332
CC[C@@H](C)CCCC(=O)N[C@@H](CCN)C(=O)N[C@H](C(=O)N[C@@H](CCN)C(=O)N[C@H]1CCNC(=O)[C@H]([C@@H](C)O)NC(=O)[C@H](CCN)NC(=O)[C@H](CCN)NC(=O)[C@H](CC(C)C)NC(=O)[C@@H](CC(C)C)NC(=O)[C@H](CCN)NC1=O)[C@@H](C)O,0.08489691
COc1ccc(/C=C\c2cc(OC)c(OC)c(OC)c2)cc1O,9.9152065e-05
O=C(O)c1cc(Oc2ccc([N+](=O)[O-])cc2)cc(Oc2ccc([N+](=O)[O-])cc2)c1,0.79255223
O=c1cc(N2CCOCC2)nc2c3ccccc3ccn12,0.0020783036
COc1cccc(CN2C[Si](C)(C)O[Si](C)(C)C2)c1,8.883136e-11
Cc1nc2c([nH]1)CCN(C(=O)c1ccc(NC(=O)c3ccccc3-c3ccccc3)cc1)c1ccccc1-2,0.0024425362
C[C@@H]1O[C@@H](O[C@H]2CC[C@]3(C=O)[C@H]4CC[C@]5(C)[C@@H](C6=CC(=O)OC6)CC[C@]5(O)[C@@H]4CC[C@]3(O)C2)[C@H](O)[C@H](O)[C@H]1O,9.795433e-05
COc1c(OCCCN2CCOCC2)ccc2c1N=C(NC(=O)c1cnc(N)nc1)N1CCN=C21,0.6450518
N[C@H](Cc1cnc[nH]1)C(=O)O,0.014637146
CCCCCn1cc(C(=O)NC23CC4CC(CC(C4)C2)C3)c(=O)c2cc(-c3ccccc3)ccc21,0.43477726
Nc1ncnc2c1ncn2[C@@H]1O[C@H](CO)C[C@H]1O,0.015829895
C[C@H]1[C@H](C)CC[C@]2(C(=O)O)CC[C@]3(C)C(=CC[C@@H]4[C@@]5(C)C[C@@H](O)[C@H](O)C(C)(C)[C@@H]5CC[C@]43C)[C@H]12,9.7737866e-05
CCOC[C@]12Cc3cnn(-c4ccc(F)cc4)c3C=C1CCN(S(=O)(=O)c1ccc(C(F)(F)F)cc1)C2,0.38938433
C[C@]12C[C@H](O)[C@H]3[C@@H](CCC4=CC(=O)CC[C@@]43C)[C@@H]1CC[C@@H]2C(=O)CO,0.00849782
C[C@]12CCC(=O)C=C1CC[C@@H]1[C@@H]2C(=O)C[C@@]2(C)[C@H]1CC[C@]2(O)C(=O)CO,0.21243608
CC(=O)OCC(=O)[C@@]1(O)CC[C@H]2[C@@H]3CCC4=CC(=O)CC[C@]4(C)[C@H]3C(=O)C[C@@]21C,0.127392
C[C@]12CCC(=O)C=C1CC[C@@H]1[C@@H]2CC[C@@]2(C)[C@H]1CC[C@]2(O)C(=O)CO,0.30264643
C=C1C(=O)O[C@@H]2/C=C(\C)CC/C=C(\C)CC[C@@H]12,0.018636286
N#Cc1cnc2c(Cl)cc(NCc3cn(CCN4CCCCCC4)nn3)cc2c1Nc1ccc(F)c(Cl)c1,0.10137025
CCN1CCC(n2cc(CNc3cc(Cl)c4ncc(C#N)c(Nc5ccc(F)c(Cl)c5)c4c3)nn2)CC1,0.53146374
S=C(N/N=C1\CCCc2cccnc21)N1CCN(c2ccccn2)CC1,0.24823882
CN1C(=O)CC[C@H]1c1cccnc1,0.007931886
O=c1ccc2ccccc2o1,0.012942749
CCOP(=S)(OCC)Oc1ccc2c(C)c(Cl)c(=O)oc2c1,0.004496998
O=C(O)C1(c2ccc3c(c2)OC[C@H](Cc2ccc(-c4ccccc4)cc2)[C@H]3O)CCCC1,0.80489045
CON(C)C(=O)[C@H](O)[C@H](Cc1ccccc1)NC(=O)c1cc2cc(Cl)ccc2[nH]1,2.6024874e-05
CCCCC/N=c1\ccn(Cc2ccccc2)c2ccccc12,0.61203516
CCC(CC)Nc1cc(C)nc(Oc2c(C)cc(C)cc2C)c1C,0.035723858
CC(C)(NS(=O)(=O)c1ccc(Oc2ccc(F)cc2)cc1)C(=O)NO,0.38917333
CC[C@@H]1C[C@H](N(Cc2cc(C(F)(F)F)cc(C(F)(F)F)c2)C(C)=O)c2cc(C(F)(F)F)ccc2N1C(=O)OC(C)C,0.3897603
NC(=O)c1c(OCc2c(F)cc(Br)cc2F)nsc1NC(=O)NCCCCN1CCCC1,0.08493843
O=C(c1c2ccccc2cc2ccccc12)N1CCC(N2CCC[C@@H](C(=O)N3CCOCC3)C2)CC1,0.0032508408
COCCOc1ccc2c(c1)ncn2-c1ccc2cccc(N3CCC(N)CC3)c2n1,0.30070588
COCC(=O)NC/C=C/c1ccc2ncnc(Nc3ccc(Oc4ccc(C)nc4)c(C)c3)c2c1,0.26855442
CC(C)c1ccc(CC(=O)N2CCC[C@@H](c3cccc(OC(C)(C)C(=O)O)c3)C2)cc1,0.04568036
CN(C)C(=O)[C@H](O)[C@H](Cc1ccccc1)NC(=O)c1cc2cc(Cl)ccc2[nH]1,0.00029501
O=c1ccc2[nH]cc(C3=CCNCC3)c2[nH]1,0.00015258971
CCCOc1ccc2[nH]cc(C3=CCNCC3)c2n1,0.00020865577
CCNC1(C(N)=O)CCN(c2ncnc3c2nc(-c2ccccc2Cl)n3-c2ccc(Cl)cc2)CC1,1.2444409e-05
COc1ccccc1CN[C@H]1CCCN[C@H]1c1ccccc1,0.0006575781
O=C(O)[C@H](Cc1ccccc1)CN(O)C(=O)Cc1ccccc1,0.46483678
CCOC(=O)[C@]12C[C@H]1/C(=N\O)c1ccccc1O2,0.1074531
Cc1noc2c1-c1ccccc1C(c1ccc(Cl)cc1)=N[C@H]2CC(N)=O,0.8714799
CC(=O)Nc1ccc(C(=O)NC(C)(C)C)cc1,0.00025542884
COc1cc(C)[nH]c(=O)c1CNC(=O)c1c(C)n([C@H](C)C2CCN(CC(F)(F)F)CC2)c2ccccc12,0.9880257
CCS(=O)(=O)N1CCC([C@@H](C)n2c(C)c(C(=O)NCc3c(OC)cc(C)[nH]c3=O)c3ccccc32)CC1,0.43498093
Cc1sc2c(c1C)C(c1ccc(Cl)cc1)=N[C@@H](CC(N)=O)c1nnc(C)n1-2,0.33224678
COc1cc(C)[nH]c(=O)c1CNC(=O)c1c(C)n([C@H](C)C2CCOCC2)c2ccccc12,0.32809654
Cc1ccc(-c2nc(N)nc3c2nnn3Cc2cccc(CO[C@H]3CCOC3)n2)o1,0.78679967
O=C(O)CCCC[C@@H](CCSCc1ccccc1)SCc1ccccc1,0.013709831
O=C(O)[C@H]1CN(CCCP(=O)(O)O)CCN1,0.016224192
O=C(C[C@H]1CC(c2ccc(F)cc2F)=NO1)N1CCOCC1,1.4876603e-06
Nc1ccc(S(=O)(=O)Nc2cnc3c(Cl)cccc3n2)cc1,8.425452e-05
CN(CC(=O)O)C(=N)N,2.506839e-05
CN1CC(=O)NC1=N,2.0648336e-05
CN(CCOP(=O)(O)O)C(=N)N,0.00042552644
C[C@H](NC(=O)CCC(F)(F)F)C(=O)N[C@@H]1C(=O)N(CCO)c2ncccc2-c2ccccc21,0.0026328233
CC1(COc2ccc3c(c2)ncn3-c2ccc3cccc(N4CCC(N)CC4)c3n2)COC1,0.6601899
Cc1ccc(O)cc1,0.00060522085
CC(=O)Oc1c(C)cccc1C(=O)O,0.021645106
O=C(O)Cn1c2ccccc2c(=O)c2ccccc21,0.005672403
N#Cc1ccc(Oc2ccc3c(c2)COB3O)cc1,0.0016732144
O=C(O)c1cc(NCCc2ccc(C(F)(F)F)cc2)ccc1O,0.16537239
C[C@@H](Oc1cc(-c2cnn(C3CCNCC3)c2)cnc1N)c1c(Cl)ccc(F)c1Cl,0.1668981
C[C@H](Oc1cc(-c2cnn(C3CCNCC3)c2)cnc1N)c1c(Cl)ccc(F)c1Cl,0.26277155
C=C(c1ccccc1OCc1cccc(Cl)c1)n1ccnc1,0.010210292
COc1cc([C@H]2C(C#N)=C(N)Oc3c2ccc(N)c3N)cc(Br)c1OC,0.73228794
CC1(C)Oc2ccc(C#N)cc2[C@@H](N2CCCC2=O)[C@@H]1O,0.006624885
O=C(O)c1cc(=O)c2c(OCC(O)COc3cccc4oc(C(=O)O)cc(=O)c34)cccc2o1,0.0021832304
C/C=C/C(=O)N(CC)c1ccccc1C,0.00034042494
O=C(O)c1cc2cccc([N+](=O)[O-])c2[nH]1,0.035510737
C[C@H]1COC2=C1C(=O)C(=O)c1c2ccc2c1CCCC2(C)C,0.8942264
CN(C)c1ccc(C(=C2C=CC(=[N+](C)C)C=C2)c2ccc(N(C)C)cc2)cc1,0.99991
CC[C@H](CO)Nc1nc(NCc2ccc(-c3ccccn3)cc2)c2ncn(C(C)C)c2n1,0.004686315
c1ccc2sc(C3(N4CCCCC4)CCCCC3)cc2c1,0.002324414
CC(C)Cc1sc(N)nc1-c1ccc(P(=O)(O)O)o1,0.007631585
O=C(O)[C@H](Cc1ccc(Nc2nccc3ccncc23)cc1)NC1=C(Br)C(=O)C12CCCCC2,0.057304576
Cc1nc(C#Cc2ccnc(Cl)c2)c(C)n1-c1ccc(OC(F)(F)F)cc1,0.0036696175
O=C(NO)C1(CS(=O)(=O)c2ccc(Oc3ccc(Cl)cc3)cc2)CCOCC1,0.21723652
CC(C)C[C@H](NC(=O)[C@H](CC(N)=O)NC(=O)[C@@H](NC(=O)[C@@H](N)CCC(=O)O)C(C)C)[C@@H](O)C[C@@H](C)C(=O)N[C@@H](C)C(=O)N[C@@H](CCC(=O)O)C(=O)N[C@@H](Cc1ccccc1)C(=O)O,0.02877443
CC(C)c1cnn2c(NCc3ccccc3)cc(NC[C@H]3CCNC[C@@H]3O)nc12,0.050811615
O=C(N[C@H](Cc1ccccc1)C(=O)O)c1sc2cc(F)ccc2c1Cl,0.19023745
CNc1ccc([N+](=O)[O-])cc1-n1cnc(-c2ccc(C(F)(F)F)cc2)c1,0.116501816
C#Cc1cccc(Nc2ncnc3cc(OC)c(OCCCCCCC(=O)NO)cc23)c1,0.038615588
CN[C@@H](C)C(=O)N[C@H](C(=O)N1CCC[C@H]1C(=O)Nc1sc(-c2ncco2)nc1-c1ccccc1)C1CCCCC1,0.94205415
COc1ccc(-c2nc(N3CCOCC3)c3sc(CN(C)c4ncc(C(=O)NO)cn4)cc3n2)cn1,0.8817914
COc1cccc(CN(C(=O)CC(C)(C)C)[C@H]2C[C@@H](C(=O)N3CCNCC3)N(Cc3ccc4c(c3)OCO4)C2)c1,0.0036910167
COc1cc(/C=C/C(=O)C=C(O)/C=C/c2ccc(O)c(OC)c2)ccc1O,0.048845436
C=C1C[C@@]2(O)O[C@@]3(C[C@H]2C(C)C)[C@@H](C)CC[C@@H]13,0.06205
COc1ccc(CCN2CCN(CCCc3ccccc3)CC2)cc1OC,0.0036348503
Nc1nc(Nc2ccccc2)nc2c1ncn2[C@@H]1O[C@H](CO)[C@@H](O)[C@H]1O,0.02079626
CS(=O)(=O)Nc1ccc(-c2coc3cc(OCc4cccc(C(=O)O)c4)ccc3c2=O)cc1,0.23617402
COc1ccn2ncc(-c3nc4n[nH]c(NC(=O)c5ccc(F)cc5)c4cc3F)c2c1,0.09692699
O=C(O)c1ccc2c(c1)nc(Nc1cccc(Cl)c1)c1ccncc12,0.38986507
O=C(c1ccc2c(c1)OCO2)N1CCCCC1,0.00017875725
Cc1cnc(CNC(=O)c2c(=O)c3ccc(N4CCCN(C)CC4)nc3n3c2sc2ccccc23)cn1,0.056792658
Cc1nn(C)cc1CN1CCC(c2ccc(C(=O)Nc3ccccc3N)cc2)CC1,0.00014947167
N#CCC(=O)NN,3.2757796e-11
C[C@@H](CN(C)C)CN1c2ccccc2Sc2ccc(C#N)cc21,0.032984205
C/C1=C2/N=C(/C=C3\N=C(/C(C)=C4/[C@@H](CCC(N)=O)[C@](C)(CC(N)=O)[C@](C)([C@@H]5N=C1[C@](C)(CCC(=O)NC[C@@H](C)O[P@](=O)(O)O[C@H]1[C@@H](O)[C@@H](n6cnc7cc(C)c(C)cc76)O[C@@H]1CO)[C@H]5CC(N)=O)[N]4[Co+][C]#N)[C@@](C)(CC(N)=O)[C@@H]3CCC(N)=O)C(C)(C)[C@@H]2CCC(N)=O,0.99687284
CC(C)(C)NC[C@@H](O)COc1cccc2[nH]c(C#N)cc12,0.0031998286
O=S(=O)(O)NC1CCCCC1,0.0039189723
C[C@H]1C[C@H](OC(=O)[C@@H](O)c2ccccc2)CC(C)(C)C1,0.0018880599
Nc1ncnc2c1ncn2[C@H]1O[C@H]2CO[P@@](=O)(O)O[C@@H]2[C@@H]1O,0.005818514
CN1CCN(C(c2ccccc2)c2ccccc2)CC1,0.0017427158
CN(C)CCC=C1c2ccccc2C=Cc2ccccc21,0.0015992374
NC1=NCCN1CC(=O)O,0.001088527
N=c1ccn2c(n1)O[C@H]1[C@H](O)[C@@H](CO)O[C@H]12,0.011814752
C[C@@H]1C[C@@H]([C@H](O)CC2CC(=O)NC(=O)C2)C(=O)[C@@H](C)C1,0.000928553
CC1=C2C[C@H]3[C@@H](CC=C4C[C@@H](O)CC[C@@]43C)[C@@H]2CC[C@]12O[C@@H]1C[C@H](C)CN[C@H]1[C@H]2C,0.00016659909
NS(=O)(=O)c1cc2c(cc1Cl)N[C@@H](CC1CCCC1)NS2(=O)=O,0.13955285
CN(C)CCOC(=O)[C@@H](c1ccccc1)C1(O)CCCC1,2.3888128e-05
O=[P@]1(N(CCCl)CCCl)NCCCO1,0.00086432986
CC(=O)C1=C(O)[C@@H]2[C@H]3c4c[nH]c5cccc(c45)C[C@H]3C(C)(C)N2C1=O,0.97754776
N[C@@H]1CONC1=O,0.00014630958
C/C=C/C[C@H](C)[C@H](O)[C@@H]1C(=O)N[C@H](CC)C(=O)N(C)CC(=O)N(C)[C@H](CC(C)C)C(=O)N[C@@H](C(C)C)C(=O)N(C)[C@H](CC(C)C)C(=O)N[C@H](C)C(=O)N[C@H](C)C(=O)N(C)[C@H](CC(C)C)C(=O)N(C)[C@H](CC(C)C)C(=O)N(C)[C@H](C(C)C)C(=O)N1C,0.9981679
NS(=O)(=O)c1cc2c(cc1Cl)N[C@H]([C@H]1C[C@@H]3C=C[C@H]1C3)NS2(=O)=O,0.098701455
COc1cc(/C=C2\CCC/C(=C\c3ccc(O)c(OC)c3)C2=O)ccc1O,0.035570327
CN[C@@H](C)[C@H]1[C@H](O)C[C@@]2(C)[C@@H]3CC[C@H]4C(C)(C)[C@@H](NC)CC[C@@]45C[C@@]35CC[C@]12C,0.00010668695
O=C(O)[C@H]1CSC(c2nc3cc4c(cc3s2)NCC4)=N1,0.005412344
CC[C@H](Nc1nc(NCc2cnc(C)cc2C)c2ncn(C(C)C)c2n1)[C@@H](C)O,0.008408369
Cc1nc(N)sc1-c1ccnc(Nc2ccc(N3CCOCC3)cc2)n1,0.0007641333
FCc1ccc(OCCOc2ccc(Cl)cc2Cl)c(Cl)n1,0.021994038
Cc1cc(CN)cc(C)c1NC(=O)c1ccc(-c2cc(Cl)ccc2Cl)o1,0.33116323
COc1ccc(Oc2c(Cl)cnn(C3c4ccccc4-c4ccccc43)c2=O)cc1,0.2257777
CCOc1ccc(-c2nc(-c3cccc4c3CC[C@H]4NCCO)no2)cc1OCC,0.0005347818
Cc1cc(C(=O)Cn2cc(C#N)ccc2=O)c(C)n1Cc1ccccc1,0.10946081
O=C(c1cc(C2CC2)on1)N(C1CCCCC1)C1CCCCC1,1.6583768e-05
CC1(C)[C@@H](C=C(Cl)Cl)[C@@H]1C(=O)O[C@@H](C#N)c1cccc(Oc2ccccc2)c1,0.941752
CN1CCC(=C2c3ccccc3C=Cc3ccccc32)CC1,0.0003824676
CC(=O)O[C@]1(C(C)=O)CC[C@H]2[C@@H]3C=C(Cl)C4=CC(=O)[C@@H]5C[C@@H]5[C@]4(C)[C@H]3CC[C@@]21C,0.002650121
Nc1nc(N)nc(NC2CC2)n1,0.00033376142
NCCS,4.414665e-05
CCC[C@H](Nc1nc(-c2ccc(NC(=O)NCC)c(OC)c2)ncc1C)c1cccnc1,0.050065093
Nc1ccn([C@@H]2O[C@H](CO)[C@@H](O)[C@@H]2O)c(=O)n1,0.009282403
Nc1ccn([C@@H]2O[C@H](CO)[C@@H](O)[C@H]2O)c(=O)n1,0.0037996594
O=c1cccc2n1C[C@@H]1CNC[C@H]2C1,0.0018851659
C=C1[C@@H](C)[C@H]2[C@H](Cc3ccccc3)NC(=O)[C@]23OC(=O)/C=C/[C@H](O)CCC[C@@H](C)C/C=C/[C@H]3[C@@H]1O,8.820882e-05
Nc1nc(=O)n([C@H]2C[C@@H](O)[C@@H](CO)O2)cc1Cl,0.2077631
N#CCNC(=O)c1ccc(-c2ccnc(Nc3ccc(N4CCOCC4)cc3)n2)cc1,0.018020757
CN1Cc2ccccc2[C@@H]2c3cccc4[nH]cc(c34)C[C@H]21,0.0062552635
COc1cc(N2CCOCC2)ccc1Nc1ncc(Cl)c(Nc2ccccc2NS(C)(=O)=O)n1,0.4514406
CC(C)(C)NS(=O)(=O)c1cncc(-c2cc(F)c3nc(N)nn3c2)c1,0.030771246
Cc1ccc(C(=O)O[C@H](C(=O)O)[C@@H](OC(=O)c2ccc(C)cc2)C(=O)O)cc1,0.0006214183
[Y+3],3.6714424e-05
COc1ccc(S(=O)(=O)Nc2cc(-c3c(O)ccc4ccccc34)c(O)c3ccccc23)cc1,0.26991788
CC(=O)N[C@H]1[C@@H](OC(C)C)O[C@H](COC(C)=O)[C@@H](OC(C)=O)[C@@H]1OC(C)=O,0.27686152
CC1=NN(c2ccc(C(=O)O)cc2)C(=O)C1=Cc1ccc(-c2cc(C)c(C)cc2[N+](=O)[O-])o1,0.02382393
C[C@@]1(O)CCOC(=O)C1,0.00020845832
OC[C@H]1O[C@H](O[C@H]2[C@H](O)[C@@H](O)[C@H](O)O[C@@H]2CO)[C@H](O)[C@@H](O)[C@@H]1O,0.00011490641
Cc1c(C)c2c(c(C)c1OC(=O)CCC(=O)O)CC[C@@](C)(CCC[C@H](C)CCC[C@H](C)CCCC(C)C)O2,0.29081148
Cc1cc(O)cc2c1O[C@](C)(CCC[C@H](C)CCC[C@H](C)CCCC(C)C)CC2,0.14228359
C=C(C)[C@H]1CC=C(C)CC1,0.00055859867
N[C@H](Cc1ccccc1)C(=O)O,0.20272024
N[C@H](CO)C(=O)O,0.01246716
Nc1nc(N)c2c(OCC3CCN(Cc4c(Cl)cccc4Cl)CC3)cccc2n1,0.90195554
COc1ccc2c(c1)n(CCN)c(=O)n2C(=O)[C@@H]1C[C@H](C)CC[C@H]1C(C)C,0.59733236
NC(=O)c1ccc(-c2nc(-c3ccccn3)c(-c3ccc4c(c3)OCCO4)[nH]2)cc1,0.984133
COc1ccc2[nH]c(C(=O)c3ccccc3)cc2c1,0.00079824566
CC(=O)N[C@@H](CSSC[C@H](NC(C)=O)C(=O)O)C(=O)O,0.19499987
COc1ccc(OC)c(CN(C(C)=O)c2cc(F)ccc2Oc2ccccc2)c1,0.0016916597
Cn1c(CNc2ccc(C(=N)N)cc2)nc2cc(C(=O)N(CCC(=O)O)c3ccccn3)ccc21,0.006254188
CCCCCCOC(=O)/N=C(/N)c1ccc(NCc2nc3cc(C(=O)N(CCC(=O)OCC)c4ccccn4)ccc3n2C)cc1,0.1555443
CC(C)(C)c1nc(-c2cccc(NS(=O)(=O)c3c(F)cccc3F)c2F)c(-c2ccnc(N)n2)s1,0.5335912
CN(C)/N=N/c1nc[nH]c1C(N)=O,0.0025440836
O=C(/C=C/c1ccc(CN(CCO)CCc2c[nH]c3ccccc23)cc1)NO,4.7596423e-05
COC(=O)N[C@H](C(=O)N1CCC[C@H]1c1nc(-c2ccc(-c3ccc(-c4c[nH]c([C@@H]5CCCN5C(=O)[C@@H](NC(=O)OC)C(C)C)n4)cc3)cc2)c[nH]1)C(C)C,0.39550465
COc1cc2ncnc(Nc3ccc(F)c(Cl)c3)c2cc1NC(=O)/C=C/CN1CCCCC1,0.0029463517
Cc1c2oc3c(C)ccc(C(=O)N[C@@H]4C(=O)N[C@H](C(C)C)C(=O)N5CCC[C@H]5C(=O)N(C)CC(=O)N(C)[C@@H](C(C)C)C(=O)O[C@@H]4C)c3nc-2c(C(=O)N[C@@H]2C(=O)N[C@H](C(C)C)C(=O)N3CCC[C@H]3C(=O)N(C)CC(=O)N(C)[C@@H](C(C)C)C(=O)O[C@@H]2C)c(N)c1=O,0.9965576
O=c1c(-c2ccc(O)cc2)coc2cc(O)ccc12,0.31513122
O=c1c(-c2ccc(O)cc2)coc2cc(O[C@@H]3O[C@H](CO)[C@@H](O)[C@H](O)[C@H]3O)ccc12,0.068847045
CC(C)C[C@@H](NC(=O)[C@@H](Cc1ccccc1)NC(=O)CNC(=O)[C@H](C)NC(=O)[C@@H](N)Cc1ccc(O)cc1)C(=O)N[C@H](CCCNC(=N)N)C(=O)O,0.008649521
CN[C@H]1C(=O)N[C@@H]2Cc3ccc(cc3)Oc3cc4cc(c3O[C@@H]3O[C@H](C(=O)O)[C@@H](O)[C@H](O)[C@H]3NC(=O)CCCCCCCCC(C)C)Oc3ccc(cc3Cl)[C@@H](O)[C@@H]3NC(=O)[C@H](NC(=O)[C@@H]4NC(=O)[C@@H](NC2=O)c2cc(cc(O)c2Cl)Oc2cc1ccc2O)c1ccc(O)c(c1)-c1c(O[C@H]2O[C@H](CO)[C@@H](O)[C@H](O)[C@@H]2O)cc(O)cc1[C@@H](C(=O)NCCCN(C)C)NC3=O,0.98490345
CCC(CC)CC1(C(=O)Nc2ccccc2SC(=O)C(C)C)CCCCC1,0.58841634
Nc1ccncc1,0.00022657562
CCN(CC)CCS(=O)(=O)[C@@H]1CCN2C(=O)c3coc(n3)CC(=O)C[C@H](O)/C=C(C)/C=C\CNC(=O)/C=C/[C@@H](C)[C@H](C(C)C)OC(=O)[C@@H]12,0.00014526407
O=C(O)Cc1ccc(CCNS(=O)(=O)c2ccc(Cl)cc2)cc1,7.27004e-05
CN(C)NC(=O)CCC(=O)O,8.61436e-08
C#C[C@]1(O)CC[C@H]2[C@@H]3CCC4=Cc5oncc5C[C@]4(C)[C@H]3CC[C@@]21C,0.37870932
NCC(=O)N1C[C@H](NC(=O)c2ccccc2)C[C@H]1C(=O)O,0.015112313
Cc1c(F)cccc1NC(=O)Nc1ccc(Cl)c(S(=O)(=O)[C@H]2CCCNC2)c1O,0.00047583345
CN1C[C@@H]2C[C@H]1CN2c1cc2c(cc1F)c(=O)c(C(=O)O)cn2C1CC1,0.9958733
CC(C)(C)OC(=O)N[C@H]1CCCCC/C=C\[C@@H]2C[C@@]2(C(=O)NS(=O)(=O)C2CC2)NC(=O)[C@@H]2C[C@@H](OC(=O)N3Cc4cccc(F)c4C3)CN2C1=O,0.79143965
O=C1CN(/N=C/c2ccc(-c3ccc([N+](=O)[O-])cc3)o2)C(=O)N1,0.0006994211
O=C1c2cccc(O)c2C(=O)c2c(O)cccc21,0.044843808
CO[C@@H](C(=O)N1Cc2n[nH]c(NC(=O)c3ccc(N4CCN(C)CC4)cc3)c2C1)c1ccccc1,0.1169508
CCOc1ccc(Cc2cc([C@@H]3O[C@H](CO)[C@@H](O)[C@H](O)[C@H]3O)ccc2Cl)cc1,0.0096127475
CS(=O)(=O)CCC#N,3.2701032e-06
O=c1ccc2ccc(O)c(O)c2o1,0.00017276897
Cc1ccccc1N1CCN(CCc2nnc3n2CCCC3)CC1,2.9076587e-06
Cc1cc(C)c(Nc2ccnc(Nc3ccc(C#N)cc3)n2)c(C)c1,0.09842275
CN(C)[C@@H](CCOc1cccc2ccccc12)c1ccccc1,0.30799368
O=C(O)CNC(=O)c1c(O)n(C2CCCCC2)c(=O)n(C2CCCCC2)c1=O,0.04729286
Nc1ccc(S(=O)(=O)c2ccc(N)cc2)cc1,7.678368e-06
C[C@H](NC(=O)Cc1cc(F)cc(F)c1)C(=O)N[C@H](C(=O)OC(C)(C)C)c1ccccc1,0.00012862401
CCCCCCCCCC(=O)N[C@@H](Cc1c[nH]c2ccccc12)C(=O)N[C@H](CC(N)=O)C(=O)N[C@@H](CC(=O)O)C(=O)N[C@@H]1C(=O)NCC(=O)N[C@@H](CCCN)C(=O)N[C@@H](CC(=O)O)C(=O)N[C@H](C)C(=O)N[C@@H](CC(=O)O)C(=O)NCC(=O)N[C@H](CO)C(=O)N[C@@H]([C@H](C)CC(=O)O)C(=O)N[C@@H](CC(=O)c2ccccc2N)C(=O)O[C@@H]1C,0.79968303
CCN(CC)CCN(Cc1ccc(-c2ccc(C(F)(F)F)cc2)cc1)C(=O)Cn1c(SCc2ccc(F)cc2)nc(=O)c2c1CCC2,0.335055
Cc1oc(-c2ccccc2)nc1CCC(=O)c1ccc(CC2SC(=O)NC2=O)cc1,0.0071601607
NC(=O)C(c1ccccc1)(c1ccccc1)[C@@H]1CCN(CCc2ccc3c(c2)CCO3)C1,0.0017580263
C[C@@H](Cn1ccc(-c2ccc(C#N)c(Cl)c2)n1)NC(=O)c1cc([C@@H](C)O)n[nH]1,0.25690895
CC(C)CN(C[C@@H](O)[C@H](Cc1ccccc1)NC(=O)O[C@H]1CO[C@H]2OCC[C@H]21)S(=O)(=O)c1ccc(N)cc1,0.003641569
COc1cc(OC)nc(O[C@H](C(=O)O)C(OC)(c2ccccc2)c2ccccc2)n1,0.0019238192
COc1c(-c2ccc3cc(NS(C)(=O)=O)ccc3c2)cc(-n2ccc(=O)[nH]c2=O)cc1C(C)(C)C,0.2978742
Cc1nc(Nc2ncc(C(=O)Nc3c(C)cccc3Cl)s2)cc(N2CCN(CCO)CC2)n1,0.21850596
N[C@@H]1CC[C@@H](c2ccc(Cl)c(Cl)c2)c2ccccc21,0.10290946
CN1[C@@H]2CC[C@H]1C[C@@H](OC(=O)N1Cc3ccccc3NC1=O)C2,9.500873e-06
CC[C@H](CC[C@@H](C)[C@H]1CC[C@H]2[C@@H]3CC=C4C[C@@H](O[C@@H]5O[C@H](CO)[C@@H](O)[C@H](O)[C@H]5O)CC[C@]4(C)[C@H]3CC[C@]12C)C(C)C,0.0003705598
COc1cccc2c1C(=O)c1c(O)c3c(c(O)c1C2=O)C[C@@](O)(C(C)=O)C[C@@H]3O[C@H]1C[C@H](N)[C@H](O)[C@H](C)O1,0.90890294
Cc1c(Cn2ccnc2)c2ccccc2n1CCC(=O)O,0.008674944
O=C(O)c1ccc(OCCn2ccnc2)cc1,0.03363612
c1ccc(CNc2nc(NCc3ccccc3)c3ccccc3n2)cc1,0.82723445
O=C(NN1CCCCC1)c1nn(-c2ccc(Cl)cc2Cl)c(-c2ccc(C#Cc3ccc(C(F)(F)F)cc3)s2)c1CNS(=O)(=O)N1CCCC1,0.64982593
CC(C)(CC(=O)N1CCCC1)NCC(=O)N1C[C@@H](F)C[C@H]1C#N,1.8998928e-05
CCCCc1ccc(NS(=O)(=O)c2ccc(F)cc2)cc1,0.0011581404
Cn1cc(-c2cc(Oc3cc(F)c(NC(=O)C4(C(=O)Nc5ccccc5)CC4)cc3F)ccn2)cn1,0.50080365
CCn1c(=O)[nH]c2cc(Cl)c(Cl)cc21,0.0066659595
CCCCC[C@H]1C[C@H]1C[C@H]1C[C@H]1CCCCCCCC(=O)O,0.01781685
CCCC[C@@]1(C2CCCC2)Cc2cc(OCCCC(=O)O)c(Cl)c(Cl)c2C1=O,0.6658324
CCN1CCN(Cc2ccc(C(=O)Nc3ccc(C)c(Oc4ccc5c(c4)CC(=O)N5)c3)cc2C(F)(F)F)CC1,0.1948479
Nc1cc2[nH]cnc2c(O)n1,0.010468553
CN(C)c1cc2c(cc1Sc1nc3c(N)nccc3n1CCNCC(C)(C)C)OCO2,0.0021721656
N=C(N)N1CCc2ccccc2C1,0.00015711758
C[N+](C)(C)CCCCCCCCCC[N+](C)(C)C,0.0027397922
CC(C)[C@H]1CC[C@@H](C)C[C@@H]1OC(=O)C[N+](C)(C)CCCCCCCCCC[N+](C)(C)CC(=O)O[C@H]1C[C@@H](C)CC[C@@H]1C(C)C,0.28346965
CC[C@@](C)(Nc1ccnc(-c2c[nH]c3ncccc23)n1)C(=O)NCC(F)(F)F,0.27276212
Nc1ncn([C@H]2C[C@H](O)[C@@H](CO)O2)c(=O)n1,0.09776762
CCN(CC)CCNC(=O)c1ccc(N)c(Cl)c1,4.6734258e-05
OCCOCCN1CCN(C(c2ccccc2)c2ccccc2)CC1,0.0005216967
CCCCCCCCCCOc1cc2c(=O)c(C(=O)OCC)c[nH]c2cc1OCC,0.35843065
CNC(=O)c1ccc(Nc2ncc(C(F)(F)F)c(NCc3nccnc3N(C)S(C)(=O)=O)n2)cc1,0.07368902
O=C(O)c1ccc(-n2nc(-c3ccccc3O)nc2-c2ccccc2O)cc1,0.11833122
O=C(O)c1ccc(-n2nc3nc2-c2ccccc2[O][Fe][O]c2ccccc2-3)cc1,0.074221626
Cc1c(O)c(=O)ccn1C,0.00037027063
CC(=O)N(O)CCCCCNC(=O)CCC(=O)N(O)CCCCCNC(=O)CCC(=O)N(O)CCCCCN,8.560489e-05
CC(=O)OCC(=O)[C@@]12N=C(C)O[C@@H]1C[C@H]1[C@@H]3CCC4=CC(=O)C=C[C@]4(C)[C@H]3[C@@H](O)C[C@@]12C,0.09124426
CO[C@H]1C[C@@H]2CC[C@@H](C)[C@@](O)(O2)C(=O)C(=O)N2CCCC[C@H]2C(=O)O[C@H]([C@H](C)C[C@@H]2CC[C@@H](OP(C)(C)=O)[C@H](OC)C2)CC(=O)[C@H](C)/C=C(\C)[C@@H](O)[C@@H](OC)C(=O)[C@H](C)C[C@H](C)/C=C/C=C/C=C/1C,0.85674876
CC(=O)N[C@H](Cc1ccc2ccccc2c1)C(=O)N[C@H](Cc1ccc(Cl)cc1)C(=O)N[C@H](Cc1cccnc1)C(=O)N[C@@H](CO)C(=O)N[C@@H](Cc1ccc(NC(=O)[C@@H]2CC(=O)NC(=O)N2)cc1)C(=O)N[C@H](Cc1ccc(NC(N)=O)cc1)C(=O)N[C@@H](CC(C)C)C(=O)N[C@@H](CCCCNC(C)C)C(=O)N1CCC[C@H]1C(=O)N[C@H](C)C(N)=O,0.54032695
CC(=O)c1c(O)cc(C)oc1=O,0.1823581
C[C@H](CCC(=O)O)[C@H]1CC[C@H]2[C@@H]3C(=O)C[C@H]4CC(=O)CC[C@]4(C)[C@@H]3CC(=O)[C@]12C,0.00027884514
C[C@H](CCC(=O)O)[C@H]1CC[C@H]2[C@@H]3C(=O)C[C@@H]4CC(=O)CC[C@]4(C)[C@H]3CC(=O)[C@]12C,0.00020577261
COc1cc2c(cc1OC)-c1c(C)c3ccc(OC)c(OC)c3c[n+]1CC2,0.04147028
C[C@]12CC[C@H](O)CC1=CC[C@@H]1[C@@H]2CC[C@]2(C)C(=O)CC[C@@H]12,0.00018512986
C[C@]12CC[C@H](OS(=O)(=O)O)CC1=CC[C@@H]1[C@@H]2CC[C@]2(C)C(=O)CC[C@@H]12,0.029046614
Nc1nc(-n2cc(C(=O)O)c(=O)c3cc(F)c(N4CC(O)C4)c(Cl)c32)c(F)cc1F,0.99812466
C[C@]1(COc2ccc(N3CCC(Oc4ccc(OC(F)(F)F)cc4)CC3)cc2)Cn2cc([N+](=O)[O-])nc2O1,0.5812483
CC(C)C[C@H](NC(=O)[C@@H](NC(=O)c1cccc(-c2ccccc2)n1)[C@@H](C)O)B(O)O,2.073176e-06
CCOC(=O)[C@H](CCc1ccccc1)N[C@@H](C)C(=O)N(CC(=O)O)C1Cc2ccccc2C1,4.895907e-06
CC(C)Nc1cccnc1N1CCN(C(=O)c2cc3cc(NS(C)(=O)=O)ccc3[nH]2)CC1,0.003404875
CC(C)C[C@H](NC(=O)[C@H](CO)NC(=O)CNC(=O)[C@H](CC(C)C)NC(=O)[C@H](CCC(=O)O)NC(=O)[C@H](Cc1ccc(O)cc1)NC(=O)[C@H](CO)NC(=O)[C@H](CC(N)=O)NC(=O)[C@H](Cc1ccccc1)NC(=O)[C@H](CO)NC(=O)[C@@H](N)CSSC[C@H](N)C(=O)N[C@@H](Cc1ccc(O)cc1)C(=O)NCC(=O)N[C@@H](CCCNC(=N)N)C(=O)N[C@@H](CCCCN)C(=O)N[C@@H](CCCCN)C(=O)N[C@@H](CCCNC(=N)N)C(=O)N[C@@H](CCCNC(=N)N)C(=O)N[C@@H](CCC(N)=O)C(=O)N[C@@H](CCCNC(=N)N)C(=O)N[C@@H](CCCNC(=N)N)C(=O)N[C@@H](CCCNC(=N)N)C(=O)O)C(=O)O,0.4721042
C[C@H]1CN(C(=O)CC#N)[C@]12CCN(c1ncnc3[nH]ccc13)C2,0.9999815
CC[C@H](C)[C@H](NC(=O)[C@H](Cc1ccc(O)cc1)NC(=O)[C@@H](NC(=O)[C@@H](CCCNC(=N)N)NC(=O)[C@@H](N)CC(=O)O)C(C)C)C(=O)N[C@@H](Cc1cnc[nH]1)C(=O)N1CCC[C@@H]1C(=O)N[C@H](Cc1ccccc1)C(=O)O,0.08041797
CN1CCN(c2ccc(N3C[C@H](CO)OC3=O)cc2F)C=N1,0.9970952
Oc1cc(O)c2cc(O)c(-c3cc(O)c(O)c(O)c3)[o+]c2c1,0.03010745
CC(C)=CCC/C(C)=C/CC/C(C)=C/CC[C@]1(C)CCc2cc(O)cc(C)c2O1,0.068705276
c1ccc(Cn2c(-c3ccc(OC[C@H](C4CCNCC4)n4c(-c5ccccc5)nc5ccccc54)cc3)nc3ccccc32)cc1,0.74817646
CN(CCCCCCCCCCN(C)C(=O)Oc1cccc([N+](C)(C)C)c1)C(=O)Oc1cccc([N+](C)(C)C)c1,0.6333852
CN(C)[C@@H]1C(=O)[C@@H](C(N)=O)C(=O)[C@@]2(O)C(=O)[C@H]3C(=O)c4c(O)ccc(Cl)c4[C@@H](O)[C@H]3C[C@@H]12,0.99608874
CC[N+](CC)(CC(=O)Nc1c(C)cccc1C)Cc1ccccc1,0.049399838
COc1ccc(CCNC[C@H](O)c2ccc(O)cc2)cc1OC,0.0022792276
Cc1nsc(NC(=O)c2ccccc2)c1C(=O)Nc1ccc(Cl)cc1,0.65225273
Oc1ccc(O[C@H]2CCCCO2)cc1,5.5198234e-05
C[C@H](CCC(=O)O)[C@H]1CC[C@H]2[C@@H]3CC[C@@H]4C[C@H](O)CC[C@]4(C)[C@H]3C[C@H](O)[C@]12C,0.3469233
CC(=O)OCC(=O)[C@H]1CC[C@H]2[C@@H]3CCC4=CC(=O)CC[C@]4(C)[C@H]3CC[C@]12C,0.0018243481
CNCCc1ccc(O)c(O)c1,9.142849e-07
Cc1cc(N)c2ccccc2[n+]1CCCCCCCCCC[n+]1c(C)cc(N)c2ccccc21,0.9532454
COc1ccc(-c2cc(C(F)F)nn2-c2ccc(S(N)(=O)=O)cc2)cc1F,0.08821029
COCCNCCc1cccc(Nc2ncc3c(n2)-c2ccccc2[C@H](c2ccccc2F)C3)c1,0.0034406276
COC(=O)[C@H]1[C@H]2C[C@@H]3c4[nH]c5ccccc5c4CCN3C[C@H]2C[C@@H](OC(=O)c2cc(OC)c(OC)c(OC)c2)[C@@H]1OC,5.5618134e-06
O=C(O)CNC(=O)c1c(O)c2ccccc2n(OCC2CC2)c1=O,0.20735045
CNCCCN1c2ccccc2CCc2ccccc21,0.0030299993
C[C@]12C=CC(=O)C=C1CC[C@@H]1[C@@H]2[C@@H](O)C[C@@]2(C)[C@H]1C[C@@H]1O[C@@H](C3CCCCC3)O[C@]12C(=O)CO,0.21617058
C[C@H]1O[C@@H](O[C@H]2CC[C@@]3(C)[C@H](CC[C@@H]4[C@@H]3C[C@@H](O)[C@]3(C)[C@@H](C5=CC(=O)OC5)CC[C@]43O)C2)C[C@H](O)[C@@H]1O[C@H]1C[C@H](O)[C@H](O[C@H]2C[C@H](O)[C@H](O[C@@H]3O[C@H](CO)[C@@H](O)[C@H](O)[C@H]3O)[C@@H](C)O2)[C@@H](C)O1,0.018832825
Clc1ccc2c(c1)CCc1cccnc1C2=C1CCNCC1,0.0006885011
CCNC(=O)[C@@H]1CCCN1C(=O)[C@H](CCCN=C(N)N)NC(=O)[C@H](CC(C)C)NC(=O)[C@@H](Cc1c[nH]c2ccccc12)NC(=O)[C@H](Cc1ccc(O)cc1)NC(=O)[C@H](CO)NC(=O)[C@H](Cc1c[nH]c2ccccc12)NC(=O)[C@H](Cc1c[nH]cn1)NC(=O)[C@@H]1CCC(=O)N1,0.15882774
Clc1ccc2c(c1)N=C(N1CCNCC1)c1ccccc1N2,0.015714524
N=C(N)NCCC[C@@H](NC(=O)[C@@H]1CCCN1C(=O)[C@H]1CSSCCC(=O)N[C@@H](Cc2ccc(O)cc2)C(=O)N[C@@H](Cc2ccccc2)C(=O)N[C@@H](CCC(N)=O)C(=O)N[C@@H](CC(N)=O)C(=O)N1)C(=O)NCC(N)=O,0.2532303
C#C[C@]1(O)CC[C@H]2[C@@H]3CCC4=CCCC[C@@H]4[C@H]3C(=C)C[C@@]21CC,0.00048225868
CC1(C)O[C@@H]2C[C@H]3[C@@H]4CCC5=CC(=O)C=C[C@]5(C)[C@H]4[C@@H](O)C[C@]3(C)[C@]2(C(=O)CO)O1,4.6979864e-08
C[C@@H]1C[C@H]2[C@@H]3CCC4=CC(=O)C=C[C@]4(C)[C@@]3(F)[C@@H](O)C[C@]2(C)[C@H]1C(=O)CO,5.5810684e-05
CC(C)(C)C(=O)OCC(=O)[C@H]1CC[C@H]2[C@@H]3CCC4=CC(=O)CC[C@]4(C)[C@H]3CC[C@]12C,6.834898e-05
C[C@]12CC[C@H]3[C@@H](CCC4=CC(=O)CC[C@@]43C)[C@@H]1CC[C@@H]2C(=O)CO,0.0019993589
c1ccc2c(c1)CN1CCCC1=N2,0.019699164
CN(C)C[C@@H](c1ccc(O)cc1)C1(O)CCCCC1,0.0005572952
Cc1cccc(Cc2cnc[nH]2)c1C,0.0005609441
CN1C(=O)[C@@H](NC(=O)c2cc3ccccc3[nH]2)N=C(c2ccccc2)c2ccccc21,0.0010028798
C[C@@H]1C[C@H]2[C@@H]3CCC4=CC(=O)C=C[C@]4(C)[C@@]3(F)[C@@H](O)C[C@]2(C)[C@@]1(O)C(=O)CO,0.0071435603
CC(=O)OCC(=O)[C@@]1(O)[C@H](C)C[C@H]2[C@@H]3CCC4=CC(=O)C=C[C@]4(C)[C@@]3(F)[C@@H](O)C[C@@]21C,0.26920205
N[C@@H](COP(=O)(O)O)C(=O)O,0.013400809
Cc1c(OCC(F)(F)F)ccnc1C[S@@](=O)c1nc2ccccc2[nH]1,0.07312204
CCCCCN(CCCOC)C(=O)[C@@H](CCC(=O)O)NC(=O)c1ccc(Cl)c(Cl)c1,0.029127622
Cc1cccc([C@H](C)c2cnc[nH]2)c1C,3.058749e-05
COC(=O)C1=C(C)NC(C)=C(C(=O)OCCCN2CCC(c3ccccc3)(c3ccccc3)CC2)[C@@H]1c1cccc([N+](=O)[O-])c1,5.295652e-05
CC(C)(CO)[C@@H](O)C(=O)NCCCO,0.21143919
C[C@@H](CN1CC(=O)NC(=O)C1)N1CC(=O)NC(=O)C1,0.0025088952
O=C[C@H](O)[C@@H](O)[C@H](O)[C@H](O)CO[C@H]1O[C@H](CO[C@H]2O[C@H](CO)[C@@H](O)[C@H](O)[C@H]2O)[C@@H](O)[C@H](O)[C@H]1O,0.26725456
COc1ccc2c(c1)[C@]13CCCC[C@@H]1[C@H](C2)N(C)CC3,0.0006943587
Cc1ncc([N+](=O)[O-])n1C[C@@H](CN1CCOCC1)OP(=O)(O)O,0.022166599
O=C[C@H](O)[C@@H](O)[C@H](O)[C@H](O)CO,0.00094551867
Fc1cccc(/C=N/N=C/c2cccc(F)c2)c1,0.0006818157
CN1CCN(c2ccc(/C=C(\C#N)c3ccccc3Br)cc2)CC1,0.00543493
O=C(O)CCCN1CCC[C@H]1COc1ccc(Oc2ccc(Cl)cc2)cc1,0.09656158
CCCCC(=O)NCCc1c(Cc2ccccc2)[nH]c2ccccc12,0.0071856496
CCCCCCC[n+]1ccc(-c2cc[n+](CCCCCCC)cc2)cc1,0.019725416
CC(=O)Oc1cccc2c1C(=O)c1c(OC(C)=O)cc(C(=O)O)cc1C2=O,0.011439522
CC(=O)Nc1ccc(OC(C)=O)cc1,0.0005845443
Nc1ncnc2c1ncn2[C@@H]1O[C@H](COP(=O)(O)OP(=O)(O)OP(=O)(O)OP(=O)(O)OC[C@H]2O[C@@H](n3cnc4c(N)ncnc43)[C@H](O)[C@@H]2O)[C@@H](O)[C@H]1O,0.9892278
O[C@H]([C@H](O)[C@@H]1CO1)[C@H]1CO1,0.0011022141
N#C[C@H](Cc1ccc(O)cc1)c1ccc(O)cc1,0.0426309
CC(=O)Nc1c(I)c(NC(C)=O)c(I)c(C(=O)O)c1I,0.043575156
COc1ccc(Cc2cnc(N)nc2N)cc1OC,0.32626373
CC1=Nc2ccc(Cl)cc2S(=O)(=O)N1,0.040107843
NC[C@@H]1CC[C@@H](N)[C@@H](O[C@H]2[C@H](O)[C@@H](O[C@H]3O[C@H](CO)[C@@H](O)[C@H](N)[C@H]3O)[C@H](N)C[C@@H]2N)O1,0.72063273
CN(C)CCN1C(=O)c2ccccc2N(C)c2ccccc21,0.01662975
c1ccc2c(c1)sc1ccccc12,0.1732778
CCCCOC(=O)c1ccccc1C(=O)OCCCC,0.017526275
CC(=O)OCC(=O)[C@@]1(O)CC[C@H]2[C@@H]3CCC4=CC(=O)C=C[C@]4(C)[C@@]3(Cl)[C@@H](Cl)C[C@@]21C,0.5610072
O=C(O)C(Cl)Cl,8.210795e-05
Oc1ccc(Cl)cc1Cc1cc(Cl)ccc1O,0.20147434
COP(=O)(OC)OC=C(Cl)Cl,1.0069753e-05
N#C[C@H](c1ccc(Cl)cc1)c1c(Cl)cc(-n2ncc(=O)[nH]c2=O)cc1Cl,0.14466505
O=C(O)Cc1ccccc1Nc1c(Cl)cccc1Cl,0.012811898
NS(=O)(=O)c1cc(Cl)c(Cl)c(S(N)(=O)=O)c1,0.05680873
COc1ccc2c(c1)CN(C)C[C@H]2c1ccc(Cl)c(Cl)c1,0.052437644
O=C(N[C@@H](O)C(Cl)(Cl)Cl)N[C@H](O)C(Cl)(Cl)Cl,0.9495756
Cc1onc(-c2c(Cl)cccc2Cl)c1C(=O)N[C@@H]1C(=O)N2[C@@H]1SC(C)(C)[C@@H]2C(=O)O,0.9781425
O=c1oc2ccccc2c(O)c1Cc1c(O)c2ccccc2oc1=O,0.97111356
C1CCC(NC2CCCCC2)CC1,7.621352e-05
CCN(CC)CCOC(=O)C1(C2CCCCC2)CCCCC1,0.00013870979
O=c1nc[nH]c2c1ncn2[C@H]1CC[C@@H](CO)O1,0.00059276307
Nc1ncnc2c1ncn2[C@H]1CC[C@@H](CO)O1,0.00020579851
O=C(NO)c1ccc(O)c(O)c1,4.8356572e-08
C/C=C(C(=C/C)/c1ccc(O)cc1)\c1ccc(O)cc1,0.010911418
C[C@]12CCC3=C4CCC(=O)C=C4CC[C@H]3[C@@H]1CC[C@@]2(O)CC#N,0.006024741
CCN(CC)C(=O)N1CCN(C)CC1,1.4392191e-05
CC/C(=C(/CC)c1ccc(O)cc1)c1ccc(O)cc1,0.021176692
CCN(CC)C(=O)c1cccc(C)c1,2.9462142e-05
O=C(Cc1ccc(-c2ccccc2)cc1)Nc1ccccn1,0.22929086
CC(=O)OCC(=O)[C@@]1(OC(C)=O)[C@@H](C)C[C@H]2[C@H]3C[C@H](F)C4=CC(=O)C=C[C@]4(C)[C@@]3(F)[C@@H](O)C[C@@]21C,0.024330886
CN1CCN(c2cc3c(cc2F)c(=O)c(C(=O)O)cn3-c2ccc(F)cc2)CC1,0.98082626
O=C(O)c1cc(-c2ccc(F)cc2F)ccc1O,0.20235792
CCCC(=O)O[C@]1(C(=O)COC(C)=O)CC[C@H]2[C@@H]3C[C@H](F)C4=CC(=O)C=C[C@]4(C)[C@@]3(F)[C@@H](O)C[C@@]21C,0.05775294
O=C1c2ccccc2CN2C(=O)c3ccccc3CN12,0.014201389
C[C@]12CC[C@H](O)C[C@H]1CC[C@@H]1[C@@H]2CC[C@]2(C)[C@@H](C3=CC(=O)OC3)CC[C@]12O,0.0025566272
C[C@H]1O[C@@H](O[C@H]2[C@@H](O)C[C@H](O[C@H]3[C@@H](O)C[C@H](O[C@H]4CC[C@@]5(C)[C@H](CC[C@@H]6[C@@H]5CC[C@]5(C)[C@@H](C7=CC(=O)OC7)CC[C@]65O)C4)O[C@@H]3C)O[C@@H]2C)C[C@H](O)[C@@H]1O,0.17028241
C[C@]12CC[C@H](O)C[C@H]1CC[C@@H]1[C@@H]2C[C@@H](O)[C@]2(C)[C@@H](C3=CC(=O)OC3)CC[C@]12O,0.017891789
C[C@H]1O[C@@H](O[C@H]2[C@@H](O)C[C@H](O[C@H]3[C@@H](O)C[C@H](O[C@H]4CC[C@@]5(C)[C@H](CC[C@@H]6[C@@H]5C[C@@H](O)[C@@]5(C)[C@@H](C7=CC(=O)OC7)CC[C@]65O)C4)O[C@@H]3C)O[C@@H]2C)C[C@H](O)[C@@H]1O,0.10918344
CCCCC/C=C\C/C=C\C/C=C\CCCCCCC(=O)O,0.019136844
Oc1cc2c(cc1O)[C@H]1c3ccccc3CN[C@@H]1CC2,9.97064e-06
C[C@H]1[C@@H](O)O[C@@H]2O[C@@]3(C)CC[C@H]4[C@H](C)CC[C@@H]1[C@@]24OO3,6.3566157e-09
CC(C)[C@@]1(NC(=O)[C@@H]2C[C@@H]3c4cccc5[nH]cc(c45)C[C@H]3N(C)C2)O[C@@]2(O)[C@@H]3CCCN3C(=O)[C@H](Cc3ccccc3)N2C1=O,0.07625045
CN1C[C@H](C(=O)N[C@]2(C)O[C@@]3(O)[C@@H]4CCCN4C(=O)[C@H](Cc4ccccc4)N3C2=O)C[C@@H]2c3cccc4[nH]cc(c34)C[C@H]21,0.5919663
O=C1c2c(O)cc(O)cc2O[C@H](c2cc(O)c(O)c(O)c2)[C@H]1O,0.0069134957
CN[C@@H]1[C@H](O[C@H]2[C@H](O[C@@H]3[C@@H](O)[C@H](O)[C@@H](NC(=N)N)[C@H](O)[C@H]3NC(=N)N)O[C@@H](C)[C@]2(O)CO)O[C@@H](CO)[C@H](O)[C@H]1O,0.5030616
CC(C)[C@@H](C)/C=C/[C@@H](C)[C@H]1CC[C@@H]2/C(=C/C=C3\C[C@@H](O)CC[C@@H]3C)CCC[C@]21C,0.0056670406
O=C(CO)CO,0.003616687
N[C@@H](C(=O)O)c1cc(O)cc(O)c1,0.06886731
O=C(O)CCc1cc(I)c(Oc2ccc(O)cc2)c(I)c1,0.18906178
COc1cc(C(=O)OCCCN2CCCN(CCCOC(=O)c3cc(OC)c(OC)c(OC)c3)CC2)cc(OC)c1OC,0.45270607
Cc1cc(F)ccc1-c1nc(NC(CO)CO)nc2c1ccc(=O)n2-c1c(F)cccc1F,0.0002481856
CN(C(=O)C(Cl)Cl)c1ccc(OC(=O)c2ccco2)cc1,0.017321412
COc1ccc([C@@H]2Sc3ccccc3N(CCN(C)C)C(=O)[C@@H]2OC(C)=O)cc1,0.0034712823
COC(=O)c1ccc(C(c2c[nH]c3ccccc23)c2c[nH]c3ccccc23)cc1,0.05679788
CN(C)CCCSC(=N)N,3.2928915e-06
Cc1ccc2c(c1)[C@]13CCCC[C@@H]1[C@H](C2)N(C)CC3,0.0012976249
CN(C)CCOC(c1ccccc1)c1ccccc1,8.95322e-06
OC[C@@H](S)CS,6.324035e-05
O=C(O)[C@@H](S)[C@@H](S)C(=O)O,0.0049763825
O=S(=O)(O)CCSSCCS(=O)(=O)O,4.6806185e-06
CC1(C)OC(=O)NC1=O,9.439868e-05
C[Si](C)(C)O[Si](C)(C)C,4.193446e-08
C[C@@H](C1=C(CCN(C)C)Cc2ccccc21)c1ccccn1,0.0025364559
CCCCc1cc2ccccc2c(OCCN(C)C)n1,0.0049400195
COC(=O)/C=C/C(=O)OC,0.14656655
CO[C@H]1CO[C@@H]2[C@H]1OC[C@H]2OC,7.592141e-05
Cc1ncc([N+](=O)[O-])n1C,0.015916994
N=C(N)c1ccc(/N=N/Nc2ccc(C(=N)N)cc2)cc1,0.013115944
CCOP(=S)(OCC)Oc1cc(C)nc(C(C)C)n1,2.5432355e-05
CCc1cnn2c(NCc3ccc[n+]([O-])c3)cc(N3CCCC[C@H]3CCO)nc12,0.027443409
Cc1c(C(N)=O)cc([N+](=O)[O-])cc1[N+](=O)[O-],0.03617592
CCCCC[C@H](O)/C=C/[C@@H]1[C@@H](C/C=C\CCCC(=O)O)[C@@H](O)C[C@H]1O,0.0002597066
CCCCC[C@H](O)/C=C/[C@H]1[C@H](O)CC(=O)[C@@H]1C/C=C\CCCC(=O)O,0.00012879337
C[C@@H]1CC[C@@]2(OC1)O[C@H]1C[C@H]3[C@@H]4CC=C5C[C@@H](O[C@@H]6O[C@H](CO)[C@@H](O[C@@H]7O[C@@H](C)[C@H](O)[C@@H](O)[C@H]7O)[C@H](O)[C@H]6O[C@@H]6O[C@@H](C)[C@H](O)[C@@H](O)[C@H]6O)CC[C@]5(C)[C@H]4CC[C@]3(C)[C@H]1[C@@H]2C,0.019631278
C[C@@H]1CC[C@@]2(OC1)O[C@H]1C[C@H]3[C@@H]4CC=C5C[C@@H](O)CC[C@]5(C)[C@H]4CC[C@]3(C)[C@H]1[C@@H]2C,0.0019516188
COc1ccc(-c2cc(=O)c3c(O)cc(O)cc3o2)cc1O,0.003187425
COc1ccc(-c2cc(=O)c3c(O)cc(O[C@@H]4O[C@H](CO[C@@H]5O[C@@H](C)[C@H](O)[C@@H](O)[C@H]5O)[C@@H](O)[C@H](O)[C@H]4O)cc3o2)cc1O,8.7888264e-05
COc1ccc(C(=O)c2ccccc2O)c(O)c1,0.13161187
C[C@H](N)C(=O)N[C@@H](CCC(N)=O)C(=O)O,0.014336741
O=C(Nc1ccccc1)OC[C@@H](CN1CCCCC1)OC(=O)Nc1ccccc1,4.3757067e-05
C[N+]1(C)CCC(=C(c2ccccc2)c2ccccc2)CC1,0.0017200304
O=c1c(-c2ccccc2)c1-c1ccccc1,9.525828e-05
OC(CCCN1CCCCC1)(c1ccccc1)c1ccccc1,0.000105470586
c1ccc2c(c1)[I]c1ccccc1-2,0.058020957
N=C(Nc1ccccc1)Nc1ccccc1,0.0012542199
CN1CCC(OC(c2ccccc2)c2ccccc2)CC1,0.001510338
CNC[C@@H](O)c1ccc(OC(=O)C(C)(C)C)c(OC(=O)C(C)(C)C)c1,0.74967027
Fc1ccc2nc(CCC#Cc3ccccn3)cn2c1,0.04599116
CC(C)N(CCc1c[nH]c2ccccc12)C(C)C,3.3863853e-06
OCCN(CCO)c1nc(N2CCCCC2)c2nc(N(CCO)CCO)nc(N3CCCCC3)c2n1,0.008417251
CC(=O)Oc1cccc(C(=O)O)c1OC(C)=O,0.027905282
O=c1ccn([C@@H]2O[C@H](COP(=O)(O)OP(=O)(O)OP(=O)(O)OP(=O)(O)OC[C@H]3O[C@@H](n4ccc(=O)[nH]c4=O)[C@H](O)[C@@H]3O)[C@@H](O)[C@H]2O)c(=O)[nH]1,0.000150516
CC[C@H]1OC(=O)[C@H](C)[C@@H](O[C@H]2C[C@@](C)(OC)[C@@H](O)[C@H](C)O2)[C@H](C)[C@@H](O[C@@H]2O[C@H](C)C[C@H](N(C)C)[C@H]2O)[C@](C)(O)C[C@@H](C)[C@@H]2N[C@@H](COCCOC)O[C@H]([C@H]2C)[C@]1(C)O,0.7858732
COC(=O)/C=C/C(=O)OCCN1C(=O)CCC1=O,0.14660802
O=C(O)CCCCCCCCC(=O)O,0.002950669
CC(C)N(CCC(C(N)=O)(c1ccccc1)c1ccccn1)C(C)C,0.000907174
CCN(CC)C(=S)SSC(=S)N(CC)CC,0.72468805
Oc1cccc2cc3cccc(O)c3c(O)c12,0.2451769
CCN(CC)C(=S)S,0.03465366
Cc1ccccc1NC(=N)Nc1ccccc1C,0.01963547
CCOC(=S)SSC(=S)OCC,0.7551071
C[C@H](CN1CCN(CCOCCO)CC1)CN1c2ccccc2Sc2ccccc21,0.010917749
C[C@]12N[C@H](Cc3ccccc31)c1ccccc12,0.000410238
C[C@@]12N[C@@H](Cc3ccccc31)c1ccccc12,0.0009888376
CN(C)c1ccc(/C=C2\CCCN=C2c2cccnc2)cc1,0.08379426
COc1cccc(/C=N/N=C/c2cccc(OC)c2)c1,0.0012554682
CC(C)Oc1ccc(-c2cnc3c(-c4ccnc5ccccc45)cnn3c2)cc1,0.024795324
c1ccc(-c2cnn3cc(-c4ccc(OCCN5CCOCC5)cc4)cnc23)cc1,0.019903202
COc1cc(C=O)c([N+](=O)[O-])cc1OC,0.00013614936
O=C1c2ccccc2C(Cc2ccnc(F)c2)(Cc2ccnc(F)c2)c2ccccc21,0.06857175
CCC[C@@H](NC(=O)N1C(=O)C(CC)(CC)[C@@H]1Oc1ccc(C(=O)N2CCN(C)CC2)cc1)c1ccc2c(c1)OCO2,0.0030971237
O=S(=O)(O)C[C@@H](S)CS,0.00019141122
CS(C)=O,9.054083e-06
O=c1[nH]c2cc([N+](=O)[O-])c([N+](=O)[O-])cc2[nH]c1=O,0.4833052
CC(CCc1ccc(O)cc1)NCCc1ccc(O)c(O)c1,6.582749e-08
CC1=C(C)C(=O)C(CCCCC#CCCCC#CCO)=C(C)C1=O,5.3141168e-05
CC(=O)O[C@@]12CO[C@@H]1C[C@H](O)[C@@]1(C)C(=O)[C@H](O)C3=C(C)[C@@H](OC(=O)[C@H](O)[C@@H](NC(=O)OC(C)(C)C)c4ccccc4)C[C@@](O)([C@@H](OC(=O)c4ccccc4)[C@H]21)C3(C)C,8.493495e-09
CC/C=C\C/C=C\C/C=C\C/C=C\C/C=C\C/C=C\CCC(=O)O,3.9630913e-06
CC/C=C\C/C=C\C/C=C\C/C=C\C/C=C\C/C=C\CCC(=O)OCC,5.979308e-07
CCCCCCCCCCCCCCCCCCCCCCO,0.026070192
CCCC[C@@H](CC)COC(=O)C[C@@H](C(=O)OC[C@@H](CC)CCCC)S(=O)(=O)O,3.0703133e-05
CCCCCCCCCCCCOS(=O)(=O)O,0.0029649397
O=C(C(c1ccccc1)c1ccccc1)N1CCN(CC(O)COc2cccc3ncccc23)CC1,0.13760658
CN(CCOc1ccc(NS(C)(=O)=O)cc1)CCc1ccc(NS(C)(=O)=O)cc1,0.0003852116
O=C(O[C@@H]1C[C@@H]2C[C@@H]3C[C@H](C1)N2CC3=O)c1c[nH]c2ccccc12,0.00032674187
CC[C@H](C)[C@@H]([C@@H](CC(=O)N1CCC[C@H]1[C@H](OC)[C@@H](C)C(=O)N[C@@H](Cc1ccccc1)c1nccs1)OC)N(C)C(=O)[C@@H](NC(=O)[C@H](C(C)C)N(C)C)C(C)C,0.9806923
C[C@@H]1CCO[C@H]2Cn3cc(C(=O)NCc4ccc(F)cc4F)c(=O)c(O)c3C(=O)N12,0.6813583
CCCCCCCCCCCC[N+](C)(C)CCOc1ccccc1,0.18554592
O=c1[nH]c2ccccc2n1CCCN1CCC(n2c(=O)[nH]c3cc(Cl)ccc32)CC1,0.043750193
COc1cc2c(cc1OC)C(=O)[C@H](CC1CCN(Cc3ccccc3)CC1)C2,0.8056564
N#Cc1ccc(N2CCN(C(=O)COc3ccc4[nH]cc(CCN)c4c3)CC2)cc1,0.14178814
NCCc1ccc(O)c(O)c1,6.1350534e-07
Cc1ccc(-n2nc(C(C)(C)C)cc2NC(=O)Nc2ccc(OCCN3CCOCC3)c3ccccc23)cc1,0.6541275
CO[C@H]1C[C@H](O[C@H]2[C@H](C)O[C@@H](O[C@@H]3/C(C)=C/C[C@@H]4C[C@@H](C[C@]5(C=C[C@H](C)[C@@H](C6CCCCC6)O5)O4)OC(=O)[C@@H]4C=C(C)[C@@H](O)[C@H]5OC/C(=C\C=C\[C@@H]3C)[C@]54O)C[C@@H]2OC)O[C@@H](C)[C@@H]1O,0.6551087
Cn1c(Cn2ccc(C(F)(F)F)c(Oc3cc(Cl)cc(C#N)c3)c2=O)n[nH]c1=O,0.01958176
C[C@@H](O)[C@H]1C(=O)N2C(C(=O)O)=C(S[C@@H]3CN[C@H](CNS(N)(=O)=O)C3)[C@H](C)[C@H]12,0.9964079
c1cc(-c2cnn3cc(-c4ccc(OCCN5CCCCC5)cc4)cnc23)ccn1,0.03569342
CCN[C@H]1C[C@H](C)S(=O)(=O)c2sc(S(N)(=O)=O)cc21,0.5269085
CN(C)CC/C=C1\c2ccccc2CSc2ccccc21,0.0014941023
O=P(O)(O)CN1CCN(CP(=O)(O)O)CCN(CP(=O)(O)O)CCN(CP(=O)(O)O)CC1,1.9247282e-12
CN1CCN(c2ccc3nc(-c4c(N)c5c(F)cccc5[nH]c4=O)[nH]c3c2)CC1,0.6762223
CCN1C[C@@H](CCN2CCOCC2)C(c2ccccc2)(c2ccccc2)C1=O,0.0011098862
COc1cc2nc(N3CCN(C(=O)[C@H]4COc5ccccc5O4)CC3)nc(N)c2cc1OC,0.9587597
CN(C)CC/C=C1/c2ccccc2COc2ccccc21,0.00021475316
C=C1/C(=C/C=C2\CCC[C@]3(C)[C@@H]([C@H](C)/C=C/[C@@H](C)C(C)C)CC[C@@H]23)C[C@@H](O)C[C@@H]1O,0.61416644
C[C@H]1O[C@@H](n2cc(F)c(=O)[nH]c2=O)[C@H](O)[C@@H]1O,0.21196997
Cn1c(=O)c2c(ncn2CC2OCCO2)n(C)c1=O,0.994575
COc1cccc2c1C(=O)c1c(O)c3c(c(O)c1C2=O)C[C@@](O)(C(=O)CO)C[C@@H]3O[C@H]1C[C@H](N)[C@H](O)[C@H](C)O1,0.70214856
C[C@H]1c2cccc(O)c2C(=O)C2=C(O)[C@]3(O)C(=O)C(C(N)=O)=C(O)[C@@H](N(C)C)[C@@H]3[C@@H](O)[C@@H]21,0.9227066
CN(C)CCOC(C)(c1ccccc1)c1ccccn1,0.001199212
CN(C(=S)NN=C(c1ccccn1)c1ccccn1)C1CCCCC1,0.0011946436
CC(C)CN(C[C@@H](O)[C@H](Cc1ccccc1)NC(=O)[C@@H](NC(=O)CNCc1cccc(F)c1)C(C)(C)C)S(=O)(=O)c1cccc(N)c1,0.000497511
CCCn1c(=O)c2[nH]c(C3CCCC3)nc2n(CCC)c1=O,0.00022253089
N#Cc1cc2c(OC[C@H](O)CN3CCN(C(c4ccccc4)c4ccccc4)CC3)cccc2[nH]1,0.08948972
CC(C)[C@@H]1CC[C@@H](C)C[C@@H]1P(=O)(c1ccccc1)c1ccccc1,0.0008596993
CCN(CC)CCOc1ccc(Cc2ccccc2)cc1,0.00016864199
Cc1ccc2[nH]c(=O)c(C3=NN(C(=O)CCC(=O)O)[C@H](c4ccc(Br)cc4)C3)c(-c3ccccc3)c2c1,0.6742131
Cc1nc(=O)c2c([nH]1)CCSC2,0.0040074945
O=C1Nc2ccc(Cl)c3c2[C@@]1(CCCCN1CC=C(c2ccc(Cl)cc2)CC1)CCC3,0.23764473
CC[C@H](CO)Nc1nc(Nc2cccc(-c3ccccn3)c2)c2ncn(C(C)C)c2n1,0.00051818346
CCN(CC)CCOC(=O)[C@H](c1ccccc1)C1CCCCC1,5.0865332e-05
CC/C(=C(/c1ccc(OCCN(C)C)cc1)c1cccc(O)c1)c1ccccc1,0.023396645
CCC(=O)O[C@H]1CC[C@H]2[C@H]3CC[C@H]4CC(=O)[C@@H](C)C[C@@]4(C)[C@@H]3CC[C@@]12C,6.598403e-05
CCCCc1oc2ccc(NS(C)(=O)=O)cc2c1C(=O)c1ccc(OCCCN(CCCC)CCCC)cc1,0.2081614
O=C(CCCN1CC=C(n2c(=O)[nH]c3ccccc32)CC1)c1ccc(F)cc1,0.02113717
OC[C@@H](O)CN1CCN(c2ccccc2)CC1,0.00023514523
C[C@]12CCC(=O)C=C1[C@@H]1C[C@@H]1[C@H]1[C@@H]3[C@@H]4C[C@@H]4[C@@]4(CCC(=O)O4)[C@@]3(C)CC[C@@H]12,4.0574946e-06
CCOc1ccc(CC2=NCCc3cc(OCC)c(OCC)cc32)cc1OCC,0.3521889
CN1c2c(oc(=O)n(-c3ccccn3)c2=O)-c2ccccc2S1(=O)=O,0.3751229
N[C@H](C(=O)O)[C@H](O)c1ccc(O)c(O)c1,0.019092448
Cc1cc(Cl)ccc1OCCCC(=O)NO,0.0007778243
Cc1cc(Nc2ccc(S(F)(F)(F)(F)F)cc2)n2nc(C(C)(F)F)nc2n1,0.000335051
CCCCCCCCCCCCCCCCCC(=O)OC[C@@H](COP(=O)(O)OCC[N+](C)(C)C)OC(=O)CCCCCCCCCCCCCCCCC,0.01707468
CCCCNc1nc(N)c2[nH]c(=O)n(Cc3ccc(OCCN(C)C)nc3)c2n1,0.41066557
O=C(Nc1c(-c2cccs2)nc2ccccn12)c1ccc(Cl)cc1,0.081330515
N=C(N)NCCC[C@H](N)C(=O)NCC(=O)N[C@@H](CC(=O)O)C(=O)N[C@@H](CO)C(=O)O,0.0009089745
CNCC[C@H](Oc1cccc2ccccc12)c1cccs1,0.049406342
CS(=O)(=O)c1ccc(-c2cc(Br)sc2-c2ccc(F)cc2)cc1,0.6909656
C[C@]12C=CC(=O)N[C@@H]1CC[C@@H]1[C@@H]2CC[C@]2(C)[C@@H](C(=O)Nc3cc(C(F)(F)F)ccc3C(F)(F)F)CC[C@@H]12,0.12795667
C[C@H](Nc1ncnc2nc[nH]c12)c1cc2cccc(Cl)c2c(=O)n1-c1ccccc1,0.74548286
CCOC(=O)CNC(=O)[C@@H]1CCCN1C(=O)Cc1ccccc1,0.0012227952
COCCCc1ccc2oc(-c3ccc(OC)c(OC)c3)cc2c1,0.04764006
CCCCOc1ccc(C(=O)CCN2CCCCC2)cc1,0.00028121888
CC(=O)[C@H]1CC[C@H]2[C@@H]3C=CC4=CC(=O)CC[C@@]4(C)[C@@H]3CC[C@]12C,0.026450995
O=C(N/N=C/c1ccc(O)c(O)c1)c1cc2ccccc2cc1O,0.008507634
CCCCCCCCNC(=O)/C(C#N)=C/c1cn(CCCN(C)C)c2ccccc12,0.24403627
Cn1c(=O)c2c(ncn2C[C@@H](O)CO)n(C)c1=O,0.9954983
CCN(CC)c1ccc(/C=N/NC(=O)c2ccc(O)cc2)cc1,0.00033552985
S=C(S)OC1CC2CC1C1CCCC21,0.50970894
O=C(CN1CCC(C(=O)c2ccc(F)cc2)CC1)c1ccc2ccccc2c1,0.0047755465
COc1cc(/C=C2\CCCN([C@@H](C)c3ccc(F)cc3)C2=O)ccc1-n1cnc(C)c1,0.67988163
Cc1cccc(CCN2CCC(C(=O)c3ccc(NS(C)(=O)=O)cc3)CC2)n1,0.01747608
CC(C)C[C@H](NC(=O)[C@H]1O[C@@H]1C(=O)O)C(=O)NCCCCNC(=N)N,0.00087959075
COCCN(C(=O)c1cc(OC)c(OC)c(OC)c1)c1nc(-c2ccccc2)cs1,0.26511392
Nc1ncnc2c1ncn2[C@H]1O[C@@H](C(=O)N2CCN(CC(=O)Nc3cccc4c3CNC4=O)CC2)[C@H](O)[C@@H]1O,0.11078267
CC(C)(C)c1ccc(C(=O)CCCN2CCC(OC(c3ccccc3)c3ccccc3)CC2)cc1,0.5632263
CCOC(=O)[C@@H]1CN(Cc2ccccc2)C(=O)C1=O,0.0040488946
N=C(N)Nc1nc(CSCCN/C=N/S(=O)(=O)c2ccc(Br)cc2)cs1,0.13431536
O=c1c2ccccc2[se]n1-c1ccccc1,0.9292982
COc1c(C)cnc(Cn2cc(C#CCC(C)(C)O)c3c(Cl)nc(N)nc32)c1C,0.00065358815
CC1(C)CCC(C)(C)c2cc(C#Cc3ccc(C(=O)O)cc3)ccc21,0.36141747
CNC(=O)c1cccc(NCC(=O)NCCc2ccc(OC)c(OC)c2)c1,6.3891806e-05
CC(C)c1cc2c(cc1S(=O)(=O)O)[C@@]1(C)CCC[C@@](C)(C(=O)O)[C@@H]1CC2,0.0020919694
CC1(C)[C@H]2CC[C@]1(CS(=O)(=O)O)C(=O)C2=Cc1ccc(C=C2C(=O)[C@@]3(CS(=O)(=O)O)CC[C@@H]2C3(C)C)cc1,0.81653684
CS[C@H]1SC[C@H]2C(=O)N(C)[C@@H](C(C)C)C(=O)OC[C@@H](NC(=O)c3cnc4ccccc4n3)C(=O)N[C@@H](C)C(=O)N(C)[C@H]1C(=O)N(C)[C@@H](C(C)C)C(=O)OC[C@@H](NC(=O)c1cnc3ccccc3n1)C(=O)N[C@@H](C)C(=O)N2C,0.99998903
Clc1ccc(CO[C@@H](Cn2ccnc2)c2ccc(Cl)cc2Cl)cc1,0.014693255
CC1=NCC[C@@H](C(=O)O)N1,0.00023804825
Cc1oc(-c2ccccc2)nc1CCOc1ccc(C[C@@H]2SC(=O)NC2=O)c2sccc12,0.06175794
Cc1cc(=O)n(-c2ccccc2)[nH]1,0.017854223
CC/C=C\C/C=C\C/C=C\C/C=C\C/C=C\C/C=C\CCC(=O)NCCNC(=O)c1ccccc1O,6.5219945e-05
CCCCCCCCCCCCCCCCCCOC[C@H](COP(=O)(O)OCC[N+](C)(C)C)OC,0.070714355
C[C@@H](O)CN(CCN(C[C@@H](C)O)C[C@@H](C)O)C[C@@H](C)O,8.716533e-07
Cn1c(CCCCCCC(=O)NO)nc2cc(N(CCCl)CCCl)ccc21,2.085017e-05
OC1CN(CCCOCCc2ccc3sccc3c2)C1,0.0018528919
CN1CCc2nc(C(=O)N[C@@H]3C[C@@H](C(=O)N(C)C)CC[C@@H]3NC(=O)C(=O)Nc3ccc(Cl)cn3)sc2C1,0.2585908
CCc1cn([C@H]2C[C@H](O)[C@@H](CO)O2)c(=O)[nH]c1=O,0.34382394
CC[N+](C)(C)c1cccc(O)c1,0.0032350852
O=P(O)(O)CN(CCN(CP(=O)(O)O)CP(=O)(O)O)CP(=O)(O)O,6.3652463e-15
CS(=O)(=O)c1ccc(-c2cnc(NCc3ccco3)n3cnnc23)cc1,0.006574979
Cc1cc(C)cc(NC(=O)Cc2ccc(OC(C)(C)C(=O)O)cc2)c1,0.099996775
CCC1(C2=NCCN2)Cc2ccccc2O1,0.017744243
Cc1cc(Oc2ccc3nc(COc4ccc(C[C@H]5SC(=O)NC5=O)cc4)n(C)c3c2)cc(C)c1N,0.012189488
O=C1Nc2ccc(Cl)cc2[C@@](C#CC2CC2)(C(F)(F)F)O1,0.99956936
C=C1CCN([C@H](C)[C@@](O)(Cn2cncn2)c2ccc(F)cc2F)CC1,0.024985908
O=C(O)COCCN1CCN(C(c2ccc(F)cc2)c2ccc(F)cc2)CC1,0.023129195
NCCCC(N)(C(=O)O)C(F)F,0.0019147343
CCOC(=O)COc1ccc2c(=O)cc(-c3ccccc3)oc2c1,0.09638707
CC1=C(C(=O)OCCN(Cc2ccccc2)c2ccccc2)[C@H](c2cccc([N+](=O)[O-])c2)C(P2(=O)OCC(C)(C)CO2)=C(C)N1,2.000559e-10
O=C(Cn1ccnc1[N+](=O)[O-])NCC(F)(F)C(F)(F)F,7.552285e-07
Cc1cc(C(=O)Nc2nc3cccc(Cl)c3n2[C@@H]2CCCCN(C(=O)/C=C/CN(C)C)C2)ccn1,0.9832302
N[C@@]1(C(=O)O)CC[C@H]2[C@H](C(=O)O)[C@H]21,0.0049011474
N=C(N)NCCC[C@H](NC(=O)c1sccc1NS(=O)(=O)c1cccc2nsnc12)C(=O)O,0.023033477
CCn1c2ccccc2c2cc(Nc3ccnc(NCCCN4CCOCC4)n3)ccc21,0.40778682
CCN(c1nc(N)c(C(=O)N=C(N)N)nc1Cl)C(C)C,0.03507151
CCSC(=N)N,7.3496935e-06
CCC(CC)n1ccc2c(C(=O)NCc3c(C)cc(C)[nH]c3=O)cc(C#N)cc21,0.14719144
CCNCCc1ccc(CN(CC)c2cc(OC)ccc2[C@@H]2CCc3cc(O)ccc3C2)cc1,0.015656732
COc1cc2c(cc1OC)CN(CCc1ccc(NC(=O)c3cccc4c(=O)c5cccc(OC)c5[nH]c34)cc1)CC2,0.0030489366
CCC(=C/[C@H](C)C/C=C/C(C)=C/[C@H](C)C(=O)[C@H](C)[C@@H](O)[C@H](C)C/C(C)=C/C(=O)O)/C=C/[C@H]1OC(=O)C=C[C@@H]1C,0.0012767474
CCCCCCCC/C=C/CCCCCCCC(=O)OC[C@H]1O[C@@H](n2ccc(N)nc2=O)[C@@H](O)[C@@H]1O,0.030449266
CSc1ccc(C(=O)/C=C/c2cc(C)c(OC(C)(C)C(=O)O)c(C)c2)cc1,0.05043226
COc1cccc(-c2c(C)n(Cc3c(F)cccc3C(F)(F)F)c(=O)n(C[C@H](NCCCC(=O)O)c3ccccc3)c2=O)c1F,0.07880554
COC(=O)N[C@H](C(=O)N1CCC[C@H]1c1nc(-c2ccc3c(c2)O[C@@H](c2ccccc2)n2c-3cc3cc(-c4c[nH]c([C@@H]5CCCN5C(=O)[C@@H](NC(=O)OC)C(C)C)n4)ccc32)c[nH]1)C(C)C,0.7179362
C=C1/C(=C\C=C2/CCC[C@]3(C)[C@@H]([C@H](C)CCCC(C)(C)O)CC[C@@H]23)C[C@@H](O)[C@@H](OCCCO)[C@@H]1O,0.00059741054
O=C1c2cc(-c3ccc(OC(F)(F)F)cc3)ccc2OCCN1Cc1ncccn1,0.06617353
C=C[C@]1(C)CC[C@@H](C(=C)C)C[C@@H]1C(=C)C,0.017138692
CN(NC(=O)CC(=O)NN(C)C(=S)c1ccccc1)C(=S)c1ccccc1,1.00847395e-11
CN1CCC[C@@H]1Cc1c[nH]c2ccc(CCS(=O)(=O)c3ccccc3)cc12,0.00019431779
CCCCCCCC(=O)N[C@H](CN1CCCC1)[C@H](O)c1ccc2c(c1)OCCO2,0.05690674
CNc1cc2[nH]c(=O)n(-c3ccc(NC(=O)NS(=O)(=O)c4ccc(Cl)s4)cc3)c(=O)c2cc1F,0.9241575
O[C@@H](CN1CCC(Cc2ccc(F)cc2)CC1)c1ccc(Cl)cc1,0.011146073
O=c1oc2c(O)c(O)cc3c(=O)oc4c(O)c(O)cc1c4c23,4.9547132e-05
O=C(c1cccc(N2Cc3cccc(Cl)c3C2=O)c1)N1CCC2(CC1)CCN(c1ccncc1)CC2,0.89499485
NC(=O)/C(=C\n1cnc(-c2cc(C(F)(F)F)cc(C(F)(F)F)c2)n1)c1cncnc1,0.004704546
CC(=O)[C@H]1CC[C@H]2[C@@H]3CC[C@@H]4C[C@H](O)CC[C@]4(C)[C@H]3CC[C@]12C,0.05084609
c1cc2c(c(N3CCNCC3)c1)OCCO2,0.0022475808
CC1=NN(c2ccc(C)c(C)c2)C(=O)/C1=N\Nc1cccc(-c2cccc(C(=O)O)c2)c1O,0.0045739575
COc1ccc(CN(C(=O)[C@@H](N)Cc2c(C)cc(C(N)=O)cc2C)[C@@H](C)c2nc(-c3ccccc3)c[nH]2)cc1C(=O)O,0.0083755525
COc1cc2c(cc1Cc1cccc(Cl)c1F)c(=O)c(C(=O)O)cn2[C@H](CO)C(C)C,0.08397791
CN[C@@H]1[C@@H](C)O[C@@H](O[C@H]2[C@H](C)O[C@@H](O[C@@H]3/C(C)=C/C[C@@H]4C[C@@H](C[C@]5(C=C[C@H](C)[C@@H](C(C)C)O5)O4)OC(=O)[C@@H]4C=C(C)[C@@H](O)[C@H]5OC/C(=C\C=C\[C@@H]3C)[C@]54O)C[C@@H]2OC)C[C@H]1OC,0.7497083
CCCCCCCCCCCC1C(=O)C(=O)C=C(O)C1=O,0.01700046
CN1CCC(COc2cnc(-c3cccc(Cn4nc(-c5cccc(C#N)c5)ccc4=O)c3)nc2)CC1,0.08484454
Cc1[nH]c2ccc(Cl)cc2c1C1=CCNCC1,0.0054806625
COc1ccc(C(=O)N2CCCc3cc(C4=NNC(=O)S[C@@H]4C)ccc32)cc1OC,0.02364739
CCCCc1nc2ccn(CC(=O)N(C)C)c(=O)c2n1Cc1ccc(-c2ccccc2-c2nn[nH]n2)cc1,0.016523559
CN(C)CCNC(=O)NC[C@H]1CC[C@@H]2[C@H](O1)c1cc(C(F)(F)F)ccc1N[C@H]2c1ccccc1,0.06208414
CCOCCn1c(N2CCCN(C)CC2)nc2ccccc21,0.0037427153
O=C(NCCS)c1cccc(C(=O)NCCS)c1,0.0025666847
CC[C@H]1CN2CCc3cc(OC)c(OC)cc3[C@@H]2C[C@@H]1C[C@H]1NCCc2cc(OC)c(OC)cc21,0.043835483
CCOC(=O)c1ccc(OCCN2C[C@H](O)[C@@H](O)[C@H](O)[C@H]2CO)cc1,0.00071947096
NCC[C@@H](O)c1cccc(OCC2CCCCC2)c1,0.0009078874
CC(C)C[C@@H]1C(=O)O[C@H](C)C(=O)N(C)[C@@H](CC(C)C)C(=O)O[C@H](Cc2ccc(N3CCOCC3)cc2)C(=O)N(C)[C@@H](CC(C)C)C(=O)O[C@H](C)C(=O)N(C)[C@@H](CC(C)C)C(=O)O[C@H](Cc2ccc(N3CCOCC3)cc2)C(=O)N1C,0.002215795
Cc1cc(O)c2c(c1)C(=O)c1cc(O)cc(O)c1C2=O,0.029095901
CCOc1c(N2CCOCC2)cnn(C)c1=O,0.0003767169
CCc1nc(C)ccc1O,0.00224462
OC[C@H]1O[C@@H](c2ccc(Cl)c(Cc3ccc(O[C@H]4CCOC4)cc3)c2)[C@H](O)[C@@H](O)[C@@H]1O,0.0018093411
C[C@H](NC(=O)C(=O)Nc1ccccc1C(C)(C)C)C(=O)N[C@@H](CC(=O)O)C(=O)COc1c(F)c(F)cc(F)c1F,0.1605343
Nc1nc(=O)n([C@@H]2CS[C@H](CO)O2)cc1F,0.053813167
CCOC(=O)[C@H](CCc1ccccc1)N[C@@H](C)C(=O)N1CCC[C@H]1C(=O)O,0.00036715527
C[C@H](N[C@@H](CCc1ccccc1)C(=O)O)C(=O)N1CCC[C@H]1C(=O)O,0.02118976
CC(C)(O)CNc1nc(Nc2ccnc(C(F)(F)F)c2)nc(-c2cccc(C(F)(F)F)n2)n1,0.020865604
C=C(C#N)C(=O)OCCCC,3.9692527e-06
COc1ccccc1N1CCN(C[C@@H](O)COc2cc(OC)c(OC)c(OC)c2)CC1,0.005188401
COC(=O)N[C@@H](C)CNc1nccc(-c2cn(C(C)C)nc2-c2cc(Cl)cc(NS(C)(=O)=O)c2F)n1,0.19937836
O=C(Nc1cccc2cccnc12)c1ccc(N2C(=O)[C@@H]3[C@H](C2=O)[C@@H]2C=C[C@H]3C2)cc1,0.00027570908
CC/C(=C(\c1ccc(O)cc1)c1ccc(OCCNC)cc1)c1ccccc1,0.04907068
FC(F)OC(F)(F)[C@@H](F)Cl,3.4442162e-06
C=CCO[C@H](Cn1ccnc1)c1ccc(Cl)cc1Cl,0.0016631252
C#Cc1c[nH]c(=O)[nH]c1=O,0.26738358
Cc1cc(-n2cccc2)c(S(C)(=O)=O)cc1C(=O)NC(=N)N,0.037485413
C[n+]1ccc(C(=O)NCc2ccccc2)cc1,0.02519559
Cc1cc(Nc2cc(N3CCN(C)CC3)nc(/C=C/c3ccccc3)n2)[nH]n1,0.1410705
CCCCCCCCCCCCCCCCCCCCCC(=O)Nc1ccn([C@@H]2O[C@H](CO)[C@@H](O)[C@@H]2O)c(=O)n1,0.021604797
CCn1cc(C(=O)O)c(=O)c2cc(F)c(N3CCNCC3)nc21,0.9716224
CSc1ccc(C(=O)c2[nH]c(=O)[nH]c2C)cc1,0.004398277
CC1(C)[C@@H](O)CC[C@]2(C)[C@H]3C(=O)C=C4[C@@H]5C[C@@](C)(C(=O)O)CC[C@]5(C)CC[C@@]4(C)[C@]3(C)CC[C@@H]12,0.2543636
CCCn1c(=O)[nH]c(=O)c2[nH]cnc21,0.0041996725
CCN1CCN(c2cc3c(cc2F)c(=O)c(C(=O)O)cn3C2CC2)CC1,0.96238524
CCN(CC)C(=O)/C(C#N)=C/c1cc(O)c(O)c([N+](=O)[O-])c1,5.014731e-07
O=C(Nc1ccc2ncccc2c1)C(=O)c1cn(Cc2ccc(Cl)cc2)c2ccccc12,0.004350694
C=C1[C@H](CO)[C@@H](O)C[C@@H]1n1cnc2c(=O)nc(N)[nH]c21,0.00243626
Nc1ccccc1NC(=O)c1ccc(CNC(=O)OCc2cccnc2)cc1,0.0014700623
CN1CCN(c2ccc(C(=O)Nc3[nH]nc4ccc(Cc5cc(F)cc(F)c5)cc34)c(NC3CCOCC3)c2)CC1,0.8620856
CNC(=O)c1ccc(N2C(=S)N(c3ccc(C#N)c(C(F)(F)F)c3)C(=O)C2(C)C)cc1F,0.025509953
Cn1cc(C2=C(c3cn(C4CCN(Cc5ccccn5)CC4)c4ccccc34)C(=O)NC2=O)c2ccccc21,0.7794722
O=C(O)c1cc(N2N=C(C(F)(F)F)/C(=C/c3ccc(-c4ccccc4)o3)C2=O)ccc1Cl,0.014141295
Cc1ccccc1C(=O)c1ccc(Nc2ccc(Br)cc2N)cc1Cl,0.35674766
NS(=O)(=O)NCCNc1nonc1C(=Nc1ccc(F)c(Br)c1)NO,0.0011139208
CC(/C=C1\SC(=S)N(CC(=O)O)C1=O)=C\c1ccccc1,0.00032867168
CC(=O)NC[C@H]1CN(c2ccc(N3CCN(C(=O)CO)CC3)c(F)c2)C(=O)O1,0.9417718
CCc1ccc(C(=O)[C@@H](C)CN2CCCCC2)cc1,0.00013870766
NC[C@H]1OB(O)c2c(OCCCO)cccc21,0.0031950881
CN[C@@H](C)[C@H](O)c1ccccc1,0.0039653163
CN[C@@H](C)[C@@H](O)c1ccccc1,0.0029996405
C[C@]12CC[C@H](O)C[C@@H]1CC[C@@H]1[C@@H]2CC[C@]2(C)C(=O)CC[C@@H]12,0.009637243
O=C(O[C@@H]1Cc2c(O)cc(O)cc2O[C@@H]1c1ccc(O)c(O)c1)c1cc(O)c(O)c(O)c1,0.0043821516
C[C@]12CC[C@@H]3c4ccc(O)cc4CC[C@H]3[C@@H]1C[C@H](O)[C@@H]2O,0.09153161
Oc1cc(O)c2c(c1)O[C@H](c1cc(O)c(O)c(O)c1)[C@H](O)C2,0.0065247365
O=C(O[C@@H]1Cc2c(O)cc(O)cc2O[C@@H]1c1cc(O)c(O)c(O)c1)c1cc(O)c(O)c(O)c1,0.0069903075
NC1=NC[C@@H]2c3ccccc3Cc3ccccc3N12,0.001190203
CNC[C@H](O)c1ccc(O)c(O)c1,9.134403e-06
COc1cc(C)nc(-n2nc(C)cc2OC)n1,0.07568487
COc1cccc2c1C(=O)c1c(O)c3c(c(O)c1C2=O)C[C@@](O)(C(=O)CO)C[C@@H]3O[C@H]1C[C@H](N)[C@@H](O)[C@H](C)O1,0.76602155
C[C@]12C[C@H]3S[C@H]3C[C@@H]1CC[C@@H]1[C@@H]2CC[C@]2(C)[C@@H](O)CC[C@@H]12,0.0064703897
COC(=O)[C@@H]1CC2=CC(=O)CC[C@]2(C)[C@@]23O[C@@H]2C[C@@]2(C)[C@@H](CC[C@@]24CCC(=O)O4)[C@H]13,8.594585e-06
CCCCC[C@H](O)/C=C/[C@@H]1[C@H]2C/C(=C/CCCC(=O)O)O[C@H]2C[C@H]1O,0.00020828248
C/C(=C\c1csc(C)n1)[C@@H]1C[C@@H]2O[C@@H]2CCC[C@H](C)[C@H](O)[C@@H](C)C(=O)C(C)(C)[C@@H](O)CC(=O)O1,0.014949002
C/C(=C\c1csc(C)n1)[C@@H]1C[C@@H]2O[C@]2(C)CCC[C@H](C)[C@H](O)[C@@H](C)C(=O)C(C)(C)[C@@H](O)CC(=O)O1,0.011438211
C/C1=C/C[C@@H](/C(C)=C/c2csc(C)n2)OC(=O)C[C@H](O)C(C)(C)C(=O)[C@H](C)[C@@H](O)[C@@H](C)CCC1,0.0040158867
CCOc1cccc(NC(=O)c2ccc(N3CCCC3)c(C(F)(F)F)c2)c1,0.7511616
CCO[C@@H](CN1CCN(C[C@@H](C)C(=O)c2ccccc2)CC1)c1ccccc1,0.0004254277
CC[C@H](C)[C@H]1O[C@]2(C=C[C@@H]1C)C[C@@H]1C[C@@H](C/C=C(\C)[C@@H](O[C@H]3C[C@H](OC)[C@@H](O[C@H]4C[C@H](OC)[C@@H](NC(C)=O)[C@H](C)O4)[C@H](C)O3)[C@@H](C)/C=C/C=C3\CO[C@@H]4[C@H](O)C(C)=C[C@@H](C(=O)O1)[C@]34O)O2,0.93651056
CC(C)(C)NC(=O)[C@H]1CC[C@H]2[C@@H]3CC=C4C=C(C(=O)O)CC[C@]4(C)[C@H]3CC[C@]12C,0.0016722167
O=C(NCCCN1CCOCC1)c1ccc(Cl)cc1,0.035914537
O=S(=O)(O)CCCS(=O)(=O)O,7.6545456e-07
CCCCc1ncc(/C=C(\Cc2cccs2)C(=O)O)n1Cc1ccc(C(=O)O)cc1,0.014675275
N=C(N)NCCCC[C@@H]1NC(=O)CCSSC[C@@H](C(N)=O)NC(=O)[C@@H]2CCCN2C(=O)[C@H](Cc2c[nH]c3ccccc23)NC(=O)[C@H](CC(=O)O)NC(=O)CNC1=O,0.024272455
CC(C)N(C[C@H]1O[C@@H](n2cnc3c(N)ncnc32)[C@H](O)[C@@H]1O)[C@H]1C[C@@H](CCc2nc3ccc(C(C)(C)C)cc3[nH]2)C1,0.80670893
CC(C)N(CCCNC(=O)Nc1ccc(C(C)(C)C)cc1)C[C@H]1O[C@@H](n2ccc3c(N)ncnc32)[C@H](O)[C@@H]1O,0.006131693
Cc1cc(C)c(CNC(=O)c2cc(-c3ccc(CN4CCOCC4)cc3)cc3c2cnn3C2CCCC2)c(=O)[nH]1,0.7108097
CCN(c1cc(C#CCN2CCOCC2)cc(C(=O)NCc2c(C)cc(C)[nH]c2=O)c1C)[C@H]1CC[C@H](N(C)CCOC)CC1,0.608668
O=C(NC[C@H](O)CN1CCc2ccccc2C1)c1cc(NC2COC2)ncn1,0.00090926606
CNCCN(C)Cc1c[nH]nc1-c1ccc(O[C@H]2C[C@H](OCCC3CCOCC3)C2)cc1,0.03220784
C[C@@]12CC[C@H]3C(=CCc4cc(O)ccc43)[C@@H]1CCC2=O,0.018009685
Oc1ccc([C@H]2COc3cc(O)ccc3C2)cc1,0.0005063648
Cc1ccc2c(=O)c3ccccc3n(CCCN)c2c1C,0.03301017
CC(C)c1cccc2c(-c3ccccc3)cc(-c3ccc(-c4ccc(C(=O)O)cc4)[nH]3)nc12,0.8234941
CCOc1ccccc1-n1c([C@@H](C)N2CCN(C(=O)COc3ccc(Cl)cc3)CC2)nc2ccccc2c1=O,0.40321973
CN(C)[C@@H]1C(=O)[C@@H](C(N)=O)C(=O)[C@@]2(O)C(=O)[C@@H]3C(=O)c4c(O)c(NC(=O)CN5CCCC5)cc(F)c4C[C@H]3C[C@@H]12,0.9877906
COC(=O)/C=C/c1cc(O)ccc1O,0.010206742
C=C1/C(=C\C=C2/CCC[C@]3(C)[C@@H]([C@H](C)/C=C/[C@H](C)C(C)(C)O)CC[C@@H]23)C[C@@H](O)C[C@@H]1O,0.25817847
COc1cc(OC)cc(N(CCNC(C)C)c2ccc3ncc(-c4cnn(C)c4)nc3c2)c1,0.0013406384
O=C(O)CSCC(=O)N[C@H]1CCSC1=O,0.018705169
C=C1CC[C@H](O)C/C1=C/C=C1\CCC[C@]2(C)[C@@H]([C@H](C)/C=C/[C@H](C)C(C)C)CC[C@@H]12,0.0029249194
C[C@@H](CO)NC(=O)[C@@H]1C=C2c3cccc4[nH]cc(c34)C[C@H]2N(C)C1,2.1543257e-05
CC(C)[C@@H](C)/C=C/[C@@H](C)[C@H]1CC[C@H]2C3=CC=C4C[C@@H](O)CC[C@]4(C)[C@H]3CC[C@]12C,0.0005633842
CN1C[C@H](C(=O)N[C@]2(C)O[C@@]3(O)[C@@H]4CCCN4C(=O)[C@H](Cc4ccccc4)N3C2=O)C=C2c3cccc4[nH]cc(c34)C[C@H]21,0.28714648
COc1cc(N2CCN(C)CC2)ccc1Nc1ncc2c(n1)N(C)c1ccccc1C(=O)N2C,0.22156231
C#Cc1cccc(Nc2ncnc3cc(OCCOC)c(OCCOC)cc23)c1,0.007994269
C[C@@H](O)[C@@H]1C(=O)N2C(C(=O)O)=C(S[C@@H]3CN[C@H](C(=O)Nc4cccc(C(=O)O)c4)C3)[C@H](C)[C@H]12,0.9998036
Oc1ccc([C@@H]2Oc3ccc(O)cc3[C@@H]3CCC[C@@H]32)cc1,0.095745474
CCOc1ccc(Cc2cc([C@]34OC[C@](CO)(O3)[C@@H](O)[C@H](O)[C@H]4O)ccc2Cl)cc1,0.40312287
OC[C@@H](O)[C@@H](O)CO,0.3319881
CC[C@H]1OC(=O)[C@H](C)[C@@H](O[C@H]2C[C@@](C)(OC)[C@@H](O)[C@H](C)O2)[C@H](C)[C@@H](O[C@@H]2O[C@H](C)C[C@H](N(C)C)[C@H]2O)[C@](C)(O)C[C@@H](C)C(=O)[C@H](C)[C@@H](O)[C@]1(C)O,0.65103024
CCC(=O)O[C@H]1[C@H](O[C@@H]2[C@@H](C)[C@H](O[C@H]3C[C@@](C)(OC)[C@@H](O)[C@H](C)O3)[C@@H](C)C(=O)O[C@H](CC)[C@@](C)(O)[C@H](O)[C@@H](C)C(=O)[C@H](C)C[C@@]2(C)O)O[C@H](C)C[C@@H]1N(C)C,0.028512917
CCOC(=O)CCC(=O)O[C@H]1[C@H](O[C@@H]2[C@@H](C)[C@H](O[C@H]3C[C@@](C)(OC)[C@@H](O)[C@H](C)O3)[C@@H](C)C(=O)O[C@H](CC)[C@@](C)(O)[C@H](O)[C@@H](C)C(=O)[C@H](C)C[C@@]2(C)O)O[C@H](C)C[C@@H]1N(C)C,0.12093028
O=C1OC2(c3ccccc31)c1cc(I)c(O)c(I)c1Oc1c2cc(I)c(O)c1I,5.38903e-09
O=C(CN1CCNCC1)NC1CCCCC1,0.00018383295
Cc1c(C(=O)Nc2ccc(S(C)(=O)=O)cc2)cn(CCO)c1-c1ccccc1C(F)(F)F,0.0073715593
CC=C(C)C(=O)O[C@H]1[C@H](OC(C)=O)[C@]2(CO)[C@H](O)C[C@]3(C)C(=CC[C@@H]4[C@@]5(C)CC[C@H](O[C@@H]6O[C@H](C(=O)O)[C@@H](O[C@@H]7O[C@H](CO)[C@@H](O)[C@H](O)[C@H]7O)[C@H](O)[C@H]6O[C@@H]6O[C@H](CO)[C@@H](O)[C@H](O)[C@H]6O)[C@](C)(CO)[C@@H]5CC[C@]43C)[C@@H]2CC1(C)C,0.005248791
O=c1ccc2cc(O[C@@H]3O[C@H](CO)[C@@H](O)[C@H](O)[C@H]3O)c(O)cc2o1,0.00091038435
CN1CC[C@@]2(C)c3cc(O)ccc3N(C)[C@@H]12,1.4070511e-05
CC(C)(C)c1cc(C(=O)/C(C#N)=N/Nc2cccc(Cl)c2)no1,6.7891574e-06
CC(=O)O[C@H]1Cc2ccccc2N(C(N)=O)c2ccccc21,0.0010268948
COC(=O)CCc1ccc(OC[C@@H](O)CNC(C)C)cc1,0.00611096
COc1ccc2nc([S@@](=O)Cc3ncc(C)c(OC)c3C)[nH]c2c1,0.01678829
CC(=O)SC[C@H](CC(=O)c1ccc(C)cc1)C(=O)O,0.2772176
C[C@]12CC[C@@H]3c4ccc(O)cc4CC[C@H]3[C@@H]1[C@@H](O)[C@@H](O)[C@@H]2O,0.0298076
C[C@]12CC[C@@H]3c4ccc(O)cc4CC[C@H]3[C@@H]1CC[C@@H]2O,0.040050063
CC(=O)Oc1ccc2c(c1)CC[C@@H]1[C@@H]2CC[C@]2(C)[C@@H](O)CC[C@@H]12,0.004668554
C[C@]12CC[C@@H]3c4ccc(OC(=O)c5ccccc5)cc4CC[C@H]3[C@@H]1CC[C@@H]2O,0.0475891
C[C@]12CC[C@@H]3c4ccc(O)cc4CC[C@H]3[C@@H]1CC[C@@H]2OC(=O)CCC1CCCC1,0.0049980376
CCCCC(=O)O[C@H]1CC[C@H]2[C@@H]3CCc4cc(O)ccc4[C@H]3CC[C@]12C,0.005355891
C[C@]12CC[C@@H]3c4ccc(OS(N)(=O)=O)cc4CC[C@H]3[C@@H]1CC[C@@H]2O,0.046135798
C[C@]12CC[C@@H]3c4ccc(OC(=O)N(CCCl)CCCl)cc4CC[C@H]3[C@@H]1CC[C@@H]2O,0.28811198
C[C@]12CC[C@@H]3c4ccc(OC(=O)N(CCCl)CCCl)cc4CC[C@H]3[C@@H]1CC[C@@H]2OP(=O)(O)O,0.6852335
C[C@]12CC[C@@H]3c4ccc(O)cc4CC[C@H]3[C@@H]1C[C@@H](O)[C@@H]2O,0.006849403
C[C@]12CC[C@@H]3c4ccc(O)cc4CC[C@H]3[C@@H]1CCC2=O,0.00048670612
C[C@]12CC[C@@H]3c4ccc(OS(=O)(=O)O)cc4CC[C@H]3[C@@H]1CCC2=O,1.2298866e-05
C=C(CC)C(=O)c1ccc(OCC(=O)O)c(Cl)c1Cl,0.026195005
CCN(CC)CCOc1ccccc1C(=O)CCc1ccccc1,4.218788e-06
O=S(=O)(O)c1cc(O)ccc1O,8.522809e-05
O=C(Cn1ccnc1[N+](=O)[O-])NCCO,1.3622338e-05
CCOC(=O)c1cnc2c(cnn2CC)c1NN=C(C)C,6.957072e-05
Cn1c(=O)c2c(ncn2CC(=O)Nc2ccc(-c3ccccc3)nn2)n(C)c1=O,0.9989562
N#Cc1ccc(-c2cnc3ccc(-c4ccc(C(=O)N5CCOCC5)cc4)cn23)cc1,0.95976007
CCN(CC)S(=O)(=O)c1ccc(C(=O)O)cc1,0.00044078566
CCC1(c2ccccc2)C(=O)N(COC)C(=O)N(COC)C1=O,1.179828e-06
CCOC(=O)Nc1ccc2c(c1)N(C(=O)CCN(CC)CC)c1ccccc1S2,9.234571e-05
CCOc1ccc2nc3cc(N)ccc3c(N)c2c1,0.20951293
CC[C@@H](CO)NCCN[C@@H](CC)CO,1.43986e-07
CCN(CC)C(=O)c1ccc(O)c(OC)c1,6.4073747e-06
CCCCCCCC/C=C\CCCCCCCC(=O)O,0.020795885
CCOc1ccc(Cc2nccc3cc(OCC)c(OCC)cc23)cc1OCC,0.3804128
CCOc1ccccc1C(N)=O,0.0037148427
CCn1cnc(C(=O)NC)c1C(=O)NC,1.8260287e-05
C#C[C@]1(O)CC[C@H]2[C@@H]3CCc4cc(O)ccc4[C@H]3CC[C@@]21C,0.01577586
CCc1cc(C(N)=S)ccn1,1.967396e-05
C#C[C@]1(O)CC[C@H]2[C@@H]3CCC4=CC(=O)CC[C@]4(C)[C@H]3CC[C@@]21C,0.0044121677
CCOc1cc(NC(C)=O)ccc1C(=O)OC,0.00012990616
CC[C@@]1(C)CC(=O)NC1=O,0.007534283
CCN1C(=O)N[C@H](c2ccccc2)C1=O,0.00012889104
CCOc1ccc2c(c1)C(C)=CC(C)(C)N2,0.0044159815
CCOc1ccc2nc(S(N)(=O)=O)sc2c1,0.00012913314
CCOC(=O)c1ccc(O)cc1,0.0019037739
C=C(O)C(=O)OCC,2.0676573e-06
CCOc1cc(C=O)ccc1O,0.00040485378
CCOC(=O)c1ccccc1OC(N)=O,0.0021021713
O=C(O)CN(CCN(CC(=O)O)CC(=O)O)CC(=O)O,0.0004301649
CC[C@@H](N)[C@@H](O)c1ccc(O)c(O)c1,8.229822e-06
C#C[C@]1(OC(C)=O)CC[C@H]2[C@@H]3CCC4=C[C@@H](OC(C)=O)CC[C@@H]4[C@H]3CC[C@@]21C,0.005614909
C#C[C@@]1(O)[C@@H](CO)O[C@@H](n2ccc(N)nc2=O)[C@@H]1O,0.0031833746
CCc1cc(Cl)c(OC)c(C(=O)NC[C@@H]2CCCN2CC)c1O,0.3434634
CC(O)(P(=O)(O)O)P(=O)(O)O,8.847332e-09
CCc1cccc(CC)c1NC(=O)CN(CC(=O)O)CC(=O)O,0.0041873585
CCNC1=Nc2ccc(Cl)cc2[C@](C)(c2ccccc2)O1,0.21081007
CCNCC(O)c1cccc(O)c1,0.008424226
CCOC(=O)[C@@H](N)Cc1ccc(O)c(O)c1,3.287532e-09
CCc1cc2c(s1)-n1c(C)nnc1CN=C2c1ccccc1Cl,0.0025180865
CCc1cccc2c3c([nH]c12)[C@](CC)(CC(=O)O)OCC3,0.02416339
O=C(OCCOCCO)c1ccccc1Nc1cccc(C(F)(F)F)c1,0.023102306
CC(C)(Oc1ccc(Cl)cc1)C(=O)OCCOC(=O)c1cccnc1,0.05098151
Cn1c(=O)c2c(ncn2CCO)n(C)c1=O,0.94530594
Cn1c(=O)c2c(ncn2CCOC(=O)C(C)(C)Oc2ccc(Cl)cc2)n(C)c1=O,0.9988794
CCOC(=O)c1cncn1[C@H](C)c1ccccc1,0.04031482
CCOC(=O)[C@@]1(CCCCCCOc2ccc(Cl)cc2)CO1,0.0057882234
C#C[C@]1(O)CC[C@H]2[C@@H]3CCC4=CC(=O)CC[C@@H]4[C@H]3C(=C)C[C@@]21CC,0.0010573862
COc1cc([C@@H]2c3cc4c(cc3[C@@H](O[C@@H]3O[C@@H]5CO[C@@H](C)O[C@H]5[C@H](O)[C@H]3O)[C@H]3COC(=O)[C@H]23)OCO4)cc(OC)c1O,0.0002715867
COc1cc([C@@H]2c3cc4c(cc3[C@@H](O[C@@H]3O[C@@H]5CO[C@@H](C)O[C@H]5[C@H](O)[C@H]3O)[C@H]3COC(=O)[C@H]23)OCO4)cc(OC)c1OP(=O)(O)O,0.028568244
Cc1ccc(-c2ncc(Cl)cc2-c2ccc(S(C)(=O)=O)cc2)cn1,0.26752362
CCOCCOc1ccccc1C(N)=O,0.0010933387
O=C(CCCO)NCCO,7.5160383e-06
Cn1ncc2c(N3CCOCC3)nc(-c3cccc(O)c3)nc21,0.035214756
CC(C)(C#N)c1ccc(N2C(=O)OCc3cnc4ccc(-c5cnc6ccccc6c5)cc4c32)cc1,0.8607692
CN[C@H]1CCc2ncsc2C1,7.105741e-05
O=C(O)C[C@H]1CCc2c1[nH]c1ccc(OCc3ccc(C4CCCC4)c(C(F)(F)F)c3)cc21,0.95695585
Cc1cc(C#N)cc(C)c1Oc1nc(Nc2ccc(C#N)cc2)nc(N)c1Br,0.2422425
CCOC(=O)/C=C(C)/C=C/C=C(C)/C=C/c1c(C)cc(OC)c(C)c1C,0.00092889805
CC12CCC(CC1)C(C)(C)O2,0.00014965635
C[C@H]1C[C@H](OC(=O)[C@@H](O)c2ccccc2)CC(C)(C)N1C,0.0003178695
C=CCc1ccc(O)c(OC)c1,1.9350153e-05
COc1cccc2c1[O][Mn]13([Cl])[O]c4c(cccc4OC)C=[N+]1CC[N+]3=C2,0.0029564856
COc1ccc(-c2cc(=O)c3c(O)c(OC)c(O)cc3o2)cc1OC,0.0025976247
Cc1cc(C)c2c(c1)[C@@H](N(Cc1cc(C(F)(F)F)cc(C(F)(F)F)c1)c1nnn(C)n1)CCCN2C[C@H]1CC[C@H](C(=O)O)CC1,0.40111044
Cc1cc(-c2ccc(NN=C3C=Cc4c(S(=O)(=O)O)cc(S(=O)(=O)O)c(N)c4C3=O)c(C)c2)ccc1NN=C1C=Cc2c(S(=O)(=O)O)cc(S(=O)(=O)O)c(N)c2C1=O,0.23344311
CC(C)(C)c1ccc(CN(Cc2cccc(OCC(=O)O)c2)S(=O)(=O)c2cccnc2)cc1,0.0005759367
CCCCOc1cccc(CCNCC(=O)N(C)C)c1,0.00617041
CO[C@H]1C[C@@H]2CC[C@@H](C)[C@@](O)(O2)C(=O)C(=O)N2CCCC[C@H]2C(=O)O[C@H]([C@H](C)C[C@@H]2CC[C@@H](OCCO)[C@H](OC)C2)CC(=O)[C@H](C)/C=C(\C)[C@@H](O)[C@@H](OC)C(=O)[C@H](C)C[C@H](C)/C=C/C=C/C=C/1C,0.9587856
C=CC(=O)N1CCC(CNc2ncnc(N)c2-c2ccc(Oc3ccccc3)cc2)CC1,0.7653267
C[C@@H](N[C@H]1CCN(c2ccc(CC(=O)O)cc2)C1)c1cccc2ccccc12,0.024892136
CN1c2ccccc2C(=O)N2CCc3c([nH]c4ccccc34)[C@H]21,0.00016990415
O=C(N[C@H]1CN2CCC1CC2)c1cc2cccc(Cl)c2s1,0.04818116
Nc1ccc2ncnc(NCCc3ccc(Oc4ccccc4)cc3)c2c1,0.5001382
Cc1cccc(-c2nc(CNc3ccccc3F)[nH]c2-c2ccc3ncnn3c2)n1,0.0034807671
NC(=O)[C@H]1CCCc2c1[nH]c1ccc(Cl)cc21,0.014266228
CCCCCCOc1ccccc1C(N)=O,0.022019964
Cc1[nH]c2ccccc2c1C[C@@H](NC(=O)[C@@H](N)Cc1cnc[nH]1)C(=O)N[C@@H](C)C(=O)N[C@@H](Cc1c[nH]c2ccccc12)C(=O)N[C@H](Cc1ccccc1)C(=O)N[C@@H](CCCCN)C(N)=O,0.0437638
CC[C@@]1(O)C(=O)OCc2c1cc1n(c2=O)Cc2c-1nc1cc(F)c(C)c3c1c2[C@@H](N)CC3,0.00038458954
C=C1C[C@@H]2[C@H](CC[C@]3(C)C(=O)CC[C@@H]23)[C@@]2(C)C=CC(=O)C=C12,0.01156264
CC[C@H](C)[C@H](NC(=O)[C@H](Cc1ccccc1)NC(=O)[C@H](CC(C)C)NC(=O)[C@H](CCCNC(=N)N)NC(=O)[C@@H](NC(=O)[C@H](C)NC(=O)[C@H](CCC(=O)O)NC(=O)[C@H](CCC(=O)O)NC(=O)[C@H](CCC(=O)O)NC(=O)[C@H](CCSC)NC(=O)[C@H](CCC(N)=O)NC(=O)[C@H](CCCCN)NC(=O)[C@H](CO)NC(=O)[C@H](CC(C)C)NC(=O)[C@H](CC(=O)O)NC(=O)[C@H](CO)NC(=O)[C@@H](NC(=O)[C@H](Cc1ccccc1)NC(=O)[C@@H](NC(=O)CNC(=O)[C@H](CCC(=O)O)NC(=O)CNC(=O)[C@@H](N)Cc1c[nH]cn1)[C@@H](C)O)[C@@H](C)O)C(C)C)C(=O)N[C@@H](CCC(=O)O)C(=O)N[C@@H](Cc1c[nH]c2ccccc12)C(=O)N[C@@H](CC(C)C)C(=O)N[C@@H](CCCCN)C(=O)N[C@@H](CC(N)=O)C(=O)NCC(=O)NCC(=O)N1CCC[C@H]1C(=O)N[C@@H](CO)C(=O)N[C@@H](CO)C(=O)NCC(=O)N[C@@H](C)C(=O)N1CCC[C@H]1C(=O)N1CCC[C@H]1C(=O)N1CCC[C@H]1C(=O)N[C@@H](CO)C(N)=O,0.10849332
CC(=O)N[C@H]1CSSC[C@@H](C(N)=O)NC(=O)[C@H](C(C)C)NC(=O)[C@H](C)NC(=O)[C@H](Cc2cnc[nH]2)NC1=O,0.1402853
O=C(c1cc(O)c(O)c(O)c1)c1ccc(O)c(O)c1O,0.002599199
CC1=C(CC(=O)O)c2cc(F)ccc2/C1=C\c1ccc(S(C)(=O)=O)cc1,0.046529006
O=C(Nc1cccc2cccnc12)c1ccc(N2C(=O)[C@@H]3[C@H](C2=O)[C@H]2C=C[C@@H]3C2)cc1,0.00027570908
COC(=O)c1ccccc1NC(=O)c1ccc(F)cc1,0.0010893076
CCOC(=O)[C@@H](N)CCC(=O)N[C@@H](CSCc1ccccc1)C(=O)N[C@@H](C(=O)OCC)c1ccccc1,6.4413885e-05
O=C1[C@H](CC[C@H](O)c2ccc(F)cc2)[C@@H](c2ccc(O)cc2)N1c1ccc(F)cc1,0.0074082473
CCN(CC)c1ccc(-n2nc3cc(C)c(N)cc3n2)cc1,0.012609812
CCCCCCCCC/C(=C\C1=C(C)C(=O)C(OC)=C(OC)C1=O)C(=O)O,0.083654135
C[C@H](NC(=O)c1c(C(F)F)nn(C)c1Oc1cccc(C(F)(F)F)c1)c1ccc(C(=O)O)cc1,0.06859319
O=C1NNc2nc(CN3Cc4ccccc4C3)nc3cccc1c23,0.004159509
Cc1ccc(NS(=O)(=O)c2cccc(C#N)c2)c2[nH]cc(C#N)c12,0.39334878
Cn1c(=O)cnn(CCCCN2CCN(c3ncccn3)CC2)c1=O,0.0005790361
CC/C=C\C/C=C\C/C=C\C/C=C\C/C=C\C/C=C\CCC(=O)OCc1cccnc1,4.681766e-06
N#Cc1ccc([C@H]2CCCc3cncn32)cc1,0.008584852
OC[C@H]1NCC[C@@H](O)[C@@H]1O,2.3623743e-06
C=C1/C(=C\C=C2/CCC[C@]3(C)[C@@H]([C@H](C)CCCC(O)(C(F)(F)F)C(F)(F)F)CC[C@@H]23)C[C@@H](O)C[C@@H]1O,0.000393929
CC(=O)OCC(CCn1cnc2cnc(N)nc21)COC(C)=O,0.0014244947
N=C(N)Nc1nc(CSCC/C(N)=N\S(N)(=O)=O)cs1,0.431232
CC(C)c1c(CN(C)[C@@H](C)Cc2ccccc2)n(C)n(-c2ccccc2)c1=O,6.8334775e-06
O=S1(=O)c2cccc3cccc(c23)N1CCCN1CCN(c2ccc(F)cc2)CC1,0.014485536
c1ccc(CCNc2nc(-c3ccccc3)cs2)cc1,0.0014526665
COc1ccc(CCN(C)CCCOc2ccc(S(=O)(=O)c3c(C(C)C)cn4ccccc34)cc2)cc1OC,0.0066067628
O=C(c1ccc2nonc2c1)N1CCCCC1,0.1493748
CC(C)=CCC/C(C)=C/CC/C(C)=C/CSc1ccccc1C(N)=O,0.12837698
C[C@@H](O)[C@@H]1C(=O)N2C(C(=O)O)=C([C@H]3CCCO3)S[C@H]12,0.5199449
Cc1oc(=O)oc1COC(=O)C1=C([C@H]2CCCO2)S[C@@H]2[C@@H]([C@@H](C)O)C(=O)N12,0.6819869
O=C1CC[C@H](C(=O)N2CCCCC2)N1,6.273442e-05
O=S(=O)(c1cccc2cnccc12)N1CCCNCC1,0.4863276
NC(=O)c1nc(F)c[nH]c1=O,0.0009998399
CO[C@H]1/C=C/O[C@@]2(C)Oc3c(C)c(O)c4c(O)c(c(/C=N/N=C/N5CCCCC5)c(O)c4c3C2=O)NC(=O)/C(C)=C\C=C\[C@H](C)[C@H](O)[C@@H](C)[C@@H](O)[C@@H](C)[C@H](OC(C)=O)[C@@H]1C,0.99999905
Nc1nc(=O)n([C@H]2C[C@H](O)[C@@H](CO)O2)cc1F,0.3991937
CCCCOC[C@@H](O)COc1ccccc1,2.953478e-05
Cc1nc(-c2ccc(OCC(C)C)c(C#N)c2)sc1C(=O)O,0.041647796
Cc1cnc(Nc2ccc(OCCN3CCCC3)cc2)nc1Nc1cccc(S(=O)(=O)NC(C)(C)C)c1,0.293259
NC(=O)OCC(COC(N)=O)c1ccccc1,0.00010155456
O=C(O)Cc1ccc(-c2ccccc2)cc1,0.021993436
CCOC(=O)Cc1ccc(-c2ccccc2)cc1,0.2212237
CCOC(=O)C1=C(C)NC(C)=C(C(=O)OC)[C@@H]1c1cccc(Cl)c1Cl,3.8792543e-05
NCCCC[C@H](NC(=O)[C@@H]1CCCN1C(=O)[C@@H]1CSSC[C@H](N)C(=O)N[C@@H](Cc2ccccc2)C(=O)N[C@@H](Cc2ccccc2)C(=O)N[C@@H](CCC(N)=O)C(=O)N[C@@H](CC(N)=O)C(=O)N1)C(=O)NCC(N)=O,0.04066995
O=C(CCCl)NCCc1ccccc1,8.4204876e-05
COC(=O)Nc1nc2ccc(Sc3ccccc3)cc2[nH]1,0.013214387
O=C(O)CCC(=O)c1ccc(-c2ccccc2)cc1,0.07658372
N[C@@H](Cc1ccc(Cl)cc1)C(=O)O,0.10892855
C[C@@H](NCCC(c1ccccc1)c1ccccc1)c1ccccc1,0.12423657
C[C@H]1CN(C2COC2)CCN1c1ccc(Nc2cc(-c3ccnc(N4CCn5c(cc6c5CC(C)(C)C6)C4=O)c3CO)cn(C)c2=O)nc1,0.039502036
NC[C@@H](CC(=O)O)c1ccccc1,0.0058633587
CCCC[C@@H](O)c1ccccc1,0.0001424116
CN1CC(=O)N=C1NC(=O)Nc1cccc(Cl)c1,0.009868868
CC(C)OC(=O)C(C)(C)Oc1ccc(C(=O)c2ccc(Cl)cc2)cc1,0.43617898
CC(C)(Oc1ccc(C(=O)c2ccc(Cl)cc2)cc1)C(=O)O,0.17538163
Oc1ccc([C@H]2CNCCc3c2cc(O)c(O)c3Cl)cc1,0.00052362046
C[C@@H](C(=O)O)c1cccc(Oc2ccccc2)c1,0.0010550839
C[C@@H](Cc1ccc(O)cc1)NC[C@@H](O)c1cc(O)cc(O)c1,0.022835828
O=C(CN1CCN(Cc2ccc3c(c2)OCO3)CC1)N1c2ccccc2Sc2ccccc21,0.00010721308
CCOC(=O)[C@@H](C)Oc1ccc(Oc2nc3ccc(Cl)cc3o2)cc1,0.005996273
CC1=C(/C=C/C(C)=C/C=C/C(C)=C/C(=O)Nc2ccc(O)cc2)C(C)(C)CCC1,0.000103094746
O=C1NCC2(CCN(CCc3ccccc3)CC2)O1,0.0001743193
COP(=S)(OC)Oc1ccc(SC)c(C)c1,2.2123813e-05
O=C(O)Cc1sc(-c2ccccc2)nc1-c1ccc(Cl)cc1,0.004767856
Clc1ccc([C@@H](Cn2ccnc2)OCc2ccc(Sc3ccccc3)cc2)c(Cl)c1,0.24542484
O/N=C/c1ccc(-c2ccc(O)c(F)c2)c(Cl)c1O,0.21173541
CN(C)CC1=CC=C[C@@]1(CNc1ccnc2cc(Cl)ccc12)[Fe][CH]1C=CC=C1,0.0018226034
CCOC(=O)c1ccc(NC2CCCCC2)c(N)c1,0.010420531
COc1cc(/C=C/C(=O)O)ccc1O,0.14689977
CC(C)C(=O)Oc1ccc(CO)cc1[C@H](CCN(C(C)C)C(C)C)c1ccccc1,0.03155223
Cc1c(CC(=O)O)c2cccnc2n1Cc1ccc(S(C)(=O)=O)cc1C(F)(F)F,0.03969791
COC(=O)/C=C/c1cccc(N(Cc2ccc(-c3ccc(N(C)C)cc3)cc2)C(=O)C2CCCCC2)c1,0.98608255
CSc1ccc(OCc2ncc([N+](=O)[O-])n2C)cc1,0.0677852
CC(C)(C(=O)O)c1ccc([C@@H](O)CCCN2CCC(C(O)(c3ccccc3)c3ccccc3)CC2)cc1,0.005644486
Cc1nsc(-c2nnc3n2CCN(C(=O)c2ccc(F)cc2)[C@@H]3C)n1,0.00015399877
O=C(O)CNC(=O)c1nc(Cl)c2ccccc2c1O,0.0022857897
Cc1nc(C(=O)NCC(=O)O)c(O)c2ccc(Oc3ccccc3)cc12,0.050443903
CNC(=O)c1cc2c(cn1)[nH]c1ccccc12,2.7575135e-05
CCCCCCN(CCCCCC)C(=O)Cc1c(-c2ccc(F)cc2)[nH]c2ccccc12,0.6043602
CCCCCCN(CCCCCC)C(=O)Cc1c(-c2ccc(Cl)cc2)[nH]c2ccc(Cl)cc12,0.84568036
Cc1cc([N+](=O)[O-])ccc1NS(=O)(=O)c1cc(Cl)ccc1Cl,0.015450854
CC(=O)Nc1ccc(Cc2ccc(NC(C)=O)cc2)cc1,0.0010582273
Nc1nc(=O)n([C@@H]2O[C@H](CO)[C@@H](O)[C@@H]2F)cc1I,0.47903028
NC(=O)[C@H]1C[C@]2(NC(=O)NC2=O)c2cc(F)ccc2O1,0.005532624
CCc1c(Cl)c(O)c(Cl)c(O)c1C(=O)O[C@H]1[C@H](O)[C@H](OC)[C@H](OC/C2=C\C=C\C[C@H](O)/C(C)=C/[C@H](CC)[C@@H](O[C@@H]3OC(C)(C)[C@@H](OC(=O)C(C)C)[C@H](O)[C@@H]3O)/C(C)=C/C(C)=C/C[C@@H]([C@@H](C)O)OC2=O)O[C@@H]1C,0.9529394
CON(C)C(=O)N1N=C(c2cc(F)ccc2F)S[C@@]1(CCCN)c1ccccc1,2.801645e-05
O=C(Nc1nc2cccc(-c3ccc(CN4CCS(=O)(=O)CC4)cc3)n2n1)C1CC1,0.009746205
CCCCc1nc(C)c(CC(=S)N(C)C)c(=O)n1Cc1ccc(-c2ccccc2-c2nn[nH]n2)cc1,0.08271937
N#Cc1c(N2C[C@@H]3NCCO[C@H]3C2)c(F)cc2c(=O)c(C(=O)O)cn(C3CC3)c12,0.9996074
CC(C)(C)NC(=O)[C@H]1CC[C@H]2[C@@H]3CC[C@H]4NC(=O)C=C[C@]4(C)[C@H]3CC[C@]12C,0.00012236334
CCCCCCCCc1ccc(CCC(N)(CO)CO)cc1,0.0043711807
O=C(COc1ccc(Cl)cc1)N1CCN(Cc2ccc3c(c2)OCO3)CC1,0.0002734045
O=C(NCCN1CCC(n2c(=O)[nH]c3ccccc32)CC1)c1cc2cc(F)ccc2[nH]1,0.027626486
N#Cc1nn(-c2c(Cl)cc(C(F)(F)F)cc2Cl)c(N)c1[S@@](=O)C(F)(F)F,0.02544472
CCOCc1cc(OC)c(-c2ccc(C[C@H](NC(=O)c3c(F)cccc3F)C(=O)O)cc2)c(OC)c1,0.016377142
CC1(C)OC(=O)C(OCC2CC2)=C1c1ccc(S(C)(=O)=O)cc1,0.006284427
COc1ccccc1[C@H](Cn1c(=O)n(C(C)(C)C(=O)O)c(=O)c2c(C)c(-c3ncco3)sc21)OC1CCOCC1,0.9811864
O=c1c(O)c(-c2ccc(O)c(O)c2)oc2cc(O)ccc12,0.010075351
C=CC(=O)N[C@H]1CCOC[C@H]1Nc1ncc2cc(-c3c(Cl)c(OC)cc(OC)c3Cl)ccc2n1,0.99824226
CCC(=O)N(c1ccccc1)C1CCN(CCc2ccc(N=C=S)cc2)CC1,1.2131366e-05
C[C@H](NC(=O)[C@@H](N)Cc1ccc(O)cc1)C(=O)NCC(=O)N(C)[C@@H](Cc1ccccc1)C(=O)N[C@H](CO)CC[S@@](C)=O,0.0006734664
CC(=O)c1ccc(NS(C)(=O)=O)c(Oc2ccc(F)cc2F)c1,0.036741078
CC/C(=C\C(=N\O)C(N)=O)[C@@H](C)[N+](=O)[O-],1.4138056e-06
O=C(/C=C/c1cccnc1)NCCCCC1CCN(C(=O)c2ccccc2)CC1,0.05684488
CN(Cc1ccccc1)C(=O)[C@H](Cc1ccc2ccccc2c1)NC(=O)[C@@H]1C[C@@H](O)CN1C(=O)c1cn(C)c2ccccc12,0.078013234
CC(=O)N1CCC(NC(=O)c2ccc(F)cc2)CC1,0.0011130071
Cc1cc2nc3c(=O)[nH]c(=O)nc-3n(C[C@H](O)[C@H](O)[C@H](O)CO[P@](=O)(O)O[P@](=O)(O)OC[C@H]3O[C@@H](n4cnc5c(N)ncnc54)[C@H](O)[C@@H]3O)c2cc1C,0.9871242
Cc1c(-c2ccccc2)oc2c(C(=O)OCCN3CCCCC3)cccc2c1=O,0.51677346
O=C(NCC1CCCCN1)c1cc(OCC(F)(F)F)ccc1OCC(F)(F)F,0.00092435424
CN1CCN(c2c(F)cc3c(=O)c(C(=O)O)cn(CCF)c3c2F)CC1,0.9925936
CC1=NC2=C(C(=O)CC(C)(C)C2)[C@H](c2ccc([N+](=O)[O-])cc2)C1C(=O)OC1CCCCC1,2.082534e-07
O=c1[nH]c2ccccc2n1CCN1CCN(c2cccc(C(F)(F)F)c2)CC1,0.013576312
COc1ccc(Cl)cc1[C@]1(F)C(=O)Nc2cc(C(F)(F)F)ccc21,0.23028782
O=C(OC[C@H](O)CO)c1ccccc1Nc1ccnc2c(C(F)(F)F)cccc12,0.012641937
CCC(=O)c1c(O)cc(O)cc1O,0.078454144
CS(=O)(=O)c1ccc([C@@H](O)[C@@H](CF)NC(=O)C(Cl)Cl)cc1,0.053517822
O=C(OCCN1CCCC1)c1ccccc1Nc1ccnc2cc(C(F)(F)F)ccc12,0.22605588
Cn1cc([S@@](C)=O)c(=O)c2ccc(F)cc21,0.0064510205
O=c1[nH]c(=O)n([C@H]2C[C@H](O)[C@@H](CO)O2)cc1F,0.62060416
CCCNc1nc(Nc2ccc(C#N)cc2)ncc1C#CCCCNC(=O)[C@H](C)N(C)C(=O)/C=C/CN(C)C,0.30233195
COC(=O)Nc1nc2ccc(C(=O)c3ccc(F)cc3)cc2[nH]1,0.04823721
Cc1onc(-c2c(F)cccc2Cl)c1C(=O)N[C@@H]1C(=O)N2[C@@H]1SC(C)(C)[C@@H]2C(=O)O,0.98035824
OC(Cn1cncn1)(Cn1cncn1)c1ccc(F)cc1F,0.0013071302
Nc1nc(=O)[nH]cc1F,0.007987594
Nc1nc(F)nc2c1ncn2[C@@H]1O[C@H](CO)[C@@H](O)[C@@H]1O,0.28692654
Nc1nc(F)nc2c1ncn2[C@@H]1O[C@H](COP(=O)(O)O)[C@@H](O)[C@@H]1O,0.15122032
CC(=O)OCC(=O)[C@@]1(O)CC[C@H]2[C@@H]3CCC4=CC(=O)CC[C@]4(C)[C@@]3(F)[C@@H](O)C[C@@]21C,0.13246402
CC1(C)O[C@@H]2C[C@H]3[C@@H]4C[C@H](F)C5=CC(=O)CC[C@]5(C)[C@H]4[C@@H](O)C[C@]3(C)[C@]2(C(=O)CO)O1,4.4391584e-08
O=C(O)c1ccccc1Nc1cccc(C(F)(F)F)c1,0.032266006
Cc1ncc(NC(=O)c2ccc(CN3CCN(C)CC3)c(C(F)(F)F)c2)cc1Nc1nccc(-c2cccnc2)n1,0.016981488
CCOC(=O)c1ncn2c1CN(C)C(=O)c1cc(F)ccc1-2,0.018326888
CC[C@@](O)(c1ccccc1)c1cccc(C(F)(F)F)c1,0.045040198
C[C@H]1CCc2cc(F)cc3c(=O)c(C(=O)O)cn1c23,0.080802485
C[C@@H]1C[C@H]2[C@@H]3C[C@H](F)C4=CC(=O)C=C[C@]4(C)[C@@]3(F)[C@@H](O)C[C@]2(C)[C@@]1(O)C(=O)CO,0.023869585
C[C@@H]1C[C@H]2[C@@H]3C[C@H](F)C4=CC(=O)C=C[C@]4(C)[C@@]3(F)[C@@H](O)C[C@]2(C)[C@@]1(O)C(=O)COC(=O)C(C)(C)C,0.021021497
FC(F)(F)c1cccc([C@H]2CNCCO2)c1,0.08562676
Fc1ccc(C(c2ccc(F)cc2)N2CCN(C/C=C/c3ccccc3)CC2)cc1,0.020428177
CC1(C)O[C@@H]2C[C@H]3[C@@H]4C[C@H](F)C5=CC(=O)C=C[C@]5(C)[C@H]4[C@@H](O)C[C@]3(C)[C@]2(C(=O)CO)O1,1.1297906e-07
Cc1c(Nc2ncccc2C(=O)O)cccc1C(F)(F)F,0.051495608
CC1(C)O[C@@H]2C[C@H]3[C@@H]4C[C@H](F)C5=CC(=O)C=C[C@]5(C)[C@@]4(F)[C@@H](O)C[C@]3(C)[C@]2(C(=O)CO)O1,2.6699058e-07
CC(=O)OCC(=O)[C@@]12OC(C)(C)O[C@@H]1C[C@H]1[C@@H]3C[C@H](F)C4=CC(=O)C=C[C@]4(C)[C@@]3(F)[C@@H](O)C[C@@]12C,0.26822153
O=C1OC2(c3ccc(O)cc3Oc3cc(O)ccc32)c2ccccc21,0.009043757
CC(=O)[C@@]1(O)CC[C@H]2[C@@H]3C[C@H](C)C4=CC(=O)C=C[C@]4(C)[C@@]3(F)[C@@H](O)C[C@@]21C,0.087937556
CC(=O)O[C@]1(C(C)=O)CC[C@H]2[C@@H]3C[C@H](C)C4=CC(=O)C=C[C@]4(C)[C@@]3(F)[C@@H](O)C[C@@]21C,0.016207913
C[N+](C)(CF)CCO,2.1656672e-06
CNCCC(Oc1ccc(C(F)(F)F)cc1)c1ccccc1,0.046364203
OCCN1CCN(CC/C=C2/c3ccccc3Sc3ccc(C(F)(F)F)cc32)CC1,0.26408982
OCCN1CCN(CCCN2c3ccccc3Sc3ccc(C(F)(F)F)cc32)CC1,0.042672507
CCCCCCCCCC(=O)OCCN1CCN(CCCN2c3ccccc3Sc3ccc(C(F)(F)F)cc32)CC1,0.63899094
CCOC(=O)Nc1ccc(NCc2ccc(F)cc2)nc1N,0.010888889
NC(=O)NCCN1CCN(c2cccc(C(F)(F)F)c2)CC1,0.007562758
Cc1cc(C2=NO[C@](c3cc(Cl)cc(Cl)c3)(C(F)(F)F)C2)ccc1C(=O)NCC(=O)NCC(F)(F)F,0.9405741
C[C@@H](C(=O)O)c1ccc(-c2ccccc2)c(F)c1,0.16719452
C[C@H](C(=O)O)c1ccc(-c2ccccc2)c(F)c1,0.13702196
CC(=O)O[C@@H](C)OC(=O)[C@H](C)c1ccc(-c2ccccc2)c(F)c1,0.79692835
NP(N)(=O)NC(=O)c1ccc(F)cc1,0.0018725324
FC(F)(F)COCC(F)(F)F,0.24379042
C=COCC(F)(F)F,0.0013904129
O=C1NCN(c2ccccc2)C12CCN(CCCC(c1ccc(F)cc1)c1ccc(F)cc1)CC2,0.15917207
CC(C)C(=O)Nc1ccc([N+](=O)[O-])c(C(F)(F)F)c1,0.00053589133
CCC(=O)O[C@]1(C(=O)SCF)[C@H](C)C[C@H]2[C@@H]3C[C@H](F)C4=CC(=O)C=C[C@]4(C)[C@@]3(F)[C@@H](O)C[C@@]21C,0.00042865626
Fc1ccc(C(c2ccccc2)(c2ccccc2F)n2ccnc2)cc1,0.00093929574
CC(C)n1c(/C=C/[C@@H](O)C[C@@H](O)CC(=O)O)c(-c2ccc(F)cc2)c2ccccc21,0.074276336
COCCCC/C(=N\OCCN)c1ccc(C(F)(F)F)cc1,0.016833823
CC(C)C[C@H](NC(=O)OCC1c2ccccc2-c2ccccc21)C(=O)O,0.13395317
CN1CCN(Cc2ccc(NC(=O)c3[nH]ncc3Nc3ncnc4[nH]ccc34)cc2)CC1,0.0294573
Nc1nc(=O)c2nc(CNc3ccc(C(=O)N[C@@H](CCC(=O)O)C(=O)O)cc3)cnc2[nH]1,0.0025081292
Cc1cn[nH]c1,0.000919149
c1ccc(OCc2ccc(CCCN3CCOCC3)cc2)cc1,0.00048712085
CO[C@H]1O[C@H](COS(=O)(=O)O)[C@@H](O[C@@H]2O[C@@H](C(=O)O)[C@@H](O[C@H]3O[C@H](COS(=O)(=O)O)[C@@H](O[C@@H]4O[C@H](C(=O)O)[C@@H](O[C@H]5O[C@H](COS(=O)(=O)O)[C@@H](O)[C@H](O)[C@H]5NS(=O)(=O)O)[C@H](O)[C@H]4O)[C@H](OS(=O)(=O)O)[C@H]3NS(=O)(=O)O)[C@H](O)[C@H]2OS(=O)(=O)O)[C@H](O)[C@H]1NS(=O)(=O)O,0.3222094
COc1cc2c(Oc3ccc(NC(=O)C4(C(=O)Nc5ccc(F)cc5)CC4)cc3F)ccnc2cc1OCCCN1CCOCC1,0.97082156
C[C@]12CCC(=O)C(=O)[C@@H]1CC[C@@H]1[C@@H]2CC[C@]2(C)C(=O)CC[C@@H]12,0.00021436632
COc1ccc(-c2coc3cc(O)ccc3c2=O)cc1,0.12232044
COc1ccc(C[C@H](C)NC[C@@H](O)c2ccc(O)c(NC=O)c2)cc1,1.1341434e-05
O=c1nc[nH]c2c([C@@H]3N[C@H](CO)[C@@H](O)[C@H]3O)c[nH]c12,4.462631e-05
CC(C)c1cc(C(C)C)c(-c2csc(N(CCN(C)C)Cc3cccnc3)n2)c(C(C)C)c1,0.102359325
CC(C)CN(C[C@@H](OP(=O)(O)O)[C@H](Cc1ccccc1)NC(=O)O[C@H]1CCOC1)S(=O)(=O)c1ccc(N)cc1,0.00048247114
C[C@@H](O[C@H]1OCCN(Cc2nn(P(=O)(O)O)c(=O)[nH]2)[C@H]1c1ccc(F)cc1)c1cc(C(F)(F)F)cc(C(F)(F)F)c1,0.07341422
COc1ccc(/C=C\c2cc(OC)c(OC)c(OC)c2)cc1OP(=O)(O)O,0.031507377
O=C(O)P(=O)(O)O,0.00023388458
CC/C(=C(/CC)c1ccc(OP(=O)(O)O)cc1)c1ccc(OP(=O)(O)O)cc1,0.013449376
O=P(O)(O)OC(Cn1cncn1)(Cn1cncn1)c1ccc(F)cc1F,0.00481858
C[C@@H]1O[C@@H]1P(=O)(O)O,0.0013850736
O=C(O)c1ccccc1OP(=O)(O)O,0.0022029728
O=C(COP(=O)(O)O)[C@@H](O)[C@H](O)[C@H](O)COP(=O)(O)O,0.36277616
CCC(=O)O[C@@H](OP(=O)(CCCCc1ccccc1)CC(=O)N1C[C@H](C2CCCCC2)C[C@H]1C(=O)O)C(C)C,0.9295804
O=C(O)[C@@H]1C[C@@H](C2CCCCC2)CN1C(=O)C[P@@](=O)(O)CCCCc1ccccc1,0.08863613
O=C1NC(c2ccccc2)(c2ccccc2)C(=O)N1COP(=O)(O)O,0.00075735355
COc1cc(Nc2ncc(F)c(Nc3ccc4c(n3)N(COP(=O)(O)O)C(=O)C(C)(C)O4)n2)cc(OC)c1OC,0.13090537
COc1cnc(-n2cnc(C)n2)c2c1c(C(=O)C(=O)N1CCN(C(=O)c3ccccc3)CC1)cn2COP(=O)(O)O,0.049898297
CCOP(=O)(OCC)[C@@H](C)NC(=O)N(CCCl)[NH2+][O-],0.0015032294
CSCC[C@H](NC=O)C(=O)N[C@@H](CC(=O)O)C(=O)NCC(=O)N[C@@H](CS)C(=O)N[C@@H](CCC(=O)O)C(=O)N[C@@H](CC(C)C)C(=O)O,0.024236934
NC(=S)N/N=C/c1coc2ccccc2c1=O,4.406958e-07
Cc1ccc(Cl)cc1N(CC(=O)Nc1c(F)cccc1F)S(C)(=O)=O,0.0005235057
CC(N)(Cc1ccccc1)c1ccccc1,0.000796823
CCCc1c(OC[C@@H](O)COc2ccc3c(=O)cc(C(=O)O)oc3c2CCC)ccc(C(C)=O)c1O,0.052222207
COc1ccc(Nc2ccn(-c3ccccc3)n2)cc1,0.02047958
COC(=O)c1c(C)[nH]c(C)c1C(=O)c1ccccc1Cc1ccccc1,0.005893672
O=C(c1ccc(Cl)cc1)N(Cc1ccccc1)C1CCCCC1,0.00042943968
COc1ccc(-c2nc(C(=O)N3CCN(C)CC3)sc2-c2ccc(OC)cc2)cc1,3.711937e-07
CC(C)C[C@H](NC(=O)N1CCCCCC1)C(=O)N[C@H](Cc1cn(C)c2ccccc12)C(=O)N[C@H](Cc1ccccn1)C(=O)O,0.15151614
Nc1[nH]nc2nnc(-c3c(-c4ccccc4)nn4ccccc34)cc12,0.00010153442
CCn1c(=O)c(-c2ccc(Cl)cc2Cl)cc2cnc(Nc3ccc(N4CCNCC4)c(F)c3)nc21,0.21494414
COc1ccc2nc(NC(=O)Nc3ccccc3)sc2c1,0.00036026072
CC(C)[C@@H](NC(=O)Cn1c(-c2ccccc2)ncc(N)c1=O)[C@@H](O)c1nnc(C(C)(C)C)o1,0.6990868
CN[C@@H]1CCc2[nH]c3ccc(C(N)=O)cc3c2C1,0.0022149815
CNC(=O)c1c(C)oc2cc(Oc3ncnc4cc(OC)c(OC)cc34)ccc12,0.7923984
Cc1cccc(C)c1NC(=O)c1ccccc1C(=O)O,0.004914552
O=c1[nH]c(=O)n([C@H]2CCCO2)cc1F,0.11681187
C#CCOc1ccc(/C=C/C(=O)Nc2ccccc2C(=O)O)cc1OC,0.0542492
CC(=O)O[C@H]1CC(C)(C)C(=C=C/C(C)=C/C=C/C(C)=C/C=C/C=C(C)/C=C/C=C(\C)C(=O)C[C@]23O[C@@]2(C)C[C@H](O)CC3(C)C)[C@](C)(O)C1,0.00031305754
N[C@@H](CSCCCO)C(=O)O,0.13911313
C[C@]12CC[C@@H]3c4ccc(O)cc4C[C@@H](CCCCCCCCC[S@@](=O)CCCC(F)(F)C(F)(F)F)[C@H]3[C@@H]1CC[C@@H]2O,0.6363941
CO[C@H]1[C@@H]([C@@]2(C)O[C@@H]2CC=C(C)C)[C@]2(CC[C@H]1OC(=O)/C=C/C=C/C=C/C=C/C(=O)O)CO2,0.00053777156
CCCC[C@@H](C)[C@@H](OC(=O)C[C@@H](CC(=O)O)C(=O)O)[C@H](C[C@@H](C)C[C@H](O)CCCC[C@@H](O)C[C@H](O)[C@H](C)N)OC(=O)C[C@@H](CC(=O)O)C(=O)O,0.065949485
O=C1N(Cc2ccc(C(F)(F)F)o2)c2ccccc2[C@]12COc1cc3c(cc12)OCO3,0.000865397
O=C1CN(/N=C/C=C/c2ccc([N+](=O)[O-])o2)C(=O)N1,0.001421866
O=C1O[C@H](CN2CCOCC2)CN1/N=C/c1ccc([N+](=O)[O-])o1,0.9998166
N=C(N)c1ccc(-c2ccc(-c3ccc(C(=N)N)cc3)o2)cc1,0.029933838
O=C1OCCN1/N=C/c1ccc([N+](=O)[O-])o1,0.5094878
O=C(O)c1cc2cc(Cc3cccnc3)ccc2o1,0.01824544
NS(=O)(=O)c1cc(C(=O)O)c(NCc2ccco2)cc1Cl,0.32257998
C/C(=C(/CCO)SSC[C@H]1CCCO1)N(C=O)Cc1cnc(C)nc1N,0.8179011
O=[N+]([O-])/C(Br)=C\c1ccc(Br)o1,0.9718412
CC(=O)O[C@H]1C[C@@]2(C)[C@@H](C[C@@H](O)[C@H]3[C@@]4(C)CC[C@@H](O)[C@@H](C)[C@@H]4CC[C@@]32C)/C1=C(\CCC=C(C)C)C(=O)O,0.17237133
C=CC(=O)N1CC[C@H](n2nc(C#Cc3cc(OC)cc(OC)c3)c3c(N)ncnc32)C1,0.027764104
Cc1ccc(=O)n(-c2ccc(O)cc2)c1,0.008753217
C=C1CC/C=C(\C)CC[C@@H]2[C@@H]1CC2(C)C,0.00064655195
CC(=O)c1ccc2c(c1)[C@@H]1C=CC[C@@H]1[C@H](c1cc3c(cc1Br)OCO3)N2,0.00034260945
Brc1cc2c(cc1[C@H]1Nc3ccccc3[C@H]3C=CC[C@H]31)OCO2,4.8766502e-05
CN1CCC(Nc2nc(Nc3ccc(Oc4ccccc4)cc3)c3c(O)ncc(Br)c3n2)CC1,0.6147954
CCCCC/C=C\C/C=C\CCCCCCCC(=O)NCCCC(=O)O,0.055093914
NCC1(CC(=O)O)CCCCC1,0.0014351625
CC(C)C(=O)O[C@@H](C)OC(=O)NCC1(CC(=O)O)CCCCC1,0.0059051514
COc1ccc(-c2ccc(=N)n(CCCC(=O)O)n2)cc1,0.0079179825
CCOC(=O)c1ccc(OC(=O)CCCCCNC(=N)N)cc1,0.013520969
O=c1[nH]oc2c1CCNC2,0.00011838225
O=C1CN2CCN3CCN([C@@H](CO)[C@@H](O)CO)CCN(CC2)CC(=O)[O][Gd]([O]1)[O]C(=O)C3,0.008665821
CNC(=O)CN1CCN2CCN(CC(=O)NC)CC(=O)[O][Gd]([O]C(=O)C2)[O]C(=O)C1,1.6974307e-07
O=C(O)CN1CCN2CCN(CC(=O)O)CC(=O)[O][Gd]([O]C(=O)C2)[O]C(=O)C1,1.3165471e-05
O=C(O)CN1CCN(CC(=O)O)CCN(CC(=O)O)CCN(CC(=O)O)CC1,0.0012382034
C[C@@H](O)CN1CCN2CCN3CCN(CC1)CC(=O)[O][Gd]([O]C(=O)C3)[O]C(=O)C2,2.2414515e-06
CCCNc1nc(NCCC)nc(N(C)OC)n1,0.000149068
COc1ccc2c3c1O[C@H]1C[C@@H](O)C=C[C@@]31CCN(C)C2,0.21018668
C[C@]12CC[C@H](O)CC1=CC[C@@H]1[C@@H]2CC[C@]2(C)C(n3cnc4ccccc43)=CC[C@@H]12,0.0058196257
Nc1ncnc2c([C@@H]3N[C@H](CO)[C@@H](O)[C@H]3O)c[nH]c12,0.0030764735
CC[N+](CC)(CC)CCOc1cccc(OCC[N+](CC)(CC)CC)c1OCC[N+](CC)(CC)CC,0.00041777073
O=C(O)c1cc(O)c(O)c(O)c1,0.09855624
c1cnc2c([O][Ga]([O]c3cccc4cccnc34)[O]c3cccc4cccnc34)cccc2c1,0.0012270567
COc1ccc(CCN(C)CCCC(C#N)(c2cc(OC)c(OC)c(OC)c2)C(C)C)cc1OC,0.026411112
CC(C)=CCC[C@]1(C)C=Cc2c(O)c3c(c(CC=C(C)C)c2O1)O[C@]12C(=C[C@@H]4C[C@H]1C(C)(C)O[C@@]2(C/C=C(/C)C(=O)O)C4=O)C3=O,0.102980465
CCCN1C[C@H](C)[C@@H](O)[C@](C)(O)[C@@H](CC)OC(=O)[C@H](C)[C@@H](O[C@H]2C[C@@](C)(OC)[C@@H](O)[C@H](C)O2)[C@H](C)[C@@H](O[C@@H]2O[C@H](C)C[C@H](N(C)C)[C@H]2O)[C@](C)(O)C[C@H]1C,0.7256948
NCCCC(=O)O,0.00038413645
CCCCC/C=C\C/C=C\C/C=C\CCCCC(=O)O,0.003959518
CC(=O)[C@H]1CC[C@H]2[C@@H]3CC[C@H]4C[C@](C)(O)CC[C@]4(C)[C@H]3CC[C@]12C,0.00944788
Nc1nc(=O)c2ncn(COC(CO)CO)c2[nH]1,9.65399e-05
CC(C)c1cc(-c2n[nH]c(=O)n2-c2ccc3c(ccn3C)c2)c(O)cc1O,0.05043367
C[C@H](CC(=O)C[C@@H](C)[C@H]1C[C@H](O)[C@@]2(C)C3=C(C(=O)C[C@]12C)[C@@]1(C)CCC(=O)C(C)(C)[C@@H]1C[C@@H]3O)C(=O)O,0.24506058
c1cc(-c2sc(-c3ccncc3)c(-c3ccncc3)c2-c2ccncc2)ccn1,0.0037773184
CN(C)c1ccccc1CN1CCCN(Cc2ccccc2N(C)C)C1c1ccncc1,3.7350765e-05
C[C@H]1NCc2cc(-c3ccc4c(=O)c(C(=O)O)cn(C5CC5)c4c3OC(F)F)ccc21,0.99977976
OCc1ccc(O[C@@H]2O[C@H](CO)[C@@H](O)[C@H](O)[C@H]2O)cc1,1.0592024e-05
COc1c(N2CCN[C@@H](C)C2)c(F)cc2c(=O)c(C(=O)O)cn(C3CC3)c12,0.9862622
O=C(/C=C/c1c(C(=O)O)[nH]c2cc(Cl)cc(Cl)c12)Nc1ccccc1,0.00446775
C(=C/c1ccccc1)\CN1CCN(CCOC(c2ccccc2)c2ccccc2)CC1,0.0014659943
c1ccc(CCCN2CCN(CCOC(c3ccccc3)c3ccccc3)CC2)cc1,0.00044201995
Fc1ccc(C(OCCN2CCN(C/C=C/c3ccccc3)CC2)c2ccc(F)cc2)cc1,0.0056300326
CC(C)NC[C@@H](C(=O)N1CCN(c2ncnc3c2[C@H](C)C[C@H]3O)CC1)c1ccc(Cl)cc1,0.53683364
C[C@H](Nc1ccc2c(c1)OCCn1cc(N3C(=O)OC[C@H]3C(F)F)nc1-2)C(N)=O,0.11878691
CC1(C)OCCn2c1nc1c(N3CCOCC3)nc(-c3cnc(N)nc3)nc12,0.9505297
CN[C@@H](C)C(=O)N[C@H](C(=O)N1CCC[C@H]1C(=O)Nc1snnc1-c1ccccc1)C1CCCCC1,0.012339075
CCNC(=O)Nc1ccc(-c2nc3c(c(N4CCOC[C@@H]4C)n2)CCN(C2COC2)C3)cc1,0.0062437146
N[C@@H]1CCCN(c2c(Br)cnc3[nH]cc(NC(=O)C4CC4)c23)C1,0.03703265
O=C(NOCCO)c1ccc2cncn2c1Nc1ccc(I)cc1F,0.008910886
CC/C(=C(/c1ccc(/C=C/C(=O)O)cc1)c1ccc2n[nH]cc2c1)c1ccc(F)cc1Cl,0.9781572
Cc1c(NC(=O)c2cc3c(s2)CCCC3)cccc1-c1cn(C)c(=O)c(Nc2ccc([C@H]3C(=O)N(C)CCN3C)cc2)n1,0.6387103
OCCn1cc(-c2ccc3c(c2)CC/C3=N\O)c(-c2ccncc2)n1,0.023572529
CC1=C(c2cccc(O)c2)[C@H](c2ccc(OCCN3CC(CF)C3)cc2)Oc2ccc(O)cc21,0.037363023
CS(=O)(=O)N1CCN(Cc2cc3nc(-c4cccc5n[nH]cc45)nc(N4CCOCC4)c3s2)CC1,0.7318148
Cc1c(CN2CCN(C(=O)[C@H](C)O)CC2)sc2c(N3CCOCC3)nc(-c3cnc(N)nc3)nc12,0.9998134
Cn1nccc1Nc1nccc(-c2ccn([C@@H](CO)c3ccc(Cl)c(F)c3)c(=O)c2)n1,0.035802573
CC(=O)O[C@@H]1C[C@H]2C(C)(C)C(=O)C=C[C@]2(C)[C@H]2CC[C@@]3(C)[C@H](c4ccoc4)OC(=O)[C@H]4O[C@]43[C@@]21C,2.5167774e-05
COc1cc(C(C)C)c(Oc2cnc(N)nc2N)cc1S(N)(=O)=O,0.36546257
COc1cc2ncnc(Nc3ccc(F)c(Cl)c3)c2cc1OCCCN1CCOCC1,0.3877402
COC1=C2C[C@@H](C)C[C@H](OC)[C@H](O)[C@@H](C)/C=C(\C)[C@H](OC(N)=O)[C@@H](OC)/C=C/C=C(\C)C(=O)NC(=CC1=O)C2=O,0.0012128471
CC(C)(CO)CCCCCCC(C)(C)CO,0.00030653548
Nc1ccn([C@@H]2O[C@H](CO)[C@@H](O)C2(F)F)c(=O)n1,0.91145974
CCCCCCCC/C=C/CCCCCCCC(=O)OC[C@H]1O[C@@H](n2ccc(N)nc2=O)C(F)(F)[C@@H]1O,0.3595328
Cc1ccc(C)c(OCCCC(C)(C)C(=O)O)c1,0.06675693
CO/N=C1\CN(c2nc3c(cc2F)c(=O)c(C(=O)O)cn3C2CC2)C[C@@H]1CN,0.9999341
N[C@@H](CC(=O)N1CCc2c(nc(C(F)(F)F)nc2C(F)(F)F)C1)CN1CC(F)(F)CCC1=O,2.415657e-05
COC(=O)C1=CO[C@@H](O)[C@@H]2C(CO)=CC[C@H]12,3.2218652e-06
COC(=O)C1=CO[C@@H](O[C@@H]2O[C@H](CO)[C@@H](O)[C@H](O)[C@H]2O)[C@@H]2C(CO)=CC[C@H]12,5.4913144e-05
O=C(O)C1=CO[C@@H](O[C@@H]2O[C@H](CO)[C@@H](O)[C@H](O)[C@H]2O)[C@@H]2C(CO)=CC[C@H]12,0.0005755369
O=c1c(-c2ccc(O)cc2)coc2cc(O)cc(O)c12,0.0966984
CN[C@@H]1[C@@H](O)[C@@H](O[C@@H]2[C@@H](O)[C@H](O[C@H]3O[C@H]([C@@H](C)NC)CC[C@H]3N)[C@@H](N)C[C@H]2N)OC[C@]1(C)O,0.99991167
C=C[C@@H]1C2=CCOC(=O)C2=CO[C@H]1O[C@@H]1O[C@H](CO)[C@@H](O)[C@H](O)[C@H]1O,3.9113766e-06
CCCCCCCCC(=O)N[C@H](CN1CCCC1)[C@H](O)c1ccc2c(c1)OCCO2,0.07927725
CNCCn1c(=O)c2cc(OC)c(OC)cc2c2cnc3cc4c(cc3c21)OCO4,0.17500524
C[C@@H](N)Cc1cccc(O)c1,3.5356352e-05
CC(C)[C@@H](NC(=O)[C@@H](NC(=O)[C@@H](CCC(=O)O)NC(=O)[C@H](CCCNC(=N)N)NC(=O)[C@@H](CCCNC(=N)N)NC(=O)[C@@H](CCCCN)NC(=O)[C@@H](CCCCN)NC(=O)[C@@H](CCC(=O)O)NC(=O)[C@H](N)[C@@H](C)O)[C@@H](C)O)C(=O)N[C@H](CCC(=O)O)C(=O)N[C@@H](CCCNC(=N)N)C(=O)N[C@@H](CCC(=O)O)C(=O)N[C@@H](CCCCN)C(=O)N[C@@H](CCC(=O)O)C(=O)O,0.0069146906
O=c1ccc2ncc(=O)n3c2n1C[C@H]3CN1CCC(NCc2cc3c(cn2)OCCC3)CC1,0.98695105
CC(C)=CCC/C(C)=C/CC/C(C)=C/CCC(=O)OC/C=C(\C)CCC=C(C)C,0.0032615708
C#C[C@]1(O)C=C[C@H]2[C@@H]3CCC4=CC(=O)CC[C@@H]4[C@H]3CC[C@@]21CC,0.0070782076
C#C[C@]1(O)CC[C@H]2[C@@H]3CCC4=CC(=O)CCC4=C3C=C[C@@]21CC,0.0041553676
CN(C)CCCn1cc(C2=C(c3c[nH]c4ccccc34)C(=O)NC2=O)c2ccccc21,0.4298178
COP(=O)(CC[C@@H](N)C(=O)O)Oc1cccc(CC(=O)O)c1,0.0014756086
COC(=O)[C@H](CC(C)C)NC(=O)c1ccc(NC[C@@H](N)CS)cc1-c1cccc2ccccc12,4.7707075e-05
CCc1nc(C(N)=O)c(Nc2ccc(N3CCC(N4CCN(C)CC4)CC3)c(OC)c2)nc1NC1CCOCC1,0.23255323
O=c1cc(O)c(Cl)c[nH]1,0.0006360121
C[C@@H]1C(=O)O[C@H]2C[C@@]34[C@H]5C[C@@H](C(C)(C)C)[C@]36[C@@H](OC(=O)[C@@H]6O)O[C@@]4(C(=O)O5)[C@]21O,2.7471199e-08
C[C@@H]1C(=O)O[C@H]2[C@H](O)[C@@]34[C@H]5C[C@@H](C(C)(C)C)[C@]36[C@@H](OC(=O)[C@@H]6O)O[C@@]4(C(=O)O5)[C@@]12O,2.4721263e-08
CC(C)=CCC[C@](C)(O[C@@H]1O[C@H](CO)[C@@H](O)[C@H](O)[C@H]1O)[C@H]1CC[C@]2(C)[C@@H]1[C@H](O)C[C@@H]1[C@@]3(C)CC[C@H](O)C(C)(C)[C@@H]3CC[C@]12C,1.4278736e-05
CC(C)=CCC[C@@](C)(O[C@@H]1O[C@H](CO)[C@@H](O)[C@H](O)[C@H]1O)[C@H]1CC[C@]2(C)[C@@H]1[C@H](O)C[C@@H]1[C@@]3(C)CC[C@H](O[C@@H]4O[C@H](CO)[C@@H](O)[C@H](O)[C@H]4O[C@@H]4O[C@H](CO)[C@@H](O)[C@H](O)[C@H]4O)C(C)(C)[C@@H]3CC[C@]12C,7.458445e-06
CC(C)=CCC[C@](C)(O[C@@H]1O[C@H](CO)[C@@H](O)[C@H](O)[C@H]1O)[C@H]1CC[C@]2(C)[C@@H]1[C@H](O)C[C@@H]1[C@@]3(C)CC[C@H](O)C(C)(C)[C@@H]3[C@@H](O[C@@H]3O[C@H](CO)[C@@H](O)[C@H](O)[C@H]3O[C@@H]3O[C@@H](C)[C@H](O)[C@@H](O)[C@H]3O)C[C@]12C,0.00030335636
CC(C)=CCC[C@@](C)(O)[C@H]1CC[C@]2(C)[C@@H]1[C@H](O)C[C@@H]1[C@@]3(C)CC[C@H](O[C@@H]4O[C@H](CO)[C@@H](O)[C@H](O)[C@H]4O[C@@H]4O[C@H](CO)[C@@H](O)[C@H](O)[C@H]4O)C(C)(C)[C@@H]3CC[C@]12C,0.00017474966
CCN(CC)Cc1ccc2cc(COC(=O)Nc3ccc(C(=O)NO)cc3)ccc2c1,0.00022046208
COC[C@H](C)Oc1cc(O[C@@H](C)Cc2ccccc2)cc(C(=O)Nc2ccc(C(=O)O)cn2)c1,0.36937812
CN(C)c1cccc(-c2c3c(=O)n(-c4ccccc4Cl)[nH]c3cc(=O)n2C)c1,0.36561114
C(#Cc1nc2ncccc2nc1OCCN1CCCC1)c1ccccc1,0.496811
O=C(OC[C@H](O)CO)c1ccccc1Nc1ccnc2cc(Cl)ccc12,0.06750986
CN1CC[C@@H](NC(=O)Nc2ccc(C#N)cc2)C[C@@H]1c1nc2ccccc2[nH]1,0.11623439
CC(C)(C)[C@@H]1NC(=O)O[C@@H]2CCC[C@H]2OC/C=C/C(F)(F)c2nc3ccccc3nc2O[C@@H]2C[C@@H](C(=O)N[C@]3(C(=O)NS(=O)(=O)C4(C)CC4)C[C@H]3C(F)F)N(C2)C1=O,0.8465607
COCCNCc1ccc(-c2cc3nccc(Oc4ccc(NC(=S)NC(=O)Cc5ccc(F)cc5)cc4F)c3s2)nc1,0.9972168
Cc1ccc(S(=O)(=O)NC(=O)NN2C[C@H]3CCC[C@@H]3C2)cc1,0.00077817234
CCC1=C(C)CN(C(=O)NCCc2ccc(S(=O)(=O)NC(=O)N[C@H]3CC[C@H](C)CC3)cc2)C1=O,0.0035928104
Cc1cnc(C(=O)NCCc2ccc(S(=O)(=O)NC(=O)NC3CCCCC3)cc2)cn1,0.0009762727
COc1ccc2c(c1)C(=O)N(CCc1ccc(S(=O)(=O)NC(=O)NC3CCCCC3)cc1)C(=O)C2(C)C,0.0048172288
COc1ccc2c3c1O[C@H]1C[C@@H](OC(=O)c4ccccc4)C=C[C@@]31CCN(C)C2,0.088613756
COc1ccc(S(=O)(=O)N[C@@H](CNc2nc(C)nc(N3CCC(c4ccc5c(n4)NCCC5)CC3)c2C)C(=O)O)cc1,0.46731743
CN1C(=O)N(c2ccc(C#N)c(C(F)(F)F)c2)C(=O)[C@@]1(CO)c1ccccc1,0.008690848
CN1C(=O)N(c2ccc(C#N)c(C(F)(F)F)c2)C(=O)[C@]1(CO)c1ccccc1,0.010326617
CC1(C)Cc2c(sc(NC(=O)c3cc[nH]n3)c2C(N)=O)C(C)(C)O1,3.0567604e-05
O=C(O)[C@@H](O)[C@@H](O)[C@H](O)[C@@H](O)C(=O)O,0.037006516
O=C1O[C@@H](CO)[C@H](O)[C@@H](O)[C@@H]1O,3.640639e-05
N[C@@H]1[C@@H](O)[C@H](O)[C@@H](CO)O[C@H]1O,0.046274196
N[C@@H](CCC(=O)N[C@@H](CS)C(=O)NCC(=O)O)C(=O)O,0.0061169113
CC(C)OC(=O)CNC(=O)[C@H](CS)NC(=O)CC[C@H](N)C(=O)O,0.15207523
NCC(=O)N[C@@H](CCC(N)=O)C(=O)O,0.009876983
COc1ccc(Cl)cc1C(=O)NCCc1ccc(S(=O)(=O)NC(=O)NC2CCCCC2)cc1,0.104318514
CCCCCCCCCCCC(=O)OC[C@@H](O)CO,0.001793009
O=C(CCCc1ccccc1)OCC(COC(=O)CCCc1ccccc1)OC(=O)CCCc1ccccc1,0.0036067236
COc1cc2c(=O)c(-c3ccc(O)cc3)coc2cc1O,0.19603334
C[N+]1(C)CC[C@H](OC(=O)[C@](O)(c2ccccc2)C2CCCC2)C1,0.0007814771
CCC(C)(C)C(=O)C(=O)N1CCC[C@H]1C(=O)O,0.023601316
N#CN/C(=N\c1ccncc1)NCCCCCCOc1ccc(Cl)cc1,0.0027743606
CCNc1nc(Nc2cc(F)c(C(=O)N3CCOCC3)cc2OC)ncc1C(F)(F)F,0.12788999
NC(=O)c1cccc(-c2cc(Nc3ccc(OC(F)(F)F)cc3)ncn2)c1,0.0030229348
O=C(NCCO)c1cccc(-c2cc(Nc3ccc(OC(F)(F)F)cc3)ncn2)c1,0.0018026154
Cc1ccc(NC(=O)Nc2cc(C(F)(F)F)ccc2F)cc1Nc1ccc2c(c1)NC(=O)/C2=C\c1ccc[nH]1,0.44146758
Cc1ccc(Nc2ncc3c(n2)N(C)C(=O)N(c2cc(NC(=O)c4cccc(C(F)(F)F)c4)ccc2C)C3)cn1,0.14958715
N=C(N)Nc1ccc2[nH]c3c(c2c1)C[C@@]1(O)[C@H]2Cc4ccc(O)c5c4[C@@]1(CCN2CC1CC1)[C@H]3O5,0.13647656
COc1ccc2c(c1)c(C1=C(c3c[nH]c4ccccc34)C(=O)NC1=O)cn2CCCN(C)C,0.62380123
Fc1cc(F)c2c(c1)[C@H]1C=CC[C@H]1[C@@H](c1cccnc1)N2,0.0008676937
CN1CCN(C2CCN(C(=O)Nc3cc(Oc4ccc(NC(=O)C5(C(=O)Nc6ccc(F)cc6)CC5)c(F)c4)ccn3)CC2)CC1,0.6064716
CC(C)C[C@H](NC(=O)CNC(=O)[C@H](Cc1ccc(O)cc1)NC(=O)[C@H](CO)NC(=O)[C@H](Cc1c[nH]c2ccccc12)NC(=O)[C@H](Cc1cnc[nH]1)NC(=O)[C@@H]1CCC(=O)N1)C(=O)N[C@@H](CCCNC(=N)N)C(=O)N1CCC[C@H]1C(=O)NCC(N)=O,0.004283735
CC(C)C[C@H](NC(=O)[C@@H](COC(C)(C)C)NC(=O)[C@H](Cc1ccc(O)cc1)NC(=O)[C@H](CO)NC(=O)[C@H](Cc1c[nH]c2ccccc12)NC(=O)[C@H](Cc1cnc[nH]1)NC(=O)[C@@H]1CCC(=O)N1)C(=O)N[C@@H](CCCNC(=N)N)C(=O)N1CCC[C@H]1C(=O)NNC(N)=O,0.006403836
Cc1cc2c(C(C)C)c(O)c(O)c(C=O)c2c(O)c1-c1c(C)cc2c(C(C)C)c(O)c(O)c(C=O)c2c1O,0.03344579
O=C1COc2nccc(-c3ccccc3F)c2CN1Cc1cc(C(F)(F)F)cc(C(F)(F)F)c1,0.30195612
CCC(C)(C)C(=O)C(=O)N1CCC[C@H]1C(=O)OCCCc1cccnc1,0.068339236
O=C(N[C@@H]1Cc2ccccc2N(C[C@@H](O)CO)C1=O)c1cc2cc(Cl)sc2[nH]1,0.5706468
O=C(CCCCCCCn1cc(-c2cccnc2)nn1)Nc1ccccc1-c1ccccc1,0.07219776
Cc1cc(OCc2nc(-c3ccccc3Cl)cs2)ccc1OCC(=O)O,0.052128863
Cc1ccc2c(c1)Cc1c(C(=O)NN3CCCCC3)nn(-c3ccc(Cl)cc3Cl)c1-2,6.356515e-07
Cc1ccc2c(c1)Cc1c(C(=O)NC3CCCCC3)nn(-c3ccc(Cl)cc3Cl)c1-2,0.016544797
COc1ccccc1N1CCN(CCCCNC(=O)c2ccc(-c3ccc(C(C)=O)cc3)cc2)CC1,0.7449633
Cn1cc(C(=O)OCC2CCN(CCNS(C)(=O)=O)CC2)c2ccccc21,0.12173055
COc1ccc(NC(=O)c2ccc(-c3ccc(-c4noc(C)n4)cc3C)cc2)cc1N1CCN(C)CC1,0.05253553
COC(=O)Nc1ccc2[nH]cc(CCNC(C)=O)c2c1,0.03038503
N=C(N)c1ccc(N2CCN(C3CCN(CC(=O)O)CC3)CC2)cc1,0.00091826665
COC1(C[S@@](=O)c2ccccc2)CCN(CCc2c[nH]c3ccc(F)cc23)CC1,0.112916954
CC=C1C(=O)C[C@H]2[C@@H]3CCC4=CC(=O)CC[C@]4(C)[C@H]3CC[C@]12C,0.0010704129
OC[C@H]1O[C@@H](n2cnc3c(N[C@H]4CCC[C@@H]4O)ncnc32)[C@H](O)[C@@H]1O,0.0004106453
CC(C)C[C@@H](NC(=O)[C@H](C)NC(=O)CNC(=O)[C@@H](NC=O)C(C)C)C(=O)N[C@@H](C)C(=O)N[C@@H](C(=O)N[C@H](C(=O)N[C@@H](C(=O)N[C@@H](Cc1c[nH]c2ccccc12)C(=O)N[C@H](CC(C)C)C(=O)N[C@@H](Cc1c[nH]c2ccccc12)C(=O)N[C@H](CC(C)C)C(=O)N[C@@H](Cc1c[nH]c2ccccc12)C(=O)N[C@H](CC(C)C)C(=O)N[C@@H](Cc1c[nH]c2ccccc12)C(=O)NCCO)C(C)C)C(C)C)C(C)C,0.5899206
CN(C)Cc1c[nH]c2ccccc12,2.9460823e-05
CN1[C@@H]2CCC[C@H]1C[C@@H](NC(=O)c1nn(C)c3ccccc13)C2,0.00016705244
CCc1nc2c(C)nc(C)cc2n1-c1ccc(CCNC(=O)NS(=O)(=O)c2ccc(C)cc2)cc1,0.00020526254
C=C[C@@H]1C[C@]1(NC(=O)[C@@H]1C[C@@H]2CN1C(=O)[C@H](C(C)(C)C)NC(=O)O[C@@H]1C[C@H]1CCCCCc1nc3ccc(OC)cc3nc1O2)C(=O)NS(=O)(=O)C1CC1,0.5147847
COC1=CC(=O)C[C@@H](C)[C@]12Oc1c(Cl)c(OC)cc(OC)c1C2=O,0.004426518
COc1[nH]c2ccc(F)cc2c1C(=O)OCC1CCN(CCNS(C)(=O)=O)CC1,0.09414551
COc1ccc(CNC(=O)/C=C/c2ccc3[nH]cc(CCN(C)C)c3c2)cc1,0.10295528
O=C(O)c1ccc(N2N=C(Cc3ccccc3)/C(=C\c3ccc(-c4ccccc4F)o3)C2=O)cc1,0.63676924
CSc1nc(NC2CCCC2)c([N+](=O)[O-])c(NC2CCCC2)n1,0.3465923
CCCn1c(=O)c2[nH]c(-c3cnn(Cc4cccc(C(F)(F)F)c4)c3)nc2n(CC)c1=O,0.005044033
CCCCOc1nc(N)c2c(n1)N(Cc1cccc(CN3CCCC3)c1)CC(=O)N2,0.1313141
FC(F)(F)Oc1ccc(-c2ccc3nnc(C(F)(F)F)n3c2)cc1,0.48680034
c1cn2cc(-c3ccc4c[nH]nc4c3)nc(Nc3ccc(N4CCOCC4)cc3)c2n1,0.004577002
O=C(O)CCNc1cc(N2CCc3ccccc3CC2)nc(-c2ccccn2)n1,0.08350539
O=C(O)CCNc1cc(N2CCc3ccccc3CC2)nc(-c2cccnc2)n1,0.1556496
CCOC(=O)CCNc1cc(N2CCc3ccccc3CC2)nc(-c2ccccn2)n1,0.10247832
CCOC(=O)CCNc1cc(N2CCc3ccccc3CC2)nc(-c2cccnc2)n1,0.4843239
c1ccc([C@@H]2C[C@H]2NC2CCNCC2)cc1,0.0011424087
O=C1Nc2cc(Br)ccc2/C1=C1Nc2ccccc2C/1=N/O,0.3907828
COC(=O)c1sccc1S(=O)(=O)Nc1ccc(Nc2ccccc2)cc1OC,0.0014227391
O=C1NC(=O)/C(=C/c2ccc3nccc(-c4ccncc4)c3c2)S1,0.144143
CCn1cc(-c2ccnc3[nH]c(-c4cccc(CN(C)C)c4)cc23)c(-c2ccc(NC(=O)N(C)C)cc2)n1,0.9776447
CC(C)c1noc(N2CCC(COc3ccc(-c4ccc(S(C)(=O)=O)cc4)nc3)CC2)n1,0.00010648388
CN(C(=O)CN1C(=O)COc2cc(Cl)c(Cl)cc21)[C@@H](CN1CCCC1)c1ccc(-c2cccc(C(N)=O)c2)cc1,0.21373409
Cc1ccc2c(N3CCN(CCc4cccc(N5CCNC5=O)c4)CC3)cccc2n1,0.53056824
CNC(=O)c1c(F)cccc1Nc1nc(Nc2cc3c(cc2OC)CCN3C(=O)CN(C)C)nc2[nH]ccc12,0.3379173
CNC(=O)c1ccc(Oc2ccc3c(c2)CCN(C2CCC2)CC3)nc1,0.056283977
CCc1cc(Nc2nccc(-c3c(-c4ccc(OC)c(C(=O)Nc5c(F)cccc5F)c4)nc4ccccn34)n2)c(OC)cc1N1CCC(N2CCN(S(C)(=O)=O)CC2)CC1,0.5610334
Cn1ncc(Cl)c1-c1cc(C(=O)N[C@H](CN)Cc2cccc(F)c2)sc1Cl,0.0014477968
COc1ncc(-c2ccc3nccc(-c4ccnnc4)c3c2)cc1NS(=O)(=O)c1ccc(F)cc1F,0.99782467
CCOc1ccc(-c2ccc(Cn3c(CC(C)(C)C(=O)O)c(SC(C)(C)C)c4cc(OCc5ccc(C)cn5)ccc43)cc2)cn1,0.9830783
O=C(NC1(c2ccccc2)CC1)c1c(CN2CCC(N3CCCCC3)CC2)c(-c2cccc(C(F)(F)F)c2)nc2cc(Br)ccc12,0.20473126
O=C(C1CC1)N1CC[C@@H](Cc2n[nH]c(=O)n2-c2ccc(-c3ccc4occc4c3)cc2)C1,0.64191943
COc1cccc2c1c(NS(=O)(=O)c1ccc(Cl)s1)nn2Cc1cccc(CNC(=O)C(C)(C)O)c1,0.024480958
CONC(=O)c1ccccc1Nc1cc(Nc2cc(C)nn2C(C)C)ncc1Cl,0.16527294
CNc1nc(C)nc(N[C@H]2CCC[C@@H](C(=O)NCc3ccc(C#N)cc3C(F)(F)F)C2)n1,0.027397746
CCCC[C@]1(CC)CS(=O)(=O)c2cc(CNC(CC(=O)O)CC(=O)O)c(OC)cc2[C@@H](c2ccccc2)N1,0.07542153
CNc1nc(-c2ccc3c(N)[nH]nc3c2)cc(N2C[C@@H](C(=O)NC3CCCCC3)CC[C@H]2C)n1,0.04026131
O=C1CCCN1c1ccc(Oc2ccc3c(c2)CCN(C2CCC2)CC3)nc1,0.1419054
COc1cccc(Nc2c(C(N)=O)cnc3c(C)cc(S(=O)(=O)c4cccc(C(=O)N(C)C)c4)cc23)c1,0.0063180164
O=C(Nc1cccnc1)c1cc(-c2ccnc(F)c2)ccc1OCc1ccccc1,0.008844917
Cn1cc(-c2ccc3c(c2)CCN3C(=O)Cc2cccc(C(F)(F)F)c2)c2c(N)ncnc21,0.0103094485
Cc1c(Cn2c(C)nc3c(C(=O)O)cc(N4CCOCC4)cc32)cccc1C(F)(F)F,0.05106233
Cc1cccc(CC(=O)N2CCc3c2ccc(-c2cn(C)c4ncnc(N)c24)c3F)n1,0.13146298
CCn1c(-c2nonc2N)nc2cnc(Oc3cccc(NC(=O)c4ccc(OCCN5CCOCC5)cc4)c3)cc21,0.0605097
CCCOc1ccn2c(C(C)=O)cc(-c3ccccc3S(C)(=O)=O)c2c1,0.5014958
CC[C@H](C)n1cc(C)c2c(C(=O)NCc3c(C)cc(C)[nH]c3=O)cc(-c3ccc(N4CCNCC4)nc3)cc21,0.6411293
Cc1ncc(Cl)cc1NCc1ccc(C(=O)N[C@@H](CC2CCCC2)C(=O)NC2CC2)s1,0.1736919
COc1ncc(-c2ccc3c(Nc4cc(Oc5cc(F)cc(F)c5)cc(C(=O)O)c4)c(S(=O)(=O)NC4CC4)cnc3c2)c(OC)n1,0.95503336
CC(C)C1=C2[C@H]3CC[C@@H]4[C@@]5(C)CC[C@H](OC(=O)CC(C)(C)C(=O)O)C(C)(C)[C@@H]5CC[C@@]4(C)[C@]3(C)CC[C@@]2([C@@H](O)CN(CCN(C)C)Cc2ccc(Cl)cc2)CC1=O,0.98870355
O=C(O)c1ccc(CN2CCC(CN[C@@H]3C[C@H]3c3ccccc3)CC2)cc1,0.40031153
C[C@H](CS(C)(=O)=O)n1ccc2c(C(F)(F)F)c(C#N)ccc21,0.01742138
CCc1ccc(N(CC(C)C)S(=O)(=O)c2ccc(OCC3CCOCC3)c(CO)c2)cc1,0.016613258
CN1C(=O)[C@@H](NC(=O)c2nc(Cc3ccccc3)n[nH]2)COc2ccccc21,0.0014506736
O=C(CCc1ccc(CN[C@H](C(=O)OC2CCCC2)C2CCCCC2)cn1)NO,0.00010934132
CCOc1cc(=O)[nH]cc1-c1ccc(CC(=O)Nc2cc(C(C)(C)C(F)(F)F)on2)c(F)c1,0.4456342
CC(=O)N1CCC(Nc2cc(C(=O)NC[C@H](O)CN3CCc4ccccc4C3)ncn2)CC1,0.00016692124
CCn1ncc2c(NC3CCOCC3)c(-c3nnc(Cc4sc(C)nc4C)o3)cnc21,0.00021705877
CC(C)(C)NCc1ccc(Nc2ccnc3cc(Cl)ccc23)cc1O,0.35806996
COc1ccc(S(=O)(=O)Nc2c(C)cc(C)cc2C)cc1,0.0032574683
O=C(NCCS(=O)(=O)c1ccc(C(F)(F)F)cn1)c1ccc(Cl)cc1,0.6782116
CC1=C(C(=O)Nc2cc3c[nH]nc3cc2F)[C@H](c2ccc(C(F)(F)F)cc2)CC(=O)N1,0.07197226
C[C@@H](Oc1cc(-n2cnc3ccc(CN4CCN(C)CC4)cc32)sc1C(N)=O)c1ccccc1C(F)(F)F,0.052507482
Cc1cc(C)c(CNC(=O)c2cc(-c3ccc(N4CCN(C)CC4)nc3)cc3c2c(C)cn3C(C)C)c(=O)[nH]1,0.7148158
O=C(O)c1ccc(-c2c[nH]c3ncc(-c4ccccc4)cc23)cc1C1CCCC1,0.60422134
NC[C@H]1OB(O)c2c(OCCO)ccc(Cl)c21,0.0046849856
CCn1c(-c2nonc2N)nc2c(C#CC(C)(C)O)ncc(OC[C@H]3CCCNC3)c21,0.9998492
O=S(=O)(Cc1ccccc1)Nc1ccc(-c2ccc3c(cnn3-c3ccc(F)cc3)c2)c(C(F)(F)F)c1,0.7615403
CC(C)Oc1ccc(C(=O)N[C@H](CNC(=O)CN(C)C)Cc2ccc(-c3cn4cccc([C@H](C)O)c4n3)cc2)cc1Cl,0.0026557331
c1ccc(-c2[nH]nc3c2oc2ccccc23)cc1,0.23777482
COc1ccc(/C=C2\CCCN=C2c2cccnc2)c(OC)c1,0.07865909
COc1ccccc1OC(=O)c1ccccc1OC(C)=O,0.002709424
Nc1ncn([C@H]2C[C@H](OP(=O)(O)OC[C@H]3O[C@@H](n4cnc5c(=O)nc(N)[nH]c54)C[C@@H]3O)[C@@H](CO)O2)c(=O)n1,0.96742624
COc1ccccc1O,3.918009e-05
COc1ccccc1OC[C@@H](O)CO,8.423988e-06
N=C(N)N/N=C/c1c(Cl)cccc1Cl,0.020801473
N=C(N)NC[C@H]1COC2(CCCCC2)O1,0.003744328
CCC(C)(C)NC(=N)NC#N,0.015168871
N=C(N)NCCN1CCCCCCC1,0.000114911236
N=C(N)NC(=O)Cc1c(Cl)cccc1Cl,0.010811867
N=C(N)N,5.0712082e-05
N=C(N)NCCSSCCNC(=N)N,0.00013173524
N=C(N)NCCC(=O)O,0.0003544894
Nc1nc(=O)c2ncn([C@@H]3O[C@H](CO)[C@@H](O)[C@H]3O)c2[nH]1,0.00481212
CSc1nc2ccc3nc(NC(=O)C(c4ccccc4)c4ccccc4)sc3c2s1,0.12340901
O=C(O)C1=CCCNC1,0.00066446187
Cc1cc(SCc2sc(-c3ccc(C(F)(F)F)c(F)c3)nc2C)ccc1OCC(=O)O,0.5398592
CCOC(=O)c1ccc(-n2cc(Cc3cnc(OCC)nc3)c(=O)nc2SCc2ccc(F)cc2)cc1,0.3633621
CN(CCOc1ccc(C[C@H](Nc2ccccc2C(=O)c2ccccc2)C(=O)O)cc1)c1ccccn1,0.10994496
COc1ccc(COc2ccc(Cc3cnc(N)nc3N)cc2OC)cc1,0.72479165
CC(C)[C@@H]1C(=O)N(S(C)(=O)=O)[C@@H]2CCN(C(=O)/C=C/CN3CCCCC3)[C@H]21,0.0036336298
O=C(O)Cc1cccc(OCCCN(Cc2cccc(C(F)(F)F)c2Cl)CC(c2ccccc2)c2ccccc2)c1,0.06960076
COc1ccc2c(c1)c(CCN1CCOCC1)c(C)n2C(=O)c1cccc(Cl)c1Cl,0.07693169
CC(C)c1onc(-c2c(Cl)cccc2Cl)c1COc1ccc(/C=C/c2cccc(C(=O)O)c2)c(Cl)c1,0.55951685
O=C(Nc1nc2ccccc2n1CCc1ccccc1)c1ccccc1,0.00043214345
Cn1cc(/C=C2\C(=O)Nc3cccnc32)c2ccccc21,0.04110109
Cc1cc(SCc2sc(-c3ccc(C(F)(F)F)cc3)nc2C)ccc1OCC(=O)O,0.324049
O=C1Nc2ccc(I)cc2C1=Cc1cc(Br)c(O)c(Br)c1,0.8681034
COc1ccccc1NC(=O)OCC1CCN(C(=O)OC(C)(C)C)CC1,0.00066859025
CS(=O)(=O)CCNCc1nc(-c2ccc3ncnc(Nc4ccc(OCc5cccc(F)c5)c(Cl)c4)c3c2)cs1,0.07209305
CCOc1c2c(c(OCC)c3ccccc13)C(=O)N(c1ccc(CC(=O)NS(=O)(=O)c3ccccc3)cc1)C2,0.87368345
CCC(=O)NC[C@H](Cc1ccc(OCCc2nc(-c3ccccc3)oc2C)cc1)N/C(C)=C\C(=O)c1ccc(C(F)(F)F)cc1,0.36263475
CC(C)(Sc1ccc(CCN(CCCCC2CCCCC2)C(=O)NC2CCCCC2)cc1)C(=O)O,0.11258659
O=C(NC1CCOCC1)c1ccc(-c2cc(-c3c[nH]nc3-c3ccccn3)ccn2)cc1,0.025268117
COc1cc(-n2cnc3cc(-c4ccc(Cl)cc4)sc3c2=O)ccc1OCCN1CCCC1,0.06985394
O=C(NCC1CCOCC1)c1cnc(Nc2ccc(Cl)cc2Cl)nc1C(F)(F)F,0.84376067
COc1cc2ncn(-c3cc(OCc4ccccc4C(F)(F)F)c(C(N)=O)s3)c2cc1OC,0.6731664
O=C(O)CCc1ccc(NCc2cccc(Oc3ccccc3)c2)cc1,0.0023404541
O=C(Nc1ccccc1)c1cc([N+](=O)[O-])ccc1Cl,0.055161055
CC(=N)NCCSCC[C@H](N)C(=O)O,0.0712448
CC1=NN=C(c2ccc(N)cc2)c2cc3c(cc2C1)OCO3,0.00027492424
CC(C)=CCC[C@](C)(O[C@@H]1O[C@H](CO[C@@H]2OC[C@@H](O)[C@H](O)[C@H]2O)[C@@H](O)[C@H](O)[C@H]1O)[C@H]1CC[C@]2(C)[C@@H]1[C@H](O)C[C@@H]1[C@@]3(C)CC[C@H](O[C@@H]4O[C@H](CO)[C@@H](O)[C@H](O)[C@H]4O)C(C)(C)[C@@H]3CC[C@]12C,1.6925158e-05
Cc1ccc(C(=O)Nc2ccc(CN3CCN(C)CC3)c(C(F)(F)F)c2)cc1C#Cc1cnc2n[nH]cc2c1,0.75969994
CS(=O)(=O)c1ccc(-c2nnc(/C=C/c3nnc(-c4ccc(C#N)cc4)o3)n2-c2ccccc2Cl)nc1,0.0073181423
CCc1ccc(NC(=O)Nc2c[nH]c3ccccc23)cc1,0.008979846
O=S(=O)(NCCNC/C=C/c1ccc(Br)cc1)c1cccc2cnccc12,0.26650894
N=C(N)NCCNS(=O)(=O)c1cccc2cnccc12,0.0010490768
O=C1S/C(=C\c2ccc(OCc3cccc(B(O)O)c3)cc2)C(=O)N1Cc1ccc(F)cc1,0.0108212605
N[C@@H]1CCN(O)C1=O,0.0002927841
N[C@H]1CCN(O)C1=O,0.0003072189
O=C(O)c1ccc(S(=O)(=O)N(Cl)Cl)cc1,0.7370158
CC1(C)O[C@@H]2C[C@H]3[C@@H]4CCC5=CC(=O)CC[C@]5(C)[C@@]4(F)[C@@H](O)C[C@]3(C)[C@]2(C(=O)CCl)O1,9.623312e-06
CCC(=O)O[C@]1(C(=O)CCl)[C@@H](C)C[C@H]2[C@@H]3C[C@H](F)C4=CC(=O)C=C[C@]4(C)[C@@]3(F)[C@@H](O)C[C@@]21C,0.013083518
CCCCN(CCCC)CC[C@@H](O)c1cc2c(Cl)cc(Cl)cc2c2cc(C(F)(F)F)ccc12,0.8819116
O=C(C[C@H]1NCCC[C@@H]1O)Cn1cnc2cc(Br)c(Cl)cc2c1=O,0.05357251
O=C(NCCN1CCC(n2c(=O)[nH]c3cc(Cl)ccc32)CC1)c1ccc(F)cc1,0.17155448
O=C(CCCN1CCC(O)(c2ccc(Cl)cc2)CC1)c1ccc(F)cc1,0.039614942
CCCCCCCCCC(=O)OC1(c2ccc(Cl)cc2)CCN(CCCC(=O)c2ccc(F)cc2)CC1,0.041398954
Clc1cc(Cl)c(OCC#CI)cc1Cl,0.83008623
FC(F)(F)[C@@H](Cl)Br,0.19015154
Cc1nccc2c1[nH]c1ccccc12,0.0003639752
COC(=O)C[C@](O)(CCC(C)(C)O)C(=O)O[C@@H]1C(OC)=C[C@]23CCCN2CCc2cc4c(cc2[C@H]13)OCO4,4.9916988e-08
CCOC(=O)C1=C(N)Oc2ccc(Br)cc2[C@H]1[C@H](C#N)C(=O)OCC,5.811798e-05
O=C(O)CN(CCN(CC(=O)O)Cc1ccccc1O)Cc1ccccc1O,0.0015508183
CC(C)c1ccc(NC(=O)Cn2cnc3c2c(=O)n(C)c(=O)n3C)cc1,0.9993254
Cc1c(C(=O)Nc2cccc(C(F)(F)F)c2)cc(-c2ccccc2)n1CCCN1CCOCC1,0.13624449
Cn1c(=O)n(CCCO)c(=O)c2c1nc(Oc1cccc(Cl)c1)n2Cc1ccc(Cl)cc1,0.9046818
CCc1ccc(/C=C/C(=O)Nc2ccc(C(C)=O)cc2)o1,0.00016384687
CCCCC#Cc1nc(NC)c2ncn([C@@H]3O[C@H](CO)[C@@H](O)[C@H]3O)c2n1,0.00084239256
CC1=C([C@@H](C)O)c2cc3nc(cc4[nH]c(cc5[nH]c(cc1n2)c(C)c5CCC(=O)O)c(CCC(=O)O)c4C)C([C@@H](C)O)=C3C,0.039789338
Oc1cc2c(cc1O)[C@@H]1c3ccc(O)c(O)c3OC[C@]1(O)C2,3.8614672e-08
C=CC1=C(C)C2=N/C1=C\c1c(C)c(CCC(=O)O)c3[n]1[Fe]([OH])[n]1/c(c(C)c(C=C)/c1=C/2)=C\C1=N/C(=C\3)C(CCC(=O)O)=C1C,0.793771
CC(C)=CCC[C@](C)(O)[C@H]1CC[C@]2(C)[C@@H]1[C@H](O)C[C@@H]1[C@@]3(C)CC[C@H](O)C(C)(C)[C@@H]3[C@@H](O)C[C@]12C,0.039290622
NS(=O)(=O)OCCCCCCCOS(N)(=O)=O,0.17694898
C[C@@H](N)CCCC(C)(C)O,1.1281988e-08
Cc1cc(Nc2ncnc3ccc(-c4ccc(CNCCS(C)(=O)=O)o4)cc23)ccc1Oc1ccn2ncnc2c1,0.44169194
CCS(=O)(=O)Nc1ccc2c(c1)/C(=C(/Nc1ccc(CN3CCCCC3)cc1)c1ccccc1)C(=O)N2,0.000704162
COc1ccc([C@@H]2CC(=O)c3c(O)cc(O)cc3O2)cc1O,0.00085087493
COc1ccc([C@@H]2CC(=O)c3c(O)cc(O[C@@H]4O[C@H](CO[C@@H]5O[C@@H](C)[C@H](O)[C@@H](O)[C@H]5O)[C@@H](O)[C@H](O)[C@H]4O)cc3O2)cc1O,3.4424596e-05
CC1(C)S[C@@H]2[C@H](N3C(=O)[C@@H](c4ccccc4)NC3(C)C)C(=O)N2[C@H]1C(=O)O,0.9949709
Oc1c(Cl)cc(Cl)c(Cl)c1Cc1c(O)c(Cl)cc(Cl)c1Cl,0.98570627
C[N+](C)(C)CCCCCC[N+](C)(C)C,1.0818911e-05
CC(=O)NCCCCCCNC(C)=O,0.00928417
CCCCCCOC(=O)CCC(=O)CN,0.0005940948
O=P(O)(O)O[C@H]1[C@H](OP(=O)(O)O)[C@@H](OP(=O)(O)O)[C@H](OP(=O)(O)O)[C@@H](OP(=O)(O)O)[C@H]1OP(=O)(O)O,0.0005153075
CC[C@H](c1ccc(O)cc1)[C@@H](CC)c1ccc(O)cc1,0.020964842
CCCC[C@@H](CC)CN1CN(C[C@@H](CC)CCCC)C[C@@](C)(N)C1,0.85818315
O=C(O)[C@H](O)[C@H](O)[C@H](O)[C@H](O)CO,0.004842731
Oc1ccc([C@H](O)CNCCCCCCNC[C@H](O)c2ccc(O)c(O)c2)cc1O,4.7058525e-06
C[C@@H](CNC1CCCCC1)OC(=O)c1ccccc1,9.901733e-05
C[C@@H](O)CC(C)(C)O,4.9638004e-07
Oc1ccc(C[C@H]2NCCc3cc(O)c(O)cc32)cc1,4.9224805e-06
O=C(O)CNC(=O)c1ccccc1,2.0686473e-05
NCCc1cnc[nH]1,3.6747773e-05
Cc1cc(C)c(S(=O)(=O)n2cc(C)cc2C)c(C)c1,0.073343605
CCOc1cc2ncc(C#N)c(Nc3ccc(OCc4cccc(F)c4)c(Cl)c3)c2cc1NC(=O)/C=C/CN(C)C,0.79748905
CCn1c2ccccc2c2cc(CNCc3ccccc3OC)ccc21,0.025590213
COc1cc2c(cc1OC)CN(CCc1ccc(-n3nnc(-c4cc(OC)c(OC)cc4NC(=O)c4cc(=O)c5ccccc5o4)n3)cc1)CC2,0.12436724
COc1ccc(S(=O)(=O)N(C(C)=O)c2ccccc2/C=C/c2cc[n+]([O-])cc2)cc1,0.10806109
CC(C)(C)NC[C@H](O)c1ccc(O)cc1Cl,0.0024790235
CC[n+]1c(-c2ccccc2)c2cc(N)ccc2c2ccc(N)cc21,0.0054744384
CN1CCCN([C@@H](c2ccccc2)c2ccc(Cl)cc2)CC1,0.004223642
COC(=O)C[C@](O)(CCCC(C)(C)O)C(=O)O[C@@H]1C(OC)=C[C@]23CCCN2CCc2cc4c(cc2[C@H]13)OCO4,1.1826324e-07
O=C(O)Cc1cccnc1C(=O)O,0.0032119271
C[C@H]1C[C@H](OC(=O)c2ccccc2O)CC(C)(C)C1,0.0005877589
COc1ccc(CCN)cc1OC,0.00013554237
C=CCc1ccc(O)c(-c2ccc(O)c(CC=C)c2)c1,0.018285228
CN(C)CCc1ccc(O)cc1,0.00011117967
CCCC[C@H](NC(C)=O)C(=O)N[C@@H](CCC(N)=O)C(=O)N[C@@H](Cc1c[nH]cn1)C(=O)N[C@H](Cc1ccccc1)C(=O)N[C@@H](CCCNC(=N)N)C(=O)N[C@H](Cc1c[nH]c2ccccc12)C(=O)NCC(N)=O,0.05529678
CC(C)(O)c1nc(-c2cccc(CNC(=O)c3cnc(-c4ccccn4)nc3)c2)no1,0.7982831
CCCCCCO[C@H](C)c1c(C)c2cc3nc(c4c5[nH]c(cc6nc(cc1[nH]2)C(C)=C6CC)c(C)c5C(=O)C4)[C@@H](CCC(=O)O)[C@@H]3C,0.060803864
CCC(C)(C)C(=O)O,0.008408123
O=C(Nc1nnn[nH]1)c1cncc(N2CCCC2)n1,0.03126854
O=C1/C(=N\c2cccc(C(F)(F)F)c2)c2ccccc2N1c1ccccc1,0.12335805
Cc1nc(Nc2cnn(C3CCNCC3)c2)nc2c1N(C)C(=O)c1cc3ccccc3cc1N2C,0.2919457
CCCCCCOc1cc(C)c(O)c(C)c1C,0.0034806975
C[C@@H](CCCCC(=O)Nc1ccc(C(F)(F)F)cc1)NCCc1cnc[nH]1,0.0014899535
C/C=C1\[C@H]2C=C(C)C[C@]1(N)c1ccc(=O)[nH]c1C2,0.0040466357
CC(=O)N[C@@H]1C[C@H](O)[C@@H](CO)O[C@H]1O[C@H]1[C@H](O)[C@@H](O)[C@H](O)O[C@@H]1C(=O)O,0.050969318
CCN(CC)CCNc1ccc(CO)c2sc3ccccc3c(=O)c12,0.00064459385
NNc1nncc2ccccc12,0.001232422
COc1ccc2c(c1OC)C(=O)O[C@@H]2[C@H]1c2cc3c(cc2CCN1C)OCO3,0.000668086
C[N+]1=Cc2cc3c(cc2CC1)OCO3,0.0016157465
NS(=O)(=O)c1cc2c(cc1Cl)NCNS2(=O)=O,0.017803496
C[C@]12CCC(=O)C=C1CC[C@@H]1[C@@H]2[C@@H](O)C[C@@]2(C)[C@H]1CC[C@]2(O)C(=O)CO,0.3435242
CC(=O)OCC(=O)[C@@]1(O)CC[C@H]2[C@@H]3CCC4=CC(=O)CC[C@]4(C)[C@H]3[C@@H](O)C[C@@]21C,0.10675553
CCCC(=O)O[C@]1(C(=O)CO)CC[C@H]2[C@@H]3CCC4=CC(=O)CC[C@]4(C)[C@H]3[C@@H](O)C[C@@]21C,0.00022413241
C[C@]12CCC(=O)C=C1CC[C@@H]1[C@@H]2[C@@H](O)C[C@@]2(C)[C@H]1CC[C@]2(O)C(=O)COC(=O)CCC(=O)O,0.546392
C[C@@]12CCC(=O)C=C1CC[C@@H]1[C@@H]2[C@@H](O)C[C@]2(C)[C@H]1CC[C@]2(O)C(=O)COP(=O)(O)O,0.5196475
CCCCC(=O)O[C@]1(C(=O)CO)CC[C@H]2[C@@H]3CCC4=CC(=O)CC[C@]4(C)[C@H]3[C@@H](O)C[C@@]21C,0.00053388876
NS(=O)(=O)c1cc2c(cc1C(F)(F)F)NCNS2(=O)=O,0.011075858
CC[C@H]1C[N@@]2CC[C@H]1C[C@@H]2[C@@H](O)c1ccnc2ccc(OC)cc12,0.16470477
Oc1ccc(O)cc1,5.4893357e-05
C/C1=C2/[N]([Co+][OH])[C@H]([C@H](CC(N)=O)[C@@]2(C)CCC(=O)NC[C@@H](C)OP(=O)(O)O[C@H]2[C@@H](O)[C@@H](n3cnc4cc(C)c(C)cc43)O[C@@H]2CO)[C@]2(C)N=C(/C(C)=C3\N=C(/C=C4/N=C1[C@@H](CCC(N)=O)C4(C)C)[C@@H](CCC(N)=O)[C@]3(C)CC(N)=O)[C@@H](CCC(N)=O)[C@]2(C)CC(N)=O,0.94784635
C[C@@H](N)Cc1ccc(O)cc1,7.0325304e-06
CCN(CCO)CCCC(C)Nc1ccnc2cc(Cl)ccc12,0.0005081531
O=c1[nH]ccc2c(S(=O)(=O)N3CCCNCC3)cccc12,0.47646022
CC(=O)[C@@]1(O)CC[C@H]2[C@@H]3CCC4=CC(=O)CC[C@]4(C)[C@H]3CC[C@@]21C,0.020518366
CC(=O)O[C@]1(C(C)=O)CC[C@H]2[C@@H]3CCC4=CC(=O)CC[C@]4(C)[C@H]3CC[C@@]21C,0.014985946
C[C@@H](O)COC[C@H]1O[C@@H]2O[C@H]3[C@H](O)[C@@H](O)[C@@H](O[C@H]4[C@H](O)[C@@H](O)[C@@H](O[C@H]5[C@H](O)[C@@H](O)[C@@H](O[C@H]6[C@H](O)[C@@H](O)[C@@H](O[C@H]7[C@H](O)[C@@H](O)[C@@H](O[C@H]8[C@H](O)[C@@H](O)[C@@H](O[C@H]1[C@H](O)[C@H]2O)O[C@@H]8COC[C@@H](C)O)O[C@@H]7COC[C@@H](C)O)O[C@@H]6COC[C@@H](C)O)O[C@@H]5COC[C@@H](C)O)O[C@@H]4COC[C@@H](C)O)O[C@@H]3COC[C@@H](C)O,0.009984292
O=C(/C=C/c1ccc(O)cc1)[C@H]1C(=O)[C@H]([C@@H]2O[C@H](CO)[C@@H](O)[C@H](O)[C@H]2O)C(=O)[C@@](O)([C@@H]2O[C@H](CO)[C@@H](O)[C@H](O)[C@H]2O)C1=O,0.00023070857
N=C(N)c1ccc(/C=C/c2ccc(C(=N)N)cc2O)cc1,0.011769947
Nc1c2c(nc3ccccc13)CCC[C@@H]2O,0.5385872
Cc1cccc(C(=O)O)c1O,0.06131682
NC(=O)NO,6.907156e-05
OCCOCCN1CCN([C@@H](c2ccccc2)c2ccc(Cl)cc2)CC1,0.0009945574
CN[C@H]1C[C@@H](N)[C@H](O)[C@@H](O[C@@H]2O[C@H](CO)[C@H](O)[C@@H]3O[C@@]4(O[C@H]23)O[C@H]([C@@H](N)CO)[C@H](O)[C@H](O)[C@H]4O)[C@@H]1O,0.6473581
Cc1cc(=O)oc2cc(O)ccc12,0.00082158233
C[C@H](CCC(=O)O)[C@H]1CC[C@H]2[C@@H]3C[C@H](O)[C@@H]4C[C@H](O)CC[C@]4(C)[C@H]3CC[C@]12C,0.38747188
CN1[C@@H]2CC[C@H]1C[C@@H](OC(=O)[C@H](CO)c1ccccc1)C2,2.3790075e-05
Cc1cc(O)c2c(=O)c3c(O)cc(O)c4c5c(O)cc(O)c6c(=O)c7c(O)cc(C)c8c1c2c(c34)c(c78)c65,0.97477925
O=c1c(O[C@@H]2O[C@H](CO)[C@@H](O)[C@H](O)[C@@H]2O)c(-c2ccc(O)c(O)c2)oc2cc(O)cc(O)c12,0.0013955728
C=C1C(=O)C[C@H]2C[C@@H]3O[C@@]3(C)CC[C@@H]3O[C@@]3(C)C[C@@H](OC(C)=O)[C@H]1C2(C)C,1.2115839e-05
O=c1nc[nH]c2nc[nH]c12,0.015113827
O=C(O)c1ccc2c(c1)C(=O)N(c1cccc(Oc3ccc([N+](=O)[O-])cc3)c1)C2=O,0.85049635
CCNC(=O)C[C@@H]1N=C(c2ccc(Cl)cc2)c2cc(OC)ccc2-n2c(C)nnc21,0.00010411698
COc1cc2c(cc1-c1c(C)noc1C)ncc1[nH]c(=O)n([C@H](C)c3ccccn3)c12,0.0070349607
CCn1cc(-c2cccc(C(F)(F)F)c2)c2sc(C(=N)NC3CCS(=O)(=O)CC3)cc2c1=O,0.3558514
CCN(CC)CCNC(=O)c1ccc(I)cc1,5.475789e-05
CCN(CC)CCNC(=O)c1ccccc1I,5.7659072e-05
CCC(=O)N1CCOc2c(cc(-c3ccc(OC)c(OC)c3)cc2OC[C@H]2CCCN(C)C2)C1,0.14836729
Cc1nc(-c2nc(-c3ccc(OC(F)(F)F)cc3)no2)nn1Cc1cccc(N2CCC(S(C)(=O)=O)CC2)c1,0.82624185
CNC(=O)[C@H]1O[C@@H](n2cnc3c(NCc4cccc(I)c4)ncnc32)[C@H](O)[C@@H]1O,0.00091176026
CCCCCN(C)CCC(O)(P(=O)(O)O)P(=O)(O)O,6.297582e-07
CC(C)n1nnc2cc(C(=O)O)ccc21,0.32000604
O=C1CC[C@H](N2Cc3c(OCc4ccc(CN5CCOCC5)cc4)cccc3C2=O)C(=O)N1,0.10607677
CC(C)(NC(=O)O[C@@H]1CN2CCC1CC2)c1csc(-c2ccc(F)cc2)n1,7.416961e-07
CC(C)Cn1c(=O)n(C)c(=O)c2[nH]cnc21,0.06600539
N[C@@H](C(=O)O)c1cc(=O)[nH]o1,0.11238357
CCOP(=O)(Cc1ccc(C(=O)Nc2ccc(Br)cc2C#N)cc1)OCC,0.33091483
C=CC(=O)N1CCC[C@@H](n2nc(-c3ccc(Oc4ccccc4)cc3)c3c(N)ncnc32)C1,0.28631118
CC(C)C(=O)c1c(C(C)C)nn2ccccc12,0.06850421
CC(C)Cc1ccc([C@@H](C)C(=O)O)cc1,0.0016030167
CC(C)Cc1ccc([C@H](C)C(=O)O)cc1,0.001134571
CC(C)Cc1ccc([C@@H](C)C(=O)OCc2ccccn2)cc1,0.0026755724
CC(C)Cc1ccc([C@@H](C)C(=O)NO)cc1,0.0003064668
CC(C)(N)C(=O)N[C@H](COCc1ccccc1)C(=O)N1CCC2(CC1)CN(S(C)(=O)=O)c1ccccc12,0.0010186908
CCCCCCCN(CC)CCC[C@@H](O)c1ccc(NS(C)(=O)=O)cc1,0.00019054791
O=C(Nc1cnc(Cl)nc1)c1ccc(F)c(F)c1,0.0037534821
O=C(Nc1ccc(Cl)nc1)c1ccc(Cl)cc1,0.03485061
O=C(Nc1ccc(S(=O)(=O)Nc2nccs2)cc1)C(c1ccccc1)c1ccccc1,0.0050546643
COc1ccc(-c2oc3c(CC=C(C)C)c(O[C@@H]4O[C@H](CO)[C@@H](O)[C@H](O)[C@H]4O)cc(O)c3c(=O)c2O[C@@H]2O[C@@H](C)[C@H](O)[C@@H](O)[C@H]2O)cc1,0.09058009
COc1ccc(-c2oc3c(CC=C(C)C)c(O)cc(O)c3c(=O)c2O)cc1,0.41938287
N=C(N)NCCC[C@@H](N)C(=O)N[C@@H](CCCNC(=N)N)C(=O)N1CCC[C@H]1C(=O)N1C[C@H](O)C[C@H]1C(=O)NCC(=O)N[C@@H](Cc1cccs1)C(=O)N[C@@H](CO)C(=O)N1Cc2ccccc2C[C@@H]1C(=O)N1[C@H](C(=O)N[C@@H](CCCNC(=N)N)C(=O)O)C[C@@H]2CCCC[C@@H]21,0.10434341
O=C1[C@H](Cc2ccc(O)cc2)N2C(=O)CCN(C(=O)NCc3ccccc3)[C@H]2CN1Cc1cccc2ccccc12,0.06471368
Cc1ccc(OC[C@@H](O)[C@H](C)NC(C)C)c2c1CCC2,0.0020945529
N=C(NCC(F)(F)F)Nc1ccn(CCCCC(N)=O)n1,0.17950039
CN(C)CCSc1nc2ccccc2cc1-c1ccccc1,8.8893736e-05
O=C(O)CCC/C=C\C[C@@H]1CO[C@H](C(F)(F)F)O[C@@H]1c1ccccc1O,0.005788986
O=C(O)CC/C=C\C[C@@H]1CO[C@H](c2ccccc2Cl)O[C@@H]1c1ccccc1O,0.010980726
CN(C(=O)Cc1ccc(Cl)c(Cl)c1)[C@H](CN1CCCC1)c1ccccc1,0.14211552
O=C(O)COc1ccc(OCCNC[C@H](O)COc2ccccc2)cc1,0.01398283
CCCn1c(=O)c(C)cn2nc(N)nc12,0.00016748895
N#Cc1ccccc1OC[C@@H](O)CNCCNC(=O)Nc1ccccc1,0.028391112
O=C1NC(c2cccc([N+](=O)[O-])c2)=CCN1c1ccccc1O,0.0013975691
COc1cc(Cc2cnc(N)nc2N)c2c(c1OC)O[C@H](C1CC1)C=C2,0.5919778
CCCCC[C@H](O)/C=C/C=C\C/C=C\C/C=C\CCCC(=O)O,0.00023633378
CC/C=C\C/C=C\C/C=C\C/C=C\C/C=C\CCCC(=O)O,4.8625887e-05
C#Cc1cccc(Nc2ncnc3cc4c(cc23)OCCOCCOCCO4)c1,0.039065577
Cc1cc(/C=C2\SC(=O)N(c3ccccc3)C2=O)c(C)n1-c1cccnc1,0.00042238884
COc1cc(OC)c(/C=C2/C(=O)Nc3ccccc32)c(OC)c1,0.0009449854
C[C@@H]([C@H](C)O)[C@H](N)C(=O)O,0.41155383
COc1ccc(-n2c(C)c([N+](=O)[O-])c3ccc(O)cc32)cc1,0.05684658
Fc1ccc2c(CCNCc3cccc(OCC(F)(F)C(F)F)c3)c[nH]c2c1,0.089961655
CC(=O)[C@]1(O)Cc2c(O)c3c(c(O)c2[C@@H](O[C@H]2C[C@H](N)[C@H](O)[C@H](C)O2)C1)C(=O)c1ccccc1C3=O,0.9295617
COc1cc(C(=O)O)ccc1NC(=O)[C@@H]1N[C@@H](CC(C)(C)C)[C@](C#N)(c2ccc(Cl)cc2F)[C@H]1c1cccc(Cl)c1F,0.9982888
c1ccc2c(c1)OC[C@H](C1=NCCN1)O2,0.017590417
COC1=C(OC)C(=O)C(CCCCCCCCCCO)=C(C)C1=O,0.0031632818
CC[C@H](Nc1ncnc2nc[nH]c12)c1nc2cccc(F)c2c(=O)n1-c1ccccc1,0.1980994
CN1CCN(C(=O)COc2ccc(C34CC5CC(CC(C5)C3)C4)cc2)CC1,0.006207746
Cc1cc([C@H](C)Nc2nccc(N3C(=O)OC[C@@H]3[C@H](C)F)n2)ncc1-c1ccnc(C(F)(F)F)c1,0.98651475
O=c1[nH]c(=O)n([C@H]2C[C@H](O)[C@@H](CO)O2)cc1I,0.6422485
Nc1nonc1/C(=N\c1ccc(F)c(Cl)c1)NO,0.000994421
C[C@H]1Nc2ccc(Cl)cc2S(=O)(=O)N1,0.00038646057
O=C1[C@@H]2C[C@@H]3C[C@H]1C[C@@](O)(C3)C2,0.0003407636
Oc1ccc(C2=Cc3ccc(O)cc3OC2)cc1,0.0020691669
C[N+](C)(C)CCCCCNCC12CC3CC(CC(C3)C1)C2,0.14171715
NCCCCCNCC12CC3CC(CC(C3)C1)C2,0.03433962
C[C@@H]([C@H](O)c1ccc(O)cc1)N1CCC(Cc2ccccc2)CC1,0.006209146
O=[P@]1(NCCCl)OCCCN1CCCl,0.00090382644
CCC(C/C=C/c1ccccc1)(c1ccccc1)N(C)CC1CC1,0.08019877
CS(=O)(=O)Nc1cc2occ(NC=O)c(=O)c2cc1Oc1ccccc1,0.003787402
O=C(c1ccc(Nc2nccc(-c3cc4ccccc4s3)n2)cc1)N1CCC(N2CCCC2)CC1,0.05932079
NC(=O)c1sc(-c2ccsc2)cc1N,0.00050273363
O=C(Nc1cc(C(F)(F)F)cc(C(F)(F)F)c1)c1cc(Cl)ccc1O,0.99716455
COc1ccnc(C[S@@](=O)c2nc3ccc(-n4cccc4)cc3[nH]2)c1C,0.0059653167
O=C(/C=C/c1ccc2c(c1)OCO2)N1CCCCC1,2.6527452e-05
CNC(=O)[C@H](Cc1c[nH]c2ccccc12)NC(=O)[C@@H](CC(=O)NO)CC(C)C,0.024724016
COc1cc(C(C)=O)ccc1OCCCN1CCC(c2noc3cc(F)ccc23)CC1,0.25037995
CC#CC[C@@H](C)[C@H](O)/C=C/[C@@H]1[C@H]2C/C(=C/CCCC(=O)O)C[C@H]2C[C@H]1O,0.002624692
Cc1ccc(NC(=O)c2ccc(CN3CCN(C)CC3)cc2)cc1Nc1nccc(-c2cccnc2)n1,0.11353474
O=C1CCC(c2ccc(-n3ccnc3)cc2)=NN1,5.96333e-05
C[C@@H]1N=C(N)N=C(N(C)C)N1,0.00024210886
N=C(N)SCCc1cnc[nH]1,1.0869188e-06
NC1=NC(=O)N2C[C@@H]12,0.0007144674
O=[N+]([O-])N=C1NCCN1Cc1ccc(Cl)nc1,0.00018294062
Cc1nccn1CCC(C(N)=O)(c1ccccc1)c1ccccc1,0.016806208
CCOC(=O)[C@H](CCc1ccccc1)N[C@@H](C)C(=O)N1C(=O)N(C)C[C@H]1C(=O)O,0.049737003
CCN(CC)CCNc1ccc2ncn3c4ccc(O)cc4c(=O)c1c23,0.0005962538
O=C(NCNC(=O)N[C@H]1C(=O)NC(=O)N1CO)N[C@H]1C(=O)NC(=O)N1CO,0.25718245
CCn1ccnc1C[C@H]1COc2ccccc2O1,0.0021995343
C[C@@H](O)[C@H]1C(=O)N2C(C(=O)O)=C(SCCNC=N)C[C@H]12,0.8546035
CN(C)CCCN1c2ccccc2CCc2ccccc21,0.0017596915
CC(C)Cn1cnc2c(N)nc3ccccc3c21,0.0025435598
O=C1NC(=O)C2(N1)c1cc(F)ccc1-c1ccc(F)cc12,0.56684107
[Cl][Mn]123([Cl])[N]4CC[N]1[C@@H]1CCCC[C@H]1[N]2Cc1cccc(n1)C[N]3[C@@H]1CCCC[C@H]14,0.0867295
c1ncc(CC2CCNCC2)[nH]1,6.730345e-05
c1cc(Cc2cnc[nH]2)ccn1,0.0005123988
NCCCCCc1cnc[nH]1,3.2048367e-05
N[C@@H](Cc1ccc(O)cc1)C(=O)NCC(=O)NCC(=O)O,6.940201e-06
CO[C@@H]1[C@H](O[P@@](=O)(S)OC[C@H]2O[C@@H](n3cnc4c(N)ncnc43)C[C@@H]2O)[C@@H](CO)O[C@H]1n1ccc(=O)[nH]c1=O,0.975879
CO[C@@H]1[C@H](O[P@@](=O)(OC[C@H]2O[C@@H](n3cnc4c(N)ncnc43)C[C@@H]2O)SCOC(=O)OC(C)C)[C@@H](CO)O[C@H]1n1ccc(=O)[nH]c1=O,0.99290437
CNC(=O)c1ccc(-c2cnc3ncc(Cc4ccc5ncccc5c4)n3n2)cc1F,0.0081469305
O=C1C=CC(=O)C2=C1C1c3ccccc3C2c2ccccc21,0.00038915026
COc1ccc(C2(O)CCC(N3CC[C@@H](NC(=O)CNC(=O)c4cccc(C(F)(F)F)c4)C3)CC2)cn1,0.7437147
CN1C(=O)C(C)(C)Oc2c(-c3cn(C)c(O)c4nccc3-4)cc(S(C)(=O)=O)cc21,0.49736425
COc1ccc([C@]2(O)CC[C@H](N3CC[C@@H](NC(=O)CNC(=O)c4cccc(C(F)(F)F)c4)C3)CC2)cn1,0.928907
NC(=O)[C@@H]1C(=O)C[C@@H]2C[C@@H]3Cc4cccc(O)c4C(=O)[C@@H]3C(=O)[C@]2(O)C1=O,0.19446342
CCc1cc2c(cc1CC)CC(NC[C@H](O)c1ccc(O)c3[nH]c(=O)ccc13)C2,0.20027462
c1ccc2c(CCC3CCNCC3)c[nH]c2c1,0.017798629
C[C@H]1Cc2ccccc2N1NC(=O)c1ccc(Cl)c(S(N)(=O)=O)c1,0.3778577
CN[C@@H]1C[C@@H](c2ccc(Cl)c(Cl)c2)c2ccccc21,0.04052812
COc1ccc(S(=O)(=O)n2cc(CCC(=O)O)c3cc(OC)ccc32)cc1,0.06294002
C1=Cc2cccc(OC[C@H]3CNCCO3)c2C1,4.751534e-05
O=C(Nc1ccncc1)C(=O)c1cn(Cc2ccc(Cl)cc2)c2ccccc12,0.00025003034
CC(C)(C)NC(=O)[C@@H]1CN(Cc2cccnc2)CCN1C[C@@H](O)C[C@@H](Cc1ccccc1)C(=O)N[C@H]1c2ccccc2C[C@H]1O,0.002766088
CC(=O)N(C)c1cccc(-c2ccnc3c(C(=O)c4cccs4)cnn23)c1,0.0033901024
O=C1Nc2ccccc2/C1=C1/Nc2ccccc2C1=O,0.008188917
O=C1Nc2ccccc2/C1=C1Nc2ccccc2C/1=N\O,0.04286843
NS(=O)(=O)c1ccc(S(=O)(=O)Nc2cccc3c(Cl)c[nH]c23)cc1,0.06676598
CC(C)O,9.85369e-06
CC(C)[O][In]([O]C(C)C)[O]C(C)C,7.696954e-06
CC[C@@H](C(=O)O)c1ccc(N2Cc3ccccc3C2=O)cc1,0.28460625
CC1(C)C(/C=C/C=C/C=C/C=C2/N(CCCCS(=O)(=O)O)c3ccc4ccccc4c3C2(C)C)=[N+](CCCCS(=O)(=O)O)c2ccc3ccccc3c21,2.9465803e-06
OCc1c[nH]c2ccccc12,0.00011245489
O=C(O)C(O)=Cc1c[nH]c2ccccc12,0.0027547139
COc1ccc2c(c1)c(CC(=O)O)c(C)n2C(=O)c1ccc(Cl)cc1,0.05007116
C[C@@H](C(=O)O)c1ccc(N2Cc3ccccc3C2=O)cc1,0.14820185
O=C(NC1CCN(CCc2c[nH]c3ccccc23)CC1)c1ccccc1,0.007068335
Cn1cc(C[C@@H](N)C(=O)O)c2ccccc21,0.05781777
CC1=C[C@]23C(=O)[C@@H](C=C(CO)[C@@H](O)[C@]2(O)[C@H]1O)[C@H]1[C@@H](C[C@H]3C)C1(C)C,0.026112238
C/C=C(/C)C(=O)O[C@H]1C(C)=C[C@]23C(=O)[C@@H](C=C(CO)[C@@H](O)[C@]12O)[C@H]1[C@@H](C[C@H]3C)C1(C)C,1.2514925e-05
Cc1ccc(-c2csc(NC(=O)c3ccccc3)n2)c(C)c1,0.095037326
CSC[C@H]1CN(/N=C/c2ccc([N+](=O)[O-])o2)C(=O)O1,0.9997907
NC(=O)c1ccc(I)c([N+](=O)[O-])c1,2.25018e-05
O=c1nc[nH]c2c1ncn2[C@@H]1O[C@H](CO)[C@@H](O)[C@H]1O,0.001336292
O[C@H]1[C@H](O)[C@@H](O)[C@H](O)[C@@H](O)[C@H]1O,1.0572446e-07
O=C(O[C@H]1[C@H](OC(=O)c2cccnc2)[C@@H](OC(=O)c2cccnc2)[C@H](OC(=O)c2cccnc2)[C@@H](OC(=O)c2cccnc2)[C@H]1OC(=O)c1cccnc1)c1cccnc1,0.005660735
O=c1ccn([C@@H]2O[C@H](COP(=O)(O)OP(=O)(O)OP(=O)(O)O)[C@H](O)[C@H]2O)c(=O)[nH]1,5.9362687e-06
CC[C@H]1[C@@H](O)[C@@H]2[C@H](CC[C@]3(C)[C@@H]([C@H](C)CCC(=O)O)CC[C@@H]23)[C@@]2(C)CC[C@@H](O)C[C@@H]12,0.3621939
CC[C@H]1[C@@H](O)[C@@H]2[C@H](CC[C@]3(C)[C@@H]([C@H](C)CCOS(=O)(=O)O)CC[C@@H]23)[C@@]2(C)CC[C@@H](O)C[C@@H]12,0.46557343
Cc1cc(C)n(-c2cccc([C@H](CC(=O)O)CN3CC[C@@H](CCc4ccc5c(n4)NCCC5)C3)c2)n1,0.3955354
COc1nc(N)nc2c1ncn2[C@@H]1O[C@H](CO[P@@](=O)(N[C@@H](C)C(=O)OCC(C)(C)C)Oc2cccc3ccccc23)[C@@H](O)[C@@]1(C)O,0.95654076
N=C(N)NCc1cccc(I)c1,0.00021362789
CC(=O)N(C[C@H](C)C(=O)O)c1c(I)cc(I)c(N)c1I,0.5250441
O=C(CCCCC(=O)Nc1c(I)cc(I)c(C(=O)O)c1I)Nc1c(I)cc(I)c(C(=O)O)c1I,0.99975353
CC(=O)N(CC(O)CN(C(C)=O)c1c(I)c(C(=O)NC[C@@H](O)CO)c(I)c(C(=O)NC[C@@H](O)CO)c1I)c1c(I)c(C(=O)NC[C@@H](O)CO)c(I)c(C(=O)NC[C@@H](O)CO)c1I,0.5957806
Cc1c(I)c(=O)n(-c2ccccc2)n1C,1.1179777e-06
O=C1CC[C@](c2ccccc2)(C2CCN(Cc3ccc(I)cc3)CC2)C(=O)N1,0.00021678535
N=C(NCCc1ccc(I)cc1)SCCCc1cnc[nH]1,0.00026201466
Oc1c(I)cc(I)c2cccnc12,0.23030634
CC(=O)N(C[C@@H](O)CO)c1c(I)c(C(=O)NC[C@@H](O)CO)c(I)c(C(=O)NC[C@@H](O)CO)c1I,0.098734885
C[C@H](O)C(=O)Nc1c(I)c(C(=O)NC(CO)CO)c(I)c(C(=O)NC(CO)CO)c1I,0.0010072753
CC[C@@H](Cc1c(I)cc(I)c(N)c1I)C(=O)O,0.05423937
CN(C)/C=N/c1c(I)cc(I)c(CCC(=O)O)c1I,0.023088397
COCC(=O)Nc1c(I)c(C(=O)NC[C@@H](O)CO)c(I)c(C(=O)N(C)C[C@@H](O)CO)c1I,0.4544067
CNC(=O)c1c(I)c(NC(C)=O)c(I)c(C(=O)O)c1I,0.24631645
O=C(NC[C@@H](O)CO)c1c(I)c(C(=O)NC[C@@H](O)CO)c(I)c(N(CCO)C(=O)CO)c1I,0.12550454
O=C(NCc1ccc(Oc2ccccc2)cc1)c1nc(-c2cc(Br)c(O)c(Br)c2)no1,0.02437523
CNC(=O)c1c(I)c(C(=O)NCC(=O)Nc2c(I)c(C(=O)O)c(I)c(C(=O)NCCO)c2I)c(I)c(N(C)C(C)=O)c1I,0.88163316
CC(=O)N(C[C@@H](O)CO)c1c(I)c(C(=O)NCCO)c(I)c(C(=O)NC[C@@H](O)CO)c1I,0.040517524
O=C(O)c1ccc(O)c2ncccc12,0.055884197
O=C(O)CNC(=O)c1c(O)c2ccccc2n(Cc2ccccc2)c1=O,0.70448875
Oc1ccc2ccccc2c1SSc1c(O)ccc2ccccc12,0.00046463008
N=C(Nc1ccc(I)cc1)NC1C2CC3CC(C2)CC1C3,0.0004938417
Nc1c2c(nc3c1CCC3)CCCC2,0.011464067
C[C@H](NC(=O)c1c(N)nn2cccnc12)c1cc2cccc(C#Cc3cnn(C)c3)c2c(=O)n1-c1ccccc1,0.37832925
OC[C@H]1O[C@@H](c2ccc(F)c(Cc3cc4ccccc4s3)c2)[C@H](O)[C@@H](O)[C@@H]1O,0.042463034
CC(C)Oc1ccc2c(=O)c(-c3ccccc3)coc2c1,0.5789997
CC(C)NNC(=O)c1ccncc1,0.099629626
O=C1c2ccccc2S(=O)(=O)N1CCCCN1CCN(c2ncccn2)CC1,0.0030674243
CCCCC1=NC2(CCCC2)C(=O)N1Cc1ccc(-c2ccccc2-c2nn[nH]n2)cc1,0.0051071662
CC(C)(C)c1cc(CCC(=O)OCC(COC(=O)CCc2cc(C(C)(C)C)c(O)c(C(C)(C)C)c2)(COC(=O)CCc2cc(C(C)(C)C)c(O)c(C(C)(C)C)c2)COC(=O)CCc2cc(C(C)(C)C)c(O)c(C(C)(C)C)c2)cc(C(C)(C)C)c1O,0.008225133
N=C(N)NCCC[C@@H]1NC(=O)[C@@H](N)CSSC[C@@H](C(=O)O)NC(=O)[C@H](CC(=O)O)NC(=O)[C@@H]2CCCN2C(=O)CNC(=O)[C@H](CCCCN)NC(=O)[C@H](CC(=O)O)NC(=O)CNC1=O,0.22819239
CCc1c2c(nc3ccc(OC(=O)N4CCC(N5CCCCC5)CC4)cc13)-c1cc3c(c(=O)n1C2)COC(=O)[C@]3(O)CC,0.011334852
Cc1cc(C)cc(C(=O)N(C)[C@H](Cc2ccc(-c3ccccc3)cc2)C(=O)N[C@@H](Cc2c[nH]c3ccccc23)C(=O)O)c1,0.5653744
NS(=O)(=O)Oc1ccc2c3c(c(=O)oc2c1)CCCCC3,0.006407673
Nc1nc(N)nc(-c2cc(Cl)ccc2Cl)n1,0.0031810529
CC(C)NC[C@@H](O)COc1ccccc1-n1cccc1,0.0003334822
C[C@@H](c1nc(-c2ccc(C#N)cc2)cs1)[C@@](O)(Cn1cncn1)c1cc(F)ccc1F,0.026796725
CC(C)Nc1ncccn1,0.003869376
CC(C)Cn1cnc2c1c(=O)n(C)c(=O)n2C,0.99662906
CN[C@@H]1[C@@H](O)[C@@H](O[C@@H]2[C@@H](O)[C@H](O[C@H]3O[C@H](CN)[C@@H](O)[C@H](O)[C@H]3O)[C@@H](N)C[C@H]2NC(=O)[C@@H](O)CN)OC[C@]1(C)O,0.945133
COC(=O)C[C@H]1CC(c2ccc(O)cc2)=NO1,0.0009482328
CC(C)COC(=O)c1ccc(N)cc1,0.00021047327
CC(C)C(N)=O,0.00023664269
Cc1cc(C(=O)NNCc2ccccc2)no1,1.2867166e-06
Clc1ccc([C@@H](Cn2ccnc2)OCc2c(Cl)cccc2Cl)c(Cl)c1,0.15707181
O=C(O)CCCN1C(=O)c2cccc3cccc(c23)C1=O,0.14420305
CC[C@@H](NC(C)C)[C@@H](O)c1ccc(O)c(O)c1,0.00011199815
CC(C)c1ccc2c(c1)[C@H](N1CCN(CCO)CC1)Cc1ccc(F)cc1S2,0.05460068
CC(=O)OCC(=O)[C@@]1(O)CC[C@H]2[C@@H]3CCC4=CC(=O)C=C[C@]4(C)[C@@]3(F)[C@@H](O)C[C@@]21C,0.14506075
FC(F)O[C@@H](Cl)C(F)(F)F,0.07624575
CC(C)OP(=O)(F)OC(C)C,0.00025032563
O=C(O)C1=CCNCC1,0.00017034131
CC[C@@H](C)[C@@H](N)C(=O)O,0.013473192
O=C(/C=C/c1ccc(O)cc1)c1ccc(O)cc1O,0.022982905
CN[C@@H](C)CCC=C(C)C,1.9632016e-06
NNC(=O)c1ccncc1,0.2856103
COc1ccc(/C=C/C(=O)OCCC(C)C)cc1,0.009756947
CC(C)NC[C@@H](O)c1ccc(O)c(O)c1,2.6298444e-06
CC(C)[N+](C)(CCC(C(N)=O)(c1ccccc1)c1ccccc1)C(C)C,0.00048433588
CCCCCCCCCCCCCC(=O)OC(C)C,0.019798653
CCCCCCCCCCCCCCCC(=O)OC(C)C,0.032535404
O=c1c(O[C@@H]2O[C@H](CO)[C@@H](O)[C@H](O)[C@H]2O)c(-c2ccc(O)c(O)c2)oc2cc(O)cc(O)c12,5.0440307e-05
COc1cc2c(cc1OC)[C@H](C)NCC2,0.004544237
O[C@@H]1CO[C@H]2[C@@H]1OC[C@@H]2O,0.00011509634
O=[N+]([O-])O[C@H]1CO[C@H]2[C@@H]1OC[C@H]2O[N+](=O)[O-],0.0003276374
O=[N+]([O-])O[C@@H]1CO[C@H]2[C@@H]1OC[C@@H]2O,1.1034935e-05
C[C@@]12CC[C@@H]3[C@@](CC[C@H]4[C@@]3(C)CCC[C@@]4(C)C(=O)O)(CC1=O)C2,0.025828715
Cc1ccnc2c1CCC[C@H]2C(N)=S,0.0012900573
CC1=C(/C=C/C(C)=C/C=C/C(C)=C\C(=O)O)C(C)(C)CCC1,0.0007355406
CC(C)CC(N)=O,0.0020828845
O=C(O)Cc1ccc2c(c1)C(=O)c1ccccc1CO2,0.008070637
Cc1cc(NC(=O)C2=C(O)c3ccccc3S(=O)(=O)N2C)no1,0.0530874
C[C@@H](COc1ccccc1)N[C@H](C)[C@@H](O)c1ccc(O)cc1,2.7820892e-05
Cc1ccc(C(=O)N(CCCN)[C@@H](c2nc3cc(Cl)ccc3c(=O)n2Cc2ccccc2)C(C)C)cc1,0.7969626
COC(=O)C1=C(C)NC(C)=C(C(=O)OC(C)C)[C@@H]1c1cccc2nonc12,0.0013650936
O=C(COc1ccc(Cl)cc1)N[C@H]1CC[C@H](NC(=O)COc2ccc(Cl)cc2)CC1,0.35738957
C[C@]12CC/C(=N\OCCN)C[C@@H]1C(=O)C[C@@H]1[C@@H]2CC[C@]2(C)C(=O)CC[C@@H]12,2.6446396e-05
CCn1c(=O)c2c(nc(/C=C/c3ccc(OC)c(OC)c3)n2C)n(CC)c1=O,0.09240132
O=C(NC1CC1)c1cc(-c2cccs2)on1,0.00018863208
N#CCC1(n2cc(-c3ncnc4[nH]ccc34)cn2)CN(C2CCN(C(=O)c3ccnc(C(F)(F)F)c3F)CC2)C1,0.9952378
CCOC(=O)C1=C(C)NC2=C(C(=O)CC(C)(C)C2)[C@@H]1c1ccc(-c2ccccc2)cc1,7.381302e-06
COC(=O)c1csc(C(=O)c2c[nH]c3ccccc23)n1,0.0018328043
CN1C(=O)c2c(nn(Cc3ccc(-c4cccc(F)n4)cc3)c2Nc2ccccc2)N2C1=N[C@@H]1CCC[C@@H]12,0.19592346
COc1ccc(C(=O)NCc2ccc(OCCN(C)C)cc2)cc1OC,0.0018697013
CC[C@H](C)n1ncn(-c2ccc(N3CCN(c4ccc(OC[C@H]5CO[C@](Cn6cncn6)(c6ccc(Cl)cc6Cl)O5)cc4)CC3)cc2)c1=O,8.5514235e-05
Cc1cc(/C=c2/sc3nc4ccccc4n3c2=O)c(C)n1-c1ccccc1,0.15426464
COc1c(NC(=O)C(=O)c2ccc(OCCN3CCOCC3)c3ccccc23)cc(C(C)(C)C)cc1NS(C)(=O)=O,0.0065657543
CC1(C)CN2C(CS/C(=N/C3CCCCC3)NC3CCCCC3)=CSC2=N1,0.00040882148
Cc1cc(C(=O)CN2CCCC2)c(C)n1-c1ccc(F)cc1,0.00668868
COc1cc2c(cc1OC)CC(=O)N(CCCN(C)C[C@H]1Cc3cc(OC)c(OC)cc31)CC2,0.005625051
CC(C)(C)c1cc(C(C)(C)C)c(NC(=O)c2c[nH]c3ccccc3c2=O)cc1O,0.87039685
CC[C@H](C)[C@H]1O[C@]2(CC[C@@H]1C)C[C@@H]1C[C@@H](C/C=C(\C)[C@@H](O[C@H]3C[C@H](OC)[C@@H](O[C@H]4C[C@H](OC)[C@@H](O)[C@H](C)O4)[C@H](C)O3)[C@@H](C)/C=C/C=C3\CO[C@@H]4[C@H](O)C(C)=C[C@@H](C(=O)O1)[C@]34O)O2,0.9549674
N#Cc1ccnc(N2C(=O)CC[C@H]2C(=O)N(c2cncc(F)c2)[C@H](C(=O)NC2CC(F)(F)C2)c2ccccc2Cl)c1,0.9282471
O=C(CSc1nc2c(c(=O)n1-c1ccccc1)SCC2)Nc1ccc(-c2ccccc2)cn1,0.0006535377
C/C(=C\c1csc(C)n1)[C@@H]1C[C@@H]2O[C@]2(C)CCC[C@H](C)[C@H](O)[C@@H](C)C(=O)C(C)(C)[C@@H](O)CC(=O)N1,0.023741873
CC(C)C[C@H](NC(=O)CNC(=O)c1cc(Cl)ccc1Cl)B(O)O,0.00015268153
CC(C)C[C@H](NC(=O)CNC(=O)c1cc(Cl)ccc1Cl)B1OC(=O)C[C@](CC(=O)O)(C(=O)O)O1,0.11356349
C=CC(=O)c1ccc2ccccc2c1,0.0009685585
CC(C)[C@H](/N=C(/NS(=O)(=O)c1ccc(Cl)cc1)N1C[C@H](c2ccccc2)C(c2ccc(Cl)cc2)=N1)C(N)=O,0.5155558
CC(C)[C@@H](CN1CC[C@@](C)(c2cccc(O)c2)[C@@H](C)C1)NC(=O)[C@H]1Cc2ccc(O)cc2CN1,0.04927178
CCCCN1[C@@H]2CC[C@H]1C[C@@H](OC(c1ccc(F)cc1)c1ccc(F)cc1)C2,0.00027371384
COc1ccc(Br)cc1NC(=O)Nc1cccc2c1ccn2Cc1ccnc(N)c1,0.16306183
Clc1ccc(N/N=C(\c2ccccc2)c2ccccn2)nc1,0.07019022
CCOc1ccc(Nc2nc(-c3c(C)nc4ccccn34)cs2)cc1,0.42961952
COc1oc(=O)c2cc(N)ccc2c1Cl,0.018801278
CN1CCN(C(=O)c2nc3ccc(Cl)cc3[nH]2)CC1,0.008928684
CC1(C)OC[C@H](NC(=O)Nc2ccc(Br)cc2Br)[C@H](c2ccccc2)O1,0.00013049724
CO[C@H]1CC[C@@H](C(=O)c2ccc3nc4c(cc3c2)CCCO4)CC1,0.9826062
O=C(Nc1ccccc1)N1CCN(c2nc(-c3ccccc3)ns2)CC1,3.0509733e-05
O=C(Nc1ccc(C(F)(F)F)cn1)N1CCN(c2ncccc2C(F)(F)F)CC1,0.41838643
Cn1cc(CNCC2CCN(c3ncc(C(=O)NO)cn3)CC2)c2ccccc21,0.6214348
NS(=O)(=O)NCc1csc2ccccc12,0.0038807383
CC[C@@H](c1ccc(F)c(F)c1)n1c(C(=O)OC)c(-c2ccno2)[nH]c1=S,0.07842335
Fc1ccc(CN2CCC(Nc3ccc(C(F)(F)F)nn3)CC2)cc1F,0.01519619
Cn1cc(-c2ccc3nnc(C(F)(F)c4ccc5ncccc5c4)n3n2)cn1,0.59243464
FC(F)(c1ccc2ncccc2c1)c1nnc2ccc(-c3ccncc3)nn12,0.9706848
CC(C)c1cc(N2CC[C@@H](N)C2)nc(N)n1,2.0973298e-06
CCCCn1ccc(N2CCC(c3ccccc3)CC2)c(Cl)c1=O,0.006943914
O=C(O)c1cnn(-c2nc3cc(Cl)c(OC(F)(F)F)cc3[nH]2)c1,0.52365166
O=C(Nc1cnccc1Cl)N1CCN(Cc2ccc3c(c2)OC(F)(F)O3)CC1,0.005244968
O=C(NCC1(N2CCN(c3ccccc3)CC2)CCOCC1)c1cccnc1Sc1ccccc1,0.0024347454
C[C@@H]1c2nnn(-c3ncc(F)cn3)c2CCN1C(=O)c1cccc(C(F)(F)F)c1Cl,0.045114998
C[C@H](NC(=O)CNC(=O)c1cccc(Cl)c1)c1ccccc1,0.0019588051
Nc1nc2cc(CC[C@H]3C[C@@H](n4ccc5c(N)ncnc54)[C@H](O)[C@@H]3O)ccc2cc1Br,0.84739166
CS(=O)(=O)CCCn1c(Cn2c(=O)n(CC(F)(F)F)c3ccncc32)cc2cc(Cl)ccc21,0.039609823
Nc1nc(Nc2ccc(S(N)(=O)=O)cc2)nn1C(=O)c1c(F)cccc1F,0.0771694
CN1CCN(C(=O)c2cc3cc(Cl)ccc3[nH]2)CC1,0.032103166
CO[C@@H]1[C@@H](O[C@@H]2O[C@H](C)[C@@H](O[C@H]3C[C@@](C)(O)[C@@H](OC(=O)CC(C)C)[C@H](C)O3)[C@H](N(C)C)[C@H]2O)[C@@H](CC=O)C[C@@H](C)[C@@H](O)/C=C/C=C/C[C@@H](C)OC(=O)C[C@H]1OC(C)=O,0.9859039
Nc1cc(COc2c(Cl)cc(C[C@H](N)C(=O)O)cc2Cl)c2oc(-c3ccccc3)nc2c1,0.17379187
Cc1sc2c(c1C)C(c1ccc(Cl)cc1)=N[C@@H](CC(=O)OC(C)(C)C)c1nnc(C)n1-2,0.03320231
CCc1ccc(OCc2ccccc2C(=O)Nc2ccc3nc(C)cc(N)c3c2)cc1,0.90163916
Cc1nn(C)c2nc(NNC(=O)Nc3cc(Cl)nc(Cl)c3)cc(C(C)C)c12,0.0194038
CCOC(=O)[C@H](Cc1ccccc1)NC(=O)c1cc(Cl)c(OCCN2CCN(C)CC2)c(Cl)c1O,0.09287295
CCCCCOc1c(OC)ccc2cc(C(=O)NCc3ccc4c(c3)OCO4)c(=O)[nH]c12,0.16413116
COc1ccc(C2(CNC(=O)c3ccc(NC(=O)c4ccco4)cc3)CCOCC2)cc1,0.006209273
O=C(OC(C(F)(F)F)C(F)(F)F)N1CCN(Cc2cccc(Oc3ccccc3)c2)CC1,9.337493e-05
O=C1Nc2ccccc2C12OCC1(CO2)COC2(OC1)C(=O)Nc1ccccc12,0.011482536
COc1ccc(-n2c(SCc3nc(-c4ccc(C)cc4)no3)nnc2-c2ccncc2)cc1,6.895451e-07
COc1cc(SC)ccc1C(=O)N1CCC(Cc2ccccc2)CC1,0.023327542
O=C(Oc1ccc([N+](=O)[O-])cc1)N1CCC(C(O)(c2ccc3c(c2)OCO3)c2ccc3c(c2)OCO3)CC1,0.53796136
O=C(Oc1ccc([N+](=O)[O-])cc1)N1CCN(Cc2cccc(Oc3ccccc3)c2)CC1,0.89967835
COc1cccc(/C=N/N(C(=O)C(F)(F)F)c2ccc(C)cc2C)c1,2.0502723e-05
O=C(O)c1ccc(N[C@@H]2O[C@H](CO)[C@@H](O)[C@H](O)[C@@H]2O)cc1,0.048112806
C=CC(=O)N1CCN(C(=O)CNc2cc(I)c(Cl)cc2O)CC1,0.00312421
O=C(CCCS)NC1CCN(C(=O)COc2ccc(Cl)cc2Cl)CC1,0.034201767
C[C@]12CC[C@H]3[C@@H](CC[C@]4(O)C[C@@H](O)CC[C@]34C=O)[C@@]1(O)CC[C@@H]2C1=CC(=O)OC1,1.509938e-06
O=C(O)c1ccc(N[C@@H]2O[C@H](CO)[C@@H](O)[C@@H]2O)cc1,0.05831265
CC(=O)NC1=NN(C(C)=O)[C@](C)(c2ccccc2)S1,4.2538937e-05
O=c1c(O)c(-c2ccc(O)cc2)oc2cc(O)cc(O)c12,0.07078166
CC1(C)c2nc(-c3ccc(F)cc3)c(Nc3ccc(F)cc3)n2CCN1C(=O)CN,0.05119323
C=C(C)[C@H]1CN[C@H](C(=O)O)[C@H]1CC(=O)O,0.06295041
O=c1c(-c2ccc(O)cc2)coc2c([C@H]3O[C@H](CO)[C@@H](O)[C@H](O)[C@@H]3O)c(O)ccc12,0.7833286
NC[C@H]1O[C@H](O[C@H]2[C@H](O)[C@@H](O[C@H]3O[C@H](CO)[C@@H](O)[C@H](N)[C@H]3O)[C@H](N)C[C@@H]2N)[C@H](O)[C@@H](O)[C@@H]1O,0.056860402
CC[C@@]1(O)C(=O)OCc2c1cc1n(c2=O)Cc2c-1nc1ccccc1c2CC[Si](C)(C)C,0.0041874778
O=C(O)c1ccccc1C(=O)Nc1ccc(-c2ccccc2)cc1,0.016060224
C[C@H]1O[C@H](O[C@H]2[C@H](O)[C@@H](O)[C@@H](O)[C@H](O)[C@@H]2O)[C@@H](N)C[C@@H]1NC(=N)C(=O)O,0.015611917
N=C(N)SCCc1ccc(OCc2ccc([N+](=O)[O-])cc2)cc1,0.00055486005
Nc1ncnc2c1c(-c1ccc(Cl)cc1)nn2-c1cccc(-c2cnnn2Cc2cccc(-c3ccccc3)c2)c1,0.006873568
O[C@@H]1[C@@H](O)[C@@H](O)O[C@@H]2CO[C@H](c3ccccc3)O[C@@H]12,0.039350666
CCCCCCCCCCCCCCOc1ccc(C(=O)O)o1,0.093501665
CC(C)NC(=O)COc1cccc(-c2nc(Nc3ccc4n[nH]cc4c3)c3ccccc3n2)c1,0.027827214
O=C1Cc2c([nH]c3ccc(Br)cc23)-c2ccccc2N1,0.0008375104
O=C(c1ccc(F)cc1)C1CCN(CCn2c(=O)[nH]c3ccccc3c2=O)CC1,0.2758758
CC(=O)N1CCN(c2ccc(OC[C@@H]3CO[C@@](Cn4ccnc4)(c4ccc(Cl)cc4Cl)O3)cc2)CC1,0.1172075
C[C@H]1CCN1c1nc(N2C[C@@H]3[C@@H](CC(=O)O)[C@@H]3C2)cc(C(F)(F)F)n1,0.9999957
C[C@@H](C(=O)O)c1cccc(C(=O)c2ccccc2)c1,0.0016699241
O=C(c1ccccc1)c1ccc2n1CC[C@@H]2C(=O)O,0.025763605
CN1CCC(=C2c3ccccc3C=C(O)c3sccc32)CC1,0.027200986
N#CCCCSC(=N)N,1.544335e-05
COc1ccc([C@H]2CC(c3c(O)cc(C)oc3=O)=NCCS2)c(OC)c1,0.07321502
CSc1nc(N)cc(Oc2ccc(-c3nnc(Nc4cccc(C(F)(F)F)c4)[nH]3)cc2)n1,0.53917533
CCOC(=O)c1c(C(C#N)C=N)c2ccc(Cl)c(Cl)c2n1C,0.80091155
COc1c2occc2c(OC)c2c(=O)cc(C)oc12,0.018078117
CSc1ccccc1Nc1nc(N2CCNCC2)nc2c(NCC3CC3)ncnc12,0.76564443
CC(C)CNc1ccnc(NCc2csc(-c3ccccc3)n2)n1,8.9280344e-05
Cc1noc(-c2ccc(CSCCC(=O)O)cc2)c1NC(=O)O[C@H](C)c1ccccc1Cl,0.63402504
COc1cc(Oc2ccnc3cc(OC)c(OC)cc23)ccc1NC(=O)N[C@@H](C)c1nccs1,0.98529
COc1cc2nccc(Oc3ccc(NC(=O)Nc4ccc(F)cc4F)c(F)c3)c2cc1OC,0.992867
O=C1N[C@@H]2[C@@H](O)[C@@H](O)[C@H](O)[C@@H](CO)N2C1=O,0.0015231168
c1coc(CNc2ncnc3nc[nH]c23)c1,0.0013742003
COC(=O)CCSCc1ccc(-c2onc(C)c2NC(=O)O[C@@H](C)c2ccccc2Cl)cc1,0.38825062
CS(=O)(=O)N(Cc1ccco1)C[C@@H](O)Cn1c2ccccc2c2ccccc21,0.090761
CN(C)CCNC(=O)COc1c2cccc1Cc1cccc(c1OCC(=O)NCCN(C)C)Cc1cccc(c1OCC(=O)NCCN(C)C)Cc1cccc(c1OCC(=O)NCCN(C)C)C2,0.31521174
CC(C)(C)c1cc(/C=C2\CCOC2=O)cc(C(C)(C)C)c1O,0.15236342
O=C(OC(C(F)(F)F)C(F)(F)F)N1CCC(C(O)(c2ccc3c(c2)OCO3)c2ccc3c(c2)OCO3)CC1,1.2774322e-05
CN([C@@H](Cc1ccc(OS(=O)(=O)c2cccc3cnccc23)cc1)C(=O)N1CCN(c2ccccc2)CC1)S(=O)(=O)c1cccc2cnccc12,0.00258957
COc1ccc(S(=O)(=O)N(CCO)c2ccccc2CN(C)C/C=C/c2ccc(Cl)cc2)cc1,0.024249982
COc1ccc2c3c([nH]c2c1)[C@H](CC(C)C)N1C(=O)[C@H](CCC(=O)OC(C)(C)C)NC(=O)[C@@H]1C3,7.997421e-05
NC1=NC(=O)N([C@H]2C[C@@H](O)[C@@H](CO)O2)CN1,0.06964461
COc1cc(-c2ncn(/C=C\C(=O)OC(C)C)n2)cc(C(F)(F)F)c1,0.0023619202
O=C(/C=C\n1cnc(-c2cc(C(F)(F)F)cc(C(F)(F)F)c2)n1)N1CC(F)(F)C1,0.93491447
Nc1ccc(/C=C/C(=O)NCc2cc3cc(-c4ccc(C(=O)N5CCC(F)(F)CC5)cc4)cc(-c4ccc(F)cc4)c3o2)cn1,0.9708892
O=C(CSc1ccc(Br)cc1)Nc1cn(CCc2ccccc2)nc1C(=O)O,0.22886688
COc1cc(N2CCN(C(C)=O)CC2)ccc1Nc1ncc(Cl)c(Nc2ccc(N3CCN(C(C)=O)CC3)cc2OC)n1,0.0907044
CCCNC(=O)Nc1ccc(Oc2ncnc3cc(OC)c(OC)cc23)cc1Cl,0.72736186
O=C(Nc1ccccc1C(=O)Nc1ccc(CCO)cc1)c1ccc([N+](=O)[O-])cc1,0.002090947
CCc1oc2ccccc2c1C(=O)c1ccc(OCC(=O)O)cc1,0.039313264
COc1ccc(-c2ccc3c(N4CCOCC4)nc(N4C[C@@H](C)O[C@@H](C)C4)nc3n2)cc1CO,0.004474495
O=c1cc(-c2cccc3c2Sc2ccccc2S3)oc(N2CCOCC2)c1,0.042554926
C[C@@H]1CN(CC(=O)Nc2ccc3c(c2)Cc2cccc(-c4cc(=O)cc(N5CCOCC5)o4)c2S3)C[C@H](C)O1,0.07062815
OC[C@H]1O[C@@H](Oc2cc3c(O)cc(O)cc3[o+]c2-c2ccc(O)c(O)c2)[C@H](O)[C@@H](O)[C@@H]1O,0.0009949475
CC[C@@]1(c2ncc[nH]2)Cc2ccccc2O1,0.00257937
O=C(c1ccc(/C=C/c2[nH]nc3ccccc23)cc1)N1CCNCC1,0.024381094
CCc1c(O)cc(O)c(C(=O)c2ccc(OCCN3CCOCC3)c(OC)c2)c1CC(=O)N(CCOC)CCOC,0.096069165
CCCn1c(=O)c2[nH]c(C34C[C@@H]5C[C@@H](C[C@H]3C5)C4)nc2n(CCC)c1=O,0.5792307
O=C(Cc1ccc(-c2ccc(OCCN3CCOCC3)cc2)cn1)NCc1ccccc1,0.32897854
O=C(O)c1cc(=O)c2ccccc2[nH]1,0.08596726
COc1ccc(CCC(=O)Nc2nc3ccc(Cl)cc3s2)cc1OC,0.0045926645
COc1cc(-c2cc(-c3cccc(O)c3)cnc2N)cc(OC)c1OC,0.7192608
CCCCOc1ccc(CC/C=C2\SC(=O)N(CCN)C2=O)cc1,0.010950179
C[C@@H]1O[C@@H](O)[C@H](O)[C@H](O)[C@H]1O,0.00017436269
C[C@H](N)C(=O)O,0.5372701
N=C(N)NCCC[C@H](N)C(=O)O,0.009540199
CCCCCCCCCCCCCCCC(=O)OC[C@H](O)[C@H]1OC(=O)C(=O)[C@@H]1O,0.35977027
NC(=O)C[C@H](N)C(=O)O,0.24303931
N[C@@H](CC(=O)NO)C(=O)O,0.035966884
N[C@@H](CC(=O)O)C(=O)O,0.015366308
NC(=O)NCCC[C@H](N)C(=O)O,0.031292208
N[C@@H](CS)C(=O)O,0.01213148
N[C@@H](C[S@](=O)O)C(=O)O,0.106277466
N[C@@H](CSSC[C@H](N)C(=O)O)C(=O)O,0.058117814
C[N+](C)(C)[C@@H](Cc1c[nH]c(=S)[nH]1)C(=O)O,0.0054744747
N[C@@H](CCC(=O)O)C(=O)O,0.0013450282
NC(=O)CC[C@H](N)C(=O)O,0.18845314
O=C(O)[C@@H]1C[C@@H](O)CN1,0.017853638
Nc1ccccc1C(=O)C[C@H](N)C(=O)O,0.14382452
CC(C)C[C@H](N)C(=O)O,0.52824134
NCCCC[C@H](N)C(=O)O,0.020141102
CSCC[C@H](N)C(=O)O,0.2865866
N[C@@H](CN1C=CC(=O)C(=O)C1)C(=O)O,0.04673782
CN[C@@H](CCCNC(=N)N)C(=O)O,0.03475804
COC(=O)[C@@H](N)CCCNC(N)=N[N+](=O)[O-],2.7171075e-07
CC(=N)NCCCC[C@H](N)C(=O)O,0.04751373
C[C@H](Cc1ccccc1)Nc1ncnc2c1ncn2[C@@H]1O[C@H](CO)[C@@H](O)[C@H]1O,0.00074944214
O=C(O)[C@@H]1CCCN1,0.011499808
N[C@@H](Cn1oc(=O)[nH]c1=O)C(=O)O,0.19241066
CCNC(=O)CC[C@H](N)C(=O)O,0.030611547
C[C@@H](O)[C@H](N)C(=O)O,0.12150788
CC(C)[C@@H](N)C(=O)O,0.27753857
CC1(C)CC(=O)C([C@@H]2C3=C(CC(C)(C)CC3=O)Oc3ccccc32)C(=O)C1,8.4111825e-08
CCCCc1nn(-c2ccccc2C(F)(F)F)c(=O)n1Cc1ccc(-c2ccccc2S(=O)(=O)NC(=O)c2sccc2C)cc1,0.4692137
CCCc1c(OCCCOc2ccc(OCC(=O)O)cc2)ccc(C(C)=O)c1O,0.35653317
CCCOc1ccc(Br)cc1-c1cc(-c2ccc(Cl)cc2)[nH]c1-c1ccncc1,0.9977259
Cc1cccc(NC(=O)N[C@@H]2N=C(c3ccccc3)c3ccccc3N(C)C2=O)c1,0.003619626
Cc1ccccc1N1CCN(S(=O)(=O)C[C@]23CC[C@H](C[C@@H]2NC(=O)[C@@H](N)CCS(C)(=O)=O)C3(C)C)CC1,0.2995215
CCOC(=O)c1ncn2c1[C@@H]1CCCN1C(=O)c1cc(OC)ccc1-2,0.02756448
Cc1c(CC(C)(C)C(=O)O)n(Cc2ccc(Cl)cc2)c2ccc(F)cc12,0.47328576
CS(=O)(=O)c1ccc(Cn2c3c(c4cc(F)cc(F)c42)CCC[C@@H]3CC(=O)O)cc1,0.30688947
O=C(Nc1ccccc1)N[C@H]1C[C@H](C(=O)O)Nc2cc(Cl)cc(Cl)c21,0.11878751
CC(Oc1ccc(O)cc1)(P(=O)(O)O)P(=O)(O)O,6.5048265e-09
c1ccc(CN2CCC3(CCc4ccccc43)CC2)cc1,0.00030599066
CS(=O)(=O)Nc1ccc(Cc2noc(-c3ccc4[nH]cc(CCN)c4c3)n2)cc1,0.0026685821
O=C(c1c(O)c2ccc(Cl)cc2[nH]c1=O)C1CC1,0.8944637
O=c1[nH]c2cc(Cl)ccc2c(O)c1-c1cccc(Oc2ccccc2)c1,0.091939606
CC(=O)N[C@H](Cc1c[nH]c2ccccc12)C(=O)OCc1cc(C(F)(F)F)cc(C(F)(F)F)c1,0.9793723
FC(F)(F)c1cc(CO[C@H]2CCCN[C@H]2c2ccccc2)cc(C(F)(F)F)c1,0.003942775
Cc1c(C2CCN(CCc3ccccc3)CC2)noc1-c1ccc(Cl)cc1,0.04189349
Clc1ccc(N2CCN(Cc3c[nH]c4ncccc34)CC2)cc1,0.053852376
CCCCCCNC(=O)Nc1ccc(S(=O)(=O)Nc2ccc(CCNC[C@H](O)COc3ccc(O)cc3)cc2)cc1,0.0023008918
C[C@@H](O[C@H]1OCCN(Cc2n[nH]nc2CN(C)C)[C@H]1c1ccc(F)cc1)c1cc(C(F)(F)F)cc(C(F)(F)F)c1,0.0013436057
N#Cc1ccc(Cn2cncc2CN2CCN(c3cccc(Cl)c3)C(=O)C2)cc1,0.018084668
COc1ccc(Br)cc1S(=O)(=O)NC(=O)/C=C/c1ccccc1Cc1ccc2ccccc2c1,0.094495386
Cn1ncnc1COc1nn2c(-c3cc(F)ccc3F)nnc2cc1C(C)(C)C,4.8867012e-05
C[C@@H](CCc1ccccc1)NC[C@@H](O)c1ccc(O)c(C(N)=O)c1,0.0011256068
CCOC(=O)C1=C(C)NC(C)=C(C(=O)OCC)C1c1ccccc1/C=C/C(=O)OC(C)(C)C,6.438675e-06
OC[C@@H](O)[C@@H](O[C@@H]1O[C@H](CO)[C@H](O)[C@H](O)[C@H]1O)[C@H](O)[C@@H](O)CO,0.014568429
OC[C@H]1O[C@@H](O[C@@H]2[C@@H](CO)O[C@](O)(CO)[C@H]2O)[C@H](O)[C@@H](O)[C@H]1O,0.00041426613
O=C(C[S@@](=O)Cc1ccco1)NC/C=C\COc1cc(CN2CCCCC2)ccn1,0.0019089944
Nc1ccn([C@@H]2CS[C@H](CO)O2)c(=O)n1,0.014430875
Nc1nnc(-c2cccc(Cl)c2Cl)c(N)n1,0.014650661
CC#Cc1cncc(-c2ccc3c(c2)[C@@]2(N=C(C)C(N)=N2)[C@]2(CC[C@H](OC)CC2)C3)c1,0.023367628
CC(=O)O[C@H]1C[C@H](O[C@H]2[C@@H](O)C[C@H](O[C@H]3[C@@H](O)C[C@H](O[C@H]4CC[C@@]5(C)[C@@H](CC[C@H]6[C@@H]5C[C@@H](O)[C@]5(C)[C@@H](C7=CC(=O)OC7)CC[C@]65O)C4)O[C@@H]3C)O[C@@H]2C)O[C@H](C)[C@H]1O[C@@H]1O[C@H](CO)[C@@H](O)[C@H](O)[C@H]1O,0.035308965
CC1(C)OC[C@@H](COC(=O)CCc2ccc(OC[C@@H](O)CNCCNC(=O)N3CCOCC3)cc2)O1,8.473356e-06
O=C(O)CCCc1cc2cc(Cl)ccc2n1S(=O)(=O)c1ccc2ncsc2c1,0.15956013
N#C/C(=C1/SC[C@H](c2ccccc2Cl)S1)n1ccnc1,0.16525318
CS(=O)(=O)CCNCc1ccc(-c2ccc3ncnc(Nc4ccc(OCc5cccc(F)c5)c(Cl)c4)c3c2)o1,0.20111388
CCN1C[C@]2(OC(=O)c3ccccc3NC(C)=O)CC[C@H](OC)[C@@]34[C@@H]2C[C@@H]([C@@H]13)[C@@]1(O)C[C@H](OC)[C@H]2C[C@@H]4[C@]1(O)[C@H]2OC,6.562277e-05
CCN(C(=O)c1c(O)c2c(Cl)cccc2n(C)c1=O)c1ccccc1,0.63775766
CC(C)C[C@H](NC(=O)[C@@H](NC(=O)CNC(=O)CN)C(C)C)C(=O)N[C@H](C(=O)N[C@@H](CCC(N)=O)C(=O)N1CCC[C@H]1C(=O)NCC(=O)O)C(C)C,0.043267425
CS(=O)(=O)c1cc(F)cc2c3c(n(Cc4ccc(Cl)cc4)c12)[C@@H](CC(=O)O)CC3,0.07537752
O=C(Nc1cnn2ccc(N3CCC[C@@H]3c3cc(F)ccc3F)nc12)N1CC[C@H](O)C1,0.7582247
CC[C@@H](C(=O)[C@@H](C)[C@@H](O)[C@H](C)CCc1ccc(C)c(O)c1C(=O)O)[C@H]1O[C@](CC)([C@H]2CC[C@](O)(CC)[C@H](C)O2)C[C@@H]1C,0.3450496
CN1CCC(C(=O)c2cccc(NC(=O)c3c(F)cc(F)cc3F)n2)CC1,0.014536337
Oc1ccc2c(c1)CC[C@H](c1ccccc1)[C@@H]2c1ccc(OCCN2CCCC2)cc1,0.021248106
CC(C)OC(=O)CCC/C=C\C[C@@H]1[C@@H](CC[C@@H](O)CCc2ccccc2)[C@H](O)C[C@@H]1O,0.0005550425
Cc1ccc2c(c1)c1c(n2CCc2ccc(C)nc2)CCN(C)C1,0.0029703192
C/C1=C/C(=O)O[C@@H]2C[C@@H](CC[C@H](C)/C=C\CC1)O[C@@](O)([C@@H]1CSC(=O)N1)C2,0.012580204
CCCCCCCCCCCC(=O)O,0.0073108985
CCCCCCCCCCCC(=O)N(CCO)CCO,0.009866403
CCCCCCCCCCCCN1CCCCCC1=O,0.0023829478
NCCNC(=O)c1ccc(Cl)cn1,0.0012551042
C=CC(=O)Nc1cc(Nc2nccc(-n3cc(CN(C)C)c(-c4ccccc4)n3)n2)c(OC)cc1N1CCOCC1,0.0007659055
CN1CCN(C(=O)[C@H]2[C@@H](C(=O)O)[C@@H]3CC[C@H]2O3)CC1,0.00015153068
O=C(c1cn(Cc2cncn2Cc2ccc(Br)cc2)cc1-c1cccc2ccccc12)N1CCOCC1,0.2011579
CN[C@@H](C)C(=O)N[C@H](C(=O)N1CCC[C@H]1c1nc(C(=O)c2ccc(F)cc2)cs1)C1CCCCC1,0.0023720374
O=C(O)C[C@H]1CC[C@H](c2ccc(-c3ccc(Nc4ccc(C(F)(F)F)nc4)cn3)cc2)CC1,0.99495846
CCCCC(=O)N(Cc1ccc(-c2ccccc2-c2nn[nH]n2)cc1)[C@H](C(=O)O)C(C)C,0.09463132
CCOc1cn(-c2ccc(F)cc2C)nc1C(=O)Nc1ccc(Oc2ccnc3cc(OC)c(OC)cc23)c(F)c1,0.9607666
COc1ccc2nc3ccc(Cl)cc3c(SCCCN)c2c1,0.36119556
c1cc(-c2cnn3cc(-c4ccc(N5CCNCC5)cc4)cnc23)c2cccnc2c1,0.0052079987
NNC(=O)CSc1nc2scc(-c3ccccc3)c2c(=O)n1-c1ccccc1,8.232393e-10
CC(=O)O/N=C1/C(=O)N(Cc2cc(Cl)ccc2Cl)c2ccc(Cl)cc21,0.12393709
c1ccc2c(-c3cnn4cc(-c5ccc(N6CCNCC6)cc5)cnc34)ccnc2c1,0.03749324
CN1c2cc3c(cc2N=C(c2ccc(C(=O)O)cc2)c2ccccc21)C(C)(C)CCC3(C)C,0.80189705
COC(=O)N[C@H](C(=O)N1CC2(CC2)C[C@H]1c1nc(-c2ccc3c(c2)C(F)(F)c2cc(-c4ccc5nc([C@@H]6[C@H]7CC[C@H](C7)N6C(=O)[C@@H](NC(=O)OC)C(C)C)[nH]c5c4)ccc2-3)c[nH]1)C(C)C,0.91241527
Cc1oncc1C(=O)Nc1ccc(C(F)(F)F)cc1,0.056086473
Cc1ncc(OC[C@@]2(c3cccc(F)c3)C[C@H]2C(=O)Nc2ccc(F)cn2)c(C)n1,0.23168056
Nc1cccc2c1CN([C@H]1CCC(=O)NC1=O)C2=O,0.0018937222
CCC(=O)N1CC[C@H](Nc2ncnc3c2CN(c2cnc(OC)c(C(F)(F)F)c2)CC3)C1,0.7816511
COc1cc2nccc(Oc3ccc(NC(=O)NC4CC4)c(Cl)c3)c2cc1C(N)=O,0.59471655
COc1cc(C(=O)OCCCCNC(=N)N)cc(OC)c1O,0.0006239037
Cc1c(Cc2ccccc2)nnc(N2CCN(c3cnc(C(C)(C)O)cn3)[C@H](C)C2)c1C,0.66586995
COC(=O)C1=C(C)NC(C)=C(C(=O)OC(C)(C)CN(C)CCC(c2ccccc2)c2ccccc2)[C@@H]1c1cccc([N+](=O)[O-])c1,6.503486e-06
c1ccc(Cn2c(N3CCNCC3)nc3ccccc32)cc1,0.0052099386
CCc1nn(CCO)c(CC)c1Oc1cc(C#N)cc(C#N)c1,0.012426716
O=C(O)CSc1nnc(Br)n1-c1ccc(C2CC2)c2ccccc12,0.33402336
C[C@]12O[C@@H](C[C@]1(O)CO)n1c3ccccc3c3c4c(c5c6ccccc6n2c5c31)CNC4=O,0.34990686
O=C(CCn1cnc2c(=O)nc[nH]c21)Nc1ccc(C(=O)O)cc1,0.0034888925
COc1cccc(N2CCN(C3=Nc4c(F)cccc4[C@H](CC(=O)O)N3c3cc(C(F)(F)F)ccc3OC)CC2)c1,0.07540103
CCOC(=O)CSCC[C@H]1N[C@H](C(=O)O)CS1,0.0040676817
N#C[C@H](c1ccc(F)cc1)c1c(Cl)cc(-n2ncc(=O)[nH]c2=O)cc1Cl,0.15327112
N#Cc1ccc(C(c2ccc(C#N)cc2)n2cncn2)cc1,0.0008535445
CN(C)c1ccc2c(c1)Sc1cc(N(C)C)ccc1N2,0.007262444
COC(=O)[C@H](CC(C)C)NC(=O)[C@@H](N)CC(C)C,5.3184667e-05
CCNC(=O)[C@@H]1CCCN1C(=O)[C@H](CCCNC(=N)N)NC(=O)[C@H](CC(C)C)NC(=O)[C@@H](CC(C)C)NC(=O)[C@H](Cc1ccc(O)cc1)NC(=O)[C@H](CO)NC(=O)[C@H](Cc1c[nH]c2ccccc12)NC(=O)[C@H](Cc1cnc[nH]1)NC(=O)[C@@H]1CCC(=O)N1,0.0039704437
CC(C)(C)NC[C@H](O)c1ccc(O)c(CO)c1,0.00021400668
C=CCN1CC[C@]23CCCC[C@H]2[C@H]1Cc1ccc(O)cc13,0.00053226
c1ccc([C@H]2CN3CCSC3=N2)cc1,0.0009748079
CCOC(=O)C1=C(COCCN)NC(C)=C(C(=O)OC)[C@@H]1c1ccccc1Cl,3.4985365e-05
CC[C@@H](C(N)=O)N1CCCC1=O,0.006507663
CN1C[C@H]2CCC[C@@H](C1)[C@@H]2OC(=O)[C@](O)(c1ccccc1)C1CCCC1,4.3963817e-05
CC(C)NC[C@H](O)COc1ccc(CCOCC2CC2)cc1,0.013314814
CC(C)(C)NC[C@H](O)COc1cccc2c1CCCC2=O,0.00022776994
CC(C)(C)NC[C@@H](O)COc1cccc2c1CCCC2=O,0.00022177429
C[C@@H]1CN([C@H]2CC[C@](C#N)(c3ccc(F)cc3)CC2)CC[C@]1(C(=O)O)c1ccccc1,0.080570705
C[N+](C)(C)C[C@H](O)CC(=O)O,2.4139583e-06
CCC(=O)O[C@H](CC(=O)O)C[N+](C)(C)C,4.660479e-05
O=C(O)COCCN1CCN([C@H](c2ccccc2)c2ccc(Cl)cc2)CC1,0.020907141
N[C@@H](Cc1ccc(O)c(O)c1)C(=O)O,0.0007157288
C[C@H]1COc2c(N3CCN(C)CC3)c(F)cc3c(=O)c(C(=O)O)cn1c23,0.9444629
CC(C)=CCC[C@](C)(O)[C@@H]1CC=C(C)CC1,0.58396864
CC(C)[C@@H]1CC[C@@H](C)C[C@H]1O,9.263686e-05
COc1ccc2c(c1)N(C[C@H](C)CN(C)C)c1ccccc1S2,0.003339123
c1ccc2c(c1)Sc1ccccc1N2C[C@H]1CN2CCC1CC2,0.0009464461
C[C@H](N)[C@H](O)c1ccc(O)c(O)c1,6.7687e-05
C#C[C@]1(O)CC[C@H]2[C@@H]3CCC4=CC(=O)CC[C@@H]4[C@H]3CC[C@@]21CC,0.004643007
CCC(=O)OC(Cc1ccccc1)(c1ccccc1)[C@@H](C)CN(C)C,0.00039752206
C[C@@H]1CC(=O)NN=C1c1ccc(NN=C(C#N)C#N)cc1,7.200701e-11
CCN1CCC[C@H]1CNC(=O)c1cc(S(N)(=O)=O)ccc1OC,0.0289809
N[C@@H](Cc1cc(I)c(Oc2cc(I)c(O)c(I)c2)c(I)c1)C(=O)O,0.04396129
CC(=O)[C@@H](C#N)C(=O)Nc1cc(Br)ccc1Br,0.0020040732
Cc1cc(C)c(-c2ccc(NC(=O)[C@H](Cc3ccc(C(=O)NCCS(=O)(=O)O)cc3)c3ccc(-c4ccc(C(C)(C)C)cc4)cc3)cc2)c(C)c1,0.68745106
Cc1cc(-c2ncc(CC(=O)Nc3ccc(-c4cnccn4)cn3)cc2C)ccn1,0.024874432
Cc1cc2sc(NC(=O)Cc3ccccc3)nc2cc1Cl,0.093742125
Clc1cccc([C@H](c2ccc3nc[nH]c3c2)n2ccnc2)c1,0.035232194
NC(=O)N1c2ccccc2C[C@@H](O)c2ccccc21,0.000928499
C=CC(C)(C)c1cc(/C=C/C(=O)c2ccc(O)cc2)c(OC)cc1O,0.0006872824
CC1(C)Cc2c(-c3ccccc3)c(-c3ccc(Cl)cc3)c(CC(=O)O)n2C1,0.00020431436
CCc1ccc([C@@H]2O[C@H](CO)[C@@H](O)[C@H](O)[C@H]2O)cc1Cc1ccc2c(c1)OCCO2,0.06786955
O=c1[nH]c2cc(Cl)c(Cl)c([N+](=O)[O-])c2[nH]c1=O,0.88120556
CNC(=N)NC(=O)Nc1c(C)cccc1C,0.04165184
CCN(CC)CC(=O)Nc1c(C)cccc1C,0.0002312155
Cc1cccc(C)c1NC(=O)CN1CCN(CCCC(c2ccc(F)cc2)c2ccc(F)cc2)CC1,0.23181273
O=C1CCc2c(Oc3ccc4c(c3)[C@@H]3[C@H](O4)[C@H]3c3nc4ccc(C(F)(F)F)cc4[nH]3)ccnc2N1,0.15610887
CS(=O)(=O)c1cccc(C[C@H](NC(=O)c2c(Cl)cc3c(c2Cl)CCN(C(=O)c2ccc4ccoc4c2)C3)C(=O)O)c1,0.50779146
CCC/C=C1\OC(=O)C2=C1CCC=C2,4.3455455e-07
CCCC[C@H](C)C[C@H](O)/C=C/[C@H]1[C@H](O)CC(=O)[C@@H]1CCCC/C=C/C(=O)O,0.009763082
CC(C)C(=O)Nc1ncc(-c2cc(C(F)F)nn2-c2c(Cl)cccc2Cl)s1,0.2658868
CC1(C)O[C@H]2CC(=O)OC[C@]23[C@H]2CC[C@@]4(C)[C@H](c5ccoc5)OC(=O)[C@H]5O[C@]54[C@]2(C)C(=O)C[C@@H]13,0.00010088058
C[C@@H]1NC(=O)[C@@H]2CCCN2C(=O)[C@H](CC(N)=O)NC(=O)[C@@H]2CSSC[C@H](N)C(=O)N[C@H]3CSSC[C@H](NC1=O)C(=O)N[C@@H]([C@@H](C)O)C(=O)NCC(=O)N[C@H](C(=O)N[C@@H](Cc1ccc(O)cc1)C(=O)O)CSSC[C@H](NC(=O)[C@H](Cc1ccc(O)cc1)NC(=O)[C@H](CCC(=O)O)NC3=O)C(=O)N2,0.16395606
CC#CCn1c(N2CCC[C@@H](N)C2)nc2c1c(=O)n(Cc1nc(C)c3ccccc3n1)c(=O)n2C,0.8932281
C=C[C@](C)(O)CCC=C(C)C,7.9202364e-05
Cc1cccc(C)c1CNc1cc(C(=O)NCCO)cn2c(C)c(C)nc12,0.010166946
CCC[C@@H]1C[C@@H](C(=O)N[C@@H]([C@H]2O[C@H](SC)[C@H](O)[C@@H](O)[C@H]2O)[C@@H](C)O)N(C)C1,0.83018166
Cl[C@H]1[C@H](Cl)[C@@H](Cl)[C@@H](Cl)[C@H](Cl)[C@H]1Cl,0.00019021952
CC(=O)NC[C@H]1CN(c2ccc(N3CCOCC3)c(F)c2)C(=O)O1,0.28325024
Cc1ccc(F)c(NC(=O)Nc2ccc(-c3cccc4n[nH]c(N)c34)cc2)c1,0.0011174515
CCCCC/C=C\C/C=C\CCCCCCCC(=O)O,0.018618569
O=C1N(c2ccccc2)c2ccccc2C1(Cc1ccncc1)Cc1ccncc1,0.008868109
Nc1c[n+](N2CCOCC2)no1,3.84685e-07
C[C@]1(O)C[C@@H](c2nc(-c3ccc4ccc(-c5ccccc5)nc4c3)c3c(N)nccn32)C1,0.5432255
CCN1CCN=C1CNC(=O)c1cc(Cl)c(N)cc1OC,0.15946378
N[C@@H](Cc1cc(I)c(Oc2ccc(O)c(I)c2)c(I)c1)C(=O)O,0.16695224
N[C@H](Cc1cc(I)c(Oc2ccc(O)c(I)c2)c(I)c1)C(=O)O,0.74349535
NC(=O)CCCC[C@H]1CCSS1,0.0004030168
O=C1C[C@@H](c2ccc(O[C@@H]3O[C@H](CO)[C@@H](O)[C@H](O)[C@H]3O)cc2)Oc2cc(O)ccc21,3.2778607e-05
CCCCCCCCCCCCCCCC(=O)N[C@@H](CCC(=O)NCCCC[C@H](NC(=O)[C@H](C)NC(=O)[C@H](C)NC(=O)[C@H](CCC(N)=O)NC(=O)CNC(=O)[C@H](CCC(=O)O)NC(=O)[C@H](CC(C)C)NC(=O)[C@H](Cc1ccc(O)cc1)NC(=O)[C@H](CO)NC(=O)[C@H](CO)NC(=O)[C@@H](NC(=O)[C@H](CC(=O)O)NC(=O)[C@H](CO)NC(=O)[C@@H](NC(=O)[C@H](Cc1ccccc1)NC(=O)[C@@H](NC(=O)CNC(=O)[C@H](CCC(=O)O)NC(=O)[C@H](C)NC(=O)[C@@H](N)Cc1cnc[nH]1)[C@@H](C)O)[C@@H](C)O)C(C)C)C(=O)N[C@@H](CCC(=O)O)C(=O)N[C@@H](Cc1ccccc1)C(=O)N[C@H](C(=O)N[C@@H](C)C(=O)N[C@@H](Cc1c[nH]c2ccccc12)C(=O)N[C@@H](CC(C)C)C(=O)N[C@H](C(=O)N[C@@H](CCCNC(=N)N)C(=O)NCC(=O)N[C@@H](CCCNC(=N)N)C(=O)NCC(=O)O)C(C)C)[C@@H](C)CC)C(=O)O,0.26458752
COc1cccc(N(C)C(=S)Oc2ccc3c(c2)CCCC3)n1,0.59401935
CS(=O)(=O)Oc1ccc2c(NC(N)=O)c(C(=O)c3ccc(Cl)cc3Cl)oc2c1,0.16157822
Nc1ccc(C(=O)OC[C@@H](O)CO)cc1,0.00020499577
NCCCC[C@H](N[C@@H](CCc1ccccc1)C(=O)O)C(=O)N1CCC[C@H]1C(=O)O,0.01840797
C[C@@H](O)CCCCn1c(=O)c2c(ncn2C)n(C)c1=O,0.27949902
CCN(CC)C(=O)N[C@H]1C=C2c3cccc4[nH]cc(c34)C[C@H]2N(C)C1,0.04998427
CC(=O)CC(=O)O,0.0008642166
C[C@H](CCC(=O)O)[C@H]1CC[C@H]2[C@@H]3CC[C@@H]4C[C@H](O)CC[C@]4(C)[C@H]3CC[C@]12C,0.26391366
CCNCCS(=O)(=O)NC[C@@]1(c2ccccc2)SC(NC(=O)C(C)(C)C)=NN1C(=O)C(C)(C)C,0.00011664262
Cc1ccc(F)cc1C(=O)Nc1ccc(C(=O)N2Cc3cccn3Cc3ccccc32)c(Cl)c1,0.09354585
O=C(NCCO)c1cc(C(=O)NCCO)cc(C(=O)NCCO)c1,0.012991623
CC1(C)CC(Oc2ccc(-c3ccc(-c4cn[nH]c4)cc3O)nn2)CC(C)(C)N1,0.025024137
Cc1cc(C)cc(C(=O)NOCCCCCC(=O)NO)c1,0.00027014903
CC[C@@H](C)[C@@H](N)C(=O)NCCN1CCOCC1,2.185229e-05
CN1[C@@H](CC(=O)c2ccccc2)CCC[C@H]1C[C@H](O)c1ccccc1,0.0002823359
CCOC(=O)Nc1nc2ccccc2[nH]1,0.0027974225
O=C(O)c1ccccc1Nc1cc(Cl)ccc1C(=O)O,0.0314268
Nc1ncnc2c1ncn2[C@@H]1O[C@H](CO)C[C@@H]1F,0.72061
N#Cc1cc(NC(=O)C(=O)O)c(Cl)c(NC(=O)C(=O)O)c1,0.0038682367
Cc1[nH]cnc1-c1ccc(Cl)cc1,5.8383728e-05
CN(CCCN1c2ccccc2CCc2ccccc21)CC(=O)c1ccc(Cl)cc1,0.00415517
C[C@@H](Oc1c(Cl)cccc1Cl)C1=NCCN1,0.1312144
CCn1cc(C(=O)O)c(=O)c2cc(F)c(N3CCN[C@@H](C)C3)c(F)c21,0.9974299
Nc1nc(OCc2cc(Br)cs2)c2[nH]cnc2n1,0.025663383
COc1ccc(CN2CCN(C(c3ccc(F)cc3)c3ccc(F)cc3)CC2)c(OC)c1OC,0.15924218
Nc1nc(=O)c2c([nH]1)NC[C@H](CCc1ccc(C(=O)N[C@@H](CCC(=O)O)C(=O)O)cc1)C2,0.0067333328
O=C(NC1CCN(CCCCC2(C(=O)NCC(F)(F)F)c3ccccc3-c3ccccc32)CC1)c1ccccc1-c1ccc(C(F)(F)F)cc1,0.98264676
O=C(NC1CCCCC1)N(CCCl)[NH2+][O-],6.4801643e-06
NC(=O)N1CCC(CC(=O)N2CCC([C@H]3c4ncc(Br)cc4CCc4cc(Cl)cc(Br)c43)CC2)CC1,0.99908805
O=C(O)c1nn(Cc2ccc(Cl)cc2Cl)c2ccccc12,0.1075381
CN(C)C(=O)C(CCN1CCC(O)(c2ccc(Cl)cc2)CC1)(c1ccccc1)c1ccccc1,0.0028935033
Cc1cccc(C)c1OCC(=O)N[C@@H](Cc1ccccc1)[C@@H](O)C[C@H](Cc1ccccc1)NC(=O)[C@H](C(C)C)N1CCCNC1=O,0.7386227
N[C@@H](C(=O)N[C@@H]1C(=O)N2C(C(=O)O)=C(Cl)CC[C@H]12)c1ccccc1,0.83854795
CCOC(=O)N1CCC(=C2c3ccc(Cl)cc3CCc3cccnc32)CC1,3.18386e-05
Cl/C(=C\n1cncn1)c1ccc(Cl)cc1Cl,7.9596764e-05
CC(=O)N(C)c1cc(-c2ccnc3c(C(=O)c4cccs4)cnn23)ccc1F,0.0016122084
CCCCCN(CCCCC)C(=O)[C@@H](CCC(=O)O)NC(=O)c1ccc(Cl)c(Cl)c1,0.042699516
C[C@H]1Oc2cc(cnc2N)-c2c(nn(C)c2C#N)CN(C)C(=O)c2ccc(F)cc21,0.6117819
CN1C(C(=O)Nc2ccccn2)=C(O)c2sc(Cl)cc2S1(=O)=O,0.16593747
CCCCc1nc(Cl)c(CO)n1Cc1ccc(-c2ccccc2-c2nn[nH]n2)cc1,1.8906136e-05
Cc1c(F)cc(C(=O)NC2CC2)cc1-c1ccc(C(=O)NCC(C)(C)C)cn1,0.24840508
CNc1nc(-c2cccc(NC(=O)c3ccc(C(=O)OC)cc3)c2)c2cc(OC)c(OC)cc2n1,0.009573897
CCOC(=O)O[C@]1(C(=O)OCCl)CC[C@H]2[C@@H]3CCC4=CC(=O)C=C[C@]4(C)[C@H]3[C@@H](O)C[C@@]21C,0.00018610487
CC[C@H](C)C(=O)O[C@H]1C[C@@H](C)C=C2C=C[C@H](C)[C@H](CC[C@@H]3C[C@@H](O)CC(=O)O3)[C@H]21,0.11244901
CN1CCN(C2=Nc3ccccc3Oc3ccc(Cl)cc32)CC1,0.38532102
CC(C)CCNC(=O)[C@H](CC(C)C)NC(=O)[C@H]1O[C@@H]1C(=O)O,0.010001246
C[C@@H](C(=O)O)c1ccc(C[C@H]2CCCC2=O)cc1,0.0029452788
Nc1nc(O[C@@H](c2ccc(-c3cccc(F)c3)cc2)C(F)(F)F)cc(-c2ccc(C[C@H](N)C(=O)O)cc2)n1,0.3770005
Cc1csc2c(N[C@@H](C)CN3CCN(S(=O)(=O)c4ccc(Cl)c(Cl)c4)CC3)ncnc12,0.88462996
COc1cc(C(=O)N2CCC(N3CCN(C)CC3)CC2)ccc1Nc1ncc2c(n1)N(C)c1ccccc1C(=O)N2C,0.55634415
CC(C)NC(=O)c1ccc(C#Cc2ccncc2)cn1,0.41173354
CC(F)(F)c1cc(F)ccc1-c1sc2cc(O)ccc2c1Oc1ccc(/C=C/C(=O)O)cc1,0.877588
N=C(Nc1ccccc1)c1cccs1,0.00062898657
CCCCC/C=C\C[C@@H](O)/C=C/C=C/C=C\[C@@H](O)CCCC(=O)O,8.506762e-06
NCCCC[C@H](NC(=O)[C@@H](NC(=O)[C@H](Cc1c[nH]c2ccccc12)NC(=O)[C@H](CCCCN)NC(=O)[C@H](CCCCN)NC(=O)[C@H](Cc1c[nH]c2ccccc12)NC(=O)[C@H](Cc1c[nH]c2ccccc12)NC(=O)[C@H](CCCCN)NC(=O)[C@@H](N)CCCCN)C(c1ccccc1)c1ccccc1)C(N)=O,0.25059488
CC(C)(C)CC(=O)Nc1c(F)cc(C(=O)/N=c2\sccn2COP(=O)(O)O)cc1F,0.0018354371
CCCCC(F)(F)C(=O)CC[C@H]1[C@H](O)CC(=O)[C@@H]1CCCCCCC(=O)O,0.027674517
CCN(CC)CCNc1ccc(C)c2sc3ccccc3c(=O)c12,0.0017708685
CNC(=O)c1cccc2cc(Oc3ccnc4cc(OCC5(N)CC5)c(OC)cc34)ccc12,0.6682589
N#Cc1c(N)nc(SCc2ncc[nH]2)c(C#N)c1-c1ccc(O)cc1,2.2421984e-05
O=C(NC(=O)c1c(F)cccc1F)Nc1cc(Cl)c(OC(F)(F)[C@@H](F)C(F)(F)F)cc1Cl,0.89904606
N#C/C(=C1/SC[C@@H](c2ccc(Cl)cc2Cl)S1)n1ccnc1,0.60429883
Cc1ccc(NC(=O)C2(c3ccc4c(c3)OC(F)(F)O4)CC2)nc1-c1cccc(C(=O)O)c1,0.9925964
CN1CCN2c3c(cccc31)[C@@H]1CN(CCCC(=O)c3ccc(F)cc3)CC[C@@H]12,0.0216486
CCCCN(CCCC)C[C@@H](O)c1cc(Cl)cc2c1-c1ccc(Cl)cc1/C2=C/c1ccc(Cl)cc1,0.82160616
Cc1ccc(Nc2c(F)cccc2Cl)c(CC(=O)O)c1,0.010580419
O=C1CCC[C@@H]2[C@H]3C[C@@H](CN12)[C@@H]1CCCCN1C3,0.00014370849
O=C1[C@@H]2[C@H]3CC[C@H](C3)[C@@H]2C(=O)N1C[C@@H]1CCCC[C@H]1CN1CCN(c2nsc3ccccc23)CC1,0.98182607
Cc1nc2ccccn2c(=O)c1CCN1CCc2oc3ccccc3c2C1,0.4933066
CCCCCCO[C@@H](C)c1cccc(-c2csc(NC(=O)c3cc(Cl)c(/C=C(\C)C(=O)O)c(Cl)c3)n2)c1OC,0.3044085
CC1=C[C@H](O)CC(C)(C)[C@H]1/C=C/C(C)=C/C=C/C(C)=C/C=C/C=C(C)/C=C/C=C(C)/C=C/C1=C(C)C[C@@H](O)CC1(C)C,2.269731e-09
O=c1cc(-c2ccc(O)c(O)c2)oc2cc(O)cc(O)c12,0.00017826009
CC(=O)NCCc1c(Cc2ccccc2)[nH]c2ccccc12,0.011429718
Cc1ccc(NC(=O)c2ccnc(C(F)(F)F)c2)cc1-c1cc(OCCO)nc(N2CCOCC2)c1,0.8566003
Fc1ccc(-c2c3cccc(C(F)(F)F)c3nn2Cc2ccc(F)cc2Cl)cc1,0.0745033
CC1(N)CCN(c2cccnc2NC(=O)c2nc(-c3ncccc3C(F)(F)F)cnc2N)CC1,0.08547593
COc1cccc(-c2ccc([C@@H](Oc3cc(-c4ccc(C[C@H](N)C(=O)O)cc4)nc(N)n3)C(F)(F)F)cc2)c1,0.31127024
Cc1c[nH]c2ncnc(N3CCC(CN)(C(=O)Nc4cccc(OC(=O)N(C)C)c4)CC3)c12,0.5879185
CC(C)=CCC/C(C)=C/C=C/C(C)=C/C=C/C(C)=C/C=C/C=C(C)/C=C/C=C(C)/C=C/C=C(\C)CCC=C(C)C,0.00019087721
CC(C)c1ccc2c(c1)CC[C@H]1[C@](C)(CN)CCC[C@]21C,0.021244373
CN(C)[C@@H]1C(=O)[C@@H](C(=O)NCNCCCC[C@H](N)C(=O)O)C(=O)[C@@]2(O)C(=O)[C@@H]3C(=O)c4c(O)cccc4[C@@](C)(O)[C@H]3C[C@@H]12,0.9153623
C#C[C@]1(O)CC[C@H]2[C@@H]3CCC4=CCCC[C@@H]4[C@H]3CC[C@@]21C,0.0024581382
NCCCC[C@H](NC(=O)[C@@H]1CCCN1C(=O)[C@@H]1CSSC[C@H](N)C(=O)N[C@@H](Cc2ccc(O)cc2)C(=O)N[C@@H](Cc2ccccc2)C(=O)N[C@@H](CCC(N)=O)C(=O)N[C@@H](CC(N)=O)C(=O)N1)C(=O)NCC(N)=O,0.037228916
O=C1NC(=O)C(c2cnc3ccccn23)=C1c1cn2c3c(cc(F)cc13)CN(C(=O)N1CCCCC1)CC2,0.99820614
c1ccc(-c2nn3c(c2-c2ccnc4cc(OCCN5CCOCC5)ccc24)CCC3)nc1,0.030755138
N[C@@]1(C(=O)O)CS(=O)(=O)[C@H]2[C@H](C(=O)O)[C@H]21,0.0012878415
O=C(O)[C@@H]1C[C@H]2C[C@@H](CCc3nn[nH]n3)CC[C@H]2CN1,0.07378434
Cc1cccc(-c2nn3c(c2-c2ccnc4ccc(C(N)=O)cc24)CCC3)n1,0.15750724
CN(C)C(=O)n1nnnc1Cc1ccc(-c2ccccc2)cc1,0.011012507
CC(C)(C)Cn1c(N)nc2ccc(-c3nc(C(C)(C)C)[nH]c3-c3ccc(F)cc3)nc21,0.6217233
COc1ccc(/C=C/CCCCOc2ccc(C(=O)c3cccc(C(=O)O)c3)cc2CCC(=O)O)cc1,0.2367846
CC(C)Oc1cccc(-n2c(CCc3c[nH]c4ccc(Br)cc34)nc3ccccc3c2=O)c1,0.08543973
CCNCc1cc(C(C)(C)C)c(O)c(C(C)(C)C)c1,0.04604718
CCCC(CCC)C(=O)Nc1ccn([C@@H]2O[C@H](CO)[C@@H](O)C2(F)F)c(=O)n1,0.4488639
CN(CCOc1ccc(-c2ccc3c(c2)OCO3)cc1C(C)(C)C)CC(=O)O,0.010620531
CC(C)OC(=O)N[C@H]1Cc2c(n(Cc3ccccn3)c3ccc(C#N)cc23)C1,0.07722366
CC(C)NCCCC[C@H](NC(=O)[C@H]1CCC(=O)N[C@@H](Cc2ccccc2)C(=O)N[C@H](Cc2ccc(O)cc2)C(=O)N[C@@H](CCCCNC(C)C)C(=O)N[C@H](CCCN=C(N)N)C(=O)N[C@@H](Cc2ccc3ccccc3c2)C(=O)NCC(=O)N1)C(N)=O,0.4266607
CCc1cc(C(C)=O)c(O)cc1OCCCCCC(C)(C)c1nn[nH]n1,0.06875429
Cn1cc(-c2ccc(F)c(C(F)(F)F)c2)nc1C1CCN(c2ncnc3n[nH]cc23)CC1,0.00186417
Cc1cnc(NC(=O)Nc2cc(Br)c(C)cc2OC[C@@H]2CNCCO2)cn1,0.9397901
COc1cccc(OCCCN)c1-c1cc(Nc2cnc(C#N)cn2)[nH]n1,0.015532736
O=C(Nc1ncc(SCCN2CCCC2)s1)[C@]1(c2ccc(S(=O)(=O)C3CC3)cc2)C[C@H]1C1CCCCC1,0.31797525
COc1ccc(C[C@H]2NCCc3c2[nH]c2ccc(C)cc32)c(Cl)c1OC,0.04888932
Cc1cc(Nc2cc(CN3CCOCC3)c3nc(C)c(Cc4ccc(Cl)cc4F)n3n2)[nH]n1,0.7738054
NC(=O)c1ccc(Oc2ccc(CN3CCC[C@H]3c3cccnc3)cc2)c(Cl)c1,0.24918856
Cc1ccc(C(=O)Nc2ccc(Oc3cc4cnn(C)c4cc3-c3cn[nH]c3)c(F)c2)c(=O)n1-c1ccc(F)cc1,0.96013165
C[C@@]1(c2cc(-c3cncnc3)c(F)cc2F)CCSC(N)=N1,0.006754257
Cc1nc(N2CCN(C)CC2)c2nc(-c3ccccc3Cl)n(C3CCOCC3)c2n1,0.027822154
CC(C)c1c2cc(-c3ccnc(N[C@H]4CC[C@H](NC5CCOCC5)CC4)n3)ccc2nn1C,0.00497145
C[C@@H](Oc1ccc2n[nH]c(/C=C/c3cnn(CCO)c3)c2c1)c1c(Cl)cncc1Cl,0.060159236
O=C1NN(C(=O)Nc2ccc(Br)cc2)[C@@H](c2ccccc2)[C@@H]1c1ccccc1,0.035291847
NC1=N[C@@]2(c3cc(NC(=O)c4ccc(F)cn4)ccc3F)COC[C@H]2CS1,0.077312954
O=c1cc(N2CCOCC2)oc2c(-c3ccccc3)cccc12,0.005960382
C[C@H](N)C(=O)N[C@@]1(C(=O)O)C[C@@H](Sc2nnc[nH]2)[C@H]2[C@H](C(=O)O)[C@H]21,0.0012277851
CNC(=O)O[C@H]1COc2ccc(N3CCN(C4COC4)CC3)cc2[C@@H]1NC(=O)c1ccc(F)cc1,0.0026841965
CNc1ncc2cc(-c3cc(NC(=O)NCCC(C)(C)C)c(F)cc3C)c(C)nc2n1,0.44502032
CO[C@@H](C)Cn1c(=O)n(C)c2cnc3ccc(-c4cncc(C(C)(C)O)c4)cc3c21,0.3208575
O=c1cc(N2CCNCC2)oc2c(-c3ccccc3)cccc12,0.009430867
CC1(C)C(=O)N(CCN2CCC(C(=O)c3ccc(F)cc3)CC2)c2ccccc21,0.013314298
CCc1c(CC(N)=O)c2cc(OCCCP(=O)(O)O)ccc2n1Cc1ccccc1,0.010818546
CC(C)(O)c1cc(Nc2cc(Oc3cn(C4CC4)nc3C3CCOCC3)ccn2)ccn1,0.1560604
COc1ccc(-c2oc3cc(OC)ccc3c2C(=O)c2ccc(C#N)cc2)cc1,0.5406303
Cn1nccc1Nc1nccc(-c2cc3c(s2)C(C)(C)N(CCN2CCOCC2)C3=O)n1,0.35803273
Cc1cc(Nc2ccc(F)c(C[C@@]3(C(=O)O)CCN(Cc4cccc(Cl)c4F)[C@H](C)C3)n2)n[nH]1,0.4873337
CN1CCC(c2c[nH]c3ccc(NC(=O)c4ccc(F)cc4)cc23)CC1,0.0021999227
CN(C)[C@@H]1CCc2[nH]c3ccc(NC(=O)c4ccc(F)cc4)cc3c2C1,0.021680225
c1ccc(-c2n[nH]cc2-c2ccnc3ccccc23)nc1,0.04962722
CC(C)N1Cc2cc(S(C)(=O)=O)ccc2N(CCN2CC=C(c3c[nH]c4cc(F)ccc34)CC2)S1(=O)=O,0.058030773
CC(C)S(=O)(=O)NC[C@H](C)c1ccc(-c2ccc(C#N)cc2)cc1,0.25531518
C[C@H](NC(=O)[C@@H](O)c1cc(F)cc(F)c1)C(=O)N[C@@H]1C(=O)N(C)c2ccccc2-c2ccccc21,0.0012790546
CC(C)S(=O)(=O)NC[C@H](C)c1ccc(NC(=O)c2cc(F)cc(F)c2)cc1,0.00034334895
COc1ccc(Nc2ncnc3ccc(OC)cc23)cc1,0.0050746286
N=C(N=C(N)N)Nc1cccc(Cl)c1,0.0025446028
Oc1cccc(-c2c3nc(c(-c4cccc(O)c4)c4ccc([nH]4)c(-c4cccc(O)c4)c4ccc([nH]4)c(-c4cccc(O)c4)c4nc2C=C4)C=C3)c1,0.0046069734
CCCCCC(O)CCCC(=O)O,0.0003982334
CCCC(CCC)C(=O)NCc1ccc2c(cnn2-c2ccccc2OC)c1,0.12245997
Cc1cc(C)c(S(=O)(=O)Nc2cccc(C(F)(F)F)c2)c(C)c1,0.06506357
CN(C)c1ccc(C(=O)NCCCCCCC(=O)NO)cc1,0.0004389047
CC(C)Cc1ccc([C@@H](C)C(=O)NCCO)cc1,0.00019530099
CC(C)(C)NC[C@@H](O)c1cc(Cl)c(N)c(C(F)(F)F)c1,0.10562213
COc1cc(C[C@H](C)[C@H](C)Cc2ccc3c(c2)OCO3)ccc1O,7.6374596e-09
CCCNS(=O)(=O)Nc1ncnc(OCCOc2ncc(Br)cn2)c1-c1ccc(Br)cc1,0.09397492
CCCCS(=O)(=O)Nc1ncnc(OCCOc2ncc(Br)cn2)c1-c1ccc(Br)cc1,0.29242635
O=c1nc(N2CCN(CC3CCCCC3)CC2)sc2c([N+](=O)[O-])cc(C(F)(F)F)cc12,0.3362365
C[C@H]1[C@H](C)CC[C@]2(C(=O)O[C@@H]3O[C@H](CO[C@@H]4O[C@H](CO)[C@@H](O[C@@H]5O[C@@H](C)[C@H](O)[C@@H](O)[C@H]5O)[C@H](O)[C@H]4O)[C@@H](O)[C@H](O)[C@H]3O)CC[C@]3(C)C(=CC[C@@H]4[C@@]5(C)C[C@@H](O)[C@H](O)[C@@](C)(CO)[C@@H]5[C@H](O)C[C@]43C)[C@H]12,2.461093e-05
COc1ccc2c(C)nc(Nc3nc(=O)c(C)c(C)[nH]3)nc2c1,0.7244162
NCc1ccc(S(N)(=O)=O)cc1,0.003907042
C=CCc1ccc(O)c(-c2cc(CC=C)ccc2O)c1,0.0034360886
CCOC(=O)C[C@@H](SP(=S)(OC)OC)C(=O)OCC,0.0049447445
O=C(O)C[C@H](O)C(=O)O,0.00788235
CC(C)OC(=O)C(C(=O)OC(C)C)=C1SC=CS1,7.783777e-06
O=C(O)[C@H](O)[C@@H](O)[C@H](O[C@@H]1O[C@H](CO)[C@H](O)[C@H](O)[C@H]1O)[C@H](O)CO,7.178239e-05
O=C(O)[C@H](O)c1ccccc1,2.8510134e-05
Cc1nc(COP(=O)(O)O)cc2c1[O][Mn][O]c1c(cc(COP(=O)(O)O)nc1C)CN(CC(=O)O)CCN(CC(=O)O)C2,0.006447394
COC(=O)C1=C(C)NC(C)=C(C(=O)OCCN2CCN(C(c3ccccc3)c3ccccc3)CC2)[C@@H]1c1cccc([N+](=O)[O-])c1,7.8542296e-05
C#CCCC(=O)[C@@H](C#N)C(=O)Nc1ccc(C(F)(F)F)cc1,0.54890305
OC[C@@H](O)[C@@H](O)[C@H](O)[C@H](O)CO,0.5167072
CNCCC[C@]12CC[C@H](c3ccccc31)c1ccccc12,0.00243007
Cc1nnc(C(C)C)n1[C@@H]1C[C@H]2CC[C@@H](C1)N2CC[C@H](NC(=O)C1CCC(F)(F)CC1)c1ccccc1,1.1227445e-07
CN1CCN(c2c(F)cc3c(=O)c(C(=O)O)cn4c3c2OCN4C)CC1,0.29436085
CC(C)Nc1nc2cc(Cl)c(Cl)cc2n1[C@H]1O[C@@H](CO)[C@H](O)[C@@H]1O,0.008386986
CNC(=O)[C@@H](NC(=O)[C@H](CC(C)C)[C@H](O)C(=O)NO)C(C)(C)C,6.1377737e-06
COc1ccc(C(C)(C)C)cc1CN[C@H]1C2CCN(CC2)[C@H]1C(c1ccccc1)c1ccccc1,0.04442495
Cc1ccc(NC(=O)c2ccc(CN3CCN(C)CC3)cc2)cc1Nc1nc(-c2cccnc2)cs1,0.117364384
C[C@@H](Cc1ccc(O)c(O)c1)[C@@H](C)Cc1ccc(O)c(O)c1,4.3427588e-11
O=C1CCC[C@@H]2[C@H]3CCCN4CCC[C@@H](CN12)[C@@H]34,0.00011891355
CC(C)n1c(=O)cc(N[C@@H](C)c2ccccc2)[nH]c1=O,0.0071585677
CC(C)(O)c1ccccc1-c1ccc2nc(/C=C/c3ccc(C(F)(F)F)cc3)[nH]c2c1,0.28927448
COC(=O)N1CC[C@@H]2[C@H]1CCC[C@@]2(O)C#Cc1cccc(C)c1,0.0020183097
C=C1/C(=C\C=C2/CCC[C@]3(C)[C@@H]([C@H](C)OCCC(C)(C)O)CC[C@@H]23)C[C@@H](O)C[C@@H]1O,9.006216e-05
CCc1cnc(N2CCC(c3nc(COc4ccc(-n5cnnn5)cc4)cs3)CC2)nc1,0.01583381
Cc1ncc(COP(=O)(O)O)c(C=O)c1O,1.0558341e-05
CC(C)(O)c1coc(S(=O)(=O)NC(=O)Nc2c3c(cc4c2CCC4)CCC3)c1,0.0005933119
CSc1ccc([C@H]2CN3CCC[C@H]3c3ccccc32)cc1,0.0016395038
CC1(N2CCC(n3c([C@@H]4CCCNC4)nc4ccccc43)CC2)CCCCCCC1,5.953424e-06
Clc1cccc(N2CCNCC2)c1,3.4622994e-05
Cn1c(/C=C/C(=O)NO)ccc1/C=C/C(=O)c1cccc(F)c1,0.00039222647
C=C1C[C@]23C[C@@]1(O)CC[C@H]2[C@@]12C=C[C@H](O)[C@@](C)(C(=O)O1)[C@H]2[C@@H]3C(=O)O,9.4237505e-05
COc1cc(-n2c(=S)[nH]c3ccccc3c2=O)c(Cl)cc1Cl,0.2203709
O[C@H](c1ccccc1)C1CCN(CCc2ccccc2)CC1,0.0020018457
Cn1c(-c2ccccc2)nnc1S(C)(=O)=O,0.11983222
O=C(O)CCc1c(C(=O)O)[nH]c2cc(Cl)cc(Cl)c12,0.012466092
O=C1CC2(CCCC2)CC(=O)N1CCCCNC[C@H]1COc2ccccc2O1,0.00023268328
O=C1CC2(CCCC2)CC(=O)N1CCNC[C@H]1COc2ccccc2O1,0.0001404378
CS(=O)(=O)OCOS(C)(=O)=O,4.574781e-05
C[C@H](NC(=O)CCc1nc(=O)c2ccccc2[nH]1)c1ccccc1,0.0005208481
COC(=O)Nc1nc2ccc(C(=O)c3ccccc3)cc2[nH]1,0.0065022428
CCN(CCCCOC(=O)c1ccc(OC)c(OC)c1)[C@@H](C)Cc1ccc(OC)cc1,0.0029895098
CN1CCc2c(c3ccccc3n2Cc2ccccc2)C1,0.021976924
CN1C(=O)N(C)C2C1N(C)C(=O)N2C,0.03810705
Cc1cc(C)c(NC(=O)CN(CC(=O)O)CC(=O)O)c(C)c1Br,0.0062654978
CNC1(C)C2CCC(C2)C1(C)C,0.0017772585
CCOC(=O)c1c(C)n(C)c2ccc(O)cc12,0.0002245266
COc1cccc(OC)c1-c1cc(C(=O)NC2(C(=O)O)C3CC4CC(C3)CC2C4)nn1-c1ccnc2cc(Cl)ccc12,0.82978904
Cc1cccc(CN2CCN([C@@H](c3ccccc3)c3ccc(Cl)cc3)CC2)c1,0.014157677
C=C1c2c(Cl)ccc(O)c2C(=O)C2=C(O)[C@]3(O)C(O)=C(C(N)=O)C(=O)[C@@H](N(C)C)[C@@H]3[C@@H](O)[C@H]12,0.9959449
Cc1ccc(Cl)c(Nc2ccccc2C(=O)O)c1Cl,0.03177095
CN(C)CCOC(=O)COc1ccc(Cl)cc1,0.00047253113
COC(=O)[C@@H](N)CS,1.1658737e-08
Cc1cccc([C@@H](C)c2cnc[nH]2)c1C,2.7928283e-05
CC(C)(CCCCCCCCCCC(C)(C)CC(=O)O)CC(=O)O,0.045926213
Cc1nccc2[nH]c(=O)ccc12,0.00043596353
O=P(O)(O)CP(=O)(O)O,1.4175799e-08
CC(=O)[C@@]1(O)CC[C@H]2[C@@H]3C[C@H](C)C4=CC(=O)CC[C@]4(C)[C@H]3CC[C@@]21C,0.124645464
CC(=O)O[C@]1(C(C)=O)CC[C@H]2[C@@H]3C[C@H](C)C4=CC(=O)CC[C@]4(C)[C@H]3CC[C@@]21C,0.026724912
CC(=O)[C@H]1CC[C@H]2[C@@H]3C[C@H](C)C4=CC(=O)CC[C@]4(C)[C@H]3[C@@H](O)C[C@]12C,0.0013109628
Cc1cccc(Nc2ccccc2C(=O)O)c1C,0.015265363
CCN(CC)CCNC(=O)COc1ccc(OC)cc1,4.1942487e-05
O[C@@H](c1cc(C(F)(F)F)nc2c(C(F)(F)F)cccc12)[C@H]1CCCCN1,0.00014997377
CC(=O)[C@@]1(O)CC[C@H]2[C@@H]3C=C(C)C4=CC(=O)CC[C@]4(C)[C@H]3CC[C@@]21C,0.047187522
CC(=O)O[C@]1(C(C)=O)CC[C@H]2[C@@H]3C=C(C)C4=CC(=O)CC[C@]4(C)[C@H]3CC[C@@]21C,0.0145511255
COc1ccc(Cl)cc1C(=O)NCCc1ccc(C(=O)O)cc1,0.1966096
CNC[C@H](O)[C@@H](O)[C@H](O)[C@H](O)CO,0.10421167
CC(O)(CC(=O)O)CC(=O)O,0.00029033158
CN1C(=O)/C(=C2/C(=O)Nc3ccccc32)c2ccccc21,0.1251321
N#CC(C(=N)Sc1ccc(N)cc1)c1ccccc1C(F)(F)F,0.00575032
CCCC[C@H](NC(C)=O)C(=O)N[C@H]1CC(=O)NCCCC[C@@H](C(N)=O)NC(=O)[C@H](Cc2c[nH]c3ccccc23)NC(=O)[C@H](CCCNC(=N)N)NC(=O)[C@@H](Cc2ccccc2)NC(=O)[C@H](Cc2cnc[nH]2)NC1=O,0.19263855
COc1ccc2[nH]cc(CCNC(C)=O)c2c1,0.002061346
C[N+](C)(C)NCCC(=O)O,0.00065238023
C=C1C[C@H]2[C@H]3C=C(C)C4=CC(=O)CC[C@]4(C)[C@@H]3CC[C@]2(C)[C@@]1(OC(C)=O)C(C)=O,0.76788706
COC(=O)[C@@H](N)Cc1ccc(O)c(O)c1,2.5678037e-10
Cc1cnc(NC(=O)C2=C(O)c3ccccc3S(=O)(=O)N2C)s1,0.20728786
CC1CCN(CCCC(=O)c2ccc(F)cc2)CC1,0.013253368
N[C@@H](Cc1ccc(N(CCCl)CCCl)cc1)C(=O)O,0.1003889
N[C@@H](Cc1ccc([N+]([O-])(CCCl)CCCl)cc1)C(=O)O,0.112554334
CC(C)(C)NC[C@@H](O)c1ccc(O)cc1Cl,0.011271636
C[C@]12C[C@@H]3C[C@](C)(C1)C[C@@](N)(C3)C2,0.031716287
CC1=CC(=O)c2ccccc2C1=O,1.746486e-05
C[C@@]1(S(=O)(=O)O)CC(=O)c2ccccc2C1=O,0.0075450307
CC(C)=CCC/C(C)=C/CC/C(C)=C/CC/C(C)=C/CC1=C(C)C(=O)c2ccccc2C1=O,0.0068722903
COc1ccc(C(=O)CCC(=O)O)c2ccccc12,0.017326893
CCN(CC)CCC[C@@H](C)Nc1c2ccc(Cl)cc2nc2ccc(OC)cc12,0.009080733
C#CC(C)(O)CC,2.1249636e-05
CN1CCC[C@@H](CN2c3ccccc3Sc3ccccc32)C1,0.0026558202
C[N+]1(C)CCC[C@H](OC(=O)C(O)(c2ccccc2)c2ccccc2)C1,0.0015725177
Cc1ccccc1OC[C@@H](O)CO,3.0466295e-05
CNC(C)(C)Cc1ccccc1,2.7853517e-05
CC[C@@]1(c2ccccc2)NC(=O)N(C)C1=O,0.00014363519
[O-][n+]1cccc(CO)c1,0.0021048167
Cc1cccc(C)c1NC(=O)[C@H]1CCCCN1C,0.0747458
C[C@H]1C[C@H]2[C@@H]3CCC4=CC(=O)C=C[C@]4(C)[C@H]3C(=O)C[C@]2(C)[C@@]1(O)C(=O)CO,0.009241521
CCCNC(C)(C)COC(=O)c1ccccc1,1.9997906e-06
CC[C@@]1(c2cccc(O)c2)CCCCN(C)C1,0.009601216
COc1ccc(CN(CCN(C)C)c2ccccn2)cc1,0.004058141
COc1ccc(O)cc1,3.1985255e-05
O=C(Nc1ccccc1)c1c(O)[nH]c(=S)[nH]c1=O,0.28730336
O=C(O)c1ccccc1-c1c2cc(Br)c(=O)cc-2oc2[c]([Hg][OH])c(O)c(Br)cc12,0.12814851
S=c1nc[nH]c2nc[nH]c12,0.0022799943
O=C(O)C[C@@H](S)C(=O)O,0.0171597
CC(=O)Nc1ccc(C(=O)Nc2cc(-c3cccs3)ccc2N)cc1,0.00039883726
CC(C)C(=O)OC[C@H]1O[C@@H](n2ccc(N)nc2=O)[C@](C)(F)[C@@H]1OC(=O)C(C)C,0.38607448
COc1cc(NC(=O)Nc2cccc(CNC(=O)O[C@H]3CCOC3)c2)ccc1-c1cnco1,0.043558706
C[C@@H](O)[C@H]1C(=O)N2C(C(=O)O)=C(S[C@@H]3CN[C@H](C(=O)N(C)C)C3)[C@H](C)[C@H]12,0.9998789
COc1cc2cc(c1Cl)N(C)C(=O)C[C@H](OC(=O)[C@H](C)N(C)C(=O)CCS)[C@]1(C)O[C@H]1[C@H](C)[C@@H]1C[C@@](O)(NC(=O)O1)[C@H](OC)/C=C/C=C(\C)C2,0.9761244
Nc1ccc(O)c(C(=O)O)c1,0.00996601
O=S(=O)(O)CCS,6.4208743e-06
CN1CCCC[C@@H]1CCN1c2ccccc2Sc2ccc([S@@](C)=O)cc21,1.4298739e-05
CN(C)C(=O)Oc1ccc[n+](C)c1,0.004030431
C#C[C@]1(O)CC[C@H]2[C@@H]3CCc4cc(OC)ccc4[C@H]3CC[C@@]21C,0.0016809041
CN1C[C@@H](NS(=O)(=O)N(C)C)C[C@@H]2c3cccc4c3c(cn4C)C[C@H]21,0.0011949405
CC(=O)Oc1cccc(C)c1,0.00038767603
CC(=O)Nc1cccc(O)c1,9.46471e-05
Cc1cccc(O)c1,0.0004732576
CN1c2c([nH]c(N)nc2=O)NC[C@@H]1CNc1ccc(C(=O)N[C@@H](CCC(=O)O)C(=O)O)cc1,0.0018954508
Cc1c(N(C)CS(=O)(=O)O)c(=O)n(-c2ccccc2)n1C,1.1949905e-06
S=C=Nc1cccc(C2(N3CCCCC3)CCCCC2)c1,0.00043421987
CC(C)NC[C@@H](O)c1cc(O)cc(O)c1,0.1184359
C[C@H](N)[C@H](O)c1cccc(O)c1,0.016300658
Nc1nccc(Oc2ccc(NC(=O)c3c[nH]cc(-c4ccc(F)cc4)c3=O)cc2F)c1Cl,0.88493943
Cc1cc(C)cc(OC[C@H]2CNC(=O)O2)c1,0.0016497775
COc1cc2nc(N3CCN(C(=O)[C@H](C)OC)CC3)nc(N)c2cc1OC,0.89025646
CSCC[C@@H](NC(=O)[C@@H](Cc1ccccc1)NC(=O)CNC(=O)CNC(=O)[C@@H](N)Cc1ccc(O)cc1)C(=O)O,0.004394748
CN1C[C@H](CNC(=O)OCc2ccccc2)C[C@@H]2c3cccc4c3c(cn4C)C[C@H]21,0.0056887944
CN(C)C(=N)N=C(N)N,0.002351043
CC(=O)O[C@@H](C)C[N+](C)(C)C,5.8291066e-06
C=C1c2cccc(O)c2C(=O)[C@@H]2C(=O)[C@]3(O)C(=O)[C@@H](C(N)=O)C(=O)[C@@H](N(C)C)[C@@H]3[C@@H](O)[C@H]12,0.5270501
CS(=O)(=O)F,0.00013474714
CC[N+](C)(CC)CCOC(=O)C1c2ccccc2Oc2ccccc21,0.0010433552
CN(C)CCN(Cc1cccs1)c1ccccn1,0.013515595
CCC1(CC)C(=O)NC(=O)N(C)C1=O,6.290072e-05
CC(=O)N=c1sc(S(N)(=O)=O)nn1C,0.0015526045
C1N2CN3CN1CN(C2)C3,1.2457585e-17
COC(=O)Nc1nc2ccc(SC(C)C)cc2[nH]1,0.0034366846
COc1cccc(OC)c1C(=O)N[C@@H]1C(=O)N2[C@@H]1SC(C)(C)[C@@H]2C(=O)O,0.6596174
Cn1cc[nH]c1=S,0.0008067641
CSCC[C@@H](N)C(=O)O,0.1070744
CC(=O)SCCC(=O)N1[C@H](C)CCC[C@@H]1C(=O)O,0.003237865
COc1ccccc1OC[C@@H](O)COC(N)=O,4.8667937e-07
COC(C)(C)CCC[C@H](C)C/C=C/C(C)=C/C(=O)OC(C)C,0.00033356927
CN(Cc1cnc2nc(N)nc(N)c2n1)c1ccc(C(=O)N[C@@H](CCC(=O)O)C(=O)O)cc1,0.926315
COc1ccc(OC)c(C(O)C(C)N)c1,0.0007254933
COc1c2occc2cc2ccc(=O)oc12,0.18285508
CON,1.6424721e-05
COC(F)(F)C(Cl)Cl,4.3854475e-06
CN[C@@H](C)Cc1ccccc1OC,2.0222918e-05
C[N+]1(C)[C@@H]2C[C@@H](OC(=O)[C@H](CO)c3ccccc3)C[C@H]1[C@@H]1O[C@@H]12,0.0002206379
CN1C(=O)C[C@](C)(c2ccccc2)C1=O,7.462779e-05
CN1[C@@H](CCl)Nc2cc(Cl)c(S(N)(=O)=O)cc2S1(=O)=O,0.34207606
COC(=O)CCC(=O)CN,7.161878e-05
COC(=O)c1cccnc1,0.00022133216
COC(=O)c1ccccc1O,0.00015367226
C[N+]1(C)[C@@H]2CC[C@H]1C[C@@H](OC(=O)[C@@H](CO)c1ccccc1)C2,0.00028009585
CC[N+](C)(CC)CCOC(=O)C(O)(c1ccccc1)c1ccccc1,8.748523e-05
Cc1cc(C(C)(C)CC(C)(C)C)ccc1OCCOCC[N+](C)(C)Cc1ccccc1,0.018057445
[CH3][Co+][N]1/C2=C(/C)C3=N/C(=C/C4=N/C(=C(/C)C5=N[C@@](C)([C@@H]1[C@H](CC(N)=O)[C@@]2(C)CCC(=O)NC[C@@H](C)OP(=O)(O)O[C@H]1[C@@H](O)[C@@H](n2cnc6cc(C)c(C)cc62)O[C@@H]1CO)[C@@](C)(CC(N)=O)[C@@H]5CCC(N)=O)[C@@](C)(CC(N)=O)[C@@H]4CCC(N)=O)C(C)(C)[C@@H]3CCC(N)=O,0.99520963
C[C@](N)(Cc1ccc(O)c(O)c1)C(=O)O,0.0050756307
CCOC(=O)[C@@](C)(N)Cc1ccc(O)c(O)c1,1.2419588e-08
CN(C)c1ccc2nc3ccc(=[N+](C)C)cc-3sc2c1,0.006960677
CC[C@@H](CO)NC(=O)[C@@H]1C=C2c3cccc4[nH]cc(c34)C[C@H]2N(C)C1,9.7221155e-06
CCN1C[C@]2(COC(=O)c3ccccc3N3C(=O)C[C@H](C)C3=O)CC[C@H](OC)[C@@]34[C@@H]5C[C@H]6[C@H](OC)[C@@H]5[C@](O)(C[C@@H]6OC)[C@@](O)([C@@H](OC)[C@H]23)[C@@H]14,0.0006747803
C[N@+]1(CC2CC2)CC[C@]23c4c5ccc(O)c4O[C@H]2C(=O)CC[C@@]3(O)[C@H]1C5,0.016143965
COC(=O)c1ccc(O)cc1,0.00029413012
C[C@H]1C[C@@H]2[C@H]([C@@H](O)C[C@@]3(C)[C@H]2CC[C@]3(O)C(=O)CO)[C@@]2(C)C=CC(=O)C=C12,0.97109085
CCC(=O)O[C@]1(C(=O)COC(C)=O)CC[C@H]2[C@@H]3C[C@H](C)C4=CC(=O)C=C[C@]4(C)[C@H]3[C@@H](O)C[C@@]21C,0.33556193
C[C@H]1C[C@@H]2[C@H]([C@@H](O)C[C@@]3(C)[C@H]2CC[C@]3(O)C(=O)COC(=O)CCC(=O)O)[C@@]2(C)C=CC(=O)C=C12,0.8672532
Cc1cc(=O)[nH]c(=S)[nH]1,0.007060465
CC[C@@H](CO)NC(=O)[C@@H]1C=C2c3cccc4c3c(cn4C)C[C@H]2N(C)C1,0.00014360795
Cc1cc2c(cc1S(N)(=O)=O)S(=O)(=O)CCC2,0.033196233
CC(=O)Oc1c(C)cc(OC[C@H](O)CNC(C)C)c(C)c1C,0.031590525
C[C@](N)(Cc1ccc(O)cc1)C(=O)O,0.03126297
CSc1ccc2c(c1)[C@H](N1CCN(C)CC1)Cc1ccccc1S2,0.06047069
CN1CCC[C@@H](CC2c3ccccc3Sc3ccccc32)C1,0.008869607
CCN(CC)CCNC(=O)c1cc(Cl)c(N)cc1OC,0.0012037933
COc1ccc2cc1Oc1cc3c(cc1OC)CC[N+](C)(C)[C@H]3Cc1ccc(cc1)Oc1c(OC)c(OC)cc3c1[C@@H](C2)[N+](C)(C)CC3,0.01219453
Cc1ccccc1N1C(=O)c2cc(S(N)(=O)=O)c(Cl)cc2N[C@@H]1C,0.30509955
COCCc1ccc(OC[C@@H](O)CNC(C)C)cc1,0.0016749771
COc1ccccc1OC(=O)[C@@H](C)c1ccc(CC(C)C)cc1,0.0038933575
COP(=O)(OC)[C@@H](O)C(Cl)(Cl)Cl,1.519832e-08
CC(=O)Nc1c(I)c(C(=O)N[C@@H]2[C@@H](O)[C@H](O)[C@@H](CO)O[C@@H]2O)c(I)c(N(C)C(C)=O)c1I,0.055829868
CC(=O)Nc1c(I)c(C(=O)O)c(I)c(N(C)C(C)=O)c1I,0.022659868
Cc1ncc([N+](=O)[O-])n1CCO,0.052311376
CC(C)(C(=O)c1cccnc1)c1cccnc1,0.038075626
CC[C@H](C)C(=O)O[C@H]1CCC=C2C=C[C@H](C)[C@H](CC[C@@H]3C[C@@H](O)CC(=O)O3)[C@H]21,0.27093282
COc1ccc(C(=O)c2ccc(C)cc2)c(O)c1,0.12083417
Cc1cccc(C)c1OC[C@@H](C)N,7.85999e-06
CC1(C)S[C@H]2[C@@H](NC(=O)[C@@H](NC(=O)N3CCN(S(C)(=O)=O)C3=O)c3ccccc3)C(=O)N2[C@@H]1C(=O)O,0.8338199
C[C@@H](NC(=O)CCc1nc(=O)c2ccccc2[nH]1)c1ccccc1,0.00025123922
O=C1C[C@@H](c2ccc(O)cc2)Oc2cc(O)ccc21,0.001298253
CC(C)C[C@@H](C=O)NC(=O)[C@H](CC(C)C)NC(=O)[C@H](CC(C)C)NC(=O)OCc1ccccc1,0.0035895158
CC[N+](CC)(CC)CCOc1ccc(/C=C/c2ccccc2)cc1,0.0018253312
Cn1cnc(-c2cc3nccc(Oc4ccc(NC(=S)NC(=O)Cc5ccccc5)cc4F)c3s2)c1,0.8483394
CC(=O)NCCNc1cc(Cl)nn2c(-c3cccc(S(=O)(=O)N(C)C)c3)c(C)nc12,0.00022159632
CN1CCN2c3ccccc3Cc3ccccc3C2C1,0.0017035615
CC(C)S(=O)(=O)NC[C@H](C)c1ccc(-c2ccc(CCNS(C)(=O)=O)cc2)cc1,0.054833747
COCC(=O)O[C@]1(CCN(C)CCCc2nc3ccccc3[nH]2)CCc2cc(F)ccc2[C@@H]1C(C)C,0.0003453643
CCCCCOc1ccc(-c2cc(-c3ccc(C(=O)N[C@H]4C[C@@H](O)[C@@H](O)NC(=O)[C@@H]5[C@@H](O)[C@@H](C)CN5C(=O)[C@H]([C@H](O)CC(N)=O)NC(=O)[C@H]([C@H](O)[C@@H](O)c5ccc(O)c(OS(=O)(=O)O)c5)NC(=O)[C@@H]5C[C@@H](O)CN5C(=O)[C@H]([C@@H](C)O)NC4=O)cc3)no2)cc1,0.9352445
Clc1ccc(CO[C@@H](Cn2ccnc2)c2ccc(Cl)cc2Cl)c(Cl)c1,0.041109353
CNC[C@@H]1CC[C@@H](N)[C@@H](O[C@H]2[C@H](O)[C@@H](O[C@H]3OC[C@](C)(O)[C@H](NC)[C@H]3O)[C@H](N)C[C@@H]2N)O1,0.42865264
O=C(O)[C@H]1CN(C/C=C/P(=O)(O)O)CCN1,0.026455093
CCC(=O)O[C@@H]1CC(=O)O[C@H](C)C/C=C/C=C/[C@H](O)[C@H](C)C[C@H](CC=O)[C@H](O[C@@H]2O[C@H](C)[C@@H](O[C@H]3C[C@@](C)(O)[C@@H](OC(=O)CC)[C@H](C)O3)[C@H](N(C)C)[C@H]2O)[C@H]1OC,0.98807526
COc1ccc(OC)c([C@@H](O)CNC(=O)CN)c1,5.0275585e-06
CO[C@@H]1[C@H](N(C)C(=O)c2ccccc2)C[C@H]2O[C@]1(C)n1c3ccccc3c3c4c(c5c6ccccc6n2c5c31)C(=O)NC4,0.58416504
CC#C[C@]1(O)CC[C@H]2[C@@H]3CCC4=CC(=O)CCC4=C3[C@@H](c3ccc(N(C)C)cc3)C[C@@]21C,0.011397301
COP(=O)(OC)O[C@@H](c1ccc(Cl)cc1)P(=O)(OC)OC,8.599585e-08
OCCN1C[C@H](O)[C@@H](O)[C@H](O)[C@H]1CO,1.5935617e-05
CCCCN1C[C@H](O)[C@@H](O)[C@H](O)[C@H]1CO,6.1930376e-05
CCCCCNCC(N)=O,2.0370526e-05
CC1(C)CCC2(CC1)N[C@@H](C(=O)N[C@@H]1CC[C@@H](C(N)=O)OC1)[C@H](c1ccnc(Cl)c1F)[C@]21C(=O)Nc2cc(Cl)ccc21,0.97636014
CCN(CC)C(=O)[C@@]1(c2ccccc2)C[C@H]1CN,4.7202895e-05
Cc1[nH]c(=O)c(C#N)cc1-c1ccncc1,0.45571923
CCCCCCCCCCCCCCCCOP(=O)(O)OCC[N+](C)(C)C,0.108403906
N[C@@H](Cn1ccc(=O)c(O)c1)C(=O)O,0.10169013
Cc1cc(-c2ccccc2)nnc1NCCN1CCOCC1,0.063563466
CCCCCCCC/C=C\CCCCCC[C@@H](O)C(=O)O,0.1747634
CN(C)c1ccc(O)c2c1C[C@H]1C[C@H]3[C@H](N(C)C)C(=O)[C@@H](C(N)=O)C(=O)[C@@]3(O)C(=O)[C@H]1C2=O,0.98149186
O=P(O)(O)C(O)(Cc1cnc2ccccn12)P(=O)(O)O,1.3123476e-06
Nc1cc(N2CCCCC2)nc(N)[n+]1[O-],0.0010628606
CCC(=O)O[C@@H]1CC(=O)O[C@H](C)C/C=C/C=C/[C@H](OC(C)=O)[C@H](C)C[C@H](CC=O)[C@H](O[C@@H]2O[C@H](C)[C@@H](O[C@H]3C[C@@](C)(OC(C)=O)[C@@H](OC(=O)CC)[C@H](C)O3)[C@H](N(C)C)[C@H]2O)[C@H]1OC,0.9874697
CCC(=O)OCN1C(=O)C=CC1=O,4.969297e-05
Nc1nc(CC(=O)Nc2ccc(CCNC[C@H](O)c3ccccc3)cc2)cs1,0.00022267034
O=C(O)[C@H]1CCCN1C(=O)CCCCC(=O)N1CCC[C@@H]1C(=O)O,0.003385876
NC1=NC(=O)/C(=C/c2ccc(O)cc2)S1,0.0007243386
CCCCCCCCCCCCCC(=O)O,0.014250651
CCCOc1ccc(S(=O)(=O)N2CCN(CCO)CC2)cc1-c1nc2c(CCC)cn(CC)c2c(=O)[nH]1,0.5954074
CCC1=C[C@@H]2[C@H](C1)C[C@]2(CN)CC(=O)O,0.021903552
CN1CCN2c3ncccc3Cc3ccccc3[C@@H]2C1,0.0047070854
COC[C@@H](O)Cn1ccnc1[N+](=O)[O-],4.6607386e-07
CCCCC(C)(O)C/C=C/[C@H]1[C@H](O)CC(=O)[C@@H]1CCCCCCC(=O)OC,2.6944288e-05
O=C(c1ccc(NS(=O)(=O)c2cccc3cccnc23)cc1)N1CCN(CC2CC2)CC1,0.030330483
O=C(O)[C@H](CC(=O)N1C[C@H]2CCCC[C@H]2C1)Cc1ccccc1,0.08636826
O=C(O)Cc1cccc2c(=O)cc(-c3ccccc3)oc12,0.17017
CO[C@@]12[C@H](COC(N)=O)C3=C(C(=O)C(C)=C(N)C3=O)N1C[C@@H]1N[C@@H]12,0.998444
COC1=C(OC)C(=O)C(CCCCCCCCCC[P+](c2ccccc2)(c2ccccc2)c2ccccc2)=C(C)C1=O,0.46617752
Clc1ccc([C@@H](c2ccccc2Cl)C(Cl)Cl)cc1,0.008975027
O=C1c2c(O)ccc(O)c2C(=O)c2c(NCCNCCO)ccc(NCCNCCO)c21,0.011446512
COc1cc2c(cc1OC)[C@@H](Cc1cc(OC)c(OC)c(OC)c1)[N@@+](C)(CCCOC(=O)CC/C=C/CCC(=O)OCCC[N@+]1(C)CCc3cc(OC)c(OC)cc3[C@H]1Cc1cc(OC)c(OC)c(OC)c1)CC2,0.014961485
CCS(=O)(=O)Nc1ccc(Oc2ccc(F)cc2F)c(-c2cn(C)c(=O)c3[nH]ccc23)c1,0.054762296
CCOC(=O)Nc1cc2c(c(N)n1)NC(c1ccccc1)C(C)=N2,0.002153292
Nc1ncnc2c1ncn2[C@@H]1O[C@@H]2CO[P@@](=O)(S)O[C@@H]3[C@H](O)[C@@H](CO[P@@](=O)(S)O[C@H]2[C@H]1O)O[C@H]3n1cnc2c(N)ncnc21,0.024434937
CN(c1nc(=O)cc[nH]1)C1CCN(c2nc3ccccc3n2Cc2ccc(F)cc2)CC1,0.31412306
NC(=O)C1N=CN([C@@H]2O[C@H](CO)[C@@H](O)[C@H]2O)C1=O,0.00015698055
Cc1c(C(=O)NCc2cccnc2)nn(-c2ccc(Cl)cc2Cl)c1-c1ccc(Cl)cc1,0.014546881
C1Cc2[nH]nc(-c3nn[nH]n3)c2C1,0.00029098586
O=C1O[C@]2(CC[C@@H](C(=O)Nc3ccn(-c4ccccc4F)n3)CC2)c2cnccc21,0.30094165
C[C@@]1(O)[C@H](O)[C@@H](CO)O[C@H]1n1ccc2c(N)ncnc21,0.0004614213
O=C(O)CC[C@H]1CC[C@@](c2cc(F)ccc2F)(S(=O)(=O)c2ccc(Cl)cc2)CC1,0.051770404
CN1C(=O)C(F)=C[C@]2(C)[C@H]3CC[C@]4(C)[C@@H](C(=O)NCc5nc6ncccc6[nH]5)CC[C@H]4[C@@H]3CC[C@@H]12,0.0036701353
CO[C@@H]1COCC[C@@H]1N[C@@H]1CC[C@@](C(=O)N2CCc3ncc(C(F)(F)F)cc3C2)(C(C)C)C1,0.64948165
COc1ccc2cc(-c3cc(-c4cc(Cl)cc(Cl)c4)nn3[C@@H](C)c3ccc(C(=O)NCCC(=O)O)cc3)ccc2c1,0.30895805
COc1ccc(CNC(=O)c2cc(-c3cncc(Cl)c3)cnc2-c2ccccn2)nc1OC,0.7151569
C=CCn1c(=O)c2cnc(Nc3ccc(N4CCN(C)CC4)cc3)nc2n1-c1cccc(C(C)(C)O)n1,0.016330803
O=C(O)c1n[nH]c2c1C[C@H]1C[C@@H]21,0.21147472
CCN1C[C@H](C)n2c(c(O)c3c(=O)n(Cc4ccc(F)c(Cl)c4)nc(C(=O)NC)c32)C1=O,0.308841
NC1(c2ccc(-c3nc4ccn5c(=O)[nH]nc5c4cc3-c3ccccc3)cc2)CCC1,0.78054684
FC(F)(F)c1ccc(Nc2ncnc3cc(-c4ncccc4C(F)(F)F)ccc23)cc1,0.0070610805
CN(C[C@@H]1COCCO1)S(=O)(=O)Nc1ccc2ccc3ncc(-c4cnn(C)c4)cc3c(=O)c2c1,0.46163836
Cc1sc(C)c(C(=O)NC2(c3ccc(C(=O)O)cc3)CC2)c1Cc1ccc(C(F)(F)F)cc1,0.6334887
O=C(CN1C(=O)C2(CCCC2)NC[C@H]1c1cc(F)cc(F)c1)Nc1ccc2c(c1)C[C@@]1(C2)C(=O)Nc2ncccc21,0.97137254
COc1ccc(CNC(=O)c2cc(-c3cncc(C)c3)ncc2-c2nccs2)nc1OC,0.87015074
COc1cc(C(=O)N2CCC3(CC2)CC(=O)c2cc(-c4cncc(C(=O)O)c4)ccc2O3)cc2c1c(C)cn2C1CC1,0.6137025
O[C@@](Cc1ncc(CC2(C(F)(F)F)CC2)[nH]1)(c1ccc(-n2cccn2)cc1)C(F)(F)F,0.003731761
O=C(O)[C@]1(Cc2cccc(Nc3nccs3)n2)CC[C@@H](Oc2cccc(Cl)c2F)CC1,0.5885662
CN(C)C(=O)CCS[C@@H](SCCC(=O)O)c1cccc(/C=C/c2ccc3ccc(Cl)cc3n2)c1,0.06962213
Cc1ccc(-c2ncccn2)c(C(=O)N2C[C@H](COc3ccc(F)cn3)CC[C@H]2C)c1,0.15489681
CN([C@@H]1CCc2c(CC(=O)O)c3ccccc3n2C1)S(=O)(=O)c1ccc(F)cc1,0.027317833
Cc1ccc(Cc2cc3c(=O)n([C@H]4CCCC[C@@H]4O)cnc3c3ccccc23)cn1,0.0002331503
Cn1cc(-c2cnc3ccc4ccc(CS(=O)(=O)NCc5ccccn5)cc4c(=O)c3c2)cn1,0.46414557
O=C(O)Cn1nnc(-c2cc(N3CCC(Oc4cc(F)ccc4Br)CC3)no2)n1,0.004344431
COc1ccc(C(NC(=O)c2cnc(-c3cccnn3)nc2O)c2ccc(OC)cc2)cc1,0.28689417
O=C(c1cccc(Cl)c1F)N1CCN(Cc2cccc(Nc3nccs3)n2)CC1,0.5783003
CC(C)c1ccc2c(c1)c(SC(C)(C)C)c(CC(C)(C)C(=O)O)n2Cc1ccc(Cl)cc1,0.65183693
CC(C)c1ccc(CC(=O)N[C@H](C)c2ccc(OCC(F)(F)F)cn2)cc1,0.0052917874
CCn1c(=O)/c(=C2\Sc3ccccc3N2C)s/c1=C/c1cccc[n+]1CC,0.9849567
O=C(c1ccc(-c2ccc(Cl)cc2)o1)N(Cc1ccccn1)c1ccc(N2CCNCC2)cc1,0.50080353
CC(C)n1nc(-c2ccc3oc(N)nc3c2)c2c(N)ncnc21,0.00034827425
Nc1nc2cc(-c3ccc4ncc(C(=O)N5CCOCC5)n4c3)ccc2o1,0.0036584798
C[C@@H](NC(=O)c1ncnc(N)c1Cl)c1ncc(C(=O)Nc2cc(C(F)(F)F)c(Cl)cn2)s1,0.29718643
O=C(O)c1ccc(Nc2ncc3c(n2)-c2ccc(Cl)cc2C(c2c(F)cccc2F)=NC3)cc1,0.17265521
CC(C)C[C@H](NC(=O)CNC(=O)c1cc(Cl)ccc1Cl)B1OC(=O)C(CC(=O)O)(CC(=O)O)O1,0.03887685
COc1cc(N)c(Cl)cc1C(=O)OCCN1CCCCC1,0.0025594353
Cc1ccc(S(=O)(=O)n2c(N)nc3ccccc32)cc1,0.013482741
COc1ccc(CNCc2cccc3ccccc23)cc1,0.0005287651
COc1ccc([C@H]2CC(c3ccccc3)=NN2c2ccc(S(N)(=O)=O)cc2)cc1,0.29513824
CCCC(=O)Nc1cccc(NC(=O)c2ccccc2Br)c1,0.0004635643
Cc1ccc(CNc2ncnc3ccc(-c4ccc(CO)o4)cc23)o1,0.32794785
O=c1cc(N2CCN(c3cccc(C(F)(F)F)c3)CC2)[nH]c(=O)n1C1CCCCC1,0.028929973
Cc1cc(C)c2nc(-c3ccccn3)cc(C(=O)Nc3ccc(S(=O)(=O)Nc4onc(C)c4C)cc3)c2c1,0.9976037
Cc1cc(N2CCCCC2)nc2ccccc12,0.0008209144
Cc1cc(C)c(NC(=O)[C@@H]2C[C@H]3CC[C@@H]2C3)c(C)c1,0.011587249
CC(C)(C)CCN1C[C@@H]2[C@@H](CNC(=O)c3cc(Cl)cc(Cl)c3)[C@@H]2C1,0.8098836
c1ccc(-c2ccc(CNc3nc(-c4ccccn4)nnc3-c3ccccc3)cc2)cc1,0.09408152
COc1ccc(-c2csc(NC(=O)[C@H]3CCCCN3S(=O)(=O)c3ccc(C)cc3)n2)cc1,0.73563564
CC(C)c1ccc(NC(=O)c2cccs2)c(-c2nc3ccccc3[nH]c2=O)c1,0.37571916
Cc1cc(NC(=O)Nc2ccc(F)c(F)c2)n(-c2ccccc2)n1,0.06370963
O=C(NCCN1CCC2(CC1)C(=O)NCN2c1cccc(F)c1)c1ccc(F)c(F)c1,0.05498603
COc1cc2nc(C3CC3)nc(N3CCN(c4ccccc4OC)CC3)c2cc1OC,0.012221158
Cc1cnc(-c2ccccc2C(C)C)nc1NCc1ccc(-n2ccnn2)cc1,0.7093231
CN(C)CCCNC(=O)c1ccc(-c2cc(O)c3ncccc3c2)cc1,0.12530519
CSc1nc(-c2ccnc(N[C@@H](C)c3ccccc3)c2)c(-c2ccc(F)cc2)[nH]1,0.15611716
COc1ccc(-c2cnc3c(-c4cccc5ncccc45)cnn3c2)cc1,0.0014296174
O=C(CN1CCN(C(=O)c2ccco2)CC1)Nc1cc(C(F)(F)F)ccc1Cl,0.056452584
COc1ccccc1C(=O)Nc1cccc(NC(=O)c2cccc(C)c2)c1,0.0023780817
CC(C)(N)c1cc(C(=O)N[C@@H]2CCc3ccc(Oc4ccnc5c4CCC(=O)N5)cc3C2)cc(C(F)(F)F)c1,0.987376
O=S(=O)(c1cccc2c(Cl)cccc12)N1CCCNCC1,0.5226128
CCC(CC)(NC(=O)C(C)C)C(=O)N[C@@H](CCCNC(=N)N)C(=O)NC1(C(=O)NC(c2ccc(F)cc2)c2ccc(F)cc2)CCCC1,0.0010586128
CC1(C)CCC(C)(C)c2cc(C3(c4ccc5cc(C(=O)O)ccc5c4)SCCS3)ccc21,0.5234513
O=S(=O)(Nc1cc(Sc2ccccc2)c(O)c2ccccc12)c1c(F)c(F)c(F)c(F)c1F,0.01711138
COCc1nc2c([nH]1)c(=O)n(C)c(=O)n2CC(C)C,5.7783914e-06
CS(=O)(=O)c1ccc(-c2cnc(N)c(-c3ccc(C(F)(F)F)nc3)c2)cc1,0.9886708
COc1ccccc1N1CCN(CCCCN2C(=O)CCC2=O)CC1,0.0004277864
CC(C)c1ccc(-c2cc(=O)c3ccccc3o2)cc1,0.48461556
Cn1cnnc1Sc1c([N+](=O)[O-])ncn1C,9.613313e-08
Nc1ccccc1NC(=O)c1ccc(CNc2nccc(-c3cccnc3)n2)cc1,0.06439341
O=C(NCCN1CCOCC1)c1ccc(Cl)cc1,0.013285052
Cc1nccnc1N1CCCCC1,1.4642439e-05
CCOC(=O)[C@H](CCc1ccccc1)N[C@@H](C)C(=O)N1Cc2cc(OC)c(OC)cc2C[C@H]1C(=O)O,0.004235238
NC/C(=C/F)CCc1ccc(F)cc1,0.0002538711
COc1ccc(-c2noc(CC(=O)O)c2-c2ccc(OC)cc2)cc1,0.0065813893
CCOC(=O)CC(=O)N1CCS[C@@H]1COc1ccccc1OC,0.0010462243
O=c1c(-n2ccnn2)c[nH]n1-c1cc(N2CCOCC2)ncn1,0.0010378275
CCc1c(C)[nH]c2c1C(=O)[C@H](CN1CCOCC1)CC2,0.10608943
CCOC(=O)Nc1c[n+](N2CCOCC2)no1,4.290168e-05
C[C@@H]1C[C@H]2[C@@H]3CCC4=CC(=O)C=C[C@]4(C)[C@@]3(Cl)[C@@H](O)C[C@]2(C)[C@@]1(O)C(=O)CCl,0.8365083
C[C@@H]1C[C@H]2[C@@H]3CCC4=CC(=O)C=C[C@]4(C)[C@@]3(Cl)[C@@H](O)C[C@]2(C)[C@@]1(OC(=O)c1ccco1)C(=O)CCl,0.117252894
CCOC(=O)C1=C(C)NC(=S)N[C@@H]1c1cccc(O)c1,2.1184322e-05
CC[C@@]1([C@@H]2O[C@@H]([C@H]3O[C@@](O)(CO)[C@H](C)C[C@@H]3C)C[C@@H]2C)CC[C@H]([C@]2(C)CC[C@]3(C[C@H](O)[C@@H](C)[C@@H]([C@@H](C)[C@@H](OC)[C@H](C)C(=O)O)O3)O2)O1,0.7166364
C[C@](C#N)(COc1cc(C#N)ccc1C(F)(F)F)NC(=O)c1ccc(SC(F)(F)F)cc1,0.012187415
Oc1ccc(OCc2ccccc2)cc1,0.00044225954
C[C@H]1C(=O)O[C@@H]2CCN3CC=C(COC(=O)[C@](C)(O)[C@]1(C)O)[C@H]23,8.734056e-07
CCCCCCCC(=O)OC[C@@H](O)CO,0.00016534663
COC(=O)/C=C/C(=O)O,0.058888994
Nc1cccc2c(=O)[nH][nH]c(=O)c12,0.00027385686
CCCCCCCCCCCCCCCCCC(=O)OC[C@@H](O)CO,0.012449296
CC(C)(O)c1ccccc1CC[C@@H](SCC1(CC(=O)O)CC1)c1cccc(/C=C/c2ccc3ccc(Cl)cc3n2)c1,0.2343988
COc1ccccc1OC[C@@H](O)CNC(C)C,0.00015707263
CCOC(=O)Nc1ccc2c(c1)N(C(=O)CCN1CCOCC1)c1ccccc1S2,0.016263906
Cc1ccsc1/C=C/C1=NCCCN1C,0.006784599
O=c1c(O)c(-c2ccc(O)cc2O)oc2cc(O)cc(O)c12,0.16135898
Cc1ncc([N+](=O)[O-])n1C[C@@H](O)CN1CCOCC1,0.03345698
O=C(OCCN1CCOCC1)c1cccnc1Nc1cccc(C(F)(F)F)c1,0.055774935
N=C(N)/N=C(\N)N1CCOCC1,1.7631655e-05
CCOC(=O)C1=C(CN2CCOCC2)NC(c2nccs2)=N[C@@H]1c1ccc(F)cc1Br,0.0008719088
CCOc1cc(N)c(Cl)cc1C(=O)NC[C@H]1CN(Cc2ccc(F)cc2)CCO1,0.048553694
CC1=C(c2cc(-n3ccnc3)cs2)NNC(=O)C1,0.00013495634
CC1(C)CNc2cc(NC(=O)c3cccnc3NCc3ccncc3)ccc21,0.027833905
CCCN(CCC)C(=O)C1=Cc2ccc(-c3ccc(C(=O)N4CCCC4)cc3)cc2N=C(N)C1,0.03538411
CO[C@@]1(NC(=O)[C@@H](C(=O)O)c2ccc(O)cc2)C(=O)N2C(C(=O)O)=C(CSc3nnnn3C)CO[C@@H]21,0.505561
CCc1cc2cc(OC)c(OC)cc2c(Cc2ccccc2)n1,0.008165597
CO/N=C1\C[C@]2(C[C@@H]3C[C@@H](C/C=C(\C)C[C@@H](C)/C=C/C=C4\CO[C@@H]5[C@H](O)C(C)=C[C@@H](C(=O)O3)[C@]45O)O2)O[C@H](/C(C)=C/C(C)C)[C@H]1C,0.86974186
COc1c(N2C[C@@H]3CCCN[C@@H]3C2)c(F)cc2c(=O)c(C(=O)O)cn(C3CC3)c12,0.9907582
CC(=O)Oc1cc(C(C)C)c(OCCN(C)C)cc1C,0.0408791
COc1nc(C)nc(Cl)c1NC1=NCCN1,0.10776814
Cc1ccccc1C(=O)Nc1ccc(C(=O)N2CCC[C@H](N(C)C)c3ccccc32)cc1,0.008788446
Cc1cccc(C#Cc2ccccc2)n1,0.011389466
Cc1cc(N2CCOCC2)ccc1Nc1nc(NC2CCCCC2)c2[nH]cnc2n1,0.083368614
CC(C)CNc1nc(-c2cccc3ncccc23)cn2c(-c3ccc(C(=O)NC4CC4)cc3)cnc12,0.056615736
COc1cc(N2CCC(O)CC2)ccc1Nc1cc(Nc2ccccc2S(=O)(=O)C(C)C)c2cc[nH]c2n1,0.40615535
COc1cc(S(C)(=O)=O)ccc1Nc1nc2ccc(-c3ccc(NC(=O)[C@H](C)c4ccc(F)cc4)cc3)cn2n1,0.45723265
O=C(NCCCN1CCCCCC1)[C@H](c1ccccc1)C1CCCCC1,0.0053409096
OCCc1ccc(OCCn2ccnc2)cc1,0.0007270305
Cc1cc(-c2nncc3c(C(C)(C)C)c(OCc4ncnn4C)nn23)no1,1.4037144e-07
Cn1ncnc1COc1nn2c(-c3c(F)cccc3F)nnc2cc1C1CCC1,2.2667095e-06
O=S(=O)(N[C@H]1CC[C@@](c2cc(F)ccc2F)(S(=O)(=O)c2ccc(Cl)cc2)CC1)C(F)(F)F,0.27563217
O=C(Cc1ccccc1)Nc1nc2ccc(Cl)cc2c2nc(-c3ccco3)nn12,0.056737743
CCOC(=O)C1=C(C)NC(c2ccccc2)=C(C(=O)OCc2ccc([N+](=O)[O-])cc2)[C@@H]1C#Cc1ccccc1,0.115193345
C#CCN1C(C)=C(C(=O)OC)[C@H](c2cccc([N+](=O)[O-])c2)C(C(=O)OCC)=C1C,1.0968403e-06
S=C=Nc1cccc(NC(=S)NCCCCNC(=S)Nc2cccc(N=C=S)c2)c1,0.0008906934
c1ccc(Oc2nc(NC3CCCCC3)c3[nH]cnc3n2)cc1,0.0011838
CN1CCN(Cc2ccc(-c3cn([C@H]4CC[C@H](O)CC4)c4nc(NCCC5CC5)ncc34)cc2)CC1,0.63714385
C[C@@H]1C=CNN1C(=O)c1cccnc1,0.0006069654
CCc1ccc(C(=O)COc2ccc(C[C@@H]3SC(=O)NC3=O)cc2)nc1,0.004651448
COc1cccc(C(=O)COc2ccc(Cc3sc(O)nc3O)cc2)c1,0.013367122
c1cnc(NCc2ccc(CNc3ncccn3)cc2)nc1,0.81909263
C[C@@](N)(C(=O)O)c1ccc(-c2nn[nH]n2)cc1,0.15273423
FC(F)(F)c1ccc(/C=C/c2nc(COc3ccc(CCCCn4ccnn4)cc3)co2)cc1,0.0022568388
C/C(=C\C(=O)OCCCCCCCCC(=O)O)C[C@@H]1OC[C@H](C[C@@H]2O[C@H]2[C@@H](C)[C@H](C)O)[C@@H](O)[C@H]1O,0.6862726
NCc1cc(=O)[nH]o1,0.00012318626
CCc1cc(O)c(Oc2ccc(C(N)=O)cc2F)cc1F,0.9814936
Clc1cccc(Nc2nnc(-c3ccccc3)c3ccccc23)c1,0.016353255
COc1c(C)c2c(c(O)c1C/C=C(\C)CCC(=O)OCCN1CCOCC1)C(=O)OC2,0.18244103
COc1c(C)c2c(c(O)c1C/C=C(\C)CCC(=O)O)C(=O)OC2,0.114162765
O=c1c(O)c(-c2cc(O)c(O)c(O)c2)oc2cc(O)cc(O)c12,0.0436371
C[C@@H]1O[C@@H](Oc2c(-c3cc(O)c(O)c(O)c3)oc3cc(O)cc(O)c3c2=O)[C@H](O)[C@H](O)[C@H]1O,0.07747632
CCCCCCCCCCCCCCOC(=O)c1cccnc1,0.19623165
COc1cc(CN(CCN)C(=O)c2cccs2)ccc1OCc1ccccc1,0.00032270837
CCCCCc1ccc(/C=C/C(=O)Nc2ccccc2C(=O)O)cc1,0.06561601
CC(=NNC(=S)NNC(=S)Nc1ccccc1Cl)c1ccccn1,4.6554493e-11
O=C(NCCN1CCCCC1)c1ccc(I)cc1,0.001487307
CC(=O)N[C@@H](C=O)[C@@H](O)[C@H](O)[C@H](O)CO,0.34230393
CC(=O)N[C@@H](Cc1ccc(O)cc1)C(=O)O,0.02343703
CC(=O)NCCC(=O)N[C@@H](Cc1cnc[nH]1)C(=O)O,0.008637915
CC(=O)NCC(=O)N[C@H](CCC(=O)O)C(=O)O,0.0019022967
CC(=O)N[C@@H]1[C@H](O)[C@H](O)[C@H](CO)O[C@@H]1O,0.19424064
CC(=O)NCCc1c[nH]c2ccccc12,0.008292053
CNCCc1cnc[nH]1,3.180634e-05
Oc1ccc2c3c1O[C@H]1c4c(c5ccccc5n4Cc4ccccc4)C[C@@]4(O)[C@@H](C2)N(CC2CC2)CC[C@]314,0.49274528
c1ccc2sc(SNC3CCCCC3)nc2c1,0.014686974
O=C(NO)c1cccnc1,4.222925e-05
C[C@@H]([C@H](O)c1ccccc1)N(C)C,0.028854191
CNC=O,8.696272e-05
CC[N+](C)(CC)CC(=O)Nc1c(C)cccc1C,0.0032144745
CN1CCCC1=O,0.00010391682
CN1CCN(c2ccc3ccccc3n2)CC1,0.0074662925
CN(C(=O)Cc1ccccc1)[C@H](CN1CCCC1)c1ccccc1,0.0035816892
c1ccc2sc(SN3CCOCC3)nc2c1,3.3144363e-05
O=C(Nc1ccc(O)cc1)c1ccccc1O,0.052268434
Cc1ccc(C)c(-n2cnc3cc(C(=O)NCc4ccccc4Cl)ccc32)c1,0.054234806
COc1ccc2cc(CCC(C)=O)ccc2c1,0.0021514324
NC(=O)c1ccc[n+]([C@@H]2O[C@H](COP(=O)(O)OP(=O)(O)OC[C@H]3O[C@@H](n4cnc5c(N)ncnc54)[C@H](O)[C@@H]3O)[C@@H](O)[C@H]2O)c1,0.96773595
C[C@H]1CCc2c(N3CCC(O)CC3)c(F)cc3c(=O)c(C(=O)O)cn1c23,0.9450643
CC(C)(C)NC[C@@H](O)COc1cccc2c1C[C@H](O)[C@H](O)C2,0.00022608208
NC(=O)C1=CN([C@@H]2O[C@H](COP(=O)(O)OP(=O)(O)OC[C@H]3O[C@@H](n4cnc5c(N)ncnc54)[C@H](OP(=O)(O)O)[C@@H]3O)[C@@H](O)[C@H]2O)C=CC1,0.98542655
CCCCN1CCC[C@@H]1CNC(=O)c1cc(C#N)c2ccccc2c1OC,0.2827286
N=C(N)Nc1ccc(C(=O)Oc2ccc3cc(C(=N)N)ccc3c2)cc1,0.033623923
CCOc1ccc2ccccc2c1C(=O)N[C@@H]1C(=O)N2[C@@H]1SC(C)(C)[C@@H]2C(=O)O,0.6216274
CCN(CC)CCOC(=O)[C@H](Cc1cccc2ccccc12)C[C@H]1CCCO1,2.867718e-05
CN(C/C=C/c1ccccc1)Cc1cccc2ccccc12,0.0026961162
COc1ccccc1N1CCN(C[C@@H](O)COc2cccc3ccccc23)CC1,0.02550565
Oc1ccc2c3c1O[C@H]1[C@@H](O)CC[C@@]4(O)[C@@H](C2)N(CC2CCC2)CC[C@]314,0.0016812418
CN(C(=O)/C=C/c1ccoc1)[C@@H]1CC[C@@]2(O)[C@H]3Cc4ccc(O)c5c4[C@@]2(CCN3CC2CC2)[C@H]1O5,0.25352833
CCn1cc(C(=O)O)c(=O)c2ccc(C)nc21,0.34180743
C=C1CC[C@@]2(O)[C@H]3Cc4ccc(O)c5c4[C@@]2(CCN3CC2CC2)[C@H]1O5,0.3015171
C=CCN1CC[C@]23c4c5ccc(O)c4O[C@H]2[C@@H](OCCOCCOCCOCCOCCOCCOCCOC)CC[C@@]3(O)[C@H]1C5,7.5425516e-05
C=CCN1CC[C@]23c4c5ccc(O)c4O[C@H]2C(=O)CC[C@@]3(O)[C@H]1C5,0.00055857573
C=CCN1CC[C@]23c4c5ccc(O)c4O[C@H]2/C(=N/NC(=O)c2ccccc2)CC[C@@]3(O)[C@H]1C5,0.00013660293
O=C1CC[C@@]2(O)[C@H]3Cc4ccc(O)c5c4[C@@]2(CCN3CC2CC2)[C@H]1O5,0.06326865
Oc1ccc2c3c1O[C@H]1c4oc5ccccc5c4C[C@@]4(O)[C@@H](C2)N(CC2CC2)CC[C@]314,0.12220205
Oc1ccc2c3c1O[C@H]1c4[nH]c5ccccc5c4C[C@@]4(O)[C@@H](C2)N(CC2CC2)CC[C@]314,0.15341303
CC(C)(O)CS(=O)(=O)Nc1ccc2c(c1)CCN(C(=O)COc1cccnc1)C2,0.0003080783
COc1ccccc1N1CCN(CCCCN2C(=O)c3ccccc3C2=O)CC1,0.0056333467
CO[C@H]1CC[C@@H](O[C@H]2C[C@H]([C@]3(C)CC[C@]4(C[C@H](O)[C@@H](C)[C@@H]([C@@H](C)/C=C(\C)C(=O)[C@H](C)C[C@H](C)C(=O)O)O4)O3)O[C@]3(O[C@@H]([C@H]4O[C@@](O)(CO)[C@H](C)C[C@@H]4C)C[C@@H]3C)[C@@H]2C)O[C@@H]1C,0.982851
CC(=O)c1cc2c(o1)C(=O)c1ccccc1C2=O,0.09472341
C1=C(CC2=NCCN2)CCc2ccccc21,0.0004810489
c1ccc2c(CC3=NCCN3)cccc2c1,0.024225492
CC(C)(C)NCc1cc(Nc2ccnc3cc(Cl)ccc23)c2c(c1O)CCCC2,0.70291847
Cn1cc(C(=O)c2cccc3ccccc23)cc1C(=O)O,0.22955184
COc1ccc2cc([C@H](C)C(=O)O)ccc2c1,0.0061014183
C=CC(=O)N1CC[C@@H](Oc2nc(Nc3ccc(N4CCC(N5CCN(C)CC5)CC4)cc3)c(C(N)=O)nc2CC)C1,0.06370198
CC[C@@H](C(=O)O)[C@@H]1O[C@@H]([C@@H](C)[C@H](O)[C@H](C)C(=O)[C@H](CC)[C@H]2O[C@]3(C=C[C@@H](O)[C@]4(CC[C@@](C)([C@H]5CC[C@](O)(CC)[C@H](C)O5)O4)O3)[C@H](C)C[C@@H]2C)[C@@H](C)C[C@H]1C,0.9350452
CNS(=O)(=O)CCc1ccc2[nH]cc(C3CCN(C)CC3)c2c1,0.0010806698
O=C1C[C@@H](c2ccc(O)cc2)Oc2cc(O)cc(O)c21,0.012531131
O=C(O)/C=C/c1ccc(O)cc1,0.31231686
C[C@@H]1O[C@@H](O[C@H]2[C@H](Oc3cc(O)c4c(c3)O[C@H](c3ccc(O)cc3)CC4=O)O[C@H](CO)[C@@H](O)[C@@H]2O)[C@H](O)[C@H](O)[C@H]1O,0.015023812
C[C@@H]1O[C@@H](O[C@H]2[C@H](Oc3cc(O)c(C(=O)CCc4ccc(O)cc4)c(O)c3)O[C@H](CO)[C@@H](O)[C@@H]2O)[C@H](O)[C@H](O)[C@H]1O,0.032195542
CCCC[C@H](NC(=O)[C@@H]1[C@@H]2[C@H](CN1C(=O)[C@@H](NC(=O)NC1(CS(=O)(=O)C(C)(C)C)CCCCC1)C(C)(C)C)C2(C)C)C(=O)C(=O)NC1CC1,4.352243e-05
C1=C(CN2CCOCC2)COc2c1cccc2OC[C@H]1CNCCO1,0.00016969787
CC(C)(C)C(=O)CN1C(=O)[C@H](NC(=O)Nc2cccc(C(=O)O)c2)CN(C2CCCCC2)c2ccccc21,0.37747565
C[C@@H]1C/C=C/C=C/C=C/C=C/[C@H](O[C@@H]2O[C@H](C)[C@@H](O)[C@H](N)[C@@H]2O)C[C@@H]2O[C@](O)(C[C@@H](O)C[C@H]3O[C@@H]3/C=C/C(=O)O1)C[C@H](O)[C@H]2C(=O)O,7.975852e-05
CC(C)[C@H]1CC[C@H](C(=O)N[C@H](Cc2ccccc2)C(=O)O)CC1,0.07089233
O=C(NCc1ccc(OC(F)(F)F)cc1)[C@@H]1c2ccccc2C(=O)N1C1CCOCC1,0.29531863
CC[C@@H](Nc1c(Nc2cccc(C(=O)N(C)C)c2O)c(=O)c1=O)c1ccc(C)o1,0.017763326
CC1(C)CCC(c2ccc(Cl)cc2)=C(CN2CCN(c3ccc(C(=O)NS(=O)(=O)c4ccc(N[C@H](CCN5CCOCC5)CSc5ccccc5)c(S(=O)(=O)C(F)(F)F)c4)cc3)CC2)C1,0.9082068
CCCN1CCO[C@@H]2c3cc(O)ccc3CC[C@H]21,0.002907321
Nc1ncnc2c1ncn2CCNCCCCCO,7.838951e-05
CCCN(CC1CC1)c1nc(C)nc(Nc2c(Cl)cc(Cl)cc2Cl)c1Cl,0.6487961
CCOc1ccc(-n2c([C@@H](C)N(Cc3cccnc3)C(=O)Cc3ccc(F)c(C(F)(F)F)c3)nc3ncccc3c2=O)cc1,0.022658605
COc1cc2c(cc1OC)[C@H]1C[C@@H](O)[C@H](CC(C)C)CN1CC2,0.00034696437
NS(=O)(=O)c1cccc2c1c([N+](=O)[O-])cc1[nH]c(=O)c(=O)[nH]c12,0.97037315
O=C(O)/C=C1\CCCc2ccccc2[C@H]1O,0.015097092
C[C@]12C=CC(=O)C=C1CC[C@@H]1[C@@H]2[C@@H](O)C[C@@]2(C)[C@H]1CC[C@]2(O)C(=O)COC(=O)c1ccc(CO[N+](=O)[O-])cc1,0.9957306
Cc1nccn1Cc1ccccn1,0.0041139284
CCCCn1c(-c2ccccc2)nc(-c2ccccc2)c1CN(Cc1ccc2c(c1)OCO2)Cc1ccc2c(c1)OCO2,2.738844e-06
CCCN(CCC)CCc1ccc(OC)c(OCCc2ccccc2)c1,3.613118e-05
O[C@H](CNC[C@@H](O)[C@H]1CCc2cc(F)ccc2O1)[C@@H]1CCc2cc(F)ccc2O1,0.04579295
NC[C@@H]1CC(=O)N(Cc2ccccc2)C1,0.005654697
CCNC(=O)[C@H]1O[C@@H](n2cnc3c(N)ncnc32)[C@H](O)[C@@H]1O,0.0014268726
CN1C(=O)[C@H](Cc2c[nH]c3ccccc23)NC1=S,0.0014833205
CN1C(=O)N[C@H](Cc2c[nH]c3c(Cl)cccc23)C1=O,0.0004028334
[NH2][Pt]1([NH2])[O]C=C(O)[O]1,0.00033538768
CCCc1c2oc(C(=O)O)cc(=O)c2cc2c(=O)cc(C(=O)O)n(CC)c12,0.010743536
CCc1nn(CCCN2CCN(c3cccc(Cl)c3)CC2)c(=O)n1CCOc1ccccc1,1.1149432e-05
Cc1cccc(C)c1NC(=O)CN1CCCC1=O,0.026831523
CN1CCO[C@@H](c2ccccc2)c2ccccc2C1,0.0006023392
COc1nc(N)nc2c1ncn2[C@@H]1O[C@H](CO)[C@@H](O)[C@@H]1O,0.5319187
Cc1c(O)cccc1C(=O)N[C@@H](CSc1ccccc1)[C@H](O)CN1C[C@H]2CCCC[C@H]2C[C@H]1C(=O)NC(C)(C)C,0.49214047
COC(=O)Nc1c(N)nc(-c2nn(Cc3ccccc3F)c3ncccc23)nc1N,0.17567849
COc1ccc(NC(=O)Nc2ccc(F)cc2F)cc1-c1c(Br)cnn1C,0.5245941
Nc1c(Cl)cc(C=C2NCCN2)cc1Cl,0.0010922597
CC(C)N1CCN(Cc2cnc(-c3cc(-c4cccc5[nH]ccc45)cc4[nH]ncc34)o2)CC1,0.018466258
CNc1cc(OC)c(C(=O)N[C@@H]2CCN(Cc3ccccc3)[C@@H]2C)cc1Cl,0.008827528
COc1ccc(-n2nccn2)c(C(=O)N2CCC[C@@]2(C)c2nc3ccc(Cl)c(C)c3[nH]2)c1,0.01763108
COc1cccc2c1C(=O)c1c(O)c3c(c(O)c1C2=O)C[C@@](O)(C(=O)CO)C[C@@H]3O[C@H]1C[C@H](N2CCO[C@H](OC)C2)[C@H](O)[C@H](C)O1,0.58716047
CCC[N@+]12[C@H](O)[C@@H](CC)[C@@H]3C[C@@H]1[C@@H]1N(C)c4ccccc4[C@]14C[C@H]2[C@@H]3[C@@H]4O,4.682272e-05
COc1ccc([C@@H]2CC(=O)c3c(O)cc(O[C@@H]4O[C@H](CO)[C@@H](O)[C@H](O)[C@H]4O[C@@H]4O[C@@H](C)[C@H](O)[C@@H](O)[C@H]4O)cc3O2)cc1O,0.0008823301
COc1ccc(CCC(=O)c2c(O)cc(O[C@@H]3O[C@H](CO)[C@@H](O)[C@H](O)[C@H]3O[C@@H]3O[C@@H](C)[C@H](O)[C@@H](O)[C@H]3O)cc2O)cc1O,0.013501591
NC[C@@H]1O[C@H](O[C@H]2[C@@H](O)[C@H](O[C@@H]3[C@@H](O)[C@H](N)C[C@H](N)[C@H]3O[C@H]3O[C@H](CN)[C@@H](O)[C@H](O)[C@H]3N)O[C@@H]2CO)[C@H](N)[C@@H](O)[C@@H]1O,0.8774823
CN(C)C(=O)Oc1cccc([N+](C)(C)C)c1,4.790895e-05
NC(=O)Cc1cccc(C(=O)c2ccccc2)c1N,0.0031244417
NCc1c[nH]c(=S)n1[C@H]1CCc2c(F)cc(F)cc2C1,0.0005426115
CCOc1cc2ncc(C#N)c(Nc3ccc(OCc4ccccn4)c(Cl)c3)c2cc1NC(=O)/C=C/CN(C)C,0.7795733
Cc1oncc1C(=O)N1CCCCC1,0.00488769
NCCCCCC(O)(P(=O)(O)O)P(=O)(O)O,3.848255e-07
CNC(=O)c1c(-c2ccc(F)cc2)oc2cc(N(CCO)S(C)(=O)=O)c(C3CC3)cc12,0.12104949
CCN[C@@H]1C[C@H](N)[C@@H](O[C@H]2OC(CN)=CC[C@H]2N)[C@H](O)[C@H]1O[C@H]1OC[C@](C)(O)[C@H](NC)[C@H]1O,0.3647663
Cc1ccccc1-c1cc(N2CCN(C)CC2)ncc1N(C)C(=O)C(C)(C)c1cc(C(F)(F)F)cc(C(F)(F)F)c1,0.14000417
COc1ccc(-c2nc(-c3ccc(-c4cccc(Cl)c4)o3)[nH]c2-c2ccc(OC)cc2)cc1,0.32652217
CCOC(=O)c1ccc(N(C)c2csc(-c3ccccc3)n2)cc1,0.001130556
O=C(O)c1cc(NCc2c(F)c(F)c(C(F)(F)F)c(F)c2F)ccc1O,0.7720201
Cc1ccnc2c1NC(=O)c1cccnc1N2C1CC1,0.0015351921
CCCCN(Cc1ccc(C(=O)NO)cc1)C(=O)Nc1ccccc1,0.002483909
Cc1ccc(NCCCc2ccccc2)c(N)c1,0.0017761457
NC(=N[N+](=O)[O-])NCCC[C@H](N)C(=O)O,0.020344296
O=C(NCCCCN1CCN(c2cccc(Cl)c2Cl)CC1)c1ccc2c(c1)Cc1ccccc1-2,0.06957091
c1ccc(-c2ncc(CN3CCN(c4ncccn4)CC3)[nH]2)cc1,0.00032198185
CCC(CC)Nc1nc(C)c(-c2ccc(OC(F)(F)F)cc2OC)nc1OC,0.35004026
CCc1cc(Nc2nc(-c3ccc(-n4cnc(C)c4)c(F)c3)cs2)c(C)cc1C,0.06424985
COC(=O)c1cc2c(C(F)(F)F)cc(-c3ccccc3)cc2n1O,0.508039
CCCCCCCCCCCCCCCC[n+]1ccn(Cc2ccccc2)c1C,0.9647961
COc1cc(C#N)ccc1S(=O)(=O)Nc1ccc2c(c1)cc(C)c(=O)n2C,0.12217365
O=C(O)c1cccnc1,0.095672235
O=C(CCNNC(=O)c1ccncc1)NCc1ccccc1,0.100325786
CCN(CC)CCCC[C@@H](NC(=O)c1ccc([N+](=O)[O-])cc1)c1ccccc1,0.00021947156
CC(C)NC[C@H](O)COc1cccc2c1N(C(=O)c1cccnc1)CCC2,0.008791404
C[C@@H](CNC(=O)c1cccnc1)NC(=O)c1cccnc1,0.009482614
COC(=O)C1=C(C)NC(C)=C(C(=O)OCCN(C)Cc2ccccc2)[C@@H]1c1cccc([N+](=O)[O-])c1,8.1258963e-07
CO[C@]12C[C@@H](COC(=O)c3cncc(Br)c3)CN(C)[C@@H]1Cc1cn(C)c3cccc2c13,0.07874127
O=C(OCC(COC(=O)c1cccnc1)(COC(=O)c1cccnc1)COC(=O)c1cccnc1)c1cccnc1,0.000109843466
O=C(Nc1ccc([N+](=O)[O-])cc1Cl)c1cc(Cl)ccc1O,0.84641606
CC/C=C\C/C=C\C/C=C\C/C=C\C/C=C\CCCC(=O)NCCNC(=O)c1cccnc1,0.00011719996
O=C(NCCO[N+](=O)[O-])c1cccnc1,0.0012919552
NC(=O)c1cccnc1,0.0036298558
CN1CCC[C@H]1c1cccnc1,0.0022624591
OCc1cccnc1,0.000108971806
COc1ccc(-c2c(C)c(C(=O)NN3CCCCC3)nn2-c2ccc(Cl)cc2Cl)cc1,2.488365e-07
COC(=O)C1=C(C)NC(C)=C(C(=O)OC)C1c1ccccc1[N+](=O)[O-],5.9924434e-05
Cn1c(NCCN(CCO)CCCc2ccc([N+](=O)[O-])cc2)cc(=O)n(C)c1=O,5.2040326e-05
CC(C)NC[C@@H](O)c1ccc([N+](=O)[O-])cc1,0.00026989233
Cc1c(NC(=O)c2cccnc2)c(=O)n(-c2ccccc2)n1C,0.00013901923
O=C(O)c1cccnc1Nc1cccc(C(F)(F)F)c1,0.049939252
O=C(N/N=C/c1ccc([N+](=O)[O-])o1)c1ccc(O)cc1,0.8974145
O=C(N/N=C/c1ccc([N+](=O)[O-])o1)c1cc([N+](=O)[O-])cc([N+](=O)[O-])c1O,0.99213976
C[C@H]1CS(=O)(=O)CCN1/N=C/c1ccc([N+](=O)[O-])o1,0.9953578
COC(=O)C1=C(C)NC(C)=C(C(=O)OCCCN2CCC(c3ccccc3)(c3ccccc3)CC2)[C@H]1c1cccc([N+](=O)[O-])c1,0.00096486934
CCN(CC)C(=O)c1cccnc1,8.782954e-05
Cc1cn(-c2cc(NC(=O)c3ccc(C)c(Nc4nccc(-c5cccnc5)n4)c3)cc(C(F)(F)F)c2)cn1,0.10291223
CC1(C)NC(=O)N(c2ccc([N+](=O)[O-])c(C(F)(F)F)c2)C1=O,0.011983654
COC(=O)C1=C(C#N)NC(C)=C(C(=O)OC(C)C)[C@@H]1c1cccc([N+](=O)[O-])c1,4.6747477e-06
CS(=O)(=O)Nc1ccc([N+](=O)[O-])cc1Oc1ccccc1,0.006576552
COCCOC(=O)C1=C(C)NC(C)=C(C(=O)OC(C)C)[C@@H]1c1cccc([N+](=O)[O-])c1,9.141723e-06
O=[N+]([O-])c1cncn1CCN1CCOCC1,0.18791176
Cc1ncc(CNC(=O)N(CCCl)[NH2+][O-])c(N)n1,0.0007061942
C/C=C/C[C@@H](C)[C@@H](O)[C@H]1C(=O)N[C@@H](CC)C(=O)N(C)CC(=O)N(C)[C@@H]([C@@H](C)CC)C(=O)N[C@@H](C(C)C)C(=O)N(C)[C@@H](CC(C)C)C(=O)N[C@@H](C)C(=O)N[C@H](C)C(=O)N(C)[C@@H](CC(C)C)C(=O)N(C)[C@@H](CC(C)C)C(=O)N(C)[C@@H](C(C)C)C(=O)N1C,0.9999919
Cc1c(C(=O)Nc2ccc(Oc3ccnc4cc(OCC(C)(C)O)ccc34)c(F)c2)c(=O)n(-c2ccccc2)n1C,0.00082873943
COC(=O)c1ccc2c(c1)NC(=O)/C2=C(\Nc1ccc(N(C)C(=O)CN2CCN(C)CC2)cc1)c1ccccc1,0.38952234
NC(=O)c1cccc2cn(-c3ccc([C@@H]4CCCNC4)cc3)nc12,0.006149727
O=C1NCCN1c1ncc([N+](=O)[O-])s1,0.26519513
C=C(NC(=O)[C@@H](NC(=O)[C@H](Cc1cnc[nH]1)NC(=O)[C@@H](NC(=O)[C@H](CO)NC(=O)[C@H]1CS[C@H](C)[C@@H]2NC(=O)[C@@H](C)NC(=O)[C@@H](NC(=O)[C@H](CCCCN)NC(=O)[C@H](CCSC)NC(=O)[C@H](CC(N)=O)NC(=O)[C@H]3CS[C@H](C)[C@H](NC(=O)[C@H](CCCCN)NC(=O)[C@H]4CS[C@H](C)[C@H](NC(=O)[C@H]5CSC[C@H](NC(=O)/C(=C/C)NC(=O)[C@H](N)[C@H](C)CC)C(=O)N[C@@H]([C@@H](C)CC)C(=O)NC(=C)C(=O)N[C@H](CC(C)C)C(=O)N5)C(=O)N5CCC[C@@H]5C(=O)NCC(=O)N4)C(=O)NCC(=O)N[C@H](C)C(=O)N[C@H](CC(C)C)C(=O)N[C@H](CCSC)C(=O)NCC(=O)N3)[C@@H](C)SC[C@@H](NC2=O)C(=O)N[C@H](Cc2cnc[nH]2)C(=O)N1)[C@@H](C)CC)C(C)C)C(=O)N[C@@H](CCCCN)C(=O)O,0.862705
COC(=O)C1=C(C)NC(C)=C(C(=O)OCC(C)C)[C@@H]1c1ccccc1[N+](=O)[O-],7.138475e-06
CNCC[C@@H](Oc1ccccc1OC)c1ccccc1,0.0113546355
O=[N+]([O-])c1ccc([As](=O)(O)O)cc1,0.010058653
CC(=O)Oc1ccccc1C(=O)Nc1ncc([N+](=O)[O-])s1,0.14451744
CC(=O)C(=Cc1cc(O)c(O)c([N+](=O)[O-])c1)C(C)=O,1.2784461e-05
CCN(Cc1ccc(Cl)nc1)/C(=C/[N+](=O)[O-])NC,0.007534587
CC(=O)Nc1ncc([N+](=O)[O-])s1,0.20853987
O=C1CCCC(=O)C1=C(O)c1ccc(C(F)(F)F)cc1[N+](=O)[O-],0.37437633
CCOC(=O)C1=C(C)NC(C)=C(C(=O)OC)[C@@H]1c1cccc([N+](=O)[O-])c1,1.8765238e-06
CCN(CC)CCOC(=O)C1(c2ccc([N+](=O)[O-])cc2)CCCC1,0.0009190917
C[C@@H](C(=O)OCCCCO[N+](=O)[O-])c1ccc(-c2ccccc2)c(F)c1,0.108549945
O=C1CN(/N=C/c2ccc([N+](=O)[O-])o2)C(=O)N1,0.012332151
NC(=O)N/N=C/c1ccc([N+](=O)[O-])o1,0.007499095
NC(=O)c1cc([N+](=O)[O-])cc([N+](=O)[O-])c1,0.07497176
CNC(=O)N(C)[NH2+][O-],2.0164904e-08
O=[N+]([O-])c1ccc(O)c2ncccc12,0.059185755
CN/C(=C\[N+](=O)[O-])NCCSCc1csc(CN(C)C)n1,7.853242e-05
CCN(CC)Cc1nccn1-c1ccc([N+](=O)[O-])cc1C(=O)c1ccccc1Cl,0.00031915854
O=C(NCc1ccccn1)Nc1nnc(-c2ccco2)o1,0.00059029815
[Cl][Ru+3]([Cl])([Cl])([Cl])([n+]1cc2ccccc2[nH]1)[n+]1cc2ccccc2[nH]1,0.85457283
Nc1ncc2c(n1)C[C@@H](c1ccco1)CC2=O,0.0072014616
O[C@@H](C[C@H]1c2ccccc2-c2cncn21)C1CCCCC1,0.025615228
CN[C@H](CC(=O)O)C(=O)O,0.122500174
CN1CCC(NC(=O)c2cc(-c3c(O)cc(O)cc3Oc3ccc([N+](=O)[O-])cc3)on2)CC1,0.6282231
CCc1cccc(CC)c1NC(=O)c1nn(C)c2c1CCc1cnc(Nc3ccc(C(=O)NC4CCN(C)CC4)cc3OC(F)(F)F)nc1-2,0.88870394
CN1CCN(c2ccc(OC(F)(F)F)c(Nc3ncc4c(n3)-c3c(c(C(N)=O)nn3CCO)CC4)c2)CC1,0.6098097
Cc1cc(OCc2nnc(SC3CCCC3)n2-c2cccnc2)ccc1-c1ccc(S(C)(=O)=O)cc1,0.00020438118
C[C@@]1(O)[C@H](O)[C@@H](CO)O[C@H]1n1ccc(N)nc1=O,0.001041136
CCCCCCCCCN1C[C@H](O)[C@@H](O)[C@H](O)[C@H]1CO,0.000823139
COc1ccccc1C1(O)CCN(CCCn2c3ccccc3c3ccccc32)CC1,0.16738391
CC(C)[C@H]1c2ccc(F)cc2CC[C@@]1(CCN(C)CCCc1nc2ccccc2[nH]1)OC(=O)C1CC1,0.0058808317
COC(=O)CN1CN(c2ccccc2)C2(CCN(Cc3cccc4ccccc34)CC2)C1=O,0.002849682
O=C(O)C1=CCCN(CCON=C(c2ccccc2)c2ccccc2)C1,0.0061891847
CC(=O)Oc1ccccc1C(=O)Oc1cccc(CO[N+](=O)[O-])c1,0.0017314077
COc1ccc(-c2cc(=O)c3c(OC)c(OC)c(OC)c(OC)c3o2)cc1OC,0.43682268
COC(=O)Nc1nc2ccc(C(=O)c3cccs3)cc2[nH]1,0.014166936
Cc1ccc2[nH]c(N)nc(=O)c2c1Sc1ccncc1,0.027319279
CC(=O)O[C@]1(C(C)=O)CC[C@H]2[C@@H]3C=C(C)C4=CC(=O)CC[C@@H]4[C@H]3CC[C@@]21C,0.0048869657
CN1Cc2c(N)cccc2[C@H](c2ccccc2)C1,9.518076e-06
CCCCCCCCC(=O)NCc1ccc(O)c(OC)c1,0.0014883789
CCCCCCCCCc1ccc(OCCOCCOCCOCCOCCOCCOCCOCCOCCO)cc1,2.2080601e-05
Oc1ccc2c3c1O[C@H]1c4[nH]c5c(c4C[C@@]4(O)[C@@H](C2)N(CC2CC2)CC[C@]314)C[C@@]1(O)[C@H]2Cc3ccc(O)c4c3[C@@]1(CCN2CC1CC1)[C@H]5O4,0.6109201
CNCCC=C1c2ccccc2C=Cc2ccccc21,0.006064784
C#C[C@]1(O)CC[C@H]2[C@@H]3CCC4=C/C(=N/O)CC[C@@H]4[C@H]3CC[C@@]21CC,0.0019179301
NC[C@H](O)c1ccc(O)c(O)c1,9.325609e-06
C#C[C@]1(O)CC[C@H]2[C@@H]3CCC4=CC(=O)CC[C@@H]4[C@H]3CC[C@@]21C,0.013414219
C#C[C@]1(OC(C)=O)CC[C@H]2[C@@H]3CCC4=CC(=O)CC[C@@H]4[C@H]3CC[C@@]21C,0.009503036
C#C[C@]1(OC(=O)CCCCCC)CC[C@H]2[C@@H]3CCC4=CC(=O)CC[C@@H]4[C@H]3CC[C@@]21C,0.00194623
C#C[C@]1(O)CC[C@H]2[C@@H]3CCC4=C(CCC(=O)C4)[C@H]3CC[C@@]21C,0.00061384414
CCn1cc(C(=O)O)c(=O)c2cc(F)c(N3CCNCC3)cc21,0.96375483
NCC[C@@H](Oc1ccc(C(F)(F)F)cc1)c1ccccc1,0.24792208
C#C[C@]1(OC(C)=O)CC[C@H]2[C@@H]3CCC4=C/C(=N/O)CC[C@@H]4[C@H]3CC[C@@]21CC,0.0011148108
c1cncc([C@H]2CCCN2)c1,0.0040512485
CNCCC=C1c2ccccc2CCc2ccccc21,0.0026103435
CC(C)C[C@@H](N)C(=O)N[C@H]1C(=O)N[C@@H](CC(N)=O)C(=O)N[C@H]2C(=O)N[C@H]3C(=O)N[C@H](C(=O)N[C@H](C(=O)O)c4cc(O)cc(O)c4-c4cc3ccc4O)[C@H](O)c3ccc(c(Cl)c3)Oc3cc2cc(c3O[C@@H]2O[C@H](CO)[C@@H](O)[C@H](O)[C@H]2O[C@H]2C[C@](C)(N)[C@H](O)[C@H](C)O2)Oc2ccc(cc2Cl)[C@H]1O,0.90190196
COc1ccc2c(c1OC)C(=O)O[C@@H]2[C@H]1c2c(cc3c(c2OC)OCO3)CCN1C,0.039434645
N[C@H](CCC(=O)N[C@@H](CSSC[C@H](NC(=O)CC[C@H](N)C(=O)O)C(=O)NCC(=O)O)C(=O)NCC(=O)O)C(=O)O,0.04365361
CO[C@@H]1[C@@H](OC(N)=O)[C@@H](O)[C@H](Oc2ccc3c(O)c(NC(=O)c4ccc(O)c(CC=C(C)C)c4)c(=O)oc3c2C)OC1(C)C,0.5048302
C[C@]12CCC(=O)C=C1CC[C@@H]1[C@@H]2[C@@H](O)C[C@]2(C)C(=O)CC[C@@H]12,0.00037767447
CC(C)C[C@@H](NC(=O)OCC1c2ccccc2-c2ccccc21)C(=O)O,0.38005564
O=C(O)c1cc([N+](=O)[O-])ccc1NCCCc1ccccc1,0.027465506
CC(C)(Cc1ccc2ccccc2c1)NC[C@@H](O)COc1cccc(Cl)c1C#N,0.8972464
CC(C)(Cc1ccccc1)NC(=O)c1cnc2ccccc2n1,0.00056373957
Cc1c(NC(=O)N2CCOCC2)ccc2c1c1ccccc1n2C(C)C,7.7371544e-05
CCOC(=O)c1c2c3c(cccc3[nH]c1=O)C(=O)c1ccccc1-2,0.1941678
C[C@H](Nc1cc(-c2cnn(C)c2)cc(Nc2cnccn2)n1)c1ccc(F)cc1,0.06959306
FC(F)(F)c1cc(NC(=S)Nc2ccc(Br)cc2-c2nn[nH]n2)cc(C(F)(F)F)c1,0.00889912
CC(C)(O)c1ccc2c(c1)ncn2-c1cccc(-c2ccccc2C#N)c1,0.051630765
O=C(Nc1cc(C(F)(F)F)ccc1O)Nc1cc(C(F)(F)F)ccc1O,0.047905676
Nc1ncc(Cc2ccc(Br)cc2)s1,0.00023549436
O=C1Nc2c(ccc(Cl)c2Cl)/C1=N/O,0.95468813
O=C(Nc1cccc(C(F)(F)F)c1)Nc1ccc(Br)cc1-c1nn[nH]n1,0.013837166
CN1[C@@H]2CC[C@H]1C=C(c1sccc1Br)C2,0.0256854
O=C(Nc1cc(C(F)(F)F)cc(C(F)(F)F)c1)Nc1c(Br)cc(Br)cc1-c1nn[nH]n1,0.0035029224
Cc1c(-c2ccccc2F)[nH]c(N)c1C#N,0.06614341
c1ccc2c(c1)CCC[C@H]2Nc1nc2ccccc2[nH]1,0.0020166717
N#Cc1cccc(-c2nc(-c3cccnc3)no2)c1,0.060031228
CCN(CC)CCC[C@@H](C)Nc1nc(C)cc(Nc2ccc3nc(C)cc(N)c3c2)n1,0.31482646
C/C(=N\NC(=S)N1CCC1)c1ccccn1,0.00018782822
O=Nc1ccc(O)c2ncccc12,0.11222403
CCC[C@@H](C)NC(=O)c1ccc(Cl)c(Cl)c1,0.0010842213
C=C(C)[C@@H]1CC[C@]2(CO)CC[C@]3(C)[C@H](CC[C@@H]4[C@@]5(C)CC[C@H](O)C(C)(C)[C@@H]5CC[C@]43C)[C@@H]12,0.012712501
Clc1ccc2c(NCCNc3ccnc4cc(Cl)ccc34)ccnc2c1,0.03796649
COc1ccc(OC)c2c(=S)c3ccccc3[nH]c12,0.00066551263
Cc1ccc(/C=C2\CNC/C(=C\c3ccc(C)cc3)C2=O)cc1,0.29912323
O=[N+]([O-])c1cc([N+](=O)[O-])c(/C=C/c2ccc(Cl)c(Cl)c2)cc1/C=C/c1ccc(Cl)c(Cl)c1,0.039245255
O=C1C(Cl)=C(NCCN2CCOCC2)C(=O)c2ncccc21,0.008453377
Cc1ccc(S(=O)(=O)c2ccc([N+](=O)[O-])o2)cc1,0.06841062
O=C1C(SCCO)=C(SCCO)C(=O)c2ccccc21,3.0305074e-08
CO[C@H]1CC=C2CCN3CCC4=C(CC(=O)OC4)[C@]23C1,0.008998363
CC(C)CCNc1ncccc1C(=O)N1CCN(Cc2ccccc2)CC1,0.0026908987
CC1=C(c2ccc(NC3=C(C)C(=O)CC3)cc2)NNC(=O)C1,1.4007983e-06
O=[N+]([O-])c1ccccc1S(=O)(=O)NC[C@H]1CC[C@H](CNC[C@H]2CCc3ccccc3C2)CC1,0.18556055
Cc1ccc(S(=O)(=O)Nc2ccc3c(c2)c(C(=O)C(F)(F)F)cn3CC(=O)N[C@@H](CC(C)C)C(=O)O)cc1,0.46819127
O=C(O)c1c(Sc2ccccc2)c2cc(Cl)ccc2n1Cc1ccc(Cl)cc1,0.9205329
Oc1cc(CNC(=S)/C=C/c2cc(O)c(O)c(Br)c2)cc(O)c1O,0.0025803456
Cc1nc(=O)c2cccc(O)c2[nH]1,0.014863502
Nc1nc(OCC2CCCCC2)c2[nH]cnc2n1,0.0014733549
Nc1nc(N)c(N=O)c(OCC2CCCCC2)n1,0.13320321
O=c1cc(N2CCOCC2)oc2c1ccc1ccccc12,0.0077254614
O=c1cc(N2CCOCC2)oc2c(-c3cccc4c3sc3ccccc34)cccc12,0.28971374
O=C1N=C2SCCN2C(=O)[C@H]1Cc1ccc(Cl)cc1,0.012749881
COc1ccc(C2=N[C@@H](c3ccc(Cl)cc3)[C@@H](c3ccc(Cl)cc3)N2C(=O)N2CCNC(=O)C2)c(OC(C)C)c1,0.0006445484
CN1CCC(C(=O)N2c3ccccc3NC(=O)c3cccnc32)CC1,0.027041838
Nc1ncnc2c1c(-c1cccc(OCc3ccccc3)c1)cn2[C@H]1C[C@H](CN2CCCC2)C1,0.7480845
Nc1ncnc2c1c(-c1cccc(OCc3ccccc3)c1)cn2[C@H]1C[C@@H](CN2CCC2)C1,0.9985837
CCNC(=O)c1noc(-c2cc(C(C)C)c(O)cc2O)c1-c1ccc(CN2CCOCC2)cc1,0.07783649
Cn1c(=O)n(-c2ccc(C(C)(C)C#N)cc2)c2c3cc(-c4cnc5ccccc5c4)ccc3ncc21,0.11524252
CCN1CCN(c2ccc(Nc3cc(N(C)C(=O)Nc4c(Cl)c(OC)cc(OC)c4Cl)ncn3)cc2)CC1,0.26325572
Cc1ccc(C(=O)Nc2cccc(C(F)(F)F)c2)cc1Nc1nc(-c2cccnc2)nc2c1cnn2C,0.014934419
Fc1cc(-c2cccc3ncc(-c4cnn(C5CCNCC5)c4)nc23)cc(F)c1CN1CCOCC1,0.01107084
Cn1cc(-c2ccc3ncc(Cc4ccc5ncccc5c4)n3n2)cn1,0.0007904612
N#Cc1ccc(NCCNCC(=O)N2CCC[C@H]2C#N)nc1,0.005124101
COc1cccc(-c2cc(F)ccc2[C@H]2Cc3nc(N)nc(C)c3C(=O)N2)n1,0.7339034
CNC(=O)c1ccccc1Nc1nc(Nc2ccc(N3CCOCC3)cc2OC)ncc1Cl,0.38638115
COc1cc(N2CCC(N3CCN(C)CC3)CC2)ccc1Nc1ncc(Cl)c(Nc2ccccc2S(=O)(=O)C(C)C)n1,0.13302575
COc1ccc(C(=O)C2CCN(CC(=O)N(Cc3nc(=O)c4c([nH]3)CCOC4)CC3CC3)CC2)cc1,0.0025092282
O=C(Nc1nc2ccc(NC(=O)C34CC5CC(CC(C5)C3)C4)cc2s1)c1ccccc1,0.0042140028
CC(C)NC(=O)N1CC[C@H](NC2=Nc3cc(F)ccc3N(CC(F)F)c3ccc(Cl)cc32)C1,0.043161657
CC(C)(C)/[N+]([O-])=C/c1ccc(S(=O)(=O)O)cc1S(=O)(=O)O,7.456699e-07
C[C@@H]1[C@H](O)[C@@H](C)/C=C/C=C/CC/C=C/C=C/C=C/C=C/[C@H](O[C@@H]2O[C@H](C)[C@@H](O)[C@H](N)[C@@H]2O)C[C@@H]2O[C@](O)(C[C@@H](O)[C@H](O)CC[C@@H](O)C[C@@H](O)C[C@@H](O)CC(=O)O[C@H]1C)C[C@H](O)[C@H]2C(=O)O,0.03370555
NC(=O)CNCCC(c1ccccc1)c1ccccc1,0.002142677
OC[C@H]1O[C@@H](n2cnc3c(NC4CCCC4)ncnc32)[C@H](O)[C@@H]1O,0.001338757
CNc1ncnc2c1ncn2[C@@H]1O[C@H](CO)[C@@H](O)[C@H]1O,1.726816e-05
Cc1cc(C(N)=O)ccc1-n1c(CCC(=O)O)ccc1-c1ccc(-n2ccnc2)cc1,0.011718688
CC(=O)OC[C@H](N)C(=O)O,0.051013958
O=C(O)c1ccccc1S,0.00937863
C=C(C)[C@@H]1CCC(C)=C[C@H]1c1c(OC)cc(C)cc1OC,0.07217868
Cc1cc(C)c(S(=O)(=O)Nc2ccccc2C(F)(F)F)c(C)c1,0.070474476
O=C(Nc1nc(=O)n(Cc2ccc(Cl)cc2)s1)c1ccc(Cl)cc1,0.0139565375
O=C(Nc1cc2cc[nH]c2cn1)c1ccccc1,0.0006384934
O=C(Nc1ccc2[nH]ccc2c1)c1ccccc1,7.897897e-05
COC1=CC(c2cc3ccccc3[nH]2)=N/C1=C\c1[nH]c(C)cc1C,0.00022692
CC[C@H]1[C@@H](O)[C@H]2[C@H]3CC[C@@H]([C@@H](C)CCC(=O)O)[C@@]3(C)CC[C@@H]2[C@@]2(C)CC[C@@H](O)C[C@@H]12,0.4447024
O/N=C/c1cc[n+](COC[n+]2ccc(/C=N/O)cc2)cc1,0.005455317
Cc1nc2c(C)cccn2c(=O)c1CCN1CCC(c2noc3cc(F)ccc23)CC1,0.7974427
C[C@@H]1CC(=O)c2c(ccc3c2C(=O)c2cccc(O)c2C3=O)C1,0.1549491
O=C(c1ccccn1)c1cnn2c(-c3ccncc3)ccnc12,0.054975007
CC(C)c1ccc(C(=O)NCCOc2ccc(C(=O)O)cc2)cc1,0.04928727
CCCCCCCCCCCCCCCCCCO,0.019901792
C[Si](C)(C)O[Si](C)(C)O[Si](C)(C)C,2.7500044e-11
CCCCCCCCN=c1ccn(CCCCCCCCCCn2ccc(=NCCCCCCCC)cc2)cc1,0.9934275
CCCC[C@@H](CC)COC(=O)/C=C/c1ccc(OC)cc1,0.0006792917
CCCC[C@@H](CC)COC(=O)c1ccccc1O,5.1199564e-05
CCCC[C@@H](CC)COC(=O)C(C#N)=C(c1ccccc1)c1ccccc1,3.263989e-05
CC(C)CCC[C@@H](C)N,2.1654257e-06
NCC(O)c1ccc(O)cc1,8.8201254e-05
C[C@@H](O)[C@@H]1NC(=O)[C@H](CCCCN)NC(=O)[C@H](Cc2c[nH]c3ccccc23)NC(=O)[C@H](Cc2ccccc2)NC(=O)[C@H](NC(=O)[C@@H](N)Cc2ccccc2)CSSC[C@H](C(=O)N[C@H](CO)[C@@H](C)O)NC1=O,0.21025786
Cc1c(Cc2ccc3ccccc3n2)c2cc(F)ccc2n1CC(=O)O,0.008080996
CC(C)(F)C[C@H](N[C@@H](c1ccc(-c2ccc(S(C)(=O)=O)cc2)cc1)C(F)(F)F)C(=O)NC1(C#N)CC1,0.9676453
O=c1onc2cnc3ccccc3n12,1.1553756e-05
COc1cc2c(cc1NS(=O)(=O)c1ccc(Br)cc1C)n(C)c(=O)n2C,0.0010593402
N[C@H]1C[C@@H]1c1ccc(-c2cccc(O)c2)cc1,0.035815604
Nc1nc(NCc2ccccc2)nc(-c2ccccc2CO)n1,0.0020719583
CS(=O)(=O)Nc1ccc2oc3c(OC(F)F)ccc(C(=O)Nc4c(Cl)cncc4Cl)c3c2c1,0.6696019
N[C@@H](CCC(=O)O)C(=O)N[C@@H](Cc1c[nH]c2ccccc12)C(=O)O,0.021647075
CN1CCN(c2ccc(-c3cccc(CN4CCOCC4)c3)cc2NC(=O)c2c[nH]c(=O)cc2C(F)(F)F)CC1,0.31380662
Cc1cc2c(s1)Nc1ccccc1N=C2N1CCN(C)CC1,0.36555994
O=C(c1cc(Cc2n[nH]c(=O)c3ccccc23)ccc1F)N1CCN(C(=O)C2CC2)CC1,0.24124026
CCCCCCCC/C=C\CCCCCCCC(=O)NCCc1ccc(O)c(O)c1,0.00065235817
CCCCCCCC/C=C\CCCCCCCC(N)=O,0.017295863
CO[C@H]1C[C@H](O[C@H]2CC[C@@]3(C)[C@H](CC[C@@H]4[C@@H]3CC[C@]3(C)[C@@H](C5=CC(=O)OC5)[C@@H](OC(C)=O)C[C@]43O)C2)O[C@@H](C)[C@@H]1O,0.00011054453
CC1(C)CC[C@]2(C(=O)O)CC[C@]3(C)C(=CC[C@@H]4[C@@]5(C)CC[C@H](O)C(C)(C)[C@@H]5CC[C@]43C)[C@@H]2C1,9.96044e-07
CCCCCCCC/C=C\CCCCCCCC(=O)NCCO,0.0025655022
CC(C)CCC[C@@H](C)[C@H]1CC[C@H]2[C@@H]3CCC4=C/C(=N/O)CC[C@]4(C)[C@H]3CC[C@]12C,0.0002180528
C/C=C1\[C@H](O[C@H]2O[C@@H](CO)[C@@H](O)[C@@H](O)[C@@H]2O)OC=C(C(=O)OC)[C@H]1CC(=O)OCCc1ccc(O)c(O)c1,2.025182e-08
CC[C@H]1/C=C/C=C/C[C@@H](C)[C@H](O)[C@@](C)(O)C(=O)[C@@H](C)[C@H](O)[C@@H](C)C(=O)[C@@H](C)[C@H](O)[C@@H](C)/C=C/C(=O)O[C@@H]2[C@H](C)[C@H](CC1)O[C@]1(CC[C@H](C)[C@H](C[C@@H](C)O)O1)[C@H]2C,0.5875119
CCCc1nc(C(C)(C)O)c(C(=O)O)n1Cc1ccc(-c2ccccc2-c2nn[nH]n2)cc1,0.006834809
CCCc1nc(C(C)(C)O)c(C(=O)OCc2oc(=O)oc2C)n1Cc1ccc(-c2ccccc2-c2nn[nH]n2)cc1,0.047924377
C=CC(=O)Nc1cccc(Oc2nc(Nc3ccc(N4CCN(C)CC4)cc3)nc3ccsc23)c1,0.013948356
COc1ccc2c(c1OCc1ccccc1)C[C@@H](C(=O)O)N(C(=O)C(c1ccccc1)c1ccccc1)C2,0.01768954
Cn1cnc2c(NCc3ccccc3)nc(NCCO)nc21,0.0061628674
CN(C)CC/C=C1/c2ccccc2COc2ccc(CC(=O)O)cc21,0.000555584
Cc1[nH]c(=O)c(C#N)cc1-c1ccc2nccn2c1,0.73729664
O=C(O)c1cc(/N=N/c2ccc(O)c(C(=O)O)c2)ccc1O,0.3803562
Cc1c(-c2cnccn2)ssc1=S,0.94224477
CCCCCCCCCCCCCCOc1ccc(C(=O)OCC(=O)N(C)CC(=O)OCC)o1,0.44545835
CCCCCCCC/C=C\CCCCCCCC(=O)NCc1ccc(O)c(OC)c1,0.0037293294
CN(C)c1cc(CNCC(C)(C)C)c(O)c2c1C[C@H]1C[C@H]3[C@H](N(C)C)C(=O)[C@H](C(N)=O)C(=O)[C@@]3(O)C(=O)[C@@H]1C2=O,0.8962405
O=C(N[C@H]1CCS[C@H]2CCC[C@@H](C(=O)O)N2C1=O)[C@@H](S)Cc1ccccc1,0.31035212
CS(=O)(=O)n1cc2c(n1)CN([C@H]1CO[C@H](c3cc(F)ccc3F)[C@@H](N)C1)C2,0.0020883637
COC(=O)N[C@H](C(=O)N1CCC[C@H]1C(=O)Nc1ccc([C@@H]2CC[C@@H](c3ccc(NC(=O)[C@@H]4CCCN4C(=O)[C@@H](NC(=O)OC)C(C)C)cc3)N2c2ccc(C(C)(C)C)cc2)cc1)C(C)C,0.90112406
COc1ccc(/C=C\c2cc(OC)c(OC)c(OC)c2)cc1NC(=O)[C@@H](N)CO,1.1668262e-05
CCCCCCCC/C=C\CCCCCCCC(=O)N[C@@H](CO)Cc1ccc(O)cc1,0.010964017
COC(=O)N1CCN(Cc2cccc(NC(=O)Nc3ccc(C)nc3)c2F)CC1,0.000670331
O=C(O)CCCCCCCCCCCCCCc1ccc(I)cc1,0.03879615
CC/C=C\C/C=C\C/C=C\C/C=C\C/C=C\CCCC(=O)OCC,9.745443e-06
COc1ccc2c(c1)nc([S@@](=O)Cc1ncc(C)c(OC)c1C)[n]2[Mg][n]1c([S@@](=O)Cc2ncc(C)c(OC)c2C)nc2cc(OC)ccc21,0.41322687
COc1ccc2nc(SCc3ncc(C)c(OC)c3C)[nH]c2c1,0.0003211241
CC(C)[C@]12O[C@H]1[C@@H]1O[C@]13[C@]1(O[C@H]1C[C@H]1C4=C(CC[C@@]13C)C(=O)OC4)[C@@H]2OC(=O)CCC(=O)O,0.0014361214
COc1cc(OC)c(/C=C/S(=O)(=O)Cc2ccc(OC)c(N)c2)c(OC)c1,0.0030226733
O=Cc1cn(Cc2ccc(Cl)cc2)c2ccccc12,0.0015682464
Cc1ccccc1CN1C(=O)C2=C(CCN(Cc3ccccc3)C2)N2CCN=C12,0.0077372845
Cc1nccn1C[C@H]1CCc2c(c3ccccc3n2C)C1=O,0.05419749
C[C@@H](C(=O)Nc1cc(C#N)ccc1CCCC(=O)O)c1ccc(F)c2ccccc12,0.16802384
CC#CC(=O)N1CC[C@@H](n2c(=O)n(-c3ccc(Oc4ccccc4)cc3)c3c(N)ncnc32)C1,0.13087104
CCOCOC[C@H](C[C@H](C)C(=O)NO)NC(=O)c1ccc(Oc2ccccc2)cc1,0.12713714
Cc1csc(S(=O)(=O)N(CC(C)C)c2cc3c(cc2OCc2ccc(C(=O)O)cc2)CCC3)n1,0.61821944
COc1ccc(C[C@H](NC(=O)[C@H](C)NC(=O)CN2CCOCC2)C(=O)N[C@@H](Cc2ccccc2)C(=O)[C@@]2(C)CO2)cc1,0.0016935178
CN1CCN(c2ccc(Nc3ncc4cc(C#N)c(=O)n(C5CCCC5)c4n3)cc2)CC1,0.107769586
NCCONC(=O)[C@@H]1CC[C@@H]2CN1C(=O)N2OS(=O)(=O)O,0.00021858401
CC(=O)NCCCOc1ccc(C(=O)N2CCC(N3C(=O)CCc4ccccc43)CC2)cc1,0.54074854
Cc1c(Cl)c(C)[n+]([O-])c(Cl)c1-c1noc(-c2cc(O)c(O)c([N+](=O)[O-])c2)n1,0.017060176
OCCN1CCN(CCCN2c3ccccc3C=Cc3ccccc32)CC1,0.01169899
COC[C@H](NC(=O)c1cnc(C)s1)C(=O)N[C@@H](COC)C(=O)N[C@@H](Cc1ccccc1)C(=O)[C@@]1(C)CO1,0.015038681
O=[N+]([O-])c1cc(O)c(O)c([N+](=O)[O-])c1,8.307773e-05
Cc1[nH]c(/C=C2\C(=O)Nc3ccccc32)c(C)c1CCC(=O)O,0.0026179797
C[C@@H]1CN(c2c(F)c(F)c3c(=O)c(C(=O)O)cn(C4CC4)c3c2F)C[C@H](C)N1,0.9990025
CC(C)C[C@H](N[C@@H](Cc1cncn1Cc1cc(Cl)cc(Cl)c1)C(=O)O)C(=O)O,0.02934672
FC(F)(F)c1ccc(N2CCNCC2)nc1Cl,0.003991243
COc1cc(C(=O)NCC2(N(C)C)CCCC2)cc(OC)c1OCc1ccccc1,0.009594524
O=C1c2cccnc2OC[C@@H]2CCCN12,0.01037284
CCc1c(C(=O)NCCc2ccc(N3CCCCC3)cc2)[nH]c2ccc(Cl)cc12,0.5763236
CC1(CN)Cc2ccccc2C1,0.00038004215
C=C1C(=O)[C@]23[C@H](O)[C@H]1CC[C@H]2[C@@]12CO[C@]3(O)[C@@H](O)[C@@H]1C(C)(C)CC[C@@H]2O,1.1061359e-05
CN[C@H](CC(C)C)C(=O)N[C@H]1C(=O)N[C@@H](CC(N)=O)C(=O)N[C@H]2C(=O)N[C@H]3C(=O)N[C@H](C(=O)N[C@H](C(=O)O)c4cc(O)cc(O)c4-c4cc3ccc4O)[C@H](O[C@H]3C[C@](C)(N)[C@@H](O)[C@H](C)O3)c3ccc(c(Cl)c3)Oc3cc2cc(c3O[C@@H]2O[C@H](CO)[C@@H](O)[C@H](O)[C@H]2O[C@H]2C[C@](C)(NCc3ccc(-c4ccc(Cl)cc4)cc3)[C@@H](O)[C@H](C)O2)Oc2ccc(cc2Cl)[C@H]1O,0.98588437
CCCCCCCCCCC[C@@H](C[C@@H]1OC(=O)[C@H]1CCCCCC)OC(=O)[C@H](CC(C)C)NC=O,0.5784034
COc1ccc2c(c1)OC(C)(C)[C@@H](c1ccccc1)[C@@H]2c1ccc(OCCN2CCCC2)cc1,0.022047224
Cc1ncc([N+](=O)[O-])n1C[C@@H](O)CCl,0.012384508
NCCC[C@H](NC(=O)[C@@H]1CCCN1C(=O)[C@@H]1CSSC[C@H](N)C(=O)N[C@@H](Cc2ccc(O)cc2)C(=O)N[C@@H](Cc2ccccc2)C(=O)N[C@@H](CCC(N)=O)C(=O)N[C@@H](CC(N)=O)C(=O)N1)C(=O)NCC(N)=O,0.04239236
NCCC[C@@H](N)C(=O)O,0.009321635
O=C(O)c1cc(=O)[nH]c(=O)[nH]1,0.3406321
CC(C)C[C@H](NC(=O)[C@H](CCCCN)NC(=O)[C@H](CCCNC(=N)N)NC(=O)[C@H](C)NC(=O)[C@H](CO)NC(=O)[C@H](CCCCN)NC(=O)[C@H](CCCNC(=N)N)NC(=O)[C@H](C)NC(=O)CNC(=O)[C@@H](NC(=O)[C@H](Cc1ccccc1)NC(=O)CNC(=O)CNC(=O)[C@@H](N)Cc1ccccc1)[C@@H](C)O)C(=O)N[C@@H](C)C(=O)N[C@@H](CC(N)=O)C(=O)N[C@@H](CCC(N)=O)C(=O)O,0.052849423
Cc1ccccc1[C@@H](OCCN(C)C)c1ccccc1,0.00027098999
CNC(=O)c1ccc2cc([C@]3(O)CCn4cncc43)ccc2c1,0.035106882
NC1CCC(N[C@@H]2C[C@H]2c2ccccc2)CC1,0.00032440276
CCC(CC)O[C@@H]1C=C(C(=O)O)C[C@H](N)[C@H]1NC(C)=O,0.10241562
CCOC(=O)C1=C[C@@H](OC(CC)CC)[C@H](NC(C)=O)[C@@H](N)C1,0.00959902
c1ccc2c(c1)OC[C@H](CNCCCOc1ccc3c(c1)OCO3)O2,0.00037303666
COc1cccc2cc(-c3nc([C@H]4CC[C@H](C(=O)O)CC4)n4ncnc(N)c34)[nH]c12,0.050028197
C#Cc1cccc(Nc2ncnc3cc(OCCOC)c(OCCO)cc23)c1,0.0049173185
O=C(Nc1ccc(OC(F)(F)F)cc1)c1sccc1NCc1ccnc2ccccc12,0.35421398
N#Cc1ccc([C@H]2CCc3cncn32)c(F)c1,0.004701312
C=CC(=O)Nc1cc(Nc2nccc(-c3cn(C)c4ccccc34)n2)c(OC)cc1N(C)CCN(C)C,0.060208786
OCCOc1ccc(/C(=C(/CCCl)c2ccccc2)c2ccccc2)cc1,0.003696934
C[C@](O)(COc1ccc(C#N)cc1)C(=O)Nc1ccc(C#N)c(C(F)(F)F)c1,0.08154791
COc1ccc2ccc(=O)oc2c1CC=C(C)C,0.05120539
CO/N=C1/C[C@@H](C(=O)NC[C@@H](O)c2ccccc2)N(C(=O)c2ccc(-c3ccccc3C)cc2)C1,0.00020531578
COC(=O)[C@H](Cc1cccc(C(=N)N)c1)[C@@H](C)NC(=O)c1ccc(-c2cc[n+]([O-])cc2)cc1,0.007292639
CCN(CC)C[C@H]1CCCCN1CC(=O)N1c2ccccc2C(=O)Nc2cccnc21,0.00019466014
CCCCCCCCOc1ccccc1C(=O)Nc1ccc(C(=O)OCC[N+](C)(CC)CC)cc1,0.3708574
CC(=O)c1cnc2ccc(-c3cc(Cl)c(O)c(Cl)c3)nc2c1N[C@H]1CC[C@H](CN(C)C)CC1,0.99960417
Cc1cc(O)c(-c2ccc([C@@H](C)CN)cc2)c2c1[nH]c(=O)c1sccc12,0.07991681
Cc1sc2c(c1C)C(c1ccc(Cl)cc1)=N[C@@H](CC(=O)Nc1ccc(O)cc1)c1nnc(C)n1-2,0.07141431
C[C@@H]1O[C@@H](O[C@@H]2C[C@@H](O)[C@]3(CO)[C@H]4[C@H](O)C[C@]5(C)[C@@H](C6=CC(=O)OC6)CC[C@]5(O)[C@@H]4CC[C@]3(O)C2)[C@H](O)[C@H](O)[C@H]1O,0.003340555
Fc1ccccc1CNCc1ccc(-c2ccnc3[nH]ccc23)cc1,0.045850668
CC(=O)N1C[C@H](O)C[C@H]1C(=O)O,4.408422e-05
Cc1onc(-c2ccccc2)c1C(=O)N[C@@H]1C(=O)N2[C@@H]1SC(C)(C)[C@@H]2C(=O)O,0.80265963
O=C1CCCCCCCCCCCCCCO1,0.0012650279
O=C1[O][Pt]2([NH][C@@H]3CCCC[C@H]3[NH]2)[O]C1=O,0.0005808303
O=C(O)C=C(O)C(=O)O,0.015605058
CN1CCCN=C1/C=C/c1cccc(O)c1,0.0031674798
O=C(O)CCc1nc(-c2ccccc2)c(-c2ccccc2)o1,0.036883906
O=c1[nH]c2ccccc2n1CCCN1CCN(C(c2ccccc2)c2ccccc2)CC1,0.0086133005
NC(=O)N1c2ccccc2CC(=O)c2ccccc21,0.0016924242
CCN(CC)CCOCCOC(=O)C(CC)(CC)c1ccccc1,0.0038364434
CN(C(=O)CN(CCO)CC(=O)N(C)C(C)(C)Cc1ccccc1)C(C)(C)Cc1ccccc1,0.00048852374
Cc1noc(C)c1-c1cc(O)cc([C@@H](O)c2ccccc2)c1,0.048734546
COC(=O)Nc1nc2ccc([S@@](=O)c3ccccc3)cc2[nH]1,0.0060084807
N[C@@H](C(=O)O)c1ccc(O)cc1,0.013001776
CCCOc1ccc2nc(NC(=O)OC)[nH]c2c1,0.0014468367
Clc1ccc(CO/N=C(\Cn2ccnc2)c2ccc(Cl)cc2Cl)c(Cl)c1,0.12339803
NCCc1cc(O)c(O)cc1O,5.412377e-06
O=C(O)c1ccc[n+]([O-])c1,0.02017416
O=c1[nH]c2ccccc2n1C1CCN(CCOc2ccccc2)CC1,0.0005216286
NC(=O)CN1C[C@H](O)CC1=O,4.3355612e-05
CCN(CC)CCc1nc(-c2ccccc2)no1,4.4229324e-07
CCn1cc(C(=O)O)c(=O)c2cc3c(cc21)OCO3,0.3455907
O=C(O)c1nc(=O)[nH]c(=O)[nH]1,0.079122946
C[N+](C)(C)CC#CCN1CCCC1=O,2.300153e-05
O=C1CCCN1CC#CCN1CCCC1,0.0007358336
C=CCOc1ccccc1OC[C@H](O)CNC(C)C,1.2503043e-05
COc1ccc(C(=O)c2ccccc2)c(O)c1,0.021380348
CCCCOc1cc(C(=O)OCCN(CC)CC)ccc1N,0.0034793364
CCN(CC)CC#CCOC(=O)[C@](O)(c1ccccc1)C1CCCCC1,0.00023083948
O=C(Nc1cc(Cl)cc(Cl)c1O)c1c(O)c(Cl)cc(Cl)c1Cl,0.68105924
COc1cccc(C(=O)CCN[C@@H](C)[C@H](O)c2ccccc2)c1,0.1058562
O=C1CCC[C@@H]2[C@H]3CCC[N@+]4([O-])CCC[C@@H](CN12)[C@@H]34,0.0009799863
Cc1cc(C(C)(C)C)c(O)c(C)c1CC1=NCCN1,0.1672097
CCCC[C@H]1C(=O)N(c2ccccc2)N(c2ccc(O)cc2)C1=O,0.0062121013
CN1CCCN=C1COC(=O)[C@](O)(c1ccccc1)C1CCCCC1,0.00041537933
CC[N+](C)(CC)CCOC(=O)C(O)(c1ccccc1)C1CCCCC1,0.00013049849
O=c1nc2[nH][nH]cc-2c(=O)[nH]1,0.09617693
Oc1cccc2cccnc12,0.09973554
CN(C)[C@@H]1C(=O)C(C(N)=O)=C(O)[C@@]2(O)C(O)=C3C(=O)c4c(O)cccc4[C@@](C)(O)[C@H]3[C@H](O)[C@@H]12,0.9974795
CC[C@H](C)[C@@H]1NC(=O)[C@H](Cc2ccc(O)cc2)NC(=O)[C@@H](N)CSSC[C@@H](C(=O)N2CCC[C@H]2C(=O)N[C@@H](CC(C)C)C(=O)NCC(N)=O)NC(=O)[C@H](CC(N)=O)NC(=O)[C@H](CCC(N)=O)NC1=O,0.099502444
O=C(O)/C=C/c1ccc(Cn2ccnc2)cc1,0.1094352
CC(C)Oc1ccc(-c2nc(-c3cccc4c3CC[C@@H]4NCCO)no2)cc1C#N,0.68143207
CNc1ncc(-c2ccc3c(=O)c(C(=O)O)cn(C4CC4)c3c2C)cc1C,0.993382
CN1C(=O)[C@H](N2CCCCC2)S/C1=C\C(=O)O,0.038391896
COc1ccc(COc2ccc(CC#N)cc2)cc1,0.014457931
Nc1nc(OCc2ccccc2)c2[nH]cnc2n1,0.0034078895
CCCCCOC(=O)c1ccc(N(C)C)cc1,0.0034124318
CCCCCCOc1cc2c(cc1N(C)c1ncc(C(=O)O)cn1)C(C)(C)CCC2(C)C,0.9449641
C=CCc1cccc(/C=N/NC(=O)CN2CCN(Cc3ccccc3)CC2)c1O,0.10526482
CC(=O)O[C@H]1C(=O)[C@@]2(C)[C@H]([C@H](OC(=O)c3ccccc3)[C@]3(O)C[C@H](OC(=O)[C@H](O)[C@@H](NC(=O)c4ccccc4)c4ccccc4)C(C)=C1C3(C)C)[C@]1(OC(C)=O)CO[C@@H]1C[C@@H]2O,5.9102207e-05
CCCCCCCCCCCCCCCC(=O)C(F)(F)F,0.047709152
C1=C/COCc2cc(ccc2OCCN2CCCC2)Nc2nccc(n2)-c2cccc(c2)COC/1,0.0004646961
COCc1nn2c(CN3C[C@@H](CC(F)(F)Cl)CC3=O)c(C(F)(F)F)nc2s1,0.025434613
C[C@@]12C[C@@]3(O)O[C@@H](O1)[C@]1(COC(=O)c4ccccc4)[C@H]3C[C@@]12O[C@@H]1O[C@H](CO)[C@@H](O)[C@H](O)[C@H]1O,6.1846736e-06
COc1ccc(C(C)=O)c(O)c1,0.0018771117
CON=C(N)c1ccc(-c2ccc(-c3ccc(C(N)=NOC)cc3)o2)cc1,0.006175096
CC(C)CCC(=O)C[C@H]1c2ccccc2C(=O)N1c1ccc2ccc(Cl)nc2n1,0.009744673
CC(=O)c1c(C)c2cnc(Nc3ccc(N4CCNCC4)cn3)nc2n(C2CCCC2)c1=O,0.8492473
O=P(O)(NCCCl)NCCCl,0.0015003677
Cc1nc2n(c(=O)c1CCN1CCC(c3noc4cc(F)ccc34)CC1)CCC[C@@H]2O,0.040158823
COc1cc2c(cc1OC)-c1cc3ccc(OC)c(OC)c3c[n+]1CC2,0.062264305
CCCCCC/C=C\CCCCCCCC(=O)O,0.009045129
CCCCCCCCCCCCCCCC(=O)O[C@@H](CC(=O)O)C[N+](C)(C)C,0.5369233
CCCCCCCCCCCCCCCC(=O)NCCO,0.003284854
COc1ccc(COc2cc3oc(=O)c4cc([C@@H](C)O)ccc4c3cc2OC)cc1,0.00038312448
O=C1c2cccc3c2[C@H](CCC3)CN1[C@@H]1CN2CCC1CC2,0.00021673534
Cc1cc(NC(=O)NCCN2CCC(O)(Cc3ccccc3)CC2)c2ccccc2n1,0.19182637
CC1(C)CCC(C)(C)c2cc(Cn3cccn3)c(/C=C/c3ccc(C(=O)O)cc3)cc21,0.71255696
Cn1c(=O)c2[nH]c(Br)nc2n(C)c1=O,0.004158283
NCCC(O)(P(=O)(O)O)P(=O)(O)O,1.1612274e-06
C[C@]12CCCN1CC1=NNC(=O)c3cc(F)cc4[nH]c2c1c34,0.02339393
CC(=O)O[C@H]1C[C@@H]2CC[C@@H]3[C@H](CC[C@@]4(C)[C@H]3C[C@H]([N+]3(C)CCCCC3)[C@@H]4OC(C)=O)[C@@]2(C)C[C@@H]1[N+]1(C)CCCCC1,0.0060726963
C=C(N)N1CC[C@H](SC2=C(C(=O)O)N3C(=O)[C@H]([C@@H](C)O)[C@H]3C2)C1,0.99474335
Cc1[nH]c2ccccc2c1CCNCc1ccc(/C=C/C(=O)NO)cc1,0.027528703
CC(C)(CO)[C@@H](O)C(=O)NCCC(=O)NCCSSCCNC(=O)CCNC(=O)[C@H](O)C(C)(C)CO,0.960334
COc1ccnc(C[S@@](=O)c2nc3ccc(OC(F)F)cc3[nH]2)c1OC,0.019037684
CC(C)(CO)[C@@H](O)C(=O)NCCC(=O)O,0.14149998
NC(=O)CN1CC[C@@H](NC(=O)[C@@H]2CCCN2)C1=O,0.0075663305
COc1ccc(Cc2nccc3cc(OC)c(OC)cc23)cc1OC,0.004142827
CCc1cccc2c1c(O)c(C(=O)N(CC)c1ccccc1)c(=O)n2C,0.37497005
Cc1ccc(S(N)(=O)=O)cc1,0.0057818443
CC(=O)Nc1ccc(O)cc1,0.00062331825
Oc1ccc(Cl)cc1,0.0017334338
CC[C@@]1(C)OC(=O)N(C)C1=O,5.639941e-06
Cn1c(=O)[nH]c2ncn(C)c2c1=O,0.4519838
CCCCc1ccc2nc(NC(=O)OC)[nH]c2c1,0.010921102
CC(=O)Nc1ccc(O[C@]2(C)OC(=O)c3ccccc3O2)cc1,4.2541124e-05
CN1CCN(c2cccc3[nH]c(=O)oc23)CC1,0.000965501
CCC(=O)NS(=O)(=O)c1ccc(-c2c(-c3ccccc3)noc2C)cc1,0.03484478
CCOc1ccc(C(=O)OCCN(CC)CC)cc1,0.00064080936
C#CCN(C)Cc1ccccc1,0.00066387444
C[C@H](/C=C/[C@H](C)C(C)(C)O)[C@H]1CC[C@H]2/C(=C/C=C3C[C@@H](O)C[C@H](O)C3)CCC[C@]12C,0.83368945
Cc1cnc(C(=O)N[C@H]2CCCCC/C=C\[C@@H]3C[C@@]3(C(=O)NS(=O)(=O)C3CC3)NC(=O)[C@@H]3C[C@@H](Oc4nc5ccccc5c5ccccc45)CN3C2=O)cn1,0.92726076
NC[C@@H]1O[C@H](O[C@H]2[C@@H](O)[C@H](O[C@@H]3[C@@H](O)[C@H](N)C[C@H](N)[C@H]3O[C@H]3O[C@H](CO)[C@@H](O)[C@H](O)[C@H]3N)O[C@@H]2CO)[C@H](N)[C@@H](O)[C@@H]1O,0.82003236
Fc1ccc([C@@H]2CCNC[C@H]2COc2ccc3c(c2)OCO3)cc1,1.3964325e-06
CCC(=O)c1ccc(O)cc1,0.0005193435
CCOc1c([C@H](C)n2nc(C)c3c(N)ncnc32)cc(Cl)c(F)c1[C@@H]1CNC(=O)C1,0.16508327
C=C1C(=O)O[C@H]2[C@H]1CC/C(C)=C/CC[C@@]1(C)O[C@@H]21,0.0010724887
C=C1C(=O)O[C@H]2[C@H]1CC/C(C)=C\CC[C@@]1(C)O[C@@H]21,0.00048345813
C=C1C(=O)O[C@@H]2[C@H]3O[C@]3(C)CC/C=C(\C)CC[C@@H]12,0.041587424
NCCCC[C@@H]1NC(=O)[C@@H](Cc2c[nH]c3ccccc23)NC(=O)[C@H](c2ccccc2)NC(=O)[C@@H]2C[C@@H](OC(=O)NCCN)CN2C(=O)[C@H](Cc2ccccc2)NC(=O)[C@H](Cc2ccc(OCc3ccccc3)cc2)NC1=O,0.82748294
NCc1cc(Oc2cccc(C(=O)N3C[C@@H](O)[C@H](F)C3)c2)nc(C(F)(F)F)c1,0.035366382
CC[C@H](NC(=O)c1c(NS(C)(=O)=O)c(-c2ccccc2)nc2ccccc12)c1ccccc1,0.0356729
Cc1ccc(Nc2nccc(N(C)c3ccc4c(C)n(C)nc4c3)n2)cc1S(N)(=O)=O,0.08888849
C[C@H]1COc2c(C3(N)CC3)c(F)cc3c(=O)c(C(=O)O)cn1c23,0.9841464
CCCCCc1cccc(CC(=O)O)c1,0.002246684
CN(C)Cc1ccc2c(Cl)cc(Cl)c(O)c2n1,0.021884171
COC(=O)C1=C(C)NC(C)=C(C(=O)OCCSc2ccccc2)[C@@H]1C,2.8933368e-05
CN(C)Cc1c(C(=O)NCCOc2ccc(C(=O)NO)cc2)oc2ccccc12,1.4399124e-05
N=C(N)c1ccc2nc(-c3cc(CC(=O)N[C@@H](CC(=O)O)C(=O)O)cc(-c4cc(S(N)(=O)=O)ccc4O)c3O)[nH]c2c1,0.08937692
Nc1ncnc2c1c(-c1ccc(Oc3ccccc3)cc1)nn2C1CCCC1,0.0004592527
COc1ccc(Cn2ccc3ccc(C(=O)NO)cc32)cc1,9.524283e-05
CC1(C)Oc2ccc(C#N)cc2[C@@H](OC2=CC(=O)CC2)[C@@H]1O,0.57245344
O=C(NOC[C@H](O)CO)c1ccc(F)c(F)c1Nc1ccc(I)cc1F,0.44498292
CCOC(=O)c1c(C)[nH]c2ccc3c(c12)CN1CCc2cc(OC)ccc2[C@H]1O3,0.15417123
O=C(O)c1ccccc1Nc1ccc(CCc2ccc(Cl)c(Cl)c2)cc1,0.21175581
Cc1cc(Cn2cnc3c2C[C@@H](C(=O)O)N(C(=O)C(c2ccccc2)c2ccccc2)C3)ccc1N(C)C,0.023731127
CCCN1CCO[C@@H]2c3cc(O)ccc3OC[C@H]21,0.0023664357
COc1cc2ncnc(Nc3cccc(Br)c3)c2cc1OC,0.03095798
COc1ccc(C(=O)/C(Cc2cc(OC)c(OC)c(OC)c2)=C(\C(=O)O)c2ccc3c(c2)OCO3)cc1,0.0004787347
CNc1cc2c(Nc3cccc(Br)c3)ncnc2cn1,0.0071913023
CC(C)c1ccccc1S(=O)(=O)c1cc(N)c2ncccc2c1[N+](=O)[O-],0.009296744
CCN(CC)CCCCNc1ncc2cc(-c3c(Cl)cccc3Cl)c(NC(=O)NC(C)(C)C)nc2n1,0.9217474
CCN(CC)CCOc1ccc(Nc2ncc3cc(-c4c(Cl)cccc4Cl)c(=O)n(C)c3n2)cc1,0.2216468
CC(C)[C@H](NS(=O)(=O)c1ccc(-c2ccc(Br)cc2)cc1)C(=O)O,0.81831
Cc1cccc(C(=O)NCN2CCN(c3ccccc3C#N)CC2)c1,0.17629401
C=CC(=O)Nc1ccc2ncnc(Nc3cccc(Br)c3)c2c1,0.0011194209
Cc1ccc(N2CCN(CC[C@H]3NC(=O)c4ccccc43)CC2)cc1C,0.0013169566
CCN(CC)CCCCNc1ncc2cc(-c3cc(OC)cc(OC)c3)c(NC(=O)NC(C)(C)C)nc2n1,0.12876965
CC(C)C[C@@H](C(=O)N[C@@H](Cc1ccc(OCc2ccccc2)cc1)C(=O)NC(C)(C)C)N(C)Cc1ccc(C(C)(C)C)cc1,0.96402335
O=C(NOCC1CC1)c1ccc(F)c(F)c1Nc1ccc(I)cc1Cl,0.94933546
Cc1cc(I)ccc1Nc1c(C(=O)NOCC2CC2)cc(F)c(F)c1F,0.98567677
O=C(NOC[C@H](O)CO)c1cc(Br)c(F)c(F)c1Nc1ccc(I)cc1F,0.9789924
O=C1NC(=O)c2c1c(-c1ccccc1)cc1[nH]c3ccc(O)cc3c21,0.4088222
Cc1sc(N)c(C(=O)c2cccc(C(F)(F)F)c2)c1C,0.5026838
COc1cccc(-c2cc(=O)c3ccccc3o2)c1N,0.29372817
Cc1cc(Cn2c(=O)n(Cc3cnc(C)s3)c(=O)c3cc(S(=O)(=O)NC4(C)CC4)ccc32)n(C)n1,0.26559612
Cc1ncc(C)n2nc([C@@H]3C[C@H]3c3nc4c5cccnc5ccn4c3C)nc12,0.00013989795
CCCCCCCCCCCCCCCc1cccc(OCC(=O)NCCO)c1,0.005322379
COc1cc(OCc2cccc(-c3ccccc3)c2C)cc(OC)c1CN1CCCC[C@H]1C(=O)O,0.15869874
NC(=O)c1cnc2[nH]ccc2c1N[C@@H]1[C@@H]2C[C@@H]3C[C@H]1C[C@@](O)(C3)C2,0.3242861
CCn1cc(C(=O)O)c(=O)c2cc(F)c(N3CCN(C)CC3)cc21,0.91945267
O=c1[nH]c2ccccc2c(=O)n1CCCN1CCN(c2ccccc2)CC1,0.0060785967
CCOc1cc2ncc(C#N)c(Nc3ccc(F)c(Cl)c3)c2cc1NC(=O)/C=C/CN(C)C,0.98706484
Cc1nc(=O)c(C#N)c(NCc2cccnc2)[nH]1,0.18264112
CC[C@@H](Oc1cccc(CN(CCCOc2ccc(OC)cc2)c2nc3ccccc3o2)c1)C(=O)O,0.24850506
Nc1nc(=O)c2c(CCc3ccc(C(=O)N[C@@H](CCC(=O)O)C(=O)O)cc3)c[nH]c2[nH]1,0.0065300404
Cc1cccn2c(=O)c(-c3nn[nH]n3)cnc12,0.005270648
CN1C(C)(C)CCCC1(C)C,5.0986353e-05
CC(C)(C)NC[C@H](O)COc1ccccc1C1CCCC1,0.0003725439
Nc1nc(=O)c2ncn(CCC(CO)CO)c2[nH]1,0.0003367871
OC1(c2ccc(Cl)c(C(F)(F)F)c2)CCN(CCCC(c2ccc(F)cc2)c2ccc(F)cc2)CC1,0.91616094
CC(C)(S)[C@@H](N)C(=O)O,0.0015060074
CC1(C)S[C@@H]2[C@H](NC(=O)COc3ccccc3)C(=O)N2[C@H]1C(=O)O,0.7318867
CCCCCCCCCCCCCCCCCCCCCCCCC(=O)O,0.050044753
CSCC[C@H](NC(=O)[C@H](Cc1c[nH]c2ccccc12)NC(=O)CCNC(=O)OC(C)(C)C)C(=O)N[C@@H](CC(=O)O)C(=O)N[C@@H](Cc1ccccc1)C(N)=O,0.0914409
N=C(N)c1ccc(OCCCCCOc2ccc(C(=N)N)cc2)cc1,0.096261
O=C(O)CN(CCN(CC(=O)O)CC(=O)O)CCN(CC(=O)O)CC(=O)O,0.0009081651
C[N+]1(CCCCC[N+]2(C)CCCC2)CCCC1,3.7588525e-05
OC[C@H]1O[C@@H](n2cnc3c2NC=NC[C@H]3O)C[C@@H]1O,0.5535237
CC(=O)CCCCn1c(=O)c2c(ncn2C)n(C)c1=O,0.55365497
C1CCc2nnnn2CC1,6.863073e-05
COc1ccc([C@@H](O)c2cc(-c3ncnc4cc(N5CCOCC5)ccc34)c(F)cc2Cl)nn1,0.0023993945
CC(C)CC(=O)N[C@H](C(=O)N[C@H](C(=O)N[C@@H](CC(C)C)[C@@H](O)CC(=O)N[C@@H](C)C(=O)N[C@@H](CC(C)C)[C@@H](O)CC(=O)O)C(C)C)C(C)C,0.20975317
CCC(CC)[C@H](NC(C)=O)[C@@H]1[C@H](O)[C@@H](C(=O)O)C[C@H]1NC(=N)N,0.11605463
NC(=S)N/N=C/c1ccncc1,5.861254e-07
CC(C)=CCC/C(C)=C/CC/C(C)=C/C=C/C(C)=C/C(=O)O,0.014721274
FC(F)(F)C(F)(F)C(F)(F)N(C(F)(F)C(F)(F)C(F)(F)F)C(F)(F)C(F)(F)C(F)(F)F,1.1228312e-28
FC(F)(F)C(F)(F)C(F)(F)C(F)(F)C(F)(F)C(F)(F)C(F)(F)C(F)(F)Br,9.628777e-28
FC1(F)C(F)(F)C(F)(F)C2(F)C(F)(F)C(F)(F)C(F)(F)C(F)(F)C2(F)C1(F)F,1.4204818e-26
CCCCCCCCC(F)(F)C(F)(F)C(F)(F)C(F)(F)C(F)(F)C(F)(F)F,3.8745394e-16
CCCN1C[C@H](CSC)C[C@@H]2c3cccc4[nH]cc(c34)C[C@H]21,0.032656226
C1CCC(C(C[C@H]2CCCCN2)C2CCCCC2)CC1,0.0004944215
CCCCCCCCCCCCCCCCCCOP(=O)(O)OC1CC[N+](C)(C)CC1,0.6897214
C=C(C)[C@@H]1CC=C(CO)CC1,0.00013276667
CCC[C@H](N[C@@H](C)C(=O)N1[C@H](C(=O)O)C[C@@H]2CCCC[C@@H]21)C(=O)OCC,0.0061722435
CCC[C@H](N[C@@H](C)C(=O)N1[C@H](C(=O)O)C[C@@H]2CCCC[C@@H]21)C(=O)O,0.052702844
CC1(C)[C@@H](C=C(Cl)Cl)[C@@H]1C(=O)OCc1cccc(Oc2ccccc2)c1,0.082982786
O=C1[C@H]2CCCC[C@H]2C(=O)N1CCCCN1CCN(c2nsc3ccccc23)CC1,0.9956045
OCCN1CCN(CCCN2c3ccccc3Sc3ccc(Cl)cc32)CC1,0.015194956
CO[C@H]1[C@@H](O)[C@@H](C)O[C@@H](O[C@H]2CC[C@@]3(C=O)[C@H](CC[C@@H]4[C@@H]3CC[C@]3(C)[C@@H](C5=CC(=O)OC5)CC[C@]43O)C2)[C@@H]1O,0.0001851943
O=c1c2c(c1=O)N(CCP(=O)(O)O)CCCN2,0.0005973291
O[C@@H](Cc1ccncc1)C(Cl)(Cl)Cl,0.0016220269
NS(=O)(=O)OC[C@@H]1C[C@@H](n2ccc3c(N[C@H]4CCc5ccccc54)ncnc32)C[C@@H]1O,0.34043267
FC(F)(F)c1ccc(CNc2ccc(Cc3c[nH]c4ncc(Cl)cc34)cn2)cn1,0.48178387
Cc1ccc(-n2nc(C(C)(C)C)cc2NC(=O)NCc2cc(F)ccc2Oc2ccc3c(cnn3CCO)c2)cc1,0.94713235
Cc1cc(Oc2c(C3CC3)nn(CS(C)(=O)=O)c2C)cc(C)c1C#N,0.02233367
Cn1cc(-c2ccncc2)c(-c2ccc(OCc3ccc4ccccc4n3)cc2)n1,0.09217551
CCCOCCn1c(=O)c(N2CCN(CCO)CC2)nc2cnc(-c3ccc(OC)nc3)cc21,0.00331707
CCC[C@H](N[C@H]1CCc2cc(F)cc(F)c2C1)C(=O)Nc1cn(C(C)(C)CNCC(C)(C)C)cn1,0.2268056
Cc1nc(Nc2[nH]nc3c2CN(C(=O)N[C@H](CN(C)C)c2ccccc2)C3(C)C)c2sccc2n1,0.7336024
CC(=O)NCC(=O)N1[C@@H]2CC[C@H]1c1ccc(Nc3ncc(C(F)(F)F)c(NC4CCC4)n3)cc12,0.40836748
N#Cc1ccc(N2N=C3c4ccc(C(=O)O)cc4CCC3[C@@H]2C2CCCC2)cc1Cl,0.66229385
O=C(NCC(=O)N1CC[C@H](N[C@H]2CC[C@@](O)(c3ccc(-c4ncccn4)cn3)CC2)C1)c1cccc(C(F)(F)F)c1,0.21471736
OCCn1cc(-c2cnc3nnn(Cc4ccc5ncccc5c4)c3n2)cn1,0.0067282766
COc1ccc2cc(OCC3(C(=O)O)CN(C(=O)c4ccc(F)cc4)C3)ccc2c1,0.29539466
C[C@@H]1CN(Cc2ncccn2)C[C@H]1c1nc(=O)c2cnn(C3CCOCC3)c2[nH]1,0.0650073
O=C(Nc1cccnn1)N1CCC(=Cc2cccc(Oc3ccc(C(F)(F)F)cn3)c2)CC1,0.21880451
Nc1ncnc2c1C(=O)N(c1ccc([C@H]3CC[C@H](CC(=O)O)CC3)cc1)CCO2,0.8022502
COc1ccc(-c2cc3c(C)nc(N)nc3n([C@H]3CC[C@H](OCCO)CC3)c2=O)cn1,0.94302475
CC(C)(N)c1nc(-c2ccc(OC(F)(F)F)cc2)c[nH]1,0.005100856
Cc1cnc(NC(=O)c2cc(Oc3cnc(C(=O)N(C)C)nc3)c3cc(C)oc3c2)cn1,0.55486095
OC1(CN2CCC(COc3noc4cccc(O[C@@H]5CCOC5)c34)CC2)CCOCC1,0.00025906236
Nc1[nH]ncc1-c1cc(Cl)ccc1Oc1cc(F)c(S(=O)(=O)Nc2cscn2)cc1Cl,0.86659193
Cc1nc2ccc(C(=O)N3CCC4(CC3)CC(=O)c3c(cnn3C(C)C)C4)cc2[nH]1,0.10446778
Cc1nc(-c2cnn(C)c2-c2ccc(C(F)(F)F)cn2)c2c(N3CCC3)ncnn12,0.0069886697
Cc1cc(-c2ccc3c(c2)CC[C@H]3N2CC3(CCN(C(=O)Cc4cn5cc(C)sc5n4)CC3)C2)ncn1,0.9853335
CN(C)C1CCN(C(=O)c2ccc(NC(=O)Nc3ccc(-c4nc(N5CCOCC5)nc(N5CCOCC5)n4)cc3)cc2)CC1,0.020163389
C[C@@H]1CNS(=O)(=O)N(c2ccc3c(C#N)nccc3c2)C1,0.7269295
CC(C)(CO)n1cc(C(=O)c2cncc(NC(=O)Cc3ccc(Cl)cn3)c2)c2cnc(N)nc21,0.9969483
COc1ccc(Cl)cc1-c1cc(=O)[nH]c(=S)n1CC(N)=O,0.23720804
C[C@@H](C(N)=O)[C@H](N)c1nc2cc(C(C)(C)C)ccc2[nH]1,0.063426785
O=C(O)c1c[nH]c2cc(Cl)c(-c3ccc(C4(O)CCC4)cc3)cc12,0.3954012
Cc1cc(Oc2nccc3[nH]ncc23)ccc1-c1c(C)ncnc1C,0.01473863
N#Cc1cccc(-c2c[nH]c3ncnc(N4CCOCC4)c23)c1,0.608074
C=CC(=O)N1C[C@H](COc2nc(Nc3cnn(C)c3)nc3[nH]cc(Cl)c23)[C@@H](OC)C1,0.99997723
CC[C@@H]1[C@H](F)C(=O)N[C@@H]1COc1nccc2cc(C(N)=O)c(OC)cc12,0.16960755
C=CC(=O)N1C[C@H](Nc2ncnc3[nH]ccc23)CC[C@@H]1C,0.8173335
C=CC(=O)N[C@@H]1CN(c2nc(Nc3cn(C)nc3OC)c3ncn(C)c3n2)C[C@H]1F,0.7400187
C[C@H]1C[C@H]2CSC(N)=N[C@@]2(c2nc(NC(=O)c3ccc(OC(F)F)cn3)cs2)CO1,0.36638758
O=C1C[C@H](c2c[nH]c3ccc(F)cc23)C(=O)N1,0.023716524
C[C@@]1(O)CCC[C@H]1n1c(=O)c(C(F)F)cc2cnc(NC3CCN(S(C)(=O)=O)CC3)nc21,0.2737397
O=C(N[C@H]1CCCC[C@H]1C(=O)O)c1cnn2c(O)cc(-c3ccccc3)nc12,0.093129896
COCc1nnc(N2CC(Oc3ccc(F)cc3Cl)C2)n1-c1ccc(OC)nc1,0.00078070775
O=C(Nc1cccnc1)N1CCC(Cc2cccc(Oc3ccc(C(F)(F)F)cn3)c2)CC1,0.017512674
Cn1nccc1-c1ccc(Sc2cccc(C3(C(N)=O)CCOCC3)c2)cc1,0.053526215
CCN(CC)Cc1ccc(C(=O)N(CCc2ccccc2OC)[C@@H]2CCNC2)cc1,4.2892883e-05
CN(c1ccccc1CNc1nc(Nc2ccc3c(c2)CC(=O)N3)ncc1C(F)(F)F)S(C)(=O)=O,0.1487886
CCc1cncnc1N1CCN(Cc2nc3ccc(C(F)(F)F)cc3[nH]2)CC1,0.00067827705
Cn1cc(-c2[nH]c3cc(NC(=O)[C@H](N)C4CCCCC4)cc4c3c2C=NNC4=O)cn1,0.07340068
Nc1ncnc2c1c(COc1cccc(Cl)c1)nn2C1CCOCC1,0.0009569538
Cc1ccc(-c2c(-c3nn(C)c4ncnc(N5CC[C@H](N6CCCCC6)C5)c34)cnn2C)cc1,0.006099681
CC(F)(F)CN1CCOc2c(nn(-c3ccccc3Cl)c2-c2ccc(Cl)cc2)C1=O,0.023234332
Cc1cnc(-c2cc(N3CCN(C(=O)CCS(C)(=O)=O)CC3)ncc2Cl)c(C)c1,0.0005646411
CN(c1ncccc1CNc1nc(Nc2ccc3c(c2)CC(=O)N3)ncc1C(F)(F)F)S(C)(=O)=O,0.21018927
CS(=O)(=O)c1cccc(CNc2nc(Nc3ccc4c(c3)CCC(=O)N4)ncc2C(F)(F)F)c1,0.37442443
Nc1nccc(-c2c(-c3ccc(F)cc3)ncn2C2CCCCC2)n1,0.00019209339
O=C(Nc1ccccc1)N1CCC(Cc2cnc3ccccc3c2)CC1,0.013778436
O=C(CCN1CCN(C(=O)OCc2cc(Cl)cc(Cl)c2)CC1)c1ccc2[nH]c(=O)oc2c1,0.9961746
N#Cc1ccc(-c2ccc(S(=O)(=O)Nc3cccc(N)n3)cc2)cc1,0.12510012
COc1ccccc1S(=O)(=O)Nc1ccc2c(c1)CN(C)C(=O)N2,0.00013648394
O=C(/C=C/N1C[C@H]2C[C@@H]1CN2c1ccccn1)c1ccccc1O,0.966729
COc1ccccc1C(=O)Nc1cc2c(cc1N1CCCC1)n(C)c(=O)n2C,0.012322971
O=C(/C=C/c1ccc2ccccc2n1)c1ccncc1,0.3300085
O=C(/C=C/c1ccc2ccc(C(F)(F)F)cc2n1)c1ccncc1,0.7486398
C[C@@H](C(=O)O[C@H]1C[C@H]2CC[C@@H](C1)N2C)c1ccc(Br)cc1,1.9753974e-05
N#C[C@H](c1ccnc(OCc2ccc(CN3CCOCC3)cc2)n1)c1nc2ccccc2s1,0.13419451
CNC(=O)c1ccc(C)c(-n2c(C)cc(OCc3ccc(F)cc3F)c(Br)c2=O)c1,0.78282815
O=C(N[C@H]1CN2CCC1CC2)c1cc2ccoc2cn1,0.026506582
O=C(N[C@H]1CN2CCC1CC2)c1ccc2c(c1)OCCO2,0.023890587
Cc1[nH]c(/C=C2\C(=O)Nc3ccc(S(=O)(=O)Cc4c(Cl)cccc4Cl)cc32)c(C)c1C(=O)N1CCC[C@@H]1CN1CCCC1,0.013268237
CCc1cccc(CC)c1NC(=O)N1Cc2n[nH]c(NC(=O)c3ccc(N4CCN(C)CC4)cc3)c2C1,0.16529222
O=C1NCCc2[nH]c(-c3ccncc3)cc21,0.3084296
CC(C)CC(=O)Nc1[nH]nc2c1CN(C(=O)C1CCN(C)CC1)C2(C)C,0.00820625
CNC(=O)c1nn(C)c2c1C(C)(C)Cc1cnc(Nc3ccc(N4CCN(C)CC4)cc3)nc1-2,0.120850064
O=C(Nc1ccccc1)[C@]12C[C@H]1/C(=N\O)c1ccccc1O2,0.26456344
CCOc1ccc(N=C(C)Nc2ccc(OCC)cc2)cc1,0.06407376
NC(=O)NC(=O)Cc1ccccc1,0.0011053149
CCOc1ccc(NC(C)=O)cc1,0.0026466537
Cc1cc(=O)n(-c2ccccc2)n1C,4.8237607e-06
Nc1ccc(/N=N/c2ccccc2)c(N)n1,0.15462191
NNCCc1ccccc1,2.4674853e-05
C[C@@H](Oc1ccccc1)C(=O)N[C@@H]1C(=O)N2[C@@H]1SC(C)(C)[C@@H]2C(=O)O,0.5968954
S=C=NCCc1ccccc1,0.00017890066
N=C(N=C(N)N)NCCc1ccccc1,0.0045239883
CN1CCC2=C(C1)[C@H](c1ccccc1)c1ccccc12,0.00042088045
O=C1c2ccccc2C(=O)C1c1ccccc1,0.0008197212
CN(C)CC[C@@H](c1ccccc1)c1ccccn1,0.009523363
Oc1ccccc1,0.00017310107
O=C1OC(c2ccc(O)cc2)(c2ccc(O)cc2)c2ccccc21,0.00042858557
O=S1(=O)OC(c2ccc(O)cc2)(c2ccc(O)cc2)c2ccccc21,0.0017534656
c1ccc2c(c1)Nc1ccccc1S2,0.0050069694
CC(C)=C[C@H]1[C@@H](C(=O)OCc2cccc(Oc3ccccc3)c2)C1(C)C,0.005917924
CC(COc1ccccc1)N(CCCl)Cc1ccccc1,1.2099379e-07
NC(=O)OCCCc1ccccc1,0.0003336342
CC[C@@H](c1ccccc1)c1c(O)c2ccccc2oc1=O,0.028553892
CN1CC[C@@]2(C)c3cc(OC(=O)Nc4ccccc4)ccc3N(C)[C@@H]12,1.9327597e-05
CN1C(=O)C[C@H](c2ccccc2)C1=O,3.884952e-05
Cc1ccc(N(CC2=NCCN2)c2cccc(O)c2)cc1,0.016423363
Nc1ccc(C(=O)Oc2ccccc2)c(O)c1,0.00046922982
O=C(Oc1ccccc1)c1ccccc1O,0.00036266213
NC(=O)CC[C@H](NC(=O)Cc1ccccc1)C(=O)O,0.010231349
O=S(=O)(O)c1ccc2nc(-c3ccccc3)[nH]c2c1,0.00060916244
CCCCC1C(=O)N(c2ccccc2)N(c2ccccc2)C1=O,2.7747417e-05
O=C(O)CCCc1ccccc1,0.0012153276
CNC[C@H](O)c1cccc(O)c1,0.0026704913
OCCc1ccccc1,3.6531874e-05
CC(=O)[O][Hg][c]1ccccc1,0.0018224024
O=S(=O)(F)Cc1ccccc1,1.6570993e-05
NC(=O)CN1C[C@H](c2ccccc2)CC1=O,0.00023657907
O=C1NC(=O)C(c2ccccc2)(c2ccccc2)N1,0.00028584505
CCn1c2ccccc2c2cc(CNC)ccc21,0.034577
O=C(CCc1ccc(O)cc1)c1c(O)cc(O)cc1O,0.031458415
O=C(CCc1ccc(O)cc1)c1c(O)cc(O)cc1O[C@@H]1O[C@H](CO)[C@@H](O)[C@H](O)[C@H]1O,0.0006415634
Oc1cc(O)cc(O)c1,0.09451983
Cc1cc(-c2nc3cc(F)ccc3s2)ccc1NC(=O)[C@@H](N)CCCCN,0.00888125
CCCCC/C=C\C/C=C\CCCCCCCC(=O)O[C@H](COC(=O)CCCCCCCCCCCCCCC)CO[P@@](=O)(O)OCC[N+](C)(C)C,0.21068493
On1ncc(C2CCNCC2)c1-c1cccc(-c2ccccc2)c1,0.05239037
CCCCCCCCCCCCc1ccc(S(=O)(=O)Nc2nncs2)cc1,0.010446022
CC(=O)NS(=O)(=O)c1ccc(NC(=O)c2ccccc2C(=O)O)cc1,0.39167154
O=C(O)c1ccccc1C(=O)Nc1ccc(S(=O)(=O)Nc2nccs2)cc1,0.0007259854
Oc1ccc(-c2c(-c3ccccc3)nn3c(C(F)(F)F)cc(C(F)(F)F)nc23)cc1,3.2663131e-06
CNC(=O)Oc1ccc2c(c1)[C@]1(C)CCN(C)[C@@H]1N2C,7.7418434e-07
CC1=C(C/C=C(\C)CCC[C@H](C)CCC[C@H](C)CCCC(C)C)C(=O)c2ccccc2C1=O,0.008353523
CCCCCCCCCCCCCC[C@@H](O)[C@@H](O)[C@@H](N)CO,0.029902069
Oc1cccc(-c2nc(N3CCOCC3)c3oc4ncccc4c3n2)c1,0.12962079
Nc1ccc(-c2cccc3c(=O)cc(N4CCOCC4)oc23)cc1,0.017938174
CN1CCN(c2ccc3nc(-c4ccc5nc(-c6ccc(O)cc6)[nH]c5c4)[nH]c3c2)CC1,0.25294486
CCCCN1CCC(CNC(=O)c2c3n(c4ccccc24)CCCO3)CC1,0.24266537
CNC(=S)[C@@]1(c2ccccn2)CCCS1,0.11841425
Oc1cc(O)cc(/C=C/c2ccc(O)c(O)c2)c1,0.023297077
COc1ccc(C(=O)Nc2c(Cl)cncc2Cl)cc1OC1CCCC1,0.4541497
NCc1cccnc1,4.170104e-05
O=C(O)c1ccccn1,0.03135744
OCc1ccccn1,0.0013876039
COc1ccc(C(=O)NCc2cccnc2)cc1C(=O)NCc1cccnc1,0.0009153591
CC(C)(O)[C@H]1[C@H]2OC(=O)[C@@H]1[C@@]1(O)C[C@H]3O[C@]34C(=O)O[C@@H]2[C@]41C,0.00085322536
C=C(C)[C@@H]1[C@H]2OC(=O)[C@H]1[C@]1(O)C[C@H]3O[C@]34C(=O)O[C@H]2[C@]14C,0.0046331184
O=C1CC[C@@H](C(=O)O)N1,0.0009951555
O=C1CC[C@@H](C(=O)N2CSC[C@H]2C(=O)O)N1,0.12491875
Cc1ccc(C(=O)Cn2c3c(sc2=N)CCCC3)cc1,0.0005718196
Cc1ccc(-c2cn3c4c(sc3n2)CCCC4)cc1,4.0703668e-07
NS(=O)(=O)C#Cc1ccccc1,0.029478084
Cc1ccccc1-n1c(Cn2ncc3c(N)ncnc32)nc2cccc(C)c2c1=O,0.19975056
Cc1ccccc1-n1c(Cn2nc(-c3cccc(O)c3)c3c(N)ncnc32)nc2cccc(C)c2c1=O,0.005679874
Cc1ccc([N+](=O)[O-])cc1S(=O)(=O)N(C)/N=C/c1cnc2ccc(Br)cn12,0.07292787
CC(=O)Nc1nc(C)c(-c2ccc(Cl)c(S(=O)(=O)NCCO)c2)s1,0.014604199
O=C(O)CCCNC(=O)c1cccnc1,0.0025252057
Cc1ccnc(NC(=O)[C@H](C)c2cccc(C(=O)c3ccccc3)c2)c1,0.102747366
COc1ccc(Cl)c(Nc2nc3ccccc3nc2NS(=O)(=O)c2cccc(NC(=O)C(C)(C)N)c2)c1,0.013122315
CC[C@@H]1C(=O)OC[C@@H]1Cc1cncn1C,6.2519364e-05
Cc1cccc(C)c1NC(=O)CC12CCCN1CCC2,0.0043628416
Nc1nccc(-c2ccc3noc(-c4ccc(Cl)cc4)c3c2)n1,0.06798094
C[C@@H]1C[C@H](N)C[C@H](c2ccncc2NC(=O)c2ccc(F)c(-c3c(F)cccc3F)n2)C1,0.33795166
CC(C)COc1ccc(CNC(=O)N(Cc2ccc(F)cc2)C2CCN(C)CC2)cc1,0.038170543
CC[C@@H]1/C=C(\C)C[C@H](C)C[C@H](OC)[C@H]2O[C@@](O)(C(=O)C(=O)N3CCCC[C@H]3C(=O)O[C@H](/C(C)=C/[C@@H]3CC[C@H](Cl)[C@H](OC)C3)[C@H](C)[C@@H](O)CC1=O)[C@H](C)C[C@@H]2OC,0.95906544
CN1CCC(=C2c3ccccc3Sc3ccccc32)CC1,0.02141612
COc1ccc(-c2nc3ccc(C4=NNC(=O)C[C@H]4C)cc3[nH]2)cc1,0.013750258
O=C(O)[C@H]1C2CCC(CC2)[C@@H]1Nc1nc(-c2c[nH]c3ncc(F)cc23)ncc1F,0.057400547
O=[N+]([O-])c1nccn1C[C@@H](O)CN1CCCCC1,2.3525424e-06
O=c1[nH]c2ccccc2n1C1CCN(CCCC(c2ccc(F)cc2)c2ccc(F)cc2)CC1,0.15887256
C[C@@H](NC(=NC#N)Nc1ccncc1)C(C)(C)C,0.00856511
CC1(C)[C@@H]2C[C@@H](O)[C@@](C)(O)[C@H]1C2,3.8327807e-06
COc1cc(Br)c(C[N+]2(CCOCC[C@H]3CC[C@@H]4C[C@H]3C4(C)C)CCOCC2)cc1OC,0.033748444
Cc1cccc(C)c1NC(=O)CN1CCCCCC1,0.0011090602
CC(C)NC[C@@H](O)COc1cccc2[nH]ccc12,0.004113157
CC(C)NC[C@H](O)COc1cccc2[nH]ccc12,0.003914541
CO[C@H]1[C@H](O)[C@@H](O)[C@@H](O)[C@H](O)[C@@H]1O,0.00028229796
O=C1C[C@@H](c2ccccc2)Oc2cc(O)cc(O)c21,0.010537262
CCc1ccc(CCOc2ccc(C[C@H]3SC(=O)NC3=O)cc2)nc1,0.027459266
NC(=O)C1(N2CCCCC2)CCN(CCCC(=O)c2ccc(F)cc2)CC1,0.026825156
CC(=O)O[C@H]1C[C@@H]2CC[C@@H]3[C@H](CC[C@@]4(C)[C@H]3C[C@H](N3CC[N+](C)(C)CC3)[C@@H]4OC(C)=O)[C@@]2(C)C[C@@H]1N1CC[N+](C)(C)CC1,0.0016729636
CCn1cc(C(=O)O)c(=O)c2cnc(N3CCNCC3)nc21,0.46941176
CC[N@@+]1(C)CCC[C@H](OC(=O)C(O)(c2ccccc2)c2ccccc2)C1,0.002260316
CC(=O)c1ccc2c(c1)N(CCCN1CCC(CCO)CC1)c1ccccc1S2,0.00820665
CCN1CCN(C(=O)N[C@@H](C(=O)N[C@@H]2C(=O)N3[C@@H]2SC(C)(C)[C@@H]3C(=O)O)c2ccccc2)C(=O)C1=O,0.95196044
Clc1ccc2c(N3CCN(CCCN4CCN(c5ccnc6cc(Cl)ccc56)CC4)CC3)ccnc2c1,0.29750028
C1CNCCN1,0.00048138766
O=C1CNC(=O)CN1,1.5776639e-06
CCN1CCC[C@H](OC(=O)C(c2ccccc2)c2ccccc2)C1,0.0002034299
O=C(/C=C/C=C/c1ccc2c(c1)OCO2)N1CCCCC1,1.2442869e-06
CCCCOCCOCCOCc1cc2c(cc1CCC)OCO2,6.0556213e-05
O=C(CCBr)N1CCN(C(=O)CCBr)CC1,7.6303e-06
CN1CCN(c2cc3c(nn2)Oc2ccccc2N3C)CC1,0.002316002
CN(C)S(=O)(=O)c1ccc2c(c1)N(CCCN1CCC(CCO)CC1)c1ccccc1S2,6.424966e-05
CCCCCCCCCCCCCCCC(=O)OCCC1CCN(CCCN2c3ccccc3Sc3ccc(S(=O)(=O)N(C)C)cc32)CC1,0.0056694783
NC(=O)CN1CCCC1=O,0.00033589022
COc1cccc2c1C(=O)c1c(O)c3c(c(O)c1C2=O)C[C@@](O)(C(=O)CO)C[C@@H]3O[C@H]1C[C@H](N)[C@H](O[C@@H]2CCCCO2)[C@H](C)O1,0.8596075
O=C(O)c1cc(=O)c2c3nc4ccccc4oc-3cc(=O)c2[nH]1,0.051287867
Cc1nc2ccccn2c(=O)c1CCN1CCC(C(=O)c2ccc(F)cc2)CC1,0.4355849
CN1CCN(CC(=O)N2c3ccccc3C(=O)Nc3cccnc32)CC1,0.0041563306
NS(=O)(=O)c1cc(C(=O)O)cc(N2CCCC2)c1Oc1ccccc1,0.7709513
Cc1ccc(=O)n(-c2ccccc2)c1,0.0044511864
c1cnc(N2CCN(Cc3ccc4c(c3)OCO4)CC2)nc1,4.996185e-06
CC1(C)[C@@H]2CC[C@@]1(C)C(=O)N(CCCCN1CCN(c3ccccn3)CC1)C2=O,0.047441803
Cc1cccc(Nc2cc(Cl)nc(SCC(=O)O)n2)c1C,0.0120783625
Cc1ccc2c(c1)c1c3n2CCN[C@H]3CCC1,0.0002500966
C[C@@H]1CCC[C@H](C)N1CCC[C@@](O)(c1ccccc1)c1ccccn1,0.003764282
Cc1cc(C[C@H](C)CC(C)(C)C)n(O)c(=O)c1,0.007872694
CCOC(=O)c1ccc(OCCC2CCN(c3ccc(C)nn3)CC2)cc1,0.10162534
CCn1cc(C(=O)O)c(=O)c2cnc(N3CCCC3)nc21,0.56314427
CN1C(C(=O)Nc2ccccn2)=C(O)c2ccccc2S1(=O)=O,0.06890002
CCc1[nH]c(=O)[nH]c1C(=O)c1ccncc1,0.029008515
COc1cc(C(=O)OCc2cccc(COC(=O)c3cc(OC)c(OC)c(OC)c3)n2)cc(OC)c1OC,0.15301654
O=c1[nH]c2ccccc2c2cc(CO)nn12,1.1706119e-06
O=C1C(c2ccccn2)=[N+]([O-])c2ccccc21,0.006309738
O=C(O)C[C@H](O)C[C@H](O)/C=C/c1c(C2CC2)nc2ccccc2c1-c1ccc(F)cc1,0.03756347
Clc1ccc(CCCOCCCN2CCCCC2)cc1,0.00046275574
CC(C)(C)C(=O)NCCCC(=O)O,0.00033872906
CC(C)(C)C(=O)OCOC(=O)[C@@H]1N2C(=O)[C@@H](NC(=O)[C@H](N)c3ccccc3)[C@H]2SC1(C)C,0.99220884
CCCC(=O)OCOC(=O)C(C)(C)C,0.0016883564
CC(C)(C)C(=O)OCOC(=O)[C@@H]1N2C(=O)[C@@H](/N=C/N3CCCCCC3)[C@H]2SC1(C)C,0.496
NCCNc1ccc(NCCN)c2c1C(=O)c1ccncc1C2=O,0.08283611
CN1CCC(=C2c3ccccc3CCc3sccc32)CC1,0.00079906144
Nc1cc(C(F)(F)F)c(-c2nc(N3CCOCC3)nc(N3CCOCC3)n2)cn1,0.008376025
COc1ncc(-c2nc(N3CCOCC3)nc3c(CN4CCC(C(C)(C)O)CC4)cc(F)cc23)cc1NS(C)(=O)=O,0.3452766
COc1ccc(-c2sc(NC(=O)C(C)(C)C)nc2C)cc1S(=O)(=O)Nc1ccc(O)cc1,0.008697268
CN(C)CC(=O)Nc1ccc2[nH]c(=O)c3ccccc3c2c1,0.012787413
CCCC(=O)C1CCN(c2ncnc3c2CN(C(=O)c2ccc(-c4ccccc4)cc2)CC3)CC1,0.5297556
CC[C@@H](C)N(C)C(=O)c1cc2ccccc2c(-c2ccccc2Cl)n1,0.00026290925
N[C@@H](CC(=O)N1CCn2c(nnc2C(F)(F)F)C1)Cc1[nH]nc2c(F)c(F)ccc12,9.580969e-06
C[C@@H](Nc1ncnc2[nH]c(-c3ccc(O)cc3)cc12)c1ccccc1,0.85492605
O=C(Nc1ccncc1)Nc1ccc(-c2nc(N3CCOCC3)nc(N3[C@@H]4CC[C@H]3COC4)n2)cc1,0.0062984885
Cc1cc(CCCOc2c(C)cc(-c3noc(C(F)(F)F)n3)cc2C)on1,0.0013717284
c1cc(CN2CCCNCCNCCCNCC2)ccc1CN1CCCNCCNCCCNCC1,0.11795539
CO[C@H](C(=O)[C@@H](O)[C@@H](C)O)[C@@H]1Cc2cc3cc(O[C@H]4C[C@@H](O[C@H]5C[C@@H](O)[C@H](O)[C@@H](C)O5)[C@@H](O)[C@@H](C)O4)c(C)c(O)c3c(O)c2C(=O)[C@H]1O[C@H]1C[C@@H](O[C@H]2C[C@@H](O[C@H]3C[C@](C)(O)[C@H](O)[C@@H](C)O3)[C@H](O)[C@@H](C)O2)[C@H](O)[C@@H](C)O1,0.2050641
CC(C)(C)c1nc[nH]c1/C=c1\[nH]c(=O)/c(=C/c2ccccc2)[nH]c1=O,0.021243976
N[C@@H](Cc1ccc(O)cc1)C(=O)O,0.0050598877
CC1=CC(=O)c2c(O)cccc2C1=O,0.005204292
O=C(NNc1ccccc1)c1ccncc1,0.039053578
CCCS(=O)(=O)Nc1ccc(F)c(C(=O)c2c[nH]c3ncc(Cl)cc23)c1F,0.26328534
Cc1noc(C)c1-c1cnc2c(-c3ccc(C(=O)O)cc3)cn([C@@H](C)c3ccccn3)c2c1,0.074817345
FC(F)(F)c1ccc(CNc2ccc(Cc3c[nH]c4ncccc34)cn2)cc1,0.11923078
O=C(c1c(F)ccc(NS(=O)(=O)N2CC[C@@H](F)C2)c1F)c1c[nH]c2ncc(-c3cnc(C4CC4)nc3)cc12,0.8968534
O=C(O)CC[C@@H](CP(=O)(O)O)C(=O)O,0.017657809
COc1cc(OC)c(NC(=O)Nc2cc(C)on2)cc1Cl,0.030477913
CNC(=O)c1ccc2c(c1)CCO[C@H]2CCN1CCN(c2ccc(C(N)=O)cc2)CC1,0.0008708747
CCCNCCc1ccc(NS(=O)(=O)c2ccc(OC(F)(F)F)cc2)cc1,0.0024324234
Cn1c2c(c3ccccc31)CCNCC2,0.012846683
O=C(N[C@H]1CN2CCC1CC2)c1ccc(Cl)cc1,0.032831628
C1CCC(N=C(NC23CC4CC(CC(C4)C2)C3)N2CCOCC2)CC1,0.00032935545
Cc1ccc(/C=N/NC(=O)c2ccccc2Oc2ccccc2)o1,0.8084021
Cc1cc2c(N3CCCC3)nc(N3CCCC3)nc2n1C,0.0025172061
COc1ccc(OCc2ccc(COc3c(Cl)cccc3Cl)cc2)c(Cl)c1,0.58616555
COc1cc([C@@H]2c3cc4c(cc3[C@H](O)[C@H]3COC(=O)[C@H]23)OCO4)cc(OC)c1OC,0.0014252287
O=C1CC[NH][Zn][O]C(=O)[C@H](Cc2cnc[nH]2)N1,3.084228e-06
CCCCCCCCCCCCOCCOCCOCCOCCOCCOCCOCCOCCOCCO,2.7571623e-06
OC[C@H]1O[C@@H](Oc2cc(O)cc(/C=C/c3ccc(O)cc3)c2)[C@H](O)[C@@H](O)[C@@H]1O,0.02323292
O=c1nc[nH]c2c1ncn2[C@H]1O[C@H](COP(=O)(O)O)[C@H](O)[C@H]1O,0.08865281
CC[C@@H](C)CCCCC(=O)N[C@@H](CCN)C(=O)N[C@H](C(=O)N[C@@H](CCN)C(=O)N[C@H]1CCNC(=O)[C@H]([C@@H](C)O)NC(=O)[C@@H](CCN)NC(=O)[C@@H](CCN)NC(=O)[C@@H](CC(C)C)NC(=O)[C@@H](Cc2ccccc2)NC(=O)[C@@H](CCN)NC1=O)[C@@H](C)O,0.10040651
CN1[C@@H](CSCC(F)(F)F)Nc2cc(Cl)c(S(N)(=O)=O)cc2S1(=O)=O,0.3036765
Nc1cccc2c1C(=O)N([C@H]1CCC(=O)NC1=O)C2=O,0.0052310294
Cc1ccc(C(=O)Nc2ccc(CN3CCN(C)CC3)c(C(F)(F)F)c2)cc1C#Cc1cnc2cccnn12,0.3968507
CCC/N=C1\S/C(=C\c2ccc(OC[C@H](O)CO)c(Cl)c2)C(=O)N1c1ccccc1C,0.07408099
CC[C@@H]([C@H](C)O)n1ncn(-c2ccc(N3CCN(c4ccc(OC[C@@H]5CO[C@@](Cn6cncn6)(c6ccc(F)cc6F)C5)cc4)CC3)cc2)c1=O,0.0015084421
C[C@]12CCC(=O)C=C1C=C[C@@H]1[C@@H]2CC[C@@]2(C)[C@H]1CC[C@@]2(O)CCC(=O)O,0.0013276871
I,0.00020157553
Nc1ccc(C(=O)O)cc1,0.01637691
Cc1ncccc1OC[C@@H]1CCCN1,5.8179365e-05
C=CC(=O)N1CCC(Oc2cc3c(Nc4ccc(Cl)c(Cl)c4F)ncnc3cc2OC)CC1,0.23555766
Cc1ccc(-c2nn(C(C)(C)C)c3ncnc(N)c23)cc1,0.0046224985
Nc1ncnc2c1c(-c1cnc3[nH]ccc3c1)nn2C1CCCC1,0.0013905963
CC(C)(C)n1nc(-c2ccc(Cl)cc2)c2c(N)ncnc21,0.0016050327
CCCc1c(-c2ccc(O)cc2)nn(-c2ccc(O)cc2)c1-c1ccc(O)cc1,0.036630902
COc1ccccc1-c1c[nH]c2ncc(-c3cncc(C(=O)N(C)C)c3)cc12,0.13512786
CC(C)n1nc(-c2cc3cc(O)ccc3[nH]2)c2c(N)ncnc21,0.00972225
COc1ccc(Cl)cc1NC(=O)Nc1cc(C)nc2ccccc12,0.26433286
N#CSc1cc(SC#N)c(N)nc1N,0.9832237
CC(=O)Nc1ccc(OC[C@H](O)CNC(C)C)cc1,0.0008274852
Nc1ncnc2c1ncn2CCOC[P@@]1(=O)OCC[C@@H](c2cccc(Cl)c2)O1,0.000120873265
C#CC[C@H](Cc1cnc2nc(N)nc(N)c2n1)c1ccc(C(=O)N[C@@H](CCC(=O)O)C(=O)O)cc1,0.93874997
C[n+]1ccccc1/C=N/O,0.008416427
C[n+]1ccccc1CN=O,0.008486868
C[C@H](NC(=O)[C@@H](Cc1ccc2ccccc2c1)NC(=O)[C@@H](C)N)C(=O)N[C@@H](Cc1c[nH]c2ccccc12)C(=O)N[C@H](Cc1ccccc1)C(=O)N[C@@H](CCCCN)C(N)=O,0.25100514
CCCN[C@H]1CCc2nc(N)sc2C1,2.3715302e-05
CC(C)N(CCNC(=O)CN1CCCC1=O)C(C)C,5.163498e-06
CCCCOc1ccc(OCCCN2CCOCC2)cc1,0.0054534394
COC(=O)C1=C(C)NC(C)=C(C(=O)OC/C=C/c2ccccc2)[C@@H]1c1cccc([N+](=O)[O-])c1,5.224827e-06
O=C(Nc1cccc2c(=O)cc(-c3nn[nH]n3)oc12)c1ccc(OCCCCc2ccccc2)cc1,0.03324354
C[C@@H](C(=O)O)c1ccc2c(c1)Cc1cccnc1O2,0.030804593
CC(=O)O[C@H]1CC[C@@]2(C)C(=CC[C@@H]3[C@@H]2CC[C@]2(C)C(=O)CC[C@@H]32)C1,0.00038168667
CC(=O)Oc1cc2c(s1)CCN([C@@H](C(=O)C1CC1)c1ccccc1F)C2,0.09724116
COc1ccc(C(=O)c2c(C)n(CCN3CCOCC3)c3ccccc23)cc1,0.001914974
CC[C@H](C)C(=O)O[C@H]1C[C@H](O)C=C2C=C[C@H](C)[C@H](CC[C@@H](O)C[C@@H](O)CC(=O)O)[C@H]21,0.18972425
O=C(C1CCCCC1)N1CC(=O)N2CCc3ccccc3[C@H]2C1,0.020708708
COc1cc2nc(N3CCN(C(=O)c4ccco4)CC3)nc(N)c2cc1OC,0.9480606
O=C(OCCN1CCOCC1)C1(c2ccccc2)CCCCC1,0.001588359
CCCN1CCC[C@H](c2cccc(O)c2)C1,0.0002556993
CCOC(=O)O[C@]1(C(=O)COC(=O)CC)CC[C@H]2[C@H]3CCC4=CC(=O)C=C[C@]4(C)[C@@H]3[C@@H](O)C[C@@]21C,0.0007464531
C[C@]12C=CC(=O)C=C1CC[C@@H]1[C@@H]2[C@@H](O)C[C@@]2(C)[C@H]1CC[C@]2(O)C(=O)CO,0.22955954
CC(=O)OCC(=O)[C@@]1(O)CC[C@H]2[C@@H]3CCC4=CC(=O)C=C[C@]4(C)[C@H]3[C@@H](O)C[C@@]21C,0.07861495
C[C@]12C=CC(=O)C=C1CC[C@@H]1[C@@H]2[C@@H](O)C[C@@]2(C)[C@H]1CC[C@]2(O)C(=O)COC(=O)CCC(=O)O,0.5299814
C[C@]12C=CC(=O)C=C1CC[C@@H]1[C@@H]2[C@@H](O)C[C@@]2(C)[C@H]1CC[C@]2(O)C(=O)COP(=O)(O)O,0.41821206
CC(C)(C)CC(=O)OCC(=O)[C@@]1(O)CC[C@H]2[C@H]3CCC4=CC(=O)C=C[C@]4(C)[C@@H]3[C@@H](O)C[C@@]21C,0.06796412
C[C@]12C=CC(=O)C=C1CC[C@@H]1[C@@H]2C(=O)C[C@@]2(C)[C@H]1CC[C@]2(O)C(=O)CO,0.02883835
CC(=O)[C@H]1CC[C@H]2[C@@H]3CC=C4C[C@@H](O)CC[C@]4(C)[C@H]3CC[C@]12C,0.00020221696
CC(=O)[C@H]1CC[C@H]2[C@H]3CC=C4C[C@@H](OC(=O)CCC(=O)O)CC[C@]4(C)[C@@H]3CC[C@]12C,0.0035516701
COCCOc1ccc(N2CCN(CCn3ncc4c3nc(N)n3nc(-c5ccco5)nc43)CC2)cc1,0.30773848
C[C@@H](Cc1ccccc1)NCCC(c1ccccc1)c1ccccc1,0.027385823
Cc1cn2nc([C@@H]3CCCCN3C(=O)c3cc(Cl)ccc3NS(C)(=O)=O)cc2nc1N1CC[C@H](N)C1,0.10610075
O=[N+]([O-])c1cn2c(n1)OC[C@@H](OCc1ccc(OC(F)(F)F)cc1)C2,0.08304827
OC(CCN1CCCCC1)(c1ccccc1)c1ccccc1,3.0207339e-05
CCCN1CCC(c2cccc(S(C)(=O)=O)c2)CC1,0.0039522657
CCCN[C@@H](C)C(=O)Nc1ccccc1C,0.0044104587
COc1cc(N[C@@H](C)CCCN)c2ncccc2c1,0.0066468087
O=C1C2CCN(CC2)C1(CO)CO,9.8451485e-05
CCC1(c2ccccc2)C(=O)NCNC1=O,7.4675336e-05
C=Cc1cc(O)cc2nc(-c3ccc(O)c(F)c3)oc12,0.009396828
CC1(C)SCCN(S(=O)(=O)c2ccc(Oc3ccncc3)cc2)[C@H]1C(=O)NO,0.12128396
C[C@H](NCc1ccc(OCc2ccccc2F)cc1)C(N)=O,0.00900994
CC(C)N[C@H](C)Cc1ccc(O)cn1,2.4738565e-05
Cc1nc(N(C)C(=O)Cc2ccc(-c3ccccn3)cc2)sc1S(N)(=O)=O,0.27898303
CCOc1ccccc1-n1c(CN2CCNCC2)nc2ccccc2c1=O,0.07645021
CC(C)(/C=C(\C#N)C(=O)N1CCC[C@@H](n2nc(-c3ccc(Oc4ccccc4)cc3F)c3c(N)ncnc32)C1)N1CCN(C2COC2)CC1,0.051018782
C=CC(=O)N1CCN(CCCn2c(=O)c(-c3c(Cl)c(OC)cc(OC)c3Cl)cc3cnc(NC)nc32)CC1,0.76239043
COCc1c[n+]([O-])c(C)cn1,0.0010470938
CCCC(C(=O)OCCN(CC)CC)(c1ccccc1)c1ccccc1,0.0019492509
CCCN(CCC)S(=O)(=O)c1ccc(C(=O)O)cc1,0.00019147657
CC(C)(Sc1cc(C(C)(C)C)c(O)c(C(C)(C)C)c1)Sc1cc(C(C)(C)C)c(O)c(C(C)(C)C)c1,0.05583715
CCN(CC)CCNC(=O)c1ccc(N)cc1,2.415102e-05
CCN(CC)CCOC(=O)c1ccc(N)cc1,5.8550715e-05
CNNCc1ccc(C(=O)NC(C)C)cc1,0.00060073443
CC[C@H](NC(C)C)[C@H](O)c1ccc(O)c2[nH]c(=O)ccc12,0.024131535
CN1CCN(CCCN2c3ccccc3Sc3ccc(Cl)cc32)CC1,0.022211686
O=C(O)CCc1nc2ccccc2[nH]1,0.0011357653
Oc1cc(O)c2c(c1)O[C@H](c1ccc(O)c(O)c1)[C@H](O)[C@H]2c1c(O)cc(O)c2c1O[C@H](c1ccc(O)c(O)c1)[C@@H](O)C2,0.00072229235
O=C1N[C@H](C(=O)O)CS1,0.01298856
CCN(CC)[C@@H](C)CN1c2ccccc2Sc2ccccc21,5.8054276e-05
Nc1ccc2cc3ccc(N)cc3nc2c1,0.00094673864
CC(=O)[C@H]1CC[C@H]2[C@@H]3CCC4=CC(=O)CC[C@]4(C)[C@H]3CC[C@]12C,0.0019530626
CCCN(CCC)C(=O)[C@@H](CCC(=O)OCCCN1CCN(CCOC(=O)Cc2c(C)n(C(=O)c3ccc(Cl)cc3)c3ccc(OC)cc23)CC1)NC(=O)c1ccccc1,0.3420679
CCCN(CCC)C(=O)[C@@H](CCC(=O)O)NC(=O)c1ccccc1,0.00021561117
CC(C)NC(=N)N=C(N)Nc1ccc(Cl)cc1,0.01022823
CC(C)C[C@@H](NC(=O)[C@H]1CCCN1)C(=O)NCC(N)=O,0.0002512627
CN(C)CCCN1c2ccccc2Sc2ccccc21,9.7838296e-05
CCCOc1ccc2c(c1)CC[C@@H]1[C@@H]2CC[C@]2(C)[C@@H](OC)CC[C@@H]12,0.00035420174
CC(CN1c2ccccc2Sc2ccccc21)N(C)C,4.4449557e-06
CC(C)NC[C@@H](O)c1ccc2ccccc2c1,0.0019950839
CCN(CC)CC(=O)Oc1ccc(NC(C)=O)cc1,3.7639354e-06
CCCNC[C@@H](O)COc1ccccc1C(=O)CCc1ccccc1,0.000401822
O=C(O)C[CH2][Ge](=[O])[O][Ge](=[O])[CH2]CC(=O)O,0.0021857459
CC(C)[N+](C)(CCOC(=O)C1c2ccccc2Oc2ccccc21)C(C)C,7.552231e-05
CCC(CO[N+](=O)[O-])(CO[N+](=O)[O-])CO[N+](=O)[O-],2.7648056e-10
CCCn1cnc2c1c(=O)n(CCCCC(C)=O)c(=O)n2C,0.9753802
CC[N+](C)(CC)CCC[n+]1c(-c2ccccc2)c2cc(N)ccc2c2ccc(N)cc21,0.0015406463
O=C1CCO1,1.4860218e-05
CCCOC(C(=O)OC1CCN(C)CC1)(c1ccccc1)c1ccccc1,0.00067933026
CC(C)c1cccc(C(C)C)c1O,0.003983577
CNC(=O)Oc1ccccc1OC(C)C,0.000102108825
CCCOc1cc(N)ccc1C(=O)OCCN(CC)CC,0.00015396588
CC(C)NCC(O)COc1cccc2ccccc12,0.0020395701
CC(C)NC[C@@H](O)COc1cccc2ccccc12,0.0031142386
CC(C)NC[C@H](O)COc1cccc2ccccc12,0.0034935507
CCCOC(=O)c1ccccc1,0.00028874734
C[C@@H](O)CO,2.151357e-05
CN[C@@H](C)CC1CCCCC1,9.764579e-06
CCCOC(=O)c1ccc(O)cc1,0.0012514776
CCCc1cc(=O)[nH]c(=S)[nH]1,0.001375346
Cc1c(C(C)C)c(=O)n(-c2ccccc2)n1C,1.8252575e-05
Cc1ccc2c(-c3ccccc3)nc(=O)n(C(C)C)c2c1,4.5567373e-05
C[C@@H]1O[C@@H](O[C@@H]2C=C3CC[C@@H]4[C@H](CC[C@]5(C)[C@@H](c6ccc(=O)oc6)CC[C@]45O)[C@@]3(C)CC2)[C@H](O)[C@H](O)[C@H]1O,0.10002523
CCCc1cc(C(N)=S)ccn1,3.7613696e-05
NC(=O)[C@@H]1CCCN1C(=O)[C@H](Cc1c[nH]cn1)NC(=O)[C@@H]1CCC(=O)N1,0.00027847826
C=CC1=C(C)c2cc3[nH]c(cc4[nH]c(cc5nc(cc1n2)C(C)=C5C=C)c(C)c4CCC(=O)O)c(CCC(=O)O)c3C,0.06554849
CNCCCC1c2ccccc2C=Cc2ccccc21,0.002133907
Cc1noc(COc2ccccc2OC[C@@H](O)CNC(C)(C)C)n1,1.3329365e-05
c1ccc(COCCCc2cnc[nH]2)cc1,7.709877e-06
CCCOc1ccc(C(=O)OCCN(CC)CC)cc1N,0.0011413308
C[C@@H](O)Cn1cnc2c1c(=O)n(C)c(=O)n2C,0.9928329
CCS(=O)(=O)N1CCN(c2ccc(Nc3ncc(C(N)=O)c(NC4CC4)n3)cc2)CC1,0.14022152
NC(=O)c1cnc(N[C@@H]2CCCC[C@@H]2N)nc1Nc1cccc(-n2nccn2)c1,0.0303236
O=C1C(=Cc2cccnc2)C(=O)c2ccccc21,0.0007403225
COCCCN1CCC(NC(=O)c2cc(Cl)c(N)c3c2OCC3)CC1,0.2974228
Cc1oc(=O)oc1CN1CCN(c2cc3c(cc2F)c(=O)c(C(=O)O)c2n3[C@@H](C)S2)CC1,0.999992
N#Cc1c[nH]c2c(C(=O)N3CCN(CCc4ccc(F)cc4)CC3)cccc12,0.36633736
COc1cc(Cl)cc([C@H](C)Nc2cc(N3CCNCC3)ccc2S(C)(=O)=O)c1OC,0.04944901
N#Cc1cc(CN2CCC(Nc3ncnc4sc(Cl)cc34)CC2)ccc1F,0.99264115
Nc1c(S(=O)(=O)O)cc(Nc2cccc3ccccc23)c2c1C(=O)c1ccccc1C2=O,0.015185141
CC[C@@H]1CN2C(=O)N(C)c3[nH]c(-c4ccccc4)nc3C2=N1,8.006632e-05
CCCn1c(=O)[nH]c2nc(-c3ccc(S(=O)(=O)O)cc3)[nH]c2c1=O,0.031116152
CCCn1c(=O)[nH]c2nc(-c3ccc(S(=O)(=O)N4CCN(c5ccc(Cl)cc5)CC4)cc3)[nH]c2c1=O,0.85896647
C[C@@]1(F)[C@H](O)[C@@H](CO)O[C@H]1n1ccc(N)nc1=O,0.005643977
O=C(O)c1c(O)c(Cc2ccc(Cl)cc2)nc2c3c(ccc12)CCCC3,0.7493981
CC(C)OC(=O)[C@H](C)N[P@@](=O)(OC[C@H]1O[C@@H](n2ccc(=O)[nH]c2=O)[C@](C)(F)[C@@H]1O)Oc1ccccc1,8.811686e-05
CCCCC1CCC(c2nc(-c3ccncc3)no2)CC1,0.0026194144
O=C(Nc1ccc(Cl)cc1)Nc1cccc(-c2cccc(N3CCCC3)n2)c1,0.003525502
O=c1ccc2cc3ccoc3cc2o1,0.019384349
Cc1c(N2C(=O)[C@@H]3[C@H](O)CCN3C2=O)ccc(C#N)c1Cl,0.5052501
CS(=O)(=O)c1ccc(Oc2cc(F)cc(C#N)c2)c2c1[C@H](O)C(F)(F)C2,0.9071442
Cc1nc2cc(F)c(F)cc2n1-c1cncc(Nc2ccc(C(F)(F)F)cc2)n1,0.09164855
COc1cc(Br)c(Nc2nc(-c3c(C)nc4ncccn34)cs2)c(Br)c1,0.45131168
COc1cc(/C=C/c2ccc(O)cc2)cc(OC)c1,0.071304835
CC(C)NCCCn1c(Sc2cc3c(cc2I)OCO3)nc2c(N)ncnc21,0.0002197819
O=c1c(-c2ccc(O)cc2)coc2c([C@@H]3O[C@H](CO)[C@@H](O)[C@H](O)[C@H]3O)c(O)ccc12,0.71682364
O=C(N[C@H]1CN2CCC1CC2)c1c[nH]c2ccsc2c1=O,0.028246224
c1ccc2c(Oc3nc(Nc4ccc(N5CCOCC5)cc4)c4ncn(C5CCCCC5)c4n3)cccc2c1,0.0008204679
COc1ccc(C[C@H](N)C(=O)N[C@H]2[C@@H](O)[C@H](n3cnc4c(N(C)C)ncnc43)O[C@@H]2CO)cc1,0.9995523
CC(C)[C@H](CO)Nc1nc(Nc2cccc(Cl)c2)c2ncn(C(C)C)c2n1,0.00011813416
CC(C)[C@H](CO)Nc1nc(Nc2ccc(C(=O)O)c(Cl)c2)c2ncn(C(C)C)c2n1,0.0045223185
NCCCCN,4.6833615e-05
CC[C@@H](C)SSc1ncc[nH]1,0.00060952106
C[C@H]1CC[C@@]2(OC1)O[C@H]1C[C@H]3[C@@H]4CC[C@@H]5C[C@@H](O)CC[C@]5(C)[C@H]4CC[C@]3(C)[C@H]1[C@@H]2C,0.033476446
CCOC(=O)c1ccc(N2NC(=O)/C(=C/c3ccc([N+](=O)[O-])o3)C2=O)cc1,0.8257262
O=C(O)c1cc2ccccc2c(Cc2c(O)c(C(=O)O)cc3ccccc23)c1O,0.15354688
CN1CCCN=C1/C=C/c1cccs1,0.003046805
NC(=O)c1cnccn1,0.018302776
N=C(N)NC(=O)c1cnccn1,0.111708686
O=C1c2ccccc2-c2[nH]nc3cccc1c23,0.09831936
COc1ccc2nc3c([N+](=O)[O-])ccc4c3c(c2c1)NN4CCCN(C)C,0.00063535984
C=C/C=C\CC1=C(C)[C@@H](OC(=O)[C@@H]2[C@@H](C=C(C)C)C2(C)C)CC1=O,0.00028782824
Cc1ncc(CO)c(C=O)c1O,8.874841e-06
Cc1ncc(CO)c(/C=N/NC(=O)c2ccncc2)c1O,4.2472157e-06
Cc1ncc(CO)c(CN)c1O,0.0028476526
Cc1ncc(CO)c(CO)c1O,6.453236e-05
CCc1nc(N)nc(N)c1-c1ccc(Cl)cc1,0.704804
O=S(=O)(NCC1CC1)c1ccc(Nc2nccc(N3CCCc4cc(O)ccc43)n2)cc1,0.47163928
c1cc[n+]2c(c1)[S][Zn]1([O]2)[O][n+]2ccccc2[S]1,0.0066501056
CCC1(CC)C(=O)C=CNC1=O,0.0002109514
Cc1ncc(CSSCc2cnc(C)c(O)c2CO)c(CO)c1O,0.0034829758
COc1ccc2nc3cc(Cl)ccc3c(Nc3cc(CN4CCCC4)c(O)c(CN4CCCC4)c3)c2n1,0.03294803
CCOc1cc2ncc(C#N)c(Nc3ccc(OCc4ccccn4)c(Cl)c3)c2cc1NC(=O)/C=C/[C@H]1CCCN1C,0.07328116
O=C(CCCCCCC(=O)Nc1cccnc1)NO,0.0004226245
S=C(S)N1CCCC1,0.0044005034
Cc1cc(/C=C/c2ccc3cc(N(C)C)ccc3[n+]2C)c(C)n1-c1ccccc1,0.9394479
CC(C)c1ccc(CC(=O)N2CCN(c3ccc(C#N)nn3)CC2)cc1,0.012395133
CC(=O)c1cc([N+](=O)[O-])c(Sc2ccc(F)cc2F)s1,0.011701079
CN1CC[C@@H](c2c(O)cc(O)c3c(=O)cc(-c4ccccc4Cl)oc23)[C@@H]1CO,0.018838095
CC(=O)c1cc([N+](=O)[O-])c(Sc2cccc(Cl)c2Cl)s1,0.0075515998
O[C@@H](CNc1ccccc1)Cn1c2ccc(Br)cc2c2cc(Br)ccc21,0.97601116
CCc1nc2ccc(Cl)cn2c1C(=O)NCc1ccc(N2CCC(c3ccc(OC(F)(F)F)cc3)CC2)cc1,0.99043137
CC1C(=O)N=C2Nc3cccc(Cl)c3CN21,0.021459619
O=c1c(O)c(-c2ccc(O)c(O)c2)oc2cc(O)cc(O)c12,0.0036922335
OCCOCCN1CCN(C2=Nc3ccccc3Sc3ccccc32)CC1,0.091672495
CC(C)(C)Sc1c(CC(C)(C)C(=O)O)n(Cc2ccc(Cl)cc2)c2ccc(OCc3ccc4ccccc4n3)cc12,0.95730436
CCCN1C[C@@H](NS(=O)(=O)N(CC)CC)C[C@@H]2Cc3c(O)cccc3C[C@H]21,0.0005994459
CCOC(=O)[C@H](CCc1ccccc1)N[C@@H](C)C(=O)N1Cc2ccccc2C[C@H]1C(=O)O,0.0011633758
C[C@H](N[C@@H](CCc1ccccc1)C(=O)O)C(=O)N1Cc2ccccc2C[C@H]1C(=O)O,0.049631804
CCCN1CCC[C@@H]2Cc3nc(N)ncc3C[C@H]21,0.015848678
C#C[C@]1(O)CC[C@H]2[C@@H]3CCc4cc(OC5CCCC5)ccc4[C@H]3CC[C@@]21C,0.0022850316
CC[C@H]1NC(=O)c2cc(S(N)(=O)=O)c(Cl)cc2N1,0.030257568
C=C[C@H]1C[N@@]2CC[C@H]1C[C@@H]2[C@@H](O)c1ccnc2ccc(OC)cc12,0.20484404
C=C[C@H]1C[N@@]2CC[C@H]1C[C@H]2[C@H](O)c1ccnc2ccc(OC)cc12,0.20644227
C=C[C@H]1C[N@@]2CC[C@H]1C[C@@H]2[C@@H](OC(=O)OCC)c1ccnc2ccc(OC)cc12,0.7315752
O=C(O)c1cccnc1C(=O)O,0.024805963
CCCN1CCC[C@@H]2Cc3[nH]ncc3C[C@H]21,0.03626633
c1ccc2nc(N3CCNCC3)ccc2c1,0.0010755489
CC(C)(C)c1cc(NC(=O)Nc2ccc(-c3cn4c(n3)sc3cc(OCCN5CCOCC5)ccc34)cc2)no1,4.5507964e-05
Cc1cccc(C)c1NC(=O)C[N+](C)(C)C,0.00065982336
CC[N+](CC)(CC)CC(=O)Nc1c(C)cccc1C,0.0044199475
CCCN(CCC)c1cc(C)nc2c(-c3cnc(N(C)C)cc3C)c(C)nn12,0.9818255
[N-]=[N+]=N[C@]1(CO)O[C@@H](n2ccc(N)nc2=O)[C@H](O)[C@@H]1O,0.081866406
O=S(=O)(c1ccccc1F)N1CCOc2c(N3CCNCC3)cccc21,0.003275346
Cn1c(=O)c(Oc2ccc(F)cc2F)cc2cnc(NC3CCOCC3)nc21,0.9924115
Cc1cccc(-c2n[nH]cc2-c2ccc(F)c(-c3cnn(CCO)c3)c2)n1,0.00530196
Nc1nc(Nc2ccc3c(c2)CC[C@@H](N2CCCC2)CC3)nn1-c1cc2c(nn1)-c1ccccc1CCC2,0.04138172
Cc1nc2sccn2c(=O)c1CCN1CCC(=C(c2ccccc2)c2ccc(F)cc2)CC1,0.14544046
COc1cccc(CCc2ccccc2OCC[C@@H]2C[C@@H](O)CN2C)c1,0.00046702434
COCCCOc1ccnc(C[S@@](=O)c2nc3ccccc3[nH]2)c1C,0.1560015
CC(C)(C)c1cc(C(C)(C)C)c2c(c1)[C@](O)(C(F)(F)F)C(=O)O2,0.5891055
CC(=O)SC[C@@H](Cc1ccccc1)C(=O)NCC(=O)OCc1ccccc1,0.058021076
CCN1CCC[C@H]1CNC(=O)c1c(O)c(Cl)cc(Cl)c1OC,0.476184
C[C@@H](CCc1ccc(O)cc1)NC[C@@H](O)c1ccc(O)cc1,0.00013584826
C[C@@H]1NC(C)(C)CO[C@@]1(O)c1cccc(Cl)c1,0.04916436
CC(=O)NC[C@H]1CN(c2ccc(-c3ccc(CNCc4cn[nH]n4)cc3)c(F)c2)C(=O)O1,0.9767749
O=C(Nc1ccc2[nH]c(=O)oc2c1)C(=O)N1CCC(Cc2ccc(F)cc2)CC1,0.0040047434
Cc1cn(-c2cc(NC(=O)c3ccc(C)c(Nc4nccc(-c5cnccn5)n4)c3)cc(C(F)(F)F)c2)cn1,0.051531624
Cc1c(N[C@@H](c2nnc(-c3ccc(C#N)cc3)o2)[C@H](C)O)ccc(C#N)c1Cl,0.19775191
Cn1c(Nc2ccc(C(F)(F)F)cc2)nc2cc(Oc3ccnc(-c4ncc(C(F)(F)F)[nH]4)c3)ccc21,0.50450367
Cc1ncc(NC(=O)c2cccc(C(F)(F)F)c2)cc1-c1cnc(OC2CCOCC2)c(N2CCOCC2)c1,0.46241206
O=C(O)COC[C@H]1CC[C@H](COC(=O)N(c2ccccc2)c2ccc(Cl)cc2)CC1,0.4641706
O=C(c1ccc(OCCN2CCCCC2)cc1)c1c(-c2ccc(O)cc2)sc2cc(O)ccc12,0.008683679
Cc1nnc(C(=O)NC(C)(C)c2nc(C(=O)NCc3ccc(F)cc3)c(O)c(=O)n2C)o1,0.0069745695
Cc1nc(=O)c2cc(CN(C)c3ccc(C(=O)N[C@@H](CCC(=O)O)C(=O)O)s3)ccc2[nH]1,0.008056418
O=C(O)CCn1c2c(c3ccccc31)C[C@H](NS(=O)(=O)c1ccc(F)cc1)CC2,0.017386194
CCC(=O)NCC[C@@H]1CCc2ccc3c(c21)CCO3,8.529654e-05
Cc1c(NC(C)C)c(=O)n(-c2ccccc2)n1C,2.9795683e-06
CCOC(=O)[C@H](CCc1ccccc1)N[C@@H](C)C(=O)N1[C@H](C(=O)O)C[C@@H]2CCC[C@@H]21,0.011272082
Cn1cc(C(=O)[C@@H]2CCc3nc[nH]c3C2)c2ccccc21,0.012378409
O=C1C[C@@]2(C(=O)N1)C(=O)N(Cc1ccc(Br)cc1F)C(=O)c1cccn12,0.99810624
CN=C(C[N+](=O)[O-])NCCSCc1ccc(CN(C)C)o1,2.6678477e-05
COc1ccccc1OC[C@@H](O)CN1CCN(CC(=O)Nc2c(C)cccc2C)CC1,0.011404729
C[C@@H](O)[C@H](N)C(=O)N1CCC[C@H]1C(=O)N1CCC[C@H]1C(=O)N[C@H](C(N)=O)[C@@H](C)O,0.0061292117
C#CCN[C@@H]1CCc2ccccc21,0.00017729522
COC(=O)[C@H]1[C@H]2C[C@H]3c4[nH]c5ccccc5c4CCN3C[C@H]2CC[C@@H]1O,7.5556414e-07
Cn1nccc1Nc1nccc(-c2ccn([C@H](CO)c3ccc(Cl)c(F)c3)c(=O)c2)n1,0.02334104
C[C@@H](c1nc(-c2ccc(C#N)cc2)cs1)[C@](O)(Cn1cncn1)c1ccc(F)cc1F,0.06728539
COc1ccc(OC)c([C@H]2c3c(-c4ccc5ccccc5c4)n[nH]c3OC(=N)C2C#N)c1,0.3183596
O=C(N[C@H](Cc1cc(=O)[nH]c2ccccc12)C(=O)O)c1ccc(Cl)cc1,0.44033602
CNC(=O)c1cc(Oc2ccc(NC(=O)Nc3cc(C(C)(C)C)nn3-c3ccc4ncccc4c3)c(F)c2)ccn1,0.8894875
CCOc1ccccc1O[C@H](c1ccccc1)[C@H]1CNCCO1,0.091143765
COc1cc2nc(N3CCN(C(=O)COc4c(OC)cccc4C(C)C)CC3)nc(N)c2cc1OC,0.98286575
COc1cc(F)c(F)c(Nc2ccc(I)cc2F)c1NS(=O)(=O)C1(C[C@H](O)CO)CC1,0.9219074
CNC(=O)c1cnn(-c2nc(N)c3ncn([C@@H]4O[C@H](CO)[C@@H](O)[C@H]4O)c3n2)c1,0.19650987
CNC(=O)c1cc(Oc2ccc(NC(=O)Nc3ccc(Cl)c(C(F)(F)F)c3)c(F)c2)ccn1,0.84391147
COc1ccc(S(=O)(=O)N2c3ccc(Cl)cc3[C@](O)(c3ccccc3Cl)[C@@H]2C(=O)N2CCC[C@H]2C(N)=O)cc1OC,0.66162366
O=C(NC1CCNCC1)[C@@H]1CC[C@@H]2CN1C(=O)N2OS(=O)(=O)O,0.00016152377
CONC(=O)Nc1ccc(-c2sc3c(c2CN(C)C)c(=O)n(-c2ccc(OC)nn2)c(=O)n3Cc2c(F)cccc2F)cc1,0.035975706
C[C@@](Cc1ccccc1)(NC(=O)CN)c1ccccc1,0.0012275846
COC(=O)c1ccc(OC(=O)CCCCCCC(=O)NO)cc1,0.00086532766
COC(=O)CC[C@@H]1N=C(c2ccccn2)c2cc(Br)ccc2-n2c(C)cnc21,0.14639011
N#Cc1ccc(-c2csc(NN=C3CCCC3)n2)cc1,0.0006715517
CCN1CCC[C@H]1CNC(=O)c1c(OC)ccc(Br)c1OC,0.36016276
CCOc1cc(CC(=O)N[C@@H](CC(C)C)c2ccccc2N2CCCCC2)ccc1C(=O)O,0.4442787
CC(C)Cc1ccc([C@@H](C)C(=O)NS(C)(=O)=O)cc1,0.017660405
C[C@H]1CNC(=O)c2cnn3ccc(nc23)N[C@H](C)c2cc(F)ccc2O1,0.1556325
Cc1cccc(-c2n[nH]cc2-c2ccc3ncccc3n2)n1,0.17252775
CCOC(=O)C1=CCCC[C@H]1S(=O)(=O)Nc1ccc(F)cc1Cl,0.003304052
COC(=O)[C@H]1[C@H]2C[C@@H]3c4[nH]c5cc(OC)ccc5c4CCN3C[C@H]2C[C@@H](OC(=O)c2cc(OC)c(OC)c(OC)c2)[C@@H]1OC,1.5748432e-05
C[C@]12CC[C@H](O)C[C@H]1CC[C@@H]1[C@@H]2CC[C@]2(C)[C@@H](c3ccc(=O)oc3)C[C@H]3O[C@]132,0.18481368
CCOCc1nc2c(N)nc3ccccc3c2n1CC(C)(C)O,2.8763145e-06
CC(C)c1cc(Oc2c(Cl)cc(-n3nc(C#N)c(=O)[nH]c3=O)cc2Cl)nnc1O,0.011935501
CN(C)Cc1ccc(S(=O)(=O)n2ccc(/C=C/C(=O)NO)c2)cc1,3.1432774e-05
Oc1cccc(O)c1,0.003887035
CC(=O)Oc1cccc(O)c1,0.00049530296
Oc1ccc(/C=C/c2cc(O)cc(O)c2)cc1,0.42873234
COC(=O)c1nc(C(F)(F)F)n2c1CN(C(=O)C[C@H](N)Cc1cc(F)c(F)cc1F)CC2,0.0037459845
C=C[C@]1(C)C[C@@H](OC(=O)CS[C@@H]2C[C@H]3CC[C@@H](C2)N3C)[C@]2(C)[C@H](C)CC[C@]3(CCC(=O)[C@H]32)[C@@H](C)[C@@H]1O,0.99958175
C=CCNc1c(O)cc2c(O)c1C[C@@H](C)C[C@H](OC)[C@H](O)[C@@H](C)/C=C(\C)[C@H](OC(N)=O)[C@@H](OC)/C=C\C=C(/C)C(=O)N2,0.04189158
CC1=C(/C=C/C(C)=C/C=C/C(C)=C/C=O)C(C)(C)CCC1,4.553792e-05
CC1=C(/C=C/C(C)=C/C=C/C(C)=C/CO)C(C)(C)CCC1,1.929483e-06
CC(=O)OC/C=C(C)/C=C/C=C(C)/C=C/C1=C(C)CCCC1(C)C,6.0948667e-05
CCCCCCCCCCCCCCCC(=O)OC/C=C(C)/C=C/C=C(C)/C=C/C1=C(C)CCCC1(C)C,0.025497762
CCCCC[C@@H](O)c1cccc(OCc2ccc3ccccc3n2)c1,0.0094816955
Cc1nc(Nc2ccc(F)cc2)nc(N2CCc3ccccc3[C@H]2C)c1C,0.15084775
CN(CCN1CCC(OC(=O)Nc2ccccc2-c2ccccc2)CC1)C(=O)c1ccc(CN2CCC(C(N)=O)CC2)cc1,0.0010921239
O=C(NCCCN1CCOCC1)c1cnn2c(-c3ccccc3)cc(-c3ccccc3)nc12,0.029845482
c1nc2nc(Nc3ccc(N4CCOCC4)cc3)nc(NC3CCCCC3)c2[nH]1,0.07890826
O=c1c(O[C@@H]2OC[C@@H](O)[C@H](O)[C@H]2O)c(-c2ccc(O)c(O)c2)oc2cc(O)cc(O)c12,0.00012070568
COCCN1CCN(Cc2ccc(-c3n[nH]c4c3C(=O)c3c(NC(=O)NN5CCOCC5)cccc3-4)cc2)CC1,0.010254475
Nc1cc(F)ccc1NC(=O)/C=C/c1cnn(C/C=C/c2ccccc2)c1,0.012849006
C[C@H](CCOc1cccc(CC(=O)O)c1)N(Cc1cccc(C(F)(F)F)c1Cl)CC(c1ccccc1)c1ccccc1,0.02027709
O=C(O)[C@H](Cc1c[nH]c2ccccc12)N1C(=O)c2ccccc2C1=O,0.2903096
COc1cc2c(cc1F)C(c1ccccc1Cl)=NC1C(C)=NNC1=N2,1.2385625e-05
Cc1ccc(C(=O)NCCCCCC(=O)Nc2ccccc2N)cc1,0.00093685795
CC(C)(C(=O)NCC(F)(F)C(F)(F)F)C(=O)N[C@@H]1C(=O)Nc2ccccc2-c2ccccc21,5.239389e-07
CCOc1cc(C(C)(C)C)ccc1C1=N[C@@](C)(c2ccc(Cl)cc2)[C@@](C)(c2ccc(Cl)cc2)N1C(=O)N1CCN(CCCS(C)(=O)=O)CC1,0.0013463437
CCc1nc(C)cn2nc(-c3cc(=O)n4cc(C5CCN(C)CC5)cc(C)c4n3)cc12,0.00089696114
COCCCOc1cc2c(cc1OC)-c1cc(=O)c(C(=O)O)cn1[C@H](C(C)C)C2,0.14054297
O=C(NCCCCCCNC(=O)ON=C1CCCCC1)ON=C1CCCCC1,7.863362e-07
O=C(O)c1cc(O)c2c(c1)C(=O)c1cccc(O)c1C2=O,0.06336155
COc1cc(O)c2c(c1)C(=O)c1cc(C)cc(O)c1C2=O,0.10103185
COC(=O)c1ccccc1-c1c2ccc(N)cc2[o+]c2cc(N)ccc12,0.0032946263
O=C1C(Cl)=C(N2CCOCC2)C(=O)N1c1ccc(Cl)c(Cl)c1,0.00023988029
NC(=O)c1ncn([C@@H]2O[C@H](CO)[C@@H](O)[C@H]2O)n1,4.9965918e-05
OC[C@@H](O)[C@@H](O)[C@@H](O)CO,0.10099017
CN(C)C(=O)c1cc2cnc(Nc3ccc(N4CCNCC4)cn3)nc2n1C1CCCC1,0.33450767
Cc1cc2nc3c(=O)[nH]c(=O)nc-3n(C[C@H](O)[C@H](O)[C@H](O)CO)c2cc1C,0.13806249
CCCC(=O)OC[C@@H](OC(=O)CCC)[C@@H](OC(=O)CCC)[C@H](Cn1c2nc(=O)[nH]c(=O)c-2nc2cc(C)c(C)cc21)OC(=O)CCC,0.7139725
Cc1cc2nc3c(=O)[nH]c(=O)nc-3n(C[C@H](O)[C@H](O)[C@H](O)COP(=O)(O)O)c2cc1C,0.31648016
NC[C@H]1O[C@H](O[C@H]2[C@H](O[C@@H]3O[C@H](CO)[C@@H](O)[C@H]3O)[C@@H](O)[C@H](N)C[C@@H]2N)[C@H](N)[C@@H](O)[C@@H]1O,0.023985583
NC[C@H]1O[C@H](O[C@H]2[C@@H](O[C@@H]3O[C@H](CO)[C@@H](O)[C@H]3O)[C@@H](O)[C@H](N)C[C@@H]2N)[C@H](N)[C@@H](O)[C@@H]1O,0.085280575
CCCCCC[C@@H](O)C/C=C\CCCCCCCC(=O)O,0.00818143
c1cc(-c2nc3ccc(-c4ccc5nc(-c6ccncc6)[nH]c5c4)cc3[nH]2)ccn1,0.9967174
CO[C@H]1/C=C/O[C@@]2(C)Oc3c(C)c(O)c4c(c3C2=O)C2=NC3(CCN(CC(C)C)CC3)NC2=C(NC(=O)/C(C)=C\C=C\[C@H](C)[C@H](O)[C@@H](C)[C@@H](O)[C@@H](C)[C@H](OC(C)=O)[C@@H]1C)C4=O,0.9990798
CO[C@H]1/C=C/O[C@@]2(C)Oc3c(C)c(O)c4c(O)c(c(/C=N/N5CCN(C)CC5)c(O)c4c3C2=O)NC(=O)/C(C)=C\C=C\[C@H](C)[C@H](O)[C@@H](C)[C@@H](O)[C@@H](C)[C@H](OC(C)=O)[C@@H]1C,0.9999995
CO[C@H]1/C=C/O[C@@]2(C)Oc3c(C)c(O)c4c(O)c(cc(O)c4c3C2=O)NC(=O)/C(C)=C\C=C\[C@H](C)[C@H](O)[C@@H](C)[C@@H](O)[C@@H](C)[C@H](OC(C)=O)[C@@H]1C,0.9999907
CO[C@H]1/C=C/O[C@@]2(C)Oc3c(C)c(O)c4c(O)c(c(/C=N/N5CCN(C6CCCC6)CC5)c(O)c4c3C2=O)NC(=O)/C(C)=C\C=C\[C@H](C)[C@H](O)[C@@H](C)[C@@H](O)[C@@H](C)[C@H](OC(C)=O)[C@@H]1C,0.9999988
CO[C@H]1/C=C/O[C@@]2(C)Oc3c(C)c(O)c4c(O)c(c5c(nc6cc(C)ccn65)c4c3C2=O)NC(=O)/C(C)=C\C=C\[C@H](C)[C@H](O)[C@@H](C)[C@@H](O)[C@@H](C)[C@H](OC(C)=O)[C@@H]1C,0.9999963
COc1cc(OC)c(/C=C/S(=O)(=O)Cc2ccc(OC)c(NCC(=O)O)c2)c(OC)c1,0.00022286363
COCCN1CCC(N(Cc2ccc(-c3ccc(C(F)(F)F)cc3)cc2)C(=O)Cn2c(SCc3cccc(F)c3F)cc(=O)c3ccccc32)CC1,0.9606713
C1COC(NC(C2CC2)C2CC2)=N1,0.0020205027
Cc1cc(/C=C/C#N)cc(C)c1Nc1ccnc(Nc2ccc(C#N)cc2)n1,0.10993984
Nc1nc2ccc(OC(F)(F)F)cc2s1,0.00012788802
C[C@@H](N)C12CC3CC(CC(C3)C1)C2,0.9109605
C[C@@H]1CN(CCCn2c3ccccc3c3ccccc32)C[C@H](C)N1,0.023482036
N[C@@H]1c2cccnc2[C@H](OC(=O)N2CCC(n3c(=O)[nH]c4ncccc43)CC2)CC[C@H]1c1cccc(F)c1F,0.07185891
Cc1cc(S(C)(=O)=O)c(S(C)(=O)=O)cc1C(=O)NC(=N)N,0.024041902
CCC(=O)[C@@]1(C)[C@H](C)C[C@H]2[C@@H]3CCC4=CC(=O)C=C[C@]4(C)[C@H]3[C@@H](O)C[C@@]21C,1.3379326e-06
Cc1c(C(=O)NN2CCCCC2)nn(-c2ccc(Cl)cc2Cl)c1-c1ccc(Cl)cc1,2.1178676e-06
COC(=O)N(C)c1c(N)nc(-c2nn(Cc3ccccc3F)c3ncccc23)nc1N,0.36317214
COC(=O)C1=C(C)NC(C)=C(C(=O)OC)C1c1ccccc1OC(F)F,1.2902007e-05
Oc1c(I)cc(I)c(O)c1I,9.583399e-08
C[C@H]1CNCCCN1S(=O)(=O)c1cccc2cncc(F)c12,0.5699661
CCn1nc(C)c2c1C(c1ccccc1)=NCC(=O)N2,0.00027414475
CCn1c(=O)c(-c2cc(NC(=O)Nc3ccccc3)c(F)cc2Br)cc2cnc(NC)cc21,0.5434664
Cc1cn2nc(-c3cc(=O)n4cc(N5CCNC6(CC6)C5)ccc4n3)cc(C)c2n1,0.62654006
O=P(O)(O)C(O)(Cc1cccnc1)P(=O)(O)O,2.1973926e-07
Cc1ccc(COC(=O)N2CC[C@H](CNc3ncccn3)[C@H](F)C2)cc1,0.32891014
Cc1nc2n(c(=O)c1CCN1CCC(c3noc4cc(F)ccc34)CC1)CCCC2,0.28189534
OCc1ccc(-c2ccc(-c3ccc(CO)s3)o2)s1,2.2761933e-05
Cc1nc2sccn2c(=O)c1CCN1CCC(=C(c2ccc(F)cc2)c2ccc(F)cc2)CC1,0.32414532
C[C@@H](NCCc1ccc(O)cc1)[C@@H](O)c1ccc(O)cc1,0.059650283
CC(C)c1nc(CN(C)C(=O)N[C@H](C(=O)N[C@@H](Cc2ccccc2)C[C@H](O)[C@H](Cc2ccccc2)NC(=O)OCc2cncs2)C(C)C)cs1,0.5031735
CNCC/C=C/c1cccnc1,0.0007989766
O=C(NC[C@H]1CN(c2ccc(N3CCOCC3=O)cc2)C(=O)O1)c1ccc(Cl)s1,0.040249187
CCN(C)C(=O)Oc1cccc([C@H](C)N(C)C)c1,1.8546723e-05
CN(C)CCc1c[nH]c2ccc(Cn3cncn3)cc12,0.000115100964
O=C(NCc1cccc(O)c1)Nc1nc(-c2ccncc2)cs1,0.12706088
O=c1c2ccccc2nc2n1CCCCC2,0.00035090398
Cc1nc(N2CCC3(CC2)CO[C@@H](C)[C@H]3N)c(CO)nc1-c1cccc(Cl)c1Cl,0.99620026
CN1CCN(C(=O)CN[C@@H]2C[C@H]2c2ccc(OCc3ccccc3)cc2)CC1,0.00020846189
CC(C)NCCN(C(C)C)S(=O)(=O)c1ccc(Cl)cc1Cl,0.00024584532
O=[N+]([O-])c1cc(Cl)ccc1S(=O)(=O)N1CCN(Cc2ccccc2)CC1,0.43529028
COc1cc2c(cc1O)[C@H](CCc1ccc(Cl)cc1)N(C)CC2,0.00021081931
Cc1cc2nc3c(=O)[nH]c(=O)nc-3n(C)c2cc1C=O,0.00040995167
Cc1ncc(CN2CC=C(c3ccccc3)CC2)c(N)n1,0.19513382
O=[S@@](c1ccccc1)c1ccc2nnnn2n1,0.0011410661
CC(C)Oc1ccc(Cc2ccc(NC3=NCCN3)cc2)cc1,0.007836209
CCOC(=O)c1ncn2c1CN(C)C(=O)c1cc(N=[N+]=[N-])ccc1-2,0.1423394
CN1Cc2c(C(=O)OC(C)(C)C)ncn2-c2ccsc2C1=O,0.0013138452
CCCCOc1cc(C[C@H]2CNC(=O)N2)ccc1OC,0.00076608
C[C@@H](CN1CCC(Cc2ccccc2)CC1)[C@@H](O)c1ccc(O)cc1,0.011176929
CS(=O)(=O)c1ccc([C@@H](CC2CCCC2)C(=O)Nc2nccs2)cc1,0.38184607
COc1cc(Cc2cnc(N)nc2N)c(C(C)C)cc1OC,0.73798496
O=C1N=C(NCc2cccs2)S/C1=C\c1ccc2ncccc2c1,0.010080951
CCCN(CCC)Cc1nc(-c2ncn3c2CN(C)C(=O)c2cc(F)ccc2-3)no1,0.00013079024
C=CCN(C)CCCCCCOc1ccc(C(=O)c2ccc(Br)cc2)c(F)c1,0.64609414
O=C(NOCCO)c1cc(CN2OCCCC2=O)c(F)c(F)c1Nc1ccc(I)cc1F,0.012313869
CN(C)CCn1cc(C(=O)N2CCC3(CC2)OCc2ccccc23)c2ccc(Cl)cc21,0.52316046
CNS(=O)(=O)Nc1nccc(Cc2c(C)c3ccc(Oc4ncccn4)cc3oc2=O)c1F,0.5261116
Cc1c(F)cccc1[C@H]1COC(N)=N1,0.0001447232
C[C@H](N)Cn1ccc2cc(F)c(Cl)cc21,0.0010148571
COc1ccc(S(=O)(=O)Nc2nc(-c3cccc([N+](=O)[O-])c3)cs2)cc1OC,0.003939437
Cc1ccc(S(=O)(=O)N2CCC[C@H]2c2ccc(F)cc2)cc1,0.006580828
Nc1ccc(-c2nc3ccc(-c4nc5ccc(N)cc5[nH]4)cc3[nH]2)cc1,0.14481199
[N-]=[N+]=N[C@]1(CO)O[C@@H](n2ccc(N)nc2=O)[C@@H](O)[C@@H]1O,0.1586367
NC(=O)c1ccc(F)c2c1C[C@@H](N(C1CCC1)C1CCC1)CO2,0.07675314
COCCNc1cc(NC(=O)N2CCCc3cc(CN4CCN(C)CC4=O)c(C=O)nc32)ncc1C#N,0.086067535
C=CC(=O)Nc1cccc(Nc2nc(Nc3ccc(N4CCN(C(C)=O)CC4)cc3OC)ncc2C(F)(F)F)c1,0.35781103
C=CC[N+]1([C@H]2C[C@H]3[C@@H]4CC[C@H]5C[C@H](O)[C@@H](N6CCOCC6)C[C@]5(C)[C@H]4CC[C@]3(C)[C@H]2OC(C)=O)CCCC1,0.010520509
CS(=O)(=O)c1ccc(C2=C(c3ccccc3)C(=O)OC2)cc1,0.0005222614
O=C(Nc1c(Cl)cncc1Cl)c1ccc(OC(F)F)c(OCC2CC2)c1,0.72126675
COCc1c(-c2cc3cc(C)cc(OC)c3s2)c2c(N)ncnn2c1CN1CCNC(=O)C1,0.0074187526
C[C@@H](OC[C@@]1(c2ccccc2)CC[C@]2(CCC(=O)N2)CN1)c1cc(C(F)(F)F)cc(C(F)(F)F)c1,0.59496593
CN(C)[C@@H]1C(=O)C(C(=O)NCN2CCCC2)=C(O)[C@@]2(O)C(O)=C3C(=O)c4c(O)cccc4[C@@](C)(O)[C@H]3C[C@@H]12,0.9950152
O=C(CN1CCC(CN2Cc3ccccc3C2=O)CC1)c1ccc(F)cc1,0.06467072
O=C1CCC2CCC(=O)N12,0.00053327996
C/C=C1\NC(=O)[C@H]2CSSCC/C=C/[C@H](CC(=O)N[C@H](C(C)C)C(=O)N2)OC(=O)[C@H](C(C)C)NC1=O,0.013044404
Cn1c([N+](=O)[O-])cnc1COC(N)=O,0.008949607
CCCN(CCC)CCc1cccc2c1CC(=O)N2,4.0479094e-06
CCCN1CCCC[C@H]1C(=O)Nc1c(C)cccc1C,0.0076420335
CN(C(=O)c1c(O)c2ccccc2n(C)c1=O)c1ccccc1,0.5154693
CC[C@H]1OC(=O)C[C@@H](O)[C@H](C)[C@@H](O[C@@H]2O[C@H](C)C[C@H](N(C)C)[C@H]2O)[C@@H](CC=O)C[C@@H](C)C(=O)/C=C/[C@]2(C)O[C@H]2[C@@H]1C,0.1586181
CC[C@H](CO)Nc1nc(NCc2ccccc2)c2ncn(C(C)C)c2n1,0.00025320778
O=C(O)c1c(Cl)c(Cl)c(Cl)c(Cl)c1-c1c2cc(I)c(=O)c(I)c-2oc2c(I)c(O)c(I)cc12,0.004690534
O=C1OC2(c3cc(I)c(O)c(I)c3Oc3c2cc(I)c(O)c3I)c2c(Cl)c(Cl)c(Cl)c(Cl)c21,0.00015858616
CN(CCOc1ccc(C[C@H]2SC(=O)NC2=O)cc1)c1ccccn1,0.15036798
C=C1CC[C@H]2[C@H](CN)[C@@H]([C@@]3(C)CC[C@H](O)C[C@@H]3CO)CC[C@]12C,0.009768938
O=C(/C=C/c1ccc(O)c(O)c1)O[C@H](Cc1ccc(O)c(O)c1)C(=O)O,0.00030834865
CCn1cc(C(=O)O)c(=O)c2ccc(-c3ccncc3)cc21,0.9588069
C[C@]12CC[C@H](O)C[C@H]1CC[C@@H]1[C@@H]2CC[C@]2(C)[C@@](O)(c3ccoc3)CC[C@]12O,0.107450165
CC(C)c1nc(N(C)S(C)(=O)=O)nc(-c2ccc(F)cc2)c1/C=C/[C@@H](O)C[C@@H](O)CC(=O)O,0.010625268
CCCN(CCc1cccs1)[C@H]1CCc2c(O)cccc2C1,0.0067998045
COc1cc2c(cc1OC)[C@@H]1Cc3ccc(OC)c(OC)c3CN1CC2,0.0050073136
CCOC(=O)Cn1nc(C(F)(F)F)cc1-c1ccc(-c2cccc(S(C)(=O)=O)c2)cc1,0.8427931
O=[N+]([O-])c1cc([As](=O)(O)O)ccc1O,0.00066208566
CC(=O)OCC(=O)NCCCOc1cccc(CN2CCCCC2)c1,0.00013231914
CC[C@H]1OC(=O)[C@H](C)[C@@H](O[C@H]2C[C@@](C)(OC)[C@@H](O)[C@H](C)O2)[C@H](C)[C@@H](O[C@@H]2O[C@H](C)C[C@H](N(C)C)[C@H]2O)[C@](C)(O)C[C@@H](C)/C(=N\OCOCCOC)[C@H](C)[C@@H](O)[C@]1(C)O,0.81698275
CC(C)Oc1ccc(-c2nc(-c3cccc4c3CC[C@H]4NCCC(=O)O)no2)cc1C#N,0.102082945
COc1ccccc1CC(=N)N1C[C@@H]2C(=O)CCC(c3ccccc3)(c3ccccc3)[C@@H]2C1,0.025828013
O=C(O)c1ccc(S(=O)(=O)N(Cc2ccc(OC(F)(F)F)cc2)c2ncc(C(F)(F)F)cc2Cl)cc1,0.36891878
O=C(CBr)N1CC([N+](=O)[O-])([N+](=O)[O-])C1,0.01567009
C[C@@H](NC(=O)[C@@H]1CSCN1C(=O)c1ccccc1)c1ccccc1,0.004302943
Cc1c[nH]c(=O)n(CCCN2CCN(c3ccccc3OCC(F)(F)F)CC2)c1=O,0.01962924
COc1cc(OC)c(C(=O)CCCCN2CCC3(CC2)NC(=O)NC3=O)cc1NS(=O)(=O)c1ccc(C(F)(F)F)cc1,0.21487112
O=C1Nc2ccccc2C2(CCN(CCc3ccc(C(F)(F)F)cc3)CC2)O1,0.05005101
CC(C)c1cc(-c2ccc(F)c3ccccc23)nc(N)n1,2.9777033e-05
CC(C)n1cnc2c(C(=O)N[C@H]3C[N@]4CC[C@@H]3CC4)cc(Cl)cc21,0.965966
CC(C)(Cc1c[nH]c2ccc(Cl)cc12)NCCOc1ccccc1OCC1CC1,0.78577006
COc1cc(N)c(Cl)cc1C(=O)OCCCN1CCCCC1,0.009364959
COc1cc(COc2cc(N)c(Cl)cc2C(=O)CCC2CCN(CCNS(C)(=O)=O)CC2)cc(OC)c1,0.14696123
Clc1cccc2c1CN(C1=NCCN1)C2,0.41080606
Cc1ccc2c(c1)C1(CCN(CCc3nc(-c4ccccc4)oc3C)CC1)OC(=O)N2,0.006218522
Cn1cc(C(=O)C(=O)N[C@H]2C[N@]3CC[C@@H]2CC3)c2ccccc21,0.083051756
CCCCN1CCC(CCC(=O)c2cc(Cl)c(N)cc2OC)CC1,0.04694714
COc1cc(N)c(Cl)cc1C(=O)CCC1CCN(CCNS(C)(=O)=O)CC1,0.1962366
CCS(=O)(=O)N1CCC[C@@H]2CN3CCc4cc(OC)ccc4[C@@H]3C[C@@H]21,0.01808153
O=C(Nc1ccccc1F)N[C@H]1N=C(c2ccccc2)c2ccccc2NC1=O,0.0013641593
CC1(C)CC[C@]2(NC(=O)C(C)(F)F)CC[C@]3(C)[C@H](C(=O)C=C4[C@@]5(C)C=C(C#N)C(=O)C(C)(C)[C@@H]5CC[C@]43C)[C@@H]2C1,0.0028762522
CC[C@@H](C)CNCC(=O)N1CCc2sccc2[C@@H]1COc1cccc(C)c1,0.0011228931
COc1ccc2[nH]cc(C3=CCNCC3)c2c1,0.00013024501
CCC[C@@H]1CC2=CC(=O)CC[C@]2(C)[C@H]2CC[C@@]3(C)[C@@H](CC[C@@]3(O)CCC(=O)O)[C@H]12,0.0073065674
CC(C)N[C@@H]1CCn2c(=O)[nH]c3cccc(c32)[C@H]1O,0.0013103124
CC1(C)C(=O)N(c2ccc(C#N)c(C(F)(F)F)c2)C(=O)N1CCCCO,0.0083043035
CC[C@@]1(O)C(=O)OCc2c1cc1n(c2=O)Cc2cc3c([N+](=O)[O-])cccc3nc2-1,0.001973839
CN(C)C[C@@H]1CCn2cc(c3ccccc32)C2=C(C(=O)NC2=O)c2cn(c3ccccc23)CCO1,0.99120224
CNCc1ccc(-c2[nH]c3cc(F)cc4c3c2CCNC4=O)cc1,0.6374435
CCCCc1ccc(O)cc1O,0.048248366
NC(=O)c1cn(Cc2c(F)cccc2F)nn1,0.0037888254
CN1CCN(c2c(F)cc3c(=O)c(C(=O)O)cn4c3c2SCC4)CC1,0.86311805
Cc1cncc(CN2CCC(=C3c4ccc(Cl)cc4CCc4cccnc43)CC2)c1,0.0020436174
O=c1c2ccccc2nc2n1CCc1c-2[nH]c2ccccc12,0.0021955287
C[C@@H]1O[C@@H](OC[C@H]2O[C@@H](Oc3c(-c4ccc(O)c(O)c4)oc4cc(O)cc(O)c4c3=O)[C@H](O)[C@@H](O)[C@@H]2O)[C@H](O)[C@H](O)[C@H]1O,0.0005009236
N#CC[C@H](C1CCCC1)n1cc(-c2ncnc3[nH]ccc23)cn1,0.24268773
N#CC[C@@H](C1CCCC1)n1cc(-c2ncnc3[nH]ccc23)cn1,0.21834418
COCCN(CCOC)C(=O)CCCC#Cc1cccc2nc(Cn3nc(-c4cccc(O)c4)c4c(N)ncnc43)n(Cc3ccccc3Cl)c(=O)c12,0.3557917
C=CCn1c(=O)n([C@@H]2O[C@H](CO)[C@@H](O)[C@H]2O)c2[nH]c(N)nc(=O)c21,0.026417939
Cc1c(C(=O)NCCCO)cnn1-c1nc(-c2cccc(C(F)(F)F)c2)cs1,0.11593378
OCCC#Cc1nc(-c2ccc(F)cc2)c(-c2ccncc2)n1CCCc1ccccc1,0.028483061
Nc1ccn([C@@H]2C(F)=C(CO)[C@@H](O)[C@H]2O)c(=O)n1,0.011561221
CO[C@@]1(C2=NCCN2)COc2ccccc2O1,0.007602613
Cc1ccc(NC2=CC(=O)c3sc(C)nc3C2=O)cc1,0.07538747
Oc1cccc(Nc2ncc(F)c(Nc3cccc(O)c3)n2)c1,0.01174045
O=C(NO)c1cnc(N2CCN(S(=O)(=O)c3ccc4ccccc4c3)CC2)nc1,0.64068997
COc1cc(Nc2ncc(F)c(Nc3ccc4c(n3)NC(=O)C(C)(C)O4)n2)cc(OC)c1OC,0.4835768
COc1ccc(F)c(F)c1C(=O)c1cnc(NC2CCN(S(C)(=O)=O)CC2)nc1N,0.16998376
CC(C)SC(=N)N,1.2275373e-05
CSC[C@H](N)C(=O)O,0.3160395
N[C@@H](CCC(=O)N[C@@H](CS[N+][O-])C(=O)NCC(=O)O)C(=O)O,0.0017340998
N[C@@H](CSS(=O)(=O)O)C(=O)O,0.1039565
N[C@H](CSC(c1ccccc1)(c1ccccc1)c1ccccc1)C(=O)O,0.13470116
Cc1oc2ccccc2c1CNC(=O)NCc1cccs1,0.00023396891
CC(C)=CCC[C@](C)(O)[C@H]1CC[C@]2(C)[C@@H]1[C@H](O)C[C@@H]1[C@@]3(C)CC[C@H](O)C(C)(C)[C@@H]3CC[C@]12C,0.0020361934
COc1ccc2cccc(N3CCN(CCNC(=O)c4ccc(F)cc4)CC3)c2c1,0.032352842
O=C([C@@H]1C[C@@H]2CCCC[C@@H]2N1C(=O)[C@@H]1C[C@H]1c1ccccc1)N1CCSC1,0.00037812677
Cc1ccc(C#Cc2ccc(S(=O)(=O)N[C@H](Cc3c[nH]c4ccccc34)C(=O)O)s2)cc1,0.91861093
NC(=O)c1ccc(OCCCN2C[C@H]3CCC[C@H]3C2)cc1,0.01137218
CNC(=O)COC(=O)NCCC1CCN(c2cccc(C)n2)CC1,0.0024792063
O=C1NS(=O)(=O)c2ccccc21,0.00022732194
NC[C@@H](CS(=O)(=O)O)c1ccc(Cl)cc1,0.018036721
CCOC(=O)[C@H](C)C[C@@H](Cc1ccc(-c2ccccc2)cc1)NC(=O)CCC(=O)O,0.099291764
C[C@H](C[C@@H](Cc1ccc(-c2ccccc2)cc1)NC(=O)CCC(=O)O)C(=O)O,0.08096669
O=C1C(=C(O)/C=C/c2ccc(O)cc2)C(=O)[C@@](O)([C@H]2O[C@H](CO)[C@@H](O)[C@H](O)[C@H]2O)C(=O)/C1=C/[C@H]1C(=O)C(=C(O)/C=C/c2ccc(O)cc2)C(=O)[C@](O)([C@H]2O[C@H](CO)[C@@H](O)[C@H](O)[C@H]2O)C1=O,0.99747723
C[C@H](NCc1ccc(OCc2cccc(F)c2)cc1)C(N)=O,0.0018564635
CCCCCCCCCCCCCCC[C@@H](O)[C@@H](N)CO,0.022713888
CC1=C(C=O)C(C)(C)CC=C1,3.0207224e-05
CN[C@H]1CC[C@H](N(Cc2cccc(-c3ccncc3)c2)C(=O)c2sc3ccccc3c2Cl)CC1,0.99536693
COc1ccc(NS(=O)(=O)c2ccc(N=Nc3ccc(O)c(C(=O)O)c3)cc2)nn1,0.024035
OCc1ccccc1O[C@@H]1O[C@H](CO)[C@@H](O)[C@H](O)[C@H]1O,1.4724741e-06
OCc1ccccc1O,7.405314e-05
NC(=O)c1ccccc1O,0.0061070886
O=C(Nc1ccccc1)c1ccccc1O,0.040652003
O=C(O)c1ccccc1O,0.02311394
OC[C@H]1O[C@@H](OCCc2ccc(O)cc2)[C@H](O)[C@@H](O)[C@@H]1O,0.00043111094
CC[C@@H](C(=O)[C@@H](C)[C@@H](O)[C@H](C)[C@@H]1O[C@@H]([C@@H](CC)C(=O)O)CC[C@@H]1C)[C@H]1O[C@]2(C=C[C@@H](O)[C@]3(CC[C@@](C)([C@H]4CC[C@](O)(CC)[C@H](C)O4)O3)O2)[C@H](C)C[C@@H]1C,0.89028585
CC(C)=CCC/C(C)=C/CC/C(C)=C/CSc1ccccc1C(=O)O,0.1476039
OCc1cc([C@@H](O)CNCCCCCCOCCCCc2ccccc2)ccc1O,0.014325991
C[C@@]1(C(=O)O)NCCc2cc(O)c(O)cc21,0.024306906
O=C(/C=C/c1ccccc1)N[C@@H](NC(=S)Nc1cccc2cccnc12)C(Cl)(Cl)Cl,0.7205389
O=C(/C=C/c1ccc(O)c(O)c1/C=C/c1ccc(O)c(O)c1)O[C@H](Cc1ccc(O)c(O)c1)C(=O)O,2.9523935e-05
O=C(/C=C/c1ccc(O)c2c1[C@@H](C(=O)O[C@H](Cc1ccc(O)c(O)c1)C(=O)O)[C@H](c1ccc(O)c(O)c1)O2)O[C@H](Cc1ccc(O)c(O)c1)C(=O)O,0.014403779
COC(=O)[C@@H]1C[C@H](OC(C)=O)C(=O)[C@H]2[C@@]1(C)CC[C@H]1C(=O)O[C@H](c3ccoc3)C[C@]21C,0.0074009295
O=C(/C=C/c1ccccc1)N[C@@H](NC(=S)Nc1ccc(Cl)cc1)C(Cl)(Cl)Cl,0.73669493
O=S(=O)(c1cccc2ccccc12)c1n[nH]c2ccc(N3CCNCC3)cc12,0.00094546995
CCCCCCN1CCC(C(=O)N(C)CC)(c2ccccc2)CC1,0.0019846428
COCCNC(=O)Cn1cnc([N+](=O)[O-])n1,0.0042285044
CN(C)[C@@H]1C(=O)[C@@H](C(N)=O)C(=O)[C@@]2(O)C(=O)[C@H]3C(=O)c4c(O)cccc4C[C@H]3C[C@@H]12,0.9883713
NC(=O)c1cn([C@@H]2O[C@H](CO)[C@@H](O)[C@H]2O)c2ncnc(N)c12,0.0021638111
C[n+]1cc2c3c(ccc2c2ccc4cc5c(cc4c21)OCO5)OCO3,0.05827101
Cc1nn(-c2ccccc2)c(C)c1/C=N/N1CCN(Cc2ccccc2)CC1,0.0013514516
CCOc1cc(C(=O)Nc2ccc(Cl)c(-c3nc4ccccc4[nH]3)c2)cc(OCC)c1OCC,0.27781525
CCCCCCCCCCCCCCCC(=O)Nc1ccn([C@@H]2O[C@H](CO)[C@@H](O)[C@@H]2C#N)c(=O)n1,0.0018202333
C[C@H](O)[C@H](O)[C@H]1CNc2[nH]c(N)nc(=O)c2N1,8.098571e-05
CC(C)(C)NC(=O)[C@@H]1C[C@@H]2CCCC[C@@H]2CN1C[C@@H](O)[C@H](Cc1ccccc1)NC(=O)[C@H](CC(N)=O)NC(=O)c1ccc2ccccc2n1,0.78407216
COc1cc(Nc2nc3ccccc3nc2NS(=O)(=O)c2ccc(NC(=O)c3ccc(C)c(OC)c3)cc2)cc(OC)c1,0.0031265898
CN1CCN(CCOc2cc(OC3CCOCC3)c3c(Nc4c(Cl)ccc5c4OCO5)ncnc3c2)CC1,0.03986515
O=C(O)c1cn(-c2ccc(F)cc2)c2cc(N3CCNCC3)c(F)cc2c1=O,0.99359703
CNCC(=O)O,0.00053751096
N=C(N)N/N=C1\CCc2c(C(=N)N)cccc21,0.02563983
CCc1noc(C)c1-c1[nH]c2ccccc2c1[C@@H](O)CN(C)C,0.0008484473
CCO[C@@H](Cc1ccc(OCCn2c(C)ccc2-c2ccc(SC)cc2)cc1)C(=O)O,0.19629924
COc1cccc(CCc2ccccc2OC[C@@H](CN(C)C)OC(=O)CCC(=O)O)c1,0.003183738
CCn1c(N)c(C(=O)NC)c(=O)c2ccc(C#C[C@@](C)(O)COC)nc21,0.61798906
C[C@@H]1COCCN1c1cc(=O)n2c(n1)N(Cc1cncc(Cl)c1)[C@H](C(F)(F)F)CC2,0.027086265
CC(C)(C)C[C@@H]1N[C@@H](C(=O)N[C@H]2CC[C@H](O)CC2)[C@H](c2cccc(Cl)c2F)[C@]12C(=O)Nc1cc(Cl)ccc12,0.23716071
O=c1[nH]ccc2cc(OC3CCNCC3)ccc12,0.0008256945
O=C(Oc1ccccc1C(=O)O)c1ccccc1O,0.007993918
CC(=O)[O][Pt]([NH2])([Cl])([Cl])([NH]C1CCCCC1)[O]C(C)=O,0.070662156
C[C@@H](c1ccc2nccn2c1)n1nnc2ncc(-c3cnn(C)c3)nc21,0.0038078101
N#C[C@@H]1C[C@@H]2C[C@@H]2N1C(=O)[C@@H](N)[C@@]12C[C@@H]3C[C@@H](C[C@@](O)(C3)C1)C2,0.0046559963
Cn1ccc2cc(NC(=O)Nc3cccnc3)ccc21,0.0129072955
Oc1ccc(-c2nc(-c3ccncc3)c(-c3ccc(F)cc3)[nH]2)cc1,0.7678521
O=C(OCCN1CCCCC1)c1c[nH]c2ccccc12,0.00397834
C[S@@](=O)c1ccc(-c2nc(-c3ccncc3)c(-c3ccc(F)cc3)[nH]2)cc1,0.81166476
CC#CCOC(=O)c1c(C)nc2sc3c(c2c1N)CC[C@H](O)C3,0.9920151
Cn1ccc2cc3c(cc21)CCN3C(=O)Nc1cccnc1,0.0017817308
COc1ccc(NC(=O)c2ccc(-c3ccc(-c4noc(C)n4)cc3C)cc2)cc1OCCN(C)C,0.021394935
Cn1cc(C2=C(c3ccc(Cl)cc3Cl)C(=O)NC2=O)c2ccccc21,0.7925749
O=C1NC(=O)c2c1c1c3ccccc3n3c1c1c2c2ccccc2n1[C@H]1CC[C@H]3O1,0.3178129
COC(=O)[C@H](NC(=O)c1cc(-c2ccccc2)nc2ccccc12)c1ccccc1,0.0086141545
CSc1cc2c(cc1C(F)(F)F)N(C(=O)Nc1cccnc1)CC2,0.004297555
CC[C@H](NC(=O)c1c(C)c(-c2ccccc2)nc2ccccc12)c1ccccc1,0.0033321306
O=C(Nc1ccc([N+](=O)[O-])cc1O)Nc1ccccc1Br,0.0012929344
COc1cc2c(cc1C(F)(F)F)N(C(=O)Nc1cc(F)cc(-c3cccnc3)c1)CC2,0.19488473
Cc1nc2c(-c3cnc(N)nc3)nc(N3CCOCC3)nc2n1C(C)C,0.9052373
COc1nccc(-c2c(-c3ccc(F)cc3)ncn2[C@H]2CC[C@H](O)CC2)n1,7.448039e-06
COc1nccc(-c2c(-c3ccc(F)cc3)ncn2C2CCNCC2)n1,2.8296614e-05
Cc1cc2c(cc1C(F)(F)F)N(C(=O)Nc1ccc(Oc3cccnc3C)nc1)CC2,0.006011058
COc1ccc(NS(=O)(=O)c2ccc(I)cc2)cc1N1CCN(C)CC1,0.00043585902
Cc1ccccc1N(C)C(=O)c1ccc([S@@](=O)c2nccs2)c([N+](=O)[O-])c1,0.0021135933
CC1CCN(CC[C@H]2CCCN2S(=O)(=O)c2cccc(O)c2)CC1,0.10667402
COc1ccc(NS(=O)(=O)c2sc3ccc(Cl)cc3c2C)cc1N1CCNCC1,0.0041588857
CCOC(=O)[C@H](Cc1ccc([N+](=O)[O-])cc1)NC(=O)c1ccccc1,9.849928e-05
COC(=O)[C@H](Cc1ccc([N+](=O)[O-])cc1)NC(=O)c1cccc2ccccc12,0.0006474254
Cc1nc2ccc(NC(=O)Nc3ccnc4cccnc34)cc2o1,0.061028086
COc1cccc(NC(=O)/C=C/c2ccc(Cl)cc2)c1,0.001578365
COc1ccc(S(=O)(=O)Nc2cc(Cl)cc(Cl)c2OC)cc1N1CCNCC1,0.010348287
Cc1cc(NC(=O)Nc2ccc(N(C)C)cc2)c2cc(F)cc(F)c2n1,0.09319674
O=C1NC(=O)C(c2ccccc2[N+](=O)[O-])=C1Nc1ccc(O)c(Cl)c1,0.15185913
NC(=O)c1ccc(-c2nc(-c3ccccn3)c(-c3ccc4c(c3)OCO4)[nH]2)cc1,0.035090733
CCN(CCNC(=O)Nc1ccccc1Br)c1cccc(C)c1,0.00012528028
Cc1cccc(-c2nc(C(C)(C)C)[nH]c2-c2ccc3c(c2)OCO3)n1,0.073368914
Cc1cccc(-c2nc(C(C)(C)C)[nH]c2-c2ccc3nccnc3c2)n1,0.4331057
CN(C)CCOc1ccc(-c2nc(-c3ccncc3)c(-c3ccc4c(c3)CC/C4=N\O)[nH]2)cc1,0.9631855
Cc1cccc2c1CC[C@H](CN1CCC(c3c(Cl)cccc3Cl)CC1)C[C@@H]2O,0.18749546
Cc1nc(C(=O)N2CCCC[C@H]2CNC(=O)c2cccc3occc23)c(-c2ccc(F)cc2)s1,0.34302625
COc1cc(Br)c(S(=O)(=O)Nc2ccc(Cl)c(O[C@@H]3CCN(C)C3)c2)cc1OC,0.0033310163
COc1cccc(OC)c1-c1ccc(C[C@H](NC(=O)c2c(Cl)cccc2Cl)C(=O)O)cc1,0.12603398
O=C(Nc1ccccc1Br)N[C@@H]1CCN(c2ccc(C(F)(F)F)cn2)C1,0.004303033
COc1cc(Br)c(S(=O)(=O)Nc2ccc(C(F)(F)F)c(O[C@@H]3CCN(C)C3)c2)cc1OC,0.04441751
O=S(=O)(c1ccccc1)c1cnc2c(N3CCNCC3)cccc2c1,6.824914e-05
Cc1ccc(C(=O)N(CCCN)[C@@H](c2oc3cc(Cl)ccc3c(=O)c2Cc2ccccc2)C(C)C)cc1,0.9101532
CCn1c(-c2nonc2N)nc2cncc(CNC3CCNCC3)c21,0.8728626
COc1ccc(S(=O)(=O)N2CCCN(S(=O)(=O)c3ccc(OC)c(OC)c3)CC2)cc1OC,0.59006184
CCn1c(-c2nonc2N)nc2cncc(C(=O)N3CC[C@H](N)C3)c21,0.9279874
CCCCc1nc2cc(/C=C/C(=O)NO)ccc2n1CCN(CC)CC,7.698855e-06
COc1ccc(CCNCc2ccc(OCc3ccc(Cl)nc3)c(OC)c2)cc1OC,0.004689161
O=C(CCCCCCC(=O)NO)NO,5.125926e-06
CCS(=O)(=O)c1ncc(Cl)c(C(=O)Oc2cccc(C)c2)n1,0.0002147507
CCCCCCCNS(=O)(=O)c1cccc2c(Cl)cccc12,0.050708156
COc1cccc(-c2ccc(NC(=O)C3=C(C(=O)O)CCC3)c(F)c2)c1,0.048570756
O=C(NNc1nc2cc(F)ccc2n2cccc12)c1cnccn1,0.033474796
CC(=O)NNC(=O)N1Cc2ccccc2Oc2ccc(Cl)cc21,5.960077e-07
NS(=O)(=O)c1ccc(-n2nc(C(F)(F)F)cc2-c2ccc(Cl)cc2)cc1,0.21768029
O=C(CCc1ccncc1)NNC(=O)N1Cc2ccccc2Oc2ccc(Cl)cc21,7.07025e-06
COc1ccc(-n2nc(C(F)(F)F)cc2-c2ccc(Cl)cc2)cc1,0.9697762
O=S(=O)(NCCCCCCc1ccccc1)c1cccc2c(Cl)cccc12,0.060773153
C=C1C(=O)O[C@@H]2/C=C(/C)C[C@H]3C=C(C[C@H](OC(=O)/C(C)=C\C)[C@@H]12)C(=O)O3,0.0012049525
CN=c1nc(-c2ccccc2)n(-c2ccccc2)s1,2.231777e-05
Cc1ccccc1C(c1ccccc1C)N1[C@@H]2CC[C@H]1C[C@](O)(c1ccccc1)C2,0.060865033
CN1CCc2cc(Cl)c(O)cc2[C@@H](c2ccccc2)C1,0.0056595085
Cc1nc2c(OCc3ccccc3)cccn2c1CC#N,3.679968e-06
COc1ccc2nc3n[nH]c(C)c3c(NCCOCCO)c2c1,0.0038635654
Nc1nc2c(cnn2CCc2ccccc2)c2nc(-c3ccco3)nn12,0.03939894
Cn1cc(-c2cnn3c(N)c(Br)c([C@@H]4CCCNC4)nc23)cn1,0.21686584
COc1cc2c(c(OC)c1OC)-c1c(cc3c(c1OC)OCO3)C[C@@H](C)[C@@H](C)C2,0.018404637
COc1cc2c(c(OC)c1OC)-c1c(cc3c(c1OC)OCO3)C[C@H](C)[C@@](C)(O)C2,0.7412105
C=CC(C)(O)CC[C@@H]1[C@@]2(C)CCCC(C)(C)[C@@H]2CC[C@@]1(C)O,1.0843605e-06
CC1(C)CCC[C@]2(C)[C@H]3CC(=O)O[C@]3(C)CC[C@@H]12,0.0002032709
N[C@@H](CSCC(=O)O)C(=O)O,0.10504317
CN1[C@@H]2C[C@@H](O)C[C@H]1[C@@H]1O[C@@H]12,5.5018627e-06
CN1[C@@H]2C[C@@H](OC(=O)[C@H](CO)c3ccccc3)C[C@H]1[C@@H]1O[C@@H]12,0.0002933583
O=C(CN1C(=O)c2ccccc2S1(=O)=O)Nc1ccc(O)cc1,0.06216019
O=C(CCCCCN1C(=O)c2cccc3cccc(c23)C1=O)NO,0.0114805335
O=C(N/N=C/c1ccccc1O)c1ccccc1O,0.04229668
O=C(CO)N1CCC(c2[nH]nc(-c3ccc(Cl)cc3)c2-c2ccncn2)CC1,2.7151802e-05
NC(=O)c1ccc2[nH]ccc2c1,0.0009491619
Fc1ccc(Cl)cc1-c1nc(Nc2ccncc2)c2nccnc2n1,0.07464342
COCCN1CCC(C(=O)NO)(S(=O)(=O)c2ccc(Oc3ccc(OC(F)(F)F)cc3)cc2)CC1,0.37863442
CN(Cc1ccccc1)C(=O)[C@H](Cc1ccc2ccccc2c1)NC(=O)[C@@H]1CCCN1C(=O)Nc1ccccc1[N+](=O)[O-],0.49457207
CN1CC[C@@H]2CN3CCc4cccc(c43)[C@@H]2C1,0.01539192
CO[C@@H]1[C@H](O)[C@@H](CO)O[C@H]1n1cnc2c(NC3CCCCC3)ncnc21,0.9341946
CCN(CC)CCOC(=O)c1cc(Cl)c(N)cc1OC,0.00039981926
CC(C)OC(=O)c1cc2c(OC[C@@H](O)CNC(C)(C)C)cccc2[nH]1,0.0002300202
N[C@@H](Cc1cc(-c2ccc(Cl)cc2Cl)cc(CP(=O)(O)O)c1O)C(=O)O,0.011660311
N[C@@H](Cc1cc(CP(=O)(O)O)cc(-c2ccccc2Cl)c1)C(=O)O,0.0041052867
C[Se]C[C@H](N)C(=O)O,0.20201573
C=C1CC[C@H](O)C/C1=C/C=C1\CCC[C@]2(C)[C@@H]([C@H](C)CC[C@@H](O)C(C)(C)O)CC[C@@H]12,1.9711351e-06
O=C1c2cc(Cl)ccc2O[C@H]2CCON12,9.085817e-05
C/C(=N\NC(=O)c1cccc(S(=O)(=O)N2CCN(C)CC2)c1)c1cc(Cl)ccc1O,0.4324008
Cc1ncc([N+](=O)[O-])n1C[C@@H](C)O,0.025168428
COc1cc(C[C@@H](CO)[C@H](CO)Cc2ccc(O)c(OC)c2)ccc1O,1.8247466e-10
COc1cc(C[C@@H](CO[C@@H]2O[C@H](CO)[C@@H](O)[C@H](O)[C@H]2O)[C@H](CO[C@@H]2O[C@H](CO)[C@@H](O)[C@H](O)[C@H]2O)Cc2ccc(O)c(OC)c2)ccc1O,1.0075199e-08
O=C1C=C2C=C[C@@H]3C[C@@]2(O1)[C@H]1CCCCN31,2.1302096e-06
C=C1C[C@H]2[C@@H]3CCC4=CC(=O)CC[C@@H]4[C@H]3CC[C@]2(C)[C@@]1(OC(C)=O)C(C)=O,0.418886
CCO[C@H](COc1ccc(C(F)(F)F)cc1)CSc1ccc(OCC(=O)O)c(C)c1,0.26570705
CO[C@H]1C[C@H](O[C@@H]2/C(C)=C/C[C@@H]3C[C@@H](C[C@]4(CC[C@H](C)[C@@H](C5CCCCC5)O4)O3)OC(=O)[C@@H]3C=C(C)/C(=N/O)[C@H]4OC/C(=C\C=C\[C@@H]2C)[C@]43O)O[C@@H](C)[C@@H]1O,0.36970684
C#CCN(C)[C@H](C)Cc1ccccc1,0.000167877
C[Se]CC[C@H](N)C(=O)O,0.13058574
[O-][n+]1cccc(-c2nc3c(Cl)cccc3cc2[C@@H](Nc2ncnc3cccnc23)C(F)(F)F)c1,0.05318213
CC(C)N(CCCCOCC(=O)NS(C)(=O)=O)c1cnc(-c2ccccc2)c(-c2ccccc2)n1,0.018706251
O=C(O)[C@H]1C[C@@H](CP(=O)(O)O)CCN1,0.032925576
O=C(/C=C\n1cnc(-c2cc(C(F)(F)F)cc(C(F)(F)F)c2)n1)NNc1cnccn1,0.0007036458
C[C@@H]1CCc2ncc(F)cc2[C@H]2CCCN2c2ccn3ncc(c3n2)C(=O)N1,0.23656361
Cc1cc(F)c(C(=O)Nc2cccc(-c3nncn3C(C)C)n2)cc1-n1cnc(C2CC2)c1,0.008898472
Cn1cnc2c(F)c(Nc3ccc(Br)cc3Cl)c(C(=O)NOCCO)cc21,0.003693353
CC(C)[C@H](O)C(=O)N[C@@H](C)C(=O)N[C@@H]1C(=O)N(C)CCc2ccccc21,0.019427953
CC(=NNC(=N)N)c1cc(NC(=O)CCCCCCCCC(=O)Nc2cc(C(C)=NNC(=N)N)cc(C(C)=NNC(=N)N)c2)cc(C(C)=NNC(=N)N)c1,0.94507843
Cc1cc(C)c(/C=C2\C(=O)Nc3ccccc32)[nH]1,0.0010810385
CC1CCC(NC(=O)N(CCCl)[NH2+][O-])CC1,5.9281374e-05
CN(C)c1cccc(Oc2cnc(Nc3cccc(O)c3)nc2)c1,0.09229676
NC(=O)C(c1ccccc1)(c1ccc(F)cc1)c1ccc(F)cc1,0.002691046
O=C(O)c1cc(O)c2c(O)c3c(O[C@H]4O[C@H](CO)[C@@H](O)[C@H](O)[C@H]4O)cccc3c(-c3c4cc(C(=O)O)cc(O)c4c(O)c4c(O[C@H]5O[C@H](CO)[C@@H](O)[C@H](O)[C@H]5O)cccc34)c2c1,0.4817743
O=C(O)c1cc(O)c2c(O)c3c(O[C@@H]4O[C@H](CO)[C@@H](O)[C@H](O)[C@@H]4O)cccc3c(-c3c4cc(C(=O)O)cc(O)c4c(O)c4c(O[C@H]5O[C@@H](CO)[C@@H](O)[C@@H](O)[C@@H]5O)cccc34)c2c1,0.3894189
C=C1/C(=C\C=C2/CCC[C@]3(C)[C@@H]([C@H](C)/C=C/C=C/C(O)(CC)CC)CC[C@@H]23)C[C@@H](O)C[C@@H]1O,0.00051751407
O=C(O)c1cc2occc2[nH]1,0.007407402
CC1=C(C)C(=O)C([C@@H](CCCCCC(=O)O)c2ccccc2)=C(C)C1=O,0.0032838911
c1ccc2c(CCNc3ccc(Nc4ccncc4)cc3)c[nH]c2c1,0.130217
NCCc1c[nH]c2ccc(O)cc12,0.006590143
Clc1ccc([C@@H](Cn2ccnc2)OCc2csc3c(Cl)cccc23)c(Cl)c1,0.011198383
O=C1NCCN1CCN1CCC(c2cn(-c3ccc(F)cc3)c3ccc(Cl)cc23)CC1,0.08597837
CN[C@H]1CC[C@@H](c2ccc(Cl)c(Cl)c2)c2ccccc21,0.042422004
c1cc2c(cc1[C@H]1OC[C@H]3[C@@H]1CO[C@@H]3c1ccc3c(c1)OCO3)OCO2,9.491299e-06
O=C(O)Cn1c2c(c3cc(F)ccc31)CN(C(=O)c1cccc3ccccc13)CC2,0.07011115
CN1CCC2=C(C1)c1ccccc1Cc1ccccc12,0.002314044
CC(=O)N[C@@H](CCCNC(=N)N)C(=O)N[C@H]1CSSC[C@@H](C(N)=O)NC(=O)[C@H](Cc2c[nH]c3ccccc23)NC(=O)[C@H](CCCNC(=N)N)NC(=O)[C@@H](Cc2ccccc2)NC(=O)[C@H](Cc2cnc[nH]2)NC(=O)[C@@H](C)NC1=O,0.178413
FCOC(C(F)(F)F)C(F)(F)F,3.937042e-06
FC(F)(F)c1cccc(-c2noc(-c3cc(-c4ccccc4)c(C(F)(F)F)s3)n2)c1,0.010277231
CCOc1ccc(NC(=S)N2CCC(C(O)(c3ccccc3)c3ccccc3)CC2)cc1,0.48894605
COc1ccc(CCc2nc3cc(-c4c(C)noc4C)ccc3n2C[C@H](C)N2CCOCC2)cc1Cl,0.076790795
CC(C)N(CCCNC(=O)Nc1ccc(C(C)(C)C)cc1)C[C@H]1O[C@@H](n2cc(Br)c3c(N)ncnc32)[C@H](O)[C@@H]1O,0.06896166
O=C(NCC(=O)N1CCCC1)Nc1ccc2cnccc2c1,0.009326744
Cc1cc(Nc2ccc(NC(=O)c3ccc(Nc4ccnc5ccccc45)cc3)cc2)nc(N)n1,0.43095738
CN1CCC(CNc2ccc3ncc(-c4cccc(OC(F)(F)F)c4)n3n2)CC1,0.5105173
CCCCP(=O)(O)CCCN,2.2216796e-05
Cn1cc(-c2ccc3nnc(Sc4ccc5ncccc5c4)n3n2)cn1,0.036820006
O=C(NCc1ccc(F)cc1)N1CCN2C(=O)OC(c3ccccc3)(c3ccccc3)[C@@H]2C1,1.6378797e-05
O=C(O)C1=C[C@@H](O)[C@H](O)[C@H](O)C1,0.0012105607
CC1(N)CCN(c2cnc(-c3cccc(Cl)c3Cl)c(N)n2)CC1,0.010145356
CN1CCC[C@@H]1CCSc1ccc(O)cc1,9.9670026e-05
C=C1C=CC(=O)C(=NNc2ccccc2)N1,0.00026722334
Cc1cccc(/C=C/c2ccccc2)n1,0.24431391
CCOC(=O)[C@@H](C)Oc1cccc2c(=O)n(CC(=O)Nc3ccc4c(c3)OCCO4)ccc12,0.10389921
CN/C(=N\c1ccc(C2=NNC(=O)C[C@@H]2C)cc1)NC#N,1.9572586e-05
CCCc1nn(C)c2c(=O)[nH]c(-c3cc(S(=O)(=O)N4CCN(C)CC4)ccc3OCC)nc12,0.51428664
COc1cc([C@H]2Oc3cc([C@H]4Oc5cc(O)cc(O)c5C(=O)[C@@H]4O)ccc3O[C@@H]2CO)ccc1O,0.27124915
C[C@H](Cc1cc2c(c(C(N)=O)c1)N(CCCO)CC2)NCCOc1ccccc1OCC(F)(F)F,0.02590718
Nc1ccc(S(=O)(=O)[N]([Ag])c2ncccn2)cc1,0.020399466
COc1cc([C@H]2Oc3ccc([C@H]4Oc5cc(O)cc(O)c5C(=O)[C@@H]4O)cc3O[C@@H]2CO)ccc1O,0.3690872
COc1ccc2c(O[C@@H]3C[C@H]4C(=O)N[C@]5(C(=O)NS(=O)(=O)C6CC6)C[C@H]5/C=C\CCCCN(C)C(=O)[C@@H]4C3)cc(-c3nc(C(C)C)cs3)nc2c1C,0.10368948
Cc1n[nH]cc1-c1cc2[nH]c([C@H]3CC4CCN3CC4)nc(=O)c2s1,0.072487645
CCC(C)(C)C(=O)O[C@H]1C[C@@H](C)C=C2C=C[C@H](C)[C@H](CC[C@@H]3C[C@@H](O)CC(=O)O3)[C@H]21,0.0090175215
CSCC[C@H](NC(=O)[C@H](Cc1ccc(OS(=O)(=O)O)cc1)NC(=O)[C@@H](N)CC(=O)O)C(=O)NCC(=O)N[C@@H](Cc1c[nH]c2ccccc12)C(=O)N[C@@H](CCSC)C(=O)N[C@@H](CC(=O)O)C(=O)N[C@@H](Cc1ccccc1)C(N)=O,0.12847705
Nc1ncnc2c1ncn2[C@@H]1O[C@H](C[C@@H](N)CC[C@H](N)C(=O)O)[C@@H](O)[C@H]1O,0.07350467
COC1=C[C@@H]2[C@@H]3Cc4ccc(OC)c(O)c4[C@]2(CCN3C)CC1=O,0.0009412877
CN1CCN(c2ncc(-c3cc(Cl)cc(Cl)c3Cl)c(N)n2)CC1,0.75231856
CCc1cc(/C(C)=N/OCc2ccc(C3CCCCC3)c(C(F)(F)F)c2)ccc1CN1CC(C(=O)O)C1,0.64338464
Fc1ccc(-n2cc(CCCCN3CCC4(CC3)OCc3ccccc34)c3ccccc32)cc1,0.2552748
COc1ncc(-c2nc3c(n2C(C)C)[C@H](c2ccc(Cl)cc2)N(c2cc(Cl)cn(C)c2=O)C3=O)c(OC)n1,0.7959052
CO[C@H]1C[C@@H]2CC[C@@H](C)[C@@](O)(O2)C(=O)C(=O)N2CCCC[C@H]2C(=O)O[C@H]([C@H](C)C[C@@H]2CC[C@@H](O)[C@H](OC)C2)CC(=O)[C@H](C)/C=C(\C)[C@@H](O)[C@@H](OC)C(=O)[C@H](C)C[C@H](C)/C=C/C=C/C=C/1C,0.9588759
Cc1cc(C)nc(SCC(=O)Nc2ncc(Cc3cccc4ccccc34)s2)n1,0.003296675
C[C@@H](NC(=O)c1ccccc1/N=C/c1c(O)ccc2ccccc12)c1ccccc1,0.0004416786
CN[C@@H]1[C@@H](O)[C@@H](O[C@@H]2[C@@H](O)[C@H](O[C@H]3OC(CN)=CC[C@H]3N)[C@@H](N)C[C@H]2N)OC[C@]1(C)O,0.99450487
COc1cc2c(cc1OC)CN(C(=O)/C=C/c1c(-c3ccccc3)n(C)c3ncccc13)CC2,0.00025776227
N[C@@H]1CN(c2c(F)cc3c(=O)c(C(=O)O)cn([C@@H]4C[C@@H]4F)c3c2Cl)CC12CC2,0.9999963
N[C@@H](CC(=O)N1CCn2c(nnc2C(F)(F)F)C1)Cc1cc(F)c(F)cc1F,3.00317e-05
Cc1cc2c(cc1CC(=O)c1sccc1S(=O)(=O)Nc1onc(C)c1Cl)OCO2,0.17727675
CC[C@H](CC[C@@H](C)[C@H]1CC[C@H]2[C@@H]3CC=C4C[C@@H](O)CC[C@]4(C)[C@H]3CC[C@]12C)C(C)C,1.045097e-05
COCCNCc1ccc(-c2cc3nccc(Oc4ccc(NC(=O)C5(C(=O)Nc6ccc(F)cc6)CC5)cc4F)c3s2)nc1,0.9995683
CC(C)(C)C(=O)Oc1ccc(S(=O)(=O)Nc2ccccc2C(=O)NCC(=O)O)cc1,0.006228992
CCOc1cc(/C=C2/C(=O)N(c3ccccc3)N=C2C)cc(Cl)c1OCC(=O)OC,0.0018271488
N#Cc1cc(NC(=O)[C@H]2c3ccccc3C(=O)N(CC(F)(F)F)[C@@H]2c2cccnc2)ccc1F,0.01593093
C=C1C[C@H]2C=Nc3cc(OCCCOc4cc5c(cc4OC)C(=O)N4CC(=C)C[C@H]4C=N5)c(OC)cc3C(=O)N2C1,0.99999976
C=CCN1CC[C@]2(C)c3cc(O)ccc3C[C@H]1[C@H]2C,7.081139e-05
Nc1nc2c(ccc3ccccc32)s1,0.00015069365
O=C1c2ccc(Nc3ccc(F)cc3F)cc2CCc2ccc(OC[C@H](O)CO)cc21,0.8268156
Oc1cc2c(cc1O)[C@H](c1ccccc1)CNCC2,1.2920274e-06
C=CCN1CCc2cc(O)c(O)cc2[C@H](c2ccccc2)C1,3.3677168e-08
Oc1cc2c(c(Cl)c1O)CCNCC2c1ccccc1,0.00021830719
CN1CCc2cc(Br)c(O)cc2[C@H](c2ccccc2)C1,0.004431583
Fc1ccc(-c2nc3n(c2-c2ccncc2)CCS3)cc1,0.012378503
O=C(O)[C@H]1CCCN(CCC=C(c2ccccc2)c2ccccc2)C1,0.16033413
CN(C)CCCCSC(=N)N,8.957934e-06
COc1ccc(CCCO[C@@H](Cn2ccnc2)c2ccc(OC)cc2)cc1,0.00013152024
Oc1ccc(Nc2nc(-c3ccc(Cl)cc3)cs2)cc1,0.29485124
CC(C)n1c(Nc2cccnc2)nc2cnc(Nc3ccc(N4CCN(C)CC4)cc3)nc21,0.002868334
COc1cc2ncnc(Sc3nnc(C)s3)c2cc1OC,0.0046793963
C/N=C(/NS(=O)(=O)c1ccc(Cl)cc1)N1C[C@H](c2ccccc2)C(c2ccc(Cl)cc2)=N1,0.016582435
O[C@H]1CC[C@H](Nc2nc(-c3ccccc3)nc3[nH]ccc23)CC1,0.08979566
NC(=O)C1N=CNC1=O,0.00032295857
CN[C@@H](C)C(=O)N[C@H]1CCCC[C@H]2CC[C@@H](C(=O)N[C@@H](c3ccccc3)c3cn(CCCCc4ccc(CCCCn5cc([C@@H](NC(=O)[C@@H]6CC[C@@H]7CCCC[C@H](NC(=O)[C@H](C)NC)C(=O)N76)c6ccccc6)nn5)cc4)nn3)N2C1=O,0.84830046
CC[C@H](Oc1ccc(Cl)cc1)C(=O)O[C@H]1C[C@H]2CC[C@@H](C1)N2C,0.00015237073
C=CCNc1ncnc2ccc(Br)cc12,0.098533496
O=C1NC(=O)/C(=C/c2cccc(C(F)(F)F)c2)S1,0.083888486
Cc1cc(C)c(C2=NO[C@@H]3[C@H]4CC[C@H](C4)[C@H]23)c(C)c1,6.2921463e-06
CCc1c2c(nc3ccc(O)cc13)-c1cc3c(c(=O)n1C2)COC(=O)[C@]3(O)CC,0.01889264
CCOC(=O)[C@H]1CS[C@H](Cc2ccc(OCc3ccc([N+](=O)[O-])cc3)cc2)N1,0.0002956328
CC(=O)N[C@@H](C(=O)O)C(C)(C)S[NH2+][O-],0.0219504
COC(=O)C1=C(C)NC(C)=C(C(=O)NCCCN2CCC(c3ccccc3)(c3ccccc3)CC2)[C@@H]1c1ccc([N+](=O)[O-])cc1,0.00020764499
Cc1ccc(NC(=O)C(C)C)cc1C1CCN(Cc2ccc(Oc3ccc(F)c(F)c3)cc2)CC1,0.69259715
C=CCN1C[C@H](C)N([C@H](c2ccc(C(=O)N(CC)CC)cc2)c2cccc(OC)c2)C[C@H]1C,2.1909791e-07
CC(C)=CCc1c(O)cc(O)c2c(=O)c(O)c(-c3ccc(C(F)(F)F)cc3)oc12,0.90948397
O=C(Nc1cccc(Cl)c1)Nc1ncc(CCNc2ncnc3ccsc23)s1,0.09209084
CC1(C)CC(=O)c2c(C(F)(F)F)nn(-c3ccc(C(N)=O)c(N[C@H]4CC[C@H](O)CC4)c3)c2C1,0.06568641
CC1(C)CC(=O)c2c(C(F)(F)F)nn(-c3ccc(C(N)=O)c(N[C@H]4CC[C@H](OC(=O)CN)CC4)c3)c2C1,0.12301844
Cc1cc(OCC(=O)O)cc(C)c1Cc1ccc(O)c(C(C)C)c1,0.15784454
CC[C@H](C)[C@@H]([C@@H](CC(=O)N1CCC[C@H]1[C@H](OC)[C@@H](C)C(=O)NCCc1ccccc1)OC)N(C)C(=O)[C@@H](NC(=O)[C@H](C(C)C)N(C)C)C(C)C,0.49129784
CC1=CC[C@@H](C(C)(C)O)C[C@@H]1O,0.097484685
CC(C)COC(=O)OCN1C(=O)CN(CCN2CC(=O)N(COC(=O)OCC(C)C)C(=O)C2)CC1=O,0.09875508
O=C1O[C@H]([C@@H](O)CO)[C@@H](O)[C@@H]1O,0.00013038867
CCCC(=O)O,0.0002866832
O=C(O)[C@@H](O)Cc1ccc(O)c(O)c1,2.4922201e-05
O=C(O)[C@H](O)[C@@H](O)[C@H](O)[C@H](O)CO,0.0011709438
Cc1cc(S(=O)(=O)O)c2c(C)ccc(C(C)C)cc1-2,0.005395823
O=P(O)(O)F,0.00028209214
[O-][NH2+][O-],7.6003465e-07
N#[C][Fe-2]([C]#N)([C]#N)([C]#N)([C]#N)[N+][O-],2.3465167e-15
[O]=[V]([OH])([OH])[OH],0.006558754
O=S(=O)(O)Oc1ccc(C(c2ccc(OS(=O)(=O)O)cc2)c2ccccn2)cc1,0.007062588
O=C(O)[C@@H]1[O][Sb]2([OH])([O][Sb]34([OH])[O][C@H]([C@H](O)CO)[C@H]([O]3)[C@H](C(=O)O)[O]4)[O][C@H]([C@H](O)CO)[C@@H]1[O]2,0.30115718
Cc1c(S(=O)(=O)O)oc2c1C(=O)C(=O)c1c-2ccc2c1CCCC2(C)C,0.8397299
CCCC[C@@H](CC)CC[C@@H](CC(C)C)OS(=O)(=O)O,8.829306e-05
CC(C)=CCOc1ccc(/C=C/C(=O)c2ccc(OCC=C(C)C)cc2OCC(=O)O)cc1,0.06007266
CC(C)OC(=O)[C@H](C)N[P@](=O)(OC[C@H]1O[C@@H](n2ccc(=O)[nH]c2=O)[C@](C)(F)[C@@H]1O)Oc1ccccc1,0.00029787948
CC(C)OC(=O)[C@H](C)N[P@](=O)(OC[C@H]1O[C@@H](n2ccc(=O)[nH]c2=O)[C@@](C)(O)[C@@H]1O)Oc1ccccc1,5.064864e-06
CNc1cccc(NC(=O)N[C@@H]2N=C(c3ccccn3)c3ccccc3N(CC(=O)C(C)(C)C)C2=O)c1,0.014922714
C[C@@H]1CC[C@@]2(NC1)O[C@@H]1C[C@H]3[C@H]4CC=C5C[C@H](O[C@H]6O[C@@H](CO)[C@@H](O[C@H]7O[C@@H](C)[C@@H](O)[C@@H](O)[C@@H]7O)[C@@H](O)[C@@H]6O[C@H]6O[C@@H](C)[C@@H](O)[C@@H](O)[C@@H]6O)CC[C@@]5(C)[C@@H]4CC[C@@]3(C)[C@H]1[C@@H]2C,0.015596769
CC1(C)CN(C(=O)c2ccc(-c3cccc4nc(NC(=O)C5CC5)nn34)cc2)C1,0.14479744
O=C(O[C@H]1C[N@]2CC[C@@H]1CC2)N1CCc2ccccc2[C@@H]1c1ccccc1,0.03922844
CC[C@H]1OC(=O)[C@@](C)(F)C(=O)[C@H](C)[C@@H](O[C@@H]2O[C@H](C)C[C@H](N(C)C)[C@H]2O)[C@](C)(OC)C[C@@H](C)C(=O)[C@H](C)[C@H]2N(CCCCn3cc(-c4cccc(N)c4)nn3)C(=O)O[C@]12C,0.7109169
NC(=O)OC[C@H](N)Cc1ccccc1,8.596036e-06
CC(C)(N)CC12CC3CC(CC(C3)C1)C2,0.0004819708
C[C@H](N)C(=O)NCC(=O)N[C@H]1CSSC[C@@H](C(=O)O)NC(=O)[C@H](CO)NC(=O)[C@H]([C@@H](C)O)NC(=O)[C@H](Cc2ccccc2)NC(=O)[C@H]([C@@H](C)O)NC(=O)[C@H](CCCCN)NC(=O)[C@H](Cc2c[nH]c3ccccc23)NC(=O)[C@H](Cc2ccccc2)NC(=O)[C@H](Cc2ccccc2)NC(=O)[C@H](CC(N)=O)NC(=O)[C@H](CCCCN)NC1=O,0.5072094
NS(=O)(=O)c1ccc(N2CCN(CC[C@@H]3OCCc4ccccc43)CC2)cc1,0.0036202183
Cc1c(C(=O)Nc2ccc(N3C[C@@H](C)O[C@@H](C)C3)nc2)cccc1-c1ccc(OC(F)(F)F)cc1,0.3698326
O=C1C=CC[C@@H]2[C@H]3CCCN4CCC[C@@H](CN12)[C@@H]34,0.00045009155
CNC(=O)c1cc(Oc2ccc(NC(=O)Nc3ccc(Cl)c(C(F)(F)F)c3)cc2)ccn1,0.51044637
COCCO[C@@H]1c2ccn3c(C)c(C)nc3c2N[C@H](c2ccccc2)[C@H]1O,1.4377278e-05
C/C=C/C=C/C(=O)O,3.264921e-06
O=C1NC(=O)[C@@]2(CCOc3ccc(F)cc32)N1,0.09466129
CCCCCCCCCCCCCCCCCC(=O)OC[C@@H](O)[C@H]1OC[C@H](O)[C@H]1O,0.040979974
OC[C@@H](O)[C@@H](O)[C@H](O)[C@@H](O)CO,0.46912092
CCOc1ccc(Cc2cc([C@@H]3O[C@H](SC)[C@@H](O)[C@H](O)[C@H]3O)ccc2Cl)cc1,0.0021406657
CC(C)NCC(O)c1ccc(NS(C)(=O)=O)cc1,0.00011884869
CN1CCN(c2nc(C3=C(c4c[nH]c5ccccc45)C(=O)NC3=O)c3ccccc3n2)CC1,0.9583317
O=C(Nc1cc(C(F)(F)F)cc(C(F)(F)F)c1)c1cnc(Cl)nc1C(F)(F)F,0.0017690252
COc1ccc2[nH]c3c(-c4cccc5ccccc45)nccc3c2c1,0.014104082
COCCOCCOc1ccc(C2=N[C@@](C)(C(=O)O)CS2)c(O)c1,5.3135394e-05
CC(=O)N[C@@H](CC(=O)O)C(=O)N[C@@H](CCC(=O)O)C(=O)O,0.004421154
C[C@@H]1CN(c2c(F)c(N)c3c(=O)c(C(=O)O)cn(C4CC4)c3c2F)C[C@H](C)N1,0.99963236
O=C(O)C[C@@H](NC(=O)CP(=O)(O)O)C(=O)O,8.871945e-05
CCCCC1=NC2(CCCC2)C(=O)N1Cc1ccc(-c2ccccc2S(=O)(=O)Nc2noc(C)c2C)c(COCC)c1,0.09600202
C1CCN2C[C@H]3C[C@H](CN4CCCC[C@@H]34)[C@H]2C1,3.050855e-06
C1CCN2C[C@@H]3C[C@@H](CN4CCCC[C@@H]34)[C@H]2C1,3.050855e-06
C1CCN2C[C@@H]3C[C@H](CN4CCCC[C@@H]34)[C@H]2C1,6.230318e-07
Fc1ccc(CNc2ncnc3ccc(F)cc23)cc1,0.12598467
CN[C@@H]1[C@H](O)[C@H](NC)[C@H]2O[C@@]3(O)C(=O)C[C@@H](C)O[C@H]3O[C@@H]2[C@H]1O,0.00019284285
NCCCCNCCCN,9.3525436e-05
NCCCNCCCCNCCCN,0.00012505447
CCCCCCCCCCCCC/C=C/[C@@H](O)[C@@H](N)COP(=O)(O)OCC[N+](C)(C)C,0.058146767
O=C(CCCN1CCC2(CC1)C(=O)NCN2c1ccccc1)c1ccc(F)cc1,0.007930551
CN(C(=O)Cc1ccc(Cl)c(Cl)c1)[C@H]1CC[C@@]2(CCCO2)C[C@@H]1N1CCCC1,0.022597102
CO[C@@H]1[C@@H](O[C@@H]2O[C@H](C)[C@@H](O[C@H]3C[C@@](C)(O)[C@@H](O)[C@H](C)O3)[C@H](N(C)C)[C@H]2O)[C@@H](CC=O)C[C@@H](C)[C@@H](O[C@H]2CC[C@H](N(C)C)[C@@H](C)O2)/C=C/C=C/C[C@@H](C)OC(=O)C[C@H]1O,0.7917491
O=C(CCBr)N1CC[N+]2(CC1)CC[N+]1(CCN(C(=O)CCBr)CC1)CC2,0.00019292507
CC(=O)S[C@@H]1CC2=CC(=O)CC[C@]2(C)[C@H]2CC[C@@]3(C)[C@@H](CC[C@@]34CCC(=O)O4)[C@H]12,0.9966853
O=C1NCN(c2ccccc2)C12CCN(C[C@H]1COc3ccccc3O1)CC2,0.0027734318
CC(=O)c1ccc2c(c1)C(=O)C1(CC1)O2,0.002078192
O=C1CCc2c(ccc3ccccc23)O1,0.00010143533
COc1ccccc1Oc1c(NS(=O)(=O)c2ccc(C)cn2)nc(-c2ccncc2)nc1OC,0.25371522
CC(C)n1nc(C#Cc2ccccc2)c2c(N)ncnc21,0.026012946
CC(C)=CCC/C(C)=C/CNCCNC1[C@H]2C[C@@H]3C[C@@H](C[C@H]1C3)C2,0.1830736
Nc1ncnc2c1ncn2[C@H]1CCCO1,0.011423819
CC(C)[C@@H](CC[C@@H](C)[C@H]1CC[C@H]2[C@@H]3[C@H](O)C[C@H]4C[C@@H](NCCCNCCCCN)CC[C@]4(C)[C@H]3CC[C@]12C)OS(=O)(=O)O,0.6014586
CCCCOc1c(OCCCC)c(=O)c1=O,0.042747132
O=C(Nc1ccc(C(O)(C(F)(F)F)C(F)(F)F)cc1)c1ccc(C(F)(F)F)cc1,0.40652627
CC1=C(/C=C/C(=C/C=C/C(C)=C/C(=O)O)c2ccc(C)cc2)C(C)(C)CCC1,0.0053042364
CC(C)Oc1cccc(CC(=O)N2CCC[C@](CC[N+]34CCC(c5ccccc5)(CC3)CC4)(c3ccc(Cl)c(Cl)c3)C2)c1,0.5508314
Cc1c(C)n(Cc2ccc(-c3ccccc3C(=O)O)cc2)c2ccc(C(=O)N[C@@H](C)c3ccc([N+](=O)[O-])cc3)cc12,0.01732963
OC(c1ccc(-c2ccc(CN3CCN(Cc4ccncc4)CC3)cc2)c(F)c1)(C(F)(F)F)C(F)(F)F,0.9975387
O=C(O)c1ccccc1Nc1cccc(OCc2ccc3ccccc3n2)c1,0.038010675
O=C(O)Cn1c(C(=O)Nc2nc(-c3ccccc3Cl)cs2)cc2ccccc21,0.18074973
Cc1ccc(-c2ncn(-c3ccc(Nc4nccc(-c5cccc(N6CCOCC6)c5)n4)cc3)n2)cn1,0.0018736655
COc1ccc(CCN(C)CCCOc2ccc(S(=O)(=O)c3c(C(C)C)c4ccccc4n3C)cc2)cc1OC,0.30223376
COc1cc(NC(=O)c2cccc(-n3cc(NC(=O)Nc4cccc(C)c4)cn3)c2)cc(OC)c1OC,0.01304198
CN(C)CCOc1cc(-c2cn[nH]c2)ccc1NC(=O)[C@H]1COc2ccccc2O1,0.15448704
NC1CCN(c2cccc(Cl)n2)CC1,0.0051655886
CCc1ccccc1OC[C@@H](O)CN[C@H]1CCCc2ccccc21,0.0037680583
c1ccc2c(c1)CCCc1cc(NCCN3CCOCC3)nnc1-2,0.00078226835
COc1cc2ncnc(Nc3ccc(Oc4ccccc4)cc3)c2cc1OC,0.031860724
O=C(Nc1cc(C(F)(F)F)ccc1N1CCCCC1)c1ccncc1,0.7932358
O=C(Nc1ccccc1-c1cn2c(CN3CCNCC3)csc2n1)c1cnc2ccccc2n1,0.000112720285
Cc1nc(-c2cccnc2)sc1C(=O)Nc1ccccc1-c1cn2c(CN3CCOCC3)csc2n1,0.10590148
C[C@H](Nc1cc(NS(=O)(=O)N2CCC2)nc(SCc2cccc(F)c2F)n1)[C@@H](O)CO,0.353432
COc1c(C)c(C(=O)c2ccc(N)c(C(=O)O)c2)n2ccccc12,0.017601544
O=C(Oc1ccc(Br)cc1)N1CC[N@]2CC[C@@H]1CC2,0.27437544
COc1ccc2cc(S(=O)(=O)N[C@H](CC(=O)N[C@H](Cc3ccc(CN4[C@H](C)CCC[C@@H]4C)cc3)C(=O)N(C)C(C)C)c3ccc4c(c3)OCO4)ccc2c1,0.033929404
CCCCc1nc(N)c2nc(-n3nccn3)n(C)c2n1,0.7985023
Oc1ccc2ccccc2c1Cc1c(O)ccc2ccccc12,0.2179806
NC(=O)[C@H]1CCS[C@@H]2C[C@]3(CCCN3C(=O)Cc3ccc(NC(=O)COc4ccc(Cl)cc4Cl)cc3)C(=O)N12,0.0873896
CCc1cccc(CC)c1NC1=NCCN1,0.0064813634
Cc1cccc(/C=N/Nc2cc(N3CCOCC3)nc(OCCc3ccccn3)n2)c1,0.1774985
O=C(O)Cc1nn(Cc2ccc(Br)cc2F)c(=O)c2ccccc12,0.026064316
O=[N+]([O-])c1ccc2c(c1)S(=O)(=O)C=C2,0.00082839123
Cc1ccc(S(=O)(=O)OCC(=O)Nc2ccc(C(=O)O)c(O)c2)cc1,0.0005571263
Cc1cn([C@H]2C=C[C@@H](CO)O2)c(=O)[nH]c1=O,0.000685819
CC(C)n1cnc2c(NCCc3ccc(O)cc3)nc(-c3csc4ccccc34)nc21,0.0036205722
C[C@@H](SC(=O)c1cccs1)C(=O)NCC(=O)O,0.0025208644
CC(=O)[C@H]1CC[C@H]2[C@@H]3CCC4=CC(=O)CC[C@]4(C)[C@H]3[C@H](O)C[C@]12C,0.0013697956
O=S(=O)(/N=C/c1c(O)ccc2ccccc12)c1cccs1,0.0006888552
Cc1ccc(S(=O)(=O)Cc2nc(-c3ccc(C(=O)NCc4cccnc4)cc3)oc2C)cc1,0.0056503066
CC(C)(C)c1ccc(S(=O)(=O)NCc2ccc(C(=O)Nc3cccnc3)cc2)cc1,0.0012967996
Cc1cccc(Nc2nc(-c3ccncc3)cs2)c1,0.34874272
CC[C@H](/C=C/[C@@H](C)[C@H]1CC[C@H]2[C@@H]3CC=C4C[C@@H](O)CC[C@]4(C)[C@H]3CC[C@]12C)C(C)C,3.7224672e-05
CC(C)(C)[C@@H](O)/C=C/c1ccc2c(c1)OCO2,2.5898235e-05
Cc1ccc2c(c1)[C@H]1CN(C)CC[C@H]1N2,7.304641e-05
CN[C@@H]1[C@H](O[C@H]2[C@H](O[C@H]3[C@H](O)[C@@H](O)[C@H](NC(=N)N)[C@@H](O)[C@@H]3NC(=N)N)O[C@@H](C)[C@]2(O)C=O)O[C@@H](CO)[C@H](O)[C@H]1O,0.18837301
CN([NH2+][O-])C(=O)N[C@@H]1[C@@H](O)[C@H](O)[C@@H](CO)O[C@@H]1O,7.9831276e-05
N#Cc1c(N2C=C(O)[O][Sr][O]C(O)=C2)sc2c1CC(=O)[O][Sr][O]C2=O,0.00015382355
O=C1C[C@@H]2OCC=C3CN4CC[C@]56c7ccccc7N1[C@H]5[C@H]2[C@H]3C[C@H]46,0.00013950244
CSCC[C@H](NC(=O)[C@H](CC(C)C)NC(=O)CNC(=O)[C@H](Cc1ccccc1)NC(=O)[C@H](Cc1ccccc1)NC(=O)[C@H](CCC(N)=O)NC(=O)[C@H](CCC(N)=O)NC(=O)[C@@H]1CCCN1C(=O)[C@H](CCCCN)NC(=O)[C@@H]1CCCN1C(=O)[C@@H](N)CCCNC(=N)N)C(N)=O,0.019407647
O=C(O)CCC(=O)O,0.001543367
CC(C)(Sc1cc(C(C)(C)C)c(O)c(C(C)(C)C)c1)Sc1cc(C(C)(C)C)c(OC(=O)CCC(=O)O)c(C(C)(C)C)c1,0.16175018
C[N+](C)(C)CCOC(=O)CCC(=O)OCC[N+](C)(C)C,1.3368433e-05
O=C(O)CCC(=O)Nc1ccc(S(=O)(=O)Nc2nccs2)cc1,0.0004928415
O=S(=O)(OC[C@H]1O[C@@](COS(=O)(=O)[O][Al]([OH])[OH])(O[C@H]2O[C@H](COS(=O)(=O)[O][Al]([OH])[OH])[C@@H](OS(=O)(=O)[O][Al]([OH])[OH])[C@H](OS(=O)(=O)[O][Al]([OH])[OH])[C@H]2OS(=O)(=O)[O][Al]([OH])[OH])[C@@H](OS(=O)(=O)[O][Al]([OH])[OH])[C@@H]1OS(=O)(=O)[O][Al]([OH])[OH])[O][Al]([OH])[OH],0.7222
OC[C@H]1O[C@H](O[C@]2(CCl)O[C@H](CCl)[C@@H](O)[C@@H]2O)[C@H](O)[C@@H](O)[C@H]1Cl,0.0055279383
OC[C@H]1O[C@@](CO)(O[C@H]2O[C@H](CO)[C@@H](O)[C@H](O)[C@H]2O)[C@@H](O)[C@@H]1O,0.0265711
CC(=O)OC[C@H]1O[C@@](COC(C)=O)(O[C@H]2O[C@H](COC(C)=O)[C@@H](OC(C)=O)[C@H](OC(C)=O)[C@H]2OC(C)=O)[C@@H](OC(C)=O)[C@@H]1OC(C)=O,0.01835907
Cc1ccccc1/N=N/c1ccc(/N=N/c2c(O)ccc3ccccc23)c(C)c1,0.38238078
CONC(=O)Nc1ccc(-c2sc3c(c2CN(C)Cc2ccccc2)c(=O)n(-c2ccccc2)c(=O)n3Cc2c(F)cccc2F)cc1,0.17326471
O=C(O)CCSC[C@@H]1O[C@H]2O[C@@H]3[C@@H](O)[C@H](O)[C@H](O[C@@H]4[C@@H](O)[C@H](O)[C@H](O[C@@H]5[C@@H](O)[C@H](O)[C@H](O[C@@H]6[C@@H](O)[C@H](O)[C@H](O[C@@H]7[C@@H](O)[C@H](O)[C@H](O[C@@H]8[C@@H](O)[C@H](O)[C@H](O[C@@H]9[C@@H](O)[C@H](O)[C@H](O[C@@H]1[C@@H](O)[C@@H]2O)O[C@H]9CSCCC(=O)O)O[C@H]8CSCCC(=O)O)O[C@H]7CSCCC(=O)O)O[C@H]6CSCCC(=O)O)O[C@H]5CSCCC(=O)O)O[C@H]4CSCCC(=O)O)O[C@H]3CSCCC(=O)O,0.0008567672
CC1(C)[C@H](C(=O)O)N2C(=O)C[C@H]2S1(=O)=O,0.008347861
CC(C)(C)C(=O)OCOC(=O)[C@H]1N2C(=O)C[C@H]2S(=O)(=O)C1(C)C,5.117116e-07
S=C1SCN(Cc2ccccc2)CN1Cc1ccccc1,0.00016668711
C/C(=C(/CCOC(=O)C(C)C)SS/C(CCOC(=O)C(C)C)=C(\C)N(C=O)Cc1cnc(C)nc1N)N(C=O)Cc1cnc(C)nc1N,0.9998123
Clc1ccc(CS[C@@H](Cn2ccnc2)c2ccc(Cl)cc2Cl)cc1,0.1337294
Nc1ccc(S(=O)(=O)NC(=O)c2ccccc2)cc1,0.00063650566
NC(=O)NS(=O)(=O)c1ccc(N)cc1,0.00032846807
CC(=O)NS(=O)(=O)c1ccc(N)cc1,0.19314751
Nc1ccc(S(=O)(=O)Nc2ccc(Cl)nn2)cc1,0.00011001138
Nc1ccc(S(=O)(=O)Nc2ncccn2)cc1,0.0034937582
COc1ncnc(NS(=O)(=O)c2ccc(N)cc2)c1OC,0.15446886
Cc1noc(NS(=O)(=O)c2ccc(N)cc2)c1C,0.0028916125
N=C(N)NS(=O)(=O)c1ccc(N)cc1,4.2286996e-05
Cc1ccnc(NS(=O)(=O)c2ccc(N)cc2)n1,0.0006583225
COc1cnc(NS(=O)(=O)c2ccc(N)cc2)nc1,0.0014832494
Cc1cc(C)nc(NS(=O)(=O)c2ccc(N)cc2)n1,0.0011781551
Cc1nnc(NS(=O)(=O)c2ccc(N)cc2)s1,3.047824e-05
Cc1cc(NS(=O)(=O)c2ccc(N)cc2)no1,2.0266645e-05
COc1ccc(NS(=O)(=O)c2ccc(N)cc2)nn1,0.0001316083
COc1nccnc1NS(=O)(=O)c1ccc(N)cc1,0.0041899644
COc1cc(NS(=O)(=O)c2ccc(N)cc2)ncn1,0.005528035
Cc1nc(NS(=O)(=O)c2ccc(N)cc2)oc1C,0.00015630694
Nc1ccc(S(N)(=O)=O)cc1,0.0024608125
Nc1ccc(S(=O)(=O)[O][Zn][O]S(=O)(=O)c2ccc(N)cc2)cc1,2.0472751e-05
CC(=O)Nc1ccc(S(=O)(=O)Nc2ccc([N+](=O)[O-])cc2)cc1,0.0045922375
Nc1ccc(S(=O)(=O)Nc2ccnn2-c2ccccc2)cc1,8.683386e-05
Nc1ccc(S(=O)(=O)Nc2ccccn2)cc1,0.00048870774
Nc1ccc(S(=O)(=O)Nc2cnc3ccccc3n2)cc1,0.00010349899
O=C(O)c1cc(/N=N/c2ccc(S(=O)(=O)Nc3ccccn3)cc2)ccc1O,0.31946695
Nc1ccc(S(=O)(=O)Nc2nccs2)cc1,4.838111e-05
Cc1cc2cc(Oc3ccnc(Nc4cccc(CS(=O)(=O)NCCN(C)C)c4)n3)ccc2[nH]1,0.13605048
O=C1C(CC[S@](=O)c2ccccc2)C(=O)N(c2ccccc2)N1c1ccccc1,1.569401e-05
Cc1cc(NS(=O)(=O)c2ccc(N)cc2)nc(C)n1,0.030150568
CC(=O)N(c1onc(C)c1C)S(=O)(=O)c1ccc(N)cc1,0.05137793
C[S@@](=O)CCCCN=C=S,0.00010366473
CC1=C(CC(=O)O)c2cc(F)ccc2/C1=C\c1ccc([S@@](C)=O)cc1,0.045124948
COc1cc(O)c(C(=O)c2ccccc2)cc1S(=O)(=O)O,0.00013805674
COc1cc([S@@](C)=O)ccc1-c1nc2ncccc2[nH]1,0.3434434
COc1cc(C(=S)N2CCOCC2)cc(OC)c1OC,0.010036878
CCCCCCCCN[C@H](C)[C@@H](O)c1ccc(SC(C)C)cc1,0.07843834
C[C@@H](O)[C@H]1C(=O)N2C(C(=O)O)=C(S[C@H]3CC[S@@](=O)C3)S[C@H]12,0.992417
COc1cc(NS(=O)(=O)c2ccc(N)cc2)nc(OC)n1,0.0029944684
CCN1CCC[C@@H]1CNC(=O)c1cc(S(N)(=O)=O)ccc1OC,0.009129381
CC1(C)S[C@@H]2[C@H](NC(=O)[C@H](N)c3ccccc3)C(=O)N2[C@H]1C(=O)OCOC(=O)[C@@H]1N2C(=O)C[C@H]2S(=O)(=O)C1(C)C,0.016155586
NS(=O)(=O)c1ccc(N2CCCCS2(=O)=O)cc1,0.006032727
CCN1CCC[C@H]1CNC(=O)c1cc(S(=O)(=O)CC)ccc1OC,0.00028424113
CN[C@@H]1Cc2cccc3[nH]c(=O)n(c23)C1,0.00010309986
CNS(=O)(=O)Cc1ccc2[nH]cc(CCN(C)C)c2c1,0.0027866964
C/C(=N\c1ccccc1N)c1c(C)cc(=O)n(O)c1O,0.0561017
Cc1c(C)c(NCC(=O)N(C)C2CCN(Cc3ccc(C(N)=O)cc3)CC2)c(C)c(C)c1N,0.018221295
CCN(CC)CCNC(=O)c1c(C)[nH]c(/C=C2\C(=O)Nc3ccc(F)cc32)c1C,0.0009559846
CCOC[C@@H](O)COc1ccc(NC(=O)CC[S+](C)C)cc1,3.9937466e-05
C[C@@H](C(=O)O)c1ccc(C(=O)c2cccs2)cc1,0.0073693236
Cc1ccc(C(=O)Nc2ccc(S(=O)(=O)O)c3cc(S(=O)(=O)O)cc(S(=O)(=O)O)c23)cc1NC(=O)c1cccc(NC(=O)Nc2cccc(C(=O)Nc3cc(C(=O)Nc4ccc(S(=O)(=O)O)c5cc(S(=O)(=O)O)cc(S(=O)(=O)O)c45)ccc3C)c2)c1,0.19658059
Cn1nc(-c2cccc(F)c2)n(C)c1=S,0.0023483324
CC(=O)NC[C@H]1CN(c2ccc(N3CCSCC3)c(F)c2)C(=O)O1,0.3616505
CCCCC1(COC(=O)CCC(=O)O)C(=O)N(c2ccccc2)N(c2ccccc2)C1=O,0.008665161
Cc1[nH]c(/C=C2\C(=O)Nc3ccc(F)cc32)c(C)c1C(=O)NC[C@H](O)CN1CCOCC1,0.06330497
Cc1[nH]c(/C=C2\C(=O)Nc3ccc(S(=O)(=O)N(C)c4cccc(Cl)c4)cc32)c(C)c1C(=O)N1CCN(C)CC1,0.025271993
Cc1[nH]c(/C=C2\C(=O)Nc3cc(-c4ccccc4)ccc32)c(C)c1CCC(=O)O,0.0327583
Nc1nnc(Sc2ncc([N+](=O)[O-])s2)s1,0.15354761
CN(C)c1ccc(/C=C2\C(=O)Nc3ccccc32)cc1,0.0091987895
COc1ccc2c(c1)/C(=C/c1cnc[nH]1)C(=O)N2,0.00047191538
O[C@H]1[C@H]2[C@H](O)CCCN2C[C@H]1O,0.00035391824
CN(C)C(=O)C(=O)c1cn(C)c2cc(Cl)c(C(=O)N3CCC(Cc4ccc(F)cc4)CC3)cc12,0.1278791
CC(=O)N(C)Cc1ccc2c(c1)OCO2,0.0005959589
C[C@H](C[C@H](N)C(=O)O)C(=O)O,0.23606974
CCCNC(=O)N1N=C(c2ccc(N)cc2)c2cc3c(cc2[C@@H]1C)OCO3,3.513418e-05
O=c1n(Cl)c(=O)n(Cl)c(=O)n1Cl,0.030521365
CNC[C@@H](O)c1ccc(O)cc1,0.0019382713
COc1ccncc1C(=O)NC(=O)Nc1ccc(-c2ccccc2)c(C(F)(F)F)c1,0.4554842
c1ccc2c(c1)CC(N1CCN(c3cccc4c3OCCO4)CC1)C2,0.034107126
O=S1(=O)N[C@H]2CCCN2c2ccccc21,0.0032165945
COC(=O)C(Cc1ccc(OCCn2c(=O)sc3cc(C(=O)c4ccccc4)ccc32)cc1)C(=O)OC,0.6110662
Cc1cc(C)cc(NC(=O)Nc2ccc(OS(N)(=O)=O)cc2)c1,0.051856183
O=C1Nc2ccc(CN3C(=O)CSC3=O)cc2/C1=C/c1cc(CN2CCOCC2)c[nH]1,0.0032949003
Cc1c(-c2c(-c3ccc(F)o3)sc3ncnc(O[C@H](Cc4ccccc4OCc4ccnn4CC(F)(F)F)C(=O)O)c23)ccc(OCCN2CCN(C)CC2)c1Cl,0.41165894
O=C(Nc1ccncc1)c1cc([N+](=O)[O-])ccc1Cl,0.014866281
COC(=O)c1c(-c2cc(OC)c(OC)c(OC)c2)c2ccnc(OCc3ncccn3)c2c(=O)n1Cc1ccnc(C)c1,0.0037836742
CNc1nc(NCc2ncccn2)c2c(-c3ccc4ncccc4c3)c[nH]c2n1,0.21901804
O=S(=O)(c1ccccc1)N(CC(F)(F)F)c1ccc(C(O)(C(F)(F)F)C(F)(F)F)cc1,0.0030591632
COC(=O)OC[C@H]1O[C@@H](Oc2cc(C)cc(O)c2C(=O)CCc2ccc3occc3c2)[C@H](O)[C@@H](O)[C@@H]1O,0.0065229163
O=C(O)CCc1cc(C(=O)c2ccc(OC3CCCC3)cc2O)ccc1OCc1ccc2c(=O)[nH]oc2c1,0.41053766
Cc1cc(C(=O)Nc2cccc(C(=O)Nc3cccc(C(F)(F)F)c3)c2)on1,0.294539
Nc1sc2c(c1C(=O)c1ccc(Cl)cc1)CCCC2,0.0037150988
Fc1ccc(-c2ccc3c(c2)[nH]c2ccncc23)cn1,0.08204545
Fc1ccc(-c2[nH]c(-c3c(F)cccc3F)nc2-c2ccncc2)cc1,0.47011226
CNC(=O)[C@@H](Cc1ccccc1)N(C)C(=O)[C@@H](Cc1ccc2ccccc2c1)N(C)C(=O)/C=C/CC(C)(C)N,0.6588842
C=C1/C(=C\C=C2/CCC[C@]3(C)[C@@H]([C@H](C)CC[C@@H](O)C(C)C)CC[C@@H]23)C[C@@H](O)C[C@@H]1O,0.00096594036
CC(=O)Nc1ccc(C(=O)Nc2ccccc2N)cc1,0.00015236682
Nc1c2c(nc3ccccc13)CCCC2,0.20581897
C=CC[C@@H]1/C=C(\C)C[C@H](C)C[C@H](OC)[C@H]2O[C@@](O)(C(=O)C(=O)N3CCCC[C@H]3C(=O)O[C@H](/C(C)=C/[C@@H]3CC[C@@H](O)[C@H](OC)C3)[C@H](C)[C@@H](O)CC1=O)[C@H](C)C[C@@H]2OC,0.8132111
CN1CC(=O)N2[C@H](c3ccc4c(c3)OCO4)c3[nH]c4ccccc4c3C[C@@H]2C1=O,9.951672e-08
O=C(O)c1ccc2nc(-c3cc(Cl)cc(Cl)c3)oc2c1,0.8830631
COc1cc(C)c2c(Oc3cccc(C(F)(F)F)c3)c(OC)cc(N[C@@H](C)CCCN)c2n1,0.7034979
CC(C)OC(=O)CCC/C=C\C[C@@H]1[C@@H](/C=C/C(F)(F)COc2ccccc2)[C@H](O)C[C@@H]1O,2.3049353e-05
O=C(CO)[C@@H](O)[C@@H](O)[C@H](O)CO,0.07554871
COc1cn(-c2ccc(-n3cccn3)cc2F)nc(-c2ccnn2-c2ccccc2)c1=O,0.00064802606
CC(=O)N1CCC(C(=O)N(CCCN2CCC(Cc3ccc(C(N)=O)cc3)CC2)c2ccc(C)c(Cl)c2)CC1,0.013778501
NS(=O)(=O)OC[C@H]1C[C@@H](Nc2ccnc3cc(-c4cccc(SC(F)(F)F)c4)nn23)[C@H](O)[C@@H]1O,0.9271293
CC(C)(O)CC(=O)NCCn1ccc2ncnc(Nc3ccc(Oc4cccc(C(F)(F)F)c4)c(Cl)c3)c21,0.004406175
Cc1cc(C(=O)Nc2cc(Oc3ccc4nc(NC(=O)C5CC5)cn4n3)ccc2C)n(C)n1,0.4650326
N#Cc1c(Oc2ccc(F)c(NC(=O)Cc3cccc(C(F)(F)F)c3)c2)ccc2nc(NC(=O)C3CC3)sc12,0.7517972
Cn1cc(-c2nc(N[C@@H]3CCCC[C@@H]3N)c(F)c3c2C(=O)NC3)cn1,0.050311778
CCc1nc(-c2cccc(C)c2)c(-c2ccnc(NC(=O)c3ccccc3)c2)s1,0.0032628218
Cn1c(=O)c(F)c(Nc2ccc(I)cc2F)c2c(=O)n(C[C@@H](O)CO)cnc21,0.7955237
Cc1ccc(-c2ccc3c(c2)C=C(C(=O)Nc2ccc(C[N+](C)(C)C4CCOCC4)cc2)CCC3)cc1,0.7109073
Cc1cc(OCCCS(C)(=O)=O)cc(C)c1-c1cccc(COc2ccc3c(c2)OC[C@H]3CC(=O)O)c1,0.80831647
CCS(=O)(=O)c1cccc(-c2cc(C(=O)NC3CCN(C)CC3)c(C)c3[nH]c4ncc(C)cc4c23)c1,0.05225003
COc1cc(C(=O)NC2CCN(C)CC2)c(F)cc1Nc1ncc2c(n1)N(C1CCCC1)CC(F)(F)C(=O)N2C,0.119681165
CC(C)[C@H](N)C(=O)N1CCC[C@H]1B(O)O,5.79969e-07
CN(C(=O)c1ccc(F)cc1C(F)(F)F)C1CCN(c2nnc(-c3ccnn3C)c3ccccc23)CC1,0.047362417
CC(=O)N1N=C(c2ccc(N)cc2)c2cc3c(cc2C[C@H]1C)OCO3,0.00071857945
C=Cc1c(C)c2cc3nc(c(CC(=O)N[C@@H](CC(=O)O)C(=O)O)c4nc(cc5[nH]c(cc1[nH]2)c(C)c5CC)C(C)=C4C(=O)O)[C@@H](CCC(=O)O)[C@@H]3C,0.005269238
CCC(CC)[C@@H](c1ccc(Nc2nc3ccccc3s2)cc1)n1cncn1,0.03685996
Cn1ncnc1[C@H]1c2n[nH]c(=O)c3cc(F)cc(c23)N[C@@H]1c1ccc(F)cc1,0.0011257494
CC(C)(C)NC[C@@H](O)COc1ccc(NC(=O)NC2CCCCC2)cc1,0.00047189195
C=CCN1CCc2nc(N)sc2CC1,4.956043e-07
C[C@@H]1CN(Cc2ccc(F)cc2)[C@@H](C)CN1C(=O)c1cc2c(C(=O)C(=O)N(C)C)cn(C)c2cc1Cl,0.015757937
CC[C@H](NC(=O)c1c(O)c(-c2ccccc2)nc2ccccc12)c1ccccc1,0.086817995
O=C1O[C@H](OC(=O)c2cccnc2Nc2cccc(C(F)(F)F)c2)c2ccccc21,0.0004069215
CNCCC[C@@]1(c2ccccc2)OC(C)(C)c2ccccc21,4.4344415e-05
C#CCO[C@H]1CN2CCC1CC2,0.00039368795
CN1C(=O)C[C@@H](C(=O)N[C@@H](Cc2cnc[nH]2)C(=O)N2CCC[C@H]2C(N)=O)NC1=O,0.0009305395
CN[C@H](C(=O)N[C@H](C(=O)N(C)[C@H](/C=C(\C)C(=O)O)C(C)C)C(C)(C)C)C(C)(C)c1ccccc1,0.01991481
COC(=O)[C@H](CCCNC(=N)N)NS(=O)(=O)c1ccc(C)cc1,9.058489e-05
CC1(C)CCC(C)(C)c2cc(NC(=O)c3ccc(C(=O)O)cc3)ccc21,0.07587063
Nc1nc(-n2cccn2)nc(-n2cccn2)c1Br,0.98605484
CC/C(=C(\c1ccccc1)c1ccc(OCCN(C)C)cc1)c1ccccc1,0.010484633
CCOc1ccccc1OCCN[C@H](C)Cc1ccc(OC)c(S(N)(=O)=O)c1,0.003910388
Cn1c(C#N)ccc1-c1ccc2c(c1)C(C)(C)OC(=S)N2,0.0038146265
O=C1[C@@H]2[C@H]3CC[C@H](C3)[C@@H]2C(=O)N1CCCCN1CCN(c2ncccn2)CC1,6.475842e-05
COc1cc2c(N3CCN(C(=O)Nc4ccc(OC(C)C)cc4)CC3)ncnc2cc1OCCCN1CCCCC1,0.15310879
C=CCNC1=C2C[C@@H](C)C[C@H](OC)[C@H](O)[C@@H](C)/C=C(\C)[C@H](OC(N)=O)[C@@H](OC)/C=C\C=C(/C)C(=O)NC(=CC1=O)C2=O,0.019816432
COc1ccc(-c2cc(=O)c3c(OC)c(OC)c(OC)c(OC)c3o2)cc1,0.4791612
O=C(OC[C@H]1O[C@@H](OC(=O)c2cc(O)c(O)c(OC(=O)c3cc(O)c(O)c(O)c3)c2)[C@H](OC(=O)c2cc(O)c(O)c(OC(=O)c3cc(O)c(O)c(O)c3)c2)[C@@H](OC(=O)c2cc(O)c(O)c(OC(=O)c3cc(O)c(O)c(O)c3)c2)[C@@H]1OC(=O)c1cc(O)c(O)c(OC(=O)c2cc(O)c(O)c(O)c2)c1)c1cc(O)c(O)c(OC(=O)c2cc(O)c(O)c(O)c2)c1,3.0495188e-05
Cc1coc2c1C(=O)C(=O)c1c-2ccc2c(C)cccc12,0.041395616
Cc1coc2c1C(=O)C(=O)c1c-2ccc2c1CCCC2(C)C,0.057993144
CC(C)c1c(O)cc(/C=C/c2ccccc2)cc1O,0.07878427
O=C(O)COc1cccc(CN(Cc2ccc(-n3cccn3)cc2)S(=O)(=O)c2cccnc2)c1,0.00015691096
O=C(O[C@H]1C[N@]2CC[C@@H]1CC2)N(Cc1cc(F)c(F)c(F)c1)c1cccc(F)c1,0.013776764
C[C@H](NC(=O)C(C)(C)Oc1ccc(C(F)(F)F)cn1)[C@@H](Cc1ccc(Cl)cc1)c1cccc(C#N)c1,0.35470438
CNC(=N)NCCC[C@H](N)C(=O)O,0.010880074
COc1cc2c(cc1OC)CN(CCc1ccc(NC(=O)c3cc(OC)c(OC)cc3NC(=O)c3cnc4ccccc4c3)cc1)CC2,0.06788722
O=C(O)[C@H](O)[C@@H](O)C(=O)O,0.00030158894
CN(C)CCNc1nc2cc(O)ccc2c2c1C(=O)c1ccccc1-2,0.43923342
Cc1nc(-c2cn3c(n2)-c2ccc(-c4cnn(C(C)(C)C(N)=O)c4)cc2OCC3)n(C(C)C)n1,0.00098406
CCC(=O)NC[C@@H]1C[C@H]1c1cccc2c1CCO2,0.00019437876
O=C(NS(=O)(=O)c1ccc(Br)s1)c1ccc(Cl)cc1Cl,0.8974466
COc1cccc2c1c(O)c(C(=O)N(C)c1ccc(C(F)(F)F)cc1)c(=O)n2C,0.44981718
c1cnc(SCc2cccnc2)nc1,0.0005486212
NCCS(=O)(=O)O,3.941535e-06
C[C@H](CCC(=O)NCCS(=O)(=O)O)[C@H]1CC[C@H]2[C@@H]3[C@H](O)C[C@@H]4C[C@H](O)CC[C@]4(C)[C@H]3C[C@H](O)[C@]12C,0.011195929
C[C@H](CCC(=O)NCC(=O)NCCS(=O)(=O)O)[C@H]1CC[C@H]2[C@@H]3[C@H](O)C[C@@H]4C[C@H](O)CC[C@]4(C)[C@H]3C[C@H](O)[C@]12C,0.07665969
O=S1(=O)CCN(CN2CCS(=O)(=O)NC2)CN1,7.575507e-05
OB1OCc2cc(F)ccc21,1.1708396e-06
NCCCC[C@@H]1NC(=O)[C@H](CCC(=O)O)NC(=O)c2cc([N+](=O)[O-])ccc2OCC[C@@H](C(=O)NCC(=O)O)NC1=O,0.00075564394
O=C1c2c(O)cc(O)cc2O[C@H](c2ccc(O)c(O)c2)[C@H]1O,0.00068898126
CCOC(=O)c1ccc(C#Cc2ccc3c(c2)C(C)(C)CCS3)nc1,0.04473063
CCN(c1cc(-c2ccc(CN3CCOCC3)cc2)cc(C(=O)NCc2c(C)cc(C)[nH]c2=O)c1C)C1CCOCC1,0.1301479
C[C@]1(Cn2ccnn2)[C@H](C(=O)O)N2C(=O)C[C@H]2S1(=O)=O,0.054100033
O=[N+]([O-])c1cn2c(n1)OC[C@@H](OCc1ccc(-c3ccc(OC(F)(F)F)cc3)nc1)C2,0.42255813
N[C@@H](C(=O)O)[C@@H](OCc1ccccc1)C(=O)O,0.16070755
Cc1cc(Nc2cc(C)c(C#N)c(N[C@@H](C)CCCC(C)(C)O)n2)[nH]n1,0.02843673
CC(C)(C)c1ccc(C(=O)Nc2cn3cc(-n4ccnc4)ccc3n2)cc1,0.25645274
O=C(O)CCN(O)C(=O)CCCCCCCCC1CC1,0.0059530945
CC1CCN([C@@H](c2ccc(F)cc2)c2ccc([C@@H](C)C(=O)O)cc2-c2ccc(C(F)(F)F)cc2)CC1,0.80611265
CCn1c(=O)n([C@H]2CCCN(c3nccc(-c4cc5ccccc5o4)n3)C2)c2ccccc21,0.015899444
CC(C)c1c(NC(=O)Nc2ccc(Cl)cc2)c(=O)n(-c2ccccc2)n1C,1.42086155e-05
Cc1sc(C)c2c1CCC=C2c1cnc[nH]1,0.026512936
COC1CCN(c2cccc(-c3cc(NC(C)=O)nc(-n4nc(C)cc4C)n3)n2)CC1,3.8281098e-05
Cc1ccc(C)c(Oc2ccncc2C(=O)N2CCN(C3CC3)c3ccccc32)c1,0.09800091
CNc1nc(NCc2ccc(NS(C)(=O)=O)cc2Cl)cc(-c2ccccn2)n1,0.01030996
Cc1ccc(NC(=O)CCCCCC(=O)Nc2ccccc2N)cc1,0.00025082016
CC1(C)SCN(S(=O)(=O)c2ccccc2)[C@@H]1C(=O)N[C@@H](CNC(=O)NCc1ccccc1)C(=O)O,0.35209095
O=C(Nc1ccc(F)cc1)N1CCc2ccccc2[C@@H]1c1ccc(C(F)(F)F)cc1,0.13687085
FC(F)(F)c1ccccc1-c1cc(C(F)(F)F)c2[nH]c(C3=NOC4(CCCCC4)C3)nc2c1,0.0001696707
COc1cccc(-n2nc(C(=O)O)cc2-c2ccc(C3CCCCC3)c(Cl)c2)c1,0.2630192
CC(C)(C)Nc1nc(Nc2ccc(C(N)=O)cc2)cc(N)c1C#N,0.34341648
CC(=O)Nc1cccc(Nc2ncnc(N3CCC(OCc4ccc(OC(F)(F)F)cc4)CC3)n2)c1C,0.10315391
COc1cccc(OC)c1-c1cc(C(=O)N[C@@H](CC(C)C)C(=O)O)nn1-c1ccnc2cc(Cl)ccc12,0.5270021
COc1cc(OC)cc(C(=O)NNC(=O)Nc2cccc3ccccc23)c1,0.0012366688
Cc1cc(C(=O)N2Cc3cnn(C)c3Nc3ccccc32)ccc1CNC(=O)N1CCC[C@H]1C(=S)N1CCCN(C)CC1,0.66553074
Cc1cccc(C)c1-n1c(=O)c2cnc(Nc3ccc(N4CCN(C)CC4)cc3)nc2n2c3ccccc3nc12,0.33309644
COc1ncc2cc(C(=O)Nc3cc(C(=O)NCc4cccc(Cl)c4)ccc3Cl)c(=O)[nH]c2n1,0.7826385
C[C@H](Nc1cc2c(-c3ccc4c(c3)OCO4)noc2cn1)c1ccccc1,0.00021118426
N#Cc1cnc2cnc(NCc3cccnc3)cc2c1Nc1ccc(F)c(Cl)c1,0.16232479
O=[N+]([O-])c1c(Nc2cc(F)cc(Cl)c2)ccc2nonc12,0.5609959
O=C(O)C1CN(Cc2ccc(-c3nc4cc(Cc5ccccc5F)ccc4s3)c(F)c2)C1,0.645038
O=C1CC(=O)c2c(Cl)c(Cl)c(Cl)c(Cl)c21,0.30324814
O=C(NNC(=O)c1ccc(CNS(=O)(=O)c2ccc(F)c(Cl)c2)cc1)c1ccccc1,0.00012888147
Nc1nccc(/C=C/c2ccccc2)n1,0.007920795
CC(C)C(=O)SCCCCC[C@H](NC(=O)OC(C)(C)C)C(=O)NC12CC3CC(CC(C3)C1)C2,0.9055791
COc1cc2c(cc1OC)CN(C(=O)[C@@H](NCc1ccncc1)C(C)(C)C)CC2,0.0057555293
N#Cc1c(-c2ccccc2)cc(-c2cc(Br)ccc2O)[nH]c1=O,0.053012013
Cc1nnc(-c2ccc3occ(-c4ccc([S@](C)=O)cc4)c3c2)o1,0.024172088
CC(C)(O)C(=O)N1CCN(c2ccc(C(F)(F)F)c(C3=C(c4c[nH]c5ccccc45)C(=O)NC3=O)c2)CC1,0.01275732
O=C(NO)c1ccc2[nH]c(=O)c(CCCc3ccccc3)nc2c1,1.3221121e-05
Cc1ccccc1NC(=O)Nc1ccc(CC(=O)N2CCOC[C@H]2C(=O)N2CCC(CC(=O)O)CC2)cc1,0.38452402
O=C(O)COc1ccc(/C=C2\SC(=O)NC2=O)cc1,0.1001367
COc1ccc(C(=O)Nc2sc3c(c2C(N)=O)CCCC3)cc1OC,0.15678744
CC[C@@H](C)c1ccc(NC(=O)Cn2cnc3c2c(=O)n(C)c(=O)n3C)cc1,0.9990916
CCC[n+]1cc(Br)cc(C(=O)N(CCC(=O)NCCOC(=O)N2CCc3ccccc3C2)c2ccccc2)c1,0.057279386
O[C@@]12[C@H]3[C@@H]4[C@@H]5C[C@@H]6[C@@H]4[C@@H]3[C@@H]([C@@H]6[C@@H]51)N2CCc1cccc(F)c1,5.559388e-08
CCOc1cncc(/C=C/CCNC)c1,0.028811693
OC[C@H]1O[C@@H](S[C@@H]2O[C@H](CO)[C@H](O)[C@H](n3cc(-c4cccc(F)c4)nn3)[C@H]2O)[C@H](O)[C@@H](n2cc(-c3cccc(F)c3)nn2)[C@H]1O,0.0026586535
C[C@@H](O)[C@H]1C(=O)N2C(C(=O)OCOC(=O)C(C)(C)C)=C(SC3CN(C4=NCCS4)C3)[C@H](C)[C@H]12,0.9944148
OC[C@H]1O[C@@H](n2cnc3c(N[C@@H]4CCOC4)ncnc32)[C@H](O)[C@@H]1O,0.0014142838
COc1cccc([C@@H](C)NCCCc2ccccc2Cl)c1,0.013124766
Fc1ccc(Cn2c(NC3CCNCC3)nc3ccccc32)cc1,0.019732138
O=C(NN1C(=O)[C@@H]2[C@@H]3C=C[C@@H]([C@H]4C[C@@H]34)[C@@H]2C1=O)c1ccc(C(F)(F)F)cc1,0.0010852308
Cn1nnc(-c2ccc(-c3ccc(N4C[C@H](CO)OC4=O)cc3F)cn2)n1,0.93836945
Cn1nnc(-c2ccc(-c3ccc(N4C[C@H](COP(=O)(O)O)OC4=O)cc3F)cn2)n1,0.87179077
CCCCCNC(=N)N/N=C/c1c[nH]c2ccc(OC)cc12,0.19357613
Fc1ccccc1-c1nc2ccn(Cc3ccc(-c4ccc(C(F)(F)F)cc4C(F)(F)F)nn3)cc-2n1,0.04423625
CCCCCCCCCC(=O)N[C@H]1[C@H](Oc2c3cc4cc2Oc2ccc(cc2Cl)[C@@H](O[C@@H]2O[C@H](CO)[C@@H](O)[C@H](O)[C@H]2NC(C)=O)[C@@H]2NC(=O)[C@H](NC(=O)[C@@H]4NC(=O)[C@H]4NC(=O)[C@@H](Cc5ccc(c(Cl)c5)O3)NC(=O)[C@@H](N)c3ccc(O)c(c3)Oc3cc(O)cc4c3)c3ccc(O)c(c3)-c3c(O[C@H]4O[C@H](CO)[C@@H](O)[C@H](O)[C@@H]4O)cc(O)cc3[C@H](C(=O)O)NC2=O)O[C@H](CO)[C@@H](O)[C@@H]1O,0.9947212
CCCCC/C=C/CCC(=O)N[C@H]1[C@H](Oc2c3cc4cc2Oc2ccc(cc2Cl)[C@@H](O[C@@H]2O[C@H](CO)[C@@H](O)[C@H](O)[C@H]2NC(C)=O)[C@@H]2NC(=O)[C@H](NC(=O)[C@@H]4NC(=O)[C@H]4NC(=O)[C@@H](Cc5ccc(c(Cl)c5)O3)NC(=O)[C@H](N)c3ccc(O)c(c3)Oc3cc(O)cc4c3)c3ccc(O)c(c3)-c3c(O[C@H]4O[C@H](CO)[C@@H](O)[C@H](O)[C@@H]4O)cc(O)cc3[C@@H](C(=O)O)NC2=O)O[C@H](CO)[C@@H](O)[C@@H]1O,0.99357235
CC(=O)N[C@@H]1[C@H](O[C@@H]2c3ccc(c(Cl)c3)Oc3cc4cc(c3O[C@@H]3O[C@H](CO)[C@@H](O)[C@H](O)[C@@H]3NC(=O)CCCCCCCC(C)C)Oc3ccc(cc3Cl)C[C@H]3NC(=O)[C@H](N)c5ccc(O)c(c5)Oc5cc(O)cc(c5)[C@H](NC3=O)C(=O)N[C@@H]4C(=O)N[C@@H]3C(=O)N[C@@H]2C(=O)N[C@@H](C(=O)O)c2cc(O)cc(O[C@H]4O[C@H](CO)[C@@H](O)[C@H](O)[C@@H]4O)c2-c2cc3ccc2O)O[C@H](CO)[C@@H](O)[C@@H]1O,0.9963068
O=C(CNC(=O)c1cccc(C(F)(F)F)c1)N[C@@H]1CCN(Cc2ccc(Cl)cc2)C1,0.24822809
CCC[C@H](NC(=O)[C@@H]1[C@H]2CCC[C@H]2CN1C(=O)[C@@H](NC(=O)[C@@H](NC(=O)c1cnccn1)C1CCCCC1)C(C)(C)C)C(=O)C(=O)NC1CC1,0.099490285
CNC(=O)c1cc(COc2nnc(Nc3ccc(Cl)cc3)c3ccoc23)ccn1,0.036320362
Cc1cn([C@@H]2C[C@@H](O)[C@H](CO)O2)c(=O)[nH]c1=O,0.33393195
O=C(N[C@@H]1CC[C@@H](c2cccc(F)c2F)CN(CC(F)(F)F)C1=O)N1CCC(n2c(=O)[nH]c3ncccc32)CC1,0.8522442
Cc1scc2c1N(C(=O)CN1CCN(C)CC1)c1ccccc1NC2=O,0.024602748
CC[C@H]1OC(=O)[C@H](C)C(=O)[C@H](C)[C@@H](O[C@@H]2O[C@H](C)C[C@H](N(C)C)[C@H]2O)[C@](C)(OC)C[C@@H](C)C(=O)[C@H](C)[C@H]2N(CCCCn3cnc(-c4cccnc4)c3)C(=O)O[C@]12C,0.89607435
CCOC(=O)N1CSC[C@@H]1C(=O)O,0.04720459
CCCc1nc2c(C)cc(-c3nc4ccccc4n3C)cc2n1Cc1ccc(-c2ccccc2C(=O)O)cc1,0.00733021
Cc1ccn(-c2cc(Cl)ccc2[C@@H](Oc2cc(-c3ccc(C[C@H](N)C(=O)O)cc3)nc(N)n2)C(F)(F)F)n1,0.3917526
CCOC(=O)[C@@H](N)Cc1ccc(-c2cc(O[C@H](c3ccc(Cl)cc3-n3ccc(C)n3)C(F)(F)F)nc(N)n2)cc1,0.13872945
CCCCCCCCCCCCCCCCCC(=O)NCCCCOn1c(CCCC)nc2c(N)nc3ccccc3c21,0.10939996
COc1cccc(C(=O)Nc2ccc(OCCN3CCOCC3)c(-c3ccnn3C)c2)c1,0.004189033
COP(=S)(OC)Oc1ccc(Sc2ccc(OP(=S)(OC)OC)cc2)cc1,7.296488e-05
CCOC(=O)[C@H](CCc1ccccc1)N[C@H]1CS[C@H](c2cccs2)CN(CC(=O)O)C1=O,0.00014663542
Oc1cccc(-c2c3nc(c(-c4cccc(O)c4)c4[nH]c(c(-c5cccc(O)c5)c5ccc([nH]5)c(-c5cccc(O)c5)c5nc2C=C5)CC4)C=C3)c1,0.0032270015
Cn1nnc2c(C(N)=O)ncn2c1=O,0.019118166
CC1(C)CC(O)CC(C)(C)N1O,2.0344763e-05
CO[C@H]1C[C@@H]2CC[C@@H](C)[C@@](O)(O2)C(=O)C(=O)N2CCCC[C@H]2C(=O)O[C@H]([C@H](C)C[C@@H]2CC[C@@H](OC(=O)C(C)(CO)CO)[C@H](OC)C2)CC(=O)[C@H](C)/C=C(\C)[C@@H](O)[C@@H](OC)C(=O)[C@H](C)C[C@H](C)/C=C/C=C/C=C/1C,0.98310584
Cc1sc2c(c1C)C(c1ccc(Cl)cc1)=N[C@@H](CC(=O)NCCCN1CCN(C)CC1)c1nnc(C)n1-2,0.047308035
CC[C@H](Nc1ncnc2nc[nH]c12)c1oc2ccccc2c(=O)c1-c1cccc(F)c1,0.59454256
CN1Cc2c(Cl)cc(Cl)cc2[C@H](c2cccc(S(=O)(=O)NCCOCCOCCNC(=O)NCCCCNC(=O)NCCOCCOCCNS(=O)(=O)c3cccc([C@@H]4CN(C)Cc5c(Cl)cc(Cl)cc54)c3)c2)C1,0.0359996
COc1ccc2[nH]c([S@@](=O)Cc3ncc(C)c(OC)c3C)nc2n1,0.053600986
Cc1cc(N2CCN([C@@H]3CN[C@H](C(=O)N4CCSC4)C3)CC2)n(-c2ccccc2)n1,0.010220465
NC(=O)N1C(=O)[C@@H](C(=O)c2cccs2)c2cc(Cl)ccc21,0.045360405
O=C1NCCN[C@@H]1c1cccs1,0.00018521972
COc1cc([C@@H]2c3cc4c(cc3[C@@H](O[C@@H]3O[C@@H]5CO[C@@H](c6cccs6)O[C@H]5[C@H](O)[C@H]3O)[C@H]3COC(=O)[C@H]23)OCO4)cc(OC)c1O,0.0010768243
C[C@H](Cn1cnc2c(N)ncnc21)OCP(=O)(O)O,3.0688778e-07
CC(C)OC(=O)[C@@H](C)NP(=O)(CO[C@@H](C)Cn1cnc2c(N)ncnc21)Oc1ccccc1,0.0005228958
CC(C)OC(=O)OCOP(=O)(CO[C@H](C)Cn1cnc2c(N)ncnc21)OCOC(=O)OC(C)C,0.0012096174
CC(=O)Nc1ccc(NC(=S)NC(=O)c2ccc(C(C)(C)C)cc2)cc1,0.6405303
CN(C)CCCCC(=O)Nc1ccc(NC(=S)NC(=O)c2ccc(C(C)(C)C)cc2)cc1,0.4152019
CN1C(C(=O)Nc2ccccn2)=C(O)c2sccc2S1(=O)=O,0.09766192
O=C1/C(=C/c2cccs2)CCC/C1=C\c1cccs1,0.66452134
COc1ccc(-n2nc(CCC(=O)N(C)O)cc2-c2ccc(Cl)cc2)cc1,0.0005717804
Cn1c2cc([S@@](C)=O)sc2c2cnn(Cc3cccc(N)c3)c(=O)c21,0.13996825
CC(=O)CC/C=C(\C)CC/C=C(\C)CC/C=C(\C)CCC=C(C)C,0.009093455
COc1ccc(C[C@@H](C)[C@@H](C)Cc2ccc(OC)c(OC)c2)cc1OC,2.1911839e-07
COc1cc2nc(N3CCN(C(=O)[C@H]4CCCO4)CC3)nc(N)c2cc1OC,0.8937336
CN(C/C=C/C#CC(C)(C)C)Cc1cccc2ccccc12,1.3857868e-05
CC(C)(C)NC[C@@H](O)c1cc(O)cc(O)c1,0.1035651
C#CC1(OC[C@H](O)CN2CCN(c3cccc(C(F)(F)F)c3)CC2)CCCCC1,0.010837197
CC(C)N1CCN(c2ccc(OC[C@H]3CO[C@](Cn4cncn4)(c4ccc(Cl)cc4Cl)O3)cc2)CC1,1.7985318e-05
CC(C)(C)c1ccc([C@@H](O)CCCN2CCC(C(O)(c3ccccc3)c3ccccc3)CC2)cc1,0.0033212658
CCN(CC)C(=O)N[C@H]1C[C@@H]2c3cccc4[nH]cc(c34)C[C@H]2N(C)C1,0.044217046
CC(=O)[C@@H](C#N)C(=O)Nc1ccc(C(F)(F)F)cc1,0.005572258
NCCCC[C@H](NC(=O)[C@@H]1CCCN1C(=O)[C@@H]1CSSC[C@H](NC(=O)CNC(=O)CNC(=O)CN)C(=O)N[C@@H](Cc2ccc(O)cc2)C(=O)N[C@@H](Cc2ccccc2)C(=O)N[C@@H](CCC(N)=O)C(=O)N[C@@H](CC(N)=O)C(=O)N1)C(=O)NCC(N)=O,0.007779778
C[C@@H](CC(c1ccccc1)c1ccccc1)NC(C)(C)C,0.0025460979
O=c1n(C[C@H]2CO2)c(=O)n(C[C@H]2CO2)c(=O)n1C[C@H]1CO1,0.01981132
CC(C)(O)[C@H]1CC[C@](C)(O)CC1,0.00012318695
C[C@H]1C(=O)C(=O)[C@@H]2O[C@@H]2C1=O,0.00020402372
Cc1ccc2c(c1CCC(=O)O)CC[C@@H](NS(=O)(=O)c1ccc(Cl)cc1)C2,0.0024518624
CCO[C@@H](Cc1ccc(OCCc2ccc(OS(C)(=O)=O)cc2)cc1)C(=O)O,0.021208642
CCOc1ccc(-c2nc(-c3cccc(C(=O)O)n3)cs2)cc1OCC,0.01626592
COc1cc2c(cc1OC)[C@@H]1CC(=O)[C@@H](CC(C)C)CN1CC2,0.016955908
CCCCNc1ccc(C(=O)OCCN(C)C)cc1,0.0017170568
CN(C)[C@@H]1C(=O)[C@H](C(N)=O)C(=O)[C@@]2(O)C(=O)[C@@H]3C(=O)c4c(O)cccc4[C@@](C)(O)[C@H]3C[C@@H]12,0.99602854
CCCCCCCCCCCCCCSCC(=O)O,0.011241725
NCCNCCNCCNCCN,3.7694416e-08
Nc1nc(=O)c2c([nH]1)NC[C@H](CNc1ccc(C(=O)N[C@@H](CCC(=O)O)C(=O)O)cc1)N2,0.0011230787
COc1ccc(C[C@H]2NCCc3cc(OC)c(OC)cc32)cc1OC,0.00028869725
O=C1N[C@H](O)CCN1[C@@H]1O[C@H](CO)[C@@H](O)[C@H]1O,0.0026899637
c1ccc2c(c1)CCC[C@@H]2C1=NCCN1,0.020710329
CN(C)C(=S)SC(=S)N(C)C,0.032528836
COc1ccc2cc1Oc1ccc(cc1)C[C@H]1c3cc(c(OC)cc3CCN1C)Oc1c(OC)c(OC)cc3c1[C@H](C2)N(C)CC3,0.031871013
N[C@@H](C(=O)O)c1nn[nH]n1,0.004710536
c1cc2c(cc1C1CCCCC1)c1c3n2CCNC3CCC1,0.022207756
O=C1C(=O)C(O)C(=O)C(=O)C1O,1.509434e-06
CC(C)(CO)c1cc2cc(NC(=O)C3(c4ccc5c(c4)OC(F)(F)O5)CC3)c(F)cc2n1C[C@@H](O)CO,0.89364487
O=C(Nc1ccc(N2CCC(C(=O)N3CCOCC3)CC2)cc1)c1cnc(Oc2ccccc2)nc1,0.36722556
CCN1/C(=C/C(C)=O)Sc2ccc(OC)cc21,0.0037242873
CN1C/C=C/CCOc2cccc(c2)-c2ccnc(n2)Nc2cccc(c2)C1,0.0013539849
Cc1cc(-c2cc(O)ccc2Cl)cc2nnc(Nc3ccc(OCCN4CCCC4)cc3)nc12,0.023551086
Nc1nc(N)c2nc(-c3cccc(O)c3)cnc2n1,0.996071
Cc1cc(-c2cc(OC(=O)c3ccccc3)ccc2Cl)cc2nnc(Nc3ccc(OCCN4CCCC4)cc3)nc12,0.061075132
Cc1cnc(Nc2ccc(N3CCN(C)CC3)cc2)nc1Nc1cccc(S(=O)(=O)NC(C)(C)C)c1,0.34824795
CC(C)Oc1ccc(-c2nn([C@@H](C)c3oc4ccc(F)cc4c(=O)c3-c3cccc(F)c3)c3ncnc(N)c23)cc1F,0.32197592
Cc1cc([C@@H](C)Nc2ccccc2)c2nc(N3CCOCC3)cc(=O)n2c1,0.025522396
Nc1nc(N)c2nc(-c3cccc(O)c3)c(-c3cccc(O)c3)nc2n1,0.9303628
Cn1c(COP(=O)(NCCBr)NCCBr)cnc1[N+](=O)[O-],2.789349e-06
Nc1nc(NC2CC2)cc(-c2cccc(Cl)c2Cl)n1,8.124879e-06
COc1cc(C[C@H]2c3cc(OC)c(OC)cc3CCN2C)c(Oc2cc3c(cc2OC)-c2c(OC)c(OC)cc4c2[C@H](C3)N(C)CC4)cc1OC,0.045181297
O=C1CC[C@H](N2C(=O)c3ccccc3C2=O)C(=O)N1,0.00088009785
O=c1c(O)cc([C@H]2Oc3cc(O)cc(O)c3C[C@H]2O)c2cc([C@H]3Oc4cc(O)cc(O)c4C[C@H]3O)cc(O)c(O)c1-2,0.030782579
Cn1cnc2c1c(=O)[nH]c(=O)n2C,0.24544916
CCNC1=N[C@@H]2[C@@H](O)[C@H](O)[C@@H](CO)O[C@@H]2S1,6.8913854e-05
Cc1ncc(C[n+]2csc(CCO)c2C)c(N)n1,0.054279987
Cc1ncc(C[n+]2csc(CCOP(=O)(O)OP(=O)(O)O)c2C)c(N)n1,0.019251281
CS(=O)(=O)c1ccc([C@@H](O)[C@@H](CO)NC(=O)C(Cl)Cl)cc1,0.018417967
C=CCC1([C@H](C)CCC)C(=O)NC(=S)NC1=O,0.003724236
O=C(NCc1ccccc1)c1csc(Nc2ccncn2)n1,0.1269811
CCSc1ccc2c(c1)N(CCCN1CCN(C)CC1)c1ccccc1S2,0.032572947
COc1c(O[C@@H]2O[C@H](CO)[C@@H](O)[C@H](O)[C@H]2O)cc2c(c1OC)-c1ccc(SC)c(=O)cc1[C@@H](NC(C)=O)CC2,0.090799354
O=C(O)CCCC[C@H]1CCSS1,0.0022957013
OCCSCCO,1.5953727e-05
Nc1nc2nc[nH]c2c(=S)[nH]1,3.9816117e-05
C[CH2][Hg][S]c1ccccc1C(=O)O,0.09822595
CCC[C@@H](C)C1(CC)C(=O)NC(=S)NC1=O,0.0006248922
S=C(NC1CCCCC1)N1CCC([C@H]2C=NC=N2)CC1,0.13990518
COC(=O)NC(=S)Nc1ccccc1NC(=S)NC(=O)OC,0.98616123
CN1CCN(CCCN2c3ccccc3Sc3ccc(S(=O)(=O)N(C)C)cc32)CC1,0.000102407415
CSc1ccc2c(c1)N(CCC1CCCCN1C)c1ccccc1S2,0.00012813935
O=C(O)CNC(=O)[C@@H](CS)Cc1ccccc1,0.0001417363
C=C(NC(=O)C(=C)NC(=O)c1csc(C2=N[C@@H]3c4csc(n4)[C@H]4NC(=O)c5csc(n5)[C@H]([C@](C)(O)[C@@H](C)O)NC(=O)[C@H]5CSC(=N5)/C(=C/C)NC(=O)[C@H]([C@@H](C)O)NC(=O)c5csc(n5)[C@]3(CC2)NC(=O)[C@H](C)NC(=O)C(=C)NC(=O)[C@H](C)NC(=O)[C@H]([C@@H](C)CC)N[C@@H]2C=Cc3c([C@H](C)O)cc(nc3[C@H]2O)C(=O)O[C@@H]4C)n1)C(N)=O,0.99206233
S=P(N1CC1)(N1CC1)N1CC1,0.00016272244
CN1CCN(CC/C=C2/c3ccccc3Sc3ccc(S(=O)(=O)N(C)C)cc32)CC1,0.0017426884
CN(C)C(=S)SSC(=S)N(C)C,0.95696753
CNc1ccc(-c2ccc3cc(OC[C@H](O)CF)ccc3n2)cn1,0.46756986
CCCCCCCCCCCCCCCC[N+](C)(C)CCN(Cc1ccc(OC)cc1)c1ncccn1,0.3271297
COc1ccc(CN(CCN(C)C)c2ncccn2)cc1,0.0003137902
CC(O)(C(=O)O)[C@@H](CC(=O)O)C(=O)O,0.0004921092
CC[C@H](C)[C@H](NC(=O)[C@H](CCC(=O)O)NC(=O)[C@H](CO)NC(=O)[C@H](CO)NC(=O)[C@@H](NC(=O)[C@H](CC(=O)O)NC(=O)[C@@H](NC(=O)[C@H](C)NC(=O)[C@H](C)NC(=O)[C@H](CC(=O)O)NC(=O)[C@H](CO)NC(C)=O)C(C)C)[C@@H](C)O)C(=O)N[C@H](C(=O)N[C@H](C(=O)N[C@@H](CCCCN)C(=O)N[C@@H](CC(=O)O)C(=O)N[C@@H](CC(C)C)C(=O)N[C@@H](CCCCN)C(=O)N[C@@H](CCC(=O)O)C(=O)N[C@@H](CCCCN)C(=O)N[C@@H](CCCCN)C(=O)N[C@@H](CCC(=O)O)C(=O)N[C@H](C(=O)N[C@H](C(=O)N[C@@H](CCC(=O)O)C(=O)N[C@@H](CCC(=O)O)C(=O)N[C@@H](C)C(=O)N[C@@H](CCC(=O)O)C(=O)N[C@@H](CC(N)=O)C(=O)O)C(C)C)C(C)C)[C@@H](C)O)[C@@H](C)O,0.016168809
Cc1ccc(C(C)C)c(O)c1,0.00052557857
Cc1cc(OI)c(C(C)C)cc1-c1cc(C(C)C)c(OI)cc1C,0.95579004
CC(C)[C@H](NC(=O)[C@H](CC(=O)O)NC(=O)[C@H](CCCCN)NC(=O)[C@@H](N)CCCNC(=N)N)C(=O)N[C@@H](Cc1ccc(O)cc1)C(=O)O,0.0146967685
CN(C)C/C=C/C(=O)Nc1ccc(C(=O)Nc2cccc(Nc3ncc(Cl)c(-c4c[nH]c5ccccc45)n3)c2)cc1,0.02440527
CN(C)CCCC(=O)Nc1ccc(C(=O)Nc2cccc(Nc3ncc(Cl)c(-c4c[nH]c5ccccc45)n3)c2)cc1,0.035370246
CN(C)C/C=C/C(=O)Nc1cccc(C(=O)Nc2cccc(Nc3ncc(Cl)c(-c4c[nH]c5ccccc45)n3)c2)c1,0.020573128
c1ccc2[nH]c(-c3cscn3)nc2c1,0.017726539
Cc1ccsc1C(=CCCN1CCC[C@@H](C(=O)O)C1)c1sccc1C,0.0273388
CN1c2ccccc2[C@@H](NCCCCCCC(=O)O)c2ccc(Cl)cc2S1(=O)=O,0.017269049
CCN(CC)CCNC(=O)c1cc(S(C)(=O)=O)ccc1OC,0.00075109274
C[C@@H](C(=O)O)c1ccc(C(=O)c2ccccc2)s1,0.00017919157
O=C(Cn1c(=O)sc2ccc(Cl)cc21)N1CCN(CCO)CC1,0.22141227
C#C[C@]1(O)CC[C@@H]2[C@H]3[C@H](C)CC4=C(CCC(=O)C4)[C@H]3CC[C@@]21C,0.008438625
CCCSc1nc(N[C@@H]2C[C@H]2c2ccc(F)c(F)c2)c2nnn([C@@H]3C[C@H](OCCO)[C@@H](O)[C@H]3O)c2n1,0.023959197
CC1(C)S[C@@H]2[C@H](NC(=O)[C@H](C(=O)O)c3ccsc3)C(=O)N2[C@H]1C(=O)O,0.2618876
Clc1ccccc1CN1CCc2sccc2C1,0.0001323334
Cc1ccccc1CN1C2=NCCN2C(=O)C2=C1CCN(Cc1ccccc1)C2,0.0032449672
O=c1sn(-c2cccc3ccccc23)c(=O)n1Cc1ccccc1,0.00952652
O=C(O)COc1ccc(C(=O)c2cccs2)c(Cl)c1Cl,0.01586947
COc1ccc2cc(-c3[nH]c(-c4ccc([S@@](C)=O)cc4)nc3-c3ccncc3)ccc2c1,0.9118945
CC1(NC2=NS(=O)(=O)c3sc(Cl)cc3N2)CC1,5.9641552e-05
CN(C)c1cc(NC(=O)CNC(C)(C)C)c(O)c2c1C[C@H]1C[C@H]3[C@H](N(C)C)C(=O)[C@@H](C(N)=O)C(=O)[C@@]3(O)C(=O)[C@H]1C2=O,0.9619259
CC[C@H]1OC(=O)C[C@@H](O)[C@H](C)[C@@H](O[C@@H]2O[C@H](C)[C@@H](O)[C@H](N(C)C)[C@H]2O)[C@@H](CCN2C[C@H](C)C[C@H](C)C2)C[C@@H](C)C(=O)/C=C/C(C)=C/[C@@H]1CO[C@@H]1O[C@H](C)[C@@H](O)[C@@H](OC)[C@H]1OC,0.9993278
CCN(CC)CCOc1ccc2c(c1)C(=O)c1cc(OCCN(CC)CC)ccc1-2,4.770307e-05
O=P(O)(O)C(Sc1ccc(Cl)cc1)P(=O)(O)O,7.545598e-10
CC(C)(Oc1ccc(Cl)cc1)C(=O)N1CSC[C@@H]1C(=O)O,0.22581476
CC(C)(C)NC[C@H](O)COc1nsnc1N1CCOCC1,0.0011274774
O=C(O)[C@H]1CSCN1,0.3232535
c1ccc2c(SC3=NCCN3)c[nH]c2c1,0.047505025
CCS(=O)(=O)CCn1c([N+](=O)[O-])cnc1C,0.028046327
CCOC(=O)c1c(N)sc2c1CCN(Cc1ccccc1)C2,4.0887364e-05
Clc1ccc([C@H](Cn2ccnc2)OCc2ccsc2Cl)c(Cl)c1,0.0012536191
Nc1nc(=S)c2ncn([C@@H]3O[C@H](CO)[C@@H](O)[C@H]3O)c2[nH]1,0.0008956041
C[C@@H](S)C(=O)NCC(=O)O,4.6905578e-05
CN=C(NC#N)NCCSCc1csc(NC(=N)N)n1,0.020038493
C[N+]1(C)[C@@H]2C[C@@H](OC(=O)C(O)(c3cccs3)c3cccs3)C[C@H]1[C@@H]1O[C@@H]12,0.00022520967
O=c1oc2cc(O)ccc2s1,5.0847626e-05
CCCc1c(SCCCOc2ccc(C(C)=O)c(OCCCC(=O)O)c2CCC)ccc(C(C)=O)c1O,0.15852816
Cn1cncc1[C@@](N)(c1ccc(Cl)cc1)c1ccc2c(c1)c(-c1cccc(Cl)c1)cc(=O)n2C,0.029212086
N=C1CCCN1Cc1[nH]c(=O)[nH]c(=O)c1Cl,0.17620696
O=C(O)C(=O)c1cn(Cc2ccccc2)c2ccc(-c3ccc(OC(F)(F)F)cc3)cc12,0.08097895
CCC[C@@]1(CCc2ccccc2)CC(=O)[C@@H]([C@H](CC)c2cccc(NS(=O)(=O)c3ccc(C(F)(F)F)cn3)c2)C(=O)O1,0.99004716
CSc1ccccc1OC[C@@H](O)CNC(C)C,0.00035898175
C[N@+]12CCCC[C@@H]1CCC(=C(c1cccs1)c1cccs1)C2,0.002825285
CCOC(=O)Nc1ccc2c(c1)N(C(=O)CN(C)C)c1ccccc1CC2,0.0030090113
Nc1n[n+]([O-])c2ccccc2[n+]1[O-],0.0012086256
C#Cc1cnc2[nH]c(=O)n(C(CC)CC)c2n1,1.0070137e-05
O=C(O)Cc1cc(I)c(Oc2ccc(O)c(I)c2)c(I)c1,0.027833764
CCCCS(=O)(=O)N[C@@H](Cc1ccc(OCCCCC2CCNCC2)cc1)C(=O)O,0.4914853
[Cl][Ti]([Cl])([CH]1C=CC=C1)[CH]1C=CC=C1,0.0030758318
O=C1NC(=O)[C@@H](c2cn3c4c(cccc24)CCC3)[C@@H]1c1c[nH]c2ccccc12,0.59552413
COc1cc2nccc(Oc3ccc(NC(=O)Nc4cc(C)on4)c(Cl)c3)c2cc1OC,0.9933948
Clc1ccc2nsnc2c1NC1=NCCN1,0.15546109
Cc1ccc(CCCO)c(NCc2ccc3nc(NCCCN4CCOCC4)n(Cc4nc(C)ccc4O)c3c2)c1,0.325472
COc1ccc2c(c1)C=C1Cn3c-2c(C2CCCCC2)c2ccc(cc23)C(=O)NS(=O)(=O)N(C)CCOCCN(C)C1=O,0.02698087
O=C(NC(=O)c1c(F)cccc1Cl)NC1c2ccccc2-c2ccccc21,0.0042746207
CCCCCCC(=O)OC1CC(C)(C)NC(C)(C)C1,0.00010373326
COc1cc(/C=C/c2ccc(OC)cc2OC)cc(OC)c1,0.0047077
CO[C@@H]1[C@H](OC(=O)NC(=O)CCl)CC[C@]2(CO2)[C@H]1[C@@]1(C)O[C@@H]1CC=C(C)C,0.7696812
NC[C@H]1O[C@H](O[C@H]2[C@H](O)[C@@H](O[C@H]3O[C@H](CO)[C@@H](O)[C@H](N)[C@H]3O)[C@H](N)C[C@@H]2N)[C@H](N)C[C@@H]1O,0.3079466
Cc1cccc(C)c1NC(=O)[C@@H](C)N,0.0011416326
Cc1[nH]c(/C=C2\C(=O)Nc3ccc(F)cc32)c(C)c1C(=O)NCCN1CCCC1,0.05206925
Cc1c(C)c2c(c(C)c1OC(=O)CCC(=O)OCCO)CC[C@@](C)(CCC[C@H](C)CCC[C@H](C)CCCC(C)C)O2,0.5609295
CCOC(=O)NNc1nncc2ccccc12,1.6350565e-07
C[C@@H]1CCN(C(=O)CC#N)C[C@@H]1N(C)c1ncnc2[nH]ccc12,0.7660932
CCC1=C(C)NN=C(c2ccc(OC)c(OC)c2)c2cc(OC)c(OC)cc21,0.046958014
CCc1ccc(Cc2ccc3c(c2)[C@]2(OC3)O[C@H](CO)[C@@H](O)[C@H](O)[C@H]2O)cc1,0.00019194234
Cc1ccccc1OC[C@@H](O)CNCCOc1ccc(C(N)=O)cc1,0.005373154
Cc1ccc(S(=O)(=O)NC(=O)NN2CCCCCC2)cc1,2.6252155e-05
c1ccc(CC2=NCCN2)cc1,0.0010774769
CCCCNC(=O)NS(=O)(=O)c1ccc(C)cc1,9.4275616e-05
Cc1ccc(C(=O)c2cc(O)c(O)c([N+](=O)[O-])c2)cc1,0.00014381335
Cc1c(Cl)cccc1Nc1ccccc1C(=O)O,0.028976405
Cc1cccc(Oc2cnc(=O)[nH]c2)c1,0.012889998
Cc1ccc(C(=O)c2ccc(CC(=O)O)n2C)cc1,0.0044903583
Cc1cccc(N(C)C(=S)Oc2ccc3ccccc3c2)c1,0.061632156
Cc1ccc(NC2=NCCN2)c(Cl)c1,0.00071537215
Cc1cc2nc3ccc(=[N+](C)C)cc-3sc2cc1N,0.009405678
Cc1cccc(N2C[C@@H](CO)OC2=O)c1,0.0069654253
Cc1ccc(C(=O)[C@@H](C)CN2CCCCC2)cc1,0.00019461577
COc1ccc2c(C(=S)N(C)CC(=O)O)cccc2c1C(F)(F)F,0.013191527
Cc1ccc(O)c([C@H](CCN(C(C)C)C(C)C)c2ccccc2)c1,0.00013376179
Cc1cc(-n2c(=O)[nH]c(=O)n(C)c2=O)ccc1Oc1ccc(SC(F)(F)F)cc1,0.07760649
Cc1ccccc1C(=O)Nc1ccc(C(=O)N2CCC[C@@H](O)c3cc(Cl)ccc32)c(C)c1,0.06565908
CN(C)c1cccc2c(S(=O)(=O)Nc3ccc(NC(=O)C(C)(C)CO)cc3)cccc12,0.0002101957
CCCc1c(OCCCCc2nn[nH]n2)ccc(C(C)=O)c1O,0.031627033
Cc1cc(Nc2cc(N)ncn2)c(=O)n2c1C(=O)NC21CCCCC1,0.052910063
CC(=O)c1ccc2c(c1)[C@H](NC(=O)c1ccc(F)c(Cl)c1)[C@H](O)C(C)(C)O2,0.9089372
C[C@](O)(CNC(=O)C(F)(F)F)C(=O)Nc1ccc([N+](=O)[O-])c(C(F)(F)F)c1,0.001184007
CC1(C)O[C@@H]2[C@@H](CO[C@@]3(COS(N)(=O)=O)OC(C)(C)O[C@@H]23)O1,0.002331474
N#Cc1cc(-c2nnc(-c3ccncc3)[nH]2)ccn1,0.3354562
CC[C@@]1(O)C(=O)OCc2c1cc1n(c2=O)Cc2cc3c(CN(C)C)c(O)ccc3nc2-1,4.3933345e-05
Cc1cccc(Nc2ccncc2S(=O)(=O)NC(=O)NC(C)C)c1,0.0002658242
CCOC(=O)N1c2ccc(C(F)(F)F)cc2[C@@H](N(Cc2cc(C(F)(F)F)cc(C(F)(F)F)c2)C(=O)OC)C[C@H]1CC,0.0057795886
Nc1ccn([C@H]2C[C@H](O)[C@@H](CO)O2)c(=O)n1,0.2695186
CN(C)CCOc1ccc(/C(=C(/CCCl)c2ccccc2)c2ccccc2)cc1,0.001787884
CCC(=O)N1CCN(c2ccc(-n3c(=O)ccc4cnc5ccc(-c6cnc7ccccc7c6)cc5c43)cc2C(F)(F)F)CC1,0.9648519
Nc1ccc(-c2ccc3ncc4ccc(=O)n(-c5cccc(C(F)(F)F)c5)c4c3c2)cn1,0.9976676
CC(C)C[C@@H](C(=O)N[C@H](C(=O)OC1CCCC1)c1ccccc1)[C@H](O)C(=O)NO,6.877877e-06
N[C@H]1CCN(c2nc3c(cc2F)c(=O)c(C(=O)O)cn3-c2ccc(F)cc2F)C1,0.9997993
N#Cc1cn([C@@H]2O[C@H](CO)[C@@H](O)[C@H]2O)c2ncnc(N)c12,0.02371862
COc1ccc(N2CCOCC2)c2sc(NC(=O)N3CCC(C)(O)CC3)nc12,4.4609293e-05
Cc1cc(Nc2cc(N3CCN(C)CC3)nc(Sc3ccc(NC(=O)C4CC4)cc3)n2)[nH]n1,0.48117265
CC(C)(O)c1ccn2c(-c3ccc(F)c(-c4ccc(F)cc4C#N)c3)cnc2c1F,0.008220035
CN1CCN(Cc2ccc(Nc3ncc(Cl)c(Nc4ccccc4S(=O)(=O)N(C)C)n3)cc2)CC1,0.045060392
CC(C)(O)[C@H]1CC[C@H](Nc2ccc3ncc(-c4cccc(C(F)(F)F)c4)n3n2)CC1,0.6491397
NC(=O)Nc1sc(-c2ccc(F)cc2)cc1C(N)=O,0.047951028
O=S(=O)(O)c1ccc(-c2c3nc(c(-c4ccc(S(=O)(=O)O)cc4)c4ccc([nH]4)c(-c4ccc(S(=O)(=O)O)cc4)c4nc(c(-c5ccc(S(=O)(=O)O)cc5)c5ccc2[nH]5)C=C4)C=C3)cc1,6.371986e-12
O=[N+]([O-])OC[C@H]1O[C@@H](n2cnc3c(NC4CCCC4)ncnc32)[C@H](O)[C@@H]1O,0.00017991319
CCCCNc1c(C(=O)OCC)c(C)nc2c1cnn2CC,0.020317571
O=C(c1ccccc1Cl)c1cccnc1-c1nnn(Cc2cc(C(F)(F)F)cc(C(F)(F)F)c2)c1-c1ccncc1,0.5742073
Clc1ccccc1C(c1ccccc1)(c1ccccc1)n1cccn1,0.0011375253
N#CC(c1ccccc1)(c1ccccc1)c1ccccc1Cl,0.0011297163
CC(=O)Nc1cccc(-n2c(=O)n(C3CC3)c(=O)c3c(Nc4ccc(I)cc4F)n(C)c(=O)c(C)c32)c1,0.010690344
NCCCS(=O)(=O)O,5.8329438e-06
CCOC(=O)[C@H](CCc1ccccc1)N[C@@H](C)C(=O)N1[C@H](C(=O)O)C[C@H]2CCCC[C@@H]21,0.007123054
NC[C@H]1CC[C@H](C(=O)O)CC1,0.05090497
COc1ccc(/C=C/C(=O)Nc2ccccc2C(=O)O)cc1OC,0.03648646
CCCCC/C=C\C=C\CCCCCCCCC(=O)O,0.003942683
CCCCCCCC/C=C/C(=O)O,0.013251086
O=C(O)C1CCC(c2cc3cccnc3c(-c3cccc(F)c3)n2)CC1,0.051262572
O=C(O)/C=C/CO,0.00015793846
COc1ccc(/C=C/C(=O)O)cc1,0.08492881
CC(/C=C/C=C(\C)C(=O)O)=C\C=C\C=C(C)\C=C\C=C(/C)C(=O)O,2.5889468e-09
N[C@H]1C[C@@H]1c1ccccc1,3.7539736e-05
CCn1c(=O)n(C2=C(CO)CN(CC3CCCCCCC3)CC2)c2ccccc21,0.013361922
CCN(CC)c1cc(C)nc2ncnn12,0.028867846
CC(C)OC(=O)CCC/C=C\C[C@@H]1[C@@H](/C=C/[C@@H](O)COc2cccc(C(F)(F)F)c2)[C@H](O)C[C@@H]1O,0.00028231466
C[C@@H]([C@@H](O)c1ccc(O)cc1)N1CCC(O)(c2ccccc2)CC1,0.05076627
O=c1n(CCCN2CCN(c3cccc(Cl)c3)CC2)nc2ccccn12,0.001151964
C[C@H]1Oc2ccccc2C[C@@H]1N(C)C,0.00029380445
Cn1c(=O)cc(N2CCC[C@@H](N)C2)n(Cc2cc(F)ccc2C#N)c1=O,0.05863533
C(#CCN1CCCC1)CN1CCCC1,0.003288839
CS(=O)(=O)OC[C@H](O)[C@@H](O)COS(C)(=O)=O,0.023322647
CCOc1cc(OCC)c(C(=O)CCC(=O)O)cc1OCC,0.03335746
CCCCC[C@H](O)CC[C@@H]1[C@H]2Cc3cccc(OCC(=O)O)c3C[C@H]2C[C@H]1O,0.0033285837
COc1cc2c(cc1OC)-c1c/c(=N\c3c(C)cc(C)cc3C)n(C)c(=O)n1CC2,0.00031263908
NC(=O)c1cc(N2CC2)c([N+](=O)[O-])cc1[N+](=O)[O-],0.04894051
CC1=C(/C=C/C(C)=C/C=C/C(C)=C/C(=O)O)C(C)(C)CCC1,6.1820625e-05
CC(=O)OCC(COC(C)=O)OC(C)=O,8.171799e-06
C[C@]12C=CC(=O)C=C1CC[C@H]1[C@@H]3C[C@@H](O)[C@](O)(C(=O)CO)[C@@]3(C)C[C@H](O)[C@@]12F,0.06540167
CC1(C)O[C@@H]2C[C@H]3[C@@H]4CCC5=CC(=O)C=C[C@]5(C)[C@@]4(F)[C@@H](O)C[C@]3(C)[C@]2(C(=O)CO)O1,2.0059225e-07
CC(C)(C)CC(=O)OCC(=O)[C@@]12OC(C)(C)O[C@@H]1C[C@H]1[C@@H]3CCC4=CC(=O)C=C[C@]4(C)[C@@]3(F)[C@@H](O)C[C@@]12C,0.0049654716
Nc1nc(N)c2nc(-c3ccccc3)c(N)nc2n1,0.7433906
NC(=S)N/N=C/c1ncccc1N,4.6791424e-09
CCO[C@H]1O[C@H]([C@@H](COCc2ccccc2)OCc2ccccc2)[C@H](OCc2ccccc2)[C@H]1O,0.0016490009
O=C(Nc1ccc(Br)cc1)c1cc(Br)cc(Br)c1O,0.9753373
OCC(Br)(Br)Br,0.14959846
CCCC(=O)OCC(COC(=O)CCC)OC(=O)CCC,1.4180432e-05
CCCCCCCC(=O)OCC(COC(=O)CCCCCCC)OC(=O)CCCCCCC,0.0068909917
NS(=O)(=O)c1cc2c(cc1Cl)N[C@H](C(Cl)Cl)NS2(=O)=O,0.8603817
O=C(O)C(Cl)(Cl)Cl,0.015941048
ClC=C(Cl)Cl,0.000821031
CC(/C=C/C(=O)NO)=C\[C@@H](C)C(=O)c1ccc(N(C)C)cc1,3.867884e-05
CN1N=C(N)c2cn([C@@H]3O[C@H](CO)[C@@H](O)[C@H]3O)c3ncnc1c23,4.1457524e-06
CN1N=C(N)c2cn([C@@H]3O[C@H](COP(=O)(O)O)[C@@H](O)[C@H]3O)c3ncnc1c23,0.006964676
CSc1nc2cc(Cl)c(Oc3cccc(Cl)c3Cl)cc2[nH]1,0.031101076
O=C(Nc1ccc(Cl)cc1)Nc1ccc(Cl)c(Cl)c1,0.06494954
Oc1cc(Cl)ccc1Oc1ccc(Cl)cc1Cl,0.9965835
CC[N+](CC)(CC)CC[C@](O)(c1ccccc1)C1CCCCC1,0.0014573219
NCCNCCNCCN,5.4158033e-07
CO/N=C(/C(=O)OC)c1ccccc1CO/N=C(\C)c1cccc(C(F)(F)F)c1,0.005295707
CN1CCN(CCCN2c3ccccc3Sc3ccc(C(F)(F)F)cc32)CC1,0.05443065
CN(C)CCCN1c2ccccc2Sc2ccc(C(F)(F)F)cc21,0.009232446
O=c1[nH]c(=O)n([C@H]2C[C@H](O)[C@@H](CO)O2)cc1C(F)(F)F,0.5254206
CC(=O)Oc1cc(C(F)(F)F)ccc1C(=O)O,0.031458993
C[n+]1cccc(C(=O)O)c1,0.011279482
O[C@](CCN1CCCCC1)(c1ccccc1)C1CCCCC1,0.009877492
CN1CCN(c2ccc(Nc3ncc4cc5n(c4n3)C3(CCCCC3)CNC5=O)nc2)CC1,0.5019944
C[C@]12CC[C@H]3[C@@H](CC[C@@]45O[C@@H]4C(=O)[C@H](C#N)C[C@]35C)[C@@H]1CC[C@@H]2O,0.00045498487
FC(F)(F)c1ccccc1-n1ccnc1,0.0060008476
CC[C@@](COC(=O)c1cc(OC)c(OC)c(OC)c1)(c1ccccc1)N(C)C,0.02006959
COc1ccc(CN2CCNCC2)c(OC)c1OC,0.04429751
CN1C(=O)OC(C)(C)C1=O,1.0756137e-07
COc1cc(C(=O)NCc2ccc(OCCN(C)C)cc2)cc(OC)c1OC,0.023669792
COc1cc(Cc2cnc(N)nc2N)cc(OC)c1OC,0.5724619
COc1cc(C[C@H]2NCCc3cc(O)c(O)cc32)cc(OC)c1OC,8.086547e-05
C=CC(=O)OCC(CC)(COC(=O)C=C)COC(=O)C=C,4.8222377e-12
COc1cc(C(=O)N2CCOCC2)cc(OC)c1OC,0.006170185
COc1cc(NCc2ccc3nc(N)nc(N)c3c2C)cc(OC)c1OC,0.96612316
C[C@@H](CN(C)C)CN1c2ccccc2CCc2ccccc21,0.0025776864
Cc1cc2cc3c(C)cc(=O)oc3c(C)c2o1,0.35548064
CN(C)CCN(Cc1ccccc1)c1ccccn1,0.004158376
Cc1ccc(/C(=C\CN2CCCC2)c2ccccn2)cc1,0.012156146
CC(C)C(C)(C)C,1.8554722e-06
CC(C)[C@]12O[C@H]1[C@@H]1O[C@]13[C@]1(O[C@H]1C[C@H]1C4=C(CC[C@@]13C)C(=O)OC4)[C@@H]2O,3.678364e-05
CC(C)C[C@H](NC(=O)[C@@H](Cc1c[nH]c2ccccc12)NC(=O)[C@H](Cc1ccc(O)cc1)NC(=O)[C@H](CO)NC(=O)[C@H](Cc1c[nH]c2ccccc12)NC(=O)[C@H](Cc1cnc[nH]1)NC(=O)[C@@H]1CCC(=O)N1)C(=O)N[C@@H](CCCNC(=N)N)C(=O)N1CCC[C@H]1C(=O)NCC(N)=O,0.041183148
O=c1[nH]c(=O)n(Cl)c(=O)n1Cl,0.03234187
CC(C)[C@@H](CC[C@@H](C)[C@H]1CC[C@H]2[C@@H]3[C@H](O)C[C@H]4C[C@@H](NCCCNCCCCNCCCN)CC[C@]4(C)[C@H]3CC[C@]12C)OS(=O)(=O)O,0.6515995
NCC(=O)N1CCC[C@H]1C(=O)N[C@@H](CCC(=O)O)C(=O)O,0.0028809728
O=[P@]1(N(CCCl)CCCl)OCCCN1CCCl,0.0053402483
Cc1c(C)c2c(c(C)c1O)CC[C@](C)(COc1ccc(C[C@H]3SC(=O)NC3=O)cc1)O2,0.053224873
CO[C@H]1C[C@H](O[C@H]2[C@H](C)[C@@H](O[C@@H]3O[C@H](C)C[C@H](N(C)C)[C@H]3OC(C)=O)[C@@H](C)C[C@@]3(CO3)C(=O)[C@H](C)[C@@H](OC(C)=O)[C@@H](C)[C@@H](C)OC(=O)[C@@H]2C)O[C@@H](C)[C@@H]1OC(C)=O,0.025019303
Cc1c(C)c2c(c(C)c1O)CC[C@@](C)(C(=O)O)O2,6.352885e-05
O=C(O)c1ccccc1NCCc1ccccc1,0.006581121
NC(CO)(CO)CO,0.00028875066
Cc1cc(C)cc(C(=O)O[C@H]2C[C@H]3CC[C@@H](C2)N3C)c1,2.8237741e-06
COc1ccc2c(c1)c(CC(=O)OC[C@@H](C(=O)O)c1ccccc1)c(C)n2C(=O)c1ccc(Cl)cc1,0.193679
CCN(Cc1ccncc1)C(=O)[C@@H](CO)c1ccccc1,0.0018972306
O=C(O)c1cc(F)c2nc(N3[C@@H]4CC[C@H]3C[C@@H](OCc3c(-c5ccccc5OC(F)(F)F)noc3C3CC3)C4)sc2c1,0.9998579
CN1[C@@H]2CC[C@H]1C[C@@H](OC(=O)c1c[nH]c3ccccc13)C2,1.8558154e-05
O=C(O[C@H]1C[C@H]2CC[C@@H](C1)[N+]21CCCC1)C(O)(c1ccccc1)c1ccccc1,0.0002786057
N[C@@H]1[C@H]2CN(c3nc4c(cc3F)c(=O)c(C(=O)O)cn4-c3ccc(F)cc3F)C[C@@H]12,0.9999622
CCC(CO)(C(=O)OC1C[C@H]2CC[C@@H](C1)[N+]2(C)C)c1ccccc1,0.0010162871
S=C(NCCc1ccccn1)Nc1ccc(Br)cn1,0.034521837
C[C@@H]1O[C@@H](OC[C@H]2O[C@@H](Oc3c(-c4ccc(OCCO)c(OCCO)c4)oc4cc(OCCO)cc(O)c4c3=O)[C@H](O)[C@@H](O)[C@@H]2O)[C@H](O)[C@H](O)[C@H]1O,0.01161486
COc1cc(C(=O)N[C@H]2CCCNC2)cc(OC)c1OC,0.008299275
COc1ccsc1CNCC[C@@]1(c2ccccn2)CCOC2(CCCC2)C1,0.0003964501
O=C1c2ccccc2-n2c1nc1ccccc1c2=O,0.9723034
N[C@@H](Cc1c[nH]c2ccccc12)C(=O)O,0.13722819
[O-][N+]CNc1ccc(N2CCOCC2)c(Cl)c1,1.793197e-05
C/C(=C\c1ccc(C(=O)O)cc1)c1ccc2c(c1)C(C)(C)CCC2(C)C,0.18287049
Cc1ccc(-c2csc3ncnc(SCCC(=O)O)c23)cc1,0.033329673
CCOC(=O)c1ccccc1OC(=O)CCCCCCCC(=O)Oc1ccccc1C(=O)OCC,0.0558138
CCCCC[C@@H](C)N,5.440031e-06
CN1CCc2c(c3ccccc3n2Cc2ccc(C(=O)NO)cc2)C1,0.0006027923
COc1cc2c3cc1Oc1cc(ccc1O)C[C@@H]1c4c(cc(OC)c(O)c4Oc4ccc(cc4)C[C@@H]3N(C)CC2)CC[N+]1(C)C,0.0117262015
Cc1cc(Nc2ncnc3ccc(NC4=NC(C)(C)CO4)cc23)ccc1Oc1ccn2ncnc2c1,0.003793787
Nc1cc(F)ccc1NC(=O)c1ccc(CNC(=O)/C=C/c2cccnc2)cc1,0.02055141
C[C@@H](O)[C@H](N)C(=O)N[C@@H](CCCCN)C(=O)N1CCC[C@H]1C(=O)N[C@@H](CCCNC(=N)N)C(=O)O,0.026851976
N#CCc1ccccc1C#Cc1ccc(CCC(=O)O)c(F)c1,0.043451395
Cc1ccc(-c2ccc(F)cc2COc2ccc(CCC(=O)O)cc2)cc1,0.083884574
CC(C)(C)NC[C@H](O)c1ccccc1Cl,0.00052715396
O=C1c2cc3nnn(CCc4cccc(F)c4)c(=O)c3cc2OCN1C1CC1,0.5648077
CC(C)c1ccccc1Cc1cc(C(=O)Nc2ccc(S(=O)(=O)c3ccccc3C(C)(C)C)cc2)c(O)c(O)c1O,0.19385614
Nc1cccc(-c2cc3c(Oc4cccc(O)c4)ncnc3[nH]2)c1,0.00022713971
CC[C@H](C)[C@H](NC(=O)[C@H](Cc1ccc(O)cc1)NC(=O)[C@@H](NC(=O)[C@H](CCCNC(=N)N)NC(=O)[C@@H](N)CC(=O)O)C(C)C)C(=O)N[C@@H](Cc1cnc[nH]1)C(=O)N1CCC[C@H]1C(=O)O,0.046492368
CC(C)(C)C(=O)C(=NNc1ccc(Cl)cc1)Nc1ccc(Cl)cc1,0.002947359
CC[C@H]1OC(=O)C[C@@H](O)[C@H](C)[C@@H](O[C@@H]2O[C@H](C)[C@@H](O[C@H]3C[C@@](C)(O)[C@@H](O)[C@H](C)O3)[C@H](N(C)C)[C@H]2O)[C@@H](CC=O)C[C@@H](C)C(=O)/C=C/C(C)=C/[C@@H]1CO[C@@H]1O[C@H](C)[C@@H](O)[C@@H](OC)[C@H]1OC,0.9984434
Cc1ccc(C(C)C)c(OCC2=NCCN2)c1,0.00060492876
COc1cc2ncc(-c3ccccc3)nc2cc1OC,0.0032855475
COc1cc2ncnc(Nc3cccc(Cl)c3)c2cc1OC,0.029490039
N#CC(C#N)=Cc1ccc(O)c(O)c1,1.4660873e-11
N#C/C(=C\c1ccc(O)c(O)c1)C(=O)Nc1ccccc1,3.7759978e-07
COc1cc(/C=C(\C#N)C(N)=O)cc(CSc2nc3ccccc3s2)c1O,0.25619167
C[C@H](NC(=O)/C(C#N)=C/c1ccc(O)c(O)c1)c1ccccc1,9.110599e-06
CC(C)(C)c1cc(/C=C(\C#N)C(N)=S)cc(C(C)(C)C)c1O,0.13001387
N#C/C(=C\c1ccc(O)c(O)c1)C(N)=O,1.23968985e-05
CC(C)(C)c1cc(C=C(C#N)C#N)cc(C(C)(C)C)c1O,3.285597e-05
CSC(=N)C(C#N)C(C#N)C(=N)SC,0.0030958478
N#CC(C(=N)Sc1ccccc1N)C(C#N)C(=N)Sc1ccccc1N,0.0010159749
CC(C)C(=O)c1ccc(O)c(O)c1,3.5668602e-06
NS(=O)(=O)c1ccc(NC(=O)Nc2ccc(F)cc2)cc1,0.022545945
CCN(CC)CCO[C@H]1CC[C@@]2(C)C(=CC[C@@H]3[C@@H]2CC[C@]2(C)C(=O)CC[C@@H]32)C1,0.0008133759
CN(C(=O)Cc1ccc(Cl)c(Cl)c1)[C@H]1CCCC[C@@H]1N1CCCC1,0.017636374
CN(C(=O)c1ccc(Cl)c(Cl)c1)[C@@H]1CCCC[C@@H]1N1CCCC1,0.0032905014
C[C@H](NC(=O)[C@@H](Cc1c[nH]c2ccccc12)NC(=O)[C@@H](N)Cc1cnc[nH]1)C(=O)N[C@@H](Cc1c[nH]c2ccccc12)C(=O)N[C@H](Cc1ccccc1)C(=O)N[C@@H](CCCCN)C(N)=O,0.06168253
CCCN(CCC)C1Cc2cc(OC)c(OC)cc2C1,9.874922e-06
N[C@@H](CCNCc1ccc(Cl)cc1)C(=O)N1CCCCC1,0.027728247
CC(C)C[C@H](NC(=O)[C@@H](O)[C@H](N)Cc1ccccc1)C(=O)O,0.06755656
N[C@@H](Cn1ccc(=O)n(Cc2ccccc2C(=O)O)c1=O)C(=O)O,0.076400146
Cc1cn(C[C@H](N)C(=O)O)c(=O)n(Cc2ccsc2C(=O)O)c1=O,0.14497535
Oc1c(CN2CCCC2)cc(COCc2ccccc2)c2cccnc12,4.7125177e-05
c1ccc(C(NCc2cccnc2)(c2ccccc2)c2ccccc2)cc1,0.00038153425
CCCOc1ccc(S(=O)(=O)NCC[C@@H]2CCCN2C)cc1-c1nc2c(CCC)nn(C)c2c(=O)[nH]1,0.07970705
CCCCNNC(=O)c1ccc(Br)cc1,0.001630205
CCCCOC(=O)c1ccccc1Nc1cccc(C(F)(F)F)c1,0.31991813
CCCN(CCC)[C@@H]1CCc2c(OC)cccc2[C@@H]1C,1.48875815e-05
Cc1cc(CCC[C@H](CC(=O)NO)C(=O)N[C@H](C(=O)N[C@H](C)c2ccccc2)C(C)(C)C)ccc1-c1ccccc1,0.31558737
NC(=O)c1noc([C@H](CCCC2CCCCC2)CC(=O)NO)n1,0.017032508
N#C/C(=C\c1cn(-c2ccccc2)c2ccccc12)C(=O)O,0.02124988
CCOC(=O)N1CCN(C(=O)[C@H](Cc2cccc(C(=N)N)c2)NS(=O)(=O)c2c(C(C)C)cc(C(C)C)cc2C(C)C)CC1,0.1897989
C[C@H]1Sc2c(C(=O)O)c(=O)c3cc(F)c(N4CCNCC4)cc3n21,0.9997702
CC(=O)O[C@]1(C(C)=O)CC[C@H]2[C@@H]3CCC4=CC(=O)CCC4=C3[C@@H](c3ccc(N(C)C)cc3)C[C@@]21C,0.07793163
OC(c1ccccc1)(c1ccccc1)C12CC[N+](CCOCc3ccccc3)(CC1)CC2,0.037354946
CN(C)CCN1C(=O)c2cccc3cc(NC(N)=O)cc(c23)C1=O,0.16530341
COc1cc2c(NC3CCN(C)CC3)nc(N3CCCN(C)CC3)nc2cc1OCCCN(C)C,0.48718348
COc1cc2c(NC3CCN(C)CC3)nc(N3CCCN(C)CC3)nc2cc1OCCOCCN(C)C,0.25495753
COc1cc2c(NC3CCN(CC4CCCCC4)CC3)nc(N3CCCN(C(C)C)CC3)nc2cc1OCCCN1CCCCC1,0.64205855
COc1cc2c(NC3CCN(C(C)C)CC3)nc(C3CCCCC3)nc2cc1OCCCN1CCCC1,0.48164174
COc1cc2c(NC3CCN(C(C)C)CC3)nc(N3CCC(F)(F)CC3)nc2cc1OCCCN1CCCC1,0.9304655
COc1cc2c(NC3CCN(C4CCCCC4)CC3)nc(N3CCCN(C(C)C)CC3)nc2cc1OCCCN1CCCCC1,0.108002305
COc1cc2c(N(C)C3CCN(C(C)C)CC3)nc(C3CCCCC3)nc2cc1OCCCN1CCCC1,0.07309371
O=C(c1ccc(C(=O)N2CCC(N3CCCC3)CC2)c(Nc2ccccc2)c1)N1CCC(N2CCCC2)CC1,0.33736587
CCCc1cc(C)[nH]c(=O)c1CNC(=O)c1cc(-c2ccc(N3CCN(C(C)C)CC3)nc2)cc2c1cnn2C(C)C,0.9050582
CCCCNc1ncc2c(-c3ccc(CN4CCN(C)CC4)cc3)cn([C@H]3CC[C@H](O)CC3)c2n1,0.83000314
CCCCNc1ncc(-c2ccc(CN3CCOCC3)cn2)c(N[C@H]2CC[C@H](O)CC2)n1,0.684676
O=C(NCC(=O)N1CCCCC1)Nc1ccc2nnsc2c1,0.003032668
NC(=O)c1nc(Nc2ccccc2)sc1NC(=O)C1CCCCC1,0.27398756
O=C(c1cncc(Br)c1)N1CCC(N2CCCC2)CC1,0.3416289
O=C(c1cccc(Br)c1)N1CCC(N2CCCC2)CC1,0.120577365
C=CCCCCCCCCC(=O)O,0.0013501002
CC[C@@H]1CN(C(=O)NCC(F)(F)F)C[C@@H]1c1cnc2cnc3[nH]ccc3n12,0.9943558
CCOC(=O)N1CCN(C(=O)[C@H](Cc2cccc(C(=N)NO)c2)NS(=O)(=O)c2c(C(C)C)cc(C(C)C)cc2C(C)C)CC1,0.09341377
O=C(COc1cccc2c(=O)[nH]ccc12)c1ccccc1,0.0007811282
CC(C)OC(=O)[C@H](C)N[P@](=O)(OC[C@H]1O[C@@H](n2ccc(=O)[nH]c2=O)[C@](C)(Cl)[C@@H]1O)Oc1ccccc1,0.002238038
Cn1ncc(Cl)c1-c1cc(C(=O)N[C@H](CN)Cc2ccc(F)c(F)c2)oc1Cl,0.00014931838
O=c1cc[nH]c(=O)[nH]1,0.007950565
O=c1[nH]cc(N(CCCl)CCCl)c(=O)[nH]1,0.043326143
COc1ccccc1N1CCN(CCCNc2cc(=O)n(C)c(=O)n2C)CC1,0.00092094345
NC(=O)c1cccc(-c2cccc(OC(=O)NC3CCCCC3)c2)c1,0.012522772
NC(N)=O,8.537418e-05
CCOC(N)=O,0.00047775684
O=c1[nH]c(=O)c2[nH]c(=O)[nH]c2[nH]1,0.045037247
O=c1ccn([C@@H]2O[C@H](CO)[C@@H](O)[C@H]2O)c(=O)[nH]1,0.0035764617
CC(=O)OC[C@H]1O[C@@H](n2ccc(=O)[nH]c2=O)[C@H](OC(C)=O)[C@@H]1OC(C)=O,0.0038905179
O=c1ccn([C@@H]2O[C@H](COP(=O)(O)OP(=O)(O)OP(=O)(O)O)[C@@H](O)[C@H]2O)c(=O)[nH]1,5.307548e-05
CN1CCN(Cc2ccc(-c3cnc4[nH]cc(-c5ccc6[nH]ccc6c5)c4c3)cc2)CC1,0.82909787
O=c1oc2cc(O)ccc2c2ccc(O)cc12,0.0005609492
C[C@H](CCC(=O)NCCS(=O)(=O)O)[C@H]1CC[C@H]2[C@@H]3[C@@H](O)C[C@@H]4C[C@H](O)CC[C@]4(C)[C@H]3CC[C@]12C,0.0023468973
C[C@H](CCC(=O)O)[C@H]1CC[C@H]2[C@@H]3[C@@H](O)C[C@@H]4C[C@H](O)CC[C@]4(C)[C@H]3CC[C@]12C,0.04982941
C[C@H]1[C@H](C)CC[C@]2(C(=O)O)CC[C@]3(C)C(=CC[C@@H]4[C@@]5(C)CC[C@H](O)C(C)(C)[C@@H]5CC[C@]43C)[C@H]12,8.992393e-06
CC(=O)c1c(O)c(C)c(O)c2c1OC1=CC(=O)C(=C(C)O)C(=O)[C@]12C,0.07167103
COc1cc(CN2CCN(c3ccc(F)cc3)CC2)cc(OC)c1OC,0.0002330023
O=C(O)C[C@@H]1CC[C@H](NC(=O)Cc2cccs2)B(O)O1,0.021840824
O=C(O)CNC(=O)c1ncc(-c2cccc(Cl)c2)cc1O,0.04007549
CC(C)[C@H](N)C(=O)N[C@@H](Cc1ccc(O)cc1)C(=O)O,0.0036255473
CC(C)[C@H](N)C(=O)OCCOCn1cnc2c(=O)nc(N)[nH]c21,0.0019889476
COc1cc2c(cc1OC)[C@H]1C[C@@H](OC(=O)[C@@H](N)C(C)C)[C@H](CC(C)C)CN1CC2,0.00029923723
Cc1onc(-c2ccccc2)c1-c1ccc(S(N)(=O)=O)cc1,0.0008076248
CC[C@@H](C)[C@@H](C(=O)OCC[N+](C)(CC)CC)c1ccccc1,3.5647034e-05
CC(C)[C@H](N)C(=O)OC[C@@H](CO)OCn1cnc2c(=O)nc(N)[nH]c21,6.581071e-05
C=C[C@]1(C)C[C@@H](OC(=O)CSC(C)(C)CNC(=O)[C@H](N)C(C)C)[C@]2(C)[C@H](C)CC[C@]3(CCC(=O)[C@H]32)[C@@H](C)[C@@H]1O,0.9487418
CC[C@@H](C)[C@@H](CC)C(N)=O,0.0008372543
CCCC(CCC)C(=O)O,0.008054855
CCCC(CCC)C(N)=O,0.000189291
CCCC(CCC)C(=O)NCC(N)=O,5.0816656e-05
CCCCC(=O)OCC(=O)[C@]1(O)Cc2c(O)c3c(c(O)c2[C@@H](O[C@H]2C[C@H](NC(=O)C(F)(F)F)[C@H](O)[C@H](C)O2)C1)C(=O)c1c(OC)cccc1C3=O,0.803696
C/C=C/C[C@@H](C)C(=O)[C@H]1C(=O)N[C@@H](C(C)C)C(=O)N(C)CC(=O)N(C)[C@@H](CC(C)C)C(=O)N[C@@H](C(C)C)C(=O)N(C)[C@@H](CC(C)C)C(=O)N[C@@H](C)C(=O)N[C@H](C)C(=O)N(C)[C@@H](CC(C)C)C(=O)N(C)[C@@H](CC(C)C)C(=O)N(C)[C@@H](C(C)C)C(=O)N1C,0.99995875
CN[C@H](CC(C)C)C(=O)N[C@H]1C(=O)N[C@@H](CC(N)=O)C(=O)N[C@H]2C(=O)N[C@H]3C(=O)N[C@H](C(=O)N[C@H](C(=O)O)c4cc(O)cc(O)c4-c4cc3ccc4O)[C@H](O)c3ccc(c(Cl)c3)Oc3cc2cc(c3O[C@@H]2O[C@H](CO)[C@@H](O)[C@H](O)[C@H]2O[C@H]2C[C@](C)(N)[C@H](O)[C@H](C)O2)Oc2ccc(cc2Cl)[C@H]1O,0.90484965
COc1cc2c(Nc3ccc(Br)cc3F)ncnc2cc1OCC1CCN(C)CC1,0.20476341
COc1cc(C=O)ccc1O,3.3452732e-05
COc1cc(CCC(C)=O)ccc1O,4.3520813e-05
CC[C@@H]1C[C@]1(NC(=O)[C@@H]1C[C@@H]2CN1C(=O)[C@H](C(C)(C)C)NC(=O)OCC(C)(C)CCCCc1cccc3c1CN(C3)C(=O)O2)C(=O)NS(=O)(=O)C1CC1,0.16913573
COc1cc(C(=S)N2CCOCC2)ccc1O,0.0011708797
Fc1ccc(C(OCCN2CCN(CCCc3ccccc3)CC2)c2ccc(F)cc2)cc1,0.0016778063
CCOc1noc2cc(OCCC3CCN(c4ccc(C)nn4)CC3)ccc12,0.6434327
CCCc1nc(C)c2c(=O)nc(-c3cc(S(=O)(=O)N4CCN(CC)CC4)ccc3OCC)[nH]n12,0.57566404
c1cnc2cc3c(cc2n1)[C@@H]1CNC[C@H]3C1,0.002750774
CCc1c(C(=O)C(N)=O)c2c(OCC(=O)O)cccc2n1Cc1ccccc1,0.003288614
N=C(N)NCCC[C@H](NC(=O)[C@@H]1CCCN1C(=O)[C@@H]1CSSC[C@H](N)C(=O)N[C@@H](Cc2ccc(O)cc2)C(=O)N[C@@H](Cc2ccccc2)C(=O)N[C@@H](CCC(N)=O)C(=O)N[C@@H](CC(N)=O)C(=O)N1)C(=O)NCC(N)=O,0.0468306
Clc1ccc(Nc2nnc(Cc3ccncc3)c3ccccc23)cc1,0.20588125
CS(=O)(=O)NCCN1C(=O)NC[C@]12CCN1CCc3c(oc4ccccc34)[C@@H]1C2,0.1558065
CC[C@H](NC(=O)[C@H](CS(=O)(=O)CC1CC1)N[C@@H](c1ccc(F)cc1)C(F)(F)F)C(=O)C(=O)NC1CC1,0.9927055
CO[C@H]1CC[C@H](N(c2cc(C3=CCCCC3)sc2C(=O)O)C(=O)[C@H]2CC[C@H](C)CC2)CC1,0.78827316
CS(=O)(=O)c1ccc(-c2cnc(N)c(C(=O)Nc3ccccc3)n2)cc1,9.026842e-05
CNCc1ccc(-c2cc(-c3nc(-c4ccc(S(=O)(=O)C(C)C)cc4)cnc3N)on2)cc1,2.2814895e-05
NC(=O)[C@H]1CCN(c2ncnc(N)c2F)C[C@@H]1N1CCC[C@@H](Nc2cc(Cl)cc(C(F)(F)F)c2)C1=O,0.99848014
CC(=O)O[C@H]1C[C@@H]2CC[C@@H]3[C@H](CC[C@@]4(C)[C@H]3C[C@H]([N+]3(C)CCCCC3)[C@@H]4OC(C)=O)[C@@]2(C)C[C@@H]1N1CCCCC1,0.0009573277
C[C@H](C(=O)O)c1ccc(C2CCCCC2)c2ccccc12,0.009991303
O=Cc1c(O)cccc1OCCCCC(=O)O,0.0013971872
CCC[C@@H](N(NC(=O)c1cccc(OC)c1CC)C(=O)c1cc(C)cc(C)c1)C(C)(C)C,0.18364733
O=C(O)[C@@H](c1ccc(OCc2ccc3ccccc3n2)cc1)C1CCCC1,0.4414712
C[C@]1(c2nc3cccc(C(N)=O)c3[nH]2)CCCN1,0.014234123
CC(C)(C)S(=O)(=O)N[C@H]1CC[C@H](C(=O)Nc2ccc(C(F)(F)F)cn2)CC1,0.39757985
COC[C@H]1C[C@@H](c2nc(-c3ccc4c(c3)COc3cc5c(ccc6[nH]c([C@@H]7CC[C@H](C)N7C(=O)[C@@H](NC(=O)OC)C(C)C)nc65)cc3-4)c[nH]2)N(C(=O)[C@H](NC(=O)OC)c2ccccc2)C1,0.95138955
CCCS(=O)(=O)Nc1ccc(F)c(C(=O)c2c[nH]c3ncc(-c4ccc(Cl)cc4)cc23)c1F,0.96719044
CC1(C)CCC(CN2CCN(c3ccc(C(=O)NS(=O)(=O)c4ccc(NCC5CCOCC5)c([N+](=O)[O-])c4)c(Oc4cnc5[nH]ccc5c4)c3)CC2)=C(c2ccc(Cl)cc2)C1,0.9475302
COc1ccc([C@@H](CN(C)C)C2(O)CCCCC2)cc1,9.111942e-05
N#Cc1ccc(COC[C@H]2O[C@@H](n3c(NCc4ccc(Cl)c(Cl)c4)nc4c(N)ncnc43)[C@H](O)[C@@H]2O)cc1,0.033293903
CCNC(=O)c1[nH]nc(-c2cc(Cl)c(O)cc2O)c1-c1ccc(OC)cc1,0.0643802
C=CCN1CCC[C@H]1CNC(=O)c1cc(S(N)(=O)=O)cc(OC)c1OC,0.27909172
COc1ccc(CCN(C)CCCC(C#N)(c2ccc(OC)c(OC)c2)C(C)C)cc1OC,0.031200685
C[C@@H]1O[C@@H](O[C@@H]2[C@@H](O)[C@H](OCCc3ccc(O)c(O)c3)O[C@H](CO)[C@H]2OC(=O)/C=C/c2ccc(O)c(O)c2)[C@H](O)[C@H](O)[C@H]1O,2.3322036e-06
CC(C)(C)c1ccc(S(=O)(=O)Nc2ccc(Cl)cc2C(=O)c2cc[n+]([O-])cc2)cc1,0.50733185
O=C(/C=C\n1cnc(-c2cc(C(F)(F)F)cc(C(F)(F)F)c2)n1)NNc1ccccn1,0.0009761066
CC(C)OCCn1c(=S)[nH]c(=O)c2[nH]ccc21,0.00013200699
COC(=O)Nc1c(N)nc(-c2nn(Cc3ccccc3F)c3ncc(F)cc23)nc1N,0.3001546
CC(C)(Sc1ccncc1-c1ccc(C#N)c2ccccc12)C(=O)O,0.16076818
COc1ccc(CCO[C@@H]2CCCC[C@H]2N2CC[C@@H](O)C2)cc1OC,0.00019258175
C=CC1=C(C)c2cc3[nH]c(cc4[nH]c(cc5nc(cc1n2)C(C)=C5CCC(=O)O)c(CCC(=O)OC)c4C)[C@@]1(C)C3=CC=C(C(=O)OC)[C@H]1C(=O)OC,0.058414094
CN1C(N)=N[C@](C)(c2cc(NC(=O)c3ccc(F)cn3)ccc2F)CS1(=O)=O,0.53931594
COc1ccc(N(C)c2nc(C)nc3ccccc23)cc1,0.06714156
CC[C@H](Nc1cc(C)nc2c(-c3ccc(OC)cc3C)c(C)nn12)c1nc(C)no1,0.07593054
O[C@@H]1CCCC[C@H]1N1CCC(c2ccccc2)CC1,0.00010015011
COc1ccc(C(=O)N2CCN(c3ccc4c(c3)CCC(=O)N4)CC2)cc1OC,0.0020021314
O=C(O)C[C@H]1CC(c2ccccc2)=NO1,0.0055708387
COC[C@@H](c1ccc(C(F)(F)F)cc1)N1CCN(C2(C)CCN(C(=O)c3c(C)ncnc3C)CC2)C[C@@H]1C,0.023505721
Nc1ncnc2c1ncn2[C@@H]1O[C@H](CO)[C@@H](O)[C@@H]1O,0.010914552
C=C[C@@H](N)CCC(=O)O,2.296887e-05
OCc1cc([C@@H](O)CNCCCCCCOCCOCc2c(Cl)cccc2Cl)ccc1O,0.017246801
N#Cc1ccc2[nH]cc(CCCCN3CCN(c4ccc5oc(C(N)=O)cc5c4)CC3)c2c1,0.20397468
N#C[C@@H]1CCCN1C(=O)CN[C@@]12C[C@@H]3C[C@@H](C[C@@](O)(C3)C1)C2,0.17044993
CCOc1ccccc1OC[C@H]1CNCCO1,0.0001009231
CC[C@]1(O)C[C@@H]2C[N@@](CCc3c([nH]c4ccccc34)[C@@](C(=O)OC)(c3cc4c(cc3OC)N(C)[C@H]3[C@@](O)(C(=O)OC)[C@H](OC(C)=O)[C@]5(CC)C=CCN6CC[C@]43[C@@H]65)C2)C1,1.1631422e-05
CC[C@]12CCCN3CCc4c(n(c5ccccc45)C(=O)C1)[C@@H]32,3.6868007e-06
CC[C@]12CCCN3CCc4c(n(c5ccccc45)[C@@](O)(C(=O)OC)C1)[C@@H]32,0.0008875588
CC[C@]1(O)C[C@@H]2C[N@@](CCc3c([nH]c4ccccc34)[C@@](C(=O)OC)(c3cc4c(cc3OC)N(C=O)[C@H]3[C@@](O)(C(=O)OC)[C@H](OC(C)=O)[C@]5(CC)C=CCN6CC[C@]43[C@@H]65)C2)C1,0.00038856937
CC[C@]1(O)C[C@H]2CN(CCc3c([nH]c4ccccc34)[C@@](C(=O)OC)(c3cc4c(cc3OC)N(C)[C@H]3[C@@](O)(C(N)=O)[C@H](O)[C@]5(CC)C=CCN6CC[C@]43[C@@H]65)C2)C1,0.06666948
CC[C@]12C=CCN3CC[C@@]4(c5cc([C@@]6(C(=O)OC)C[C@@H]7C[C@@H](C(C)(F)F)C[N@](CCc8c6[nH]c6ccccc86)C7)c(OC)cc5N(C)[C@H]4[C@@](O)(C(=O)OC)[C@@H]1OC(C)=O)[C@@H]32,1.1747124e-07
CCC1=C[C@@H]2C[N@](C1)Cc1c([nH]c3ccccc13)[C@@](C(=O)OC)(c1cc3c(cc1OC)N(C)[C@H]1[C@@](O)(C(=O)OC)[C@H](OC(C)=O)[C@]4(CC)C=CCN5CC[C@]31[C@@H]54)C2,9.645413e-09
CCOC(=O)C1=C[C@]2(CC)CCCN3CCc4c(n1c1ccccc41)[C@@H]32,9.833936e-05
NCCC[C@H](N)CC(=O)N[C@H]1CNC(=O)[C@H]([C@H]2C[C@H](O)N=C(N)N2)NC(=O)C(C=NC(N)=O)NC(=O)[C@H](CO)NC(=O)[C@H](CO)NC1=O,0.012138814
Cc1cc(Cn2nnc3c(-c4ccco4)nc(N)nc32)ccc1N,0.049854957
CS(=O)(=O)c1ccc(C(=O)Nc2ccc(Cl)c(-c3ccccn3)c2)c(Cl)c1,0.34054857
CC1=C(C)C(=O)C(CCCCCCCCCC[P+](c2ccccc2)(c2ccccc2)c2ccccc2)=CC1=O,0.4172653
C/C1=C2/N=C(/C=C3\N=C(/C(C)=C4/[C@@H](CCC(N)=O)[C@](C)(CC(N)=O)[C@](C)([C@@H]5N=C1[C@](C)(CCC(=O)NC[C@@H](C)OP(=O)(O)O[C@H]1[C@@H](O)[C@@H](n6cnc7cc(C)c(C)cc76)O[C@@H]1CO)[C@H]5CC(N)=O)[N]4[Co+][C]#N)[C@@](C)(CC(N)=O)[C@@H]3CCC(N)=O)C(C)(C)[C@@H]2CCC(N)=O,0.99271566
Cc1c(C)c2c(c(C)c1O)CC[C@@](C)(CCC[C@H](C)CCC[C@H](C)CCCC(C)C)O2,0.0022904857
NC(=O)[C@@H]1CC[C@H](c2ccc(OCc3ccccc3F)cc2)N1,0.0043532625
C=CC(=O)N1CC/C(=C\c2ccc(F)c([N+](=O)[O-])c2)C(=O)/C(=C/c2ccc(F)c([N+](=O)[O-])c2)C1,0.0043783044
CC(=NNc1nnc2c(n1)[nH]c1c(C)cccc12)c1ccccn1,0.00071166427
Cc1ncsc1-c1ccc(CNC(=O)[C@@H]2C[C@@H](O)CN2C(=O)[C@H](C(C)C)N2Cc3ccccc3C2=O)cc1,0.122212
C=C/C=C/C[C@@H](C)[C@@H](O)[C@H]1C(=O)N[C@@H](CC)C(=O)N(C)CC(=O)N(C)[C@@H](CC(C)C)C(=O)N[C@@H](C(C)C)C(=O)N(C)[C@@H](CC(C)C)C(=O)N[C@@H](C)C(=O)N[C@H](C)C(=O)N(C)[C@@H](CC(C)C)C(=O)N(C)[C@@H](CC(C)C)C(=O)N(C)[C@@H](C(C)C)C(=O)N1C,0.999987
OCC(CO)N[C@H]1C[C@](O)(CO)[C@@H](O)[C@H](O)[C@H]1O,0.0052739386
CC[C@@H]1C(=O)N(C)c2cnc(Nc3ccc(C(=O)N[C@H]4CC[C@H](N5CCN(CC6CC6)CC5)CC4)cc3OC)nc2N1C(C)C,0.5368064
COc1cccc([C@H](O)C2CCN(CCc3ccc(F)cc3)CC2)c1OC,0.036328677
CNCc1cc(-c2ccccc2F)n(S(=O)(=O)c2cccnc2)c1,0.0033040752
CCOC(=O)N[C@@H]1CC[C@@H]2[C@@H](C1)C[C@H]1C(=O)O[C@H](C)[C@H]1[C@H]2/C=C/c1ccc(-c2cccc(F)c2)cn1,0.99991584
C[C@@H](Nc1nc(N[C@H](C)C(F)(F)F)nc(-c2cccc(Cl)n2)n1)C(F)(F)F,0.049451724
CN[C@H]1CN(c2ccc3c(=O)c(C(=O)O)cn(-c4nccs4)c3n2)C[C@@H]1OC,0.093526214
C[C@@H](c1ncncc1F)[C@](O)(Cn1cncn1)c1ccc(F)cc1F,0.005288638
O=C(CCCCCCC(=O)Nc1ccccc1)NO,7.452758e-05
Cc1ccc(Sc2ccccc2N2CCNCC2)c(C)c1,0.0017449022
CN1CC[C@@H](c2c(O)cc(O)c3c(=O)cc(-c4ccc(C(F)(F)F)cc4Cl)oc23)[C@@H]1CO,0.34471256
CC(C)n1nccc1-c1ncccc1COc1cccc(O)c1C=O,0.00019964878
CCn1c(=O)c(-c2cc[nH]n2)cc2c(C)nc(N)nc21,0.8553917
O=C(O)CCc1c[nH]c2ccccc12,0.017570429
CNC(=O)c1ccccc1Nc1cc(Nc2ccc(N3CCOCC3)cc2OC)ncc1C(F)(F)F,0.54418314
CC(C)[C@](O)(c1ccc2cc(OC(F)F)c(OC(F)F)cc2c1)c1cn[nH]n1,0.07974538
CN[C@H](CNC(=O)N1CCC[C@@H]([C@@H](OCCNC(=O)OC)c2cccc(Cl)c2)C1)C[C@H]1CCCOC1,0.00041317428
CN1CCN(c2nc3ccccc3nc2Cl)CC1,0.027993595
CN1CCN(c2cc(-c3ccccc3)nc(N)n2)CC1,2.9434537e-05
COc1cc(C(=O)N(CC[C@H]2CCCN2C)C/C(C)=C/c2ccccc2F)cc(OC)c1OC,0.0053927526
C[C@@H](CN1CCC(n2c(=O)[nH]c3cc(Cl)ccc32)CC1)NC(=O)c1ccc2ccccc2c1,0.018010892
COc1ccc(CN2C(=O)C(=O)c3cc(OC(F)(F)F)ccc32)cc1,0.056834005
Cc1csc(NC(=O)CSc2ccc(-c3ccccc3)nn2)n1,0.009753088
CCCCOc1ccc(C(=O)Nc2ccc(F)cc2F)cc1,0.008155732
O=C(NC1CCC1)c1ccc(C#Cc2cccc(F)c2)nc1,0.40470105
COc1cc(NC(=O)c2ccccn2)ccc1Cl,0.02913131
O=C(Nc1ccc(S(=O)(=O)Nc2ccccc2Cl)c(Cl)c1)c1ccccn1,0.070803575
O=C(NCCN1CCC2(CC1)C(=O)NCN2c1cccc(F)c1)c1ccc2ccccc2c1,0.04180188
O=C(Nc1cccc(Cl)c1)c1ccccn1,0.011364906
O=C(Nc1ccc(Oc2ccc(Cl)cn2)c(Cl)c1)c1ccccn1,0.72486967
Cc1cc(C)c2c(N)c(C(=O)NCc3ccc(Cl)cc3)sc2n1,0.015465456
COc1ccc(CNC(=O)c2sc3nc(C)cc(C)c3c2N)cc1,0.0017548215
O=C(Nc1cc(-c2ccccc2)nn1-c1ccccc1F)c1ccc([N+](=O)[O-])cc1,0.07156303
O=C(Nc1cc(-c2ccccc2)nn1-c1ccccc1)c1ccc([N+](=O)[O-])cc1,0.01938679
O=[N+]([O-])c1ccc2nc(COCc3nc4ccc([N+](=O)[O-])cc4[nH]3)[nH]c2c1,3.2562557e-08
Cc1cnc(Nc2ccc(F)cc2Cl)nc1-c1c[nH]c(C(=O)N[C@H](CO)c2cccc(Cl)c2)c1,0.13580139
CC(C)(C)C#Cc1cc(N(C(=O)[C@H]2CC[C@H](C)CC2)[C@H]2CC[C@@H](O)CC2)c(C(=O)O)s1,0.3273304
NC(=O)c1ccc(N(C(N)=O)c2c(F)cccc2F)nc1-c1ccc(F)cc1F,0.09617616
O=c1ncn2nc(Sc3ccc(F)cc3F)ccc2c1-c1c(Cl)cccc1Cl,0.11055918
CCO[C@@H]1OC(=O)C[C@@H]1NC(=O)[C@@H]1CCCN1C(=O)[C@@H](NC(=O)c1ccc(N)c(Cl)c1)C(C)(C)C,0.011564814
COc1ccc2c(c1)[C@H](C(=O)N(Cc1ccc(N(C)C)cc1)c1ccc(C(C)C)cc1)CCC2,0.046530962
Cn1nc(-c2ccc(C(F)(F)F)cc2)nc2c(=O)n(C)c(=O)nc1-2,0.0038751627
CC(=O)C[C@@H](c1ccccc1)c1c(O)c2ccccc2oc1=O,0.055041734
COc1ccccc1N1CCN(CCN(C(=O)C2CCCCC2)c2ccccn2)CC1,0.2692808
O=C1Nc2cc(Cl)c(Cl)cc2N2CCNC[C@H]12,0.06412245
Cc1cc(C)c(N(Cc2ccccc2)S(=O)(=O)c2ccc(OCCNC(=O)c3cc4ccccc4o3)cc2)c(C(=O)NO)c1,0.044840388
Oc1ccc(-c2nc3cc(O)cc(Br)c3o2)cc1,0.23979597
CC(C)(C)c1ccc(-c2nc3c(N4CCN(Cc5ccc6nccnc6c5)CC4)cccc3[nH]2)cc1,0.0058774566
CN(C)CCn1cc(S(=O)(=O)c2cccc(F)c2)c2cccnc21,0.0054175695
N[C@@H](CC(=O)Nc1ccc(Oc2cc(F)c(F)cc2Br)cc1)C(=O)O,0.1162414
Cn1c(C#N)ccc1-c1cc(F)c2c(c1)C(C)(C)C(=O)N2,0.118335545
O=S(=O)(NC1CCNCC1)c1cc(S(=O)(=O)c2ccccc2)ccc1C(F)(F)F,0.0011411367
CC(C)OC(=O)C1=CN(C(=O)c2ccc(F)c(F)c2)CC(C)(C)c2c1[nH]c1ccccc21,0.00044410746
c1cncc(CN2CCC(n3ncc4c(N5CCOCC5)nc(-c5ccc6[nH]ccc6c5)nc43)CC2)c1,0.015721496
c1cc2c3c(c1)c1c(n3CCNC2)CCCC1,0.0056006517
COc1cccc(OC)c1OCCNC[C@H]1COc2ccccc2O1,0.0053913877
COC(=O)c1ccc(N2CCN(C)CC2)c(NC(=O)c2cccc(OC)c2)c1,0.0068458724
Cc1ccc(-c2nn(C(C)(C)CNC(=O)c3ncccc3C)c3ncnc(N)c23)cc1,0.0016176993
COc1ccc(N(C(=O)Oc2c(C)cccc2C)c2ccnc(Nc3ccc(N4CCN(C)CC4)cc3)n2)c(OC)c1,0.092523135
COc1cc2ncnc(Nc3ccc(O)c(Br)c3)c2cc1OC,0.14393683
COc1ccc(-n2c(SCCCN3C(=O)c4cccc5cccc(c45)C3=O)nnc2-c2ccncc2)cc1,0.0019919057
O=C(NCCCCCCCCNC(=O)C(Cl)Cl)C(Cl)Cl,0.3248628
CCCC[P+](CCCC)(CCCC)Cc1ccc(NC(=O)[C@H](Cc2ccc3ccccc3c2)N/C(=N/C2CCCCC2)NC2CCCCC2)cc1,0.9833543
CN(C)C[C@@H](O)Cn1c2ccc(Br)cc2c2cc(Br)ccc21,0.1740213
Cc1cc(-c2ccc(CC(=O)Nc3ccc(-c4cccnc4)cc3)cc2)ccn1,0.0020765045
COC[C@H]1OC(=O)c2coc3c2[C@@]1(C)C1=C(C3=O)[C@@H]2CCC(=O)[C@@]2(C)C[C@H]1OC(C)=O,0.3348802
C[C@H](NC(=O)/C(C#N)=C/c1cccc(Br)n1)c1ccccc1,0.013006343
CCC[C@H](NC(=O)/C(C#N)=C/c1cccc(Br)n1)c1ccccc1,0.04425655
O=C(O)Cn1nnnc1-c1ccsc1,0.00018372921
CC1(C)N=C(N)N=C(N)N1OCCCOc1cc(Cl)c(Cl)cc1Cl,0.9160062
CCOC(=O)c1ccc(-c2ccc(OC(=O)N(C)Cc3cccc(-c4ccncc4)c3)cc2)cc1,0.6873623
CN(Cc1cccc(-c2ccccc2)c1)C(=O)Oc1ccc(-c2ccc(C(N)=O)cc2)cc1,0.6883688
CCOC(=O)C(=O)Nc1cccc(OC)c1C(N)=O,0.0040167184
CNC(=O)Nc1ccc(-c2nc(N3C[C@H]4CC[C@@H](C3)O4)c3cnn(C4CCC5(CC4)OCCO5)c3n2)cc1,0.00036058435
COC(=O)Nc1ccc(-c2nc(N3CCOCC3)c3cnn(C4CCN(C(=O)OC)CC4)c3n2)cc1,0.00014812844
COC(=O)Nc1ccc(-c2nc(N3CCOCC3)c3cnn(C4CCN(Cc5cccnc5)CC4)c3n2)cc1,0.011120723
C=CC(=O)Nc1cccc(Oc2nc(Nc3ccc(N4CCN(C)CC4)cc3)ncc2Cl)c1,0.014723411
C=CC(=O)Nc1cccc(Oc2nc(Nc3ccc(N4CCN(C)CC4)cc3OC)ncc2Cl)c1,0.0068649324
CCC(=O)Nc1cccc(Oc2nc(Nc3ccc(N4CCN(C)CC4)cc3OC)ncc2Cl)c1,0.0044427128
C=CC(=O)Nc1cccc(Sc2nc(Nc3ccc(N4CCN(C)CC4)cc3)ncc2Cl)c1,0.20190133
c1ccc(NCc2ccc(CNc3ccccn3)cc2)nc1,0.010461231
FC(F)(F)c1cccc(C2=CCN(CCc3ccc4ccccc4c3)CC2)c1,0.10809352
O=C(NCCNCC(O)COc1ccc(O)cc1)N1CCOCC1,8.265973e-06
CCCCCCOc1nsnc1C1=CCCN(C)C1,0.026352452
O=c1c2ccccc2oc2ccccc12,0.23364128
O=c1nc(-c2ccc(C(F)(F)F)cc2)[nH]c2c1CSCC2,0.20483969
CCN(Cc1ccccc1)C(=O)Cn1c(=O)n(C)c2cnc(-c3ccccc3)nc21,0.0018639278
CCc1c(C(=O)Nc2cc(S(=O)(=O)N(CC)CC)ccc2O)[nH]c(C)c1C(C)=O,0.00038489906
O=C1c2ccccc2C(Cc2ccncc2)(Cc2ccncc2)c2ccccc21,0.036776554
O=C(O)c1ccccc1-c1ccc(C(F)(F)F)cc1,0.12838756
Cc1cccc(OC[C@@H](O)CNC(C)(C)C)c1C,0.00044938998
Cc1cccc(C)c1NC(=O)/N=C1/CCCN1C,0.03381894
Cc1cccc(C)c1NC(=O)c1cc(S(N)(=O)=O)c(Cl)cc1O,0.37749514
O=C(Nc1ccc(-c2ccnc(Nc3ccc(N4CCOCC4)cc3)n2)cc1)[C@@H]1CCCN1,0.0019959128
CC(C)(O)c1cn(-c2ccc(-c3cc(F)c(CO)c(S(C)(=O)=O)c3)cc2F)c(C(C)(C)c2c(Cl)cccc2Cl)n1,0.048428465
Cc1ccc(S(=O)(=O)Nc2nc3ccccc3nc2Nc2ccc3nsnc3c2)cc1,0.0675091
CC(C)c1cc(CNc2nc(Nc3cc(C4CC4)n[nH]3)cc(N3CCN(C)CC3)n2)on1,0.01580709
Cc1c(C(=O)N2CCOc3ccc(-c4ccc(N)nc4)cc3C2)ccc(S(C)(=O)=O)c1F,0.7790691
COc1cc2c(Nc3ccc(Cl)c(Cl)c3F)ncnc2cc1OC[C@@H]1C[C@@H]2CN(C)C[C@@H]2C1,0.9993061
CC[C@@H](C)Nc1cc(C(=O)N[C@H]2C[C@H]3CC[C@@H](C2)N3c2ccc(C(=O)C3CC3)cn2)c(C)cc1C(N)=O,0.42192164
CCOc1cc(C(=O)N2CCC(N3CCN(C)CC3)CC2)ccc1Nc1ncc2c(n1)N(C1CCCC1)c1ccccc1C(=O)N2C,0.36858615
CCOc1cc(N2CCC(O)CC2)ccc1Nc1ncc2c(n1)N(C)c1ccccc1C(=O)N2C,0.44751224
Cc1cccc(C)c1NC1=NCCCS1,0.03628894
Cc1cc(C(C)(C)C)cc(C)c1CC1=NCCN1,0.037369274
O=C[C@H](O)[C@@H](O)[C@H](O)CO,0.0016178063
OCC[N+]12CN3CN(CN(C3)C1)C2,2.3657502e-23
CC(C)N1CCN(c2ccc(C(=O)c3c(-c4ccc(O)cc4)sc4cc(O)ccc34)cc2)CC1,0.06050196
CC(=O)N(O)[C@@H]1c2cc(C#N)ccc2OC(C)(C)[C@H]1O,0.018157063
CC(=O)N(OCc1ccccc1)[C@@H]1c2cc(C#N)ccc2OC(C)(C)[C@H]1O,0.089119226
C[C@@H](N)[C@H]1CC[C@H](C(=O)Nc2ccncc2)CC1,0.43818745
CC(C)c1ccc(C(=O)c2cccs2)c(SCCCCCCCCN(C)C)n1,0.00022650909
Cc1c(C(=O)Nc2ccc(N3CCC(N4CCOCC4)CC3)c(C#N)c2)cnn1-c1ccc(Cl)cc1,0.83190876
C[C@@H](N)c1ccc(C(=O)Nc2ccnc3[nH]ccc23)cc1,0.01873114
OCc1ccc(-c2nn(Cc3ccccc3)c3ccccc23)o1,0.011790937
Cc1nc2ccc(Oc3ccc(F)cc3)cc2c(=O)n1C[C@H]1CCCN(C(C)C)C1,0.43282413
COc1ccc(C(=O)C[C@@]2(O)C(=O)Nc3c(Cl)ccc(Cl)c32)cc1,0.098926395
O=c1ccccn1CC1(O)CCN(Cc2ccccc2)CC1,0.00080154114
Cc1cccc(NC(=O)N[C@@H]2N=C(c3ccccc3)c3ccccc3N(CC(=O)c3ccccc3C)C2=O)c1,0.014941126
COCCn1c2c([n+](Cc3cnccn3)c1C)C(=O)c1ccccc1C2=O,0.06617284
Nc1ccc(C(=O)Nc2cccc(-c3nc(N4CCOCC4)c4oc5ncccc5c4n3)c2)cn1,0.44069842
Nc1cccc(CNC(=O)c2ccc(Oc3ccc(OCc4cccc(F)c4)cc3)nc2)c1,0.090031676
Cc1c(C(=O)N(C)C2CCCCC2)sc2nc3ccc(N)cc3n12,3.3486056e-05
Cc1c(C(=O)NC2CCCCC2)sc2nc3ccc(N)cc3n12,0.000119470686
N#Cc1ccc(N(Cc2ccc(Br)cc2)n2cnnc2)cc1,0.04715951
Cc1nnsc1C(=O)Nc1ccc(-n2nc(C(F)(F)F)cc2C(F)(F)F)cc1,0.94708914
Cc1cc(C)c(NC(=O)N(Cc2ccc3c(c2)Cc2ccccc2-3)C2CCCCCC2)c(C)c1,0.13285413
COc1cc2c(cc1OC)-c1cc3nc4ccccc4nc3n1C(C)(C)C2,0.014505802
CCc1ccc2c(-c3cccc(Cl)c3)nc(=O)n(CC)c2n1,0.0007301028
C[C@H](NC(=O)Cc1cc(F)cc(F)c1)C(=O)N[C@@H]1C(=O)N(C)c2ccccc2-c2ccccc21,0.0035585538
Clc1cccc(Cl)c1CSc1nnc(-c2cnccn2)s1,0.09750015
COC(=O)[C@@H]1[C@H]2C[C@H]3c4[nH]c5ccccc5c4CCN3C[C@@H]2CC[C@@H]1O,5.562524e-06
COc1ccc(CCN(C)CCc2ccc(OC)c(OC)c2)cc1OC,0.00026421668
CCOC(=O)C1=C(C)NC(C)=C(C(=O)OCCN2CCCCC2)[C@@H]1c1cccc([N+](=O)[O-])c1,6.7824653e-06
CCOC(=O)c1cc2ccc(O)cc2oc1=O,0.0055546905
Cc1cccc(COc2cccc(/C=C3\C(=O)NN(c4ccccc4)C3=O)c2)c1,0.9333426
COc1cc(C(=O)NS(=O)(=O)c2ccccc2C)ccc1Cc1cn(C)c2ccc(NC(=O)OC3CCCC3)cc12,0.06439123
Nc1ccn([C@H]2CC[C@@H](CO)O2)c(=O)n1,0.00037464363
C[C@@]1(CN2CCC(n3c(=O)[nH]c4ccccc43)CC2)OCc2ccccc2-n2cccc21,0.000310873
Cc1nc(-c2csc(NC(=N)N)n2)c[nH]1,0.029453188
C[C@@H](C(=O)O)c1ccc2c(c1)CC(=O)c1ccccc1S2,0.007669753
CCC(=O)NO,4.704871e-05
c1ccc(C(O[C@@H]2CCCN(CCc3ccc4c(c3)OCO4)C2)c2ccccc2)cc1,1.225163e-06
CC(=O)N[C@H]1[C@H]([C@H](O)[C@H](O)CO)OC(C(=O)O)=C[C@@H]1NC(=N)N,0.074823484
C=CC(=O)N1CCC([C@@H]2CCNc3c(C(N)=O)c(-c4ccc(Oc5ccccc5)cc4)nn32)CC1,0.6764489
N=C(N)S/C=C\C(=O)O,0.0018551456
CCCOc1ccccc1-c1nc(=O)c2n[nH]nc2[nH]1,0.1392628
COc1cc(-c2ccc(=O)[nH]n2)ccc1OC(F)F,0.009109418
COc1ccc(CCN(C)CCCN2CCc3cc(OC)c(OC)cc3CC2=O)cc1OC,6.337818e-05
Cc1cc(C)nc(NS(=O)(=O)c2ccc(NC(=S)NC(=O)COc3ccc(Br)cc3Cl)cc2)n1,0.26496196
N#Cc1cccc([C@@H]2C=C(C(F)(F)F)NC3=C2C(=O)CCC3)c1,0.010418422
O=C(O)Cc1ccc(OCCNC[C@H](O)c2ccccc2)cc1,0.003273034
COCCNC(=O)COc1ccc(OCCNC[C@H](O)COc2ccccc2)cc1,0.00055692694
CCc1cc2c(c(CC)n1)CCC(=O)N2Cc1ccc(-c2ccccc2-c2nn[nH]n2)cc1,0.00021153934
CCN(c1ccccc1)c1cc(=NC)n(C)c(C)n1,0.049521893
C/C(=C\CNc1ncnc2nc[nH]c12)CO,0.0018924122
O=c1ncccn1[C@@H]1O[C@H](CO)[C@@H](O)[C@H]1O,3.6431746e-05
COc1nc(C)cnc1NS(=O)(=O)c1cccnc1-c1ccc(-c2nnco2)cc1,9.829201e-05
Cc1cn([C@H]2C[C@H](N=[N+]=[N-])[C@@H](CO)O2)c(=O)[nH]c1=O,0.4604635
C[C@H](c1cc2ccccc2s1)N(O)C(N)=O,0.015671114
CC(C)N[C@H]1CCn2c(=O)[nH]c3cccc(c32)[C@@H]1O,0.00462326
CN(C)C/C=C(/c1ccc(Br)cc1)c1cccnc1,0.023479318
C=CCCCCCCCCC(=O)[O][Zn][O]C(=O)CCCCCCCCC=C,0.0030882899
Cc1cc(N2CCCCC2)nn2cnnc12,4.6490444e-05
O=C1Cc2cc(CCN3CCN(c4nsc5ccccc45)CC3)c(Cl)cc2N1,0.60200804
CCc1nc2c(C)cc(N3CCN(CC(=O)N4CC(O)C4)CC3)cn2c1N(C)c1nc(-c2ccc(F)cc2)c(C#N)s1,0.985052
CCCCCS(=O)(=O)CCCCCCCCCCn1c(-c2ccc(O)cc2)c(C)c2cc(O)ccc21,0.0064493613
O=c1[nH]c2cc(C(F)(F)F)c(N3CCOCC3)cc2n(CP(=O)(O)O)c1=O,4.9826567e-06
C[C@@H]1CN(Cc2ccc(F)cc2)CCN1C(=O)COc1ccc(Cl)cc1NC(N)=O,0.0030144365
CCOC(=O)c1ncc2[nH]c3ccc(OCc4ccccc4)cc3c2c1COC,0.005872588
CCOC(=O)c1ncc2[nH]c3cccc(OC(C)C)c3c2c1C,0.114884175
CC(C)(C)c1ccc(-c2nc3ccccc3[nH]2)cc1,0.018911092
Cc1ccc(OCCSc2ncccn2)c(Br)c1,2.0291052e-05
C[C@@](O)(C(=O)Nc1ccc(S(=O)(=O)c2ccccc2)cc1)C(F)(F)F,0.000120114484
Nc1nc(NCCc2ccc(O)cc2)nc2nc(-c3ccco3)nn12,0.27994534
COc1cc2ncnc(Nc3ccc(Cl)cc3F)c2cc1OC,0.060512412
Cc1cc(F)c(Nc2ncnc3cc(OCc4ccccc4)ccc23)cc1O,0.015158857
Cc1ccc(NC(=O)c2cccc(N(C)C)c2)cc1NC(=O)c1ccc(O)cc1,0.0004248623
CC(C)N(CCC(=O)c1ccc2ccccc2c1)Cc1ccccc1,5.674664e-06
COc1cc2c(Nc3ccc(NC(=O)c4ccccc4)cc3)ncnc2cc1OCCCN1CCOCC1,0.026066035
C[C@H](CSC(=O)c1ccccc1)C(=O)N1C[C@@H](Sc2ccccc2)C[C@H]1C(=O)O,0.004404529
c1cc(CN2CCCCC2)cc(OCCCNc2nc3ccccc3s2)c1,0.00011340976
O=P(O)(O)C(O)(Cn1ccnc1)P(=O)(O)O,2.1821002e-07
C[C@@H]1CN2c3c(cc4c(N5C(=O)OC[C@@H]5C)noc4c3F)CC3(C(=O)NC(=O)NC3=O)[C@H]2[C@H](C)O1,0.9383115
CS(=O)(=O)c1ccc(-c2cn3ccccc3n2)cc1,0.015013762
CN(C)CCc1c[nH]c2ccc(C[C@H]3COC(=O)N3)cc12,2.0469492e-05
Cc1cc(CC(=O)O)n(C)c1C(=O)c1ccc(Cl)cc1,0.039303556
Cc1nn(C)c2c1C(c1cccc(Cl)c1)=NCCN2,0.017582664
NC(N)=NC(=O)c1cnn(-c2cccc3ncccc23)c1C1CC1,0.124906905
NS(=O)(=O)Cc1noc2ccccc12,0.05387278
O=C(O)Cc1nn(Cc2nc3cc(C(F)(F)F)ccc3s2)c(=O)c2ccccc12,0.08386452
O[C@@H](COc1cccc2ncccc12)CN1CCN([C@@H]2c3ccccc3[C@@H]3[C@H](c4ccccc42)C3(F)F)CC1,0.10795358
CO[C@H]1C[C@@H]2CC[C@@H](C)[C@@](O)(O2)C(=O)C(=O)N2CCCC[C@H]2C(=O)O[C@H]([C@H](C)C[C@@H]2CC[C@H](n3cnnn3)[C@H](OC)C2)CC(=O)[C@H](C)/C=C(\C)[C@@H](O)[C@@H](OC)C(=O)[C@H](C)C[C@H](C)/C=C/C=C/C=C/1C,0.9886369
CN(C)CCOC1=Cc2ccccc2Sc2ccc(Cl)cc21,0.04433976
Nc1nc2cc(Cl)ccc2o1,9.684491e-05
O=C1N=C2C=CC=CN2C12Cc1ccccc1C2,0.0006206444
FC(F)c1nc2ccccc2n1-c1nc(N2CCOCC2)nc(N2CCOCC2)n1,0.012944432
OCCN1CCN(CC/C=C2/c3ccccc3Sc3ccc(Cl)cc32)CC1,0.093773775
C[C@@]1(O)CC[C@H]2[C@H](CC[C@@H]3[C@@H]2CC[C@]2(C)[C@@H](C(=O)Cn4cc(C#N)cn4)CC[C@@H]32)C1,0.28607184
O=C(CC(c1ccccc1)c1ccccc1)N1CCN(C(c2ccccc2)c2ccccc2)CC1,0.017360698
CCNCCCNCCCCNCCCNCC,0.0026109805
BrC1C(Br)C(Br)C(Br)C(Br)C1Br,0.9954424
CCCn1c(=O)c2[nH]c(-c3ccccc3)nc2n(CCC)c1=O,0.00023443562
OCCCCO,2.2507843e-06
O=C(/C=C/c1ccc(O)c(O)c1)O[C@@H]1C[C@](OC(=O)/C=C/c2ccc(O)c(O)c2)(C(=O)O)C[C@@H](O)[C@H]1O,1.818724e-05
Cl/C=C\C[N+]12CN3CN(CN(C3)C1)C2,2.7958417e-23
c1ccc(C[C@H](c2ccccc2)N2CCCCC2)cc1,0.0020971568
Cc1ccc(Cl)c(OC[C@H](O)CNC(C)C)c1,0.011678999
CC(=O)N1CCN(C)CC1,0.00022287828
O=C1Cc2c([nH]c3ccc(Br)cc23)-c2ncccc2N1,0.0013412284
OC[C@H]1NC[C@@H](O)[C@@H](O)[C@@H]1O,0.0022619339
CCn1c(=O)[nH]c2ccccc21,0.00078624627
CCN1CCCC1=O,3.5681423e-05
CCCCCCCCCCCCCCCC=O,0.012179707
CCCCCCCCCCCCCCCCO,0.012663232
CC(C)(C)n1nc(-c2cccc3ccccc23)c2c(N)ncnc21,0.25228497
CCCCCCCCCCCCCCCCCCCCCCCCCCCCO,0.013808969
CCCCCCCCO,0.00037409845
N=C(N=C(N)N)Nc1ccccc1,0.0035095285
CCCCCCCCCCC[C@@H](N=O)c1cc(C)ccc1O,0.068486445
C[C@@H](N)[C@@H](O)c1ccccc1,0.0024404537
CC(=O)O[C@@]12CO[C@@H]1C[C@H](O)[C@@]1(C)C(=O)[C@H](O)C3=C(C)[C@@H](O)C[C@@](O)([C@@H](OC(=O)c4ccccc4)[C@H]21)C3(C)C,5.013798e-08
CCN(CC)CCCCN1c2ccccc2Oc2ccc(Cl)cc21,0.0012759324
CC[C@@]1(O)C(=O)OCc2c1cc1n(c2=O)Cc2cc3cc(O)ccc3nc2-1,0.011179933
CCc1ccc(/C=C2/SC(=S)NC2=O)cc1,0.05762894
CCCCCCCCCCCCCC(=O)O[C@@H]1[C@@H](C)[C@@]2(O)[C@@H](C=C(CO)C[C@]3(O)C(=O)C(C)=C[C@@H]23)[C@@H]2C(C)(C)[C@]12OC(C)=O,0.000103851744
CC(=N)NCc1cccc(CN)c1,0.002145103
CCCCC(C)(C)[C@H](O)/C=C/[C@H]1[C@H](O)CC(=O)[C@@H]1C/C=C\CCCC(=O)O,0.003190068
CCCCCC(=O)O[C@]1(C(C)=O)CC[C@H]2[C@@H]3CCC4=CC(=O)CC[C@]4(C)[C@H]3CC[C@@]21C,0.0026333602
C[C@]12CC[C@@H](O)C[C@@H]1CC[C@@H]1[C@@H]2CC[C@]2(C)C(c3ccccc3)=CC[C@@H]12,0.002109507
C[C@@]1(O)[C@H](O)[C@@H](CO)O[C@H]1n1cnc2c(=O)nc(N)[nH]c21,0.01048117
C[C@@]1(O)[C@H](O)[C@@H](CO)O[C@H]1n1cnc2c(NC3CCCC3)nc(Cl)nc21,6.135776e-05
CC1(C)[C@@H]2CC[C@@]1(C)[C@H](O)[C@@H]2O,0.025018906
CC1(C)C2CC1[C@](C)(O)[C@H](O)C2,0.021916064
OCCNCCCOc1cccc(Cl)c1Cl,0.0011108959
O=[N+]([O-])c1ccc(Cl)c([N+](=O)[O-])c1,9.775109e-05
O=[N+]([O-])c1ccc(O)c([N+](=O)[O-])c1,2.341165e-05
OCc1ccc(CO)o1,0.00014814695
C[C@@H]1CCC[C@H](C)N1,7.77799e-05
O=C1NC(=CCl)Nc2sc3c(c21)CCCC3,0.0038193662
O=C(O)c1ccccc1NC(=O)C12CC3CC(CC(C3)C1)C2,0.0029528528
O=C(O)CC[C@@H](CCCS)C(=O)O,0.0004514397
c1ccc2sc(N3CCN(Cc4ccc5c(c4)OCO5)CC3)nc2c1,1.7451273e-05
Nc1ccccc1S(N)(=O)=O,0.032285295
NCCOB(c1ccccc1)c1ccccc1,0.0014940269
c1ccc2oc(C3=NCCN3)cc2c1,0.004149204
OC[C@H]1O[C@@H](n2cnc3c(NC4CCCC4)nc(Cl)nc32)[C@H](O)[C@@H]1O,0.0012150621
Nc1nc(Cl)nc2c1ncn2[C@@H]1O[C@H](CO)[C@@H](O)[C@H]1O,1.47524825e-05
Clc1cnccn1,0.069854066
CN1CCN(C2=Cc3ccccc3Oc3ccc(Cl)cc32)CC1,0.15876621
CN([NH2+][O-])C(=O)N[C@@H](C=O)[C@@H](O)[C@@H](O)[C@@H](O)CO,0.010294008
OC[C@H]1O[C@H](O)C[C@@H](O)[C@@H]1O,4.9680693e-05
CCOc1ccccc1C(=O)O,0.0033712666
CCC[C@@H](O)[C@@H](CC)CO,3.3204149e-06
OC[C@H]1O[C@@H](O)[C@@H](F)[C@@H](O)[C@@H]1O,0.00020617858
C[C@@H]1O[C@H](O)[C@@H](F)[C@H](O)[C@@H]1O,0.00021943304
O=C1C(=C(O)/C=C/c2ccc(O)cc2)C(=O)[C@@](O)([C@@H]2O[C@H](CO)[C@@H](O)[C@H](O)[C@H]2O)C(=O)[C@H]1[C@@H]1O[C@H](CO)[C@@H](O)[C@H](O)[C@H]1O,0.028706089
O=C(OCCO)c1ccccc1O,0.0009200567
CC(C)(O)C(=O)Nc1ccc([N+](=O)[O-])c(C(F)(F)F)c1,0.00036135572
NC[C@@](O)(CS(=O)(=O)O)c1ccc(Cl)cc1,0.1537036
NC1=N[C@H]2CS[C@@H](CCCCC(=O)O)[C@H]2N1,0.017992314
O=C(O)CNC(=O)c1ccccc1I,0.00039194574
COc1ccc2[nH]c(I)c(CCNC(C)=O)c2c1,0.002782225
COc1cc2c(cc1O)CC[C@@H]1[C@@H]2CC[C@]2(C)[C@@H](O)CC[C@@H]12,0.00025856195
Cc1[nH]c2ccc(O)cc2c1CCN,0.0057679717
Cc1ccc([N+](=O)[O-])cc1O,0.00059266196
Cc1ncc[nH]1,2.1445358e-05
CCCCCCCCCC[C@@H](CO)CCCCCCCC,0.04390355
CCCCCCCC/C=C\CCCCCCCC(=O)OC(CO)CO,0.0020202969
O=C(O)CCC(=O)C(=O)O,0.00011143812
C=C(O)C(=O)O,4.369006e-05
COc1ccc2[nH]c(-c3ccccc3)c(CCNC(C)=O)c2c1,0.011529378
O=C1Nc2ccccc2C2=N[C@@H](CN3CCN(c4ccccc4)CC3)CN12,0.00035108766
NCCc1ccccn1,0.0020344558
N#C/C(=C\c1ccc(O)c(O)c1)C(=O)OCCc1cccs1,6.481384e-05
O=c1cc[nH]c(=S)[nH]1,0.003257716
O=C(O)CCC/C=C\C/C=C\C/C=C\C/C=C\CCCCCO,0.0010492163
CC(C)(O)CC[C@@H](O)[C@](C)(O)[C@@H]1CC[C@@]2(O)C3=CC(=O)[C@@H]4C[C@@H](O)[C@@H](O)C[C@]4(C)[C@@H]3CC[C@]12C,0.11701008
O=C(CCCN1CCC2(CC1)C(=O)N(Cc1cccc(F)c1)CN2c1ccccc1)c1ccc(F)cc1,0.09739576
Clc1cccc(/C=N/N=C/c2cccc(Cl)c2)c1,0.003300996
c1ccc2c(Cc3c[nH]c4ccccc34)c[nH]c2c1,0.0056587276
N[C@@H](C(=O)O)c1ccc(C(=O)O)c(C(=O)O)c1,0.002794479
N[C@H](C(=O)O)c1ccc(C(=O)O)c(C(=O)O)c1,0.005008195
O=[N+]([O-])/C=C/c1ccc2c(c1)OCO2,0.0033850921
N[C@H](C(=O)O)c1cc(O)cc(O)c1,0.047968682
Cc1ccc(/C=C2\C(=O)[C@]3(C)CC[C@H]2C3(C)C)cc1,0.15324521
CN1[C@@H]2CC[C@H]1C[C@@H](OC(c1ccc(F)cc1)c1ccc(F)cc1)C2,1.9202942e-05
C[C@]12CC[C@@H](O)C[C@H]1CC[C@@H]1[C@@H]2CC[C@]2(C)C(=O)CC[C@@H]12,0.0032028107
NC(=O)c1cccc(N)c1,0.00010879871
OCCCNc1ccccc1,1.2280465e-05
C=CCN1CCN(c2nc3ccccc3nc2C#N)CC1,3.7166003e-05
O=[N+]([O-])c1cccc2c(Br)[nH]nc12,0.21440916
CC1(C)[C@H]2CC[C@@]1(C)C(=O)[C@H]2Br,0.0071861707
O=C(O)C(O)=CBr,0.00028014873
N[C@@H](C(=O)O)c1ccc(O)c(C(=O)O)c1,0.012309816
N[C@H](C(=O)O)c1ccc(O)c(C(=O)O)c1,0.029149758
Nc1nccc2c1ncn2[C@@H]1O[C@H](CO)[C@@H](O)[C@@H]1O,0.0014189618
Nc1nccc2c1ncn2[C@@H]1C=C(CO)[C@@H](O)[C@H]1O,0.00043667728
O=c1cc(O)ccn1[C@H]1O[C@H](CO)[C@@H](O)[C@@H]1O,0.00057859754
CC[C@@](O)(CC(N)=O)c1ccccc1,0.0019153357
O=C(O)CCCc1c[nH]c2ccccc12,0.0046552513
Cc1cc(C(=O)O)sc1[C@@H](N)C(=O)O,0.012322007
C[C@@H](CN)CC(=O)O,0.0038077324
Cn1cnc(=N)c2[nH]cnc21,0.003378765
COc1ccccc1N1CCN(CCn2c(=O)[nH]c3c([nH]c4ccccc43)c2=O)CC1,0.04917207
O=C(/C=C/c1cccnc1)c1ccncc1,1.6876935e-05
Clc1ccc(C(c2ccc(Cl)cc2)C(Cl)(Cl)Cl)cc1,0.0006700104
C1CCC2(CC1)CCNCC2,0.015082471
Brc1c(Br)c(Br)c2n[nH]nc2c1Br,0.9989974
NCc1ccc(C(=O)O)cc1,0.045392223
O=C(c1ccc(F)cc1)C1CCN(CCCCc2ccccc2)CC1,0.0013813351
CC(=O)N1CC[N+](C)(C)CC1,0.00023059046
Nc1ccc(C(=O)NCC(=O)O)cc1,0.000101242156
N[C@@H](C(=O)O)c1ccc(C(=O)O)c(O)c1,0.0418049
N[C@H](C(=O)O)c1ccc(C(=O)O)c(O)c1,0.072218254
N=C(N)Nc1ccc(Cl)cc1,0.00044179798
CC(C)[C@@H](C(=O)Nc1nccs1)c1ccc(Cl)cc1,0.3736522
C[N+]1(C)CCC(OC(=O)C(c2ccccc2)c2ccccc2)CC1,0.0051069944
OC[C@H]1O[C@@H](O[C@@H]2[C@H](O)[C@@H](O)[C@H](O[C@H]3[C@H](O)[C@@H](O)[C@H](O)O[C@@H]3CO)O[C@@H]2CO)[C@H](O)[C@@H](O)[C@H]1O,0.011241926
O=c1nc[nH]c2ccccc12,3.3527722e-05
Cc1c(O)c(=O)n(-c2ccccc2)n1C,3.675675e-07
O=C(NC1CCN(Cc2ccccc2)CC1)c1ccc(I)cc1,0.00410418
N[C@H](Cc1ccc(I)cc1)C(=O)O,0.10839206
Ic1cc(-c2ccccc2)ncn1,1.4847689e-06
COc1ccc(-c2coc3cc(O)cc(O)c3c2=O)cc1,0.022382768
Cc1nc[nH]c1CCN,0.00016261077
Cc1cc(=O)oc2c(C=O)c(O)ccc12,0.0010007155
CCC(=O)N[C@@H]1Cc2ccccc2[C@H](c2ccccc2)C1,0.003730281
O=S(=O)(O)c1ccc(O)cc1,5.0853105e-05
c1ccc([C@@H]2CNCc3ccccc32)cc1,0.00011046962
c1ccc(CCCCN2CCC(c3ccccc3)CC2)cc1,0.0005856767
CCCc1ccc(C(=O)O)cc1,0.09038814
N#Cc1ccncn1,4.6111815e-08
CC(C)(C)c1ccc(O)cc1,0.0024691196
NS(=O)(=O)c1ccc2c(c1)[C@H]1C=CC[C@@H]1[C@@H](c1ccc(Br)cc1)N2,0.08863432
O=C(O)C(Cc1ccccc1[N+](=O)[O-])=NNc1nc(-c2ccc(Cl)c(Cl)c2)cs1,0.023013955
O=C(O)c1ccc(N2C(=O)/C(=C/c3ccc(-c4ccc([N+](=O)[O-])cc4)o3)C=C2c2ccccc2)cc1,0.8228583
Cn1cc(-c2ccc(S(=O)(=O)n3ccc(/C=C/C(=O)Nc4ccccc4N)c3)cc2)cn1,0.0068913805
O[C@@H]1[C@H](O)[C@@H](CCl)O[C@H]1n1cnc2c(N[C@H]3C[C@@H]4CC[C@H]3C4)ncnc21,0.78899
O=C(O)c1cc(=O)c2c(Cl)cc(Cl)cc2[nH]1,0.2450039
CCn1c(-c2ccc(Cl)cc2)n[nH]c1=O,0.00046173614
Nc1nc(=O)c2sc(=O)n([C@@H]3O[C@H](CO)[C@@H](O)[C@H]3O)c2[nH]1,0.019010387
NCC(=O)CCC(=O)O,0.00011732006
O=C1CN=C(c2cccc(Br)c2)c2oc3ccccc3c2N1,0.11009762
NCCc1c[nH]c2ccc(C(N)=O)cc12,0.0021781144
OCc1cncc(F)c1,0.07978775
Fc1cncnc1,0.016844884
O=c1[nH]cc(F)c(=O)[nH]1,0.4387596
O=c1ncc(F)c[nH]1,0.10277381
O=Cc1ccc(CO)o1,0.00013562808
CCCCC[C@@H](O)CCCC(=O)O,0.00055628637
CC1=NC[C@H](O)[C@@H](C(=O)O)N1,0.0027828428
CC(C)N(CC[C@H](c1ccccc1)c1cc(CO)ccc1O)C(C)C,3.182482e-05
N[C@@H](Cc1c[nH]c2ccc(O)cc12)C(=O)O,0.059895094
Ic1cncc(OC[C@@H]2CCN2)c1,0.035127107
Cc1ccc(C[N+](C)(C)C)o1,0.000100375175
C[C@H]1NC(=O)NC1=O,0.0004362354
C[C@@H]1NC(=O)NC1=O,0.0022710434
CCCCCCCC(=O)c1ccc(O)c(C(=O)O)c1,0.04874396
CC(=O)O[C@]1(C(C)=O)CC[C@H]2[C@@H]3C=CC4=CC(=O)CC[C@]4(C)[C@H]3CC[C@@]21C,0.0044406597
Nc1cc2c3ccccc3ccc2c2ccccc12,0.15809745
CC1(C)S[C@@H]2[C@H](N)C(=O)N2[C@H]1C(=O)O,0.118679434
c1ccc(CNc2ncnc3nc[nH]c23)cc1,0.0137211
COc1cc2c(CCNC(C)=O)c[nH]c2cc1Cl,0.05272321
N#[N+]CC(=O)CC[C@H](N)C(=O)O,0.04958918
CCCCCCCCC(=O)NCc1cc(OC)c(O)cc1I,0.0052888417
O=C1c2ccccc2NC2=CCCCCN12,5.620377e-05
CC(=O)OCC1=C(C(=O)O)N2C(=O)[C@@H](N)[C@H]2SC1,0.44318783
O=C(O)c1cc(=O)c2ccc(Cl)cc2[nH]1,0.20355563
CCCN(CCC)[C@H]1CCc2ccc(O)cc2C1,0.00030722975
CCCN(C/C=C/I)[C@H]1CCc2ccc(O)cc2C1,0.0029563857
CN[C@@H]1C[C@H]2O[C@@](C)([C@@H]1OC)n1c3ccccc3c3c4c(c5c6ccccc6n2c5c31)C(=O)N[C@H]4O,0.33892167
CC(=O)O[C@H]1CC[C@@]2(C)C(=CC(=O)[C@@H]3[C@@H]2CC[C@]2(C)C(=O)CC[C@@H]32)C1,0.0002008509
COc1ccc2nc3c(c(N)c2c1)CCCC3,0.13532178
Cn1cnc2[nH]c(=O)[nH]c(=O)c21,0.2113442
O=[N+]([O-])c1cccc2c[nH]nc12,0.0034494165
Nc1ncnc2c1nc(Br)n2[C@@H]1O[C@@H]2CO[P@@](=O)(O)O[C@H]2[C@H]1O,0.0010493296
Nc1nc(=O)c2nc(Br)n([C@@H]3O[C@@H]4CO[P@@](=O)(O)O[C@H]4[C@H]3O)c2[nH]1,0.0079861665
CCCN(CCC)[C@H]1CCc2cccc(O)c2C1,0.0020745706
CCCN(C/C=C/I)[C@H]1CCc2cccc(O)c2C1,0.27187732
CCC(=O)N[C@H]1CCc2cccc(OC)c2C1,0.002509344
Cc1oc(=O)oc1CCl,1.0453157e-06
Nc1c2ccccc2nc2ccccc12,0.38602942
CC[C@@]1(O)C(=O)OCc2c1cc1n(c2=O)Cc2cc3c(N)cccc3nc2-1,0.013377282
O=C(O)c1c2ccccc2cc2ccccc12,0.028553786
