smiles,label
CN1CCc2cccc3c2[C@H]1Cc1ccc(O)c(O)c1-3,0.0007186294
COc1ccc([C@@H]2CNC(=O)C2)cc1OC1CCCC1,5.810752e-06
NC[C@H](CC(=O)O)c1ccc(Cl)cc1,0.001069917
COc1ccc([C@H]2CNC(=O)C2)cc1OC1CCCC1,1.159839e-05
CC(C)C[C@H](NC(=O)CN(C)C(=O)[C@H](Cc1ccccc1)NC(=O)[C@H](Cc1ccccc1)NC(=O)[C@H](CCC(N)=O)NC(=O)[C@H](CCC(N)=O)NC(=O)[C@@H]1CCCN1C(=O)[C@H](CCCCN)NC(=O)[C@@H]1CCCN1C(=O)[C@@H](N)CCCNC(=N)N)C(=O)N[C@@H](CCS(C)(=O)=O)C(N)=O,0.40076807
COc1ccc2c(NC(=O)Nc3cccc(C(F)(F)F)n3)ccnc2c1,0.27440464
O=C(O)c1ccccc1NC(=O)N1CCC(c2ccccc2C(F)(F)F)CC1,0.95566034
O=C(O)c1cc(C(=O)O)c(C(=O)N(Cc2cccc(Oc3ccccc3)c2)[C@H]2CCCc3ccccc32)cc1C(=O)O,0.01645086
CC(=O)N[C@@H]1N=C(c2ccccc2)c2ccccc2NC1=O,0.00013589878
COc1cc2c(cc1OCCCN1CCCC1)N=C(N)C21CCC1,0.047468685
Cc1ccc(N2CCN(Cc3nc4ccccc4[nH]3)CC2)cc1C,3.3036253e-05
Cc1cccc(NC(=O)CN2CCC(c3ccccn3)CC2)c1,4.0722025e-05
Clc1cccc(-c2nnnn2Cc2cccnc2)c1Cl,0.00021991793
CNC(=O)Nc1ccc2c(c1)CC[C@@]21OC(=O)N(CC(=O)N(Cc2ccc(F)cc2)[C@@H](C)C(F)(F)F)C1=O,0.830979
CN1C[C@@H]2CN(c3ccc(-c4ccccc4)nn3)C[C@@H]2C1,0.04207514
CS(=O)(=O)Nc1c(O)ccc2c1CCC[C@@H]2C1=NCCN1,3.070006e-05
Cc1[nH]nc2ccc(-c3cncc(OC[C@@H](N)Cc4ccccc4)c3)cc12,0.21867187
NCCCCCCCCCCNS(=O)(=O)c1cccc2c(Cl)cccc12,0.20281522
N#Cc1c(O)c2c(-c3ccc(-c4ccccc4O)cc3)csc2[nH]c1=O,0.005910763
O=C(Nc1ccc(S(=O)(=O)C(F)(F)F)cc1)C1=CCN(c2ncccc2C(F)(F)F)CC1,0.0013637851
COc1cc(NC(=O)c2ccc(-c3ccc(Cl)cc3)o2)cc(OC)c1,0.000629188
C[C@H](N/C(=N\c1cccc2ncccc12)NC#N)c1ccccc1,0.00051200355
Clc1cccc(-n2nnnc2NCc2ccccc2Oc2ccccn2)c1Cl,0.83980703
CCC(=O)c1cc(-c2ccc(Cl)cc2)n(-c2ccc(S(N)(=O)=O)cc2)c1C,0.0031226096
CCCCOc1ccc(-c2cncc(C(=O)NCc3cccnc3N3CCOCC3)c2)cc1Cl,0.34437758
O=C(Nc1ccccc1)Nc1ccc(-c2ccc(C(=O)[C@@H]3CCC[C@H]3C(=O)O)cc2)cc1,0.1483393
CNC(=O)c1cccc(NC(=O)N2CCC(Oc3ccccc3Cl)CC2)c1,0.1804154
CCC(=N\O)/C(C)=C/c1ccc(F)cc1,0.00016189893
Nc1nc2c(c(N3CCNCC3)n1)CCC1=C2[C@@H]2CCCC[C@@H]2O1,0.067730576
CCOC(=O)Nc1ccc(NCc2c(C)cc(C)cc2C)cc1N,8.228366e-08
C[n+]1ccn(C[C@@]2(C)[C@H](C(=O)O)N3C(=O)C[C@H]3S2(=O)=O)n1,0.032140717
CC[C@@H](C)NS(=O)(=O)c1ccc(F)c(C(=O)Nc2ccc(F)c(F)c2)c1,0.8881533
Nc1nc(NC2CC2)c2ncn([C@H]3C=C[C@@H](CO)C3)c2n1,0.56979614
Cc1ccc(Oc2ccccc2-c2csc(NC3=NCCCN3)n2)c(C)c1,0.016687457
CO[C@H]1C[C@H](O[C@H]2[C@H](C)O[C@@H](O[C@@H]3/C(C)=C/C[C@@H]4C[C@@H](C[C@]5(C=C[C@H](C)[C@@H](C(C)C)O5)O4)OC(=O)[C@@H]4C=C(C)[C@@H](O)[C@H]5OC/C(=C\C=C\[C@@H]3C)[C@]54O)C[C@@H]2OC)O[C@@H](C)[C@@H]1O,0.98075587
Cc1ccc(-c2ccc(C)cn2)nc1,5.7850184e-07
CC(=O)N[C@H](Cc1ccc2ccccc2c1)C(=O)N[C@H](Cc1ccc(Cl)cc1)C(=O)N[C@H](Cc1cccnc1)C(=O)N[C@@H](CO)C(=O)N(C)[C@@H](Cc1ccc(O)cc1)C(=O)N[C@H](CC(N)=O)C(=O)N[C@@H](CC(C)C)C(=O)N[C@@H](CCCCNC(C)C)C(=O)N1CCC[C@H]1C(=O)N[C@H](C)C(N)=O,0.09624476
CCNC(=O)c1cc2c(-c3cc(C(C)(C)O)ccc3Oc3c(C)cc(F)cc3C)cn(C)c(O)c-2n1,0.035531975
O=C(NCc1ccncc1)[C@@]12C[C@H]3C[C@@H](C1)C[C@](c1ccc(Cl)cc1)(C3)C2,0.021893783
CCN1CCN(Cc2ccc(Nc3ncc(F)c(-c4cc(F)c5nc(C)n(C(C)C)c5c4)n3)nc2)CC1,0.006205678
C[C@]12CC[C@H](O)CC1=CC[C@@H]1[C@@H]2CC[C@]2(C)C(c3cccnc3)=CC[C@@H]12,0.0024544718
CC(=O)O[C@H]1CC[C@@]2(C)C(=CC[C@@H]3[C@@H]2CC[C@]2(C)C(c4cccnc4)=CC[C@@H]32)C1,0.0002498273
COc1c(/C=C/c2ccc(NS(C)(=O)=O)cc2)cc(-n2ccc(=O)[nH]c2=O)cc1C(C)(C)C,0.043436207
N[C@H]1CCN(c2cccnc2)C1,0.0039368635
C[C@@H]1CCCN1CCc1cc2cc(-c3ccc(C#N)cc3)ccc2o1,0.0051746243
C#Cc1cccc2c1c(C(=O)c1ccc(Cn3c(C)nc4cnccc43)c(F)c1)cn2C(=O)N(C)C,0.08988326
O=C(c1cc(S(=O)(=O)Nc2ccccc2F)c(F)cc1Cl)N1CCN2CCC[C@@H]2C1,0.1140127
Nc1ncnc2nc(-c3ccc(N4CCOCC4)nc3)cc(-c3cccc(Br)c3)c12,0.016841646
c1ccc(N2CCN(Cc3nc4ccccc4[nH]3)CC2)nc1,0.00010840457
CN(C)CC[C@H](CSc1ccccc1)Nc1ccc(S(=O)(=O)NC(=O)c2ccc(N3CCN(Cc4ccccc4-c4ccc(Cl)cc4)CC3)cc2)cc1[N+](=O)[O-],0.0052491347
COc1ccc(S(=O)(=O)Nc2cccnc2Nc2ccc(O)cc2)cc1,0.0151125705
O=C(OC(C(F)(F)F)C(F)(F)F)N1CCN(Cc2ccc(C(F)(F)F)cc2N2CCCC2)CC1,7.363943e-05
FC(F)(F)Oc1ccc(Nc2ccc3cccc(Cl)c3n2)cc1,0.014348397
Oc1ccc(C2(c3ccccc3F)CCC(F)(F)CC2)cc1,0.00079377147
CCCCOCCOc1nc(-c2ccc(C(=O)O)c(F)c2)sc1C,0.0001407036
C/C(=N\NC(=O)[C@@H]1C(=O)NC[C@H]1c1ccccc1)c1cccc(Br)c1,0.13038355
C/C(=N\NC(=O)[C@@H](NC(=O)c1ccccc1)c1n[nH]c(=O)c2ccccc12)c1cccc(Br)c1,0.11495694
CCCCCCCCc1ccc(-c2ccc(C(=O)O)cc2)cc1,0.43636012
CCN1C(C)(C)CC(Oc2ccc(C(=O)Nc3ccc(NC(=O)Nc4cc(C(C)(C)C)on4)cc3)nc2)CC1(C)C,0.0009526859
CN(C)CC[C@@]1(c2ccc(Cl)cc2)Cc2ccccc2C(=O)O1,0.22753026
NC(=O)c1ncn([C@@H]2O[C@H](CO)[C@@H](O)[C@H]2O)c1N,0.006677067
CC#CC(=O)N1CCC[C@H]1c1nc(-c2ccc(C(=O)Nc3ccccn3)cc2)c2c(N)nccn12,0.8525697
C[C@H](Nc1ncnc2nc[nH]c12)c1nc2ccc(F)cc2c(=O)n1-c1ccccc1,0.13817702
CC(=O)NCCCS(=O)(=O)O,0.0005616926
C[C@H]1O[C@H](O[C@H]2[C@H](O)[C@@H](O)[C@@H](O[C@H]3[C@H](O)[C@@H](O)[C@H](O)O[C@@H]3CO)O[C@@H]2CO)[C@H](O)[C@@H](O)[C@@H]1N[C@H]1C=C(CO)[C@@H](O)[C@H](O)[C@H]1O,0.009118048
CN(C)c1nc(N)c(C(=O)Nc2cccnc2)nc1Cl,0.011985123
O=C(O)c1ccc(CN2C[C@@H]3C[C@H]2CN3Cc2ccc(Oc3ccc(-c4ncco4)cc3)cc2)cc1,0.0002322668
CCCC(=O)Nc1ccc(OCC(O)CNC(C)C)c(C(C)=O)c1,0.00057526876
CCN(CC)CCNC(=O)c1ccc(NC(C)=O)cc1,4.4763274e-07
CC(=O)O[C@H]1CN2CCC1CC2,0.0026056007
O=C(O)COC(=O)Cc1ccccc1Nc1c(Cl)cccc1Cl,0.113295496
CC(=O)Nc1ccc(S(=O)(=O)c2ccc(NC(C)=O)cc2)cc1,5.79906e-06
CC(=O)Nc1ccc(C(=O)O)cc1,0.00024548112
Cn1c(=O)c2c(ncn2CC(=O)O)n(C)c1=O,0.9978352
CC(=O)N[C@@H](CCC(N)=O)C(=O)O,5.6309923e-06
C[C@H](N[P@@](=O)(OC[C@H]1O[C@@H](n2ccc(N)nc2=O)C(F)(F)[C@@H]1O)Oc1ccccc1)C(=O)OCc1ccccc1,0.02344484
COc1ccc2c(c1)c(CC(=O)OCC(=O)O)c(C)n2C(=O)c1ccc(Cl)cc1,0.0062722177
CC(=O)N[C@H]1[C@H]([C@H](O)[C@H](O)CO)O[C@](O)(C(=O)O)C[C@@H]1O,5.1527593e-05
CC(=O)C[C@@H](c1ccc([N+](=O)[O-])cc1)c1c(O)c2ccccc2oc1=O,0.022901163
CC(=O)c1ccc2c(c1)N(CCCN(C)C)c1ccccc1S2,4.0264164e-05
CC1=CC(=O)NS(=O)(=O)O1,1.928725e-06
CC(=O)Nc1ccccc1,3.0552797e-05
CC(=O)Nc1cc([As](=O)(O)O)ccc1O,0.106602035
CC(=O)Nc1nnc(S(N)(=O)=O)s1,2.1694025e-06
CC(=O)c1ccc(S(=O)(=O)NC(=O)NC2CCCCC2)cc1,0.00018335713
CC(=O)NO,8.449211e-05
CC(=O)c1ccc2c(c1)N(CCCN1CCN(CCO)CC1)c1ccccc1S2,1.5009969e-05
CC(=O)Nc1c(I)cc(I)c(C(=O)O)c1I,7.739718e-07
CC(=O)N[C@@H](CSC/C=C(\C)CC/C=C(\C)CCC=C(C)C)C(=O)O,0.00028980477
CC(=O)N[C@@H](CC(C)C)C(=O)O,1.9350744e-05
CC(=O)O[C@@H]1CC[C@@]2(C)[C@@H](CC[C@]3(C)[C@H]2C(=O)C=C2[C@@H]4[C@@H](C)[C@H](C)CC[C@]4(C)CC[C@]23C)[C@@]1(C)C(=O)O,1.2566387e-05
CC(=O)OCC[N+](C)(C)C,1.1003639e-05
CC(=O)N[C@@H](CS)C(=O)O,8.1352397e-07
CC(=O)Oc1ccccc1C(=O)Oc1ccccc1C(=O)O,0.015188007
CO[C@@H]1[C@@H](O[C@@H]2O[C@H](C)[C@@H](O[C@H]3C[C@@](C)(O)[C@@H](O)[C@H](C)O3)[C@H](N(C)C)[C@H]2O)[C@@H](CC=O)C[C@@H](C)[C@@H](O[C@H]2CC[C@H](N(C)C)[C@@H](C)O2)/C=C/C=C/C[C@@H](C)OC(=O)C[C@H]1OC(C)=O,0.00029839284
CC(=O)NCCCCCC(=O)O,0.00019883418
C[C@@]1(c2ccccc2)OC(C(=O)O)=CC1=O,0.00047942926
Cc1cnc(C(=O)O)c[n+]1[O-],0.005441832
O=C(O)C(=O)Nc1cccc(-c2nn[nH]n2)c1,1.7828337e-06
COc1cc(C)c(/C=C/C(C)=C/C=C/C(C)=C/C(=O)O)c(C)c1C,7.238042e-08
N[C@@H](C(=O)O)[C@@H]1CC(Cl)=NO1,0.0010551765
CC[C@@]1(O)C[C@H](O[C@H]2C[C@H](N(C)C)[C@H](O[C@H]3C[C@H](O)[C@H](O[C@H]4CCC(=O)[C@H](C)O4)[C@H](C)O3)[C@H](C)O2)c2c(cc3c(c2O)C(=O)c2c(O)cccc2C3=O)[C@H]1C(=O)OC,0.1254879
O=C(O[C@H]1C[N+]2(CCCOc3ccccc3)CCC1CC2)C(O)(c1cccs1)c1cccs1,0.8322507
CC1=C(c2ccc(O)cc2)[C@H](c2ccc(OCCN3CCCCC3)cc2)Oc2cc(O)ccc21,0.023313846
CC1(C)OB(O)c2cc(NC(=O)c3ccc(F)cc3C(F)(F)F)ccc21,0.39634174
NC1(C(=O)O)CC1,0.00014973643
C[n+]1c2cc(N)ccc2cc2ccc(N)cc21,0.00010607232
CCCCCCc1ccc(O)cc1O,0.04477855
Cc1ccc(/C(=C\CN2CCCC2)c2cccc(/C=C/C(=O)O)n2)cc1,3.8883692e-05
C=CC(=O)O,0.01844209
NS(=O)(=O)Nc1ncnc(OCCOc2ncc(Br)cn2)c1-c1ccc(Br)cc1,0.17012101
COc1ccc(S(=O)(=O)N2CCC[C@H]2C(=O)Nc2cc(C)cc(C)c2)cc1,0.0019137611
CC(=O)Nc1ccc(CC(=O)O)cc1,0.0001421491
COCc1c(-c2ccc(NC(=O)Nc3cc(C(F)(F)F)ccc3F)c(F)c2)c2c(N)ncnn2c1CN1CCOCC1,0.41809234
Cc1c2oc3c(C)ccc(C(=O)N[C@@H]4C(=O)N[C@@H](C(C)C)C(=O)N5CCC[C@H]5C(=O)N(C)CC(=O)N(C)[C@@H](C(C)C)C(=O)O[C@@H]4C)c3nc-2c(C(=O)N[C@@H]2C(=O)N[C@@H](C(C)C)C(=O)N3CCC[C@H]3C(=O)N(C)CC(=O)N(C)[C@@H](C(C)C)C(=O)O[C@@H]2C)c(N)c1=O,0.9898581
CCOc1ccc(S(=O)(=O)O)c2cccnc12,0.10041272
Cc1ccc(C(=O)NC2CC2)cc1-n1ncc(C(=O)c2cccc(C#N)c2)c1N,0.0009620668
O=C(CCCCCCNC(=O)c1cnc(N(c2ccccc2)c2ccccc2)nc1)NO,0.17555045
Nc1nc(=O)c2ncn(COCCO)c2[nH]1,0.0009793255
CCCCCCCCCCCCCCCCCC[S+](CCC)c1ccccc1C(=O)OCC,0.057653118
CCCCC1CCN(CCCN2C(=O)COc3cc(F)ccc32)CC1,0.00012528601
CC(C)c1cccc2c1O[C@H](C(C)C)C(=S)N2CC(=O)O,0.8350461
COc1ccc(-c2ccc3cc(C(=O)O)ccc3c2)cc1C12CC3CC(CC(C3)C1)C2,0.7452217
O=P(O)(O)OC[C@H]1O[C@H](O)[C@H](O)[C@@H](O)[C@@H]1O,0.050191116
C[C@@H](N)C(=O)N[C@@H](CO)C(=O)N[C@H](C(=O)N[C@H](C(=O)N[C@H](C(=O)N[C@@H](CC(N)=O)C(=O)N[C@@H](Cc1ccc(O)cc1)C(=O)N[C@H](C(N)=O)[C@@H](C)O)[C@@H](C)O)[C@@H](C)O)[C@@H](C)O,0.75362474
O=C(O)/C=C/c1ccc(-c2ccc(O)c(C34CC5CC(CC(C5)C3)C4)c2)cc1,0.19267571
O=C(NCCN1CCN(c2ncccn2)CC1)C12CC3CC(CC(C3)C1)C2,0.046027895
CC(C)CC(=O)Nc1cncc(-c2ccc3[nH]nc(-c4nc5cncc(-c6cccc(F)c6)c5[nH]4)c3c2)c1,0.19117497
O=c1[nH]c(N2CCOCC2)cn1-c1ccc(Cl)cc1,0.06283039
Nc1ncnc2c1ncn2CCOCP(=O)(O)O,0.019991899
CC(C)(C)C(=O)OCOP(=O)(COCCn1cnc2c(N)ncnc21)OCOC(=O)C(C)(C)C,0.002460596
O=C(CCCCCCCC(=O)NCCO)NCCO,0.0011228352
C[S+](CC[C@H](N)C(=O)O)C[C@H]1O[C@@H](n2cnc3c(N)ncnc32)[C@H](O)[C@@H]1O,0.06512003
Nc1ncnc2nc[nH]c12,0.01110915
Nc1ncnc2c1ncn2[C@@H]1O[C@H](CO)[C@@H](O)[C@H]1O,0.14458767
Nc1ncnc2c1ncn2[C@@H]1O[C@H](COP(=O)(O)O)[C@@H](O)[C@H]1O,0.99095625
Nc1ncnc2c1ncn2[C@@H]1O[C@H](COP(=O)(O)OP(=O)(O)OP(=O)(O)O)[C@@H](O)[C@H]1O,0.99972135
CCN(CC)CCOC(=O)C(c1ccccc1)c1ccccc1,3.2822381e-06
O=C(O)CCCCC(=O)O,0.0004562109
O=C(COc1ccc(C(=O)c2ccccc2)cc1)NC1CCN(Cc2ccccc2)CC1,1.0920123e-05
CCN(CC)C(=O)c1ccc(C2=CC3(CCNCC3)Oc3cccc(O)c32)cc1,0.046652075
Cc1cc(O[C@@H](CCC(F)(F)F)c2ccc(C(=O)NCCC(=O)O)cc2)cc(C)c1-c1ccc(C(C)(C)C)cc1,0.00059048354
Fc1ccc(-c2cncc(CN3CCN(c4cccc5c4OCCO5)CC3)c2)cc1,0.01672475
O=C(C[S@@](=O)C(c1ccccc1)c1ccccc1)NO,2.2151911e-05
CNCC(=O)c1ccc(O)c(O)c1,0.53731066
C[C@]12CCC(=O)C=C1CC[C@@H]1[C@@H]2C(=O)C[C@]2(C)C(=O)CC[C@@H]12,1.6931906e-05
Cc1cc(C)c(N)c(C#Cc2cccc(F)c2)n1,0.13122222
O=C(c1ccc(F)cc1)N1CCC[C@H](c2nc(-c3ccc(F)cc3)no2)C1,0.0012845516
CCN1CCN(Cc2ccc(-c3cc4c(N[C@H](C)c5ccccc5)ncnc4[nH]3)cc2)CC1,0.10349249
NS(=O)(=O)c1nn2cc(-c3ccccc3)nc2s1,0.00021848232
CC(=O)N[C@@H](Cc1ccccc1)C(=O)O,1.3960509e-05
CCCC[C@H](NC(=O)[C@H](CO)NC(=O)[C@H](Cc1ccc(O)cc1)NC(=O)[C@H](CO)NC(C)=O)C(=O)N[C@@H](CCC(=O)O)C(=O)N[C@@H](Cc1cnc[nH]1)C(=O)N[C@H](Cc1ccccc1)C(=O)N[C@@H](CCCNC(=N)N)C(=O)N[C@@H](Cc1c[nH]c2ccccc12)C(=O)NCC(=O)N[C@@H](CCCCN)C(=O)N1CCC[C@H]1C(=O)N[C@H](C(N)=O)C(C)C,0.20010605
CN(C)C/C=C/C(=O)Nc1cc2c(Nc3ccc(F)c(Cl)c3)ncnc2cc1O[C@H]1CCOC1,0.0001405928
CC/C(=C(\c1ccc(O)cc1)c1ccc(OCCN(C)C)cc1)c1ccccc1,0.008370121
Cc1ccccc1-n1c(CF)nc2ccc(N)cc2c1=O,0.0005291407
Cc1c(CN(C)C(=O)/C=C/c2cnc3c(c2)CCC(=O)N3)oc2ccccc12,0.9241344
CCOc1ccc2nc(SCCN3CCOCC3)[nH]c2c1,0.0017658065
Cc1cccc(NC(=O)c2ccc(C(F)(F)F)cc2C(=O)O)n1,0.9115688
CC(C)(C)c1cc(C=C(C#N)C#N)cc(Br)c1O,0.00042452468
CN(C)Cc1ccc(-c2nc3cccc4c3n2CCNC4=O)cc1,0.0004130522
N#C/C(=C\c1ccc(O)c(O)c1)C(=O)NCc1ccccc1,0.0023620068
N#C/C(=C\c1ccc(O)c(O)c1)C(=O)NCCCc1ccccc1,3.2308897e-05
N#C/C(=C\c1ccc(O)c(O)c1)C(=O)NCCCCc1ccccc1,3.4420296e-05
Cc1ccccc1[C@H](C(=O)NC1CCCCC1)N(C(=O)Cn1ccnc1C)c1cccc(F)c1,0.0061369054
O=C(Nc1cccc(C(F)(F)F)c1)Nc1cc(S(=O)(=O)NC2CC2)ccc1-c1ccsc1,0.69208854
CO[C@H]1[C@@H]([C@@]2(C)O[C@@H]2CC=C(C)C)[C@]2(CC[C@H]1OC(=O)NC(=O)CCl)CO2,0.004323838
N=C(N)NCCCCN,0.00026443996
CC(C)[C@@H]1[C@H]2CC[C@@H](C2)[C@H]1N,0.101776145
CCc1ccc(C2=CC(C)(C)Sc3ccc(C#Cc4ccc(C(=O)O)cc4)cc32)cc1,0.2677686
CC1(C)CCC(C)(C)c2c1cc(C(=O)Nc1cc(F)c(C(=O)O)c(F)c1)c(O)c2Cl,0.007120765
COc1ccc2cccc(CCNC(C)=O)c2c1,0.6822593
CCCCCCCCCCCCCCCCCCCCCC(=O)O,0.003135335
Cc1ccc(S(=O)(=O)NC2c3ccccc3Oc3ccccc32)cc1,0.13334781
N=C(C[C@@H](O)COc1ccccc1-c1ccccc1)N1CCCCC1,0.0077779707
CC(C)Oc1ccc2c(=O)c3cc(C(=O)O)ccc3oc2c1,0.0079698665
FC(F)(F)Oc1ccc2nc(-c3ccc(OCCOCCOc4ccc(-c5nc6ccc(OC(F)(F)F)cc6[nH]5)nc4)cn3)[nH]c2c1,0.0015789504
c1ccc(-c2oc3ncnc(NC[C@@H]4CCCO4)c3c2-c2ccccc2)cc1,0.0011153527
CC[C@H]1[C@H]2C[C@H]3[C@@H]4N(C)c5ccccc5[C@]45C[C@@H]([C@H]2[C@H]5O)N3[C@@H]1O,0.0011146776
CCCN[C@@H]1CCc2c(OC)cccc2[C@@H]1C,0.00024797747
O=C(Nc1cccc(Br)c1)c1cccc(S(=O)(=O)N2CCCCCC2)c1,0.0004211248
CC(=O)O[C@@H]1CC[C@@]2(C)[C@@H](CC[C@]3(C)[C@@H]2C(=O)C=C2[C@@H]4[C@@H](C)[C@H](C)CC[C@]4(C)CC[C@]23C)[C@@]1(C)C(=O)O,0.00021064552
NC(=O)c1ccc([N+](=O)[O-])cc1Cl,0.22732325
Cc1c(F)cc(C(=O)NC2CC2)cc1-c1c(F)cn2c(C(C)(C)C)nnc2c1F,5.165266e-05
CC(=O)SC[C@@H](C)C(=O)N1CCC[C@H]1C(=O)N[C@@H](Cc1ccccc1)C(=O)O,0.006550926
C[C@H](N)C(=O)N[C@@H](C)P(=O)(O)O,0.94130445
Cc1sc[n+](CC(=O)c2ccccc2)c1C,2.0762445e-05
C[C@@H](N)C(=O)O,0.7652089
N[C@@H](CN(O)[N+][O-])C(=O)O,0.06900608
C=C1C(=O)O[C@@H]2C[C@@]3(C)CCC[C@H](C)C3=C[C@H]12,0.11281389
C[C@@H](N)C(=O)OC(C)(C)Cc1ccc(Cl)cc1,0.00512968
CCNC(=O)[C@@H]1CCCN1C(=O)[C@H](CCCNC(=N)N)NC(=O)[C@H](CC(C)C)NC(=O)[C@@H](C)NC(=O)[C@H](Cc1ccc(O)cc1)NC(=O)[C@H](CO)NC(=O)[C@H](Cc1c[nH]c2ccccc12)NC(=O)[C@H](Cc1cnc[nH]1)NC(=O)[C@@H]1CCC(=O)N1,0.05696467
CCCSc1ccc2nc(NC(=O)OC)[nH]c2c1,0.42953065
CCC[S@@](=O)c1ccc2nc(NC(=O)OC)[nH]c2c1,0.21766403
CC(C)(C)NC[C@@H](O)c1ccc(O)c(CO)c1,0.00048279727
CN1CCC(=C2c3ccccc3CCn3c(C=O)cnc32)CC1,0.013082286
C=CCOc1ccc(CC(=O)O)cc1Cl,0.006447623
CCC(=O)OCC(=O)[C@@]1(OC(=O)CC)[C@H](C)C[C@H]2[C@@H]3[C@H]([C@@H](O)C[C@@]21C)[C@@]1(C)C=CC(=O)C=C1C[C@H]3Cl,0.99699736
O=C(NCc1ccc2c(c1)OCO2)c1c(Cl)cccc1Cl,0.015748607
COc1cccc2c1C(=O)c1c(O)c3c(c(O)c1C2=O)C[C@@](O)(/C(CO)=N/NC(=O)CCCCCN1C(=O)C=CC1=O)C[C@@H]3O[C@H]1C[C@H](N)[C@H](O)[C@H](C)O1,0.022225734
CCc1cc2c(cc1N1CCC(N3CCOCC3)CC1)C(C)(C)c1[nH]c3cc(C#N)ccc3c1C2=O,0.560188
NCCCC(O)(P(=O)(O)O)P(=O)(O)O,0.0006248233
CCCC[C@@H](CC)CNC(=N)N=C(N)NCCCCCCNC(N)=NC(=N)NC[C@@H](CC)CCCC,0.045768984
C=C1/C(=C\C=C2/CCC[C@]3(C)[C@@H]([C@H](C)CCCC(C)C)CC[C@@H]23)C[C@@H](O)C[C@@H]1O,0.026707392
CC(=O)OCC(=O)[C@H]1CC[C@H]2[C@@H]3CC[C@H]4C[C@H](O)CC[C@]4(C)[C@H]3C(=O)C[C@]12C,1.0737602e-06
COc1cc2nc(N(C)CCCNC(=O)[C@H]3CCCO3)nc(N)c2cc1OC,0.007831901
CC(=O)[C@@]12O[C@](C)(c3ccccc3)O[C@@H]1C[C@H]1[C@@H]3CCC4=CC(=O)CC[C@]4(C)[C@H]3CC[C@@]12C,6.096035e-05
C=CCc1cc(OC)c(O)c(C(=O)NCCO)c1,0.0007699104
C[C@@H](CN(C)C)CN1c2ccccc2Sc2ccccc21,0.00011316595
C=CCN(C1=NCCN1)c1c(Cl)cccc1Cl,0.05135695
COc1cc(Nc2ncc3c(n2)-c2ccc(Cl)cc2C(c2c(F)cccc2OC)=NC3)ccc1C(=O)O,0.0074289353
COCCCOc1cc(C[C@@H](C[C@H](N)[C@@H](O)C[C@H](C(=O)NCC(C)(C)C(N)=O)C(C)C)C(C)C)ccc1OC,0.77746624
C/C=C/C[C@@H](C)[C@@H](O)[C@H]1C(=O)N[C@@H](CC)C(=O)N(C)[C@H](C)C(=O)N(CC)[C@@H](C(C)C)C(=O)N[C@@H](C(C)C)C(=O)N(C)[C@@H](CC(C)C)C(=O)N[C@@H](C)C(=O)N[C@H](C)C(=O)N(C)[C@@H](CC(C)C)C(=O)N(C)[C@@H](CC(C)C)C(=O)N(C)[C@@H](C(C)C)C(=O)N1C,5.24801e-07
C=CCN1CCC[C@@H]1CNC(=O)c1cc2nn[nH]c2cc1OC,3.627041e-05
O=C1c2ccccc2C(=O)c2c1ccc(O)c2O,0.0029644633
NC(=O)N[C@H]1NC(=O)NC1=O,0.01869109
C=CCS[S@@](=O)CC=C,2.9566507e-05
O=c1nc[nH]c2n[nH]cc12,0.0034580952
OC[C@H]1O[C@@H](n2ncc3c(O)ncnc32)[C@H](O)[C@@H]1O,0.0010327741
C=CC[C@]1(O)CC[C@H]2[C@@H]3CCC4=CCCC[C@@H]4[C@H]3CC[C@@]21C,0.00012733751
C=CCN=C=S,0.00090669055
C=CCNC(N)=S,0.029215697
C=CCNc1nc(NCC=C)nc(N2CCN(C(c3ccc(F)cc3)c3ccc(F)cc3)CC2)n1,0.0046980865
CNC(=O)[C@@H](c1ccccc1)N1CCc2cc(OC)c(OC)cc2[C@@H]1CCc1ccc(C(F)(F)F)cc1,0.8215602
CN(C)CCc1c[nH]c2ccc(CS(=O)(=O)N3CCCC3)cc12,0.0007687284
O=C1c2cccc(O)c2C(=O)c2c(O)cc(CO)cc21,0.011909829
Cn1c(=O)cc(N2CCC[C@@H](N)C2)n(Cc2ccccc2C#N)c1=O,0.16791342
O=C1c2c(O)cccc2[C@H]([C@@H]2O[C@H](CO)[C@@H](O)[C@H](O)[C@H]2O)c2cc(CO)cc(O)c21,0.004898679
C1=C2CCCN[C@H]2[C@@H]2C[C@H]1[C@H]1CCCCN1C2,0.0060129133
Cc1nc[nH]c1CN1CCc2c(c3ccccc3n2C)C1=O,2.2790389e-06
Cc1cn([C@H]2C[C@H](F)[C@@H](CO)O2)c(=O)[nH]c1=O,0.99938965
CCOC(=O)[C@H]1O[C@@H]1C(=O)N[C@@H](CC(C)C)C(=O)NCCC(C)C,0.0034639305
Cc1nc(NC(=O)N2CCC[C@H]2C(N)=O)sc1-c1ccnc(C(C)(C)C(F)(F)F)c1,7.63753e-06
C/C=C/c1cc(OC)c(OC)cc1OC,4.100967e-05
OC[C@H]1O[C@H](O)[C@H](O)[C@@H](O)[C@@H]1O,0.001249691
COc1ccc([C@@H]2CC(=O)c3c(O)cc(O[C@@H]4O[C@H](CO[C@@H]5O[C@@H](C)[C@H](O)[C@@H](O)[C@H]5O)[C@@H](O[C@H]5O[C@H](CO)[C@@H](O)[C@H](O)[C@H]5O)[C@H](O)[C@H]4O)cc3O2)cc1O,0.00014448399
CC/C=C\C/C=C\C/C=C\CCCCCCCC(=O)O,8.5136935e-06
C[C@@H](N)Cc1cnc[nH]1,0.00089026237
C[C@H](N)Cc1cnc[nH]1,0.0009598411
C[C@@H](N)Cc1c[nH]c2ccc(O)cc12,0.023519821
Cc1c(C)c2c(c(C)c1O)CC[C@](C)(CCC[C@H](C)CCC[C@H](C)CCCC(C)C)O2,0.0040614703
CC(=O)Oc1c(C)c(C)c2c(c1C)CC[C@](C)(CCC[C@H](C)CCC[C@H](C)CCCC(C)C)O2,0.01295272
CCCN(CCC)C(=O)Cc1c(-c2ccc(Cl)cc2)nc2ccc(Cl)cn12,0.011555372
C=CCc1ccccc1OC[C@H](O)CNC(C)C,3.8261536e-05
CCCCC[C@H](O)/C=C/[C@H]1[C@H](O)CC(=O)[C@@H]1CCCCCCC(=O)O,0.0020725953
O=C(O)CN1C(=O)c2cccc3cccc(c23)C1=O,0.013271514
Nc1ccn([C@@H]2O[C@@](CO)(CCl)[C@@H](O)[C@H]2F)c(=O)n1,0.92573494
CC(C)C(=O)OC[C@@]1(CCl)O[C@@H](n2ccc(N)nc2=O)[C@H](F)[C@@H]1OC(=O)C(C)C,0.489292
O=C(c1ccc(F)cc1)C1CCN(CCn2c(=S)[nH]c3ccccc3c2=O)CC1,0.51107806
C=CCSC[C@@H]1Nc2cc(Cl)c(S(N)(=O)=O)cc2S(=O)(=O)N1,0.07598077
C#Cc1cncc([C@@H]2CCCN2C)c1,0.016958348
O=C(Nc1cc(Oc2cc(F)c(NC(=O)C3(C(=O)Nc4ccc(F)cc4)CC3)cc2F)ccn1)C1CC1,0.0026447012
C=CC[C@]1(O)CC[C@H]2[C@@H]3CCC4=CC(=O)CCC4=C3C=C[C@@]21C,0.00023392898
CN(C)c1nc(N(C)C)nc(N(C)C)n1,0.00033188873
CCN(CCCc1ccccc1)CCCc1ccccc1,1.0767416e-05
CO[C@H]1/C=C\C=C(/C)C(=O)NC2=CC(=O)C(NCCN(C)C)=C(C[C@@H](C)C[C@H](OC)[C@H](O)[C@@H](C)/C=C(\C)[C@@H]1OC(N)=O)C2=O,0.126969
C[C@H]1CN(C[C@H](Cc2ccccc2)C(=O)NCC(=O)O)CC[C@@]1(C)c1cccc(O)c1,0.021699954
CN1CC[C@H](c2c(O)cc(O)c3c(=O)cc(-c4ccccc4Cl)oc23)[C@H](O)C1,0.0013194148
CC(=O)N[C@H](CCCNC(=N)N)C(=O)N[C@H](CCCNC(=N)N)C(=O)N[C@H](CCCNC(=N)N)C(=O)N[C@H](CCCNC(=N)N)C(=O)N[C@H](CCCNC(=N)N)C(=O)N[C@H](CCCNC(=N)N)C(=O)N[C@H](CCCNC(=N)N)C(=O)N[C@H](CCCNC(=N)N)C(=O)N[C@H](CCCNC(=N)N)C(N)=O,0.28207555
CN(CC[C@@H](Oc1ccc(-c2ccccc2)cc1)c1ccc(F)cc1)CC(=O)O,0.1714921
CN1CCCC[C@@H]1Cn1cc(C(=O)c2cc([N+](=O)[O-])ccc2I)c2ccccc21,0.00018228107
Oc1c(I)cc(I)cc1I,1.853919e-06
Cc1c(C(=O)NN2CCCCC2)nn(-c2ccc(Cl)cc2Cl)c1-c1ccc(I)cc1,0.00078299135
Cc1c(C(=O)NN2CCOCC2)nn(-c2ccc(Cl)cc2Cl)c1-c1ccc(I)cc1,0.00463052
CCCCC/C=C\C/C=C\C/C=C\C/C=C\CCCC(=O)Nc1ccc(O)cc1,1.5362208e-05
CC1(C)CCC(C)(C)c2cc(C(=O)Nc3ccc(C(=O)O)cc3)ccc21,0.0030945572
COc1ccc(C(=O)c2c(C)n(CCN3CCOCC3)c3cc(I)ccc23)cc1,0.0013401526
CN(CCc1ccc(Cl)c(Cl)c1)C[C@@H](O)COc1ccc(NS(C)(=O)=O)cc1,0.023125738
NC12CC3CC(CC(C3)C1)C2,0.0042112987
N=C(N)N=Nc1ccc(NNC(N)=S)cc1,0.21406229
CC[N+](CC)(CCNC(=O)C(=O)NCC[N+](CC)(CC)Cc1ccccc1Cl)Cc1ccccc1Cl,1.6643185e-07
COC(c1ccccc1)(c1ccccc1)[C@H](Oc1nc(C)cc(C)n1)C(=O)O,0.028479578
Nc1c(Br)cc(Br)cc1CN[C@H]1CC[C@H](O)CC1,0.076697476
CCN(CC)CCNC(=O)c1c(C)[nH]c(/C=C2/C(=O)Nc3ccc(-c4csc(-c5ccccc5)n4)cc32)c1C,0.0005763049
CC(=O)OCC(=O)[C@@]12OC3(CCCC3)O[C@@H]1C[C@H]1[C@H]3CCC4=CC(=O)C=C[C@]4(C)[C@@]3(F)[C@@H](O)C[C@@]12C,0.79131633
c1ccc(CNCc2ccc(CN3CCCNCCNCCCNCC3)cc2)nc1,0.042926177
CC1(C)S[C@@H]2[C@H](/N=C/N3CCCCCC3)C(=O)N2[C@H]1C(=O)O,0.99851364
NCCCCN(Cc1nc2ccccc2[nH]1)[C@H]1CCCc2cccnc21,0.0001996743
Cc1cccc(C)c1NC(=O)c1ccc(N)cc1,0.0011632025
Cc1cccc(C)c1N(CC(=O)Nc1ccc(-c2ncon2)cc1)C(=O)C1CCS(=O)(=O)CC1,0.0031174112
O=C1c2ccccc2C(=O)c2c(NCCNCCO)ccc(NCCNCCO)c21,0.0121114375
COc1cc(N)cn[n+]1-c1ccccc1,0.013869895
Nc1c(CC(=O)O)cccc1C(=O)c1ccccc1,0.07880222
Nc1c(-c2cccc(C(F)(F)F)c2)nsc1C(=O)O,0.53841937
Cc1ccc2cc(-c3c(C)ccc(C(=O)c4c(-c5ccccc5)n(C)n(-c5ccccc5)c4=O)c3N)ccc2n1,0.00052136113
CO[C@H]1/C=C/C[C@H](C)[C@@H](C)S(=O)(=O)NC(=O)c2ccc3c(c2)N(C[C@@H]2CC[C@H]21)C[C@@]1(CCCc2cc(Cl)ccc21)CO3,0.00051088183
COc1ccc2c(OCc3nnc4ccc(-c5ccccc5)nn34)ccnc2c1,5.3345525e-06
CC(C)[C@@H](CS(=O)(=O)C(C)C)N1C(=O)[C@@](C)(CC(=O)O)C[C@H](c2cccc(Cl)c2)[C@H]1c1ccc(Cl)cc1,0.3121677
C[C@H](Nc1ncnc2nc[nH]c12)c1cc2ccc(F)cc2nc1-c1ccccn1,0.6200806
COCCOc1cnc2ccn([C@H](C)c3nnc4c(F)cc(-c5cnn(C)c5)cn34)c(=O)c2c1,0.6388966
CCOc1ccc(-n2c([C@@H](C)N(Cc3cccnc3)C(=O)Cc3ccc(OC(F)(F)F)cc3)nc3ncccc3c2=O)cc1,0.013574249
C=CC(=O)N1CCN(c2nc(=O)n(-c3c(C)ccnc3C(C)C)c3nc(-c4c(O)cccc4F)c(F)cc23)[C@@H](C)C1,0.004835271
CC(=O)Nc1nc2c(Oc3cc(-c4ccc(C(F)(F)F)cc4)ncn3)cccc2s1,0.000883835
Cn1c(NC[C@@H](N)Cc2ccccc2)nc(-c2ccncc2)c(-c2ccc3ccccc3c2)c1=O,0.012228764
CC#C[C@@H](CC(=O)O)c1ccc(OCc2cccc(-c3ccc(C(F)(F)F)cc3)c2)cc1,0.68123674
C[C@H]1CC[C@H](n2c3cnccc3c3cnc(Nc4ccc5c(n4)CCN(C(=O)CO)C5)nc32)CC1,0.38294947
CC(C)(C)c1ccc(/C=C/C(=O)Nc2ccc3c(c2)OCCO3)cc1,0.00022374699
C[C@@H](Nc1ncnc2nc[nH]c12)c1cc2ccc(F)cc2nc1-c1ccccn1,0.66419584
COc1ccc2c(Oc3ccc(NC(=O)c4c(C)n(CC(C)(C)O)n(-c5ccccc5)c4=O)nc3)ccnc2c1,0.14707103
Cc1csc(-c2nnc(Nc3ccc(Oc4ncccc4-c4ccnc(N)n4)cc3)c3ccccc23)c1,0.008755178
O=C(Nc1ccc2c(O)cc(S(=O)(=O)O)cc2c1)Nc1ccc2c(O)cc(S(=O)(=O)O)cc2c1,0.17337793
CCOC(=O)COc1ccc2c(c1)C[C@@H](NC[C@H](O)c1cccc(Cl)c1)CC2,0.08775654
Cc1c(N(C)C)c(=O)n(-c2ccccc2)n1C,3.2060876e-07
Nc1ccncc1N,6.591139e-05
Cc1cc(N(C)C)ccc1C[C@@H](C)N,0.0008416749
NCCCNCCSP(=O)(O)O,0.004324493
NCC[C@H](O)C(=O)N[C@@H]1C[C@H](N)[C@@H](O[C@H]2O[C@H](CN)[C@@H](O)[C@H](O)[C@H]2O)[C@H](O)[C@H]1O[C@H]1O[C@H](CO)[C@@H](O)[C@H](N)[C@H]1O,0.68252325
N=C(N)NC(=O)c1nc(Cl)c(N)nc1N,0.0030191864
O=C(O)CCCCCCNC1c2ccccc2CCc2ccccc21,0.00027351192
NCCCCCC(=O)O,8.5490836e-05
CC[C@@]1(c2ccc(N)cc2)CCC(=O)NC1=O,0.00041116317
NN=C(N)N,0.0002045227
NC[C@@H](O)CC(=O)O,0.0030850894
NCC(=O)CCC(=O)OCc1ccccc1,3.603514e-05
C[C@H]1CCN=C(N)S1,0.0039873878
CC(CC(C(N)=O)(c1ccccc1)c1ccccc1)N(C)C,0.03724119
Cn1c(=O)c2[nH]cnc2n(C)c1=O,0.93408775
Nc1nc(N)c2nc(CNc3ccc(C(=O)N[C@@H](CCC(=O)O)C(=O)O)cc3)cnc2n1,0.12975281
CC(C)[C@H](CO)Nc1nc(Nc2cc(N)cc(Cl)c2)c2ncn(C(C)C)c2n1,0.6534721
Nc1ccc(C(=O)O)c(O)c1,0.011690783
Nc1nncs1,7.63442e-06
Nc1nccs1,0.003176502
CCCCc1oc2ccccc2c1C(=O)c1cc(I)c(OCCN(CC)CC)c(I)c1,1.0496156e-05
CN(C)CCCO[C@@H]1[C@H]2OC(C)(C)O[C@H]2O[C@@H]1[C@H](O)CO,0.0005031694
CCCCCCCOc1ccc(CCC(N)(CO)CO)cc1C(F)(F)F,0.00093901384
CCN1CCC[C@@H]1CNC(=O)c1cc(S(=O)(=O)CC)c(N)cc1OC,1.6301476e-05
Clc1ccc([C@]23CNC[C@H]2C3)cc1Cl,0.046415146
Cc1ccc(/N=C/N(C)/C=N/c2ccc(C)cc2C)c(C)c1,0.00023316318
CN(C)CCC=C1c2ccccc2CCc2ccccc21,0.021450868
CC(C)c1ccc2oc3nc(N)c(C(=O)O)cc3c(=O)c2c1,0.9618342
CCOC(=O)C1=C(COCCN)NC(C)=C(C(=O)OC)[C@H]1c1ccccc1Cl,0.00033233737
CC1(C)[C@@H](O[C@H]2O[C@H](C(=O)O)[C@@H](O)[C@H](O)[C@H]2O[C@@H]2O[C@H](C(=O)O)[C@@H](O)[C@H](O)[C@H]2O)CC[C@]2(C)[C@H]3C(=O)C=C4[C@@H]5C[C@@](C)(C(=O)O)CC[C@]5(C)CC[C@@]4(C)[C@]3(C)CC[C@@H]12,0.003485259
C[C@@H](O)C(=O)O,0.77017945
O=C(O)C(F)(F)C(F)(F)C(F)(F)C(F)(F)C(F)(F)C(F)(F)C(F)(F)F,1.7631864e-24
c1ccc(C(NCCNC(c2ccccc2)c2ccccc2)c2ccccc2)cc1,0.0003887109
CCN(CC)Cc1cc(Nc2ccnc3cc(Cl)ccc23)ccc1O,4.625505e-05
CN(C)CCN1C(=O)c2cccc3cc(N)cc(c23)C1=O,0.008055111
CCC(C)(C)c1ccc(C[C@@H](C)CN2C[C@@H](C)O[C@@H](C)C2)cc1,0.0051947893
Clc1ccc2c(c1)C(N1CCNCC1)=Nc1ccccc1O2,0.023311224
CC1(C)S[C@@H]2[C@H](NC(=O)[C@H](N)c3ccc(O)cc3)C(=O)N2[C@H]1C(=O)O,0.3008756
Cc1o[nH]c(=O)c1C[C@@H](N)C(=O)O,0.90210813
Cc1o[nH]c(=O)c1C[C@H](N)C(=O)O,0.101755135
O=C(c1ccc2nccnc2c1)N1CCCCC1,0.00063508225
CCNC(=O)N1CCN(CCCC(c2ccc(F)cc2)c2ccc(F)cc2)CC1,0.0018401046
C[C@@H]1[C@H](O)[C@@H](C)/C=C/C=C/C=C/C=C/C=C/C=C/C=C/[C@H](O[C@@H]2O[C@H](C)[C@@H](O)[C@H](N)[C@@H]2O)C[C@@H]2O[C@](O)(C[C@@H](O)C[C@@H](O)[C@H](O)CC[C@@H](O)C[C@@H](O)CC(=O)O[C@H]1C)C[C@H](O)[C@H]2C(=O)O,9.428344e-05
CC1(C)S[C@@H]2[C@H](NC(=O)[C@H](N)c3ccccc3)C(=O)N2[C@H]1C(=O)O,0.15746127
CCOC(=O)O[C@@H](C)OC1=C(C(=O)Nc2ccccn2)N(C)S(=O)(=O)c2ccccc21,0.00081556884
CC(C)CN(C[C@@H](O)[C@H](Cc1ccccc1)NC(=O)O[C@H]1CCOC1)S(=O)(=O)c1ccc(N)cc1,2.9610215e-05
CCCc1ncc(C[n+]2ccccc2C)c(N)n1,1.33550175e-05
Cc1c(N)c(=O)n(-c2ccccc2)n1C,1.5219953e-07
Nc1cc(-c2ccncc2)c[nH]c1=O,0.007082894
CC(=O)[C@]1(N)Cc2c(O)c3c(c(O)c2[C@@H](O[C@H]2C[C@H](O)[C@H](O)CO2)C1)C(=O)c1ccccc1C3=O,0.31007197
COc1cc(NS(C)(=O)=O)ccc1Nc1c2ccccc2nc2ccccc12,0.001164011
Cc1nc(N)sc1CCN,0.002668727
COc1ccccc1OC(=O)CNC(=O)Cc1ccc(C(=O)c2ccc(C)cc2)n1C,0.0032726154
S=C(NCc1ccc2c(c1)OCO2)N1CCN(c2ncnc3c2oc2ccccc23)CC1,0.034197252
N#C[C@H](O[C@@H]1O[C@H](CO[C@@H]2O[C@H](CO)[C@@H](O)[C@H](O)[C@H]2O)[C@@H](O)[C@H](O)[C@H]1O)c1ccccc1,0.01404992
CCCCCO[NH2+][O-],8.0195605e-05
CC[C@@](C)(CN(C)C)OC(=O)c1ccccc1,0.00019650746
CCC(C)(C)O,0.00026770934
N#C/C(=C\c1cccn1S(=O)(=O)c1cccc([N+](=O)[O-])c1)S(=O)(=O)c1ccc(F)cc1,0.020448368
Cc1noc(-c2ccc(-c3ccc(CC(=O)O)cc3)cc2)c1NC(=O)O[C@H](C)c1ccccc1,0.05941776
CCN(Cc1cc(C(F)(F)F)ccc1-c1cc(CC(=O)O)ccc1OC)C(=O)NCc1ccccc1,0.035866767
COc1cnc(-c2ccc(Cn3c(CC(C)(C)C(=O)O)c(SC(C)(C)C)c4cc(OC[C@@H]5Cc6ccccc6N5C(C)=O)ccc43)cc2)nc1,0.39024645
O=C(Nc1ccccc1C(=O)N[C@H]1CCCCNC1=O)c1cc2ccccc2s1,0.0022785629
c1cncc([C@H]2CCCCN2)c1,8.8892295e-05
COc1cc(F)c(C(C)C)cc1-c1ccc(C(F)(F)F)cc1CN1C(=O)O[C@H](c2cc(C(F)(F)F)cc(C(F)(F)F)c2)[C@@H]1C,0.06974274
Cc1cc2ncc(C(=O)NCC(C)(C)NCC(=O)N3CCC[C@H]3C#N)cn2n1,0.0003420191
O=C1CN2Cc3c(ccc(Cl)c3Cl)N=C2N1,0.077898465
CN(C)N(C)C(=O)[C@@]1(Cc2ccccc2)CCCN(C(=O)[C@@H](Cc2c[nH]c3ccccc23)NC(=O)C(C)(C)N)C1,0.00016282892
CCCCC/C=C\C/C=C\C/C=C\C/C=C\CCCC(=O)NCCO,6.0810664e-05
CC(C)(C#N)c1cc(Cn2cncn2)cc(C(C)(C)C#N)c1,0.0003846529
CC(=O)Nc1ccc(OC[C@](C)(O)C(=O)Nc2ccc([N+](=O)[O-])c(C(F)(F)F)c2)cc1,0.008377085
C=C1CC[C@@H]2[C@](C)(CO)[C@H](O)CC[C@@]2(C)[C@@H]1C/C=C1/C(=O)OC[C@H]1O,0.0097584585
C[C@@]12CCC(=O)C[C@@H]1CC[C@@H]1[C@@H]2CC[C@@]2(C)C=CC[C@@H]12,5.108767e-06
C[C@]12CC[C@@H](O)C[C@@H]1CC[C@@H]1[C@@H]2CC[C@]2(C)C(=O)CC[C@@H]12,6.397289e-05
CC(=O)OCC(=O)[C@@]1(O)CC[C@H]2[C@@H]3CCC4=CC(=O)CC[C@]4(C)C3=CC[C@@]21C,5.224095e-06
C/C=C/c1ccc(OC)cc1,0.0009132618
COc1ccc(-c2cc(=S)ss2)cc1,0.0008578818
CC(=O)OC[C@]12CCC(C)=C[C@H]1O[C@@H]1[C@H](O)[C@@H](OC(C)=O)[C@@]2(C)[C@@]12CO2,2.7551607e-05
CCCCCOc1ccc(-c2ccc(-c3ccc(C(=O)N[C@H]4C[C@@H](O)[C@@H](O)NC(=O)[C@@H]5[C@@H](O)[C@@H](C)CN5C(=O)[C@H]([C@@H](C)O)NC(=O)[C@H]([C@H](O)[C@@H](O)c5ccc(O)cc5)NC(=O)[C@@H]5C[C@@H](O)CN5C(=O)[C@H]([C@@H](C)O)NC4=O)cc3)cc2)cc1,0.7276862
COc1ccc(C(=O)N2CCCC2=O)cc1,0.0018842868
COc1ccc(C2C(=O)c3ccccc3C2=O)cc1,0.0009120318
COc1ccc(C[C@H]2NC[C@H](O)[C@H]2OC(C)=O)cc1,0.000133295
CCCC(CCC)C(=O)O[C@H]1C[C@H]2CC[C@@H](C1)[N+]2(C)C,7.1357595e-06
COc1cc2c(Oc3ccc4[nH]c(C)cc4c3F)ccnc2cc1OCC1(N)CC1,0.032408703
Clc1cccc(SC2CCNCC2)n1,0.04587816
CCOc1nc2c(N)ncnc2n1CC,0.0010682385
COc1cc2cc(c1Cl)N(C)C(=O)C[C@H](OC(=O)C(C)C)[C@]1(C)O[C@H]1[C@H](C)[C@@H]1C[C@@](O)(NC(=O)O1)[C@H](OC)/C=C/C=C(\C)C2,0.0014995371
CSCC[C@H](NC(=O)[C@H](CC(C)C)NC(=O)[C@@H](Cc1c[nH]c2ccccc12)NC(=O)[C@H](Cc1ccccc1)N(C)C(=O)[C@@H](Cc1c[nH]c2ccccc12)NC(=O)[C@@H](N)CCCNC(=N)N)C(N)=O,0.20493096
CCCCN(CC)c1nc(C)nc2c1c(C)c(C)n2-c1c(C)cc(C)cc1C,5.1100258e-05
c1ccc(CN(CC2=NCCN2)c2ccccc2)cc1,0.00084107404
O=C1c2c(O)cccc2Cc2cccc(O)c21,0.050649185
O=C1c2ccccc2C(=O)c2ccccc21,0.0010094556
O=C1[O][SbH]23[O]C(=O)[C@H]([O]2)[C@H]2[O][SbH]4([O]C(=O)[C@H]([O]4)[C@H]1[O]3)[O]C2=O,1.12858185e-08
O=C1[O][SbH]23[O]C(=O)C([O]2)C2[O][SbH]4([O]C(=O)C([O]4)C1[O]3)[O]C2=O,0.99999976
CCCCCC[C@H]1C(=O)O[C@H](C)[C@H](NC(=O)c2cccc(NC=O)c2O)C(=O)O[C@@H](C)[C@@H]1OC(=O)CC(C)C,0.9312579
Cc1ccc(C(C)C)cc1O,0.001270968
OB1OCc2cc(Cl)ccc21,0.10025434
CC(=C\c1ccc(Cl)cc1)/C(C)=N/O,0.000104339815
COc1cc(OC)c2c(=O)nc(-c3cc(C)c(OCCO)c(C)c3)[nH]c2c1,0.0029393183
Cc1nnc2n1-c1sc(CCC(=O)N3CCOCC3)cc1C(c1ccccc1Cl)=NC2,0.013555326
CNC(=O)c1ccc(N2C(=S)N(c3cnc(C#N)c(C(F)(F)F)c3)C(=O)C23CCC3)cc1F,0.8858842
CC1(C)Oc2cc(NS(C)(=O)=O)ccc2N(c2ccc(F)cc2)C1=O,0.009590629
N#CC1(c2ccc(NC(=O)c3cccnc3NCc3ccncc3)cc2)CCCC1,0.0027053452
Cc1c(C)c2c(c(C)c1O)CCC(C)(C)O2,2.5988888e-06
COc1cc(OC)cc(-c2ccc3c(-c4ccc(F)cc4)[nH]nc3n2)c1,0.0005373286
COc1c(Nc2ccc(S(C)(=O)=O)nc2C)ncnc1OC1CCN(C(=O)OC(C)C)CC1,0.8500965
CC(C)OC(=O)N1CCC(Oc2ncnc3c2cnn3-c2ccc(S(C)(=O)=O)cc2F)CC1,0.019595731
C[C@@]1(CO)[C@H](O)CC[C@@]2(C)[C@H]1CC[C@H]1C[C@@H]3C[C@@]12CC[C@]3(O)CO,0.00015226079
Cc1cc(OCCN2CCOCC2)nn1-c1ccc2ccccc2c1,8.855995e-06
NC(=O)c1cn([C@@H]2O[C@H](CO)[C@@H](O)[C@H]2O)c2ncnc(N)c2c1=O,0.07000233
O=c1cc(-c2ccc(O)cc2)oc2cc(O)cc(O)c12,0.028911384
COc1ccc(-n2nc(C(N)=O)c3c2C(=O)N(c2ccc(N4CCCCC4=O)cc2)CC3)cc1,0.13850307
COc1cc(C(C)=O)ccc1O,0.00022007503
O=C1C(=O)N(Cc2ccc(Cl)c(Cl)c2)c2ccccc21,0.025083503
COC[C@]1(CO)C(=O)C2CCN1CC2,7.038389e-07
Nc1cc(Cl)c(NC2=NCCN2)c(Cl)c1,0.005280848
CN[C@@H]1[C@@H](O[C@H]2O[C@H](CO)[C@@H](N)[C@H](O)[C@H]2O)O[C@H]2C[C@@H](N)[C@@H](O[C@H]3[C@H](O)[C@@H](O)[C@H](N)C[C@@H]3N)O[C@@H]2[C@@H]1O,0.3764947
CC1(C)SCCN(S(=O)(=O)c2ccc(OCC#CCO)cc2)[C@H]1C(=O)NO,0.11253037
CCOc1cc([C@@H](CS(C)(=O)=O)N2C(=O)c3cccc(NC(C)=O)c3C2=O)ccc1OC,0.03976974
C[C@@H](O[C@H]1OCCN(Cc2n[nH]c(=O)[nH]2)[C@H]1c1ccc(F)cc1)c1cc(C(F)(F)F)cc(C(F)(F)F)c1,0.07911501
Nc1ccn([C@H]2CO[C@@H](CO)S2)c(=O)n1,0.9977622
CCN(CC)CCCN(c1ccccc1)C1Cc2ccccc2C1,9.767652e-06
C=CC[C@H](C(=O)NC(N)=O)C(C)C,0.06646132
CCc1cccc(N(C)C(=N)Nc2cccc3ccccc23)c1,0.1319089
Cc1[nH]c2ccc(F)cc2c1-c1nc2c3cccnc3c3ncccc3c2[nH]1,0.009834039
c1cc(Nc2cc(C3CC3)n[nH]2)nc(Nc2ccc3nc[nH]c3c2)n1,0.102170564
COc1ccc2c(c1)c(CC(=O)Oc1ccc(NC(C)=O)cc1)c(C)n2C(=O)c1ccc(Cl)cc1,0.0006971619
Cc1cccc(/C=N/Nc2cc(N3CCOCC3)n3nc(-c4ccncc4)cc3n2)c1,0.00044740047
CC[C@H](C(=O)N1CCCC[C@H]1C(=O)O[C@H](CCc1ccc(OC)c(OC)c1)c1cccc(OCC(=O)NCCNC(=O)COc2cccc([C@@H](CCc3ccc(OC)c(OC)c3)OC(=O)[C@@H]3CCCCN3C(=O)[C@@H](CC)c3cc(OC)c(OC)c(OC)c3)c2)c1)c1cc(OC)c(OC)c(OC)c1,0.00019182726
COc1cc(N2CCC(N(C)C)CC2)ccc1Nc1ncc(Cl)c(Nc2ccccc2P(C)(C)=O)n1,0.40011588
CCN(CC)CCCCC1CCN(CC(=O)N2c3ccccc3C(=O)Nc3cccnc32)CC1,6.484741e-05
CCN(CC)CCCNc1ccnc2cc(Cl)ccc12,8.474523e-05
Cc1ccc(-c2ccc(O[C@H]3CN4CCC3CC4)cn2)cc1,0.0005067378
COc1ccc(CNC(=O)Nc2ncc([N+](=O)[O-])s2)cc1,0.043106582
Cc1n[nH]c(C)c1Cc1sc2c(c1C(=O)N1C[C@H](O)CO1)c(=O)n(C)c(=O)n2CC(C)C,0.009012619
NCC(=O)Nc1ccc(-n2nc(C(F)(F)F)cc2-c2ccc3c(ccc4ccccc43)c2)cc1,0.0028864036
CC(C)[C@H](C(=O)Nc1ccc(C(=O)NO)cc1)c1ccccc1,0.0010712668
CCCCC/C=C\C/C=C\C/C=C\C/C=C\CCCC(=O)O,1.0496346e-05
CCCCCCCCCCCCCCCCCCCC(=O)N[C@H]1CC[C@@]2(C)[C@@H](C1)C[C@@H](O)[C@@H]1[C@@H]2C[C@H](O)[C@]2(C)[C@@H]([C@H](C)CCC(=O)O)CC[C@@H]12,0.00030402432
CCOC(=O)c1c(CSc2ccccc2)n(C)c2cc(Br)c(O)c(CN(C)C)c12,0.00019540473
OC[C@H]1O[C@@H](Oc2ccc(O)cc2)[C@H](O)[C@@H](O)[C@@H]1O,0.0032025399
COc1ccccc1N1CCN(CCN2C(=O)c3ccccc3C(C)(C)C2=O)CC1,0.00029868374
COc1cc(C[C@H]2C(=O)OC[C@@H]2Cc2ccc(OC)c(OC)c2)ccc1O,1.6287178e-06
O=C1NC(=O)c2c1c1c3ccccc3[nH]c1c1[nH]c3ccccc3c21,0.0003198738
CO[C@H]1O[C@H](COS(=O)(=O)O)[C@@H](O[C@@H]2O[C@@H](C(=O)O)[C@@H](OC)[C@H](O)[C@H]2OS(=O)(=O)O)[C@H](O)[C@H]1NS(=O)(=O)O,0.0024913778
CC#CCOC(=O)C1=CCCN(C)C1,0.99819046
C#CCOC(=O)C1=CCCN(C)C1,0.9685949
COC(=O)C1=CCCN(C)C1,2.9750834e-05
C[C@@H]1CCN(C(=O)[C@H](CCCNC(=N)N)NS(=O)(=O)c2cccc3c2NC[C@H](C)C3)[C@@H](C(=O)O)C1,0.021729883
CSCC[C@H](NC(=O)[C@H](CCC(=O)O)NC(=O)[C@H](CCC(=O)O)NC(C)=O)C(=O)N[C@@H](CCC(N)=O)C(=O)N[C@@H](CCCNC(=N)N)C(=O)N[C@@H](CCCNC(=N)N)C(N)=O,0.0042076707
C=C1C(=O)O[C@@H]2[C@H]3C(C)=CC[C@@]34O[C@@]4(C)CC[C@@H]12,7.123181e-06
O=C1CCc2ccc(OCCCCN3CCN(c4cccc(Cl)c4Cl)CC3)cc2N1,0.0038933484
CCCCCCCCCCCC(=O)OCN1C(=O)CCc2ccc(OCCCCN3CCN(c4cccc(Cl)c4Cl)CC3)cc21,0.09978365
CCCn1c(=O)c2[nH]cnc2n(-c2ccc(Cl)cc2)c1=O,0.06951205
CC(C)(C)NC[C@@H](O)CSc1nc(-c2ccc(C(N)=O)s2)cs1,0.04279995
Nc1ncccc1-c1nc2ccc(-c3ccccc3)nc2n1-c1ccc(C2(N)CCC2)cc1,0.095428735
C#CC[C@H](c1nc2cc(Cl)ccc2c(=O)n1Nc1ccccc1)N(CCCN)C(=O)c1cccc(Cl)c1F,0.030260198
C[C@@H]1COC(Nc2ccc3ncnc(Nc4ccc(OCc5nccs5)c(Cl)c4)c3c2)=N1,0.0001454885
Nc1ccc([As](=O)(O)O)cc1,0.709305
O=[As]O[As]=O,0.24693282
CO[C@H]1O[C@@H]2O[C@@]3(C)CC[C@H]4[C@H](C)CC[C@@H]([C@H]1C)[C@@]24OO3,1.0331477e-11
C[C@@H]1CC[C@H]2[C@@H](C)C(=O)O[C@@H]3O[C@@]4(C)CC[C@@H]1[C@]32OO4,2.817455e-10
CCO[C@H]1O[C@@H]2O[C@@]3(C)CC[C@H]4[C@H](C)CC[C@@H]([C@H]1C)[C@@]24OO3,2.3547532e-11
C[C@H]1[C@H](OC(=O)CCC(=O)O)O[C@@H]2O[C@@]3(C)CC[C@H]4[C@H](C)CC[C@@H]1[C@@]24OO3,3.466247e-07
CCCN[C@@H](C)C(=O)Nc1c(C)csc1C(=O)OC,5.9929407e-06
CCCCCC[C@@H](CCC)C(=O)O,8.153371e-05
Cc1sc2c(c1C)C(c1ccc(Cl)cc1)=N[C@@H](CC(=O)Nc1ccc(OCCOCCOCCOCCNc3cccc4c3C(=O)N([C@H]3CCC(=O)NC3=O)C4=O)cc1)c1nnc(C)n1-2,0.0075008348
Cc1cc(NCCO)nc(-c2ccc(Br)cc2)n1,0.024335617
O=C(Nc1ccc(-c2ccncc2)cc1)N[C@H](CO)c1ccccc1,0.0037528402
C[C@H](NC(=O)c1sccc1OCc1ccc(Cl)cc1)c1ccccc1,0.0024638905
O=C(O)CCc1ccc(NCc2cccc3c2CCCN3CCOc2ccccc2)cc1F,0.047062624
Cc1cc(-c2nc(C(=O)Nc3cn(C4CCOCC4)nc3C(N)=O)co2)ccn1,0.0005125695
O=C1NC(=O)/C(=C/c2ccc(-c3ccc(F)cc3O)o2)S1,0.030736942
O=C1NC(=O)/C(=C/c2ccc3c(c2)OC(F)(F)O3)S1,0.9044347
O=C(NC[C@H](O)CO)c1ccncc1Nc1ccc(I)cc1F,0.00014672786
O=c1ccc2c(OCCCCOc3ccccc3)c3ccoc3cc2o1,0.07684151
Cc1ccc2c(=O)c3cccc(CC(=O)O)c3oc2c1C,0.04405119
CC(C)Oc1ccc(S(=O)(=O)N2CCN(c3ccc(-c4ncco4)c(OCC(=O)O)c3)CC2)cc1,0.007433849
COc1cc(OC)c(OC)cc1C=O,5.092486e-06
COc1ccc(/C=C/C(=O)C=C(O)/C=C/c2ccc(OC)c(OC)c2)cc1OC,2.3685467e-05
O=C(Nc1ccc(OC(F)(F)Cl)cc1)c1cnc(N2CC[C@@H](O)C2)c(-c2cc[nH]n2)c1,0.16157094
CC[C@@H]1/C=C(\C)C[C@H](C)C[C@H](OC)[C@H]2O[C@@](O)(C(=O)C(=O)N3CCCC[C@H]3C(=O)O[C@H](/C(C)=C/[C@@H]3CC[C@@H](O)[C@H](OC)C3)[C@H](C)[C@@H](O)CC1=O)[C@H](C)C[C@@H]2OC,0.2604988
O=C1O[C@H]([C@@H](O)CO)[C@@H](O)C1=O,0.018219883
CN1C[C@@H]2c3ccccc3Oc3ccc(Cl)cc3[C@H]2C1,0.003161884
C[C@H]1[C@H](C)CC[C@]2(C(=O)O)CC[C@]3(C)C(=CC[C@@H]4[C@@]5(C)C[C@@H](O)[C@H](O)[C@@](C)(CO)[C@@H]5CC[C@]43C)[C@H]12,0.0032664698
CN(C(=O)C(c1ccccc1)c1ccccc1)[C@H](CN1CC[C@H](O)C1)c1ccccc1,0.0032036542
CCCc1nc(C(F)(F)F)ccc1/C=C/C(=O)N[C@H](C)c1cc(F)c(NS(C)(=O)=O)c(F)c1,0.008866597
CC(C)c1nnc(-c2ccc(-c3ccccc3)nc2)n1-c1cccc2nonc12,2.1507574e-06
COc1ccc(-c2nc(OC)nn2-c2ccc(OC)cc2)cc1,4.4295513e-05
COc1ccc2[nH]c(C(=O)N3CCC(CC(C)(C)O)CC3)cc2c1,0.027672991
COC(=O)[C@H](Cc1ccccc1)NC(=O)[C@@H](N)CC(=O)O,3.3155513e-06
CC(=O)Oc1ccccc1C(=O)O,0.0015506411
COc1cc(N2CCC(N3CCN(C)CC3)CC2)ccc1Nc1ncnc(Nc2ccccc2S(=O)(=O)C(C)C)n1,0.0010544042
C=CC(=O)Nc1ccc2ncnc(Nc3ccc(OCc4cccc(F)c4)c(Cl)c3)c2c1,0.0025856318
CC1=C(/C=C/C(C)=C/C=C/C(C)=C/C=C/C=C(C)/C=C/C=C(C)/C=C/C2=C(C)C(=O)[C@@H](O)CC2(C)C)C(C)(C)C[C@H](O)C1=O,0.048085473
COc1ccc(CCN2CCC(Nc3nc4ccccc4n3Cc3ccc(F)cc3)CC2)cc1,0.30294138
C[C@@H]1O[C@@H](O[C@H]2C(=O)c3c(O)cc(O)cc3O[C@@H]2c2ccc(O)c(O)c2)[C@H](O)[C@H](O)[C@H]1O,0.01018314
CC(C)(O)[C@H]1CC[C@@](C)([C@H]2[C@@H](O)C[C@@]3(C)[C@@H]4C[C@H](O[C@@H]5O[C@H](CO)[C@@H](O)[C@H](O)[C@H]5O)[C@H]5C(C)(C)[C@@H](O[C@@H]6OC[C@@H](O)[C@H](O)[C@H]6O)CC[C@@]56C[C@@]46CC[C@]23C)O1,0.0001790394
C[C@@H]1CN(CC(=O)N2CC(C)(C)c3nc(CO)c(Cc4ccc(F)cc4)cc32)[C@@H](CN2CCOC[C@H]2C)CN1,0.053755116
C=C[C@@H]1C[C@]1(NC(=O)[C@@H]1C[C@@H](Oc2ncc(OC)c3ccc(Cl)cc23)CN1C(=O)[C@@H](NC(=O)OC(C)(C)C)C(C)(C)C)C(=O)NS(=O)(=O)C1CC1,0.059507273
CN(C)C(=N)NCCC[C@H](N)C(=O)O,0.010274036
O=CN1CCC(C(=O)NCCN2CCC(=C3c4ccccc4C=Cc4ccccc43)CC2)CC1,0.0018043993
CN[C@@H](C)C(=O)N[C@H]1CN(C(=O)CC(C)C)CC[C@H]2CC[C@@H](C(=O)NC(c3ccccc3)c3ccccc3)N2C1=O,0.0019788153
O=C(NC1CCNCC1)c1[nH]ncc1NC(=O)c1c(Cl)cccc1Cl,0.81538385
O=C(Nc1c[nH]nc1-c1nc2ccc(CN3CCOCC3)cc2[nH]1)NC1CC1,0.0025708803
O=C(O)c1cccc(-c2noc(-c3ccccc3F)n2)c1,0.000111155605
COC(=O)N[C@H](C(=O)N[C@@H](Cc1ccccc1)[C@@H](O)CN(Cc1ccc(-c2ccccn2)cc1)NC(=O)[C@@H](NC(=O)OC)C(C)(C)C)C(C)(C)C,0.06492341
COc1ccc2cc([C@@H](C)C(=O)Oc3ccc(C(N)=S)cc3)ccc2c1,0.014257245
CC(C)NC[C@@H](O)COc1ccc(CC(N)=O)cc1,6.0896262e-05
CC(C)NC[C@H](O)COc1ccc(CC(N)=O)cc1,6.409446e-05
CN(C)C(=O)Nc1cccc(-c2ccc(N(C)C)cc2)c1,0.022890026
Cc1cc(C)cc([C@@H]2CCCN2Cc2ccc(Oc3ccc(C(N)=O)cc3F)cc2)c1,0.0015413206
CCC1(c2cnc[nH]2)Cc2ccccc2C1,0.000733048
CCCC1(CCC)CCC2(CCN(CCCN(CC)CC)C2)CC1,3.3877015e-05
COc1ccc(C2CNC(=O)NC2)cc1O[C@H]1C[C@@H]2CC[C@H]1C2,0.8245815
CC(=O)N1CCC[C@H]1C(=O)N[C@@H](Cc1cnc[nH]1)C(=O)N[C@@H](CO)C(=O)N[C@@H](CS)C(=O)N[C@@H](CC(N)=O)C(N)=O,0.00971675
CNCC[C@@H](Oc1ccccc1C)c1ccccc1,0.00026531375
CC(C)c1c(C(=O)Nc2ccccc2)c(-c2ccccc2)c(-c2ccc(F)cc2)n1CC[C@@H](O)C[C@@H](O)CC(=O)O,2.1915287e-07
CCOc1ccc(C[C@H]2NC(=O)CCSSC[C@@H](C(=O)N3CCC[C@H]3C(=O)N[C@@H](CCCN)C(=O)NCC(N)=O)NC(=O)[C@H](CC(N)=O)NC(=O)[C@H]([C@@H](C)O)NC(=O)[C@H]([C@@H](C)CC)NC2=O)cc1,0.043399688
O=C1C(=O)[C@H]([C@H]2CC[C@H](c3ccc(Cl)cc3)CC2)C(=O)c2ccccc21,0.0031843525
CC(C)(C)c1o[nH]c(=O)c1C[C@@H](N)C(=O)O,0.6573637
C=C1CCC[C@]2(C)C=C3OC(=O)C(C)=C3C[C@@H]12,0.012951756
COc1ccc(C[C@H]2c3cc(OC)c(OC)cc3CC[N@+]2(C)CCC(=O)OCCCCCOC(=O)CC[N@+]2(C)CCc3cc(OC)c(OC)cc3[C@@H]2Cc2ccc(OC)c(OC)c2)cc1OC,7.73027e-06
CCCCN(CCCC)C(=O)CN1C[C@H](c2ccc3c(c2)OCO3)[C@@H](C(=O)O)[C@@H]1c1ccc(OC)cc1,2.8299879e-05
C[N@+]1([O-])[C@@H]2CC[C@H]1C[C@@H](OC(=O)[C@H](CO)c1ccccc1)C2,0.0012499171
COc1cc(F)ccc1-c1ncnc(Nc2cccc(C[S@](C)(=N)=O)c2)n1,0.0003014291
NC[C@@](O)(c1ccc(Cl)cc1)c1ccc(-c2cn[nH]c2)cc1,0.24666166
CC(C)c1cc(C(=O)N2Cc3ccc(CN4CCN(C)CC4)cc3C2)c(O)cc1O,0.007413772
Clc1ccc(C2(c3ccc(-c4cn[nH]c4)cc3)CCNCC2)cc1,0.016620712
CC[P](CC)(CC)=[Au][S][C@@H]1O[C@H](COC(C)=O)[C@@H](OC(C)=O)[C@H](OC(C)=O)[C@H]1OC(C)=O,1.2003293e-08
CCN1CCN(C(=O)Cc2ccc(Nc3ncc(F)c(Nc4ccc(C(=O)Nc5ccccc5Cl)cc4)n3)cc2)CC1,0.0046318676
OC[C@H]1O[C@H]([S][Au])[C@H](O)[C@@H](O)[C@@H]1O,0.07328262
CC[C@H]1NC(=O)N(c2ccc(Oc3ccc(C)c(OC)c3)nc2)C1=O,0.0008930222
C[C@H](c1ccc2ccc(O[C@H]3CC[C@@H](C(F)(F)F)CC3)c(C(F)(F)F)c2c1)N1[C@@H]2CC[C@H]1C[C@@H](C(=O)O)C2,0.8548034
C=CC(=O)Nc1cc2c(Nc3ccc(F)c(Cl)c3)ncnc2cc1C#CC(C)(C)N1CCN(C)CC1,0.0009507622
O=C(N[C@H]1CCN(C(=O)c2cc(C(F)(F)F)cc(C(F)(F)F)c2)[C@H](Cc2ccc(Cl)cc2)C1)c1ccnc2ccccc12,0.32571393
Cc1ccc(NC(=O)[C@H]2CCCN(C(=O)c3c(C)cccc3F)[C@H]2c2ccc(NC3CCCC3)cc2)cc1C(F)(F)F,0.09753298
Cc1nc2cccc(N)c2c(=O)n1[C@H]1CCC(=O)NC1=O,0.0029422978
NC(=O)[C@@H](CCC(F)(F)F)N(Cc1ccc(-c2ncon2)cc1F)S(=O)(=O)c1ccc(Cl)cc1,0.004032154
COc1ccc(CNc2nc(N3CCC[C@H]3CO)ncc2C(=O)NCc2ncccn2)cc1Cl,0.23944087
Cn1cc(-c2cc3c(N4CCN(c5ncc([C@@](C)(N)c6ccc(F)cc6)cn5)CC4)ncnn3c2)cn1,0.015057374
CC(C)c1cc(C(C)C)c(CC(=O)NS(=O)(=O)Oc2c(C(C)C)cccc2C(C)C)c(C(C)C)c1,0.014934165
O=C(Nc1nc(-c2cc(Cl)cs2)c(N2CCN(C3CCCCC3)CC2)s1)c1cnc(N2CCC(C(=O)O)CC2)c(Cl)c1,0.84404606
CCNC(=O)NS(=O)(=O)c1sc(CC(C)C)cc1-c1ccc(Cn2c(-c3ccccc3)nc(OC)c2C=O)cc1,0.003362211
O=C(NC1Cc2ccccc2C1)c1ccc2c(c1)OC(F)(F)O2,0.42810148
CN(C)C[C@H]1CCOC1(c1ccccc1)c1ccccc1,4.020289e-05
NC(=O)[C@@H]1CC[C@@H]2CN1C(=O)N2OS(=O)(=O)O,0.976143
C=CC(=O)Nc1cccc(Oc2nc(Nc3ccc(N4CCN(C)CC4)c(F)c3)nc3[nH]ccc23)c1,0.007990832
C=CC(=O)Nc1cccc(Nc2nc(Nc3ccc(OCCOC)cc3)ncc2F)c1,0.0007863996
CNc1nn2c(C)c(N(C)C)c(C)nc2c1S(=O)(=O)c1ccccc1,0.11483468
CC[C@H](CC#N)OC(=O)N[C@@H](C)c1cccc(NC(=O)Nc2ccc(-c3cnco3)c(OC)c2)c1,0.24008054
COc1ccc(C(=O)C=C(O)c2ccc(C(C)(C)C)cc2)cc1,0.010538082
C=Cc1cc(C(=O)Nc2ccc(C(=N)N)cc2)c(-c2ccc(C(=O)NCC3CC3)nc2C(=O)O)cc1OC,0.6066812
CCCCCCCCCCCCCCCCCCN(CCCCCCCCCCCCCCCCCC)CCCN(CCO)CCO,0.018368915
COc1ccc2c(c1)C(c1ccc(F)cc1)=C(CN1CCCC1)CO2,0.022122344
CNC(=O)c1ccccc1Sc1ccc2c(/C=C/c3ccccn3)[nH]nc2c1,0.002942337
Clc1ccccc1CNC[C@H]1CC[C@H](CNCc2ccccc2Cl)CC1,0.928425
C=CCNC(=O)c1cc([N+](=O)[O-])cc2c(=O)nc(Nc3ccc(Cl)c(Cl)c3)[nH]c12,0.5482568
O=C(CC12CC3CC(CC(C3)C1)C2)Nc1cccc2nc(NCCNCCO)ccc12,0.48524877
Cc1ccc(-c2ncc[nH]2)cc1NC(=O)c1ccc(OCc2ccccn2)cc1,0.03690748
Cc1ccc(NC(=O)c2cccc(C(C)(C)C#N)c2)cc1Nc1ccc2ncn(C)c(=O)c2c1,0.0036371842
COc1ncnc(Cn2cc(C(=O)NCCO)c3ncc(C)cc32)c1C,9.680925e-06
Nc1ncn([C@@H]2O[C@H](CO)[C@@H](O)[C@H]2O)c(=O)n1,0.8545313
OC(c1ccccc1)(c1ccccc1)C1CCNCC1,0.838782
Nc1nc2nn[nH]c2c(=O)[nH]1,0.10285563
CC[C@@H]1[C@@H](C)O[C@@](O)([C@@H](C)[C@H](O)[C@H](C)[C@H]2OC(=O)/C=C/C=C/[C@H](C)[C@@H]([C@@H](C)[C@@H](O)[C@H](C)[C@@]3(O)C[C@@H](O[C@H]4C[C@H](O)[C@H](O)[C@H](C)O4)[C@H](CC)[C@@H](C)O3)OC(=O)/C=C/C=C/[C@@H]2C)C[C@H]1O[C@H]1C[C@H](O)[C@H](O)[C@H](C)O1,0.051396653
O=C(CCCN1CCN(c2ccccn2)CC1)c1ccc(F)cc1,0.00011853903
CCC[C@H]1C(=O)N2C(N(C)C)=Nc3ccc(C)cc3N2C1=O,1.4725316e-06
N#[N+]CC(=O)OC[C@H](N)C(=O)O,3.2793145e-05
CN1C(=O)COc2c(C(=O)N[C@H]3CN4CCC3CC4)cc(Cl)cc21,0.998393
CN1CCC(=C2c3ccccc3CCc3cccnc32)CC1,0.00079106557
Cn1cnc([N+](=O)[O-])c1Sc1ncnc2nc[nH]c12,0.16551061
CN(C)CCCOc1ccc(-c2ccc3ncc4c(c3c2)n(C2CCOCC2)c(=O)n4C)cn1,0.14131674
N#Cc1ccc2c(c1)C(c1ccc(CN3CCOCC3)cn1)C(=O)N2,0.0016210272
N[C@@H]1CCCN(c2c(/C=C3\SC(=O)NC3=O)cccc2-c2ccccc2)C1,0.016789056
CCOC(=O)c1cc(C#N)c(N2CCC(C(=O)NS(=O)(=O)Cc3ccccc3)CC2)nc1C,0.7397108
CC(C)n1c(=O)n(C)c2cnc3cc(F)c(-c4ccc(OCCCN5CCCCC5)nc4)cc3c21,0.4721485
O=C(c1ccc(Cl)o1)N1C[C@H]2CNC[C@@H]2C1,0.7866423
Cc1cc(Nc2nc(N[C@@H](C)c3ncc(F)cn3)ncc2Cl)[nH]n1,0.12854119
CC(=O)Nc1cccc2c1c(Sc1ccc(Cl)cc1)c(C)n2CC(=O)O,0.010188716
CNC(=O)c1cccc(-c2ccc3c(N4CCOC[C@@H]4C)nc(N4CCOC[C@@H]4C)nc3n2)c1,0.00037647726
COC1CCN(C(=O)c2cc(Cc3n[nH]c(=O)c4ccccc34)ccc2F)CC1,0.06898223
CN1CCN(S(=O)(=O)c2ccc(-c3cnc(N)c(C(=O)Nc4cccnc4)n3)cc2)CC1,0.0018119498
Cc1noc(C)c1-c1ccc(-c2cc(C(N)=O)c(NC(N)=O)s2)c(O[C@H]2CCNC2)c1,0.18466496
COc1cc(N2CCC(N)CC2)ccc1Nc1ncc(Cl)c(-c2c[nH]c3ccccc23)n1,0.6293991
CC(=O)N1CCN(CCOc2ccc(C3CCN(C4=Nn5c(nnc5C(F)(F)F)CC4)CC3)cc2)CC1,7.11386e-06
COc1cc2ncnc(Nc3cccc(Cl)c3F)c2cc1OC(=O)N1CCN(C)C[C@H]1C,0.003876722
NC1=N[C@@](c2cccc(-c3cncnc3)c2)(c2ccnc(C(F)F)c2)c2cccc(F)c21,0.00081554125
Cc1[nH]nc(C(F)(F)F)c1Cc1sc2c(c1C(=O)N1C[C@](C)(O)CO1)c(=O)n(C)c(=O)n2C(C)C,0.81402546
O=C(O)C[C@H]1CC[C@H](c2ccc(NC(=O)c3nnc(Nc4ccc(F)c(F)c4)o3)cc2)CC1,6.3511916e-06
NCC(=O)O,0.120801084
COc1cc(CCc2cc(NC(=O)c3ccc(N4C[C@@H](C)N[C@@H](C)C4)cc3)[nH]n2)cc(OC)c1,0.004619498
CC(=O)N[C@@H]1CCC[C@H](C(=O)Nc2cc(-c3cnn4c3CC(C)(C)C4)c(Cl)cn2)C1,0.0005784787
Cc1cc(-c2nnc(N)nc2-c2ccc(F)cc2)cc(Cl)n1,0.48391262
C[C@@H](Oc1cc(NS(=O)(=O)N2CCC2)nc(SCc2cccc(F)c2F)n1)[C@@H](O)CO,0.6869125
COc1nnc2ccc(N3CCC(c4ccc(OCCN5CCN(C)C(=O)[C@H]5C)cc4)CC3)nn12,0.00021525705
NC1(C(=O)N[C@@H](CCO)c2ccc(Cl)cc2)CCN(c2ncnc3[nH]ccc23)CC1,0.17408758
Cc1ncc(-c2ccnc(Nc3ccc(S(C)(=O)=O)cc3)n2)n1C(C)C,0.893129
CN[C@@H](C)C(=O)N[C@H](C(=O)N1CCC[C@H]1C(=O)N[C@H]1c2ccccc2C[C@H]1OCC#CC#CCO[C@@H]1Cc2ccccc2[C@@H]1NC(=O)[C@@H]1CCCN1C(=O)[C@@H](NC(=O)[C@H](C)NC)C1CCCCC1)C1CCCCC1,0.9071434
Cc1c2c(nn1C)CSCc1cc(n(C)n1)CSc1cc(c3ccccc3c1)OCCCc1c(C(=O)O)n(C)c3c-2c(Cl)ccc13,0.3967428
Cc1cc([C@@H](C)Nc2ccccc2C(=O)O)c2nc(N3CCOCC3)cc(=O)n2c1,0.014027652
C[C@@H]1COCCN1c1cc(C2([S@@](C)(=N)=O)CC2)nc(-c2ccnc3[nH]ccc23)n1,0.0010060483
N[C@@H](Cc1ccccn1)c1ccccc1,0.14534824
CN(C)C(=O)c1ccc(S(=O)(=O)c2ccc(NC(=O)[C@@](C)(O)C(F)(F)F)c(Cl)c2)cc1,0.030513264
C[C@H](NC(=O)C(C)(F)F)[C@H](Oc1ccc2c(cnn2-c2cccc(C(=O)N[C@@H]3CCOC3)c2)c1)c1ccc2c(c1)OCCO2,0.0048967055
Cc1nc(C)c(-c2ccc([C@H]3CC[C@H](CC(=O)O)CC3)cc2)nc1C(N)=O,3.91655e-06
NC(=O)Nc1cc(-c2cccc(F)c2)sc1C(=O)N[C@H]1CCCNC1,0.0028010444
Cn1c(=O)oc2ccc(-c3ccc(C[C@@H](C#N)NC(=O)[C@@H]4CNCCCO4)cc3)cc21,0.8142247
COc1ccc(-c2ccc3c(N4CCOC[C@@H]4C)nc(N4CCOC[C@@H]4C)nc3n2)cc1CO,2.3958988e-05
C[C@@H](Nc1cc(F)cc(F)c1)c1cc(C(=O)N(C)C)cc2c(=O)cc(N3CCOCC3)oc12,0.10076396
Cc1cc(C(=O)NOCCO)c(Nc2ccc(I)cc2F)n(C)c1=O,0.0011035064
CC(C)C[C@H](CO)Nc1nc(S[C@@H](C)c2ccccc2)nc2nc(N)sc12,0.3858845
CCn1nc(C2CCN(C(=O)CCO)CC2)nc1-c1cnc(N)c(-c2nnc(C(C)(C)C)o2)n1,0.041110624
CNC(=O)CN1CCC(Oc2cc3c(Nc4cccc(Cl)c4F)ncnc3cc2OC)CC1,0.01083011
O=C(NCC12CC3CC(CC(C3)C1)C2)c1cc(CCCNCCCO)ccc1Cl,0.37088662
N#Cc1cc(F)cc(-c2nc(-c3ccc(F)cn3)no2)c1,3.720515e-05
C[C@@H]1Cc2c([nH]c3ccccc23)[C@@H](c2c(F)cc(/C=C/C(=O)O)cc2F)N1CC(C)(C)F,9.624117e-05
Cc1c(-c2ccnn2C)cc(C(=O)NCc2ccc(S(C)(=O)=O)cn2)c(=O)n1-c1cccc(C(F)(F)F)c1,0.28867888
O=C(O)CCCCCCCC(=O)O,0.00012896887
CN1CCC[C@H](n2nc(Cc3ccc(Cl)cc3)c3ccccc3c2=O)CC1,0.001569086
CCCCc1nc(-c2ccc(OCCCN(CC)CC)cc2)cn1-c1ccc(Oc2ccc(Cl)cc2)cc1,0.0032964698
CC1=C(C(=O)OC(C)C)[C@@H](c2cccc([N+](=O)[O-])c2)C(C(=O)OC2CN(C(c3ccccc3)c3ccccc3)C2)=C(N)N1,0.00045750604
CCOc1nc2cccc(C(=O)O)c2n1Cc1ccc(-c2ccccc2-c2nc(=O)o[nH]2)cc1,0.03269166
CCOc1nc2cccc(C(=O)OCc3oc(=O)oc3C)c2n1Cc1ccc(-c2ccccc2-c2nc(=O)o[nH]2)cc1,0.01215141
CN1CCN(CCCCN2C(=O)CN(/N=C/c3ccc(-c4ccc(Cl)cc4)o3)C2=O)CC1,0.00035977914
CC[C@H]1OC(=O)[C@H](C)[C@@H](O[C@H]2C[C@@](C)(OC)[C@@H](O)[C@H](C)O2)[C@H](C)[C@@H](O[C@@H]2O[C@H](C)C[C@H](N(C)C)[C@H]2O)[C@](C)(O)C[C@@H](C)CN(C)[C@H](C)[C@@H](O)[C@]1(C)O,0.2358986
CC1(C)S[C@@H]2[C@H](NC(=O)[C@H](NC(=O)N3CCNC3=O)c3ccccc3)C(=O)N2[C@H]1C(=O)O,0.021844918
COc1ccc(Cl)c(Nc2ncnc3cc(OCC4CCN(C)CC4)c(OC)cc23)c1,0.0058426
NC(=O)/N=N/C(N)=O,0.99958473
O=[N+]([O-])c1ncc[nH]1,0.0009850913
NS(=O)(=O)c1cc(-c2nn[nH]n2)c(NCc2cccs2)cc1Cl,0.9706186
C[C@H]1[C@H](NC(=O)/C(=N\OC(C)(C)C(=O)O)c2csc(N)n2)C(=O)N1S(=O)(=O)O,0.9983772
COc1cc(N2CCN(C)CC2)ccc1Nc1nccc(-c2cn(C)c3cnccc23)n1,0.005199594
C[C@@H]1COCCN1c1cc(C2(S(C)(=O)=O)CC2)nc(-c2cccc3[nH]ccc23)n1,0.00078971544
COc1cc(OC2CCN(C)CC2)ccc1Nc1ncc2c(n1)n(C1CCCC1)c(=O)n2C,0.9612688
O=C1COc2c(CCNCCN(C(=O)CCNCCc3ccc(Cl)c(Cl)c3)C3CCCCC3)ccc(O)c2N1,0.84118694
C=CC(=O)Nc1cc(Nc2nccc(-c3c[nH]c4ccccc34)n2)c(OC)cc1N(C)CCN(C)C,0.11145709
C=CC(=O)Nc1cc(Nc2nccc(-c3cn(C)c4ccccc34)n2)c(OC)cc1N(C)CCNC,0.18424438
Cc1cc(Nc2nc(N[C@@H](C)c3ccc(F)cc3)c(C#N)cc2F)[nH]n1,0.43832892
CC1=C(C)C(=O)C(CC[C@](C)(O)CCC[C@H](C)CCC[C@H](C)CCCC(C)C)=C(C)C1=O,0.262068
CCCCCCCCCC[C@@H](O)[C@H]1C=C[C@@H]2C(=O)N(c3ccccc3)C(=O)[C@@H]2N1Nc1ccc([N+](=O)[O-])cc1,0.27242747
Cc1ccc(Sc2cncc3sc(C(N)=O)cc23)cc1,0.00068869407
CS(=O)(=O)Nc1c(O)ccc2c1CCC[C@H]2C1=NCCN1,7.126771e-05
Cc1nc(NC(=O)N2CCC[C@H]2C(N)=O)sc1-c1csc(C(C)(C)C)n1,0.024275435
COc1ccc(CC(=O)N[C@@H](N/C(=N/C#N)Nc2cccc3ncccc23)C(C)(C)C)cc1OC,0.024824398
NC[C@@H]1O[C@H](C23CC4CC(CC(C4)C2)C3)Cc2c1ccc(O)c2O,0.29241863
O=C(Nc1ccccc1)Nc1ccc(-c2ccc(C(=O)[C@@H]3CCC[C@@H]3C(=O)O)cc2)cc1,0.064106286
CCOC(=O)O[C@@H](C)OC(=O)[C@@H]1N2C(=O)[C@@H](NC(=O)[C@H](N)c3ccccc3)[C@H]2SC1(C)C,0.037610933
CC[C@H](C)[C@H](N)C1=N[C@H](C(=O)N[C@@H](CC(C)C)C(=O)N[C@H](CCC(=O)O)C(=O)N[C@H](C(=O)N[C@H]2CCCCNC(=O)[C@H](CC(N)=O)NC(=O)[C@@H](CC(=O)O)NC(=O)[C@H](Cc3cnc[nH]3)NC(=O)[C@@H](Cc3ccccc3)NC(=O)[C@H]([C@@H](C)CC)NC(=O)[C@@H](CCCN)NC2=O)[C@@H](C)CC)CS1,0.17714956
CC[C@H](C)[C@H](N)C1=N[C@H](C(=O)N[C@@H](CC(C)C)C(=O)N[C@@H]2CCC(=O)[O][Zn][O]C(=O)C[C@H]3NC(=O)[C@H](Cc4c[nH]cn4)NC(=O)[C@@H](Cc4ccccc4)NC(=O)[C@H]([C@@H](C)CC)NC(=O)[C@@H](CCCN)NC(=O)[C@H](CCCCNC(=O)[C@H](CC(N)=O)NC3=O)NC(=O)[C@H]([C@@H](C)CC)NC2=O)CS1,0.41292933
NC[C@@H](CC(=O)O)c1ccc(Cl)cc1,0.0013546706
CC(C)(c1ccc(OC[C@H]2CO2)cc1)c1ccc(OC[C@H]2CO2)cc1,0.97278655
Cc1ccc(NC(=O)c2ccc(CN3CC[C@H](N(C)C)C3)c(C(F)(F)F)c2)cc1Nc1nccc(-c2cncnc2)n1,0.86719394
CO/C1=C\C(C)=C/[C@@H](C)[C@@H](O)[C@@H](C)C/C(C)=C/C=C/[C@H](OC)[C@@H]([C@@H](C)[C@@H](O)[C@H](C)[C@@]2(O)C[C@@H](O)[C@H](C)[C@@H](C(C)C)O2)OC1=O,8.4225585e-06
Cc1nc2cnc3ccc(C#Cc4cccnc4)cc3c2n1-c1ccc(C(C)(C)C#N)cc1,0.011101903
O=c1c(O)c(O)cc2oc(-c3ccccc3)cc(O)c1-2,0.0005974703
O=C(O)[C@H]1O[C@@H](Oc2cc3oc(-c4ccccc4)cc(O)c-3c(=O)c2O)[C@H](O)[C@@H](O)[C@@H]1O,0.08791638
C=C[C@@](C)(/C=C/c1ccc(O)cc1)CCC=C(C)C,0.047833804
Cn1c(COc2ccc(C[C@H]3SC(=O)NC3=O)cc2)nc2ccccc2c1=O,1.0033594e-06
CC(C)C(=O)OC[C@@]1(N=[N+]=[N-])O[C@@H](n2ccc(N)nc2=O)[C@H](OC(=O)C(C)C)[C@@H]1OC(=O)C(C)C,0.112295255
CCCN1CCN(c2ccc(C(=O)NC3(C(=O)NCC#N)CCCCC3)cc2)CC1,0.000108495886
CN[C@H]1CCCN(c2c(F)cc3c(=O)c(C(=O)O)cn(C4CC4)c3c2OC)C1,0.9996598
O=C1c2c(O)c(=O)ccn2N([C@@H]2c3ccccc3SCc3c2ccc(F)c3F)[C@@H]2COCCN12,0.036974665
COC(=O)OCOc1c2n(ccc1=O)N([C@@H]1c3ccccc3SCc3c1ccc(F)c3F)[C@@H]1COCCN1C2=O,0.07156981
O=C(O)CCNC(=O)c1ccc(/N=N/c2ccc(O)c(C(=O)O)c2)cc1,0.18569916
CCCn1c(=O)c(CCCOC(=O)NC)nc2ccccc21,0.0008142693
CN(C)C(=O)Oc1cc(OC(=O)N(C)C)cc(C(O)CNC(C)(C)C)c1,0.0001164539
CCOc1ccccc1N/N=C1/C(=O)N(c2nc(-c3ccccc3)cs2)N=C1C,7.851179e-06
O=C(NCCCN1CCC2(CC1)OCc1ccccc12)[C@H]1CCCN1Cc1ccccc1,0.00041898395
C[N+](C)([O-])CCNc1ccc(NCC[N+](C)(C)[O-])c2c1C(=O)c1c(O)ccc(O)c1C2=O,0.049342804
CCN(CCCOc1ccc2c(Nc3cc(CC(=O)Nc4cccc(F)c4)n[nH]3)ncnc2c1)CCOP(=O)(O)O,0.59051764
CCN(CCO)CCCOc1ccc2c(Nc3cc(CC(=O)Nc4cccc(F)c4)n[nH]3)ncnc2c1,0.21249907
CC1(C)CC[C@]2(C(=O)O)CC[C@]3(C)[C@H](C(=O)C=C4[C@@]5(C)C=C(C#N)C(=O)C(C)(C)[C@@H]5CC[C@]43C)[C@@H]2C1,0.00028647418
COC(=O)[C@]12CCC(C)(C)C[C@H]1[C@H]1C(=O)C=C3[C@@]4(C)C=C(C#N)C(=O)C(C)(C)[C@@H]4CC[C@@]3(C)[C@]1(C)CC2,3.3679518e-07
CCS(=O)(=O)N1CC(CC#N)(n2cc(-c3ncnc4[nH]ccc34)cn2)C1,0.85107285
O=C[C@H](O)[C@@H](O)[C@H](O)[C@H](O)COP(=O)(O)O,0.0063997814
COC(=O)C1=C(C)NC(C)=C(C(=O)O[C@H]2CCN(Cc3ccccc3)C2)[C@H]1c1cccc([N+](=O)[O-])c1,0.00073343026
CC1=CC(=C(c2ccc(N)cc2)c2ccc(N)cc2)C=CC1=N,0.016202059
Cc1nc(C#Cc2ccnc(Cl)c2)c(C)n1-c1ccc(F)cc1,0.0007278014
Cc1onc(-c2ccc(F)cc2)c1COc1ccc(C(=O)N2CCS(=O)(=O)CC2)cn1,0.00021850734
COc1cc(NC(=O)CCN2CCC(OC(=O)Nc3ccccc3-c3ccccc3)CC2)c(Cl)cc1CNC[C@H](O)c1ccc(O)c2nc(O)ccc12,0.014423111
CNC(=O)[C@H](Cc1ccccc1)NC(=O)[C@H](CC(C)C)[C@H](CSc1cccs1)C(=O)NO,0.39505228
O=C(c1ccc(CN2CCOCC2)cc1)N1CCN(C2CC2)CC1,0.0007347598
O[C@@H](CN1CCNCC1)Cn1c2ccc(Br)cc2c2cc(Br)ccc21,0.0006455933
COC(=O)C1=C(C)NC(C)=C([N+](=O)[O-])[C@@H]1c1ccccc1C(F)(F)F,0.005624254
COC(=O)C1=C(C)NC(C)=C([N+](=O)[O-])[C@H]1c1ccccc1C(F)(F)F,0.0026348287
COC(=O)C1=C(C)N(C)C(C)=C(C(=O)OC)C1c1ccc(C(F)(F)F)cc1,2.0700782e-05
Cc1ccc(S(=O)(=O)/C=C/C#N)cc1,0.0012863851
CC(C)(C)c1ccc(S(=O)(=O)/C=C/C#N)cc1,0.000840357
COc1cc(F)ccc1-c1cc(Nc2cc(C[S@](C)(=N)=O)ccn2)ncc1F,0.20040993
C[C@H]1C[C@@H](n2c(Nc3ccc(OC(F)(F)F)cc3)nc3cc(CCC(=O)O)ccc32)CC(C)(C)C1,0.75514007
C[C@@H]1COCCN1c1cc(-c2ccnn2C)c2ccnc(-c3ccn[nH]3)c2n1,4.435847e-06
CCn1c(CO)nn(-c2cc(O[C@@H](C)C(F)(F)F)c(C(=O)Nc3c(F)cccc3Cl)cc2F)c1=O,0.0033646226
Nc1nc(-c2nn(Cc3ccccc3F)c3ncccc23)ncc1C1CC1,0.0091346055
N#Cc1c(N)nc(SCC(N)=O)c(C#N)c1-c1ccc(OCC2CC2)cc1,0.044855647
COc1ccc(Cc2nc(=O)c3c(C)nc([C@@H](CCCc4ccccc4)[C@@H](C)O)n3[nH]2)cc1OC,0.0009062021
COc1ccc(-c2cc3nccn3c(Nc3ncccc3C(N)=O)n2)cc1OC,0.39316922
O=C(Nc1ccccc1C(=O)O)c1cc(S(=O)(=O)c2ccccc2)ccc1Cl,0.16486296
N[C@@H](C[C@@H](F)C(=O)O)C(=O)O,0.92435527
Cc1cc(-c2nc(-c3ccc(OC(F)(F)F)cc3)no2)nn1Cc1ccnc(N2CCN(C3CC3)CC2)c1,4.708802e-06
NC(=O)c1ccc2nc(-c3ccc(C4(N)CCC4)cc3)c(-c3ccccc3)n2n1,5.0876584e-05
COc1ccc(Oc2cc(NCCC(F)(F)F)c3ncc(-c4ccc(C(=O)NC5CC5)c(C)c4)n3n2)c(F)c1F,0.0005765123
Cc1c(-c2ccc(O)cc2)n(Cc2ccc(OCCN3CCCCCC3)cc2)c2ccc(O)cc12,0.001495567
Cn1cc(CCn2cnc(-c3cnn(C)c3)c2-c2ccc(C#N)cc2)cn1,5.039497e-05
N=C(N)SCc1ccc(B(O)O)cc1,0.9997894
Cc1oc2nc3c(c(NC(=O)CN4CCCC4=O)c2c1C)CCCC3,0.062127955
CC(C)(C)c1ccc(NC(=O)N2CCN(c3ncccc3Cl)CC2)cc1,0.03205887
N=C(N)c1cc2ccc(OC(=O)c3cccs3)cc2s1,0.0021710282
CN(CCc1ccc(Cl)c(Cl)c1)CCN1CCCC1,0.00063933554
CN(C)CCN(C)CCc1ccc(Cl)c(Cl)c1,0.0004763456
CN1CCN(CCc2ccc(Cl)c(Cl)c2)CC1,0.00068063935
O=C1c2ccccc2CC[C@@H]1CNCCc1ccc(O)cc1,0.14155091
CNc1ccc(-c2nc(N3CCOCC3)c3sc(CN(C)c4ncc(C(=O)NO)cn4)cc3n2)cn1,0.14394926
O=C(CCCl)NCc1ccccc1,0.00014897066
C[C@H]1C[C@H]2[C@H]3CCC4=CC(=O)C=C[C@@]4(C)[C@@]3(Cl)[C@@H](O)C[C@@]2(C)[C@@]1(O)C(=O)CO,0.63327396
CCC(=O)OCC(=O)[C@@]1(OC(=O)CC)[C@@H](C)C[C@H]2[C@@H]3CCC4=CC(=O)C=C[C@]4(C)[C@@]3(Cl)[C@@H](O)C[C@@]21C,0.8509967
COc1nc2ccc(Br)cc2cc1[C@@H](c1ccccc1)[C@@](O)(CCN(C)C)c1cccc2ccccc12,0.26946104
O=C(c1cc2ccccc2o1)N1CCN(Cc2ccccc2)CC1,0.0008303247
O=S(=O)(N[C@H](CO)C(C(F)(F)F)C(F)(F)F)c1ccc(Cl)s1,0.2263561
NC[C@H]1O[C@H](O[C@H]2[C@H](O)[C@@H](O[C@H]3O[C@H](CO)[C@@H](O)[C@H](N)[C@H]3O)[C@H](N)C[C@@H]2N)[C@H](N)[C@@H](O)[C@@H]1O,0.71343184
O=C(/C=C/c1cccc(S(=O)(=O)Nc2ccccc2)c1)NO,0.0023555357
CC(C)NC(=O)[C@H]1CC[C@@H](n2c(NC(=O)c3ccc(F)cc3)nc3ccc(CN4CCC(C(C)(C)O)CC4)cc32)CC1,0.017098648
CC[C@@]1(O)C(=O)OCc2c1cc1n(c2=O)Cc2c-1nc1ccccc1c2CCNC(C)C,0.007100888
CCC1(C)CC(=O)NC(=O)C1,5.1735387e-06
CCCC[C@@H](CC)COc1ccc(-c2nc(-c3ccc(OC)cc3)nc(-c3ccc(OC[C@@H](CC)CCCC)cc3O)n2)c(O)c1,0.12561917
CC(C)(CCCCCC(O)CCCCCC(C)(C)C(=O)O)C(=O)O,0.0056719193
CCN(CC)CCOC(=O)C(O)(c1ccccc1)c1ccccc1,8.3500385e-07
O=C(O)c1ccc(N[C@@H]2O[C@H](CO)[C@@H](O)[C@H](O)[C@H]2O)cc1,0.04578604
CCOC(=O)[C@H](CCc1ccccc1)N[C@H]1CCc2ccccc2N(CC(=O)O)C1=O,0.00011974156
Cn1c(CCCC(=O)O)nc2cc(N(CCCl)CCCl)ccc21,1.8136994e-05
O=C(O)COc1nn(Cc2ccccc2)c2ccccc12,0.0009155766
c1ccc(Cc2nc3ccccc3[nH]2)cc1,0.00012917441
NS(=O)(=O)c1cc2c(cc1C(F)(F)F)N[C@@H](Cc1ccccc1)NS2(=O)=O,0.66152465
c1ccc(CCNCc2ccccc2)cc1,0.0027664013
C[C@@H](Cc1cccc(C(F)(F)F)c1)NCCOC(=O)c1ccccc1,0.0028221805
CCCCN(CC)c1c([N+](=O)[O-])cc(C(F)(F)F)cc1[N+](=O)[O-],0.030132378
C/C(=C(\CCOP(=O)(O)O)SC(=O)c1ccccc1)N(C=O)Cc1cnc(C)nc1N,0.014393811
COC(=O)C1=C(C)NC(C)=C(C(=O)O[C@@H]2CCCN(Cc3ccccc3)C2)[C@@H]1c1cccc([N+](=O)[O-])c1,0.002735478
O=C(CCCN1CCC(n2c(=O)[nH]c3ccccc32)CC1)c1ccc(F)cc1,0.017535646
C[C@@H](COc1ccccc1Cc1ccccc1)N1CCCCC1,5.3015232e-05
NC(CO)C(=O)NNCc1ccc(O)c(O)c1O,0.0032682787
O=C(O)c1ccc(NC(=O)[C@H](Cc2ccc(O)cc2)NC(=O)c2ccccc2)cc1,0.017650671
O=C(CNC(=O)c1ccc(Cl)cc1)NO,0.00033761258
CCCCCCCCCCCCC[N+](C)(C)Cc1ccccc1,0.5141123
NC(=NC(=O)c1nc(Cl)c(N)nc1N)NCc1ccccc1,0.22304691
CCc1oc2ccccc2c1C(=O)c1cc(Br)c(O)c(Br)c1,0.0025050973
Cc1ccc(C)c([C@H](O)CNC(C)C)c1,0.0003720396
CC(C)(C)CC(C)(C)c1ccc(OCCOCC[N+](C)(C)Cc2ccccc2)cc1,0.0011921013
O=C(Cn1ccnc1[N+](=O)[O-])NCc1ccccc1,0.0026142884
S=c1[nH]c2ccccc2s1,0.0020303028
CCOC(=O)c1ccc(N)cc1,9.722679e-05
O=C(O[C@H]1CN2CCC1CC2)c1ccccc1,0.0036871363
O=C(O)Cc1ccc(OCc2ccccc2)c(Cl)c1,0.09341724
O=C(O)c1ccccc1,0.0017657452
O=C(c1ccccc1)[C@H](O)c1ccccc1,0.0063162437
CCCCNc1ccc(C(=O)OCCOCCOCCOCCOCCOCCOCCOCCOCCOC)cc1,2.7068038e-05
CC[N+](CC)(CCCNC1=CC(=O)C(NCCC[N+](CC)(CC)Cc2ccccc2)=CC1=O)Cc1ccccc1,7.9070756e-05
O=C(N[C@@H](Cc1c[nH]c2ccccc12)C(=O)O)c1ccc(Cl)cc1,0.0016303321
O=C(Oc1cccc2cccnc12)c1ccccc1,0.025145186
O=C(OOC(=O)c1ccccc1)c1ccccc1,0.0024086928
O=C(Nc1ccc(C(=O)O)c(O)c1)c1ccccc1,0.0062207943
NS(=O)(=O)c1cc2c(cc1Cl)NC(=CSCc1ccccc1)NS2(=O)=O,0.12136198
CN1[C@@H]2CC[C@H]1C[C@@H](OC(c1ccccc1)c1ccccc1)C2,1.1835619e-05
CN(C)CCCOc1nn(Cc2ccccc2)c2ccccc12,0.00030972043
OCc1ccccc1,0.0006216769
O=C(OCc1ccccc1)c1ccccc1,0.00041106282
S=C=NCc1ccccc1,0.0005373704
CCCCCCCCCCCCCCCC[N+](C)(C)Cc1ccccc1,0.5242821
CCCCCCCC[N+](C)(C)Cc1ccccc1,0.027775524
CC1(C)S[C@@H]2[C@H](NC(=O)Cc3ccccc3)C(=O)N2[C@H]1C(=O)O,0.07445059
C[N+](C)(CCOc1ccccc1)Cc1ccccc1,0.00031674656
O=C(O)CCCN1CCC(O[C@@H](c2ccc(Cl)cc2)c2ccccn2)CC1,0.00037021097
CC(C)COCC(CN(Cc1ccccc1)c1ccccc1)N1CCCC1,1.35757555e-05
COc1ccc2cc3[n+](cc2c1OC)CCc1cc2c(cc1-3)OCO2,0.05144004
COc1c2ccoc2cc2oc(=O)ccc12,0.013184743
COc1c(O)cc2c(c1O)[C@@H]1O[C@H](CO)[C@@H](O)[C@H](O)[C@H]1OC2=O,0.2837167
N[C@@H]1CCCCN(c2c(F)cc3c(=O)c(C(=O)O)cn(C4CC4)c3c2Cl)C1,0.99971956
Cc1nnc(C[C@@H]2C=C(c3ccc(Cl)cc3)c3ccccc3-n3c(C)nnc32)o1,0.0006271519
Oc1cccc(Nc2ccc(Nc3cccc(O)c3)nn2)c1,0.0034992192
CC1=C(/C=C/C(C)=C/C=C/C(C)=C/C=C/C=C(C)/C=C/C=C(C)/C=C/C2=C(C)CCCC2(C)C)C(C)(C)CCC1,0.33722892
CCCCOC(=O)c1cc2c(cn1)[nH]c1ccccc12,0.036649846
C=C[C@]1(C)CC[C@@H](C(=C)C)C[C@H]1C(=C)C,2.7470016e-05
COC(=O)/C=C/C(=O)N[C@@H]1CC[C@@]2(O)[C@H]3Cc4ccc(O)c5c4[C@@]2(CCN3CC2CC2)[C@H]1O5,0.001417836
O=P(O)(O)OC(CO)CO,0.0092590945
CC(C)(O)CC(=O)O,5.585104e-05
CC(O)CC(=O)O,0.00026944114
CC1(C)CCC2=C(O1)c1ccccc1C(=O)C2=O,0.0003160808
Oc1ccc2ccccc2c1,0.0012380884
CNCCc1ccccn1,0.00024674
C[N+](C)(C)CC(=O)O,0.00013005377
C[C@H]1C[C@H]2[C@@H]3CCC4=CC(=O)C=C[C@]4(C)[C@@]3(F)[C@@H](O)C[C@]2(C)[C@@]1(O)C(=O)CO,0.28970593
CC(=O)OCC(=O)[C@@]1(O)[C@@H](C)C[C@H]2[C@@H]3CCC4=CC(=O)C=C[C@]4(C)[C@@]3(F)[C@@H](O)C[C@@]21C,0.010738186
CCCC(=O)O[C@]1(C(=O)COC(=O)CC)[C@@H](C)C[C@H]2[C@@H]3CCC4=CC(=O)C=C[C@]4(C)[C@@]3(F)[C@@H](O)C[C@@]21C,0.9400553
CCC(=O)OCC(=O)[C@@]1(OC(=O)CC)[C@@H](C)C[C@H]2[C@@H]3CCC4=CC(=O)C=C[C@]4(C)[C@@]3(F)[C@@H](O)C[C@@]21C,0.71009946
C[C@H]1C[C@H]2[C@@H]3CCC4=CC(=O)C=C[C@]4(C)[C@@]3(F)[C@@H](O)C[C@]2(C)[C@@]1(O)C(=O)COP(=O)(O)O,0.9073814
CCCCC(=O)O[C@]1(C(=O)CO)[C@@H](C)C[C@H]2[C@@H]3CCC4=CC(=O)C=C[C@]4(C)[C@@]3(F)[C@@H](O)C[C@@]21C,0.9569166
O=C(O)CCNC(=O)c1ccccc1,0.017032674
CC(C)NC[C@@H](O)COc1ccc(CCOCC2CC2)cc1,0.00027250955
NCCc1ccn[nH]1,0.0067085032
C[C@@H](C[N+](C)(C)C)OC(N)=O,0.16337857
CC[S@](=O)c1nc(-c2cccc(OCc3ccccc3)c2)cc(C(F)(F)F)n1,0.000858865
COc1ccc(NC(=O)c2ccc(C(=N)N(C)C)cc2)c(C(=O)Nc2ccc(Cl)cn2)c1,0.52151644
C=C(C)[C@@H]1CC[C@]2(C(=O)O)CC[C@]3(C)[C@H](CC[C@@H]4[C@@]5(C)CC[C@H](O)C(C)(C)[C@@H]5CC[C@]43C)[C@@H]12,0.0033292798
COc1ccc(CCNC[C@@H](O)COc2cccc(C)c2)cc1OC,7.081112e-05
COc1cc(CNCCC2CCOCC2)ccc1Oc1cnc(C(N)=O)cn1,0.0025164366
C=C(C)[C@@H]1CC[C@]2(C(=O)O)CC[C@]3(C)[C@H](CC[C@@H]4[C@@]5(C)CC[C@H](OC(=O)CC(C)(C)C(=O)O)C(C)(C)[C@@H]5CC[C@]43C)[C@@H]12,0.9622945
OC[C@H]1O[C@@H](c2ccc(Cl)c(Cc3ccc(OCCOC4CC4)cc3)c2)[C@H](O)[C@@H](O)[C@@H]1O,0.0036310533
C=C(c1ccc(C(=O)O)cc1)c1cc2c(cc1C)C(C)(C)CCC2(C)C,0.0028342742
CC(C)(Oc1ccc(CCNC(=O)c2ccc(Cl)cc2)cc1)C(=O)O,0.8987572
O=C(Nc1cccc(C(F)(F)F)c1)c1cccc2cc(Oc3cc(CO)ncn3)ccc12,0.006627565
N=C(NOC[C@@H](O)CN1CCCCC1)c1cccnc1,0.00010003882
COc1ccc(-c2ccc3ncc4c(c3c2)n(-c2ccc(N3CCNCC3)c(C(F)(F)F)c2)c(=O)n4C)cn1,0.019850817
CC(C)(C)c1cc(O)c(C(C)(C)C)cc1O,0.00017335973
CC(C)CCN1c2nc(Nc3cc(F)c(O)c(F)c3)ncc2N(C)C(=O)[C@@H]1C,0.040206492
Cc1nc2ccccc2c(-c2ccc3c4c(ccnc24)CCO3)c1[C@H](OC(C)(C)C)C(=O)O,0.013392533
CC[C@@H]1C(=O)N(C)c2cnc(Nc3ccc(C(=O)NC4CCN(C)CC4)cc3OC)nc2N1C1CCCC1,0.80573004
Oc1nc(Cc2ccccn2)nc2c1cnn2C1CCOCC1,0.15124674
O=c1[nH]nc(Sc2ncc([N+](=O)[O-])s2)n1-c1ccc2c(c1)OCCO2,0.11109341
CCNC(=O)C#Cc1ccc2c(c1)NC(=O)/C2=C(/Nc1ccc(CN(C)C)cc1)c1ccccc1,0.14743409
CN(C(=O)n1cnc(-c2ccc[n+]([O-])c2)c1)C1CCCCC1,6.2760875e-05
C[C@@H](O)[C@H]1C(=O)N2C(C(=O)O)=C(SC3Cn4cnc[n+]4C3)[C@H](C)[C@H]12,0.9999919
NCCCC[C@H](NC(=O)[C@@H](Cc1cc(Br)c(O)c(Br)c1)NC(=O)N1CCC(N2Cc3ccccc3NC2=O)CC1)C(=O)N1CCN(c2ccncc2)CC1,0.0054191784
C/C(=C\C(=O)Nc1ccccc1C(=O)O)c1ccc2ccccc2c1,0.0013832077
CCN(CC)CC1CCN(c2ncc3ncnc(Nc4ccc(F)c(Cl)c4)c3n2)CC1,0.20737235
CN1CCC(Nc2ncc3ncnc(Nc4ccc(F)c(Cl)c4)c3n2)CC1,0.706768
CC(O)(CS(=O)(=O)c1ccc(F)cc1)C(=O)Nc1ccc(C#N)c(C(F)(F)F)c1,0.009128156
Cc1ccc([C@@]23CNC[C@@H]2C3)cc1,0.05503763
O=C(NCc1c(F)cc(F)cc1F)c1cn2c(c(O)c1=O)C(=O)N1[C@H]3CC[C@H](C3)O[C@@H]1C2,0.85749066
CN1CCc2cc3c(cc2[C@H]1[C@@H]1OC(=O)c2c1ccc1c2OCO1)OCO3,0.00029068583
C[N+]1(C)CCc2cc3c(cc2[C@H]1[C@@H]1OC(=O)c2c1ccc1c2OCO1)OCO3,0.00016826596
COC(=O)c1cc(OC)c2c(c1-c1c(CO)cc(OC)c3c1OCO3)OCO2,0.0011779794
CNCCCCOc1ccccc1Cc1ccccc1,0.00075571844
COC(=O)c1cc(OC)c2c(c1-c1c(C(=O)OC)cc(OC)c3c1OCO3)OCO2,0.0118740555
c1ccc(-c2ccc([C@H](c3ccccc3)n3ccnc3)cc2)cc1,0.003705066
COc1c(C)cnc(Cn2cnc3c(Cl)nc(N)nc32)c1C,0.005081124
CCOCCn1c(C2CCN(CCc3ccc(C(C)(C)C(=O)O)cc3)CC2)nc2ccccc21,0.0016944241
CC(C)(C)[C@]1(O)C[C@@H]2OC(=O)C[C@@]23C(=O)O[C@@H]2OC(=O)[C@H](O)[C@]213,0.00072440796
CCNC(=O)CCC/C=C\C[C@@H]1[C@@H](/C=C/[C@@H](O)CCc2ccccc2)[C@H](O)C[C@@H]1O,0.00063522847
CC(C)n1c(=O)n(C(=O)N[C@H]2C[C@H]3CC[C@@H](C2)N3C)c2ccccc21,3.5420744e-05
Cc1c(OCc2cccc(-c3ccc(C(=O)O)cc3)c2)cc2c(c1C)C(=O)[C@@H](C1CCCC1)C2,0.040974345
CC(C)(OCc1nn(Cc2ccccc2)c2ccccc12)C(=O)O,3.0755444e-05
Cn1cnc2c(F)c(Nc3ccc(Br)cc3F)c(C(=O)NOCCO)cc21,1.6667958e-05
Cc1ccccc1NC(=O)Nc1ccc(CC(=O)N[C@@H](CC(C)C)C(=O)N[C@@H](CC(=O)O)C(=O)N[C@H](C(=O)N2CCC[C@H]2C(=O)O)C(C)C)cc1,0.23516752
Cc1ccccc1NC(=O)Nc1ccc(CC(=O)N(C)[C@@H](CC(C)C)C(=O)NCC[C@H](NC(=O)[C@@H]2CCCN2S(=O)(=O)c2cc(Cl)cc(Cl)c2)C(=O)O)cc1,0.9917529
O=C(O)CCCC[C@@H]1SC[C@@H]2NC(=O)N[C@@H]21,6.4335627e-06
NCc1ccccc1Sc1ccccc1CO,0.0025702042
O[C@](CCN1CCCCC1)(c1ccccc1)[C@@H]1C[C@H]2C=C[C@@H]1C2,0.0008434046
CC[C@H](NC(=O)[C@H](C)NC)C(=O)N1C[C@@H](O)C[C@H]1Cc1c(-c2[nH]c3cc(F)ccc3c2C[C@@H]2C[C@H](O)CN2C(=O)[C@H](CC)NC(=O)[C@H](C)NC)[nH]c2cc(F)ccc12,0.03493156
CN1C(=O)N(c2cc(Cl)cc(Cl)c2)C(=O)[C@@]1(C)Cc1ccc(Br)cc1,0.41024175
Cc1occc(=O)c1[O][V](=[O])[O]c1c(C)occc1=O,0.93690157
CC(=O)Oc1ccc(C(c2ccc(OC(C)=O)cc2)c2ccccn2)cc1,2.4921035e-06
C(=N/NC1=NCCN1)\c1c2ccccc2c(/C=N/NC2=NCCN2)c2ccccc12,0.0052818726
Cn1cc(C2=C(c3cn(CCCSC(=N)N)c4ccccc34)C(=O)NC2=O)c2ccccc21,0.8814824
O=S(=O)(O)C(F)(F)F,0.98502743
O=C(O)C(=O)O,0.8306274
O=C(O)C[C@](O)(CC(=O)[O][Bi]1[O]C(=O)C[C@@](O)(CC(=O)O)C(=O)[O]1)C(=O)O,0.7104336
O=C(O)c1cc(O)c2c(c1)[O][Bi]([OH])[O]2,0.08367391
O=C1[O][Bi]([OH])[O]c2ccccc21,0.19778068
CC(C)(C)CC(C)(C)c1cc(Cc2cc(C(C)(C)CC(C)(C)C)cc(-n3nc4ccccc4n3)c2O)c(O)c(-n2nc3ccccc3n2)c1,1.0203259e-05
CC(C)NC[C@@H](O)COc1ccc(COCCOC(C)C)cc1,1.2426216e-07
CC(C)(c1ccc(O)cc1)c1ccc(O)cc1,4.2982272e-05
Oc1c(Cl)cc(Cl)cc1Sc1cc(Cl)cc(Cl)c1O,0.0028837356
C[C@H](Oc1ccc(S(C)(=O)=O)cc1C(=O)N1CCN(c2ncc(C(F)(F)F)cc2F)CC1)C(F)(F)F,0.035103887
S=C=Nc1ccc(N=C=S)cc1,0.0024717553
CC[C@H](C)[C@H](NC(=O)[C@H](CCC(=O)O)NC(=O)[C@H](CCC(=O)O)NC(=O)[C@H](Cc1ccccc1)NC(=O)[C@H](CC(=O)O)NC(=O)CNC(=O)[C@H](CC(N)=O)NC(=O)CNC(=O)CNC(=O)CNC(=O)CNC(=O)[C@@H]1CCCN1C(=O)[C@H](CCCNC(=N)N)NC(=O)[C@@H]1CCCN1C(=O)[C@H](N)Cc1ccccc1)C(=O)N1CCC[C@H]1C(=O)N[C@@H](CCC(=O)O)C(=O)N[C@@H](CCC(=O)O)C(=O)N[C@@H](Cc1ccc(O)cc1)C(=O)N[C@@H](CC(C)C)C(=O)O,0.15572342
COc1cc2nc(N3CCCN(C)CC3)nc(NC3CCN(Cc4ccccc4)CC3)c2cc1OC,0.022237388
CN(C)Cc1cccc(N/C(=C2\C(=O)Nc3cc(C(N)=O)ccc32)c2ccccc2)c1,0.75828993
CN(C)Cc1cccc(N/C(=C2\C(=O)Nc3cc(C(=O)N(C)C)ccc32)c2ccccc2)c1,0.86730593
O=C(O)c1cc2ccccc2s1,0.018281907
Cc1ccc2c(c1)C(=O)[C@]1(O)CCN(c3ccccc3)C1=N2,0.108589426
Cc1c(N)nc([C@H](CC(N)=O)NC[C@H](N)C(N)=O)nc1C(=O)N[C@H](C(=O)N[C@H](C)[C@@H](O)[C@H](C)C(=O)N[C@H](C(=O)NCCc1nc(-c2nc(C(=O)NCCCNCCCCN)cs2)cs1)[C@@H](C)O)[C@@H](O[C@@H]1O[C@@H](CO)[C@@H](O)[C@H](O)[C@@H]1O[C@@H]1O[C@H](CO)[C@@H](O)[C@H](OC(N)=O)[C@@H]1O)c1c[nH]cn1,0.18852812
Cc1c(N)nc([C@H](CC(N)=O)NC[C@@H](N)C(N)=O)nc1C(=O)N[C@H](C(=O)N[C@@H](C)[C@H](O)[C@@H](C)C(=O)N[C@@H](C(=O)NCCc1nc(-c2nc(C(=O)NCCC[S+](C)C)cs2)cs1)[C@@H](C)O)[C@@H](O[C@H]1O[C@H](CO)[C@H](O)[C@@H](O)[C@H]1O[C@H]1O[C@H](CO)[C@@H](O)[C@H](OC(N)=O)[C@@H]1O)c1c[nH]cn1,0.21641976
CCN1CCN(c2cc(-c3ccc(F)cc3)c3c(n2)CCCCCC3)CC1,0.0095832525
C=CC(=O)Nc1cccc(C)c1Nc1ncc2cc(-c3c(Cl)c(OC)cc(OC)c3Cl)ccc2n1,0.034392625
CNC(=O)c1cc(Oc2ccc3nc(N[C@@H]4CCCC[C@H]4O)sc3c2)ccn1,0.0010869934
COc1ccc2c(c1)c(CC(=O)N1CCOCC1)c(C)n2C(=O)c1ccc(Cl)cc1,0.0003472996
COc1cccc(-c2cc(NCc3ccc4c(c3)OCO4)nc(N)n2)c1,0.0020466277
CSc1ccc(C(=O)N[C@@H]2CCCC[C@@H]2NC(=O)CNC(=O)c2cc(C(F)(F)F)ccc2NC(=O)NC(C)C)cc1,0.6606967
Cc1noc(NS(=O)(=O)c2cccc3c(N(C)C)cccc23)c1C,0.0014207717
O=c1oc(-c2ccc(C(F)(F)F)cc2)nn1Cc1cc(Cl)ccc1O,0.011866639
CC1(C)Oc2ccc(C#N)cc2[C@H](N(Cc2ncc[nH]2)c2ccc(Cl)cc2)[C@H]1O,0.00088569726
Cc1onc(NS(=O)(=O)c2ccccc2-c2ccc(-c3ncco3)cc2CN(C)C(=O)CC(C)(C)C)c1C,0.0074377093
N#Cc1ccc2c(c1)CN(S(=O)(=O)c1cccs1)[C@H](Cc1ccccc1)CN2Cc1cnc[nH]1,7.943427e-05
CCCCOc1c(C(=O)c2c(F)cc(C)cc2F)cnc2n[nH]cc12,0.051850952
C[C@H](c1ccc(F)cc1CCCC(=O)O)N(c1cc(F)ccc1F)S(=O)(=O)c1ccc(Cl)cc1,0.076207146
CCc1c(-c2ccccc2)c(-c2ccccc2)nn1-c1ccccc1-c1cccc(OCC(=O)O)c1,0.00081582216
Cc1ccc2nc(NCCN)c3ncc(C)n3c2c1,0.0001170252
CC(C)(C)c1cnc(CSc2cnc(NC(=O)C3CCNCC3)s2)o1,0.4281571
CCCC(=O)C1(c2ccccc2)CCN(C(=O)[C@@H](Cc2ccc(OC)cc2)NC(=O)[C@@H](N)Cc2cncn2C)CC1,0.3415315
Cc1cc(N2CCOCC2)cc2[nH]c(-c3c(NC[C@@H](O)c4cccc(Cl)c4)cc[nH]c3=O)nc12,0.010371572
CCN1CCN(c2ccc(C(C)(C)NC(=O)c3cc4[nH]c5ccccc5c(=O)c4cc3F)cn2)CC1,0.11391015
CCCNC(=O)c1cn2ncnc(Nc3cc(C(=O)NC4CC4)ccc3C)c2c1C,0.003973325
CN1C(=O)N(c2cc(Cl)cc(Cl)c2)C(=O)[C@]12CN(Cc1cc(C(=O)O)cs1)C[C@H]2c1ccc(C#N)cc1,0.14884101
Cc1c(NC(=O)OC[C@@H]2COCCN2)cn2ncnc(Nc3ccc4c(cnn4Cc4cccc(F)c4)c3)c12,8.588272e-05
COc1cnc(-n2cnc(C)n2)c2[nH]cc(C(=O)C(=O)N3CCN(C(=O)c4ccccc4)CC3)c12,0.57636416
Cc1ccc(C(=O)NC2CC2)cc1NC(=O)c1cnn(-c2ncccc2C(F)(F)F)c1C,0.000970257
CC1(C)CCC(C)(C)c2cc(C3(c4ccc(C(=O)O)cc4)OCCO3)ccc21,0.0014489305
CN1C(=O)N(c2cc(Cl)cc(Cl)c2)C(=O)[C@]12CN(c1ccc(C(=O)O)cn1)C[C@H]2c1ccc(C#N)cc1,0.026364276
COc1cccc(Nc2ncnn3ccc(CN4CC[C@@H](N)[C@H](O)C4)c23)c1,0.39422646
Cn1c(N2CCCCS2(=O)=O)nc(C(=O)NCc2ccc(F)cc2)c(O)c1=O,0.12842026
C[C@@]1(C(=O)Nc2ccc(F)nc2)CCCN1c1nc(Nc2cc(C3CC3)n[nH]2)c2cccn2n1,0.011945155
O[C@]12CC[C@](c3nnc4c(Oc5ccccc5Cl)cccn43)(CC1)C2,0.11117343
CCOc1ccn(-c2ccc(F)cc2)c(=O)c1C(=O)Nc1ccc(Oc2ccnc(N)c2Cl)c(F)c1,0.7070651
CC(C)(O)c1cn(-c2ccc(-c3cccc(S(C)(=O)=O)c3)cc2)c(C(C)(C)c2ccccc2Cl)n1,0.034510896
COc1ccnc2[nH]cc(C(=O)C(=O)N3CCN(C(=O)c4ccccc4)C[C@H]3C)c12,0.003516835
CC(=O)N[C@@H]1C[C@H](NC(C)(C)C)CC[C@@H]1N1CC[C@H](Nc2ncnc3cc(C(C)(C)C)nn23)C1=O,0.0012574634
Nc1nccc(Oc2ccc(NC(=O)c3cn(COP(=O)(O)O)cc(-c4ccc(F)cc4)c3=O)cc2F)c1Cl,0.87610865
CNCc1ccc(C)c(NC(=O)c2ccc(Nc3nc(-c4ccccc4)c4ccccc4n3)cc2)c1,0.26820472
O=c1[nH]c([C@@H]2CCCN2)nc2c1oc1ccc(Cl)cc12,0.00033787295
CN1C(=O)[C@@H](NC(=O)[C@H](CCC(F)(F)F)[C@H](CCC(F)(F)F)C(N)=O)N=C(c2ccccc2)c2ccccc21,5.1592897e-06
CCn1c(C(=O)N(C2CC2)C2CC2)cc2c3c(ncn3C)c(Nc3cc(C)n(C)n3)nc21,0.11844331
Cc1c(-c2ccc(C(N)=O)c3[nH]c4cc(C(C)(C)O)ccc4c23)cccc1-n1cnc2ccccc2c1=O,0.12929799
NC(=O)[C@@H](CC1CC1)[C@@H](CCC(F)(F)F)C(=O)N[C@H]1N=C(c2ccccc2)c2cccc(F)c2NC1=O,0.030206315
Cc1noc(-c2ccc(-c3ccc(C4(C(=O)O)CC4)cc3)cc2)c1NC(=O)O[C@H](C)c1ccccc1,0.13822997
Cc1c(-c2c(F)cc(C(N)=O)c3[nH]c4c(c23)CC[C@H](C(C)(C)O)C4)cccc1-n1c(=O)c2cccc(F)c2n(C)c1=O,0.06353456
Cc1nnn(C)c1-c1cnc2c3ccc(C(C)(C)O)cc3n([C@H](c3ccccc3)C3CCOCC3)c2c1,0.8990036
CC#CC(=O)N[C@H]1CCCN(c2c(F)cc(C(N)=O)c3[nH]c(C)c(C)c23)C1,0.008531885
C[C@@H](C(=O)Nc1ccc(Cl)cc1)[C@H]1CC[C@@H](c2ccnc3ccc(F)cc32)CC1,0.0017540182
O[C@@H](CCCN1CCN(c2ncc(F)cn2)CC1)c1ccc(F)cc1,0.0010291988
O=C(O)COc1cccc(-c2ocnc2-c2nc(-c3ccccc3)c(-c3ccccc3)o2)c1,0.0005495897
COc1ccccc1N1CCN(CCN2C(=O)CC3(CCCC3)CC2=O)CC1,0.0001565526
COc1cc(C(=O)c2c(C)oc3c(O)c(OC)ccc23)cc(OC)c1OC,0.0032561836
O=C1/C(=C/c2ccccc2)C[C@@]2(O)[C@H]3Cc4ccc(O)c5c4[C@@]2(CCN3CC2CC2)[C@H]1O5,0.1112803
CC(C)(C)NC(=O)N[C@H](C(=O)N1C[C@H]2[C@@H]([C@H]1C(=O)N[C@@H](CC1CCC1)C(=O)C(N)=O)C2(C)C)C(C)(C)C,0.003297526
O=C1C=Cc2cc(Br)ccc2C1=O,0.0005178664
Cc1cc2c(OC[C@@H](CNC(C)(C)C)OC(=O)c3ccccc3)cccc2[nH]1,0.00013676158
CC(=O)O[C@H]1C[C@H]2CC[C@@]1(C)C2(C)C,1.5476891e-05
N[C@@H](Cc1ccc(B(O)O)cc1)C(=O)O,0.99993205
CC(C)C[C@H](NC(=O)[C@H](Cc1ccccc1)NC(=O)c1cnccn1)B(O)O,0.5727377
CCOc1cc(-c2nncn2C)ccc1Nc1ncc2cc(C)nc(NCC(C)(C)C)c2n1,0.7137921
COc1ccccc1Oc1c(NS(=O)(=O)c2ccc(C(C)(C)C)cc2)nc(-c2ncccn2)nc1OCCO,0.04793234
COc1cc(Nc2c(C#N)cnc3cc(OCCCN4CCN(C)CC4)c(OC)cc23)c(Cl)cc1Cl,0.007847383
c1ccc(N2CCN(CCCOc3ccc4c(c3)OCO4)CC2)cc1,4.283602e-05
COc1ccccc1N1CCN(CCCCNC(=O)c2ccc3ccccc3c2)CC1,6.560388e-05
CC(C)C[C@@H]1NC(=O)[C@@H](C(C)C)NC(=O)[C@@H]2CCCN2C(=O)[C@@H](CC(=O)O)NC(=O)[C@@H](Cc2c[nH]c3ccccc23)NC1=O,0.001180394
CCCC[C@@H](NC(=O)[C@@H](Cc1cn(C(=O)OC)c2ccccc12)NC(=O)[C@H](CC(C)(C)C)NC(=O)N1[C@H](C)CCC[C@@H]1C)C(=O)O,0.004094512
Cc1nn(C)c2c1[C@@H](c1ccc(C(F)(F)F)cc1)C(C#N)C(=N)O2,0.76598006
COC(=O)c1ccc2c(c1)nc(NC(=O)c1ccccc1)n2CCCc1ccccc1,0.0131536415
O=C1c2ccccc2-c2c(NCCc3ccccc3)c(=O)[nH]c3cccc1c23,0.004155843
CC(C)(C)c1ccc2cc(C#N)c(C#N)cc2c1,0.8887773
C[C@H]1CCC/C=C/[C@@H]2C[C@H](O)C[C@H]2[C@H](O)/C=C/C(=O)O1,0.053742487
CCCC[C@H](NC(C)=O)C(=O)N[C@H]1CC(=O)NCCCC[C@@H](C(=O)O)NC(=O)[C@H](Cc2c[nH]c3ccccc23)NC(=O)[C@H](CCCNC(=N)N)NC(=O)[C@@H](Cc2ccccc2)NC(=O)[C@H](Cc2cnc[nH]2)NC1=O,0.09540531
Cc1c(-c2ccc(-c3ccccc3F)cc2)nc2ccc(F)cc2c1C(=O)O,0.80161065
CC(C)(C)OC(=O)c1ncn2c1[C@@H]1CCCN1C(=O)c1c(Br)cccc1-2,0.0022083826
CC[N+](C)(C)Cc1ccccc1Br,5.328153e-05
O=c1ccc2ccc(OCCCCN3CCN(c4cccc5sccc45)CC3)cc2[nH]1,0.11595145
COc1cc(OC)c(/C=C/S(=O)(=O)Cc2ccc(OC)c(OP(=O)(O)O)c2)c(OC)c1,0.95635223
COc1cc(N2CCC(N3CCN(C)CC3)CC2)ccc1Nc1ncc(Cl)c(Nc2ccccc2P(C)(C)=O)n1,0.30926338
CCN(CC)c1ccc([C+](c2ccccc2)c2ccc(N(CC)CC)cc2)cc1,0.003152194
Brc1c(NC2=NCCN2)ccc2nccnc12,0.02252205
CCCCCCCCCCCCCCCCOCCCOP(=O)(O)CO[C@H](CO)Cn1ccc(N)nc1=O,0.04559417
CCN[C@H]1CN(CCCOC)S(=O)(=O)c2sc(S(N)(=O)=O)cc21,0.012336372
Cc1cc2c(F)c(Oc3ncnn4cc(OC[C@@H](C)O)c(C)c34)ccc2[nH]1,0.047410145
Cc1cc2c(F)c(Oc3ncnn4cc(OC[C@@H](C)OC(=O)[C@H](C)N)c(C)c34)ccc2[nH]1,0.05520589
O=c1[nH]c(=O)n([C@H]2C[C@H](O)[C@@H](CO)O2)cc1/C=C/Br,0.99991167
O[C@@H](CN1CCN(c2cccc(Cl)c2)CC1)C(c1ccccc1)c1ccccc1,0.0001094208
O=C(O)[C@@H](Cc1ccccc1)NCc1ccc(Cl)cc1,0.0017408669
C[C@H](Cc1ccc(OCC(=O)O)cc1)NC[C@H](O)c1cccc(Cl)c1,0.00077737967
C[C@@H]1c2ccccc2CN1CC1=NCCN1,1.2173075e-05
Cc1ccc([N+](=O)[O-])cc1S(=O)(=O)N(C)C,0.0012010199
O=C(Cc1ccc(Cl)c(Cl)c1)N1CCCC[C@@H]1CN1CCCC1,0.0010723701
CN1CCC(c2c[nH]c3ccc(O)cc23)CC1,0.003001578
O=C(/C=C/c1ccccc1)NCCO,0.0018576671
Brc1ccc(NC2C3CC4CC(C3)CC2C4)cc1,0.02661701
COc1ccc(C(=O)/C(Br)=C/C(=O)O)cc1,0.015613932
Nc1c(CC(=O)O)cccc1C(=O)c1ccc(Br)cc1,0.169536
CN(Cc1cc(Br)cc(Br)c1N)C1CCCCC1,2.221767e-05
O=C1c2ccccc2C(=O)C1c1ccc(Br)cc1,0.0015601818
CC(C)[C@@H](Br)C(=O)NC(N)=O,0.009040177
CC(C)C[C@H]1C(=O)N2CCC[C@H]2[C@]2(O)O[C@](NC(=O)[C@@H]3C=C4c5cccc6[nH]c(Br)c(c56)C[C@H]4N(C)C3)(C(C)C)C(=O)N12,0.0005377629
CCN(CC)CCNC(=O)c1cc(Br)c(N)cc1OC,1.6665976e-07
CCOC(=O)Nc1cc(-c2ccc(C)c(NS(C)(=O)=O)c2)nn2c(C)nnc12,1.9706915e-08
O=C(CCCN1CCC(O)(c2ccc(Br)cc2)CC1)c1ccc(F)cc1,0.00056834944
CN(C)CC[C@@H](c1ccc(Br)cc1)c1ccccn1,0.00085339154
O=[N+]([O-])C(Br)(CO)CO,0.001594574
Nc1nc(=O)c(Br)c(-c2ccccc2)[nH]1,5.5849072e-05
Cc1ccc2c(Br)cc(Br)c(OC(=O)c3ccccc3)c2n1,0.6069615
CC(C)(C)NC[C@@H](O)c1cc(Br)no1,0.000619327
O=c1[nH]c(=O)n([C@H]2C[C@H](O)[C@@H](CO)O2)cc1Br,0.99798596
Oc1c(Br)cc(Br)c2cccnc12,0.0004894387
COC(=O)[C@@]12OC[C@]34[C@H]([C@@H](O)[C@@H]1O)[C@@]1(C)CC(=O)C(=O)[C@H](C)[C@@H]1C[C@H]3OC(=O)[C@H](OC(=O)/C=C(\C)C(C)C)[C@@H]24,1.28388065e-05
COc1cc2c(cc1OC)[C@@]13CCN4CC5=CCO[C@H]6CC(=O)N2[C@H]1[C@H]6[C@H]5C[C@H]43,0.03705365
CC(C)c1cnn2c(NCc3ccccc3)cc(NCCCCCCN)nc12,0.10997123
O=C(c1cccc(-c2nc3ccccc3[nH]2)n1)N1CCN(C(=O)c2cccc(-c3nc4ccccc4[nH]3)n2)CC1,0.03701588
O=C(Oc1cc(S(=O)(=O)c2ccccc2)ccc1[N+](=O)[O-])c1ccc(Cl)cc1,0.094823904
O=[N+]([O-])c1cc(Cl)ccc1S(=O)(=O)c1ccccc1,0.13088942
O=C(CNc1cccc(Cl)c1)N[C@@H]1CCCN(c2ncnc3[nH]ccc23)C1,0.0019054037
Cc1ccc(S(=O)(=O)NCc2ccccc2)cc1,0.00018168398
CC(C)C[C@@H](N)C1(c2ccc(Cl)cc2)CCC1,0.0030190614
CC(C)(NCCCn1ccnc1)c1ccc(Cl)cc1,0.0079931915
C[C@@H](Oc1ccc(Cl)cc1)c1ccnc2ncnn12,0.0067032403
CN(c1ccc(NC(=O)Nc2ccccc2)cc1)S(=O)(=O)c1cnn(-c2ccc(F)cc2)c1,0.094096355
C[C@H]1COC2(CCN(c3nc(=O)c4cc(C(F)(F)F)cc([N+](=O)[O-])c4s3)CC2)O1,0.22272184
c1ccc2nc(C3=NCCN3)ccc2c1,0.047400124
c1ccc2nc(C3=NCCN3)cnc2c1,0.00061944686
CCOc1ccc(NC(=O)C[C@@H](C)O)cc1,0.00018950498
CC(C)(S)C(=O)N[C@@H](CS)C(=O)O,0.001229807
CCCC(=O)Nc1ncnc2c1ncn2[C@@H]1O[C@@H]2CO[P@@](=O)(O)O[C@H]2[C@H]1OC(=O)CCC,0.43373722
CC(C)(C)c1ccc(CN2CCN([C@@H](c3ccccc3)c3ccc(Cl)cc3)CC2)cc1,0.00082824955
CCC[C@H]1O[C@@H]2C[C@H]3[C@@H]4CCC5=CC(=O)C=C[C@]5(C)[C@H]4[C@@H](O)C[C@]3(C)[C@]2(C(=O)CO)O1,0.5208393
CC(C)(C)N1CCC(c2ccccc2)(c2ccccc2)CC1,3.2729316e-05
CCCCOc1ccc(CC(=O)NO)cc1,0.064122126
COc1cc(OC)c(C(=O)CCCN2CCCC2)c(OC)c1,8.5470376e-05
CCCCNc1cc(C(=O)O)cc(S(N)(=O)=O)c1Oc1ccccc1,0.14620647
CCCC(=O)N1CCCN(c2nc(N)c3cc(OC)c(OC)cc3n2)CC1,0.02417059
Nc1cc(C(F)(F)F)c(-c2cc(N3CCOCC3)nc(N3CCOCC3)n2)cn1,0.004214641
CC(C)(C)C1CCC(C[C@H]2C(=O)C(=O)c3ccccc3C2=O)CC1,0.14830373
CC(CCc1ccccc1)NC(C)C(O)c1ccc(O)cc1,0.00055205915
CCCCc1ccc(C(N)=O)nc1,5.5404013e-05
CCCCN1CCCC[C@H]1C(=O)Nc1c(C)cccc1C,6.613856e-05
Cc1ccc(Cl)c(OC[C@@H](O)CNC(C)(C)C)c1,0.00075203733
C[C@@H](NC(C)(C)C)C(=O)c1cccc(Cl)c1,0.0018045763
O=C(NCc1ccccc1)OCCO,3.1594432e-06
CCNC(=O)[C@@H]1CCCN1C(=O)[C@H](CCCN=C(N)N)NC(=O)[C@H](CC(C)C)NC(=O)[C@@H](COC(C)(C)C)NC(=O)[C@H](Cc1ccc(O)cc1)NC(=O)[C@H](CO)NC(=O)[C@H](Cc1c[nH]c2ccccc12)NC(=O)[C@H](Cc1c[nH]cn1)NC(=O)[C@@H]1CCC(=O)N1,0.045182295
O=C1CC2(CCCC2)CC(=O)N1CCCCN1CCN(c2ncccn2)CC1,0.0051070307
CS(=O)(=O)OCCCCOS(C)(=O)=O,8.570045e-05
CCCCNC(=O)[C@@H]1Cc2ccccc2N1C(=O)[C@@H](N)CC,0.2758635
CCCCN(CCCC)CCCOC(=O)c1ccc(N)cc1,6.433218e-05
CC(C)(C)[C@]1(O)CCN2C[C@H]3c4ccccc4CCc4cccc(c43)[C@@H]2C1,0.00062593195
C=CCC1(CC(C)C)C(=O)NC(=O)NC1=O,0.004991658
CCCCOC(=O)c1ccc(N)cc1,8.33402e-05
CCCC1([C@H](O)C/C=C/[C@H]2[C@H](O)CC(=O)[C@@H]2CCCCCCC(=O)OC)CCC1,0.00032543708
O=C(/C=C/c1ccc(O)c(O)c1)c1ccc(O)cc1O,0.0015009092
CN(Cc1ccc(C(C)(C)C)cc1)Cc1cccc2ccccc12,0.009095079
CCCCS(=N)(=O)CC[C@H](N)C(=O)O,0.0017701077
CC[C@@H](C(=O)O)c1ccc(CC(C)C)cc1,0.0025517012
Clc1ccc(CC[C@@H](Cn2ccnc2)Sc2c(Cl)cccc2Cl)cc1,0.4724043
CCCC(=O)c1cc(F)ccc1OC[C@@H](O)CNC(C)(C)C,5.1060946e-05
CCCCOC(=O)c1ccc(O)cc1,0.00046800944
COc1ccc(O)c(C(C)(C)C)c1,0.00023244203
Cc1cc(C(C)(C)C)c(O)c(C(C)(C)C)c1,1.8026325e-05
CCC/C=C1\OC(=O)c2ccccc21,0.01758123
CCCC[C@H]1OC(=O)c2ccccc21,0.0014639657
c1ccc2cc(C3=NCCN3)ncc2c1,0.012131017
CC(C)Nc1cc(-c2c[nH]c(C(=O)N[C@H](CO)c3cccc(Cl)c3)c2)c(Cl)cn1,0.006626762
Cc1c(Cl)cccc1S(=O)(=O)Nc1nc(CC(=O)N2CCN(C)CC2)cs1,0.25113162
CC1(C)C(=O)NC2=C1C(=O)C(=O)c1ccccc12,0.6467164
CC(=O)N(O)C/C=C/c1cccc(Oc2ccccc2)c1,0.014904096
C[C@@H](/C=C/c1cccc(Oc2ccc(F)cc2)c1)N(O)C(N)=O,0.00089170947
CC(C)C[C@@H](NC(=O)[C@H](Cc1ccccc1)NC(=O)CNC(=O)[C@@H](C)NC(=O)[C@@H](N)Cc1ccc(O)cc1)C(=O)O,0.23815916
C/C(=N\NC(=S)NNC(=S)Nc1ccccc1Cl)c1ccccn1,0.0020333282
C=CCN1C[C@H](C)N([C@H](c2ccc(C(=O)N(CC)CC)cc2)c2cccc(O)c2)C[C@H]1C,0.0004644357
CNC(=O)c1ccc2c(c1)S(=O)(=O)c1ccccc1C2=O,0.0068919095
C[C@@H](N)Cc1c[nH]c2ccc(OCc3cccs3)cc12,0.151766
O=C(NCCCNc1nc(Nc2cccc(NC(=O)N3CCCC3)c2)ncc1I)c1cccs1,0.05096045
O=C(Nc1cccc(Nc2ncc(Br)c(NCCc3cnc[nH]3)n2)c1)N1CCCC1,0.04224636
Cn1cccc1/C=C1\C(=O)NC(=O)c2ccccc21,0.011179759
COc1cc2nc(N3CCC(N4CCCCC4)CC3)nc(NC3CCCCCC3)c2cc1OC,0.0017129136
O=S(=O)(c1cccc2cnccc12)N1CCNCC1,0.008582003
CCOC(=O)c1cnc[nH]1,0.004404617
Nc1ccc(-c2cccc(C(=O)Nc3cnc4nc(N5CCOCC5)oc4c3)n2)cn1,0.00044872367
C[S+](C)CC[C@H](N)C(=O)O,0.0033001455
OC[C@H]1O[C@H](O[C@H]2O[C@H](CO)[C@@H](O)[C@H](O)[C@H]2O)[C@H](O)[C@@H](O)[C@@H]1O,0.00024595222
CO[C@H]1C(=O)[C@]2(C)[C@@H](OC)C[C@H]3OC[C@@]3(OC(C)=O)[C@H]2[C@H](OC(=O)c2ccccc2)[C@]2(O)C[C@H](OC(=O)[C@H](O)[C@@H](NC(=O)OC(C)(C)C)c3ccccc3)C(C)=C1C2(C)C,0.0008926266
C=CCN1C[C@H](C(=O)N(CCCN(C)C)C(=O)NCC)C[C@@H]2c3cccc4[nH]cc(c34)C[C@H]21,0.0025651262
C[C@H]1CO[C@@H]2Cn3cc(C(=O)NCc4ccc(F)cc4F)c(=O)c(O)c3C(=O)N12,0.95081884
COc1cc2nccc(Oc3ccc(NC(=O)C4(C(=O)Nc5ccc(F)cc5)CC4)cc3)c2cc1OC,0.0010413543
CC(C)(C)[C@H]1CCc2c(sc(NC(=O)c3ccco3)c2C(=O)O)C1,0.01738811
O=C(O)c1cn(C2CC2)c2cc(N3CCC(O)(COc4ccc(N5C[C@H](CO)OC5=O)cc4F)CC3)c(F)cc2c1=O,0.72895205
CCOC(=O)NNc1ccc(N(CC)C[C@@H](C)O)nn1,0.00015282576
C[C@@]12CCc3occc3[C@H]1CC[C@@]13C[C@@H](CC[C@H]12)[C@@](O)(CO)C3,6.435997e-05
O=C(O)/C=C/c1ccc(O)c(O)c1,0.00047451718
O=C(/C=C/c1ccc(O)c(O)c1)OCCc1ccccc1,0.00077649276
Cn1c(=O)c2c(ncn2C)n(C)c1=O,0.99263215
C=C1CC[C@H](O)C/C1=C/C=C1\CCC[C@]2(C)[C@@H]([C@H](C)CCCC(C)(C)O)CC[C@@H]12,0.00031688312
C=C1/C(=C\C=C2/CCC[C@]3(C)[C@@H]([C@H](C)/C=C/[C@@H](O)C4CC4)CC[C@@H]23)C[C@@H](O)C[C@@H]1O,0.0024534387
CC(C)C[C@H](NC(=O)[C@H](CCCCN)NC(=O)CNC(=O)[C@H](CC(C)C)NC(=O)[C@@H](NC(=O)[C@@H]1CSSC[C@H](N)C(=O)N[C@@H](CO)C(=O)N[C@@H](CC(N)=O)C(=O)N[C@@H](CC(C)C)C(=O)N[C@@H](CO)C(=O)N[C@@H]([C@@H](C)O)C(=O)N1)C(C)C)C(=O)N[C@@H](CO)C(=O)N[C@@H](CCC(N)=O)C(=O)N[C@@H](CCC(=O)O)C(=O)N[C@@H](CC(C)C)C(=O)N[C@@H](Cc1c[nH]cn1)C(=O)N[C@@H](CCCCN)C(=O)N[C@@H](CC(C)C)C(=O)N[C@@H](CCC(N)=O)C(=O)N[C@H](C(=O)N[C@@H](Cc1ccc(O)cc1)C(=O)N1CCC[C@H]1C(=O)N[C@@H](CCCNC(=N)N)C(=O)N[C@H](C(=O)N[C@@H](CC(=O)O)C(=O)N[C@H](C(=O)NCC(=O)N[C@@H](C)C(=O)NCC(=O)N[C@H](C(=O)N1CCC[C@H]1C(N)=O)[C@@H](C)O)C(C)C)[C@@H](C)O)[C@@H](C)O,0.22206421
C=C1/C(=C\C=C2/CCC[C@]3(C)[C@@H]([C@H](C)CCCC(C)(C)O)CC[C@@H]23)C[C@@H](O)C[C@@H]1O,0.0029015087
O=C(O)[C@H](O)[C@H](O)[C@@H](O)[C@H](O)[C@H](O)CO,2.5899002e-05
Nc1nc(=O)c2c([nH]1)NC[C@H](CNc1ccc(C(=O)N[C@@H](CCC(=O)O)C(=O)O)cc1)N2C=O,0.071295135
C[C@@H](N[C@H]1CCCC[C@@H]1NC(=O)c1ccc(Cl)cc1)c1cccc2ccccc12,0.820501
CCCC[C@@H](C=O)NC(=O)[C@H](CC(C)C)NC(=O)OCc1ccccc1,0.00017541542
C[C@H]1CN(Cc2ccc(CC(=O)N3CCC(Nc4cccc(F)c4)CC3)cc2)CCN1,0.32128334
Cc1c(Cl)cccc1S(=O)(=O)Nc1nc(NCCc2ccccc2)nc2c1CN(Cc1ccccc1)CC2,0.0034920422
CC(C)(Sc1cc(C(C)(C)C)c(O)c(C(C)(C)C)c1)Sc1cc(C(C)(C)C)c(OCC(=O)O)c(C(C)(C)C)c1,6.502011e-05
CN(C)C(=O)COC(=O)Cc1ccc(OC(=O)c2ccc(NC(=N)N)cc2)cc1,0.034149226
CC1(C)[C@@H]2CC[C@@]1(C)C(=O)C2,6.507053e-05
CC1(C)[C@@H]2CC[C@]1(C)C(=O)C2,0.0016413648
CC[C@@]1(O)C(=O)OCc2c1cc1n(c2=O)Cc2cc3ccccc3nc2-1,0.0048360215
CCN(CC)CCN[C@@H](C(=O)OCCC(C)C)c1ccccc1,1.6235891e-06
Cc1ccc([C@@H]2O[C@H](CO)[C@@H](O)[C@H](O)[C@H]2O)cc1Cc1ccc(-c2ccc(F)cc2)s1,0.04905735
CCOc1nc2cccc(C(=O)O)c2n1Cc1ccc(-c2ccccc2-c2nn[nH]n2)cc1,0.002225529
CCOc1nc2cccc(C(=O)O[C@@H](C)OC(=O)OC3CCCCC3)c2n1Cc1ccc(-c2ccccc2-c2nn[nH]n2)cc1,0.0001933125
C[C@H](C[C@H](C)[C@@H](O)CC(=O)c1ccc(N)cc1)[C@H]1OC(=O)CC(=O)CCCC(=O)C[C@@H](O)C[C@@H](O)C[C@@H](O)CC(=O)C[C@@H](O)[C@H](C(=O)O)[C@@H](O)C[C@@H](O[C@@H]2O[C@H](C)[C@H](O)[C@@H](O)[C@@H]2N)/C=C/C=C/C=C/C=C/C=C/C=C/C=C/[C@@H]1C,0.0086400425
C=CC(=O)Nc1cc2c(Nc3ccc(F)c(Cl)c3)ncnc2cc1OCCCN1CCOCC1,0.010210582
CSCCNc1nc(SCCC(F)(F)F)nc2c1ncn2[C@@H]1O[C@H](COP(=O)(O)OP(=O)(O)C(Cl)(Cl)P(=O)(O)O)[C@@H](O)[C@H]1O,1.7759894e-05
C[C@]12CCC(=O)C=C1C=C[C@@H]1[C@@H]2CC[C@@]2(C)[C@H]1CC[C@@]21CCC(=O)O1,3.372005e-05
C[C@@]12C(=O)OC(=O)[C@]1(C)[C@H]1CC[C@@H]2O1,0.00027670266
N#Cc1c(N)nc(SCc2csc(-c3ccc(Cl)cc3)n2)c(C#N)c1-c1ccc(OCCO)cc1,0.001876258
CCCCCOC(=O)Nc1nc(=O)n([C@@H]2O[C@H](C)[C@@H](O)[C@H]2O)cc1F,0.022609754
COc1cc(C(=O)NCCCCCC(=O)O)cc(OC)c1OC,0.00023774157
C[C@@H]1NC(=O)[C@@H](N)CNC(=O)[C@H]([C@H]2CCN=C(N)N2)NC(=O)/C(=C\NC(N)=O)NC(=O)[C@H](CNC(=O)C[C@@H](N)CCCN)NC1=O,0.009554381
CN1N=C2CCN(C(=O)[C@@H](COCc3ccccc3)NC(=O)C(C)(C)N)C[C@@]2(Cc2ccccc2)C1=O,0.0015260603
CCCCCCCC(=O)O,0.00016060598
COc1cc(CNC(=O)CCCC/C=C/C(C)C)ccc1O,0.00030648377
Oc1cc2c(cc1O)CN(C(=S)NCCc1ccc(Cl)cc1)CCC2,0.25199482
CN(C)CCS,0.00066574226
O=C1[C@H]2CC=CC[C@@H]2C(=O)N1SC(Cl)(Cl)Cl,0.0002997035
C[C@H](CS)C(=O)N1CCC[C@H]1C(=O)O,0.0017781496
CNC(=O)ON(C(C)=O)C(=O)NC,2.1613229e-07
CCN(CC)CCOC(=O)C1(c2ccccc2)CCCC1,3.645454e-05
CC(C)NC[C@@H](O)COc1cccc2[nH]c3ccccc3c12,0.0049328306
C[N+](C)(C)CCOC(N)=O,0.000902432
COC(=O)N/N=C/c1c[n+]([O-])c2ccccc2[n+]1[O-],0.996691
NC(=O)N1c2ccccc2C=Cc2ccccc21,0.0008802506
CNC(=O)Oc1cccc2ccccc12,0.00012241784
NC(=O)Nc1ccc([As](=O)(O)O)cc1,0.7889973
CN1C2=CC(=O)/C(=N\NC(N)=O)C=C2C[C@H]1S(=O)(=O)O,1.0887295e-05
COC(=O)Nc1nc2ccccc2[nH]1,0.0002972477
CC1(C)S[C@@H]2[C@H](NC(=O)[C@@H](C(=O)O)c3ccccc3)C(=O)N2[C@H]1C(=O)O,0.05793817
CC1(C)[C@@H](OC(=O)CCC(=O)O)CC[C@]2(C)[C@H]3C(=O)C=C4[C@@H]5C[C@@](C)(C(=O)O)CC[C@]5(C)CC[C@@]4(C)[C@]3(C)CC[C@@H]12,0.028806744
CCN(CC)CCOCCOC(=O)C1(c2ccccc2)CCCC1,0.00010058251
CC[C@H](C)[C@@H]1NC(=O)[C@H](Cc2ccc(OC)cc2)NC(=O)CCCSC[C@@H](C(=O)N2CCC[C@H]2C(=O)N[C@@H](CC(C)C)C(=O)NCC(N)=O)NC(=O)[C@H](CC(N)=O)NC(=O)[C@H](CCC(N)=O)NC1=O,0.009832739
C[C@@](Cc1ccc(O)c(O)c1)(NN)C(=O)O,0.0022926694
CCOC(=O)n1ccn(C)c1=S,4.3124124e-05
CN(C)CCO[C@@H](c1ccc(Cl)cc1)c1ccccn1,0.002044421
[NH2][Pt]1([NH2])[O]C(=O)C2(CCC2)C(=O)[O]1,0.0005144116
NC(=O)c1nnn(Cc2cc(Cl)c(C(=O)c3ccc(Cl)cc3)c(Cl)c2)c1N,0.59907496
CCCCc1nc(Cl)c(C(=O)O)n1Cc1ccc(-c2ccccc2-c2nn[nH]n2)cc1,0.9210405
O=C(O)c1ccc(SSc2ccc(C(=O)O)cn2)nc1,0.09724331
COc1ccc(Nc2nccc(NCCO)n2)cc1,0.89422524
c1coc(-c2nnc3sc(C4CCCCC4)nn23)c1,1.9190395e-06
CC(C)(C(=O)O)c1ccc(C(=O)CCCN2CCC(OC(c3ccccc3)c3ccccc3)CC2)cc1,0.0020840464
CC(C)C[C@H](NC(=O)[C@H](CCc1ccccc1)NC(=O)CN1CCOCC1)C(=O)N[C@@H](Cc1ccccc1)C(=O)N[C@@H](CC(C)C)C(=O)[C@@]1(C)CO1,0.007418426
NC(=O)N[C@@H](CCC(=O)O)C(=O)O,6.260725e-05
NC(=O)CN1C=CCC(C(N)=O)=C1,0.33030882
CC(C)c1ccc(C(=O)N=C(N)N)cc1S(C)(=O)=O,0.47654822
CN(C)C(=O)N[C@H]1CC[C@H](CCN2CCN(c3cccc(Cl)c3Cl)CC2)CC1,0.0005169683
CCCCCCNC(=O)n1cc(F)c(=O)[nH]c1=O,9.5120675e-05
COc1ccc(C[C@@H](C)NC[C@H](O)c2ccc(O)c3[nH]c(=O)ccc23)cc1,0.00080511294
O=C(O)c1ccc2[nH]cc(CCCCN3CC=C(c4ccccc4)CC3)c2c1,0.03033282
O=C(NCCCl)N(CCCl)[NH2+][O-],0.00010262344
C[N+](C)(C)C[C@@H](O)CC(=O)O,1.680314e-05
NCCC(=O)N[C@@H](Cc1cnc[nH]1)C(=O)O,0.00014933533
CCN(CC)CCn1c(=O)c(Cc2ccc(OC)cc2)nc2ccccc21,0.00022023772
NC(=O)CN1Cc2ccccc2OC1=O,0.0067810626
C[C@@H](C(=O)O)c1ccc2c(c1)[nH]c1ccc(Cl)cc12,0.37757063
O=c1[nH]c(=O)c2ccccc2o1,0.026017593
CC(C)(C)NCC(O)COc1cccc2c1CCC(=O)N2,1.0527002e-05
NC(=O)OC[C@@H]1[C@H](NC(=O)/C(=N\OCC(=O)O)c2csc(N)n2)C(=O)N1S(=O)(=O)O,0.9997185
COc1ccccc1OCCNC[C@@H](O)COc1cccc2[nH]c3ccccc3c12,0.002905186
NS(=O)(=O)c1ccc(C(=O)O)cc1,0.016197255
OCc1cc(O)c2c(O)c3c(O)cccc3c(O[C@@H]3O[C@H](CO)[C@H](O)[C@@H](O)[C@H]3O)c2c1,0.12950818
OCCN[C@H]1CCCc2c1[nH]c1ccc(-c3ccccc3)cc21,0.97114414
CC[C@H](C)C[C@H](C)CCCCCCCCC(=O)N[C@H]1C[C@@H](O)[C@@H](NCCN)NC(=O)[C@@H]2[C@@H](O)CCN2C(=O)[C@H]([C@H](O)CCN)NC(=O)[C@H]([C@H](O)[C@@H](O)c2ccc(O)cc2)NC(=O)[C@@H]2C[C@@H](O)CN2C(=O)[C@H]([C@@H](C)O)NC1=O,0.6714595
O[C@H]1[C@H](O)[C@@H](O)CN2CC[C@H](O)[C@H]12,0.018391017
CCC1=C[C@@H]2CN3CCc4c([nH]c5ccccc45)[C@@](C(=O)OC)(C2)[C@@H]13,0.006912694
Cn1nc(C(C)(C)C)cc1C(=O)N[C@@H](Cc1cccc(Cl)c1)C(=O)NCC#N,0.003409166
O=C1NC(=O)/C(=C\c2ccc(-c3ccc(F)cc3)o2)S1,0.96280664
CCC(=O)O[C@]1(C(=O)CO)CC[C@H]2[C@@H]3CCC4=CC(=O)CC[C@]4(C)[C@H]3CC[C@@]21C,1.3578604e-05
CN(C)/N=N/c1ccc(C(=O)O)cc1,0.00019191342
Cc1cc2c(C(N)=O)cccc2n1-c1nc2c(c(NCc3ccccc3)n1)COCC2,0.02217654
O=C(Cc1cccc(OC(F)(F)F)c1)Nc1ccc(CCCCc2nnc(NC(=O)Cc3ccccn3)s2)nn1,0.016925074
CCS(=O)(=O)N(Cc1cccnc1)c1cccc(-c2ccc(C#N)cc2)c1,0.0031767585
CC(=O)c1ccc2c(c1)c1cc(C(C)=O)ccc1n2CCNC(C)C,0.000117280906
NC(=NNc1ccccc1)c1ccccc1,0.0005981247
CCN1C(=O)CN=C2NC=C(c3ccc(-c4nnc[nH]4)nc3C)N=C21,0.00082546985
CO[C@H]1CC[C@H](N2C(=O)CNc3ncc(-c4ccc(C(C)(C)O)nc4)nc32)CC1,0.0353207
c1cc(OCCN2CCCCC2)cc(-c2n[nH]c3ccc(-c4nnc[nH]4)cc23)c1,2.2210612e-05
C=CC(=O)Nc1cc(C)ccc1Nc1nc(Nc2cc(OC)ncc2C)ncc1C(F)(F)F,0.032022696
O[C@H]1CC[C@H](Nc2ncc3nc(Nc4c(F)cc(F)cc4F)n([C@H]4CCOC4)c3n2)CC1,0.19774795
C[C@@H](ONC(=O)c1cc(C(F)(F)F)cc(C(F)(F)F)c1)C(=O)Nc1ccc(Cl)cc1,0.023812816
Cc1ccc(-n2sc(=O)n(Cc3ccc(F)cc3)c2=O)cc1,0.11161903
Cc1cccc(Oc2nc3c(C)cccn3c(=O)c2/C=C(\C#N)c2nc3ccccc3s2)c1,0.0036744566
Cc1cccn2c(=O)c(/C=C(\C#N)c3nc4ccccc4s3)c(Oc3ccc(F)cc3)nc12,0.0020583333
Cc1cc(C(=CNc2ccc(Cl)cc2)C(=O)Nc2ccc(Cl)cc2)on1,0.38037032
O=C(O)Cc1cc2ccccc2nc1C(=O)O,0.11630834
O=C(CN1C2=NCCN2c2ccccc21)c1ccc(-c2ccccc2)cc1,0.38814896
CCc1cc(-c2n[nH]c(C)c2-c2ccc3c(c2)OCCO3)c(O)cc1O,3.2886877e-05
NC1(Cc2ccc(Cl)cc2)CCN(c2ncnc3[nH]ccc23)CC1,0.06865149
CN(C)c1ccc(-c2nc3ncc(Cl)c(N4CCN(CC(=O)Nc5nccs5)CC4)c3[nH]2)cc1,0.77465576
Cc1cc(CN2CCN(c3c(Br)cnc4nc(-c5ccc(N6CCN(C)CC6)cc5)[nH]c34)CC2)no1,0.002313557
CC(C)(C)c1cc(NC(=O)Nc2ccc(Oc3ccnc4nc(O)cnc34)cc2F)n(-c2ccccc2)n1,0.13935013
N#Cc1cnc(Nc2cc(NC[C@H]3CNCCO3)c(C(F)(F)F)cn2)cn1,0.981941
O=c1cccc2n1C[C@H]1C[C@@H]2CN(CCN2C[C@@H]3C[C@H](C2)c2cccc(=O)n2C3)C1,0.0048433566
O=C(O)c1ccc(-c2ccc3cc(O)c(C45CC6CC(CC(C6)C4)C5)cc3c2)cc1,0.8673506
O=C(O)c1ccc2cc(-c3ccc(O)c(C45CC6CC(CC(C6)C4)C5)c3)ccc2c1,0.8531766
OC[C@H]1O[C@H]2O[C@@H]3[C@@H](O)[C@H](O)[C@H](O[C@@H]4[C@@H](O)[C@H](O)[C@H](O[C@@H]5[C@@H](O)[C@H](O)[C@H](O[C@@H]6[C@@H](O)[C@H](O)[C@H](O[C@@H]7[C@@H](O)[C@H](O)[C@H](O[C@@H]8[C@@H](O)[C@H](O)[C@H](O[C@@H]1[C@@H](O)[C@@H]2O)O[C@@H]8CO)O[C@@H]7CO)O[C@@H]6CO)O[C@@H]5CO)O[C@@H]4CO)O[C@@H]3CO,0.78568023
Nc1[nH]nc2nc3ccccc3nc12,2.5468737e-05
COC[C@H](C)N[C@H]1CC[C@H](Nc2cc(-c3cccc(NCC4(C#N)CCOCC4)n3)c(Cl)cn2)CC1,0.0005434829
N#Cc1cccc(C(=O)Nc2cc(-c3ccccc3)nn2-c2ccccc2)c1,0.028540157
CN(C)[C@]1(c2ccccc2)CC[C@]2(CC1)OCCc1c3cc(F)ccc3[nH]c12,0.004445703
COc1cc2c(Oc3ccc4[nH]c(C)cc4c3F)ncnc2cc1OCCCN1CCCC1,0.004232972
C[C@H]1CC[C@H]2C(C)(C)[C@H]3C[C@@]12CC[C@@]3(C)O,2.583124e-06
C[C@@H]1CC[C@H]2C(C)(C)[C@H]3C[C@@]12CC[C@@]3(C)O,1.8814375e-06
N[C@@H](C(=O)N[C@@H]1C(=O)N2C(C(=O)O)=C(Cl)CS[C@H]12)c1ccccc1,0.025910862
CC1=C(C(=O)O)N2C(=O)[C@@H](NC(=O)[C@H](N)c3ccc(O)cc3)[C@H]2SC1,0.011184019
NC(=O)c1cc[n+](CC2=C(C(=O)O)N3C(=O)[C@@H](NC(=O)Cc4cccs4)[C@H]3SC2)cc1,0.0455206
Cn1nnnc1SCC1=C(C(=O)O)N2C(=O)[C@@H](NC(=O)[C@H](O)c3ccccc3)[C@H]2SC1,0.98778707
Cn1nnnc1SCC1=C(C(=O)O)N2C(=O)[C@@H](NC(=O)[C@H](OC=O)c3ccccc3)[C@H]2SC1,0.97034776
CC(=O)OCC1=C(C(=O)O)N2C(=O)[C@@H](NC(=O)CS/C(=N/C(C)C)NC(C)C)[C@H]2SC1,0.003419617
Cc1nnc(SCC2=C(C(=O)O)N3C(=O)[C@@H](NC(=O)Cn4cnnn4)[C@H]3SC2)s1,0.7412474
CC/C=C(\C(=O)N[C@@H]1C(=O)N2C(C(=O)OCOC(=O)C(C)(C)C)=C(COC(N)=O)CS[C@H]12)c1csc(N)n1,0.6824321
C=CC1=C(C(=O)O)N2C(=O)[C@@H](NC(=O)/C(=N\O)c3csc(N)n3)[C@H]2SC1,0.9998273
CO/N=C(\C(=O)N[C@@H]1C(=O)N2C(C(=O)OCOC(=O)C(C)(C)C)=C(/C=C\c3scnc3C)CS[C@H]12)c1csc(N)n1,0.97445416
CO/N=C(/C(=O)N[C@@H]1C(=O)N2C(C(=O)O)=C(C[N+]3(C)CCCC3)CS[C@H]12)c1csc(N)n1,0.7523064
CO/N=C(\C(=O)N[C@@H]1C(=O)N2C(C(=O)O)=C(C)CS[C@H]12)c1csc(N)n1,0.9999423
CO/N=C(\C(=O)N[C@@H]1C(=O)N2C(C(=O)OCOC(=O)C(C)(C)C)=C(C)CS[C@H]12)c1csc(N)n1,0.9155657
CC(C)(O/N=C(\C(=O)N[C@@H]1C(=O)N2C(C(=O)O)=C(C[N+]3(CCNC(=O)c4ccc(O)c(O)c4Cl)CCCC3)CS[C@H]12)c1csc(N)n1)C(=O)O,0.6440863
C=CC1=C(C(=O)O)N2C(=O)[C@@H](NC(=O)/C(=N\OCC(=O)O)c3csc(N)n3)[C@H]2SC1,0.99984396
CO/N=C(\C(=O)N[C@@H]1C(=O)N2C(C(=O)O)=C(CSc3nnnn3C)CS[C@H]12)c1csc(N)n1,0.9898661
CO[C@@]1(NC(=O)CSCC#N)C(=O)N2C(C(=O)O)=C(CSc3nnnn3C)CS[C@@H]21,0.80518895
CO[C@@]1(NC(=O)CSC[C@@H](N)C(=O)O)C(=O)N2C(C(=O)O)=C(CSc3nnnn3C)CS[C@@H]21,0.7718689
CO/N=C(\C(=O)N[C@@H]1C(=O)N2C(C(=O)O)=C(CSc3nc(C)c(CC(=O)O)s3)CS[C@H]12)c1csc(N)n1,0.99965394
O=C(O)C1=C(CSc2nnnn2CS(=O)(=O)O)CS[C@@H]2[C@H](NC(=O)[C@H](O)c3ccccc3)C(=O)N12,0.93344337
CCN1CCN(C(=O)N[C@@H](C(=O)N[C@@H]2C(=O)N3C(C(=O)O)=C(CSc4nnnn4C)CS[C@H]23)c2ccc(O)cc2)C(=O)C1=O,0.84291995
NCc1ccccc1CC(=O)N[C@@H]1C(=O)N2C(C(=O)O)=C(CSc3nnnn3CC(=O)O)CS[C@H]12,0.23312391
CO/N=C(\C(=O)N[C@@H]1C(=O)N2C(C(=O)O)=C(Cn3ccc(=N)n3CCO)CS[C@H]12)c1csc(N)n1,0.99886334
CO/N=C(\C(=O)N[C@@H]1C(=O)N2C(C(=O)O)=C(COC(C)=O)CS[C@H]12)c1csc(N)n1,0.9999126
CO[C@@]1(NC(=O)C2SC(=C(C(N)=O)C(=O)O)S2)C(=O)N2C(C(=O)O)=C(CSc3nnnn3C)CS[C@@H]21,0.98701143
CN(C)CCn1nnnc1SCC1=C(C(=O)O)N2C(=O)[C@@H](NC(=O)Cc3csc(N)n3)[C@H]2SC1,0.5664201
C[C@@H](OC(=O)OC1CCCCC1)OC(=O)C1=C(CSc2nnnn2CCN(C)C)CS[C@H]2[C@@H](NC(=O)Cc3csc(N)n3)C(=O)N12,0.9430252
CO[C@@]1(NC(=O)Cc2cccs2)C(=O)N2C(C(=O)O)=C(COC(N)=O)CS[C@@H]21,0.7590538
CO/N=C(\C(=O)N[C@@H]1C(=O)N2C(C(=O)O)=C(C[n+]3ccn4ncccc43)CS[C@H]12)c1nsc(N)n1,0.95617366
Cc1cc(=O)c(C(=O)N[C@@H](C(=O)N[C@@H]2C(=O)N3C(C(=O)O)=C(CSc4nnnn4C)CS[C@H]23)c2ccc(O)cc2)c[nH]1,0.49958444
CO/N=C(/C(=O)N[C@@H]1C(=O)N2C(C(=O)O)=C(C[n+]3cccc4c3CCC4)CS[C@H]12)c1csc(N)n1,0.99775934
COCC1=C(C(=O)O[C@@H](C)OC(=O)OC(C)C)N2C(=O)[C@@H](NC(=O)/C(=N\OC)c3csc(N)n3)[C@H]2SC1,0.9424984
C/C=C/C1=C(C(=O)O)N2C(=O)[C@@H](NC(=O)[C@H](N)c3ccc(O)cc3)[C@H]2SC1,0.050847214
CC1=C(C(=O)O)N2C(=O)[C@@H](NC(=O)[C@H](N)C3=CCC=CC3)[C@H]2SC1,0.002117066
NC(=O)c1cc[n+](CC2=C(C(=O)O)N3C(=O)[C@@H](NC(=O)[C@@H](c4ccccc4)S(=O)(=O)O)[C@H]3SC2)cc1,0.04358197
CCO/N=C(/C(=O)N[C@@H]1C(=O)N2C(C(=O)O)=C(Sc3nc(-c4cc[n+](C)cc4)cs3)CS[C@H]12)c1nc(=NP(=O)(O)O)s[nH]1,0.9337431
CC(C)(O/N=C(\C(=O)N[C@@H]1C(=O)N2C(C(=O)O)=C(C[n+]3ccccc3)CS[C@H]12)c1csc(N)n1)C(=O)O,0.9989398
Nc1nc(/C(=C/CC(=O)O)C(=O)N[C@@H]2C(=O)N3C(C(=O)O)=CCS[C@H]23)cs1,0.0031183125
CO/N=C(\C(=O)N[C@@H]1C(=O)N2C(C(=O)O)=C(CSC(=O)c3ccco3)CS[C@H]12)c1csc(N)n1,0.9990834
CO/N=C(\C(=O)N[C@@H]1C(=O)N2C(C(=O)O)=CCS[C@H]12)c1csc(N)n1,0.9994135
Nc1nc(/C(=N/O)C(=O)N[C@@H]2C(=O)N3C(C(=O)O)=C(/C=C4\CCN([C@@H]5CCNC5)C4=O)CS[C@H]23)ns1,0.9985891
CO/N=C(\C(=O)N[C@@H]1C(=O)N2C(C(=O)O)=C(CSc3nc(=O)c(O)nn3C)CS[C@H]12)c1csc(N)n1,0.99963784
CO/N=C(\C(=O)N[C@@H]1C(=O)N2C(C(=O)O)=C(COC(N)=O)CS[C@H]12)c1ccco1,0.34200248
CO/N=C(\C(=O)N[C@@H]1C(=O)N2C(C(=O)O[C@@H](C)OC(C)=O)=C(COC(N)=O)CS[C@H]12)c1ccco1,0.020892607
Cc1ccc(-c2cc(C(F)(F)F)nn2-c2ccc(S(N)(=O)=O)cc2)cc1,0.03514763
CCCC(=O)O[C@H]1CN2CC[C@H](O)[C@@H]2[C@@H](O)[C@@H]1O,0.0055358997
CCN(CC)C(=O)Nc1ccc(OC[C@@H](O)CNC(C)(C)C)c(C(C)=O)c1,0.00047865644
CCc1cc(-c2noc(-c3cc(OC)nc(C4CCCC4)c3)n2)cc(C)c1OC[C@@H](O)CO,0.00048264244
CCCCOCCOc1ccc(-c2ccc3c(c2)/C=C(/C(=O)Nc2ccc([S@@](=O)Cc4cncn4CCC)cc2)CCCN3CC(C)C)cc1,0.011618918
NC(=O)O[C@@H](Cn1ncnn1)c1ccccc1Cl,0.13611001
c1ccc2cc([C@]34CNC[C@H]3C4)ccc2c1,0.080752686
Nn1cnc2cc3ccccc3cc2c1=O,3.280888e-05
Cc1cccc(N2CCN(CCc3ccc4ccccc4n3)CC2)c1,6.4797765e-05
CCC(=O)c1ccc(OC[C@@H](O)CN2CCN(c3ccccc3)CC2)cc1,1.8035696e-05
COc1cc2ncnc(Oc3cccc(NC(=O)Nc4cc(C(C)(C)C(F)(F)F)on4)c3)c2cc1OC,1.8277167e-05
CN1CCN(c2cccc(Nc3nc4c(-c5ccc(S(C)(=O)=O)cc5)cccn4n3)c2)CC1,0.22654784
CNC(=O)c1ccccc1Nc1nc(Nc2ccc3c(c2OC)CCC[C@H](N2CCN(CCO)CC2)C3)ncc1Cl,0.79664665
COc1cc2nccc(Oc3ccc(NC(=O)c4cn(C(C)C)c(=O)n(-c5ccc(F)cc5)c4=O)cc3F)c2cc1OC,0.7865669
CC1=C(C(=O)O)N2C(=O)[C@@H](NC(=O)[C@H](N)c3ccccc3)[C@H]2SC1,0.00547225
C/C=C(\C)C(=O)N[C@@H](c1ccccc1)[C@@H](O)C(=O)O[C@H]1C[C@@]2(O)[C@@H](OC(=O)c3ccccc3)[C@@H]3[C@]4(OC(C)=O)CO[C@@H]4C[C@H](O)[C@@]3(C)C(=O)[C@H](OC(C)=O)C(=C1C)C2(C)C,0.05923597
CC(=O)OCC1=C2C(=O)[O][Zn][O]C(=O)[C@@H](N)CCCC(=O)N[C@@H]3C(=O)N2[C@@H]3SC1,1.7061206e-05
CC(=O)OCC1=C(C(=O)O)N2C(=O)[C@@H](NC(=O)Cc3cccs3)[C@H]2SC1,0.110628575
CC(=O)OCC1=C(C(=O)O)N2C(=O)[C@@H](NC(=O)CSc3ccncc3)[C@H]2SC1,0.0018999759
COc1ccc2cc1Oc1ccc(cc1)C[C@H]1c3c(cc4c(c3Oc3cc5c(cc3OC)CCN(C)[C@@H]5C2)OCO4)CCN1C,0.00020740437
CC1=C(C(=O)O)N2C(=O)[C@@H](NC(=O)[C@H](N)C3=CCC=CC3)[C@@H]2SC1,0.0017552158
CCCCCCCCCCCCC/C=C/[C@@H](O)[C@H](CO)NC(C)=O,0.0024378493
Cc1cc(Nc2ncc(Cl)c(Nc3ccccc3S(=O)(=O)C(C)C)n2)c(OC(C)C)cc1C1CCNCC1,0.9533432
C/C=C/C/C=C/CCC(=O)[C@H]1O[C@H]1C(N)=O,8.6566564e-05
CSCC[C@H](NC(=O)[C@H](Cc1c[nH]c2ccccc12)NC(=O)CNC(=O)[C@@H](NC(=O)[C@H](Cc1ccc(OS(=O)(=O)O)cc1)NC(=O)[C@H](CC(=O)O)NC(=O)[C@H](CCC(N)=O)NC(=O)[C@@H]1CCC(=O)N1)[C@@H](C)O)C(=O)N[C@@H](CC(=O)O)C(=O)N[C@@H](Cc1ccccc1)C(N)=O,0.049924154
CCCCCCCCCCCCCCCCNc1ccc(C(=O)O)cc1,0.05962054
CCCCCCCCCCCCCCCCOc1nc2ccc(C)cc2c(=O)o1,0.00072692963
O=C(O)COCCN1CCN([C@@H](c2ccccc2)c2ccc(Cl)cc2)CC1,0.00035926007
CCCCCCCCCCCCCCCC[N+](C)(C)C,0.0022027558
CC(=O)N[C@H](Cc1ccc2ccccc2c1)C(=O)N[C@H](Cc1ccc(Cl)cc1)C(=O)N[C@H](Cc1cccnc1)C(=O)N[C@@H](CO)C(=O)N[C@@H](Cc1ccc(O)cc1)C(=O)N[C@H](CCCNC(N)=O)C(=O)N[C@@H](CC(C)C)C(=O)N[C@@H](CCCNC(=N)N)C(=O)N1CCC[C@H]1C(=O)N[C@H](C)C(N)=O,0.106184706
CCCCCCCCCCCCCCCC[n+]1ccccc1,0.0077544246
C[C@H]1O[C@]2(CS1)CN1CCC2CC1,0.01614185
CNCCCOc1cc(F)c(-c2c(Cl)nc3ncnn3c2N[C@@H](C)C(F)(F)F)c(F)c1,0.032531526
C[C@H]1CCc2c(cc(Br)c(F)c2Br)N1C=O,0.29566172
COc1ccc2c(c1)[C@]1(C[C@H]1c1ccc3c(/C=C/c4ccc(CN5C[C@@H](C)O[C@@H](C)C5)cc4)[nH]nc3c1)C(=O)N2,0.95593286
Cc1cc(-c2cnn3c(NC[C@H]4C[C@@](C)(O)C4)cc(Oc4cccnc4)nc23)ccc1C(=O)NC1CC1,0.0028548448
COc1ccc(NC(=O)c2cc(OCCCN(C)C)nn2Cc2ccccc2)cc1,0.0015753921
COc1cc2c(cc1OC)C(c1ccc(N)cc1)=NNC(=O)C2,0.00017686904
O=C(O)c1ccc(/C=C2/SC(=S)N(c3cccc(C(F)(F)F)c3)C2=O)cc1,0.03880343
CNC(=O)[C@H]1O[C@@H](n2cnc3c(NCc4cccc(I)c4)nc(Cl)nc32)[C@H](O)[C@@H]1O,0.81542563
Cc1c(N)cccc1Cn1ccc(OCCc2cccs2)cc1=O,0.013703248
Nc1nc(-c2ccc(Cl)c(Cl)c2)c(-c2ccncc2)s1,0.004881096
O=C(N[C@H](NC(=S)Nc1ccc(F)c([N+](=O)[O-])c1)C(Cl)(Cl)Cl)C(c1ccccc1)c1ccccc1,0.33972424
COc1cc2c(cc1OC(C)C)[C@H](c1ccc(Cl)cc1)N(c1ccc(N(C)C[C@H]3CC[C@H](N4CCN(C)C(=O)C4)CC3)cc1)C(=O)C2,0.010402344
CC(C)(C)NC[C@@H](O)COc1cccc2[nH]c(=O)[nH]c12,0.0013069236
CC(C)(C=O)Cc1cc(C(C)(C)C)c(O)c(C(C)(C)C)c1,1.488308e-05
Cn1cc(C(F)(F)F)nc1-c1ccc(OC[C@H](O)CNCCOc2ccc(O)c(C(N)=O)c2)cc1,0.010834462
CCN(CC)CCNC(=O)c1cc(C#N)c(Cl)cc1OC,3.1136466e-07
O=C1CS[C@@H](c2ccccc2Cl)c2cc(Cl)ccc2N1,0.00012769183
C/C(=C\[C@@H](N)C(=O)O)CP(=O)(O)O,0.06942704
CCOC(=O)[C@H](N)/C=C(\C)CP(=O)(O)O,2.3403627e-06
O=C1NC(=O)c2cc(Nc3ccccc3)c(Nc3ccccc3)cc21,0.0028188734
O=C1NC(=O)c2cc(Nc3ccc(F)cc3)c(Nc3ccc(F)cc3)cc21,0.00093576603
C[C@H](NC[C@H](O)CP(=O)(O)CC1CCCCC1)c1ccc(Cl)c(Cl)c1,0.00094121735
C[C@H](NC[C@H](O)CP(=O)(O)Cc1ccccc1)c1ccc(Cl)c(Cl)c1,0.01189488
Nc1ncnc2n[nH]c(Nc3ccc(F)cc3)c12,0.0034280252
OCCCNc1cc(-c2ccnc(Nc3cccc(Cl)c3)n2)ccn1,0.007646109
Nc1nc(NC[C@H]2CC[C@H](CNS(=O)(=O)c3cccc4ccccc34)CC2)nc2ccccc12,0.04384056
CCn1cnc2c(Nc3cccc(Cl)c3)nc(N[C@@H]3CCCC[C@@H]3N)nc21,0.95749676
C[C@@H](NCc1cc(Br)cc2[nH]c(=O)c(=O)[nH]c12)P(=O)(O)O,0.99570376
CC(C)(CO)Cc1cc(C(C)(C)C)c(O)c(C(C)(C)C)c1,6.265126e-05
Nc1nc2ccc(Cl)cc2c2nc(-c3ccco3)nn12,0.00037281465
COc1ccc(-n2[nH]c3c4c(ncc3c2=O)CCCCC4)cc1,0.0021529407
CCNC(=O)[C@H]1O[C@@H](n2cnc3c(N)nc(NCCc4ccc(CCC(=O)O)cc4)nc32)[C@H](O)[C@@H]1O,0.3724174
O=c1c2cnc3ccccc3c2[nH]n1-c1ccc(Cl)cc1,0.0061457036
Cc1nc(Cn2cnc3c2c(=O)n(C)c(=O)n3C)no1,0.001407825
Cc1nc2ccc(-n3ncc(C(=O)c4cc5ccccc5[nH]4)c3N)cc2[nH]1,0.0020871279
N#C/C(=C\c1ccc(O)cc1)C(=O)O,0.0010701133
C[C@H](CCC(=O)O)[C@H]1CC[C@H]2[C@@H]3[C@H](O)C[C@@H]4C[C@H](O)CC[C@]4(C)[C@H]3CC[C@]12C,0.0001443789
O=C(O)C1(c2ccc(-c3ccc(Cl)c(Cl)c3)c(F)c2)CC1,0.003511807
COc1cc(-c2ccc(NN=C3C=Cc4c(S(=O)(=O)O)cc(S(=O)(=O)O)c(N)c4C3=O)c(OC)c2)ccc1NN=C1C=Cc2c(S(=O)(=O)O)cc(S(=O)(=O)O)c(N)c2C1=O,0.06865356
Nc1ccc(F)cc1NC(=O)c1ccc(CNC(=O)/C=C/c2cccnc2)cc1,0.0035218133
O=S(=O)(O)c1cc(I)c(O)c2ncccc12,0.04676535
O=c1[nH]c2ccc(Cl)cc2c(N[C@@H]2CN3CCC2CC3)c1-c1nc2ccccc2[nH]1,0.99615806
Nc1nc(NCCNc2ncc(-n3ccnc3)c(-c3ccc(Cl)cc3Cl)n2)ccc1[N+](=O)[O-],0.8417514
Cc1c[nH]c(-c2cnc(NCCNc3ccc(C#N)cn3)nc2-c2ccc(Cl)cc2Cl)n1,0.008651397
OC[C@@H](O)[C@H]1O[C@@H]2O[C@H](C(Cl)(Cl)Cl)O[C@@H]2[C@H]1O,0.0231829
O=C(O)CCCc1ccc(N(CCCl)CCCl)cc1,7.1991475e-05
Cc1ccc(S(=O)(=O)NCl)cc1,0.00087339967
O=C(N[C@H](CO)[C@H](O)c1ccc([N+](=O)[O-])cc1)C(Cl)Cl,0.04679178
CCCCCCCCCCCCCCCC(=O)OC[C@@H](NC(=O)C(Cl)Cl)[C@H](O)c1ccc([N+](=O)[O-])cc1,0.0027883837
O=C(O)CCC(=O)OC[C@@H](NC(=O)C(Cl)Cl)[C@H](O)c1ccc([N+](=O)[O-])cc1,0.0055524227
Nc1ncnc(Nc2ccc(Cl)cc2)n1,0.0004792328
CN1CCN([C@@H](c2ccccc2)c2ccc(Cl)cc2)CC1,9.832464e-05
O=S(=O)(Oc1ccc(Cl)cc1)c1ccc(Cl)cc1,0.12081891
N=C(N=C(N)Nc1ccc(Cl)cc1)NCCCCCCNC(=N)N=C(N)Nc1ccc(Cl)cc1,0.009793943
Oc1ccc(Cl)c2c1CCC2,0.0010671335
O=C1c2ccccc2C(=O)C1c1ccc(Cl)cc1,0.0005934887
C[N+](C)(C)CC[N+]1(C)Cc2c(Cl)c(Cl)c(Cl)c(Cl)c2C1,0.0008117143
CC(=O)O[C@]1(C(C)=O)CC[C@H]2[C@@H]3C=C(Cl)C4=CC(=O)CC[C@]4(C)[C@H]3CC[C@@]21C,2.0114458e-05
CN1C(=O)CCS(=O)(=O)[C@@H]1c1ccc(Cl)cc1,0.10546548
Cc1nc2ccccc2n1Cc1ccc(Cl)cc1,0.017716596
CC(C)(O)C(Cl)(Cl)Cl,0.00049149955
Cc1cc(O)ccc1Cl,0.0013732989
O=C(/C=C/c1ccc(O)c(O)c1)O[C@@H]1C[C@](O)(C(=O)O)C[C@@H](O)[C@H]1O,0.009189763
C=CC1=C(C)c2cc3[nH]c(c(CC(=O)O)c4[nH]c(cc5nc(cc1n2)C(C)=C5CC)c(C)c4C(=O)O)[C@@H](CCC(=O)O)[C@@H]3C,0.07603025
C=Cc1c(C)c2[n]3c1/C=C1\N=C(/C=c4/c(C)c(C(=O)O)/c([n]4[Cu]3)=C(\CC(=O)O)C3=N/C(=C\2)[C@@H](C)[C@@H]3CCC(=O)O)C(CC)=C1C,0.24948156
CCN(CC)CCOC(=O)c1ccc(N)cc1Cl,1.2895721e-05
CN(C)CCN(Cc1ccc(Cl)cc1)c1ccccn1,0.0014363807
CCN(CC)CCC[C@@H](C)Nc1ccnc2cc(Cl)ccc12,4.8851958e-05
NS(=O)(=O)c1cc2c(cc1Cl)N=CNS2(=O)=O,0.6089588
Cc1cc(O)c(C(C)C)cc1Cl,0.0021417518
COc1ccc(C(Cl)=C(c2ccc(OC)cc2)c2ccc(OC)cc2)cc1,0.12133552
Oc1c(Cl)cc(Cl)c2cccnc12,0.00096490467
O=c1cc[nH]c2cc(Cl)ccc12,0.0028032241
Cc1cc(O)cc(C)c1Cl,7.343907e-05
CN(C)CC[C@@H](c1ccc(Cl)cc1)c1ccccn1,0.001097778
OC[C@@H](O)COc1ccc(Cl)cc1,0.0006078899
CN(C)CCO[C@@](C)(c1ccccc1)c1ccc(Cl)cc1,0.00044227645
NC(=O)OC[C@@H](O)COc1ccc(Cl)cc1,0.0012836063
CC(C)NC(=N)N=C(N)Nc1ccc(Cl)c(Cl)c1,0.018287279
CN(C)CCCN1c2ccccc2Sc2ccc(Cl)cc21,0.00013258147
CCCNC(=O)NS(=O)(=O)c1ccc(Cl)cc1,0.0004670853
CC(C)OC(=O)Nc1cccc(Cl)c1,1.794985e-05
CN(C)CC/C=C1/c2ccccc2Sc2ccc(Cl)cc21,0.0025209025
CCOP(=S)(OCC)Oc1nc(Cl)c(Cl)cc1Cl,0.0010072398
Cc1ccc2c(Cl)cc(Cl)c(O)c2n1,0.015516259
CN(C)[C@@H]1C(=O)[C@@H](C(N)=O)C(=O)[C@@]2(O)C(=O)[C@H]3C(=O)c4c(O)ccc(Cl)c4[C@@](C)(O)[C@H]3C[C@@H]12,0.7592286
NS(=O)(=O)c1cc([C@@]2(O)NC(=O)c3ccccc32)ccc1Cl,0.5882268
O=c1[nH]c2cc(Cl)ccc2o1,0.0013702974
C=C1CC[C@H](O)C/C1=C/C=C1\CCC[C@]2(C)[C@@H]([C@H](C)CCCC(C)C)CC[C@@H]12,0.001589691
CC(C)CCC[C@@H](C)[C@H]1CC[C@H]2[C@@H]3CC=C4C[C@@H](O)CC[C@]4(C)[C@H]3CC[C@]12C,0.0005405657
C[C@H](CCC(=O)O)[C@H]1CC[C@H]2[C@@H]3[C@H](O)C[C@@H]4C[C@H](O)CC[C@]4(C)[C@H]3C[C@H](O)[C@]12C,0.00082773285
C[N+](C)(C)CCO,3.377619e-06
C[N+](C)(C)CCOP(=O)(O)OC[C@H](O)CO,0.00011638275
N[C@@H](C(=O)O)c1cc(O)ccc1Cl,0.5690749
CCCNc1ccc2ncc(-c3ccc4n[nH]cc4c3)n2n1,0.0055469805
CCS(=O)(=O)N(C)[C@@H]1c2cc(C#N)ccc2OC(C)(C)[C@H]1O,0.23559794
CCS(=O)(=O)N(C)[C@H]1c2cc(C#N)ccc2OC(C)(C)[C@@H]1O,0.6184433
O=C([O][Cr]([O]C(=O)c1ccccn1)[O]C(=O)c1ccccn1)c1ccccn1,3.223365e-06
O=C(O)c1cc(=O)c2ccccc2o1,0.0065899375
O=c1cc(-c2ccccc2)oc2cc(O)cc(O)c12,0.0021509205
Cc1cc(O)c2c(c1)C(=O)c1cccc(O)c1C2=O,0.007844646
Cc1nc(C)c(C)nc1C,7.6626355e-05
Cc1ccccc1/N=N/c1ccc(NC(=O)c2ccnn2C)c(C)c1,0.044955205
CS(=O)(=O)N1CCc2c(-c3cnc(N)nc3)nc(N3CCOCC3)nc21,0.016889526
CC(C)(C)c1cc(C(=O)/C=C/c2ccc(C(=O)O)cc2)cc(C(C)(C)C)c1,0.0031270122
c1ccc(Oc2cccnc2)cc1,0.002692518
CCN[C@@H](C)CN1CCc2c(c(=O)oc3ccccc23)C1,0.41348782
Cc1cccc(Cl)c1NC(=O)Nc1ccncc1,0.00028956748
O=C(O)C1=CCCN(CCOC(c2ccc(C(F)(F)F)cc2)c2ccc(C(F)(F)F)cc2)C1,0.013871709
CCCCCCCCCCC(C)(C)C(=O)Nc1c(OC)cc(OC)cc1OC,0.02546335
c1ccc2c(c1)C1=N/C2=N\c2c3ccccc3c3[n]2[Zn][n]2/c(c4ccccc4/c2=N/C2=N/C(=N\3)c3ccccc32)=N\1,0.8522681
Oc1cc(O)c2c(c1)O[C@H](c1ccc(O)c(O)c1)[C@@H](O)C2,0.012532994
c1ccc(C2(c3ccccc3)C[C@H]2C2=NCCN2)cc1,0.0004327975
CC(C)C(=O)OCC(=O)[C@@]12O[C@H](C3CCCCC3)O[C@@H]1C[C@H]1[C@@H]3CCC4=CC(=O)C=C[C@]4(C)[C@H]3[C@@H](O)C[C@@]12C,0.0004509636
Cc1cc(C2CCCCC2)n(O)c(=O)c1,6.430636e-05
C[C@@H](C(=O)O)c1ccc2c(c1)Cc1ccccc1-2,0.017257143
Cc1ccc(-c2n[nH]c3c2[C@H](c2cccc(O)c2)N(c2ccc(C(=O)O)cc2)C3=O)cc1,0.10422165
O=C(Nc1ccc(CN2CCOCC2)cc1)c1ccc(-c2cccc(Cl)c2)o1,0.0054878485
COC(=O)c1cnn(-c2ccc(F)cc2F)c1/C=N/NC(=S)NC(C)(C)C,0.04011926
OC1=c2ccccc2=C(NC2CCCCC2)/C1=C\c1ccccc1,0.00044668865
Nc1ccn(C[C@@H](CO)OCP(=O)(O)O)c(=O)n1,0.87368995
CC1(COc2ccc(C[C@H]3SC(=O)NC3=O)cc2)CCCCC1,5.7748053e-05
CC1(C)C[C@@H]1C(=O)N/C(=C\CCCCSC[C@H](N)C(=O)O)C(=O)O,0.010858568
CCOC(=O)[C@H](CCc1ccccc1)N[C@H]1CCCN2CCC[C@@H](C(=O)O)N2C1=O,9.67095e-06
CC(C)[C@H]1C(=O)N[C@@H](CCCNC(=N)N)C(=O)NCC(=O)N[C@@H](CC(=O)O)C(=O)N[C@H](Cc2ccccc2)C(=O)N1C,0.006777983
COCCOC(=O)C1=C(C)NC(C)=C(C(=O)OC/C=C/c2ccccc2)[C@@H]1c1cccc([N+](=O)[O-])c1,0.00014641523
O=C(O)c1ccnc(N2CC(O)(c3ccc(OCc4c(-c5c(Cl)cccc5Cl)noc4C4CC4)cc3Cl)C2)c1,0.07575816
COc1ccc([C@]2(C#N)CC[C@@H](C(=O)O)CC2)cc1OC1CCCC1,0.00014368081
CN(C(=O)CCCOc1ccc2[nH]c(=O)ccc2c1)C1CCCCC1,0.0002767396
O=C1CCc2cc(OCCCCc3nnnn3C3CCCCC3)ccc2N1,1.5088699e-06
COc1ccc2c(O[C@@H]3C[C@H]4C(=O)N[C@]5(C(=O)O)C[C@H]5/C=C\CCCCC[C@H](NC(=O)OC5CCCC5)C(=O)N4C3)cc(-c3csc(NC(C)C)n3)nc2c1,0.0043680086
Cc1cc(NC(=O)[C@H](c2ccccc2)N2CCCc3ccccc32)no1,0.00388515
CC(C)NC[C@@H](O)c1ccc(N)c(C#N)c1,0.09526241
CN/C(=N\C#N)NCCSCc1[nH]cnc1C,7.4995334e-08
C[C@@H](NCCCc1cccc(C(F)(F)F)c1)c1cccc2ccccc12,0.015422641
O=C(O)CCCCN(CCc1ccccc1OCc1ccc(CCc2ccccc2)cc1)Cc1ccc(C(=O)O)cc1,0.034657724
CCC(CC)(CC(=O)Nc1cccc(/C=C/c2nc(C3CCC3)cs2)c1)C(=O)O,0.00037600097
CN(C)CCCSc1ccccc1NC(=O)/C=C/c1ccccc1,0.0002776842
CCCCOc1cc(C(=O)NCCN(CC)CC)c2ccccc2n1,4.119123e-06
C=C[C@H]1C[N@@]2CC[C@H]1C[C@H]2[C@H](O)c1ccnc2ccccc12,0.07518335
C=C[C@H]1C[N@@]2CC[C@H]1C[C@@H]2[C@@H](O)c1ccnc2ccccc12,0.03672253
O=C(O)c1cc(-c2ccccc2)nc2ccccc12,0.019414973
CCOC(=O)CN1CCN(C(=O)/C=C/c2cc(OC)c(OC)c(OC)c2)CC1,0.0004081462
COc1cc(/C=C/C(=O)N2CCN(CC(=O)N3CCCC3)CC2)cc(OC)c1OC,0.00013437978
O=C(/C=C/c1cccc(F)c1)NC1CC1,0.0011677347
O=C/C=C/c1ccccc1,8.586372e-05
C(=C/c1ccccc1)\CN1CCN(C(c2ccccc2)c2ccccc2)CC1,0.00068089657
CC(=O)O[C@H]1[C@H]2O[C@]23[C@@H]2CC[C@]4(O)C[C@@H](O)CC[C@]4(C)[C@H]2CC[C@]3(C)[C@H]1c1ccc(=O)oc1,0.0011858382
COc1cc(/C=C/C(=O)N2CCCCCCC2)cc(OC)c1OC,0.0028127492
CCn1nc(C(=O)O)c(=O)c2cc3c(cc21)OCO3,0.021069115
CCOCCOC(=O)/C=C/c1ccc(OC)cc1,0.00010049499
CCOC(=O)Nc1ccc2c(c1)N(C(=O)CN(CC)CC)c1ccccc1CC2,2.8214806e-06
CCNC(=O)/C=C/c1cccc(Br)c1,0.0013189518
CC(C)(C[C@H]1CN(S(=O)(=O)c2cccc(C(F)(F)F)c2)c2cc(-c3cc(F)cc(OC(F)F)c3)ccc2O1)C(=O)O,0.62190896
COc1cc(/C=C/C(N)=O)cc(OC)c1OC,0.00045666835
Nc1nc2c([nH]1)c(=O)n(CC1CC1)c(=O)n2CC1CC1,0.11659441
C[C@H]1Cc2c([nH]c3cc(Cl)c(F)cc23)[C@@]2(N1)C(=O)Nc1ccc(Cl)cc12,0.93336326
CN1C(=O)N(C[C@H](C(=O)NO)[C@@H](CC2CCCC2)C(=O)N2CCCCC2)C(=O)C1(C)C,0.8071941
CC(C)(Oc1ccc([C@H]2CC2(Cl)Cl)cc1)C(=O)O,0.58297914
O=C(O)c1cn(C2CC2)c2cc(N3CCNCC3)c(F)cc2c1=O,0.99974614
O=C(c1ccc(OCCCc2cnc[nH]2)cc1)C1CC1,0.0021218602
COc1ccc(OC[C@@H]2c3cc(OC)c(OC)cc3CCN2C(=O)c2cccc(Cl)c2)cc1,0.0030320063
c1ccc(C2CC2)c(OCC2=NCCN2)c1,2.8765457e-05
O=C(O)/C=C(/CC(=O)O)C(=O)O,0.02943303
N[C@]1(C(=O)O)CC[C@@H](C(=O)O)C1,0.006533784
CC1(C)[C@H]2CC[C@]1(C)[C@@H](O)[C@H]2O,0.0048137964
O=C(O)/C=C/c1cnc[nH]1,0.0002008398
CCCCCC/C=C/C=C\CCCCCCCC(=O)O,0.002667155
COc1cc(N)c(Cl)cc1C(=O)N[C@@H]1CCN(CCCOc2ccc(F)cc2)C[C@@H]1OC,8.472439e-05
COc1ccc(C[C@@H]2c3cc(OC)c(OC)cc3CC[N@+]2(C)CCC(=O)OCCCCCOC(=O)CC[N@@+]2(C)CCc3cc(OC)c(OC)cc3[C@H]2Cc2ccc(OC)c(OC)c2)cc1OC,3.9162287e-06
[NH2][Pt]([NH2])([Cl])[Cl],0.42922997
CN(C)CCC[C@@]1(c2ccc(F)cc2)OCc2cc(C#N)ccc21,8.12536e-06
O=C(CCCCCCNC(=O)c1cnc(N(c2ccccc2)c2ccccc2Cl)nc1)NO,0.25857195
Clc1ccc(-c2nc3sccn3c2/C=N/OCc2ccc(Cl)c(Cl)c2)cc1,0.085452564
C[N+](C)(C)CCOP(=O)(O)OP(=O)(O)OC[C@H]1O[C@@H](n2ccc(N)nc2=O)[C@H](O)[C@@H]1O,0.9476893
CC(=O)N[C@H]1CCSC1=O,7.746498e-06
O=C(O)CC(O)(CC(=O)O)C(=O)O,0.5644452
Cc1cn2c(N)c(Cl)cc(C(=O)NCC3CCN(CC(C)C)CC3)c2n1,0.008087309
Cc1nccn1-c1ccc(Sc2cccc(C3(C(N)=O)CCOCC3)c2)cc1,0.0622582
C=CC(=O)Nc1cccc(-c2cccc3cnc(Nc4ccc(N5CCN(CCO)CC5)c(F)c4F)nc23)c1,0.02569504
Cc1[nH]c2ccccc2c1CCNC(=O)c1cccs1,0.005673092
Oc1cc2c(cc1O)[C@H](Cc1cccc3ccccc13)NCC2,0.0072739557
NCCNS(=O)(=O)c1ccc(Cl)c2ccncc12,0.0049027787
Cc1nnc2ccc(-c3cccc(C(F)(F)F)c3)nn12,6.4205374e-06
N#CCC(=O)c1ccccc1,0.0011085052
Nc1nc(Cl)nc2c1ncn2[C@H]1C[C@H](O)[C@@H](CO)O1,0.999895
CNC(=S)NS(=O)(=O)c1cc(CCNC(=O)c2cc(Cl)ccc2OC)ccc1OC,0.0030443755
CN(C)c1cccc(F)c1C(=O)NC(=O)Nc1ccc(Cl)cc1,0.0097692795
CC[C@H]1OC(=O)[C@H](C)[C@@H](O[C@H]2C[C@@](C)(OC)[C@@H](O)[C@H](C)O2)[C@H](C)[C@@H](O[C@@H]2O[C@H](C)C[C@H](N(C)C)[C@H]2O)[C@](C)(OC)C[C@@H](C)C(=O)[C@H](C)[C@@H](O)[C@]1(C)O,0.029175004
O=C(O)[C@H]1/C(=C/CO)O[C@@H]2CC(=O)N21,0.008771726
COc1cc(N)c(Cl)cc1C(=O)NC1CCN(Cc2ccccc2)CC1,0.00029498048
CN1CCC[C@@H]1CCO[C@](C)(c1ccccc1)c1ccc(Cl)cc1,5.031175e-05
Clc1ccc(Cn2c(CN3CCCC3)nc3ccccc32)cc1,0.0009460368
CC(C)(C)NC[C@@H](O)c1cc(Cl)c(N)c(Cl)c1,0.0018717108
CCCC(=O)OCOC(=O)C1=C(C)NC(C)=C(C(=O)OC)[C@@H]1c1cccc(Cl)c1Cl,0.0028806534
Cc1cn([C@H]2O[C@@H](CO)[C@H](O)[C@H]2F)c(=O)[nH]c1=O,0.9562372
CC(C)(C)C(=O)[C@@H](Oc1ccc(Cl)cc1)n1ccnc1,0.003419873
N[C@H]1CCN(c2c(F)cc3c(=O)c(C(=O)O)cn(C4CC4)c3c2Cl)C1,0.99993944
CCC[C@@H]1C[C@@H](C(=O)N[C@@H]([C@H]2O[C@H](SC)[C@H](O)[C@@H](O)[C@H]2O)[C@H](C)Cl)N(C)C1,0.9350462
CCCCCCCCCCCCCCCC(=O)O[C@@H]1[C@@H](O)[C@@H](O)[C@@H]([C@H](NC(=O)[C@@H]2C[C@@H](CCC)CN2C)[C@H](C)Cl)O[C@@H]1SC,0.47589868
CCC[C@@H]1C[C@@H](C(=O)N[C@@H]([C@H]2O[C@H](SC)[C@H](OP(=O)(O)O)[C@@H](O)[C@H]2O)[C@H](C)Cl)N(C)C1,0.9801885
CCC(C)(Oc1ccc(C2(c3ccc(O[C@](C)(CC)C(=O)O)cc3)CCCCC2)cc1)C(=O)O,0.983036
Oc1c(I)cc(Cl)c2cccnc12,2.6318332e-05
N=C(NCc1ccc(Cl)cc1)SCCCc1cnc[nH]1,0.061216652
CCC(=O)O[C@]1(C(=O)CCl)[C@@H](C)C[C@H]2[C@@H]3CCC4=CC(=O)C=C[C@]4(C)[C@@]3(F)[C@@H](O)C[C@@]21C,0.9949386
CCCC(=O)O[C@]1(C(=O)CCl)[C@@H](C)C[C@H]2[C@@H]3CCC4=CC(=O)C=C[C@]4(C)[C@@]3(F)C(=O)C[C@@]21C,0.52251446
C[C@@H](CN(C)C)C(C)(O)Cc1ccc(Cl)cc1,0.0019033473
C[C@@H]1C[C@H]2[C@@H]3C[C@H](F)C4=CC(=O)C=C[C@]4(C)[C@@]3(Cl)[C@@H](O)C[C@]2(C)[C@H]1C(=O)COC(=O)C(C)(C)C,0.95745885
O=P(O)(O)C(Cl)(Cl)P(=O)(O)O,0.0008401717
Nc1nc(Cl)nc2c1ncn2[C@@H]1O[C@H](CO)[C@@H](O)[C@@H]1F,0.9985719
CC(C)/N=c1\cc2n(-c3ccc(Cl)cc3)c3ccccc3nc-2cc1Nc1ccc(Cl)cc1,0.00019864146
CN(C)CC[C@@](O)(c1ccccc1)c1ccccc1Cl,0.006841169
CCOC(=O)C(C)(C)Oc1ccc(Cl)cc1,0.003975648
CC(C)(Oc1ccc(Cl)cc1)C(=O)O,0.018494433
CCCCCCC[N+](CC)(CC)CCCCc1ccc(Cl)cc1,1.6912816e-05
CC(C)(C)CC(C)(C)c1ccc(O)c(Cc2ccc(Cl)cc2Cl)c1,0.00074727024
CS(=O)(=O)CS(=O)(=O)OCCCl,1.1517047e-05
Cc1ncsc1CCCl,3.5893496e-05
CCN(CC)CCOc1ccc(/C(=C(\Cl)c2ccccc2)c2ccccc2)cc1,4.140746e-06
CN(C)CCCN1c2ccccc2CCc2ccc(Cl)cc21,0.0025292651
Clc1cccc(Cl)c1NC1=NCCN1,0.028374374
Cc1c(Cl)cccc1Nc1ncccc1C(=O)O,0.7125593
C[C@@H]1CCC[C@H](C)N1NC(=O)c1ccc(Cl)c(S(N)(=O)=O)c1,0.31526473
Clc1ccc([C@@H](OCCN2CCCCC2)c2ccccc2)cc1,0.00018089073
Clc1ccc(C(OCCN2CCCCC2)c2ccccc2)cc1,0.00022628179
COC(=O)[C@H](c1ccccc1Cl)N1CCc2sccc2C1,7.9412835e-05
Cc1[nH]c(C)c(Cl)c(=O)c1Cl,0.049455468
O=C(O)CCC/C=C\C[C@@H]1[C@@H](/C=C/[C@@H](O)COc2cccc(Cl)c2)[C@H](O)C[C@@H]1O,0.005533456
CC(C)(C)NC[C@@H](O)COc1cc(Cl)ccc1Cl,0.00031273568
C#CCN(C)CCCOc1ccc(Cl)cc1Cl,0.0010379163
CN1CCN([C@H]2Cc3ccccc3Sc3ccc(Cl)cc32)CC1,0.00014090176
CC(C)NC[C@@H](O)c1ccccc1Cl,0.00027165402
Nc1cc(C(Cl)=C(Cl)Cl)c(S(N)(=O)=O)cc1S(N)(=O)=O,0.6343574
Cc1cc([C@@H](C#N)c2ccc(Cl)cc2)c(Cl)cc1NC(=O)c1cc(I)cc(I)c1O,0.004181493
CN1CCN(C2=Nc3ccccc3Sc3ccc(Cl)cc32)CC1,0.004253799
Clc1ccccc1C(c1ccccc1)(c1ccccc1)n1ccnc1,0.00017747638
Cc1onc(-c2ccccc2Cl)c1C(=O)N[C@@H]1C(=O)N2[C@@H]1SC(C)(C)[C@@H]2C(=O)O,0.9830593
Oc1ccc(Cl)c2cccnc12,0.0046880348
CN1CCN(C2=Nc3cc(Cl)ccc3Nc3ccccc32)CC1,0.00057123974
C[C@H](Cc1ccc2c(c1)OC(C(=O)O)(C(=O)O)O2)NC[C@H](O)c1cccc(Cl)c1,0.044747073
Cc1cccc(F)c1C(=O)Nc1cnc(-c2cc3c(cc2Cl)OC(F)(F)O3)cn1,0.02234662
O=C(CCCc1ccc(-c2ccccc2F)cc1)Nc1ccc(O)cc1,0.00014752444
N#Cc1cc2[nH]c(=O)c(=O)[nH]c2cc1[N+](=O)[O-],0.09418611
C=CC(=O)Nc1cccc(Nc2nc(Nc3ccc(NC4CN(CCF)C4)cc3OC)ncc2C(F)(F)F)c1,0.9715935
C=CC(=O)Nc1cccc(Nc2nc(Nc3ccc(Oc4ccnc(C(=O)NC)c4)cc3)ncc2F)c1,0.0033935064
Cc1ccc(CC2(O)CCN(CCOc3ccc(O)cc3)CC2)cc1,0.06777848
NC(=O)N/N=C/c1ccc(Oc2ccc(F)cc2)cc1,0.00016214208
CC(C)c1nc(CN(C)C(=O)N[C@@H](CCN2CCOCC2)C(=O)N[C@H](CC[C@H](Cc2ccccc2)NC(=O)OCc2cncs2)Cc2ccccc2)cs1,0.0035236194
O=C(c1ccc(F)c(F)c1Nc1ccc(I)cc1F)N1CC(O)([C@@H]2CCCCN2)C1,0.59427875
CC(C)(COP(=O)(O)OP(=O)(O)OC[C@H]1O[C@@H](n2cnc3c(N)ncnc32)[C@H](O)[C@@H]1OP(=O)(O)O)[C@@H](O)C(=O)NCCC(=O)NCCS,0.99872476
NC(=O)C1=CN([C@@H]2O[C@H](COP(=O)(O)OP(=O)(O)OC[C@H]3O[C@@H](n4cnc5c(N)ncnc54)[C@H](O)[C@@H]3O)[C@@H](O)[C@H]2O)C=CC1,0.99945015
COC1=C(OC)C(=O)C(C/C=C(\C)CC/C=C(\C)CC/C=C(\C)CC/C=C(\C)CC/C=C(\C)CC/C=C(\C)CC/C=C(\C)CC/C=C(\C)CC/C=C(\C)CCC=C(C)C)=C(C)C1=O,0.6021232
O=C(Nc1nc(-c2ccc(O)c(O)c2)c(-c2ccccc2)s1)c1ccc(O)c(O)c1,0.0065789646
COc1cc2c(c(OC)c1OC)-c1ccc(OC)c(=O)cc1[C@@H](NC(C)=O)CC2,0.017686961
C=C[C@@]1(C)CC(=O)[C@]2(O)[C@@]3(C)[C@@H](O)CCC(C)(C)[C@@H]3[C@H](O)[C@H](OC(C)=O)[C@@]2(C)O1,0.006963351
C=C[C@@]1(C)CC(=O)[C@]2(O)[C@@]3(C)[C@@H](O)CCC(C)(C)[C@@H]3[C@H](OC(=O)CCN(C)C)[C@H](OC(C)=O)[C@@]2(C)O1,0.004274767
CCCCCCCCCCCCCCCC(=O)OC[C@H](CO[P@@](=O)(O)OCC[N+](C)(C)C)OC(=O)CCCCCCCCCCCCCCC,0.004197111
CC(C)CCCC(=O)N[C@@H](CCNCS(=O)(=O)O)C(=O)N[C@H](C(=O)N[C@@H](CCNCS(=O)(=O)O)C(=O)N[C@H]1CCNC(=O)[C@H]([C@@H](C)O)NC(=O)[C@H](CCNCS(=O)(=O)O)NC(=O)[C@H](CCNCS(=O)(=O)O)NC(=O)[C@H](CC(C)C)NC(=O)[C@H](CC(C)C)NC(=O)[C@H](CCNCS(=O)(=O)O)NC1=O)[C@@H](C)O,0.49074027
CC[C@@H](C)CCCC(=O)N[C@@H](CCN)C(=O)N[C@H](C(=O)N[C@@H](CCN)C(=O)N[C@H]1CCNC(=O)[C@H]([C@@H](C)O)NC(=O)[C@H](CCN)NC(=O)[C@H](CCN)NC(=O)[C@H](CC(C)C)NC(=O)[C@@H](CC(C)C)NC(=O)[C@H](CCN)NC1=O)[C@@H](C)O,0.7842446
COc1ccc(/C=C\c2cc(OC)c(OC)c(OC)c2)cc1O,0.0018461839
O=C(O)c1cc(Oc2ccc([N+](=O)[O-])cc2)cc(Oc2ccc([N+](=O)[O-])cc2)c1,0.00013001756
O=c1cc(N2CCOCC2)nc2c3ccccc3ccn12,0.04212329
COc1cccc(CN2C[Si](C)(C)O[Si](C)(C)C2)c1,2.9134395e-18
Cc1nc2c([nH]1)CCN(C(=O)c1ccc(NC(=O)c3ccccc3-c3ccccc3)cc1)c1ccccc1-2,0.003561957
C[C@@H]1O[C@@H](O[C@H]2CC[C@]3(C=O)[C@H]4CC[C@]5(C)[C@@H](C6=CC(=O)OC6)CC[C@]5(O)[C@@H]4CC[C@]3(O)C2)[C@H](O)[C@H](O)[C@H]1O,0.0021621068
COc1c(OCCCN2CCOCC2)ccc2c1N=C(NC(=O)c1cnc(N)nc1)N1CCN=C21,0.86395985
N[C@H](Cc1cnc[nH]1)C(=O)O,0.0038207814
CCCCCn1cc(C(=O)NC23CC4CC(CC(C4)C2)C3)c(=O)c2cc(-c3ccccc3)ccc21,0.82464725
Nc1ncnc2c1ncn2[C@@H]1O[C@H](CO)C[C@H]1O,0.66245836
C[C@H]1[C@H](C)CC[C@]2(C(=O)O)CC[C@]3(C)C(=CC[C@@H]4[C@@]5(C)C[C@@H](O)[C@H](O)C(C)(C)[C@@H]5CC[C@]43C)[C@H]12,0.0437199
CCOC[C@]12Cc3cnn(-c4ccc(F)cc4)c3C=C1CCN(S(=O)(=O)c1ccc(C(F)(F)F)cc1)C2,0.008233298
C[C@]12C[C@H](O)[C@H]3[C@@H](CCC4=CC(=O)CC[C@@]43C)[C@@H]1CC[C@@H]2C(=O)CO,0.00019530302
C[C@]12CCC(=O)C=C1CC[C@@H]1[C@@H]2C(=O)C[C@@]2(C)[C@H]1CC[C@]2(O)C(=O)CO,3.625509e-05
CC(=O)OCC(=O)[C@@]1(O)CC[C@H]2[C@@H]3CCC4=CC(=O)CC[C@]4(C)[C@H]3C(=O)C[C@@]21C,9.021592e-08
C[C@]12CCC(=O)C=C1CC[C@@H]1[C@@H]2CC[C@@]2(C)[C@H]1CC[C@]2(O)C(=O)CO,5.165133e-06
C=C1C(=O)O[C@@H]2/C=C(\C)CC/C=C(\C)CC[C@@H]12,0.0005819436
N#Cc1cnc2c(Cl)cc(NCc3cn(CCN4CCCCCC4)nn3)cc2c1Nc1ccc(F)c(Cl)c1,0.057444982
CCN1CCC(n2cc(CNc3cc(Cl)c4ncc(C#N)c(Nc5ccc(F)c(Cl)c5)c4c3)nn2)CC1,0.7409185
S=C(N/N=C1\CCCc2cccnc21)N1CCN(c2ccccn2)CC1,0.0025836183
CN1C(=O)CC[C@H]1c1cccnc1,0.0057693254
O=c1ccc2ccccc2o1,0.03433603
CCOP(=S)(OCC)Oc1ccc2c(C)c(Cl)c(=O)oc2c1,0.0004898679
O=C(O)C1(c2ccc3c(c2)OC[C@H](Cc2ccc(-c4ccccc4)cc2)[C@H]3O)CCCC1,0.044044923
CON(C)C(=O)[C@H](O)[C@H](Cc1ccccc1)NC(=O)c1cc2cc(Cl)ccc2[nH]1,2.2803672e-05
CCCCC/N=c1\ccn(Cc2ccccc2)c2ccccc12,0.015280337
CCC(CC)Nc1cc(C)nc(Oc2c(C)cc(C)cc2C)c1C,0.0003574932
CC(C)(NS(=O)(=O)c1ccc(Oc2ccc(F)cc2)cc1)C(=O)NO,0.0009963124
CC[C@@H]1C[C@H](N(Cc2cc(C(F)(F)F)cc(C(F)(F)F)c2)C(C)=O)c2cc(C(F)(F)F)ccc2N1C(=O)OC(C)C,0.2803353
NC(=O)c1c(OCc2c(F)cc(Br)cc2F)nsc1NC(=O)NCCCCN1CCCC1,0.8559425
O=C(c1c2ccccc2cc2ccccc12)N1CCC(N2CCC[C@@H](C(=O)N3CCOCC3)C2)CC1,0.043680094
COCCOc1ccc2c(c1)ncn2-c1ccc2cccc(N3CCC(N)CC3)c2n1,0.0010418603
COCC(=O)NC/C=C/c1ccc2ncnc(Nc3ccc(Oc4ccc(C)nc4)c(C)c3)c2c1,0.0009600922
CC(C)c1ccc(CC(=O)N2CCC[C@@H](c3cccc(OC(C)(C)C(=O)O)c3)C2)cc1,0.0024420111
CN(C)C(=O)[C@H](O)[C@H](Cc1ccccc1)NC(=O)c1cc2cc(Cl)ccc2[nH]1,0.00011690708
O=c1ccc2[nH]cc(C3=CCNCC3)c2[nH]1,0.0026623176
CCCOc1ccc2[nH]cc(C3=CCNCC3)c2n1,0.00034543395
CCNC1(C(N)=O)CCN(c2ncnc3c2nc(-c2ccccc2Cl)n3-c2ccc(Cl)cc2)CC1,0.14754155
COc1ccccc1CN[C@H]1CCCN[C@H]1c1ccccc1,2.03083e-05
O=C(O)[C@H](Cc1ccccc1)CN(O)C(=O)Cc1ccccc1,0.055275932
CCOC(=O)[C@]12C[C@H]1/C(=N\O)c1ccccc1O2,0.001012836
Cc1noc2c1-c1ccccc1C(c1ccc(Cl)cc1)=N[C@H]2CC(N)=O,0.36419123
CC(=O)Nc1ccc(C(=O)NC(C)(C)C)cc1,1.3519515e-05
COc1cc(C)[nH]c(=O)c1CNC(=O)c1c(C)n([C@H](C)C2CCN(CC(F)(F)F)CC2)c2ccccc12,3.5937985e-05
CCS(=O)(=O)N1CCC([C@@H](C)n2c(C)c(C(=O)NCc3c(OC)cc(C)[nH]c3=O)c3ccccc32)CC1,0.00034961605
Cc1sc2c(c1C)C(c1ccc(Cl)cc1)=N[C@@H](CC(N)=O)c1nnc(C)n1-2,0.004922604
COc1cc(C)[nH]c(=O)c1CNC(=O)c1c(C)n([C@H](C)C2CCOCC2)c2ccccc12,0.000446003
Cc1ccc(-c2nc(N)nc3c2nnn3Cc2cccc(CO[C@H]3CCOC3)n2)o1,0.8780119
O=C(O)CCCC[C@@H](CCSCc1ccccc1)SCc1ccccc1,0.0005506195
O=C(O)[C@H]1CN(CCCP(=O)(O)O)CCN1,0.62602425
O=C(C[C@H]1CC(c2ccc(F)cc2F)=NO1)N1CCOCC1,1.214308e-06
Nc1ccc(S(=O)(=O)Nc2cnc3c(Cl)cccc3n2)cc1,0.12691733
CN(CC(=O)O)C(=N)N,0.013591705
CN1CC(=O)NC1=N,0.0019103923
CN(CCOP(=O)(O)O)C(=N)N,0.5211602
C[C@H](NC(=O)CCC(F)(F)F)C(=O)N[C@@H]1C(=O)N(CCO)c2ncccc2-c2ccccc21,0.002187682
CC1(COc2ccc3c(c2)ncn3-c2ccc3cccc(N4CCC(N)CC4)c3n2)COC1,0.16586606
Cc1ccc(O)cc1,0.0010846003
CC(=O)Oc1c(C)cccc1C(=O)O,0.002857087
O=C(O)Cn1c2ccccc2c(=O)c2ccccc21,0.071136326
N#Cc1ccc(Oc2ccc3c(c2)COB3O)cc1,0.00020136402
O=C(O)c1cc(NCCc2ccc(C(F)(F)F)cc2)ccc1O,0.3821679
C[C@@H](Oc1cc(-c2cnn(C3CCNCC3)c2)cnc1N)c1c(Cl)ccc(F)c1Cl,0.05928693
C[C@H](Oc1cc(-c2cnn(C3CCNCC3)c2)cnc1N)c1c(Cl)ccc(F)c1Cl,0.055934496
C=C(c1ccccc1OCc1cccc(Cl)c1)n1ccnc1,0.002366706
COc1cc([C@H]2C(C#N)=C(N)Oc3c2ccc(N)c3N)cc(Br)c1OC,0.008879052
CC1(C)Oc2ccc(C#N)cc2[C@@H](N2CCCC2=O)[C@@H]1O,0.00037673503
O=C(O)c1cc(=O)c2c(OCC(O)COc3cccc4oc(C(=O)O)cc(=O)c34)cccc2o1,0.017049737
C/C=C/C(=O)N(CC)c1ccccc1C,0.00020377505
O=C(O)c1cc2cccc([N+](=O)[O-])c2[nH]1,0.055123523
C[C@H]1COC2=C1C(=O)C(=O)c1c2ccc2c1CCCC2(C)C,0.16858396
CN(C)c1ccc(C(=C2C=CC(=[N+](C)C)C=C2)c2ccc(N(C)C)cc2)cc1,0.93260825
CC[C@H](CO)Nc1nc(NCc2ccc(-c3ccccn3)cc2)c2ncn(C(C)C)c2n1,0.4067526
c1ccc2sc(C3(N4CCCCC4)CCCCC3)cc2c1,0.00027425482
CC(C)Cc1sc(N)nc1-c1ccc(P(=O)(O)O)o1,0.00062903005
O=C(O)[C@H](Cc1ccc(Nc2nccc3ccncc23)cc1)NC1=C(Br)C(=O)C12CCCCC2,0.006871128
Cc1nc(C#Cc2ccnc(Cl)c2)c(C)n1-c1ccc(OC(F)(F)F)cc1,0.00012890248
O=C(NO)C1(CS(=O)(=O)c2ccc(Oc3ccc(Cl)cc3)cc2)CCOCC1,0.011780663
CC(C)C[C@H](NC(=O)[C@H](CC(N)=O)NC(=O)[C@@H](NC(=O)[C@@H](N)CCC(=O)O)C(C)C)[C@@H](O)C[C@@H](C)C(=O)N[C@@H](C)C(=O)N[C@@H](CCC(=O)O)C(=O)N[C@@H](Cc1ccccc1)C(=O)O,0.04053729
CC(C)c1cnn2c(NCc3ccccc3)cc(NC[C@H]3CCNC[C@@H]3O)nc12,0.06718363
O=C(N[C@H](Cc1ccccc1)C(=O)O)c1sc2cc(F)ccc2c1Cl,0.0038243292
CNc1ccc([N+](=O)[O-])cc1-n1cnc(-c2ccc(C(F)(F)F)cc2)c1,0.31572717
C#Cc1cccc(Nc2ncnc3cc(OC)c(OCCCCCCC(=O)NO)cc23)c1,0.20481512
CN[C@@H](C)C(=O)N[C@H](C(=O)N1CCC[C@H]1C(=O)Nc1sc(-c2ncco2)nc1-c1ccccc1)C1CCCCC1,0.058353085
COc1ccc(-c2nc(N3CCOCC3)c3sc(CN(C)c4ncc(C(=O)NO)cn4)cc3n2)cn1,0.13867229
COc1cccc(CN(C(=O)CC(C)(C)C)[C@H]2C[C@@H](C(=O)N3CCNCC3)N(Cc3ccc4c(c3)OCO4)C2)c1,0.0005881714
COc1cc(/C=C/C(=O)C=C(O)/C=C/c2ccc(O)c(OC)c2)ccc1O,6.8946556e-06
C=C1C[C@@]2(O)O[C@@]3(C[C@H]2C(C)C)[C@@H](C)CC[C@@H]13,0.024301806
COc1ccc(CCN2CCN(CCCc3ccccc3)CC2)cc1OC,0.00010214
Nc1nc(Nc2ccccc2)nc2c1ncn2[C@@H]1O[C@H](CO)[C@@H](O)[C@H]1O,0.36202884
CS(=O)(=O)Nc1ccc(-c2coc3cc(OCc4cccc(C(=O)O)c4)ccc3c2=O)cc1,0.01606883
COc1ccn2ncc(-c3nc4n[nH]c(NC(=O)c5ccc(F)cc5)c4cc3F)c2c1,0.13929777
O=C(O)c1ccc2c(c1)nc(Nc1cccc(Cl)c1)c1ccncc12,0.28845075
O=C(c1ccc2c(c1)OCO2)N1CCCCC1,0.0003523516
Cc1cnc(CNC(=O)c2c(=O)c3ccc(N4CCCN(C)CC4)nc3n3c2sc2ccccc23)cn1,0.0015110753
Cc1nn(C)cc1CN1CCC(c2ccc(C(=O)Nc3ccccc3N)cc2)CC1,2.5600622e-05
N#CCC(=O)NN,3.2011652e-05
C[C@@H](CN(C)C)CN1c2ccccc2Sc2ccc(C#N)cc21,3.706877e-05
C/C1=C2/N=C(/C=C3\N=C(/C(C)=C4/[C@@H](CCC(N)=O)[C@](C)(CC(N)=O)[C@](C)([C@@H]5N=C1[C@](C)(CCC(=O)NC[C@@H](C)O[P@](=O)(O)O[C@H]1[C@@H](O)[C@@H](n6cnc7cc(C)c(C)cc76)O[C@@H]1CO)[C@H]5CC(N)=O)[N]4[Co+][C]#N)[C@@](C)(CC(N)=O)[C@@H]3CCC(N)=O)C(C)(C)[C@@H]2CCC(N)=O,0.10541871
CC(C)(C)NC[C@@H](O)COc1cccc2[nH]c(C#N)cc12,0.0036904782
O=S(=O)(O)NC1CCCCC1,1.2159987e-05
C[C@H]1C[C@H](OC(=O)[C@@H](O)c2ccccc2)CC(C)(C)C1,0.8136729
Nc1ncnc2c1ncn2[C@H]1O[C@H]2CO[P@@](=O)(O)O[C@@H]2[C@@H]1O,0.99712
CN1CCN(C(c2ccccc2)c2ccccc2)CC1,6.849984e-05
CN(C)CCC=C1c2ccccc2C=Cc2ccccc21,0.010911103
NC1=NCCN1CC(=O)O,0.9850433
N=c1ccn2c(n1)O[C@H]1[C@H](O)[C@@H](CO)O[C@H]12,0.53403884
C[C@@H]1C[C@@H]([C@H](O)CC2CC(=O)NC(=O)C2)C(=O)[C@@H](C)C1,4.2809395e-05
CC1=C2C[C@H]3[C@@H](CC=C4C[C@@H](O)CC[C@@]43C)[C@@H]2CC[C@]12O[C@@H]1C[C@H](C)CN[C@H]1[C@H]2C,0.90083444
NS(=O)(=O)c1cc2c(cc1Cl)N[C@@H](CC1CCCC1)NS2(=O)=O,0.89299536
CN(C)CCOC(=O)[C@@H](c1ccccc1)C1(O)CCCC1,0.0044241375
O=[P@]1(N(CCCl)CCCl)NCCCO1,0.011732785
CC(=O)C1=C(O)[C@@H]2[C@H]3c4c[nH]c5cccc(c45)C[C@H]3C(C)(C)N2C1=O,0.04438029
N[C@@H]1CONC1=O,0.0021522637
C/C=C/C[C@H](C)[C@H](O)[C@@H]1C(=O)N[C@H](CC)C(=O)N(C)CC(=O)N(C)[C@H](CC(C)C)C(=O)N[C@@H](C(C)C)C(=O)N(C)[C@H](CC(C)C)C(=O)N[C@H](C)C(=O)N[C@H](C)C(=O)N(C)[C@H](CC(C)C)C(=O)N(C)[C@H](CC(C)C)C(=O)N(C)[C@H](C(C)C)C(=O)N1C,5.6696117e-05
NS(=O)(=O)c1cc2c(cc1Cl)N[C@H]([C@H]1C[C@@H]3C=C[C@H]1C3)NS2(=O)=O,0.9175934
COc1cc(/C=C2\CCC/C(=C\c3ccc(O)c(OC)c3)C2=O)ccc1O,0.0128380265
CN[C@@H](C)[C@H]1[C@H](O)C[C@@]2(C)[C@@H]3CC[C@H]4C(C)(C)[C@@H](NC)CC[C@@]45C[C@@]35CC[C@]12C,0.0005578309
O=C(O)[C@H]1CSC(c2nc3cc4c(cc3s2)NCC4)=N1,0.5277689
CC[C@H](Nc1nc(NCc2cnc(C)cc2C)c2ncn(C(C)C)c2n1)[C@@H](C)O,0.28660002
Cc1nc(N)sc1-c1ccnc(Nc2ccc(N3CCOCC3)cc2)n1,0.0044468823
FCc1ccc(OCCOc2ccc(Cl)cc2Cl)c(Cl)n1,0.015508372
Cc1cc(CN)cc(C)c1NC(=O)c1ccc(-c2cc(Cl)ccc2Cl)o1,0.00026097277
COc1ccc(Oc2c(Cl)cnn(C3c4ccccc4-c4ccccc43)c2=O)cc1,0.11667216
CCOc1ccc(-c2nc(-c3cccc4c3CC[C@H]4NCCO)no2)cc1OCC,0.0045576408
Cc1cc(C(=O)Cn2cc(C#N)ccc2=O)c(C)n1Cc1ccccc1,1.901992e-05
O=C(c1cc(C2CC2)on1)N(C1CCCCC1)C1CCCCC1,1.2714746e-07
CC1(C)[C@@H](C=C(Cl)Cl)[C@@H]1C(=O)O[C@@H](C#N)c1cccc(Oc2ccccc2)c1,0.17696744
CN1CCC(=C2c3ccccc3C=Cc3ccccc32)CC1,0.0004315231
CC(=O)O[C@]1(C(C)=O)CC[C@H]2[C@@H]3C=C(Cl)C4=CC(=O)[C@@H]5C[C@@H]5[C@]4(C)[C@H]3CC[C@@]21C,0.000104058716
Nc1nc(N)nc(NC2CC2)n1,0.042179044
NCCS,0.00055187393
CCC[C@H](Nc1nc(-c2ccc(NC(=O)NCC)c(OC)c2)ncc1C)c1cccnc1,0.25919417
Nc1ccn([C@@H]2O[C@H](CO)[C@@H](O)[C@@H]2O)c(=O)n1,0.95063674
Nc1ccn([C@@H]2O[C@H](CO)[C@@H](O)[C@H]2O)c(=O)n1,0.83085096
O=c1cccc2n1C[C@@H]1CNC[C@H]2C1,0.0038403287
C=C1[C@@H](C)[C@H]2[C@H](Cc3ccccc3)NC(=O)[C@]23OC(=O)/C=C/[C@H](O)CCC[C@@H](C)C/C=C/[C@H]3[C@@H]1O,0.021402555
Nc1nc(=O)n([C@H]2C[C@@H](O)[C@@H](CO)O2)cc1Cl,0.99143434
N#CCNC(=O)c1ccc(-c2ccnc(Nc3ccc(N4CCOCC4)cc3)n2)cc1,0.037067365
CN1Cc2ccccc2[C@@H]2c3cccc4[nH]cc(c34)C[C@H]21,1.9881998e-05
COc1cc(N2CCOCC2)ccc1Nc1ncc(Cl)c(Nc2ccccc2NS(C)(=O)=O)n1,0.012895831
CC(C)(C)NS(=O)(=O)c1cncc(-c2cc(F)c3nc(N)nn3c2)c1,0.0035187136
Cc1ccc(C(=O)O[C@H](C(=O)O)[C@@H](OC(=O)c2ccc(C)cc2)C(=O)O)cc1,0.0011165937
[Y+3],8.589926e-05
COc1ccc(S(=O)(=O)Nc2cc(-c3c(O)ccc4ccccc34)c(O)c3ccccc23)cc1,0.041731935
CC(=O)N[C@H]1[C@@H](OC(C)C)O[C@H](COC(C)=O)[C@@H](OC(C)=O)[C@@H]1OC(C)=O,2.68762e-07
CC1=NN(c2ccc(C(=O)O)cc2)C(=O)C1=Cc1ccc(-c2cc(C)c(C)cc2[N+](=O)[O-])o1,0.014856223
C[C@@]1(O)CCOC(=O)C1,1.4770643e-05
OC[C@H]1O[C@H](O[C@H]2[C@H](O)[C@@H](O)[C@H](O)O[C@@H]2CO)[C@H](O)[C@@H](O)[C@@H]1O,0.0061596036
Cc1c(C)c2c(c(C)c1OC(=O)CCC(=O)O)CC[C@@](C)(CCC[C@H](C)CCC[C@H](C)CCCC(C)C)O2,0.8813445
Cc1cc(O)cc2c1O[C@](C)(CCC[C@H](C)CCC[C@H](C)CCCC(C)C)CC2,0.009034092
C=C(C)[C@H]1CC=C(C)CC1,1.9333424e-05
N[C@H](Cc1ccccc1)C(=O)O,0.1787224
N[C@H](CO)C(=O)O,7.8082514e-05
Nc1nc(N)c2c(OCC3CCN(Cc4c(Cl)cccc4Cl)CC3)cccc2n1,0.97877467
COc1ccc2c(c1)n(CCN)c(=O)n2C(=O)[C@@H]1C[C@H](C)CC[C@H]1C(C)C,0.00055470905
NC(=O)c1ccc(-c2nc(-c3ccccn3)c(-c3ccc4c(c3)OCCO4)[nH]2)cc1,0.054469142
COc1ccc2[nH]c(C(=O)c3ccccc3)cc2c1,0.04589105
CC(=O)N[C@@H](CSSC[C@H](NC(C)=O)C(=O)O)C(=O)O,2.8594655e-05
COc1ccc(OC)c(CN(C(C)=O)c2cc(F)ccc2Oc2ccccc2)c1,0.0007889501
Cn1c(CNc2ccc(C(=N)N)cc2)nc2cc(C(=O)N(CCC(=O)O)c3ccccn3)ccc21,0.00023024337
CCCCCCOC(=O)/N=C(/N)c1ccc(NCc2nc3cc(C(=O)N(CCC(=O)OCC)c4ccccn4)ccc3n2C)cc1,0.07592632
CC(C)(C)c1nc(-c2cccc(NS(=O)(=O)c3c(F)cccc3F)c2F)c(-c2ccnc(N)n2)s1,0.022155005
CN(C)/N=N/c1nc[nH]c1C(N)=O,2.2431923e-06
O=C(/C=C/c1ccc(CN(CCO)CCc2c[nH]c3ccccc23)cc1)NO,0.0030964261
COC(=O)N[C@H](C(=O)N1CCC[C@H]1c1nc(-c2ccc(-c3ccc(-c4c[nH]c([C@@H]5CCCN5C(=O)[C@@H](NC(=O)OC)C(C)C)n4)cc3)cc2)c[nH]1)C(C)C,0.008041084
COc1cc2ncnc(Nc3ccc(F)c(Cl)c3)c2cc1NC(=O)/C=C/CN1CCCCC1,0.00011740947
Cc1c2oc3c(C)ccc(C(=O)N[C@@H]4C(=O)N[C@H](C(C)C)C(=O)N5CCC[C@H]5C(=O)N(C)CC(=O)N(C)[C@@H](C(C)C)C(=O)O[C@@H]4C)c3nc-2c(C(=O)N[C@@H]2C(=O)N[C@H](C(C)C)C(=O)N3CCC[C@H]3C(=O)N(C)CC(=O)N(C)[C@@H](C(C)C)C(=O)O[C@@H]2C)c(N)c1=O,0.99296135
O=c1c(-c2ccc(O)cc2)coc2cc(O)ccc12,0.008868109
O=c1c(-c2ccc(O)cc2)coc2cc(O[C@@H]3O[C@H](CO)[C@@H](O)[C@H](O)[C@H]3O)ccc12,0.001288901
CC(C)C[C@@H](NC(=O)[C@@H](Cc1ccccc1)NC(=O)CNC(=O)[C@H](C)NC(=O)[C@@H](N)Cc1ccc(O)cc1)C(=O)N[C@H](CCCNC(=N)N)C(=O)O,0.1032733
CN[C@H]1C(=O)N[C@@H]2Cc3ccc(cc3)Oc3cc4cc(c3O[C@@H]3O[C@H](C(=O)O)[C@@H](O)[C@H](O)[C@H]3NC(=O)CCCCCCCCC(C)C)Oc3ccc(cc3Cl)[C@@H](O)[C@@H]3NC(=O)[C@H](NC(=O)[C@@H]4NC(=O)[C@@H](NC2=O)c2cc(cc(O)c2Cl)Oc2cc1ccc2O)c1ccc(O)c(c1)-c1c(O[C@H]2O[C@H](CO)[C@@H](O)[C@H](O)[C@@H]2O)cc(O)cc1[C@@H](C(=O)NCCCN(C)C)NC3=O,0.30138254
CCC(CC)CC1(C(=O)Nc2ccccc2SC(=O)C(C)C)CCCCC1,9.262485e-05
Nc1ccncc1,0.00012340398
CCN(CC)CCS(=O)(=O)[C@@H]1CCN2C(=O)c3coc(n3)CC(=O)C[C@H](O)/C=C(C)/C=C\CNC(=O)/C=C/[C@@H](C)[C@H](C(C)C)OC(=O)[C@@H]12,0.00021014982
O=C(O)Cc1ccc(CCNS(=O)(=O)c2ccc(Cl)cc2)cc1,0.015005843
CN(C)NC(=O)CCC(=O)O,3.67518e-05
C#C[C@]1(O)CC[C@H]2[C@@H]3CCC4=Cc5oncc5C[C@]4(C)[C@H]3CC[C@@]21C,1.932067e-05
NCC(=O)N1C[C@H](NC(=O)c2ccccc2)C[C@H]1C(=O)O,0.00077296386
Cc1c(F)cccc1NC(=O)Nc1ccc(Cl)c(S(=O)(=O)[C@H]2CCCNC2)c1O,0.30011752
CN1C[C@@H]2C[C@H]1CN2c1cc2c(cc1F)c(=O)c(C(=O)O)cn2C1CC1,0.9999846
CC(C)(C)OC(=O)N[C@H]1CCCCC/C=C\[C@@H]2C[C@@]2(C(=O)NS(=O)(=O)C2CC2)NC(=O)[C@@H]2C[C@@H](OC(=O)N3Cc4cccc(F)c4C3)CN2C1=O,0.00023823419
O=C1CN(/N=C/c2ccc(-c3ccc([N+](=O)[O-])cc3)o2)C(=O)N1,0.0051089907
O=C1c2cccc(O)c2C(=O)c2c(O)cccc21,0.013284771
CO[C@@H](C(=O)N1Cc2n[nH]c(NC(=O)c3ccc(N4CCN(C)CC4)cc3)c2C1)c1ccccc1,0.0001228025
CCOc1ccc(Cc2cc([C@@H]3O[C@H](CO)[C@@H](O)[C@H](O)[C@H]3O)ccc2Cl)cc1,0.04592987
CS(=O)(=O)CCC#N,3.6848414e-05
O=c1ccc2ccc(O)c(O)c2o1,0.07701212
Cc1ccccc1N1CCN(CCc2nnc3n2CCCC3)CC1,1.5751456e-07
Cc1cc(C)c(Nc2ccnc(Nc3ccc(C#N)cc3)n2)c(C)c1,0.00014766573
CN(C)[C@@H](CCOc1cccc2ccccc12)c1ccccc1,0.00050845713
O=C(O)CNC(=O)c1c(O)n(C2CCCCC2)c(=O)n(C2CCCCC2)c1=O,1.4178347e-06
Nc1ccc(S(=O)(=O)c2ccc(N)cc2)cc1,5.612528e-06
C[C@H](NC(=O)Cc1cc(F)cc(F)c1)C(=O)N[C@H](C(=O)OC(C)(C)C)c1ccccc1,0.047622524
CCCCCCCCCC(=O)N[C@@H](Cc1c[nH]c2ccccc12)C(=O)N[C@H](CC(N)=O)C(=O)N[C@@H](CC(=O)O)C(=O)N[C@@H]1C(=O)NCC(=O)N[C@@H](CCCN)C(=O)N[C@@H](CC(=O)O)C(=O)N[C@H](C)C(=O)N[C@@H](CC(=O)O)C(=O)NCC(=O)N[C@H](CO)C(=O)N[C@@H]([C@H](C)CC(=O)O)C(=O)N[C@@H](CC(=O)c2ccccc2N)C(=O)O[C@@H]1C,0.05980311
CCN(CC)CCN(Cc1ccc(-c2ccc(C(F)(F)F)cc2)cc1)C(=O)Cn1c(SCc2ccc(F)cc2)nc(=O)c2c1CCC2,0.0006809907
Cc1oc(-c2ccccc2)nc1CCC(=O)c1ccc(CC2SC(=O)NC2=O)cc1,1.3935523e-06
NC(=O)C(c1ccccc1)(c1ccccc1)[C@@H]1CCN(CCc2ccc3c(c2)CCO3)C1,0.00035470477
C[C@@H](Cn1ccc(-c2ccc(C#N)c(Cl)c2)n1)NC(=O)c1cc([C@@H](C)O)n[nH]1,0.027520379
CC(C)CN(C[C@@H](O)[C@H](Cc1ccccc1)NC(=O)O[C@H]1CO[C@H]2OCC[C@H]21)S(=O)(=O)c1ccc(N)cc1,4.765987e-05
COc1cc(OC)nc(O[C@H](C(=O)O)C(OC)(c2ccccc2)c2ccccc2)n1,0.00045045125
COc1c(-c2ccc3cc(NS(C)(=O)=O)ccc3c2)cc(-n2ccc(=O)[nH]c2=O)cc1C(C)(C)C,0.19004206
Cc1nc(Nc2ncc(C(=O)Nc3c(C)cccc3Cl)s2)cc(N2CCN(CCO)CC2)n1,0.5713651
N[C@@H]1CC[C@@H](c2ccc(Cl)c(Cl)c2)c2ccccc21,0.010572484
CN1[C@@H]2CC[C@H]1C[C@@H](OC(=O)N1Cc3ccccc3NC1=O)C2,0.000108924745
CC[C@H](CC[C@@H](C)[C@H]1CC[C@H]2[C@@H]3CC=C4C[C@@H](O[C@@H]5O[C@H](CO)[C@@H](O)[C@H](O)[C@H]5O)CC[C@]4(C)[C@H]3CC[C@]12C)C(C)C,0.00037447223
COc1cccc2c1C(=O)c1c(O)c3c(c(O)c1C2=O)C[C@@](O)(C(C)=O)C[C@@H]3O[C@H]1C[C@H](N)[C@H](O)[C@H](C)O1,0.3278987
Cc1c(Cn2ccnc2)c2ccccc2n1CCC(=O)O,1.1885364e-05
O=C(O)c1ccc(OCCn2ccnc2)cc1,0.0048982045
c1ccc(CNc2nc(NCc3ccccc3)c3ccccc3n2)cc1,0.0033103358
O=C(NN1CCCCC1)c1nn(-c2ccc(Cl)cc2Cl)c(-c2ccc(C#Cc3ccc(C(F)(F)F)cc3)s2)c1CNS(=O)(=O)N1CCCC1,0.74661714
CC(C)(CC(=O)N1CCCC1)NCC(=O)N1C[C@@H](F)C[C@H]1C#N,8.564108e-06
CCCCc1ccc(NS(=O)(=O)c2ccc(F)cc2)cc1,0.0033676366
Cn1cc(-c2cc(Oc3cc(F)c(NC(=O)C4(C(=O)Nc5ccccc5)CC4)cc3F)ccn2)cn1,0.017009243
CCn1c(=O)[nH]c2cc(Cl)c(Cl)cc21,0.015944637
CCCCC[C@H]1C[C@H]1C[C@H]1C[C@H]1CCCCCCCC(=O)O,0.9559817
CCCC[C@@]1(C2CCCC2)Cc2cc(OCCCC(=O)O)c(Cl)c(Cl)c2C1=O,0.0011280408
CCN1CCN(Cc2ccc(C(=O)Nc3ccc(C)c(Oc4ccc5c(c4)CC(=O)N5)c3)cc2C(F)(F)F)CC1,0.009159309
Nc1cc2[nH]cnc2c(O)n1,0.24962515
CN(C)c1cc2c(cc1Sc1nc3c(N)nccc3n1CCNCC(C)(C)C)OCO2,0.6193084
N=C(N)N1CCc2ccccc2C1,0.1632702
C[N+](C)(C)CCCCCCCCCC[N+](C)(C)C,2.9928717e-05
CC(C)[C@H]1CC[C@@H](C)C[C@@H]1OC(=O)C[N+](C)(C)CCCCCCCCCC[N+](C)(C)CC(=O)O[C@H]1C[C@@H](C)CC[C@@H]1C(C)C,0.4110749
CC[C@@](C)(Nc1ccnc(-c2c[nH]c3ncccc23)n1)C(=O)NCC(F)(F)F,0.004167299
Nc1ncn([C@H]2C[C@H](O)[C@@H](CO)O2)c(=O)n1,0.9983491
CCN(CC)CCNC(=O)c1ccc(N)c(Cl)c1,2.6572255e-07
OCCOCCN1CCN(C(c2ccccc2)c2ccccc2)CC1,0.00035829915
CCCCCCCCCCOc1cc2c(=O)c(C(=O)OCC)c[nH]c2cc1OCC,0.13812722
CNC(=O)c1ccc(Nc2ncc(C(F)(F)F)c(NCc3nccnc3N(C)S(C)(=O)=O)n2)cc1,0.16854121
O=C(O)c1ccc(-n2nc(-c3ccccc3O)nc2-c2ccccc2O)cc1,0.009786819
O=C(O)c1ccc(-n2nc3nc2-c2ccccc2[O][Fe][O]c2ccccc2-3)cc1,0.0004004326
Cc1c(O)c(=O)ccn1C,0.000528693
CC(=O)N(O)CCCCCNC(=O)CCC(=O)N(O)CCCCCNC(=O)CCC(=O)N(O)CCCCCN,3.6580918e-06
CC(=O)OCC(=O)[C@@]12N=C(C)O[C@@H]1C[C@H]1[C@@H]3CCC4=CC(=O)C=C[C@]4(C)[C@H]3[C@@H](O)C[C@@]12C,3.6957477e-05
CO[C@H]1C[C@@H]2CC[C@@H](C)[C@@](O)(O2)C(=O)C(=O)N2CCCC[C@H]2C(=O)O[C@H]([C@H](C)C[C@@H]2CC[C@@H](OP(C)(C)=O)[C@H](OC)C2)CC(=O)[C@H](C)/C=C(\C)[C@@H](O)[C@@H](OC)C(=O)[C@H](C)C[C@H](C)/C=C/C=C/C=C/1C,0.0060385456
CC(=O)N[C@H](Cc1ccc2ccccc2c1)C(=O)N[C@H](Cc1ccc(Cl)cc1)C(=O)N[C@H](Cc1cccnc1)C(=O)N[C@@H](CO)C(=O)N[C@@H](Cc1ccc(NC(=O)[C@@H]2CC(=O)NC(=O)N2)cc1)C(=O)N[C@H](Cc1ccc(NC(N)=O)cc1)C(=O)N[C@@H](CC(C)C)C(=O)N[C@@H](CCCCNC(C)C)C(=O)N1CCC[C@H]1C(=O)N[C@H](C)C(N)=O,0.018052164
CC(=O)c1c(O)cc(C)oc1=O,0.014467263
C[C@H](CCC(=O)O)[C@H]1CC[C@H]2[C@@H]3C(=O)C[C@H]4CC(=O)CC[C@]4(C)[C@@H]3CC(=O)[C@]12C,2.6811105e-05
C[C@H](CCC(=O)O)[C@H]1CC[C@H]2[C@@H]3C(=O)C[C@@H]4CC(=O)CC[C@]4(C)[C@H]3CC(=O)[C@]12C,4.2532363e-05
COc1cc2c(cc1OC)-c1c(C)c3ccc(OC)c(OC)c3c[n+]1CC2,0.0016960752
C[C@]12CC[C@H](O)CC1=CC[C@@H]1[C@@H]2CC[C@]2(C)C(=O)CC[C@@H]12,0.00014132225
C[C@]12CC[C@H](OS(=O)(=O)O)CC1=CC[C@@H]1[C@@H]2CC[C@]2(C)C(=O)CC[C@@H]12,0.1942284
Nc1nc(-n2cc(C(=O)O)c(=O)c3cc(F)c(N4CC(O)C4)c(Cl)c32)c(F)cc1F,0.9928692
C[C@]1(COc2ccc(N3CCC(Oc4ccc(OC(F)(F)F)cc4)CC3)cc2)Cn2cc([N+](=O)[O-])nc2O1,0.11389107
CC(C)C[C@H](NC(=O)[C@@H](NC(=O)c1cccc(-c2ccccc2)n1)[C@@H](C)O)B(O)O,0.25040156
CCOC(=O)[C@H](CCc1ccccc1)N[C@@H](C)C(=O)N(CC(=O)O)C1Cc2ccccc2C1,0.00054815074
CC(C)Nc1cccnc1N1CCN(C(=O)c2cc3cc(NS(C)(=O)=O)ccc3[nH]2)CC1,0.10931768
CC(C)C[C@H](NC(=O)[C@H](CO)NC(=O)CNC(=O)[C@H](CC(C)C)NC(=O)[C@H](CCC(=O)O)NC(=O)[C@H](Cc1ccc(O)cc1)NC(=O)[C@H](CO)NC(=O)[C@H](CC(N)=O)NC(=O)[C@H](Cc1ccccc1)NC(=O)[C@H](CO)NC(=O)[C@@H](N)CSSC[C@H](N)C(=O)N[C@@H](Cc1ccc(O)cc1)C(=O)NCC(=O)N[C@@H](CCCNC(=N)N)C(=O)N[C@@H](CCCCN)C(=O)N[C@@H](CCCCN)C(=O)N[C@@H](CCCNC(=N)N)C(=O)N[C@@H](CCCNC(=N)N)C(=O)N[C@@H](CCC(N)=O)C(=O)N[C@@H](CCCNC(=N)N)C(=O)N[C@@H](CCCNC(=N)N)C(=O)N[C@@H](CCCNC(=N)N)C(=O)O)C(=O)O,0.5314368
C[C@H]1CN(C(=O)CC#N)[C@]12CCN(c1ncnc3[nH]ccc13)C2,0.004390016
CC[C@H](C)[C@H](NC(=O)[C@H](Cc1ccc(O)cc1)NC(=O)[C@@H](NC(=O)[C@@H](CCCNC(=N)N)NC(=O)[C@@H](N)CC(=O)O)C(C)C)C(=O)N[C@@H](Cc1cnc[nH]1)C(=O)N1CCC[C@@H]1C(=O)N[C@H](Cc1ccccc1)C(=O)O,0.20564005
CN1CCN(c2ccc(N3C[C@H](CO)OC3=O)cc2F)C=N1,0.00515373
Oc1cc(O)c2cc(O)c(-c3cc(O)c(O)c(O)c3)[o+]c2c1,0.18665454
CC(C)=CCC/C(C)=C/CC/C(C)=C/CC[C@]1(C)CCc2cc(O)cc(C)c2O1,0.00082468765
c1ccc(Cn2c(-c3ccc(OC[C@H](C4CCNCC4)n4c(-c5ccccc5)nc5ccccc54)cc3)nc3ccccc32)cc1,0.013167023
CN(CCCCCCCCCCN(C)C(=O)Oc1cccc([N+](C)(C)C)c1)C(=O)Oc1cccc([N+](C)(C)C)c1,0.97726625
CN(C)[C@@H]1C(=O)[C@@H](C(N)=O)C(=O)[C@@]2(O)C(=O)[C@H]3C(=O)c4c(O)ccc(Cl)c4[C@@H](O)[C@H]3C[C@@H]12,0.42972833
CC[N+](CC)(CC(=O)Nc1c(C)cccc1C)Cc1ccccc1,0.0006333925
COc1ccc(CCNC[C@H](O)c2ccc(O)cc2)cc1OC,0.0002754655
Cc1nsc(NC(=O)c2ccccc2)c1C(=O)Nc1ccc(Cl)cc1,0.88757104
Oc1ccc(O[C@H]2CCCCO2)cc1,0.0005174039
C[C@H](CCC(=O)O)[C@H]1CC[C@H]2[C@@H]3CC[C@@H]4C[C@H](O)CC[C@]4(C)[C@H]3C[C@H](O)[C@]12C,4.6000532e-05
CC(=O)OCC(=O)[C@H]1CC[C@H]2[C@@H]3CCC4=CC(=O)CC[C@]4(C)[C@H]3CC[C@]12C,2.4398896e-06
CNCCc1ccc(O)c(O)c1,0.0017930986
Cc1cc(N)c2ccccc2[n+]1CCCCCCCCCC[n+]1c(C)cc(N)c2ccccc21,0.5204463
COc1ccc(-c2cc(C(F)F)nn2-c2ccc(S(N)(=O)=O)cc2)cc1F,0.014444185
COCCNCCc1cccc(Nc2ncc3c(n2)-c2ccccc2[C@H](c2ccccc2F)C3)c1,0.017267851
COC(=O)[C@H]1[C@H]2C[C@@H]3c4[nH]c5ccccc5c4CCN3C[C@H]2C[C@@H](OC(=O)c2cc(OC)c(OC)c(OC)c2)[C@@H]1OC,1.4822825e-05
O=C(O)CNC(=O)c1c(O)c2ccccc2n(OCC2CC2)c1=O,0.002261823
CNCCCN1c2ccccc2CCc2ccccc21,0.00034538753
C[C@]12C=CC(=O)C=C1CC[C@@H]1[C@@H]2[C@@H](O)C[C@@]2(C)[C@H]1C[C@@H]1O[C@@H](C3CCCCC3)O[C@]12C(=O)CO,0.0065507493
C[C@H]1O[C@@H](O[C@H]2CC[C@@]3(C)[C@H](CC[C@@H]4[C@@H]3C[C@@H](O)[C@]3(C)[C@@H](C5=CC(=O)OC5)CC[C@]43O)C2)C[C@H](O)[C@@H]1O[C@H]1C[C@H](O)[C@H](O[C@H]2C[C@H](O)[C@H](O[C@@H]3O[C@H](CO)[C@@H](O)[C@H](O)[C@H]3O)[C@@H](C)O2)[C@@H](C)O1,0.013646601
Clc1ccc2c(c1)CCc1cccnc1C2=C1CCNCC1,0.055121746
CCNC(=O)[C@@H]1CCCN1C(=O)[C@H](CCCN=C(N)N)NC(=O)[C@H](CC(C)C)NC(=O)[C@@H](Cc1c[nH]c2ccccc12)NC(=O)[C@H](Cc1ccc(O)cc1)NC(=O)[C@H](CO)NC(=O)[C@H](Cc1c[nH]c2ccccc12)NC(=O)[C@H](Cc1c[nH]cn1)NC(=O)[C@@H]1CCC(=O)N1,0.08820274
Clc1ccc2c(c1)N=C(N1CCNCC1)c1ccccc1N2,0.001835211
N=C(N)NCCC[C@@H](NC(=O)[C@@H]1CCCN1C(=O)[C@H]1CSSCCC(=O)N[C@@H](Cc2ccc(O)cc2)C(=O)N[C@@H](Cc2ccccc2)C(=O)N[C@@H](CCC(N)=O)C(=O)N[C@@H](CC(N)=O)C(=O)N1)C(=O)NCC(N)=O,0.026800588
C#C[C@]1(O)CC[C@H]2[C@@H]3CCC4=CCCC[C@@H]4[C@H]3C(=C)C[C@@]21CC,0.0001520197
CC1(C)O[C@@H]2C[C@H]3[C@@H]4CCC5=CC(=O)C=C[C@]5(C)[C@H]4[C@@H](O)C[C@]3(C)[C@]2(C(=O)CO)O1,0.000680447
C[C@@H]1C[C@H]2[C@@H]3CCC4=CC(=O)C=C[C@]4(C)[C@@]3(F)[C@@H](O)C[C@]2(C)[C@H]1C(=O)CO,0.99285406
CC(C)(C)C(=O)OCC(=O)[C@H]1CC[C@H]2[C@@H]3CCC4=CC(=O)CC[C@]4(C)[C@H]3CC[C@]12C,0.00010068434
C[C@]12CC[C@H]3[C@@H](CCC4=CC(=O)CC[C@@]43C)[C@@H]1CC[C@@H]2C(=O)CO,0.0011559862
c1ccc2c(c1)CN1CCCC1=N2,0.00040227984
CN(C)C[C@@H](c1ccc(O)cc1)C1(O)CCCCC1,0.0006534717
Cc1cccc(Cc2cnc[nH]2)c1C,0.00035161857
CN1C(=O)[C@@H](NC(=O)c2cc3ccccc3[nH]2)N=C(c2ccccc2)c2ccccc21,0.00014217038
C[C@@H]1C[C@H]2[C@@H]3CCC4=CC(=O)C=C[C@]4(C)[C@@]3(F)[C@@H](O)C[C@]2(C)[C@@]1(O)C(=O)CO,0.49851525
CC(=O)OCC(=O)[C@@]1(O)[C@H](C)C[C@H]2[C@@H]3CCC4=CC(=O)C=C[C@]4(C)[C@@]3(F)[C@@H](O)C[C@@]21C,0.07266268
N[C@@H](COP(=O)(O)O)C(=O)O,0.918576
Cc1c(OCC(F)(F)F)ccnc1C[S@@](=O)c1nc2ccccc2[nH]1,0.24489675
CCCCCN(CCCOC)C(=O)[C@@H](CCC(=O)O)NC(=O)c1ccc(Cl)c(Cl)c1,0.0029159538
Cc1cccc([C@H](C)c2cnc[nH]2)c1C,0.00023969008
COC(=O)C1=C(C)NC(C)=C(C(=O)OCCCN2CCC(c3ccccc3)(c3ccccc3)CC2)[C@@H]1c1cccc([N+](=O)[O-])c1,0.0079624625
CC(C)(CO)[C@@H](O)C(=O)NCCCO,0.036277704
C[C@@H](CN1CC(=O)NC(=O)C1)N1CC(=O)NC(=O)C1,0.031825185
O=C[C@H](O)[C@@H](O)[C@H](O)[C@H](O)CO[C@H]1O[C@H](CO[C@H]2O[C@H](CO)[C@@H](O)[C@H](O)[C@H]2O)[C@@H](O)[C@H](O)[C@H]1O,4.2371197e-05
COc1ccc2c(c1)[C@]13CCCC[C@@H]1[C@H](C2)N(C)CC3,0.00013682965
Cc1ncc([N+](=O)[O-])n1C[C@@H](CN1CCOCC1)OP(=O)(O)O,0.45953286
O=C[C@H](O)[C@@H](O)[C@H](O)[C@H](O)CO,2.9637646e-05
Fc1cccc(/C=N/N=C/c2cccc(F)c2)c1,0.004956511
CN1CCN(c2ccc(/C=C(\C#N)c3ccccc3Br)cc2)CC1,3.1825763e-05
O=C(O)CCCN1CCC[C@H]1COc1ccc(Oc2ccc(Cl)cc2)cc1,0.0026015714
CCCCC(=O)NCCc1c(Cc2ccccc2)[nH]c2ccccc12,0.00026790393
CCCCCCC[n+]1ccc(-c2cc[n+](CCCCCCC)cc2)cc1,0.010616634
CC(=O)Oc1cccc2c1C(=O)c1c(OC(C)=O)cc(C(=O)O)cc1C2=O,0.011817486
CC(=O)Nc1ccc(OC(C)=O)cc1,0.00017479733
Nc1ncnc2c1ncn2[C@@H]1O[C@H](COP(=O)(O)OP(=O)(O)OP(=O)(O)OP(=O)(O)OC[C@H]2O[C@@H](n3cnc4c(N)ncnc43)[C@H](O)[C@@H]2O)[C@@H](O)[C@H]1O,0.99990964
O[C@H]([C@H](O)[C@@H]1CO1)[C@H]1CO1,0.00017255181
N#C[C@H](Cc1ccc(O)cc1)c1ccc(O)cc1,0.0147435265
CC(=O)Nc1c(I)c(NC(C)=O)c(I)c(C(=O)O)c1I,3.2353188e-07
COc1ccc(Cc2cnc(N)nc2N)cc1OC,0.33273625
CC1=Nc2ccc(Cl)cc2S(=O)(=O)N1,0.004677403
NC[C@@H]1CC[C@@H](N)[C@@H](O[C@H]2[C@H](O)[C@@H](O[C@H]3O[C@H](CO)[C@@H](O)[C@H](N)[C@H]3O)[C@H](N)C[C@@H]2N)O1,0.7462317
CN(C)CCN1C(=O)c2ccccc2N(C)c2ccccc21,0.001544094
c1ccc2c(c1)sc1ccccc12,0.0018004418
CCCCOC(=O)c1ccccc1C(=O)OCCCC,0.023447227
CC(=O)OCC(=O)[C@@]1(O)CC[C@H]2[C@@H]3CCC4=CC(=O)C=C[C@]4(C)[C@@]3(Cl)[C@@H](Cl)C[C@@]21C,0.0022080473
O=C(O)C(Cl)Cl,0.004965366
Oc1ccc(Cl)cc1Cc1cc(Cl)ccc1O,0.034861393
COP(=O)(OC)OC=C(Cl)Cl,5.7216907e-06
N#C[C@H](c1ccc(Cl)cc1)c1c(Cl)cc(-n2ncc(=O)[nH]c2=O)cc1Cl,0.95110476
O=C(O)Cc1ccccc1Nc1c(Cl)cccc1Cl,0.05209792
NS(=O)(=O)c1cc(Cl)c(Cl)c(S(N)(=O)=O)c1,0.06847674
COc1ccc2c(c1)CN(C)C[C@H]2c1ccc(Cl)c(Cl)c1,0.0013762008
O=C(N[C@@H](O)C(Cl)(Cl)Cl)N[C@H](O)C(Cl)(Cl)Cl,0.0019734062
Cc1onc(-c2c(Cl)cccc2Cl)c1C(=O)N[C@@H]1C(=O)N2[C@@H]1SC(C)(C)[C@@H]2C(=O)O,0.38885373
O=c1oc2ccccc2c(O)c1Cc1c(O)c2ccccc2oc1=O,0.84948134
C1CCC(NC2CCCCC2)CC1,8.782387e-08
CCN(CC)CCOC(=O)C1(C2CCCCC2)CCCCC1,1.4324011e-07
O=c1nc[nH]c2c1ncn2[C@H]1CC[C@@H](CO)O1,0.94146514
Nc1ncnc2c1ncn2[C@H]1CC[C@@H](CO)O1,0.9368473
O=C(NO)c1ccc(O)c(O)c1,0.00083063653
C/C=C(C(=C/C)/c1ccc(O)cc1)\c1ccc(O)cc1,0.0036602619
C[C@]12CCC3=C4CCC(=O)C=C4CC[C@H]3[C@@H]1CC[C@@]2(O)CC#N,2.2350509e-05
CCN(CC)C(=O)N1CCN(C)CC1,2.4436258e-05
CC/C(=C(/CC)c1ccc(O)cc1)c1ccc(O)cc1,0.00044873438
CCN(CC)C(=O)c1cccc(C)c1,0.00013662626
O=C(Cc1ccc(-c2ccccc2)cc1)Nc1ccccn1,0.029974919
CC(=O)OCC(=O)[C@@]1(OC(C)=O)[C@@H](C)C[C@H]2[C@H]3C[C@H](F)C4=CC(=O)C=C[C@]4(C)[C@@]3(F)[C@@H](O)C[C@@]21C,0.9998184
CN1CCN(c2cc3c(cc2F)c(=O)c(C(=O)O)cn3-c2ccc(F)cc2)CC1,0.9995347
O=C(O)c1cc(-c2ccc(F)cc2F)ccc1O,0.2626662
CCCC(=O)O[C@]1(C(=O)COC(C)=O)CC[C@H]2[C@@H]3C[C@H](F)C4=CC(=O)C=C[C@]4(C)[C@@]3(F)[C@@H](O)C[C@@]21C,0.6945766
O=C1c2ccccc2CN2C(=O)c3ccccc3CN12,0.46164498
C[C@]12CC[C@H](O)C[C@H]1CC[C@@H]1[C@@H]2CC[C@]2(C)[C@@H](C3=CC(=O)OC3)CC[C@]12O,0.000129779
C[C@H]1O[C@@H](O[C@H]2[C@@H](O)C[C@H](O[C@H]3[C@@H](O)C[C@H](O[C@H]4CC[C@@]5(C)[C@H](CC[C@@H]6[C@@H]5CC[C@]5(C)[C@@H](C7=CC(=O)OC7)CC[C@]65O)C4)O[C@@H]3C)O[C@@H]2C)C[C@H](O)[C@@H]1O,0.0020908376
C[C@]12CC[C@H](O)C[C@H]1CC[C@@H]1[C@@H]2C[C@@H](O)[C@]2(C)[C@@H](C3=CC(=O)OC3)CC[C@]12O,0.00048698226
C[C@H]1O[C@@H](O[C@H]2[C@@H](O)C[C@H](O[C@H]3[C@@H](O)C[C@H](O[C@H]4CC[C@@]5(C)[C@H](CC[C@@H]6[C@@H]5C[C@@H](O)[C@@]5(C)[C@@H](C7=CC(=O)OC7)CC[C@]65O)C4)O[C@@H]3C)O[C@@H]2C)C[C@H](O)[C@@H]1O,0.055845086
CCCCC/C=C\C/C=C\C/C=C\CCCCCCC(=O)O,0.00013287459
Oc1cc2c(cc1O)[C@H]1c3ccccc3CN[C@@H]1CC2,6.390728e-05
C[C@H]1[C@@H](O)O[C@@H]2O[C@@]3(C)CC[C@H]4[C@H](C)CC[C@@H]1[C@@]24OO3,3.258354e-09
CC(C)[C@@]1(NC(=O)[C@@H]2C[C@@H]3c4cccc5[nH]cc(c45)C[C@H]3N(C)C2)O[C@@]2(O)[C@@H]3CCCN3C(=O)[C@H](Cc3ccccc3)N2C1=O,0.00025200646
CN1C[C@H](C(=O)N[C@]2(C)O[C@@]3(O)[C@@H]4CCCN4C(=O)[C@H](Cc4ccccc4)N3C2=O)C[C@@H]2c3cccc4[nH]cc(c34)C[C@H]21,0.00023276848
O=C1c2c(O)cc(O)cc2O[C@H](c2cc(O)c(O)c(O)c2)[C@H]1O,0.7219256
CN[C@@H]1[C@H](O[C@H]2[C@H](O[C@@H]3[C@@H](O)[C@H](O)[C@@H](NC(=N)N)[C@H](O)[C@H]3NC(=N)N)O[C@@H](C)[C@]2(O)CO)O[C@@H](CO)[C@H](O)[C@H]1O,0.00373836
CC(C)[C@@H](C)/C=C/[C@@H](C)[C@H]1CC[C@@H]2/C(=C/C=C3\C[C@@H](O)CC[C@@H]3C)CCC[C@]21C,0.0005661103
O=C(CO)CO,0.00028757317
N[C@@H](C(=O)O)c1cc(O)cc(O)c1,0.11394957
O=C(O)CCc1cc(I)c(Oc2ccc(O)cc2)c(I)c1,0.00060764287
COc1cc(C(=O)OCCCN2CCCN(CCCOC(=O)c3cc(OC)c(OC)c(OC)c3)CC2)cc(OC)c1OC,0.0025530597
Cc1cc(F)ccc1-c1nc(NC(CO)CO)nc2c1ccc(=O)n2-c1c(F)cccc1F,0.0054747625
CN(C(=O)C(Cl)Cl)c1ccc(OC(=O)c2ccco2)cc1,0.00014014322
COc1ccc([C@@H]2Sc3ccccc3N(CCN(C)C)C(=O)[C@@H]2OC(C)=O)cc1,0.00086719444
COC(=O)c1ccc(C(c2c[nH]c3ccccc23)c2c[nH]c3ccccc23)cc1,4.684999e-06
CN(C)CCCSC(=N)N,0.001630174
Cc1ccc2c(c1)[C@]13CCCC[C@@H]1[C@H](C2)N(C)CC3,0.00013946083
CN(C)CCOC(c1ccccc1)c1ccccc1,0.0017702515
OC[C@@H](S)CS,0.00044612886
O=C(O)[C@@H](S)[C@@H](S)C(=O)O,0.3681109
O=S(=O)(O)CCSSCCS(=O)(=O)O,0.97336686
CC1(C)OC(=O)NC1=O,0.00225053
C[Si](C)(C)O[Si](C)(C)C,1.2918507e-17
C[C@@H](C1=C(CCN(C)C)Cc2ccccc21)c1ccccn1,0.0005490886
CCCCc1cc2ccccc2c(OCCN(C)C)n1,0.03455656
COC(=O)/C=C/C(=O)OC,9.861503e-06
CO[C@H]1CO[C@@H]2[C@H]1OC[C@H]2OC,3.0516009e-07
Cc1ncc([N+](=O)[O-])n1C,0.037863202
N=C(N)c1ccc(/N=N/Nc2ccc(C(=N)N)cc2)cc1,0.0008040055
CCOP(=S)(OCC)Oc1cc(C)nc(C(C)C)n1,9.1213536e-07
CCc1cnn2c(NCc3ccc[n+]([O-])c3)cc(N3CCCC[C@H]3CCO)nc12,0.2887648
Cc1c(C(N)=O)cc([N+](=O)[O-])cc1[N+](=O)[O-],0.908116
CCCCC[C@H](O)/C=C/[C@@H]1[C@@H](C/C=C\CCCC(=O)O)[C@@H](O)C[C@H]1O,0.00019552569
CCCCC[C@H](O)/C=C/[C@H]1[C@H](O)CC(=O)[C@@H]1C/C=C\CCCC(=O)O,4.3654825e-05
C[C@@H]1CC[C@@]2(OC1)O[C@H]1C[C@H]3[C@@H]4CC=C5C[C@@H](O[C@@H]6O[C@H](CO)[C@@H](O[C@@H]7O[C@@H](C)[C@H](O)[C@@H](O)[C@H]7O)[C@H](O)[C@H]6O[C@@H]6O[C@@H](C)[C@H](O)[C@@H](O)[C@H]6O)CC[C@]5(C)[C@H]4CC[C@]3(C)[C@H]1[C@@H]2C,0.009934331
C[C@@H]1CC[C@@]2(OC1)O[C@H]1C[C@H]3[C@@H]4CC=C5C[C@@H](O)CC[C@]5(C)[C@H]4CC[C@]3(C)[C@H]1[C@@H]2C,4.963803e-05
COc1ccc(-c2cc(=O)c3c(O)cc(O)cc3o2)cc1O,0.00075726485
COc1ccc(-c2cc(=O)c3c(O)cc(O[C@@H]4O[C@H](CO[C@@H]5O[C@@H](C)[C@H](O)[C@@H](O)[C@H]5O)[C@@H](O)[C@H](O)[C@H]4O)cc3o2)cc1O,0.00043184412
COc1ccc(C(=O)c2ccccc2O)c(O)c1,0.0065436307
C[C@H](N)C(=O)N[C@@H](CCC(N)=O)C(=O)O,0.033243656
O=C(Nc1ccccc1)OC[C@@H](CN1CCCCC1)OC(=O)Nc1ccccc1,2.389969e-08
C[N+]1(C)CCC(=C(c2ccccc2)c2ccccc2)CC1,0.00017484
O=c1c(-c2ccccc2)c1-c1ccccc1,0.00072546635
OC(CCCN1CCCCC1)(c1ccccc1)c1ccccc1,0.0029158746
c1ccc2c(c1)[I]c1ccccc1-2,0.014168557
N=C(Nc1ccccc1)Nc1ccccc1,0.001594366
CN1CCC(OC(c2ccccc2)c2ccccc2)CC1,0.00021969328
CNC[C@@H](O)c1ccc(OC(=O)C(C)(C)C)c(OC(=O)C(C)(C)C)c1,0.00031433514
Fc1ccc2nc(CCC#Cc3ccccn3)cn2c1,0.8100862
CC(C)N(CCc1c[nH]c2ccccc12)C(C)C,5.814143e-05
OCCN(CCO)c1nc(N2CCCCC2)c2nc(N(CCO)CCO)nc(N3CCCCC3)c2n1,0.02638201
CC(=O)Oc1cccc(C(=O)O)c1OC(C)=O,0.028250432
O=c1ccn([C@@H]2O[C@H](COP(=O)(O)OP(=O)(O)OP(=O)(O)OP(=O)(O)OC[C@H]3O[C@@H](n4ccc(=O)[nH]c4=O)[C@H](O)[C@@H]3O)[C@@H](O)[C@H]2O)c(=O)[nH]1,0.9998466
CC[C@H]1OC(=O)[C@H](C)[C@@H](O[C@H]2C[C@@](C)(OC)[C@@H](O)[C@H](C)O2)[C@H](C)[C@@H](O[C@@H]2O[C@H](C)C[C@H](N(C)C)[C@H]2O)[C@](C)(O)C[C@@H](C)[C@@H]2N[C@@H](COCCOC)O[C@H]([C@H]2C)[C@]1(C)O,0.0018147359
COC(=O)/C=C/C(=O)OCCN1C(=O)CCC1=O,2.1959086e-06
O=C(O)CCCCCCCCC(=O)O,0.00015990004
CC(C)N(CCC(C(N)=O)(c1ccccc1)c1ccccn1)C(C)C,0.0011384181
CCN(CC)C(=S)SSC(=S)N(CC)CC,1.1791481e-09
Oc1cccc2cc3cccc(O)c3c(O)c12,0.20146646
CCN(CC)C(=S)S,1.21919775e-05
Cc1ccccc1NC(=N)Nc1ccccc1C,0.035141267
CCOC(=S)SSC(=S)OCC,1.2717309e-06
C[C@H](CN1CCN(CCOCCO)CC1)CN1c2ccccc2Sc2ccccc21,0.0002644213
C[C@]12N[C@H](Cc3ccccc31)c1ccccc12,0.0009995094
C[C@@]12N[C@@H](Cc3ccccc31)c1ccccc12,0.012739502
CN(C)c1ccc(/C=C2\CCCN=C2c2cccnc2)cc1,1.24850385e-05
COc1cccc(/C=N/N=C/c2cccc(OC)c2)c1,8.360296e-05
CC(C)Oc1ccc(-c2cnc3c(-c4ccnc5ccccc45)cnn3c2)cc1,0.035399657
c1ccc(-c2cnn3cc(-c4ccc(OCCN5CCOCC5)cc4)cnc23)cc1,0.009214314
COc1cc(C=O)c([N+](=O)[O-])cc1OC,6.191095e-05
O=C1c2ccccc2C(Cc2ccnc(F)c2)(Cc2ccnc(F)c2)c2ccccc21,0.0517518
CCC[C@@H](NC(=O)N1C(=O)C(CC)(CC)[C@@H]1Oc1ccc(C(=O)N2CCN(C)CC2)cc1)c1ccc2c(c1)OCO2,0.0032294225
O=S(=O)(O)C[C@@H](S)CS,0.009666149
CS(C)=O,0.00056220626
O=c1[nH]c2cc([N+](=O)[O-])c([N+](=O)[O-])cc2[nH]c1=O,0.17470545
CC(CCc1ccc(O)cc1)NCCc1ccc(O)c(O)c1,0.0015003749
CC1=C(C)C(=O)C(CCCCC#CCCCC#CCO)=C(C)C1=O,0.014227667
CC(=O)O[C@@]12CO[C@@H]1C[C@H](O)[C@@]1(C)C(=O)[C@H](O)C3=C(C)[C@@H](OC(=O)[C@H](O)[C@@H](NC(=O)OC(C)(C)C)c4ccccc4)C[C@@](O)([C@@H](OC(=O)c4ccccc4)[C@H]21)C3(C)C,0.07384016
CC/C=C\C/C=C\C/C=C\C/C=C\C/C=C\C/C=C\CCC(=O)O,3.5721587e-08
CC/C=C\C/C=C\C/C=C\C/C=C\C/C=C\C/C=C\CCC(=O)OCC,2.7100603e-08
CCCCCCCCCCCCCCCCCCCCCCO,0.0035839565
CCCC[C@@H](CC)COC(=O)C[C@@H](C(=O)OC[C@@H](CC)CCCC)S(=O)(=O)O,0.0006809378
CCCCCCCCCCCCOS(=O)(=O)O,0.005957939
O=C(C(c1ccccc1)c1ccccc1)N1CCN(CC(O)COc2cccc3ncccc23)CC1,0.00019349322
CN(CCOc1ccc(NS(C)(=O)=O)cc1)CCc1ccc(NS(C)(=O)=O)cc1,4.5481844e-05
O=C(O[C@@H]1C[C@@H]2C[C@@H]3C[C@H](C1)N2CC3=O)c1c[nH]c2ccccc12,0.08241558
CC[C@H](C)[C@@H]([C@@H](CC(=O)N1CCC[C@H]1[C@H](OC)[C@@H](C)C(=O)N[C@@H](Cc1ccccc1)c1nccs1)OC)N(C)C(=O)[C@@H](NC(=O)[C@H](C(C)C)N(C)C)C(C)C,0.00019738197
C[C@@H]1CCO[C@H]2Cn3cc(C(=O)NCc4ccc(F)cc4F)c(=O)c(O)c3C(=O)N12,0.97668254
CCCCCCCCCCCC[N+](C)(C)CCOc1ccccc1,0.07182606
O=c1[nH]c2ccccc2n1CCCN1CCC(n2c(=O)[nH]c3cc(Cl)ccc32)CC1,0.37807366
COc1cc2c(cc1OC)C(=O)[C@H](CC1CCN(Cc3ccccc3)CC1)C2,0.00039395416
N#Cc1ccc(N2CCN(C(=O)COc3ccc4[nH]cc(CCN)c4c3)CC2)cc1,0.005660179
NCCc1ccc(O)c(O)c1,0.0041035563
Cc1ccc(-n2nc(C(C)(C)C)cc2NC(=O)Nc2ccc(OCCN3CCOCC3)c3ccccc23)cc1,0.3579606
CO[C@H]1C[C@H](O[C@H]2[C@H](C)O[C@@H](O[C@@H]3/C(C)=C/C[C@@H]4C[C@@H](C[C@]5(C=C[C@H](C)[C@@H](C6CCCCC6)O5)O4)OC(=O)[C@@H]4C=C(C)[C@@H](O)[C@H]5OC/C(=C\C=C\[C@@H]3C)[C@]54O)C[C@@H]2OC)O[C@@H](C)[C@@H]1O,0.9946444
Cn1c(Cn2ccc(C(F)(F)F)c(Oc3cc(Cl)cc(C#N)c3)c2=O)n[nH]c1=O,0.3011712
C[C@@H](O)[C@H]1C(=O)N2C(C(=O)O)=C(S[C@@H]3CN[C@H](CNS(N)(=O)=O)C3)[C@H](C)[C@H]12,1.0
c1cc(-c2cnn3cc(-c4ccc(OCCN5CCCCC5)cc4)cnc23)ccn1,0.010425247
CCN[C@H]1C[C@H](C)S(=O)(=O)c2sc(S(N)(=O)=O)cc21,0.6921714
CN(C)CC/C=C1\c2ccccc2CSc2ccccc21,0.0007755706
O=P(O)(O)CN1CCN(CP(=O)(O)O)CCN(CP(=O)(O)O)CCN(CP(=O)(O)O)CC1,0.986297
CN1CCN(c2ccc3nc(-c4c(N)c5c(F)cccc5[nH]c4=O)[nH]c3c2)CC1,0.002552451
CCN1C[C@@H](CCN2CCOCC2)C(c2ccccc2)(c2ccccc2)C1=O,0.0026037623
COc1cc2nc(N3CCN(C(=O)[C@H]4COc5ccccc5O4)CC3)nc(N)c2cc1OC,0.19291085
CN(C)CC/C=C1/c2ccccc2COc2ccccc21,0.000898419
C=C1/C(=C/C=C2\CCC[C@]3(C)[C@@H]([C@H](C)/C=C/[C@@H](C)C(C)C)CC[C@@H]23)C[C@@H](O)C[C@@H]1O,0.0016597006
C[C@H]1O[C@@H](n2cc(F)c(=O)[nH]c2=O)[C@H](O)[C@@H]1O,0.97067577
Cn1c(=O)c2c(ncn2CC2OCCO2)n(C)c1=O,0.99651563
COc1cccc2c1C(=O)c1c(O)c3c(c(O)c1C2=O)C[C@@](O)(C(=O)CO)C[C@@H]3O[C@H]1C[C@H](N)[C@H](O)[C@H](C)O1,0.09553031
C[C@H]1c2cccc(O)c2C(=O)C2=C(O)[C@]3(O)C(=O)C(C(N)=O)=C(O)[C@@H](N(C)C)[C@@H]3[C@@H](O)[C@@H]21,0.97108567
CN(C)CCOC(C)(c1ccccc1)c1ccccn1,0.0002375295
CN(C(=S)NN=C(c1ccccn1)c1ccccn1)C1CCCCC1,2.6177486e-06
CC(C)CN(C[C@@H](O)[C@H](Cc1ccccc1)NC(=O)[C@@H](NC(=O)CNCc1cccc(F)c1)C(C)(C)C)S(=O)(=O)c1cccc(N)c1,0.2843338
CCCn1c(=O)c2[nH]c(C3CCCC3)nc2n(CCC)c1=O,0.00023863954
N#Cc1cc2c(OC[C@H](O)CN3CCN(C(c4ccccc4)c4ccccc4)CC3)cccc2[nH]1,0.1674626
CC(C)[C@@H]1CC[C@@H](C)C[C@@H]1P(=O)(c1ccccc1)c1ccccc1,9.2866125e-05
CCN(CC)CCOc1ccc(Cc2ccccc2)cc1,4.0134842e-07
Cc1ccc2[nH]c(=O)c(C3=NN(C(=O)CCC(=O)O)[C@H](c4ccc(Br)cc4)C3)c(-c3ccccc3)c2c1,0.3418559
Cc1nc(=O)c2c([nH]1)CCSC2,1.5425053e-07
O=C1Nc2ccc(Cl)c3c2[C@@]1(CCCCN1CC=C(c2ccc(Cl)cc2)CC1)CCC3,0.0017557874
CC[C@H](CO)Nc1nc(Nc2cccc(-c3ccccn3)c2)c2ncn(C(C)C)c2n1,0.35866052
CCN(CC)CCOC(=O)[C@H](c1ccccc1)C1CCCCC1,3.2782905e-06
CC/C(=C(/c1ccc(OCCN(C)C)cc1)c1cccc(O)c1)c1ccccc1,0.005824478
CCC(=O)O[C@H]1CC[C@H]2[C@H]3CC[C@H]4CC(=O)[C@@H](C)C[C@@]4(C)[C@@H]3CC[C@@]12C,5.279342e-06
CCCCc1oc2ccc(NS(C)(=O)=O)cc2c1C(=O)c1ccc(OCCCN(CCCC)CCCC)cc1,0.0022014198
O=C(CCCN1CC=C(n2c(=O)[nH]c3ccccc32)CC1)c1ccc(F)cc1,0.0043904395
OC[C@@H](O)CN1CCN(c2ccccc2)CC1,0.00046851736
C[C@]12CCC(=O)C=C1[C@@H]1C[C@@H]1[C@H]1[C@@H]3[C@@H]4C[C@@H]4[C@@]4(CCC(=O)O4)[C@@]3(C)CC[C@@H]12,3.6884849e-06
CCOc1ccc(CC2=NCCc3cc(OCC)c(OCC)cc32)cc1OCC,0.43151215
CN1c2c(oc(=O)n(-c3ccccn3)c2=O)-c2ccccc2S1(=O)=O,0.00027791408
N[C@H](C(=O)O)[C@H](O)c1ccc(O)c(O)c1,0.0008319062
Cc1cc(Cl)ccc1OCCCC(=O)NO,0.012227273
Cc1cc(Nc2ccc(S(F)(F)(F)(F)F)cc2)n2nc(C(C)(F)F)nc2n1,0.09501781
CCCCCCCCCCCCCCCCCC(=O)OC[C@@H](COP(=O)(O)OCC[N+](C)(C)C)OC(=O)CCCCCCCCCCCCCCCCC,0.008183396
CCCCNc1nc(N)c2[nH]c(=O)n(Cc3ccc(OCCN(C)C)nc3)c2n1,0.018989014
O=C(Nc1c(-c2cccs2)nc2ccccn12)c1ccc(Cl)cc1,0.81335235
N=C(N)NCCC[C@H](N)C(=O)NCC(=O)N[C@@H](CC(=O)O)C(=O)N[C@@H](CO)C(=O)O,0.0023476556
CNCC[C@H](Oc1cccc2ccccc12)c1cccs1,0.0019316953
CS(=O)(=O)c1ccc(-c2cc(Br)sc2-c2ccc(F)cc2)cc1,0.11162788
C[C@]12C=CC(=O)N[C@@H]1CC[C@@H]1[C@@H]2CC[C@]2(C)[C@@H](C(=O)Nc3cc(C(F)(F)F)ccc3C(F)(F)F)CC[C@@H]12,0.0009679833
C[C@H](Nc1ncnc2nc[nH]c12)c1cc2cccc(Cl)c2c(=O)n1-c1ccccc1,0.21422957
CCOC(=O)CNC(=O)[C@@H]1CCCN1C(=O)Cc1ccccc1,6.0483594e-06
COCCCc1ccc2oc(-c3ccc(OC)c(OC)c3)cc2c1,1.8938868e-05
CCCCOc1ccc(C(=O)CCN2CCCCC2)cc1,0.00018364987
CC(=O)[C@H]1CC[C@H]2[C@@H]3C=CC4=CC(=O)CC[C@@]4(C)[C@@H]3CC[C@]12C,6.8843013e-07
O=C(N/N=C/c1ccc(O)c(O)c1)c1cc2ccccc2cc1O,0.0030280438
CCCCCCCCNC(=O)/C(C#N)=C/c1cn(CCCN(C)C)c2ccccc12,0.0011277647
Cn1c(=O)c2c(ncn2C[C@@H](O)CO)n(C)c1=O,0.9885938
CCN(CC)c1ccc(/C=N/NC(=O)c2ccc(O)cc2)cc1,0.25369892
S=C(S)OC1CC2CC1C1CCCC21,0.0007657701
O=C(CN1CCC(C(=O)c2ccc(F)cc2)CC1)c1ccc2ccccc2c1,0.31370533
COc1cc(/C=C2\CCCN([C@@H](C)c3ccc(F)cc3)C2=O)ccc1-n1cnc(C)c1,0.0067797173
Cc1cccc(CCN2CCC(C(=O)c3ccc(NS(C)(=O)=O)cc3)CC2)n1,0.81499535
CC(C)C[C@H](NC(=O)[C@H]1O[C@@H]1C(=O)O)C(=O)NCCCCNC(=N)N,0.0005430117
COCCN(C(=O)c1cc(OC)c(OC)c(OC)c1)c1nc(-c2ccccc2)cs1,0.015323482
Nc1ncnc2c1ncn2[C@H]1O[C@@H](C(=O)N2CCN(CC(=O)Nc3cccc4c3CNC4=O)CC2)[C@H](O)[C@@H]1O,0.8081002
CC(C)(C)c1ccc(C(=O)CCCN2CCC(OC(c3ccccc3)c3ccccc3)CC2)cc1,0.00052630145
CCOC(=O)[C@@H]1CN(Cc2ccccc2)C(=O)C1=O,2.322152e-06
N=C(N)Nc1nc(CSCCN/C=N/S(=O)(=O)c2ccc(Br)cc2)cs1,0.0062560635
O=c1c2ccccc2[se]n1-c1ccccc1,0.0064939037
COc1c(C)cnc(Cn2cc(C#CCC(C)(C)O)c3c(Cl)nc(N)nc32)c1C,0.9999083
CC1(C)CCC(C)(C)c2cc(C#Cc3ccc(C(=O)O)cc3)ccc21,0.08910269
CNC(=O)c1cccc(NCC(=O)NCCc2ccc(OC)c(OC)c2)c1,0.00052247976
CC(C)c1cc2c(cc1S(=O)(=O)O)[C@@]1(C)CCC[C@@](C)(C(=O)O)[C@@H]1CC2,0.13250153
CC1(C)[C@H]2CC[C@]1(CS(=O)(=O)O)C(=O)C2=Cc1ccc(C=C2C(=O)[C@@]3(CS(=O)(=O)O)CC[C@@H]2C3(C)C)cc1,0.102793075
CS[C@H]1SC[C@H]2C(=O)N(C)[C@@H](C(C)C)C(=O)OC[C@@H](NC(=O)c3cnc4ccccc4n3)C(=O)N[C@@H](C)C(=O)N(C)[C@H]1C(=O)N(C)[C@@H](C(C)C)C(=O)OC[C@@H](NC(=O)c1cnc3ccccc3n1)C(=O)N[C@@H](C)C(=O)N2C,0.00018369243
Clc1ccc(CO[C@@H](Cn2ccnc2)c2ccc(Cl)cc2Cl)cc1,0.0060916496
CC1=NCC[C@@H](C(=O)O)N1,1.1844077e-05
Cc1oc(-c2ccccc2)nc1CCOc1ccc(C[C@@H]2SC(=O)NC2=O)c2sccc12,2.8824306e-05
Cc1cc(=O)n(-c2ccccc2)[nH]1,9.165703e-06
CC/C=C\C/C=C\C/C=C\C/C=C\C/C=C\C/C=C\CCC(=O)NCCNC(=O)c1ccccc1O,5.9956854e-08
CCCCCCCCCCCCCCCCCCOC[C@H](COP(=O)(O)OCC[N+](C)(C)C)OC,0.00027640417
C[C@@H](O)CN(CCN(C[C@@H](C)O)C[C@@H](C)O)C[C@@H](C)O,0.3443483
Cn1c(CCCCCCC(=O)NO)nc2cc(N(CCCl)CCCl)ccc21,0.00932064
OC1CN(CCCOCCc2ccc3sccc3c2)C1,0.00033815426
CN1CCc2nc(C(=O)N[C@@H]3C[C@@H](C(=O)N(C)C)CC[C@@H]3NC(=O)C(=O)Nc3ccc(Cl)cn3)sc2C1,0.0023918117
CCc1cn([C@H]2C[C@H](O)[C@@H](CO)O2)c(=O)[nH]c1=O,0.9993875
CC[N+](C)(C)c1cccc(O)c1,0.0010481237
O=P(O)(O)CN(CCN(CP(=O)(O)O)CP(=O)(O)O)CP(=O)(O)O,0.006076526
CS(=O)(=O)c1ccc(-c2cnc(NCc3ccco3)n3cnnc23)cc1,0.3628987
Cc1cc(C)cc(NC(=O)Cc2ccc(OC(C)(C)C(=O)O)cc2)c1,0.7422547
CCC1(C2=NCCN2)Cc2ccccc2O1,0.00019031404
Cc1cc(Oc2ccc3nc(COc4ccc(C[C@H]5SC(=O)NC5=O)cc4)n(C)c3c2)cc(C)c1N,1.4955722e-07
O=C1Nc2ccc(Cl)cc2[C@@](C#CC2CC2)(C(F)(F)F)O1,0.9464305
C=C1CCN([C@H](C)[C@@](O)(Cn2cncn2)c2ccc(F)cc2F)CC1,0.0008104171
O=C(O)COCCN1CCN(C(c2ccc(F)cc2)c2ccc(F)cc2)CC1,0.009019746
NCCCC(N)(C(=O)O)C(F)F,0.00094547315
CCOC(=O)COc1ccc2c(=O)cc(-c3ccccc3)oc2c1,0.00015471186
CC1=C(C(=O)OCCN(Cc2ccccc2)c2ccccc2)[C@H](c2cccc([N+](=O)[O-])c2)C(P2(=O)OCC(C)(C)CO2)=C(C)N1,3.7261754e-05
O=C(Cn1ccnc1[N+](=O)[O-])NCC(F)(F)C(F)(F)F,0.0012185628
Cc1cc(C(=O)Nc2nc3cccc(Cl)c3n2[C@@H]2CCCCN(C(=O)/C=C/CN(C)C)C2)ccn1,0.26873252
N[C@@]1(C(=O)O)CC[C@H]2[C@H](C(=O)O)[C@H]21,0.00297616
N=C(N)NCCC[C@H](NC(=O)c1sccc1NS(=O)(=O)c1cccc2nsnc12)C(=O)O,0.0011190929
CCn1c2ccccc2c2cc(Nc3ccnc(NCCCN4CCOCC4)n3)ccc21,0.13325594
CCN(c1nc(N)c(C(=O)N=C(N)N)nc1Cl)C(C)C,0.1157831
CCSC(=N)N,0.0038039468
CCC(CC)n1ccc2c(C(=O)NCc3c(C)cc(C)[nH]c3=O)cc(C#N)cc21,0.09194831
CCNCCc1ccc(CN(CC)c2cc(OC)ccc2[C@@H]2CCc3cc(O)ccc3C2)cc1,0.07926945
COc1cc2c(cc1OC)CN(CCc1ccc(NC(=O)c3cccc4c(=O)c5cccc(OC)c5[nH]c34)cc1)CC2,0.0034762577
CCC(=C/[C@H](C)C/C=C/C(C)=C/[C@H](C)C(=O)[C@H](C)[C@@H](O)[C@H](C)C/C(C)=C/C(=O)O)/C=C/[C@H]1OC(=O)C=C[C@@H]1C,0.00014690077
CCCCCCCC/C=C/CCCCCCCC(=O)OC[C@H]1O[C@@H](n2ccc(N)nc2=O)[C@@H](O)[C@@H]1O,0.7049811
CSc1ccc(C(=O)/C=C/c2cc(C)c(OC(C)(C)C(=O)O)c(C)c2)cc1,0.0023541264
COc1cccc(-c2c(C)n(Cc3c(F)cccc3C(F)(F)F)c(=O)n(C[C@H](NCCCC(=O)O)c3ccccc3)c2=O)c1F,0.0020526308
COC(=O)N[C@H](C(=O)N1CCC[C@H]1c1nc(-c2ccc3c(c2)O[C@@H](c2ccccc2)n2c-3cc3cc(-c4c[nH]c([C@@H]5CCCN5C(=O)[C@@H](NC(=O)OC)C(C)C)n4)ccc32)c[nH]1)C(C)C,0.0045841034
C=C1/C(=C\C=C2/CCC[C@]3(C)[C@@H]([C@H](C)CCCC(C)(C)O)CC[C@@H]23)C[C@@H](O)[C@@H](OCCCO)[C@@H]1O,7.474003e-05
O=C1c2cc(-c3ccc(OC(F)(F)F)cc3)ccc2OCCN1Cc1ncccn1,0.0010796002
C=C[C@]1(C)CC[C@@H](C(=C)C)C[C@@H]1C(=C)C,5.9810423e-05
CN(NC(=O)CC(=O)NN(C)C(=S)c1ccccc1)C(=S)c1ccccc1,0.000405339
CN1CCC[C@@H]1Cc1c[nH]c2ccc(CCS(=O)(=O)c3ccccc3)cc12,4.980816e-05
CCCCCCCC(=O)N[C@H](CN1CCCC1)[C@H](O)c1ccc2c(c1)OCCO2,0.0002893429
CNc1cc2[nH]c(=O)n(-c3ccc(NC(=O)NS(=O)(=O)c4ccc(Cl)s4)cc3)c(=O)c2cc1F,0.3369282
O[C@@H](CN1CCC(Cc2ccc(F)cc2)CC1)c1ccc(Cl)cc1,0.00030672405
O=c1oc2c(O)c(O)cc3c(=O)oc4c(O)c(O)cc1c4c23,8.759776e-05
O=C(c1cccc(N2Cc3cccc(Cl)c3C2=O)c1)N1CCC2(CC1)CCN(c1ccncc1)CC2,0.20949544
NC(=O)/C(=C\n1cnc(-c2cc(C(F)(F)F)cc(C(F)(F)F)c2)n1)c1cncnc1,0.6056775
CC(=O)[C@H]1CC[C@H]2[C@@H]3CC[C@@H]4C[C@H](O)CC[C@]4(C)[C@H]3CC[C@]12C,7.655899e-06
c1cc2c(c(N3CCNCC3)c1)OCCO2,0.00062613154
CC1=NN(c2ccc(C)c(C)c2)C(=O)/C1=N\Nc1cccc(-c2cccc(C(=O)O)c2)c1O,0.00011468585
COc1ccc(CN(C(=O)[C@@H](N)Cc2c(C)cc(C(N)=O)cc2C)[C@@H](C)c2nc(-c3ccccc3)c[nH]2)cc1C(=O)O,0.015430825
COc1cc2c(cc1Cc1cccc(Cl)c1F)c(=O)c(C(=O)O)cn2[C@H](CO)C(C)C,0.14991313
CN[C@@H]1[C@@H](C)O[C@@H](O[C@H]2[C@H](C)O[C@@H](O[C@@H]3/C(C)=C/C[C@@H]4C[C@@H](C[C@]5(C=C[C@H](C)[C@@H](C(C)C)O5)O4)OC(=O)[C@@H]4C=C(C)[C@@H](O)[C@H]5OC/C(=C\C=C\[C@@H]3C)[C@]54O)C[C@@H]2OC)C[C@H]1OC,0.9982699
CCCCCCCCCCCC1C(=O)C(=O)C=C(O)C1=O,0.00017380893
CN1CCC(COc2cnc(-c3cccc(Cn4nc(-c5cccc(C#N)c5)ccc4=O)c3)nc2)CC1,0.0013917622
Cc1[nH]c2ccc(Cl)cc2c1C1=CCNCC1,0.0005484994
COc1ccc(C(=O)N2CCCc3cc(C4=NNC(=O)S[C@@H]4C)ccc32)cc1OC,0.00067504944
CCCCc1nc2ccn(CC(=O)N(C)C)c(=O)c2n1Cc1ccc(-c2ccccc2-c2nn[nH]n2)cc1,0.0026378855
CN(C)CCNC(=O)NC[C@H]1CC[C@@H]2[C@H](O1)c1cc(C(F)(F)F)ccc1N[C@H]2c1ccccc1,0.021624662
CCOCCn1c(N2CCCN(C)CC2)nc2ccccc21,0.00025803372
O=C(NCCS)c1cccc(C(=O)NCCS)c1,0.003033558
CC[C@H]1CN2CCc3cc(OC)c(OC)cc3[C@@H]2C[C@@H]1C[C@H]1NCCc2cc(OC)c(OC)cc21,7.662094e-05
CCOC(=O)c1ccc(OCCN2C[C@H](O)[C@@H](O)[C@H](O)[C@H]2CO)cc1,0.0010872637
NCC[C@@H](O)c1cccc(OCC2CCCCC2)c1,0.0017532461
CC(C)C[C@@H]1C(=O)O[C@H](C)C(=O)N(C)[C@@H](CC(C)C)C(=O)O[C@H](Cc2ccc(N3CCOCC3)cc2)C(=O)N(C)[C@@H](CC(C)C)C(=O)O[C@H](C)C(=O)N(C)[C@@H](CC(C)C)C(=O)O[C@H](Cc2ccc(N3CCOCC3)cc2)C(=O)N1C,8.791897e-06
Cc1cc(O)c2c(c1)C(=O)c1cc(O)cc(O)c1C2=O,0.054097585
CCOc1c(N2CCOCC2)cnn(C)c1=O,0.0017505392
CCc1nc(C)ccc1O,0.001954662
OC[C@H]1O[C@@H](c2ccc(Cl)c(Cc3ccc(O[C@H]4CCOC4)cc3)c2)[C@H](O)[C@@H](O)[C@@H]1O,0.0037279108
C[C@H](NC(=O)C(=O)Nc1ccccc1C(C)(C)C)C(=O)N[C@@H](CC(=O)O)C(=O)COc1c(F)c(F)cc(F)c1F,0.011141088
Nc1nc(=O)n([C@@H]2CS[C@H](CO)O2)cc1F,0.9704863
CCOC(=O)[C@H](CCc1ccccc1)N[C@@H](C)C(=O)N1CCC[C@H]1C(=O)O,9.3983635e-06
C[C@H](N[C@@H](CCc1ccccc1)C(=O)O)C(=O)N1CCC[C@H]1C(=O)O,0.0014835678
CC(C)(O)CNc1nc(Nc2ccnc(C(F)(F)F)c2)nc(-c2cccc(C(F)(F)F)n2)n1,0.019626189
C=C(C#N)C(=O)OCCCC,0.0056723147
COc1ccccc1N1CCN(C[C@@H](O)COc2cc(OC)c(OC)c(OC)c2)CC1,0.0027375915
COC(=O)N[C@@H](C)CNc1nccc(-c2cn(C(C)C)nc2-c2cc(Cl)cc(NS(C)(=O)=O)c2F)n1,0.005779846
O=C(Nc1cccc2cccnc12)c1ccc(N2C(=O)[C@@H]3[C@H](C2=O)[C@@H]2C=C[C@H]3C2)cc1,0.0078031197
CC/C(=C(\c1ccc(O)cc1)c1ccc(OCCNC)cc1)c1ccccc1,0.002254227
FC(F)OC(F)(F)[C@@H](F)Cl,7.772229e-05
C=CCO[C@H](Cn1ccnc1)c1ccc(Cl)cc1Cl,0.00069117086
C#Cc1c[nH]c(=O)[nH]c1=O,0.14059426
Cc1cc(-n2cccc2)c(S(C)(=O)=O)cc1C(=O)NC(=N)N,0.0027092795
C[n+]1ccc(C(=O)NCc2ccccc2)cc1,8.047883e-05
Cc1cc(Nc2cc(N3CCN(C)CC3)nc(/C=C/c3ccccc3)n2)[nH]n1,0.60414726
CCCCCCCCCCCCCCCCCCCCCC(=O)Nc1ccn([C@@H]2O[C@H](CO)[C@@H](O)[C@@H]2O)c(=O)n1,0.05986301
CCn1cc(C(=O)O)c(=O)c2cc(F)c(N3CCNCC3)nc21,0.9963238
CSc1ccc(C(=O)c2[nH]c(=O)[nH]c2C)cc1,0.00035036664
CC1(C)[C@@H](O)CC[C@]2(C)[C@H]3C(=O)C=C4[C@@H]5C[C@@](C)(C(=O)O)CC[C@]5(C)CC[C@@]4(C)[C@]3(C)CC[C@@H]12,0.00055784715
CCCn1c(=O)[nH]c(=O)c2[nH]cnc21,0.013692607
CCN1CCN(c2cc3c(cc2F)c(=O)c(C(=O)O)cn3C2CC2)CC1,0.99967337
CCN(CC)C(=O)/C(C#N)=C/c1cc(O)c(O)c([N+](=O)[O-])c1,0.0022100445
O=C(Nc1ccc2ncccc2c1)C(=O)c1cn(Cc2ccc(Cl)cc2)c2ccccc12,0.00036817614
C=C1[C@H](CO)[C@@H](O)C[C@@H]1n1cnc2c(=O)nc(N)[nH]c21,0.0024446761
Nc1ccccc1NC(=O)c1ccc(CNC(=O)OCc2cccnc2)cc1,1.02155955e-05
CN1CCN(c2ccc(C(=O)Nc3[nH]nc4ccc(Cc5cc(F)cc(F)c5)cc34)c(NC3CCOCC3)c2)CC1,0.09280636
CNC(=O)c1ccc(N2C(=S)N(c3ccc(C#N)c(C(F)(F)F)c3)C(=O)C2(C)C)cc1F,0.10081623
Cn1cc(C2=C(c3cn(C4CCN(Cc5ccccn5)CC4)c4ccccc34)C(=O)NC2=O)c2ccccc21,0.82865703
O=C(O)c1cc(N2N=C(C(F)(F)F)/C(=C/c3ccc(-c4ccccc4)o3)C2=O)ccc1Cl,0.006927083
Cc1ccccc1C(=O)c1ccc(Nc2ccc(Br)cc2N)cc1Cl,0.00368635
NS(=O)(=O)NCCNc1nonc1C(=Nc1ccc(F)c(Br)c1)NO,0.12219327
CC(/C=C1\SC(=S)N(CC(=O)O)C1=O)=C\c1ccccc1,0.05256115
CC(=O)NC[C@H]1CN(c2ccc(N3CCN(C(=O)CO)CC3)c(F)c2)C(=O)O1,0.0039310935
CCc1ccc(C(=O)[C@@H](C)CN2CCCCC2)cc1,0.036073286
NC[C@H]1OB(O)c2c(OCCCO)cccc21,0.88906986
CN[C@@H](C)[C@H](O)c1ccccc1,0.00033077147
CN[C@@H](C)[C@@H](O)c1ccccc1,0.0033682832
C[C@]12CC[C@H](O)C[C@@H]1CC[C@@H]1[C@@H]2CC[C@]2(C)C(=O)CC[C@@H]12,0.00010014715
O=C(O[C@@H]1Cc2c(O)cc(O)cc2O[C@@H]1c1ccc(O)c(O)c1)c1cc(O)c(O)c(O)c1,0.30557773
C[C@]12CC[C@@H]3c4ccc(O)cc4CC[C@H]3[C@@H]1C[C@H](O)[C@@H]2O,0.00032550597
Oc1cc(O)c2c(c1)O[C@H](c1cc(O)c(O)c(O)c1)[C@H](O)C2,0.18691972
O=C(O[C@@H]1Cc2c(O)cc(O)cc2O[C@@H]1c1cc(O)c(O)c(O)c1)c1cc(O)c(O)c(O)c1,0.7056039
NC1=NC[C@@H]2c3ccccc3Cc3ccccc3N12,0.9908195
CNC[C@H](O)c1ccc(O)c(O)c1,0.04623076
COc1cc(C)nc(-n2nc(C)cc2OC)n1,6.171001e-05
COc1cccc2c1C(=O)c1c(O)c3c(c(O)c1C2=O)C[C@@](O)(C(=O)CO)C[C@@H]3O[C@H]1C[C@H](N)[C@@H](O)[C@H](C)O1,0.0899727
C[C@]12C[C@H]3S[C@H]3C[C@@H]1CC[C@@H]1[C@@H]2CC[C@]2(C)[C@@H](O)CC[C@@H]12,3.9101145e-05
COC(=O)[C@@H]1CC2=CC(=O)CC[C@]2(C)[C@@]23O[C@@H]2C[C@@]2(C)[C@@H](CC[C@@]24CCC(=O)O4)[C@H]13,9.5248174e-07
CCCCC[C@H](O)/C=C/[C@@H]1[C@H]2C/C(=C/CCCC(=O)O)O[C@H]2C[C@H]1O,0.00045161552
C/C(=C\c1csc(C)n1)[C@@H]1C[C@@H]2O[C@@H]2CCC[C@H](C)[C@H](O)[C@@H](C)C(=O)C(C)(C)[C@@H](O)CC(=O)O1,0.00017902044
C/C(=C\c1csc(C)n1)[C@@H]1C[C@@H]2O[C@]2(C)CCC[C@H](C)[C@H](O)[C@@H](C)C(=O)C(C)(C)[C@@H](O)CC(=O)O1,0.00043666994
C/C1=C/C[C@@H](/C(C)=C/c2csc(C)n2)OC(=O)C[C@H](O)C(C)(C)C(=O)[C@H](C)[C@@H](O)[C@@H](C)CCC1,1.6259011e-06
CCOc1cccc(NC(=O)c2ccc(N3CCCC3)c(C(F)(F)F)c2)c1,9.2504015e-05
CCO[C@@H](CN1CCN(C[C@@H](C)C(=O)c2ccccc2)CC1)c1ccccc1,0.0002463977
CC[C@H](C)[C@H]1O[C@]2(C=C[C@@H]1C)C[C@@H]1C[C@@H](C/C=C(\C)[C@@H](O[C@H]3C[C@H](OC)[C@@H](O[C@H]4C[C@H](OC)[C@@H](NC(C)=O)[C@H](C)O4)[C@H](C)O3)[C@@H](C)/C=C/C=C3\CO[C@@H]4[C@H](O)C(C)=C[C@@H](C(=O)O1)[C@]34O)O2,0.9992292
CC(C)(C)NC(=O)[C@H]1CC[C@H]2[C@@H]3CC=C4C=C(C(=O)O)CC[C@]4(C)[C@H]3CC[C@]12C,0.0001322731
O=C(NCCCN1CCOCC1)c1ccc(Cl)cc1,0.0006409816
O=S(=O)(O)CCCS(=O)(=O)O,0.5456412
CCCCc1ncc(/C=C(\Cc2cccs2)C(=O)O)n1Cc1ccc(C(=O)O)cc1,0.039543733
N=C(N)NCCCC[C@@H]1NC(=O)CCSSC[C@@H](C(N)=O)NC(=O)[C@@H]2CCCN2C(=O)[C@H](Cc2c[nH]c3ccccc23)NC(=O)[C@H](CC(=O)O)NC(=O)CNC1=O,0.007236089
CC(C)N(C[C@H]1O[C@@H](n2cnc3c(N)ncnc32)[C@H](O)[C@@H]1O)[C@H]1C[C@@H](CCc2nc3ccc(C(C)(C)C)cc3[nH]2)C1,0.5350234
CC(C)N(CCCNC(=O)Nc1ccc(C(C)(C)C)cc1)C[C@H]1O[C@@H](n2ccc3c(N)ncnc32)[C@H](O)[C@@H]1O,0.61048305
Cc1cc(C)c(CNC(=O)c2cc(-c3ccc(CN4CCOCC4)cc3)cc3c2cnn3C2CCCC2)c(=O)[nH]1,0.16193257
CCN(c1cc(C#CCN2CCOCC2)cc(C(=O)NCc2c(C)cc(C)[nH]c2=O)c1C)[C@H]1CC[C@H](N(C)CCOC)CC1,0.0024526638
O=C(NC[C@H](O)CN1CCc2ccccc2C1)c1cc(NC2COC2)ncn1,0.00015924682
CNCCN(C)Cc1c[nH]nc1-c1ccc(O[C@H]2C[C@H](OCCC3CCOCC3)C2)cc1,0.004969125
C[C@@]12CC[C@H]3C(=CCc4cc(O)ccc43)[C@@H]1CCC2=O,0.0003820227
Oc1ccc([C@H]2COc3cc(O)ccc3C2)cc1,0.00081019703
Cc1ccc2c(=O)c3ccccc3n(CCCN)c2c1C,0.0035578166
CC(C)c1cccc2c(-c3ccccc3)cc(-c3ccc(-c4ccc(C(=O)O)cc4)[nH]3)nc12,0.06473159
CCOc1ccccc1-n1c([C@@H](C)N2CCN(C(=O)COc3ccc(Cl)cc3)CC2)nc2ccccc2c1=O,0.00015764342
CN(C)[C@@H]1C(=O)[C@@H](C(N)=O)C(=O)[C@@]2(O)C(=O)[C@@H]3C(=O)c4c(O)c(NC(=O)CN5CCCC5)cc(F)c4C[C@H]3C[C@@H]12,0.36765558
COC(=O)/C=C/c1cc(O)ccc1O,0.001965562
C=C1/C(=C\C=C2/CCC[C@]3(C)[C@@H]([C@H](C)/C=C/[C@H](C)C(C)(C)O)CC[C@@H]23)C[C@@H](O)C[C@@H]1O,0.0051296046
COc1cc(OC)cc(N(CCNC(C)C)c2ccc3ncc(-c4cnn(C)c4)nc3c2)c1,7.12798e-05
O=C(O)CSCC(=O)N[C@H]1CCSC1=O,8.3954554e-05
C=C1CC[C@H](O)C/C1=C/C=C1\CCC[C@]2(C)[C@@H]([C@H](C)/C=C/[C@H](C)C(C)C)CC[C@@H]12,6.653101e-05
C[C@@H](CO)NC(=O)[C@@H]1C=C2c3cccc4[nH]cc(c34)C[C@H]2N(C)C1,0.00076069706
CC(C)[C@@H](C)/C=C/[C@@H](C)[C@H]1CC[C@H]2C3=CC=C4C[C@@H](O)CC[C@]4(C)[C@H]3CC[C@]12C,0.00011042222
CN1C[C@H](C(=O)N[C@]2(C)O[C@@]3(O)[C@@H]4CCCN4C(=O)[C@H](Cc4ccccc4)N3C2=O)C=C2c3cccc4[nH]cc(c34)C[C@H]21,0.0019195043
COc1cc(N2CCN(C)CC2)ccc1Nc1ncc2c(n1)N(C)c1ccccc1C(=O)N2C,0.2432453
C#Cc1cccc(Nc2ncnc3cc(OCCOC)c(OCCOC)cc23)c1,4.2448162e-05
C[C@@H](O)[C@@H]1C(=O)N2C(C(=O)O)=C(S[C@@H]3CN[C@H](C(=O)Nc4cccc(C(=O)O)c4)C3)[C@H](C)[C@H]12,0.9999988
Oc1ccc([C@@H]2Oc3ccc(O)cc3[C@@H]3CCC[C@@H]32)cc1,0.0001260895
CCOc1ccc(Cc2cc([C@]34OC[C@](CO)(O3)[C@@H](O)[C@H](O)[C@H]4O)ccc2Cl)cc1,0.0010194323
OC[C@@H](O)[C@@H](O)CO,3.3165452e-05
CC[C@H]1OC(=O)[C@H](C)[C@@H](O[C@H]2C[C@@](C)(OC)[C@@H](O)[C@H](C)O2)[C@H](C)[C@@H](O[C@@H]2O[C@H](C)C[C@H](N(C)C)[C@H]2O)[C@](C)(O)C[C@@H](C)C(=O)[C@H](C)[C@@H](O)[C@]1(C)O,0.14408815
CCC(=O)O[C@H]1[C@H](O[C@@H]2[C@@H](C)[C@H](O[C@H]3C[C@@](C)(OC)[C@@H](O)[C@H](C)O3)[C@@H](C)C(=O)O[C@H](CC)[C@@](C)(O)[C@H](O)[C@@H](C)C(=O)[C@H](C)C[C@@]2(C)O)O[C@H](C)C[C@@H]1N(C)C,0.49947187
CCOC(=O)CCC(=O)O[C@H]1[C@H](O[C@@H]2[C@@H](C)[C@H](O[C@H]3C[C@@](C)(OC)[C@@H](O)[C@H](C)O3)[C@@H](C)C(=O)O[C@H](CC)[C@@](C)(O)[C@H](O)[C@@H](C)C(=O)[C@H](C)C[C@@]2(C)O)O[C@H](C)C[C@@H]1N(C)C,0.20258263
O=C1OC2(c3ccccc31)c1cc(I)c(O)c(I)c1Oc1c2cc(I)c(O)c1I,2.3090894e-05
O=C(CN1CCNCC1)NC1CCCCC1,3.3579502e-06
Cc1c(C(=O)Nc2ccc(S(C)(=O)=O)cc2)cn(CCO)c1-c1ccccc1C(F)(F)F,0.1277472
CC=C(C)C(=O)O[C@H]1[C@H](OC(C)=O)[C@]2(CO)[C@H](O)C[C@]3(C)C(=CC[C@@H]4[C@@]5(C)CC[C@H](O[C@@H]6O[C@H](C(=O)O)[C@@H](O[C@@H]7O[C@H](CO)[C@@H](O)[C@H](O)[C@H]7O)[C@H](O)[C@H]6O[C@@H]6O[C@H](CO)[C@@H](O)[C@H](O)[C@H]6O)[C@](C)(CO)[C@@H]5CC[C@]43C)[C@@H]2CC1(C)C,0.009411549
O=c1ccc2cc(O[C@@H]3O[C@H](CO)[C@@H](O)[C@H](O)[C@H]3O)c(O)cc2o1,0.039126586
CN1CC[C@@]2(C)c3cc(O)ccc3N(C)[C@@H]12,0.008207993
CC(C)(C)c1cc(C(=O)/C(C#N)=N/Nc2cccc(Cl)c2)no1,7.0860057e-07
CC(=O)O[C@H]1Cc2ccccc2N(C(N)=O)c2ccccc21,0.0014366433
COC(=O)CCc1ccc(OC[C@@H](O)CNC(C)C)cc1,3.3676542e-06
COc1ccc2nc([S@@](=O)Cc3ncc(C)c(OC)c3C)[nH]c2c1,0.015321548
CC(=O)SC[C@H](CC(=O)c1ccc(C)cc1)C(=O)O,0.018700551
C[C@]12CC[C@@H]3c4ccc(O)cc4CC[C@H]3[C@@H]1[C@@H](O)[C@@H](O)[C@@H]2O,0.0013343729
C[C@]12CC[C@@H]3c4ccc(O)cc4CC[C@H]3[C@@H]1CC[C@@H]2O,9.8034514e-05
CC(=O)Oc1ccc2c(c1)CC[C@@H]1[C@@H]2CC[C@]2(C)[C@@H](O)CC[C@@H]12,8.480331e-06
C[C@]12CC[C@@H]3c4ccc(OC(=O)c5ccccc5)cc4CC[C@H]3[C@@H]1CC[C@@H]2O,0.00048564997
C[C@]12CC[C@@H]3c4ccc(O)cc4CC[C@H]3[C@@H]1CC[C@@H]2OC(=O)CCC1CCCC1,0.0020156356
CCCCC(=O)O[C@H]1CC[C@H]2[C@@H]3CCc4cc(O)ccc4[C@H]3CC[C@]12C,2.3282026e-05
C[C@]12CC[C@@H]3c4ccc(OS(N)(=O)=O)cc4CC[C@H]3[C@@H]1CC[C@@H]2O,9.729004e-05
C[C@]12CC[C@@H]3c4ccc(OC(=O)N(CCCl)CCCl)cc4CC[C@H]3[C@@H]1CC[C@@H]2O,0.00015757955
C[C@]12CC[C@@H]3c4ccc(OC(=O)N(CCCl)CCCl)cc4CC[C@H]3[C@@H]1CC[C@@H]2OP(=O)(O)O,0.033479493
C[C@]12CC[C@@H]3c4ccc(O)cc4CC[C@H]3[C@@H]1C[C@@H](O)[C@@H]2O,0.0009129434
C[C@]12CC[C@@H]3c4ccc(O)cc4CC[C@H]3[C@@H]1CCC2=O,4.173251e-05
C[C@]12CC[C@@H]3c4ccc(OS(=O)(=O)O)cc4CC[C@H]3[C@@H]1CCC2=O,0.08957738
C=C(CC)C(=O)c1ccc(OCC(=O)O)c(Cl)c1Cl,0.0916095
CCN(CC)CCOc1ccccc1C(=O)CCc1ccccc1,3.1639967e-08
O=S(=O)(O)c1cc(O)ccc1O,0.14880396
O=C(Cn1ccnc1[N+](=O)[O-])NCCO,0.005240313
CCOC(=O)c1cnc2c(cnn2CC)c1NN=C(C)C,0.0502358
Cn1c(=O)c2c(ncn2CC(=O)Nc2ccc(-c3ccccc3)nn2)n(C)c1=O,0.87407047
N#Cc1ccc(-c2cnc3ccc(-c4ccc(C(=O)N5CCOCC5)cc4)cn23)cc1,0.09850665
CCN(CC)S(=O)(=O)c1ccc(C(=O)O)cc1,0.00081670855
CCC1(c2ccccc2)C(=O)N(COC)C(=O)N(COC)C1=O,0.5292926
CCOC(=O)Nc1ccc2c(c1)N(C(=O)CCN(CC)CC)c1ccccc1S2,3.3987945e-08
CCOc1ccc2nc3cc(N)ccc3c(N)c2c1,0.003358528
CC[C@@H](CO)NCCN[C@@H](CC)CO,0.0004176216
CCN(CC)C(=O)c1ccc(O)c(OC)c1,5.3975404e-05
CCCCCCCC/C=C\CCCCCCCC(=O)O,0.00041156902
CCOc1ccc(Cc2nccc3cc(OCC)c(OCC)cc23)cc1OCC,0.7611537
CCOc1ccccc1C(N)=O,0.0015581005
CCn1cnc(C(=O)NC)c1C(=O)NC,1.3094762e-05
C#C[C@]1(O)CC[C@H]2[C@@H]3CCc4cc(O)ccc4[C@H]3CC[C@@]21C,0.00015023426
CCc1cc(C(N)=S)ccn1,0.00034235773
C#C[C@]1(O)CC[C@H]2[C@@H]3CCC4=CC(=O)CC[C@]4(C)[C@H]3CC[C@@]21C,1.7824575e-05
CCOc1cc(NC(C)=O)ccc1C(=O)OC,0.00012193506
CC[C@@]1(C)CC(=O)NC1=O,0.0004837771
CCN1C(=O)N[C@H](c2ccccc2)C1=O,0.00092721847
CCOc1ccc2c(c1)C(C)=CC(C)(C)N2,0.0009094111
CCOc1ccc2nc(S(N)(=O)=O)sc2c1,0.00012845865
CCOC(=O)c1ccc(O)cc1,0.00055304426
C=C(O)C(=O)OCC,0.00019919225
CCOc1cc(C=O)ccc1O,9.174728e-05
CCOC(=O)c1ccccc1OC(N)=O,0.059238087
O=C(O)CN(CCN(CC(=O)O)CC(=O)O)CC(=O)O,0.9849621
CC[C@@H](N)[C@@H](O)c1ccc(O)c(O)c1,0.016458618
C#C[C@]1(OC(C)=O)CC[C@H]2[C@@H]3CCC4=C[C@@H](OC(C)=O)CC[C@@H]4[C@H]3CC[C@@]21C,9.594016e-05
C#C[C@@]1(O)[C@@H](CO)O[C@@H](n2ccc(N)nc2=O)[C@@H]1O,0.98951155
CCc1cc(Cl)c(OC)c(C(=O)NC[C@@H]2CCCN2CC)c1O,0.0013498508
CC(O)(P(=O)(O)O)P(=O)(O)O,0.0012202146
CCc1cccc(CC)c1NC(=O)CN(CC(=O)O)CC(=O)O,0.9462486
CCNC1=Nc2ccc(Cl)cc2[C@](C)(c2ccccc2)O1,0.016909063
CCNCC(O)c1cccc(O)c1,0.06270528
CCOC(=O)[C@@H](N)Cc1ccc(O)c(O)c1,0.00051874487
CCc1cc2c(s1)-n1c(C)nnc1CN=C2c1ccccc1Cl,0.004467398
CCc1cccc2c3c([nH]c12)[C@](CC)(CC(=O)O)OCC3,0.00059295463
O=C(OCCOCCO)c1ccccc1Nc1cccc(C(F)(F)F)c1,0.03252178
CC(C)(Oc1ccc(Cl)cc1)C(=O)OCCOC(=O)c1cccnc1,0.02716396
Cn1c(=O)c2c(ncn2CCO)n(C)c1=O,0.97917855
Cn1c(=O)c2c(ncn2CCOC(=O)C(C)(C)Oc2ccc(Cl)cc2)n(C)c1=O,0.98512113
CCOC(=O)c1cncn1[C@H](C)c1ccccc1,0.0028475404
CCOC(=O)[C@@]1(CCCCCCOc2ccc(Cl)cc2)CO1,0.0008423898
C#C[C@]1(O)CC[C@H]2[C@@H]3CCC4=CC(=O)CC[C@@H]4[C@H]3C(=C)C[C@@]21CC,2.716146e-05
COc1cc([C@@H]2c3cc4c(cc3[C@@H](O[C@@H]3O[C@@H]5CO[C@@H](C)O[C@H]5[C@H](O)[C@H]3O)[C@H]3COC(=O)[C@H]23)OCO4)cc(OC)c1O,5.1887357e-05
COc1cc([C@@H]2c3cc4c(cc3[C@@H](O[C@@H]3O[C@@H]5CO[C@@H](C)O[C@H]5[C@H](O)[C@H]3O)[C@H]3COC(=O)[C@H]23)OCO4)cc(OC)c1OP(=O)(O)O,0.00019588678
Cc1ccc(-c2ncc(Cl)cc2-c2ccc(S(C)(=O)=O)cc2)cn1,0.6119075
CCOCCOc1ccccc1C(N)=O,8.7987966e-05
O=C(CCCO)NCCO,0.0014523212
Cn1ncc2c(N3CCOCC3)nc(-c3cccc(O)c3)nc21,2.686398e-05
CC(C)(C#N)c1ccc(N2C(=O)OCc3cnc4ccc(-c5cnc6ccccc6c5)cc4c32)cc1,0.79431105
CN[C@H]1CCc2ncsc2C1,4.1120104e-05
O=C(O)C[C@H]1CCc2c1[nH]c1ccc(OCc3ccc(C4CCCC4)c(C(F)(F)F)c3)cc21,0.0095613
Cc1cc(C#N)cc(C)c1Oc1nc(Nc2ccc(C#N)cc2)nc(N)c1Br,4.7788467e-06
CCOC(=O)/C=C(C)/C=C/C=C(C)/C=C/c1c(C)cc(OC)c(C)c1C,4.928879e-07
CC12CCC(CC1)C(C)(C)O2,1.2250475e-05
C[C@H]1C[C@H](OC(=O)[C@@H](O)c2ccccc2)CC(C)(C)N1C,0.10082475
C=CCc1ccc(O)c(OC)c1,6.034213e-05
COc1cccc2c1[O][Mn]13([Cl])[O]c4c(cccc4OC)C=[N+]1CC[N+]3=C2,9.2763474e-07
COc1ccc(-c2cc(=O)c3c(O)c(OC)c(O)cc3o2)cc1OC,0.0002123981
Cc1cc(C)c2c(c1)[C@@H](N(Cc1cc(C(F)(F)F)cc(C(F)(F)F)c1)c1nnn(C)n1)CCCN2C[C@H]1CC[C@H](C(=O)O)CC1,0.60579336
Cc1cc(-c2ccc(NN=C3C=Cc4c(S(=O)(=O)O)cc(S(=O)(=O)O)c(N)c4C3=O)c(C)c2)ccc1NN=C1C=Cc2c(S(=O)(=O)O)cc(S(=O)(=O)O)c(N)c2C1=O,0.050562825
CC(C)(C)c1ccc(CN(Cc2cccc(OCC(=O)O)c2)S(=O)(=O)c2cccnc2)cc1,0.01879137
CCCCOc1cccc(CCNCC(=O)N(C)C)c1,0.03965773
CO[C@H]1C[C@@H]2CC[C@@H](C)[C@@](O)(O2)C(=O)C(=O)N2CCCC[C@H]2C(=O)O[C@H]([C@H](C)C[C@@H]2CC[C@@H](OCCO)[C@H](OC)C2)CC(=O)[C@H](C)/C=C(\C)[C@@H](O)[C@@H](OC)C(=O)[C@H](C)C[C@H](C)/C=C/C=C/C=C/1C,0.15494071
C=CC(=O)N1CCC(CNc2ncnc(N)c2-c2ccc(Oc3ccccc3)cc2)CC1,0.04851912
C[C@@H](N[C@H]1CCN(c2ccc(CC(=O)O)cc2)C1)c1cccc2ccccc12,0.016639626
CN1c2ccccc2C(=O)N2CCc3c([nH]c4ccccc34)[C@H]21,4.6969228e-05
O=C(N[C@H]1CN2CCC1CC2)c1cc2cccc(Cl)c2s1,0.780412
Nc1ccc2ncnc(NCCc3ccc(Oc4ccccc4)cc3)c2c1,0.0002725896
Cc1cccc(-c2nc(CNc3ccccc3F)[nH]c2-c2ccc3ncnn3c2)n1,0.024473239
NC(=O)[C@H]1CCCc2c1[nH]c1ccc(Cl)cc21,0.0048280535
CCCCCCOc1ccccc1C(N)=O,0.008527667
Cc1[nH]c2ccccc2c1C[C@@H](NC(=O)[C@@H](N)Cc1cnc[nH]1)C(=O)N[C@@H](C)C(=O)N[C@@H](Cc1c[nH]c2ccccc12)C(=O)N[C@H](Cc1ccccc1)C(=O)N[C@@H](CCCCN)C(N)=O,0.023529531
CC[C@@]1(O)C(=O)OCc2c1cc1n(c2=O)Cc2c-1nc1cc(F)c(C)c3c1c2[C@@H](N)CC3,0.7015018
C=C1C[C@@H]2[C@H](CC[C@]3(C)C(=O)CC[C@@H]23)[C@@]2(C)C=CC(=O)C=C12,5.323363e-05
CC[C@H](C)[C@H](NC(=O)[C@H](Cc1ccccc1)NC(=O)[C@H](CC(C)C)NC(=O)[C@H](CCCNC(=N)N)NC(=O)[C@@H](NC(=O)[C@H](C)NC(=O)[C@H](CCC(=O)O)NC(=O)[C@H](CCC(=O)O)NC(=O)[C@H](CCC(=O)O)NC(=O)[C@H](CCSC)NC(=O)[C@H](CCC(N)=O)NC(=O)[C@H](CCCCN)NC(=O)[C@H](CO)NC(=O)[C@H](CC(C)C)NC(=O)[C@H](CC(=O)O)NC(=O)[C@H](CO)NC(=O)[C@@H](NC(=O)[C@H](Cc1ccccc1)NC(=O)[C@@H](NC(=O)CNC(=O)[C@H](CCC(=O)O)NC(=O)CNC(=O)[C@@H](N)Cc1c[nH]cn1)[C@@H](C)O)[C@@H](C)O)C(C)C)C(=O)N[C@@H](CCC(=O)O)C(=O)N[C@@H](Cc1c[nH]c2ccccc12)C(=O)N[C@@H](CC(C)C)C(=O)N[C@@H](CCCCN)C(=O)N[C@@H](CC(N)=O)C(=O)NCC(=O)NCC(=O)N1CCC[C@H]1C(=O)N[C@@H](CO)C(=O)N[C@@H](CO)C(=O)NCC(=O)N[C@@H](C)C(=O)N1CCC[C@H]1C(=O)N1CCC[C@H]1C(=O)N1CCC[C@H]1C(=O)N[C@@H](CO)C(N)=O,0.23059589
CC(=O)N[C@H]1CSSC[C@@H](C(N)=O)NC(=O)[C@H](C(C)C)NC(=O)[C@H](C)NC(=O)[C@H](Cc2cnc[nH]2)NC1=O,4.9028517e-05
O=C(c1cc(O)c(O)c(O)c1)c1ccc(O)c(O)c1O,0.00085520366
CC1=C(CC(=O)O)c2cc(F)ccc2/C1=C\c1ccc(S(C)(=O)=O)cc1,0.074535824
O=C(Nc1cccc2cccnc12)c1ccc(N2C(=O)[C@@H]3[C@H](C2=O)[C@H]2C=C[C@@H]3C2)cc1,0.0078031197
COC(=O)c1ccccc1NC(=O)c1ccc(F)cc1,0.0019018577
CCOC(=O)[C@@H](N)CCC(=O)N[C@@H](CSCc1ccccc1)C(=O)N[C@@H](C(=O)OCC)c1ccccc1,0.05814921
O=C1[C@H](CC[C@H](O)c2ccc(F)cc2)[C@@H](c2ccc(O)cc2)N1c1ccc(F)cc1,0.9517816
CCN(CC)c1ccc(-n2nc3cc(C)c(N)cc3n2)cc1,0.000117785465
CCCCCCCCC/C(=C\C1=C(C)C(=O)C(OC)=C(OC)C1=O)C(=O)O,0.07387923
C[C@H](NC(=O)c1c(C(F)F)nn(C)c1Oc1cccc(C(F)(F)F)c1)c1ccc(C(=O)O)cc1,0.007196629
O=C1NNc2nc(CN3Cc4ccccc4C3)nc3cccc1c23,8.726557e-06
Cc1ccc(NS(=O)(=O)c2cccc(C#N)c2)c2[nH]cc(C#N)c12,0.0044075726
Cn1c(=O)cnn(CCCCN2CCN(c3ncccn3)CC2)c1=O,0.08521563
CC/C=C\C/C=C\C/C=C\C/C=C\C/C=C\C/C=C\CCC(=O)OCc1cccnc1,1.1065442e-08
N#Cc1ccc([C@H]2CCCc3cncn32)cc1,0.060829084
OC[C@H]1NCC[C@@H](O)[C@@H]1O,7.578391e-05
C=C1/C(=C\C=C2/CCC[C@]3(C)[C@@H]([C@H](C)CCCC(O)(C(F)(F)F)C(F)(F)F)CC[C@@H]23)C[C@@H](O)C[C@@H]1O,0.00013395886
CC(=O)OCC(CCn1cnc2cnc(N)nc21)COC(C)=O,0.002070537
N=C(N)Nc1nc(CSCC/C(N)=N\S(N)(=O)=O)cs1,0.0005378759
CC(C)c1c(CN(C)[C@@H](C)Cc2ccccc2)n(C)n(-c2ccccc2)c1=O,9.462839e-06
O=S1(=O)c2cccc3cccc(c23)N1CCCN1CCN(c2ccc(F)cc2)CC1,9.307933e-05
c1ccc(CCNc2nc(-c3ccccc3)cs2)cc1,0.011242032
COc1ccc(CCN(C)CCCOc2ccc(S(=O)(=O)c3c(C(C)C)cn4ccccc34)cc2)cc1OC,0.31021348
O=C(c1ccc2nonc2c1)N1CCCCC1,0.00018730278
CC(C)=CCC/C(C)=C/CC/C(C)=C/CSc1ccccc1C(N)=O,0.0103641795
C[C@@H](O)[C@@H]1C(=O)N2C(C(=O)O)=C([C@H]3CCCO3)S[C@H]12,0.8363526
Cc1oc(=O)oc1COC(=O)C1=C([C@H]2CCCO2)S[C@@H]2[C@@H]([C@@H](C)O)C(=O)N12,0.2028512
O=C1CC[C@H](C(=O)N2CCCCC2)N1,6.411974e-07
O=S(=O)(c1cccc2cnccc12)N1CCCNCC1,0.0014636598
NC(=O)c1nc(F)c[nH]c1=O,0.0017098612
CO[C@H]1/C=C/O[C@@]2(C)Oc3c(C)c(O)c4c(O)c(c(/C=N/N=C/N5CCCCC5)c(O)c4c3C2=O)NC(=O)/C(C)=C\C=C\[C@H](C)[C@H](O)[C@@H](C)[C@@H](O)[C@@H](C)[C@H](OC(C)=O)[C@@H]1C,0.89422685
Nc1nc(=O)n([C@H]2C[C@H](O)[C@@H](CO)O2)cc1F,0.9991333
CCCCOC[C@@H](O)COc1ccccc1,0.00013955435
Cc1nc(-c2ccc(OCC(C)C)c(C#N)c2)sc1C(=O)O,0.00019672305
Cc1cnc(Nc2ccc(OCCN3CCCC3)cc2)nc1Nc1cccc(S(=O)(=O)NC(C)(C)C)c1,0.008476863
NC(=O)OCC(COC(N)=O)c1ccccc1,0.30065194
O=C(O)Cc1ccc(-c2ccccc2)cc1,0.023059452
CCOC(=O)Cc1ccc(-c2ccccc2)cc1,0.08095811
CCOC(=O)C1=C(C)NC(C)=C(C(=O)OC)[C@@H]1c1cccc(Cl)c1Cl,0.00073466107
NCCCC[C@H](NC(=O)[C@@H]1CCCN1C(=O)[C@@H]1CSSC[C@H](N)C(=O)N[C@@H](Cc2ccccc2)C(=O)N[C@@H](Cc2ccccc2)C(=O)N[C@@H](CCC(N)=O)C(=O)N[C@@H](CC(N)=O)C(=O)N1)C(=O)NCC(N)=O,0.0026275932
O=C(CCCl)NCCc1ccccc1,0.00010143291
COC(=O)Nc1nc2ccc(Sc3ccccc3)cc2[nH]1,0.6178282
O=C(O)CCC(=O)c1ccc(-c2ccccc2)cc1,0.0038030774
N[C@@H](Cc1ccc(Cl)cc1)C(=O)O,0.84512836
C[C@@H](NCCC(c1ccccc1)c1ccccc1)c1ccccc1,0.002366375
C[C@H]1CN(C2COC2)CCN1c1ccc(Nc2cc(-c3ccnc(N4CCn5c(cc6c5CC(C)(C)C6)C4=O)c3CO)cn(C)c2=O)nc1,0.015885595
NC[C@@H](CC(=O)O)c1ccccc1,0.00038543125
CCCC[C@@H](O)c1ccccc1,0.00034977158
CN1CC(=O)N=C1NC(=O)Nc1cccc(Cl)c1,0.0041600526
CC(C)OC(=O)C(C)(C)Oc1ccc(C(=O)c2ccc(Cl)cc2)cc1,0.0006202633
CC(C)(Oc1ccc(C(=O)c2ccc(Cl)cc2)cc1)C(=O)O,0.09566759
Oc1ccc([C@H]2CNCCc3c2cc(O)c(O)c3Cl)cc1,0.23674323
C[C@@H](C(=O)O)c1cccc(Oc2ccccc2)c1,0.045249
C[C@@H](Cc1ccc(O)cc1)NC[C@@H](O)c1cc(O)cc(O)c1,0.9088169
O=C(CN1CCN(Cc2ccc3c(c2)OCO3)CC1)N1c2ccccc2Sc2ccccc21,1.4155771e-06
CCOC(=O)[C@@H](C)Oc1ccc(Oc2nc3ccc(Cl)cc3o2)cc1,0.16006829
CC1=C(/C=C/C(C)=C/C=C/C(C)=C/C(=O)Nc2ccc(O)cc2)C(C)(C)CCC1,0.01552243
O=C1NCC2(CCN(CCc3ccccc3)CC2)O1,0.0011135945
COP(=S)(OC)Oc1ccc(SC)c(C)c1,4.1998985e-07
O=C(O)Cc1sc(-c2ccccc2)nc1-c1ccc(Cl)cc1,0.067403585
Clc1ccc([C@@H](Cn2ccnc2)OCc2ccc(Sc3ccccc3)cc2)c(Cl)c1,0.010135802
O/N=C/c1ccc(-c2ccc(O)c(F)c2)c(Cl)c1O,0.07880247
CN(C)CC1=CC=C[C@@]1(CNc1ccnc2cc(Cl)ccc12)[Fe][CH]1C=CC=C1,0.0028433802
CCOC(=O)c1ccc(NC2CCCCC2)c(N)c1,1.7997972e-06
COc1cc(/C=C/C(=O)O)ccc1O,5.5952645e-05
CC(C)C(=O)Oc1ccc(CO)cc1[C@H](CCN(C(C)C)C(C)C)c1ccccc1,0.00053090765
Cc1c(CC(=O)O)c2cccnc2n1Cc1ccc(S(C)(=O)=O)cc1C(F)(F)F,0.049536515
COC(=O)/C=C/c1cccc(N(Cc2ccc(-c3ccc(N(C)C)cc3)cc2)C(=O)C2CCCCC2)c1,0.11455463
CSc1ccc(OCc2ncc([N+](=O)[O-])n2C)cc1,0.025149196
CC(C)(C(=O)O)c1ccc([C@@H](O)CCCN2CCC(C(O)(c3ccccc3)c3ccccc3)CC2)cc1,0.3363336
Cc1nsc(-c2nnc3n2CCN(C(=O)c2ccc(F)cc2)[C@@H]3C)n1,0.0057730577
O=C(O)CNC(=O)c1nc(Cl)c2ccccc2c1O,2.0540353e-06
Cc1nc(C(=O)NCC(=O)O)c(O)c2ccc(Oc3ccccc3)cc12,0.00011067859
CNC(=O)c1cc2c(cn1)[nH]c1ccccc12,0.00012379281
CCCCCCN(CCCCCC)C(=O)Cc1c(-c2ccc(F)cc2)[nH]c2ccccc12,0.47513288
CCCCCCN(CCCCCC)C(=O)Cc1c(-c2ccc(Cl)cc2)[nH]c2ccc(Cl)cc12,0.5299868
Cc1cc([N+](=O)[O-])ccc1NS(=O)(=O)c1cc(Cl)ccc1Cl,0.14810768
CC(=O)Nc1ccc(Cc2ccc(NC(C)=O)cc2)cc1,3.760222e-06
Nc1nc(=O)n([C@@H]2O[C@H](CO)[C@@H](O)[C@@H]2F)cc1I,0.9222068
NC(=O)[C@H]1C[C@]2(NC(=O)NC2=O)c2cc(F)ccc2O1,0.15796933
CCc1c(Cl)c(O)c(Cl)c(O)c1C(=O)O[C@H]1[C@H](O)[C@H](OC)[C@H](OC/C2=C\C=C\C[C@H](O)/C(C)=C/[C@H](CC)[C@@H](O[C@@H]3OC(C)(C)[C@@H](OC(=O)C(C)C)[C@H](O)[C@@H]3O)/C(C)=C/C(C)=C/C[C@@H]([C@@H](C)O)OC2=O)O[C@@H]1C,0.11278911
CON(C)C(=O)N1N=C(c2cc(F)ccc2F)S[C@@]1(CCCN)c1ccccc1,2.248523e-06
O=C(Nc1nc2cccc(-c3ccc(CN4CCS(=O)(=O)CC4)cc3)n2n1)C1CC1,8.3109735e-05
CCCCc1nc(C)c(CC(=S)N(C)C)c(=O)n1Cc1ccc(-c2ccccc2-c2nn[nH]n2)cc1,0.0009928709
N#Cc1c(N2C[C@@H]3NCCO[C@H]3C2)c(F)cc2c(=O)c(C(=O)O)cn(C3CC3)c12,0.9998186
CC(C)(C)NC(=O)[C@H]1CC[C@H]2[C@@H]3CC[C@H]4NC(=O)C=C[C@]4(C)[C@H]3CC[C@]12C,2.8077352e-07
CCCCCCCCc1ccc(CCC(N)(CO)CO)cc1,0.00022127625
O=C(COc1ccc(Cl)cc1)N1CCN(Cc2ccc3c(c2)OCO3)CC1,2.062228e-06
O=C(NCCN1CCC(n2c(=O)[nH]c3ccccc32)CC1)c1cc2cc(F)ccc2[nH]1,0.05336906
N#Cc1nn(-c2c(Cl)cc(C(F)(F)F)cc2Cl)c(N)c1[S@@](=O)C(F)(F)F,0.7741296
CCOCc1cc(OC)c(-c2ccc(C[C@H](NC(=O)c3c(F)cccc3F)C(=O)O)cc2)c(OC)c1,5.537964e-06
CC1(C)OC(=O)C(OCC2CC2)=C1c1ccc(S(C)(=O)=O)cc1,0.38645467
COc1ccccc1[C@H](Cn1c(=O)n(C(C)(C)C(=O)O)c(=O)c2c(C)c(-c3ncco3)sc21)OC1CCOCC1,0.30564627
O=c1c(O)c(-c2ccc(O)c(O)c2)oc2cc(O)ccc12,0.92833954
C=CC(=O)N[C@H]1CCOC[C@H]1Nc1ncc2cc(-c3c(Cl)c(OC)cc(OC)c3Cl)ccc2n1,0.8810226
CCC(=O)N(c1ccccc1)C1CCN(CCc2ccc(N=C=S)cc2)CC1,0.0018326001
C[C@H](NC(=O)[C@@H](N)Cc1ccc(O)cc1)C(=O)NCC(=O)N(C)[C@@H](Cc1ccccc1)C(=O)N[C@H](CO)CC[S@@](C)=O,0.17885573
CC(=O)c1ccc(NS(C)(=O)=O)c(Oc2ccc(F)cc2F)c1,0.00052640354
CC/C(=C\C(=N\O)C(N)=O)[C@@H](C)[N+](=O)[O-],0.00362361
O=C(/C=C/c1cccnc1)NCCCCC1CCN(C(=O)c2ccccc2)CC1,0.010036168
CN(Cc1ccccc1)C(=O)[C@H](Cc1ccc2ccccc2c1)NC(=O)[C@@H]1C[C@@H](O)CN1C(=O)c1cn(C)c2ccccc12,0.0006721779
CC(=O)N1CCC(NC(=O)c2ccc(F)cc2)CC1,0.11870929
Cc1cc2nc3c(=O)[nH]c(=O)nc-3n(C[C@H](O)[C@H](O)[C@H](O)CO[P@](=O)(O)O[P@](=O)(O)OC[C@H]3O[C@@H](n4cnc5c(N)ncnc54)[C@H](O)[C@@H]3O)c2cc1C,0.9907356
Cc1c(-c2ccccc2)oc2c(C(=O)OCCN3CCCCC3)cccc2c1=O,0.038898047
O=C(NCC1CCCCN1)c1cc(OCC(F)(F)F)ccc1OCC(F)(F)F,1.1773406e-06
CN1CCN(c2c(F)cc3c(=O)c(C(=O)O)cn(CCF)c3c2F)CC1,0.9985625
CC1=NC2=C(C(=O)CC(C)(C)C2)[C@H](c2ccc([N+](=O)[O-])cc2)C1C(=O)OC1CCCCC1,0.00028525756
O=c1[nH]c2ccccc2n1CCN1CCN(c2cccc(C(F)(F)F)c2)CC1,0.001653909
COc1ccc(Cl)cc1[C@]1(F)C(=O)Nc2cc(C(F)(F)F)ccc21,0.63107085
O=C(OC[C@H](O)CO)c1ccccc1Nc1ccnc2c(C(F)(F)F)cccc12,0.0077970373
CCC(=O)c1c(O)cc(O)cc1O,0.0011470874
CS(=O)(=O)c1ccc([C@@H](O)[C@@H](CF)NC(=O)C(Cl)Cl)cc1,0.021781212
O=C(OCCN1CCCC1)c1ccccc1Nc1ccnc2cc(C(F)(F)F)ccc12,0.48430422
Cn1cc([S@@](C)=O)c(=O)c2ccc(F)cc21,0.15349054
O=c1[nH]c(=O)n([C@H]2C[C@H](O)[C@@H](CO)O2)cc1F,0.9993316
CCCNc1nc(Nc2ccc(C#N)cc2)ncc1C#CCCCNC(=O)[C@H](C)N(C)C(=O)/C=C/CN(C)C,0.13170984
COC(=O)Nc1nc2ccc(C(=O)c3ccc(F)cc3)cc2[nH]1,0.020593932
Cc1onc(-c2c(F)cccc2Cl)c1C(=O)N[C@@H]1C(=O)N2[C@@H]1SC(C)(C)[C@@H]2C(=O)O,0.75818294
OC(Cn1cncn1)(Cn1cncn1)c1ccc(F)cc1F,0.00365726
Nc1nc(=O)[nH]cc1F,0.0052314764
Nc1nc(F)nc2c1ncn2[C@@H]1O[C@H](CO)[C@@H](O)[C@@H]1O,0.9703205
Nc1nc(F)nc2c1ncn2[C@@H]1O[C@H](COP(=O)(O)O)[C@@H](O)[C@@H]1O,0.99977404
CC(=O)OCC(=O)[C@@]1(O)CC[C@H]2[C@@H]3CCC4=CC(=O)CC[C@]4(C)[C@@]3(F)[C@@H](O)C[C@@]21C,2.2694243e-05
CC1(C)O[C@@H]2C[C@H]3[C@@H]4C[C@H](F)C5=CC(=O)CC[C@]5(C)[C@H]4[C@@H](O)C[C@]3(C)[C@]2(C(=O)CO)O1,0.0007081348
O=C(O)c1ccccc1Nc1cccc(C(F)(F)F)c1,0.27670002
Cc1ncc(NC(=O)c2ccc(CN3CCN(C)CC3)c(C(F)(F)F)c2)cc1Nc1nccc(-c2cccnc2)n1,0.697412
CCOC(=O)c1ncn2c1CN(C)C(=O)c1cc(F)ccc1-2,0.00075412856
CC[C@@](O)(c1ccccc1)c1cccc(C(F)(F)F)c1,0.015082471
C[C@H]1CCc2cc(F)cc3c(=O)c(C(=O)O)cn1c23,0.97954947
C[C@@H]1C[C@H]2[C@@H]3C[C@H](F)C4=CC(=O)C=C[C@]4(C)[C@@]3(F)[C@@H](O)C[C@]2(C)[C@@]1(O)C(=O)CO,0.9576015
C[C@@H]1C[C@H]2[C@@H]3C[C@H](F)C4=CC(=O)C=C[C@]4(C)[C@@]3(F)[C@@H](O)C[C@]2(C)[C@@]1(O)C(=O)COC(=O)C(C)(C)C,0.73552835
FC(F)(F)c1cccc([C@H]2CNCCO2)c1,0.019747501
Fc1ccc(C(c2ccc(F)cc2)N2CCN(C/C=C/c3ccccc3)CC2)cc1,0.014269915
CC1(C)O[C@@H]2C[C@H]3[C@@H]4C[C@H](F)C5=CC(=O)C=C[C@]5(C)[C@H]4[C@@H](O)C[C@]3(C)[C@]2(C(=O)CO)O1,0.05318333
Cc1c(Nc2ncccc2C(=O)O)cccc1C(F)(F)F,0.9464474
CC1(C)O[C@@H]2C[C@H]3[C@@H]4C[C@H](F)C5=CC(=O)C=C[C@]5(C)[C@@]4(F)[C@@H](O)C[C@]3(C)[C@]2(C(=O)CO)O1,0.043355
CC(=O)OCC(=O)[C@@]12OC(C)(C)O[C@@H]1C[C@H]1[C@@H]3C[C@H](F)C4=CC(=O)C=C[C@]4(C)[C@@]3(F)[C@@H](O)C[C@@]12C,6.232146e-06
O=C1OC2(c3ccc(O)cc3Oc3cc(O)ccc32)c2ccccc21,0.10743425
CC(=O)[C@@]1(O)CC[C@H]2[C@@H]3C[C@H](C)C4=CC(=O)C=C[C@]4(C)[C@@]3(F)[C@@H](O)C[C@@]21C,0.35591784
CC(=O)O[C@]1(C(C)=O)CC[C@H]2[C@@H]3C[C@H](C)C4=CC(=O)C=C[C@]4(C)[C@@]3(F)[C@@H](O)C[C@@]21C,0.45359617
C[N+](C)(CF)CCO,0.00010181355
CNCCC(Oc1ccc(C(F)(F)F)cc1)c1ccccc1,0.0024901005
OCCN1CCN(CC/C=C2/c3ccccc3Sc3ccc(C(F)(F)F)cc32)CC1,0.05477438
OCCN1CCN(CCCN2c3ccccc3Sc3ccc(C(F)(F)F)cc32)CC1,0.00034334662
CCCCCCCCCC(=O)OCCN1CCN(CCCN2c3ccccc3Sc3ccc(C(F)(F)F)cc32)CC1,0.0021983352
CCOC(=O)Nc1ccc(NCc2ccc(F)cc2)nc1N,0.005440565
NC(=O)NCCN1CCN(c2cccc(C(F)(F)F)c2)CC1,0.00020930095
Cc1cc(C2=NO[C@](c3cc(Cl)cc(Cl)c3)(C(F)(F)F)C2)ccc1C(=O)NCC(=O)NCC(F)(F)F,3.0232239e-05
C[C@@H](C(=O)O)c1ccc(-c2ccccc2)c(F)c1,0.01360671
C[C@H](C(=O)O)c1ccc(-c2ccccc2)c(F)c1,0.0032044947
CC(=O)O[C@@H](C)OC(=O)[C@H](C)c1ccc(-c2ccccc2)c(F)c1,3.5918696e-05
NP(N)(=O)NC(=O)c1ccc(F)cc1,0.019901145
FC(F)(F)COCC(F)(F)F,7.901746e-07
C=COCC(F)(F)F,7.5449448e-06
O=C1NCN(c2ccccc2)C12CCN(CCCC(c1ccc(F)cc1)c1ccc(F)cc1)CC2,0.00016932677
CC(C)C(=O)Nc1ccc([N+](=O)[O-])c(C(F)(F)F)c1,0.026290959
CCC(=O)O[C@]1(C(=O)SCF)[C@H](C)C[C@H]2[C@@H]3C[C@H](F)C4=CC(=O)C=C[C@]4(C)[C@@]3(F)[C@@H](O)C[C@@]21C,0.9998147
Fc1ccc(C(c2ccccc2)(c2ccccc2F)n2ccnc2)cc1,0.00024554454
CC(C)n1c(/C=C/[C@@H](O)C[C@@H](O)CC(=O)O)c(-c2ccc(F)cc2)c2ccccc21,0.008073566
COCCCC/C(=N\OCCN)c1ccc(C(F)(F)F)cc1,0.0010526057
CC(C)C[C@H](NC(=O)OCC1c2ccccc2-c2ccccc21)C(=O)O,9.921961e-05
CN1CCN(Cc2ccc(NC(=O)c3[nH]ncc3Nc3ncnc4[nH]ccc34)cc2)CC1,0.02252516
Nc1nc(=O)c2nc(CNc3ccc(C(=O)N[C@@H](CCC(=O)O)C(=O)O)cc3)cnc2[nH]1,0.0058368966
Cc1cn[nH]c1,3.3311833e-05
c1ccc(OCc2ccc(CCCN3CCOCC3)cc2)cc1,0.0023023074
CO[C@H]1O[C@H](COS(=O)(=O)O)[C@@H](O[C@@H]2O[C@@H](C(=O)O)[C@@H](O[C@H]3O[C@H](COS(=O)(=O)O)[C@@H](O[C@@H]4O[C@H](C(=O)O)[C@@H](O[C@H]5O[C@H](COS(=O)(=O)O)[C@@H](O)[C@H](O)[C@H]5NS(=O)(=O)O)[C@H](O)[C@H]4O)[C@H](OS(=O)(=O)O)[C@H]3NS(=O)(=O)O)[C@H](O)[C@H]2OS(=O)(=O)O)[C@H](O)[C@H]1NS(=O)(=O)O,0.015449528
COc1cc2c(Oc3ccc(NC(=O)C4(C(=O)Nc5ccc(F)cc5)CC4)cc3F)ccnc2cc1OCCCN1CCOCC1,0.09161352
C[C@]12CCC(=O)C(=O)[C@@H]1CC[C@@H]1[C@@H]2CC[C@]2(C)C(=O)CC[C@@H]12,5.0047795e-05
COc1ccc(-c2coc3cc(O)ccc3c2=O)cc1,0.00087257905
COc1ccc(C[C@H](C)NC[C@@H](O)c2ccc(O)c(NC=O)c2)cc1,0.010967648
O=c1nc[nH]c2c([C@@H]3N[C@H](CO)[C@@H](O)[C@H]3O)c[nH]c12,0.02582208
CC(C)c1cc(C(C)C)c(-c2csc(N(CCN(C)C)Cc3cccnc3)n2)c(C(C)C)c1,0.13884401
CC(C)CN(C[C@@H](OP(=O)(O)O)[C@H](Cc1ccccc1)NC(=O)O[C@H]1CCOC1)S(=O)(=O)c1ccc(N)cc1,0.0009789879
C[C@@H](O[C@H]1OCCN(Cc2nn(P(=O)(O)O)c(=O)[nH]2)[C@H]1c1ccc(F)cc1)c1cc(C(F)(F)F)cc(C(F)(F)F)c1,0.43992656
COc1ccc(/C=C\c2cc(OC)c(OC)c(OC)c2)cc1OP(=O)(O)O,0.001670141
O=C(O)P(=O)(O)O,0.09779316
CC/C(=C(/CC)c1ccc(OP(=O)(O)O)cc1)c1ccc(OP(=O)(O)O)cc1,0.008278246
O=P(O)(O)OC(Cn1cncn1)(Cn1cncn1)c1ccc(F)cc1F,0.04104522
C[C@@H]1O[C@@H]1P(=O)(O)O,0.0023444758
O=C(O)c1ccccc1OP(=O)(O)O,0.038034055
O=C(COP(=O)(O)O)[C@@H](O)[C@H](O)[C@H](O)COP(=O)(O)O,0.62472665
CCC(=O)O[C@@H](OP(=O)(CCCCc1ccccc1)CC(=O)N1C[C@H](C2CCCCC2)C[C@H]1C(=O)O)C(C)C,0.0076975627
O=C(O)[C@@H]1C[C@@H](C2CCCCC2)CN1C(=O)C[P@@](=O)(O)CCCCc1ccccc1,0.00044934175
O=C1NC(c2ccccc2)(c2ccccc2)C(=O)N1COP(=O)(O)O,0.017680105
COc1cc(Nc2ncc(F)c(Nc3ccc4c(n3)N(COP(=O)(O)O)C(=O)C(C)(C)O4)n2)cc(OC)c1OC,0.20020634
COc1cnc(-n2cnc(C)n2)c2c1c(C(=O)C(=O)N1CCN(C(=O)c3ccccc3)CC1)cn2COP(=O)(O)O,0.8092824
CCOP(=O)(OCC)[C@@H](C)NC(=O)N(CCCl)[NH2+][O-],0.00014881947
CSCC[C@H](NC=O)C(=O)N[C@@H](CC(=O)O)C(=O)NCC(=O)N[C@@H](CS)C(=O)N[C@@H](CCC(=O)O)C(=O)N[C@@H](CC(C)C)C(=O)O,0.049016297
NC(=S)N/N=C/c1coc2ccccc2c1=O,0.00029252714
Cc1ccc(Cl)cc1N(CC(=O)Nc1c(F)cccc1F)S(C)(=O)=O,0.06078538
CC(N)(Cc1ccccc1)c1ccccc1,0.0047511826
CCCc1c(OC[C@@H](O)COc2ccc3c(=O)cc(C(=O)O)oc3c2CCC)ccc(C(C)=O)c1O,0.09628944
COc1ccc(Nc2ccn(-c3ccccc3)n2)cc1,0.02163861
COC(=O)c1c(C)[nH]c(C)c1C(=O)c1ccccc1Cc1ccccc1,0.0002568832
O=C(c1ccc(Cl)cc1)N(Cc1ccccc1)C1CCCCC1,6.8942622e-06
COc1ccc(-c2nc(C(=O)N3CCN(C)CC3)sc2-c2ccc(OC)cc2)cc1,0.01063475
CC(C)C[C@H](NC(=O)N1CCCCCC1)C(=O)N[C@H](Cc1cn(C)c2ccccc12)C(=O)N[C@H](Cc1ccccn1)C(=O)O,0.019618874
Nc1[nH]nc2nnc(-c3c(-c4ccccc4)nn4ccccc34)cc12,0.0038281935
CCn1c(=O)c(-c2ccc(Cl)cc2Cl)cc2cnc(Nc3ccc(N4CCNCC4)c(F)c3)nc21,0.061015088
COc1ccc2nc(NC(=O)Nc3ccccc3)sc2c1,0.0071775713
CC(C)[C@@H](NC(=O)Cn1c(-c2ccccc2)ncc(N)c1=O)[C@@H](O)c1nnc(C(C)(C)C)o1,0.008713801
CN[C@@H]1CCc2[nH]c3ccc(C(N)=O)cc3c2C1,0.0045038243
CNC(=O)c1c(C)oc2cc(Oc3ncnc4cc(OC)c(OC)cc34)ccc12,2.0051293e-05
Cc1cccc(C)c1NC(=O)c1ccccc1C(=O)O,0.017979683
O=c1[nH]c(=O)n([C@H]2CCCO2)cc1F,0.6291446
C#CCOc1ccc(/C=C/C(=O)Nc2ccccc2C(=O)O)cc1OC,0.05422454
CC(=O)O[C@H]1CC(C)(C)C(=C=C/C(C)=C/C=C/C(C)=C/C=C/C=C(C)/C=C/C=C(\C)C(=O)C[C@]23O[C@@]2(C)C[C@H](O)CC3(C)C)[C@](C)(O)C1,0.48648462
N[C@@H](CSCCCO)C(=O)O,0.22355229
C[C@]12CC[C@@H]3c4ccc(O)cc4C[C@@H](CCCCCCCCC[S@@](=O)CCCC(F)(F)C(F)(F)F)[C@H]3[C@@H]1CC[C@@H]2O,0.00014746185
CO[C@H]1[C@@H]([C@@]2(C)O[C@@H]2CC=C(C)C)[C@]2(CC[C@H]1OC(=O)/C=C/C=C/C=C/C=C/C(=O)O)CO2,4.1156705e-05
CCCC[C@@H](C)[C@@H](OC(=O)C[C@@H](CC(=O)O)C(=O)O)[C@H](C[C@@H](C)C[C@H](O)CCCC[C@@H](O)C[C@H](O)[C@H](C)N)OC(=O)C[C@@H](CC(=O)O)C(=O)O,0.0053840643
O=C1N(Cc2ccc(C(F)(F)F)o2)c2ccccc2[C@]12COc1cc3c(cc12)OCO3,0.0019049739
O=C1CN(/N=C/C=C/c2ccc([N+](=O)[O-])o2)C(=O)N1,0.8215416
O=C1O[C@H](CN2CCOCC2)CN1/N=C/c1ccc([N+](=O)[O-])o1,0.34061646
N=C(N)c1ccc(-c2ccc(-c3ccc(C(=N)N)cc3)o2)cc1,0.30196843
O=C1OCCN1/N=C/c1ccc([N+](=O)[O-])o1,0.15548654
O=C(O)c1cc2cc(Cc3cccnc3)ccc2o1,0.0024218343
NS(=O)(=O)c1cc(C(=O)O)c(NCc2ccco2)cc1Cl,0.9049971
C/C(=C(/CCO)SSC[C@H]1CCCO1)N(C=O)Cc1cnc(C)nc1N,0.008593257
O=[N+]([O-])/C(Br)=C\c1ccc(Br)o1,0.026875122
CC(=O)O[C@H]1C[C@@]2(C)[C@@H](C[C@@H](O)[C@H]3[C@@]4(C)CC[C@@H](O)[C@@H](C)[C@@H]4CC[C@@]32C)/C1=C(\CCC=C(C)C)C(=O)O,0.00013532385
C=CC(=O)N1CC[C@H](n2nc(C#Cc3cc(OC)cc(OC)c3)c3c(N)ncnc32)C1,0.024834158
Cc1ccc(=O)n(-c2ccc(O)cc2)c1,0.03790663
C=C1CC/C=C(\C)CC[C@@H]2[C@@H]1CC2(C)C,5.551264e-05
CC(=O)c1ccc2c(c1)[C@@H]1C=CC[C@@H]1[C@H](c1cc3c(cc1Br)OCO3)N2,4.725221e-05
Brc1cc2c(cc1[C@H]1Nc3ccccc3[C@H]3C=CC[C@H]31)OCO2,1.0433413e-05
CN1CCC(Nc2nc(Nc3ccc(Oc4ccccc4)cc3)c3c(O)ncc(Br)c3n2)CC1,0.6404764
CCCCC/C=C\C/C=C\CCCCCCCC(=O)NCCCC(=O)O,0.00010507318
NCC1(CC(=O)O)CCCCC1,0.00028292686
CC(C)C(=O)O[C@@H](C)OC(=O)NCC1(CC(=O)O)CCCCC1,3.146153e-05
COc1ccc(-c2ccc(=N)n(CCCC(=O)O)n2)cc1,0.0023444323
CCOC(=O)c1ccc(OC(=O)CCCCCNC(=N)N)cc1,0.03979354
O=c1[nH]oc2c1CCNC2,0.00077720865
O=C1CN2CCN3CCN([C@@H](CO)[C@@H](O)CO)CCN(CC2)CC(=O)[O][Gd]([O]1)[O]C(=O)C3,0.18890063
CNC(=O)CN1CCN2CCN(CC(=O)NC)CC(=O)[O][Gd]([O]C(=O)C2)[O]C(=O)C1,0.012344387
O=C(O)CN1CCN2CCN(CC(=O)O)CC(=O)[O][Gd]([O]C(=O)C2)[O]C(=O)C1,0.9597763
O=C(O)CN1CCN(CC(=O)O)CCN(CC(=O)O)CCN(CC(=O)O)CC1,0.000929958
C[C@@H](O)CN1CCN2CCN3CCN(CC1)CC(=O)[O][Gd]([O]C(=O)C3)[O]C(=O)C2,0.23572353
CCCNc1nc(NCCC)nc(N(C)OC)n1,2.2097715e-06
COc1ccc2c3c1O[C@H]1C[C@@H](O)C=C[C@@]31CCN(C)C2,0.005460857
C[C@]12CC[C@H](O)CC1=CC[C@@H]1[C@@H]2CC[C@]2(C)C(n3cnc4ccccc43)=CC[C@@H]12,0.008958705
Nc1ncnc2c([C@@H]3N[C@H](CO)[C@@H](O)[C@H]3O)c[nH]c12,0.040972233
CC[N+](CC)(CC)CCOc1cccc(OCC[N+](CC)(CC)CC)c1OCC[N+](CC)(CC)CC,5.116508e-13
O=C(O)c1cc(O)c(O)c(O)c1,0.0043416563
c1cnc2c([O][Ga]([O]c3cccc4cccnc34)[O]c3cccc4cccnc34)cccc2c1,0.0052802693
COc1ccc(CCN(C)CCCC(C#N)(c2cc(OC)c(OC)c(OC)c2)C(C)C)cc1OC,0.0038504899
CC(C)=CCC[C@]1(C)C=Cc2c(O)c3c(c(CC=C(C)C)c2O1)O[C@]12C(=C[C@@H]4C[C@H]1C(C)(C)O[C@@]2(C/C=C(/C)C(=O)O)C4=O)C3=O,0.82922834
CCCN1C[C@H](C)[C@@H](O)[C@](C)(O)[C@@H](CC)OC(=O)[C@H](C)[C@@H](O[C@H]2C[C@@](C)(OC)[C@@H](O)[C@H](C)O2)[C@H](C)[C@@H](O[C@@H]2O[C@H](C)C[C@H](N(C)C)[C@H]2O)[C@](C)(O)C[C@H]1C,0.72286844
NCCCC(=O)O,0.0010428042
CCCCC/C=C\C/C=C\C/C=C\CCCCC(=O)O,0.00024018629
CC(=O)[C@H]1CC[C@H]2[C@@H]3CC[C@H]4C[C@](C)(O)CC[C@]4(C)[C@H]3CC[C@]12C,8.480138e-06
Nc1nc(=O)c2ncn(COC(CO)CO)c2[nH]1,2.1375303e-05
CC(C)c1cc(-c2n[nH]c(=O)n2-c2ccc3c(ccn3C)c2)c(O)cc1O,0.09699107
C[C@H](CC(=O)C[C@@H](C)[C@H]1C[C@H](O)[C@@]2(C)C3=C(C(=O)C[C@]12C)[C@@]1(C)CCC(=O)C(C)(C)[C@@H]1C[C@@H]3O)C(=O)O,0.0010421204
c1cc(-c2sc(-c3ccncc3)c(-c3ccncc3)c2-c2ccncc2)ccn1,0.010565956
CN(C)c1ccccc1CN1CCCN(Cc2ccccc2N(C)C)C1c1ccncc1,0.004920031
C[C@H]1NCc2cc(-c3ccc4c(=O)c(C(=O)O)cn(C5CC5)c4c3OC(F)F)ccc21,0.9989814
OCc1ccc(O[C@@H]2O[C@H](CO)[C@@H](O)[C@H](O)[C@H]2O)cc1,0.0002939843
COc1c(N2CCN[C@@H](C)C2)c(F)cc2c(=O)c(C(=O)O)cn(C3CC3)c12,0.99898475
O=C(/C=C/c1c(C(=O)O)[nH]c2cc(Cl)cc(Cl)c12)Nc1ccccc1,0.028028421
C(=C/c1ccccc1)\CN1CCN(CCOC(c2ccccc2)c2ccccc2)CC1,0.000664144
c1ccc(CCCN2CCN(CCOC(c3ccccc3)c3ccccc3)CC2)cc1,0.00030135494
Fc1ccc(C(OCCN2CCN(C/C=C/c3ccccc3)CC2)c2ccc(F)cc2)cc1,0.00050995697
CC(C)NC[C@@H](C(=O)N1CCN(c2ncnc3c2[C@H](C)C[C@H]3O)CC1)c1ccc(Cl)cc1,0.0015868405
C[C@H](Nc1ccc2c(c1)OCCn1cc(N3C(=O)OC[C@H]3C(F)F)nc1-2)C(N)=O,0.41870123
CC1(C)OCCn2c1nc1c(N3CCOCC3)nc(-c3cnc(N)nc3)nc12,0.5643527
CN[C@@H](C)C(=O)N[C@H](C(=O)N1CCC[C@H]1C(=O)Nc1snnc1-c1ccccc1)C1CCCCC1,0.0021292758
CCNC(=O)Nc1ccc(-c2nc3c(c(N4CCOC[C@@H]4C)n2)CCN(C2COC2)C3)cc1,4.2367783e-06
N[C@@H]1CCCN(c2c(Br)cnc3[nH]cc(NC(=O)C4CC4)c23)C1,0.012174625
O=C(NOCCO)c1ccc2cncn2c1Nc1ccc(I)cc1F,0.002545881
CC/C(=C(/c1ccc(/C=C/C(=O)O)cc1)c1ccc2n[nH]cc2c1)c1ccc(F)cc1Cl,0.03980829
Cc1c(NC(=O)c2cc3c(s2)CCCC3)cccc1-c1cn(C)c(=O)c(Nc2ccc([C@H]3C(=O)N(C)CCN3C)cc2)n1,0.17152506
OCCn1cc(-c2ccc3c(c2)CC/C3=N\O)c(-c2ccncc2)n1,0.13035874
CC1=C(c2cccc(O)c2)[C@H](c2ccc(OCCN3CC(CF)C3)cc2)Oc2ccc(O)cc21,0.08386767
CS(=O)(=O)N1CCN(Cc2cc3nc(-c4cccc5n[nH]cc45)nc(N4CCOCC4)c3s2)CC1,0.00026608768
Cc1c(CN2CCN(C(=O)[C@H](C)O)CC2)sc2c(N3CCOCC3)nc(-c3cnc(N)nc3)nc12,0.99732864
Cn1nccc1Nc1nccc(-c2ccn([C@@H](CO)c3ccc(Cl)c(F)c3)c(=O)c2)n1,0.8417227
CC(=O)O[C@@H]1C[C@H]2C(C)(C)C(=O)C=C[C@]2(C)[C@H]2CC[C@@]3(C)[C@H](c4ccoc4)OC(=O)[C@H]4O[C@]43[C@@]21C,9.158443e-05
COc1cc(C(C)C)c(Oc2cnc(N)nc2N)cc1S(N)(=O)=O,0.8582713
COc1cc2ncnc(Nc3ccc(F)c(Cl)c3)c2cc1OCCCN1CCOCC1,0.018951869
COC1=C2C[C@@H](C)C[C@H](OC)[C@H](O)[C@@H](C)/C=C(\C)[C@H](OC(N)=O)[C@@H](OC)/C=C/C=C(\C)C(=O)NC(=CC1=O)C2=O,0.012805056
CC(C)(CO)CCCCCCC(C)(C)CO,0.0015718126
Nc1ccn([C@@H]2O[C@H](CO)[C@@H](O)C2(F)F)c(=O)n1,0.9971194
CCCCCCCC/C=C/CCCCCCCC(=O)OC[C@H]1O[C@@H](n2ccc(N)nc2=O)C(F)(F)[C@@H]1O,0.118735835
Cc1ccc(C)c(OCCCC(C)(C)C(=O)O)c1,0.0030644217
CO/N=C1\CN(c2nc3c(cc2F)c(=O)c(C(=O)O)cn3C2CC2)C[C@@H]1CN,0.99954224
N[C@@H](CC(=O)N1CCc2c(nc(C(F)(F)F)nc2C(F)(F)F)C1)CN1CC(F)(F)CCC1=O,2.8497343e-06
COC(=O)C1=CO[C@@H](O)[C@@H]2C(CO)=CC[C@H]12,0.0037322736
COC(=O)C1=CO[C@@H](O[C@@H]2O[C@H](CO)[C@@H](O)[C@H](O)[C@H]2O)[C@@H]2C(CO)=CC[C@H]12,0.00041409145
O=C(O)C1=CO[C@@H](O[C@@H]2O[C@H](CO)[C@@H](O)[C@H](O)[C@H]2O)[C@@H]2C(CO)=CC[C@H]12,0.031627048
O=c1c(-c2ccc(O)cc2)coc2cc(O)cc(O)c12,0.011231712
CN[C@@H]1[C@@H](O)[C@@H](O[C@@H]2[C@@H](O)[C@H](O[C@H]3O[C@H]([C@@H](C)NC)CC[C@H]3N)[C@@H](N)C[C@H]2N)OC[C@]1(C)O,0.71062326
C=C[C@@H]1C2=CCOC(=O)C2=CO[C@H]1O[C@@H]1O[C@H](CO)[C@@H](O)[C@H](O)[C@H]1O,0.0017044271
CCCCCCCCC(=O)N[C@H](CN1CCCC1)[C@H](O)c1ccc2c(c1)OCCO2,0.00042332287
CNCCn1c(=O)c2cc(OC)c(OC)cc2c2cnc3cc4c(cc3c21)OCO4,6.7001514e-05
C[C@@H](N)Cc1cccc(O)c1,0.0016457652
CC(C)[C@@H](NC(=O)[C@@H](NC(=O)[C@@H](CCC(=O)O)NC(=O)[C@H](CCCNC(=N)N)NC(=O)[C@@H](CCCNC(=N)N)NC(=O)[C@@H](CCCCN)NC(=O)[C@@H](CCCCN)NC(=O)[C@@H](CCC(=O)O)NC(=O)[C@H](N)[C@@H](C)O)[C@@H](C)O)C(=O)N[C@H](CCC(=O)O)C(=O)N[C@@H](CCCNC(=N)N)C(=O)N[C@@H](CCC(=O)O)C(=O)N[C@@H](CCCCN)C(=O)N[C@@H](CCC(=O)O)C(=O)O,0.066756725
O=c1ccc2ncc(=O)n3c2n1C[C@H]3CN1CCC(NCc2cc3c(cn2)OCCC3)CC1,0.9879579
CC(C)=CCC/C(C)=C/CC/C(C)=C/CCC(=O)OC/C=C(\C)CCC=C(C)C,0.0004357456
C#C[C@]1(O)C=C[C@H]2[C@@H]3CCC4=CC(=O)CC[C@@H]4[C@H]3CC[C@@]21CC,0.000184275
C#C[C@]1(O)CC[C@H]2[C@@H]3CCC4=CC(=O)CCC4=C3C=C[C@@]21CC,0.00037197824
CN(C)CCCn1cc(C2=C(c3c[nH]c4ccccc34)C(=O)NC2=O)c2ccccc21,0.7326127
COP(=O)(CC[C@@H](N)C(=O)O)Oc1cccc(CC(=O)O)c1,0.06631562
COC(=O)[C@H](CC(C)C)NC(=O)c1ccc(NC[C@@H](N)CS)cc1-c1cccc2ccccc12,0.00011565303
CCc1nc(C(N)=O)c(Nc2ccc(N3CCC(N4CCN(C)CC4)CC3)c(OC)c2)nc1NC1CCOCC1,0.002891989
O=c1cc(O)c(Cl)c[nH]1,0.005345469
C[C@@H]1C(=O)O[C@H]2C[C@@]34[C@H]5C[C@@H](C(C)(C)C)[C@]36[C@@H](OC(=O)[C@@H]6O)O[C@@]4(C(=O)O5)[C@]21O,0.002716291
C[C@@H]1C(=O)O[C@H]2[C@H](O)[C@@]34[C@H]5C[C@@H](C(C)(C)C)[C@]36[C@@H](OC(=O)[C@@H]6O)O[C@@]4(C(=O)O5)[C@@]12O,0.0022796972
CC(C)=CCC[C@](C)(O[C@@H]1O[C@H](CO)[C@@H](O)[C@H](O)[C@H]1O)[C@H]1CC[C@]2(C)[C@@H]1[C@H](O)C[C@@H]1[C@@]3(C)CC[C@H](O)C(C)(C)[C@@H]3CC[C@]12C,0.0022885099
CC(C)=CCC[C@@](C)(O[C@@H]1O[C@H](CO)[C@@H](O)[C@H](O)[C@H]1O)[C@H]1CC[C@]2(C)[C@@H]1[C@H](O)C[C@@H]1[C@@]3(C)CC[C@H](O[C@@H]4O[C@H](CO)[C@@H](O)[C@H](O)[C@H]4O[C@@H]4O[C@H](CO)[C@@H](O)[C@H](O)[C@H]4O)C(C)(C)[C@@H]3CC[C@]12C,0.06508458
CC(C)=CCC[C@](C)(O[C@@H]1O[C@H](CO)[C@@H](O)[C@H](O)[C@H]1O)[C@H]1CC[C@]2(C)[C@@H]1[C@H](O)C[C@@H]1[C@@]3(C)CC[C@H](O)C(C)(C)[C@@H]3[C@@H](O[C@@H]3O[C@H](CO)[C@@H](O)[C@H](O)[C@H]3O[C@@H]3O[C@@H](C)[C@H](O)[C@@H](O)[C@H]3O)C[C@]12C,0.023094783
CC(C)=CCC[C@@](C)(O)[C@H]1CC[C@]2(C)[C@@H]1[C@H](O)C[C@@H]1[C@@]3(C)CC[C@H](O[C@@H]4O[C@H](CO)[C@@H](O)[C@H](O)[C@H]4O[C@@H]4O[C@H](CO)[C@@H](O)[C@H](O)[C@H]4O)C(C)(C)[C@@H]3CC[C@]12C,0.056422338
CCN(CC)Cc1ccc2cc(COC(=O)Nc3ccc(C(=O)NO)cc3)ccc2c1,0.00010278347
COC[C@H](C)Oc1cc(O[C@@H](C)Cc2ccccc2)cc(C(=O)Nc2ccc(C(=O)O)cn2)c1,0.21279179
CN(C)c1cccc(-c2c3c(=O)n(-c4ccccc4Cl)[nH]c3cc(=O)n2C)c1,0.00029049994
C(#Cc1nc2ncccc2nc1OCCN1CCCC1)c1ccccc1,0.00036011718
O=C(OC[C@H](O)CO)c1ccccc1Nc1ccnc2cc(Cl)ccc12,0.0038747557
CN1CC[C@@H](NC(=O)Nc2ccc(C#N)cc2)C[C@@H]1c1nc2ccccc2[nH]1,2.5496015e-06
CC(C)(C)[C@@H]1NC(=O)O[C@@H]2CCC[C@H]2OC/C=C/C(F)(F)c2nc3ccccc3nc2O[C@@H]2C[C@@H](C(=O)N[C@]3(C(=O)NS(=O)(=O)C4(C)CC4)C[C@H]3C(F)F)N(C2)C1=O,0.00037181782
COCCNCc1ccc(-c2cc3nccc(Oc4ccc(NC(=S)NC(=O)Cc5ccc(F)cc5)cc4F)c3s2)nc1,0.005417621
Cc1ccc(S(=O)(=O)NC(=O)NN2C[C@H]3CCC[C@@H]3C2)cc1,0.0012055741
CCC1=C(C)CN(C(=O)NCCc2ccc(S(=O)(=O)NC(=O)N[C@H]3CC[C@H](C)CC3)cc2)C1=O,0.7545307
Cc1cnc(C(=O)NCCc2ccc(S(=O)(=O)NC(=O)NC3CCCCC3)cc2)cn1,8.4505074e-05
COc1ccc2c(c1)C(=O)N(CCc1ccc(S(=O)(=O)NC(=O)NC3CCCCC3)cc1)C(=O)C2(C)C,0.010072156
COc1ccc2c3c1O[C@H]1C[C@@H](OC(=O)c4ccccc4)C=C[C@@]31CCN(C)C2,0.94369555
COc1ccc(S(=O)(=O)N[C@@H](CNc2nc(C)nc(N3CCC(c4ccc5c(n4)NCCC5)CC3)c2C)C(=O)O)cc1,0.05054485
CN1C(=O)N(c2ccc(C#N)c(C(F)(F)F)c2)C(=O)[C@@]1(CO)c1ccccc1,0.06392235
CN1C(=O)N(c2ccc(C#N)c(C(F)(F)F)c2)C(=O)[C@]1(CO)c1ccccc1,0.045406383
CC1(C)Cc2c(sc(NC(=O)c3cc[nH]n3)c2C(N)=O)C(C)(C)O1,0.09245144
O=C(O)[C@@H](O)[C@@H](O)[C@H](O)[C@@H](O)C(=O)O,9.0898386e-05
O=C1O[C@@H](CO)[C@H](O)[C@@H](O)[C@@H]1O,0.001285636
N[C@@H]1[C@@H](O)[C@H](O)[C@@H](CO)O[C@H]1O,0.0041163047
N[C@@H](CCC(=O)N[C@@H](CS)C(=O)NCC(=O)O)C(=O)O,0.05141054
CC(C)OC(=O)CNC(=O)[C@H](CS)NC(=O)CC[C@H](N)C(=O)O,0.00020506242
NCC(=O)N[C@@H](CCC(N)=O)C(=O)O,0.0024627082
COc1ccc(Cl)cc1C(=O)NCCc1ccc(S(=O)(=O)NC(=O)NC2CCCCC2)cc1,0.0055181296
CCCCCCCCCCCC(=O)OC[C@@H](O)CO,0.00061614625
O=C(CCCc1ccccc1)OCC(COC(=O)CCCc1ccccc1)OC(=O)CCCc1ccccc1,8.665951e-06
COc1cc2c(=O)c(-c3ccc(O)cc3)coc2cc1O,0.0028346921
C[N+]1(C)CC[C@H](OC(=O)[C@](O)(c2ccccc2)C2CCCC2)C1,0.009177788
CCC(C)(C)C(=O)C(=O)N1CCC[C@H]1C(=O)O,0.011459961
N#CN/C(=N\c1ccncc1)NCCCCCCOc1ccc(Cl)cc1,9.0908965e-05
CCNc1nc(Nc2cc(F)c(C(=O)N3CCOCC3)cc2OC)ncc1C(F)(F)F,0.22799358
NC(=O)c1cccc(-c2cc(Nc3ccc(OC(F)(F)F)cc3)ncn2)c1,0.023411063
O=C(NCCO)c1cccc(-c2cc(Nc3ccc(OC(F)(F)F)cc3)ncn2)c1,0.0034903998
Cc1ccc(NC(=O)Nc2cc(C(F)(F)F)ccc2F)cc1Nc1ccc2c(c1)NC(=O)/C2=C\c1ccc[nH]1,0.3903877
Cc1ccc(Nc2ncc3c(n2)N(C)C(=O)N(c2cc(NC(=O)c4cccc(C(F)(F)F)c4)ccc2C)C3)cn1,0.5287715
N=C(N)Nc1ccc2[nH]c3c(c2c1)C[C@@]1(O)[C@H]2Cc4ccc(O)c5c4[C@@]1(CCN2CC1CC1)[C@H]3O5,0.05737734
COc1ccc2c(c1)c(C1=C(c3c[nH]c4ccccc34)C(=O)NC1=O)cn2CCCN(C)C,0.79479873
Fc1cc(F)c2c(c1)[C@H]1C=CC[C@H]1[C@@H](c1cccnc1)N2,3.6826248e-05
CN1CCN(C2CCN(C(=O)Nc3cc(Oc4ccc(NC(=O)C5(C(=O)Nc6ccc(F)cc6)CC5)c(F)c4)ccn3)CC2)CC1,0.043813094
CC(C)C[C@H](NC(=O)CNC(=O)[C@H](Cc1ccc(O)cc1)NC(=O)[C@H](CO)NC(=O)[C@H](Cc1c[nH]c2ccccc12)NC(=O)[C@H](Cc1cnc[nH]1)NC(=O)[C@@H]1CCC(=O)N1)C(=O)N[C@@H](CCCNC(=N)N)C(=O)N1CCC[C@H]1C(=O)NCC(N)=O,0.1275958
CC(C)C[C@H](NC(=O)[C@@H](COC(C)(C)C)NC(=O)[C@H](Cc1ccc(O)cc1)NC(=O)[C@H](CO)NC(=O)[C@H](Cc1c[nH]c2ccccc12)NC(=O)[C@H](Cc1cnc[nH]1)NC(=O)[C@@H]1CCC(=O)N1)C(=O)N[C@@H](CCCNC(=N)N)C(=O)N1CCC[C@H]1C(=O)NNC(N)=O,0.045154575
Cc1cc2c(C(C)C)c(O)c(O)c(C=O)c2c(O)c1-c1c(C)cc2c(C(C)C)c(O)c(O)c(C=O)c2c1O,0.011154381
O=C1COc2nccc(-c3ccccc3F)c2CN1Cc1cc(C(F)(F)F)cc(C(F)(F)F)c1,0.0019271474
CCC(C)(C)C(=O)C(=O)N1CCC[C@H]1C(=O)OCCCc1cccnc1,7.684398e-05
O=C(N[C@@H]1Cc2ccccc2N(C[C@@H](O)CO)C1=O)c1cc2cc(Cl)sc2[nH]1,0.01345442
O=C(CCCCCCCn1cc(-c2cccnc2)nn1)Nc1ccccc1-c1ccccc1,0.22206001
Cc1cc(OCc2nc(-c3ccccc3Cl)cs2)ccc1OCC(=O)O,0.0005683083
Cc1ccc2c(c1)Cc1c(C(=O)NN3CCCCC3)nn(-c3ccc(Cl)cc3Cl)c1-2,0.00094355637
Cc1ccc2c(c1)Cc1c(C(=O)NC3CCCCC3)nn(-c3ccc(Cl)cc3Cl)c1-2,0.0007992199
COc1ccccc1N1CCN(CCCCNC(=O)c2ccc(-c3ccc(C(C)=O)cc3)cc2)CC1,0.004927801
Cn1cc(C(=O)OCC2CCN(CCNS(C)(=O)=O)CC2)c2ccccc21,0.5014026
COc1ccc(NC(=O)c2ccc(-c3ccc(-c4noc(C)n4)cc3C)cc2)cc1N1CCN(C)CC1,5.1127165e-05
COC(=O)Nc1ccc2[nH]cc(CCNC(C)=O)c2c1,0.15387711
N=C(N)c1ccc(N2CCN(C3CCN(CC(=O)O)CC3)CC2)cc1,2.9795498e-05
COC1(C[S@@](=O)c2ccccc2)CCN(CCc2c[nH]c3ccc(F)cc23)CC1,0.09061287
CC=C1C(=O)C[C@H]2[C@@H]3CCC4=CC(=O)CC[C@]4(C)[C@H]3CC[C@]12C,7.3781007e-06
OC[C@H]1O[C@@H](n2cnc3c(N[C@H]4CCC[C@@H]4O)ncnc32)[C@H](O)[C@@H]1O,0.7539857
CC(C)C[C@@H](NC(=O)[C@H](C)NC(=O)CNC(=O)[C@@H](NC=O)C(C)C)C(=O)N[C@@H](C)C(=O)N[C@@H](C(=O)N[C@H](C(=O)N[C@@H](C(=O)N[C@@H](Cc1c[nH]c2ccccc12)C(=O)N[C@H](CC(C)C)C(=O)N[C@@H](Cc1c[nH]c2ccccc12)C(=O)N[C@H](CC(C)C)C(=O)N[C@@H](Cc1c[nH]c2ccccc12)C(=O)N[C@H](CC(C)C)C(=O)N[C@@H](Cc1c[nH]c2ccccc12)C(=O)NCCO)C(C)C)C(C)C)C(C)C,0.15449627
CN(C)Cc1c[nH]c2ccccc12,0.0009922326
CN1[C@@H]2CCC[C@H]1C[C@@H](NC(=O)c1nn(C)c3ccccc13)C2,3.1187333e-06
CCc1nc2c(C)nc(C)cc2n1-c1ccc(CCNC(=O)NS(=O)(=O)c2ccc(C)cc2)cc1,0.0006135096
C=C[C@@H]1C[C@]1(NC(=O)[C@@H]1C[C@@H]2CN1C(=O)[C@H](C(C)(C)C)NC(=O)O[C@@H]1C[C@H]1CCCCCc1nc3ccc(OC)cc3nc1O2)C(=O)NS(=O)(=O)C1CC1,1.4539473e-06
COC1=CC(=O)C[C@@H](C)[C@]12Oc1c(Cl)c(OC)cc(OC)c1C2=O,0.0003431225
COc1[nH]c2ccc(F)cc2c1C(=O)OCC1CCN(CCNS(C)(=O)=O)CC1,0.97710115
COc1ccc(CNC(=O)/C=C/c2ccc3[nH]cc(CCN(C)C)c3c2)cc1,0.05491631
O=C(O)c1ccc(N2N=C(Cc3ccccc3)/C(=C\c3ccc(-c4ccccc4F)o3)C2=O)cc1,0.039383404
CSc1nc(NC2CCCC2)c([N+](=O)[O-])c(NC2CCCC2)n1,0.14741984
CCCn1c(=O)c2[nH]c(-c3cnn(Cc4cccc(C(F)(F)F)c4)c3)nc2n(CC)c1=O,0.35741815
CCCCOc1nc(N)c2c(n1)N(Cc1cccc(CN3CCCC3)c1)CC(=O)N2,0.03890445
FC(F)(F)Oc1ccc(-c2ccc3nnc(C(F)(F)F)n3c2)cc1,0.010032791
c1cn2cc(-c3ccc4c[nH]nc4c3)nc(Nc3ccc(N4CCOCC4)cc3)c2n1,0.0013283656
O=C(O)CCNc1cc(N2CCc3ccccc3CC2)nc(-c2ccccn2)n1,0.054480895
O=C(O)CCNc1cc(N2CCc3ccccc3CC2)nc(-c2cccnc2)n1,0.03205188
CCOC(=O)CCNc1cc(N2CCc3ccccc3CC2)nc(-c2ccccn2)n1,0.14722244
CCOC(=O)CCNc1cc(N2CCc3ccccc3CC2)nc(-c2cccnc2)n1,0.080922596
c1ccc([C@@H]2C[C@H]2NC2CCNCC2)cc1,5.7445836e-06
O=C1Nc2cc(Br)ccc2/C1=C1Nc2ccccc2C/1=N/O,0.99410737
COC(=O)c1sccc1S(=O)(=O)Nc1ccc(Nc2ccccc2)cc1OC,0.0031380483
O=C1NC(=O)/C(=C/c2ccc3nccc(-c4ccncc4)c3c2)S1,0.7455309
CCn1cc(-c2ccnc3[nH]c(-c4cccc(CN(C)C)c4)cc23)c(-c2ccc(NC(=O)N(C)C)cc2)n1,0.11972428
CC(C)c1noc(N2CCC(COc3ccc(-c4ccc(S(C)(=O)=O)cc4)nc3)CC2)n1,0.001465611
CN(C(=O)CN1C(=O)COc2cc(Cl)c(Cl)cc21)[C@@H](CN1CCCC1)c1ccc(-c2cccc(C(N)=O)c2)cc1,0.8968102
Cc1ccc2c(N3CCN(CCc4cccc(N5CCNC5=O)c4)CC3)cccc2n1,0.024698488
CNC(=O)c1c(F)cccc1Nc1nc(Nc2cc3c(cc2OC)CCN3C(=O)CN(C)C)nc2[nH]ccc12,0.034967326
CNC(=O)c1ccc(Oc2ccc3c(c2)CCN(C2CCC2)CC3)nc1,4.514957e-05
CCc1cc(Nc2nccc(-c3c(-c4ccc(OC)c(C(=O)Nc5c(F)cccc5F)c4)nc4ccccn34)n2)c(OC)cc1N1CCC(N2CCN(S(C)(=O)=O)CC2)CC1,0.1750627
Cn1ncc(Cl)c1-c1cc(C(=O)N[C@H](CN)Cc2cccc(F)c2)sc1Cl,0.0038271185
COc1ncc(-c2ccc3nccc(-c4ccnnc4)c3c2)cc1NS(=O)(=O)c1ccc(F)cc1F,0.18320616
CCOc1ccc(-c2ccc(Cn3c(CC(C)(C)C(=O)O)c(SC(C)(C)C)c4cc(OCc5ccc(C)cn5)ccc43)cc2)cn1,0.49020034
O=C(NC1(c2ccccc2)CC1)c1c(CN2CCC(N3CCCCC3)CC2)c(-c2cccc(C(F)(F)F)c2)nc2cc(Br)ccc12,0.0061946544
O=C(C1CC1)N1CC[C@@H](Cc2n[nH]c(=O)n2-c2ccc(-c3ccc4occc4c3)cc2)C1,0.84039426
COc1cccc2c1c(NS(=O)(=O)c1ccc(Cl)s1)nn2Cc1cccc(CNC(=O)C(C)(C)O)c1,0.0036245822
CONC(=O)c1ccccc1Nc1cc(Nc2cc(C)nn2C(C)C)ncc1Cl,0.022353414
CNc1nc(C)nc(N[C@H]2CCC[C@@H](C(=O)NCc3ccc(C#N)cc3C(F)(F)F)C2)n1,0.5474701
CCCC[C@]1(CC)CS(=O)(=O)c2cc(CNC(CC(=O)O)CC(=O)O)c(OC)cc2[C@@H](c2ccccc2)N1,0.031303674
CNc1nc(-c2ccc3c(N)[nH]nc3c2)cc(N2C[C@@H](C(=O)NC3CCCCC3)CC[C@H]2C)n1,6.387737e-05
O=C1CCCN1c1ccc(Oc2ccc3c(c2)CCN(C2CCC2)CC3)nc1,9.805741e-05
COc1cccc(Nc2c(C(N)=O)cnc3c(C)cc(S(=O)(=O)c4cccc(C(=O)N(C)C)c4)cc23)c1,0.5418164
O=C(Nc1cccnc1)c1cc(-c2ccnc(F)c2)ccc1OCc1ccccc1,0.0030811233
Cn1cc(-c2ccc3c(c2)CCN3C(=O)Cc2cccc(C(F)(F)F)c2)c2c(N)ncnc21,0.4728684
Cc1c(Cn2c(C)nc3c(C(=O)O)cc(N4CCOCC4)cc32)cccc1C(F)(F)F,0.7074465
Cc1cccc(CC(=O)N2CCc3c2ccc(-c2cn(C)c4ncnc(N)c24)c3F)n1,0.6558786
CCn1c(-c2nonc2N)nc2cnc(Oc3cccc(NC(=O)c4ccc(OCCN5CCOCC5)cc4)c3)cc21,0.0429749
CCCOc1ccn2c(C(C)=O)cc(-c3ccccc3S(C)(=O)=O)c2c1,0.085470416
CC[C@H](C)n1cc(C)c2c(C(=O)NCc3c(C)cc(C)[nH]c3=O)cc(-c3ccc(N4CCNCC4)nc3)cc21,0.12055117
Cc1ncc(Cl)cc1NCc1ccc(C(=O)N[C@@H](CC2CCCC2)C(=O)NC2CC2)s1,0.6137307
COc1ncc(-c2ccc3c(Nc4cc(Oc5cc(F)cc(F)c5)cc(C(=O)O)c4)c(S(=O)(=O)NC4CC4)cnc3c2)c(OC)n1,0.037198514
CC(C)C1=C2[C@H]3CC[C@@H]4[C@@]5(C)CC[C@H](OC(=O)CC(C)(C)C(=O)O)C(C)(C)[C@@H]5CC[C@@]4(C)[C@]3(C)CC[C@@]2([C@@H](O)CN(CCN(C)C)Cc2ccc(Cl)cc2)CC1=O,0.56998336
O=C(O)c1ccc(CN2CCC(CN[C@@H]3C[C@H]3c3ccccc3)CC2)cc1,0.0020664267
C[C@H](CS(C)(=O)=O)n1ccc2c(C(F)(F)F)c(C#N)ccc21,0.12775673
CCc1ccc(N(CC(C)C)S(=O)(=O)c2ccc(OCC3CCOCC3)c(CO)c2)cc1,0.07934167
CN1C(=O)[C@@H](NC(=O)c2nc(Cc3ccccc3)n[nH]2)COc2ccccc21,0.0023380117
O=C(CCc1ccc(CN[C@H](C(=O)OC2CCCC2)C2CCCCC2)cn1)NO,0.00049500953
CCOc1cc(=O)[nH]cc1-c1ccc(CC(=O)Nc2cc(C(C)(C)C(F)(F)F)on2)c(F)c1,0.010136899
CC(=O)N1CCC(Nc2cc(C(=O)NC[C@H](O)CN3CCc4ccccc4C3)ncn2)CC1,0.012547154
CCn1ncc2c(NC3CCOCC3)c(-c3nnc(Cc4sc(C)nc4C)o3)cnc21,0.61985075
CC(C)(C)NCc1ccc(Nc2ccnc3cc(Cl)ccc23)cc1O,0.0017492633
COc1ccc(S(=O)(=O)Nc2c(C)cc(C)cc2C)cc1,0.0019361574
O=C(NCCS(=O)(=O)c1ccc(C(F)(F)F)cn1)c1ccc(Cl)cc1,0.02609861
CC1=C(C(=O)Nc2cc3c[nH]nc3cc2F)[C@H](c2ccc(C(F)(F)F)cc2)CC(=O)N1,0.002222895
C[C@@H](Oc1cc(-n2cnc3ccc(CN4CCN(C)CC4)cc32)sc1C(N)=O)c1ccccc1C(F)(F)F,0.0003079685
Cc1cc(C)c(CNC(=O)c2cc(-c3ccc(N4CCN(C)CC4)nc3)cc3c2c(C)cn3C(C)C)c(=O)[nH]1,0.14284195
O=C(O)c1ccc(-c2c[nH]c3ncc(-c4ccccc4)cc23)cc1C1CCCC1,0.017121632
NC[C@H]1OB(O)c2c(OCCO)ccc(Cl)c21,0.88009787
CCn1c(-c2nonc2N)nc2c(C#CC(C)(C)O)ncc(OC[C@H]3CCCNC3)c21,0.9296183
O=S(=O)(Cc1ccccc1)Nc1ccc(-c2ccc3c(cnn3-c3ccc(F)cc3)c2)c(C(F)(F)F)c1,0.0054193507
CC(C)Oc1ccc(C(=O)N[C@H](CNC(=O)CN(C)C)Cc2ccc(-c3cn4cccc([C@H](C)O)c4n3)cc2)cc1Cl,0.011898405
c1ccc(-c2[nH]nc3c2oc2ccccc23)cc1,0.00063984236
COc1ccc(/C=C2\CCCN=C2c2cccnc2)c(OC)c1,9.024509e-05
COc1ccccc1OC(=O)c1ccccc1OC(C)=O,0.047873385
Nc1ncn([C@H]2C[C@H](OP(=O)(O)OC[C@H]3O[C@@H](n4cnc5c(=O)nc(N)[nH]c54)C[C@@H]3O)[C@@H](CO)O2)c(=O)n1,0.9999808
COc1ccccc1O,0.0003859942
COc1ccccc1OC[C@@H](O)CO,0.00019035052
N=C(N)N/N=C/c1c(Cl)cccc1Cl,0.00058606704
N=C(N)NC[C@H]1COC2(CCCCC2)O1,0.007004515
CCC(C)(C)NC(=N)NC#N,1.4625944e-05
N=C(N)NCCN1CCCCCCC1,4.576884e-05
N=C(N)NC(=O)Cc1c(Cl)cccc1Cl,0.9630674
N=C(N)N,0.14683078
N=C(N)NCCSSCCNC(=N)N,0.00015337845
N=C(N)NCCC(=O)O,0.00019771783
Nc1nc(=O)c2ncn([C@@H]3O[C@H](CO)[C@@H](O)[C@H]3O)c2[nH]1,0.051924657
CSc1nc2ccc3nc(NC(=O)C(c4ccccc4)c4ccccc4)sc3c2s1,0.0032214138
O=C(O)C1=CCCNC1,0.033572685
Cc1cc(SCc2sc(-c3ccc(C(F)(F)F)c(F)c3)nc2C)ccc1OCC(=O)O,0.0021284139
CCOC(=O)c1ccc(-n2cc(Cc3cnc(OCC)nc3)c(=O)nc2SCc2ccc(F)cc2)cc1,6.7178604e-05
CN(CCOc1ccc(C[C@H](Nc2ccccc2C(=O)c2ccccc2)C(=O)O)cc1)c1ccccn1,0.0007938573
COc1ccc(COc2ccc(Cc3cnc(N)nc3N)cc2OC)cc1,0.38873538
CC(C)[C@@H]1C(=O)N(S(C)(=O)=O)[C@@H]2CCN(C(=O)/C=C/CN3CCCCC3)[C@H]21,0.00052570057
O=C(O)Cc1cccc(OCCCN(Cc2cccc(C(F)(F)F)c2Cl)CC(c2ccccc2)c2ccccc2)c1,0.03272449
COc1ccc2c(c1)c(CCN1CCOCC1)c(C)n2C(=O)c1cccc(Cl)c1Cl,0.0019133468
CC(C)c1onc(-c2c(Cl)cccc2Cl)c1COc1ccc(/C=C/c2cccc(C(=O)O)c2)c(Cl)c1,0.094569944
O=C(Nc1nc2ccccc2n1CCc1ccccc1)c1ccccc1,0.08024888
Cn1cc(/C=C2\C(=O)Nc3cccnc32)c2ccccc21,0.0005692136
Cc1cc(SCc2sc(-c3ccc(C(F)(F)F)cc3)nc2C)ccc1OCC(=O)O,0.00093143893
O=C1Nc2ccc(I)cc2C1=Cc1cc(Br)c(O)c(Br)c1,0.26953146
COc1ccccc1NC(=O)OCC1CCN(C(=O)OC(C)(C)C)CC1,6.5467716e-06
CS(=O)(=O)CCNCc1nc(-c2ccc3ncnc(Nc4ccc(OCc5cccc(F)c5)c(Cl)c4)c3c2)cs1,0.015307879
CCOc1c2c(c(OCC)c3ccccc13)C(=O)N(c1ccc(CC(=O)NS(=O)(=O)c3ccccc3)cc1)C2,0.21553645
CCC(=O)NC[C@H](Cc1ccc(OCCc2nc(-c3ccccc3)oc2C)cc1)N/C(C)=C\C(=O)c1ccc(C(F)(F)F)cc1,0.00012903751
CC(C)(Sc1ccc(CCN(CCCCC2CCCCC2)C(=O)NC2CCCCC2)cc1)C(=O)O,0.012813703
O=C(NC1CCOCC1)c1ccc(-c2cc(-c3c[nH]nc3-c3ccccn3)ccn2)cc1,0.07275178
COc1cc(-n2cnc3cc(-c4ccc(Cl)cc4)sc3c2=O)ccc1OCCN1CCCC1,0.0011309508
O=C(NCC1CCOCC1)c1cnc(Nc2ccc(Cl)cc2Cl)nc1C(F)(F)F,0.7563095
COc1cc2ncn(-c3cc(OCc4ccccc4C(F)(F)F)c(C(N)=O)s3)c2cc1OC,5.1634826e-05
O=C(O)CCc1ccc(NCc2cccc(Oc3ccccc3)c2)cc1,0.18533638
O=C(Nc1ccccc1)c1cc([N+](=O)[O-])ccc1Cl,0.009885623
CC(=N)NCCSCC[C@H](N)C(=O)O,0.0053014723
CC1=NN=C(c2ccc(N)cc2)c2cc3c(cc2C1)OCO3,0.0011918724
CC(C)=CCC[C@](C)(O[C@@H]1O[C@H](CO[C@@H]2OC[C@@H](O)[C@H](O)[C@H]2O)[C@@H](O)[C@H](O)[C@H]1O)[C@H]1CC[C@]2(C)[C@@H]1[C@H](O)C[C@@H]1[C@@]3(C)CC[C@H](O[C@@H]4O[C@H](CO)[C@@H](O)[C@H](O)[C@H]4O)C(C)(C)[C@@H]3CC[C@]12C,0.14031987
Cc1ccc(C(=O)Nc2ccc(CN3CCN(C)CC3)c(C(F)(F)F)c2)cc1C#Cc1cnc2n[nH]cc2c1,0.07500912
CS(=O)(=O)c1ccc(-c2nnc(/C=C/c3nnc(-c4ccc(C#N)cc4)o3)n2-c2ccccc2Cl)nc1,0.011713532
CCc1ccc(NC(=O)Nc2c[nH]c3ccccc23)cc1,0.00028713534
O=S(=O)(NCCNC/C=C/c1ccc(Br)cc1)c1cccc2cnccc12,0.04906833
N=C(N)NCCNS(=O)(=O)c1cccc2cnccc12,0.0050866255
O=C1S/C(=C\c2ccc(OCc3cccc(B(O)O)c3)cc2)C(=O)N1Cc1ccc(F)cc1,0.9998746
N[C@@H]1CCN(O)C1=O,0.000582057
N[C@H]1CCN(O)C1=O,0.0024665077
O=C(O)c1ccc(S(=O)(=O)N(Cl)Cl)cc1,0.003527524
CC1(C)O[C@@H]2C[C@H]3[C@@H]4CCC5=CC(=O)CC[C@]5(C)[C@@]4(F)[C@@H](O)C[C@]3(C)[C@]2(C(=O)CCl)O1,0.00016199128
CCC(=O)O[C@]1(C(=O)CCl)[C@@H](C)C[C@H]2[C@@H]3C[C@H](F)C4=CC(=O)C=C[C@]4(C)[C@@]3(F)[C@@H](O)C[C@@]21C,0.9998611
CCCCN(CCCC)CC[C@@H](O)c1cc2c(Cl)cc(Cl)cc2c2cc(C(F)(F)F)ccc12,0.024405446
O=C(C[C@H]1NCCC[C@@H]1O)Cn1cnc2cc(Br)c(Cl)cc2c1=O,0.00010189592
O=C(NCCN1CCC(n2c(=O)[nH]c3cc(Cl)ccc32)CC1)c1ccc(F)cc1,0.061193753
O=C(CCCN1CCC(O)(c2ccc(Cl)cc2)CC1)c1ccc(F)cc1,0.00027935763
CCCCCCCCCC(=O)OC1(c2ccc(Cl)cc2)CCN(CCCC(=O)c2ccc(F)cc2)CC1,0.00317876
Clc1cc(Cl)c(OCC#CI)cc1Cl,0.032421637
FC(F)(F)[C@@H](Cl)Br,4.2140408e-07
Cc1nccc2c1[nH]c1ccccc12,0.0009622346
COC(=O)C[C@](O)(CCC(C)(C)O)C(=O)O[C@@H]1C(OC)=C[C@]23CCCN2CCc2cc4c(cc2[C@H]13)OCO4,0.003993831
CCOC(=O)C1=C(N)Oc2ccc(Br)cc2[C@H]1[C@H](C#N)C(=O)OCC,0.08533549
O=C(O)CN(CCN(CC(=O)O)Cc1ccccc1O)Cc1ccccc1O,0.121893
CC(C)c1ccc(NC(=O)Cn2cnc3c2c(=O)n(C)c(=O)n3C)cc1,0.35124663
Cc1c(C(=O)Nc2cccc(C(F)(F)F)c2)cc(-c2ccccc2)n1CCCN1CCOCC1,0.017330594
Cn1c(=O)n(CCCO)c(=O)c2c1nc(Oc1cccc(Cl)c1)n2Cc1ccc(Cl)cc1,0.09644723
CCc1ccc(/C=C/C(=O)Nc2ccc(C(C)=O)cc2)o1,0.0016320297
CCCCC#Cc1nc(NC)c2ncn([C@@H]3O[C@H](CO)[C@@H](O)[C@H]3O)c2n1,0.30509925
CC1=C([C@@H](C)O)c2cc3nc(cc4[nH]c(cc5[nH]c(cc1n2)c(C)c5CCC(=O)O)c(CCC(=O)O)c4C)C([C@@H](C)O)=C3C,0.042555638
Oc1cc2c(cc1O)[C@@H]1c3ccc(O)c(O)c3OC[C@]1(O)C2,0.0028096642
C=CC1=C(C)C2=N/C1=C\c1c(C)c(CCC(=O)O)c3[n]1[Fe]([OH])[n]1/c(c(C)c(C=C)/c1=C/2)=C\C1=N/C(=C\3)C(CCC(=O)O)=C1C,0.03566171
CC(C)=CCC[C@](C)(O)[C@H]1CC[C@]2(C)[C@@H]1[C@H](O)C[C@@H]1[C@@]3(C)CC[C@H](O)C(C)(C)[C@@H]3[C@@H](O)C[C@]12C,0.0043222043
NS(=O)(=O)OCCCCCCCOS(N)(=O)=O,0.0015001078
C[C@@H](N)CCCC(C)(C)O,0.009885464
Cc1cc(Nc2ncnc3ccc(-c4ccc(CNCCS(C)(=O)=O)o4)cc23)ccc1Oc1ccn2ncnc2c1,0.004729909
CCS(=O)(=O)Nc1ccc2c(c1)/C(=C(/Nc1ccc(CN3CCCCC3)cc1)c1ccccc1)C(=O)N2,0.32058933
COc1ccc([C@@H]2CC(=O)c3c(O)cc(O)cc3O2)cc1O,0.0016587576
COc1ccc([C@@H]2CC(=O)c3c(O)cc(O[C@@H]4O[C@H](CO[C@@H]5O[C@@H](C)[C@H](O)[C@@H](O)[C@H]5O)[C@@H](O)[C@H](O)[C@H]4O)cc3O2)cc1O,0.0002457532
CC1(C)S[C@@H]2[C@H](N3C(=O)[C@@H](c4ccccc4)NC3(C)C)C(=O)N2[C@H]1C(=O)O,0.98980063
Oc1c(Cl)cc(Cl)c(Cl)c1Cc1c(O)c(Cl)cc(Cl)c1Cl,0.016589101
C[N+](C)(C)CCCCCC[N+](C)(C)C,1.0422577e-06
CC(=O)NCCCCCCNC(C)=O,0.0028568425
CCCCCCOC(=O)CCC(=O)CN,6.964419e-05
O=P(O)(O)O[C@H]1[C@H](OP(=O)(O)O)[C@@H](OP(=O)(O)O)[C@H](OP(=O)(O)O)[C@@H](OP(=O)(O)O)[C@H]1OP(=O)(O)O,0.9976169
CC[C@H](c1ccc(O)cc1)[C@@H](CC)c1ccc(O)cc1,0.007467238
CCCC[C@@H](CC)CN1CN(C[C@@H](CC)CCCC)C[C@@](C)(N)C1,0.34014657
O=C(O)[C@H](O)[C@H](O)[C@H](O)[C@H](O)CO,0.025403881
Oc1ccc([C@H](O)CNCCCCCCNC[C@H](O)c2ccc(O)c(O)c2)cc1O,0.14268242
C[C@@H](CNC1CCCCC1)OC(=O)c1ccccc1,1.4126765e-05
C[C@@H](O)CC(C)(C)O,0.00090690696
Oc1ccc(C[C@H]2NCCc3cc(O)c(O)cc32)cc1,0.0011076423
O=C(O)CNC(=O)c1ccccc1,5.291313e-06
NCCc1cnc[nH]1,0.0014720004
Cc1cc(C)c(S(=O)(=O)n2cc(C)cc2C)c(C)c1,0.00030938722
CCOc1cc2ncc(C#N)c(Nc3ccc(OCc4cccc(F)c4)c(Cl)c3)c2cc1NC(=O)/C=C/CN(C)C,0.003305415
CCn1c2ccccc2c2cc(CNCc3ccccc3OC)ccc21,0.0011314604
COc1cc2c(cc1OC)CN(CCc1ccc(-n3nnc(-c4cc(OC)c(OC)cc4NC(=O)c4cc(=O)c5ccccc5o4)n3)cc1)CC2,1.6578391e-05
COc1ccc(S(=O)(=O)N(C(C)=O)c2ccccc2/C=C/c2cc[n+]([O-])cc2)cc1,0.016124405
CC(C)(C)NC[C@H](O)c1ccc(O)cc1Cl,0.0010114778
CC[n+]1c(-c2ccccc2)c2cc(N)ccc2c2ccc(N)cc21,0.00060552836
CN1CCCN([C@@H](c2ccccc2)c2ccc(Cl)cc2)CC1,8.337311e-05
COC(=O)C[C@](O)(CCCC(C)(C)O)C(=O)O[C@@H]1C(OC)=C[C@]23CCCN2CCc2cc4c(cc2[C@H]13)OCO4,0.0032888253
O=C(O)Cc1cccnc1C(=O)O,0.15633634
C[C@H]1C[C@H](OC(=O)c2ccccc2O)CC(C)(C)C1,0.06497727
COc1ccc(CCN)cc1OC,0.00043917846
C=CCc1ccc(O)c(-c2ccc(O)c(CC=C)c2)c1,0.00035602195
CN(C)CCc1ccc(O)cc1,0.000828694
CCCC[C@H](NC(C)=O)C(=O)N[C@@H](CCC(N)=O)C(=O)N[C@@H](Cc1c[nH]cn1)C(=O)N[C@H](Cc1ccccc1)C(=O)N[C@@H](CCCNC(=N)N)C(=O)N[C@H](Cc1c[nH]c2ccccc12)C(=O)NCC(N)=O,0.054625742
CC(C)(O)c1nc(-c2cccc(CNC(=O)c3cnc(-c4ccccn4)nc3)c2)no1,0.00064801465
CCCCCCO[C@H](C)c1c(C)c2cc3nc(c4c5[nH]c(cc6nc(cc1[nH]2)C(C)=C6CC)c(C)c5C(=O)C4)[C@@H](CCC(=O)O)[C@@H]3C,0.051885106
CCC(C)(C)C(=O)O,0.0011644745
O=C(Nc1nnn[nH]1)c1cncc(N2CCCC2)n1,0.0004243877
O=C1/C(=N\c2cccc(C(F)(F)F)c2)c2ccccc2N1c1ccccc1,0.29624006
Cc1nc(Nc2cnn(C3CCNCC3)c2)nc2c1N(C)C(=O)c1cc3ccccc3cc1N2C,0.4336624
CCCCCCOc1cc(C)c(O)c(C)c1C,0.00014696746
C[C@@H](CCCCC(=O)Nc1ccc(C(F)(F)F)cc1)NCCc1cnc[nH]1,0.006342238
C/C=C1\[C@H]2C=C(C)C[C@]1(N)c1ccc(=O)[nH]c1C2,0.0030236319
CC(=O)N[C@@H]1C[C@H](O)[C@@H](CO)O[C@H]1O[C@H]1[C@H](O)[C@@H](O)[C@H](O)O[C@@H]1C(=O)O,0.00021433299
CCN(CC)CCNc1ccc(CO)c2sc3ccccc3c(=O)c12,3.217435e-05
NNc1nncc2ccccc12,0.00021582961
COc1ccc2c(c1OC)C(=O)O[C@@H]2[C@H]1c2cc3c(cc2CCN1C)OCO3,0.0009069287
C[N+]1=Cc2cc3c(cc2CC1)OCO3,2.1405718e-05
NS(=O)(=O)c1cc2c(cc1Cl)NCNS2(=O)=O,0.73460925
C[C@]12CCC(=O)C=C1CC[C@@H]1[C@@H]2[C@@H](O)C[C@@]2(C)[C@H]1CC[C@]2(O)C(=O)CO,3.730239e-05
CC(=O)OCC(=O)[C@@]1(O)CC[C@H]2[C@@H]3CCC4=CC(=O)CC[C@]4(C)[C@H]3[C@@H](O)C[C@@]21C,1.10930605e-05
CCCC(=O)O[C@]1(C(=O)CO)CC[C@H]2[C@@H]3CCC4=CC(=O)CC[C@]4(C)[C@H]3[C@@H](O)C[C@@]21C,0.014173398
C[C@]12CCC(=O)C=C1CC[C@@H]1[C@@H]2[C@@H](O)C[C@@]2(C)[C@H]1CC[C@]2(O)C(=O)COC(=O)CCC(=O)O,0.0077533578
C[C@@]12CCC(=O)C=C1CC[C@@H]1[C@@H]2[C@@H](O)C[C@]2(C)[C@H]1CC[C@]2(O)C(=O)COP(=O)(O)O,0.00017716628
CCCCC(=O)O[C@]1(C(=O)CO)CC[C@H]2[C@@H]3CCC4=CC(=O)CC[C@]4(C)[C@H]3[C@@H](O)C[C@@]21C,0.00032858364
NS(=O)(=O)c1cc2c(cc1C(F)(F)F)NCNS2(=O)=O,0.42551664
CC[C@H]1C[N@@]2CC[C@H]1C[C@@H]2[C@@H](O)c1ccnc2ccc(OC)cc12,0.008209087
Oc1ccc(O)cc1,0.0011067447
C/C1=C2/[N]([Co+][OH])[C@H]([C@H](CC(N)=O)[C@@]2(C)CCC(=O)NC[C@@H](C)OP(=O)(O)O[C@H]2[C@@H](O)[C@@H](n3cnc4cc(C)c(C)cc43)O[C@@H]2CO)[C@]2(C)N=C(/C(C)=C3\N=C(/C=C4/N=C1[C@@H](CCC(N)=O)C4(C)C)[C@@H](CCC(N)=O)[C@]3(C)CC(N)=O)[C@@H](CCC(N)=O)[C@]2(C)CC(N)=O,0.032829694
C[C@@H](N)Cc1ccc(O)cc1,0.0012846226
CCN(CCO)CCCC(C)Nc1ccnc2cc(Cl)ccc12,2.9190862e-05
O=c1[nH]ccc2c(S(=O)(=O)N3CCCNCC3)cccc12,0.0003212864
CC(=O)[C@@]1(O)CC[C@H]2[C@@H]3CCC4=CC(=O)CC[C@]4(C)[C@H]3CC[C@@]21C,4.309124e-06
CC(=O)O[C@]1(C(C)=O)CC[C@H]2[C@@H]3CCC4=CC(=O)CC[C@]4(C)[C@H]3CC[C@@]21C,3.9926467e-06
C[C@@H](O)COC[C@H]1O[C@@H]2O[C@H]3[C@H](O)[C@@H](O)[C@@H](O[C@H]4[C@H](O)[C@@H](O)[C@@H](O[C@H]5[C@H](O)[C@@H](O)[C@@H](O[C@H]6[C@H](O)[C@@H](O)[C@@H](O[C@H]7[C@H](O)[C@@H](O)[C@@H](O[C@H]8[C@H](O)[C@@H](O)[C@@H](O[C@H]1[C@H](O)[C@H]2O)O[C@@H]8COC[C@@H](C)O)O[C@@H]7COC[C@@H](C)O)O[C@@H]6COC[C@@H](C)O)O[C@@H]5COC[C@@H](C)O)O[C@@H]4COC[C@@H](C)O)O[C@@H]3COC[C@@H](C)O,0.00500069
O=C(/C=C/c1ccc(O)cc1)[C@H]1C(=O)[C@H]([C@@H]2O[C@H](CO)[C@@H](O)[C@H](O)[C@H]2O)C(=O)[C@@](O)([C@@H]2O[C@H](CO)[C@@H](O)[C@H](O)[C@H]2O)C1=O,0.00124286
N=C(N)c1ccc(/C=C/c2ccc(C(=N)N)cc2O)cc1,0.012396728
Nc1c2c(nc3ccccc13)CCC[C@@H]2O,0.0016311505
Cc1cccc(C(=O)O)c1O,0.0018612577
NC(=O)NO,0.0013781309
OCCOCCN1CCN([C@@H](c2ccccc2)c2ccc(Cl)cc2)CC1,0.0005098486
CN[C@H]1C[C@@H](N)[C@H](O)[C@@H](O[C@@H]2O[C@H](CO)[C@H](O)[C@@H]3O[C@@]4(O[C@H]23)O[C@H]([C@@H](N)CO)[C@H](O)[C@H](O)[C@H]4O)[C@@H]1O,0.68795586
Cc1cc(=O)oc2cc(O)ccc12,0.0034287437
C[C@H](CCC(=O)O)[C@H]1CC[C@H]2[C@@H]3C[C@H](O)[C@@H]4C[C@H](O)CC[C@]4(C)[C@H]3CC[C@]12C,9.960556e-06
CN1[C@@H]2CC[C@H]1C[C@@H](OC(=O)[C@H](CO)c1ccccc1)C2,4.3712356e-05
Cc1cc(O)c2c(=O)c3c(O)cc(O)c4c5c(O)cc(O)c6c(=O)c7c(O)cc(C)c8c1c2c(c34)c(c78)c65,8.640442e-08
O=c1c(O[C@@H]2O[C@H](CO)[C@@H](O)[C@H](O)[C@@H]2O)c(-c2ccc(O)c(O)c2)oc2cc(O)cc(O)c12,0.0015983369
C=C1C(=O)C[C@H]2C[C@@H]3O[C@@]3(C)CC[C@@H]3O[C@@]3(C)C[C@@H](OC(C)=O)[C@H]1C2(C)C,4.0254903e-07
O=c1nc[nH]c2nc[nH]c12,0.04520844
O=C(O)c1ccc2c(c1)C(=O)N(c1cccc(Oc3ccc([N+](=O)[O-])cc3)c1)C2=O,0.011994731
CCNC(=O)C[C@@H]1N=C(c2ccc(Cl)cc2)c2cc(OC)ccc2-n2c(C)nnc21,0.0002794543
COc1cc2c(cc1-c1c(C)noc1C)ncc1[nH]c(=O)n([C@H](C)c3ccccn3)c12,0.008360141
CCn1cc(-c2cccc(C(F)(F)F)c2)c2sc(C(=N)NC3CCS(=O)(=O)CC3)cc2c1=O,0.0007970671
CCN(CC)CCNC(=O)c1ccc(I)cc1,5.7565927e-07
CCN(CC)CCNC(=O)c1ccccc1I,4.0605732e-07
CCC(=O)N1CCOc2c(cc(-c3ccc(OC)c(OC)c3)cc2OC[C@H]2CCCN(C)C2)C1,0.00097281684
Cc1nc(-c2nc(-c3ccc(OC(F)(F)F)cc3)no2)nn1Cc1cccc(N2CCC(S(C)(=O)=O)CC2)c1,3.9610845e-06
CNC(=O)[C@H]1O[C@@H](n2cnc3c(NCc4cccc(I)c4)ncnc32)[C@H](O)[C@@H]1O,0.5366315
CCCCCN(C)CCC(O)(P(=O)(O)O)P(=O)(O)O,2.3350378e-05
CC(C)n1nnc2cc(C(=O)O)ccc21,0.00020790985
O=C1CC[C@H](N2Cc3c(OCc4ccc(CN5CCOCC5)cc4)cccc3C2=O)C(=O)N1,0.0012458141
CC(C)(NC(=O)O[C@@H]1CN2CCC1CC2)c1csc(-c2ccc(F)cc2)n1,0.00062076835
CC(C)Cn1c(=O)n(C)c(=O)c2[nH]cnc21,0.057587273
N[C@@H](C(=O)O)c1cc(=O)[nH]o1,0.70103353
CCOP(=O)(Cc1ccc(C(=O)Nc2ccc(Br)cc2C#N)cc1)OCC,0.0034453182
C=CC(=O)N1CCC[C@@H](n2nc(-c3ccc(Oc4ccccc4)cc3)c3c(N)ncnc32)C1,0.021613846
CC(C)C(=O)c1c(C(C)C)nn2ccccc12,0.00015846554
CC(C)Cc1ccc([C@@H](C)C(=O)O)cc1,0.003444442
CC(C)Cc1ccc([C@H](C)C(=O)O)cc1,0.00038695452
CC(C)Cc1ccc([C@@H](C)C(=O)OCc2ccccn2)cc1,0.029795721
CC(C)Cc1ccc([C@@H](C)C(=O)NO)cc1,0.11411651
CC(C)(N)C(=O)N[C@H](COCc1ccccc1)C(=O)N1CCC2(CC1)CN(S(C)(=O)=O)c1ccccc12,0.00020099344
CCCCCCCN(CC)CCC[C@@H](O)c1ccc(NS(C)(=O)=O)cc1,1.8090026e-05
O=C(Nc1cnc(Cl)nc1)c1ccc(F)c(F)c1,0.0001482248
O=C(Nc1ccc(Cl)nc1)c1ccc(Cl)cc1,0.005717164
O=C(Nc1ccc(S(=O)(=O)Nc2nccs2)cc1)C(c1ccccc1)c1ccccc1,0.06933598
COc1ccc(-c2oc3c(CC=C(C)C)c(O[C@@H]4O[C@H](CO)[C@@H](O)[C@H](O)[C@H]4O)cc(O)c3c(=O)c2O[C@@H]2O[C@@H](C)[C@H](O)[C@@H](O)[C@H]2O)cc1,0.022513209
COc1ccc(-c2oc3c(CC=C(C)C)c(O)cc(O)c3c(=O)c2O)cc1,0.85661876
N=C(N)NCCC[C@@H](N)C(=O)N[C@@H](CCCNC(=N)N)C(=O)N1CCC[C@H]1C(=O)N1C[C@H](O)C[C@H]1C(=O)NCC(=O)N[C@@H](Cc1cccs1)C(=O)N[C@@H](CO)C(=O)N1Cc2ccccc2C[C@@H]1C(=O)N1[C@H](C(=O)N[C@@H](CCCNC(=N)N)C(=O)O)C[C@@H]2CCCC[C@@H]21,0.09234453
O=C1[C@H](Cc2ccc(O)cc2)N2C(=O)CCN(C(=O)NCc3ccccc3)[C@H]2CN1Cc1cccc2ccccc12,0.00042767607
Cc1ccc(OC[C@@H](O)[C@H](C)NC(C)C)c2c1CCC2,0.00068006193
N=C(NCC(F)(F)F)Nc1ccn(CCCCC(N)=O)n1,0.032169275
CN(C)CCSc1nc2ccccc2cc1-c1ccccc1,0.0024049834
O=C(O)CCC/C=C\C[C@@H]1CO[C@H](C(F)(F)F)O[C@@H]1c1ccccc1O,1.7140604e-06
O=C(O)CC/C=C\C[C@@H]1CO[C@H](c2ccccc2Cl)O[C@@H]1c1ccccc1O,1.3789408e-05
CN(C(=O)Cc1ccc(Cl)c(Cl)c1)[C@H](CN1CCCC1)c1ccccc1,0.18226677
O=C(O)COc1ccc(OCCNC[C@H](O)COc2ccccc2)cc1,0.0005827137
CCCn1c(=O)c(C)cn2nc(N)nc12,0.03196014
N#Cc1ccccc1OC[C@@H](O)CNCCNC(=O)Nc1ccccc1,1.6013051e-05
O=C1NC(c2cccc([N+](=O)[O-])c2)=CCN1c1ccccc1O,0.15631452
COc1cc(Cc2cnc(N)nc2N)c2c(c1OC)O[C@H](C1CC1)C=C2,0.36590028
CCCCC[C@H](O)/C=C/C=C\C/C=C\C/C=C\CCCC(=O)O,1.7396522e-05
CC/C=C\C/C=C\C/C=C\C/C=C\C/C=C\CCCC(=O)O,1.00635845e-07
C#Cc1cccc(Nc2ncnc3cc4c(cc23)OCCOCCOCCO4)c1,0.009605496
Cc1cc(/C=C2\SC(=O)N(c3ccccc3)C2=O)c(C)n1-c1cccnc1,0.00067620294
COc1cc(OC)c(/C=C2/C(=O)Nc3ccccc32)c(OC)c1,0.0071389955
C[C@@H]([C@H](C)O)[C@H](N)C(=O)O,0.594572
COc1ccc(-n2c(C)c([N+](=O)[O-])c3ccc(O)cc32)cc1,0.036458243
Fc1ccc2c(CCNCc3cccc(OCC(F)(F)C(F)F)c3)c[nH]c2c1,0.0059969528
CC(=O)[C@]1(O)Cc2c(O)c3c(c(O)c2[C@@H](O[C@H]2C[C@H](N)[C@H](O)[C@H](C)O2)C1)C(=O)c1ccccc1C3=O,0.6385206
COc1cc(C(=O)O)ccc1NC(=O)[C@@H]1N[C@@H](CC(C)(C)C)[C@](C#N)(c2ccc(Cl)cc2F)[C@H]1c1cccc(Cl)c1F,0.061322786
c1ccc2c(c1)OC[C@H](C1=NCCN1)O2,0.0008037163
COC1=C(OC)C(=O)C(CCCCCCCCCCO)=C(C)C1=O,0.016075669
CC[C@H](Nc1ncnc2nc[nH]c12)c1nc2cccc(F)c2c(=O)n1-c1ccccc1,0.33983028
CN1CCN(C(=O)COc2ccc(C34CC5CC(CC(C5)C3)C4)cc2)CC1,0.0012267114
Cc1cc([C@H](C)Nc2nccc(N3C(=O)OC[C@@H]3[C@H](C)F)n2)ncc1-c1ccnc(C(F)(F)F)c1,0.45508677
O=c1[nH]c(=O)n([C@H]2C[C@H](O)[C@@H](CO)O2)cc1I,0.9983014
Nc1nonc1/C(=N\c1ccc(F)c(Cl)c1)NO,0.111586705
C[C@H]1Nc2ccc(Cl)cc2S(=O)(=O)N1,0.013711173
O=C1[C@@H]2C[C@@H]3C[C@H]1C[C@@](O)(C3)C2,0.00023628648
Oc1ccc(C2=Cc3ccc(O)cc3OC2)cc1,0.00049285043
C[N+](C)(C)CCCCCNCC12CC3CC(CC(C3)C1)C2,5.9244016e-05
NCCCCCNCC12CC3CC(CC(C3)C1)C2,0.0010323091
C[C@@H]([C@H](O)c1ccc(O)cc1)N1CCC(Cc2ccccc2)CC1,2.9239953e-05
O=[P@]1(NCCCl)OCCCN1CCCl,0.00047504963
CCC(C/C=C/c1ccccc1)(c1ccccc1)N(C)CC1CC1,0.0010139858
CS(=O)(=O)Nc1cc2occ(NC=O)c(=O)c2cc1Oc1ccccc1,0.15086265
O=C(c1ccc(Nc2nccc(-c3cc4ccccc4s3)n2)cc1)N1CCC(N2CCCC2)CC1,0.002985733
NC(=O)c1sc(-c2ccsc2)cc1N,5.7592963e-05
O=C(Nc1cc(C(F)(F)F)cc(C(F)(F)F)c1)c1cc(Cl)ccc1O,0.12638138
COc1ccnc(C[S@@](=O)c2nc3ccc(-n4cccc4)cc3[nH]2)c1C,0.11051382
O=C(/C=C/c1ccc2c(c1)OCO2)N1CCCCC1,0.0010098169
CNC(=O)[C@H](Cc1c[nH]c2ccccc12)NC(=O)[C@@H](CC(=O)NO)CC(C)C,0.03535095
COc1cc(C(C)=O)ccc1OCCCN1CCC(c2noc3cc(F)ccc23)CC1,0.01014901
CC#CC[C@@H](C)[C@H](O)/C=C/[C@@H]1[C@H]2C/C(=C/CCCC(=O)O)C[C@H]2C[C@H]1O,0.00038332047
Cc1ccc(NC(=O)c2ccc(CN3CCN(C)CC3)cc2)cc1Nc1nccc(-c2cccnc2)n1,0.018448928
O=C1CCC(c2ccc(-n3ccnc3)cc2)=NN1,0.0004173297
C[C@@H]1N=C(N)N=C(N(C)C)N1,0.0011549295
N=C(N)SCCc1cnc[nH]1,0.0016507555
NC1=NC(=O)N2C[C@@H]12,8.9142495e-06
O=[N+]([O-])N=C1NCCN1Cc1ccc(Cl)nc1,2.4262936e-05
Cc1nccn1CCC(C(N)=O)(c1ccccc1)c1ccccc1,0.034870572
CCOC(=O)[C@H](CCc1ccccc1)N[C@@H](C)C(=O)N1C(=O)N(C)C[C@H]1C(=O)O,0.00036148992
CCN(CC)CCNc1ccc2ncn3c4ccc(O)cc4c(=O)c1c23,0.00016886789
O=C(NCNC(=O)N[C@H]1C(=O)NC(=O)N1CO)N[C@H]1C(=O)NC(=O)N1CO,0.008563608
CCn1ccnc1C[C@H]1COc2ccccc2O1,0.00013066173
C[C@@H](O)[C@H]1C(=O)N2C(C(=O)O)=C(SCCNC=N)C[C@H]12,0.94469106
CN(C)CCCN1c2ccccc2CCc2ccccc21,0.0015002633
CC(C)Cn1cnc2c(N)nc3ccccc3c21,0.0004944283
O=C1NC(=O)C2(N1)c1cc(F)ccc1-c1ccc(F)cc12,0.7858417
[Cl][Mn]123([Cl])[N]4CC[N]1[C@@H]1CCCC[C@H]1[N]2Cc1cccc(n1)C[N]3[C@@H]1CCCC[C@H]14,6.6536246e-13
c1ncc(CC2CCNCC2)[nH]1,0.0005809604
c1cc(Cc2cnc[nH]2)ccn1,0.0001033692
NCCCCCc1cnc[nH]1,0.00027366242
N[C@@H](Cc1ccc(O)cc1)C(=O)NCC(=O)NCC(=O)O,0.00034192047
CO[C@@H]1[C@H](O[P@@](=O)(S)OC[C@H]2O[C@@H](n3cnc4c(N)ncnc43)C[C@@H]2O)[C@@H](CO)O[C@H]1n1ccc(=O)[nH]c1=O,0.9981166
CO[C@@H]1[C@H](O[P@@](=O)(OC[C@H]2O[C@@H](n3cnc4c(N)ncnc43)C[C@@H]2O)SCOC(=O)OC(C)C)[C@@H](CO)O[C@H]1n1ccc(=O)[nH]c1=O,0.9432077
CNC(=O)c1ccc(-c2cnc3ncc(Cc4ccc5ncccc5c4)n3n2)cc1F,0.0024493353
O=C1C=CC(=O)C2=C1C1c3ccccc3C2c2ccccc21,0.00015092216
COc1ccc(C2(O)CCC(N3CC[C@@H](NC(=O)CNC(=O)c4cccc(C(F)(F)F)c4)C3)CC2)cn1,0.0014320837
CN1C(=O)C(C)(C)Oc2c(-c3cn(C)c(O)c4nccc3-4)cc(S(C)(=O)=O)cc21,0.39494166
COc1ccc([C@]2(O)CC[C@H](N3CC[C@@H](NC(=O)CNC(=O)c4cccc(C(F)(F)F)c4)C3)CC2)cn1,0.009504176
NC(=O)[C@@H]1C(=O)C[C@@H]2C[C@@H]3Cc4cccc(O)c4C(=O)[C@@H]3C(=O)[C@]2(O)C1=O,0.035672955
CCc1cc2c(cc1CC)CC(NC[C@H](O)c1ccc(O)c3[nH]c(=O)ccc13)C2,0.334343
c1ccc2c(CCC3CCNCC3)c[nH]c2c1,0.023180246
C[C@H]1Cc2ccccc2N1NC(=O)c1ccc(Cl)c(S(N)(=O)=O)c1,0.15382995
CN[C@@H]1C[C@@H](c2ccc(Cl)c(Cl)c2)c2ccccc21,0.031136235
COc1ccc(S(=O)(=O)n2cc(CCC(=O)O)c3cc(OC)ccc32)cc1,0.08201211
C1=Cc2cccc(OC[C@H]3CNCCO3)c2C1,0.015876712
O=C(Nc1ccncc1)C(=O)c1cn(Cc2ccc(Cl)cc2)c2ccccc12,0.00019207654
CC(C)(C)NC(=O)[C@@H]1CN(Cc2cccnc2)CCN1C[C@@H](O)C[C@@H](Cc1ccccc1)C(=O)N[C@H]1c2ccccc2C[C@H]1O,0.0010247935
CC(=O)N(C)c1cccc(-c2ccnc3c(C(=O)c4cccs4)cnn23)c1,0.00022541203
O=C1Nc2ccccc2/C1=C1/Nc2ccccc2C1=O,0.8108675
O=C1Nc2ccccc2/C1=C1Nc2ccccc2C/1=N\O,0.9968501
NS(=O)(=O)c1ccc(S(=O)(=O)Nc2cccc3c(Cl)c[nH]c23)cc1,0.009185254
CC(C)O,0.00015632184
CC(C)[O][In]([O]C(C)C)[O]C(C)C,0.0041018277
CC[C@@H](C(=O)O)c1ccc(N2Cc3ccccc3C2=O)cc1,0.96090406
CC1(C)C(/C=C/C=C/C=C/C=C2/N(CCCCS(=O)(=O)O)c3ccc4ccccc4c3C2(C)C)=[N+](CCCCS(=O)(=O)O)c2ccc3ccccc3c21,0.013332196
OCc1c[nH]c2ccccc12,6.3436346e-05
O=C(O)C(O)=Cc1c[nH]c2ccccc12,0.00051376893
COc1ccc2c(c1)c(CC(=O)O)c(C)n2C(=O)c1ccc(Cl)cc1,0.00046628946
C[C@@H](C(=O)O)c1ccc(N2Cc3ccccc3C2=O)cc1,0.9264059
O=C(NC1CCN(CCc2c[nH]c3ccccc23)CC1)c1ccccc1,0.012540332
Cn1cc(C[C@@H](N)C(=O)O)c2ccccc21,0.1692662
CC1=C[C@]23C(=O)[C@@H](C=C(CO)[C@@H](O)[C@]2(O)[C@H]1O)[C@H]1[C@@H](C[C@H]3C)C1(C)C,0.06162064
C/C=C(/C)C(=O)O[C@H]1C(C)=C[C@]23C(=O)[C@@H](C=C(CO)[C@@H](O)[C@]12O)[C@H]1[C@@H](C[C@H]3C)C1(C)C,0.049966294
Cc1ccc(-c2csc(NC(=O)c3ccccc3)n2)c(C)c1,0.0049566263
CSC[C@H]1CN(/N=C/c2ccc([N+](=O)[O-])o2)C(=O)O1,0.00045961508
NC(=O)c1ccc(I)c([N+](=O)[O-])c1,0.012319786
O=c1nc[nH]c2c1ncn2[C@@H]1O[C@H](CO)[C@@H](O)[C@H]1O,0.03339221
O[C@H]1[C@H](O)[C@@H](O)[C@H](O)[C@@H](O)[C@H]1O,1.03244e-06
O=C(O[C@H]1[C@H](OC(=O)c2cccnc2)[C@@H](OC(=O)c2cccnc2)[C@H](OC(=O)c2cccnc2)[C@@H](OC(=O)c2cccnc2)[C@H]1OC(=O)c1cccnc1)c1cccnc1,0.008267386
O=c1ccn([C@@H]2O[C@H](COP(=O)(O)OP(=O)(O)OP(=O)(O)O)[C@H](O)[C@H]2O)c(=O)[nH]1,0.99917895
CC[C@H]1[C@@H](O)[C@@H]2[C@H](CC[C@]3(C)[C@@H]([C@H](C)CCC(=O)O)CC[C@@H]23)[C@@]2(C)CC[C@@H](O)C[C@@H]12,1.3731345e-06
CC[C@H]1[C@@H](O)[C@@H]2[C@H](CC[C@]3(C)[C@@H]([C@H](C)CCOS(=O)(=O)O)CC[C@@H]23)[C@@]2(C)CC[C@@H](O)C[C@@H]12,2.9125962e-05
Cc1cc(C)n(-c2cccc([C@H](CC(=O)O)CN3CC[C@@H](CCc4ccc5c(n4)NCCC5)C3)c2)n1,0.0003873792
COc1nc(N)nc2c1ncn2[C@@H]1O[C@H](CO[P@@](=O)(N[C@@H](C)C(=O)OCC(C)(C)C)Oc2cccc3ccccc23)[C@@H](O)[C@@]1(C)O,0.005398432
N=C(N)NCc1cccc(I)c1,0.0019342517
CC(=O)N(C[C@H](C)C(=O)O)c1c(I)cc(I)c(N)c1I,7.4812374e-07
O=C(CCCCC(=O)Nc1c(I)cc(I)c(C(=O)O)c1I)Nc1c(I)cc(I)c(C(=O)O)c1I,2.762482e-07
CC(=O)N(CC(O)CN(C(C)=O)c1c(I)c(C(=O)NC[C@@H](O)CO)c(I)c(C(=O)NC[C@@H](O)CO)c1I)c1c(I)c(C(=O)NC[C@@H](O)CO)c(I)c(C(=O)NC[C@@H](O)CO)c1I,5.43259e-07
Cc1c(I)c(=O)n(-c2ccccc2)n1C,1.0301645e-07
O=C1CC[C@](c2ccccc2)(C2CCN(Cc3ccc(I)cc3)CC2)C(=O)N1,0.0010761572
N=C(NCCc1ccc(I)cc1)SCCCc1cnc[nH]1,0.10576735
Oc1c(I)cc(I)c2cccnc12,2.363528e-06
CC(=O)N(C[C@@H](O)CO)c1c(I)c(C(=O)NC[C@@H](O)CO)c(I)c(C(=O)NC[C@@H](O)CO)c1I,4.4133434e-05
C[C@H](O)C(=O)Nc1c(I)c(C(=O)NC(CO)CO)c(I)c(C(=O)NC(CO)CO)c1I,3.3570375e-06
CC[C@@H](Cc1c(I)cc(I)c(N)c1I)C(=O)O,6.6296298e-06
CN(C)/C=N/c1c(I)cc(I)c(CCC(=O)O)c1I,1.309874e-07
COCC(=O)Nc1c(I)c(C(=O)NC[C@@H](O)CO)c(I)c(C(=O)N(C)C[C@@H](O)CO)c1I,1.2347546e-06
CNC(=O)c1c(I)c(NC(C)=O)c(I)c(C(=O)O)c1I,2.2788823e-05
O=C(NC[C@@H](O)CO)c1c(I)c(C(=O)NC[C@@H](O)CO)c(I)c(N(CCO)C(=O)CO)c1I,4.6393365e-05
O=C(NCc1ccc(Oc2ccccc2)cc1)c1nc(-c2cc(Br)c(O)c(Br)c2)no1,1.5905858e-05
CNC(=O)c1c(I)c(C(=O)NCC(=O)Nc2c(I)c(C(=O)O)c(I)c(C(=O)NCCO)c2I)c(I)c(N(C)C(C)=O)c1I,0.00064438046
CC(=O)N(C[C@@H](O)CO)c1c(I)c(C(=O)NCCO)c(I)c(C(=O)NC[C@@H](O)CO)c1I,0.00015309965
O=C(O)c1ccc(O)c2ncccc12,0.058902528
O=C(O)CNC(=O)c1c(O)c2ccccc2n(Cc2ccccc2)c1=O,0.00010690021
Oc1ccc2ccccc2c1SSc1c(O)ccc2ccccc12,0.0074300114
N=C(Nc1ccc(I)cc1)NC1C2CC3CC(C2)CC1C3,0.0084657995
Nc1c2c(nc3c1CCC3)CCCC2,0.00028623638
C[C@H](NC(=O)c1c(N)nn2cccnc12)c1cc2cccc(C#Cc3cnn(C)c3)c2c(=O)n1-c1ccccc1,0.00712325
OC[C@H]1O[C@@H](c2ccc(F)c(Cc3cc4ccccc4s3)c2)[C@H](O)[C@@H](O)[C@@H]1O,0.040165596
CC(C)Oc1ccc2c(=O)c(-c3ccccc3)coc2c1,0.00021096651
CC(C)NNC(=O)c1ccncc1,0.0012506418
O=C1c2ccccc2S(=O)(=O)N1CCCCN1CCN(c2ncccn2)CC1,0.015444081
CCCCC1=NC2(CCCC2)C(=O)N1Cc1ccc(-c2ccccc2-c2nn[nH]n2)cc1,7.2553165e-05
CC(C)(C)c1cc(CCC(=O)OCC(COC(=O)CCc2cc(C(C)(C)C)c(O)c(C(C)(C)C)c2)(COC(=O)CCc2cc(C(C)(C)C)c(O)c(C(C)(C)C)c2)COC(=O)CCc2cc(C(C)(C)C)c(O)c(C(C)(C)C)c2)cc(C(C)(C)C)c1O,0.028386598
N=C(N)NCCC[C@@H]1NC(=O)[C@@H](N)CSSC[C@@H](C(=O)O)NC(=O)[C@H](CC(=O)O)NC(=O)[C@@H]2CCCN2C(=O)CNC(=O)[C@H](CCCCN)NC(=O)[C@H](CC(=O)O)NC(=O)CNC1=O,0.010087257
CCc1c2c(nc3ccc(OC(=O)N4CCC(N5CCCCC5)CC4)cc13)-c1cc3c(c(=O)n1C2)COC(=O)[C@]3(O)CC,0.0008116598
Cc1cc(C)cc(C(=O)N(C)[C@H](Cc2ccc(-c3ccccc3)cc2)C(=O)N[C@@H](Cc2c[nH]c3ccccc23)C(=O)O)c1,0.006313853
NS(=O)(=O)Oc1ccc2c3c(c(=O)oc2c1)CCCCC3,0.0006127824
Nc1nc(N)nc(-c2cc(Cl)ccc2Cl)n1,0.0051132827
CC(C)NC[C@@H](O)COc1ccccc1-n1cccc1,4.0096143e-05
C[C@@H](c1nc(-c2ccc(C#N)cc2)cs1)[C@@](O)(Cn1cncn1)c1cc(F)ccc1F,0.00046726366
CC(C)Nc1ncccn1,3.925257e-05
CC(C)Cn1cnc2c1c(=O)n(C)c(=O)n2C,0.94424516
CN[C@@H]1[C@@H](O)[C@@H](O[C@@H]2[C@@H](O)[C@H](O[C@H]3O[C@H](CN)[C@@H](O)[C@H](O)[C@H]3O)[C@@H](N)C[C@H]2NC(=O)[C@@H](O)CN)OC[C@]1(C)O,0.99666816
COC(=O)C[C@H]1CC(c2ccc(O)cc2)=NO1,3.4398079e-06
CC(C)COC(=O)c1ccc(N)cc1,4.4542725e-05
CC(C)C(N)=O,0.0005808436
Cc1cc(C(=O)NNCc2ccccc2)no1,0.00028204697
Clc1ccc([C@@H](Cn2ccnc2)OCc2c(Cl)cccc2Cl)c(Cl)c1,0.1896884
O=C(O)CCCN1C(=O)c2cccc3cccc(c23)C1=O,0.001512388
CC[C@@H](NC(C)C)[C@@H](O)c1ccc(O)c(O)c1,0.0005919529
CC(C)c1ccc2c(c1)[C@H](N1CCN(CCO)CC1)Cc1ccc(F)cc1S2,0.0001079856
CC(=O)OCC(=O)[C@@]1(O)CC[C@H]2[C@@H]3CCC4=CC(=O)C=C[C@]4(C)[C@@]3(F)[C@@H](O)C[C@@]21C,0.00093942054
FC(F)O[C@@H](Cl)C(F)(F)F,0.00064198393
CC(C)OP(=O)(F)OC(C)C,4.1221097e-06
O=C(O)C1=CCNCC1,0.031953067
CC[C@@H](C)[C@@H](N)C(=O)O,0.7497377
O=C(/C=C/c1ccc(O)cc1)c1ccc(O)cc1O,0.0011318437
CN[C@@H](C)CCC=C(C)C,4.981985e-05
NNC(=O)c1ccncc1,0.010525182
COc1ccc(/C=C/C(=O)OCCC(C)C)cc1,0.0059215967
CC(C)NC[C@@H](O)c1ccc(O)c(O)c1,0.007003258
CC(C)[N+](C)(CCC(C(N)=O)(c1ccccc1)c1ccccc1)C(C)C,0.007473101
CCCCCCCCCCCCCC(=O)OC(C)C,0.00061568455
CCCCCCCCCCCCCCCC(=O)OC(C)C,0.0011698032
O=c1c(O[C@@H]2O[C@H](CO)[C@@H](O)[C@H](O)[C@H]2O)c(-c2ccc(O)c(O)c2)oc2cc(O)cc(O)c12,0.0009522335
COc1cc2c(cc1OC)[C@H](C)NCC2,1.91198e-05
O[C@@H]1CO[C@H]2[C@@H]1OC[C@@H]2O,7.828777e-05
O=[N+]([O-])O[C@H]1CO[C@H]2[C@@H]1OC[C@H]2O[N+](=O)[O-],0.007258925
O=[N+]([O-])O[C@@H]1CO[C@H]2[C@@H]1OC[C@@H]2O,0.008551588
C[C@@]12CC[C@@H]3[C@@](CC[C@H]4[C@@]3(C)CCC[C@@]4(C)C(=O)O)(CC1=O)C2,0.0012312316
Cc1ccnc2c1CCC[C@H]2C(N)=S,0.0002858249
CC1=C(/C=C/C(C)=C/C=C/C(C)=C\C(=O)O)C(C)(C)CCC1,0.018550996
CC(C)CC(N)=O,0.0003833627
O=C(O)Cc1ccc2c(c1)C(=O)c1ccccc1CO2,0.008937655
Cc1cc(NC(=O)C2=C(O)c3ccccc3S(=O)(=O)N2C)no1,0.00016009164
C[C@@H](COc1ccccc1)N[C@H](C)[C@@H](O)c1ccc(O)cc1,4.2407948e-05
Cc1ccc(C(=O)N(CCCN)[C@@H](c2nc3cc(Cl)ccc3c(=O)n2Cc2ccccc2)C(C)C)cc1,0.0005094961
COC(=O)C1=C(C)NC(C)=C(C(=O)OC(C)C)[C@@H]1c1cccc2nonc12,1.4796443e-05
O=C(COc1ccc(Cl)cc1)N[C@H]1CC[C@H](NC(=O)COc2ccc(Cl)cc2)CC1,1.533161e-08
C[C@]12CC/C(=N\OCCN)C[C@@H]1C(=O)C[C@@H]1[C@@H]2CC[C@]2(C)C(=O)CC[C@@H]12,0.14285266
CCn1c(=O)c2c(nc(/C=C/c3ccc(OC)c(OC)c3)n2C)n(CC)c1=O,0.0041900203
O=C(NC1CC1)c1cc(-c2cccs2)on1,8.3526356e-07
N#CCC1(n2cc(-c3ncnc4[nH]ccc34)cn2)CN(C2CCN(C(=O)c3ccnc(C(F)(F)F)c3F)CC2)C1,0.9232567
CCOC(=O)C1=C(C)NC2=C(C(=O)CC(C)(C)C2)[C@@H]1c1ccc(-c2ccccc2)cc1,0.018288327
COC(=O)c1csc(C(=O)c2c[nH]c3ccccc23)n1,0.0010014423
CN1C(=O)c2c(nn(Cc3ccc(-c4cccc(F)n4)cc3)c2Nc2ccccc2)N2C1=N[C@@H]1CCC[C@@H]12,0.04931806
COc1ccc(C(=O)NCc2ccc(OCCN(C)C)cc2)cc1OC,0.00036166227
CC[C@H](C)n1ncn(-c2ccc(N3CCN(c4ccc(OC[C@H]5CO[C@](Cn6cncn6)(c6ccc(Cl)cc6Cl)O5)cc4)CC3)cc2)c1=O,0.9154555
Cc1cc(/C=c2/sc3nc4ccccc4n3c2=O)c(C)n1-c1ccccc1,0.0036277957
COc1c(NC(=O)C(=O)c2ccc(OCCN3CCOCC3)c3ccccc23)cc(C(C)(C)C)cc1NS(C)(=O)=O,0.00855389
CC1(C)CN2C(CS/C(=N/C3CCCCC3)NC3CCCCC3)=CSC2=N1,0.0011843555
Cc1cc(C(=O)CN2CCCC2)c(C)n1-c1ccc(F)cc1,0.00031879818
COc1cc2c(cc1OC)CC(=O)N(CCCN(C)C[C@H]1Cc3cc(OC)c(OC)cc31)CC2,0.001949148
CC(C)(C)c1cc(C(C)(C)C)c(NC(=O)c2c[nH]c3ccccc3c2=O)cc1O,0.28301778
CC[C@H](C)[C@H]1O[C@]2(CC[C@@H]1C)C[C@@H]1C[C@@H](C/C=C(\C)[C@@H](O[C@H]3C[C@H](OC)[C@@H](O[C@H]4C[C@H](OC)[C@@H](O)[C@H](C)O4)[C@H](C)O3)[C@@H](C)/C=C/C=C3\CO[C@@H]4[C@H](O)C(C)=C[C@@H](C(=O)O1)[C@]34O)O2,0.99726486
N#Cc1ccnc(N2C(=O)CC[C@H]2C(=O)N(c2cncc(F)c2)[C@H](C(=O)NC2CC(F)(F)C2)c2ccccc2Cl)c1,0.9780813
O=C(CSc1nc2c(c(=O)n1-c1ccccc1)SCC2)Nc1ccc(-c2ccccc2)cn1,3.0698622e-05
C/C(=C\c1csc(C)n1)[C@@H]1C[C@@H]2O[C@]2(C)CCC[C@H](C)[C@H](O)[C@@H](C)C(=O)C(C)(C)[C@@H](O)CC(=O)N1,9.202146e-06
CC(C)C[C@H](NC(=O)CNC(=O)c1cc(Cl)ccc1Cl)B(O)O,0.99449676
CC(C)C[C@H](NC(=O)CNC(=O)c1cc(Cl)ccc1Cl)B1OC(=O)C[C@](CC(=O)O)(C(=O)O)O1,0.19490276
C=CC(=O)c1ccc2ccccc2c1,0.00017183511
CC(C)[C@H](/N=C(/NS(=O)(=O)c1ccc(Cl)cc1)N1C[C@H](c2ccccc2)C(c2ccc(Cl)cc2)=N1)C(N)=O,0.022517523
CC(C)[C@@H](CN1CC[C@@](C)(c2cccc(O)c2)[C@@H](C)C1)NC(=O)[C@H]1Cc2ccc(O)cc2CN1,0.87587595
CCCCN1[C@@H]2CC[C@H]1C[C@@H](OC(c1ccc(F)cc1)c1ccc(F)cc1)C2,7.238123e-05
COc1ccc(Br)cc1NC(=O)Nc1cccc2c1ccn2Cc1ccnc(N)c1,0.66083276
Clc1ccc(N/N=C(\c2ccccc2)c2ccccn2)nc1,6.1804356e-05
CCOc1ccc(Nc2nc(-c3c(C)nc4ccccn34)cs2)cc1,0.9889826
COc1oc(=O)c2cc(N)ccc2c1Cl,4.4147197e-05
CN1CCN(C(=O)c2nc3ccc(Cl)cc3[nH]2)CC1,0.0001089449
CC1(C)OC[C@H](NC(=O)Nc2ccc(Br)cc2Br)[C@H](c2ccccc2)O1,1.13563165e-05
CO[C@H]1CC[C@@H](C(=O)c2ccc3nc4c(cc3c2)CCCO4)CC1,0.0050022774
O=C(Nc1ccccc1)N1CCN(c2nc(-c3ccccc3)ns2)CC1,0.005203135
O=C(Nc1ccc(C(F)(F)F)cn1)N1CCN(c2ncccc2C(F)(F)F)CC1,0.28555417
Cn1cc(CNCC2CCN(c3ncc(C(=O)NO)cn3)CC2)c2ccccc21,0.12062754
NS(=O)(=O)NCc1csc2ccccc12,0.064960256
CC[C@@H](c1ccc(F)c(F)c1)n1c(C(=O)OC)c(-c2ccno2)[nH]c1=S,0.3385223
Fc1ccc(CN2CCC(Nc3ccc(C(F)(F)F)nn3)CC2)cc1F,0.4450091
Cn1cc(-c2ccc3nnc(C(F)(F)c4ccc5ncccc5c4)n3n2)cn1,0.00015909004
FC(F)(c1ccc2ncccc2c1)c1nnc2ccc(-c3ccncc3)nn12,7.754402e-05
CC(C)c1cc(N2CC[C@@H](N)C2)nc(N)n1,0.009761795
CCCCn1ccc(N2CCC(c3ccccc3)CC2)c(Cl)c1=O,0.0012307749
O=C(O)c1cnn(-c2nc3cc(Cl)c(OC(F)(F)F)cc3[nH]2)c1,0.88348484
O=C(Nc1cnccc1Cl)N1CCN(Cc2ccc3c(c2)OC(F)(F)O3)CC1,0.029609814
O=C(NCC1(N2CCN(c3ccccc3)CC2)CCOCC1)c1cccnc1Sc1ccccc1,0.00017353751
C[C@@H]1c2nnn(-c3ncc(F)cn3)c2CCN1C(=O)c1cccc(C(F)(F)F)c1Cl,0.011757038
C[C@H](NC(=O)CNC(=O)c1cccc(Cl)c1)c1ccccc1,0.0020234836
Nc1nc2cc(CC[C@H]3C[C@@H](n4ccc5c(N)ncnc54)[C@H](O)[C@@H]3O)ccc2cc1Br,0.17567547
CS(=O)(=O)CCCn1c(Cn2c(=O)n(CC(F)(F)F)c3ccncc32)cc2cc(Cl)ccc21,0.00056052266
Nc1nc(Nc2ccc(S(N)(=O)=O)cc2)nn1C(=O)c1c(F)cccc1F,0.87290245
CN1CCN(C(=O)c2cc3cc(Cl)ccc3[nH]2)CC1,0.008074779
CO[C@@H]1[C@@H](O[C@@H]2O[C@H](C)[C@@H](O[C@H]3C[C@@](C)(O)[C@@H](OC(=O)CC(C)C)[C@H](C)O3)[C@H](N(C)C)[C@H]2O)[C@@H](CC=O)C[C@@H](C)[C@@H](O)/C=C/C=C/C[C@@H](C)OC(=O)C[C@H]1OC(C)=O,0.0007576629
Nc1cc(COc2c(Cl)cc(C[C@H](N)C(=O)O)cc2Cl)c2oc(-c3ccccc3)nc2c1,0.08990314
Cc1sc2c(c1C)C(c1ccc(Cl)cc1)=N[C@@H](CC(=O)OC(C)(C)C)c1nnc(C)n1-2,0.00026710564
CCc1ccc(OCc2ccccc2C(=O)Nc2ccc3nc(C)cc(N)c3c2)cc1,0.18249765
Cc1nn(C)c2nc(NNC(=O)Nc3cc(Cl)nc(Cl)c3)cc(C(C)C)c12,0.9947754
CCOC(=O)[C@H](Cc1ccccc1)NC(=O)c1cc(Cl)c(OCCN2CCN(C)CC2)c(Cl)c1O,8.908118e-05
CCCCCOc1c(OC)ccc2cc(C(=O)NCc3ccc4c(c3)OCO4)c(=O)[nH]c12,0.014333089
COc1ccc(C2(CNC(=O)c3ccc(NC(=O)c4ccco4)cc3)CCOCC2)cc1,0.12931938
O=C(OC(C(F)(F)F)C(F)(F)F)N1CCN(Cc2cccc(Oc3ccccc3)c2)CC1,1.1794414e-05
O=C1Nc2ccccc2C12OCC1(CO2)COC2(OC1)C(=O)Nc1ccccc12,0.2817185
COc1ccc(-n2c(SCc3nc(-c4ccc(C)cc4)no3)nnc2-c2ccncc2)cc1,6.6205125e-06
COc1cc(SC)ccc1C(=O)N1CCC(Cc2ccccc2)CC1,0.17702977
O=C(Oc1ccc([N+](=O)[O-])cc1)N1CCC(C(O)(c2ccc3c(c2)OCO3)c2ccc3c(c2)OCO3)CC1,0.0036255645
O=C(Oc1ccc([N+](=O)[O-])cc1)N1CCN(Cc2cccc(Oc3ccccc3)c2)CC1,0.0064755655
COc1cccc(/C=N/N(C(=O)C(F)(F)F)c2ccc(C)cc2C)c1,0.00022447757
O=C(O)c1ccc(N[C@@H]2O[C@H](CO)[C@@H](O)[C@H](O)[C@@H]2O)cc1,0.11040158
C=CC(=O)N1CCN(C(=O)CNc2cc(I)c(Cl)cc2O)CC1,7.846131e-05
O=C(CCCS)NC1CCN(C(=O)COc2ccc(Cl)cc2Cl)CC1,0.000116952135
C[C@]12CC[C@H]3[C@@H](CC[C@]4(O)C[C@@H](O)CC[C@]34C=O)[C@@]1(O)CC[C@@H]2C1=CC(=O)OC1,0.0001418078
O=C(O)c1ccc(N[C@@H]2O[C@H](CO)[C@@H](O)[C@@H]2O)cc1,0.0307298
CC(=O)NC1=NN(C(C)=O)[C@](C)(c2ccccc2)S1,0.00023297743
O=c1c(O)c(-c2ccc(O)cc2)oc2cc(O)cc(O)c12,0.4325913
CC1(C)c2nc(-c3ccc(F)cc3)c(Nc3ccc(F)cc3)n2CCN1C(=O)CN,0.0015387397
C=C(C)[C@H]1CN[C@H](C(=O)O)[C@H]1CC(=O)O,0.00014427913
O=c1c(-c2ccc(O)cc2)coc2c([C@H]3O[C@H](CO)[C@@H](O)[C@H](O)[C@@H]3O)c(O)ccc12,0.030036394
NC[C@H]1O[C@H](O[C@H]2[C@H](O)[C@@H](O[C@H]3O[C@H](CO)[C@@H](O)[C@H](N)[C@H]3O)[C@H](N)C[C@@H]2N)[C@H](O)[C@@H](O)[C@@H]1O,0.8344706
CC[C@@]1(O)C(=O)OCc2c1cc1n(c2=O)Cc2c-1nc1ccccc1c2CC[Si](C)(C)C,8.320823e-11
O=C(O)c1ccccc1C(=O)Nc1ccc(-c2ccccc2)cc1,0.045285963
C[C@H]1O[C@H](O[C@H]2[C@H](O)[C@@H](O)[C@@H](O)[C@H](O)[C@@H]2O)[C@@H](N)C[C@@H]1NC(=N)C(=O)O,3.654041e-05
N=C(N)SCCc1ccc(OCc2ccc([N+](=O)[O-])cc2)cc1,0.11688479
Nc1ncnc2c1c(-c1ccc(Cl)cc1)nn2-c1cccc(-c2cnnn2Cc2cccc(-c3ccccc3)c2)c1,0.09963327
O[C@@H]1[C@@H](O)[C@@H](O)O[C@@H]2CO[C@H](c3ccccc3)O[C@@H]12,0.00020365289
CCCCCCCCCCCCCCOc1ccc(C(=O)O)o1,0.017034886
CC(C)NC(=O)COc1cccc(-c2nc(Nc3ccc4n[nH]cc4c3)c3ccccc3n2)c1,3.0497053e-05
O=C1Cc2c([nH]c3ccc(Br)cc23)-c2ccccc2N1,0.05597584
O=C(c1ccc(F)cc1)C1CCN(CCn2c(=O)[nH]c3ccccc3c2=O)CC1,0.8850116
CC(=O)N1CCN(c2ccc(OC[C@@H]3CO[C@@](Cn4ccnc4)(c4ccc(Cl)cc4Cl)O3)cc2)CC1,0.2476388
C[C@H]1CCN1c1nc(N2C[C@@H]3[C@@H](CC(=O)O)[C@@H]3C2)cc(C(F)(F)F)n1,0.0001557312
C[C@@H](C(=O)O)c1cccc(C(=O)c2ccccc2)c1,0.009912622
O=C(c1ccccc1)c1ccc2n1CC[C@@H]2C(=O)O,7.235487e-05
CN1CCC(=C2c3ccccc3C=C(O)c3sccc32)CC1,0.00041427917
N#CCCCSC(=N)N,0.0047732103
COc1ccc([C@H]2CC(c3c(O)cc(C)oc3=O)=NCCS2)c(OC)c1,2.3500288e-06
CSc1nc(N)cc(Oc2ccc(-c3nnc(Nc4cccc(C(F)(F)F)c4)[nH]3)cc2)n1,0.0150321545
CCOC(=O)c1c(C(C#N)C=N)c2ccc(Cl)c(Cl)c2n1C,0.19311401
COc1c2occc2c(OC)c2c(=O)cc(C)oc12,0.006070398
CSc1ccccc1Nc1nc(N2CCNCC2)nc2c(NCC3CC3)ncnc12,0.41226614
CC(C)CNc1ccnc(NCc2csc(-c3ccccc3)n2)n1,0.023161251
Cc1noc(-c2ccc(CSCCC(=O)O)cc2)c1NC(=O)O[C@H](C)c1ccccc1Cl,0.0001454423
COc1cc(Oc2ccnc3cc(OC)c(OC)cc23)ccc1NC(=O)N[C@@H](C)c1nccs1,0.28454605
COc1cc2nccc(Oc3ccc(NC(=O)Nc4ccc(F)cc4F)c(F)c3)c2cc1OC,0.0215033
O=C1N[C@@H]2[C@@H](O)[C@@H](O)[C@H](O)[C@@H](CO)N2C1=O,1.7682003e-05
c1coc(CNc2ncnc3nc[nH]c23)c1,0.066766255
COC(=O)CCSCc1ccc(-c2onc(C)c2NC(=O)O[C@@H](C)c2ccccc2Cl)cc1,8.283358e-06
CS(=O)(=O)N(Cc1ccco1)C[C@@H](O)Cn1c2ccccc2c2ccccc21,0.00036712605
CN(C)CCNC(=O)COc1c2cccc1Cc1cccc(c1OCC(=O)NCCN(C)C)Cc1cccc(c1OCC(=O)NCCN(C)C)Cc1cccc(c1OCC(=O)NCCN(C)C)C2,0.00048408963
CC(C)(C)c1cc(/C=C2\CCOC2=O)cc(C(C)(C)C)c1O,4.4138527e-05
O=C(OC(C(F)(F)F)C(F)(F)F)N1CCC(C(O)(c2ccc3c(c2)OCO3)c2ccc3c(c2)OCO3)CC1,2.6336711e-05
CN([C@@H](Cc1ccc(OS(=O)(=O)c2cccc3cnccc23)cc1)C(=O)N1CCN(c2ccccc2)CC1)S(=O)(=O)c1cccc2cnccc12,0.11222646
COc1ccc(S(=O)(=O)N(CCO)c2ccccc2CN(C)C/C=C/c2ccc(Cl)cc2)cc1,0.008044309
COc1ccc2c3c([nH]c2c1)[C@H](CC(C)C)N1C(=O)[C@H](CCC(=O)OC(C)(C)C)NC(=O)[C@@H]1C3,2.725955e-05
NC1=NC(=O)N([C@H]2C[C@@H](O)[C@@H](CO)O2)CN1,0.0072467704
COc1cc(-c2ncn(/C=C\C(=O)OC(C)C)n2)cc(C(F)(F)F)c1,0.00014399462
O=C(/C=C\n1cnc(-c2cc(C(F)(F)F)cc(C(F)(F)F)c2)n1)N1CC(F)(F)C1,0.23354127
Nc1ccc(/C=C/C(=O)NCc2cc3cc(-c4ccc(C(=O)N5CCC(F)(F)CC5)cc4)cc(-c4ccc(F)cc4)c3o2)cn1,0.43293235
O=C(CSc1ccc(Br)cc1)Nc1cn(CCc2ccccc2)nc1C(=O)O,0.03505267
COc1cc(N2CCN(C(C)=O)CC2)ccc1Nc1ncc(Cl)c(Nc2ccc(N3CCN(C(C)=O)CC3)cc2OC)n1,0.012820744
CCCNC(=O)Nc1ccc(Oc2ncnc3cc(OC)c(OC)cc23)cc1Cl,0.00039063033
O=C(Nc1ccccc1C(=O)Nc1ccc(CCO)cc1)c1ccc([N+](=O)[O-])cc1,0.46929643
CCc1oc2ccccc2c1C(=O)c1ccc(OCC(=O)O)cc1,0.008103175
COc1ccc(-c2ccc3c(N4CCOCC4)nc(N4C[C@@H](C)O[C@@H](C)C4)nc3n2)cc1CO,0.00012493467
O=c1cc(-c2cccc3c2Sc2ccccc2S3)oc(N2CCOCC2)c1,0.00011834004
C[C@@H]1CN(CC(=O)Nc2ccc3c(c2)Cc2cccc(-c4cc(=O)cc(N5CCOCC5)o4)c2S3)C[C@H](C)O1,0.027416075
OC[C@H]1O[C@@H](Oc2cc3c(O)cc(O)cc3[o+]c2-c2ccc(O)c(O)c2)[C@H](O)[C@@H](O)[C@@H]1O,0.03682318
CC[C@@]1(c2ncc[nH]2)Cc2ccccc2O1,0.0010298775
O=C(c1ccc(/C=C/c2[nH]nc3ccccc23)cc1)N1CCNCC1,0.0036578386
CCc1c(O)cc(O)c(C(=O)c2ccc(OCCN3CCOCC3)c(OC)c2)c1CC(=O)N(CCOC)CCOC,0.0015365472
CCCn1c(=O)c2[nH]c(C34C[C@@H]5C[C@@H](C[C@H]3C5)C4)nc2n(CCC)c1=O,0.06876052
O=C(Cc1ccc(-c2ccc(OCCN3CCOCC3)cc2)cn1)NCc1ccccc1,0.17663364
O=C(O)c1cc(=O)c2ccccc2[nH]1,0.04096786
COc1ccc(CCC(=O)Nc2nc3ccc(Cl)cc3s2)cc1OC,0.0042060306
COc1cc(-c2cc(-c3cccc(O)c3)cnc2N)cc(OC)c1OC,0.3648497
CCCCOc1ccc(CC/C=C2\SC(=O)N(CCN)C2=O)cc1,0.00037282085
C[C@@H]1O[C@@H](O)[C@H](O)[C@H](O)[C@H]1O,0.0003442004
C[C@H](N)C(=O)O,0.5281765
N=C(N)NCCC[C@H](N)C(=O)O,0.0025788231
CCCCCCCCCCCCCCCC(=O)OC[C@H](O)[C@H]1OC(=O)C(=O)[C@@H]1O,0.0028900013
NC(=O)C[C@H](N)C(=O)O,0.01607579
N[C@@H](CC(=O)NO)C(=O)O,0.06953311
N[C@@H](CC(=O)O)C(=O)O,0.14801969
NC(=O)NCCC[C@H](N)C(=O)O,0.002208843
N[C@@H](CS)C(=O)O,0.009186295
N[C@@H](C[S@](=O)O)C(=O)O,0.89836526
N[C@@H](CSSC[C@H](N)C(=O)O)C(=O)O,0.0106459595
C[N+](C)(C)[C@@H](Cc1c[nH]c(=S)[nH]1)C(=O)O,2.4965113e-05
N[C@@H](CCC(=O)O)C(=O)O,0.59091544
NC(=O)CC[C@H](N)C(=O)O,0.07989409
O=C(O)[C@@H]1C[C@@H](O)CN1,0.0024434484
Nc1ccccc1C(=O)C[C@H](N)C(=O)O,0.00065860606
CC(C)C[C@H](N)C(=O)O,0.40434697
NCCCC[C@H](N)C(=O)O,0.0010269793
CSCC[C@H](N)C(=O)O,0.16955316
N[C@@H](CN1C=CC(=O)C(=O)C1)C(=O)O,0.5975721
CN[C@@H](CCCNC(=N)N)C(=O)O,0.00014173806
COC(=O)[C@@H](N)CCCNC(N)=N[N+](=O)[O-],1.4332554e-05
CC(=N)NCCCC[C@H](N)C(=O)O,0.008125777
C[C@H](Cc1ccccc1)Nc1ncnc2c1ncn2[C@@H]1O[C@H](CO)[C@@H](O)[C@H]1O,0.062143464
O=C(O)[C@@H]1CCCN1,7.5582044e-05
N[C@@H](Cn1oc(=O)[nH]c1=O)C(=O)O,0.81676435
CCNC(=O)CC[C@H](N)C(=O)O,0.00052631774
C[C@@H](O)[C@H](N)C(=O)O,0.0006379006
CC(C)[C@@H](N)C(=O)O,0.90892917
CC1(C)CC(=O)C([C@@H]2C3=C(CC(C)(C)CC3=O)Oc3ccccc32)C(=O)C1,0.00010515235
CCCCc1nn(-c2ccccc2C(F)(F)F)c(=O)n1Cc1ccc(-c2ccccc2S(=O)(=O)NC(=O)c2sccc2C)cc1,0.006444395
CCCc1c(OCCCOc2ccc(OCC(=O)O)cc2)ccc(C(C)=O)c1O,0.20259163
CCCOc1ccc(Br)cc1-c1cc(-c2ccc(Cl)cc2)[nH]c1-c1ccncc1,0.032476455
Cc1cccc(NC(=O)N[C@@H]2N=C(c3ccccc3)c3ccccc3N(C)C2=O)c1,0.002441881
Cc1ccccc1N1CCN(S(=O)(=O)C[C@]23CC[C@H](C[C@@H]2NC(=O)[C@@H](N)CCS(C)(=O)=O)C3(C)C)CC1,0.047201093
CCOC(=O)c1ncn2c1[C@@H]1CCCN1C(=O)c1cc(OC)ccc1-2,0.0010208187
Cc1c(CC(C)(C)C(=O)O)n(Cc2ccc(Cl)cc2)c2ccc(F)cc12,0.013778197
CS(=O)(=O)c1ccc(Cn2c3c(c4cc(F)cc(F)c42)CCC[C@@H]3CC(=O)O)cc1,0.0025129116
O=C(Nc1ccccc1)N[C@H]1C[C@H](C(=O)O)Nc2cc(Cl)cc(Cl)c21,0.5811834
CC(Oc1ccc(O)cc1)(P(=O)(O)O)P(=O)(O)O,0.04073575
c1ccc(CN2CCC3(CCc4ccccc43)CC2)cc1,0.0042526727
CS(=O)(=O)Nc1ccc(Cc2noc(-c3ccc4[nH]cc(CCN)c4c3)n2)cc1,0.0018835723
O=C(c1c(O)c2ccc(Cl)cc2[nH]c1=O)C1CC1,0.16890074
O=c1[nH]c2cc(Cl)ccc2c(O)c1-c1cccc(Oc2ccccc2)c1,0.12534659
CC(=O)N[C@H](Cc1c[nH]c2ccccc12)C(=O)OCc1cc(C(F)(F)F)cc(C(F)(F)F)c1,0.00036965427
FC(F)(F)c1cc(CO[C@H]2CCCN[C@H]2c2ccccc2)cc(C(F)(F)F)c1,0.010458516
Cc1c(C2CCN(CCc3ccccc3)CC2)noc1-c1ccc(Cl)cc1,0.0001723729
Clc1ccc(N2CCN(Cc3c[nH]c4ncccc34)CC2)cc1,9.104222e-05
CCCCCCNC(=O)Nc1ccc(S(=O)(=O)Nc2ccc(CCNC[C@H](O)COc3ccc(O)cc3)cc2)cc1,0.5662375
C[C@@H](O[C@H]1OCCN(Cc2n[nH]nc2CN(C)C)[C@H]1c1ccc(F)cc1)c1cc(C(F)(F)F)cc(C(F)(F)F)c1,0.0021570793
N#Cc1ccc(Cn2cncc2CN2CCN(c3cccc(Cl)c3)C(=O)C2)cc1,5.325369e-05
COc1ccc(Br)cc1S(=O)(=O)NC(=O)/C=C/c1ccccc1Cc1ccc2ccccc2c1,0.00039902207
Cn1ncnc1COc1nn2c(-c3cc(F)ccc3F)nnc2cc1C(C)(C)C,0.00012458563
C[C@@H](CCc1ccccc1)NC[C@@H](O)c1ccc(O)c(C(N)=O)c1,0.026498001
CCOC(=O)C1=C(C)NC(C)=C(C(=O)OCC)C1c1ccccc1/C=C/C(=O)OC(C)(C)C,0.0001391837
OC[C@@H](O)[C@@H](O[C@@H]1O[C@H](CO)[C@H](O)[C@H](O)[C@H]1O)[C@H](O)[C@@H](O)CO,6.4326356e-05
OC[C@H]1O[C@@H](O[C@@H]2[C@@H](CO)O[C@](O)(CO)[C@H]2O)[C@H](O)[C@@H](O)[C@H]1O,0.00093674136
O=C(C[S@@](=O)Cc1ccco1)NC/C=C\COc1cc(CN2CCCCC2)ccn1,0.001048778
Nc1ccn([C@@H]2CS[C@H](CO)O2)c(=O)n1,0.9956216
Nc1nnc(-c2cccc(Cl)c2Cl)c(N)n1,0.062106855
CC#Cc1cncc(-c2ccc3c(c2)[C@@]2(N=C(C)C(N)=N2)[C@]2(CC[C@H](OC)CC2)C3)c1,0.9508913
CC(=O)O[C@H]1C[C@H](O[C@H]2[C@@H](O)C[C@H](O[C@H]3[C@@H](O)C[C@H](O[C@H]4CC[C@@]5(C)[C@@H](CC[C@H]6[C@@H]5C[C@@H](O)[C@]5(C)[C@@H](C7=CC(=O)OC7)CC[C@]65O)C4)O[C@@H]3C)O[C@@H]2C)O[C@H](C)[C@H]1O[C@@H]1O[C@H](CO)[C@@H](O)[C@H](O)[C@H]1O,0.0004679766
CC1(C)OC[C@@H](COC(=O)CCc2ccc(OC[C@@H](O)CNCCNC(=O)N3CCOCC3)cc2)O1,0.0003045532
O=C(O)CCCc1cc2cc(Cl)ccc2n1S(=O)(=O)c1ccc2ncsc2c1,0.14257194
N#C/C(=C1/SC[C@H](c2ccccc2Cl)S1)n1ccnc1,0.9993993
CS(=O)(=O)CCNCc1ccc(-c2ccc3ncnc(Nc4ccc(OCc5cccc(F)c5)c(Cl)c4)c3c2)o1,0.026023319
CCN1C[C@]2(OC(=O)c3ccccc3NC(C)=O)CC[C@H](OC)[C@@]34[C@@H]2C[C@@H]([C@@H]13)[C@@]1(O)C[C@H](OC)[C@H]2C[C@@H]4[C@]1(O)[C@H]2OC,0.00074285857
CCN(C(=O)c1c(O)c2c(Cl)cccc2n(C)c1=O)c1ccccc1,0.09928958
CC(C)C[C@H](NC(=O)[C@@H](NC(=O)CNC(=O)CN)C(C)C)C(=O)N[C@H](C(=O)N[C@@H](CCC(N)=O)C(=O)N1CCC[C@H]1C(=O)NCC(=O)O)C(C)C,0.0031176764
CS(=O)(=O)c1cc(F)cc2c3c(n(Cc4ccc(Cl)cc4)c12)[C@@H](CC(=O)O)CC3,0.002352559
O=C(Nc1cnn2ccc(N3CCC[C@@H]3c3cc(F)ccc3F)nc12)N1CC[C@H](O)C1,0.17774461
CC[C@@H](C(=O)[C@@H](C)[C@@H](O)[C@H](C)CCc1ccc(C)c(O)c1C(=O)O)[C@H]1O[C@](CC)([C@H]2CC[C@](O)(CC)[C@H](C)O2)C[C@@H]1C,0.541837
CN1CCC(C(=O)c2cccc(NC(=O)c3c(F)cc(F)cc3F)n2)CC1,0.012408701
Oc1ccc2c(c1)CC[C@H](c1ccccc1)[C@@H]2c1ccc(OCCN2CCCC2)cc1,0.006545718
CC(C)OC(=O)CCC/C=C\C[C@@H]1[C@@H](CC[C@@H](O)CCc2ccccc2)[C@H](O)C[C@@H]1O,1.4964005e-05
Cc1ccc2c(c1)c1c(n2CCc2ccc(C)nc2)CCN(C)C1,3.3416225e-05
C/C1=C/C(=O)O[C@@H]2C[C@@H](CC[C@H](C)/C=C\CC1)O[C@@](O)([C@@H]1CSC(=O)N1)C2,0.0018462227
CCCCCCCCCCCC(=O)O,0.00083608594
CCCCCCCCCCCC(=O)N(CCO)CCO,0.47179863
CCCCCCCCCCCCN1CCCCCC1=O,0.00034064052
NCCNC(=O)c1ccc(Cl)cn1,3.623504e-05
C=CC(=O)Nc1cc(Nc2nccc(-n3cc(CN(C)C)c(-c4ccccc4)n3)n2)c(OC)cc1N1CCOCC1,0.031556506
CN1CCN(C(=O)[C@H]2[C@@H](C(=O)O)[C@@H]3CC[C@H]2O3)CC1,0.00010971009
O=C(c1cn(Cc2cncn2Cc2ccc(Br)cc2)cc1-c1cccc2ccccc12)N1CCOCC1,0.055128265
CN[C@@H](C)C(=O)N[C@H](C(=O)N1CCC[C@H]1c1nc(C(=O)c2ccc(F)cc2)cs1)C1CCCCC1,0.009032491
O=C(O)C[C@H]1CC[C@H](c2ccc(-c3ccc(Nc4ccc(C(F)(F)F)nc4)cn3)cc2)CC1,7.163073e-06
CCCCC(=O)N(Cc1ccc(-c2ccccc2-c2nn[nH]n2)cc1)[C@H](C(=O)O)C(C)C,0.008343086
CCOc1cn(-c2ccc(F)cc2C)nc1C(=O)Nc1ccc(Oc2ccnc3cc(OC)c(OC)cc23)c(F)c1,0.1974797
COc1ccc2nc3ccc(Cl)cc3c(SCCCN)c2c1,0.00328361
c1cc(-c2cnn3cc(-c4ccc(N5CCNCC5)cc4)cnc23)c2cccnc2c1,0.049007513
NNC(=O)CSc1nc2scc(-c3ccccc3)c2c(=O)n1-c1ccccc1,0.0031458298
CC(=O)O/N=C1/C(=O)N(Cc2cc(Cl)ccc2Cl)c2ccc(Cl)cc21,0.31595317
c1ccc2c(-c3cnn4cc(-c5ccc(N6CCNCC6)cc5)cnc34)ccnc2c1,0.03697915
CN1c2cc3c(cc2N=C(c2ccc(C(=O)O)cc2)c2ccccc21)C(C)(C)CCC3(C)C,0.0044499575
COC(=O)N[C@H](C(=O)N1CC2(CC2)C[C@H]1c1nc(-c2ccc3c(c2)C(F)(F)c2cc(-c4ccc5nc([C@@H]6[C@H]7CC[C@H](C7)N6C(=O)[C@@H](NC(=O)OC)C(C)C)[nH]c5c4)ccc2-3)c[nH]1)C(C)C,0.022757199
Cc1oncc1C(=O)Nc1ccc(C(F)(F)F)cc1,0.0014465696
Cc1ncc(OC[C@@]2(c3cccc(F)c3)C[C@H]2C(=O)Nc2ccc(F)cn2)c(C)n1,0.37054583
Nc1cccc2c1CN([C@H]1CCC(=O)NC1=O)C2=O,3.3293923e-05
CCC(=O)N1CC[C@H](Nc2ncnc3c2CN(c2cnc(OC)c(C(F)(F)F)c2)CC3)C1,1.49747675e-05
COc1cc2nccc(Oc3ccc(NC(=O)NC4CC4)c(Cl)c3)c2cc1C(N)=O,0.0025740552
COc1cc(C(=O)OCCCCNC(=N)N)cc(OC)c1O,0.0011964098
Cc1c(Cc2ccccc2)nnc(N2CCN(c3cnc(C(C)(C)O)cn3)[C@H](C)C2)c1C,0.00021072647
COC(=O)C1=C(C)NC(C)=C(C(=O)OC(C)(C)CN(C)CCC(c2ccccc2)c2ccccc2)[C@@H]1c1cccc([N+](=O)[O-])c1,0.0070606554
c1ccc(Cn2c(N3CCNCC3)nc3ccccc32)cc1,0.001674192
CCc1nn(CCO)c(CC)c1Oc1cc(C#N)cc(C#N)c1,7.4516906e-06
O=C(O)CSc1nnc(Br)n1-c1ccc(C2CC2)c2ccccc12,0.0017511518
C[C@]12O[C@@H](C[C@]1(O)CO)n1c3ccccc3c3c4c(c5c6ccccc6n2c5c31)CNC4=O,0.55385476
O=C(CCn1cnc2c(=O)nc[nH]c21)Nc1ccc(C(=O)O)cc1,0.0001926633
COc1cccc(N2CCN(C3=Nc4c(F)cccc4[C@H](CC(=O)O)N3c3cc(C(F)(F)F)ccc3OC)CC2)c1,0.15282828
CCOC(=O)CSCC[C@H]1N[C@H](C(=O)O)CS1,0.0030691307
N#C[C@H](c1ccc(F)cc1)c1c(Cl)cc(-n2ncc(=O)[nH]c2=O)cc1Cl,0.96324986
N#Cc1ccc(C(c2ccc(C#N)cc2)n2cncn2)cc1,5.8187455e-09
CN(C)c1ccc2c(c1)Sc1cc(N(C)C)ccc1N2,1.5766902e-05
COC(=O)[C@H](CC(C)C)NC(=O)[C@@H](N)CC(C)C,0.00023714615
CCNC(=O)[C@@H]1CCCN1C(=O)[C@H](CCCNC(=N)N)NC(=O)[C@H](CC(C)C)NC(=O)[C@@H](CC(C)C)NC(=O)[C@H](Cc1ccc(O)cc1)NC(=O)[C@H](CO)NC(=O)[C@H](Cc1c[nH]c2ccccc12)NC(=O)[C@H](Cc1cnc[nH]1)NC(=O)[C@@H]1CCC(=O)N1,0.03162647
CC(C)(C)NC[C@H](O)c1ccc(O)c(CO)c1,0.00019579378
C=CCN1CC[C@]23CCCC[C@H]2[C@H]1Cc1ccc(O)cc13,1.4850612e-05
c1ccc([C@H]2CN3CCSC3=N2)cc1,5.105714e-05
CCOC(=O)C1=C(COCCN)NC(C)=C(C(=O)OC)[C@@H]1c1ccccc1Cl,0.00012975895
CC[C@@H](C(N)=O)N1CCCC1=O,6.74715e-05
CN1C[C@H]2CCC[C@@H](C1)[C@@H]2OC(=O)[C@](O)(c1ccccc1)C1CCCC1,0.004921833
CC(C)NC[C@H](O)COc1ccc(CCOCC2CC2)cc1,0.00027945594
CC(C)(C)NC[C@H](O)COc1cccc2c1CCCC2=O,4.359001e-05
CC(C)(C)NC[C@@H](O)COc1cccc2c1CCCC2=O,3.700424e-05
C[C@@H]1CN([C@H]2CC[C@](C#N)(c3ccc(F)cc3)CC2)CC[C@]1(C(=O)O)c1ccccc1,0.00041524787
C[N+](C)(C)C[C@H](O)CC(=O)O,5.671802e-05
CCC(=O)O[C@H](CC(=O)O)C[N+](C)(C)C,1.45367e-06
O=C(O)COCCN1CCN([C@H](c2ccccc2)c2ccc(Cl)cc2)CC1,0.00043976746
N[C@@H](Cc1ccc(O)c(O)c1)C(=O)O,0.91026795
C[C@H]1COc2c(N3CCN(C)CC3)c(F)cc3c(=O)c(C(=O)O)cn1c23,0.9967962
CC(C)=CCC[C@](C)(O)[C@@H]1CC=C(C)CC1,2.1658636e-05
CC(C)[C@@H]1CC[C@@H](C)C[C@H]1O,6.444387e-05
COc1ccc2c(c1)N(C[C@H](C)CN(C)C)c1ccccc1S2,5.859182e-05
c1ccc2c(c1)Sc1ccccc1N2C[C@H]1CN2CCC1CC2,2.7382634e-05
C[C@H](N)[C@H](O)c1ccc(O)c(O)c1,0.0023940953
C#C[C@]1(O)CC[C@H]2[C@@H]3CCC4=CC(=O)CC[C@@H]4[C@H]3CC[C@@]21CC,9.107295e-05
CCC(=O)OC(Cc1ccccc1)(c1ccccc1)[C@@H](C)CN(C)C,0.0012092332
C[C@@H]1CC(=O)NN=C1c1ccc(NN=C(C#N)C#N)cc1,9.97904e-06
CCN1CCC[C@H]1CNC(=O)c1cc(S(N)(=O)=O)ccc1OC,0.006306056
N[C@@H](Cc1cc(I)c(Oc2cc(I)c(O)c(I)c2)c(I)c1)C(=O)O,0.00050249713
CC(=O)[C@@H](C#N)C(=O)Nc1cc(Br)ccc1Br,0.00032524602
Cc1cc(C)c(-c2ccc(NC(=O)[C@H](Cc3ccc(C(=O)NCCS(=O)(=O)O)cc3)c3ccc(-c4ccc(C(C)(C)C)cc4)cc3)cc2)c(C)c1,0.41825727
Cc1cc(-c2ncc(CC(=O)Nc3ccc(-c4cnccn4)cn3)cc2C)ccn1,9.192611e-05
Cc1cc2sc(NC(=O)Cc3ccccc3)nc2cc1Cl,0.022919113
Clc1cccc([C@H](c2ccc3nc[nH]c3c2)n2ccnc2)c1,0.0074727573
NC(=O)N1c2ccccc2C[C@@H](O)c2ccccc21,0.017740695
C=CC(C)(C)c1cc(/C=C/C(=O)c2ccc(O)cc2)c(OC)cc1O,0.0017029243
CC1(C)Cc2c(-c3ccccc3)c(-c3ccc(Cl)cc3)c(CC(=O)O)n2C1,0.0015158621
CCc1ccc([C@@H]2O[C@H](CO)[C@@H](O)[C@H](O)[C@H]2O)cc1Cc1ccc2c(c1)OCCO2,0.0074734655
O=c1[nH]c2cc(Cl)c(Cl)c([N+](=O)[O-])c2[nH]c1=O,0.09871129
CNC(=N)NC(=O)Nc1c(C)cccc1C,0.01679048
CCN(CC)CC(=O)Nc1c(C)cccc1C,1.9297884e-06
Cc1cccc(C)c1NC(=O)CN1CCN(CCCC(c2ccc(F)cc2)c2ccc(F)cc2)CC1,5.6437675e-05
O=C1CCc2c(Oc3ccc4c(c3)[C@@H]3[C@H](O4)[C@H]3c3nc4ccc(C(F)(F)F)cc4[nH]3)ccnc2N1,0.009881218
CS(=O)(=O)c1cccc(C[C@H](NC(=O)c2c(Cl)cc3c(c2Cl)CCN(C(=O)c2ccc4ccoc4c2)C3)C(=O)O)c1,0.37170944
CCC/C=C1\OC(=O)C2=C1CCC=C2,0.00046070182
CCCC[C@H](C)C[C@H](O)/C=C/[C@H]1[C@H](O)CC(=O)[C@@H]1CCCC/C=C/C(=O)O,0.002769486
CC(C)C(=O)Nc1ncc(-c2cc(C(F)F)nn2-c2c(Cl)cccc2Cl)s1,0.96117866
CC1(C)O[C@H]2CC(=O)OC[C@]23[C@H]2CC[C@@]4(C)[C@H](c5ccoc5)OC(=O)[C@H]5O[C@]54[C@]2(C)C(=O)C[C@@H]13,3.8255737e-05
C[C@@H]1NC(=O)[C@@H]2CCCN2C(=O)[C@H](CC(N)=O)NC(=O)[C@@H]2CSSC[C@H](N)C(=O)N[C@H]3CSSC[C@H](NC1=O)C(=O)N[C@@H]([C@@H](C)O)C(=O)NCC(=O)N[C@H](C(=O)N[C@@H](Cc1ccc(O)cc1)C(=O)O)CSSC[C@H](NC(=O)[C@H](Cc1ccc(O)cc1)NC(=O)[C@H](CCC(=O)O)NC3=O)C(=O)N2,0.8828747
CC#CCn1c(N2CCC[C@@H](N)C2)nc2c1c(=O)n(Cc1nc(C)c3ccccc3n1)c(=O)n2C,0.043768417
C=C[C@](C)(O)CCC=C(C)C,7.479336e-05
Cc1cccc(C)c1CNc1cc(C(=O)NCCO)cn2c(C)c(C)nc12,0.00015310914
CCC[C@@H]1C[C@@H](C(=O)N[C@@H]([C@H]2O[C@H](SC)[C@H](O)[C@@H](O)[C@H]2O)[C@@H](C)O)N(C)C1,0.117269576
Cl[C@H]1[C@H](Cl)[C@@H](Cl)[C@@H](Cl)[C@H](Cl)[C@H]1Cl,1.0
CC(=O)NC[C@H]1CN(c2ccc(N3CCOCC3)c(F)c2)C(=O)O1,0.0077610724
Cc1ccc(F)c(NC(=O)Nc2ccc(-c3cccc4n[nH]c(N)c34)cc2)c1,0.0019793296
CCCCC/C=C\C/C=C\CCCCCCCC(=O)O,0.00062386715
O=C1N(c2ccccc2)c2ccccc2C1(Cc1ccncc1)Cc1ccncc1,0.0057180207
Nc1c[n+](N2CCOCC2)no1,0.00023400059
C[C@]1(O)C[C@@H](c2nc(-c3ccc4ccc(-c5ccccc5)nc4c3)c3c(N)nccn32)C1,0.9441539
CCN1CCN=C1CNC(=O)c1cc(Cl)c(N)cc1OC,2.16239e-06
N[C@@H](Cc1cc(I)c(Oc2ccc(O)c(I)c2)c(I)c1)C(=O)O,0.03617189
N[C@H](Cc1cc(I)c(Oc2ccc(O)c(I)c2)c(I)c1)C(=O)O,0.0030689295
NC(=O)CCCC[C@H]1CCSS1,0.0012525056
O=C1C[C@@H](c2ccc(O[C@@H]3O[C@H](CO)[C@@H](O)[C@H](O)[C@H]3O)cc2)Oc2cc(O)ccc21,0.0062148487
CCCCCCCCCCCCCCCC(=O)N[C@@H](CCC(=O)NCCCC[C@H](NC(=O)[C@H](C)NC(=O)[C@H](C)NC(=O)[C@H](CCC(N)=O)NC(=O)CNC(=O)[C@H](CCC(=O)O)NC(=O)[C@H](CC(C)C)NC(=O)[C@H](Cc1ccc(O)cc1)NC(=O)[C@H](CO)NC(=O)[C@H](CO)NC(=O)[C@@H](NC(=O)[C@H](CC(=O)O)NC(=O)[C@H](CO)NC(=O)[C@@H](NC(=O)[C@H](Cc1ccccc1)NC(=O)[C@@H](NC(=O)CNC(=O)[C@H](CCC(=O)O)NC(=O)[C@H](C)NC(=O)[C@@H](N)Cc1cnc[nH]1)[C@@H](C)O)[C@@H](C)O)C(C)C)C(=O)N[C@@H](CCC(=O)O)C(=O)N[C@@H](Cc1ccccc1)C(=O)N[C@H](C(=O)N[C@@H](C)C(=O)N[C@@H](Cc1c[nH]c2ccccc12)C(=O)N[C@@H](CC(C)C)C(=O)N[C@H](C(=O)N[C@@H](CCCNC(=N)N)C(=O)NCC(=O)N[C@@H](CCCNC(=N)N)C(=O)NCC(=O)O)C(C)C)[C@@H](C)CC)C(=O)O,0.25362042
COc1cccc(N(C)C(=S)Oc2ccc3c(c2)CCCC3)n1,0.010699914
CS(=O)(=O)Oc1ccc2c(NC(N)=O)c(C(=O)c3ccc(Cl)cc3Cl)oc2c1,0.67476386
Nc1ccc(C(=O)OC[C@@H](O)CO)cc1,0.00034737494
NCCCC[C@H](N[C@@H](CCc1ccccc1)C(=O)O)C(=O)N1CCC[C@H]1C(=O)O,0.0012429791
C[C@@H](O)CCCCn1c(=O)c2c(ncn2C)n(C)c1=O,0.0068826787
CCN(CC)C(=O)N[C@H]1C=C2c3cccc4[nH]cc(c34)C[C@H]2N(C)C1,0.00013639638
CC(=O)CC(=O)O,0.0022938356
C[C@H](CCC(=O)O)[C@H]1CC[C@H]2[C@@H]3CC[C@@H]4C[C@H](O)CC[C@]4(C)[C@H]3CC[C@]12C,7.5537205e-06
CCNCCS(=O)(=O)NC[C@@]1(c2ccccc2)SC(NC(=O)C(C)(C)C)=NN1C(=O)C(C)(C)C,0.017473517
Cc1ccc(F)cc1C(=O)Nc1ccc(C(=O)N2Cc3cccn3Cc3ccccc32)c(Cl)c1,0.68973774
O=C(NCCO)c1cc(C(=O)NCCO)cc(C(=O)NCCO)c1,0.0003616959
CC1(C)CC(Oc2ccc(-c3ccc(-c4cn[nH]c4)cc3O)nn2)CC(C)(C)N1,0.004065563
Cc1cc(C)cc(C(=O)NOCCCCCC(=O)NO)c1,0.027432363
CC[C@@H](C)[C@@H](N)C(=O)NCCN1CCOCC1,0.043415133
CN1[C@@H](CC(=O)c2ccccc2)CCC[C@H]1C[C@H](O)c1ccccc1,0.00022865161
CCOC(=O)Nc1nc2ccccc2[nH]1,3.6600846e-05
O=C(O)c1ccccc1Nc1cc(Cl)ccc1C(=O)O,0.42800528
Nc1ncnc2c1ncn2[C@@H]1O[C@H](CO)C[C@@H]1F,0.93645644
N#Cc1cc(NC(=O)C(=O)O)c(Cl)c(NC(=O)C(=O)O)c1,4.5504887e-05
Cc1[nH]cnc1-c1ccc(Cl)cc1,0.00036395836
CN(CCCN1c2ccccc2CCc2ccccc21)CC(=O)c1ccc(Cl)cc1,0.0053511257
C[C@@H](Oc1c(Cl)cccc1Cl)C1=NCCN1,0.11971419
CCn1cc(C(=O)O)c(=O)c2cc(F)c(N3CCN[C@@H](C)C3)c(F)c21,0.9988682
Nc1nc(OCc2cc(Br)cs2)c2[nH]cnc2n1,0.13301687
COc1ccc(CN2CCN(C(c3ccc(F)cc3)c3ccc(F)cc3)CC2)c(OC)c1OC,0.026373755
Nc1nc(=O)c2c([nH]1)NC[C@H](CCc1ccc(C(=O)N[C@@H](CCC(=O)O)C(=O)O)cc1)C2,0.010234865
O=C(NC1CCN(CCCCC2(C(=O)NCC(F)(F)F)c3ccccc3-c3ccccc32)CC1)c1ccccc1-c1ccc(C(F)(F)F)cc1,0.25974685
O=C(NC1CCCCC1)N(CCCl)[NH2+][O-],1.7970204e-06
NC(=O)N1CCC(CC(=O)N2CCC([C@H]3c4ncc(Br)cc4CCc4cc(Cl)cc(Br)c43)CC2)CC1,0.4226602
O=C(O)c1nn(Cc2ccc(Cl)cc2Cl)c2ccccc12,0.75799084
CN(C)C(=O)C(CCN1CCC(O)(c2ccc(Cl)cc2)CC1)(c1ccccc1)c1ccccc1,0.0056012464
Cc1cccc(C)c1OCC(=O)N[C@@H](Cc1ccccc1)[C@@H](O)C[C@H](Cc1ccccc1)NC(=O)[C@H](C(C)C)N1CCCNC1=O,0.00019578463
N[C@@H](C(=O)N[C@@H]1C(=O)N2C(C(=O)O)=C(Cl)CC[C@H]12)c1ccccc1,0.78436065
CCOC(=O)N1CCC(=C2c3ccc(Cl)cc3CCc3cccnc32)CC1,0.001206396
Cl/C(=C\n1cncn1)c1ccc(Cl)cc1Cl,0.0029953783
CC(=O)N(C)c1cc(-c2ccnc3c(C(=O)c4cccs4)cnn23)ccc1F,0.0010607884
CCCCCN(CCCCC)C(=O)[C@@H](CCC(=O)O)NC(=O)c1ccc(Cl)c(Cl)c1,0.013610897
C[C@H]1Oc2cc(cnc2N)-c2c(nn(C)c2C#N)CN(C)C(=O)c2ccc(F)cc21,0.99129665
CN1C(C(=O)Nc2ccccn2)=C(O)c2sc(Cl)cc2S1(=O)=O,0.0005402085
CCCCc1nc(Cl)c(CO)n1Cc1ccc(-c2ccccc2-c2nn[nH]n2)cc1,0.0009254722
Cc1c(F)cc(C(=O)NC2CC2)cc1-c1ccc(C(=O)NCC(C)(C)C)cn1,0.0010071852
CNc1nc(-c2cccc(NC(=O)c3ccc(C(=O)OC)cc3)c2)c2cc(OC)c(OC)cc2n1,0.0021816522
CCOC(=O)O[C@]1(C(=O)OCCl)CC[C@H]2[C@@H]3CCC4=CC(=O)C=C[C@]4(C)[C@H]3[C@@H](O)C[C@@]21C,0.08227373
CC[C@H](C)C(=O)O[C@H]1C[C@@H](C)C=C2C=C[C@H](C)[C@H](CC[C@@H]3C[C@@H](O)CC(=O)O3)[C@H]21,0.01436567
CN1CCN(C2=Nc3ccccc3Oc3ccc(Cl)cc32)CC1,0.00606596
CC(C)CCNC(=O)[C@H](CC(C)C)NC(=O)[C@H]1O[C@@H]1C(=O)O,0.00083814387
C[C@@H](C(=O)O)c1ccc(C[C@H]2CCCC2=O)cc1,0.0005699361
Nc1nc(O[C@@H](c2ccc(-c3cccc(F)c3)cc2)C(F)(F)F)cc(-c2ccc(C[C@H](N)C(=O)O)cc2)n1,0.7688215
Cc1csc2c(N[C@@H](C)CN3CCN(S(=O)(=O)c4ccc(Cl)c(Cl)c4)CC3)ncnc12,0.33360267
COc1cc(C(=O)N2CCC(N3CCN(C)CC3)CC2)ccc1Nc1ncc2c(n1)N(C)c1ccccc1C(=O)N2C,0.59697855
CC(C)NC(=O)c1ccc(C#Cc2ccncc2)cn1,0.00016579324
CC(F)(F)c1cc(F)ccc1-c1sc2cc(O)ccc2c1Oc1ccc(/C=C/C(=O)O)cc1,0.026120473
N=C(Nc1ccccc1)c1cccs1,0.0129897455
CCCCC/C=C\C[C@@H](O)/C=C/C=C/C=C\[C@@H](O)CCCC(=O)O,0.00082156045
NCCCC[C@H](NC(=O)[C@@H](NC(=O)[C@H](Cc1c[nH]c2ccccc12)NC(=O)[C@H](CCCCN)NC(=O)[C@H](CCCCN)NC(=O)[C@H](Cc1c[nH]c2ccccc12)NC(=O)[C@H](Cc1c[nH]c2ccccc12)NC(=O)[C@H](CCCCN)NC(=O)[C@@H](N)CCCCN)C(c1ccccc1)c1ccccc1)C(N)=O,0.5916352
CC(C)(C)CC(=O)Nc1c(F)cc(C(=O)/N=c2\sccn2COP(=O)(O)O)cc1F,0.005628447
CCCCC(F)(F)C(=O)CC[C@H]1[C@H](O)CC(=O)[C@@H]1CCCCCCC(=O)O,1.3674324e-05
CCN(CC)CCNc1ccc(C)c2sc3ccccc3c(=O)c12,2.50024e-05
CNC(=O)c1cccc2cc(Oc3ccnc4cc(OCC5(N)CC5)c(OC)cc34)ccc12,0.043804742
N#Cc1c(N)nc(SCc2ncc[nH]2)c(C#N)c1-c1ccc(O)cc1,0.0006049423
O=C(NC(=O)c1c(F)cccc1F)Nc1cc(Cl)c(OC(F)(F)[C@@H](F)C(F)(F)F)cc1Cl,0.00050621474
N#C/C(=C1/SC[C@@H](c2ccc(Cl)cc2Cl)S1)n1ccnc1,0.9989672
Cc1ccc(NC(=O)C2(c3ccc4c(c3)OC(F)(F)O4)CC2)nc1-c1cccc(C(=O)O)c1,0.34101385
CN1CCN2c3c(cccc31)[C@@H]1CN(CCCC(=O)c3ccc(F)cc3)CC[C@@H]12,0.0050383746
CCCCN(CCCC)C[C@@H](O)c1cc(Cl)cc2c1-c1ccc(Cl)cc1/C2=C/c1ccc(Cl)cc1,0.00067493785
Cc1ccc(Nc2c(F)cccc2Cl)c(CC(=O)O)c1,0.02128223
O=C1CCC[C@@H]2[C@H]3C[C@@H](CN12)[C@@H]1CCCCN1C3,3.1406078e-06
O=C1[C@@H]2[C@H]3CC[C@H](C3)[C@@H]2C(=O)N1C[C@@H]1CCCC[C@H]1CN1CCN(c2nsc3ccccc23)CC1,0.0004932663
Cc1nc2ccccn2c(=O)c1CCN1CCc2oc3ccccc3c2C1,0.02049348
CCCCCCO[C@@H](C)c1cccc(-c2csc(NC(=O)c3cc(Cl)c(/C=C(\C)C(=O)O)c(Cl)c3)n2)c1OC,0.103934966
CC1=C[C@H](O)CC(C)(C)[C@H]1/C=C/C(C)=C/C=C/C(C)=C/C=C/C=C(C)/C=C/C=C(C)/C=C/C1=C(C)C[C@@H](O)CC1(C)C,0.0026978576
O=c1cc(-c2ccc(O)c(O)c2)oc2cc(O)cc(O)c12,0.007145163
CC(=O)NCCc1c(Cc2ccccc2)[nH]c2ccccc12,0.12579457
Cc1ccc(NC(=O)c2ccnc(C(F)(F)F)c2)cc1-c1cc(OCCO)nc(N2CCOCC2)c1,0.0008879568
Fc1ccc(-c2c3cccc(C(F)(F)F)c3nn2Cc2ccc(F)cc2Cl)cc1,0.36434546
CC1(N)CCN(c2cccnc2NC(=O)c2nc(-c3ncccc3C(F)(F)F)cnc2N)CC1,0.18933447
COc1cccc(-c2ccc([C@@H](Oc3cc(-c4ccc(C[C@H](N)C(=O)O)cc4)nc(N)n3)C(F)(F)F)cc2)c1,0.69176084
Cc1c[nH]c2ncnc(N3CCC(CN)(C(=O)Nc4cccc(OC(=O)N(C)C)c4)CC3)c12,0.0035925629
CC(C)=CCC/C(C)=C/C=C/C(C)=C/C=C/C(C)=C/C=C/C=C(C)/C=C/C=C(C)/C=C/C=C(\C)CCC=C(C)C,0.00019056353
CC(C)c1ccc2c(c1)CC[C@H]1[C@](C)(CN)CCC[C@]21C,0.00041983795
CN(C)[C@@H]1C(=O)[C@@H](C(=O)NCNCCCC[C@H](N)C(=O)O)C(=O)[C@@]2(O)C(=O)[C@@H]3C(=O)c4c(O)cccc4[C@@](C)(O)[C@H]3C[C@@H]12,0.329807
C#C[C@]1(O)CC[C@H]2[C@@H]3CCC4=CCCC[C@@H]4[C@H]3CC[C@@]21C,7.8543795e-05
NCCCC[C@H](NC(=O)[C@@H]1CCCN1C(=O)[C@@H]1CSSC[C@H](N)C(=O)N[C@@H](Cc2ccc(O)cc2)C(=O)N[C@@H](Cc2ccccc2)C(=O)N[C@@H](CCC(N)=O)C(=O)N[C@@H](CC(N)=O)C(=O)N1)C(=O)NCC(N)=O,0.0050714496
O=C1NC(=O)C(c2cnc3ccccn23)=C1c1cn2c3c(cc(F)cc13)CN(C(=O)N1CCCCC1)CC2,0.891972
c1ccc(-c2nn3c(c2-c2ccnc4cc(OCCN5CCOCC5)ccc24)CCC3)nc1,0.0001843344
N[C@@]1(C(=O)O)CS(=O)(=O)[C@H]2[C@H](C(=O)O)[C@H]21,0.004601528
O=C(O)[C@@H]1C[C@H]2C[C@@H](CCc3nn[nH]n3)CC[C@H]2CN1,0.19289327
Cc1cccc(-c2nn3c(c2-c2ccnc4ccc(C(N)=O)cc24)CCC3)n1,0.023424389
CN(C)C(=O)n1nnnc1Cc1ccc(-c2ccccc2)cc1,0.0058901273
CC(C)(C)Cn1c(N)nc2ccc(-c3nc(C(C)(C)C)[nH]c3-c3ccc(F)cc3)nc21,0.0018554643
COc1ccc(/C=C/CCCCOc2ccc(C(=O)c3cccc(C(=O)O)c3)cc2CCC(=O)O)cc1,0.69149756
CC(C)Oc1cccc(-n2c(CCc3c[nH]c4ccc(Br)cc34)nc3ccccc3c2=O)c1,0.02115621
CCNCc1cc(C(C)(C)C)c(O)c(C(C)(C)C)c1,0.00078521756
CCCC(CCC)C(=O)Nc1ccn([C@@H]2O[C@H](CO)[C@@H](O)C2(F)F)c(=O)n1,0.4921768
CN(CCOc1ccc(-c2ccc3c(c2)OCO3)cc1C(C)(C)C)CC(=O)O,0.00044486395
CC(C)OC(=O)N[C@H]1Cc2c(n(Cc3ccccn3)c3ccc(C#N)cc23)C1,8.855336e-05
CC(C)NCCCC[C@H](NC(=O)[C@H]1CCC(=O)N[C@@H](Cc2ccccc2)C(=O)N[C@H](Cc2ccc(O)cc2)C(=O)N[C@@H](CCCCNC(C)C)C(=O)N[C@H](CCCN=C(N)N)C(=O)N[C@@H](Cc2ccc3ccccc3c2)C(=O)NCC(=O)N1)C(N)=O,0.008105345
CCc1cc(C(C)=O)c(O)cc1OCCCCCC(C)(C)c1nn[nH]n1,0.001879666
Cn1cc(-c2ccc(F)c(C(F)(F)F)c2)nc1C1CCN(c2ncnc3n[nH]cc23)CC1,0.39900813
Cc1cnc(NC(=O)Nc2cc(Br)c(C)cc2OC[C@@H]2CNCCO2)cn1,0.9657259
COc1cccc(OCCCN)c1-c1cc(Nc2cnc(C#N)cn2)[nH]n1,0.02577373
O=C(Nc1ncc(SCCN2CCCC2)s1)[C@]1(c2ccc(S(=O)(=O)C3CC3)cc2)C[C@H]1C1CCCCC1,0.79803085
COc1ccc(C[C@H]2NCCc3c2[nH]c2ccc(C)cc32)c(Cl)c1OC,0.0018883591
Cc1cc(Nc2cc(CN3CCOCC3)c3nc(C)c(Cc4ccc(Cl)cc4F)n3n2)[nH]n1,0.3909331
NC(=O)c1ccc(Oc2ccc(CN3CCC[C@H]3c3cccnc3)cc2)c(Cl)c1,0.03194473
Cc1ccc(C(=O)Nc2ccc(Oc3cc4cnn(C)c4cc3-c3cn[nH]c3)c(F)c2)c(=O)n1-c1ccc(F)cc1,0.91505027
C[C@@]1(c2cc(-c3cncnc3)c(F)cc2F)CCSC(N)=N1,0.16784495
Cc1nc(N2CCN(C)CC2)c2nc(-c3ccccc3Cl)n(C3CCOCC3)c2n1,0.0055299597
CC(C)c1c2cc(-c3ccnc(N[C@H]4CC[C@H](NC5CCOCC5)CC4)n3)ccc2nn1C,1.2279271e-06
C[C@@H](Oc1ccc2n[nH]c(/C=C/c3cnn(CCO)c3)c2c1)c1c(Cl)cncc1Cl,0.2346228
O=C1NN(C(=O)Nc2ccc(Br)cc2)[C@@H](c2ccccc2)[C@@H]1c1ccccc1,8.913459e-06
NC1=N[C@@]2(c3cc(NC(=O)c4ccc(F)cn4)ccc3F)COC[C@H]2CS1,0.013648746
O=c1cc(N2CCOCC2)oc2c(-c3ccccc3)cccc12,0.0004995796
C[C@H](N)C(=O)N[C@@]1(C(=O)O)C[C@@H](Sc2nnc[nH]2)[C@H]2[C@H](C(=O)O)[C@H]21,0.00011162253
CNC(=O)O[C@H]1COc2ccc(N3CCN(C4COC4)CC3)cc2[C@@H]1NC(=O)c1ccc(F)cc1,1.03735965e-05
CNc1ncc2cc(-c3cc(NC(=O)NCCC(C)(C)C)c(F)cc3C)c(C)nc2n1,0.19104809
CO[C@@H](C)Cn1c(=O)n(C)c2cnc3ccc(-c4cncc(C(C)(C)O)c4)cc3c21,0.18804541
O=c1cc(N2CCNCC2)oc2c(-c3ccccc3)cccc12,0.00018105208
CC1(C)C(=O)N(CCN2CCC(C(=O)c3ccc(F)cc3)CC2)c2ccccc21,0.008484377
CCc1c(CC(N)=O)c2cc(OCCCP(=O)(O)O)ccc2n1Cc1ccccc1,4.7775135e-05
CC(C)(O)c1cc(Nc2cc(Oc3cn(C4CC4)nc3C3CCOCC3)ccn2)ccn1,0.026194045
COc1ccc(-c2oc3cc(OC)ccc3c2C(=O)c2ccc(C#N)cc2)cc1,0.00029232138
Cn1nccc1Nc1nccc(-c2cc3c(s2)C(C)(C)N(CCN2CCOCC2)C3=O)n1,0.7699514
Cc1cc(Nc2ccc(F)c(C[C@@]3(C(=O)O)CCN(Cc4cccc(Cl)c4F)[C@H](C)C3)n2)n[nH]1,0.46353215
CN1CCC(c2c[nH]c3ccc(NC(=O)c4ccc(F)cc4)cc23)CC1,0.0011253259
CN(C)[C@@H]1CCc2[nH]c3ccc(NC(=O)c4ccc(F)cc4)cc3c2C1,4.82147e-05
c1ccc(-c2n[nH]cc2-c2ccnc3ccccc23)nc1,0.0010042896
CC(C)N1Cc2cc(S(C)(=O)=O)ccc2N(CCN2CC=C(c3c[nH]c4cc(F)ccc34)CC2)S1(=O)=O,0.03485177
CC(C)S(=O)(=O)NC[C@H](C)c1ccc(-c2ccc(C#N)cc2)cc1,0.99083436
C[C@H](NC(=O)[C@@H](O)c1cc(F)cc(F)c1)C(=O)N[C@@H]1C(=O)N(C)c2ccccc2-c2ccccc21,0.0051457025
CC(C)S(=O)(=O)NC[C@H](C)c1ccc(NC(=O)c2cc(F)cc(F)c2)cc1,0.00056961057
COc1ccc(Nc2ncnc3ccc(OC)cc23)cc1,0.0013513081
N=C(N=C(N)N)Nc1cccc(Cl)c1,0.0005231732
Oc1cccc(-c2c3nc(c(-c4cccc(O)c4)c4ccc([nH]4)c(-c4cccc(O)c4)c4ccc([nH]4)c(-c4cccc(O)c4)c4nc2C=C4)C=C3)c1,3.8598307e-09
CCCCCC(O)CCCC(=O)O,4.0292623e-05
CCCC(CCC)C(=O)NCc1ccc2c(cnn2-c2ccccc2OC)c1,0.012930116
Cc1cc(C)c(S(=O)(=O)Nc2cccc(C(F)(F)F)c2)c(C)c1,0.00016838007
CN(C)c1ccc(C(=O)NCCCCCCC(=O)NO)cc1,0.016720548
CC(C)Cc1ccc([C@@H](C)C(=O)NCCO)cc1,0.026327457
CC(C)(C)NC[C@@H](O)c1cc(Cl)c(N)c(C(F)(F)F)c1,0.0014211554
COc1cc(C[C@H](C)[C@H](C)Cc2ccc3c(c2)OCO3)ccc1O,3.457627e-05
CCCNS(=O)(=O)Nc1ncnc(OCCOc2ncc(Br)cn2)c1-c1ccc(Br)cc1,0.034019995
CCCCS(=O)(=O)Nc1ncnc(OCCOc2ncc(Br)cn2)c1-c1ccc(Br)cc1,0.057338186
O=c1nc(N2CCN(CC3CCCCC3)CC2)sc2c([N+](=O)[O-])cc(C(F)(F)F)cc12,0.40696722
C[C@H]1[C@H](C)CC[C@]2(C(=O)O[C@@H]3O[C@H](CO[C@@H]4O[C@H](CO)[C@@H](O[C@@H]5O[C@@H](C)[C@H](O)[C@@H](O)[C@H]5O)[C@H](O)[C@H]4O)[C@@H](O)[C@H](O)[C@H]3O)CC[C@]3(C)C(=CC[C@@H]4[C@@]5(C)C[C@@H](O)[C@H](O)[C@@](C)(CO)[C@@H]5[C@H](O)C[C@]43C)[C@H]12,0.0100454865
COc1ccc2c(C)nc(Nc3nc(=O)c(C)c(C)[nH]3)nc2c1,0.10592979
NCc1ccc(S(N)(=O)=O)cc1,0.06955944
C=CCc1ccc(O)c(-c2cc(CC=C)ccc2O)c1,9.238174e-05
CCOC(=O)C[C@@H](SP(=S)(OC)OC)C(=O)OCC,7.87467e-09
O=C(O)C[C@H](O)C(=O)O,0.48310912
CC(C)OC(=O)C(C(=O)OC(C)C)=C1SC=CS1,0.13309126
O=C(O)[C@H](O)[C@@H](O)[C@H](O[C@@H]1O[C@H](CO)[C@H](O)[C@H](O)[C@H]1O)[C@H](O)CO,0.025317999
O=C(O)[C@H](O)c1ccccc1,0.10149341
Cc1nc(COP(=O)(O)O)cc2c1[O][Mn][O]c1c(cc(COP(=O)(O)O)nc1C)CN(CC(=O)O)CCN(CC(=O)O)C2,0.99953294
COC(=O)C1=C(C)NC(C)=C(C(=O)OCCN2CCN(C(c3ccccc3)c3ccccc3)CC2)[C@@H]1c1cccc([N+](=O)[O-])c1,0.0036012274
C#CCCC(=O)[C@@H](C#N)C(=O)Nc1ccc(C(F)(F)F)cc1,0.00024327807
OC[C@@H](O)[C@@H](O)[C@H](O)[C@H](O)CO,9.849921e-07
CNCCC[C@]12CC[C@H](c3ccccc31)c1ccccc12,0.00016884906
Cc1nnc(C(C)C)n1[C@@H]1C[C@H]2CC[C@@H](C1)N2CC[C@H](NC(=O)C1CCC(F)(F)CC1)c1ccccc1,0.0009927549
CN1CCN(c2c(F)cc3c(=O)c(C(=O)O)cn4c3c2OCN4C)CC1,0.98570246
CC(C)Nc1nc2cc(Cl)c(Cl)cc2n1[C@H]1O[C@@H](CO)[C@H](O)[C@@H]1O,0.23071542
CNC(=O)[C@@H](NC(=O)[C@H](CC(C)C)[C@H](O)C(=O)NO)C(C)(C)C,0.09635799
COc1ccc(C(C)(C)C)cc1CN[C@H]1C2CCN(CC2)[C@H]1C(c1ccccc1)c1ccccc1,0.00882827
Cc1ccc(NC(=O)c2ccc(CN3CCN(C)CC3)cc2)cc1Nc1nc(-c2cccnc2)cs1,0.029422546
C[C@@H](Cc1ccc(O)c(O)c1)[C@@H](C)Cc1ccc(O)c(O)c1,0.000118414195
O=C1CCC[C@@H]2[C@H]3CCCN4CCC[C@@H](CN12)[C@@H]34,9.075903e-06
CC(C)n1c(=O)cc(N[C@@H](C)c2ccccc2)[nH]c1=O,0.26802796
CC(C)(O)c1ccccc1-c1ccc2nc(/C=C/c3ccc(C(F)(F)F)cc3)[nH]c2c1,0.0035215018
COC(=O)N1CC[C@@H]2[C@H]1CCC[C@@]2(O)C#Cc1cccc(C)c1,6.9919724e-06
C=C1/C(=C\C=C2/CCC[C@]3(C)[C@@H]([C@H](C)OCCC(C)(C)O)CC[C@@H]23)C[C@@H](O)C[C@@H]1O,0.00048250126
CCc1cnc(N2CCC(c3nc(COc4ccc(-n5cnnn5)cc4)cs3)CC2)nc1,0.0043385285
Cc1ncc(COP(=O)(O)O)c(C=O)c1O,0.006925783
CC(C)(O)c1coc(S(=O)(=O)NC(=O)Nc2c3c(cc4c2CCC4)CCC3)c1,0.0013910077
CSc1ccc([C@H]2CN3CCC[C@H]3c3ccccc32)cc1,0.5999268
CC1(N2CCC(n3c([C@@H]4CCCNC4)nc4ccccc43)CC2)CCCCCCC1,0.0016727725
Clc1cccc(N2CCNCC2)c1,8.238843e-05
Cn1c(/C=C/C(=O)NO)ccc1/C=C/C(=O)c1cccc(F)c1,0.0017750568
C=C1C[C@]23C[C@@]1(O)CC[C@H]2[C@@]12C=C[C@H](O)[C@@](C)(C(=O)O1)[C@H]2[C@@H]3C(=O)O,0.015960095
COc1cc(-n2c(=S)[nH]c3ccccc3c2=O)c(Cl)cc1Cl,0.20457165
O[C@H](c1ccccc1)C1CCN(CCc2ccccc2)CC1,0.14270371
Cn1c(-c2ccccc2)nnc1S(C)(=O)=O,0.31684732
O=C(O)CCc1c(C(=O)O)[nH]c2cc(Cl)cc(Cl)c12,0.050042838
O=C1CC2(CCCC2)CC(=O)N1CCCCNC[C@H]1COc2ccccc2O1,0.0010837797
O=C1CC2(CCCC2)CC(=O)N1CCNC[C@H]1COc2ccccc2O1,0.0013539328
CS(=O)(=O)OCOS(C)(=O)=O,1.3315872e-06
C[C@H](NC(=O)CCc1nc(=O)c2ccccc2[nH]1)c1ccccc1,0.00044769488
COC(=O)Nc1nc2ccc(C(=O)c3ccccc3)cc2[nH]1,0.0013950294
CCN(CCCCOC(=O)c1ccc(OC)c(OC)c1)[C@@H](C)Cc1ccc(OC)cc1,0.0005205306
CN1CCc2c(c3ccccc3n2Cc2ccccc2)C1,2.1939717e-05
CN1C(=O)N(C)C2C1N(C)C(=O)N2C,8.681469e-06
Cc1cc(C)c(NC(=O)CN(CC(=O)O)CC(=O)O)c(C)c1Br,0.18584968
CNC1(C)C2CCC(C2)C1(C)C,0.01770407
CCOC(=O)c1c(C)n(C)c2ccc(O)cc12,0.0021146778
COc1cccc(OC)c1-c1cc(C(=O)NC2(C(=O)O)C3CC4CC(C3)CC2C4)nn1-c1ccnc2cc(Cl)ccc12,0.039109487
Cc1cccc(CN2CCN([C@@H](c3ccccc3)c3ccc(Cl)cc3)CC2)c1,0.00015746524
C=C1c2c(Cl)ccc(O)c2C(=O)C2=C(O)[C@]3(O)C(O)=C(C(N)=O)C(=O)[C@@H](N(C)C)[C@@H]3[C@@H](O)[C@H]12,0.9447426
Cc1ccc(Cl)c(Nc2ccccc2C(=O)O)c1Cl,0.09457274
CN(C)CCOC(=O)COc1ccc(Cl)cc1,0.00031745702
COC(=O)[C@@H](N)CS,7.443752e-05
Cc1cccc([C@@H](C)c2cnc[nH]2)c1C,0.0032732547
CC(C)(CCCCCCCCCCC(C)(C)CC(=O)O)CC(=O)O,0.0026249427
Cc1nccc2[nH]c(=O)ccc12,0.0015193122
O=P(O)(O)CP(=O)(O)O,0.0029599988
CC(=O)[C@@]1(O)CC[C@H]2[C@@H]3C[C@H](C)C4=CC(=O)CC[C@]4(C)[C@H]3CC[C@@]21C,6.1960022e-06
CC(=O)O[C@]1(C(C)=O)CC[C@H]2[C@@H]3C[C@H](C)C4=CC(=O)CC[C@]4(C)[C@H]3CC[C@@]21C,5.620251e-06
CC(=O)[C@H]1CC[C@H]2[C@@H]3C[C@H](C)C4=CC(=O)CC[C@]4(C)[C@H]3[C@@H](O)C[C@]12C,5.6787725e-05
Cc1cccc(Nc2ccccc2C(=O)O)c1C,0.086854406
CCN(CC)CCNC(=O)COc1ccc(OC)cc1,9.429317e-08
O[C@@H](c1cc(C(F)(F)F)nc2c(C(F)(F)F)cccc12)[C@H]1CCCCN1,4.5518816e-05
CC(=O)[C@@]1(O)CC[C@H]2[C@@H]3C=C(C)C4=CC(=O)CC[C@]4(C)[C@H]3CC[C@@]21C,7.750674e-06
CC(=O)O[C@]1(C(C)=O)CC[C@H]2[C@@H]3C=C(C)C4=CC(=O)CC[C@]4(C)[C@H]3CC[C@@]21C,6.4803858e-06
COc1ccc(Cl)cc1C(=O)NCCc1ccc(C(=O)O)cc1,0.06464579
CNC[C@H](O)[C@@H](O)[C@H](O)[C@H](O)CO,5.2909076e-05
CC(O)(CC(=O)O)CC(=O)O,0.0008370417
CN1C(=O)/C(=C2/C(=O)Nc3ccccc32)c2ccccc21,0.20159005
N#CC(C(=N)Sc1ccc(N)cc1)c1ccccc1C(F)(F)F,0.00015263553
CCCC[C@H](NC(C)=O)C(=O)N[C@H]1CC(=O)NCCCC[C@@H](C(N)=O)NC(=O)[C@H](Cc2c[nH]c3ccccc23)NC(=O)[C@H](CCCNC(=N)N)NC(=O)[C@@H](Cc2ccccc2)NC(=O)[C@H](Cc2cnc[nH]2)NC1=O,0.034858502
COc1ccc2[nH]cc(CCNC(C)=O)c2c1,0.5905105
C[N+](C)(C)NCCC(=O)O,2.2731369e-05
C=C1C[C@H]2[C@H]3C=C(C)C4=CC(=O)CC[C@]4(C)[C@@H]3CC[C@]2(C)[C@@]1(OC(C)=O)C(C)=O,1.2294081e-05
COC(=O)[C@@H](N)Cc1ccc(O)c(O)c1,0.001060647
Cc1cnc(NC(=O)C2=C(O)c3ccccc3S(=O)(=O)N2C)s1,0.00016621794
CC1CCN(CCCC(=O)c2ccc(F)cc2)CC1,0.0012962106
N[C@@H](Cc1ccc(N(CCCl)CCCl)cc1)C(=O)O,0.15340218
N[C@@H](Cc1ccc([N+]([O-])(CCCl)CCCl)cc1)C(=O)O,0.13187073
CC(C)(C)NC[C@@H](O)c1ccc(O)cc1Cl,0.0023329696
C[C@]12C[C@@H]3C[C@](C)(C1)C[C@@](N)(C3)C2,0.9477124
CC1=CC(=O)c2ccccc2C1=O,7.30917e-05
C[C@@]1(S(=O)(=O)O)CC(=O)c2ccccc2C1=O,0.2587402
CC(C)=CCC/C(C)=C/CC/C(C)=C/CC/C(C)=C/CC1=C(C)C(=O)c2ccccc2C1=O,0.08045298
COc1ccc(C(=O)CCC(=O)O)c2ccccc12,0.00036502827
CCN(CC)CCC[C@@H](C)Nc1c2ccc(Cl)cc2nc2ccc(OC)cc12,2.300254e-05
C#CC(C)(O)CC,0.00020822887
CN1CCC[C@@H](CN2c3ccccc3Sc3ccccc32)C1,3.3300683e-05
C[N+]1(C)CCC[C@H](OC(=O)C(O)(c2ccccc2)c2ccccc2)C1,0.0007909864
Cc1ccccc1OC[C@@H](O)CO,0.0005682408
CNC(C)(C)Cc1ccccc1,4.437826e-05
CC[C@@]1(c2ccccc2)NC(=O)N(C)C1=O,0.00749885
[O-][n+]1cccc(CO)c1,0.034354426
Cc1cccc(C)c1NC(=O)[C@H]1CCCCN1C,2.0677404e-05
C[C@H]1C[C@H]2[C@@H]3CCC4=CC(=O)C=C[C@]4(C)[C@H]3C(=O)C[C@]2(C)[C@@]1(O)C(=O)CO,2.528491e-05
CCCNC(C)(C)COC(=O)c1ccccc1,2.2419483e-05
CC[C@@]1(c2cccc(O)c2)CCCCN(C)C1,0.000500945
COc1ccc(CN(CCN(C)C)c2ccccn2)cc1,0.0015444931
COc1ccc(O)cc1,0.0011253088
O=C(Nc1ccccc1)c1c(O)[nH]c(=S)[nH]c1=O,0.00092314096
O=C(O)c1ccccc1-c1c2cc(Br)c(=O)cc-2oc2[c]([Hg][OH])c(O)c(Br)cc12,0.020822272
S=c1nc[nH]c2nc[nH]c12,0.053401187
O=C(O)C[C@@H](S)C(=O)O,0.38829756
CC(=O)Nc1ccc(C(=O)Nc2cc(-c3cccs3)ccc2N)cc1,0.00018598976
CC(C)C(=O)OC[C@H]1O[C@@H](n2ccc(N)nc2=O)[C@](C)(F)[C@@H]1OC(=O)C(C)C,0.80602944
COc1cc(NC(=O)Nc2cccc(CNC(=O)O[C@H]3CCOC3)c2)ccc1-c1cnco1,3.9302275e-05
C[C@@H](O)[C@H]1C(=O)N2C(C(=O)O)=C(S[C@@H]3CN[C@H](C(=O)N(C)C)C3)[C@H](C)[C@H]12,0.99999917
COc1cc2cc(c1Cl)N(C)C(=O)C[C@H](OC(=O)[C@H](C)N(C)C(=O)CCS)[C@]1(C)O[C@H]1[C@H](C)[C@@H]1C[C@@](O)(NC(=O)O1)[C@H](OC)/C=C/C=C(\C)C2,0.0048020077
Nc1ccc(O)c(C(=O)O)c1,0.008836473
O=S(=O)(O)CCS,0.0061649065
CN1CCCC[C@@H]1CCN1c2ccccc2Sc2ccc([S@@](C)=O)cc21,3.6761267e-05
CN(C)C(=O)Oc1ccc[n+](C)c1,0.000113239235
C#C[C@]1(O)CC[C@H]2[C@@H]3CCc4cc(OC)ccc4[C@H]3CC[C@@]21C,4.5440273e-05
CN1C[C@@H](NS(=O)(=O)N(C)C)C[C@@H]2c3cccc4c3c(cn4C)C[C@H]21,0.6958426
CC(=O)Oc1cccc(C)c1,0.00044005492
CC(=O)Nc1cccc(O)c1,0.00010823033
Cc1cccc(O)c1,0.000662712
CN1c2c([nH]c(N)nc2=O)NC[C@@H]1CNc1ccc(C(=O)N[C@@H](CCC(=O)O)C(=O)O)cc1,0.022088695
Cc1c(N(C)CS(=O)(=O)O)c(=O)n(-c2ccccc2)n1C,6.8567947e-06
S=C=Nc1cccc(C2(N3CCCCC3)CCCCC2)c1,0.004388872
CC(C)NC[C@@H](O)c1cc(O)cc(O)c1,0.82406425
C[C@H](N)[C@H](O)c1cccc(O)c1,0.003297523
Nc1nccc(Oc2ccc(NC(=O)c3c[nH]cc(-c4ccc(F)cc4)c3=O)cc2F)c1Cl,0.4199098
Cc1cc(C)cc(OC[C@H]2CNC(=O)O2)c1,7.803598e-07
COc1cc2nc(N3CCN(C(=O)[C@H](C)OC)CC3)nc(N)c2cc1OC,0.0028726931
CSCC[C@@H](NC(=O)[C@@H](Cc1ccccc1)NC(=O)CNC(=O)CNC(=O)[C@@H](N)Cc1ccc(O)cc1)C(=O)O,0.037705258
CN1C[C@H](CNC(=O)OCc2ccccc2)C[C@@H]2c3cccc4c3c(cn4C)C[C@H]21,3.0796793e-05
CN(C)C(=N)N=C(N)N,0.0008547853
CC(=O)O[C@@H](C)C[N+](C)(C)C,3.328243e-05
C=C1c2cccc(O)c2C(=O)[C@@H]2C(=O)[C@]3(O)C(=O)[C@@H](C(N)=O)C(=O)[C@@H](N(C)C)[C@@H]3[C@@H](O)[C@H]12,0.10468092
CS(=O)(=O)F,0.0014854514
CC[N+](C)(CC)CCOC(=O)C1c2ccccc2Oc2ccccc21,2.6266562e-06
CN(C)CCN(Cc1cccs1)c1ccccn1,0.004713101
CCC1(CC)C(=O)NC(=O)N(C)C1=O,0.30787346
CC(=O)N=c1sc(S(N)(=O)=O)nn1C,5.1959823e-06
C1N2CN3CN1CN(C2)C3,0.00091294595
COC(=O)Nc1nc2ccc(SC(C)C)cc2[nH]1,0.5121637
COc1cccc(OC)c1C(=O)N[C@@H]1C(=O)N2[C@@H]1SC(C)(C)[C@@H]2C(=O)O,0.13884492
Cn1cc[nH]c1=S,0.0009066392
CSCC[C@@H](N)C(=O)O,0.8360288
CC(=O)SCCC(=O)N1[C@H](C)CCC[C@@H]1C(=O)O,2.3962599e-05
COc1ccccc1OC[C@@H](O)COC(N)=O,0.00025718904
COC(C)(C)CCC[C@H](C)C/C=C/C(C)=C/C(=O)OC(C)C,3.001876e-07
CN(Cc1cnc2nc(N)nc(N)c2n1)c1ccc(C(=O)N[C@@H](CCC(=O)O)C(=O)O)cc1,0.043201957
COc1ccc(OC)c(C(O)C(C)N)c1,7.8460405e-05
COc1c2occc2cc2ccc(=O)oc12,0.13568747
CON,0.0009702047
COC(F)(F)C(Cl)Cl,2.7765444e-05
CN[C@@H](C)Cc1ccccc1OC,0.00010864569
C[N+]1(C)[C@@H]2C[C@@H](OC(=O)[C@H](CO)c3ccccc3)C[C@H]1[C@@H]1O[C@@H]12,4.418675e-05
CN1C(=O)C[C@](C)(c2ccccc2)C1=O,0.0024586655
CN1[C@@H](CCl)Nc2cc(Cl)c(S(N)(=O)=O)cc2S1(=O)=O,0.9845702
COC(=O)CCC(=O)CN,1.0673461e-05
COC(=O)c1cccnc1,2.7400107e-05
COC(=O)c1ccccc1O,9.7784105e-05
C[N+]1(C)[C@@H]2CC[C@H]1C[C@@H](OC(=O)[C@@H](CO)c1ccccc1)C2,0.0012924892
CC[N+](C)(CC)CCOC(=O)C(O)(c1ccccc1)c1ccccc1,1.5315833e-07
Cc1cc(C(C)(C)CC(C)(C)C)ccc1OCCOCC[N+](C)(C)Cc1ccccc1,0.00051552115
[CH3][Co+][N]1/C2=C(/C)C3=N/C(=C/C4=N/C(=C(/C)C5=N[C@@](C)([C@@H]1[C@H](CC(N)=O)[C@@]2(C)CCC(=O)NC[C@@H](C)OP(=O)(O)O[C@H]1[C@@H](O)[C@@H](n2cnc6cc(C)c(C)cc62)O[C@@H]1CO)[C@@](C)(CC(N)=O)[C@@H]5CCC(N)=O)[C@@](C)(CC(N)=O)[C@@H]4CCC(N)=O)C(C)(C)[C@@H]3CCC(N)=O,0.06804056
C[C@](N)(Cc1ccc(O)c(O)c1)C(=O)O,0.8599744
CCOC(=O)[C@@](C)(N)Cc1ccc(O)c(O)c1,0.0007806896
CN(C)c1ccc2nc3ccc(=[N+](C)C)cc-3sc2c1,0.00046127045
CC[C@@H](CO)NC(=O)[C@@H]1C=C2c3cccc4[nH]cc(c34)C[C@H]2N(C)C1,0.002840017
CCN1C[C@]2(COC(=O)c3ccccc3N3C(=O)C[C@H](C)C3=O)CC[C@H](OC)[C@@]34[C@@H]5C[C@H]6[C@H](OC)[C@@H]5[C@](O)(C[C@@H]6OC)[C@@](O)([C@@H](OC)[C@H]23)[C@@H]14,0.0017240882
C[N@+]1(CC2CC2)CC[C@]23c4c5ccc(O)c4O[C@H]2C(=O)CC[C@@]3(O)[C@H]1C5,0.00089510763
COC(=O)c1ccc(O)cc1,0.00015282603
C[C@H]1C[C@@H]2[C@H]([C@@H](O)C[C@@]3(C)[C@H]2CC[C@]3(O)C(=O)CO)[C@@]2(C)C=CC(=O)C=C12,0.00024103714
CCC(=O)O[C@]1(C(=O)COC(C)=O)CC[C@H]2[C@@H]3C[C@H](C)C4=CC(=O)C=C[C@]4(C)[C@H]3[C@@H](O)C[C@@]21C,0.3367423
C[C@H]1C[C@@H]2[C@H]([C@@H](O)C[C@@]3(C)[C@H]2CC[C@]3(O)C(=O)COC(=O)CCC(=O)O)[C@@]2(C)C=CC(=O)C=C12,0.03400755
Cc1cc(=O)[nH]c(=S)[nH]1,0.00037149186
CC[C@@H](CO)NC(=O)[C@@H]1C=C2c3cccc4c3c(cn4C)C[C@H]2N(C)C1,0.0032792434
Cc1cc2c(cc1S(N)(=O)=O)S(=O)(=O)CCC2,0.04979927
CC(=O)Oc1c(C)cc(OC[C@H](O)CNC(C)C)c(C)c1C,7.5155804e-06
C[C@](N)(Cc1ccc(O)cc1)C(=O)O,0.84267914
CSc1ccc2c(c1)[C@H](N1CCN(C)CC1)Cc1ccccc1S2,3.698173e-05
CN1CCC[C@@H](CC2c3ccccc3Sc3ccccc32)C1,0.0007152157
CCN(CC)CCNC(=O)c1cc(Cl)c(N)cc1OC,2.0849265e-07
COc1ccc2cc1Oc1cc3c(cc1OC)CC[N+](C)(C)[C@H]3Cc1ccc(cc1)Oc1c(OC)c(OC)cc3c1[C@@H](C2)[N+](C)(C)CC3,3.186152e-06
Cc1ccccc1N1C(=O)c2cc(S(N)(=O)=O)c(Cl)cc2N[C@@H]1C,0.46029264
COCCc1ccc(OC[C@@H](O)CNC(C)C)cc1,1.0729314e-05
COc1ccccc1OC(=O)[C@@H](C)c1ccc(CC(C)C)cc1,0.0024209346
COP(=O)(OC)[C@@H](O)C(Cl)(Cl)Cl,1.3129724e-06
CC(=O)Nc1c(I)c(C(=O)N[C@@H]2[C@@H](O)[C@H](O)[C@@H](CO)O[C@@H]2O)c(I)c(N(C)C(C)=O)c1I,1.9308383e-05
CC(=O)Nc1c(I)c(C(=O)O)c(I)c(N(C)C(C)=O)c1I,1.0429188e-06
Cc1ncc([N+](=O)[O-])n1CCO,0.029035848
CC(C)(C(=O)c1cccnc1)c1cccnc1,0.0074172774
CC[C@H](C)C(=O)O[C@H]1CCC=C2C=C[C@H](C)[C@H](CC[C@@H]3C[C@@H](O)CC(=O)O3)[C@H]21,0.00027904377
COc1ccc(C(=O)c2ccc(C)cc2)c(O)c1,0.00064090797
Cc1cccc(C)c1OC[C@@H](C)N,0.0005145428
CC1(C)S[C@H]2[C@@H](NC(=O)[C@@H](NC(=O)N3CCN(S(C)(=O)=O)C3=O)c3ccccc3)C(=O)N2[C@@H]1C(=O)O,0.022497406
C[C@@H](NC(=O)CCc1nc(=O)c2ccccc2[nH]1)c1ccccc1,0.0022543706
O=C1C[C@@H](c2ccc(O)cc2)Oc2cc(O)ccc21,0.14113599
CC(C)C[C@@H](C=O)NC(=O)[C@H](CC(C)C)NC(=O)[C@H](CC(C)C)NC(=O)OCc1ccccc1,0.00018388922
CC[N+](CC)(CC)CCOc1ccc(/C=C/c2ccccc2)cc1,1.0143592e-06
Cn1cnc(-c2cc3nccc(Oc4ccc(NC(=S)NC(=O)Cc5ccccc5)cc4F)c3s2)c1,0.008909211
CC(=O)NCCNc1cc(Cl)nn2c(-c3cccc(S(=O)(=O)N(C)C)c3)c(C)nc12,0.016084308
CN1CCN2c3ccccc3Cc3ccccc3C2C1,3.9813953e-05
CC(C)S(=O)(=O)NC[C@H](C)c1ccc(-c2ccc(CCNS(C)(=O)=O)cc2)cc1,0.7747203
COCC(=O)O[C@]1(CCN(C)CCCc2nc3ccccc3[nH]2)CCc2cc(F)ccc2[C@@H]1C(C)C,1.6580321e-05
CCCCCOc1ccc(-c2cc(-c3ccc(C(=O)N[C@H]4C[C@@H](O)[C@@H](O)NC(=O)[C@@H]5[C@@H](O)[C@@H](C)CN5C(=O)[C@H]([C@H](O)CC(N)=O)NC(=O)[C@H]([C@H](O)[C@@H](O)c5ccc(O)c(OS(=O)(=O)O)c5)NC(=O)[C@@H]5C[C@@H](O)CN5C(=O)[C@H]([C@@H](C)O)NC4=O)cc3)no2)cc1,0.2015332
Clc1ccc(CO[C@@H](Cn2ccnc2)c2ccc(Cl)cc2Cl)c(Cl)c1,0.036512833
CNC[C@@H]1CC[C@@H](N)[C@@H](O[C@H]2[C@H](O)[C@@H](O[C@H]3OC[C@](C)(O)[C@H](NC)[C@H]3O)[C@H](N)C[C@@H]2N)O1,0.985137
O=C(O)[C@H]1CN(C/C=C/P(=O)(O)O)CCN1,0.32458848
CCC(=O)O[C@@H]1CC(=O)O[C@H](C)C/C=C/C=C/[C@H](O)[C@H](C)C[C@H](CC=O)[C@H](O[C@@H]2O[C@H](C)[C@@H](O[C@H]3C[C@@](C)(O)[C@@H](OC(=O)CC)[C@H](C)O3)[C@H](N(C)C)[C@H]2O)[C@H]1OC,0.008344605
COc1ccc(OC)c([C@@H](O)CNC(=O)CN)c1,0.00029335578
CO[C@@H]1[C@H](N(C)C(=O)c2ccccc2)C[C@H]2O[C@]1(C)n1c3ccccc3c3c4c(c5c6ccccc6n2c5c31)C(=O)NC4,0.43669778
CC#C[C@]1(O)CC[C@H]2[C@@H]3CCC4=CC(=O)CCC4=C3[C@@H](c3ccc(N(C)C)cc3)C[C@@]21C,1.6004915e-05
COP(=O)(OC)O[C@@H](c1ccc(Cl)cc1)P(=O)(OC)OC,3.556336e-10
OCCN1C[C@H](O)[C@@H](O)[C@H](O)[C@H]1CO,0.001689388
CCCCN1C[C@H](O)[C@@H](O)[C@H](O)[C@H]1CO,0.0012528044
CCCCCNCC(N)=O,0.00050437584
CC1(C)CCC2(CC1)N[C@@H](C(=O)N[C@@H]1CC[C@@H](C(N)=O)OC1)[C@H](c1ccnc(Cl)c1F)[C@]21C(=O)Nc2cc(Cl)ccc21,0.7972766
CCN(CC)C(=O)[C@@]1(c2ccccc2)C[C@H]1CN,0.641883
Cc1[nH]c(=O)c(C#N)cc1-c1ccncc1,0.011155595
CCCCCCCCCCCCCCCCOP(=O)(O)OCC[N+](C)(C)C,0.0051223924
N[C@@H](Cn1ccc(=O)c(O)c1)C(=O)O,0.9017633
Cc1cc(-c2ccccc2)nnc1NCCN1CCOCC1,0.00014871733
CCCCCCCC/C=C\CCCCCC[C@@H](O)C(=O)O,0.0106999595
CN(C)c1ccc(O)c2c1C[C@H]1C[C@H]3[C@H](N(C)C)C(=O)[C@@H](C(N)=O)C(=O)[C@@]3(O)C(=O)[C@H]1C2=O,0.432777
O=P(O)(O)C(O)(Cc1cnc2ccccn12)P(=O)(O)O,0.6016739
Nc1cc(N2CCCCC2)nc(N)[n+]1[O-],0.0013638196
CCC(=O)O[C@@H]1CC(=O)O[C@H](C)C/C=C/C=C/[C@H](OC(C)=O)[C@H](C)C[C@H](CC=O)[C@H](O[C@@H]2O[C@H](C)[C@@H](O[C@H]3C[C@@](C)(OC(C)=O)[C@@H](OC(=O)CC)[C@H](C)O3)[C@H](N(C)C)[C@H]2O)[C@H]1OC,0.018691387
CCC(=O)OCN1C(=O)C=CC1=O,7.2533444e-06
Nc1nc(CC(=O)Nc2ccc(CCNC[C@H](O)c3ccccc3)cc2)cs1,0.20025638
O=C(O)[C@H]1CCCN1C(=O)CCCCC(=O)N1CCC[C@@H]1C(=O)O,1.856019e-05
NC1=NC(=O)/C(=C/c2ccc(O)cc2)S1,0.0018550502
CCCCCCCCCCCCCC(=O)O,0.0013105252
CCCOc1ccc(S(=O)(=O)N2CCN(CCO)CC2)cc1-c1nc2c(CCC)cn(CC)c2c(=O)[nH]1,0.00060146063
CCC1=C[C@@H]2[C@H](C1)C[C@]2(CN)CC(=O)O,0.51329
CN1CCN2c3ncccc3Cc3ccccc3[C@@H]2C1,0.0005112586
COC[C@@H](O)Cn1ccnc1[N+](=O)[O-],0.00028432134
CCCCC(C)(O)C/C=C/[C@H]1[C@H](O)CC(=O)[C@@H]1CCCCCCC(=O)OC,0.00017992794
O=C(c1ccc(NS(=O)(=O)c2cccc3cccnc23)cc1)N1CCN(CC2CC2)CC1,0.009517045
O=C(O)[C@H](CC(=O)N1C[C@H]2CCCC[C@H]2C1)Cc1ccccc1,0.0044308826
O=C(O)Cc1cccc2c(=O)cc(-c3ccccc3)oc12,0.019097159
CO[C@@]12[C@H](COC(N)=O)C3=C(C(=O)C(C)=C(N)C3=O)N1C[C@@H]1N[C@@H]12,0.9992454
COC1=C(OC)C(=O)C(CCCCCCCCCC[P+](c2ccccc2)(c2ccccc2)c2ccccc2)=C(C)C1=O,0.5594917
Clc1ccc([C@@H](c2ccccc2Cl)C(Cl)Cl)cc1,0.0004176477
O=C1c2c(O)ccc(O)c2C(=O)c2c(NCCNCCO)ccc(NCCNCCO)c21,0.0029206283
COc1cc2c(cc1OC)[C@@H](Cc1cc(OC)c(OC)c(OC)c1)[N@@+](C)(CCCOC(=O)CC/C=C/CCC(=O)OCCC[N@+]1(C)CCc3cc(OC)c(OC)cc3[C@H]1Cc1cc(OC)c(OC)c(OC)c1)CC2,2.4182687e-05
CCS(=O)(=O)Nc1ccc(Oc2ccc(F)cc2F)c(-c2cn(C)c(=O)c3[nH]ccc23)c1,0.0042718756
CCOC(=O)Nc1cc2c(c(N)n1)NC(c1ccccc1)C(C)=N2,0.034368105
Nc1ncnc2c1ncn2[C@@H]1O[C@@H]2CO[P@@](=O)(S)O[C@@H]3[C@H](O)[C@@H](CO[P@@](=O)(S)O[C@H]2[C@H]1O)O[C@H]3n1cnc2c(N)ncnc21,0.94688064
CN(c1nc(=O)cc[nH]1)C1CCN(c2nc3ccccc3n2Cc2ccc(F)cc2)CC1,0.7187951
NC(=O)C1N=CN([C@@H]2O[C@H](CO)[C@@H](O)[C@H]2O)C1=O,0.04721265
Cc1c(C(=O)NCc2cccnc2)nn(-c2ccc(Cl)cc2Cl)c1-c1ccc(Cl)cc1,0.24358518
C1Cc2[nH]nc(-c3nn[nH]n3)c2C1,1.0800438e-05
O=C1O[C@]2(CC[C@@H](C(=O)Nc3ccn(-c4ccccc4F)n3)CC2)c2cnccc21,0.0020051522
C[C@@]1(O)[C@H](O)[C@@H](CO)O[C@H]1n1ccc2c(N)ncnc21,0.64000237
O=C(O)CC[C@H]1CC[C@@](c2cc(F)ccc2F)(S(=O)(=O)c2ccc(Cl)cc2)CC1,0.07320785
CN1C(=O)C(F)=C[C@]2(C)[C@H]3CC[C@]4(C)[C@@H](C(=O)NCc5nc6ncccc6[nH]5)CC[C@H]4[C@@H]3CC[C@@H]12,0.00012866252
CO[C@@H]1COCC[C@@H]1N[C@@H]1CC[C@@](C(=O)N2CCc3ncc(C(F)(F)F)cc3C2)(C(C)C)C1,3.5879497e-05
COc1ccc2cc(-c3cc(-c4cc(Cl)cc(Cl)c4)nn3[C@@H](C)c3ccc(C(=O)NCCC(=O)O)cc3)ccc2c1,0.98410344
COc1ccc(CNC(=O)c2cc(-c3cncc(Cl)c3)cnc2-c2ccccn2)nc1OC,0.31225958
C=CCn1c(=O)c2cnc(Nc3ccc(N4CCN(C)CC4)cc3)nc2n1-c1cccc(C(C)(C)O)n1,0.0011199056
O=C(O)c1n[nH]c2c1C[C@H]1C[C@@H]21,0.0053819558
CCN1C[C@H](C)n2c(c(O)c3c(=O)n(Cc4ccc(F)c(Cl)c4)nc(C(=O)NC)c32)C1=O,0.11618182
NC1(c2ccc(-c3nc4ccn5c(=O)[nH]nc5c4cc3-c3ccccc3)cc2)CCC1,0.044785053
FC(F)(F)c1ccc(Nc2ncnc3cc(-c4ncccc4C(F)(F)F)ccc23)cc1,0.0008453916
CN(C[C@@H]1COCCO1)S(=O)(=O)Nc1ccc2ccc3ncc(-c4cnn(C)c4)cc3c(=O)c2c1,0.72490716
Cc1sc(C)c(C(=O)NC2(c3ccc(C(=O)O)cc3)CC2)c1Cc1ccc(C(F)(F)F)cc1,0.024188763
O=C(CN1C(=O)C2(CCCC2)NC[C@H]1c1cc(F)cc(F)c1)Nc1ccc2c(c1)C[C@@]1(C2)C(=O)Nc2ncccc21,0.98075783
COc1ccc(CNC(=O)c2cc(-c3cncc(C)c3)ncc2-c2nccs2)nc1OC,0.33883455
COc1cc(C(=O)N2CCC3(CC2)CC(=O)c2cc(-c4cncc(C(=O)O)c4)ccc2O3)cc2c1c(C)cn2C1CC1,0.740919
O[C@@](Cc1ncc(CC2(C(F)(F)F)CC2)[nH]1)(c1ccc(-n2cccn2)cc1)C(F)(F)F,7.9142507e-07
O=C(O)[C@]1(Cc2cccc(Nc3nccs3)n2)CC[C@@H](Oc2cccc(Cl)c2F)CC1,0.36372855
CN(C)C(=O)CCS[C@@H](SCCC(=O)O)c1cccc(/C=C/c2ccc3ccc(Cl)cc3n2)c1,0.14428304
Cc1ccc(-c2ncccn2)c(C(=O)N2C[C@H](COc3ccc(F)cn3)CC[C@H]2C)c1,0.0059982515
CN([C@@H]1CCc2c(CC(=O)O)c3ccccc3n2C1)S(=O)(=O)c1ccc(F)cc1,0.035713363
Cc1ccc(Cc2cc3c(=O)n([C@H]4CCCC[C@@H]4O)cnc3c3ccccc23)cn1,0.016819276
Cn1cc(-c2cnc3ccc4ccc(CS(=O)(=O)NCc5ccccn5)cc4c(=O)c3c2)cn1,0.013286595
O=C(O)Cn1nnc(-c2cc(N3CCC(Oc4cc(F)ccc4Br)CC3)no2)n1,0.00081272825
COc1ccc(C(NC(=O)c2cnc(-c3cccnn3)nc2O)c2ccc(OC)cc2)cc1,0.0024739455
O=C(c1cccc(Cl)c1F)N1CCN(Cc2cccc(Nc3nccs3)n2)CC1,0.91786504
CC(C)c1ccc2c(c1)c(SC(C)(C)C)c(CC(C)(C)C(=O)O)n2Cc1ccc(Cl)cc1,0.17636424
CC(C)c1ccc(CC(=O)N[C@H](C)c2ccc(OCC(F)(F)F)cn2)cc1,0.0008786186
CCn1c(=O)/c(=C2\Sc3ccccc3N2C)s/c1=C/c1cccc[n+]1CC,0.006593031
O=C(c1ccc(-c2ccc(Cl)cc2)o1)N(Cc1ccccn1)c1ccc(N2CCNCC2)cc1,0.005441267
CC(C)n1nc(-c2ccc3oc(N)nc3c2)c2c(N)ncnc21,0.0011464893
Nc1nc2cc(-c3ccc4ncc(C(=O)N5CCOCC5)n4c3)ccc2o1,0.09478003
C[C@@H](NC(=O)c1ncnc(N)c1Cl)c1ncc(C(=O)Nc2cc(C(F)(F)F)c(Cl)cn2)s1,0.24616157
O=C(O)c1ccc(Nc2ncc3c(n2)-c2ccc(Cl)cc2C(c2c(F)cccc2F)=NC3)cc1,0.06360953
CC(C)C[C@H](NC(=O)CNC(=O)c1cc(Cl)ccc1Cl)B1OC(=O)C(CC(=O)O)(CC(=O)O)O1,0.62001234
COc1cc(N)c(Cl)cc1C(=O)OCCN1CCCCC1,0.0014746597
Cc1ccc(S(=O)(=O)n2c(N)nc3ccccc32)cc1,0.14016506
COc1ccc(CNCc2cccc3ccccc23)cc1,0.012518981
COc1ccc([C@H]2CC(c3ccccc3)=NN2c2ccc(S(N)(=O)=O)cc2)cc1,0.042509586
CCCC(=O)Nc1cccc(NC(=O)c2ccccc2Br)c1,0.016230708
Cc1ccc(CNc2ncnc3ccc(-c4ccc(CO)o4)cc23)o1,0.036672145
O=c1cc(N2CCN(c3cccc(C(F)(F)F)c3)CC2)[nH]c(=O)n1C1CCCCC1,0.0016662658
Cc1cc(C)c2nc(-c3ccccn3)cc(C(=O)Nc3ccc(S(=O)(=O)Nc4onc(C)c4C)cc3)c2c1,0.0046657603
Cc1cc(N2CCCCC2)nc2ccccc12,0.0004934239
Cc1cc(C)c(NC(=O)[C@@H]2C[C@H]3CC[C@@H]2C3)c(C)c1,6.7848814e-05
CC(C)(C)CCN1C[C@@H]2[C@@H](CNC(=O)c3cc(Cl)cc(Cl)c3)[C@@H]2C1,2.7549167e-05
c1ccc(-c2ccc(CNc3nc(-c4ccccn4)nnc3-c3ccccc3)cc2)cc1,0.0041090217
COc1ccc(-c2csc(NC(=O)[C@H]3CCCCN3S(=O)(=O)c3ccc(C)cc3)n2)cc1,0.07882421
CC(C)c1ccc(NC(=O)c2cccs2)c(-c2nc3ccccc3[nH]c2=O)c1,0.022933917
Cc1cc(NC(=O)Nc2ccc(F)c(F)c2)n(-c2ccccc2)n1,0.10471549
O=C(NCCN1CCC2(CC1)C(=O)NCN2c1cccc(F)c1)c1ccc(F)c(F)c1,0.0013060991
COc1cc2nc(C3CC3)nc(N3CCN(c4ccccc4OC)CC3)c2cc1OC,1.149451e-05
Cc1cnc(-c2ccccc2C(C)C)nc1NCc1ccc(-n2ccnn2)cc1,0.75235724
CN(C)CCCNC(=O)c1ccc(-c2cc(O)c3ncccc3c2)cc1,0.0054586013
CSc1nc(-c2ccnc(N[C@@H](C)c3ccccc3)c2)c(-c2ccc(F)cc2)[nH]1,0.039056443
COc1ccc(-c2cnc3c(-c4cccc5ncccc45)cnn3c2)cc1,0.10273928
O=C(CN1CCN(C(=O)c2ccco2)CC1)Nc1cc(C(F)(F)F)ccc1Cl,0.022049423
COc1ccccc1C(=O)Nc1cccc(NC(=O)c2cccc(C)c2)c1,0.0006861957
CC(C)(N)c1cc(C(=O)N[C@@H]2CCc3ccc(Oc4ccnc5c4CCC(=O)N5)cc3C2)cc(C(F)(F)F)c1,0.13262397
O=S(=O)(c1cccc2c(Cl)cccc12)N1CCCNCC1,0.00019609345
CCC(CC)(NC(=O)C(C)C)C(=O)N[C@@H](CCCNC(=N)N)C(=O)NC1(C(=O)NC(c2ccc(F)cc2)c2ccc(F)cc2)CCCC1,0.0030104236
CC1(C)CCC(C)(C)c2cc(C3(c4ccc5cc(C(=O)O)ccc5c4)SCCS3)ccc21,0.1727837
O=S(=O)(Nc1cc(Sc2ccccc2)c(O)c2ccccc12)c1c(F)c(F)c(F)c(F)c1F,0.007613777
COCc1nc2c([nH]1)c(=O)n(C)c(=O)n2CC(C)C,5.7193565e-06
CS(=O)(=O)c1ccc(-c2cnc(N)c(-c3ccc(C(F)(F)F)nc3)c2)cc1,0.68079114
COc1ccccc1N1CCN(CCCCN2C(=O)CCC2=O)CC1,6.292245e-07
CC(C)c1ccc(-c2cc(=O)c3ccccc3o2)cc1,0.001319002
Cn1cnnc1Sc1c([N+](=O)[O-])ncn1C,0.0009880564
Nc1ccccc1NC(=O)c1ccc(CNc2nccc(-c3cccnc3)n2)cc1,0.00039639778
O=C(NCCN1CCOCC1)c1ccc(Cl)cc1,0.0003930705
Cc1nccnc1N1CCCCC1,0.00066047144
CCOC(=O)[C@H](CCc1ccccc1)N[C@@H](C)C(=O)N1Cc2cc(OC)c(OC)cc2C[C@H]1C(=O)O,0.000105277366
NC/C(=C/F)CCc1ccc(F)cc1,0.009620663
COc1ccc(-c2noc(CC(=O)O)c2-c2ccc(OC)cc2)cc1,0.0041516144
CCOC(=O)CC(=O)N1CCS[C@@H]1COc1ccccc1OC,0.0005300835
O=c1c(-n2ccnn2)c[nH]n1-c1cc(N2CCOCC2)ncn1,0.56099534
CCc1c(C)[nH]c2c1C(=O)[C@H](CN1CCOCC1)CC2,0.00039578282
CCOC(=O)Nc1c[n+](N2CCOCC2)no1,8.550109e-07
C[C@@H]1C[C@H]2[C@@H]3CCC4=CC(=O)C=C[C@]4(C)[C@@]3(Cl)[C@@H](O)C[C@]2(C)[C@@]1(O)C(=O)CCl,0.9761686
C[C@@H]1C[C@H]2[C@@H]3CCC4=CC(=O)C=C[C@]4(C)[C@@]3(Cl)[C@@H](O)C[C@]2(C)[C@@]1(OC(=O)c1ccco1)C(=O)CCl,0.972098
CCOC(=O)C1=C(C)NC(=S)N[C@@H]1c1cccc(O)c1,0.00015735823
CC[C@@]1([C@@H]2O[C@@H]([C@H]3O[C@@](O)(CO)[C@H](C)C[C@@H]3C)C[C@@H]2C)CC[C@H]([C@]2(C)CC[C@]3(C[C@H](O)[C@@H](C)[C@@H]([C@@H](C)[C@@H](OC)[C@H](C)C(=O)O)O3)O2)O1,0.13237266
C[C@](C#N)(COc1cc(C#N)ccc1C(F)(F)F)NC(=O)c1ccc(SC(F)(F)F)cc1,0.13865386
Oc1ccc(OCc2ccccc2)cc1,0.14521202
C[C@H]1C(=O)O[C@@H]2CCN3CC=C(COC(=O)[C@](C)(O)[C@]1(C)O)[C@H]23,0.99681205
CCCCCCCC(=O)OC[C@@H](O)CO,0.00012884349
COC(=O)/C=C/C(=O)O,2.5746102e-05
Nc1cccc2c(=O)[nH][nH]c(=O)c12,0.0013855861
CCCCCCCCCCCCCCCCCC(=O)OC[C@@H](O)CO,0.0010151003
CC(C)(O)c1ccccc1CC[C@@H](SCC1(CC(=O)O)CC1)c1cccc(/C=C/c2ccc3ccc(Cl)cc3n2)c1,0.033255473
COc1ccccc1OC[C@@H](O)CNC(C)C,1.533308e-05
CCOC(=O)Nc1ccc2c(c1)N(C(=O)CCN1CCOCC1)c1ccccc1S2,3.8768245e-05
Cc1ccsc1/C=C/C1=NCCCN1C,0.00089944596
O=c1c(O)c(-c2ccc(O)cc2O)oc2cc(O)cc(O)c12,0.6196351
Cc1ncc([N+](=O)[O-])n1C[C@@H](O)CN1CCOCC1,0.006749204
O=C(OCCN1CCOCC1)c1cccnc1Nc1cccc(C(F)(F)F)c1,0.4239199
N=C(N)/N=C(\N)N1CCOCC1,0.00026952257
CCOC(=O)C1=C(CN2CCOCC2)NC(c2nccs2)=N[C@@H]1c1ccc(F)cc1Br,0.15339735
CCOc1cc(N)c(Cl)cc1C(=O)NC[C@H]1CN(Cc2ccc(F)cc2)CCO1,0.008103356
CC1=C(c2cc(-n3ccnc3)cs2)NNC(=O)C1,0.0009847897
CC1(C)CNc2cc(NC(=O)c3cccnc3NCc3ccncc3)ccc21,0.020024827
CCCN(CCC)C(=O)C1=Cc2ccc(-c3ccc(C(=O)N4CCCC4)cc3)cc2N=C(N)C1,0.1437865
CO[C@@]1(NC(=O)[C@@H](C(=O)O)c2ccc(O)cc2)C(=O)N2C(C(=O)O)=C(CSc3nnnn3C)CO[C@@H]21,0.85810626
CCc1cc2cc(OC)c(OC)cc2c(Cc2ccccc2)n1,0.0025302689
CO/N=C1\C[C@]2(C[C@@H]3C[C@@H](C/C=C(\C)C[C@@H](C)/C=C/C=C4\CO[C@@H]5[C@H](O)C(C)=C[C@@H](C(=O)O3)[C@]45O)O2)O[C@H](/C(C)=C/C(C)C)[C@H]1C,0.0020614492
COc1c(N2C[C@@H]3CCCN[C@@H]3C2)c(F)cc2c(=O)c(C(=O)O)cn(C3CC3)c12,0.9995264
CC(=O)Oc1cc(C(C)C)c(OCCN(C)C)cc1C,0.0030552885
COc1nc(C)nc(Cl)c1NC1=NCCN1,0.0007038785
Cc1ccccc1C(=O)Nc1ccc(C(=O)N2CCC[C@H](N(C)C)c3ccccc32)cc1,0.0039652917
Cc1cccc(C#Cc2ccccc2)n1,0.0028166948
Cc1cc(N2CCOCC2)ccc1Nc1nc(NC2CCCCC2)c2[nH]cnc2n1,0.12500632
CC(C)CNc1nc(-c2cccc3ncccc23)cn2c(-c3ccc(C(=O)NC4CC4)cc3)cnc12,0.016212499
COc1cc(N2CCC(O)CC2)ccc1Nc1cc(Nc2ccccc2S(=O)(=O)C(C)C)c2cc[nH]c2n1,0.068224065
COc1cc(S(C)(=O)=O)ccc1Nc1nc2ccc(-c3ccc(NC(=O)[C@H](C)c4ccc(F)cc4)cc3)cn2n1,0.76113725
O=C(NCCCN1CCCCCC1)[C@H](c1ccccc1)C1CCCCC1,5.7950012e-05
OCCc1ccc(OCCn2ccnc2)cc1,0.0052290843
Cc1cc(-c2nncc3c(C(C)(C)C)c(OCc4ncnn4C)nn23)no1,0.00016827718
Cn1ncnc1COc1nn2c(-c3c(F)cccc3F)nnc2cc1C1CCC1,0.0032027042
O=S(=O)(N[C@H]1CC[C@@](c2cc(F)ccc2F)(S(=O)(=O)c2ccc(Cl)cc2)CC1)C(F)(F)F,0.18596669
O=C(Cc1ccccc1)Nc1nc2ccc(Cl)cc2c2nc(-c3ccco3)nn12,0.033862423
CCOC(=O)C1=C(C)NC(c2ccccc2)=C(C(=O)OCc2ccc([N+](=O)[O-])cc2)[C@@H]1C#Cc1ccccc1,9.39056e-05
C#CCN1C(C)=C(C(=O)OC)[C@H](c2cccc([N+](=O)[O-])c2)C(C(=O)OCC)=C1C,1.12406715e-05
S=C=Nc1cccc(NC(=S)NCCCCNC(=S)Nc2cccc(N=C=S)c2)c1,0.028724778
c1ccc(Oc2nc(NC3CCCCC3)c3[nH]cnc3n2)cc1,0.040102676
CN1CCN(Cc2ccc(-c3cn([C@H]4CC[C@H](O)CC4)c4nc(NCCC5CC5)ncc34)cc2)CC1,0.11634865
C[C@@H]1C=CNN1C(=O)c1cccnc1,6.2877865e-05
CCc1ccc(C(=O)COc2ccc(C[C@@H]3SC(=O)NC3=O)cc2)nc1,1.2264911e-06
COc1cccc(C(=O)COc2ccc(Cc3sc(O)nc3O)cc2)c1,0.015611857
c1cnc(NCc2ccc(CNc3ncccn3)cc2)nc1,0.0032161435
C[C@@](N)(C(=O)O)c1ccc(-c2nn[nH]n2)cc1,0.003177423
FC(F)(F)c1ccc(/C=C/c2nc(COc3ccc(CCCCn4ccnn4)cc3)co2)cc1,0.4376924
C/C(=C\C(=O)OCCCCCCCCC(=O)O)C[C@@H]1OC[C@H](C[C@@H]2O[C@H]2[C@@H](C)[C@H](C)O)[C@@H](O)[C@H]1O,0.15873577
NCc1cc(=O)[nH]o1,0.01098054
CCc1cc(O)c(Oc2ccc(C(N)=O)cc2F)cc1F,0.82994527
Clc1cccc(Nc2nnc(-c3ccccc3)c3ccccc23)c1,0.005375405
COc1c(C)c2c(c(O)c1C/C=C(\C)CCC(=O)OCCN1CCOCC1)C(=O)OC2,0.0059773712
COc1c(C)c2c(c(O)c1C/C=C(\C)CCC(=O)O)C(=O)OC2,0.004489222
O=c1c(O)c(-c2cc(O)c(O)c(O)c2)oc2cc(O)cc(O)c12,0.08566016
C[C@@H]1O[C@@H](Oc2c(-c3cc(O)c(O)c(O)c3)oc3cc(O)cc(O)c3c2=O)[C@H](O)[C@H](O)[C@H]1O,0.00044311918
CCCCCCCCCCCCCCOC(=O)c1cccnc1,0.0073582362
COc1cc(CN(CCN)C(=O)c2cccs2)ccc1OCc1ccccc1,0.026719404
CCCCCc1ccc(/C=C/C(=O)Nc2ccccc2C(=O)O)cc1,0.3554343
CC(=NNC(=S)NNC(=S)Nc1ccccc1Cl)c1ccccn1,0.00030032214
O=C(NCCN1CCCCC1)c1ccc(I)cc1,0.00024622932
CC(=O)N[C@@H](C=O)[C@@H](O)[C@H](O)[C@H](O)CO,7.28216e-08
CC(=O)N[C@@H](Cc1ccc(O)cc1)C(=O)O,1.8542638e-05
CC(=O)NCCC(=O)N[C@@H](Cc1cnc[nH]1)C(=O)O,0.0005005305
CC(=O)NCC(=O)N[C@H](CCC(=O)O)C(=O)O,8.935607e-05
CC(=O)N[C@@H]1[C@H](O)[C@H](O)[C@H](CO)O[C@@H]1O,2.2583015e-05
CC(=O)NCCc1c[nH]c2ccccc12,0.4349826
CNCCc1cnc[nH]1,0.00072552374
Oc1ccc2c3c1O[C@H]1c4c(c5ccccc5n4Cc4ccccc4)C[C@@]4(O)[C@@H](C2)N(CC2CC2)CC[C@]314,0.0033415167
c1ccc2sc(SNC3CCCCC3)nc2c1,4.968342e-07
O=C(NO)c1cccnc1,0.000859088
C[C@@H]([C@H](O)c1ccccc1)N(C)C,1.6787657e-06
CNC=O,0.0008986027
CC[N+](C)(CC)CC(=O)Nc1c(C)cccc1C,2.0596908e-05
CN1CCCC1=O,2.4336512e-05
CN1CCN(c2ccc3ccccc3n2)CC1,4.555629e-05
CN(C(=O)Cc1ccccc1)[C@H](CN1CCCC1)c1ccccc1,0.027192948
c1ccc2sc(SN3CCOCC3)nc2c1,0.00010503812
O=C(Nc1ccc(O)cc1)c1ccccc1O,0.003683703
Cc1ccc(C)c(-n2cnc3cc(C(=O)NCc4ccccc4Cl)ccc32)c1,0.0032375723
COc1ccc2cc(CCC(C)=O)ccc2c1,0.00041764986
NC(=O)c1ccc[n+]([C@@H]2O[C@H](COP(=O)(O)OP(=O)(O)OC[C@H]3O[C@@H](n4cnc5c(N)ncnc54)[C@H](O)[C@@H]3O)[C@@H](O)[C@H]2O)c1,0.999728
C[C@H]1CCc2c(N3CCC(O)CC3)c(F)cc3c(=O)c(C(=O)O)cn1c23,0.9910731
CC(C)(C)NC[C@@H](O)COc1cccc2c1C[C@H](O)[C@H](O)C2,0.00026506674
NC(=O)C1=CN([C@@H]2O[C@H](COP(=O)(O)OP(=O)(O)OC[C@H]3O[C@@H](n4cnc5c(N)ncnc54)[C@H](OP(=O)(O)O)[C@@H]3O)[C@@H](O)[C@H]2O)C=CC1,0.99986255
CCCCN1CCC[C@@H]1CNC(=O)c1cc(C#N)c2ccccc2c1OC,0.00024592478
N=C(N)Nc1ccc(C(=O)Oc2ccc3cc(C(=N)N)ccc3c2)cc1,0.03593412
CCOc1ccc2ccccc2c1C(=O)N[C@@H]1C(=O)N2[C@@H]1SC(C)(C)[C@@H]2C(=O)O,0.8321938
CCN(CC)CCOC(=O)[C@H](Cc1cccc2ccccc12)C[C@H]1CCCO1,5.453839e-05
CN(C/C=C/c1ccccc1)Cc1cccc2ccccc12,0.0028764713
COc1ccccc1N1CCN(C[C@@H](O)COc2cccc3ccccc23)CC1,0.000106396496
Oc1ccc2c3c1O[C@H]1[C@@H](O)CC[C@@]4(O)[C@@H](C2)N(CC2CCC2)CC[C@]314,0.005139031
CN(C(=O)/C=C/c1ccoc1)[C@@H]1CC[C@@]2(O)[C@H]3Cc4ccc(O)c5c4[C@@]2(CCN3CC2CC2)[C@H]1O5,0.017010631
CCn1cc(C(=O)O)c(=O)c2ccc(C)nc21,0.8141085
C=C1CC[C@@]2(O)[C@H]3Cc4ccc(O)c5c4[C@@]2(CCN3CC2CC2)[C@H]1O5,0.0058250492
C=CCN1CC[C@]23c4c5ccc(O)c4O[C@H]2[C@@H](OCCOCCOCCOCCOCCOCCOCCOC)CC[C@@]3(O)[C@H]1C5,1.5757596e-05
C=CCN1CC[C@]23c4c5ccc(O)c4O[C@H]2C(=O)CC[C@@]3(O)[C@H]1C5,0.0001476608
C=CCN1CC[C@]23c4c5ccc(O)c4O[C@H]2/C(=N/NC(=O)c2ccccc2)CC[C@@]3(O)[C@H]1C5,0.21160424
O=C1CC[C@@]2(O)[C@H]3Cc4ccc(O)c5c4[C@@]2(CCN3CC2CC2)[C@H]1O5,0.005653131
Oc1ccc2c3c1O[C@H]1c4oc5ccccc5c4C[C@@]4(O)[C@@H](C2)N(CC2CC2)CC[C@]314,0.027060363
Oc1ccc2c3c1O[C@H]1c4[nH]c5ccccc5c4C[C@@]4(O)[C@@H](C2)N(CC2CC2)CC[C@]314,0.015467765
CC(C)(O)CS(=O)(=O)Nc1ccc2c(c1)CCN(C(=O)COc1cccnc1)C2,1.1048297e-05
COc1ccccc1N1CCN(CCCCN2C(=O)c3ccccc3C2=O)CC1,0.00018578768
CO[C@H]1CC[C@@H](O[C@H]2C[C@H]([C@]3(C)CC[C@]4(C[C@H](O)[C@@H](C)[C@@H]([C@@H](C)/C=C(\C)C(=O)[C@H](C)C[C@H](C)C(=O)O)O4)O3)O[C@]3(O[C@@H]([C@H]4O[C@@](O)(CO)[C@H](C)C[C@@H]4C)C[C@@H]3C)[C@@H]2C)O[C@@H]1C,0.07605824
CC(=O)c1cc2c(o1)C(=O)c1ccccc1C2=O,0.0006823614
C1=C(CC2=NCCN2)CCc2ccccc21,0.00025707824
c1ccc2c(CC3=NCCN3)cccc2c1,0.003093047
CC(C)(C)NCc1cc(Nc2ccnc3cc(Cl)ccc23)c2c(c1O)CCCC2,0.02114318
Cn1cc(C(=O)c2cccc3ccccc23)cc1C(=O)O,0.2571502
COc1ccc2cc([C@H](C)C(=O)O)ccc2c1,0.015737103
C=CC(=O)N1CC[C@@H](Oc2nc(Nc3ccc(N4CCC(N5CCN(C)CC5)CC4)cc3)c(C(N)=O)nc2CC)C1,0.0003842701
CC[C@@H](C(=O)O)[C@@H]1O[C@@H]([C@@H](C)[C@H](O)[C@H](C)C(=O)[C@H](CC)[C@H]2O[C@]3(C=C[C@@H](O)[C@]4(CC[C@@](C)([C@H]5CC[C@](O)(CC)[C@H](C)O5)O4)O3)[C@H](C)C[C@@H]2C)[C@@H](C)C[C@H]1C,0.0013799537
CNS(=O)(=O)CCc1ccc2[nH]cc(C3CCN(C)CC3)c2c1,0.003637298
O=C1C[C@@H](c2ccc(O)cc2)Oc2cc(O)cc(O)c21,0.030879507
O=C(O)/C=C/c1ccc(O)cc1,0.00012396715
C[C@@H]1O[C@@H](O[C@H]2[C@H](Oc3cc(O)c4c(c3)O[C@H](c3ccc(O)cc3)CC4=O)O[C@H](CO)[C@@H](O)[C@@H]2O)[C@H](O)[C@H](O)[C@H]1O,0.00018988537
C[C@@H]1O[C@@H](O[C@H]2[C@H](Oc3cc(O)c(C(=O)CCc4ccc(O)cc4)c(O)c3)O[C@H](CO)[C@@H](O)[C@@H]2O)[C@H](O)[C@H](O)[C@H]1O,0.0002565083
CCCC[C@H](NC(=O)[C@@H]1[C@@H]2[C@H](CN1C(=O)[C@@H](NC(=O)NC1(CS(=O)(=O)C(C)(C)C)CCCCC1)C(C)(C)C)C2(C)C)C(=O)C(=O)NC1CC1,0.0026391177
C1=C(CN2CCOCC2)COc2c1cccc2OC[C@H]1CNCCO1,0.010262706
CC(C)(C)C(=O)CN1C(=O)[C@H](NC(=O)Nc2cccc(C(=O)O)c2)CN(C2CCCCC2)c2ccccc21,0.010154362
C[C@@H]1C/C=C/C=C/C=C/C=C/[C@H](O[C@@H]2O[C@H](C)[C@@H](O)[C@H](N)[C@@H]2O)C[C@@H]2O[C@](O)(C[C@@H](O)C[C@H]3O[C@@H]3/C=C/C(=O)O1)C[C@H](O)[C@H]2C(=O)O,0.001993533
CC(C)[C@H]1CC[C@H](C(=O)N[C@H](Cc2ccccc2)C(=O)O)CC1,0.0003726848
O=C(NCc1ccc(OC(F)(F)F)cc1)[C@@H]1c2ccccc2C(=O)N1C1CCOCC1,0.008076189
CC[C@@H](Nc1c(Nc2cccc(C(=O)N(C)C)c2O)c(=O)c1=O)c1ccc(C)o1,0.69678193
CC1(C)CCC(c2ccc(Cl)cc2)=C(CN2CCN(c3ccc(C(=O)NS(=O)(=O)c4ccc(N[C@H](CCN5CCOCC5)CSc5ccccc5)c(S(=O)(=O)C(F)(F)F)c4)cc3)CC2)C1,0.019535737
CCCN1CCO[C@@H]2c3cc(O)ccc3CC[C@H]21,3.790255e-05
Nc1ncnc2c1ncn2CCNCCCCCO,0.0127464235
CCCN(CC1CC1)c1nc(C)nc(Nc2c(Cl)cc(Cl)cc2Cl)c1Cl,0.24839409
CCOc1ccc(-n2c([C@@H](C)N(Cc3cccnc3)C(=O)Cc3ccc(F)c(C(F)(F)F)c3)nc3ncccc3c2=O)cc1,0.12799037
COc1cc2c(cc1OC)[C@H]1C[C@@H](O)[C@H](CC(C)C)CN1CC2,7.9251025e-05
NS(=O)(=O)c1cccc2c1c([N+](=O)[O-])cc1[nH]c(=O)c(=O)[nH]c12,0.43983358
O=C(O)/C=C1\CCCc2ccccc2[C@H]1O,0.00858668
C[C@]12C=CC(=O)C=C1CC[C@@H]1[C@@H]2[C@@H](O)C[C@@]2(C)[C@H]1CC[C@]2(O)C(=O)COC(=O)c1ccc(CO[N+](=O)[O-])cc1,0.0028059925
Cc1nccn1Cc1ccccn1,0.0027112877
CCCCn1c(-c2ccccc2)nc(-c2ccccc2)c1CN(Cc1ccc2c(c1)OCO2)Cc1ccc2c(c1)OCO2,0.0015723477
CCCN(CCC)CCc1ccc(OC)c(OCCc2ccccc2)c1,5.20939e-05
O[C@H](CNC[C@@H](O)[C@H]1CCc2cc(F)ccc2O1)[C@@H]1CCc2cc(F)ccc2O1,0.0009258329
NC[C@@H]1CC(=O)N(Cc2ccccc2)C1,0.007929577
CCNC(=O)[C@H]1O[C@@H](n2cnc3c(N)ncnc32)[C@H](O)[C@@H]1O,0.6769423
CN1C(=O)[C@H](Cc2c[nH]c3ccccc23)NC1=S,0.00030259494
CN1C(=O)N[C@H](Cc2c[nH]c3c(Cl)cccc23)C1=O,0.00035359565
[NH2][Pt]1([NH2])[O]C=C(O)[O]1,0.028134607
CCCc1c2oc(C(=O)O)cc(=O)c2cc2c(=O)cc(C(=O)O)n(CC)c12,0.015147514
CCc1nn(CCCN2CCN(c3cccc(Cl)c3)CC2)c(=O)n1CCOc1ccccc1,0.00021435281
Cc1cccc(C)c1NC(=O)CN1CCCC1=O,0.0016469354
CN1CCO[C@@H](c2ccccc2)c2ccccc2C1,2.3971948e-05
COc1nc(N)nc2c1ncn2[C@@H]1O[C@H](CO)[C@@H](O)[C@@H]1O,0.07958832
Cc1c(O)cccc1C(=O)N[C@@H](CSc1ccccc1)[C@H](O)CN1C[C@H]2CCCC[C@H]2C[C@H]1C(=O)NC(C)(C)C,0.005241802
COC(=O)Nc1c(N)nc(-c2nn(Cc3ccccc3F)c3ncccc23)nc1N,0.03623131
COc1ccc(NC(=O)Nc2ccc(F)cc2F)cc1-c1c(Br)cnn1C,0.010707448
Nc1c(Cl)cc(C=C2NCCN2)cc1Cl,0.0026177333
CC(C)N1CCN(Cc2cnc(-c3cc(-c4cccc5[nH]ccc45)cc4[nH]ncc34)o2)CC1,1.8162213e-05
CNc1cc(OC)c(C(=O)N[C@@H]2CCN(Cc3ccccc3)[C@@H]2C)cc1Cl,0.019827386
COc1ccc(-n2nccn2)c(C(=O)N2CCC[C@@]2(C)c2nc3ccc(Cl)c(C)c3[nH]2)c1,0.027951594
COc1cccc2c1C(=O)c1c(O)c3c(c(O)c1C2=O)C[C@@](O)(C(=O)CO)C[C@@H]3O[C@H]1C[C@H](N2CCO[C@H](OC)C2)[C@H](O)[C@H](C)O1,0.20947129
CCC[N@+]12[C@H](O)[C@@H](CC)[C@@H]3C[C@@H]1[C@@H]1N(C)c4ccccc4[C@]14C[C@H]2[C@@H]3[C@@H]4O,0.0008388191
COc1ccc([C@@H]2CC(=O)c3c(O)cc(O[C@@H]4O[C@H](CO)[C@@H](O)[C@H](O)[C@H]4O[C@@H]4O[C@@H](C)[C@H](O)[C@@H](O)[C@H]4O)cc3O2)cc1O,0.00076341856
COc1ccc(CCC(=O)c2c(O)cc(O[C@@H]3O[C@H](CO)[C@@H](O)[C@H](O)[C@H]3O[C@@H]3O[C@@H](C)[C@H](O)[C@@H](O)[C@H]3O)cc2O)cc1O,0.00012286365
NC[C@@H]1O[C@H](O[C@H]2[C@@H](O)[C@H](O[C@@H]3[C@@H](O)[C@H](N)C[C@H](N)[C@H]3O[C@H]3O[C@H](CN)[C@@H](O)[C@H](O)[C@H]3N)O[C@@H]2CO)[C@H](N)[C@@H](O)[C@@H]1O,0.622935
CN(C)C(=O)Oc1cccc([N+](C)(C)C)c1,0.0007160788
NC(=O)Cc1cccc(C(=O)c2ccccc2)c1N,0.006984409
NCc1c[nH]c(=S)n1[C@H]1CCc2c(F)cc(F)cc2C1,0.043668322
CCOc1cc2ncc(C#N)c(Nc3ccc(OCc4ccccn4)c(Cl)c3)c2cc1NC(=O)/C=C/CN(C)C,0.0030650352
Cc1oncc1C(=O)N1CCCCC1,0.0048937327
NCCCCCC(O)(P(=O)(O)O)P(=O)(O)O,7.574374e-05
CNC(=O)c1c(-c2ccc(F)cc2)oc2cc(N(CCO)S(C)(=O)=O)c(C3CC3)cc12,0.0026355567
CCN[C@@H]1C[C@H](N)[C@@H](O[C@H]2OC(CN)=CC[C@H]2N)[C@H](O)[C@H]1O[C@H]1OC[C@](C)(O)[C@H](NC)[C@H]1O,0.94723064
Cc1ccccc1-c1cc(N2CCN(C)CC2)ncc1N(C)C(=O)C(C)(C)c1cc(C(F)(F)F)cc(C(F)(F)F)c1,0.008425947
COc1ccc(-c2nc(-c3ccc(-c4cccc(Cl)c4)o3)[nH]c2-c2ccc(OC)cc2)cc1,0.040372957
CCOC(=O)c1ccc(N(C)c2csc(-c3ccccc3)n2)cc1,0.0011452587
O=C(O)c1cc(NCc2c(F)c(F)c(C(F)(F)F)c(F)c2F)ccc1O,0.8044793
Cc1ccnc2c1NC(=O)c1cccnc1N2C1CC1,0.111281216
CCCCN(Cc1ccc(C(=O)NO)cc1)C(=O)Nc1ccccc1,0.03526354
Cc1ccc(NCCCc2ccccc2)c(N)c1,0.00019460203
NC(=N[N+](=O)[O-])NCCC[C@H](N)C(=O)O,0.00065788435
O=C(NCCCCN1CCN(c2cccc(Cl)c2Cl)CC1)c1ccc2c(c1)Cc1ccccc1-2,0.0023532687
c1ccc(-c2ncc(CN3CCN(c4ncccn4)CC3)[nH]2)cc1,0.0060003693
CCC(CC)Nc1nc(C)c(-c2ccc(OC(F)(F)F)cc2OC)nc1OC,0.0009197635
CCc1cc(Nc2nc(-c3ccc(-n4cnc(C)c4)c(F)c3)cs2)c(C)cc1C,0.13774456
COC(=O)c1cc2c(C(F)(F)F)cc(-c3ccccc3)cc2n1O,0.79929805
CCCCCCCCCCCCCCCC[n+]1ccn(Cc2ccccc2)c1C,0.8273473
COc1cc(C#N)ccc1S(=O)(=O)Nc1ccc2c(c1)cc(C)c(=O)n2C,0.0003593303
O=C(O)c1cccnc1,0.0058178
O=C(CCNNC(=O)c1ccncc1)NCc1ccccc1,8.6815395e-05
CCN(CC)CCCC[C@@H](NC(=O)c1ccc([N+](=O)[O-])cc1)c1ccccc1,0.00087595376
CC(C)NC[C@H](O)COc1cccc2c1N(C(=O)c1cccnc1)CCC2,0.0040270505
C[C@@H](CNC(=O)c1cccnc1)NC(=O)c1cccnc1,0.0032790846
COC(=O)C1=C(C)NC(C)=C(C(=O)OCCN(C)Cc2ccccc2)[C@@H]1c1cccc([N+](=O)[O-])c1,0.0035715695
CO[C@]12C[C@@H](COC(=O)c3cncc(Br)c3)CN(C)[C@@H]1Cc1cn(C)c3cccc2c13,0.00045261433
O=C(OCC(COC(=O)c1cccnc1)(COC(=O)c1cccnc1)COC(=O)c1cccnc1)c1cccnc1,0.01670533
O=C(Nc1ccc([N+](=O)[O-])cc1Cl)c1cc(Cl)ccc1O,0.031125536
CC/C=C\C/C=C\C/C=C\C/C=C\C/C=C\CCCC(=O)NCCNC(=O)c1cccnc1,2.6224253e-08
O=C(NCCO[N+](=O)[O-])c1cccnc1,0.022577886
NC(=O)c1cccnc1,0.076547585
CN1CCC[C@H]1c1cccnc1,0.00278501
OCc1cccnc1,5.692295e-05
COc1ccc(-c2c(C)c(C(=O)NN3CCCCC3)nn2-c2ccc(Cl)cc2Cl)cc1,0.0027430528
COC(=O)C1=C(C)NC(C)=C(C(=O)OC)C1c1ccccc1[N+](=O)[O-],0.00010039269
Cn1c(NCCN(CCO)CCCc2ccc([N+](=O)[O-])cc2)cc(=O)n(C)c1=O,0.0039092884
CC(C)NC[C@@H](O)c1ccc([N+](=O)[O-])cc1,0.0010565429
Cc1c(NC(=O)c2cccnc2)c(=O)n(-c2ccccc2)n1C,4.86184e-07
O=C(O)c1cccnc1Nc1cccc(C(F)(F)F)c1,0.44006264
O=C(N/N=C/c1ccc([N+](=O)[O-])o1)c1ccc(O)cc1,0.017934587
O=C(N/N=C/c1ccc([N+](=O)[O-])o1)c1cc([N+](=O)[O-])cc([N+](=O)[O-])c1O,0.107034884
C[C@H]1CS(=O)(=O)CCN1/N=C/c1ccc([N+](=O)[O-])o1,7.2945055e-05
COC(=O)C1=C(C)NC(C)=C(C(=O)OCCCN2CCC(c3ccccc3)(c3ccccc3)CC2)[C@H]1c1cccc([N+](=O)[O-])c1,0.00847956
CCN(CC)C(=O)c1cccnc1,4.3695807e-05
Cc1cn(-c2cc(NC(=O)c3ccc(C)c(Nc4nccc(-c5cccnc5)n4)c3)cc(C(F)(F)F)c2)cn1,0.3613414
CC1(C)NC(=O)N(c2ccc([N+](=O)[O-])c(C(F)(F)F)c2)C1=O,0.008576447
COC(=O)C1=C(C#N)NC(C)=C(C(=O)OC(C)C)[C@@H]1c1cccc([N+](=O)[O-])c1,7.877521e-05
CS(=O)(=O)Nc1ccc([N+](=O)[O-])cc1Oc1ccccc1,0.036410913
COCCOC(=O)C1=C(C)NC(C)=C(C(=O)OC(C)C)[C@@H]1c1cccc([N+](=O)[O-])c1,5.670655e-05
O=[N+]([O-])c1cncn1CCN1CCOCC1,0.0026860365
Cc1ncc(CNC(=O)N(CCCl)[NH2+][O-])c(N)n1,0.01555035
C/C=C/C[C@@H](C)[C@@H](O)[C@H]1C(=O)N[C@@H](CC)C(=O)N(C)CC(=O)N(C)[C@@H]([C@@H](C)CC)C(=O)N[C@@H](C(C)C)C(=O)N(C)[C@@H](CC(C)C)C(=O)N[C@@H](C)C(=O)N[C@H](C)C(=O)N(C)[C@@H](CC(C)C)C(=O)N(C)[C@@H](CC(C)C)C(=O)N(C)[C@@H](C(C)C)C(=O)N1C,7.1934366e-08
Cc1c(C(=O)Nc2ccc(Oc3ccnc4cc(OCC(C)(C)O)ccc34)c(F)c2)c(=O)n(-c2ccccc2)n1C,8.944029e-05
COC(=O)c1ccc2c(c1)NC(=O)/C2=C(\Nc1ccc(N(C)C(=O)CN2CCN(C)CC2)cc1)c1ccccc1,0.019961303
NC(=O)c1cccc2cn(-c3ccc([C@@H]4CCCNC4)cc3)nc12,0.0051506823
O=C1NCCN1c1ncc([N+](=O)[O-])s1,0.005841215
C=C(NC(=O)[C@@H](NC(=O)[C@H](Cc1cnc[nH]1)NC(=O)[C@@H](NC(=O)[C@H](CO)NC(=O)[C@H]1CS[C@H](C)[C@@H]2NC(=O)[C@@H](C)NC(=O)[C@@H](NC(=O)[C@H](CCCCN)NC(=O)[C@H](CCSC)NC(=O)[C@H](CC(N)=O)NC(=O)[C@H]3CS[C@H](C)[C@H](NC(=O)[C@H](CCCCN)NC(=O)[C@H]4CS[C@H](C)[C@H](NC(=O)[C@H]5CSC[C@H](NC(=O)/C(=C/C)NC(=O)[C@H](N)[C@H](C)CC)C(=O)N[C@@H]([C@@H](C)CC)C(=O)NC(=C)C(=O)N[C@H](CC(C)C)C(=O)N5)C(=O)N5CCC[C@@H]5C(=O)NCC(=O)N4)C(=O)NCC(=O)N[C@H](C)C(=O)N[C@H](CC(C)C)C(=O)N[C@H](CCSC)C(=O)NCC(=O)N3)[C@@H](C)SC[C@@H](NC2=O)C(=O)N[C@H](Cc2cnc[nH]2)C(=O)N1)[C@@H](C)CC)C(C)C)C(=O)N[C@@H](CCCCN)C(=O)O,0.29564363
COC(=O)C1=C(C)NC(C)=C(C(=O)OCC(C)C)[C@@H]1c1ccccc1[N+](=O)[O-],5.9055335e-05
CNCC[C@@H](Oc1ccccc1OC)c1ccccc1,0.0002814058
O=[N+]([O-])c1ccc([As](=O)(O)O)cc1,0.6885867
CC(=O)Oc1ccccc1C(=O)Nc1ncc([N+](=O)[O-])s1,0.051012527
CC(=O)C(=Cc1cc(O)c(O)c([N+](=O)[O-])c1)C(C)=O,0.087223634
CCN(Cc1ccc(Cl)nc1)/C(=C/[N+](=O)[O-])NC,0.0020698148
CC(=O)Nc1ncc([N+](=O)[O-])s1,0.00063972134
O=C1CCCC(=O)C1=C(O)c1ccc(C(F)(F)F)cc1[N+](=O)[O-],0.7523047
CCOC(=O)C1=C(C)NC(C)=C(C(=O)OC)[C@@H]1c1cccc([N+](=O)[O-])c1,0.0003472675
CCN(CC)CCOC(=O)C1(c2ccc([N+](=O)[O-])cc2)CCCC1,0.00016465186
C[C@@H](C(=O)OCCCCO[N+](=O)[O-])c1ccc(-c2ccccc2)c(F)c1,0.099344924
O=C1CN(/N=C/c2ccc([N+](=O)[O-])o2)C(=O)N1,0.005244219
NC(=O)N/N=C/c1ccc([N+](=O)[O-])o1,9.765383e-05
NC(=O)c1cc([N+](=O)[O-])cc([N+](=O)[O-])c1,0.34150615
CNC(=O)N(C)[NH2+][O-],0.000121872654
O=[N+]([O-])c1ccc(O)c2ncccc12,0.009122762
CN/C(=C\[N+](=O)[O-])NCCSCc1csc(CN(C)C)n1,0.00024116981
CCN(CC)Cc1nccn1-c1ccc([N+](=O)[O-])cc1C(=O)c1ccccc1Cl,0.00080076547
O=C(NCc1ccccn1)Nc1nnc(-c2ccco2)o1,0.60405153
[Cl][Ru+3]([Cl])([Cl])([Cl])([n+]1cc2ccccc2[nH]1)[n+]1cc2ccccc2[nH]1,5.3747744e-08
Nc1ncc2c(n1)C[C@@H](c1ccco1)CC2=O,0.01072925
O[C@@H](C[C@H]1c2ccccc2-c2cncn21)C1CCCCC1,0.00016359569
CN[C@H](CC(=O)O)C(=O)O,0.00091645203
CN1CCC(NC(=O)c2cc(-c3c(O)cc(O)cc3Oc3ccc([N+](=O)[O-])cc3)on2)CC1,0.00013641811
CCc1cccc(CC)c1NC(=O)c1nn(C)c2c1CCc1cnc(Nc3ccc(C(=O)NC4CCN(C)CC4)cc3OC(F)(F)F)nc1-2,0.97429013
CN1CCN(c2ccc(OC(F)(F)F)c(Nc3ncc4c(n3)-c3c(c(C(N)=O)nn3CCO)CC4)c2)CC1,0.63803476
Cc1cc(OCc2nnc(SC3CCCC3)n2-c2cccnc2)ccc1-c1ccc(S(C)(=O)=O)cc1,0.0015235398
C[C@@]1(O)[C@H](O)[C@@H](CO)O[C@H]1n1ccc(N)nc1=O,0.9664817
CCCCCCCCCN1C[C@H](O)[C@@H](O)[C@H](O)[C@H]1CO,0.0037848891
COc1ccccc1C1(O)CCN(CCCn2c3ccccc3c3ccccc32)CC1,0.0003241369
CC(C)[C@H]1c2ccc(F)cc2CC[C@@]1(CCN(C)CCCc1nc2ccccc2[nH]1)OC(=O)C1CC1,3.2523317e-06
COC(=O)CN1CN(c2ccccc2)C2(CCN(Cc3cccc4ccccc34)CC2)C1=O,0.014216904
O=C(O)C1=CCCN(CCON=C(c2ccccc2)c2ccccc2)C1,0.009450733
CC(=O)Oc1ccccc1C(=O)Oc1cccc(CO[N+](=O)[O-])c1,0.010787767
COc1ccc(-c2cc(=O)c3c(OC)c(OC)c(OC)c(OC)c3o2)cc1OC,0.15253079
COC(=O)Nc1nc2ccc(C(=O)c3cccs3)cc2[nH]1,0.0017477517
Cc1ccc2[nH]c(N)nc(=O)c2c1Sc1ccncc1,0.13964392
CC(=O)O[C@]1(C(C)=O)CC[C@H]2[C@@H]3C=C(C)C4=CC(=O)CC[C@@H]4[C@H]3CC[C@@]21C,6.912953e-06
CN1Cc2c(N)cccc2[C@H](c2ccccc2)C1,0.00017492572
CCCCCCCCC(=O)NCc1ccc(O)c(OC)c1,0.00016448929
CCCCCCCCCc1ccc(OCCOCCOCCOCCOCCOCCOCCOCCOCCO)cc1,0.00011242455
Oc1ccc2c3c1O[C@H]1c4[nH]c5c(c4C[C@@]4(O)[C@@H](C2)N(CC2CC2)CC[C@]314)C[C@@]1(O)[C@H]2Cc3ccc(O)c4c3[C@@]1(CCN2CC1CC1)[C@H]5O4,0.029347602
CNCCC=C1c2ccccc2C=Cc2ccccc21,0.0099130105
C#C[C@]1(O)CC[C@H]2[C@@H]3CCC4=C/C(=N/O)CC[C@@H]4[C@H]3CC[C@@]21CC,0.00032338224
NC[C@H](O)c1ccc(O)c(O)c1,0.057175897
C#C[C@]1(O)CC[C@H]2[C@@H]3CCC4=CC(=O)CC[C@@H]4[C@H]3CC[C@@]21C,1.3396396e-05
C#C[C@]1(OC(C)=O)CC[C@H]2[C@@H]3CCC4=CC(=O)CC[C@@H]4[C@H]3CC[C@@]21C,1.8941873e-06
C#C[C@]1(OC(=O)CCCCCC)CC[C@H]2[C@@H]3CCC4=CC(=O)CC[C@@H]4[C@H]3CC[C@@]21C,0.00042973514
C#C[C@]1(O)CC[C@H]2[C@@H]3CCC4=C(CCC(=O)C4)[C@H]3CC[C@@]21C,3.3186996e-05
CCn1cc(C(=O)O)c(=O)c2cc(F)c(N3CCNCC3)cc21,0.9975852
NCC[C@@H](Oc1ccc(C(F)(F)F)cc1)c1ccccc1,0.011568777
C#C[C@]1(OC(C)=O)CC[C@H]2[C@@H]3CCC4=C/C(=N/O)CC[C@@H]4[C@H]3CC[C@@]21CC,2.2530807e-05
c1cncc([C@H]2CCCN2)c1,0.000107437845
CNCCC=C1c2ccccc2CCc2ccccc21,0.01888375
CC(C)C[C@@H](N)C(=O)N[C@H]1C(=O)N[C@@H](CC(N)=O)C(=O)N[C@H]2C(=O)N[C@H]3C(=O)N[C@H](C(=O)N[C@H](C(=O)O)c4cc(O)cc(O)c4-c4cc3ccc4O)[C@H](O)c3ccc(c(Cl)c3)Oc3cc2cc(c3O[C@@H]2O[C@H](CO)[C@@H](O)[C@H](O)[C@H]2O[C@H]2C[C@](C)(N)[C@H](O)[C@H](C)O2)Oc2ccc(cc2Cl)[C@H]1O,0.04131579
COc1ccc2c(c1OC)C(=O)O[C@@H]2[C@H]1c2c(cc3c(c2OC)OCO3)CCN1C,0.0005287835
N[C@H](CCC(=O)N[C@@H](CSSC[C@H](NC(=O)CC[C@H](N)C(=O)O)C(=O)NCC(=O)O)C(=O)NCC(=O)O)C(=O)O,0.0043509332
CO[C@@H]1[C@@H](OC(N)=O)[C@@H](O)[C@H](Oc2ccc3c(O)c(NC(=O)c4ccc(O)c(CC=C(C)C)c4)c(=O)oc3c2C)OC1(C)C,0.8879535
C[C@]12CCC(=O)C=C1CC[C@@H]1[C@@H]2[C@@H](O)C[C@]2(C)C(=O)CC[C@@H]12,0.00054106314
CC(C)C[C@@H](NC(=O)OCC1c2ccccc2-c2ccccc21)C(=O)O,0.00019982686
O=C(O)c1cc([N+](=O)[O-])ccc1NCCCc1ccccc1,0.3898099
CC(C)(Cc1ccc2ccccc2c1)NC[C@@H](O)COc1cccc(Cl)c1C#N,0.0001339779
CC(C)(Cc1ccccc1)NC(=O)c1cnc2ccccc2n1,2.7258639e-05
Cc1c(NC(=O)N2CCOCC2)ccc2c1c1ccccc1n2C(C)C,0.69649833
CCOC(=O)c1c2c3c(cccc3[nH]c1=O)C(=O)c1ccccc1-2,0.06673233
C[C@H](Nc1cc(-c2cnn(C)c2)cc(Nc2cnccn2)n1)c1ccc(F)cc1,0.9237727
FC(F)(F)c1cc(NC(=S)Nc2ccc(Br)cc2-c2nn[nH]n2)cc(C(F)(F)F)c1,0.2031467
CC(C)(O)c1ccc2c(c1)ncn2-c1cccc(-c2ccccc2C#N)c1,0.26595077
O=C(Nc1cc(C(F)(F)F)ccc1O)Nc1cc(C(F)(F)F)ccc1O,0.78933
Nc1ncc(Cc2ccc(Br)cc2)s1,0.00055028603
O=C1Nc2c(ccc(Cl)c2Cl)/C1=N/O,0.024865702
O=C(Nc1cccc(C(F)(F)F)c1)Nc1ccc(Br)cc1-c1nn[nH]n1,0.0052122623
CN1[C@@H]2CC[C@H]1C=C(c1sccc1Br)C2,0.0018227425
O=C(Nc1cc(C(F)(F)F)cc(C(F)(F)F)c1)Nc1c(Br)cc(Br)cc1-c1nn[nH]n1,0.67189664
Cc1c(-c2ccccc2F)[nH]c(N)c1C#N,0.0027374718
c1ccc2c(c1)CCC[C@H]2Nc1nc2ccccc2[nH]1,0.45095256
N#Cc1cccc(-c2nc(-c3cccnc3)no2)c1,2.474009e-07
CCN(CC)CCC[C@@H](C)Nc1nc(C)cc(Nc2ccc3nc(C)cc(N)c3c2)n1,0.48518005
C/C(=N\NC(=S)N1CCC1)c1ccccn1,0.013894993
O=Nc1ccc(O)c2ncccc12,0.00017817852
CCC[C@@H](C)NC(=O)c1ccc(Cl)c(Cl)c1,0.014858414
C=C(C)[C@@H]1CC[C@]2(CO)CC[C@]3(C)[C@H](CC[C@@H]4[C@@]5(C)CC[C@H](O)C(C)(C)[C@@H]5CC[C@]43C)[C@@H]12,0.0015627735
Clc1ccc2c(NCCNc3ccnc4cc(Cl)ccc34)ccnc2c1,0.006590152
COc1ccc(OC)c2c(=S)c3ccccc3[nH]c12,0.0054093157
Cc1ccc(/C=C2\CNC/C(=C\c3ccc(C)cc3)C2=O)cc1,0.5159427
O=[N+]([O-])c1cc([N+](=O)[O-])c(/C=C/c2ccc(Cl)c(Cl)c2)cc1/C=C/c1ccc(Cl)c(Cl)c1,0.881394
O=C1C(Cl)=C(NCCN2CCOCC2)C(=O)c2ncccc21,0.011095905
Cc1ccc(S(=O)(=O)c2ccc([N+](=O)[O-])o2)cc1,0.026087863
O=C1C(SCCO)=C(SCCO)C(=O)c2ccccc21,0.008793224
CO[C@H]1CC=C2CCN3CCC4=C(CC(=O)OC4)[C@]23C1,0.002532831
CC(C)CCNc1ncccc1C(=O)N1CCN(Cc2ccccc2)CC1,0.012717684
CC1=C(c2ccc(NC3=C(C)C(=O)CC3)cc2)NNC(=O)C1,0.000977865
O=[N+]([O-])c1ccccc1S(=O)(=O)NC[C@H]1CC[C@H](CNC[C@H]2CCc3ccccc3C2)CC1,0.0053541437
Cc1ccc(S(=O)(=O)Nc2ccc3c(c2)c(C(=O)C(F)(F)F)cn3CC(=O)N[C@@H](CC(C)C)C(=O)O)cc1,0.008380228
O=C(O)c1c(Sc2ccccc2)c2cc(Cl)ccc2n1Cc1ccc(Cl)cc1,0.98389906
Oc1cc(CNC(=S)/C=C/c2cc(O)c(O)c(Br)c2)cc(O)c1O,0.01263657
Cc1nc(=O)c2cccc(O)c2[nH]1,0.00012592894
Nc1nc(OCC2CCCCC2)c2[nH]cnc2n1,0.940032
Nc1nc(N)c(N=O)c(OCC2CCCCC2)n1,0.77909094
O=c1cc(N2CCOCC2)oc2c1ccc1ccccc12,0.00068796356
O=c1cc(N2CCOCC2)oc2c(-c3cccc4c3sc3ccccc34)cccc12,0.0052218563
O=C1N=C2SCCN2C(=O)[C@H]1Cc1ccc(Cl)cc1,0.0051744105
COc1ccc(C2=N[C@@H](c3ccc(Cl)cc3)[C@@H](c3ccc(Cl)cc3)N2C(=O)N2CCNC(=O)C2)c(OC(C)C)c1,0.08574592
CN1CCC(C(=O)N2c3ccccc3NC(=O)c3cccnc32)CC1,0.0024058805
Nc1ncnc2c1c(-c1cccc(OCc3ccccc3)c1)cn2[C@H]1C[C@H](CN2CCCC2)C1,0.9349966
Nc1ncnc2c1c(-c1cccc(OCc3ccccc3)c1)cn2[C@H]1C[C@@H](CN2CCC2)C1,0.3692168
CCNC(=O)c1noc(-c2cc(C(C)C)c(O)cc2O)c1-c1ccc(CN2CCOCC2)cc1,0.009766503
Cn1c(=O)n(-c2ccc(C(C)(C)C#N)cc2)c2c3cc(-c4cnc5ccccc5c4)ccc3ncc21,0.013039475
CCN1CCN(c2ccc(Nc3cc(N(C)C(=O)Nc4c(Cl)c(OC)cc(OC)c4Cl)ncn3)cc2)CC1,0.006293044
Cc1ccc(C(=O)Nc2cccc(C(F)(F)F)c2)cc1Nc1nc(-c2cccnc2)nc2c1cnn2C,0.33129156
Fc1cc(-c2cccc3ncc(-c4cnn(C5CCNCC5)c4)nc23)cc(F)c1CN1CCOCC1,0.28133813
Cn1cc(-c2ccc3ncc(Cc4ccc5ncccc5c4)n3n2)cn1,0.00031315634
N#Cc1ccc(NCCNCC(=O)N2CCC[C@H]2C#N)nc1,7.8727375e-05
COc1cccc(-c2cc(F)ccc2[C@H]2Cc3nc(N)nc(C)c3C(=O)N2)n1,0.041085344
CNC(=O)c1ccccc1Nc1nc(Nc2ccc(N3CCOCC3)cc2OC)ncc1Cl,0.14163554
COc1cc(N2CCC(N3CCN(C)CC3)CC2)ccc1Nc1ncc(Cl)c(Nc2ccccc2S(=O)(=O)C(C)C)n1,0.15091532
COc1ccc(C(=O)C2CCN(CC(=O)N(Cc3nc(=O)c4c([nH]3)CCOC4)CC3CC3)CC2)cc1,0.00042360742
O=C(Nc1nc2ccc(NC(=O)C34CC5CC(CC(C5)C3)C4)cc2s1)c1ccccc1,0.99286884
CC(C)NC(=O)N1CC[C@H](NC2=Nc3cc(F)ccc3N(CC(F)F)c3ccc(Cl)cc32)C1,0.0007296848
CC(C)(C)/[N+]([O-])=C/c1ccc(S(=O)(=O)O)cc1S(=O)(=O)O,0.3456233
C[C@@H]1[C@H](O)[C@@H](C)/C=C/C=C/CC/C=C/C=C/C=C/C=C/[C@H](O[C@@H]2O[C@H](C)[C@@H](O)[C@H](N)[C@@H]2O)C[C@@H]2O[C@](O)(C[C@@H](O)[C@H](O)CC[C@@H](O)C[C@@H](O)C[C@@H](O)CC(=O)O[C@H]1C)C[C@H](O)[C@H]2C(=O)O,0.00018545406
NC(=O)CNCCC(c1ccccc1)c1ccccc1,0.0031323468
OC[C@H]1O[C@@H](n2cnc3c(NC4CCCC4)ncnc32)[C@H](O)[C@@H]1O,0.021462318
CNc1ncnc2c1ncn2[C@@H]1O[C@H](CO)[C@@H](O)[C@H]1O,0.0065731327
Cc1cc(C(N)=O)ccc1-n1c(CCC(=O)O)ccc1-c1ccc(-n2ccnc2)cc1,0.00841675
CC(=O)OC[C@H](N)C(=O)O,9.754453e-06
O=C(O)c1ccccc1S,0.059845515
C=C(C)[C@@H]1CCC(C)=C[C@H]1c1c(OC)cc(C)cc1OC,1.8537565e-05
Cc1cc(C)c(S(=O)(=O)Nc2ccccc2C(F)(F)F)c(C)c1,3.3727287e-05
O=C(Nc1nc(=O)n(Cc2ccc(Cl)cc2)s1)c1ccc(Cl)cc1,0.99485224
O=C(Nc1cc2cc[nH]c2cn1)c1ccccc1,0.80503476
O=C(Nc1ccc2[nH]ccc2c1)c1ccccc1,0.037282404
COC1=CC(c2cc3ccccc3[nH]2)=N/C1=C\c1[nH]c(C)cc1C,0.0018853751
CC[C@H]1[C@@H](O)[C@H]2[C@H]3CC[C@@H]([C@@H](C)CCC(=O)O)[C@@]3(C)CC[C@@H]2[C@@]2(C)CC[C@@H](O)C[C@@H]12,6.892763e-06
O/N=C/c1cc[n+](COC[n+]2ccc(/C=N/O)cc2)cc1,0.5041807
Cc1nc2c(C)cccn2c(=O)c1CCN1CCC(c2noc3cc(F)ccc23)CC1,0.6199575
C[C@@H]1CC(=O)c2c(ccc3c2C(=O)c2cccc(O)c2C3=O)C1,0.006643047
O=C(c1ccccn1)c1cnn2c(-c3ccncc3)ccnc12,0.00030843978
CC(C)c1ccc(C(=O)NCCOc2ccc(C(=O)O)cc2)cc1,0.0071815825
CCCCCCCCCCCCCCCCCCO,0.0026075
C[Si](C)(C)O[Si](C)(C)O[Si](C)(C)C,3.740741e-20
CCCCCCCCN=c1ccn(CCCCCCCCCCn2ccc(=NCCCCCCCC)cc2)cc1,0.8419929
CCCC[C@@H](CC)COC(=O)/C=C/c1ccc(OC)cc1,0.0072212135
CCCC[C@@H](CC)COC(=O)c1ccccc1O,0.023832396
CCCC[C@@H](CC)COC(=O)C(C#N)=C(c1ccccc1)c1ccccc1,0.0030470497
CC(C)CCC[C@@H](C)N,0.0010414177
NCC(O)c1ccc(O)cc1,0.0039087515
C[C@@H](O)[C@@H]1NC(=O)[C@H](CCCCN)NC(=O)[C@H](Cc2c[nH]c3ccccc23)NC(=O)[C@H](Cc2ccccc2)NC(=O)[C@H](NC(=O)[C@@H](N)Cc2ccccc2)CSSC[C@H](C(=O)N[C@H](CO)[C@@H](C)O)NC1=O,0.09964071
Cc1c(Cc2ccc3ccccc3n2)c2cc(F)ccc2n1CC(=O)O,0.0014350681
CC(C)(F)C[C@H](N[C@@H](c1ccc(-c2ccc(S(C)(=O)=O)cc2)cc1)C(F)(F)F)C(=O)NC1(C#N)CC1,0.4583988
O=c1onc2cnc3ccccc3n12,0.0002618995
COc1cc2c(cc1NS(=O)(=O)c1ccc(Br)cc1C)n(C)c(=O)n2C,0.022730444
N[C@H]1C[C@@H]1c1ccc(-c2cccc(O)c2)cc1,0.95161206
Nc1nc(NCc2ccccc2)nc(-c2ccccc2CO)n1,0.00027849336
CS(=O)(=O)Nc1ccc2oc3c(OC(F)F)ccc(C(=O)Nc4c(Cl)cncc4Cl)c3c2c1,0.15799408
N[C@@H](CCC(=O)O)C(=O)N[C@@H](Cc1c[nH]c2ccccc12)C(=O)O,0.005476923
CN1CCN(c2ccc(-c3cccc(CN4CCOCC4)c3)cc2NC(=O)c2c[nH]c(=O)cc2C(F)(F)F)CC1,0.0848321
Cc1cc2c(s1)Nc1ccccc1N=C2N1CCN(C)CC1,0.004554892
O=C(c1cc(Cc2n[nH]c(=O)c3ccccc23)ccc1F)N1CCN(C(=O)C2CC2)CC1,0.5248815
CCCCCCCC/C=C\CCCCCCCC(=O)NCCc1ccc(O)c(O)c1,0.000272315
CCCCCCCC/C=C\CCCCCCCC(N)=O,0.0014058863
CO[C@H]1C[C@H](O[C@H]2CC[C@@]3(C)[C@H](CC[C@@H]4[C@@H]3CC[C@]3(C)[C@@H](C5=CC(=O)OC5)[C@@H](OC(C)=O)C[C@]43O)C2)O[C@@H](C)[C@@H]1O,3.0245765e-05
CC1(C)CC[C@]2(C(=O)O)CC[C@]3(C)C(=CC[C@@H]4[C@@]5(C)CC[C@H](O)C(C)(C)[C@@H]5CC[C@]43C)[C@@H]2C1,0.030818285
CCCCCCCC/C=C\CCCCCCCC(=O)NCCO,0.0024061494
CC(C)CCC[C@@H](C)[C@H]1CC[C@H]2[C@@H]3CCC4=C/C(=N/O)CC[C@]4(C)[C@H]3CC[C@]12C,0.0031479956
C/C=C1\[C@H](O[C@H]2O[C@@H](CO)[C@@H](O)[C@@H](O)[C@@H]2O)OC=C(C(=O)OC)[C@H]1CC(=O)OCCc1ccc(O)c(O)c1,0.00033699488
CC[C@H]1/C=C/C=C/C[C@@H](C)[C@H](O)[C@@](C)(O)C(=O)[C@@H](C)[C@H](O)[C@@H](C)C(=O)[C@@H](C)[C@H](O)[C@@H](C)/C=C/C(=O)O[C@@H]2[C@H](C)[C@H](CC1)O[C@]1(CC[C@H](C)[C@H](C[C@@H](C)O)O1)[C@H]2C,0.72346395
CCCc1nc(C(C)(C)O)c(C(=O)O)n1Cc1ccc(-c2ccccc2-c2nn[nH]n2)cc1,0.54456913
CCCc1nc(C(C)(C)O)c(C(=O)OCc2oc(=O)oc2C)n1Cc1ccc(-c2ccccc2-c2nn[nH]n2)cc1,0.055462945
C=CC(=O)Nc1cccc(Oc2nc(Nc3ccc(N4CCN(C)CC4)cc3)nc3ccsc23)c1,0.0015804478
COc1ccc2c(c1OCc1ccccc1)C[C@@H](C(=O)O)N(C(=O)C(c1ccccc1)c1ccccc1)C2,0.029220028
Cn1cnc2c(NCc3ccccc3)nc(NCCO)nc21,0.006376972
CN(C)CC/C=C1/c2ccccc2COc2ccc(CC(=O)O)cc21,0.0058709406
Cc1[nH]c(=O)c(C#N)cc1-c1ccc2nccn2c1,0.5191964
O=C(O)c1cc(/N=N/c2ccc(O)c(C(=O)O)c2)ccc1O,0.15814142
Cc1c(-c2cnccn2)ssc1=S,0.99413484
CCCCCCCCCCCCCCOc1ccc(C(=O)OCC(=O)N(C)CC(=O)OCC)o1,0.0037104315
CCCCCCCC/C=C\CCCCCCCC(=O)NCc1ccc(O)c(OC)c1,0.00012298085
CN(C)c1cc(CNCC(C)(C)C)c(O)c2c1C[C@H]1C[C@H]3[C@H](N(C)C)C(=O)[C@H](C(N)=O)C(=O)[C@@]3(O)C(=O)[C@@H]1C2=O,0.20404619
O=C(N[C@H]1CCS[C@H]2CCC[C@@H](C(=O)O)N2C1=O)[C@@H](S)Cc1ccccc1,0.026006717
CS(=O)(=O)n1cc2c(n1)CN([C@H]1CO[C@H](c3cc(F)ccc3F)[C@@H](N)C1)C2,0.37736797
COC(=O)N[C@H](C(=O)N1CCC[C@H]1C(=O)Nc1ccc([C@@H]2CC[C@@H](c3ccc(NC(=O)[C@@H]4CCCN4C(=O)[C@@H](NC(=O)OC)C(C)C)cc3)N2c2ccc(C(C)(C)C)cc2)cc1)C(C)C,0.0031440477
COc1ccc(/C=C\c2cc(OC)c(OC)c(OC)c2)cc1NC(=O)[C@@H](N)CO,0.025543587
CCCCCCCC/C=C\CCCCCCCC(=O)N[C@@H](CO)Cc1ccc(O)cc1,0.0034186111
COC(=O)N1CCN(Cc2cccc(NC(=O)Nc3ccc(C)nc3)c2F)CC1,0.026454706
O=C(O)CCCCCCCCCCCCCCc1ccc(I)cc1,0.0119780945
CC/C=C\C/C=C\C/C=C\C/C=C\C/C=C\CCCC(=O)OCC,7.286329e-08
COc1ccc2c(c1)nc([S@@](=O)Cc1ncc(C)c(OC)c1C)[n]2[Mg][n]1c([S@@](=O)Cc2ncc(C)c(OC)c2C)nc2cc(OC)ccc21,0.05724372
COc1ccc2nc(SCc3ncc(C)c(OC)c3C)[nH]c2c1,5.705958e-05
CC(C)[C@]12O[C@H]1[C@@H]1O[C@]13[C@]1(O[C@H]1C[C@H]1C4=C(CC[C@@]13C)C(=O)OC4)[C@@H]2OC(=O)CCC(=O)O,0.0054819747
COc1cc(OC)c(/C=C/S(=O)(=O)Cc2ccc(OC)c(N)c2)c(OC)c1,0.5285857
O=Cc1cn(Cc2ccc(Cl)cc2)c2ccccc12,0.0002117876
Cc1ccccc1CN1C(=O)C2=C(CCN(Cc3ccccc3)C2)N2CCN=C12,0.0012019594
Cc1nccn1C[C@H]1CCc2c(c3ccccc3n2C)C1=O,5.963648e-05
C[C@@H](C(=O)Nc1cc(C#N)ccc1CCCC(=O)O)c1ccc(F)c2ccccc12,0.66062415
CC#CC(=O)N1CC[C@@H](n2c(=O)n(-c3ccc(Oc4ccccc4)cc3)c3c(N)ncnc32)C1,0.43060234
CCOCOC[C@H](C[C@H](C)C(=O)NO)NC(=O)c1ccc(Oc2ccccc2)cc1,0.0090224575
Cc1csc(S(=O)(=O)N(CC(C)C)c2cc3c(cc2OCc2ccc(C(=O)O)cc2)CCC3)n1,0.101243846
COc1ccc(C[C@H](NC(=O)[C@H](C)NC(=O)CN2CCOCC2)C(=O)N[C@@H](Cc2ccccc2)C(=O)[C@@]2(C)CO2)cc1,0.011851886
CN1CCN(c2ccc(Nc3ncc4cc(C#N)c(=O)n(C5CCCC5)c4n3)cc2)CC1,6.719232e-05
NCCONC(=O)[C@@H]1CC[C@@H]2CN1C(=O)N2OS(=O)(=O)O,0.63530093
CC(=O)NCCCOc1ccc(C(=O)N2CCC(N3C(=O)CCc4ccccc43)CC2)cc1,0.09520051
Cc1c(Cl)c(C)[n+]([O-])c(Cl)c1-c1noc(-c2cc(O)c(O)c([N+](=O)[O-])c2)n1,0.13096432
OCCN1CCN(CCCN2c3ccccc3C=Cc3ccccc32)CC1,0.00024661722
COC[C@H](NC(=O)c1cnc(C)s1)C(=O)N[C@@H](COC)C(=O)N[C@@H](Cc1ccccc1)C(=O)[C@@]1(C)CO1,0.00024808152
O=[N+]([O-])c1cc(O)c(O)c([N+](=O)[O-])c1,0.05203425
Cc1[nH]c(/C=C2\C(=O)Nc3ccccc32)c(C)c1CCC(=O)O,0.0027039982
C[C@@H]1CN(c2c(F)c(F)c3c(=O)c(C(=O)O)cn(C4CC4)c3c2F)C[C@H](C)N1,0.9998989
CC(C)C[C@H](N[C@@H](Cc1cncn1Cc1cc(Cl)cc(Cl)c1)C(=O)O)C(=O)O,0.0074516167
FC(F)(F)c1ccc(N2CCNCC2)nc1Cl,0.00665645
COc1cc(C(=O)NCC2(N(C)C)CCCC2)cc(OC)c1OCc1ccccc1,0.00011971507
O=C1c2cccnc2OC[C@@H]2CCCN12,0.0041292296
CCc1c(C(=O)NCCc2ccc(N3CCCCC3)cc2)[nH]c2ccc(Cl)cc12,0.0021973923
CC1(CN)Cc2ccccc2C1,0.00044352276
C=C1C(=O)[C@]23[C@H](O)[C@H]1CC[C@H]2[C@@]12CO[C@]3(O)[C@@H](O)[C@@H]1C(C)(C)CC[C@@H]2O,0.007304932
CN[C@H](CC(C)C)C(=O)N[C@H]1C(=O)N[C@@H](CC(N)=O)C(=O)N[C@H]2C(=O)N[C@H]3C(=O)N[C@H](C(=O)N[C@H](C(=O)O)c4cc(O)cc(O)c4-c4cc3ccc4O)[C@H](O[C@H]3C[C@](C)(N)[C@@H](O)[C@H](C)O3)c3ccc(c(Cl)c3)Oc3cc2cc(c3O[C@@H]2O[C@H](CO)[C@@H](O)[C@H](O)[C@H]2O[C@H]2C[C@](C)(NCc3ccc(-c4ccc(Cl)cc4)cc3)[C@@H](O)[C@H](C)O2)Oc2ccc(cc2Cl)[C@H]1O,0.040167592
CCCCCCCCCCC[C@@H](C[C@@H]1OC(=O)[C@H]1CCCCCC)OC(=O)[C@H](CC(C)C)NC=O,0.0003048428
COc1ccc2c(c1)OC(C)(C)[C@@H](c1ccccc1)[C@@H]2c1ccc(OCCN2CCCC2)cc1,0.0012104011
Cc1ncc([N+](=O)[O-])n1C[C@@H](O)CCl,0.008340869
NCCC[C@H](NC(=O)[C@@H]1CCCN1C(=O)[C@@H]1CSSC[C@H](N)C(=O)N[C@@H](Cc2ccc(O)cc2)C(=O)N[C@@H](Cc2ccccc2)C(=O)N[C@@H](CCC(N)=O)C(=O)N[C@@H](CC(N)=O)C(=O)N1)C(=O)NCC(N)=O,0.03493253
NCCC[C@@H](N)C(=O)O,0.010591035
O=C(O)c1cc(=O)[nH]c(=O)[nH]1,0.043886878
CC(C)C[C@H](NC(=O)[C@H](CCCCN)NC(=O)[C@H](CCCNC(=N)N)NC(=O)[C@H](C)NC(=O)[C@H](CO)NC(=O)[C@H](CCCCN)NC(=O)[C@H](CCCNC(=N)N)NC(=O)[C@H](C)NC(=O)CNC(=O)[C@@H](NC(=O)[C@H](Cc1ccccc1)NC(=O)CNC(=O)CNC(=O)[C@@H](N)Cc1ccccc1)[C@@H](C)O)C(=O)N[C@@H](C)C(=O)N[C@@H](CC(N)=O)C(=O)N[C@@H](CCC(N)=O)C(=O)O,0.044702884
Cc1ccccc1[C@@H](OCCN(C)C)c1ccccc1,0.002415966
CNC(=O)c1ccc2cc([C@]3(O)CCn4cncc43)ccc2c1,0.0025799638
NC1CCC(N[C@@H]2C[C@H]2c2ccccc2)CC1,8.365687e-05
CCC(CC)O[C@@H]1C=C(C(=O)O)C[C@H](N)[C@H]1NC(C)=O,2.8349577e-05
CCOC(=O)C1=C[C@@H](OC(CC)CC)[C@H](NC(C)=O)[C@@H](N)C1,0.00016109648
c1ccc2c(c1)OC[C@H](CNCCCOc1ccc3c(c1)OCO3)O2,0.00032482302
COc1cccc2cc(-c3nc([C@H]4CC[C@H](C(=O)O)CC4)n4ncnc(N)c34)[nH]c12,0.053792085
C#Cc1cccc(Nc2ncnc3cc(OCCOC)c(OCCO)cc23)c1,0.0016681149
O=C(Nc1ccc(OC(F)(F)F)cc1)c1sccc1NCc1ccnc2ccccc12,0.8480678
N#Cc1ccc([C@H]2CCc3cncn32)c(F)c1,0.14936624
C=CC(=O)Nc1cc(Nc2nccc(-c3cn(C)c4ccccc34)n2)c(OC)cc1N(C)CCN(C)C,0.17530437
OCCOc1ccc(/C(=C(/CCCl)c2ccccc2)c2ccccc2)cc1,0.015131851
C[C@](O)(COc1ccc(C#N)cc1)C(=O)Nc1ccc(C#N)c(C(F)(F)F)c1,0.047264464
COc1ccc2ccc(=O)oc2c1CC=C(C)C,0.14386562
CO/N=C1/C[C@@H](C(=O)NC[C@@H](O)c2ccccc2)N(C(=O)c2ccc(-c3ccccc3C)cc2)C1,0.0002486759
COC(=O)[C@H](Cc1cccc(C(=N)N)c1)[C@@H](C)NC(=O)c1ccc(-c2cc[n+]([O-])cc2)cc1,0.0065671513
CCN(CC)C[C@H]1CCCCN1CC(=O)N1c2ccccc2C(=O)Nc2cccnc21,1.85729e-05
CCCCCCCCOc1ccccc1C(=O)Nc1ccc(C(=O)OCC[N+](C)(CC)CC)cc1,3.2469576e-05
CC(=O)c1cnc2ccc(-c3cc(Cl)c(O)c(Cl)c3)nc2c1N[C@H]1CC[C@H](CN(C)C)CC1,0.84584
Cc1cc(O)c(-c2ccc([C@@H](C)CN)cc2)c2c1[nH]c(=O)c1sccc12,0.06730095
Cc1sc2c(c1C)C(c1ccc(Cl)cc1)=N[C@@H](CC(=O)Nc1ccc(O)cc1)c1nnc(C)n1-2,0.0007814986
C[C@@H]1O[C@@H](O[C@@H]2C[C@@H](O)[C@]3(CO)[C@H]4[C@H](O)C[C@]5(C)[C@@H](C6=CC(=O)OC6)CC[C@]5(O)[C@@H]4CC[C@]3(O)C2)[C@H](O)[C@H](O)[C@H]1O,0.0030445796
Fc1ccccc1CNCc1ccc(-c2ccnc3[nH]ccc23)cc1,0.12443633
CC(=O)N1C[C@H](O)C[C@H]1C(=O)O,8.165454e-05
Cc1onc(-c2ccccc2)c1C(=O)N[C@@H]1C(=O)N2[C@@H]1SC(C)(C)[C@@H]2C(=O)O,0.95570403
O=C1CCCCCCCCCCCCCCO1,7.684654e-05
O=C1[O][Pt]2([NH][C@@H]3CCCC[C@H]3[NH]2)[O]C1=O,0.99024194
O=C(O)C=C(O)C(=O)O,0.00015208479
CN1CCCN=C1/C=C/c1cccc(O)c1,0.032217786
O=C(O)CCc1nc(-c2ccccc2)c(-c2ccccc2)o1,4.7412e-05
O=c1[nH]c2ccccc2n1CCCN1CCN(C(c2ccccc2)c2ccccc2)CC1,0.0042806244
NC(=O)N1c2ccccc2CC(=O)c2ccccc21,0.07454429
CCN(CC)CCOCCOC(=O)C(CC)(CC)c1ccccc1,0.00012884165
CN(C(=O)CN(CCO)CC(=O)N(C)C(C)(C)Cc1ccccc1)C(C)(C)Cc1ccccc1,0.00014735755
Cc1noc(C)c1-c1cc(O)cc([C@@H](O)c2ccccc2)c1,0.071596414
COC(=O)Nc1nc2ccc([S@@](=O)c3ccccc3)cc2[nH]1,0.06531484
N[C@@H](C(=O)O)c1ccc(O)cc1,0.36416885
CCCOc1ccc2nc(NC(=O)OC)[nH]c2c1,0.009534681
Clc1ccc(CO/N=C(\Cn2ccnc2)c2ccc(Cl)cc2Cl)c(Cl)c1,0.051549364
NCCc1cc(O)c(O)cc1O,0.023731515
O=C(O)c1ccc[n+]([O-])c1,0.15466927
O=c1[nH]c2ccccc2n1C1CCN(CCOc2ccccc2)CC1,0.0010936898
NC(=O)CN1C[C@H](O)CC1=O,0.15467271
CCN(CC)CCc1nc(-c2ccccc2)no1,3.6944265e-08
CCn1cc(C(=O)O)c(=O)c2cc3c(cc21)OCO3,0.48102584
O=C(O)c1nc(=O)[nH]c(=O)[nH]1,0.08000114
C[N+](C)(C)CC#CCN1CCCC1=O,7.1298214e-06
O=C1CCCN1CC#CCN1CCCC1,2.9753232e-06
C=CCOc1ccccc1OC[C@H](O)CNC(C)C,8.332352e-05
COc1ccc(C(=O)c2ccccc2)c(O)c1,0.002253722
CCCCOc1cc(C(=O)OCCN(CC)CC)ccc1N,5.489089e-07
CCN(CC)CC#CCOC(=O)[C@](O)(c1ccccc1)C1CCCCC1,0.01458528
O=C(Nc1cc(Cl)cc(Cl)c1O)c1c(O)c(Cl)cc(Cl)c1Cl,0.00058964535
COc1cccc(C(=O)CCN[C@@H](C)[C@H](O)c2ccccc2)c1,3.7582002e-05
O=C1CCC[C@@H]2[C@H]3CCC[N@+]4([O-])CCC[C@@H](CN12)[C@@H]34,3.6800946e-06
Cc1cc(C(C)(C)C)c(O)c(C)c1CC1=NCCN1,1.4336314e-05
CCCC[C@H]1C(=O)N(c2ccccc2)N(c2ccc(O)cc2)C1=O,4.487945e-07
CN1CCCN=C1COC(=O)[C@](O)(c1ccccc1)C1CCCCC1,0.0003769637
CC[N+](C)(CC)CCOC(=O)C(O)(c1ccccc1)C1CCCCC1,1.5087705e-06
O=c1nc2[nH][nH]cc-2c(=O)[nH]1,0.00076564896
Oc1cccc2cccnc12,0.0045126686
CN(C)[C@@H]1C(=O)C(C(N)=O)=C(O)[C@@]2(O)C(O)=C3C(=O)c4c(O)cccc4[C@@](C)(O)[C@H]3[C@H](O)[C@@H]12,0.9755647
CC[C@H](C)[C@@H]1NC(=O)[C@H](Cc2ccc(O)cc2)NC(=O)[C@@H](N)CSSC[C@@H](C(=O)N2CCC[C@H]2C(=O)N[C@@H](CC(C)C)C(=O)NCC(N)=O)NC(=O)[C@H](CC(N)=O)NC(=O)[C@H](CCC(N)=O)NC1=O,0.058934733
O=C(O)/C=C/c1ccc(Cn2ccnc2)cc1,0.0020469355
CC(C)Oc1ccc(-c2nc(-c3cccc4c3CC[C@@H]4NCCO)no2)cc1C#N,4.453958e-05
CNc1ncc(-c2ccc3c(=O)c(C(=O)O)cn(C4CC4)c3c2C)cc1C,0.9520092
CN1C(=O)[C@H](N2CCCCC2)S/C1=C\C(=O)O,0.0018683581
COc1ccc(COc2ccc(CC#N)cc2)cc1,0.0020613393
Nc1nc(OCc2ccccc2)c2[nH]cnc2n1,0.37861022
CCCCCOC(=O)c1ccc(N(C)C)cc1,0.0002229189
CCCCCCOc1cc2c(cc1N(C)c1ncc(C(=O)O)cn1)C(C)(C)CCC2(C)C,0.03562772
C=CCc1cccc(/C=N/NC(=O)CN2CCN(Cc3ccccc3)CC2)c1O,5.568108e-05
CC(=O)O[C@H]1C(=O)[C@@]2(C)[C@H]([C@H](OC(=O)c3ccccc3)[C@]3(O)C[C@H](OC(=O)[C@H](O)[C@@H](NC(=O)c4ccccc4)c4ccccc4)C(C)=C1C3(C)C)[C@]1(OC(C)=O)CO[C@@H]1C[C@@H]2O,0.03804653
CCCCCCCCCCCCCCCC(=O)C(F)(F)F,0.00016769319
C1=C/COCc2cc(ccc2OCCN2CCCC2)Nc2nccc(n2)-c2cccc(c2)COC/1,0.0005348216
COCc1nn2c(CN3C[C@@H](CC(F)(F)Cl)CC3=O)c(C(F)(F)F)nc2s1,4.614679e-07
C[C@@]12C[C@@]3(O)O[C@@H](O1)[C@]1(COC(=O)c4ccccc4)[C@H]3C[C@@]12O[C@@H]1O[C@H](CO)[C@@H](O)[C@H](O)[C@H]1O,0.00060644554
COc1ccc(C(C)=O)c(O)c1,0.008369567
CON=C(N)c1ccc(-c2ccc(-c3ccc(C(N)=NOC)cc3)o2)cc1,0.00017758555
CC(C)CCC(=O)C[C@H]1c2ccccc2C(=O)N1c1ccc2ccc(Cl)nc2n1,0.22150792
CC(=O)c1c(C)c2cnc(Nc3ccc(N4CCNCC4)cn3)nc2n(C2CCCC2)c1=O,0.6248544
O=P(O)(NCCCl)NCCCl,9.203925e-05
Cc1nc2n(c(=O)c1CCN1CCC(c3noc4cc(F)ccc34)CC1)CCC[C@@H]2O,0.014776901
COc1cc2c(cc1OC)-c1cc3ccc(OC)c(OC)c3c[n+]1CC2,0.17523384
CCCCCC/C=C\CCCCCCCC(=O)O,0.0002707862
CCCCCCCCCCCCCCCC(=O)O[C@@H](CC(=O)O)C[N+](C)(C)C,1.6942471e-05
CCCCCCCCCCCCCCCC(=O)NCCO,0.00846612
COc1ccc(COc2cc3oc(=O)c4cc([C@@H](C)O)ccc4c3cc2OC)cc1,0.44620606
O=C1c2cccc3c2[C@H](CCC3)CN1[C@@H]1CN2CCC1CC2,0.0018507227
Cc1cc(NC(=O)NCCN2CCC(O)(Cc3ccccc3)CC2)c2ccccc2n1,0.11385341
CC1(C)CCC(C)(C)c2cc(Cn3cccn3)c(/C=C/c3ccc(C(=O)O)cc3)cc21,0.19609794
Cn1c(=O)c2[nH]c(Br)nc2n(C)c1=O,0.9950046
NCCC(O)(P(=O)(O)O)P(=O)(O)O,0.0020523046
C[C@]12CCCN1CC1=NNC(=O)c3cc(F)cc4[nH]c2c1c34,0.00029522667
CC(=O)O[C@H]1C[C@@H]2CC[C@@H]3[C@H](CC[C@@]4(C)[C@H]3C[C@H]([N+]3(C)CCCCC3)[C@@H]4OC(C)=O)[C@@]2(C)C[C@@H]1[N+]1(C)CCCCC1,6.4711446e-07
C=C(N)N1CC[C@H](SC2=C(C(=O)O)N3C(=O)[C@H]([C@@H](C)O)[C@H]3C2)C1,0.9999826
Cc1[nH]c2ccccc2c1CCNCc1ccc(/C=C/C(=O)NO)cc1,0.102968045
CC(C)(CO)[C@@H](O)C(=O)NCCC(=O)NCCSSCCNC(=O)CCNC(=O)[C@H](O)C(C)(C)CO,0.6244918
COc1ccnc(C[S@@](=O)c2nc3ccc(OC(F)F)cc3[nH]2)c1OC,0.35863274
CC(C)(CO)[C@@H](O)C(=O)NCCC(=O)O,0.14722903
NC(=O)CN1CC[C@@H](NC(=O)[C@@H]2CCCN2)C1=O,0.0002536023
COc1ccc(Cc2nccc3cc(OC)c(OC)cc23)cc1OC,0.00037253558
CCc1cccc2c1c(O)c(C(=O)N(CC)c1ccccc1)c(=O)n2C,0.051055837
Cc1ccc(S(N)(=O)=O)cc1,0.047536626
CC(=O)Nc1ccc(O)cc1,3.213988e-05
Oc1ccc(Cl)cc1,0.0010571057
CC[C@@]1(C)OC(=O)N(C)C1=O,0.0013691279
Cn1c(=O)[nH]c2ncn(C)c2c1=O,0.7055445
CCCCc1ccc2nc(NC(=O)OC)[nH]c2c1,0.0018457659
CC(=O)Nc1ccc(O[C@]2(C)OC(=O)c3ccccc3O2)cc1,0.001532148
CN1CCN(c2cccc3[nH]c(=O)oc23)CC1,0.0003101406
CCC(=O)NS(=O)(=O)c1ccc(-c2c(-c3ccccc3)noc2C)cc1,0.00026285235
CCOc1ccc(C(=O)OCCN(CC)CC)cc1,6.3357047e-06
C#CCN(C)Cc1ccccc1,0.0023858265
C[C@H](/C=C/[C@H](C)C(C)(C)O)[C@H]1CC[C@H]2/C(=C/C=C3C[C@@H](O)C[C@H](O)C3)CCC[C@]12C,0.015167765
Cc1cnc(C(=O)N[C@H]2CCCCC/C=C\[C@@H]3C[C@@]3(C(=O)NS(=O)(=O)C3CC3)NC(=O)[C@@H]3C[C@@H](Oc4nc5ccccc5c5ccccc45)CN3C2=O)cn1,5.5093213e-05
NC[C@@H]1O[C@H](O[C@H]2[C@@H](O)[C@H](O[C@@H]3[C@@H](O)[C@H](N)C[C@H](N)[C@H]3O[C@H]3O[C@H](CO)[C@@H](O)[C@H](O)[C@H]3N)O[C@@H]2CO)[C@H](N)[C@@H](O)[C@@H]1O,0.16211188
Fc1ccc([C@@H]2CCNC[C@H]2COc2ccc3c(c2)OCO3)cc1,6.952482e-05
CCC(=O)c1ccc(O)cc1,0.00016263015
CCOc1c([C@H](C)n2nc(C)c3c(N)ncnc32)cc(Cl)c(F)c1[C@@H]1CNC(=O)C1,0.02142762
C=C1C(=O)O[C@H]2[C@H]1CC/C(C)=C/CC[C@@]1(C)O[C@@H]21,1.5404003e-05
C=C1C(=O)O[C@H]2[C@H]1CC/C(C)=C\CC[C@@]1(C)O[C@@H]21,1.11637e-05
C=C1C(=O)O[C@@H]2[C@H]3O[C@]3(C)CC/C=C(\C)CC[C@@H]12,0.00038189872
NCCCC[C@@H]1NC(=O)[C@@H](Cc2c[nH]c3ccccc23)NC(=O)[C@H](c2ccccc2)NC(=O)[C@@H]2C[C@@H](OC(=O)NCCN)CN2C(=O)[C@H](Cc2ccccc2)NC(=O)[C@H](Cc2ccc(OCc3ccccc3)cc2)NC1=O,0.00036508465
NCc1cc(Oc2cccc(C(=O)N3C[C@@H](O)[C@H](F)C3)c2)nc(C(F)(F)F)c1,0.0012518908
CC[C@H](NC(=O)c1c(NS(C)(=O)=O)c(-c2ccccc2)nc2ccccc12)c1ccccc1,0.00061351754
Cc1ccc(Nc2nccc(N(C)c3ccc4c(C)n(C)nc4c3)n2)cc1S(N)(=O)=O,0.63077694
C[C@H]1COc2c(C3(N)CC3)c(F)cc3c(=O)c(C(=O)O)cn1c23,0.9981956
CCCCCc1cccc(CC(=O)O)c1,0.003320308
CN(C)Cc1ccc2c(Cl)cc(Cl)c(O)c2n1,0.010490428
COC(=O)C1=C(C)NC(C)=C(C(=O)OCCSc2ccccc2)[C@@H]1C,7.939466e-05
CN(C)Cc1c(C(=O)NCCOc2ccc(C(=O)NO)cc2)oc2ccccc12,0.0013236027
N=C(N)c1ccc2nc(-c3cc(CC(=O)N[C@@H](CC(=O)O)C(=O)O)cc(-c4cc(S(N)(=O)=O)ccc4O)c3O)[nH]c2c1,0.0092260875
Nc1ncnc2c1c(-c1ccc(Oc3ccccc3)cc1)nn2C1CCCC1,0.00037087384
COc1ccc(Cn2ccc3ccc(C(=O)NO)cc32)cc1,0.0038933854
CC1(C)Oc2ccc(C#N)cc2[C@@H](OC2=CC(=O)CC2)[C@@H]1O,0.0003581552
O=C(NOC[C@H](O)CO)c1ccc(F)c(F)c1Nc1ccc(I)cc1F,0.00016852013
CCOC(=O)c1c(C)[nH]c2ccc3c(c12)CN1CCc2cc(OC)ccc2[C@H]1O3,4.997516e-05
O=C(O)c1ccccc1Nc1ccc(CCc2ccc(Cl)c(Cl)c2)cc1,0.15815441
Cc1cc(Cn2cnc3c2C[C@@H](C(=O)O)N(C(=O)C(c2ccccc2)c2ccccc2)C3)ccc1N(C)C,0.0014105728
CCCN1CCO[C@@H]2c3cc(O)ccc3OC[C@H]21,1.1483093e-05
COc1cc2ncnc(Nc3cccc(Br)c3)c2cc1OC,0.0006123988
COc1ccc(C(=O)/C(Cc2cc(OC)c(OC)c(OC)c2)=C(\C(=O)O)c2ccc3c(c2)OCO3)cc1,0.45930424
CNc1cc2c(Nc3cccc(Br)c3)ncnc2cn1,0.43354812
CC(C)c1ccccc1S(=O)(=O)c1cc(N)c2ncccc2c1[N+](=O)[O-],0.12412259
CCN(CC)CCCCNc1ncc2cc(-c3c(Cl)cccc3Cl)c(NC(=O)NC(C)(C)C)nc2n1,0.84476876
CCN(CC)CCOc1ccc(Nc2ncc3cc(-c4c(Cl)cccc4Cl)c(=O)n(C)c3n2)cc1,0.4218077
CC(C)[C@H](NS(=O)(=O)c1ccc(-c2ccc(Br)cc2)cc1)C(=O)O,0.31030276
Cc1cccc(C(=O)NCN2CCN(c3ccccc3C#N)CC2)c1,0.00036210884
C=CC(=O)Nc1ccc2ncnc(Nc3cccc(Br)c3)c2c1,0.0009933317
Cc1ccc(N2CCN(CC[C@H]3NC(=O)c4ccccc43)CC2)cc1C,1.0700906e-05
CCN(CC)CCCCNc1ncc2cc(-c3cc(OC)cc(OC)c3)c(NC(=O)NC(C)(C)C)nc2n1,0.20347972
CC(C)C[C@@H](C(=O)N[C@@H](Cc1ccc(OCc2ccccc2)cc1)C(=O)NC(C)(C)C)N(C)Cc1ccc(C(C)(C)C)cc1,0.005876944
O=C(NOCC1CC1)c1ccc(F)c(F)c1Nc1ccc(I)cc1Cl,0.0027996579
Cc1cc(I)ccc1Nc1c(C(=O)NOCC2CC2)cc(F)c(F)c1F,0.002156843
O=C(NOC[C@H](O)CO)c1cc(Br)c(F)c(F)c1Nc1ccc(I)cc1F,0.0003668572
O=C1NC(=O)c2c1c(-c1ccccc1)cc1[nH]c3ccc(O)cc3c21,0.00082793983
Cc1sc(N)c(C(=O)c2cccc(C(F)(F)F)c2)c1C,0.047280934
COc1cccc(-c2cc(=O)c3ccccc3o2)c1N,0.0034815047
Cc1cc(Cn2c(=O)n(Cc3cnc(C)s3)c(=O)c3cc(S(=O)(=O)NC4(C)CC4)ccc32)n(C)n1,0.0007623128
Cc1ncc(C)n2nc([C@@H]3C[C@H]3c3nc4c5cccnc5ccn4c3C)nc12,3.240956e-05
CCCCCCCCCCCCCCCc1cccc(OCC(=O)NCCO)c1,0.011848218
COc1cc(OCc2cccc(-c3ccccc3)c2C)cc(OC)c1CN1CCCC[C@H]1C(=O)O,0.004514616
NC(=O)c1cnc2[nH]ccc2c1N[C@@H]1[C@@H]2C[C@@H]3C[C@H]1C[C@@](O)(C3)C2,0.9380705
CCn1cc(C(=O)O)c(=O)c2cc(F)c(N3CCN(C)CC3)cc21,0.99337596
O=c1[nH]c2ccccc2c(=O)n1CCCN1CCN(c2ccccc2)CC1,0.00068979396
CCOc1cc2ncc(C#N)c(Nc3ccc(F)c(Cl)c3)c2cc1NC(=O)/C=C/CN(C)C,0.0002733928
Cc1nc(=O)c(C#N)c(NCc2cccnc2)[nH]1,9.918157e-05
CC[C@@H](Oc1cccc(CN(CCCOc2ccc(OC)cc2)c2nc3ccccc3o2)c1)C(=O)O,0.8937983
Nc1nc(=O)c2c(CCc3ccc(C(=O)N[C@@H](CCC(=O)O)C(=O)O)cc3)c[nH]c2[nH]1,0.011201773
Cc1cccn2c(=O)c(-c3nn[nH]n3)cnc12,0.0038541956
CN1C(C)(C)CCCC1(C)C,5.0174862e-05
CC(C)(C)NC[C@H](O)COc1ccccc1C1CCCC1,5.3525928e-05
Nc1nc(=O)c2ncn(CCC(CO)CO)c2[nH]1,5.070314e-05
OC1(c2ccc(Cl)c(C(F)(F)F)c2)CCN(CCCC(c2ccc(F)cc2)c2ccc(F)cc2)CC1,0.0006013735
CC(C)(S)[C@@H](N)C(=O)O,0.46264267
CC1(C)S[C@@H]2[C@H](NC(=O)COc3ccccc3)C(=O)N2[C@H]1C(=O)O,0.011329842
CCCCCCCCCCCCCCCCCCCCCCCCC(=O)O,0.004364294
CSCC[C@H](NC(=O)[C@H](Cc1c[nH]c2ccccc12)NC(=O)CCNC(=O)OC(C)(C)C)C(=O)N[C@@H](CC(=O)O)C(=O)N[C@@H](Cc1ccccc1)C(N)=O,0.033642747
N=C(N)c1ccc(OCCCCCOc2ccc(C(=N)N)cc2)cc1,0.0069022696
O=C(O)CN(CCN(CC(=O)O)CC(=O)O)CCN(CC(=O)O)CC(=O)O,0.17007057
C[N+]1(CCCCC[N+]2(C)CCCC2)CCCC1,3.2265634e-06
OC[C@H]1O[C@@H](n2cnc3c2NC=NC[C@H]3O)C[C@@H]1O,0.9935615
CC(=O)CCCCn1c(=O)c2c(ncn2C)n(C)c1=O,0.0057296846
C1CCc2nnnn2CC1,4.0697304e-07
COc1ccc([C@@H](O)c2cc(-c3ncnc4cc(N5CCOCC5)ccc34)c(F)cc2Cl)nn1,0.00080135855
CC(C)CC(=O)N[C@H](C(=O)N[C@H](C(=O)N[C@@H](CC(C)C)[C@@H](O)CC(=O)N[C@@H](C)C(=O)N[C@@H](CC(C)C)[C@@H](O)CC(=O)O)C(C)C)C(C)C,0.0055585424
CCC(CC)[C@H](NC(C)=O)[C@@H]1[C@H](O)[C@@H](C(=O)O)C[C@H]1NC(=N)N,0.0020990288
NC(=S)N/N=C/c1ccncc1,5.260894e-07
CC(C)=CCC/C(C)=C/CC/C(C)=C/C=C/C(C)=C/C(=O)O,2.420809e-05
FC(F)(F)C(F)(F)C(F)(F)N(C(F)(F)C(F)(F)C(F)(F)F)C(F)(F)C(F)(F)C(F)(F)F,2.7713307e-18
FC(F)(F)C(F)(F)C(F)(F)C(F)(F)C(F)(F)C(F)(F)C(F)(F)C(F)(F)Br,2.4318455e-27
FC1(F)C(F)(F)C(F)(F)C2(F)C(F)(F)C(F)(F)C(F)(F)C(F)(F)C2(F)C1(F)F,4.6966773e-31
CCCCCCCCC(F)(F)C(F)(F)C(F)(F)C(F)(F)C(F)(F)C(F)(F)F,6.832152e-20
CCCN1C[C@H](CSC)C[C@@H]2c3cccc4[nH]cc(c34)C[C@H]21,0.0007173851
C1CCC(C(C[C@H]2CCCCN2)C2CCCCC2)CC1,1.968954e-06
CCCCCCCCCCCCCCCCCCOP(=O)(O)OC1CC[N+](C)(C)CC1,0.0012892172
C=C(C)[C@@H]1CC=C(CO)CC1,0.0025830753
CCC[C@H](N[C@@H](C)C(=O)N1[C@H](C(=O)O)C[C@@H]2CCCC[C@@H]21)C(=O)OCC,0.00031578715
CCC[C@H](N[C@@H](C)C(=O)N1[C@H](C(=O)O)C[C@@H]2CCCC[C@@H]21)C(=O)O,0.025874792
CC1(C)[C@@H](C=C(Cl)Cl)[C@@H]1C(=O)OCc1cccc(Oc2ccccc2)c1,0.094499364
O=C1[C@H]2CCCC[C@H]2C(=O)N1CCCCN1CCN(c2nsc3ccccc23)CC1,0.00016135645
OCCN1CCN(CCCN2c3ccccc3Sc3ccc(Cl)cc32)CC1,8.327275e-05
CO[C@H]1[C@@H](O)[C@@H](C)O[C@@H](O[C@H]2CC[C@@]3(C=O)[C@H](CC[C@@H]4[C@@H]3CC[C@]3(C)[C@@H](C5=CC(=O)OC5)CC[C@]43O)C2)[C@@H]1O,0.00020716699
O=c1c2c(c1=O)N(CCP(=O)(O)O)CCCN2,0.43665478
O[C@@H](Cc1ccncc1)C(Cl)(Cl)Cl,1.6578264e-05
NS(=O)(=O)OC[C@@H]1C[C@@H](n2ccc3c(N[C@H]4CCc5ccccc54)ncnc32)C[C@@H]1O,0.9973206
FC(F)(F)c1ccc(CNc2ccc(Cc3c[nH]c4ncc(Cl)cc34)cn2)cn1,7.5620614e-05
Cc1ccc(-n2nc(C(C)(C)C)cc2NC(=O)NCc2cc(F)ccc2Oc2ccc3c(cnn3CCO)c2)cc1,0.16747266
Cc1cc(Oc2c(C3CC3)nn(CS(C)(=O)=O)c2C)cc(C)c1C#N,7.049399e-05
Cn1cc(-c2ccncc2)c(-c2ccc(OCc3ccc4ccccc4n3)cc2)n1,0.007498474
CCCOCCn1c(=O)c(N2CCN(CCO)CC2)nc2cnc(-c3ccc(OC)nc3)cc21,0.010486237
CCC[C@H](N[C@H]1CCc2cc(F)cc(F)c2C1)C(=O)Nc1cn(C(C)(C)CNCC(C)(C)C)cn1,0.11746422
Cc1nc(Nc2[nH]nc3c2CN(C(=O)N[C@H](CN(C)C)c2ccccc2)C3(C)C)c2sccc2n1,0.83858883
CC(=O)NCC(=O)N1[C@@H]2CC[C@H]1c1ccc(Nc3ncc(C(F)(F)F)c(NC4CCC4)n3)cc12,0.80128014
N#Cc1ccc(N2N=C3c4ccc(C(=O)O)cc4CCC3[C@@H]2C2CCCC2)cc1Cl,0.114998214
O=C(NCC(=O)N1CC[C@H](N[C@H]2CC[C@@](O)(c3ccc(-c4ncccn4)cn3)CC2)C1)c1cccc(C(F)(F)F)c1,0.001021487
OCCn1cc(-c2cnc3nnn(Cc4ccc5ncccc5c4)c3n2)cn1,0.34526756
COc1ccc2cc(OCC3(C(=O)O)CN(C(=O)c4ccc(F)cc4)C3)ccc2c1,0.226529
C[C@@H]1CN(Cc2ncccn2)C[C@H]1c1nc(=O)c2cnn(C3CCOCC3)c2[nH]1,0.0002991374
O=C(Nc1cccnn1)N1CCC(=Cc2cccc(Oc3ccc(C(F)(F)F)cn3)c2)CC1,0.6569211
Nc1ncnc2c1C(=O)N(c1ccc([C@H]3CC[C@H](CC(=O)O)CC3)cc1)CCO2,0.15544234
COc1ccc(-c2cc3c(C)nc(N)nc3n([C@H]3CC[C@H](OCCO)CC3)c2=O)cn1,0.9948014
CC(C)(N)c1nc(-c2ccc(OC(F)(F)F)cc2)c[nH]1,0.049238954
Cc1cnc(NC(=O)c2cc(Oc3cnc(C(=O)N(C)C)nc3)c3cc(C)oc3c2)cn1,0.3410773
OC1(CN2CCC(COc3noc4cccc(O[C@@H]5CCOC5)c34)CC2)CCOCC1,0.0010019233
Nc1[nH]ncc1-c1cc(Cl)ccc1Oc1cc(F)c(S(=O)(=O)Nc2cscn2)cc1Cl,0.15805988
Cc1nc2ccc(C(=O)N3CCC4(CC3)CC(=O)c3c(cnn3C(C)C)C4)cc2[nH]1,0.0005518106
Cc1nc(-c2cnn(C)c2-c2ccc(C(F)(F)F)cn2)c2c(N3CCC3)ncnn12,0.047701668
Cc1cc(-c2ccc3c(c2)CC[C@H]3N2CC3(CCN(C(=O)Cc4cn5cc(C)sc5n4)CC3)C2)ncn1,0.8165695
CN(C)C1CCN(C(=O)c2ccc(NC(=O)Nc3ccc(-c4nc(N5CCOCC5)nc(N5CCOCC5)n4)cc3)cc2)CC1,1.917189e-05
C[C@@H]1CNS(=O)(=O)N(c2ccc3c(C#N)nccc3c2)C1,0.24984132
CC(C)(CO)n1cc(C(=O)c2cncc(NC(=O)Cc3ccc(Cl)cn3)c2)c2cnc(N)nc21,0.88820213
COc1ccc(Cl)cc1-c1cc(=O)[nH]c(=S)n1CC(N)=O,0.00012477906
C[C@@H](C(N)=O)[C@H](N)c1nc2cc(C(C)(C)C)ccc2[nH]1,0.028416075
O=C(O)c1c[nH]c2cc(Cl)c(-c3ccc(C4(O)CCC4)cc3)cc12,0.069740385
Cc1cc(Oc2nccc3[nH]ncc23)ccc1-c1c(C)ncnc1C,5.9092863e-06
N#Cc1cccc(-c2c[nH]c3ncnc(N4CCOCC4)c23)c1,0.0025492266
C=CC(=O)N1C[C@H](COc2nc(Nc3cnn(C)c3)nc3[nH]cc(Cl)c23)[C@@H](OC)C1,0.01541399
CC[C@@H]1[C@H](F)C(=O)N[C@@H]1COc1nccc2cc(C(N)=O)c(OC)cc12,0.0016219728
C=CC(=O)N1C[C@H](Nc2ncnc3[nH]ccc23)CC[C@@H]1C,0.03397552
C=CC(=O)N[C@@H]1CN(c2nc(Nc3cn(C)nc3OC)c3ncn(C)c3n2)C[C@H]1F,0.32244563
C[C@H]1C[C@H]2CSC(N)=N[C@@]2(c2nc(NC(=O)c3ccc(OC(F)F)cn3)cs2)CO1,0.93429005
O=C1C[C@H](c2c[nH]c3ccc(F)cc23)C(=O)N1,0.005311094
C[C@@]1(O)CCC[C@H]1n1c(=O)c(C(F)F)cc2cnc(NC3CCN(S(C)(=O)=O)CC3)nc21,0.2406691
O=C(N[C@H]1CCCC[C@H]1C(=O)O)c1cnn2c(O)cc(-c3ccccc3)nc12,0.04077931
COCc1nnc(N2CC(Oc3ccc(F)cc3Cl)C2)n1-c1ccc(OC)nc1,1.32439e-05
O=C(Nc1cccnc1)N1CCC(Cc2cccc(Oc3ccc(C(F)(F)F)cn3)c2)CC1,0.21211733
Cn1nccc1-c1ccc(Sc2cccc(C3(C(N)=O)CCOCC3)c2)cc1,0.011692475
CCN(CC)Cc1ccc(C(=O)N(CCc2ccccc2OC)[C@@H]2CCNC2)cc1,0.0027937947
CN(c1ccccc1CNc1nc(Nc2ccc3c(c2)CC(=O)N3)ncc1C(F)(F)F)S(C)(=O)=O,0.06004059
CCc1cncnc1N1CCN(Cc2nc3ccc(C(F)(F)F)cc3[nH]2)CC1,0.18334833
Cn1cc(-c2[nH]c3cc(NC(=O)[C@H](N)C4CCCCC4)cc4c3c2C=NNC4=O)cn1,0.024844298
Nc1ncnc2c1c(COc1cccc(Cl)c1)nn2C1CCOCC1,0.0056433263
Cc1ccc(-c2c(-c3nn(C)c4ncnc(N5CC[C@H](N6CCCCC6)C5)c34)cnn2C)cc1,0.00112639
CC(F)(F)CN1CCOc2c(nn(-c3ccccc3Cl)c2-c2ccc(Cl)cc2)C1=O,0.0002100066
Cc1cnc(-c2cc(N3CCN(C(=O)CCS(C)(=O)=O)CC3)ncc2Cl)c(C)c1,6.490437e-06
CN(c1ncccc1CNc1nc(Nc2ccc3c(c2)CC(=O)N3)ncc1C(F)(F)F)S(C)(=O)=O,0.07404247
CS(=O)(=O)c1cccc(CNc2nc(Nc3ccc4c(c3)CCC(=O)N4)ncc2C(F)(F)F)c1,0.45527622
Nc1nccc(-c2c(-c3ccc(F)cc3)ncn2C2CCCCC2)n1,9.314797e-05
O=C(Nc1ccccc1)N1CCC(Cc2cnc3ccccc3c2)CC1,0.0018328617
O=C(CCN1CCN(C(=O)OCc2cc(Cl)cc(Cl)c2)CC1)c1ccc2[nH]c(=O)oc2c1,0.0017810033
N#Cc1ccc(-c2ccc(S(=O)(=O)Nc3cccc(N)n3)cc2)cc1,0.6568561
COc1ccccc1S(=O)(=O)Nc1ccc2c(c1)CN(C)C(=O)N2,0.0045562633
O=C(/C=C/N1C[C@H]2C[C@@H]1CN2c1ccccn1)c1ccccc1O,0.0052128904
COc1ccccc1C(=O)Nc1cc2c(cc1N1CCCC1)n(C)c(=O)n2C,0.00022954762
O=C(/C=C/c1ccc2ccccc2n1)c1ccncc1,0.0001737602
O=C(/C=C/c1ccc2ccc(C(F)(F)F)cc2n1)c1ccncc1,0.001279168
C[C@@H](C(=O)O[C@H]1C[C@H]2CC[C@@H](C1)N2C)c1ccc(Br)cc1,0.00018303432
N#C[C@H](c1ccnc(OCc2ccc(CN3CCOCC3)cc2)n1)c1nc2ccccc2s1,0.2218579
CNC(=O)c1ccc(C)c(-n2c(C)cc(OCc3ccc(F)cc3F)c(Br)c2=O)c1,0.0005555554
O=C(N[C@H]1CN2CCC1CC2)c1cc2ccoc2cn1,0.6722074
O=C(N[C@H]1CN2CCC1CC2)c1ccc2c(c1)OCCO2,0.05569426
Cc1[nH]c(/C=C2\C(=O)Nc3ccc(S(=O)(=O)Cc4c(Cl)cccc4Cl)cc32)c(C)c1C(=O)N1CCC[C@@H]1CN1CCCC1,0.1687694
CCc1cccc(CC)c1NC(=O)N1Cc2n[nH]c(NC(=O)c3ccc(N4CCN(C)CC4)cc3)c2C1,0.68904823
O=C1NCCc2[nH]c(-c3ccncc3)cc21,0.06906961
CC(C)CC(=O)Nc1[nH]nc2c1CN(C(=O)C1CCN(C)CC1)C2(C)C,0.26299933
CNC(=O)c1nn(C)c2c1C(C)(C)Cc1cnc(Nc3ccc(N4CCN(C)CC4)cc3)nc1-2,0.0047405516
O=C(Nc1ccccc1)[C@]12C[C@H]1/C(=N\O)c1ccccc1O2,0.00025906262
CCOc1ccc(N=C(C)Nc2ccc(OCC)cc2)cc1,0.017787836
NC(=O)NC(=O)Cc1ccccc1,0.47011974
CCOc1ccc(NC(C)=O)cc1,0.0004108765
Cc1cc(=O)n(-c2ccccc2)n1C,1.5089605e-06
Nc1ccc(/N=N/c2ccccc2)c(N)n1,0.9589139
NNCCc1ccccc1,0.00027013384
C[C@@H](Oc1ccccc1)C(=O)N[C@@H]1C(=O)N2[C@@H]1SC(C)(C)[C@@H]2C(=O)O,0.9777033
S=C=NCCc1ccccc1,0.00090451614
N=C(N=C(N)N)NCCc1ccccc1,3.728603e-05
CN1CCC2=C(C1)[C@H](c1ccccc1)c1ccccc12,8.4630636e-05
O=C1c2ccccc2C(=O)C1c1ccccc1,0.0002864141
CN(C)CC[C@@H](c1ccccc1)c1ccccn1,0.000545966
Oc1ccccc1,0.0009403532
O=C1OC(c2ccc(O)cc2)(c2ccc(O)cc2)c2ccccc21,0.0009302089
O=S1(=O)OC(c2ccc(O)cc2)(c2ccc(O)cc2)c2ccccc21,0.0005649097
c1ccc2c(c1)Nc1ccccc1S2,1.8031105e-05
CC(C)=C[C@H]1[C@@H](C(=O)OCc2cccc(Oc3ccccc3)c2)C1(C)C,1.8531997e-05
CC(COc1ccccc1)N(CCCl)Cc1ccccc1,0.00012297313
NC(=O)OCCCc1ccccc1,0.0018559458
CC[C@@H](c1ccccc1)c1c(O)c2ccccc2oc1=O,0.015670063
CN1CC[C@@]2(C)c3cc(OC(=O)Nc4ccccc4)ccc3N(C)[C@@H]12,0.0015830852
CN1C(=O)C[C@H](c2ccccc2)C1=O,9.063561e-05
Cc1ccc(N(CC2=NCCN2)c2cccc(O)c2)cc1,0.00015326939
Nc1ccc(C(=O)Oc2ccccc2)c(O)c1,0.016468747
O=C(Oc1ccccc1)c1ccccc1O,0.056728914
NC(=O)CC[C@H](NC(=O)Cc1ccccc1)C(=O)O,0.0005143329
O=S(=O)(O)c1ccc2nc(-c3ccccc3)[nH]c2c1,0.1077802
CCCCC1C(=O)N(c2ccccc2)N(c2ccccc2)C1=O,8.741448e-07
O=C(O)CCCc1ccccc1,8.5840715e-05
CNC[C@H](O)c1cccc(O)c1,0.06445689
OCCc1ccccc1,0.0020917591
CC(=O)[O][Hg][c]1ccccc1,0.00048727964
O=S(=O)(F)Cc1ccccc1,0.00019566574
NC(=O)CN1C[C@H](c2ccccc2)CC1=O,0.0040768078
O=C1NC(=O)C(c2ccccc2)(c2ccccc2)N1,0.0007455584
CCn1c2ccccc2c2cc(CNC)ccc21,0.046045575
O=C(CCc1ccc(O)cc1)c1c(O)cc(O)cc1O,0.0046922974
O=C(CCc1ccc(O)cc1)c1c(O)cc(O)cc1O[C@@H]1O[C@H](CO)[C@@H](O)[C@H](O)[C@H]1O,0.0020910983
Oc1cc(O)cc(O)c1,0.6377533
Cc1cc(-c2nc3cc(F)ccc3s2)ccc1NC(=O)[C@@H](N)CCCCN,0.058806334
CCCCC/C=C\C/C=C\CCCCCCCC(=O)O[C@H](COC(=O)CCCCCCCCCCCCCCC)CO[P@@](=O)(O)OCC[N+](C)(C)C,0.0022209426
On1ncc(C2CCNCC2)c1-c1cccc(-c2ccccc2)c1,0.038951557
CCCCCCCCCCCCc1ccc(S(=O)(=O)Nc2nncs2)cc1,0.11114595
CC(=O)NS(=O)(=O)c1ccc(NC(=O)c2ccccc2C(=O)O)cc1,0.0070659593
O=C(O)c1ccccc1C(=O)Nc1ccc(S(=O)(=O)Nc2nccs2)cc1,0.1350801
Oc1ccc(-c2c(-c3ccccc3)nn3c(C(F)(F)F)cc(C(F)(F)F)nc23)cc1,0.00016673973
CNC(=O)Oc1ccc2c(c1)[C@]1(C)CCN(C)[C@@H]1N2C,0.000230512
CC1=C(C/C=C(\C)CCC[C@H](C)CCC[C@H](C)CCCC(C)C)C(=O)c2ccccc2C1=O,0.6566554
CCCCCCCCCCCCCC[C@@H](O)[C@@H](O)[C@@H](N)CO,0.0014026354
Oc1cccc(-c2nc(N3CCOCC3)c3oc4ncccc4c3n2)c1,3.8681093e-05
Nc1ccc(-c2cccc3c(=O)cc(N4CCOCC4)oc23)cc1,0.001301551
CN1CCN(c2ccc3nc(-c4ccc5nc(-c6ccc(O)cc6)[nH]c5c4)[nH]c3c2)CC1,0.00096498936
CCCCN1CCC(CNC(=O)c2c3n(c4ccccc24)CCCO3)CC1,0.019661313
CNC(=S)[C@@]1(c2ccccn2)CCCS1,5.6521912e-05
Oc1cc(O)cc(/C=C/c2ccc(O)c(O)c2)c1,0.57200354
COc1ccc(C(=O)Nc2c(Cl)cncc2Cl)cc1OC1CCCC1,0.003546633
NCc1cccnc1,0.00019054972
O=C(O)c1ccccn1,0.004223789
OCc1ccccn1,0.002857595
COc1ccc(C(=O)NCc2cccnc2)cc1C(=O)NCc1cccnc1,0.0014493356
CC(C)(O)[C@H]1[C@H]2OC(=O)[C@@H]1[C@@]1(O)C[C@H]3O[C@]34C(=O)O[C@@H]2[C@]41C,0.00013047722
C=C(C)[C@@H]1[C@H]2OC(=O)[C@H]1[C@]1(O)C[C@H]3O[C@]34C(=O)O[C@H]2[C@]14C,0.00028459664
O=C1CC[C@@H](C(=O)O)N1,1.3112757e-05
O=C1CC[C@@H](C(=O)N2CSC[C@H]2C(=O)O)N1,2.7021715e-05
Cc1ccc(C(=O)Cn2c3c(sc2=N)CCCC3)cc1,1.4890214e-06
Cc1ccc(-c2cn3c4c(sc3n2)CCCC4)cc1,4.2067706e-05
NS(=O)(=O)C#Cc1ccccc1,0.027763404
Cc1ccccc1-n1c(Cn2ncc3c(N)ncnc32)nc2cccc(C)c2c1=O,0.0136580365
Cc1ccccc1-n1c(Cn2nc(-c3cccc(O)c3)c3c(N)ncnc32)nc2cccc(C)c2c1=O,0.0029923564
Cc1ccc([N+](=O)[O-])cc1S(=O)(=O)N(C)/N=C/c1cnc2ccc(Br)cn12,0.57098126
CC(=O)Nc1nc(C)c(-c2ccc(Cl)c(S(=O)(=O)NCCO)c2)s1,0.026145162
O=C(O)CCCNC(=O)c1cccnc1,0.0005345879
Cc1ccnc(NC(=O)[C@H](C)c2cccc(C(=O)c3ccccc3)c2)c1,0.6079645
COc1ccc(Cl)c(Nc2nc3ccccc3nc2NS(=O)(=O)c2cccc(NC(=O)C(C)(C)N)c2)c1,0.01108933
CC[C@@H]1C(=O)OC[C@@H]1Cc1cncn1C,1.989004e-05
Cc1cccc(C)c1NC(=O)CC12CCCN1CCC2,4.8206333e-05
Nc1nccc(-c2ccc3noc(-c4ccc(Cl)cc4)c3c2)n1,0.0008228017
C[C@@H]1C[C@H](N)C[C@H](c2ccncc2NC(=O)c2ccc(F)c(-c3c(F)cccc3F)n2)C1,0.075528026
CC(C)COc1ccc(CNC(=O)N(Cc2ccc(F)cc2)C2CCN(C)CC2)cc1,0.0024295556
CC[C@@H]1/C=C(\C)C[C@H](C)C[C@H](OC)[C@H]2O[C@@](O)(C(=O)C(=O)N3CCCC[C@H]3C(=O)O[C@H](/C(C)=C/[C@@H]3CC[C@H](Cl)[C@H](OC)C3)[C@H](C)[C@@H](O)CC1=O)[C@H](C)C[C@@H]2OC,0.14637917
CN1CCC(=C2c3ccccc3Sc3ccccc32)CC1,8.578949e-05
COc1ccc(-c2nc3ccc(C4=NNC(=O)C[C@H]4C)cc3[nH]2)cc1,0.0010701062
O=C(O)[C@H]1C2CCC(CC2)[C@@H]1Nc1nc(-c2c[nH]c3ncc(F)cc23)ncc1F,0.024092061
O=[N+]([O-])c1nccn1C[C@@H](O)CN1CCCCC1,0.00030494394
O=c1[nH]c2ccccc2n1C1CCN(CCCC(c2ccc(F)cc2)c2ccc(F)cc2)CC1,0.012913778
C[C@@H](NC(=NC#N)Nc1ccncc1)C(C)(C)C,0.0048587155
CC1(C)[C@@H]2C[C@@H](O)[C@@](C)(O)[C@H]1C2,0.09945394
COc1cc(Br)c(C[N+]2(CCOCC[C@H]3CC[C@@H]4C[C@H]3C4(C)C)CCOCC2)cc1OC,0.00047089646
Cc1cccc(C)c1NC(=O)CN1CCCCCC1,2.7777149e-05
CC(C)NC[C@@H](O)COc1cccc2[nH]ccc12,0.00033755065
CC(C)NC[C@H](O)COc1cccc2[nH]ccc12,0.0005422157
CO[C@H]1[C@H](O)[C@@H](O)[C@@H](O)[C@H](O)[C@@H]1O,1.7257965e-07
O=C1C[C@@H](c2ccccc2)Oc2cc(O)cc(O)c21,0.0031090127
CCc1ccc(CCOc2ccc(C[C@H]3SC(=O)NC3=O)cc2)nc1,1.2110063e-05
NC(=O)C1(N2CCCCC2)CCN(CCCC(=O)c2ccc(F)cc2)CC1,0.0011222931
CC(=O)O[C@H]1C[C@@H]2CC[C@@H]3[C@H](CC[C@@]4(C)[C@H]3C[C@H](N3CC[N+](C)(C)CC3)[C@@H]4OC(C)=O)[C@@]2(C)C[C@@H]1N1CC[N+](C)(C)CC1,1.0342557e-07
CCn1cc(C(=O)O)c(=O)c2cnc(N3CCNCC3)nc21,0.91883683
CC[N@@+]1(C)CCC[C@H](OC(=O)C(O)(c2ccccc2)c2ccccc2)C1,0.0005174653
CC(=O)c1ccc2c(c1)N(CCCN1CCC(CCO)CC1)c1ccccc1S2,0.00021873618
CCN1CCN(C(=O)N[C@@H](C(=O)N[C@@H]2C(=O)N3[C@@H]2SC(C)(C)[C@@H]3C(=O)O)c2ccccc2)C(=O)C1=O,0.98400104
Clc1ccc2c(N3CCN(CCCN4CCN(c5ccnc6cc(Cl)ccc56)CC4)CC3)ccnc2c1,0.00013043045
C1CNCCN1,0.011465711
O=C1CNC(=O)CN1,0.014117217
CCN1CCC[C@H](OC(=O)C(c2ccccc2)c2ccccc2)C1,9.490548e-05
O=C(/C=C/C=C/c1ccc2c(c1)OCO2)N1CCCCC1,0.00039982115
CCCCOCCOCCOCc1cc2c(cc1CCC)OCO2,1.1968032e-05
O=C(CCBr)N1CCN(C(=O)CCBr)CC1,0.00032334586
CN1CCN(c2cc3c(nn2)Oc2ccccc2N3C)CC1,1.9662462e-05
CN(C)S(=O)(=O)c1ccc2c(c1)N(CCCN1CCC(CCO)CC1)c1ccccc1S2,0.0018232821
CCCCCCCCCCCCCCCC(=O)OCCC1CCN(CCCN2c3ccccc3Sc3ccc(S(=O)(=O)N(C)C)cc32)CC1,0.08482301
NC(=O)CN1CCCC1=O,0.00074670964
COc1cccc2c1C(=O)c1c(O)c3c(c(O)c1C2=O)C[C@@](O)(C(=O)CO)C[C@@H]3O[C@H]1C[C@H](N)[C@H](O[C@@H]2CCCCO2)[C@H](C)O1,0.5830192
O=C(O)c1cc(=O)c2c3nc4ccccc4oc-3cc(=O)c2[nH]1,0.02506677
Cc1nc2ccccn2c(=O)c1CCN1CCC(C(=O)c2ccc(F)cc2)CC1,0.9764439
CN1CCN(CC(=O)N2c3ccccc3C(=O)Nc3cccnc32)CC1,8.002792e-05
NS(=O)(=O)c1cc(C(=O)O)cc(N2CCCC2)c1Oc1ccccc1,0.058631357
Cc1ccc(=O)n(-c2ccccc2)c1,0.0014780675
c1cnc(N2CCN(Cc3ccc4c(c3)OCO4)CC2)nc1,0.00055163336
CC1(C)[C@@H]2CC[C@@]1(C)C(=O)N(CCCCN1CCN(c3ccccn3)CC1)C2=O,2.1266645e-05
Cc1cccc(Nc2cc(Cl)nc(SCC(=O)O)n2)c1C,0.6542204
Cc1ccc2c(c1)c1c3n2CCN[C@H]3CCC1,4.6983383e-05
C[C@@H]1CCC[C@H](C)N1CCC[C@@](O)(c1ccccc1)c1ccccn1,2.5281533e-05
Cc1cc(C[C@H](C)CC(C)(C)C)n(O)c(=O)c1,0.00015422802
CCOC(=O)c1ccc(OCCC2CCN(c3ccc(C)nn3)CC2)cc1,0.002385787
CCn1cc(C(=O)O)c(=O)c2cnc(N3CCCC3)nc21,0.028643655
CN1C(C(=O)Nc2ccccn2)=C(O)c2ccccc2S1(=O)=O,0.00011478486
CCc1[nH]c(=O)[nH]c1C(=O)c1ccncc1,0.0007487065
COc1cc(C(=O)OCc2cccc(COC(=O)c3cc(OC)c(OC)c(OC)c3)n2)cc(OC)c1OC,0.7781624
O=c1[nH]c2ccccc2c2cc(CO)nn12,0.0105712665
O=C1C(c2ccccn2)=[N+]([O-])c2ccccc21,0.016551346
O=C(O)C[C@H](O)C[C@H](O)/C=C/c1c(C2CC2)nc2ccccc2c1-c1ccc(F)cc1,0.00051544304
Clc1ccc(CCCOCCCN2CCCCC2)cc1,0.0010622249
CC(C)(C)C(=O)NCCCC(=O)O,0.00038799676
CC(C)(C)C(=O)OCOC(=O)[C@@H]1N2C(=O)[C@@H](NC(=O)[C@H](N)c3ccccc3)[C@H]2SC1(C)C,0.023912791
CCCC(=O)OCOC(=O)C(C)(C)C,0.0011633924
CC(C)(C)C(=O)OCOC(=O)[C@@H]1N2C(=O)[C@@H](/N=C/N3CCCCCC3)[C@H]2SC1(C)C,0.99602085
NCCNc1ccc(NCCN)c2c1C(=O)c1ccncc1C2=O,0.18150002
CN1CCC(=C2c3ccccc3CCc3sccc32)CC1,0.00016190294
Nc1cc(C(F)(F)F)c(-c2nc(N3CCOCC3)nc(N3CCOCC3)n2)cn1,0.0002329661
COc1ncc(-c2nc(N3CCOCC3)nc3c(CN4CCC(C(C)(C)O)CC4)cc(F)cc23)cc1NS(C)(=O)=O,7.560539e-06
COc1ccc(-c2sc(NC(=O)C(C)(C)C)nc2C)cc1S(=O)(=O)Nc1ccc(O)cc1,0.033815067
CN(C)CC(=O)Nc1ccc2[nH]c(=O)c3ccccc3c2c1,0.03205732
CCCC(=O)C1CCN(c2ncnc3c2CN(C(=O)c2ccc(-c4ccccc4)cc2)CC3)CC1,0.004642399
CC[C@@H](C)N(C)C(=O)c1cc2ccccc2c(-c2ccccc2Cl)n1,0.21324088
N[C@@H](CC(=O)N1CCn2c(nnc2C(F)(F)F)C1)Cc1[nH]nc2c(F)c(F)ccc12,3.3186272e-05
C[C@@H](Nc1ncnc2[nH]c(-c3ccc(O)cc3)cc12)c1ccccc1,0.34869847
O=C(Nc1ccncc1)Nc1ccc(-c2nc(N3CCOCC3)nc(N3[C@@H]4CC[C@H]3COC4)n2)cc1,0.00057546893
Cc1cc(CCCOc2c(C)cc(-c3noc(C(F)(F)F)n3)cc2C)on1,3.235084e-07
c1cc(CN2CCCNCCNCCCNCC2)ccc1CN1CCCNCCNCCCNCC1,0.0013503014
CO[C@H](C(=O)[C@@H](O)[C@@H](C)O)[C@@H]1Cc2cc3cc(O[C@H]4C[C@@H](O[C@H]5C[C@@H](O)[C@H](O)[C@@H](C)O5)[C@@H](O)[C@@H](C)O4)c(C)c(O)c3c(O)c2C(=O)[C@H]1O[C@H]1C[C@@H](O[C@H]2C[C@@H](O[C@H]3C[C@](C)(O)[C@H](O)[C@@H](C)O3)[C@H](O)[C@@H](C)O2)[C@H](O)[C@@H](C)O1,0.05926732
CC(C)(C)c1nc[nH]c1/C=c1\[nH]c(=O)/c(=C/c2ccccc2)[nH]c1=O,0.17353077
N[C@@H](Cc1ccc(O)cc1)C(=O)O,0.8303312
CC1=CC(=O)c2c(O)cccc2C1=O,0.00074177084
O=C(NNc1ccccc1)c1ccncc1,0.008458822
CCCS(=O)(=O)Nc1ccc(F)c(C(=O)c2c[nH]c3ncc(Cl)cc23)c1F,0.0038856277
Cc1noc(C)c1-c1cnc2c(-c3ccc(C(=O)O)cc3)cn([C@@H](C)c3ccccn3)c2c1,0.98869276
FC(F)(F)c1ccc(CNc2ccc(Cc3c[nH]c4ncccc34)cn2)cc1,0.0041661947
O=C(c1c(F)ccc(NS(=O)(=O)N2CC[C@@H](F)C2)c1F)c1c[nH]c2ncc(-c3cnc(C4CC4)nc3)cc12,0.015237985
O=C(O)CC[C@@H](CP(=O)(O)O)C(=O)O,0.03599625
COc1cc(OC)c(NC(=O)Nc2cc(C)on2)cc1Cl,0.038885083
CNC(=O)c1ccc2c(c1)CCO[C@H]2CCN1CCN(c2ccc(C(N)=O)cc2)CC1,0.00035134144
CCCNCCc1ccc(NS(=O)(=O)c2ccc(OC(F)(F)F)cc2)cc1,0.08427471
Cn1c2c(c3ccccc31)CCNCC2,0.00030290842
O=C(N[C@H]1CN2CCC1CC2)c1ccc(Cl)cc1,0.8710617
C1CCC(N=C(NC23CC4CC(CC(C4)C2)C3)N2CCOCC2)CC1,0.0019610426
Cc1ccc(/C=N/NC(=O)c2ccccc2Oc2ccccc2)o1,0.026465552
Cc1cc2c(N3CCCC3)nc(N3CCCC3)nc2n1C,4.2216885e-05
COc1ccc(OCc2ccc(COc3c(Cl)cccc3Cl)cc2)c(Cl)c1,0.51092017
COc1cc([C@@H]2c3cc4c(cc3[C@H](O)[C@H]3COC(=O)[C@H]23)OCO4)cc(OC)c1OC,0.00025465072
O=C1CC[NH][Zn][O]C(=O)[C@H](Cc2cnc[nH]2)N1,2.3594367e-08
CCCCCCCCCCCCOCCOCCOCCOCCOCCOCCOCCOCCOCCO,0.00014740364
OC[C@H]1O[C@@H](Oc2cc(O)cc(/C=C/c3ccc(O)cc3)c2)[C@H](O)[C@@H](O)[C@@H]1O,0.10155011
O=c1nc[nH]c2c1ncn2[C@H]1O[C@H](COP(=O)(O)O)[C@H](O)[C@H]1O,0.99690324
CC[C@@H](C)CCCCC(=O)N[C@@H](CCN)C(=O)N[C@H](C(=O)N[C@@H](CCN)C(=O)N[C@H]1CCNC(=O)[C@H]([C@@H](C)O)NC(=O)[C@@H](CCN)NC(=O)[C@@H](CCN)NC(=O)[C@@H](CC(C)C)NC(=O)[C@@H](Cc2ccccc2)NC(=O)[C@@H](CCN)NC1=O)[C@@H](C)O,0.63957936
CN1[C@@H](CSCC(F)(F)F)Nc2cc(Cl)c(S(N)(=O)=O)cc2S1(=O)=O,0.9541376
Nc1cccc2c1C(=O)N([C@H]1CCC(=O)NC1=O)C2=O,0.00028366665
Cc1ccc(C(=O)Nc2ccc(CN3CCN(C)CC3)c(C(F)(F)F)c2)cc1C#Cc1cnc2cccnn12,0.0009758501
CCC/N=C1\S/C(=C\c2ccc(OC[C@H](O)CO)c(Cl)c2)C(=O)N1c1ccccc1C,0.0021895648
CC[C@@H]([C@H](C)O)n1ncn(-c2ccc(N3CCN(c4ccc(OC[C@@H]5CO[C@@](Cn6cncn6)(c6ccc(F)cc6F)C5)cc4)CC3)cc2)c1=O,0.17967032
C[C@]12CCC(=O)C=C1C=C[C@@H]1[C@@H]2CC[C@@]2(C)[C@H]1CC[C@@]2(O)CCC(=O)O,9.716554e-06
I,0.000232925
Nc1ccc(C(=O)O)cc1,0.0007308773
Cc1ncccc1OC[C@@H]1CCCN1,2.516499e-05
C=CC(=O)N1CCC(Oc2cc3c(Nc4ccc(Cl)c(Cl)c4F)ncnc3cc2OC)CC1,0.3758378
Cc1ccc(-c2nn(C(C)(C)C)c3ncnc(N)c23)cc1,0.039612085
Nc1ncnc2c1c(-c1cnc3[nH]ccc3c1)nn2C1CCCC1,0.00043538873
CC(C)(C)n1nc(-c2ccc(Cl)cc2)c2c(N)ncnc21,0.039181102
CCCc1c(-c2ccc(O)cc2)nn(-c2ccc(O)cc2)c1-c1ccc(O)cc1,0.0023902399
COc1ccccc1-c1c[nH]c2ncc(-c3cncc(C(=O)N(C)C)c3)cc12,0.35728145
CC(C)n1nc(-c2cc3cc(O)ccc3[nH]2)c2c(N)ncnc21,0.013905982
COc1ccc(Cl)cc1NC(=O)Nc1cc(C)nc2ccccc12,0.70354825
N#CSc1cc(SC#N)c(N)nc1N,0.99984026
CC(=O)Nc1ccc(OC[C@H](O)CNC(C)C)cc1,3.1822394e-05
Nc1ncnc2c1ncn2CCOC[P@@]1(=O)OCC[C@@H](c2cccc(Cl)c2)O1,0.00034217743
C#CC[C@H](Cc1cnc2nc(N)nc(N)c2n1)c1ccc(C(=O)N[C@@H](CCC(=O)O)C(=O)O)cc1,0.5789929
C[n+]1ccccc1/C=N/O,0.005536832
C[n+]1ccccc1CN=O,0.00012461332
C[C@H](NC(=O)[C@@H](Cc1ccc2ccccc2c1)NC(=O)[C@@H](C)N)C(=O)N[C@@H](Cc1c[nH]c2ccccc12)C(=O)N[C@H](Cc1ccccc1)C(=O)N[C@@H](CCCCN)C(N)=O,0.015460925
CCCN[C@H]1CCc2nc(N)sc2C1,7.3803103e-06
CC(C)N(CCNC(=O)CN1CCCC1=O)C(C)C,6.4585765e-06
CCCCOc1ccc(OCCCN2CCOCC2)cc1,0.0031585565
COC(=O)C1=C(C)NC(C)=C(C(=O)OC/C=C/c2ccccc2)[C@@H]1c1cccc([N+](=O)[O-])c1,0.00063451024
O=C(Nc1cccc2c(=O)cc(-c3nn[nH]n3)oc12)c1ccc(OCCCCc2ccccc2)cc1,0.0015841443
C[C@@H](C(=O)O)c1ccc2c(c1)Cc1cccnc1O2,0.062002096
CC(=O)O[C@H]1CC[C@@]2(C)C(=CC[C@@H]3[C@@H]2CC[C@]2(C)C(=O)CC[C@@H]32)C1,2.1348189e-05
CC(=O)Oc1cc2c(s1)CCN([C@@H](C(=O)C1CC1)c1ccccc1F)C2,5.712949e-05
COc1ccc(C(=O)c2c(C)n(CCN3CCOCC3)c3ccccc23)cc1,0.0005173763
CC[C@H](C)C(=O)O[C@H]1C[C@H](O)C=C2C=C[C@H](C)[C@H](CC[C@@H](O)C[C@@H](O)CC(=O)O)[C@H]21,0.013806086
O=C(C1CCCCC1)N1CC(=O)N2CCc3ccccc3[C@H]2C1,0.004709449
COc1cc2nc(N3CCN(C(=O)c4ccco4)CC3)nc(N)c2cc1OC,0.074013986
O=C(OCCN1CCOCC1)C1(c2ccccc2)CCCCC1,0.06846046
CCCN1CCC[C@H](c2cccc(O)c2)C1,0.0034883071
CCOC(=O)O[C@]1(C(=O)COC(=O)CC)CC[C@H]2[C@H]3CCC4=CC(=O)C=C[C@]4(C)[C@@H]3[C@@H](O)C[C@@]21C,0.9433017
C[C@]12C=CC(=O)C=C1CC[C@@H]1[C@@H]2[C@@H](O)C[C@@]2(C)[C@H]1CC[C@]2(O)C(=O)CO,0.0004439301
CC(=O)OCC(=O)[C@@]1(O)CC[C@H]2[C@@H]3CCC4=CC(=O)C=C[C@]4(C)[C@H]3[C@@H](O)C[C@@]21C,2.6032174e-05
C[C@]12C=CC(=O)C=C1CC[C@@H]1[C@@H]2[C@@H](O)C[C@@]2(C)[C@H]1CC[C@]2(O)C(=O)COC(=O)CCC(=O)O,0.024855103
C[C@]12C=CC(=O)C=C1CC[C@@H]1[C@@H]2[C@@H](O)C[C@@]2(C)[C@H]1CC[C@]2(O)C(=O)COP(=O)(O)O,0.035098303
CC(C)(C)CC(=O)OCC(=O)[C@@]1(O)CC[C@H]2[C@H]3CCC4=CC(=O)C=C[C@]4(C)[C@@H]3[C@@H](O)C[C@@]21C,0.008670516
C[C@]12C=CC(=O)C=C1CC[C@@H]1[C@@H]2C(=O)C[C@@]2(C)[C@H]1CC[C@]2(O)C(=O)CO,9.371148e-05
CC(=O)[C@H]1CC[C@H]2[C@@H]3CC=C4C[C@@H](O)CC[C@]4(C)[C@H]3CC[C@]12C,6.20927e-05
CC(=O)[C@H]1CC[C@H]2[C@H]3CC=C4C[C@@H](OC(=O)CCC(=O)O)CC[C@]4(C)[C@@H]3CC[C@]12C,0.0008114494
COCCOc1ccc(N2CCN(CCn3ncc4c3nc(N)n3nc(-c5ccco5)nc43)CC2)cc1,1.48178215e-05
C[C@@H](Cc1ccccc1)NCCC(c1ccccc1)c1ccccc1,0.0006905434
Cc1cn2nc([C@@H]3CCCCN3C(=O)c3cc(Cl)ccc3NS(C)(=O)=O)cc2nc1N1CC[C@H](N)C1,0.012587236
O=[N+]([O-])c1cn2c(n1)OC[C@@H](OCc1ccc(OC(F)(F)F)cc1)C2,0.0005691116
OC(CCN1CCCCC1)(c1ccccc1)c1ccccc1,0.000964832
CCCN1CCC(c2cccc(S(C)(=O)=O)c2)CC1,0.03668746
CCCN[C@@H](C)C(=O)Nc1ccccc1C,4.5157238e-05
COc1cc(N[C@@H](C)CCCN)c2ncccc2c1,0.00052173255
O=C1C2CCN(CC2)C1(CO)CO,1.9590587e-05
CCC1(c2ccccc2)C(=O)NCNC1=O,1.689629e-05
C=Cc1cc(O)cc2nc(-c3ccc(O)c(F)c3)oc12,0.0006649513
CC1(C)SCCN(S(=O)(=O)c2ccc(Oc3ccncc3)cc2)[C@H]1C(=O)NO,0.024966247
C[C@H](NCc1ccc(OCc2ccccc2F)cc1)C(N)=O,0.29510394
CC(C)N[C@H](C)Cc1ccc(O)cn1,0.0010015907
Cc1nc(N(C)C(=O)Cc2ccc(-c3ccccn3)cc2)sc1S(N)(=O)=O,0.002206136
CCOc1ccccc1-n1c(CN2CCNCC2)nc2ccccc2c1=O,0.0012796419
CC(C)(/C=C(\C#N)C(=O)N1CCC[C@@H](n2nc(-c3ccc(Oc4ccccc4)cc3F)c3c(N)ncnc32)C1)N1CCN(C2COC2)CC1,0.21067855
C=CC(=O)N1CCN(CCCn2c(=O)c(-c3c(Cl)c(OC)cc(OC)c3Cl)cc3cnc(NC)nc32)CC1,0.18475007
COCc1c[n+]([O-])c(C)cn1,7.4706213e-07
CCCC(C(=O)OCCN(CC)CC)(c1ccccc1)c1ccccc1,0.0007382157
CCCN(CCC)S(=O)(=O)c1ccc(C(=O)O)cc1,0.0006105784
CC(C)(Sc1cc(C(C)(C)C)c(O)c(C(C)(C)C)c1)Sc1cc(C(C)(C)C)c(O)c(C(C)(C)C)c1,8.304001e-06
CCN(CC)CCNC(=O)c1ccc(N)cc1,2.3818558e-07
CCN(CC)CCOC(=O)c1ccc(N)cc1,2.8465377e-07
CNNCc1ccc(C(=O)NC(C)C)cc1,5.1372404e-05
CC[C@H](NC(C)C)[C@H](O)c1ccc(O)c2[nH]c(=O)ccc12,0.00052026234
CN1CCN(CCCN2c3ccccc3Sc3ccc(Cl)cc32)CC1,3.2289245e-05
O=C(O)CCc1nc2ccccc2[nH]1,2.1211632e-05
Oc1cc(O)c2c(c1)O[C@H](c1ccc(O)c(O)c1)[C@H](O)[C@H]2c1c(O)cc(O)c2c1O[C@H](c1ccc(O)c(O)c1)[C@@H](O)C2,0.56829894
O=C1N[C@H](C(=O)O)CS1,3.5194742e-05
CCN(CC)[C@@H](C)CN1c2ccccc2Sc2ccccc21,1.06827165e-05
Nc1ccc2cc3ccc(N)cc3nc2c1,0.00045056848
CC(=O)[C@H]1CC[C@H]2[C@@H]3CCC4=CC(=O)CC[C@]4(C)[C@H]3CC[C@]12C,3.7640398e-06
CCCN(CCC)C(=O)[C@@H](CCC(=O)OCCCN1CCN(CCOC(=O)Cc2c(C)n(C(=O)c3ccc(Cl)cc3)c3ccc(OC)cc23)CC1)NC(=O)c1ccccc1,0.0032502846
CCCN(CCC)C(=O)[C@@H](CCC(=O)O)NC(=O)c1ccccc1,6.747356e-05
CC(C)NC(=N)N=C(N)Nc1ccc(Cl)cc1,0.001045005
CC(C)C[C@@H](NC(=O)[C@H]1CCCN1)C(=O)NCC(N)=O,0.0012973432
CN(C)CCCN1c2ccccc2Sc2ccccc21,7.081875e-05
CCCOc1ccc2c(c1)CC[C@@H]1[C@@H]2CC[C@]2(C)[C@@H](OC)CC[C@@H]12,0.0001407197
CC(CN1c2ccccc2Sc2ccccc21)N(C)C,5.284574e-05
CC(C)NC[C@@H](O)c1ccc2ccccc2c1,0.002733265
CCN(CC)CC(=O)Oc1ccc(NC(C)=O)cc1,2.2329962e-06
CCCNC[C@@H](O)COc1ccccc1C(=O)CCc1ccccc1,6.527159e-06
O=C(O)C[CH2][Ge](=[O])[O][Ge](=[O])[CH2]CC(=O)O,0.09916052
CC(C)[N+](C)(CCOC(=O)C1c2ccccc2Oc2ccccc21)C(C)C,0.0026213897
CCC(CO[N+](=O)[O-])(CO[N+](=O)[O-])CO[N+](=O)[O-],0.0014179486
CCCn1cnc2c1c(=O)n(CCCCC(C)=O)c(=O)n2C,0.0026506935
CC[N+](C)(CC)CCC[n+]1c(-c2ccccc2)c2cc(N)ccc2c2ccc(N)cc21,1.7008262e-05
O=C1CCO1,5.138245e-05
CCCOC(C(=O)OC1CCN(C)CC1)(c1ccccc1)c1ccccc1,7.889323e-05
CC(C)c1cccc(C(C)C)c1O,0.06747684
CNC(=O)Oc1ccccc1OC(C)C,4.5161974e-05
CCCOc1cc(N)ccc1C(=O)OCCN(CC)CC,7.729112e-06
CC(C)NCC(O)COc1cccc2ccccc12,3.6301448e-05
CC(C)NC[C@@H](O)COc1cccc2ccccc12,6.6864486e-05
CC(C)NC[C@H](O)COc1cccc2ccccc12,8.3677776e-05
CCCOC(=O)c1ccccc1,0.0013425357
C[C@@H](O)CO,0.004331582
CN[C@@H](C)CC1CCCCC1,0.00011504378
CCCOC(=O)c1ccc(O)cc1,0.0019202608
CCCc1cc(=O)[nH]c(=S)[nH]1,5.7968253e-05
Cc1c(C(C)C)c(=O)n(-c2ccccc2)n1C,4.912656e-07
Cc1ccc2c(-c3ccccc3)nc(=O)n(C(C)C)c2c1,0.0006891546
C[C@@H]1O[C@@H](O[C@@H]2C=C3CC[C@@H]4[C@H](CC[C@]5(C)[C@@H](c6ccc(=O)oc6)CC[C@]45O)[C@@]3(C)CC2)[C@H](O)[C@H](O)[C@H]1O,0.008624626
CCCc1cc(C(N)=S)ccn1,0.00017828472
NC(=O)[C@@H]1CCCN1C(=O)[C@H](Cc1c[nH]cn1)NC(=O)[C@@H]1CCC(=O)N1,0.00025891175
C=CC1=C(C)c2cc3[nH]c(cc4[nH]c(cc5nc(cc1n2)C(C)=C5C=C)c(C)c4CCC(=O)O)c(CCC(=O)O)c3C,0.07633478
CNCCCC1c2ccccc2C=Cc2ccccc21,0.00064640195
Cc1noc(COc2ccccc2OC[C@@H](O)CNC(C)(C)C)n1,1.5942526e-07
c1ccc(COCCCc2cnc[nH]2)cc1,6.217981e-06
CCCOc1ccc(C(=O)OCCN(CC)CC)cc1N,5.181228e-07
C[C@@H](O)Cn1cnc2c1c(=O)n(C)c(=O)n2C,0.9932248
CCS(=O)(=O)N1CCN(c2ccc(Nc3ncc(C(N)=O)c(NC4CC4)n3)cc2)CC1,0.121477745
NC(=O)c1cnc(N[C@@H]2CCCC[C@@H]2N)nc1Nc1cccc(-n2nccn2)c1,0.9462631
O=C1C(=Cc2cccnc2)C(=O)c2ccccc21,0.0009841851
COCCCN1CCC(NC(=O)c2cc(Cl)c(N)c3c2OCC3)CC1,0.0043297666
Cc1oc(=O)oc1CN1CCN(c2cc3c(cc2F)c(=O)c(C(=O)O)c2n3[C@@H](C)S2)CC1,0.9999918
N#Cc1c[nH]c2c(C(=O)N3CCN(CCc4ccc(F)cc4)CC3)cccc12,0.024477294
COc1cc(Cl)cc([C@H](C)Nc2cc(N3CCNCC3)ccc2S(C)(=O)=O)c1OC,0.0011887578
N#Cc1cc(CN2CCC(Nc3ncnc4sc(Cl)cc34)CC2)ccc1F,0.9996662
Nc1c(S(=O)(=O)O)cc(Nc2cccc3ccccc23)c2c1C(=O)c1ccccc1C2=O,0.03528468
CC[C@@H]1CN2C(=O)N(C)c3[nH]c(-c4ccccc4)nc3C2=N1,0.09187614
CCCn1c(=O)[nH]c2nc(-c3ccc(S(=O)(=O)O)cc3)[nH]c2c1=O,0.02627941
CCCn1c(=O)[nH]c2nc(-c3ccc(S(=O)(=O)N4CCN(c5ccc(Cl)cc5)CC4)cc3)[nH]c2c1=O,0.007021168
C[C@@]1(F)[C@H](O)[C@@H](CO)O[C@H]1n1ccc(N)nc1=O,0.98937166
O=C(O)c1c(O)c(Cc2ccc(Cl)cc2)nc2c3c(ccc12)CCCC3,0.27570358
CC(C)OC(=O)[C@H](C)N[P@@](=O)(OC[C@H]1O[C@@H](n2ccc(=O)[nH]c2=O)[C@](C)(F)[C@@H]1O)Oc1ccccc1,0.004398413
CCCCC1CCC(c2nc(-c3ccncc3)no2)CC1,1.9281297e-05
O=C(Nc1ccc(Cl)cc1)Nc1cccc(-c2cccc(N3CCCC3)n2)c1,0.020960119
O=c1ccc2cc3ccoc3cc2o1,0.75681597
Cc1c(N2C(=O)[C@@H]3[C@H](O)CCN3C2=O)ccc(C#N)c1Cl,0.018205112
CS(=O)(=O)c1ccc(Oc2cc(F)cc(C#N)c2)c2c1[C@H](O)C(F)(F)C2,0.10927066
Cc1nc2cc(F)c(F)cc2n1-c1cncc(Nc2ccc(C(F)(F)F)cc2)n1,0.0135019915
COc1cc(Br)c(Nc2nc(-c3c(C)nc4ncccn34)cs2)c(Br)c1,0.97021616
COc1cc(/C=C/c2ccc(O)cc2)cc(OC)c1,0.00024588843
CC(C)NCCCn1c(Sc2cc3c(cc2I)OCO3)nc2c(N)ncnc21,0.0019143716
O=c1c(-c2ccc(O)cc2)coc2c([C@@H]3O[C@H](CO)[C@@H](O)[C@H](O)[C@H]3O)c(O)ccc12,0.0434087
O=C(N[C@H]1CN2CCC1CC2)c1c[nH]c2ccsc2c1=O,0.9972594
c1ccc2c(Oc3nc(Nc4ccc(N5CCOCC5)cc4)c4ncn(C5CCCCC5)c4n3)cccc2c1,0.0003023674
COc1ccc(C[C@H](N)C(=O)N[C@H]2[C@@H](O)[C@H](n3cnc4c(N(C)C)ncnc43)O[C@@H]2CO)cc1,0.0159932
CC(C)[C@H](CO)Nc1nc(Nc2cccc(Cl)c2)c2ncn(C(C)C)c2n1,0.6999104
CC(C)[C@H](CO)Nc1nc(Nc2ccc(C(=O)O)c(Cl)c2)c2ncn(C(C)C)c2n1,0.30909625
NCCCCN,5.4318472e-05
CC[C@@H](C)SSc1ncc[nH]1,0.0002890801
C[C@H]1CC[C@@]2(OC1)O[C@H]1C[C@H]3[C@@H]4CC[C@@H]5C[C@@H](O)CC[C@]5(C)[C@H]4CC[C@]3(C)[C@H]1[C@@H]2C,2.2736874e-06
CCOC(=O)c1ccc(N2NC(=O)/C(=C/c3ccc([N+](=O)[O-])o3)C2=O)cc1,0.022850625
O=C(O)c1cc2ccccc2c(Cc2c(O)c(C(=O)O)cc3ccccc23)c1O,0.07574068
CN1CCCN=C1/C=C/c1cccs1,0.0020981948
NC(=O)c1cnccn1,0.001549194
N=C(N)NC(=O)c1cnccn1,5.079456e-05
O=C1c2ccccc2-c2[nH]nc3cccc1c23,0.00017305683
COc1ccc2nc3c([N+](=O)[O-])ccc4c3c(c2c1)NN4CCCN(C)C,0.0020416453
C=C/C=C\CC1=C(C)[C@@H](OC(=O)[C@@H]2[C@@H](C=C(C)C)C2(C)C)CC1=O,1.1314204e-06
Cc1ncc(CO)c(C=O)c1O,8.1879414e-05
Cc1ncc(CO)c(/C=N/NC(=O)c2ccncc2)c1O,0.0010156841
Cc1ncc(CO)c(CN)c1O,0.0005711363
Cc1ncc(CO)c(CO)c1O,0.0004234322
CCc1nc(N)nc(N)c1-c1ccc(Cl)cc1,0.1063374
O=S(=O)(NCC1CC1)c1ccc(Nc2nccc(N3CCCc4cc(O)ccc43)n2)cc1,0.0049659717
c1cc[n+]2c(c1)[S][Zn]1([O]2)[O][n+]2ccccc2[S]1,0.0016106042
CCC1(CC)C(=O)C=CNC1=O,0.00048140102
Cc1ncc(CSSCc2cnc(C)c(O)c2CO)c(CO)c1O,1.126933e-05
COc1ccc2nc3cc(Cl)ccc3c(Nc3cc(CN4CCCC4)c(O)c(CN4CCCC4)c3)c2n1,0.104187
CCOc1cc2ncc(C#N)c(Nc3ccc(OCc4ccccn4)c(Cl)c3)c2cc1NC(=O)/C=C/[C@H]1CCCN1C,0.038740687
O=C(CCCCCCC(=O)Nc1cccnc1)NO,0.024160966
S=C(S)N1CCCC1,0.018593758
Cc1cc(/C=C/c2ccc3cc(N(C)C)ccc3[n+]2C)c(C)n1-c1ccccc1,0.000574078
CC(C)c1ccc(CC(=O)N2CCN(c3ccc(C#N)nn3)CC2)cc1,3.4182714e-05
CC(=O)c1cc([N+](=O)[O-])c(Sc2ccc(F)cc2F)s1,0.07604058
CN1CC[C@@H](c2c(O)cc(O)c3c(=O)cc(-c4ccccc4Cl)oc23)[C@@H]1CO,0.0014596845
CC(=O)c1cc([N+](=O)[O-])c(Sc2cccc(Cl)c2Cl)s1,0.22448796
O[C@@H](CNc1ccccc1)Cn1c2ccc(Br)cc2c2cc(Br)ccc21,0.0019172527
CCc1nc2ccc(Cl)cn2c1C(=O)NCc1ccc(N2CCC(c3ccc(OC(F)(F)F)cc3)CC2)cc1,0.0047666277
CC1C(=O)N=C2Nc3cccc(Cl)c3CN21,0.001314078
O=c1c(O)c(-c2ccc(O)c(O)c2)oc2cc(O)cc(O)c12,0.48955077
OCCOCCN1CCN(C2=Nc3ccccc3Sc3ccccc32)CC1,0.0022009045
CC(C)(C)Sc1c(CC(C)(C)C(=O)O)n(Cc2ccc(Cl)cc2)c2ccc(OCc3ccc4ccccc4n3)cc12,0.34896386
CCCN1C[C@@H](NS(=O)(=O)N(CC)CC)C[C@@H]2Cc3c(O)cccc3C[C@H]21,0.64997965
CCOC(=O)[C@H](CCc1ccccc1)N[C@@H](C)C(=O)N1Cc2ccccc2C[C@H]1C(=O)O,0.0003443668
C[C@H](N[C@@H](CCc1ccccc1)C(=O)O)C(=O)N1Cc2ccccc2C[C@H]1C(=O)O,0.018785855
CCCN1CCC[C@@H]2Cc3nc(N)ncc3C[C@H]21,0.0008657112
C#C[C@]1(O)CC[C@H]2[C@@H]3CCc4cc(OC5CCCC5)ccc4[C@H]3CC[C@@]21C,4.1183324e-05
CC[C@H]1NC(=O)c2cc(S(N)(=O)=O)c(Cl)cc2N1,0.4345573
C=C[C@H]1C[N@@]2CC[C@H]1C[C@@H]2[C@@H](O)c1ccnc2ccc(OC)cc12,0.02999623
C=C[C@H]1C[N@@]2CC[C@H]1C[C@H]2[C@H](O)c1ccnc2ccc(OC)cc12,0.049452752
C=C[C@H]1C[N@@]2CC[C@H]1C[C@@H]2[C@@H](OC(=O)OCC)c1ccnc2ccc(OC)cc12,0.0078083486
O=C(O)c1cccnc1C(=O)O,0.07129208
CCCN1CCC[C@@H]2Cc3[nH]ncc3C[C@H]21,0.0008710643
c1ccc2nc(N3CCNCC3)ccc2c1,0.0003373777
CC(C)(C)c1cc(NC(=O)Nc2ccc(-c3cn4c(n3)sc3cc(OCCN5CCOCC5)ccc34)cc2)no1,0.013590216
Cc1cccc(C)c1NC(=O)C[N+](C)(C)C,0.01847374
CC[N+](CC)(CC)CC(=O)Nc1c(C)cccc1C,1.0037242e-05
CCCN(CCC)c1cc(C)nc2c(-c3cnc(N(C)C)cc3C)c(C)nn12,0.0021578653
[N-]=[N+]=N[C@]1(CO)O[C@@H](n2ccc(N)nc2=O)[C@H](O)[C@@H]1O,0.9989599
O=S(=O)(c1ccccc1F)N1CCOc2c(N3CCNCC3)cccc21,0.0017053034
Cn1c(=O)c(Oc2ccc(F)cc2F)cc2cnc(NC3CCOCC3)nc21,0.67622817
Cc1cccc(-c2n[nH]cc2-c2ccc(F)c(-c3cnn(CCO)c3)c2)n1,0.027006147
Nc1nc(Nc2ccc3c(c2)CC[C@@H](N2CCCC2)CC3)nn1-c1cc2c(nn1)-c1ccccc1CCC2,0.011528242
Cc1nc2sccn2c(=O)c1CCN1CCC(=C(c2ccccc2)c2ccc(F)cc2)CC1,0.83148485
COc1cccc(CCc2ccccc2OCC[C@@H]2C[C@@H](O)CN2C)c1,0.00017295423
COCCCOc1ccnc(C[S@@](=O)c2nc3ccccc3[nH]2)c1C,0.06933686
CC(C)(C)c1cc(C(C)(C)C)c2c(c1)[C@](O)(C(F)(F)F)C(=O)O2,0.15894336
CC(=O)SC[C@@H](Cc1ccccc1)C(=O)NCC(=O)OCc1ccccc1,8.447785e-06
CCN1CCC[C@H]1CNC(=O)c1c(O)c(Cl)cc(Cl)c1OC,0.000578224
C[C@@H](CCc1ccc(O)cc1)NC[C@@H](O)c1ccc(O)cc1,0.10206183
C[C@@H]1NC(C)(C)CO[C@@]1(O)c1cccc(Cl)c1,3.4363666e-08
CC(=O)NC[C@H]1CN(c2ccc(-c3ccc(CNCc4cn[nH]n4)cc3)c(F)c2)C(=O)O1,0.21629976
O=C(Nc1ccc2[nH]c(=O)oc2c1)C(=O)N1CCC(Cc2ccc(F)cc2)CC1,0.00012273718
Cc1cn(-c2cc(NC(=O)c3ccc(C)c(Nc4nccc(-c5cnccn5)n4)c3)cc(C(F)(F)F)c2)cn1,0.2175891
Cc1c(N[C@@H](c2nnc(-c3ccc(C#N)cc3)o2)[C@H](C)O)ccc(C#N)c1Cl,0.90871537
Cn1c(Nc2ccc(C(F)(F)F)cc2)nc2cc(Oc3ccnc(-c4ncc(C(F)(F)F)[nH]4)c3)ccc21,0.17440997
Cc1ncc(NC(=O)c2cccc(C(F)(F)F)c2)cc1-c1cnc(OC2CCOCC2)c(N2CCOCC2)c1,0.20761065
O=C(O)COC[C@H]1CC[C@H](COC(=O)N(c2ccccc2)c2ccc(Cl)cc2)CC1,0.9250672
O=C(c1ccc(OCCN2CCCCC2)cc1)c1c(-c2ccc(O)cc2)sc2cc(O)ccc12,0.0007128854
Cc1nnc(C(=O)NC(C)(C)c2nc(C(=O)NCc3ccc(F)cc3)c(O)c(=O)n2C)o1,0.00017808443
Cc1nc(=O)c2cc(CN(C)c3ccc(C(=O)N[C@@H](CCC(=O)O)C(=O)O)s3)ccc2[nH]1,0.00093420345
O=C(O)CCn1c2c(c3ccccc31)C[C@H](NS(=O)(=O)c1ccc(F)cc1)CC2,0.025498943
CCC(=O)NCC[C@@H]1CCc2ccc3c(c21)CCO3,5.1284835e-05
Cc1c(NC(C)C)c(=O)n(-c2ccccc2)n1C,2.5620173e-07
CCOC(=O)[C@H](CCc1ccccc1)N[C@@H](C)C(=O)N1[C@H](C(=O)O)C[C@@H]2CCC[C@@H]21,0.000104642015
Cn1cc(C(=O)[C@@H]2CCc3nc[nH]c3C2)c2ccccc21,4.0847648e-05
O=C1C[C@@]2(C(=O)N1)C(=O)N(Cc1ccc(Br)cc1F)C(=O)c1cccn12,0.0052136867
CN=C(C[N+](=O)[O-])NCCSCc1ccc(CN(C)C)o1,0.000267825
COc1ccccc1OC[C@@H](O)CN1CCN(CC(=O)Nc2c(C)cccc2C)CC1,2.252185e-05
C[C@@H](O)[C@H](N)C(=O)N1CCC[C@H]1C(=O)N1CCC[C@H]1C(=O)N[C@H](C(N)=O)[C@@H](C)O,0.0055176583
C#CCN[C@@H]1CCc2ccccc21,0.018623332
COC(=O)[C@H]1[C@H]2C[C@H]3c4[nH]c5ccccc5c4CCN3C[C@H]2CC[C@@H]1O,3.7821705e-05
Cn1nccc1Nc1nccc(-c2ccn([C@H](CO)c3ccc(Cl)c(F)c3)c(=O)c2)n1,0.76953226
C[C@@H](c1nc(-c2ccc(C#N)cc2)cs1)[C@](O)(Cn1cncn1)c1ccc(F)cc1F,0.00034856453
COc1ccc(OC)c([C@H]2c3c(-c4ccc5ccccc5c4)n[nH]c3OC(=N)C2C#N)c1,0.04920693
O=C(N[C@H](Cc1cc(=O)[nH]c2ccccc12)C(=O)O)c1ccc(Cl)cc1,0.00074923574
CNC(=O)c1cc(Oc2ccc(NC(=O)Nc3cc(C(C)(C)C)nn3-c3ccc4ncccc4c3)c(F)c2)ccn1,0.02331932
CCOc1ccccc1O[C@H](c1ccccc1)[C@H]1CNCCO1,0.0017985839
COc1cc2nc(N3CCN(C(=O)COc4c(OC)cccc4C(C)C)CC3)nc(N)c2cc1OC,0.032930832
COc1cc(F)c(F)c(Nc2ccc(I)cc2F)c1NS(=O)(=O)C1(C[C@H](O)CO)CC1,0.0005378382
CNC(=O)c1cnn(-c2nc(N)c3ncn([C@@H]4O[C@H](CO)[C@@H](O)[C@H]4O)c3n2)c1,0.028582634
CNC(=O)c1cc(Oc2ccc(NC(=O)Nc3ccc(Cl)c(C(F)(F)F)c3)c(F)c2)ccn1,0.016461164
COc1ccc(S(=O)(=O)N2c3ccc(Cl)cc3[C@](O)(c3ccccc3Cl)[C@@H]2C(=O)N2CCC[C@H]2C(N)=O)cc1OC,0.30679938
O=C(NC1CCNCC1)[C@@H]1CC[C@@H]2CN1C(=O)N2OS(=O)(=O)O,0.8986674
CONC(=O)Nc1ccc(-c2sc3c(c2CN(C)C)c(=O)n(-c2ccc(OC)nn2)c(=O)n3Cc2c(F)cccc2F)cc1,0.33841124
C[C@@](Cc1ccccc1)(NC(=O)CN)c1ccccc1,0.00042891747
COC(=O)c1ccc(OC(=O)CCCCCCC(=O)NO)cc1,0.06252704
COC(=O)CC[C@@H]1N=C(c2ccccn2)c2cc(Br)ccc2-n2c(C)cnc21,0.00012580426
N#Cc1ccc(-c2csc(NN=C3CCCC3)n2)cc1,0.0001993933
CCN1CCC[C@H]1CNC(=O)c1c(OC)ccc(Br)c1OC,4.9222133e-05
CCOc1cc(CC(=O)N[C@@H](CC(C)C)c2ccccc2N2CCCCC2)ccc1C(=O)O,0.010213759
CC(C)Cc1ccc([C@@H](C)C(=O)NS(C)(=O)=O)cc1,0.00033316598
C[C@H]1CNC(=O)c2cnn3ccc(nc23)N[C@H](C)c2cc(F)ccc2O1,0.013023105
Cc1cccc(-c2n[nH]cc2-c2ccc3ncccc3n2)n1,0.00094049476
CCOC(=O)C1=CCCC[C@H]1S(=O)(=O)Nc1ccc(F)cc1Cl,0.002886225
COC(=O)[C@H]1[C@H]2C[C@@H]3c4[nH]c5cc(OC)ccc5c4CCN3C[C@H]2C[C@@H](OC(=O)c2cc(OC)c(OC)c(OC)c2)[C@@H]1OC,6.8757195e-06
C[C@]12CC[C@H](O)C[C@H]1CC[C@@H]1[C@@H]2CC[C@]2(C)[C@@H](c3ccc(=O)oc3)C[C@H]3O[C@]132,0.020693682
CCOCc1nc2c(N)nc3ccccc3c2n1CC(C)(C)O,7.649331e-06
CC(C)c1cc(Oc2c(Cl)cc(-n3nc(C#N)c(=O)[nH]c3=O)cc2Cl)nnc1O,0.15574744
CN(C)Cc1ccc(S(=O)(=O)n2ccc(/C=C/C(=O)NO)c2)cc1,0.196211
Oc1cccc(O)c1,0.016283257
CC(=O)Oc1cccc(O)c1,0.0013521101
Oc1ccc(/C=C/c2cc(O)cc(O)c2)cc1,0.46449825
COC(=O)c1nc(C(F)(F)F)n2c1CN(C(=O)C[C@H](N)Cc1cc(F)c(F)cc1F)CC2,8.501758e-06
C=C[C@]1(C)C[C@@H](OC(=O)CS[C@@H]2C[C@H]3CC[C@@H](C2)N3C)[C@]2(C)[C@H](C)CC[C@]3(CCC(=O)[C@H]32)[C@@H](C)[C@@H]1O,0.8548883
C=CCNc1c(O)cc2c(O)c1C[C@@H](C)C[C@H](OC)[C@H](O)[C@@H](C)/C=C(\C)[C@H](OC(N)=O)[C@@H](OC)/C=C\C=C(/C)C(=O)N2,0.04873459
CC1=C(/C=C/C(C)=C/C=C/C(C)=C/C=O)C(C)(C)CCC1,0.01993236
CC1=C(/C=C/C(C)=C/C=C/C(C)=C/CO)C(C)(C)CCC1,0.008816416
CC(=O)OC/C=C(C)/C=C/C=C(C)/C=C/C1=C(C)CCCC1(C)C,0.013561485
CCCCCCCCCCCCCCCC(=O)OC/C=C(C)/C=C/C=C(C)/C=C/C1=C(C)CCCC1(C)C,0.12420275
CCCCC[C@@H](O)c1cccc(OCc2ccc3ccccc3n2)c1,0.0006524542
Cc1nc(Nc2ccc(F)cc2)nc(N2CCc3ccccc3[C@H]2C)c1C,0.22140844
CN(CCN1CCC(OC(=O)Nc2ccccc2-c2ccccc2)CC1)C(=O)c1ccc(CN2CCC(C(N)=O)CC2)cc1,0.028102307
O=C(NCCCN1CCOCC1)c1cnn2c(-c3ccccc3)cc(-c3ccccc3)nc12,0.0015077364
c1nc2nc(Nc3ccc(N4CCOCC4)cc3)nc(NC3CCCCC3)c2[nH]1,0.014125176
O=c1c(O[C@@H]2OC[C@@H](O)[C@H](O)[C@H]2O)c(-c2ccc(O)c(O)c2)oc2cc(O)cc(O)c12,0.00040924354
COCCN1CCN(Cc2ccc(-c3n[nH]c4c3C(=O)c3c(NC(=O)NN5CCOCC5)cccc3-4)cc2)CC1,6.317833e-05
Nc1cc(F)ccc1NC(=O)/C=C/c1cnn(C/C=C/c2ccccc2)c1,0.0014305292
C[C@H](CCOc1cccc(CC(=O)O)c1)N(Cc1cccc(C(F)(F)F)c1Cl)CC(c1ccccc1)c1ccccc1,0.016314281
O=C(O)[C@H](Cc1c[nH]c2ccccc12)N1C(=O)c2ccccc2C1=O,0.001842355
COc1cc2c(cc1F)C(c1ccccc1Cl)=NC1C(C)=NNC1=N2,0.00045907218
Cc1ccc(C(=O)NCCCCCC(=O)Nc2ccccc2N)cc1,3.4657845e-05
CC(C)(C(=O)NCC(F)(F)C(F)(F)F)C(=O)N[C@@H]1C(=O)Nc2ccccc2-c2ccccc21,0.003590969
CCOc1cc(C(C)(C)C)ccc1C1=N[C@@](C)(c2ccc(Cl)cc2)[C@@](C)(c2ccc(Cl)cc2)N1C(=O)N1CCN(CCCS(C)(=O)=O)CC1,0.42541414
CCc1nc(C)cn2nc(-c3cc(=O)n4cc(C5CCN(C)CC5)cc(C)c4n3)cc12,0.0001655162
COCCCOc1cc2c(cc1OC)-c1cc(=O)c(C(=O)O)cn1[C@H](C(C)C)C2,0.16754654
O=C(NCCCCCCNC(=O)ON=C1CCCCC1)ON=C1CCCCC1,3.21584e-05
O=C(O)c1cc(O)c2c(c1)C(=O)c1cccc(O)c1C2=O,0.00482582
COc1cc(O)c2c(c1)C(=O)c1cc(C)cc(O)c1C2=O,0.04144979
COC(=O)c1ccccc1-c1c2ccc(N)cc2[o+]c2cc(N)ccc12,6.802945e-05
O=C1C(Cl)=C(N2CCOCC2)C(=O)N1c1ccc(Cl)c(Cl)c1,0.00011821428
NC(=O)c1ncn([C@@H]2O[C@H](CO)[C@@H](O)[C@H]2O)n1,0.0026197883
OC[C@@H](O)[C@@H](O)[C@@H](O)CO,4.0845707e-06
CN(C)C(=O)c1cc2cnc(Nc3ccc(N4CCNCC4)cn3)nc2n1C1CCCC1,0.08310287
Cc1cc2nc3c(=O)[nH]c(=O)nc-3n(C[C@H](O)[C@H](O)[C@H](O)CO)c2cc1C,0.0012357109
CCCC(=O)OC[C@@H](OC(=O)CCC)[C@@H](OC(=O)CCC)[C@H](Cn1c2nc(=O)[nH]c(=O)c-2nc2cc(C)c(C)cc21)OC(=O)CCC,0.8508308
Cc1cc2nc3c(=O)[nH]c(=O)nc-3n(C[C@H](O)[C@H](O)[C@H](O)COP(=O)(O)O)c2cc1C,0.13381836
NC[C@H]1O[C@H](O[C@H]2[C@H](O[C@@H]3O[C@H](CO)[C@@H](O)[C@H]3O)[C@@H](O)[C@H](N)C[C@@H]2N)[C@H](N)[C@@H](O)[C@@H]1O,0.07733151
NC[C@H]1O[C@H](O[C@H]2[C@@H](O[C@@H]3O[C@H](CO)[C@@H](O)[C@H]3O)[C@@H](O)[C@H](N)C[C@@H]2N)[C@H](N)[C@@H](O)[C@@H]1O,0.13658158
CCCCCC[C@@H](O)C/C=C\CCCCCCCC(=O)O,0.00013480663
c1cc(-c2nc3ccc(-c4ccc5nc(-c6ccncc6)[nH]c5c4)cc3[nH]2)ccn1,0.029284718
CO[C@H]1/C=C/O[C@@]2(C)Oc3c(C)c(O)c4c(c3C2=O)C2=NC3(CCN(CC(C)C)CC3)NC2=C(NC(=O)/C(C)=C\C=C\[C@H](C)[C@H](O)[C@@H](C)[C@@H](O)[C@@H](C)[C@H](OC(C)=O)[C@@H]1C)C4=O,0.7515801
CO[C@H]1/C=C/O[C@@]2(C)Oc3c(C)c(O)c4c(O)c(c(/C=N/N5CCN(C)CC5)c(O)c4c3C2=O)NC(=O)/C(C)=C\C=C\[C@H](C)[C@H](O)[C@@H](C)[C@@H](O)[C@@H](C)[C@H](OC(C)=O)[C@@H]1C,0.9736138
CO[C@H]1/C=C/O[C@@]2(C)Oc3c(C)c(O)c4c(O)c(cc(O)c4c3C2=O)NC(=O)/C(C)=C\C=C\[C@H](C)[C@H](O)[C@@H](C)[C@@H](O)[C@@H](C)[C@H](OC(C)=O)[C@@H]1C,0.057059683
CO[C@H]1/C=C/O[C@@]2(C)Oc3c(C)c(O)c4c(O)c(c(/C=N/N5CCN(C6CCCC6)CC5)c(O)c4c3C2=O)NC(=O)/C(C)=C\C=C\[C@H](C)[C@H](O)[C@@H](C)[C@@H](O)[C@@H](C)[C@H](OC(C)=O)[C@@H]1C,0.89437556
CO[C@H]1/C=C/O[C@@]2(C)Oc3c(C)c(O)c4c(O)c(c5c(nc6cc(C)ccn65)c4c3C2=O)NC(=O)/C(C)=C\C=C\[C@H](C)[C@H](O)[C@@H](C)[C@@H](O)[C@@H](C)[C@H](OC(C)=O)[C@@H]1C,0.9524754
COc1cc(OC)c(/C=C/S(=O)(=O)Cc2ccc(OC)c(NCC(=O)O)c2)c(OC)c1,0.60900044
COCCN1CCC(N(Cc2ccc(-c3ccc(C(F)(F)F)cc3)cc2)C(=O)Cn2c(SCc3cccc(F)c3F)cc(=O)c3ccccc32)CC1,0.574505
C1COC(NC(C2CC2)C2CC2)=N1,0.025978427
Cc1cc(/C=C/C#N)cc(C)c1Nc1ccnc(Nc2ccc(C#N)cc2)n1,0.00025051952
Nc1nc2ccc(OC(F)(F)F)cc2s1,0.012003222
C[C@@H](N)C12CC3CC(CC(C3)C1)C2,0.0017063137
C[C@@H]1CN(CCCn2c3ccccc3c3ccccc32)C[C@H](C)N1,0.6591461
N[C@@H]1c2cccnc2[C@H](OC(=O)N2CCC(n3c(=O)[nH]c4ncccc43)CC2)CC[C@H]1c1cccc(F)c1F,0.8688358
Cc1cc(S(C)(=O)=O)c(S(C)(=O)=O)cc1C(=O)NC(=N)N,0.0056053484
CCC(=O)[C@@]1(C)[C@H](C)C[C@H]2[C@@H]3CCC4=CC(=O)C=C[C@]4(C)[C@H]3[C@@H](O)C[C@@]21C,0.012494211
Cc1c(C(=O)NN2CCCCC2)nn(-c2ccc(Cl)cc2Cl)c1-c1ccc(Cl)cc1,0.0007011874
COC(=O)N(C)c1c(N)nc(-c2nn(Cc3ccccc3F)c3ncccc23)nc1N,0.036396936
COC(=O)C1=C(C)NC(C)=C(C(=O)OC)C1c1ccccc1OC(F)F,5.1107858e-05
Oc1c(I)cc(I)c(O)c1I,2.79653e-07
C[C@H]1CNCCCN1S(=O)(=O)c1cccc2cncc(F)c12,0.000996098
CCn1nc(C)c2c1C(c1ccccc1)=NCC(=O)N2,0.0005767846
CCn1c(=O)c(-c2cc(NC(=O)Nc3ccccc3)c(F)cc2Br)cc2cnc(NC)cc21,0.17149095
Cc1cn2nc(-c3cc(=O)n4cc(N5CCNC6(CC6)C5)ccc4n3)cc(C)c2n1,0.13074861
O=P(O)(O)C(O)(Cc1cccnc1)P(=O)(O)O,0.0016609582
Cc1ccc(COC(=O)N2CC[C@H](CNc3ncccn3)[C@H](F)C2)cc1,0.005269043
Cc1nc2n(c(=O)c1CCN1CCC(c3noc4cc(F)ccc34)CC1)CCCC2,0.0038293938
OCc1ccc(-c2ccc(-c3ccc(CO)s3)o2)s1,0.0003701284
Cc1nc2sccn2c(=O)c1CCN1CCC(=C(c2ccc(F)cc2)c2ccc(F)cc2)CC1,0.83580965
C[C@@H](NCCc1ccc(O)cc1)[C@@H](O)c1ccc(O)cc1,0.040947307
CC(C)c1nc(CN(C)C(=O)N[C@H](C(=O)N[C@@H](Cc2ccccc2)C[C@H](O)[C@H](Cc2ccccc2)NC(=O)OCc2cncs2)C(C)C)cs1,0.000240773
CNCC/C=C/c1cccnc1,0.0042334828
O=C(NC[C@H]1CN(c2ccc(N3CCOCC3=O)cc2)C(=O)O1)c1ccc(Cl)s1,0.096164554
CCN(C)C(=O)Oc1cccc([C@H](C)N(C)C)c1,0.03783609
CN(C)CCc1c[nH]c2ccc(Cn3cncn3)cc12,0.0011673811
O=C(NCc1cccc(O)c1)Nc1nc(-c2ccncc2)cs1,0.01474658
O=c1c2ccccc2nc2n1CCCCC2,8.202454e-05
Cc1nc(N2CCC3(CC2)CO[C@@H](C)[C@H]3N)c(CO)nc1-c1cccc(Cl)c1Cl,0.0010069088
CN1CCN(C(=O)CN[C@@H]2C[C@H]2c2ccc(OCc3ccccc3)cc2)CC1,0.00059587375
CC(C)NCCN(C(C)C)S(=O)(=O)c1ccc(Cl)cc1Cl,0.0024181101
O=[N+]([O-])c1cc(Cl)ccc1S(=O)(=O)N1CCN(Cc2ccccc2)CC1,0.0016048991
COc1cc2c(cc1O)[C@H](CCc1ccc(Cl)cc1)N(C)CC2,0.00012713707
Cc1cc2nc3c(=O)[nH]c(=O)nc-3n(C)c2cc1C=O,0.0009119123
Cc1ncc(CN2CC=C(c3ccccc3)CC2)c(N)n1,7.915488e-05
O=[S@@](c1ccccc1)c1ccc2nnnn2n1,0.00047893755
CC(C)Oc1ccc(Cc2ccc(NC3=NCCN3)cc2)cc1,0.00075553125
CCOC(=O)c1ncn2c1CN(C)C(=O)c1cc(N=[N+]=[N-])ccc1-2,3.364524e-05
CN1Cc2c(C(=O)OC(C)(C)C)ncn2-c2ccsc2C1=O,0.0003533611
CCCCOc1cc(C[C@H]2CNC(=O)N2)ccc1OC,0.0052280924
C[C@@H](CN1CCC(Cc2ccccc2)CC1)[C@@H](O)c1ccc(O)cc1,0.0002339747
CS(=O)(=O)c1ccc([C@@H](CC2CCCC2)C(=O)Nc2nccs2)cc1,0.98309785
COc1cc(Cc2cnc(N)nc2N)c(C(C)C)cc1OC,0.47305298
O=C1N=C(NCc2cccs2)S/C1=C\c1ccc2ncccc2c1,0.042476963
CCCN(CCC)Cc1nc(-c2ncn3c2CN(C)C(=O)c2cc(F)ccc2-3)no1,4.8665197e-06
C=CCN(C)CCCCCCOc1ccc(C(=O)c2ccc(Br)cc2)c(F)c1,0.00754099
O=C(NOCCO)c1cc(CN2OCCCC2=O)c(F)c(F)c1Nc1ccc(I)cc1F,0.00014744498
CN(C)CCn1cc(C(=O)N2CCC3(CC2)OCc2ccccc23)c2ccc(Cl)cc21,0.15434897
CNS(=O)(=O)Nc1nccc(Cc2c(C)c3ccc(Oc4ncccn4)cc3oc2=O)c1F,0.0066883666
Cc1c(F)cccc1[C@H]1COC(N)=N1,0.7764991
C[C@H](N)Cn1ccc2cc(F)c(Cl)cc21,0.022287754
COc1ccc(S(=O)(=O)Nc2nc(-c3cccc([N+](=O)[O-])c3)cs2)cc1OC,0.13081816
Cc1ccc(S(=O)(=O)N2CCC[C@H]2c2ccc(F)cc2)cc1,0.02825451
Nc1ccc(-c2nc3ccc(-c4nc5ccc(N)cc5[nH]4)cc3[nH]2)cc1,0.0019052614
[N-]=[N+]=N[C@]1(CO)O[C@@H](n2ccc(N)nc2=O)[C@@H](O)[C@@H]1O,0.9986613
NC(=O)c1ccc(F)c2c1C[C@@H](N(C1CCC1)C1CCC1)CO2,4.9497503e-06
COCCNc1cc(NC(=O)N2CCCc3cc(CN4CCN(C)CC4=O)c(C=O)nc32)ncc1C#N,0.36421144
C=CC(=O)Nc1cccc(Nc2nc(Nc3ccc(N4CCN(C(C)=O)CC4)cc3OC)ncc2C(F)(F)F)c1,0.04157968
C=CC[N+]1([C@H]2C[C@H]3[C@@H]4CC[C@H]5C[C@H](O)[C@@H](N6CCOCC6)C[C@]5(C)[C@H]4CC[C@]3(C)[C@H]2OC(C)=O)CCCC1,4.2610254e-06
CS(=O)(=O)c1ccc(C2=C(c3ccccc3)C(=O)OC2)cc1,0.11525359
O=C(Nc1c(Cl)cncc1Cl)c1ccc(OC(F)F)c(OCC2CC2)c1,0.43304536
COCc1c(-c2cc3cc(C)cc(OC)c3s2)c2c(N)ncnn2c1CN1CCNC(=O)C1,3.52854e-07
C[C@@H](OC[C@@]1(c2ccccc2)CC[C@]2(CCC(=O)N2)CN1)c1cc(C(F)(F)F)cc(C(F)(F)F)c1,0.0012784438
CN(C)[C@@H]1C(=O)C(C(=O)NCN2CCCC2)=C(O)[C@@]2(O)C(O)=C3C(=O)c4c(O)cccc4[C@@](C)(O)[C@H]3C[C@@H]12,0.942358
O=C(CN1CCC(CN2Cc3ccccc3C2=O)CC1)c1ccc(F)cc1,0.18071702
O=C1CCC2CCC(=O)N12,0.0011846382
C/C=C1\NC(=O)[C@H]2CSSCC/C=C/[C@H](CC(=O)N[C@H](C(C)C)C(=O)N2)OC(=O)[C@H](C(C)C)NC1=O,3.0731957e-05
Cn1c([N+](=O)[O-])cnc1COC(N)=O,0.0050101844
CCCN(CCC)CCc1cccc2c1CC(=O)N2,0.00012191752
CCCN1CCCC[C@H]1C(=O)Nc1c(C)cccc1C,2.3373816e-05
CN(C(=O)c1c(O)c2ccccc2n(C)c1=O)c1ccccc1,0.008472511
CC[C@H]1OC(=O)C[C@@H](O)[C@H](C)[C@@H](O[C@@H]2O[C@H](C)C[C@H](N(C)C)[C@H]2O)[C@@H](CC=O)C[C@@H](C)C(=O)/C=C/[C@]2(C)O[C@H]2[C@@H]1C,0.00013179833
CC[C@H](CO)Nc1nc(NCc2ccccc2)c2ncn(C(C)C)c2n1,0.31957662
O=C(O)c1c(Cl)c(Cl)c(Cl)c(Cl)c1-c1c2cc(I)c(=O)c(I)c-2oc2c(I)c(O)c(I)cc12,0.00035886353
O=C1OC2(c3cc(I)c(O)c(I)c3Oc3c2cc(I)c(O)c3I)c2c(Cl)c(Cl)c(Cl)c(Cl)c21,0.00032255056
CN(CCOc1ccc(C[C@H]2SC(=O)NC2=O)cc1)c1ccccn1,4.904482e-06
C=C1CC[C@H]2[C@H](CN)[C@@H]([C@@]3(C)CC[C@H](O)C[C@@H]3CO)CC[C@]12C,0.004484125
O=C(/C=C/c1ccc(O)c(O)c1)O[C@H](Cc1ccc(O)c(O)c1)C(=O)O,0.5626097
CCn1cc(C(=O)O)c(=O)c2ccc(-c3ccncc3)cc21,0.95468587
C[C@]12CC[C@H](O)C[C@H]1CC[C@@H]1[C@@H]2CC[C@]2(C)[C@@](O)(c3ccoc3)CC[C@]12O,0.00010295563
CC(C)c1nc(N(C)S(C)(=O)=O)nc(-c2ccc(F)cc2)c1/C=C/[C@@H](O)C[C@@H](O)CC(=O)O,2.232285e-06
CCCN(CCc1cccs1)[C@H]1CCc2c(O)cccc2C1,0.00029678328
COc1cc2c(cc1OC)[C@@H]1Cc3ccc(OC)c(OC)c3CN1CC2,6.5060603e-06
CCOC(=O)Cn1nc(C(F)(F)F)cc1-c1ccc(-c2cccc(S(C)(=O)=O)c2)cc1,0.2658234
O=[N+]([O-])c1cc([As](=O)(O)O)ccc1O,0.6916695
CC(=O)OCC(=O)NCCCOc1cccc(CN2CCCCC2)c1,8.4691425e-07
CC[C@H]1OC(=O)[C@H](C)[C@@H](O[C@H]2C[C@@](C)(OC)[C@@H](O)[C@H](C)O2)[C@H](C)[C@@H](O[C@@H]2O[C@H](C)C[C@H](N(C)C)[C@H]2O)[C@](C)(O)C[C@@H](C)/C(=N\OCOCCOC)[C@H](C)[C@@H](O)[C@]1(C)O,7.131754e-05
CC(C)Oc1ccc(-c2nc(-c3cccc4c3CC[C@H]4NCCC(=O)O)no2)cc1C#N,2.6015245e-05
COc1ccccc1CC(=N)N1C[C@@H]2C(=O)CCC(c3ccccc3)(c3ccccc3)[C@@H]2C1,0.0016313284
O=C(O)c1ccc(S(=O)(=O)N(Cc2ccc(OC(F)(F)F)cc2)c2ncc(C(F)(F)F)cc2Cl)cc1,0.07395898
O=C(CBr)N1CC([N+](=O)[O-])([N+](=O)[O-])C1,7.400577e-05
C[C@@H](NC(=O)[C@@H]1CSCN1C(=O)c1ccccc1)c1ccccc1,0.0054131835
Cc1c[nH]c(=O)n(CCCN2CCN(c3ccccc3OCC(F)(F)F)CC2)c1=O,9.614541e-06
COc1cc(OC)c(C(=O)CCCCN2CCC3(CC2)NC(=O)NC3=O)cc1NS(=O)(=O)c1ccc(C(F)(F)F)cc1,0.022334067
O=C1Nc2ccccc2C2(CCN(CCc3ccc(C(F)(F)F)cc3)CC2)O1,0.38742325
CC(C)c1cc(-c2ccc(F)c3ccccc23)nc(N)n1,0.00046623655
CC(C)n1cnc2c(C(=O)N[C@H]3C[N@]4CC[C@@H]3CC4)cc(Cl)cc21,0.09875975
CC(C)(Cc1c[nH]c2ccc(Cl)cc12)NCCOc1ccccc1OCC1CC1,0.019499583
COc1cc(N)c(Cl)cc1C(=O)OCCCN1CCCCC1,0.0072957603
COc1cc(COc2cc(N)c(Cl)cc2C(=O)CCC2CCN(CCNS(C)(=O)=O)CC2)cc(OC)c1,0.00024089767
Clc1cccc2c1CN(C1=NCCN1)C2,0.004943494
Cc1ccc2c(c1)C1(CCN(CCc3nc(-c4ccccc4)oc3C)CC1)OC(=O)N2,0.0011135017
Cn1cc(C(=O)C(=O)N[C@H]2C[N@]3CC[C@@H]2CC3)c2ccccc21,0.018469118
CCCCN1CCC(CCC(=O)c2cc(Cl)c(N)cc2OC)CC1,0.00024458606
COc1cc(N)c(Cl)cc1C(=O)CCC1CCN(CCNS(C)(=O)=O)CC1,0.00016557382
CCS(=O)(=O)N1CCC[C@@H]2CN3CCc4cc(OC)ccc4[C@@H]3C[C@@H]21,0.00014388276
O=C(Nc1ccccc1F)N[C@H]1N=C(c2ccccc2)c2ccccc2NC1=O,0.015907593
CC1(C)CC[C@]2(NC(=O)C(C)(F)F)CC[C@]3(C)[C@H](C(=O)C=C4[C@@]5(C)C=C(C#N)C(=O)C(C)(C)[C@@H]5CC[C@]43C)[C@@H]2C1,1.1362893e-05
CC[C@@H](C)CNCC(=O)N1CCc2sccc2[C@@H]1COc1cccc(C)c1,5.587842e-05
COc1ccc2[nH]cc(C3=CCNCC3)c2c1,0.00018380665
CCC[C@@H]1CC2=CC(=O)CC[C@]2(C)[C@H]2CC[C@@]3(C)[C@@H](CC[C@@]3(O)CCC(=O)O)[C@H]12,2.6393182e-05
CC(C)N[C@@H]1CCn2c(=O)[nH]c3cccc(c32)[C@H]1O,0.00010793505
CC1(C)C(=O)N(c2ccc(C#N)c(C(F)(F)F)c2)C(=O)N1CCCCO,0.00023469234
CC[C@@]1(O)C(=O)OCc2c1cc1n(c2=O)Cc2cc3c([N+](=O)[O-])cccc3nc2-1,0.025378618
CN(C)C[C@@H]1CCn2cc(c3ccccc32)C2=C(C(=O)NC2=O)c2cn(c3ccccc23)CCO1,0.15716068
CNCc1ccc(-c2[nH]c3cc(F)cc4c3c2CCNC4=O)cc1,0.30047885
CCCCc1ccc(O)cc1O,0.0075051165
NC(=O)c1cn(Cc2c(F)cccc2F)nn1,0.5424973
CN1CCN(c2c(F)cc3c(=O)c(C(=O)O)cn4c3c2SCC4)CC1,0.9872695
Cc1cncc(CN2CCC(=C3c4ccc(Cl)cc4CCc4cccnc43)CC2)c1,8.071109e-05
O=c1c2ccccc2nc2n1CCc1c-2[nH]c2ccccc12,0.0012377906
C[C@@H]1O[C@@H](OC[C@H]2O[C@@H](Oc3c(-c4ccc(O)c(O)c4)oc4cc(O)cc(O)c4c3=O)[C@H](O)[C@@H](O)[C@@H]2O)[C@H](O)[C@H](O)[C@H]1O,0.0028703639
N#CC[C@H](C1CCCC1)n1cc(-c2ncnc3[nH]ccc23)cn1,0.0017835338
N#CC[C@@H](C1CCCC1)n1cc(-c2ncnc3[nH]ccc23)cn1,0.009310651
COCCN(CCOC)C(=O)CCCC#Cc1cccc2nc(Cn3nc(-c4cccc(O)c4)c4c(N)ncnc43)n(Cc3ccccc3Cl)c(=O)c12,0.01572087
C=CCn1c(=O)n([C@@H]2O[C@H](CO)[C@@H](O)[C@H]2O)c2[nH]c(N)nc(=O)c21,0.005659028
Cc1c(C(=O)NCCCO)cnn1-c1nc(-c2cccc(C(F)(F)F)c2)cs1,0.0023514603
OCCC#Cc1nc(-c2ccc(F)cc2)c(-c2ccncc2)n1CCCc1ccccc1,0.045038026
Nc1ccn([C@@H]2C(F)=C(CO)[C@@H](O)[C@H]2O)c(=O)n1,0.70099914
CO[C@@]1(C2=NCCN2)COc2ccccc2O1,8.395557e-06
Cc1ccc(NC2=CC(=O)c3sc(C)nc3C2=O)cc1,0.0044913855
Oc1cccc(Nc2ncc(F)c(Nc3cccc(O)c3)n2)c1,0.0015465432
O=C(NO)c1cnc(N2CCN(S(=O)(=O)c3ccc4ccccc4c3)CC2)nc1,0.050649047
COc1cc(Nc2ncc(F)c(Nc3ccc4c(n3)NC(=O)C(C)(C)O4)n2)cc(OC)c1OC,0.5867441
COc1ccc(F)c(F)c1C(=O)c1cnc(NC2CCN(S(C)(=O)=O)CC2)nc1N,0.61853296
CC(C)SC(=N)N,0.046314567
CSC[C@H](N)C(=O)O,0.022402419
N[C@@H](CCC(=O)N[C@@H](CS[N+][O-])C(=O)NCC(=O)O)C(=O)O,0.06503804
N[C@@H](CSS(=O)(=O)O)C(=O)O,0.9427434
N[C@H](CSC(c1ccccc1)(c1ccccc1)c1ccccc1)C(=O)O,0.004976786
Cc1oc2ccccc2c1CNC(=O)NCc1cccs1,0.4132272
CC(C)=CCC[C@](C)(O)[C@H]1CC[C@]2(C)[C@@H]1[C@H](O)C[C@@H]1[C@@]3(C)CC[C@H](O)C(C)(C)[C@@H]3CC[C@]12C,0.0010065516
COc1ccc2cccc(N3CCN(CCNC(=O)c4ccc(F)cc4)CC3)c2c1,0.00075536134
O=C([C@@H]1C[C@@H]2CCCC[C@@H]2N1C(=O)[C@@H]1C[C@H]1c1ccccc1)N1CCSC1,0.0020498042
Cc1ccc(C#Cc2ccc(S(=O)(=O)N[C@H](Cc3c[nH]c4ccccc34)C(=O)O)s2)cc1,0.0015364878
NC(=O)c1ccc(OCCCN2C[C@H]3CCC[C@H]3C2)cc1,0.029878717
CNC(=O)COC(=O)NCCC1CCN(c2cccc(C)n2)CC1,0.0004084428
O=C1NS(=O)(=O)c2ccccc21,0.00082248193
NC[C@@H](CS(=O)(=O)O)c1ccc(Cl)cc1,0.03322784
CCOC(=O)[C@H](C)C[C@@H](Cc1ccc(-c2ccccc2)cc1)NC(=O)CCC(=O)O,0.002644896
C[C@H](C[C@@H](Cc1ccc(-c2ccccc2)cc1)NC(=O)CCC(=O)O)C(=O)O,0.006906719
O=C1C(=C(O)/C=C/c2ccc(O)cc2)C(=O)[C@@](O)([C@H]2O[C@H](CO)[C@@H](O)[C@H](O)[C@H]2O)C(=O)/C1=C/[C@H]1C(=O)C(=C(O)/C=C/c2ccc(O)cc2)C(=O)[C@](O)([C@H]2O[C@H](CO)[C@@H](O)[C@H](O)[C@H]2O)C1=O,0.019819919
C[C@H](NCc1ccc(OCc2cccc(F)c2)cc1)C(N)=O,0.110024646
CCCCCCCCCCCCCCC[C@@H](O)[C@@H](N)CO,0.0061640153
CC1=C(C=O)C(C)(C)CC=C1,0.0037592708
CN[C@H]1CC[C@H](N(Cc2cccc(-c3ccncc3)c2)C(=O)c2sc3ccccc3c2Cl)CC1,0.010308807
COc1ccc(NS(=O)(=O)c2ccc(N=Nc3ccc(O)c(C(=O)O)c3)cc2)nn1,0.041530237
OCc1ccccc1O[C@@H]1O[C@H](CO)[C@@H](O)[C@H](O)[C@H]1O,0.00019957188
OCc1ccccc1O,0.0010504049
NC(=O)c1ccccc1O,0.01751223
O=C(Nc1ccccc1)c1ccccc1O,0.00278095
O=C(O)c1ccccc1O,0.0068118204
OC[C@H]1O[C@@H](OCCc2ccc(O)cc2)[C@H](O)[C@@H](O)[C@@H]1O,0.0008751804
CC[C@@H](C(=O)[C@@H](C)[C@@H](O)[C@H](C)[C@@H]1O[C@@H]([C@@H](CC)C(=O)O)CC[C@@H]1C)[C@H]1O[C@]2(C=C[C@@H](O)[C@]3(CC[C@@](C)([C@H]4CC[C@](O)(CC)[C@H](C)O4)O3)O2)[C@H](C)C[C@@H]1C,0.06680897
CC(C)=CCC/C(C)=C/CC/C(C)=C/CSc1ccccc1C(=O)O,0.028544415
OCc1cc([C@@H](O)CNCCCCCCOCCCCc2ccccc2)ccc1O,0.002027229
C[C@@]1(C(=O)O)NCCc2cc(O)c(O)cc21,0.55338156
O=C(/C=C/c1ccccc1)N[C@@H](NC(=S)Nc1cccc2cccnc12)C(Cl)(Cl)Cl,0.5049679
O=C(/C=C/c1ccc(O)c(O)c1/C=C/c1ccc(O)c(O)c1)O[C@H](Cc1ccc(O)c(O)c1)C(=O)O,0.7117989
O=C(/C=C/c1ccc(O)c2c1[C@@H](C(=O)O[C@H](Cc1ccc(O)c(O)c1)C(=O)O)[C@H](c1ccc(O)c(O)c1)O2)O[C@H](Cc1ccc(O)c(O)c1)C(=O)O,0.3412666
COC(=O)[C@@H]1C[C@H](OC(C)=O)C(=O)[C@H]2[C@@]1(C)CC[C@H]1C(=O)O[C@H](c3ccoc3)C[C@]21C,1.8672587e-08
O=C(/C=C/c1ccccc1)N[C@@H](NC(=S)Nc1ccc(Cl)cc1)C(Cl)(Cl)Cl,0.08797392
O=S(=O)(c1cccc2ccccc12)c1n[nH]c2ccc(N3CCNCC3)cc12,0.0043720338
CCCCCCN1CCC(C(=O)N(C)CC)(c2ccccc2)CC1,0.020576948
COCCNC(=O)Cn1cnc([N+](=O)[O-])n1,0.00010954086
CN(C)[C@@H]1C(=O)[C@@H](C(N)=O)C(=O)[C@@]2(O)C(=O)[C@H]3C(=O)c4c(O)cccc4C[C@H]3C[C@@H]12,0.31815895
NC(=O)c1cn([C@@H]2O[C@H](CO)[C@@H](O)[C@H]2O)c2ncnc(N)c12,0.062418256
C[n+]1cc2c3c(ccc2c2ccc4cc5c(cc4c21)OCO5)OCO3,0.001407286
Cc1nn(-c2ccccc2)c(C)c1/C=N/N1CCN(Cc2ccccc2)CC1,3.083529e-07
CCOc1cc(C(=O)Nc2ccc(Cl)c(-c3nc4ccccc4[nH]3)c2)cc(OCC)c1OCC,0.73316956
CCCCCCCCCCCCCCCC(=O)Nc1ccn([C@@H]2O[C@H](CO)[C@@H](O)[C@@H]2C#N)c(=O)n1,0.1416495
C[C@H](O)[C@H](O)[C@H]1CNc2[nH]c(N)nc(=O)c2N1,0.05956789
CC(C)(C)NC(=O)[C@@H]1C[C@@H]2CCCC[C@@H]2CN1C[C@@H](O)[C@H](Cc1ccccc1)NC(=O)[C@H](CC(N)=O)NC(=O)c1ccc2ccccc2n1,7.428074e-05
COc1cc(Nc2nc3ccccc3nc2NS(=O)(=O)c2ccc(NC(=O)c3ccc(C)c(OC)c3)cc2)cc(OC)c1,0.006245185
CN1CCN(CCOc2cc(OC3CCOCC3)c3c(Nc4c(Cl)ccc5c4OCO5)ncnc3c2)CC1,0.00060765387
O=C(O)c1cn(-c2ccc(F)cc2)c2cc(N3CCNCC3)c(F)cc2c1=O,0.9997248
CNCC(=O)O,0.0026475515
N=C(N)N/N=C1\CCc2c(C(=N)N)cccc21,0.0030822633
CCc1noc(C)c1-c1[nH]c2ccccc2c1[C@@H](O)CN(C)C,0.93999213
CCO[C@@H](Cc1ccc(OCCn2c(C)ccc2-c2ccc(SC)cc2)cc1)C(=O)O,0.03943199
COc1cccc(CCc2ccccc2OC[C@@H](CN(C)C)OC(=O)CCC(=O)O)c1,0.0003423138
CCn1c(N)c(C(=O)NC)c(=O)c2ccc(C#C[C@@](C)(O)COC)nc21,0.0046270886
C[C@@H]1COCCN1c1cc(=O)n2c(n1)N(Cc1cncc(Cl)c1)[C@H](C(F)(F)F)CC2,5.735163e-06
CC(C)(C)C[C@@H]1N[C@@H](C(=O)N[C@H]2CC[C@H](O)CC2)[C@H](c2cccc(Cl)c2F)[C@]12C(=O)Nc1cc(Cl)ccc12,0.00970425
O=c1[nH]ccc2cc(OC3CCNCC3)ccc12,0.15897775
O=C(Oc1ccccc1C(=O)O)c1ccccc1O,0.014482017
CC(=O)[O][Pt]([NH2])([Cl])([Cl])([NH]C1CCCCC1)[O]C(C)=O,1.3517014e-07
C[C@@H](c1ccc2nccn2c1)n1nnc2ncc(-c3cnn(C)c3)nc21,0.9229338
N#C[C@@H]1C[C@@H]2C[C@@H]2N1C(=O)[C@@H](N)[C@@]12C[C@@H]3C[C@@H](C[C@@](O)(C3)C1)C2,0.9419357
Cn1ccc2cc(NC(=O)Nc3cccnc3)ccc21,0.004974189
Oc1ccc(-c2nc(-c3ccncc3)c(-c3ccc(F)cc3)[nH]2)cc1,0.14517786
O=C(OCCN1CCCCC1)c1c[nH]c2ccccc12,0.5400732
C[S@@](=O)c1ccc(-c2nc(-c3ccncc3)c(-c3ccc(F)cc3)[nH]2)cc1,0.15113908
CC#CCOC(=O)c1c(C)nc2sc3c(c2c1N)CC[C@H](O)C3,0.9999459
Cn1ccc2cc3c(cc21)CCN3C(=O)Nc1cccnc1,0.72591925
COc1ccc(NC(=O)c2ccc(-c3ccc(-c4noc(C)n4)cc3C)cc2)cc1OCCN(C)C,0.00046591533
Cn1cc(C2=C(c3ccc(Cl)cc3Cl)C(=O)NC2=O)c2ccccc21,0.99322104
O=C1NC(=O)c2c1c1c3ccccc3n3c1c1c2c2ccccc2n1[C@H]1CC[C@H]3O1,0.3981417
COC(=O)[C@H](NC(=O)c1cc(-c2ccccc2)nc2ccccc12)c1ccccc1,0.0581627
CSc1cc2c(cc1C(F)(F)F)N(C(=O)Nc1cccnc1)CC2,0.026018245
CC[C@H](NC(=O)c1c(C)c(-c2ccccc2)nc2ccccc12)c1ccccc1,0.0036384542
O=C(Nc1ccc([N+](=O)[O-])cc1O)Nc1ccccc1Br,0.0033965928
COc1cc2c(cc1C(F)(F)F)N(C(=O)Nc1cc(F)cc(-c3cccnc3)c1)CC2,0.04092942
Cc1nc2c(-c3cnc(N)nc3)nc(N3CCOCC3)nc2n1C(C)C,0.06491778
COc1nccc(-c2c(-c3ccc(F)cc3)ncn2[C@H]2CC[C@H](O)CC2)n1,4.7927184e-05
COc1nccc(-c2c(-c3ccc(F)cc3)ncn2C2CCNCC2)n1,0.00013812166
Cc1cc2c(cc1C(F)(F)F)N(C(=O)Nc1ccc(Oc3cccnc3C)nc1)CC2,0.423696
COc1ccc(NS(=O)(=O)c2ccc(I)cc2)cc1N1CCN(C)CC1,0.0010478008
Cc1ccccc1N(C)C(=O)c1ccc([S@@](=O)c2nccs2)c([N+](=O)[O-])c1,0.23310792
CC1CCN(CC[C@H]2CCCN2S(=O)(=O)c2cccc(O)c2)CC1,0.0020348828
COc1ccc(NS(=O)(=O)c2sc3ccc(Cl)cc3c2C)cc1N1CCNCC1,0.0007166574
CCOC(=O)[C@H](Cc1ccc([N+](=O)[O-])cc1)NC(=O)c1ccccc1,6.0664126e-05
COC(=O)[C@H](Cc1ccc([N+](=O)[O-])cc1)NC(=O)c1cccc2ccccc12,6.505942e-06
Cc1nc2ccc(NC(=O)Nc3ccnc4cccnc34)cc2o1,0.0003132456
COc1cccc(NC(=O)/C=C/c2ccc(Cl)cc2)c1,0.000115807416
COc1ccc(S(=O)(=O)Nc2cc(Cl)cc(Cl)c2OC)cc1N1CCNCC1,0.13397937
Cc1cc(NC(=O)Nc2ccc(N(C)C)cc2)c2cc(F)cc(F)c2n1,0.46130458
O=C1NC(=O)C(c2ccccc2[N+](=O)[O-])=C1Nc1ccc(O)c(Cl)c1,0.69828343
NC(=O)c1ccc(-c2nc(-c3ccccn3)c(-c3ccc4c(c3)OCO4)[nH]2)cc1,0.035462942
CCN(CCNC(=O)Nc1ccccc1Br)c1cccc(C)c1,3.663423e-05
Cc1cccc(-c2nc(C(C)(C)C)[nH]c2-c2ccc3c(c2)OCO3)n1,0.00010826005
Cc1cccc(-c2nc(C(C)(C)C)[nH]c2-c2ccc3nccnc3c2)n1,0.0006009973
CN(C)CCOc1ccc(-c2nc(-c3ccncc3)c(-c3ccc4c(c3)CC/C4=N\O)[nH]2)cc1,0.21448334
Cc1cccc2c1CC[C@H](CN1CCC(c3c(Cl)cccc3Cl)CC1)C[C@@H]2O,0.023290904
Cc1nc(C(=O)N2CCCC[C@H]2CNC(=O)c2cccc3occc23)c(-c2ccc(F)cc2)s1,0.0037735344
COc1cc(Br)c(S(=O)(=O)Nc2ccc(Cl)c(O[C@@H]3CCN(C)C3)c2)cc1OC,0.0024268862
COc1cccc(OC)c1-c1ccc(C[C@H](NC(=O)c2c(Cl)cccc2Cl)C(=O)O)cc1,0.01628907
O=C(Nc1ccccc1Br)N[C@@H]1CCN(c2ccc(C(F)(F)F)cn2)C1,8.422648e-05
COc1cc(Br)c(S(=O)(=O)Nc2ccc(C(F)(F)F)c(O[C@@H]3CCN(C)C3)c2)cc1OC,0.0022643253
O=S(=O)(c1ccccc1)c1cnc2c(N3CCNCC3)cccc2c1,0.0004886176
Cc1ccc(C(=O)N(CCCN)[C@@H](c2oc3cc(Cl)ccc3c(=O)c2Cc2ccccc2)C(C)C)cc1,0.020864982
CCn1c(-c2nonc2N)nc2cncc(CNC3CCNCC3)c21,0.041712243
COc1ccc(S(=O)(=O)N2CCCN(S(=O)(=O)c3ccc(OC)c(OC)c3)CC2)cc1OC,8.162978e-05
CCn1c(-c2nonc2N)nc2cncc(C(=O)N3CC[C@H](N)C3)c21,0.44444162
CCCCc1nc2cc(/C=C/C(=O)NO)ccc2n1CCN(CC)CC,0.00021243315
COc1ccc(CCNCc2ccc(OCc3ccc(Cl)nc3)c(OC)c2)cc1OC,0.0017258485
O=C(CCCCCCC(=O)NO)NO,0.01668493
CCS(=O)(=O)c1ncc(Cl)c(C(=O)Oc2cccc(C)c2)n1,0.010664594
CCCCCCCNS(=O)(=O)c1cccc2c(Cl)cccc12,0.014857213
COc1cccc(-c2ccc(NC(=O)C3=C(C(=O)O)CCC3)c(F)c2)c1,0.0934186
O=C(NNc1nc2cc(F)ccc2n2cccc12)c1cnccn1,0.19194503
CC(=O)NNC(=O)N1Cc2ccccc2Oc2ccc(Cl)cc21,0.006515057
NS(=O)(=O)c1ccc(-n2nc(C(F)(F)F)cc2-c2ccc(Cl)cc2)cc1,0.025837637
O=C(CCc1ccncc1)NNC(=O)N1Cc2ccccc2Oc2ccc(Cl)cc21,0.2607276
COc1ccc(-n2nc(C(F)(F)F)cc2-c2ccc(Cl)cc2)cc1,0.0007670957
O=S(=O)(NCCCCCCc1ccccc1)c1cccc2c(Cl)cccc12,0.0057689482
C=C1C(=O)O[C@@H]2/C=C(/C)C[C@H]3C=C(C[C@H](OC(=O)/C(C)=C\C)[C@@H]12)C(=O)O3,0.0010899828
CN=c1nc(-c2ccccc2)n(-c2ccccc2)s1,0.0015042237
Cc1ccccc1C(c1ccccc1C)N1[C@@H]2CC[C@H]1C[C@](O)(c1ccccc1)C2,0.00041630713
CN1CCc2cc(Cl)c(O)cc2[C@@H](c2ccccc2)C1,1.4835963e-05
Cc1nc2c(OCc3ccccc3)cccn2c1CC#N,0.08295436
COc1ccc2nc3n[nH]c(C)c3c(NCCOCCO)c2c1,0.0001136747
Nc1nc2c(cnn2CCc2ccccc2)c2nc(-c3ccco3)nn12,2.2727923e-05
Cn1cc(-c2cnn3c(N)c(Br)c([C@@H]4CCCNC4)nc23)cn1,0.0016699178
COc1cc2c(c(OC)c1OC)-c1c(cc3c(c1OC)OCO3)C[C@@H](C)[C@@H](C)C2,0.0007276033
COc1cc2c(c(OC)c1OC)-c1c(cc3c(c1OC)OCO3)C[C@H](C)[C@@](C)(O)C2,0.00318426
C=CC(C)(O)CC[C@@H]1[C@@]2(C)CCCC(C)(C)[C@@H]2CC[C@@]1(C)O,2.9894514e-05
CC1(C)CCC[C@]2(C)[C@H]3CC(=O)O[C@]3(C)CC[C@@H]12,5.524413e-06
N[C@@H](CSCC(=O)O)C(=O)O,0.97040796
CN1[C@@H]2C[C@@H](O)C[C@H]1[C@@H]1O[C@@H]12,1.0940012e-05
CN1[C@@H]2C[C@@H](OC(=O)[C@H](CO)c3ccccc3)C[C@H]1[C@@H]1O[C@@H]12,8.100525e-05
O=C(CN1C(=O)c2ccccc2S1(=O)=O)Nc1ccc(O)cc1,0.007942753
O=C(CCCCCN1C(=O)c2cccc3cccc(c23)C1=O)NO,0.07039527
O=C(N/N=C/c1ccccc1O)c1ccccc1O,0.0019484181
O=C(CO)N1CCC(c2[nH]nc(-c3ccc(Cl)cc3)c2-c2ccncn2)CC1,2.0921639e-06
NC(=O)c1ccc2[nH]ccc2c1,0.018144296
Fc1ccc(Cl)cc1-c1nc(Nc2ccncc2)c2nccnc2n1,0.0034993638
COCCN1CCC(C(=O)NO)(S(=O)(=O)c2ccc(Oc3ccc(OC(F)(F)F)cc3)cc2)CC1,0.024016414
CN(Cc1ccccc1)C(=O)[C@H](Cc1ccc2ccccc2c1)NC(=O)[C@@H]1CCCN1C(=O)Nc1ccccc1[N+](=O)[O-],0.0015355846
CN1CC[C@@H]2CN3CCc4cccc(c43)[C@@H]2C1,0.015062212
CO[C@@H]1[C@H](O)[C@@H](CO)O[C@H]1n1cnc2c(NC3CCCCC3)ncnc21,0.0009898985
CCN(CC)CCOC(=O)c1cc(Cl)c(N)cc1OC,1.723172e-05
CC(C)OC(=O)c1cc2c(OC[C@@H](O)CNC(C)(C)C)cccc2[nH]1,0.026151448
N[C@@H](Cc1cc(-c2ccc(Cl)cc2Cl)cc(CP(=O)(O)O)c1O)C(=O)O,0.979963
N[C@@H](Cc1cc(CP(=O)(O)O)cc(-c2ccccc2Cl)c1)C(=O)O,0.99119157
C[Se]C[C@H](N)C(=O)O,0.01675459
C=C1CC[C@H](O)C/C1=C/C=C1\CCC[C@]2(C)[C@@H]([C@H](C)CC[C@@H](O)C(C)(C)O)CC[C@@H]12,0.00034147827
O=C1c2cc(Cl)ccc2O[C@H]2CCON12,0.0019065638
C/C(=N\NC(=O)c1cccc(S(=O)(=O)N2CCN(C)CC2)c1)c1cc(Cl)ccc1O,0.007558733
Cc1ncc([N+](=O)[O-])n1C[C@@H](C)O,0.025456795
COc1cc(C[C@@H](CO)[C@H](CO)Cc2ccc(O)c(OC)c2)ccc1O,1.1124367e-05
COc1cc(C[C@@H](CO[C@@H]2O[C@H](CO)[C@@H](O)[C@H](O)[C@H]2O)[C@H](CO[C@@H]2O[C@H](CO)[C@@H](O)[C@H](O)[C@H]2O)Cc2ccc(O)c(OC)c2)ccc1O,0.00011884179
O=C1C=C2C=C[C@@H]3C[C@@]2(O1)[C@H]1CCCCN31,0.0021378726
C=C1C[C@H]2[C@@H]3CCC4=CC(=O)CC[C@@H]4[C@H]3CC[C@]2(C)[C@@]1(OC(C)=O)C(C)=O,9.677211e-07
CCO[C@H](COc1ccc(C(F)(F)F)cc1)CSc1ccc(OCC(=O)O)c(C)c1,0.029847035
CO[C@H]1C[C@H](O[C@@H]2/C(C)=C/C[C@@H]3C[C@@H](C[C@]4(CC[C@H](C)[C@@H](C5CCCCC5)O4)O3)OC(=O)[C@@H]3C=C(C)/C(=N/O)[C@H]4OC/C(=C\C=C\[C@@H]2C)[C@]43O)O[C@@H](C)[C@@H]1O,0.7159081
C#CCN(C)[C@H](C)Cc1ccccc1,0.0005608783
C[Se]CC[C@H](N)C(=O)O,0.015968388
[O-][n+]1cccc(-c2nc3c(Cl)cccc3cc2[C@@H](Nc2ncnc3cccnc23)C(F)(F)F)c1,0.75079864
CC(C)N(CCCCOCC(=O)NS(C)(=O)=O)c1cnc(-c2ccccc2)c(-c2ccccc2)n1,1.4275441e-05
O=C(O)[C@H]1C[C@@H](CP(=O)(O)O)CCN1,0.72786003
O=C(/C=C\n1cnc(-c2cc(C(F)(F)F)cc(C(F)(F)F)c2)n1)NNc1cnccn1,0.68798655
C[C@@H]1CCc2ncc(F)cc2[C@H]2CCCN2c2ccn3ncc(c3n2)C(=O)N1,0.00035488824
Cc1cc(F)c(C(=O)Nc2cccc(-c3nncn3C(C)C)n2)cc1-n1cnc(C2CC2)c1,0.093112886
Cn1cnc2c(F)c(Nc3ccc(Br)cc3Cl)c(C(=O)NOCCO)cc21,4.0329993e-05
CC(C)[C@H](O)C(=O)N[C@@H](C)C(=O)N[C@@H]1C(=O)N(C)CCc2ccccc21,0.022990925
CC(=NNC(=N)N)c1cc(NC(=O)CCCCCCCCC(=O)Nc2cc(C(C)=NNC(=N)N)cc(C(C)=NNC(=N)N)c2)cc(C(C)=NNC(=N)N)c1,0.90233123
Cc1cc(C)c(/C=C2\C(=O)Nc3ccccc32)[nH]1,0.0013772249
CC1CCC(NC(=O)N(CCCl)[NH2+][O-])CC1,6.8928484e-06
CN(C)c1cccc(Oc2cnc(Nc3cccc(O)c3)nc2)c1,0.0025884581
NC(=O)C(c1ccccc1)(c1ccc(F)cc1)c1ccc(F)cc1,2.5119127e-06
O=C(O)c1cc(O)c2c(O)c3c(O[C@H]4O[C@H](CO)[C@@H](O)[C@H](O)[C@H]4O)cccc3c(-c3c4cc(C(=O)O)cc(O)c4c(O)c4c(O[C@H]5O[C@H](CO)[C@@H](O)[C@H](O)[C@H]5O)cccc34)c2c1,0.0016279558
O=C(O)c1cc(O)c2c(O)c3c(O[C@@H]4O[C@H](CO)[C@@H](O)[C@H](O)[C@@H]4O)cccc3c(-c3c4cc(C(=O)O)cc(O)c4c(O)c4c(O[C@H]5O[C@@H](CO)[C@@H](O)[C@@H](O)[C@@H]5O)cccc34)c2c1,0.0041908636
C=C1/C(=C\C=C2/CCC[C@]3(C)[C@@H]([C@H](C)/C=C/C=C/C(O)(CC)CC)CC[C@@H]23)C[C@@H](O)C[C@@H]1O,0.008253148
O=C(O)c1cc2occc2[nH]1,0.20847254
CC1=C(C)C(=O)C([C@@H](CCCCCC(=O)O)c2ccccc2)=C(C)C1=O,0.21196988
c1ccc2c(CCNc3ccc(Nc4ccncc4)cc3)c[nH]c2c1,0.024995446
NCCc1c[nH]c2ccc(O)cc12,0.24996734
Clc1ccc([C@@H](Cn2ccnc2)OCc2csc3c(Cl)cccc23)c(Cl)c1,0.0014231679
O=C1NCCN1CCN1CCC(c2cn(-c3ccc(F)cc3)c3ccc(Cl)cc23)CC1,0.08112129
CN[C@H]1CC[C@@H](c2ccc(Cl)c(Cl)c2)c2ccccc21,0.040989727
c1cc2c(cc1[C@H]1OC[C@H]3[C@@H]1CO[C@@H]3c1ccc3c(c1)OCO3)OCO2,1.2781251e-06
O=C(O)Cn1c2c(c3cc(F)ccc31)CN(C(=O)c1cccc3ccccc13)CC2,0.01422316
CN1CCC2=C(C1)c1ccccc1Cc1ccccc12,0.00027703025
CC(=O)N[C@@H](CCCNC(=N)N)C(=O)N[C@H]1CSSC[C@@H](C(N)=O)NC(=O)[C@H](Cc2c[nH]c3ccccc23)NC(=O)[C@H](CCCNC(=N)N)NC(=O)[C@@H](Cc2ccccc2)NC(=O)[C@H](Cc2cnc[nH]2)NC(=O)[C@@H](C)NC1=O,0.02139177
FCOC(C(F)(F)F)C(F)(F)F,3.1413329e-06
FC(F)(F)c1cccc(-c2noc(-c3cc(-c4ccccc4)c(C(F)(F)F)s3)n2)c1,6.1597595e-05
CCOc1ccc(NC(=S)N2CCC(C(O)(c3ccccc3)c3ccccc3)CC2)cc1,0.9948742
COc1ccc(CCc2nc3cc(-c4c(C)noc4C)ccc3n2C[C@H](C)N2CCOCC2)cc1Cl,6.4009444e-05
CC(C)N(CCCNC(=O)Nc1ccc(C(C)(C)C)cc1)C[C@H]1O[C@@H](n2cc(Br)c3c(N)ncnc32)[C@H](O)[C@@H]1O,0.4457346
O=C(NCC(=O)N1CCCC1)Nc1ccc2cnccc2c1,0.00052967254
Cc1cc(Nc2ccc(NC(=O)c3ccc(Nc4ccnc5ccccc45)cc3)cc2)nc(N)n1,0.11773009
CN1CCC(CNc2ccc3ncc(-c4cccc(OC(F)(F)F)c4)n3n2)CC1,0.26693532
CCCCP(=O)(O)CCCN,0.00032322961
Cn1cc(-c2ccc3nnc(Sc4ccc5ncccc5c4)n3n2)cn1,0.0006112905
O=C(NCc1ccc(F)cc1)N1CCN2C(=O)OC(c3ccccc3)(c3ccccc3)[C@@H]2C1,0.06491162
O=C(O)C1=C[C@@H](O)[C@H](O)[C@H](O)C1,0.013034021
CC1(N)CCN(c2cnc(-c3cccc(Cl)c3Cl)c(N)n2)CC1,0.22062187
CN1CCC[C@@H]1CCSc1ccc(O)cc1,0.00052786875
C=C1C=CC(=O)C(=NNc2ccccc2)N1,8.9395944e-05
Cc1cccc(/C=C/c2ccccc2)n1,0.001034136
CCOC(=O)[C@@H](C)Oc1cccc2c(=O)n(CC(=O)Nc3ccc4c(c3)OCCO4)ccc12,0.11016705
CN/C(=N\c1ccc(C2=NNC(=O)C[C@@H]2C)cc1)NC#N,4.4019525e-05
CCCc1nn(C)c2c(=O)[nH]c(-c3cc(S(=O)(=O)N4CCN(C)CC4)ccc3OCC)nc12,0.0025870304
COc1cc([C@H]2Oc3cc([C@H]4Oc5cc(O)cc(O)c5C(=O)[C@@H]4O)ccc3O[C@@H]2CO)ccc1O,0.10363823
C[C@H](Cc1cc2c(c(C(N)=O)c1)N(CCCO)CC2)NCCOc1ccccc1OCC(F)(F)F,0.0004257859
Nc1ccc(S(=O)(=O)[N]([Ag])c2ncccn2)cc1,0.00060052064
COc1cc([C@H]2Oc3ccc([C@H]4Oc5cc(O)cc(O)c5C(=O)[C@@H]4O)cc3O[C@@H]2CO)ccc1O,0.18382467
COc1ccc2c(O[C@@H]3C[C@H]4C(=O)N[C@]5(C(=O)NS(=O)(=O)C6CC6)C[C@H]5/C=C\CCCCN(C)C(=O)[C@@H]4C3)cc(-c3nc(C(C)C)cs3)nc2c1C,0.0002152743
Cc1n[nH]cc1-c1cc2[nH]c([C@H]3CC4CCN3CC4)nc(=O)c2s1,8.09681e-05
CCC(C)(C)C(=O)O[C@H]1C[C@@H](C)C=C2C=C[C@H](C)[C@H](CC[C@@H]3C[C@@H](O)CC(=O)O3)[C@H]21,0.019675195
CSCC[C@H](NC(=O)[C@H](Cc1ccc(OS(=O)(=O)O)cc1)NC(=O)[C@@H](N)CC(=O)O)C(=O)NCC(=O)N[C@@H](Cc1c[nH]c2ccccc12)C(=O)N[C@@H](CCSC)C(=O)N[C@@H](CC(=O)O)C(=O)N[C@@H](Cc1ccccc1)C(N)=O,0.14224936
Nc1ncnc2c1ncn2[C@@H]1O[C@H](C[C@@H](N)CC[C@H](N)C(=O)O)[C@@H](O)[C@H]1O,0.02621418
COC1=C[C@@H]2[C@@H]3Cc4ccc(OC)c(O)c4[C@]2(CCN3C)CC1=O,0.00046297876
CN1CCN(c2ncc(-c3cc(Cl)cc(Cl)c3Cl)c(N)n2)CC1,0.6558704
CCc1cc(/C(C)=N/OCc2ccc(C3CCCCC3)c(C(F)(F)F)c2)ccc1CN1CC(C(=O)O)C1,0.06201539
Fc1ccc(-n2cc(CCCCN3CCC4(CC3)OCc3ccccc34)c3ccccc32)cc1,0.10226273
COc1ncc(-c2nc3c(n2C(C)C)[C@H](c2ccc(Cl)cc2)N(c2cc(Cl)cn(C)c2=O)C3=O)c(OC)n1,0.845339
CO[C@H]1C[C@@H]2CC[C@@H](C)[C@@](O)(O2)C(=O)C(=O)N2CCCC[C@H]2C(=O)O[C@H]([C@H](C)C[C@@H]2CC[C@@H](O)[C@H](OC)C2)CC(=O)[C@H](C)/C=C(\C)[C@@H](O)[C@@H](OC)C(=O)[C@H](C)C[C@H](C)/C=C/C=C/C=C/1C,0.38420314
Cc1cc(C)nc(SCC(=O)Nc2ncc(Cc3cccc4ccccc34)s2)n1,0.058637332
C[C@@H](NC(=O)c1ccccc1/N=C/c1c(O)ccc2ccccc12)c1ccccc1,0.04026905
CN[C@@H]1[C@@H](O)[C@@H](O[C@@H]2[C@@H](O)[C@H](O[C@H]3OC(CN)=CC[C@H]3N)[C@@H](N)C[C@H]2N)OC[C@]1(C)O,0.9575082
COc1cc2c(cc1OC)CN(C(=O)/C=C/c1c(-c3ccccc3)n(C)c3ncccc13)CC2,0.19574179
N[C@@H]1CN(c2c(F)cc3c(=O)c(C(=O)O)cn([C@@H]4C[C@@H]4F)c3c2Cl)CC12CC2,0.9999479
N[C@@H](CC(=O)N1CCn2c(nnc2C(F)(F)F)C1)Cc1cc(F)c(F)cc1F,3.539427e-05
Cc1cc2c(cc1CC(=O)c1sccc1S(=O)(=O)Nc1onc(C)c1Cl)OCO2,0.34943324
CC[C@H](CC[C@@H](C)[C@H]1CC[C@H]2[C@@H]3CC=C4C[C@@H](O)CC[C@]4(C)[C@H]3CC[C@]12C)C(C)C,8.297954e-05
COCCNCc1ccc(-c2cc3nccc(Oc4ccc(NC(=O)C5(C(=O)Nc6ccc(F)cc6)CC5)cc4F)c3s2)nc1,0.00068691146
CC(C)(C)C(=O)Oc1ccc(S(=O)(=O)Nc2ccccc2C(=O)NCC(=O)O)cc1,0.00040767665
CCOc1cc(/C=C2/C(=O)N(c3ccccc3)N=C2C)cc(Cl)c1OCC(=O)OC,0.015227799
N#Cc1cc(NC(=O)[C@H]2c3ccccc3C(=O)N(CC(F)(F)F)[C@@H]2c2cccnc2)ccc1F,6.5579443e-06
C=C1C[C@H]2C=Nc3cc(OCCCOc4cc5c(cc4OC)C(=O)N4CC(=C)C[C@H]4C=N5)c(OC)cc3C(=O)N2C1,0.75183374
C=CCN1CC[C@]2(C)c3cc(O)ccc3C[C@H]1[C@H]2C,3.545268e-05
Nc1nc2c(ccc3ccccc32)s1,0.00039319866
O=C1c2ccc(Nc3ccc(F)cc3F)cc2CCc2ccc(OC[C@H](O)CO)cc21,0.010406522
Oc1cc2c(cc1O)[C@H](c1ccccc1)CNCC2,0.0025122508
C=CCN1CCc2cc(O)c(O)cc2[C@H](c2ccccc2)C1,6.905503e-05
Oc1cc2c(c(Cl)c1O)CCNCC2c1ccccc1,0.0004303599
CN1CCc2cc(Br)c(O)cc2[C@H](c2ccccc2)C1,6.219249e-05
Fc1ccc(-c2nc3n(c2-c2ccncc2)CCS3)cc1,0.0003303473
O=C(O)[C@H]1CCCN(CCC=C(c2ccccc2)c2ccccc2)C1,0.038554315
CN(C)CCCCSC(=N)N,0.0012634968
COc1ccc(CCCO[C@@H](Cn2ccnc2)c2ccc(OC)cc2)cc1,0.00018826392
Oc1ccc(Nc2nc(-c3ccc(Cl)cc3)cs2)cc1,0.017235126
CC(C)n1c(Nc2cccnc2)nc2cnc(Nc3ccc(N4CCN(C)CC4)cc3)nc21,0.41768906
COc1cc2ncnc(Sc3nnc(C)s3)c2cc1OC,7.2389844e-06
C/N=C(/NS(=O)(=O)c1ccc(Cl)cc1)N1C[C@H](c2ccccc2)C(c2ccc(Cl)cc2)=N1,0.04595697
O[C@H]1CC[C@H](Nc2nc(-c3ccccc3)nc3[nH]ccc23)CC1,0.00048331387
NC(=O)C1N=CNC1=O,0.00995115
CN[C@@H](C)C(=O)N[C@H]1CCCC[C@H]2CC[C@@H](C(=O)N[C@@H](c3ccccc3)c3cn(CCCCc4ccc(CCCCn5cc([C@@H](NC(=O)[C@@H]6CC[C@@H]7CCCC[C@H](NC(=O)[C@H](C)NC)C(=O)N76)c6ccccc6)nn5)cc4)nn3)N2C1=O,0.64744663
CC[C@H](Oc1ccc(Cl)cc1)C(=O)O[C@H]1C[C@H]2CC[C@@H](C1)N2C,0.003820676
C=CCNc1ncnc2ccc(Br)cc12,0.0022283874
O=C1NC(=O)/C(=C/c2cccc(C(F)(F)F)c2)S1,0.245052
Cc1cc(C)c(C2=NO[C@@H]3[C@H]4CC[C@H](C4)[C@H]23)c(C)c1,7.605213e-05
CCc1c2c(nc3ccc(O)cc13)-c1cc3c(c(=O)n1C2)COC(=O)[C@]3(O)CC,0.15526405
CCOC(=O)[C@H]1CS[C@H](Cc2ccc(OCc3ccc([N+](=O)[O-])cc3)cc2)N1,4.299957e-05
CC(=O)N[C@@H](C(=O)O)C(C)(C)S[NH2+][O-],0.00067839987
COC(=O)C1=C(C)NC(C)=C(C(=O)NCCCN2CCC(c3ccccc3)(c3ccccc3)CC2)[C@@H]1c1ccc([N+](=O)[O-])cc1,0.00029671597
Cc1ccc(NC(=O)C(C)C)cc1C1CCN(Cc2ccc(Oc3ccc(F)c(F)c3)cc2)CC1,0.0022830367
C=CCN1C[C@H](C)N([C@H](c2ccc(C(=O)N(CC)CC)cc2)c2cccc(OC)c2)C[C@H]1C,5.6251552e-05
CC(C)=CCc1c(O)cc(O)c2c(=O)c(O)c(-c3ccc(C(F)(F)F)cc3)oc12,0.5560266
O=C(Nc1cccc(Cl)c1)Nc1ncc(CCNc2ncnc3ccsc23)s1,0.048358418
CC1(C)CC(=O)c2c(C(F)(F)F)nn(-c3ccc(C(N)=O)c(N[C@H]4CC[C@H](O)CC4)c3)c2C1,0.00038812438
CC1(C)CC(=O)c2c(C(F)(F)F)nn(-c3ccc(C(N)=O)c(N[C@H]4CC[C@H](OC(=O)CN)CC4)c3)c2C1,0.0030546873
Cc1cc(OCC(=O)O)cc(C)c1Cc1ccc(O)c(C(C)C)c1,0.0024473043
CC[C@H](C)[C@@H]([C@@H](CC(=O)N1CCC[C@H]1[C@H](OC)[C@@H](C)C(=O)NCCc1ccccc1)OC)N(C)C(=O)[C@@H](NC(=O)[C@H](C(C)C)N(C)C)C(C)C,0.00012390995
CC1=CC[C@@H](C(C)(C)O)C[C@@H]1O,0.15404186
CC(C)COC(=O)OCN1C(=O)CN(CCN2CC(=O)N(COC(=O)OCC(C)C)C(=O)C2)CC1=O,8.5073583e-07
O=C1O[C@H]([C@@H](O)CO)[C@@H](O)[C@@H]1O,0.0066950605
CCCC(=O)O,0.0057875724
O=C(O)[C@@H](O)Cc1ccc(O)c(O)c1,0.9908394
O=C(O)[C@H](O)[C@@H](O)[C@H](O)[C@H](O)CO,0.00010182705
Cc1cc(S(=O)(=O)O)c2c(C)ccc(C(C)C)cc1-2,0.012459941
O=P(O)(O)F,0.09682332
[O-][NH2+][O-],0.0001940325
N#[C][Fe-2]([C]#N)([C]#N)([C]#N)([C]#N)[N+][O-],0.042054165
[O]=[V]([OH])([OH])[OH],0.9686639
O=S(=O)(O)Oc1ccc(C(c2ccc(OS(=O)(=O)O)cc2)c2ccccn2)cc1,0.014205035
O=C(O)[C@@H]1[O][Sb]2([OH])([O][Sb]34([OH])[O][C@H]([C@H](O)CO)[C@H]([O]3)[C@H](C(=O)O)[O]4)[O][C@H]([C@H](O)CO)[C@@H]1[O]2,1.1733574e-05
Cc1c(S(=O)(=O)O)oc2c1C(=O)C(=O)c1c-2ccc2c1CCCC2(C)C,0.07674417
CCCC[C@@H](CC)CC[C@@H](CC(C)C)OS(=O)(=O)O,0.05596416
CC(C)=CCOc1ccc(/C=C/C(=O)c2ccc(OCC=C(C)C)cc2OCC(=O)O)cc1,0.10665827
CC(C)OC(=O)[C@H](C)N[P@](=O)(OC[C@H]1O[C@@H](n2ccc(=O)[nH]c2=O)[C@](C)(F)[C@@H]1O)Oc1ccccc1,0.010534562
CC(C)OC(=O)[C@H](C)N[P@](=O)(OC[C@H]1O[C@@H](n2ccc(=O)[nH]c2=O)[C@@](C)(O)[C@@H]1O)Oc1ccccc1,0.17336717
CNc1cccc(NC(=O)N[C@@H]2N=C(c3ccccn3)c3ccccc3N(CC(=O)C(C)(C)C)C2=O)c1,0.014443181
C[C@@H]1CC[C@@]2(NC1)O[C@@H]1C[C@H]3[C@H]4CC=C5C[C@H](O[C@H]6O[C@@H](CO)[C@@H](O[C@H]7O[C@@H](C)[C@@H](O)[C@@H](O)[C@@H]7O)[C@@H](O)[C@@H]6O[C@H]6O[C@@H](C)[C@@H](O)[C@@H](O)[C@@H]6O)CC[C@@]5(C)[C@@H]4CC[C@@]3(C)[C@H]1[C@@H]2C,0.001653033
CC1(C)CN(C(=O)c2ccc(-c3cccc4nc(NC(=O)C5CC5)nn34)cc2)C1,0.14996642
O=C(O[C@H]1C[N@]2CC[C@@H]1CC2)N1CCc2ccccc2[C@@H]1c1ccccc1,4.9918148e-05
CC[C@H]1OC(=O)[C@@](C)(F)C(=O)[C@H](C)[C@@H](O[C@@H]2O[C@H](C)C[C@H](N(C)C)[C@H]2O)[C@](C)(OC)C[C@@H](C)C(=O)[C@H](C)[C@H]2N(CCCCn3cc(-c4cccc(N)c4)nn3)C(=O)O[C@]12C,0.99569654
NC(=O)OC[C@H](N)Cc1ccccc1,0.0010729909
CC(C)(N)CC12CC3CC(CC(C3)C1)C2,0.011243676
C[C@H](N)C(=O)NCC(=O)N[C@H]1CSSC[C@@H](C(=O)O)NC(=O)[C@H](CO)NC(=O)[C@H]([C@@H](C)O)NC(=O)[C@H](Cc2ccccc2)NC(=O)[C@H]([C@@H](C)O)NC(=O)[C@H](CCCCN)NC(=O)[C@H](Cc2c[nH]c3ccccc23)NC(=O)[C@H](Cc2ccccc2)NC(=O)[C@H](Cc2ccccc2)NC(=O)[C@H](CC(N)=O)NC(=O)[C@H](CCCCN)NC1=O,0.09558285
NS(=O)(=O)c1ccc(N2CCN(CC[C@@H]3OCCc4ccccc43)CC2)cc1,0.0010985751
Cc1c(C(=O)Nc2ccc(N3C[C@@H](C)O[C@@H](C)C3)nc2)cccc1-c1ccc(OC(F)(F)F)cc1,0.15093464
O=C1C=CC[C@@H]2[C@H]3CCCN4CCC[C@@H](CN12)[C@@H]34,2.3723987e-05
CNC(=O)c1cc(Oc2ccc(NC(=O)Nc3ccc(Cl)c(C(F)(F)F)c3)cc2)ccn1,0.018521762
COCCO[C@@H]1c2ccn3c(C)c(C)nc3c2N[C@H](c2ccccc2)[C@H]1O,0.0002453131
C/C=C/C=C/C(=O)O,0.00016335439
O=C1NC(=O)[C@@]2(CCOc3ccc(F)cc32)N1,0.00062170887
CCCCCCCCCCCCCCCCCC(=O)OC[C@@H](O)[C@H]1OC[C@H](O)[C@H]1O,0.0035791798
OC[C@@H](O)[C@@H](O)[C@H](O)[C@@H](O)CO,1.6733519e-07
CCOc1ccc(Cc2cc([C@@H]3O[C@H](SC)[C@@H](O)[C@H](O)[C@H]3O)ccc2Cl)cc1,0.79480803
CC(C)NCC(O)c1ccc(NS(C)(=O)=O)cc1,0.0024347538
CN1CCN(c2nc(C3=C(c4c[nH]c5ccccc45)C(=O)NC3=O)c3ccccc3n2)CC1,0.32482284
O=C(Nc1cc(C(F)(F)F)cc(C(F)(F)F)c1)c1cnc(Cl)nc1C(F)(F)F,0.0023226896
COc1ccc2[nH]c3c(-c4cccc5ccccc45)nccc3c2c1,0.02394532
COCCOCCOc1ccc(C2=N[C@@](C)(C(=O)O)CS2)c(O)c1,0.08907704
CC(=O)N[C@@H](CC(=O)O)C(=O)N[C@@H](CCC(=O)O)C(=O)O,1.7040645e-06
C[C@@H]1CN(c2c(F)c(N)c3c(=O)c(C(=O)O)cn(C4CC4)c3c2F)C[C@H](C)N1,0.99998283
O=C(O)C[C@@H](NC(=O)CP(=O)(O)O)C(=O)O,0.00041236661
CCCCC1=NC2(CCCC2)C(=O)N1Cc1ccc(-c2ccccc2S(=O)(=O)Nc2noc(C)c2C)c(COCC)c1,0.00012660126
C1CCN2C[C@H]3C[C@H](CN4CCCC[C@@H]34)[C@H]2C1,0.38028142
C1CCN2C[C@@H]3C[C@@H](CN4CCCC[C@@H]34)[C@H]2C1,0.3802814
C1CCN2C[C@@H]3C[C@H](CN4CCCC[C@@H]34)[C@H]2C1,0.73654526
Fc1ccc(CNc2ncnc3ccc(F)cc23)cc1,0.14578791
CN[C@@H]1[C@H](O)[C@H](NC)[C@H]2O[C@@]3(O)C(=O)C[C@@H](C)O[C@H]3O[C@@H]2[C@H]1O,0.000105283594
NCCCCNCCCN,0.00011856029
NCCCNCCCCNCCCN,0.00014292654
CCCCCCCCCCCCC/C=C/[C@@H](O)[C@@H](N)COP(=O)(O)OCC[N+](C)(C)C,0.010232493
O=C(CCCN1CCC2(CC1)C(=O)NCN2c1ccccc1)c1ccc(F)cc1,0.00014171413
CN(C(=O)Cc1ccc(Cl)c(Cl)c1)[C@H]1CC[C@@]2(CCCO2)C[C@@H]1N1CCCC1,0.001876491
CO[C@@H]1[C@@H](O[C@@H]2O[C@H](C)[C@@H](O[C@H]3C[C@@](C)(O)[C@@H](O)[C@H](C)O3)[C@H](N(C)C)[C@H]2O)[C@@H](CC=O)C[C@@H](C)[C@@H](O[C@H]2CC[C@H](N(C)C)[C@@H](C)O2)/C=C/C=C/C[C@@H](C)OC(=O)C[C@H]1O,0.0005185565
O=C(CCBr)N1CC[N+]2(CC1)CC[N+]1(CCN(C(=O)CCBr)CC1)CC2,0.00088659016
CC(=O)S[C@@H]1CC2=CC(=O)CC[C@]2(C)[C@H]2CC[C@@]3(C)[C@@H](CC[C@@]34CCC(=O)O4)[C@H]12,4.7810895e-06
O=C1NCN(c2ccccc2)C12CCN(C[C@H]1COc3ccccc3O1)CC2,0.00043781934
CC(=O)c1ccc2c(c1)C(=O)C1(CC1)O2,0.0020758791
O=C1CCc2c(ccc3ccccc23)O1,0.00025922127
COc1ccccc1Oc1c(NS(=O)(=O)c2ccc(C)cn2)nc(-c2ccncc2)nc1OC,9.017013e-06
CC(C)n1nc(C#Cc2ccccc2)c2c(N)ncnc21,0.0005718772
CC(C)=CCC/C(C)=C/CNCCNC1[C@H]2C[C@@H]3C[C@@H](C[C@H]1C3)C2,1.7634262e-05
Nc1ncnc2c1ncn2[C@H]1CCCO1,0.1155461
CC(C)[C@@H](CC[C@@H](C)[C@H]1CC[C@H]2[C@@H]3[C@H](O)C[C@H]4C[C@@H](NCCCNCCCCN)CC[C@]4(C)[C@H]3CC[C@]12C)OS(=O)(=O)O,0.4343469
CCCCOc1c(OCCCC)c(=O)c1=O,0.590485
O=C(Nc1ccc(C(O)(C(F)(F)F)C(F)(F)F)cc1)c1ccc(C(F)(F)F)cc1,0.00034949556
CC1=C(/C=C/C(=C/C=C/C(C)=C/C(=O)O)c2ccc(C)cc2)C(C)(C)CCC1,0.013693
CC(C)Oc1cccc(CC(=O)N2CCC[C@](CC[N+]34CCC(c5ccccc5)(CC3)CC4)(c3ccc(Cl)c(Cl)c3)C2)c1,0.0035447462
Cc1c(C)n(Cc2ccc(-c3ccccc3C(=O)O)cc2)c2ccc(C(=O)N[C@@H](C)c3ccc([N+](=O)[O-])cc3)cc12,0.013788696
OC(c1ccc(-c2ccc(CN3CCN(Cc4ccncc4)CC3)cc2)c(F)c1)(C(F)(F)F)C(F)(F)F,1.6485405e-05
O=C(O)c1ccccc1Nc1cccc(OCc2ccc3ccccc3n2)c1,0.008447372
O=C(O)Cn1c(C(=O)Nc2nc(-c3ccccc3Cl)cs2)cc2ccccc21,0.09149698
Cc1ccc(-c2ncn(-c3ccc(Nc4nccc(-c5cccc(N6CCOCC6)c5)n4)cc3)n2)cn1,0.09443837
COc1ccc(CCN(C)CCCOc2ccc(S(=O)(=O)c3c(C(C)C)c4ccccc4n3C)cc2)cc1OC,0.040260173
COc1cc(NC(=O)c2cccc(-n3cc(NC(=O)Nc4cccc(C)c4)cn3)c2)cc(OC)c1OC,0.012797561
CN(C)CCOc1cc(-c2cn[nH]c2)ccc1NC(=O)[C@H]1COc2ccccc2O1,0.029812528
NC1CCN(c2cccc(Cl)n2)CC1,0.070475355
CCc1ccccc1OC[C@@H](O)CN[C@H]1CCCc2ccccc21,0.008522614
c1ccc2c(c1)CCCc1cc(NCCN3CCOCC3)nnc1-2,0.00045080774
COc1cc2ncnc(Nc3ccc(Oc4ccccc4)cc3)c2cc1OC,0.0016894178
O=C(Nc1cc(C(F)(F)F)ccc1N1CCCCC1)c1ccncc1,0.0029717109
O=C(Nc1ccccc1-c1cn2c(CN3CCNCC3)csc2n1)c1cnc2ccccc2n1,0.0004511874
Cc1nc(-c2cccnc2)sc1C(=O)Nc1ccccc1-c1cn2c(CN3CCOCC3)csc2n1,0.0551074
C[C@H](Nc1cc(NS(=O)(=O)N2CCC2)nc(SCc2cccc(F)c2F)n1)[C@@H](O)CO,0.54794663
COc1c(C)c(C(=O)c2ccc(N)c(C(=O)O)c2)n2ccccc12,0.025022991
O=C(Oc1ccc(Br)cc1)N1CC[N@]2CC[C@@H]1CC2,6.917848e-05
COc1ccc2cc(S(=O)(=O)N[C@H](CC(=O)N[C@H](Cc3ccc(CN4[C@H](C)CCC[C@@H]4C)cc3)C(=O)N(C)C(C)C)c3ccc4c(c3)OCO4)ccc2c1,0.013614072
CCCCc1nc(N)c2nc(-n3nccn3)n(C)c2n1,0.05971944
Oc1ccc2ccccc2c1Cc1c(O)ccc2ccccc12,0.05107636
NC(=O)[C@H]1CCS[C@@H]2C[C@]3(CCCN3C(=O)Cc3ccc(NC(=O)COc4ccc(Cl)cc4Cl)cc3)C(=O)N12,0.0012684768
CCc1cccc(CC)c1NC1=NCCN1,0.802207
Cc1cccc(/C=N/Nc2cc(N3CCOCC3)nc(OCCc3ccccn3)n2)c1,0.22397056
O=C(O)Cc1nn(Cc2ccc(Br)cc2F)c(=O)c2ccccc12,0.42701903
O=[N+]([O-])c1ccc2c(c1)S(=O)(=O)C=C2,3.4962584e-05
Cc1ccc(S(=O)(=O)OCC(=O)Nc2ccc(C(=O)O)c(O)c2)cc1,0.00020518231
Cc1cn([C@H]2C=C[C@@H](CO)O2)c(=O)[nH]c1=O,0.99817383
CC(C)n1cnc2c(NCCc3ccc(O)cc3)nc(-c3csc4ccccc34)nc21,0.20090272
C[C@@H](SC(=O)c1cccs1)C(=O)NCC(=O)O,0.00012862952
CC(=O)[C@H]1CC[C@H]2[C@@H]3CCC4=CC(=O)CC[C@]4(C)[C@H]3[C@H](O)C[C@]12C,1.939192e-05
O=S(=O)(/N=C/c1c(O)ccc2ccccc12)c1cccs1,9.145875e-05
Cc1ccc(S(=O)(=O)Cc2nc(-c3ccc(C(=O)NCc4cccnc4)cc3)oc2C)cc1,0.00040527794
CC(C)(C)c1ccc(S(=O)(=O)NCc2ccc(C(=O)Nc3cccnc3)cc2)cc1,0.0023924774
Cc1cccc(Nc2nc(-c3ccncc3)cs2)c1,0.0061140796
CC[C@H](/C=C/[C@@H](C)[C@H]1CC[C@H]2[C@@H]3CC=C4C[C@@H](O)CC[C@]4(C)[C@H]3CC[C@]12C)C(C)C,3.6071244e-05
CC(C)(C)[C@@H](O)/C=C/c1ccc2c(c1)OCO2,0.00018785115
Cc1ccc2c(c1)[C@H]1CN(C)CC[C@H]1N2,0.00015268417
CN[C@@H]1[C@H](O[C@H]2[C@H](O[C@H]3[C@H](O)[C@@H](O)[C@H](NC(=N)N)[C@@H](O)[C@@H]3NC(=N)N)O[C@@H](C)[C@]2(O)C=O)O[C@@H](CO)[C@H](O)[C@H]1O,0.004729985
CN([NH2+][O-])C(=O)N[C@@H]1[C@@H](O)[C@H](O)[C@@H](CO)O[C@@H]1O,0.0004154167
N#Cc1c(N2C=C(O)[O][Sr][O]C(O)=C2)sc2c1CC(=O)[O][Sr][O]C2=O,1.0
O=C1C[C@@H]2OCC=C3CN4CC[C@]56c7ccccc7N1[C@H]5[C@H]2[C@H]3C[C@H]46,0.00033991836
CSCC[C@H](NC(=O)[C@H](CC(C)C)NC(=O)CNC(=O)[C@H](Cc1ccccc1)NC(=O)[C@H](Cc1ccccc1)NC(=O)[C@H](CCC(N)=O)NC(=O)[C@H](CCC(N)=O)NC(=O)[C@@H]1CCCN1C(=O)[C@H](CCCCN)NC(=O)[C@@H]1CCCN1C(=O)[C@@H](N)CCCNC(=N)N)C(N)=O,0.26749876
O=C(O)CCC(=O)O,0.08013067
CC(C)(Sc1cc(C(C)(C)C)c(O)c(C(C)(C)C)c1)Sc1cc(C(C)(C)C)c(OC(=O)CCC(=O)O)c(C(C)(C)C)c1,0.008908701
C[N+](C)(C)CCOC(=O)CCC(=O)OCC[N+](C)(C)C,7.18848e-05
O=C(O)CCC(=O)Nc1ccc(S(=O)(=O)Nc2nccs2)cc1,0.11999785
O=S(=O)(OC[C@H]1O[C@@](COS(=O)(=O)[O][Al]([OH])[OH])(O[C@H]2O[C@H](COS(=O)(=O)[O][Al]([OH])[OH])[C@@H](OS(=O)(=O)[O][Al]([OH])[OH])[C@H](OS(=O)(=O)[O][Al]([OH])[OH])[C@H]2OS(=O)(=O)[O][Al]([OH])[OH])[C@@H](OS(=O)(=O)[O][Al]([OH])[OH])[C@@H]1OS(=O)(=O)[O][Al]([OH])[OH])[O][Al]([OH])[OH],0.55564743
OC[C@H]1O[C@H](O[C@]2(CCl)O[C@H](CCl)[C@@H](O)[C@@H]2O)[C@H](O)[C@@H](O)[C@H]1Cl,0.9124113
OC[C@H]1O[C@@](CO)(O[C@H]2O[C@H](CO)[C@@H](O)[C@H](O)[C@H]2O)[C@@H](O)[C@@H]1O,0.00010755684
CC(=O)OC[C@H]1O[C@@](COC(C)=O)(O[C@H]2O[C@H](COC(C)=O)[C@@H](OC(C)=O)[C@H](OC(C)=O)[C@H]2OC(C)=O)[C@@H](OC(C)=O)[C@@H]1OC(C)=O,5.329611e-05
Cc1ccccc1/N=N/c1ccc(/N=N/c2c(O)ccc3ccccc23)c(C)c1,0.0051208935
CONC(=O)Nc1ccc(-c2sc3c(c2CN(C)Cc2ccccc2)c(=O)n(-c2ccccc2)c(=O)n3Cc2c(F)cccc2F)cc1,0.0319268
O=C(O)CCSC[C@@H]1O[C@H]2O[C@@H]3[C@@H](O)[C@H](O)[C@H](O[C@@H]4[C@@H](O)[C@H](O)[C@H](O[C@@H]5[C@@H](O)[C@H](O)[C@H](O[C@@H]6[C@@H](O)[C@H](O)[C@H](O[C@@H]7[C@@H](O)[C@H](O)[C@H](O[C@@H]8[C@@H](O)[C@H](O)[C@H](O[C@@H]9[C@@H](O)[C@H](O)[C@H](O[C@@H]1[C@@H](O)[C@@H]2O)O[C@H]9CSCCC(=O)O)O[C@H]8CSCCC(=O)O)O[C@H]7CSCCC(=O)O)O[C@H]6CSCCC(=O)O)O[C@H]5CSCCC(=O)O)O[C@H]4CSCCC(=O)O)O[C@H]3CSCCC(=O)O,0.13807616
CC1(C)[C@H](C(=O)O)N2C(=O)C[C@H]2S1(=O)=O,9.05455e-05
CC(C)(C)C(=O)OCOC(=O)[C@H]1N2C(=O)C[C@H]2S(=O)(=O)C1(C)C,3.063867e-05
S=C1SCN(Cc2ccccc2)CN1Cc1ccccc1,0.008201749
C/C(=C(/CCOC(=O)C(C)C)SS/C(CCOC(=O)C(C)C)=C(\C)N(C=O)Cc1cnc(C)nc1N)N(C=O)Cc1cnc(C)nc1N,0.1269179
Clc1ccc(CS[C@@H](Cn2ccnc2)c2ccc(Cl)cc2Cl)cc1,0.0053838193
Nc1ccc(S(=O)(=O)NC(=O)c2ccccc2)cc1,0.0073333057
NC(=O)NS(=O)(=O)c1ccc(N)cc1,0.00099337
CC(=O)NS(=O)(=O)c1ccc(N)cc1,0.0013363342
Nc1ccc(S(=O)(=O)Nc2ccc(Cl)nn2)cc1,0.035278488
Nc1ccc(S(=O)(=O)Nc2ncccn2)cc1,0.08462397
COc1ncnc(NS(=O)(=O)c2ccc(N)cc2)c1OC,0.098106526
Cc1noc(NS(=O)(=O)c2ccc(N)cc2)c1C,0.03604883
N=C(N)NS(=O)(=O)c1ccc(N)cc1,0.0002892444
Cc1ccnc(NS(=O)(=O)c2ccc(N)cc2)n1,0.308821
COc1cnc(NS(=O)(=O)c2ccc(N)cc2)nc1,0.82145303
Cc1cc(C)nc(NS(=O)(=O)c2ccc(N)cc2)n1,0.61223143
Cc1nnc(NS(=O)(=O)c2ccc(N)cc2)s1,0.015231396
Cc1cc(NS(=O)(=O)c2ccc(N)cc2)no1,0.023919893
COc1ccc(NS(=O)(=O)c2ccc(N)cc2)nn1,0.027306192
COc1nccnc1NS(=O)(=O)c1ccc(N)cc1,0.012393569
COc1cc(NS(=O)(=O)c2ccc(N)cc2)ncn1,0.021300266
Cc1nc(NS(=O)(=O)c2ccc(N)cc2)oc1C,0.012229737
Nc1ccc(S(N)(=O)=O)cc1,0.023059351
Nc1ccc(S(=O)(=O)[O][Zn][O]S(=O)(=O)c2ccc(N)cc2)cc1,0.00031462568
CC(=O)Nc1ccc(S(=O)(=O)Nc2ccc([N+](=O)[O-])cc2)cc1,0.047396857
Nc1ccc(S(=O)(=O)Nc2ccnn2-c2ccccc2)cc1,0.007218982
Nc1ccc(S(=O)(=O)Nc2ccccn2)cc1,0.01724328
Nc1ccc(S(=O)(=O)Nc2cnc3ccccc3n2)cc1,0.023892108
O=C(O)c1cc(/N=N/c2ccc(S(=O)(=O)Nc3ccccn3)cc2)ccc1O,0.045889765
Nc1ccc(S(=O)(=O)Nc2nccs2)cc1,0.36551014
Cc1cc2cc(Oc3ccnc(Nc4cccc(CS(=O)(=O)NCCN(C)C)c4)n3)ccc2[nH]1,0.020294273
O=C1C(CC[S@](=O)c2ccccc2)C(=O)N(c2ccccc2)N1c1ccccc1,2.0723537e-06
Cc1cc(NS(=O)(=O)c2ccc(N)cc2)nc(C)n1,0.25176787
CC(=O)N(c1onc(C)c1C)S(=O)(=O)c1ccc(N)cc1,0.00035604314
C[S@@](=O)CCCCN=C=S,0.00029892757
CC1=C(CC(=O)O)c2cc(F)ccc2/C1=C\c1ccc([S@@](C)=O)cc1,0.0639576
COc1cc(O)c(C(=O)c2ccccc2)cc1S(=O)(=O)O,0.005824061
COc1cc([S@@](C)=O)ccc1-c1nc2ncccc2[nH]1,0.06563743
COc1cc(C(=S)N2CCOCC2)cc(OC)c1OC,0.0006179738
CCCCCCCCN[C@H](C)[C@@H](O)c1ccc(SC(C)C)cc1,0.09833466
C[C@@H](O)[C@H]1C(=O)N2C(C(=O)O)=C(S[C@H]3CC[S@@](=O)C3)S[C@H]12,0.99981743
COc1cc(NS(=O)(=O)c2ccc(N)cc2)nc(OC)n1,0.003015557
CCN1CCC[C@@H]1CNC(=O)c1cc(S(N)(=O)=O)ccc1OC,0.0071328743
CC1(C)S[C@@H]2[C@H](NC(=O)[C@H](N)c3ccccc3)C(=O)N2[C@H]1C(=O)OCOC(=O)[C@@H]1N2C(=O)C[C@H]2S(=O)(=O)C1(C)C,0.011996138
NS(=O)(=O)c1ccc(N2CCCCS2(=O)=O)cc1,0.022027627
CCN1CCC[C@H]1CNC(=O)c1cc(S(=O)(=O)CC)ccc1OC,1.5444955e-05
CN[C@@H]1Cc2cccc3[nH]c(=O)n(c23)C1,0.00983363
CNS(=O)(=O)Cc1ccc2[nH]cc(CCN(C)C)c2c1,0.0015403162
C/C(=N\c1ccccc1N)c1c(C)cc(=O)n(O)c1O,5.564339e-05
Cc1c(C)c(NCC(=O)N(C)C2CCN(Cc3ccc(C(N)=O)cc3)CC2)c(C)c(C)c1N,0.0021707935
CCN(CC)CCNC(=O)c1c(C)[nH]c(/C=C2\C(=O)Nc3ccc(F)cc32)c1C,1.508997e-05
CCOC[C@@H](O)COc1ccc(NC(=O)CC[S+](C)C)cc1,2.2175669e-05
C[C@@H](C(=O)O)c1ccc(C(=O)c2cccs2)cc1,0.0064222314
Cc1ccc(C(=O)Nc2ccc(S(=O)(=O)O)c3cc(S(=O)(=O)O)cc(S(=O)(=O)O)c23)cc1NC(=O)c1cccc(NC(=O)Nc2cccc(C(=O)Nc3cc(C(=O)Nc4ccc(S(=O)(=O)O)c5cc(S(=O)(=O)O)cc(S(=O)(=O)O)c45)ccc3C)c2)c1,0.23358484
Cn1nc(-c2cccc(F)c2)n(C)c1=S,0.02402327
CC(=O)NC[C@H]1CN(c2ccc(N3CCSCC3)c(F)c2)C(=O)O1,0.002886265
CCCCC1(COC(=O)CCC(=O)O)C(=O)N(c2ccccc2)N(c2ccccc2)C1=O,0.0058454094
Cc1[nH]c(/C=C2\C(=O)Nc3ccc(F)cc32)c(C)c1C(=O)NC[C@H](O)CN1CCOCC1,0.007749605
Cc1[nH]c(/C=C2\C(=O)Nc3ccc(S(=O)(=O)N(C)c4cccc(Cl)c4)cc32)c(C)c1C(=O)N1CCN(C)CC1,0.026079357
Cc1[nH]c(/C=C2\C(=O)Nc3cc(-c4ccccc4)ccc32)c(C)c1CCC(=O)O,0.085559554
Nc1nnc(Sc2ncc([N+](=O)[O-])s2)s1,0.0033915993
CN(C)c1ccc(/C=C2\C(=O)Nc3ccccc32)cc1,0.00081532524
COc1ccc2c(c1)/C(=C/c1cnc[nH]1)C(=O)N2,0.40570652
O[C@H]1[C@H]2[C@H](O)CCCN2C[C@H]1O,0.002680343
CN(C)C(=O)C(=O)c1cn(C)c2cc(Cl)c(C(=O)N3CCC(Cc4ccc(F)cc4)CC3)cc12,0.123525225
CC(=O)N(C)Cc1ccc2c(c1)OCO2,3.3260916e-05
C[C@H](C[C@H](N)C(=O)O)C(=O)O,0.04241758
CCCNC(=O)N1N=C(c2ccc(N)cc2)c2cc3c(cc2[C@@H]1C)OCO3,0.0001665068
O=c1n(Cl)c(=O)n(Cl)c(=O)n1Cl,0.9093381
CNC[C@@H](O)c1ccc(O)cc1,0.0055118585
COc1ccncc1C(=O)NC(=O)Nc1ccc(-c2ccccc2)c(C(F)(F)F)c1,0.015219565
c1ccc2c(c1)CC(N1CCN(c3cccc4c3OCCO4)CC1)C2,0.0026512886
O=S1(=O)N[C@H]2CCCN2c2ccccc21,0.0006146172
COC(=O)C(Cc1ccc(OCCn2c(=O)sc3cc(C(=O)c4ccccc4)ccc32)cc1)C(=O)OC,5.6211093e-06
Cc1cc(C)cc(NC(=O)Nc2ccc(OS(N)(=O)=O)cc2)c1,0.0033509745
O=C1Nc2ccc(CN3C(=O)CSC3=O)cc2/C1=C/c1cc(CN2CCOCC2)c[nH]1,0.6266707
Cc1c(-c2c(-c3ccc(F)o3)sc3ncnc(O[C@H](Cc4ccccc4OCc4ccnn4CC(F)(F)F)C(=O)O)c23)ccc(OCCN2CCN(C)CC2)c1Cl,0.9062486
O=C(Nc1ccncc1)c1cc([N+](=O)[O-])ccc1Cl,0.004066216
COC(=O)c1c(-c2cc(OC)c(OC)c(OC)c2)c2ccnc(OCc3ncccn3)c2c(=O)n1Cc1ccnc(C)c1,0.002934127
CNc1nc(NCc2ncccn2)c2c(-c3ccc4ncccc4c3)c[nH]c2n1,0.009544687
O=S(=O)(c1ccccc1)N(CC(F)(F)F)c1ccc(C(O)(C(F)(F)F)C(F)(F)F)cc1,0.01220574
COC(=O)OC[C@H]1O[C@@H](Oc2cc(C)cc(O)c2C(=O)CCc2ccc3occc3c2)[C@H](O)[C@@H](O)[C@@H]1O,0.00023857265
O=C(O)CCc1cc(C(=O)c2ccc(OC3CCCC3)cc2O)ccc1OCc1ccc2c(=O)[nH]oc2c1,0.7745552
Cc1cc(C(=O)Nc2cccc(C(=O)Nc3cccc(C(F)(F)F)c3)c2)on1,0.0018607271
Nc1sc2c(c1C(=O)c1ccc(Cl)cc1)CCCC2,0.0003722929
Fc1ccc(-c2ccc3c(c2)[nH]c2ccncc23)cn1,0.4417329
Fc1ccc(-c2[nH]c(-c3c(F)cccc3F)nc2-c2ccncc2)cc1,0.0021477635
CNC(=O)[C@@H](Cc1ccccc1)N(C)C(=O)[C@@H](Cc1ccc2ccccc2c1)N(C)C(=O)/C=C/CC(C)(C)N,0.48345643
C=C1/C(=C\C=C2/CCC[C@]3(C)[C@@H]([C@H](C)CC[C@@H](O)C(C)C)CC[C@@H]23)C[C@@H](O)C[C@@H]1O,0.0005342357
CC(=O)Nc1ccc(C(=O)Nc2ccccc2N)cc1,1.5140984e-05
Nc1c2c(nc3ccccc13)CCCC2,0.00048079836
C=CC[C@@H]1/C=C(\C)C[C@H](C)C[C@H](OC)[C@H]2O[C@@](O)(C(=O)C(=O)N3CCCC[C@H]3C(=O)O[C@H](/C(C)=C/[C@@H]3CC[C@@H](O)[C@H](OC)C3)[C@H](C)[C@@H](O)CC1=O)[C@H](C)C[C@@H]2OC,0.37602764
CN1CC(=O)N2[C@H](c3ccc4c(c3)OCO4)c3[nH]c4ccccc4c3C[C@@H]2C1=O,8.697275e-05
O=C(O)c1ccc2nc(-c3cc(Cl)cc(Cl)c3)oc2c1,0.0076990854
COc1cc(C)c2c(Oc3cccc(C(F)(F)F)c3)c(OC)cc(N[C@@H](C)CCCN)c2n1,0.008505357
CC(C)OC(=O)CCC/C=C\C[C@@H]1[C@@H](/C=C/C(F)(F)COc2ccccc2)[C@H](O)C[C@@H]1O,0.0016609281
O=C(CO)[C@@H](O)[C@@H](O)[C@H](O)CO,2.2631068e-06
COc1cn(-c2ccc(-n3cccn3)cc2F)nc(-c2ccnn2-c2ccccc2)c1=O,0.0005639526
CC(=O)N1CCC(C(=O)N(CCCN2CCC(Cc3ccc(C(N)=O)cc3)CC2)c2ccc(C)c(Cl)c2)CC1,0.50639
NS(=O)(=O)OC[C@H]1C[C@@H](Nc2ccnc3cc(-c4cccc(SC(F)(F)F)c4)nn23)[C@H](O)[C@@H]1O,0.038064737
CC(C)(O)CC(=O)NCCn1ccc2ncnc(Nc3ccc(Oc4cccc(C(F)(F)F)c4)c(Cl)c3)c21,0.0039541656
Cc1cc(C(=O)Nc2cc(Oc3ccc4nc(NC(=O)C5CC5)cn4n3)ccc2C)n(C)n1,0.32022294
N#Cc1c(Oc2ccc(F)c(NC(=O)Cc3cccc(C(F)(F)F)c3)c2)ccc2nc(NC(=O)C3CC3)sc12,0.007560436
Cn1cc(-c2nc(N[C@@H]3CCCC[C@@H]3N)c(F)c3c2C(=O)NC3)cn1,0.9599217
CCc1nc(-c2cccc(C)c2)c(-c2ccnc(NC(=O)c3ccccc3)c2)s1,0.027932879
Cn1c(=O)c(F)c(Nc2ccc(I)cc2F)c2c(=O)n(C[C@@H](O)CO)cnc21,0.00993178
Cc1ccc(-c2ccc3c(c2)C=C(C(=O)Nc2ccc(C[N+](C)(C)C4CCOCC4)cc2)CCC3)cc1,0.06262348
Cc1cc(OCCCS(C)(=O)=O)cc(C)c1-c1cccc(COc2ccc3c(c2)OC[C@H]3CC(=O)O)c1,0.010358792
CCS(=O)(=O)c1cccc(-c2cc(C(=O)NC3CCN(C)CC3)c(C)c3[nH]c4ncc(C)cc4c23)c1,0.00032509223
COc1cc(C(=O)NC2CCN(C)CC2)c(F)cc1Nc1ncc2c(n1)N(C1CCCC1)CC(F)(F)C(=O)N2C,0.021819228
CC(C)[C@H](N)C(=O)N1CCC[C@H]1B(O)O,0.2503038
CN(C(=O)c1ccc(F)cc1C(F)(F)F)C1CCN(c2nnc(-c3ccnn3C)c3ccccc23)CC1,0.031221706
CC(=O)N1N=C(c2ccc(N)cc2)c2cc3c(cc2C[C@H]1C)OCO3,0.0013487854
C=Cc1c(C)c2cc3nc(c(CC(=O)N[C@@H](CC(=O)O)C(=O)O)c4nc(cc5[nH]c(cc1[nH]2)c(C)c5CC)C(C)=C4C(=O)O)[C@@H](CCC(=O)O)[C@@H]3C,0.04064913
CCC(CC)[C@@H](c1ccc(Nc2nc3ccccc3s2)cc1)n1cncn1,0.0003919951
Cn1ncnc1[C@H]1c2n[nH]c(=O)c3cc(F)cc(c23)N[C@@H]1c1ccc(F)cc1,0.027363254
CC(C)(C)NC[C@@H](O)COc1ccc(NC(=O)NC2CCCCC2)cc1,7.575132e-06
C=CCN1CCc2nc(N)sc2CC1,4.783821e-06
C[C@@H]1CN(Cc2ccc(F)cc2)[C@@H](C)CN1C(=O)c1cc2c(C(=O)C(=O)N(C)C)cn(C)c2cc1Cl,0.0044266083
CC[C@H](NC(=O)c1c(O)c(-c2ccccc2)nc2ccccc12)c1ccccc1,0.0049127243
O=C1O[C@H](OC(=O)c2cccnc2Nc2cccc(C(F)(F)F)c2)c2ccccc21,0.069098406
CNCCC[C@@]1(c2ccccc2)OC(C)(C)c2ccccc21,4.200317e-05
C#CCO[C@H]1CN2CCC1CC2,0.6076178
CN1C(=O)C[C@@H](C(=O)N[C@@H](Cc2cnc[nH]2)C(=O)N2CCC[C@H]2C(N)=O)NC1=O,0.021143392
CN[C@H](C(=O)N[C@H](C(=O)N(C)[C@H](/C=C(\C)C(=O)O)C(C)C)C(C)(C)C)C(C)(C)c1ccccc1,0.0007879077
COC(=O)[C@H](CCCNC(=N)N)NS(=O)(=O)c1ccc(C)cc1,2.4583136e-05
CC1(C)CCC(C)(C)c2cc(NC(=O)c3ccc(C(=O)O)cc3)ccc21,0.009059501
Nc1nc(-n2cccn2)nc(-n2cccn2)c1Br,7.682434e-05
CC/C(=C(\c1ccccc1)c1ccc(OCCN(C)C)cc1)c1ccccc1,0.0038140356
CCOc1ccccc1OCCN[C@H](C)Cc1ccc(OC)c(S(N)(=O)=O)c1,0.002704563
Cn1c(C#N)ccc1-c1ccc2c(c1)C(C)(C)OC(=S)N2,0.96471
O=C1[C@@H]2[C@H]3CC[C@H](C3)[C@@H]2C(=O)N1CCCCN1CCN(c2ncccn2)CC1,0.00032596587
COc1cc2c(N3CCN(C(=O)Nc4ccc(OC(C)C)cc4)CC3)ncnc2cc1OCCCN1CCCCC1,0.007943133
C=CCNC1=C2C[C@@H](C)C[C@H](OC)[C@H](O)[C@@H](C)/C=C(\C)[C@H](OC(N)=O)[C@@H](OC)/C=C\C=C(/C)C(=O)NC(=CC1=O)C2=O,0.026951475
COc1ccc(-c2cc(=O)c3c(OC)c(OC)c(OC)c(OC)c3o2)cc1,0.6904934
O=C(OC[C@H]1O[C@@H](OC(=O)c2cc(O)c(O)c(OC(=O)c3cc(O)c(O)c(O)c3)c2)[C@H](OC(=O)c2cc(O)c(O)c(OC(=O)c3cc(O)c(O)c(O)c3)c2)[C@@H](OC(=O)c2cc(O)c(O)c(OC(=O)c3cc(O)c(O)c(O)c3)c2)[C@@H]1OC(=O)c1cc(O)c(O)c(OC(=O)c2cc(O)c(O)c(O)c2)c1)c1cc(O)c(O)c(OC(=O)c2cc(O)c(O)c(O)c2)c1,0.04341682
Cc1coc2c1C(=O)C(=O)c1c-2ccc2c(C)cccc12,0.00456672
Cc1coc2c1C(=O)C(=O)c1c-2ccc2c1CCCC2(C)C,0.0013043475
CC(C)c1c(O)cc(/C=C/c2ccccc2)cc1O,0.005668639
O=C(O)COc1cccc(CN(Cc2ccc(-n3cccn3)cc2)S(=O)(=O)c2cccnc2)c1,0.0036074042
O=C(O[C@H]1C[N@]2CC[C@@H]1CC2)N(Cc1cc(F)c(F)c(F)c1)c1cccc(F)c1,0.002494458
C[C@H](NC(=O)C(C)(C)Oc1ccc(C(F)(F)F)cn1)[C@@H](Cc1ccc(Cl)cc1)c1cccc(C#N)c1,0.09157038
CNC(=N)NCCC[C@H](N)C(=O)O,0.0021200217
COc1cc2c(cc1OC)CN(CCc1ccc(NC(=O)c3cc(OC)c(OC)cc3NC(=O)c3cnc4ccccc4c3)cc1)CC2,0.013267743
O=C(O)[C@H](O)[C@@H](O)C(=O)O,0.0054589384
CN(C)CCNc1nc2cc(O)ccc2c2c1C(=O)c1ccccc1-2,0.83454955
Cc1nc(-c2cn3c(n2)-c2ccc(-c4cnn(C(C)(C)C(N)=O)c4)cc2OCC3)n(C(C)C)n1,0.018709552
CCC(=O)NC[C@@H]1C[C@H]1c1cccc2c1CCO2,0.004702883
O=C(NS(=O)(=O)c1ccc(Br)s1)c1ccc(Cl)cc1Cl,0.005678528
COc1cccc2c1c(O)c(C(=O)N(C)c1ccc(C(F)(F)F)cc1)c(=O)n2C,0.0012682187
c1cnc(SCc2cccnc2)nc1,6.0317057e-06
NCCS(=O)(=O)O,0.007660842
C[C@H](CCC(=O)NCCS(=O)(=O)O)[C@H]1CC[C@H]2[C@@H]3[C@H](O)C[C@@H]4C[C@H](O)CC[C@]4(C)[C@H]3C[C@H](O)[C@]12C,0.0015373351
C[C@H](CCC(=O)NCC(=O)NCCS(=O)(=O)O)[C@H]1CC[C@H]2[C@@H]3[C@H](O)C[C@@H]4C[C@H](O)CC[C@]4(C)[C@H]3C[C@H](O)[C@]12C,0.00077797665
O=S1(=O)CCN(CN2CCS(=O)(=O)NC2)CN1,6.666605e-06
OB1OCc2cc(F)ccc21,0.048427865
NCCCC[C@@H]1NC(=O)[C@H](CCC(=O)O)NC(=O)c2cc([N+](=O)[O-])ccc2OCC[C@@H](C(=O)NCC(=O)O)NC1=O,0.00024102865
O=C1c2c(O)cc(O)cc2O[C@H](c2ccc(O)c(O)c2)[C@H]1O,0.863193
CCOC(=O)c1ccc(C#Cc2ccc3c(c2)C(C)(C)CCS3)nc1,9.2986804e-05
CCN(c1cc(-c2ccc(CN3CCOCC3)cc2)cc(C(=O)NCc2c(C)cc(C)[nH]c2=O)c1C)C1CCOCC1,0.4428354
C[C@]1(Cn2ccnn2)[C@H](C(=O)O)N2C(=O)C[C@H]2S1(=O)=O,0.96766984
O=[N+]([O-])c1cn2c(n1)OC[C@@H](OCc1ccc(-c3ccc(OC(F)(F)F)cc3)nc1)C2,0.0015747854
N[C@@H](C(=O)O)[C@@H](OCc1ccccc1)C(=O)O,0.031054227
Cc1cc(Nc2cc(C)c(C#N)c(N[C@@H](C)CCCC(C)(C)O)n2)[nH]n1,0.71871954
CC(C)(C)c1ccc(C(=O)Nc2cn3cc(-n4ccnc4)ccc3n2)cc1,0.36508888
O=C(O)CCN(O)C(=O)CCCCCCCCC1CC1,0.0063450336
CC1CCN([C@@H](c2ccc(F)cc2)c2ccc([C@@H](C)C(=O)O)cc2-c2ccc(C(F)(F)F)cc2)CC1,0.07888546
CCn1c(=O)n([C@H]2CCCN(c3nccc(-c4cc5ccccc5o4)n3)C2)c2ccccc21,0.1812859
CC(C)c1c(NC(=O)Nc2ccc(Cl)cc2)c(=O)n(-c2ccccc2)n1C,2.7637028e-05
Cc1sc(C)c2c1CCC=C2c1cnc[nH]1,0.012498266
COC1CCN(c2cccc(-c3cc(NC(C)=O)nc(-n4nc(C)cc4C)n3)n2)CC1,0.041562706
Cc1ccc(C)c(Oc2ccncc2C(=O)N2CCN(C3CC3)c3ccccc32)c1,0.26544407
CNc1nc(NCc2ccc(NS(C)(=O)=O)cc2Cl)cc(-c2ccccn2)n1,0.052954614
Cc1ccc(NC(=O)CCCCCC(=O)Nc2ccccc2N)cc1,3.3547647e-05
CC1(C)SCN(S(=O)(=O)c2ccccc2)[C@@H]1C(=O)N[C@@H](CNC(=O)NCc1ccccc1)C(=O)O,0.00053924776
O=C(Nc1ccc(F)cc1)N1CCc2ccccc2[C@@H]1c1ccc(C(F)(F)F)cc1,0.0026766288
FC(F)(F)c1ccccc1-c1cc(C(F)(F)F)c2[nH]c(C3=NOC4(CCCCC4)C3)nc2c1,0.0002923342
COc1cccc(-n2nc(C(=O)O)cc2-c2ccc(C3CCCCC3)c(Cl)c2)c1,0.049560703
CC(C)(C)Nc1nc(Nc2ccc(C(N)=O)cc2)cc(N)c1C#N,0.0016966914
CC(=O)Nc1cccc(Nc2ncnc(N3CCC(OCc4ccc(OC(F)(F)F)cc4)CC3)n2)c1C,0.010756132
COc1cccc(OC)c1-c1cc(C(=O)N[C@@H](CC(C)C)C(=O)O)nn1-c1ccnc2cc(Cl)ccc12,0.00072415115
COc1cc(OC)cc(C(=O)NNC(=O)Nc2cccc3ccccc23)c1,0.03713933
Cc1cc(C(=O)N2Cc3cnn(C)c3Nc3ccccc32)ccc1CNC(=O)N1CCC[C@H]1C(=S)N1CCCN(C)CC1,0.011951578
Cc1cccc(C)c1-n1c(=O)c2cnc(Nc3ccc(N4CCN(C)CC4)cc3)nc2n2c3ccccc3nc12,0.09331065
COc1ncc2cc(C(=O)Nc3cc(C(=O)NCc4cccc(Cl)c4)ccc3Cl)c(=O)[nH]c2n1,0.009710173
C[C@H](Nc1cc2c(-c3ccc4c(c3)OCO4)noc2cn1)c1ccccc1,0.0008540818
N#Cc1cnc2cnc(NCc3cccnc3)cc2c1Nc1ccc(F)c(Cl)c1,0.0051168427
O=[N+]([O-])c1c(Nc2cc(F)cc(Cl)c2)ccc2nonc12,0.06250834
O=C(O)C1CN(Cc2ccc(-c3nc4cc(Cc5ccccc5F)ccc4s3)c(F)c2)C1,0.0049320026
O=C1CC(=O)c2c(Cl)c(Cl)c(Cl)c(Cl)c21,0.017197136
O=C(NNC(=O)c1ccc(CNS(=O)(=O)c2ccc(F)c(Cl)c2)cc1)c1ccccc1,0.08298351
Nc1nccc(/C=C/c2ccccc2)n1,0.030694516
CC(C)C(=O)SCCCCC[C@H](NC(=O)OC(C)(C)C)C(=O)NC12CC3CC(CC(C3)C1)C2,0.003522851
COc1cc2c(cc1OC)CN(C(=O)[C@@H](NCc1ccncc1)C(C)(C)C)CC2,0.15945752
N#Cc1c(-c2ccccc2)cc(-c2cc(Br)ccc2O)[nH]c1=O,0.00019988402
Cc1nnc(-c2ccc3occ(-c4ccc([S@](C)=O)cc4)c3c2)o1,0.058416113
CC(C)(O)C(=O)N1CCN(c2ccc(C(F)(F)F)c(C3=C(c4c[nH]c5ccccc45)C(=O)NC3=O)c2)CC1,0.5996287
O=C(NO)c1ccc2[nH]c(=O)c(CCCc3ccccc3)nc2c1,0.0009956477
Cc1ccccc1NC(=O)Nc1ccc(CC(=O)N2CCOC[C@H]2C(=O)N2CCC(CC(=O)O)CC2)cc1,0.012152305
O=C(O)COc1ccc(/C=C2\SC(=O)NC2=O)cc1,0.54507816
COc1ccc(C(=O)Nc2sc3c(c2C(N)=O)CCCC3)cc1OC,0.026724156
CC[C@@H](C)c1ccc(NC(=O)Cn2cnc3c2c(=O)n(C)c(=O)n3C)cc1,0.38441175
CCC[n+]1cc(Br)cc(C(=O)N(CCC(=O)NCCOC(=O)N2CCc3ccccc3C2)c2ccccc2)c1,0.07997765
O[C@@]12[C@H]3[C@@H]4[C@@H]5C[C@@H]6[C@@H]4[C@@H]3[C@@H]([C@@H]6[C@@H]51)N2CCc1cccc(F)c1,3.156136e-09
CCOc1cncc(/C=C/CCNC)c1,0.40881836
OC[C@H]1O[C@@H](S[C@@H]2O[C@H](CO)[C@H](O)[C@H](n3cc(-c4cccc(F)c4)nn3)[C@H]2O)[C@H](O)[C@@H](n2cc(-c3cccc(F)c3)nn2)[C@H]1O,0.5122338
C[C@@H](O)[C@H]1C(=O)N2C(C(=O)OCOC(=O)C(C)(C)C)=C(SC3CN(C4=NCCS4)C3)[C@H](C)[C@H]12,0.2389241
OC[C@H]1O[C@@H](n2cnc3c(N[C@@H]4CCOC4)ncnc32)[C@H](O)[C@@H]1O,0.24737167
COc1cccc([C@@H](C)NCCCc2ccccc2Cl)c1,0.00023446289
Fc1ccc(Cn2c(NC3CCNCC3)nc3ccccc32)cc1,0.09938004
O=C(NN1C(=O)[C@@H]2[C@@H]3C=C[C@@H]([C@H]4C[C@@H]34)[C@@H]2C1=O)c1ccc(C(F)(F)F)cc1,1.4858808e-06
Cn1nnc(-c2ccc(-c3ccc(N4C[C@H](CO)OC4=O)cc3F)cn2)n1,0.00070412067
Cn1nnc(-c2ccc(-c3ccc(N4C[C@H](COP(=O)(O)O)OC4=O)cc3F)cn2)n1,0.00014924379
CCCCCNC(=N)N/N=C/c1c[nH]c2ccc(OC)cc12,0.040389724
Fc1ccccc1-c1nc2ccn(Cc3ccc(-c4ccc(C(F)(F)F)cc4C(F)(F)F)nn3)cc-2n1,0.7266606
CCCCCCCCCC(=O)N[C@H]1[C@H](Oc2c3cc4cc2Oc2ccc(cc2Cl)[C@@H](O[C@@H]2O[C@H](CO)[C@@H](O)[C@H](O)[C@H]2NC(C)=O)[C@@H]2NC(=O)[C@H](NC(=O)[C@@H]4NC(=O)[C@H]4NC(=O)[C@@H](Cc5ccc(c(Cl)c5)O3)NC(=O)[C@@H](N)c3ccc(O)c(c3)Oc3cc(O)cc4c3)c3ccc(O)c(c3)-c3c(O[C@H]4O[C@H](CO)[C@@H](O)[C@H](O)[C@@H]4O)cc(O)cc3[C@H](C(=O)O)NC2=O)O[C@H](CO)[C@@H](O)[C@@H]1O,0.03135394
CCCCC/C=C/CCC(=O)N[C@H]1[C@H](Oc2c3cc4cc2Oc2ccc(cc2Cl)[C@@H](O[C@@H]2O[C@H](CO)[C@@H](O)[C@H](O)[C@H]2NC(C)=O)[C@@H]2NC(=O)[C@H](NC(=O)[C@@H]4NC(=O)[C@H]4NC(=O)[C@@H](Cc5ccc(c(Cl)c5)O3)NC(=O)[C@H](N)c3ccc(O)c(c3)Oc3cc(O)cc4c3)c3ccc(O)c(c3)-c3c(O[C@H]4O[C@H](CO)[C@@H](O)[C@H](O)[C@@H]4O)cc(O)cc3[C@@H](C(=O)O)NC2=O)O[C@H](CO)[C@@H](O)[C@@H]1O,0.040458847
CC(=O)N[C@@H]1[C@H](O[C@@H]2c3ccc(c(Cl)c3)Oc3cc4cc(c3O[C@@H]3O[C@H](CO)[C@@H](O)[C@H](O)[C@@H]3NC(=O)CCCCCCCC(C)C)Oc3ccc(cc3Cl)C[C@H]3NC(=O)[C@H](N)c5ccc(O)c(c5)Oc5cc(O)cc(c5)[C@H](NC3=O)C(=O)N[C@@H]4C(=O)N[C@@H]3C(=O)N[C@@H]2C(=O)N[C@@H](C(=O)O)c2cc(O)cc(O[C@H]4O[C@H](CO)[C@@H](O)[C@H](O)[C@@H]4O)c2-c2cc3ccc2O)O[C@H](CO)[C@@H](O)[C@@H]1O,0.034146138
O=C(CNC(=O)c1cccc(C(F)(F)F)c1)N[C@@H]1CCN(Cc2ccc(Cl)cc2)C1,0.004311651
CCC[C@H](NC(=O)[C@@H]1[C@H]2CCC[C@H]2CN1C(=O)[C@@H](NC(=O)[C@@H](NC(=O)c1cnccn1)C1CCCCC1)C(C)(C)C)C(=O)C(=O)NC1CC1,0.0006604176
CNC(=O)c1cc(COc2nnc(Nc3ccc(Cl)cc3)c3ccoc23)ccn1,0.006506396
Cc1cn([C@@H]2C[C@@H](O)[C@H](CO)O2)c(=O)[nH]c1=O,0.021768218
O=C(N[C@@H]1CC[C@@H](c2cccc(F)c2F)CN(CC(F)(F)F)C1=O)N1CCC(n2c(=O)[nH]c3ncccc32)CC1,0.73300606
Cc1scc2c1N(C(=O)CN1CCN(C)CC1)c1ccccc1NC2=O,8.958951e-05
CC[C@H]1OC(=O)[C@H](C)C(=O)[C@H](C)[C@@H](O[C@@H]2O[C@H](C)C[C@H](N(C)C)[C@H]2O)[C@](C)(OC)C[C@@H](C)C(=O)[C@H](C)[C@H]2N(CCCCn3cnc(-c4cccnc4)c3)C(=O)O[C@]12C,0.04053393
CCOC(=O)N1CSC[C@@H]1C(=O)O,7.972984e-06
CCCc1nc2c(C)cc(-c3nc4ccccc4n3C)cc2n1Cc1ccc(-c2ccccc2C(=O)O)cc1,0.0009863029
Cc1ccn(-c2cc(Cl)ccc2[C@@H](Oc2cc(-c3ccc(C[C@H](N)C(=O)O)cc3)nc(N)n2)C(F)(F)F)n1,0.32076642
CCOC(=O)[C@@H](N)Cc1ccc(-c2cc(O[C@H](c3ccc(Cl)cc3-n3ccc(C)n3)C(F)(F)F)nc(N)n2)cc1,0.0048027094
CCCCCCCCCCCCCCCCCC(=O)NCCCCOn1c(CCCC)nc2c(N)nc3ccccc3c21,0.002660061
COc1cccc(C(=O)Nc2ccc(OCCN3CCOCC3)c(-c3ccnn3C)c2)c1,8.4305306e-05
COP(=S)(OC)Oc1ccc(Sc2ccc(OP(=S)(OC)OC)cc2)cc1,3.743803e-09
CCOC(=O)[C@H](CCc1ccccc1)N[C@H]1CS[C@H](c2cccs2)CN(CC(=O)O)C1=O,8.503828e-05
Oc1cccc(-c2c3nc(c(-c4cccc(O)c4)c4[nH]c(c(-c5cccc(O)c5)c5ccc([nH]5)c(-c5cccc(O)c5)c5nc2C=C5)CC4)C=C3)c1,1.432592e-08
Cn1nnc2c(C(N)=O)ncn2c1=O,0.020982355
CC1(C)CC(O)CC(C)(C)N1O,0.07995488
CO[C@H]1C[C@@H]2CC[C@@H](C)[C@@](O)(O2)C(=O)C(=O)N2CCCC[C@H]2C(=O)O[C@H]([C@H](C)C[C@@H]2CC[C@@H](OC(=O)C(C)(CO)CO)[C@H](OC)C2)CC(=O)[C@H](C)/C=C(\C)[C@@H](O)[C@@H](OC)C(=O)[C@H](C)C[C@H](C)/C=C/C=C/C=C/1C,0.51534975
Cc1sc2c(c1C)C(c1ccc(Cl)cc1)=N[C@@H](CC(=O)NCCCN1CCN(C)CC1)c1nnc(C)n1-2,0.0002666962
CC[C@H](Nc1ncnc2nc[nH]c12)c1oc2ccccc2c(=O)c1-c1cccc(F)c1,0.17486647
CN1Cc2c(Cl)cc(Cl)cc2[C@H](c2cccc(S(=O)(=O)NCCOCCOCCNC(=O)NCCCCNC(=O)NCCOCCOCCNS(=O)(=O)c3cccc([C@@H]4CN(C)Cc5c(Cl)cc(Cl)cc54)c3)c2)C1,0.20743054
COc1ccc2[nH]c([S@@](=O)Cc3ncc(C)c(OC)c3C)nc2n1,0.08565141
Cc1cc(N2CCN([C@@H]3CN[C@H](C(=O)N4CCSC4)C3)CC2)n(-c2ccccc2)n1,0.02444088
NC(=O)N1C(=O)[C@@H](C(=O)c2cccs2)c2cc(Cl)ccc21,0.008575418
O=C1NCCN[C@@H]1c1cccs1,2.7315058e-05
COc1cc([C@@H]2c3cc4c(cc3[C@@H](O[C@@H]3O[C@@H]5CO[C@@H](c6cccs6)O[C@H]5[C@H](O)[C@H]3O)[C@H]3COC(=O)[C@H]23)OCO4)cc(OC)c1O,0.0021379753
C[C@H](Cn1cnc2c(N)ncnc21)OCP(=O)(O)O,0.16960193
CC(C)OC(=O)[C@@H](C)NP(=O)(CO[C@@H](C)Cn1cnc2c(N)ncnc21)Oc1ccccc1,5.6815024e-05
CC(C)OC(=O)OCOP(=O)(CO[C@H](C)Cn1cnc2c(N)ncnc21)OCOC(=O)OC(C)C,0.0018282388
CC(=O)Nc1ccc(NC(=S)NC(=O)c2ccc(C(C)(C)C)cc2)cc1,0.025661608
CN(C)CCCCC(=O)Nc1ccc(NC(=S)NC(=O)c2ccc(C(C)(C)C)cc2)cc1,0.31922662
CN1C(C(=O)Nc2ccccn2)=C(O)c2sccc2S1(=O)=O,0.0019420608
O=C1/C(=C/c2cccs2)CCC/C1=C\c1cccs1,0.97938514
COc1ccc(-n2nc(CCC(=O)N(C)O)cc2-c2ccc(Cl)cc2)cc1,0.002655444
Cn1c2cc([S@@](C)=O)sc2c2cnn(Cc3cccc(N)c3)c(=O)c21,0.061322287
CC(=O)CC/C=C(\C)CC/C=C(\C)CC/C=C(\C)CCC=C(C)C,0.0015535037
COc1ccc(C[C@@H](C)[C@@H](C)Cc2ccc(OC)c(OC)c2)cc1OC,1.4277169e-05
COc1cc2nc(N3CCN(C(=O)[C@H]4CCCO4)CC3)nc(N)c2cc1OC,0.021830674
CN(C/C=C/C#CC(C)(C)C)Cc1cccc2ccccc12,0.0013889279
CC(C)(C)NC[C@@H](O)c1cc(O)cc(O)c1,0.13085997
C#CC1(OC[C@H](O)CN2CCN(c3cccc(C(F)(F)F)c3)CC2)CCCCC1,0.007303185
CC(C)N1CCN(c2ccc(OC[C@H]3CO[C@](Cn4cncn4)(c4ccc(Cl)cc4Cl)O3)cc2)CC1,0.31952915
CC(C)(C)c1ccc([C@@H](O)CCCN2CCC(C(O)(c3ccccc3)c3ccccc3)CC2)cc1,0.116808355
CCN(CC)C(=O)N[C@H]1C[C@@H]2c3cccc4[nH]cc(c34)C[C@H]2N(C)C1,2.9305864e-05
CC(=O)[C@@H](C#N)C(=O)Nc1ccc(C(F)(F)F)cc1,3.9665738e-05
NCCCC[C@H](NC(=O)[C@@H]1CCCN1C(=O)[C@@H]1CSSC[C@H](NC(=O)CNC(=O)CNC(=O)CN)C(=O)N[C@@H](Cc2ccc(O)cc2)C(=O)N[C@@H](Cc2ccccc2)C(=O)N[C@@H](CCC(N)=O)C(=O)N[C@@H](CC(N)=O)C(=O)N1)C(=O)NCC(N)=O,0.0028262965
C[C@@H](CC(c1ccccc1)c1ccccc1)NC(C)(C)C,0.0004595065
O=c1n(C[C@H]2CO2)c(=O)n(C[C@H]2CO2)c(=O)n1C[C@H]1CO1,0.9998934
CC(C)(O)[C@H]1CC[C@](C)(O)CC1,0.0002057422
C[C@H]1C(=O)C(=O)[C@@H]2O[C@@H]2C1=O,0.00036888913
Cc1ccc2c(c1CCC(=O)O)CC[C@@H](NS(=O)(=O)c1ccc(Cl)cc1)C2,0.30485174
CCO[C@@H](Cc1ccc(OCCc2ccc(OS(C)(=O)=O)cc2)cc1)C(=O)O,0.042563386
CCOc1ccc(-c2nc(-c3cccc(C(=O)O)n3)cs2)cc1OCC,0.131199
COc1cc2c(cc1OC)[C@@H]1CC(=O)[C@@H](CC(C)C)CN1CC2,3.6711276e-06
CCCCNc1ccc(C(=O)OCCN(C)C)cc1,0.0032933017
CN(C)[C@@H]1C(=O)[C@H](C(N)=O)C(=O)[C@@]2(O)C(=O)[C@@H]3C(=O)c4c(O)cccc4[C@@](C)(O)[C@H]3C[C@@H]12,0.006144504
CCCCCCCCCCCCCCSCC(=O)O,0.008383941
NCCNCCNCCNCCN,0.013141614
Nc1nc(=O)c2c([nH]1)NC[C@H](CNc1ccc(C(=O)N[C@@H](CCC(=O)O)C(=O)O)cc1)N2,0.043551125
COc1ccc(C[C@H]2NCCc3cc(OC)c(OC)cc32)cc1OC,1.9415644e-05
O=C1N[C@H](O)CCN1[C@@H]1O[C@H](CO)[C@@H](O)[C@H]1O,0.0016544398
c1ccc2c(c1)CCC[C@@H]2C1=NCCN1,3.4113873e-05
CN(C)C(=S)SC(=S)N(C)C,0.00011041116
COc1ccc2cc1Oc1ccc(cc1)C[C@H]1c3cc(c(OC)cc3CCN1C)Oc1c(OC)c(OC)cc3c1[C@H](C2)N(C)CC3,0.0013194091
N[C@@H](C(=O)O)c1nn[nH]n1,1.4077125e-06
c1cc2c(cc1C1CCCCC1)c1c3n2CCNC3CCC1,5.059303e-06
O=C1C(=O)C(O)C(=O)C(=O)C1O,7.191757e-05
CC(C)(CO)c1cc2cc(NC(=O)C3(c4ccc5c(c4)OC(F)(F)O5)CC3)c(F)cc2n1C[C@@H](O)CO,0.59461576
O=C(Nc1ccc(N2CCC(C(=O)N3CCOCC3)CC2)cc1)c1cnc(Oc2ccccc2)nc1,0.00960331
CCN1/C(=C/C(C)=O)Sc2ccc(OC)cc21,2.0575097e-05
CN1C/C=C/CCOc2cccc(c2)-c2ccnc(n2)Nc2cccc(c2)C1,0.005583133
Cc1cc(-c2cc(O)ccc2Cl)cc2nnc(Nc3ccc(OCCN4CCCC4)cc3)nc12,0.00017082196
Nc1nc(N)c2nc(-c3cccc(O)c3)cnc2n1,0.20125118
Cc1cc(-c2cc(OC(=O)c3ccccc3)ccc2Cl)cc2nnc(Nc3ccc(OCCN4CCCC4)cc3)nc12,0.012751514
Cc1cnc(Nc2ccc(N3CCN(C)CC3)cc2)nc1Nc1cccc(S(=O)(=O)NC(C)(C)C)c1,0.0022199326
CC(C)Oc1ccc(-c2nn([C@@H](C)c3oc4ccc(F)cc4c(=O)c3-c3cccc(F)c3)c3ncnc(N)c23)cc1F,0.020054493
Cc1cc([C@@H](C)Nc2ccccc2)c2nc(N3CCOCC3)cc(=O)n2c1,0.010392075
Nc1nc(N)c2nc(-c3cccc(O)c3)c(-c3cccc(O)c3)nc2n1,0.06513584
Cn1c(COP(=O)(NCCBr)NCCBr)cnc1[N+](=O)[O-],8.3490704e-05
Nc1nc(NC2CC2)cc(-c2cccc(Cl)c2Cl)n1,0.0043364074
COc1cc(C[C@H]2c3cc(OC)c(OC)cc3CCN2C)c(Oc2cc3c(cc2OC)-c2c(OC)c(OC)cc4c2[C@H](C3)N(C)CC4)cc1OC,5.2253554e-06
O=C1CC[C@H](N2C(=O)c3ccccc3C2=O)C(=O)N1,7.220785e-05
O=c1c(O)cc([C@H]2Oc3cc(O)cc(O)c3C[C@H]2O)c2cc([C@H]3Oc4cc(O)cc(O)c4C[C@H]3O)cc(O)c(O)c1-2,0.11148247
Cn1cnc2c1c(=O)[nH]c(=O)n2C,0.019046038
CCNC1=N[C@@H]2[C@@H](O)[C@H](O)[C@@H](CO)O[C@@H]2S1,0.0011324831
Cc1ncc(C[n+]2csc(CCO)c2C)c(N)n1,4.2200947e-05
Cc1ncc(C[n+]2csc(CCOP(=O)(O)OP(=O)(O)O)c2C)c(N)n1,0.0025880616
CS(=O)(=O)c1ccc([C@@H](O)[C@@H](CO)NC(=O)C(Cl)Cl)cc1,0.102739766
C=CCC1([C@H](C)CCC)C(=O)NC(=S)NC1=O,0.0025805223
O=C(NCc1ccccc1)c1csc(Nc2ccncn2)n1,0.0022898363
CCSc1ccc2c(c1)N(CCCN1CCN(C)CC1)c1ccccc1S2,1.5623911e-05
COc1c(O[C@@H]2O[C@H](CO)[C@@H](O)[C@H](O)[C@H]2O)cc2c(c1OC)-c1ccc(SC)c(=O)cc1[C@@H](NC(C)=O)CC2,0.3150885
O=C(O)CCCC[C@H]1CCSS1,0.0012493196
OCCSCCO,0.0010926292
Nc1nc2nc[nH]c2c(=S)[nH]1,0.005129581
C[CH2][Hg][S]c1ccccc1C(=O)O,0.01890356
CCC[C@@H](C)C1(CC)C(=O)NC(=S)NC1=O,0.00092800107
S=C(NC1CCCCC1)N1CCC([C@H]2C=NC=N2)CC1,0.00034092562
COC(=O)NC(=S)Nc1ccccc1NC(=S)NC(=O)OC,0.00021056097
CN1CCN(CCCN2c3ccccc3Sc3ccc(S(=O)(=O)N(C)C)cc32)CC1,7.132386e-05
CSc1ccc2c(c1)N(CCC1CCCCN1C)c1ccccc1S2,4.9943555e-06
O=C(O)CNC(=O)[C@@H](CS)Cc1ccccc1,9.444794e-05
C=C(NC(=O)C(=C)NC(=O)c1csc(C2=N[C@@H]3c4csc(n4)[C@H]4NC(=O)c5csc(n5)[C@H]([C@](C)(O)[C@@H](C)O)NC(=O)[C@H]5CSC(=N5)/C(=C/C)NC(=O)[C@H]([C@@H](C)O)NC(=O)c5csc(n5)[C@]3(CC2)NC(=O)[C@H](C)NC(=O)C(=C)NC(=O)[C@H](C)NC(=O)[C@H]([C@@H](C)CC)N[C@@H]2C=Cc3c([C@H](C)O)cc(nc3[C@H]2O)C(=O)O[C@@H]4C)n1)C(N)=O,0.20040813
S=P(N1CC1)(N1CC1)N1CC1,1.0318276e-05
CN1CCN(CC/C=C2/c3ccccc3Sc3ccc(S(=O)(=O)N(C)C)cc32)CC1,0.0013013441
CN(C)C(=S)SSC(=S)N(C)C,2.7572936e-08
CNc1ccc(-c2ccc3cc(OC[C@H](O)CF)ccc3n2)cn1,0.0016132424
CCCCCCCCCCCCCCCC[N+](C)(C)CCN(Cc1ccc(OC)cc1)c1ncccn1,0.38103905
COc1ccc(CN(CCN(C)C)c2ncccn2)cc1,0.012626311
CC(O)(C(=O)O)[C@@H](CC(=O)O)C(=O)O,0.013268618
CC[C@H](C)[C@H](NC(=O)[C@H](CCC(=O)O)NC(=O)[C@H](CO)NC(=O)[C@H](CO)NC(=O)[C@@H](NC(=O)[C@H](CC(=O)O)NC(=O)[C@@H](NC(=O)[C@H](C)NC(=O)[C@H](C)NC(=O)[C@H](CC(=O)O)NC(=O)[C@H](CO)NC(C)=O)C(C)C)[C@@H](C)O)C(=O)N[C@H](C(=O)N[C@H](C(=O)N[C@@H](CCCCN)C(=O)N[C@@H](CC(=O)O)C(=O)N[C@@H](CC(C)C)C(=O)N[C@@H](CCCCN)C(=O)N[C@@H](CCC(=O)O)C(=O)N[C@@H](CCCCN)C(=O)N[C@@H](CCCCN)C(=O)N[C@@H](CCC(=O)O)C(=O)N[C@H](C(=O)N[C@H](C(=O)N[C@@H](CCC(=O)O)C(=O)N[C@@H](CCC(=O)O)C(=O)N[C@@H](C)C(=O)N[C@@H](CCC(=O)O)C(=O)N[C@@H](CC(N)=O)C(=O)O)C(C)C)C(C)C)[C@@H](C)O)[C@@H](C)O,0.014907232
Cc1ccc(C(C)C)c(O)c1,0.0014709242
Cc1cc(OI)c(C(C)C)cc1-c1cc(C(C)C)c(OI)cc1C,5.3954636e-06
CC(C)[C@H](NC(=O)[C@H](CC(=O)O)NC(=O)[C@H](CCCCN)NC(=O)[C@@H](N)CCCNC(=N)N)C(=O)N[C@@H](Cc1ccc(O)cc1)C(=O)O,0.023385007
CN(C)C/C=C/C(=O)Nc1ccc(C(=O)Nc2cccc(Nc3ncc(Cl)c(-c4c[nH]c5ccccc45)n3)c2)cc1,0.014014909
CN(C)CCCC(=O)Nc1ccc(C(=O)Nc2cccc(Nc3ncc(Cl)c(-c4c[nH]c5ccccc45)n3)c2)cc1,0.031360693
CN(C)C/C=C/C(=O)Nc1cccc(C(=O)Nc2cccc(Nc3ncc(Cl)c(-c4c[nH]c5ccccc45)n3)c2)c1,0.024643643
c1ccc2[nH]c(-c3cscn3)nc2c1,0.00037810227
Cc1ccsc1C(=CCCN1CCC[C@@H](C(=O)O)C1)c1sccc1C,0.013949701
CN1c2ccccc2[C@@H](NCCCCCCC(=O)O)c2ccc(Cl)cc2S1(=O)=O,0.0032726277
CCN(CC)CCNC(=O)c1cc(S(C)(=O)=O)ccc1OC,4.5351568e-05
C[C@@H](C(=O)O)c1ccc(C(=O)c2ccccc2)s1,0.017561845
O=C(Cn1c(=O)sc2ccc(Cl)cc21)N1CCN(CCO)CC1,0.00678737
C#C[C@]1(O)CC[C@@H]2[C@H]3[C@H](C)CC4=C(CCC(=O)C4)[C@H]3CC[C@@]21C,2.9640332e-05
CCCSc1nc(N[C@@H]2C[C@H]2c2ccc(F)c(F)c2)c2nnn([C@@H]3C[C@H](OCCO)[C@@H](O)[C@H]3O)c2n1,0.5509123
CC1(C)S[C@@H]2[C@H](NC(=O)[C@H](C(=O)O)c3ccsc3)C(=O)N2[C@H]1C(=O)O,0.018628007
Clc1ccccc1CN1CCc2sccc2C1,0.00022838319
Cc1ccccc1CN1C2=NCCN2C(=O)C2=C1CCN(Cc1ccccc1)C2,0.00046347707
O=c1sn(-c2cccc3ccccc23)c(=O)n1Cc1ccccc1,0.0036856723
O=C(O)COc1ccc(C(=O)c2cccs2)c(Cl)c1Cl,0.03506938
COc1ccc2cc(-c3[nH]c(-c4ccc([S@@](C)=O)cc4)nc3-c3ccncc3)ccc2c1,0.09730716
CC1(NC2=NS(=O)(=O)c3sc(Cl)cc3N2)CC1,0.0005772639
CN(C)c1cc(NC(=O)CNC(C)(C)C)c(O)c2c1C[C@H]1C[C@H]3[C@H](N(C)C)C(=O)[C@@H](C(N)=O)C(=O)[C@@]3(O)C(=O)[C@H]1C2=O,0.7875876
CC[C@H]1OC(=O)C[C@@H](O)[C@H](C)[C@@H](O[C@@H]2O[C@H](C)[C@@H](O)[C@H](N(C)C)[C@H]2O)[C@@H](CCN2C[C@H](C)C[C@H](C)C2)C[C@@H](C)C(=O)/C=C/C(C)=C/[C@@H]1CO[C@@H]1O[C@H](C)[C@@H](O)[C@@H](OC)[C@H]1OC,0.028487943
CCN(CC)CCOc1ccc2c(c1)C(=O)c1cc(OCCN(CC)CC)ccc1-2,5.493048e-07
O=P(O)(O)C(Sc1ccc(Cl)cc1)P(=O)(O)O,0.7730497
CC(C)(Oc1ccc(Cl)cc1)C(=O)N1CSC[C@@H]1C(=O)O,0.0017242711
CC(C)(C)NC[C@H](O)COc1nsnc1N1CCOCC1,3.695085e-05
O=C(O)[C@H]1CSCN1,0.0021781414
c1ccc2c(SC3=NCCN3)c[nH]c2c1,0.00026471494
CCS(=O)(=O)CCn1c([N+](=O)[O-])cnc1C,0.00091737846
CCOC(=O)c1c(N)sc2c1CCN(Cc1ccccc1)C2,0.001258076
Clc1ccc([C@H](Cn2ccnc2)OCc2ccsc2Cl)c(Cl)c1,0.013603568
Nc1nc(=S)c2ncn([C@@H]3O[C@H](CO)[C@@H](O)[C@H]3O)c2[nH]1,0.11441533
C[C@@H](S)C(=O)NCC(=O)O,6.640114e-05
CN=C(NC#N)NCCSCc1csc(NC(=N)N)n1,0.03474418
C[N+]1(C)[C@@H]2C[C@@H](OC(=O)C(O)(c3cccs3)c3cccs3)C[C@H]1[C@@H]1O[C@@H]12,0.001440617
O=c1oc2cc(O)ccc2s1,0.041435305
CCCc1c(SCCCOc2ccc(C(C)=O)c(OCCCC(=O)O)c2CCC)ccc(C(C)=O)c1O,0.53995883
Cn1cncc1[C@@](N)(c1ccc(Cl)cc1)c1ccc2c(c1)c(-c1cccc(Cl)c1)cc(=O)n2C,0.0021941199
N=C1CCCN1Cc1[nH]c(=O)[nH]c(=O)c1Cl,0.00039653078
O=C(O)C(=O)c1cn(Cc2ccccc2)c2ccc(-c3ccc(OC(F)(F)F)cc3)cc12,0.68562126
CCC[C@@]1(CCc2ccccc2)CC(=O)[C@@H]([C@H](CC)c2cccc(NS(=O)(=O)c3ccc(C(F)(F)F)cn3)c2)C(=O)O1,0.022045804
CSc1ccccc1OC[C@@H](O)CNC(C)C,8.565199e-05
C[N@+]12CCCC[C@@H]1CCC(=C(c1cccs1)c1cccs1)C2,0.005272951
CCOC(=O)Nc1ccc2c(c1)N(C(=O)CN(C)C)c1ccccc1CC2,5.2072473e-06
Nc1n[n+]([O-])c2ccccc2[n+]1[O-],0.00018583711
C#Cc1cnc2[nH]c(=O)n(C(CC)CC)c2n1,0.0629785
O=C(O)Cc1cc(I)c(Oc2ccc(O)c(I)c2)c(I)c1,6.663095e-05
CCCCS(=O)(=O)N[C@@H](Cc1ccc(OCCCCC2CCNCC2)cc1)C(=O)O,0.48327845
[Cl][Ti]([Cl])([CH]1C=CC=C1)[CH]1C=CC=C1,0.004680598
O=C1NC(=O)[C@@H](c2cn3c4c(cccc24)CCC3)[C@@H]1c1c[nH]c2ccccc12,0.060594264
COc1cc2nccc(Oc3ccc(NC(=O)Nc4cc(C)on4)c(Cl)c3)c2cc1OC,0.17422567
Clc1ccc2nsnc2c1NC1=NCCN1,0.00094905525
Cc1ccc(CCCO)c(NCc2ccc3nc(NCCCN4CCOCC4)n(Cc4nc(C)ccc4O)c3c2)c1,0.75201
COc1ccc2c(c1)C=C1Cn3c-2c(C2CCCCC2)c2ccc(cc23)C(=O)NS(=O)(=O)N(C)CCOCCN(C)C1=O,0.011453756
O=C(NC(=O)c1c(F)cccc1Cl)NC1c2ccccc2-c2ccccc21,0.0028929557
CCCCCCC(=O)OC1CC(C)(C)NC(C)(C)C1,2.299949e-06
COc1cc(/C=C/c2ccc(OC)cc2OC)cc(OC)c1,7.3573654e-05
CO[C@@H]1[C@H](OC(=O)NC(=O)CCl)CC[C@]2(CO2)[C@H]1[C@@]1(C)O[C@@H]1CC=C(C)C,0.0094946325
NC[C@H]1O[C@H](O[C@H]2[C@H](O)[C@@H](O[C@H]3O[C@H](CO)[C@@H](O)[C@H](N)[C@H]3O)[C@H](N)C[C@@H]2N)[C@H](N)C[C@@H]1O,0.953701
Cc1cccc(C)c1NC(=O)[C@@H](C)N,0.0011032217
Cc1[nH]c(/C=C2\C(=O)Nc3ccc(F)cc32)c(C)c1C(=O)NCCN1CCCC1,0.0031428013
Cc1c(C)c2c(c(C)c1OC(=O)CCC(=O)OCCO)CC[C@@](C)(CCC[C@H](C)CCC[C@H](C)CCCC(C)C)O2,0.7637657
CCOC(=O)NNc1nncc2ccccc12,1.2044091e-05
C[C@@H]1CCN(C(=O)CC#N)C[C@@H]1N(C)c1ncnc2[nH]ccc12,0.001612041
CCC1=C(C)NN=C(c2ccc(OC)c(OC)c2)c2cc(OC)c(OC)cc21,0.00016006692
CCc1ccc(Cc2ccc3c(c2)[C@]2(OC3)O[C@H](CO)[C@@H](O)[C@H](O)[C@H]2O)cc1,3.2257883e-06
Cc1ccccc1OC[C@@H](O)CNCCOc1ccc(C(N)=O)cc1,0.005026854
Cc1ccc(S(=O)(=O)NC(=O)NN2CCCCCC2)cc1,0.0005154369
c1ccc(CC2=NCCN2)cc1,0.00010555974
CCCCNC(=O)NS(=O)(=O)c1ccc(C)cc1,0.0016090876
Cc1ccc(C(=O)c2cc(O)c(O)c([N+](=O)[O-])c2)cc1,0.0017512133
Cc1c(Cl)cccc1Nc1ccccc1C(=O)O,0.3076237
Cc1cccc(Oc2cnc(=O)[nH]c2)c1,0.0025114932
Cc1ccc(C(=O)c2ccc(CC(=O)O)n2C)cc1,0.00058397884
Cc1cccc(N(C)C(=S)Oc2ccc3ccccc3c2)c1,0.00027580242
Cc1ccc(NC2=NCCN2)c(Cl)c1,0.009813282
Cc1cc2nc3ccc(=[N+](C)C)cc-3sc2cc1N,0.0013102693
Cc1cccc(N2C[C@@H](CO)OC2=O)c1,0.02241699
Cc1ccc(C(=O)[C@@H](C)CN2CCCCC2)cc1,0.033170957
COc1ccc2c(C(=S)N(C)CC(=O)O)cccc2c1C(F)(F)F,0.032929752
Cc1ccc(O)c([C@H](CCN(C(C)C)C(C)C)c2ccccc2)c1,0.000108630156
Cc1cc(-n2c(=O)[nH]c(=O)n(C)c2=O)ccc1Oc1ccc(SC(F)(F)F)cc1,0.016420484
Cc1ccccc1C(=O)Nc1ccc(C(=O)N2CCC[C@@H](O)c3cc(Cl)ccc32)c(C)c1,0.01562143
CN(C)c1cccc2c(S(=O)(=O)Nc3ccc(NC(=O)C(C)(C)CO)cc3)cccc12,0.014139519
CCCc1c(OCCCCc2nn[nH]n2)ccc(C(C)=O)c1O,0.00190616
Cc1cc(Nc2cc(N)ncn2)c(=O)n2c1C(=O)NC21CCCCC1,0.005308961
CC(=O)c1ccc2c(c1)[C@H](NC(=O)c1ccc(F)c(Cl)c1)[C@H](O)C(C)(C)O2,0.012151503
C[C@](O)(CNC(=O)C(F)(F)F)C(=O)Nc1ccc([N+](=O)[O-])c(C(F)(F)F)c1,0.020204736
CC1(C)O[C@@H]2[C@@H](CO[C@@]3(COS(N)(=O)=O)OC(C)(C)O[C@@H]23)O1,1.7294932e-08
N#Cc1cc(-c2nnc(-c3ccncc3)[nH]2)ccn1,0.0013300456
CC[C@@]1(O)C(=O)OCc2c1cc1n(c2=O)Cc2cc3c(CN(C)C)c(O)ccc3nc2-1,0.028572194
Cc1cccc(Nc2ccncc2S(=O)(=O)NC(=O)NC(C)C)c1,0.0005268649
CCOC(=O)N1c2ccc(C(F)(F)F)cc2[C@@H](N(Cc2cc(C(F)(F)F)cc(C(F)(F)F)c2)C(=O)OC)C[C@H]1CC,0.8172081
Nc1ccn([C@H]2C[C@H](O)[C@@H](CO)O2)c(=O)n1,0.99911004
CN(C)CCOc1ccc(/C(=C(/CCCl)c2ccccc2)c2ccccc2)cc1,0.008588278
CCC(=O)N1CCN(c2ccc(-n3c(=O)ccc4cnc5ccc(-c6cnc7ccccc7c6)cc5c43)cc2C(F)(F)F)CC1,0.0010918014
Nc1ccc(-c2ccc3ncc4ccc(=O)n(-c5cccc(C(F)(F)F)c5)c4c3c2)cn1,0.01575464
CC(C)C[C@@H](C(=O)N[C@H](C(=O)OC1CCCC1)c1ccccc1)[C@H](O)C(=O)NO,0.043063458
N[C@H]1CCN(c2nc3c(cc2F)c(=O)c(C(=O)O)cn3-c2ccc(F)cc2F)C1,0.9992212
N#Cc1cn([C@@H]2O[C@H](CO)[C@@H](O)[C@H]2O)c2ncnc(N)c12,0.64124405
COc1ccc(N2CCOCC2)c2sc(NC(=O)N3CCC(C)(O)CC3)nc12,0.060867287
Cc1cc(Nc2cc(N3CCN(C)CC3)nc(Sc3ccc(NC(=O)C4CC4)cc3)n2)[nH]n1,0.8798605
CC(C)(O)c1ccn2c(-c3ccc(F)c(-c4ccc(F)cc4C#N)c3)cnc2c1F,0.9415795
CN1CCN(Cc2ccc(Nc3ncc(Cl)c(Nc4ccccc4S(=O)(=O)N(C)C)n3)cc2)CC1,0.013245681
CC(C)(O)[C@H]1CC[C@H](Nc2ccc3ncc(-c4cccc(C(F)(F)F)c4)n3n2)CC1,0.010381551
NC(=O)Nc1sc(-c2ccc(F)cc2)cc1C(N)=O,0.40482083
O=S(=O)(O)c1ccc(-c2c3nc(c(-c4ccc(S(=O)(=O)O)cc4)c4ccc([nH]4)c(-c4ccc(S(=O)(=O)O)cc4)c4nc(c(-c5ccc(S(=O)(=O)O)cc5)c5ccc2[nH]5)C=C4)C=C3)cc1,0.0004042574
O=[N+]([O-])OC[C@H]1O[C@@H](n2cnc3c(NC4CCCC4)ncnc32)[C@H](O)[C@@H]1O,0.075316094
CCCCNc1c(C(=O)OCC)c(C)nc2c1cnn2CC,0.0068920036
O=C(c1ccccc1Cl)c1cccnc1-c1nnn(Cc2cc(C(F)(F)F)cc(C(F)(F)F)c2)c1-c1ccncc1,0.052400757
Clc1ccccc1C(c1ccccc1)(c1ccccc1)n1cccn1,0.00069571455
N#CC(c1ccccc1)(c1ccccc1)c1ccccc1Cl,0.00017257618
CC(=O)Nc1cccc(-n2c(=O)n(C3CC3)c(=O)c3c(Nc4ccc(I)cc4F)n(C)c(=O)c(C)c32)c1,0.06417321
NCCCS(=O)(=O)O,0.0017349123
CCOC(=O)[C@H](CCc1ccccc1)N[C@@H](C)C(=O)N1[C@H](C(=O)O)C[C@H]2CCCC[C@@H]21,0.00011457413
NC[C@H]1CC[C@H](C(=O)O)CC1,0.90428627
COc1ccc(/C=C/C(=O)Nc2ccccc2C(=O)O)cc1OC,0.014960037
CCCCC/C=C\C=C\CCCCCCCCC(=O)O,0.013230495
CCCCCCCC/C=C/C(=O)O,0.0017123959
O=C(O)C1CCC(c2cc3cccnc3c(-c3cccc(F)c3)n2)CC1,0.00034604932
O=C(O)/C=C/CO,0.0014198453
COc1ccc(/C=C/C(=O)O)cc1,0.00025053954
CC(/C=C/C=C(\C)C(=O)O)=C\C=C\C=C(C)\C=C\C=C(/C)C(=O)O,1.0039184e-05
N[C@H]1C[C@@H]1c1ccccc1,0.09157008
CCn1c(=O)n(C2=C(CO)CN(CC3CCCCCCC3)CC2)c2ccccc21,0.80942136
CCN(CC)c1cc(C)nc2ncnn12,0.0017474357
CC(C)OC(=O)CCC/C=C\C[C@@H]1[C@@H](/C=C/[C@@H](O)COc2cccc(C(F)(F)F)c2)[C@H](O)C[C@@H]1O,0.0032069145
C[C@@H]([C@@H](O)c1ccc(O)cc1)N1CCC(O)(c2ccccc2)CC1,4.1943968e-05
O=c1n(CCCN2CCN(c3cccc(Cl)c3)CC2)nc2ccccn12,0.00059505587
C[C@H]1Oc2ccccc2C[C@@H]1N(C)C,5.085869e-05
Cn1c(=O)cc(N2CCC[C@@H](N)C2)n(Cc2cc(F)ccc2C#N)c1=O,0.7051392
C(#CCN1CCCC1)CN1CCCC1,1.1981447e-06
CS(=O)(=O)OC[C@H](O)[C@@H](O)COS(C)(=O)=O,2.3235978e-05
CCOc1cc(OCC)c(C(=O)CCC(=O)O)cc1OCC,0.38541082
CCCCC[C@H](O)CC[C@@H]1[C@H]2Cc3cccc(OCC(=O)O)c3C[C@H]2C[C@H]1O,0.0006471743
COc1cc2c(cc1OC)-c1c/c(=N\c3c(C)cc(C)cc3C)n(C)c(=O)n1CC2,0.0008184525
NC(=O)c1cc(N2CC2)c([N+](=O)[O-])cc1[N+](=O)[O-],0.065653004
CC1=C(/C=C/C(C)=C/C=C/C(C)=C/C(=O)O)C(C)(C)CCC1,0.002595338
CC(=O)OCC(COC(C)=O)OC(C)=O,9.206157e-06
C[C@]12C=CC(=O)C=C1CC[C@H]1[C@@H]3C[C@@H](O)[C@](O)(C(=O)CO)[C@@]3(C)C[C@H](O)[C@@]12F,0.7763227
CC1(C)O[C@@H]2C[C@H]3[C@@H]4CCC5=CC(=O)C=C[C@]5(C)[C@@]4(F)[C@@H](O)C[C@]3(C)[C@]2(C(=O)CO)O1,0.013358874
CC(C)(C)CC(=O)OCC(=O)[C@@]12OC(C)(C)O[C@@H]1C[C@H]1[C@@H]3CCC4=CC(=O)C=C[C@]4(C)[C@@]3(F)[C@@H](O)C[C@@]12C,1.0335668e-05
Nc1nc(N)c2nc(-c3ccccc3)c(N)nc2n1,0.353567
NC(=S)N/N=C/c1ncccc1N,1.1163944e-05
CCO[C@H]1O[C@H]([C@@H](COCc2ccccc2)OCc2ccccc2)[C@H](OCc2ccccc2)[C@H]1O,4.1354815e-06
O=C(Nc1ccc(Br)cc1)c1cc(Br)cc(Br)c1O,0.00079543696
OCC(Br)(Br)Br,4.4682565e-05
CCCC(=O)OCC(COC(=O)CCC)OC(=O)CCC,0.0032212976
CCCCCCCC(=O)OCC(COC(=O)CCCCCCC)OC(=O)CCCCCCC,0.0004385352
NS(=O)(=O)c1cc2c(cc1Cl)N[C@H](C(Cl)Cl)NS2(=O)=O,0.990449
O=C(O)C(Cl)(Cl)Cl,0.00082316913
ClC=C(Cl)Cl,0.009009038
CC(/C=C/C(=O)NO)=C\[C@@H](C)C(=O)c1ccc(N(C)C)cc1,0.0011452232
CN1N=C(N)c2cn([C@@H]3O[C@H](CO)[C@@H](O)[C@H]3O)c3ncnc1c23,0.05130759
CN1N=C(N)c2cn([C@@H]3O[C@H](COP(=O)(O)O)[C@@H](O)[C@H]3O)c3ncnc1c23,0.8608962
CSc1nc2cc(Cl)c(Oc3cccc(Cl)c3Cl)cc2[nH]1,0.03674881
O=C(Nc1ccc(Cl)cc1)Nc1ccc(Cl)c(Cl)c1,0.11517955
Oc1cc(Cl)ccc1Oc1ccc(Cl)cc1Cl,0.99284536
CC[N+](CC)(CC)CC[C@](O)(c1ccccc1)C1CCCCC1,1.3472604e-06
NCCNCCNCCN,0.011743847
CO/N=C(/C(=O)OC)c1ccccc1CO/N=C(\C)c1cccc(C(F)(F)F)c1,0.0021208508
CN1CCN(CCCN2c3ccccc3Sc3ccc(C(F)(F)F)cc32)CC1,0.0001379049
CN(C)CCCN1c2ccccc2Sc2ccc(C(F)(F)F)cc21,0.0004281252
O=c1[nH]c(=O)n([C@H]2C[C@H](O)[C@@H](CO)O2)cc1C(F)(F)F,0.9993711
CC(=O)Oc1cc(C(F)(F)F)ccc1C(=O)O,0.025811713
C[n+]1cccc(C(=O)O)c1,0.002038819
O[C@](CCN1CCCCC1)(c1ccccc1)C1CCCCC1,0.0061057806
CN1CCN(c2ccc(Nc3ncc4cc5n(c4n3)C3(CCCCC3)CNC5=O)nc2)CC1,0.15976408
C[C@]12CC[C@H]3[C@@H](CC[C@@]45O[C@@H]4C(=O)[C@H](C#N)C[C@]35C)[C@@H]1CC[C@@H]2O,0.0005651289
FC(F)(F)c1ccccc1-n1ccnc1,0.0043987823
CC[C@@](COC(=O)c1cc(OC)c(OC)c(OC)c1)(c1ccccc1)N(C)C,6.073938e-05
COc1ccc(CN2CCNCC2)c(OC)c1OC,0.00048550576
CN1C(=O)OC(C)(C)C1=O,7.277006e-06
COc1cc(C(=O)NCc2ccc(OCCN(C)C)cc2)cc(OC)c1OC,0.00038248766
COc1cc(Cc2cnc(N)nc2N)cc(OC)c1OC,0.41250226
COc1cc(C[C@H]2NCCc3cc(O)c(O)cc32)cc(OC)c1OC,0.00012899384
C=CC(=O)OCC(CC)(COC(=O)C=C)COC(=O)C=C,0.0013008497
COc1cc(C(=O)N2CCOCC2)cc(OC)c1OC,0.0037088718
COc1cc(NCc2ccc3nc(N)nc(N)c3c2C)cc(OC)c1OC,0.95259565
C[C@@H](CN(C)C)CN1c2ccccc2CCc2ccccc21,0.0020707746
Cc1cc2cc3c(C)cc(=O)oc3c(C)c2o1,0.0004939102
CN(C)CCN(Cc1ccccc1)c1ccccn1,0.00063735794
Cc1ccc(/C(=C\CN2CCCC2)c2ccccn2)cc1,0.0002593733
CC(C)C(C)(C)C,0.00015445569
CC(C)[C@]12O[C@H]1[C@@H]1O[C@]13[C@]1(O[C@H]1C[C@H]1C4=C(CC[C@@]13C)C(=O)OC4)[C@@H]2O,0.00018499151
CC(C)C[C@H](NC(=O)[C@@H](Cc1c[nH]c2ccccc12)NC(=O)[C@H](Cc1ccc(O)cc1)NC(=O)[C@H](CO)NC(=O)[C@H](Cc1c[nH]c2ccccc12)NC(=O)[C@H](Cc1cnc[nH]1)NC(=O)[C@@H]1CCC(=O)N1)C(=O)N[C@@H](CCCNC(=N)N)C(=O)N1CCC[C@H]1C(=O)NCC(N)=O,0.101993695
O=c1[nH]c(=O)n(Cl)c(=O)n1Cl,0.36806205
CC(C)[C@@H](CC[C@@H](C)[C@H]1CC[C@H]2[C@@H]3[C@H](O)C[C@H]4C[C@@H](NCCCNCCCCNCCCN)CC[C@]4(C)[C@H]3CC[C@]12C)OS(=O)(=O)O,0.531853
NCC(=O)N1CCC[C@H]1C(=O)N[C@@H](CCC(=O)O)C(=O)O,3.364906e-05
O=[P@]1(N(CCCl)CCCl)OCCCN1CCCl,0.04777483
Cc1c(C)c2c(c(C)c1O)CC[C@](C)(COc1ccc(C[C@H]3SC(=O)NC3=O)cc1)O2,8.874392e-06
CO[C@H]1C[C@H](O[C@H]2[C@H](C)[C@@H](O[C@@H]3O[C@H](C)C[C@H](N(C)C)[C@H]3OC(C)=O)[C@@H](C)C[C@@]3(CO3)C(=O)[C@H](C)[C@@H](OC(C)=O)[C@@H](C)[C@@H](C)OC(=O)[C@@H]2C)O[C@@H](C)[C@@H]1OC(C)=O,7.481163e-06
Cc1c(C)c2c(c(C)c1O)CC[C@@](C)(C(=O)O)O2,0.0026632345
O=C(O)c1ccccc1NCCc1ccccc1,0.19097835
NC(CO)(CO)CO,3.6349797e-07
Cc1cc(C)cc(C(=O)O[C@H]2C[C@H]3CC[C@@H](C2)N3C)c1,1.6327862e-05
COc1ccc2c(c1)c(CC(=O)OC[C@@H](C(=O)O)c1ccccc1)c(C)n2C(=O)c1ccc(Cl)cc1,0.0266597
CCN(Cc1ccncc1)C(=O)[C@@H](CO)c1ccccc1,0.056246
O=C(O)c1cc(F)c2nc(N3[C@@H]4CC[C@H]3C[C@@H](OCc3c(-c5ccccc5OC(F)(F)F)noc3C3CC3)C4)sc2c1,0.9677319
CN1[C@@H]2CC[C@H]1C[C@@H](OC(=O)c1c[nH]c3ccccc13)C2,0.0005781397
O=C(O[C@H]1C[C@H]2CC[C@@H](C1)[N+]21CCCC1)C(O)(c1ccccc1)c1ccccc1,3.8822447e-05
N[C@@H]1[C@H]2CN(c3nc4c(cc3F)c(=O)c(C(=O)O)cn4-c3ccc(F)cc3F)C[C@@H]12,0.9999769
CCC(CO)(C(=O)OC1C[C@H]2CC[C@@H](C1)[N+]2(C)C)c1ccccc1,0.00022296607
S=C(NCCc1ccccn1)Nc1ccc(Br)cn1,0.0025894814
C[C@@H]1O[C@@H](OC[C@H]2O[C@@H](Oc3c(-c4ccc(OCCO)c(OCCO)c4)oc4cc(OCCO)cc(O)c4c3=O)[C@H](O)[C@@H](O)[C@@H]2O)[C@H](O)[C@H](O)[C@H]1O,0.0337535
COc1cc(C(=O)N[C@H]2CCCNC2)cc(OC)c1OC,0.00029905414
COc1ccsc1CNCC[C@@]1(c2ccccn2)CCOC2(CCCC2)C1,0.004390264
O=C1c2ccccc2-n2c1nc1ccccc1c2=O,0.048968304
N[C@@H](Cc1c[nH]c2ccccc12)C(=O)O,0.07637942
[O-][N+]CNc1ccc(N2CCOCC2)c(Cl)c1,3.9353505e-05
C/C(=C\c1ccc(C(=O)O)cc1)c1ccc2c(c1)C(C)(C)CCC2(C)C,0.0020575232
Cc1ccc(-c2csc3ncnc(SCCC(=O)O)c23)cc1,0.009306156
CCOC(=O)c1ccccc1OC(=O)CCCCCCCC(=O)Oc1ccccc1C(=O)OCC,0.07367207
CCCCC[C@@H](C)N,0.0040180944
CN1CCc2c(c3ccccc3n2Cc2ccc(C(=O)NO)cc2)C1,0.0002241497
COc1cc2c3cc1Oc1cc(ccc1O)C[C@@H]1c4c(cc(OC)c(O)c4Oc4ccc(cc4)C[C@@H]3N(C)CC2)CC[N+]1(C)C,0.00027447456
Cc1cc(Nc2ncnc3ccc(NC4=NC(C)(C)CO4)cc23)ccc1Oc1ccn2ncnc2c1,4.1036787e-06
Nc1cc(F)ccc1NC(=O)c1ccc(CNC(=O)/C=C/c2cccnc2)cc1,0.0007176224
C[C@@H](O)[C@H](N)C(=O)N[C@@H](CCCCN)C(=O)N1CCC[C@H]1C(=O)N[C@@H](CCCNC(=N)N)C(=O)O,0.00018871503
N#CCc1ccccc1C#Cc1ccc(CCC(=O)O)c(F)c1,0.35768965
Cc1ccc(-c2ccc(F)cc2COc2ccc(CCC(=O)O)cc2)cc1,0.009960258
CC(C)(C)NC[C@H](O)c1ccccc1Cl,6.7497116e-05
O=C1c2cc3nnn(CCc4cccc(F)c4)c(=O)c3cc2OCN1C1CC1,0.021916443
CC(C)c1ccccc1Cc1cc(C(=O)Nc2ccc(S(=O)(=O)c3ccccc3C(C)(C)C)cc2)c(O)c(O)c1O,0.018672192
Nc1cccc(-c2cc3c(Oc4cccc(O)c4)ncnc3[nH]2)c1,0.027296761
CC[C@H](C)[C@H](NC(=O)[C@H](Cc1ccc(O)cc1)NC(=O)[C@@H](NC(=O)[C@H](CCCNC(=N)N)NC(=O)[C@@H](N)CC(=O)O)C(C)C)C(=O)N[C@@H](Cc1cnc[nH]1)C(=O)N1CCC[C@H]1C(=O)O,0.09841462
CC(C)(C)C(=O)C(=NNc1ccc(Cl)cc1)Nc1ccc(Cl)cc1,0.013968532
CC[C@H]1OC(=O)C[C@@H](O)[C@H](C)[C@@H](O[C@@H]2O[C@H](C)[C@@H](O[C@H]3C[C@@](C)(O)[C@@H](O)[C@H](C)O3)[C@H](N(C)C)[C@H]2O)[C@@H](CC=O)C[C@@H](C)C(=O)/C=C/C(C)=C/[C@@H]1CO[C@@H]1O[C@H](C)[C@@H](O)[C@@H](OC)[C@H]1OC,0.00034407587
Cc1ccc(C(C)C)c(OCC2=NCCN2)c1,4.1539817e-05
COc1cc2ncc(-c3ccccc3)nc2cc1OC,5.1568e-05
COc1cc2ncnc(Nc3cccc(Cl)c3)c2cc1OC,0.0002765009
N#CC(C#N)=Cc1ccc(O)c(O)c1,0.0064125992
N#C/C(=C\c1ccc(O)c(O)c1)C(=O)Nc1ccccc1,0.016182544
COc1cc(/C=C(\C#N)C(N)=O)cc(CSc2nc3ccccc3s2)c1O,0.0015730133
C[C@H](NC(=O)/C(C#N)=C/c1ccc(O)c(O)c1)c1ccccc1,0.0028777132
CC(C)(C)c1cc(/C=C(\C#N)C(N)=S)cc(C(C)(C)C)c1O,8.083122e-06
N#C/C(=C\c1ccc(O)c(O)c1)C(N)=O,0.06382694
CC(C)(C)c1cc(C=C(C#N)C#N)cc(C(C)(C)C)c1O,3.3743374e-05
CSC(=N)C(C#N)C(C#N)C(=N)SC,0.0021405087
N#CC(C(=N)Sc1ccccc1N)C(C#N)C(=N)Sc1ccccc1N,0.001968936
CC(C)C(=O)c1ccc(O)c(O)c1,0.00020805898
NS(=O)(=O)c1ccc(NC(=O)Nc2ccc(F)cc2)cc1,0.62603503
CCN(CC)CCO[C@H]1CC[C@@]2(C)C(=CC[C@@H]3[C@@H]2CC[C@]2(C)C(=O)CC[C@@H]32)C1,1.8307833e-06
CN(C(=O)Cc1ccc(Cl)c(Cl)c1)[C@H]1CCCC[C@@H]1N1CCCC1,0.00013938824
CN(C(=O)c1ccc(Cl)c(Cl)c1)[C@@H]1CCCC[C@@H]1N1CCCC1,0.0007737506
C[C@H](NC(=O)[C@@H](Cc1c[nH]c2ccccc12)NC(=O)[C@@H](N)Cc1cnc[nH]1)C(=O)N[C@@H](Cc1c[nH]c2ccccc12)C(=O)N[C@H](Cc1ccccc1)C(=O)N[C@@H](CCCCN)C(N)=O,0.021347547
CCCN(CCC)C1Cc2cc(OC)c(OC)cc2C1,6.1352694e-06
N[C@@H](CCNCc1ccc(Cl)cc1)C(=O)N1CCCCC1,0.22681606
CC(C)C[C@H](NC(=O)[C@@H](O)[C@H](N)Cc1ccccc1)C(=O)O,0.0021562662
N[C@@H](Cn1ccc(=O)n(Cc2ccccc2C(=O)O)c1=O)C(=O)O,0.46782655
Cc1cn(C[C@H](N)C(=O)O)c(=O)n(Cc2ccsc2C(=O)O)c1=O,0.04705849
Oc1c(CN2CCCC2)cc(COCc2ccccc2)c2cccnc12,1.6421449e-06
c1ccc(C(NCc2cccnc2)(c2ccccc2)c2ccccc2)cc1,0.004231491
CCCOc1ccc(S(=O)(=O)NCC[C@@H]2CCCN2C)cc1-c1nc2c(CCC)nn(C)c2c(=O)[nH]1,0.0004510698
CCCCNNC(=O)c1ccc(Br)cc1,0.00049603666
CCCCOC(=O)c1ccccc1Nc1cccc(C(F)(F)F)c1,0.051325742
CCCN(CCC)[C@@H]1CCc2c(OC)cccc2[C@@H]1C,6.717169e-05
Cc1cc(CCC[C@H](CC(=O)NO)C(=O)N[C@H](C(=O)N[C@H](C)c2ccccc2)C(C)(C)C)ccc1-c1ccccc1,0.01808676
NC(=O)c1noc([C@H](CCCC2CCCCC2)CC(=O)NO)n1,5.0455606e-06
N#C/C(=C\c1cn(-c2ccccc2)c2ccccc12)C(=O)O,0.0013442247
CCOC(=O)N1CCN(C(=O)[C@H](Cc2cccc(C(=N)N)c2)NS(=O)(=O)c2c(C(C)C)cc(C(C)C)cc2C(C)C)CC1,0.03482232
C[C@H]1Sc2c(C(=O)O)c(=O)c3cc(F)c(N4CCNCC4)cc3n21,0.9999218
CC(=O)O[C@]1(C(C)=O)CC[C@H]2[C@@H]3CCC4=CC(=O)CCC4=C3[C@@H](c3ccc(N(C)C)cc3)C[C@@]21C,4.277108e-05
OC(c1ccccc1)(c1ccccc1)C12CC[N+](CCOCc3ccccc3)(CC1)CC2,0.00596659
CN(C)CCN1C(=O)c2cccc3cc(NC(N)=O)cc(c23)C1=O,0.005960735
COc1cc2c(NC3CCN(C)CC3)nc(N3CCCN(C)CC3)nc2cc1OCCCN(C)C,0.013453109
COc1cc2c(NC3CCN(C)CC3)nc(N3CCCN(C)CC3)nc2cc1OCCOCCN(C)C,0.025791178
COc1cc2c(NC3CCN(CC4CCCCC4)CC3)nc(N3CCCN(C(C)C)CC3)nc2cc1OCCCN1CCCCC1,0.16464569
COc1cc2c(NC3CCN(C(C)C)CC3)nc(C3CCCCC3)nc2cc1OCCCN1CCCC1,0.0036218937
COc1cc2c(NC3CCN(C(C)C)CC3)nc(N3CCC(F)(F)CC3)nc2cc1OCCCN1CCCC1,0.00021478265
COc1cc2c(NC3CCN(C4CCCCC4)CC3)nc(N3CCCN(C(C)C)CC3)nc2cc1OCCCN1CCCCC1,0.0011526726
COc1cc2c(N(C)C3CCN(C(C)C)CC3)nc(C3CCCCC3)nc2cc1OCCCN1CCCC1,0.0008294999
O=C(c1ccc(C(=O)N2CCC(N3CCCC3)CC2)c(Nc2ccccc2)c1)N1CCC(N2CCCC2)CC1,0.00071733934
CCCc1cc(C)[nH]c(=O)c1CNC(=O)c1cc(-c2ccc(N3CCN(C(C)C)CC3)nc2)cc2c1cnn2C(C)C,0.08668002
CCCCNc1ncc2c(-c3ccc(CN4CCN(C)CC4)cc3)cn([C@H]3CC[C@H](O)CC3)c2n1,0.040127635
CCCCNc1ncc(-c2ccc(CN3CCOCC3)cn2)c(N[C@H]2CC[C@H](O)CC2)n1,0.20752315
O=C(NCC(=O)N1CCCCC1)Nc1ccc2nnsc2c1,0.0003307207
NC(=O)c1nc(Nc2ccccc2)sc1NC(=O)C1CCCCC1,0.014530273
O=C(c1cncc(Br)c1)N1CCC(N2CCCC2)CC1,6.7606234e-05
O=C(c1cccc(Br)c1)N1CCC(N2CCCC2)CC1,4.0218307e-05
C=CCCCCCCCCC(=O)O,0.00010686462
CC[C@@H]1CN(C(=O)NCC(F)(F)F)C[C@@H]1c1cnc2cnc3[nH]ccc3n12,0.008296787
CCOC(=O)N1CCN(C(=O)[C@H](Cc2cccc(C(=N)NO)c2)NS(=O)(=O)c2c(C(C)C)cc(C(C)C)cc2C(C)C)CC1,0.022557382
O=C(COc1cccc2c(=O)[nH]ccc12)c1ccccc1,0.000114959796
CC(C)OC(=O)[C@H](C)N[P@](=O)(OC[C@H]1O[C@@H](n2ccc(=O)[nH]c2=O)[C@](C)(Cl)[C@@H]1O)Oc1ccccc1,0.03478056
Cn1ncc(Cl)c1-c1cc(C(=O)N[C@H](CN)Cc2ccc(F)c(F)c2)oc1Cl,0.0018014498
O=c1cc[nH]c(=O)[nH]1,0.008898876
O=c1[nH]cc(N(CCCl)CCCl)c(=O)[nH]1,0.0041665547
COc1ccccc1N1CCN(CCCNc2cc(=O)n(C)c(=O)n2C)CC1,0.0023840647
NC(=O)c1cccc(-c2cccc(OC(=O)NC3CCCCC3)c2)c1,0.03338142
NC(N)=O,0.18726717
CCOC(N)=O,0.0008014205
O=c1[nH]c(=O)c2[nH]c(=O)[nH]c2[nH]1,0.074583694
O=c1ccn([C@@H]2O[C@H](CO)[C@@H](O)[C@H]2O)c(=O)[nH]1,0.7455973
CC(=O)OC[C@H]1O[C@@H](n2ccc(=O)[nH]c2=O)[C@H](OC(C)=O)[C@@H]1OC(C)=O,0.821588
O=c1ccn([C@@H]2O[C@H](COP(=O)(O)OP(=O)(O)OP(=O)(O)O)[C@@H](O)[C@H]2O)c(=O)[nH]1,0.9996618
CN1CCN(Cc2ccc(-c3cnc4[nH]cc(-c5ccc6[nH]ccc6c5)c4c3)cc2)CC1,0.07068303
O=c1oc2cc(O)ccc2c2ccc(O)cc12,0.007182061
C[C@H](CCC(=O)NCCS(=O)(=O)O)[C@H]1CC[C@H]2[C@@H]3[C@@H](O)C[C@@H]4C[C@H](O)CC[C@]4(C)[C@H]3CC[C@]12C,7.2477305e-05
C[C@H](CCC(=O)O)[C@H]1CC[C@H]2[C@@H]3[C@@H](O)C[C@@H]4C[C@H](O)CC[C@]4(C)[C@H]3CC[C@]12C,3.28327e-05
C[C@H]1[C@H](C)CC[C@]2(C(=O)O)CC[C@]3(C)C(=CC[C@@H]4[C@@]5(C)CC[C@H](O)C(C)(C)[C@@H]5CC[C@]43C)[C@H]12,0.00029525478
CC(=O)c1c(O)c(C)c(O)c2c1OC1=CC(=O)C(=C(C)O)C(=O)[C@]12C,0.015236282
COc1cc(CN2CCN(c3ccc(F)cc3)CC2)cc(OC)c1OC,7.0521887e-06
O=C(O)C[C@@H]1CC[C@H](NC(=O)Cc2cccs2)B(O)O1,0.08261084
O=C(O)CNC(=O)c1ncc(-c2cccc(Cl)c2)cc1O,0.00019078005
CC(C)[C@H](N)C(=O)N[C@@H](Cc1ccc(O)cc1)C(=O)O,0.5868368
CC(C)[C@H](N)C(=O)OCCOCn1cnc2c(=O)nc(N)[nH]c21,0.021302104
COc1cc2c(cc1OC)[C@H]1C[C@@H](OC(=O)[C@@H](N)C(C)C)[C@H](CC(C)C)CN1CC2,0.017585555
Cc1onc(-c2ccccc2)c1-c1ccc(S(N)(=O)=O)cc1,0.0047324575
CC[C@@H](C)[C@@H](C(=O)OCC[N+](C)(CC)CC)c1ccccc1,7.184584e-07
CC(C)[C@H](N)C(=O)OC[C@@H](CO)OCn1cnc2c(=O)nc(N)[nH]c21,0.0005782981
C=C[C@]1(C)C[C@@H](OC(=O)CSC(C)(C)CNC(=O)[C@H](N)C(C)C)[C@]2(C)[C@H](C)CC[C@]3(CCC(=O)[C@H]32)[C@@H](C)[C@@H]1O,0.7467566
CC[C@@H](C)[C@@H](CC)C(N)=O,0.008599462
CCCC(CCC)C(=O)O,0.00025746212
CCCC(CCC)C(N)=O,0.00043911606
CCCC(CCC)C(=O)NCC(N)=O,7.57194e-05
CCCCC(=O)OCC(=O)[C@]1(O)Cc2c(O)c3c(c(O)c2[C@@H](O[C@H]2C[C@H](NC(=O)C(F)(F)F)[C@H](O)[C@H](C)O2)C1)C(=O)c1c(OC)cccc1C3=O,0.038513742
C/C=C/C[C@@H](C)C(=O)[C@H]1C(=O)N[C@@H](C(C)C)C(=O)N(C)CC(=O)N(C)[C@@H](CC(C)C)C(=O)N[C@@H](C(C)C)C(=O)N(C)[C@@H](CC(C)C)C(=O)N[C@@H](C)C(=O)N[C@H](C)C(=O)N(C)[C@@H](CC(C)C)C(=O)N(C)[C@@H](CC(C)C)C(=O)N(C)[C@@H](C(C)C)C(=O)N1C,5.349245e-09
CN[C@H](CC(C)C)C(=O)N[C@H]1C(=O)N[C@@H](CC(N)=O)C(=O)N[C@H]2C(=O)N[C@H]3C(=O)N[C@H](C(=O)N[C@H](C(=O)O)c4cc(O)cc(O)c4-c4cc3ccc4O)[C@H](O)c3ccc(c(Cl)c3)Oc3cc2cc(c3O[C@@H]2O[C@H](CO)[C@@H](O)[C@H](O)[C@H]2O[C@H]2C[C@](C)(N)[C@H](O)[C@H](C)O2)Oc2ccc(cc2Cl)[C@H]1O,0.033013824
COc1cc2c(Nc3ccc(Br)cc3F)ncnc2cc1OCC1CCN(C)CC1,0.05795149
COc1cc(C=O)ccc1O,3.665908e-05
COc1cc(CCC(C)=O)ccc1O,3.8527833e-05
CC[C@@H]1C[C@]1(NC(=O)[C@@H]1C[C@@H]2CN1C(=O)[C@H](C(C)(C)C)NC(=O)OCC(C)(C)CCCCc1cccc3c1CN(C3)C(=O)O2)C(=O)NS(=O)(=O)C1CC1,8.926032e-06
COc1cc(C(=S)N2CCOCC2)ccc1O,0.00045562486
Fc1ccc(C(OCCN2CCN(CCCc3ccccc3)CC2)c2ccc(F)cc2)cc1,0.00025571833
CCOc1noc2cc(OCCC3CCN(c4ccc(C)nn4)CC3)ccc12,0.0074233743
CCCc1nc(C)c2c(=O)nc(-c3cc(S(=O)(=O)N4CCN(CC)CC4)ccc3OCC)[nH]n12,0.0020560855
c1cnc2cc3c(cc2n1)[C@@H]1CNC[C@H]3C1,0.102850534
CCc1c(C(=O)C(N)=O)c2c(OCC(=O)O)cccc2n1Cc1ccccc1,0.007954545
N=C(N)NCCC[C@H](NC(=O)[C@@H]1CCCN1C(=O)[C@@H]1CSSC[C@H](N)C(=O)N[C@@H](Cc2ccc(O)cc2)C(=O)N[C@@H](Cc2ccccc2)C(=O)N[C@@H](CCC(N)=O)C(=O)N[C@@H](CC(N)=O)C(=O)N1)C(=O)NCC(N)=O,0.02552142
Clc1ccc(Nc2nnc(Cc3ccncc3)c3ccccc23)cc1,8.853597e-05
CS(=O)(=O)NCCN1C(=O)NC[C@]12CCN1CCc3c(oc4ccccc34)[C@@H]1C2,5.363834e-06
CC[C@H](NC(=O)[C@H](CS(=O)(=O)CC1CC1)N[C@@H](c1ccc(F)cc1)C(F)(F)F)C(=O)C(=O)NC1CC1,7.704413e-05
CO[C@H]1CC[C@H](N(c2cc(C3=CCCCC3)sc2C(=O)O)C(=O)[C@H]2CC[C@H](C)CC2)CC1,0.4332926
CS(=O)(=O)c1ccc(-c2cnc(N)c(C(=O)Nc3ccccc3)n2)cc1,0.020205284
CNCc1ccc(-c2cc(-c3nc(-c4ccc(S(=O)(=O)C(C)C)cc4)cnc3N)on2)cc1,0.39291814
NC(=O)[C@H]1CCN(c2ncnc(N)c2F)C[C@@H]1N1CCC[C@@H](Nc2cc(Cl)cc(C(F)(F)F)c2)C1=O,0.776945
CC(=O)O[C@H]1C[C@@H]2CC[C@@H]3[C@H](CC[C@@]4(C)[C@H]3C[C@H]([N+]3(C)CCCCC3)[C@@H]4OC(C)=O)[C@@]2(C)C[C@@H]1N1CCCCC1,6.460372e-07
C[C@H](C(=O)O)c1ccc(C2CCCCC2)c2ccccc12,0.004415208
O=Cc1c(O)cccc1OCCCCC(=O)O,9.190095e-05
CCC[C@@H](N(NC(=O)c1cccc(OC)c1CC)C(=O)c1cc(C)cc(C)c1)C(C)(C)C,0.0001838736
O=C(O)[C@@H](c1ccc(OCc2ccc3ccccc3n2)cc1)C1CCCC1,0.33288077
C[C@]1(c2nc3cccc(C(N)=O)c3[nH]2)CCCN1,0.00015305674
CC(C)(C)S(=O)(=O)N[C@H]1CC[C@H](C(=O)Nc2ccc(C(F)(F)F)cn2)CC1,0.60532933
COC[C@H]1C[C@@H](c2nc(-c3ccc4c(c3)COc3cc5c(ccc6[nH]c([C@@H]7CC[C@H](C)N7C(=O)[C@@H](NC(=O)OC)C(C)C)nc65)cc3-4)c[nH]2)N(C(=O)[C@H](NC(=O)OC)c2ccccc2)C1,0.08028809
CCCS(=O)(=O)Nc1ccc(F)c(C(=O)c2c[nH]c3ncc(-c4ccc(Cl)cc4)cc23)c1F,0.039020397
CC1(C)CCC(CN2CCN(c3ccc(C(=O)NS(=O)(=O)c4ccc(NCC5CCOCC5)c([N+](=O)[O-])c4)c(Oc4cnc5[nH]ccc5c4)c3)CC2)=C(c2ccc(Cl)cc2)C1,0.19756475
COc1ccc([C@@H](CN(C)C)C2(O)CCCCC2)cc1,0.00087735953
N#Cc1ccc(COC[C@H]2O[C@@H](n3c(NCc4ccc(Cl)c(Cl)c4)nc4c(N)ncnc43)[C@H](O)[C@@H]2O)cc1,0.59322506
CCNC(=O)c1[nH]nc(-c2cc(Cl)c(O)cc2O)c1-c1ccc(OC)cc1,7.394482e-05
C=CCN1CCC[C@H]1CNC(=O)c1cc(S(N)(=O)=O)cc(OC)c1OC,0.0067518386
COc1ccc(CCN(C)CCCC(C#N)(c2ccc(OC)c(OC)c2)C(C)C)cc1OC,0.0010142738
C[C@@H]1O[C@@H](O[C@@H]2[C@@H](O)[C@H](OCCc3ccc(O)c(O)c3)O[C@H](CO)[C@H]2OC(=O)/C=C/c2ccc(O)c(O)c2)[C@H](O)[C@H](O)[C@H]1O,0.020101808
CC(C)(C)c1ccc(S(=O)(=O)Nc2ccc(Cl)cc2C(=O)c2cc[n+]([O-])cc2)cc1,0.016894547
O=C(/C=C\n1cnc(-c2cc(C(F)(F)F)cc(C(F)(F)F)c2)n1)NNc1ccccn1,0.58050436
CC(C)OCCn1c(=S)[nH]c(=O)c2[nH]ccc21,3.1445277e-06
COC(=O)Nc1c(N)nc(-c2nn(Cc3ccccc3F)c3ncc(F)cc23)nc1N,0.62715584
CC(C)(Sc1ccncc1-c1ccc(C#N)c2ccccc12)C(=O)O,0.009023357
COc1ccc(CCO[C@@H]2CCCC[C@H]2N2CC[C@@H](O)C2)cc1OC,4.085689e-05
C=CC1=C(C)c2cc3[nH]c(cc4[nH]c(cc5nc(cc1n2)C(C)=C5CCC(=O)O)c(CCC(=O)OC)c4C)[C@@]1(C)C3=CC=C(C(=O)OC)[C@H]1C(=O)OC,0.08259881
CN1C(N)=N[C@](C)(c2cc(NC(=O)c3ccc(F)cn3)ccc2F)CS1(=O)=O,0.0042364025
COc1ccc(N(C)c2nc(C)nc3ccccc23)cc1,0.013951
CC[C@H](Nc1cc(C)nc2c(-c3ccc(OC)cc3C)c(C)nn12)c1nc(C)no1,3.8136553e-05
O[C@@H]1CCCC[C@H]1N1CCC(c2ccccc2)CC1,7.869509e-05
COc1ccc(C(=O)N2CCN(c3ccc4c(c3)CCC(=O)N4)CC2)cc1OC,0.00028147612
O=C(O)C[C@H]1CC(c2ccccc2)=NO1,2.402773e-06
COC[C@@H](c1ccc(C(F)(F)F)cc1)N1CCN(C2(C)CCN(C(=O)c3c(C)ncnc3C)CC2)C[C@@H]1C,0.009448572
Nc1ncnc2c1ncn2[C@@H]1O[C@H](CO)[C@@H](O)[C@@H]1O,0.19415852
C=C[C@@H](N)CCC(=O)O,0.02602123
OCc1cc([C@@H](O)CNCCCCCCOCCOCc2c(Cl)cccc2Cl)ccc1O,0.0053163664
N#Cc1ccc2[nH]cc(CCCCN3CCN(c4ccc5oc(C(N)=O)cc5c4)CC3)c2c1,0.016352242
N#C[C@@H]1CCCN1C(=O)CN[C@@]12C[C@@H]3C[C@@H](C[C@@](O)(C3)C1)C2,0.00012070776
CCOc1ccccc1OC[C@H]1CNCCO1,0.0017980053
CC[C@]1(O)C[C@@H]2C[N@@](CCc3c([nH]c4ccccc34)[C@@](C(=O)OC)(c3cc4c(cc3OC)N(C)[C@H]3[C@@](O)(C(=O)OC)[C@H](OC(C)=O)[C@]5(CC)C=CCN6CC[C@]43[C@@H]65)C2)C1,0.18805213
CC[C@]12CCCN3CCc4c(n(c5ccccc45)C(=O)C1)[C@@H]32,7.3521616e-05
CC[C@]12CCCN3CCc4c(n(c5ccccc45)[C@@](O)(C(=O)OC)C1)[C@@H]32,0.0002457933
CC[C@]1(O)C[C@@H]2C[N@@](CCc3c([nH]c4ccccc34)[C@@](C(=O)OC)(c3cc4c(cc3OC)N(C=O)[C@H]3[C@@](O)(C(=O)OC)[C@H](OC(C)=O)[C@]5(CC)C=CCN6CC[C@]43[C@@H]65)C2)C1,0.29853734
CC[C@]1(O)C[C@H]2CN(CCc3c([nH]c4ccccc34)[C@@](C(=O)OC)(c3cc4c(cc3OC)N(C)[C@H]3[C@@](O)(C(N)=O)[C@H](O)[C@]5(CC)C=CCN6CC[C@]43[C@@H]65)C2)C1,0.2971137
CC[C@]12C=CCN3CC[C@@]4(c5cc([C@@]6(C(=O)OC)C[C@@H]7C[C@@H](C(C)(F)F)C[N@](CCc8c6[nH]c6ccccc86)C7)c(OC)cc5N(C)[C@H]4[C@@](O)(C(=O)OC)[C@@H]1OC(C)=O)[C@@H]32,0.14882104
CCC1=C[C@@H]2C[N@](C1)Cc1c([nH]c3ccccc13)[C@@](C(=O)OC)(c1cc3c(cc1OC)N(C)[C@H]1[C@@](O)(C(=O)OC)[C@H](OC(C)=O)[C@]4(CC)C=CCN5CC[C@]31[C@@H]54)C2,0.85291374
CCOC(=O)C1=C[C@]2(CC)CCCN3CCc4c(n1c1ccccc41)[C@@H]32,4.0387953e-05
NCCC[C@H](N)CC(=O)N[C@H]1CNC(=O)[C@H]([C@H]2C[C@H](O)N=C(N)N2)NC(=O)C(C=NC(N)=O)NC(=O)[C@H](CO)NC(=O)[C@H](CO)NC1=O,0.08112565
Cc1cc(Cn2nnc3c(-c4ccco4)nc(N)nc32)ccc1N,0.17419754
CS(=O)(=O)c1ccc(C(=O)Nc2ccc(Cl)c(-c3ccccn3)c2)c(Cl)c1,0.9685212
CC1=C(C)C(=O)C(CCCCCCCCCC[P+](c2ccccc2)(c2ccccc2)c2ccccc2)=CC1=O,0.054891035
C/C1=C2/N=C(/C=C3\N=C(/C(C)=C4/[C@@H](CCC(N)=O)[C@](C)(CC(N)=O)[C@](C)([C@@H]5N=C1[C@](C)(CCC(=O)NC[C@@H](C)OP(=O)(O)O[C@H]1[C@@H](O)[C@@H](n6cnc7cc(C)c(C)cc76)O[C@@H]1CO)[C@H]5CC(N)=O)[N]4[Co+][C]#N)[C@@](C)(CC(N)=O)[C@@H]3CCC(N)=O)C(C)(C)[C@@H]2CCC(N)=O,0.13295874
Cc1c(C)c2c(c(C)c1O)CC[C@@](C)(CCC[C@H](C)CCC[C@H](C)CCCC(C)C)O2,0.0010002156
NC(=O)[C@@H]1CC[C@H](c2ccc(OCc3ccccc3F)cc2)N1,0.013976657
C=CC(=O)N1CC/C(=C\c2ccc(F)c([N+](=O)[O-])c2)C(=O)/C(=C/c2ccc(F)c([N+](=O)[O-])c2)C1,0.24275672
CC(=NNc1nnc2c(n1)[nH]c1c(C)cccc12)c1ccccn1,0.0010512732
Cc1ncsc1-c1ccc(CNC(=O)[C@@H]2C[C@@H](O)CN2C(=O)[C@H](C(C)C)N2Cc3ccccc3C2=O)cc1,0.00021175205
C=C/C=C/C[C@@H](C)[C@@H](O)[C@H]1C(=O)N[C@@H](CC)C(=O)N(C)CC(=O)N(C)[C@@H](CC(C)C)C(=O)N[C@@H](C(C)C)C(=O)N(C)[C@@H](CC(C)C)C(=O)N[C@@H](C)C(=O)N[C@H](C)C(=O)N(C)[C@@H](CC(C)C)C(=O)N(C)[C@@H](CC(C)C)C(=O)N(C)[C@@H](C(C)C)C(=O)N1C,1.7534202e-07
OCC(CO)N[C@H]1C[C@](O)(CO)[C@@H](O)[C@H](O)[C@H]1O,3.4462864e-06
CC[C@@H]1C(=O)N(C)c2cnc(Nc3ccc(C(=O)N[C@H]4CC[C@H](N5CCN(CC6CC6)CC5)CC4)cc3OC)nc2N1C(C)C,0.9005177
COc1cccc([C@H](O)C2CCN(CCc3ccc(F)cc3)CC2)c1OC,0.09621571
CNCc1cc(-c2ccccc2F)n(S(=O)(=O)c2cccnc2)c1,0.14190884
CCOC(=O)N[C@@H]1CC[C@@H]2[C@@H](C1)C[C@H]1C(=O)O[C@H](C)[C@H]1[C@H]2/C=C/c1ccc(-c2cccc(F)c2)cn1,0.022937438
C[C@@H](Nc1nc(N[C@H](C)C(F)(F)F)nc(-c2cccc(Cl)n2)n1)C(F)(F)F,0.37907073
CN[C@H]1CN(c2ccc3c(=O)c(C(=O)O)cn(-c4nccs4)c3n2)C[C@@H]1OC,0.9286062
C[C@@H](c1ncncc1F)[C@](O)(Cn1cncn1)c1ccc(F)cc1F,0.0015209639
O=C(CCCCCCC(=O)Nc1ccccc1)NO,0.03646701
Cc1ccc(Sc2ccccc2N2CCNCC2)c(C)c1,6.775184e-05
CN1CC[C@@H](c2c(O)cc(O)c3c(=O)cc(-c4ccc(C(F)(F)F)cc4Cl)oc23)[C@@H]1CO,0.0062315543
CC(C)n1nccc1-c1ncccc1COc1cccc(O)c1C=O,2.864344e-06
CCn1c(=O)c(-c2cc[nH]n2)cc2c(C)nc(N)nc21,0.0052787364
O=C(O)CCc1c[nH]c2ccccc12,0.0012186784
CNC(=O)c1ccccc1Nc1cc(Nc2ccc(N3CCOCC3)cc2OC)ncc1C(F)(F)F,0.07299198
CC(C)[C@](O)(c1ccc2cc(OC(F)F)c(OC(F)F)cc2c1)c1cn[nH]n1,0.998428
CN[C@H](CNC(=O)N1CCC[C@@H]([C@@H](OCCNC(=O)OC)c2cccc(Cl)c2)C1)C[C@H]1CCCOC1,0.000108526
CN1CCN(c2nc3ccccc3nc2Cl)CC1,0.0071758386
CN1CCN(c2cc(-c3ccccc3)nc(N)n2)CC1,0.00032163764
COc1cc(C(=O)N(CC[C@H]2CCCN2C)C/C(C)=C/c2ccccc2F)cc(OC)c1OC,0.002509818
C[C@@H](CN1CCC(n2c(=O)[nH]c3cc(Cl)ccc32)CC1)NC(=O)c1ccc2ccccc2c1,0.5525128
COc1ccc(CN2C(=O)C(=O)c3cc(OC(F)(F)F)ccc32)cc1,0.0018503133
Cc1csc(NC(=O)CSc2ccc(-c3ccccc3)nn2)n1,0.0004445539
CCCCOc1ccc(C(=O)Nc2ccc(F)cc2F)cc1,0.0075672506
O=C(NC1CCC1)c1ccc(C#Cc2cccc(F)c2)nc1,0.0991928
COc1cc(NC(=O)c2ccccn2)ccc1Cl,0.00037410433
O=C(Nc1ccc(S(=O)(=O)Nc2ccccc2Cl)c(Cl)c1)c1ccccn1,0.02376151
O=C(NCCN1CCC2(CC1)C(=O)NCN2c1cccc(F)c1)c1ccc2ccccc2c1,0.00055488595
O=C(Nc1cccc(Cl)c1)c1ccccn1,0.00058307423
O=C(Nc1ccc(Oc2ccc(Cl)cn2)c(Cl)c1)c1ccccn1,0.0032570316
Cc1cc(C)c2c(N)c(C(=O)NCc3ccc(Cl)cc3)sc2n1,0.015467219
COc1ccc(CNC(=O)c2sc3nc(C)cc(C)c3c2N)cc1,0.0041862
O=C(Nc1cc(-c2ccccc2)nn1-c1ccccc1F)c1ccc([N+](=O)[O-])cc1,0.08834052
O=C(Nc1cc(-c2ccccc2)nn1-c1ccccc1)c1ccc([N+](=O)[O-])cc1,0.2909595
O=[N+]([O-])c1ccc2nc(COCc3nc4ccc([N+](=O)[O-])cc4[nH]3)[nH]c2c1,1.6824314e-09
Cc1cnc(Nc2ccc(F)cc2Cl)nc1-c1c[nH]c(C(=O)N[C@H](CO)c2cccc(Cl)c2)c1,0.36741146
CC(C)(C)C#Cc1cc(N(C(=O)[C@H]2CC[C@H](C)CC2)[C@H]2CC[C@@H](O)CC2)c(C(=O)O)s1,0.7275747
NC(=O)c1ccc(N(C(N)=O)c2c(F)cccc2F)nc1-c1ccc(F)cc1F,0.22158109
O=c1ncn2nc(Sc3ccc(F)cc3F)ccc2c1-c1c(Cl)cccc1Cl,0.22246149
CCO[C@@H]1OC(=O)C[C@@H]1NC(=O)[C@@H]1CCCN1C(=O)[C@@H](NC(=O)c1ccc(N)c(Cl)c1)C(C)(C)C,0.0002942471
COc1ccc2c(c1)[C@H](C(=O)N(Cc1ccc(N(C)C)cc1)c1ccc(C(C)C)cc1)CCC2,0.06204395
Cn1nc(-c2ccc(C(F)(F)F)cc2)nc2c(=O)n(C)c(=O)nc1-2,0.012757836
CC(=O)C[C@@H](c1ccccc1)c1c(O)c2ccccc2oc1=O,0.011856969
COc1ccccc1N1CCN(CCN(C(=O)C2CCCCC2)c2ccccn2)CC1,9.023494e-05
O=C1Nc2cc(Cl)c(Cl)cc2N2CCNC[C@H]12,0.00015479466
Cc1cc(C)c(N(Cc2ccccc2)S(=O)(=O)c2ccc(OCCNC(=O)c3cc4ccccc4o3)cc2)c(C(=O)NO)c1,0.002497861
Oc1ccc(-c2nc3cc(O)cc(Br)c3o2)cc1,9.848491e-05
CC(C)(C)c1ccc(-c2nc3c(N4CCN(Cc5ccc6nccnc6c5)CC4)cccc3[nH]2)cc1,0.0046317247
CN(C)CCn1cc(S(=O)(=O)c2cccc(F)c2)c2cccnc21,0.0057710106
N[C@@H](CC(=O)Nc1ccc(Oc2cc(F)c(F)cc2Br)cc1)C(=O)O,0.07396432
Cn1c(C#N)ccc1-c1cc(F)c2c(c1)C(C)(C)C(=O)N2,0.99368674
O=S(=O)(NC1CCNCC1)c1cc(S(=O)(=O)c2ccccc2)ccc1C(F)(F)F,0.0011133918
CC(C)OC(=O)C1=CN(C(=O)c2ccc(F)c(F)c2)CC(C)(C)c2c1[nH]c1ccccc21,0.4722659
c1cncc(CN2CCC(n3ncc4c(N5CCOCC5)nc(-c5ccc6[nH]ccc6c5)nc43)CC2)c1,0.0069316397
c1cc2c3c(c1)c1c(n3CCNC2)CCCC1,4.1169264e-05
COc1cccc(OC)c1OCCNC[C@H]1COc2ccccc2O1,0.000201063
COC(=O)c1ccc(N2CCN(C)CC2)c(NC(=O)c2cccc(OC)c2)c1,8.117382e-05
Cc1ccc(-c2nn(C(C)(C)CNC(=O)c3ncccc3C)c3ncnc(N)c23)cc1,0.05095294
COc1ccc(N(C(=O)Oc2c(C)cccc2C)c2ccnc(Nc3ccc(N4CCN(C)CC4)cc3)n2)c(OC)c1,0.0318712
COc1cc2ncnc(Nc3ccc(O)c(Br)c3)c2cc1OC,0.00015432261
COc1ccc(-n2c(SCCCN3C(=O)c4cccc5cccc(c45)C3=O)nnc2-c2ccncc2)cc1,0.12112595
O=C(NCCCCCCCCNC(=O)C(Cl)Cl)C(Cl)Cl,0.6357102
CCCC[P+](CCCC)(CCCC)Cc1ccc(NC(=O)[C@H](Cc2ccc3ccccc3c2)N/C(=N/C2CCCCC2)NC2CCCCC2)cc1,0.01026897
CN(C)C[C@@H](O)Cn1c2ccc(Br)cc2c2cc(Br)ccc21,0.0005146364
Cc1cc(-c2ccc(CC(=O)Nc3ccc(-c4cccnc4)cc3)cc2)ccn1,0.27013183
COC[C@H]1OC(=O)c2coc3c2[C@@]1(C)C1=C(C3=O)[C@@H]2CCC(=O)[C@@]2(C)C[C@H]1OC(C)=O,0.172584
C[C@H](NC(=O)/C(C#N)=C/c1cccc(Br)n1)c1ccccc1,0.0011843493
CCC[C@H](NC(=O)/C(C#N)=C/c1cccc(Br)n1)c1ccccc1,0.00034038373
O=C(O)Cn1nnnc1-c1ccsc1,0.005113991
CC1(C)N=C(N)N=C(N)N1OCCCOc1cc(Cl)c(Cl)cc1Cl,0.14515421
CCOC(=O)c1ccc(-c2ccc(OC(=O)N(C)Cc3cccc(-c4ccncc4)c3)cc2)cc1,0.06873453
CN(Cc1cccc(-c2ccccc2)c1)C(=O)Oc1ccc(-c2ccc(C(N)=O)cc2)cc1,0.06353867
CCOC(=O)C(=O)Nc1cccc(OC)c1C(N)=O,5.2968867e-06
CNC(=O)Nc1ccc(-c2nc(N3C[C@H]4CC[C@@H](C3)O4)c3cnn(C4CCC5(CC4)OCCO5)c3n2)cc1,0.57270586
COC(=O)Nc1ccc(-c2nc(N3CCOCC3)c3cnn(C4CCN(C(=O)OC)CC4)c3n2)cc1,2.823082e-05
COC(=O)Nc1ccc(-c2nc(N3CCOCC3)c3cnn(C4CCN(Cc5cccnc5)CC4)c3n2)cc1,0.00011954249
C=CC(=O)Nc1cccc(Oc2nc(Nc3ccc(N4CCN(C)CC4)cc3)ncc2Cl)c1,0.0009592469
C=CC(=O)Nc1cccc(Oc2nc(Nc3ccc(N4CCN(C)CC4)cc3OC)ncc2Cl)c1,0.009844008
CCC(=O)Nc1cccc(Oc2nc(Nc3ccc(N4CCN(C)CC4)cc3OC)ncc2Cl)c1,0.0031846096
C=CC(=O)Nc1cccc(Sc2nc(Nc3ccc(N4CCN(C)CC4)cc3)ncc2Cl)c1,0.010538952
c1ccc(NCc2ccc(CNc3ccccn3)cc2)nc1,0.0075597665
FC(F)(F)c1cccc(C2=CCN(CCc3ccc4ccccc4c3)CC2)c1,0.032097228
O=C(NCCNCC(O)COc1ccc(O)cc1)N1CCOCC1,0.004545549
CCCCCCOc1nsnc1C1=CCCN(C)C1,0.00011238113
O=c1c2ccccc2oc2ccccc12,0.18558148
O=c1nc(-c2ccc(C(F)(F)F)cc2)[nH]c2c1CSCC2,0.00011817777
CCN(Cc1ccccc1)C(=O)Cn1c(=O)n(C)c2cnc(-c3ccccc3)nc21,0.030893026
CCc1c(C(=O)Nc2cc(S(=O)(=O)N(CC)CC)ccc2O)[nH]c(C)c1C(C)=O,0.25460547
O=C1c2ccccc2C(Cc2ccncc2)(Cc2ccncc2)c2ccccc21,0.0021435083
O=C(O)c1ccccc1-c1ccc(C(F)(F)F)cc1,0.10472408
Cc1cccc(OC[C@@H](O)CNC(C)(C)C)c1C,9.027436e-05
Cc1cccc(C)c1NC(=O)/N=C1/CCCN1C,3.8956114e-06
Cc1cccc(C)c1NC(=O)c1cc(S(N)(=O)=O)c(Cl)cc1O,0.54954696
O=C(Nc1ccc(-c2ccnc(Nc3ccc(N4CCOCC4)cc3)n2)cc1)[C@@H]1CCCN1,0.00013769638
CC(C)(O)c1cn(-c2ccc(-c3cc(F)c(CO)c(S(C)(=O)=O)c3)cc2F)c(C(C)(C)c2c(Cl)cccc2Cl)n1,0.2023675
Cc1ccc(S(=O)(=O)Nc2nc3ccccc3nc2Nc2ccc3nsnc3c2)cc1,0.31335124
CC(C)c1cc(CNc2nc(Nc3cc(C4CC4)n[nH]3)cc(N3CCN(C)CC3)n2)on1,0.62437993
Cc1c(C(=O)N2CCOc3ccc(-c4ccc(N)nc4)cc3C2)ccc(S(C)(=O)=O)c1F,0.1165567
COc1cc2c(Nc3ccc(Cl)c(Cl)c3F)ncnc2cc1OC[C@@H]1C[C@@H]2CN(C)C[C@@H]2C1,0.8915619
CC[C@@H](C)Nc1cc(C(=O)N[C@H]2C[C@H]3CC[C@@H](C2)N3c2ccc(C(=O)C3CC3)cn2)c(C)cc1C(N)=O,0.46294215
CCOc1cc(C(=O)N2CCC(N3CCN(C)CC3)CC2)ccc1Nc1ncc2c(n1)N(C1CCCC1)c1ccccc1C(=O)N2C,0.49387237
CCOc1cc(N2CCC(O)CC2)ccc1Nc1ncc2c(n1)N(C)c1ccccc1C(=O)N2C,0.25796676
Cc1cccc(C)c1NC1=NCCCS1,0.00127904
Cc1cc(C(C)(C)C)cc(C)c1CC1=NCCN1,3.503792e-05
O=C[C@H](O)[C@@H](O)[C@H](O)CO,0.00016244431
OCC[N+]12CN3CN(CN(C3)C1)C2,0.0009910446
CC(C)N1CCN(c2ccc(C(=O)c3c(-c4ccc(O)cc4)sc4cc(O)ccc34)cc2)CC1,5.4845474e-05
CC(=O)N(O)[C@@H]1c2cc(C#N)ccc2OC(C)(C)[C@H]1O,9.411313e-05
CC(=O)N(OCc1ccccc1)[C@@H]1c2cc(C#N)ccc2OC(C)(C)[C@H]1O,9.935793e-05
C[C@@H](N)[C@H]1CC[C@H](C(=O)Nc2ccncc2)CC1,0.39618197
CC(C)c1ccc(C(=O)c2cccs2)c(SCCCCCCCCN(C)C)n1,0.0072992146
Cc1c(C(=O)Nc2ccc(N3CCC(N4CCOCC4)CC3)c(C#N)c2)cnn1-c1ccc(Cl)cc1,0.00014357262
C[C@@H](N)c1ccc(C(=O)Nc2ccnc3[nH]ccc23)cc1,0.257369
OCc1ccc(-c2nn(Cc3ccccc3)c3ccccc23)o1,0.002354066
Cc1nc2ccc(Oc3ccc(F)cc3)cc2c(=O)n1C[C@H]1CCCN(C(C)C)C1,0.0025801077
COc1ccc(C(=O)C[C@@]2(O)C(=O)Nc3c(Cl)ccc(Cl)c32)cc1,0.5986808
O=c1ccccn1CC1(O)CCN(Cc2ccccc2)CC1,0.00071422703
Cc1cccc(NC(=O)N[C@@H]2N=C(c3ccccc3)c3ccccc3N(CC(=O)c3ccccc3C)C2=O)c1,0.0012582756
COCCn1c2c([n+](Cc3cnccn3)c1C)C(=O)c1ccccc1C2=O,2.9947066e-06
Nc1ccc(C(=O)Nc2cccc(-c3nc(N4CCOCC4)c4oc5ncccc5c4n3)c2)cn1,8.906794e-05
Nc1cccc(CNC(=O)c2ccc(Oc3ccc(OCc4cccc(F)c4)cc3)nc2)c1,0.016169704
Cc1c(C(=O)N(C)C2CCCCC2)sc2nc3ccc(N)cc3n12,0.00011953096
Cc1c(C(=O)NC2CCCCC2)sc2nc3ccc(N)cc3n12,4.211427e-05
N#Cc1ccc(N(Cc2ccc(Br)cc2)n2cnnc2)cc1,8.740417e-06
Cc1nnsc1C(=O)Nc1ccc(-n2nc(C(F)(F)F)cc2C(F)(F)F)cc1,0.0011545324
Cc1cc(C)c(NC(=O)N(Cc2ccc3c(c2)Cc2ccccc2-3)C2CCCCCC2)c(C)c1,9.054343e-06
COc1cc2c(cc1OC)-c1cc3nc4ccccc4nc3n1C(C)(C)C2,0.0005888265
CCc1ccc2c(-c3cccc(Cl)c3)nc(=O)n(CC)c2n1,0.0013325016
C[C@H](NC(=O)Cc1cc(F)cc(F)c1)C(=O)N[C@@H]1C(=O)N(C)c2ccccc2-c2ccccc21,0.009746413
Clc1cccc(Cl)c1CSc1nnc(-c2cnccn2)s1,0.03481702
COC(=O)[C@@H]1[C@H]2C[C@H]3c4[nH]c5ccccc5c4CCN3C[C@@H]2CC[C@@H]1O,3.5791297e-07
COc1ccc(CCN(C)CCc2ccc(OC)c(OC)c2)cc1OC,9.836412e-05
CCOC(=O)C1=C(C)NC(C)=C(C(=O)OCCN2CCCCC2)[C@@H]1c1cccc([N+](=O)[O-])c1,0.0007113761
CCOC(=O)c1cc2ccc(O)cc2oc1=O,0.029122824
Cc1cccc(COc2cccc(/C=C3\C(=O)NN(c4ccccc4)C3=O)c2)c1,0.00086554873
COc1cc(C(=O)NS(=O)(=O)c2ccccc2C)ccc1Cc1cn(C)c2ccc(NC(=O)OC3CCCC3)cc12,1.3091427e-05
Nc1ccn([C@H]2CC[C@@H](CO)O2)c(=O)n1,0.9887588
C[C@@]1(CN2CCC(n3c(=O)[nH]c4ccccc43)CC2)OCc2ccccc2-n2cccc21,0.007570765
Cc1nc(-c2csc(NC(=N)N)n2)c[nH]1,0.089552715
C[C@@H](C(=O)O)c1ccc2c(c1)CC(=O)c1ccccc1S2,0.03027103
CCC(=O)NO,0.0004293439
c1ccc(C(O[C@@H]2CCCN(CCc3ccc4c(c3)OCO4)C2)c2ccccc2)cc1,0.00013550735
CC(=O)N[C@H]1[C@H]([C@H](O)[C@H](O)CO)OC(C(=O)O)=C[C@@H]1NC(=N)N,0.0009427049
C=CC(=O)N1CCC([C@@H]2CCNc3c(C(N)=O)c(-c4ccc(Oc5ccccc5)cc4)nn32)CC1,0.009368241
N=C(N)S/C=C\C(=O)O,0.9062031
CCCOc1ccccc1-c1nc(=O)c2n[nH]nc2[nH]1,0.0018313626
COc1cc(-c2ccc(=O)[nH]n2)ccc1OC(F)F,0.0004557306
COc1ccc(CCN(C)CCCN2CCc3cc(OC)c(OC)cc3CC2=O)cc1OC,0.0005598406
Cc1cc(C)nc(NS(=O)(=O)c2ccc(NC(=S)NC(=O)COc3ccc(Br)cc3Cl)cc2)n1,0.9490549
N#Cc1cccc([C@@H]2C=C(C(F)(F)F)NC3=C2C(=O)CCC3)c1,7.702916e-06
O=C(O)Cc1ccc(OCCNC[C@H](O)c2ccccc2)cc1,0.0056502074
COCCNC(=O)COc1ccc(OCCNC[C@H](O)COc2ccccc2)cc1,8.805288e-07
CCc1cc2c(c(CC)n1)CCC(=O)N2Cc1ccc(-c2ccccc2-c2nn[nH]n2)cc1,0.0003961543
CCN(c1ccccc1)c1cc(=NC)n(C)c(C)n1,0.00055811624
C/C(=C\CNc1ncnc2nc[nH]c12)CO,0.0002645711
O=c1ncccn1[C@@H]1O[C@H](CO)[C@@H](O)[C@H]1O,0.6297915
COc1nc(C)cnc1NS(=O)(=O)c1cccnc1-c1ccc(-c2nnco2)cc1,0.016130926
Cc1cn([C@H]2C[C@H](N=[N+]=[N-])[C@@H](CO)O2)c(=O)[nH]c1=O,0.99641573
C[C@H](c1cc2ccccc2s1)N(O)C(N)=O,0.003306845
CC(C)N[C@H]1CCn2c(=O)[nH]c3cccc(c32)[C@@H]1O,0.0010406788
CN(C)C/C=C(/c1ccc(Br)cc1)c1cccnc1,0.014868399
C=CCCCCCCCCC(=O)[O][Zn][O]C(=O)CCCCCCCCC=C,0.09991671
Cc1cc(N2CCCCC2)nn2cnnc12,7.706574e-05
O=C1Cc2cc(CCN3CCN(c4nsc5ccccc45)CC3)c(Cl)cc2N1,0.7068368
CCc1nc2c(C)cc(N3CCN(CC(=O)N4CC(O)C4)CC3)cn2c1N(C)c1nc(-c2ccc(F)cc2)c(C#N)s1,0.013852401
CCCCCS(=O)(=O)CCCCCCCCCCn1c(-c2ccc(O)cc2)c(C)c2cc(O)ccc21,0.0031405615
O=c1[nH]c2cc(C(F)(F)F)c(N3CCOCC3)cc2n(CP(=O)(O)O)c1=O,0.0036341527
C[C@@H]1CN(Cc2ccc(F)cc2)CCN1C(=O)COc1ccc(Cl)cc1NC(N)=O,0.0014471834
CCOC(=O)c1ncc2[nH]c3ccc(OCc4ccccc4)cc3c2c1COC,0.0021481519
CCOC(=O)c1ncc2[nH]c3cccc(OC(C)C)c3c2c1C,0.104710326
CC(C)(C)c1ccc(-c2nc3ccccc3[nH]2)cc1,0.0010088879
Cc1ccc(OCCSc2ncccn2)c(Br)c1,7.252929e-05
C[C@@](O)(C(=O)Nc1ccc(S(=O)(=O)c2ccccc2)cc1)C(F)(F)F,0.017480476
Nc1nc(NCCc2ccc(O)cc2)nc2nc(-c3ccco3)nn12,0.022798296
COc1cc2ncnc(Nc3ccc(Cl)cc3F)c2cc1OC,0.00018318622
Cc1cc(F)c(Nc2ncnc3cc(OCc4ccccc4)ccc23)cc1O,0.0033457614
Cc1ccc(NC(=O)c2cccc(N(C)C)c2)cc1NC(=O)c1ccc(O)cc1,0.03914561
CC(C)N(CCC(=O)c1ccc2ccccc2c1)Cc1ccccc1,1.33052345e-05
COc1cc2c(Nc3ccc(NC(=O)c4ccccc4)cc3)ncnc2cc1OCCCN1CCOCC1,0.0777474
C[C@H](CSC(=O)c1ccccc1)C(=O)N1C[C@@H](Sc2ccccc2)C[C@H]1C(=O)O,0.18603419
c1cc(CN2CCCCC2)cc(OCCCNc2nc3ccccc3s2)c1,0.012856653
O=P(O)(O)C(O)(Cn1ccnc1)P(=O)(O)O,0.017284367
C[C@@H]1CN2c3c(cc4c(N5C(=O)OC[C@@H]5C)noc4c3F)CC3(C(=O)NC(=O)NC3=O)[C@H]2[C@H](C)O1,0.60744995
CS(=O)(=O)c1ccc(-c2cn3ccccc3n2)cc1,0.31880027
CN(C)CCc1c[nH]c2ccc(C[C@H]3COC(=O)N3)cc12,4.1950167e-05
Cc1cc(CC(=O)O)n(C)c1C(=O)c1ccc(Cl)cc1,0.0024150098
Cc1nn(C)c2c1C(c1cccc(Cl)c1)=NCCN2,0.0010267769
NC(N)=NC(=O)c1cnn(-c2cccc3ncccc23)c1C1CC1,0.59218955
NS(=O)(=O)Cc1noc2ccccc12,4.0528237e-05
O=C(O)Cc1nn(Cc2nc3cc(C(F)(F)F)ccc3s2)c(=O)c2ccccc12,0.3908815
O[C@@H](COc1cccc2ncccc12)CN1CCN([C@@H]2c3ccccc3[C@@H]3[C@H](c4ccccc42)C3(F)F)CC1,0.0014869523
CO[C@H]1C[C@@H]2CC[C@@H](C)[C@@](O)(O2)C(=O)C(=O)N2CCCC[C@H]2C(=O)O[C@H]([C@H](C)C[C@@H]2CC[C@H](n3cnnn3)[C@H](OC)C2)CC(=O)[C@H](C)/C=C(\C)[C@@H](O)[C@@H](OC)C(=O)[C@H](C)C[C@H](C)/C=C/C=C/C=C/1C,0.4756014
CN(C)CCOC1=Cc2ccccc2Sc2ccc(Cl)cc21,0.033771724
Nc1nc2cc(Cl)ccc2o1,0.0013989455
O=C1N=C2C=CC=CN2C12Cc1ccccc1C2,0.00023518404
FC(F)c1nc2ccccc2n1-c1nc(N2CCOCC2)nc(N2CCOCC2)n1,3.8073958e-07
OCCN1CCN(CC/C=C2/c3ccccc3Sc3ccc(Cl)cc32)CC1,0.0030547802
C[C@@]1(O)CC[C@H]2[C@H](CC[C@@H]3[C@@H]2CC[C@]2(C)[C@@H](C(=O)Cn4cc(C#N)cn4)CC[C@@H]32)C1,0.00034409392
O=C(CC(c1ccccc1)c1ccccc1)N1CCN(C(c2ccccc2)c2ccccc2)CC1,0.00076164724
CCNCCCNCCCCNCCCNCC,4.4180386e-05
BrC1C(Br)C(Br)C(Br)C(Br)C1Br,0.6534351
CCCn1c(=O)c2[nH]c(-c3ccccc3)nc2n(CCC)c1=O,0.003930009
OCCCCO,0.00022309835
O=C(/C=C/c1ccc(O)c(O)c1)O[C@@H]1C[C@](OC(=O)/C=C/c2ccc(O)c(O)c2)(C(=O)O)C[C@@H](O)[C@H]1O,0.16032529
Cl/C=C\C[N+]12CN3CN(CN(C3)C1)C2,0.0018928718
c1ccc(C[C@H](c2ccccc2)N2CCCCC2)cc1,0.0009180737
Cc1ccc(Cl)c(OC[C@H](O)CNC(C)C)c1,0.0012757217
CC(=O)N1CCN(C)CC1,0.0014696682
O=C1Cc2c([nH]c3ccc(Br)cc23)-c2ncccc2N1,0.06627613
OC[C@H]1NC[C@@H](O)[C@@H](O)[C@@H]1O,0.0027695782
CCn1c(=O)[nH]c2ccccc21,0.0022791808
CCN1CCCC1=O,3.745388e-05
CCCCCCCCCCCCCCCC=O,0.00028422568
CCCCCCCCCCCCCCCCO,0.00199744
CC(C)(C)n1nc(-c2cccc3ccccc23)c2c(N)ncnc21,0.063170485
CCCCCCCCCCCCCCCCCCCCCCCCCCCCO,0.006793589
CCCCCCCCO,0.00019030424
N=C(N=C(N)N)Nc1ccccc1,0.000110306675
CCCCCCCCCCC[C@@H](N=O)c1cc(C)ccc1O,0.0007398813
C[C@@H](N)[C@@H](O)c1ccccc1,0.0008186849
CC(=O)O[C@@]12CO[C@@H]1C[C@H](O)[C@@]1(C)C(=O)[C@H](O)C3=C(C)[C@@H](O)C[C@@](O)([C@@H](OC(=O)c4ccccc4)[C@H]21)C3(C)C,0.003625404
CCN(CC)CCCCN1c2ccccc2Oc2ccc(Cl)cc21,2.2003733e-05
CC[C@@]1(O)C(=O)OCc2c1cc1n(c2=O)Cc2cc3cc(O)ccc3nc2-1,0.015033977
CCc1ccc(/C=C2/SC(=S)NC2=O)cc1,0.09653496
CCCCCCCCCCCCCC(=O)O[C@@H]1[C@@H](C)[C@@]2(O)[C@@H](C=C(CO)C[C@]3(O)C(=O)C(C)=C[C@@H]23)[C@@H]2C(C)(C)[C@]12OC(C)=O,0.08536392
CC(=N)NCc1cccc(CN)c1,0.0010302877
CCCCC(C)(C)[C@H](O)/C=C/[C@H]1[C@H](O)CC(=O)[C@@H]1C/C=C\CCCC(=O)O,8.7362845e-05
CCCCCC(=O)O[C@]1(C(C)=O)CC[C@H]2[C@@H]3CCC4=CC(=O)CC[C@]4(C)[C@H]3CC[C@@]21C,1.3802788e-05
C[C@]12CC[C@@H](O)C[C@@H]1CC[C@@H]1[C@@H]2CC[C@]2(C)C(c3ccccc3)=CC[C@@H]12,0.0013335833
C[C@@]1(O)[C@H](O)[C@@H](CO)O[C@H]1n1cnc2c(=O)nc(N)[nH]c21,0.69811463
C[C@@]1(O)[C@H](O)[C@@H](CO)O[C@H]1n1cnc2c(NC3CCCC3)nc(Cl)nc21,0.49110138
CC1(C)[C@@H]2CC[C@@]1(C)[C@H](O)[C@@H]2O,1.0738455e-05
CC1(C)C2CC1[C@](C)(O)[C@H](O)C2,0.0013865608
OCCNCCCOc1cccc(Cl)c1Cl,0.003225405
O=[N+]([O-])c1ccc(Cl)c([N+](=O)[O-])c1,0.013263773
O=[N+]([O-])c1ccc(O)c([N+](=O)[O-])c1,0.0023294042
OCc1ccc(CO)o1,0.021871747
C[C@@H]1CCC[C@H](C)N1,8.891106e-06
O=C1NC(=CCl)Nc2sc3c(c21)CCCC3,6.950507e-05
O=C(O)c1ccccc1NC(=O)C12CC3CC(CC(C3)C1)C2,0.5696689
O=C(O)CC[C@@H](CCCS)C(=O)O,6.184126e-05
c1ccc2sc(N3CCN(Cc4ccc5c(c4)OCO5)CC3)nc2c1,0.0016760654
Nc1ccccc1S(N)(=O)=O,0.3149771
NCCOB(c1ccccc1)c1ccccc1,0.0021459158
c1ccc2oc(C3=NCCN3)cc2c1,0.0026772525
OC[C@H]1O[C@@H](n2cnc3c(NC4CCCC4)nc(Cl)nc32)[C@H](O)[C@@H]1O,0.08227171
Nc1nc(Cl)nc2c1ncn2[C@@H]1O[C@H](CO)[C@@H](O)[C@H]1O,0.9732748
Clc1cnccn1,0.0005573908
CN1CCN(C2=Cc3ccccc3Oc3ccc(Cl)cc32)CC1,0.0017662639
CN([NH2+][O-])C(=O)N[C@@H](C=O)[C@@H](O)[C@@H](O)[C@@H](O)CO,1.797156e-06
OC[C@H]1O[C@H](O)C[C@@H](O)[C@@H]1O,0.13272946
CCOc1ccccc1C(=O)O,0.000684188
CCC[C@@H](O)[C@@H](CC)CO,9.1834285e-05
OC[C@H]1O[C@@H](O)[C@@H](F)[C@@H](O)[C@@H]1O,0.0012851873
C[C@@H]1O[C@H](O)[C@@H](F)[C@H](O)[C@@H]1O,0.00030196668
O=C1C(=C(O)/C=C/c2ccc(O)cc2)C(=O)[C@@](O)([C@@H]2O[C@H](CO)[C@@H](O)[C@H](O)[C@H]2O)C(=O)[C@H]1[C@@H]1O[C@H](CO)[C@@H](O)[C@H](O)[C@H]1O,0.0127387345
O=C(OCCO)c1ccccc1O,0.0076269214
CC(C)(O)C(=O)Nc1ccc([N+](=O)[O-])c(C(F)(F)F)c1,0.0060087484
NC[C@@](O)(CS(=O)(=O)O)c1ccc(Cl)cc1,0.19104768
NC1=N[C@H]2CS[C@@H](CCCCC(=O)O)[C@H]2N1,0.3423765
O=C(O)CNC(=O)c1ccccc1I,1.4586983e-05
COc1ccc2[nH]c(I)c(CCNC(C)=O)c2c1,0.0025948724
COc1cc2c(cc1O)CC[C@@H]1[C@@H]2CC[C@]2(C)[C@@H](O)CC[C@@H]12,2.8477747e-05
Cc1[nH]c2ccc(O)cc2c1CCN,0.008409192
Cc1ccc([N+](=O)[O-])cc1O,0.0026841417
Cc1ncc[nH]1,0.00020740871
CCCCCCCCCC[C@@H](CO)CCCCCCCC,0.006284671
CCCCCCCC/C=C\CCCCCCCC(=O)OC(CO)CO,0.0004956716
O=C(O)CCC(=O)C(=O)O,0.26955375
C=C(O)C(=O)O,0.023716632
COc1ccc2[nH]c(-c3ccccc3)c(CCNC(C)=O)c2c1,0.4945375
O=C1Nc2ccccc2C2=N[C@@H](CN3CCN(c4ccccc4)CC3)CN12,0.00025898707
NCCc1ccccn1,0.0013270634
N#C/C(=C\c1ccc(O)c(O)c1)C(=O)OCCc1cccs1,0.005834462
O=c1cc[nH]c(=S)[nH]1,0.0006670379
O=C(O)CCC/C=C\C/C=C\C/C=C\C/C=C\CCCCCO,9.608699e-07
CC(C)(O)CC[C@@H](O)[C@](C)(O)[C@@H]1CC[C@@]2(O)C3=CC(=O)[C@@H]4C[C@@H](O)[C@@H](O)C[C@]4(C)[C@@H]3CC[C@]12C,0.0004837863
O=C(CCCN1CCC2(CC1)C(=O)N(Cc1cccc(F)c1)CN2c1ccccc1)c1ccc(F)cc1,0.0013781571
Clc1cccc(/C=N/N=C/c2cccc(Cl)c2)c1,0.00023602351
c1ccc2c(Cc3c[nH]c4ccccc34)c[nH]c2c1,6.8034224e-06
N[C@@H](C(=O)O)c1ccc(C(=O)O)c(C(=O)O)c1,0.091787204
N[C@H](C(=O)O)c1ccc(C(=O)O)c(C(=O)O)c1,0.07209761
O=[N+]([O-])/C=C/c1ccc2c(c1)OCO2,0.00867143
N[C@H](C(=O)O)c1cc(O)cc(O)c1,0.08861705
Cc1ccc(/C=C2\C(=O)[C@]3(C)CC[C@H]2C3(C)C)cc1,2.4696468e-05
CN1[C@@H]2CC[C@H]1C[C@@H](OC(c1ccc(F)cc1)c1ccc(F)cc1)C2,2.0073488e-05
C[C@]12CC[C@@H](O)C[C@H]1CC[C@@H]1[C@@H]2CC[C@]2(C)C(=O)CC[C@@H]12,9.106404e-06
NC(=O)c1cccc(N)c1,0.043557253
OCCCNc1ccccc1,8.9835376e-05
C=CCN1CCN(c2nc3ccccc3nc2C#N)CC1,0.00023007591
O=[N+]([O-])c1cccc2c(Br)[nH]nc12,0.0008427648
CC1(C)[C@H]2CC[C@@]1(C)C(=O)[C@H]2Br,8.8391937e-07
O=C(O)C(O)=CBr,0.004280675
N[C@@H](C(=O)O)c1ccc(O)c(C(=O)O)c1,0.35434088
N[C@H](C(=O)O)c1ccc(O)c(C(=O)O)c1,0.18493782
Nc1nccc2c1ncn2[C@@H]1O[C@H](CO)[C@@H](O)[C@@H]1O,0.10900364
Nc1nccc2c1ncn2[C@@H]1C=C(CO)[C@@H](O)[C@H]1O,0.19721328
O=c1cc(O)ccn1[C@H]1O[C@H](CO)[C@@H](O)[C@@H]1O,0.9817956
CC[C@@](O)(CC(N)=O)c1ccccc1,7.791969e-05
O=C(O)CCCc1c[nH]c2ccccc12,0.00058158784
Cc1cc(C(=O)O)sc1[C@@H](N)C(=O)O,0.7757571
C[C@@H](CN)CC(=O)O,0.004828521
Cn1cnc(=N)c2[nH]cnc21,0.00230252
COc1ccccc1N1CCN(CCn2c(=O)[nH]c3c([nH]c4ccccc43)c2=O)CC1,0.0014892813
O=C(/C=C/c1cccnc1)c1ccncc1,0.00010866807
Clc1ccc(C(c2ccc(Cl)cc2)C(Cl)(Cl)Cl)cc1,0.0016688862
C1CCC2(CC1)CCNCC2,0.0021780108
Brc1c(Br)c(Br)c2n[nH]nc2c1Br,0.0028995792
NCc1ccc(C(=O)O)cc1,0.00055362127
O=C(c1ccc(F)cc1)C1CCN(CCCCc2ccccc2)CC1,0.029164916
CC(=O)N1CC[N+](C)(C)CC1,0.0007607652
Nc1ccc(C(=O)NCC(=O)O)cc1,4.299543e-06
N[C@@H](C(=O)O)c1ccc(C(=O)O)c(O)c1,0.14865135
N[C@H](C(=O)O)c1ccc(C(=O)O)c(O)c1,0.112877674
N=C(N)Nc1ccc(Cl)cc1,0.0017526378
CC(C)[C@@H](C(=O)Nc1nccs1)c1ccc(Cl)cc1,0.59753454
C[N+]1(C)CCC(OC(=O)C(c2ccccc2)c2ccccc2)CC1,3.0091353e-06
OC[C@H]1O[C@@H](O[C@@H]2[C@H](O)[C@@H](O)[C@H](O[C@H]3[C@H](O)[C@@H](O)[C@H](O)O[C@@H]3CO)O[C@@H]2CO)[C@H](O)[C@@H](O)[C@H]1O,0.001501662
O=c1nc[nH]c2ccccc12,0.009163053
Cc1c(O)c(=O)n(-c2ccccc2)n1C,8.761111e-07
O=C(NC1CCN(Cc2ccccc2)CC1)c1ccc(I)cc1,0.010235637
N[C@H](Cc1ccc(I)cc1)C(=O)O,0.49082696
Ic1cc(-c2ccccc2)ncn1,7.3877663e-06
COc1ccc(-c2coc3cc(O)cc(O)c3c2=O)cc1,0.001170878
Cc1nc[nH]c1CCN,0.00017974431
Cc1cc(=O)oc2c(C=O)c(O)ccc12,0.00075069413
CCC(=O)N[C@@H]1Cc2ccccc2[C@H](c2ccccc2)C1,0.00015247654
O=S(=O)(O)c1ccc(O)cc1,0.11207019
c1ccc([C@@H]2CNCc3ccccc32)cc1,0.00042610976
c1ccc(CCCCN2CCC(c3ccccc3)CC2)cc1,0.000121145466
CCCc1ccc(C(=O)O)cc1,0.0012559114
N#Cc1ccncn1,7.597587e-05
CC(C)(C)c1ccc(O)cc1,0.00035704413
NS(=O)(=O)c1ccc2c(c1)[C@H]1C=CC[C@@H]1[C@@H](c1ccc(Br)cc1)N2,0.009767102
O=C(O)C(Cc1ccccc1[N+](=O)[O-])=NNc1nc(-c2ccc(Cl)c(Cl)c2)cs1,0.15396923
O=C(O)c1ccc(N2C(=O)/C(=C/c3ccc(-c4ccc([N+](=O)[O-])cc4)o3)C=C2c2ccccc2)cc1,0.064491466
Cn1cc(-c2ccc(S(=O)(=O)n3ccc(/C=C/C(=O)Nc4ccccc4N)c3)cc2)cn1,0.025554007
O[C@@H]1[C@H](O)[C@@H](CCl)O[C@H]1n1cnc2c(N[C@H]3C[C@@H]4CC[C@H]3C4)ncnc21,0.99998534
O=C(O)c1cc(=O)c2c(Cl)cc(Cl)cc2[nH]1,0.029275594
CCn1c(-c2ccc(Cl)cc2)n[nH]c1=O,0.015932387
Nc1nc(=O)c2sc(=O)n([C@@H]3O[C@H](CO)[C@@H](O)[C@H]3O)c2[nH]1,0.2203384
NCC(=O)CCC(=O)O,0.0027829278
O=C1CN=C(c2cccc(Br)c2)c2oc3ccccc3c2N1,0.33725616
NCCc1c[nH]c2ccc(C(N)=O)cc12,0.040380806
OCc1cncc(F)c1,0.00085009006
Fc1cncnc1,5.3016443e-05
O=c1[nH]cc(F)c(=O)[nH]1,0.0015207835
O=c1ncc(F)c[nH]1,0.009082024
O=Cc1ccc(CO)o1,0.00045594372
CCCCC[C@@H](O)CCCC(=O)O,5.7664074e-05
CC1=NC[C@H](O)[C@@H](C(=O)O)N1,0.00017347366
CC(C)N(CC[C@H](c1ccccc1)c1cc(CO)ccc1O)C(C)C,0.00012929543
N[C@@H](Cc1c[nH]c2ccc(O)cc12)C(=O)O,0.19260438
Ic1cncc(OC[C@@H]2CCN2)c1,1.8075145e-05
Cc1ccc(C[N+](C)(C)C)o1,8.044272e-06
C[C@H]1NC(=O)NC1=O,0.000580992
C[C@@H]1NC(=O)NC1=O,2.503191e-05
CCCCCCCC(=O)c1ccc(O)c(C(=O)O)c1,0.006810311
CC(=O)O[C@]1(C(C)=O)CC[C@H]2[C@@H]3C=CC4=CC(=O)CC[C@]4(C)[C@H]3CC[C@@]21C,7.0160713e-06
Nc1cc2c3ccccc3ccc2c2ccccc12,0.004446863
CC1(C)S[C@@H]2[C@H](N)C(=O)N2[C@H]1C(=O)O,0.1686412
c1ccc(CNc2ncnc3nc[nH]c23)cc1,0.0010905577
COc1cc2c(CCNC(C)=O)c[nH]c2cc1Cl,0.72376484
N#[N+]CC(=O)CC[C@H](N)C(=O)O,0.023093702
CCCCCCCCC(=O)NCc1cc(OC)c(O)cc1I,3.520082e-05
O=C1c2ccccc2NC2=CCCCCN12,0.0036283024
CC(=O)OCC1=C(C(=O)O)N2C(=O)[C@@H](N)[C@H]2SC1,0.3033723
O=C(O)c1cc(=O)c2ccc(Cl)cc2[nH]1,0.08979069
CCCN(CCC)[C@H]1CCc2ccc(O)cc2C1,0.00010022988
CCCN(C/C=C/I)[C@H]1CCc2ccc(O)cc2C1,0.00054401363
CN[C@@H]1C[C@H]2O[C@@](C)([C@@H]1OC)n1c3ccccc3c3c4c(c5c6ccccc6n2c5c31)C(=O)N[C@H]4O,0.18354844
CC(=O)O[C@H]1CC[C@@]2(C)C(=CC(=O)[C@@H]3[C@@H]2CC[C@]2(C)C(=O)CC[C@@H]32)C1,3.0635074e-05
COc1ccc2nc3c(c(N)c2c1)CCCC3,0.002417519
Cn1cnc2[nH]c(=O)[nH]c(=O)c21,0.04216948
O=[N+]([O-])c1cccc2c[nH]nc12,0.0018027913
Nc1ncnc2c1nc(Br)n2[C@@H]1O[C@@H]2CO[P@@](=O)(O)O[C@H]2[C@H]1O,0.9889525
Nc1nc(=O)c2nc(Br)n([C@@H]3O[C@@H]4CO[P@@](=O)(O)O[C@H]4[C@H]3O)c2[nH]1,0.88383806
CCCN(CCC)[C@H]1CCc2cccc(O)c2C1,1.7206941e-05
CCCN(C/C=C/I)[C@H]1CCc2cccc(O)c2C1,7.6811884e-05
CCC(=O)N[C@H]1CCc2cccc(OC)c2C1,4.3842015e-06
Cc1oc(=O)oc1CCl,0.00055563694
Nc1c2ccccc2nc2ccccc12,0.010073145
CC[C@@]1(O)C(=O)OCc2c1cc1n(c2=O)Cc2cc3c(N)cccc3nc2-1,0.009787938
O=C(O)c1c2ccccc2cc2ccccc12,0.12856035
