smiles,label
CN1CCc2cccc3c2[C@H]1Cc1ccc(O)c(O)c1-3,0.0014906512
COc1ccc([C@@H]2CNC(=O)C2)cc1OC1CCCC1,0.0008851337
NC[C@H](CC(=O)O)c1ccc(Cl)cc1,0.0037903662
COc1ccc([C@H]2CNC(=O)C2)cc1OC1CCCC1,0.0008145937
CC(C)C[C@H](NC(=O)CN(C)C(=O)[C@H](Cc1ccccc1)NC(=O)[C@H](Cc1ccccc1)NC(=O)[C@H](CCC(N)=O)NC(=O)[C@H](CCC(N)=O)NC(=O)[C@@H]1CCCN1C(=O)[C@H](CCCCN)NC(=O)[C@@H]1CCCN1C(=O)[C@@H](N)CCCNC(=N)N)C(=O)N[C@@H](CCS(C)(=O)=O)C(N)=O,3.1173445e-06
COc1ccc2c(NC(=O)Nc3cccc(C(F)(F)F)n3)ccnc2c1,5.019409e-06
O=C(O)c1ccccc1NC(=O)N1CCC(c2ccccc2C(F)(F)F)CC1,1.2022114e-06
O=C(O)c1cc(C(=O)O)c(C(=O)N(Cc2cccc(Oc3ccccc3)c2)[C@H]2CCCc3ccccc32)cc1C(=O)O,0.119624965
CC(=O)N[C@@H]1N=C(c2ccccc2)c2ccccc2NC1=O,0.0113982735
COc1cc2c(cc1OCCCN1CCCC1)N=C(N)C21CCC1,5.2234387e-05
Cc1ccc(N2CCN(Cc3nc4ccccc4[nH]3)CC2)cc1C,0.0006739567
Cc1cccc(NC(=O)CN2CCC(c3ccccn3)CC2)c1,0.0005788518
Clc1cccc(-c2nnnn2Cc2cccnc2)c1Cl,0.013990393
CNC(=O)Nc1ccc2c(c1)CC[C@@]21OC(=O)N(CC(=O)N(Cc2ccc(F)cc2)[C@@H](C)C(F)(F)F)C1=O,1.8337994e-07
CN1C[C@@H]2CN(c3ccc(-c4ccccc4)nn3)C[C@@H]2C1,0.00088148937
CS(=O)(=O)Nc1c(O)ccc2c1CCC[C@@H]2C1=NCCN1,8.1359656e-05
Cc1[nH]nc2ccc(-c3cncc(OC[C@@H](N)Cc4ccccc4)c3)cc12,0.011043673
NCCCCCCCCCCNS(=O)(=O)c1cccc2c(Cl)cccc12,0.0106616
N#Cc1c(O)c2c(-c3ccc(-c4ccccc4O)cc3)csc2[nH]c1=O,0.0019865308
O=C(Nc1ccc(S(=O)(=O)C(F)(F)F)cc1)C1=CCN(c2ncccc2C(F)(F)F)CC1,4.5096197e-14
COc1cc(NC(=O)c2ccc(-c3ccc(Cl)cc3)o2)cc(OC)c1,0.016623247
C[C@H](N/C(=N\c1cccc2ncccc12)NC#N)c1ccccc1,0.0018546149
Clc1cccc(-n2nnnc2NCc2ccccc2Oc2ccccn2)c1Cl,0.013166962
CCC(=O)c1cc(-c2ccc(Cl)cc2)n(-c2ccc(S(N)(=O)=O)cc2)c1C,0.0036765765
CCCCOc1ccc(-c2cncc(C(=O)NCc3cccnc3N3CCOCC3)c2)cc1Cl,0.0015767141
O=C(Nc1ccccc1)Nc1ccc(-c2ccc(C(=O)[C@@H]3CCC[C@H]3C(=O)O)cc2)cc1,0.0014811623
CNC(=O)c1cccc(NC(=O)N2CCC(Oc3ccccc3Cl)CC2)c1,0.0009877288
CCC(=N\O)/C(C)=C/c1ccc(F)cc1,0.0025266237
Nc1nc2c(c(N3CCNCC3)n1)CCC1=C2[C@@H]2CCCC[C@@H]2O1,0.00017561005
CCOC(=O)Nc1ccc(NCc2c(C)cc(C)cc2C)cc1N,0.009920979
C[n+]1ccn(C[C@@]2(C)[C@H](C(=O)O)N3C(=O)C[C@H]3S2(=O)=O)n1,4.43586e-06
CC[C@@H](C)NS(=O)(=O)c1ccc(F)c(C(=O)Nc2ccc(F)c(F)c2)c1,0.083949596
Nc1nc(NC2CC2)c2ncn([C@H]3C=C[C@@H](CO)C3)c2n1,0.00059500907
Cc1ccc(Oc2ccccc2-c2csc(NC3=NCCCN3)n2)c(C)c1,0.006270978
CO[C@H]1C[C@H](O[C@H]2[C@H](C)O[C@@H](O[C@@H]3/C(C)=C/C[C@@H]4C[C@@H](C[C@]5(C=C[C@H](C)[C@@H](C(C)C)O5)O4)OC(=O)[C@@H]4C=C(C)[C@@H](O)[C@H]5OC/C(=C\C=C\[C@@H]3C)[C@]54O)C[C@@H]2OC)O[C@@H](C)[C@@H]1O,1.2972736e-06
Cc1ccc(-c2ccc(C)cn2)nc1,0.009907265
CC(=O)N[C@H](Cc1ccc2ccccc2c1)C(=O)N[C@H](Cc1ccc(Cl)cc1)C(=O)N[C@H](Cc1cccnc1)C(=O)N[C@@H](CO)C(=O)N(C)[C@@H](Cc1ccc(O)cc1)C(=O)N[C@H](CC(N)=O)C(=O)N[C@@H](CC(C)C)C(=O)N[C@@H](CCCCNC(C)C)C(=O)N1CCC[C@H]1C(=O)N[C@H](C)C(N)=O,0.019289017
CCNC(=O)c1cc2c(-c3cc(C(C)(C)O)ccc3Oc3c(C)cc(F)cc3C)cn(C)c(O)c-2n1,0.004118559
O=C(NCc1ccncc1)[C@@]12C[C@H]3C[C@@H](C1)C[C@](c1ccc(Cl)cc1)(C3)C2,1.7705508e-05
CCN1CCN(Cc2ccc(Nc3ncc(F)c(-c4cc(F)c5nc(C)n(C(C)C)c5c4)n3)nc2)CC1,0.004609638
C[C@]12CC[C@H](O)CC1=CC[C@@H]1[C@@H]2CC[C@]2(C)C(c3cccnc3)=CC[C@@H]12,4.4687167e-05
CC(=O)O[C@H]1CC[C@@]2(C)C(=CC[C@@H]3[C@@H]2CC[C@]2(C)C(c4cccnc4)=CC[C@@H]32)C1,5.9732214e-05
COc1c(/C=C/c2ccc(NS(C)(=O)=O)cc2)cc(-n2ccc(=O)[nH]c2=O)cc1C(C)(C)C,0.002126277
N[C@H]1CCN(c2cccnc2)C1,0.00070395303
C[C@@H]1CCCN1CCc1cc2cc(-c3ccc(C#N)cc3)ccc2o1,0.0003501045
C#Cc1cccc2c1c(C(=O)c1ccc(Cn3c(C)nc4cnccc43)c(F)c1)cn2C(=O)N(C)C,0.0027440237
O=C(c1cc(S(=O)(=O)Nc2ccccc2F)c(F)cc1Cl)N1CCN2CCC[C@@H]2C1,9.821548e-06
Nc1ncnc2nc(-c3ccc(N4CCOCC4)nc3)cc(-c3cccc(Br)c3)c12,0.001370655
c1ccc(N2CCN(Cc3nc4ccccc4[nH]3)CC2)nc1,0.00025694177
CN(C)CC[C@H](CSc1ccccc1)Nc1ccc(S(=O)(=O)NC(=O)c2ccc(N3CCN(Cc4ccccc4-c4ccc(Cl)cc4)CC3)cc2)cc1[N+](=O)[O-],0.010042266
COc1ccc(S(=O)(=O)Nc2cccnc2Nc2ccc(O)cc2)cc1,0.0017709107
O=C(OC(C(F)(F)F)C(F)(F)F)N1CCN(Cc2ccc(C(F)(F)F)cc2N2CCCC2)CC1,8.784789e-18
FC(F)(F)Oc1ccc(Nc2ccc3cccc(Cl)c3n2)cc1,8.259591e-06
Oc1ccc(C2(c3ccccc3F)CCC(F)(F)CC2)cc1,1.552212e-05
CCCCOCCOc1nc(-c2ccc(C(=O)O)c(F)c2)sc1C,0.020863848
C/C(=N\NC(=O)[C@@H]1C(=O)NC[C@H]1c1ccccc1)c1cccc(Br)c1,0.004402537
C/C(=N\NC(=O)[C@@H](NC(=O)c1ccccc1)c1n[nH]c(=O)c2ccccc12)c1cccc(Br)c1,0.0367638
CCCCCCCCc1ccc(-c2ccc(C(=O)O)cc2)cc1,0.020738559
CCN1C(C)(C)CC(Oc2ccc(C(=O)Nc3ccc(NC(=O)Nc4cc(C(C)(C)C)on4)cc3)nc2)CC1(C)C,0.003856184
CN(C)CC[C@@]1(c2ccc(Cl)cc2)Cc2ccccc2C(=O)O1,0.002867592
NC(=O)c1ncn([C@@H]2O[C@H](CO)[C@@H](O)[C@H]2O)c1N,0.00021178275
CC#CC(=O)N1CCC[C@H]1c1nc(-c2ccc(C(=O)Nc3ccccn3)cc2)c2c(N)nccn12,8.818915e-05
C[C@H](Nc1ncnc2nc[nH]c12)c1nc2ccc(F)cc2c(=O)n1-c1ccccc1,0.029924167
CC(=O)NCCCS(=O)(=O)O,0.00020078944
C[C@H]1O[C@H](O[C@H]2[C@H](O)[C@@H](O)[C@@H](O[C@H]3[C@H](O)[C@@H](O)[C@H](O)O[C@@H]3CO)O[C@@H]2CO)[C@H](O)[C@@H](O)[C@@H]1N[C@H]1C=C(CO)[C@@H](O)[C@H](O)[C@H]1O,7.46521e-08
CN(C)c1nc(N)c(C(=O)Nc2cccnc2)nc1Cl,0.0020462002
O=C(O)c1ccc(CN2C[C@@H]3C[C@H]2CN3Cc2ccc(Oc3ccc(-c4ncco4)cc3)cc2)cc1,0.00010066379
CCCC(=O)Nc1ccc(OCC(O)CNC(C)C)c(C(C)=O)c1,0.00093698426
CCN(CC)CCNC(=O)c1ccc(NC(C)=O)cc1,0.00046524435
CC(=O)O[C@H]1CN2CCC1CC2,0.0003083222
O=C(O)COC(=O)Cc1ccccc1Nc1c(Cl)cccc1Cl,0.007985164
CC(=O)Nc1ccc(S(=O)(=O)c2ccc(NC(C)=O)cc2)cc1,0.011950992
CC(=O)Nc1ccc(C(=O)O)cc1,0.0035016194
Cn1c(=O)c2c(ncn2CC(=O)O)n(C)c1=O,0.00091902586
CC(=O)N[C@@H](CCC(N)=O)C(=O)O,0.0007847818
C[C@H](N[P@@](=O)(OC[C@H]1O[C@@H](n2ccc(N)nc2=O)C(F)(F)[C@@H]1O)Oc1ccccc1)C(=O)OCc1ccccc1,1.0883167e-09
COc1ccc2c(c1)c(CC(=O)OCC(=O)O)c(C)n2C(=O)c1ccc(Cl)cc1,0.0020601293
CC(=O)N[C@H]1[C@H]([C@H](O)[C@H](O)CO)O[C@](O)(C(=O)O)C[C@@H]1O,5.2946267e-05
CC(=O)C[C@@H](c1ccc([N+](=O)[O-])cc1)c1c(O)c2ccccc2oc1=O,0.009945359
CC(=O)c1ccc2c(c1)N(CCCN(C)C)c1ccccc1S2,0.004179133
CC1=CC(=O)NS(=O)(=O)O1,2.0208574e-05
CC(=O)Nc1ccccc1,0.0054203863
CC(=O)Nc1cc([As](=O)(O)O)ccc1O,0.0005267273
CC(=O)Nc1nnc(S(N)(=O)=O)s1,5.643999e-05
CC(=O)c1ccc(S(=O)(=O)NC(=O)NC2CCCCC2)cc1,0.00013119307
CC(=O)NO,0.006993532
CC(=O)c1ccc2c(c1)N(CCCN1CCN(CCO)CC1)c1ccccc1S2,0.0001199872
CC(=O)Nc1c(I)cc(I)c(C(=O)O)c1I,0.011794948
CC(=O)N[C@@H](CSC/C=C(\C)CC/C=C(\C)CCC=C(C)C)C(=O)O,0.010441207
CC(=O)N[C@@H](CC(C)C)C(=O)O,0.0010126458
CC(=O)O[C@@H]1CC[C@@]2(C)[C@@H](CC[C@]3(C)[C@H]2C(=O)C=C2[C@@H]4[C@@H](C)[C@H](C)CC[C@]4(C)CC[C@]23C)[C@@]1(C)C(=O)O,0.0030087181
CC(=O)OCC[N+](C)(C)C,0.0012991298
CC(=O)N[C@@H](CS)C(=O)O,0.00356736
CC(=O)Oc1ccccc1C(=O)Oc1ccccc1C(=O)O,0.007419135
CO[C@@H]1[C@@H](O[C@@H]2O[C@H](C)[C@@H](O[C@H]3C[C@@](C)(O)[C@@H](O)[C@H](C)O3)[C@H](N(C)C)[C@H]2O)[C@@H](CC=O)C[C@@H](C)[C@@H](O[C@H]2CC[C@H](N(C)C)[C@@H](C)O2)/C=C/C=C/C[C@@H](C)OC(=O)C[C@H]1OC(C)=O,0.0038127205
CC(=O)NCCCCCC(=O)O,0.0019999526
C[C@@]1(c2ccccc2)OC(C(=O)O)=CC1=O,0.0011810586
Cc1cnc(C(=O)O)c[n+]1[O-],0.03181693
O=C(O)C(=O)Nc1cccc(-c2nn[nH]n2)c1,0.019811973
COc1cc(C)c(/C=C/C(C)=C/C=C/C(C)=C/C(=O)O)c(C)c1C,0.0045126644
N[C@@H](C(=O)O)[C@@H]1CC(Cl)=NO1,0.00045046373
CC[C@@]1(O)C[C@H](O[C@H]2C[C@H](N(C)C)[C@H](O[C@H]3C[C@H](O)[C@H](O[C@H]4CCC(=O)[C@H](C)O4)[C@H](C)O3)[C@H](C)O2)c2c(cc3c(c2O)C(=O)c2c(O)cccc2C3=O)[C@H]1C(=O)OC,0.003270527
O=C(O[C@H]1C[N+]2(CCCOc3ccccc3)CCC1CC2)C(O)(c1cccs1)c1cccs1,1.7199607e-05
CC1=C(c2ccc(O)cc2)[C@H](c2ccc(OCCN3CCCCC3)cc2)Oc2cc(O)ccc21,0.0006042398
CC1(C)OB(O)c2cc(NC(=O)c3ccc(F)cc3C(F)(F)F)ccc21,3.7102097e-07
NC1(C(=O)O)CC1,0.00020001213
C[n+]1c2cc(N)ccc2cc2ccc(N)cc21,0.0058732512
CCCCCCc1ccc(O)cc1O,0.011567763
Cc1ccc(/C(=C\CN2CCCC2)c2cccc(/C=C/C(=O)O)n2)cc1,0.00047218267
C=CC(=O)O,0.002158613
NS(=O)(=O)Nc1ncnc(OCCOc2ncc(Br)cn2)c1-c1ccc(Br)cc1,0.00014000005
COc1ccc(S(=O)(=O)N2CCC[C@H]2C(=O)Nc2cc(C)cc(C)c2)cc1,0.0003046606
CC(=O)Nc1ccc(CC(=O)O)cc1,0.0038784514
COCc1c(-c2ccc(NC(=O)Nc3cc(C(F)(F)F)ccc3F)c(F)c2)c2c(N)ncnn2c1CN1CCOCC1,3.145951e-07
Cc1c2oc3c(C)ccc(C(=O)N[C@@H]4C(=O)N[C@@H](C(C)C)C(=O)N5CCC[C@H]5C(=O)N(C)CC(=O)N(C)[C@@H](C(C)C)C(=O)O[C@@H]4C)c3nc-2c(C(=O)N[C@@H]2C(=O)N[C@@H](C(C)C)C(=O)N3CCC[C@H]3C(=O)N(C)CC(=O)N(C)[C@@H](C(C)C)C(=O)O[C@@H]2C)c(N)c1=O,0.00026365425
CCOc1ccc(S(=O)(=O)O)c2cccnc12,0.00020788706
Cc1ccc(C(=O)NC2CC2)cc1-n1ncc(C(=O)c2cccc(C#N)c2)c1N,0.0023750914
O=C(CCCCCCNC(=O)c1cnc(N(c2ccccc2)c2ccccc2)nc1)NO,0.009928874
Nc1nc(=O)c2ncn(COCCO)c2[nH]1,0.0012098552
CCCCCCCCCCCCCCCCCC[S+](CCC)c1ccccc1C(=O)OCC,0.2671362
CCCCC1CCN(CCCN2C(=O)COc3cc(F)ccc32)CC1,0.001394919
CC(C)c1cccc2c1O[C@H](C(C)C)C(=S)N2CC(=O)O,0.0017386018
COc1ccc(-c2ccc3cc(C(=O)O)ccc3c2)cc1C12CC3CC(CC(C3)C1)C2,9.217987e-05
O=P(O)(O)OC[C@H]1O[C@H](O)[C@H](O)[C@@H](O)[C@@H]1O,2.4726107e-06
C[C@@H](N)C(=O)N[C@@H](CO)C(=O)N[C@H](C(=O)N[C@H](C(=O)N[C@H](C(=O)N[C@@H](CC(N)=O)C(=O)N[C@@H](Cc1ccc(O)cc1)C(=O)N[C@H](C(N)=O)[C@@H](C)O)[C@@H](C)O)[C@@H](C)O)[C@@H](C)O,0.9940309
O=C(O)/C=C/c1ccc(-c2ccc(O)c(C34CC5CC(CC(C5)C3)C4)c2)cc1,7.290354e-05
O=C(NCCN1CCN(c2ncccn2)CC1)C12CC3CC(CC(C3)C1)C2,1.240848e-06
CC(C)CC(=O)Nc1cncc(-c2ccc3[nH]nc(-c4nc5cncc(-c6cccc(F)c6)c5[nH]4)c3c2)c1,0.0026329146
O=c1[nH]c(N2CCOCC2)cn1-c1ccc(Cl)cc1,0.01012371
Nc1ncnc2c1ncn2CCOCP(=O)(O)O,6.783917e-05
CC(C)(C)C(=O)OCOP(=O)(COCCn1cnc2c(N)ncnc21)OCOC(=O)C(C)(C)C,4.9138578e-09
O=C(CCCCCCCC(=O)NCCO)NCCO,0.0013651495
C[S+](CC[C@H](N)C(=O)O)C[C@H]1O[C@@H](n2cnc3c(N)ncnc32)[C@H](O)[C@@H]1O,4.718557e-05
Nc1ncnc2nc[nH]c12,0.0020544317
Nc1ncnc2c1ncn2[C@@H]1O[C@H](CO)[C@@H](O)[C@H]1O,0.00012642189
Nc1ncnc2c1ncn2[C@@H]1O[C@H](COP(=O)(O)O)[C@@H](O)[C@H]1O,1.3573583e-06
Nc1ncnc2c1ncn2[C@@H]1O[C@H](COP(=O)(O)OP(=O)(O)OP(=O)(O)O)[C@@H](O)[C@H]1O,1.6046999e-11
CCN(CC)CCOC(=O)C(c1ccccc1)c1ccccc1,0.0021540904
O=C(O)CCCCC(=O)O,0.0010774559
O=C(COc1ccc(C(=O)c2ccccc2)cc1)NC1CCN(Cc2ccccc2)CC1,0.0005314844
CCN(CC)C(=O)c1ccc(C2=CC3(CCNCC3)Oc3cccc(O)c32)cc1,0.00015604575
Cc1cc(O[C@@H](CCC(F)(F)F)c2ccc(C(=O)NCCC(=O)O)cc2)cc(C)c1-c1ccc(C(C)(C)C)cc1,1.0805678e-06
Fc1ccc(-c2cncc(CN3CCN(c4cccc5c4OCCO5)CC3)c2)cc1,0.00018152311
O=C(C[S@@](=O)C(c1ccccc1)c1ccccc1)NO,0.011014791
CNCC(=O)c1ccc(O)c(O)c1,0.0026820174
C[C@]12CCC(=O)C=C1CC[C@@H]1[C@@H]2C(=O)C[C@]2(C)C(=O)CC[C@@H]12,2.6275626e-05
Cc1cc(C)c(N)c(C#Cc2cccc(F)c2)n1,0.0041846614
O=C(c1ccc(F)cc1)N1CCC[C@H](c2nc(-c3ccc(F)cc3)no2)C1,0.005857236
CCN1CCN(Cc2ccc(-c3cc4c(N[C@H](C)c5ccccc5)ncnc4[nH]3)cc2)CC1,0.0003374974
NS(=O)(=O)c1nn2cc(-c3ccccc3)nc2s1,6.0021146e-05
CC(=O)N[C@@H](Cc1ccccc1)C(=O)O,0.0033718834
CCCC[C@H](NC(=O)[C@H](CO)NC(=O)[C@H](Cc1ccc(O)cc1)NC(=O)[C@H](CO)NC(C)=O)C(=O)N[C@@H](CCC(=O)O)C(=O)N[C@@H](Cc1cnc[nH]1)C(=O)N[C@H](Cc1ccccc1)C(=O)N[C@@H](CCCNC(=N)N)C(=O)N[C@@H](Cc1c[nH]c2ccccc12)C(=O)NCC(=O)N[C@@H](CCCCN)C(=O)N1CCC[C@H]1C(=O)N[C@H](C(N)=O)C(C)C,0.001210965
CN(C)C/C=C/C(=O)Nc1cc2c(Nc3ccc(F)c(Cl)c3)ncnc2cc1O[C@H]1CCOC1,0.25166255
CC/C(=C(\c1ccc(O)cc1)c1ccc(OCCN(C)C)cc1)c1ccccc1,0.0086472435
Cc1ccccc1-n1c(CF)nc2ccc(N)cc2c1=O,0.006213223
Cc1c(CN(C)C(=O)/C=C/c2cnc3c(c2)CCC(=O)N3)oc2ccccc12,0.002023444
CCOc1ccc2nc(SCCN3CCOCC3)[nH]c2c1,0.00047810285
Cc1cccc(NC(=O)c2ccc(C(F)(F)F)cc2C(=O)O)n1,8.7030685e-07
CC(C)(C)c1cc(C=C(C#N)C#N)cc(Br)c1O,0.00016410719
CN(C)Cc1ccc(-c2nc3cccc4c3n2CCNC4=O)cc1,0.005662856
N#C/C(=C\c1ccc(O)c(O)c1)C(=O)NCc1ccccc1,0.00084291445
N#C/C(=C\c1ccc(O)c(O)c1)C(=O)NCCCc1ccccc1,0.0008618367
N#C/C(=C\c1ccc(O)c(O)c1)C(=O)NCCCCc1ccccc1,0.0011796509
Cc1ccccc1[C@H](C(=O)NC1CCCCC1)N(C(=O)Cn1ccnc1C)c1cccc(F)c1,0.01770179
O=C(Nc1cccc(C(F)(F)F)c1)Nc1cc(S(=O)(=O)NC2CC2)ccc1-c1ccsc1,1.608983e-07
CO[C@H]1[C@@H]([C@@]2(C)O[C@@H]2CC=C(C)C)[C@]2(CC[C@H]1OC(=O)NC(=O)CCl)CO2,0.0019604873
N=C(N)NCCCCN,0.0033046927
CC(C)[C@@H]1[C@H]2CC[C@@H](C2)[C@H]1N,0.0005533179
CCc1ccc(C2=CC(C)(C)Sc3ccc(C#Cc4ccc(C(=O)O)cc4)cc32)cc1,0.005249381
CC1(C)CCC(C)(C)c2c1cc(C(=O)Nc1cc(F)c(C(=O)O)c(F)c1)c(O)c2Cl,0.98305756
COc1ccc2cccc(CCNC(C)=O)c2c1,0.0029560046
CCCCCCCCCCCCCCCCCCCCCC(=O)O,0.4566233
Cc1ccc(S(=O)(=O)NC2c3ccccc3Oc3ccccc32)cc1,0.0017372782
N=C(C[C@@H](O)COc1ccccc1-c1ccccc1)N1CCCCC1,0.00032397962
CC(C)Oc1ccc2c(=O)c3cc(C(=O)O)ccc3oc2c1,0.007054193
FC(F)(F)Oc1ccc2nc(-c3ccc(OCCOCCOc4ccc(-c5nc6ccc(OC(F)(F)F)cc6[nH]5)nc4)cn3)[nH]c2c1,2.9502485e-09
c1ccc(-c2oc3ncnc(NC[C@@H]4CCCO4)c3c2-c2ccccc2)cc1,0.001559619
CC[C@H]1[C@H]2C[C@H]3[C@@H]4N(C)c5ccccc5[C@]45C[C@@H]([C@H]2[C@H]5O)N3[C@@H]1O,1.8563285e-05
CCCN[C@@H]1CCc2c(OC)cccc2[C@@H]1C,0.0023113997
O=C(Nc1cccc(Br)c1)c1cccc(S(=O)(=O)N2CCCCCC2)c1,0.0001197644
CC(=O)O[C@@H]1CC[C@@]2(C)[C@@H](CC[C@]3(C)[C@@H]2C(=O)C=C2[C@@H]4[C@@H](C)[C@H](C)CC[C@]4(C)CC[C@]23C)[C@@]1(C)C(=O)O,0.0031847688
NC(=O)c1ccc([N+](=O)[O-])cc1Cl,0.58449703
Cc1c(F)cc(C(=O)NC2CC2)cc1-c1c(F)cn2c(C(C)(C)C)nnc2c1F,0.32433137
CC(=O)SC[C@@H](C)C(=O)N1CCC[C@H]1C(=O)N[C@@H](Cc1ccccc1)C(=O)O,0.000773936
C[C@H](N)C(=O)N[C@@H](C)P(=O)(O)O,2.734031e-05
Cc1sc[n+](CC(=O)c2ccccc2)c1C,0.003638731
C[C@@H](N)C(=O)O,0.00092914194
N[C@@H](CN(O)[N+][O-])C(=O)O,0.00015950244
C=C1C(=O)O[C@@H]2C[C@@]3(C)CCC[C@H](C)C3=C[C@H]12,0.0006865001
C[C@@H](N)C(=O)OC(C)(C)Cc1ccc(Cl)cc1,0.0021023382
CCNC(=O)[C@@H]1CCCN1C(=O)[C@H](CCCNC(=N)N)NC(=O)[C@H](CC(C)C)NC(=O)[C@@H](C)NC(=O)[C@H](Cc1ccc(O)cc1)NC(=O)[C@H](CO)NC(=O)[C@H](Cc1c[nH]c2ccccc12)NC(=O)[C@H](Cc1cnc[nH]1)NC(=O)[C@@H]1CCC(=O)N1,0.00025676395
CCCSc1ccc2nc(NC(=O)OC)[nH]c2c1,0.0033954533
CCC[S@@](=O)c1ccc2nc(NC(=O)OC)[nH]c2c1,0.0023693836
CC(C)(C)NC[C@@H](O)c1ccc(O)c(CO)c1,0.001080969
CN1CCC(=C2c3ccccc3CCn3c(C=O)cnc32)CC1,0.0013520032
C=CCOc1ccc(CC(=O)O)cc1Cl,0.0025995628
CCC(=O)OCC(=O)[C@@]1(OC(=O)CC)[C@H](C)C[C@H]2[C@@H]3[C@H]([C@@H](O)C[C@@]21C)[C@@]1(C)C=CC(=O)C=C1C[C@H]3Cl,4.2865994e-07
O=C(NCc1ccc2c(c1)OCO2)c1c(Cl)cccc1Cl,0.00764319
COc1cccc2c1C(=O)c1c(O)c3c(c(O)c1C2=O)C[C@@](O)(/C(CO)=N/NC(=O)CCCCCN1C(=O)C=CC1=O)C[C@@H]3O[C@H]1C[C@H](N)[C@H](O)[C@H](C)O1,0.29866713
CCc1cc2c(cc1N1CCC(N3CCOCC3)CC1)C(C)(C)c1[nH]c3cc(C#N)ccc3c1C2=O,1.4668087e-05
NCCCC(O)(P(=O)(O)O)P(=O)(O)O,4.5517435e-08
CCCC[C@@H](CC)CNC(=N)N=C(N)NCCCCCCNC(N)=NC(=N)NC[C@@H](CC)CCCC,0.015433846
C=C1/C(=C\C=C2/CCC[C@]3(C)[C@@H]([C@H](C)CCCC(C)C)CC[C@@H]23)C[C@@H](O)C[C@@H]1O,0.00012773457
CC(=O)OCC(=O)[C@H]1CC[C@H]2[C@@H]3CC[C@H]4C[C@H](O)CC[C@]4(C)[C@H]3C(=O)C[C@]12C,1.590921e-05
COc1cc2nc(N(C)CCCNC(=O)[C@H]3CCCO3)nc(N)c2cc1OC,0.000575161
CC(=O)[C@@]12O[C@](C)(c3ccccc3)O[C@@H]1C[C@H]1[C@@H]3CCC4=CC(=O)CC[C@]4(C)[C@H]3CC[C@@]12C,1.404311e-05
C=CCc1cc(OC)c(O)c(C(=O)NCCO)c1,0.002064846
C[C@@H](CN(C)C)CN1c2ccccc2Sc2ccccc21,0.005465191
C=CCN(C1=NCCN1)c1c(Cl)cccc1Cl,0.0034133838
COc1cc(Nc2ncc3c(n2)-c2ccc(Cl)cc2C(c2c(F)cccc2OC)=NC3)ccc1C(=O)O,0.059640296
COCCCOc1cc(C[C@@H](C[C@H](N)[C@@H](O)C[C@H](C(=O)NCC(C)(C)C(N)=O)C(C)C)C(C)C)ccc1OC,0.0009303879
C/C=C/C[C@@H](C)[C@@H](O)[C@H]1C(=O)N[C@@H](CC)C(=O)N(C)[C@H](C)C(=O)N(CC)[C@@H](C(C)C)C(=O)N[C@@H](C(C)C)C(=O)N(C)[C@@H](CC(C)C)C(=O)N[C@@H](C)C(=O)N[C@H](C)C(=O)N(C)[C@@H](CC(C)C)C(=O)N(C)[C@@H](CC(C)C)C(=O)N(C)[C@@H](C(C)C)C(=O)N1C,4.4875085e-07
C=CCN1CCC[C@@H]1CNC(=O)c1cc2nn[nH]c2cc1OC,7.3081384e-05
O=C1c2ccccc2C(=O)c2c1ccc(O)c2O,0.013755518
NC(=O)N[C@H]1NC(=O)NC1=O,0.005109088
C=CCS[S@@](=O)CC=C,0.0016145494
O=c1nc[nH]c2n[nH]cc12,0.0040000537
OC[C@H]1O[C@@H](n2ncc3c(O)ncnc32)[C@H](O)[C@@H]1O,0.0002933843
C=CC[C@]1(O)CC[C@H]2[C@@H]3CCC4=CCCC[C@@H]4[C@H]3CC[C@@]21C,4.1498542e-06
C=CCN=C=S,0.001943299
C=CCNC(N)=S,0.0016370198
C=CCNc1nc(NCC=C)nc(N2CCN(C(c3ccc(F)cc3)c3ccc(F)cc3)CC2)n1,0.00053470075
CNC(=O)[C@@H](c1ccccc1)N1CCc2cc(OC)c(OC)cc2[C@@H]1CCc1ccc(C(F)(F)F)cc1,2.060892e-07
CN(C)CCc1c[nH]c2ccc(CS(=O)(=O)N3CCCC3)cc12,6.757884e-05
O=C1c2cccc(O)c2C(=O)c2c(O)cc(CO)cc21,0.0431876
Cn1c(=O)cc(N2CCC[C@@H](N)C2)n(Cc2ccccc2C#N)c1=O,0.0015137439
O=C1c2c(O)cccc2[C@H]([C@@H]2O[C@H](CO)[C@@H](O)[C@H](O)[C@H]2O)c2cc(CO)cc(O)c21,0.0010991708
C1=C2CCCN[C@H]2[C@@H]2C[C@H]1[C@H]1CCCCN1C2,4.8801558e-06
Cc1nc[nH]c1CN1CCc2c(c3ccccc3n2C)C1=O,0.0018152506
Cc1cn([C@H]2C[C@H](F)[C@@H](CO)O2)c(=O)[nH]c1=O,0.0003741065
CCOC(=O)[C@H]1O[C@@H]1C(=O)N[C@@H](CC(C)C)C(=O)NCCC(C)C,6.719834e-05
Cc1nc(NC(=O)N2CCC[C@H]2C(N)=O)sc1-c1ccnc(C(C)(C)C(F)(F)F)c1,2.448569e-08
C/C=C/c1cc(OC)c(OC)cc1OC,0.0054421052
OC[C@H]1O[C@H](O)[C@H](O)[C@@H](O)[C@@H]1O,0.00023792888
COc1ccc([C@@H]2CC(=O)c3c(O)cc(O[C@@H]4O[C@H](CO[C@@H]5O[C@@H](C)[C@H](O)[C@@H](O)[C@H]5O)[C@@H](O[C@H]5O[C@H](CO)[C@@H](O)[C@H](O)[C@H]5O)[C@H](O)[C@H]4O)cc3O2)cc1O,1.1956745e-06
CC/C=C\C/C=C\C/C=C\CCCCCCCC(=O)O,0.011211649
C[C@@H](N)Cc1cnc[nH]1,0.0056127077
C[C@H](N)Cc1cnc[nH]1,0.0055695763
C[C@@H](N)Cc1c[nH]c2ccc(O)cc12,0.0048959088
Cc1c(C)c2c(c(C)c1O)CC[C@](C)(CCC[C@H](C)CCC[C@H](C)CCCC(C)C)O2,0.18313594
CC(=O)Oc1c(C)c(C)c2c(c1C)CC[C@](C)(CCC[C@H](C)CCC[C@H](C)CCCC(C)C)O2,0.35264167
CCCN(CCC)C(=O)Cc1c(-c2ccc(Cl)cc2)nc2ccc(Cl)cn12,0.0066712666
C=CCc1ccccc1OC[C@H](O)CNC(C)C,0.0015757476
CCCCC[C@H](O)/C=C/[C@H]1[C@H](O)CC(=O)[C@@H]1CCCCCCC(=O)O,0.0023846305
O=C(O)CN1C(=O)c2cccc3cccc(c23)C1=O,0.0075419317
Nc1ccn([C@@H]2O[C@@](CO)(CCl)[C@@H](O)[C@H]2F)c(=O)n1,9.034384e-06
CC(C)C(=O)OC[C@@]1(CCl)O[C@@H](n2ccc(N)nc2=O)[C@H](F)[C@@H]1OC(=O)C(C)C,3.4559815e-07
O=C(c1ccc(F)cc1)C1CCN(CCn2c(=S)[nH]c3ccccc3c2=O)CC1,0.000509971
C=CCSC[C@@H]1Nc2cc(Cl)c(S(N)(=O)=O)cc2S(=O)(=O)N1,5.5552296e-06
C#Cc1cncc([C@@H]2CCCN2C)c1,0.0010263626
O=C(Nc1cc(Oc2cc(F)c(NC(=O)C3(C(=O)Nc4ccc(F)cc4)CC3)cc2F)ccn1)C1CC1,0.7602018
C=CC[C@]1(O)CC[C@H]2[C@@H]3CCC4=CC(=O)CCC4=C3C=C[C@@]21C,2.4321153e-05
CN(C)c1nc(N(C)C)nc(N(C)C)n1,8.402143e-05
CCN(CCCc1ccccc1)CCCc1ccccc1,0.002604457
CO[C@H]1/C=C\C=C(/C)C(=O)NC2=CC(=O)C(NCCN(C)C)=C(C[C@@H](C)C[C@H](OC)[C@H](O)[C@@H](C)/C=C(\C)[C@@H]1OC(N)=O)C2=O,0.00010215909
C[C@H]1CN(C[C@H](Cc2ccccc2)C(=O)NCC(=O)O)CC[C@@]1(C)c1cccc(O)c1,0.0005387677
CN1CC[C@H](c2c(O)cc(O)c3c(=O)cc(-c4ccccc4Cl)oc23)[C@H](O)C1,0.006707138
CC(=O)N[C@H](CCCNC(=N)N)C(=O)N[C@H](CCCNC(=N)N)C(=O)N[C@H](CCCNC(=N)N)C(=O)N[C@H](CCCNC(=N)N)C(=O)N[C@H](CCCNC(=N)N)C(=O)N[C@H](CCCNC(=N)N)C(=O)N[C@H](CCCNC(=N)N)C(=O)N[C@H](CCCNC(=N)N)C(=O)N[C@H](CCCNC(=N)N)C(N)=O,5.35026e-06
CN(CC[C@@H](Oc1ccc(-c2ccccc2)cc1)c1ccc(F)cc1)CC(=O)O,0.007086638
CN1CCCC[C@@H]1Cn1cc(C(=O)c2cc([N+](=O)[O-])ccc2I)c2ccccc21,0.19574296
Oc1c(I)cc(I)cc1I,0.0060085435
Cc1c(C(=O)NN2CCCCC2)nn(-c2ccc(Cl)cc2Cl)c1-c1ccc(I)cc1,0.29455864
Cc1c(C(=O)NN2CCOCC2)nn(-c2ccc(Cl)cc2Cl)c1-c1ccc(I)cc1,0.3343262
CCCCC/C=C\C/C=C\C/C=C\C/C=C\CCCC(=O)Nc1ccc(O)cc1,0.01392273
CC1(C)CCC(C)(C)c2cc(C(=O)Nc3ccc(C(=O)O)cc3)ccc21,0.005168256
COc1ccc(C(=O)c2c(C)n(CCN3CCOCC3)c3cc(I)ccc23)cc1,0.00096681825
CN(CCc1ccc(Cl)c(Cl)c1)C[C@@H](O)COc1ccc(NS(C)(=O)=O)cc1,0.004051251
NC12CC3CC(CC(C3)C1)C2,6.53528e-05
N=C(N)N=Nc1ccc(NNC(N)=S)cc1,0.008216187
CC[N+](CC)(CCNC(=O)C(=O)NCC[N+](CC)(CC)Cc1ccccc1Cl)Cc1ccccc1Cl,8.075736e-05
COC(c1ccccc1)(c1ccccc1)[C@H](Oc1nc(C)cc(C)n1)C(=O)O,0.013082773
Nc1c(Br)cc(Br)cc1CN[C@H]1CC[C@H](O)CC1,0.012260247
CCN(CC)CCNC(=O)c1c(C)[nH]c(/C=C2/C(=O)Nc3ccc(-c4csc(-c5ccccc5)n4)cc32)c1C,0.0008793732
CC(=O)OCC(=O)[C@@]12OC3(CCCC3)O[C@@H]1C[C@H]1[C@H]3CCC4=CC(=O)C=C[C@]4(C)[C@@]3(F)[C@@H](O)C[C@@]12C,8.060121e-09
c1ccc(CNCc2ccc(CN3CCCNCCNCCCNCC3)cc2)nc1,9.956982e-05
CC1(C)S[C@@H]2[C@H](/N=C/N3CCCCCC3)C(=O)N2[C@H]1C(=O)O,0.019495193
NCCCCN(Cc1nc2ccccc2[nH]1)[C@H]1CCCc2cccnc21,0.00072587474
Cc1cccc(C)c1NC(=O)c1ccc(N)cc1,0.006118984
Cc1cccc(C)c1N(CC(=O)Nc1ccc(-c2ncon2)cc1)C(=O)C1CCS(=O)(=O)CC1,0.00082654343
O=C1c2ccccc2C(=O)c2c(NCCNCCO)ccc(NCCNCCO)c21,0.0039574197
COc1cc(N)cn[n+]1-c1ccccc1,0.004584212
Nc1c(CC(=O)O)cccc1C(=O)c1ccccc1,0.0050262627
Nc1c(-c2cccc(C(F)(F)F)c2)nsc1C(=O)O,9.937272e-07
Cc1ccc2cc(-c3c(C)ccc(C(=O)c4c(-c5ccccc5)n(C)n(-c5ccccc5)c4=O)c3N)ccc2n1,0.33940908
CO[C@H]1/C=C/C[C@H](C)[C@@H](C)S(=O)(=O)NC(=O)c2ccc3c(c2)N(C[C@@H]2CC[C@H]21)C[C@@]1(CCCc2cc(Cl)ccc21)CO3,2.372333e-05
COc1ccc2c(OCc3nnc4ccc(-c5ccccc5)nn34)ccnc2c1,0.0033017506
CC(C)[C@@H](CS(=O)(=O)C(C)C)N1C(=O)[C@@](C)(CC(=O)O)C[C@H](c2cccc(Cl)c2)[C@H]1c1ccc(Cl)cc1,6.2414525e-05
C[C@H](Nc1ncnc2nc[nH]c12)c1cc2ccc(F)cc2nc1-c1ccccn1,0.0070546838
COCCOc1cnc2ccn([C@H](C)c3nnc4c(F)cc(-c5cnn(C)c5)cn34)c(=O)c2c1,0.006650783
CCOc1ccc(-n2c([C@@H](C)N(Cc3cccnc3)C(=O)Cc3ccc(OC(F)(F)F)cc3)nc3ncccc3c2=O)cc1,9.966751e-06
C=CC(=O)N1CCN(c2nc(=O)n(-c3c(C)ccnc3C(C)C)c3nc(-c4c(O)cccc4F)c(F)cc23)[C@@H](C)C1,0.039554432
CC(=O)Nc1nc2c(Oc3cc(-c4ccc(C(F)(F)F)cc4)ncn3)cccc2s1,4.769435e-07
Cn1c(NC[C@@H](N)Cc2ccccc2)nc(-c2ccncc2)c(-c2ccc3ccccc3c2)c1=O,0.0109586725
CC#C[C@@H](CC(=O)O)c1ccc(OCc2cccc(-c3ccc(C(F)(F)F)cc3)c2)cc1,2.0405021e-07
C[C@H]1CC[C@H](n2c3cnccc3c3cnc(Nc4ccc5c(n4)CCN(C(=O)CO)C5)nc32)CC1,0.0001574807
CC(C)(C)c1ccc(/C=C/C(=O)Nc2ccc3c(c2)OCCO3)cc1,0.0030354734
C[C@@H](Nc1ncnc2nc[nH]c12)c1cc2ccc(F)cc2nc1-c1ccccn1,0.006305551
COc1ccc2c(Oc3ccc(NC(=O)c4c(C)n(CC(C)(C)O)n(-c5ccccc5)c4=O)nc3)ccnc2c1,0.47471467
Cc1csc(-c2nnc(Nc3ccc(Oc4ncccc4-c4ccnc(N)n4)cc3)c3ccccc23)c1,0.009137321
O=C(Nc1ccc2c(O)cc(S(=O)(=O)O)cc2c1)Nc1ccc2c(O)cc(S(=O)(=O)O)cc2c1,9.054731e-05
CCOC(=O)COc1ccc2c(c1)C[C@@H](NC[C@H](O)c1cccc(Cl)c1)CC2,0.00033357088
Cc1c(N(C)C)c(=O)n(-c2ccccc2)n1C,0.0032650416
Nc1ccncc1N,0.0047363597
Cc1cc(N(C)C)ccc1C[C@@H](C)N,0.008677987
NCCCNCCSP(=O)(O)O,3.2600605e-05
NCC[C@H](O)C(=O)N[C@@H]1C[C@H](N)[C@@H](O[C@H]2O[C@H](CN)[C@@H](O)[C@H](O)[C@H]2O)[C@H](O)[C@H]1O[C@H]1O[C@H](CO)[C@@H](O)[C@H](N)[C@H]1O,6.542693e-07
N=C(N)NC(=O)c1nc(Cl)c(N)nc1N,0.0026288808
O=C(O)CCCCCCNC1c2ccccc2CCc2ccccc21,0.0023838505
NCCCCCC(=O)O,0.0034269956
CC[C@@]1(c2ccc(N)cc2)CCC(=O)NC1=O,0.0006572254
NN=C(N)N,0.0022659104
NC[C@@H](O)CC(=O)O,0.0011286745
NCC(=O)CCC(=O)OCc1ccccc1,0.0008337867
C[C@H]1CCN=C(N)S1,0.0029240113
CC(CC(C(N)=O)(c1ccccc1)c1ccccc1)N(C)C,0.018741405
Cn1c(=O)c2[nH]cnc2n(C)c1=O,0.0020490142
Nc1nc(N)c2nc(CNc3ccc(C(=O)N[C@@H](CCC(=O)O)C(=O)O)cc3)cnc2n1,0.000119924385
CC(C)[C@H](CO)Nc1nc(Nc2cc(N)cc(Cl)c2)c2ncn(C(C)C)c2n1,0.0013855519
Nc1ccc(C(=O)O)c(O)c1,0.0039557978
Nc1nncs1,0.002407607
Nc1nccs1,0.004762368
CCCCc1oc2ccccc2c1C(=O)c1cc(I)c(OCCN(CC)CC)c(I)c1,0.0025240867
CN(C)CCCO[C@@H]1[C@H]2OC(C)(C)O[C@H]2O[C@@H]1[C@H](O)CO,0.0002701189
CCCCCCCOc1ccc(CCC(N)(CO)CO)cc1C(F)(F)F,5.1830943e-06
CCN1CCC[C@@H]1CNC(=O)c1cc(S(=O)(=O)CC)c(N)cc1OC,1.7855215e-05
Clc1ccc([C@]23CNC[C@H]2C3)cc1Cl,0.0023694288
Cc1ccc(/N=C/N(C)/C=N/c2ccc(C)cc2C)c(C)c1,0.039368756
CN(C)CCC=C1c2ccccc2CCc2ccccc21,0.0011615786
CC(C)c1ccc2oc3nc(N)c(C(=O)O)cc3c(=O)c2c1,0.011476086
CCOC(=O)C1=C(COCCN)NC(C)=C(C(=O)OC)[C@H]1c1ccccc1Cl,3.718873e-05
CC1(C)[C@@H](O[C@H]2O[C@H](C(=O)O)[C@@H](O)[C@H](O)[C@H]2O[C@@H]2O[C@H](C(=O)O)[C@@H](O)[C@H](O)[C@H]2O)CC[C@]2(C)[C@H]3C(=O)C=C4[C@@H]5C[C@@](C)(C(=O)O)CC[C@]5(C)CC[C@@]4(C)[C@]3(C)CC[C@@H]12,2.1452388e-06
C[C@@H](O)C(=O)O,0.0036401814
O=C(O)C(F)(F)C(F)(F)C(F)(F)C(F)(F)C(F)(F)C(F)(F)C(F)(F)F,1.266176e-35
c1ccc(C(NCCNC(c2ccccc2)c2ccccc2)c2ccccc2)cc1,0.06655242
CCN(CC)Cc1cc(Nc2ccnc3cc(Cl)ccc23)ccc1O,0.0093747405
CN(C)CCN1C(=O)c2cccc3cc(N)cc(c23)C1=O,0.0077913473
CCC(C)(C)c1ccc(C[C@@H](C)CN2C[C@@H](C)O[C@@H](C)C2)cc1,0.015116083
Clc1ccc2c(c1)C(N1CCNCC1)=Nc1ccccc1O2,0.0073271915
CC1(C)S[C@@H]2[C@H](NC(=O)[C@H](N)c3ccc(O)cc3)C(=O)N2[C@H]1C(=O)O,0.5053673
Cc1o[nH]c(=O)c1C[C@@H](N)C(=O)O,0.00088877825
Cc1o[nH]c(=O)c1C[C@H](N)C(=O)O,0.00097567576
O=C(c1ccc2nccnc2c1)N1CCCCC1,0.0008455531
CCNC(=O)N1CCN(CCCC(c2ccc(F)cc2)c2ccc(F)cc2)CC1,6.972606e-05
C[C@@H]1[C@H](O)[C@@H](C)/C=C/C=C/C=C/C=C/C=C/C=C/C=C/[C@H](O[C@@H]2O[C@H](C)[C@@H](O)[C@H](N)[C@@H]2O)C[C@@H]2O[C@](O)(C[C@@H](O)C[C@@H](O)[C@H](O)CC[C@@H](O)C[C@@H](O)CC(=O)O[C@H]1C)C[C@H](O)[C@H]2C(=O)O,1.8445653e-05
CC1(C)S[C@@H]2[C@H](NC(=O)[C@H](N)c3ccccc3)C(=O)N2[C@H]1C(=O)O,0.66064847
CCOC(=O)O[C@@H](C)OC1=C(C(=O)Nc2ccccn2)N(C)S(=O)(=O)c2ccccc21,5.6943092e-05
CC(C)CN(C[C@@H](O)[C@H](Cc1ccccc1)NC(=O)O[C@H]1CCOC1)S(=O)(=O)c1ccc(N)cc1,1.9130284e-05
CCCc1ncc(C[n+]2ccccc2C)c(N)n1,0.0077570486
Cc1c(N)c(=O)n(-c2ccccc2)n1C,0.0057629915
Nc1cc(-c2ccncc2)c[nH]c1=O,0.005807951
CC(=O)[C@]1(N)Cc2c(O)c3c(c(O)c2[C@@H](O[C@H]2C[C@H](O)[C@H](O)CO2)C1)C(=O)c1ccccc1C3=O,0.005703022
COc1cc(NS(C)(=O)=O)ccc1Nc1c2ccccc2nc2ccccc12,0.0013759696
Cc1nc(N)sc1CCN,0.0033908966
COc1ccccc1OC(=O)CNC(=O)Cc1ccc(C(=O)c2ccc(C)cc2)n1C,0.006913466
S=C(NCc1ccc2c(c1)OCO2)N1CCN(c2ncnc3c2oc2ccccc23)CC1,0.00014823272
N#C[C@H](O[C@@H]1O[C@H](CO[C@@H]2O[C@H](CO)[C@@H](O)[C@H](O)[C@H]2O)[C@@H](O)[C@H](O)[C@H]1O)c1ccccc1,4.9516107e-06
CCCCCO[NH2+][O-],0.002722559
CC[C@@](C)(CN(C)C)OC(=O)c1ccccc1,0.005367421
CCC(C)(C)O,0.004932234
N#C/C(=C\c1cccn1S(=O)(=O)c1cccc([N+](=O)[O-])c1)S(=O)(=O)c1ccc(F)cc1,3.798885e-05
Cc1noc(-c2ccc(-c3ccc(CC(=O)O)cc3)cc2)c1NC(=O)O[C@H](C)c1ccccc1,0.008811454
CCN(Cc1cc(C(F)(F)F)ccc1-c1cc(CC(=O)O)ccc1OC)C(=O)NCc1ccccc1,4.721028e-08
COc1cnc(-c2ccc(Cn3c(CC(C)(C)C(=O)O)c(SC(C)(C)C)c4cc(OC[C@@H]5Cc6ccccc6N5C(C)=O)ccc43)cc2)nc1,0.0014374624
O=C(Nc1ccccc1C(=O)N[C@H]1CCCCNC1=O)c1cc2ccccc2s1,0.0041491506
c1cncc([C@H]2CCCCN2)c1,0.0011271858
COc1cc(F)c(C(C)C)cc1-c1ccc(C(F)(F)F)cc1CN1C(=O)O[C@H](c2cc(C(F)(F)F)cc(C(F)(F)F)c2)[C@@H]1C,1.0081083e-15
Cc1cc2ncc(C(=O)NCC(C)(C)NCC(=O)N3CCC[C@H]3C#N)cn2n1,3.8929105e-05
O=C1CN2Cc3c(ccc(Cl)c3Cl)N=C2N1,0.04078719
CN(C)N(C)C(=O)[C@@]1(Cc2ccccc2)CCCN(C(=O)[C@@H](Cc2c[nH]c3ccccc23)NC(=O)C(C)(C)N)C1,4.079856e-05
CCCCC/C=C\C/C=C\C/C=C\C/C=C\CCCC(=O)NCCO,0.0054192147
CC(C)(C#N)c1cc(Cn2cncn2)cc(C(C)(C)C#N)c1,0.001975807
CC(=O)Nc1ccc(OC[C@](C)(O)C(=O)Nc2ccc([N+](=O)[O-])c(C(F)(F)F)c2)cc1,1.0467381e-06
C=C1CC[C@@H]2[C@](C)(CO)[C@H](O)CC[C@@]2(C)[C@@H]1C/C=C1/C(=O)OC[C@H]1O,2.9193534e-05
C[C@@]12CCC(=O)C[C@@H]1CC[C@@H]1[C@@H]2CC[C@@]2(C)C=CC[C@@H]12,2.0016885e-05
C[C@]12CC[C@@H](O)C[C@@H]1CC[C@@H]1[C@@H]2CC[C@]2(C)C(=O)CC[C@@H]12,9.9131175e-06
CC(=O)OCC(=O)[C@@]1(O)CC[C@H]2[C@@H]3CCC4=CC(=O)CC[C@]4(C)C3=CC[C@@]21C,1.9615975e-06
C/C=C/c1ccc(OC)cc1,0.006804235
COc1ccc(-c2cc(=S)ss2)cc1,0.012126417
CC(=O)OC[C@]12CCC(C)=C[C@H]1O[C@@H]1[C@H](O)[C@@H](OC(C)=O)[C@@]2(C)[C@@]12CO2,2.712667e-06
CCCCCOc1ccc(-c2ccc(-c3ccc(C(=O)N[C@H]4C[C@@H](O)[C@@H](O)NC(=O)[C@@H]5[C@@H](O)[C@@H](C)CN5C(=O)[C@H]([C@@H](C)O)NC(=O)[C@H]([C@H](O)[C@@H](O)c5ccc(O)cc5)NC(=O)[C@@H]5C[C@@H](O)CN5C(=O)[C@H]([C@@H](C)O)NC4=O)cc3)cc2)cc1,0.9891065
COc1ccc(C(=O)N2CCCC2=O)cc1,0.0015772554
COc1ccc(C2C(=O)c3ccccc3C2=O)cc1,0.0053848918
COc1ccc(C[C@H]2NC[C@H](O)[C@H]2OC(C)=O)cc1,0.0032662926
CCCC(CCC)C(=O)O[C@H]1C[C@H]2CC[C@@H](C1)[N+]2(C)C,0.0003381346
COc1cc2c(Oc3ccc4[nH]c(C)cc4c3F)ccnc2cc1OCC1(N)CC1,0.003871827
Clc1cccc(SC2CCNCC2)n1,0.0031413422
CCOc1nc2c(N)ncnc2n1CC,0.0007094294
COc1cc2cc(c1Cl)N(C)C(=O)C[C@H](OC(=O)C(C)C)[C@]1(C)O[C@H]1[C@H](C)[C@@H]1C[C@@](O)(NC(=O)O1)[C@H](OC)/C=C/C=C(\C)C2,0.0012950166
CSCC[C@H](NC(=O)[C@H](CC(C)C)NC(=O)[C@@H](Cc1c[nH]c2ccccc12)NC(=O)[C@H](Cc1ccccc1)N(C)C(=O)[C@@H](Cc1c[nH]c2ccccc12)NC(=O)[C@@H](N)CCCNC(=N)N)C(N)=O,0.0035816876
CCCCN(CC)c1nc(C)nc2c1c(C)c(C)n2-c1c(C)cc(C)cc1C,0.0019372698
c1ccc(CN(CC2=NCCN2)c2ccccc2)cc1,0.002296915
O=C1c2c(O)cccc2Cc2cccc(O)c21,0.008629349
O=C1c2ccccc2C(=O)c2ccccc21,0.004860117
O=C1[O][SbH]23[O]C(=O)[C@H]([O]2)[C@H]2[O][SbH]4([O]C(=O)[C@H]([O]4)[C@H]1[O]3)[O]C2=O,9.157595e-06
O=C1[O][SbH]23[O]C(=O)C([O]2)C2[O][SbH]4([O]C(=O)C([O]4)C1[O]3)[O]C2=O,8.412879e-05
CCCCCC[C@H]1C(=O)O[C@H](C)[C@H](NC(=O)c2cccc(NC=O)c2O)C(=O)O[C@@H](C)[C@@H]1OC(=O)CC(C)C,0.0044149123
Cc1ccc(C(C)C)cc1O,0.005608172
OB1OCc2cc(Cl)ccc21,0.0085656885
CC(=C\c1ccc(Cl)cc1)/C(C)=N/O,0.002863735
COc1cc(OC)c2c(=O)nc(-c3cc(C)c(OCCO)c(C)c3)[nH]c2c1,0.002996878
Cc1nnc2n1-c1sc(CCC(=O)N3CCOCC3)cc1C(c1ccccc1Cl)=NC2,0.00014707386
CNC(=O)c1ccc(N2C(=S)N(c3cnc(C#N)c(C(F)(F)F)c3)C(=O)C23CCC3)cc1F,7.0273694e-07
CC1(C)Oc2cc(NS(C)(=O)=O)ccc2N(c2ccc(F)cc2)C1=O,0.0007107134
N#CC1(c2ccc(NC(=O)c3cccnc3NCc3ccncc3)cc2)CCCC1,0.0006301305
Cc1c(C)c2c(c(C)c1O)CCC(C)(C)O2,0.0046330416
COc1cc(OC)cc(-c2ccc3c(-c4ccc(F)cc4)[nH]nc3n2)c1,0.0071533644
COc1c(Nc2ccc(S(C)(=O)=O)nc2C)ncnc1OC1CCN(C(=O)OC(C)C)CC1,4.051935e-05
CC(C)OC(=O)N1CCC(Oc2ncnc3c2cnn3-c2ccc(S(C)(=O)=O)cc2F)CC1,4.2230455e-05
C[C@@]1(CO)[C@H](O)CC[C@@]2(C)[C@H]1CC[C@H]1C[C@@H]3C[C@@]12CC[C@]3(O)CO,1.2063505e-06
Cc1cc(OCCN2CCOCC2)nn1-c1ccc2ccccc2c1,0.0005028901
NC(=O)c1cn([C@@H]2O[C@H](CO)[C@@H](O)[C@H]2O)c2ncnc(N)c2c1=O,0.0011187573
O=c1cc(-c2ccc(O)cc2)oc2cc(O)cc(O)c12,0.010454016
COc1ccc(-n2nc(C(N)=O)c3c2C(=O)N(c2ccc(N4CCCCC4=O)cc2)CC3)cc1,0.021643404
COc1cc(C(C)=O)ccc1O,0.0040272605
O=C1C(=O)N(Cc2ccc(Cl)c(Cl)c2)c2ccccc21,0.14179881
COC[C@]1(CO)C(=O)C2CCN1CC2,9.651591e-06
Nc1cc(Cl)c(NC2=NCCN2)c(Cl)c1,0.0236151
CN[C@@H]1[C@@H](O[C@H]2O[C@H](CO)[C@@H](N)[C@H](O)[C@H]2O)O[C@H]2C[C@@H](N)[C@@H](O[C@H]3[C@H](O)[C@@H](O)[C@H](N)C[C@@H]3N)O[C@@H]2[C@@H]1O,1.0328921e-06
CC1(C)SCCN(S(=O)(=O)c2ccc(OCC#CCO)cc2)[C@H]1C(=O)NO,1.624734e-05
CCOc1cc([C@@H](CS(C)(=O)=O)N2C(=O)c3cccc(NC(C)=O)c3C2=O)ccc1OC,0.010065379
C[C@@H](O[C@H]1OCCN(Cc2n[nH]c(=O)[nH]2)[C@H]1c1ccc(F)cc1)c1cc(C(F)(F)F)cc(C(F)(F)F)c1,3.6099947e-12
Nc1ccn([C@H]2CO[C@@H](CO)S2)c(=O)n1,0.0005433047
CCN(CC)CCCN(c1ccccc1)C1Cc2ccccc2C1,0.00042115795
C=CC[C@H](C(=O)NC(N)=O)C(C)C,0.0022506593
CCc1cccc(N(C)C(=N)Nc2cccc3ccccc23)c1,0.011313908
Cc1[nH]c2ccc(F)cc2c1-c1nc2c3cccnc3c3ncccc3c2[nH]1,0.012148097
c1cc(Nc2cc(C3CC3)n[nH]2)nc(Nc2ccc3nc[nH]c3c2)n1,0.0059793466
COc1ccc2c(c1)c(CC(=O)Oc1ccc(NC(C)=O)cc1)c(C)n2C(=O)c1ccc(Cl)cc1,0.014991852
Cc1cccc(/C=N/Nc2cc(N3CCOCC3)n3nc(-c4ccncc4)cc3n2)c1,0.004352739
CC[C@H](C(=O)N1CCCC[C@H]1C(=O)O[C@H](CCc1ccc(OC)c(OC)c1)c1cccc(OCC(=O)NCCNC(=O)COc2cccc([C@@H](CCc3ccc(OC)c(OC)c3)OC(=O)[C@@H]3CCCCN3C(=O)[C@@H](CC)c3cc(OC)c(OC)c(OC)c3)c2)c1)c1cc(OC)c(OC)c(OC)c1,0.00073915545
COc1cc(N2CCC(N(C)C)CC2)ccc1Nc1ncc(Cl)c(Nc2ccccc2P(C)(C)=O)n1,0.0032865424
CCN(CC)CCCCC1CCN(CC(=O)N2c3ccccc3C(=O)Nc3cccnc32)CC1,0.00060845044
CCN(CC)CCCNc1ccnc2cc(Cl)ccc12,0.0047832485
Cc1ccc(-c2ccc(O[C@H]3CN4CCC3CC4)cn2)cc1,0.0004249326
COc1ccc(CNC(=O)Nc2ncc([N+](=O)[O-])s2)cc1,0.9482859
Cc1n[nH]c(C)c1Cc1sc2c(c1C(=O)N1C[C@H](O)CO1)c(=O)n(C)c(=O)n2CC(C)C,0.07215676
NCC(=O)Nc1ccc(-n2nc(C(F)(F)F)cc2-c2ccc3c(ccc4ccccc43)c2)cc1,1.0617213e-06
CC(C)[C@H](C(=O)Nc1ccc(C(=O)NO)cc1)c1ccccc1,0.0042563668
CCCCC/C=C\C/C=C\C/C=C\C/C=C\CCCC(=O)O,0.0061104354
CCCCCCCCCCCCCCCCCCCC(=O)N[C@H]1CC[C@@]2(C)[C@@H](C1)C[C@@H](O)[C@@H]1[C@@H]2C[C@H](O)[C@]2(C)[C@@H]([C@H](C)CCC(=O)O)CC[C@@H]12,0.012338017
CCOC(=O)c1c(CSc2ccccc2)n(C)c2cc(Br)c(O)c(CN(C)C)c12,0.0593569
OC[C@H]1O[C@@H](Oc2ccc(O)cc2)[C@H](O)[C@@H](O)[C@@H]1O,0.00034397517
COc1ccccc1N1CCN(CCN2C(=O)c3ccccc3C(C)(C)C2=O)CC1,8.1301645e-05
COc1cc(C[C@H]2C(=O)OC[C@@H]2Cc2ccc(OC)c(OC)c2)ccc1O,0.0021553524
O=C1NC(=O)c2c1c1c3ccccc3[nH]c1c1[nH]c3ccccc3c21,0.10664134
CO[C@H]1O[C@H](COS(=O)(=O)O)[C@@H](O[C@@H]2O[C@@H](C(=O)O)[C@@H](OC)[C@H](O)[C@H]2OS(=O)(=O)O)[C@H](O)[C@H]1NS(=O)(=O)O,3.2446773e-10
CC#CCOC(=O)C1=CCCN(C)C1,3.2399486e-05
C#CCOC(=O)C1=CCCN(C)C1,5.7425423e-05
COC(=O)C1=CCCN(C)C1,0.000512841
C[C@@H]1CCN(C(=O)[C@H](CCCNC(=N)N)NS(=O)(=O)c2cccc3c2NC[C@H](C)C3)[C@@H](C(=O)O)C1,1.856757e-05
CSCC[C@H](NC(=O)[C@H](CCC(=O)O)NC(=O)[C@H](CCC(=O)O)NC(C)=O)C(=O)N[C@@H](CCC(N)=O)C(=O)N[C@@H](CCCNC(=N)N)C(=O)N[C@@H](CCCNC(=N)N)C(N)=O,2.7902433e-05
C=C1C(=O)O[C@@H]2[C@H]3C(C)=CC[C@@]34O[C@@]4(C)CC[C@@H]12,0.000226933
O=C1CCc2ccc(OCCCCN3CCN(c4cccc(Cl)c4Cl)CC3)cc2N1,0.0013556784
CCCCCCCCCCCC(=O)OCN1C(=O)CCc2ccc(OCCCCN3CCN(c4cccc(Cl)c4Cl)CC3)cc21,0.009295458
CCCn1c(=O)c2[nH]cnc2n(-c2ccc(Cl)cc2)c1=O,0.021701697
CC(C)(C)NC[C@@H](O)CSc1nc(-c2ccc(C(N)=O)s2)cs1,0.0017649316
Nc1ncccc1-c1nc2ccc(-c3ccccc3)nc2n1-c1ccc(C2(N)CCC2)cc1,0.0010398197
C#CC[C@H](c1nc2cc(Cl)ccc2c(=O)n1Nc1ccccc1)N(CCCN)C(=O)c1cccc(Cl)c1F,0.022138411
C[C@@H]1COC(Nc2ccc3ncnc(Nc4ccc(OCc5nccs5)c(Cl)c4)c3c2)=N1,0.006616026
Nc1ccc([As](=O)(O)O)cc1,0.0006475834
O=[As]O[As]=O,0.00063429715
CO[C@H]1O[C@@H]2O[C@@]3(C)CC[C@H]4[C@H](C)CC[C@@H]([C@H]1C)[C@@]24OO3,0.00016875683
C[C@@H]1CC[C@H]2[C@@H](C)C(=O)O[C@@H]3O[C@@]4(C)CC[C@@H]1[C@]32OO4,8.281078e-05
CCO[C@H]1O[C@@H]2O[C@@]3(C)CC[C@H]4[C@H](C)CC[C@@H]([C@H]1C)[C@@]24OO3,8.323052e-05
C[C@H]1[C@H](OC(=O)CCC(=O)O)O[C@@H]2O[C@@]3(C)CC[C@H]4[C@H](C)CC[C@@H]1[C@@]24OO3,1.845422e-05
CCCN[C@@H](C)C(=O)Nc1c(C)csc1C(=O)OC,0.0015325339
CCCCCC[C@@H](CCC)C(=O)O,0.0028314579
Cc1sc2c(c1C)C(c1ccc(Cl)cc1)=N[C@@H](CC(=O)Nc1ccc(OCCOCCOCCOCCNc3cccc4c3C(=O)N([C@H]3CCC(=O)NC3=O)C4=O)cc1)c1nnc(C)n1-2,0.27045813
Cc1cc(NCCO)nc(-c2ccc(Br)cc2)n1,0.008592912
O=C(Nc1ccc(-c2ccncc2)cc1)N[C@H](CO)c1ccccc1,0.0042293053
C[C@H](NC(=O)c1sccc1OCc1ccc(Cl)cc1)c1ccccc1,0.011337472
O=C(O)CCc1ccc(NCc2cccc3c2CCCN3CCOc2ccccc2)cc1F,0.00037641628
Cc1cc(-c2nc(C(=O)Nc3cn(C4CCOCC4)nc3C(N)=O)co2)ccn1,0.03838141
O=C1NC(=O)/C(=C/c2ccc(-c3ccc(F)cc3O)o2)S1,0.08523153
O=C1NC(=O)/C(=C/c2ccc3c(c2)OC(F)(F)O3)S1,4.4615714e-05
O=C(NC[C@H](O)CO)c1ccncc1Nc1ccc(I)cc1F,0.0055381367
O=c1ccc2c(OCCCCOc3ccccc3)c3ccoc3cc2o1,0.011312228
Cc1ccc2c(=O)c3cccc(CC(=O)O)c3oc2c1C,0.0060815536
CC(C)Oc1ccc(S(=O)(=O)N2CCN(c3ccc(-c4ncco4)c(OCC(=O)O)c3)CC2)cc1,2.3299617e-05
COc1cc(OC)c(OC)cc1C=O,0.004195226
COc1ccc(/C=C/C(=O)C=C(O)/C=C/c2ccc(OC)c(OC)c2)cc1OC,0.01099535
O=C(Nc1ccc(OC(F)(F)Cl)cc1)c1cnc(N2CC[C@@H](O)C2)c(-c2cc[nH]n2)c1,6.258528e-05
CC[C@@H]1/C=C(\C)C[C@H](C)C[C@H](OC)[C@H]2O[C@@](O)(C(=O)C(=O)N3CCCC[C@H]3C(=O)O[C@H](/C(C)=C/[C@@H]3CC[C@@H](O)[C@H](OC)C3)[C@H](C)[C@@H](O)CC1=O)[C@H](C)C[C@@H]2OC,0.0013382679
O=C1O[C@H]([C@@H](O)CO)[C@@H](O)C1=O,0.0021072337
CN1C[C@@H]2c3ccccc3Oc3ccc(Cl)cc3[C@H]2C1,0.0061971946
C[C@H]1[C@H](C)CC[C@]2(C(=O)O)CC[C@]3(C)C(=CC[C@@H]4[C@@]5(C)C[C@@H](O)[C@H](O)[C@@](C)(CO)[C@@H]5CC[C@]43C)[C@H]12,3.461725e-05
CN(C(=O)C(c1ccccc1)c1ccccc1)[C@H](CN1CC[C@H](O)C1)c1ccccc1,0.0022242693
CCCc1nc(C(F)(F)F)ccc1/C=C/C(=O)N[C@H](C)c1cc(F)c(NS(C)(=O)=O)c(F)c1,3.1576252e-07
CC(C)c1nnc(-c2ccc(-c3ccccc3)nc2)n1-c1cccc2nonc12,0.0014043327
COc1ccc(-c2nc(OC)nn2-c2ccc(OC)cc2)cc1,0.0059416606
COc1ccc2[nH]c(C(=O)N3CCC(CC(C)(C)O)CC3)cc2c1,0.002086675
COC(=O)[C@H](Cc1ccccc1)NC(=O)[C@@H](N)CC(=O)O,0.00035640024
CC(=O)Oc1ccccc1C(=O)O,0.0057281386
COc1cc(N2CCC(N3CCN(C)CC3)CC2)ccc1Nc1ncnc(Nc2ccccc2S(=O)(=O)C(C)C)n1,6.267586e-06
C=CC(=O)Nc1ccc2ncnc(Nc3ccc(OCc4cccc(F)c4)c(Cl)c3)c2c1,0.016191544
CC1=C(/C=C/C(C)=C/C=C/C(C)=C/C=C/C=C(C)/C=C/C=C(C)/C=C/C2=C(C)C(=O)[C@@H](O)CC2(C)C)C(C)(C)C[C@H](O)C1=O,0.0003339419
COc1ccc(CCN2CCC(Nc3nc4ccccc4n3Cc3ccc(F)cc3)CC2)cc1,0.00070919545
C[C@@H]1O[C@@H](O[C@H]2C(=O)c3c(O)cc(O)cc3O[C@@H]2c2ccc(O)c(O)c2)[C@H](O)[C@H](O)[C@H]1O,0.00086845
CC(C)(O)[C@H]1CC[C@@](C)([C@H]2[C@@H](O)C[C@@]3(C)[C@@H]4C[C@H](O[C@@H]5O[C@H](CO)[C@@H](O)[C@H](O)[C@H]5O)[C@H]5C(C)(C)[C@@H](O[C@@H]6OC[C@@H](O)[C@H](O)[C@H]6O)CC[C@@]56C[C@@]46CC[C@]23C)O1,3.1874512e-07
C[C@@H]1CN(CC(=O)N2CC(C)(C)c3nc(CO)c(Cc4ccc(F)cc4)cc32)[C@@H](CN2CCOC[C@H]2C)CN1,7.637059e-05
C=C[C@@H]1C[C@]1(NC(=O)[C@@H]1C[C@@H](Oc2ncc(OC)c3ccc(Cl)cc23)CN1C(=O)[C@@H](NC(=O)OC(C)(C)C)C(C)(C)C)C(=O)NS(=O)(=O)C1CC1,5.5101223e-06
CN(C)C(=N)NCCC[C@H](N)C(=O)O,0.0002367201
O=CN1CCC(C(=O)NCCN2CCC(=C3c4ccccc4C=Cc4ccccc43)CC2)CC1,6.0698258e-06
CN[C@@H](C)C(=O)N[C@H]1CN(C(=O)CC(C)C)CC[C@H]2CC[C@@H](C(=O)NC(c3ccccc3)c3ccccc3)N2C1=O,0.006465217
O=C(NC1CCNCC1)c1[nH]ncc1NC(=O)c1c(Cl)cccc1Cl,0.14517325
O=C(Nc1c[nH]nc1-c1nc2ccc(CN3CCOCC3)cc2[nH]1)NC1CC1,0.00059490727
O=C(O)c1cccc(-c2noc(-c3ccccc3F)n2)c1,0.003469106
COC(=O)N[C@H](C(=O)N[C@@H](Cc1ccccc1)[C@@H](O)CN(Cc1ccc(-c2ccccn2)cc1)NC(=O)[C@@H](NC(=O)OC)C(C)(C)C)C(C)(C)C,0.00044902
COc1ccc2cc([C@@H](C)C(=O)Oc3ccc(C(N)=S)cc3)ccc2c1,0.0039484114
CC(C)NC[C@@H](O)COc1ccc(CC(N)=O)cc1,0.0018367899
CC(C)NC[C@H](O)COc1ccc(CC(N)=O)cc1,0.0018678211
CN(C)C(=O)Nc1cccc(-c2ccc(N(C)C)cc2)c1,0.0032611147
Cc1cc(C)cc([C@@H]2CCCN2Cc2ccc(Oc3ccc(C(N)=O)cc3F)cc2)c1,0.004626904
CCC1(c2cnc[nH]2)Cc2ccccc2C1,0.0017814721
CCCC1(CCC)CCC2(CCN(CCCN(CC)CC)C2)CC1,7.539097e-06
COc1ccc(C2CNC(=O)NC2)cc1O[C@H]1C[C@@H]2CC[C@H]1C2,0.00019122078
CC(=O)N1CCC[C@H]1C(=O)N[C@@H](Cc1cnc[nH]1)C(=O)N[C@@H](CO)C(=O)N[C@@H](CS)C(=O)N[C@@H](CC(N)=O)C(N)=O,0.0017929588
CNCC[C@@H](Oc1ccccc1C)c1ccccc1,0.0061903344
CC(C)c1c(C(=O)Nc2ccccc2)c(-c2ccccc2)c(-c2ccc(F)cc2)n1CC[C@@H](O)C[C@@H](O)CC(=O)O,0.0086493315
CCOc1ccc(C[C@H]2NC(=O)CCSSC[C@@H](C(=O)N3CCC[C@H]3C(=O)N[C@@H](CCCN)C(=O)NCC(N)=O)NC(=O)[C@H](CC(N)=O)NC(=O)[C@H]([C@@H](C)O)NC(=O)[C@H]([C@@H](C)CC)NC2=O)cc1,0.013392824
O=C1C(=O)[C@H]([C@H]2CC[C@H](c3ccc(Cl)cc3)CC2)C(=O)c2ccccc21,0.0024366435
CC(C)(C)c1o[nH]c(=O)c1C[C@@H](N)C(=O)O,0.00017487952
C=C1CCC[C@]2(C)C=C3OC(=O)C(C)=C3C[C@@H]12,0.00020967207
COc1ccc(C[C@H]2c3cc(OC)c(OC)cc3CC[N@+]2(C)CCC(=O)OCCCCCOC(=O)CC[N@+]2(C)CCc3cc(OC)c(OC)cc3[C@@H]2Cc2ccc(OC)c(OC)c2)cc1OC,0.0017398146
CCCCN(CCCC)C(=O)CN1C[C@H](c2ccc3c(c2)OCO3)[C@@H](C(=O)O)[C@@H]1c1ccc(OC)cc1,9.3904535e-05
C[N@+]1([O-])[C@@H]2CC[C@H]1C[C@@H](OC(=O)[C@H](CO)c1ccccc1)C2,7.797603e-05
COc1cc(F)ccc1-c1ncnc(Nc2cccc(C[S@](C)(=N)=O)c2)n1,0.02133991
NC[C@@](O)(c1ccc(Cl)cc1)c1ccc(-c2cn[nH]c2)cc1,0.005837597
CC(C)c1cc(C(=O)N2Cc3ccc(CN4CCN(C)CC4)cc3C2)c(O)cc1O,0.00018877134
Clc1ccc(C2(c3ccc(-c4cn[nH]c4)cc3)CCNCC2)cc1,0.0009665622
CC[P](CC)(CC)=[Au][S][C@@H]1O[C@H](COC(C)=O)[C@@H](OC(C)=O)[C@H](OC(C)=O)[C@H]1OC(C)=O,0.002942221
CCN1CCN(C(=O)Cc2ccc(Nc3ncc(F)c(Nc4ccc(C(=O)Nc5ccccc5Cl)cc4)n3)cc2)CC1,0.0012580107
OC[C@H]1O[C@H]([S][Au])[C@H](O)[C@@H](O)[C@@H]1O,0.00069341506
CC[C@H]1NC(=O)N(c2ccc(Oc3ccc(C)c(OC)c3)nc2)C1=O,0.010201906
C[C@H](c1ccc2ccc(O[C@H]3CC[C@@H](C(F)(F)F)CC3)c(C(F)(F)F)c2c1)N1[C@@H]2CC[C@H]1C[C@@H](C(=O)O)C2,7.391548e-12
C=CC(=O)Nc1cc2c(Nc3ccc(F)c(Cl)c3)ncnc2cc1C#CC(C)(C)N1CCN(C)CC1,0.0029057579
O=C(N[C@H]1CCN(C(=O)c2cc(C(F)(F)F)cc(C(F)(F)F)c2)[C@H](Cc2ccc(Cl)cc2)C1)c1ccnc2ccccc12,2.2138714e-11
Cc1ccc(NC(=O)[C@H]2CCCN(C(=O)c3c(C)cccc3F)[C@H]2c2ccc(NC3CCCC3)cc2)cc1C(F)(F)F,3.349866e-07
Cc1nc2cccc(N)c2c(=O)n1[C@H]1CCC(=O)NC1=O,0.003391504
NC(=O)[C@@H](CCC(F)(F)F)N(Cc1ccc(-c2ncon2)cc1F)S(=O)(=O)c1ccc(Cl)cc1,4.4307398e-09
COc1ccc(CNc2nc(N3CCC[C@H]3CO)ncc2C(=O)NCc2ncccn2)cc1Cl,0.0013767043
Cn1cc(-c2cc3c(N4CCN(c5ncc([C@@](C)(N)c6ccc(F)cc6)cn5)CC4)ncnn3c2)cn1,0.0020553528
CC(C)c1cc(C(C)C)c(CC(=O)NS(=O)(=O)Oc2c(C(C)C)cccc2C(C)C)c(C(C)C)c1,2.6685577e-05
O=C(Nc1nc(-c2cc(Cl)cs2)c(N2CCN(C3CCCCC3)CC2)s1)c1cnc(N2CCC(C(=O)O)CC2)c(Cl)c1,0.00071984675
CCNC(=O)NS(=O)(=O)c1sc(CC(C)C)cc1-c1ccc(Cn2c(-c3ccccc3)nc(OC)c2C=O)cc1,0.0006262536
O=C(NC1Cc2ccccc2C1)c1ccc2c(c1)OC(F)(F)O2,9.208572e-06
CN(C)C[C@H]1CCOC1(c1ccccc1)c1ccccc1,0.0027744477
NC(=O)[C@@H]1CC[C@@H]2CN1C(=O)N2OS(=O)(=O)O,4.0239942e-05
C=CC(=O)Nc1cccc(Oc2nc(Nc3ccc(N4CCN(C)CC4)c(F)c3)nc3[nH]ccc23)c1,0.035745654
C=CC(=O)Nc1cccc(Nc2nc(Nc3ccc(OCCOC)cc3)ncc2F)c1,0.10594122
CNc1nn2c(C)c(N(C)C)c(C)nc2c1S(=O)(=O)c1ccccc1,0.00010331195
CC[C@H](CC#N)OC(=O)N[C@@H](C)c1cccc(NC(=O)Nc2ccc(-c3cnco3)c(OC)c2)c1,0.0019175475
COc1ccc(C(=O)C=C(O)c2ccc(C(C)(C)C)cc2)cc1,0.008819838
C=Cc1cc(C(=O)Nc2ccc(C(=N)N)cc2)c(-c2ccc(C(=O)NCC3CC3)nc2C(=O)O)cc1OC,0.007599808
CCCCCCCCCCCCCCCCCCN(CCCCCCCCCCCCCCCCCC)CCCN(CCO)CCO,0.93762666
COc1ccc2c(c1)C(c1ccc(F)cc1)=C(CN1CCCC1)CO2,0.00028852446
CNC(=O)c1ccccc1Sc1ccc2c(/C=C/c3ccccn3)[nH]nc2c1,0.006521915
Clc1ccccc1CNC[C@H]1CC[C@H](CNCc2ccccc2Cl)CC1,0.00075633917
C=CCNC(=O)c1cc([N+](=O)[O-])cc2c(=O)nc(Nc3ccc(Cl)c(Cl)c3)[nH]c12,0.9660188
O=C(CC12CC3CC(CC(C3)C1)C2)Nc1cccc2nc(NCCNCCO)ccc12,5.962466e-05
Cc1ccc(-c2ncc[nH]2)cc1NC(=O)c1ccc(OCc2ccccn2)cc1,0.007388435
Cc1ccc(NC(=O)c2cccc(C(C)(C)C#N)c2)cc1Nc1ccc2ncn(C)c(=O)c2c1,0.013655718
COc1ncnc(Cn2cc(C(=O)NCCO)c3ncc(C)cc32)c1C,0.0013881491
Nc1ncn([C@@H]2O[C@H](CO)[C@@H](O)[C@H]2O)c(=O)n1,0.00031115438
OC(c1ccccc1)(c1ccccc1)C1CCNCC1,0.0010104688
Nc1nc2nn[nH]c2c(=O)[nH]1,0.0012226276
CC[C@@H]1[C@@H](C)O[C@@](O)([C@@H](C)[C@H](O)[C@H](C)[C@H]2OC(=O)/C=C/C=C/[C@H](C)[C@@H]([C@@H](C)[C@@H](O)[C@H](C)[C@@]3(O)C[C@@H](O[C@H]4C[C@H](O)[C@H](O)[C@H](C)O4)[C@H](CC)[C@@H](C)O3)OC(=O)/C=C/C=C/[C@@H]2C)C[C@H]1O[C@H]1C[C@H](O)[C@H](O)[C@H](C)O1,0.00012811259
O=C(CCCN1CCN(c2ccccn2)CC1)c1ccc(F)cc1,0.00033982896
CCC[C@H]1C(=O)N2C(N(C)C)=Nc3ccc(C)cc3N2C1=O,0.00037230318
N#[N+]CC(=O)OC[C@H](N)C(=O)O,2.7205737e-05
CN1C(=O)COc2c(C(=O)N[C@H]3CN4CCC3CC4)cc(Cl)cc21,0.0013382183
CN1CCC(=C2c3ccccc3CCc3cccnc32)CC1,0.0003641489
Cn1cnc([N+](=O)[O-])c1Sc1ncnc2nc[nH]c12,0.017088939
CN(C)CCCOc1ccc(-c2ccc3ncc4c(c3c2)n(C2CCOCC2)c(=O)n4C)cn1,0.0021746887
N#Cc1ccc2c(c1)C(c1ccc(CN3CCOCC3)cn1)C(=O)N2,0.00048228487
N[C@@H]1CCCN(c2c(/C=C3\SC(=O)NC3=O)cccc2-c2ccccc2)C1,0.003648825
CCOC(=O)c1cc(C#N)c(N2CCC(C(=O)NS(=O)(=O)Cc3ccccc3)CC2)nc1C,1.5975362e-05
CC(C)n1c(=O)n(C)c2cnc3cc(F)c(-c4ccc(OCCCN5CCCCC5)nc4)cc3c21,0.00031912784
O=C(c1ccc(Cl)o1)N1C[C@H]2CNC[C@@H]2C1,0.0017758295
Cc1cc(Nc2nc(N[C@@H](C)c3ncc(F)cn3)ncc2Cl)[nH]n1,0.021426463
CC(=O)Nc1cccc2c1c(Sc1ccc(Cl)cc1)c(C)n2CC(=O)O,0.016968073
CNC(=O)c1cccc(-c2ccc3c(N4CCOC[C@@H]4C)nc(N4CCOC[C@@H]4C)nc3n2)c1,0.002358691
COC1CCN(C(=O)c2cc(Cc3n[nH]c(=O)c4ccccc34)ccc2F)CC1,0.0030699316
CN1CCN(S(=O)(=O)c2ccc(-c3cnc(N)c(C(=O)Nc4cccnc4)n3)cc2)CC1,3.961535e-05
Cc1noc(C)c1-c1ccc(-c2cc(C(N)=O)c(NC(N)=O)s2)c(O[C@H]2CCNC2)c1,0.01076504
COc1cc(N2CCC(N)CC2)ccc1Nc1ncc(Cl)c(-c2c[nH]c3ccccc23)n1,0.0036730152
CC(=O)N1CCN(CCOc2ccc(C3CCN(C4=Nn5c(nnc5C(F)(F)F)CC4)CC3)cc2)CC1,1.941363e-09
COc1cc2ncnc(Nc3cccc(Cl)c3F)c2cc1OC(=O)N1CCN(C)C[C@H]1C,0.006940659
NC1=N[C@@](c2cccc(-c3cncnc3)c2)(c2ccnc(C(F)F)c2)c2cccc(F)c21,0.0017982647
Cc1[nH]nc(C(F)(F)F)c1Cc1sc2c(c1C(=O)N1C[C@](C)(O)CO1)c(=O)n(C)c(=O)n2C(C)C,1.2194281e-06
O=C(O)C[C@H]1CC[C@H](c2ccc(NC(=O)c3nnc(Nc4ccc(F)c(F)c4)o3)cc2)CC1,0.026361391
NCC(=O)O,0.001123862
COc1cc(CCc2cc(NC(=O)c3ccc(N4C[C@@H](C)N[C@@H](C)C4)cc3)[nH]n2)cc(OC)c1,0.009376086
CC(=O)N[C@@H]1CCC[C@H](C(=O)Nc2cc(-c3cnn4c3CC(C)(C)C4)c(Cl)cn2)C1,0.011815471
Cc1cc(-c2nnc(N)nc2-c2ccc(F)cc2)cc(Cl)n1,0.005908436
C[C@@H](Oc1cc(NS(=O)(=O)N2CCC2)nc(SCc2cccc(F)c2F)n1)[C@@H](O)CO,6.1525475e-06
COc1nnc2ccc(N3CCC(c4ccc(OCCN5CCN(C)C(=O)[C@H]5C)cc4)CC3)nn12,5.3413187e-05
NC1(C(=O)N[C@@H](CCO)c2ccc(Cl)cc2)CCN(c2ncnc3[nH]ccc23)CC1,0.00011378901
Cc1ncc(-c2ccnc(Nc3ccc(S(C)(=O)=O)cc3)n2)n1C(C)C,0.0025687572
CN[C@@H](C)C(=O)N[C@H](C(=O)N1CCC[C@H]1C(=O)N[C@H]1c2ccccc2C[C@H]1OCC#CC#CCO[C@@H]1Cc2ccccc2[C@@H]1NC(=O)[C@@H]1CCCN1C(=O)[C@@H](NC(=O)[C@H](C)NC)C1CCCCC1)C1CCCCC1,1.8333463e-06
Cc1c2c(nn1C)CSCc1cc(n(C)n1)CSc1cc(c3ccccc3c1)OCCCc1c(C(=O)O)n(C)c3c-2c(Cl)ccc13,0.31888133
Cc1cc([C@@H](C)Nc2ccccc2C(=O)O)c2nc(N3CCOCC3)cc(=O)n2c1,0.0061847926
C[C@@H]1COCCN1c1cc(C2([S@@](C)(=N)=O)CC2)nc(-c2ccnc3[nH]ccc23)n1,0.0005795065
N[C@@H](Cc1ccccn1)c1ccccc1,0.004254502
CN(C)C(=O)c1ccc(S(=O)(=O)c2ccc(NC(=O)[C@@](C)(O)C(F)(F)F)c(Cl)c2)cc1,3.0414984e-08
C[C@H](NC(=O)C(C)(F)F)[C@H](Oc1ccc2c(cnn2-c2cccc(C(=O)N[C@@H]3CCOC3)c2)c1)c1ccc2c(c1)OCCO2,4.0948238e-05
Cc1nc(C)c(-c2ccc([C@H]3CC[C@H](CC(=O)O)CC3)cc2)nc1C(N)=O,0.0005111198
NC(=O)Nc1cc(-c2cccc(F)c2)sc1C(=O)N[C@H]1CCCNC1,0.0138192335
Cn1c(=O)oc2ccc(-c3ccc(C[C@@H](C#N)NC(=O)[C@@H]4CNCCCO4)cc3)cc21,0.00043900203
COc1ccc(-c2ccc3c(N4CCOC[C@@H]4C)nc(N4CCOC[C@@H]4C)nc3n2)cc1CO,0.0018844769
C[C@@H](Nc1cc(F)cc(F)c1)c1cc(C(=O)N(C)C)cc2c(=O)cc(N3CCOCC3)oc12,0.4214903
Cc1cc(C(=O)NOCCO)c(Nc2ccc(I)cc2F)n(C)c1=O,0.027972251
CC(C)C[C@H](CO)Nc1nc(S[C@@H](C)c2ccccc2)nc2nc(N)sc12,0.0009497282
CCn1nc(C2CCN(C(=O)CCO)CC2)nc1-c1cnc(N)c(-c2nnc(C(C)(C)C)o2)n1,4.11078e-06
CNC(=O)CN1CCC(Oc2cc3c(Nc4cccc(Cl)c4F)ncnc3cc2OC)CC1,0.0023725722
O=C(NCC12CC3CC(CC(C3)C1)C2)c1cc(CCCNCCCO)ccc1Cl,9.643675e-05
N#Cc1cc(F)cc(-c2nc(-c3ccc(F)cn3)no2)c1,0.006744153
C[C@@H]1Cc2c([nH]c3ccccc23)[C@@H](c2c(F)cc(/C=C/C(=O)O)cc2F)N1CC(C)(C)F,0.0027392167
Cc1c(-c2ccnn2C)cc(C(=O)NCc2ccc(S(C)(=O)=O)cn2)c(=O)n1-c1cccc(C(F)(F)F)c1,3.6802695e-07
O=C(O)CCCCCCCC(=O)O,0.0026389242
CN1CCC[C@H](n2nc(Cc3ccc(Cl)cc3)c3ccccc3c2=O)CC1,0.002156054
CCCCc1nc(-c2ccc(OCCCN(CC)CC)cc2)cn1-c1ccc(Oc2ccc(Cl)cc2)cc1,0.06560209
CC1=C(C(=O)OC(C)C)[C@@H](c2cccc([N+](=O)[O-])c2)C(C(=O)OC2CN(C(c3ccccc3)c3ccccc3)C2)=C(N)N1,0.00079822354
CCOc1nc2cccc(C(=O)O)c2n1Cc1ccc(-c2ccccc2-c2nc(=O)o[nH]2)cc1,0.008496483
CCOc1nc2cccc(C(=O)OCc3oc(=O)oc3C)c2n1Cc1ccc(-c2ccccc2-c2nc(=O)o[nH]2)cc1,0.003365109
CN1CCN(CCCCN2C(=O)CN(/N=C/c3ccc(-c4ccc(Cl)cc4)o3)C2=O)CC1,0.0020973815
CC[C@H]1OC(=O)[C@H](C)[C@@H](O[C@H]2C[C@@](C)(OC)[C@@H](O)[C@H](C)O2)[C@H](C)[C@@H](O[C@@H]2O[C@H](C)C[C@H](N(C)C)[C@H]2O)[C@](C)(O)C[C@@H](C)CN(C)[C@H](C)[C@@H](O)[C@]1(C)O,0.32759732
CC1(C)S[C@@H]2[C@H](NC(=O)[C@H](NC(=O)N3CCNC3=O)c3ccccc3)C(=O)N2[C@H]1C(=O)O,0.93146944
COc1ccc(Cl)c(Nc2ncnc3cc(OCC4CCN(C)CC4)c(OC)cc23)c1,0.0030491725
NC(=O)/N=N/C(N)=O,0.008791981
O=[N+]([O-])c1ncc[nH]1,0.04943661
NS(=O)(=O)c1cc(-c2nn[nH]n2)c(NCc2cccs2)cc1Cl,0.00013590953
C[C@H]1[C@H](NC(=O)/C(=N\OC(C)(C)C(=O)O)c2csc(N)n2)C(=O)N1S(=O)(=O)O,0.000120590754
COc1cc(N2CCN(C)CC2)ccc1Nc1nccc(-c2cn(C)c3cnccc23)n1,0.0025641227
C[C@@H]1COCCN1c1cc(C2(S(C)(=O)=O)CC2)nc(-c2cccc3[nH]ccc23)n1,0.0005564823
COc1cc(OC2CCN(C)CC2)ccc1Nc1ncc2c(n1)n(C1CCCC1)c(=O)n2C,0.0003869538
O=C1COc2c(CCNCCN(C(=O)CCNCCc3ccc(Cl)c(Cl)c3)C3CCCCC3)ccc(O)c2N1,0.0011040012
C=CC(=O)Nc1cc(Nc2nccc(-c3c[nH]c4ccccc34)n2)c(OC)cc1N(C)CCN(C)C,0.013634475
C=CC(=O)Nc1cc(Nc2nccc(-c3cn(C)c4ccccc34)n2)c(OC)cc1N(C)CCNC,0.014462804
Cc1cc(Nc2nc(N[C@@H](C)c3ccc(F)cc3)c(C#N)cc2F)[nH]n1,0.0051412378
CC1=C(C)C(=O)C(CC[C@](C)(O)CCC[C@H](C)CCC[C@H](C)CCCC(C)C)=C(C)C1=O,0.0019079454
CCCCCCCCCC[C@@H](O)[C@H]1C=C[C@@H]2C(=O)N(c3ccccc3)C(=O)[C@@H]2N1Nc1ccc([N+](=O)[O-])cc1,0.6469434
Cc1ccc(Sc2cncc3sc(C(N)=O)cc23)cc1,0.008451611
CS(=O)(=O)Nc1c(O)ccc2c1CCC[C@H]2C1=NCCN1,7.645723e-05
Cc1nc(NC(=O)N2CCC[C@H]2C(N)=O)sc1-c1csc(C(C)(C)C)n1,0.00021749796
COc1ccc(CC(=O)N[C@@H](N/C(=N/C#N)Nc2cccc3ncccc23)C(C)(C)C)cc1OC,0.00032189654
NC[C@@H]1O[C@H](C23CC4CC(CC(C4)C2)C3)Cc2c1ccc(O)c2O,2.1066526e-05
O=C(Nc1ccccc1)Nc1ccc(-c2ccc(C(=O)[C@@H]3CCC[C@@H]3C(=O)O)cc2)cc1,0.0016146302
CCOC(=O)O[C@@H](C)OC(=O)[C@@H]1N2C(=O)[C@@H](NC(=O)[C@H](N)c3ccccc3)[C@H]2SC1(C)C,0.13035439
CC[C@H](C)[C@H](N)C1=N[C@H](C(=O)N[C@@H](CC(C)C)C(=O)N[C@H](CCC(=O)O)C(=O)N[C@H](C(=O)N[C@H]2CCCCNC(=O)[C@H](CC(N)=O)NC(=O)[C@@H](CC(=O)O)NC(=O)[C@H](Cc3cnc[nH]3)NC(=O)[C@@H](Cc3ccccc3)NC(=O)[C@H]([C@@H](C)CC)NC(=O)[C@@H](CCCN)NC2=O)[C@@H](C)CC)CS1,0.005002007
CC[C@H](C)[C@H](N)C1=N[C@H](C(=O)N[C@@H](CC(C)C)C(=O)N[C@@H]2CCC(=O)[O][Zn][O]C(=O)C[C@H]3NC(=O)[C@H](Cc4c[nH]cn4)NC(=O)[C@@H](Cc4ccccc4)NC(=O)[C@H]([C@@H](C)CC)NC(=O)[C@@H](CCCN)NC(=O)[C@H](CCCCNC(=O)[C@H](CC(N)=O)NC3=O)NC(=O)[C@H]([C@@H](C)CC)NC2=O)CS1,0.0024305105
NC[C@@H](CC(=O)O)c1ccc(Cl)cc1,0.003662925
CC(C)(c1ccc(OC[C@H]2CO2)cc1)c1ccc(OC[C@H]2CO2)cc1,0.0057531367
Cc1ccc(NC(=O)c2ccc(CN3CC[C@H](N(C)C)C3)c(C(F)(F)F)c2)cc1Nc1nccc(-c2cncnc2)n1,1.1167346e-07
CO/C1=C\C(C)=C/[C@@H](C)[C@@H](O)[C@@H](C)C/C(C)=C/C=C/[C@H](OC)[C@@H]([C@@H](C)[C@@H](O)[C@H](C)[C@@]2(O)C[C@@H](O)[C@H](C)[C@@H](C(C)C)O2)OC1=O,0.00059063523
Cc1nc2cnc3ccc(C#Cc4cccnc4)cc3c2n1-c1ccc(C(C)(C)C#N)cc1,0.008956528
O=c1c(O)c(O)cc2oc(-c3ccccc3)cc(O)c1-2,0.0498852
O=C(O)[C@H]1O[C@@H](Oc2cc3oc(-c4ccccc4)cc(O)c-3c(=O)c2O)[C@H](O)[C@@H](O)[C@@H]1O,0.0030379782
C=C[C@@](C)(/C=C/c1ccc(O)cc1)CCC=C(C)C,0.009699381
Cn1c(COc2ccc(C[C@H]3SC(=O)NC3=O)cc2)nc2ccccc2c1=O,0.014397653
CC(C)C(=O)OC[C@@]1(N=[N+]=[N-])O[C@@H](n2ccc(N)nc2=O)[C@H](OC(=O)C(C)C)[C@@H]1OC(=O)C(C)C,3.1594868e-07
CCCN1CCN(c2ccc(C(=O)NC3(C(=O)NCC#N)CCCCC3)cc2)CC1,1.34390075e-05
CN[C@H]1CCCN(c2c(F)cc3c(=O)c(C(=O)O)cn(C4CC4)c3c2OC)C1,0.9245551
O=C1c2c(O)c(=O)ccn2N([C@@H]2c3ccccc3SCc3c2ccc(F)c3F)[C@@H]2COCCN12,0.7601939
COC(=O)OCOc1c2n(ccc1=O)N([C@@H]1c3ccccc3SCc3c1ccc(F)c3F)[C@@H]1COCCN1C2=O,0.025724038
O=C(O)CCNC(=O)c1ccc(/N=N/c2ccc(O)c(C(=O)O)c2)cc1,0.0025561056
CCCn1c(=O)c(CCCOC(=O)NC)nc2ccccc21,0.0012605572
CN(C)C(=O)Oc1cc(OC(=O)N(C)C)cc(C(O)CNC(C)(C)C)c1,6.6429384e-05
CCOc1ccccc1N/N=C1/C(=O)N(c2nc(-c3ccccc3)cs2)N=C1C,0.01734321
O=C(NCCCN1CCC2(CC1)OCc1ccccc12)[C@H]1CCCN1Cc1ccccc1,3.1770644e-06
C[N+](C)([O-])CCNc1ccc(NCC[N+](C)(C)[O-])c2c1C(=O)c1c(O)ccc(O)c1C2=O,0.11301562
CCN(CCCOc1ccc2c(Nc3cc(CC(=O)Nc4cccc(F)c4)n[nH]3)ncnc2c1)CCOP(=O)(O)O,4.2879346e-05
CCN(CCO)CCCOc1ccc2c(Nc3cc(CC(=O)Nc4cccc(F)c4)n[nH]3)ncnc2c1,0.003643701
CC1(C)CC[C@]2(C(=O)O)CC[C@]3(C)[C@H](C(=O)C=C4[C@@]5(C)C=C(C#N)C(=O)C(C)(C)[C@@H]5CC[C@]43C)[C@@H]2C1,1.4575735e-06
COC(=O)[C@]12CCC(C)(C)C[C@H]1[C@H]1C(=O)C=C3[C@@]4(C)C=C(C#N)C(=O)C(C)(C)[C@@H]4CC[C@@]3(C)[C@]1(C)CC2,1.0879445e-06
CCS(=O)(=O)N1CC(CC#N)(n2cc(-c3ncnc4[nH]ccc34)cn2)C1,4.1559892e-06
O=C[C@H](O)[C@@H](O)[C@H](O)[C@H](O)COP(=O)(O)O,1.6978516e-06
COC(=O)C1=C(C)NC(C)=C(C(=O)O[C@H]2CCN(Cc3ccccc3)C2)[C@H]1c1cccc([N+](=O)[O-])c1,5.5580284e-05
CC1=CC(=C(c2ccc(N)cc2)c2ccc(N)cc2)C=CC1=N,0.002573125
Cc1nc(C#Cc2ccnc(Cl)c2)c(C)n1-c1ccc(F)cc1,0.017030407
Cc1onc(-c2ccc(F)cc2)c1COc1ccc(C(=O)N2CCS(=O)(=O)CC2)cn1,0.00057061587
COc1cc(NC(=O)CCN2CCC(OC(=O)Nc3ccccc3-c3ccccc3)CC2)c(Cl)cc1CNC[C@H](O)c1ccc(O)c2nc(O)ccc12,0.0024323158
CNC(=O)[C@H](Cc1ccccc1)NC(=O)[C@H](CC(C)C)[C@H](CSc1cccs1)C(=O)NO,0.0017830152
O=C(c1ccc(CN2CCOCC2)cc1)N1CCN(C2CC2)CC1,4.585629e-06
O[C@@H](CN1CCNCC1)Cn1c2ccc(Br)cc2c2cc(Br)ccc21,0.019364398
COC(=O)C1=C(C)NC(C)=C([N+](=O)[O-])[C@@H]1c1ccccc1C(F)(F)F,1.1769372e-07
COC(=O)C1=C(C)NC(C)=C([N+](=O)[O-])[C@H]1c1ccccc1C(F)(F)F,9.864401e-08
COC(=O)C1=C(C)N(C)C(C)=C(C(=O)OC)C1c1ccc(C(F)(F)F)cc1,9.6586685e-09
Cc1ccc(S(=O)(=O)/C=C/C#N)cc1,0.0010538886
CC(C)(C)c1ccc(S(=O)(=O)/C=C/C#N)cc1,0.00095901015
COc1cc(F)ccc1-c1cc(Nc2cc(C[S@](C)(=N)=O)ccn2)ncc1F,0.23229262
C[C@H]1C[C@@H](n2c(Nc3ccc(OC(F)(F)F)cc3)nc3cc(CCC(=O)O)ccc32)CC(C)(C)C1,5.2621363e-06
C[C@@H]1COCCN1c1cc(-c2ccnn2C)c2ccnc(-c3ccn[nH]3)c2n1,0.0046835383
CCn1c(CO)nn(-c2cc(O[C@@H](C)C(F)(F)F)c(C(=O)Nc3c(F)cccc3Cl)cc2F)c1=O,0.00038243207
Nc1nc(-c2nn(Cc3ccccc3F)c3ncccc23)ncc1C1CC1,0.0025119688
N#Cc1c(N)nc(SCC(N)=O)c(C#N)c1-c1ccc(OCC2CC2)cc1,0.0003504336
COc1ccc(Cc2nc(=O)c3c(C)nc([C@@H](CCCc4ccccc4)[C@@H](C)O)n3[nH]2)cc1OC,0.014534773
COc1ccc(-c2cc3nccn3c(Nc3ncccc3C(N)=O)n2)cc1OC,0.012521857
O=C(Nc1ccccc1C(=O)O)c1cc(S(=O)(=O)c2ccccc2)ccc1Cl,0.063687295
N[C@@H](C[C@@H](F)C(=O)O)C(=O)O,2.6030855e-05
Cc1cc(-c2nc(-c3ccc(OC(F)(F)F)cc3)no2)nn1Cc1ccnc(N2CCN(C3CC3)CC2)c1,2.6798827e-07
NC(=O)c1ccc2nc(-c3ccc(C4(N)CCC4)cc3)c(-c3ccccc3)n2n1,0.0007095571
COc1ccc(Oc2cc(NCCC(F)(F)F)c3ncc(-c4ccc(C(=O)NC5CC5)c(C)c4)n3n2)c(F)c1F,4.9090963e-06
Cc1c(-c2ccc(O)cc2)n(Cc2ccc(OCCN3CCCCCC3)cc2)c2ccc(O)cc12,0.0007904216
Cn1cc(CCn2cnc(-c3cnn(C)c3)c2-c2ccc(C#N)cc2)cn1,0.0058683557
N=C(N)SCc1ccc(B(O)O)cc1,0.0036871154
Cc1oc2nc3c(c(NC(=O)CN4CCCC4=O)c2c1C)CCCC3,0.00085608056
CC(C)(C)c1ccc(NC(=O)N2CCN(c3ncccc3Cl)CC2)cc1,0.0013116922
N=C(N)c1cc2ccc(OC(=O)c3cccs3)cc2s1,0.0083130775
CN(CCc1ccc(Cl)c(Cl)c1)CCN1CCCC1,0.0017016578
CN(C)CCN(C)CCc1ccc(Cl)c(Cl)c1,0.01468636
CN1CCN(CCc2ccc(Cl)c(Cl)c2)CC1,0.0020164808
O=C1c2ccccc2CC[C@@H]1CNCCc1ccc(O)cc1,0.0009388618
CNc1ccc(-c2nc(N3CCOCC3)c3sc(CN(C)c4ncc(C(=O)NO)cn4)cc3n2)cn1,0.004785437
O=C(CCCl)NCc1ccccc1,0.0027087412
C[C@H]1C[C@H]2[C@H]3CCC4=CC(=O)C=C[C@@]4(C)[C@@]3(Cl)[C@@H](O)C[C@@]2(C)[C@@]1(O)C(=O)CO,6.177054e-07
CCC(=O)OCC(=O)[C@@]1(OC(=O)CC)[C@@H](C)C[C@H]2[C@@H]3CCC4=CC(=O)C=C[C@]4(C)[C@@]3(Cl)[C@@H](O)C[C@@]21C,8.296603e-08
COc1nc2ccc(Br)cc2cc1[C@@H](c1ccccc1)[C@@](O)(CCN(C)C)c1cccc2ccccc12,0.12145177
O=C(c1cc2ccccc2o1)N1CCN(Cc2ccccc2)CC1,0.00019114441
O=S(=O)(N[C@H](CO)C(C(F)(F)F)C(F)(F)F)c1ccc(Cl)s1,3.5792566e-13
NC[C@H]1O[C@H](O[C@H]2[C@H](O)[C@@H](O[C@H]3O[C@H](CO)[C@@H](O)[C@H](N)[C@H]3O)[C@H](N)C[C@@H]2N)[C@H](N)[C@@H](O)[C@@H]1O,1.5593607e-06
O=C(/C=C/c1cccc(S(=O)(=O)Nc2ccccc2)c1)NO,0.0030762164
CC(C)NC(=O)[C@H]1CC[C@@H](n2c(NC(=O)c3ccc(F)cc3)nc3ccc(CN4CCC(C(C)(C)O)CC4)cc32)CC1,0.00024631384
CC[C@@]1(O)C(=O)OCc2c1cc1n(c2=O)Cc2c-1nc1ccccc1c2CCNC(C)C,0.0001115821
CCC1(C)CC(=O)NC(=O)C1,0.0029069174
CCCC[C@@H](CC)COc1ccc(-c2nc(-c3ccc(OC)cc3)nc(-c3ccc(OC[C@@H](CC)CCCC)cc3O)n2)c(O)c1,0.79783624
CC(C)(CCCCCC(O)CCCCCC(C)(C)C(=O)O)C(=O)O,0.002749449
CCN(CC)CCOC(=O)C(O)(c1ccccc1)c1ccccc1,0.00085700146
O=C(O)c1ccc(N[C@@H]2O[C@H](CO)[C@@H](O)[C@H](O)[C@H]2O)cc1,0.0004896592
CCOC(=O)[C@H](CCc1ccccc1)N[C@H]1CCc2ccccc2N(CC(=O)O)C1=O,0.00035533137
Cn1c(CCCC(=O)O)nc2cc(N(CCCl)CCCl)ccc21,0.0013790269
O=C(O)COc1nn(Cc2ccccc2)c2ccccc12,0.003096909
c1ccc(Cc2nc3ccccc3[nH]2)cc1,0.0061456193
NS(=O)(=O)c1cc2c(cc1C(F)(F)F)N[C@@H](Cc1ccccc1)NS2(=O)=O,7.3900613e-10
c1ccc(CCNCc2ccccc2)cc1,0.0046339366
C[C@@H](Cc1cccc(C(F)(F)F)c1)NCCOC(=O)c1ccccc1,1.3595711e-06
CCCCN(CC)c1c([N+](=O)[O-])cc(C(F)(F)F)cc1[N+](=O)[O-],0.00021095204
C/C(=C(\CCOP(=O)(O)O)SC(=O)c1ccccc1)N(C=O)Cc1cnc(C)nc1N,2.1154423e-05
COC(=O)C1=C(C)NC(C)=C(C(=O)O[C@@H]2CCCN(Cc3ccccc3)C2)[C@@H]1c1cccc([N+](=O)[O-])c1,9.67682e-05
O=C(CCCN1CCC(n2c(=O)[nH]c3ccccc32)CC1)c1ccc(F)cc1,0.00032080617
C[C@@H](COc1ccccc1Cc1ccccc1)N1CCCCC1,0.00045197774
NC(CO)C(=O)NNCc1ccc(O)c(O)c1O,0.0013393443
O=C(O)c1ccc(NC(=O)[C@H](Cc2ccc(O)cc2)NC(=O)c2ccccc2)cc1,0.0022159133
O=C(CNC(=O)c1ccc(Cl)cc1)NO,0.008430726
CCCCCCCCCCCCC[N+](C)(C)Cc1ccccc1,0.83289444
NC(=NC(=O)c1nc(Cl)c(N)nc1N)NCc1ccccc1,0.0036689935
CCc1oc2ccccc2c1C(=O)c1cc(Br)c(O)c(Br)c1,0.81573784
Cc1ccc(C)c([C@H](O)CNC(C)C)c1,0.0027003132
CC(C)(C)CC(C)(C)c1ccc(OCCOCC[N+](C)(C)Cc2ccccc2)cc1,0.8859775
O=C(Cn1ccnc1[N+](=O)[O-])NCc1ccccc1,0.07633409
S=c1[nH]c2ccccc2s1,0.005224052
CCOC(=O)c1ccc(N)cc1,0.002227936
O=C(O[C@H]1CN2CCC1CC2)c1ccccc1,0.00016698809
O=C(O)Cc1ccc(OCc2ccccc2)c(Cl)c1,0.0040705516
O=C(O)c1ccccc1,0.0035299638
O=C(c1ccccc1)[C@H](O)c1ccccc1,0.0023950303
CCCCNc1ccc(C(=O)OCCOCCOCCOCCOCCOCCOCCOCCOCCOC)cc1,0.008546177
CC[N+](CC)(CCCNC1=CC(=O)C(NCCC[N+](CC)(CC)Cc2ccccc2)=CC1=O)Cc1ccccc1,0.0011545637
O=C(N[C@@H](Cc1c[nH]c2ccccc12)C(=O)O)c1ccc(Cl)cc1,0.0041388823
O=C(Oc1cccc2cccnc12)c1ccccc1,0.003581017
O=C(OOC(=O)c1ccccc1)c1ccccc1,0.0016239432
O=C(Nc1ccc(C(=O)O)c(O)c1)c1ccccc1,0.005528001
NS(=O)(=O)c1cc2c(cc1Cl)NC(=CSCc1ccccc1)NS2(=O)=O,6.1749197e-06
CN1[C@@H]2CC[C@H]1C[C@@H](OC(c1ccccc1)c1ccccc1)C2,0.0012559191
CN(C)CCCOc1nn(Cc2ccccc2)c2ccccc12,0.0078110653
OCc1ccccc1,0.0032551296
O=C(OCc1ccccc1)c1ccccc1,0.003878505
S=C=NCc1ccccc1,0.003756693
CCCCCCCCCCCCCCCC[N+](C)(C)Cc1ccccc1,0.94279563
CCCCCCCC[N+](C)(C)Cc1ccccc1,0.3232485
CC1(C)S[C@@H]2[C@H](NC(=O)Cc3ccccc3)C(=O)N2[C@H]1C(=O)O,0.8035922
C[N+](C)(CCOc1ccccc1)Cc1ccccc1,0.035079185
O=C(O)CCCN1CCC(O[C@@H](c2ccc(Cl)cc2)c2ccccn2)CC1,0.00020925327
CC(C)COCC(CN(Cc1ccccc1)c1ccccc1)N1CCCC1,0.00026077082
COc1ccc2cc3[n+](cc2c1OC)CCc1cc2c(cc1-3)OCO2,0.001691341
COc1c2ccoc2cc2oc(=O)ccc12,0.008423797
COc1c(O)cc2c(c1O)[C@@H]1O[C@H](CO)[C@@H](O)[C@H](O)[C@H]1OC2=O,0.0015049158
N[C@@H]1CCCCN(c2c(F)cc3c(=O)c(C(=O)O)cn(C4CC4)c3c2Cl)C1,0.97568965
Cc1nnc(C[C@@H]2C=C(c3ccc(Cl)cc3)c3ccccc3-n3c(C)nnc32)o1,0.0023478542
Oc1cccc(Nc2ccc(Nc3cccc(O)c3)nn2)c1,0.004869189
CC1=C(/C=C/C(C)=C/C=C/C(C)=C/C=C/C=C(C)/C=C/C=C(C)/C=C/C2=C(C)CCCC2(C)C)C(C)(C)CCC1,0.020462915
CCCCOC(=O)c1cc2c(cn1)[nH]c1ccccc12,0.0022740208
C=C[C@]1(C)CC[C@@H](C(=C)C)C[C@H]1C(=C)C,0.0016108888
COC(=O)/C=C/C(=O)N[C@@H]1CC[C@@]2(O)[C@H]3Cc4ccc(O)c5c4[C@@]2(CCN3CC2CC2)[C@H]1O5,1.6745906e-06
O=P(O)(O)OC(CO)CO,1.5037276e-05
CC(C)(O)CC(=O)O,0.0033144462
CC(O)CC(=O)O,0.0028489043
CC1(C)CCC2=C(O1)c1ccccc1C(=O)C2=O,0.012558591
Oc1ccc2ccccc2c1,0.0035025498
CNCCc1ccccn1,0.003546269
C[N+](C)(C)CC(=O)O,0.0018239662
C[C@H]1C[C@H]2[C@@H]3CCC4=CC(=O)C=C[C@]4(C)[C@@]3(F)[C@@H](O)C[C@]2(C)[C@@]1(O)C(=O)CO,4.2909676e-08
CC(=O)OCC(=O)[C@@]1(O)[C@@H](C)C[C@H]2[C@@H]3CCC4=CC(=O)C=C[C@]4(C)[C@@]3(F)[C@@H](O)C[C@@]21C,3.20017e-08
CCCC(=O)O[C@]1(C(=O)COC(=O)CC)[C@@H](C)C[C@H]2[C@@H]3CCC4=CC(=O)C=C[C@]4(C)[C@@]3(F)[C@@H](O)C[C@@]21C,7.054003e-09
CCC(=O)OCC(=O)[C@@]1(OC(=O)CC)[C@@H](C)C[C@H]2[C@@H]3CCC4=CC(=O)C=C[C@]4(C)[C@@]3(F)[C@@H](O)C[C@@]21C,4.8040953e-09
C[C@H]1C[C@H]2[C@@H]3CCC4=CC(=O)C=C[C@]4(C)[C@@]3(F)[C@@H](O)C[C@]2(C)[C@@]1(O)C(=O)COP(=O)(O)O,4.8952115e-10
CCCCC(=O)O[C@]1(C(=O)CO)[C@@H](C)C[C@H]2[C@@H]3CCC4=CC(=O)C=C[C@]4(C)[C@@]3(F)[C@@H](O)C[C@@]21C,2.5330161e-08
O=C(O)CCNC(=O)c1ccccc1,0.0012119389
CC(C)NC[C@@H](O)COc1ccc(CCOCC2CC2)cc1,0.0009882692
NCCc1ccn[nH]1,0.004606101
C[C@@H](C[N+](C)(C)C)OC(N)=O,0.0019697365
CC[S@](=O)c1nc(-c2cccc(OCc3ccccc3)c2)cc(C(F)(F)F)n1,5.4738194e-07
COc1ccc(NC(=O)c2ccc(C(=N)N(C)C)cc2)c(C(=O)Nc2ccc(Cl)cn2)c1,0.0163694
C=C(C)[C@@H]1CC[C@]2(C(=O)O)CC[C@]3(C)[C@H](CC[C@@H]4[C@@]5(C)CC[C@H](O)C(C)(C)[C@@H]5CC[C@]43C)[C@@H]12,2.5577781e-05
COc1ccc(CCNC[C@@H](O)COc2cccc(C)c2)cc1OC,0.011450382
COc1cc(CNCCC2CCOCC2)ccc1Oc1cnc(C(N)=O)cn1,0.0012346574
C=C(C)[C@@H]1CC[C@]2(C(=O)O)CC[C@]3(C)[C@H](CC[C@@H]4[C@@]5(C)CC[C@H](OC(=O)CC(C)(C)C(=O)O)C(C)(C)[C@@H]5CC[C@]43C)[C@@H]12,6.7384826e-06
OC[C@H]1O[C@@H](c2ccc(Cl)c(Cc3ccc(OCCOC4CC4)cc3)c2)[C@H](O)[C@@H](O)[C@@H]1O,0.0005961822
C=C(c1ccc(C(=O)O)cc1)c1cc2c(cc1C)C(C)(C)CCC2(C)C,0.011363181
CC(C)(Oc1ccc(CCNC(=O)c2ccc(Cl)cc2)cc1)C(=O)O,0.007198564
O=C(Nc1cccc(C(F)(F)F)c1)c1cccc2cc(Oc3cc(CO)ncn3)ccc12,9.41132e-07
N=C(NOC[C@@H](O)CN1CCCCC1)c1cccnc1,0.00022098425
COc1ccc(-c2ccc3ncc4c(c3c2)n(-c2ccc(N3CCNCC3)c(C(F)(F)F)c2)c(=O)n4C)cn1,9.888246e-07
CC(C)(C)c1cc(O)c(C(C)(C)C)cc1O,0.00049090304
CC(C)CCN1c2nc(Nc3cc(F)c(O)c(F)c3)ncc2N(C)C(=O)[C@@H]1C,0.8210463
Cc1nc2ccccc2c(-c2ccc3c4c(ccnc24)CCO3)c1[C@H](OC(C)(C)C)C(=O)O,0.0017632582
CC[C@@H]1C(=O)N(C)c2cnc(Nc3ccc(C(=O)NC4CCN(C)CC4)cc3OC)nc2N1C1CCCC1,0.0003439586
Oc1nc(Cc2ccccn2)nc2c1cnn2C1CCOCC1,0.0013656132
O=c1[nH]nc(Sc2ncc([N+](=O)[O-])s2)n1-c1ccc2c(c1)OCCO2,0.80612785
CCNC(=O)C#Cc1ccc2c(c1)NC(=O)/C2=C(/Nc1ccc(CN(C)C)cc1)c1ccccc1,0.0045014345
CN(C(=O)n1cnc(-c2ccc[n+]([O-])c2)c1)C1CCCCC1,0.0020081755
C[C@@H](O)[C@H]1C(=O)N2C(C(=O)O)=C(SC3Cn4cnc[n+]4C3)[C@H](C)[C@H]12,0.970346
NCCCC[C@H](NC(=O)[C@@H](Cc1cc(Br)c(O)c(Br)c1)NC(=O)N1CCC(N2Cc3ccccc3NC2=O)CC1)C(=O)N1CCN(c2ccncc2)CC1,0.0016270912
C/C(=C\C(=O)Nc1ccccc1C(=O)O)c1ccc2ccccc2c1,0.004875591
CCN(CC)CC1CCN(c2ncc3ncnc(Nc4ccc(F)c(Cl)c4)c3n2)CC1,0.010166355
CN1CCC(Nc2ncc3ncnc(Nc4ccc(F)c(Cl)c4)c3n2)CC1,0.013173209
CC(O)(CS(=O)(=O)c1ccc(F)cc1)C(=O)Nc1ccc(C#N)c(C(F)(F)F)c1,5.632672e-08
Cc1ccc([C@@]23CNC[C@@H]2C3)cc1,0.00044069006
O=C(NCc1c(F)cc(F)cc1F)c1cn2c(c(O)c1=O)C(=O)N1[C@H]3CC[C@H](C3)O[C@@H]1C2,0.98980826
CN1CCc2cc3c(cc2[C@H]1[C@@H]1OC(=O)c2c1ccc1c2OCO1)OCO3,0.00026135275
C[N+]1(C)CCc2cc3c(cc2[C@H]1[C@@H]1OC(=O)c2c1ccc1c2OCO1)OCO3,0.00029627443
COC(=O)c1cc(OC)c2c(c1-c1c(CO)cc(OC)c3c1OCO3)OCO2,0.00021540938
CNCCCCOc1ccccc1Cc1ccccc1,0.008909977
COC(=O)c1cc(OC)c2c(c1-c1c(C(=O)OC)cc(OC)c3c1OCO3)OCO2,0.0001282512
c1ccc(-c2ccc([C@H](c3ccccc3)n3ccnc3)cc2)cc1,0.08112653
COc1c(C)cnc(Cn2cnc3c(Cl)nc(N)nc32)c1C,0.003851633
CCOCCn1c(C2CCN(CCc3ccc(C(C)(C)C(=O)O)cc3)CC2)nc2ccccc21,9.844284e-05
CC(C)(C)[C@]1(O)C[C@@H]2OC(=O)C[C@@]23C(=O)O[C@@H]2OC(=O)[C@H](O)[C@]213,9.816296e-08
CCNC(=O)CCC/C=C\C[C@@H]1[C@@H](/C=C/[C@@H](O)CCc2ccccc2)[C@H](O)C[C@@H]1O,0.00080859434
CC(C)n1c(=O)n(C(=O)N[C@H]2C[C@H]3CC[C@@H](C2)N3C)c2ccccc21,0.00094892597
Cc1c(OCc2cccc(-c3ccc(C(=O)O)cc3)c2)cc2c(c1C)C(=O)[C@@H](C1CCCC1)C2,0.00093078334
CC(C)(OCc1nn(Cc2ccccc2)c2ccccc12)C(=O)O,0.0037585676
Cn1cnc2c(F)c(Nc3ccc(Br)cc3F)c(C(=O)NOCCO)cc21,0.93431336
Cc1ccccc1NC(=O)Nc1ccc(CC(=O)N[C@@H](CC(C)C)C(=O)N[C@@H](CC(=O)O)C(=O)N[C@H](C(=O)N2CCC[C@H]2C(=O)O)C(C)C)cc1,0.0009285534
Cc1ccccc1NC(=O)Nc1ccc(CC(=O)N(C)[C@@H](CC(C)C)C(=O)NCC[C@H](NC(=O)[C@@H]2CCCN2S(=O)(=O)c2cc(Cl)cc(Cl)c2)C(=O)O)cc1,5.8902686e-05
O=C(O)CCCC[C@@H]1SC[C@@H]2NC(=O)N[C@@H]21,0.0027995582
NCc1ccccc1Sc1ccccc1CO,0.0032236793
O[C@](CCN1CCCCC1)(c1ccccc1)[C@@H]1C[C@H]2C=C[C@@H]1C2,2.962414e-05
CC[C@H](NC(=O)[C@H](C)NC)C(=O)N1C[C@@H](O)C[C@H]1Cc1c(-c2[nH]c3cc(F)ccc3c2C[C@@H]2C[C@H](O)CN2C(=O)[C@H](CC)NC(=O)[C@H](C)NC)[nH]c2cc(F)ccc12,0.018190753
CN1C(=O)N(c2cc(Cl)cc(Cl)c2)C(=O)[C@@]1(C)Cc1ccc(Br)cc1,0.24601431
Cc1occc(=O)c1[O][V](=[O])[O]c1c(C)occc1=O,0.0043419222
CC(=O)Oc1ccc(C(c2ccc(OC(C)=O)cc2)c2ccccn2)cc1,0.063870475
C(=N/NC1=NCCN1)\c1c2ccccc2c(/C=N/NC2=NCCN2)c2ccccc12,0.00083557103
Cn1cc(C2=C(c3cn(CCCSC(=N)N)c4ccccc34)C(=O)NC2=O)c2ccccc21,0.11007058
O=S(=O)(O)C(F)(F)F,1.949611e-10
O=C(O)C(=O)O,0.014287754
O=C(O)C[C@](O)(CC(=O)[O][Bi]1[O]C(=O)C[C@@](O)(CC(=O)O)C(=O)[O]1)C(=O)O,2.971921e-07
O=C(O)c1cc(O)c2c(c1)[O][Bi]([OH])[O]2,0.0030989232
O=C1[O][Bi]([OH])[O]c2ccccc21,0.002304394
CC(C)(C)CC(C)(C)c1cc(Cc2cc(C(C)(C)CC(C)(C)C)cc(-n3nc4ccccc4n3)c2O)c(O)c(-n2nc3ccccc3n2)c1,0.92578036
CC(C)NC[C@@H](O)COc1ccc(COCCOC(C)C)cc1,0.0014924763
CC(C)(c1ccc(O)cc1)c1ccc(O)cc1,0.018861866
Oc1c(Cl)cc(Cl)cc1Sc1cc(Cl)cc(Cl)c1O,0.9549381
C[C@H](Oc1ccc(S(C)(=O)=O)cc1C(=O)N1CCN(c2ncc(C(F)(F)F)cc2F)CC1)C(F)(F)F,3.6686557e-12
S=C=Nc1ccc(N=C=S)cc1,0.0041252594
CC[C@H](C)[C@H](NC(=O)[C@H](CCC(=O)O)NC(=O)[C@H](CCC(=O)O)NC(=O)[C@H](Cc1ccccc1)NC(=O)[C@H](CC(=O)O)NC(=O)CNC(=O)[C@H](CC(N)=O)NC(=O)CNC(=O)CNC(=O)CNC(=O)CNC(=O)[C@@H]1CCCN1C(=O)[C@H](CCCNC(=N)N)NC(=O)[C@@H]1CCCN1C(=O)[C@H](N)Cc1ccccc1)C(=O)N1CCC[C@H]1C(=O)N[C@@H](CCC(=O)O)C(=O)N[C@@H](CCC(=O)O)C(=O)N[C@@H](Cc1ccc(O)cc1)C(=O)N[C@@H](CC(C)C)C(=O)O,3.3339318e-09
COc1cc2nc(N3CCCN(C)CC3)nc(NC3CCN(Cc4ccccc4)CC3)c2cc1OC,0.0001055699
CN(C)Cc1cccc(N/C(=C2\C(=O)Nc3cc(C(N)=O)ccc32)c2ccccc2)c1,0.023057755
CN(C)Cc1cccc(N/C(=C2\C(=O)Nc3cc(C(=O)N(C)C)ccc32)c2ccccc2)c1,0.017194265
O=C(O)c1cc2ccccc2s1,0.008825129
Cc1ccc2c(c1)C(=O)[C@]1(O)CCN(c3ccccc3)C1=N2,0.0014734139
Cc1c(N)nc([C@H](CC(N)=O)NC[C@H](N)C(N)=O)nc1C(=O)N[C@H](C(=O)N[C@H](C)[C@@H](O)[C@H](C)C(=O)N[C@H](C(=O)NCCc1nc(-c2nc(C(=O)NCCCNCCCCN)cs2)cs1)[C@@H](C)O)[C@@H](O[C@@H]1O[C@@H](CO)[C@@H](O)[C@H](O)[C@@H]1O[C@@H]1O[C@H](CO)[C@@H](O)[C@H](OC(N)=O)[C@@H]1O)c1c[nH]cn1,6.303763e-05
Cc1c(N)nc([C@H](CC(N)=O)NC[C@@H](N)C(N)=O)nc1C(=O)N[C@H](C(=O)N[C@@H](C)[C@H](O)[C@@H](C)C(=O)N[C@@H](C(=O)NCCc1nc(-c2nc(C(=O)NCCC[S+](C)C)cs2)cs1)[C@@H](C)O)[C@@H](O[C@H]1O[C@H](CO)[C@H](O)[C@@H](O)[C@H]1O[C@H]1O[C@H](CO)[C@@H](O)[C@H](OC(N)=O)[C@@H]1O)c1c[nH]cn1,1.3857457e-05
CCN1CCN(c2cc(-c3ccc(F)cc3)c3c(n2)CCCCCC3)CC1,0.0002077749
C=CC(=O)Nc1cccc(C)c1Nc1ncc2cc(-c3c(Cl)c(OC)cc(OC)c3Cl)ccc2n1,0.0048489887
CNC(=O)c1cc(Oc2ccc3nc(N[C@@H]4CCCC[C@H]4O)sc3c2)ccn1,0.0029754103
COc1ccc2c(c1)c(CC(=O)N1CCOCC1)c(C)n2C(=O)c1ccc(Cl)cc1,0.0014530682
COc1cccc(-c2cc(NCc3ccc4c(c3)OCO4)nc(N)n2)c1,0.004781031
CSc1ccc(C(=O)N[C@@H]2CCCC[C@@H]2NC(=O)CNC(=O)c2cc(C(F)(F)F)ccc2NC(=O)NC(C)C)cc1,9.570922e-08
Cc1noc(NS(=O)(=O)c2cccc3c(N(C)C)cccc23)c1C,0.00048395607
O=c1oc(-c2ccc(C(F)(F)F)cc2)nn1Cc1cc(Cl)ccc1O,7.4475946e-07
CC1(C)Oc2ccc(C#N)cc2[C@H](N(Cc2ncc[nH]2)c2ccc(Cl)cc2)[C@H]1O,0.05169376
Cc1onc(NS(=O)(=O)c2ccccc2-c2ccc(-c3ncco3)cc2CN(C)C(=O)CC(C)(C)C)c1C,0.000580558
N#Cc1ccc2c(c1)CN(S(=O)(=O)c1cccs1)[C@H](Cc1ccccc1)CN2Cc1cnc[nH]1,3.847085e-05
CCCCOc1c(C(=O)c2c(F)cc(C)cc2F)cnc2n[nH]cc12,0.40633425
C[C@H](c1ccc(F)cc1CCCC(=O)O)N(c1cc(F)ccc1F)S(=O)(=O)c1ccc(Cl)cc1,0.0048360787
CCc1c(-c2ccccc2)c(-c2ccccc2)nn1-c1ccccc1-c1cccc(OCC(=O)O)c1,0.005810168
Cc1ccc2nc(NCCN)c3ncc(C)n3c2c1,0.0023677319
CC(C)(C)c1cnc(CSc2cnc(NC(=O)C3CCNCC3)s2)o1,0.00028413464
CCCC(=O)C1(c2ccccc2)CCN(C(=O)[C@@H](Cc2ccc(OC)cc2)NC(=O)[C@@H](N)Cc2cncn2C)CC1,3.6007867e-05
Cc1cc(N2CCOCC2)cc2[nH]c(-c3c(NC[C@@H](O)c4cccc(Cl)c4)cc[nH]c3=O)nc12,0.002702312
CCN1CCN(c2ccc(C(C)(C)NC(=O)c3cc4[nH]c5ccccc5c(=O)c4cc3F)cn2)CC1,0.006141819
CCCNC(=O)c1cn2ncnc(Nc3cc(C(=O)NC4CC4)ccc3C)c2c1C,0.00071672874
CN1C(=O)N(c2cc(Cl)cc(Cl)c2)C(=O)[C@]12CN(Cc1cc(C(=O)O)cs1)C[C@H]2c1ccc(C#N)cc1,0.22709402
Cc1c(NC(=O)OC[C@@H]2COCCN2)cn2ncnc(Nc3ccc4c(cnn4Cc4cccc(F)c4)c3)c12,0.0018651836
COc1cnc(-n2cnc(C)n2)c2[nH]cc(C(=O)C(=O)N3CCN(C(=O)c4ccccc4)CC3)c12,0.00036669057
Cc1ccc(C(=O)NC2CC2)cc1NC(=O)c1cnn(-c2ncccc2C(F)(F)F)c1C,7.835067e-07
CC1(C)CCC(C)(C)c2cc(C3(c4ccc(C(=O)O)cc4)OCCO3)ccc21,0.0019176544
CN1C(=O)N(c2cc(Cl)cc(Cl)c2)C(=O)[C@]12CN(c1ccc(C(=O)O)cn1)C[C@H]2c1ccc(C#N)cc1,0.16599569
COc1cccc(Nc2ncnn3ccc(CN4CC[C@@H](N)[C@H](O)C4)c23)c1,0.00031058976
Cn1c(N2CCCCS2(=O)=O)nc(C(=O)NCc2ccc(F)cc2)c(O)c1=O,0.0005618272
C[C@@]1(C(=O)Nc2ccc(F)nc2)CCCN1c1nc(Nc2cc(C3CC3)n[nH]2)c2cccn2n1,0.004290839
O[C@]12CC[C@](c3nnc4c(Oc5ccccc5Cl)cccn43)(CC1)C2,0.000120912344
CCOc1ccn(-c2ccc(F)cc2)c(=O)c1C(=O)Nc1ccc(Oc2ccnc(N)c2Cl)c(F)c1,0.68779546
CC(C)(O)c1cn(-c2ccc(-c3cccc(S(C)(=O)=O)c3)cc2)c(C(C)(C)c2ccccc2Cl)n1,0.004596071
COc1ccnc2[nH]cc(C(=O)C(=O)N3CCN(C(=O)c4ccccc4)C[C@H]3C)c12,0.0067360764
CC(=O)N[C@@H]1C[C@H](NC(C)(C)C)CC[C@@H]1N1CC[C@H](Nc2ncnc3cc(C(C)(C)C)nn23)C1=O,7.238882e-05
Nc1nccc(Oc2ccc(NC(=O)c3cn(COP(=O)(O)O)cc(-c4ccc(F)cc4)c3=O)cc2F)c1Cl,0.006541093
CNCc1ccc(C)c(NC(=O)c2ccc(Nc3nc(-c4ccccc4)c4ccccc4n3)cc2)c1,0.011974923
O=c1[nH]c([C@@H]2CCCN2)nc2c1oc1ccc(Cl)cc12,0.013133236
CN1C(=O)[C@@H](NC(=O)[C@H](CCC(F)(F)F)[C@H](CCC(F)(F)F)C(N)=O)N=C(c2ccccc2)c2ccccc21,6.2095475e-11
CCn1c(C(=O)N(C2CC2)C2CC2)cc2c3c(ncn3C)c(Nc3cc(C)n(C)n3)nc21,0.0007988864
Cc1c(-c2ccc(C(N)=O)c3[nH]c4cc(C(C)(C)O)ccc4c23)cccc1-n1cnc2ccccc2c1=O,0.011435855
NC(=O)[C@@H](CC1CC1)[C@@H](CCC(F)(F)F)C(=O)N[C@H]1N=C(c2ccccc2)c2cccc(F)c2NC1=O,1.1659146e-06
Cc1noc(-c2ccc(-c3ccc(C4(C(=O)O)CC4)cc3)cc2)c1NC(=O)O[C@H](C)c1ccccc1,0.00077368313
Cc1c(-c2c(F)cc(C(N)=O)c3[nH]c4c(c23)CC[C@H](C(C)(C)O)C4)cccc1-n1c(=O)c2cccc(F)c2n(C)c1=O,0.8993955
Cc1nnn(C)c1-c1cnc2c3ccc(C(C)(C)O)cc3n([C@H](c3ccccc3)C3CCOCC3)c2c1,0.0014249654
CC#CC(=O)N[C@H]1CCCN(c2c(F)cc(C(N)=O)c3[nH]c(C)c(C)c23)C1,0.0031960283
C[C@@H](C(=O)Nc1ccc(Cl)cc1)[C@H]1CC[C@@H](c2ccnc3ccc(F)cc32)CC1,0.0178304
O[C@@H](CCCN1CCN(c2ncc(F)cn2)CC1)c1ccc(F)cc1,0.0020964006
O=C(O)COc1cccc(-c2ocnc2-c2nc(-c3ccccc3)c(-c3ccccc3)o2)c1,0.0022830714
COc1ccccc1N1CCN(CCN2C(=O)CC3(CCCC3)CC2=O)CC1,1.7998635e-05
COc1cc(C(=O)c2c(C)oc3c(O)c(OC)ccc23)cc(OC)c1OC,0.0042121
O=C1/C(=C/c2ccccc2)C[C@@]2(O)[C@H]3Cc4ccc(O)c5c4[C@@]2(CCN3CC2CC2)[C@H]1O5,1.0058504e-06
CC(C)(C)NC(=O)N[C@H](C(=O)N1C[C@H]2[C@@H]([C@H]1C(=O)N[C@@H](CC1CCC1)C(=O)C(N)=O)C2(C)C)C(C)(C)C,0.00019687091
O=C1C=Cc2cc(Br)ccc2C1=O,0.011171893
Cc1cc2c(OC[C@@H](CNC(C)(C)C)OC(=O)c3ccccc3)cccc2[nH]1,0.002056889
CC(=O)O[C@H]1C[C@H]2CC[C@@]1(C)C2(C)C,0.006763649
N[C@@H](Cc1ccc(B(O)O)cc1)C(=O)O,0.0011023713
CC(C)C[C@H](NC(=O)[C@H](Cc1ccccc1)NC(=O)c1cnccn1)B(O)O,0.002380684
CCOc1cc(-c2nncn2C)ccc1Nc1ncc2cc(C)nc(NCC(C)(C)C)c2n1,0.0010835428
COc1ccccc1Oc1c(NS(=O)(=O)c2ccc(C(C)(C)C)cc2)nc(-c2ncccn2)nc1OCCO,0.00040094712
COc1cc(Nc2c(C#N)cnc3cc(OCCCN4CCN(C)CC4)c(OC)cc23)c(Cl)cc1Cl,0.0048305076
c1ccc(N2CCN(CCCOc3ccc4c(c3)OCO4)CC2)cc1,0.00013466428
COc1ccccc1N1CCN(CCCCNC(=O)c2ccc3ccccc3c2)CC1,0.00026856578
CC(C)C[C@@H]1NC(=O)[C@@H](C(C)C)NC(=O)[C@@H]2CCCN2C(=O)[C@@H](CC(=O)O)NC(=O)[C@@H](Cc2c[nH]c3ccccc23)NC1=O,0.000250192
CCCC[C@@H](NC(=O)[C@@H](Cc1cn(C(=O)OC)c2ccccc12)NC(=O)[C@H](CC(C)(C)C)NC(=O)N1[C@H](C)CCC[C@@H]1C)C(=O)O,0.0021100813
Cc1nn(C)c2c1[C@@H](c1ccc(C(F)(F)F)cc1)C(C#N)C(=N)O2,3.3618893e-08
COC(=O)c1ccc2c(c1)nc(NC(=O)c1ccccc1)n2CCCc1ccccc1,0.0064538815
O=C1c2ccccc2-c2c(NCCc3ccccc3)c(=O)[nH]c3cccc1c23,0.0061690793
CC(C)(C)c1ccc2cc(C#N)c(C#N)cc2c1,0.0018091267
C[C@H]1CCC/C=C/[C@@H]2C[C@H](O)C[C@H]2[C@H](O)/C=C/C(=O)O1,0.00044519108
CCCC[C@H](NC(C)=O)C(=O)N[C@H]1CC(=O)NCCCC[C@@H](C(=O)O)NC(=O)[C@H](Cc2c[nH]c3ccccc23)NC(=O)[C@H](CCCNC(=N)N)NC(=O)[C@@H](Cc2ccccc2)NC(=O)[C@H](Cc2cnc[nH]2)NC1=O,0.012985142
Cc1c(-c2ccc(-c3ccccc3F)cc2)nc2ccc(F)cc2c1C(=O)O,0.22939178
CC(C)(C)OC(=O)c1ncn2c1[C@@H]1CCCN1C(=O)c1c(Br)cccc1-2,0.0011979977
CC[N+](C)(C)Cc1ccccc1Br,0.0075818216
O=c1ccc2ccc(OCCCCN3CCN(c4cccc5sccc45)CC3)cc2[nH]1,0.000445646
COc1cc(OC)c(/C=C/S(=O)(=O)Cc2ccc(OC)c(OP(=O)(O)O)c2)c(OC)c1,8.917739e-05
COc1cc(N2CCC(N3CCN(C)CC3)CC2)ccc1Nc1ncc(Cl)c(Nc2ccccc2P(C)(C)=O)n1,0.00013890673
CCN(CC)c1ccc([C+](c2ccccc2)c2ccc(N(CC)CC)cc2)cc1,0.033675175
Brc1c(NC2=NCCN2)ccc2nccnc12,0.0033144888
CCCCCCCCCCCCCCCCOCCCOP(=O)(O)CO[C@H](CO)Cn1ccc(N)nc1=O,0.0050868373
CCN[C@H]1CN(CCCOC)S(=O)(=O)c2sc(S(N)(=O)=O)cc21,1.2256712e-07
Cc1cc2c(F)c(Oc3ncnn4cc(OC[C@@H](C)O)c(C)c34)ccc2[nH]1,0.003299926
Cc1cc2c(F)c(Oc3ncnn4cc(OC[C@@H](C)OC(=O)[C@H](C)N)c(C)c34)ccc2[nH]1,0.00060888554
O=c1[nH]c(=O)n([C@H]2C[C@H](O)[C@@H](CO)O2)cc1/C=C/Br,0.015256013
O[C@@H](CN1CCN(c2cccc(Cl)c2)CC1)C(c1ccccc1)c1ccccc1,0.0013546171
O=C(O)[C@@H](Cc1ccccc1)NCc1ccc(Cl)cc1,0.0032131302
C[C@H](Cc1ccc(OCC(=O)O)cc1)NC[C@H](O)c1cccc(Cl)c1,0.0053696106
C[C@@H]1c2ccccc2CN1CC1=NCCN1,0.00048883696
Cc1ccc([N+](=O)[O-])cc1S(=O)(=O)N(C)C,5.279663e-05
O=C(Cc1ccc(Cl)c(Cl)c1)N1CCCC[C@@H]1CN1CCCC1,0.00021002963
CN1CCC(c2c[nH]c3ccc(O)cc23)CC1,0.0010654184
O=C(/C=C/c1ccccc1)NCCO,0.0019226457
Brc1ccc(NC2C3CC4CC(C3)CC2C4)cc1,0.00028821983
COc1ccc(C(=O)/C(Br)=C/C(=O)O)cc1,0.015626784
Nc1c(CC(=O)O)cccc1C(=O)c1ccc(Br)cc1,0.011962783
CN(Cc1cc(Br)cc(Br)c1N)C1CCCCC1,0.040093075
O=C1c2ccccc2C(=O)C1c1ccc(Br)cc1,0.0041540596
CC(C)[C@@H](Br)C(=O)NC(N)=O,0.00871222
CC(C)C[C@H]1C(=O)N2CCC[C@H]2[C@]2(O)O[C@](NC(=O)[C@@H]3C=C4c5cccc6[nH]c(Br)c(c56)C[C@H]4N(C)C3)(C(C)C)C(=O)N12,2.509956e-05
CCN(CC)CCNC(=O)c1cc(Br)c(N)cc1OC,0.0005991634
CCOC(=O)Nc1cc(-c2ccc(C)c(NS(C)(=O)=O)c2)nn2c(C)nnc12,0.00011431768
O=C(CCCN1CCC(O)(c2ccc(Br)cc2)CC1)c1ccc(F)cc1,0.00023442217
CN(C)CC[C@@H](c1ccc(Br)cc1)c1ccccn1,0.005448445
O=[N+]([O-])C(Br)(CO)CO,2.7756734e-05
Nc1nc(=O)c(Br)c(-c2ccccc2)[nH]1,0.0125224525
Cc1ccc2c(Br)cc(Br)c(OC(=O)c3ccccc3)c2n1,0.27115113
CC(C)(C)NC[C@@H](O)c1cc(Br)no1,0.001448027
O=c1[nH]c(=O)n([C@H]2C[C@H](O)[C@@H](CO)O2)cc1Br,0.15639755
Oc1c(Br)cc(Br)c2cccnc12,0.2842483
COC(=O)[C@@]12OC[C@]34[C@H]([C@@H](O)[C@@H]1O)[C@@]1(C)CC(=O)C(=O)[C@H](C)[C@@H]1C[C@H]3OC(=O)[C@H](OC(=O)/C=C(\C)C(C)C)[C@@H]24,4.6685273e-08
COc1cc2c(cc1OC)[C@@]13CCN4CC5=CCO[C@H]6CC(=O)N2[C@H]1[C@H]6[C@H]5C[C@H]43,2.555161e-06
CC(C)c1cnn2c(NCc3ccccc3)cc(NCCCCCCN)nc12,0.011494016
O=C(c1cccc(-c2nc3ccccc3[nH]2)n1)N1CCN(C(=O)c2cccc(-c3nc4ccccc4[nH]3)n2)CC1,0.0004312071
O=C(Oc1cc(S(=O)(=O)c2ccccc2)ccc1[N+](=O)[O-])c1ccc(Cl)cc1,0.77414984
O=[N+]([O-])c1cc(Cl)ccc1S(=O)(=O)c1ccccc1,0.18147653
O=C(CNc1cccc(Cl)c1)N[C@@H]1CCCN(c2ncnc3[nH]ccc23)C1,0.0019967717
Cc1ccc(S(=O)(=O)NCc2ccccc2)cc1,0.002038815
CC(C)C[C@@H](N)C1(c2ccc(Cl)cc2)CCC1,0.00053311524
CC(C)(NCCCn1ccnc1)c1ccc(Cl)cc1,0.007478107
C[C@@H](Oc1ccc(Cl)cc1)c1ccnc2ncnn12,0.0032394072
CN(c1ccc(NC(=O)Nc2ccccc2)cc1)S(=O)(=O)c1cnn(-c2ccc(F)cc2)c1,0.0025954752
C[C@H]1COC2(CCN(c3nc(=O)c4cc(C(F)(F)F)cc([N+](=O)[O-])c4s3)CC2)O1,1.8165065e-06
c1ccc2nc(C3=NCCN3)ccc2c1,0.00152605
c1ccc2nc(C3=NCCN3)cnc2c1,0.0014338932
CCOc1ccc(NC(=O)C[C@@H](C)O)cc1,0.0054401676
CC(C)(S)C(=O)N[C@@H](CS)C(=O)O,0.0021417884
CCCC(=O)Nc1ncnc2c1ncn2[C@@H]1O[C@@H]2CO[P@@](=O)(O)O[C@H]2[C@H]1OC(=O)CCC,1.2740952e-07
CC(C)(C)c1ccc(CN2CCN([C@@H](c3ccccc3)c3ccc(Cl)cc3)CC2)cc1,0.0024802973
CCC[C@H]1O[C@@H]2C[C@H]3[C@@H]4CCC5=CC(=O)C=C[C@]5(C)[C@H]4[C@@H](O)C[C@]3(C)[C@]2(C(=O)CO)O1,4.7346807e-06
CC(C)(C)N1CCC(c2ccccc2)(c2ccccc2)CC1,0.0004219472
CCCCOc1ccc(CC(=O)NO)cc1,0.0049703345
COc1cc(OC)c(C(=O)CCCN2CCCC2)c(OC)c1,0.00011689894
CCCCNc1cc(C(=O)O)cc(S(N)(=O)=O)c1Oc1ccccc1,0.000676951
CCCC(=O)N1CCCN(c2nc(N)c3cc(OC)c(OC)cc3n2)CC1,0.00012959757
Nc1cc(C(F)(F)F)c(-c2cc(N3CCOCC3)nc(N3CCOCC3)n2)cn1,2.1475346e-07
CC(C)(C)C1CCC(C[C@H]2C(=O)C(=O)c3ccccc3C2=O)CC1,0.005543951
CC(CCc1ccccc1)NC(C)C(O)c1ccc(O)cc1,0.0068665184
CCCCc1ccc(C(N)=O)nc1,0.0062957318
CCCCN1CCCC[C@H]1C(=O)Nc1c(C)cccc1C,0.00093982427
Cc1ccc(Cl)c(OC[C@@H](O)CNC(C)(C)C)c1,0.001042475
C[C@@H](NC(C)(C)C)C(=O)c1cccc(Cl)c1,0.0018050864
O=C(NCc1ccccc1)OCCO,0.0010105708
CCNC(=O)[C@@H]1CCCN1C(=O)[C@H](CCCN=C(N)N)NC(=O)[C@H](CC(C)C)NC(=O)[C@@H](COC(C)(C)C)NC(=O)[C@H](Cc1ccc(O)cc1)NC(=O)[C@H](CO)NC(=O)[C@H](Cc1c[nH]c2ccccc12)NC(=O)[C@H](Cc1c[nH]cn1)NC(=O)[C@@H]1CCC(=O)N1,0.00025747536
O=C1CC2(CCCC2)CC(=O)N1CCCCN1CCN(c2ncccn2)CC1,1.488162e-05
CS(=O)(=O)OCCCCOS(C)(=O)=O,4.874316e-05
CCCCNC(=O)[C@@H]1Cc2ccccc2N1C(=O)[C@@H](N)CC,0.00040554014
CCCCN(CCCC)CCCOC(=O)c1ccc(N)cc1,0.0007489295
CC(C)(C)[C@]1(O)CCN2C[C@H]3c4ccccc4CCc4cccc(c43)[C@@H]2C1,4.7633974e-05
C=CCC1(CC(C)C)C(=O)NC(=O)NC1=O,0.00047795364
CCCCOC(=O)c1ccc(N)cc1,0.0027408819
CCCC1([C@H](O)C/C=C/[C@H]2[C@H](O)CC(=O)[C@@H]2CCCCCCC(=O)OC)CCC1,0.00015623706
O=C(/C=C/c1ccc(O)c(O)c1)c1ccc(O)cc1O,0.0046916693
CN(Cc1ccc(C(C)(C)C)cc1)Cc1cccc2ccccc12,0.0610852
CCCCS(=N)(=O)CC[C@H](N)C(=O)O,0.00086979824
CC[C@@H](C(=O)O)c1ccc(CC(C)C)cc1,0.0028188599
Clc1ccc(CC[C@@H](Cn2ccnc2)Sc2c(Cl)cccc2Cl)cc1,0.030552166
CCCC(=O)c1cc(F)ccc1OC[C@@H](O)CNC(C)(C)C,0.0015544277
CCCCOC(=O)c1ccc(O)cc1,0.0024287573
COc1ccc(O)c(C(C)(C)C)c1,0.0027398276
Cc1cc(C(C)(C)C)c(O)c(C(C)(C)C)c1,0.0007551555
CCC/C=C1\OC(=O)c2ccccc21,0.0040907166
CCCC[C@H]1OC(=O)c2ccccc21,0.0034166945
c1ccc2cc(C3=NCCN3)ncc2c1,0.0013882959
CC(C)Nc1cc(-c2c[nH]c(C(=O)N[C@H](CO)c3cccc(Cl)c3)c2)c(Cl)cn1,0.00448114
Cc1c(Cl)cccc1S(=O)(=O)Nc1nc(CC(=O)N2CCN(C)CC2)cs1,1.3365324e-05
CC1(C)C(=O)NC2=C1C(=O)C(=O)c1ccccc12,0.0007036887
CC(=O)N(O)C/C=C/c1cccc(Oc2ccccc2)c1,0.00567473
C[C@@H](/C=C/c1cccc(Oc2ccc(F)cc2)c1)N(O)C(N)=O,0.014492556
CC(C)C[C@@H](NC(=O)[C@H](Cc1ccccc1)NC(=O)CNC(=O)[C@@H](C)NC(=O)[C@@H](N)Cc1ccc(O)cc1)C(=O)O,0.00087803067
C/C(=N\NC(=S)NNC(=S)Nc1ccccc1Cl)c1ccccn1,0.25253528
C=CCN1C[C@H](C)N([C@H](c2ccc(C(=O)N(CC)CC)cc2)c2cccc(O)c2)C[C@H]1C,0.00014366067
CNC(=O)c1ccc2c(c1)S(=O)(=O)c1ccccc1C2=O,0.00037520262
C[C@@H](N)Cc1c[nH]c2ccc(OCc3cccs3)cc12,0.0071793217
O=C(NCCCNc1nc(Nc2cccc(NC(=O)N3CCCC3)c2)ncc1I)c1cccs1,0.0005994359
O=C(Nc1cccc(Nc2ncc(Br)c(NCCc3cnc[nH]3)n2)c1)N1CCCC1,0.0029601704
Cn1cccc1/C=C1\C(=O)NC(=O)c2ccccc21,0.012723259
COc1cc2nc(N3CCC(N4CCCCC4)CC3)nc(NC3CCCCCC3)c2cc1OC,1.3453548e-05
O=S(=O)(c1cccc2cnccc12)N1CCNCC1,4.5237965e-05
CCOC(=O)c1cnc[nH]1,0.0014197897
Nc1ccc(-c2cccc(C(=O)Nc3cnc4nc(N5CCOCC5)oc4c3)n2)cn1,0.0031641722
C[S+](C)CC[C@H](N)C(=O)O,0.00059648656
OC[C@H]1O[C@H](O[C@H]2O[C@H](CO)[C@@H](O)[C@H](O)[C@H]2O)[C@H](O)[C@@H](O)[C@@H]1O,9.143615e-06
CO[C@H]1C(=O)[C@]2(C)[C@@H](OC)C[C@H]3OC[C@@]3(OC(C)=O)[C@H]2[C@H](OC(=O)c2ccccc2)[C@]2(O)C[C@H](OC(=O)[C@H](O)[C@@H](NC(=O)OC(C)(C)C)c3ccccc3)C(C)=C1C2(C)C,5.542332e-07
C=CCN1C[C@H](C(=O)N(CCCN(C)C)C(=O)NCC)C[C@@H]2c3cccc4[nH]cc(c34)C[C@H]21,1.165145e-05
C[C@H]1CO[C@@H]2Cn3cc(C(=O)NCc4ccc(F)cc4F)c(=O)c(O)c3C(=O)N12,0.9081703
COc1cc2nccc(Oc3ccc(NC(=O)C4(C(=O)Nc5ccc(F)cc5)CC4)cc3)c2cc1OC,0.00564471
CC(C)(C)[C@H]1CCc2c(sc(NC(=O)c3ccco3)c2C(=O)O)C1,0.22098322
O=C(O)c1cn(C2CC2)c2cc(N3CCC(O)(COc4ccc(N5C[C@H](CO)OC5=O)cc4F)CC3)c(F)cc2c1=O,0.9406891
CCOC(=O)NNc1ccc(N(CC)C[C@@H](C)O)nn1,0.00089439313
C[C@@]12CCc3occc3[C@H]1CC[C@@]13C[C@@H](CC[C@H]12)[C@@](O)(CO)C3,2.2611284e-06
O=C(O)/C=C/c1ccc(O)c(O)c1,0.0036375436
O=C(/C=C/c1ccc(O)c(O)c1)OCCc1ccccc1,0.0029501896
Cn1c(=O)c2c(ncn2C)n(C)c1=O,0.000721919
C=C1CC[C@H](O)C/C1=C/C=C1\CCC[C@]2(C)[C@@H]([C@H](C)CCCC(C)(C)O)CC[C@@H]12,0.00019757083
C=C1/C(=C\C=C2/CCC[C@]3(C)[C@@H]([C@H](C)/C=C/[C@@H](O)C4CC4)CC[C@@H]23)C[C@@H](O)C[C@@H]1O,1.8237435e-05
CC(C)C[C@H](NC(=O)[C@H](CCCCN)NC(=O)CNC(=O)[C@H](CC(C)C)NC(=O)[C@@H](NC(=O)[C@@H]1CSSC[C@H](N)C(=O)N[C@@H](CO)C(=O)N[C@@H](CC(N)=O)C(=O)N[C@@H](CC(C)C)C(=O)N[C@@H](CO)C(=O)N[C@@H]([C@@H](C)O)C(=O)N1)C(C)C)C(=O)N[C@@H](CO)C(=O)N[C@@H](CCC(N)=O)C(=O)N[C@@H](CCC(=O)O)C(=O)N[C@@H](CC(C)C)C(=O)N[C@@H](Cc1c[nH]cn1)C(=O)N[C@@H](CCCCN)C(=O)N[C@@H](CC(C)C)C(=O)N[C@@H](CCC(N)=O)C(=O)N[C@H](C(=O)N[C@@H](Cc1ccc(O)cc1)C(=O)N1CCC[C@H]1C(=O)N[C@@H](CCCNC(=N)N)C(=O)N[C@H](C(=O)N[C@@H](CC(=O)O)C(=O)N[C@H](C(=O)NCC(=O)N[C@@H](C)C(=O)NCC(=O)N[C@H](C(=O)N1CCC[C@H]1C(N)=O)[C@@H](C)O)C(C)C)[C@@H](C)O)[C@@H](C)O,0.03585941
C=C1/C(=C\C=C2/CCC[C@]3(C)[C@@H]([C@H](C)CCCC(C)(C)O)CC[C@@H]23)C[C@@H](O)C[C@@H]1O,0.00023686099
O=C(O)[C@H](O)[C@H](O)[C@@H](O)[C@H](O)[C@H](O)CO,0.00011070171
Nc1nc(=O)c2c([nH]1)NC[C@H](CNc1ccc(C(=O)N[C@@H](CCC(=O)O)C(=O)O)cc1)N2C=O,0.0012104276
C[C@@H](N[C@H]1CCCC[C@@H]1NC(=O)c1ccc(Cl)cc1)c1cccc2ccccc12,0.003725347
CCCC[C@@H](C=O)NC(=O)[C@H](CC(C)C)NC(=O)OCc1ccccc1,0.0009830114
C[C@H]1CN(Cc2ccc(CC(=O)N3CCC(Nc4cccc(F)c4)CC3)cc2)CCN1,0.0001278234
Cc1c(Cl)cccc1S(=O)(=O)Nc1nc(NCCc2ccccc2)nc2c1CN(Cc1ccccc1)CC2,0.0001417521
CC(C)(Sc1cc(C(C)(C)C)c(O)c(C(C)(C)C)c1)Sc1cc(C(C)(C)C)c(OCC(=O)O)c(C(C)(C)C)c1,4.3364627e-05
CN(C)C(=O)COC(=O)Cc1ccc(OC(=O)c2ccc(NC(=N)N)cc2)cc1,0.0008131085
CC1(C)[C@@H]2CC[C@@]1(C)C(=O)C2,0.0024398528
CC1(C)[C@@H]2CC[C@]1(C)C(=O)C2,0.0031484596
CC[C@@]1(O)C(=O)OCc2c1cc1n(c2=O)Cc2cc3ccccc3nc2-1,0.00025978513
CCN(CC)CCN[C@@H](C(=O)OCCC(C)C)c1ccccc1,0.0004327453
Cc1ccc([C@@H]2O[C@H](CO)[C@@H](O)[C@H](O)[C@H]2O)cc1Cc1ccc(-c2ccc(F)cc2)s1,0.0013685699
CCOc1nc2cccc(C(=O)O)c2n1Cc1ccc(-c2ccccc2-c2nn[nH]n2)cc1,0.0047901636
CCOc1nc2cccc(C(=O)O[C@@H](C)OC(=O)OC3CCCCC3)c2n1Cc1ccc(-c2ccccc2-c2nn[nH]n2)cc1,0.0022515794
C[C@H](C[C@H](C)[C@@H](O)CC(=O)c1ccc(N)cc1)[C@H]1OC(=O)CC(=O)CCCC(=O)C[C@@H](O)C[C@@H](O)C[C@@H](O)CC(=O)C[C@@H](O)[C@H](C(=O)O)[C@@H](O)C[C@@H](O[C@@H]2O[C@H](C)[C@H](O)[C@@H](O)[C@@H]2N)/C=C/C=C/C=C/C=C/C=C/C=C/C=C/[C@@H]1C,8.214085e-06
C=CC(=O)Nc1cc2c(Nc3ccc(F)c(Cl)c3)ncnc2cc1OCCCN1CCOCC1,0.022106778
CSCCNc1nc(SCCC(F)(F)F)nc2c1ncn2[C@@H]1O[C@H](COP(=O)(O)OP(=O)(O)C(Cl)(Cl)P(=O)(O)O)[C@@H](O)[C@H]1O,8.092186e-18
C[C@]12CCC(=O)C=C1C=C[C@@H]1[C@@H]2CC[C@@]2(C)[C@H]1CC[C@@]21CCC(=O)O1,9.703349e-06
C[C@@]12C(=O)OC(=O)[C@]1(C)[C@H]1CC[C@@H]2O1,0.0006145601
N#Cc1c(N)nc(SCc2csc(-c3ccc(Cl)cc3)n2)c(C#N)c1-c1ccc(OCCO)cc1,0.001147725
CCCCCOC(=O)Nc1nc(=O)n([C@@H]2O[C@H](C)[C@@H](O)[C@H]2O)cc1F,0.057329692
COc1cc(C(=O)NCCCCCC(=O)O)cc(OC)c1OC,0.0024108824
C[C@@H]1NC(=O)[C@@H](N)CNC(=O)[C@H]([C@H]2CCN=C(N)N2)NC(=O)/C(=C\NC(N)=O)NC(=O)[C@H](CNC(=O)C[C@@H](N)CCCN)NC1=O,8.407891e-05
CN1N=C2CCN(C(=O)[C@@H](COCc3ccccc3)NC(=O)C(C)(C)N)C[C@@]2(Cc2ccccc2)C1=O,1.883557e-05
CCCCCCCC(=O)O,0.0044401195
COc1cc(CNC(=O)CCCC/C=C/C(C)C)ccc1O,0.0097117005
Oc1cc2c(cc1O)CN(C(=S)NCCc1ccc(Cl)cc1)CCC2,0.001063053
CN(C)CCS,0.0024164866
O=C1[C@H]2CC=CC[C@@H]2C(=O)N1SC(Cl)(Cl)Cl,0.56604874
C[C@H](CS)C(=O)N1CCC[C@H]1C(=O)O,0.00052290095
CNC(=O)ON(C(C)=O)C(=O)NC,0.011265798
CCN(CC)CCOC(=O)C1(c2ccccc2)CCCC1,7.762726e-05
CC(C)NC[C@@H](O)COc1cccc2[nH]c3ccccc3c12,0.002090609
C[N+](C)(C)CCOC(N)=O,0.00079715066
COC(=O)N/N=C/c1c[n+]([O-])c2ccccc2[n+]1[O-],0.88295263
NC(=O)N1c2ccccc2C=Cc2ccccc21,0.0051720645
CNC(=O)Oc1cccc2ccccc12,0.0031568424
NC(=O)Nc1ccc([As](=O)(O)O)cc1,0.0006331942
CN1C2=CC(=O)/C(=N\NC(N)=O)C=C2C[C@H]1S(=O)(=O)O,2.573795e-05
COC(=O)Nc1nc2ccccc2[nH]1,0.004211243
CC1(C)S[C@@H]2[C@H](NC(=O)[C@@H](C(=O)O)c3ccccc3)C(=O)N2[C@H]1C(=O)O,0.7959186
CC1(C)[C@@H](OC(=O)CCC(=O)O)CC[C@]2(C)[C@H]3C(=O)C=C4[C@@H]5C[C@@](C)(C(=O)O)CC[C@]5(C)CC[C@@]4(C)[C@]3(C)CC[C@@H]12,5.7870933e-05
CCN(CC)CCOCCOC(=O)C1(c2ccccc2)CCCC1,0.000116041214
CC[C@H](C)[C@@H]1NC(=O)[C@H](Cc2ccc(OC)cc2)NC(=O)CCCSC[C@@H](C(=O)N2CCC[C@H]2C(=O)N[C@@H](CC(C)C)C(=O)NCC(N)=O)NC(=O)[C@H](CC(N)=O)NC(=O)[C@H](CCC(N)=O)NC1=O,0.00010243017
C[C@@](Cc1ccc(O)c(O)c1)(NN)C(=O)O,0.00095513836
CCOC(=O)n1ccn(C)c1=S,0.0007099403
CN(C)CCO[C@@H](c1ccc(Cl)cc1)c1ccccn1,0.0059995395
[NH2][Pt]1([NH2])[O]C(=O)C2(CCC2)C(=O)[O]1,1.46993125e-05
NC(=O)c1nnn(Cc2cc(Cl)c(C(=O)c3ccc(Cl)cc3)c(Cl)c2)c1N,0.2511666
CCCCc1nc(Cl)c(C(=O)O)n1Cc1ccc(-c2ccccc2-c2nn[nH]n2)cc1,0.23383881
O=C(O)c1ccc(SSc2ccc(C(=O)O)cn2)nc1,0.0023550617
COc1ccc(Nc2nccc(NCCO)n2)cc1,0.0044711297
c1coc(-c2nnc3sc(C4CCCCC4)nn23)c1,0.0005665978
CC(C)(C(=O)O)c1ccc(C(=O)CCCN2CCC(OC(c3ccccc3)c3ccccc3)CC2)cc1,0.00013790872
CC(C)C[C@H](NC(=O)[C@H](CCc1ccccc1)NC(=O)CN1CCOCC1)C(=O)N[C@@H](Cc1ccccc1)C(=O)N[C@@H](CC(C)C)C(=O)[C@@]1(C)CO1,3.3382687e-05
NC(=O)N[C@@H](CCC(=O)O)C(=O)O,0.0003857009
NC(=O)CN1C=CCC(C(N)=O)=C1,0.00065610075
CC(C)c1ccc(C(=O)N=C(N)N)cc1S(C)(=O)=O,0.00019761002
CN(C)C(=O)N[C@H]1CC[C@H](CCN2CCN(c3cccc(Cl)c3Cl)CC2)CC1,0.00028571565
CCCCCCNC(=O)n1cc(F)c(=O)[nH]c1=O,0.91206783
COc1ccc(C[C@@H](C)NC[C@H](O)c2ccc(O)c3[nH]c(=O)ccc23)cc1,0.01118287
O=C(O)c1ccc2[nH]cc(CCCCN3CC=C(c4ccccc4)CC3)c2c1,0.0004776532
O=C(NCCCl)N(CCCl)[NH2+][O-],0.00031588468
C[N+](C)(C)C[C@@H](O)CC(=O)O,0.0009639009
NCCC(=O)N[C@@H](Cc1cnc[nH]1)C(=O)O,0.0011534606
CCN(CC)CCn1c(=O)c(Cc2ccc(OC)cc2)nc2ccccc21,0.0021710508
NC(=O)CN1Cc2ccccc2OC1=O,0.0010875035
C[C@@H](C(=O)O)c1ccc2c(c1)[nH]c1ccc(Cl)cc12,0.0070645083
O=c1[nH]c(=O)c2ccccc2o1,0.0092801275
CC(C)(C)NCC(O)COc1cccc2c1CCC(=O)N2,0.00033465677
NC(=O)OC[C@@H]1[C@H](NC(=O)/C(=N\OCC(=O)O)c2csc(N)n2)C(=O)N1S(=O)(=O)O,4.3494383e-05
COc1ccccc1OCCNC[C@@H](O)COc1cccc2[nH]c3ccccc3c12,0.0049536047
NS(=O)(=O)c1ccc(C(=O)O)cc1,0.0009981813
OCc1cc(O)c2c(O)c3c(O)cccc3c(O[C@@H]3O[C@H](CO)[C@H](O)[C@@H](O)[C@H]3O)c2c1,0.00030562445
OCCN[C@H]1CCCc2c1[nH]c1ccc(-c3ccccc3)cc21,0.00080501975
CC[C@H](C)C[C@H](C)CCCCCCCCC(=O)N[C@H]1C[C@@H](O)[C@@H](NCCN)NC(=O)[C@@H]2[C@@H](O)CCN2C(=O)[C@H]([C@H](O)CCN)NC(=O)[C@H]([C@H](O)[C@@H](O)c2ccc(O)cc2)NC(=O)[C@@H]2C[C@@H](O)CN2C(=O)[C@H]([C@@H](C)O)NC1=O,0.32808825
O[C@H]1[C@H](O)[C@@H](O)CN2CC[C@H](O)[C@H]12,7.3929805e-05
CCC1=C[C@@H]2CN3CCc4c([nH]c5ccccc45)[C@@](C(=O)OC)(C2)[C@@H]13,1.0678052e-05
Cn1nc(C(C)(C)C)cc1C(=O)N[C@@H](Cc1cccc(Cl)c1)C(=O)NCC#N,0.00017149124
O=C1NC(=O)/C(=C\c2ccc(-c3ccc(F)cc3)o2)S1,0.014905684
CCC(=O)O[C@]1(C(=O)CO)CC[C@H]2[C@@H]3CCC4=CC(=O)CC[C@]4(C)[C@H]3CC[C@@]21C,1.592455e-06
CN(C)/N=N/c1ccc(C(=O)O)cc1,0.0063810972
Cc1cc2c(C(N)=O)cccc2n1-c1nc2c(c(NCc3ccccc3)n1)COCC2,0.0033513964
O=C(Cc1cccc(OC(F)(F)F)c1)Nc1ccc(CCCCc2nnc(NC(=O)Cc3ccccn3)s2)nn1,2.2823904e-05
CCS(=O)(=O)N(Cc1cccnc1)c1cccc(-c2ccc(C#N)cc2)c1,0.00070757116
CC(=O)c1ccc2c(c1)c1cc(C(C)=O)ccc1n2CCNC(C)C,0.002198665
NC(=NNc1ccccc1)c1ccccc1,0.005959797
CCN1C(=O)CN=C2NC=C(c3ccc(-c4nnc[nH]4)nc3C)N=C21,0.00068345154
CO[C@H]1CC[C@H](N2C(=O)CNc3ncc(-c4ccc(C(C)(C)O)nc4)nc32)CC1,0.0011220009
c1cc(OCCN2CCCCC2)cc(-c2n[nH]c3ccc(-c4nnc[nH]4)cc23)c1,0.0004841113
C=CC(=O)Nc1cc(C)ccc1Nc1nc(Nc2cc(OC)ncc2C)ncc1C(F)(F)F,3.1912532e-07
O[C@H]1CC[C@H](Nc2ncc3nc(Nc4c(F)cc(F)cc4F)n([C@H]4CCOC4)c3n2)CC1,0.9627863
C[C@@H](ONC(=O)c1cc(C(F)(F)F)cc(C(F)(F)F)c1)C(=O)Nc1ccc(Cl)cc1,3.5256262e-10
Cc1ccc(-n2sc(=O)n(Cc3ccc(F)cc3)c2=O)cc1,0.0096698925
Cc1cccc(Oc2nc3c(C)cccn3c(=O)c2/C=C(\C#N)c2nc3ccccc3s2)c1,0.003100039
Cc1cccn2c(=O)c(/C=C(\C#N)c3nc4ccccc4s3)c(Oc3ccc(F)cc3)nc12,0.0066117398
Cc1cc(C(=CNc2ccc(Cl)cc2)C(=O)Nc2ccc(Cl)cc2)on1,0.0670464
O=C(O)Cc1cc2ccccc2nc1C(=O)O,0.006864067
O=C(CN1C2=NCCN2c2ccccc21)c1ccc(-c2ccccc2)cc1,0.0007694385
CCc1cc(-c2n[nH]c(C)c2-c2ccc3c(c2)OCCO3)c(O)cc1O,0.002934525
NC1(Cc2ccc(Cl)cc2)CCN(c2ncnc3[nH]ccc23)CC1,0.0007390991
CN(C)c1ccc(-c2nc3ncc(Cl)c(N4CCN(CC(=O)Nc5nccs5)CC4)c3[nH]2)cc1,0.00730078
Cc1cc(CN2CCN(c3c(Br)cnc4nc(-c5ccc(N6CCN(C)CC6)cc5)[nH]c34)CC2)no1,0.000748054
CC(C)(C)c1cc(NC(=O)Nc2ccc(Oc3ccnc4nc(O)cnc34)cc2F)n(-c2ccccc2)n1,0.1157044
N#Cc1cnc(Nc2cc(NC[C@H]3CNCCO3)c(C(F)(F)F)cn2)cn1,1.1794293e-07
O=c1cccc2n1C[C@H]1C[C@@H]2CN(CCN2C[C@@H]3C[C@H](C2)c2cccc(=O)n2C3)C1,2.3778077e-05
O=C(O)c1ccc(-c2ccc3cc(O)c(C45CC6CC(CC(C6)C4)C5)cc3c2)cc1,7.463626e-05
O=C(O)c1ccc2cc(-c3ccc(O)c(C45CC6CC(CC(C6)C4)C5)c3)ccc2c1,6.995123e-05
OC[C@H]1O[C@H]2O[C@@H]3[C@@H](O)[C@H](O)[C@H](O[C@@H]4[C@@H](O)[C@H](O)[C@H](O[C@@H]5[C@@H](O)[C@H](O)[C@H](O[C@@H]6[C@@H](O)[C@H](O)[C@H](O[C@@H]7[C@@H](O)[C@H](O)[C@H](O[C@@H]8[C@@H](O)[C@H](O)[C@H](O[C@@H]1[C@@H](O)[C@@H]2O)O[C@@H]8CO)O[C@@H]7CO)O[C@@H]6CO)O[C@@H]5CO)O[C@@H]4CO)O[C@@H]3CO,6.164974e-11
Nc1[nH]nc2nc3ccccc3nc12,0.0021346381
COC[C@H](C)N[C@H]1CC[C@H](Nc2cc(-c3cccc(NCC4(C#N)CCOCC4)n3)c(Cl)cn2)CC1,0.0005768319
N#Cc1cccc(C(=O)Nc2cc(-c3ccccc3)nn2-c2ccccc2)c1,0.010093788
CN(C)[C@]1(c2ccccc2)CC[C@]2(CC1)OCCc1c3cc(F)ccc3[nH]c12,0.00051705283
COc1cc2c(Oc3ccc4[nH]c(C)cc4c3F)ncnc2cc1OCCCN1CCCC1,0.00056781474
C[C@H]1CC[C@H]2C(C)(C)[C@H]3C[C@@]12CC[C@@]3(C)O,0.0002966857
C[C@@H]1CC[C@H]2C(C)(C)[C@H]3C[C@@]12CC[C@@]3(C)O,0.0003490587
N[C@@H](C(=O)N[C@@H]1C(=O)N2C(C(=O)O)=C(Cl)CS[C@H]12)c1ccccc1,0.96988183
CC1=C(C(=O)O)N2C(=O)[C@@H](NC(=O)[C@H](N)c3ccc(O)cc3)[C@H]2SC1,0.050091483
NC(=O)c1cc[n+](CC2=C(C(=O)O)N3C(=O)[C@@H](NC(=O)Cc4cccs4)[C@H]3SC2)cc1,0.95920724
Cn1nnnc1SCC1=C(C(=O)O)N2C(=O)[C@@H](NC(=O)[C@H](O)c3ccccc3)[C@H]2SC1,0.9033168
Cn1nnnc1SCC1=C(C(=O)O)N2C(=O)[C@@H](NC(=O)[C@H](OC=O)c3ccccc3)[C@H]2SC1,0.9007194
CC(=O)OCC1=C(C(=O)O)N2C(=O)[C@@H](NC(=O)CS/C(=N/C(C)C)NC(C)C)[C@H]2SC1,0.60381967
Cc1nnc(SCC2=C(C(=O)O)N3C(=O)[C@@H](NC(=O)Cn4cnnn4)[C@H]3SC2)s1,0.78354776
CC/C=C(\C(=O)N[C@@H]1C(=O)N2C(C(=O)OCOC(=O)C(C)(C)C)=C(COC(N)=O)CS[C@H]12)c1csc(N)n1,0.0004403258
C=CC1=C(C(=O)O)N2C(=O)[C@@H](NC(=O)/C(=N\O)c3csc(N)n3)[C@H]2SC1,0.96646833
CO/N=C(\C(=O)N[C@@H]1C(=O)N2C(C(=O)OCOC(=O)C(C)(C)C)=C(/C=C\c3scnc3C)CS[C@H]12)c1csc(N)n1,0.07286459
CO/N=C(/C(=O)N[C@@H]1C(=O)N2C(C(=O)O)=C(C[N+]3(C)CCCC3)CS[C@H]12)c1csc(N)n1,0.9313615
CO/N=C(\C(=O)N[C@@H]1C(=O)N2C(C(=O)O)=C(C)CS[C@H]12)c1csc(N)n1,0.9052552
CO/N=C(\C(=O)N[C@@H]1C(=O)N2C(C(=O)OCOC(=O)C(C)(C)C)=C(C)CS[C@H]12)c1csc(N)n1,0.0036700757
CC(C)(O/N=C(\C(=O)N[C@@H]1C(=O)N2C(C(=O)O)=C(C[N+]3(CCNC(=O)c4ccc(O)c(O)c4Cl)CCCC3)CS[C@H]12)c1csc(N)n1)C(=O)O,0.49889186
C=CC1=C(C(=O)O)N2C(=O)[C@@H](NC(=O)/C(=N\OCC(=O)O)c3csc(N)n3)[C@H]2SC1,0.93807656
CO/N=C(\C(=O)N[C@@H]1C(=O)N2C(C(=O)O)=C(CSc3nnnn3C)CS[C@H]12)c1csc(N)n1,0.9845405
CO[C@@]1(NC(=O)CSCC#N)C(=O)N2C(C(=O)O)=C(CSc3nnnn3C)CS[C@@H]21,0.3400306
CO[C@@]1(NC(=O)CSC[C@@H](N)C(=O)O)C(=O)N2C(C(=O)O)=C(CSc3nnnn3C)CS[C@@H]21,0.2408131
CO/N=C(\C(=O)N[C@@H]1C(=O)N2C(C(=O)O)=C(CSc3nc(C)c(CC(=O)O)s3)CS[C@H]12)c1csc(N)n1,0.98648524
O=C(O)C1=C(CSc2nnnn2CS(=O)(=O)O)CS[C@@H]2[C@H](NC(=O)[C@H](O)c3ccccc3)C(=O)N12,0.14720537
CCN1CCN(C(=O)N[C@@H](C(=O)N[C@@H]2C(=O)N3C(C(=O)O)=C(CSc4nnnn4C)CS[C@H]23)c2ccc(O)cc2)C(=O)C1=O,0.98668426
NCc1ccccc1CC(=O)N[C@@H]1C(=O)N2C(C(=O)O)=C(CSc3nnnn3CC(=O)O)CS[C@H]12,0.8288442
CO/N=C(\C(=O)N[C@@H]1C(=O)N2C(C(=O)O)=C(Cn3ccc(=N)n3CCO)CS[C@H]12)c1csc(N)n1,0.985857
CO/N=C(\C(=O)N[C@@H]1C(=O)N2C(C(=O)O)=C(COC(C)=O)CS[C@H]12)c1csc(N)n1,0.9749084
CO[C@@]1(NC(=O)C2SC(=C(C(N)=O)C(=O)O)S2)C(=O)N2C(C(=O)O)=C(CSc3nnnn3C)CS[C@@H]21,0.99774134
CN(C)CCn1nnnc1SCC1=C(C(=O)O)N2C(=O)[C@@H](NC(=O)Cc3csc(N)n3)[C@H]2SC1,0.670865
C[C@@H](OC(=O)OC1CCCCC1)OC(=O)C1=C(CSc2nnnn2CCN(C)C)CS[C@H]2[C@@H](NC(=O)Cc3csc(N)n3)C(=O)N12,0.53855276
CO[C@@]1(NC(=O)Cc2cccs2)C(=O)N2C(C(=O)O)=C(COC(N)=O)CS[C@@H]21,0.44906747
CO/N=C(\C(=O)N[C@@H]1C(=O)N2C(C(=O)O)=C(C[n+]3ccn4ncccc43)CS[C@H]12)c1nsc(N)n1,0.9818163
Cc1cc(=O)c(C(=O)N[C@@H](C(=O)N[C@@H]2C(=O)N3C(C(=O)O)=C(CSc4nnnn4C)CS[C@H]23)c2ccc(O)cc2)c[nH]1,0.9593863
CO/N=C(/C(=O)N[C@@H]1C(=O)N2C(C(=O)O)=C(C[n+]3cccc4c3CCC4)CS[C@H]12)c1csc(N)n1,0.97926784
COCC1=C(C(=O)O[C@@H](C)OC(=O)OC(C)C)N2C(=O)[C@@H](NC(=O)/C(=N\OC)c3csc(N)n3)[C@H]2SC1,0.9713099
C/C=C/C1=C(C(=O)O)N2C(=O)[C@@H](NC(=O)[C@H](N)c3ccc(O)cc3)[C@H]2SC1,0.22309369
CC1=C(C(=O)O)N2C(=O)[C@@H](NC(=O)[C@H](N)C3=CCC=CC3)[C@H]2SC1,0.008810971
NC(=O)c1cc[n+](CC2=C(C(=O)O)N3C(=O)[C@@H](NC(=O)[C@@H](c4ccccc4)S(=O)(=O)O)[C@H]3SC2)cc1,0.7937029
CCO/N=C(/C(=O)N[C@@H]1C(=O)N2C(C(=O)O)=C(Sc3nc(-c4cc[n+](C)cc4)cs3)CS[C@H]12)c1nc(=NP(=O)(O)O)s[nH]1,0.76707345
CC(C)(O/N=C(\C(=O)N[C@@H]1C(=O)N2C(C(=O)O)=C(C[n+]3ccccc3)CS[C@H]12)c1csc(N)n1)C(=O)O,0.9873934
Nc1nc(/C(=C/CC(=O)O)C(=O)N[C@@H]2C(=O)N3C(C(=O)O)=CCS[C@H]23)cs1,0.40835682
CO/N=C(\C(=O)N[C@@H]1C(=O)N2C(C(=O)O)=C(CSC(=O)c3ccco3)CS[C@H]12)c1csc(N)n1,0.98409915
CO/N=C(\C(=O)N[C@@H]1C(=O)N2C(C(=O)O)=CCS[C@H]12)c1csc(N)n1,0.9557849
Nc1nc(/C(=N/O)C(=O)N[C@@H]2C(=O)N3C(C(=O)O)=C(/C=C4\CCN([C@@H]5CCNC5)C4=O)CS[C@H]23)ns1,0.5031967
CO/N=C(\C(=O)N[C@@H]1C(=O)N2C(C(=O)O)=C(CSc3nc(=O)c(O)nn3C)CS[C@H]12)c1csc(N)n1,0.9865241
CO/N=C(\C(=O)N[C@@H]1C(=O)N2C(C(=O)O)=C(COC(N)=O)CS[C@H]12)c1ccco1,0.94828665
CO/N=C(\C(=O)N[C@@H]1C(=O)N2C(C(=O)O[C@@H](C)OC(C)=O)=C(COC(N)=O)CS[C@H]12)c1ccco1,0.9676407
Cc1ccc(-c2cc(C(F)(F)F)nn2-c2ccc(S(N)(=O)=O)cc2)cc1,4.644959e-07
CCCC(=O)O[C@H]1CN2CC[C@H](O)[C@@H]2[C@@H](O)[C@@H]1O,3.4545355e-05
CCN(CC)C(=O)Nc1ccc(OC[C@@H](O)CNC(C)(C)C)c(C(C)=O)c1,0.00014017904
CCc1cc(-c2noc(-c3cc(OC)nc(C4CCCC4)c3)n2)cc(C)c1OC[C@@H](O)CO,0.0007912352
CCCCOCCOc1ccc(-c2ccc3c(c2)/C=C(/C(=O)Nc2ccc([S@@](=O)Cc4cncn4CCC)cc2)CCCN3CC(C)C)cc1,0.017890649
NC(=O)O[C@@H](Cn1ncnn1)c1ccccc1Cl,0.0011215289
c1ccc2cc([C@]34CNC[C@H]3C4)ccc2c1,0.00029477043
Nn1cnc2cc3ccccc3cc2c1=O,0.0036953134
Cc1cccc(N2CCN(CCc3ccc4ccccc4n3)CC2)c1,0.00036928165
CCC(=O)c1ccc(OC[C@@H](O)CN2CCN(c3ccccc3)CC2)cc1,0.0001835331
COc1cc2ncnc(Oc3cccc(NC(=O)Nc4cc(C(C)(C)C(F)(F)F)on4)c3)c2cc1OC,8.118849e-08
CN1CCN(c2cccc(Nc3nc4c(-c5ccc(S(C)(=O)=O)cc5)cccn4n3)c2)CC1,0.0015285726
CNC(=O)c1ccccc1Nc1nc(Nc2ccc3c(c2OC)CCC[C@H](N2CCN(CCO)CC2)C3)ncc1Cl,0.00010817471
COc1cc2nccc(Oc3ccc(NC(=O)c4cn(C(C)C)c(=O)n(-c5ccc(F)cc5)c4=O)cc3F)c2cc1OC,0.9292999
CC1=C(C(=O)O)N2C(=O)[C@@H](NC(=O)[C@H](N)c3ccccc3)[C@H]2SC1,0.09201619
C/C=C(\C)C(=O)N[C@@H](c1ccccc1)[C@@H](O)C(=O)O[C@H]1C[C@@]2(O)[C@@H](OC(=O)c3ccccc3)[C@@H]3[C@]4(OC(C)=O)CO[C@@H]4C[C@H](O)[C@@]3(C)C(=O)[C@H](OC(C)=O)C(=C1C)C2(C)C,3.064015e-07
CC(=O)OCC1=C2C(=O)[O][Zn][O]C(=O)[C@@H](N)CCCC(=O)N[C@@H]3C(=O)N2[C@@H]3SC1,0.0018258343
CC(=O)OCC1=C(C(=O)O)N2C(=O)[C@@H](NC(=O)Cc3cccs3)[C@H]2SC1,0.73109275
CC(=O)OCC1=C(C(=O)O)N2C(=O)[C@@H](NC(=O)CSc3ccncc3)[C@H]2SC1,0.8941861
COc1ccc2cc1Oc1ccc(cc1)C[C@H]1c3c(cc4c(c3Oc3cc5c(cc3OC)CCN(C)[C@@H]5C2)OCO4)CCN1C,0.00072200364
CC1=C(C(=O)O)N2C(=O)[C@@H](NC(=O)[C@H](N)C3=CCC=CC3)[C@@H]2SC1,0.011006478
CCCCCCCCCCCCC/C=C/[C@@H](O)[C@H](CO)NC(C)=O,0.041532114
Cc1cc(Nc2ncc(Cl)c(Nc3ccccc3S(=O)(=O)C(C)C)n2)c(OC(C)C)cc1C1CCNCC1,0.0010668224
C/C=C/C/C=C/CCC(=O)[C@H]1O[C@H]1C(N)=O,0.00042713113
CSCC[C@H](NC(=O)[C@H](Cc1c[nH]c2ccccc12)NC(=O)CNC(=O)[C@@H](NC(=O)[C@H](Cc1ccc(OS(=O)(=O)O)cc1)NC(=O)[C@H](CC(=O)O)NC(=O)[C@H](CCC(N)=O)NC(=O)[C@@H]1CCC(=O)N1)[C@@H](C)O)C(=O)N[C@@H](CC(=O)O)C(=O)N[C@@H](Cc1ccccc1)C(N)=O,0.0012492382
CCCCCCCCCCCCCCCCNc1ccc(C(=O)O)cc1,0.25150016
CCCCCCCCCCCCCCCCOc1nc2ccc(C)cc2c(=O)o1,0.58248246
O=C(O)COCCN1CCN([C@@H](c2ccccc2)c2ccc(Cl)cc2)CC1,0.00016920007
CCCCCCCCCCCCCCCC[N+](C)(C)C,0.39666194
CC(=O)N[C@H](Cc1ccc2ccccc2c1)C(=O)N[C@H](Cc1ccc(Cl)cc1)C(=O)N[C@H](Cc1cccnc1)C(=O)N[C@@H](CO)C(=O)N[C@@H](Cc1ccc(O)cc1)C(=O)N[C@H](CCCNC(N)=O)C(=O)N[C@@H](CC(C)C)C(=O)N[C@@H](CCCNC(=N)N)C(=O)N1CCC[C@H]1C(=O)N[C@H](C)C(N)=O,0.001354557
CCCCCCCCCCCCCCCC[n+]1ccccc1,0.42291522
C[C@H]1O[C@]2(CS1)CN1CCC2CC1,6.245555e-05
CNCCCOc1cc(F)c(-c2c(Cl)nc3ncnn3c2N[C@@H](C)C(F)(F)F)c(F)c1,3.2650853e-05
C[C@H]1CCc2c(cc(Br)c(F)c2Br)N1C=O,0.94530904
COc1ccc2c(c1)[C@]1(C[C@H]1c1ccc3c(/C=C/c4ccc(CN5C[C@@H](C)O[C@@H](C)C5)cc4)[nH]nc3c1)C(=O)N2,0.0008895098
Cc1cc(-c2cnn3c(NC[C@H]4C[C@@](C)(O)C4)cc(Oc4cccnc4)nc23)ccc1C(=O)NC1CC1,0.0018019249
COc1ccc(NC(=O)c2cc(OCCCN(C)C)nn2Cc2ccccc2)cc1,0.03792739
COc1cc2c(cc1OC)C(c1ccc(N)cc1)=NNC(=O)C2,0.0055263313
O=C(O)c1ccc(/C=C2/SC(=S)N(c3cccc(C(F)(F)F)c3)C2=O)cc1,7.946643e-07
CNC(=O)[C@H]1O[C@@H](n2cnc3c(NCc4cccc(I)c4)nc(Cl)nc32)[C@H](O)[C@@H]1O,0.00045451
Cc1c(N)cccc1Cn1ccc(OCCc2cccs2)cc1=O,0.013032273
Nc1nc(-c2ccc(Cl)c(Cl)c2)c(-c2ccncc2)s1,0.03517614
O=C(N[C@H](NC(=S)Nc1ccc(F)c([N+](=O)[O-])c1)C(Cl)(Cl)Cl)C(c1ccccc1)c1ccccc1,0.99937266
COc1cc2c(cc1OC(C)C)[C@H](c1ccc(Cl)cc1)N(c1ccc(N(C)C[C@H]3CC[C@H](N4CCN(C)C(=O)C4)CC3)cc1)C(=O)C2,0.0005517606
CC(C)(C)NC[C@@H](O)COc1cccc2[nH]c(=O)[nH]c12,0.0009634785
CC(C)(C=O)Cc1cc(C(C)(C)C)c(O)c(C(C)(C)C)c1,0.000933212
Cn1cc(C(F)(F)F)nc1-c1ccc(OC[C@H](O)CNCCOc2ccc(O)c(C(N)=O)c2)cc1,4.692448e-07
CCN(CC)CCNC(=O)c1cc(C#N)c(Cl)cc1OC,0.000120104414
O=C1CS[C@@H](c2ccccc2Cl)c2cc(Cl)ccc2N1,0.0039303675
C/C(=C\[C@@H](N)C(=O)O)CP(=O)(O)O,5.5046683e-05
CCOC(=O)[C@H](N)/C=C(\C)CP(=O)(O)O,3.073981e-05
O=C1NC(=O)c2cc(Nc3ccccc3)c(Nc3ccccc3)cc21,0.10712862
O=C1NC(=O)c2cc(Nc3ccc(F)cc3)c(Nc3ccc(F)cc3)cc21,0.8647434
C[C@H](NC[C@H](O)CP(=O)(O)CC1CCCCC1)c1ccc(Cl)c(Cl)c1,0.0015689125
C[C@H](NC[C@H](O)CP(=O)(O)Cc1ccccc1)c1ccc(Cl)c(Cl)c1,0.019378176
Nc1ncnc2n[nH]c(Nc3ccc(F)cc3)c12,0.008562899
OCCCNc1cc(-c2ccnc(Nc3cccc(Cl)c3)n2)ccn1,0.009266657
Nc1nc(NC[C@H]2CC[C@H](CNS(=O)(=O)c3cccc4ccccc34)CC2)nc2ccccc12,0.00027946234
CCn1cnc2c(Nc3cccc(Cl)c3)nc(N[C@@H]3CCCC[C@@H]3N)nc21,0.0023233513
C[C@@H](NCc1cc(Br)cc2[nH]c(=O)c(=O)[nH]c12)P(=O)(O)O,0.00091500854
CC(C)(CO)Cc1cc(C(C)(C)C)c(O)c(C(C)(C)C)c1,0.002270123
Nc1nc2ccc(Cl)cc2c2nc(-c3ccco3)nn12,0.006163843
COc1ccc(-n2[nH]c3c4c(ncc3c2=O)CCCCC4)cc1,0.006479945
CCNC(=O)[C@H]1O[C@@H](n2cnc3c(N)nc(NCCc4ccc(CCC(=O)O)cc4)nc32)[C@H](O)[C@@H]1O,9.0981375e-05
O=c1c2cnc3ccccc3c2[nH]n1-c1ccc(Cl)cc1,0.021215335
Cc1nc(Cn2cnc3c2c(=O)n(C)c(=O)n3C)no1,0.0007407258
Cc1nc2ccc(-n3ncc(C(=O)c4cc5ccccc5[nH]4)c3N)cc2[nH]1,0.00932736
N#C/C(=C\c1ccc(O)cc1)C(=O)O,0.0005764923
C[C@H](CCC(=O)O)[C@H]1CC[C@H]2[C@@H]3[C@H](O)C[C@@H]4C[C@H](O)CC[C@]4(C)[C@H]3CC[C@]12C,2.7730326e-05
O=C(O)C1(c2ccc(-c3ccc(Cl)c(Cl)c3)c(F)c2)CC1,0.0038007405
COc1cc(-c2ccc(NN=C3C=Cc4c(S(=O)(=O)O)cc(S(=O)(=O)O)c(N)c4C3=O)c(OC)c2)ccc1NN=C1C=Cc2c(S(=O)(=O)O)cc(S(=O)(=O)O)c(N)c2C1=O,2.1133403e-08
Nc1ccc(F)cc1NC(=O)c1ccc(CNC(=O)/C=C/c2cccnc2)cc1,0.019851018
O=S(=O)(O)c1cc(I)c(O)c2ncccc12,0.00028977575
O=c1[nH]c2ccc(Cl)cc2c(N[C@@H]2CN3CCC2CC3)c1-c1nc2ccccc2[nH]1,0.0014636075
Nc1nc(NCCNc2ncc(-n3ccnc3)c(-c3ccc(Cl)cc3Cl)n2)ccc1[N+](=O)[O-],0.97060615
Cc1c[nH]c(-c2cnc(NCCNc3ccc(C#N)cn3)nc2-c2ccc(Cl)cc2Cl)n1,0.17486349
OC[C@@H](O)[C@H]1O[C@@H]2O[C@H](C(Cl)(Cl)Cl)O[C@@H]2[C@H]1O,0.0003773671
O=C(O)CCCc1ccc(N(CCCl)CCCl)cc1,0.0012688519
Cc1ccc(S(=O)(=O)NCl)cc1,0.0002130195
O=C(N[C@H](CO)[C@H](O)c1ccc([N+](=O)[O-])cc1)C(Cl)Cl,0.8749815
CCCCCCCCCCCCCCCC(=O)OC[C@@H](NC(=O)C(Cl)Cl)[C@H](O)c1ccc([N+](=O)[O-])cc1,0.9900905
O=C(O)CCC(=O)OC[C@@H](NC(=O)C(Cl)Cl)[C@H](O)c1ccc([N+](=O)[O-])cc1,0.25663757
Nc1ncnc(Nc2ccc(Cl)cc2)n1,0.012892614
CN1CCN([C@@H](c2ccccc2)c2ccc(Cl)cc2)CC1,0.0015403574
O=S(=O)(Oc1ccc(Cl)cc1)c1ccc(Cl)cc1,0.0009851115
N=C(N=C(N)Nc1ccc(Cl)cc1)NCCCCCCNC(=N)N=C(N)Nc1ccc(Cl)cc1,0.33944643
Oc1ccc(Cl)c2c1CCC2,0.005761273
O=C1c2ccccc2C(=O)C1c1ccc(Cl)cc1,0.004832477
C[N+](C)(C)CC[N+]1(C)Cc2c(Cl)c(Cl)c(Cl)c(Cl)c2C1,0.9351694
CC(=O)O[C@]1(C(C)=O)CC[C@H]2[C@@H]3C=C(Cl)C4=CC(=O)CC[C@]4(C)[C@H]3CC[C@@]21C,0.00026816767
CN1C(=O)CCS(=O)(=O)[C@@H]1c1ccc(Cl)cc1,0.00038142514
Cc1nc2ccccc2n1Cc1ccc(Cl)cc1,0.011997648
CC(C)(O)C(Cl)(Cl)Cl,0.06510885
Cc1cc(O)ccc1Cl,0.0075156973
O=C(/C=C/c1ccc(O)c(O)c1)O[C@@H]1C[C@](O)(C(=O)O)C[C@@H](O)[C@H]1O,8.595933e-05
C=CC1=C(C)c2cc3[nH]c(c(CC(=O)O)c4[nH]c(cc5nc(cc1n2)C(C)=C5CC)c(C)c4C(=O)O)[C@@H](CCC(=O)O)[C@@H]3C,0.0008079613
C=Cc1c(C)c2[n]3c1/C=C1\N=C(/C=c4/c(C)c(C(=O)O)/c([n]4[Cu]3)=C(\CC(=O)O)C3=N/C(=C\2)[C@@H](C)[C@@H]3CCC(=O)O)C(CC)=C1C,1.2903299e-05
CCN(CC)CCOC(=O)c1ccc(N)cc1Cl,0.00035701165
CN(C)CCN(Cc1ccc(Cl)cc1)c1ccccn1,0.0049822275
CCN(CC)CCC[C@@H](C)Nc1ccnc2cc(Cl)ccc12,0.007953002
NS(=O)(=O)c1cc2c(cc1Cl)N=CNS2(=O)=O,5.9131144e-06
Cc1cc(O)c(C(C)C)cc1Cl,0.002904976
COc1ccc(C(Cl)=C(c2ccc(OC)cc2)c2ccc(OC)cc2)cc1,0.012696561
Oc1c(Cl)cc(Cl)c2cccnc12,0.33596593
O=c1cc[nH]c2cc(Cl)ccc12,0.011621564
Cc1cc(O)cc(C)c1Cl,0.0037856535
CN(C)CC[C@@H](c1ccc(Cl)cc1)c1ccccn1,0.0064075026
OC[C@@H](O)COc1ccc(Cl)cc1,0.002284948
CN(C)CCO[C@@](C)(c1ccccc1)c1ccc(Cl)cc1,0.014315336
NC(=O)OC[C@@H](O)COc1ccc(Cl)cc1,0.0010191926
CC(C)NC(=N)N=C(N)Nc1ccc(Cl)c(Cl)c1,0.071000844
CN(C)CCCN1c2ccccc2Sc2ccc(Cl)cc21,0.015074298
CCCNC(=O)NS(=O)(=O)c1ccc(Cl)cc1,0.00013610485
CC(C)OC(=O)Nc1cccc(Cl)c1,0.007539795
CN(C)CC/C=C1/c2ccccc2Sc2ccc(Cl)cc21,0.014431051
CCOP(=S)(OCC)Oc1nc(Cl)c(Cl)cc1Cl,0.00016794777
Cc1ccc2c(Cl)cc(Cl)c(O)c2n1,0.40468442
CN(C)[C@@H]1C(=O)[C@@H](C(N)=O)C(=O)[C@@]2(O)C(=O)[C@H]3C(=O)c4c(O)ccc(Cl)c4[C@@](C)(O)[C@H]3C[C@@H]12,5.7139514e-05
NS(=O)(=O)c1cc([C@@]2(O)NC(=O)c3ccccc32)ccc1Cl,0.00014211575
O=c1[nH]c2cc(Cl)ccc2o1,0.019392122
C=C1CC[C@H](O)C/C1=C/C=C1\CCC[C@]2(C)[C@@H]([C@H](C)CCCC(C)C)CC[C@@H]12,0.00010654056
CC(C)CCC[C@@H](C)[C@H]1CC[C@H]2[C@@H]3CC=C4C[C@@H](O)CC[C@]4(C)[C@H]3CC[C@]12C,4.9895683e-05
C[C@H](CCC(=O)O)[C@H]1CC[C@H]2[C@@H]3[C@H](O)C[C@@H]4C[C@H](O)CC[C@]4(C)[C@H]3C[C@H](O)[C@]12C,5.8071277e-05
C[N+](C)(C)CCO,0.0018239089
C[N+](C)(C)CCOP(=O)(O)OC[C@H](O)CO,2.274429e-06
N[C@@H](C(=O)O)c1cc(O)ccc1Cl,0.0011665823
CCCNc1ccc2ncc(-c3ccc4n[nH]cc4c3)n2n1,0.0049744253
CCS(=O)(=O)N(C)[C@@H]1c2cc(C#N)ccc2OC(C)(C)[C@H]1O,7.5276555e-05
CCS(=O)(=O)N(C)[C@H]1c2cc(C#N)ccc2OC(C)(C)[C@@H]1O,8.0614096e-05
O=C([O][Cr]([O]C(=O)c1ccccn1)[O]C(=O)c1ccccn1)c1ccccn1,0.013615564
O=C(O)c1cc(=O)c2ccccc2o1,0.016732123
O=c1cc(-c2ccccc2)oc2cc(O)cc(O)c12,0.01061083
Cc1cc(O)c2c(c1)C(=O)c1cccc(O)c1C2=O,0.030252242
Cc1nc(C)c(C)nc1C,0.004559755
Cc1ccccc1/N=N/c1ccc(NC(=O)c2ccnn2C)c(C)c1,0.027826622
CS(=O)(=O)N1CCc2c(-c3cnc(N)nc3)nc(N3CCOCC3)nc21,4.8750087e-05
CC(C)(C)c1cc(C(=O)/C=C/c2ccc(C(=O)O)cc2)cc(C(C)(C)C)c1,0.0024819626
c1ccc(Oc2cccnc2)cc1,0.0051477267
CCN[C@@H](C)CN1CCc2c(c(=O)oc3ccccc23)C1,0.00068799936
Cc1cccc(Cl)c1NC(=O)Nc1ccncc1,0.01245869
O=C(O)C1=CCCN(CCOC(c2ccc(C(F)(F)F)cc2)c2ccc(C(F)(F)F)cc2)C1,3.4690371e-12
CCCCCCCCCCC(C)(C)C(=O)Nc1c(OC)cc(OC)cc1OC,0.014872358
c1ccc2c(c1)C1=N/C2=N\c2c3ccccc3c3[n]2[Zn][n]2/c(c4ccccc4/c2=N/C2=N/C(=N\3)c3ccccc32)=N\1,0.0062376107
Oc1cc(O)c2c(c1)O[C@H](c1ccc(O)c(O)c1)[C@@H](O)C2,0.0041337716
c1ccc(C2(c3ccccc3)C[C@H]2C2=NCCN2)cc1,0.000583241
CC(C)C(=O)OCC(=O)[C@@]12O[C@H](C3CCCCC3)O[C@@H]1C[C@H]1[C@@H]3CCC4=CC(=O)C=C[C@]4(C)[C@H]3[C@@H](O)C[C@@]12C,1.3210366e-07
Cc1cc(C2CCCCC2)n(O)c(=O)c1,0.0021402806
C[C@@H](C(=O)O)c1ccc2c(c1)Cc1ccccc1-2,0.001956365
Cc1ccc(-c2n[nH]c3c2[C@H](c2cccc(O)c2)N(c2ccc(C(=O)O)cc2)C3=O)cc1,0.014196903
O=C(Nc1ccc(CN2CCOCC2)cc1)c1ccc(-c2cccc(Cl)c2)o1,0.0015083882
COC(=O)c1cnn(-c2ccc(F)cc2F)c1/C=N/NC(=S)NC(C)(C)C,0.20815724
OC1=c2ccccc2=C(NC2CCCCC2)/C1=C\c1ccccc1,0.0012847497
Nc1ccn(C[C@@H](CO)OCP(=O)(O)O)c(=O)n1,6.804508e-05
CC1(COc2ccc(C[C@H]3SC(=O)NC3=O)cc2)CCCCC1,0.006240446
CC1(C)C[C@@H]1C(=O)N/C(=C\CCCCSC[C@H](N)C(=O)O)C(=O)O,0.0015041799
CCOC(=O)[C@H](CCc1ccccc1)N[C@H]1CCCN2CCC[C@@H](C(=O)O)N2C1=O,0.000111041394
CC(C)[C@H]1C(=O)N[C@@H](CCCNC(=N)N)C(=O)NCC(=O)N[C@@H](CC(=O)O)C(=O)N[C@H](Cc2ccccc2)C(=O)N1C,0.00050615537
COCCOC(=O)C1=C(C)NC(C)=C(C(=O)OC/C=C/c2ccccc2)[C@@H]1c1cccc([N+](=O)[O-])c1,9.289251e-05
O=C(O)c1ccnc(N2CC(O)(c3ccc(OCc4c(-c5c(Cl)cccc5Cl)noc4C4CC4)cc3Cl)C2)c1,0.007459305
COc1ccc([C@]2(C#N)CC[C@@H](C(=O)O)CC2)cc1OC1CCCC1,6.273011e-05
CN(C(=O)CCCOc1ccc2[nH]c(=O)ccc2c1)C1CCCCC1,0.0008026376
O=C1CCc2cc(OCCCCc3nnnn3C3CCCCC3)ccc2N1,0.0006474007
COc1ccc2c(O[C@@H]3C[C@H]4C(=O)N[C@]5(C(=O)O)C[C@H]5/C=C\CCCCC[C@H](NC(=O)OC5CCCC5)C(=O)N4C3)cc(-c3csc(NC(C)C)n3)nc2c1,0.000119174736
Cc1cc(NC(=O)[C@H](c2ccccc2)N2CCCc3ccccc32)no1,0.0017928266
CC(C)NC[C@@H](O)c1ccc(N)c(C#N)c1,0.0011132949
CN/C(=N\C#N)NCCSCc1[nH]cnc1C,0.00029834846
C[C@@H](NCCCc1cccc(C(F)(F)F)c1)c1cccc2ccccc12,5.016557e-06
O=C(O)CCCCN(CCc1ccccc1OCc1ccc(CCc2ccccc2)cc1)Cc1ccc(C(=O)O)cc1,0.0030968925
CCC(CC)(CC(=O)Nc1cccc(/C=C/c2nc(C3CCC3)cs2)c1)C(=O)O,0.00039881255
CN(C)CCCSc1ccccc1NC(=O)/C=C/c1ccccc1,0.0043706205
CCCCOc1cc(C(=O)NCCN(CC)CC)c2ccccc2n1,0.00071936636
C=C[C@H]1C[N@@]2CC[C@H]1C[C@H]2[C@H](O)c1ccnc2ccccc12,7.69277e-05
C=C[C@H]1C[N@@]2CC[C@H]1C[C@@H]2[C@@H](O)c1ccnc2ccccc12,7.520574e-05
O=C(O)c1cc(-c2ccccc2)nc2ccccc12,0.012224341
CCOC(=O)CN1CCN(C(=O)/C=C/c2cc(OC)c(OC)c(OC)c2)CC1,9.4261326e-05
COc1cc(/C=C/C(=O)N2CCN(CC(=O)N3CCCC3)CC2)cc(OC)c1OC,3.1158706e-05
O=C(/C=C/c1cccc(F)c1)NC1CC1,0.0024632625
O=C/C=C/c1ccccc1,0.004114534
C(=C/c1ccccc1)\CN1CCN(C(c2ccccc2)c2ccccc2)CC1,0.0006449804
CC(=O)O[C@H]1[C@H]2O[C@]23[C@@H]2CC[C@]4(O)C[C@@H](O)CC[C@]4(C)[C@H]2CC[C@]3(C)[C@H]1c1ccc(=O)oc1,1.7829183e-05
COc1cc(/C=C/C(=O)N2CCCCCCC2)cc(OC)c1OC,0.00076529704
CCn1nc(C(=O)O)c(=O)c2cc3c(cc21)OCO3,0.007234918
CCOCCOC(=O)/C=C/c1ccc(OC)cc1,0.0024945175
CCOC(=O)Nc1ccc2c(c1)N(C(=O)CN(CC)CC)c1ccccc1CC2,0.00041764072
CCNC(=O)/C=C/c1cccc(Br)c1,0.002420322
CC(C)(C[C@H]1CN(S(=O)(=O)c2cccc(C(F)(F)F)c2)c2cc(-c3cc(F)cc(OC(F)F)c3)ccc2O1)C(=O)O,1.340954e-10
COc1cc(/C=C/C(N)=O)cc(OC)c1OC,0.005459694
Nc1nc2c([nH]1)c(=O)n(CC1CC1)c(=O)n2CC1CC1,0.0019905989
C[C@H]1Cc2c([nH]c3cc(Cl)c(F)cc23)[C@@]2(N1)C(=O)Nc1ccc(Cl)cc12,0.4916354
CN1C(=O)N(C[C@H](C(=O)NO)[C@@H](CC2CCCC2)C(=O)N2CCCCC2)C(=O)C1(C)C,1.85575e-06
CC(C)(Oc1ccc([C@H]2CC2(Cl)Cl)cc1)C(=O)O,0.00034110132
O=C(O)c1cn(C2CC2)c2cc(N3CCNCC3)c(F)cc2c1=O,0.8964719
O=C(c1ccc(OCCCc2cnc[nH]2)cc1)C1CC1,0.0019138933
COc1ccc(OC[C@@H]2c3cc(OC)c(OC)cc3CCN2C(=O)c2cccc(Cl)c2)cc1,0.0032362463
c1ccc(C2CC2)c(OCC2=NCCN2)c1,0.0005661357
O=C(O)/C=C(/CC(=O)O)C(=O)O,0.00065591885
N[C@]1(C(=O)O)CC[C@@H](C(=O)O)C1,6.351601e-05
CC1(C)[C@H]2CC[C@]1(C)[C@@H](O)[C@H]2O,0.004591638
O=C(O)/C=C/c1cnc[nH]1,0.0035208059
CCCCCC/C=C/C=C\CCCCCCCC(=O)O,0.023966145
COc1cc(N)c(Cl)cc1C(=O)N[C@@H]1CCN(CCCOc2ccc(F)cc2)C[C@@H]1OC,0.0019291696
COc1ccc(C[C@@H]2c3cc(OC)c(OC)cc3CC[N@+]2(C)CCC(=O)OCCCCCOC(=O)CC[N@@+]2(C)CCc3cc(OC)c(OC)cc3[C@H]2Cc2ccc(OC)c(OC)c2)cc1OC,0.0013746631
[NH2][Pt]([NH2])([Cl])[Cl],0.00034280974
CN(C)CCC[C@@]1(c2ccc(F)cc2)OCc2cc(C#N)ccc21,0.0017936323
O=C(CCCCCCNC(=O)c1cnc(N(c2ccccc2)c2ccccc2Cl)nc1)NO,0.008306248
Clc1ccc(-c2nc3sccn3c2/C=N/OCc2ccc(Cl)c(Cl)c2)cc1,0.09353022
C[N+](C)(C)CCOP(=O)(O)OP(=O)(O)OC[C@H]1O[C@@H](n2ccc(N)nc2=O)[C@H](O)[C@@H]1O,4.0764903e-09
CC(=O)N[C@H]1CCSC1=O,0.0010529647
O=C(O)CC(O)(CC(=O)O)C(=O)O,5.301382e-05
Cc1cn2c(N)c(Cl)cc(C(=O)NCC3CCN(CC(C)C)CC3)c2n1,0.0014685092
Cc1nccn1-c1ccc(Sc2cccc(C3(C(N)=O)CCOCC3)c2)cc1,0.0010499207
C=CC(=O)Nc1cccc(-c2cccc3cnc(Nc4ccc(N5CCN(CCO)CC5)c(F)c4F)nc23)c1,0.057646822
Cc1[nH]c2ccccc2c1CCNC(=O)c1cccs1,0.0035669873
Oc1cc2c(cc1O)[C@H](Cc1cccc3ccccc13)NCC2,0.002155733
NCCNS(=O)(=O)c1ccc(Cl)c2ccncc12,0.0001582407
Cc1nnc2ccc(-c3cccc(C(F)(F)F)c3)nn12,5.3420183e-07
N#CCC(=O)c1ccccc1,0.00095520436
Nc1nc(Cl)nc2c1ncn2[C@H]1C[C@H](O)[C@@H](CO)O1,0.0003145438
CNC(=S)NS(=O)(=O)c1cc(CCNC(=O)c2cc(Cl)ccc2OC)ccc1OC,0.0004912583
CN(C)c1cccc(F)c1C(=O)NC(=O)Nc1ccc(Cl)cc1,0.50042886
CC[C@H]1OC(=O)[C@H](C)[C@@H](O[C@H]2C[C@@](C)(OC)[C@@H](O)[C@H](C)O2)[C@H](C)[C@@H](O[C@@H]2O[C@H](C)C[C@H](N(C)C)[C@H]2O)[C@](C)(OC)C[C@@H](C)C(=O)[C@H](C)[C@@H](O)[C@]1(C)O,0.22516005
O=C(O)[C@H]1/C(=C/CO)O[C@@H]2CC(=O)N21,0.0009620004
COc1cc(N)c(Cl)cc1C(=O)NC1CCN(Cc2ccccc2)CC1,0.0017997536
CN1CCC[C@@H]1CCO[C@](C)(c1ccccc1)c1ccc(Cl)cc1,0.0043932395
Clc1ccc(Cn2c(CN3CCCC3)nc3ccccc32)cc1,0.0005444761
CC(C)(C)NC[C@@H](O)c1cc(Cl)c(N)c(Cl)c1,0.010363026
CCCC(=O)OCOC(=O)C1=C(C)NC(C)=C(C(=O)OC)[C@@H]1c1cccc(Cl)c1Cl,1.1294473e-05
Cc1cn([C@H]2O[C@@H](CO)[C@H](O)[C@H]2F)c(=O)[nH]c1=O,0.00014441484
CC(C)(C)C(=O)[C@@H](Oc1ccc(Cl)cc1)n1ccnc1,0.00094803894
N[C@H]1CCN(c2c(F)cc3c(=O)c(C(=O)O)cn(C4CC4)c3c2Cl)C1,0.97091514
CCC[C@@H]1C[C@@H](C(=O)N[C@@H]([C@H]2O[C@H](SC)[C@H](O)[C@@H](O)[C@H]2O)[C@H](C)Cl)N(C)C1,0.21800864
CCCCCCCCCCCCCCCC(=O)O[C@@H]1[C@@H](O)[C@@H](O)[C@@H]([C@H](NC(=O)[C@@H]2C[C@@H](CCC)CN2C)[C@H](C)Cl)O[C@@H]1SC,0.9857253
CCC[C@@H]1C[C@@H](C(=O)N[C@@H]([C@H]2O[C@H](SC)[C@H](OP(=O)(O)O)[C@@H](O)[C@H]2O)[C@H](C)Cl)N(C)C1,0.00034454232
CCC(C)(Oc1ccc(C2(c3ccc(O[C@](C)(CC)C(=O)O)cc3)CCCCC2)cc1)C(=O)O,0.0010835066
Oc1c(I)cc(Cl)c2cccnc12,0.019236643
N=C(NCc1ccc(Cl)cc1)SCCCc1cnc[nH]1,0.0059806732
CCC(=O)O[C@]1(C(=O)CCl)[C@@H](C)C[C@H]2[C@@H]3CCC4=CC(=O)C=C[C@]4(C)[C@@]3(F)[C@@H](O)C[C@@]21C,3.4502047e-08
CCCC(=O)O[C@]1(C(=O)CCl)[C@@H](C)C[C@H]2[C@@H]3CCC4=CC(=O)C=C[C@]4(C)[C@@]3(F)C(=O)C[C@@]21C,1.1364706e-08
C[C@@H](CN(C)C)C(C)(O)Cc1ccc(Cl)cc1,0.016922876
C[C@@H]1C[C@H]2[C@@H]3C[C@H](F)C4=CC(=O)C=C[C@]4(C)[C@@]3(Cl)[C@@H](O)C[C@]2(C)[C@H]1C(=O)COC(=O)C(C)(C)C,2.2147615e-08
O=P(O)(O)C(Cl)(Cl)P(=O)(O)O,5.474738e-10
Nc1nc(Cl)nc2c1ncn2[C@@H]1O[C@H](CO)[C@@H](O)[C@@H]1F,2.6054797e-05
CC(C)/N=c1\cc2n(-c3ccc(Cl)cc3)c3ccccc3nc-2cc1Nc1ccc(Cl)cc1,0.59227955
CN(C)CC[C@@](O)(c1ccccc1)c1ccccc1Cl,0.0042081024
CCOC(=O)C(C)(C)Oc1ccc(Cl)cc1,0.00076137803
CC(C)(Oc1ccc(Cl)cc1)C(=O)O,0.0029352617
CCCCCCC[N+](CC)(CC)CCCCc1ccc(Cl)cc1,0.0075087436
CC(C)(C)CC(C)(C)c1ccc(O)c(Cc2ccc(Cl)cc2Cl)c1,0.6209164
CS(=O)(=O)CS(=O)(=O)OCCCl,3.0857886e-05
Cc1ncsc1CCCl,0.0043340772
CCN(CC)CCOc1ccc(/C(=C(\Cl)c2ccccc2)c2ccccc2)cc1,0.0022364373
CN(C)CCCN1c2ccccc2CCc2ccc(Cl)cc21,0.0073782126
Clc1cccc(Cl)c1NC1=NCCN1,0.010360967
Cc1c(Cl)cccc1Nc1ncccc1C(=O)O,0.015118696
C[C@@H]1CCC[C@H](C)N1NC(=O)c1ccc(Cl)c(S(N)(=O)=O)c1,0.00049334724
Clc1ccc([C@@H](OCCN2CCCCC2)c2ccccc2)cc1,0.00068153796
Clc1ccc(C(OCCN2CCCCC2)c2ccccc2)cc1,0.0006889586
COC(=O)[C@H](c1ccccc1Cl)N1CCc2sccc2C1,0.00030798317
Cc1[nH]c(C)c(Cl)c(=O)c1Cl,0.029379955
O=C(O)CCC/C=C\C[C@@H]1[C@@H](/C=C/[C@@H](O)COc2cccc(Cl)c2)[C@H](O)C[C@@H]1O,0.00065669004
CC(C)(C)NC[C@@H](O)COc1cc(Cl)ccc1Cl,0.012878094
C#CCN(C)CCCOc1ccc(Cl)cc1Cl,0.0073126014
CN1CCN([C@H]2Cc3ccccc3Sc3ccc(Cl)cc32)CC1,0.00086013315
CC(C)NC[C@@H](O)c1ccccc1Cl,0.0012116452
Nc1cc(C(Cl)=C(Cl)Cl)c(S(N)(=O)=O)cc1S(N)(=O)=O,0.000740174
Cc1cc([C@@H](C#N)c2ccc(Cl)cc2)c(Cl)cc1NC(=O)c1cc(I)cc(I)c1O,0.4017726
CN1CCN(C2=Nc3ccccc3Sc3ccc(Cl)cc32)CC1,0.004774506
Clc1ccccc1C(c1ccccc1)(c1ccccc1)n1ccnc1,0.6469517
Cc1onc(-c2ccccc2Cl)c1C(=O)N[C@@H]1C(=O)N2[C@@H]1SC(C)(C)[C@@H]2C(=O)O,0.9502814
Oc1ccc(Cl)c2cccnc12,0.011514047
CN1CCN(C2=Nc3cc(Cl)ccc3Nc3ccccc32)CC1,0.0030895586
C[C@H](Cc1ccc2c(c1)OC(C(=O)O)(C(=O)O)O2)NC[C@H](O)c1cccc(Cl)c1,0.00058366783
Cc1cccc(F)c1C(=O)Nc1cnc(-c2cc3c(cc2Cl)OC(F)(F)O3)cn1,6.43247e-05
O=C(CCCc1ccc(-c2ccccc2F)cc1)Nc1ccc(O)cc1,0.0047325357
N#Cc1cc2[nH]c(=O)c(=O)[nH]c2cc1[N+](=O)[O-],0.092979945
C=CC(=O)Nc1cccc(Nc2nc(Nc3ccc(NC4CN(CCF)C4)cc3OC)ncc2C(F)(F)F)c1,7.211845e-08
C=CC(=O)Nc1cccc(Nc2nc(Nc3ccc(Oc4ccnc(C(=O)NC)c4)cc3)ncc2F)c1,0.25250423
Cc1ccc(CC2(O)CCN(CCOc3ccc(O)cc3)CC2)cc1,0.0003531885
NC(=O)N/N=C/c1ccc(Oc2ccc(F)cc2)cc1,0.026490036
CC(C)c1nc(CN(C)C(=O)N[C@@H](CCN2CCOCC2)C(=O)N[C@H](CC[C@H](Cc2ccccc2)NC(=O)OCc2cncs2)Cc2ccccc2)cs1,6.325453e-05
O=C(c1ccc(F)c(F)c1Nc1ccc(I)cc1F)N1CC(O)([C@@H]2CCCCN2)C1,0.32181004
CC(C)(COP(=O)(O)OP(=O)(O)OC[C@H]1O[C@@H](n2cnc3c(N)ncnc32)[C@H](O)[C@@H]1OP(=O)(O)O)[C@@H](O)C(=O)NCCC(=O)NCCS,1.1177931e-12
NC(=O)C1=CN([C@@H]2O[C@H](COP(=O)(O)OP(=O)(O)OC[C@H]3O[C@@H](n4cnc5c(N)ncnc54)[C@H](O)[C@@H]3O)[C@@H](O)[C@H]2O)C=CC1,5.463011e-11
COC1=C(OC)C(=O)C(C/C=C(\C)CC/C=C(\C)CC/C=C(\C)CC/C=C(\C)CC/C=C(\C)CC/C=C(\C)CC/C=C(\C)CC/C=C(\C)CC/C=C(\C)CCC=C(C)C)=C(C)C1=O,0.08457161
O=C(Nc1nc(-c2ccc(O)c(O)c2)c(-c2ccccc2)s1)c1ccc(O)c(O)c1,0.004260018
COc1cc2c(c(OC)c1OC)-c1ccc(OC)c(=O)cc1[C@@H](NC(C)=O)CC2,0.004657886
C=C[C@@]1(C)CC(=O)[C@]2(O)[C@@]3(C)[C@@H](O)CCC(C)(C)[C@@H]3[C@H](O)[C@H](OC(C)=O)[C@@]2(C)O1,0.0010930195
C=C[C@@]1(C)CC(=O)[C@]2(O)[C@@]3(C)[C@@H](O)CCC(C)(C)[C@@H]3[C@H](OC(=O)CCN(C)C)[C@H](OC(C)=O)[C@@]2(C)O1,0.0005649008
CCCCCCCCCCCCCCCC(=O)OC[C@H](CO[P@@](=O)(O)OCC[N+](C)(C)C)OC(=O)CCCCCCCCCCCCCCC,0.0007296159
CC(C)CCCC(=O)N[C@@H](CCNCS(=O)(=O)O)C(=O)N[C@H](C(=O)N[C@@H](CCNCS(=O)(=O)O)C(=O)N[C@H]1CCNC(=O)[C@H]([C@@H](C)O)NC(=O)[C@H](CCNCS(=O)(=O)O)NC(=O)[C@H](CCNCS(=O)(=O)O)NC(=O)[C@H](CC(C)C)NC(=O)[C@H](CC(C)C)NC(=O)[C@H](CCNCS(=O)(=O)O)NC1=O)[C@@H](C)O,1.0752321e-07
CC[C@@H](C)CCCC(=O)N[C@@H](CCN)C(=O)N[C@H](C(=O)N[C@@H](CCN)C(=O)N[C@H]1CCNC(=O)[C@H]([C@@H](C)O)NC(=O)[C@H](CCN)NC(=O)[C@H](CCN)NC(=O)[C@H](CC(C)C)NC(=O)[C@@H](CC(C)C)NC(=O)[C@H](CCN)NC1=O)[C@@H](C)O,0.051072314
COc1ccc(/C=C\c2cc(OC)c(OC)c(OC)c2)cc1O,0.009351003
O=C(O)c1cc(Oc2ccc([N+](=O)[O-])cc2)cc(Oc2ccc([N+](=O)[O-])cc2)c1,0.59987676
O=c1cc(N2CCOCC2)nc2c3ccccc3ccn12,0.006226029
COc1cccc(CN2C[Si](C)(C)O[Si](C)(C)C2)c1,0.007700761
Cc1nc2c([nH]1)CCN(C(=O)c1ccc(NC(=O)c3ccccc3-c3ccccc3)cc1)c1ccccc1-2,0.0019190221
C[C@@H]1O[C@@H](O[C@H]2CC[C@]3(C=O)[C@H]4CC[C@]5(C)[C@@H](C6=CC(=O)OC6)CC[C@]5(O)[C@@H]4CC[C@]3(O)C2)[C@H](O)[C@H](O)[C@H]1O,8.064184e-08
COc1c(OCCCN2CCOCC2)ccc2c1N=C(NC(=O)c1cnc(N)nc1)N1CCN=C21,0.0009531013
N[C@H](Cc1cnc[nH]1)C(=O)O,0.0010484657
CCCCCn1cc(C(=O)NC23CC4CC(CC(C4)C2)C3)c(=O)c2cc(-c3ccccc3)ccc21,0.0017756933
Nc1ncnc2c1ncn2[C@@H]1O[C@H](CO)C[C@H]1O,0.0003685408
C[C@H]1[C@H](C)CC[C@]2(C(=O)O)CC[C@]3(C)C(=CC[C@@H]4[C@@]5(C)C[C@@H](O)[C@H](O)C(C)(C)[C@@H]5CC[C@]43C)[C@H]12,0.00017354214
CCOC[C@]12Cc3cnn(-c4ccc(F)cc4)c3C=C1CCN(S(=O)(=O)c1ccc(C(F)(F)F)cc1)C2,6.4513717e-10
C[C@]12C[C@H](O)[C@H]3[C@@H](CCC4=CC(=O)CC[C@@]43C)[C@@H]1CC[C@@H]2C(=O)CO,1.2388803e-05
C[C@]12CCC(=O)C=C1CC[C@@H]1[C@@H]2C(=O)C[C@@]2(C)[C@H]1CC[C@]2(O)C(=O)CO,3.7136153e-06
CC(=O)OCC(=O)[C@@]1(O)CC[C@H]2[C@@H]3CCC4=CC(=O)CC[C@]4(C)[C@H]3C(=O)C[C@@]21C,2.4337937e-06
C[C@]12CCC(=O)C=C1CC[C@@H]1[C@@H]2CC[C@@]2(C)[C@H]1CC[C@]2(O)C(=O)CO,1.7976977e-06
C=C1C(=O)O[C@@H]2/C=C(\C)CC/C=C(\C)CC[C@@H]12,0.0004527384
N#Cc1cnc2c(Cl)cc(NCc3cn(CCN4CCCCCC4)nn3)cc2c1Nc1ccc(F)c(Cl)c1,0.004959515
CCN1CCC(n2cc(CNc3cc(Cl)c4ncc(C#N)c(Nc5ccc(F)c(Cl)c5)c4c3)nn2)CC1,0.010431433
S=C(N/N=C1\CCCc2cccnc21)N1CCN(c2ccccn2)CC1,0.0005941933
CN1C(=O)CC[C@H]1c1cccnc1,0.0014628342
O=c1ccc2ccccc2o1,0.0043636994
CCOP(=S)(OCC)Oc1ccc2c(C)c(Cl)c(=O)oc2c1,4.749101e-05
O=C(O)C1(c2ccc3c(c2)OC[C@H](Cc2ccc(-c4ccccc4)cc2)[C@H]3O)CCCC1,0.00015386198
CON(C)C(=O)[C@H](O)[C@H](Cc1ccccc1)NC(=O)c1cc2cc(Cl)ccc2[nH]1,0.014168076
CCCCC/N=c1\ccn(Cc2ccccc2)c2ccccc12,0.02914111
CCC(CC)Nc1cc(C)nc(Oc2c(C)cc(C)cc2C)c1C,0.010604035
CC(C)(NS(=O)(=O)c1ccc(Oc2ccc(F)cc2)cc1)C(=O)NO,0.0016512021
CC[C@@H]1C[C@H](N(Cc2cc(C(F)(F)F)cc(C(F)(F)F)c2)C(C)=O)c2cc(C(F)(F)F)ccc2N1C(=O)OC(C)C,1.6372455e-15
NC(=O)c1c(OCc2c(F)cc(Br)cc2F)nsc1NC(=O)NCCCCN1CCCC1,0.1607511
O=C(c1c2ccccc2cc2ccccc12)N1CCC(N2CCC[C@@H](C(=O)N3CCOCC3)C2)CC1,2.4518438e-06
COCCOc1ccc2c(c1)ncn2-c1ccc2cccc(N3CCC(N)CC3)c2n1,0.0007489523
COCC(=O)NC/C=C/c1ccc2ncnc(Nc3ccc(Oc4ccc(C)nc4)c(C)c3)c2c1,0.005954198
CC(C)c1ccc(CC(=O)N2CCC[C@@H](c3cccc(OC(C)(C)C(=O)O)c3)C2)cc1,0.00078443345
CN(C)C(=O)[C@H](O)[C@H](Cc1ccccc1)NC(=O)c1cc2cc(Cl)ccc2[nH]1,0.0019551106
O=c1ccc2[nH]cc(C3=CCNCC3)c2[nH]1,0.0017474348
CCCOc1ccc2[nH]cc(C3=CCNCC3)c2n1,0.0014612832
CCNC1(C(N)=O)CCN(c2ncnc3c2nc(-c2ccccc2Cl)n3-c2ccc(Cl)cc2)CC1,0.0007169525
COc1ccccc1CN[C@H]1CCCN[C@H]1c1ccccc1,0.001621543
O=C(O)[C@H](Cc1ccccc1)CN(O)C(=O)Cc1ccccc1,0.001203
CCOC(=O)[C@]12C[C@H]1/C(=N\O)c1ccccc1O2,0.00012602482
Cc1noc2c1-c1ccccc1C(c1ccc(Cl)cc1)=N[C@H]2CC(N)=O,0.0041681794
CC(=O)Nc1ccc(C(=O)NC(C)(C)C)cc1,0.001477817
COc1cc(C)[nH]c(=O)c1CNC(=O)c1c(C)n([C@H](C)C2CCN(CC(F)(F)F)CC2)c2ccccc12,5.852993e-07
CCS(=O)(=O)N1CCC([C@@H](C)n2c(C)c(C(=O)NCc3c(OC)cc(C)[nH]c3=O)c3ccccc32)CC1,3.270816e-05
Cc1sc2c(c1C)C(c1ccc(Cl)cc1)=N[C@@H](CC(N)=O)c1nnc(C)n1-2,0.0012673946
COc1cc(C)[nH]c(=O)c1CNC(=O)c1c(C)n([C@H](C)C2CCOCC2)c2ccccc12,0.0018946256
Cc1ccc(-c2nc(N)nc3c2nnn3Cc2cccc(CO[C@H]3CCOC3)n2)o1,0.0007985267
O=C(O)CCCC[C@@H](CCSCc1ccccc1)SCc1ccccc1,0.015129584
O=C(O)[C@H]1CN(CCCP(=O)(O)O)CCN1,2.0365593e-05
O=C(C[C@H]1CC(c2ccc(F)cc2F)=NO1)N1CCOCC1,0.005557718
Nc1ccc(S(=O)(=O)Nc2cnc3c(Cl)cccc3n2)cc1,0.00061118446
CN(CC(=O)O)C(=N)N,0.0011533228
CN1CC(=O)NC1=N,0.00079531904
CN(CCOP(=O)(O)O)C(=N)N,1.2019548e-05
C[C@H](NC(=O)CCC(F)(F)F)C(=O)N[C@@H]1C(=O)N(CCO)c2ncccc2-c2ccccc21,4.9980537e-07
CC1(COc2ccc3c(c2)ncn3-c2ccc3cccc(N4CCC(N)CC4)c3n2)COC1,0.00060748996
Cc1ccc(O)cc1,0.005776704
CC(=O)Oc1c(C)cccc1C(=O)O,0.007519707
O=C(O)Cn1c2ccccc2c(=O)c2ccccc21,0.005360539
N#Cc1ccc(Oc2ccc3c(c2)COB3O)cc1,0.0022368513
O=C(O)c1cc(NCCc2ccc(C(F)(F)F)cc2)ccc1O,7.099351e-07
C[C@@H](Oc1cc(-c2cnn(C3CCNCC3)c2)cnc1N)c1c(Cl)ccc(F)c1Cl,0.7462454
C[C@H](Oc1cc(-c2cnn(C3CCNCC3)c2)cnc1N)c1c(Cl)ccc(F)c1Cl,0.7721
C=C(c1ccccc1OCc1cccc(Cl)c1)n1ccnc1,0.007941059
COc1cc([C@H]2C(C#N)=C(N)Oc3c2ccc(N)c3N)cc(Br)c1OC,0.0009754457
CC1(C)Oc2ccc(C#N)cc2[C@@H](N2CCCC2=O)[C@@H]1O,0.0005718938
O=C(O)c1cc(=O)c2c(OCC(O)COc3cccc4oc(C(=O)O)cc(=O)c34)cccc2o1,0.038218368
C/C=C/C(=O)N(CC)c1ccccc1C,0.0029774578
O=C(O)c1cc2cccc([N+](=O)[O-])c2[nH]1,0.06815344
C[C@H]1COC2=C1C(=O)C(=O)c1c2ccc2c1CCCC2(C)C,0.018480852
CN(C)c1ccc(C(=C2C=CC(=[N+](C)C)C=C2)c2ccc(N(C)C)cc2)cc1,0.009249542
CC[C@H](CO)Nc1nc(NCc2ccc(-c3ccccn3)cc2)c2ncn(C(C)C)c2n1,0.002207478
c1ccc2sc(C3(N4CCCCC4)CCCCC3)cc2c1,4.8984864e-05
CC(C)Cc1sc(N)nc1-c1ccc(P(=O)(O)O)o1,6.041467e-05
O=C(O)[C@H](Cc1ccc(Nc2nccc3ccncc23)cc1)NC1=C(Br)C(=O)C12CCCCC2,0.00246412
Cc1nc(C#Cc2ccnc(Cl)c2)c(C)n1-c1ccc(OC(F)(F)F)cc1,2.4112937e-06
O=C(NO)C1(CS(=O)(=O)c2ccc(Oc3ccc(Cl)cc3)cc2)CCOCC1,0.00083881227
CC(C)C[C@H](NC(=O)[C@H](CC(N)=O)NC(=O)[C@@H](NC(=O)[C@@H](N)CCC(=O)O)C(C)C)[C@@H](O)C[C@@H](C)C(=O)N[C@@H](C)C(=O)N[C@@H](CCC(=O)O)C(=O)N[C@@H](Cc1ccccc1)C(=O)O,3.380689e-05
CC(C)c1cnn2c(NCc3ccccc3)cc(NC[C@H]3CCNC[C@@H]3O)nc12,0.000757699
O=C(N[C@H](Cc1ccccc1)C(=O)O)c1sc2cc(F)ccc2c1Cl,0.4450427
CNc1ccc([N+](=O)[O-])cc1-n1cnc(-c2ccc(C(F)(F)F)cc2)c1,2.1642818e-06
C#Cc1cccc(Nc2ncnc3cc(OC)c(OCCCCCCC(=O)NO)cc23)c1,0.011412903
CN[C@@H](C)C(=O)N[C@H](C(=O)N1CCC[C@H]1C(=O)Nc1sc(-c2ncco2)nc1-c1ccccc1)C1CCCCC1,0.0018049997
COc1ccc(-c2nc(N3CCOCC3)c3sc(CN(C)c4ncc(C(=O)NO)cn4)cc3n2)cn1,0.005406225
COc1cccc(CN(C(=O)CC(C)(C)C)[C@H]2C[C@@H](C(=O)N3CCNCC3)N(Cc3ccc4c(c3)OCO4)C2)c1,3.1342617e-05
COc1cc(/C=C/C(=O)C=C(O)/C=C/c2ccc(O)c(OC)c2)ccc1O,0.0056993826
C=C1C[C@@]2(O)O[C@@]3(C[C@H]2C(C)C)[C@@H](C)CC[C@@H]13,7.580486e-05
COc1ccc(CCN2CCN(CCCc3ccccc3)CC2)cc1OC,0.00032566863
Nc1nc(Nc2ccccc2)nc2c1ncn2[C@@H]1O[C@H](CO)[C@@H](O)[C@H]1O,0.00015993525
CS(=O)(=O)Nc1ccc(-c2coc3cc(OCc4cccc(C(=O)O)c4)ccc3c2=O)cc1,0.001343323
COc1ccn2ncc(-c3nc4n[nH]c(NC(=O)c5ccc(F)cc5)c4cc3F)c2c1,0.07925696
O=C(O)c1ccc2c(c1)nc(Nc1cccc(Cl)c1)c1ccncc12,0.013465589
O=C(c1ccc2c(c1)OCO2)N1CCCCC1,0.0004410727
Cc1cnc(CNC(=O)c2c(=O)c3ccc(N4CCCN(C)CC4)nc3n3c2sc2ccccc23)cn1,0.0049197017
Cc1nn(C)cc1CN1CCC(c2ccc(C(=O)Nc3ccccc3N)cc2)CC1,0.0006624227
N#CCC(=O)NN,0.0004860501
C[C@@H](CN(C)C)CN1c2ccccc2Sc2ccc(C#N)cc21,0.0036050244
C/C1=C2/N=C(/C=C3\N=C(/C(C)=C4/[C@@H](CCC(N)=O)[C@](C)(CC(N)=O)[C@](C)([C@@H]5N=C1[C@](C)(CCC(=O)NC[C@@H](C)O[P@](=O)(O)O[C@H]1[C@@H](O)[C@@H](n6cnc7cc(C)c(C)cc76)O[C@@H]1CO)[C@H]5CC(N)=O)[N]4[Co+][C]#N)[C@@](C)(CC(N)=O)[C@@H]3CCC(N)=O)C(C)(C)[C@@H]2CCC(N)=O,6.884981e-11
CC(C)(C)NC[C@@H](O)COc1cccc2[nH]c(C#N)cc12,0.00059539854
O=S(=O)(O)NC1CCCCC1,0.00010305346
C[C@H]1C[C@H](OC(=O)[C@@H](O)c2ccccc2)CC(C)(C)C1,0.0035702004
Nc1ncnc2c1ncn2[C@H]1O[C@H]2CO[P@@](=O)(O)O[C@@H]2[C@@H]1O,6.0902084e-07
CN1CCN(C(c2ccccc2)c2ccccc2)CC1,0.0017747257
CN(C)CCC=C1c2ccccc2C=Cc2ccccc21,0.002873136
NC1=NCCN1CC(=O)O,0.0005118372
N=c1ccn2c(n1)O[C@H]1[C@H](O)[C@@H](CO)O[C@H]12,0.0007743233
C[C@@H]1C[C@@H]([C@H](O)CC2CC(=O)NC(=O)C2)C(=O)[C@@H](C)C1,0.00074565836
CC1=C2C[C@H]3[C@@H](CC=C4C[C@@H](O)CC[C@@]43C)[C@@H]2CC[C@]12O[C@@H]1C[C@H](C)CN[C@H]1[C@H]2C,1.059648e-05
NS(=O)(=O)c1cc2c(cc1Cl)N[C@@H](CC1CCCC1)NS2(=O)=O,2.1274689e-06
CN(C)CCOC(=O)[C@@H](c1ccccc1)C1(O)CCCC1,0.00060902163
O=[P@]1(N(CCCl)CCCl)NCCCO1,5.817744e-07
CC(=O)C1=C(O)[C@@H]2[C@H]3c4c[nH]c5cccc(c45)C[C@H]3C(C)(C)N2C1=O,0.013727172
N[C@@H]1CONC1=O,0.0007730471
C/C=C/C[C@H](C)[C@H](O)[C@@H]1C(=O)N[C@H](CC)C(=O)N(C)CC(=O)N(C)[C@H](CC(C)C)C(=O)N[C@@H](C(C)C)C(=O)N(C)[C@H](CC(C)C)C(=O)N[C@H](C)C(=O)N[C@H](C)C(=O)N(C)[C@H](CC(C)C)C(=O)N(C)[C@H](CC(C)C)C(=O)N(C)[C@H](C(C)C)C(=O)N1C,1.1718997e-06
NS(=O)(=O)c1cc2c(cc1Cl)N[C@H]([C@H]1C[C@@H]3C=C[C@H]1C3)NS2(=O)=O,1.9877036e-06
COc1cc(/C=C2\CCC/C(=C\c3ccc(O)c(OC)c3)C2=O)ccc1O,0.0016636644
CN[C@@H](C)[C@H]1[C@H](O)C[C@@]2(C)[C@@H]3CC[C@H]4C(C)(C)[C@@H](NC)CC[C@@]45C[C@@]35CC[C@]12C,1.4987611e-05
O=C(O)[C@H]1CSC(c2nc3cc4c(cc3s2)NCC4)=N1,0.00086519745
CC[C@H](Nc1nc(NCc2cnc(C)cc2C)c2ncn(C(C)C)c2n1)[C@@H](C)O,0.0023831043
Cc1nc(N)sc1-c1ccnc(Nc2ccc(N3CCOCC3)cc2)n1,0.0012391519
FCc1ccc(OCCOc2ccc(Cl)cc2Cl)c(Cl)n1,0.009298712
Cc1cc(CN)cc(C)c1NC(=O)c1ccc(-c2cc(Cl)ccc2Cl)o1,0.8500747
COc1ccc(Oc2c(Cl)cnn(C3c4ccccc4-c4ccccc43)c2=O)cc1,0.08461014
CCOc1ccc(-c2nc(-c3cccc4c3CC[C@H]4NCCO)no2)cc1OCC,0.0005609829
Cc1cc(C(=O)Cn2cc(C#N)ccc2=O)c(C)n1Cc1ccccc1,0.03236893
O=C(c1cc(C2CC2)on1)N(C1CCCCC1)C1CCCCC1,0.0004578797
CC1(C)[C@@H](C=C(Cl)Cl)[C@@H]1C(=O)O[C@@H](C#N)c1cccc(Oc2ccccc2)c1,0.004695715
CN1CCC(=C2c3ccccc3C=Cc3ccccc32)CC1,0.00074043893
CC(=O)O[C@]1(C(C)=O)CC[C@H]2[C@@H]3C=C(Cl)C4=CC(=O)[C@@H]5C[C@@H]5[C@]4(C)[C@H]3CC[C@@]21C,0.00017898546
Nc1nc(N)nc(NC2CC2)n1,0.0010387513
NCCS,0.0027096956
CCC[C@H](Nc1nc(-c2ccc(NC(=O)NCC)c(OC)c2)ncc1C)c1cccnc1,0.0044427468
Nc1ccn([C@@H]2O[C@H](CO)[C@@H](O)[C@@H]2O)c(=O)n1,0.00054842175
Nc1ccn([C@@H]2O[C@H](CO)[C@@H](O)[C@H]2O)c(=O)n1,0.00045515556
O=c1cccc2n1C[C@@H]1CNC[C@H]2C1,0.0010301415
C=C1[C@@H](C)[C@H]2[C@H](Cc3ccccc3)NC(=O)[C@]23OC(=O)/C=C/[C@H](O)CCC[C@@H](C)C/C=C/[C@H]3[C@@H]1O,0.00011034791
Nc1nc(=O)n([C@H]2C[C@@H](O)[C@@H](CO)O2)cc1Cl,0.00271042
N#CCNC(=O)c1ccc(-c2ccnc(Nc3ccc(N4CCOCC4)cc3)n2)cc1,0.00044230634
CN1Cc2ccccc2[C@@H]2c3cccc4[nH]cc(c34)C[C@H]21,0.0013438496
COc1cc(N2CCOCC2)ccc1Nc1ncc(Cl)c(Nc2ccccc2NS(C)(=O)=O)n1,0.0018143367
CC(C)(C)NS(=O)(=O)c1cncc(-c2cc(F)c3nc(N)nn3c2)c1,0.00025941656
Cc1ccc(C(=O)O[C@H](C(=O)O)[C@@H](OC(=O)c2ccc(C)cc2)C(=O)O)cc1,0.0045088977
[Y+3],0.003871242
COc1ccc(S(=O)(=O)Nc2cc(-c3c(O)ccc4ccccc34)c(O)c3ccccc23)cc1,0.0034888475
CC(=O)N[C@H]1[C@@H](OC(C)C)O[C@H](COC(C)=O)[C@@H](OC(C)=O)[C@@H]1OC(C)=O,0.006498249
CC1=NN(c2ccc(C(=O)O)cc2)C(=O)C1=Cc1ccc(-c2cc(C)c(C)cc2[N+](=O)[O-])o1,0.72721857
C[C@@]1(O)CCOC(=O)C1,0.0014268367
OC[C@H]1O[C@H](O[C@H]2[C@H](O)[C@@H](O)[C@H](O)O[C@@H]2CO)[C@H](O)[C@@H](O)[C@@H]1O,1.2143856e-05
Cc1c(C)c2c(c(C)c1OC(=O)CCC(=O)O)CC[C@@](C)(CCC[C@H](C)CCC[C@H](C)CCCC(C)C)O2,0.006822365
Cc1cc(O)cc2c1O[C@](C)(CCC[C@H](C)CCC[C@H](C)CCCC(C)C)CC2,0.15149485
C=C(C)[C@H]1CC=C(C)CC1,0.0012925478
N[C@H](Cc1ccccc1)C(=O)O,0.0015343877
N[C@H](CO)C(=O)O,0.00043190768
Nc1nc(N)c2c(OCC3CCN(Cc4c(Cl)cccc4Cl)CC3)cccc2n1,0.000692282
COc1ccc2c(c1)n(CCN)c(=O)n2C(=O)[C@@H]1C[C@H](C)CC[C@H]1C(C)C,0.0021365199
NC(=O)c1ccc(-c2nc(-c3ccccn3)c(-c3ccc4c(c3)OCCO4)[nH]2)cc1,0.0026366224
COc1ccc2[nH]c(C(=O)c3ccccc3)cc2c1,0.0067187618
CC(=O)N[C@@H](CSSC[C@H](NC(C)=O)C(=O)O)C(=O)O,0.017319424
COc1ccc(OC)c(CN(C(C)=O)c2cc(F)ccc2Oc2ccccc2)c1,0.26166627
Cn1c(CNc2ccc(C(=N)N)cc2)nc2cc(C(=O)N(CCC(=O)O)c3ccccn3)ccc21,0.0033644468
CCCCCCOC(=O)/N=C(/N)c1ccc(NCc2nc3cc(C(=O)N(CCC(=O)OCC)c4ccccn4)ccc3n2C)cc1,0.0019115455
CC(C)(C)c1nc(-c2cccc(NS(=O)(=O)c3c(F)cccc3F)c2F)c(-c2ccnc(N)n2)s1,0.000103681836
CN(C)/N=N/c1nc[nH]c1C(N)=O,0.0031415843
O=C(/C=C/c1ccc(CN(CCO)CCc2c[nH]c3ccccc23)cc1)NO,0.0014772859
COC(=O)N[C@H](C(=O)N1CCC[C@H]1c1nc(-c2ccc(-c3ccc(-c4c[nH]c([C@@H]5CCCN5C(=O)[C@@H](NC(=O)OC)C(C)C)n4)cc3)cc2)c[nH]1)C(C)C,0.00011666665
COc1cc2ncnc(Nc3ccc(F)c(Cl)c3)c2cc1NC(=O)/C=C/CN1CCCCC1,0.011227318
Cc1c2oc3c(C)ccc(C(=O)N[C@@H]4C(=O)N[C@H](C(C)C)C(=O)N5CCC[C@H]5C(=O)N(C)CC(=O)N(C)[C@@H](C(C)C)C(=O)O[C@@H]4C)c3nc-2c(C(=O)N[C@@H]2C(=O)N[C@H](C(C)C)C(=O)N3CCC[C@H]3C(=O)N(C)CC(=O)N(C)[C@@H](C(C)C)C(=O)O[C@@H]2C)c(N)c1=O,0.0003147742
O=c1c(-c2ccc(O)cc2)coc2cc(O)ccc12,0.0040390366
O=c1c(-c2ccc(O)cc2)coc2cc(O[C@@H]3O[C@H](CO)[C@@H](O)[C@H](O)[C@H]3O)ccc12,0.0003524344
CC(C)C[C@@H](NC(=O)[C@@H](Cc1ccccc1)NC(=O)CNC(=O)[C@H](C)NC(=O)[C@@H](N)Cc1ccc(O)cc1)C(=O)N[C@H](CCCNC(=N)N)C(=O)O,0.00051626936
CN[C@H]1C(=O)N[C@@H]2Cc3ccc(cc3)Oc3cc4cc(c3O[C@@H]3O[C@H](C(=O)O)[C@@H](O)[C@H](O)[C@H]3NC(=O)CCCCCCCCC(C)C)Oc3ccc(cc3Cl)[C@@H](O)[C@@H]3NC(=O)[C@H](NC(=O)[C@@H]4NC(=O)[C@@H](NC2=O)c2cc(cc(O)c2Cl)Oc2cc1ccc2O)c1ccc(O)c(c1)-c1c(O[C@H]2O[C@H](CO)[C@@H](O)[C@H](O)[C@@H]2O)cc(O)cc1[C@@H](C(=O)NCCCN(C)C)NC3=O,0.0072623035
CCC(CC)CC1(C(=O)Nc2ccccc2SC(=O)C(C)C)CCCCC1,0.0002656101
Nc1ccncc1,0.0045762463
CCN(CC)CCS(=O)(=O)[C@@H]1CCN2C(=O)c3coc(n3)CC(=O)C[C@H](O)/C=C(C)/C=C\CNC(=O)/C=C/[C@@H](C)[C@H](C(C)C)OC(=O)[C@@H]12,9.941832e-06
O=C(O)Cc1ccc(CCNS(=O)(=O)c2ccc(Cl)cc2)cc1,0.0005332131
CN(C)NC(=O)CCC(=O)O,0.0006862542
C#C[C@]1(O)CC[C@H]2[C@@H]3CCC4=Cc5oncc5C[C@]4(C)[C@H]3CC[C@@]21C,5.323504e-06
NCC(=O)N1C[C@H](NC(=O)c2ccccc2)C[C@H]1C(=O)O,0.0005528685
Cc1c(F)cccc1NC(=O)Nc1ccc(Cl)c(S(=O)(=O)[C@H]2CCCNC2)c1O,0.0014862352
CN1C[C@@H]2C[C@H]1CN2c1cc2c(cc1F)c(=O)c(C(=O)O)cn2C1CC1,0.8788142
CC(C)(C)OC(=O)N[C@H]1CCCCC/C=C\[C@@H]2C[C@@]2(C(=O)NS(=O)(=O)C2CC2)NC(=O)[C@@H]2C[C@@H](OC(=O)N3Cc4cccc(F)c4C3)CN2C1=O,1.0921755e-06
O=C1CN(/N=C/c2ccc(-c3ccc([N+](=O)[O-])cc3)o2)C(=O)N1,0.031076156
O=C1c2cccc(O)c2C(=O)c2c(O)cccc21,0.01887656
CO[C@@H](C(=O)N1Cc2n[nH]c(NC(=O)c3ccc(N4CCN(C)CC4)cc3)c2C1)c1ccccc1,0.00028076183
CCOc1ccc(Cc2cc([C@@H]3O[C@H](CO)[C@@H](O)[C@H](O)[C@H]3O)ccc2Cl)cc1,0.0017703325
CS(=O)(=O)CCC#N,0.00054892956
O=c1ccc2ccc(O)c(O)c2o1,0.005605747
Cc1ccccc1N1CCN(CCc2nnc3n2CCCC3)CC1,0.00011652923
Cc1cc(C)c(Nc2ccnc(Nc3ccc(C#N)cc3)n2)c(C)c1,0.01117674
CN(C)[C@@H](CCOc1cccc2ccccc12)c1ccccc1,0.0064709503
O=C(O)CNC(=O)c1c(O)n(C2CCCCC2)c(=O)n(C2CCCCC2)c1=O,0.049286675
Nc1ccc(S(=O)(=O)c2ccc(N)cc2)cc1,0.011264932
C[C@H](NC(=O)Cc1cc(F)cc(F)c1)C(=O)N[C@H](C(=O)OC(C)(C)C)c1ccccc1,0.104130395
CCCCCCCCCC(=O)N[C@@H](Cc1c[nH]c2ccccc12)C(=O)N[C@H](CC(N)=O)C(=O)N[C@@H](CC(=O)O)C(=O)N[C@@H]1C(=O)NCC(=O)N[C@@H](CCCN)C(=O)N[C@@H](CC(=O)O)C(=O)N[C@H](C)C(=O)N[C@@H](CC(=O)O)C(=O)NCC(=O)N[C@H](CO)C(=O)N[C@@H]([C@H](C)CC(=O)O)C(=O)N[C@@H](CC(=O)c2ccccc2N)C(=O)O[C@@H]1C,0.0074023656
CCN(CC)CCN(Cc1ccc(-c2ccc(C(F)(F)F)cc2)cc1)C(=O)Cn1c(SCc2ccc(F)cc2)nc(=O)c2c1CCC2,3.9500467e-08
Cc1oc(-c2ccccc2)nc1CCC(=O)c1ccc(CC2SC(=O)NC2=O)cc1,0.0123589765
NC(=O)C(c1ccccc1)(c1ccccc1)[C@@H]1CCN(CCc2ccc3c(c2)CCO3)C1,0.00016252256
C[C@@H](Cn1ccc(-c2ccc(C#N)c(Cl)c2)n1)NC(=O)c1cc([C@@H](C)O)n[nH]1,0.0013972112
CC(C)CN(C[C@@H](O)[C@H](Cc1ccccc1)NC(=O)O[C@H]1CO[C@H]2OCC[C@H]21)S(=O)(=O)c1ccc(N)cc1,1.9040109e-06
COc1cc(OC)nc(O[C@H](C(=O)O)C(OC)(c2ccccc2)c2ccccc2)n1,0.0043715523
COc1c(-c2ccc3cc(NS(C)(=O)=O)ccc3c2)cc(-n2ccc(=O)[nH]c2=O)cc1C(C)(C)C,0.0021065963
Cc1nc(Nc2ncc(C(=O)Nc3c(C)cccc3Cl)s2)cc(N2CCN(CCO)CC2)n1,0.003827775
N[C@@H]1CC[C@@H](c2ccc(Cl)c(Cl)c2)c2ccccc21,0.005553924
CN1[C@@H]2CC[C@H]1C[C@@H](OC(=O)N1Cc3ccccc3NC1=O)C2,0.0008937504
CC[C@H](CC[C@@H](C)[C@H]1CC[C@H]2[C@@H]3CC=C4C[C@@H](O[C@@H]5O[C@H](CO)[C@@H](O)[C@H](O)[C@H]5O)CC[C@]4(C)[C@H]3CC[C@]12C)C(C)C,6.5308263e-06
COc1cccc2c1C(=O)c1c(O)c3c(c(O)c1C2=O)C[C@@](O)(C(C)=O)C[C@@H]3O[C@H]1C[C@H](N)[C@H](O)[C@H](C)O1,0.19017616
Cc1c(Cn2ccnc2)c2ccccc2n1CCC(=O)O,0.0033687234
O=C(O)c1ccc(OCCn2ccnc2)cc1,0.0039132396
c1ccc(CNc2nc(NCc3ccccc3)c3ccccc3n2)cc1,0.012857428
O=C(NN1CCCCC1)c1nn(-c2ccc(Cl)cc2Cl)c(-c2ccc(C#Cc3ccc(C(F)(F)F)cc3)s2)c1CNS(=O)(=O)N1CCCC1,2.6476302e-08
CC(C)(CC(=O)N1CCCC1)NCC(=O)N1C[C@@H](F)C[C@H]1C#N,1.9207569e-06
CCCCc1ccc(NS(=O)(=O)c2ccc(F)cc2)cc1,0.0016184358
Cn1cc(-c2cc(Oc3cc(F)c(NC(=O)C4(C(=O)Nc5ccccc5)CC4)cc3F)ccn2)cn1,0.6523002
CCn1c(=O)[nH]c2cc(Cl)c(Cl)cc21,0.4224226
CCCCC[C@H]1C[C@H]1C[C@H]1C[C@H]1CCCCCCCC(=O)O,0.0012220605
CCCC[C@@]1(C2CCCC2)Cc2cc(OCCCC(=O)O)c(Cl)c(Cl)c2C1=O,0.001412349
CCN1CCN(Cc2ccc(C(=O)Nc3ccc(C)c(Oc4ccc5c(c4)CC(=O)N5)c3)cc2C(F)(F)F)CC1,5.2794498e-08
Nc1cc2[nH]cnc2c(O)n1,0.0028458755
CN(C)c1cc2c(cc1Sc1nc3c(N)nccc3n1CCNCC(C)(C)C)OCO2,0.0009770292
N=C(N)N1CCc2ccccc2C1,0.0009305834
C[N+](C)(C)CCCCCCCCCC[N+](C)(C)C,0.13607635
CC(C)[C@H]1CC[C@@H](C)C[C@@H]1OC(=O)C[N+](C)(C)CCCCCCCCCC[N+](C)(C)CC(=O)O[C@H]1C[C@@H](C)CC[C@@H]1C(C)C,0.80188483
CC[C@@](C)(Nc1ccnc(-c2c[nH]c3ncccc23)n1)C(=O)NCC(F)(F)F,1.3761536e-06
Nc1ncn([C@H]2C[C@H](O)[C@@H](CO)O2)c(=O)n1,0.0008929383
CCN(CC)CCNC(=O)c1ccc(N)c(Cl)c1,0.0006119813
OCCOCCN1CCN(C(c2ccccc2)c2ccccc2)CC1,0.00046534435
CCCCCCCCCCOc1cc2c(=O)c(C(=O)OCC)c[nH]c2cc1OCC,0.010544294
CNC(=O)c1ccc(Nc2ncc(C(F)(F)F)c(NCc3nccnc3N(C)S(C)(=O)=O)n2)cc1,1.724835e-08
O=C(O)c1ccc(-n2nc(-c3ccccc3O)nc2-c2ccccc2O)cc1,0.0054081897
O=C(O)c1ccc(-n2nc3nc2-c2ccccc2[O][Fe][O]c2ccccc2-3)cc1,0.0035358411
Cc1c(O)c(=O)ccn1C,0.0061792675
CC(=O)N(O)CCCCCNC(=O)CCC(=O)N(O)CCCCCNC(=O)CCC(=O)N(O)CCCCCN,0.00017381836
CC(=O)OCC(=O)[C@@]12N=C(C)O[C@@H]1C[C@H]1[C@@H]3CCC4=CC(=O)C=C[C@]4(C)[C@H]3[C@@H](O)C[C@@]12C,3.2920188e-06
CO[C@H]1C[C@@H]2CC[C@@H](C)[C@@](O)(O2)C(=O)C(=O)N2CCCC[C@H]2C(=O)O[C@H]([C@H](C)C[C@@H]2CC[C@@H](OP(C)(C)=O)[C@H](OC)C2)CC(=O)[C@H](C)/C=C(\C)[C@@H](O)[C@@H](OC)C(=O)[C@H](C)C[C@H](C)/C=C/C=C/C=C/1C,0.00022201145
CC(=O)N[C@H](Cc1ccc2ccccc2c1)C(=O)N[C@H](Cc1ccc(Cl)cc1)C(=O)N[C@H](Cc1cccnc1)C(=O)N[C@@H](CO)C(=O)N[C@@H](Cc1ccc(NC(=O)[C@@H]2CC(=O)NC(=O)N2)cc1)C(=O)N[C@H](Cc1ccc(NC(N)=O)cc1)C(=O)N[C@@H](CC(C)C)C(=O)N[C@@H](CCCCNC(C)C)C(=O)N1CCC[C@H]1C(=O)N[C@H](C)C(N)=O,0.27493426
CC(=O)c1c(O)cc(C)oc1=O,0.010775958
C[C@H](CCC(=O)O)[C@H]1CC[C@H]2[C@@H]3C(=O)C[C@H]4CC(=O)CC[C@]4(C)[C@@H]3CC(=O)[C@]12C,1.8269673e-05
C[C@H](CCC(=O)O)[C@H]1CC[C@H]2[C@@H]3C(=O)C[C@@H]4CC(=O)CC[C@]4(C)[C@H]3CC(=O)[C@]12C,1.8830524e-05
COc1cc2c(cc1OC)-c1c(C)c3ccc(OC)c(OC)c3c[n+]1CC2,0.003678271
C[C@]12CC[C@H](O)CC1=CC[C@@H]1[C@@H]2CC[C@]2(C)C(=O)CC[C@@H]12,1.3698249e-05
C[C@]12CC[C@H](OS(=O)(=O)O)CC1=CC[C@@H]1[C@@H]2CC[C@]2(C)C(=O)CC[C@@H]12,1.0722662e-06
Nc1nc(-n2cc(C(=O)O)c(=O)c3cc(F)c(N4CC(O)C4)c(Cl)c32)c(F)cc1F,0.9944818
C[C@]1(COc2ccc(N3CCC(Oc4ccc(OC(F)(F)F)cc4)CC3)cc2)Cn2cc([N+](=O)[O-])nc2O1,0.00033464178
CC(C)C[C@H](NC(=O)[C@@H](NC(=O)c1cccc(-c2ccccc2)n1)[C@@H](C)O)B(O)O,0.08237663
CCOC(=O)[C@H](CCc1ccccc1)N[C@@H](C)C(=O)N(CC(=O)O)C1Cc2ccccc2C1,0.00023326014
CC(C)Nc1cccnc1N1CCN(C(=O)c2cc3cc(NS(C)(=O)=O)ccc3[nH]2)CC1,4.6061417e-05
CC(C)C[C@H](NC(=O)[C@H](CO)NC(=O)CNC(=O)[C@H](CC(C)C)NC(=O)[C@H](CCC(=O)O)NC(=O)[C@H](Cc1ccc(O)cc1)NC(=O)[C@H](CO)NC(=O)[C@H](CC(N)=O)NC(=O)[C@H](Cc1ccccc1)NC(=O)[C@H](CO)NC(=O)[C@@H](N)CSSC[C@H](N)C(=O)N[C@@H](Cc1ccc(O)cc1)C(=O)NCC(=O)N[C@@H](CCCNC(=N)N)C(=O)N[C@@H](CCCCN)C(=O)N[C@@H](CCCCN)C(=O)N[C@@H](CCCNC(=N)N)C(=O)N[C@@H](CCCNC(=N)N)C(=O)N[C@@H](CCC(N)=O)C(=O)N[C@@H](CCCNC(=N)N)C(=O)N[C@@H](CCCNC(=N)N)C(=O)N[C@@H](CCCNC(=N)N)C(=O)O)C(=O)O,1.0774679e-07
C[C@H]1CN(C(=O)CC#N)[C@]12CCN(c1ncnc3[nH]ccc13)C2,1.6937558e-05
CC[C@H](C)[C@H](NC(=O)[C@H](Cc1ccc(O)cc1)NC(=O)[C@@H](NC(=O)[C@@H](CCCNC(=N)N)NC(=O)[C@@H](N)CC(=O)O)C(C)C)C(=O)N[C@@H](Cc1cnc[nH]1)C(=O)N1CCC[C@@H]1C(=O)N[C@H](Cc1ccccc1)C(=O)O,0.00022074331
CN1CCN(c2ccc(N3C[C@H](CO)OC3=O)cc2F)C=N1,0.03050393
Oc1cc(O)c2cc(O)c(-c3cc(O)c(O)c(O)c3)[o+]c2c1,0.015862154
CC(C)=CCC/C(C)=C/CC/C(C)=C/CC[C@]1(C)CCc2cc(O)cc(C)c2O1,0.018861633
c1ccc(Cn2c(-c3ccc(OC[C@H](C4CCNCC4)n4c(-c5ccccc5)nc5ccccc54)cc3)nc3ccccc32)cc1,0.011299484
CN(CCCCCCCCCCN(C)C(=O)Oc1cccc([N+](C)(C)C)c1)C(=O)Oc1cccc([N+](C)(C)C)c1,0.0035651724
CN(C)[C@@H]1C(=O)[C@@H](C(N)=O)C(=O)[C@@]2(O)C(=O)[C@H]3C(=O)c4c(O)ccc(Cl)c4[C@@H](O)[C@H]3C[C@@H]12,4.701807e-05
CC[N+](CC)(CC(=O)Nc1c(C)cccc1C)Cc1ccccc1,0.00373346
COc1ccc(CCNC[C@H](O)c2ccc(O)cc2)cc1OC,0.00728238
Cc1nsc(NC(=O)c2ccccc2)c1C(=O)Nc1ccc(Cl)cc1,0.05220148
Oc1ccc(O[C@H]2CCCCO2)cc1,0.0018051552
C[C@H](CCC(=O)O)[C@H]1CC[C@H]2[C@@H]3CC[C@@H]4C[C@H](O)CC[C@]4(C)[C@H]3C[C@H](O)[C@]12C,2.4034853e-05
CC(=O)OCC(=O)[C@H]1CC[C@H]2[C@@H]3CCC4=CC(=O)CC[C@]4(C)[C@H]3CC[C@]12C,5.546802e-06
CNCCc1ccc(O)c(O)c1,0.0045591467
Cc1cc(N)c2ccccc2[n+]1CCCCCCCCCC[n+]1c(C)cc(N)c2ccccc21,0.83498096
COc1ccc(-c2cc(C(F)F)nn2-c2ccc(S(N)(=O)=O)cc2)cc1F,9.437186e-05
COCCNCCc1cccc(Nc2ncc3c(n2)-c2ccccc2[C@H](c2ccccc2F)C3)c1,0.0058388175
COC(=O)[C@H]1[C@H]2C[C@@H]3c4[nH]c5ccccc5c4CCN3C[C@H]2C[C@@H](OC(=O)c2cc(OC)c(OC)c(OC)c2)[C@@H]1OC,3.243108e-05
O=C(O)CNC(=O)c1c(O)c2ccccc2n(OCC2CC2)c1=O,0.004077954
CNCCCN1c2ccccc2CCc2ccccc21,0.0007594871
C[C@]12C=CC(=O)C=C1CC[C@@H]1[C@@H]2[C@@H](O)C[C@@]2(C)[C@H]1C[C@@H]1O[C@@H](C3CCCCC3)O[C@]12C(=O)CO,7.383868e-07
C[C@H]1O[C@@H](O[C@H]2CC[C@@]3(C)[C@H](CC[C@@H]4[C@@H]3C[C@@H](O)[C@]3(C)[C@@H](C5=CC(=O)OC5)CC[C@]43O)C2)C[C@H](O)[C@@H]1O[C@H]1C[C@H](O)[C@H](O[C@H]2C[C@H](O)[C@H](O[C@@H]3O[C@H](CO)[C@@H](O)[C@H](O)[C@H]3O)[C@@H](C)O2)[C@@H](C)O1,5.6032054e-08
Clc1ccc2c(c1)CCc1cccnc1C2=C1CCNCC1,0.0024562527
CCNC(=O)[C@@H]1CCCN1C(=O)[C@H](CCCN=C(N)N)NC(=O)[C@H](CC(C)C)NC(=O)[C@@H](Cc1c[nH]c2ccccc12)NC(=O)[C@H](Cc1ccc(O)cc1)NC(=O)[C@H](CO)NC(=O)[C@H](Cc1c[nH]c2ccccc12)NC(=O)[C@H](Cc1c[nH]cn1)NC(=O)[C@@H]1CCC(=O)N1,0.00051125843
Clc1ccc2c(c1)N=C(N1CCNCC1)c1ccccc1N2,0.003955704
N=C(N)NCCC[C@@H](NC(=O)[C@@H]1CCCN1C(=O)[C@H]1CSSCCC(=O)N[C@@H](Cc2ccc(O)cc2)C(=O)N[C@@H](Cc2ccccc2)C(=O)N[C@@H](CCC(N)=O)C(=O)N[C@@H](CC(N)=O)C(=O)N1)C(=O)NCC(N)=O,0.00019765693
C#C[C@]1(O)CC[C@H]2[C@@H]3CCC4=CCCC[C@@H]4[C@H]3C(=C)C[C@@]21CC,3.100925e-07
CC1(C)O[C@@H]2C[C@H]3[C@@H]4CCC5=CC(=O)C=C[C@]5(C)[C@H]4[C@@H](O)C[C@]3(C)[C@]2(C(=O)CO)O1,7.317892e-06
C[C@@H]1C[C@H]2[C@@H]3CCC4=CC(=O)C=C[C@]4(C)[C@@]3(F)[C@@H](O)C[C@]2(C)[C@H]1C(=O)CO,2.951106e-07
CC(C)(C)C(=O)OCC(=O)[C@H]1CC[C@H]2[C@@H]3CCC4=CC(=O)CC[C@]4(C)[C@H]3CC[C@]12C,5.4755895e-07
C[C@]12CC[C@H]3[C@@H](CCC4=CC(=O)CC[C@@]43C)[C@@H]1CC[C@@H]2C(=O)CO,6.0827942e-06
c1ccc2c(c1)CN1CCCC1=N2,0.00074446836
CN(C)C[C@@H](c1ccc(O)cc1)C1(O)CCCCC1,0.00060372695
Cc1cccc(Cc2cnc[nH]2)c1C,0.012883805
CN1C(=O)[C@@H](NC(=O)c2cc3ccccc3[nH]2)N=C(c2ccccc2)c2ccccc21,0.0052778604
C[C@@H]1C[C@H]2[C@@H]3CCC4=CC(=O)C=C[C@]4(C)[C@@]3(F)[C@@H](O)C[C@]2(C)[C@@]1(O)C(=O)CO,4.709282e-08
CC(=O)OCC(=O)[C@@]1(O)[C@H](C)C[C@H]2[C@@H]3CCC4=CC(=O)C=C[C@]4(C)[C@@]3(F)[C@@H](O)C[C@@]21C,3.4923332e-08
N[C@@H](COP(=O)(O)O)C(=O)O,4.496459e-06
Cc1c(OCC(F)(F)F)ccnc1C[S@@](=O)c1nc2ccccc2[nH]1,1.2438752e-06
CCCCCN(CCCOC)C(=O)[C@@H](CCC(=O)O)NC(=O)c1ccc(Cl)c(Cl)c1,0.0013093469
Cc1cccc([C@H](C)c2cnc[nH]2)c1C,0.012893063
COC(=O)C1=C(C)NC(C)=C(C(=O)OCCCN2CCC(c3ccccc3)(c3ccccc3)CC2)[C@@H]1c1cccc([N+](=O)[O-])c1,1.216196e-05
CC(C)(CO)[C@@H](O)C(=O)NCCCO,0.00076448434
C[C@@H](CN1CC(=O)NC(=O)C1)N1CC(=O)NC(=O)C1,0.00014329511
O=C[C@H](O)[C@@H](O)[C@H](O)[C@H](O)CO[C@H]1O[C@H](CO[C@H]2O[C@H](CO)[C@@H](O)[C@H](O)[C@H]2O)[C@@H](O)[C@H](O)[C@H]1O,1.7530374e-07
COc1ccc2c(c1)[C@]13CCCC[C@@H]1[C@H](C2)N(C)CC3,8.037905e-05
Cc1ncc([N+](=O)[O-])n1C[C@@H](CN1CCOCC1)OP(=O)(O)O,0.0015804658
O=C[C@H](O)[C@@H](O)[C@H](O)[C@H](O)CO,0.000160712
Fc1cccc(/C=N/N=C/c2cccc(F)c2)c1,0.013152986
CN1CCN(c2ccc(/C=C(\C#N)c3ccccc3Br)cc2)CC1,0.00062783033
O=C(O)CCCN1CCC[C@H]1COc1ccc(Oc2ccc(Cl)cc2)cc1,0.00027098018
CCCCC(=O)NCCc1c(Cc2ccccc2)[nH]c2ccccc12,0.0025456678
CCCCCCC[n+]1ccc(-c2cc[n+](CCCCCCC)cc2)cc1,0.12308341
CC(=O)Oc1cccc2c1C(=O)c1c(OC(C)=O)cc(C(=O)O)cc1C2=O,0.8133225
CC(=O)Nc1ccc(OC(C)=O)cc1,0.005979429
Nc1ncnc2c1ncn2[C@@H]1O[C@H](COP(=O)(O)OP(=O)(O)OP(=O)(O)OP(=O)(O)OC[C@H]2O[C@@H](n3cnc4c(N)ncnc43)[C@H](O)[C@@H]2O)[C@@H](O)[C@H]1O,6.065515e-16
O[C@H]([C@H](O)[C@@H]1CO1)[C@H]1CO1,0.00022257905
N#C[C@H](Cc1ccc(O)cc1)c1ccc(O)cc1,0.0031074393
CC(=O)Nc1c(I)c(NC(C)=O)c(I)c(C(=O)O)c1I,0.0070583397
COc1ccc(Cc2cnc(N)nc2N)cc1OC,0.019011788
CC1=Nc2ccc(Cl)cc2S(=O)(=O)N1,0.00015729685
NC[C@@H]1CC[C@@H](N)[C@@H](O[C@H]2[C@H](O)[C@@H](O[C@H]3O[C@H](CO)[C@@H](O)[C@H](N)[C@H]3O)[C@H](N)C[C@@H]2N)O1,6.097651e-06
CN(C)CCN1C(=O)c2ccccc2N(C)c2ccccc21,0.002805091
c1ccc2c(c1)sc1ccccc12,0.0046563917
CCCCOC(=O)c1ccccc1C(=O)OCCCC,0.0011890914
CC(=O)OCC(=O)[C@@]1(O)CC[C@H]2[C@@H]3CCC4=CC(=O)C=C[C@]4(C)[C@@]3(Cl)[C@@H](Cl)C[C@@]21C,6.647564e-07
O=C(O)C(Cl)Cl,0.30504853
Oc1ccc(Cl)cc1Cc1cc(Cl)ccc1O,0.049504593
COP(=O)(OC)OC=C(Cl)Cl,3.354544e-05
N#C[C@H](c1ccc(Cl)cc1)c1c(Cl)cc(-n2ncc(=O)[nH]c2=O)cc1Cl,0.034551572
O=C(O)Cc1ccccc1Nc1c(Cl)cccc1Cl,0.016780863
NS(=O)(=O)c1cc(Cl)c(Cl)c(S(N)(=O)=O)c1,1.6112284e-05
COc1ccc2c(c1)CN(C)C[C@H]2c1ccc(Cl)c(Cl)c1,0.02234316
O=C(N[C@@H](O)C(Cl)(Cl)Cl)N[C@H](O)C(Cl)(Cl)Cl,0.9958468
Cc1onc(-c2c(Cl)cccc2Cl)c1C(=O)N[C@@H]1C(=O)N2[C@@H]1SC(C)(C)[C@@H]2C(=O)O,0.9804299
O=c1oc2ccccc2c(O)c1Cc1c(O)c2ccccc2oc1=O,0.008565835
C1CCC(NC2CCCCC2)CC1,0.00016695194
CCN(CC)CCOC(=O)C1(C2CCCCC2)CCCCC1,5.667995e-06
O=c1nc[nH]c2c1ncn2[C@H]1CC[C@@H](CO)O1,0.0011063848
Nc1ncnc2c1ncn2[C@H]1CC[C@@H](CO)O1,0.0006228764
O=C(NO)c1ccc(O)c(O)c1,0.0037127694
C/C=C(C(=C/C)/c1ccc(O)cc1)\c1ccc(O)cc1,0.009043372
C[C@]12CCC3=C4CCC(=O)C=C4CC[C@H]3[C@@H]1CC[C@@]2(O)CC#N,2.7826084e-06
CCN(CC)C(=O)N1CCN(C)CC1,2.2395741e-05
CC/C(=C(/CC)c1ccc(O)cc1)c1ccc(O)cc1,0.006462648
CCN(CC)C(=O)c1cccc(C)c1,0.0011386502
O=C(Cc1ccc(-c2ccccc2)cc1)Nc1ccccn1,0.0051577385
CC(=O)OCC(=O)[C@@]1(OC(C)=O)[C@@H](C)C[C@H]2[C@H]3C[C@H](F)C4=CC(=O)C=C[C@]4(C)[C@@]3(F)[C@@H](O)C[C@@]21C,2.4449882e-09
CN1CCN(c2cc3c(cc2F)c(=O)c(C(=O)O)cn3-c2ccc(F)cc2)CC1,0.9086393
O=C(O)c1cc(-c2ccc(F)cc2F)ccc1O,0.04418742
CCCC(=O)O[C@]1(C(=O)COC(C)=O)CC[C@H]2[C@@H]3C[C@H](F)C4=CC(=O)C=C[C@]4(C)[C@@]3(F)[C@@H](O)C[C@@]21C,1.8704267e-09
O=C1c2ccccc2CN2C(=O)c3ccccc3CN12,0.0032358035
C[C@]12CC[C@H](O)C[C@H]1CC[C@@H]1[C@@H]2CC[C@]2(C)[C@@H](C3=CC(=O)OC3)CC[C@]12O,2.8666125e-06
C[C@H]1O[C@@H](O[C@H]2[C@@H](O)C[C@H](O[C@H]3[C@@H](O)C[C@H](O[C@H]4CC[C@@]5(C)[C@H](CC[C@@H]6[C@@H]5CC[C@]5(C)[C@@H](C7=CC(=O)OC7)CC[C@]65O)C4)O[C@@H]3C)O[C@@H]2C)C[C@H](O)[C@@H]1O,3.5199895e-07
C[C@]12CC[C@H](O)C[C@H]1CC[C@@H]1[C@@H]2C[C@@H](O)[C@]2(C)[C@@H](C3=CC(=O)OC3)CC[C@]12O,4.485144e-06
C[C@H]1O[C@@H](O[C@H]2[C@@H](O)C[C@H](O[C@H]3[C@@H](O)C[C@H](O[C@H]4CC[C@@]5(C)[C@H](CC[C@@H]6[C@@H]5C[C@@H](O)[C@@]5(C)[C@@H](C7=CC(=O)OC7)CC[C@]65O)C4)O[C@@H]3C)O[C@@H]2C)C[C@H](O)[C@@H]1O,4.5799288e-07
CCCCC/C=C\C/C=C\C/C=C\CCCCCCC(=O)O,0.018969342
Oc1cc2c(cc1O)[C@H]1c3ccccc3CN[C@@H]1CC2,0.0009721224
C[C@H]1[C@@H](O)O[C@@H]2O[C@@]3(C)CC[C@H]4[C@H](C)CC[C@@H]1[C@@]24OO3,0.00015175567
CC(C)[C@@]1(NC(=O)[C@@H]2C[C@@H]3c4cccc5[nH]cc(c45)C[C@H]3N(C)C2)O[C@@]2(O)[C@@H]3CCCN3C(=O)[C@H](Cc3ccccc3)N2C1=O,1.2165254e-05
CN1C[C@H](C(=O)N[C@]2(C)O[C@@]3(O)[C@@H]4CCCN4C(=O)[C@H](Cc4ccccc4)N3C2=O)C[C@@H]2c3cccc4[nH]cc(c34)C[C@H]21,5.0382092e-05
O=C1c2c(O)cc(O)cc2O[C@H](c2cc(O)c(O)c(O)c2)[C@H]1O,0.004321135
CN[C@@H]1[C@H](O[C@H]2[C@H](O[C@@H]3[C@@H](O)[C@H](O)[C@@H](NC(=N)N)[C@H](O)[C@H]3NC(=N)N)O[C@@H](C)[C@]2(O)CO)O[C@@H](CO)[C@H](O)[C@H]1O,1.2922825e-06
CC(C)[C@@H](C)/C=C/[C@@H](C)[C@H]1CC[C@@H]2/C(=C/C=C3\C[C@@H](O)CC[C@@H]3C)CCC[C@]21C,0.00011855442
O=C(CO)CO,0.00064006343
N[C@@H](C(=O)O)c1cc(O)cc(O)c1,0.0011624631
O=C(O)CCc1cc(I)c(Oc2ccc(O)cc2)c(I)c1,0.002060395
COc1cc(C(=O)OCCCN2CCCN(CCCOC(=O)c3cc(OC)c(OC)c(OC)c3)CC2)cc(OC)c1OC,1.1398264e-05
Cc1cc(F)ccc1-c1nc(NC(CO)CO)nc2c1ccc(=O)n2-c1c(F)cccc1F,0.32042554
CN(C(=O)C(Cl)Cl)c1ccc(OC(=O)c2ccco2)cc1,0.25521442
COc1ccc([C@@H]2Sc3ccccc3N(CCN(C)C)C(=O)[C@@H]2OC(C)=O)cc1,0.008970991
COC(=O)c1ccc(C(c2c[nH]c3ccccc23)c2c[nH]c3ccccc23)cc1,0.02552383
CN(C)CCCSC(=N)N,0.0025548672
Cc1ccc2c(c1)[C@]13CCCC[C@@H]1[C@H](C2)N(C)CC3,8.4042265e-05
CN(C)CCOC(c1ccccc1)c1ccccc1,0.0072965403
OC[C@@H](S)CS,0.0019853446
O=C(O)[C@@H](S)[C@@H](S)C(=O)O,0.085740425
O=S(=O)(O)CCSSCCS(=O)(=O)O,2.3204999e-05
CC1(C)OC(=O)NC1=O,0.0006275812
C[Si](C)(C)O[Si](C)(C)C,0.002362924
C[C@@H](C1=C(CCN(C)C)Cc2ccccc21)c1ccccn1,0.0024612152
CCCCc1cc2ccccc2c(OCCN(C)C)n1,0.00395686
COC(=O)/C=C/C(=O)OC,0.00096451136
CO[C@H]1CO[C@@H]2[C@H]1OC[C@H]2OC,0.000600111
Cc1ncc([N+](=O)[O-])n1C,0.71308744
N=C(N)c1ccc(/N=N/Nc2ccc(C(=N)N)cc2)cc1,0.010455545
CCOP(=S)(OCC)Oc1cc(C)nc(C(C)C)n1,3.4422364e-06
CCc1cnn2c(NCc3ccc[n+]([O-])c3)cc(N3CCCC[C@H]3CCO)nc12,0.0015530837
Cc1c(C(N)=O)cc([N+](=O)[O-])cc1[N+](=O)[O-],0.97276115
CCCCC[C@H](O)/C=C/[C@@H]1[C@@H](C/C=C\CCCC(=O)O)[C@@H](O)C[C@H]1O,0.0012785352
CCCCC[C@H](O)/C=C/[C@H]1[C@H](O)CC(=O)[C@@H]1C/C=C\CCCC(=O)O,0.00087307644
C[C@@H]1CC[C@@]2(OC1)O[C@H]1C[C@H]3[C@@H]4CC=C5C[C@@H](O[C@@H]6O[C@H](CO)[C@@H](O[C@@H]7O[C@@H](C)[C@H](O)[C@@H](O)[C@H]7O)[C@H](O)[C@H]6O[C@@H]6O[C@@H](C)[C@H](O)[C@@H](O)[C@H]6O)CC[C@]5(C)[C@H]4CC[C@]3(C)[C@H]1[C@@H]2C,8.168772e-08
C[C@@H]1CC[C@@]2(OC1)O[C@H]1C[C@H]3[C@@H]4CC=C5C[C@@H](O)CC[C@]5(C)[C@H]4CC[C@]3(C)[C@H]1[C@@H]2C,1.0854887e-05
COc1ccc(-c2cc(=O)c3c(O)cc(O)cc3o2)cc1O,0.012203487
COc1ccc(-c2cc(=O)c3c(O)cc(O[C@@H]4O[C@H](CO[C@@H]5O[C@@H](C)[C@H](O)[C@@H](O)[C@H]5O)[C@@H](O)[C@H](O)[C@H]4O)cc3o2)cc1O,7.7509794e-05
COc1ccc(C(=O)c2ccccc2O)c(O)c1,0.004997905
C[C@H](N)C(=O)N[C@@H](CCC(N)=O)C(=O)O,0.00033970978
O=C(Nc1ccccc1)OC[C@@H](CN1CCCCC1)OC(=O)Nc1ccccc1,0.00020306285
C[N+]1(C)CCC(=C(c2ccccc2)c2ccccc2)CC1,0.0025783705
O=c1c(-c2ccccc2)c1-c1ccccc1,0.0063570375
OC(CCCN1CCCCC1)(c1ccccc1)c1ccccc1,0.00036820138
c1ccc2c(c1)[I]c1ccccc1-2,0.003532385
N=C(Nc1ccccc1)Nc1ccccc1,0.006658806
CN1CCC(OC(c2ccccc2)c2ccccc2)CC1,0.0023000292
CNC[C@@H](O)c1ccc(OC(=O)C(C)(C)C)c(OC(=O)C(C)(C)C)c1,1.0347818e-05
Fc1ccc2nc(CCC#Cc3ccccn3)cn2c1,0.01616566
CC(C)N(CCc1c[nH]c2ccccc12)C(C)C,0.00064651563
OCCN(CCO)c1nc(N2CCCCC2)c2nc(N(CCO)CCO)nc(N3CCCCC3)c2n1,5.730267e-05
CC(=O)Oc1cccc(C(=O)O)c1OC(C)=O,0.020184295
O=c1ccn([C@@H]2O[C@H](COP(=O)(O)OP(=O)(O)OP(=O)(O)OP(=O)(O)OC[C@H]3O[C@@H](n4ccc(=O)[nH]c4=O)[C@H](O)[C@@H]3O)[C@@H](O)[C@H]2O)c(=O)[nH]1,6.764191e-14
CC[C@H]1OC(=O)[C@H](C)[C@@H](O[C@H]2C[C@@](C)(OC)[C@@H](O)[C@H](C)O2)[C@H](C)[C@@H](O[C@@H]2O[C@H](C)C[C@H](N(C)C)[C@H]2O)[C@](C)(O)C[C@@H](C)[C@@H]2N[C@@H](COCCOC)O[C@H]([C@H]2C)[C@]1(C)O,0.17118803
COC(=O)/C=C/C(=O)OCCN1C(=O)CCC1=O,0.000108572785
O=C(O)CCCCCCCCC(=O)O,0.0031836801
CC(C)N(CCC(C(N)=O)(c1ccccc1)c1ccccn1)C(C)C,0.00077536074
CCN(CC)C(=S)SSC(=S)N(CC)CC,2.618707e-05
Oc1cccc2cc3cccc(O)c3c(O)c12,0.005209422
CCN(CC)C(=S)S,0.0003700816
Cc1ccccc1NC(=N)Nc1ccccc1C,0.013659571
CCOC(=S)SSC(=S)OCC,0.0010934502
C[C@H](CN1CCN(CCOCCO)CC1)CN1c2ccccc2Sc2ccccc21,0.0002215974
C[C@]12N[C@H](Cc3ccccc31)c1ccccc12,0.001463933
C[C@@]12N[C@@H](Cc3ccccc31)c1ccccc12,0.0013320817
CN(C)c1ccc(/C=C2\CCCN=C2c2cccnc2)cc1,0.0020204422
COc1cccc(/C=N/N=C/c2cccc(OC)c2)c1,0.010296505
CC(C)Oc1ccc(-c2cnc3c(-c4ccnc5ccccc45)cnn3c2)cc1,0.007890405
c1ccc(-c2cnn3cc(-c4ccc(OCCN5CCOCC5)cc4)cnc23)cc1,0.0004949735
COc1cc(C=O)c([N+](=O)[O-])cc1OC,0.5571021
O=C1c2ccccc2C(Cc2ccnc(F)c2)(Cc2ccnc(F)c2)c2ccccc21,0.019162867
CCC[C@@H](NC(=O)N1C(=O)C(CC)(CC)[C@@H]1Oc1ccc(C(=O)N2CCN(C)CC2)cc1)c1ccc2c(c1)OCO2,3.615869e-05
O=S(=O)(O)C[C@@H](S)CS,0.00035292664
CS(C)=O,0.0033751847
O=c1[nH]c2cc([N+](=O)[O-])c([N+](=O)[O-])cc2[nH]c1=O,0.989301
CC(CCc1ccc(O)cc1)NCCc1ccc(O)c(O)c1,0.0060374583
CC1=C(C)C(=O)C(CCCCC#CCCCC#CCO)=C(C)C1=O,0.00010724684
CC(=O)O[C@@]12CO[C@@H]1C[C@H](O)[C@@]1(C)C(=O)[C@H](O)C3=C(C)[C@@H](OC(=O)[C@H](O)[C@@H](NC(=O)OC(C)(C)C)c4ccccc4)C[C@@](O)([C@@H](OC(=O)c4ccccc4)[C@H]21)C3(C)C,2.5618561e-07
CC/C=C\C/C=C\C/C=C\C/C=C\C/C=C\C/C=C\CCC(=O)O,0.00349834
CC/C=C\C/C=C\C/C=C\C/C=C\C/C=C\C/C=C\CCC(=O)OCC,0.00315703
CCCCCCCCCCCCCCCCCCCCCCO,0.71971124
CCCC[C@@H](CC)COC(=O)C[C@@H](C(=O)OC[C@@H](CC)CCCC)S(=O)(=O)O,2.9719615e-05
CCCCCCCCCCCCOS(=O)(=O)O,0.00071230275
O=C(C(c1ccccc1)c1ccccc1)N1CCN(CC(O)COc2cccc3ncccc23)CC1,0.00020016762
CN(CCOc1ccc(NS(C)(=O)=O)cc1)CCc1ccc(NS(C)(=O)=O)cc1,0.00038069353
O=C(O[C@@H]1C[C@@H]2C[C@@H]3C[C@H](C1)N2CC3=O)c1c[nH]c2ccccc12,4.250937e-05
CC[C@H](C)[C@@H]([C@@H](CC(=O)N1CCC[C@H]1[C@H](OC)[C@@H](C)C(=O)N[C@@H](Cc1ccccc1)c1nccs1)OC)N(C)C(=O)[C@@H](NC(=O)[C@H](C(C)C)N(C)C)C(C)C,0.009737898
C[C@@H]1CCO[C@H]2Cn3cc(C(=O)NCc4ccc(F)cc4F)c(=O)c(O)c3C(=O)N12,0.9149054
CCCCCCCCCCCC[N+](C)(C)CCOc1ccccc1,0.56989074
O=c1[nH]c2ccccc2n1CCCN1CCC(n2c(=O)[nH]c3cc(Cl)ccc32)CC1,0.0023160516
COc1cc2c(cc1OC)C(=O)[C@H](CC1CCN(Cc3ccccc3)CC1)C2,0.0002962312
N#Cc1ccc(N2CCN(C(=O)COc3ccc4[nH]cc(CCN)c4c3)CC2)cc1,0.00018068543
NCCc1ccc(O)c(O)c1,0.004585611
Cc1ccc(-n2nc(C(C)(C)C)cc2NC(=O)Nc2ccc(OCCN3CCOCC3)c3ccccc23)cc1,0.0016892336
CO[C@H]1C[C@H](O[C@H]2[C@H](C)O[C@@H](O[C@@H]3/C(C)=C/C[C@@H]4C[C@@H](C[C@]5(C=C[C@H](C)[C@@H](C6CCCCC6)O5)O4)OC(=O)[C@@H]4C=C(C)[C@@H](O)[C@H]5OC/C(=C\C=C\[C@@H]3C)[C@]54O)C[C@@H]2OC)O[C@@H](C)[C@@H]1O,7.2959364e-07
Cn1c(Cn2ccc(C(F)(F)F)c(Oc3cc(Cl)cc(C#N)c3)c2=O)n[nH]c1=O,1.5413406e-07
C[C@@H](O)[C@H]1C(=O)N2C(C(=O)O)=C(S[C@@H]3CN[C@H](CNS(N)(=O)=O)C3)[C@H](C)[C@H]12,0.06539613
c1cc(-c2cnn3cc(-c4ccc(OCCN5CCCCC5)cc4)cnc23)ccn1,0.00036847737
CCN[C@H]1C[C@H](C)S(=O)(=O)c2sc(S(N)(=O)=O)cc21,3.1861186e-06
CN(C)CC/C=C1\c2ccccc2CSc2ccccc21,0.0030361316
O=P(O)(O)CN1CCN(CP(=O)(O)O)CCN(CP(=O)(O)O)CCN(CP(=O)(O)O)CC1,3.488049e-10
CN1CCN(c2ccc3nc(-c4c(N)c5c(F)cccc5[nH]c4=O)[nH]c3c2)CC1,0.0064484323
CCN1C[C@@H](CCN2CCOCC2)C(c2ccccc2)(c2ccccc2)C1=O,7.326183e-05
COc1cc2nc(N3CCN(C(=O)[C@H]4COc5ccccc5O4)CC3)nc(N)c2cc1OC,8.464008e-05
CN(C)CC/C=C1/c2ccccc2COc2ccccc21,0.0026739736
C=C1/C(=C/C=C2\CCC[C@]3(C)[C@@H]([C@H](C)/C=C/[C@@H](C)C(C)C)CC[C@@H]23)C[C@@H](O)C[C@@H]1O,6.0687682e-05
C[C@H]1O[C@@H](n2cc(F)c(=O)[nH]c2=O)[C@H](O)[C@@H]1O,0.7123739
Cn1c(=O)c2c(ncn2CC2OCCO2)n(C)c1=O,0.00041404995
COc1cccc2c1C(=O)c1c(O)c3c(c(O)c1C2=O)C[C@@](O)(C(=O)CO)C[C@@H]3O[C@H]1C[C@H](N)[C@H](O)[C@H](C)O1,0.011500172
C[C@H]1c2cccc(O)c2C(=O)C2=C(O)[C@]3(O)C(=O)C(C(N)=O)=C(O)[C@@H](N(C)C)[C@@H]3[C@@H](O)[C@@H]21,0.2196348
CN(C)CCOC(C)(c1ccccc1)c1ccccn1,0.008830853
CN(C(=S)NN=C(c1ccccn1)c1ccccn1)C1CCCCC1,0.022697693
CC(C)CN(C[C@@H](O)[C@H](Cc1ccccc1)NC(=O)[C@@H](NC(=O)CNCc1cccc(F)c1)C(C)(C)C)S(=O)(=O)c1cccc(N)c1,4.5431127e-05
CCCn1c(=O)c2[nH]c(C3CCCC3)nc2n(CCC)c1=O,0.005656458
N#Cc1cc2c(OC[C@H](O)CN3CCN(C(c4ccccc4)c4ccccc4)CC3)cccc2[nH]1,0.0002025734
CC(C)[C@@H]1CC[C@@H](C)C[C@@H]1P(=O)(c1ccccc1)c1ccccc1,0.016370837
CCN(CC)CCOc1ccc(Cc2ccccc2)cc1,0.0024207388
Cc1ccc2[nH]c(=O)c(C3=NN(C(=O)CCC(=O)O)[C@H](c4ccc(Br)cc4)C3)c(-c3ccccc3)c2c1,0.001605813
Cc1nc(=O)c2c([nH]1)CCSC2,0.0026226954
O=C1Nc2ccc(Cl)c3c2[C@@]1(CCCCN1CC=C(c2ccc(Cl)cc2)CC1)CCC3,0.00039835487
CC[C@H](CO)Nc1nc(Nc2cccc(-c3ccccn3)c2)c2ncn(C(C)C)c2n1,0.002127945
CCN(CC)CCOC(=O)[C@H](c1ccccc1)C1CCCCC1,0.00020522592
CC/C(=C(/c1ccc(OCCN(C)C)cc1)c1cccc(O)c1)c1ccccc1,0.009229864
CCC(=O)O[C@H]1CC[C@H]2[C@H]3CC[C@H]4CC(=O)[C@@H](C)C[C@@]4(C)[C@@H]3CC[C@@]12C,1.1770985e-05
CCCCc1oc2ccc(NS(C)(=O)=O)cc2c1C(=O)c1ccc(OCCCN(CCCC)CCCC)cc1,0.00025185634
O=C(CCCN1CC=C(n2c(=O)[nH]c3ccccc32)CC1)c1ccc(F)cc1,0.00044626408
OC[C@@H](O)CN1CCN(c2ccccc2)CC1,0.00016582171
C[C@]12CCC(=O)C=C1[C@@H]1C[C@@H]1[C@H]1[C@@H]3[C@@H]4C[C@@H]4[C@@]4(CCC(=O)O4)[C@@]3(C)CC[C@@H]12,2.4961828e-06
CCOc1ccc(CC2=NCCc3cc(OCC)c(OCC)cc32)cc1OCC,0.0019107922
CN1c2c(oc(=O)n(-c3ccccn3)c2=O)-c2ccccc2S1(=O)=O,0.00058008864
N[C@H](C(=O)O)[C@H](O)c1ccc(O)c(O)c1,0.0010210614
Cc1cc(Cl)ccc1OCCCC(=O)NO,0.0035908257
Cc1cc(Nc2ccc(S(F)(F)(F)(F)F)cc2)n2nc(C(C)(F)F)nc2n1,8.181646e-17
CCCCCCCCCCCCCCCCCC(=O)OC[C@@H](COP(=O)(O)OCC[N+](C)(C)C)OC(=O)CCCCCCCCCCCCCCCCC,0.0049146987
CCCCNc1nc(N)c2[nH]c(=O)n(Cc3ccc(OCCN(C)C)nc3)c2n1,0.005290146
O=C(Nc1c(-c2cccs2)nc2ccccn12)c1ccc(Cl)cc1,0.011337065
N=C(N)NCCC[C@H](N)C(=O)NCC(=O)N[C@@H](CC(=O)O)C(=O)N[C@@H](CO)C(=O)O,0.0001094375
CNCC[C@H](Oc1cccc2ccccc12)c1cccs1,0.0039061531
CS(=O)(=O)c1ccc(-c2cc(Br)sc2-c2ccc(F)cc2)cc1,0.019556819
C[C@]12C=CC(=O)N[C@@H]1CC[C@@H]1[C@@H]2CC[C@]2(C)[C@@H](C(=O)Nc3cc(C(F)(F)F)ccc3C(F)(F)F)CC[C@@H]12,1.732524e-12
C[C@H](Nc1ncnc2nc[nH]c12)c1cc2cccc(Cl)c2c(=O)n1-c1ccccc1,0.0035690567
CCOC(=O)CNC(=O)[C@@H]1CCCN1C(=O)Cc1ccccc1,0.0004126482
COCCCc1ccc2oc(-c3ccc(OC)c(OC)c3)cc2c1,0.01201027
CCCCOc1ccc(C(=O)CCN2CCCCC2)cc1,0.0003356684
CC(=O)[C@H]1CC[C@H]2[C@@H]3C=CC4=CC(=O)CC[C@@]4(C)[C@@H]3CC[C@]12C,8.2177445e-05
O=C(N/N=C/c1ccc(O)c(O)c1)c1cc2ccccc2cc1O,0.010726067
CCCCCCCCNC(=O)/C(C#N)=C/c1cn(CCCN(C)C)c2ccccc12,0.0011515432
Cn1c(=O)c2c(ncn2C[C@@H](O)CO)n(C)c1=O,0.0009388796
CCN(CC)c1ccc(/C=N/NC(=O)c2ccc(O)cc2)cc1,0.0037972794
S=C(S)OC1CC2CC1C1CCCC21,0.00036283938
O=C(CN1CCC(C(=O)c2ccc(F)cc2)CC1)c1ccc2ccccc2c1,0.0005263251
COc1cc(/C=C2\CCCN([C@@H](C)c3ccc(F)cc3)C2=O)ccc1-n1cnc(C)c1,0.0016341124
Cc1cccc(CCN2CCC(C(=O)c3ccc(NS(C)(=O)=O)cc3)CC2)n1,4.142802e-05
CC(C)C[C@H](NC(=O)[C@H]1O[C@@H]1C(=O)O)C(=O)NCCCCNC(=N)N,0.0008465842
COCCN(C(=O)c1cc(OC)c(OC)c(OC)c1)c1nc(-c2ccccc2)cs1,0.005698011
Nc1ncnc2c1ncn2[C@H]1O[C@@H](C(=O)N2CCN(CC(=O)Nc3cccc4c3CNC4=O)CC2)[C@H](O)[C@@H]1O,2.930654e-06
CC(C)(C)c1ccc(C(=O)CCCN2CCC(OC(c3ccccc3)c3ccccc3)CC2)cc1,0.00065362244
CCOC(=O)[C@@H]1CN(Cc2ccccc2)C(=O)C1=O,0.0006905257
N=C(N)Nc1nc(CSCCN/C=N/S(=O)(=O)c2ccc(Br)cc2)cs1,0.00017669408
O=c1c2ccccc2[se]n1-c1ccccc1,0.007762673
COc1c(C)cnc(Cn2cc(C#CCC(C)(C)O)c3c(Cl)nc(N)nc32)c1C,0.0012830036
CC1(C)CCC(C)(C)c2cc(C#Cc3ccc(C(=O)O)cc3)ccc21,0.013906706
CNC(=O)c1cccc(NCC(=O)NCCc2ccc(OC)c(OC)c2)c1,0.007270049
CC(C)c1cc2c(cc1S(=O)(=O)O)[C@@]1(C)CCC[C@@](C)(C(=O)O)[C@@H]1CC2,1.8265877e-05
CC1(C)[C@H]2CC[C@]1(CS(=O)(=O)O)C(=O)C2=Cc1ccc(C=C2C(=O)[C@@]3(CS(=O)(=O)O)CC[C@@H]2C3(C)C)cc1,3.843399e-06
CS[C@H]1SC[C@H]2C(=O)N(C)[C@@H](C(C)C)C(=O)OC[C@@H](NC(=O)c3cnc4ccccc4n3)C(=O)N[C@@H](C)C(=O)N(C)[C@H]1C(=O)N(C)[C@@H](C(C)C)C(=O)OC[C@@H](NC(=O)c1cnc3ccccc3n1)C(=O)N[C@@H](C)C(=O)N2C,0.0010577192
Clc1ccc(CO[C@@H](Cn2ccnc2)c2ccc(Cl)cc2Cl)cc1,0.22074889
CC1=NCC[C@@H](C(=O)O)N1,0.0009729406
Cc1oc(-c2ccccc2)nc1CCOc1ccc(C[C@@H]2SC(=O)NC2=O)c2sccc12,0.015157327
Cc1cc(=O)n(-c2ccccc2)[nH]1,0.005339709
CC/C=C\C/C=C\C/C=C\C/C=C\C/C=C\C/C=C\CCC(=O)NCCNC(=O)c1ccccc1O,0.0020676167
CCCCCCCCCCCCCCCCCCOC[C@H](COP(=O)(O)OCC[N+](C)(C)C)OC,0.00025688126
C[C@@H](O)CN(CCN(C[C@@H](C)O)C[C@@H](C)O)C[C@@H](C)O,0.0003691398
Cn1c(CCCCCCC(=O)NO)nc2cc(N(CCCl)CCCl)ccc21,0.0069622025
OC1CN(CCCOCCc2ccc3sccc3c2)C1,0.00060155144
CN1CCc2nc(C(=O)N[C@@H]3C[C@@H](C(=O)N(C)C)CC[C@@H]3NC(=O)C(=O)Nc3ccc(Cl)cn3)sc2C1,0.18399705
CCc1cn([C@H]2C[C@H](O)[C@@H](CO)O2)c(=O)[nH]c1=O,0.0032134815
CC[N+](C)(C)c1cccc(O)c1,0.008357932
O=P(O)(O)CN(CCN(CP(=O)(O)O)CP(=O)(O)O)CP(=O)(O)O,4.249703e-09
CS(=O)(=O)c1ccc(-c2cnc(NCc3ccco3)n3cnnc23)cc1,0.0017842513
Cc1cc(C)cc(NC(=O)Cc2ccc(OC(C)(C)C(=O)O)cc2)c1,0.007776068
CCC1(C2=NCCN2)Cc2ccccc2O1,0.00061279547
Cc1cc(Oc2ccc3nc(COc4ccc(C[C@H]5SC(=O)NC5=O)cc4)n(C)c3c2)cc(C)c1N,0.051738802
O=C1Nc2ccc(Cl)cc2[C@@](C#CC2CC2)(C(F)(F)F)O1,3.779214e-10
C=C1CCN([C@H](C)[C@@](O)(Cn2cncn2)c2ccc(F)cc2F)CC1,0.00089525816
O=C(O)COCCN1CCN(C(c2ccc(F)cc2)c2ccc(F)cc2)CC1,8.407137e-05
NCCCC(N)(C(=O)O)C(F)F,1.2177233e-06
CCOC(=O)COc1ccc2c(=O)cc(-c3ccccc3)oc2c1,0.002964077
CC1=C(C(=O)OCCN(Cc2ccccc2)c2ccccc2)[C@H](c2cccc([N+](=O)[O-])c2)C(P2(=O)OCC(C)(C)CO2)=C(C)N1,2.7625292e-06
O=C(Cn1ccnc1[N+](=O)[O-])NCC(F)(F)C(F)(F)F,1.3779218e-10
Cc1cc(C(=O)Nc2nc3cccc(Cl)c3n2[C@@H]2CCCCN(C(=O)/C=C/CN(C)C)C2)ccn1,0.0048518265
N[C@@]1(C(=O)O)CC[C@H]2[C@H](C(=O)O)[C@H]21,4.07096e-05
N=C(N)NCCC[C@H](NC(=O)c1sccc1NS(=O)(=O)c1cccc2nsnc12)C(=O)O,3.7381837e-05
CCn1c2ccccc2c2cc(Nc3ccnc(NCCCN4CCOCC4)n3)ccc21,0.0010217689
CCN(c1nc(N)c(C(=O)N=C(N)N)nc1Cl)C(C)C,0.0008876646
CCSC(=N)N,0.002991883
CCC(CC)n1ccc2c(C(=O)NCc3c(C)cc(C)[nH]c3=O)cc(C#N)cc21,0.0024881542
CCNCCc1ccc(CN(CC)c2cc(OC)ccc2[C@@H]2CCc3cc(O)ccc3C2)cc1,0.0015261322
COc1cc2c(cc1OC)CN(CCc1ccc(NC(=O)c3cccc4c(=O)c5cccc(OC)c5[nH]c34)cc1)CC2,0.0011533777
CCC(=C/[C@H](C)C/C=C/C(C)=C/[C@H](C)C(=O)[C@H](C)[C@@H](O)[C@H](C)C/C(C)=C/C(=O)O)/C=C/[C@H]1OC(=O)C=C[C@@H]1C,0.00036592144
CCCCCCCC/C=C/CCCCCCCC(=O)OC[C@H]1O[C@@H](n2ccc(N)nc2=O)[C@@H](O)[C@@H]1O,0.0037310324
CSc1ccc(C(=O)/C=C/c2cc(C)c(OC(C)(C)C(=O)O)c(C)c2)cc1,0.0063869897
COc1cccc(-c2c(C)n(Cc3c(F)cccc3C(F)(F)F)c(=O)n(C[C@H](NCCCC(=O)O)c3ccccc3)c2=O)c1F,5.357988e-07
COC(=O)N[C@H](C(=O)N1CCC[C@H]1c1nc(-c2ccc3c(c2)O[C@@H](c2ccccc2)n2c-3cc3cc(-c4c[nH]c([C@@H]5CCCN5C(=O)[C@@H](NC(=O)OC)C(C)C)n4)ccc32)c[nH]1)C(C)C,0.00013486153
C=C1/C(=C\C=C2/CCC[C@]3(C)[C@@H]([C@H](C)CCCC(C)(C)O)CC[C@@H]23)C[C@@H](O)[C@@H](OCCCO)[C@@H]1O,0.00018594896
O=C1c2cc(-c3ccc(OC(F)(F)F)cc3)ccc2OCCN1Cc1ncccn1,1.733126e-06
C=C[C@]1(C)CC[C@@H](C(=C)C)C[C@@H]1C(=C)C,0.0018012234
CN(NC(=O)CC(=O)NN(C)C(=S)c1ccccc1)C(=S)c1ccccc1,0.022810409
CN1CCC[C@@H]1Cc1c[nH]c2ccc(CCS(=O)(=O)c3ccccc3)cc12,0.0023809162
CCCCCCCC(=O)N[C@H](CN1CCCC1)[C@H](O)c1ccc2c(c1)OCCO2,0.00020836014
CNc1cc2[nH]c(=O)n(-c3ccc(NC(=O)NS(=O)(=O)c4ccc(Cl)s4)cc3)c(=O)c2cc1F,0.0025340673
O[C@@H](CN1CCC(Cc2ccc(F)cc2)CC1)c1ccc(Cl)cc1,0.00052411406
O=c1oc2c(O)c(O)cc3c(=O)oc4c(O)c(O)cc1c4c23,0.20728531
O=C(c1cccc(N2Cc3cccc(Cl)c3C2=O)c1)N1CCC2(CC1)CCN(c1ccncc1)CC2,0.00011558203
NC(=O)/C(=C\n1cnc(-c2cc(C(F)(F)F)cc(C(F)(F)F)c2)n1)c1cncnc1,2.5683462e-11
CC(=O)[C@H]1CC[C@H]2[C@@H]3CC[C@@H]4C[C@H](O)CC[C@]4(C)[C@H]3CC[C@]12C,1.9002135e-05
c1cc2c(c(N3CCNCC3)c1)OCCO2,0.00053111085
CC1=NN(c2ccc(C)c(C)c2)C(=O)/C1=N\Nc1cccc(-c2cccc(C(=O)O)c2)c1O,0.01647593
COc1ccc(CN(C(=O)[C@@H](N)Cc2c(C)cc(C(N)=O)cc2C)[C@@H](C)c2nc(-c3ccccc3)c[nH]2)cc1C(=O)O,0.0038442672
COc1cc2c(cc1Cc1cccc(Cl)c1F)c(=O)c(C(=O)O)cn2[C@H](CO)C(C)C,0.3857889
CN[C@@H]1[C@@H](C)O[C@@H](O[C@H]2[C@H](C)O[C@@H](O[C@@H]3/C(C)=C/C[C@@H]4C[C@@H](C[C@]5(C=C[C@H](C)[C@@H](C(C)C)O5)O4)OC(=O)[C@@H]4C=C(C)[C@@H](O)[C@H]5OC/C(=C\C=C\[C@@H]3C)[C@]54O)C[C@@H]2OC)C[C@H]1OC,1.1611875e-06
CCCCCCCCCCCC1C(=O)C(=O)C=C(O)C1=O,0.05094138
CN1CCC(COc2cnc(-c3cccc(Cn4nc(-c5cccc(C#N)c5)ccc4=O)c3)nc2)CC1,0.0067152786
Cc1[nH]c2ccc(Cl)cc2c1C1=CCNCC1,0.006652491
COc1ccc(C(=O)N2CCCc3cc(C4=NNC(=O)S[C@@H]4C)ccc32)cc1OC,0.0075559253
CCCCc1nc2ccn(CC(=O)N(C)C)c(=O)c2n1Cc1ccc(-c2ccccc2-c2nn[nH]n2)cc1,0.0076750712
CN(C)CCNC(=O)NC[C@H]1CC[C@@H]2[C@H](O1)c1cc(C(F)(F)F)ccc1N[C@H]2c1ccccc1,5.1440754e-08
CCOCCn1c(N2CCCN(C)CC2)nc2ccccc21,0.0003926335
O=C(NCCS)c1cccc(C(=O)NCCS)c1,0.0012383956
CC[C@H]1CN2CCc3cc(OC)c(OC)cc3[C@@H]2C[C@@H]1C[C@H]1NCCc2cc(OC)c(OC)cc21,0.000103333725
CCOC(=O)c1ccc(OCCN2C[C@H](O)[C@@H](O)[C@H](O)[C@H]2CO)cc1,3.350768e-05
NCC[C@@H](O)c1cccc(OCC2CCCCC2)c1,0.0008585553
CC(C)C[C@@H]1C(=O)O[C@H](C)C(=O)N(C)[C@@H](CC(C)C)C(=O)O[C@H](Cc2ccc(N3CCOCC3)cc2)C(=O)N(C)[C@@H](CC(C)C)C(=O)O[C@H](C)C(=O)N(C)[C@@H](CC(C)C)C(=O)O[C@H](Cc2ccc(N3CCOCC3)cc2)C(=O)N1C,2.31683e-06
Cc1cc(O)c2c(c1)C(=O)c1cc(O)cc(O)c1C2=O,0.11659667
CCOc1c(N2CCOCC2)cnn(C)c1=O,0.0011100274
CCc1nc(C)ccc1O,0.0057038707
OC[C@H]1O[C@@H](c2ccc(Cl)c(Cc3ccc(O[C@H]4CCOC4)cc3)c2)[C@H](O)[C@@H](O)[C@@H]1O,0.0005763131
C[C@H](NC(=O)C(=O)Nc1ccccc1C(C)(C)C)C(=O)N[C@@H](CC(=O)O)C(=O)COc1c(F)c(F)cc(F)c1F,0.99591416
Nc1nc(=O)n([C@@H]2CS[C@H](CO)O2)cc1F,0.0056855534
CCOC(=O)[C@H](CCc1ccccc1)N[C@@H](C)C(=O)N1CCC[C@H]1C(=O)O,0.00021559288
C[C@H](N[C@@H](CCc1ccccc1)C(=O)O)C(=O)N1CCC[C@H]1C(=O)O,0.0004422353
CC(C)(O)CNc1nc(Nc2ccnc(C(F)(F)F)c2)nc(-c2cccc(C(F)(F)F)n2)n1,1.73631e-10
C=C(C#N)C(=O)OCCCC,0.00013554521
COc1ccccc1N1CCN(C[C@@H](O)COc2cc(OC)c(OC)c(OC)c2)CC1,0.00030023654
COC(=O)N[C@@H](C)CNc1nccc(-c2cn(C(C)C)nc2-c2cc(Cl)cc(NS(C)(=O)=O)c2F)n1,0.0016232067
O=C(Nc1cccc2cccnc12)c1ccc(N2C(=O)[C@@H]3[C@H](C2=O)[C@@H]2C=C[C@H]3C2)cc1,0.0016757414
CC/C(=C(\c1ccc(O)cc1)c1ccc(OCCNC)cc1)c1ccccc1,0.006536577
FC(F)OC(F)(F)[C@@H](F)Cl,8.0133065e-09
C=CCO[C@H](Cn1ccnc1)c1ccc(Cl)cc1Cl,0.11398637
C#Cc1c[nH]c(=O)[nH]c1=O,0.0023458814
Cc1cc(-n2cccc2)c(S(C)(=O)=O)cc1C(=O)NC(=N)N,0.00081276847
C[n+]1ccc(C(=O)NCc2ccccc2)cc1,0.005248896
Cc1cc(Nc2cc(N3CCN(C)CC3)nc(/C=C/c3ccccc3)n2)[nH]n1,0.002770536
CCCCCCCCCCCCCCCCCCCCCC(=O)Nc1ccn([C@@H]2O[C@H](CO)[C@@H](O)[C@@H]2O)c(=O)n1,0.19167738
CCn1cc(C(=O)O)c(=O)c2cc(F)c(N3CCNCC3)nc21,0.65513676
CSc1ccc(C(=O)c2[nH]c(=O)[nH]c2C)cc1,0.0041536
CC1(C)[C@@H](O)CC[C@]2(C)[C@H]3C(=O)C=C4[C@@H]5C[C@@](C)(C(=O)O)CC[C@]5(C)CC[C@@]4(C)[C@]3(C)CC[C@@H]12,0.0004094024
CCCn1c(=O)[nH]c(=O)c2[nH]cnc21,0.009529035
CCN1CCN(c2cc3c(cc2F)c(=O)c(C(=O)O)cn3C2CC2)CC1,0.5617416
CCN(CC)C(=O)/C(C#N)=C/c1cc(O)c(O)c([N+](=O)[O-])c1,0.0029067171
O=C(Nc1ccc2ncccc2c1)C(=O)c1cn(Cc2ccc(Cl)cc2)c2ccccc12,0.16788183
C=C1[C@H](CO)[C@@H](O)C[C@@H]1n1cnc2c(=O)nc(N)[nH]c21,0.00026143622
Nc1ccccc1NC(=O)c1ccc(CNC(=O)OCc2cccnc2)cc1,0.002667207
CN1CCN(c2ccc(C(=O)Nc3[nH]nc4ccc(Cc5cc(F)cc(F)c5)cc34)c(NC3CCOCC3)c2)CC1,0.07655045
CNC(=O)c1ccc(N2C(=S)N(c3ccc(C#N)c(C(F)(F)F)c3)C(=O)C2(C)C)cc1F,1.2606357e-07
Cn1cc(C2=C(c3cn(C4CCN(Cc5ccccn5)CC4)c4ccccc34)C(=O)NC2=O)c2ccccc21,0.010329073
O=C(O)c1cc(N2N=C(C(F)(F)F)/C(=C/c3ccc(-c4ccccc4)o3)C2=O)ccc1Cl,5.2785497e-05
Cc1ccccc1C(=O)c1ccc(Nc2ccc(Br)cc2N)cc1Cl,0.30055758
NS(=O)(=O)NCCNc1nonc1C(=Nc1ccc(F)c(Br)c1)NO,0.0046206913
CC(/C=C1\SC(=S)N(CC(=O)O)C1=O)=C\c1ccccc1,0.007068904
CC(=O)NC[C@H]1CN(c2ccc(N3CCN(C(=O)CO)CC3)c(F)c2)C(=O)O1,0.0030734334
CCc1ccc(C(=O)[C@@H](C)CN2CCCCC2)cc1,0.00062393217
NC[C@H]1OB(O)c2c(OCCCO)cccc21,0.0011497374
CN[C@@H](C)[C@H](O)c1ccccc1,0.005087149
CN[C@@H](C)[C@@H](O)c1ccccc1,0.0043993965
C[C@]12CC[C@H](O)C[C@@H]1CC[C@@H]1[C@@H]2CC[C@]2(C)C(=O)CC[C@@H]12,1.0277176e-05
O=C(O[C@@H]1Cc2c(O)cc(O)cc2O[C@@H]1c1ccc(O)c(O)c1)c1cc(O)c(O)c(O)c1,0.009755395
C[C@]12CC[C@@H]3c4ccc(O)cc4CC[C@H]3[C@@H]1C[C@H](O)[C@@H]2O,8.699124e-05
Oc1cc(O)c2c(c1)O[C@H](c1cc(O)c(O)c(O)c1)[C@H](O)C2,0.005100631
O=C(O[C@@H]1Cc2c(O)cc(O)cc2O[C@@H]1c1cc(O)c(O)c(O)c1)c1cc(O)c(O)c(O)c1,0.0112699885
NC1=NC[C@@H]2c3ccccc3Cc3ccccc3N12,0.0016461711
CNC[C@H](O)c1ccc(O)c(O)c1,0.0037977304
COc1cc(C)nc(-n2nc(C)cc2OC)n1,0.0015546386
COc1cccc2c1C(=O)c1c(O)c3c(c(O)c1C2=O)C[C@@](O)(C(=O)CO)C[C@@H]3O[C@H]1C[C@H](N)[C@@H](O)[C@H](C)O1,0.009586599
C[C@]12C[C@H]3S[C@H]3C[C@@H]1CC[C@@H]1[C@@H]2CC[C@]2(C)[C@@H](O)CC[C@@H]12,2.1574837e-05
COC(=O)[C@@H]1CC2=CC(=O)CC[C@]2(C)[C@@]23O[C@@H]2C[C@@]2(C)[C@@H](CC[C@@]24CCC(=O)O4)[C@H]13,1.1892141e-06
CCCCC[C@H](O)/C=C/[C@@H]1[C@H]2C/C(=C/CCCC(=O)O)O[C@H]2C[C@H]1O,0.00043107866
C/C(=C\c1csc(C)n1)[C@@H]1C[C@@H]2O[C@@H]2CCC[C@H](C)[C@H](O)[C@@H](C)C(=O)C(C)(C)[C@@H](O)CC(=O)O1,0.0005656214
C/C(=C\c1csc(C)n1)[C@@H]1C[C@@H]2O[C@]2(C)CCC[C@H](C)[C@H](O)[C@@H](C)C(=O)C(C)(C)[C@@H](O)CC(=O)O1,0.0012090529
C/C1=C/C[C@@H](/C(C)=C/c2csc(C)n2)OC(=O)C[C@H](O)C(C)(C)C(=O)[C@H](C)[C@@H](O)[C@@H](C)CCC1,0.00052130007
CCOc1cccc(NC(=O)c2ccc(N3CCCC3)c(C(F)(F)F)c2)c1,5.525897e-07
CCO[C@@H](CN1CCN(C[C@@H](C)C(=O)c2ccccc2)CC1)c1ccccc1,0.0002567926
CC[C@H](C)[C@H]1O[C@]2(C=C[C@@H]1C)C[C@@H]1C[C@@H](C/C=C(\C)[C@@H](O[C@H]3C[C@H](OC)[C@@H](O[C@H]4C[C@H](OC)[C@@H](NC(C)=O)[C@H](C)O4)[C@H](C)O3)[C@@H](C)/C=C/C=C3\CO[C@@H]4[C@H](O)C(C)=C[C@@H](C(=O)O1)[C@]34O)O2,1.772575e-05
CC(C)(C)NC(=O)[C@H]1CC[C@H]2[C@@H]3CC=C4C=C(C(=O)O)CC[C@]4(C)[C@H]3CC[C@]12C,1.6985843e-05
O=C(NCCCN1CCOCC1)c1ccc(Cl)cc1,0.00064637634
O=S(=O)(O)CCCS(=O)(=O)O,4.1610627e-05
CCCCc1ncc(/C=C(\Cc2cccs2)C(=O)O)n1Cc1ccc(C(=O)O)cc1,0.0034936238
N=C(N)NCCCC[C@@H]1NC(=O)CCSSC[C@@H](C(N)=O)NC(=O)[C@@H]2CCCN2C(=O)[C@H](Cc2c[nH]c3ccccc23)NC(=O)[C@H](CC(=O)O)NC(=O)CNC1=O,0.001032995
CC(C)N(C[C@H]1O[C@@H](n2cnc3c(N)ncnc32)[C@H](O)[C@@H]1O)[C@H]1C[C@@H](CCc2nc3ccc(C(C)(C)C)cc3[nH]2)C1,7.9424804e-05
CC(C)N(CCCNC(=O)Nc1ccc(C(C)(C)C)cc1)C[C@H]1O[C@@H](n2ccc3c(N)ncnc32)[C@H](O)[C@@H]1O,0.00017181497
Cc1cc(C)c(CNC(=O)c2cc(-c3ccc(CN4CCOCC4)cc3)cc3c2cnn3C2CCCC2)c(=O)[nH]1,0.00026862673
CCN(c1cc(C#CCN2CCOCC2)cc(C(=O)NCc2c(C)cc(C)[nH]c2=O)c1C)[C@H]1CC[C@H](N(C)CCOC)CC1,4.931008e-05
O=C(NC[C@H](O)CN1CCc2ccccc2C1)c1cc(NC2COC2)ncn1,0.00020776676
CNCCN(C)Cc1c[nH]nc1-c1ccc(O[C@H]2C[C@H](OCCC3CCOCC3)C2)cc1,0.00077260553
C[C@@]12CC[C@H]3C(=CCc4cc(O)ccc43)[C@@H]1CCC2=O,5.2470128e-05
Oc1ccc([C@H]2COc3cc(O)ccc3C2)cc1,0.0019048225
Cc1ccc2c(=O)c3ccccc3n(CCCN)c2c1C,0.008539331
CC(C)c1cccc2c(-c3ccccc3)cc(-c3ccc(-c4ccc(C(=O)O)cc4)[nH]3)nc12,0.0072582755
CCOc1ccccc1-n1c([C@@H](C)N2CCN(C(=O)COc3ccc(Cl)cc3)CC2)nc2ccccc2c1=O,0.00010709069
CN(C)[C@@H]1C(=O)[C@@H](C(N)=O)C(=O)[C@@]2(O)C(=O)[C@@H]3C(=O)c4c(O)c(NC(=O)CN5CCCC5)cc(F)c4C[C@H]3C[C@@H]12,9.006628e-05
COC(=O)/C=C/c1cc(O)ccc1O,0.0023816265
C=C1/C(=C\C=C2/CCC[C@]3(C)[C@@H]([C@H](C)/C=C/[C@H](C)C(C)(C)O)CC[C@@H]23)C[C@@H](O)C[C@@H]1O,0.00011990953
COc1cc(OC)cc(N(CCNC(C)C)c2ccc3ncc(-c4cnn(C)c4)nc3c2)c1,0.0061020693
O=C(O)CSCC(=O)N[C@H]1CCSC1=O,0.0007390572
C=C1CC[C@H](O)C/C1=C/C=C1\CCC[C@]2(C)[C@@H]([C@H](C)/C=C/[C@H](C)C(C)C)CC[C@@H]12,6.358182e-05
C[C@@H](CO)NC(=O)[C@@H]1C=C2c3cccc4[nH]cc(c34)C[C@H]2N(C)C1,0.0009231983
CC(C)[C@@H](C)/C=C/[C@@H](C)[C@H]1CC[C@H]2C3=CC=C4C[C@@H](O)CC[C@]4(C)[C@H]3CC[C@]12C,6.088093e-05
CN1C[C@H](C(=O)N[C@]2(C)O[C@@]3(O)[C@@H]4CCCN4C(=O)[C@H](Cc4ccccc4)N3C2=O)C=C2c3cccc4[nH]cc(c34)C[C@H]21,0.00014185297
COc1cc(N2CCN(C)CC2)ccc1Nc1ncc2c(n1)N(C)c1ccccc1C(=O)N2C,0.0012004371
C#Cc1cccc(Nc2ncnc3cc(OCCOC)c(OCCOC)cc23)c1,0.002663469
C[C@@H](O)[C@@H]1C(=O)N2C(C(=O)O)=C(S[C@@H]3CN[C@H](C(=O)Nc4cccc(C(=O)O)c4)C3)[C@H](C)[C@H]12,0.94516516
Oc1ccc([C@@H]2Oc3ccc(O)cc3[C@@H]3CCC[C@@H]32)cc1,0.00093938876
CCOc1ccc(Cc2cc([C@]34OC[C@](CO)(O3)[C@@H](O)[C@H](O)[C@H]4O)ccc2Cl)cc1,3.126765e-05
OC[C@@H](O)[C@@H](O)CO,0.0005036022
CC[C@H]1OC(=O)[C@H](C)[C@@H](O[C@H]2C[C@@](C)(OC)[C@@H](O)[C@H](C)O2)[C@H](C)[C@@H](O[C@@H]2O[C@H](C)C[C@H](N(C)C)[C@H]2O)[C@](C)(O)C[C@@H](C)C(=O)[C@H](C)[C@@H](O)[C@]1(C)O,0.047613326
CCC(=O)O[C@H]1[C@H](O[C@@H]2[C@@H](C)[C@H](O[C@H]3C[C@@](C)(OC)[C@@H](O)[C@H](C)O3)[C@@H](C)C(=O)O[C@H](CC)[C@@](C)(O)[C@H](O)[C@@H](C)C(=O)[C@H](C)C[C@@]2(C)O)O[C@H](C)C[C@@H]1N(C)C,0.06564532
CCOC(=O)CCC(=O)O[C@H]1[C@H](O[C@@H]2[C@@H](C)[C@H](O[C@H]3C[C@@](C)(OC)[C@@H](O)[C@H](C)O3)[C@@H](C)C(=O)O[C@H](CC)[C@@](C)(O)[C@H](O)[C@@H](C)C(=O)[C@H](C)C[C@@]2(C)O)O[C@H](C)C[C@@H]1N(C)C,0.0080285305
O=C1OC2(c3ccccc31)c1cc(I)c(O)c(I)c1Oc1c2cc(I)c(O)c1I,0.00081558083
O=C(CN1CCNCC1)NC1CCCCC1,0.00018752973
Cc1c(C(=O)Nc2ccc(S(C)(=O)=O)cc2)cn(CCO)c1-c1ccccc1C(F)(F)F,1.4725528e-06
CC=C(C)C(=O)O[C@H]1[C@H](OC(C)=O)[C@]2(CO)[C@H](O)C[C@]3(C)C(=CC[C@@H]4[C@@]5(C)CC[C@H](O[C@@H]6O[C@H](C(=O)O)[C@@H](O[C@@H]7O[C@H](CO)[C@@H](O)[C@H](O)[C@H]7O)[C@H](O)[C@H]6O[C@@H]6O[C@H](CO)[C@@H](O)[C@H](O)[C@H]6O)[C@](C)(CO)[C@@H]5CC[C@]43C)[C@@H]2CC1(C)C,7.297949e-10
O=c1ccc2cc(O[C@@H]3O[C@H](CO)[C@@H](O)[C@H](O)[C@H]3O)c(O)cc2o1,0.00032966206
CN1CC[C@@]2(C)c3cc(O)ccc3N(C)[C@@H]12,0.0016629812
CC(C)(C)c1cc(C(=O)/C(C#N)=N/Nc2cccc(Cl)c2)no1,0.0003837854
CC(=O)O[C@H]1Cc2ccccc2N(C(N)=O)c2ccccc21,0.0039132712
COC(=O)CCc1ccc(OC[C@@H](O)CNC(C)C)cc1,0.0017943606
COc1ccc2nc([S@@](=O)Cc3ncc(C)c(OC)c3C)[nH]c2c1,0.0030543476
CC(=O)SC[C@H](CC(=O)c1ccc(C)cc1)C(=O)O,0.00077280257
C[C@]12CC[C@@H]3c4ccc(O)cc4CC[C@H]3[C@@H]1[C@@H](O)[C@@H](O)[C@@H]2O,0.000115639246
C[C@]12CC[C@@H]3c4ccc(O)cc4CC[C@H]3[C@@H]1CC[C@@H]2O,6.445291e-05
CC(=O)Oc1ccc2c(c1)CC[C@@H]1[C@@H]2CC[C@]2(C)[C@@H](O)CC[C@@H]12,8.454256e-05
C[C@]12CC[C@@H]3c4ccc(OC(=O)c5ccccc5)cc4CC[C@H]3[C@@H]1CC[C@@H]2O,7.101466e-05
C[C@]12CC[C@@H]3c4ccc(O)cc4CC[C@H]3[C@@H]1CC[C@@H]2OC(=O)CCC1CCCC1,1.434961e-05
CCCCC(=O)O[C@H]1CC[C@H]2[C@@H]3CCc4cc(O)ccc4[C@H]3CC[C@]12C,4.0694653e-05
C[C@]12CC[C@@H]3c4ccc(OS(N)(=O)=O)cc4CC[C@H]3[C@@H]1CC[C@@H]2O,5.463302e-06
C[C@]12CC[C@@H]3c4ccc(OC(=O)N(CCCl)CCCl)cc4CC[C@H]3[C@@H]1CC[C@@H]2O,6.9004914e-06
C[C@]12CC[C@@H]3c4ccc(OC(=O)N(CCCl)CCCl)cc4CC[C@H]3[C@@H]1CC[C@@H]2OP(=O)(O)O,3.002185e-07
C[C@]12CC[C@@H]3c4ccc(O)cc4CC[C@H]3[C@@H]1C[C@@H](O)[C@@H]2O,8.502879e-05
C[C@]12CC[C@@H]3c4ccc(O)cc4CC[C@H]3[C@@H]1CCC2=O,3.7282367e-05
C[C@]12CC[C@@H]3c4ccc(OS(=O)(=O)O)cc4CC[C@H]3[C@@H]1CCC2=O,2.183652e-06
C=C(CC)C(=O)c1ccc(OCC(=O)O)c(Cl)c1Cl,0.0016323165
CCN(CC)CCOc1ccccc1C(=O)CCc1ccccc1,0.0010221876
O=S(=O)(O)c1cc(O)ccc1O,0.00020217629
O=C(Cn1ccnc1[N+](=O)[O-])NCCO,0.013881215
CCOC(=O)c1cnc2c(cnn2CC)c1NN=C(C)C,0.002268102
Cn1c(=O)c2c(ncn2CC(=O)Nc2ccc(-c3ccccc3)nn2)n(C)c1=O,0.005153997
N#Cc1ccc(-c2cnc3ccc(-c4ccc(C(=O)N5CCOCC5)cc4)cn23)cc1,0.0005819965
CCN(CC)S(=O)(=O)c1ccc(C(=O)O)cc1,2.1718472e-05
CCC1(c2ccccc2)C(=O)N(COC)C(=O)N(COC)C1=O,0.0004443166
CCOC(=O)Nc1ccc2c(c1)N(C(=O)CCN(CC)CC)c1ccccc1S2,0.000327828
CCOc1ccc2nc3cc(N)ccc3c(N)c2c1,0.0055168266
CC[C@@H](CO)NCCN[C@@H](CC)CO,0.001647867
CCN(CC)C(=O)c1ccc(O)c(OC)c1,0.0005690326
CCCCCCCC/C=C\CCCCCCCC(=O)O,0.044604633
CCOc1ccc(Cc2nccc3cc(OCC)c(OCC)cc23)cc1OCC,0.005037435
CCOc1ccccc1C(N)=O,0.0039145667
CCn1cnc(C(=O)NC)c1C(=O)NC,0.0012812993
C#C[C@]1(O)CC[C@H]2[C@@H]3CCc4cc(O)ccc4[C@H]3CC[C@@]21C,7.132351e-06
CCc1cc(C(N)=S)ccn1,0.0040608146
C#C[C@]1(O)CC[C@H]2[C@@H]3CCC4=CC(=O)CC[C@]4(C)[C@H]3CC[C@@]21C,2.0248845e-06
CCOc1cc(NC(C)=O)ccc1C(=O)OC,0.0019257794
CC[C@@]1(C)CC(=O)NC1=O,0.0011660191
CCN1C(=O)N[C@H](c2ccccc2)C1=O,0.0014971908
CCOc1ccc2c(c1)C(C)=CC(C)(C)N2,0.0016293406
CCOc1ccc2nc(S(N)(=O)=O)sc2c1,9.5134186e-05
CCOC(=O)c1ccc(O)cc1,0.0020032763
C=C(O)C(=O)OCC,0.00076299993
CCOc1cc(C=O)ccc1O,0.003685385
CCOC(=O)c1ccccc1OC(N)=O,0.0020243812
O=C(O)CN(CCN(CC(=O)O)CC(=O)O)CC(=O)O,5.8410234e-05
CC[C@@H](N)[C@@H](O)c1ccc(O)c(O)c1,0.003526272
C#C[C@]1(OC(C)=O)CC[C@H]2[C@@H]3CCC4=C[C@@H](OC(C)=O)CC[C@@H]4[C@H]3CC[C@@]21C,2.6712378e-06
C#C[C@@]1(O)[C@@H](CO)O[C@@H](n2ccc(N)nc2=O)[C@@H]1O,1.2284905e-05
CCc1cc(Cl)c(OC)c(C(=O)NC[C@@H]2CCCN2CC)c1O,0.00047637688
CC(O)(P(=O)(O)O)P(=O)(O)O,3.4710624e-08
CCc1cccc(CC)c1NC(=O)CN(CC(=O)O)CC(=O)O,0.0005716657
CCNC1=Nc2ccc(Cl)cc2[C@](C)(c2ccccc2)O1,0.005719731
CCNCC(O)c1cccc(O)c1,0.0034338064
CCOC(=O)[C@@H](N)Cc1ccc(O)c(O)c1,0.0006494791
CCc1cc2c(s1)-n1c(C)nnc1CN=C2c1ccccc1Cl,0.0014989054
CCc1cccc2c3c([nH]c12)[C@](CC)(CC(=O)O)OCC3,0.0009589631
O=C(OCCOCCO)c1ccccc1Nc1cccc(C(F)(F)F)c1,1.9811503e-07
CC(C)(Oc1ccc(Cl)cc1)C(=O)OCCOC(=O)c1cccnc1,0.00036785824
Cn1c(=O)c2c(ncn2CCO)n(C)c1=O,0.0012827885
Cn1c(=O)c2c(ncn2CCOC(=O)C(C)(C)Oc2ccc(Cl)cc2)n(C)c1=O,0.00032195792
CCOC(=O)c1cncn1[C@H](C)c1ccccc1,0.0026673337
CCOC(=O)[C@@]1(CCCCCCOc2ccc(Cl)cc2)CO1,0.00037494677
C#C[C@]1(O)CC[C@H]2[C@@H]3CCC4=CC(=O)CC[C@@H]4[C@H]3C(=C)C[C@@]21CC,3.1694668e-07
COc1cc([C@@H]2c3cc4c(cc3[C@@H](O[C@@H]3O[C@@H]5CO[C@@H](C)O[C@H]5[C@H](O)[C@H]3O)[C@H]3COC(=O)[C@H]23)OCO4)cc(OC)c1O,6.58152e-06
COc1cc([C@@H]2c3cc4c(cc3[C@@H](O[C@@H]3O[C@@H]5CO[C@@H](C)O[C@H]5[C@H](O)[C@H]3O)[C@H]3COC(=O)[C@H]23)OCO4)cc(OC)c1OP(=O)(O)O,9.46162e-08
Cc1ccc(-c2ncc(Cl)cc2-c2ccc(S(C)(=O)=O)cc2)cn1,0.014014533
CCOCCOc1ccccc1C(N)=O,0.0029002454
O=C(CCCO)NCCO,0.00081415364
Cn1ncc2c(N3CCOCC3)nc(-c3cccc(O)c3)nc21,0.0019884706
CC(C)(C#N)c1ccc(N2C(=O)OCc3cnc4ccc(-c5cnc6ccccc6c5)cc4c32)cc1,0.0037958762
CN[C@H]1CCc2ncsc2C1,0.0023708008
O=C(O)C[C@H]1CCc2c1[nH]c1ccc(OCc3ccc(C4CCCC4)c(C(F)(F)F)c3)cc21,7.7924943e-07
Cc1cc(C#N)cc(C)c1Oc1nc(Nc2ccc(C#N)cc2)nc(N)c1Br,0.006206519
CCOC(=O)/C=C(C)/C=C/C=C(C)/C=C/c1c(C)cc(OC)c(C)c1C,0.002665286
CC12CCC(CC1)C(C)(C)O2,0.0049868245
C[C@H]1C[C@H](OC(=O)[C@@H](O)c2ccccc2)CC(C)(C)N1C,0.008514703
C=CCc1ccc(O)c(OC)c1,0.0051439577
COc1cccc2c1[O][Mn]13([Cl])[O]c4c(cccc4OC)C=[N+]1CC[N+]3=C2,3.176163e-07
COc1ccc(-c2cc(=O)c3c(O)c(OC)c(O)cc3o2)cc1OC,0.019548705
Cc1cc(C)c2c(c1)[C@@H](N(Cc1cc(C(F)(F)F)cc(C(F)(F)F)c1)c1nnn(C)n1)CCCN2C[C@H]1CC[C@H](C(=O)O)CC1,3.7753056e-12
Cc1cc(-c2ccc(NN=C3C=Cc4c(S(=O)(=O)O)cc(S(=O)(=O)O)c(N)c4C3=O)c(C)c2)ccc1NN=C1C=Cc2c(S(=O)(=O)O)cc(S(=O)(=O)O)c(N)c2C1=O,3.428151e-08
CC(C)(C)c1ccc(CN(Cc2cccc(OCC(=O)O)c2)S(=O)(=O)c2cccnc2)cc1,0.002346499
CCCCOc1cccc(CCNCC(=O)N(C)C)c1,0.004896385
CO[C@H]1C[C@@H]2CC[C@@H](C)[C@@](O)(O2)C(=O)C(=O)N2CCCC[C@H]2C(=O)O[C@H]([C@H](C)C[C@@H]2CC[C@@H](OCCO)[C@H](OC)C2)CC(=O)[C@H](C)/C=C(\C)[C@@H](O)[C@@H](OC)C(=O)[C@H](C)C[C@H](C)/C=C/C=C/C=C/1C,0.00044256533
C=CC(=O)N1CCC(CNc2ncnc(N)c2-c2ccc(Oc3ccccc3)cc2)CC1,0.00043829888
C[C@@H](N[C@H]1CCN(c2ccc(CC(=O)O)cc2)C1)c1cccc2ccccc12,0.0006078998
CN1c2ccccc2C(=O)N2CCc3c([nH]c4ccccc34)[C@H]21,0.0016997674
O=C(N[C@H]1CN2CCC1CC2)c1cc2cccc(Cl)c2s1,0.0005689172
Nc1ccc2ncnc(NCCc3ccc(Oc4ccccc4)cc3)c2c1,0.0054697413
Cc1cccc(-c2nc(CNc3ccccc3F)[nH]c2-c2ccc3ncnn3c2)n1,0.0036924286
NC(=O)[C@H]1CCCc2c1[nH]c1ccc(Cl)cc21,0.0056307777
CCCCCCOc1ccccc1C(N)=O,0.010407209
Cc1[nH]c2ccccc2c1C[C@@H](NC(=O)[C@@H](N)Cc1cnc[nH]1)C(=O)N[C@@H](C)C(=O)N[C@@H](Cc1c[nH]c2ccccc12)C(=O)N[C@H](Cc1ccccc1)C(=O)N[C@@H](CCCCN)C(N)=O,0.07402133
CC[C@@]1(O)C(=O)OCc2c1cc1n(c2=O)Cc2c-1nc1cc(F)c(C)c3c1c2[C@@H](N)CC3,0.0006001954
C=C1C[C@@H]2[C@H](CC[C@]3(C)C(=O)CC[C@@H]23)[C@@]2(C)C=CC(=O)C=C12,3.7557533e-05
CC[C@H](C)[C@H](NC(=O)[C@H](Cc1ccccc1)NC(=O)[C@H](CC(C)C)NC(=O)[C@H](CCCNC(=N)N)NC(=O)[C@@H](NC(=O)[C@H](C)NC(=O)[C@H](CCC(=O)O)NC(=O)[C@H](CCC(=O)O)NC(=O)[C@H](CCC(=O)O)NC(=O)[C@H](CCSC)NC(=O)[C@H](CCC(N)=O)NC(=O)[C@H](CCCCN)NC(=O)[C@H](CO)NC(=O)[C@H](CC(C)C)NC(=O)[C@H](CC(=O)O)NC(=O)[C@H](CO)NC(=O)[C@@H](NC(=O)[C@H](Cc1ccccc1)NC(=O)[C@@H](NC(=O)CNC(=O)[C@H](CCC(=O)O)NC(=O)CNC(=O)[C@@H](N)Cc1c[nH]cn1)[C@@H](C)O)[C@@H](C)O)C(C)C)C(=O)N[C@@H](CCC(=O)O)C(=O)N[C@@H](Cc1c[nH]c2ccccc12)C(=O)N[C@@H](CC(C)C)C(=O)N[C@@H](CCCCN)C(=O)N[C@@H](CC(N)=O)C(=O)NCC(=O)NCC(=O)N1CCC[C@H]1C(=O)N[C@@H](CO)C(=O)N[C@@H](CO)C(=O)NCC(=O)N[C@@H](C)C(=O)N1CCC[C@H]1C(=O)N1CCC[C@H]1C(=O)N1CCC[C@H]1C(=O)N[C@@H](CO)C(N)=O,1.0311333e-06
CC(=O)N[C@H]1CSSC[C@@H](C(N)=O)NC(=O)[C@H](C(C)C)NC(=O)[C@H](C)NC(=O)[C@H](Cc2cnc[nH]2)NC1=O,0.04174005
O=C(c1cc(O)c(O)c(O)c1)c1ccc(O)c(O)c1O,0.023204533
CC1=C(CC(=O)O)c2cc(F)ccc2/C1=C\c1ccc(S(C)(=O)=O)cc1,0.0057691615
O=C(Nc1cccc2cccnc12)c1ccc(N2C(=O)[C@@H]3[C@H](C2=O)[C@H]2C=C[C@@H]3C2)cc1,0.0016757414
COC(=O)c1ccccc1NC(=O)c1ccc(F)cc1,0.0075378744
CCOC(=O)[C@@H](N)CCC(=O)N[C@@H](CSCc1ccccc1)C(=O)N[C@@H](C(=O)OCC)c1ccccc1,0.00032630292
O=C1[C@H](CC[C@H](O)c2ccc(F)cc2)[C@@H](c2ccc(O)cc2)N1c1ccc(F)cc1,0.028957209
CCN(CC)c1ccc(-n2nc3cc(C)c(N)cc3n2)cc1,0.0040530134
CCCCCCCCC/C(=C\C1=C(C)C(=O)C(OC)=C(OC)C1=O)C(=O)O,0.000292152
C[C@H](NC(=O)c1c(C(F)F)nn(C)c1Oc1cccc(C(F)(F)F)c1)c1ccc(C(=O)O)cc1,1.4953933e-08
O=C1NNc2nc(CN3Cc4ccccc4C3)nc3cccc1c23,0.0007680781
Cc1ccc(NS(=O)(=O)c2cccc(C#N)c2)c2[nH]cc(C#N)c12,0.00044307014
Cn1c(=O)cnn(CCCCN2CCN(c3ncccn3)CC2)c1=O,0.0004103004
CC/C=C\C/C=C\C/C=C\C/C=C\C/C=C\C/C=C\CCC(=O)OCc1cccnc1,0.005365871
N#Cc1ccc([C@H]2CCCc3cncn32)cc1,0.0009158829
OC[C@H]1NCC[C@@H](O)[C@@H]1O,0.0006724909
C=C1/C(=C\C=C2/CCC[C@]3(C)[C@@H]([C@H](C)CCCC(O)(C(F)(F)F)C(F)(F)F)CC[C@@H]23)C[C@@H](O)C[C@@H]1O,1.9854855e-15
CC(=O)OCC(CCn1cnc2cnc(N)nc21)COC(C)=O,0.0012832236
N=C(N)Nc1nc(CSCC/C(N)=N\S(N)(=O)=O)cs1,6.4000225e-05
CC(C)c1c(CN(C)[C@@H](C)Cc2ccccc2)n(C)n(-c2ccccc2)c1=O,0.0066976454
O=S1(=O)c2cccc3cccc(c23)N1CCCN1CCN(c2ccc(F)cc2)CC1,0.00014227087
c1ccc(CCNc2nc(-c3ccccc3)cs2)cc1,0.0057080067
COc1ccc(CCN(C)CCCOc2ccc(S(=O)(=O)c3c(C(C)C)cn4ccccc34)cc2)cc1OC,0.012437764
O=C(c1ccc2nonc2c1)N1CCCCC1,0.0005097266
CC(C)=CCC/C(C)=C/CC/C(C)=C/CSc1ccccc1C(N)=O,0.0086779995
C[C@@H](O)[C@@H]1C(=O)N2C(C(=O)O)=C([C@H]3CCCO3)S[C@H]12,0.8420859
Cc1oc(=O)oc1COC(=O)C1=C([C@H]2CCCO2)S[C@@H]2[C@@H]([C@@H](C)O)C(=O)N12,0.17260927
O=C1CC[C@H](C(=O)N2CCCCC2)N1,0.00016045093
O=S(=O)(c1cccc2cnccc12)N1CCCNCC1,4.1706568e-05
NC(=O)c1nc(F)c[nH]c1=O,0.037436515
CO[C@H]1/C=C/O[C@@]2(C)Oc3c(C)c(O)c4c(O)c(c(/C=N/N=C/N5CCCCC5)c(O)c4c3C2=O)NC(=O)/C(C)=C\C=C\[C@H](C)[C@H](O)[C@@H](C)[C@@H](O)[C@@H](C)[C@H](OC(C)=O)[C@@H]1C,0.21964872
Nc1nc(=O)n([C@H]2C[C@H](O)[C@@H](CO)O2)cc1F,0.0051596966
CCCCOC[C@@H](O)COc1ccccc1,0.0042965147
Cc1nc(-c2ccc(OCC(C)C)c(C#N)c2)sc1C(=O)O,0.0044549094
Cc1cnc(Nc2ccc(OCCN3CCCC3)cc2)nc1Nc1cccc(S(=O)(=O)NC(C)(C)C)c1,6.7298584e-05
NC(=O)OCC(COC(N)=O)c1ccccc1,0.0013961438
O=C(O)Cc1ccc(-c2ccccc2)cc1,0.0031248084
CCOC(=O)Cc1ccc(-c2ccccc2)cc1,0.0032119271
CCOC(=O)C1=C(C)NC(C)=C(C(=O)OC)[C@@H]1c1cccc(Cl)c1Cl,4.432877e-05
NCCCC[C@H](NC(=O)[C@@H]1CCCN1C(=O)[C@@H]1CSSC[C@H](N)C(=O)N[C@@H](Cc2ccccc2)C(=O)N[C@@H](Cc2ccccc2)C(=O)N[C@@H](CCC(N)=O)C(=O)N[C@@H](CC(N)=O)C(=O)N1)C(=O)NCC(N)=O,0.0006012322
O=C(CCCl)NCCc1ccccc1,0.002290926
COC(=O)Nc1nc2ccc(Sc3ccccc3)cc2[nH]1,0.0050991043
O=C(O)CCC(=O)c1ccc(-c2ccccc2)cc1,0.0011112388
N[C@@H](Cc1ccc(Cl)cc1)C(=O)O,0.001957629
C[C@@H](NCCC(c1ccccc1)c1ccccc1)c1ccccc1,0.011601698
C[C@H]1CN(C2COC2)CCN1c1ccc(Nc2cc(-c3ccnc(N4CCn5c(cc6c5CC(C)(C)C6)C4=O)c3CO)cn(C)c2=O)nc1,0.0105699655
NC[C@@H](CC(=O)O)c1ccccc1,0.0027660578
CCCC[C@@H](O)c1ccccc1,0.004784763
CN1CC(=O)N=C1NC(=O)Nc1cccc(Cl)c1,0.002651958
CC(C)OC(=O)C(C)(C)Oc1ccc(C(=O)c2ccc(Cl)cc2)cc1,0.005110227
CC(C)(Oc1ccc(C(=O)c2ccc(Cl)cc2)cc1)C(=O)O,0.013007751
Oc1ccc([C@H]2CNCCc3c2cc(O)c(O)c3Cl)cc1,0.011299697
C[C@@H](C(=O)O)c1cccc(Oc2ccccc2)c1,0.004405115
C[C@@H](Cc1ccc(O)cc1)NC[C@@H](O)c1cc(O)cc(O)c1,0.005274882
O=C(CN1CCN(Cc2ccc3c(c2)OCO3)CC1)N1c2ccccc2Sc2ccccc21,0.00013307555
CCOC(=O)[C@@H](C)Oc1ccc(Oc2nc3ccc(Cl)cc3o2)cc1,0.0065382333
CC1=C(/C=C/C(C)=C/C=C/C(C)=C/C(=O)Nc2ccc(O)cc2)C(C)(C)CCC1,0.0032369925
O=C1NCC2(CCN(CCc3ccccc3)CC2)O1,7.867776e-05
COP(=S)(OC)Oc1ccc(SC)c(C)c1,9.9143464e-05
O=C(O)Cc1sc(-c2ccccc2)nc1-c1ccc(Cl)cc1,0.00771332
Clc1ccc([C@@H](Cn2ccnc2)OCc2ccc(Sc3ccccc3)cc2)c(Cl)c1,0.44558442
O/N=C/c1ccc(-c2ccc(O)c(F)c2)c(Cl)c1O,0.01388066
CN(C)CC1=CC=C[C@@]1(CNc1ccnc2cc(Cl)ccc12)[Fe][CH]1C=CC=C1,0.0037576573
CCOC(=O)c1ccc(NC2CCCCC2)c(N)c1,0.0009930591
COc1cc(/C=C/C(=O)O)ccc1O,0.004306005
CC(C)C(=O)Oc1ccc(CO)cc1[C@H](CCN(C(C)C)C(C)C)c1ccccc1,0.00031088546
Cc1c(CC(=O)O)c2cccnc2n1Cc1ccc(S(C)(=O)=O)cc1C(F)(F)F,1.9231767e-07
COC(=O)/C=C/c1cccc(N(Cc2ccc(-c3ccc(N(C)C)cc3)cc2)C(=O)C2CCCCC2)c1,0.001588616
CSc1ccc(OCc2ncc([N+](=O)[O-])n2C)cc1,0.93792814
CC(C)(C(=O)O)c1ccc([C@@H](O)CCCN2CCC(C(O)(c3ccccc3)c3ccccc3)CC2)cc1,9.200547e-05
Cc1nsc(-c2nnc3n2CCN(C(=O)c2ccc(F)cc2)[C@@H]3C)n1,0.000544989
O=C(O)CNC(=O)c1nc(Cl)c2ccccc2c1O,0.0043477146
Cc1nc(C(=O)NCC(=O)O)c(O)c2ccc(Oc3ccccc3)cc12,0.003998709
CNC(=O)c1cc2c(cn1)[nH]c1ccccc12,0.0033055265
CCCCCCN(CCCCCC)C(=O)Cc1c(-c2ccc(F)cc2)[nH]c2ccccc12,0.019422986
CCCCCCN(CCCCCC)C(=O)Cc1c(-c2ccc(Cl)cc2)[nH]c2ccc(Cl)cc12,0.08249549
Cc1cc([N+](=O)[O-])ccc1NS(=O)(=O)c1cc(Cl)ccc1Cl,0.0035416805
CC(=O)Nc1ccc(Cc2ccc(NC(C)=O)cc2)cc1,0.010300739
Nc1nc(=O)n([C@@H]2O[C@H](CO)[C@@H](O)[C@@H]2F)cc1I,0.00012942123
NC(=O)[C@H]1C[C@]2(NC(=O)NC2=O)c2cc(F)ccc2O1,0.0023796763
CCc1c(Cl)c(O)c(Cl)c(O)c1C(=O)O[C@H]1[C@H](O)[C@H](OC)[C@H](OC/C2=C\C=C\C[C@H](O)/C(C)=C/[C@H](CC)[C@@H](O[C@@H]3OC(C)(C)[C@@H](OC(=O)C(C)C)[C@H](O)[C@@H]3O)/C(C)=C/C(C)=C/C[C@@H]([C@@H](C)O)OC2=O)O[C@@H]1C,0.010539971
CON(C)C(=O)N1N=C(c2cc(F)ccc2F)S[C@@]1(CCCN)c1ccccc1,0.8752551
O=C(Nc1nc2cccc(-c3ccc(CN4CCS(=O)(=O)CC4)cc3)n2n1)C1CC1,8.652134e-05
CCCCc1nc(C)c(CC(=S)N(C)C)c(=O)n1Cc1ccc(-c2ccccc2-c2nn[nH]n2)cc1,0.011751543
N#Cc1c(N2C[C@@H]3NCCO[C@H]3C2)c(F)cc2c(=O)c(C(=O)O)cn(C3CC3)c12,0.20479172
CC(C)(C)NC(=O)[C@H]1CC[C@H]2[C@@H]3CC[C@H]4NC(=O)C=C[C@]4(C)[C@H]3CC[C@]12C,4.169488e-05
CCCCCCCCc1ccc(CCC(N)(CO)CO)cc1,0.016555661
O=C(COc1ccc(Cl)cc1)N1CCN(Cc2ccc3c(c2)OCO3)CC1,8.2876264e-05
O=C(NCCN1CCC(n2c(=O)[nH]c3ccccc32)CC1)c1cc2cc(F)ccc2[nH]1,0.00026555618
N#Cc1nn(-c2c(Cl)cc(C(F)(F)F)cc2Cl)c(N)c1[S@@](=O)C(F)(F)F,5.991807e-13
CCOCc1cc(OC)c(-c2ccc(C[C@H](NC(=O)c3c(F)cccc3F)C(=O)O)cc2)c(OC)c1,0.44792584
CC1(C)OC(=O)C(OCC2CC2)=C1c1ccc(S(C)(=O)=O)cc1,0.0003530882
COc1ccccc1[C@H](Cn1c(=O)n(C(C)(C)C(=O)O)c(=O)c2c(C)c(-c3ncco3)sc21)OC1CCOCC1,0.0013733238
O=c1c(O)c(-c2ccc(O)c(O)c2)oc2cc(O)ccc12,0.009525751
C=CC(=O)N[C@H]1CCOC[C@H]1Nc1ncc2cc(-c3c(Cl)c(OC)cc(OC)c3Cl)ccc2n1,0.0017098108
CCC(=O)N(c1ccccc1)C1CCN(CCc2ccc(N=C=S)cc2)CC1,0.00014667318
C[C@H](NC(=O)[C@@H](N)Cc1ccc(O)cc1)C(=O)NCC(=O)N(C)[C@@H](Cc1ccccc1)C(=O)N[C@H](CO)CC[S@@](C)=O,0.0017735097
CC(=O)c1ccc(NS(C)(=O)=O)c(Oc2ccc(F)cc2F)c1,0.032350753
CC/C(=C\C(=N\O)C(N)=O)[C@@H](C)[N+](=O)[O-],0.002154803
O=C(/C=C/c1cccnc1)NCCCCC1CCN(C(=O)c2ccccc2)CC1,0.00067244
CN(Cc1ccccc1)C(=O)[C@H](Cc1ccc2ccccc2c1)NC(=O)[C@@H]1C[C@@H](O)CN1C(=O)c1cn(C)c2ccccc12,0.006004959
CC(=O)N1CCC(NC(=O)c2ccc(F)cc2)CC1,0.0012399933
Cc1cc2nc3c(=O)[nH]c(=O)nc-3n(C[C@H](O)[C@H](O)[C@H](O)CO[P@](=O)(O)O[P@](=O)(O)OC[C@H]3O[C@@H](n4cnc5c(N)ncnc54)[C@H](O)[C@@H]3O)c2cc1C,4.434432e-10
Cc1c(-c2ccccc2)oc2c(C(=O)OCCN3CCCCC3)cccc2c1=O,0.00031141733
O=C(NCC1CCCCN1)c1cc(OCC(F)(F)F)ccc1OCC(F)(F)F,1.3443935e-10
CN1CCN(c2c(F)cc3c(=O)c(C(=O)O)cn(CCF)c3c2F)CC1,0.9585091
CC1=NC2=C(C(=O)CC(C)(C)C2)[C@H](c2ccc([N+](=O)[O-])cc2)C1C(=O)OC1CCCCC1,0.00087927136
O=c1[nH]c2ccccc2n1CCN1CCN(c2cccc(C(F)(F)F)c2)CC1,9.05324e-08
COc1ccc(Cl)cc1[C@]1(F)C(=O)Nc2cc(C(F)(F)F)ccc21,3.92306e-09
O=C(OC[C@H](O)CO)c1ccccc1Nc1ccnc2c(C(F)(F)F)cccc12,3.7685723e-07
CCC(=O)c1c(O)cc(O)cc1O,0.0030229664
CS(=O)(=O)c1ccc([C@@H](O)[C@@H](CF)NC(=O)C(Cl)Cl)cc1,0.6634778
O=C(OCCN1CCCC1)c1ccccc1Nc1ccnc2cc(C(F)(F)F)ccc12,1.9948686e-08
Cn1cc([S@@](C)=O)c(=O)c2ccc(F)cc21,0.0051886025
O=c1[nH]c(=O)n([C@H]2C[C@H](O)[C@@H](CO)O2)cc1F,0.46431756
CCCNc1nc(Nc2ccc(C#N)cc2)ncc1C#CCCCNC(=O)[C@H](C)N(C)C(=O)/C=C/CN(C)C,0.0012241697
COC(=O)Nc1nc2ccc(C(=O)c3ccc(F)cc3)cc2[nH]1,0.014736076
Cc1onc(-c2c(F)cccc2Cl)c1C(=O)N[C@@H]1C(=O)N2[C@@H]1SC(C)(C)[C@@H]2C(=O)O,0.9818023
OC(Cn1cncn1)(Cn1cncn1)c1ccc(F)cc1F,0.009286329
Nc1nc(=O)[nH]cc1F,0.019203357
Nc1nc(F)nc2c1ncn2[C@@H]1O[C@H](CO)[C@@H](O)[C@@H]1O,0.00014509157
Nc1nc(F)nc2c1ncn2[C@@H]1O[C@H](COP(=O)(O)O)[C@@H](O)[C@@H]1O,1.5386281e-06
CC(=O)OCC(=O)[C@@]1(O)CC[C@H]2[C@@H]3CCC4=CC(=O)CC[C@]4(C)[C@@]3(F)[C@@H](O)C[C@@]21C,3.6827263e-08
CC1(C)O[C@@H]2C[C@H]3[C@@H]4C[C@H](F)C5=CC(=O)CC[C@]5(C)[C@H]4[C@@H](O)C[C@]3(C)[C@]2(C(=O)CO)O1,1.9735692e-06
O=C(O)c1ccccc1Nc1cccc(C(F)(F)F)c1,7.577506e-07
Cc1ncc(NC(=O)c2ccc(CN3CCN(C)CC3)c(C(F)(F)F)c2)cc1Nc1nccc(-c2cccnc2)n1,2.7467303e-07
CCOC(=O)c1ncn2c1CN(C)C(=O)c1cc(F)ccc1-2,0.0026075917
CC[C@@](O)(c1ccccc1)c1cccc(C(F)(F)F)c1,2.844114e-06
C[C@H]1CCc2cc(F)cc3c(=O)c(C(=O)O)cn1c23,0.821501
C[C@@H]1C[C@H]2[C@@H]3C[C@H](F)C4=CC(=O)C=C[C@]4(C)[C@@]3(F)[C@@H](O)C[C@]2(C)[C@@]1(O)C(=O)CO,4.3966955e-09
C[C@@H]1C[C@H]2[C@@H]3C[C@H](F)C4=CC(=O)C=C[C@]4(C)[C@@]3(F)[C@@H](O)C[C@]2(C)[C@@]1(O)C(=O)COC(=O)C(C)(C)C,1.645681e-10
FC(F)(F)c1cccc([C@H]2CNCCO2)c1,7.754716e-07
Fc1ccc(C(c2ccc(F)cc2)N2CCN(C/C=C/c3ccccc3)CC2)cc1,0.00024205438
CC1(C)O[C@@H]2C[C@H]3[C@@H]4C[C@H](F)C5=CC(=O)C=C[C@]5(C)[C@H]4[C@@H](O)C[C@]3(C)[C@]2(C(=O)CO)O1,1.4267953e-06
Cc1c(Nc2ncccc2C(=O)O)cccc1C(F)(F)F,1.1528501e-06
CC1(C)O[C@@H]2C[C@H]3[C@@H]4C[C@H](F)C5=CC(=O)C=C[C@]5(C)[C@@]4(F)[C@@H](O)C[C@]3(C)[C@]2(C(=O)CO)O1,3.4936305e-09
CC(=O)OCC(=O)[C@@]12OC(C)(C)O[C@@H]1C[C@H]1[C@@H]3C[C@H](F)C4=CC(=O)C=C[C@]4(C)[C@@]3(F)[C@@H](O)C[C@@]12C,1.5053199e-09
O=C1OC2(c3ccc(O)cc3Oc3cc(O)ccc32)c2ccccc21,0.0020929808
CC(=O)[C@@]1(O)CC[C@H]2[C@@H]3C[C@H](C)C4=CC(=O)C=C[C@]4(C)[C@@]3(F)[C@@H](O)C[C@@]21C,2.1805107e-07
CC(=O)O[C@]1(C(C)=O)CC[C@H]2[C@@H]3C[C@H](C)C4=CC(=O)C=C[C@]4(C)[C@@]3(F)[C@@H](O)C[C@@]21C,4.5379127e-07
C[N+](C)(CF)CCO,0.00083760975
CNCCC(Oc1ccc(C(F)(F)F)cc1)c1ccccc1,3.7787606e-07
OCCN1CCN(CC/C=C2/c3ccccc3Sc3ccc(C(F)(F)F)cc32)CC1,1.6375292e-08
OCCN1CCN(CCCN2c3ccccc3Sc3ccc(C(F)(F)F)cc32)CC1,1.0088525e-08
CCCCCCCCCC(=O)OCCN1CCN(CCCN2c3ccccc3Sc3ccc(C(F)(F)F)cc32)CC1,2.1022682e-08
CCOC(=O)Nc1ccc(NCc2ccc(F)cc2)nc1N,0.0030501424
NC(=O)NCCN1CCN(c2cccc(C(F)(F)F)c2)CC1,2.5654323e-08
Cc1cc(C2=NO[C@](c3cc(Cl)cc(Cl)c3)(C(F)(F)F)C2)ccc1C(=O)NCC(=O)NCC(F)(F)F,2.5363366e-12
C[C@@H](C(=O)O)c1ccc(-c2ccccc2)c(F)c1,0.0040662386
C[C@H](C(=O)O)c1ccc(-c2ccccc2)c(F)c1,0.0047420077
CC(=O)O[C@@H](C)OC(=O)[C@H](C)c1ccc(-c2ccccc2)c(F)c1,0.009596881
NP(N)(=O)NC(=O)c1ccc(F)cc1,0.00023913718
FC(F)(F)COCC(F)(F)F,1.4114164e-10
C=COCC(F)(F)F,9.871832e-07
O=C1NCN(c2ccccc2)C12CCN(CCCC(c1ccc(F)cc1)c1ccc(F)cc1)CC2,5.0703766e-05
CC(C)C(=O)Nc1ccc([N+](=O)[O-])c(C(F)(F)F)c1,1.0088045e-06
CCC(=O)O[C@]1(C(=O)SCF)[C@H](C)C[C@H]2[C@@H]3C[C@H](F)C4=CC(=O)C=C[C@]4(C)[C@@]3(F)[C@@H](O)C[C@@]21C,1.6892805e-09
Fc1ccc(C(c2ccccc2)(c2ccccc2F)n2ccnc2)cc1,0.3552566
CC(C)n1c(/C=C/[C@@H](O)C[C@@H](O)CC(=O)O)c(-c2ccc(F)cc2)c2ccccc21,0.0054507297
COCCCC/C(=N\OCCN)c1ccc(C(F)(F)F)cc1,1.5951925e-07
CC(C)C[C@H](NC(=O)OCC1c2ccccc2-c2ccccc21)C(=O)O,0.0004016818
CN1CCN(Cc2ccc(NC(=O)c3[nH]ncc3Nc3ncnc4[nH]ccc34)cc2)CC1,0.00136951
Nc1nc(=O)c2nc(CNc3ccc(C(=O)N[C@@H](CCC(=O)O)C(=O)O)cc3)cnc2[nH]1,0.00021589568
Cc1cn[nH]c1,0.0056609926
c1ccc(OCc2ccc(CCCN3CCOCC3)cc2)cc1,0.00063309923
CO[C@H]1O[C@H](COS(=O)(=O)O)[C@@H](O[C@@H]2O[C@@H](C(=O)O)[C@@H](O[C@H]3O[C@H](COS(=O)(=O)O)[C@@H](O[C@@H]4O[C@H](C(=O)O)[C@@H](O[C@H]5O[C@H](COS(=O)(=O)O)[C@@H](O)[C@H](O)[C@H]5NS(=O)(=O)O)[C@H](O)[C@H]4O)[C@H](OS(=O)(=O)O)[C@H]3NS(=O)(=O)O)[C@H](O)[C@H]2OS(=O)(=O)O)[C@H](O)[C@H]1NS(=O)(=O)O,7.37112e-23
COc1cc2c(Oc3ccc(NC(=O)C4(C(=O)Nc5ccc(F)cc5)CC4)cc3F)ccnc2cc1OCCCN1CCOCC1,0.00291889
C[C@]12CCC(=O)C(=O)[C@@H]1CC[C@@H]1[C@@H]2CC[C@]2(C)C(=O)CC[C@@H]12,2.788626e-05
COc1ccc(-c2coc3cc(O)ccc3c2=O)cc1,0.005785661
COc1ccc(C[C@H](C)NC[C@@H](O)c2ccc(O)c(NC=O)c2)cc1,0.014097585
O=c1nc[nH]c2c([C@@H]3N[C@H](CO)[C@@H](O)[C@H]3O)c[nH]c12,0.00046951888
CC(C)c1cc(C(C)C)c(-c2csc(N(CCN(C)C)Cc3cccnc3)n2)c(C(C)C)c1,0.0020261721
CC(C)CN(C[C@@H](OP(=O)(O)O)[C@H](Cc1ccccc1)NC(=O)O[C@H]1CCOC1)S(=O)(=O)c1ccc(N)cc1,1.8089538e-07
C[C@@H](O[C@H]1OCCN(Cc2nn(P(=O)(O)O)c(=O)[nH]2)[C@H]1c1ccc(F)cc1)c1cc(C(F)(F)F)cc(C(F)(F)F)c1,5.3556118e-14
COc1ccc(/C=C\c2cc(OC)c(OC)c(OC)c2)cc1OP(=O)(O)O,0.00021430581
O=C(O)P(=O)(O)O,1.1957888e-05
CC/C(=C(/CC)c1ccc(OP(=O)(O)O)cc1)c1ccc(OP(=O)(O)O)cc1,1.2156313e-05
O=P(O)(O)OC(Cn1cncn1)(Cn1cncn1)c1ccc(F)cc1F,7.080092e-05
C[C@@H]1O[C@@H]1P(=O)(O)O,4.12599e-05
O=C(O)c1ccccc1OP(=O)(O)O,0.0001106346
O=C(COP(=O)(O)O)[C@@H](O)[C@H](O)[C@H](O)COP(=O)(O)O,6.5182775e-09
CCC(=O)O[C@@H](OP(=O)(CCCCc1ccccc1)CC(=O)N1C[C@H](C2CCCCC2)C[C@H]1C(=O)O)C(C)C,1.570142e-05
O=C(O)[C@@H]1C[C@@H](C2CCCCC2)CN1C(=O)C[P@@](=O)(O)CCCCc1ccccc1,6.149025e-05
O=C1NC(c2ccccc2)(c2ccccc2)C(=O)N1COP(=O)(O)O,1.4702538e-05
COc1cc(Nc2ncc(F)c(Nc3ccc4c(n3)N(COP(=O)(O)O)C(=O)C(C)(C)O4)n2)cc(OC)c1OC,2.8731602e-05
COc1cnc(-n2cnc(C)n2)c2c1c(C(=O)C(=O)N1CCN(C(=O)c3ccccc3)CC1)cn2COP(=O)(O)O,4.0377154e-06
CCOP(=O)(OCC)[C@@H](C)NC(=O)N(CCCl)[NH2+][O-],9.584968e-07
CSCC[C@H](NC=O)C(=O)N[C@@H](CC(=O)O)C(=O)NCC(=O)N[C@@H](CS)C(=O)N[C@@H](CCC(=O)O)C(=O)N[C@@H](CC(C)C)C(=O)O,0.00017008423
NC(=S)N/N=C/c1coc2ccccc2c1=O,0.012721288
Cc1ccc(Cl)cc1N(CC(=O)Nc1c(F)cccc1F)S(C)(=O)=O,0.005256265
CC(N)(Cc1ccccc1)c1ccccc1,0.022745695
CCCc1c(OC[C@@H](O)COc2ccc3c(=O)cc(C(=O)O)oc3c2CCC)ccc(C(C)=O)c1O,0.021937454
COc1ccc(Nc2ccn(-c3ccccc3)n2)cc1,0.008770568
COC(=O)c1c(C)[nH]c(C)c1C(=O)c1ccccc1Cc1ccccc1,0.002140697
O=C(c1ccc(Cl)cc1)N(Cc1ccccc1)C1CCCCC1,0.0023071375
COc1ccc(-c2nc(C(=O)N3CCN(C)CC3)sc2-c2ccc(OC)cc2)cc1,0.0018034719
CC(C)C[C@H](NC(=O)N1CCCCCC1)C(=O)N[C@H](Cc1cn(C)c2ccccc12)C(=O)N[C@H](Cc1ccccn1)C(=O)O,0.0004149232
Nc1[nH]nc2nnc(-c3c(-c4ccccc4)nn4ccccc34)cc12,0.0025690286
CCn1c(=O)c(-c2ccc(Cl)cc2Cl)cc2cnc(Nc3ccc(N4CCNCC4)c(F)c3)nc21,0.61805135
COc1ccc2nc(NC(=O)Nc3ccccc3)sc2c1,0.008356517
CC(C)[C@@H](NC(=O)Cn1c(-c2ccccc2)ncc(N)c1=O)[C@@H](O)c1nnc(C(C)(C)C)o1,0.0013016844
CN[C@@H]1CCc2[nH]c3ccc(C(N)=O)cc3c2C1,0.0015400068
CNC(=O)c1c(C)oc2cc(Oc3ncnc4cc(OC)c(OC)cc34)ccc12,0.004912759
Cc1cccc(C)c1NC(=O)c1ccccc1C(=O)O,0.007558844
O=c1[nH]c(=O)n([C@H]2CCCO2)cc1F,0.45060742
C#CCOc1ccc(/C=C/C(=O)Nc2ccccc2C(=O)O)cc1OC,0.0016822745
CC(=O)O[C@H]1CC(C)(C)C(=C=C/C(C)=C/C=C/C(C)=C/C=C/C=C(C)/C=C/C=C(\C)C(=O)C[C@]23O[C@@]2(C)C[C@H](O)CC3(C)C)[C@](C)(O)C1,0.060782842
N[C@@H](CSCCCO)C(=O)O,0.0005495509
C[C@]12CC[C@@H]3c4ccc(O)cc4C[C@@H](CCCCCCCCC[S@@](=O)CCCC(F)(F)C(F)(F)F)[C@H]3[C@@H]1CC[C@@H]2O,7.934134e-12
CO[C@H]1[C@@H]([C@@]2(C)O[C@@H]2CC=C(C)C)[C@]2(CC[C@H]1OC(=O)/C=C/C=C/C=C/C=C/C(=O)O)CO2,0.00010402409
CCCC[C@@H](C)[C@@H](OC(=O)C[C@@H](CC(=O)O)C(=O)O)[C@H](C[C@@H](C)C[C@H](O)CCCC[C@@H](O)C[C@H](O)[C@H](C)N)OC(=O)C[C@@H](CC(=O)O)C(=O)O,1.0194613e-05
O=C1N(Cc2ccc(C(F)(F)F)o2)c2ccccc2[C@]12COc1cc3c(cc12)OCO3,4.5852115e-08
O=C1CN(/N=C/C=C/c2ccc([N+](=O)[O-])o2)C(=O)N1,0.91964376
O=C1O[C@H](CN2CCOCC2)CN1/N=C/c1ccc([N+](=O)[O-])o1,0.7102307
N=C(N)c1ccc(-c2ccc(-c3ccc(C(=N)N)cc3)o2)cc1,0.0119553115
O=C1OCCN1/N=C/c1ccc([N+](=O)[O-])o1,0.8098993
O=C(O)c1cc2cc(Cc3cccnc3)ccc2o1,0.012518503
NS(=O)(=O)c1cc(C(=O)O)c(NCc2ccco2)cc1Cl,0.0004987935
C/C(=C(/CCO)SSC[C@H]1CCCO1)N(C=O)Cc1cnc(C)nc1N,0.00064336666
O=[N+]([O-])/C(Br)=C\c1ccc(Br)o1,0.92337054
CC(=O)O[C@H]1C[C@@]2(C)[C@@H](C[C@@H](O)[C@H]3[C@@]4(C)CC[C@@H](O)[C@@H](C)[C@@H]4CC[C@@]32C)/C1=C(\CCC=C(C)C)C(=O)O,0.0026885709
C=CC(=O)N1CC[C@H](n2nc(C#Cc3cc(OC)cc(OC)c3)c3c(N)ncnc32)C1,0.00014615049
Cc1ccc(=O)n(-c2ccc(O)cc2)c1,0.0055856644
C=C1CC/C=C(\C)CC[C@@H]2[C@@H]1CC2(C)C,0.0005299043
CC(=O)c1ccc2c(c1)[C@@H]1C=CC[C@@H]1[C@H](c1cc3c(cc1Br)OCO3)N2,0.0022245338
Brc1cc2c(cc1[C@H]1Nc3ccccc3[C@H]3C=CC[C@H]31)OCO2,0.0015058868
CN1CCC(Nc2nc(Nc3ccc(Oc4ccccc4)cc3)c3c(O)ncc(Br)c3n2)CC1,0.0075073116
CCCCC/C=C\C/C=C\CCCCCCCC(=O)NCCCC(=O)O,0.0073552066
NCC1(CC(=O)O)CCCCC1,0.00026208785
CC(C)C(=O)O[C@@H](C)OC(=O)NCC1(CC(=O)O)CCCCC1,3.718433e-05
COc1ccc(-c2ccc(=N)n(CCCC(=O)O)n2)cc1,0.0045138984
CCOC(=O)c1ccc(OC(=O)CCCCCNC(=N)N)cc1,0.0012314897
O=c1[nH]oc2c1CCNC2,0.0046873917
O=C1CN2CCN3CCN([C@@H](CO)[C@@H](O)CO)CCN(CC2)CC(=O)[O][Gd]([O]1)[O]C(=O)C3,6.6579116e-07
CNC(=O)CN1CCN2CCN(CC(=O)NC)CC(=O)[O][Gd]([O]C(=O)C2)[O]C(=O)C1,1.4980853e-05
O=C(O)CN1CCN2CCN(CC(=O)O)CC(=O)[O][Gd]([O]C(=O)C2)[O]C(=O)C1,1.0753438e-05
O=C(O)CN1CCN(CC(=O)O)CCN(CC(=O)O)CCN(CC(=O)O)CC1,5.542482e-06
C[C@@H](O)CN1CCN2CCN3CCN(CC1)CC(=O)[O][Gd]([O]C(=O)C3)[O]C(=O)C2,6.5293443e-06
CCCNc1nc(NCCC)nc(N(C)OC)n1,0.0025828197
COc1ccc2c3c1O[C@H]1C[C@@H](O)C=C[C@@]31CCN(C)C2,0.0002084901
C[C@]12CC[C@H](O)CC1=CC[C@@H]1[C@@H]2CC[C@]2(C)C(n3cnc4ccccc43)=CC[C@@H]12,5.9424907e-05
Nc1ncnc2c([C@@H]3N[C@H](CO)[C@@H](O)[C@H]3O)c[nH]c12,0.00034569373
CC[N+](CC)(CC)CCOc1cccc(OCC[N+](CC)(CC)CC)c1OCC[N+](CC)(CC)CC,1.0007058e-06
O=C(O)c1cc(O)c(O)c(O)c1,0.00871451
c1cnc2c([O][Ga]([O]c3cccc4cccnc34)[O]c3cccc4cccnc34)cccc2c1,0.008177941
COc1ccc(CCN(C)CCCC(C#N)(c2cc(OC)c(OC)c(OC)c2)C(C)C)cc1OC,0.014697473
CC(C)=CCC[C@]1(C)C=Cc2c(O)c3c(c(CC=C(C)C)c2O1)O[C@]12C(=C[C@@H]4C[C@H]1C(C)(C)O[C@@]2(C/C=C(/C)C(=O)O)C4=O)C3=O,2.2138713e-05
CCCN1C[C@H](C)[C@@H](O)[C@](C)(O)[C@@H](CC)OC(=O)[C@H](C)[C@@H](O[C@H]2C[C@@](C)(OC)[C@@H](O)[C@H](C)O2)[C@H](C)[C@@H](O[C@@H]2O[C@H](C)C[C@H](N(C)C)[C@H]2O)[C@](C)(O)C[C@H]1C,0.01280047
NCCCC(=O)O,0.0017027889
CCCCC/C=C\C/C=C\C/C=C\CCCCC(=O)O,0.008545203
CC(=O)[C@H]1CC[C@H]2[C@@H]3CC[C@H]4C[C@](C)(O)CC[C@]4(C)[C@H]3CC[C@]12C,3.073568e-05
Nc1nc(=O)c2ncn(COC(CO)CO)c2[nH]1,0.00056174933
CC(C)c1cc(-c2n[nH]c(=O)n2-c2ccc3c(ccn3C)c2)c(O)cc1O,0.0077978685
C[C@H](CC(=O)C[C@@H](C)[C@H]1C[C@H](O)[C@@]2(C)C3=C(C(=O)C[C@]12C)[C@@]1(C)CCC(=O)C(C)(C)[C@@H]1C[C@@H]3O)C(=O)O,0.00016114934
c1cc(-c2sc(-c3ccncc3)c(-c3ccncc3)c2-c2ccncc2)ccn1,0.008808861
CN(C)c1ccccc1CN1CCCN(Cc2ccccc2N(C)C)C1c1ccncc1,0.0004734331
C[C@H]1NCc2cc(-c3ccc4c(=O)c(C(=O)O)cn(C5CC5)c4c3OC(F)F)ccc21,0.006464261
OCc1ccc(O[C@@H]2O[C@H](CO)[C@@H](O)[C@H](O)[C@H]2O)cc1,0.00030764594
COc1c(N2CCN[C@@H](C)C2)c(F)cc2c(=O)c(C(=O)O)cn(C3CC3)c12,0.9300639
O=C(/C=C/c1c(C(=O)O)[nH]c2cc(Cl)cc(Cl)c12)Nc1ccccc1,0.81525874
C(=C/c1ccccc1)\CN1CCN(CCOC(c2ccccc2)c2ccccc2)CC1,0.0003594999
c1ccc(CCCN2CCN(CCOC(c3ccccc3)c3ccccc3)CC2)cc1,0.00035699547
Fc1ccc(C(OCCN2CCN(C/C=C/c3ccccc3)CC2)c2ccc(F)cc2)cc1,0.000449652
CC(C)NC[C@@H](C(=O)N1CCN(c2ncnc3c2[C@H](C)C[C@H]3O)CC1)c1ccc(Cl)cc1,0.000104935694
C[C@H](Nc1ccc2c(c1)OCCn1cc(N3C(=O)OC[C@H]3C(F)F)nc1-2)C(N)=O,3.874215e-05
CC1(C)OCCn2c1nc1c(N3CCOCC3)nc(-c3cnc(N)nc3)nc12,0.00044917603
CN[C@@H](C)C(=O)N[C@H](C(=O)N1CCC[C@H]1C(=O)Nc1snnc1-c1ccccc1)C1CCCCC1,0.0014754133
CCNC(=O)Nc1ccc(-c2nc3c(c(N4CCOC[C@@H]4C)n2)CCN(C2COC2)C3)cc1,8.686185e-05
N[C@@H]1CCCN(c2c(Br)cnc3[nH]cc(NC(=O)C4CC4)c23)C1,0.0062790723
O=C(NOCCO)c1ccc2cncn2c1Nc1ccc(I)cc1F,0.034819026
CC/C(=C(/c1ccc(/C=C/C(=O)O)cc1)c1ccc2n[nH]cc2c1)c1ccc(F)cc1Cl,0.22239946
Cc1c(NC(=O)c2cc3c(s2)CCCC3)cccc1-c1cn(C)c(=O)c(Nc2ccc([C@H]3C(=O)N(C)CCN3C)cc2)n1,0.0051815193
OCCn1cc(-c2ccc3c(c2)CC/C3=N\O)c(-c2ccncc2)n1,0.0017036311
CC1=C(c2cccc(O)c2)[C@H](c2ccc(OCCN3CC(CF)C3)cc2)Oc2ccc(O)cc21,0.00072028185
CS(=O)(=O)N1CCN(Cc2cc3nc(-c4cccc5n[nH]cc45)nc(N4CCOCC4)c3s2)CC1,5.587566e-06
Cc1c(CN2CCN(C(=O)[C@H](C)O)CC2)sc2c(N3CCOCC3)nc(-c3cnc(N)nc3)nc12,2.9280667e-05
Cn1nccc1Nc1nccc(-c2ccn([C@@H](CO)c3ccc(Cl)c(F)c3)c(=O)c2)n1,0.12311412
CC(=O)O[C@@H]1C[C@H]2C(C)(C)C(=O)C=C[C@]2(C)[C@H]2CC[C@@]3(C)[C@H](c4ccoc4)OC(=O)[C@H]4O[C@]43[C@@]21C,0.00013041863
COc1cc(C(C)C)c(Oc2cnc(N)nc2N)cc1S(N)(=O)=O,0.00012946605
COc1cc2ncnc(Nc3ccc(F)c(Cl)c3)c2cc1OCCCN1CCOCC1,0.012914752
COC1=C2C[C@@H](C)C[C@H](OC)[C@H](O)[C@@H](C)/C=C(\C)[C@H](OC(N)=O)[C@@H](OC)/C=C/C=C(\C)C(=O)NC(=CC1=O)C2=O,0.00012261166
CC(C)(CO)CCCCCCC(C)(C)CO,0.090791106
Nc1ccn([C@@H]2O[C@H](CO)[C@@H](O)C2(F)F)c(=O)n1,2.851513e-07
CCCCCCCC/C=C/CCCCCCCC(=O)OC[C@H]1O[C@@H](n2ccc(N)nc2=O)C(F)(F)[C@@H]1O,1.2280454e-06
Cc1ccc(C)c(OCCCC(C)(C)C(=O)O)c1,0.0021735106
CO/N=C1\CN(c2nc3c(cc2F)c(=O)c(C(=O)O)cn3C2CC2)C[C@@H]1CN,0.9203245
N[C@@H](CC(=O)N1CCc2c(nc(C(F)(F)F)nc2C(F)(F)F)C1)CN1CC(F)(F)CCC1=O,3.638171e-15
COC(=O)C1=CO[C@@H](O)[C@@H]2C(CO)=CC[C@H]12,8.826477e-05
COC(=O)C1=CO[C@@H](O[C@@H]2O[C@H](CO)[C@@H](O)[C@H](O)[C@H]2O)[C@@H]2C(CO)=CC[C@H]12,3.983424e-06
O=C(O)C1=CO[C@@H](O[C@@H]2O[C@H](CO)[C@@H](O)[C@H](O)[C@H]2O)[C@@H]2C(CO)=CC[C@H]12,9.646311e-06
O=c1c(-c2ccc(O)cc2)coc2cc(O)cc(O)c12,0.007177147
CN[C@@H]1[C@@H](O)[C@@H](O[C@@H]2[C@@H](O)[C@H](O[C@H]3O[C@H]([C@@H](C)NC)CC[C@H]3N)[C@@H](N)C[C@H]2N)OC[C@]1(C)O,3.4277542e-05
C=C[C@@H]1C2=CCOC(=O)C2=CO[C@H]1O[C@@H]1O[C@H](CO)[C@@H](O)[C@H](O)[C@H]1O,1.3152948e-05
CCCCCCCCC(=O)N[C@H](CN1CCCC1)[C@H](O)c1ccc2c(c1)OCCO2,0.00026354395
CNCCn1c(=O)c2cc(OC)c(OC)cc2c2cnc3cc4c(cc3c21)OCO4,0.0016251425
C[C@@H](N)Cc1cccc(O)c1,0.005964056
CC(C)[C@@H](NC(=O)[C@@H](NC(=O)[C@@H](CCC(=O)O)NC(=O)[C@H](CCCNC(=N)N)NC(=O)[C@@H](CCCNC(=N)N)NC(=O)[C@@H](CCCCN)NC(=O)[C@@H](CCCCN)NC(=O)[C@@H](CCC(=O)O)NC(=O)[C@H](N)[C@@H](C)O)[C@@H](C)O)C(=O)N[C@H](CCC(=O)O)C(=O)N[C@@H](CCCNC(=N)N)C(=O)N[C@@H](CCC(=O)O)C(=O)N[C@@H](CCCCN)C(=O)N[C@@H](CCC(=O)O)C(=O)O,2.691511e-06
O=c1ccc2ncc(=O)n3c2n1C[C@H]3CN1CCC(NCc2cc3c(cn2)OCCC3)CC1,0.00031417335
CC(C)=CCC/C(C)=C/CC/C(C)=C/CCC(=O)OC/C=C(\C)CCC=C(C)C,0.0025013362
C#C[C@]1(O)C=C[C@H]2[C@@H]3CCC4=CC(=O)CC[C@@H]4[C@H]3CC[C@@]21CC,5.110308e-07
C#C[C@]1(O)CC[C@H]2[C@@H]3CCC4=CC(=O)CCC4=C3C=C[C@@]21CC,2.601728e-06
CN(C)CCCn1cc(C2=C(c3c[nH]c4ccccc34)C(=O)NC2=O)c2ccccc21,0.06538088
COP(=O)(CC[C@@H](N)C(=O)O)Oc1cccc(CC(=O)O)c1,6.566979e-05
COC(=O)[C@H](CC(C)C)NC(=O)c1ccc(NC[C@@H](N)CS)cc1-c1cccc2ccccc12,0.0009796941
CCc1nc(C(N)=O)c(Nc2ccc(N3CCC(N4CCN(C)CC4)CC3)c(OC)c2)nc1NC1CCOCC1,2.943162e-05
O=c1cc(O)c(Cl)c[nH]1,0.04981532
C[C@@H]1C(=O)O[C@H]2C[C@@]34[C@H]5C[C@@H](C(C)(C)C)[C@]36[C@@H](OC(=O)[C@@H]6O)O[C@@]4(C(=O)O5)[C@]21O,4.743039e-09
C[C@@H]1C(=O)O[C@H]2[C@H](O)[C@@]34[C@H]5C[C@@H](C(C)(C)C)[C@]36[C@@H](OC(=O)[C@@H]6O)O[C@@]4(C(=O)O5)[C@@]12O,2.1983928e-09
CC(C)=CCC[C@](C)(O[C@@H]1O[C@H](CO)[C@@H](O)[C@H](O)[C@H]1O)[C@H]1CC[C@]2(C)[C@@H]1[C@H](O)C[C@@H]1[C@@]3(C)CC[C@H](O)C(C)(C)[C@@H]3CC[C@]12C,0.00069127994
CC(C)=CCC[C@@](C)(O[C@@H]1O[C@H](CO)[C@@H](O)[C@H](O)[C@H]1O)[C@H]1CC[C@]2(C)[C@@H]1[C@H](O)C[C@@H]1[C@@]3(C)CC[C@H](O[C@@H]4O[C@H](CO)[C@@H](O)[C@H](O)[C@H]4O[C@@H]4O[C@H](CO)[C@@H](O)[C@H](O)[C@H]4O)C(C)(C)[C@@H]3CC[C@]12C,1.2456095e-06
CC(C)=CCC[C@](C)(O[C@@H]1O[C@H](CO)[C@@H](O)[C@H](O)[C@H]1O)[C@H]1CC[C@]2(C)[C@@H]1[C@H](O)C[C@@H]1[C@@]3(C)CC[C@H](O)C(C)(C)[C@@H]3[C@@H](O[C@@H]3O[C@H](CO)[C@@H](O)[C@H](O)[C@H]3O[C@@H]3O[C@@H](C)[C@H](O)[C@@H](O)[C@H]3O)C[C@]12C,9.586874e-06
CC(C)=CCC[C@@](C)(O)[C@H]1CC[C@]2(C)[C@@H]1[C@H](O)C[C@@H]1[C@@]3(C)CC[C@H](O[C@@H]4O[C@H](CO)[C@@H](O)[C@H](O)[C@H]4O[C@@H]4O[C@H](CO)[C@@H](O)[C@H](O)[C@H]4O)C(C)(C)[C@@H]3CC[C@]12C,1.232405e-05
CCN(CC)Cc1ccc2cc(COC(=O)Nc3ccc(C(=O)NO)cc3)ccc2c1,0.0015306291
COC[C@H](C)Oc1cc(O[C@@H](C)Cc2ccccc2)cc(C(=O)Nc2ccc(C(=O)O)cn2)c1,0.011909786
CN(C)c1cccc(-c2c3c(=O)n(-c4ccccc4Cl)[nH]c3cc(=O)n2C)c1,0.022880143
C(#Cc1nc2ncccc2nc1OCCN1CCCC1)c1ccccc1,0.00010621939
O=C(OC[C@H](O)CO)c1ccccc1Nc1ccnc2cc(Cl)ccc12,0.005259662
CN1CC[C@@H](NC(=O)Nc2ccc(C#N)cc2)C[C@@H]1c1nc2ccccc2[nH]1,0.0016456352
CC(C)(C)[C@@H]1NC(=O)O[C@@H]2CCC[C@H]2OC/C=C/C(F)(F)c2nc3ccccc3nc2O[C@@H]2C[C@@H](C(=O)N[C@]3(C(=O)NS(=O)(=O)C4(C)CC4)C[C@H]3C(F)F)N(C2)C1=O,9.779518e-12
COCCNCc1ccc(-c2cc3nccc(Oc4ccc(NC(=S)NC(=O)Cc5ccc(F)cc5)cc4F)c3s2)nc1,0.30350167
Cc1ccc(S(=O)(=O)NC(=O)NN2C[C@H]3CCC[C@@H]3C2)cc1,7.51097e-05
CCC1=C(C)CN(C(=O)NCCc2ccc(S(=O)(=O)NC(=O)N[C@H]3CC[C@H](C)CC3)cc2)C1=O,2.6135327e-05
Cc1cnc(C(=O)NCCc2ccc(S(=O)(=O)NC(=O)NC3CCCCC3)cc2)cn1,0.00012336127
COc1ccc2c(c1)C(=O)N(CCc1ccc(S(=O)(=O)NC(=O)NC3CCCCC3)cc1)C(=O)C2(C)C,4.7230726e-05
COc1ccc2c3c1O[C@H]1C[C@@H](OC(=O)c4ccccc4)C=C[C@@]31CCN(C)C2,0.00016732981
COc1ccc(S(=O)(=O)N[C@@H](CNc2nc(C)nc(N3CCC(c4ccc5c(n4)NCCC5)CC3)c2C)C(=O)O)cc1,8.552247e-05
CN1C(=O)N(c2ccc(C#N)c(C(F)(F)F)c2)C(=O)[C@@]1(CO)c1ccccc1,1.1029789e-08
CN1C(=O)N(c2ccc(C#N)c(C(F)(F)F)c2)C(=O)[C@]1(CO)c1ccccc1,1.3815732e-08
CC1(C)Cc2c(sc(NC(=O)c3cc[nH]n3)c2C(N)=O)C(C)(C)O1,0.056122784
O=C(O)[C@@H](O)[C@@H](O)[C@H](O)[C@@H](O)C(=O)O,0.00022314259
O=C1O[C@@H](CO)[C@H](O)[C@@H](O)[C@@H]1O,0.0003344804
N[C@@H]1[C@@H](O)[C@H](O)[C@@H](CO)O[C@H]1O,0.00016313506
N[C@@H](CCC(=O)N[C@@H](CS)C(=O)NCC(=O)O)C(=O)O,0.00016424198
CC(C)OC(=O)CNC(=O)[C@H](CS)NC(=O)CC[C@H](N)C(=O)O,0.00013967563
NCC(=O)N[C@@H](CCC(N)=O)C(=O)O,0.00036921984
COc1ccc(Cl)cc1C(=O)NCCc1ccc(S(=O)(=O)NC(=O)NC2CCCCC2)cc1,0.00040548894
CCCCCCCCCCCC(=O)OC[C@@H](O)CO,0.003596597
O=C(CCCc1ccccc1)OCC(COC(=O)CCCc1ccccc1)OC(=O)CCCc1ccccc1,0.00046660006
COc1cc2c(=O)c(-c3ccc(O)cc3)coc2cc1O,0.0054012737
C[N+]1(C)CC[C@H](OC(=O)[C@](O)(c2ccccc2)C2CCCC2)C1,0.00046149694
CCC(C)(C)C(=O)C(=O)N1CCC[C@H]1C(=O)O,0.00029705648
N#CN/C(=N\c1ccncc1)NCCCCCCOc1ccc(Cl)cc1,0.0052135778
CCNc1nc(Nc2cc(F)c(C(=O)N3CCOCC3)cc2OC)ncc1C(F)(F)F,2.1651913e-07
NC(=O)c1cccc(-c2cc(Nc3ccc(OC(F)(F)F)cc3)ncn2)c1,6.1658875e-06
O=C(NCCO)c1cccc(-c2cc(Nc3ccc(OC(F)(F)F)cc3)ncn2)c1,3.0181886e-06
Cc1ccc(NC(=O)Nc2cc(C(F)(F)F)ccc2F)cc1Nc1ccc2c(c1)NC(=O)/C2=C\c1ccc[nH]1,3.7916984e-06
Cc1ccc(Nc2ncc3c(n2)N(C)C(=O)N(c2cc(NC(=O)c4cccc(C(F)(F)F)c4)ccc2C)C3)cn1,8.4153044e-07
N=C(N)Nc1ccc2[nH]c3c(c2c1)C[C@@]1(O)[C@H]2Cc4ccc(O)c5c4[C@@]1(CCN2CC1CC1)[C@H]3O5,2.0543998e-06
COc1ccc2c(c1)c(C1=C(c3c[nH]c4ccccc34)C(=O)NC1=O)cn2CCCN(C)C,0.13532804
Fc1cc(F)c2c(c1)[C@H]1C=CC[C@H]1[C@@H](c1cccnc1)N2,0.17112498
CN1CCN(C2CCN(C(=O)Nc3cc(Oc4ccc(NC(=O)C5(C(=O)Nc6ccc(F)cc6)CC5)c(F)c4)ccn3)CC2)CC1,0.000225649
CC(C)C[C@H](NC(=O)CNC(=O)[C@H](Cc1ccc(O)cc1)NC(=O)[C@H](CO)NC(=O)[C@H](Cc1c[nH]c2ccccc12)NC(=O)[C@H](Cc1cnc[nH]1)NC(=O)[C@@H]1CCC(=O)N1)C(=O)N[C@@H](CCCNC(=N)N)C(=O)N1CCC[C@H]1C(=O)NCC(N)=O,8.97542e-05
CC(C)C[C@H](NC(=O)[C@@H](COC(C)(C)C)NC(=O)[C@H](Cc1ccc(O)cc1)NC(=O)[C@H](CO)NC(=O)[C@H](Cc1c[nH]c2ccccc12)NC(=O)[C@H](Cc1cnc[nH]1)NC(=O)[C@@H]1CCC(=O)N1)C(=O)N[C@@H](CCCNC(=N)N)C(=O)N1CCC[C@H]1C(=O)NNC(N)=O,0.0006378681
Cc1cc2c(C(C)C)c(O)c(O)c(C=O)c2c(O)c1-c1c(C)cc2c(C(C)C)c(O)c(O)c(C=O)c2c1O,0.3416297
O=C1COc2nccc(-c3ccccc3F)c2CN1Cc1cc(C(F)(F)F)cc(C(F)(F)F)c1,3.1919235e-11
CCC(C)(C)C(=O)C(=O)N1CCC[C@H]1C(=O)OCCCc1cccnc1,0.00025395412
O=C(N[C@@H]1Cc2ccccc2N(C[C@@H](O)CO)C1=O)c1cc2cc(Cl)sc2[nH]1,0.009034787
O=C(CCCCCCCn1cc(-c2cccnc2)nn1)Nc1ccccc1-c1ccccc1,0.064649135
Cc1cc(OCc2nc(-c3ccccc3Cl)cs2)ccc1OCC(=O)O,0.005447895
Cc1ccc2c(c1)Cc1c(C(=O)NN3CCCCC3)nn(-c3ccc(Cl)cc3Cl)c1-2,0.37594047
Cc1ccc2c(c1)Cc1c(C(=O)NC3CCCCC3)nn(-c3ccc(Cl)cc3Cl)c1-2,0.19174166
COc1ccccc1N1CCN(CCCCNC(=O)c2ccc(-c3ccc(C(C)=O)cc3)cc2)CC1,0.00033804245
Cn1cc(C(=O)OCC2CCN(CCNS(C)(=O)=O)CC2)c2ccccc21,1.4447129e-05
COc1ccc(NC(=O)c2ccc(-c3ccc(-c4noc(C)n4)cc3C)cc2)cc1N1CCN(C)CC1,0.004344762
COC(=O)Nc1ccc2[nH]cc(CCNC(C)=O)c2c1,0.0020762922
N=C(N)c1ccc(N2CCN(C3CCN(CC(=O)O)CC3)CC2)cc1,1.825541e-05
COC1(C[S@@](=O)c2ccccc2)CCN(CCc2c[nH]c3ccc(F)cc23)CC1,0.0004487793
CC=C1C(=O)C[C@H]2[C@@H]3CCC4=CC(=O)CC[C@]4(C)[C@H]3CC[C@]12C,4.9094768e-05
OC[C@H]1O[C@@H](n2cnc3c(N[C@H]4CCC[C@@H]4O)ncnc32)[C@H](O)[C@@H]1O,8.4028165e-05
CC(C)C[C@@H](NC(=O)[C@H](C)NC(=O)CNC(=O)[C@@H](NC=O)C(C)C)C(=O)N[C@@H](C)C(=O)N[C@@H](C(=O)N[C@H](C(=O)N[C@@H](C(=O)N[C@@H](Cc1c[nH]c2ccccc12)C(=O)N[C@H](CC(C)C)C(=O)N[C@@H](Cc1c[nH]c2ccccc12)C(=O)N[C@H](CC(C)C)C(=O)N[C@@H](Cc1c[nH]c2ccccc12)C(=O)N[C@H](CC(C)C)C(=O)N[C@@H](Cc1c[nH]c2ccccc12)C(=O)NCCO)C(C)C)C(C)C)C(C)C,0.16657613
CN(C)Cc1c[nH]c2ccccc12,0.0062535033
CN1[C@@H]2CCC[C@H]1C[C@@H](NC(=O)c1nn(C)c3ccccc13)C2,0.00072351034
CCc1nc2c(C)nc(C)cc2n1-c1ccc(CCNC(=O)NS(=O)(=O)c2ccc(C)cc2)cc1,0.0007792235
C=C[C@@H]1C[C@]1(NC(=O)[C@@H]1C[C@@H]2CN1C(=O)[C@H](C(C)(C)C)NC(=O)O[C@@H]1C[C@H]1CCCCCc1nc3ccc(OC)cc3nc1O2)C(=O)NS(=O)(=O)C1CC1,3.601097e-06
COC1=CC(=O)C[C@@H](C)[C@]12Oc1c(Cl)c(OC)cc(OC)c1C2=O,0.0004782205
COc1[nH]c2ccc(F)cc2c1C(=O)OCC1CCN(CCNS(C)(=O)=O)CC1,3.389046e-05
COc1ccc(CNC(=O)/C=C/c2ccc3[nH]cc(CCN(C)C)c3c2)cc1,0.0055243033
O=C(O)c1ccc(N2N=C(Cc3ccccc3)/C(=C\c3ccc(-c4ccccc4F)o3)C2=O)cc1,0.015951298
CSc1nc(NC2CCCC2)c([N+](=O)[O-])c(NC2CCCC2)n1,0.5388453
CCCn1c(=O)c2[nH]c(-c3cnn(Cc4cccc(C(F)(F)F)c4)c3)nc2n(CC)c1=O,1.1150123e-06
CCCCOc1nc(N)c2c(n1)N(Cc1cccc(CN3CCCC3)c1)CC(=O)N2,0.00095118885
FC(F)(F)Oc1ccc(-c2ccc3nnc(C(F)(F)F)n3c2)cc1,1.1066218e-09
c1cn2cc(-c3ccc4c[nH]nc4c3)nc(Nc3ccc(N4CCOCC4)cc3)c2n1,0.002065198
O=C(O)CCNc1cc(N2CCc3ccccc3CC2)nc(-c2ccccn2)n1,0.0006313277
O=C(O)CCNc1cc(N2CCc3ccccc3CC2)nc(-c2cccnc2)n1,0.00069773383
CCOC(=O)CCNc1cc(N2CCc3ccccc3CC2)nc(-c2ccccn2)n1,0.00048492305
CCOC(=O)CCNc1cc(N2CCc3ccccc3CC2)nc(-c2cccnc2)n1,0.0005359376
c1ccc([C@@H]2C[C@H]2NC2CCNCC2)cc1,0.00033471672
O=C1Nc2cc(Br)ccc2/C1=C1Nc2ccccc2C/1=N/O,0.026150627
COC(=O)c1sccc1S(=O)(=O)Nc1ccc(Nc2ccccc2)cc1OC,0.000300678
O=C1NC(=O)/C(=C/c2ccc3nccc(-c4ccncc4)c3c2)S1,0.017547166
CCn1cc(-c2ccnc3[nH]c(-c4cccc(CN(C)C)c4)cc23)c(-c2ccc(NC(=O)N(C)C)cc2)n1,0.0073428852
CC(C)c1noc(N2CCC(COc3ccc(-c4ccc(S(C)(=O)=O)cc4)nc3)CC2)n1,0.0002591328
CN(C(=O)CN1C(=O)COc2cc(Cl)c(Cl)cc21)[C@@H](CN1CCCC1)c1ccc(-c2cccc(C(N)=O)c2)cc1,0.035321496
Cc1ccc2c(N3CCN(CCc4cccc(N5CCNC5=O)c4)CC3)cccc2n1,0.00022762382
CNC(=O)c1c(F)cccc1Nc1nc(Nc2cc3c(cc2OC)CCN3C(=O)CN(C)C)nc2[nH]ccc12,0.008129979
CNC(=O)c1ccc(Oc2ccc3c(c2)CCN(C2CCC2)CC3)nc1,9.3807415e-05
CCc1cc(Nc2nccc(-c3c(-c4ccc(OC)c(C(=O)Nc5c(F)cccc5F)c4)nc4ccccn34)n2)c(OC)cc1N1CCC(N2CCN(S(C)(=O)=O)CC2)CC1,4.9642338e-05
Cn1ncc(Cl)c1-c1cc(C(=O)N[C@H](CN)Cc2cccc(F)c2)sc1Cl,0.5547711
COc1ncc(-c2ccc3nccc(-c4ccnnc4)c3c2)cc1NS(=O)(=O)c1ccc(F)cc1F,0.0011451998
CCOc1ccc(-c2ccc(Cn3c(CC(C)(C)C(=O)O)c(SC(C)(C)C)c4cc(OCc5ccc(C)cn5)ccc43)cc2)cn1,0.005801583
O=C(NC1(c2ccccc2)CC1)c1c(CN2CCC(N3CCCCC3)CC2)c(-c2cccc(C(F)(F)F)c2)nc2cc(Br)ccc12,8.880214e-09
O=C(C1CC1)N1CC[C@@H](Cc2n[nH]c(=O)n2-c2ccc(-c3ccc4occc4c3)cc2)C1,0.00018256008
COc1cccc2c1c(NS(=O)(=O)c1ccc(Cl)s1)nn2Cc1cccc(CNC(=O)C(C)(C)O)c1,0.00012544908
CONC(=O)c1ccccc1Nc1cc(Nc2cc(C)nn2C(C)C)ncc1Cl,0.04674517
CNc1nc(C)nc(N[C@H]2CCC[C@@H](C(=O)NCc3ccc(C#N)cc3C(F)(F)F)C2)n1,7.5610195e-08
CCCC[C@]1(CC)CS(=O)(=O)c2cc(CNC(CC(=O)O)CC(=O)O)c(OC)cc2[C@@H](c2ccccc2)N1,0.00064376876
CNc1nc(-c2ccc3c(N)[nH]nc3c2)cc(N2C[C@@H](C(=O)NC3CCCCC3)CC[C@H]2C)n1,0.0007190926
O=C1CCCN1c1ccc(Oc2ccc3c(c2)CCN(C2CCC2)CC3)nc1,4.316004e-05
COc1cccc(Nc2c(C(N)=O)cnc3c(C)cc(S(=O)(=O)c4cccc(C(=O)N(C)C)c4)cc23)c1,0.0026669723
O=C(Nc1cccnc1)c1cc(-c2ccnc(F)c2)ccc1OCc1ccccc1,0.010975311
Cn1cc(-c2ccc3c(c2)CCN3C(=O)Cc2cccc(C(F)(F)F)c2)c2c(N)ncnc21,4.2684994e-07
Cc1c(Cn2c(C)nc3c(C(=O)O)cc(N4CCOCC4)cc32)cccc1C(F)(F)F,5.2154232e-06
Cc1cccc(CC(=O)N2CCc3c2ccc(-c2cn(C)c4ncnc(N)c24)c3F)n1,0.021022081
CCn1c(-c2nonc2N)nc2cnc(Oc3cccc(NC(=O)c4ccc(OCCN5CCOCC5)cc4)c3)cc21,0.00026129818
CCCOc1ccn2c(C(C)=O)cc(-c3ccccc3S(C)(=O)=O)c2c1,0.0054583424
CC[C@H](C)n1cc(C)c2c(C(=O)NCc3c(C)cc(C)[nH]c3=O)cc(-c3ccc(N4CCNCC4)nc3)cc21,0.0024782573
Cc1ncc(Cl)cc1NCc1ccc(C(=O)N[C@@H](CC2CCCC2)C(=O)NC2CC2)s1,0.0026072257
COc1ncc(-c2ccc3c(Nc4cc(Oc5cc(F)cc(F)c5)cc(C(=O)O)c4)c(S(=O)(=O)NC4CC4)cnc3c2)c(OC)n1,0.056235015
CC(C)C1=C2[C@H]3CC[C@@H]4[C@@]5(C)CC[C@H](OC(=O)CC(C)(C)C(=O)O)C(C)(C)[C@@H]5CC[C@@]4(C)[C@]3(C)CC[C@@]2([C@@H](O)CN(CCN(C)C)Cc2ccc(Cl)cc2)CC1=O,2.7079863e-05
O=C(O)c1ccc(CN2CCC(CN[C@@H]3C[C@H]3c3ccccc3)CC2)cc1,0.000105737556
C[C@H](CS(C)(=O)=O)n1ccc2c(C(F)(F)F)c(C#N)ccc21,2.7278747e-07
CCc1ccc(N(CC(C)C)S(=O)(=O)c2ccc(OCC3CCOCC3)c(CO)c2)cc1,0.00011138022
CN1C(=O)[C@@H](NC(=O)c2nc(Cc3ccccc3)n[nH]2)COc2ccccc21,0.0035938006
O=C(CCc1ccc(CN[C@H](C(=O)OC2CCCC2)C2CCCCC2)cn1)NO,0.00013352335
CCOc1cc(=O)[nH]cc1-c1ccc(CC(=O)Nc2cc(C(C)(C)C(F)(F)F)on2)c(F)c1,3.1445225e-08
CC(=O)N1CCC(Nc2cc(C(=O)NC[C@H](O)CN3CCc4ccccc4C3)ncn2)CC1,4.6525707e-05
CCn1ncc2c(NC3CCOCC3)c(-c3nnc(Cc4sc(C)nc4C)o3)cnc21,0.0011992811
CC(C)(C)NCc1ccc(Nc2ccnc3cc(Cl)ccc23)cc1O,0.053350803
COc1ccc(S(=O)(=O)Nc2c(C)cc(C)cc2C)cc1,0.0019399936
O=C(NCCS(=O)(=O)c1ccc(C(F)(F)F)cn1)c1ccc(Cl)cc1,6.987028e-08
CC1=C(C(=O)Nc2cc3c[nH]nc3cc2F)[C@H](c2ccc(C(F)(F)F)cc2)CC(=O)N1,1.8411573e-06
C[C@@H](Oc1cc(-n2cnc3ccc(CN4CCN(C)CC4)cc32)sc1C(N)=O)c1ccccc1C(F)(F)F,2.3839098e-07
Cc1cc(C)c(CNC(=O)c2cc(-c3ccc(N4CCN(C)CC4)nc3)cc3c2c(C)cn3C(C)C)c(=O)[nH]1,0.0008825353
O=C(O)c1ccc(-c2c[nH]c3ncc(-c4ccccc4)cc23)cc1C1CCCC1,0.00234144
NC[C@H]1OB(O)c2c(OCCO)ccc(Cl)c21,0.002212082
CCn1c(-c2nonc2N)nc2c(C#CC(C)(C)O)ncc(OC[C@H]3CCCNC3)c21,1.935606e-05
O=S(=O)(Cc1ccccc1)Nc1ccc(-c2ccc3c(cnn3-c3ccc(F)cc3)c2)c(C(F)(F)F)c1,1.9149214e-05
CC(C)Oc1ccc(C(=O)N[C@H](CNC(=O)CN(C)C)Cc2ccc(-c3cn4cccc([C@H](C)O)c4n3)cc2)cc1Cl,0.01609934
c1ccc(-c2[nH]nc3c2oc2ccccc23)cc1,0.0040729623
COc1ccc(/C=C2\CCCN=C2c2cccnc2)c(OC)c1,0.0018785695
COc1ccccc1OC(=O)c1ccccc1OC(C)=O,0.0095635
Nc1ncn([C@H]2C[C@H](OP(=O)(O)OC[C@H]3O[C@@H](n4cnc5c(=O)nc(N)[nH]c54)C[C@@H]3O)[C@@H](CO)O2)c(=O)n1,4.3780412e-07
COc1ccccc1O,0.00563589
COc1ccccc1OC[C@@H](O)CO,0.0026999342
N=C(N)N/N=C/c1c(Cl)cccc1Cl,0.02193287
N=C(N)NC[C@H]1COC2(CCCCC2)O1,0.00017936011
CCC(C)(C)NC(=N)NC#N,0.00029764927
N=C(N)NCCN1CCCCCCC1,0.00012263878
N=C(N)NC(=O)Cc1c(Cl)cccc1Cl,0.01175367
N=C(N)N,0.0018824665
N=C(N)NCCSSCCNC(=N)N,0.00034835908
N=C(N)NCCC(=O)O,0.0006328998
Nc1nc(=O)c2ncn([C@@H]3O[C@H](CO)[C@@H](O)[C@H]3O)c2[nH]1,0.00015373512
CSc1nc2ccc3nc(NC(=O)C(c4ccccc4)c4ccccc4)sc3c2s1,0.009220449
O=C(O)C1=CCCNC1,0.0010232818
Cc1cc(SCc2sc(-c3ccc(C(F)(F)F)c(F)c3)nc2C)ccc1OCC(=O)O,6.949673e-07
CCOC(=O)c1ccc(-n2cc(Cc3cnc(OCC)nc3)c(=O)nc2SCc2ccc(F)cc2)cc1,0.021656768
CN(CCOc1ccc(C[C@H](Nc2ccccc2C(=O)c2ccccc2)C(=O)O)cc1)c1ccccn1,0.011359128
COc1ccc(COc2ccc(Cc3cnc(N)nc3N)cc2OC)cc1,0.055815857
CC(C)[C@@H]1C(=O)N(S(C)(=O)=O)[C@@H]2CCN(C(=O)/C=C/CN3CCCCC3)[C@H]21,2.460466e-06
O=C(O)Cc1cccc(OCCCN(Cc2cccc(C(F)(F)F)c2Cl)CC(c2ccccc2)c2ccccc2)c1,3.064005e-06
COc1ccc2c(c1)c(CCN1CCOCC1)c(C)n2C(=O)c1cccc(Cl)c1Cl,0.0043980954
CC(C)c1onc(-c2c(Cl)cccc2Cl)c1COc1ccc(/C=C/c2cccc(C(=O)O)c2)c(Cl)c1,0.022537204
O=C(Nc1nc2ccccc2n1CCc1ccccc1)c1ccccc1,0.0039310674
Cn1cc(/C=C2\C(=O)Nc3cccnc32)c2ccccc21,0.014134748
Cc1cc(SCc2sc(-c3ccc(C(F)(F)F)cc3)nc2C)ccc1OCC(=O)O,2.7432014e-07
O=C1Nc2ccc(I)cc2C1=Cc1cc(Br)c(O)c(Br)c1,0.3145318
COc1ccccc1NC(=O)OCC1CCN(C(=O)OC(C)(C)C)CC1,0.00020275987
CS(=O)(=O)CCNCc1nc(-c2ccc3ncnc(Nc4ccc(OCc5cccc(F)c5)c(Cl)c4)c3c2)cs1,0.018367544
CCOc1c2c(c(OCC)c3ccccc13)C(=O)N(c1ccc(CC(=O)NS(=O)(=O)c3ccccc3)cc1)C2,0.004136908
CCC(=O)NC[C@H](Cc1ccc(OCCc2nc(-c3ccccc3)oc2C)cc1)N/C(C)=C\C(=O)c1ccc(C(F)(F)F)cc1,3.966533e-07
CC(C)(Sc1ccc(CCN(CCCCC2CCCCC2)C(=O)NC2CCCCC2)cc1)C(=O)O,0.00013707738
O=C(NC1CCOCC1)c1ccc(-c2cc(-c3c[nH]nc3-c3ccccn3)ccn2)cc1,0.0015665599
COc1cc(-n2cnc3cc(-c4ccc(Cl)cc4)sc3c2=O)ccc1OCCN1CCCC1,0.00063435634
O=C(NCC1CCOCC1)c1cnc(Nc2ccc(Cl)cc2Cl)nc1C(F)(F)F,2.346909e-06
COc1cc2ncn(-c3cc(OCc4ccccc4C(F)(F)F)c(C(N)=O)s3)c2cc1OC,9.187846e-07
O=C(O)CCc1ccc(NCc2cccc(Oc3ccccc3)c2)cc1,0.0045752367
O=C(Nc1ccccc1)c1cc([N+](=O)[O-])ccc1Cl,0.91949326
CC(=N)NCCSCC[C@H](N)C(=O)O,0.00036247255
CC1=NN=C(c2ccc(N)cc2)c2cc3c(cc2C1)OCO3,0.0019205175
CC(C)=CCC[C@](C)(O[C@@H]1O[C@H](CO[C@@H]2OC[C@@H](O)[C@H](O)[C@H]2O)[C@@H](O)[C@H](O)[C@H]1O)[C@H]1CC[C@]2(C)[C@@H]1[C@H](O)C[C@@H]1[C@@]3(C)CC[C@H](O[C@@H]4O[C@H](CO)[C@@H](O)[C@H](O)[C@H]4O)C(C)(C)[C@@H]3CC[C@]12C,1.6343783e-06
Cc1ccc(C(=O)Nc2ccc(CN3CCN(C)CC3)c(C(F)(F)F)c2)cc1C#Cc1cnc2n[nH]cc2c1,8.095885e-08
CS(=O)(=O)c1ccc(-c2nnc(/C=C/c3nnc(-c4ccc(C#N)cc4)o3)n2-c2ccccc2Cl)nc1,0.0008954305
CCc1ccc(NC(=O)Nc2c[nH]c3ccccc23)cc1,0.0154530015
O=S(=O)(NCCNC/C=C/c1ccc(Br)cc1)c1cccc2cnccc12,0.00053187966
N=C(N)NCCNS(=O)(=O)c1cccc2cnccc12,0.00014500348
O=C1S/C(=C\c2ccc(OCc3cccc(B(O)O)c3)cc2)C(=O)N1Cc1ccc(F)cc1,0.012155247
N[C@@H]1CCN(O)C1=O,0.00049237127
N[C@H]1CCN(O)C1=O,0.00042580522
O=C(O)c1ccc(S(=O)(=O)N(Cl)Cl)cc1,3.3417787e-06
CC1(C)O[C@@H]2C[C@H]3[C@@H]4CCC5=CC(=O)CC[C@]5(C)[C@@]4(F)[C@@H](O)C[C@]3(C)[C@]2(C(=O)CCl)O1,6.756848e-08
CCC(=O)O[C@]1(C(=O)CCl)[C@@H](C)C[C@H]2[C@@H]3C[C@H](F)C4=CC(=O)C=C[C@]4(C)[C@@]3(F)[C@@H](O)C[C@@]21C,3.1594065e-09
CCCCN(CCCC)CC[C@@H](O)c1cc2c(Cl)cc(Cl)cc2c2cc(C(F)(F)F)ccc12,2.2158554e-06
O=C(C[C@H]1NCCC[C@@H]1O)Cn1cnc2cc(Br)c(Cl)cc2c1=O,0.08438095
O=C(NCCN1CCC(n2c(=O)[nH]c3cc(Cl)ccc32)CC1)c1ccc(F)cc1,0.0034392427
O=C(CCCN1CCC(O)(c2ccc(Cl)cc2)CC1)c1ccc(F)cc1,0.0002602075
CCCCCCCCCC(=O)OC1(c2ccc(Cl)cc2)CCN(CCCC(=O)c2ccc(F)cc2)CC1,0.0012066299
Clc1cc(Cl)c(OCC#CI)cc1Cl,0.013942888
FC(F)(F)[C@@H](Cl)Br,1.2514976e-06
Cc1nccc2c1[nH]c1ccccc12,0.0062778816
COC(=O)C[C@](O)(CCC(C)(C)O)C(=O)O[C@@H]1C(OC)=C[C@]23CCCN2CCc2cc4c(cc2[C@H]13)OCO4,3.1000675e-07
CCOC(=O)C1=C(N)Oc2ccc(Br)cc2[C@H]1[C@H](C#N)C(=O)OCC,2.4085928e-05
O=C(O)CN(CCN(CC(=O)O)Cc1ccccc1O)Cc1ccccc1O,0.00078163604
CC(C)c1ccc(NC(=O)Cn2cnc3c2c(=O)n(C)c(=O)n3C)cc1,0.0034639584
Cc1c(C(=O)Nc2cccc(C(F)(F)F)c2)cc(-c2ccccc2)n1CCCN1CCOCC1,6.5341436e-07
Cn1c(=O)n(CCCO)c(=O)c2c1nc(Oc1cccc(Cl)c1)n2Cc1ccc(Cl)cc1,0.018055964
CCc1ccc(/C=C/C(=O)Nc2ccc(C(C)=O)cc2)o1,0.007977501
CCCCC#Cc1nc(NC)c2ncn([C@@H]3O[C@H](CO)[C@@H](O)[C@H]3O)c2n1,2.6315221e-05
CC1=C([C@@H](C)O)c2cc3nc(cc4[nH]c(cc5[nH]c(cc1n2)c(C)c5CCC(=O)O)c(CCC(=O)O)c4C)C([C@@H](C)O)=C3C,0.0003737737
Oc1cc2c(cc1O)[C@@H]1c3ccc(O)c(O)c3OC[C@]1(O)C2,0.00090722844
C=CC1=C(C)C2=N/C1=C\c1c(C)c(CCC(=O)O)c3[n]1[Fe]([OH])[n]1/c(c(C)c(C=C)/c1=C/2)=C\C1=N/C(=C\3)C(CCC(=O)O)=C1C,8.374367e-06
CC(C)=CCC[C@](C)(O)[C@H]1CC[C@]2(C)[C@@H]1[C@H](O)C[C@@H]1[C@@]3(C)CC[C@H](O)C(C)(C)[C@@H]3[C@@H](O)C[C@]12C,0.016181663
NS(=O)(=O)OCCCCCCCOS(N)(=O)=O,3.4614506e-05
C[C@@H](N)CCCC(C)(C)O,0.008798749
Cc1cc(Nc2ncnc3ccc(-c4ccc(CNCCS(C)(=O)=O)o4)cc23)ccc1Oc1ccn2ncnc2c1,0.010020455
CCS(=O)(=O)Nc1ccc2c(c1)/C(=C(/Nc1ccc(CN3CCCCC3)cc1)c1ccccc1)C(=O)N2,0.0001769171
COc1ccc([C@@H]2CC(=O)c3c(O)cc(O)cc3O2)cc1O,0.0046531307
COc1ccc([C@@H]2CC(=O)c3c(O)cc(O[C@@H]4O[C@H](CO[C@@H]5O[C@@H](C)[C@H](O)[C@@H](O)[C@H]5O)[C@@H](O)[C@H](O)[C@H]4O)cc3O2)cc1O,3.0353774e-05
CC1(C)S[C@@H]2[C@H](N3C(=O)[C@@H](c4ccccc4)NC3(C)C)C(=O)N2[C@H]1C(=O)O,0.27724424
Oc1c(Cl)cc(Cl)c(Cl)c1Cc1c(O)c(Cl)cc(Cl)c1Cl,0.9900344
C[N+](C)(C)CCCCCC[N+](C)(C)C,0.024086993
CC(=O)NCCCCCCNC(C)=O,0.0025340747
CCCCCCOC(=O)CCC(=O)CN,0.00088769326
O=P(O)(O)O[C@H]1[C@H](OP(=O)(O)O)[C@@H](OP(=O)(O)O)[C@H](OP(=O)(O)O)[C@@H](OP(=O)(O)O)[C@H]1OP(=O)(O)O,2.508098e-16
CC[C@H](c1ccc(O)cc1)[C@@H](CC)c1ccc(O)cc1,0.009890796
CCCC[C@@H](CC)CN1CN(C[C@@H](CC)CCCC)C[C@@](C)(N)C1,0.0013979411
O=C(O)[C@H](O)[C@H](O)[C@H](O)[C@H](O)CO,0.00021043114
Oc1ccc([C@H](O)CNCCCCCCNC[C@H](O)c2ccc(O)c(O)c2)cc1O,0.017533861
C[C@@H](CNC1CCCCC1)OC(=O)c1ccccc1,0.0006643415
C[C@@H](O)CC(C)(C)O,0.0052244086
Oc1ccc(C[C@H]2NCCc3cc(O)c(O)cc32)cc1,0.002104204
O=C(O)CNC(=O)c1ccccc1,0.0029701812
NCCc1cnc[nH]1,0.004697106
Cc1cc(C)c(S(=O)(=O)n2cc(C)cc2C)c(C)c1,0.00043441076
CCOc1cc2ncc(C#N)c(Nc3ccc(OCc4cccc(F)c4)c(Cl)c3)c2cc1NC(=O)/C=C/CN(C)C,0.00866807
CCn1c2ccccc2c2cc(CNCc3ccccc3OC)ccc21,0.0100297555
COc1cc2c(cc1OC)CN(CCc1ccc(-n3nnc(-c4cc(OC)c(OC)cc4NC(=O)c4cc(=O)c5ccccc5o4)n3)cc1)CC2,0.00794914
COc1ccc(S(=O)(=O)N(C(C)=O)c2ccccc2/C=C/c2cc[n+]([O-])cc2)cc1,0.0011042588
CC(C)(C)NC[C@H](O)c1ccc(O)cc1Cl,0.0015390238
CC[n+]1c(-c2ccccc2)c2cc(N)ccc2c2ccc(N)cc21,0.0059088
CN1CCCN([C@@H](c2ccccc2)c2ccc(Cl)cc2)CC1,0.0008951277
COC(=O)C[C@](O)(CCCC(C)(C)O)C(=O)O[C@@H]1C(OC)=C[C@]23CCCN2CCc2cc4c(cc2[C@H]13)OCO4,6.2332896e-07
O=C(O)Cc1cccnc1C(=O)O,0.0072763567
C[C@H]1C[C@H](OC(=O)c2ccccc2O)CC(C)(C)C1,0.0058358153
COc1ccc(CCN)cc1OC,0.0072288546
C=CCc1ccc(O)c(-c2ccc(O)c(CC=C)c2)c1,0.004332378
CN(C)CCc1ccc(O)cc1,0.005838649
CCCC[C@H](NC(C)=O)C(=O)N[C@@H](CCC(N)=O)C(=O)N[C@@H](Cc1c[nH]cn1)C(=O)N[C@H](Cc1ccccc1)C(=O)N[C@@H](CCCNC(=N)N)C(=O)N[C@H](Cc1c[nH]c2ccccc12)C(=O)NCC(N)=O,0.0023446376
CC(C)(O)c1nc(-c2cccc(CNC(=O)c3cnc(-c4ccccn4)nc3)c2)no1,0.0029374952
CCCCCCO[C@H](C)c1c(C)c2cc3nc(c4c5[nH]c(cc6nc(cc1[nH]2)C(C)=C6CC)c(C)c5C(=O)C4)[C@@H](CCC(=O)O)[C@@H]3C,0.002173766
CCC(C)(C)C(=O)O,0.0007172645
O=C(Nc1nnn[nH]1)c1cncc(N2CCCC2)n1,0.0007360998
O=C1/C(=N\c2cccc(C(F)(F)F)c2)c2ccccc2N1c1ccccc1,1.5433942e-06
Cc1nc(Nc2cnn(C3CCNCC3)c2)nc2c1N(C)C(=O)c1cc3ccccc3cc1N2C,0.00086622813
CCCCCCOc1cc(C)c(O)c(C)c1C,0.014081576
C[C@@H](CCCCC(=O)Nc1ccc(C(F)(F)F)cc1)NCCc1cnc[nH]1,3.9794568e-07
C/C=C1\[C@H]2C=C(C)C[C@]1(N)c1ccc(=O)[nH]c1C2,0.0005936018
CC(=O)N[C@@H]1C[C@H](O)[C@@H](CO)O[C@H]1O[C@H]1[C@H](O)[C@@H](O)[C@H](O)O[C@@H]1C(=O)O,5.6669094e-05
CCN(CC)CCNc1ccc(CO)c2sc3ccccc3c(=O)c12,0.0011959752
NNc1nncc2ccccc12,0.0033065714
COc1ccc2c(c1OC)C(=O)O[C@@H]2[C@H]1c2cc3c(cc2CCN1C)OCO3,0.00076374883
C[N+]1=Cc2cc3c(cc2CC1)OCO3,0.00083840784
NS(=O)(=O)c1cc2c(cc1Cl)NCNS2(=O)=O,2.7436593e-06
C[C@]12CCC(=O)C=C1CC[C@@H]1[C@@H]2[C@@H](O)C[C@@]2(C)[C@H]1CC[C@]2(O)C(=O)CO,3.0379206e-06
CC(=O)OCC(=O)[C@@]1(O)CC[C@H]2[C@@H]3CCC4=CC(=O)CC[C@]4(C)[C@H]3[C@@H](O)C[C@@]21C,2.3466314e-06
CCCC(=O)O[C@]1(C(=O)CO)CC[C@H]2[C@@H]3CCC4=CC(=O)CC[C@]4(C)[C@H]3[C@@H](O)C[C@@]21C,2.2182849e-06
C[C@]12CCC(=O)C=C1CC[C@@H]1[C@@H]2[C@@H](O)C[C@@]2(C)[C@H]1CC[C@]2(O)C(=O)COC(=O)CCC(=O)O,4.778806e-07
C[C@@]12CCC(=O)C=C1CC[C@@H]1[C@@H]2[C@@H](O)C[C@]2(C)[C@H]1CC[C@]2(O)C(=O)COP(=O)(O)O,5.0068415e-08
CCCCC(=O)O[C@]1(C(=O)CO)CC[C@H]2[C@@H]3CCC4=CC(=O)CC[C@]4(C)[C@H]3[C@@H](O)C[C@@]21C,2.520227e-06
NS(=O)(=O)c1cc2c(cc1C(F)(F)F)NCNS2(=O)=O,1.8622773e-10
CC[C@H]1C[N@@]2CC[C@H]1C[C@@H]2[C@@H](O)c1ccnc2ccc(OC)cc12,0.000150705
Oc1ccc(O)cc1,0.0040821317
C/C1=C2/[N]([Co+][OH])[C@H]([C@H](CC(N)=O)[C@@]2(C)CCC(=O)NC[C@@H](C)OP(=O)(O)O[C@H]2[C@@H](O)[C@@H](n3cnc4cc(C)c(C)cc43)O[C@@H]2CO)[C@]2(C)N=C(/C(C)=C3\N=C(/C=C4/N=C1[C@@H](CCC(N)=O)C4(C)C)[C@@H](CCC(N)=O)[C@]3(C)CC(N)=O)[C@@H](CCC(N)=O)[C@]2(C)CC(N)=O,6.8067196e-10
C[C@@H](N)Cc1ccc(O)cc1,0.005530715
CCN(CCO)CCCC(C)Nc1ccnc2cc(Cl)ccc12,0.005797811
O=c1[nH]ccc2c(S(=O)(=O)N3CCCNCC3)cccc12,2.6026139e-05
CC(=O)[C@@]1(O)CC[C@H]2[C@@H]3CCC4=CC(=O)CC[C@]4(C)[C@H]3CC[C@@]21C,8.47035e-06
CC(=O)O[C@]1(C(C)=O)CC[C@H]2[C@@H]3CCC4=CC(=O)CC[C@]4(C)[C@H]3CC[C@@]21C,2.152264e-05
C[C@@H](O)COC[C@H]1O[C@@H]2O[C@H]3[C@H](O)[C@@H](O)[C@@H](O[C@H]4[C@H](O)[C@@H](O)[C@@H](O[C@H]5[C@H](O)[C@@H](O)[C@@H](O[C@H]6[C@H](O)[C@@H](O)[C@@H](O[C@H]7[C@H](O)[C@@H](O)[C@@H](O[C@H]8[C@H](O)[C@@H](O)[C@@H](O[C@H]1[C@H](O)[C@H]2O)O[C@@H]8COC[C@@H](C)O)O[C@@H]7COC[C@@H](C)O)O[C@@H]6COC[C@@H](C)O)O[C@@H]5COC[C@@H](C)O)O[C@@H]4COC[C@@H](C)O)O[C@@H]3COC[C@@H](C)O,1.080373e-12
O=C(/C=C/c1ccc(O)cc1)[C@H]1C(=O)[C@H]([C@@H]2O[C@H](CO)[C@@H](O)[C@H](O)[C@H]2O)C(=O)[C@@](O)([C@@H]2O[C@H](CO)[C@@H](O)[C@H](O)[C@H]2O)C1=O,2.051186e-07
N=C(N)c1ccc(/C=C/c2ccc(C(=N)N)cc2O)cc1,0.007341721
Nc1c2c(nc3ccccc13)CCC[C@@H]2O,0.002323043
Cc1cccc(C(=O)O)c1O,0.005181332
NC(=O)NO,0.0041559893
OCCOCCN1CCN([C@@H](c2ccccc2)c2ccc(Cl)cc2)CC1,0.00040848894
CN[C@H]1C[C@@H](N)[C@H](O)[C@@H](O[C@@H]2O[C@H](CO)[C@H](O)[C@@H]3O[C@@]4(O[C@H]23)O[C@H]([C@@H](N)CO)[C@H](O)[C@H](O)[C@H]4O)[C@@H]1O,3.8152723e-07
Cc1cc(=O)oc2cc(O)ccc12,0.0062745423
C[C@H](CCC(=O)O)[C@H]1CC[C@H]2[C@@H]3C[C@H](O)[C@@H]4C[C@H](O)CC[C@]4(C)[C@H]3CC[C@]12C,2.0640973e-05
CN1[C@@H]2CC[C@H]1C[C@@H](OC(=O)[C@H](CO)c1ccccc1)C2,0.00023067291
Cc1cc(O)c2c(=O)c3c(O)cc(O)c4c5c(O)cc(O)c6c(=O)c7c(O)cc(C)c8c1c2c(c34)c(c78)c65,0.39462975
O=c1c(O[C@@H]2O[C@H](CO)[C@@H](O)[C@H](O)[C@@H]2O)c(-c2ccc(O)c(O)c2)oc2cc(O)cc(O)c12,0.000840798
C=C1C(=O)C[C@H]2C[C@@H]3O[C@@]3(C)CC[C@@H]3O[C@@]3(C)C[C@@H](OC(C)=O)[C@H]1C2(C)C,0.0045233853
O=c1nc[nH]c2nc[nH]c12,0.0031260313
O=C(O)c1ccc2c(c1)C(=O)N(c1cccc(Oc3ccc([N+](=O)[O-])cc3)c1)C2=O,0.20756689
CCNC(=O)C[C@@H]1N=C(c2ccc(Cl)cc2)c2cc(OC)ccc2-n2c(C)nnc21,0.0015041742
COc1cc2c(cc1-c1c(C)noc1C)ncc1[nH]c(=O)n([C@H](C)c3ccccn3)c12,0.006765286
CCn1cc(-c2cccc(C(F)(F)F)c2)c2sc(C(=N)NC3CCS(=O)(=O)CC3)cc2c1=O,5.2765654e-07
CCN(CC)CCNC(=O)c1ccc(I)cc1,0.00062374165
CCN(CC)CCNC(=O)c1ccccc1I,0.0004457537
CCC(=O)N1CCOc2c(cc(-c3ccc(OC)c(OC)c3)cc2OC[C@H]2CCCN(C)C2)C1,0.00028297838
Cc1nc(-c2nc(-c3ccc(OC(F)(F)F)cc3)no2)nn1Cc1cccc(N2CCC(S(C)(=O)=O)CC2)c1,1.9643687e-07
CNC(=O)[C@H]1O[C@@H](n2cnc3c(NCc4cccc(I)c4)ncnc32)[C@H](O)[C@@H]1O,0.00043955728
CCCCCN(C)CCC(O)(P(=O)(O)O)P(=O)(O)O,1.8537103e-08
CC(C)n1nnc2cc(C(=O)O)ccc21,0.0019866878
O=C1CC[C@H](N2Cc3c(OCc4ccc(CN5CCOCC5)cc4)cccc3C2=O)C(=O)N1,0.0004390993
CC(C)(NC(=O)O[C@@H]1CN2CCC1CC2)c1csc(-c2ccc(F)cc2)n1,0.00014521144
CC(C)Cn1c(=O)n(C)c(=O)c2[nH]cnc21,0.0018455224
N[C@@H](C(=O)O)c1cc(=O)[nH]o1,0.0007856645
CCOP(=O)(Cc1ccc(C(=O)Nc2ccc(Br)cc2C#N)cc1)OCC,0.000272389
C=CC(=O)N1CCC[C@@H](n2nc(-c3ccc(Oc4ccccc4)cc3)c3c(N)ncnc32)C1,0.0009977877
CC(C)C(=O)c1c(C(C)C)nn2ccccc12,0.00090359483
CC(C)Cc1ccc([C@@H](C)C(=O)O)cc1,0.004143907
CC(C)Cc1ccc([C@H](C)C(=O)O)cc1,0.004684114
CC(C)Cc1ccc([C@@H](C)C(=O)OCc2ccccn2)cc1,0.0033634126
CC(C)Cc1ccc([C@@H](C)C(=O)NO)cc1,0.006760984
CC(C)(N)C(=O)N[C@H](COCc1ccccc1)C(=O)N1CCC2(CC1)CN(S(C)(=O)=O)c1ccccc12,1.5251919e-06
CCCCCCCN(CC)CCC[C@@H](O)c1ccc(NS(C)(=O)=O)cc1,0.0009832733
O=C(Nc1cnc(Cl)nc1)c1ccc(F)c(F)c1,0.263733
O=C(Nc1ccc(Cl)nc1)c1ccc(Cl)cc1,0.017695067
O=C(Nc1ccc(S(=O)(=O)Nc2nccs2)cc1)C(c1ccccc1)c1ccccc1,0.0028809302
COc1ccc(-c2oc3c(CC=C(C)C)c(O[C@@H]4O[C@H](CO)[C@@H](O)[C@H](O)[C@H]4O)cc(O)c3c(=O)c2O[C@@H]2O[C@@H](C)[C@H](O)[C@@H](O)[C@H]2O)cc1,0.00047133476
COc1ccc(-c2oc3c(CC=C(C)C)c(O)cc(O)c3c(=O)c2O)cc1,0.15701705
N=C(N)NCCC[C@@H](N)C(=O)N[C@@H](CCCNC(=N)N)C(=O)N1CCC[C@H]1C(=O)N1C[C@H](O)C[C@H]1C(=O)NCC(=O)N[C@@H](Cc1cccs1)C(=O)N[C@@H](CO)C(=O)N1Cc2ccccc2C[C@@H]1C(=O)N1[C@H](C(=O)N[C@@H](CCCNC(=N)N)C(=O)O)C[C@@H]2CCCC[C@@H]21,4.0729802e-07
O=C1[C@H](Cc2ccc(O)cc2)N2C(=O)CCN(C(=O)NCc3ccccc3)[C@H]2CN1Cc1cccc2ccccc12,0.0001935397
Cc1ccc(OC[C@@H](O)[C@H](C)NC(C)C)c2c1CCC2,0.0008854252
N=C(NCC(F)(F)F)Nc1ccn(CCCCC(N)=O)n1,1.4073353e-06
CN(C)CCSc1nc2ccccc2cc1-c1ccccc1,0.0055091954
O=C(O)CCC/C=C\C[C@@H]1CO[C@H](C(F)(F)F)O[C@@H]1c1ccccc1O,4.930741e-08
O=C(O)CC/C=C\C[C@@H]1CO[C@H](c2ccccc2Cl)O[C@@H]1c1ccccc1O,0.00085500476
CN(C(=O)Cc1ccc(Cl)c(Cl)c1)[C@H](CN1CCCC1)c1ccccc1,0.0032562825
O=C(O)COc1ccc(OCCNC[C@H](O)COc2ccccc2)cc1,0.0031945517
CCCn1c(=O)c(C)cn2nc(N)nc12,0.0009895274
N#Cc1ccccc1OC[C@@H](O)CNCCNC(=O)Nc1ccccc1,0.0015135284
O=C1NC(c2cccc([N+](=O)[O-])c2)=CCN1c1ccccc1O,0.0058596996
COc1cc(Cc2cnc(N)nc2N)c2c(c1OC)O[C@H](C1CC1)C=C2,0.0033034286
CCCCC[C@H](O)/C=C/C=C\C/C=C\C/C=C\CCCC(=O)O,0.0055827918
CC/C=C\C/C=C\C/C=C\C/C=C\C/C=C\CCCC(=O)O,0.003972049
C#Cc1cccc(Nc2ncnc3cc4c(cc23)OCCOCCOCCO4)c1,0.0013310753
Cc1cc(/C=C2\SC(=O)N(c3ccccc3)C2=O)c(C)n1-c1cccnc1,0.05694559
COc1cc(OC)c(/C=C2/C(=O)Nc3ccccc32)c(OC)c1,0.005620156
C[C@@H]([C@H](C)O)[C@H](N)C(=O)O,0.0021224206
COc1ccc(-n2c(C)c([N+](=O)[O-])c3ccc(O)cc32)cc1,0.7220473
Fc1ccc2c(CCNCc3cccc(OCC(F)(F)C(F)F)c3)c[nH]c2c1,7.5042124e-08
CC(=O)[C@]1(O)Cc2c(O)c3c(c(O)c2[C@@H](O[C@H]2C[C@H](N)[C@H](O)[C@H](C)O2)C1)C(=O)c1ccccc1C3=O,0.022440085
COc1cc(C(=O)O)ccc1NC(=O)[C@@H]1N[C@@H](CC(C)(C)C)[C@](C#N)(c2ccc(Cl)cc2F)[C@H]1c1cccc(Cl)c1F,0.0025056454
c1ccc2c(c1)OC[C@H](C1=NCCN1)O2,0.0007489042
COC1=C(OC)C(=O)C(CCCCCCCCCCO)=C(C)C1=O,0.0033320673
CC[C@H](Nc1ncnc2nc[nH]c12)c1nc2cccc(F)c2c(=O)n1-c1ccccc1,0.011412254
CN1CCN(C(=O)COc2ccc(C34CC5CC(CC(C5)C3)C4)cc2)CC1,6.1654578e-06
Cc1cc([C@H](C)Nc2nccc(N3C(=O)OC[C@@H]3[C@H](C)F)n2)ncc1-c1ccnc(C(F)(F)F)c1,9.75565e-07
O=c1[nH]c(=O)n([C@H]2C[C@H](O)[C@@H](CO)O2)cc1I,0.005675777
Nc1nonc1/C(=N\c1ccc(F)c(Cl)c1)NO,0.10139938
C[C@H]1Nc2ccc(Cl)cc2S(=O)(=O)N1,0.00014669514
O=C1[C@@H]2C[C@@H]3C[C@H]1C[C@@](O)(C3)C2,7.4899704e-05
Oc1ccc(C2=Cc3ccc(O)cc3OC2)cc1,0.0022837874
C[N+](C)(C)CCCCCNCC12CC3CC(CC(C3)C1)C2,0.00023400325
NCCCCCNCC12CC3CC(CC(C3)C1)C2,0.00011058543
C[C@@H]([C@H](O)c1ccc(O)cc1)N1CCC(Cc2ccccc2)CC1,0.00029399077
O=[P@]1(NCCCl)OCCCN1CCCl,3.3623678e-07
CCC(C/C=C/c1ccccc1)(c1ccccc1)N(C)CC1CC1,0.005760467
CS(=O)(=O)Nc1cc2occ(NC=O)c(=O)c2cc1Oc1ccccc1,0.0028408773
O=C(c1ccc(Nc2nccc(-c3cc4ccccc4s3)n2)cc1)N1CCC(N2CCCC2)CC1,1.1601821e-05
NC(=O)c1sc(-c2ccsc2)cc1N,0.005267779
O=C(Nc1cc(C(F)(F)F)cc(C(F)(F)F)c1)c1cc(Cl)ccc1O,3.6024664e-10
COc1ccnc(C[S@@](=O)c2nc3ccc(-n4cccc4)cc3[nH]2)c1C,0.0056453445
O=C(/C=C/c1ccc2c(c1)OCO2)N1CCCCC1,0.0002884271
CNC(=O)[C@H](Cc1c[nH]c2ccccc12)NC(=O)[C@@H](CC(=O)NO)CC(C)C,0.000878699
COc1cc(C(C)=O)ccc1OCCCN1CCC(c2noc3cc(F)ccc23)CC1,0.00076682575
CC#CC[C@@H](C)[C@H](O)/C=C/[C@@H]1[C@H]2C/C(=C/CCCC(=O)O)C[C@H]2C[C@H]1O,5.234683e-05
Cc1ccc(NC(=O)c2ccc(CN3CCN(C)CC3)cc2)cc1Nc1nccc(-c2cccnc2)n1,0.0013974827
O=C1CCC(c2ccc(-n3ccnc3)cc2)=NN1,0.0023130092
C[C@@H]1N=C(N)N=C(N(C)C)N1,0.00017761653
N=C(N)SCCc1cnc[nH]1,0.0044876793
NC1=NC(=O)N2C[C@@H]12,0.0015819413
O=[N+]([O-])N=C1NCCN1Cc1ccc(Cl)nc1,0.070444405
Cc1nccn1CCC(C(N)=O)(c1ccccc1)c1ccccc1,0.01359728
CCOC(=O)[C@H](CCc1ccccc1)N[C@@H](C)C(=O)N1C(=O)N(C)C[C@H]1C(=O)O,0.0012599024
CCN(CC)CCNc1ccc2ncn3c4ccc(O)cc4c(=O)c1c23,0.0009781688
O=C(NCNC(=O)N[C@H]1C(=O)NC(=O)N1CO)N[C@H]1C(=O)NC(=O)N1CO,0.0002152238
CCn1ccnc1C[C@H]1COc2ccccc2O1,0.001885077
C[C@@H](O)[C@H]1C(=O)N2C(C(=O)O)=C(SCCNC=N)C[C@H]12,0.3785904
CN(C)CCCN1c2ccccc2CCc2ccccc21,0.00079513417
CC(C)Cn1cnc2c(N)nc3ccccc3c21,0.0022882617
O=C1NC(=O)C2(N1)c1cc(F)ccc1-c1ccc(F)cc12,0.009566323
[Cl][Mn]123([Cl])[N]4CC[N]1[C@@H]1CCCC[C@H]1[N]2Cc1cccc(n1)C[N]3[C@@H]1CCCC[C@H]14,6.6061726e-11
c1ncc(CC2CCNCC2)[nH]1,0.0010624602
c1cc(Cc2cnc[nH]2)ccn1,0.0061171865
NCCCCCc1cnc[nH]1,0.009252535
N[C@@H](Cc1ccc(O)cc1)C(=O)NCC(=O)NCC(=O)O,0.0006750507
CO[C@@H]1[C@H](O[P@@](=O)(S)OC[C@H]2O[C@@H](n3cnc4c(N)ncnc43)C[C@@H]2O)[C@@H](CO)O[C@H]1n1ccc(=O)[nH]c1=O,6.6785987e-07
CO[C@@H]1[C@H](O[P@@](=O)(OC[C@H]2O[C@@H](n3cnc4c(N)ncnc43)C[C@@H]2O)SCOC(=O)OC(C)C)[C@@H](CO)O[C@H]1n1ccc(=O)[nH]c1=O,1.7683098e-08
CNC(=O)c1ccc(-c2cnc3ncc(Cc4ccc5ncccc5c4)n3n2)cc1F,0.0072208275
O=C1C=CC(=O)C2=C1C1c3ccccc3C2c2ccccc21,0.0031945126
COc1ccc(C2(O)CCC(N3CC[C@@H](NC(=O)CNC(=O)c4cccc(C(F)(F)F)c4)C3)CC2)cn1,1.1719759e-08
CN1C(=O)C(C)(C)Oc2c(-c3cn(C)c(O)c4nccc3-4)cc(S(C)(=O)=O)cc21,5.4471075e-05
COc1ccc([C@]2(O)CC[C@H](N3CC[C@@H](NC(=O)CNC(=O)c4cccc(C(F)(F)F)c4)C3)CC2)cn1,1.1469844e-08
NC(=O)[C@@H]1C(=O)C[C@@H]2C[C@@H]3Cc4cccc(O)c4C(=O)[C@@H]3C(=O)[C@]2(O)C1=O,2.7514192e-05
CCc1cc2c(cc1CC)CC(NC[C@H](O)c1ccc(O)c3[nH]c(=O)ccc13)C2,0.0025220178
c1ccc2c(CCC3CCNCC3)c[nH]c2c1,0.00082730304
C[C@H]1Cc2ccccc2N1NC(=O)c1ccc(Cl)c(S(N)(=O)=O)c1,0.00031313184
CN[C@@H]1C[C@@H](c2ccc(Cl)c(Cl)c2)c2ccccc21,0.01073963
COc1ccc(S(=O)(=O)n2cc(CCC(=O)O)c3cc(OC)ccc32)cc1,0.0005888537
C1=Cc2cccc(OC[C@H]3CNCCO3)c2C1,0.0008116934
O=C(Nc1ccncc1)C(=O)c1cn(Cc2ccc(Cl)cc2)c2ccccc12,0.11988891
CC(C)(C)NC(=O)[C@@H]1CN(Cc2cccnc2)CCN1C[C@@H](O)C[C@@H](Cc1ccccc1)C(=O)N[C@H]1c2ccccc2C[C@H]1O,2.3894734e-05
CC(=O)N(C)c1cccc(-c2ccnc3c(C(=O)c4cccs4)cnn23)c1,0.009594738
O=C1Nc2ccccc2/C1=C1/Nc2ccccc2C1=O,0.0056701875
O=C1Nc2ccccc2/C1=C1Nc2ccccc2C/1=N\O,0.005135139
NS(=O)(=O)c1ccc(S(=O)(=O)Nc2cccc3c(Cl)c[nH]c23)cc1,0.0012799728
CC(C)O,0.0037811354
CC(C)[O][In]([O]C(C)C)[O]C(C)C,0.00069469033
CC[C@@H](C(=O)O)c1ccc(N2Cc3ccccc3C2=O)cc1,0.0021192823
CC1(C)C(/C=C/C=C/C=C/C=C2/N(CCCCS(=O)(=O)O)c3ccc4ccccc4c3C2(C)C)=[N+](CCCCS(=O)(=O)O)c2ccc3ccccc3c21,0.00051686045
OCc1c[nH]c2ccccc12,0.0029547967
O=C(O)C(O)=Cc1c[nH]c2ccccc12,0.008007357
COc1ccc2c(c1)c(CC(=O)O)c(C)n2C(=O)c1ccc(Cl)cc1,0.007786395
C[C@@H](C(=O)O)c1ccc(N2Cc3ccccc3C2=O)cc1,0.0030624894
O=C(NC1CCN(CCc2c[nH]c3ccccc23)CC1)c1ccccc1,0.00016808059
Cn1cc(C[C@@H](N)C(=O)O)c2ccccc21,0.0011620556
CC1=C[C@]23C(=O)[C@@H](C=C(CO)[C@@H](O)[C@]2(O)[C@H]1O)[C@H]1[C@@H](C[C@H]3C)C1(C)C,2.3411194e-06
C/C=C(/C)C(=O)O[C@H]1C(C)=C[C@]23C(=O)[C@@H](C=C(CO)[C@@H](O)[C@]12O)[C@H]1[C@@H](C[C@H]3C)C1(C)C,2.8903057e-07
Cc1ccc(-c2csc(NC(=O)c3ccccc3)n2)c(C)c1,0.0085425135
CSC[C@H]1CN(/N=C/c2ccc([N+](=O)[O-])o2)C(=O)O1,0.9551414
NC(=O)c1ccc(I)c([N+](=O)[O-])c1,0.18835452
O=c1nc[nH]c2c1ncn2[C@@H]1O[C@H](CO)[C@@H](O)[C@H]1O,0.00022352544
O[C@H]1[C@H](O)[C@@H](O)[C@H](O)[C@@H](O)[C@H]1O,0.00022924578
O=C(O[C@H]1[C@H](OC(=O)c2cccnc2)[C@@H](OC(=O)c2cccnc2)[C@H](OC(=O)c2cccnc2)[C@@H](OC(=O)c2cccnc2)[C@H]1OC(=O)c1cccnc1)c1cccnc1,0.016458495
O=c1ccn([C@@H]2O[C@H](COP(=O)(O)OP(=O)(O)OP(=O)(O)O)[C@H](O)[C@H]2O)c(=O)[nH]1,2.0144854e-10
CC[C@H]1[C@@H](O)[C@@H]2[C@H](CC[C@]3(C)[C@@H]([C@H](C)CCC(=O)O)CC[C@@H]23)[C@@]2(C)CC[C@@H](O)C[C@@H]12,3.542142e-05
CC[C@H]1[C@@H](O)[C@@H]2[C@H](CC[C@]3(C)[C@@H]([C@H](C)CCOS(=O)(=O)O)CC[C@@H]23)[C@@]2(C)CC[C@@H](O)C[C@@H]12,2.49421e-06
Cc1cc(C)n(-c2cccc([C@H](CC(=O)O)CN3CC[C@@H](CCc4ccc5c(n4)NCCC5)C3)c2)n1,0.00014075861
COc1nc(N)nc2c1ncn2[C@@H]1O[C@H](CO[P@@](=O)(N[C@@H](C)C(=O)OCC(C)(C)C)Oc2cccc3ccccc23)[C@@H](O)[C@@]1(C)O,4.8320523e-08
N=C(N)NCc1cccc(I)c1,0.003467364
CC(=O)N(C[C@H](C)C(=O)O)c1c(I)cc(I)c(N)c1I,0.001256849
O=C(CCCCC(=O)Nc1c(I)cc(I)c(C(=O)O)c1I)Nc1c(I)cc(I)c(C(=O)O)c1I,0.004434445
CC(=O)N(CC(O)CN(C(C)=O)c1c(I)c(C(=O)NC[C@@H](O)CO)c(I)c(C(=O)NC[C@@H](O)CO)c1I)c1c(I)c(C(=O)NC[C@@H](O)CO)c(I)c(C(=O)NC[C@@H](O)CO)c1I,8.368271e-07
Cc1c(I)c(=O)n(-c2ccccc2)n1C,0.0037433784
O=C1CC[C@](c2ccccc2)(C2CCN(Cc3ccc(I)cc3)CC2)C(=O)N1,2.6297785e-05
N=C(NCCc1ccc(I)cc1)SCCCc1cnc[nH]1,0.0034433717
Oc1c(I)cc(I)c2cccnc12,0.0063303825
CC(=O)N(C[C@@H](O)CO)c1c(I)c(C(=O)NC[C@@H](O)CO)c(I)c(C(=O)NC[C@@H](O)CO)c1I,1.8687908e-05
C[C@H](O)C(=O)Nc1c(I)c(C(=O)NC(CO)CO)c(I)c(C(=O)NC(CO)CO)c1I,0.0017210288
CC[C@@H](Cc1c(I)cc(I)c(N)c1I)C(=O)O,0.0006114781
CN(C)/C=N/c1c(I)cc(I)c(CCC(=O)O)c1I,0.00032997556
COCC(=O)Nc1c(I)c(C(=O)NC[C@@H](O)CO)c(I)c(C(=O)N(C)C[C@@H](O)CO)c1I,3.306197e-05
CNC(=O)c1c(I)c(NC(C)=O)c(I)c(C(=O)O)c1I,0.0023509893
O=C(NC[C@@H](O)CO)c1c(I)c(C(=O)NC[C@@H](O)CO)c(I)c(N(CCO)C(=O)CO)c1I,6.264712e-06
O=C(NCc1ccc(Oc2ccccc2)cc1)c1nc(-c2cc(Br)c(O)c(Br)c2)no1,0.24910039
CNC(=O)c1c(I)c(C(=O)NCC(=O)Nc2c(I)c(C(=O)O)c(I)c(C(=O)NCCO)c2I)c(I)c(N(C)C(C)=O)c1I,9.380653e-05
CC(=O)N(C[C@@H](O)CO)c1c(I)c(C(=O)NCCO)c(I)c(C(=O)NC[C@@H](O)CO)c1I,2.3643468e-05
O=C(O)c1ccc(O)c2ncccc12,0.0047630463
O=C(O)CNC(=O)c1c(O)c2ccccc2n(Cc2ccccc2)c1=O,0.015079353
Oc1ccc2ccccc2c1SSc1c(O)ccc2ccccc12,0.0049993233
N=C(Nc1ccc(I)cc1)NC1C2CC3CC(C2)CC1C3,0.00031352587
Nc1c2c(nc3c1CCC3)CCCC2,0.0010245324
C[C@H](NC(=O)c1c(N)nn2cccnc12)c1cc2cccc(C#Cc3cnn(C)c3)c2c(=O)n1-c1ccccc1,0.014090874
OC[C@H]1O[C@@H](c2ccc(F)c(Cc3cc4ccccc4s3)c2)[C@H](O)[C@@H](O)[C@@H]1O,0.0011155683
CC(C)Oc1ccc2c(=O)c(-c3ccccc3)coc2c1,0.006952445
CC(C)NNC(=O)c1ccncc1,0.0024462896
O=C1c2ccccc2S(=O)(=O)N1CCCCN1CCN(c2ncccn2)CC1,1.0373517e-05
CCCCC1=NC2(CCCC2)C(=O)N1Cc1ccc(-c2ccccc2-c2nn[nH]n2)cc1,0.00077831215
CC(C)(C)c1cc(CCC(=O)OCC(COC(=O)CCc2cc(C(C)(C)C)c(O)c(C(C)(C)C)c2)(COC(=O)CCc2cc(C(C)(C)C)c(O)c(C(C)(C)C)c2)COC(=O)CCc2cc(C(C)(C)C)c(O)c(C(C)(C)C)c2)cc(C(C)(C)C)c1O,4.97441e-07
N=C(N)NCCC[C@@H]1NC(=O)[C@@H](N)CSSC[C@@H](C(=O)O)NC(=O)[C@H](CC(=O)O)NC(=O)[C@@H]2CCCN2C(=O)CNC(=O)[C@H](CCCCN)NC(=O)[C@H](CC(=O)O)NC(=O)CNC1=O,9.6165124e-05
CCc1c2c(nc3ccc(OC(=O)N4CCC(N5CCCCC5)CC4)cc13)-c1cc3c(c(=O)n1C2)COC(=O)[C@]3(O)CC,2.5592947e-06
Cc1cc(C)cc(C(=O)N(C)[C@H](Cc2ccc(-c3ccccc3)cc2)C(=O)N[C@@H](Cc2c[nH]c3ccccc23)C(=O)O)c1,0.0057574147
NS(=O)(=O)Oc1ccc2c3c(c(=O)oc2c1)CCCCC3,0.00016965596
Nc1nc(N)nc(-c2cc(Cl)ccc2Cl)n1,0.0467377
CC(C)NC[C@@H](O)COc1ccccc1-n1cccc1,0.002083062
C[C@@H](c1nc(-c2ccc(C#N)cc2)cs1)[C@@](O)(Cn1cncn1)c1cc(F)ccc1F,0.047923453
CC(C)Nc1ncccn1,0.0043905852
CC(C)Cn1cnc2c1c(=O)n(C)c(=O)n2C,0.001119831
CN[C@@H]1[C@@H](O)[C@@H](O[C@@H]2[C@@H](O)[C@H](O[C@H]3O[C@H](CN)[C@@H](O)[C@H](O)[C@H]3O)[C@@H](N)C[C@H]2NC(=O)[C@@H](O)CN)OC[C@]1(C)O,1.700741e-06
COC(=O)C[C@H]1CC(c2ccc(O)cc2)=NO1,0.0009011977
CC(C)COC(=O)c1ccc(N)cc1,0.0013865782
CC(C)C(N)=O,0.0013136538
Cc1cc(C(=O)NNCc2ccccc2)no1,0.006143325
Clc1ccc([C@@H](Cn2ccnc2)OCc2c(Cl)cccc2Cl)c(Cl)c1,0.44018826
O=C(O)CCCN1C(=O)c2cccc3cccc(c23)C1=O,0.0028278425
CC[C@@H](NC(C)C)[C@@H](O)c1ccc(O)c(O)c1,0.002460623
CC(C)c1ccc2c(c1)[C@H](N1CCN(CCO)CC1)Cc1ccc(F)cc1S2,0.00035227166
CC(=O)OCC(=O)[C@@]1(O)CC[C@H]2[C@@H]3CCC4=CC(=O)C=C[C@]4(C)[C@@]3(F)[C@@H](O)C[C@@]21C,2.9963438e-08
FC(F)O[C@@H](Cl)C(F)(F)F,2.081326e-08
CC(C)OP(=O)(F)OC(C)C,1.1346165e-06
O=C(O)C1=CCNCC1,0.0006722872
CC[C@@H](C)[C@@H](N)C(=O)O,0.0008945389
O=C(/C=C/c1ccc(O)cc1)c1ccc(O)cc1O,0.0042313207
CN[C@@H](C)CCC=C(C)C,0.0036690193
NNC(=O)c1ccncc1,0.0037001744
COc1ccc(/C=C/C(=O)OCCC(C)C)cc1,0.003021909
CC(C)NC[C@@H](O)c1ccc(O)c(O)c1,0.0018759345
CC(C)[N+](C)(CCC(C(N)=O)(c1ccccc1)c1ccccc1)C(C)C,0.012388294
CCCCCCCCCCCCCC(=O)OC(C)C,0.048344295
CCCCCCCCCCCCCCCC(=O)OC(C)C,0.11623243
O=c1c(O[C@@H]2O[C@H](CO)[C@@H](O)[C@H](O)[C@H]2O)c(-c2ccc(O)c(O)c2)oc2cc(O)cc(O)c12,0.00068611454
COc1cc2c(cc1OC)[C@H](C)NCC2,0.0021864043
O[C@@H]1CO[C@H]2[C@@H]1OC[C@@H]2O,0.00031563122
O=[N+]([O-])O[C@H]1CO[C@H]2[C@@H]1OC[C@H]2O[N+](=O)[O-],0.0024342197
O=[N+]([O-])O[C@@H]1CO[C@H]2[C@@H]1OC[C@@H]2O,0.0010428996
C[C@@]12CC[C@@H]3[C@@](CC[C@H]4[C@@]3(C)CCC[C@@]4(C)C(=O)O)(CC1=O)C2,1.1579348e-05
Cc1ccnc2c1CCC[C@H]2C(N)=S,0.0026699647
CC1=C(/C=C/C(C)=C/C=C/C(C)=C\C(=O)O)C(C)(C)CCC1,0.0017982792
CC(C)CC(N)=O,0.0020071904
O=C(O)Cc1ccc2c(c1)C(=O)c1ccccc1CO2,0.0025726575
Cc1cc(NC(=O)C2=C(O)c3ccccc3S(=O)(=O)N2C)no1,0.00016478552
C[C@@H](COc1ccccc1)N[C@H](C)[C@@H](O)c1ccc(O)cc1,0.0037281215
Cc1ccc(C(=O)N(CCCN)[C@@H](c2nc3cc(Cl)ccc3c(=O)n2Cc2ccccc2)C(C)C)cc1,0.02125249
COC(=O)C1=C(C)NC(C)=C(C(=O)OC(C)C)[C@@H]1c1cccc2nonc12,3.875579e-05
O=C(COc1ccc(Cl)cc1)N[C@H]1CC[C@H](NC(=O)COc2ccc(Cl)cc2)CC1,0.0020115958
C[C@]12CC/C(=N\OCCN)C[C@@H]1C(=O)C[C@@H]1[C@@H]2CC[C@]2(C)C(=O)CC[C@@H]12,9.703774e-06
CCn1c(=O)c2c(nc(/C=C/c3ccc(OC)c(OC)c3)n2C)n(CC)c1=O,0.0018203573
O=C(NC1CC1)c1cc(-c2cccs2)on1,0.0035112763
N#CCC1(n2cc(-c3ncnc4[nH]ccc34)cn2)CN(C2CCN(C(=O)c3ccnc(C(F)(F)F)c3F)CC2)C1,3.399597e-09
CCOC(=O)C1=C(C)NC2=C(C(=O)CC(C)(C)C2)[C@@H]1c1ccc(-c2ccccc2)cc1,0.00039597135
COC(=O)c1csc(C(=O)c2c[nH]c3ccccc23)n1,0.004559123
CN1C(=O)c2c(nn(Cc3ccc(-c4cccc(F)n4)cc3)c2Nc2ccccc2)N2C1=N[C@@H]1CCC[C@@H]12,0.122137316
COc1ccc(C(=O)NCc2ccc(OCCN(C)C)cc2)cc1OC,0.0056949533
CC[C@H](C)n1ncn(-c2ccc(N3CCN(c4ccc(OC[C@H]5CO[C@](Cn6cncn6)(c6ccc(Cl)cc6Cl)O5)cc4)CC3)cc2)c1=O,0.0021114673
Cc1cc(/C=c2/sc3nc4ccccc4n3c2=O)c(C)n1-c1ccccc1,0.021649767
COc1c(NC(=O)C(=O)c2ccc(OCCN3CCOCC3)c3ccccc23)cc(C(C)(C)C)cc1NS(C)(=O)=O,0.00025370775
CC1(C)CN2C(CS/C(=N/C3CCCCC3)NC3CCCCC3)=CSC2=N1,0.00021715811
Cc1cc(C(=O)CN2CCCC2)c(C)n1-c1ccc(F)cc1,0.0038958848
COc1cc2c(cc1OC)CC(=O)N(CCCN(C)C[C@H]1Cc3cc(OC)c(OC)cc31)CC2,0.00034439866
CC(C)(C)c1cc(C(C)(C)C)c(NC(=O)c2c[nH]c3ccccc3c2=O)cc1O,0.0026080601
CC[C@H](C)[C@H]1O[C@]2(CC[C@@H]1C)C[C@@H]1C[C@@H](C/C=C(\C)[C@@H](O[C@H]3C[C@H](OC)[C@@H](O[C@H]4C[C@H](OC)[C@@H](O)[C@H](C)O4)[C@H](C)O3)[C@@H](C)/C=C/C=C3\CO[C@@H]4[C@H](O)C(C)=C[C@@H](C(=O)O1)[C@]34O)O2,7.197976e-06
N#Cc1ccnc(N2C(=O)CC[C@H]2C(=O)N(c2cncc(F)c2)[C@H](C(=O)NC2CC(F)(F)C2)c2ccccc2Cl)c1,3.639716e-05
O=C(CSc1nc2c(c(=O)n1-c1ccccc1)SCC2)Nc1ccc(-c2ccccc2)cn1,0.023534352
C/C(=C\c1csc(C)n1)[C@@H]1C[C@@H]2O[C@]2(C)CCC[C@H](C)[C@H](O)[C@@H](C)C(=O)C(C)(C)[C@@H](O)CC(=O)N1,0.0016347871
CC(C)C[C@H](NC(=O)CNC(=O)c1cc(Cl)ccc1Cl)B(O)O,0.04349975
CC(C)C[C@H](NC(=O)CNC(=O)c1cc(Cl)ccc1Cl)B1OC(=O)C[C@](CC(=O)O)(C(=O)O)O1,0.00046903553
C=CC(=O)c1ccc2ccccc2c1,0.0043727206
CC(C)[C@H](/N=C(/NS(=O)(=O)c1ccc(Cl)cc1)N1C[C@H](c2ccccc2)C(c2ccc(Cl)cc2)=N1)C(N)=O,0.00024368017
CC(C)[C@@H](CN1CC[C@@](C)(c2cccc(O)c2)[C@@H](C)C1)NC(=O)[C@H]1Cc2ccc(O)cc2CN1,0.00052521797
CCCCN1[C@@H]2CC[C@H]1C[C@@H](OC(c1ccc(F)cc1)c1ccc(F)cc1)C2,0.00025213888
COc1ccc(Br)cc1NC(=O)Nc1cccc2c1ccn2Cc1ccnc(N)c1,0.14737046
Clc1ccc(N/N=C(\c2ccccc2)c2ccccn2)nc1,0.028800592
CCOc1ccc(Nc2nc(-c3c(C)nc4ccccn34)cs2)cc1,0.0072494475
COc1oc(=O)c2cc(N)ccc2c1Cl,0.006681499
CN1CCN(C(=O)c2nc3ccc(Cl)cc3[nH]2)CC1,0.0017352467
CC1(C)OC[C@H](NC(=O)Nc2ccc(Br)cc2Br)[C@H](c2ccccc2)O1,0.6360182
CO[C@H]1CC[C@@H](C(=O)c2ccc3nc4c(cc3c2)CCCO4)CC1,0.00033271208
O=C(Nc1ccccc1)N1CCN(c2nc(-c3ccccc3)ns2)CC1,0.0008498499
O=C(Nc1ccc(C(F)(F)F)cn1)N1CCN(c2ncccc2C(F)(F)F)CC1,1.9449673e-11
Cn1cc(CNCC2CCN(c3ncc(C(=O)NO)cn3)CC2)c2ccccc21,0.002152914
NS(=O)(=O)NCc1csc2ccccc12,0.00012548963
CC[C@@H](c1ccc(F)c(F)c1)n1c(C(=O)OC)c(-c2ccno2)[nH]c1=S,0.0936167
Fc1ccc(CN2CCC(Nc3ccc(C(F)(F)F)nn3)CC2)cc1F,4.3945184e-07
Cn1cc(-c2ccc3nnc(C(F)(F)c4ccc5ncccc5c4)n3n2)cn1,1.0729187e-06
FC(F)(c1ccc2ncccc2c1)c1nnc2ccc(-c3ccncc3)nn12,1.7788138e-06
CC(C)c1cc(N2CC[C@@H](N)C2)nc(N)n1,0.00040013477
CCCCn1ccc(N2CCC(c3ccccc3)CC2)c(Cl)c1=O,0.015269328
O=C(O)c1cnn(-c2nc3cc(Cl)c(OC(F)(F)F)cc3[nH]2)c1,3.6233337e-06
O=C(Nc1cnccc1Cl)N1CCN(Cc2ccc3c(c2)OC(F)(F)O3)CC1,6.6783714e-06
O=C(NCC1(N2CCN(c3ccccc3)CC2)CCOCC1)c1cccnc1Sc1ccccc1,1.9185552e-05
C[C@@H]1c2nnn(-c3ncc(F)cn3)c2CCN1C(=O)c1cccc(C(F)(F)F)c1Cl,2.2199006e-07
C[C@H](NC(=O)CNC(=O)c1cccc(Cl)c1)c1ccccc1,0.0091466075
Nc1nc2cc(CC[C@H]3C[C@@H](n4ccc5c(N)ncnc54)[C@H](O)[C@@H]3O)ccc2cc1Br,0.002134888
CS(=O)(=O)CCCn1c(Cn2c(=O)n(CC(F)(F)F)c3ccncc32)cc2cc(Cl)ccc21,5.1549914e-06
Nc1nc(Nc2ccc(S(N)(=O)=O)cc2)nn1C(=O)c1c(F)cccc1F,0.03829515
CN1CCN(C(=O)c2cc3cc(Cl)ccc3[nH]2)CC1,0.0009191997
CO[C@@H]1[C@@H](O[C@@H]2O[C@H](C)[C@@H](O[C@H]3C[C@@](C)(O)[C@@H](OC(=O)CC(C)C)[C@H](C)O3)[C@H](N(C)C)[C@H]2O)[C@@H](CC=O)C[C@@H](C)[C@@H](O)/C=C/C=C/C[C@@H](C)OC(=O)C[C@H]1OC(C)=O,0.0010794259
Nc1cc(COc2c(Cl)cc(C[C@H](N)C(=O)O)cc2Cl)c2oc(-c3ccccc3)nc2c1,0.010056968
Cc1sc2c(c1C)C(c1ccc(Cl)cc1)=N[C@@H](CC(=O)OC(C)(C)C)c1nnc(C)n1-2,0.00051721424
CCc1ccc(OCc2ccccc2C(=O)Nc2ccc3nc(C)cc(N)c3c2)cc1,0.034725808
Cc1nn(C)c2nc(NNC(=O)Nc3cc(Cl)nc(Cl)c3)cc(C(C)C)c12,0.04478231
CCOC(=O)[C@H](Cc1ccccc1)NC(=O)c1cc(Cl)c(OCCN2CCN(C)CC2)c(Cl)c1O,0.023944698
CCCCCOc1c(OC)ccc2cc(C(=O)NCc3ccc4c(c3)OCO4)c(=O)[nH]c12,0.005513785
COc1ccc(C2(CNC(=O)c3ccc(NC(=O)c4ccco4)cc3)CCOCC2)cc1,0.0009936307
O=C(OC(C(F)(F)F)C(F)(F)F)N1CCN(Cc2cccc(Oc3ccccc3)c2)CC1,2.810448e-12
O=C1Nc2ccccc2C12OCC1(CO2)COC2(OC1)C(=O)Nc1ccccc12,8.763144e-06
COc1ccc(-n2c(SCc3nc(-c4ccc(C)cc4)no3)nnc2-c2ccncc2)cc1,0.0057081208
COc1cc(SC)ccc1C(=O)N1CCC(Cc2ccccc2)CC1,0.00046052117
O=C(Oc1ccc([N+](=O)[O-])cc1)N1CCC(C(O)(c2ccc3c(c2)OCO3)c2ccc3c(c2)OCO3)CC1,0.00042177885
O=C(Oc1ccc([N+](=O)[O-])cc1)N1CCN(Cc2cccc(Oc3ccccc3)c2)CC1,0.00095877354
COc1cccc(/C=N/N(C(=O)C(F)(F)F)c2ccc(C)cc2C)c1,4.2557017e-06
O=C(O)c1ccc(N[C@@H]2O[C@H](CO)[C@@H](O)[C@H](O)[C@@H]2O)cc1,0.00055994274
C=CC(=O)N1CCN(C(=O)CNc2cc(I)c(Cl)cc2O)CC1,0.00041471538
O=C(CCCS)NC1CCN(C(=O)COc2ccc(Cl)cc2Cl)CC1,0.0006626614
C[C@]12CC[C@H]3[C@@H](CC[C@]4(O)C[C@@H](O)CC[C@]34C=O)[C@@]1(O)CC[C@@H]2C1=CC(=O)OC1,1.7446699e-07
O=C(O)c1ccc(N[C@@H]2O[C@H](CO)[C@@H](O)[C@@H]2O)cc1,0.0007320867
CC(=O)NC1=NN(C(C)=O)[C@](C)(c2ccccc2)S1,0.011798123
O=c1c(O)c(-c2ccc(O)cc2)oc2cc(O)cc(O)c12,0.021979855
CC1(C)c2nc(-c3ccc(F)cc3)c(Nc3ccc(F)cc3)n2CCN1C(=O)CN,0.0013688208
C=C(C)[C@H]1CN[C@H](C(=O)O)[C@H]1CC(=O)O,0.0003205683
O=c1c(-c2ccc(O)cc2)coc2c([C@H]3O[C@H](CO)[C@@H](O)[C@H](O)[C@@H]3O)c(O)ccc12,0.0005279306
NC[C@H]1O[C@H](O[C@H]2[C@H](O)[C@@H](O[C@H]3O[C@H](CO)[C@@H](O)[C@H](N)[C@H]3O)[C@H](N)C[C@@H]2N)[C@H](O)[C@@H](O)[C@@H]1O,1.975294e-06
CC[C@@]1(O)C(=O)OCc2c1cc1n(c2=O)Cc2c-1nc1ccccc1c2CC[Si](C)(C)C,0.00021779035
O=C(O)c1ccccc1C(=O)Nc1ccc(-c2ccccc2)cc1,0.0061426116
C[C@H]1O[C@H](O[C@H]2[C@H](O)[C@@H](O)[C@@H](O)[C@H](O)[C@@H]2O)[C@@H](N)C[C@@H]1NC(=N)C(=O)O,0.00020491719
N=C(N)SCCc1ccc(OCc2ccc([N+](=O)[O-])cc2)cc1,0.014292269
Nc1ncnc2c1c(-c1ccc(Cl)cc1)nn2-c1cccc(-c2cnnn2Cc2cccc(-c3ccccc3)c2)c1,0.042981554
O[C@@H]1[C@@H](O)[C@@H](O)O[C@@H]2CO[C@H](c3ccccc3)O[C@@H]12,0.00020455742
CCCCCCCCCCCCCCOc1ccc(C(=O)O)o1,0.312653
CC(C)NC(=O)COc1cccc(-c2nc(Nc3ccc4n[nH]cc4c3)c3ccccc3n2)c1,0.007981023
O=C1Cc2c([nH]c3ccc(Br)cc23)-c2ccccc2N1,0.01198042
O=C(c1ccc(F)cc1)C1CCN(CCn2c(=O)[nH]c3ccccc3c2=O)CC1,0.00046976932
CC(=O)N1CCN(c2ccc(OC[C@@H]3CO[C@@](Cn4ccnc4)(c4ccc(Cl)cc4Cl)O3)cc2)CC1,0.0006820019
C[C@H]1CCN1c1nc(N2C[C@@H]3[C@@H](CC(=O)O)[C@@H]3C2)cc(C(F)(F)F)n1,1.4858207e-08
C[C@@H](C(=O)O)c1cccc(C(=O)c2ccccc2)c1,0.0038838675
O=C(c1ccccc1)c1ccc2n1CC[C@@H]2C(=O)O,0.0028239146
CN1CCC(=C2c3ccccc3C=C(O)c3sccc32)CC1,0.0015514017
N#CCCCSC(=N)N,0.0018831788
COc1ccc([C@H]2CC(c3c(O)cc(C)oc3=O)=NCCS2)c(OC)c1,0.0055013793
CSc1nc(N)cc(Oc2ccc(-c3nnc(Nc4cccc(C(F)(F)F)c4)[nH]3)cc2)n1,7.815291e-07
CCOC(=O)c1c(C(C#N)C=N)c2ccc(Cl)c(Cl)c2n1C,0.0014028357
COc1c2occc2c(OC)c2c(=O)cc(C)oc12,0.004133668
CSc1ccccc1Nc1nc(N2CCNCC2)nc2c(NCC3CC3)ncnc12,0.0005227211
CC(C)CNc1ccnc(NCc2csc(-c3ccccc3)n2)n1,0.0030094718
Cc1noc(-c2ccc(CSCCC(=O)O)cc2)c1NC(=O)O[C@H](C)c1ccccc1Cl,0.0046527707
COc1cc(Oc2ccnc3cc(OC)c(OC)cc23)ccc1NC(=O)N[C@@H](C)c1nccs1,0.023360783
COc1cc2nccc(Oc3ccc(NC(=O)Nc4ccc(F)cc4F)c(F)c3)c2cc1OC,0.9721192
O=C1N[C@@H]2[C@@H](O)[C@@H](O)[C@H](O)[C@@H](CO)N2C1=O,0.0062752767
c1coc(CNc2ncnc3nc[nH]c23)c1,0.0023050748
COC(=O)CCSCc1ccc(-c2onc(C)c2NC(=O)O[C@@H](C)c2ccccc2Cl)cc1,0.0040683867
CS(=O)(=O)N(Cc1ccco1)C[C@@H](O)Cn1c2ccccc2c2ccccc21,0.00016844399
CN(C)CCNC(=O)COc1c2cccc1Cc1cccc(c1OCC(=O)NCCN(C)C)Cc1cccc(c1OCC(=O)NCCN(C)C)Cc1cccc(c1OCC(=O)NCCN(C)C)C2,6.949076e-05
CC(C)(C)c1cc(/C=C2\CCOC2=O)cc(C(C)(C)C)c1O,0.00011264506
O=C(OC(C(F)(F)F)C(F)(F)F)N1CCC(C(O)(c2ccc3c(c2)OCO3)c2ccc3c(c2)OCO3)CC1,8.113395e-13
CN([C@@H](Cc1ccc(OS(=O)(=O)c2cccc3cnccc23)cc1)C(=O)N1CCN(c2ccccc2)CC1)S(=O)(=O)c1cccc2cnccc12,5.120766e-06
COc1ccc(S(=O)(=O)N(CCO)c2ccccc2CN(C)C/C=C/c2ccc(Cl)cc2)cc1,0.0008999081
COc1ccc2c3c([nH]c2c1)[C@H](CC(C)C)N1C(=O)[C@H](CCC(=O)OC(C)(C)C)NC(=O)[C@@H]1C3,0.000515221
NC1=NC(=O)N([C@H]2C[C@@H](O)[C@@H](CO)O2)CN1,8.817628e-05
COc1cc(-c2ncn(/C=C\C(=O)OC(C)C)n2)cc(C(F)(F)F)c1,2.427532e-07
O=C(/C=C\n1cnc(-c2cc(C(F)(F)F)cc(C(F)(F)F)c2)n1)N1CC(F)(F)C1,1.9684288e-13
Nc1ccc(/C=C/C(=O)NCc2cc3cc(-c4ccc(C(=O)N5CCC(F)(F)CC5)cc4)cc(-c4ccc(F)cc4)c3o2)cn1,6.896925e-06
O=C(CSc1ccc(Br)cc1)Nc1cn(CCc2ccccc2)nc1C(=O)O,0.29928628
COc1cc(N2CCN(C(C)=O)CC2)ccc1Nc1ncc(Cl)c(Nc2ccc(N3CCN(C(C)=O)CC3)cc2OC)n1,0.0005248512
CCCNC(=O)Nc1ccc(Oc2ncnc3cc(OC)c(OC)cc23)cc1Cl,0.0062417653
O=C(Nc1ccccc1C(=O)Nc1ccc(CCO)cc1)c1ccc([N+](=O)[O-])cc1,0.016896116
CCc1oc2ccccc2c1C(=O)c1ccc(OCC(=O)O)cc1,0.002460397
COc1ccc(-c2ccc3c(N4CCOCC4)nc(N4C[C@@H](C)O[C@@H](C)C4)nc3n2)cc1CO,0.0035940993
O=c1cc(-c2cccc3c2Sc2ccccc2S3)oc(N2CCOCC2)c1,0.008344719
C[C@@H]1CN(CC(=O)Nc2ccc3c(c2)Cc2cccc(-c4cc(=O)cc(N5CCOCC5)o4)c2S3)C[C@H](C)O1,0.0047910293
OC[C@H]1O[C@@H](Oc2cc3c(O)cc(O)cc3[o+]c2-c2ccc(O)c(O)c2)[C@H](O)[C@@H](O)[C@@H]1O,0.0004323342
CC[C@@]1(c2ncc[nH]2)Cc2ccccc2O1,0.003667885
O=C(c1ccc(/C=C/c2[nH]nc3ccccc23)cc1)N1CCNCC1,0.0006425342
CCc1c(O)cc(O)c(C(=O)c2ccc(OCCN3CCOCC3)c(OC)c2)c1CC(=O)N(CCOC)CCOC,0.00013733591
CCCn1c(=O)c2[nH]c(C34C[C@@H]5C[C@@H](C[C@H]3C5)C4)nc2n(CCC)c1=O,0.00030272192
O=C(Cc1ccc(-c2ccc(OCCN3CCOCC3)cc2)cn1)NCc1ccccc1,0.0007188678
O=C(O)c1cc(=O)c2ccccc2[nH]1,0.010237343
COc1ccc(CCC(=O)Nc2nc3ccc(Cl)cc3s2)cc1OC,0.015993455
COc1cc(-c2cc(-c3cccc(O)c3)cnc2N)cc(OC)c1OC,0.008514715
CCCCOc1ccc(CC/C=C2\SC(=O)N(CCN)C2=O)cc1,0.0053693103
C[C@@H]1O[C@@H](O)[C@H](O)[C@H](O)[C@H]1O,0.0009616668
C[C@H](N)C(=O)O,0.0010662057
N=C(N)NCCC[C@H](N)C(=O)O,0.00055106054
CCCCCCCCCCCCCCCC(=O)OC[C@H](O)[C@H]1OC(=O)C(=O)[C@@H]1O,0.056195535
NC(=O)C[C@H](N)C(=O)O,0.00037272545
N[C@@H](CC(=O)NO)C(=O)O,0.00033024623
N[C@@H](CC(=O)O)C(=O)O,0.00022305835
NC(=O)NCCC[C@H](N)C(=O)O,0.00041937694
N[C@@H](CS)C(=O)O,0.00053444144
N[C@@H](C[S@](=O)O)C(=O)O,0.00019082079
N[C@@H](CSSC[C@H](N)C(=O)O)C(=O)O,9.581116e-05
C[N+](C)(C)[C@@H](Cc1c[nH]c(=S)[nH]1)C(=O)O,0.0018054406
N[C@@H](CCC(=O)O)C(=O)O,0.00024130296
NC(=O)CC[C@H](N)C(=O)O,0.00042593473
O=C(O)[C@@H]1C[C@@H](O)CN1,0.00093538675
Nc1ccccc1C(=O)C[C@H](N)C(=O)O,0.0004925893
CC(C)C[C@H](N)C(=O)O,0.00047587993
NCCCC[C@H](N)C(=O)O,0.0017412995
CSCC[C@H](N)C(=O)O,0.0007324472
N[C@@H](CN1C=CC(=O)C(=O)C1)C(=O)O,0.0005244596
CN[C@@H](CCCNC(=N)N)C(=O)O,0.0007529516
COC(=O)[C@@H](N)CCCNC(N)=N[N+](=O)[O-],0.008941338
CC(=N)NCCCC[C@H](N)C(=O)O,0.0015208046
C[C@H](Cc1ccccc1)Nc1ncnc2c1ncn2[C@@H]1O[C@H](CO)[C@@H](O)[C@H]1O,0.0002955866
O=C(O)[C@@H]1CCCN1,0.0011897418
N[C@@H](Cn1oc(=O)[nH]c1=O)C(=O)O,0.0017497336
CCNC(=O)CC[C@H](N)C(=O)O,0.00027047298
C[C@@H](O)[C@H](N)C(=O)O,0.0011337138
CC(C)[C@@H](N)C(=O)O,0.00066018343
CC1(C)CC(=O)C([C@@H]2C3=C(CC(C)(C)CC3=O)Oc3ccccc32)C(=O)C1,0.00032224014
CCCCc1nn(-c2ccccc2C(F)(F)F)c(=O)n1Cc1ccc(-c2ccccc2S(=O)(=O)NC(=O)c2sccc2C)cc1,1.0039137e-06
CCCc1c(OCCCOc2ccc(OCC(=O)O)cc2)ccc(C(C)=O)c1O,0.005183159
CCCOc1ccc(Br)cc1-c1cc(-c2ccc(Cl)cc2)[nH]c1-c1ccncc1,0.029876439
Cc1cccc(NC(=O)N[C@@H]2N=C(c3ccccc3)c3ccccc3N(C)C2=O)c1,0.013944868
Cc1ccccc1N1CCN(S(=O)(=O)C[C@]23CC[C@H](C[C@@H]2NC(=O)[C@@H](N)CCS(C)(=O)=O)C3(C)C)CC1,1.8010215e-06
CCOC(=O)c1ncn2c1[C@@H]1CCCN1C(=O)c1cc(OC)ccc1-2,0.00042502716
Cc1c(CC(C)(C)C(=O)O)n(Cc2ccc(Cl)cc2)c2ccc(F)cc12,0.024912303
CS(=O)(=O)c1ccc(Cn2c3c(c4cc(F)cc(F)c42)CCC[C@@H]3CC(=O)O)cc1,0.7520463
O=C(Nc1ccccc1)N[C@H]1C[C@H](C(=O)O)Nc2cc(Cl)cc(Cl)c21,0.3188015
CC(Oc1ccc(O)cc1)(P(=O)(O)O)P(=O)(O)O,1.226699e-07
c1ccc(CN2CCC3(CCc4ccccc43)CC2)cc1,4.7353165e-05
CS(=O)(=O)Nc1ccc(Cc2noc(-c3ccc4[nH]cc(CCN)c4c3)n2)cc1,0.001304347
O=C(c1c(O)c2ccc(Cl)cc2[nH]c1=O)C1CC1,0.008590894
O=c1[nH]c2cc(Cl)ccc2c(O)c1-c1cccc(Oc2ccccc2)c1,0.042392407
CC(=O)N[C@H](Cc1c[nH]c2ccccc12)C(=O)OCc1cc(C(F)(F)F)cc(C(F)(F)F)c1,5.9700925e-11
FC(F)(F)c1cc(CO[C@H]2CCCN[C@H]2c2ccccc2)cc(C(F)(F)F)c1,1.4231782e-10
Cc1c(C2CCN(CCc3ccccc3)CC2)noc1-c1ccc(Cl)cc1,0.0008925764
Clc1ccc(N2CCN(Cc3c[nH]c4ncccc34)CC2)cc1,0.0031678034
CCCCCCNC(=O)Nc1ccc(S(=O)(=O)Nc2ccc(CCNC[C@H](O)COc3ccc(O)cc3)cc2)cc1,0.0052519985
C[C@@H](O[C@H]1OCCN(Cc2n[nH]nc2CN(C)C)[C@H]1c1ccc(F)cc1)c1cc(C(F)(F)F)cc(C(F)(F)F)c1,1.772578e-12
N#Cc1ccc(Cn2cncc2CN2CCN(c3cccc(Cl)c3)C(=O)C2)cc1,0.0020301456
COc1ccc(Br)cc1S(=O)(=O)NC(=O)/C=C/c1ccccc1Cc1ccc2ccccc2c1,0.00043788838
Cn1ncnc1COc1nn2c(-c3cc(F)ccc3F)nnc2cc1C(C)(C)C,0.0074665714
C[C@@H](CCc1ccccc1)NC[C@@H](O)c1ccc(O)c(C(N)=O)c1,0.004663741
CCOC(=O)C1=C(C)NC(C)=C(C(=O)OCC)C1c1ccccc1/C=C/C(=O)OC(C)(C)C,1.0706899e-05
OC[C@@H](O)[C@@H](O[C@@H]1O[C@H](CO)[C@H](O)[C@H](O)[C@H]1O)[C@H](O)[C@@H](O)CO,8.21852e-06
OC[C@H]1O[C@@H](O[C@@H]2[C@@H](CO)O[C@](O)(CO)[C@H]2O)[C@H](O)[C@@H](O)[C@H]1O,3.1649593e-06
O=C(C[S@@](=O)Cc1ccco1)NC/C=C\COc1cc(CN2CCCCC2)ccn1,0.00041730228
Nc1ccn([C@@H]2CS[C@H](CO)O2)c(=O)n1,0.00093327503
Nc1nnc(-c2cccc(Cl)c2Cl)c(N)n1,0.0033993379
CC#Cc1cncc(-c2ccc3c(c2)[C@@]2(N=C(C)C(N)=N2)[C@]2(CC[C@H](OC)CC2)C3)c1,3.0413321e-05
CC(=O)O[C@H]1C[C@H](O[C@H]2[C@@H](O)C[C@H](O[C@H]3[C@@H](O)C[C@H](O[C@H]4CC[C@@]5(C)[C@@H](CC[C@H]6[C@@H]5C[C@@H](O)[C@]5(C)[C@@H](C7=CC(=O)OC7)CC[C@]65O)C4)O[C@@H]3C)O[C@@H]2C)O[C@H](C)[C@H]1O[C@@H]1O[C@H](CO)[C@@H](O)[C@H](O)[C@H]1O,5.4844215e-08
CC1(C)OC[C@@H](COC(=O)CCc2ccc(OC[C@@H](O)CNCCNC(=O)N3CCOCC3)cc2)O1,4.2833162e-05
O=C(O)CCCc1cc2cc(Cl)ccc2n1S(=O)(=O)c1ccc2ncsc2c1,0.00073664816
N#C/C(=C1/SC[C@H](c2ccccc2Cl)S1)n1ccnc1,0.0006083988
CS(=O)(=O)CCNCc1ccc(-c2ccc3ncnc(Nc4ccc(OCc5cccc(F)c5)c(Cl)c4)c3c2)o1,0.017967775
CCN1C[C@]2(OC(=O)c3ccccc3NC(C)=O)CC[C@H](OC)[C@@]34[C@@H]2C[C@@H]([C@@H]13)[C@@]1(O)C[C@H](OC)[C@H]2C[C@@H]4[C@]1(O)[C@H]2OC,1.783907e-07
CCN(C(=O)c1c(O)c2c(Cl)cccc2n(C)c1=O)c1ccccc1,0.09256033
CC(C)C[C@H](NC(=O)[C@@H](NC(=O)CNC(=O)CN)C(C)C)C(=O)N[C@H](C(=O)N[C@@H](CCC(N)=O)C(=O)N1CCC[C@H]1C(=O)NCC(=O)O)C(C)C,1.5420832e-05
CS(=O)(=O)c1cc(F)cc2c3c(n(Cc4ccc(Cl)cc4)c12)[C@@H](CC(=O)O)CC3,0.0006529239
O=C(Nc1cnn2ccc(N3CCC[C@@H]3c3cc(F)ccc3F)nc12)N1CC[C@H](O)C1,0.008091518
CC[C@@H](C(=O)[C@@H](C)[C@@H](O)[C@H](C)CCc1ccc(C)c(O)c1C(=O)O)[C@H]1O[C@](CC)([C@H]2CC[C@](O)(CC)[C@H](C)O2)C[C@@H]1C,0.001498727
CN1CCC(C(=O)c2cccc(NC(=O)c3c(F)cc(F)cc3F)n2)CC1,0.98135537
Oc1ccc2c(c1)CC[C@H](c1ccccc1)[C@@H]2c1ccc(OCCN2CCCC2)cc1,8.706519e-05
CC(C)OC(=O)CCC/C=C\C[C@@H]1[C@@H](CC[C@@H](O)CCc2ccccc2)[C@H](O)C[C@@H]1O,0.0013261726
Cc1ccc2c(c1)c1c(n2CCc2ccc(C)nc2)CCN(C)C1,0.0033579185
C/C1=C/C(=O)O[C@@H]2C[C@@H](CC[C@H](C)/C=C\CC1)O[C@@](O)([C@@H]1CSC(=O)N1)C2,0.00019861135
CCCCCCCCCCCC(=O)O,0.010493834
CCCCCCCCCCCC(=O)N(CCO)CCO,0.0015564102
CCCCCCCCCCCCN1CCCCCC1=O,0.0045968364
NCCNC(=O)c1ccc(Cl)cn1,0.0038259502
C=CC(=O)Nc1cc(Nc2nccc(-n3cc(CN(C)C)c(-c4ccccc4)n3)n2)c(OC)cc1N1CCOCC1,0.01105815
CN1CCN(C(=O)[C@H]2[C@@H](C(=O)O)[C@@H]3CC[C@H]2O3)CC1,5.746168e-05
O=C(c1cn(Cc2cncn2Cc2ccc(Br)cc2)cc1-c1cccc2ccccc12)N1CCOCC1,0.001870458
CN[C@@H](C)C(=O)N[C@H](C(=O)N1CCC[C@H]1c1nc(C(=O)c2ccc(F)cc2)cs1)C1CCCCC1,0.0022202379
O=C(O)C[C@H]1CC[C@H](c2ccc(-c3ccc(Nc4ccc(C(F)(F)F)nc4)cn3)cc2)CC1,2.7953675e-07
CCCCC(=O)N(Cc1ccc(-c2ccccc2-c2nn[nH]n2)cc1)[C@H](C(=O)O)C(C)C,0.0020806508
CCOc1cn(-c2ccc(F)cc2C)nc1C(=O)Nc1ccc(Oc2ccnc3cc(OC)c(OC)cc23)c(F)c1,0.43961972
COc1ccc2nc3ccc(Cl)cc3c(SCCCN)c2c1,0.06434328
c1cc(-c2cnn3cc(-c4ccc(N5CCNCC5)cc4)cnc23)c2cccnc2c1,0.00081445946
NNC(=O)CSc1nc2scc(-c3ccccc3)c2c(=O)n1-c1ccccc1,0.0042607686
CC(=O)O/N=C1/C(=O)N(Cc2cc(Cl)ccc2Cl)c2ccc(Cl)cc21,0.9678861
c1ccc2c(-c3cnn4cc(-c5ccc(N6CCNCC6)cc5)cnc34)ccnc2c1,0.0008456115
CN1c2cc3c(cc2N=C(c2ccc(C(=O)O)cc2)c2ccccc21)C(C)(C)CCC3(C)C,0.005018437
COC(=O)N[C@H](C(=O)N1CC2(CC2)C[C@H]1c1nc(-c2ccc3c(c2)C(F)(F)c2cc(-c4ccc5nc([C@@H]6[C@H]7CC[C@H](C7)N6C(=O)[C@@H](NC(=O)OC)C(C)C)[nH]c5c4)ccc2-3)c[nH]1)C(C)C,3.6748477e-07
Cc1oncc1C(=O)Nc1ccc(C(F)(F)F)cc1,3.538791e-07
Cc1ncc(OC[C@@]2(c3cccc(F)c3)C[C@H]2C(=O)Nc2ccc(F)cn2)c(C)n1,0.0060942047
Nc1cccc2c1CN([C@H]1CCC(=O)NC1=O)C2=O,0.0014860401
CCC(=O)N1CC[C@H](Nc2ncnc3c2CN(c2cnc(OC)c(C(F)(F)F)c2)CC3)C1,1.4820421e-08
COc1cc2nccc(Oc3ccc(NC(=O)NC4CC4)c(Cl)c3)c2cc1C(N)=O,0.02926097
COc1cc(C(=O)OCCCCNC(=N)N)cc(OC)c1O,0.0010095985
Cc1c(Cc2ccccc2)nnc(N2CCN(c3cnc(C(C)(C)O)cn3)[C@H](C)C2)c1C,0.0028885326
COC(=O)C1=C(C)NC(C)=C(C(=O)OC(C)(C)CN(C)CCC(c2ccccc2)c2ccccc2)[C@@H]1c1cccc([N+](=O)[O-])c1,0.0010080122
c1ccc(Cn2c(N3CCNCC3)nc3ccccc32)cc1,0.001722085
CCc1nn(CCO)c(CC)c1Oc1cc(C#N)cc(C#N)c1,0.0010283568
O=C(O)CSc1nnc(Br)n1-c1ccc(C2CC2)c2ccccc12,0.002614179
C[C@]12O[C@@H](C[C@]1(O)CO)n1c3ccccc3c3c4c(c5c6ccccc6n2c5c31)CNC4=O,0.00040988618
O=C(CCn1cnc2c(=O)nc[nH]c21)Nc1ccc(C(=O)O)cc1,0.0016815675
COc1cccc(N2CCN(C3=Nc4c(F)cccc4[C@H](CC(=O)O)N3c3cc(C(F)(F)F)ccc3OC)CC2)c1,4.8098364e-08
CCOC(=O)CSCC[C@H]1N[C@H](C(=O)O)CS1,0.00028408616
N#C[C@H](c1ccc(F)cc1)c1c(Cl)cc(-n2ncc(=O)[nH]c2=O)cc1Cl,0.026307771
N#Cc1ccc(C(c2ccc(C#N)cc2)n2cncn2)cc1,0.009715306
CN(C)c1ccc2c(c1)Sc1cc(N(C)C)ccc1N2,0.003669872
COC(=O)[C@H](CC(C)C)NC(=O)[C@@H](N)CC(C)C,0.0001301194
CCNC(=O)[C@@H]1CCCN1C(=O)[C@H](CCCNC(=N)N)NC(=O)[C@H](CC(C)C)NC(=O)[C@@H](CC(C)C)NC(=O)[C@H](Cc1ccc(O)cc1)NC(=O)[C@H](CO)NC(=O)[C@H](Cc1c[nH]c2ccccc12)NC(=O)[C@H](Cc1cnc[nH]1)NC(=O)[C@@H]1CCC(=O)N1,6.262701e-05
CC(C)(C)NC[C@H](O)c1ccc(O)c(CO)c1,0.0011784424
C=CCN1CC[C@]23CCCC[C@H]2[C@H]1Cc1ccc(O)cc13,1.1561572e-05
c1ccc([C@H]2CN3CCSC3=N2)cc1,0.0004603825
CCOC(=O)C1=C(COCCN)NC(C)=C(C(=O)OC)[C@@H]1c1ccccc1Cl,4.3464905e-05
CC[C@@H](C(N)=O)N1CCCC1=O,0.00049996783
CN1C[C@H]2CCC[C@@H](C1)[C@@H]2OC(=O)[C@](O)(c1ccccc1)C1CCCC1,6.075143e-05
CC(C)NC[C@H](O)COc1ccc(CCOCC2CC2)cc1,0.0010085069
CC(C)(C)NC[C@H](O)COc1cccc2c1CCCC2=O,0.00028887897
CC(C)(C)NC[C@@H](O)COc1cccc2c1CCCC2=O,0.00027890125
C[C@@H]1CN([C@H]2CC[C@](C#N)(c3ccc(F)cc3)CC2)CC[C@]1(C(=O)O)c1ccccc1,4.0678588e-06
C[N+](C)(C)C[C@H](O)CC(=O)O,0.0010860561
CCC(=O)O[C@H](CC(=O)O)C[N+](C)(C)C,0.000491784
O=C(O)COCCN1CCN([C@H](c2ccccc2)c2ccc(Cl)cc2)CC1,0.00016702949
N[C@@H](Cc1ccc(O)c(O)c1)C(=O)O,0.0012060152
C[C@H]1COc2c(N3CCN(C)CC3)c(F)cc3c(=O)c(C(=O)O)cn1c23,0.85217017
CC(C)=CCC[C@](C)(O)[C@@H]1CC=C(C)CC1,0.001737552
CC(C)[C@@H]1CC[C@@H](C)C[C@H]1O,0.0033005346
COc1ccc2c(c1)N(C[C@H](C)CN(C)C)c1ccccc1S2,0.005585328
c1ccc2c(c1)Sc1ccccc1N2C[C@H]1CN2CCC1CC2,0.00012152138
C[C@H](N)[C@H](O)c1ccc(O)c(O)c1,0.0034087056
C#C[C@]1(O)CC[C@H]2[C@@H]3CCC4=CC(=O)CC[C@@H]4[C@H]3CC[C@@]21CC,2.315813e-07
CCC(=O)OC(Cc1ccccc1)(c1ccccc1)[C@@H](C)CN(C)C,0.007434869
C[C@@H]1CC(=O)NN=C1c1ccc(NN=C(C#N)C#N)cc1,0.0003089336
CCN1CCC[C@H]1CNC(=O)c1cc(S(N)(=O)=O)ccc1OC,3.55079e-05
N[C@@H](Cc1cc(I)c(Oc2cc(I)c(O)c(I)c2)c(I)c1)C(=O)O,0.0019966539
CC(=O)[C@@H](C#N)C(=O)Nc1cc(Br)ccc1Br,0.012970423
Cc1cc(C)c(-c2ccc(NC(=O)[C@H](Cc3ccc(C(=O)NCCS(=O)(=O)O)cc3)c3ccc(-c4ccc(C(C)(C)C)cc4)cc3)cc2)c(C)c1,0.016247397
Cc1cc(-c2ncc(CC(=O)Nc3ccc(-c4cnccn4)cn3)cc2C)ccn1,0.02319305
Cc1cc2sc(NC(=O)Cc3ccccc3)nc2cc1Cl,0.006323811
Clc1cccc([C@H](c2ccc3nc[nH]c3c2)n2ccnc2)c1,0.021712048
NC(=O)N1c2ccccc2C[C@@H](O)c2ccccc21,0.0027198275
C=CC(C)(C)c1cc(/C=C/C(=O)c2ccc(O)cc2)c(OC)cc1O,0.0060949447
CC1(C)Cc2c(-c3ccccc3)c(-c3ccc(Cl)cc3)c(CC(=O)O)n2C1,0.0075483336
CCc1ccc([C@@H]2O[C@H](CO)[C@@H](O)[C@H](O)[C@H]2O)cc1Cc1ccc2c(c1)OCCO2,0.00032644012
O=c1[nH]c2cc(Cl)c(Cl)c([N+](=O)[O-])c2[nH]c1=O,0.9867422
CNC(=N)NC(=O)Nc1c(C)cccc1C,0.0037894142
CCN(CC)CC(=O)Nc1c(C)cccc1C,0.0012088462
Cc1cccc(C)c1NC(=O)CN1CCN(CCCC(c2ccc(F)cc2)c2ccc(F)cc2)CC1,0.0006711803
O=C1CCc2c(Oc3ccc4c(c3)[C@@H]3[C@H](O4)[C@H]3c3nc4ccc(C(F)(F)F)cc4[nH]3)ccnc2N1,1.1280723e-07
CS(=O)(=O)c1cccc(C[C@H](NC(=O)c2c(Cl)cc3c(c2Cl)CCN(C(=O)c2ccc4ccoc4c2)C3)C(=O)O)c1,0.39270663
CCC/C=C1\OC(=O)C2=C1CCC=C2,0.0015124818
CCCC[C@H](C)C[C@H](O)/C=C/[C@H]1[C@H](O)CC(=O)[C@@H]1CCCC/C=C/C(=O)O,0.0023125592
CC(C)C(=O)Nc1ncc(-c2cc(C(F)F)nn2-c2c(Cl)cccc2Cl)s1,9.770925e-05
CC1(C)O[C@H]2CC(=O)OC[C@]23[C@H]2CC[C@@]4(C)[C@H](c5ccoc5)OC(=O)[C@H]5O[C@]54[C@]2(C)C(=O)C[C@@H]13,1.6465262e-06
C[C@@H]1NC(=O)[C@@H]2CCCN2C(=O)[C@H](CC(N)=O)NC(=O)[C@@H]2CSSC[C@H](N)C(=O)N[C@H]3CSSC[C@H](NC1=O)C(=O)N[C@@H]([C@@H](C)O)C(=O)NCC(=O)N[C@H](C(=O)N[C@@H](Cc1ccc(O)cc1)C(=O)O)CSSC[C@H](NC(=O)[C@H](Cc1ccc(O)cc1)NC(=O)[C@H](CCC(=O)O)NC3=O)C(=O)N2,0.7513169
CC#CCn1c(N2CCC[C@@H](N)C2)nc2c1c(=O)n(Cc1nc(C)c3ccccc3n1)c(=O)n2C,0.00015159282
C=C[C@](C)(O)CCC=C(C)C,0.0039946223
Cc1cccc(C)c1CNc1cc(C(=O)NCCO)cn2c(C)c(C)nc12,0.00406497
CCC[C@@H]1C[C@@H](C(=O)N[C@@H]([C@H]2O[C@H](SC)[C@H](O)[C@@H](O)[C@H]2O)[C@@H](C)O)N(C)C1,0.023634171
Cl[C@H]1[C@H](Cl)[C@@H](Cl)[C@@H](Cl)[C@H](Cl)[C@H]1Cl,0.9914426
CC(=O)NC[C@H]1CN(c2ccc(N3CCOCC3)c(F)c2)C(=O)O1,0.10493225
Cc1ccc(F)c(NC(=O)Nc2ccc(-c3cccc4n[nH]c(N)c34)cc2)c1,0.02103548
CCCCC/C=C\C/C=C\CCCCCCCC(=O)O,0.018405132
O=C1N(c2ccccc2)c2ccccc2C1(Cc1ccncc1)Cc1ccncc1,0.0052388813
Nc1c[n+](N2CCOCC2)no1,0.0017911666
C[C@]1(O)C[C@@H](c2nc(-c3ccc4ccc(-c5ccccc5)nc4c3)c3c(N)nccn32)C1,0.009601528
CCN1CCN=C1CNC(=O)c1cc(Cl)c(N)cc1OC,0.0006330346
N[C@@H](Cc1cc(I)c(Oc2ccc(O)c(I)c2)c(I)c1)C(=O)O,0.0011128855
N[C@H](Cc1cc(I)c(Oc2ccc(O)c(I)c2)c(I)c1)C(=O)O,0.0012199954
NC(=O)CCCC[C@H]1CCSS1,0.0023223415
O=C1C[C@@H](c2ccc(O[C@@H]3O[C@H](CO)[C@@H](O)[C@H](O)[C@H]3O)cc2)Oc2cc(O)ccc21,0.00021295412
CCCCCCCCCCCCCCCC(=O)N[C@@H](CCC(=O)NCCCC[C@H](NC(=O)[C@H](C)NC(=O)[C@H](C)NC(=O)[C@H](CCC(N)=O)NC(=O)CNC(=O)[C@H](CCC(=O)O)NC(=O)[C@H](CC(C)C)NC(=O)[C@H](Cc1ccc(O)cc1)NC(=O)[C@H](CO)NC(=O)[C@H](CO)NC(=O)[C@@H](NC(=O)[C@H](CC(=O)O)NC(=O)[C@H](CO)NC(=O)[C@@H](NC(=O)[C@H](Cc1ccccc1)NC(=O)[C@@H](NC(=O)CNC(=O)[C@H](CCC(=O)O)NC(=O)[C@H](C)NC(=O)[C@@H](N)Cc1cnc[nH]1)[C@@H](C)O)[C@@H](C)O)C(C)C)C(=O)N[C@@H](CCC(=O)O)C(=O)N[C@@H](Cc1ccccc1)C(=O)N[C@H](C(=O)N[C@@H](C)C(=O)N[C@@H](Cc1c[nH]c2ccccc12)C(=O)N[C@@H](CC(C)C)C(=O)N[C@H](C(=O)N[C@@H](CCCNC(=N)N)C(=O)NCC(=O)N[C@@H](CCCNC(=N)N)C(=O)NCC(=O)O)C(C)C)[C@@H](C)CC)C(=O)O,0.96059555
COc1cccc(N(C)C(=S)Oc2ccc3c(c2)CCCC3)n1,0.004049708
CS(=O)(=O)Oc1ccc2c(NC(N)=O)c(C(=O)c3ccc(Cl)cc3Cl)oc2c1,0.16538098
Nc1ccc(C(=O)OC[C@@H](O)CO)cc1,0.0008965267
NCCCC[C@H](N[C@@H](CCc1ccccc1)C(=O)O)C(=O)N1CCC[C@H]1C(=O)O,0.0003734492
C[C@@H](O)CCCCn1c(=O)c2c(ncn2C)n(C)c1=O,0.002706843
CCN(CC)C(=O)N[C@H]1C=C2c3cccc4[nH]cc(c34)C[C@H]2N(C)C1,0.0001282287
CC(=O)CC(=O)O,0.0028010963
C[C@H](CCC(=O)O)[C@H]1CC[C@H]2[C@@H]3CC[C@@H]4C[C@H](O)CC[C@]4(C)[C@H]3CC[C@]12C,1.2368757e-05
CCNCCS(=O)(=O)NC[C@@]1(c2ccccc2)SC(NC(=O)C(C)(C)C)=NN1C(=O)C(C)(C)C,2.0251633e-07
Cc1ccc(F)cc1C(=O)Nc1ccc(C(=O)N2Cc3cccn3Cc3ccccc32)c(Cl)c1,0.1556299
O=C(NCCO)c1cc(C(=O)NCCO)cc(C(=O)NCCO)c1,0.00082837744
CC1(C)CC(Oc2ccc(-c3ccc(-c4cn[nH]c4)cc3O)nn2)CC(C)(C)N1,0.013028483
Cc1cc(C)cc(C(=O)NOCCCCCC(=O)NO)c1,0.0071136313
CC[C@@H](C)[C@@H](N)C(=O)NCCN1CCOCC1,0.00016298596
CN1[C@@H](CC(=O)c2ccccc2)CCC[C@H]1C[C@H](O)c1ccccc1,0.0009667115
CCOC(=O)Nc1nc2ccccc2[nH]1,0.0022957025
O=C(O)c1ccccc1Nc1cc(Cl)ccc1C(=O)O,0.028491395
Nc1ncnc2c1ncn2[C@@H]1O[C@H](CO)C[C@@H]1F,0.00010113881
N#Cc1cc(NC(=O)C(=O)O)c(Cl)c(NC(=O)C(=O)O)c1,0.9336206
Cc1[nH]cnc1-c1ccc(Cl)cc1,0.010583937
CN(CCCN1c2ccccc2CCc2ccccc21)CC(=O)c1ccc(Cl)cc1,0.0021811924
C[C@@H](Oc1c(Cl)cccc1Cl)C1=NCCN1,0.006569587
CCn1cc(C(=O)O)c(=O)c2cc(F)c(N3CCN[C@@H](C)C3)c(F)c21,0.9620864
Nc1nc(OCc2cc(Br)cs2)c2[nH]cnc2n1,0.0042265635
COc1ccc(CN2CCN(C(c3ccc(F)cc3)c3ccc(F)cc3)CC2)c(OC)c1OC,0.00045188426
Nc1nc(=O)c2c([nH]1)NC[C@H](CCc1ccc(C(=O)N[C@@H](CCC(=O)O)C(=O)O)cc1)C2,0.000666661
O=C(NC1CCN(CCCCC2(C(=O)NCC(F)(F)F)c3ccccc3-c3ccccc32)CC1)c1ccccc1-c1ccc(C(F)(F)F)cc1,3.119874e-11
O=C(NC1CCCCC1)N(CCCl)[NH2+][O-],0.0007772064
NC(=O)N1CCC(CC(=O)N2CCC([C@H]3c4ncc(Br)cc4CCc4cc(Cl)cc(Br)c43)CC2)CC1,0.0018918099
O=C(O)c1nn(Cc2ccc(Cl)cc2Cl)c2ccccc12,0.22489522
CN(C)C(=O)C(CCN1CCC(O)(c2ccc(Cl)cc2)CC1)(c1ccccc1)c1ccccc1,0.00024307333
Cc1cccc(C)c1OCC(=O)N[C@@H](Cc1ccccc1)[C@@H](O)C[C@H](Cc1ccccc1)NC(=O)[C@H](C(C)C)N1CCCNC1=O,0.0038950134
N[C@@H](C(=O)N[C@@H]1C(=O)N2C(C(=O)O)=C(Cl)CC[C@H]12)c1ccccc1,0.53597564
CCOC(=O)N1CCC(=C2c3ccc(Cl)cc3CCc3cccnc32)CC1,0.00021011334
Cl/C(=C\n1cncn1)c1ccc(Cl)cc1Cl,0.485746
CC(=O)N(C)c1cc(-c2ccnc3c(C(=O)c4cccs4)cnn23)ccc1F,0.0410613
CCCCCN(CCCCC)C(=O)[C@@H](CCC(=O)O)NC(=O)c1ccc(Cl)c(Cl)c1,0.0019984886
C[C@H]1Oc2cc(cnc2N)-c2c(nn(C)c2C#N)CN(C)C(=O)c2ccc(F)cc21,0.0007316187
CN1C(C(=O)Nc2ccccn2)=C(O)c2sc(Cl)cc2S1(=O)=O,3.897591e-05
CCCCc1nc(Cl)c(CO)n1Cc1ccc(-c2ccccc2-c2nn[nH]n2)cc1,0.011624931
Cc1c(F)cc(C(=O)NC2CC2)cc1-c1ccc(C(=O)NCC(C)(C)C)cn1,0.0100763645
CNc1nc(-c2cccc(NC(=O)c3ccc(C(=O)OC)cc3)c2)c2cc(OC)c(OC)cc2n1,0.0022901958
CCOC(=O)O[C@]1(C(=O)OCCl)CC[C@H]2[C@@H]3CCC4=CC(=O)C=C[C@]4(C)[C@H]3[C@@H](O)C[C@@]21C,2.6493533e-06
CC[C@H](C)C(=O)O[C@H]1C[C@@H](C)C=C2C=C[C@H](C)[C@H](CC[C@@H]3C[C@@H](O)CC(=O)O3)[C@H]21,0.0002614741
CN1CCN(C2=Nc3ccccc3Oc3ccc(Cl)cc32)CC1,0.0057317386
CC(C)CCNC(=O)[C@H](CC(C)C)NC(=O)[C@H]1O[C@@H]1C(=O)O,0.0007141528
C[C@@H](C(=O)O)c1ccc(C[C@H]2CCCC2=O)cc1,0.0004937038
Nc1nc(O[C@@H](c2ccc(-c3cccc(F)c3)cc2)C(F)(F)F)cc(-c2ccc(C[C@H](N)C(=O)O)cc2)n1,1.738818e-07
Cc1csc2c(N[C@@H](C)CN3CCN(S(=O)(=O)c4ccc(Cl)c(Cl)c4)CC3)ncnc12,3.415286e-06
COc1cc(C(=O)N2CCC(N3CCN(C)CC3)CC2)ccc1Nc1ncc2c(n1)N(C)c1ccccc1C(=O)N2C,1.5050418e-05
CC(C)NC(=O)c1ccc(C#Cc2ccncc2)cn1,0.003707554
CC(F)(F)c1cc(F)ccc1-c1sc2cc(O)ccc2c1Oc1ccc(/C=C/C(=O)O)cc1,7.7982135e-05
N=C(Nc1ccccc1)c1cccs1,0.0060545164
CCCCC/C=C\C[C@@H](O)/C=C/C=C/C=C\[C@@H](O)CCCC(=O)O,0.0039661867
NCCCC[C@H](NC(=O)[C@@H](NC(=O)[C@H](Cc1c[nH]c2ccccc12)NC(=O)[C@H](CCCCN)NC(=O)[C@H](CCCCN)NC(=O)[C@H](Cc1c[nH]c2ccccc12)NC(=O)[C@H](Cc1c[nH]c2ccccc12)NC(=O)[C@H](CCCCN)NC(=O)[C@@H](N)CCCCN)C(c1ccccc1)c1ccccc1)C(N)=O,0.9549905
CC(C)(C)CC(=O)Nc1c(F)cc(C(=O)/N=c2\sccn2COP(=O)(O)O)cc1F,0.044800337
CCCCC(F)(F)C(=O)CC[C@H]1[C@H](O)CC(=O)[C@@H]1CCCCCCC(=O)O,1.8560954e-07
CCN(CC)CCNc1ccc(C)c2sc3ccccc3c(=O)c12,0.0015004498
CNC(=O)c1cccc2cc(Oc3ccnc4cc(OCC5(N)CC5)c(OC)cc34)ccc12,0.001859631
N#Cc1c(N)nc(SCc2ncc[nH]2)c(C#N)c1-c1ccc(O)cc1,0.000892593
O=C(NC(=O)c1c(F)cccc1F)Nc1cc(Cl)c(OC(F)(F)[C@@H](F)C(F)(F)F)cc1Cl,1.6440199e-08
N#C/C(=C1/SC[C@@H](c2ccc(Cl)cc2Cl)S1)n1ccnc1,0.007919971
Cc1ccc(NC(=O)C2(c3ccc4c(c3)OC(F)(F)O4)CC2)nc1-c1cccc(C(=O)O)c1,5.6979825e-06
CN1CCN2c3c(cccc31)[C@@H]1CN(CCCC(=O)c3ccc(F)cc3)CC[C@@H]12,6.141079e-05
CCCCN(CCCC)C[C@@H](O)c1cc(Cl)cc2c1-c1ccc(Cl)cc1/C2=C/c1ccc(Cl)cc1,0.25245187
Cc1ccc(Nc2c(F)cccc2Cl)c(CC(=O)O)c1,0.024360482
O=C1CCC[C@@H]2[C@H]3C[C@@H](CN12)[C@@H]1CCCCN1C3,7.0738242e-06
O=C1[C@@H]2[C@H]3CC[C@H](C3)[C@@H]2C(=O)N1C[C@@H]1CCCC[C@H]1CN1CCN(c2nsc3ccccc23)CC1,1.0555401e-05
Cc1nc2ccccn2c(=O)c1CCN1CCc2oc3ccccc3c2C1,0.0007901313
CCCCCCO[C@@H](C)c1cccc(-c2csc(NC(=O)c3cc(Cl)c(/C=C(\C)C(=O)O)c(Cl)c3)n2)c1OC,0.63372165
CC1=C[C@H](O)CC(C)(C)[C@H]1/C=C/C(C)=C/C=C/C(C)=C/C=C/C=C(C)/C=C/C=C(C)/C=C/C1=C(C)C[C@@H](O)CC1(C)C,0.0073447977
O=c1cc(-c2ccc(O)c(O)c2)oc2cc(O)cc(O)c12,0.010182381
CC(=O)NCCc1c(Cc2ccccc2)[nH]c2ccccc12,0.0024867426
Cc1ccc(NC(=O)c2ccnc(C(F)(F)F)c2)cc1-c1cc(OCCO)nc(N2CCOCC2)c1,5.2261095e-07
Fc1ccc(-c2c3cccc(C(F)(F)F)c3nn2Cc2ccc(F)cc2Cl)cc1,1.3574758e-05
CC1(N)CCN(c2cccnc2NC(=O)c2nc(-c3ncccc3C(F)(F)F)cnc2N)CC1,1.170843e-06
COc1cccc(-c2ccc([C@@H](Oc3cc(-c4ccc(C[C@H](N)C(=O)O)cc4)nc(N)n3)C(F)(F)F)cc2)c1,2.757778e-07
Cc1c[nH]c2ncnc(N3CCC(CN)(C(=O)Nc4cccc(OC(=O)N(C)C)c4)CC3)c12,4.0169278e-05
CC(C)=CCC/C(C)=C/C=C/C(C)=C/C=C/C(C)=C/C=C/C=C(C)/C=C/C=C(C)/C=C/C=C(\C)CCC=C(C)C,0.10090843
CC(C)c1ccc2c(c1)CC[C@H]1[C@](C)(CN)CCC[C@]21C,0.0008800505
CN(C)[C@@H]1C(=O)[C@@H](C(=O)NCNCCCC[C@H](N)C(=O)O)C(=O)[C@@]2(O)C(=O)[C@@H]3C(=O)c4c(O)cccc4[C@@](C)(O)[C@H]3C[C@@H]12,3.4452316e-06
C#C[C@]1(O)CC[C@H]2[C@@H]3CCC4=CCCC[C@@H]4[C@H]3CC[C@@]21C,1.0515498e-06
NCCCC[C@H](NC(=O)[C@@H]1CCCN1C(=O)[C@@H]1CSSC[C@H](N)C(=O)N[C@@H](Cc2ccc(O)cc2)C(=O)N[C@@H](Cc2ccccc2)C(=O)N[C@@H](CCC(N)=O)C(=O)N[C@@H](CC(N)=O)C(=O)N1)C(=O)NCC(N)=O,0.00046742495
O=C1NC(=O)C(c2cnc3ccccn23)=C1c1cn2c3c(cc(F)cc13)CN(C(=O)N1CCCCC1)CC2,0.1433739
c1ccc(-c2nn3c(c2-c2ccnc4cc(OCCN5CCOCC5)ccc24)CCC3)nc1,0.00044893206
N[C@@]1(C(=O)O)CS(=O)(=O)[C@H]2[C@H](C(=O)O)[C@H]21,2.4418518e-06
O=C(O)[C@@H]1C[C@H]2C[C@@H](CCc3nn[nH]n3)CC[C@H]2CN1,9.883386e-05
Cc1cccc(-c2nn3c(c2-c2ccnc4ccc(C(N)=O)cc24)CCC3)n1,0.0060939398
CN(C)C(=O)n1nnnc1Cc1ccc(-c2ccccc2)cc1,0.0011484737
CC(C)(C)Cn1c(N)nc2ccc(-c3nc(C(C)(C)C)[nH]c3-c3ccc(F)cc3)nc21,0.0005097764
COc1ccc(/C=C/CCCCOc2ccc(C(=O)c3cccc(C(=O)O)c3)cc2CCC(=O)O)cc1,0.009923208
CC(C)Oc1cccc(-n2c(CCc3c[nH]c4ccc(Br)cc34)nc3ccccc3c2=O)c1,0.02095929
CCNCc1cc(C(C)(C)C)c(O)c(C(C)(C)C)c1,0.00096901815
CCCC(CCC)C(=O)Nc1ccn([C@@H]2O[C@H](CO)[C@@H](O)C2(F)F)c(=O)n1,1.619434e-07
CN(CCOc1ccc(-c2ccc3c(c2)OCO3)cc1C(C)(C)C)CC(=O)O,0.0016837318
CC(C)OC(=O)N[C@H]1Cc2c(n(Cc3ccccn3)c3ccc(C#N)cc23)C1,0.0026255932
CC(C)NCCCC[C@H](NC(=O)[C@H]1CCC(=O)N[C@@H](Cc2ccccc2)C(=O)N[C@H](Cc2ccc(O)cc2)C(=O)N[C@@H](CCCCNC(C)C)C(=O)N[C@H](CCCN=C(N)N)C(=O)N[C@@H](Cc2ccc3ccccc3c2)C(=O)NCC(=O)N1)C(N)=O,0.1110051
CCc1cc(C(C)=O)c(O)cc1OCCCCCC(C)(C)c1nn[nH]n1,0.022231933
Cn1cc(-c2ccc(F)c(C(F)(F)F)c2)nc1C1CCN(c2ncnc3n[nH]cc23)CC1,3.6923242e-07
Cc1cnc(NC(=O)Nc2cc(Br)c(C)cc2OC[C@@H]2CNCCO2)cn1,0.04297302
COc1cccc(OCCCN)c1-c1cc(Nc2cnc(C#N)cn2)[nH]n1,0.0024501276
O=C(Nc1ncc(SCCN2CCCC2)s1)[C@]1(c2ccc(S(=O)(=O)C3CC3)cc2)C[C@H]1C1CCCCC1,1.5726105e-06
COc1ccc(C[C@H]2NCCc3c2[nH]c2ccc(C)cc32)c(Cl)c1OC,0.0022954904
Cc1cc(Nc2cc(CN3CCOCC3)c3nc(C)c(Cc4ccc(Cl)cc4F)n3n2)[nH]n1,0.0054678116
NC(=O)c1ccc(Oc2ccc(CN3CCC[C@H]3c3cccnc3)cc2)c(Cl)c1,0.0012803784
Cc1ccc(C(=O)Nc2ccc(Oc3cc4cnn(C)c4cc3-c3cn[nH]c3)c(F)c2)c(=O)n1-c1ccc(F)cc1,0.9135692
C[C@@]1(c2cc(-c3cncnc3)c(F)cc2F)CCSC(N)=N1,0.029939469
Cc1nc(N2CCN(C)CC2)c2nc(-c3ccccc3Cl)n(C3CCOCC3)c2n1,0.00054200075
CC(C)c1c2cc(-c3ccnc(N[C@H]4CC[C@H](NC5CCOCC5)CC4)n3)ccc2nn1C,0.00031701333
C[C@@H](Oc1ccc2n[nH]c(/C=C/c3cnn(CCO)c3)c2c1)c1c(Cl)cncc1Cl,0.09270836
O=C1NN(C(=O)Nc2ccc(Br)cc2)[C@@H](c2ccccc2)[C@@H]1c1ccccc1,0.016121455
NC1=N[C@@]2(c3cc(NC(=O)c4ccc(F)cn4)ccc3F)COC[C@H]2CS1,0.003661142
O=c1cc(N2CCOCC2)oc2c(-c3ccccc3)cccc12,0.0052043833
C[C@H](N)C(=O)N[C@@]1(C(=O)O)C[C@@H](Sc2nnc[nH]2)[C@H]2[C@H](C(=O)O)[C@H]21,3.328551e-05
CNC(=O)O[C@H]1COc2ccc(N3CCN(C4COC4)CC3)cc2[C@@H]1NC(=O)c1ccc(F)cc1,0.00012104385
CNc1ncc2cc(-c3cc(NC(=O)NCCC(C)(C)C)c(F)cc3C)c(C)nc2n1,0.008596532
CO[C@@H](C)Cn1c(=O)n(C)c2cnc3ccc(-c4cncc(C(C)(C)O)c4)cc3c21,0.0075018066
O=c1cc(N2CCNCC2)oc2c(-c3ccccc3)cccc12,0.004510724
CC1(C)C(=O)N(CCN2CCC(C(=O)c3ccc(F)cc3)CC2)c2ccccc21,0.00012712156
CCc1c(CC(N)=O)c2cc(OCCCP(=O)(O)O)ccc2n1Cc1ccccc1,0.0008975248
CC(C)(O)c1cc(Nc2cc(Oc3cn(C4CC4)nc3C3CCOCC3)ccn2)ccn1,0.003449551
COc1ccc(-c2oc3cc(OC)ccc3c2C(=O)c2ccc(C#N)cc2)cc1,0.006993989
Cn1nccc1Nc1nccc(-c2cc3c(s2)C(C)(C)N(CCN2CCOCC2)C3=O)n1,0.00016233763
Cc1cc(Nc2ccc(F)c(C[C@@]3(C(=O)O)CCN(Cc4cccc(Cl)c4F)[C@H](C)C3)n2)n[nH]1,0.0005295633
CN1CCC(c2c[nH]c3ccc(NC(=O)c4ccc(F)cc4)cc23)CC1,0.0027885325
CN(C)[C@@H]1CCc2[nH]c3ccc(NC(=O)c4ccc(F)cc4)cc3c2C1,0.005757923
c1ccc(-c2n[nH]cc2-c2ccnc3ccccc23)nc1,0.0049700756
CC(C)N1Cc2cc(S(C)(=O)=O)ccc2N(CCN2CC=C(c3c[nH]c4cc(F)ccc34)CC2)S1(=O)=O,2.8081422e-07
CC(C)S(=O)(=O)NC[C@H](C)c1ccc(-c2ccc(C#N)cc2)cc1,0.00013683265
C[C@H](NC(=O)[C@@H](O)c1cc(F)cc(F)c1)C(=O)N[C@@H]1C(=O)N(C)c2ccccc2-c2ccccc21,0.62239325
CC(C)S(=O)(=O)NC[C@H](C)c1ccc(NC(=O)c2cc(F)cc(F)c2)cc1,0.028840479
COc1ccc(Nc2ncnc3ccc(OC)cc23)cc1,0.0072498685
N=C(N=C(N)N)Nc1cccc(Cl)c1,0.006589619
Oc1cccc(-c2c3nc(c(-c4cccc(O)c4)c4ccc([nH]4)c(-c4cccc(O)c4)c4ccc([nH]4)c(-c4cccc(O)c4)c4nc2C=C4)C=C3)c1,0.018894717
CCCCCC(O)CCCC(=O)O,0.0026155617
CCCC(CCC)C(=O)NCc1ccc2c(cnn2-c2ccccc2OC)c1,0.004681258
Cc1cc(C)c(S(=O)(=O)Nc2cccc(C(F)(F)F)c2)c(C)c1,1.01039156e-07
CN(C)c1ccc(C(=O)NCCCCCCC(=O)NO)cc1,0.0074552577
CC(C)Cc1ccc([C@@H](C)C(=O)NCCO)cc1,0.0024833607
CC(C)(C)NC[C@@H](O)c1cc(Cl)c(N)c(C(F)(F)F)c1,2.1194423e-07
COc1cc(C[C@H](C)[C@H](C)Cc2ccc3c(c2)OCO3)ccc1O,0.0075144526
CCCNS(=O)(=O)Nc1ncnc(OCCOc2ncc(Br)cn2)c1-c1ccc(Br)cc1,3.6119298e-05
CCCCS(=O)(=O)Nc1ncnc(OCCOc2ncc(Br)cn2)c1-c1ccc(Br)cc1,0.0005835418
O=c1nc(N2CCN(CC3CCCCC3)CC2)sc2c([N+](=O)[O-])cc(C(F)(F)F)cc12,1.1040901e-06
C[C@H]1[C@H](C)CC[C@]2(C(=O)O[C@@H]3O[C@H](CO[C@@H]4O[C@H](CO)[C@@H](O[C@@H]5O[C@@H](C)[C@H](O)[C@@H](O)[C@H]5O)[C@H](O)[C@H]4O)[C@@H](O)[C@H](O)[C@H]3O)CC[C@]3(C)C(=CC[C@@H]4[C@@]5(C)C[C@@H](O)[C@H](O)[C@@](C)(CO)[C@@H]5[C@H](O)C[C@]43C)[C@H]12,1.2661426e-08
COc1ccc2c(C)nc(Nc3nc(=O)c(C)c(C)[nH]3)nc2c1,0.0028043946
NCc1ccc(S(N)(=O)=O)cc1,0.0016156298
C=CCc1ccc(O)c(-c2cc(CC=C)ccc2O)c1,0.004776167
CCOC(=O)C[C@@H](SP(=S)(OC)OC)C(=O)OCC,9.427084e-07
O=C(O)C[C@H](O)C(=O)O,0.00044132487
CC(C)OC(=O)C(C(=O)OC(C)C)=C1SC=CS1,0.003077786
O=C(O)[C@H](O)[C@@H](O)[C@H](O[C@@H]1O[C@H](CO)[C@H](O)[C@H](O)[C@H]1O)[C@H](O)CO,1.8416018e-05
O=C(O)[C@H](O)c1ccccc1,0.0026629698
Cc1nc(COP(=O)(O)O)cc2c1[O][Mn][O]c1c(cc(COP(=O)(O)O)nc1C)CN(CC(=O)O)CCN(CC(=O)O)C2,5.0012745e-09
COC(=O)C1=C(C)NC(C)=C(C(=O)OCCN2CCN(C(c3ccccc3)c3ccccc3)CC2)[C@@H]1c1cccc([N+](=O)[O-])c1,3.2645e-05
C#CCCC(=O)[C@@H](C#N)C(=O)Nc1ccc(C(F)(F)F)cc1,5.786638e-09
OC[C@@H](O)[C@@H](O)[C@H](O)[C@H](O)CO,0.00013662066
CNCCC[C@]12CC[C@H](c3ccccc31)c1ccccc12,0.0004186352
Cc1nnc(C(C)C)n1[C@@H]1C[C@H]2CC[C@@H](C1)N2CC[C@H](NC(=O)C1CCC(F)(F)CC1)c1ccccc1,1.6826478e-07
CN1CCN(c2c(F)cc3c(=O)c(C(=O)O)cn4c3c2OCN4C)CC1,0.72037476
CC(C)Nc1nc2cc(Cl)c(Cl)cc2n1[C@H]1O[C@@H](CO)[C@H](O)[C@@H]1O,0.007057497
CNC(=O)[C@@H](NC(=O)[C@H](CC(C)C)[C@H](O)C(=O)NO)C(C)(C)C,0.00025409725
COc1ccc(C(C)(C)C)cc1CN[C@H]1C2CCN(CC2)[C@H]1C(c1ccccc1)c1ccccc1,0.00065782823
Cc1ccc(NC(=O)c2ccc(CN3CCN(C)CC3)cc2)cc1Nc1nc(-c2cccnc2)cs1,0.00130416
C[C@@H](Cc1ccc(O)c(O)c1)[C@@H](C)Cc1ccc(O)c(O)c1,0.012532233
O=C1CCC[C@@H]2[C@H]3CCCN4CCC[C@@H](CN12)[C@@H]34,5.336379e-06
CC(C)n1c(=O)cc(N[C@@H](C)c2ccccc2)[nH]c1=O,0.009391924
CC(C)(O)c1ccccc1-c1ccc2nc(/C=C/c3ccc(C(F)(F)F)cc3)[nH]c2c1,6.754432e-07
COC(=O)N1CC[C@@H]2[C@H]1CCC[C@@]2(O)C#Cc1cccc(C)c1,7.9423735e-05
C=C1/C(=C\C=C2/CCC[C@]3(C)[C@@H]([C@H](C)OCCC(C)(C)O)CC[C@@H]23)C[C@@H](O)C[C@@H]1O,0.00020146006
CCc1cnc(N2CCC(c3nc(COc4ccc(-n5cnnn5)cc4)cs3)CC2)nc1,0.0008381818
Cc1ncc(COP(=O)(O)O)c(C=O)c1O,9.5186e-05
CC(C)(O)c1coc(S(=O)(=O)NC(=O)Nc2c3c(cc4c2CCC4)CCC3)c1,5.06283e-05
CSc1ccc([C@H]2CN3CCC[C@H]3c3ccccc32)cc1,0.00022308493
CC1(N2CCC(n3c([C@@H]4CCCNC4)nc4ccccc43)CC2)CCCCCCC1,2.0027634e-05
Clc1cccc(N2CCNCC2)c1,0.003010581
Cn1c(/C=C/C(=O)NO)ccc1/C=C/C(=O)c1cccc(F)c1,0.01804548
C=C1C[C@]23C[C@@]1(O)CC[C@H]2[C@@]12C=C[C@H](O)[C@@](C)(C(=O)O1)[C@H]2[C@@H]3C(=O)O,8.390983e-07
COc1cc(-n2c(=S)[nH]c3ccccc3c2=O)c(Cl)cc1Cl,0.6509314
O[C@H](c1ccccc1)C1CCN(CCc2ccccc2)CC1,0.00019509158
Cn1c(-c2ccccc2)nnc1S(C)(=O)=O,0.00033704322
O=C(O)CCc1c(C(=O)O)[nH]c2cc(Cl)cc(Cl)c12,0.23084845
O=C1CC2(CCCC2)CC(=O)N1CCCCNC[C@H]1COc2ccccc2O1,0.00016665389
O=C1CC2(CCCC2)CC(=O)N1CCNC[C@H]1COc2ccccc2O1,0.000105784144
CS(=O)(=O)OCOS(C)(=O)=O,7.8476305e-06
C[C@H](NC(=O)CCc1nc(=O)c2ccccc2[nH]1)c1ccccc1,0.0045214705
COC(=O)Nc1nc2ccc(C(=O)c3ccccc3)cc2[nH]1,0.0049068537
CCN(CCCCOC(=O)c1ccc(OC)c(OC)c1)[C@@H](C)Cc1ccc(OC)cc1,0.004434243
CN1CCc2c(c3ccccc3n2Cc2ccccc2)C1,0.0022961535
CN1C(=O)N(C)C2C1N(C)C(=O)N2C,0.0004248998
Cc1cc(C)c(NC(=O)CN(CC(=O)O)CC(=O)O)c(C)c1Br,0.00026097847
CNC1(C)C2CCC(C2)C1(C)C,0.0063016764
CCOC(=O)c1c(C)n(C)c2ccc(O)cc12,0.0012484031
COc1cccc(OC)c1-c1cc(C(=O)NC2(C(=O)O)C3CC4CC(C3)CC2C4)nn1-c1ccnc2cc(Cl)ccc12,0.0021914826
Cc1cccc(CN2CCN([C@@H](c3ccccc3)c3ccc(Cl)cc3)CC2)c1,0.0014243014
C=C1c2c(Cl)ccc(O)c2C(=O)C2=C(O)[C@]3(O)C(O)=C(C(N)=O)C(=O)[C@@H](N(C)C)[C@@H]3[C@@H](O)[C@H]12,0.692157
Cc1ccc(Cl)c(Nc2ccccc2C(=O)O)c1Cl,0.01835496
CN(C)CCOC(=O)COc1ccc(Cl)cc1,0.0014370532
COC(=O)[C@@H](N)CS,0.00045616805
Cc1cccc([C@@H](C)c2cnc[nH]2)c1C,0.012425856
CC(C)(CCCCCCCCCCC(C)(C)CC(=O)O)CC(=O)O,0.35159963
Cc1nccc2[nH]c(=O)ccc12,0.008141392
O=P(O)(O)CP(=O)(O)O,1.3137677e-05
CC(=O)[C@@]1(O)CC[C@H]2[C@@H]3C[C@H](C)C4=CC(=O)CC[C@]4(C)[C@H]3CC[C@@]21C,3.0002617e-05
CC(=O)O[C@]1(C(C)=O)CC[C@H]2[C@@H]3C[C@H](C)C4=CC(=O)CC[C@]4(C)[C@H]3CC[C@@]21C,7.889135e-05
CC(=O)[C@H]1CC[C@H]2[C@@H]3C[C@H](C)C4=CC(=O)CC[C@]4(C)[C@H]3[C@@H](O)C[C@]12C,0.00012896763
Cc1cccc(Nc2ccccc2C(=O)O)c1C,0.00874712
CCN(CC)CCNC(=O)COc1ccc(OC)cc1,0.00073435897
O[C@@H](c1cc(C(F)(F)F)nc2c(C(F)(F)F)cccc12)[C@H]1CCCCN1,5.9107774e-11
CC(=O)[C@@]1(O)CC[C@H]2[C@@H]3C=C(C)C4=CC(=O)CC[C@]4(C)[C@H]3CC[C@@]21C,5.998624e-05
CC(=O)O[C@]1(C(C)=O)CC[C@H]2[C@@H]3C=C(C)C4=CC(=O)CC[C@]4(C)[C@H]3CC[C@@]21C,0.0001540183
COc1ccc(Cl)cc1C(=O)NCCc1ccc(C(=O)O)cc1,0.0063242815
CNC[C@H](O)[C@@H](O)[C@H](O)[C@H](O)CO,0.0002046054
CC(O)(CC(=O)O)CC(=O)O,0.0013734644
CN1C(=O)/C(=C2/C(=O)Nc3ccccc32)c2ccccc21,0.004980991
N#CC(C(=N)Sc1ccc(N)cc1)c1ccccc1C(F)(F)F,4.9384585e-07
CCCC[C@H](NC(C)=O)C(=O)N[C@H]1CC(=O)NCCCC[C@@H](C(N)=O)NC(=O)[C@H](Cc2c[nH]c3ccccc23)NC(=O)[C@H](CCCNC(=N)N)NC(=O)[C@@H](Cc2ccccc2)NC(=O)[C@H](Cc2cnc[nH]2)NC1=O,0.017845938
COc1ccc2[nH]cc(CCNC(C)=O)c2c1,0.0028367902
C[N+](C)(C)NCCC(=O)O,0.00042099963
C=C1C[C@H]2[C@H]3C=C(C)C4=CC(=O)CC[C@]4(C)[C@@H]3CC[C@]2(C)[C@@]1(OC(C)=O)C(C)=O,1.6901125e-05
COC(=O)[C@@H](N)Cc1ccc(O)c(O)c1,0.0012070931
Cc1cnc(NC(=O)C2=C(O)c3ccccc3S(=O)(=O)N2C)s1,0.00016055208
CC1CCN(CCCC(=O)c2ccc(F)cc2)CC1,0.00066280446
N[C@@H](Cc1ccc(N(CCCl)CCCl)cc1)C(=O)O,0.00074642646
N[C@@H](Cc1ccc([N+]([O-])(CCCl)CCCl)cc1)C(=O)O,0.00018921665
CC(C)(C)NC[C@@H](O)c1ccc(O)cc1Cl,0.0013120932
C[C@]12C[C@@H]3C[C@](C)(C1)C[C@@](N)(C3)C2,0.00038644893
CC1=CC(=O)c2ccccc2C1=O,0.0022128853
C[C@@]1(S(=O)(=O)O)CC(=O)c2ccccc2C1=O,7.5784837e-06
CC(C)=CCC/C(C)=C/CC/C(C)=C/CC/C(C)=C/CC1=C(C)C(=O)c2ccccc2C1=O,0.0066952985
COc1ccc(C(=O)CCC(=O)O)c2ccccc12,0.0014280995
CCN(CC)CCC[C@@H](C)Nc1c2ccc(Cl)cc2nc2ccc(OC)cc12,0.008501365
C#CC(C)(O)CC,0.00074539933
CN1CCC[C@@H](CN2c3ccccc3Sc3ccccc32)C1,0.0015829471
C[N+]1(C)CCC[C@H](OC(=O)C(O)(c2ccccc2)c2ccccc2)C1,0.005596736
Cc1ccccc1OC[C@@H](O)CO,0.0030779482
CNC(C)(C)Cc1ccccc1,0.0137647
CC[C@@]1(c2ccccc2)NC(=O)N(C)C1=O,0.000477712
[O-][n+]1cccc(CO)c1,0.0049634273
Cc1cccc(C)c1NC(=O)[C@H]1CCCCN1C,0.0044968682
C[C@H]1C[C@H]2[C@@H]3CCC4=CC(=O)C=C[C@]4(C)[C@H]3C(=O)C[C@]2(C)[C@@]1(O)C(=O)CO,4.9080754e-06
CCCNC(C)(C)COC(=O)c1ccccc1,0.001757045
CC[C@@]1(c2cccc(O)c2)CCCCN(C)C1,0.001444753
COc1ccc(CN(CCN(C)C)c2ccccn2)cc1,0.0057463543
COc1ccc(O)cc1,0.0058064642
O=C(Nc1ccccc1)c1c(O)[nH]c(=S)[nH]c1=O,0.14864413
O=C(O)c1ccccc1-c1c2cc(Br)c(=O)cc-2oc2[c]([Hg][OH])c(O)c(Br)cc12,0.906042
S=c1nc[nH]c2nc[nH]c12,0.00322974
O=C(O)C[C@@H](S)C(=O)O,0.0013408375
CC(=O)Nc1ccc(C(=O)Nc2cc(-c3cccs3)ccc2N)cc1,0.0055107297
CC(C)C(=O)OC[C@H]1O[C@@H](n2ccc(N)nc2=O)[C@](C)(F)[C@@H]1OC(=O)C(C)C,1.0624079e-06
COc1cc(NC(=O)Nc2cccc(CNC(=O)O[C@H]3CCOC3)c2)ccc1-c1cnco1,0.0021595818
C[C@@H](O)[C@H]1C(=O)N2C(C(=O)O)=C(S[C@@H]3CN[C@H](C(=O)N(C)C)C3)[C@H](C)[C@H]12,0.5786535
COc1cc2cc(c1Cl)N(C)C(=O)C[C@H](OC(=O)[C@H](C)N(C)C(=O)CCS)[C@]1(C)O[C@H]1[C@H](C)[C@@H]1C[C@@](O)(NC(=O)O1)[C@H](OC)/C=C/C=C(\C)C2,0.012466361
Nc1ccc(O)c(C(=O)O)c1,0.005564437
O=S(=O)(O)CCS,0.00028937517
CN1CCCC[C@@H]1CCN1c2ccccc2Sc2ccc([S@@](C)=O)cc21,0.0007375768
CN(C)C(=O)Oc1ccc[n+](C)c1,0.0012551252
C#C[C@]1(O)CC[C@H]2[C@@H]3CCc4cc(OC)ccc4[C@H]3CC[C@@]21C,9.01207e-06
CN1C[C@@H](NS(=O)(=O)N(C)C)C[C@@H]2c3cccc4c3c(cn4C)C[C@H]21,6.842209e-06
CC(=O)Oc1cccc(C)c1,0.007627762
CC(=O)Nc1cccc(O)c1,0.0054950826
Cc1cccc(O)c1,0.005937215
CN1c2c([nH]c(N)nc2=O)NC[C@@H]1CNc1ccc(C(=O)N[C@@H](CCC(=O)O)C(=O)O)cc1,0.00041984196
Cc1c(N(C)CS(=O)(=O)O)c(=O)n(-c2ccccc2)n1C,0.00027143786
S=C=Nc1cccc(C2(N3CCCCC3)CCCCC2)c1,4.598347e-05
CC(C)NC[C@@H](O)c1cc(O)cc(O)c1,0.0018155065
C[C@H](N)[C@H](O)c1cccc(O)c1,0.0038997394
Nc1nccc(Oc2ccc(NC(=O)c3c[nH]cc(-c4ccc(F)cc4)c3=O)cc2F)c1Cl,0.21525003
Cc1cc(C)cc(OC[C@H]2CNC(=O)O2)c1,0.0020019829
COc1cc2nc(N3CCN(C(=O)[C@H](C)OC)CC3)nc(N)c2cc1OC,0.0007164952
CSCC[C@@H](NC(=O)[C@@H](Cc1ccccc1)NC(=O)CNC(=O)CNC(=O)[C@@H](N)Cc1ccc(O)cc1)C(=O)O,0.0009099841
CN1C[C@H](CNC(=O)OCc2ccccc2)C[C@@H]2c3cccc4c3c(cn4C)C[C@H]21,0.00037555097
CN(C)C(=N)N=C(N)N,0.0005540396
CC(=O)O[C@@H](C)C[N+](C)(C)C,0.0032942474
C=C1c2cccc(O)c2C(=O)[C@@H]2C(=O)[C@]3(O)C(=O)[C@@H](C(N)=O)C(=O)[C@@H](N(C)C)[C@@H]3[C@@H](O)[C@H]12,1.3522765e-05
CS(=O)(=O)F,8.03428e-05
CC[N+](C)(CC)CCOC(=O)C1c2ccccc2Oc2ccccc21,0.0014479684
CN(C)CCN(Cc1cccs1)c1ccccn1,0.0039062556
CCC1(CC)C(=O)NC(=O)N(C)C1=O,0.0002116933
CC(=O)N=c1sc(S(N)(=O)=O)nn1C,5.044406e-05
C1N2CN3CN1CN(C2)C3,2.6465125e-06
COC(=O)Nc1nc2ccc(SC(C)C)cc2[nH]1,0.003607075
COc1cccc(OC)c1C(=O)N[C@@H]1C(=O)N2[C@@H]1SC(C)(C)[C@@H]2C(=O)O,0.93017834
Cn1cc[nH]c1=S,0.004074228
CSCC[C@@H](N)C(=O)O,0.00064963853
CC(=O)SCCC(=O)N1[C@H](C)CCC[C@@H]1C(=O)O,0.0010623594
COc1ccccc1OC[C@@H](O)COC(N)=O,0.0011565738
COC(C)(C)CCC[C@H](C)C/C=C/C(C)=C/C(=O)OC(C)C,0.013283228
CN(Cc1cnc2nc(N)nc(N)c2n1)c1ccc(C(=O)N[C@@H](CCC(=O)O)C(=O)O)cc1,0.000182336
COc1ccc(OC)c(C(O)C(C)N)c1,0.003948187
COc1c2occc2cc2ccc(=O)oc12,0.006507308
CON,0.0032025566
COC(F)(F)C(Cl)Cl,5.930902e-05
CN[C@@H](C)Cc1ccccc1OC,0.007311619
C[N+]1(C)[C@@H]2C[C@@H](OC(=O)[C@H](CO)c3ccccc3)C[C@H]1[C@@H]1O[C@@H]12,0.0010580915
CN1C(=O)C[C@](C)(c2ccccc2)C1=O,0.0015358612
CN1[C@@H](CCl)Nc2cc(Cl)c(S(N)(=O)=O)cc2S1(=O)=O,2.6544594e-06
COC(=O)CCC(=O)CN,0.00062802096
COC(=O)c1cccnc1,0.0034656457
COC(=O)c1ccccc1O,0.0030146241
C[N+]1(C)[C@@H]2CC[C@H]1C[C@@H](OC(=O)[C@@H](CO)c1ccccc1)C2,0.00040608444
CC[N+](C)(CC)CCOC(=O)C(O)(c1ccccc1)c1ccccc1,0.0017267213
Cc1cc(C(C)(C)CC(C)(C)C)ccc1OCCOCC[N+](C)(C)Cc1ccccc1,0.8718059
[CH3][Co+][N]1/C2=C(/C)C3=N/C(=C/C4=N/C(=C(/C)C5=N[C@@](C)([C@@H]1[C@H](CC(N)=O)[C@@]2(C)CCC(=O)NC[C@@H](C)OP(=O)(O)O[C@H]1[C@@H](O)[C@@H](n2cnc6cc(C)c(C)cc62)O[C@@H]1CO)[C@@](C)(CC(N)=O)[C@@H]5CCC(N)=O)[C@@](C)(CC(N)=O)[C@@H]4CCC(N)=O)C(C)(C)[C@@H]3CCC(N)=O,6.7119615e-10
C[C@](N)(Cc1ccc(O)c(O)c1)C(=O)O,0.001040101
CCOC(=O)[C@@](C)(N)Cc1ccc(O)c(O)c1,0.00041655265
CN(C)c1ccc2nc3ccc(=[N+](C)C)cc-3sc2c1,0.005584057
CC[C@@H](CO)NC(=O)[C@@H]1C=C2c3cccc4[nH]cc(c34)C[C@H]2N(C)C1,0.0010333094
CCN1C[C@]2(COC(=O)c3ccccc3N3C(=O)C[C@H](C)C3=O)CC[C@H](OC)[C@@]34[C@@H]5C[C@H]6[C@H](OC)[C@@H]5[C@](O)(C[C@@H]6OC)[C@@](O)([C@@H](OC)[C@H]23)[C@@H]14,6.194699e-08
C[N@+]1(CC2CC2)CC[C@]23c4c5ccc(O)c4O[C@H]2C(=O)CC[C@@]3(O)[C@H]1C5,1.8125317e-06
COC(=O)c1ccc(O)cc1,0.0031489192
C[C@H]1C[C@@H]2[C@H]([C@@H](O)C[C@@]3(C)[C@H]2CC[C@]3(O)C(=O)CO)[C@@]2(C)C=CC(=O)C=C12,7.294918e-06
CCC(=O)O[C@]1(C(=O)COC(C)=O)CC[C@H]2[C@@H]3C[C@H](C)C4=CC(=O)C=C[C@]4(C)[C@H]3[C@@H](O)C[C@@]21C,4.7045023e-06
C[C@H]1C[C@@H]2[C@H]([C@@H](O)C[C@@]3(C)[C@H]2CC[C@]3(O)C(=O)COC(=O)CCC(=O)O)[C@@]2(C)C=CC(=O)C=C12,8.838924e-07
Cc1cc(=O)[nH]c(=S)[nH]1,0.005795269
CC[C@@H](CO)NC(=O)[C@@H]1C=C2c3cccc4c3c(cn4C)C[C@H]2N(C)C1,0.0011431217
Cc1cc2c(cc1S(N)(=O)=O)S(=O)(=O)CCC2,8.536921e-05
CC(=O)Oc1c(C)cc(OC[C@H](O)CNC(C)C)c(C)c1C,0.0016555695
C[C@](N)(Cc1ccc(O)cc1)C(=O)O,0.0014983874
CSc1ccc2c(c1)[C@H](N1CCN(C)CC1)Cc1ccccc1S2,0.00027537756
CN1CCC[C@@H](CC2c3ccccc3Sc3ccccc32)C1,0.0011401676
CCN(CC)CCNC(=O)c1cc(Cl)c(N)cc1OC,0.00067651627
COc1ccc2cc1Oc1cc3c(cc1OC)CC[N+](C)(C)[C@H]3Cc1ccc(cc1)Oc1c(OC)c(OC)cc3c1[C@@H](C2)[N+](C)(C)CC3,0.009424066
Cc1ccccc1N1C(=O)c2cc(S(N)(=O)=O)c(Cl)cc2N[C@@H]1C,0.0008978516
COCCc1ccc(OC[C@@H](O)CNC(C)C)cc1,0.0024404505
COc1ccccc1OC(=O)[C@@H](C)c1ccc(CC(C)C)cc1,0.0061915433
COP(=O)(OC)[C@@H](O)C(Cl)(Cl)Cl,2.5895147e-06
CC(=O)Nc1c(I)c(C(=O)N[C@@H]2[C@@H](O)[C@H](O)[C@@H](CO)O[C@@H]2O)c(I)c(N(C)C(C)=O)c1I,0.0007340816
CC(=O)Nc1c(I)c(C(=O)O)c(I)c(N(C)C(C)=O)c1I,0.004050731
Cc1ncc([N+](=O)[O-])n1CCO,0.8661982
CC(C)(C(=O)c1cccnc1)c1cccnc1,0.002954601
CC[C@H](C)C(=O)O[C@H]1CCC=C2C=C[C@H](C)[C@H](CC[C@@H]3C[C@@H](O)CC(=O)O3)[C@H]21,0.0002443819
COc1ccc(C(=O)c2ccc(C)cc2)c(O)c1,0.007411705
Cc1cccc(C)c1OC[C@@H](C)N,0.005801943
CC1(C)S[C@H]2[C@@H](NC(=O)[C@@H](NC(=O)N3CCN(S(C)(=O)=O)C3=O)c3ccccc3)C(=O)N2[C@@H]1C(=O)O,0.03512237
C[C@@H](NC(=O)CCc1nc(=O)c2ccccc2[nH]1)c1ccccc1,0.0041886694
O=C1C[C@@H](c2ccc(O)cc2)Oc2cc(O)ccc21,0.0021558683
CC(C)C[C@@H](C=O)NC(=O)[C@H](CC(C)C)NC(=O)[C@H](CC(C)C)NC(=O)OCc1ccccc1,0.00023454962
CC[N+](CC)(CC)CCOc1ccc(/C=C/c2ccccc2)cc1,0.00090597983
Cn1cnc(-c2cc3nccc(Oc4ccc(NC(=S)NC(=O)Cc5ccccc5)cc4F)c3s2)c1,0.13473482
CC(=O)NCCNc1cc(Cl)nn2c(-c3cccc(S(=O)(=O)N(C)C)c3)c(C)nc12,3.6428755e-05
CN1CCN2c3ccccc3Cc3ccccc3C2C1,0.00068588805
CC(C)S(=O)(=O)NC[C@H](C)c1ccc(-c2ccc(CCNS(C)(=O)=O)cc2)cc1,1.4386044e-05
COCC(=O)O[C@]1(CCN(C)CCCc2nc3ccccc3[nH]2)CCc2cc(F)ccc2[C@@H]1C(C)C,0.0039160624
CCCCCOc1ccc(-c2cc(-c3ccc(C(=O)N[C@H]4C[C@@H](O)[C@@H](O)NC(=O)[C@@H]5[C@@H](O)[C@@H](C)CN5C(=O)[C@H]([C@H](O)CC(N)=O)NC(=O)[C@H]([C@H](O)[C@@H](O)c5ccc(O)c(OS(=O)(=O)O)c5)NC(=O)[C@@H]5C[C@@H](O)CN5C(=O)[C@H]([C@@H](C)O)NC4=O)cc3)no2)cc1,0.01122074
Clc1ccc(CO[C@@H](Cn2ccnc2)c2ccc(Cl)cc2Cl)c(Cl)c1,0.8760303
CNC[C@@H]1CC[C@@H](N)[C@@H](O[C@H]2[C@H](O)[C@@H](O[C@H]3OC[C@](C)(O)[C@H](NC)[C@H]3O)[C@H](N)C[C@@H]2N)O1,2.1167014e-05
O=C(O)[C@H]1CN(C/C=C/P(=O)(O)O)CCN1,8.456588e-06
CCC(=O)O[C@@H]1CC(=O)O[C@H](C)C/C=C/C=C/[C@H](O)[C@H](C)C[C@H](CC=O)[C@H](O[C@@H]2O[C@H](C)[C@@H](O[C@H]3C[C@@](C)(O)[C@@H](OC(=O)CC)[C@H](C)O3)[C@H](N(C)C)[C@H]2O)[C@H]1OC,0.00035441288
COc1ccc(OC)c([C@@H](O)CNC(=O)CN)c1,0.0011549895
CO[C@@H]1[C@H](N(C)C(=O)c2ccccc2)C[C@H]2O[C@]1(C)n1c3ccccc3c3c4c(c5c6ccccc6n2c5c31)C(=O)NC4,0.032444235
CC#C[C@]1(O)CC[C@H]2[C@@H]3CCC4=CC(=O)CCC4=C3[C@@H](c3ccc(N(C)C)cc3)C[C@@]21C,6.4002356e-06
COP(=O)(OC)O[C@@H](c1ccc(Cl)cc1)P(=O)(OC)OC,1.5348937e-07
OCCN1C[C@H](O)[C@@H](O)[C@H](O)[C@H]1CO,4.0971125e-05
CCCCN1C[C@H](O)[C@@H](O)[C@H](O)[C@H]1CO,6.35754e-05
CCCCCNCC(N)=O,0.003893317
CC1(C)CCC2(CC1)N[C@@H](C(=O)N[C@@H]1CC[C@@H](C(N)=O)OC1)[C@H](c1ccnc(Cl)c1F)[C@]21C(=O)Nc2cc(Cl)ccc21,0.000759596
CCN(CC)C(=O)[C@@]1(c2ccccc2)C[C@H]1CN,0.00012236462
Cc1[nH]c(=O)c(C#N)cc1-c1ccncc1,0.002872669
CCCCCCCCCCCCCCCCOP(=O)(O)OCC[N+](C)(C)C,0.00035639087
N[C@@H](Cn1ccc(=O)c(O)c1)C(=O)O,0.0026243972
Cc1cc(-c2ccccc2)nnc1NCCN1CCOCC1,0.00054596545
CCCCCCCC/C=C\CCCCCC[C@@H](O)C(=O)O,0.011799874
CN(C)c1ccc(O)c2c1C[C@H]1C[C@H]3[C@H](N(C)C)C(=O)[C@@H](C(N)=O)C(=O)[C@@]3(O)C(=O)[C@H]1C2=O,2.0505264e-05
O=P(O)(O)C(O)(Cc1cnc2ccccn12)P(=O)(O)O,1.4535597e-08
Nc1cc(N2CCCCC2)nc(N)[n+]1[O-],0.007955918
CCC(=O)O[C@@H]1CC(=O)O[C@H](C)C/C=C/C=C/[C@H](OC(C)=O)[C@H](C)C[C@H](CC=O)[C@H](O[C@@H]2O[C@H](C)[C@@H](O[C@H]3C[C@@](C)(OC(C)=O)[C@@H](OC(=O)CC)[C@H](C)O3)[C@H](N(C)C)[C@H]2O)[C@H]1OC,0.0007645422
CCC(=O)OCN1C(=O)C=CC1=O,0.0007589405
Nc1nc(CC(=O)Nc2ccc(CCNC[C@H](O)c3ccccc3)cc2)cs1,0.005591322
O=C(O)[C@H]1CCCN1C(=O)CCCCC(=O)N1CCC[C@@H]1C(=O)O,6.375772e-05
NC1=NC(=O)/C(=C/c2ccc(O)cc2)S1,0.0033580572
CCCCCCCCCCCCCC(=O)O,0.02053086
CCCOc1ccc(S(=O)(=O)N2CCN(CCO)CC2)cc1-c1nc2c(CCC)cn(CC)c2c(=O)[nH]1,4.1612443e-06
CCC1=C[C@@H]2[C@H](C1)C[C@]2(CN)CC(=O)O,0.000117016374
CN1CCN2c3ncccc3Cc3ccccc3[C@@H]2C1,0.0007457504
COC[C@@H](O)Cn1ccnc1[N+](=O)[O-],0.048791166
CCCCC(C)(O)C/C=C/[C@H]1[C@H](O)CC(=O)[C@@H]1CCCCCCC(=O)OC,0.0063156905
O=C(c1ccc(NS(=O)(=O)c2cccc3cccnc23)cc1)N1CCN(CC2CC2)CC1,1.1290187e-05
O=C(O)[C@H](CC(=O)N1C[C@H]2CCCC[C@H]2C1)Cc1ccccc1,2.7364516e-05
O=C(O)Cc1cccc2c(=O)cc(-c3ccccc3)oc12,0.0069358917
CO[C@@]12[C@H](COC(N)=O)C3=C(C(=O)C(C)=C(N)C3=O)N1C[C@@H]1N[C@@H]12,4.8939855e-05
COC1=C(OC)C(=O)C(CCCCCCCCCC[P+](c2ccccc2)(c2ccccc2)c2ccccc2)=C(C)C1=O,0.46262336
Clc1ccc([C@@H](c2ccccc2Cl)C(Cl)Cl)cc1,0.004709977
O=C1c2c(O)ccc(O)c2C(=O)c2c(NCCNCCO)ccc(NCCNCCO)c21,0.055689733
COc1cc2c(cc1OC)[C@@H](Cc1cc(OC)c(OC)c(OC)c1)[N@@+](C)(CCCOC(=O)CC/C=C/CCC(=O)OCCC[N@+]1(C)CCc3cc(OC)c(OC)cc3[C@H]1Cc1cc(OC)c(OC)c(OC)c1)CC2,0.0003272297
CCS(=O)(=O)Nc1ccc(Oc2ccc(F)cc2F)c(-c2cn(C)c(=O)c3[nH]ccc23)c1,0.04705121
CCOC(=O)Nc1cc2c(c(N)n1)NC(c1ccccc1)C(C)=N2,0.0010401575
Nc1ncnc2c1ncn2[C@@H]1O[C@@H]2CO[P@@](=O)(S)O[C@@H]3[C@H](O)[C@@H](CO[P@@](=O)(S)O[C@H]2[C@H]1O)O[C@H]3n1cnc2c(N)ncnc21,1.2858667e-10
CN(c1nc(=O)cc[nH]1)C1CCN(c2nc3ccccc3n2Cc2ccc(F)cc2)CC1,0.0018793413
NC(=O)C1N=CN([C@@H]2O[C@H](CO)[C@@H](O)[C@H]2O)C1=O,0.00064985926
Cc1c(C(=O)NCc2cccnc2)nn(-c2ccc(Cl)cc2Cl)c1-c1ccc(Cl)cc1,0.54215205
C1Cc2[nH]nc(-c3nn[nH]n3)c2C1,0.00063369685
O=C1O[C@]2(CC[C@@H](C(=O)Nc3ccn(-c4ccccc4F)n3)CC2)c2cnccc21,0.00062522694
C[C@@]1(O)[C@H](O)[C@@H](CO)O[C@H]1n1ccc2c(N)ncnc21,0.0003252944
O=C(O)CC[C@H]1CC[C@@](c2cc(F)ccc2F)(S(=O)(=O)c2ccc(Cl)cc2)CC1,0.0016488589
CN1C(=O)C(F)=C[C@]2(C)[C@H]3CC[C@]4(C)[C@@H](C(=O)NCc5nc6ncccc6[nH]5)CC[C@H]4[C@@H]3CC[C@@H]12,0.00026499145
CO[C@@H]1COCC[C@@H]1N[C@@H]1CC[C@@](C(=O)N2CCc3ncc(C(F)(F)F)cc3C2)(C(C)C)C1,3.3332832e-09
COc1ccc2cc(-c3cc(-c4cc(Cl)cc(Cl)c4)nn3[C@@H](C)c3ccc(C(=O)NCCC(=O)O)cc3)ccc2c1,0.2041027
COc1ccc(CNC(=O)c2cc(-c3cncc(Cl)c3)cnc2-c2ccccn2)nc1OC,0.007820439
C=CCn1c(=O)c2cnc(Nc3ccc(N4CCN(C)CC4)cc3)nc2n1-c1cccc(C(C)(C)O)n1,0.0029120122
O=C(O)c1n[nH]c2c1C[C@H]1C[C@@H]21,0.0030151457
CCN1C[C@H](C)n2c(c(O)c3c(=O)n(Cc4ccc(F)c(Cl)c4)nc(C(=O)NC)c32)C1=O,0.43405595
NC1(c2ccc(-c3nc4ccn5c(=O)[nH]nc5c4cc3-c3ccccc3)cc2)CCC1,0.0011810333
FC(F)(F)c1ccc(Nc2ncnc3cc(-c4ncccc4C(F)(F)F)ccc23)cc1,1.4791206e-10
CN(C[C@@H]1COCCO1)S(=O)(=O)Nc1ccc2ccc3ncc(-c4cnn(C)c4)cc3c(=O)c2c1,4.9482253e-05
Cc1sc(C)c(C(=O)NC2(c3ccc(C(=O)O)cc3)CC2)c1Cc1ccc(C(F)(F)F)cc1,4.0079763e-07
O=C(CN1C(=O)C2(CCCC2)NC[C@H]1c1cc(F)cc(F)c1)Nc1ccc2c(c1)C[C@@]1(C2)C(=O)Nc2ncccc21,0.0015250448
COc1ccc(CNC(=O)c2cc(-c3cncc(C)c3)ncc2-c2nccs2)nc1OC,0.006276127
COc1cc(C(=O)N2CCC3(CC2)CC(=O)c2cc(-c4cncc(C(=O)O)c4)ccc2O3)cc2c1c(C)cn2C1CC1,0.00022460923
O[C@@](Cc1ncc(CC2(C(F)(F)F)CC2)[nH]1)(c1ccc(-n2cccn2)cc1)C(F)(F)F,1.4183463e-14
O=C(O)[C@]1(Cc2cccc(Nc3nccs3)n2)CC[C@@H](Oc2cccc(Cl)c2F)CC1,0.0009200628
CN(C)C(=O)CCS[C@@H](SCCC(=O)O)c1cccc(/C=C/c2ccc3ccc(Cl)cc3n2)c1,0.002652334
Cc1ccc(-c2ncccn2)c(C(=O)N2C[C@H](COc3ccc(F)cn3)CC[C@H]2C)c1,0.00761603
CN([C@@H]1CCc2c(CC(=O)O)c3ccccc3n2C1)S(=O)(=O)c1ccc(F)cc1,8.5550695e-05
Cc1ccc(Cc2cc3c(=O)n([C@H]4CCCC[C@@H]4O)cnc3c3ccccc23)cn1,0.012650314
Cn1cc(-c2cnc3ccc4ccc(CS(=O)(=O)NCc5ccccn5)cc4c(=O)c3c2)cn1,0.0016932517
O=C(O)Cn1nnc(-c2cc(N3CCC(Oc4cc(F)ccc4Br)CC3)no2)n1,0.006271368
COc1ccc(C(NC(=O)c2cnc(-c3cccnn3)nc2O)c2ccc(OC)cc2)cc1,0.07569448
O=C(c1cccc(Cl)c1F)N1CCN(Cc2cccc(Nc3nccs3)n2)CC1,0.0013195059
CC(C)c1ccc2c(c1)c(SC(C)(C)C)c(CC(C)(C)C(=O)O)n2Cc1ccc(Cl)cc1,0.0009564032
CC(C)c1ccc(CC(=O)N[C@H](C)c2ccc(OCC(F)(F)F)cn2)cc1,2.5619418e-06
CCn1c(=O)/c(=C2\Sc3ccccc3N2C)s/c1=C/c1cccc[n+]1CC,0.011492825
O=C(c1ccc(-c2ccc(Cl)cc2)o1)N(Cc1ccccn1)c1ccc(N2CCNCC2)cc1,0.012963691
CC(C)n1nc(-c2ccc3oc(N)nc3c2)c2c(N)ncnc21,0.0009831402
Nc1nc2cc(-c3ccc4ncc(C(=O)N5CCOCC5)n4c3)ccc2o1,0.0005525982
C[C@@H](NC(=O)c1ncnc(N)c1Cl)c1ncc(C(=O)Nc2cc(C(F)(F)F)c(Cl)cn2)s1,2.6602834e-06
O=C(O)c1ccc(Nc2ncc3c(n2)-c2ccc(Cl)cc2C(c2c(F)cccc2F)=NC3)cc1,0.46544805
CC(C)C[C@H](NC(=O)CNC(=O)c1cc(Cl)ccc1Cl)B1OC(=O)C(CC(=O)O)(CC(=O)O)O1,0.0003915383
COc1cc(N)c(Cl)cc1C(=O)OCCN1CCCCC1,0.0003361718
Cc1ccc(S(=O)(=O)n2c(N)nc3ccccc32)cc1,0.0008583434
COc1ccc(CNCc2cccc3ccccc23)cc1,0.0068448153
COc1ccc([C@H]2CC(c3ccccc3)=NN2c2ccc(S(N)(=O)=O)cc2)cc1,0.001523193
CCCC(=O)Nc1cccc(NC(=O)c2ccccc2Br)c1,0.004883271
Cc1ccc(CNc2ncnc3ccc(-c4ccc(CO)o4)cc23)o1,0.004104466
O=c1cc(N2CCN(c3cccc(C(F)(F)F)c3)CC2)[nH]c(=O)n1C1CCCCC1,1.4279769e-06
Cc1cc(C)c2nc(-c3ccccn3)cc(C(=O)Nc3ccc(S(=O)(=O)Nc4onc(C)c4C)cc3)c2c1,0.0023063528
Cc1cc(N2CCCCC2)nc2ccccc12,0.001789919
Cc1cc(C)c(NC(=O)[C@@H]2C[C@H]3CC[C@@H]2C3)c(C)c1,0.0006828724
CC(C)(C)CCN1C[C@@H]2[C@@H](CNC(=O)c3cc(Cl)cc(Cl)c3)[C@@H]2C1,0.012070412
c1ccc(-c2ccc(CNc3nc(-c4ccccn4)nnc3-c3ccccc3)cc2)cc1,0.008356443
COc1ccc(-c2csc(NC(=O)[C@H]3CCCCN3S(=O)(=O)c3ccc(C)cc3)n2)cc1,0.00060451205
CC(C)c1ccc(NC(=O)c2cccs2)c(-c2nc3ccccc3[nH]c2=O)c1,0.008939293
Cc1cc(NC(=O)Nc2ccc(F)c(F)c2)n(-c2ccccc2)n1,0.85047185
O=C(NCCN1CCC2(CC1)C(=O)NCN2c1cccc(F)c1)c1ccc(F)c(F)c1,0.0010862496
COc1cc2nc(C3CC3)nc(N3CCN(c4ccccc4OC)CC3)c2cc1OC,0.0010861167
Cc1cnc(-c2ccccc2C(C)C)nc1NCc1ccc(-n2ccnn2)cc1,0.011949224
CN(C)CCCNC(=O)c1ccc(-c2cc(O)c3ncccc3c2)cc1,0.0038653845
CSc1nc(-c2ccnc(N[C@@H](C)c3ccccc3)c2)c(-c2ccc(F)cc2)[nH]1,0.009529463
COc1ccc(-c2cnc3c(-c4cccc5ncccc45)cnn3c2)cc1,0.005013511
O=C(CN1CCN(C(=O)c2ccco2)CC1)Nc1cc(C(F)(F)F)ccc1Cl,2.1394307e-08
COc1ccccc1C(=O)Nc1cccc(NC(=O)c2cccc(C)c2)c1,0.011602331
CC(C)(N)c1cc(C(=O)N[C@@H]2CCc3ccc(Oc4ccnc5c4CCC(=O)N5)cc3C2)cc(C(F)(F)F)c1,2.158783e-07
O=S(=O)(c1cccc2c(Cl)cccc12)N1CCCNCC1,4.5536744e-05
CCC(CC)(NC(=O)C(C)C)C(=O)N[C@@H](CCCNC(=N)N)C(=O)NC1(C(=O)NC(c2ccc(F)cc2)c2ccc(F)cc2)CCCC1,0.00023240744
CC1(C)CCC(C)(C)c2cc(C3(c4ccc5cc(C(=O)O)ccc5c4)SCCS3)ccc21,0.0015337814
O=S(=O)(Nc1cc(Sc2ccccc2)c(O)c2ccccc12)c1c(F)c(F)c(F)c(F)c1F,0.9678344
COCc1nc2c([nH]1)c(=O)n(C)c(=O)n2CC(C)C,0.002078636
CS(=O)(=O)c1ccc(-c2cnc(N)c(-c3ccc(C(F)(F)F)nc3)c2)cc1,6.3716396e-07
COc1ccccc1N1CCN(CCCCN2C(=O)CCC2=O)CC1,7.7239674e-05
CC(C)c1ccc(-c2cc(=O)c3ccccc3o2)cc1,0.013370664
Cn1cnnc1Sc1c([N+](=O)[O-])ncn1C,0.01547197
Nc1ccccc1NC(=O)c1ccc(CNc2nccc(-c3cccnc3)n2)cc1,0.007763518
O=C(NCCN1CCOCC1)c1ccc(Cl)cc1,0.00063250633
Cc1nccnc1N1CCCCC1,0.0010439716
CCOC(=O)[C@H](CCc1ccccc1)N[C@@H](C)C(=O)N1Cc2cc(OC)c(OC)cc2C[C@H]1C(=O)O,0.0003621261
NC/C(=C/F)CCc1ccc(F)cc1,0.0018847847
COc1ccc(-c2noc(CC(=O)O)c2-c2ccc(OC)cc2)cc1,0.006018248
CCOC(=O)CC(=O)N1CCS[C@@H]1COc1ccccc1OC,0.00025065377
O=c1c(-n2ccnn2)c[nH]n1-c1cc(N2CCOCC2)ncn1,0.0034907334
CCc1c(C)[nH]c2c1C(=O)[C@H](CN1CCOCC1)CC2,0.00027974063
CCOC(=O)Nc1c[n+](N2CCOCC2)no1,0.0017051395
C[C@@H]1C[C@H]2[C@@H]3CCC4=CC(=O)C=C[C@]4(C)[C@@]3(Cl)[C@@H](O)C[C@]2(C)[C@@]1(O)C(=O)CCl,1.1852139e-06
C[C@@H]1C[C@H]2[C@@H]3CCC4=CC(=O)C=C[C@]4(C)[C@@]3(Cl)[C@@H](O)C[C@]2(C)[C@@]1(OC(=O)c1ccco1)C(=O)CCl,8.8121675e-07
CCOC(=O)C1=C(C)NC(=S)N[C@@H]1c1cccc(O)c1,0.0002233205
CC[C@@]1([C@@H]2O[C@@H]([C@H]3O[C@@](O)(CO)[C@H](C)C[C@@H]3C)C[C@@H]2C)CC[C@H]([C@]2(C)CC[C@]3(C[C@H](O)[C@@H](C)[C@@H]([C@@H](C)[C@@H](OC)[C@H](C)C(=O)O)O3)O2)O1,0.003154059
C[C@](C#N)(COc1cc(C#N)ccc1C(F)(F)F)NC(=O)c1ccc(SC(F)(F)F)cc1,2.203962e-11
Oc1ccc(OCc2ccccc2)cc1,0.0054411064
C[C@H]1C(=O)O[C@@H]2CCN3CC=C(COC(=O)[C@](C)(O)[C@]1(C)O)[C@H]23,1.5629576e-05
CCCCCCCC(=O)OC[C@@H](O)CO,0.0014663697
COC(=O)/C=C/C(=O)O,0.001635205
Nc1cccc2c(=O)[nH][nH]c(=O)c12,0.009170177
CCCCCCCCCCCCCCCCCC(=O)OC[C@@H](O)CO,0.03491202
CC(C)(O)c1ccccc1CC[C@@H](SCC1(CC(=O)O)CC1)c1cccc(/C=C/c2ccc3ccc(Cl)cc3n2)c1,0.003621214
COc1ccccc1OC[C@@H](O)CNC(C)C,0.0022124324
CCOC(=O)Nc1ccc2c(c1)N(C(=O)CCN1CCOCC1)c1ccccc1S2,0.00026202362
Cc1ccsc1/C=C/C1=NCCCN1C,0.0027178337
O=c1c(O)c(-c2ccc(O)cc2O)oc2cc(O)cc(O)c12,0.02181516
Cc1ncc([N+](=O)[O-])n1C[C@@H](O)CN1CCOCC1,0.39150432
O=C(OCCN1CCOCC1)c1cccnc1Nc1cccc(C(F)(F)F)c1,4.0068898e-08
N=C(N)/N=C(\N)N1CCOCC1,0.000716655
CCOC(=O)C1=C(CN2CCOCC2)NC(c2nccs2)=N[C@@H]1c1ccc(F)cc1Br,0.00030537398
CCOc1cc(N)c(Cl)cc1C(=O)NC[C@H]1CN(Cc2ccc(F)cc2)CCO1,0.0011881703
CC1=C(c2cc(-n3ccnc3)cs2)NNC(=O)C1,0.0014535873
CC1(C)CNc2cc(NC(=O)c3cccnc3NCc3ccncc3)ccc21,0.008441187
CCCN(CCC)C(=O)C1=Cc2ccc(-c3ccc(C(=O)N4CCCC4)cc3)cc2N=C(N)C1,1.8638606e-05
CO[C@@]1(NC(=O)[C@@H](C(=O)O)c2ccc(O)cc2)C(=O)N2C(C(=O)O)=C(CSc3nnnn3C)CO[C@@H]21,0.08231523
CCc1cc2cc(OC)c(OC)cc2c(Cc2ccccc2)n1,0.0069571547
CO/N=C1\C[C@]2(C[C@@H]3C[C@@H](C/C=C(\C)C[C@@H](C)/C=C/C=C4\CO[C@@H]5[C@H](O)C(C)=C[C@@H](C(=O)O3)[C@]45O)O2)O[C@H](/C(C)=C/C(C)C)[C@H]1C,3.999102e-06
COc1c(N2C[C@@H]3CCCN[C@@H]3C2)c(F)cc2c(=O)c(C(=O)O)cn(C3CC3)c12,0.7581596
CC(=O)Oc1cc(C(C)C)c(OCCN(C)C)cc1C,0.0021780252
COc1nc(C)nc(Cl)c1NC1=NCCN1,0.0015723874
Cc1ccccc1C(=O)Nc1ccc(C(=O)N2CCC[C@H](N(C)C)c3ccccc32)cc1,0.0031854997
Cc1cccc(C#Cc2ccccc2)n1,0.009024283
Cc1cc(N2CCOCC2)ccc1Nc1nc(NC2CCCCC2)c2[nH]cnc2n1,0.00048354175
CC(C)CNc1nc(-c2cccc3ncccc23)cn2c(-c3ccc(C(=O)NC4CC4)cc3)cnc12,0.0015866902
COc1cc(N2CCC(O)CC2)ccc1Nc1cc(Nc2ccccc2S(=O)(=O)C(C)C)c2cc[nH]c2n1,0.00032152174
COc1cc(S(C)(=O)=O)ccc1Nc1nc2ccc(-c3ccc(NC(=O)[C@H](C)c4ccc(F)cc4)cc3)cn2n1,0.0018412687
O=C(NCCCN1CCCCCC1)[C@H](c1ccccc1)C1CCCCC1,4.0142895e-05
OCCc1ccc(OCCn2ccnc2)cc1,0.004365183
Cc1cc(-c2nncc3c(C(C)(C)C)c(OCc4ncnn4C)nn23)no1,0.000105095416
Cn1ncnc1COc1nn2c(-c3c(F)cccc3F)nnc2cc1C1CCC1,0.003122164
O=S(=O)(N[C@H]1CC[C@@](c2cc(F)ccc2F)(S(=O)(=O)c2ccc(Cl)cc2)CC1)C(F)(F)F,2.4583327e-10
O=C(Cc1ccccc1)Nc1nc2ccc(Cl)cc2c2nc(-c3ccco3)nn12,0.0064662276
CCOC(=O)C1=C(C)NC(c2ccccc2)=C(C(=O)OCc2ccc([N+](=O)[O-])cc2)[C@@H]1C#Cc1ccccc1,0.0001979806
C#CCN1C(C)=C(C(=O)OC)[C@H](c2cccc([N+](=O)[O-])c2)C(C(=O)OCC)=C1C,6.749396e-05
S=C=Nc1cccc(NC(=S)NCCCCNC(=S)Nc2cccc(N=C=S)c2)c1,0.0034936036
c1ccc(Oc2nc(NC3CCCCC3)c3[nH]cnc3n2)cc1,0.00083204184
CN1CCN(Cc2ccc(-c3cn([C@H]4CC[C@H](O)CC4)c4nc(NCCC5CC5)ncc34)cc2)CC1,9.728772e-05
C[C@@H]1C=CNN1C(=O)c1cccnc1,0.0021659124
CCc1ccc(C(=O)COc2ccc(C[C@@H]3SC(=O)NC3=O)cc2)nc1,0.016698338
COc1cccc(C(=O)COc2ccc(Cc3sc(O)nc3O)cc2)c1,0.0092799915
c1cnc(NCc2ccc(CNc3ncccn3)cc2)nc1,0.0050622458
C[C@@](N)(C(=O)O)c1ccc(-c2nn[nH]n2)cc1,0.00063227944
FC(F)(F)c1ccc(/C=C/c2nc(COc3ccc(CCCCn4ccnn4)cc3)co2)cc1,1.1685095e-06
C/C(=C\C(=O)OCCCCCCCCC(=O)O)C[C@@H]1OC[C@H](C[C@@H]2O[C@H]2[C@@H](C)[C@H](C)O)[C@@H](O)[C@H]1O,0.0014735745
NCc1cc(=O)[nH]o1,0.004388249
CCc1cc(O)c(Oc2ccc(C(N)=O)cc2F)cc1F,0.03218394
Clc1cccc(Nc2nnc(-c3ccccc3)c3ccccc23)c1,0.0119763175
COc1c(C)c2c(c(O)c1C/C=C(\C)CCC(=O)OCCN1CCOCC1)C(=O)OC2,0.00022828371
COc1c(C)c2c(c(O)c1C/C=C(\C)CCC(=O)O)C(=O)OC2,0.0020369978
O=c1c(O)c(-c2cc(O)c(O)c(O)c2)oc2cc(O)cc(O)c12,0.028077476
C[C@@H]1O[C@@H](Oc2c(-c3cc(O)c(O)c(O)c3)oc3cc(O)cc(O)c3c2=O)[C@H](O)[C@H](O)[C@H]1O,0.004476909
CCCCCCCCCCCCCCOC(=O)c1cccnc1,0.12954716
COc1cc(CN(CCN)C(=O)c2cccs2)ccc1OCc1ccccc1,0.0030588477
CCCCCc1ccc(/C=C/C(=O)Nc2ccccc2C(=O)O)cc1,0.007984727
CC(=NNC(=S)NNC(=S)Nc1ccccc1Cl)c1ccccn1,0.46968186
O=C(NCCN1CCCCC1)c1ccc(I)cc1,0.00025226464
CC(=O)N[C@@H](C=O)[C@@H](O)[C@H](O)[C@H](O)CO,0.00028142164
CC(=O)N[C@@H](Cc1ccc(O)cc1)C(=O)O,0.0032457754
CC(=O)NCCC(=O)N[C@@H](Cc1cnc[nH]1)C(=O)O,0.0006593962
CC(=O)NCC(=O)N[C@H](CCC(=O)O)C(=O)O,0.00040616904
CC(=O)N[C@@H]1[C@H](O)[C@H](O)[C@H](CO)O[C@@H]1O,0.0011566982
CC(=O)NCCc1c[nH]c2ccccc12,0.0021883263
CNCCc1cnc[nH]1,0.0042287414
Oc1ccc2c3c1O[C@H]1c4c(c5ccccc5n4Cc4ccccc4)C[C@@]4(O)[C@@H](C2)N(CC2CC2)CC[C@]314,1.9593726e-06
c1ccc2sc(SNC3CCCCC3)nc2c1,0.0011098027
O=C(NO)c1cccnc1,0.0040011727
C[C@@H]([C@H](O)c1ccccc1)N(C)C,0.0066595813
CNC=O,0.0031326553
CC[N+](C)(CC)CC(=O)Nc1c(C)cccc1C,0.0019600554
CN1CCCC1=O,0.0009534545
CN1CCN(c2ccc3ccccc3n2)CC1,0.0011671287
CN(C(=O)Cc1ccccc1)[C@H](CN1CCCC1)c1ccccc1,0.0008147726
c1ccc2sc(SN3CCOCC3)nc2c1,0.0011079405
O=C(Nc1ccc(O)cc1)c1ccccc1O,0.005107714
Cc1ccc(C)c(-n2cnc3cc(C(=O)NCc4ccccc4Cl)ccc32)c1,0.0101366965
COc1ccc2cc(CCC(C)=O)ccc2c1,0.006762922
NC(=O)c1ccc[n+]([C@@H]2O[C@H](COP(=O)(O)OP(=O)(O)OC[C@H]3O[C@@H](n4cnc5c(N)ncnc54)[C@H](O)[C@@H]3O)[C@@H](O)[C@H]2O)c1,2.0945178e-10
C[C@H]1CCc2c(N3CCC(O)CC3)c(F)cc3c(=O)c(C(=O)O)cn1c23,0.8071014
CC(C)(C)NC[C@@H](O)COc1cccc2c1C[C@H](O)[C@H](O)C2,0.00039420754
NC(=O)C1=CN([C@@H]2O[C@H](COP(=O)(O)OP(=O)(O)OC[C@H]3O[C@@H](n4cnc5c(N)ncnc54)[C@H](OP(=O)(O)O)[C@@H]3O)[C@@H](O)[C@H]2O)C=CC1,5.6293284e-13
CCCCN1CCC[C@@H]1CNC(=O)c1cc(C#N)c2ccccc2c1OC,9.61532e-05
N=C(N)Nc1ccc(C(=O)Oc2ccc3cc(C(=N)N)ccc3c2)cc1,0.0049746777
CCOc1ccc2ccccc2c1C(=O)N[C@@H]1C(=O)N2[C@@H]1SC(C)(C)[C@@H]2C(=O)O,0.94749784
CCN(CC)CCOC(=O)[C@H](Cc1cccc2ccccc12)C[C@H]1CCCO1,8.9638466e-05
CN(C/C=C/c1ccccc1)Cc1cccc2ccccc12,0.008682193
COc1ccccc1N1CCN(C[C@@H](O)COc2cccc3ccccc23)CC1,0.00021554867
Oc1ccc2c3c1O[C@H]1[C@@H](O)CC[C@@]4(O)[C@@H](C2)N(CC2CCC2)CC[C@]314,1.1003616e-06
CN(C(=O)/C=C/c1ccoc1)[C@@H]1CC[C@@]2(O)[C@H]3Cc4ccc(O)c5c4[C@@]2(CCN3CC2CC2)[C@H]1O5,1.9023939e-06
CCn1cc(C(=O)O)c(=O)c2ccc(C)nc21,0.022281758
C=C1CC[C@@]2(O)[C@H]3Cc4ccc(O)c5c4[C@@]2(CCN3CC2CC2)[C@H]1O5,6.0347105e-07
C=CCN1CC[C@]23c4c5ccc(O)c4O[C@H]2[C@@H](OCCOCCOCCOCCOCCOCCOCCOC)CC[C@@]3(O)[C@H]1C5,5.571667e-06
C=CCN1CC[C@]23c4c5ccc(O)c4O[C@H]2C(=O)CC[C@@]3(O)[C@H]1C5,1.2232974e-06
C=CCN1CC[C@]23c4c5ccc(O)c4O[C@H]2/C(=N/NC(=O)c2ccccc2)CC[C@@]3(O)[C@H]1C5,2.204629e-06
O=C1CC[C@@]2(O)[C@H]3Cc4ccc(O)c5c4[C@@]2(CCN3CC2CC2)[C@H]1O5,5.7595423e-07
Oc1ccc2c3c1O[C@H]1c4oc5ccccc5c4C[C@@]4(O)[C@@H](C2)N(CC2CC2)CC[C@]314,1.5789974e-06
Oc1ccc2c3c1O[C@H]1c4[nH]c5ccccc5c4C[C@@]4(O)[C@@H](C2)N(CC2CC2)CC[C@]314,1.5635692e-06
CC(C)(O)CS(=O)(=O)Nc1ccc2c(c1)CCN(C(=O)COc1cccnc1)C2,0.00010914923
COc1ccccc1N1CCN(CCCCN2C(=O)c3ccccc3C2=O)CC1,0.00038528946
CO[C@H]1CC[C@@H](O[C@H]2C[C@H]([C@]3(C)CC[C@]4(C[C@H](O)[C@@H](C)[C@@H]([C@@H](C)/C=C(\C)C(=O)[C@H](C)C[C@H](C)C(=O)O)O4)O3)O[C@]3(O[C@@H]([C@H]4O[C@@](O)(CO)[C@H](C)C[C@@H]4C)C[C@@H]3C)[C@@H]2C)O[C@@H]1C,8.641967e-05
CC(=O)c1cc2c(o1)C(=O)c1ccccc1C2=O,0.033041593
C1=C(CC2=NCCN2)CCc2ccccc21,0.0005044588
c1ccc2c(CC3=NCCN3)cccc2c1,0.0015300631
CC(C)(C)NCc1cc(Nc2ccnc3cc(Cl)ccc23)c2c(c1O)CCCC2,0.010055373
Cn1cc(C(=O)c2cccc3ccccc23)cc1C(=O)O,0.009202241
COc1ccc2cc([C@H](C)C(=O)O)ccc2c1,0.004296745
C=CC(=O)N1CC[C@@H](Oc2nc(Nc3ccc(N4CCC(N5CCN(C)CC5)CC4)cc3)c(C(N)=O)nc2CC)C1,7.869455e-06
CC[C@@H](C(=O)O)[C@@H]1O[C@@H]([C@@H](C)[C@H](O)[C@H](C)C(=O)[C@H](CC)[C@H]2O[C@]3(C=C[C@@H](O)[C@]4(CC[C@@](C)([C@H]5CC[C@](O)(CC)[C@H](C)O5)O4)O3)[C@H](C)C[C@@H]2C)[C@@H](C)C[C@H]1C,0.00013776534
CNS(=O)(=O)CCc1ccc2[nH]cc(C3CCN(C)CC3)c2c1,0.00035384367
O=C1C[C@@H](c2ccc(O)cc2)Oc2cc(O)cc(O)c21,0.0034953824
O=C(O)/C=C/c1ccc(O)cc1,0.0034003253
C[C@@H]1O[C@@H](O[C@H]2[C@H](Oc3cc(O)c4c(c3)O[C@H](c3ccc(O)cc3)CC4=O)O[C@H](CO)[C@@H](O)[C@@H]2O)[C@H](O)[C@H](O)[C@H]1O,4.3674314e-05
C[C@@H]1O[C@@H](O[C@H]2[C@H](Oc3cc(O)c(C(=O)CCc4ccc(O)cc4)c(O)c3)O[C@H](CO)[C@@H](O)[C@@H]2O)[C@H](O)[C@H](O)[C@H]1O,5.906209e-05
CCCC[C@H](NC(=O)[C@@H]1[C@@H]2[C@H](CN1C(=O)[C@@H](NC(=O)NC1(CS(=O)(=O)C(C)(C)C)CCCCC1)C(C)(C)C)C2(C)C)C(=O)C(=O)NC1CC1,0.00020357038
C1=C(CN2CCOCC2)COc2c1cccc2OC[C@H]1CNCCO1,6.9781614e-05
CC(C)(C)C(=O)CN1C(=O)[C@H](NC(=O)Nc2cccc(C(=O)O)c2)CN(C2CCCCC2)c2ccccc21,0.0006245959
C[C@@H]1C/C=C/C=C/C=C/C=C/[C@H](O[C@@H]2O[C@H](C)[C@@H](O)[C@H](N)[C@@H]2O)C[C@@H]2O[C@](O)(C[C@@H](O)C[C@H]3O[C@@H]3/C=C/C(=O)O1)C[C@H](O)[C@H]2C(=O)O,2.9605078e-05
CC(C)[C@H]1CC[C@H](C(=O)N[C@H](Cc2ccccc2)C(=O)O)CC1,0.0010730594
O=C(NCc1ccc(OC(F)(F)F)cc1)[C@@H]1c2ccccc2C(=O)N1C1CCOCC1,1.7521529e-06
CC[C@@H](Nc1c(Nc2cccc(C(=O)N(C)C)c2O)c(=O)c1=O)c1ccc(C)o1,0.2299469
CC1(C)CCC(c2ccc(Cl)cc2)=C(CN2CCN(c3ccc(C(=O)NS(=O)(=O)c4ccc(N[C@H](CCN5CCOCC5)CSc5ccccc5)c(S(=O)(=O)C(F)(F)F)c4)cc3)CC2)C1,1.3391381e-12
CCCN1CCO[C@@H]2c3cc(O)ccc3CC[C@H]21,0.00011174394
Nc1ncnc2c1ncn2CCNCCCCCO,0.004186339
CCCN(CC1CC1)c1nc(C)nc(Nc2c(Cl)cc(Cl)cc2Cl)c1Cl,0.9732097
CCOc1ccc(-n2c([C@@H](C)N(Cc3cccnc3)C(=O)Cc3ccc(F)c(C(F)(F)F)c3)nc3ncccc3c2=O)cc1,2.602964e-06
COc1cc2c(cc1OC)[C@H]1C[C@@H](O)[C@H](CC(C)C)CN1CC2,0.00013570959
NS(=O)(=O)c1cccc2c1c([N+](=O)[O-])cc1[nH]c(=O)c(=O)[nH]c12,0.4340515
O=C(O)/C=C1\CCCc2ccccc2[C@H]1O,0.0007754409
C[C@]12C=CC(=O)C=C1CC[C@@H]1[C@@H]2[C@@H](O)C[C@@]2(C)[C@H]1CC[C@]2(O)C(=O)COC(=O)c1ccc(CO[N+](=O)[O-])cc1,8.077466e-06
Cc1nccn1Cc1ccccn1,0.0084653115
CCCCn1c(-c2ccccc2)nc(-c2ccccc2)c1CN(Cc1ccc2c(c1)OCO2)Cc1ccc2c(c1)OCO2,0.0019701922
CCCN(CCC)CCc1ccc(OC)c(OCCc2ccccc2)c1,0.0038559644
O[C@H](CNC[C@@H](O)[C@H]1CCc2cc(F)ccc2O1)[C@@H]1CCc2cc(F)ccc2O1,0.0042940984
NC[C@@H]1CC(=O)N(Cc2ccccc2)C1,0.00068594783
CCNC(=O)[C@H]1O[C@@H](n2cnc3c(N)ncnc32)[C@H](O)[C@@H]1O,0.00010202153
CN1C(=O)[C@H](Cc2c[nH]c3ccccc23)NC1=S,0.0017189394
CN1C(=O)N[C@H](Cc2c[nH]c3c(Cl)cccc23)C1=O,0.0020206757
[NH2][Pt]1([NH2])[O]C=C(O)[O]1,0.00013104478
CCCc1c2oc(C(=O)O)cc(=O)c2cc2c(=O)cc(C(=O)O)n(CC)c12,0.71775514
CCc1nn(CCCN2CCN(c3cccc(Cl)c3)CC2)c(=O)n1CCOc1ccccc1,0.0006917547
Cc1cccc(C)c1NC(=O)CN1CCCC1=O,0.0011866852
CN1CCO[C@@H](c2ccccc2)c2ccccc2C1,0.0018192149
COc1nc(N)nc2c1ncn2[C@@H]1O[C@H](CO)[C@@H](O)[C@@H]1O,8.4181025e-05
Cc1c(O)cccc1C(=O)N[C@@H](CSc1ccccc1)[C@H](O)CN1C[C@H]2CCCC[C@H]2C[C@H]1C(=O)NC(C)(C)C,2.5127172e-05
COC(=O)Nc1c(N)nc(-c2nn(Cc3ccccc3F)c3ncccc23)nc1N,0.0011155296
COc1ccc(NC(=O)Nc2ccc(F)cc2F)cc1-c1c(Br)cnn1C,0.9304455
Nc1c(Cl)cc(C=C2NCCN2)cc1Cl,0.0043400177
CC(C)N1CCN(Cc2cnc(-c3cc(-c4cccc5[nH]ccc45)cc4[nH]ncc34)o2)CC1,9.8133474e-05
CNc1cc(OC)c(C(=O)N[C@@H]2CCN(Cc3ccccc3)[C@@H]2C)cc1Cl,0.0025342708
COc1ccc(-n2nccn2)c(C(=O)N2CCC[C@@]2(C)c2nc3ccc(Cl)c(C)c3[nH]2)c1,0.003086103
COc1cccc2c1C(=O)c1c(O)c3c(c(O)c1C2=O)C[C@@](O)(C(=O)CO)C[C@@H]3O[C@H]1C[C@H](N2CCO[C@H](OC)C2)[C@H](O)[C@H](C)O1,0.001442758
CCC[N@+]12[C@H](O)[C@@H](CC)[C@@H]3C[C@@H]1[C@@H]1N(C)c4ccccc4[C@]14C[C@H]2[C@@H]3[C@@H]4O,2.1610604e-06
COc1ccc([C@@H]2CC(=O)c3c(O)cc(O[C@@H]4O[C@H](CO)[C@@H](O)[C@H](O)[C@H]4O[C@@H]4O[C@@H](C)[C@H](O)[C@@H](O)[C@H]4O)cc3O2)cc1O,3.9675877e-05
COc1ccc(CCC(=O)c2c(O)cc(O[C@@H]3O[C@H](CO)[C@@H](O)[C@H](O)[C@H]3O[C@@H]3O[C@@H](C)[C@H](O)[C@@H](O)[C@H]3O)cc2O)cc1O,5.2647603e-05
NC[C@@H]1O[C@H](O[C@H]2[C@@H](O)[C@H](O[C@@H]3[C@@H](O)[C@H](N)C[C@H](N)[C@H]3O[C@H]3O[C@H](CN)[C@@H](O)[C@H](O)[C@H]3N)O[C@@H]2CO)[C@H](N)[C@@H](O)[C@@H]1O,2.3269995e-07
CN(C)C(=O)Oc1cccc([N+](C)(C)C)c1,0.00053344545
NC(=O)Cc1cccc(C(=O)c2ccccc2)c1N,0.0060166623
NCc1c[nH]c(=S)n1[C@H]1CCc2c(F)cc(F)cc2C1,0.15179117
CCOc1cc2ncc(C#N)c(Nc3ccc(OCc4ccccn4)c(Cl)c3)c2cc1NC(=O)/C=C/CN(C)C,0.0076502566
Cc1oncc1C(=O)N1CCCCC1,0.00088807906
NCCCCCC(O)(P(=O)(O)O)P(=O)(O)O,8.397397e-08
CNC(=O)c1c(-c2ccc(F)cc2)oc2cc(N(CCO)S(C)(=O)=O)c(C3CC3)cc12,0.00038253947
CCN[C@@H]1C[C@H](N)[C@@H](O[C@H]2OC(CN)=CC[C@H]2N)[C@H](O)[C@H]1O[C@H]1OC[C@](C)(O)[C@H](NC)[C@H]1O,7.1031627e-06
Cc1ccccc1-c1cc(N2CCN(C)CC2)ncc1N(C)C(=O)C(C)(C)c1cc(C(F)(F)F)cc(C(F)(F)F)c1,1.9819065e-11
COc1ccc(-c2nc(-c3ccc(-c4cccc(Cl)c4)o3)[nH]c2-c2ccc(OC)cc2)cc1,0.01926566
CCOC(=O)c1ccc(N(C)c2csc(-c3ccccc3)n2)cc1,0.0069958773
O=C(O)c1cc(NCc2c(F)c(F)c(C(F)(F)F)c(F)c2F)ccc1O,9.34805e-05
Cc1ccnc2c1NC(=O)c1cccnc1N2C1CC1,0.0031753262
CCCCN(Cc1ccc(C(=O)NO)cc1)C(=O)Nc1ccccc1,0.002070807
Cc1ccc(NCCCc2ccccc2)c(N)c1,0.006914858
NC(=N[N+](=O)[O-])NCCC[C@H](N)C(=O)O,0.008420368
O=C(NCCCCN1CCN(c2cccc(Cl)c2Cl)CC1)c1ccc2c(c1)Cc1ccccc1-2,0.0017720938
c1ccc(-c2ncc(CN3CCN(c4ncccn4)CC3)[nH]2)cc1,0.000246692
CCC(CC)Nc1nc(C)c(-c2ccc(OC(F)(F)F)cc2OC)nc1OC,1.2632188e-06
CCc1cc(Nc2nc(-c3ccc(-n4cnc(C)c4)c(F)c3)cs2)c(C)cc1C,0.016707657
COC(=O)c1cc2c(C(F)(F)F)cc(-c3ccccc3)cc2n1O,9.135414e-07
CCCCCCCCCCCCCCCC[n+]1ccn(Cc2ccccc2)c1C,0.8190638
COc1cc(C#N)ccc1S(=O)(=O)Nc1ccc2c(c1)cc(C)c(=O)n2C,0.00042822765
O=C(O)c1cccnc1,0.0038152514
O=C(CCNNC(=O)c1ccncc1)NCc1ccccc1,0.0018257562
CCN(CC)CCCC[C@@H](NC(=O)c1ccc([N+](=O)[O-])cc1)c1ccccc1,0.019966323
CC(C)NC[C@H](O)COc1cccc2c1N(C(=O)c1cccnc1)CCC2,0.00053035177
C[C@@H](CNC(=O)c1cccnc1)NC(=O)c1cccnc1,0.0038069454
COC(=O)C1=C(C)NC(C)=C(C(=O)OCCN(C)Cc2ccccc2)[C@@H]1c1cccc([N+](=O)[O-])c1,0.00018580664
CO[C@]12C[C@@H](COC(=O)c3cncc(Br)c3)CN(C)[C@@H]1Cc1cn(C)c3cccc2c13,0.0011545885
O=C(OCC(COC(=O)c1cccnc1)(COC(=O)c1cccnc1)COC(=O)c1cccnc1)c1cccnc1,5.638544e-05
O=C(Nc1ccc([N+](=O)[O-])cc1Cl)c1cc(Cl)ccc1O,0.95310277
CC/C=C\C/C=C\C/C=C\C/C=C\C/C=C\CCCC(=O)NCCNC(=O)c1cccnc1,0.003590981
O=C(NCCO[N+](=O)[O-])c1cccnc1,0.0042152456
NC(=O)c1cccnc1,0.004151094
CN1CCC[C@H]1c1cccnc1,0.0012661302
OCc1cccnc1,0.0038431357
COc1ccc(-c2c(C)c(C(=O)NN3CCCCC3)nn2-c2ccc(Cl)cc2Cl)cc1,0.40417162
COC(=O)C1=C(C)NC(C)=C(C(=O)OC)C1c1ccccc1[N+](=O)[O-],0.0002377443
Cn1c(NCCN(CCO)CCCc2ccc([N+](=O)[O-])cc2)cc(=O)n(C)c1=O,0.0011392795
CC(C)NC[C@@H](O)c1ccc([N+](=O)[O-])cc1,0.0027748593
Cc1c(NC(=O)c2cccnc2)c(=O)n(-c2ccccc2)n1C,0.010052525
O=C(O)c1cccnc1Nc1cccc(C(F)(F)F)c1,8.3716634e-07
O=C(N/N=C/c1ccc([N+](=O)[O-])o1)c1ccc(O)cc1,0.8225302
O=C(N/N=C/c1ccc([N+](=O)[O-])o1)c1cc([N+](=O)[O-])cc([N+](=O)[O-])c1O,0.9991234
C[C@H]1CS(=O)(=O)CCN1/N=C/c1ccc([N+](=O)[O-])o1,0.87387925
COC(=O)C1=C(C)NC(C)=C(C(=O)OCCCN2CCC(c3ccccc3)(c3ccccc3)CC2)[C@H]1c1cccc([N+](=O)[O-])c1,1.0809175e-05
CCN(CC)C(=O)c1cccnc1,0.000919788
Cc1cn(-c2cc(NC(=O)c3ccc(C)c(Nc4nccc(-c5cccnc5)n4)c3)cc(C(F)(F)F)c2)cn1,1.55312e-06
CC1(C)NC(=O)N(c2ccc([N+](=O)[O-])c(C(F)(F)F)c2)C1=O,1.6374659e-07
COC(=O)C1=C(C#N)NC(C)=C(C(=O)OC(C)C)[C@@H]1c1cccc([N+](=O)[O-])c1,3.7024856e-05
CS(=O)(=O)Nc1ccc([N+](=O)[O-])cc1Oc1ccccc1,0.009239203
COCCOC(=O)C1=C(C)NC(C)=C(C(=O)OC(C)C)[C@@H]1c1cccc([N+](=O)[O-])c1,5.214992e-05
O=[N+]([O-])c1cncn1CCN1CCOCC1,0.11100022
Cc1ncc(CNC(=O)N(CCCl)[NH2+][O-])c(N)n1,0.00048331963
C/C=C/C[C@@H](C)[C@@H](O)[C@H]1C(=O)N[C@@H](CC)C(=O)N(C)CC(=O)N(C)[C@@H]([C@@H](C)CC)C(=O)N[C@@H](C(C)C)C(=O)N(C)[C@@H](CC(C)C)C(=O)N[C@@H](C)C(=O)N[C@H](C)C(=O)N(C)[C@@H](CC(C)C)C(=O)N(C)[C@@H](CC(C)C)C(=O)N(C)[C@@H](C(C)C)C(=O)N1C,9.198122e-07
Cc1c(C(=O)Nc2ccc(Oc3ccnc4cc(OCC(C)(C)O)ccc34)c(F)c2)c(=O)n(-c2ccccc2)n1C,0.7324914
COC(=O)c1ccc2c(c1)NC(=O)/C2=C(\Nc1ccc(N(C)C(=O)CN2CCN(C)CC2)cc1)c1ccccc1,0.0018701241
NC(=O)c1cccc2cn(-c3ccc([C@@H]4CCCNC4)cc3)nc12,0.0013495763
O=C1NCCN1c1ncc([N+](=O)[O-])s1,0.93212575
C=C(NC(=O)[C@@H](NC(=O)[C@H](Cc1cnc[nH]1)NC(=O)[C@@H](NC(=O)[C@H](CO)NC(=O)[C@H]1CS[C@H](C)[C@@H]2NC(=O)[C@@H](C)NC(=O)[C@@H](NC(=O)[C@H](CCCCN)NC(=O)[C@H](CCSC)NC(=O)[C@H](CC(N)=O)NC(=O)[C@H]3CS[C@H](C)[C@H](NC(=O)[C@H](CCCCN)NC(=O)[C@H]4CS[C@H](C)[C@H](NC(=O)[C@H]5CSC[C@H](NC(=O)/C(=C/C)NC(=O)[C@H](N)[C@H](C)CC)C(=O)N[C@@H]([C@@H](C)CC)C(=O)NC(=C)C(=O)N[C@H](CC(C)C)C(=O)N5)C(=O)N5CCC[C@@H]5C(=O)NCC(=O)N4)C(=O)NCC(=O)N[C@H](C)C(=O)N[C@H](CC(C)C)C(=O)N[C@H](CCSC)C(=O)NCC(=O)N3)[C@@H](C)SC[C@@H](NC2=O)C(=O)N[C@H](Cc2cnc[nH]2)C(=O)N1)[C@@H](C)CC)C(C)C)C(=O)N[C@@H](CCCCN)C(=O)O,0.9999963
COC(=O)C1=C(C)NC(C)=C(C(=O)OCC(C)C)[C@@H]1c1ccccc1[N+](=O)[O-],6.864704e-05
CNCC[C@@H](Oc1ccccc1OC)c1ccccc1,0.00535833
O=[N+]([O-])c1ccc([As](=O)(O)O)cc1,0.0006137158
CC(=O)Oc1ccccc1C(=O)Nc1ncc([N+](=O)[O-])s1,0.95095986
CC(=O)C(=Cc1cc(O)c(O)c([N+](=O)[O-])c1)C(C)=O,0.9358778
CCN(Cc1ccc(Cl)nc1)/C(=C/[N+](=O)[O-])NC,0.009288969
CC(=O)Nc1ncc([N+](=O)[O-])s1,0.93338424
O=C1CCCC(=O)C1=C(O)c1ccc(C(F)(F)F)cc1[N+](=O)[O-],1.8722641e-06
CCOC(=O)C1=C(C)NC(C)=C(C(=O)OC)[C@@H]1c1cccc([N+](=O)[O-])c1,6.790862e-05
CCN(CC)CCOC(=O)C1(c2ccc([N+](=O)[O-])cc2)CCCC1,9.017732e-05
C[C@@H](C(=O)OCCCCO[N+](=O)[O-])c1ccc(-c2ccccc2)c(F)c1,0.005370797
O=C1CN(/N=C/c2ccc([N+](=O)[O-])o2)C(=O)N1,0.93883234
NC(=O)N/N=C/c1ccc([N+](=O)[O-])o1,0.87980926
NC(=O)c1cc([N+](=O)[O-])cc([N+](=O)[O-])c1,0.95772743
CNC(=O)N(C)[NH2+][O-],0.0017352261
O=[N+]([O-])c1ccc(O)c2ncccc12,0.17549767
CN/C(=C\[N+](=O)[O-])NCCSCc1csc(CN(C)C)n1,0.0023248917
CCN(CC)Cc1nccn1-c1ccc([N+](=O)[O-])cc1C(=O)c1ccccc1Cl,0.29479375
O=C(NCc1ccccn1)Nc1nnc(-c2ccco2)o1,0.0013468195
[Cl][Ru+3]([Cl])([Cl])([Cl])([n+]1cc2ccccc2[nH]1)[n+]1cc2ccccc2[nH]1,0.00051872164
Nc1ncc2c(n1)C[C@@H](c1ccco1)CC2=O,0.002014418
O[C@@H](C[C@H]1c2ccccc2-c2cncn21)C1CCCCC1,0.0002994193
CN[C@H](CC(=O)O)C(=O)O,0.00072357105
CN1CCC(NC(=O)c2cc(-c3c(O)cc(O)cc3Oc3ccc([N+](=O)[O-])cc3)on2)CC1,0.013618433
CCc1cccc(CC)c1NC(=O)c1nn(C)c2c1CCc1cnc(Nc3ccc(C(=O)NC4CCN(C)CC4)cc3OC(F)(F)F)nc1-2,3.2377404e-06
CN1CCN(c2ccc(OC(F)(F)F)c(Nc3ncc4c(n3)-c3c(c(C(N)=O)nn3CCO)CC4)c2)CC1,3.0390277e-06
Cc1cc(OCc2nnc(SC3CCCC3)n2-c2cccnc2)ccc1-c1ccc(S(C)(=O)=O)cc1,0.003137255
C[C@@]1(O)[C@H](O)[C@@H](CO)O[C@H]1n1ccc(N)nc1=O,0.0003636445
CCCCCCCCCN1C[C@H](O)[C@@H](O)[C@H](O)[C@H]1CO,0.00022386244
COc1ccccc1C1(O)CCN(CCCn2c3ccccc3c3ccccc32)CC1,0.0001399692
CC(C)[C@H]1c2ccc(F)cc2CC[C@@]1(CCN(C)CCCc1nc2ccccc2[nH]1)OC(=O)C1CC1,0.0010214463
COC(=O)CN1CN(c2ccccc2)C2(CCN(Cc3cccc4ccccc34)CC2)C1=O,8.392091e-06
O=C(O)C1=CCCN(CCON=C(c2ccccc2)c2ccccc2)C1,0.00026383408
CC(=O)Oc1ccccc1C(=O)Oc1cccc(CO[N+](=O)[O-])c1,0.019769408
COc1ccc(-c2cc(=O)c3c(OC)c(OC)c(OC)c(OC)c3o2)cc1OC,0.0066320943
COC(=O)Nc1nc2ccc(C(=O)c3cccs3)cc2[nH]1,0.003972147
Cc1ccc2[nH]c(N)nc(=O)c2c1Sc1ccncc1,0.0053933263
CC(=O)O[C@]1(C(C)=O)CC[C@H]2[C@@H]3C=C(C)C4=CC(=O)CC[C@@H]4[C@H]3CC[C@@]21C,9.070746e-05
CN1Cc2c(N)cccc2[C@H](c2ccccc2)C1,0.002950153
CCCCCCCCC(=O)NCc1ccc(O)c(OC)c1,0.015338693
CCCCCCCCCc1ccc(OCCOCCOCCOCCOCCOCCOCCOCCOCCO)cc1,0.49986246
Oc1ccc2c3c1O[C@H]1c4[nH]c5c(c4C[C@@]4(O)[C@@H](C2)N(CC2CC2)CC[C@]314)C[C@@]1(O)[C@H]2Cc3ccc(O)c4c3[C@@]1(CCN2CC1CC1)[C@H]5O4,7.097741e-10
CNCCC=C1c2ccccc2C=Cc2ccccc21,0.0023814915
C#C[C@]1(O)CC[C@H]2[C@@H]3CCC4=C/C(=N/O)CC[C@@H]4[C@H]3CC[C@@]21CC,2.6534826e-07
NC[C@H](O)c1ccc(O)c(O)c1,0.003432803
C#C[C@]1(O)CC[C@H]2[C@@H]3CCC4=CC(=O)CC[C@@H]4[C@H]3CC[C@@]21C,1.302274e-06
C#C[C@]1(OC(C)=O)CC[C@H]2[C@@H]3CCC4=CC(=O)CC[C@@H]4[C@H]3CC[C@@]21C,2.0453622e-06
C#C[C@]1(OC(=O)CCCCCC)CC[C@H]2[C@@H]3CCC4=CC(=O)CC[C@@H]4[C@H]3CC[C@@]21C,2.8439297e-06
C#C[C@]1(O)CC[C@H]2[C@@H]3CCC4=C(CCC(=O)C4)[C@H]3CC[C@@]21C,6.4960756e-07
CCn1cc(C(=O)O)c(=O)c2cc(F)c(N3CCNCC3)cc21,0.765415
NCC[C@@H](Oc1ccc(C(F)(F)F)cc1)c1ccccc1,5.159424e-07
C#C[C@]1(OC(C)=O)CC[C@H]2[C@@H]3CCC4=C/C(=N/O)CC[C@@H]4[C@H]3CC[C@@]21CC,3.9702567e-07
c1cncc([C@H]2CCCN2)c1,0.0011820918
CNCCC=C1c2ccccc2CCc2ccccc21,0.0009680621
CC(C)C[C@@H](N)C(=O)N[C@H]1C(=O)N[C@@H](CC(N)=O)C(=O)N[C@H]2C(=O)N[C@H]3C(=O)N[C@H](C(=O)N[C@H](C(=O)O)c4cc(O)cc(O)c4-c4cc3ccc4O)[C@H](O)c3ccc(c(Cl)c3)Oc3cc2cc(c3O[C@@H]2O[C@H](CO)[C@@H](O)[C@H](O)[C@H]2O[C@H]2C[C@](C)(N)[C@H](O)[C@H](C)O2)Oc2ccc(cc2Cl)[C@H]1O,5.711244e-05
COc1ccc2c(c1OC)C(=O)O[C@@H]2[C@H]1c2c(cc3c(c2OC)OCO3)CCN1C,0.00067292526
N[C@H](CCC(=O)N[C@@H](CSSC[C@H](NC(=O)CC[C@H](N)C(=O)O)C(=O)NCC(=O)O)C(=O)NCC(=O)O)C(=O)O,1.9141728e-05
CO[C@@H]1[C@@H](OC(N)=O)[C@@H](O)[C@H](Oc2ccc3c(O)c(NC(=O)c4ccc(O)c(CC=C(C)C)c4)c(=O)oc3c2C)OC1(C)C,0.09176948
C[C@]12CCC(=O)C=C1CC[C@@H]1[C@@H]2[C@@H](O)C[C@]2(C)C(=O)CC[C@@H]12,1.9436839e-05
CC(C)C[C@@H](NC(=O)OCC1c2ccccc2-c2ccccc21)C(=O)O,0.00035752592
O=C(O)c1cc([N+](=O)[O-])ccc1NCCCc1ccccc1,0.2828534
CC(C)(Cc1ccc2ccccc2c1)NC[C@@H](O)COc1cccc(Cl)c1C#N,0.0062725176
CC(C)(Cc1ccccc1)NC(=O)c1cnc2ccccc2n1,0.0067747384
Cc1c(NC(=O)N2CCOCC2)ccc2c1c1ccccc1n2C(C)C,0.001754424
CCOC(=O)c1c2c3c(cccc3[nH]c1=O)C(=O)c1ccccc1-2,0.004324499
C[C@H](Nc1cc(-c2cnn(C)c2)cc(Nc2cnccn2)n1)c1ccc(F)cc1,0.007982273
FC(F)(F)c1cc(NC(=S)Nc2ccc(Br)cc2-c2nn[nH]n2)cc(C(F)(F)F)c1,1.8433882e-10
CC(C)(O)c1ccc2c(c1)ncn2-c1cccc(-c2ccccc2C#N)c1,0.0046511237
O=C(Nc1cc(C(F)(F)F)ccc1O)Nc1cc(C(F)(F)F)ccc1O,7.159002e-11
Nc1ncc(Cc2ccc(Br)cc2)s1,0.006588654
O=C1Nc2c(ccc(Cl)c2Cl)/C1=N/O,0.6387368
O=C(Nc1cccc(C(F)(F)F)c1)Nc1ccc(Br)cc1-c1nn[nH]n1,1.3594973e-06
CN1[C@@H]2CC[C@H]1C=C(c1sccc1Br)C2,0.0036345893
O=C(Nc1cc(C(F)(F)F)cc(C(F)(F)F)c1)Nc1c(Br)cc(Br)cc1-c1nn[nH]n1,2.6547284e-09
Cc1c(-c2ccccc2F)[nH]c(N)c1C#N,0.0015452537
c1ccc2c(c1)CCC[C@H]2Nc1nc2ccccc2[nH]1,0.0012734903
N#Cc1cccc(-c2nc(-c3cccnc3)no2)c1,0.004252628
CCN(CC)CCC[C@@H](C)Nc1nc(C)cc(Nc2ccc3nc(C)cc(N)c3c2)n1,0.005333956
C/C(=N\NC(=S)N1CCC1)c1ccccn1,0.0011088252
O=Nc1ccc(O)c2ncccc12,0.0064869113
CCC[C@@H](C)NC(=O)c1ccc(Cl)c(Cl)c1,0.054043837
C=C(C)[C@@H]1CC[C@]2(CO)CC[C@]3(C)[C@H](CC[C@@H]4[C@@]5(C)CC[C@H](O)C(C)(C)[C@@H]5CC[C@]43C)[C@@H]12,2.5825308e-05
Clc1ccc2c(NCCNc3ccnc4cc(Cl)ccc34)ccnc2c1,0.090745166
COc1ccc(OC)c2c(=S)c3ccccc3[nH]c12,0.005694068
Cc1ccc(/C=C2\CNC/C(=C\c3ccc(C)cc3)C2=O)cc1,0.002350125
O=[N+]([O-])c1cc([N+](=O)[O-])c(/C=C/c2ccc(Cl)c(Cl)c2)cc1/C=C/c1ccc(Cl)c(Cl)c1,0.9883492
O=C1C(Cl)=C(NCCN2CCOCC2)C(=O)c2ncccc21,0.0062266723
Cc1ccc(S(=O)(=O)c2ccc([N+](=O)[O-])o2)cc1,0.19044936
O=C1C(SCCO)=C(SCCO)C(=O)c2ccccc21,0.0018770508
CO[C@H]1CC=C2CCN3CCC4=C(CC(=O)OC4)[C@]23C1,1.0789872e-06
CC(C)CCNc1ncccc1C(=O)N1CCN(Cc2ccccc2)CC1,0.00020116771
CC1=C(c2ccc(NC3=C(C)C(=O)CC3)cc2)NNC(=O)C1,0.0008722129
O=[N+]([O-])c1ccccc1S(=O)(=O)NC[C@H]1CC[C@H](CNC[C@H]2CCc3ccccc3C2)CC1,4.392903e-05
Cc1ccc(S(=O)(=O)Nc2ccc3c(c2)c(C(=O)C(F)(F)F)cn3CC(=O)N[C@@H](CC(C)C)C(=O)O)cc1,2.884129e-08
O=C(O)c1c(Sc2ccccc2)c2cc(Cl)ccc2n1Cc1ccc(Cl)cc1,0.56820875
Oc1cc(CNC(=S)/C=C/c2cc(O)c(O)c(Br)c2)cc(O)c1O,0.014511152
Cc1nc(=O)c2cccc(O)c2[nH]1,0.0043030293
Nc1nc(OCC2CCCCC2)c2[nH]cnc2n1,0.0003435223
Nc1nc(N)c(N=O)c(OCC2CCCCC2)n1,0.0006732046
O=c1cc(N2CCOCC2)oc2c1ccc1ccccc12,0.0045144577
O=c1cc(N2CCOCC2)oc2c(-c3cccc4c3sc3ccccc34)cccc12,0.0060563223
O=C1N=C2SCCN2C(=O)[C@H]1Cc1ccc(Cl)cc1,0.0037138385
COc1ccc(C2=N[C@@H](c3ccc(Cl)cc3)[C@@H](c3ccc(Cl)cc3)N2C(=O)N2CCNC(=O)C2)c(OC(C)C)c1,0.0008292007
CN1CCC(C(=O)N2c3ccccc3NC(=O)c3cccnc32)CC1,0.00090926385
Nc1ncnc2c1c(-c1cccc(OCc3ccccc3)c1)cn2[C@H]1C[C@H](CN2CCCC2)C1,0.0001740567
Nc1ncnc2c1c(-c1cccc(OCc3ccccc3)c1)cn2[C@H]1C[C@@H](CN2CCC2)C1,0.0001848852
CCNC(=O)c1noc(-c2cc(C(C)C)c(O)cc2O)c1-c1ccc(CN2CCOCC2)cc1,0.00043916088
Cn1c(=O)n(-c2ccc(C(C)(C)C#N)cc2)c2c3cc(-c4cnc5ccccc5c4)ccc3ncc21,0.005206633
CCN1CCN(c2ccc(Nc3cc(N(C)C(=O)Nc4c(Cl)c(OC)cc(OC)c4Cl)ncn3)cc2)CC1,0.055542544
Cc1ccc(C(=O)Nc2cccc(C(F)(F)F)c2)cc1Nc1nc(-c2cccnc2)nc2c1cnn2C,6.285653e-07
Fc1cc(-c2cccc3ncc(-c4cnn(C5CCNCC5)c4)nc23)cc(F)c1CN1CCOCC1,0.0031603782
Cn1cc(-c2ccc3ncc(Cc4ccc5ncccc5c4)n3n2)cn1,0.006918212
N#Cc1ccc(NCCNCC(=O)N2CCC[C@H]2C#N)nc1,8.691612e-05
COc1cccc(-c2cc(F)ccc2[C@H]2Cc3nc(N)nc(C)c3C(=O)N2)n1,0.015349147
CNC(=O)c1ccccc1Nc1nc(Nc2ccc(N3CCOCC3)cc2OC)ncc1Cl,0.008509299
COc1cc(N2CCC(N3CCN(C)CC3)CC2)ccc1Nc1ncc(Cl)c(Nc2ccccc2S(=O)(=O)C(C)C)n1,2.8307897e-05
COc1ccc(C(=O)C2CCN(CC(=O)N(Cc3nc(=O)c4c([nH]3)CCOC4)CC3CC3)CC2)cc1,2.8760083e-05
O=C(Nc1nc2ccc(NC(=O)C34CC5CC(CC(C5)C3)C4)cc2s1)c1ccccc1,3.7890553e-05
CC(C)NC(=O)N1CC[C@H](NC2=Nc3cc(F)ccc3N(CC(F)F)c3ccc(Cl)cc32)C1,0.0112687135
CC(C)(C)/[N+]([O-])=C/c1ccc(S(=O)(=O)O)cc1S(=O)(=O)O,9.4246934e-07
C[C@@H]1[C@H](O)[C@@H](C)/C=C/C=C/CC/C=C/C=C/C=C/C=C/[C@H](O[C@@H]2O[C@H](C)[C@@H](O)[C@H](N)[C@@H]2O)C[C@@H]2O[C@](O)(C[C@@H](O)[C@H](O)CC[C@@H](O)C[C@@H](O)C[C@@H](O)CC(=O)O[C@H]1C)C[C@H](O)[C@H]2C(=O)O,1.3871274e-05
NC(=O)CNCCC(c1ccccc1)c1ccccc1,0.004373204
OC[C@H]1O[C@@H](n2cnc3c(NC4CCCC4)ncnc32)[C@H](O)[C@@H]1O,8.655369e-05
CNc1ncnc2c1ncn2[C@@H]1O[C@H](CO)[C@@H](O)[C@H]1O,9.636808e-05
Cc1cc(C(N)=O)ccc1-n1c(CCC(=O)O)ccc1-c1ccc(-n2ccnc2)cc1,0.003173669
CC(=O)OC[C@H](N)C(=O)O,0.0002821239
O=C(O)c1ccccc1S,0.0049101887
C=C(C)[C@@H]1CCC(C)=C[C@H]1c1c(OC)cc(C)cc1OC,0.0031636953
Cc1cc(C)c(S(=O)(=O)Nc2ccccc2C(F)(F)F)c(C)c1,1.312485e-07
O=C(Nc1nc(=O)n(Cc2ccc(Cl)cc2)s1)c1ccc(Cl)cc1,0.017339319
O=C(Nc1cc2cc[nH]c2cn1)c1ccccc1,0.003925985
O=C(Nc1ccc2[nH]ccc2c1)c1ccccc1,0.004058996
COC1=CC(c2cc3ccccc3[nH]2)=N/C1=C\c1[nH]c(C)cc1C,0.0022957602
CC[C@H]1[C@@H](O)[C@H]2[C@H]3CC[C@@H]([C@@H](C)CCC(=O)O)[C@@]3(C)CC[C@@H]2[C@@]2(C)CC[C@@H](O)C[C@@H]12,2.6167174e-05
O/N=C/c1cc[n+](COC[n+]2ccc(/C=N/O)cc2)cc1,0.018119413
Cc1nc2c(C)cccn2c(=O)c1CCN1CCC(c2noc3cc(F)ccc23)CC1,0.0013676293
C[C@@H]1CC(=O)c2c(ccc3c2C(=O)c2cccc(O)c2C3=O)C1,0.07559656
O=C(c1ccccn1)c1cnn2c(-c3ccncc3)ccnc12,0.0073286905
CC(C)c1ccc(C(=O)NCCOc2ccc(C(=O)O)cc2)cc1,0.003210549
CCCCCCCCCCCCCCCCCCO,0.30761877
C[Si](C)(C)O[Si](C)(C)O[Si](C)(C)C,0.003263946
CCCCCCCCN=c1ccn(CCCCCCCCCCn2ccc(=NCCCCCCCC)cc2)cc1,0.9848963
CCCC[C@@H](CC)COC(=O)/C=C/c1ccc(OC)cc1,0.012605598
CCCC[C@@H](CC)COC(=O)c1ccccc1O,0.005647963
CCCC[C@@H](CC)COC(=O)C(C#N)=C(c1ccccc1)c1ccccc1,0.0030647365
CC(C)CCC[C@@H](C)N,0.0052561383
NCC(O)c1ccc(O)cc1,0.0031335696
C[C@@H](O)[C@@H]1NC(=O)[C@H](CCCCN)NC(=O)[C@H](Cc2c[nH]c3ccccc23)NC(=O)[C@H](Cc2ccccc2)NC(=O)[C@H](NC(=O)[C@@H](N)Cc2ccccc2)CSSC[C@H](C(=O)N[C@H](CO)[C@@H](C)O)NC1=O,0.9708378
Cc1c(Cc2ccc3ccccc3n2)c2cc(F)ccc2n1CC(=O)O,0.16461125
CC(C)(F)C[C@H](N[C@@H](c1ccc(-c2ccc(S(C)(=O)=O)cc2)cc1)C(F)(F)F)C(=O)NC1(C#N)CC1,1.0752235e-08
O=c1onc2cnc3ccccc3n12,0.0021313783
COc1cc2c(cc1NS(=O)(=O)c1ccc(Br)cc1C)n(C)c(=O)n2C,5.6775432e-05
N[C@H]1C[C@@H]1c1ccc(-c2cccc(O)c2)cc1,0.0016554175
Nc1nc(NCc2ccccc2)nc(-c2ccccc2CO)n1,0.0036971325
CS(=O)(=O)Nc1ccc2oc3c(OC(F)F)ccc(C(=O)Nc4c(Cl)cncc4Cl)c3c2c1,0.0025122867
N[C@@H](CCC(=O)O)C(=O)N[C@@H](Cc1c[nH]c2ccccc12)C(=O)O,0.00029821083
CN1CCN(c2ccc(-c3cccc(CN4CCOCC4)c3)cc2NC(=O)c2c[nH]c(=O)cc2C(F)(F)F)CC1,1.4706018e-07
Cc1cc2c(s1)Nc1ccccc1N=C2N1CCN(C)CC1,0.0013207311
O=C(c1cc(Cc2n[nH]c(=O)c3ccccc23)ccc1F)N1CCN(C(=O)C2CC2)CC1,0.00017343214
CCCCCCCC/C=C\CCCCCCCC(=O)NCCc1ccc(O)c(O)c1,0.16117978
CCCCCCCC/C=C\CCCCCCCC(N)=O,0.08336023
CO[C@H]1C[C@H](O[C@H]2CC[C@@]3(C)[C@H](CC[C@@H]4[C@@H]3CC[C@]3(C)[C@@H](C5=CC(=O)OC5)[C@@H](OC(C)=O)C[C@]43O)C2)O[C@@H](C)[C@@H]1O,4.9753776e-06
CC1(C)CC[C@]2(C(=O)O)CC[C@]3(C)C(=CC[C@@H]4[C@@]5(C)CC[C@H](O)C(C)(C)[C@@H]5CC[C@]43C)[C@@H]2C1,7.645424e-05
CCCCCCCC/C=C\CCCCCCCC(=O)NCCO,0.034065742
CC(C)CCC[C@@H](C)[C@H]1CC[C@H]2[C@@H]3CCC4=C/C(=N/O)CC[C@]4(C)[C@H]3CC[C@]12C,4.6175235e-05
C/C=C1\[C@H](O[C@H]2O[C@@H](CO)[C@@H](O)[C@@H](O)[C@@H]2O)OC=C(C(=O)OC)[C@H]1CC(=O)OCCc1ccc(O)c(O)c1,1.3519324e-06
CC[C@H]1/C=C/C=C/C[C@@H](C)[C@H](O)[C@@](C)(O)C(=O)[C@@H](C)[C@H](O)[C@@H](C)C(=O)[C@@H](C)[C@H](O)[C@@H](C)/C=C/C(=O)O[C@@H]2[C@H](C)[C@H](CC1)O[C@]1(CC[C@H](C)[C@H](C[C@@H](C)O)O1)[C@H]2C,0.000615254
CCCc1nc(C(C)(C)O)c(C(=O)O)n1Cc1ccc(-c2ccccc2-c2nn[nH]n2)cc1,0.021450318
CCCc1nc(C(C)(C)O)c(C(=O)OCc2oc(=O)oc2C)n1Cc1ccc(-c2ccccc2-c2nn[nH]n2)cc1,0.002857413
C=CC(=O)Nc1cccc(Oc2nc(Nc3ccc(N4CCN(C)CC4)cc3)nc3ccsc23)c1,0.0027722598
COc1ccc2c(c1OCc1ccccc1)C[C@@H](C(=O)O)N(C(=O)C(c1ccccc1)c1ccccc1)C2,0.008959234
Cn1cnc2c(NCc3ccccc3)nc(NCCO)nc21,0.0013488465
CN(C)CC/C=C1/c2ccccc2COc2ccc(CC(=O)O)cc21,0.0019809336
Cc1[nH]c(=O)c(C#N)cc1-c1ccc2nccn2c1,0.0025601913
O=C(O)c1cc(/N=N/c2ccc(O)c(C(=O)O)c2)ccc1O,0.030835323
Cc1c(-c2cnccn2)ssc1=S,0.004243648
CCCCCCCCCCCCCCOc1ccc(C(=O)OCC(=O)N(C)CC(=O)OCC)o1,0.0028427625
CCCCCCCC/C=C\CCCCCCCC(=O)NCc1ccc(O)c(OC)c1,0.25377366
CN(C)c1cc(CNCC(C)(C)C)c(O)c2c1C[C@H]1C[C@H]3[C@H](N(C)C)C(=O)[C@H](C(N)=O)C(=O)[C@@]3(O)C(=O)[C@@H]1C2=O,4.2987274e-05
O=C(N[C@H]1CCS[C@H]2CCC[C@@H](C(=O)O)N2C1=O)[C@@H](S)Cc1ccccc1,0.001757028
CS(=O)(=O)n1cc2c(n1)CN([C@H]1CO[C@H](c3cc(F)ccc3F)[C@@H](N)C1)C2,7.632822e-05
COC(=O)N[C@H](C(=O)N1CCC[C@H]1C(=O)Nc1ccc([C@@H]2CC[C@@H](c3ccc(NC(=O)[C@@H]4CCCN4C(=O)[C@@H](NC(=O)OC)C(C)C)cc3)N2c2ccc(C(C)(C)C)cc2)cc1)C(C)C,0.00014185703
COc1ccc(/C=C\c2cc(OC)c(OC)c(OC)c2)cc1NC(=O)[C@@H](N)CO,0.002202718
CCCCCCCC/C=C\CCCCCCCC(=O)N[C@@H](CO)Cc1ccc(O)cc1,0.18950956
COC(=O)N1CCN(Cc2cccc(NC(=O)Nc3ccc(C)nc3)c2F)CC1,0.00029349566
O=C(O)CCCCCCCCCCCCCCc1ccc(I)cc1,0.11938575
CC/C=C\C/C=C\C/C=C\C/C=C\C/C=C\CCCC(=O)OCC,0.00381349
COc1ccc2c(c1)nc([S@@](=O)Cc1ncc(C)c(OC)c1C)[n]2[Mg][n]1c([S@@](=O)Cc2ncc(C)c(OC)c2C)nc2cc(OC)ccc21,0.0004080741
COc1ccc2nc(SCc3ncc(C)c(OC)c3C)[nH]c2c1,0.005880729
CC(C)[C@]12O[C@H]1[C@@H]1O[C@]13[C@]1(O[C@H]1C[C@H]1C4=C(CC[C@@]13C)C(=O)OC4)[C@@H]2OC(=O)CCC(=O)O,1.696353e-07
COc1cc(OC)c(/C=C/S(=O)(=O)Cc2ccc(OC)c(N)c2)c(OC)c1,0.0066056047
O=Cc1cn(Cc2ccc(Cl)cc2)c2ccccc12,0.011974573
Cc1ccccc1CN1C(=O)C2=C(CCN(Cc3ccccc3)C2)N2CCN=C12,0.0010943584
Cc1nccn1C[C@H]1CCc2c(c3ccccc3n2C)C1=O,0.004061682
C[C@@H](C(=O)Nc1cc(C#N)ccc1CCCC(=O)O)c1ccc(F)c2ccccc12,0.0040909303
CC#CC(=O)N1CC[C@@H](n2c(=O)n(-c3ccc(Oc4ccccc4)cc3)c3c(N)ncnc32)C1,0.00016337541
CCOCOC[C@H](C[C@H](C)C(=O)NO)NC(=O)c1ccc(Oc2ccccc2)cc1,0.0021186098
Cc1csc(S(=O)(=O)N(CC(C)C)c2cc3c(cc2OCc2ccc(C(=O)O)cc2)CCC3)n1,4.431593e-06
COc1ccc(C[C@H](NC(=O)[C@H](C)NC(=O)CN2CCOCC2)C(=O)N[C@@H](Cc2ccccc2)C(=O)[C@@]2(C)CO2)cc1,0.0003493758
CN1CCN(c2ccc(Nc3ncc4cc(C#N)c(=O)n(C5CCCC5)c4n3)cc2)CC1,0.0003255736
NCCONC(=O)[C@@H]1CC[C@@H]2CN1C(=O)N2OS(=O)(=O)O,3.897026e-05
CC(=O)NCCCOc1ccc(C(=O)N2CCC(N3C(=O)CCc4ccccc43)CC2)cc1,6.6726e-05
Cc1c(Cl)c(C)[n+]([O-])c(Cl)c1-c1noc(-c2cc(O)c(O)c([N+](=O)[O-])c2)n1,0.9872606
OCCN1CCN(CCCN2c3ccccc3C=Cc3ccccc32)CC1,5.66296e-05
COC[C@H](NC(=O)c1cnc(C)s1)C(=O)N[C@@H](COC)C(=O)N[C@@H](Cc1ccccc1)C(=O)[C@@]1(C)CO1,0.0038231942
O=[N+]([O-])c1cc(O)c(O)c([N+](=O)[O-])c1,0.9812661
Cc1[nH]c(/C=C2\C(=O)Nc3ccccc32)c(C)c1CCC(=O)O,0.0034523027
C[C@@H]1CN(c2c(F)c(F)c3c(=O)c(C(=O)O)cn(C4CC4)c3c2F)C[C@H](C)N1,0.9960567
CC(C)C[C@H](N[C@@H](Cc1cncn1Cc1cc(Cl)cc(Cl)c1)C(=O)O)C(=O)O,0.0015174812
FC(F)(F)c1ccc(N2CCNCC2)nc1Cl,2.764068e-07
COc1cc(C(=O)NCC2(N(C)C)CCCC2)cc(OC)c1OCc1ccccc1,0.001630097
O=C1c2cccnc2OC[C@@H]2CCCN12,0.00093900587
CCc1c(C(=O)NCCc2ccc(N3CCCCC3)cc2)[nH]c2ccc(Cl)cc12,0.0019346644
CC1(CN)Cc2ccccc2C1,0.002930625
C=C1C(=O)[C@]23[C@H](O)[C@H]1CC[C@H]2[C@@]12CO[C@]3(O)[C@@H](O)[C@@H]1C(C)(C)CC[C@@H]2O,2.0961002e-06
CN[C@H](CC(C)C)C(=O)N[C@H]1C(=O)N[C@@H](CC(N)=O)C(=O)N[C@H]2C(=O)N[C@H]3C(=O)N[C@H](C(=O)N[C@H](C(=O)O)c4cc(O)cc(O)c4-c4cc3ccc4O)[C@H](O[C@H]3C[C@](C)(N)[C@@H](O)[C@H](C)O3)c3ccc(c(Cl)c3)Oc3cc2cc(c3O[C@@H]2O[C@H](CO)[C@@H](O)[C@H](O)[C@H]2O[C@H]2C[C@](C)(NCc3ccc(-c4ccc(Cl)cc4)cc3)[C@@H](O)[C@H](C)O2)Oc2ccc(cc2Cl)[C@H]1O,0.0019421874
CCCCCCCCCCC[C@@H](C[C@@H]1OC(=O)[C@H]1CCCCCC)OC(=O)[C@H](CC(C)C)NC=O,0.004894555
COc1ccc2c(c1)OC(C)(C)[C@@H](c1ccccc1)[C@@H]2c1ccc(OCCN2CCCC2)cc1,0.0007067948
Cc1ncc([N+](=O)[O-])n1C[C@@H](O)CCl,0.9273975
NCCC[C@H](NC(=O)[C@@H]1CCCN1C(=O)[C@@H]1CSSC[C@H](N)C(=O)N[C@@H](Cc2ccc(O)cc2)C(=O)N[C@@H](Cc2ccccc2)C(=O)N[C@@H](CCC(N)=O)C(=O)N[C@@H](CC(N)=O)C(=O)N1)C(=O)NCC(N)=O,0.00033163663
NCCC[C@@H](N)C(=O)O,0.0012812109
O=C(O)c1cc(=O)[nH]c(=O)[nH]1,0.020708632
CC(C)C[C@H](NC(=O)[C@H](CCCCN)NC(=O)[C@H](CCCNC(=N)N)NC(=O)[C@H](C)NC(=O)[C@H](CO)NC(=O)[C@H](CCCCN)NC(=O)[C@H](CCCNC(=N)N)NC(=O)[C@H](C)NC(=O)CNC(=O)[C@@H](NC(=O)[C@H](Cc1ccccc1)NC(=O)CNC(=O)CNC(=O)[C@@H](N)Cc1ccccc1)[C@@H](C)O)C(=O)N[C@@H](C)C(=O)N[C@@H](CC(N)=O)C(=O)N[C@@H](CCC(N)=O)C(=O)O,0.03023115
Cc1ccccc1[C@@H](OCCN(C)C)c1ccccc1,0.012729017
CNC(=O)c1ccc2cc([C@]3(O)CCn4cncc43)ccc2c1,0.0008670304
NC1CCC(N[C@@H]2C[C@H]2c2ccccc2)CC1,0.0002398979
CCC(CC)O[C@@H]1C=C(C(=O)O)C[C@H](N)[C@H]1NC(C)=O,0.0009596674
CCOC(=O)C1=C[C@@H](OC(CC)CC)[C@H](NC(C)=O)[C@@H](N)C1,0.00030267372
c1ccc2c(c1)OC[C@H](CNCCCOc1ccc3c(c1)OCO3)O2,0.0010550282
COc1cccc2cc(-c3nc([C@H]4CC[C@H](C(=O)O)CC4)n4ncnc(N)c34)[nH]c12,0.0005479604
C#Cc1cccc(Nc2ncnc3cc(OCCOC)c(OCCO)cc23)c1,0.0020633845
O=C(Nc1ccc(OC(F)(F)F)cc1)c1sccc1NCc1ccnc2ccccc12,1.1545177e-05
N#Cc1ccc([C@H]2CCc3cncn32)c(F)c1,0.0011818182
C=CC(=O)Nc1cc(Nc2nccc(-c3cn(C)c4ccccc34)n2)c(OC)cc1N(C)CCN(C)C,0.018247217
OCCOc1ccc(/C(=C(/CCCl)c2ccccc2)c2ccccc2)cc1,0.0035445224
C[C@](O)(COc1ccc(C#N)cc1)C(=O)Nc1ccc(C#N)c(C(F)(F)F)c1,9.658581e-08
COc1ccc2ccc(=O)oc2c1CC=C(C)C,0.0052000554
CO/N=C1/C[C@@H](C(=O)NC[C@@H](O)c2ccccc2)N(C(=O)c2ccc(-c3ccccc3C)cc2)C1,0.0018802761
COC(=O)[C@H](Cc1cccc(C(=N)N)c1)[C@@H](C)NC(=O)c1ccc(-c2cc[n+]([O-])cc2)cc1,0.0037865438
CCN(CC)C[C@H]1CCCCN1CC(=O)N1c2ccccc2C(=O)Nc2cccnc21,0.00036494058
CCCCCCCCOc1ccccc1C(=O)Nc1ccc(C(=O)OCC[N+](C)(CC)CC)cc1,0.0051503964
CC(=O)c1cnc2ccc(-c3cc(Cl)c(O)c(Cl)c3)nc2c1N[C@H]1CC[C@H](CN(C)C)CC1,0.46453062
Cc1cc(O)c(-c2ccc([C@@H](C)CN)cc2)c2c1[nH]c(=O)c1sccc12,0.012428009
Cc1sc2c(c1C)C(c1ccc(Cl)cc1)=N[C@@H](CC(=O)Nc1ccc(O)cc1)c1nnc(C)n1-2,0.0031762363
C[C@@H]1O[C@@H](O[C@@H]2C[C@@H](O)[C@]3(CO)[C@H]4[C@H](O)C[C@]5(C)[C@@H](C6=CC(=O)OC6)CC[C@]5(O)[C@@H]4CC[C@]3(O)C2)[C@H](O)[C@H](O)[C@H]1O,5.8637585e-08
Fc1ccccc1CNCc1ccc(-c2ccnc3[nH]ccc23)cc1,0.0051190592
CC(=O)N1C[C@H](O)C[C@H]1C(=O)O,0.001229174
Cc1onc(-c2ccccc2)c1C(=O)N[C@@H]1C(=O)N2[C@@H]1SC(C)(C)[C@@H]2C(=O)O,0.966275
O=C1CCCCCCCCCCCCCCO1,0.00017131768
O=C1[O][Pt]2([NH][C@@H]3CCCC[C@H]3[NH]2)[O]C1=O,0.00095560396
O=C(O)C=C(O)C(=O)O,0.010533901
CN1CCCN=C1/C=C/c1cccc(O)c1,0.0015336185
O=C(O)CCc1nc(-c2ccccc2)c(-c2ccccc2)o1,0.0017416965
O=c1[nH]c2ccccc2n1CCCN1CCN(C(c2ccccc2)c2ccccc2)CC1,0.0005380248
NC(=O)N1c2ccccc2CC(=O)c2ccccc21,0.0049623298
CCN(CC)CCOCCOC(=O)C(CC)(CC)c1ccccc1,0.0003353415
CN(C(=O)CN(CCO)CC(=O)N(C)C(C)(C)Cc1ccccc1)C(C)(C)Cc1ccccc1,0.5586268
Cc1noc(C)c1-c1cc(O)cc([C@@H](O)c2ccccc2)c1,0.0064455583
COC(=O)Nc1nc2ccc([S@@](=O)c3ccccc3)cc2[nH]1,0.0075669605
N[C@@H](C(=O)O)c1ccc(O)cc1,0.0014046344
CCCOc1ccc2nc(NC(=O)OC)[nH]c2c1,0.0029762816
Clc1ccc(CO/N=C(\Cn2ccnc2)c2ccc(Cl)cc2Cl)c(Cl)c1,0.9307535
NCCc1cc(O)c(O)cc1O,0.006817795
O=C(O)c1ccc[n+]([O-])c1,0.01364257
O=c1[nH]c2ccccc2n1C1CCN(CCOc2ccccc2)CC1,0.0002604299
NC(=O)CN1C[C@H](O)CC1=O,0.00061867805
CCN(CC)CCc1nc(-c2ccccc2)no1,0.0015381719
CCn1cc(C(=O)O)c(=O)c2cc3c(cc21)OCO3,0.014237208
O=C(O)c1nc(=O)[nH]c(=O)[nH]1,0.012327986
C[N+](C)(C)CC#CCN1CCCC1=O,2.9849503e-05
O=C1CCCN1CC#CCN1CCCC1,5.060755e-06
C=CCOc1ccccc1OC[C@H](O)CNC(C)C,0.0016806807
COc1ccc(C(=O)c2ccccc2)c(O)c1,0.00566497
CCCCOc1cc(C(=O)OCCN(CC)CC)ccc1N,0.00035872567
CCN(CC)CC#CCOC(=O)[C@](O)(c1ccccc1)C1CCCCC1,1.0730379e-05
O=C(Nc1cc(Cl)cc(Cl)c1O)c1c(O)c(Cl)cc(Cl)c1Cl,0.9952996
COc1cccc(C(=O)CCN[C@@H](C)[C@H](O)c2ccccc2)c1,0.002453021
O=C1CCC[C@@H]2[C@H]3CCC[N@+]4([O-])CCC[C@@H](CN12)[C@@H]34,4.3130954e-06
Cc1cc(C(C)(C)C)c(O)c(C)c1CC1=NCCN1,0.00081708026
CCCC[C@H]1C(=O)N(c2ccccc2)N(c2ccc(O)cc2)C1=O,0.0028161968
CN1CCCN=C1COC(=O)[C@](O)(c1ccccc1)C1CCCCC1,8.161975e-05
CC[N+](C)(CC)CCOC(=O)C(O)(c1ccccc1)C1CCCCC1,0.00012894723
O=c1nc2[nH][nH]cc-2c(=O)[nH]1,0.0057703187
Oc1cccc2cccnc12,0.0042075766
CN(C)[C@@H]1C(=O)C(C(N)=O)=C(O)[C@@]2(O)C(O)=C3C(=O)c4c(O)cccc4[C@@](C)(O)[C@H]3[C@H](O)[C@@H]12,0.10496647
CC[C@H](C)[C@@H]1NC(=O)[C@H](Cc2ccc(O)cc2)NC(=O)[C@@H](N)CSSC[C@@H](C(=O)N2CCC[C@H]2C(=O)N[C@@H](CC(C)C)C(=O)NCC(N)=O)NC(=O)[C@H](CC(N)=O)NC(=O)[C@H](CCC(N)=O)NC1=O,8.6917695e-05
O=C(O)/C=C/c1ccc(Cn2ccnc2)cc1,0.005630684
CC(C)Oc1ccc(-c2nc(-c3cccc4c3CC[C@@H]4NCCO)no2)cc1C#N,0.00060912175
CNc1ncc(-c2ccc3c(=O)c(C(=O)O)cn(C4CC4)c3c2C)cc1C,0.1264106
CN1C(=O)[C@H](N2CCCCC2)S/C1=C\C(=O)O,0.000343633
COc1ccc(COc2ccc(CC#N)cc2)cc1,0.005887877
Nc1nc(OCc2ccccc2)c2[nH]cnc2n1,0.0019844812
CCCCCOC(=O)c1ccc(N(C)C)cc1,0.0077762157
CCCCCCOc1cc2c(cc1N(C)c1ncc(C(=O)O)cn1)C(C)(C)CCC2(C)C,0.017123485
C=CCc1cccc(/C=N/NC(=O)CN2CCN(Cc3ccccc3)CC2)c1O,0.00048385872
CC(=O)O[C@H]1C(=O)[C@@]2(C)[C@H]([C@H](OC(=O)c3ccccc3)[C@]3(O)C[C@H](OC(=O)[C@H](O)[C@@H](NC(=O)c4ccccc4)c4ccccc4)C(C)=C1C3(C)C)[C@]1(OC(C)=O)CO[C@@H]1C[C@@H]2O,3.489478e-06
CCCCCCCCCCCCCCCC(=O)C(F)(F)F,5.002293e-07
C1=C/COCc2cc(ccc2OCCN2CCCC2)Nc2nccc(n2)-c2cccc(c2)COC/1,0.00010870633
COCc1nn2c(CN3C[C@@H](CC(F)(F)Cl)CC3=O)c(C(F)(F)F)nc2s1,3.2379988e-11
C[C@@]12C[C@@]3(O)O[C@@H](O1)[C@]1(COC(=O)c4ccccc4)[C@H]3C[C@@]12O[C@@H]1O[C@H](CO)[C@@H](O)[C@H](O)[C@H]1O,6.110943e-08
COc1ccc(C(C)=O)c(O)c1,0.004293183
CON=C(N)c1ccc(-c2ccc(-c3ccc(C(N)=NOC)cc3)o2)cc1,0.012374777
CC(C)CCC(=O)C[C@H]1c2ccccc2C(=O)N1c1ccc2ccc(Cl)nc2n1,0.011866214
CC(=O)c1c(C)c2cnc(Nc3ccc(N4CCNCC4)cn3)nc2n(C2CCCC2)c1=O,0.003380777
O=P(O)(NCCCl)NCCCl,5.0958333e-06
Cc1nc2n(c(=O)c1CCN1CCC(c3noc4cc(F)ccc34)CC1)CCC[C@@H]2O,0.00077696313
COc1cc2c(cc1OC)-c1cc3ccc(OC)c(OC)c3c[n+]1CC2,0.0034170875
CCCCCC/C=C\CCCCCCCC(=O)O,0.018399619
CCCCCCCCCCCCCCCC(=O)O[C@@H](CC(=O)O)C[N+](C)(C)C,0.0269637
CCCCCCCCCCCCCCCC(=O)NCCO,0.038042855
COc1ccc(COc2cc3oc(=O)c4cc([C@@H](C)O)ccc4c3cc2OC)cc1,0.013354777
O=C1c2cccc3c2[C@H](CCC3)CN1[C@@H]1CN2CCC1CC2,4.2827895e-05
Cc1cc(NC(=O)NCCN2CCC(O)(Cc3ccccc3)CC2)c2ccccc2n1,0.0003132641
CC1(C)CCC(C)(C)c2cc(Cn3cccn3)c(/C=C/c3ccc(C(=O)O)cc3)cc21,0.01570581
Cn1c(=O)c2[nH]c(Br)nc2n(C)c1=O,0.0032396272
NCCC(O)(P(=O)(O)O)P(=O)(O)O,2.7274838e-08
C[C@]12CCCN1CC1=NNC(=O)c3cc(F)cc4[nH]c2c1c34,0.006523955
CC(=O)O[C@H]1C[C@@H]2CC[C@@H]3[C@H](CC[C@@]4(C)[C@H]3C[C@H]([N+]3(C)CCCCC3)[C@@H]4OC(C)=O)[C@@]2(C)C[C@@H]1[N+]1(C)CCCCC1,1.9586384e-06
C=C(N)N1CC[C@H](SC2=C(C(=O)O)N3C(=O)[C@H]([C@@H](C)O)[C@H]3C2)C1,0.23585396
Cc1[nH]c2ccccc2c1CCNCc1ccc(/C=C/C(=O)NO)cc1,0.007856111
CC(C)(CO)[C@@H](O)C(=O)NCCC(=O)NCCSSCCNC(=O)CCNC(=O)[C@H](O)C(C)(C)CO,2.9222894e-05
COc1ccnc(C[S@@](=O)c2nc3ccc(OC(F)F)cc3[nH]2)c1OC,0.00016430307
CC(C)(CO)[C@@H](O)C(=O)NCCC(=O)O,0.00032887913
NC(=O)CN1CC[C@@H](NC(=O)[C@@H]2CCCN2)C1=O,0.00023685895
COc1ccc(Cc2nccc3cc(OC)c(OC)cc23)cc1OC,0.012866273
CCc1cccc2c1c(O)c(C(=O)N(CC)c1ccccc1)c(=O)n2C,0.0389815
Cc1ccc(S(N)(=O)=O)cc1,0.0026038168
CC(=O)Nc1ccc(O)cc1,0.0052363942
Oc1ccc(Cl)cc1,0.0058200946
CC[C@@]1(C)OC(=O)N(C)C1=O,0.0003382887
Cn1c(=O)[nH]c2ncn(C)c2c1=O,0.0015142089
CCCCc1ccc2nc(NC(=O)OC)[nH]c2c1,0.00465707
CC(=O)Nc1ccc(O[C@]2(C)OC(=O)c3ccccc3O2)cc1,0.00402505
CN1CCN(c2cccc3[nH]c(=O)oc23)CC1,0.0014645869
CCC(=O)NS(=O)(=O)c1ccc(-c2c(-c3ccccc3)noc2C)cc1,0.00048434144
CCOc1ccc(C(=O)OCCN(CC)CC)cc1,0.00038684445
C#CCN(C)Cc1ccccc1,0.0026222314
C[C@H](/C=C/[C@H](C)C(C)(C)O)[C@H]1CC[C@H]2/C(=C/C=C3C[C@@H](O)C[C@H](O)C3)CCC[C@]12C,0.00013310196
Cc1cnc(C(=O)N[C@H]2CCCCC/C=C\[C@@H]3C[C@@]3(C(=O)NS(=O)(=O)C3CC3)NC(=O)[C@@H]3C[C@@H](Oc4nc5ccccc5c5ccccc45)CN3C2=O)cn1,4.243286e-05
NC[C@@H]1O[C@H](O[C@H]2[C@@H](O)[C@H](O[C@@H]3[C@@H](O)[C@H](N)C[C@H](N)[C@H]3O[C@H]3O[C@H](CO)[C@@H](O)[C@H](O)[C@H]3N)O[C@@H]2CO)[C@H](N)[C@@H](O)[C@@H]1O,1.5077448e-07
Fc1ccc([C@@H]2CCNC[C@H]2COc2ccc3c(c2)OCO3)cc1,0.0007135923
CCC(=O)c1ccc(O)cc1,0.0031604564
CCOc1c([C@H](C)n2nc(C)c3c(N)ncnc32)cc(Cl)c(F)c1[C@@H]1CNC(=O)C1,0.023552034
C=C1C(=O)O[C@H]2[C@H]1CC/C(C)=C/CC[C@@]1(C)O[C@@H]21,0.0006619191
C=C1C(=O)O[C@H]2[C@H]1CC/C(C)=C\CC[C@@]1(C)O[C@@H]21,0.00061008916
C=C1C(=O)O[C@@H]2[C@H]3O[C@]3(C)CC/C=C(\C)CC[C@@H]12,0.0007013331
NCCCC[C@@H]1NC(=O)[C@@H](Cc2c[nH]c3ccccc23)NC(=O)[C@H](c2ccccc2)NC(=O)[C@@H]2C[C@@H](OC(=O)NCCN)CN2C(=O)[C@H](Cc2ccccc2)NC(=O)[C@H](Cc2ccc(OCc3ccccc3)cc2)NC1=O,0.012852835
NCc1cc(Oc2cccc(C(=O)N3C[C@@H](O)[C@H](F)C3)c2)nc(C(F)(F)F)c1,6.150303e-08
CC[C@H](NC(=O)c1c(NS(C)(=O)=O)c(-c2ccccc2)nc2ccccc12)c1ccccc1,0.0010404603
Cc1ccc(Nc2nccc(N(C)c3ccc4c(C)n(C)nc4c3)n2)cc1S(N)(=O)=O,0.0015942096
C[C@H]1COc2c(C3(N)CC3)c(F)cc3c(=O)c(C(=O)O)cn1c23,0.2653537
CCCCCc1cccc(CC(=O)O)c1,0.0068665836
CN(C)Cc1ccc2c(Cl)cc(Cl)c(O)c2n1,0.4249741
COC(=O)C1=C(C)NC(C)=C(C(=O)OCCSc2ccccc2)[C@@H]1C,5.3406104e-05
CN(C)Cc1c(C(=O)NCCOc2ccc(C(=O)NO)cc2)oc2ccccc12,0.0015163025
N=C(N)c1ccc2nc(-c3cc(CC(=O)N[C@@H](CC(=O)O)C(=O)O)cc(-c4cc(S(N)(=O)=O)ccc4O)c3O)[nH]c2c1,0.00053650775
Nc1ncnc2c1c(-c1ccc(Oc3ccccc3)cc1)nn2C1CCCC1,0.0027169122
COc1ccc(Cn2ccc3ccc(C(=O)NO)cc32)cc1,0.008800483
CC1(C)Oc2ccc(C#N)cc2[C@@H](OC2=CC(=O)CC2)[C@@H]1O,0.0007247978
O=C(NOC[C@H](O)CO)c1ccc(F)c(F)c1Nc1ccc(I)cc1F,0.92501205
CCOC(=O)c1c(C)[nH]c2ccc3c(c12)CN1CCc2cc(OC)ccc2[C@H]1O3,0.00011044329
O=C(O)c1ccccc1Nc1ccc(CCc2ccc(Cl)c(Cl)c2)cc1,0.02908016
Cc1cc(Cn2cnc3c2C[C@@H](C(=O)O)N(C(=O)C(c2ccccc2)c2ccccc2)C3)ccc1N(C)C,0.055242725
CCCN1CCO[C@@H]2c3cc(O)ccc3OC[C@H]21,0.00015727452
COc1cc2ncnc(Nc3cccc(Br)c3)c2cc1OC,0.008504802
COc1ccc(C(=O)/C(Cc2cc(OC)c(OC)c(OC)c2)=C(\C(=O)O)c2ccc3c(c2)OCO3)cc1,0.01176019
CNc1cc2c(Nc3cccc(Br)c3)ncnc2cn1,0.0062625622
CC(C)c1ccccc1S(=O)(=O)c1cc(N)c2ncccc2c1[N+](=O)[O-],0.003990885
CCN(CC)CCCCNc1ncc2cc(-c3c(Cl)cccc3Cl)c(NC(=O)NC(C)(C)C)nc2n1,0.0047774618
CCN(CC)CCOc1ccc(Nc2ncc3cc(-c4c(Cl)cccc4Cl)c(=O)n(C)c3n2)cc1,0.035716202
CC(C)[C@H](NS(=O)(=O)c1ccc(-c2ccc(Br)cc2)cc1)C(=O)O,0.00064531894
Cc1cccc(C(=O)NCN2CCN(c3ccccc3C#N)CC2)c1,0.00013647926
C=CC(=O)Nc1ccc2ncnc(Nc3cccc(Br)c3)c2c1,0.00891729
Cc1ccc(N2CCN(CC[C@H]3NC(=O)c4ccccc43)CC2)cc1C,0.00031238704
CCN(CC)CCCCNc1ncc2cc(-c3cc(OC)cc(OC)c3)c(NC(=O)NC(C)(C)C)nc2n1,0.00090912177
CC(C)C[C@@H](C(=O)N[C@@H](Cc1ccc(OCc2ccccc2)cc1)C(=O)NC(C)(C)C)N(C)Cc1ccc(C(C)(C)C)cc1,0.02621841
O=C(NOCC1CC1)c1ccc(F)c(F)c1Nc1ccc(I)cc1Cl,0.9270191
Cc1cc(I)ccc1Nc1c(C(=O)NOCC2CC2)cc(F)c(F)c1F,0.98334855
O=C(NOC[C@H](O)CO)c1cc(Br)c(F)c(F)c1Nc1ccc(I)cc1F,0.9848877
O=C1NC(=O)c2c1c(-c1ccccc1)cc1[nH]c3ccc(O)cc3c21,0.029082725
Cc1sc(N)c(C(=O)c2cccc(C(F)(F)F)c2)c1C,3.9275548e-07
COc1cccc(-c2cc(=O)c3ccccc3o2)c1N,0.010082283
Cc1cc(Cn2c(=O)n(Cc3cnc(C)s3)c(=O)c3cc(S(=O)(=O)NC4(C)CC4)ccc32)n(C)n1,0.0015890806
Cc1ncc(C)n2nc([C@@H]3C[C@H]3c3nc4c5cccnc5ccn4c3C)nc12,0.0028945736
CCCCCCCCCCCCCCCc1cccc(OCC(=O)NCCO)c1,0.1348745
COc1cc(OCc2cccc(-c3ccccc3)c2C)cc(OC)c1CN1CCCC[C@H]1C(=O)O,0.001097287
NC(=O)c1cnc2[nH]ccc2c1N[C@@H]1[C@@H]2C[C@@H]3C[C@H]1C[C@@](O)(C3)C2,9.545159e-05
CCn1cc(C(=O)O)c(=O)c2cc(F)c(N3CCN(C)CC3)cc21,0.72820395
O=c1[nH]c2ccccc2c(=O)n1CCCN1CCN(c2ccccc2)CC1,0.00034975357
CCOc1cc2ncc(C#N)c(Nc3ccc(F)c(Cl)c3)c2cc1NC(=O)/C=C/CN(C)C,0.10745115
Cc1nc(=O)c(C#N)c(NCc2cccnc2)[nH]1,0.0012294474
CC[C@@H](Oc1cccc(CN(CCCOc2ccc(OC)cc2)c2nc3ccccc3o2)c1)C(=O)O,0.009087377
Nc1nc(=O)c2c(CCc3ccc(C(=O)N[C@@H](CCC(=O)O)C(=O)O)cc3)c[nH]c2[nH]1,0.00057656533
Cc1cccn2c(=O)c(-c3nn[nH]n3)cnc12,0.0023212559
CN1C(C)(C)CCCC1(C)C,0.017145729
CC(C)(C)NC[C@H](O)COc1ccccc1C1CCCC1,0.0004573909
Nc1nc(=O)c2ncn(CCC(CO)CO)c2[nH]1,0.0026515648
OC1(c2ccc(Cl)c(C(F)(F)F)c2)CCN(CCCC(c2ccc(F)cc2)c2ccc(F)cc2)CC1,3.968644e-07
CC(C)(S)[C@@H](N)C(=O)O,0.001469951
CC1(C)S[C@@H]2[C@H](NC(=O)COc3ccccc3)C(=O)N2[C@H]1C(=O)O,0.7610628
CCCCCCCCCCCCCCCCCCCCCCCCC(=O)O,0.75007117
CSCC[C@H](NC(=O)[C@H](Cc1c[nH]c2ccccc12)NC(=O)CCNC(=O)OC(C)(C)C)C(=O)N[C@@H](CC(=O)O)C(=O)N[C@@H](Cc1ccccc1)C(N)=O,0.0009335673
N=C(N)c1ccc(OCCCCCOc2ccc(C(=N)N)cc2)cc1,0.062031366
O=C(O)CN(CCN(CC(=O)O)CC(=O)O)CCN(CC(=O)O)CC(=O)O,1.613918e-05
C[N+]1(CCCCC[N+]2(C)CCCC2)CCCC1,0.00010682195
OC[C@H]1O[C@@H](n2cnc3c2NC=NC[C@H]3O)C[C@@H]1O,0.0005626101
CC(=O)CCCCn1c(=O)c2c(ncn2C)n(C)c1=O,0.0020480773
C1CCc2nnnn2CC1,0.0017701834
COc1ccc([C@@H](O)c2cc(-c3ncnc4cc(N5CCOCC5)ccc34)c(F)cc2Cl)nn1,0.4115337
CC(C)CC(=O)N[C@H](C(=O)N[C@H](C(=O)N[C@@H](CC(C)C)[C@@H](O)CC(=O)N[C@@H](C)C(=O)N[C@@H](CC(C)C)[C@@H](O)CC(=O)O)C(C)C)C(C)C,8.8839326e-05
CCC(CC)[C@H](NC(C)=O)[C@@H]1[C@H](O)[C@@H](C(=O)O)C[C@H]1NC(=N)N,0.00040508388
NC(=S)N/N=C/c1ccncc1,0.0069023115
CC(C)=CCC/C(C)=C/CC/C(C)=C/C=C/C(C)=C/C(=O)O,0.0027511548
FC(F)(F)C(F)(F)C(F)(F)N(C(F)(F)C(F)(F)C(F)(F)F)C(F)(F)C(F)(F)C(F)(F)F,0.0
FC(F)(F)C(F)(F)C(F)(F)C(F)(F)C(F)(F)C(F)(F)C(F)(F)C(F)(F)Br,0.0
FC1(F)C(F)(F)C(F)(F)C2(F)C(F)(F)C(F)(F)C(F)(F)C(F)(F)C2(F)C1(F)F,0.0
CCCCCCCCC(F)(F)C(F)(F)C(F)(F)C(F)(F)C(F)(F)C(F)(F)F,2.8164177e-29
CCCN1C[C@H](CSC)C[C@@H]2c3cccc4[nH]cc(c34)C[C@H]21,0.00019107752
C1CCC(C(C[C@H]2CCCCN2)C2CCCCC2)CC1,1.5144954e-05
CCCCCCCCCCCCCCCCCCOP(=O)(O)OC1CC[N+](C)(C)CC1,0.0027053836
C=C(C)[C@@H]1CC=C(CO)CC1,0.00051431695
CCC[C@H](N[C@@H](C)C(=O)N1[C@H](C(=O)O)C[C@@H]2CCCC[C@@H]21)C(=O)OCC,0.000119686316
CCC[C@H](N[C@@H](C)C(=O)N1[C@H](C(=O)O)C[C@@H]2CCCC[C@@H]21)C(=O)O,0.00026588325
CC1(C)[C@@H](C=C(Cl)Cl)[C@@H]1C(=O)OCc1cccc(Oc2ccccc2)c1,0.017666088
O=C1[C@H]2CCCC[C@H]2C(=O)N1CCCCN1CCN(c2nsc3ccccc23)CC1,5.668293e-05
OCCN1CCN(CCCN2c3ccccc3Sc3ccc(Cl)cc32)CC1,0.00040327662
CO[C@H]1[C@@H](O)[C@@H](C)O[C@@H](O[C@H]2CC[C@@]3(C=O)[C@H](CC[C@@H]4[C@@H]3CC[C@]3(C)[C@@H](C5=CC(=O)OC5)CC[C@]43O)C2)[C@@H]1O,2.895542e-07
O=c1c2c(c1=O)N(CCP(=O)(O)O)CCCN2,0.0017813796
O[C@@H](Cc1ccncc1)C(Cl)(Cl)Cl,0.0015120712
NS(=O)(=O)OC[C@@H]1C[C@@H](n2ccc3c(N[C@H]4CCc5ccccc54)ncnc32)C[C@@H]1O,3.2299657e-05
FC(F)(F)c1ccc(CNc2ccc(Cc3c[nH]c4ncc(Cl)cc34)cn2)cn1,7.973243e-06
Cc1ccc(-n2nc(C(C)(C)C)cc2NC(=O)NCc2cc(F)ccc2Oc2ccc3c(cnn3CCO)c2)cc1,0.024736013
Cc1cc(Oc2c(C3CC3)nn(CS(C)(=O)=O)c2C)cc(C)c1C#N,0.00036948605
Cn1cc(-c2ccncc2)c(-c2ccc(OCc3ccc4ccccc4n3)cc2)n1,0.011346887
CCCOCCn1c(=O)c(N2CCN(CCO)CC2)nc2cnc(-c3ccc(OC)nc3)cc21,0.00048051818
CCC[C@H](N[C@H]1CCc2cc(F)cc(F)c2C1)C(=O)Nc1cn(C(C)(C)CNCC(C)(C)C)cn1,0.43825898
Cc1nc(Nc2[nH]nc3c2CN(C(=O)N[C@H](CN(C)C)c2ccccc2)C3(C)C)c2sccc2n1,0.0003543343
CC(=O)NCC(=O)N1[C@@H]2CC[C@H]1c1ccc(Nc3ncc(C(F)(F)F)c(NC4CCC4)n3)cc12,6.821516e-08
N#Cc1ccc(N2N=C3c4ccc(C(=O)O)cc4CCC3[C@@H]2C2CCCC2)cc1Cl,0.00043371064
O=C(NCC(=O)N1CC[C@H](N[C@H]2CC[C@@](O)(c3ccc(-c4ncccn4)cn3)CC2)C1)c1cccc(C(F)(F)F)c1,1.652956e-08
OCCn1cc(-c2cnc3nnn(Cc4ccc5ncccc5c4)c3n2)cn1,0.0019330685
COc1ccc2cc(OCC3(C(=O)O)CN(C(=O)c4ccc(F)cc4)C3)ccc2c1,0.0002497599
C[C@@H]1CN(Cc2ncccn2)C[C@H]1c1nc(=O)c2cnn(C3CCOCC3)c2[nH]1,0.00096024724
O=C(Nc1cccnn1)N1CCC(=Cc2cccc(Oc3ccc(C(F)(F)F)cn3)c2)CC1,1.13770405e-07
Nc1ncnc2c1C(=O)N(c1ccc([C@H]3CC[C@H](CC(=O)O)CC3)cc1)CCO2,0.00039474983
COc1ccc(-c2cc3c(C)nc(N)nc3n([C@H]3CC[C@H](OCCO)CC3)c2=O)cn1,0.0009717737
CC(C)(N)c1nc(-c2ccc(OC(F)(F)F)cc2)c[nH]1,2.8033655e-06
Cc1cnc(NC(=O)c2cc(Oc3cnc(C(=O)N(C)C)nc3)c3cc(C)oc3c2)cn1,0.001992555
OC1(CN2CCC(COc3noc4cccc(O[C@@H]5CCOC5)c34)CC2)CCOCC1,1.8110137e-05
Nc1[nH]ncc1-c1cc(Cl)ccc1Oc1cc(F)c(S(=O)(=O)Nc2cscn2)cc1Cl,0.0039910097
Cc1nc2ccc(C(=O)N3CCC4(CC3)CC(=O)c3c(cnn3C(C)C)C4)cc2[nH]1,7.90749e-05
Cc1nc(-c2cnn(C)c2-c2ccc(C(F)(F)F)cn2)c2c(N3CCC3)ncnn12,4.167389e-08
Cc1cc(-c2ccc3c(c2)CC[C@H]3N2CC3(CCN(C(=O)Cc4cn5cc(C)sc5n4)CC3)C2)ncn1,2.2316678e-06
CN(C)C1CCN(C(=O)c2ccc(NC(=O)Nc3ccc(-c4nc(N5CCOCC5)nc(N5CCOCC5)n4)cc3)cc2)CC1,0.00024774918
C[C@@H]1CNS(=O)(=O)N(c2ccc3c(C#N)nccc3c2)C1,2.0151898e-05
CC(C)(CO)n1cc(C(=O)c2cncc(NC(=O)Cc3ccc(Cl)cn3)c2)c2cnc(N)nc21,0.01607917
COc1ccc(Cl)cc1-c1cc(=O)[nH]c(=S)n1CC(N)=O,0.0306975
C[C@@H](C(N)=O)[C@H](N)c1nc2cc(C(C)(C)C)ccc2[nH]1,0.0018543829
O=C(O)c1c[nH]c2cc(Cl)c(-c3ccc(C4(O)CCC4)cc3)cc12,0.0013888406
Cc1cc(Oc2nccc3[nH]ncc23)ccc1-c1c(C)ncnc1C,0.0072257547
N#Cc1cccc(-c2c[nH]c3ncnc(N4CCOCC4)c23)c1,0.0012646146
C=CC(=O)N1C[C@H](COc2nc(Nc3cnn(C)c3)nc3[nH]cc(Cl)c23)[C@@H](OC)C1,0.00081773405
CC[C@@H]1[C@H](F)C(=O)N[C@@H]1COc1nccc2cc(C(N)=O)c(OC)cc12,0.00033926006
C=CC(=O)N1C[C@H](Nc2ncnc3[nH]ccc23)CC[C@@H]1C,0.0015956744
C=CC(=O)N[C@@H]1CN(c2nc(Nc3cn(C)nc3OC)c3ncn(C)c3n2)C[C@H]1F,9.497013e-05
C[C@H]1C[C@H]2CSC(N)=N[C@@]2(c2nc(NC(=O)c3ccc(OC(F)F)cn3)cs2)CO1,3.267203e-05
O=C1C[C@H](c2c[nH]c3ccc(F)cc23)C(=O)N1,0.0035018008
C[C@@]1(O)CCC[C@H]1n1c(=O)c(C(F)F)cc2cnc(NC3CCN(S(C)(=O)=O)CC3)nc21,1.2200784e-06
O=C(N[C@H]1CCCC[C@H]1C(=O)O)c1cnn2c(O)cc(-c3ccccc3)nc12,0.0019337144
COCc1nnc(N2CC(Oc3ccc(F)cc3Cl)C2)n1-c1ccc(OC)nc1,0.06321494
O=C(Nc1cccnc1)N1CCC(Cc2cccc(Oc3ccc(C(F)(F)F)cn3)c2)CC1,1.708911e-07
Cn1nccc1-c1ccc(Sc2cccc(C3(C(N)=O)CCOCC3)c2)cc1,0.0011112426
CCN(CC)Cc1ccc(C(=O)N(CCc2ccccc2OC)[C@@H]2CCNC2)cc1,0.00048242646
CN(c1ccccc1CNc1nc(Nc2ccc3c(c2)CC(=O)N3)ncc1C(F)(F)F)S(C)(=O)=O,6.159131e-08
CCc1cncnc1N1CCN(Cc2nc3ccc(C(F)(F)F)cc3[nH]2)CC1,1.8750638e-08
Cn1cc(-c2[nH]c3cc(NC(=O)[C@H](N)C4CCCCC4)cc4c3c2C=NNC4=O)cn1,0.0012744671
Nc1ncnc2c1c(COc1cccc(Cl)c1)nn2C1CCOCC1,0.0011055551
Cc1ccc(-c2c(-c3nn(C)c4ncnc(N5CC[C@H](N6CCCCC6)C5)c34)cnn2C)cc1,0.00011238028
CC(F)(F)CN1CCOc2c(nn(-c3ccccc3Cl)c2-c2ccc(Cl)cc2)C1=O,4.562138e-05
Cc1cnc(-c2cc(N3CCN(C(=O)CCS(C)(=O)=O)CC3)ncc2Cl)c(C)c1,0.001396957
CN(c1ncccc1CNc1nc(Nc2ccc3c(c2)CC(=O)N3)ncc1C(F)(F)F)S(C)(=O)=O,3.9430013e-08
CS(=O)(=O)c1cccc(CNc2nc(Nc3ccc4c(c3)CCC(=O)N4)ncc2C(F)(F)F)c1,1.8476447e-07
Nc1nccc(-c2c(-c3ccc(F)cc3)ncn2C2CCCCC2)n1,0.003119792
O=C(Nc1ccccc1)N1CCC(Cc2cnc3ccccc3c2)CC1,0.0009946622
O=C(CCN1CCN(C(=O)OCc2cc(Cl)cc(Cl)c2)CC1)c1ccc2[nH]c(=O)oc2c1,0.00024316051
N#Cc1ccc(-c2ccc(S(=O)(=O)Nc3cccc(N)n3)cc2)cc1,0.0015334053
COc1ccccc1S(=O)(=O)Nc1ccc2c(c1)CN(C)C(=O)N2,0.000348633
O=C(/C=C/N1C[C@H]2C[C@@H]1CN2c1ccccn1)c1ccccc1O,0.00057654415
COc1ccccc1C(=O)Nc1cc2c(cc1N1CCCC1)n(C)c(=O)n2C,0.0030438863
O=C(/C=C/c1ccc2ccccc2n1)c1ccncc1,0.0070237014
O=C(/C=C/c1ccc2ccc(C(F)(F)F)cc2n1)c1ccncc1,9.450749e-07
C[C@@H](C(=O)O[C@H]1C[C@H]2CC[C@@H](C1)N2C)c1ccc(Br)cc1,0.00036020865
N#C[C@H](c1ccnc(OCc2ccc(CN3CCOCC3)cc2)n1)c1nc2ccccc2s1,0.00020006555
CNC(=O)c1ccc(C)c(-n2c(C)cc(OCc3ccc(F)cc3F)c(Br)c2=O)c1,0.20442662
O=C(N[C@H]1CN2CCC1CC2)c1cc2ccoc2cn1,0.00028058686
O=C(N[C@H]1CN2CCC1CC2)c1ccc2c(c1)OCCO2,8.971201e-05
Cc1[nH]c(/C=C2\C(=O)Nc3ccc(S(=O)(=O)Cc4c(Cl)cccc4Cl)cc32)c(C)c1C(=O)N1CCC[C@@H]1CN1CCCC1,7.302816e-05
CCc1cccc(CC)c1NC(=O)N1Cc2n[nH]c(NC(=O)c3ccc(N4CCN(C)CC4)cc3)c2C1,0.0007292406
O=C1NCCc2[nH]c(-c3ccncc3)cc21,0.0030212293
CC(C)CC(=O)Nc1[nH]nc2c1CN(C(=O)C1CCN(C)CC1)C2(C)C,1.2442356e-05
CNC(=O)c1nn(C)c2c1C(C)(C)Cc1cnc(Nc3ccc(N4CCN(C)CC4)cc3)nc1-2,0.0006760229
O=C(Nc1ccccc1)[C@]12C[C@H]1/C(=N\O)c1ccccc1O2,0.0013114773
CCOc1ccc(N=C(C)Nc2ccc(OCC)cc2)cc1,0.016110113
NC(=O)NC(=O)Cc1ccccc1,0.004330359
CCOc1ccc(NC(C)=O)cc1,0.0060326043
Cc1cc(=O)n(-c2ccccc2)n1C,0.0066192797
Nc1ccc(/N=N/c2ccccc2)c(N)n1,0.0070835855
NNCCc1ccccc1,0.0034400062
C[C@@H](Oc1ccccc1)C(=O)N[C@@H]1C(=O)N2[C@@H]1SC(C)(C)[C@@H]2C(=O)O,0.97219265
S=C=NCCc1ccccc1,0.0030226316
N=C(N=C(N)N)NCCc1ccccc1,0.001904216
CN1CCC2=C(C1)[C@H](c1ccccc1)c1ccccc12,0.0013501806
O=C1c2ccccc2C(=O)C1c1ccccc1,0.003921063
CN(C)CC[C@@H](c1ccccc1)c1ccccn1,0.005093358
Oc1ccccc1,0.004026475
O=C1OC(c2ccc(O)cc2)(c2ccc(O)cc2)c2ccccc21,0.01085524
O=S1(=O)OC(c2ccc(O)cc2)(c2ccc(O)cc2)c2ccccc21,0.0046196845
c1ccc2c(c1)Nc1ccccc1S2,0.0048256256
CC(C)=C[C@H]1[C@@H](C(=O)OCc2cccc(Oc3ccccc3)c2)C1(C)C,0.0017780893
CC(COc1ccccc1)N(CCCl)Cc1ccccc1,0.002407725
NC(=O)OCCCc1ccccc1,0.0028645329
CC[C@@H](c1ccccc1)c1c(O)c2ccccc2oc1=O,0.0060016583
CN1CC[C@@]2(C)c3cc(OC(=O)Nc4ccccc4)ccc3N(C)[C@@H]12,0.0055281795
CN1C(=O)C[C@H](c2ccccc2)C1=O,0.0017947962
Cc1ccc(N(CC2=NCCN2)c2cccc(O)c2)cc1,0.0028573084
Nc1ccc(C(=O)Oc2ccccc2)c(O)c1,0.0054986877
O=C(Oc1ccccc1)c1ccccc1O,0.0051682875
NC(=O)CC[C@H](NC(=O)Cc1ccccc1)C(=O)O,0.0013340266
O=S(=O)(O)c1ccc2nc(-c3ccccc3)[nH]c2c1,0.0007108824
CCCCC1C(=O)N(c2ccccc2)N(c2ccccc2)C1=O,0.0040707504
O=C(O)CCCc1ccccc1,0.0022566295
CNC[C@H](O)c1cccc(O)c1,0.0038149653
OCCc1ccccc1,0.0032905482
CC(=O)[O][Hg][c]1ccccc1,0.0037990492
O=S(=O)(F)Cc1ccccc1,0.00022347622
NC(=O)CN1C[C@H](c2ccccc2)CC1=O,0.000799285
O=C1NC(=O)C(c2ccccc2)(c2ccccc2)N1,0.003348173
CCn1c2ccccc2c2cc(CNC)ccc21,0.0059764674
O=C(CCc1ccc(O)cc1)c1c(O)cc(O)cc1O,0.0050497674
O=C(CCc1ccc(O)cc1)c1c(O)cc(O)cc1O[C@@H]1O[C@H](CO)[C@@H](O)[C@H](O)[C@H]1O,0.0002543188
Oc1cc(O)cc(O)c1,0.00413601
Cc1cc(-c2nc3cc(F)ccc3s2)ccc1NC(=O)[C@@H](N)CCCCN,0.033060905
CCCCC/C=C\C/C=C\CCCCCCCC(=O)O[C@H](COC(=O)CCCCCCCCCCCCCCC)CO[P@@](=O)(O)OCC[N+](C)(C)C,0.00026857064
On1ncc(C2CCNCC2)c1-c1cccc(-c2ccccc2)c1,0.0015950508
CCCCCCCCCCCCc1ccc(S(=O)(=O)Nc2nncs2)cc1,0.00613781
CC(=O)NS(=O)(=O)c1ccc(NC(=O)c2ccccc2C(=O)O)cc1,0.00046700207
O=C(O)c1ccccc1C(=O)Nc1ccc(S(=O)(=O)Nc2nccs2)cc1,0.0009215077
Oc1ccc(-c2c(-c3ccccc3)nn3c(C(F)(F)F)cc(C(F)(F)F)nc23)cc1,7.8902225e-11
CNC(=O)Oc1ccc2c(c1)[C@]1(C)CCN(C)[C@@H]1N2C,0.0021023352
CC1=C(C/C=C(\C)CCC[C@H](C)CCC[C@H](C)CCCC(C)C)C(=O)c2ccccc2C1=O,0.048429508
CCCCCCCCCCCCCC[C@@H](O)[C@@H](O)[C@@H](N)CO,0.018996613
Oc1cccc(-c2nc(N3CCOCC3)c3oc4ncccc4c3n2)c1,0.0035143176
Nc1ccc(-c2cccc3c(=O)cc(N4CCOCC4)oc23)cc1,0.005587153
CN1CCN(c2ccc3nc(-c4ccc5nc(-c6ccc(O)cc6)[nH]c5c4)[nH]c3c2)CC1,0.0035139034
CCCCN1CCC(CNC(=O)c2c3n(c4ccccc24)CCCO3)CC1,0.00010131671
CNC(=S)[C@@]1(c2ccccn2)CCCS1,0.0018385253
Oc1cc(O)cc(/C=C/c2ccc(O)c(O)c2)c1,0.0047276556
COc1ccc(C(=O)Nc2c(Cl)cncc2Cl)cc1OC1CCCC1,0.07763797
NCc1cccnc1,0.004186647
O=C(O)c1ccccn1,0.006563046
OCc1ccccn1,0.002955472
COc1ccc(C(=O)NCc2cccnc2)cc1C(=O)NCc1cccnc1,0.005405113
CC(C)(O)[C@H]1[C@H]2OC(=O)[C@@H]1[C@@]1(O)C[C@H]3O[C@]34C(=O)O[C@@H]2[C@]41C,6.3350446e-05
C=C(C)[C@@H]1[C@H]2OC(=O)[C@H]1[C@]1(O)C[C@H]3O[C@]34C(=O)O[C@H]2[C@]14C,1.0511733e-05
O=C1CC[C@@H](C(=O)O)N1,0.00097159506
O=C1CC[C@@H](C(=O)N2CSC[C@H]2C(=O)O)N1,0.0002842021
Cc1ccc(C(=O)Cn2c3c(sc2=N)CCCC3)cc1,0.003634828
Cc1ccc(-c2cn3c4c(sc3n2)CCCC4)cc1,0.0051024267
NS(=O)(=O)C#Cc1ccccc1,0.00033110398
Cc1ccccc1-n1c(Cn2ncc3c(N)ncnc32)nc2cccc(C)c2c1=O,0.008095587
Cc1ccccc1-n1c(Cn2nc(-c3cccc(O)c3)c3c(N)ncnc32)nc2cccc(C)c2c1=O,0.0067713126
Cc1ccc([N+](=O)[O-])cc1S(=O)(=O)N(C)/N=C/c1cnc2ccc(Br)cn12,0.00021903902
CC(=O)Nc1nc(C)c(-c2ccc(Cl)c(S(=O)(=O)NCCO)c2)s1,5.8983464e-05
O=C(O)CCCNC(=O)c1cccnc1,0.0012646285
Cc1ccnc(NC(=O)[C@H](C)c2cccc(C(=O)c3ccccc3)c2)c1,0.011100296
COc1ccc(Cl)c(Nc2nc3ccccc3nc2NS(=O)(=O)c2cccc(NC(=O)C(C)(C)N)c2)c1,0.00024283267
CC[C@@H]1C(=O)OC[C@@H]1Cc1cncn1C,0.0009457479
Cc1cccc(C)c1NC(=O)CC12CCCN1CCC2,3.9202743e-05
Nc1nccc(-c2ccc3noc(-c4ccc(Cl)cc4)c3c2)n1,0.0114917355
C[C@@H]1C[C@H](N)C[C@H](c2ccncc2NC(=O)c2ccc(F)c(-c3c(F)cccc3F)n2)C1,0.75922877
CC(C)COc1ccc(CNC(=O)N(Cc2ccc(F)cc2)C2CCN(C)CC2)cc1,0.00045741076
CC[C@@H]1/C=C(\C)C[C@H](C)C[C@H](OC)[C@H]2O[C@@](O)(C(=O)C(=O)N3CCCC[C@H]3C(=O)O[C@H](/C(C)=C/[C@@H]3CC[C@H](Cl)[C@H](OC)C3)[C@H](C)[C@@H](O)CC1=O)[C@H](C)C[C@@H]2OC,0.0012561741
CN1CCC(=C2c3ccccc3Sc3ccccc32)CC1,0.0010828036
COc1ccc(-c2nc3ccc(C4=NNC(=O)C[C@H]4C)cc3[nH]2)cc1,0.01054
O=C(O)[C@H]1C2CCC(CC2)[C@@H]1Nc1nc(-c2c[nH]c3ncc(F)cc23)ncc1F,0.01712452
O=[N+]([O-])c1nccn1C[C@@H](O)CN1CCCCC1,0.0051700505
O=c1[nH]c2ccccc2n1C1CCN(CCCC(c2ccc(F)cc2)c2ccc(F)cc2)CC1,0.00042241445
C[C@@H](NC(=NC#N)Nc1ccncc1)C(C)(C)C,0.0002483726
CC1(C)[C@@H]2C[C@@H](O)[C@@](C)(O)[C@H]1C2,0.005289579
COc1cc(Br)c(C[N+]2(CCOCC[C@H]3CC[C@@H]4C[C@H]3C4(C)C)CCOCC2)cc1OC,5.283072e-05
Cc1cccc(C)c1NC(=O)CN1CCCCCC1,0.00074280583
CC(C)NC[C@@H](O)COc1cccc2[nH]ccc12,0.0019331853
CC(C)NC[C@H](O)COc1cccc2[nH]ccc12,0.00200232
CO[C@H]1[C@H](O)[C@@H](O)[C@@H](O)[C@H](O)[C@@H]1O,0.0004941393
O=C1C[C@@H](c2ccccc2)Oc2cc(O)cc(O)c21,0.0034476728
CCc1ccc(CCOc2ccc(C[C@H]3SC(=O)NC3=O)cc2)nc1,0.01675214
NC(=O)C1(N2CCCCC2)CCN(CCCC(=O)c2ccc(F)cc2)CC1,3.675079e-06
CC(=O)O[C@H]1C[C@@H]2CC[C@@H]3[C@H](CC[C@@]4(C)[C@H]3C[C@H](N3CC[N+](C)(C)CC3)[C@@H]4OC(C)=O)[C@@]2(C)C[C@@H]1N1CC[N+](C)(C)CC1,1.8616917e-06
CCn1cc(C(=O)O)c(=O)c2cnc(N3CCNCC3)nc21,0.017574593
CC[N@@+]1(C)CCC[C@H](OC(=O)C(O)(c2ccccc2)c2ccccc2)C1,0.0014627186
CC(=O)c1ccc2c(c1)N(CCCN1CCC(CCO)CC1)c1ccccc1S2,0.00025649212
CCN1CCN(C(=O)N[C@@H](C(=O)N[C@@H]2C(=O)N3[C@@H]2SC(C)(C)[C@@H]3C(=O)O)c2ccccc2)C(=O)C1=O,0.9828016
Clc1ccc2c(N3CCN(CCCN4CCN(c5ccnc6cc(Cl)ccc56)CC4)CC3)ccnc2c1,0.00046713516
C1CNCCN1,0.0016979056
O=C1CNC(=O)CN1,0.001671631
CCN1CCC[C@H](OC(=O)C(c2ccccc2)c2ccccc2)C1,0.001180535
O=C(/C=C/C=C/c1ccc2c(c1)OCO2)N1CCCCC1,0.00026987898
CCCCOCCOCCOCc1cc2c(cc1CCC)OCO2,0.002345712
O=C(CCBr)N1CCN(C(=O)CCBr)CC1,2.2809632e-05
CN1CCN(c2cc3c(nn2)Oc2ccccc2N3C)CC1,0.00073944504
CN(C)S(=O)(=O)c1ccc2c(c1)N(CCCN1CCC(CCO)CC1)c1ccccc1S2,3.5916585e-06
CCCCCCCCCCCCCCCC(=O)OCCC1CCN(CCCN2c3ccccc3Sc3ccc(S(=O)(=O)N(C)C)cc32)CC1,9.217505e-05
NC(=O)CN1CCCC1=O,0.00042271934
COc1cccc2c1C(=O)c1c(O)c3c(c(O)c1C2=O)C[C@@](O)(C(=O)CO)C[C@@H]3O[C@H]1C[C@H](N)[C@H](O[C@@H]2CCCCO2)[C@H](C)O1,0.0081152115
O=C(O)c1cc(=O)c2c3nc4ccccc4oc-3cc(=O)c2[nH]1,0.050572556
Cc1nc2ccccn2c(=O)c1CCN1CCC(C(=O)c2ccc(F)cc2)CC1,0.00056585757
CN1CCN(CC(=O)N2c3ccccc3C(=O)Nc3cccnc32)CC1,0.0007644956
NS(=O)(=O)c1cc(C(=O)O)cc(N2CCCC2)c1Oc1ccccc1,0.0002016507
Cc1ccc(=O)n(-c2ccccc2)c1,0.005523143
c1cnc(N2CCN(Cc3ccc4c(c3)OCO4)CC2)nc1,0.00014571841
CC1(C)[C@@H]2CC[C@@]1(C)C(=O)N(CCCCN1CCN(c3ccccn3)CC1)C2=O,0.00025787606
Cc1cccc(Nc2cc(Cl)nc(SCC(=O)O)n2)c1C,0.018776106
Cc1ccc2c(c1)c1c3n2CCN[C@H]3CCC1,0.00068174524
C[C@@H]1CCC[C@H](C)N1CCC[C@@](O)(c1ccccc1)c1ccccn1,0.0018902853
Cc1cc(C[C@H](C)CC(C)(C)C)n(O)c(=O)c1,0.0081262505
CCOC(=O)c1ccc(OCCC2CCN(c3ccc(C)nn3)CC2)cc1,0.0008457944
CCn1cc(C(=O)O)c(=O)c2cnc(N3CCCC3)nc21,0.0103203375
CN1C(C(=O)Nc2ccccn2)=C(O)c2ccccc2S1(=O)=O,0.0002475761
CCc1[nH]c(=O)[nH]c1C(=O)c1ccncc1,0.005023192
COc1cc(C(=O)OCc2cccc(COC(=O)c3cc(OC)c(OC)c(OC)c3)n2)cc(OC)c1OC,0.0014055242
O=c1[nH]c2ccccc2c2cc(CO)nn12,0.0030295614
O=C1C(c2ccccn2)=[N+]([O-])c2ccccc21,0.13301863
O=C(O)C[C@H](O)C[C@H](O)/C=C/c1c(C2CC2)nc2ccccc2c1-c1ccc(F)cc1,0.0024423804
Clc1ccc(CCCOCCCN2CCCCC2)cc1,0.0006025232
CC(C)(C)C(=O)NCCCC(=O)O,0.00012476847
CC(C)(C)C(=O)OCOC(=O)[C@@H]1N2C(=O)[C@@H](NC(=O)[C@H](N)c3ccccc3)[C@H]2SC1(C)C,0.0007163696
CCCC(=O)OCOC(=O)C(C)(C)C,2.5551959e-05
CC(C)(C)C(=O)OCOC(=O)[C@@H]1N2C(=O)[C@@H](/N=C/N3CCCCCC3)[C@H]2SC1(C)C,3.3366454e-05
NCCNc1ccc(NCCN)c2c1C(=O)c1ccncc1C2=O,0.01384882
CN1CCC(=C2c3ccccc3CCc3sccc32)CC1,0.00066056044
Nc1cc(C(F)(F)F)c(-c2nc(N3CCOCC3)nc(N3CCOCC3)n2)cn1,1.0107057e-07
COc1ncc(-c2nc(N3CCOCC3)nc3c(CN4CCC(C(C)(C)O)CC4)cc(F)cc23)cc1NS(C)(=O)=O,0.00011150487
COc1ccc(-c2sc(NC(=O)C(C)(C)C)nc2C)cc1S(=O)(=O)Nc1ccc(O)cc1,2.5577147e-05
CN(C)CC(=O)Nc1ccc2[nH]c(=O)c3ccccc3c2c1,0.0054017943
CCCC(=O)C1CCN(c2ncnc3c2CN(C(=O)c2ccc(-c4ccccc4)cc2)CC3)CC1,8.8551256e-05
CC[C@@H](C)N(C)C(=O)c1cc2ccccc2c(-c2ccccc2Cl)n1,0.008462834
N[C@@H](CC(=O)N1CCn2c(nnc2C(F)(F)F)C1)Cc1[nH]nc2c(F)c(F)ccc12,9.595476e-07
C[C@@H](Nc1ncnc2[nH]c(-c3ccc(O)cc3)cc12)c1ccccc1,0.004759512
O=C(Nc1ccncc1)Nc1ccc(-c2nc(N3CCOCC3)nc(N3[C@@H]4CC[C@H]3COC4)n2)cc1,0.0009918134
Cc1cc(CCCOc2c(C)cc(-c3noc(C(F)(F)F)n3)cc2C)on1,4.78446e-07
c1cc(CN2CCCNCCNCCCNCC2)ccc1CN1CCCNCCNCCCNCC1,1.9930735e-06
CO[C@H](C(=O)[C@@H](O)[C@@H](C)O)[C@@H]1Cc2cc3cc(O[C@H]4C[C@@H](O[C@H]5C[C@@H](O)[C@H](O)[C@@H](C)O5)[C@@H](O)[C@@H](C)O4)c(C)c(O)c3c(O)c2C(=O)[C@H]1O[C@H]1C[C@@H](O[C@H]2C[C@@H](O[C@H]3C[C@](C)(O)[C@H](O)[C@@H](C)O3)[C@H](O)[C@@H](C)O2)[C@H](O)[C@@H](C)O1,0.00011649745
CC(C)(C)c1nc[nH]c1/C=c1\[nH]c(=O)/c(=C/c2ccccc2)[nH]c1=O,0.014235588
N[C@@H](Cc1ccc(O)cc1)C(=O)O,0.0014827359
CC1=CC(=O)c2c(O)cccc2C1=O,0.0019629952
O=C(NNc1ccccc1)c1ccncc1,0.0043843156
CCCS(=O)(=O)Nc1ccc(F)c(C(=O)c2c[nH]c3ncc(Cl)cc23)c1F,0.2712115
Cc1noc(C)c1-c1cnc2c(-c3ccc(C(=O)O)cc3)cn([C@@H](C)c3ccccn3)c2c1,0.0039186054
FC(F)(F)c1ccc(CNc2ccc(Cc3c[nH]c4ncccc34)cn2)cc1,1.976138e-06
O=C(c1c(F)ccc(NS(=O)(=O)N2CC[C@@H](F)C2)c1F)c1c[nH]c2ncc(-c3cnc(C4CC4)nc3)cc12,6.804982e-05
O=C(O)CC[C@@H](CP(=O)(O)O)C(=O)O,1.5610434e-05
COc1cc(OC)c(NC(=O)Nc2cc(C)on2)cc1Cl,0.03275369
CNC(=O)c1ccc2c(c1)CCO[C@H]2CCN1CCN(c2ccc(C(N)=O)cc2)CC1,8.6019594e-05
CCCNCCc1ccc(NS(=O)(=O)c2ccc(OC(F)(F)F)cc2)cc1,1.938517e-06
Cn1c2c(c3ccccc31)CCNCC2,0.0016422871
O=C(N[C@H]1CN2CCC1CC2)c1ccc(Cl)cc1,0.00044774226
C1CCC(N=C(NC23CC4CC(CC(C4)C2)C3)N2CCOCC2)CC1,1.1777453e-05
Cc1ccc(/C=N/NC(=O)c2ccccc2Oc2ccccc2)o1,0.012424603
Cc1cc2c(N3CCCC3)nc(N3CCCC3)nc2n1C,0.00038254948
COc1ccc(OCc2ccc(COc3c(Cl)cccc3Cl)cc2)c(Cl)c1,0.03123404
COc1cc([C@@H]2c3cc4c(cc3[C@H](O)[C@H]3COC(=O)[C@H]23)OCO4)cc(OC)c1OC,0.00026865565
O=C1CC[NH][Zn][O]C(=O)[C@H](Cc2cnc[nH]2)N1,0.0004924315
CCCCCCCCCCCCOCCOCCOCCOCCOCCOCCOCCOCCOCCO,0.49807897
OC[C@H]1O[C@@H](Oc2cc(O)cc(/C=C/c3ccc(O)cc3)c2)[C@H](O)[C@@H](O)[C@@H]1O,0.00037658564
O=c1nc[nH]c2c1ncn2[C@H]1O[C@H](COP(=O)(O)O)[C@H](O)[C@H]1O,2.363528e-06
CC[C@@H](C)CCCCC(=O)N[C@@H](CCN)C(=O)N[C@H](C(=O)N[C@@H](CCN)C(=O)N[C@H]1CCNC(=O)[C@H]([C@@H](C)O)NC(=O)[C@@H](CCN)NC(=O)[C@@H](CCN)NC(=O)[C@@H](CC(C)C)NC(=O)[C@@H](Cc2ccccc2)NC(=O)[C@@H](CCN)NC1=O)[C@@H](C)O,0.46075627
CN1[C@@H](CSCC(F)(F)F)Nc2cc(Cl)c(S(N)(=O)=O)cc2S1(=O)=O,1.1797803e-09
Nc1cccc2c1C(=O)N([C@H]1CCC(=O)NC1=O)C2=O,0.018857725
Cc1ccc(C(=O)Nc2ccc(CN3CCN(C)CC3)c(C(F)(F)F)c2)cc1C#Cc1cnc2cccnn12,4.1917747e-08
CCC/N=C1\S/C(=C\c2ccc(OC[C@H](O)CO)c(Cl)c2)C(=O)N1c1ccccc1C,0.004255761
CC[C@@H]([C@H](C)O)n1ncn(-c2ccc(N3CCN(c4ccc(OC[C@@H]5CO[C@@](Cn6cncn6)(c6ccc(F)cc6F)C5)cc4)CC3)cc2)c1=O,0.008330111
C[C@]12CCC(=O)C=C1C=C[C@@H]1[C@@H]2CC[C@@]2(C)[C@H]1CC[C@@]2(O)CCC(=O)O,1.0775129e-05
I,0.0029963807
Nc1ccc(C(=O)O)cc1,0.0034833797
Cc1ncccc1OC[C@@H]1CCCN1,0.0024386493
C=CC(=O)N1CCC(Oc2cc3c(Nc4ccc(Cl)c(Cl)c4F)ncnc3cc2OC)CC1,0.24313352
Cc1ccc(-c2nn(C(C)(C)C)c3ncnc(N)c23)cc1,0.0014954167
Nc1ncnc2c1c(-c1cnc3[nH]ccc3c1)nn2C1CCCC1,0.0013154435
CC(C)(C)n1nc(-c2ccc(Cl)cc2)c2c(N)ncnc21,0.0014165943
CCCc1c(-c2ccc(O)cc2)nn(-c2ccc(O)cc2)c1-c1ccc(O)cc1,0.0051181247
COc1ccccc1-c1c[nH]c2ncc(-c3cncc(C(=O)N(C)C)c3)cc12,0.004230113
CC(C)n1nc(-c2cc3cc(O)ccc3[nH]2)c2c(N)ncnc21,0.0011705685
COc1ccc(Cl)cc1NC(=O)Nc1cc(C)nc2ccccc12,0.27020442
N#CSc1cc(SC#N)c(N)nc1N,0.00010020552
CC(=O)Nc1ccc(OC[C@H](O)CNC(C)C)cc1,0.0020433597
Nc1ncnc2c1ncn2CCOC[P@@]1(=O)OCC[C@@H](c2cccc(Cl)c2)O1,7.918703e-05
C#CC[C@H](Cc1cnc2nc(N)nc(N)c2n1)c1ccc(C(=O)N[C@@H](CCC(=O)O)C(=O)O)cc1,0.00014811856
C[n+]1ccccc1/C=N/O,0.007131807
C[n+]1ccccc1CN=O,0.0051935916
C[C@H](NC(=O)[C@@H](Cc1ccc2ccccc2c1)NC(=O)[C@@H](C)N)C(=O)N[C@@H](Cc1c[nH]c2ccccc12)C(=O)N[C@H](Cc1ccccc1)C(=O)N[C@@H](CCCCN)C(N)=O,0.02966519
CCCN[C@H]1CCc2nc(N)sc2C1,0.0016763891
CC(C)N(CCNC(=O)CN1CCCC1=O)C(C)C,1.32666655e-05
CCCCOc1ccc(OCCCN2CCOCC2)cc1,0.00063615694
COC(=O)C1=C(C)NC(C)=C(C(=O)OC/C=C/c2ccccc2)[C@@H]1c1cccc([N+](=O)[O-])c1,0.00022023563
O=C(Nc1cccc2c(=O)cc(-c3nn[nH]n3)oc12)c1ccc(OCCCCc2ccccc2)cc1,0.004395023
C[C@@H](C(=O)O)c1ccc2c(c1)Cc1cccnc1O2,0.00264754
CC(=O)O[C@H]1CC[C@@]2(C)C(=CC[C@@H]3[C@@H]2CC[C@]2(C)C(=O)CC[C@@H]32)C1,1.8033872e-05
CC(=O)Oc1cc2c(s1)CCN([C@@H](C(=O)C1CC1)c1ccccc1F)C2,0.0003933571
COc1ccc(C(=O)c2c(C)n(CCN3CCOCC3)c3ccccc23)cc1,0.0007510315
CC[C@H](C)C(=O)O[C@H]1C[C@H](O)C=C2C=C[C@H](C)[C@H](CC[C@@H](O)C[C@@H](O)CC(=O)O)[C@H]21,0.00018409062
O=C(C1CCCCC1)N1CC(=O)N2CCc3ccccc3[C@H]2C1,5.3884432e-05
COc1cc2nc(N3CCN(C(=O)c4ccco4)CC3)nc(N)c2cc1OC,0.00046802775
O=C(OCCN1CCOCC1)C1(c2ccccc2)CCCCC1,1.9833575e-05
CCCN1CCC[C@H](c2cccc(O)c2)C1,0.0003773446
CCOC(=O)O[C@]1(C(=O)COC(=O)CC)CC[C@H]2[C@H]3CCC4=CC(=O)C=C[C@]4(C)[C@@H]3[C@@H](O)C[C@@]21C,5.108344e-07
C[C@]12C=CC(=O)C=C1CC[C@@H]1[C@@H]2[C@@H](O)C[C@@]2(C)[C@H]1CC[C@]2(O)C(=O)CO,4.601755e-06
CC(=O)OCC(=O)[C@@]1(O)CC[C@H]2[C@@H]3CCC4=CC(=O)C=C[C@]4(C)[C@H]3[C@@H](O)C[C@@]21C,3.625985e-06
C[C@]12C=CC(=O)C=C1CC[C@@H]1[C@@H]2[C@@H](O)C[C@@]2(C)[C@H]1CC[C@]2(O)C(=O)COC(=O)CCC(=O)O,6.50334e-07
C[C@]12C=CC(=O)C=C1CC[C@@H]1[C@@H]2[C@@H](O)C[C@@]2(C)[C@H]1CC[C@]2(O)C(=O)COP(=O)(O)O,7.1058075e-08
CC(C)(C)CC(=O)OCC(=O)[C@@]1(O)CC[C@H]2[C@H]3CCC4=CC(=O)C=C[C@]4(C)[C@@H]3[C@@H](O)C[C@@]21C,2.2057375e-06
C[C@]12C=CC(=O)C=C1CC[C@@H]1[C@@H]2C(=O)C[C@@]2(C)[C@H]1CC[C@]2(O)C(=O)CO,4.3805317e-06
CC(=O)[C@H]1CC[C@H]2[C@@H]3CC=C4C[C@@H](O)CC[C@]4(C)[C@H]3CC[C@]12C,2.5217267e-05
CC(=O)[C@H]1CC[C@H]2[C@H]3CC=C4C[C@@H](OC(=O)CCC(=O)O)CC[C@]4(C)[C@@H]3CC[C@]12C,5.395726e-06
COCCOc1ccc(N2CCN(CCn3ncc4c3nc(N)n3nc(-c5ccco5)nc43)CC2)cc1,9.4449555e-05
C[C@@H](Cc1ccccc1)NCCC(c1ccccc1)c1ccccc1,0.013043736
Cc1cn2nc([C@@H]3CCCCN3C(=O)c3cc(Cl)ccc3NS(C)(=O)=O)cc2nc1N1CC[C@H](N)C1,0.00018634833
O=[N+]([O-])c1cn2c(n1)OC[C@@H](OCc1ccc(OC(F)(F)F)cc1)C2,0.0003100002
OC(CCN1CCCCC1)(c1ccccc1)c1ccccc1,0.0003635599
CCCN1CCC(c2cccc(S(C)(=O)=O)c2)CC1,0.0002518878
CCCN[C@@H](C)C(=O)Nc1ccccc1C,0.0041255252
COc1cc(N[C@@H](C)CCCN)c2ncccc2c1,0.009242591
O=C1C2CCN(CC2)C1(CO)CO,7.596769e-06
CCC1(c2ccccc2)C(=O)NCNC1=O,0.0007504863
C=Cc1cc(O)cc2nc(-c3ccc(O)c(F)c3)oc12,0.010096538
CC1(C)SCCN(S(=O)(=O)c2ccc(Oc3ccncc3)cc2)[C@H]1C(=O)NO,0.00040790235
C[C@H](NCc1ccc(OCc2ccccc2F)cc1)C(N)=O,0.004814125
CC(C)N[C@H](C)Cc1ccc(O)cn1,0.003331586
Cc1nc(N(C)C(=O)Cc2ccc(-c3ccccn3)cc2)sc1S(N)(=O)=O,0.00019193775
CCOc1ccccc1-n1c(CN2CCNCC2)nc2ccccc2c1=O,0.00059642683
CC(C)(/C=C(\C#N)C(=O)N1CCC[C@@H](n2nc(-c3ccc(Oc4ccccc4)cc3F)c3c(N)ncnc32)C1)N1CCN(C2COC2)CC1,1.3403285e-06
C=CC(=O)N1CCN(CCCn2c(=O)c(-c3c(Cl)c(OC)cc(OC)c3Cl)cc3cnc(NC)nc32)CC1,0.0005357826
COCc1c[n+]([O-])c(C)cn1,0.011713735
CCCC(C(=O)OCCN(CC)CC)(c1ccccc1)c1ccccc1,0.0014184889
CCCN(CCC)S(=O)(=O)c1ccc(C(=O)O)cc1,3.1443025e-05
CC(C)(Sc1cc(C(C)(C)C)c(O)c(C(C)(C)C)c1)Sc1cc(C(C)(C)C)c(O)c(C(C)(C)C)c1,7.63454e-05
CCN(CC)CCNC(=O)c1ccc(N)cc1,0.0005049473
CCN(CC)CCOC(=O)c1ccc(N)cc1,0.00039142973
CNNCc1ccc(C(=O)NC(C)C)cc1,0.0031963203
CC[C@H](NC(C)C)[C@H](O)c1ccc(O)c2[nH]c(=O)ccc12,0.0032828704
CN1CCN(CCCN2c3ccccc3Sc3ccc(Cl)cc32)CC1,0.0014780014
O=C(O)CCc1nc2ccccc2[nH]1,0.0015648962
Oc1cc(O)c2c(c1)O[C@H](c1ccc(O)c(O)c1)[C@H](O)[C@H]2c1c(O)cc(O)c2c1O[C@H](c1ccc(O)c(O)c1)[C@@H](O)C2,0.0034814915
O=C1N[C@H](C(=O)O)CS1,0.0020680823
CCN(CC)[C@@H](C)CN1c2ccccc2Sc2ccccc21,0.00066354364
Nc1ccc2cc3ccc(N)cc3nc2c1,0.0055727703
CC(=O)[C@H]1CC[C@H]2[C@@H]3CCC4=CC(=O)CC[C@]4(C)[C@H]3CC[C@]12C,2.0218982e-05
CCCN(CCC)C(=O)[C@@H](CCC(=O)OCCCN1CCN(CCOC(=O)Cc2c(C)n(C(=O)c3ccc(Cl)cc3)c3ccc(OC)cc23)CC1)NC(=O)c1ccccc1,7.0731962e-06
CCCN(CCC)C(=O)[C@@H](CCC(=O)O)NC(=O)c1ccccc1,0.000102402824
CC(C)NC(=N)N=C(N)Nc1ccc(Cl)cc1,0.011296884
CC(C)C[C@@H](NC(=O)[C@H]1CCCN1)C(=O)NCC(N)=O,0.00027606182
CN(C)CCCN1c2ccccc2Sc2ccccc21,0.0031477443
CCCOc1ccc2c(c1)CC[C@@H]1[C@@H]2CC[C@]2(C)[C@@H](OC)CC[C@@H]12,0.00014181186
CC(CN1c2ccccc2Sc2ccccc21)N(C)C,0.0058557927
CC(C)NC[C@@H](O)c1ccc2ccccc2c1,0.0022467757
CCN(CC)CC(=O)Oc1ccc(NC(C)=O)cc1,0.00070871064
CCCNC[C@@H](O)COc1ccccc1C(=O)CCc1ccccc1,0.0029274167
O=C(O)C[CH2][Ge](=[O])[O][Ge](=[O])[CH2]CC(=O)O,3.9170973e-05
CC(C)[N+](C)(CCOC(=O)C1c2ccccc2Oc2ccccc21)C(C)C,0.0016817228
CCC(CO[N+](=O)[O-])(CO[N+](=O)[O-])CO[N+](=O)[O-],0.0006094368
CCCn1cnc2c1c(=O)n(CCCCC(C)=O)c(=O)n2C,0.00689598
CC[N+](C)(CC)CCC[n+]1c(-c2ccccc2)c2cc(N)ccc2c2ccc(N)cc21,0.0039283014
O=C1CCO1,0.00075691915
CCCOC(C(=O)OC1CCN(C)CC1)(c1ccccc1)c1ccccc1,0.001422311
CC(C)c1cccc(C(C)C)c1O,0.0039142994
CNC(=O)Oc1ccccc1OC(C)C,0.0047438284
CCCOc1cc(N)ccc1C(=O)OCCN(CC)CC,0.00020862852
CC(C)NCC(O)COc1cccc2ccccc12,0.0019860042
CC(C)NC[C@@H](O)COc1cccc2ccccc12,0.0019555767
CC(C)NC[C@H](O)COc1cccc2ccccc12,0.002022802
CCCOC(=O)c1ccccc1,0.0025914207
C[C@@H](O)CO,0.002802523
CN[C@@H](C)CC1CCCCC1,0.0011125252
CCCOC(=O)c1ccc(O)cc1,0.0019071248
CCCc1cc(=O)[nH]c(=S)[nH]1,0.007888692
Cc1c(C(C)C)c(=O)n(-c2ccccc2)n1C,0.0031833295
Cc1ccc2c(-c3ccccc3)nc(=O)n(C(C)C)c2c1,0.004674569
C[C@@H]1O[C@@H](O[C@@H]2C=C3CC[C@@H]4[C@H](CC[C@]5(C)[C@@H](c6ccc(=O)oc6)CC[C@]45O)[C@@]3(C)CC2)[C@H](O)[C@H](O)[C@H]1O,3.7410466e-06
CCCc1cc(C(N)=S)ccn1,0.0038699256
NC(=O)[C@@H]1CCCN1C(=O)[C@H](Cc1c[nH]cn1)NC(=O)[C@@H]1CCC(=O)N1,0.00031736167
C=CC1=C(C)c2cc3[nH]c(cc4[nH]c(cc5nc(cc1n2)C(C)=C5C=C)c(C)c4CCC(=O)O)c(CCC(=O)O)c3C,0.00071147067
CNCCCC1c2ccccc2C=Cc2ccccc21,0.0023917037
Cc1noc(COc2ccccc2OC[C@@H](O)CNC(C)(C)C)n1,0.00083257793
c1ccc(COCCCc2cnc[nH]2)cc1,0.0065262206
CCCOc1ccc(C(=O)OCCN(CC)CC)cc1N,0.00041520398
C[C@@H](O)Cn1cnc2c1c(=O)n(C)c(=O)n2C,0.0020607833
CCS(=O)(=O)N1CCN(c2ccc(Nc3ncc(C(N)=O)c(NC4CC4)n3)cc2)CC1,1.8909614e-05
NC(=O)c1cnc(N[C@@H]2CCCC[C@@H]2N)nc1Nc1cccc(-n2nccn2)c1,0.001841233
O=C1C(=Cc2cccnc2)C(=O)c2ccccc21,0.007265065
COCCCN1CCC(NC(=O)c2cc(Cl)c(N)c3c2OCC3)CC1,0.002398509
Cc1oc(=O)oc1CN1CCN(c2cc3c(cc2F)c(=O)c(C(=O)O)c2n3[C@@H](C)S2)CC1,0.88546413
N#Cc1c[nH]c2c(C(=O)N3CCN(CCc4ccc(F)cc4)CC3)cccc12,8.8023044e-05
COc1cc(Cl)cc([C@H](C)Nc2cc(N3CCNCC3)ccc2S(C)(=O)=O)c1OC,0.0005760481
N#Cc1cc(CN2CCC(Nc3ncnc4sc(Cl)cc34)CC2)ccc1F,0.0010262228
Nc1c(S(=O)(=O)O)cc(Nc2cccc3ccccc23)c2c1C(=O)c1ccccc1C2=O,0.0008551886
CC[C@@H]1CN2C(=O)N(C)c3[nH]c(-c4ccccc4)nc3C2=N1,0.006261441
CCCn1c(=O)[nH]c2nc(-c3ccc(S(=O)(=O)O)cc3)[nH]c2c1=O,0.0020927188
CCCn1c(=O)[nH]c2nc(-c3ccc(S(=O)(=O)N4CCN(c5ccc(Cl)cc5)CC4)cc3)[nH]c2c1=O,0.0005426813
C[C@@]1(F)[C@H](O)[C@@H](CO)O[C@H]1n1ccc(N)nc1=O,3.04197e-05
O=C(O)c1c(O)c(Cc2ccc(Cl)cc2)nc2c3c(ccc12)CCCC3,0.010173619
CC(C)OC(=O)[C@H](C)N[P@@](=O)(OC[C@H]1O[C@@H](n2ccc(=O)[nH]c2=O)[C@](C)(F)[C@@H]1O)Oc1ccccc1,2.8309955e-07
CCCCC1CCC(c2nc(-c3ccncc3)no2)CC1,0.0019693756
O=C(Nc1ccc(Cl)cc1)Nc1cccc(-c2cccc(N3CCCC3)n2)c1,0.0046418305
O=c1ccc2cc3ccoc3cc2o1,0.0049544084
Cc1c(N2C(=O)[C@@H]3[C@H](O)CCN3C2=O)ccc(C#N)c1Cl,0.002518865
CS(=O)(=O)c1ccc(Oc2cc(F)cc(C#N)c2)c2c1[C@H](O)C(F)(F)C2,9.4691535e-07
Cc1nc2cc(F)c(F)cc2n1-c1cncc(Nc2ccc(C(F)(F)F)cc2)n1,7.461966e-06
COc1cc(Br)c(Nc2nc(-c3c(C)nc4ncccn34)cs2)c(Br)c1,0.062865116
COc1cc(/C=C/c2ccc(O)cc2)cc(OC)c1,0.0067847115
CC(C)NCCCn1c(Sc2cc3c(cc2I)OCO3)nc2c(N)ncnc21,0.00088039646
O=c1c(-c2ccc(O)cc2)coc2c([C@@H]3O[C@H](CO)[C@@H](O)[C@H](O)[C@H]3O)c(O)ccc12,0.00055722904
O=C(N[C@H]1CN2CCC1CC2)c1c[nH]c2ccsc2c1=O,0.00053520553
c1ccc2c(Oc3nc(Nc4ccc(N5CCOCC5)cc4)c4ncn(C5CCCCC5)c4n3)cccc2c1,0.0006413259
COc1ccc(C[C@H](N)C(=O)N[C@H]2[C@@H](O)[C@H](n3cnc4c(N(C)C)ncnc43)O[C@@H]2CO)cc1,0.00015571338
CC(C)[C@H](CO)Nc1nc(Nc2cccc(Cl)c2)c2ncn(C(C)C)c2n1,0.0010524953
CC(C)[C@H](CO)Nc1nc(Nc2ccc(C(=O)O)c(Cl)c2)c2ncn(C(C)C)c2n1,0.0031165592
NCCCCN,0.0052692755
CC[C@@H](C)SSc1ncc[nH]1,0.009509977
C[C@H]1CC[C@@]2(OC1)O[C@H]1C[C@H]3[C@@H]4CC[C@@H]5C[C@@H](O)CC[C@]5(C)[C@H]4CC[C@]3(C)[C@H]1[C@@H]2C,7.4406917e-06
CCOC(=O)c1ccc(N2NC(=O)/C(=C/c3ccc([N+](=O)[O-])o3)C2=O)cc1,0.9197688
O=C(O)c1cc2ccccc2c(Cc2c(O)c(C(=O)O)cc3ccccc23)c1O,0.04421128
CN1CCCN=C1/C=C/c1cccs1,0.0016354161
NC(=O)c1cnccn1,0.0039777104
N=C(N)NC(=O)c1cnccn1,0.0035870096
O=C1c2ccccc2-c2[nH]nc3cccc1c23,0.004147953
COc1ccc2nc3c([N+](=O)[O-])ccc4c3c(c2c1)NN4CCCN(C)C,0.8376725
C=C/C=C\CC1=C(C)[C@@H](OC(=O)[C@@H]2[C@@H](C=C(C)C)C2(C)C)CC1=O,0.00035919313
Cc1ncc(CO)c(C=O)c1O,0.009511361
Cc1ncc(CO)c(/C=N/NC(=O)c2ccncc2)c1O,0.008327517
Cc1ncc(CO)c(CN)c1O,0.002523938
Cc1ncc(CO)c(CO)c1O,0.0025900998
CCc1nc(N)nc(N)c1-c1ccc(Cl)cc1,0.0042336495
O=S(=O)(NCC1CC1)c1ccc(Nc2nccc(N3CCCc4cc(O)ccc43)n2)cc1,0.00025503754
c1cc[n+]2c(c1)[S][Zn]1([O]2)[O][n+]2ccccc2[S]1,0.0029446655
CCC1(CC)C(=O)C=CNC1=O,0.00052051875
Cc1ncc(CSSCc2cnc(C)c(O)c2CO)c(CO)c1O,0.003031731
COc1ccc2nc3cc(Cl)ccc3c(Nc3cc(CN4CCCC4)c(O)c(CN4CCCC4)c3)c2n1,8.3192994e-05
CCOc1cc2ncc(C#N)c(Nc3ccc(OCc4ccccn4)c(Cl)c3)c2cc1NC(=O)/C=C/[C@H]1CCCN1C,0.0014964774
O=C(CCCCCCC(=O)Nc1cccnc1)NO,0.005699024
S=C(S)N1CCCC1,0.0006545444
Cc1cc(/C=C/c2ccc3cc(N(C)C)ccc3[n+]2C)c(C)n1-c1ccccc1,0.06506641
CC(C)c1ccc(CC(=O)N2CCN(c3ccc(C#N)nn3)CC2)cc1,0.00040858475
CC(=O)c1cc([N+](=O)[O-])c(Sc2ccc(F)cc2F)s1,0.98265094
CN1CC[C@@H](c2c(O)cc(O)c3c(=O)cc(-c4ccccc4Cl)oc23)[C@@H]1CO,0.004757322
CC(=O)c1cc([N+](=O)[O-])c(Sc2cccc(Cl)c2Cl)s1,0.9600673
O[C@@H](CNc1ccccc1)Cn1c2ccc(Br)cc2c2cc(Br)ccc21,0.409453
CCc1nc2ccc(Cl)cn2c1C(=O)NCc1ccc(N2CCC(c3ccc(OC(F)(F)F)cc3)CC2)cc1,5.4300585e-06
CC1C(=O)N=C2Nc3cccc(Cl)c3CN21,0.0017952473
O=c1c(O)c(-c2ccc(O)c(O)c2)oc2cc(O)cc(O)c12,0.020109413
OCCOCCN1CCN(C2=Nc3ccccc3Sc3ccccc32)CC1,0.00017363516
CC(C)(C)Sc1c(CC(C)(C)C(=O)O)n(Cc2ccc(Cl)cc2)c2ccc(OCc3ccc4ccccc4n3)cc12,0.0028159234
CCCN1C[C@@H](NS(=O)(=O)N(CC)CC)C[C@@H]2Cc3c(O)cccc3C[C@H]21,2.8012602e-07
CCOC(=O)[C@H](CCc1ccccc1)N[C@@H](C)C(=O)N1Cc2ccccc2C[C@H]1C(=O)O,0.00028740295
C[C@H](N[C@@H](CCc1ccccc1)C(=O)O)C(=O)N1Cc2ccccc2C[C@H]1C(=O)O,0.0005085408
CCCN1CCC[C@@H]2Cc3nc(N)ncc3C[C@H]21,9.682588e-05
C#C[C@]1(O)CC[C@H]2[C@@H]3CCc4cc(OC5CCCC5)ccc4[C@H]3CC[C@@]21C,2.8572942e-06
CC[C@H]1NC(=O)c2cc(S(N)(=O)=O)c(Cl)cc2N1,0.00016946164
C=C[C@H]1C[N@@]2CC[C@H]1C[C@@H]2[C@@H](O)c1ccnc2ccc(OC)cc12,9.234528e-05
C=C[C@H]1C[N@@]2CC[C@H]1C[C@H]2[C@H](O)c1ccnc2ccc(OC)cc12,9.7082535e-05
C=C[C@H]1C[N@@]2CC[C@H]1C[C@@H]2[C@@H](OC(=O)OCC)c1ccnc2ccc(OC)cc12,2.9120714e-05
O=C(O)c1cccnc1C(=O)O,0.010244999
CCCN1CCC[C@@H]2Cc3[nH]ncc3C[C@H]21,8.489981e-05
c1ccc2nc(N3CCNCC3)ccc2c1,0.0012766989
CC(C)(C)c1cc(NC(=O)Nc2ccc(-c3cn4c(n3)sc3cc(OCCN5CCOCC5)ccc34)cc2)no1,0.00061929424
Cc1cccc(C)c1NC(=O)C[N+](C)(C)C,0.0041768993
CC[N+](CC)(CC)CC(=O)Nc1c(C)cccc1C,0.00041054375
CCCN(CCC)c1cc(C)nc2c(-c3cnc(N(C)C)cc3C)c(C)nn12,0.0006185657
[N-]=[N+]=N[C@]1(CO)O[C@@H](n2ccc(N)nc2=O)[C@H](O)[C@@H]1O,6.284747e-05
O=S(=O)(c1ccccc1F)N1CCOc2c(N3CCNCC3)cccc21,4.0257717e-05
Cn1c(=O)c(Oc2ccc(F)cc2F)cc2cnc(NC3CCOCC3)nc21,0.19600119
Cc1cccc(-c2n[nH]cc2-c2ccc(F)c(-c3cnn(CCO)c3)c2)n1,0.015294932
Nc1nc(Nc2ccc3c(c2)CC[C@@H](N2CCCC2)CC3)nn1-c1cc2c(nn1)-c1ccccc1CCC2,2.2808e-06
Cc1nc2sccn2c(=O)c1CCN1CCC(=C(c2ccccc2)c2ccc(F)cc2)CC1,0.001258571
COc1cccc(CCc2ccccc2OCC[C@@H]2C[C@@H](O)CN2C)c1,0.0019125164
COCCCOc1ccnc(C[S@@](=O)c2nc3ccccc3[nH]2)c1C,0.0061377
CC(C)(C)c1cc(C(C)(C)C)c2c(c1)[C@](O)(C(F)(F)F)C(=O)O2,1.1385247e-09
CC(=O)SC[C@@H](Cc1ccccc1)C(=O)NCC(=O)OCc1ccccc1,0.000968236
CCN1CCC[C@H]1CNC(=O)c1c(O)c(Cl)cc(Cl)c1OC,0.011922502
C[C@@H](CCc1ccc(O)cc1)NC[C@@H](O)c1ccc(O)cc1,0.0042170915
C[C@@H]1NC(C)(C)CO[C@@]1(O)c1cccc(Cl)c1,0.0005463434
CC(=O)NC[C@H]1CN(c2ccc(-c3ccc(CNCc4cn[nH]n4)cc3)c(F)c2)C(=O)O1,0.03510858
O=C(Nc1ccc2[nH]c(=O)oc2c1)C(=O)N1CCC(Cc2ccc(F)cc2)CC1,0.004011461
Cc1cn(-c2cc(NC(=O)c3ccc(C)c(Nc4nccc(-c5cnccn5)n4)c3)cc(C(F)(F)F)c2)cn1,8.862778e-07
Cc1c(N[C@@H](c2nnc(-c3ccc(C#N)cc3)o2)[C@H](C)O)ccc(C#N)c1Cl,0.0015507177
Cn1c(Nc2ccc(C(F)(F)F)cc2)nc2cc(Oc3ccnc(-c4ncc(C(F)(F)F)[nH]4)c3)ccc21,5.948416e-11
Cc1ncc(NC(=O)c2cccc(C(F)(F)F)c2)cc1-c1cnc(OC2CCOCC2)c(N2CCOCC2)c1,1.9564771e-07
O=C(O)COC[C@H]1CC[C@H](COC(=O)N(c2ccccc2)c2ccc(Cl)cc2)CC1,0.0029423886
O=C(c1ccc(OCCN2CCCCC2)cc1)c1c(-c2ccc(O)cc2)sc2cc(O)ccc12,0.0004296837
Cc1nnc(C(=O)NC(C)(C)c2nc(C(=O)NCc3ccc(F)cc3)c(O)c(=O)n2C)o1,0.00033265023
Cc1nc(=O)c2cc(CN(C)c3ccc(C(=O)N[C@@H](CCC(=O)O)C(=O)O)s3)ccc2[nH]1,0.0022947546
O=C(O)CCn1c2c(c3ccccc31)C[C@H](NS(=O)(=O)c1ccc(F)cc1)CC2,6.8977104e-05
CCC(=O)NCC[C@@H]1CCc2ccc3c(c21)CCO3,0.00032250784
Cc1c(NC(C)C)c(=O)n(-c2ccccc2)n1C,0.004280769
CCOC(=O)[C@H](CCc1ccccc1)N[C@@H](C)C(=O)N1[C@H](C(=O)O)C[C@@H]2CCC[C@@H]21,0.00026122792
Cn1cc(C(=O)[C@@H]2CCc3nc[nH]c3C2)c2ccccc21,0.0009996179
O=C1C[C@@]2(C(=O)N1)C(=O)N(Cc1ccc(Br)cc1F)C(=O)c1cccn12,0.005207799
CN=C(C[N+](=O)[O-])NCCSCc1ccc(CN(C)C)o1,0.008295258
COc1ccccc1OC[C@@H](O)CN1CCN(CC(=O)Nc2c(C)cccc2C)CC1,0.0003162427
C[C@@H](O)[C@H](N)C(=O)N1CCC[C@H]1C(=O)N1CCC[C@H]1C(=O)N[C@H](C(N)=O)[C@@H](C)O,0.00073239754
C#CCN[C@@H]1CCc2ccccc21,0.00031942214
COC(=O)[C@H]1[C@H]2C[C@H]3c4[nH]c5ccccc5c4CCN3C[C@H]2CC[C@@H]1O,2.4693803e-05
Cn1nccc1Nc1nccc(-c2ccn([C@H](CO)c3ccc(Cl)c(F)c3)c(=O)c2)n1,0.14739476
C[C@@H](c1nc(-c2ccc(C#N)cc2)cs1)[C@](O)(Cn1cncn1)c1ccc(F)cc1F,0.022204243
COc1ccc(OC)c([C@H]2c3c(-c4ccc5ccccc5c4)n[nH]c3OC(=N)C2C#N)c1,0.000792467
O=C(N[C@H](Cc1cc(=O)[nH]c2ccccc12)C(=O)O)c1ccc(Cl)cc1,0.005255086
CNC(=O)c1cc(Oc2ccc(NC(=O)Nc3cc(C(C)(C)C)nn3-c3ccc4ncccc4c3)c(F)c2)ccn1,0.3684928
CCOc1ccccc1O[C@H](c1ccccc1)[C@H]1CNCCO1,0.0031468438
COc1cc2nc(N3CCN(C(=O)COc4c(OC)cccc4C(C)C)CC3)nc(N)c2cc1OC,0.00023341742
COc1cc(F)c(F)c(Nc2ccc(I)cc2F)c1NS(=O)(=O)C1(C[C@H](O)CO)CC1,0.016849747
CNC(=O)c1cnn(-c2nc(N)c3ncn([C@@H]4O[C@H](CO)[C@@H](O)[C@H]4O)c3n2)c1,5.0055052e-05
CNC(=O)c1cc(Oc2ccc(NC(=O)Nc3ccc(Cl)c(C(F)(F)F)c3)c(F)c2)ccn1,1.6342834e-05
COc1ccc(S(=O)(=O)N2c3ccc(Cl)cc3[C@](O)(c3ccccc3Cl)[C@@H]2C(=O)N2CCC[C@H]2C(N)=O)cc1OC,7.281086e-05
O=C(NC1CCNCC1)[C@@H]1CC[C@@H]2CN1C(=O)N2OS(=O)(=O)O,2.2678429e-05
CONC(=O)Nc1ccc(-c2sc3c(c2CN(C)C)c(=O)n(-c2ccc(OC)nn2)c(=O)n3Cc2c(F)cccc2F)cc1,0.60584503
C[C@@](Cc1ccccc1)(NC(=O)CN)c1ccccc1,0.008484441
COC(=O)c1ccc(OC(=O)CCCCCCC(=O)NO)cc1,0.0024310376
COC(=O)CC[C@@H]1N=C(c2ccccn2)c2cc(Br)ccc2-n2c(C)cnc21,0.019465283
N#Cc1ccc(-c2csc(NN=C3CCCC3)n2)cc1,0.0021857282
CCN1CCC[C@H]1CNC(=O)c1c(OC)ccc(Br)c1OC,0.00024509052
CCOc1cc(CC(=O)N[C@@H](CC(C)C)c2ccccc2N2CCCCC2)ccc1C(=O)O,0.0006728531
CC(C)Cc1ccc([C@@H](C)C(=O)NS(C)(=O)=O)cc1,0.00039098147
C[C@H]1CNC(=O)c2cnn3ccc(nc23)N[C@H](C)c2cc(F)ccc2O1,0.008950923
Cc1cccc(-c2n[nH]cc2-c2ccc3ncccc3n2)n1,0.0077678245
CCOC(=O)C1=CCCC[C@H]1S(=O)(=O)Nc1ccc(F)cc1Cl,0.00023839188
COC(=O)[C@H]1[C@H]2C[C@@H]3c4[nH]c5cc(OC)ccc5c4CCN3C[C@H]2C[C@@H](OC(=O)c2cc(OC)c(OC)c(OC)c2)[C@@H]1OC,5.6388828e-05
C[C@]12CC[C@H](O)C[C@H]1CC[C@@H]1[C@@H]2CC[C@]2(C)[C@@H](c3ccc(=O)oc3)C[C@H]3O[C@]132,1.4871021e-05
CCOCc1nc2c(N)nc3ccccc3c2n1CC(C)(C)O,0.0029028722
CC(C)c1cc(Oc2c(Cl)cc(-n3nc(C#N)c(=O)[nH]c3=O)cc2Cl)nnc1O,0.053265885
CN(C)Cc1ccc(S(=O)(=O)n2ccc(/C=C/C(=O)NO)c2)cc1,0.014264176
Oc1cccc(O)c1,0.0042978735
CC(=O)Oc1cccc(O)c1,0.0056555653
Oc1ccc(/C=C/c2cc(O)cc(O)c2)cc1,0.004244811
COC(=O)c1nc(C(F)(F)F)n2c1CN(C(=O)C[C@H](N)Cc1cc(F)c(F)cc1F)CC2,7.4912145e-06
C=C[C@]1(C)C[C@@H](OC(=O)CS[C@@H]2C[C@H]3CC[C@@H](C2)N3C)[C@]2(C)[C@H](C)CC[C@]3(CCC(=O)[C@H]32)[C@@H](C)[C@@H]1O,3.6852773e-05
C=CCNc1c(O)cc2c(O)c1C[C@@H](C)C[C@H](OC)[C@H](O)[C@@H](C)/C=C(\C)[C@H](OC(N)=O)[C@@H](OC)/C=C\C=C(/C)C(=O)N2,0.0007348918
CC1=C(/C=C/C(C)=C/C=C/C(C)=C/C=O)C(C)(C)CCC1,0.0029043213
CC1=C(/C=C/C(C)=C/C=C/C(C)=C/CO)C(C)(C)CCC1,0.0027372881
CC(=O)OC/C=C(C)/C=C/C=C(C)/C=C/C1=C(C)CCCC1(C)C,0.0020175558
CCCCCCCCCCCCCCCC(=O)OC/C=C(C)/C=C/C=C(C)/C=C/C1=C(C)CCCC1(C)C,0.1945442
CCCCC[C@@H](O)c1cccc(OCc2ccc3ccccc3n2)c1,0.013142188
Cc1nc(Nc2ccc(F)cc2)nc(N2CCc3ccccc3[C@H]2C)c1C,0.006241614
CN(CCN1CCC(OC(=O)Nc2ccccc2-c2ccccc2)CC1)C(=O)c1ccc(CN2CCC(C(N)=O)CC2)cc1,9.091826e-06
O=C(NCCCN1CCOCC1)c1cnn2c(-c3ccccc3)cc(-c3ccccc3)nc12,0.00032215228
c1nc2nc(Nc3ccc(N4CCOCC4)cc3)nc(NC3CCCCC3)c2[nH]1,0.00038999072
O=c1c(O[C@@H]2OC[C@@H](O)[C@H](O)[C@H]2O)c(-c2ccc(O)c(O)c2)oc2cc(O)cc(O)c12,0.0007330638
COCCN1CCN(Cc2ccc(-c3n[nH]c4c3C(=O)c3c(NC(=O)NN5CCOCC5)cccc3-4)cc2)CC1,0.0014077988
Nc1cc(F)ccc1NC(=O)/C=C/c1cnn(C/C=C/c2ccccc2)c1,0.042451367
C[C@H](CCOc1cccc(CC(=O)O)c1)N(Cc1cccc(C(F)(F)F)c1Cl)CC(c1ccccc1)c1ccccc1,3.1136099e-06
O=C(O)[C@H](Cc1c[nH]c2ccccc12)N1C(=O)c2ccccc2C1=O,0.0041297376
COc1cc2c(cc1F)C(c1ccccc1Cl)=NC1C(C)=NNC1=N2,0.0072245817
Cc1ccc(C(=O)NCCCCCC(=O)Nc2ccccc2N)cc1,0.009120068
CC(C)(C(=O)NCC(F)(F)C(F)(F)F)C(=O)N[C@@H]1C(=O)Nc2ccccc2-c2ccccc21,6.8413604e-12
CCOc1cc(C(C)(C)C)ccc1C1=N[C@@](C)(c2ccc(Cl)cc2)[C@@](C)(c2ccc(Cl)cc2)N1C(=O)N1CCN(CCCS(C)(=O)=O)CC1,5.638435e-06
CCc1nc(C)cn2nc(-c3cc(=O)n4cc(C5CCN(C)CC5)cc(C)c4n3)cc12,0.002487909
COCCCOc1cc2c(cc1OC)-c1cc(=O)c(C(=O)O)cn1[C@H](C(C)C)C2,0.12891382
O=C(NCCCCCCNC(=O)ON=C1CCCCC1)ON=C1CCCCC1,0.0006819515
O=C(O)c1cc(O)c2c(c1)C(=O)c1cccc(O)c1C2=O,0.14558102
COc1cc(O)c2c(c1)C(=O)c1cc(C)cc(O)c1C2=O,0.047535684
COC(=O)c1ccccc1-c1c2ccc(N)cc2[o+]c2cc(N)ccc12,0.0038861576
O=C1C(Cl)=C(N2CCOCC2)C(=O)N1c1ccc(Cl)c(Cl)c1,0.96158147
NC(=O)c1ncn([C@@H]2O[C@H](CO)[C@@H](O)[C@H]2O)n1,0.00017538348
OC[C@@H](O)[C@@H](O)[C@@H](O)CO,0.00022520153
CN(C)C(=O)c1cc2cnc(Nc3ccc(N4CCNCC4)cn3)nc2n1C1CCCC1,0.0004559633
Cc1cc2nc3c(=O)[nH]c(=O)nc-3n(C[C@H](O)[C@H](O)[C@H](O)CO)c2cc1C,0.0007654754
CCCC(=O)OC[C@@H](OC(=O)CCC)[C@@H](OC(=O)CCC)[C@H](Cn1c2nc(=O)[nH]c(=O)c-2nc2cc(C)c(C)cc21)OC(=O)CCC,2.8622073e-05
Cc1cc2nc3c(=O)[nH]c(=O)nc-3n(C[C@H](O)[C@H](O)[C@H](O)COP(=O)(O)O)c2cc1C,7.715121e-06
NC[C@H]1O[C@H](O[C@H]2[C@H](O[C@@H]3O[C@H](CO)[C@@H](O)[C@H]3O)[C@@H](O)[C@H](N)C[C@@H]2N)[C@H](N)[C@@H](O)[C@@H]1O,3.561914e-06
NC[C@H]1O[C@H](O[C@H]2[C@@H](O[C@@H]3O[C@H](CO)[C@@H](O)[C@H]3O)[C@@H](O)[C@H](N)C[C@@H]2N)[C@H](N)[C@@H](O)[C@@H]1O,2.7543476e-06
CCCCCC[C@@H](O)C/C=C\CCCCCCCC(=O)O,0.026855838
c1cc(-c2nc3ccc(-c4ccc5nc(-c6ccncc6)[nH]c5c4)cc3[nH]2)ccn1,0.009535731
CO[C@H]1/C=C/O[C@@]2(C)Oc3c(C)c(O)c4c(c3C2=O)C2=NC3(CCN(CC(C)C)CC3)NC2=C(NC(=O)/C(C)=C\C=C\[C@H](C)[C@H](O)[C@@H](C)[C@@H](O)[C@@H](C)[C@H](OC(C)=O)[C@@H]1C)C4=O,0.044153817
CO[C@H]1/C=C/O[C@@]2(C)Oc3c(C)c(O)c4c(O)c(c(/C=N/N5CCN(C)CC5)c(O)c4c3C2=O)NC(=O)/C(C)=C\C=C\[C@H](C)[C@H](O)[C@@H](C)[C@@H](O)[C@@H](C)[C@H](OC(C)=O)[C@@H]1C,0.4047552
CO[C@H]1/C=C/O[C@@]2(C)Oc3c(C)c(O)c4c(O)c(cc(O)c4c3C2=O)NC(=O)/C(C)=C\C=C\[C@H](C)[C@H](O)[C@@H](C)[C@@H](O)[C@@H](C)[C@H](OC(C)=O)[C@@H]1C,0.035080064
CO[C@H]1/C=C/O[C@@]2(C)Oc3c(C)c(O)c4c(O)c(c(/C=N/N5CCN(C6CCCC6)CC5)c(O)c4c3C2=O)NC(=O)/C(C)=C\C=C\[C@H](C)[C@H](O)[C@@H](C)[C@@H](O)[C@@H](C)[C@H](OC(C)=O)[C@@H]1C,0.04306336
CO[C@H]1/C=C/O[C@@]2(C)Oc3c(C)c(O)c4c(O)c(c5c(nc6cc(C)ccn65)c4c3C2=O)NC(=O)/C(C)=C\C=C\[C@H](C)[C@H](O)[C@@H](C)[C@@H](O)[C@@H](C)[C@H](OC(C)=O)[C@@H]1C,0.15083207
COc1cc(OC)c(/C=C/S(=O)(=O)Cc2ccc(OC)c(NCC(=O)O)c2)c(OC)c1,0.00278049
COCCN1CCC(N(Cc2ccc(-c3ccc(C(F)(F)F)cc3)cc2)C(=O)Cn2c(SCc3cccc(F)c3F)cc(=O)c3ccccc32)CC1,1.0245935e-07
C1COC(NC(C2CC2)C2CC2)=N1,0.00021091524
Cc1cc(/C=C/C#N)cc(C)c1Nc1ccnc(Nc2ccc(C#N)cc2)n1,0.0062007103
Nc1nc2ccc(OC(F)(F)F)cc2s1,1.65531e-06
C[C@@H](N)C12CC3CC(CC(C3)C1)C2,4.7401198e-05
C[C@@H]1CN(CCCn2c3ccccc3c3ccccc32)C[C@H](C)N1,0.0010166619
N[C@@H]1c2cccnc2[C@H](OC(=O)N2CCC(n3c(=O)[nH]c4ncccc43)CC2)CC[C@H]1c1cccc(F)c1F,0.000714306
Cc1cc(S(C)(=O)=O)c(S(C)(=O)=O)cc1C(=O)NC(=N)N,2.628951e-05
CCC(=O)[C@@]1(C)[C@H](C)C[C@H]2[C@@H]3CCC4=CC(=O)C=C[C@]4(C)[C@H]3[C@@H](O)C[C@@]21C,0.00016150375
Cc1c(C(=O)NN2CCCCC2)nn(-c2ccc(Cl)cc2Cl)c1-c1ccc(Cl)cc1,0.5031402
COC(=O)N(C)c1c(N)nc(-c2nn(Cc3ccccc3F)c3ncccc23)nc1N,0.00050027197
COC(=O)C1=C(C)NC(C)=C(C(=O)OC)C1c1ccccc1OC(F)F,1.9342868e-05
Oc1c(I)cc(I)c(O)c1I,0.0039800634
C[C@H]1CNCCCN1S(=O)(=O)c1cccc2cncc(F)c12,3.3754215e-05
CCn1nc(C)c2c1C(c1ccccc1)=NCC(=O)N2,0.0027819686
CCn1c(=O)c(-c2cc(NC(=O)Nc3ccccc3)c(F)cc2Br)cc2cnc(NC)cc21,0.96437776
Cc1cn2nc(-c3cc(=O)n4cc(N5CCNC6(CC6)C5)ccc4n3)cc(C)c2n1,0.00039516905
O=P(O)(O)C(O)(Cc1cccnc1)P(=O)(O)O,3.360928e-08
Cc1ccc(COC(=O)N2CC[C@H](CNc3ncccn3)[C@H](F)C2)cc1,8.755717e-05
Cc1nc2n(c(=O)c1CCN1CCC(c3noc4cc(F)ccc34)CC1)CCCC2,0.00085344084
OCc1ccc(-c2ccc(-c3ccc(CO)s3)o2)s1,0.0027414202
Cc1nc2sccn2c(=O)c1CCN1CCC(=C(c2ccc(F)cc2)c2ccc(F)cc2)CC1,0.0032575177
C[C@@H](NCCc1ccc(O)cc1)[C@@H](O)c1ccc(O)cc1,0.0029702063
CC(C)c1nc(CN(C)C(=O)N[C@H](C(=O)N[C@@H](Cc2ccccc2)C[C@H](O)[C@H](Cc2ccccc2)NC(=O)OCc2cncs2)C(C)C)cs1,0.00042050824
CNCC/C=C/c1cccnc1,0.0042029205
O=C(NC[C@H]1CN(c2ccc(N3CCOCC3=O)cc2)C(=O)O1)c1ccc(Cl)s1,0.048049256
CCN(C)C(=O)Oc1cccc([C@H](C)N(C)C)c1,0.0013296752
CN(C)CCc1c[nH]c2ccc(Cn3cncn3)cc12,0.0048226174
O=C(NCc1cccc(O)c1)Nc1nc(-c2ccncc2)cs1,0.0038773334
O=c1c2ccccc2nc2n1CCCCC2,0.0026479543
Cc1nc(N2CCC3(CC2)CO[C@@H](C)[C@H]3N)c(CO)nc1-c1cccc(Cl)c1Cl,5.3833577e-05
CN1CCN(C(=O)CN[C@@H]2C[C@H]2c2ccc(OCc3ccccc3)cc2)CC1,0.00019845179
CC(C)NCCN(C(C)C)S(=O)(=O)c1ccc(Cl)cc1Cl,1.7073624e-05
O=[N+]([O-])c1cc(Cl)ccc1S(=O)(=O)N1CCN(Cc2ccccc2)CC1,6.927228e-05
COc1cc2c(cc1O)[C@H](CCc1ccc(Cl)cc1)N(C)CC2,0.0037487044
Cc1cc2nc3c(=O)[nH]c(=O)nc-3n(C)c2cc1C=O,0.0023659032
Cc1ncc(CN2CC=C(c3ccccc3)CC2)c(N)n1,0.00068712194
O=[S@@](c1ccccc1)c1ccc2nnnn2n1,0.0019216497
CC(C)Oc1ccc(Cc2ccc(NC3=NCCN3)cc2)cc1,0.003960793
CCOC(=O)c1ncn2c1CN(C)C(=O)c1cc(N=[N+]=[N-])ccc1-2,0.00067488966
CN1Cc2c(C(=O)OC(C)(C)C)ncn2-c2ccsc2C1=O,0.00027717766
CCCCOc1cc(C[C@H]2CNC(=O)N2)ccc1OC,0.0031678954
C[C@@H](CN1CCC(Cc2ccccc2)CC1)[C@@H](O)c1ccc(O)cc1,0.0004195825
CS(=O)(=O)c1ccc([C@@H](CC2CCCC2)C(=O)Nc2nccs2)cc1,0.0006360369
COc1cc(Cc2cnc(N)nc2N)c(C(C)C)cc1OC,0.009574589
O=C1N=C(NCc2cccs2)S/C1=C\c1ccc2ncccc2c1,0.0035210738
CCCN(CCC)Cc1nc(-c2ncn3c2CN(C)C(=O)c2cc(F)ccc2-3)no1,0.00081498147
C=CCN(C)CCCCCCOc1ccc(C(=O)c2ccc(Br)cc2)c(F)c1,0.14484397
O=C(NOCCO)c1cc(CN2OCCCC2=O)c(F)c(F)c1Nc1ccc(I)cc1F,0.9420491
CN(C)CCn1cc(C(=O)N2CCC3(CC2)OCc2ccccc23)c2ccc(Cl)cc21,0.0004653481
CNS(=O)(=O)Nc1nccc(Cc2c(C)c3ccc(Oc4ncccn4)cc3oc2=O)c1F,0.00014781098
Cc1c(F)cccc1[C@H]1COC(N)=N1,0.0023748067
C[C@H](N)Cn1ccc2cc(F)c(Cl)cc21,0.23352821
COc1ccc(S(=O)(=O)Nc2nc(-c3cccc([N+](=O)[O-])c3)cs2)cc1OC,0.0009141658
Cc1ccc(S(=O)(=O)N2CCC[C@H]2c2ccc(F)cc2)cc1,0.00020887771
Nc1ccc(-c2nc3ccc(-c4nc5ccc(N)cc5[nH]4)cc3[nH]2)cc1,0.006676172
[N-]=[N+]=N[C@]1(CO)O[C@@H](n2ccc(N)nc2=O)[C@@H](O)[C@@H]1O,5.2698786e-05
NC(=O)c1ccc(F)c2c1C[C@@H](N(C1CCC1)C1CCC1)CO2,0.00032905352
COCCNc1cc(NC(=O)N2CCCc3cc(CN4CCN(C)CC4=O)c(C=O)nc32)ncc1C#N,0.0013775686
C=CC(=O)Nc1cccc(Nc2nc(Nc3ccc(N4CCN(C(C)=O)CC4)cc3OC)ncc2C(F)(F)F)c1,1.3375025e-07
C=CC[N+]1([C@H]2C[C@H]3[C@@H]4CC[C@H]5C[C@H](O)[C@@H](N6CCOCC6)C[C@]5(C)[C@H]4CC[C@]3(C)[C@H]2OC(C)=O)CCCC1,1.44963925e-08
CS(=O)(=O)c1ccc(C2=C(c3ccccc3)C(=O)OC2)cc1,0.0017255363
O=C(Nc1c(Cl)cncc1Cl)c1ccc(OC(F)F)c(OCC2CC2)c1,0.0052562305
COCc1c(-c2cc3cc(C)cc(OC)c3s2)c2c(N)ncnn2c1CN1CCNC(=O)C1,0.00046082918
C[C@@H](OC[C@@]1(c2ccccc2)CC[C@]2(CCC(=O)N2)CN1)c1cc(C(F)(F)F)cc(C(F)(F)F)c1,8.443008e-12
CN(C)[C@@H]1C(=O)C(C(=O)NCN2CCCC2)=C(O)[C@@]2(O)C(O)=C3C(=O)c4c(O)cccc4[C@@](C)(O)[C@H]3C[C@@H]12,0.001093093
O=C(CN1CCC(CN2Cc3ccccc3C2=O)CC1)c1ccc(F)cc1,0.00037849485
O=C1CCC2CCC(=O)N12,0.0011578228
C/C=C1\NC(=O)[C@H]2CSSCC/C=C/[C@H](CC(=O)N[C@H](C(C)C)C(=O)N2)OC(=O)[C@H](C(C)C)NC1=O,0.00012291661
Cn1c([N+](=O)[O-])cnc1COC(N)=O,0.6292697
CCCN(CCC)CCc1cccc2c1CC(=O)N2,0.0013549756
CCCN1CCCC[C@H]1C(=O)Nc1c(C)cccc1C,0.00092366233
CN(C(=O)c1c(O)c2ccccc2n(C)c1=O)c1ccccc1,0.015772218
CC[C@H]1OC(=O)C[C@@H](O)[C@H](C)[C@@H](O[C@@H]2O[C@H](C)C[C@H](N(C)C)[C@H]2O)[C@@H](CC=O)C[C@@H](C)C(=O)/C=C/[C@]2(C)O[C@H]2[C@@H]1C,0.0007165771
CC[C@H](CO)Nc1nc(NCc2ccccc2)c2ncn(C(C)C)c2n1,0.0015264745
O=C(O)c1c(Cl)c(Cl)c(Cl)c(Cl)c1-c1c2cc(I)c(=O)c(I)c-2oc2c(I)c(O)c(I)cc12,0.9909945
O=C1OC2(c3cc(I)c(O)c(I)c3Oc3c2cc(I)c(O)c3I)c2c(Cl)c(Cl)c(Cl)c(Cl)c21,0.95922
CN(CCOc1ccc(C[C@H]2SC(=O)NC2=O)cc1)c1ccccn1,0.014385601
C=C1CC[C@H]2[C@H](CN)[C@@H]([C@@]3(C)CC[C@H](O)C[C@@H]3CO)CC[C@]12C,2.183806e-05
O=C(/C=C/c1ccc(O)c(O)c1)O[C@H](Cc1ccc(O)c(O)c1)C(=O)O,0.0019582394
CCn1cc(C(=O)O)c(=O)c2ccc(-c3ccncc3)cc21,0.020478709
C[C@]12CC[C@H](O)C[C@H]1CC[C@@H]1[C@@H]2CC[C@]2(C)[C@@](O)(c3ccoc3)CC[C@]12O,5.082617e-06
CC(C)c1nc(N(C)S(C)(=O)=O)nc(-c2ccc(F)cc2)c1/C=C/[C@@H](O)C[C@@H](O)CC(=O)O,4.0072555e-05
CCCN(CCc1cccs1)[C@H]1CCc2c(O)cccc2C1,0.00018851054
COc1cc2c(cc1OC)[C@@H]1Cc3ccc(OC)c(OC)c3CN1CC2,0.00056243164
CCOC(=O)Cn1nc(C(F)(F)F)cc1-c1ccc(-c2cccc(S(C)(=O)=O)c2)cc1,2.5746067e-07
O=[N+]([O-])c1cc([As](=O)(O)O)ccc1O,0.00464812
CC(=O)OCC(=O)NCCCOc1cccc(CN2CCCCC2)c1,0.00029443676
CC[C@H]1OC(=O)[C@H](C)[C@@H](O[C@H]2C[C@@](C)(OC)[C@@H](O)[C@H](C)O2)[C@H](C)[C@@H](O[C@@H]2O[C@H](C)C[C@H](N(C)C)[C@H]2O)[C@](C)(O)C[C@@H](C)/C(=N\OCOCCOC)[C@H](C)[C@@H](O)[C@]1(C)O,0.071570665
CC(C)Oc1ccc(-c2nc(-c3cccc4c3CC[C@H]4NCCC(=O)O)no2)cc1C#N,0.0002790491
COc1ccccc1CC(=N)N1C[C@@H]2C(=O)CCC(c3ccccc3)(c3ccccc3)[C@@H]2C1,0.0001831548
O=C(O)c1ccc(S(=O)(=O)N(Cc2ccc(OC(F)(F)F)cc2)c2ncc(C(F)(F)F)cc2Cl)cc1,7.631478e-12
O=C(CBr)N1CC([N+](=O)[O-])([N+](=O)[O-])C1,0.25456786
C[C@@H](NC(=O)[C@@H]1CSCN1C(=O)c1ccccc1)c1ccccc1,0.0039308174
Cc1c[nH]c(=O)n(CCCN2CCN(c3ccccc3OCC(F)(F)F)CC2)c1=O,9.1112895e-08
COc1cc(OC)c(C(=O)CCCCN2CCC3(CC2)NC(=O)NC3=O)cc1NS(=O)(=O)c1ccc(C(F)(F)F)cc1,1.2495569e-09
O=C1Nc2ccccc2C2(CCN(CCc3ccc(C(F)(F)F)cc3)CC2)O1,4.0140343e-08
CC(C)c1cc(-c2ccc(F)c3ccccc23)nc(N)n1,0.0058043697
CC(C)n1cnc2c(C(=O)N[C@H]3C[N@]4CC[C@@H]3CC4)cc(Cl)cc21,0.0017308498
CC(C)(Cc1c[nH]c2ccc(Cl)cc12)NCCOc1ccccc1OCC1CC1,0.0071792714
COc1cc(N)c(Cl)cc1C(=O)OCCCN1CCCCC1,0.00034528726
COc1cc(COc2cc(N)c(Cl)cc2C(=O)CCC2CCN(CCNS(C)(=O)=O)CC2)cc(OC)c1,0.00013983167
Clc1cccc2c1CN(C1=NCCN1)C2,0.00040021105
Cc1ccc2c(c1)C1(CCN(CCc3nc(-c4ccccc4)oc3C)CC1)OC(=O)N2,0.0001977182
Cn1cc(C(=O)C(=O)N[C@H]2C[N@]3CC[C@@H]2CC3)c2ccccc21,0.0015704377
CCCCN1CCC(CCC(=O)c2cc(Cl)c(N)cc2OC)CC1,0.0010180159
COc1cc(N)c(Cl)cc1C(=O)CCC1CCN(CCNS(C)(=O)=O)CC1,5.3292453e-05
CCS(=O)(=O)N1CCC[C@@H]2CN3CCc4cc(OC)ccc4[C@@H]3C[C@@H]21,2.4030935e-06
O=C(Nc1ccccc1F)N[C@H]1N=C(c2ccccc2)c2ccccc2NC1=O,0.02512872
CC1(C)CC[C@]2(NC(=O)C(C)(F)F)CC[C@]3(C)[C@H](C(=O)C=C4[C@@]5(C)C=C(C#N)C(=O)C(C)(C)[C@@H]5CC[C@]43C)[C@@H]2C1,4.221362e-07
CC[C@@H](C)CNCC(=O)N1CCc2sccc2[C@@H]1COc1cccc(C)c1,0.0017178621
COc1ccc2[nH]cc(C3=CCNCC3)c2c1,0.0018146511
CCC[C@@H]1CC2=CC(=O)CC[C@]2(C)[C@H]2CC[C@@]3(C)[C@@H](CC[C@@]3(O)CCC(=O)O)[C@H]12,6.514081e-06
CC(C)N[C@@H]1CCn2c(=O)[nH]c3cccc(c32)[C@H]1O,0.001698073
CC1(C)C(=O)N(c2ccc(C#N)c(C(F)(F)F)c2)C(=O)N1CCCCO,2.283066e-08
CC[C@@]1(O)C(=O)OCc2c1cc1n(c2=O)Cc2cc3c([N+](=O)[O-])cccc3nc2-1,0.002792505
CN(C)C[C@@H]1CCn2cc(c3ccccc32)C2=C(C(=O)NC2=O)c2cn(c3ccccc23)CCO1,0.040166177
CNCc1ccc(-c2[nH]c3cc(F)cc4c3c2CCNC4=O)cc1,0.09896672
CCCCc1ccc(O)cc1O,0.006201983
NC(=O)c1cn(Cc2c(F)cccc2F)nn1,0.0070717195
CN1CCN(c2c(F)cc3c(=O)c(C(=O)O)cn4c3c2SCC4)CC1,0.9263474
Cc1cncc(CN2CCC(=C3c4ccc(Cl)cc4CCc4cccnc43)CC2)c1,0.0010911869
O=c1c2ccccc2nc2n1CCc1c-2[nH]c2ccccc12,0.003359671
C[C@@H]1O[C@@H](OC[C@H]2O[C@@H](Oc3c(-c4ccc(O)c(O)c4)oc4cc(O)cc(O)c4c3=O)[C@H](O)[C@@H](O)[C@@H]2O)[C@H](O)[C@H](O)[C@H]1O,0.00011080246
N#CC[C@H](C1CCCC1)n1cc(-c2ncnc3[nH]ccc23)cn1,0.00034883665
N#CC[C@@H](C1CCCC1)n1cc(-c2ncnc3[nH]ccc23)cn1,0.00029192673
COCCN(CCOC)C(=O)CCCC#Cc1cccc2nc(Cn3nc(-c4cccc(O)c4)c4c(N)ncnc43)n(Cc3ccccc3Cl)c(=O)c12,0.00052392273
C=CCn1c(=O)n([C@@H]2O[C@H](CO)[C@@H](O)[C@H]2O)c2[nH]c(N)nc(=O)c21,0.0004574781
Cc1c(C(=O)NCCCO)cnn1-c1nc(-c2cccc(C(F)(F)F)c2)cs1,2.3462191e-07
OCCC#Cc1nc(-c2ccc(F)cc2)c(-c2ccncc2)n1CCCc1ccccc1,0.0038754167
Nc1ccn([C@@H]2C(F)=C(CO)[C@@H](O)[C@H]2O)c(=O)n1,5.287346e-05
CO[C@@]1(C2=NCCN2)COc2ccccc2O1,0.00045634568
Cc1ccc(NC2=CC(=O)c3sc(C)nc3C2=O)cc1,0.029153638
Oc1cccc(Nc2ncc(F)c(Nc3cccc(O)c3)n2)c1,0.039261132
O=C(NO)c1cnc(N2CCN(S(=O)(=O)c3ccc4ccccc4c3)CC2)nc1,3.1282536e-05
COc1cc(Nc2ncc(F)c(Nc3ccc4c(n3)NC(=O)C(C)(C)O4)n2)cc(OC)c1OC,0.013802581
COc1ccc(F)c(F)c1C(=O)c1cnc(NC2CCN(S(C)(=O)=O)CC2)nc1N,0.0012709505
CC(C)SC(=N)N,0.0035239207
CSC[C@H](N)C(=O)O,0.00085667375
N[C@@H](CCC(=O)N[C@@H](CS[N+][O-])C(=O)NCC(=O)O)C(=O)O,0.0002458861
N[C@@H](CSS(=O)(=O)O)C(=O)O,7.4808836e-06
N[C@H](CSC(c1ccccc1)(c1ccccc1)c1ccccc1)C(=O)O,0.025560485
Cc1oc2ccccc2c1CNC(=O)NCc1cccs1,0.0023990166
CC(C)=CCC[C@](C)(O)[C@H]1CC[C@]2(C)[C@@H]1[C@H](O)C[C@@H]1[C@@]3(C)CC[C@H](O)C(C)(C)[C@@H]3CC[C@]12C,0.0066763773
COc1ccc2cccc(N3CCN(CCNC(=O)c4ccc(F)cc4)CC3)c2c1,0.0004797973
O=C([C@@H]1C[C@@H]2CCCC[C@@H]2N1C(=O)[C@@H]1C[C@H]1c1ccccc1)N1CCSC1,2.1899708e-05
Cc1ccc(C#Cc2ccc(S(=O)(=O)N[C@H](Cc3c[nH]c4ccccc34)C(=O)O)s2)cc1,0.00021490063
NC(=O)c1ccc(OCCCN2C[C@H]3CCC[C@H]3C2)cc1,0.00012593388
CNC(=O)COC(=O)NCCC1CCN(c2cccc(C)n2)CC1,0.00019340376
O=C1NS(=O)(=O)c2ccccc21,0.00035352603
NC[C@@H](CS(=O)(=O)O)c1ccc(Cl)cc1,0.0013074458
CCOC(=O)[C@H](C)C[C@@H](Cc1ccc(-c2ccccc2)cc1)NC(=O)CCC(=O)O,0.00042954102
C[C@H](C[C@@H](Cc1ccc(-c2ccccc2)cc1)NC(=O)CCC(=O)O)C(=O)O,0.0006865279
O=C1C(=C(O)/C=C/c2ccc(O)cc2)C(=O)[C@@](O)([C@H]2O[C@H](CO)[C@@H](O)[C@H](O)[C@H]2O)C(=O)/C1=C/[C@H]1C(=O)C(=C(O)/C=C/c2ccc(O)cc2)C(=O)[C@](O)([C@H]2O[C@H](CO)[C@@H](O)[C@H](O)[C@H]2O)C1=O,2.3282226e-05
C[C@H](NCc1ccc(OCc2cccc(F)c2)cc1)C(N)=O,0.0063614966
CCCCCCCCCCCCCCC[C@@H](O)[C@@H](N)CO,0.08585935
CC1=C(C=O)C(C)(C)CC=C1,0.0015499598
CN[C@H]1CC[C@H](N(Cc2cccc(-c3ccncc3)c2)C(=O)c2sc3ccccc3c2Cl)CC1,0.0045545916
COc1ccc(NS(=O)(=O)c2ccc(N=Nc3ccc(O)c(C(=O)O)c3)cc2)nn1,0.0021656733
OCc1ccccc1O[C@@H]1O[C@H](CO)[C@@H](O)[C@H](O)[C@H]1O,0.00023102245
OCc1ccccc1O,0.002887864
NC(=O)c1ccccc1O,0.004076866
O=C(Nc1ccccc1)c1ccccc1O,0.005114217
O=C(O)c1ccccc1O,0.0043259305
OC[C@H]1O[C@@H](OCCc2ccc(O)cc2)[C@H](O)[C@@H](O)[C@@H]1O,0.00023521161
CC[C@@H](C(=O)[C@@H](C)[C@@H](O)[C@H](C)[C@@H]1O[C@@H]([C@@H](CC)C(=O)O)CC[C@@H]1C)[C@H]1O[C@]2(C=C[C@@H](O)[C@]3(CC[C@@](C)([C@H]4CC[C@](O)(CC)[C@H](C)O4)O3)O2)[C@H](C)C[C@@H]1C,5.770985e-05
CC(C)=CCC/C(C)=C/CC/C(C)=C/CSc1ccccc1C(=O)O,0.009575951
OCc1cc([C@@H](O)CNCCCCCCOCCCCc2ccccc2)ccc1O,0.04652136
C[C@@]1(C(=O)O)NCCc2cc(O)c(O)cc21,0.0008724519
O=C(/C=C/c1ccccc1)N[C@@H](NC(=S)Nc1cccc2cccnc12)C(Cl)(Cl)Cl,0.9829716
O=C(/C=C/c1ccc(O)c(O)c1/C=C/c1ccc(O)c(O)c1)O[C@H](Cc1ccc(O)c(O)c1)C(=O)O,0.0020856822
O=C(/C=C/c1ccc(O)c2c1[C@@H](C(=O)O[C@H](Cc1ccc(O)c(O)c1)C(=O)O)[C@H](c1ccc(O)c(O)c1)O2)O[C@H](Cc1ccc(O)c(O)c1)C(=O)O,0.00045135905
COC(=O)[C@@H]1C[C@H](OC(C)=O)C(=O)[C@H]2[C@@]1(C)CC[C@H]1C(=O)O[C@H](c3ccoc3)C[C@]21C,0.00015643412
O=C(/C=C/c1ccccc1)N[C@@H](NC(=S)Nc1ccc(Cl)cc1)C(Cl)(Cl)Cl,0.98371696
O=S(=O)(c1cccc2ccccc12)c1n[nH]c2ccc(N3CCNCC3)cc12,0.00034306754
CCCCCCN1CCC(C(=O)N(C)CC)(c2ccccc2)CC1,9.161291e-05
COCCNC(=O)Cn1cnc([N+](=O)[O-])n1,0.042598926
CN(C)[C@@H]1C(=O)[C@@H](C(N)=O)C(=O)[C@@]2(O)C(=O)[C@H]3C(=O)c4c(O)cccc4C[C@H]3C[C@@H]12,1.28974925e-05
NC(=O)c1cn([C@@H]2O[C@H](CO)[C@@H](O)[C@H]2O)c2ncnc(N)c12,0.0003756222
C[n+]1cc2c3c(ccc2c2ccc4cc5c(cc4c21)OCO5)OCO3,0.00070726714
Cc1nn(-c2ccccc2)c(C)c1/C=N/N1CCN(Cc2ccccc2)CC1,0.0010958052
CCOc1cc(C(=O)Nc2ccc(Cl)c(-c3nc4ccccc4[nH]3)c2)cc(OCC)c1OCC,0.031130496
CCCCCCCCCCCCCCCC(=O)Nc1ccn([C@@H]2O[C@H](CO)[C@@H](O)[C@@H]2C#N)c(=O)n1,0.0017070383
C[C@H](O)[C@H](O)[C@H]1CNc2[nH]c(N)nc(=O)c2N1,0.0029623937
CC(C)(C)NC(=O)[C@@H]1C[C@@H]2CCCC[C@@H]2CN1C[C@@H](O)[C@H](Cc1ccccc1)NC(=O)[C@H](CC(N)=O)NC(=O)c1ccc2ccccc2n1,6.780923e-05
COc1cc(Nc2nc3ccccc3nc2NS(=O)(=O)c2ccc(NC(=O)c3ccc(C)c(OC)c3)cc2)cc(OC)c1,0.0014126147
CN1CCN(CCOc2cc(OC3CCOCC3)c3c(Nc4c(Cl)ccc5c4OCO5)ncnc3c2)CC1,0.00044060667
O=C(O)c1cn(-c2ccc(F)cc2)c2cc(N3CCNCC3)c(F)cc2c1=O,0.91913575
CNCC(=O)O,0.001514221
N=C(N)N/N=C1\CCc2c(C(=N)N)cccc21,0.0018601817
CCc1noc(C)c1-c1[nH]c2ccccc2c1[C@@H](O)CN(C)C,0.0022532297
CCO[C@@H](Cc1ccc(OCCn2c(C)ccc2-c2ccc(SC)cc2)cc1)C(=O)O,0.007016192
COc1cccc(CCc2ccccc2OC[C@@H](CN(C)C)OC(=O)CCC(=O)O)c1,0.0008056494
CCn1c(N)c(C(=O)NC)c(=O)c2ccc(C#C[C@@](C)(O)COC)nc21,0.00034997406
C[C@@H]1COCCN1c1cc(=O)n2c(n1)N(Cc1cncc(Cl)c1)[C@H](C(F)(F)F)CC2,8.6670144e-07
CC(C)(C)C[C@@H]1N[C@@H](C(=O)N[C@H]2CC[C@H](O)CC2)[C@H](c2cccc(Cl)c2F)[C@]12C(=O)Nc1cc(Cl)ccc12,0.0024513481
O=c1[nH]ccc2cc(OC3CCNCC3)ccc12,0.0012920535
O=C(Oc1ccccc1C(=O)O)c1ccccc1O,0.0052642142
CC(=O)[O][Pt]([NH2])([Cl])([Cl])([NH]C1CCCCC1)[O]C(C)=O,0.000104453895
C[C@@H](c1ccc2nccn2c1)n1nnc2ncc(-c3cnn(C)c3)nc21,0.0011630091
N#C[C@@H]1C[C@@H]2C[C@@H]2N1C(=O)[C@@H](N)[C@@]12C[C@@H]3C[C@@H](C[C@@](O)(C3)C1)C2,5.9160925e-07
Cn1ccc2cc(NC(=O)Nc3cccnc3)ccc21,0.013182789
Oc1ccc(-c2nc(-c3ccncc3)c(-c3ccc(F)cc3)[nH]2)cc1,0.008736261
O=C(OCCN1CCCCC1)c1c[nH]c2ccccc12,0.00015855198
C[S@@](=O)c1ccc(-c2nc(-c3ccncc3)c(-c3ccc(F)cc3)[nH]2)cc1,0.012235413
CC#CCOC(=O)c1c(C)nc2sc3c(c2c1N)CC[C@H](O)C3,6.594251e-05
Cn1ccc2cc3c(cc21)CCN3C(=O)Nc1cccnc1,0.0074770134
COc1ccc(NC(=O)c2ccc(-c3ccc(-c4noc(C)n4)cc3C)cc2)cc1OCCN(C)C,0.009138313
Cn1cc(C2=C(c3ccc(Cl)cc3Cl)C(=O)NC2=O)c2ccccc21,0.92469376
O=C1NC(=O)c2c1c1c3ccccc3n3c1c1c2c2ccccc2n1[C@H]1CC[C@H]3O1,0.17281446
COC(=O)[C@H](NC(=O)c1cc(-c2ccccc2)nc2ccccc12)c1ccccc1,0.0056097894
CSc1cc2c(cc1C(F)(F)F)N(C(=O)Nc1cccnc1)CC2,4.851627e-07
CC[C@H](NC(=O)c1c(C)c(-c2ccccc2)nc2ccccc12)c1ccccc1,0.017307952
O=C(Nc1ccc([N+](=O)[O-])cc1O)Nc1ccccc1Br,0.5267759
COc1cc2c(cc1C(F)(F)F)N(C(=O)Nc1cc(F)cc(-c3cccnc3)c1)CC2,2.3347316e-06
Cc1nc2c(-c3cnc(N)nc3)nc(N3CCOCC3)nc2n1C(C)C,0.00036941614
COc1nccc(-c2c(-c3ccc(F)cc3)ncn2[C@H]2CC[C@H](O)CC2)n1,0.0025006142
COc1nccc(-c2c(-c3ccc(F)cc3)ncn2C2CCNCC2)n1,0.0029245773
Cc1cc2c(cc1C(F)(F)F)N(C(=O)Nc1ccc(Oc3cccnc3C)nc1)CC2,5.7355345e-07
COc1ccc(NS(=O)(=O)c2ccc(I)cc2)cc1N1CCN(C)CC1,0.00029637048
Cc1ccccc1N(C)C(=O)c1ccc([S@@](=O)c2nccs2)c([N+](=O)[O-])c1,0.24959882
CC1CCN(CC[C@H]2CCCN2S(=O)(=O)c2cccc(O)c2)CC1,8.48326e-06
COc1ccc(NS(=O)(=O)c2sc3ccc(Cl)cc3c2C)cc1N1CCNCC1,0.00045786554
CCOC(=O)[C@H](Cc1ccc([N+](=O)[O-])cc1)NC(=O)c1ccccc1,0.0023973102
COC(=O)[C@H](Cc1ccc([N+](=O)[O-])cc1)NC(=O)c1cccc2ccccc12,0.0037962967
Cc1nc2ccc(NC(=O)Nc3ccnc4cccnc34)cc2o1,0.014115284
COc1cccc(NC(=O)/C=C/c2ccc(Cl)cc2)c1,0.005696433
COc1ccc(S(=O)(=O)Nc2cc(Cl)cc(Cl)c2OC)cc1N1CCNCC1,0.0008664052
Cc1cc(NC(=O)Nc2ccc(N(C)C)cc2)c2cc(F)cc(F)c2n1,0.9404429
O=C1NC(=O)C(c2ccccc2[N+](=O)[O-])=C1Nc1ccc(O)c(Cl)c1,0.79135257
NC(=O)c1ccc(-c2nc(-c3ccccn3)c(-c3ccc4c(c3)OCO4)[nH]2)cc1,0.0036889308
CCN(CCNC(=O)Nc1ccccc1Br)c1cccc(C)c1,0.0028777486
Cc1cccc(-c2nc(C(C)(C)C)[nH]c2-c2ccc3c(c2)OCO3)n1,0.0011552993
Cc1cccc(-c2nc(C(C)(C)C)[nH]c2-c2ccc3nccnc3c2)n1,0.002907997
CN(C)CCOc1ccc(-c2nc(-c3ccncc3)c(-c3ccc4c(c3)CC/C4=N\O)[nH]2)cc1,0.004364464
Cc1cccc2c1CC[C@H](CN1CCC(c3c(Cl)cccc3Cl)CC1)C[C@@H]2O,0.00020561022
Cc1nc(C(=O)N2CCCC[C@H]2CNC(=O)c2cccc3occc23)c(-c2ccc(F)cc2)s1,0.002181374
COc1cc(Br)c(S(=O)(=O)Nc2ccc(Cl)c(O[C@@H]3CCN(C)C3)c2)cc1OC,9.8715645e-05
COc1cccc(OC)c1-c1ccc(C[C@H](NC(=O)c2c(Cl)cccc2Cl)C(=O)O)cc1,0.2172626
O=C(Nc1ccccc1Br)N[C@@H]1CCN(c2ccc(C(F)(F)F)cn2)C1,2.458073e-07
COc1cc(Br)c(S(=O)(=O)Nc2ccc(C(F)(F)F)c(O[C@@H]3CCN(C)C3)c2)cc1OC,3.5134775e-09
O=S(=O)(c1ccccc1)c1cnc2c(N3CCNCC3)cccc2c1,0.001399945
Cc1ccc(C(=O)N(CCCN)[C@@H](c2oc3cc(Cl)ccc3c(=O)c2Cc2ccccc2)C(C)C)cc1,0.025627943
CCn1c(-c2nonc2N)nc2cncc(CNC3CCNCC3)c21,0.00023664792
COc1ccc(S(=O)(=O)N2CCCN(S(=O)(=O)c3ccc(OC)c(OC)c3)CC2)cc1OC,3.228738e-07
CCn1c(-c2nonc2N)nc2cncc(C(=O)N3CC[C@H](N)C3)c21,8.460497e-05
CCCCc1nc2cc(/C=C/C(=O)NO)ccc2n1CCN(CC)CC,0.0008855357
COc1ccc(CCNCc2ccc(OCc3ccc(Cl)nc3)c(OC)c2)cc1OC,0.045639392
O=C(CCCCCCC(=O)NO)NO,0.003117272
CCS(=O)(=O)c1ncc(Cl)c(C(=O)Oc2cccc(C)c2)n1,0.0006264544
CCCCCCCNS(=O)(=O)c1cccc2c(Cl)cccc12,0.0024652304
COc1cccc(-c2ccc(NC(=O)C3=C(C(=O)O)CCC3)c(F)c2)c1,0.050291058
O=C(NNc1nc2cc(F)ccc2n2cccc12)c1cnccn1,0.0773989
CC(=O)NNC(=O)N1Cc2ccccc2Oc2ccc(Cl)cc21,0.55892545
NS(=O)(=O)c1ccc(-n2nc(C(F)(F)F)cc2-c2ccc(Cl)cc2)cc1,3.1872656e-07
O=C(CCc1ccncc1)NNC(=O)N1Cc2ccccc2Oc2ccc(Cl)cc21,0.17302172
COc1ccc(-n2nc(C(F)(F)F)cc2-c2ccc(Cl)cc2)cc1,1.3993521e-06
O=S(=O)(NCCCCCCc1ccccc1)c1cccc2c(Cl)cccc12,0.004273951
C=C1C(=O)O[C@@H]2/C=C(/C)C[C@H]3C=C(C[C@H](OC(=O)/C(C)=C\C)[C@@H]12)C(=O)O3,2.3735687e-05
CN=c1nc(-c2ccccc2)n(-c2ccccc2)s1,0.0029587916
Cc1ccccc1C(c1ccccc1C)N1[C@@H]2CC[C@H]1C[C@](O)(c1ccccc1)C2,0.0013900984
CN1CCc2cc(Cl)c(O)cc2[C@@H](c2ccccc2)C1,0.009688069
Cc1nc2c(OCc3ccccc3)cccn2c1CC#N,0.0022149994
COc1ccc2nc3n[nH]c(C)c3c(NCCOCCO)c2c1,0.0014574239
Nc1nc2c(cnn2CCc2ccccc2)c2nc(-c3ccco3)nn12,0.0015880732
Cn1cc(-c2cnn3c(N)c(Br)c([C@@H]4CCCNC4)nc23)cn1,0.002936892
COc1cc2c(c(OC)c1OC)-c1c(cc3c(c1OC)OCO3)C[C@@H](C)[C@@H](C)C2,0.0013371787
COc1cc2c(c(OC)c1OC)-c1c(cc3c(c1OC)OCO3)C[C@H](C)[C@@](C)(O)C2,0.0021397145
C=CC(C)(O)CC[C@@H]1[C@@]2(C)CCCC(C)(C)[C@@H]2CC[C@@]1(C)O,0.005395749
CC1(C)CCC[C@]2(C)[C@H]3CC(=O)O[C@]3(C)CC[C@@H]12,0.002253085
N[C@@H](CSCC(=O)O)C(=O)O,0.0005404771
CN1[C@@H]2C[C@@H](O)C[C@H]1[C@@H]1O[C@@H]12,0.0010304492
CN1[C@@H]2C[C@@H](OC(=O)[C@H](CO)c3ccccc3)C[C@H]1[C@@H]1O[C@@H]12,0.00045531004
O=C(CN1C(=O)c2ccccc2S1(=O)=O)Nc1ccc(O)cc1,3.967429e-05
O=C(CCCCCN1C(=O)c2cccc3cccc(c23)C1=O)NO,0.012199504
O=C(N/N=C/c1ccccc1O)c1ccccc1O,0.0055716448
O=C(CO)N1CCC(c2[nH]nc(-c3ccc(Cl)cc3)c2-c2ccncn2)CC1,0.00032104884
NC(=O)c1ccc2[nH]ccc2c1,0.0038504389
Fc1ccc(Cl)cc1-c1nc(Nc2ccncc2)c2nccnc2n1,0.23284324
COCCN1CCC(C(=O)NO)(S(=O)(=O)c2ccc(Oc3ccc(OC(F)(F)F)cc3)cc2)CC1,7.727384e-09
CN(Cc1ccccc1)C(=O)[C@H](Cc1ccc2ccccc2c1)NC(=O)[C@@H]1CCCN1C(=O)Nc1ccccc1[N+](=O)[O-],0.09352806
CN1CC[C@@H]2CN3CCc4cccc(c43)[C@@H]2C1,0.00015589374
CO[C@@H]1[C@H](O)[C@@H](CO)O[C@H]1n1cnc2c(NC3CCCCC3)ncnc21,0.00012745887
CCN(CC)CCOC(=O)c1cc(Cl)c(N)cc1OC,0.00046879996
CC(C)OC(=O)c1cc2c(OC[C@@H](O)CNC(C)(C)C)cccc2[nH]1,0.0008487569
N[C@@H](Cc1cc(-c2ccc(Cl)cc2Cl)cc(CP(=O)(O)O)c1O)C(=O)O,0.0002818268
N[C@@H](Cc1cc(CP(=O)(O)O)cc(-c2ccccc2Cl)c1)C(=O)O,0.00014680148
C[Se]C[C@H](N)C(=O)O,0.00057979627
C=C1CC[C@H](O)C/C1=C/C=C1\CCC[C@]2(C)[C@@H]([C@H](C)CC[C@@H](O)C(C)(C)O)CC[C@@H]12,0.000116281575
O=C1c2cc(Cl)ccc2O[C@H]2CCON12,0.018643508
C/C(=N\NC(=O)c1cccc(S(=O)(=O)N2CCN(C)CC2)c1)c1cc(Cl)ccc1O,3.5884186e-05
Cc1ncc([N+](=O)[O-])n1C[C@@H](C)O,0.9362634
COc1cc(C[C@@H](CO)[C@H](CO)Cc2ccc(O)c(OC)c2)ccc1O,0.006777036
COc1cc(C[C@@H](CO[C@@H]2O[C@H](CO)[C@@H](O)[C@H](O)[C@H]2O)[C@H](CO[C@@H]2O[C@H](CO)[C@@H](O)[C@H](O)[C@H]2O)Cc2ccc(O)c(OC)c2)ccc1O,2.7876795e-05
O=C1C=C2C=C[C@@H]3C[C@@]2(O1)[C@H]1CCCCN31,2.4977116e-05
C=C1C[C@H]2[C@@H]3CCC4=CC(=O)CC[C@@H]4[C@H]3CC[C@]2(C)[C@@]1(OC(C)=O)C(C)=O,3.1062634e-06
CCO[C@H](COc1ccc(C(F)(F)F)cc1)CSc1ccc(OCC(=O)O)c(C)c1,1.9796774e-07
CO[C@H]1C[C@H](O[C@@H]2/C(C)=C/C[C@@H]3C[C@@H](C[C@]4(CC[C@H](C)[C@@H](C5CCCCC5)O4)O3)OC(=O)[C@@H]3C=C(C)/C(=N/O)[C@H]4OC/C(=C\C=C\[C@@H]2C)[C@]43O)O[C@@H](C)[C@@H]1O,7.039873e-07
C#CCN(C)[C@H](C)Cc1ccccc1,0.0030682716
C[Se]CC[C@H](N)C(=O)O,0.0005715401
[O-][n+]1cccc(-c2nc3c(Cl)cccc3cc2[C@@H](Nc2ncnc3cccnc23)C(F)(F)F)c1,1.0614854e-06
CC(C)N(CCCCOCC(=O)NS(C)(=O)=O)c1cnc(-c2ccccc2)c(-c2ccccc2)n1,0.00091404753
O=C(O)[C@H]1C[C@@H](CP(=O)(O)O)CCN1,0.00011638009
O=C(/C=C\n1cnc(-c2cc(C(F)(F)F)cc(C(F)(F)F)c2)n1)NNc1cnccn1,1.2226328e-10
C[C@@H]1CCc2ncc(F)cc2[C@H]2CCCN2c2ccn3ncc(c3n2)C(=O)N1,0.0067332275
Cc1cc(F)c(C(=O)Nc2cccc(-c3nncn3C(C)C)n2)cc1-n1cnc(C2CC2)c1,0.039474644
Cn1cnc2c(F)c(Nc3ccc(Br)cc3Cl)c(C(=O)NOCCO)cc21,0.9165254
CC(C)[C@H](O)C(=O)N[C@@H](C)C(=O)N[C@@H]1C(=O)N(C)CCc2ccccc21,0.0026164465
CC(=NNC(=N)N)c1cc(NC(=O)CCCCCCCCC(=O)Nc2cc(C(C)=NNC(=N)N)cc(C(C)=NNC(=N)N)c2)cc(C(C)=NNC(=N)N)c1,0.045877077
Cc1cc(C)c(/C=C2\C(=O)Nc3ccccc32)[nH]1,0.008251052
CC1CCC(NC(=O)N(CCCl)[NH2+][O-])CC1,0.0011453956
CN(C)c1cccc(Oc2cnc(Nc3cccc(O)c3)nc2)c1,0.0059034494
NC(=O)C(c1ccccc1)(c1ccc(F)cc1)c1ccc(F)cc1,0.04288677
O=C(O)c1cc(O)c2c(O)c3c(O[C@H]4O[C@H](CO)[C@@H](O)[C@H](O)[C@H]4O)cccc3c(-c3c4cc(C(=O)O)cc(O)c4c(O)c4c(O[C@H]5O[C@H](CO)[C@@H](O)[C@H](O)[C@H]5O)cccc34)c2c1,8.352383e-05
O=C(O)c1cc(O)c2c(O)c3c(O[C@@H]4O[C@H](CO)[C@@H](O)[C@H](O)[C@@H]4O)cccc3c(-c3c4cc(C(=O)O)cc(O)c4c(O)c4c(O[C@H]5O[C@@H](CO)[C@@H](O)[C@@H](O)[C@@H]5O)cccc34)c2c1,0.000101601254
C=C1/C(=C\C=C2/CCC[C@]3(C)[C@@H]([C@H](C)/C=C/C=C/C(O)(CC)CC)CC[C@@H]23)C[C@@H](O)C[C@@H]1O,0.00012754872
O=C(O)c1cc2occc2[nH]1,0.0057830014
CC1=C(C)C(=O)C([C@@H](CCCCCC(=O)O)c2ccccc2)=C(C)C1=O,0.00063891854
c1ccc2c(CCNc3ccc(Nc4ccncc4)cc3)c[nH]c2c1,0.0055943
NCCc1c[nH]c2ccc(O)cc12,0.0038953107
Clc1ccc([C@@H](Cn2ccnc2)OCc2csc3c(Cl)cccc23)c(Cl)c1,0.14215754
O=C1NCCN1CCN1CCC(c2cn(-c3ccc(F)cc3)c3ccc(Cl)cc23)CC1,0.00040349844
CN[C@H]1CC[C@@H](c2ccc(Cl)c(Cl)c2)c2ccccc21,0.0070410264
c1cc2c(cc1[C@H]1OC[C@H]3[C@@H]1CO[C@@H]3c1ccc3c(c1)OCO3)OCO2,0.00011575818
O=C(O)Cn1c2c(c3cc(F)ccc31)CN(C(=O)c1cccc3ccccc13)CC2,0.029655172
CN1CCC2=C(C1)c1ccccc1Cc1ccccc12,0.00080062856
CC(=O)N[C@@H](CCCNC(=N)N)C(=O)N[C@H]1CSSC[C@@H](C(N)=O)NC(=O)[C@H](Cc2c[nH]c3ccccc23)NC(=O)[C@H](CCCNC(=N)N)NC(=O)[C@@H](Cc2ccccc2)NC(=O)[C@H](Cc2cnc[nH]2)NC(=O)[C@@H](C)NC1=O,0.1426747
FCOC(C(F)(F)F)C(F)(F)F,1.4567299e-11
FC(F)(F)c1cccc(-c2noc(-c3cc(-c4ccccc4)c(C(F)(F)F)s3)n2)c1,3.9564751e-10
CCOc1ccc(NC(=S)N2CCC(C(O)(c3ccccc3)c3ccccc3)CC2)cc1,0.0010459647
COc1ccc(CCc2nc3cc(-c4c(C)noc4C)ccc3n2C[C@H](C)N2CCOCC2)cc1Cl,0.0011923062
CC(C)N(CCCNC(=O)Nc1ccc(C(C)(C)C)cc1)C[C@H]1O[C@@H](n2cc(Br)c3c(N)ncnc32)[C@H](O)[C@@H]1O,0.0006769374
O=C(NCC(=O)N1CCCC1)Nc1ccc2cnccc2c1,0.0003200022
Cc1cc(Nc2ccc(NC(=O)c3ccc(Nc4ccnc5ccccc45)cc3)cc2)nc(N)n1,0.008255044
CN1CCC(CNc2ccc3ncc(-c4cccc(OC(F)(F)F)c4)n3n2)CC1,2.6249008e-06
CCCCP(=O)(O)CCCN,0.0031998619
Cn1cc(-c2ccc3nnc(Sc4ccc5ncccc5c4)n3n2)cn1,0.0029926097
O=C(NCc1ccc(F)cc1)N1CCN2C(=O)OC(c3ccccc3)(c3ccccc3)[C@@H]2C1,0.00013313332
O=C(O)C1=C[C@@H](O)[C@H](O)[C@H](O)C1,0.00041018875
CC1(N)CCN(c2cnc(-c3cccc(Cl)c3Cl)c(N)n2)CC1,0.0047893473
CN1CCC[C@@H]1CCSc1ccc(O)cc1,0.0012763245
C=C1C=CC(=O)C(=NNc2ccccc2)N1,0.002165389
Cc1cccc(/C=C/c2ccccc2)n1,0.007192664
CCOC(=O)[C@@H](C)Oc1cccc2c(=O)n(CC(=O)Nc3ccc4c(c3)OCCO4)ccc12,0.00054279517
CN/C(=N\c1ccc(C2=NNC(=O)C[C@@H]2C)cc1)NC#N,0.0012343345
CCCc1nn(C)c2c(=O)[nH]c(-c3cc(S(=O)(=O)N4CCN(C)CC4)ccc3OCC)nc12,1.0954366e-05
COc1cc([C@H]2Oc3cc([C@H]4Oc5cc(O)cc(O)c5C(=O)[C@@H]4O)ccc3O[C@@H]2CO)ccc1O,0.002664623
C[C@H](Cc1cc2c(c(C(N)=O)c1)N(CCCO)CC2)NCCOc1ccccc1OCC(F)(F)F,4.2192084e-07
Nc1ccc(S(=O)(=O)[N]([Ag])c2ncccn2)cc1,3.318456e-05
COc1cc([C@H]2Oc3ccc([C@H]4Oc5cc(O)cc(O)c5C(=O)[C@@H]4O)cc3O[C@@H]2CO)ccc1O,0.0025168327
COc1ccc2c(O[C@@H]3C[C@H]4C(=O)N[C@]5(C(=O)NS(=O)(=O)C6CC6)C[C@H]5/C=C\CCCCN(C)C(=O)[C@@H]4C3)cc(-c3nc(C(C)C)cs3)nc2c1C,2.9448076e-06
Cc1n[nH]cc1-c1cc2[nH]c([C@H]3CC4CCN3CC4)nc(=O)c2s1,0.00025778537
CCC(C)(C)C(=O)O[C@H]1C[C@@H](C)C=C2C=C[C@H](C)[C@H](CC[C@@H]3C[C@@H](O)CC(=O)O3)[C@H]21,0.0001227661
CSCC[C@H](NC(=O)[C@H](Cc1ccc(OS(=O)(=O)O)cc1)NC(=O)[C@@H](N)CC(=O)O)C(=O)NCC(=O)N[C@@H](Cc1c[nH]c2ccccc12)C(=O)N[C@@H](CCSC)C(=O)N[C@@H](CC(=O)O)C(=O)N[C@@H](Cc1ccccc1)C(N)=O,8.035162e-05
Nc1ncnc2c1ncn2[C@@H]1O[C@H](C[C@@H](N)CC[C@H](N)C(=O)O)[C@@H](O)[C@H]1O,9.0580994e-05
COC1=C[C@@H]2[C@@H]3Cc4ccc(OC)c(O)c4[C@]2(CCN3C)CC1=O,0.00018140546
CN1CCN(c2ncc(-c3cc(Cl)cc(Cl)c3Cl)c(N)n2)CC1,0.68256944
CCc1cc(/C(C)=N/OCc2ccc(C3CCCCC3)c(C(F)(F)F)c2)ccc1CN1CC(C(=O)O)C1,3.175176e-07
Fc1ccc(-n2cc(CCCCN3CCC4(CC3)OCc3ccccc34)c3ccccc32)cc1,0.0001732614
COc1ncc(-c2nc3c(n2C(C)C)[C@H](c2ccc(Cl)cc2)N(c2cc(Cl)cn(C)c2=O)C3=O)c(OC)n1,0.005466723
CO[C@H]1C[C@@H]2CC[C@@H](C)[C@@](O)(O2)C(=O)C(=O)N2CCCC[C@H]2C(=O)O[C@H]([C@H](C)C[C@@H]2CC[C@@H](O)[C@H](OC)C2)CC(=O)[C@H](C)/C=C(\C)[C@@H](O)[C@@H](OC)C(=O)[C@H](C)C[C@H](C)/C=C/C=C/C=C/1C,0.0006197914
Cc1cc(C)nc(SCC(=O)Nc2ncc(Cc3cccc4ccccc34)s2)n1,0.02751343
C[C@@H](NC(=O)c1ccccc1/N=C/c1c(O)ccc2ccccc12)c1ccccc1,0.0051794057
CN[C@@H]1[C@@H](O)[C@@H](O[C@@H]2[C@@H](O)[C@H](O[C@H]3OC(CN)=CC[C@H]3N)[C@@H](N)C[C@H]2N)OC[C@]1(C)O,1.4663484e-05
COc1cc2c(cc1OC)CN(C(=O)/C=C/c1c(-c3ccccc3)n(C)c3ncccc13)CC2,0.001882176
N[C@@H]1CN(c2c(F)cc3c(=O)c(C(=O)O)cn([C@@H]4C[C@@H]4F)c3c2Cl)CC12CC2,0.5084082
N[C@@H](CC(=O)N1CCn2c(nnc2C(F)(F)F)C1)Cc1cc(F)c(F)cc1F,1.0300697e-05
Cc1cc2c(cc1CC(=O)c1sccc1S(=O)(=O)Nc1onc(C)c1Cl)OCO2,2.7762557e-05
CC[C@H](CC[C@@H](C)[C@H]1CC[C@H]2[C@@H]3CC=C4C[C@@H](O)CC[C@]4(C)[C@H]3CC[C@]12C)C(C)C,6.8724985e-05
COCCNCc1ccc(-c2cc3nccc(Oc4ccc(NC(=O)C5(C(=O)Nc6ccc(F)cc6)CC5)cc4F)c3s2)nc1,0.08260311
CC(C)(C)C(=O)Oc1ccc(S(=O)(=O)Nc2ccccc2C(=O)NCC(=O)O)cc1,4.854291e-05
CCOc1cc(/C=C2/C(=O)N(c3ccccc3)N=C2C)cc(Cl)c1OCC(=O)OC,0.0016164668
N#Cc1cc(NC(=O)[C@H]2c3ccccc3C(=O)N(CC(F)(F)F)[C@@H]2c2cccnc2)ccc1F,1.0841289e-06
C=C1C[C@H]2C=Nc3cc(OCCCOc4cc5c(cc4OC)C(=O)N4CC(=C)C[C@H]4C=N5)c(OC)cc3C(=O)N2C1,9.8145254e-05
C=CCN1CC[C@]2(C)c3cc(O)ccc3C[C@H]1[C@H]2C,0.00050735986
Nc1nc2c(ccc3ccccc32)s1,0.0033362282
O=C1c2ccc(Nc3ccc(F)cc3F)cc2CCc2ccc(OC[C@H](O)CO)cc21,0.17745353
Oc1cc2c(cc1O)[C@H](c1ccccc1)CNCC2,0.0019380611
C=CCN1CCc2cc(O)c(O)cc2[C@H](c2ccccc2)C1,0.00049535814
Oc1cc2c(c(Cl)c1O)CCNCC2c1ccccc1,0.014014857
CN1CCc2cc(Br)c(O)cc2[C@H](c2ccccc2)C1,0.009209801
Fc1ccc(-c2nc3n(c2-c2ccncc2)CCS3)cc1,0.0053384635
O=C(O)[C@H]1CCCN(CCC=C(c2ccccc2)c2ccccc2)C1,0.00014256475
CN(C)CCCCSC(=N)N,0.003915149
COc1ccc(CCCO[C@@H](Cn2ccnc2)c2ccc(OC)cc2)cc1,0.027902229
Oc1ccc(Nc2nc(-c3ccc(Cl)cc3)cs2)cc1,0.0072248317
CC(C)n1c(Nc2cccnc2)nc2cnc(Nc3ccc(N4CCN(C)CC4)cc3)nc21,0.0008599545
COc1cc2ncnc(Sc3nnc(C)s3)c2cc1OC,0.0013886893
C/N=C(/NS(=O)(=O)c1ccc(Cl)cc1)N1C[C@H](c2ccccc2)C(c2ccc(Cl)cc2)=N1,0.00019979388
O[C@H]1CC[C@H](Nc2nc(-c3ccccc3)nc3[nH]ccc23)CC1,0.001855836
NC(=O)C1N=CNC1=O,0.00224757
CN[C@@H](C)C(=O)N[C@H]1CCCC[C@H]2CC[C@@H](C(=O)N[C@@H](c3ccccc3)c3cn(CCCCc4ccc(CCCCn5cc([C@@H](NC(=O)[C@@H]6CC[C@@H]7CCCC[C@H](NC(=O)[C@H](C)NC)C(=O)N76)c6ccccc6)nn5)cc4)nn3)N2C1=O,0.1420797
CC[C@H](Oc1ccc(Cl)cc1)C(=O)O[C@H]1C[C@H]2CC[C@@H](C1)N2C,0.0004948187
C=CCNc1ncnc2ccc(Br)cc12,0.009469276
O=C1NC(=O)/C(=C/c2cccc(C(F)(F)F)c2)S1,1.899812e-06
Cc1cc(C)c(C2=NO[C@@H]3[C@H]4CC[C@H](C4)[C@H]23)c(C)c1,0.0015387052
CCc1c2c(nc3ccc(O)cc13)-c1cc3c(c(=O)n1C2)COC(=O)[C@]3(O)CC,0.0001872294
CCOC(=O)[C@H]1CS[C@H](Cc2ccc(OCc3ccc([N+](=O)[O-])cc3)cc2)N1,0.0014174363
CC(=O)N[C@@H](C(=O)O)C(C)(C)S[NH2+][O-],0.016654853
COC(=O)C1=C(C)NC(C)=C(C(=O)NCCCN2CCC(c3ccccc3)(c3ccccc3)CC2)[C@@H]1c1ccc([N+](=O)[O-])cc1,1.8303313e-05
Cc1ccc(NC(=O)C(C)C)cc1C1CCN(Cc2ccc(Oc3ccc(F)c(F)c3)cc2)CC1,0.018731074
C=CCN1C[C@H](C)N([C@H](c2ccc(C(=O)N(CC)CC)cc2)c2cccc(OC)c2)C[C@H]1C,0.00021839049
CC(C)=CCc1c(O)cc(O)c2c(=O)c(O)c(-c3ccc(C(F)(F)F)cc3)oc12,1.8951451e-06
O=C(Nc1cccc(Cl)c1)Nc1ncc(CCNc2ncnc3ccsc23)s1,0.011677938
CC1(C)CC(=O)c2c(C(F)(F)F)nn(-c3ccc(C(N)=O)c(N[C@H]4CC[C@H](O)CC4)c3)c2C1,1.5834911e-07
CC1(C)CC(=O)c2c(C(F)(F)F)nn(-c3ccc(C(N)=O)c(N[C@H]4CC[C@H](OC(=O)CN)CC4)c3)c2C1,5.6416393e-08
Cc1cc(OCC(=O)O)cc(C)c1Cc1ccc(O)c(C(C)C)c1,0.009212212
CC[C@H](C)[C@@H]([C@@H](CC(=O)N1CCC[C@H]1[C@H](OC)[C@@H](C)C(=O)NCCc1ccccc1)OC)N(C)C(=O)[C@@H](NC(=O)[C@H](C(C)C)N(C)C)C(C)C,0.0021622356
CC1=CC[C@@H](C(C)(C)O)C[C@@H]1O,0.0016445613
CC(C)COC(=O)OCN1C(=O)CN(CCN2CC(=O)N(COC(=O)OCC(C)C)C(=O)C2)CC1=O,3.299564e-07
O=C1O[C@H]([C@@H](O)CO)[C@@H](O)[C@@H]1O,0.0003435888
CCCC(=O)O,0.0014651163
O=C(O)[C@@H](O)Cc1ccc(O)c(O)c1,0.0012548233
O=C(O)[C@H](O)[C@@H](O)[C@H](O)[C@H](O)CO,0.000191351
Cc1cc(S(=O)(=O)O)c2c(C)ccc(C(C)C)cc1-2,0.00035246363
O=P(O)(O)F,2.6217955e-05
[O-][NH2+][O-],0.0061767446
N#[C][Fe-2]([C]#N)([C]#N)([C]#N)([C]#N)[N+][O-],6.6147556e-12
[O]=[V]([OH])([OH])[OH],0.0002518376
O=S(=O)(O)Oc1ccc(C(c2ccc(OS(=O)(=O)O)cc2)c2ccccn2)cc1,0.00011003152
O=C(O)[C@@H]1[O][Sb]2([OH])([O][Sb]34([OH])[O][C@H]([C@H](O)CO)[C@H]([O]3)[C@H](C(=O)O)[O]4)[O][C@H]([C@H](O)CO)[C@@H]1[O]2,8.204042e-09
Cc1c(S(=O)(=O)O)oc2c1C(=O)C(=O)c1c-2ccc2c1CCCC2(C)C,0.0012159246
CCCC[C@@H](CC)CC[C@@H](CC(C)C)OS(=O)(=O)O,0.00023528114
CC(C)=CCOc1ccc(/C=C/C(=O)c2ccc(OCC=C(C)C)cc2OCC(=O)O)cc1,0.0030069323
CC(C)OC(=O)[C@H](C)N[P@](=O)(OC[C@H]1O[C@@H](n2ccc(=O)[nH]c2=O)[C@](C)(F)[C@@H]1O)Oc1ccccc1,3.2850707e-07
CC(C)OC(=O)[C@H](C)N[P@](=O)(OC[C@H]1O[C@@H](n2ccc(=O)[nH]c2=O)[C@@](C)(O)[C@@H]1O)Oc1ccccc1,3.511926e-06
CNc1cccc(NC(=O)N[C@@H]2N=C(c3ccccn3)c3ccccc3N(CC(=O)C(C)(C)C)C2=O)c1,0.0050862757
C[C@@H]1CC[C@@]2(NC1)O[C@@H]1C[C@H]3[C@H]4CC=C5C[C@H](O[C@H]6O[C@@H](CO)[C@@H](O[C@H]7O[C@@H](C)[C@@H](O)[C@@H](O)[C@@H]7O)[C@@H](O)[C@@H]6O[C@H]6O[C@@H](C)[C@@H](O)[C@@H](O)[C@@H]6O)CC[C@@]5(C)[C@@H]4CC[C@@]3(C)[C@H]1[C@@H]2C,3.7740673e-08
CC1(C)CN(C(=O)c2ccc(-c3cccc4nc(NC(=O)C5CC5)nn34)cc2)C1,0.00016016951
O=C(O[C@H]1C[N@]2CC[C@@H]1CC2)N1CCc2ccccc2[C@@H]1c1ccccc1,5.166113e-05
CC[C@H]1OC(=O)[C@@](C)(F)C(=O)[C@H](C)[C@@H](O[C@@H]2O[C@H](C)C[C@H](N(C)C)[C@H]2O)[C@](C)(OC)C[C@@H](C)C(=O)[C@H](C)[C@H]2N(CCCCn3cc(-c4cccc(N)c4)nn3)C(=O)O[C@]12C,3.5645575e-05
NC(=O)OC[C@H](N)Cc1ccccc1,0.00265339
CC(C)(N)CC12CC3CC(CC(C3)C1)C2,0.00016571453
C[C@H](N)C(=O)NCC(=O)N[C@H]1CSSC[C@@H](C(=O)O)NC(=O)[C@H](CO)NC(=O)[C@H]([C@@H](C)O)NC(=O)[C@H](Cc2ccccc2)NC(=O)[C@H]([C@@H](C)O)NC(=O)[C@H](CCCCN)NC(=O)[C@H](Cc2c[nH]c3ccccc23)NC(=O)[C@H](Cc2ccccc2)NC(=O)[C@H](Cc2ccccc2)NC(=O)[C@H](CC(N)=O)NC(=O)[C@H](CCCCN)NC1=O,0.99831605
NS(=O)(=O)c1ccc(N2CCN(CC[C@@H]3OCCc4ccccc43)CC2)cc1,2.988032e-05
Cc1c(C(=O)Nc2ccc(N3C[C@@H](C)O[C@@H](C)C3)nc2)cccc1-c1ccc(OC(F)(F)F)cc1,1.6006989e-05
O=C1C=CC[C@@H]2[C@H]3CCCN4CCC[C@@H](CN12)[C@@H]34,1.2755902e-05
CNC(=O)c1cc(Oc2ccc(NC(=O)Nc3ccc(Cl)c(C(F)(F)F)c3)cc2)ccn1,3.0915428e-06
COCCO[C@@H]1c2ccn3c(C)c(C)nc3c2N[C@H](c2ccccc2)[C@H]1O,0.0018213296
C/C=C/C=C/C(=O)O,0.0021205058
O=C1NC(=O)[C@@]2(CCOc3ccc(F)cc32)N1,0.001728157
CCCCCCCCCCCCCCCCCC(=O)OC[C@@H](O)[C@H]1OC[C@H](O)[C@H]1O,0.002514461
OC[C@@H](O)[C@@H](O)[C@H](O)[C@@H](O)CO,0.0001263744
CCOc1ccc(Cc2cc([C@@H]3O[C@H](SC)[C@@H](O)[C@H](O)[C@H]3O)ccc2Cl)cc1,0.012336117
CC(C)NCC(O)c1ccc(NS(C)(=O)=O)cc1,0.0004183675
CN1CCN(c2nc(C3=C(c4c[nH]c5ccccc45)C(=O)NC3=O)c3ccccc3n2)CC1,0.023004416
O=C(Nc1cc(C(F)(F)F)cc(C(F)(F)F)c1)c1cnc(Cl)nc1C(F)(F)F,7.244038e-15
COc1ccc2[nH]c3c(-c4cccc5ccccc45)nccc3c2c1,0.00569505
COCCOCCOc1ccc(C2=N[C@@](C)(C(=O)O)CS2)c(O)c1,0.00079401355
CC(=O)N[C@@H](CC(=O)O)C(=O)N[C@@H](CCC(=O)O)C(=O)O,0.00037296163
C[C@@H]1CN(c2c(F)c(N)c3c(=O)c(C(=O)O)cn(C4CC4)c3c2F)C[C@H](C)N1,0.9858948
O=C(O)C[C@@H](NC(=O)CP(=O)(O)O)C(=O)O,4.045692e-05
CCCCC1=NC2(CCCC2)C(=O)N1Cc1ccc(-c2ccccc2S(=O)(=O)Nc2noc(C)c2C)c(COCC)c1,0.00017956443
C1CCN2C[C@H]3C[C@H](CN4CCCC[C@@H]34)[C@H]2C1,1.7310101e-06
C1CCN2C[C@@H]3C[C@@H](CN4CCCC[C@@H]34)[C@H]2C1,1.7310084e-06
C1CCN2C[C@@H]3C[C@H](CN4CCCC[C@@H]34)[C@H]2C1,1.7392972e-06
Fc1ccc(CNc2ncnc3ccc(F)cc23)cc1,0.017270774
CN[C@@H]1[C@H](O)[C@H](NC)[C@H]2O[C@@]3(O)C(=O)C[C@@H](C)O[C@H]3O[C@@H]2[C@H]1O,8.219829e-06
NCCCCNCCCN,0.005795044
NCCCNCCCCNCCCN,0.005872702
CCCCCCCCCCCCC/C=C/[C@@H](O)[C@@H](N)COP(=O)(O)OCC[N+](C)(C)C,3.433807e-05
O=C(CCCN1CCC2(CC1)C(=O)NCN2c1ccccc1)c1ccc(F)cc1,3.958442e-05
CN(C(=O)Cc1ccc(Cl)c(Cl)c1)[C@H]1CC[C@@]2(CCCO2)C[C@@H]1N1CCCC1,4.0194303e-05
CO[C@@H]1[C@@H](O[C@@H]2O[C@H](C)[C@@H](O[C@H]3C[C@@](C)(O)[C@@H](O)[C@H](C)O3)[C@H](N(C)C)[C@H]2O)[C@@H](CC=O)C[C@@H](C)[C@@H](O[C@H]2CC[C@H](N(C)C)[C@@H](C)O2)/C=C/C=C/C[C@@H](C)OC(=O)C[C@H]1O,0.0013282361
O=C(CCBr)N1CC[N+]2(CC1)CC[N+]1(CCN(C(=O)CCBr)CC1)CC2,1.6586405e-08
CC(=O)S[C@@H]1CC2=CC(=O)CC[C@]2(C)[C@H]2CC[C@@]3(C)[C@@H](CC[C@@]34CCC(=O)O4)[C@H]12,7.248642e-06
O=C1NCN(c2ccccc2)C12CCN(C[C@H]1COc3ccccc3O1)CC2,1.3853136e-05
CC(=O)c1ccc2c(c1)C(=O)C1(CC1)O2,0.0012231388
O=C1CCc2c(ccc3ccccc23)O1,0.0011718454
COc1ccccc1Oc1c(NS(=O)(=O)c2ccc(C)cn2)nc(-c2ccncc2)nc1OC,0.00039867172
CC(C)n1nc(C#Cc2ccccc2)c2c(N)ncnc21,0.0008720326
CC(C)=CCC/C(C)=C/CNCCNC1[C@H]2C[C@@H]3C[C@@H](C[C@H]1C3)C2,0.00014963237
Nc1ncnc2c1ncn2[C@H]1CCCO1,0.0006141499
CC(C)[C@@H](CC[C@@H](C)[C@H]1CC[C@H]2[C@@H]3[C@H](O)C[C@H]4C[C@@H](NCCCNCCCCN)CC[C@]4(C)[C@H]3CC[C@]12C)OS(=O)(=O)O,2.806838e-06
CCCCOc1c(OCCCC)c(=O)c1=O,0.013940732
O=C(Nc1ccc(C(O)(C(F)(F)F)C(F)(F)F)cc1)c1ccc(C(F)(F)F)cc1,4.855642e-18
CC1=C(/C=C/C(=C/C=C/C(C)=C/C(=O)O)c2ccc(C)cc2)C(C)(C)CCC1,0.004104326
CC(C)Oc1cccc(CC(=O)N2CCC[C@](CC[N+]34CCC(c5ccccc5)(CC3)CC4)(c3ccc(Cl)c(Cl)c3)C2)c1,7.840854e-06
Cc1c(C)n(Cc2ccc(-c3ccccc3C(=O)O)cc2)c2ccc(C(=O)N[C@@H](C)c3ccc([N+](=O)[O-])cc3)cc12,0.077890724
OC(c1ccc(-c2ccc(CN3CCN(Cc4ccncc4)CC3)cc2)c(F)c1)(C(F)(F)F)C(F)(F)F,1.9963128e-14
O=C(O)c1ccccc1Nc1cccc(OCc2ccc3ccccc3n2)c1,0.006467971
O=C(O)Cn1c(C(=O)Nc2nc(-c3ccccc3Cl)cs2)cc2ccccc21,0.025162533
Cc1ccc(-c2ncn(-c3ccc(Nc4nccc(-c5cccc(N6CCOCC6)c5)n4)cc3)n2)cn1,0.003435329
COc1ccc(CCN(C)CCCOc2ccc(S(=O)(=O)c3c(C(C)C)c4ccccc4n3C)cc2)cc1OC,0.0072546927
COc1cc(NC(=O)c2cccc(-n3cc(NC(=O)Nc4cccc(C)c4)cn3)c2)cc(OC)c1OC,0.03803998
CN(C)CCOc1cc(-c2cn[nH]c2)ccc1NC(=O)[C@H]1COc2ccccc2O1,0.0021733535
NC1CCN(c2cccc(Cl)n2)CC1,0.002349413
CCc1ccccc1OC[C@@H](O)CN[C@H]1CCCc2ccccc21,0.0005711314
c1ccc2c(c1)CCCc1cc(NCCN3CCOCC3)nnc1-2,0.000118825694
COc1cc2ncnc(Nc3ccc(Oc4ccccc4)cc3)c2cc1OC,0.0062979693
O=C(Nc1cc(C(F)(F)F)ccc1N1CCCCC1)c1ccncc1,1.3430446e-07
O=C(Nc1ccccc1-c1cn2c(CN3CCNCC3)csc2n1)c1cnc2ccccc2n1,0.0011162497
Cc1nc(-c2cccnc2)sc1C(=O)Nc1ccccc1-c1cn2c(CN3CCOCC3)csc2n1,0.0027504272
C[C@H](Nc1cc(NS(=O)(=O)N2CCC2)nc(SCc2cccc(F)c2F)n1)[C@@H](O)CO,9.2747e-06
COc1c(C)c(C(=O)c2ccc(N)c(C(=O)O)c2)n2ccccc12,0.010456142
O=C(Oc1ccc(Br)cc1)N1CC[N@]2CC[C@@H]1CC2,0.00011621119
COc1ccc2cc(S(=O)(=O)N[C@H](CC(=O)N[C@H](Cc3ccc(CN4[C@H](C)CCC[C@@H]4C)cc3)C(=O)N(C)C(C)C)c3ccc4c(c3)OCO4)ccc2c1,0.00041894562
CCCCc1nc(N)c2nc(-n3nccn3)n(C)c2n1,0.0006767668
Oc1ccc2ccccc2c1Cc1c(O)ccc2ccccc12,0.0045490367
NC(=O)[C@H]1CCS[C@@H]2C[C@]3(CCCN3C(=O)Cc3ccc(NC(=O)COc4ccc(Cl)cc4Cl)cc3)C(=O)N12,0.0012168856
CCc1cccc(CC)c1NC1=NCCN1,0.0020282422
Cc1cccc(/C=N/Nc2cc(N3CCOCC3)nc(OCCc3ccccn3)n2)c1,0.005117139
O=C(O)Cc1nn(Cc2ccc(Br)cc2F)c(=O)c2ccccc12,0.02884955
O=[N+]([O-])c1ccc2c(c1)S(=O)(=O)C=C2,0.0014077586
Cc1ccc(S(=O)(=O)OCC(=O)Nc2ccc(C(=O)O)c(O)c2)cc1,0.00029493435
Cc1cn([C@H]2C=C[C@@H](CO)O2)c(=O)[nH]c1=O,0.0021067807
CC(C)n1cnc2c(NCCc3ccc(O)cc3)nc(-c3csc4ccccc34)nc21,0.0015904042
C[C@@H](SC(=O)c1cccs1)C(=O)NCC(=O)O,0.0046982896
CC(=O)[C@H]1CC[C@H]2[C@@H]3CCC4=CC(=O)CC[C@]4(C)[C@H]3[C@H](O)C[C@]12C,4.0634277e-05
O=S(=O)(/N=C/c1c(O)ccc2ccccc12)c1cccs1,0.0003796333
Cc1ccc(S(=O)(=O)Cc2nc(-c3ccc(C(=O)NCc4cccnc4)cc3)oc2C)cc1,0.01188903
CC(C)(C)c1ccc(S(=O)(=O)NCc2ccc(C(=O)Nc3cccnc3)cc2)cc1,0.0043373443
Cc1cccc(Nc2nc(-c3ccncc3)cs2)c1,0.008558407
CC[C@H](/C=C/[C@@H](C)[C@H]1CC[C@H]2[C@@H]3CC=C4C[C@@H](O)CC[C@]4(C)[C@H]3CC[C@]12C)C(C)C,3.458158e-05
CC(C)(C)[C@@H](O)/C=C/c1ccc2c(c1)OCO2,0.00076671207
Cc1ccc2c(c1)[C@H]1CN(C)CC[C@H]1N2,0.0010274961
CN[C@@H]1[C@H](O[C@H]2[C@H](O[C@H]3[C@H](O)[C@@H](O)[C@H](NC(=N)N)[C@@H](O)[C@@H]3NC(=N)N)O[C@@H](C)[C@]2(O)C=O)O[C@@H](CO)[C@H](O)[C@H]1O,1.9708682e-06
CN([NH2+][O-])C(=O)N[C@@H]1[C@@H](O)[C@H](O)[C@@H](CO)O[C@@H]1O,0.0008001549
N#Cc1c(N2C=C(O)[O][Sr][O]C(O)=C2)sc2c1CC(=O)[O][Sr][O]C2=O,2.302365e-05
O=C1C[C@@H]2OCC=C3CN4CC[C@]56c7ccccc7N1[C@H]5[C@H]2[C@H]3C[C@H]46,3.139341e-06
CSCC[C@H](NC(=O)[C@H](CC(C)C)NC(=O)CNC(=O)[C@H](Cc1ccccc1)NC(=O)[C@H](Cc1ccccc1)NC(=O)[C@H](CCC(N)=O)NC(=O)[C@H](CCC(N)=O)NC(=O)[C@@H]1CCCN1C(=O)[C@H](CCCCN)NC(=O)[C@@H]1CCCN1C(=O)[C@@H](N)CCCNC(=N)N)C(N)=O,2.498114e-05
O=C(O)CCC(=O)O,0.00048753308
CC(C)(Sc1cc(C(C)(C)C)c(O)c(C(C)(C)C)c1)Sc1cc(C(C)(C)C)c(OC(=O)CCC(=O)O)c(C(C)(C)C)c1,6.2757385e-06
C[N+](C)(C)CCOC(=O)CCC(=O)OCC[N+](C)(C)C,7.329733e-05
O=C(O)CCC(=O)Nc1ccc(S(=O)(=O)Nc2nccs2)cc1,0.00013141883
O=S(=O)(OC[C@H]1O[C@@](COS(=O)(=O)[O][Al]([OH])[OH])(O[C@H]2O[C@H](COS(=O)(=O)[O][Al]([OH])[OH])[C@@H](OS(=O)(=O)[O][Al]([OH])[OH])[C@H](OS(=O)(=O)[O][Al]([OH])[OH])[C@H]2OS(=O)(=O)[O][Al]([OH])[OH])[C@@H](OS(=O)(=O)[O][Al]([OH])[OH])[C@@H]1OS(=O)(=O)[O][Al]([OH])[OH])[O][Al]([OH])[OH],1.4647233e-26
OC[C@H]1O[C@H](O[C@]2(CCl)O[C@H](CCl)[C@@H](O)[C@@H]2O)[C@H](O)[C@@H](O)[C@H]1Cl,1.44075575e-05
OC[C@H]1O[C@@](CO)(O[C@H]2O[C@H](CO)[C@@H](O)[C@H](O)[C@H]2O)[C@@H](O)[C@@H]1O,2.0852558e-06
CC(=O)OC[C@H]1O[C@@](COC(C)=O)(O[C@H]2O[C@H](COC(C)=O)[C@@H](OC(C)=O)[C@H](OC(C)=O)[C@H]2OC(C)=O)[C@@H](OC(C)=O)[C@@H]1OC(C)=O,4.4070097e-05
Cc1ccccc1/N=N/c1ccc(/N=N/c2c(O)ccc3ccccc23)c(C)c1,0.020722995
CONC(=O)Nc1ccc(-c2sc3c(c2CN(C)Cc2ccccc2)c(=O)n(-c2ccccc2)c(=O)n3Cc2c(F)cccc2F)cc1,0.6971951
O=C(O)CCSC[C@@H]1O[C@H]2O[C@@H]3[C@@H](O)[C@H](O)[C@H](O[C@@H]4[C@@H](O)[C@H](O)[C@H](O[C@@H]5[C@@H](O)[C@H](O)[C@H](O[C@@H]6[C@@H](O)[C@H](O)[C@H](O[C@@H]7[C@@H](O)[C@H](O)[C@H](O[C@@H]8[C@@H](O)[C@H](O)[C@H](O[C@@H]9[C@@H](O)[C@H](O)[C@H](O[C@@H]1[C@@H](O)[C@@H]2O)O[C@H]9CSCCC(=O)O)O[C@H]8CSCCC(=O)O)O[C@H]7CSCCC(=O)O)O[C@H]6CSCCC(=O)O)O[C@H]5CSCCC(=O)O)O[C@H]4CSCCC(=O)O)O[C@H]3CSCCC(=O)O,3.8788935e-13
CC1(C)[C@H](C(=O)O)N2C(=O)C[C@H]2S1(=O)=O,5.1172656e-06
CC(C)(C)C(=O)OCOC(=O)[C@H]1N2C(=O)C[C@H]2S(=O)(=O)C1(C)C,2.1803542e-08
S=C1SCN(Cc2ccccc2)CN1Cc1ccccc1,0.00047356394
C/C(=C(/CCOC(=O)C(C)C)SS/C(CCOC(=O)C(C)C)=C(\C)N(C=O)Cc1cnc(C)nc1N)N(C=O)Cc1cnc(C)nc1N,1.7017428e-05
Clc1ccc(CS[C@@H](Cn2ccnc2)c2ccc(Cl)cc2Cl)cc1,0.26444638
Nc1ccc(S(=O)(=O)NC(=O)c2ccccc2)cc1,0.0009993474
NC(=O)NS(=O)(=O)c1ccc(N)cc1,0.00033876262
CC(=O)NS(=O)(=O)c1ccc(N)cc1,0.00044373737
Nc1ccc(S(=O)(=O)Nc2ccc(Cl)nn2)cc1,0.000984202
Nc1ccc(S(=O)(=O)Nc2ncccn2)cc1,0.0011332252
COc1ncnc(NS(=O)(=O)c2ccc(N)cc2)c1OC,0.00026343868
Cc1noc(NS(=O)(=O)c2ccc(N)cc2)c1C,0.00038823634
N=C(N)NS(=O)(=O)c1ccc(N)cc1,0.0002925324
Cc1ccnc(NS(=O)(=O)c2ccc(N)cc2)n1,0.0009824244
COc1cnc(NS(=O)(=O)c2ccc(N)cc2)nc1,0.00048302257
Cc1cc(C)nc(NS(=O)(=O)c2ccc(N)cc2)n1,0.0006279312
Cc1nnc(NS(=O)(=O)c2ccc(N)cc2)s1,0.00023482864
Cc1cc(NS(=O)(=O)c2ccc(N)cc2)no1,0.00048539197
COc1ccc(NS(=O)(=O)c2ccc(N)cc2)nn1,0.0007380578
COc1nccnc1NS(=O)(=O)c1ccc(N)cc1,0.00062670436
COc1cc(NS(=O)(=O)c2ccc(N)cc2)ncn1,0.0004732273
Cc1nc(NS(=O)(=O)c2ccc(N)cc2)oc1C,0.00036804294
Nc1ccc(S(N)(=O)=O)cc1,0.0017852903
Nc1ccc(S(=O)(=O)[O][Zn][O]S(=O)(=O)c2ccc(N)cc2)cc1,2.3004644e-05
CC(=O)Nc1ccc(S(=O)(=O)Nc2ccc([N+](=O)[O-])cc2)cc1,0.0024783101
Nc1ccc(S(=O)(=O)Nc2ccnn2-c2ccccc2)cc1,0.0011585464
Nc1ccc(S(=O)(=O)Nc2ccccn2)cc1,0.0019159566
Nc1ccc(S(=O)(=O)Nc2cnc3ccccc3n2)cc1,0.00071814196
O=C(O)c1cc(/N=N/c2ccc(S(=O)(=O)Nc3ccccn3)cc2)ccc1O,0.0064109038
Nc1ccc(S(=O)(=O)Nc2nccs2)cc1,0.0008621099
Cc1cc2cc(Oc3ccnc(Nc4cccc(CS(=O)(=O)NCCN(C)C)c4)n3)ccc2[nH]1,0.0039106384
O=C1C(CC[S@](=O)c2ccccc2)C(=O)N(c2ccccc2)N1c1ccccc1,0.003044306
Cc1cc(NS(=O)(=O)c2ccc(N)cc2)nc(C)n1,0.00065235904
CC(=O)N(c1onc(C)c1C)S(=O)(=O)c1ccc(N)cc1,6.0850925e-05
C[S@@](=O)CCCCN=C=S,0.0027356108
CC1=C(CC(=O)O)c2cc(F)ccc2/C1=C\c1ccc([S@@](C)=O)cc1,0.009870936
COc1cc(O)c(C(=O)c2ccccc2)cc1S(=O)(=O)O,0.00020935445
COc1cc([S@@](C)=O)ccc1-c1nc2ncccc2[nH]1,0.0064425147
COc1cc(C(=S)N2CCOCC2)cc(OC)c1OC,0.0007341533
CCCCCCCCN[C@H](C)[C@@H](O)c1ccc(SC(C)C)cc1,0.036904234
C[C@@H](O)[C@H]1C(=O)N2C(C(=O)O)=C(S[C@H]3CC[S@@](=O)C3)S[C@H]12,0.9363639
COc1cc(NS(=O)(=O)c2ccc(N)cc2)nc(OC)n1,0.00022764747
CCN1CCC[C@@H]1CNC(=O)c1cc(S(N)(=O)=O)ccc1OC,4.104257e-05
CC1(C)S[C@@H]2[C@H](NC(=O)[C@H](N)c3ccccc3)C(=O)N2[C@H]1C(=O)OCOC(=O)[C@@H]1N2C(=O)C[C@H]2S(=O)(=O)C1(C)C,7.0805804e-06
NS(=O)(=O)c1ccc(N2CCCCS2(=O)=O)cc1,8.71958e-05
CCN1CCC[C@H]1CNC(=O)c1cc(S(=O)(=O)CC)ccc1OC,6.807773e-05
CN[C@@H]1Cc2cccc3[nH]c(=O)n(c23)C1,0.0039807362
CNS(=O)(=O)Cc1ccc2[nH]cc(CCN(C)C)c2c1,0.0008483204
C/C(=N\c1ccccc1N)c1c(C)cc(=O)n(O)c1O,0.01903291
Cc1c(C)c(NCC(=O)N(C)C2CCN(Cc3ccc(C(N)=O)cc3)CC2)c(C)c(C)c1N,0.00039042218
CCN(CC)CCNC(=O)c1c(C)[nH]c(/C=C2\C(=O)Nc3ccc(F)cc32)c1C,0.0009506942
CCOC[C@@H](O)COc1ccc(NC(=O)CC[S+](C)C)cc1,0.0022093672
C[C@@H](C(=O)O)c1ccc(C(=O)c2cccs2)cc1,0.0034312077
Cc1ccc(C(=O)Nc2ccc(S(=O)(=O)O)c3cc(S(=O)(=O)O)cc(S(=O)(=O)O)c23)cc1NC(=O)c1cccc(NC(=O)Nc2cccc(C(=O)Nc3cc(C(=O)Nc4ccc(S(=O)(=O)O)c5cc(S(=O)(=O)O)cc(S(=O)(=O)O)c45)ccc3C)c2)c1,1.4096783e-10
Cn1nc(-c2cccc(F)c2)n(C)c1=S,0.0035304807
CC(=O)NC[C@H]1CN(c2ccc(N3CCSCC3)c(F)c2)C(=O)O1,0.102932304
CCCCC1(COC(=O)CCC(=O)O)C(=O)N(c2ccccc2)N(c2ccccc2)C1=O,5.4171604e-05
Cc1[nH]c(/C=C2\C(=O)Nc3ccc(F)cc32)c(C)c1C(=O)NC[C@H](O)CN1CCOCC1,0.00074711465
Cc1[nH]c(/C=C2\C(=O)Nc3ccc(S(=O)(=O)N(C)c4cccc(Cl)c4)cc32)c(C)c1C(=O)N1CCN(C)CC1,1.7606637e-05
Cc1[nH]c(/C=C2\C(=O)Nc3cc(-c4ccccc4)ccc32)c(C)c1CCC(=O)O,0.006153975
Nc1nnc(Sc2ncc([N+](=O)[O-])s2)s1,0.7370244
CN(C)c1ccc(/C=C2\C(=O)Nc3ccccc32)cc1,0.009433366
COc1ccc2c(c1)/C(=C/c1cnc[nH]1)C(=O)N2,0.0056638173
O[C@H]1[C@H]2[C@H](O)CCCN2C[C@H]1O,8.9560206e-05
CN(C)C(=O)C(=O)c1cn(C)c2cc(Cl)c(C(=O)N3CCC(Cc4ccc(F)cc4)CC3)cc12,0.0032998524
CC(=O)N(C)Cc1ccc2c(c1)OCO2,0.0016070082
C[C@H](C[C@H](N)C(=O)O)C(=O)O,0.00024827436
CCCNC(=O)N1N=C(c2ccc(N)cc2)c2cc3c(cc2[C@@H]1C)OCO3,0.00042928787
O=c1n(Cl)c(=O)n(Cl)c(=O)n1Cl,0.9802608
CNC[C@@H](O)c1ccc(O)cc1,0.0033904647
COc1ccncc1C(=O)NC(=O)Nc1ccc(-c2ccccc2)c(C(F)(F)F)c1,2.0463109e-05
c1ccc2c(c1)CC(N1CCN(c3cccc4c3OCCO4)CC1)C2,3.991847e-05
O=S1(=O)N[C@H]2CCCN2c2ccccc21,0.00011330664
COC(=O)C(Cc1ccc(OCCn2c(=O)sc3cc(C(=O)c4ccccc4)ccc32)cc1)C(=O)OC,0.003661297
Cc1cc(C)cc(NC(=O)Nc2ccc(OS(N)(=O)=O)cc2)c1,0.0016238597
O=C1Nc2ccc(CN3C(=O)CSC3=O)cc2/C1=C/c1cc(CN2CCOCC2)c[nH]1,0.0009498024
Cc1c(-c2c(-c3ccc(F)o3)sc3ncnc(O[C@H](Cc4ccccc4OCc4ccnn4CC(F)(F)F)C(=O)O)c23)ccc(OCCN2CCN(C)CC2)c1Cl,2.654766e-06
O=C(Nc1ccncc1)c1cc([N+](=O)[O-])ccc1Cl,0.9172041
COC(=O)c1c(-c2cc(OC)c(OC)c(OC)c2)c2ccnc(OCc3ncccn3)c2c(=O)n1Cc1ccnc(C)c1,0.04132709
CNc1nc(NCc2ncccn2)c2c(-c3ccc4ncccc4c3)c[nH]c2n1,0.0019161464
O=S(=O)(c1ccccc1)N(CC(F)(F)F)c1ccc(C(O)(C(F)(F)F)C(F)(F)F)cc1,1.4031734e-17
COC(=O)OC[C@H]1O[C@@H](Oc2cc(C)cc(O)c2C(=O)CCc2ccc3occc3c2)[C@H](O)[C@@H](O)[C@@H]1O,5.493729e-05
O=C(O)CCc1cc(C(=O)c2ccc(OC3CCCC3)cc2O)ccc1OCc1ccc2c(=O)[nH]oc2c1,0.0012243021
Cc1cc(C(=O)Nc2cccc(C(=O)Nc3cccc(C(F)(F)F)c3)c2)on1,1.0069313e-06
Nc1sc2c(c1C(=O)c1ccc(Cl)cc1)CCCC2,0.007634754
Fc1ccc(-c2ccc3c(c2)[nH]c2ccncc23)cn1,0.0059523103
Fc1ccc(-c2[nH]c(-c3c(F)cccc3F)nc2-c2ccncc2)cc1,0.048252106
CNC(=O)[C@@H](Cc1ccccc1)N(C)C(=O)[C@@H](Cc1ccc2ccccc2c1)N(C)C(=O)/C=C/CC(C)(C)N,0.0100093605
C=C1/C(=C\C=C2/CCC[C@]3(C)[C@@H]([C@H](C)CC[C@@H](O)C(C)C)CC[C@@H]23)C[C@@H](O)C[C@@H]1O,9.1682385e-05
CC(=O)Nc1ccc(C(=O)Nc2ccccc2N)cc1,0.005315648
Nc1c2c(nc3ccccc13)CCCC2,0.0022062706
C=CC[C@@H]1/C=C(\C)C[C@H](C)C[C@H](OC)[C@H]2O[C@@](O)(C(=O)C(=O)N3CCCC[C@H]3C(=O)O[C@H](/C(C)=C/[C@@H]3CC[C@@H](O)[C@H](OC)C3)[C@H](C)[C@@H](O)CC1=O)[C@H](C)C[C@@H]2OC,0.0013781321
CN1CC(=O)N2[C@H](c3ccc4c(c3)OCO4)c3[nH]c4ccccc4c3C[C@@H]2C1=O,0.00041630992
O=C(O)c1ccc2nc(-c3cc(Cl)cc(Cl)c3)oc2c1,0.08217285
COc1cc(C)c2c(Oc3cccc(C(F)(F)F)c3)c(OC)cc(N[C@@H](C)CCCN)c2n1,5.0904384e-07
CC(C)OC(=O)CCC/C=C\C[C@@H]1[C@@H](/C=C/C(F)(F)COc2ccccc2)[C@H](O)C[C@@H]1O,5.530639e-06
O=C(CO)[C@@H](O)[C@@H](O)[C@H](O)CO,5.0249946e-05
COc1cn(-c2ccc(-n3cccn3)cc2F)nc(-c2ccnn2-c2ccccc2)c1=O,0.035669923
CC(=O)N1CCC(C(=O)N(CCCN2CCC(Cc3ccc(C(N)=O)cc3)CC2)c2ccc(C)c(Cl)c2)CC1,1.873852e-05
NS(=O)(=O)OC[C@H]1C[C@@H](Nc2ccnc3cc(-c4cccc(SC(F)(F)F)c4)nn23)[C@H](O)[C@@H]1O,4.237677e-08
CC(C)(O)CC(=O)NCCn1ccc2ncnc(Nc3ccc(Oc4cccc(C(F)(F)F)c4)c(Cl)c3)c21,9.40207e-07
Cc1cc(C(=O)Nc2cc(Oc3ccc4nc(NC(=O)C5CC5)cn4n3)ccc2C)n(C)n1,0.0041214703
N#Cc1c(Oc2ccc(F)c(NC(=O)Cc3cccc(C(F)(F)F)c3)c2)ccc2nc(NC(=O)C3CC3)sc12,7.5844537e-07
Cn1cc(-c2nc(N[C@@H]3CCCC[C@@H]3N)c(F)c3c2C(=O)NC3)cn1,0.011713504
CCc1nc(-c2cccc(C)c2)c(-c2ccnc(NC(=O)c3ccccc3)c2)s1,0.0059318063
Cn1c(=O)c(F)c(Nc2ccc(I)cc2F)c2c(=O)n(C[C@@H](O)CO)cnc21,0.94023234
Cc1ccc(-c2ccc3c(c2)C=C(C(=O)Nc2ccc(C[N+](C)(C)C4CCOCC4)cc2)CCC3)cc1,0.006261984
Cc1cc(OCCCS(C)(=O)=O)cc(C)c1-c1cccc(COc2ccc3c(c2)OC[C@H]3CC(=O)O)c1,0.003940227
CCS(=O)(=O)c1cccc(-c2cc(C(=O)NC3CCN(C)CC3)c(C)c3[nH]c4ncc(C)cc4c23)c1,0.0019359943
COc1cc(C(=O)NC2CCN(C)CC2)c(F)cc1Nc1ncc2c(n1)N(C1CCCC1)CC(F)(F)C(=O)N2C,0.000102848964
CC(C)[C@H](N)C(=O)N1CCC[C@H]1B(O)O,0.00012251537
CN(C(=O)c1ccc(F)cc1C(F)(F)F)C1CCN(c2nnc(-c3ccnn3C)c3ccccc23)CC1,2.2105756e-07
CC(=O)N1N=C(c2ccc(N)cc2)c2cc3c(cc2C[C@H]1C)OCO3,0.0034658783
C=Cc1c(C)c2cc3nc(c(CC(=O)N[C@@H](CC(=O)O)C(=O)O)c4nc(cc5[nH]c(cc1[nH]2)c(C)c5CC)C(C)=C4C(=O)O)[C@@H](CCC(=O)O)[C@@H]3C,0.0006551326
CCC(CC)[C@@H](c1ccc(Nc2nc3ccccc3s2)cc1)n1cncn1,0.0124492245
Cn1ncnc1[C@H]1c2n[nH]c(=O)c3cc(F)cc(c23)N[C@@H]1c1ccc(F)cc1,0.04366253
CC(C)(C)NC[C@@H](O)COc1ccc(NC(=O)NC2CCCCC2)cc1,0.0008544045
C=CCN1CCc2nc(N)sc2CC1,0.00027673168
C[C@@H]1CN(Cc2ccc(F)cc2)[C@@H](C)CN1C(=O)c1cc2c(C(=O)C(=O)N(C)C)cn(C)c2cc1Cl,0.0031314925
CC[C@H](NC(=O)c1c(O)c(-c2ccccc2)nc2ccccc12)c1ccccc1,0.023332871
O=C1O[C@H](OC(=O)c2cccnc2Nc2cccc(C(F)(F)F)c2)c2ccccc21,3.9334137e-07
CNCCC[C@@]1(c2ccccc2)OC(C)(C)c2ccccc21,0.009229562
C#CCO[C@H]1CN2CCC1CC2,4.9694958e-05
CN1C(=O)C[C@@H](C(=O)N[C@@H](Cc2cnc[nH]2)C(=O)N2CCC[C@H]2C(N)=O)NC1=O,0.00041150977
CN[C@H](C(=O)N[C@H](C(=O)N(C)[C@H](/C=C(\C)C(=O)O)C(C)C)C(C)(C)C)C(C)(C)c1ccccc1,0.0005480314
COC(=O)[C@H](CCCNC(=N)N)NS(=O)(=O)c1ccc(C)cc1,0.00022340569
CC1(C)CCC(C)(C)c2cc(NC(=O)c3ccc(C(=O)O)cc3)ccc21,0.0045103836
Nc1nc(-n2cccn2)nc(-n2cccn2)c1Br,0.005916847
CC/C(=C(\c1ccccc1)c1ccc(OCCN(C)C)cc1)c1ccccc1,0.009963659
CCOc1ccccc1OCCN[C@H](C)Cc1ccc(OC)c(S(N)(=O)=O)c1,0.0018966066
Cn1c(C#N)ccc1-c1ccc2c(c1)C(C)(C)OC(=S)N2,0.00058852293
O=C1[C@@H]2[C@H]3CC[C@H](C3)[C@@H]2C(=O)N1CCCCN1CCN(c2ncccn2)CC1,2.624635e-05
COc1cc2c(N3CCN(C(=O)Nc4ccc(OC(C)C)cc4)CC3)ncnc2cc1OCCCN1CCCCC1,0.00014650992
C=CCNC1=C2C[C@@H](C)C[C@H](OC)[C@H](O)[C@@H](C)/C=C(\C)[C@H](OC(N)=O)[C@@H](OC)/C=C\C=C(/C)C(=O)NC(=CC1=O)C2=O,0.00014570438
COc1ccc(-c2cc(=O)c3c(OC)c(OC)c(OC)c(OC)c3o2)cc1,0.008214905
O=C(OC[C@H]1O[C@@H](OC(=O)c2cc(O)c(O)c(OC(=O)c3cc(O)c(O)c(O)c3)c2)[C@H](OC(=O)c2cc(O)c(O)c(OC(=O)c3cc(O)c(O)c(O)c3)c2)[C@@H](OC(=O)c2cc(O)c(O)c(OC(=O)c3cc(O)c(O)c(O)c3)c2)[C@@H]1OC(=O)c1cc(O)c(O)c(OC(=O)c2cc(O)c(O)c(O)c2)c1)c1cc(O)c(O)c(OC(=O)c2cc(O)c(O)c(O)c2)c1,0.9952879
Cc1coc2c1C(=O)C(=O)c1c-2ccc2c(C)cccc12,0.07133681
Cc1coc2c1C(=O)C(=O)c1c-2ccc2c1CCCC2(C)C,0.0743827
CC(C)c1c(O)cc(/C=C/c2ccccc2)cc1O,0.0052270656
O=C(O)COc1cccc(CN(Cc2ccc(-n3cccn3)cc2)S(=O)(=O)c2cccnc2)c1,0.0007760608
O=C(O[C@H]1C[N@]2CC[C@@H]1CC2)N(Cc1cc(F)c(F)c(F)c1)c1cccc(F)c1,0.4328924
C[C@H](NC(=O)C(C)(C)Oc1ccc(C(F)(F)F)cn1)[C@@H](Cc1ccc(Cl)cc1)c1cccc(C#N)c1,6.9466574e-07
CNC(=N)NCCC[C@H](N)C(=O)O,0.00045014176
COc1cc2c(cc1OC)CN(CCc1ccc(NC(=O)c3cc(OC)c(OC)cc3NC(=O)c3cnc4ccccc4c3)cc1)CC2,0.003211295
O=C(O)[C@H](O)[C@@H](O)C(=O)O,0.0010863319
CN(C)CCNc1nc2cc(O)ccc2c2c1C(=O)c1ccccc1-2,0.0039985115
Cc1nc(-c2cn3c(n2)-c2ccc(-c4cnn(C(C)(C)C(N)=O)c4)cc2OCC3)n(C(C)C)n1,0.0003473855
CCC(=O)NC[C@@H]1C[C@H]1c1cccc2c1CCO2,0.00032404298
O=C(NS(=O)(=O)c1ccc(Br)s1)c1ccc(Cl)cc1Cl,0.0057157413
COc1cccc2c1c(O)c(C(=O)N(C)c1ccc(C(F)(F)F)cc1)c(=O)n2C,6.808251e-07
c1cnc(SCc2cccnc2)nc1,0.005912588
NCCS(=O)(=O)O,0.00032536386
C[C@H](CCC(=O)NCCS(=O)(=O)O)[C@H]1CC[C@H]2[C@@H]3[C@H](O)C[C@@H]4C[C@H](O)CC[C@]4(C)[C@H]3C[C@H](O)[C@]12C,7.965277e-06
C[C@H](CCC(=O)NCC(=O)NCCS(=O)(=O)O)[C@H]1CC[C@H]2[C@@H]3[C@H](O)C[C@@H]4C[C@H](O)CC[C@]4(C)[C@H]3C[C@H](O)[C@]12C,4.680609e-06
O=S1(=O)CCN(CN2CCS(=O)(=O)NC2)CN1,4.3849025e-07
OB1OCc2cc(F)ccc21,0.009578371
NCCCC[C@@H]1NC(=O)[C@H](CCC(=O)O)NC(=O)c2cc([N+](=O)[O-])ccc2OCC[C@@H](C(=O)NCC(=O)O)NC1=O,0.0062711416
O=C1c2c(O)cc(O)cc2O[C@H](c2ccc(O)c(O)c2)[C@H]1O,0.0039582034
CCOC(=O)c1ccc(C#Cc2ccc3c(c2)C(C)(C)CCS3)nc1,0.0019266236
CCN(c1cc(-c2ccc(CN3CCOCC3)cc2)cc(C(=O)NCc2c(C)cc(C)[nH]c2=O)c1C)C1CCOCC1,0.000242071
C[C@]1(Cn2ccnn2)[C@H](C(=O)O)N2C(=O)C[C@H]2S1(=O)=O,5.057677e-06
O=[N+]([O-])c1cn2c(n1)OC[C@@H](OCc1ccc(-c3ccc(OC(F)(F)F)cc3)nc1)C2,0.000670088
N[C@@H](C(=O)O)[C@@H](OCc1ccccc1)C(=O)O,0.0004669647
Cc1cc(Nc2cc(C)c(C#N)c(N[C@@H](C)CCCC(C)(C)O)n2)[nH]n1,0.0049862093
CC(C)(C)c1ccc(C(=O)Nc2cn3cc(-n4ccnc4)ccc3n2)cc1,0.0060886857
O=C(O)CCN(O)C(=O)CCCCCCCCC1CC1,0.0007908481
CC1CCN([C@@H](c2ccc(F)cc2)c2ccc([C@@H](C)C(=O)O)cc2-c2ccc(C(F)(F)F)cc2)CC1,8.586703e-08
CCn1c(=O)n([C@H]2CCCN(c3nccc(-c4cc5ccccc5o4)n3)C2)c2ccccc21,0.0011995924
CC(C)c1c(NC(=O)Nc2ccc(Cl)cc2)c(=O)n(-c2ccccc2)n1C,0.10878663
Cc1sc(C)c2c1CCC=C2c1cnc[nH]1,0.0036630332
COC1CCN(c2cccc(-c3cc(NC(C)=O)nc(-n4nc(C)cc4C)n3)n2)CC1,0.0014422964
Cc1ccc(C)c(Oc2ccncc2C(=O)N2CCN(C3CC3)c3ccccc32)c1,0.0018822683
CNc1nc(NCc2ccc(NS(C)(=O)=O)cc2Cl)cc(-c2ccccn2)n1,0.00069173885
Cc1ccc(NC(=O)CCCCCC(=O)Nc2ccccc2N)cc1,0.010063131
CC1(C)SCN(S(=O)(=O)c2ccccc2)[C@@H]1C(=O)N[C@@H](CNC(=O)NCc1ccccc1)C(=O)O,0.00012842192
O=C(Nc1ccc(F)cc1)N1CCc2ccccc2[C@@H]1c1ccc(C(F)(F)F)cc1,9.838993e-07
FC(F)(F)c1ccccc1-c1cc(C(F)(F)F)c2[nH]c(C3=NOC4(CCCCC4)C3)nc2c1,6.753063e-11
COc1cccc(-n2nc(C(=O)O)cc2-c2ccc(C3CCCCC3)c(Cl)c2)c1,0.007476121
CC(C)(C)Nc1nc(Nc2ccc(C(N)=O)cc2)cc(N)c1C#N,0.0005515101
CC(=O)Nc1cccc(Nc2ncnc(N3CCC(OCc4ccc(OC(F)(F)F)cc4)CC3)n2)c1C,3.0598412e-06
COc1cccc(OC)c1-c1cc(C(=O)N[C@@H](CC(C)C)C(=O)O)nn1-c1ccnc2cc(Cl)ccc12,0.01833356
COc1cc(OC)cc(C(=O)NNC(=O)Nc2cccc3ccccc23)c1,0.022646464
Cc1cc(C(=O)N2Cc3cnn(C)c3Nc3ccccc32)ccc1CNC(=O)N1CCC[C@H]1C(=S)N1CCCN(C)CC1,0.00010068453
Cc1cccc(C)c1-n1c(=O)c2cnc(Nc3ccc(N4CCN(C)CC4)cc3)nc2n2c3ccccc3nc12,0.0028310863
COc1ncc2cc(C(=O)Nc3cc(C(=O)NCc4cccc(Cl)c4)ccc3Cl)c(=O)[nH]c2n1,0.47143877
C[C@H](Nc1cc2c(-c3ccc4c(c3)OCO4)noc2cn1)c1ccccc1,0.0025655911
N#Cc1cnc2cnc(NCc3cccnc3)cc2c1Nc1ccc(F)c(Cl)c1,0.16569027
O=[N+]([O-])c1c(Nc2cc(F)cc(Cl)c2)ccc2nonc12,0.9653885
O=C(O)C1CN(Cc2ccc(-c3nc4cc(Cc5ccccc5F)ccc4s3)c(F)c2)C1,0.0011870905
O=C1CC(=O)c2c(Cl)c(Cl)c(Cl)c(Cl)c21,0.9815485
O=C(NNC(=O)c1ccc(CNS(=O)(=O)c2ccc(F)c(Cl)c2)cc1)c1ccccc1,0.0013056925
Nc1nccc(/C=C/c2ccccc2)n1,0.0043918653
CC(C)C(=O)SCCCCC[C@H](NC(=O)OC(C)(C)C)C(=O)NC12CC3CC(CC(C3)C1)C2,6.144612e-05
COc1cc2c(cc1OC)CN(C(=O)[C@@H](NCc1ccncc1)C(C)(C)C)CC2,0.000491463
N#Cc1c(-c2ccccc2)cc(-c2cc(Br)ccc2O)[nH]c1=O,0.006745216
Cc1nnc(-c2ccc3occ(-c4ccc([S@](C)=O)cc4)c3c2)o1,0.005622633
CC(C)(O)C(=O)N1CCN(c2ccc(C(F)(F)F)c(C3=C(c4c[nH]c5ccccc45)C(=O)NC3=O)c2)CC1,8.63736e-08
O=C(NO)c1ccc2[nH]c(=O)c(CCCc3ccccc3)nc2c1,0.0062685027
Cc1ccccc1NC(=O)Nc1ccc(CC(=O)N2CCOC[C@H]2C(=O)N2CCC(CC(=O)O)CC2)cc1,0.000106429274
O=C(O)COc1ccc(/C=C2\SC(=O)NC2=O)cc1,0.0076603307
COc1ccc(C(=O)Nc2sc3c(c2C(N)=O)CCCC3)cc1OC,0.016127748
CC[C@@H](C)c1ccc(NC(=O)Cn2cnc3c2c(=O)n(C)c(=O)n3C)cc1,0.0048394394
CCC[n+]1cc(Br)cc(C(=O)N(CCC(=O)NCCOC(=O)N2CCc3ccccc3C2)c2ccccc2)c1,0.00040109985
O[C@@]12[C@H]3[C@@H]4[C@@H]5C[C@@H]6[C@@H]4[C@@H]3[C@@H]([C@@H]6[C@@H]51)N2CCc1cccc(F)c1,3.6586255e-06
CCOc1cncc(/C=C/CCNC)c1,0.0040881666
OC[C@H]1O[C@@H](S[C@@H]2O[C@H](CO)[C@H](O)[C@H](n3cc(-c4cccc(F)c4)nn3)[C@H]2O)[C@H](O)[C@@H](n2cc(-c3cccc(F)c3)nn2)[C@H]1O,0.0003446913
C[C@@H](O)[C@H]1C(=O)N2C(C(=O)OCOC(=O)C(C)(C)C)=C(SC3CN(C4=NCCS4)C3)[C@H](C)[C@H]12,0.00060831336
OC[C@H]1O[C@@H](n2cnc3c(N[C@@H]4CCOC4)ncnc32)[C@H](O)[C@@H]1O,7.48635e-05
COc1cccc([C@@H](C)NCCCc2ccccc2Cl)c1,0.008473609
Fc1ccc(Cn2c(NC3CCNCC3)nc3ccccc32)cc1,0.002033669
O=C(NN1C(=O)[C@@H]2[C@@H]3C=C[C@@H]([C@H]4C[C@@H]34)[C@@H]2C1=O)c1ccc(C(F)(F)F)cc1,1.10023926e-07
Cn1nnc(-c2ccc(-c3ccc(N4C[C@H](CO)OC4=O)cc3F)cn2)n1,0.004591143
Cn1nnc(-c2ccc(-c3ccc(N4C[C@H](COP(=O)(O)O)OC4=O)cc3F)cn2)n1,4.6833793e-05
CCCCCNC(=N)N/N=C/c1c[nH]c2ccc(OC)cc12,0.0054745264
Fc1ccccc1-c1nc2ccn(Cc3ccc(-c4ccc(C(F)(F)F)cc4C(F)(F)F)nn3)cc-2n1,1.0272435e-10
CCCCCCCCCC(=O)N[C@H]1[C@H](Oc2c3cc4cc2Oc2ccc(cc2Cl)[C@@H](O[C@@H]2O[C@H](CO)[C@@H](O)[C@H](O)[C@H]2NC(C)=O)[C@@H]2NC(=O)[C@H](NC(=O)[C@@H]4NC(=O)[C@H]4NC(=O)[C@@H](Cc5ccc(c(Cl)c5)O3)NC(=O)[C@@H](N)c3ccc(O)c(c3)Oc3cc(O)cc4c3)c3ccc(O)c(c3)-c3c(O[C@H]4O[C@H](CO)[C@@H](O)[C@H](O)[C@@H]4O)cc(O)cc3[C@H](C(=O)O)NC2=O)O[C@H](CO)[C@@H](O)[C@@H]1O,1.959823e-05
CCCCC/C=C/CCC(=O)N[C@H]1[C@H](Oc2c3cc4cc2Oc2ccc(cc2Cl)[C@@H](O[C@@H]2O[C@H](CO)[C@@H](O)[C@H](O)[C@H]2NC(C)=O)[C@@H]2NC(=O)[C@H](NC(=O)[C@@H]4NC(=O)[C@H]4NC(=O)[C@@H](Cc5ccc(c(Cl)c5)O3)NC(=O)[C@H](N)c3ccc(O)c(c3)Oc3cc(O)cc4c3)c3ccc(O)c(c3)-c3c(O[C@H]4O[C@H](CO)[C@@H](O)[C@H](O)[C@@H]4O)cc(O)cc3[C@@H](C(=O)O)NC2=O)O[C@H](CO)[C@@H](O)[C@@H]1O,7.871302e-06
CC(=O)N[C@@H]1[C@H](O[C@@H]2c3ccc(c(Cl)c3)Oc3cc4cc(c3O[C@@H]3O[C@H](CO)[C@@H](O)[C@H](O)[C@@H]3NC(=O)CCCCCCCC(C)C)Oc3ccc(cc3Cl)C[C@H]3NC(=O)[C@H](N)c5ccc(O)c(c5)Oc5cc(O)cc(c5)[C@H](NC3=O)C(=O)N[C@@H]4C(=O)N[C@@H]3C(=O)N[C@@H]2C(=O)N[C@@H](C(=O)O)c2cc(O)cc(O[C@H]4O[C@H](CO)[C@@H](O)[C@H](O)[C@@H]4O)c2-c2cc3ccc2O)O[C@H](CO)[C@@H](O)[C@@H]1O,4.574632e-05
O=C(CNC(=O)c1cccc(C(F)(F)F)c1)N[C@@H]1CCN(Cc2ccc(Cl)cc2)C1,8.389152e-08
CCC[C@H](NC(=O)[C@@H]1[C@H]2CCC[C@H]2CN1C(=O)[C@@H](NC(=O)[C@@H](NC(=O)c1cnccn1)C1CCCCC1)C(C)(C)C)C(=O)C(=O)NC1CC1,0.00012586004
CNC(=O)c1cc(COc2nnc(Nc3ccc(Cl)cc3)c3ccoc23)ccn1,0.012513723
Cc1cn([C@@H]2C[C@@H](O)[C@H](CO)O2)c(=O)[nH]c1=O,0.0034472079
O=C(N[C@@H]1CC[C@@H](c2cccc(F)c2F)CN(CC(F)(F)F)C1=O)N1CCC(n2c(=O)[nH]c3ncccc32)CC1,3.700266e-07
Cc1scc2c1N(C(=O)CN1CCN(C)CC1)c1ccccc1NC2=O,0.003041277
CC[C@H]1OC(=O)[C@H](C)C(=O)[C@H](C)[C@@H](O[C@@H]2O[C@H](C)C[C@H](N(C)C)[C@H]2O)[C@](C)(OC)C[C@@H](C)C(=O)[C@H](C)[C@H]2N(CCCCn3cnc(-c4cccnc4)c3)C(=O)O[C@]12C,0.0011536248
CCOC(=O)N1CSC[C@@H]1C(=O)O,0.00022054663
CCCc1nc2c(C)cc(-c3nc4ccccc4n3C)cc2n1Cc1ccc(-c2ccccc2C(=O)O)cc1,0.019038545
Cc1ccn(-c2cc(Cl)ccc2[C@@H](Oc2cc(-c3ccc(C[C@H](N)C(=O)O)cc3)nc(N)n2)C(F)(F)F)n1,4.3240448e-07
CCOC(=O)[C@@H](N)Cc1ccc(-c2cc(O[C@H](c3ccc(Cl)cc3-n3ccc(C)n3)C(F)(F)F)nc(N)n2)cc1,3.104233e-07
CCCCCCCCCCCCCCCCCC(=O)NCCCCOn1c(CCCC)nc2c(N)nc3ccccc3c21,0.6375377
COc1cccc(C(=O)Nc2ccc(OCCN3CCOCC3)c(-c3ccnn3C)c2)c1,0.00086297444
COP(=S)(OC)Oc1ccc(Sc2ccc(OP(=S)(OC)OC)cc2)cc1,1.017247e-05
CCOC(=O)[C@H](CCc1ccccc1)N[C@H]1CS[C@H](c2cccs2)CN(CC(=O)O)C1=O,0.0002074809
Oc1cccc(-c2c3nc(c(-c4cccc(O)c4)c4[nH]c(c(-c5cccc(O)c5)c5ccc([nH]5)c(-c5cccc(O)c5)c5nc2C=C5)CC4)C=C3)c1,0.0052099633
Cn1nnc2c(C(N)=O)ncn2c1=O,0.00072976894
CC1(C)CC(O)CC(C)(C)N1O,0.0054117762
CO[C@H]1C[C@@H]2CC[C@@H](C)[C@@](O)(O2)C(=O)C(=O)N2CCCC[C@H]2C(=O)O[C@H]([C@H](C)C[C@@H]2CC[C@@H](OC(=O)C(C)(CO)CO)[C@H](OC)C2)CC(=O)[C@H](C)/C=C(\C)[C@@H](O)[C@@H](OC)C(=O)[C@H](C)C[C@H](C)/C=C/C=C/C=C/1C,4.181816e-05
Cc1sc2c(c1C)C(c1ccc(Cl)cc1)=N[C@@H](CC(=O)NCCCN1CCN(C)CC1)c1nnc(C)n1-2,0.000118152304
CC[C@H](Nc1ncnc2nc[nH]c12)c1oc2ccccc2c(=O)c1-c1cccc(F)c1,0.004186102
CN1Cc2c(Cl)cc(Cl)cc2[C@H](c2cccc(S(=O)(=O)NCCOCCOCCNC(=O)NCCCCNC(=O)NCCOCCOCCNS(=O)(=O)c3cccc([C@@H]4CN(C)Cc5c(Cl)cc(Cl)cc54)c3)c2)C1,0.56716377
COc1ccc2[nH]c([S@@](=O)Cc3ncc(C)c(OC)c3C)nc2n1,0.0015366379
Cc1cc(N2CCN([C@@H]3CN[C@H](C(=O)N4CCSC4)C3)CC2)n(-c2ccccc2)n1,8.071976e-06
NC(=O)N1C(=O)[C@@H](C(=O)c2cccs2)c2cc(Cl)ccc21,0.04329136
O=C1NCCN[C@@H]1c1cccs1,0.0021473914
COc1cc([C@@H]2c3cc4c(cc3[C@@H](O[C@@H]3O[C@@H]5CO[C@@H](c6cccs6)O[C@H]5[C@H](O)[C@H]3O)[C@H]3COC(=O)[C@H]23)OCO4)cc(OC)c1O,4.894049e-06
C[C@H](Cn1cnc2c(N)ncnc21)OCP(=O)(O)O,5.9885813e-05
CC(C)OC(=O)[C@@H](C)NP(=O)(CO[C@@H](C)Cn1cnc2c(N)ncnc21)Oc1ccccc1,3.4400116e-05
CC(C)OC(=O)OCOP(=O)(CO[C@H](C)Cn1cnc2c(N)ncnc21)OCOC(=O)OC(C)C,1.7765744e-07
CC(=O)Nc1ccc(NC(=S)NC(=O)c2ccc(C(C)(C)C)cc2)cc1,0.0077894093
CN(C)CCCCC(=O)Nc1ccc(NC(=S)NC(=O)c2ccc(C(C)(C)C)cc2)cc1,0.0093516
CN1C(C(=O)Nc2ccccn2)=C(O)c2sccc2S1(=O)=O,6.652771e-05
O=C1/C(=C/c2cccs2)CCC/C1=C\c1cccs1,0.0012342628
COc1ccc(-n2nc(CCC(=O)N(C)O)cc2-c2ccc(Cl)cc2)cc1,0.0065341922
Cn1c2cc([S@@](C)=O)sc2c2cnn(Cc3cccc(N)c3)c(=O)c21,0.0023661195
CC(=O)CC/C=C(\C)CC/C=C(\C)CC/C=C(\C)CCC=C(C)C,0.009258166
COc1ccc(C[C@@H](C)[C@@H](C)Cc2ccc(OC)c(OC)c2)cc1OC,0.06689559
COc1cc2nc(N3CCN(C(=O)[C@H]4CCCO4)CC3)nc(N)c2cc1OC,9.9802324e-05
CN(C/C=C/C#CC(C)(C)C)Cc1cccc2ccccc12,0.003097748
CC(C)(C)NC[C@@H](O)c1cc(O)cc(O)c1,0.0014095877
C#CC1(OC[C@H](O)CN2CCN(c3cccc(C(F)(F)F)c3)CC2)CCCCC1,4.5860324e-09
CC(C)N1CCN(c2ccc(OC[C@H]3CO[C@](Cn4cncn4)(c4ccc(Cl)cc4Cl)O3)cc2)CC1,0.00035709483
CC(C)(C)c1ccc([C@@H](O)CCCN2CCC(C(O)(c3ccccc3)c3ccccc3)CC2)cc1,0.00053438736
CCN(CC)C(=O)N[C@H]1C[C@@H]2c3cccc4[nH]cc(c34)C[C@H]2N(C)C1,0.0001037769
CC(=O)[C@@H](C#N)C(=O)Nc1ccc(C(F)(F)F)cc1,2.7465122e-08
NCCCC[C@H](NC(=O)[C@@H]1CCCN1C(=O)[C@@H]1CSSC[C@H](NC(=O)CNC(=O)CNC(=O)CN)C(=O)N[C@@H](Cc2ccc(O)cc2)C(=O)N[C@@H](Cc2ccccc2)C(=O)N[C@@H](CCC(N)=O)C(=O)N[C@@H](CC(N)=O)C(=O)N1)C(=O)NCC(N)=O,0.0016544177
C[C@@H](CC(c1ccccc1)c1ccccc1)NC(C)(C)C,0.0059670024
O=c1n(C[C@H]2CO2)c(=O)n(C[C@H]2CO2)c(=O)n1C[C@H]1CO1,0.0004360109
CC(C)(O)[C@H]1CC[C@](C)(O)CC1,0.0028888858
C[C@H]1C(=O)C(=O)[C@@H]2O[C@@H]2C1=O,0.0032935948
Cc1ccc2c(c1CCC(=O)O)CC[C@@H](NS(=O)(=O)c1ccc(Cl)cc1)C2,0.00010132028
CCO[C@@H](Cc1ccc(OCCc2ccc(OS(C)(=O)=O)cc2)cc1)C(=O)O,0.0006396622
CCOc1ccc(-c2nc(-c3cccc(C(=O)O)n3)cs2)cc1OCC,0.00964655
COc1cc2c(cc1OC)[C@@H]1CC(=O)[C@@H](CC(C)C)CN1CC2,9.006851e-05
CCCCNc1ccc(C(=O)OCCN(C)C)cc1,0.0013180627
CN(C)[C@@H]1C(=O)[C@H](C(N)=O)C(=O)[C@@]2(O)C(=O)[C@@H]3C(=O)c4c(O)cccc4[C@@](C)(O)[C@H]3C[C@@H]12,1.59507e-05
CCCCCCCCCCCCCCSCC(=O)O,0.14874107
NCCNCCNCCNCCN,0.00335157
Nc1nc(=O)c2c([nH]1)NC[C@H](CNc1ccc(C(=O)N[C@@H](CCC(=O)O)C(=O)O)cc1)N2,0.00034953636
COc1ccc(C[C@H]2NCCc3cc(OC)c(OC)cc32)cc1OC,0.0030396464
O=C1N[C@H](O)CCN1[C@@H]1O[C@H](CO)[C@@H](O)[C@H]1O,0.00018857743
c1ccc2c(c1)CCC[C@@H]2C1=NCCN1,0.000346458
CN(C)C(=S)SC(=S)N(C)C,0.00015721725
COc1ccc2cc1Oc1ccc(cc1)C[C@H]1c3cc(c(OC)cc3CCN1C)Oc1c(OC)c(OC)cc3c1[C@H](C2)N(C)CC3,0.0016446946
N[C@@H](C(=O)O)c1nn[nH]n1,0.0003094365
c1cc2c(cc1C1CCCCC1)c1c3n2CCNC3CCC1,0.00013978768
O=C1C(=O)C(O)C(=O)C(=O)C1O,0.9072828
CC(C)(CO)c1cc2cc(NC(=O)C3(c4ccc5c(c4)OC(F)(F)O5)CC3)c(F)cc2n1C[C@@H](O)CO,2.2910393e-05
O=C(Nc1ccc(N2CCC(C(=O)N3CCOCC3)CC2)cc1)c1cnc(Oc2ccccc2)nc1,4.273414e-05
CCN1/C(=C/C(C)=O)Sc2ccc(OC)cc21,0.0033579024
CN1C/C=C/CCOc2cccc(c2)-c2ccnc(n2)Nc2cccc(c2)C1,0.003855138
Cc1cc(-c2cc(O)ccc2Cl)cc2nnc(Nc3ccc(OCCN4CCCC4)cc3)nc12,0.00027687446
Nc1nc(N)c2nc(-c3cccc(O)c3)cnc2n1,0.001591663
Cc1cc(-c2cc(OC(=O)c3ccccc3)ccc2Cl)cc2nnc(Nc3ccc(OCCN4CCCC4)cc3)nc12,0.0003627017
Cc1cnc(Nc2ccc(N3CCN(C)CC3)cc2)nc1Nc1cccc(S(=O)(=O)NC(C)(C)C)c1,0.0004323472
CC(C)Oc1ccc(-c2nn([C@@H](C)c3oc4ccc(F)cc4c(=O)c3-c3cccc(F)c3)c3ncnc(N)c23)cc1F,0.1391828
Cc1cc([C@@H](C)Nc2ccccc2)c2nc(N3CCOCC3)cc(=O)n2c1,0.006613203
Nc1nc(N)c2nc(-c3cccc(O)c3)c(-c3cccc(O)c3)nc2n1,0.001243798
Cn1c(COP(=O)(NCCBr)NCCBr)cnc1[N+](=O)[O-],2.6836069e-05
Nc1nc(NC2CC2)cc(-c2cccc(Cl)c2Cl)n1,0.0043009315
COc1cc(C[C@H]2c3cc(OC)c(OC)cc3CCN2C)c(Oc2cc3c(cc2OC)-c2c(OC)c(OC)cc4c2[C@H](C3)N(C)CC4)cc1OC,0.0015318583
O=C1CC[C@H](N2C(=O)c3ccccc3C2=O)C(=O)N1,0.006505949
O=c1c(O)cc([C@H]2Oc3cc(O)cc(O)c3C[C@H]2O)c2cc([C@H]3Oc4cc(O)cc(O)c4C[C@H]3O)cc(O)c(O)c1-2,0.01553445
Cn1cnc2c1c(=O)[nH]c(=O)n2C,0.0021884297
CCNC1=N[C@@H]2[C@@H](O)[C@H](O)[C@@H](CO)O[C@@H]2S1,0.0002874665
Cc1ncc(C[n+]2csc(CCO)c2C)c(N)n1,0.0040690107
Cc1ncc(C[n+]2csc(CCOP(=O)(O)OP(=O)(O)O)c2C)c(N)n1,1.9577968e-07
CS(=O)(=O)c1ccc([C@@H](O)[C@@H](CO)NC(=O)C(Cl)Cl)cc1,0.63825333
C=CCC1([C@H](C)CCC)C(=O)NC(=S)NC1=O,0.001841651
O=C(NCc1ccccc1)c1csc(Nc2ccncn2)n1,0.0045352187
CCSc1ccc2c(c1)N(CCCN1CCN(C)CC1)c1ccccc1S2,0.0005028925
COc1c(O[C@@H]2O[C@H](CO)[C@@H](O)[C@H](O)[C@H]2O)cc2c(c1OC)-c1ccc(SC)c(=O)cc1[C@@H](NC(C)=O)CC2,0.00024839654
O=C(O)CCCC[C@H]1CCSS1,0.0014417671
OCCSCCO,0.0016657535
Nc1nc2nc[nH]c2c(=S)[nH]1,0.0026711074
C[CH2][Hg][S]c1ccccc1C(=O)O,0.0028415003
CCC[C@@H](C)C1(CC)C(=O)NC(=S)NC1=O,0.0013501201
S=C(NC1CCCCC1)N1CCC([C@H]2C=NC=N2)CC1,0.00010758577
COC(=O)NC(=S)Nc1ccccc1NC(=S)NC(=O)OC,0.041646875
CN1CCN(CCCN2c3ccccc3Sc3ccc(S(=O)(=O)N(C)C)cc32)CC1,4.1446774e-06
CSc1ccc2c(c1)N(CCC1CCCCN1C)c1ccccc1S2,0.0009162866
O=C(O)CNC(=O)[C@@H](CS)Cc1ccccc1,0.0014964696
C=C(NC(=O)C(=C)NC(=O)c1csc(C2=N[C@@H]3c4csc(n4)[C@H]4NC(=O)c5csc(n5)[C@H]([C@](C)(O)[C@@H](C)O)NC(=O)[C@H]5CSC(=N5)/C(=C/C)NC(=O)[C@H]([C@@H](C)O)NC(=O)c5csc(n5)[C@]3(CC2)NC(=O)[C@H](C)NC(=O)C(=C)NC(=O)[C@H](C)NC(=O)[C@H]([C@@H](C)CC)N[C@@H]2C=Cc3c([C@H](C)O)cc(nc3[C@H]2O)C(=O)O[C@@H]4C)n1)C(N)=O,0.6414539
S=P(N1CC1)(N1CC1)N1CC1,1.1282112e-09
CN1CCN(CC/C=C2/c3ccccc3Sc3ccc(S(=O)(=O)N(C)C)cc32)CC1,6.901281e-06
CN(C)C(=S)SSC(=S)N(C)C,0.00020207762
CNc1ccc(-c2ccc3cc(OC[C@H](O)CF)ccc3n2)cn1,0.0018038026
CCCCCCCCCCCCCCCC[N+](C)(C)CCN(Cc1ccc(OC)cc1)c1ncccn1,0.94763464
COc1ccc(CN(CCN(C)C)c2ncccn2)cc1,0.0046964725
CC(O)(C(=O)O)[C@@H](CC(=O)O)C(=O)O,0.0006310384
CC[C@H](C)[C@H](NC(=O)[C@H](CCC(=O)O)NC(=O)[C@H](CO)NC(=O)[C@H](CO)NC(=O)[C@@H](NC(=O)[C@H](CC(=O)O)NC(=O)[C@@H](NC(=O)[C@H](C)NC(=O)[C@H](C)NC(=O)[C@H](CC(=O)O)NC(=O)[C@H](CO)NC(C)=O)C(C)C)[C@@H](C)O)C(=O)N[C@H](C(=O)N[C@H](C(=O)N[C@@H](CCCCN)C(=O)N[C@@H](CC(=O)O)C(=O)N[C@@H](CC(C)C)C(=O)N[C@@H](CCCCN)C(=O)N[C@@H](CCC(=O)O)C(=O)N[C@@H](CCCCN)C(=O)N[C@@H](CCCCN)C(=O)N[C@@H](CCC(=O)O)C(=O)N[C@H](C(=O)N[C@H](C(=O)N[C@@H](CCC(=O)O)C(=O)N[C@@H](CCC(=O)O)C(=O)N[C@@H](C)C(=O)N[C@@H](CCC(=O)O)C(=O)N[C@@H](CC(N)=O)C(=O)O)C(C)C)C(C)C)[C@@H](C)O)[C@@H](C)O,0.23291795
Cc1ccc(C(C)C)c(O)c1,0.0058380673
Cc1cc(OI)c(C(C)C)cc1-c1cc(C(C)C)c(OI)cc1C,0.002066808
CC(C)[C@H](NC(=O)[C@H](CC(=O)O)NC(=O)[C@H](CCCCN)NC(=O)[C@@H](N)CCCNC(=N)N)C(=O)N[C@@H](Cc1ccc(O)cc1)C(=O)O,0.00091465027
CN(C)C/C=C/C(=O)Nc1ccc(C(=O)Nc2cccc(Nc3ncc(Cl)c(-c4c[nH]c5ccccc45)n3)c2)cc1,0.048549443
CN(C)CCCC(=O)Nc1ccc(C(=O)Nc2cccc(Nc3ncc(Cl)c(-c4c[nH]c5ccccc45)n3)c2)cc1,0.028954811
CN(C)C/C=C/C(=O)Nc1cccc(C(=O)Nc2cccc(Nc3ncc(Cl)c(-c4c[nH]c5ccccc45)n3)c2)c1,0.068893075
c1ccc2[nH]c(-c3cscn3)nc2c1,0.0038815828
Cc1ccsc1C(=CCCN1CCC[C@@H](C(=O)O)C1)c1sccc1C,0.0001837802
CN1c2ccccc2[C@@H](NCCCCCCC(=O)O)c2ccc(Cl)cc2S1(=O)=O,0.00027172864
CCN(CC)CCNC(=O)c1cc(S(C)(=O)=O)ccc1OC,0.00011838654
C[C@@H](C(=O)O)c1ccc(C(=O)c2ccccc2)s1,0.0046532303
O=C(Cn1c(=O)sc2ccc(Cl)cc21)N1CCN(CCO)CC1,0.00026237662
C#C[C@]1(O)CC[C@@H]2[C@H]3[C@H](C)CC4=C(CCC(=O)C4)[C@H]3CC[C@@]21C,2.5341428e-06
CCCSc1nc(N[C@@H]2C[C@H]2c2ccc(F)c(F)c2)c2nnn([C@@H]3C[C@H](OCCO)[C@@H](O)[C@H]3O)c2n1,0.0017158033
CC1(C)S[C@@H]2[C@H](NC(=O)[C@H](C(=O)O)c3ccsc3)C(=O)N2[C@H]1C(=O)O,0.69397074
Clc1ccccc1CN1CCc2sccc2C1,0.0009949622
Cc1ccccc1CN1C2=NCCN2C(=O)C2=C1CCN(Cc1ccccc1)C2,0.0017745618
O=c1sn(-c2cccc3ccccc23)c(=O)n1Cc1ccccc1,0.010550205
O=C(O)COc1ccc(C(=O)c2cccs2)c(Cl)c1Cl,0.014580503
COc1ccc2cc(-c3[nH]c(-c4ccc([S@@](C)=O)cc4)nc3-c3ccncc3)ccc2c1,0.022509122
CC1(NC2=NS(=O)(=O)c3sc(Cl)cc3N2)CC1,1.7615757e-05
CN(C)c1cc(NC(=O)CNC(C)(C)C)c(O)c2c1C[C@H]1C[C@H]3[C@H](N(C)C)C(=O)[C@@H](C(N)=O)C(=O)[C@@]3(O)C(=O)[C@H]1C2=O,1.0408468e-05
CC[C@H]1OC(=O)C[C@@H](O)[C@H](C)[C@@H](O[C@@H]2O[C@H](C)[C@@H](O)[C@H](N(C)C)[C@H]2O)[C@@H](CCN2C[C@H](C)C[C@H](C)C2)C[C@@H](C)C(=O)/C=C/C(C)=C/[C@@H]1CO[C@@H]1O[C@H](C)[C@@H](O)[C@@H](OC)[C@H]1OC,0.0003829994
CCN(CC)CCOc1ccc2c(c1)C(=O)c1cc(OCCN(CC)CC)ccc1-2,0.0004556626
O=P(O)(O)C(Sc1ccc(Cl)cc1)P(=O)(O)O,1.8298197e-06
CC(C)(Oc1ccc(Cl)cc1)C(=O)N1CSC[C@@H]1C(=O)O,0.0013951283
CC(C)(C)NC[C@H](O)COc1nsnc1N1CCOCC1,0.00019218646
O=C(O)[C@H]1CSCN1,0.00070962036
c1ccc2c(SC3=NCCN3)c[nH]c2c1,0.0016510818
CCS(=O)(=O)CCn1c([N+](=O)[O-])cnc1C,0.95888513
CCOC(=O)c1c(N)sc2c1CCN(Cc1ccccc1)C2,0.00089643867
Clc1ccc([C@H](Cn2ccnc2)OCc2ccsc2Cl)c(Cl)c1,0.33455873
Nc1nc(=S)c2ncn([C@@H]3O[C@H](CO)[C@@H](O)[C@H]3O)c2[nH]1,0.00015537195
C[C@@H](S)C(=O)NCC(=O)O,0.00294878
CN=C(NC#N)NCCSCc1csc(NC(=N)N)n1,0.00014204152
C[N+]1(C)[C@@H]2C[C@@H](OC(=O)C(O)(c3cccs3)c3cccs3)C[C@H]1[C@@H]1O[C@@H]12,0.0017355325
O=c1oc2cc(O)ccc2s1,0.003849354
CCCc1c(SCCCOc2ccc(C(C)=O)c(OCCCC(=O)O)c2CCC)ccc(C(C)=O)c1O,0.0025596763
Cn1cncc1[C@@](N)(c1ccc(Cl)cc1)c1ccc2c(c1)c(-c1cccc(Cl)c1)cc(=O)n2C,0.08727137
N=C1CCCN1Cc1[nH]c(=O)[nH]c(=O)c1Cl,0.019205604
O=C(O)C(=O)c1cn(Cc2ccccc2)c2ccc(-c3ccc(OC(F)(F)F)cc3)cc12,0.00021031177
CCC[C@@]1(CCc2ccccc2)CC(=O)[C@@H]([C@H](CC)c2cccc(NS(=O)(=O)c3ccc(C(F)(F)F)cn3)c2)C(=O)O1,2.8157547e-08
CSc1ccccc1OC[C@@H](O)CNC(C)C,0.0017876576
C[N@+]12CCCC[C@@H]1CCC(=C(c1cccs1)c1cccs1)C2,0.00022940301
CCOC(=O)Nc1ccc2c(c1)N(C(=O)CN(C)C)c1ccccc1CC2,0.0017697966
Nc1n[n+]([O-])c2ccccc2[n+]1[O-],0.048207674
C#Cc1cnc2[nH]c(=O)n(C(CC)CC)c2n1,0.0009402636
O=C(O)Cc1cc(I)c(Oc2ccc(O)c(I)c2)c(I)c1,0.003319079
CCCCS(=O)(=O)N[C@@H](Cc1ccc(OCCCCC2CCNCC2)cc1)C(=O)O,0.0002759981
[Cl][Ti]([Cl])([CH]1C=CC=C1)[CH]1C=CC=C1,0.00012220592
O=C1NC(=O)[C@@H](c2cn3c4c(cccc24)CCC3)[C@@H]1c1c[nH]c2ccccc12,0.00095469935
COc1cc2nccc(Oc3ccc(NC(=O)Nc4cc(C)on4)c(Cl)c3)c2cc1OC,0.29356864
Clc1ccc2nsnc2c1NC1=NCCN1,0.0040798658
Cc1ccc(CCCO)c(NCc2ccc3nc(NCCCN4CCOCC4)n(Cc4nc(C)ccc4O)c3c2)c1,0.0006903201
COc1ccc2c(c1)C=C1Cn3c-2c(C2CCCCC2)c2ccc(cc23)C(=O)NS(=O)(=O)N(C)CCOCCN(C)C1=O,5.646835e-06
O=C(NC(=O)c1c(F)cccc1Cl)NC1c2ccccc2-c2ccccc21,0.796558
CCCCCCC(=O)OC1CC(C)(C)NC(C)(C)C1,0.0057740044
COc1cc(/C=C/c2ccc(OC)cc2OC)cc(OC)c1,0.012337245
CO[C@@H]1[C@H](OC(=O)NC(=O)CCl)CC[C@]2(CO2)[C@H]1[C@@]1(C)O[C@@H]1CC=C(C)C,0.0029600158
NC[C@H]1O[C@H](O[C@H]2[C@H](O)[C@@H](O[C@H]3O[C@H](CO)[C@@H](O)[C@H](N)[C@H]3O)[C@H](N)C[C@@H]2N)[C@H](N)C[C@@H]1O,3.882778e-06
Cc1cccc(C)c1NC(=O)[C@@H](C)N,0.0028402763
Cc1[nH]c(/C=C2\C(=O)Nc3ccc(F)cc32)c(C)c1C(=O)NCCN1CCCC1,0.00033136454
Cc1c(C)c2c(c(C)c1OC(=O)CCC(=O)OCCO)CC[C@@](C)(CCC[C@H](C)CCC[C@H](C)CCCC(C)C)O2,0.002327788
CCOC(=O)NNc1nncc2ccccc12,0.0025263918
C[C@@H]1CCN(C(=O)CC#N)C[C@@H]1N(C)c1ncnc2[nH]ccc12,0.00018828563
CCC1=C(C)NN=C(c2ccc(OC)c(OC)c2)c2cc(OC)c(OC)cc21,0.0023929337
CCc1ccc(Cc2ccc3c(c2)[C@]2(OC3)O[C@H](CO)[C@@H](O)[C@H](O)[C@H]2O)cc1,0.00015022709
Cc1ccccc1OC[C@@H](O)CNCCOc1ccc(C(N)=O)cc1,0.005922116
Cc1ccc(S(=O)(=O)NC(=O)NN2CCCCCC2)cc1,0.00016189413
c1ccc(CC2=NCCN2)cc1,0.0016396007
CCCCNC(=O)NS(=O)(=O)c1ccc(C)cc1,0.00038222922
Cc1ccc(C(=O)c2cc(O)c(O)c([N+](=O)[O-])c2)cc1,0.9293497
Cc1c(Cl)cccc1Nc1ccccc1C(=O)O,0.011848587
Cc1cccc(Oc2cnc(=O)[nH]c2)c1,0.0075301593
Cc1ccc(C(=O)c2ccc(CC(=O)O)n2C)cc1,0.005938718
Cc1cccc(N(C)C(=S)Oc2ccc3ccccc3c2)c1,0.0072457246
Cc1ccc(NC2=NCCN2)c(Cl)c1,0.0019661759
Cc1cc2nc3ccc(=[N+](C)C)cc-3sc2cc1N,0.005720738
Cc1cccc(N2C[C@@H](CO)OC2=O)c1,0.0022141384
Cc1ccc(C(=O)[C@@H](C)CN2CCCCC2)cc1,0.0005699394
COc1ccc2c(C(=S)N(C)CC(=O)O)cccc2c1C(F)(F)F,1.3032156e-06
Cc1ccc(O)c([C@H](CCN(C(C)C)C(C)C)c2ccccc2)c1,0.0015577578
Cc1cc(-n2c(=O)[nH]c(=O)n(C)c2=O)ccc1Oc1ccc(SC(F)(F)F)cc1,1.04620385e-05
Cc1ccccc1C(=O)Nc1ccc(C(=O)N2CCC[C@@H](O)c3cc(Cl)ccc32)c(C)c1,0.03225024
CN(C)c1cccc2c(S(=O)(=O)Nc3ccc(NC(=O)C(C)(C)CO)cc3)cccc12,0.0008521699
CCCc1c(OCCCCc2nn[nH]n2)ccc(C(C)=O)c1O,0.0066799484
Cc1cc(Nc2cc(N)ncn2)c(=O)n2c1C(=O)NC21CCCCC1,0.02234996
CC(=O)c1ccc2c(c1)[C@H](NC(=O)c1ccc(F)c(Cl)c1)[C@H](O)C(C)(C)O2,0.25387022
C[C@](O)(CNC(=O)C(F)(F)F)C(=O)Nc1ccc([N+](=O)[O-])c(C(F)(F)F)c1,4.8304905e-10
CC1(C)O[C@@H]2[C@@H](CO[C@@]3(COS(N)(=O)=O)OC(C)(C)O[C@@H]23)O1,2.1896099e-06
N#Cc1cc(-c2nnc(-c3ccncc3)[nH]2)ccn1,0.0032682633
CC[C@@]1(O)C(=O)OCc2c1cc1n(c2=O)Cc2cc3c(CN(C)C)c(O)ccc3nc2-1,0.00015084159
Cc1cccc(Nc2ccncc2S(=O)(=O)NC(=O)NC(C)C)c1,0.00020841497
CCOC(=O)N1c2ccc(C(F)(F)F)cc2[C@@H](N(Cc2cc(C(F)(F)F)cc(C(F)(F)F)c2)C(=O)OC)C[C@H]1CC,2.4067846e-16
Nc1ccn([C@H]2C[C@H](O)[C@@H](CO)O2)c(=O)n1,0.0011813618
CN(C)CCOc1ccc(/C(=C(/CCCl)c2ccccc2)c2ccccc2)cc1,0.0054679285
CCC(=O)N1CCN(c2ccc(-n3c(=O)ccc4cnc5ccc(-c6cnc7ccccc7c6)cc5c43)cc2C(F)(F)F)CC1,7.876392e-07
Nc1ccc(-c2ccc3ncc4ccc(=O)n(-c5cccc(C(F)(F)F)c5)c4c3c2)cn1,1.74244e-06
CC(C)C[C@@H](C(=O)N[C@H](C(=O)OC1CCCC1)c1ccccc1)[C@H](O)C(=O)NO,0.00092882727
N[C@H]1CCN(c2nc3c(cc2F)c(=O)c(C(=O)O)cn3-c2ccc(F)cc2F)C1,0.9746824
N#Cc1cn([C@@H]2O[C@H](CO)[C@@H](O)[C@H]2O)c2ncnc(N)c12,5.6868095e-05
COc1ccc(N2CCOCC2)c2sc(NC(=O)N3CCC(C)(O)CC3)nc12,0.00075447216
Cc1cc(Nc2cc(N3CCN(C)CC3)nc(Sc3ccc(NC(=O)C4CC4)cc3)n2)[nH]n1,0.0012816966
CC(C)(O)c1ccn2c(-c3ccc(F)c(-c4ccc(F)cc4C#N)c3)cnc2c1F,0.012972816
CN1CCN(Cc2ccc(Nc3ncc(Cl)c(Nc4ccccc4S(=O)(=O)N(C)C)n3)cc2)CC1,0.00015471099
CC(C)(O)[C@H]1CC[C@H](Nc2ccc3ncc(-c4cccc(C(F)(F)F)c4)n3n2)CC1,6.000931e-07
NC(=O)Nc1sc(-c2ccc(F)cc2)cc1C(N)=O,0.015649686
O=S(=O)(O)c1ccc(-c2c3nc(c(-c4ccc(S(=O)(=O)O)cc4)c4ccc([nH]4)c(-c4ccc(S(=O)(=O)O)cc4)c4nc(c(-c5ccc(S(=O)(=O)O)cc5)c5ccc2[nH]5)C=C4)C=C3)cc1,7.536239e-05
O=[N+]([O-])OC[C@H]1O[C@@H](n2cnc3c(NC4CCCC4)ncnc32)[C@H](O)[C@@H]1O,0.00023873943
CCCCNc1c(C(=O)OCC)c(C)nc2c1cnn2CC,0.000796911
O=C(c1ccccc1Cl)c1cccnc1-c1nnn(Cc2cc(C(F)(F)F)cc(C(F)(F)F)c2)c1-c1ccncc1,3.815275e-10
Clc1ccccc1C(c1ccccc1)(c1ccccc1)n1cccn1,0.5337388
N#CC(c1ccccc1)(c1ccccc1)c1ccccc1Cl,0.046797194
CC(=O)Nc1cccc(-n2c(=O)n(C3CC3)c(=O)c3c(Nc4ccc(I)cc4F)n(C)c(=O)c(C)c32)c1,0.65726364
NCCCS(=O)(=O)O,0.00058360375
CCOC(=O)[C@H](CCc1ccccc1)N[C@@H](C)C(=O)N1[C@H](C(=O)O)C[C@H]2CCCC[C@@H]21,0.00020416403
NC[C@H]1CC[C@H](C(=O)O)CC1,0.00039937964
COc1ccc(/C=C/C(=O)Nc2ccccc2C(=O)O)cc1OC,0.0070960014
CCCCC/C=C\C=C\CCCCCCCCC(=O)O,0.023039337
CCCCCCCC/C=C/C(=O)O,0.006595511
O=C(O)C1CCC(c2cc3cccnc3c(-c3cccc(F)c3)n2)CC1,0.0013772531
O=C(O)/C=C/CO,0.0015928904
COc1ccc(/C=C/C(=O)O)cc1,0.004961805
CC(/C=C/C=C(\C)C(=O)O)=C\C=C\C=C(C)\C=C\C=C(/C)C(=O)O,0.00029721198
N[C@H]1C[C@@H]1c1ccccc1,0.0013970343
CCn1c(=O)n(C2=C(CO)CN(CC3CCCCCCC3)CC2)c2ccccc21,3.1497948e-05
CCN(CC)c1cc(C)nc2ncnn12,0.0005107372
CC(C)OC(=O)CCC/C=C\C[C@@H]1[C@@H](/C=C/[C@@H](O)COc2cccc(C(F)(F)F)c2)[C@H](O)C[C@@H]1O,1.9535575e-07
C[C@@H]([C@@H](O)c1ccc(O)cc1)N1CCC(O)(c2ccccc2)CC1,0.00013963328
O=c1n(CCCN2CCN(c3cccc(Cl)c3)CC2)nc2ccccn12,0.0009597163
C[C@H]1Oc2ccccc2C[C@@H]1N(C)C,0.003838567
Cn1c(=O)cc(N2CCC[C@@H](N)C2)n(Cc2cc(F)ccc2C#N)c1=O,0.0016795452
C(#CCN1CCCC1)CN1CCCC1,5.291767e-06
CS(=O)(=O)OC[C@H](O)[C@@H](O)COS(C)(=O)=O,2.0109615e-06
CCOc1cc(OCC)c(C(=O)CCC(=O)O)cc1OCC,0.0003242213
CCCCC[C@H](O)CC[C@@H]1[C@H]2Cc3cccc(OCC(=O)O)c3C[C@H]2C[C@H]1O,0.0003216867
COc1cc2c(cc1OC)-c1c/c(=N\c3c(C)cc(C)cc3C)n(C)c(=O)n1CC2,0.012478712
NC(=O)c1cc(N2CC2)c([N+](=O)[O-])cc1[N+](=O)[O-],0.99115443
CC1=C(/C=C/C(C)=C/C=C/C(C)=C/C(=O)O)C(C)(C)CCC1,0.0015251843
CC(=O)OCC(COC(C)=O)OC(C)=O,0.00074039266
C[C@]12C=CC(=O)C=C1CC[C@H]1[C@@H]3C[C@@H](O)[C@](O)(C(=O)CO)[C@@]3(C)C[C@H](O)[C@@]12F,2.3429427e-08
CC1(C)O[C@@H]2C[C@H]3[C@@H]4CCC5=CC(=O)C=C[C@]5(C)[C@@]4(F)[C@@H](O)C[C@]3(C)[C@]2(C(=O)CO)O1,3.8547928e-08
CC(C)(C)CC(=O)OCC(=O)[C@@]12OC(C)(C)O[C@@H]1C[C@H]1[C@@H]3CCC4=CC(=O)C=C[C@]4(C)[C@@]3(F)[C@@H](O)C[C@@]12C,9.205842e-09
Nc1nc(N)c2nc(-c3ccccc3)c(N)nc2n1,0.00096410204
NC(=S)N/N=C/c1ncccc1N,0.0076726237
CCO[C@H]1O[C@H]([C@@H](COCc2ccccc2)OCc2ccccc2)[C@H](OCc2ccccc2)[C@H]1O,0.0005511764
O=C(Nc1ccc(Br)cc1)c1cc(Br)cc(Br)c1O,0.9235882
OCC(Br)(Br)Br,5.486813e-05
CCCC(=O)OCC(COC(=O)CCC)OC(=O)CCC,4.29187e-05
CCCCCCCC(=O)OCC(COC(=O)CCCCCCC)OC(=O)CCCCCCC,0.006890323
NS(=O)(=O)c1cc2c(cc1Cl)N[C@H](C(Cl)Cl)NS2(=O)=O,3.8117098e-05
O=C(O)C(Cl)(Cl)Cl,0.52138287
ClC=C(Cl)Cl,0.27110437
CC(/C=C/C(=O)NO)=C\[C@@H](C)C(=O)c1ccc(N(C)C)cc1,0.0026124823
CN1N=C(N)c2cn([C@@H]3O[C@H](CO)[C@@H](O)[C@H]3O)c3ncnc1c23,0.00010193042
CN1N=C(N)c2cn([C@@H]3O[C@H](COP(=O)(O)O)[C@@H](O)[C@H]3O)c3ncnc1c23,1.081668e-06
CSc1nc2cc(Cl)c(Oc3cccc(Cl)c3Cl)cc2[nH]1,0.17798209
O=C(Nc1ccc(Cl)cc1)Nc1ccc(Cl)c(Cl)c1,0.6265712
Oc1cc(Cl)ccc1Oc1ccc(Cl)cc1Cl,0.8235757
CC[N+](CC)(CC)CC[C@](O)(c1ccccc1)C1CCCCC1,8.0932434e-05
NCCNCCNCCN,0.0028412014
CO/N=C(/C(=O)OC)c1ccccc1CO/N=C(\C)c1cccc(C(F)(F)F)c1,4.786961e-07
CN1CCN(CCCN2c3ccccc3Sc3ccc(C(F)(F)F)cc32)CC1,2.9203976e-08
CN(C)CCCN1c2ccccc2Sc2ccc(C(F)(F)F)cc21,1.5794853e-07
O=c1[nH]c(=O)n([C@H]2C[C@H](O)[C@@H](CO)O2)cc1C(F)(F)F,2.994653e-07
CC(=O)Oc1cc(C(F)(F)F)ccc1C(=O)O,3.5970362e-07
C[n+]1cccc(C(=O)O)c1,0.008397974
O[C@](CCN1CCCCC1)(c1ccccc1)C1CCCCC1,2.8495813e-05
CN1CCN(c2ccc(Nc3ncc4cc5n(c4n3)C3(CCCCC3)CNC5=O)nc2)CC1,0.0003787616
C[C@]12CC[C@H]3[C@@H](CC[C@@]45O[C@@H]4C(=O)[C@H](C#N)C[C@]35C)[C@@H]1CC[C@@H]2O,1.9168883e-06
FC(F)(F)c1ccccc1-n1ccnc1,4.743213e-06
CC[C@@](COC(=O)c1cc(OC)c(OC)c(OC)c1)(c1ccccc1)N(C)C,0.001698538
COc1ccc(CN2CCNCC2)c(OC)c1OC,0.0008976271
CN1C(=O)OC(C)(C)C1=O,0.0001580902
COc1cc(C(=O)NCc2ccc(OCCN(C)C)cc2)cc(OC)c1OC,0.003626336
COc1cc(Cc2cnc(N)nc2N)cc(OC)c1OC,0.020138416
COc1cc(C[C@H]2NCCc3cc(O)c(O)cc32)cc(OC)c1OC,0.003360211
C=CC(=O)OCC(CC)(COC(=O)C=C)COC(=O)C=C,3.8601753e-05
COc1cc(C(=O)N2CCOCC2)cc(OC)c1OC,0.0005376455
COc1cc(NCc2ccc3nc(N)nc(N)c3c2C)cc(OC)c1OC,0.004607991
C[C@@H](CN(C)C)CN1c2ccccc2CCc2ccccc21,0.0014823151
Cc1cc2cc3c(C)cc(=O)oc3c(C)c2o1,0.0069951946
CN(C)CCN(Cc1ccccc1)c1ccccn1,0.0044275224
Cc1ccc(/C(=C\CN2CCCC2)c2ccccn2)cc1,0.00041523797
CC(C)C(C)(C)C,0.0010018818
CC(C)[C@]12O[C@H]1[C@@H]1O[C@]13[C@]1(O[C@H]1C[C@H]1C4=C(CC[C@@]13C)C(=O)OC4)[C@@H]2O,1.4946497e-06
CC(C)C[C@H](NC(=O)[C@@H](Cc1c[nH]c2ccccc12)NC(=O)[C@H](Cc1ccc(O)cc1)NC(=O)[C@H](CO)NC(=O)[C@H](Cc1c[nH]c2ccccc12)NC(=O)[C@H](Cc1cnc[nH]1)NC(=O)[C@@H]1CCC(=O)N1)C(=O)N[C@@H](CCCNC(=N)N)C(=O)N1CCC[C@H]1C(=O)NCC(N)=O,0.00018895196
O=c1[nH]c(=O)n(Cl)c(=O)n1Cl,0.94889957
CC(C)[C@@H](CC[C@@H](C)[C@H]1CC[C@H]2[C@@H]3[C@H](O)C[C@H]4C[C@@H](NCCCNCCCCNCCCN)CC[C@]4(C)[C@H]3CC[C@]12C)OS(=O)(=O)O,3.08095e-06
NCC(=O)N1CCC[C@H]1C(=O)N[C@@H](CCC(=O)O)C(=O)O,4.5712135e-05
O=[P@]1(N(CCCl)CCCl)OCCCN1CCCl,1.9249818e-08
Cc1c(C)c2c(c(C)c1O)CC[C@](C)(COc1ccc(C[C@H]3SC(=O)NC3=O)cc1)O2,0.024280045
CO[C@H]1C[C@H](O[C@H]2[C@H](C)[C@@H](O[C@@H]3O[C@H](C)C[C@H](N(C)C)[C@H]3OC(C)=O)[C@@H](C)C[C@@]3(CO3)C(=O)[C@H](C)[C@@H](OC(C)=O)[C@@H](C)[C@@H](C)OC(=O)[C@@H]2C)O[C@@H](C)[C@@H]1OC(C)=O,0.008786352
Cc1c(C)c2c(c(C)c1O)CC[C@@](C)(C(=O)O)O2,0.0011136167
O=C(O)c1ccccc1NCCc1ccccc1,0.0040543955
NC(CO)(CO)CO,0.0005167097
Cc1cc(C)cc(C(=O)O[C@H]2C[C@H]3CC[C@@H](C2)N3C)c1,0.00081433984
COc1ccc2c(c1)c(CC(=O)OC[C@@H](C(=O)O)c1ccccc1)c(C)n2C(=O)c1ccc(Cl)cc1,0.0030002494
CCN(Cc1ccncc1)C(=O)[C@@H](CO)c1ccccc1,0.0009461651
O=C(O)c1cc(F)c2nc(N3[C@@H]4CC[C@H]3C[C@@H](OCc3c(-c5ccccc5OC(F)(F)F)noc3C3CC3)C4)sc2c1,1.8629667e-05
CN1[C@@H]2CC[C@H]1C[C@@H](OC(=O)c1c[nH]c3ccccc13)C2,0.0005765914
O=C(O[C@H]1C[C@H]2CC[C@@H](C1)[N+]21CCCC1)C(O)(c1ccccc1)c1ccccc1,8.899919e-07
N[C@@H]1[C@H]2CN(c3nc4c(cc3F)c(=O)c(C(=O)O)cn4-c3ccc(F)cc3F)C[C@@H]12,0.9733243
CCC(CO)(C(=O)OC1C[C@H]2CC[C@@H](C1)[N+]2(C)C)c1ccccc1,0.00031305783
S=C(NCCc1ccccn1)Nc1ccc(Br)cn1,0.007929355
C[C@@H]1O[C@@H](OC[C@H]2O[C@@H](Oc3c(-c4ccc(OCCO)c(OCCO)c4)oc4cc(OCCO)cc(O)c4c3=O)[C@H](O)[C@@H](O)[C@@H]2O)[C@H](O)[C@H](O)[C@H]1O,2.1244105e-05
COc1cc(C(=O)N[C@H]2CCCNC2)cc(OC)c1OC,0.0019871197
COc1ccsc1CNCC[C@@]1(c2ccccn2)CCOC2(CCCC2)C1,9.730126e-05
O=C1c2ccccc2-n2c1nc1ccccc1c2=O,0.006849494
N[C@@H](Cc1c[nH]c2ccccc12)C(=O)O,0.0009108256
[O-][N+]CNc1ccc(N2CCOCC2)c(Cl)c1,0.004967642
C/C(=C\c1ccc(C(=O)O)cc1)c1ccc2c(c1)C(C)(C)CCC2(C)C,0.01952834
Cc1ccc(-c2csc3ncnc(SCCC(=O)O)c23)cc1,0.0025710515
CCOC(=O)c1ccccc1OC(=O)CCCCCCCC(=O)Oc1ccccc1C(=O)OCC,0.00084481895
CCCCC[C@@H](C)N,0.006961353
CN1CCc2c(c3ccccc3n2Cc2ccc(C(=O)NO)cc2)C1,0.00195055
COc1cc2c3cc1Oc1cc(ccc1O)C[C@@H]1c4c(cc(OC)c(O)c4Oc4ccc(cc4)C[C@@H]3N(C)CC2)CC[N+]1(C)C,0.0030078886
Cc1cc(Nc2ncnc3ccc(NC4=NC(C)(C)CO4)cc23)ccc1Oc1ccn2ncnc2c1,0.004628745
Nc1cc(F)ccc1NC(=O)c1ccc(CNC(=O)/C=C/c2cccnc2)cc1,0.020506328
C[C@@H](O)[C@H](N)C(=O)N[C@@H](CCCCN)C(=O)N1CCC[C@H]1C(=O)N[C@@H](CCCNC(=N)N)C(=O)O,0.00018126974
N#CCc1ccccc1C#Cc1ccc(CCC(=O)O)c(F)c1,0.0008117101
Cc1ccc(-c2ccc(F)cc2COc2ccc(CCC(=O)O)cc2)cc1,0.012553458
CC(C)(C)NC[C@H](O)c1ccccc1Cl,0.0010653924
O=C1c2cc3nnn(CCc4cccc(F)c4)c(=O)c3cc2OCN1C1CC1,0.002836921
CC(C)c1ccccc1Cc1cc(C(=O)Nc2ccc(S(=O)(=O)c3ccccc3C(C)(C)C)cc2)c(O)c(O)c1O,0.75507164
Nc1cccc(-c2cc3c(Oc4cccc(O)c4)ncnc3[nH]2)c1,0.0052484153
CC[C@H](C)[C@H](NC(=O)[C@H](Cc1ccc(O)cc1)NC(=O)[C@@H](NC(=O)[C@H](CCCNC(=N)N)NC(=O)[C@@H](N)CC(=O)O)C(C)C)C(=O)N[C@@H](Cc1cnc[nH]1)C(=O)N1CCC[C@H]1C(=O)O,8.18784e-05
CC(C)(C)C(=O)C(=NNc1ccc(Cl)cc1)Nc1ccc(Cl)cc1,0.0073399837
CC[C@H]1OC(=O)C[C@@H](O)[C@H](C)[C@@H](O[C@@H]2O[C@H](C)[C@@H](O[C@H]3C[C@@](C)(O)[C@@H](O)[C@H](C)O3)[C@H](N(C)C)[C@H]2O)[C@@H](CC=O)C[C@@H](C)C(=O)/C=C/C(C)=C/[C@@H]1CO[C@@H]1O[C@H](C)[C@@H](O)[C@@H](OC)[C@H]1OC,0.00094228785
Cc1ccc(C(C)C)c(OCC2=NCCN2)c1,0.0016948733
COc1cc2ncc(-c3ccccc3)nc2cc1OC,0.0047137896
COc1cc2ncnc(Nc3cccc(Cl)c3)c2cc1OC,0.009554511
N#CC(C#N)=Cc1ccc(O)c(O)c1,0.0004271409
N#C/C(=C\c1ccc(O)c(O)c1)C(=O)Nc1ccccc1,0.0012254332
COc1cc(/C=C(\C#N)C(N)=O)cc(CSc2nc3ccccc3s2)c1O,0.00095996
C[C@H](NC(=O)/C(C#N)=C/c1ccc(O)c(O)c1)c1ccccc1,0.0011838892
CC(C)(C)c1cc(/C=C(\C#N)C(N)=S)cc(C(C)(C)C)c1O,9.977958e-05
N#C/C(=C\c1ccc(O)c(O)c1)C(N)=O,0.00066269777
CC(C)(C)c1cc(C=C(C#N)C#N)cc(C(C)(C)C)c1O,5.2903924e-05
CSC(=N)C(C#N)C(C#N)C(=N)SC,0.00014740591
N#CC(C(=N)Sc1ccccc1N)C(C#N)C(=N)Sc1ccccc1N,0.0001488033
CC(C)C(=O)c1ccc(O)c(O)c1,0.0023434032
NS(=O)(=O)c1ccc(NC(=O)Nc2ccc(F)cc2)cc1,0.009119482
CCN(CC)CCO[C@H]1CC[C@@]2(C)C(=CC[C@@H]3[C@@H]2CC[C@]2(C)C(=O)CC[C@@H]32)C1,3.8034252e-06
CN(C(=O)Cc1ccc(Cl)c(Cl)c1)[C@H]1CCCC[C@@H]1N1CCCC1,0.0005654621
CN(C(=O)c1ccc(Cl)c(Cl)c1)[C@@H]1CCCC[C@@H]1N1CCCC1,0.0017275885
C[C@H](NC(=O)[C@@H](Cc1c[nH]c2ccccc12)NC(=O)[C@@H](N)Cc1cnc[nH]1)C(=O)N[C@@H](Cc1c[nH]c2ccccc12)C(=O)N[C@H](Cc1ccccc1)C(=O)N[C@@H](CCCCN)C(N)=O,0.030752296
CCCN(CCC)C1Cc2cc(OC)c(OC)cc2C1,0.00050619856
N[C@@H](CCNCc1ccc(Cl)cc1)C(=O)N1CCCCC1,0.00017431614
CC(C)C[C@H](NC(=O)[C@@H](O)[C@H](N)Cc1ccccc1)C(=O)O,0.00070600485
N[C@@H](Cn1ccc(=O)n(Cc2ccccc2C(=O)O)c1=O)C(=O)O,0.0015646637
Cc1cn(C[C@H](N)C(=O)O)c(=O)n(Cc2ccsc2C(=O)O)c1=O,0.0012711763
Oc1c(CN2CCCC2)cc(COCc2ccccc2)c2cccnc12,0.00044994958
c1ccc(C(NCc2cccnc2)(c2ccccc2)c2ccccc2)cc1,0.39227098
CCCOc1ccc(S(=O)(=O)NCC[C@@H]2CCCN2C)cc1-c1nc2c(CCC)nn(C)c2c(=O)[nH]1,9.645018e-05
CCCCNNC(=O)c1ccc(Br)cc1,0.006597408
CCCCOC(=O)c1ccccc1Nc1cccc(C(F)(F)F)c1,3.9681555e-07
CCCN(CCC)[C@@H]1CCc2c(OC)cccc2[C@@H]1C,0.00065053254
Cc1cc(CCC[C@H](CC(=O)NO)C(=O)N[C@H](C(=O)N[C@H](C)c2ccccc2)C(C)(C)C)ccc1-c1ccccc1,0.0067412173
NC(=O)c1noc([C@H](CCCC2CCCCC2)CC(=O)NO)n1,0.0005939337
N#C/C(=C\c1cn(-c2ccccc2)c2ccccc12)C(=O)O,0.00049851596
CCOC(=O)N1CCN(C(=O)[C@H](Cc2cccc(C(=N)N)c2)NS(=O)(=O)c2c(C(C)C)cc(C(C)C)cc2C(C)C)CC1,1.0305931e-07
C[C@H]1Sc2c(C(=O)O)c(=O)c3cc(F)c(N4CCNCC4)cc3n21,0.9513908
CC(=O)O[C@]1(C(C)=O)CC[C@H]2[C@@H]3CCC4=CC(=O)CCC4=C3[C@@H](c3ccc(N(C)C)cc3)C[C@@]21C,6.621605e-05
OC(c1ccccc1)(c1ccccc1)C12CC[N+](CCOCc3ccccc3)(CC1)CC2,6.509405e-06
CN(C)CCN1C(=O)c2cccc3cc(NC(N)=O)cc(c23)C1=O,0.010312762
COc1cc2c(NC3CCN(C)CC3)nc(N3CCCN(C)CC3)nc2cc1OCCCN(C)C,0.0002699348
COc1cc2c(NC3CCN(C)CC3)nc(N3CCCN(C)CC3)nc2cc1OCCOCCN(C)C,0.00033274572
COc1cc2c(NC3CCN(CC4CCCCC4)CC3)nc(N3CCCN(C(C)C)CC3)nc2cc1OCCCN1CCCCC1,3.5069286e-07
COc1cc2c(NC3CCN(C(C)C)CC3)nc(C3CCCCC3)nc2cc1OCCCN1CCCC1,1.0360823e-05
COc1cc2c(NC3CCN(C(C)C)CC3)nc(N3CCC(F)(F)CC3)nc2cc1OCCCN1CCCC1,8.5885375e-08
COc1cc2c(NC3CCN(C4CCCCC4)CC3)nc(N3CCCN(C(C)C)CC3)nc2cc1OCCCN1CCCCC1,3.108431e-07
COc1cc2c(N(C)C3CCN(C(C)C)CC3)nc(C3CCCCC3)nc2cc1OCCCN1CCCC1,1.0352447e-05
O=C(c1ccc(C(=O)N2CCC(N3CCCC3)CC2)c(Nc2ccccc2)c1)N1CCC(N2CCCC2)CC1,8.288458e-08
CCCc1cc(C)[nH]c(=O)c1CNC(=O)c1cc(-c2ccc(N3CCN(C(C)C)CC3)nc2)cc2c1cnn2C(C)C,0.00026195546
CCCCNc1ncc2c(-c3ccc(CN4CCN(C)CC4)cc3)cn([C@H]3CC[C@H](O)CC3)c2n1,0.00033084274
CCCCNc1ncc(-c2ccc(CN3CCOCC3)cn2)c(N[C@H]2CC[C@H](O)CC2)n1,0.00025902878
O=C(NCC(=O)N1CCCCC1)Nc1ccc2nnsc2c1,0.0002824164
NC(=O)c1nc(Nc2ccccc2)sc1NC(=O)C1CCCCC1,0.0021475009
O=C(c1cncc(Br)c1)N1CCC(N2CCCC2)CC1,4.346565e-05
O=C(c1cccc(Br)c1)N1CCC(N2CCCC2)CC1,3.161528e-05
C=CCCCCCCCCC(=O)O,0.006043007
CC[C@@H]1CN(C(=O)NCC(F)(F)F)C[C@@H]1c1cnc2cnc3[nH]ccc3n12,1.0954546e-07
CCOC(=O)N1CCN(C(=O)[C@H](Cc2cccc(C(=N)NO)c2)NS(=O)(=O)c2c(C(C)C)cc(C(C)C)cc2C(C)C)CC1,7.402045e-08
O=C(COc1cccc2c(=O)[nH]ccc12)c1ccccc1,0.0033556037
CC(C)OC(=O)[C@H](C)N[P@](=O)(OC[C@H]1O[C@@H](n2ccc(=O)[nH]c2=O)[C@](C)(Cl)[C@@H]1O)Oc1ccccc1,6.621567e-06
Cn1ncc(Cl)c1-c1cc(C(=O)N[C@H](CN)Cc2ccc(F)c(F)c2)oc1Cl,0.91967684
O=c1cc[nH]c(=O)[nH]1,0.0065975455
O=c1[nH]cc(N(CCCl)CCCl)c(=O)[nH]1,0.008532757
COc1ccccc1N1CCN(CCCNc2cc(=O)n(C)c(=O)n2C)CC1,0.00024723593
NC(=O)c1cccc(-c2cccc(OC(=O)NC3CCCCC3)c2)c1,0.0019033154
NC(N)=O,0.0021882597
CCOC(N)=O,0.0013919789
O=c1[nH]c(=O)c2[nH]c(=O)[nH]c2[nH]1,0.017766254
O=c1ccn([C@@H]2O[C@H](CO)[C@@H](O)[C@H]2O)c(=O)[nH]1,0.0014153698
CC(=O)OC[C@H]1O[C@@H](n2ccc(=O)[nH]c2=O)[C@H](OC(C)=O)[C@@H]1OC(C)=O,0.00668831
O=c1ccn([C@@H]2O[C@H](COP(=O)(O)OP(=O)(O)OP(=O)(O)O)[C@@H](O)[C@H]2O)c(=O)[nH]1,1.67467e-10
CN1CCN(Cc2ccc(-c3cnc4[nH]cc(-c5ccc6[nH]ccc6c5)c4c3)cc2)CC1,0.0012524
O=c1oc2cc(O)ccc2c2ccc(O)cc12,0.0069940556
C[C@H](CCC(=O)NCCS(=O)(=O)O)[C@H]1CC[C@H]2[C@@H]3[C@@H](O)C[C@@H]4C[C@H](O)CC[C@]4(C)[C@H]3CC[C@]12C,3.5154076e-06
C[C@H](CCC(=O)O)[C@H]1CC[C@H]2[C@@H]3[C@@H](O)C[C@@H]4C[C@H](O)CC[C@]4(C)[C@H]3CC[C@]12C,2.572541e-05
C[C@H]1[C@H](C)CC[C@]2(C(=O)O)CC[C@]3(C)C(=CC[C@@H]4[C@@]5(C)CC[C@H](O)C(C)(C)[C@@H]5CC[C@]43C)[C@H]12,0.00013938703
CC(=O)c1c(O)c(C)c(O)c2c1OC1=CC(=O)C(=C(C)O)C(=O)[C@]12C,0.0011222417
COc1cc(CN2CCN(c3ccc(F)cc3)CC2)cc(OC)c1OC,0.0054241074
O=C(O)C[C@@H]1CC[C@H](NC(=O)Cc2cccs2)B(O)O1,0.0014428878
O=C(O)CNC(=O)c1ncc(-c2cccc(Cl)c2)cc1O,0.0019723948
CC(C)[C@H](N)C(=O)N[C@@H](Cc1ccc(O)cc1)C(=O)O,0.0010463549
CC(C)[C@H](N)C(=O)OCCOCn1cnc2c(=O)nc(N)[nH]c21,0.00012371362
COc1cc2c(cc1OC)[C@H]1C[C@@H](OC(=O)[C@@H](N)C(C)C)[C@H](CC(C)C)CN1CC2,2.3305172e-05
Cc1onc(-c2ccccc2)c1-c1ccc(S(N)(=O)=O)cc1,0.0024803623
CC[C@@H](C)[C@@H](C(=O)OCC[N+](C)(CC)CC)c1ccccc1,0.0011598644
CC(C)[C@H](N)C(=O)OC[C@@H](CO)OCn1cnc2c(=O)nc(N)[nH]c21,4.9722028e-05
C=C[C@]1(C)C[C@@H](OC(=O)CSC(C)(C)CNC(=O)[C@H](N)C(C)C)[C@]2(C)[C@H](C)CC[C@]3(CCC(=O)[C@H]32)[C@@H](C)[C@@H]1O,0.00012916776
CC[C@@H](C)[C@@H](CC)C(N)=O,0.0026210467
CCCC(CCC)C(=O)O,0.0011471295
CCCC(CCC)C(N)=O,0.0021251028
CCCC(CCC)C(=O)NCC(N)=O,0.0009931892
CCCCC(=O)OCC(=O)[C@]1(O)Cc2c(O)c3c(c(O)c2[C@@H](O[C@H]2C[C@H](NC(=O)C(F)(F)F)[C@H](O)[C@H](C)O2)C1)C(=O)c1c(OC)cccc1C3=O,4.6173564e-06
C/C=C/C[C@@H](C)C(=O)[C@H]1C(=O)N[C@@H](C(C)C)C(=O)N(C)CC(=O)N(C)[C@@H](CC(C)C)C(=O)N[C@@H](C(C)C)C(=O)N(C)[C@@H](CC(C)C)C(=O)N[C@@H](C)C(=O)N[C@H](C)C(=O)N(C)[C@@H](CC(C)C)C(=O)N(C)[C@@H](CC(C)C)C(=O)N(C)[C@@H](C(C)C)C(=O)N1C,3.6520746e-08
CN[C@H](CC(C)C)C(=O)N[C@H]1C(=O)N[C@@H](CC(N)=O)C(=O)N[C@H]2C(=O)N[C@H]3C(=O)N[C@H](C(=O)N[C@H](C(=O)O)c4cc(O)cc(O)c4-c4cc3ccc4O)[C@H](O)c3ccc(c(Cl)c3)Oc3cc2cc(c3O[C@@H]2O[C@H](CO)[C@@H](O)[C@H](O)[C@H]2O[C@H]2C[C@](C)(N)[C@H](O)[C@H](C)O2)Oc2ccc(cc2Cl)[C@H]1O,0.00012713089
COc1cc2c(Nc3ccc(Br)cc3F)ncnc2cc1OCC1CCN(C)CC1,0.1044332
COc1cc(C=O)ccc1O,0.004587904
COc1cc(CCC(C)=O)ccc1O,0.0060811955
CC[C@@H]1C[C@]1(NC(=O)[C@@H]1C[C@@H]2CN1C(=O)[C@H](C(C)(C)C)NC(=O)OCC(C)(C)CCCCc1cccc3c1CN(C3)C(=O)O2)C(=O)NS(=O)(=O)C1CC1,1.6455373e-06
COc1cc(C(=S)N2CCOCC2)ccc1O,0.000837275
Fc1ccc(C(OCCN2CCN(CCCc3ccccc3)CC2)c2ccc(F)cc2)cc1,0.00044349633
CCOc1noc2cc(OCCC3CCN(c4ccc(C)nn4)CC3)ccc12,0.000944149
CCCc1nc(C)c2c(=O)nc(-c3cc(S(=O)(=O)N4CCN(CC)CC4)ccc3OCC)[nH]n12,2.1064002e-06
c1cnc2cc3c(cc2n1)[C@@H]1CNC[C@H]3C1,0.0010925552
CCc1c(C(=O)C(N)=O)c2c(OCC(=O)O)cccc2n1Cc1ccccc1,0.020835577
N=C(N)NCCC[C@H](NC(=O)[C@@H]1CCCN1C(=O)[C@@H]1CSSC[C@H](N)C(=O)N[C@@H](Cc2ccc(O)cc2)C(=O)N[C@@H](Cc2ccccc2)C(=O)N[C@@H](CCC(N)=O)C(=O)N[C@@H](CC(N)=O)C(=O)N1)C(=O)NCC(N)=O,0.00015341735
Clc1ccc(Nc2nnc(Cc3ccncc3)c3ccccc23)cc1,0.04310139
CS(=O)(=O)NCCN1C(=O)NC[C@]12CCN1CCc3c(oc4ccccc34)[C@@H]1C2,7.7197996e-07
CC[C@H](NC(=O)[C@H](CS(=O)(=O)CC1CC1)N[C@@H](c1ccc(F)cc1)C(F)(F)F)C(=O)C(=O)NC1CC1,1.5579636e-07
CO[C@H]1CC[C@H](N(c2cc(C3=CCCCC3)sc2C(=O)O)C(=O)[C@H]2CC[C@H](C)CC2)CC1,0.0016901537
CS(=O)(=O)c1ccc(-c2cnc(N)c(C(=O)Nc3ccccc3)n2)cc1,0.005016235
CNCc1ccc(-c2cc(-c3nc(-c4ccc(S(=O)(=O)C(C)C)cc4)cnc3N)on2)cc1,0.000989889
NC(=O)[C@H]1CCN(c2ncnc(N)c2F)C[C@@H]1N1CCC[C@@H](Nc2cc(Cl)cc(C(F)(F)F)c2)C1=O,7.8142115e-08
CC(=O)O[C@H]1C[C@@H]2CC[C@@H]3[C@H](CC[C@@]4(C)[C@H]3C[C@H]([N+]3(C)CCCCC3)[C@@H]4OC(C)=O)[C@@]2(C)C[C@@H]1N1CCCCC1,8.845485e-07
C[C@H](C(=O)O)c1ccc(C2CCCCC2)c2ccccc12,0.00068470195
O=Cc1c(O)cccc1OCCCCC(=O)O,0.0026469913
CCC[C@@H](N(NC(=O)c1cccc(OC)c1CC)C(=O)c1cc(C)cc(C)c1)C(C)(C)C,0.0075280108
O=C(O)[C@@H](c1ccc(OCc2ccc3ccccc3n2)cc1)C1CCCC1,0.0013119553
C[C@]1(c2nc3cccc(C(N)=O)c3[nH]2)CCCN1,0.0022553264
CC(C)(C)S(=O)(=O)N[C@H]1CC[C@H](C(=O)Nc2ccc(C(F)(F)F)cn2)CC1,1.0315419e-09
COC[C@H]1C[C@@H](c2nc(-c3ccc4c(c3)COc3cc5c(ccc6[nH]c([C@@H]7CC[C@H](C)N7C(=O)[C@@H](NC(=O)OC)C(C)C)nc65)cc3-4)c[nH]2)N(C(=O)[C@H](NC(=O)OC)c2ccccc2)C1,0.0003449117
CCCS(=O)(=O)Nc1ccc(F)c(C(=O)c2c[nH]c3ncc(-c4ccc(Cl)cc4)cc23)c1F,0.25303474
CC1(C)CCC(CN2CCN(c3ccc(C(=O)NS(=O)(=O)c4ccc(NCC5CCOCC5)c([N+](=O)[O-])c4)c(Oc4cnc5[nH]ccc5c4)c3)CC2)=C(c2ccc(Cl)cc2)C1,0.0009905315
COc1ccc([C@@H](CN(C)C)C2(O)CCCCC2)cc1,0.00096215936
N#Cc1ccc(COC[C@H]2O[C@@H](n3c(NCc4ccc(Cl)c(Cl)c4)nc4c(N)ncnc43)[C@H](O)[C@@H]2O)cc1,0.0017048141
CCNC(=O)c1[nH]nc(-c2cc(Cl)c(O)cc2O)c1-c1ccc(OC)cc1,0.032661907
C=CCN1CCC[C@H]1CNC(=O)c1cc(S(N)(=O)=O)cc(OC)c1OC,1.3847616e-05
COc1ccc(CCN(C)CCCC(C#N)(c2ccc(OC)c(OC)c2)C(C)C)cc1OC,0.025495287
C[C@@H]1O[C@@H](O[C@@H]2[C@@H](O)[C@H](OCCc3ccc(O)c(O)c3)O[C@H](CO)[C@H]2OC(=O)/C=C/c2ccc(O)c(O)c2)[C@H](O)[C@H](O)[C@H]1O,6.052769e-05
CC(C)(C)c1ccc(S(=O)(=O)Nc2ccc(Cl)cc2C(=O)c2cc[n+]([O-])cc2)cc1,0.11132661
O=C(/C=C\n1cnc(-c2cc(C(F)(F)F)cc(C(F)(F)F)c2)n1)NNc1ccccn1,1.3437217e-10
CC(C)OCCn1c(=S)[nH]c(=O)c2[nH]ccc21,0.004945838
COC(=O)Nc1c(N)nc(-c2nn(Cc3ccccc3F)c3ncc(F)cc23)nc1N,0.0068592583
CC(C)(Sc1ccncc1-c1ccc(C#N)c2ccccc12)C(=O)O,0.0028291119
COc1ccc(CCO[C@@H]2CCCC[C@H]2N2CC[C@@H](O)C2)cc1OC,0.00015373484
C=CC1=C(C)c2cc3[nH]c(cc4[nH]c(cc5nc(cc1n2)C(C)=C5CCC(=O)O)c(CCC(=O)OC)c4C)[C@@]1(C)C3=CC=C(C(=O)OC)[C@H]1C(=O)OC,5.3307435e-06
CN1C(N)=N[C@](C)(c2cc(NC(=O)c3ccc(F)cn3)ccc2F)CS1(=O)=O,0.00048680123
COc1ccc(N(C)c2nc(C)nc3ccccc23)cc1,0.009138547
CC[C@H](Nc1cc(C)nc2c(-c3ccc(OC)cc3C)c(C)nn12)c1nc(C)no1,0.0029324247
O[C@@H]1CCCC[C@H]1N1CCC(c2ccccc2)CC1,4.925406e-05
COc1ccc(C(=O)N2CCN(c3ccc4c(c3)CCC(=O)N4)CC2)cc1OC,0.0003085898
O=C(O)C[C@H]1CC(c2ccccc2)=NO1,0.0009916178
COC[C@@H](c1ccc(C(F)(F)F)cc1)N1CCN(C2(C)CCN(C(=O)c3c(C)ncnc3C)CC2)C[C@@H]1C,2.1862958e-09
Nc1ncnc2c1ncn2[C@@H]1O[C@H](CO)[C@@H](O)[C@@H]1O,0.00015420817
C=C[C@@H](N)CCC(=O)O,0.0011204125
OCc1cc([C@@H](O)CNCCCCCCOCCOCc2c(Cl)cccc2Cl)ccc1O,0.0697617
N#Cc1ccc2[nH]cc(CCCCN3CCN(c4ccc5oc(C(N)=O)cc5c4)CC3)c2c1,0.000884796
N#C[C@@H]1CCCN1C(=O)CN[C@@]12C[C@@H]3C[C@@H](C[C@@](O)(C3)C1)C2,1.7032602e-06
CCOc1ccccc1OC[C@H]1CNCCO1,0.0018951504
CC[C@]1(O)C[C@@H]2C[N@@](CCc3c([nH]c4ccccc34)[C@@](C(=O)OC)(c3cc4c(cc3OC)N(C)[C@H]3[C@@](O)(C(=O)OC)[C@H](OC(C)=O)[C@]5(CC)C=CCN6CC[C@]43[C@@H]65)C2)C1,4.4505337e-09
CC[C@]12CCCN3CCc4c(n(c5ccccc45)C(=O)C1)[C@@H]32,4.8992664e-05
CC[C@]12CCCN3CCc4c(n(c5ccccc45)[C@@](O)(C(=O)OC)C1)[C@@H]32,7.4816194e-06
CC[C@]1(O)C[C@@H]2C[N@@](CCc3c([nH]c4ccccc34)[C@@](C(=O)OC)(c3cc4c(cc3OC)N(C=O)[C@H]3[C@@](O)(C(=O)OC)[C@H](OC(C)=O)[C@]5(CC)C=CCN6CC[C@]43[C@@H]65)C2)C1,5.9150915e-09
CC[C@]1(O)C[C@H]2CN(CCc3c([nH]c4ccccc34)[C@@](C(=O)OC)(c3cc4c(cc3OC)N(C)[C@H]3[C@@](O)(C(N)=O)[C@H](O)[C@]5(CC)C=CCN6CC[C@]43[C@@H]65)C2)C1,1.6613825e-08
CC[C@]12C=CCN3CC[C@@]4(c5cc([C@@]6(C(=O)OC)C[C@@H]7C[C@@H](C(C)(F)F)C[N@](CCc8c6[nH]c6ccccc86)C7)c(OC)cc5N(C)[C@H]4[C@@](O)(C(=O)OC)[C@@H]1OC(C)=O)[C@@H]32,2.8576056e-11
CCC1=C[C@@H]2C[N@](C1)Cc1c([nH]c3ccccc13)[C@@](C(=O)OC)(c1cc3c(cc1OC)N(C)[C@H]1[C@@](O)(C(=O)OC)[C@H](OC(C)=O)[C@]4(CC)C=CCN5CC[C@]31[C@@H]54)C2,5.4986113e-09
CCOC(=O)C1=C[C@]2(CC)CCCN3CCc4c(n1c1ccccc41)[C@@H]32,4.6772868e-05
NCCC[C@H](N)CC(=O)N[C@H]1CNC(=O)[C@H]([C@H]2C[C@H](O)N=C(N)N2)NC(=O)C(C=NC(N)=O)NC(=O)[C@H](CO)NC(=O)[C@H](CO)NC1=O,0.0012273536
Cc1cc(Cn2nnc3c(-c4ccco4)nc(N)nc32)ccc1N,0.0038216072
CS(=O)(=O)c1ccc(C(=O)Nc2ccc(Cl)c(-c3ccccn3)c2)c(Cl)c1,0.027232781
CC1=C(C)C(=O)C(CCCCCCCCCC[P+](c2ccccc2)(c2ccccc2)c2ccccc2)=CC1=O,0.12554112
C/C1=C2/N=C(/C=C3\N=C(/C(C)=C4/[C@@H](CCC(N)=O)[C@](C)(CC(N)=O)[C@](C)([C@@H]5N=C1[C@](C)(CCC(=O)NC[C@@H](C)OP(=O)(O)O[C@H]1[C@@H](O)[C@@H](n6cnc7cc(C)c(C)cc76)O[C@@H]1CO)[C@H]5CC(N)=O)[N]4[Co+][C]#N)[C@@](C)(CC(N)=O)[C@@H]3CCC(N)=O)C(C)(C)[C@@H]2CCC(N)=O,7.383858e-11
Cc1c(C)c2c(c(C)c1O)CC[C@@](C)(CCC[C@H](C)CCC[C@H](C)CCCC(C)C)O2,0.15520884
NC(=O)[C@@H]1CC[C@H](c2ccc(OCc3ccccc3F)cc2)N1,0.0018122627
C=CC(=O)N1CC/C(=C\c2ccc(F)c([N+](=O)[O-])c2)C(=O)/C(=C/c2ccc(F)c([N+](=O)[O-])c2)C1,0.9754008
CC(=NNc1nnc2c(n1)[nH]c1c(C)cccc12)c1ccccn1,0.0025185824
Cc1ncsc1-c1ccc(CNC(=O)[C@@H]2C[C@@H](O)CN2C(=O)[C@H](C(C)C)N2Cc3ccccc3C2=O)cc1,0.0011938735
C=C/C=C/C[C@@H](C)[C@@H](O)[C@H]1C(=O)N[C@@H](CC)C(=O)N(C)CC(=O)N(C)[C@@H](CC(C)C)C(=O)N[C@@H](C(C)C)C(=O)N(C)[C@@H](CC(C)C)C(=O)N[C@@H](C)C(=O)N[C@H](C)C(=O)N(C)[C@@H](CC(C)C)C(=O)N(C)[C@@H](CC(C)C)C(=O)N(C)[C@@H](C(C)C)C(=O)N1C,4.549691e-07
OCC(CO)N[C@H]1C[C@](O)(CO)[C@@H](O)[C@H](O)[C@H]1O,3.5297595e-05
CC[C@@H]1C(=O)N(C)c2cnc(Nc3ccc(C(=O)N[C@H]4CC[C@H](N5CCN(CC6CC6)CC5)CC4)cc3OC)nc2N1C(C)C,5.5187525e-06
COc1cccc([C@H](O)C2CCN(CCc3ccc(F)cc3)CC2)c1OC,0.0003876241
CNCc1cc(-c2ccccc2F)n(S(=O)(=O)c2cccnc2)c1,0.001346688
CCOC(=O)N[C@@H]1CC[C@@H]2[C@@H](C1)C[C@H]1C(=O)O[C@H](C)[C@H]1[C@H]2/C=C/c1ccc(-c2cccc(F)c2)cn1,0.00013637844
C[C@@H](Nc1nc(N[C@H](C)C(F)(F)F)nc(-c2cccc(Cl)n2)n1)C(F)(F)F,2.29318e-10
CN[C@H]1CN(c2ccc3c(=O)c(C(=O)O)cn(-c4nccs4)c3n2)C[C@@H]1OC,0.046649057
C[C@@H](c1ncncc1F)[C@](O)(Cn1cncn1)c1ccc(F)cc1F,0.010253954
O=C(CCCCCCC(=O)Nc1ccccc1)NO,0.006427296
Cc1ccc(Sc2ccccc2N2CCNCC2)c(C)c1,0.0033504106
CN1CC[C@@H](c2c(O)cc(O)c3c(=O)cc(-c4ccc(C(F)(F)F)cc4Cl)oc23)[C@@H]1CO,2.0461394e-07
CC(C)n1nccc1-c1ncccc1COc1cccc(O)c1C=O,0.0076792166
CCn1c(=O)c(-c2cc[nH]n2)cc2c(C)nc(N)nc21,0.00500312
O=C(O)CCc1c[nH]c2ccccc12,0.0015611553
CNC(=O)c1ccccc1Nc1cc(Nc2ccc(N3CCOCC3)cc2OC)ncc1C(F)(F)F,4.6028293e-07
CC(C)[C@](O)(c1ccc2cc(OC(F)F)c(OC(F)F)cc2c1)c1cn[nH]n1,6.5838435e-06
CN[C@H](CNC(=O)N1CCC[C@@H]([C@@H](OCCNC(=O)OC)c2cccc(Cl)c2)C1)C[C@H]1CCCOC1,3.3497072e-05
CN1CCN(c2nc3ccccc3nc2Cl)CC1,0.0018934717
CN1CCN(c2cc(-c3ccccc3)nc(N)n2)CC1,0.002253042
COc1cc(C(=O)N(CC[C@H]2CCCN2C)C/C(C)=C/c2ccccc2F)cc(OC)c1OC,0.00020557396
C[C@@H](CN1CCC(n2c(=O)[nH]c3cc(Cl)ccc32)CC1)NC(=O)c1ccc2ccccc2c1,0.0030976906
COc1ccc(CN2C(=O)C(=O)c3cc(OC(F)(F)F)ccc32)cc1,2.1270032e-05
Cc1csc(NC(=O)CSc2ccc(-c3ccccc3)nn2)n1,0.016709497
CCCCOc1ccc(C(=O)Nc2ccc(F)cc2F)cc1,0.5421616
O=C(NC1CCC1)c1ccc(C#Cc2cccc(F)c2)nc1,0.0020064542
COc1cc(NC(=O)c2ccccn2)ccc1Cl,0.012105151
O=C(Nc1ccc(S(=O)(=O)Nc2ccccc2Cl)c(Cl)c1)c1ccccn1,0.0007349975
O=C(NCCN1CCC2(CC1)C(=O)NCN2c1cccc(F)c1)c1ccc2ccccc2c1,4.8041442e-05
O=C(Nc1cccc(Cl)c1)c1ccccn1,0.011733885
O=C(Nc1ccc(Oc2ccc(Cl)cn2)c(Cl)c1)c1ccccn1,0.15068029
Cc1cc(C)c2c(N)c(C(=O)NCc3ccc(Cl)cc3)sc2n1,0.0034969419
COc1ccc(CNC(=O)c2sc3nc(C)cc(C)c3c2N)cc1,0.0046546836
O=C(Nc1cc(-c2ccccc2)nn1-c1ccccc1F)c1ccc([N+](=O)[O-])cc1,0.031366523
O=C(Nc1cc(-c2ccccc2)nn1-c1ccccc1)c1ccc([N+](=O)[O-])cc1,0.050597206
O=[N+]([O-])c1ccc2nc(COCc3nc4ccc([N+](=O)[O-])cc4[nH]3)[nH]c2c1,0.80997986
Cc1cnc(Nc2ccc(F)cc2Cl)nc1-c1c[nH]c(C(=O)N[C@H](CO)c2cccc(Cl)c2)c1,0.26555777
CC(C)(C)C#Cc1cc(N(C(=O)[C@H]2CC[C@H](C)CC2)[C@H]2CC[C@@H](O)CC2)c(C(=O)O)s1,0.00021266194
NC(=O)c1ccc(N(C(N)=O)c2c(F)cccc2F)nc1-c1ccc(F)cc1F,0.96387887
O=c1ncn2nc(Sc3ccc(F)cc3F)ccc2c1-c1c(Cl)cccc1Cl,0.92066574
CCO[C@@H]1OC(=O)C[C@@H]1NC(=O)[C@@H]1CCCN1C(=O)[C@@H](NC(=O)c1ccc(N)c(Cl)c1)C(C)(C)C,0.00018100029
COc1ccc2c(c1)[C@H](C(=O)N(Cc1ccc(N(C)C)cc1)c1ccc(C(C)C)cc1)CCC2,0.0055593676
Cn1nc(-c2ccc(C(F)(F)F)cc2)nc2c(=O)n(C)c(=O)nc1-2,8.567121e-08
CC(=O)C[C@@H](c1ccccc1)c1c(O)c2ccccc2oc1=O,0.005964647
COc1ccccc1N1CCN(CCN(C(=O)C2CCCCC2)c2ccccn2)CC1,4.114003e-05
O=C1Nc2cc(Cl)c(Cl)cc2N2CCNC[C@H]12,0.40915504
Cc1cc(C)c(N(Cc2ccccc2)S(=O)(=O)c2ccc(OCCNC(=O)c3cc4ccccc4o3)cc2)c(C(=O)NO)c1,0.0019392144
Oc1ccc(-c2nc3cc(O)cc(Br)c3o2)cc1,0.014347789
CC(C)(C)c1ccc(-c2nc3c(N4CCN(Cc5ccc6nccnc6c5)CC4)cccc3[nH]2)cc1,0.00097084226
CN(C)CCn1cc(S(=O)(=O)c2cccc(F)c2)c2cccnc21,0.000700372
N[C@@H](CC(=O)Nc1ccc(Oc2cc(F)c(F)cc2Br)cc1)C(=O)O,0.7154637
Cn1c(C#N)ccc1-c1cc(F)c2c(c1)C(C)(C)C(=O)N2,0.00079978176
O=S(=O)(NC1CCNCC1)c1cc(S(=O)(=O)c2ccccc2)ccc1C(F)(F)F,8.592876e-09
CC(C)OC(=O)C1=CN(C(=O)c2ccc(F)c(F)c2)CC(C)(C)c2c1[nH]c1ccccc21,0.2364329
c1cncc(CN2CCC(n3ncc4c(N5CCOCC5)nc(-c5ccc6[nH]ccc6c5)nc43)CC2)c1,0.0004331733
c1cc2c3c(c1)c1c(n3CCNC2)CCCC1,0.00044898747
COc1cccc(OC)c1OCCNC[C@H]1COc2ccccc2O1,0.0026641833
COC(=O)c1ccc(N2CCN(C)CC2)c(NC(=O)c2cccc(OC)c2)c1,0.004259713
Cc1ccc(-c2nn(C(C)(C)CNC(=O)c3ncccc3C)c3ncnc(N)c23)cc1,0.0092817405
COc1ccc(N(C(=O)Oc2c(C)cccc2C)c2ccnc(Nc3ccc(N4CCN(C)CC4)cc3)n2)c(OC)c1,0.0117280865
COc1cc2ncnc(Nc3ccc(O)c(Br)c3)c2cc1OC,0.011129693
COc1ccc(-n2c(SCCCN3C(=O)c4cccc5cccc(c45)C3=O)nnc2-c2ccncc2)cc1,0.012489723
O=C(NCCCCCCCCNC(=O)C(Cl)Cl)C(Cl)Cl,0.9611497
CCCC[P+](CCCC)(CCCC)Cc1ccc(NC(=O)[C@H](Cc2ccc3ccccc3c2)N/C(=N/C2CCCCC2)NC2CCCCC2)cc1,0.0024924895
CN(C)C[C@@H](O)Cn1c2ccc(Br)cc2c2cc(Br)ccc21,0.42081892
Cc1cc(-c2ccc(CC(=O)Nc3ccc(-c4cccnc4)cc3)cc2)ccn1,0.014867357
COC[C@H]1OC(=O)c2coc3c2[C@@]1(C)C1=C(C3=O)[C@@H]2CCC(=O)[C@@]2(C)C[C@H]1OC(C)=O,0.00066980254
C[C@H](NC(=O)/C(C#N)=C/c1cccc(Br)n1)c1ccccc1,0.0012317941
CCC[C@H](NC(=O)/C(C#N)=C/c1cccc(Br)n1)c1ccccc1,0.001329833
O=C(O)Cn1nnnc1-c1ccsc1,0.0015254209
CC1(C)N=C(N)N=C(N)N1OCCCOc1cc(Cl)c(Cl)cc1Cl,0.16730583
CCOC(=O)c1ccc(-c2ccc(OC(=O)N(C)Cc3cccc(-c4ccncc4)c3)cc2)cc1,0.002641541
CN(Cc1cccc(-c2ccccc2)c1)C(=O)Oc1ccc(-c2ccc(C(N)=O)cc2)cc1,0.0045164404
CCOC(=O)C(=O)Nc1cccc(OC)c1C(N)=O,0.006435809
CNC(=O)Nc1ccc(-c2nc(N3C[C@H]4CC[C@@H](C3)O4)c3cnn(C4CCC5(CC4)OCCO5)c3n2)cc1,0.00015033198
COC(=O)Nc1ccc(-c2nc(N3CCOCC3)c3cnn(C4CCN(C(=O)OC)CC4)c3n2)cc1,0.00034371868
COC(=O)Nc1ccc(-c2nc(N3CCOCC3)c3cnn(C4CCN(Cc5cccnc5)CC4)c3n2)cc1,0.0005086043
C=CC(=O)Nc1cccc(Oc2nc(Nc3ccc(N4CCN(C)CC4)cc3)ncc2Cl)c1,0.009601419
C=CC(=O)Nc1cccc(Oc2nc(Nc3ccc(N4CCN(C)CC4)cc3OC)ncc2Cl)c1,0.010965915
CCC(=O)Nc1cccc(Oc2nc(Nc3ccc(N4CCN(C)CC4)cc3OC)ncc2Cl)c1,0.0090035135
C=CC(=O)Nc1cccc(Sc2nc(Nc3ccc(N4CCN(C)CC4)cc3)ncc2Cl)c1,0.00587086
c1ccc(NCc2ccc(CNc3ccccn3)cc2)nc1,0.0066051157
FC(F)(F)c1cccc(C2=CCN(CCc3ccc4ccccc4c3)CC2)c1,3.0827204e-07
O=C(NCCNCC(O)COc1ccc(O)cc1)N1CCOCC1,0.00017018334
CCCCCCOc1nsnc1C1=CCCN(C)C1,0.002280985
O=c1c2ccccc2oc2ccccc12,0.0049613644
O=c1nc(-c2ccc(C(F)(F)F)cc2)[nH]c2c1CSCC2,3.0802047e-07
CCN(Cc1ccccc1)C(=O)Cn1c(=O)n(C)c2cnc(-c3ccccc3)nc21,0.0006933744
CCc1c(C(=O)Nc2cc(S(=O)(=O)N(CC)CC)ccc2O)[nH]c(C)c1C(C)=O,3.228306e-05
O=C1c2ccccc2C(Cc2ccncc2)(Cc2ccncc2)c2ccccc21,0.009598635
O=C(O)c1ccccc1-c1ccc(C(F)(F)F)cc1,3.9855263e-07
Cc1cccc(OC[C@@H](O)CNC(C)(C)C)c1C,0.0022470783
Cc1cccc(C)c1NC(=O)/N=C1/CCCN1C,0.0051833163
Cc1cccc(C)c1NC(=O)c1cc(S(N)(=O)=O)c(Cl)cc1O,0.0017975577
O=C(Nc1ccc(-c2ccnc(Nc3ccc(N4CCOCC4)cc3)n2)cc1)[C@@H]1CCCN1,0.001212768
CC(C)(O)c1cn(-c2ccc(-c3cc(F)c(CO)c(S(C)(=O)=O)c3)cc2F)c(C(C)(C)c2c(Cl)cccc2Cl)n1,0.00039566137
Cc1ccc(S(=O)(=O)Nc2nc3ccccc3nc2Nc2ccc3nsnc3c2)cc1,0.00089605263
CC(C)c1cc(CNc2nc(Nc3cc(C4CC4)n[nH]3)cc(N3CCN(C)CC3)n2)on1,0.0012624448
Cc1c(C(=O)N2CCOc3ccc(-c4ccc(N)nc4)cc3C2)ccc(S(C)(=O)=O)c1F,0.00011535841
COc1cc2c(Nc3ccc(Cl)c(Cl)c3F)ncnc2cc1OC[C@@H]1C[C@@H]2CN(C)C[C@@H]2C1,0.5734986
CC[C@@H](C)Nc1cc(C(=O)N[C@H]2C[C@H]3CC[C@@H](C2)N3c2ccc(C(=O)C3CC3)cn2)c(C)cc1C(N)=O,0.0002306272
CCOc1cc(C(=O)N2CCC(N3CCN(C)CC3)CC2)ccc1Nc1ncc2c(n1)N(C1CCCC1)c1ccccc1C(=O)N2C,9.6818385e-06
CCOc1cc(N2CCC(O)CC2)ccc1Nc1ncc2c(n1)N(C)c1ccccc1C(=O)N2C,0.00087316503
Cc1cccc(C)c1NC1=NCCCS1,0.002566199
Cc1cc(C(C)(C)C)cc(C)c1CC1=NCCN1,0.0023390306
O=C[C@H](O)[C@@H](O)[C@H](O)CO,0.0002782736
OCC[N+]12CN3CN(CN(C3)C1)C2,3.523775e-07
CC(C)N1CCN(c2ccc(C(=O)c3c(-c4ccc(O)cc4)sc4cc(O)ccc34)cc2)CC1,0.000446017
CC(=O)N(O)[C@@H]1c2cc(C#N)ccc2OC(C)(C)[C@H]1O,0.008263016
CC(=O)N(OCc1ccccc1)[C@@H]1c2cc(C#N)ccc2OC(C)(C)[C@H]1O,0.00865764
C[C@@H](N)[C@H]1CC[C@H](C(=O)Nc2ccncc2)CC1,0.0010258211
CC(C)c1ccc(C(=O)c2cccs2)c(SCCCCCCCCN(C)C)n1,0.05732771
Cc1c(C(=O)Nc2ccc(N3CCC(N4CCOCC4)CC3)c(C#N)c2)cnn1-c1ccc(Cl)cc1,0.00025899522
C[C@@H](N)c1ccc(C(=O)Nc2ccnc3[nH]ccc23)cc1,0.0060390523
OCc1ccc(-c2nn(Cc3ccccc3)c3ccccc23)o1,0.005652901
Cc1nc2ccc(Oc3ccc(F)cc3)cc2c(=O)n1C[C@H]1CCCN(C(C)C)C1,0.008599666
COc1ccc(C(=O)C[C@@]2(O)C(=O)Nc3c(Cl)ccc(Cl)c32)cc1,0.07296938
O=c1ccccn1CC1(O)CCN(Cc2ccccc2)CC1,0.00030032356
Cc1cccc(NC(=O)N[C@@H]2N=C(c3ccccc3)c3ccccc3N(CC(=O)c3ccccc3C)C2=O)c1,0.038323835
COCCn1c2c([n+](Cc3cnccn3)c1C)C(=O)c1ccccc1C2=O,0.03810681
Nc1ccc(C(=O)Nc2cccc(-c3nc(N4CCOCC4)c4oc5ncccc5c4n3)c2)cn1,0.0043767164
Nc1cccc(CNC(=O)c2ccc(Oc3ccc(OCc4cccc(F)c4)cc3)nc2)c1,0.011585878
Cc1c(C(=O)N(C)C2CCCCC2)sc2nc3ccc(N)cc3n12,0.0021013212
Cc1c(C(=O)NC2CCCCC2)sc2nc3ccc(N)cc3n12,0.0016353903
N#Cc1ccc(N(Cc2ccc(Br)cc2)n2cnnc2)cc1,0.0051558306
Cc1nnsc1C(=O)Nc1ccc(-n2nc(C(F)(F)F)cc2C(F)(F)F)cc1,3.1508834e-10
Cc1cc(C)c(NC(=O)N(Cc2ccc3c(c2)Cc2ccccc2-3)C2CCCCCC2)c(C)c1,0.00094320724
COc1cc2c(cc1OC)-c1cc3nc4ccccc4nc3n1C(C)(C)C2,0.0038126102
CCc1ccc2c(-c3cccc(Cl)c3)nc(=O)n(CC)c2n1,0.004305563
C[C@H](NC(=O)Cc1cc(F)cc(F)c1)C(=O)N[C@@H]1C(=O)N(C)c2ccccc2-c2ccccc21,0.3947896
Clc1cccc(Cl)c1CSc1nnc(-c2cnccn2)s1,0.011167911
COC(=O)[C@@H]1[C@H]2C[C@H]3c4[nH]c5ccccc5c4CCN3C[C@@H]2CC[C@@H]1O,3.0503654e-05
COc1ccc(CCN(C)CCc2ccc(OC)c(OC)c2)cc1OC,0.02302276
CCOC(=O)C1=C(C)NC(C)=C(C(=O)OCCN2CCCCC2)[C@@H]1c1cccc([N+](=O)[O-])c1,5.6835247e-06
CCOC(=O)c1cc2ccc(O)cc2oc1=O,0.0025102312
Cc1cccc(COc2cccc(/C=C3\C(=O)NN(c4ccccc4)C3=O)c2)c1,0.026837554
COc1cc(C(=O)NS(=O)(=O)c2ccccc2C)ccc1Cc1cn(C)c2ccc(NC(=O)OC3CCCC3)cc12,0.0052468074
Nc1ccn([C@H]2CC[C@@H](CO)O2)c(=O)n1,0.001944101
C[C@@]1(CN2CCC(n3c(=O)[nH]c4ccccc43)CC2)OCc2ccccc2-n2cccc21,0.00019457217
Cc1nc(-c2csc(NC(=N)N)n2)c[nH]1,0.0027835378
C[C@@H](C(=O)O)c1ccc2c(c1)CC(=O)c1ccccc1S2,0.002707904
CCC(=O)NO,0.0024519267
c1ccc(C(O[C@@H]2CCCN(CCc3ccc4c(c3)OCO4)C2)c2ccccc2)cc1,0.00038797955
CC(=O)N[C@H]1[C@H]([C@H](O)[C@H](O)CO)OC(C(=O)O)=C[C@@H]1NC(=N)N,0.00067832455
C=CC(=O)N1CCC([C@@H]2CCNc3c(C(N)=O)c(-c4ccc(Oc5ccccc5)cc4)nn32)CC1,0.0005300301
N=C(N)S/C=C\C(=O)O,0.0034859362
CCCOc1ccccc1-c1nc(=O)c2n[nH]nc2[nH]1,0.0017681792
COc1cc(-c2ccc(=O)[nH]n2)ccc1OC(F)F,0.00070107816
COc1ccc(CCN(C)CCCN2CCc3cc(OC)c(OC)cc3CC2=O)cc1OC,0.0013263848
Cc1cc(C)nc(NS(=O)(=O)c2ccc(NC(=S)NC(=O)COc3ccc(Br)cc3Cl)cc2)n1,0.0070508304
N#Cc1cccc([C@@H]2C=C(C(F)(F)F)NC3=C2C(=O)CCC3)c1,5.0595837e-08
O=C(O)Cc1ccc(OCCNC[C@H](O)c2ccccc2)cc1,0.0031439073
COCCNC(=O)COc1ccc(OCCNC[C@H](O)COc2ccccc2)cc1,0.0027383296
CCc1cc2c(c(CC)n1)CCC(=O)N2Cc1ccc(-c2ccccc2-c2nn[nH]n2)cc1,0.0014187997
CCN(c1ccccc1)c1cc(=NC)n(C)c(C)n1,0.003944706
C/C(=C\CNc1ncnc2nc[nH]c12)CO,0.0012276786
O=c1ncccn1[C@@H]1O[C@H](CO)[C@@H](O)[C@H]1O,0.00052121805
COc1nc(C)cnc1NS(=O)(=O)c1cccnc1-c1ccc(-c2nnco2)cc1,0.0003809504
Cc1cn([C@H]2C[C@H](N=[N+]=[N-])[C@@H](CO)O2)c(=O)[nH]c1=O,0.0018784844
C[C@H](c1cc2ccccc2s1)N(O)C(N)=O,0.006908295
CC(C)N[C@H]1CCn2c(=O)[nH]c3cccc(c32)[C@@H]1O,0.0018990592
CN(C)C/C=C(/c1ccc(Br)cc1)c1cccnc1,0.0067768693
C=CCCCCCCCCC(=O)[O][Zn][O]C(=O)CCCCCCCCC=C,0.013265826
Cc1cc(N2CCCCC2)nn2cnnc12,0.00059953076
O=C1Cc2cc(CCN3CCN(c4nsc5ccccc45)CC3)c(Cl)cc2N1,0.001173422
CCc1nc2c(C)cc(N3CCN(CC(=O)N4CC(O)C4)CC3)cn2c1N(C)c1nc(-c2ccc(F)cc2)c(C#N)s1,0.00011629678
CCCCCS(=O)(=O)CCCCCCCCCCn1c(-c2ccc(O)cc2)c(C)c2cc(O)ccc21,0.73051304
O=c1[nH]c2cc(C(F)(F)F)c(N3CCOCC3)cc2n(CP(=O)(O)O)c1=O,7.821444e-08
C[C@@H]1CN(Cc2ccc(F)cc2)CCN1C(=O)COc1ccc(Cl)cc1NC(N)=O,0.0012843852
CCOC(=O)c1ncc2[nH]c3ccc(OCc4ccccc4)cc3c2c1COC,0.0020576809
CCOC(=O)c1ncc2[nH]c3cccc(OC(C)C)c3c2c1C,0.0011864331
CC(C)(C)c1ccc(-c2nc3ccccc3[nH]2)cc1,0.01096348
Cc1ccc(OCCSc2ncccn2)c(Br)c1,0.003711163
C[C@@](O)(C(=O)Nc1ccc(S(=O)(=O)c2ccccc2)cc1)C(F)(F)F,4.691567e-07
Nc1nc(NCCc2ccc(O)cc2)nc2nc(-c3ccco3)nn12,0.0009785487
COc1cc2ncnc(Nc3ccc(Cl)cc3F)c2cc1OC,0.43264762
Cc1cc(F)c(Nc2ncnc3cc(OCc4ccccc4)ccc23)cc1O,0.09880628
Cc1ccc(NC(=O)c2cccc(N(C)C)c2)cc1NC(=O)c1ccc(O)cc1,0.005930471
CC(C)N(CCC(=O)c1ccc2ccccc2c1)Cc1ccccc1,0.0012965902
COc1cc2c(Nc3ccc(NC(=O)c4ccccc4)cc3)ncnc2cc1OCCCN1CCOCC1,0.000493797
C[C@H](CSC(=O)c1ccccc1)C(=O)N1C[C@@H](Sc2ccccc2)C[C@H]1C(=O)O,0.0013617883
c1cc(CN2CCCCC2)cc(OCCCNc2nc3ccccc3s2)c1,0.0007343321
O=P(O)(O)C(O)(Cn1ccnc1)P(=O)(O)O,1.4703966e-08
C[C@@H]1CN2c3c(cc4c(N5C(=O)OC[C@@H]5C)noc4c3F)CC3(C(=O)NC(=O)NC3=O)[C@H]2[C@H](C)O1,0.51990205
CS(=O)(=O)c1ccc(-c2cn3ccccc3n2)cc1,0.0043147905
CN(C)CCc1c[nH]c2ccc(C[C@H]3COC(=O)N3)cc12,0.0016587211
Cc1cc(CC(=O)O)n(C)c1C(=O)c1ccc(Cl)cc1,0.007844988
Cc1nn(C)c2c1C(c1cccc(Cl)c1)=NCCN2,0.0019583642
NC(N)=NC(=O)c1cnn(-c2cccc3ncccc23)c1C1CC1,0.0044421987
NS(=O)(=O)Cc1noc2ccccc12,0.0011831248
O=C(O)Cc1nn(Cc2nc3cc(C(F)(F)F)ccc3s2)c(=O)c2ccccc12,1.8272077e-07
O[C@@H](COc1cccc2ncccc12)CN1CCN([C@@H]2c3ccccc3[C@@H]3[C@H](c4ccccc42)C3(F)F)CC1,3.358471e-07
CO[C@H]1C[C@@H]2CC[C@@H](C)[C@@](O)(O2)C(=O)C(=O)N2CCCC[C@H]2C(=O)O[C@H]([C@H](C)C[C@@H]2CC[C@H](n3cnnn3)[C@H](OC)C2)CC(=O)[C@H](C)/C=C(\C)[C@@H](O)[C@@H](OC)C(=O)[C@H](C)C[C@H](C)/C=C/C=C/C=C/1C,0.00074328517
CN(C)CCOC1=Cc2ccccc2Sc2ccc(Cl)cc21,0.009396598
Nc1nc2cc(Cl)ccc2o1,0.009517665
O=C1N=C2C=CC=CN2C12Cc1ccccc1C2,0.00045182498
FC(F)c1nc2ccccc2n1-c1nc(N2CCOCC2)nc(N2CCOCC2)n1,6.550186e-05
OCCN1CCN(CC/C=C2/c3ccccc3Sc3ccc(Cl)cc32)CC1,0.000360367
C[C@@]1(O)CC[C@H]2[C@H](CC[C@@H]3[C@@H]2CC[C@]2(C)[C@@H](C(=O)Cn4cc(C#N)cn4)CC[C@@H]32)C1,5.851179e-06
O=C(CC(c1ccccc1)c1ccccc1)N1CCN(C(c2ccccc2)c2ccccc2)CC1,0.0006115268
CCNCCCNCCCCNCCCNCC,0.0035167246
BrC1C(Br)C(Br)C(Br)C(Br)C1Br,0.9863007
CCCn1c(=O)c2[nH]c(-c3ccccc3)nc2n(CCC)c1=O,0.011392028
OCCCCO,0.0033552225
O=C(/C=C/c1ccc(O)c(O)c1)O[C@@H]1C[C@](OC(=O)/C=C/c2ccc(O)c(O)c2)(C(=O)O)C[C@@H](O)[C@H]1O,0.00010283465
Cl/C=C\C[N+]12CN3CN(CN(C3)C1)C2,6.4813975e-07
c1ccc(C[C@H](c2ccccc2)N2CCCCC2)cc1,0.00061427435
Cc1ccc(Cl)c(OC[C@H](O)CNC(C)C)c1,0.0013374902
CC(=O)N1CCN(C)CC1,0.000549607
O=C1Cc2c([nH]c3ccc(Br)cc23)-c2ncccc2N1,0.013167488
OC[C@H]1NC[C@@H](O)[C@@H](O)[C@@H]1O,0.00043081865
CCn1c(=O)[nH]c2ccccc21,0.0053054495
CCN1CCCC1=O,0.00036199356
CCCCCCCCCCCCCCCC=O,0.09588913
CCCCCCCCCCCCCCCCO,0.14936438
CC(C)(C)n1nc(-c2cccc3ccccc23)c2c(N)ncnc21,0.0012248311
CCCCCCCCCCCCCCCCCCCCCCCCCCCCO,0.9603971
CCCCCCCCO,0.008542977
N=C(N=C(N)N)Nc1ccccc1,0.004245635
CCCCCCCCCCC[C@@H](N=O)c1cc(C)ccc1O,0.07307044
C[C@@H](N)[C@@H](O)c1ccccc1,0.0032654668
CC(=O)O[C@@]12CO[C@@H]1C[C@H](O)[C@@]1(C)C(=O)[C@H](O)C3=C(C)[C@@H](O)C[C@@](O)([C@@H](OC(=O)c4ccccc4)[C@H]21)C3(C)C,1.5058008e-06
CCN(CC)CCCCN1c2ccccc2Oc2ccc(Cl)cc21,0.008713274
CC[C@@]1(O)C(=O)OCc2c1cc1n(c2=O)Cc2cc3cc(O)ccc3nc2-1,0.00016713257
CCc1ccc(/C=C2/SC(=S)NC2=O)cc1,0.012810379
CCCCCCCCCCCCCC(=O)O[C@@H]1[C@@H](C)[C@@]2(O)[C@@H](C=C(CO)C[C@]3(O)C(=O)C(C)=C[C@@H]23)[C@@H]2C(C)(C)[C@]12OC(C)=O,9.045773e-05
CC(=N)NCc1cccc(CN)c1,0.004718548
CCCCC(C)(C)[C@H](O)/C=C/[C@H]1[C@H](O)CC(=O)[C@@H]1C/C=C\CCCC(=O)O,0.0008575774
CCCCCC(=O)O[C@]1(C(C)=O)CC[C@H]2[C@@H]3CCC4=CC(=O)CC[C@]4(C)[C@H]3CC[C@@]21C,1.7213277e-05
C[C@]12CC[C@@H](O)C[C@@H]1CC[C@@H]1[C@@H]2CC[C@]2(C)C(c3ccccc3)=CC[C@@H]12,3.077463e-05
C[C@@]1(O)[C@H](O)[C@@H](CO)O[C@H]1n1cnc2c(=O)nc(N)[nH]c21,0.00013153566
C[C@@]1(O)[C@H](O)[C@@H](CO)O[C@H]1n1cnc2c(NC3CCCC3)nc(Cl)nc21,7.645074e-05
CC1(C)[C@@H]2CC[C@@]1(C)[C@H](O)[C@@H]2O,0.0060660033
CC1(C)C2CC1[C@](C)(O)[C@H](O)C2,0.010999079
OCCNCCCOc1cccc(Cl)c1Cl,0.003969394
O=[N+]([O-])c1ccc(Cl)c([N+](=O)[O-])c1,0.9788867
O=[N+]([O-])c1ccc(O)c([N+](=O)[O-])c1,0.94909334
OCc1ccc(CO)o1,0.0023145392
C[C@@H]1CCC[C@H](C)N1,0.004182113
O=C1NC(=CCl)Nc2sc3c(c21)CCCC3,0.011696978
O=C(O)c1ccccc1NC(=O)C12CC3CC(CC(C3)C1)C2,6.370551e-05
O=C(O)CC[C@@H](CCCS)C(=O)O,0.00034761993
c1ccc2sc(N3CCN(Cc4ccc5c(c4)OCO5)CC3)nc2c1,0.0001759971
Nc1ccccc1S(N)(=O)=O,0.0012520524
NCCOB(c1ccccc1)c1ccccc1,0.0038848142
c1ccc2oc(C3=NCCN3)cc2c1,0.001621025
OC[C@H]1O[C@@H](n2cnc3c(NC4CCCC4)nc(Cl)nc32)[C@H](O)[C@@H]1O,9.80706e-05
Nc1nc(Cl)nc2c1ncn2[C@@H]1O[C@H](CO)[C@@H](O)[C@H]1O,9.8904944e-05
Clc1cnccn1,0.0041101966
CN1CCN(C2=Cc3ccccc3Oc3ccc(Cl)cc32)CC1,0.00494524
CN([NH2+][O-])C(=O)N[C@@H](C=O)[C@@H](O)[C@@H](O)[C@@H](O)CO,0.000192903
OC[C@H]1O[C@H](O)C[C@@H](O)[C@@H]1O,0.0005857504
CCOc1ccccc1C(=O)O,0.0039762715
CCC[C@@H](O)[C@@H](CC)CO,0.0028718645
OC[C@H]1O[C@@H](O)[C@@H](F)[C@@H](O)[C@@H]1O,3.2819236e-05
C[C@@H]1O[C@H](O)[C@@H](F)[C@H](O)[C@@H]1O,0.00015810903
O=C1C(=C(O)/C=C/c2ccc(O)cc2)C(=O)[C@@](O)([C@@H]2O[C@H](CO)[C@@H](O)[C@H](O)[C@H]2O)C(=O)[C@H]1[C@@H]1O[C@H](CO)[C@@H](O)[C@H](O)[C@H]1O,1.79739e-05
O=C(OCCO)c1ccccc1O,0.0012613558
CC(C)(O)C(=O)Nc1ccc([N+](=O)[O-])c(C(F)(F)F)c1,1.050858e-06
NC[C@@](O)(CS(=O)(=O)O)c1ccc(Cl)cc1,0.000655078
NC1=N[C@H]2CS[C@@H](CCCCC(=O)O)[C@H]2N1,0.00075358944
O=C(O)CNC(=O)c1ccccc1I,0.002158839
COc1ccc2[nH]c(I)c(CCNC(C)=O)c2c1,0.0020245537
COc1cc2c(cc1O)CC[C@@H]1[C@@H]2CC[C@]2(C)[C@@H](O)CC[C@@H]12,7.606599e-05
Cc1[nH]c2ccc(O)cc2c1CCN,0.006038412
Cc1ccc([N+](=O)[O-])cc1O,0.016465241
Cc1ncc[nH]1,0.005474649
CCCCCCCCCC[C@@H](CO)CCCCCCCC,0.29755765
CCCCCCCC/C=C\CCCCCCCC(=O)OC(CO)CO,0.011280689
O=C(O)CCC(=O)C(=O)O,0.00063231704
C=C(O)C(=O)O,0.0028275857
COc1ccc2[nH]c(-c3ccccc3)c(CCNC(C)=O)c2c1,0.00262347
O=C1Nc2ccccc2C2=N[C@@H](CN3CCN(c4ccccc4)CC3)CN12,0.0005616524
NCCc1ccccn1,0.003590324
N#C/C(=C\c1ccc(O)c(O)c1)C(=O)OCCc1cccs1,0.00035203985
O=c1cc[nH]c(=S)[nH]1,0.006790446
O=C(O)CCC/C=C\C/C=C\C/C=C\C/C=C\CCCCCO,0.005880703
CC(C)(O)CC[C@@H](O)[C@](C)(O)[C@@H]1CC[C@@]2(O)C3=CC(=O)[C@@H]4C[C@@H](O)[C@@H](O)C[C@]4(C)[C@@H]3CC[C@]12C,0.00013087734
O=C(CCCN1CCC2(CC1)C(=O)N(Cc1cccc(F)c1)CN2c1ccccc1)c1ccc(F)cc1,2.0634203e-05
Clc1cccc(/C=N/N=C/c2cccc(Cl)c2)c1,0.01902286
c1ccc2c(Cc3c[nH]c4ccccc34)c[nH]c2c1,0.0057329857
N[C@@H](C(=O)O)c1ccc(C(=O)O)c(C(=O)O)c1,0.0015656458
N[C@H](C(=O)O)c1ccc(C(=O)O)c(C(=O)O)c1,0.0017664368
O=[N+]([O-])/C=C/c1ccc2c(c1)OCO2,0.0057605742
N[C@H](C(=O)O)c1cc(O)cc(O)c1,0.0013194557
Cc1ccc(/C=C2\C(=O)[C@]3(C)CC[C@H]2C3(C)C)cc1,0.008111669
CN1[C@@H]2CC[C@H]1C[C@@H](OC(c1ccc(F)cc1)c1ccc(F)cc1)C2,0.0017243203
C[C@]12CC[C@@H](O)C[C@H]1CC[C@@H]1[C@@H]2CC[C@]2(C)C(=O)CC[C@@H]12,8.634883e-06
NC(=O)c1cccc(N)c1,0.0043367883
OCCCNc1ccccc1,0.0031403226
C=CCN1CCN(c2nc3ccccc3nc2C#N)CC1,6.397545e-05
O=[N+]([O-])c1cccc2c(Br)[nH]nc12,0.28277832
CC1(C)[C@H]2CC[C@@]1(C)C(=O)[C@H]2Br,0.0010472938
O=C(O)C(O)=CBr,0.023325335
N[C@@H](C(=O)O)c1ccc(O)c(C(=O)O)c1,0.0013890881
N[C@H](C(=O)O)c1ccc(O)c(C(=O)O)c1,0.0015817282
Nc1nccc2c1ncn2[C@@H]1O[C@H](CO)[C@@H](O)[C@@H]1O,0.00034322817
Nc1nccc2c1ncn2[C@@H]1C=C(CO)[C@@H](O)[C@H]1O,0.00024485672
O=c1cc(O)ccn1[C@H]1O[C@H](CO)[C@@H](O)[C@@H]1O,0.00064933946
CC[C@@](O)(CC(N)=O)c1ccccc1,0.0043517207
O=C(O)CCCc1c[nH]c2ccccc12,0.0019023899
Cc1cc(C(=O)O)sc1[C@@H](N)C(=O)O,0.0012528666
C[C@@H](CN)CC(=O)O,0.0019689735
Cn1cnc(=N)c2[nH]cnc21,0.0017894044
COc1ccccc1N1CCN(CCn2c(=O)[nH]c3c([nH]c4ccccc43)c2=O)CC1,0.0007843729
O=C(/C=C/c1cccnc1)c1ccncc1,0.0050001964
Clc1ccc(C(c2ccc(Cl)cc2)C(Cl)(Cl)Cl)cc1,0.0042515295
C1CCC2(CC1)CCNCC2,4.4982397e-05
Brc1c(Br)c(Br)c2n[nH]nc2c1Br,0.8849256
NCc1ccc(C(=O)O)cc1,0.003230626
O=C(c1ccc(F)cc1)C1CCN(CCCCc2ccccc2)CC1,0.0004587307
CC(=O)N1CC[N+](C)(C)CC1,0.00096253946
Nc1ccc(C(=O)NCC(=O)O)cc1,0.0024335368
N[C@@H](C(=O)O)c1ccc(C(=O)O)c(O)c1,0.0010433884
N[C@H](C(=O)O)c1ccc(C(=O)O)c(O)c1,0.001184372
N=C(N)Nc1ccc(Cl)cc1,0.013397285
CC(C)[C@@H](C(=O)Nc1nccs1)c1ccc(Cl)cc1,0.004789311
C[N+]1(C)CCC(OC(=O)C(c2ccccc2)c2ccccc2)CC1,0.0068526412
OC[C@H]1O[C@@H](O[C@@H]2[C@H](O)[C@@H](O)[C@H](O[C@H]3[C@H](O)[C@@H](O)[C@H](O)O[C@@H]3CO)O[C@@H]2CO)[C@H](O)[C@@H](O)[C@H]1O,5.589724e-07
O=c1nc[nH]c2ccccc12,0.0051370687
Cc1c(O)c(=O)n(-c2ccccc2)n1C,0.0094793225
O=C(NC1CCN(Cc2ccccc2)CC1)c1ccc(I)cc1,0.00045653107
N[C@H](Cc1ccc(I)cc1)C(=O)O,0.00148729
Ic1cc(-c2ccccc2)ncn1,0.0044291057
COc1ccc(-c2coc3cc(O)cc(O)c3c2=O)cc1,0.010426507
Cc1nc[nH]c1CCN,0.0055475514
Cc1cc(=O)oc2c(C=O)c(O)ccc12,0.010573043
CCC(=O)N[C@@H]1Cc2ccccc2[C@H](c2ccccc2)C1,0.0010858529
O=S(=O)(O)c1ccc(O)cc1,0.00076581683
c1ccc([C@@H]2CNCc3ccccc32)cc1,0.001373889
c1ccc(CCCCN2CCC(c3ccccc3)CC2)cc1,0.0003247131
CCCc1ccc(C(=O)O)cc1,0.004235992
N#Cc1ccncn1,0.0019786148
CC(C)(C)c1ccc(O)cc1,0.0058498136
NS(=O)(=O)c1ccc2c(c1)[C@H]1C=CC[C@@H]1[C@@H](c1ccc(Br)cc1)N2,0.00048946694
O=C(O)C(Cc1ccccc1[N+](=O)[O-])=NNc1nc(-c2ccc(Cl)c(Cl)c2)cs1,0.588659
O=C(O)c1ccc(N2C(=O)/C(=C/c3ccc(-c4ccc([N+](=O)[O-])cc4)o3)C=C2c2ccccc2)cc1,0.012609629
Cn1cc(-c2ccc(S(=O)(=O)n3ccc(/C=C/C(=O)Nc4ccccc4N)c3)cc2)cn1,0.008491889
O[C@@H]1[C@H](O)[C@@H](CCl)O[C@H]1n1cnc2c(N[C@H]3C[C@@H]4CC[C@H]3C4)ncnc21,6.341669e-05
O=C(O)c1cc(=O)c2c(Cl)cc(Cl)cc2[nH]1,0.5615564
CCn1c(-c2ccc(Cl)cc2)n[nH]c1=O,0.008079081
Nc1nc(=O)c2sc(=O)n([C@@H]3O[C@H](CO)[C@@H](O)[C@H]3O)c2[nH]1,0.00067561166
NCC(=O)CCC(=O)O,0.00051353464
O=C1CN=C(c2cccc(Br)c2)c2oc3ccccc3c2N1,0.0063669034
NCCc1c[nH]c2ccc(C(N)=O)cc12,0.0037281143
OCc1cncc(F)c1,0.0069719083
Fc1cncnc1,0.005645524
O=c1[nH]cc(F)c(=O)[nH]1,0.42432636
O=c1ncc(F)c[nH]1,0.03217447
O=Cc1ccc(CO)o1,0.0046534003
CCCCC[C@@H](O)CCCC(=O)O,0.0028089976
CC1=NC[C@H](O)[C@@H](C(=O)O)N1,0.001106942
CC(C)N(CC[C@H](c1ccccc1)c1cc(CO)ccc1O)C(C)C,0.00093228463
N[C@@H](Cc1c[nH]c2ccc(O)cc12)C(=O)O,0.00086134946
Ic1cncc(OC[C@@H]2CCN2)c1,0.0015211225
Cc1ccc(C[N+](C)(C)C)o1,0.0051485985
C[C@H]1NC(=O)NC1=O,0.00181476
C[C@@H]1NC(=O)NC1=O,0.001921752
CCCCCCCC(=O)c1ccc(O)c(C(=O)O)c1,0.014465733
CC(=O)O[C@]1(C(C)=O)CC[C@H]2[C@@H]3C=CC4=CC(=O)CC[C@]4(C)[C@H]3CC[C@@]21C,9.015445e-05
Nc1cc2c3ccccc3ccc2c2ccccc12,0.0061705913
CC1(C)S[C@@H]2[C@H](N)C(=O)N2[C@H]1C(=O)O,0.004974159
c1ccc(CNc2ncnc3nc[nH]c23)cc1,0.0026709626
COc1cc2c(CCNC(C)=O)c[nH]c2cc1Cl,0.0031233933
N#[N+]CC(=O)CC[C@H](N)C(=O)O,0.00011242304
CCCCCCCCC(=O)NCc1cc(OC)c(O)cc1I,0.013161875
O=C1c2ccccc2NC2=CCCCCN12,0.0025099516
CC(=O)OCC1=C(C(=O)O)N2C(=O)[C@@H](N)[C@H]2SC1,0.00414948
O=C(O)c1cc(=O)c2ccc(Cl)cc2[nH]1,0.03222142
CCCN(CCC)[C@H]1CCc2ccc(O)cc2C1,0.00021614862
CCCN(C/C=C/I)[C@H]1CCc2ccc(O)cc2C1,0.00014249652
CN[C@@H]1C[C@H]2O[C@@](C)([C@@H]1OC)n1c3ccccc3c3c4c(c5c6ccccc6n2c5c31)C(=O)N[C@H]4O,0.0190495
CC(=O)O[C@H]1CC[C@@]2(C)C(=CC(=O)[C@@H]3[C@@H]2CC[C@]2(C)C(=O)CC[C@@H]32)C1,8.2414284e-05
COc1ccc2nc3c(c(N)c2c1)CCCC3,0.002551627
Cn1cnc2[nH]c(=O)[nH]c(=O)c21,0.00392874
O=[N+]([O-])c1cccc2c[nH]nc12,0.07464316
Nc1ncnc2c1nc(Br)n2[C@@H]1O[C@@H]2CO[P@@](=O)(O)O[C@H]2[C@H]1O,1.1777448e-06
Nc1nc(=O)c2nc(Br)n([C@@H]3O[C@@H]4CO[P@@](=O)(O)O[C@H]4[C@H]3O)c2[nH]1,1.3001519e-06
CCCN(CCC)[C@H]1CCc2cccc(O)c2C1,0.00023371004
CCCN(C/C=C/I)[C@H]1CCc2cccc(O)c2C1,0.00015455735
CCC(=O)N[C@H]1CCc2cccc(OC)c2C1,0.0012898466
Cc1oc(=O)oc1CCl,0.0058853324
Nc1c2ccccc2nc2ccccc12,0.0058707264
CC[C@@]1(O)C(=O)OCc2c1cc1n(c2=O)Cc2cc3c(N)cccc3nc2-1,0.00020523592
O=C(O)c1c2ccccc2cc2ccccc12,0.008041125
