smiles,label
CN1CCc2cccc3c2[C@H]1Cc1ccc(O)c(O)c1-3,0.029607432
COc1ccc([C@@H]2CNC(=O)C2)cc1OC1CCCC1,0.003849323
NC[C@H](CC(=O)O)c1ccc(Cl)cc1,0.0040825056
COc1ccc([C@H]2CNC(=O)C2)cc1OC1CCCC1,0.0038668574
CC(C)C[C@H](NC(=O)CN(C)C(=O)[C@H](Cc1ccccc1)NC(=O)[C@H](Cc1ccccc1)NC(=O)[C@H](CCC(N)=O)NC(=O)[C@H](CCC(N)=O)NC(=O)[C@@H]1CCCN1C(=O)[C@H](CCCCN)NC(=O)[C@@H]1CCCN1C(=O)[C@@H](N)CCCNC(=N)N)C(=O)N[C@@H](CCS(C)(=O)=O)C(N)=O,0.0015224316
COc1ccc2c(NC(=O)Nc3cccc(C(F)(F)F)n3)ccnc2c1,0.44803318
O=C(O)c1ccccc1NC(=O)N1CCC(c2ccccc2C(F)(F)F)CC1,0.02838213
O=C(O)c1cc(C(=O)O)c(C(=O)N(Cc2cccc(Oc3ccccc3)c2)[C@H]2CCCc3ccccc32)cc1C(=O)O,0.2601652
CC(=O)N[C@@H]1N=C(c2ccccc2)c2ccccc2NC1=O,0.011120462
COc1cc2c(cc1OCCCN1CCCC1)N=C(N)C21CCC1,0.0022642121
Cc1ccc(N2CCN(Cc3nc4ccccc4[nH]3)CC2)cc1C,0.117866755
Cc1cccc(NC(=O)CN2CCC(c3ccccn3)CC2)c1,0.009065955
Clc1cccc(-c2nnnn2Cc2cccnc2)c1Cl,0.07066208
CNC(=O)Nc1ccc2c(c1)CC[C@@]21OC(=O)N(CC(=O)N(Cc2ccc(F)cc2)[C@@H](C)C(F)(F)F)C1=O,0.026399087
CN1C[C@@H]2CN(c3ccc(-c4ccccc4)nn3)C[C@@H]2C1,0.0074427943
CS(=O)(=O)Nc1c(O)ccc2c1CCC[C@@H]2C1=NCCN1,0.0017035607
Cc1[nH]nc2ccc(-c3cncc(OC[C@@H](N)Cc4ccccc4)c3)cc12,0.45199162
NCCCCCCCCCCNS(=O)(=O)c1cccc2c(Cl)cccc12,0.072421186
N#Cc1c(O)c2c(-c3ccc(-c4ccccc4O)cc3)csc2[nH]c1=O,0.9675715
O=C(Nc1ccc(S(=O)(=O)C(F)(F)F)cc1)C1=CCN(c2ncccc2C(F)(F)F)CC1,0.011480582
COc1cc(NC(=O)c2ccc(-c3ccc(Cl)cc3)o2)cc(OC)c1,0.062172234
C[C@H](N/C(=N\c1cccc2ncccc12)NC#N)c1ccccc1,0.032420546
Clc1cccc(-n2nnnc2NCc2ccccc2Oc2ccccn2)c1Cl,0.12284616
CCC(=O)c1cc(-c2ccc(Cl)cc2)n(-c2ccc(S(N)(=O)=O)cc2)c1C,0.01145009
CCCCOc1ccc(-c2cncc(C(=O)NCc3cccnc3N3CCOCC3)c2)cc1Cl,0.27499756
O=C(Nc1ccccc1)Nc1ccc(-c2ccc(C(=O)[C@@H]3CCC[C@H]3C(=O)O)cc2)cc1,0.009965126
CNC(=O)c1cccc(NC(=O)N2CCC(Oc3ccccc3Cl)CC2)c1,0.019379577
CCC(=N\O)/C(C)=C/c1ccc(F)cc1,0.21570954
Nc1nc2c(c(N3CCNCC3)n1)CCC1=C2[C@@H]2CCCC[C@@H]2O1,0.0076938807
CCOC(=O)Nc1ccc(NCc2c(C)cc(C)cc2C)cc1N,0.39320746
C[n+]1ccn(C[C@@]2(C)[C@H](C(=O)O)N3C(=O)C[C@H]3S2(=O)=O)n1,0.26763153
CC[C@@H](C)NS(=O)(=O)c1ccc(F)c(C(=O)Nc2ccc(F)c(F)c2)c1,0.35150415
Nc1nc(NC2CC2)c2ncn([C@H]3C=C[C@@H](CO)C3)c2n1,0.003956871
Cc1ccc(Oc2ccccc2-c2csc(NC3=NCCCN3)n2)c(C)c1,0.064018786
CO[C@H]1C[C@H](O[C@H]2[C@H](C)O[C@@H](O[C@@H]3/C(C)=C/C[C@@H]4C[C@@H](C[C@]5(C=C[C@H](C)[C@@H](C(C)C)O5)O4)OC(=O)[C@@H]4C=C(C)[C@@H](O)[C@H]5OC/C(=C\C=C\[C@@H]3C)[C@]54O)C[C@@H]2OC)O[C@@H](C)[C@@H]1O,0.32945517
Cc1ccc(-c2ccc(C)cn2)nc1,0.028243477
CC(=O)N[C@H](Cc1ccc2ccccc2c1)C(=O)N[C@H](Cc1ccc(Cl)cc1)C(=O)N[C@H](Cc1cccnc1)C(=O)N[C@@H](CO)C(=O)N(C)[C@@H](Cc1ccc(O)cc1)C(=O)N[C@H](CC(N)=O)C(=O)N[C@@H](CC(C)C)C(=O)N[C@@H](CCCCNC(C)C)C(=O)N1CCC[C@H]1C(=O)N[C@H](C)C(N)=O,0.7832911
CCNC(=O)c1cc2c(-c3cc(C(C)(C)O)ccc3Oc3c(C)cc(F)cc3C)cn(C)c(O)c-2n1,0.7110993
O=C(NCc1ccncc1)[C@@]12C[C@H]3C[C@@H](C1)C[C@](c1ccc(Cl)cc1)(C3)C2,0.009525098
CCN1CCN(Cc2ccc(Nc3ncc(F)c(-c4cc(F)c5nc(C)n(C(C)C)c5c4)n3)nc2)CC1,0.7347907
C[C@]12CC[C@H](O)CC1=CC[C@@H]1[C@@H]2CC[C@]2(C)C(c3cccnc3)=CC[C@@H]12,0.044806883
CC(=O)O[C@H]1CC[C@@]2(C)C(=CC[C@@H]3[C@@H]2CC[C@]2(C)C(c4cccnc4)=CC[C@@H]32)C1,0.06915914
COc1c(/C=C/c2ccc(NS(C)(=O)=O)cc2)cc(-n2ccc(=O)[nH]c2=O)cc1C(C)(C)C,0.33381027
N[C@H]1CCN(c2cccnc2)C1,0.008699167
C[C@@H]1CCCN1CCc1cc2cc(-c3ccc(C#N)cc3)ccc2o1,0.012022911
C#Cc1cccc2c1c(C(=O)c1ccc(Cn3c(C)nc4cnccc43)c(F)c1)cn2C(=O)N(C)C,0.6060609
O=C(c1cc(S(=O)(=O)Nc2ccccc2F)c(F)cc1Cl)N1CCN2CCC[C@@H]2C1,0.22281979
Nc1ncnc2nc(-c3ccc(N4CCOCC4)nc3)cc(-c3cccc(Br)c3)c12,0.045588702
c1ccc(N2CCN(Cc3nc4ccccc4[nH]3)CC2)nc1,0.01849632
CN(C)CC[C@H](CSc1ccccc1)Nc1ccc(S(=O)(=O)NC(=O)c2ccc(N3CCN(Cc4ccccc4-c4ccc(Cl)cc4)CC3)cc2)cc1[N+](=O)[O-],0.7639758
COc1ccc(S(=O)(=O)Nc2cccnc2Nc2ccc(O)cc2)cc1,0.008290441
O=C(OC(C(F)(F)F)C(F)(F)F)N1CCN(Cc2ccc(C(F)(F)F)cc2N2CCCC2)CC1,0.97370964
FC(F)(F)Oc1ccc(Nc2ccc3cccc(Cl)c3n2)cc1,0.29267088
Oc1ccc(C2(c3ccccc3F)CCC(F)(F)CC2)cc1,0.004638309
CCCCOCCOc1nc(-c2ccc(C(=O)O)c(F)c2)sc1C,0.05653506
C/C(=N\NC(=O)[C@@H]1C(=O)NC[C@H]1c1ccccc1)c1cccc(Br)c1,0.14971814
C/C(=N\NC(=O)[C@@H](NC(=O)c1ccccc1)c1n[nH]c(=O)c2ccccc12)c1cccc(Br)c1,0.83368796
CCCCCCCCc1ccc(-c2ccc(C(=O)O)cc2)cc1,0.28361872
CCN1C(C)(C)CC(Oc2ccc(C(=O)Nc3ccc(NC(=O)Nc4cc(C(C)(C)C)on4)cc3)nc2)CC1(C)C,0.4752166
CN(C)CC[C@@]1(c2ccc(Cl)cc2)Cc2ccccc2C(=O)O1,0.0042048967
NC(=O)c1ncn([C@@H]2O[C@H](CO)[C@@H](O)[C@H]2O)c1N,0.0033771805
CC#CC(=O)N1CCC[C@H]1c1nc(-c2ccc(C(=O)Nc3ccccn3)cc2)c2c(N)nccn12,0.023951603
C[C@H](Nc1ncnc2nc[nH]c12)c1nc2ccc(F)cc2c(=O)n1-c1ccccc1,0.081315555
CC(=O)NCCCS(=O)(=O)O,0.0011260632
C[C@H]1O[C@H](O[C@H]2[C@H](O)[C@@H](O)[C@@H](O[C@H]3[C@H](O)[C@@H](O)[C@H](O)O[C@@H]3CO)O[C@@H]2CO)[C@H](O)[C@@H](O)[C@@H]1N[C@H]1C=C(CO)[C@@H](O)[C@H](O)[C@H]1O,0.0075298883
CN(C)c1nc(N)c(C(=O)Nc2cccnc2)nc1Cl,0.006919657
O=C(O)c1ccc(CN2C[C@@H]3C[C@H]2CN3Cc2ccc(Oc3ccc(-c4ncco4)cc3)cc2)cc1,0.055286404
CCCC(=O)Nc1ccc(OCC(O)CNC(C)C)c(C(C)=O)c1,0.0031669196
CCN(CC)CCNC(=O)c1ccc(NC(C)=O)cc1,0.0032976747
CC(=O)O[C@H]1CN2CCC1CC2,0.0028532082
O=C(O)COC(=O)Cc1ccccc1Nc1c(Cl)cccc1Cl,0.14890248
CC(=O)Nc1ccc(S(=O)(=O)c2ccc(NC(C)=O)cc2)cc1,0.0028130088
CC(=O)Nc1ccc(C(=O)O)cc1,0.003199135
Cn1c(=O)c2c(ncn2CC(=O)O)n(C)c1=O,0.0034226193
CC(=O)N[C@@H](CCC(N)=O)C(=O)O,0.0014736454
C[C@H](N[P@@](=O)(OC[C@H]1O[C@@H](n2ccc(N)nc2=O)C(F)(F)[C@@H]1O)Oc1ccccc1)C(=O)OCc1ccccc1,0.0018431303
COc1ccc2c(c1)c(CC(=O)OCC(=O)O)c(C)n2C(=O)c1ccc(Cl)cc1,0.007079304
CC(=O)N[C@H]1[C@H]([C@H](O)[C@H](O)CO)O[C@](O)(C(=O)O)C[C@@H]1O,0.0010288223
CC(=O)C[C@@H](c1ccc([N+](=O)[O-])cc1)c1c(O)c2ccccc2oc1=O,0.034803115
CC(=O)c1ccc2c(c1)N(CCCN(C)C)c1ccccc1S2,0.12387008
CC1=CC(=O)NS(=O)(=O)O1,0.0011285422
CC(=O)Nc1ccccc1,0.0066237403
CC(=O)Nc1cc([As](=O)(O)O)ccc1O,0.00075850124
CC(=O)Nc1nnc(S(N)(=O)=O)s1,0.0008032879
CC(=O)c1ccc(S(=O)(=O)NC(=O)NC2CCCCC2)cc1,0.0023097554
CC(=O)NO,0.0043482385
CC(=O)c1ccc2c(c1)N(CCCN1CCN(CCO)CC1)c1ccccc1S2,0.032123826
CC(=O)Nc1c(I)cc(I)c(C(=O)O)c1I,0.016107092
CC(=O)N[C@@H](CSC/C=C(\C)CC/C=C(\C)CCC=C(C)C)C(=O)O,0.14963579
CC(=O)N[C@@H](CC(C)C)C(=O)O,0.0046969475
CC(=O)O[C@@H]1CC[C@@]2(C)[C@@H](CC[C@]3(C)[C@H]2C(=O)C=C2[C@@H]4[C@@H](C)[C@H](C)CC[C@]4(C)CC[C@]23C)[C@@]1(C)C(=O)O,0.00430773
CC(=O)OCC[N+](C)(C)C,0.0022751302
CC(=O)N[C@@H](CS)C(=O)O,0.008418592
CC(=O)Oc1ccccc1C(=O)Oc1ccccc1C(=O)O,0.0065973834
CO[C@@H]1[C@@H](O[C@@H]2O[C@H](C)[C@@H](O[C@H]3C[C@@](C)(O)[C@@H](O)[C@H](C)O3)[C@H](N(C)C)[C@H]2O)[C@@H](CC=O)C[C@@H](C)[C@@H](O[C@H]2CC[C@H](N(C)C)[C@@H](C)O2)/C=C/C=C/C[C@@H](C)OC(=O)C[C@H]1OC(C)=O,0.52951163
CC(=O)NCCCCCC(=O)O,0.001482853
C[C@@]1(c2ccccc2)OC(C(=O)O)=CC1=O,0.0023086173
Cc1cnc(C(=O)O)c[n+]1[O-],0.059772853
O=C(O)C(=O)Nc1cccc(-c2nn[nH]n2)c1,0.0025400827
COc1cc(C)c(/C=C/C(C)=C/C=C/C(C)=C/C(=O)O)c(C)c1C,0.10225014
N[C@@H](C(=O)O)[C@@H]1CC(Cl)=NO1,0.03044033
CC[C@@]1(O)C[C@H](O[C@H]2C[C@H](N(C)C)[C@H](O[C@H]3C[C@H](O)[C@H](O[C@H]4CCC(=O)[C@H](C)O4)[C@H](C)O3)[C@H](C)O2)c2c(cc3c(c2O)C(=O)c2c(O)cccc2C3=O)[C@H]1C(=O)OC,0.9192187
O=C(O[C@H]1C[N+]2(CCCOc3ccccc3)CCC1CC2)C(O)(c1cccs1)c1cccs1,0.0086832475
CC1=C(c2ccc(O)cc2)[C@H](c2ccc(OCCN3CCCCC3)cc2)Oc2cc(O)ccc21,0.11140607
CC1(C)OB(O)c2cc(NC(=O)c3ccc(F)cc3C(F)(F)F)ccc21,0.16974825
NC1(C(=O)O)CC1,0.0014666924
C[n+]1c2cc(N)ccc2cc2ccc(N)cc21,0.20908098
CCCCCCc1ccc(O)cc1O,0.046673395
Cc1ccc(/C(=C\CN2CCCC2)c2cccc(/C=C/C(=O)O)n2)cc1,0.14567691
C=CC(=O)O,0.0038866412
NS(=O)(=O)Nc1ncnc(OCCOc2ncc(Br)cn2)c1-c1ccc(Br)cc1,0.00039908412
COc1ccc(S(=O)(=O)N2CCC[C@H]2C(=O)Nc2cc(C)cc(C)c2)cc1,0.0045021223
CC(=O)Nc1ccc(CC(=O)O)cc1,0.0034482367
COCc1c(-c2ccc(NC(=O)Nc3cc(C(F)(F)F)ccc3F)c(F)c2)c2c(N)ncnn2c1CN1CCOCC1,0.80103624
Cc1c2oc3c(C)ccc(C(=O)N[C@@H]4C(=O)N[C@@H](C(C)C)C(=O)N5CCC[C@H]5C(=O)N(C)CC(=O)N(C)[C@@H](C(C)C)C(=O)O[C@@H]4C)c3nc-2c(C(=O)N[C@@H]2C(=O)N[C@@H](C(C)C)C(=O)N3CCC[C@H]3C(=O)N(C)CC(=O)N(C)[C@@H](C(C)C)C(=O)O[C@@H]2C)c(N)c1=O,0.97920793
CCOc1ccc(S(=O)(=O)O)c2cccnc12,0.003126101
Cc1ccc(C(=O)NC2CC2)cc1-n1ncc(C(=O)c2cccc(C#N)c2)c1N,0.0076299068
O=C(CCCCCCNC(=O)c1cnc(N(c2ccccc2)c2ccccc2)nc1)NO,0.009234684
Nc1nc(=O)c2ncn(COCCO)c2[nH]1,0.0042845183
CCCCCCCCCCCCCCCCCC[S+](CCC)c1ccccc1C(=O)OCC,0.9052381
CCCCC1CCN(CCCN2C(=O)COc3cc(F)ccc32)CC1,0.017930917
CC(C)c1cccc2c1O[C@H](C(C)C)C(=S)N2CC(=O)O,0.007997658
COc1ccc(-c2ccc3cc(C(=O)O)ccc3c2)cc1C12CC3CC(CC(C3)C1)C2,0.18384549
O=P(O)(O)OC[C@H]1O[C@H](O)[C@H](O)[C@@H](O)[C@@H]1O,0.00014798669
C[C@@H](N)C(=O)N[C@@H](CO)C(=O)N[C@H](C(=O)N[C@H](C(=O)N[C@H](C(=O)N[C@@H](CC(N)=O)C(=O)N[C@@H](Cc1ccc(O)cc1)C(=O)N[C@H](C(N)=O)[C@@H](C)O)[C@@H](C)O)[C@@H](C)O)[C@@H](C)O,0.60608
O=C(O)/C=C/c1ccc(-c2ccc(O)c(C34CC5CC(CC(C5)C3)C4)c2)cc1,0.113100864
O=C(NCCN1CCN(c2ncccn2)CC1)C12CC3CC(CC(C3)C1)C2,0.0020476591
CC(C)CC(=O)Nc1cncc(-c2ccc3[nH]nc(-c4nc5cncc(-c6cccc(F)c6)c5[nH]4)c3c2)c1,0.4075893
O=c1[nH]c(N2CCOCC2)cn1-c1ccc(Cl)cc1,0.038871992
Nc1ncnc2c1ncn2CCOCP(=O)(O)O,0.0004961161
CC(C)(C)C(=O)OCOP(=O)(COCCn1cnc2c(N)ncnc21)OCOC(=O)C(C)(C)C,2.3577159e-05
O=C(CCCCCCCC(=O)NCCO)NCCO,0.001085603
C[S+](CC[C@H](N)C(=O)O)C[C@H]1O[C@@H](n2cnc3c(N)ncnc32)[C@H](O)[C@@H]1O,0.0010572824
Nc1ncnc2nc[nH]c12,0.0045756167
Nc1ncnc2c1ncn2[C@@H]1O[C@H](CO)[C@@H](O)[C@H]1O,0.0022443922
Nc1ncnc2c1ncn2[C@@H]1O[C@H](COP(=O)(O)O)[C@@H](O)[C@H]1O,0.00013111204
Nc1ncnc2c1ncn2[C@@H]1O[C@H](COP(=O)(O)OP(=O)(O)OP(=O)(O)O)[C@@H](O)[C@H]1O,4.6153392e-07
CCN(CC)CCOC(=O)C(c1ccccc1)c1ccccc1,0.0066060987
O=C(O)CCCCC(=O)O,0.00076019525
O=C(COc1ccc(C(=O)c2ccccc2)cc1)NC1CCN(Cc2ccccc2)CC1,0.021605847
CCN(CC)C(=O)c1ccc(C2=CC3(CCNCC3)Oc3cccc(O)c32)cc1,0.017302552
Cc1cc(O[C@@H](CCC(F)(F)F)c2ccc(C(=O)NCCC(=O)O)cc2)cc(C)c1-c1ccc(C(C)(C)C)cc1,0.39240596
Fc1ccc(-c2cncc(CN3CCN(c4cccc5c4OCCO5)CC3)c2)cc1,0.03535858
O=C(C[S@@](=O)C(c1ccccc1)c1ccccc1)NO,0.05093615
CNCC(=O)c1ccc(O)c(O)c1,0.0035893896
C[C@]12CCC(=O)C=C1CC[C@@H]1[C@@H]2C(=O)C[C@]2(C)C(=O)CC[C@@H]12,0.0004306293
Cc1cc(C)c(N)c(C#Cc2cccc(F)c2)n1,0.03800934
O=C(c1ccc(F)cc1)N1CCC[C@H](c2nc(-c3ccc(F)cc3)no2)C1,0.00239501
CCN1CCN(Cc2ccc(-c3cc4c(N[C@H](C)c5ccccc5)ncnc4[nH]3)cc2)CC1,0.13730949
NS(=O)(=O)c1nn2cc(-c3ccccc3)nc2s1,0.00127225
CC(=O)N[C@@H](Cc1ccccc1)C(=O)O,0.0055272435
CCCC[C@H](NC(=O)[C@H](CO)NC(=O)[C@H](Cc1ccc(O)cc1)NC(=O)[C@H](CO)NC(C)=O)C(=O)N[C@@H](CCC(=O)O)C(=O)N[C@@H](Cc1cnc[nH]1)C(=O)N[C@H](Cc1ccccc1)C(=O)N[C@@H](CCCNC(=N)N)C(=O)N[C@@H](Cc1c[nH]c2ccccc12)C(=O)NCC(=O)N[C@@H](CCCCN)C(=O)N1CCC[C@H]1C(=O)N[C@H](C(N)=O)C(C)C,0.47556937
CN(C)C/C=C/C(=O)Nc1cc2c(Nc3ccc(F)c(Cl)c3)ncnc2cc1O[C@H]1CCOC1,0.46234947
CC/C(=C(\c1ccc(O)cc1)c1ccc(OCCN(C)C)cc1)c1ccccc1,0.913104
Cc1ccccc1-n1c(CF)nc2ccc(N)cc2c1=O,0.2429712
Cc1c(CN(C)C(=O)/C=C/c2cnc3c(c2)CCC(=O)N3)oc2ccccc12,0.00804027
CCOc1ccc2nc(SCCN3CCOCC3)[nH]c2c1,0.04306242
Cc1cccc(NC(=O)c2ccc(C(F)(F)F)cc2C(=O)O)n1,0.026729496
CC(C)(C)c1cc(C=C(C#N)C#N)cc(Br)c1O,0.010915654
CN(C)Cc1ccc(-c2nc3cccc4c3n2CCNC4=O)cc1,0.0055314153
N#C/C(=C\c1ccc(O)c(O)c1)C(=O)NCc1ccccc1,0.010914938
N#C/C(=C\c1ccc(O)c(O)c1)C(=O)NCCCc1ccccc1,0.0065690456
N#C/C(=C\c1ccc(O)c(O)c1)C(=O)NCCCCc1ccccc1,0.008551516
Cc1ccccc1[C@H](C(=O)NC1CCCCC1)N(C(=O)Cn1ccnc1C)c1cccc(F)c1,0.5294323
O=C(Nc1cccc(C(F)(F)F)c1)Nc1cc(S(=O)(=O)NC2CC2)ccc1-c1ccsc1,0.0075427885
CO[C@H]1[C@@H]([C@@]2(C)O[C@@H]2CC=C(C)C)[C@]2(CC[C@H]1OC(=O)NC(=O)CCl)CO2,0.053522374
N=C(N)NCCCCN,0.008538156
CC(C)[C@@H]1[C@H]2CC[C@@H](C2)[C@H]1N,0.017501216
CCc1ccc(C2=CC(C)(C)Sc3ccc(C#Cc4ccc(C(=O)O)cc4)cc32)cc1,0.40681943
CC1(C)CCC(C)(C)c2c1cc(C(=O)Nc1cc(F)c(C(=O)O)c(F)c1)c(O)c2Cl,0.9886308
COc1ccc2cccc(CCNC(C)=O)c2c1,0.0105055105
CCCCCCCCCCCCCCCCCCCCCC(=O)O,0.3534632
Cc1ccc(S(=O)(=O)NC2c3ccccc3Oc3ccccc32)cc1,0.01139714
N=C(C[C@@H](O)COc1ccccc1-c1ccccc1)N1CCCCC1,0.019060155
CC(C)Oc1ccc2c(=O)c3cc(C(=O)O)ccc3oc2c1,0.06323445
FC(F)(F)Oc1ccc2nc(-c3ccc(OCCOCCOc4ccc(-c5nc6ccc(OC(F)(F)F)cc6[nH]5)nc4)cn3)[nH]c2c1,0.8501878
c1ccc(-c2oc3ncnc(NC[C@@H]4CCCO4)c3c2-c2ccccc2)cc1,0.012849677
CC[C@H]1[C@H]2C[C@H]3[C@@H]4N(C)c5ccccc5[C@]45C[C@@H]([C@H]2[C@H]5O)N3[C@@H]1O,0.0050308737
CCCN[C@@H]1CCc2c(OC)cccc2[C@@H]1C,0.026428122
O=C(Nc1cccc(Br)c1)c1cccc(S(=O)(=O)N2CCCCCC2)c1,0.002105048
CC(=O)O[C@@H]1CC[C@@]2(C)[C@@H](CC[C@]3(C)[C@@H]2C(=O)C=C2[C@@H]4[C@@H](C)[C@H](C)CC[C@]4(C)CC[C@]23C)[C@@]1(C)C(=O)O,0.004975705
NC(=O)c1ccc([N+](=O)[O-])cc1Cl,0.051895864
Cc1c(F)cc(C(=O)NC2CC2)cc1-c1c(F)cn2c(C(C)(C)C)nnc2c1F,0.5491364
CC(=O)SC[C@@H](C)C(=O)N1CCC[C@H]1C(=O)N[C@@H](Cc1ccccc1)C(=O)O,0.0046248822
C[C@H](N)C(=O)N[C@@H](C)P(=O)(O)O,0.00038103247
Cc1sc[n+](CC(=O)c2ccccc2)c1C,0.008012298
C[C@@H](N)C(=O)O,0.0023490107
N[C@@H](CN(O)[N+][O-])C(=O)O,0.0073082587
C=C1C(=O)O[C@@H]2C[C@@]3(C)CCC[C@H](C)C3=C[C@H]12,0.015783094
C[C@@H](N)C(=O)OC(C)(C)Cc1ccc(Cl)cc1,0.030692251
CCNC(=O)[C@@H]1CCCN1C(=O)[C@H](CCCNC(=N)N)NC(=O)[C@H](CC(C)C)NC(=O)[C@@H](C)NC(=O)[C@H](Cc1ccc(O)cc1)NC(=O)[C@H](CO)NC(=O)[C@H](Cc1c[nH]c2ccccc12)NC(=O)[C@H](Cc1cnc[nH]1)NC(=O)[C@@H]1CCC(=O)N1,0.30670077
CCCSc1ccc2nc(NC(=O)OC)[nH]c2c1,0.013529589
CCC[S@@](=O)c1ccc2nc(NC(=O)OC)[nH]c2c1,0.00623639
CC(C)(C)NC[C@@H](O)c1ccc(O)c(CO)c1,0.005135758
CN1CCC(=C2c3ccccc3CCn3c(C=O)cnc32)CC1,0.03550291
C=CCOc1ccc(CC(=O)O)cc1Cl,0.0065067043
CCC(=O)OCC(=O)[C@@]1(OC(=O)CC)[C@H](C)C[C@H]2[C@@H]3[C@H]([C@@H](O)C[C@@]21C)[C@@]1(C)C=CC(=O)C=C1C[C@H]3Cl,0.0005936097
O=C(NCc1ccc2c(c1)OCO2)c1c(Cl)cccc1Cl,0.103289284
COc1cccc2c1C(=O)c1c(O)c3c(c(O)c1C2=O)C[C@@](O)(/C(CO)=N/NC(=O)CCCCCN1C(=O)C=CC1=O)C[C@@H]3O[C@H]1C[C@H](N)[C@H](O)[C@H](C)O1,0.9555407
CCc1cc2c(cc1N1CCC(N3CCOCC3)CC1)C(C)(C)c1[nH]c3cc(C#N)ccc3c1C2=O,0.007982609
NCCCC(O)(P(=O)(O)O)P(=O)(O)O,1.372698e-05
CCCC[C@@H](CC)CNC(=N)N=C(N)NCCCCCCNC(N)=NC(=N)NC[C@@H](CC)CCCC,0.8820836
C=C1/C(=C\C=C2/CCC[C@]3(C)[C@@H]([C@H](C)CCCC(C)C)CC[C@@H]23)C[C@@H](O)C[C@@H]1O,0.33825713
CC(=O)OCC(=O)[C@H]1CC[C@H]2[C@@H]3CC[C@H]4C[C@H](O)CC[C@]4(C)[C@H]3C(=O)C[C@]12C,0.0016026457
COc1cc2nc(N(C)CCCNC(=O)[C@H]3CCCO3)nc(N)c2cc1OC,0.004403402
CC(=O)[C@@]12O[C@](C)(c3ccccc3)O[C@@H]1C[C@H]1[C@@H]3CCC4=CC(=O)CC[C@]4(C)[C@H]3CC[C@@]12C,0.0018442484
C=CCc1cc(OC)c(O)c(C(=O)NCCO)c1,0.0031325882
C[C@@H](CN(C)C)CN1c2ccccc2Sc2ccccc21,0.6927088
C=CCN(C1=NCCN1)c1c(Cl)cccc1Cl,0.20839338
COc1cc(Nc2ncc3c(n2)-c2ccc(Cl)cc2C(c2c(F)cccc2OC)=NC3)ccc1C(=O)O,0.8887309
COCCCOc1cc(C[C@@H](C[C@H](N)[C@@H](O)C[C@H](C(=O)NCC(C)(C)C(N)=O)C(C)C)C(C)C)ccc1OC,0.0874853
C/C=C/C[C@@H](C)[C@@H](O)[C@H]1C(=O)N[C@@H](CC)C(=O)N(C)[C@H](C)C(=O)N(CC)[C@@H](C(C)C)C(=O)N[C@@H](C(C)C)C(=O)N(C)[C@@H](CC(C)C)C(=O)N[C@@H](C)C(=O)N[C@H](C)C(=O)N(C)[C@@H](CC(C)C)C(=O)N(C)[C@@H](CC(C)C)C(=O)N(C)[C@@H](C(C)C)C(=O)N1C,0.9305524
C=CCN1CCC[C@@H]1CNC(=O)c1cc2nn[nH]c2cc1OC,0.0010493556
O=C1c2ccccc2C(=O)c2c1ccc(O)c2O,0.5762531
NC(=O)N[C@H]1NC(=O)NC1=O,0.0037011644
C=CCS[S@@](=O)CC=C,0.005412757
O=c1nc[nH]c2n[nH]cc12,0.004752283
OC[C@H]1O[C@@H](n2ncc3c(O)ncnc32)[C@H](O)[C@@H]1O,0.0014530654
C=CC[C@]1(O)CC[C@H]2[C@@H]3CCC4=CCCC[C@@H]4[C@H]3CC[C@@]21C,0.006973348
C=CCN=C=S,0.012551259
C=CCNC(N)=S,0.0032882593
C=CCNc1nc(NCC=C)nc(N2CCN(C(c3ccc(F)cc3)c3ccc(F)cc3)CC2)n1,0.06578926
CNC(=O)[C@@H](c1ccccc1)N1CCc2cc(OC)c(OC)cc2[C@@H]1CCc1ccc(C(F)(F)F)cc1,0.04216115
CN(C)CCc1c[nH]c2ccc(CS(=O)(=O)N3CCCC3)cc12,0.0050482824
O=C1c2cccc(O)c2C(=O)c2c(O)cc(CO)cc21,0.7728402
Cn1c(=O)cc(N2CCC[C@@H](N)C2)n(Cc2ccccc2C#N)c1=O,0.0127326725
O=C1c2c(O)cccc2[C@H]([C@@H]2O[C@H](CO)[C@@H](O)[C@H](O)[C@H]2O)c2cc(CO)cc(O)c21,0.27807614
C1=C2CCCN[C@H]2[C@@H]2C[C@H]1[C@H]1CCCCN1C2,0.0052980087
Cc1nc[nH]c1CN1CCc2c(c3ccccc3n2C)C1=O,0.019749453
Cc1cn([C@H]2C[C@H](F)[C@@H](CO)O2)c(=O)[nH]c1=O,0.1848221
CCOC(=O)[C@H]1O[C@@H]1C(=O)N[C@@H](CC(C)C)C(=O)NCCC(C)C,0.05287494
Cc1nc(NC(=O)N2CCC[C@H]2C(N)=O)sc1-c1ccnc(C(C)(C)C(F)(F)F)c1,0.0015499125
C/C=C/c1cc(OC)c(OC)cc1OC,0.009534014
OC[C@H]1O[C@H](O)[C@H](O)[C@@H](O)[C@@H]1O,0.0025146394
COc1ccc([C@@H]2CC(=O)c3c(O)cc(O[C@@H]4O[C@H](CO[C@@H]5O[C@@H](C)[C@H](O)[C@@H](O)[C@H]5O)[C@@H](O[C@H]5O[C@H](CO)[C@@H](O)[C@H](O)[C@H]5O)[C@H](O)[C@H]4O)cc3O2)cc1O,0.0035159662
CC/C=C\C/C=C\C/C=C\CCCCCCCC(=O)O,0.0116564
C[C@@H](N)Cc1cnc[nH]1,0.011389154
C[C@H](N)Cc1cnc[nH]1,0.011075842
C[C@@H](N)Cc1c[nH]c2ccc(O)cc12,0.04291317
Cc1c(C)c2c(c(C)c1O)CC[C@](C)(CCC[C@H](C)CCC[C@H](C)CCCC(C)C)O2,0.9758238
CC(=O)Oc1c(C)c(C)c2c(c1C)CC[C@](C)(CCC[C@H](C)CCC[C@H](C)CCCC(C)C)O2,0.9785468
CCCN(CCC)C(=O)Cc1c(-c2ccc(Cl)cc2)nc2ccc(Cl)cn12,0.38172275
C=CCc1ccccc1OC[C@H](O)CNC(C)C,0.009842874
CCCCC[C@H](O)/C=C/[C@H]1[C@H](O)CC(=O)[C@@H]1CCCCCCC(=O)O,0.0017140971
O=C(O)CN1C(=O)c2cccc3cccc(c23)C1=O,0.008883853
Nc1ccn([C@@H]2O[C@@](CO)(CCl)[C@@H](O)[C@H]2F)c(=O)n1,0.00378265
CC(C)C(=O)OC[C@@]1(CCl)O[C@@H](n2ccc(N)nc2=O)[C@H](F)[C@@H]1OC(=O)C(C)C,0.0054178373
O=C(c1ccc(F)cc1)C1CCN(CCn2c(=S)[nH]c3ccccc3c2=O)CC1,0.20055482
C=CCSC[C@@H]1Nc2cc(Cl)c(S(N)(=O)=O)cc2S(=O)(=O)N1,0.0007573258
C#Cc1cncc([C@@H]2CCCN2C)c1,0.0024385937
O=C(Nc1cc(Oc2cc(F)c(NC(=O)C3(C(=O)Nc4ccc(F)cc4)CC3)cc2F)ccn1)C1CC1,0.6698046
C=CC[C@]1(O)CC[C@H]2[C@@H]3CCC4=CC(=O)CCC4=C3C=C[C@@]21C,0.0005384671
CN(C)c1nc(N(C)C)nc(N(C)C)n1,0.00041852807
CCN(CCCc1ccccc1)CCCc1ccccc1,0.04842428
CO[C@H]1/C=C\C=C(/C)C(=O)NC2=CC(=O)C(NCCN(C)C)=C(C[C@@H](C)C[C@H](OC)[C@H](O)[C@@H](C)/C=C(\C)[C@@H]1OC(N)=O)C2=O,0.0069513787
C[C@H]1CN(C[C@H](Cc2ccccc2)C(=O)NCC(=O)O)CC[C@@]1(C)c1cccc(O)c1,0.042771585
CN1CC[C@H](c2c(O)cc(O)c3c(=O)cc(-c4ccccc4Cl)oc23)[C@H](O)C1,0.23129222
CC(=O)N[C@H](CCCNC(=N)N)C(=O)N[C@H](CCCNC(=N)N)C(=O)N[C@H](CCCNC(=N)N)C(=O)N[C@H](CCCNC(=N)N)C(=O)N[C@H](CCCNC(=N)N)C(=O)N[C@H](CCCNC(=N)N)C(=O)N[C@H](CCCNC(=N)N)C(=O)N[C@H](CCCNC(=N)N)C(=O)N[C@H](CCCNC(=N)N)C(N)=O,0.13540934
CN(CC[C@@H](Oc1ccc(-c2ccccc2)cc1)c1ccc(F)cc1)CC(=O)O,0.064460024
CN1CCCC[C@@H]1Cn1cc(C(=O)c2cc([N+](=O)[O-])ccc2I)c2ccccc21,0.66999394
Oc1c(I)cc(I)cc1I,0.029436853
Cc1c(C(=O)NN2CCCCC2)nn(-c2ccc(Cl)cc2Cl)c1-c1ccc(I)cc1,0.79417795
Cc1c(C(=O)NN2CCOCC2)nn(-c2ccc(Cl)cc2Cl)c1-c1ccc(I)cc1,0.78178084
CCCCC/C=C\C/C=C\C/C=C\C/C=C\CCCC(=O)Nc1ccc(O)cc1,0.12728244
CC1(C)CCC(C)(C)c2cc(C(=O)Nc3ccc(C(=O)O)cc3)ccc21,0.06298993
COc1ccc(C(=O)c2c(C)n(CCN3CCOCC3)c3cc(I)ccc23)cc1,0.033329595
CN(CCc1ccc(Cl)c(Cl)c1)C[C@@H](O)COc1ccc(NS(C)(=O)=O)cc1,0.038989298
NC12CC3CC(CC(C3)C1)C2,0.010852138
N=C(N)N=Nc1ccc(NNC(N)=S)cc1,0.11480374
CC[N+](CC)(CCNC(=O)C(=O)NCC[N+](CC)(CC)Cc1ccccc1Cl)Cc1ccccc1Cl,0.08258768
COC(c1ccccc1)(c1ccccc1)[C@H](Oc1nc(C)cc(C)n1)C(=O)O,0.034072928
Nc1c(Br)cc(Br)cc1CN[C@H]1CC[C@H](O)CC1,0.064809404
CCN(CC)CCNC(=O)c1c(C)[nH]c(/C=C2/C(=O)Nc3ccc(-c4csc(-c5ccccc5)n4)cc32)c1C,0.093057506
CC(=O)OCC(=O)[C@@]12OC3(CCCC3)O[C@@H]1C[C@H]1[C@H]3CCC4=CC(=O)C=C[C@]4(C)[C@@]3(F)[C@@H](O)C[C@@]12C,7.487164e-05
c1ccc(CNCc2ccc(CN3CCCNCCNCCCNCC3)cc2)nc1,0.09236116
CC1(C)S[C@@H]2[C@H](/N=C/N3CCCCCC3)C(=O)N2[C@H]1C(=O)O,0.7870914
NCCCCN(Cc1nc2ccccc2[nH]1)[C@H]1CCCc2cccnc21,0.10220005
Cc1cccc(C)c1NC(=O)c1ccc(N)cc1,0.025565565
Cc1cccc(C)c1N(CC(=O)Nc1ccc(-c2ncon2)cc1)C(=O)C1CCS(=O)(=O)CC1,0.0047133067
O=C1c2ccccc2C(=O)c2c(NCCNCCO)ccc(NCCNCCO)c21,0.050055917
COc1cc(N)cn[n+]1-c1ccccc1,0.008354921
Nc1c(CC(=O)O)cccc1C(=O)c1ccccc1,0.005757497
Nc1c(-c2cccc(C(F)(F)F)c2)nsc1C(=O)O,0.079748675
Cc1ccc2cc(-c3c(C)ccc(C(=O)c4c(-c5ccccc5)n(C)n(-c5ccccc5)c4=O)c3N)ccc2n1,0.98041177
CO[C@H]1/C=C/C[C@H](C)[C@@H](C)S(=O)(=O)NC(=O)c2ccc3c(c2)N(C[C@@H]2CC[C@H]21)C[C@@]1(CCCc2cc(Cl)ccc21)CO3,0.019197598
COc1ccc2c(OCc3nnc4ccc(-c5ccccc5)nn34)ccnc2c1,0.02175435
CC(C)[C@@H](CS(=O)(=O)C(C)C)N1C(=O)[C@@](C)(CC(=O)O)C[C@H](c2cccc(Cl)c2)[C@H]1c1ccc(Cl)cc1,0.005543047
C[C@H](Nc1ncnc2nc[nH]c12)c1cc2ccc(F)cc2nc1-c1ccccn1,0.028083479
COCCOc1cnc2ccn([C@H](C)c3nnc4c(F)cc(-c5cnn(C)c5)cn34)c(=O)c2c1,0.106864475
CCOc1ccc(-n2c([C@@H](C)N(Cc3cccnc3)C(=O)Cc3ccc(OC(F)(F)F)cc3)nc3ncccc3c2=O)cc1,0.6117812
C=CC(=O)N1CCN(c2nc(=O)n(-c3c(C)ccnc3C(C)C)c3nc(-c4c(O)cccc4F)c(F)cc23)[C@@H](C)C1,0.93702674
CC(=O)Nc1nc2c(Oc3cc(-c4ccc(C(F)(F)F)cc4)ncn3)cccc2s1,0.03821756
Cn1c(NC[C@@H](N)Cc2ccccc2)nc(-c2ccncc2)c(-c2ccc3ccccc3c2)c1=O,0.46269804
CC#C[C@@H](CC(=O)O)c1ccc(OCc2cccc(-c3ccc(C(F)(F)F)cc3)c2)cc1,0.11732562
C[C@H]1CC[C@H](n2c3cnccc3c3cnc(Nc4ccc5c(n4)CCN(C(=O)CO)C5)nc32)CC1,0.02235938
CC(C)(C)c1ccc(/C=C/C(=O)Nc2ccc3c(c2)OCCO3)cc1,0.05449771
C[C@@H](Nc1ncnc2nc[nH]c12)c1cc2ccc(F)cc2nc1-c1ccccn1,0.027202027
COc1ccc2c(Oc3ccc(NC(=O)c4c(C)n(CC(C)(C)O)n(-c5ccccc5)c4=O)nc3)ccnc2c1,0.829297
Cc1csc(-c2nnc(Nc3ccc(Oc4ncccc4-c4ccnc(N)n4)cc3)c3ccccc23)c1,0.60277796
O=C(Nc1ccc2c(O)cc(S(=O)(=O)O)cc2c1)Nc1ccc2c(O)cc(S(=O)(=O)O)cc2c1,0.0014789706
CCOC(=O)COc1ccc2c(c1)C[C@@H](NC[C@H](O)c1cccc(Cl)c1)CC2,0.02078969
Cc1c(N(C)C)c(=O)n(-c2ccccc2)n1C,0.0041095624
Nc1ccncc1N,0.013722843
Cc1cc(N(C)C)ccc1C[C@@H](C)N,0.072649345
NCCCNCCSP(=O)(O)O,0.0002922503
NCC[C@H](O)C(=O)N[C@@H]1C[C@H](N)[C@@H](O[C@H]2O[C@H](CN)[C@@H](O)[C@H](O)[C@H]2O)[C@H](O)[C@H]1O[C@H]1O[C@H](CO)[C@@H](O)[C@H](N)[C@H]1O,0.0048958226
N=C(N)NC(=O)c1nc(Cl)c(N)nc1N,0.026224457
O=C(O)CCCCCCNC1c2ccccc2CCc2ccccc21,0.006303609
NCCCCCC(=O)O,0.0028486645
CC[C@@]1(c2ccc(N)cc2)CCC(=O)NC1=O,0.0011672615
NN=C(N)N,0.007726211
NC[C@@H](O)CC(=O)O,0.0018740348
NCC(=O)CCC(=O)OCc1ccccc1,0.0019615795
C[C@H]1CCN=C(N)S1,0.008680384
CC(CC(C(N)=O)(c1ccccc1)c1ccccc1)N(C)C,0.007933711
Cn1c(=O)c2[nH]cnc2n(C)c1=O,0.0041138344
Nc1nc(N)c2nc(CNc3ccc(C(=O)N[C@@H](CCC(=O)O)C(=O)O)cc3)cnc2n1,0.013865487
CC(C)[C@H](CO)Nc1nc(Nc2cc(N)cc(Cl)c2)c2ncn(C(C)C)c2n1,0.16139126
Nc1ccc(C(=O)O)c(O)c1,0.005563368
Nc1nncs1,0.0034557593
Nc1nccs1,0.008141477
CCCCc1oc2ccccc2c1C(=O)c1cc(I)c(OCCN(CC)CC)c(I)c1,0.78312033
CN(C)CCCO[C@@H]1[C@H]2OC(C)(C)O[C@H]2O[C@@H]1[C@H](O)CO,0.0030237227
CCCCCCCOc1ccc(CCC(N)(CO)CO)cc1C(F)(F)F,0.11244814
CCN1CCC[C@@H]1CNC(=O)c1cc(S(=O)(=O)CC)c(N)cc1OC,0.0013473064
Clc1ccc([C@]23CNC[C@H]2C3)cc1Cl,0.009037764
Cc1ccc(/N=C/N(C)/C=N/c2ccc(C)cc2C)c(C)c1,0.5399108
CN(C)CCC=C1c2ccccc2CCc2ccccc21,0.01715284
CC(C)c1ccc2oc3nc(N)c(C(=O)O)cc3c(=O)c2c1,0.049205747
CCOC(=O)C1=C(COCCN)NC(C)=C(C(=O)OC)[C@H]1c1ccccc1Cl,0.13090232
CC1(C)[C@@H](O[C@H]2O[C@H](C(=O)O)[C@@H](O)[C@H](O)[C@H]2O[C@@H]2O[C@H](C(=O)O)[C@@H](O)[C@H](O)[C@H]2O)CC[C@]2(C)[C@H]3C(=O)C=C4[C@@H]5C[C@@](C)(C(=O)O)CC[C@]5(C)CC[C@@]4(C)[C@]3(C)CC[C@@H]12,0.025907768
C[C@@H](O)C(=O)O,0.0029684263
O=C(O)C(F)(F)C(F)(F)C(F)(F)C(F)(F)C(F)(F)C(F)(F)C(F)(F)F,0.9951515
c1ccc(C(NCCNC(c2ccccc2)c2ccccc2)c2ccccc2)cc1,0.5765821
CCN(CC)Cc1cc(Nc2ccnc3cc(Cl)ccc23)ccc1O,0.51946855
CN(C)CCN1C(=O)c2cccc3cc(N)cc(c23)C1=O,0.0024321827
CCC(C)(C)c1ccc(C[C@@H](C)CN2C[C@@H](C)O[C@@H](C)C2)cc1,0.9361248
Clc1ccc2c(c1)C(N1CCNCC1)=Nc1ccccc1O2,0.16203324
CC1(C)S[C@@H]2[C@H](NC(=O)[C@H](N)c3ccc(O)cc3)C(=O)N2[C@H]1C(=O)O,0.9676443
Cc1o[nH]c(=O)c1C[C@@H](N)C(=O)O,0.005152701
Cc1o[nH]c(=O)c1C[C@H](N)C(=O)O,0.0048829005
O=C(c1ccc2nccnc2c1)N1CCCCC1,0.005495682
CCNC(=O)N1CCN(CCCC(c2ccc(F)cc2)c2ccc(F)cc2)CC1,0.07582841
C[C@@H]1[C@H](O)[C@@H](C)/C=C/C=C/C=C/C=C/C=C/C=C/C=C/[C@H](O[C@@H]2O[C@H](C)[C@@H](O)[C@H](N)[C@@H]2O)C[C@@H]2O[C@](O)(C[C@@H](O)C[C@@H](O)[C@H](O)CC[C@@H](O)C[C@@H](O)CC(=O)O[C@H]1C)C[C@H](O)[C@H]2C(=O)O,0.00027186674
CC1(C)S[C@@H]2[C@H](NC(=O)[C@H](N)c3ccccc3)C(=O)N2[C@H]1C(=O)O,0.96613175
CCOC(=O)O[C@@H](C)OC1=C(C(=O)Nc2ccccn2)N(C)S(=O)(=O)c2ccccc21,0.0041972185
CC(C)CN(C[C@@H](O)[C@H](Cc1ccccc1)NC(=O)O[C@H]1CCOC1)S(=O)(=O)c1ccc(N)cc1,0.003960848
CCCc1ncc(C[n+]2ccccc2C)c(N)n1,0.20088376
Cc1c(N)c(=O)n(-c2ccccc2)n1C,0.0108880475
Nc1cc(-c2ccncc2)c[nH]c1=O,0.043567322
CC(=O)[C@]1(N)Cc2c(O)c3c(c(O)c2[C@@H](O[C@H]2C[C@H](O)[C@H](O)CO2)C1)C(=O)c1ccccc1C3=O,0.7882698
COc1cc(NS(C)(=O)=O)ccc1Nc1c2ccccc2nc2ccccc12,0.027362546
Cc1nc(N)sc1CCN,0.009398306
COc1ccccc1OC(=O)CNC(=O)Cc1ccc(C(=O)c2ccc(C)cc2)n1C,0.020308616
S=C(NCc1ccc2c(c1)OCO2)N1CCN(c2ncnc3c2oc2ccccc23)CC1,0.00424626
N#C[C@H](O[C@@H]1O[C@H](CO[C@@H]2O[C@H](CO)[C@@H](O)[C@H](O)[C@H]2O)[C@@H](O)[C@H](O)[C@H]1O)c1ccccc1,0.00064311875
CCCCCO[NH2+][O-],0.00735373
CC[C@@](C)(CN(C)C)OC(=O)c1ccccc1,0.010244096
CCC(C)(C)O,0.010789004
N#C/C(=C\c1cccn1S(=O)(=O)c1cccc([N+](=O)[O-])c1)S(=O)(=O)c1ccc(F)cc1,0.009138465
Cc1noc(-c2ccc(-c3ccc(CC(=O)O)cc3)cc2)c1NC(=O)O[C@H](C)c1ccccc1,0.090277605
CCN(Cc1cc(C(F)(F)F)ccc1-c1cc(CC(=O)O)ccc1OC)C(=O)NCc1ccccc1,0.39283216
COc1cnc(-c2ccc(Cn3c(CC(C)(C)C(=O)O)c(SC(C)(C)C)c4cc(OC[C@@H]5Cc6ccccc6N5C(C)=O)ccc43)cc2)nc1,0.43454024
O=C(Nc1ccccc1C(=O)N[C@H]1CCCCNC1=O)c1cc2ccccc2s1,0.008633866
c1cncc([C@H]2CCCCN2)c1,0.00909872
COc1cc(F)c(C(C)C)cc1-c1ccc(C(F)(F)F)cc1CN1C(=O)O[C@H](c2cc(C(F)(F)F)cc(C(F)(F)F)c2)[C@@H]1C,0.96998054
Cc1cc2ncc(C(=O)NCC(C)(C)NCC(=O)N3CCC[C@H]3C#N)cn2n1,0.0015113177
O=C1CN2Cc3c(ccc(Cl)c3Cl)N=C2N1,0.09405342
CN(C)N(C)C(=O)[C@@]1(Cc2ccccc2)CCCN(C(=O)[C@@H](Cc2c[nH]c3ccccc23)NC(=O)C(C)(C)N)C1,0.010905772
CCCCC/C=C\C/C=C\C/C=C\C/C=C\CCCC(=O)NCCO,0.015529061
CC(C)(C#N)c1cc(Cn2cncn2)cc(C(C)(C)C#N)c1,0.0023695529
CC(=O)Nc1ccc(OC[C@](C)(O)C(=O)Nc2ccc([N+](=O)[O-])c(C(F)(F)F)c2)cc1,0.73996323
C=C1CC[C@@H]2[C@](C)(CO)[C@H](O)CC[C@@]2(C)[C@@H]1C/C=C1/C(=O)OC[C@H]1O,0.0025068568
C[C@@]12CCC(=O)C[C@@H]1CC[C@@H]1[C@@H]2CC[C@@]2(C)C=CC[C@@H]12,0.0074592982
C[C@]12CC[C@@H](O)C[C@@H]1CC[C@@H]1[C@@H]2CC[C@]2(C)C(=O)CC[C@@H]12,0.005718926
CC(=O)OCC(=O)[C@@]1(O)CC[C@H]2[C@@H]3CCC4=CC(=O)CC[C@]4(C)C3=CC[C@@]21C,0.00019878166
C/C=C/c1ccc(OC)cc1,0.024357576
COc1ccc(-c2cc(=S)ss2)cc1,0.928119
CC(=O)OC[C@]12CCC(C)=C[C@H]1O[C@@H]1[C@H](O)[C@@H](OC(C)=O)[C@@]2(C)[C@@]12CO2,0.00029617417
CCCCCOc1ccc(-c2ccc(-c3ccc(C(=O)N[C@H]4C[C@@H](O)[C@@H](O)NC(=O)[C@@H]5[C@@H](O)[C@@H](C)CN5C(=O)[C@H]([C@@H](C)O)NC(=O)[C@H]([C@H](O)[C@@H](O)c5ccc(O)cc5)NC(=O)[C@@H]5C[C@@H](O)CN5C(=O)[C@H]([C@@H](C)O)NC4=O)cc3)cc2)cc1,0.9990896
COc1ccc(C(=O)N2CCCC2=O)cc1,0.004329436
COc1ccc(C2C(=O)c3ccccc3C2=O)cc1,0.009152518
COc1ccc(C[C@H]2NC[C@H](O)[C@H]2OC(C)=O)cc1,0.008290846
CCCC(CCC)C(=O)O[C@H]1C[C@H]2CC[C@@H](C1)[N+]2(C)C,0.0029302405
COc1cc2c(Oc3ccc4[nH]c(C)cc4c3F)ccnc2cc1OCC1(N)CC1,0.7957806
Clc1cccc(SC2CCNCC2)n1,0.038808063
CCOc1nc2c(N)ncnc2n1CC,0.0071182945
COc1cc2cc(c1Cl)N(C)C(=O)C[C@H](OC(=O)C(C)C)[C@]1(C)O[C@H]1[C@H](C)[C@@H]1C[C@@](O)(NC(=O)O1)[C@H](OC)/C=C/C=C(\C)C2,0.003780458
CSCC[C@H](NC(=O)[C@H](CC(C)C)NC(=O)[C@@H](Cc1c[nH]c2ccccc12)NC(=O)[C@H](Cc1ccccc1)N(C)C(=O)[C@@H](Cc1c[nH]c2ccccc12)NC(=O)[C@@H](N)CCCNC(=N)N)C(N)=O,0.8357485
CCCCN(CC)c1nc(C)nc2c1c(C)c(C)n2-c1c(C)cc(C)cc1C,0.5648818
c1ccc(CN(CC2=NCCN2)c2ccccc2)cc1,0.03538796
O=C1c2c(O)cccc2Cc2cccc(O)c21,0.57923025
O=C1c2ccccc2C(=O)c2ccccc21,0.014930414
O=C1[O][SbH]23[O]C(=O)[C@H]([O]2)[C@H]2[O][SbH]4([O]C(=O)[C@H]([O]4)[C@H]1[O]3)[O]C2=O,0.81294453
O=C1[O][SbH]23[O]C(=O)C([O]2)C2[O][SbH]4([O]C(=O)C([O]4)C1[O]3)[O]C2=O,0.9473887
CCCCCC[C@H]1C(=O)O[C@H](C)[C@H](NC(=O)c2cccc(NC=O)c2O)C(=O)O[C@@H](C)[C@@H]1OC(=O)CC(C)C,0.18612161
Cc1ccc(C(C)C)cc1O,0.019429248
OB1OCc2cc(Cl)ccc21,0.013506813
CC(=C\c1ccc(Cl)cc1)/C(C)=N/O,0.18782796
COc1cc(OC)c2c(=O)nc(-c3cc(C)c(OCCO)c(C)c3)[nH]c2c1,0.0134484535
Cc1nnc2n1-c1sc(CCC(=O)N3CCOCC3)cc1C(c1ccccc1Cl)=NC2,0.08191627
CNC(=O)c1ccc(N2C(=S)N(c3cnc(C#N)c(C(F)(F)F)c3)C(=O)C23CCC3)cc1F,0.010876135
CC1(C)Oc2cc(NS(C)(=O)=O)ccc2N(c2ccc(F)cc2)C1=O,0.0021337038
N#CC1(c2ccc(NC(=O)c3cccnc3NCc3ccncc3)cc2)CCCC1,0.008431654
Cc1c(C)c2c(c(C)c1O)CCC(C)(C)O2,0.05436761
COc1cc(OC)cc(-c2ccc3c(-c4ccc(F)cc4)[nH]nc3n2)c1,0.086212315
COc1c(Nc2ccc(S(C)(=O)=O)nc2C)ncnc1OC1CCN(C(=O)OC(C)C)CC1,0.007138046
CC(C)OC(=O)N1CCC(Oc2ncnc3c2cnn3-c2ccc(S(C)(=O)=O)cc2F)CC1,0.0017557665
C[C@@]1(CO)[C@H](O)CC[C@@]2(C)[C@H]1CC[C@H]1C[C@@H]3C[C@@]12CC[C@]3(O)CO,0.0008863634
Cc1cc(OCCN2CCOCC2)nn1-c1ccc2ccccc2c1,0.018955985
NC(=O)c1cn([C@@H]2O[C@H](CO)[C@@H](O)[C@H]2O)c2ncnc(N)c2c1=O,0.0033682913
O=c1cc(-c2ccc(O)cc2)oc2cc(O)cc(O)c12,0.04386161
COc1ccc(-n2nc(C(N)=O)c3c2C(=O)N(c2ccc(N4CCCCC4=O)cc2)CC3)cc1,0.0126688145
COc1cc(C(C)=O)ccc1O,0.0048306454
O=C1C(=O)N(Cc2ccc(Cl)c(Cl)c2)c2ccccc21,0.22167747
COC[C@]1(CO)C(=O)C2CCN1CC2,0.00080715405
Nc1cc(Cl)c(NC2=NCCN2)c(Cl)c1,0.07026384
CN[C@@H]1[C@@H](O[C@H]2O[C@H](CO)[C@@H](N)[C@H](O)[C@H]2O)O[C@H]2C[C@@H](N)[C@@H](O[C@H]3[C@H](O)[C@@H](O)[C@H](N)C[C@@H]3N)O[C@@H]2[C@@H]1O,0.03209209
CC1(C)SCCN(S(=O)(=O)c2ccc(OCC#CCO)cc2)[C@H]1C(=O)NO,0.0010814335
CCOc1cc([C@@H](CS(C)(=O)=O)N2C(=O)c3cccc(NC(C)=O)c3C2=O)ccc1OC,0.09098622
C[C@@H](O[C@H]1OCCN(Cc2n[nH]c(=O)[nH]2)[C@H]1c1ccc(F)cc1)c1cc(C(F)(F)F)cc(C(F)(F)F)c1,0.91346556
Nc1ccn([C@H]2CO[C@@H](CO)S2)c(=O)n1,0.008588546
CCN(CC)CCCN(c1ccccc1)C1Cc2ccccc2C1,0.07874037
C=CC[C@H](C(=O)NC(N)=O)C(C)C,0.0033176423
CCc1cccc(N(C)C(=N)Nc2cccc3ccccc23)c1,0.46060807
Cc1[nH]c2ccc(F)cc2c1-c1nc2c3cccnc3c3ncccc3c2[nH]1,0.5369947
c1cc(Nc2cc(C3CC3)n[nH]2)nc(Nc2ccc3nc[nH]c3c2)n1,0.10861244
COc1ccc2c(c1)c(CC(=O)Oc1ccc(NC(C)=O)cc1)c(C)n2C(=O)c1ccc(Cl)cc1,0.10518737
Cc1cccc(/C=N/Nc2cc(N3CCOCC3)n3nc(-c4ccncc4)cc3n2)c1,0.24959143
CC[C@H](C(=O)N1CCCC[C@H]1C(=O)O[C@H](CCc1ccc(OC)c(OC)c1)c1cccc(OCC(=O)NCCNC(=O)COc2cccc([C@@H](CCc3ccc(OC)c(OC)c3)OC(=O)[C@@H]3CCCCN3C(=O)[C@@H](CC)c3cc(OC)c(OC)c(OC)c3)c2)c1)c1cc(OC)c(OC)c(OC)c1,0.05875825
COc1cc(N2CCC(N(C)C)CC2)ccc1Nc1ncc(Cl)c(Nc2ccccc2P(C)(C)=O)n1,0.07562348
CCN(CC)CCCCC1CCN(CC(=O)N2c3ccccc3C(=O)Nc3cccnc32)CC1,0.011126026
CCN(CC)CCCNc1ccnc2cc(Cl)ccc12,0.07225236
Cc1ccc(-c2ccc(O[C@H]3CN4CCC3CC4)cn2)cc1,0.03481602
COc1ccc(CNC(=O)Nc2ncc([N+](=O)[O-])s2)cc1,0.97056645
Cc1n[nH]c(C)c1Cc1sc2c(c1C(=O)N1C[C@H](O)CO1)c(=O)n(C)c(=O)n2CC(C)C,0.9788397
NCC(=O)Nc1ccc(-n2nc(C(F)(F)F)cc2-c2ccc3c(ccc4ccccc43)c2)cc1,0.92997974
CC(C)[C@H](C(=O)Nc1ccc(C(=O)NO)cc1)c1ccccc1,0.009931255
CCCCC/C=C\C/C=C\C/C=C\C/C=C\CCCC(=O)O,0.012923934
CCCCCCCCCCCCCCCCCCCC(=O)N[C@H]1CC[C@@]2(C)[C@@H](C1)C[C@@H](O)[C@@H]1[C@@H]2C[C@H](O)[C@]2(C)[C@@H]([C@H](C)CCC(=O)O)CC[C@@H]12,0.58909905
CCOC(=O)c1c(CSc2ccccc2)n(C)c2cc(Br)c(O)c(CN(C)C)c12,0.69760257
OC[C@H]1O[C@@H](Oc2ccc(O)cc2)[C@H](O)[C@@H](O)[C@@H]1O,0.0031613116
COc1ccccc1N1CCN(CCN2C(=O)c3ccccc3C(C)(C)C2=O)CC1,0.00050029845
COc1cc(C[C@H]2C(=O)OC[C@@H]2Cc2ccc(OC)c(OC)c2)ccc1O,0.0071841674
O=C1NC(=O)c2c1c1c3ccccc3[nH]c1c1[nH]c3ccccc3c21,0.8358509
CO[C@H]1O[C@H](COS(=O)(=O)O)[C@@H](O[C@@H]2O[C@@H](C(=O)O)[C@@H](OC)[C@H](O)[C@H]2OS(=O)(=O)O)[C@H](O)[C@H]1NS(=O)(=O)O,0.0011572527
CC#CCOC(=O)C1=CCCN(C)C1,0.001841579
C#CCOC(=O)C1=CCCN(C)C1,0.001266147
COC(=O)C1=CCCN(C)C1,0.0024700877
C[C@@H]1CCN(C(=O)[C@H](CCCNC(=N)N)NS(=O)(=O)c2cccc3c2NC[C@H](C)C3)[C@@H](C(=O)O)C1,0.003252496
CSCC[C@H](NC(=O)[C@H](CCC(=O)O)NC(=O)[C@H](CCC(=O)O)NC(C)=O)C(=O)N[C@@H](CCC(N)=O)C(=O)N[C@@H](CCCNC(=N)N)C(=O)N[C@@H](CCCNC(=N)N)C(N)=O,0.00013735359
C=C1C(=O)O[C@@H]2[C@H]3C(C)=CC[C@@]34O[C@@]4(C)CC[C@@H]12,0.003276497
O=C1CCc2ccc(OCCCCN3CCN(c4cccc(Cl)c4Cl)CC3)cc2N1,0.1758242
CCCCCCCCCCCC(=O)OCN1C(=O)CCc2ccc(OCCCCN3CCN(c4cccc(Cl)c4Cl)CC3)cc21,0.70419824
CCCn1c(=O)c2[nH]cnc2n(-c2ccc(Cl)cc2)c1=O,0.048214655
CC(C)(C)NC[C@@H](O)CSc1nc(-c2ccc(C(N)=O)s2)cs1,0.0448491
Nc1ncccc1-c1nc2ccc(-c3ccccc3)nc2n1-c1ccc(C2(N)CCC2)cc1,0.24845453
C#CC[C@H](c1nc2cc(Cl)ccc2c(=O)n1Nc1ccccc1)N(CCCN)C(=O)c1cccc(Cl)c1F,0.9551806
C[C@@H]1COC(Nc2ccc3ncnc(Nc4ccc(OCc5nccs5)c(Cl)c4)c3c2)=N1,0.24543615
Nc1ccc([As](=O)(O)O)cc1,0.0013102725
O=[As]O[As]=O,0.0075391447
CO[C@H]1O[C@@H]2O[C@@]3(C)CC[C@H]4[C@H](C)CC[C@@H]([C@H]1C)[C@@]24OO3,0.0072754095
C[C@@H]1CC[C@H]2[C@@H](C)C(=O)O[C@@H]3O[C@@]4(C)CC[C@@H]1[C@]32OO4,0.00236259
CCO[C@H]1O[C@@H]2O[C@@]3(C)CC[C@H]4[C@H](C)CC[C@@H]([C@H]1C)[C@@]24OO3,0.009755275
C[C@H]1[C@H](OC(=O)CCC(=O)O)O[C@@H]2O[C@@]3(C)CC[C@H]4[C@H](C)CC[C@@H]1[C@@]24OO3,0.001012546
CCCN[C@@H](C)C(=O)Nc1c(C)csc1C(=O)OC,0.0071358704
CCCCCC[C@@H](CCC)C(=O)O,0.009218677
Cc1sc2c(c1C)C(c1ccc(Cl)cc1)=N[C@@H](CC(=O)Nc1ccc(OCCOCCOCCOCCNc3cccc4c3C(=O)N([C@H]3CCC(=O)NC3=O)C4=O)cc1)c1nnc(C)n1-2,0.47711802
Cc1cc(NCCO)nc(-c2ccc(Br)cc2)n1,0.008699525
O=C(Nc1ccc(-c2ccncc2)cc1)N[C@H](CO)c1ccccc1,0.062241133
C[C@H](NC(=O)c1sccc1OCc1ccc(Cl)cc1)c1ccccc1,0.09140155
O=C(O)CCc1ccc(NCc2cccc3c2CCCN3CCOc2ccccc2)cc1F,0.044858128
Cc1cc(-c2nc(C(=O)Nc3cn(C4CCOCC4)nc3C(N)=O)co2)ccn1,0.023657102
O=C1NC(=O)/C(=C/c2ccc(-c3ccc(F)cc3O)o2)S1,0.93799865
O=C1NC(=O)/C(=C/c2ccc3c(c2)OC(F)(F)O3)S1,0.21650632
O=C(NC[C@H](O)CO)c1ccncc1Nc1ccc(I)cc1F,0.0078123435
O=c1ccc2c(OCCCCOc3ccccc3)c3ccoc3cc2o1,0.06252822
Cc1ccc2c(=O)c3cccc(CC(=O)O)c3oc2c1C,0.061779834
CC(C)Oc1ccc(S(=O)(=O)N2CCN(c3ccc(-c4ncco4)c(OCC(=O)O)c3)CC2)cc1,0.0010137806
COc1cc(OC)c(OC)cc1C=O,0.0048770094
COc1ccc(/C=C/C(=O)C=C(O)/C=C/c2ccc(OC)c(OC)c2)cc1OC,0.032160267
O=C(Nc1ccc(OC(F)(F)Cl)cc1)c1cnc(N2CC[C@@H](O)C2)c(-c2cc[nH]n2)c1,0.025007779
CC[C@@H]1/C=C(\C)C[C@H](C)C[C@H](OC)[C@H]2O[C@@](O)(C(=O)C(=O)N3CCCC[C@H]3C(=O)O[C@H](/C(C)=C/[C@@H]3CC[C@@H](O)[C@H](OC)C3)[C@H](C)[C@@H](O)CC1=O)[C@H](C)C[C@@H]2OC,0.08407942
O=C1O[C@H]([C@@H](O)CO)[C@@H](O)C1=O,0.00704383
CN1C[C@@H]2c3ccccc3Oc3ccc(Cl)cc3[C@H]2C1,0.051071133
C[C@H]1[C@H](C)CC[C@]2(C(=O)O)CC[C@]3(C)C(=CC[C@@H]4[C@@]5(C)C[C@@H](O)[C@H](O)[C@@](C)(CO)[C@@H]5CC[C@]43C)[C@H]12,0.00587788
CN(C(=O)C(c1ccccc1)c1ccccc1)[C@H](CN1CC[C@H](O)C1)c1ccccc1,0.007232801
CCCc1nc(C(F)(F)F)ccc1/C=C/C(=O)N[C@H](C)c1cc(F)c(NS(C)(=O)=O)c(F)c1,0.95381504
CC(C)c1nnc(-c2ccc(-c3ccccc3)nc2)n1-c1cccc2nonc12,0.0020756933
COc1ccc(-c2nc(OC)nn2-c2ccc(OC)cc2)cc1,0.005288583
COc1ccc2[nH]c(C(=O)N3CCC(CC(C)(C)O)CC3)cc2c1,0.06889996
COC(=O)[C@H](Cc1ccccc1)NC(=O)[C@@H](N)CC(=O)O,0.0013625758
CC(=O)Oc1ccccc1C(=O)O,0.005011204
COc1cc(N2CCC(N3CCN(C)CC3)CC2)ccc1Nc1ncnc(Nc2ccccc2S(=O)(=O)C(C)C)n1,0.0023357482
C=CC(=O)Nc1ccc2ncnc(Nc3ccc(OCc4cccc(F)c4)c(Cl)c3)c2c1,0.37357152
CC1=C(/C=C/C(C)=C/C=C/C(C)=C/C=C/C=C(C)/C=C/C=C(C)/C=C/C2=C(C)C(=O)[C@@H](O)CC2(C)C)C(C)(C)C[C@H](O)C1=O,0.23755471
COc1ccc(CCN2CCC(Nc3nc4ccccc4n3Cc3ccc(F)cc3)CC2)cc1,0.4178549
C[C@@H]1O[C@@H](O[C@H]2C(=O)c3c(O)cc(O)cc3O[C@@H]2c2ccc(O)c(O)c2)[C@H](O)[C@H](O)[C@H]1O,0.28301275
CC(C)(O)[C@H]1CC[C@@](C)([C@H]2[C@@H](O)C[C@@]3(C)[C@@H]4C[C@H](O[C@@H]5O[C@H](CO)[C@@H](O)[C@H](O)[C@H]5O)[C@H]5C(C)(C)[C@@H](O[C@@H]6OC[C@@H](O)[C@H](O)[C@H]6O)CC[C@@]56C[C@@]46CC[C@]23C)O1,0.0033834276
C[C@@H]1CN(CC(=O)N2CC(C)(C)c3nc(CO)c(Cc4ccc(F)cc4)cc32)[C@@H](CN2CCOC[C@H]2C)CN1,0.048101127
C=C[C@@H]1C[C@]1(NC(=O)[C@@H]1C[C@@H](Oc2ncc(OC)c3ccc(Cl)cc23)CN1C(=O)[C@@H](NC(=O)OC(C)(C)C)C(C)(C)C)C(=O)NS(=O)(=O)C1CC1,0.016254669
CN(C)C(=N)NCCC[C@H](N)C(=O)O,0.0014201102
O=CN1CCC(C(=O)NCCN2CCC(=C3c4ccccc4C=Cc4ccccc43)CC2)CC1,0.011895221
CN[C@@H](C)C(=O)N[C@H]1CN(C(=O)CC(C)C)CC[C@H]2CC[C@@H](C(=O)NC(c3ccccc3)c3ccccc3)N2C1=O,0.16276653
O=C(NC1CCNCC1)c1[nH]ncc1NC(=O)c1c(Cl)cccc1Cl,0.26156366
O=C(Nc1c[nH]nc1-c1nc2ccc(CN3CCOCC3)cc2[nH]1)NC1CC1,0.03130831
O=C(O)c1cccc(-c2noc(-c3ccccc3F)n2)c1,0.0020519178
COC(=O)N[C@H](C(=O)N[C@@H](Cc1ccccc1)[C@@H](O)CN(Cc1ccc(-c2ccccn2)cc1)NC(=O)[C@@H](NC(=O)OC)C(C)(C)C)C(C)(C)C,0.023497134
COc1ccc2cc([C@@H](C)C(=O)Oc3ccc(C(N)=S)cc3)ccc2c1,0.023602787
CC(C)NC[C@@H](O)COc1ccc(CC(N)=O)cc1,0.00449845
CC(C)NC[C@H](O)COc1ccc(CC(N)=O)cc1,0.0045294464
CN(C)C(=O)Nc1cccc(-c2ccc(N(C)C)cc2)c1,0.01633904
Cc1cc(C)cc([C@@H]2CCCN2Cc2ccc(Oc3ccc(C(N)=O)cc3F)cc2)c1,0.4253671
CCC1(c2cnc[nH]2)Cc2ccccc2C1,0.025864342
CCCC1(CCC)CCC2(CCN(CCCN(CC)CC)C2)CC1,0.078011565
COc1ccc(C2CNC(=O)NC2)cc1O[C@H]1C[C@@H]2CC[C@H]1C2,0.0034219788
CC(=O)N1CCC[C@H]1C(=O)N[C@@H](Cc1cnc[nH]1)C(=O)N[C@@H](CO)C(=O)N[C@@H](CS)C(=O)N[C@@H](CC(N)=O)C(N)=O,0.009396086
CNCC[C@@H](Oc1ccccc1C)c1ccccc1,0.021934323
CC(C)c1c(C(=O)Nc2ccccc2)c(-c2ccccc2)c(-c2ccc(F)cc2)n1CC[C@@H](O)C[C@@H](O)CC(=O)O,0.008823311
CCOc1ccc(C[C@H]2NC(=O)CCSSC[C@@H](C(=O)N3CCC[C@H]3C(=O)N[C@@H](CCCN)C(=O)NCC(N)=O)NC(=O)[C@H](CC(N)=O)NC(=O)[C@H]([C@@H](C)O)NC(=O)[C@H]([C@@H](C)CC)NC2=O)cc1,0.94299054
O=C1C(=O)[C@H]([C@H]2CC[C@H](c3ccc(Cl)cc3)CC2)C(=O)c2ccccc21,0.090602875
CC(C)(C)c1o[nH]c(=O)c1C[C@@H](N)C(=O)O,0.0018097167
C=C1CCC[C@]2(C)C=C3OC(=O)C(C)=C3C[C@@H]12,0.0037578766
COc1ccc(C[C@H]2c3cc(OC)c(OC)cc3CC[N@+]2(C)CCC(=O)OCCCCCOC(=O)CC[N@+]2(C)CCc3cc(OC)c(OC)cc3[C@@H]2Cc2ccc(OC)c(OC)c2)cc1OC,0.006157782
CCCCN(CCCC)C(=O)CN1C[C@H](c2ccc3c(c2)OCO3)[C@@H](C(=O)O)[C@@H]1c1ccc(OC)cc1,0.056932013
C[N@+]1([O-])[C@@H]2CC[C@H]1C[C@@H](OC(=O)[C@H](CO)c1ccccc1)C2,0.00076209777
COc1cc(F)ccc1-c1ncnc(Nc2cccc(C[S@](C)(=N)=O)c2)n1,0.02151733
NC[C@@](O)(c1ccc(Cl)cc1)c1ccc(-c2cn[nH]c2)cc1,0.057904433
CC(C)c1cc(C(=O)N2Cc3ccc(CN4CCN(C)CC4)cc3C2)c(O)cc1O,0.09413807
Clc1ccc(C2(c3ccc(-c4cn[nH]c4)cc3)CCNCC2)cc1,0.05497564
CC[P](CC)(CC)=[Au][S][C@@H]1O[C@H](COC(C)=O)[C@@H](OC(C)=O)[C@H](OC(C)=O)[C@H]1OC(C)=O,0.5708933
CCN1CCN(C(=O)Cc2ccc(Nc3ncc(F)c(Nc4ccc(C(=O)Nc5ccccc5Cl)cc4)n3)cc2)CC1,0.52595264
OC[C@H]1O[C@H]([S][Au])[C@H](O)[C@@H](O)[C@@H]1O,0.04183286
CC[C@H]1NC(=O)N(c2ccc(Oc3ccc(C)c(OC)c3)nc2)C1=O,0.037045635
C[C@H](c1ccc2ccc(O[C@H]3CC[C@@H](C(F)(F)F)CC3)c(C(F)(F)F)c2c1)N1[C@@H]2CC[C@H]1C[C@@H](C(=O)O)C2,0.01971469
C=CC(=O)Nc1cc2c(Nc3ccc(F)c(Cl)c3)ncnc2cc1C#CC(C)(C)N1CCN(C)CC1,0.26569906
O=C(N[C@H]1CCN(C(=O)c2cc(C(F)(F)F)cc(C(F)(F)F)c2)[C@H](Cc2ccc(Cl)cc2)C1)c1ccnc2ccccc12,0.9103849
Cc1ccc(NC(=O)[C@H]2CCCN(C(=O)c3c(C)cccc3F)[C@H]2c2ccc(NC3CCCC3)cc2)cc1C(F)(F)F,0.8868437
Cc1nc2cccc(N)c2c(=O)n1[C@H]1CCC(=O)NC1=O,0.0033049863
NC(=O)[C@@H](CCC(F)(F)F)N(Cc1ccc(-c2ncon2)cc1F)S(=O)(=O)c1ccc(Cl)cc1,0.00077298895
COc1ccc(CNc2nc(N3CCC[C@H]3CO)ncc2C(=O)NCc2ncccn2)cc1Cl,0.013074741
Cn1cc(-c2cc3c(N4CCN(c5ncc([C@@](C)(N)c6ccc(F)cc6)cn5)CC4)ncnn3c2)cn1,0.18310308
CC(C)c1cc(C(C)C)c(CC(=O)NS(=O)(=O)Oc2c(C(C)C)cccc2C(C)C)c(C(C)C)c1,0.31125012
O=C(Nc1nc(-c2cc(Cl)cs2)c(N2CCN(C3CCCCC3)CC2)s1)c1cnc(N2CCC(C(=O)O)CC2)c(Cl)c1,0.47392303
CCNC(=O)NS(=O)(=O)c1sc(CC(C)C)cc1-c1ccc(Cn2c(-c3ccccc3)nc(OC)c2C=O)cc1,0.21904041
O=C(NC1Cc2ccccc2C1)c1ccc2c(c1)OC(F)(F)O2,0.0036831025
CN(C)C[C@H]1CCOC1(c1ccccc1)c1ccccc1,0.009893766
NC(=O)[C@@H]1CC[C@@H]2CN1C(=O)N2OS(=O)(=O)O,0.0027133073
C=CC(=O)Nc1cccc(Oc2nc(Nc3ccc(N4CCN(C)CC4)c(F)c3)nc3[nH]ccc23)c1,0.27919227
C=CC(=O)Nc1cccc(Nc2nc(Nc3ccc(OCCOC)cc3)ncc2F)c1,0.20013581
CNc1nn2c(C)c(N(C)C)c(C)nc2c1S(=O)(=O)c1ccccc1,0.0013051094
CC[C@H](CC#N)OC(=O)N[C@@H](C)c1cccc(NC(=O)Nc2ccc(-c3cnco3)c(OC)c2)c1,0.004324842
COc1ccc(C(=O)C=C(O)c2ccc(C(C)(C)C)cc2)cc1,0.22284693
C=Cc1cc(C(=O)Nc2ccc(C(=N)N)cc2)c(-c2ccc(C(=O)NCC3CC3)nc2C(=O)O)cc1OC,0.15155147
CCCCCCCCCCCCCCCCCCN(CCCCCCCCCCCCCCCCCC)CCCN(CCO)CCO,0.9540685
COc1ccc2c(c1)C(c1ccc(F)cc1)=C(CN1CCCC1)CO2,0.11167008
CNC(=O)c1ccccc1Sc1ccc2c(/C=C/c3ccccn3)[nH]nc2c1,0.6528689
Clc1ccccc1CNC[C@H]1CC[C@H](CNCc2ccccc2Cl)CC1,0.65296817
C=CCNC(=O)c1cc([N+](=O)[O-])cc2c(=O)nc(Nc3ccc(Cl)c(Cl)c3)[nH]c12,0.9263941
O=C(CC12CC3CC(CC(C3)C1)C2)Nc1cccc2nc(NCCNCCO)ccc12,0.019854616
Cc1ccc(-c2ncc[nH]2)cc1NC(=O)c1ccc(OCc2ccccn2)cc1,0.14232397
Cc1ccc(NC(=O)c2cccc(C(C)(C)C#N)c2)cc1Nc1ccc2ncn(C)c(=O)c2c1,0.09772475
COc1ncnc(Cn2cc(C(=O)NCCO)c3ncc(C)cc32)c1C,0.005069186
Nc1ncn([C@@H]2O[C@H](CO)[C@@H](O)[C@H]2O)c(=O)n1,0.0024953033
OC(c1ccccc1)(c1ccccc1)C1CCNCC1,0.015218064
Nc1nc2nn[nH]c2c(=O)[nH]1,0.0022924894
CC[C@@H]1[C@@H](C)O[C@@](O)([C@@H](C)[C@H](O)[C@H](C)[C@H]2OC(=O)/C=C/C=C/[C@H](C)[C@@H]([C@@H](C)[C@@H](O)[C@H](C)[C@@]3(O)C[C@@H](O[C@H]4C[C@H](O)[C@H](O)[C@H](C)O4)[C@H](CC)[C@@H](C)O3)OC(=O)/C=C/C=C/[C@@H]2C)C[C@H]1O[C@H]1C[C@H](O)[C@H](O)[C@H](C)O1,0.041420534
O=C(CCCN1CCN(c2ccccn2)CC1)c1ccc(F)cc1,0.0021521111
CCC[C@H]1C(=O)N2C(N(C)C)=Nc3ccc(C)cc3N2C1=O,0.0010683669
N#[N+]CC(=O)OC[C@H](N)C(=O)O,0.00074909517
CN1C(=O)COc2c(C(=O)N[C@H]3CN4CCC3CC4)cc(Cl)cc21,0.0041869255
CN1CCC(=C2c3ccccc3CCc3cccnc32)CC1,0.03842349
Cn1cnc([N+](=O)[O-])c1Sc1ncnc2nc[nH]c12,0.97054684
CN(C)CCCOc1ccc(-c2ccc3ncc4c(c3c2)n(C2CCOCC2)c(=O)n4C)cn1,0.02195664
N#Cc1ccc2c(c1)C(c1ccc(CN3CCOCC3)cn1)C(=O)N2,0.0029594963
N[C@@H]1CCCN(c2c(/C=C3\SC(=O)NC3=O)cccc2-c2ccccc2)C1,0.9503734
CCOC(=O)c1cc(C#N)c(N2CCC(C(=O)NS(=O)(=O)Cc3ccccc3)CC2)nc1C,0.001393874
CC(C)n1c(=O)n(C)c2cnc3cc(F)c(-c4ccc(OCCCN5CCCCC5)nc4)cc3c21,0.027014006
O=C(c1ccc(Cl)o1)N1C[C@H]2CNC[C@@H]2C1,0.011285115
Cc1cc(Nc2nc(N[C@@H](C)c3ncc(F)cn3)ncc2Cl)[nH]n1,0.053846344
CC(=O)Nc1cccc2c1c(Sc1ccc(Cl)cc1)c(C)n2CC(=O)O,0.88469553
CNC(=O)c1cccc(-c2ccc3c(N4CCOC[C@@H]4C)nc(N4CCOC[C@@H]4C)nc3n2)c1,0.013862611
COC1CCN(C(=O)c2cc(Cc3n[nH]c(=O)c4ccccc34)ccc2F)CC1,0.3725943
CN1CCN(S(=O)(=O)c2ccc(-c3cnc(N)c(C(=O)Nc4cccnc4)n3)cc2)CC1,0.0028360486
Cc1noc(C)c1-c1ccc(-c2cc(C(N)=O)c(NC(N)=O)s2)c(O[C@H]2CCNC2)c1,0.011293056
COc1cc(N2CCC(N)CC2)ccc1Nc1ncc(Cl)c(-c2c[nH]c3ccccc23)n1,0.30346555
CC(=O)N1CCN(CCOc2ccc(C3CCN(C4=Nn5c(nnc5C(F)(F)F)CC4)CC3)cc2)CC1,0.08753811
COc1cc2ncnc(Nc3cccc(Cl)c3F)c2cc1OC(=O)N1CCN(C)C[C@H]1C,0.6489015
NC1=N[C@@](c2cccc(-c3cncnc3)c2)(c2ccnc(C(F)F)c2)c2cccc(F)c21,0.74404764
Cc1[nH]nc(C(F)(F)F)c1Cc1sc2c(c1C(=O)N1C[C@](C)(O)CO1)c(=O)n(C)c(=O)n2C(C)C,0.9888102
O=C(O)C[C@H]1CC[C@H](c2ccc(NC(=O)c3nnc(Nc4ccc(F)c(F)c4)o3)cc2)CC1,0.22037269
NCC(=O)O,0.0024431753
COc1cc(CCc2cc(NC(=O)c3ccc(N4C[C@@H](C)N[C@@H](C)C4)cc3)[nH]n2)cc(OC)c1,0.3063036
CC(=O)N[C@@H]1CCC[C@H](C(=O)Nc2cc(-c3cnn4c3CC(C)(C)C4)c(Cl)cn2)C1,0.05906419
Cc1cc(-c2nnc(N)nc2-c2ccc(F)cc2)cc(Cl)n1,0.04361984
C[C@@H](Oc1cc(NS(=O)(=O)N2CCC2)nc(SCc2cccc(F)c2F)n1)[C@@H](O)CO,0.1649268
COc1nnc2ccc(N3CCC(c4ccc(OCCN5CCN(C)C(=O)[C@H]5C)cc4)CC3)nn12,0.000599647
NC1(C(=O)N[C@@H](CCO)c2ccc(Cl)cc2)CCN(c2ncnc3[nH]ccc23)CC1,0.002720032
Cc1ncc(-c2ccnc(Nc3ccc(S(C)(=O)=O)cc3)n2)n1C(C)C,0.053488012
CN[C@@H](C)C(=O)N[C@H](C(=O)N1CCC[C@H]1C(=O)N[C@H]1c2ccccc2C[C@H]1OCC#CC#CCO[C@@H]1Cc2ccccc2[C@@H]1NC(=O)[C@@H]1CCCN1C(=O)[C@@H](NC(=O)[C@H](C)NC)C1CCCCC1)C1CCCCC1,0.00831981
Cc1c2c(nn1C)CSCc1cc(n(C)n1)CSc1cc(c3ccccc3c1)OCCCc1c(C(=O)O)n(C)c3c-2c(Cl)ccc13,0.99025667
Cc1cc([C@@H](C)Nc2ccccc2C(=O)O)c2nc(N3CCOCC3)cc(=O)n2c1,0.014190539
C[C@@H]1COCCN1c1cc(C2([S@@](C)(=N)=O)CC2)nc(-c2ccnc3[nH]ccc23)n1,0.00583472
N[C@@H](Cc1ccccn1)c1ccccc1,0.02443303
CN(C)C(=O)c1ccc(S(=O)(=O)c2ccc(NC(=O)[C@@](C)(O)C(F)(F)F)c(Cl)c2)cc1,0.0032981185
C[C@H](NC(=O)C(C)(F)F)[C@H](Oc1ccc2c(cnn2-c2cccc(C(=O)N[C@@H]3CCOC3)c2)c1)c1ccc2c(c1)OCCO2,0.07733149
Cc1nc(C)c(-c2ccc([C@H]3CC[C@H](CC(=O)O)CC3)cc2)nc1C(N)=O,0.014832637
NC(=O)Nc1cc(-c2cccc(F)c2)sc1C(=O)N[C@H]1CCCNC1,0.037626874
Cn1c(=O)oc2ccc(-c3ccc(C[C@@H](C#N)NC(=O)[C@@H]4CNCCCO4)cc3)cc21,0.006150543
COc1ccc(-c2ccc3c(N4CCOC[C@@H]4C)nc(N4CCOC[C@@H]4C)nc3n2)cc1CO,0.03443956
C[C@@H](Nc1cc(F)cc(F)c1)c1cc(C(=O)N(C)C)cc2c(=O)cc(N3CCOCC3)oc12,0.2872363
Cc1cc(C(=O)NOCCO)c(Nc2ccc(I)cc2F)n(C)c1=O,0.02878192
CC(C)C[C@H](CO)Nc1nc(S[C@@H](C)c2ccccc2)nc2nc(N)sc12,0.030029288
CCn1nc(C2CCN(C(=O)CCO)CC2)nc1-c1cnc(N)c(-c2nnc(C(C)(C)C)o2)n1,0.0008042391
CNC(=O)CN1CCC(Oc2cc3c(Nc4cccc(Cl)c4F)ncnc3cc2OC)CC1,0.41616938
O=C(NCC12CC3CC(CC(C3)C1)C2)c1cc(CCCNCCCO)ccc1Cl,0.019843712
N#Cc1cc(F)cc(-c2nc(-c3ccc(F)cn3)no2)c1,0.0016502488
C[C@@H]1Cc2c([nH]c3ccccc23)[C@@H](c2c(F)cc(/C=C/C(=O)O)cc2F)N1CC(C)(C)F,0.9634954
Cc1c(-c2ccnn2C)cc(C(=O)NCc2ccc(S(C)(=O)=O)cn2)c(=O)n1-c1cccc(C(F)(F)F)c1,0.29850647
O=C(O)CCCCCCCC(=O)O,0.0011090339
CN1CCC[C@H](n2nc(Cc3ccc(Cl)cc3)c3ccccc3c2=O)CC1,0.11917833
CCCCc1nc(-c2ccc(OCCCN(CC)CC)cc2)cn1-c1ccc(Oc2ccc(Cl)cc2)cc1,0.9419838
CC1=C(C(=O)OC(C)C)[C@@H](c2cccc([N+](=O)[O-])c2)C(C(=O)OC2CN(C(c3ccccc3)c3ccccc3)C2)=C(N)N1,0.77451485
CCOc1nc2cccc(C(=O)O)c2n1Cc1ccc(-c2ccccc2-c2nc(=O)o[nH]2)cc1,0.06823169
CCOc1nc2cccc(C(=O)OCc3oc(=O)oc3C)c2n1Cc1ccc(-c2ccccc2-c2nc(=O)o[nH]2)cc1,0.1332457
CN1CCN(CCCCN2C(=O)CN(/N=C/c3ccc(-c4ccc(Cl)cc4)o3)C2=O)CC1,0.034338042
CC[C@H]1OC(=O)[C@H](C)[C@@H](O[C@H]2C[C@@](C)(OC)[C@@H](O)[C@H](C)O2)[C@H](C)[C@@H](O[C@@H]2O[C@H](C)C[C@H](N(C)C)[C@H]2O)[C@](C)(O)C[C@@H](C)CN(C)[C@H](C)[C@@H](O)[C@]1(C)O,0.8321396
CC1(C)S[C@@H]2[C@H](NC(=O)[C@H](NC(=O)N3CCNC3=O)c3ccccc3)C(=O)N2[C@H]1C(=O)O,0.9798995
COc1ccc(Cl)c(Nc2ncnc3cc(OCC4CCN(C)CC4)c(OC)cc23)c1,0.06751378
NC(=O)/N=N/C(N)=O,0.004708688
O=[N+]([O-])c1ncc[nH]1,0.60672796
NS(=O)(=O)c1cc(-c2nn[nH]n2)c(NCc2cccs2)cc1Cl,0.00053642207
C[C@H]1[C@H](NC(=O)/C(=N\OC(C)(C)C(=O)O)c2csc(N)n2)C(=O)N1S(=O)(=O)O,0.95290744
COc1cc(N2CCN(C)CC2)ccc1Nc1nccc(-c2cn(C)c3cnccc23)n1,0.06251911
C[C@@H]1COCCN1c1cc(C2(S(C)(=O)=O)CC2)nc(-c2cccc3[nH]ccc23)n1,0.012578646
COc1cc(OC2CCN(C)CC2)ccc1Nc1ncc2c(n1)n(C1CCCC1)c(=O)n2C,0.011158079
O=C1COc2c(CCNCCN(C(=O)CCNCCc3ccc(Cl)c(Cl)c3)C3CCCCC3)ccc(O)c2N1,0.04875676
C=CC(=O)Nc1cc(Nc2nccc(-c3c[nH]c4ccccc34)n2)c(OC)cc1N(C)CCN(C)C,0.116221935
C=CC(=O)Nc1cc(Nc2nccc(-c3cn(C)c4ccccc34)n2)c(OC)cc1N(C)CCNC,0.099394724
Cc1cc(Nc2nc(N[C@@H](C)c3ccc(F)cc3)c(C#N)cc2F)[nH]n1,0.09010359
CC1=C(C)C(=O)C(CC[C@](C)(O)CCC[C@H](C)CCC[C@H](C)CCCC(C)C)=C(C)C1=O,0.8404709
CCCCCCCCCC[C@@H](O)[C@H]1C=C[C@@H]2C(=O)N(c3ccccc3)C(=O)[C@@H]2N1Nc1ccc([N+](=O)[O-])cc1,0.98566705
Cc1ccc(Sc2cncc3sc(C(N)=O)cc23)cc1,0.690022
CS(=O)(=O)Nc1c(O)ccc2c1CCC[C@H]2C1=NCCN1,0.001766976
Cc1nc(NC(=O)N2CCC[C@H]2C(N)=O)sc1-c1csc(C(C)(C)C)n1,0.004131644
COc1ccc(CC(=O)N[C@@H](N/C(=N/C#N)Nc2cccc3ncccc23)C(C)(C)C)cc1OC,0.0062276996
NC[C@@H]1O[C@H](C23CC4CC(CC(C4)C2)C3)Cc2c1ccc(O)c2O,0.085374564
O=C(Nc1ccccc1)Nc1ccc(-c2ccc(C(=O)[C@@H]3CCC[C@@H]3C(=O)O)cc2)cc1,0.010186251
CCOC(=O)O[C@@H](C)OC(=O)[C@@H]1N2C(=O)[C@@H](NC(=O)[C@H](N)c3ccccc3)[C@H]2SC1(C)C,0.9699977
CC[C@H](C)[C@H](N)C1=N[C@H](C(=O)N[C@@H](CC(C)C)C(=O)N[C@H](CCC(=O)O)C(=O)N[C@H](C(=O)N[C@H]2CCCCNC(=O)[C@H](CC(N)=O)NC(=O)[C@@H](CC(=O)O)NC(=O)[C@H](Cc3cnc[nH]3)NC(=O)[C@@H](Cc3ccccc3)NC(=O)[C@H]([C@@H](C)CC)NC(=O)[C@@H](CCCN)NC2=O)[C@@H](C)CC)CS1,0.82567394
CC[C@H](C)[C@H](N)C1=N[C@H](C(=O)N[C@@H](CC(C)C)C(=O)N[C@@H]2CCC(=O)[O][Zn][O]C(=O)C[C@H]3NC(=O)[C@H](Cc4c[nH]cn4)NC(=O)[C@@H](Cc4ccccc4)NC(=O)[C@H]([C@@H](C)CC)NC(=O)[C@@H](CCCN)NC(=O)[C@H](CCCCNC(=O)[C@H](CC(N)=O)NC3=O)NC(=O)[C@H]([C@@H](C)CC)NC2=O)CS1,0.99561995
NC[C@@H](CC(=O)O)c1ccc(Cl)cc1,0.0039643617
CC(C)(c1ccc(OC[C@H]2CO2)cc1)c1ccc(OC[C@H]2CO2)cc1,0.39669555
Cc1ccc(NC(=O)c2ccc(CN3CC[C@H](N(C)C)C3)c(C(F)(F)F)c2)cc1Nc1nccc(-c2cncnc2)n1,0.20154
CO/C1=C\C(C)=C/[C@@H](C)[C@@H](O)[C@@H](C)C/C(C)=C/C=C/[C@H](OC)[C@@H]([C@@H](C)[C@@H](O)[C@H](C)[C@@]2(O)C[C@@H](O)[C@H](C)[C@@H](C(C)C)O2)OC1=O,0.021703953
Cc1nc2cnc3ccc(C#Cc4cccnc4)cc3c2n1-c1ccc(C(C)(C)C#N)cc1,0.1122122
O=c1c(O)c(O)cc2oc(-c3ccccc3)cc(O)c1-2,0.7804523
O=C(O)[C@H]1O[C@@H](Oc2cc3oc(-c4ccccc4)cc(O)c-3c(=O)c2O)[C@H](O)[C@@H](O)[C@@H]1O,0.67831725
C=C[C@@](C)(/C=C/c1ccc(O)cc1)CCC=C(C)C,0.16729653
Cn1c(COc2ccc(C[C@H]3SC(=O)NC3=O)cc2)nc2ccccc2c1=O,0.25064266
CC(C)C(=O)OC[C@@]1(N=[N+]=[N-])O[C@@H](n2ccc(N)nc2=O)[C@H](OC(=O)C(C)C)[C@@H]1OC(=O)C(C)C,0.30004197
CCCN1CCN(c2ccc(C(=O)NC3(C(=O)NCC#N)CCCCC3)cc2)CC1,0.00083137053
CN[C@H]1CCCN(c2c(F)cc3c(=O)c(C(=O)O)cn(C4CC4)c3c2OC)C1,0.9632489
O=C1c2c(O)c(=O)ccn2N([C@@H]2c3ccccc3SCc3c2ccc(F)c3F)[C@@H]2COCCN12,0.99665266
COC(=O)OCOc1c2n(ccc1=O)N([C@@H]1c3ccccc3SCc3c1ccc(F)c3F)[C@@H]1COCCN1C2=O,0.9941193
O=C(O)CCNC(=O)c1ccc(/N=N/c2ccc(O)c(C(=O)O)c2)cc1,0.0032712347
CCCn1c(=O)c(CCCOC(=O)NC)nc2ccccc21,0.009971517
CN(C)C(=O)Oc1cc(OC(=O)N(C)C)cc(C(O)CNC(C)(C)C)c1,0.0015816032
CCOc1ccccc1N/N=C1/C(=O)N(c2nc(-c3ccccc3)cs2)N=C1C,0.76165533
O=C(NCCCN1CCC2(CC1)OCc1ccccc12)[C@H]1CCCN1Cc1ccccc1,0.0024831707
C[N+](C)([O-])CCNc1ccc(NCC[N+](C)(C)[O-])c2c1C(=O)c1c(O)ccc(O)c1C2=O,0.9675491
CCN(CCCOc1ccc2c(Nc3cc(CC(=O)Nc4cccc(F)c4)n[nH]3)ncnc2c1)CCOP(=O)(O)O,0.00045200574
CCN(CCO)CCCOc1ccc2c(Nc3cc(CC(=O)Nc4cccc(F)c4)n[nH]3)ncnc2c1,0.04188779
CC1(C)CC[C@]2(C(=O)O)CC[C@]3(C)[C@H](C(=O)C=C4[C@@]5(C)C=C(C#N)C(=O)C(C)(C)[C@@H]5CC[C@]43C)[C@@H]2C1,8.1972226e-05
COC(=O)[C@]12CCC(C)(C)C[C@H]1[C@H]1C(=O)C=C3[C@@]4(C)C=C(C#N)C(=O)C(C)(C)[C@@H]4CC[C@@]3(C)[C@]1(C)CC2,7.782449e-05
CCS(=O)(=O)N1CC(CC#N)(n2cc(-c3ncnc4[nH]ccc34)cn2)C1,0.00079944724
O=C[C@H](O)[C@@H](O)[C@H](O)[C@H](O)COP(=O)(O)O,5.900434e-05
COC(=O)C1=C(C)NC(C)=C(C(=O)O[C@H]2CCN(Cc3ccccc3)C2)[C@H]1c1cccc([N+](=O)[O-])c1,0.21567404
CC1=CC(=C(c2ccc(N)cc2)c2ccc(N)cc2)C=CC1=N,0.5896502
Cc1nc(C#Cc2ccnc(Cl)c2)c(C)n1-c1ccc(F)cc1,0.10137233
Cc1onc(-c2ccc(F)cc2)c1COc1ccc(C(=O)N2CCS(=O)(=O)CC2)cn1,0.0053157513
COc1cc(NC(=O)CCN2CCC(OC(=O)Nc3ccccc3-c3ccccc3)CC2)c(Cl)cc1CNC[C@H](O)c1ccc(O)c2nc(O)ccc12,0.13479145
CNC(=O)[C@H](Cc1ccccc1)NC(=O)[C@H](CC(C)C)[C@H](CSc1cccs1)C(=O)NO,0.064447686
O=C(c1ccc(CN2CCOCC2)cc1)N1CCN(C2CC2)CC1,0.0021774108
O[C@@H](CN1CCNCC1)Cn1c2ccc(Br)cc2c2cc(Br)ccc21,0.074688524
COC(=O)C1=C(C)NC(C)=C([N+](=O)[O-])[C@@H]1c1ccccc1C(F)(F)F,0.8011205
COC(=O)C1=C(C)NC(C)=C([N+](=O)[O-])[C@H]1c1ccccc1C(F)(F)F,0.86391467
COC(=O)C1=C(C)N(C)C(C)=C(C(=O)OC)C1c1ccc(C(F)(F)F)cc1,0.008402864
Cc1ccc(S(=O)(=O)/C=C/C#N)cc1,0.001970785
CC(C)(C)c1ccc(S(=O)(=O)/C=C/C#N)cc1,0.0027332637
COc1cc(F)ccc1-c1cc(Nc2cc(C[S@](C)(=N)=O)ccn2)ncc1F,0.41044262
C[C@H]1C[C@@H](n2c(Nc3ccc(OC(F)(F)F)cc3)nc3cc(CCC(=O)O)ccc32)CC(C)(C)C1,0.31648827
C[C@@H]1COCCN1c1cc(-c2ccnn2C)c2ccnc(-c3ccn[nH]3)c2n1,0.06859434
CCn1c(CO)nn(-c2cc(O[C@@H](C)C(F)(F)F)c(C(=O)Nc3c(F)cccc3Cl)cc2F)c1=O,0.98049325
Nc1nc(-c2nn(Cc3ccccc3F)c3ncccc23)ncc1C1CC1,0.3056612
N#Cc1c(N)nc(SCC(N)=O)c(C#N)c1-c1ccc(OCC2CC2)cc1,0.009708192
COc1ccc(Cc2nc(=O)c3c(C)nc([C@@H](CCCc4ccccc4)[C@@H](C)O)n3[nH]2)cc1OC,0.38799742
COc1ccc(-c2cc3nccn3c(Nc3ncccc3C(N)=O)n2)cc1OC,0.020369306
O=C(Nc1ccccc1C(=O)O)c1cc(S(=O)(=O)c2ccccc2)ccc1Cl,0.006573827
N[C@@H](C[C@@H](F)C(=O)O)C(=O)O,0.0011616776
Cc1cc(-c2nc(-c3ccc(OC(F)(F)F)cc3)no2)nn1Cc1ccnc(N2CCN(C3CC3)CC2)c1,0.012324782
NC(=O)c1ccc2nc(-c3ccc(C4(N)CCC4)cc3)c(-c3ccccc3)n2n1,0.011605991
COc1ccc(Oc2cc(NCCC(F)(F)F)c3ncc(-c4ccc(C(=O)NC5CC5)c(C)c4)n3n2)c(F)c1F,0.94116414
Cc1c(-c2ccc(O)cc2)n(Cc2ccc(OCCN3CCCCCC3)cc2)c2ccc(O)cc12,0.5093477
Cn1cc(CCn2cnc(-c3cnn(C)c3)c2-c2ccc(C#N)cc2)cn1,0.024658242
N=C(N)SCc1ccc(B(O)O)cc1,0.0065542595
Cc1oc2nc3c(c(NC(=O)CN4CCCC4=O)c2c1C)CCCC3,0.0029609264
CC(C)(C)c1ccc(NC(=O)N2CCN(c3ncccc3Cl)CC2)cc1,0.22262457
N=C(N)c1cc2ccc(OC(=O)c3cccs3)cc2s1,0.35150743
CN(CCc1ccc(Cl)c(Cl)c1)CCN1CCCC1,0.037430577
CN(C)CCN(C)CCc1ccc(Cl)c(Cl)c1,0.053184364
CN1CCN(CCc2ccc(Cl)c(Cl)c2)CC1,0.022758279
O=C1c2ccccc2CC[C@@H]1CNCCc1ccc(O)cc1,0.0058952314
CNc1ccc(-c2nc(N3CCOCC3)c3sc(CN(C)c4ncc(C(=O)NO)cn4)cc3n2)cn1,0.008841916
O=C(CCCl)NCc1ccccc1,0.004911223
C[C@H]1C[C@H]2[C@H]3CCC4=CC(=O)C=C[C@@]4(C)[C@@]3(Cl)[C@@H](O)C[C@@]2(C)[C@@]1(O)C(=O)CO,0.00012084849
CCC(=O)OCC(=O)[C@@]1(OC(=O)CC)[C@@H](C)C[C@H]2[C@@H]3CCC4=CC(=O)C=C[C@]4(C)[C@@]3(Cl)[C@@H](O)C[C@@]21C,0.00011265731
COc1nc2ccc(Br)cc2cc1[C@@H](c1ccccc1)[C@@](O)(CCN(C)C)c1cccc2ccccc12,0.05017807
O=C(c1cc2ccccc2o1)N1CCN(Cc2ccccc2)CC1,0.015602409
O=S(=O)(N[C@H](CO)C(C(F)(F)F)C(F)(F)F)c1ccc(Cl)s1,0.2510257
NC[C@H]1O[C@H](O[C@H]2[C@H](O)[C@@H](O[C@H]3O[C@H](CO)[C@@H](O)[C@H](N)[C@H]3O)[C@H](N)C[C@@H]2N)[C@H](N)[C@@H](O)[C@@H]1O,0.00885637
O=C(/C=C/c1cccc(S(=O)(=O)Nc2ccccc2)c1)NO,0.002266673
CC(C)NC(=O)[C@H]1CC[C@@H](n2c(NC(=O)c3ccc(F)cc3)nc3ccc(CN4CCC(C(C)(C)O)CC4)cc32)CC1,0.07340394
CC[C@@]1(O)C(=O)OCc2c1cc1n(c2=O)Cc2c-1nc1ccccc1c2CCNC(C)C,0.008885591
CCC1(C)CC(=O)NC(=O)C1,0.0030513403
CCCC[C@@H](CC)COc1ccc(-c2nc(-c3ccc(OC)cc3)nc(-c3ccc(OC[C@@H](CC)CCCC)cc3O)n2)c(O)c1,0.9352373
CC(C)(CCCCCC(O)CCCCCC(C)(C)C(=O)O)C(=O)O,0.0032527638
CCN(CC)CCOC(=O)C(O)(c1ccccc1)c1ccccc1,0.0021994475
O=C(O)c1ccc(N[C@@H]2O[C@H](CO)[C@@H](O)[C@H](O)[C@H]2O)cc1,0.0024227812
CCOC(=O)[C@H](CCc1ccccc1)N[C@H]1CCc2ccccc2N(CC(=O)O)C1=O,0.0065811495
Cn1c(CCCC(=O)O)nc2cc(N(CCCl)CCCl)ccc21,0.008106676
O=C(O)COc1nn(Cc2ccccc2)c2ccccc12,0.0053875973
c1ccc(Cc2nc3ccccc3[nH]2)cc1,0.09382021
NS(=O)(=O)c1cc2c(cc1C(F)(F)F)N[C@@H](Cc1ccccc1)NS2(=O)=O,0.0009849538
c1ccc(CCNCc2ccccc2)cc1,0.021328002
C[C@@H](Cc1cccc(C(F)(F)F)c1)NCCOC(=O)c1ccccc1,0.012835707
CCCCN(CC)c1c([N+](=O)[O-])cc(C(F)(F)F)cc1[N+](=O)[O-],0.98706144
C/C(=C(\CCOP(=O)(O)O)SC(=O)c1ccccc1)N(C=O)Cc1cnc(C)nc1N,0.0019346946
COC(=O)C1=C(C)NC(C)=C(C(=O)O[C@@H]2CCCN(Cc3ccccc3)C2)[C@@H]1c1cccc([N+](=O)[O-])c1,0.15743452
O=C(CCCN1CCC(n2c(=O)[nH]c3ccccc32)CC1)c1ccc(F)cc1,0.010554428
C[C@@H](COc1ccccc1Cc1ccccc1)N1CCCCC1,0.15845919
NC(CO)C(=O)NNCc1ccc(O)c(O)c1O,0.009933989
O=C(O)c1ccc(NC(=O)[C@H](Cc2ccc(O)cc2)NC(=O)c2ccccc2)cc1,0.008380132
O=C(CNC(=O)c1ccc(Cl)cc1)NO,0.003707096
CCCCCCCCCCCCC[N+](C)(C)Cc1ccccc1,0.68004745
NC(=NC(=O)c1nc(Cl)c(N)nc1N)NCc1ccccc1,0.03878699
CCc1oc2ccccc2c1C(=O)c1cc(Br)c(O)c(Br)c1,0.91575
Cc1ccc(C)c([C@H](O)CNC(C)C)c1,0.014751854
CC(C)(C)CC(C)(C)c1ccc(OCCOCC[N+](C)(C)Cc2ccccc2)cc1,0.905879
O=C(Cn1ccnc1[N+](=O)[O-])NCc1ccccc1,0.800304
S=c1[nH]c2ccccc2s1,0.3731698
CCOC(=O)c1ccc(N)cc1,0.005514865
O=C(O[C@H]1CN2CCC1CC2)c1ccccc1,0.002116937
O=C(O)Cc1ccc(OCc2ccccc2)c(Cl)c1,0.01530512
O=C(O)c1ccccc1,0.0034660297
O=C(c1ccccc1)[C@H](O)c1ccccc1,0.0040865266
CCCCNc1ccc(C(=O)OCCOCCOCCOCCOCCOCCOCCOCCOCCOC)cc1,0.008532733
CC[N+](CC)(CCCNC1=CC(=O)C(NCCC[N+](CC)(CC)Cc2ccccc2)=CC1=O)Cc1ccccc1,0.003708745
O=C(N[C@@H](Cc1c[nH]c2ccccc12)C(=O)O)c1ccc(Cl)cc1,0.03318214
O=C(Oc1cccc2cccnc12)c1ccccc1,0.0060159154
O=C(OOC(=O)c1ccccc1)c1ccccc1,0.005015852
O=C(Nc1ccc(C(=O)O)c(O)c1)c1ccccc1,0.005220732
NS(=O)(=O)c1cc2c(cc1Cl)NC(=CSCc1ccccc1)NS2(=O)=O,0.0014054606
CN1[C@@H]2CC[C@H]1C[C@@H](OC(c1ccccc1)c1ccccc1)C2,0.024265222
CN(C)CCCOc1nn(Cc2ccccc2)c2ccccc12,0.011159231
OCc1ccccc1,0.0064148046
O=C(OCc1ccccc1)c1ccccc1,0.003654691
S=C=NCc1ccccc1,0.018058032
CCCCCCCCCCCCCCCC[N+](C)(C)Cc1ccccc1,0.8458947
CCCCCCCC[N+](C)(C)Cc1ccccc1,0.17550136
CC1(C)S[C@@H]2[C@H](NC(=O)Cc3ccccc3)C(=O)N2[C@H]1C(=O)O,0.95938104
C[N+](C)(CCOc1ccccc1)Cc1ccccc1,0.031665478
O=C(O)CCCN1CCC(O[C@@H](c2ccc(Cl)cc2)c2ccccn2)CC1,0.0054178988
CC(C)COCC(CN(Cc1ccccc1)c1ccccc1)N1CCCC1,0.27810854
COc1ccc2cc3[n+](cc2c1OC)CCc1cc2c(cc1-3)OCO2,0.046706464
COc1c2ccoc2cc2oc(=O)ccc12,0.0094525535
COc1c(O)cc2c(c1O)[C@@H]1O[C@H](CO)[C@@H](O)[C@H](O)[C@H]1OC2=O,0.0857897
N[C@@H]1CCCCN(c2c(F)cc3c(=O)c(C(=O)O)cn(C4CC4)c3c2Cl)C1,0.99103665
Cc1nnc(C[C@@H]2C=C(c3ccc(Cl)cc3)c3ccccc3-n3c(C)nnc32)o1,0.022220027
Oc1cccc(Nc2ccc(Nc3cccc(O)c3)nn2)c1,0.05283071
CC1=C(/C=C/C(C)=C/C=C/C(C)=C/C=C/C=C(C)/C=C/C=C(C)/C=C/C2=C(C)CCCC2(C)C)C(C)(C)CCC1,0.9550868
CCCCOC(=O)c1cc2c(cn1)[nH]c1ccccc12,0.015299227
C=C[C@]1(C)CC[C@@H](C(=C)C)C[C@H]1C(=C)C,0.023578163
COC(=O)/C=C/C(=O)N[C@@H]1CC[C@@]2(O)[C@H]3Cc4ccc(O)c5c4[C@@]2(CCN3CC2CC2)[C@H]1O5,0.00038141862
O=P(O)(O)OC(CO)CO,0.00020227674
CC(C)(O)CC(=O)O,0.0034109808
CC(O)CC(=O)O,0.0027367221
CC1(C)CCC2=C(O1)c1ccccc1C(=O)C2=O,0.022924192
Oc1ccc2ccccc2c1,0.01274015
CNCCc1ccccn1,0.0056079905
C[N+](C)(C)CC(=O)O,0.0015816574
C[C@H]1C[C@H]2[C@@H]3CCC4=CC(=O)C=C[C@]4(C)[C@@]3(F)[C@@H](O)C[C@]2(C)[C@@]1(O)C(=O)CO,0.00012302976
CC(=O)OCC(=O)[C@@]1(O)[C@@H](C)C[C@H]2[C@@H]3CCC4=CC(=O)C=C[C@]4(C)[C@@]3(F)[C@@H](O)C[C@@]21C,0.000120778204
CCCC(=O)O[C@]1(C(=O)COC(=O)CC)[C@@H](C)C[C@H]2[C@@H]3CCC4=CC(=O)C=C[C@]4(C)[C@@]3(F)[C@@H](O)C[C@@]21C,8.756052e-05
CCC(=O)OCC(=O)[C@@]1(OC(=O)CC)[C@@H](C)C[C@H]2[C@@H]3CCC4=CC(=O)C=C[C@]4(C)[C@@]3(F)[C@@H](O)C[C@@]21C,8.7906454e-05
C[C@H]1C[C@H]2[C@@H]3CCC4=CC(=O)C=C[C@]4(C)[C@@]3(F)[C@@H](O)C[C@]2(C)[C@@]1(O)C(=O)COP(=O)(O)O,7.922859e-06
CCCCC(=O)O[C@]1(C(=O)CO)[C@@H](C)C[C@H]2[C@@H]3CCC4=CC(=O)C=C[C@]4(C)[C@@]3(F)[C@@H](O)C[C@@]21C,0.000111732224
O=C(O)CCNC(=O)c1ccccc1,0.0016721793
CC(C)NC[C@@H](O)COc1ccc(CCOCC2CC2)cc1,0.018822841
NCCc1ccn[nH]1,0.008775868
C[C@@H](C[N+](C)(C)C)OC(N)=O,0.002839145
CC[S@](=O)c1nc(-c2cccc(OCc3ccccc3)c2)cc(C(F)(F)F)n1,0.7283205
COc1ccc(NC(=O)c2ccc(C(=N)N(C)C)cc2)c(C(=O)Nc2ccc(Cl)cn2)c1,0.01792416
C=C(C)[C@@H]1CC[C@]2(C(=O)O)CC[C@]3(C)[C@H](CC[C@@H]4[C@@]5(C)CC[C@H](O)C(C)(C)[C@@H]5CC[C@]43C)[C@@H]12,0.048660915
COc1ccc(CCNC[C@@H](O)COc2cccc(C)c2)cc1OC,0.023521312
COc1cc(CNCCC2CCOCC2)ccc1Oc1cnc(C(N)=O)cn1,0.04159325
C=C(C)[C@@H]1CC[C@]2(C(=O)O)CC[C@]3(C)[C@H](CC[C@@H]4[C@@]5(C)CC[C@H](OC(=O)CC(C)(C)C(=O)O)C(C)(C)[C@@H]5CC[C@]43C)[C@@H]12,0.008728217
OC[C@H]1O[C@@H](c2ccc(Cl)c(Cc3ccc(OCCOC4CC4)cc3)c2)[C@H](O)[C@@H](O)[C@@H]1O,0.1626453
C=C(c1ccc(C(=O)O)cc1)c1cc2c(cc1C)C(C)(C)CCC2(C)C,0.67287785
CC(C)(Oc1ccc(CCNC(=O)c2ccc(Cl)cc2)cc1)C(=O)O,0.0025061283
O=C(Nc1cccc(C(F)(F)F)c1)c1cccc2cc(Oc3cc(CO)ncn3)ccc12,0.059609722
N=C(NOC[C@@H](O)CN1CCCCC1)c1cccnc1,0.0065348735
COc1ccc(-c2ccc3ncc4c(c3c2)n(-c2ccc(N3CCNCC3)c(C(F)(F)F)c2)c(=O)n4C)cn1,0.48742548
CC(C)(C)c1cc(O)c(C(C)(C)C)cc1O,0.010373085
CC(C)CCN1c2nc(Nc3cc(F)c(O)c(F)c3)ncc2N(C)C(=O)[C@@H]1C,0.857843
Cc1nc2ccccc2c(-c2ccc3c4c(ccnc24)CCO3)c1[C@H](OC(C)(C)C)C(=O)O,0.16815324
CC[C@@H]1C(=O)N(C)c2cnc(Nc3ccc(C(=O)NC4CCN(C)CC4)cc3OC)nc2N1C1CCCC1,0.0074935504
Oc1nc(Cc2ccccn2)nc2c1cnn2C1CCOCC1,0.009778098
O=c1[nH]nc(Sc2ncc([N+](=O)[O-])s2)n1-c1ccc2c(c1)OCCO2,0.99687576
CCNC(=O)C#Cc1ccc2c(c1)NC(=O)/C2=C(/Nc1ccc(CN(C)C)cc1)c1ccccc1,0.21925265
CN(C(=O)n1cnc(-c2ccc[n+]([O-])c2)c1)C1CCCCC1,0.021045987
C[C@@H](O)[C@H]1C(=O)N2C(C(=O)O)=C(SC3Cn4cnc[n+]4C3)[C@H](C)[C@H]12,0.9854198
NCCCC[C@H](NC(=O)[C@@H](Cc1cc(Br)c(O)c(Br)c1)NC(=O)N1CCC(N2Cc3ccccc3NC2=O)CC1)C(=O)N1CCN(c2ccncc2)CC1,0.7014159
C/C(=C\C(=O)Nc1ccccc1C(=O)O)c1ccc2ccccc2c1,0.059543267
CCN(CC)CC1CCN(c2ncc3ncnc(Nc4ccc(F)c(Cl)c4)c3n2)CC1,0.69197667
CN1CCC(Nc2ncc3ncnc(Nc4ccc(F)c(Cl)c4)c3n2)CC1,0.38431263
CC(O)(CS(=O)(=O)c1ccc(F)cc1)C(=O)Nc1ccc(C#N)c(C(F)(F)F)c1,0.008687579
Cc1ccc([C@@]23CNC[C@@H]2C3)cc1,0.0045615947
O=C(NCc1c(F)cc(F)cc1F)c1cn2c(c(O)c1=O)C(=O)N1[C@H]3CC[C@H](C3)O[C@@H]1C2,0.9967506
CN1CCc2cc3c(cc2[C@H]1[C@@H]1OC(=O)c2c1ccc1c2OCO1)OCO3,0.00433975
C[N+]1(C)CCc2cc3c(cc2[C@H]1[C@@H]1OC(=O)c2c1ccc1c2OCO1)OCO3,0.0011653812
COC(=O)c1cc(OC)c2c(c1-c1c(CO)cc(OC)c3c1OCO3)OCO2,0.0019016557
CNCCCCOc1ccccc1Cc1ccccc1,0.12402316
COC(=O)c1cc(OC)c2c(c1-c1c(C(=O)OC)cc(OC)c3c1OCO3)OCO2,0.0009990085
c1ccc(-c2ccc([C@H](c3ccccc3)n3ccnc3)cc2)cc1,0.7029911
COc1c(C)cnc(Cn2cnc3c(Cl)nc(N)nc32)c1C,0.14755599
CCOCCn1c(C2CCN(CCc3ccc(C(C)(C)C(=O)O)cc3)CC2)nc2ccccc21,0.0077100503
CC(C)(C)[C@]1(O)C[C@@H]2OC(=O)C[C@@]23C(=O)O[C@@H]2OC(=O)[C@H](O)[C@]213,1.3271728e-05
CCNC(=O)CCC/C=C\C[C@@H]1[C@@H](/C=C/[C@@H](O)CCc2ccccc2)[C@H](O)C[C@@H]1O,0.005495833
CC(C)n1c(=O)n(C(=O)N[C@H]2C[C@H]3CC[C@@H](C2)N3C)c2ccccc21,0.003417008
Cc1c(OCc2cccc(-c3ccc(C(=O)O)cc3)c2)cc2c(c1C)C(=O)[C@@H](C1CCCC1)C2,0.12683608
CC(C)(OCc1nn(Cc2ccccc2)c2ccccc12)C(=O)O,0.011622143
Cn1cnc2c(F)c(Nc3ccc(Br)cc3F)c(C(=O)NOCCO)cc21,0.76795286
Cc1ccccc1NC(=O)Nc1ccc(CC(=O)N[C@@H](CC(C)C)C(=O)N[C@@H](CC(=O)O)C(=O)N[C@H](C(=O)N2CCC[C@H]2C(=O)O)C(C)C)cc1,0.019115837
Cc1ccccc1NC(=O)Nc1ccc(CC(=O)N(C)[C@@H](CC(C)C)C(=O)NCC[C@H](NC(=O)[C@@H]2CCCN2S(=O)(=O)c2cc(Cl)cc(Cl)c2)C(=O)O)cc1,0.12572901
O=C(O)CCCC[C@@H]1SC[C@@H]2NC(=O)N[C@@H]21,0.0037890933
NCc1ccccc1Sc1ccccc1CO,0.29559287
O[C@](CCN1CCCCC1)(c1ccccc1)[C@@H]1C[C@H]2C=C[C@@H]1C2,0.002122566
CC[C@H](NC(=O)[C@H](C)NC)C(=O)N1C[C@@H](O)C[C@H]1Cc1c(-c2[nH]c3cc(F)ccc3c2C[C@@H]2C[C@H](O)CN2C(=O)[C@H](CC)NC(=O)[C@H](C)NC)[nH]c2cc(F)ccc12,0.66216177
CN1C(=O)N(c2cc(Cl)cc(Cl)c2)C(=O)[C@@]1(C)Cc1ccc(Br)cc1,0.1236806
Cc1occc(=O)c1[O][V](=[O])[O]c1c(C)occc1=O,0.04756818
CC(=O)Oc1ccc(C(c2ccc(OC(C)=O)cc2)c2ccccn2)cc1,0.42737192
C(=N/NC1=NCCN1)\c1c2ccccc2c(/C=N/NC2=NCCN2)c2ccccc12,0.11957346
Cn1cc(C2=C(c3cn(CCCSC(=N)N)c4ccccc34)C(=O)NC2=O)c2ccccc21,0.90730685
O=S(=O)(O)C(F)(F)F,0.009798438
O=C(O)C(=O)O,0.010116196
O=C(O)C[C@](O)(CC(=O)[O][Bi]1[O]C(=O)C[C@@](O)(CC(=O)O)C(=O)[O]1)C(=O)O,2.2959694e-05
O=C(O)c1cc(O)c2c(c1)[O][Bi]([OH])[O]2,0.07178602
O=C1[O][Bi]([OH])[O]c2ccccc21,0.01084851
CC(C)(C)CC(C)(C)c1cc(Cc2cc(C(C)(C)CC(C)(C)C)cc(-n3nc4ccccc4n3)c2O)c(O)c(-n2nc3ccccc3n2)c1,0.9922476
CC(C)NC[C@@H](O)COc1ccc(COCCOC(C)C)cc1,0.018695813
CC(C)(c1ccc(O)cc1)c1ccc(O)cc1,0.24591935
Oc1c(Cl)cc(Cl)cc1Sc1cc(Cl)cc(Cl)c1O,0.99809664
C[C@H](Oc1ccc(S(C)(=O)=O)cc1C(=O)N1CCN(c2ncc(C(F)(F)F)cc2F)CC1)C(F)(F)F,0.58339
S=C=Nc1ccc(N=C=S)cc1,0.51507604
CC[C@H](C)[C@H](NC(=O)[C@H](CCC(=O)O)NC(=O)[C@H](CCC(=O)O)NC(=O)[C@H](Cc1ccccc1)NC(=O)[C@H](CC(=O)O)NC(=O)CNC(=O)[C@H](CC(N)=O)NC(=O)CNC(=O)CNC(=O)CNC(=O)CNC(=O)[C@@H]1CCCN1C(=O)[C@H](CCCNC(=N)N)NC(=O)[C@@H]1CCCN1C(=O)[C@H](N)Cc1ccccc1)C(=O)N1CCC[C@H]1C(=O)N[C@@H](CCC(=O)O)C(=O)N[C@@H](CCC(=O)O)C(=O)N[C@@H](Cc1ccc(O)cc1)C(=O)N[C@@H](CC(C)C)C(=O)O,1.00752095e-05
COc1cc2nc(N3CCCN(C)CC3)nc(NC3CCN(Cc4ccccc4)CC3)c2cc1OC,0.0173763
CN(C)Cc1cccc(N/C(=C2\C(=O)Nc3cc(C(N)=O)ccc32)c2ccccc2)c1,0.075970724
CN(C)Cc1cccc(N/C(=C2\C(=O)Nc3cc(C(=O)N(C)C)ccc32)c2ccccc2)c1,0.04980552
O=C(O)c1cc2ccccc2s1,0.031092046
Cc1ccc2c(c1)C(=O)[C@]1(O)CCN(c3ccccc3)C1=N2,0.0028697923
Cc1c(N)nc([C@H](CC(N)=O)NC[C@H](N)C(N)=O)nc1C(=O)N[C@H](C(=O)N[C@H](C)[C@@H](O)[C@H](C)C(=O)N[C@H](C(=O)NCCc1nc(-c2nc(C(=O)NCCCNCCCCN)cs2)cs1)[C@@H](C)O)[C@@H](O[C@@H]1O[C@@H](CO)[C@@H](O)[C@H](O)[C@@H]1O[C@@H]1O[C@H](CO)[C@@H](O)[C@H](OC(N)=O)[C@@H]1O)c1c[nH]cn1,0.033845734
Cc1c(N)nc([C@H](CC(N)=O)NC[C@@H](N)C(N)=O)nc1C(=O)N[C@H](C(=O)N[C@@H](C)[C@H](O)[C@@H](C)C(=O)N[C@@H](C(=O)NCCc1nc(-c2nc(C(=O)NCCC[S+](C)C)cs2)cs1)[C@@H](C)O)[C@@H](O[C@H]1O[C@H](CO)[C@H](O)[C@@H](O)[C@H]1O[C@H]1O[C@H](CO)[C@@H](O)[C@H](OC(N)=O)[C@@H]1O)c1c[nH]cn1,0.052007947
CCN1CCN(c2cc(-c3ccc(F)cc3)c3c(n2)CCCCCC3)CC1,0.02591978
C=CC(=O)Nc1cccc(C)c1Nc1ncc2cc(-c3c(Cl)c(OC)cc(OC)c3Cl)ccc2n1,0.6792546
CNC(=O)c1cc(Oc2ccc3nc(N[C@@H]4CCCC[C@H]4O)sc3c2)ccn1,0.0392604
COc1ccc2c(c1)c(CC(=O)N1CCOCC1)c(C)n2C(=O)c1ccc(Cl)cc1,0.021030802
COc1cccc(-c2cc(NCc3ccc4c(c3)OCO4)nc(N)n2)c1,0.060362358
CSc1ccc(C(=O)N[C@@H]2CCCC[C@@H]2NC(=O)CNC(=O)c2cc(C(F)(F)F)ccc2NC(=O)NC(C)C)cc1,0.022164362
Cc1noc(NS(=O)(=O)c2cccc3c(N(C)C)cccc23)c1C,0.002778448
O=c1oc(-c2ccc(C(F)(F)F)cc2)nn1Cc1cc(Cl)ccc1O,0.06466719
CC1(C)Oc2ccc(C#N)cc2[C@H](N(Cc2ncc[nH]2)c2ccc(Cl)cc2)[C@H]1O,0.08653986
Cc1onc(NS(=O)(=O)c2ccccc2-c2ccc(-c3ncco3)cc2CN(C)C(=O)CC(C)(C)C)c1C,0.01613154
N#Cc1ccc2c(c1)CN(S(=O)(=O)c1cccs1)[C@H](Cc1ccccc1)CN2Cc1cnc[nH]1,0.032847185
CCCCOc1c(C(=O)c2c(F)cc(C)cc2F)cnc2n[nH]cc12,0.93744975
C[C@H](c1ccc(F)cc1CCCC(=O)O)N(c1cc(F)ccc1F)S(=O)(=O)c1ccc(Cl)cc1,0.03814355
CCc1c(-c2ccccc2)c(-c2ccccc2)nn1-c1ccccc1-c1cccc(OCC(=O)O)c1,0.34084824
Cc1ccc2nc(NCCN)c3ncc(C)n3c2c1,0.02076069
CC(C)(C)c1cnc(CSc2cnc(NC(=O)C3CCNCC3)s2)o1,0.039416116
CCCC(=O)C1(c2ccccc2)CCN(C(=O)[C@@H](Cc2ccc(OC)cc2)NC(=O)[C@@H](N)Cc2cncn2C)CC1,0.0129739335
Cc1cc(N2CCOCC2)cc2[nH]c(-c3c(NC[C@@H](O)c4cccc(Cl)c4)cc[nH]c3=O)nc12,0.31622493
CCN1CCN(c2ccc(C(C)(C)NC(=O)c3cc4[nH]c5ccccc5c(=O)c4cc3F)cn2)CC1,0.8683853
CCCNC(=O)c1cn2ncnc(Nc3cc(C(=O)NC4CC4)ccc3C)c2c1C,0.0057498785
CN1C(=O)N(c2cc(Cl)cc(Cl)c2)C(=O)[C@]12CN(Cc1cc(C(=O)O)cs1)C[C@H]2c1ccc(C#N)cc1,0.069190614
Cc1c(NC(=O)OC[C@@H]2COCCN2)cn2ncnc(Nc3ccc4c(cnn4Cc4cccc(F)c4)c3)c12,0.18443407
COc1cnc(-n2cnc(C)n2)c2[nH]cc(C(=O)C(=O)N3CCN(C(=O)c4ccccc4)CC3)c12,0.03749355
Cc1ccc(C(=O)NC2CC2)cc1NC(=O)c1cnn(-c2ncccc2C(F)(F)F)c1C,0.019079672
CC1(C)CCC(C)(C)c2cc(C3(c4ccc(C(=O)O)cc4)OCCO3)ccc21,0.024968777
CN1C(=O)N(c2cc(Cl)cc(Cl)c2)C(=O)[C@]12CN(c1ccc(C(=O)O)cn1)C[C@H]2c1ccc(C#N)cc1,0.016985262
COc1cccc(Nc2ncnn3ccc(CN4CC[C@@H](N)[C@H](O)C4)c23)c1,0.00938279
Cn1c(N2CCCCS2(=O)=O)nc(C(=O)NCc2ccc(F)cc2)c(O)c1=O,0.004241589
C[C@@]1(C(=O)Nc2ccc(F)nc2)CCCN1c1nc(Nc2cc(C3CC3)n[nH]2)c2cccn2n1,0.009788852
O[C@]12CC[C@](c3nnc4c(Oc5ccccc5Cl)cccn43)(CC1)C2,0.005070153
CCOc1ccn(-c2ccc(F)cc2)c(=O)c1C(=O)Nc1ccc(Oc2ccnc(N)c2Cl)c(F)c1,0.9771475
CC(C)(O)c1cn(-c2ccc(-c3cccc(S(C)(=O)=O)c3)cc2)c(C(C)(C)c2ccccc2Cl)n1,0.214678
COc1ccnc2[nH]cc(C(=O)C(=O)N3CCN(C(=O)c4ccccc4)C[C@H]3C)c12,0.17505848
CC(=O)N[C@@H]1C[C@H](NC(C)(C)C)CC[C@@H]1N1CC[C@H](Nc2ncnc3cc(C(C)(C)C)nn23)C1=O,0.0046584583
Nc1nccc(Oc2ccc(NC(=O)c3cn(COP(=O)(O)O)cc(-c4ccc(F)cc4)c3=O)cc2F)c1Cl,0.36540052
CNCc1ccc(C)c(NC(=O)c2ccc(Nc3nc(-c4ccccc4)c4ccccc4n3)cc2)c1,0.46481028
O=c1[nH]c([C@@H]2CCCN2)nc2c1oc1ccc(Cl)cc12,0.08821384
CN1C(=O)[C@@H](NC(=O)[C@H](CCC(F)(F)F)[C@H](CCC(F)(F)F)C(N)=O)N=C(c2ccccc2)c2ccccc21,0.002070734
CCn1c(C(=O)N(C2CC2)C2CC2)cc2c3c(ncn3C)c(Nc3cc(C)n(C)n3)nc21,0.027424084
Cc1c(-c2ccc(C(N)=O)c3[nH]c4cc(C(C)(C)O)ccc4c23)cccc1-n1cnc2ccccc2c1=O,0.53308684
NC(=O)[C@@H](CC1CC1)[C@@H](CCC(F)(F)F)C(=O)N[C@H]1N=C(c2ccccc2)c2cccc(F)c2NC1=O,0.15361899
Cc1noc(-c2ccc(-c3ccc(C4(C(=O)O)CC4)cc3)cc2)c1NC(=O)O[C@H](C)c1ccccc1,0.012231461
Cc1c(-c2c(F)cc(C(N)=O)c3[nH]c4c(c23)CC[C@H](C(C)(C)O)C4)cccc1-n1c(=O)c2cccc(F)c2n(C)c1=O,0.98867875
Cc1nnn(C)c1-c1cnc2c3ccc(C(C)(C)O)cc3n([C@H](c3ccccc3)C3CCOCC3)c2c1,0.27638242
CC#CC(=O)N[C@H]1CCCN(c2c(F)cc(C(N)=O)c3[nH]c(C)c(C)c23)C1,0.09247967
C[C@@H](C(=O)Nc1ccc(Cl)cc1)[C@H]1CC[C@@H](c2ccnc3ccc(F)cc32)CC1,0.16408129
O[C@@H](CCCN1CCN(c2ncc(F)cn2)CC1)c1ccc(F)cc1,0.0036766538
O=C(O)COc1cccc(-c2ocnc2-c2nc(-c3ccccc3)c(-c3ccccc3)o2)c1,0.007651288
COc1ccccc1N1CCN(CCN2C(=O)CC3(CCCC3)CC2=O)CC1,0.0011970544
COc1cc(C(=O)c2c(C)oc3c(O)c(OC)ccc23)cc(OC)c1OC,0.061663706
O=C1/C(=C/c2ccccc2)C[C@@]2(O)[C@H]3Cc4ccc(O)c5c4[C@@]2(CCN3CC2CC2)[C@H]1O5,0.0010546574
CC(C)(C)NC(=O)N[C@H](C(=O)N1C[C@H]2[C@@H]([C@H]1C(=O)N[C@@H](CC1CCC1)C(=O)C(N)=O)C2(C)C)C(C)(C)C,0.032212716
O=C1C=Cc2cc(Br)ccc2C1=O,0.006877306
Cc1cc2c(OC[C@@H](CNC(C)(C)C)OC(=O)c3ccccc3)cccc2[nH]1,0.02122104
CC(=O)O[C@H]1C[C@H]2CC[C@@]1(C)C2(C)C,0.0059667793
N[C@@H](Cc1ccc(B(O)O)cc1)C(=O)O,0.0019000663
CC(C)C[C@H](NC(=O)[C@H](Cc1ccccc1)NC(=O)c1cnccn1)B(O)O,0.014685573
CCOc1cc(-c2nncn2C)ccc1Nc1ncc2cc(C)nc(NCC(C)(C)C)c2n1,0.09933424
COc1ccccc1Oc1c(NS(=O)(=O)c2ccc(C(C)(C)C)cc2)nc(-c2ncccn2)nc1OCCO,0.0044418103
COc1cc(Nc2c(C#N)cnc3cc(OCCCN4CCN(C)CC4)c(OC)cc23)c(Cl)cc1Cl,0.1450926
c1ccc(N2CCN(CCCOc3ccc4c(c3)OCO4)CC2)cc1,0.0025099444
COc1ccccc1N1CCN(CCCCNC(=O)c2ccc3ccccc3c2)CC1,0.008709082
CC(C)C[C@@H]1NC(=O)[C@@H](C(C)C)NC(=O)[C@@H]2CCCN2C(=O)[C@@H](CC(=O)O)NC(=O)[C@@H](Cc2c[nH]c3ccccc23)NC1=O,0.11659942
CCCC[C@@H](NC(=O)[C@@H](Cc1cn(C(=O)OC)c2ccccc12)NC(=O)[C@H](CC(C)(C)C)NC(=O)N1[C@H](C)CCC[C@@H]1C)C(=O)O,0.22240892
Cc1nn(C)c2c1[C@@H](c1ccc(C(F)(F)F)cc1)C(C#N)C(=N)O2,0.036730424
COC(=O)c1ccc2c(c1)nc(NC(=O)c1ccccc1)n2CCCc1ccccc1,0.014015786
O=C1c2ccccc2-c2c(NCCc3ccccc3)c(=O)[nH]c3cccc1c23,0.5236282
CC(C)(C)c1ccc2cc(C#N)c(C#N)cc2c1,0.0032828583
C[C@H]1CCC/C=C/[C@@H]2C[C@H](O)C[C@H]2[C@H](O)/C=C/C(=O)O1,0.0028736142
CCCC[C@H](NC(C)=O)C(=O)N[C@H]1CC(=O)NCCCC[C@@H](C(=O)O)NC(=O)[C@H](Cc2c[nH]c3ccccc23)NC(=O)[C@H](CCCNC(=N)N)NC(=O)[C@@H](Cc2ccccc2)NC(=O)[C@H](Cc2cnc[nH]2)NC1=O,0.70539206
Cc1c(-c2ccc(-c3ccccc3F)cc2)nc2ccc(F)cc2c1C(=O)O,0.6105552
CC(C)(C)OC(=O)c1ncn2c1[C@@H]1CCCN1C(=O)c1c(Br)cccc1-2,0.048537374
CC[N+](C)(C)Cc1ccccc1Br,0.027211344
O=c1ccc2ccc(OCCCCN3CCN(c4cccc5sccc45)CC3)cc2[nH]1,0.100512736
COc1cc(OC)c(/C=C/S(=O)(=O)Cc2ccc(OC)c(OP(=O)(O)O)c2)c(OC)c1,0.00023354721
COc1cc(N2CCC(N3CCN(C)CC3)CC2)ccc1Nc1ncc(Cl)c(Nc2ccccc2P(C)(C)=O)n1,0.05661254
CCN(CC)c1ccc([C+](c2ccccc2)c2ccc(N(CC)CC)cc2)cc1,0.98498374
Brc1c(NC2=NCCN2)ccc2nccnc12,0.008709416
CCCCCCCCCCCCCCCCOCCCOP(=O)(O)CO[C@H](CO)Cn1ccc(N)nc1=O,0.030570814
CCN[C@H]1CN(CCCOC)S(=O)(=O)c2sc(S(N)(=O)=O)cc21,0.0003828921
Cc1cc2c(F)c(Oc3ncnn4cc(OC[C@@H](C)O)c(C)c34)ccc2[nH]1,0.49825504
Cc1cc2c(F)c(Oc3ncnn4cc(OC[C@@H](C)OC(=O)[C@H](C)N)c(C)c34)ccc2[nH]1,0.40469754
O=c1[nH]c(=O)n([C@H]2C[C@H](O)[C@@H](CO)O2)cc1/C=C/Br,0.53510123
O[C@@H](CN1CCN(c2cccc(Cl)c2)CC1)C(c1ccccc1)c1ccccc1,0.16575254
O=C(O)[C@@H](Cc1ccccc1)NCc1ccc(Cl)cc1,0.009728251
C[C@H](Cc1ccc(OCC(=O)O)cc1)NC[C@H](O)c1cccc(Cl)c1,0.023503976
C[C@@H]1c2ccccc2CN1CC1=NCCN1,0.0039345813
Cc1ccc([N+](=O)[O-])cc1S(=O)(=O)N(C)C,0.0016811795
O=C(Cc1ccc(Cl)c(Cl)c1)N1CCCC[C@@H]1CN1CCCC1,0.09185471
CN1CCC(c2c[nH]c3ccc(O)cc23)CC1,0.013574908
O=C(/C=C/c1ccccc1)NCCO,0.0036906782
Brc1ccc(NC2C3CC4CC(C3)CC2C4)cc1,0.11332645
COc1ccc(C(=O)/C(Br)=C/C(=O)O)cc1,0.087912545
Nc1c(CC(=O)O)cccc1C(=O)c1ccc(Br)cc1,0.009603831
CN(Cc1cc(Br)cc(Br)c1N)C1CCCCC1,0.106933765
O=C1c2ccccc2C(=O)C1c1ccc(Br)cc1,0.0072710095
CC(C)[C@@H](Br)C(=O)NC(N)=O,0.0030844985
CC(C)C[C@H]1C(=O)N2CCC[C@H]2[C@]2(O)O[C@](NC(=O)[C@@H]3C=C4c5cccc6[nH]c(Br)c(c56)C[C@H]4N(C)C3)(C(C)C)C(=O)N12,0.0017458259
CCN(CC)CCNC(=O)c1cc(Br)c(N)cc1OC,0.0041223587
CCOC(=O)Nc1cc(-c2ccc(C)c(NS(C)(=O)=O)c2)nn2c(C)nnc12,0.0014144173
O=C(CCCN1CCC(O)(c2ccc(Br)cc2)CC1)c1ccc(F)cc1,0.001361569
CN(C)CC[C@@H](c1ccc(Br)cc1)c1ccccn1,0.026934385
O=[N+]([O-])C(Br)(CO)CO,0.0009245158
Nc1nc(=O)c(Br)c(-c2ccccc2)[nH]1,0.054838434
Cc1ccc2c(Br)cc(Br)c(OC(=O)c3ccccc3)c2n1,0.48124823
CC(C)(C)NC[C@@H](O)c1cc(Br)no1,0.0031131255
O=c1[nH]c(=O)n([C@H]2C[C@H](O)[C@@H](CO)O2)cc1Br,0.8859397
Oc1c(Br)cc(Br)c2cccnc12,0.28709373
COC(=O)[C@@]12OC[C@]34[C@H]([C@@H](O)[C@@H]1O)[C@@]1(C)CC(=O)C(=O)[C@H](C)[C@@H]1C[C@H]3OC(=O)[C@H](OC(=O)/C=C(\C)C(C)C)[C@@H]24,0.00024414202
COc1cc2c(cc1OC)[C@@]13CCN4CC5=CCO[C@H]6CC(=O)N2[C@H]1[C@H]6[C@H]5C[C@H]43,0.0009975791
CC(C)c1cnn2c(NCc3ccccc3)cc(NCCCCCCN)nc12,0.15334539
O=C(c1cccc(-c2nc3ccccc3[nH]2)n1)N1CCN(C(=O)c2cccc(-c3nc4ccccc4[nH]3)n2)CC1,0.47805637
O=C(Oc1cc(S(=O)(=O)c2ccccc2)ccc1[N+](=O)[O-])c1ccc(Cl)cc1,0.22822274
O=[N+]([O-])c1cc(Cl)ccc1S(=O)(=O)c1ccccc1,0.46793264
O=C(CNc1cccc(Cl)c1)N[C@@H]1CCCN(c2ncnc3[nH]ccc23)C1,0.012523402
Cc1ccc(S(=O)(=O)NCc2ccccc2)cc1,0.0033099768
CC(C)C[C@@H](N)C1(c2ccc(Cl)cc2)CCC1,0.019692155
CC(C)(NCCCn1ccnc1)c1ccc(Cl)cc1,0.12650958
C[C@@H](Oc1ccc(Cl)cc1)c1ccnc2ncnn12,0.003870567
CN(c1ccc(NC(=O)Nc2ccccc2)cc1)S(=O)(=O)c1cnn(-c2ccc(F)cc2)c1,0.0069959266
C[C@H]1COC2(CCN(c3nc(=O)c4cc(C(F)(F)F)cc([N+](=O)[O-])c4s3)CC2)O1,0.96917915
c1ccc2nc(C3=NCCN3)ccc2c1,0.0075414567
c1ccc2nc(C3=NCCN3)cnc2c1,0.0064452165
CCOc1ccc(NC(=O)C[C@@H](C)O)cc1,0.008739454
CC(C)(S)C(=O)N[C@@H](CS)C(=O)O,0.007644543
CCCC(=O)Nc1ncnc2c1ncn2[C@@H]1O[C@@H]2CO[P@@](=O)(O)O[C@H]2[C@H]1OC(=O)CCC,6.7275476e-05
CC(C)(C)c1ccc(CN2CCN([C@@H](c3ccccc3)c3ccc(Cl)cc3)CC2)cc1,0.580945
CCC[C@H]1O[C@@H]2C[C@H]3[C@@H]4CCC5=CC(=O)C=C[C@]5(C)[C@H]4[C@@H](O)C[C@]3(C)[C@]2(C(=O)CO)O1,0.00076974026
CC(C)(C)N1CCC(c2ccccc2)(c2ccccc2)CC1,0.0065510846
CCCCOc1ccc(CC(=O)NO)cc1,0.009429397
COc1cc(OC)c(C(=O)CCCN2CCCC2)c(OC)c1,0.0014441402
CCCCNc1cc(C(=O)O)cc(S(N)(=O)=O)c1Oc1ccccc1,0.0028227188
CCCC(=O)N1CCCN(c2nc(N)c3cc(OC)c(OC)cc3n2)CC1,0.007736512
Nc1cc(C(F)(F)F)c(-c2cc(N3CCOCC3)nc(N3CCOCC3)n2)cn1,0.05558909
CC(C)(C)C1CCC(C[C@H]2C(=O)C(=O)c3ccccc3C2=O)CC1,0.0066854316
CC(CCc1ccccc1)NC(C)C(O)c1ccc(O)cc1,0.15804729
CCCCc1ccc(C(N)=O)nc1,0.01679822
CCCCN1CCCC[C@H]1C(=O)Nc1c(C)cccc1C,0.018622363
Cc1ccc(Cl)c(OC[C@@H](O)CNC(C)(C)C)c1,0.012882272
C[C@@H](NC(C)(C)C)C(=O)c1cccc(Cl)c1,0.0067216204
O=C(NCc1ccccc1)OCCO,0.0034476924
CCNC(=O)[C@@H]1CCCN1C(=O)[C@H](CCCN=C(N)N)NC(=O)[C@H](CC(C)C)NC(=O)[C@@H](COC(C)(C)C)NC(=O)[C@H](Cc1ccc(O)cc1)NC(=O)[C@H](CO)NC(=O)[C@H](Cc1c[nH]c2ccccc12)NC(=O)[C@H](Cc1c[nH]cn1)NC(=O)[C@@H]1CCC(=O)N1,0.5936948
O=C1CC2(CCCC2)CC(=O)N1CCCCN1CCN(c2ncccn2)CC1,0.0009336588
CS(=O)(=O)OCCCCOS(C)(=O)=O,0.0011610211
CCCCNC(=O)[C@@H]1Cc2ccccc2N1C(=O)[C@@H](N)CC,0.004646821
CCCCN(CCCC)CCCOC(=O)c1ccc(N)cc1,0.016884318
CC(C)(C)[C@]1(O)CCN2C[C@H]3c4ccccc4CCc4cccc(c43)[C@@H]2C1,0.0015251095
C=CCC1(CC(C)C)C(=O)NC(=O)NC1=O,0.00070672476
CCCCOC(=O)c1ccc(N)cc1,0.005169025
CCCC1([C@H](O)C/C=C/[C@H]2[C@H](O)CC(=O)[C@@H]2CCCCCCC(=O)OC)CCC1,0.0023863125
O=C(/C=C/c1ccc(O)c(O)c1)c1ccc(O)cc1O,0.012839599
CN(Cc1ccc(C(C)(C)C)cc1)Cc1cccc2ccccc12,0.6960384
CCCCS(=N)(=O)CC[C@H](N)C(=O)O,0.0020887721
CC[C@@H](C(=O)O)c1ccc(CC(C)C)cc1,0.0118182255
Clc1ccc(CC[C@@H](Cn2ccnc2)Sc2c(Cl)cccc2Cl)cc1,0.96801364
CCCC(=O)c1cc(F)ccc1OC[C@@H](O)CNC(C)(C)C,0.005394444
CCCCOC(=O)c1ccc(O)cc1,0.003721611
COc1ccc(O)c(C(C)(C)C)c1,0.009026496
Cc1cc(C(C)(C)C)c(O)c(C(C)(C)C)c1,0.017947223
CCC/C=C1\OC(=O)c2ccccc21,0.0050592544
CCCC[C@H]1OC(=O)c2ccccc21,0.006088679
c1ccc2cc(C3=NCCN3)ncc2c1,0.0074576074
CC(C)Nc1cc(-c2c[nH]c(C(=O)N[C@H](CO)c3cccc(Cl)c3)c2)c(Cl)cn1,0.11042868
Cc1c(Cl)cccc1S(=O)(=O)Nc1nc(CC(=O)N2CCN(C)CC2)cs1,0.0054858783
CC1(C)C(=O)NC2=C1C(=O)C(=O)c1ccccc12,0.0006280231
CC(=O)N(O)C/C=C/c1cccc(Oc2ccccc2)c1,0.087339535
C[C@@H](/C=C/c1cccc(Oc2ccc(F)cc2)c1)N(O)C(N)=O,0.09071824
CC(C)C[C@@H](NC(=O)[C@H](Cc1ccccc1)NC(=O)CNC(=O)[C@@H](C)NC(=O)[C@@H](N)Cc1ccc(O)cc1)C(=O)O,0.031809382
C/C(=N\NC(=S)NNC(=S)Nc1ccccc1Cl)c1ccccn1,0.97023755
C=CCN1C[C@H](C)N([C@H](c2ccc(C(=O)N(CC)CC)cc2)c2cccc(O)c2)C[C@H]1C,0.114435285
CNC(=O)c1ccc2c(c1)S(=O)(=O)c1ccccc1C2=O,0.0027509388
C[C@@H](N)Cc1c[nH]c2ccc(OCc3cccs3)cc12,0.113795854
O=C(NCCCNc1nc(Nc2cccc(NC(=O)N3CCCC3)c2)ncc1I)c1cccs1,0.027713144
O=C(Nc1cccc(Nc2ncc(Br)c(NCCc3cnc[nH]3)n2)c1)N1CCCC1,0.05936572
Cn1cccc1/C=C1\C(=O)NC(=O)c2ccccc21,0.009965949
COc1cc2nc(N3CCC(N4CCCCC4)CC3)nc(NC3CCCCCC3)c2cc1OC,0.02069176
O=S(=O)(c1cccc2cnccc12)N1CCNCC1,0.0021016973
CCOC(=O)c1cnc[nH]1,0.0043870914
Nc1ccc(-c2cccc(C(=O)Nc3cnc4nc(N5CCOCC5)oc4c3)n2)cn1,0.022042254
C[S+](C)CC[C@H](N)C(=O)O,0.0016648029
OC[C@H]1O[C@H](O[C@H]2O[C@H](CO)[C@@H](O)[C@H](O)[C@H]2O)[C@H](O)[C@@H](O)[C@@H]1O,0.0016658009
CO[C@H]1C(=O)[C@]2(C)[C@@H](OC)C[C@H]3OC[C@@]3(OC(C)=O)[C@H]2[C@H](OC(=O)c2ccccc2)[C@]2(O)C[C@H](OC(=O)[C@H](O)[C@@H](NC(=O)OC(C)(C)C)c3ccccc3)C(C)=C1C2(C)C,0.0003982524
C=CCN1C[C@H](C(=O)N(CCCN(C)C)C(=O)NCC)C[C@@H]2c3cccc4[nH]cc(c34)C[C@H]21,0.008516789
C[C@H]1CO[C@@H]2Cn3cc(C(=O)NCc4ccc(F)cc4F)c(=O)c(O)c3C(=O)N12,0.99065053
COc1cc2nccc(Oc3ccc(NC(=O)C4(C(=O)Nc5ccc(F)cc5)CC4)cc3)c2cc1OC,0.04447443
CC(C)(C)[C@H]1CCc2c(sc(NC(=O)c3ccco3)c2C(=O)O)C1,0.27058077
O=C(O)c1cn(C2CC2)c2cc(N3CCC(O)(COc4ccc(N5C[C@H](CO)OC5=O)cc4F)CC3)c(F)cc2c1=O,0.98656464
CCOC(=O)NNc1ccc(N(CC)C[C@@H](C)O)nn1,0.010913049
C[C@@]12CCc3occc3[C@H]1CC[C@@]13C[C@@H](CC[C@H]12)[C@@](O)(CO)C3,0.0019971621
O=C(O)/C=C/c1ccc(O)c(O)c1,0.005342366
O=C(/C=C/c1ccc(O)c(O)c1)OCCc1ccccc1,0.0078436555
Cn1c(=O)c2c(ncn2C)n(C)c1=O,0.0026262014
C=C1CC[C@H](O)C/C1=C/C=C1\CCC[C@]2(C)[C@@H]([C@H](C)CCCC(C)(C)O)CC[C@@H]12,0.425457
C=C1/C(=C\C=C2/CCC[C@]3(C)[C@@H]([C@H](C)/C=C/[C@@H](O)C4CC4)CC[C@@H]23)C[C@@H](O)C[C@@H]1O,0.019173963
CC(C)C[C@H](NC(=O)[C@H](CCCCN)NC(=O)CNC(=O)[C@H](CC(C)C)NC(=O)[C@@H](NC(=O)[C@@H]1CSSC[C@H](N)C(=O)N[C@@H](CO)C(=O)N[C@@H](CC(N)=O)C(=O)N[C@@H](CC(C)C)C(=O)N[C@@H](CO)C(=O)N[C@@H]([C@@H](C)O)C(=O)N1)C(C)C)C(=O)N[C@@H](CO)C(=O)N[C@@H](CCC(N)=O)C(=O)N[C@@H](CCC(=O)O)C(=O)N[C@@H](CC(C)C)C(=O)N[C@@H](Cc1c[nH]cn1)C(=O)N[C@@H](CCCCN)C(=O)N[C@@H](CC(C)C)C(=O)N[C@@H](CCC(N)=O)C(=O)N[C@H](C(=O)N[C@@H](Cc1ccc(O)cc1)C(=O)N1CCC[C@H]1C(=O)N[C@@H](CCCNC(=N)N)C(=O)N[C@H](C(=O)N[C@@H](CC(=O)O)C(=O)N[C@H](C(=O)NCC(=O)N[C@@H](C)C(=O)NCC(=O)N[C@H](C(=O)N1CCC[C@H]1C(N)=O)[C@@H](C)O)C(C)C)[C@@H](C)O)[C@@H](C)O,0.996566
C=C1/C(=C\C=C2/CCC[C@]3(C)[C@@H]([C@H](C)CCCC(C)(C)O)CC[C@@H]23)C[C@@H](O)C[C@@H]1O,0.28892326
O=C(O)[C@H](O)[C@H](O)[C@@H](O)[C@H](O)[C@H](O)CO,0.00084282743
Nc1nc(=O)c2c([nH]1)NC[C@H](CNc1ccc(C(=O)N[C@@H](CCC(=O)O)C(=O)O)cc1)N2C=O,0.00484298
C[C@@H](N[C@H]1CCCC[C@@H]1NC(=O)c1ccc(Cl)cc1)c1cccc2ccccc12,0.09950108
CCCC[C@@H](C=O)NC(=O)[C@H](CC(C)C)NC(=O)OCc1ccccc1,0.0073880116
C[C@H]1CN(Cc2ccc(CC(=O)N3CCC(Nc4cccc(F)c4)CC3)cc2)CCN1,0.07982157
Cc1c(Cl)cccc1S(=O)(=O)Nc1nc(NCCc2ccccc2)nc2c1CN(Cc1ccccc1)CC2,0.063552566
CC(C)(Sc1cc(C(C)(C)C)c(O)c(C(C)(C)C)c1)Sc1cc(C(C)(C)C)c(OCC(=O)O)c(C(C)(C)C)c1,0.0078094504
CN(C)C(=O)COC(=O)Cc1ccc(OC(=O)c2ccc(NC(=N)N)cc2)cc1,0.0036368403
CC1(C)[C@@H]2CC[C@@]1(C)C(=O)C2,0.00268363
CC1(C)[C@@H]2CC[C@]1(C)C(=O)C2,0.0029215973
CC[C@@]1(O)C(=O)OCc2c1cc1n(c2=O)Cc2cc3ccccc3nc2-1,0.004400163
CCN(CC)CCN[C@@H](C(=O)OCCC(C)C)c1ccccc1,0.0055033807
Cc1ccc([C@@H]2O[C@H](CO)[C@@H](O)[C@H](O)[C@H]2O)cc1Cc1ccc(-c2ccc(F)cc2)s1,0.22993313
CCOc1nc2cccc(C(=O)O)c2n1Cc1ccc(-c2ccccc2-c2nn[nH]n2)cc1,0.009588201
CCOc1nc2cccc(C(=O)O[C@@H](C)OC(=O)OC3CCCCC3)c2n1Cc1ccc(-c2ccccc2-c2nn[nH]n2)cc1,0.04090518
C[C@H](C[C@H](C)[C@@H](O)CC(=O)c1ccc(N)cc1)[C@H]1OC(=O)CC(=O)CCCC(=O)C[C@@H](O)C[C@@H](O)C[C@@H](O)CC(=O)C[C@@H](O)[C@H](C(=O)O)[C@@H](O)C[C@@H](O[C@@H]2O[C@H](C)[C@H](O)[C@@H](O)[C@@H]2N)/C=C/C=C/C=C/C=C/C=C/C=C/C=C/[C@@H]1C,0.00016803876
C=CC(=O)Nc1cc2c(Nc3ccc(F)c(Cl)c3)ncnc2cc1OCCCN1CCOCC1,0.4631894
CSCCNc1nc(SCCC(F)(F)F)nc2c1ncn2[C@@H]1O[C@H](COP(=O)(O)OP(=O)(O)C(Cl)(Cl)P(=O)(O)O)[C@@H](O)[C@H]1O,1.030169e-06
C[C@]12CCC(=O)C=C1C=C[C@@H]1[C@@H]2CC[C@@]2(C)[C@H]1CC[C@@]21CCC(=O)O1,0.00044766202
C[C@@]12C(=O)OC(=O)[C@]1(C)[C@H]1CC[C@@H]2O1,0.00038776163
N#Cc1c(N)nc(SCc2csc(-c3ccc(Cl)cc3)n2)c(C#N)c1-c1ccc(OCCO)cc1,0.18365581
CCCCCOC(=O)Nc1nc(=O)n([C@@H]2O[C@H](C)[C@@H](O)[C@H]2O)cc1F,0.4359234
COc1cc(C(=O)NCCCCCC(=O)O)cc(OC)c1OC,0.0008832499
C[C@@H]1NC(=O)[C@@H](N)CNC(=O)[C@H]([C@H]2CCN=C(N)N2)NC(=O)/C(=C\NC(N)=O)NC(=O)[C@H](CNC(=O)C[C@@H](N)CCCN)NC1=O,0.0050996635
CN1N=C2CCN(C(=O)[C@@H](COCc3ccccc3)NC(=O)C(C)(C)N)C[C@@]2(Cc2ccccc2)C1=O,0.0013726021
CCCCCCCC(=O)O,0.0043731667
COc1cc(CNC(=O)CCCC/C=C/C(C)C)ccc1O,0.0086424295
Oc1cc2c(cc1O)CN(C(=S)NCCc1ccc(Cl)cc1)CCC2,0.027168673
CN(C)CCS,0.0045126816
O=C1[C@H]2CC=CC[C@@H]2C(=O)N1SC(Cl)(Cl)Cl,0.8898657
C[C@H](CS)C(=O)N1CCC[C@H]1C(=O)O,0.0034524144
CNC(=O)ON(C(C)=O)C(=O)NC,0.010415266
CCN(CC)CCOC(=O)C1(c2ccccc2)CCCC1,0.0015867627
CC(C)NC[C@@H](O)COc1cccc2[nH]c3ccccc3c12,0.012259768
C[N+](C)(C)CCOC(N)=O,0.0017583275
COC(=O)N/N=C/c1c[n+]([O-])c2ccccc2[n+]1[O-],0.9906255
NC(=O)N1c2ccccc2C=Cc2ccccc21,0.006856189
CNC(=O)Oc1cccc2ccccc12,0.008401327
NC(=O)Nc1ccc([As](=O)(O)O)cc1,0.0007050487
CN1C2=CC(=O)/C(=N\NC(N)=O)C=C2C[C@H]1S(=O)(=O)O,0.0035190564
COC(=O)Nc1nc2ccccc2[nH]1,0.0062381993
CC1(C)S[C@@H]2[C@H](NC(=O)[C@@H](C(=O)O)c3ccccc3)C(=O)N2[C@H]1C(=O)O,0.96936923
CC1(C)[C@@H](OC(=O)CCC(=O)O)CC[C@]2(C)[C@H]3C(=O)C=C4[C@@H]5C[C@@](C)(C(=O)O)CC[C@]5(C)CC[C@@]4(C)[C@]3(C)CC[C@@H]12,0.00030703942
CCN(CC)CCOCCOC(=O)C1(c2ccccc2)CCCC1,0.0015127296
CC[C@H](C)[C@@H]1NC(=O)[C@H](Cc2ccc(OC)cc2)NC(=O)CCCSC[C@@H](C(=O)N2CCC[C@H]2C(=O)N[C@@H](CC(C)C)C(=O)NCC(N)=O)NC(=O)[C@H](CC(N)=O)NC(=O)[C@H](CCC(N)=O)NC1=O,0.011662719
C[C@@](Cc1ccc(O)c(O)c1)(NN)C(=O)O,0.0035881107
CCOC(=O)n1ccn(C)c1=S,0.02751943
CN(C)CCO[C@@H](c1ccc(Cl)cc1)c1ccccn1,0.014521808
[NH2][Pt]1([NH2])[O]C(=O)C2(CCC2)C(=O)[O]1,0.00014990485
NC(=O)c1nnn(Cc2cc(Cl)c(C(=O)c3ccc(Cl)cc3)c(Cl)c2)c1N,0.9365223
CCCCc1nc(Cl)c(C(=O)O)n1Cc1ccc(-c2ccccc2-c2nn[nH]n2)cc1,0.20498809
O=C(O)c1ccc(SSc2ccc(C(=O)O)cn2)nc1,0.25111854
COc1ccc(Nc2nccc(NCCO)n2)cc1,0.021106593
c1coc(-c2nnc3sc(C4CCCCC4)nn23)c1,0.0011772178
CC(C)(C(=O)O)c1ccc(C(=O)CCCN2CCC(OC(c3ccccc3)c3ccccc3)CC2)cc1,0.006019429
CC(C)C[C@H](NC(=O)[C@H](CCc1ccccc1)NC(=O)CN1CCOCC1)C(=O)N[C@@H](Cc1ccccc1)C(=O)N[C@@H](CC(C)C)C(=O)[C@@]1(C)CO1,0.034769967
NC(=O)N[C@@H](CCC(=O)O)C(=O)O,0.0011802291
NC(=O)CN1C=CCC(C(N)=O)=C1,0.0024069438
CC(C)c1ccc(C(=O)N=C(N)N)cc1S(C)(=O)=O,0.0026151587
CN(C)C(=O)N[C@H]1CC[C@H](CCN2CCN(c3cccc(Cl)c3Cl)CC2)CC1,0.1497688
CCCCCCNC(=O)n1cc(F)c(=O)[nH]c1=O,0.9373887
COc1ccc(C[C@@H](C)NC[C@H](O)c2ccc(O)c3[nH]c(=O)ccc23)cc1,0.18785486
O=C(O)c1ccc2[nH]cc(CCCCN3CC=C(c4ccccc4)CC3)c2c1,0.02723253
O=C(NCCCl)N(CCCl)[NH2+][O-],0.032692008
C[N+](C)(C)C[C@@H](O)CC(=O)O,0.0009772028
NCCC(=O)N[C@@H](Cc1cnc[nH]1)C(=O)O,0.003139454
CCN(CC)CCn1c(=O)c(Cc2ccc(OC)cc2)nc2ccccc21,0.28619337
NC(=O)CN1Cc2ccccc2OC1=O,0.002736895
C[C@@H](C(=O)O)c1ccc2c(c1)[nH]c1ccc(Cl)cc12,0.022460837
O=c1[nH]c(=O)c2ccccc2o1,0.05046555
CC(C)(C)NCC(O)COc1cccc2c1CCC(=O)N2,0.0016715705
NC(=O)OC[C@@H]1[C@H](NC(=O)/C(=N\OCC(=O)O)c2csc(N)n2)C(=O)N1S(=O)(=O)O,0.8255155
COc1ccccc1OCCNC[C@@H](O)COc1cccc2[nH]c3ccccc3c12,0.01823862
NS(=O)(=O)c1ccc(C(=O)O)cc1,0.00087613025
OCc1cc(O)c2c(O)c3c(O)cccc3c(O[C@@H]3O[C@H](CO)[C@H](O)[C@@H](O)[C@H]3O)c2c1,0.0659332
OCCN[C@H]1CCCc2c1[nH]c1ccc(-c3ccccc3)cc21,0.030087601
CC[C@H](C)C[C@H](C)CCCCCCCCC(=O)N[C@H]1C[C@@H](O)[C@@H](NCCN)NC(=O)[C@@H]2[C@@H](O)CCN2C(=O)[C@H]([C@H](O)CCN)NC(=O)[C@H]([C@H](O)[C@@H](O)c2ccc(O)cc2)NC(=O)[C@@H]2C[C@@H](O)CN2C(=O)[C@H]([C@@H](C)O)NC1=O,0.9945964
O[C@H]1[C@H](O)[C@@H](O)CN2CC[C@H](O)[C@H]12,0.0024189823
CCC1=C[C@@H]2CN3CCc4c([nH]c5ccccc45)[C@@](C(=O)OC)(C2)[C@@H]13,0.0024976756
Cn1nc(C(C)(C)C)cc1C(=O)N[C@@H](Cc1cccc(Cl)c1)C(=O)NCC#N,0.0061554825
O=C1NC(=O)/C(=C\c2ccc(-c3ccc(F)cc3)o2)S1,0.9062498
CCC(=O)O[C@]1(C(=O)CO)CC[C@H]2[C@@H]3CCC4=CC(=O)CC[C@]4(C)[C@H]3CC[C@@]21C,0.00047833307
CN(C)/N=N/c1ccc(C(=O)O)cc1,0.004952538
Cc1cc2c(C(N)=O)cccc2n1-c1nc2c(c(NCc3ccccc3)n1)COCC2,0.013667772
O=C(Cc1cccc(OC(F)(F)F)c1)Nc1ccc(CCCCc2nnc(NC(=O)Cc3ccccn3)s2)nn1,0.012230815
CCS(=O)(=O)N(Cc1cccnc1)c1cccc(-c2ccc(C#N)cc2)c1,0.011969023
CC(=O)c1ccc2c(c1)c1cc(C(C)=O)ccc1n2CCNC(C)C,0.011294711
NC(=NNc1ccccc1)c1ccccc1,0.03506421
CCN1C(=O)CN=C2NC=C(c3ccc(-c4nnc[nH]4)nc3C)N=C21,0.003880919
CO[C@H]1CC[C@H](N2C(=O)CNc3ncc(-c4ccc(C(C)(C)O)nc4)nc32)CC1,0.0055324356
c1cc(OCCN2CCCCC2)cc(-c2n[nH]c3ccc(-c4nnc[nH]4)cc23)c1,0.008230456
C=CC(=O)Nc1cc(C)ccc1Nc1nc(Nc2cc(OC)ncc2C)ncc1C(F)(F)F,0.26750004
O[C@H]1CC[C@H](Nc2ncc3nc(Nc4c(F)cc(F)cc4F)n([C@H]4CCOC4)c3n2)CC1,0.94993865
C[C@@H](ONC(=O)c1cc(C(F)(F)F)cc(C(F)(F)F)c1)C(=O)Nc1ccc(Cl)cc1,0.54334784
Cc1ccc(-n2sc(=O)n(Cc3ccc(F)cc3)c2=O)cc1,0.8738449
Cc1cccc(Oc2nc3c(C)cccn3c(=O)c2/C=C(\C#N)c2nc3ccccc3s2)c1,0.83909744
Cc1cccn2c(=O)c(/C=C(\C#N)c3nc4ccccc4s3)c(Oc3ccc(F)cc3)nc12,0.8161967
Cc1cc(C(=CNc2ccc(Cl)cc2)C(=O)Nc2ccc(Cl)cc2)on1,0.19012034
O=C(O)Cc1cc2ccccc2nc1C(=O)O,0.00793766
O=C(CN1C2=NCCN2c2ccccc21)c1ccc(-c2ccccc2)cc1,0.0198479
CCc1cc(-c2n[nH]c(C)c2-c2ccc3c(c2)OCCO3)c(O)cc1O,0.1343987
NC1(Cc2ccc(Cl)cc2)CCN(c2ncnc3[nH]ccc23)CC1,0.017611863
CN(C)c1ccc(-c2nc3ncc(Cl)c(N4CCN(CC(=O)Nc5nccs5)CC4)c3[nH]2)cc1,0.06063019
Cc1cc(CN2CCN(c3c(Br)cnc4nc(-c5ccc(N6CCN(C)CC6)cc5)[nH]c34)CC2)no1,0.05440123
CC(C)(C)c1cc(NC(=O)Nc2ccc(Oc3ccnc4nc(O)cnc34)cc2F)n(-c2ccccc2)n1,0.12824501
N#Cc1cnc(Nc2cc(NC[C@H]3CNCCO3)c(C(F)(F)F)cn2)cn1,0.012591996
O=c1cccc2n1C[C@H]1C[C@@H]2CN(CCN2C[C@@H]3C[C@H](C2)c2cccc(=O)n2C3)C1,0.014954537
O=C(O)c1ccc(-c2ccc3cc(O)c(C45CC6CC(CC(C6)C4)C5)cc3c2)cc1,0.14440116
O=C(O)c1ccc2cc(-c3ccc(O)c(C45CC6CC(CC(C6)C4)C5)c3)ccc2c1,0.1354496
OC[C@H]1O[C@H]2O[C@@H]3[C@@H](O)[C@H](O)[C@H](O[C@@H]4[C@@H](O)[C@H](O)[C@H](O[C@@H]5[C@@H](O)[C@H](O)[C@H](O[C@@H]6[C@@H](O)[C@H](O)[C@H](O[C@@H]7[C@@H](O)[C@H](O)[C@H](O[C@@H]8[C@@H](O)[C@H](O)[C@H](O[C@@H]1[C@@H](O)[C@@H]2O)O[C@@H]8CO)O[C@@H]7CO)O[C@@H]6CO)O[C@@H]5CO)O[C@@H]4CO)O[C@@H]3CO,0.02251805
Nc1[nH]nc2nc3ccccc3nc12,0.008931777
COC[C@H](C)N[C@H]1CC[C@H](Nc2cc(-c3cccc(NCC4(C#N)CCOCC4)n3)c(Cl)cn2)CC1,0.1052189
N#Cc1cccc(C(=O)Nc2cc(-c3ccccc3)nn2-c2ccccc2)c1,0.004916411
CN(C)[C@]1(c2ccccc2)CC[C@]2(CC1)OCCc1c3cc(F)ccc3[nH]c12,0.0057350714
COc1cc2c(Oc3ccc4[nH]c(C)cc4c3F)ncnc2cc1OCCCN1CCCC1,0.33989704
C[C@H]1CC[C@H]2C(C)(C)[C@H]3C[C@@]12CC[C@@]3(C)O,0.018946746
C[C@@H]1CC[C@H]2C(C)(C)[C@H]3C[C@@]12CC[C@@]3(C)O,0.020477295
N[C@@H](C(=O)N[C@@H]1C(=O)N2C(C(=O)O)=C(Cl)CS[C@H]12)c1ccccc1,0.9955479
CC1=C(C(=O)O)N2C(=O)[C@@H](NC(=O)[C@H](N)c3ccc(O)cc3)[C@H]2SC1,0.98943734
NC(=O)c1cc[n+](CC2=C(C(=O)O)N3C(=O)[C@@H](NC(=O)Cc4cccs4)[C@H]3SC2)cc1,0.99410903
Cn1nnnc1SCC1=C(C(=O)O)N2C(=O)[C@@H](NC(=O)[C@H](O)c3ccccc3)[C@H]2SC1,0.9961569
Cn1nnnc1SCC1=C(C(=O)O)N2C(=O)[C@@H](NC(=O)[C@H](OC=O)c3ccccc3)[C@H]2SC1,0.9963989
CC(=O)OCC1=C(C(=O)O)N2C(=O)[C@@H](NC(=O)CS/C(=N/C(C)C)NC(C)C)[C@H]2SC1,0.99700636
Cc1nnc(SCC2=C(C(=O)O)N3C(=O)[C@@H](NC(=O)Cn4cnnn4)[C@H]3SC2)s1,0.99388015
CC/C=C(\C(=O)N[C@@H]1C(=O)N2C(C(=O)OCOC(=O)C(C)(C)C)=C(COC(N)=O)CS[C@H]12)c1csc(N)n1,0.9874178
C=CC1=C(C(=O)O)N2C(=O)[C@@H](NC(=O)/C(=N\O)c3csc(N)n3)[C@H]2SC1,0.9986204
CO/N=C(\C(=O)N[C@@H]1C(=O)N2C(C(=O)OCOC(=O)C(C)(C)C)=C(/C=C\c3scnc3C)CS[C@H]12)c1csc(N)n1,0.9979461
CO/N=C(/C(=O)N[C@@H]1C(=O)N2C(C(=O)O)=C(C[N+]3(C)CCCC3)CS[C@H]12)c1csc(N)n1,0.99689376
CO/N=C(\C(=O)N[C@@H]1C(=O)N2C(C(=O)O)=C(C)CS[C@H]12)c1csc(N)n1,0.99670947
CO/N=C(\C(=O)N[C@@H]1C(=O)N2C(C(=O)OCOC(=O)C(C)(C)C)=C(C)CS[C@H]12)c1csc(N)n1,0.99420965
CC(C)(O/N=C(\C(=O)N[C@@H]1C(=O)N2C(C(=O)O)=C(C[N+]3(CCNC(=O)c4ccc(O)c(O)c4Cl)CCCC3)CS[C@H]12)c1csc(N)n1)C(=O)O,0.9990711
C=CC1=C(C(=O)O)N2C(=O)[C@@H](NC(=O)/C(=N\OCC(=O)O)c3csc(N)n3)[C@H]2SC1,0.9985362
CO/N=C(\C(=O)N[C@@H]1C(=O)N2C(C(=O)O)=C(CSc3nnnn3C)CS[C@H]12)c1csc(N)n1,0.9988142
CO[C@@]1(NC(=O)CSCC#N)C(=O)N2C(C(=O)O)=C(CSc3nnnn3C)CS[C@@H]21,0.97166204
CO[C@@]1(NC(=O)CSC[C@@H](N)C(=O)O)C(=O)N2C(C(=O)O)=C(CSc3nnnn3C)CS[C@@H]21,0.96494496
CO/N=C(\C(=O)N[C@@H]1C(=O)N2C(C(=O)O)=C(CSc3nc(C)c(CC(=O)O)s3)CS[C@H]12)c1csc(N)n1,0.9994752
O=C(O)C1=C(CSc2nnnn2CS(=O)(=O)O)CS[C@@H]2[C@H](NC(=O)[C@H](O)c3ccccc3)C(=O)N12,0.9941075
CCN1CCN(C(=O)N[C@@H](C(=O)N[C@@H]2C(=O)N3C(C(=O)O)=C(CSc4nnnn4C)CS[C@H]23)c2ccc(O)cc2)C(=O)C1=O,0.99824333
NCc1ccccc1CC(=O)N[C@@H]1C(=O)N2C(C(=O)O)=C(CSc3nnnn3CC(=O)O)CS[C@H]12,0.9957123
CO/N=C(\C(=O)N[C@@H]1C(=O)N2C(C(=O)O)=C(Cn3ccc(=N)n3CCO)CS[C@H]12)c1csc(N)n1,0.9989471
CO/N=C(\C(=O)N[C@@H]1C(=O)N2C(C(=O)O)=C(COC(C)=O)CS[C@H]12)c1csc(N)n1,0.99798137
CO[C@@]1(NC(=O)C2SC(=C(C(N)=O)C(=O)O)S2)C(=O)N2C(C(=O)O)=C(CSc3nnnn3C)CS[C@@H]21,0.9998572
CN(C)CCn1nnnc1SCC1=C(C(=O)O)N2C(=O)[C@@H](NC(=O)Cc3csc(N)n3)[C@H]2SC1,0.99649966
C[C@@H](OC(=O)OC1CCCCC1)OC(=O)C1=C(CSc2nnnn2CCN(C)C)CS[C@H]2[C@@H](NC(=O)Cc3csc(N)n3)C(=O)N12,0.9975643
CO[C@@]1(NC(=O)Cc2cccs2)C(=O)N2C(C(=O)O)=C(COC(N)=O)CS[C@@H]21,0.93096375
CO/N=C(\C(=O)N[C@@H]1C(=O)N2C(C(=O)O)=C(C[n+]3ccn4ncccc43)CS[C@H]12)c1nsc(N)n1,0.99869365
Cc1cc(=O)c(C(=O)N[C@@H](C(=O)N[C@@H]2C(=O)N3C(C(=O)O)=C(CSc4nnnn4C)CS[C@H]23)c2ccc(O)cc2)c[nH]1,0.998487
CO/N=C(/C(=O)N[C@@H]1C(=O)N2C(C(=O)O)=C(C[n+]3cccc4c3CCC4)CS[C@H]12)c1csc(N)n1,0.999017
COCC1=C(C(=O)O[C@@H](C)OC(=O)OC(C)C)N2C(=O)[C@@H](NC(=O)/C(=N\OC)c3csc(N)n3)[C@H]2SC1,0.99869007
C/C=C/C1=C(C(=O)O)N2C(=O)[C@@H](NC(=O)[C@H](N)c3ccc(O)cc3)[C@H]2SC1,0.99232775
CC1=C(C(=O)O)N2C(=O)[C@@H](NC(=O)[C@H](N)C3=CCC=CC3)[C@H]2SC1,0.98618734
NC(=O)c1cc[n+](CC2=C(C(=O)O)N3C(=O)[C@@H](NC(=O)[C@@H](c4ccccc4)S(=O)(=O)O)[C@H]3SC2)cc1,0.9959928
CCO/N=C(/C(=O)N[C@@H]1C(=O)N2C(C(=O)O)=C(Sc3nc(-c4cc[n+](C)cc4)cs3)CS[C@H]12)c1nc(=NP(=O)(O)O)s[nH]1,0.9997068
CC(C)(O/N=C(\C(=O)N[C@@H]1C(=O)N2C(C(=O)O)=C(C[n+]3ccccc3)CS[C@H]12)c1csc(N)n1)C(=O)O,0.99902165
Nc1nc(/C(=C/CC(=O)O)C(=O)N[C@@H]2C(=O)N3C(C(=O)O)=CCS[C@H]23)cs1,0.9853158
CO/N=C(\C(=O)N[C@@H]1C(=O)N2C(C(=O)O)=C(CSC(=O)c3ccco3)CS[C@H]12)c1csc(N)n1,0.99931777
CO/N=C(\C(=O)N[C@@H]1C(=O)N2C(C(=O)O)=CCS[C@H]12)c1csc(N)n1,0.9951249
Nc1nc(/C(=N/O)C(=O)N[C@@H]2C(=O)N3C(C(=O)O)=C(/C=C4\CCN([C@@H]5CCNC5)C4=O)CS[C@H]23)ns1,0.9974953
CO/N=C(\C(=O)N[C@@H]1C(=O)N2C(C(=O)O)=C(CSc3nc(=O)c(O)nn3C)CS[C@H]12)c1csc(N)n1,0.99953616
CO/N=C(\C(=O)N[C@@H]1C(=O)N2C(C(=O)O)=C(COC(N)=O)CS[C@H]12)c1ccco1,0.9960504
CO/N=C(\C(=O)N[C@@H]1C(=O)N2C(C(=O)O[C@@H](C)OC(C)=O)=C(COC(N)=O)CS[C@H]12)c1ccco1,0.9963403
Cc1ccc(-c2cc(C(F)(F)F)nn2-c2ccc(S(N)(=O)=O)cc2)cc1,0.13854492
CCCC(=O)O[C@H]1CN2CC[C@H](O)[C@@H]2[C@@H](O)[C@@H]1O,0.0020916467
CCN(CC)C(=O)Nc1ccc(OC[C@@H](O)CNC(C)(C)C)c(C(C)=O)c1,0.016351467
CCc1cc(-c2noc(-c3cc(OC)nc(C4CCCC4)c3)n2)cc(C)c1OC[C@@H](O)CO,0.003456707
CCCCOCCOc1ccc(-c2ccc3c(c2)/C=C(/C(=O)Nc2ccc([S@@](=O)Cc4cncn4CCC)cc2)CCCN3CC(C)C)cc1,0.96237093
NC(=O)O[C@@H](Cn1ncnn1)c1ccccc1Cl,0.0020956406
c1ccc2cc([C@]34CNC[C@H]3C4)ccc2c1,0.006406984
Nn1cnc2cc3ccccc3cc2c1=O,0.032688532
Cc1cccc(N2CCN(CCc3ccc4ccccc4n3)CC2)c1,0.029951718
CCC(=O)c1ccc(OC[C@@H](O)CN2CCN(c3ccccc3)CC2)cc1,0.0040019564
COc1cc2ncnc(Oc3cccc(NC(=O)Nc4cc(C(C)(C)C(F)(F)F)on4)c3)c2cc1OC,0.0007563045
CN1CCN(c2cccc(Nc3nc4c(-c5ccc(S(C)(=O)=O)cc5)cccn4n3)c2)CC1,0.018423494
CNC(=O)c1ccccc1Nc1nc(Nc2ccc3c(c2OC)CCC[C@H](N2CCN(CCO)CC2)C3)ncc1Cl,0.014193599
COc1cc2nccc(Oc3ccc(NC(=O)c4cn(C(C)C)c(=O)n(-c5ccc(F)cc5)c4=O)cc3F)c2cc1OC,0.98547006
CC1=C(C(=O)O)N2C(=O)[C@@H](NC(=O)[C@H](N)c3ccccc3)[C@H]2SC1,0.98894954
C/C=C(\C)C(=O)N[C@@H](c1ccccc1)[C@@H](O)C(=O)O[C@H]1C[C@@]2(O)[C@@H](OC(=O)c3ccccc3)[C@@H]3[C@]4(OC(C)=O)CO[C@@H]4C[C@H](O)[C@@]3(C)C(=O)[C@H](OC(C)=O)C(=C1C)C2(C)C,8.830528e-05
CC(=O)OCC1=C2C(=O)[O][Zn][O]C(=O)[C@@H](N)CCCC(=O)N[C@@H]3C(=O)N2[C@@H]3SC1,0.9793841
CC(=O)OCC1=C(C(=O)O)N2C(=O)[C@@H](NC(=O)Cc3cccs3)[C@H]2SC1,0.9912435
CC(=O)OCC1=C(C(=O)O)N2C(=O)[C@@H](NC(=O)CSc3ccncc3)[C@H]2SC1,0.99556726
COc1ccc2cc1Oc1ccc(cc1)C[C@H]1c3c(cc4c(c3Oc3cc5c(cc3OC)CCN(C)[C@@H]5C2)OCO4)CCN1C,0.25627986
CC1=C(C(=O)O)N2C(=O)[C@@H](NC(=O)[C@H](N)C3=CCC=CC3)[C@@H]2SC1,0.9823251
CCCCCCCCCCCCC/C=C/[C@@H](O)[C@H](CO)NC(C)=O,0.15141383
Cc1cc(Nc2ncc(Cl)c(Nc3ccccc3S(=O)(=O)C(C)C)n2)c(OC(C)C)cc1C1CCNCC1,0.14908826
C/C=C/C/C=C/CCC(=O)[C@H]1O[C@H]1C(N)=O,0.0036555643
CSCC[C@H](NC(=O)[C@H](Cc1c[nH]c2ccccc12)NC(=O)CNC(=O)[C@@H](NC(=O)[C@H](Cc1ccc(OS(=O)(=O)O)cc1)NC(=O)[C@H](CC(=O)O)NC(=O)[C@H](CCC(N)=O)NC(=O)[C@@H]1CCC(=O)N1)[C@@H](C)O)C(=O)N[C@@H](CC(=O)O)C(=O)N[C@@H](Cc1ccccc1)C(N)=O,0.012603225
CCCCCCCCCCCCCCCCNc1ccc(C(=O)O)cc1,0.5286106
CCCCCCCCCCCCCCCCOc1nc2ccc(C)cc2c(=O)o1,0.4578584
O=C(O)COCCN1CCN([C@@H](c2ccccc2)c2ccc(Cl)cc2)CC1,0.00339689
CCCCCCCCCCCCCCCC[N+](C)(C)C,0.42612785
CC(=O)N[C@H](Cc1ccc2ccccc2c1)C(=O)N[C@H](Cc1ccc(Cl)cc1)C(=O)N[C@H](Cc1cccnc1)C(=O)N[C@@H](CO)C(=O)N[C@@H](Cc1ccc(O)cc1)C(=O)N[C@H](CCCNC(N)=O)C(=O)N[C@@H](CC(C)C)C(=O)N[C@@H](CCCNC(=N)N)C(=O)N1CCC[C@H]1C(=O)N[C@H](C)C(N)=O,0.7277131
CCCCCCCCCCCCCCCC[n+]1ccccc1,0.7634419
C[C@H]1O[C@]2(CS1)CN1CCC2CC1,0.0030140737
CNCCCOc1cc(F)c(-c2c(Cl)nc3ncnn3c2N[C@@H](C)C(F)(F)F)c(F)c1,0.7944507
C[C@H]1CCc2c(cc(Br)c(F)c2Br)N1C=O,0.9568034
COc1ccc2c(c1)[C@]1(C[C@H]1c1ccc3c(/C=C/c4ccc(CN5C[C@@H](C)O[C@@H](C)C5)cc4)[nH]nc3c1)C(=O)N2,0.2713554
Cc1cc(-c2cnn3c(NC[C@H]4C[C@@](C)(O)C4)cc(Oc4cccnc4)nc23)ccc1C(=O)NC1CC1,0.07698354
COc1ccc(NC(=O)c2cc(OCCCN(C)C)nn2Cc2ccccc2)cc1,0.050761826
COc1cc2c(cc1OC)C(c1ccc(N)cc1)=NNC(=O)C2,0.047057506
O=C(O)c1ccc(/C=C2/SC(=S)N(c3cccc(C(F)(F)F)c3)C2=O)cc1,0.9878507
CNC(=O)[C@H]1O[C@@H](n2cnc3c(NCc4cccc(I)c4)nc(Cl)nc32)[C@H](O)[C@@H]1O,0.021925762
Cc1c(N)cccc1Cn1ccc(OCCc2cccs2)cc1=O,0.21345706
Nc1nc(-c2ccc(Cl)c(Cl)c2)c(-c2ccncc2)s1,0.53433424
O=C(N[C@H](NC(=S)Nc1ccc(F)c([N+](=O)[O-])c1)C(Cl)(Cl)Cl)C(c1ccccc1)c1ccccc1,0.99828583
COc1cc2c(cc1OC(C)C)[C@H](c1ccc(Cl)cc1)N(c1ccc(N(C)C[C@H]3CC[C@H](N4CCN(C)C(=O)C4)CC3)cc1)C(=O)C2,0.23296008
CC(C)(C)NC[C@@H](O)COc1cccc2[nH]c(=O)[nH]c12,0.018668279
CC(C)(C=O)Cc1cc(C(C)(C)C)c(O)c(C(C)(C)C)c1,0.01791341
Cn1cc(C(F)(F)F)nc1-c1ccc(OC[C@H](O)CNCCOc2ccc(O)c(C(N)=O)c2)cc1,0.2263926
CCN(CC)CCNC(=O)c1cc(C#N)c(Cl)cc1OC,0.0024775125
O=C1CS[C@@H](c2ccccc2Cl)c2cc(Cl)ccc2N1,0.79824764
C/C(=C\[C@@H](N)C(=O)O)CP(=O)(O)O,0.00053045724
CCOC(=O)[C@H](N)/C=C(\C)CP(=O)(O)O,0.00045692158
O=C1NC(=O)c2cc(Nc3ccccc3)c(Nc3ccccc3)cc21,0.03852213
O=C1NC(=O)c2cc(Nc3ccc(F)cc3)c(Nc3ccc(F)cc3)cc21,0.096934475
C[C@H](NC[C@H](O)CP(=O)(O)CC1CCCCC1)c1ccc(Cl)c(Cl)c1,0.019275283
C[C@H](NC[C@H](O)CP(=O)(O)Cc1ccccc1)c1ccc(Cl)c(Cl)c1,0.012692783
Nc1ncnc2n[nH]c(Nc3ccc(F)cc3)c12,0.011898092
OCCCNc1cc(-c2ccnc(Nc3cccc(Cl)c3)n2)ccn1,0.16199611
Nc1nc(NC[C@H]2CC[C@H](CNS(=O)(=O)c3cccc4ccccc34)CC2)nc2ccccc12,0.03988366
CCn1cnc2c(Nc3cccc(Cl)c3)nc(N[C@@H]3CCCC[C@@H]3N)nc21,0.25760418
C[C@@H](NCc1cc(Br)cc2[nH]c(=O)c(=O)[nH]c12)P(=O)(O)O,0.09390619
CC(C)(CO)Cc1cc(C(C)(C)C)c(O)c(C(C)(C)C)c1,0.06297043
Nc1nc2ccc(Cl)cc2c2nc(-c3ccco3)nn12,0.010350084
COc1ccc(-n2[nH]c3c4c(ncc3c2=O)CCCCC4)cc1,0.1706708
CCNC(=O)[C@H]1O[C@@H](n2cnc3c(N)nc(NCCc4ccc(CCC(=O)O)cc4)nc32)[C@H](O)[C@@H]1O,0.0041690567
O=c1c2cnc3ccccc3c2[nH]n1-c1ccc(Cl)cc1,0.22235492
Cc1nc(Cn2cnc3c2c(=O)n(C)c(=O)n3C)no1,0.0041304454
Cc1nc2ccc(-n3ncc(C(=O)c4cc5ccccc5[nH]4)c3N)cc2[nH]1,0.5235436
N#C/C(=C\c1ccc(O)cc1)C(=O)O,0.00902085
C[C@H](CCC(=O)O)[C@H]1CC[C@H]2[C@@H]3[C@H](O)C[C@@H]4C[C@H](O)CC[C@]4(C)[C@H]3CC[C@]12C,0.027279733
O=C(O)C1(c2ccc(-c3ccc(Cl)c(Cl)c3)c(F)c2)CC1,0.0288495
COc1cc(-c2ccc(NN=C3C=Cc4c(S(=O)(=O)O)cc(S(=O)(=O)O)c(N)c4C3=O)c(OC)c2)ccc1NN=C1C=Cc2c(S(=O)(=O)O)cc(S(=O)(=O)O)c(N)c2C1=O,0.21626732
Nc1ccc(F)cc1NC(=O)c1ccc(CNC(=O)/C=C/c2cccnc2)cc1,0.07166547
O=S(=O)(O)c1cc(I)c(O)c2ncccc12,0.0054566446
O=c1[nH]c2ccc(Cl)cc2c(N[C@@H]2CN3CCC2CC3)c1-c1nc2ccccc2[nH]1,0.4079606
Nc1nc(NCCNc2ncc(-n3ccnc3)c(-c3ccc(Cl)cc3Cl)n2)ccc1[N+](=O)[O-],0.92358375
Cc1c[nH]c(-c2cnc(NCCNc3ccc(C#N)cn3)nc2-c2ccc(Cl)cc2Cl)n1,0.42332762
OC[C@@H](O)[C@H]1O[C@@H]2O[C@H](C(Cl)(Cl)Cl)O[C@@H]2[C@H]1O,0.6915541
O=C(O)CCCc1ccc(N(CCCl)CCCl)cc1,0.0055520777
Cc1ccc(S(=O)(=O)NCl)cc1,0.0030206924
O=C(N[C@H](CO)[C@H](O)c1ccc([N+](=O)[O-])cc1)C(Cl)Cl,0.59804153
CCCCCCCCCCCCCCCC(=O)OC[C@@H](NC(=O)C(Cl)Cl)[C@H](O)c1ccc([N+](=O)[O-])cc1,0.98128337
O=C(O)CCC(=O)OC[C@@H](NC(=O)C(Cl)Cl)[C@H](O)c1ccc([N+](=O)[O-])cc1,0.23990422
Nc1ncnc(Nc2ccc(Cl)cc2)n1,0.02188528
CN1CCN([C@@H](c2ccccc2)c2ccc(Cl)cc2)CC1,0.01873104
O=S(=O)(Oc1ccc(Cl)cc1)c1ccc(Cl)cc1,0.004346674
N=C(N=C(N)Nc1ccc(Cl)cc1)NCCCCCCNC(=N)N=C(N)Nc1ccc(Cl)cc1,0.7882277
Oc1ccc(Cl)c2c1CCC2,0.017348161
O=C1c2ccccc2C(=O)C1c1ccc(Cl)cc1,0.009324533
C[N+](C)(C)CC[N+]1(C)Cc2c(Cl)c(Cl)c(Cl)c(Cl)c2C1,0.98554265
CC(=O)O[C@]1(C(C)=O)CC[C@H]2[C@@H]3C=C(Cl)C4=CC(=O)CC[C@]4(C)[C@H]3CC[C@@]21C,0.00075211766
CN1C(=O)CCS(=O)(=O)[C@@H]1c1ccc(Cl)cc1,0.0050794994
Cc1nc2ccccc2n1Cc1ccc(Cl)cc1,0.15007484
CC(C)(O)C(Cl)(Cl)Cl,0.00721905
Cc1cc(O)ccc1Cl,0.016851319
O=C(/C=C/c1ccc(O)c(O)c1)O[C@@H]1C[C@](O)(C(=O)O)C[C@@H](O)[C@H]1O,0.00092857773
C=CC1=C(C)c2cc3[nH]c(c(CC(=O)O)c4[nH]c(cc5nc(cc1n2)C(C)=C5CC)c(C)c4C(=O)O)[C@@H](CCC(=O)O)[C@@H]3C,0.5473279
C=Cc1c(C)c2[n]3c1/C=C1\N=C(/C=c4/c(C)c(C(=O)O)/c([n]4[Cu]3)=C(\CC(=O)O)C3=N/C(=C\2)[C@@H](C)[C@@H]3CCC(=O)O)C(CC)=C1C,0.17218834
CCN(CC)CCOC(=O)c1ccc(N)cc1Cl,0.011142763
CN(C)CCN(Cc1ccc(Cl)cc1)c1ccccn1,0.023874586
CCN(CC)CCC[C@@H](C)Nc1ccnc2cc(Cl)ccc12,0.2435647
NS(=O)(=O)c1cc2c(cc1Cl)N=CNS2(=O)=O,0.0005265172
Cc1cc(O)c(C(C)C)cc1Cl,0.02430871
COc1ccc(C(Cl)=C(c2ccc(OC)cc2)c2ccc(OC)cc2)cc1,0.93324643
Oc1c(Cl)cc(Cl)c2cccnc12,0.63355154
O=c1cc[nH]c2cc(Cl)ccc12,0.041504487
Cc1cc(O)cc(C)c1Cl,0.031911887
CN(C)CC[C@@H](c1ccc(Cl)cc1)c1ccccn1,0.029872926
OC[C@@H](O)COc1ccc(Cl)cc1,0.003982497
CN(C)CCO[C@@](C)(c1ccccc1)c1ccc(Cl)cc1,0.042247664
NC(=O)OC[C@@H](O)COc1ccc(Cl)cc1,0.0025728203
CC(C)NC(=N)N=C(N)Nc1ccc(Cl)c(Cl)c1,0.62047386
CN(C)CCCN1c2ccccc2Sc2ccc(Cl)cc21,0.7722022
CCCNC(=O)NS(=O)(=O)c1ccc(Cl)cc1,0.0017974371
CC(C)OC(=O)Nc1cccc(Cl)c1,0.02429131
CN(C)CC/C=C1/c2ccccc2Sc2ccc(Cl)cc21,0.9600733
CCOP(=S)(OCC)Oc1nc(Cl)c(Cl)cc1Cl,0.052669413
Cc1ccc2c(Cl)cc(Cl)c(O)c2n1,0.76254714
CN(C)[C@@H]1C(=O)[C@@H](C(N)=O)C(=O)[C@@]2(O)C(=O)[C@H]3C(=O)c4c(O)ccc(Cl)c4[C@@](C)(O)[C@H]3C[C@@H]12,0.6839073
NS(=O)(=O)c1cc([C@@]2(O)NC(=O)c3ccccc32)ccc1Cl,0.00050374283
O=c1[nH]c2cc(Cl)ccc2o1,0.021597965
C=C1CC[C@H](O)C/C1=C/C=C1\CCC[C@]2(C)[C@@H]([C@H](C)CCCC(C)C)CC[C@@H]12,0.4816912
CC(C)CCC[C@@H](C)[C@H]1CC[C@H]2[C@@H]3CC=C4C[C@@H](O)CC[C@]4(C)[C@H]3CC[C@]12C,0.5463122
C[C@H](CCC(=O)O)[C@H]1CC[C@H]2[C@@H]3[C@H](O)C[C@@H]4C[C@H](O)CC[C@]4(C)[C@H]3C[C@H](O)[C@]12C,0.005633376
C[N+](C)(C)CCO,0.0029052978
C[N+](C)(C)CCOP(=O)(O)OC[C@H](O)CO,7.352204e-05
N[C@@H](C(=O)O)c1cc(O)ccc1Cl,0.007967748
CCCNc1ccc2ncc(-c3ccc4n[nH]cc4c3)n2n1,0.037448216
CCS(=O)(=O)N(C)[C@@H]1c2cc(C#N)ccc2OC(C)(C)[C@H]1O,0.0010195883
CCS(=O)(=O)N(C)[C@H]1c2cc(C#N)ccc2OC(C)(C)[C@@H]1O,0.0010130584
O=C([O][Cr]([O]C(=O)c1ccccn1)[O]C(=O)c1ccccn1)c1ccccn1,0.42255673
O=C(O)c1cc(=O)c2ccccc2o1,0.017153926
O=c1cc(-c2ccccc2)oc2cc(O)cc(O)c12,0.040978007
Cc1cc(O)c2c(c1)C(=O)c1cccc(O)c1C2=O,0.83131856
Cc1nc(C)c(C)nc1C,0.016985502
Cc1ccccc1/N=N/c1ccc(NC(=O)c2ccnn2C)c(C)c1,0.23309746
CS(=O)(=O)N1CCc2c(-c3cnc(N)nc3)nc(N3CCOCC3)nc21,0.0030723657
CC(C)(C)c1cc(C(=O)/C=C/c2ccc(C(=O)O)cc2)cc(C(C)(C)C)c1,0.09831778
c1ccc(Oc2cccnc2)cc1,0.021343216
CCN[C@@H](C)CN1CCc2c(c(=O)oc3ccccc23)C1,0.027100267
Cc1cccc(Cl)c1NC(=O)Nc1ccncc1,0.03967087
O=C(O)C1=CCCN(CCOC(c2ccc(C(F)(F)F)cc2)c2ccc(C(F)(F)F)cc2)C1,0.01556613
CCCCCCCCCCC(C)(C)C(=O)Nc1c(OC)cc(OC)cc1OC,0.106849596
c1ccc2c(c1)C1=N/C2=N\c2c3ccccc3c3[n]2[Zn][n]2/c(c4ccccc4/c2=N/C2=N/C(=N\3)c3ccccc32)=N\1,0.3499979
Oc1cc(O)c2c(c1)O[C@H](c1ccc(O)c(O)c1)[C@@H](O)C2,0.009730521
c1ccc(C2(c3ccccc3)C[C@H]2C2=NCCN2)cc1,0.0046097646
CC(C)C(=O)OCC(=O)[C@@]12O[C@H](C3CCCCC3)O[C@@H]1C[C@H]1[C@@H]3CCC4=CC(=O)C=C[C@]4(C)[C@H]3[C@@H](O)C[C@@]12C,0.00033173244
Cc1cc(C2CCCCC2)n(O)c(=O)c1,0.028176175
C[C@@H](C(=O)O)c1ccc2c(c1)Cc1ccccc1-2,0.00877282
Cc1ccc(-c2n[nH]c3c2[C@H](c2cccc(O)c2)N(c2ccc(C(=O)O)cc2)C3=O)cc1,0.04590545
O=C(Nc1ccc(CN2CCOCC2)cc1)c1ccc(-c2cccc(Cl)c2)o1,0.1114702
COC(=O)c1cnn(-c2ccc(F)cc2F)c1/C=N/NC(=S)NC(C)(C)C,0.68138385
OC1=c2ccccc2=C(NC2CCCCC2)/C1=C\c1ccccc1,0.047616486
Nc1ccn(C[C@@H](CO)OCP(=O)(O)O)c(=O)n1,0.00045124802
CC1(COc2ccc(C[C@H]3SC(=O)NC3=O)cc2)CCCCC1,0.21556325
CC1(C)C[C@@H]1C(=O)N/C(=C\CCCCSC[C@H](N)C(=O)O)C(=O)O,0.002196769
CCOC(=O)[C@H](CCc1ccccc1)N[C@H]1CCCN2CCC[C@@H](C(=O)O)N2C1=O,0.0030264563
CC(C)[C@H]1C(=O)N[C@@H](CCCNC(=N)N)C(=O)NCC(=O)N[C@@H](CC(=O)O)C(=O)N[C@H](Cc2ccccc2)C(=O)N1C,0.016413985
COCCOC(=O)C1=C(C)NC(C)=C(C(=O)OC/C=C/c2ccccc2)[C@@H]1c1cccc([N+](=O)[O-])c1,0.21174239
O=C(O)c1ccnc(N2CC(O)(c3ccc(OCc4c(-c5c(Cl)cccc5Cl)noc4C4CC4)cc3Cl)C2)c1,0.48257372
COc1ccc([C@]2(C#N)CC[C@@H](C(=O)O)CC2)cc1OC1CCCC1,0.001338117
CN(C(=O)CCCOc1ccc2[nH]c(=O)ccc2c1)C1CCCCC1,0.011928823
O=C1CCc2cc(OCCCCc3nnnn3C3CCCCC3)ccc2N1,0.0019965293
COc1ccc2c(O[C@@H]3C[C@H]4C(=O)N[C@]5(C(=O)O)C[C@H]5/C=C\CCCCC[C@H](NC(=O)OC5CCCC5)C(=O)N4C3)cc(-c3csc(NC(C)C)n3)nc2c1,0.0109919645
Cc1cc(NC(=O)[C@H](c2ccccc2)N2CCCc3ccccc32)no1,0.023949506
CC(C)NC[C@@H](O)c1ccc(N)c(C#N)c1,0.0028044758
CN/C(=N\C#N)NCCSCc1[nH]cnc1C,0.003077173
C[C@@H](NCCCc1cccc(C(F)(F)F)c1)c1cccc2ccccc12,0.21408464
O=C(O)CCCCN(CCc1ccccc1OCc1ccc(CCc2ccccc2)cc1)Cc1ccc(C(=O)O)cc1,0.08555786
CCC(CC)(CC(=O)Nc1cccc(/C=C/c2nc(C3CCC3)cs2)c1)C(=O)O,0.009493925
CN(C)CCCSc1ccccc1NC(=O)/C=C/c1ccccc1,0.018089503
CCCCOc1cc(C(=O)NCCN(CC)CC)c2ccccc2n1,0.0066581746
C=C[C@H]1C[N@@]2CC[C@H]1C[C@H]2[C@H](O)c1ccnc2ccccc12,0.008929494
C=C[C@H]1C[N@@]2CC[C@H]1C[C@@H]2[C@@H](O)c1ccnc2ccccc12,0.008571372
O=C(O)c1cc(-c2ccccc2)nc2ccccc12,0.009628226
CCOC(=O)CN1CCN(C(=O)/C=C/c2cc(OC)c(OC)c(OC)c2)CC1,0.0025237757
COc1cc(/C=C/C(=O)N2CCN(CC(=O)N3CCCC3)CC2)cc(OC)c1OC,0.0018916036
O=C(/C=C/c1cccc(F)c1)NC1CC1,0.008082288
O=C/C=C/c1ccccc1,0.008593781
C(=C/c1ccccc1)\CN1CCN(C(c2ccccc2)c2ccccc2)CC1,0.07126268
CC(=O)O[C@H]1[C@H]2O[C@]23[C@@H]2CC[C@]4(O)C[C@@H](O)CC[C@]4(C)[C@H]2CC[C@]3(C)[C@H]1c1ccc(=O)oc1,0.0012013275
COc1cc(/C=C/C(=O)N2CCCCCCC2)cc(OC)c1OC,0.006992307
CCn1nc(C(=O)O)c(=O)c2cc3c(cc21)OCO3,0.057958417
CCOCCOC(=O)/C=C/c1ccc(OC)cc1,0.0065968237
CCOC(=O)Nc1ccc2c(c1)N(C(=O)CN(CC)CC)c1ccccc1CC2,0.05440864
CCNC(=O)/C=C/c1cccc(Br)c1,0.008117142
CC(C)(C[C@H]1CN(S(=O)(=O)c2cccc(C(F)(F)F)c2)c2cc(-c3cc(F)cc(OC(F)F)c3)ccc2O1)C(=O)O,0.009344216
COc1cc(/C=C/C(N)=O)cc(OC)c1OC,0.0038225132
Nc1nc2c([nH]1)c(=O)n(CC1CC1)c(=O)n2CC1CC1,0.031496804
C[C@H]1Cc2c([nH]c3cc(Cl)c(F)cc23)[C@@]2(N1)C(=O)Nc1ccc(Cl)cc12,0.97000545
CN1C(=O)N(C[C@H](C(=O)NO)[C@@H](CC2CCCC2)C(=O)N2CCCCC2)C(=O)C1(C)C,0.0004217429
CC(C)(Oc1ccc([C@H]2CC2(Cl)Cl)cc1)C(=O)O,0.0026318643
O=C(O)c1cn(C2CC2)c2cc(N3CCNCC3)c(F)cc2c1=O,0.957774
O=C(c1ccc(OCCCc2cnc[nH]2)cc1)C1CC1,0.00707805
COc1ccc(OC[C@@H]2c3cc(OC)c(OC)cc3CCN2C(=O)c2cccc(Cl)c2)cc1,0.07276685
c1ccc(C2CC2)c(OCC2=NCCN2)c1,0.004368952
O=C(O)/C=C(/CC(=O)O)C(=O)O,0.0030521732
N[C@]1(C(=O)O)CC[C@@H](C(=O)O)C1,0.0006011592
CC1(C)[C@H]2CC[C@]1(C)[C@@H](O)[C@H]2O,0.00420831
O=C(O)/C=C/c1cnc[nH]1,0.0048441677
CCCCCC/C=C/C=C\CCCCCCCC(=O)O,0.022916747
COc1cc(N)c(Cl)cc1C(=O)N[C@@H]1CCN(CCCOc2ccc(F)cc2)C[C@@H]1OC,0.029329216
COc1ccc(C[C@@H]2c3cc(OC)c(OC)cc3CC[N@+]2(C)CCC(=O)OCCCCCOC(=O)CC[N@@+]2(C)CCc3cc(OC)c(OC)cc3[C@H]2Cc2ccc(OC)c(OC)c2)cc1OC,0.0046102614
[NH2][Pt]([NH2])([Cl])[Cl],0.0023728667
CN(C)CCC[C@@]1(c2ccc(F)cc2)OCc2cc(C#N)ccc21,0.0020009752
O=C(CCCCCCNC(=O)c1cnc(N(c2ccccc2)c2ccccc2Cl)nc1)NO,0.03181371
Clc1ccc(-c2nc3sccn3c2/C=N/OCc2ccc(Cl)c(Cl)c2)cc1,0.7517903
C[N+](C)(C)CCOP(=O)(O)OP(=O)(O)OC[C@H]1O[C@@H](n2ccc(N)nc2=O)[C@H](O)[C@@H]1O,8.647911e-06
CC(=O)N[C@H]1CCSC1=O,0.004224888
O=C(O)CC(O)(CC(=O)O)C(=O)O,0.00024317001
Cc1cn2c(N)c(Cl)cc(C(=O)NCC3CCN(CC(C)C)CC3)c2n1,0.02273149
Cc1nccn1-c1ccc(Sc2cccc(C3(C(N)=O)CCOCC3)c2)cc1,0.08044012
C=CC(=O)Nc1cccc(-c2cccc3cnc(Nc4ccc(N5CCN(CCO)CC5)c(F)c4F)nc23)c1,0.914461
Cc1[nH]c2ccccc2c1CCNC(=O)c1cccs1,0.01644954
Oc1cc2c(cc1O)[C@H](Cc1cccc3ccccc13)NCC2,0.08083268
NCCNS(=O)(=O)c1ccc(Cl)c2ccncc12,0.0029725924
Cc1nnc2ccc(-c3cccc(C(F)(F)F)c3)nn12,0.005451759
N#CCC(=O)c1ccccc1,0.001941717
Nc1nc(Cl)nc2c1ncn2[C@H]1C[C@H](O)[C@@H](CO)O1,0.0033595625
CNC(=S)NS(=O)(=O)c1cc(CCNC(=O)c2cc(Cl)ccc2OC)ccc1OC,0.003822319
CN(C)c1cccc(F)c1C(=O)NC(=O)Nc1ccc(Cl)cc1,0.15220554
CC[C@H]1OC(=O)[C@H](C)[C@@H](O[C@H]2C[C@@](C)(OC)[C@@H](O)[C@H](C)O2)[C@H](C)[C@@H](O[C@@H]2O[C@H](C)C[C@H](N(C)C)[C@H]2O)[C@](C)(OC)C[C@@H](C)C(=O)[C@H](C)[C@@H](O)[C@]1(C)O,0.7058503
O=C(O)[C@H]1/C(=C/CO)O[C@@H]2CC(=O)N21,0.013305789
COc1cc(N)c(Cl)cc1C(=O)NC1CCN(Cc2ccccc2)CC1,0.031486
CN1CCC[C@@H]1CCO[C@](C)(c1ccccc1)c1ccc(Cl)cc1,0.061475065
Clc1ccc(Cn2c(CN3CCCC3)nc3ccccc32)cc1,0.12797147
CC(C)(C)NC[C@@H](O)c1cc(Cl)c(N)c(Cl)c1,0.044768166
CCCC(=O)OCOC(=O)C1=C(C)NC(C)=C(C(=O)OC)[C@@H]1c1cccc(Cl)c1Cl,0.4227384
Cc1cn([C@H]2O[C@@H](CO)[C@H](O)[C@H]2F)c(=O)[nH]c1=O,0.44613174
CC(C)(C)C(=O)[C@@H](Oc1ccc(Cl)cc1)n1ccnc1,0.002159964
N[C@H]1CCN(c2c(F)cc3c(=O)c(C(=O)O)cn(C4CC4)c3c2Cl)C1,0.98988414
CCC[C@@H]1C[C@@H](C(=O)N[C@@H]([C@H]2O[C@H](SC)[C@H](O)[C@@H](O)[C@H]2O)[C@H](C)Cl)N(C)C1,0.6307394
CCCCCCCCCCCCCCCC(=O)O[C@@H]1[C@@H](O)[C@@H](O)[C@@H]([C@H](NC(=O)[C@@H]2C[C@@H](CCC)CN2C)[C@H](C)Cl)O[C@@H]1SC,0.9588309
CCC[C@@H]1C[C@@H](C(=O)N[C@@H]([C@H]2O[C@H](SC)[C@H](OP(=O)(O)O)[C@@H](O)[C@H]2O)[C@H](C)Cl)N(C)C1,0.003970263
CCC(C)(Oc1ccc(C2(c3ccc(O[C@](C)(CC)C(=O)O)cc3)CCCCC2)cc1)C(=O)O,0.033135448
Oc1c(I)cc(Cl)c2cccnc12,0.10519168
N=C(NCc1ccc(Cl)cc1)SCCCc1cnc[nH]1,0.033801947
CCC(=O)O[C@]1(C(=O)CCl)[C@@H](C)C[C@H]2[C@@H]3CCC4=CC(=O)C=C[C@]4(C)[C@@]3(F)[C@@H](O)C[C@@]21C,0.00023985331
CCCC(=O)O[C@]1(C(=O)CCl)[C@@H](C)C[C@H]2[C@@H]3CCC4=CC(=O)C=C[C@]4(C)[C@@]3(F)C(=O)C[C@@]21C,0.0001713732
C[C@@H](CN(C)C)C(C)(O)Cc1ccc(Cl)cc1,0.06511347
C[C@@H]1C[C@H]2[C@@H]3C[C@H](F)C4=CC(=O)C=C[C@]4(C)[C@@]3(Cl)[C@@H](O)C[C@]2(C)[C@H]1C(=O)COC(=O)C(C)(C)C,8.487026e-05
O=P(O)(O)C(Cl)(Cl)P(=O)(O)O,2.7376367e-05
Nc1nc(Cl)nc2c1ncn2[C@@H]1O[C@H](CO)[C@@H](O)[C@@H]1F,0.005834554
CC(C)/N=c1\cc2n(-c3ccc(Cl)cc3)c3ccccc3nc-2cc1Nc1ccc(Cl)cc1,0.9106661
CN(C)CC[C@@](O)(c1ccccc1)c1ccccc1Cl,0.0055322703
CCOC(=O)C(C)(C)Oc1ccc(Cl)cc1,0.006298888
CC(C)(Oc1ccc(Cl)cc1)C(=O)O,0.0035587668
CCCCCCC[N+](CC)(CC)CCCCc1ccc(Cl)cc1,0.15984312
CC(C)(C)CC(C)(C)c1ccc(O)c(Cc2ccc(Cl)cc2Cl)c1,0.97934455
CS(=O)(=O)CS(=O)(=O)OCCCl,0.0015001526
Cc1ncsc1CCCl,0.009488155
CCN(CC)CCOc1ccc(/C(=C(\Cl)c2ccccc2)c2ccccc2)cc1,0.9224445
CN(C)CCCN1c2ccccc2CCc2ccc(Cl)cc21,0.018264523
Clc1cccc(Cl)c1NC1=NCCN1,0.073892094
Cc1c(Cl)cccc1Nc1ncccc1C(=O)O,0.024115413
C[C@@H]1CCC[C@H](C)N1NC(=O)c1ccc(Cl)c(S(N)(=O)=O)c1,0.002681451
Clc1ccc([C@@H](OCCN2CCCCC2)c2ccccc2)cc1,0.024732854
Clc1ccc(C(OCCN2CCCCC2)c2ccccc2)cc1,0.031078635
COC(=O)[C@H](c1ccccc1Cl)N1CCc2sccc2C1,0.0068493905
Cc1[nH]c(C)c(Cl)c(=O)c1Cl,0.89539576
O=C(O)CCC/C=C\C[C@@H]1[C@@H](/C=C/[C@@H](O)COc2cccc(Cl)c2)[C@H](O)C[C@@H]1O,0.0022058696
CC(C)(C)NC[C@@H](O)COc1cc(Cl)ccc1Cl,0.0577543
C#CCN(C)CCCOc1ccc(Cl)cc1Cl,0.01256493
CN1CCN([C@H]2Cc3ccccc3Sc3ccc(Cl)cc32)CC1,0.91793835
CC(C)NC[C@@H](O)c1ccccc1Cl,0.008961639
Nc1cc(C(Cl)=C(Cl)Cl)c(S(N)(=O)=O)cc1S(N)(=O)=O,0.035020433
Cc1cc([C@@H](C#N)c2ccc(Cl)cc2)c(Cl)cc1NC(=O)c1cc(I)cc(I)c1O,0.8656372
CN1CCN(C2=Nc3ccccc3Sc3ccc(Cl)cc32)CC1,0.95439595
Clc1ccccc1C(c1ccccc1)(c1ccccc1)n1ccnc1,0.952624
Cc1onc(-c2ccccc2Cl)c1C(=O)N[C@@H]1C(=O)N2[C@@H]1SC(C)(C)[C@@H]2C(=O)O,0.97905
Oc1ccc(Cl)c2cccnc12,0.02917984
CN1CCN(C2=Nc3cc(Cl)ccc3Nc3ccccc32)CC1,0.020272005
C[C@H](Cc1ccc2c(c1)OC(C(=O)O)(C(=O)O)O2)NC[C@H](O)c1cccc(Cl)c1,0.0037689463
Cc1cccc(F)c1C(=O)Nc1cnc(-c2cc3c(cc2Cl)OC(F)(F)O3)cn1,0.08891757
O=C(CCCc1ccc(-c2ccccc2F)cc1)Nc1ccc(O)cc1,0.10081676
N#Cc1cc2[nH]c(=O)c(=O)[nH]c2cc1[N+](=O)[O-],0.95823777
C=CC(=O)Nc1cccc(Nc2nc(Nc3ccc(NC4CN(CCF)C4)cc3OC)ncc2C(F)(F)F)c1,0.32059464
C=CC(=O)Nc1cccc(Nc2nc(Nc3ccc(Oc4ccnc(C(=O)NC)c4)cc3)ncc2F)c1,0.54811376
Cc1ccc(CC2(O)CCN(CCOc3ccc(O)cc3)CC2)cc1,0.02464174
NC(=O)N/N=C/c1ccc(Oc2ccc(F)cc2)cc1,0.11137304
CC(C)c1nc(CN(C)C(=O)N[C@@H](CCN2CCOCC2)C(=O)N[C@H](CC[C@H](Cc2ccccc2)NC(=O)OCc2cncs2)Cc2ccccc2)cs1,0.090266325
O=C(c1ccc(F)c(F)c1Nc1ccc(I)cc1F)N1CC(O)([C@@H]2CCCCN2)C1,0.9463884
CC(C)(COP(=O)(O)OP(=O)(O)OC[C@H]1O[C@@H](n2cnc3c(N)ncnc32)[C@H](O)[C@@H]1OP(=O)(O)O)[C@@H](O)C(=O)NCCC(=O)NCCS,1.6336958e-07
NC(=O)C1=CN([C@@H]2O[C@H](COP(=O)(O)OP(=O)(O)OC[C@H]3O[C@@H](n4cnc5c(N)ncnc54)[C@H](O)[C@@H]3O)[C@@H](O)[C@H]2O)C=CC1,3.9562374e-06
COC1=C(OC)C(=O)C(C/C=C(\C)CC/C=C(\C)CC/C=C(\C)CC/C=C(\C)CC/C=C(\C)CC/C=C(\C)CC/C=C(\C)CC/C=C(\C)CC/C=C(\C)CCC=C(C)C)=C(C)C1=O,0.99777824
O=C(Nc1nc(-c2ccc(O)c(O)c2)c(-c2ccccc2)s1)c1ccc(O)c(O)c1,0.059022523
COc1cc2c(c(OC)c1OC)-c1ccc(OC)c(=O)cc1[C@@H](NC(C)=O)CC2,0.022960609
C=C[C@@]1(C)CC(=O)[C@]2(O)[C@@]3(C)[C@@H](O)CCC(C)(C)[C@@H]3[C@H](O)[C@H](OC(C)=O)[C@@]2(C)O1,0.00090085
C=C[C@@]1(C)CC(=O)[C@]2(O)[C@@]3(C)[C@@H](O)CCC(C)(C)[C@@H]3[C@H](OC(=O)CCN(C)C)[C@H](OC(C)=O)[C@@]2(C)O1,0.0004476057
CCCCCCCCCCCCCCCC(=O)OC[C@H](CO[P@@](=O)(O)OCC[N+](C)(C)C)OC(=O)CCCCCCCCCCCCCCC,0.010748027
CC(C)CCCC(=O)N[C@@H](CCNCS(=O)(=O)O)C(=O)N[C@H](C(=O)N[C@@H](CCNCS(=O)(=O)O)C(=O)N[C@H]1CCNC(=O)[C@H]([C@@H](C)O)NC(=O)[C@H](CCNCS(=O)(=O)O)NC(=O)[C@H](CCNCS(=O)(=O)O)NC(=O)[C@H](CC(C)C)NC(=O)[C@H](CC(C)C)NC(=O)[C@H](CCNCS(=O)(=O)O)NC1=O)[C@@H](C)O,3.720877e-05
CC[C@@H](C)CCCC(=O)N[C@@H](CCN)C(=O)N[C@H](C(=O)N[C@@H](CCN)C(=O)N[C@H]1CCNC(=O)[C@H]([C@@H](C)O)NC(=O)[C@H](CCN)NC(=O)[C@H](CCN)NC(=O)[C@H](CC(C)C)NC(=O)[C@@H](CC(C)C)NC(=O)[C@H](CCN)NC1=O)[C@@H](C)O,0.85965174
COc1ccc(/C=C\c2cc(OC)c(OC)c(OC)c2)cc1O,0.03646984
O=C(O)c1cc(Oc2ccc([N+](=O)[O-])cc2)cc(Oc2ccc([N+](=O)[O-])cc2)c1,0.45723626
O=c1cc(N2CCOCC2)nc2c3ccccc3ccn12,0.008648821
COc1cccc(CN2C[Si](C)(C)O[Si](C)(C)C2)c1,0.05007369
Cc1nc2c([nH]1)CCN(C(=O)c1ccc(NC(=O)c3ccccc3-c3ccccc3)cc1)c1ccccc1-2,0.15536027
C[C@@H]1O[C@@H](O[C@H]2CC[C@]3(C=O)[C@H]4CC[C@]5(C)[C@@H](C6=CC(=O)OC6)CC[C@]5(O)[C@@H]4CC[C@]3(O)C2)[C@H](O)[C@H](O)[C@H]1O,0.00016049469
COc1c(OCCCN2CCOCC2)ccc2c1N=C(NC(=O)c1cnc(N)nc1)N1CCN=C21,0.014364853
N[C@H](Cc1cnc[nH]1)C(=O)O,0.002962895
CCCCCn1cc(C(=O)NC23CC4CC(CC(C4)C2)C3)c(=O)c2cc(-c3ccccc3)ccc21,0.8489358
Nc1ncnc2c1ncn2[C@@H]1O[C@H](CO)C[C@H]1O,0.0025541028
C[C@H]1[C@H](C)CC[C@]2(C(=O)O)CC[C@]3(C)C(=CC[C@@H]4[C@@]5(C)C[C@@H](O)[C@H](O)C(C)(C)[C@@H]5CC[C@]43C)[C@H]12,0.009918384
CCOC[C@]12Cc3cnn(-c4ccc(F)cc4)c3C=C1CCN(S(=O)(=O)c1ccc(C(F)(F)F)cc1)C2,0.005141964
C[C@]12C[C@H](O)[C@H]3[C@@H](CCC4=CC(=O)CC[C@@]43C)[C@@H]1CC[C@@H]2C(=O)CO,0.0011438298
C[C@]12CCC(=O)C=C1CC[C@@H]1[C@@H]2C(=O)C[C@@]2(C)[C@H]1CC[C@]2(O)C(=O)CO,0.00017302713
CC(=O)OCC(=O)[C@@]1(O)CC[C@H]2[C@@H]3CCC4=CC(=O)CC[C@]4(C)[C@H]3C(=O)C[C@@]21C,0.0001582262
C[C@]12CCC(=O)C=C1CC[C@@H]1[C@@H]2CC[C@@]2(C)[C@H]1CC[C@]2(O)C(=O)CO,0.0005057467
C=C1C(=O)O[C@@H]2/C=C(\C)CC/C=C(\C)CC[C@@H]12,0.004674755
N#Cc1cnc2c(Cl)cc(NCc3cn(CCN4CCCCCC4)nn3)cc2c1Nc1ccc(F)c(Cl)c1,0.8121141
CCN1CCC(n2cc(CNc3cc(Cl)c4ncc(C#N)c(Nc5ccc(F)c(Cl)c5)c4c3)nn2)CC1,0.85400355
S=C(N/N=C1\CCCc2cccnc21)N1CCN(c2ccccn2)CC1,0.112059474
CN1C(=O)CC[C@H]1c1cccnc1,0.003240619
O=c1ccc2ccccc2o1,0.0062980503
CCOP(=S)(OCC)Oc1ccc2c(C)c(Cl)c(=O)oc2c1,0.0066634496
O=C(O)C1(c2ccc3c(c2)OC[C@H](Cc2ccc(-c4ccccc4)cc2)[C@H]3O)CCCC1,0.010170469
CON(C)C(=O)[C@H](O)[C@H](Cc1ccccc1)NC(=O)c1cc2cc(Cl)ccc2[nH]1,0.10815894
CCCCC/N=c1\ccn(Cc2ccccc2)c2ccccc12,0.5161097
CCC(CC)Nc1cc(C)nc(Oc2c(C)cc(C)cc2C)c1C,0.71919644
CC(C)(NS(=O)(=O)c1ccc(Oc2ccc(F)cc2)cc1)C(=O)NO,0.0024322025
CC[C@@H]1C[C@H](N(Cc2cc(C(F)(F)F)cc(C(F)(F)F)c2)C(C)=O)c2cc(C(F)(F)F)ccc2N1C(=O)OC(C)C,0.924842
NC(=O)c1c(OCc2c(F)cc(Br)cc2F)nsc1NC(=O)NCCCCN1CCCC1,0.41438264
O=C(c1c2ccccc2cc2ccccc12)N1CCC(N2CCC[C@@H](C(=O)N3CCOCC3)C2)CC1,0.00799405
COCCOc1ccc2c(c1)ncn2-c1ccc2cccc(N3CCC(N)CC3)c2n1,0.082533576
COCC(=O)NC/C=C/c1ccc2ncnc(Nc3ccc(Oc4ccc(C)nc4)c(C)c3)c2c1,0.4683036
CC(C)c1ccc(CC(=O)N2CCC[C@@H](c3cccc(OC(C)(C)C(=O)O)c3)C2)cc1,0.032783125
CN(C)C(=O)[C@H](O)[C@H](Cc1ccccc1)NC(=O)c1cc2cc(Cl)ccc2[nH]1,0.01930338
O=c1ccc2[nH]cc(C3=CCNCC3)c2[nH]1,0.010254422
CCCOc1ccc2[nH]cc(C3=CCNCC3)c2n1,0.008179515
CCNC1(C(N)=O)CCN(c2ncnc3c2nc(-c2ccccc2Cl)n3-c2ccc(Cl)cc2)CC1,0.017868476
COc1ccccc1CN[C@H]1CCCN[C@H]1c1ccccc1,0.04032188
O=C(O)[C@H](Cc1ccccc1)CN(O)C(=O)Cc1ccccc1,0.0034930562
CCOC(=O)[C@]12C[C@H]1/C(=N\O)c1ccccc1O2,0.0026561588
Cc1noc2c1-c1ccccc1C(c1ccc(Cl)cc1)=N[C@H]2CC(N)=O,0.035990395
CC(=O)Nc1ccc(C(=O)NC(C)(C)C)cc1,0.004003954
COc1cc(C)[nH]c(=O)c1CNC(=O)c1c(C)n([C@H](C)C2CCN(CC(F)(F)F)CC2)c2ccccc12,0.17358719
CCS(=O)(=O)N1CCC([C@@H](C)n2c(C)c(C(=O)NCc3c(OC)cc(C)[nH]c3=O)c3ccccc32)CC1,0.03742332
Cc1sc2c(c1C)C(c1ccc(Cl)cc1)=N[C@@H](CC(N)=O)c1nnc(C)n1-2,0.031916894
COc1cc(C)[nH]c(=O)c1CNC(=O)c1c(C)n([C@H](C)C2CCOCC2)c2ccccc12,0.18264979
Cc1ccc(-c2nc(N)nc3c2nnn3Cc2cccc(CO[C@H]3CCOC3)n2)o1,0.048305392
O=C(O)CCCC[C@@H](CCSCc1ccccc1)SCc1ccccc1,0.03639457
O=C(O)[C@H]1CN(CCCP(=O)(O)O)CCN1,0.00023662082
O=C(C[C@H]1CC(c2ccc(F)cc2F)=NO1)N1CCOCC1,0.43758872
Nc1ccc(S(=O)(=O)Nc2cnc3c(Cl)cccc3n2)cc1,0.007420993
CN(CC(=O)O)C(=N)N,0.0043581836
CN1CC(=O)NC1=N,0.002815321
CN(CCOP(=O)(O)O)C(=N)N,0.00026861829
C[C@H](NC(=O)CCC(F)(F)F)C(=O)N[C@@H]1C(=O)N(CCO)c2ncccc2-c2ccccc21,0.00160179
CC1(COc2ccc3c(c2)ncn3-c2ccc3cccc(N4CCC(N)CC4)c3n2)COC1,0.16158065
Cc1ccc(O)cc1,0.0100836875
CC(=O)Oc1c(C)cccc1C(=O)O,0.0061911475
O=C(O)Cn1c2ccccc2c(=O)c2ccccc21,0.06300571
N#Cc1ccc(Oc2ccc3c(c2)COB3O)cc1,0.004859831
O=C(O)c1cc(NCCc2ccc(C(F)(F)F)cc2)ccc1O,0.01650189
C[C@@H](Oc1cc(-c2cnn(C3CCNCC3)c2)cnc1N)c1c(Cl)ccc(F)c1Cl,0.9742546
C[C@H](Oc1cc(-c2cnn(C3CCNCC3)c2)cnc1N)c1c(Cl)ccc(F)c1Cl,0.97273165
C=C(c1ccccc1OCc1cccc(Cl)c1)n1ccnc1,0.24944375
COc1cc([C@H]2C(C#N)=C(N)Oc3c2ccc(N)c3N)cc(Br)c1OC,0.10938862
CC1(C)Oc2ccc(C#N)cc2[C@@H](N2CCCC2=O)[C@@H]1O,0.0018039793
O=C(O)c1cc(=O)c2c(OCC(O)COc3cccc4oc(C(=O)O)cc(=O)c34)cccc2o1,0.1426334
C/C=C/C(=O)N(CC)c1ccccc1C,0.020434732
O=C(O)c1cc2cccc([N+](=O)[O-])c2[nH]1,0.23454516
C[C@H]1COC2=C1C(=O)C(=O)c1c2ccc2c1CCCC2(C)C,0.13899556
CN(C)c1ccc(C(=C2C=CC(=[N+](C)C)C=C2)c2ccc(N(C)C)cc2)cc1,0.54175514
CC[C@H](CO)Nc1nc(NCc2ccc(-c3ccccn3)cc2)c2ncn(C(C)C)c2n1,0.16857623
c1ccc2sc(C3(N4CCCCC4)CCCCC3)cc2c1,0.0056402287
CC(C)Cc1sc(N)nc1-c1ccc(P(=O)(O)O)o1,0.0010744091
O=C(O)[C@H](Cc1ccc(Nc2nccc3ccncc23)cc1)NC1=C(Br)C(=O)C12CCCCC2,0.018107332
Cc1nc(C#Cc2ccnc(Cl)c2)c(C)n1-c1ccc(OC(F)(F)F)cc1,0.12773313
O=C(NO)C1(CS(=O)(=O)c2ccc(Oc3ccc(Cl)cc3)cc2)CCOCC1,0.0101454705
CC(C)C[C@H](NC(=O)[C@H](CC(N)=O)NC(=O)[C@@H](NC(=O)[C@@H](N)CCC(=O)O)C(C)C)[C@@H](O)C[C@@H](C)C(=O)N[C@@H](C)C(=O)N[C@@H](CCC(=O)O)C(=O)N[C@@H](Cc1ccccc1)C(=O)O,0.00035070532
CC(C)c1cnn2c(NCc3ccccc3)cc(NC[C@H]3CCNC[C@@H]3O)nc12,0.024563951
O=C(N[C@H](Cc1ccccc1)C(=O)O)c1sc2cc(F)ccc2c1Cl,0.9686086
CNc1ccc([N+](=O)[O-])cc1-n1cnc(-c2ccc(C(F)(F)F)cc2)c1,0.11946238
C#Cc1cccc(Nc2ncnc3cc(OC)c(OCCCCCCC(=O)NO)cc23)c1,0.0041653914
CN[C@@H](C)C(=O)N[C@H](C(=O)N1CCC[C@H]1C(=O)Nc1sc(-c2ncco2)nc1-c1ccccc1)C1CCCCC1,0.009560501
COc1ccc(-c2nc(N3CCOCC3)c3sc(CN(C)c4ncc(C(=O)NO)cn4)cc3n2)cn1,0.0038312098
COc1cccc(CN(C(=O)CC(C)(C)C)[C@H]2C[C@@H](C(=O)N3CCNCC3)N(Cc3ccc4c(c3)OCO4)C2)c1,0.009999191
COc1cc(/C=C/C(=O)C=C(O)/C=C/c2ccc(O)c(OC)c2)ccc1O,0.0215245
C=C1C[C@@]2(O)O[C@@]3(C[C@H]2C(C)C)[C@@H](C)CC[C@@H]13,0.0021646523
COc1ccc(CCN2CCN(CCCc3ccccc3)CC2)cc1OC,0.010267288
Nc1nc(Nc2ccccc2)nc2c1ncn2[C@@H]1O[C@H](CO)[C@@H](O)[C@H]1O,0.0065784007
CS(=O)(=O)Nc1ccc(-c2coc3cc(OCc4cccc(C(=O)O)c4)ccc3c2=O)cc1,0.023731343
COc1ccn2ncc(-c3nc4n[nH]c(NC(=O)c5ccc(F)cc5)c4cc3F)c2c1,0.02646271
O=C(O)c1ccc2c(c1)nc(Nc1cccc(Cl)c1)c1ccncc12,0.10448177
O=C(c1ccc2c(c1)OCO2)N1CCCCC1,0.0020397787
Cc1cnc(CNC(=O)c2c(=O)c3ccc(N4CCCN(C)CC4)nc3n3c2sc2ccccc23)cn1,0.8148846
Cc1nn(C)cc1CN1CCC(c2ccc(C(=O)Nc3ccccc3N)cc2)CC1,0.106706984
N#CCC(=O)NN,0.0019283693
C[C@@H](CN(C)C)CN1c2ccccc2Sc2ccc(C#N)cc21,0.3436966
C/C1=C2/N=C(/C=C3\N=C(/C(C)=C4/[C@@H](CCC(N)=O)[C@](C)(CC(N)=O)[C@](C)([C@@H]5N=C1[C@](C)(CCC(=O)NC[C@@H](C)O[P@](=O)(O)O[C@H]1[C@@H](O)[C@@H](n6cnc7cc(C)c(C)cc76)O[C@@H]1CO)[C@H]5CC(N)=O)[N]4[Co+][C]#N)[C@@](C)(CC(N)=O)[C@@H]3CCC(N)=O)C(C)(C)[C@@H]2CCC(N)=O,4.330375e-07
CC(C)(C)NC[C@@H](O)COc1cccc2[nH]c(C#N)cc12,0.0027982674
O=S(=O)(O)NC1CCCCC1,0.0013406555
C[C@H]1C[C@H](OC(=O)[C@@H](O)c2ccccc2)CC(C)(C)C1,0.012736515
Nc1ncnc2c1ncn2[C@H]1O[C@H]2CO[P@@](=O)(O)O[C@@H]2[C@@H]1O,0.00024256195
CN1CCN(C(c2ccccc2)c2ccccc2)CC1,0.009936551
CN(C)CCC=C1c2ccccc2C=Cc2ccccc21,0.03512775
NC1=NCCN1CC(=O)O,0.002692047
N=c1ccn2c(n1)O[C@H]1[C@H](O)[C@@H](CO)O[C@H]12,0.0035548983
C[C@@H]1C[C@@H]([C@H](O)CC2CC(=O)NC(=O)C2)C(=O)[C@@H](C)C1,0.0014071661
CC1=C2C[C@H]3[C@@H](CC=C4C[C@@H](O)CC[C@@]43C)[C@@H]2CC[C@]12O[C@@H]1C[C@H](C)CN[C@H]1[C@H]2C,0.010042338
NS(=O)(=O)c1cc2c(cc1Cl)N[C@@H](CC1CCCC1)NS2(=O)=O,0.00067822175
CN(C)CCOC(=O)[C@@H](c1ccccc1)C1(O)CCCC1,0.0011062482
O=[P@]1(N(CCCl)CCCl)NCCCO1,0.00044730562
CC(=O)C1=C(O)[C@@H]2[C@H]3c4c[nH]c5cccc(c45)C[C@H]3C(C)(C)N2C1=O,0.23424561
N[C@@H]1CONC1=O,0.0029849
C/C=C/C[C@H](C)[C@H](O)[C@@H]1C(=O)N[C@H](CC)C(=O)N(C)CC(=O)N(C)[C@H](CC(C)C)C(=O)N[C@@H](C(C)C)C(=O)N(C)[C@H](CC(C)C)C(=O)N[C@H](C)C(=O)N[C@H](C)C(=O)N(C)[C@H](CC(C)C)C(=O)N(C)[C@H](CC(C)C)C(=O)N(C)[C@H](C(C)C)C(=O)N1C,0.3502858
NS(=O)(=O)c1cc2c(cc1Cl)N[C@H]([C@H]1C[C@@H]3C=C[C@H]1C3)NS2(=O)=O,0.00037623974
COc1cc(/C=C2\CCC/C(=C\c3ccc(O)c(OC)c3)C2=O)ccc1O,0.049641635
CN[C@@H](C)[C@H]1[C@H](O)C[C@@]2(C)[C@@H]3CC[C@H]4C(C)(C)[C@@H](NC)CC[C@@]45C[C@@]35CC[C@]12C,0.021871679
O=C(O)[C@H]1CSC(c2nc3cc4c(cc3s2)NCC4)=N1,0.2405791
CC[C@H](Nc1nc(NCc2cnc(C)cc2C)c2ncn(C(C)C)c2n1)[C@@H](C)O,0.32362917
Cc1nc(N)sc1-c1ccnc(Nc2ccc(N3CCOCC3)cc2)n1,0.11904946
FCc1ccc(OCCOc2ccc(Cl)cc2Cl)c(Cl)n1,0.6853782
Cc1cc(CN)cc(C)c1NC(=O)c1ccc(-c2cc(Cl)ccc2Cl)o1,0.9083399
COc1ccc(Oc2c(Cl)cnn(C3c4ccccc4-c4ccccc43)c2=O)cc1,0.97555226
CCOc1ccc(-c2nc(-c3cccc4c3CC[C@H]4NCCO)no2)cc1OCC,0.005753827
Cc1cc(C(=O)Cn2cc(C#N)ccc2=O)c(C)n1Cc1ccccc1,0.05748165
O=C(c1cc(C2CC2)on1)N(C1CCCCC1)C1CCCCC1,0.005541825
CC1(C)[C@@H](C=C(Cl)Cl)[C@@H]1C(=O)O[C@@H](C#N)c1cccc(Oc2ccccc2)c1,0.06349299
CN1CCC(=C2c3ccccc3C=Cc3ccccc32)CC1,0.044538364
CC(=O)O[C@]1(C(C)=O)CC[C@H]2[C@@H]3C=C(Cl)C4=CC(=O)[C@@H]5C[C@@H]5[C@]4(C)[C@H]3CC[C@@]21C,0.00078606245
Nc1nc(N)nc(NC2CC2)n1,0.016421191
NCCS,0.0053404057
CCC[C@H](Nc1nc(-c2ccc(NC(=O)NCC)c(OC)c2)ncc1C)c1cccnc1,0.07744224
Nc1ccn([C@@H]2O[C@H](CO)[C@@H](O)[C@@H]2O)c(=O)n1,0.0034658504
Nc1ccn([C@@H]2O[C@H](CO)[C@@H](O)[C@H]2O)c(=O)n1,0.0036481475
O=c1cccc2n1C[C@@H]1CNC[C@H]2C1,0.0071783466
C=C1[C@@H](C)[C@H]2[C@H](Cc3ccccc3)NC(=O)[C@]23OC(=O)/C=C/[C@H](O)CCC[C@@H](C)C/C=C/[C@H]3[C@@H]1O,0.034791928
Nc1nc(=O)n([C@H]2C[C@@H](O)[C@@H](CO)O2)cc1Cl,0.007427286
N#CCNC(=O)c1ccc(-c2ccnc(Nc3ccc(N4CCOCC4)cc3)n2)cc1,0.012244094
CN1Cc2ccccc2[C@@H]2c3cccc4[nH]cc(c34)C[C@H]21,0.052108824
COc1cc(N2CCOCC2)ccc1Nc1ncc(Cl)c(Nc2ccccc2NS(C)(=O)=O)n1,0.036450535
CC(C)(C)NS(=O)(=O)c1cncc(-c2cc(F)c3nc(N)nn3c2)c1,0.0030296275
Cc1ccc(C(=O)O[C@H](C(=O)O)[C@@H](OC(=O)c2ccc(C)cc2)C(=O)O)cc1,0.026336504
[Y+3],0.005346148
COc1ccc(S(=O)(=O)Nc2cc(-c3c(O)ccc4ccccc34)c(O)c3ccccc23)cc1,0.18459386
CC(=O)N[C@H]1[C@@H](OC(C)C)O[C@H](COC(C)=O)[C@@H](OC(C)=O)[C@@H]1OC(C)=O,0.06644818
CC1=NN(c2ccc(C(=O)O)cc2)C(=O)C1=Cc1ccc(-c2cc(C)c(C)cc2[N+](=O)[O-])o1,0.8459656
C[C@@]1(O)CCOC(=O)C1,0.0024943182
OC[C@H]1O[C@H](O[C@H]2[C@H](O)[C@@H](O)[C@H](O)O[C@@H]2CO)[C@H](O)[C@@H](O)[C@@H]1O,0.0020264613
Cc1c(C)c2c(c(C)c1OC(=O)CCC(=O)O)CC[C@@](C)(CCC[C@H](C)CCC[C@H](C)CCCC(C)C)O2,0.8882036
Cc1cc(O)cc2c1O[C@](C)(CCC[C@H](C)CCC[C@H](C)CCCC(C)C)CC2,0.9660289
C=C(C)[C@H]1CC=C(C)CC1,0.0075989873
N[C@H](Cc1ccccc1)C(=O)O,0.0034898408
N[C@H](CO)C(=O)O,0.0016519426
Nc1nc(N)c2c(OCC3CCN(Cc4c(Cl)cccc4Cl)CC3)cccc2n1,0.78460264
COc1ccc2c(c1)n(CCN)c(=O)n2C(=O)[C@@H]1C[C@H](C)CC[C@H]1C(C)C,0.034594297
NC(=O)c1ccc(-c2nc(-c3ccccn3)c(-c3ccc4c(c3)OCCO4)[nH]2)cc1,0.016442709
COc1ccc2[nH]c(C(=O)c3ccccc3)cc2c1,0.043225434
CC(=O)N[C@@H](CSSC[C@H](NC(C)=O)C(=O)O)C(=O)O,0.027032562
COc1ccc(OC)c(CN(C(C)=O)c2cc(F)ccc2Oc2ccccc2)c1,0.6687094
Cn1c(CNc2ccc(C(=N)N)cc2)nc2cc(C(=O)N(CCC(=O)O)c3ccccn3)ccc21,0.22180612
CCCCCCOC(=O)/N=C(/N)c1ccc(NCc2nc3cc(C(=O)N(CCC(=O)OCC)c4ccccn4)ccc3n2C)cc1,0.50277257
CC(C)(C)c1nc(-c2cccc(NS(=O)(=O)c3c(F)cccc3F)c2F)c(-c2ccnc(N)n2)s1,0.74603444
CN(C)/N=N/c1nc[nH]c1C(N)=O,0.0034271537
O=C(/C=C/c1ccc(CN(CCO)CCc2c[nH]c3ccccc23)cc1)NO,0.039466303
COC(=O)N[C@H](C(=O)N1CCC[C@H]1c1nc(-c2ccc(-c3ccc(-c4c[nH]c([C@@H]5CCCN5C(=O)[C@@H](NC(=O)OC)C(C)C)n4)cc3)cc2)c[nH]1)C(C)C,0.111731835
COc1cc2ncnc(Nc3ccc(F)c(Cl)c3)c2cc1NC(=O)/C=C/CN1CCCCC1,0.41667774
Cc1c2oc3c(C)ccc(C(=O)N[C@@H]4C(=O)N[C@H](C(C)C)C(=O)N5CCC[C@H]5C(=O)N(C)CC(=O)N(C)[C@@H](C(C)C)C(=O)O[C@@H]4C)c3nc-2c(C(=O)N[C@@H]2C(=O)N[C@H](C(C)C)C(=O)N3CCC[C@H]3C(=O)N(C)CC(=O)N(C)[C@@H](C(C)C)C(=O)O[C@@H]2C)c(N)c1=O,0.96265197
O=c1c(-c2ccc(O)cc2)coc2cc(O)ccc12,0.044619758
O=c1c(-c2ccc(O)cc2)coc2cc(O[C@@H]3O[C@H](CO)[C@@H](O)[C@H](O)[C@H]3O)ccc12,0.008750979
CC(C)C[C@@H](NC(=O)[C@@H](Cc1ccccc1)NC(=O)CNC(=O)[C@H](C)NC(=O)[C@@H](N)Cc1ccc(O)cc1)C(=O)N[C@H](CCCNC(=N)N)C(=O)O,0.035392094
CN[C@H]1C(=O)N[C@@H]2Cc3ccc(cc3)Oc3cc4cc(c3O[C@@H]3O[C@H](C(=O)O)[C@@H](O)[C@H](O)[C@H]3NC(=O)CCCCCCCCC(C)C)Oc3ccc(cc3Cl)[C@@H](O)[C@@H]3NC(=O)[C@H](NC(=O)[C@@H]4NC(=O)[C@@H](NC2=O)c2cc(cc(O)c2Cl)Oc2cc1ccc2O)c1ccc(O)c(c1)-c1c(O[C@H]2O[C@H](CO)[C@@H](O)[C@H](O)[C@@H]2O)cc(O)cc1[C@@H](C(=O)NCCCN(C)C)NC3=O,0.99998903
CCC(CC)CC1(C(=O)Nc2ccccc2SC(=O)C(C)C)CCCCC1,0.084102355
Nc1ccncc1,0.011084907
CCN(CC)CCS(=O)(=O)[C@@H]1CCN2C(=O)c3coc(n3)CC(=O)C[C@H](O)/C=C(C)/C=C\CNC(=O)/C=C/[C@@H](C)[C@H](C(C)C)OC(=O)[C@@H]12,0.008515852
O=C(O)Cc1ccc(CCNS(=O)(=O)c2ccc(Cl)cc2)cc1,0.0012127085
CN(C)NC(=O)CCC(=O)O,0.0011772027
C#C[C@]1(O)CC[C@H]2[C@@H]3CCC4=Cc5oncc5C[C@]4(C)[C@H]3CC[C@@]21C,0.0014850808
NCC(=O)N1C[C@H](NC(=O)c2ccccc2)C[C@H]1C(=O)O,0.005066936
Cc1c(F)cccc1NC(=O)Nc1ccc(Cl)c(S(=O)(=O)[C@H]2CCCNC2)c1O,0.29043236
CN1C[C@@H]2C[C@H]1CN2c1cc2c(cc1F)c(=O)c(C(=O)O)cn2C1CC1,0.9485724
CC(C)(C)OC(=O)N[C@H]1CCCCC/C=C\[C@@H]2C[C@@]2(C(=O)NS(=O)(=O)C2CC2)NC(=O)[C@@H]2C[C@@H](OC(=O)N3Cc4cccc(F)c4C3)CN2C1=O,0.09942208
O=C1CN(/N=C/c2ccc(-c3ccc([N+](=O)[O-])cc3)o2)C(=O)N1,0.076170355
O=C1c2cccc(O)c2C(=O)c2c(O)cccc21,0.7629639
CO[C@@H](C(=O)N1Cc2n[nH]c(NC(=O)c3ccc(N4CCN(C)CC4)cc3)c2C1)c1ccccc1,0.014563767
CCOc1ccc(Cc2cc([C@@H]3O[C@H](CO)[C@@H](O)[C@H](O)[C@H]3O)ccc2Cl)cc1,0.26146552
CS(=O)(=O)CCC#N,0.0021621615
O=c1ccc2ccc(O)c(O)c2o1,0.009849559
Cc1ccccc1N1CCN(CCc2nnc3n2CCCC3)CC1,0.0034593393
Cc1cc(C)c(Nc2ccnc(Nc3ccc(C#N)cc3)n2)c(C)c1,0.13066842
CN(C)[C@@H](CCOc1cccc2ccccc12)c1ccccc1,0.036121003
O=C(O)CNC(=O)c1c(O)n(C2CCCCC2)c(=O)n(C2CCCCC2)c1=O,0.10567698
Nc1ccc(S(=O)(=O)c2ccc(N)cc2)cc1,0.006412234
C[C@H](NC(=O)Cc1cc(F)cc(F)c1)C(=O)N[C@H](C(=O)OC(C)(C)C)c1ccccc1,0.09446352
CCCCCCCCCC(=O)N[C@@H](Cc1c[nH]c2ccccc12)C(=O)N[C@H](CC(N)=O)C(=O)N[C@@H](CC(=O)O)C(=O)N[C@@H]1C(=O)NCC(=O)N[C@@H](CCCN)C(=O)N[C@@H](CC(=O)O)C(=O)N[C@H](C)C(=O)N[C@@H](CC(=O)O)C(=O)NCC(=O)N[C@H](CO)C(=O)N[C@@H]([C@H](C)CC(=O)O)C(=O)N[C@@H](CC(=O)c2ccccc2N)C(=O)O[C@@H]1C,0.6894786
CCN(CC)CCN(Cc1ccc(-c2ccc(C(F)(F)F)cc2)cc1)C(=O)Cn1c(SCc2ccc(F)cc2)nc(=O)c2c1CCC2,0.97033215
Cc1oc(-c2ccccc2)nc1CCC(=O)c1ccc(CC2SC(=O)NC2=O)cc1,0.06830577
NC(=O)C(c1ccccc1)(c1ccccc1)[C@@H]1CCN(CCc2ccc3c(c2)CCO3)C1,0.010352541
C[C@@H](Cn1ccc(-c2ccc(C#N)c(Cl)c2)n1)NC(=O)c1cc([C@@H](C)O)n[nH]1,0.02443389
CC(C)CN(C[C@@H](O)[C@H](Cc1ccccc1)NC(=O)O[C@H]1CO[C@H]2OCC[C@H]21)S(=O)(=O)c1ccc(N)cc1,0.0016816788
COc1cc(OC)nc(O[C@H](C(=O)O)C(OC)(c2ccccc2)c2ccccc2)n1,0.0024320602
COc1c(-c2ccc3cc(NS(C)(=O)=O)ccc3c2)cc(-n2ccc(=O)[nH]c2=O)cc1C(C)(C)C,0.37669867
Cc1nc(Nc2ncc(C(=O)Nc3c(C)cccc3Cl)s2)cc(N2CCN(CCO)CC2)n1,0.16482985
N[C@@H]1CC[C@@H](c2ccc(Cl)c(Cl)c2)c2ccccc21,0.19033793
CN1[C@@H]2CC[C@H]1C[C@@H](OC(=O)N1Cc3ccccc3NC1=O)C2,0.0072170068
CC[C@H](CC[C@@H](C)[C@H]1CC[C@H]2[C@@H]3CC=C4C[C@@H](O[C@@H]5O[C@H](CO)[C@@H](O)[C@H](O)[C@H]5O)CC[C@]4(C)[C@H]3CC[C@]12C)C(C)C,0.663417
COc1cccc2c1C(=O)c1c(O)c3c(c(O)c1C2=O)C[C@@](O)(C(C)=O)C[C@@H]3O[C@H]1C[C@H](N)[C@H](O)[C@H](C)O1,0.97676975
Cc1c(Cn2ccnc2)c2ccccc2n1CCC(=O)O,0.0135079
O=C(O)c1ccc(OCCn2ccnc2)cc1,0.0064855223
c1ccc(CNc2nc(NCc3ccccc3)c3ccccc3n2)cc1,0.14271331
O=C(NN1CCCCC1)c1nn(-c2ccc(Cl)cc2Cl)c(-c2ccc(C#Cc3ccc(C(F)(F)F)cc3)s2)c1CNS(=O)(=O)N1CCCC1,0.70926803
CC(C)(CC(=O)N1CCCC1)NCC(=O)N1C[C@@H](F)C[C@H]1C#N,0.0024667273
CCCCc1ccc(NS(=O)(=O)c2ccc(F)cc2)cc1,0.0067251865
Cn1cc(-c2cc(Oc3cc(F)c(NC(=O)C4(C(=O)Nc5ccccc5)CC4)cc3F)ccn2)cn1,0.8911727
CCn1c(=O)[nH]c2cc(Cl)c(Cl)cc21,0.72338384
CCCCC[C@H]1C[C@H]1C[C@H]1C[C@H]1CCCCCCCC(=O)O,0.1257313
CCCC[C@@]1(C2CCCC2)Cc2cc(OCCCC(=O)O)c(Cl)c(Cl)c2C1=O,0.08004208
CCN1CCN(Cc2ccc(C(=O)Nc3ccc(C)c(Oc4ccc5c(c4)CC(=O)N5)c3)cc2C(F)(F)F)CC1,0.123324595
Nc1cc2[nH]cnc2c(O)n1,0.008285707
CN(C)c1cc2c(cc1Sc1nc3c(N)nccc3n1CCNCC(C)(C)C)OCO2,0.08546643
N=C(N)N1CCc2ccccc2C1,0.009032277
C[N+](C)(C)CCCCCCCCCC[N+](C)(C)C,0.021232007
CC(C)[C@H]1CC[C@@H](C)C[C@@H]1OC(=O)C[N+](C)(C)CCCCCCCCCC[N+](C)(C)CC(=O)O[C@H]1C[C@@H](C)CC[C@@H]1C(C)C,0.8405462
CC[C@@](C)(Nc1ccnc(-c2c[nH]c3ncccc23)n1)C(=O)NCC(F)(F)F,0.095140494
Nc1ncn([C@H]2C[C@H](O)[C@@H](CO)O2)c(=O)n1,0.0024482103
CCN(CC)CCNC(=O)c1ccc(N)c(Cl)c1,0.0056764926
OCCOCCN1CCN(C(c2ccccc2)c2ccccc2)CC1,0.004710708
CCCCCCCCCCOc1cc2c(=O)c(C(=O)OCC)c[nH]c2cc1OCC,0.9530053
CNC(=O)c1ccc(Nc2ncc(C(F)(F)F)c(NCc3nccnc3N(C)S(C)(=O)=O)n2)cc1,0.017070862
O=C(O)c1ccc(-n2nc(-c3ccccc3O)nc2-c2ccccc2O)cc1,0.0036391704
O=C(O)c1ccc(-n2nc3nc2-c2ccccc2[O][Fe][O]c2ccccc2-3)cc1,0.0025473163
Cc1c(O)c(=O)ccn1C,0.010127386
CC(=O)N(O)CCCCCNC(=O)CCC(=O)N(O)CCCCCNC(=O)CCC(=O)N(O)CCCCCN,0.00017622783
CC(=O)OCC(=O)[C@@]12N=C(C)O[C@@H]1C[C@H]1[C@@H]3CCC4=CC(=O)C=C[C@]4(C)[C@H]3[C@@H](O)C[C@@]12C,0.0006932086
CO[C@H]1C[C@@H]2CC[C@@H](C)[C@@](O)(O2)C(=O)C(=O)N2CCCC[C@H]2C(=O)O[C@H]([C@H](C)C[C@@H]2CC[C@@H](OP(C)(C)=O)[C@H](OC)C2)CC(=O)[C@H](C)/C=C(\C)[C@@H](O)[C@@H](OC)C(=O)[C@H](C)C[C@H](C)/C=C/C=C/C=C/1C,0.022402002
CC(=O)N[C@H](Cc1ccc2ccccc2c1)C(=O)N[C@H](Cc1ccc(Cl)cc1)C(=O)N[C@H](Cc1cccnc1)C(=O)N[C@@H](CO)C(=O)N[C@@H](Cc1ccc(NC(=O)[C@@H]2CC(=O)NC(=O)N2)cc1)C(=O)N[C@H](Cc1ccc(NC(N)=O)cc1)C(=O)N[C@@H](CC(C)C)C(=O)N[C@@H](CCCCNC(C)C)C(=O)N1CCC[C@H]1C(=O)N[C@H](C)C(N)=O,0.92821246
CC(=O)c1c(O)cc(C)oc1=O,0.009284412
C[C@H](CCC(=O)O)[C@H]1CC[C@H]2[C@@H]3C(=O)C[C@H]4CC(=O)CC[C@]4(C)[C@@H]3CC(=O)[C@]12C,0.00046269197
C[C@H](CCC(=O)O)[C@H]1CC[C@H]2[C@@H]3C(=O)C[C@@H]4CC(=O)CC[C@]4(C)[C@H]3CC(=O)[C@]12C,0.00044504827
COc1cc2c(cc1OC)-c1c(C)c3ccc(OC)c(OC)c3c[n+]1CC2,0.19001369
C[C@]12CC[C@H](O)CC1=CC[C@@H]1[C@@H]2CC[C@]2(C)C(=O)CC[C@@H]12,0.002809262
C[C@]12CC[C@H](OS(=O)(=O)O)CC1=CC[C@@H]1[C@@H]2CC[C@]2(C)C(=O)CC[C@@H]12,0.0008784248
Nc1nc(-n2cc(C(=O)O)c(=O)c3cc(F)c(N4CC(O)C4)c(Cl)c32)c(F)cc1F,0.9978321
C[C@]1(COc2ccc(N3CCC(Oc4ccc(OC(F)(F)F)cc4)CC3)cc2)Cn2cc([N+](=O)[O-])nc2O1,0.9902333
CC(C)C[C@H](NC(=O)[C@@H](NC(=O)c1cccc(-c2ccccc2)n1)[C@@H](C)O)B(O)O,0.14464633
CCOC(=O)[C@H](CCc1ccccc1)N[C@@H](C)C(=O)N(CC(=O)O)C1Cc2ccccc2C1,0.017327338
CC(C)Nc1cccnc1N1CCN(C(=O)c2cc3cc(NS(C)(=O)=O)ccc3[nH]2)CC1,0.008220925
CC(C)C[C@H](NC(=O)[C@H](CO)NC(=O)CNC(=O)[C@H](CC(C)C)NC(=O)[C@H](CCC(=O)O)NC(=O)[C@H](Cc1ccc(O)cc1)NC(=O)[C@H](CO)NC(=O)[C@H](CC(N)=O)NC(=O)[C@H](Cc1ccccc1)NC(=O)[C@H](CO)NC(=O)[C@@H](N)CSSC[C@H](N)C(=O)N[C@@H](Cc1ccc(O)cc1)C(=O)NCC(=O)N[C@@H](CCCNC(=N)N)C(=O)N[C@@H](CCCCN)C(=O)N[C@@H](CCCCN)C(=O)N[C@@H](CCCNC(=N)N)C(=O)N[C@@H](CCCNC(=N)N)C(=O)N[C@@H](CCC(N)=O)C(=O)N[C@@H](CCCNC(=N)N)C(=O)N[C@@H](CCCNC(=N)N)C(=O)N[C@@H](CCCNC(=N)N)C(=O)O)C(=O)O,0.048286382
C[C@H]1CN(C(=O)CC#N)[C@]12CCN(c1ncnc3[nH]ccc13)C2,0.0008166198
CC[C@H](C)[C@H](NC(=O)[C@H](Cc1ccc(O)cc1)NC(=O)[C@@H](NC(=O)[C@@H](CCCNC(=N)N)NC(=O)[C@@H](N)CC(=O)O)C(C)C)C(=O)N[C@@H](Cc1cnc[nH]1)C(=O)N1CCC[C@@H]1C(=O)N[C@H](Cc1ccccc1)C(=O)O,0.25067934
CN1CCN(c2ccc(N3C[C@H](CO)OC3=O)cc2F)C=N1,0.10393312
Oc1cc(O)c2cc(O)c(-c3cc(O)c(O)c(O)c3)[o+]c2c1,0.9091102
CC(C)=CCC/C(C)=C/CC/C(C)=C/CC[C@]1(C)CCc2cc(O)cc(C)c2O1,0.81223875
c1ccc(Cn2c(-c3ccc(OC[C@H](C4CCNCC4)n4c(-c5ccccc5)nc5ccccc54)cc3)nc3ccccc32)cc1,0.85946566
CN(CCCCCCCCCCN(C)C(=O)Oc1cccc([N+](C)(C)C)c1)C(=O)Oc1cccc([N+](C)(C)C)c1,0.010153902
CN(C)[C@@H]1C(=O)[C@@H](C(N)=O)C(=O)[C@@]2(O)C(=O)[C@H]3C(=O)c4c(O)ccc(Cl)c4[C@@H](O)[C@H]3C[C@@H]12,0.94584817
CC[N+](CC)(CC(=O)Nc1c(C)cccc1C)Cc1ccccc1,0.026573654
COc1ccc(CCNC[C@H](O)c2ccc(O)cc2)cc1OC,0.010072042
Cc1nsc(NC(=O)c2ccccc2)c1C(=O)Nc1ccc(Cl)cc1,0.025756586
Oc1ccc(O[C@H]2CCCCO2)cc1,0.0068350066
C[C@H](CCC(=O)O)[C@H]1CC[C@H]2[C@@H]3CC[C@@H]4C[C@H](O)CC[C@]4(C)[C@H]3C[C@H](O)[C@]12C,0.016014999
CC(=O)OCC(=O)[C@H]1CC[C@H]2[C@@H]3CCC4=CC(=O)CC[C@]4(C)[C@H]3CC[C@]12C,0.0011707336
CNCCc1ccc(O)c(O)c1,0.006674838
Cc1cc(N)c2ccccc2[n+]1CCCCCCCCCC[n+]1c(C)cc(N)c2ccccc21,0.9160368
COc1ccc(-c2cc(C(F)F)nn2-c2ccc(S(N)(=O)=O)cc2)cc1F,0.061256643
COCCNCCc1cccc(Nc2ncc3c(n2)-c2ccccc2[C@H](c2ccccc2F)C3)c1,0.61645585
COC(=O)[C@H]1[C@H]2C[C@@H]3c4[nH]c5ccccc5c4CCN3C[C@H]2C[C@@H](OC(=O)c2cc(OC)c(OC)c(OC)c2)[C@@H]1OC,0.004601025
O=C(O)CNC(=O)c1c(O)c2ccccc2n(OCC2CC2)c1=O,0.123336405
CNCCCN1c2ccccc2CCc2ccccc21,0.006869778
C[C@]12C=CC(=O)C=C1CC[C@@H]1[C@@H]2[C@@H](O)C[C@@]2(C)[C@H]1C[C@@H]1O[C@@H](C3CCCCC3)O[C@]12C(=O)CO,0.00061038224
C[C@H]1O[C@@H](O[C@H]2CC[C@@]3(C)[C@H](CC[C@@H]4[C@@H]3C[C@@H](O)[C@]3(C)[C@@H](C5=CC(=O)OC5)CC[C@]43O)C2)C[C@H](O)[C@@H]1O[C@H]1C[C@H](O)[C@H](O[C@H]2C[C@H](O)[C@H](O[C@@H]3O[C@H](CO)[C@@H](O)[C@H](O)[C@H]3O)[C@@H](C)O2)[C@@H](C)O1,0.0019162738
Clc1ccc2c(c1)CCc1cccnc1C2=C1CCNCC1,0.24875271
CCNC(=O)[C@@H]1CCCN1C(=O)[C@H](CCCN=C(N)N)NC(=O)[C@H](CC(C)C)NC(=O)[C@@H](Cc1c[nH]c2ccccc12)NC(=O)[C@H](Cc1ccc(O)cc1)NC(=O)[C@H](CO)NC(=O)[C@H](Cc1c[nH]c2ccccc12)NC(=O)[C@H](Cc1c[nH]cn1)NC(=O)[C@@H]1CCC(=O)N1,0.8420647
Clc1ccc2c(c1)N=C(N1CCNCC1)c1ccccc1N2,0.031827316
N=C(N)NCCC[C@@H](NC(=O)[C@@H]1CCCN1C(=O)[C@H]1CSSCCC(=O)N[C@@H](Cc2ccc(O)cc2)C(=O)N[C@@H](Cc2ccccc2)C(=O)N[C@@H](CCC(N)=O)C(=O)N[C@@H](CC(N)=O)C(=O)N1)C(=O)NCC(N)=O,0.13733332
C#C[C@]1(O)CC[C@H]2[C@@H]3CCC4=CCCC[C@@H]4[C@H]3C(=C)C[C@@]21CC,0.0010782434
CC1(C)O[C@@H]2C[C@H]3[C@@H]4CCC5=CC(=O)C=C[C@]5(C)[C@H]4[C@@H](O)C[C@]3(C)[C@]2(C(=O)CO)O1,0.00072889426
C[C@@H]1C[C@H]2[C@@H]3CCC4=CC(=O)C=C[C@]4(C)[C@@]3(F)[C@@H](O)C[C@]2(C)[C@H]1C(=O)CO,0.00031156105
CC(C)(C)C(=O)OCC(=O)[C@H]1CC[C@H]2[C@@H]3CCC4=CC(=O)CC[C@]4(C)[C@H]3CC[C@]12C,0.000401558
C[C@]12CC[C@H]3[C@@H](CCC4=CC(=O)CC[C@@]43C)[C@@H]1CC[C@@H]2C(=O)CO,0.0014315138
c1ccc2c(c1)CN1CCCC1=N2,0.004912811
CN(C)C[C@@H](c1ccc(O)cc1)C1(O)CCCCC1,0.005957569
Cc1cccc(Cc2cnc[nH]2)c1C,0.1458119
CN1C(=O)[C@@H](NC(=O)c2cc3ccccc3[nH]2)N=C(c2ccccc2)c2ccccc21,0.10064583
C[C@@H]1C[C@H]2[C@@H]3CCC4=CC(=O)C=C[C@]4(C)[C@@]3(F)[C@@H](O)C[C@]2(C)[C@@]1(O)C(=O)CO,0.00012389614
CC(=O)OCC(=O)[C@@]1(O)[C@H](C)C[C@H]2[C@@H]3CCC4=CC(=O)C=C[C@]4(C)[C@@]3(F)[C@@H](O)C[C@@]21C,0.00012246316
N[C@@H](COP(=O)(O)O)C(=O)O,9.936257e-05
Cc1c(OCC(F)(F)F)ccnc1C[S@@](=O)c1nc2ccccc2[nH]1,0.9149939
CCCCCN(CCCOC)C(=O)[C@@H](CCC(=O)O)NC(=O)c1ccc(Cl)c(Cl)c1,0.034148898
Cc1cccc([C@H](C)c2cnc[nH]2)c1C,0.097294345
COC(=O)C1=C(C)NC(C)=C(C(=O)OCCCN2CCC(c3ccccc3)(c3ccccc3)CC2)[C@@H]1c1cccc([N+](=O)[O-])c1,0.060735263
CC(C)(CO)[C@@H](O)C(=O)NCCCO,0.0016274336
C[C@@H](CN1CC(=O)NC(=O)C1)N1CC(=O)NC(=O)C1,0.0004316568
O=C[C@H](O)[C@@H](O)[C@H](O)[C@H](O)CO[C@H]1O[C@H](CO[C@H]2O[C@H](CO)[C@@H](O)[C@H](O)[C@H]2O)[C@@H](O)[C@H](O)[C@H]1O,0.00019080388
COc1ccc2c(c1)[C@]13CCCC[C@@H]1[C@H](C2)N(C)CC3,0.0061985096
Cc1ncc([N+](=O)[O-])n1C[C@@H](CN1CCOCC1)OP(=O)(O)O,0.06767512
O=C[C@H](O)[C@@H](O)[C@H](O)[C@H](O)CO,0.00095934473
Fc1cccc(/C=N/N=C/c2cccc(F)c2)c1,0.21637881
CN1CCN(c2ccc(/C=C(\C#N)c3ccccc3Br)cc2)CC1,0.022366093
O=C(O)CCCN1CCC[C@H]1COc1ccc(Oc2ccc(Cl)cc2)cc1,0.015485833
CCCCC(=O)NCCc1c(Cc2ccccc2)[nH]c2ccccc12,0.11499715
CCCCCCC[n+]1ccc(-c2cc[n+](CCCCCCC)cc2)cc1,0.90975076
CC(=O)Oc1cccc2c1C(=O)c1c(OC(C)=O)cc(C(=O)O)cc1C2=O,0.95451564
CC(=O)Nc1ccc(OC(C)=O)cc1,0.0065085012
Nc1ncnc2c1ncn2[C@@H]1O[C@H](COP(=O)(O)OP(=O)(O)OP(=O)(O)OP(=O)(O)OC[C@H]2O[C@@H](n3cnc4c(N)ncnc43)[C@H](O)[C@@H]2O)[C@@H](O)[C@H]1O,1.386039e-08
O[C@H]([C@H](O)[C@@H]1CO1)[C@H]1CO1,0.0025982563
N#C[C@H](Cc1ccc(O)cc1)c1ccc(O)cc1,0.013151437
CC(=O)Nc1c(I)c(NC(C)=O)c(I)c(C(=O)O)c1I,0.011572468
COc1ccc(Cc2cnc(N)nc2N)cc1OC,0.26501632
CC1=Nc2ccc(Cl)cc2S(=O)(=O)N1,0.0029683092
NC[C@@H]1CC[C@@H](N)[C@@H](O[C@H]2[C@H](O)[C@@H](O[C@H]3O[C@H](CO)[C@@H](O)[C@H](N)[C@H]3O)[C@H](N)C[C@@H]2N)O1,0.010688315
CN(C)CCN1C(=O)c2ccccc2N(C)c2ccccc21,0.0018335859
c1ccc2c(c1)sc1ccccc12,0.019241933
CCCCOC(=O)c1ccccc1C(=O)OCCCC,0.0027365552
CC(=O)OCC(=O)[C@@]1(O)CC[C@H]2[C@@H]3CCC4=CC(=O)C=C[C@]4(C)[C@@]3(Cl)[C@@H](Cl)C[C@@]21C,8.7319946e-05
O=C(O)C(Cl)Cl,0.20963956
Oc1ccc(Cl)cc1Cc1cc(Cl)ccc1O,0.44907346
COP(=O)(OC)OC=C(Cl)Cl,0.0017808566
N#C[C@H](c1ccc(Cl)cc1)c1c(Cl)cc(-n2ncc(=O)[nH]c2=O)cc1Cl,0.95038766
O=C(O)Cc1ccccc1Nc1c(Cl)cccc1Cl,0.20239823
NS(=O)(=O)c1cc(Cl)c(Cl)c(S(N)(=O)=O)c1,0.00077338784
COc1ccc2c(c1)CN(C)C[C@H]2c1ccc(Cl)c(Cl)c1,0.29902542
O=C(N[C@@H](O)C(Cl)(Cl)Cl)N[C@H](O)C(Cl)(Cl)Cl,0.9747353
Cc1onc(-c2c(Cl)cccc2Cl)c1C(=O)N[C@@H]1C(=O)N2[C@@H]1SC(C)(C)[C@@H]2C(=O)O,0.9922327
O=c1oc2ccccc2c(O)c1Cc1c(O)c2ccccc2oc1=O,0.85898846
C1CCC(NC2CCCCC2)CC1,0.01572346
CCN(CC)CCOC(=O)C1(C2CCCCC2)CCCCC1,0.0035669429
O=c1nc[nH]c2c1ncn2[C@H]1CC[C@@H](CO)O1,0.0053292043
Nc1ncnc2c1ncn2[C@H]1CC[C@@H](CO)O1,0.0031405287
O=C(NO)c1ccc(O)c(O)c1,0.005064357
C/C=C(C(=C/C)/c1ccc(O)cc1)\c1ccc(O)cc1,0.8413338
C[C@]12CCC3=C4CCC(=O)C=C4CC[C@H]3[C@@H]1CC[C@@]2(O)CC#N,0.00031835868
CCN(CC)C(=O)N1CCN(C)CC1,0.004498561
CC/C(=C(/CC)c1ccc(O)cc1)c1ccc(O)cc1,0.87358195
CCN(CC)C(=O)c1cccc(C)c1,0.011101704
O=C(Cc1ccc(-c2ccccc2)cc1)Nc1ccccn1,0.07117273
CC(=O)OCC(=O)[C@@]1(OC(C)=O)[C@@H](C)C[C@H]2[C@H]3C[C@H](F)C4=CC(=O)C=C[C@]4(C)[C@@]3(F)[C@@H](O)C[C@@]21C,9.008406e-05
CN1CCN(c2cc3c(cc2F)c(=O)c(C(=O)O)cn3-c2ccc(F)cc2)CC1,0.974018
O=C(O)c1cc(-c2ccc(F)cc2F)ccc1O,0.13563845
CCCC(=O)O[C@]1(C(=O)COC(C)=O)CC[C@H]2[C@@H]3C[C@H](F)C4=CC(=O)C=C[C@]4(C)[C@@]3(F)[C@@H](O)C[C@@]21C,4.024992e-05
O=C1c2ccccc2CN2C(=O)c3ccccc3CN12,0.025089297
C[C@]12CC[C@H](O)C[C@H]1CC[C@@H]1[C@@H]2CC[C@]2(C)[C@@H](C3=CC(=O)OC3)CC[C@]12O,0.0013087684
C[C@H]1O[C@@H](O[C@H]2[C@@H](O)C[C@H](O[C@H]3[C@@H](O)C[C@H](O[C@H]4CC[C@@]5(C)[C@H](CC[C@@H]6[C@@H]5CC[C@]5(C)[C@@H](C7=CC(=O)OC7)CC[C@]65O)C4)O[C@@H]3C)O[C@@H]2C)C[C@H](O)[C@@H]1O,0.010320104
C[C@]12CC[C@H](O)C[C@H]1CC[C@@H]1[C@@H]2C[C@@H](O)[C@]2(C)[C@@H](C3=CC(=O)OC3)CC[C@]12O,0.00057697267
C[C@H]1O[C@@H](O[C@H]2[C@@H](O)C[C@H](O[C@H]3[C@@H](O)C[C@H](O[C@H]4CC[C@@]5(C)[C@H](CC[C@@H]6[C@@H]5C[C@@H](O)[C@@]5(C)[C@@H](C7=CC(=O)OC7)CC[C@]65O)C4)O[C@@H]3C)O[C@@H]2C)C[C@H](O)[C@@H]1O,0.0022538332
CCCCC/C=C\C/C=C\C/C=C\CCCCCCC(=O)O,0.025254507
Oc1cc2c(cc1O)[C@H]1c3ccccc3CN[C@@H]1CC2,0.034661245
C[C@H]1[C@@H](O)O[C@@H]2O[C@@]3(C)CC[C@H]4[C@H](C)CC[C@@H]1[C@@]24OO3,0.005623395
CC(C)[C@@]1(NC(=O)[C@@H]2C[C@@H]3c4cccc5[nH]cc(c45)C[C@H]3N(C)C2)O[C@@]2(O)[C@@H]3CCCN3C(=O)[C@H](Cc3ccccc3)N2C1=O,0.00069839606
CN1C[C@H](C(=O)N[C@]2(C)O[C@@]3(O)[C@@H]4CCCN4C(=O)[C@H](Cc4ccccc4)N3C2=O)C[C@@H]2c3cccc4[nH]cc(c34)C[C@H]21,0.0011864591
O=C1c2c(O)cc(O)cc2O[C@H](c2cc(O)c(O)c(O)c2)[C@H]1O,0.18697353
CN[C@@H]1[C@H](O[C@H]2[C@H](O[C@@H]3[C@@H](O)[C@H](O)[C@@H](NC(=N)N)[C@H](O)[C@H]3NC(=N)N)O[C@@H](C)[C@]2(O)CO)O[C@@H](CO)[C@H](O)[C@H]1O,0.2548932
CC(C)[C@@H](C)/C=C/[C@@H](C)[C@H]1CC[C@@H]2/C(=C/C=C3\C[C@@H](O)CC[C@@H]3C)CCC[C@]21C,0.48329246
O=C(CO)CO,0.0019356246
N[C@@H](C(=O)O)c1cc(O)cc(O)c1,0.004171456
O=C(O)CCc1cc(I)c(Oc2ccc(O)cc2)c(I)c1,0.020715304
COc1cc(C(=O)OCCCN2CCCN(CCCOC(=O)c3cc(OC)c(OC)c(OC)c3)CC2)cc(OC)c1OC,0.00028294788
Cc1cc(F)ccc1-c1nc(NC(CO)CO)nc2c1ccc(=O)n2-c1c(F)cccc1F,0.95913607
CN(C(=O)C(Cl)Cl)c1ccc(OC(=O)c2ccco2)cc1,0.42517588
COc1ccc([C@@H]2Sc3ccccc3N(CCN(C)C)C(=O)[C@@H]2OC(C)=O)cc1,0.13627413
COC(=O)c1ccc(C(c2c[nH]c3ccccc23)c2c[nH]c3ccccc23)cc1,0.35831046
CN(C)CCCSC(=N)N,0.004428887
Cc1ccc2c(c1)[C@]13CCCC[C@@H]1[C@H](C2)N(C)CC3,0.0085507715
CN(C)CCOC(c1ccccc1)c1ccccc1,0.013379051
OC[C@@H](S)CS,0.005964709
O=C(O)[C@@H](S)[C@@H](S)C(=O)O,0.9305907
O=S(=O)(O)CCSSCCS(=O)(=O)O,0.0017199002
CC1(C)OC(=O)NC1=O,0.00157004
C[Si](C)(C)O[Si](C)(C)C,0.010071609
C[C@@H](C1=C(CCN(C)C)Cc2ccccc21)c1ccccn1,0.036440335
CCCCc1cc2ccccc2c(OCCN(C)C)n1,0.011686982
COC(=O)/C=C/C(=O)OC,0.0012332898
CO[C@H]1CO[C@@H]2[C@H]1OC[C@H]2OC,0.0059047122
Cc1ncc([N+](=O)[O-])n1C,0.8369599
N=C(N)c1ccc(/N=N/Nc2ccc(C(=N)N)cc2)cc1,0.46078345
CCOP(=S)(OCC)Oc1cc(C)nc(C(C)C)n1,0.00054584944
CCc1cnn2c(NCc3ccc[n+]([O-])c3)cc(N3CCCC[C@H]3CCO)nc12,0.22735076
Cc1c(C(N)=O)cc([N+](=O)[O-])cc1[N+](=O)[O-],0.41168085
CCCCC[C@H](O)/C=C/[C@@H]1[C@@H](C/C=C\CCCC(=O)O)[C@@H](O)C[C@H]1O,0.0024464873
CCCCC[C@H](O)/C=C/[C@H]1[C@H](O)CC(=O)[C@@H]1C/C=C\CCCC(=O)O,0.0012718065
C[C@@H]1CC[C@@]2(OC1)O[C@H]1C[C@H]3[C@@H]4CC=C5C[C@@H](O[C@@H]6O[C@H](CO)[C@@H](O[C@@H]7O[C@@H](C)[C@H](O)[C@@H](O)[C@H]7O)[C@H](O)[C@H]6O[C@@H]6O[C@@H](C)[C@H](O)[C@@H](O)[C@H]6O)CC[C@]5(C)[C@H]4CC[C@]3(C)[C@H]1[C@@H]2C,0.13135429
C[C@@H]1CC[C@@]2(OC1)O[C@H]1C[C@H]3[C@@H]4CC=C5C[C@@H](O)CC[C@]5(C)[C@H]4CC[C@]3(C)[C@H]1[C@@H]2C,0.024467295
COc1ccc(-c2cc(=O)c3c(O)cc(O)cc3o2)cc1O,0.047761187
COc1ccc(-c2cc(=O)c3c(O)cc(O[C@@H]4O[C@H](CO[C@@H]5O[C@@H](C)[C@H](O)[C@@H](O)[C@H]5O)[C@@H](O)[C@H](O)[C@H]4O)cc3o2)cc1O,0.008161419
COc1ccc(C(=O)c2ccccc2O)c(O)c1,0.008931444
C[C@H](N)C(=O)N[C@@H](CCC(N)=O)C(=O)O,0.0010714745
O=C(Nc1ccccc1)OC[C@@H](CN1CCCCC1)OC(=O)Nc1ccccc1,0.012895557
C[N+]1(C)CCC(=C(c2ccccc2)c2ccccc2)CC1,0.08907841
O=c1c(-c2ccccc2)c1-c1ccccc1,0.09348824
OC(CCCN1CCCCC1)(c1ccccc1)c1ccccc1,0.00836362
c1ccc2c(c1)[I]c1ccccc1-2,0.01588382
N=C(Nc1ccccc1)Nc1ccccc1,0.05408591
CN1CCC(OC(c2ccccc2)c2ccccc2)CC1,0.027923657
CNC[C@@H](O)c1ccc(OC(=O)C(C)(C)C)c(OC(=O)C(C)(C)C)c1,0.00038947334
Fc1ccc2nc(CCC#Cc3ccccn3)cn2c1,0.01544621
CC(C)N(CCc1c[nH]c2ccccc12)C(C)C,0.03745621
OCCN(CCO)c1nc(N2CCCCC2)c2nc(N(CCO)CCO)nc(N3CCCCC3)c2n1,0.0010897086
CC(=O)Oc1cccc(C(=O)O)c1OC(C)=O,0.014599706
O=c1ccn([C@@H]2O[C@H](COP(=O)(O)OP(=O)(O)OP(=O)(O)OP(=O)(O)OC[C@H]3O[C@@H](n4ccc(=O)[nH]c4=O)[C@H](O)[C@@H]3O)[C@@H](O)[C@H]2O)c(=O)[nH]1,7.3489326e-07
CC[C@H]1OC(=O)[C@H](C)[C@@H](O[C@H]2C[C@@](C)(OC)[C@@H](O)[C@H](C)O2)[C@H](C)[C@@H](O[C@@H]2O[C@H](C)C[C@H](N(C)C)[C@H]2O)[C@](C)(O)C[C@@H](C)[C@@H]2N[C@@H](COCCOC)O[C@H]([C@H]2C)[C@]1(C)O,0.9459313
COC(=O)/C=C/C(=O)OCCN1C(=O)CCC1=O,0.0004200273
O=C(O)CCCCCCCCC(=O)O,0.0013022504
CC(C)N(CCC(C(N)=O)(c1ccccc1)c1ccccn1)C(C)C,0.0040995865
CCN(CC)C(=S)SSC(=S)N(CC)CC,0.010242045
Oc1cccc2cc3cccc(O)c3c(O)c12,0.074127264
CCN(CC)C(=S)S,0.0048382897
Cc1ccccc1NC(=N)Nc1ccccc1C,0.15231381
CCOC(=S)SSC(=S)OCC,0.15320025
C[C@H](CN1CCN(CCOCCO)CC1)CN1c2ccccc2Sc2ccccc21,0.3451287
C[C@]12N[C@H](Cc3ccccc31)c1ccccc12,0.006999476
C[C@@]12N[C@@H](Cc3ccccc31)c1ccccc12,0.007839701
CN(C)c1ccc(/C=C2\CCCN=C2c2cccnc2)cc1,0.08594588
COc1cccc(/C=N/N=C/c2cccc(OC)c2)c1,0.080575705
CC(C)Oc1ccc(-c2cnc3c(-c4ccnc5ccccc45)cnn3c2)cc1,0.3601708
c1ccc(-c2cnn3cc(-c4ccc(OCCN5CCOCC5)cc4)cnc23)cc1,0.0657345
COc1cc(C=O)c([N+](=O)[O-])cc1OC,0.07232267
O=C1c2ccccc2C(Cc2ccnc(F)c2)(Cc2ccnc(F)c2)c2ccccc21,0.34819525
CCC[C@@H](NC(=O)N1C(=O)C(CC)(CC)[C@@H]1Oc1ccc(C(=O)N2CCN(C)CC2)cc1)c1ccc2c(c1)OCO2,0.0012585309
O=S(=O)(O)C[C@@H](S)CS,0.0042007137
CS(C)=O,0.005596386
O=c1[nH]c2cc([N+](=O)[O-])c([N+](=O)[O-])cc2[nH]c1=O,0.99270767
CC(CCc1ccc(O)cc1)NCCc1ccc(O)c(O)c1,0.06932009
CC1=C(C)C(=O)C(CCCCC#CCCCC#CCO)=C(C)C1=O,0.0014574808
CC(=O)O[C@@]12CO[C@@H]1C[C@H](O)[C@@]1(C)C(=O)[C@H](O)C3=C(C)[C@@H](OC(=O)[C@H](O)[C@@H](NC(=O)OC(C)(C)C)c4ccccc4)C[C@@](O)([C@@H](OC(=O)c4ccccc4)[C@H]21)C3(C)C,0.000117071504
CC/C=C\C/C=C\C/C=C\C/C=C\C/C=C\C/C=C\CCC(=O)O,0.008768152
CC/C=C\C/C=C\C/C=C\C/C=C\C/C=C\C/C=C\CCC(=O)OCC,0.033906747
CCCCCCCCCCCCCCCCCCCCCCO,0.7362348
CCCC[C@@H](CC)COC(=O)C[C@@H](C(=O)OC[C@@H](CC)CCCC)S(=O)(=O)O,0.022409134
CCCCCCCCCCCCOS(=O)(=O)O,0.0051099584
O=C(C(c1ccccc1)c1ccccc1)N1CCN(CC(O)COc2cccc3ncccc23)CC1,0.010896262
CN(CCOc1ccc(NS(C)(=O)=O)cc1)CCc1ccc(NS(C)(=O)=O)cc1,0.0021740743
O=C(O[C@@H]1C[C@@H]2C[C@@H]3C[C@H](C1)N2CC3=O)c1c[nH]c2ccccc12,0.0031016867
CC[C@H](C)[C@@H]([C@@H](CC(=O)N1CCC[C@H]1[C@H](OC)[C@@H](C)C(=O)N[C@@H](Cc1ccccc1)c1nccs1)OC)N(C)C(=O)[C@@H](NC(=O)[C@H](C(C)C)N(C)C)C(C)C,0.33672497
C[C@@H]1CCO[C@H]2Cn3cc(C(=O)NCc4ccc(F)cc4F)c(=O)c(O)c3C(=O)N12,0.99007964
CCCCCCCCCCCC[N+](C)(C)CCOc1ccccc1,0.44560772
O=c1[nH]c2ccccc2n1CCCN1CCC(n2c(=O)[nH]c3cc(Cl)ccc32)CC1,0.37751323
COc1cc2c(cc1OC)C(=O)[C@H](CC1CCN(Cc3ccccc3)CC1)C2,0.008249
N#Cc1ccc(N2CCN(C(=O)COc3ccc4[nH]cc(CCN)c4c3)CC2)cc1,0.0066423994
NCCc1ccc(O)c(O)c1,0.008003278
Cc1ccc(-n2nc(C(C)(C)C)cc2NC(=O)Nc2ccc(OCCN3CCOCC3)c3ccccc23)cc1,0.05192553
CO[C@H]1C[C@H](O[C@H]2[C@H](C)O[C@@H](O[C@@H]3/C(C)=C/C[C@@H]4C[C@@H](C[C@]5(C=C[C@H](C)[C@@H](C6CCCCC6)O5)O4)OC(=O)[C@@H]4C=C(C)[C@@H](O)[C@H]5OC/C(=C\C=C\[C@@H]3C)[C@]54O)C[C@@H]2OC)O[C@@H](C)[C@@H]1O,0.42874417
Cn1c(Cn2ccc(C(F)(F)F)c(Oc3cc(Cl)cc(C#N)c3)c2=O)n[nH]c1=O,0.92379427
C[C@@H](O)[C@H]1C(=O)N2C(C(=O)O)=C(S[C@@H]3CN[C@H](CNS(N)(=O)=O)C3)[C@H](C)[C@H]12,0.7642654
c1cc(-c2cnn3cc(-c4ccc(OCCN5CCCCC5)cc4)cnc23)ccn1,0.095789716
CCN[C@H]1C[C@H](C)S(=O)(=O)c2sc(S(N)(=O)=O)cc21,0.0014332864
CN(C)CC/C=C1\c2ccccc2CSc2ccccc21,0.15050092
O=P(O)(O)CN1CCN(CP(=O)(O)O)CCN(CP(=O)(O)O)CCN(CP(=O)(O)O)CC1,2.16355e-07
CN1CCN(c2ccc3nc(-c4c(N)c5c(F)cccc5[nH]c4=O)[nH]c3c2)CC1,0.55839115
CCN1C[C@@H](CCN2CCOCC2)C(c2ccccc2)(c2ccccc2)C1=O,0.002428675
COc1cc2nc(N3CCN(C(=O)[C@H]4COc5ccccc5O4)CC3)nc(N)c2cc1OC,0.009650486
CN(C)CC/C=C1/c2ccccc2COc2ccccc21,0.0110361185
C=C1/C(=C/C=C2\CCC[C@]3(C)[C@@H]([C@H](C)/C=C/[C@@H](C)C(C)C)CC[C@@H]23)C[C@@H](O)C[C@@H]1O,0.23012269
C[C@H]1O[C@@H](n2cc(F)c(=O)[nH]c2=O)[C@H](O)[C@@H]1O,0.9646806
Cn1c(=O)c2c(ncn2CC2OCCO2)n(C)c1=O,0.0037333248
COc1cccc2c1C(=O)c1c(O)c3c(c(O)c1C2=O)C[C@@](O)(C(=O)CO)C[C@@H]3O[C@H]1C[C@H](N)[C@H](O)[C@H](C)O1,0.955401
C[C@H]1c2cccc(O)c2C(=O)C2=C(O)[C@]3(O)C(=O)C(C(N)=O)=C(O)[C@@H](N(C)C)[C@@H]3[C@@H](O)[C@@H]21,0.9810378
CN(C)CCOC(C)(c1ccccc1)c1ccccn1,0.019478237
CN(C(=S)NN=C(c1ccccn1)c1ccccn1)C1CCCCC1,0.28794545
CC(C)CN(C[C@@H](O)[C@H](Cc1ccccc1)NC(=O)[C@@H](NC(=O)CNCc1cccc(F)c1)C(C)(C)C)S(=O)(=O)c1cccc(N)c1,0.010084168
CCCn1c(=O)c2[nH]c(C3CCCC3)nc2n(CCC)c1=O,0.02359106
N#Cc1cc2c(OC[C@H](O)CN3CCN(C(c4ccccc4)c4ccccc4)CC3)cccc2[nH]1,0.006597639
CC(C)[C@@H]1CC[C@@H](C)C[C@@H]1P(=O)(c1ccccc1)c1ccccc1,0.08028876
CCN(CC)CCOc1ccc(Cc2ccccc2)cc1,0.20202886
Cc1ccc2[nH]c(=O)c(C3=NN(C(=O)CCC(=O)O)[C@H](c4ccc(Br)cc4)C3)c(-c3ccccc3)c2c1,0.7885183
Cc1nc(=O)c2c([nH]1)CCSC2,0.030313093
O=C1Nc2ccc(Cl)c3c2[C@@]1(CCCCN1CC=C(c2ccc(Cl)cc2)CC1)CCC3,0.0042959847
CC[C@H](CO)Nc1nc(Nc2cccc(-c3ccccn3)c2)c2ncn(C(C)C)c2n1,0.1684055
CCN(CC)CCOC(=O)[C@H](c1ccccc1)C1CCCCC1,0.005888793
CC/C(=C(/c1ccc(OCCN(C)C)cc1)c1cccc(O)c1)c1ccccc1,0.92379886
CCC(=O)O[C@H]1CC[C@H]2[C@H]3CC[C@H]4CC(=O)[C@@H](C)C[C@@]4(C)[C@@H]3CC[C@@]12C,0.006426032
CCCCc1oc2ccc(NS(C)(=O)=O)cc2c1C(=O)c1ccc(OCCCN(CCCC)CCCC)cc1,0.32214886
O=C(CCCN1CC=C(n2c(=O)[nH]c3ccccc32)CC1)c1ccc(F)cc1,0.009091504
OC[C@@H](O)CN1CCN(c2ccccc2)CC1,0.002316013
C[C@]12CCC(=O)C=C1[C@@H]1C[C@@H]1[C@H]1[C@@H]3[C@@H]4C[C@@H]4[C@@]4(CCC(=O)O4)[C@@]3(C)CC[C@@H]12,0.0007223412
CCOc1ccc(CC2=NCCc3cc(OCC)c(OCC)cc32)cc1OCC,0.57945645
CN1c2c(oc(=O)n(-c3ccccn3)c2=O)-c2ccccc2S1(=O)=O,0.027805882
N[C@H](C(=O)O)[C@H](O)c1ccc(O)c(O)c1,0.004518177
Cc1cc(Cl)ccc1OCCCC(=O)NO,0.0054870727
Cc1cc(Nc2ccc(S(F)(F)(F)(F)F)cc2)n2nc(C(C)(F)F)nc2n1,0.0032476317
CCCCCCCCCCCCCCCCCC(=O)OC[C@@H](COP(=O)(O)OCC[N+](C)(C)C)OC(=O)CCCCCCCCCCCCCCCCC,0.040432226
CCCCNc1nc(N)c2[nH]c(=O)n(Cc3ccc(OCCN(C)C)nc3)c2n1,0.026971532
O=C(Nc1c(-c2cccs2)nc2ccccn12)c1ccc(Cl)cc1,0.029695416
N=C(N)NCCC[C@H](N)C(=O)NCC(=O)N[C@@H](CC(=O)O)C(=O)N[C@@H](CO)C(=O)O,0.001293713
CNCC[C@H](Oc1cccc2ccccc12)c1cccs1,0.016857838
CS(=O)(=O)c1ccc(-c2cc(Br)sc2-c2ccc(F)cc2)cc1,0.27152315
C[C@]12C=CC(=O)N[C@@H]1CC[C@@H]1[C@@H]2CC[C@]2(C)[C@@H](C(=O)Nc3cc(C(F)(F)F)ccc3C(F)(F)F)CC[C@@H]12,0.07565583
C[C@H](Nc1ncnc2nc[nH]c12)c1cc2cccc(Cl)c2c(=O)n1-c1ccccc1,0.31515267
CCOC(=O)CNC(=O)[C@@H]1CCCN1C(=O)Cc1ccccc1,0.0028992349
COCCCc1ccc2oc(-c3ccc(OC)c(OC)c3)cc2c1,0.06949742
CCCCOc1ccc(C(=O)CCN2CCCCC2)cc1,0.0057047037
CC(=O)[C@H]1CC[C@H]2[C@@H]3C=CC4=CC(=O)CC[C@@]4(C)[C@@H]3CC[C@]12C,0.0015756816
O=C(N/N=C/c1ccc(O)c(O)c1)c1cc2ccccc2cc1O,0.121790156
CCCCCCCCNC(=O)/C(C#N)=C/c1cn(CCCN(C)C)c2ccccc12,0.07926465
Cn1c(=O)c2c(ncn2C[C@@H](O)CO)n(C)c1=O,0.0023740986
CCN(CC)c1ccc(/C=N/NC(=O)c2ccc(O)cc2)cc1,0.30008948
S=C(S)OC1CC2CC1C1CCCC21,0.09215865
O=C(CN1CCC(C(=O)c2ccc(F)cc2)CC1)c1ccc2ccccc2c1,0.0067143464
COc1cc(/C=C2\CCCN([C@@H](C)c3ccc(F)cc3)C2=O)ccc1-n1cnc(C)c1,0.18209668
Cc1cccc(CCN2CCC(C(=O)c3ccc(NS(C)(=O)=O)cc3)CC2)n1,0.0019569646
CC(C)C[C@H](NC(=O)[C@H]1O[C@@H]1C(=O)O)C(=O)NCCCCNC(=N)N,0.06405468
COCCN(C(=O)c1cc(OC)c(OC)c(OC)c1)c1nc(-c2ccccc2)cs1,0.005513388
Nc1ncnc2c1ncn2[C@H]1O[C@@H](C(=O)N2CCN(CC(=O)Nc3cccc4c3CNC4=O)CC2)[C@H](O)[C@@H]1O,0.0016799681
CC(C)(C)c1ccc(C(=O)CCCN2CCC(OC(c3ccccc3)c3ccccc3)CC2)cc1,0.24069357
CCOC(=O)[C@@H]1CN(Cc2ccccc2)C(=O)C1=O,0.0054490576
N=C(N)Nc1nc(CSCCN/C=N/S(=O)(=O)c2ccc(Br)cc2)cs1,0.01821385
O=c1c2ccccc2[se]n1-c1ccccc1,0.8270288
COc1c(C)cnc(Cn2cc(C#CCC(C)(C)O)c3c(Cl)nc(N)nc32)c1C,0.44358742
CC1(C)CCC(C)(C)c2cc(C#Cc3ccc(C(=O)O)cc3)ccc21,0.05489476
CNC(=O)c1cccc(NCC(=O)NCCc2ccc(OC)c(OC)c2)c1,0.0043711946
CC(C)c1cc2c(cc1S(=O)(=O)O)[C@@]1(C)CCC[C@@](C)(C(=O)O)[C@@H]1CC2,0.0008978551
CC1(C)[C@H]2CC[C@]1(CS(=O)(=O)O)C(=O)C2=Cc1ccc(C=C2C(=O)[C@@]3(CS(=O)(=O)O)CC[C@@H]2C3(C)C)cc1,2.6324937e-05
CS[C@H]1SC[C@H]2C(=O)N(C)[C@@H](C(C)C)C(=O)OC[C@@H](NC(=O)c3cnc4ccccc4n3)C(=O)N[C@@H](C)C(=O)N(C)[C@H]1C(=O)N(C)[C@@H](C(C)C)C(=O)OC[C@@H](NC(=O)c1cnc3ccccc3n1)C(=O)N[C@@H](C)C(=O)N2C,0.9983145
Clc1ccc(CO[C@@H](Cn2ccnc2)c2ccc(Cl)cc2Cl)cc1,0.8468009
CC1=NCC[C@@H](C(=O)O)N1,0.004827751
Cc1oc(-c2ccccc2)nc1CCOc1ccc(C[C@@H]2SC(=O)NC2=O)c2sccc12,0.64764273
Cc1cc(=O)n(-c2ccccc2)[nH]1,0.014046117
CC/C=C\C/C=C\C/C=C\C/C=C\C/C=C\C/C=C\CCC(=O)NCCNC(=O)c1ccccc1O,0.016834747
CCCCCCCCCCCCCCCCCCOC[C@H](COP(=O)(O)OCC[N+](C)(C)C)OC,0.010508836
C[C@@H](O)CN(CCN(C[C@@H](C)O)C[C@@H](C)O)C[C@@H](C)O,0.0058257785
Cn1c(CCCCCCC(=O)NO)nc2cc(N(CCCl)CCCl)ccc21,0.03334197
OC1CN(CCCOCCc2ccc3sccc3c2)C1,0.006299342
CN1CCc2nc(C(=O)N[C@@H]3C[C@@H](C(=O)N(C)C)CC[C@@H]3NC(=O)C(=O)Nc3ccc(Cl)cn3)sc2C1,0.021259727
CCc1cn([C@H]2C[C@H](O)[C@@H](CO)O2)c(=O)[nH]c1=O,0.10876051
CC[N+](C)(C)c1cccc(O)c1,0.0071084294
O=P(O)(O)CN(CCN(CP(=O)(O)O)CP(=O)(O)O)CP(=O)(O)O,2.525804e-07
CS(=O)(=O)c1ccc(-c2cnc(NCc3ccco3)n3cnnc23)cc1,0.0031216315
Cc1cc(C)cc(NC(=O)Cc2ccc(OC(C)(C)C(=O)O)cc2)c1,0.018205505
CCC1(C2=NCCN2)Cc2ccccc2O1,0.0045150495
Cc1cc(Oc2ccc3nc(COc4ccc(C[C@H]5SC(=O)NC5=O)cc4)n(C)c3c2)cc(C)c1N,0.94895
O=C1Nc2ccc(Cl)cc2[C@@](C#CC2CC2)(C(F)(F)F)O1,0.7034377
C=C1CCN([C@H](C)[C@@](O)(Cn2cncn2)c2ccc(F)cc2F)CC1,0.008687185
O=C(O)COCCN1CCN(C(c2ccc(F)cc2)c2ccc(F)cc2)CC1,0.006074539
NCCCC(N)(C(=O)O)C(F)F,0.0011414379
CCOC(=O)COc1ccc2c(=O)cc(-c3ccccc3)oc2c1,0.012136349
CC1=C(C(=O)OCCN(Cc2ccccc2)c2ccccc2)[C@H](c2cccc([N+](=O)[O-])c2)C(P2(=O)OCC(C)(C)CO2)=C(C)N1,0.022459315
O=C(Cn1ccnc1[N+](=O)[O-])NCC(F)(F)C(F)(F)F,0.8811191
Cc1cc(C(=O)Nc2nc3cccc(Cl)c3n2[C@@H]2CCCCN(C(=O)/C=C/CN(C)C)C2)ccn1,0.072997235
N[C@@]1(C(=O)O)CC[C@H]2[C@H](C(=O)O)[C@H]21,0.0010307065
N=C(N)NCCC[C@H](NC(=O)c1sccc1NS(=O)(=O)c1cccc2nsnc12)C(=O)O,0.0010913595
CCn1c2ccccc2c2cc(Nc3ccnc(NCCCN4CCOCC4)n3)ccc21,0.2092646
CCN(c1nc(N)c(C(=O)N=C(N)N)nc1Cl)C(C)C,0.02196299
CCSC(=N)N,0.008316585
CCC(CC)n1ccc2c(C(=O)NCc3c(C)cc(C)[nH]c3=O)cc(C#N)cc21,0.18873692
CCNCCc1ccc(CN(CC)c2cc(OC)ccc2[C@@H]2CCc3cc(O)ccc3C2)cc1,0.8455468
COc1cc2c(cc1OC)CN(CCc1ccc(NC(=O)c3cccc4c(=O)c5cccc(OC)c5[nH]c34)cc1)CC2,0.4118965
CCC(=C/[C@H](C)C/C=C/C(C)=C/[C@H](C)C(=O)[C@H](C)[C@@H](O)[C@H](C)C/C(C)=C/C(=O)O)/C=C/[C@H]1OC(=O)C=C[C@@H]1C,0.16367047
CCCCCCCC/C=C/CCCCCCCC(=O)OC[C@H]1O[C@@H](n2ccc(N)nc2=O)[C@@H](O)[C@@H]1O,0.23471387
CSc1ccc(C(=O)/C=C/c2cc(C)c(OC(C)(C)C(=O)O)c(C)c2)cc1,0.040866867
COc1cccc(-c2c(C)n(Cc3c(F)cccc3C(F)(F)F)c(=O)n(C[C@H](NCCCC(=O)O)c3ccccc3)c2=O)c1F,0.9825843
COC(=O)N[C@H](C(=O)N1CCC[C@H]1c1nc(-c2ccc3c(c2)O[C@@H](c2ccccc2)n2c-3cc3cc(-c4c[nH]c([C@@H]5CCCN5C(=O)[C@@H](NC(=O)OC)C(C)C)n4)ccc32)c[nH]1)C(C)C,0.027325641
C=C1/C(=C\C=C2/CCC[C@]3(C)[C@@H]([C@H](C)CCCC(C)(C)O)CC[C@@H]23)C[C@@H](O)[C@@H](OCCCO)[C@@H]1O,0.4111814
O=C1c2cc(-c3ccc(OC(F)(F)F)cc3)ccc2OCCN1Cc1ncccn1,0.030822564
C=C[C@]1(C)CC[C@@H](C(=C)C)C[C@@H]1C(=C)C,0.026975488
CN(NC(=O)CC(=O)NN(C)C(=S)c1ccccc1)C(=S)c1ccccc1,0.07376013
CN1CCC[C@@H]1Cc1c[nH]c2ccc(CCS(=O)(=O)c3ccccc3)cc12,0.01689568
CCCCCCCC(=O)N[C@H](CN1CCCC1)[C@H](O)c1ccc2c(c1)OCCO2,0.008895524
CNc1cc2[nH]c(=O)n(-c3ccc(NC(=O)NS(=O)(=O)c4ccc(Cl)s4)cc3)c(=O)c2cc1F,0.97965884
O[C@@H](CN1CCC(Cc2ccc(F)cc2)CC1)c1ccc(Cl)cc1,0.040858984
O=c1oc2c(O)c(O)cc3c(=O)oc4c(O)c(O)cc1c4c23,0.976495
O=C(c1cccc(N2Cc3cccc(Cl)c3C2=O)c1)N1CCC2(CC1)CCN(c1ccncc1)CC2,0.37774488
NC(=O)/C(=C\n1cnc(-c2cc(C(F)(F)F)cc(C(F)(F)F)c2)n1)c1cncnc1,0.03137719
CC(=O)[C@H]1CC[C@H]2[C@@H]3CC[C@@H]4C[C@H](O)CC[C@]4(C)[C@H]3CC[C@]12C,0.025799997
c1cc2c(c(N3CCNCC3)c1)OCCO2,0.0043654027
CC1=NN(c2ccc(C)c(C)c2)C(=O)/C1=N\Nc1cccc(-c2cccc(C(=O)O)c2)c1O,0.7558962
COc1ccc(CN(C(=O)[C@@H](N)Cc2c(C)cc(C(N)=O)cc2C)[C@@H](C)c2nc(-c3ccccc3)c[nH]2)cc1C(=O)O,0.1713457
COc1cc2c(cc1Cc1cccc(Cl)c1F)c(=O)c(C(=O)O)cn2[C@H](CO)C(C)C,0.98719007
CN[C@@H]1[C@@H](C)O[C@@H](O[C@H]2[C@H](C)O[C@@H](O[C@@H]3/C(C)=C/C[C@@H]4C[C@@H](C[C@]5(C=C[C@H](C)[C@@H](C(C)C)O5)O4)OC(=O)[C@@H]4C=C(C)[C@@H](O)[C@H]5OC/C(=C\C=C\[C@@H]3C)[C@]54O)C[C@@H]2OC)C[C@H]1OC,0.5981157
CCCCCCCCCCCC1C(=O)C(=O)C=C(O)C1=O,0.021836836
CN1CCC(COc2cnc(-c3cccc(Cn4nc(-c5cccc(C#N)c5)ccc4=O)c3)nc2)CC1,0.051010795
Cc1[nH]c2ccc(Cl)cc2c1C1=CCNCC1,0.056630783
COc1ccc(C(=O)N2CCCc3cc(C4=NNC(=O)S[C@@H]4C)ccc32)cc1OC,0.35556853
CCCCc1nc2ccn(CC(=O)N(C)C)c(=O)c2n1Cc1ccc(-c2ccccc2-c2nn[nH]n2)cc1,0.041696094
CN(C)CCNC(=O)NC[C@H]1CC[C@@H]2[C@H](O1)c1cc(C(F)(F)F)ccc1N[C@H]2c1ccccc1,0.031926706
CCOCCn1c(N2CCCN(C)CC2)nc2ccccc21,0.006665558
O=C(NCCS)c1cccc(C(=O)NCCS)c1,0.0054311813
CC[C@H]1CN2CCc3cc(OC)c(OC)cc3[C@@H]2C[C@@H]1C[C@H]1NCCc2cc(OC)c(OC)cc21,0.04827894
CCOC(=O)c1ccc(OCCN2C[C@H](O)[C@@H](O)[C@H](O)[C@H]2CO)cc1,0.0010688183
NCC[C@@H](O)c1cccc(OCC2CCCCC2)c1,0.021786094
CC(C)C[C@@H]1C(=O)O[C@H](C)C(=O)N(C)[C@@H](CC(C)C)C(=O)O[C@H](Cc2ccc(N3CCOCC3)cc2)C(=O)N(C)[C@@H](CC(C)C)C(=O)O[C@H](C)C(=O)N(C)[C@@H](CC(C)C)C(=O)O[C@H](Cc2ccc(N3CCOCC3)cc2)C(=O)N1C,0.027776591
Cc1cc(O)c2c(c1)C(=O)c1cc(O)cc(O)c1C2=O,0.9258413
CCOc1c(N2CCOCC2)cnn(C)c1=O,0.012549753
CCc1nc(C)ccc1O,0.014130416
OC[C@H]1O[C@@H](c2ccc(Cl)c(Cc3ccc(O[C@H]4CCOC4)cc3)c2)[C@H](O)[C@@H](O)[C@@H]1O,0.19901322
C[C@H](NC(=O)C(=O)Nc1ccccc1C(C)(C)C)C(=O)N[C@@H](CC(=O)O)C(=O)COc1c(F)c(F)cc(F)c1F,0.99692315
Nc1nc(=O)n([C@@H]2CS[C@H](CO)O2)cc1F,0.03192454
CCOC(=O)[C@H](CCc1ccccc1)N[C@@H](C)C(=O)N1CCC[C@H]1C(=O)O,0.0020963007
C[C@H](N[C@@H](CCc1ccccc1)C(=O)O)C(=O)N1CCC[C@H]1C(=O)O,0.0014801042
CC(C)(O)CNc1nc(Nc2ccnc(C(F)(F)F)c2)nc(-c2cccc(C(F)(F)F)n2)n1,0.9545918
C=C(C#N)C(=O)OCCCC,0.0045529227
COc1ccccc1N1CCN(C[C@@H](O)COc2cc(OC)c(OC)c(OC)c2)CC1,0.002672476
COC(=O)N[C@@H](C)CNc1nccc(-c2cn(C(C)C)nc2-c2cc(Cl)cc(NS(C)(=O)=O)c2F)n1,0.5809898
O=C(Nc1cccc2cccnc12)c1ccc(N2C(=O)[C@@H]3[C@H](C2=O)[C@@H]2C=C[C@H]3C2)cc1,0.14415425
CC/C(=C(\c1ccc(O)cc1)c1ccc(OCCNC)cc1)c1ccccc1,0.9239416
FC(F)OC(F)(F)[C@@H](F)Cl,0.44727248
C=CCO[C@H](Cn1ccnc1)c1ccc(Cl)cc1Cl,0.42574394
C#Cc1c[nH]c(=O)[nH]c1=O,0.12861975
Cc1cc(-n2cccc2)c(S(C)(=O)=O)cc1C(=O)NC(=N)N,0.020292496
C[n+]1ccc(C(=O)NCc2ccccc2)cc1,0.009126253
Cc1cc(Nc2cc(N3CCN(C)CC3)nc(/C=C/c3ccccc3)n2)[nH]n1,0.11181595
CCCCCCCCCCCCCCCCCCCCCC(=O)Nc1ccn([C@@H]2O[C@H](CO)[C@@H](O)[C@@H]2O)c(=O)n1,0.41079068
CCn1cc(C(=O)O)c(=O)c2cc(F)c(N3CCNCC3)nc21,0.8560772
CSc1ccc(C(=O)c2[nH]c(=O)[nH]c2C)cc1,0.25787568
CC1(C)[C@@H](O)CC[C@]2(C)[C@H]3C(=O)C=C4[C@@H]5C[C@@](C)(C(=O)O)CC[C@]5(C)CC[C@@]4(C)[C@]3(C)CC[C@@H]12,0.0018296405
CCCn1c(=O)[nH]c(=O)c2[nH]cnc21,0.031415466
CCN1CCN(c2cc3c(cc2F)c(=O)c(C(=O)O)cn3C2CC2)CC1,0.9553044
CCN(CC)C(=O)/C(C#N)=C/c1cc(O)c(O)c([N+](=O)[O-])c1,0.94761056
O=C(Nc1ccc2ncccc2c1)C(=O)c1cn(Cc2ccc(Cl)cc2)c2ccccc12,0.9462174
C=C1[C@H](CO)[C@@H](O)C[C@@H]1n1cnc2c(=O)nc(N)[nH]c21,0.0038346068
Nc1ccccc1NC(=O)c1ccc(CNC(=O)OCc2cccnc2)cc1,0.02581708
CN1CCN(c2ccc(C(=O)Nc3[nH]nc4ccc(Cc5cc(F)cc(F)c5)cc34)c(NC3CCOCC3)c2)CC1,0.7592024
CNC(=O)c1ccc(N2C(=S)N(c3ccc(C#N)c(C(F)(F)F)c3)C(=O)C2(C)C)cc1F,0.0151289655
Cn1cc(C2=C(c3cn(C4CCN(Cc5ccccn5)CC4)c4ccccc34)C(=O)NC2=O)c2ccccc21,0.95682245
O=C(O)c1cc(N2N=C(C(F)(F)F)/C(=C/c3ccc(-c4ccccc4)o3)C2=O)ccc1Cl,0.98726636
Cc1ccccc1C(=O)c1ccc(Nc2ccc(Br)cc2N)cc1Cl,0.743557
NS(=O)(=O)NCCNc1nonc1C(=Nc1ccc(F)c(Br)c1)NO,0.0036003257
CC(/C=C1\SC(=S)N(CC(=O)O)C1=O)=C\c1ccccc1,0.9713378
CC(=O)NC[C@H]1CN(c2ccc(N3CCN(C(=O)CO)CC3)c(F)c2)C(=O)O1,0.054364666
CCc1ccc(C(=O)[C@@H](C)CN2CCCCC2)cc1,0.012515775
NC[C@H]1OB(O)c2c(OCCCO)cccc21,0.004615744
CN[C@@H](C)[C@H](O)c1ccccc1,0.008475988
CN[C@@H](C)[C@@H](O)c1ccccc1,0.008205144
C[C@]12CC[C@H](O)C[C@@H]1CC[C@@H]1[C@@H]2CC[C@]2(C)C(=O)CC[C@@H]12,0.005991287
O=C(O[C@@H]1Cc2c(O)cc(O)cc2O[C@@H]1c1ccc(O)c(O)c1)c1cc(O)c(O)c(O)c1,0.17807408
C[C@]12CC[C@@H]3c4ccc(O)cc4CC[C@H]3[C@@H]1C[C@H](O)[C@@H]2O,0.010543522
Oc1cc(O)c2c(c1)O[C@H](c1cc(O)c(O)c(O)c1)[C@H](O)C2,0.023389809
O=C(O[C@@H]1Cc2c(O)cc(O)cc2O[C@@H]1c1cc(O)c(O)c(O)c1)c1cc(O)c(O)c(O)c1,0.38596195
NC1=NC[C@@H]2c3ccccc3Cc3ccccc3N12,0.018687572
CNC[C@H](O)c1ccc(O)c(O)c1,0.0045518614
COc1cc(C)nc(-n2nc(C)cc2OC)n1,0.004491524
COc1cccc2c1C(=O)c1c(O)c3c(c(O)c1C2=O)C[C@@](O)(C(=O)CO)C[C@@H]3O[C@H]1C[C@H](N)[C@@H](O)[C@H](C)O1,0.9539698
C[C@]12C[C@H]3S[C@H]3C[C@@H]1CC[C@@H]1[C@@H]2CC[C@]2(C)[C@@H](O)CC[C@@H]12,0.019720519
COC(=O)[C@@H]1CC2=CC(=O)CC[C@]2(C)[C@@]23O[C@@H]2C[C@@]2(C)[C@@H](CC[C@@]24CCC(=O)O4)[C@H]13,8.009282e-05
CCCCC[C@H](O)/C=C/[C@@H]1[C@H]2C/C(=C/CCCC(=O)O)O[C@H]2C[C@H]1O,0.0020910825
C/C(=C\c1csc(C)n1)[C@@H]1C[C@@H]2O[C@@H]2CCC[C@H](C)[C@H](O)[C@@H](C)C(=O)C(C)(C)[C@@H](O)CC(=O)O1,0.0066170725
C/C(=C\c1csc(C)n1)[C@@H]1C[C@@H]2O[C@]2(C)CCC[C@H](C)[C@H](O)[C@@H](C)C(=O)C(C)(C)[C@@H](O)CC(=O)O1,0.01065798
C/C1=C/C[C@@H](/C(C)=C/c2csc(C)n2)OC(=O)C[C@H](O)C(C)(C)C(=O)[C@H](C)[C@@H](O)[C@@H](C)CCC1,0.008744168
CCOc1cccc(NC(=O)c2ccc(N3CCCC3)c(C(F)(F)F)c2)c1,0.13785309
CCO[C@@H](CN1CCN(C[C@@H](C)C(=O)c2ccccc2)CC1)c1ccccc1,0.0077353697
CC[C@H](C)[C@H]1O[C@]2(C=C[C@@H]1C)C[C@@H]1C[C@@H](C/C=C(\C)[C@@H](O[C@H]3C[C@H](OC)[C@@H](O[C@H]4C[C@H](OC)[C@@H](NC(C)=O)[C@H](C)O4)[C@H](C)O3)[C@@H](C)/C=C/C=C3\CO[C@@H]4[C@H](O)C(C)=C[C@@H](C(=O)O1)[C@]34O)O2,0.8231968
CC(C)(C)NC(=O)[C@H]1CC[C@H]2[C@@H]3CC=C4C=C(C(=O)O)CC[C@]4(C)[C@H]3CC[C@]12C,0.0038718637
O=C(NCCCN1CCOCC1)c1ccc(Cl)cc1,0.003282813
O=S(=O)(O)CCCS(=O)(=O)O,0.0005431921
CCCCc1ncc(/C=C(\Cc2cccs2)C(=O)O)n1Cc1ccc(C(=O)O)cc1,0.33990556
N=C(N)NCCCC[C@@H]1NC(=O)CCSSC[C@@H](C(N)=O)NC(=O)[C@@H]2CCCN2C(=O)[C@H](Cc2c[nH]c3ccccc23)NC(=O)[C@H](CC(=O)O)NC(=O)CNC1=O,0.14116283
CC(C)N(C[C@H]1O[C@@H](n2cnc3c(N)ncnc32)[C@H](O)[C@@H]1O)[C@H]1C[C@@H](CCc2nc3ccc(C(C)(C)C)cc3[nH]2)C1,0.19347125
CC(C)N(CCCNC(=O)Nc1ccc(C(C)(C)C)cc1)C[C@H]1O[C@@H](n2ccc3c(N)ncnc32)[C@H](O)[C@@H]1O,0.06360065
Cc1cc(C)c(CNC(=O)c2cc(-c3ccc(CN4CCOCC4)cc3)cc3c2cnn3C2CCCC2)c(=O)[nH]1,0.42457154
CCN(c1cc(C#CCN2CCOCC2)cc(C(=O)NCc2c(C)cc(C)[nH]c2=O)c1C)[C@H]1CC[C@H](N(C)CCOC)CC1,0.103198685
O=C(NC[C@H](O)CN1CCc2ccccc2C1)c1cc(NC2COC2)ncn1,0.0032223677
CNCCN(C)Cc1c[nH]nc1-c1ccc(O[C@H]2C[C@H](OCCC3CCOCC3)C2)cc1,0.16594578
C[C@@]12CC[C@H]3C(=CCc4cc(O)ccc43)[C@@H]1CCC2=O,0.0024257493
Oc1ccc([C@H]2COc3cc(O)ccc3C2)cc1,0.01191793
Cc1ccc2c(=O)c3ccccc3n(CCCN)c2c1C,0.24059466
CC(C)c1cccc2c(-c3ccccc3)cc(-c3ccc(-c4ccc(C(=O)O)cc4)[nH]3)nc12,0.4916039
CCOc1ccccc1-n1c([C@@H](C)N2CCN(C(=O)COc3ccc(Cl)cc3)CC2)nc2ccccc2c1=O,0.07171935
CN(C)[C@@H]1C(=O)[C@@H](C(N)=O)C(=O)[C@@]2(O)C(=O)[C@@H]3C(=O)c4c(O)c(NC(=O)CN5CCCC5)cc(F)c4C[C@H]3C[C@@H]12,0.9059879
COC(=O)/C=C/c1cc(O)ccc1O,0.0055431314
C=C1/C(=C\C=C2/CCC[C@]3(C)[C@@H]([C@H](C)/C=C/[C@H](C)C(C)(C)O)CC[C@@H]23)C[C@@H](O)C[C@@H]1O,0.19234858
COc1cc(OC)cc(N(CCNC(C)C)c2ccc3ncc(-c4cnn(C)c4)nc3c2)c1,0.36743248
O=C(O)CSCC(=O)N[C@H]1CCSC1=O,0.007136762
C=C1CC[C@H](O)C/C1=C/C=C1\CCC[C@]2(C)[C@@H]([C@H](C)/C=C/[C@H](C)C(C)C)CC[C@@H]12,0.34276843
C[C@@H](CO)NC(=O)[C@@H]1C=C2c3cccc4[nH]cc(c34)C[C@H]2N(C)C1,0.0040603476
CC(C)[C@@H](C)/C=C/[C@@H](C)[C@H]1CC[C@H]2C3=CC=C4C[C@@H](O)CC[C@]4(C)[C@H]3CC[C@]12C,0.0782597
CN1C[C@H](C(=O)N[C@]2(C)O[C@@]3(O)[C@@H]4CCCN4C(=O)[C@H](Cc4ccccc4)N3C2=O)C=C2c3cccc4[nH]cc(c34)C[C@H]21,0.00064822036
COc1cc(N2CCN(C)CC2)ccc1Nc1ncc2c(n1)N(C)c1ccccc1C(=O)N2C,0.002464242
C#Cc1cccc(Nc2ncnc3cc(OCCOC)c(OCCOC)cc23)c1,0.0061905044
C[C@@H](O)[C@@H]1C(=O)N2C(C(=O)O)=C(S[C@@H]3CN[C@H](C(=O)Nc4cccc(C(=O)O)c4)C3)[C@H](C)[C@H]12,0.97066194
Oc1ccc([C@@H]2Oc3ccc(O)cc3[C@@H]3CCC[C@@H]32)cc1,0.020379642
CCOc1ccc(Cc2cc([C@]34OC[C@](CO)(O3)[C@@H](O)[C@H](O)[C@H]4O)ccc2Cl)cc1,0.008836782
OC[C@@H](O)[C@@H](O)CO,0.0014877787
CC[C@H]1OC(=O)[C@H](C)[C@@H](O[C@H]2C[C@@](C)(OC)[C@@H](O)[C@H](C)O2)[C@H](C)[C@@H](O[C@@H]2O[C@H](C)C[C@H](N(C)C)[C@H]2O)[C@](C)(O)C[C@@H](C)C(=O)[C@H](C)[C@@H](O)[C@]1(C)O,0.39448854
CCC(=O)O[C@H]1[C@H](O[C@@H]2[C@@H](C)[C@H](O[C@H]3C[C@@](C)(OC)[C@@H](O)[C@H](C)O3)[C@@H](C)C(=O)O[C@H](CC)[C@@](C)(O)[C@H](O)[C@@H](C)C(=O)[C@H](C)C[C@@]2(C)O)O[C@H](C)C[C@@H]1N(C)C,0.4058021
CCOC(=O)CCC(=O)O[C@H]1[C@H](O[C@@H]2[C@@H](C)[C@H](O[C@H]3C[C@@](C)(OC)[C@@H](O)[C@H](C)O3)[C@@H](C)C(=O)O[C@H](CC)[C@@](C)(O)[C@H](O)[C@@H](C)C(=O)[C@H](C)C[C@@]2(C)O)O[C@H](C)C[C@@H]1N(C)C,0.18500593
O=C1OC2(c3ccccc31)c1cc(I)c(O)c(I)c1Oc1c2cc(I)c(O)c1I,0.88687366
O=C(CN1CCNCC1)NC1CCCCC1,0.0036379134
Cc1c(C(=O)Nc2ccc(S(C)(=O)=O)cc2)cn(CCO)c1-c1ccccc1C(F)(F)F,0.07509218
CC=C(C)C(=O)O[C@H]1[C@H](OC(C)=O)[C@]2(CO)[C@H](O)C[C@]3(C)C(=CC[C@@H]4[C@@]5(C)CC[C@H](O[C@@H]6O[C@H](C(=O)O)[C@@H](O[C@@H]7O[C@H](CO)[C@@H](O)[C@H](O)[C@H]7O)[C@H](O)[C@H]6O[C@@H]6O[C@H](CO)[C@@H](O)[C@H](O)[C@H]6O)[C@](C)(CO)[C@@H]5CC[C@]43C)[C@@H]2CC1(C)C,0.008819621
O=c1ccc2cc(O[C@@H]3O[C@H](CO)[C@@H](O)[C@H](O)[C@H]3O)c(O)cc2o1,0.002706063
CN1CC[C@@]2(C)c3cc(O)ccc3N(C)[C@@H]12,0.0037118471
CC(C)(C)c1cc(C(=O)/C(C#N)=N/Nc2cccc(Cl)c2)no1,0.12730764
CC(=O)O[C@H]1Cc2ccccc2N(C(N)=O)c2ccccc21,0.0047869887
COC(=O)CCc1ccc(OC[C@@H](O)CNC(C)C)cc1,0.002859967
COc1ccc2nc([S@@](=O)Cc3ncc(C)c(OC)c3C)[nH]c2c1,0.76104665
CC(=O)SC[C@H](CC(=O)c1ccc(C)cc1)C(=O)O,0.0020459879
C[C@]12CC[C@@H]3c4ccc(O)cc4CC[C@H]3[C@@H]1[C@@H](O)[C@@H](O)[C@@H]2O,0.0059517175
C[C@]12CC[C@@H]3c4ccc(O)cc4CC[C@H]3[C@@H]1CC[C@@H]2O,0.02032851
CC(=O)Oc1ccc2c(c1)CC[C@@H]1[C@@H]2CC[C@]2(C)[C@@H](O)CC[C@@H]12,0.02565525
C[C@]12CC[C@@H]3c4ccc(OC(=O)c5ccccc5)cc4CC[C@H]3[C@@H]1CC[C@@H]2O,0.02377858
C[C@]12CC[C@@H]3c4ccc(O)cc4CC[C@H]3[C@@H]1CC[C@@H]2OC(=O)CCC1CCCC1,0.041072264
CCCCC(=O)O[C@H]1CC[C@H]2[C@@H]3CCc4cc(O)ccc4[C@H]3CC[C@]12C,0.025565024
C[C@]12CC[C@@H]3c4ccc(OS(N)(=O)=O)cc4CC[C@H]3[C@@H]1CC[C@@H]2O,0.0019692893
C[C@]12CC[C@@H]3c4ccc(OC(=O)N(CCCl)CCCl)cc4CC[C@H]3[C@@H]1CC[C@@H]2O,0.0579639
C[C@]12CC[C@@H]3c4ccc(OC(=O)N(CCCl)CCCl)cc4CC[C@H]3[C@@H]1CC[C@@H]2OP(=O)(O)O,0.0009848704
C[C@]12CC[C@@H]3c4ccc(O)cc4CC[C@H]3[C@@H]1C[C@@H](O)[C@@H]2O,0.010172514
C[C@]12CC[C@@H]3c4ccc(O)cc4CC[C@H]3[C@@H]1CCC2=O,0.005047454
C[C@]12CC[C@@H]3c4ccc(OS(=O)(=O)O)cc4CC[C@H]3[C@@H]1CCC2=O,0.0014175429
C=C(CC)C(=O)c1ccc(OCC(=O)O)c(Cl)c1Cl,0.65275216
CCN(CC)CCOc1ccccc1C(=O)CCc1ccccc1,0.0051473747
O=S(=O)(O)c1cc(O)ccc1O,0.0026070126
O=C(Cn1ccnc1[N+](=O)[O-])NCCO,0.30355063
CCOC(=O)c1cnc2c(cnn2CC)c1NN=C(C)C,0.01320993
Cn1c(=O)c2c(ncn2CC(=O)Nc2ccc(-c3ccccc3)nn2)n(C)c1=O,0.007017634
N#Cc1ccc(-c2cnc3ccc(-c4ccc(C(=O)N5CCOCC5)cc4)cn23)cc1,0.00933053
CCN(CC)S(=O)(=O)c1ccc(C(=O)O)cc1,0.0015173792
CCC1(c2ccccc2)C(=O)N(COC)C(=O)N(COC)C1=O,0.00053010264
CCOC(=O)Nc1ccc2c(c1)N(C(=O)CCN(CC)CC)c1ccccc1S2,0.93295574
CCOc1ccc2nc3cc(N)ccc3c(N)c2c1,0.31999475
CC[C@@H](CO)NCCN[C@@H](CC)CO,0.005877493
CCN(CC)C(=O)c1ccc(O)c(OC)c1,0.006893593
CCCCCCCC/C=C\CCCCCCCC(=O)O,0.049224805
CCOc1ccc(Cc2nccc3cc(OCC)c(OCC)cc23)cc1OCC,0.89140415
CCOc1ccccc1C(N)=O,0.0046802317
CCn1cnc(C(=O)NC)c1C(=O)NC,0.0035440237
C#C[C@]1(O)CC[C@H]2[C@@H]3CCc4cc(O)ccc4[C@H]3CC[C@@]21C,0.0021289883
CCc1cc(C(N)=S)ccn1,0.008385927
C#C[C@]1(O)CC[C@H]2[C@@H]3CCC4=CC(=O)CC[C@]4(C)[C@H]3CC[C@@]21C,0.00050608686
CCOc1cc(NC(C)=O)ccc1C(=O)OC,0.0037242945
CC[C@@]1(C)CC(=O)NC1=O,0.0016257068
CCN1C(=O)N[C@H](c2ccccc2)C1=O,0.0033889103
CCOc1ccc2c(c1)C(C)=CC(C)(C)N2,0.013622604
CCOc1ccc2nc(S(N)(=O)=O)sc2c1,0.003650327
CCOC(=O)c1ccc(O)cc1,0.0040094038
C=C(O)C(=O)OCC,0.009184591
CCOc1cc(C=O)ccc1O,0.009329115
CCOC(=O)c1ccccc1OC(N)=O,0.0035403075
O=C(O)CN(CCN(CC(=O)O)CC(=O)O)CC(=O)O,0.00025605402
CC[C@@H](N)[C@@H](O)c1ccc(O)c(O)c1,0.010500614
C#C[C@]1(OC(C)=O)CC[C@H]2[C@@H]3CCC4=C[C@@H](OC(C)=O)CC[C@@H]4[C@H]3CC[C@@]21C,0.00093991833
C#C[C@@]1(O)[C@@H](CO)O[C@@H](n2ccc(N)nc2=O)[C@@H]1O,0.0030166784
CCc1cc(Cl)c(OC)c(C(=O)NC[C@@H]2CCCN2CC)c1O,0.010968424
CC(O)(P(=O)(O)O)P(=O)(O)O,2.1298916e-05
CCc1cccc(CC)c1NC(=O)CN(CC(=O)O)CC(=O)O,0.0036485533
CCNC1=Nc2ccc(Cl)cc2[C@](C)(c2ccccc2)O1,0.022761652
CCNCC(O)c1cccc(O)c1,0.006328097
CCOC(=O)[C@@H](N)Cc1ccc(O)c(O)c1,0.005236243
CCc1cc2c(s1)-n1c(C)nnc1CN=C2c1ccccc1Cl,0.2947605
CCc1cccc2c3c([nH]c12)[C@](CC)(CC(=O)O)OCC3,0.004186715
O=C(OCCOCCO)c1ccccc1Nc1cccc(C(F)(F)F)c1,0.0069033084
CC(C)(Oc1ccc(Cl)cc1)C(=O)OCCOC(=O)c1cccnc1,0.0020847507
Cn1c(=O)c2c(ncn2CCO)n(C)c1=O,0.0029716978
Cn1c(=O)c2c(ncn2CCOC(=O)C(C)(C)Oc2ccc(Cl)cc2)n(C)c1=O,0.0040024957
CCOC(=O)c1cncn1[C@H](C)c1ccccc1,0.022209305
CCOC(=O)[C@@]1(CCCCCCOc2ccc(Cl)cc2)CO1,0.0044060494
C#C[C@]1(O)CC[C@H]2[C@@H]3CCC4=CC(=O)CC[C@@H]4[C@H]3C(=C)C[C@@]21CC,0.00041014102
COc1cc([C@@H]2c3cc4c(cc3[C@@H](O[C@@H]3O[C@@H]5CO[C@@H](C)O[C@H]5[C@H](O)[C@H]3O)[C@H]3COC(=O)[C@H]23)OCO4)cc(OC)c1O,0.024222715
COc1cc([C@@H]2c3cc4c(cc3[C@@H](O[C@@H]3O[C@@H]5CO[C@@H](C)O[C@H]5[C@H](O)[C@H]3O)[C@H]3COC(=O)[C@H]23)OCO4)cc(OC)c1OP(=O)(O)O,0.00031564056
Cc1ccc(-c2ncc(Cl)cc2-c2ccc(S(C)(=O)=O)cc2)cn1,0.116923474
CCOCCOc1ccccc1C(N)=O,0.003849488
O=C(CCCO)NCCO,0.0015426824
Cn1ncc2c(N3CCOCC3)nc(-c3cccc(O)c3)nc21,0.0034200144
CC(C)(C#N)c1ccc(N2C(=O)OCc3cnc4ccc(-c5cnc6ccccc6c5)cc4c32)cc1,0.14459585
CN[C@H]1CCc2ncsc2C1,0.004768585
O=C(O)C[C@H]1CCc2c1[nH]c1ccc(OCc3ccc(C4CCCC4)c(C(F)(F)F)c3)cc21,0.08226861
Cc1cc(C#N)cc(C)c1Oc1nc(Nc2ccc(C#N)cc2)nc(N)c1Br,0.0096764285
CCOC(=O)/C=C(C)/C=C/C=C(C)/C=C/c1c(C)cc(OC)c(C)c1C,0.21075761
CC12CCC(CC1)C(C)(C)O2,0.018590692
C[C@H]1C[C@H](OC(=O)[C@@H](O)c2ccccc2)CC(C)(C)N1C,0.0082020825
C=CCc1ccc(O)c(OC)c1,0.00957843
COc1cccc2c1[O][Mn]13([Cl])[O]c4c(cccc4OC)C=[N+]1CC[N+]3=C2,0.01323927
COc1ccc(-c2cc(=O)c3c(O)c(OC)c(O)cc3o2)cc1OC,0.22191185
Cc1cc(C)c2c(c1)[C@@H](N(Cc1cc(C(F)(F)F)cc(C(F)(F)F)c1)c1nnn(C)n1)CCCN2C[C@H]1CC[C@H](C(=O)O)CC1,0.30944195
Cc1cc(-c2ccc(NN=C3C=Cc4c(S(=O)(=O)O)cc(S(=O)(=O)O)c(N)c4C3=O)c(C)c2)ccc1NN=C1C=Cc2c(S(=O)(=O)O)cc(S(=O)(=O)O)c(N)c2C1=O,0.6801061
CC(C)(C)c1ccc(CN(Cc2cccc(OCC(=O)O)c2)S(=O)(=O)c2cccnc2)cc1,0.023852283
CCCCOc1cccc(CCNCC(=O)N(C)C)c1,0.0063478122
CO[C@H]1C[C@@H]2CC[C@@H](C)[C@@](O)(O2)C(=O)C(=O)N2CCCC[C@H]2C(=O)O[C@H]([C@H](C)C[C@@H]2CC[C@@H](OCCO)[C@H](OC)C2)CC(=O)[C@H](C)/C=C(\C)[C@@H](O)[C@@H](OC)C(=O)[C@H](C)C[C@H](C)/C=C/C=C/C=C/1C,0.021362964
C=CC(=O)N1CCC(CNc2ncnc(N)c2-c2ccc(Oc3ccccc3)cc2)CC1,0.30143675
C[C@@H](N[C@H]1CCN(c2ccc(CC(=O)O)cc2)C1)c1cccc2ccccc12,0.052735228
CN1c2ccccc2C(=O)N2CCc3c([nH]c4ccccc34)[C@H]21,0.01597738
O=C(N[C@H]1CN2CCC1CC2)c1cc2cccc(Cl)c2s1,0.115417466
Nc1ccc2ncnc(NCCc3ccc(Oc4ccccc4)cc3)c2c1,0.24450609
Cc1cccc(-c2nc(CNc3ccccc3F)[nH]c2-c2ccc3ncnn3c2)n1,0.29432276
NC(=O)[C@H]1CCCc2c1[nH]c1ccc(Cl)cc21,0.008308157
CCCCCCOc1ccccc1C(N)=O,0.0074944864
Cc1[nH]c2ccccc2c1C[C@@H](NC(=O)[C@@H](N)Cc1cnc[nH]1)C(=O)N[C@@H](C)C(=O)N[C@@H](Cc1c[nH]c2ccccc12)C(=O)N[C@H](Cc1ccccc1)C(=O)N[C@@H](CCCCN)C(N)=O,0.9336554
CC[C@@]1(O)C(=O)OCc2c1cc1n(c2=O)Cc2c-1nc1cc(F)c(C)c3c1c2[C@@H](N)CC3,0.035622247
C=C1C[C@@H]2[C@H](CC[C@]3(C)C(=O)CC[C@@H]23)[C@@]2(C)C=CC(=O)C=C12,0.0010542781
CC[C@H](C)[C@H](NC(=O)[C@H](Cc1ccccc1)NC(=O)[C@H](CC(C)C)NC(=O)[C@H](CCCNC(=N)N)NC(=O)[C@@H](NC(=O)[C@H](C)NC(=O)[C@H](CCC(=O)O)NC(=O)[C@H](CCC(=O)O)NC(=O)[C@H](CCC(=O)O)NC(=O)[C@H](CCSC)NC(=O)[C@H](CCC(N)=O)NC(=O)[C@H](CCCCN)NC(=O)[C@H](CO)NC(=O)[C@H](CC(C)C)NC(=O)[C@H](CC(=O)O)NC(=O)[C@H](CO)NC(=O)[C@@H](NC(=O)[C@H](Cc1ccccc1)NC(=O)[C@@H](NC(=O)CNC(=O)[C@H](CCC(=O)O)NC(=O)CNC(=O)[C@@H](N)Cc1c[nH]cn1)[C@@H](C)O)[C@@H](C)O)C(C)C)C(=O)N[C@@H](CCC(=O)O)C(=O)N[C@@H](Cc1c[nH]c2ccccc12)C(=O)N[C@@H](CC(C)C)C(=O)N[C@@H](CCCCN)C(=O)N[C@@H](CC(N)=O)C(=O)NCC(=O)NCC(=O)N1CCC[C@H]1C(=O)N[C@@H](CO)C(=O)N[C@@H](CO)C(=O)NCC(=O)N[C@@H](C)C(=O)N1CCC[C@H]1C(=O)N1CCC[C@H]1C(=O)N1CCC[C@H]1C(=O)N[C@@H](CO)C(N)=O,0.0012625692
CC(=O)N[C@H]1CSSC[C@@H](C(N)=O)NC(=O)[C@H](C(C)C)NC(=O)[C@H](C)NC(=O)[C@H](Cc2cnc[nH]2)NC1=O,0.8863842
O=C(c1cc(O)c(O)c(O)c1)c1ccc(O)c(O)c1O,0.5736214
CC1=C(CC(=O)O)c2cc(F)ccc2/C1=C\c1ccc(S(C)(=O)=O)cc1,0.07518716
O=C(Nc1cccc2cccnc12)c1ccc(N2C(=O)[C@@H]3[C@H](C2=O)[C@H]2C=C[C@@H]3C2)cc1,0.14415425
COC(=O)c1ccccc1NC(=O)c1ccc(F)cc1,0.0037398716
CCOC(=O)[C@@H](N)CCC(=O)N[C@@H](CSCc1ccccc1)C(=O)N[C@@H](C(=O)OCC)c1ccccc1,0.009013389
O=C1[C@H](CC[C@H](O)c2ccc(F)cc2)[C@@H](c2ccc(O)cc2)N1c1ccc(F)cc1,0.0506136
CCN(CC)c1ccc(-n2nc3cc(C)c(N)cc3n2)cc1,0.26699507
CCCCCCCCC/C(=C\C1=C(C)C(=O)C(OC)=C(OC)C1=O)C(=O)O,0.0068957475
C[C@H](NC(=O)c1c(C(F)F)nn(C)c1Oc1cccc(C(F)(F)F)c1)c1ccc(C(=O)O)cc1,0.6005701
O=C1NNc2nc(CN3Cc4ccccc4C3)nc3cccc1c23,0.01129165
Cc1ccc(NS(=O)(=O)c2cccc(C#N)c2)c2[nH]cc(C#N)c12,0.0008908224
Cn1c(=O)cnn(CCCCN2CCN(c3ncccn3)CC2)c1=O,0.004187512
CC/C=C\C/C=C\C/C=C\C/C=C\C/C=C\C/C=C\CCC(=O)OCc1cccnc1,0.055145133
N#Cc1ccc([C@H]2CCCc3cncn32)cc1,0.004628031
OC[C@H]1NCC[C@@H](O)[C@@H]1O,0.002822187
C=C1/C(=C\C=C2/CCC[C@]3(C)[C@@H]([C@H](C)CCCC(O)(C(F)(F)F)C(F)(F)F)CC[C@@H]23)C[C@@H](O)C[C@@H]1O,0.00995334
CC(=O)OCC(CCn1cnc2cnc(N)nc21)COC(C)=O,0.0054160953
N=C(N)Nc1nc(CSCC/C(N)=N\S(N)(=O)=O)cs1,0.0028012306
CC(C)c1c(CN(C)[C@@H](C)Cc2ccccc2)n(C)n(-c2ccccc2)c1=O,0.046351746
O=S1(=O)c2cccc3cccc(c23)N1CCCN1CCN(c2ccc(F)cc2)CC1,0.0010632155
c1ccc(CCNc2nc(-c3ccccc3)cs2)cc1,0.018588116
COc1ccc(CCN(C)CCCOc2ccc(S(=O)(=O)c3c(C(C)C)cn4ccccc34)cc2)cc1OC,0.027454237
O=C(c1ccc2nonc2c1)N1CCCCC1,0.0016021852
CC(C)=CCC/C(C)=C/CC/C(C)=C/CSc1ccccc1C(N)=O,0.1838037
C[C@@H](O)[C@@H]1C(=O)N2C(C(=O)O)=C([C@H]3CCCO3)S[C@H]12,0.9683814
Cc1oc(=O)oc1COC(=O)C1=C([C@H]2CCCO2)S[C@@H]2[C@@H]([C@@H](C)O)C(=O)N12,0.9767254
O=C1CC[C@H](C(=O)N2CCCCC2)N1,0.002253933
O=S(=O)(c1cccc2cnccc12)N1CCCNCC1,0.0019880373
NC(=O)c1nc(F)c[nH]c1=O,0.030838156
CO[C@H]1/C=C/O[C@@]2(C)Oc3c(C)c(O)c4c(O)c(c(/C=N/N=C/N5CCCCC5)c(O)c4c3C2=O)NC(=O)/C(C)=C\C=C\[C@H](C)[C@H](O)[C@@H](C)[C@@H](O)[C@@H](C)[C@H](OC(C)=O)[C@@H]1C,0.99322623
Nc1nc(=O)n([C@H]2C[C@H](O)[C@@H](CO)O2)cc1F,0.010104929
CCCCOC[C@@H](O)COc1ccccc1,0.008339993
Cc1nc(-c2ccc(OCC(C)C)c(C#N)c2)sc1C(=O)O,0.009884596
Cc1cnc(Nc2ccc(OCCN3CCCC3)cc2)nc1Nc1cccc(S(=O)(=O)NC(C)(C)C)c1,0.017441448
NC(=O)OCC(COC(N)=O)c1ccccc1,0.0019530402
O=C(O)Cc1ccc(-c2ccccc2)cc1,0.010357755
CCOC(=O)Cc1ccc(-c2ccccc2)cc1,0.040576775
CCOC(=O)C1=C(C)NC(C)=C(C(=O)OC)[C@@H]1c1cccc(Cl)c1Cl,0.7106268
NCCCC[C@H](NC(=O)[C@@H]1CCCN1C(=O)[C@@H]1CSSC[C@H](N)C(=O)N[C@@H](Cc2ccccc2)C(=O)N[C@@H](Cc2ccccc2)C(=O)N[C@@H](CCC(N)=O)C(=O)N[C@@H](CC(N)=O)C(=O)N1)C(=O)NCC(N)=O,0.20689669
O=C(CCCl)NCCc1ccccc1,0.004008825
COC(=O)Nc1nc2ccc(Sc3ccccc3)cc2[nH]1,0.09104307
O=C(O)CCC(=O)c1ccc(-c2ccccc2)cc1,0.0030704194
N[C@@H](Cc1ccc(Cl)cc1)C(=O)O,0.003752992
C[C@@H](NCCC(c1ccccc1)c1ccccc1)c1ccccc1,0.49011737
C[C@H]1CN(C2COC2)CCN1c1ccc(Nc2cc(-c3ccnc(N4CCn5c(cc6c5CC(C)(C)C6)C4=O)c3CO)cn(C)c2=O)nc1,0.9059404
NC[C@@H](CC(=O)O)c1ccccc1,0.0036081104
CCCC[C@@H](O)c1ccccc1,0.010317547
CN1CC(=O)N=C1NC(=O)Nc1cccc(Cl)c1,0.0037425002
CC(C)OC(=O)C(C)(C)Oc1ccc(C(=O)c2ccc(Cl)cc2)cc1,0.026625447
CC(C)(Oc1ccc(C(=O)c2ccc(Cl)cc2)cc1)C(=O)O,0.0069217836
Oc1ccc([C@H]2CNCCc3c2cc(O)c(O)c3Cl)cc1,0.48317432
C[C@@H](C(=O)O)c1cccc(Oc2ccccc2)c1,0.0069177235
C[C@@H](Cc1ccc(O)cc1)NC[C@@H](O)c1cc(O)cc(O)c1,0.028013375
O=C(CN1CCN(Cc2ccc3c(c2)OCO3)CC1)N1c2ccccc2Sc2ccccc21,0.80059266
CCOC(=O)[C@@H](C)Oc1ccc(Oc2nc3ccc(Cl)cc3o2)cc1,0.025971191
CC1=C(/C=C/C(C)=C/C=C/C(C)=C/C(=O)Nc2ccc(O)cc2)C(C)(C)CCC1,0.16346171
O=C1NCC2(CCN(CCc3ccccc3)CC2)O1,0.0022420005
COP(=S)(OC)Oc1ccc(SC)c(C)c1,0.00072130735
O=C(O)Cc1sc(-c2ccccc2)nc1-c1ccc(Cl)cc1,0.013220788
Clc1ccc([C@@H](Cn2ccnc2)OCc2ccc(Sc3ccccc3)cc2)c(Cl)c1,0.97268987
O/N=C/c1ccc(-c2ccc(O)c(F)c2)c(Cl)c1O,0.90874046
CN(C)CC1=CC=C[C@@]1(CNc1ccnc2cc(Cl)ccc12)[Fe][CH]1C=CC=C1,0.005557167
CCOC(=O)c1ccc(NC2CCCCC2)c(N)c1,0.013549728
COc1cc(/C=C/C(=O)O)ccc1O,0.004928687
CC(C)C(=O)Oc1ccc(CO)cc1[C@H](CCN(C(C)C)C(C)C)c1ccccc1,0.034326203
Cc1c(CC(=O)O)c2cccnc2n1Cc1ccc(S(C)(=O)=O)cc1C(F)(F)F,0.0347168
COC(=O)/C=C/c1cccc(N(Cc2ccc(-c3ccc(N(C)C)cc3)cc2)C(=O)C2CCCCC2)c1,0.4119894
CSc1ccc(OCc2ncc([N+](=O)[O-])n2C)cc1,0.96467054
CC(C)(C(=O)O)c1ccc([C@@H](O)CCCN2CCC(C(O)(c3ccccc3)c3ccccc3)CC2)cc1,0.0082188025
Cc1nsc(-c2nnc3n2CCN(C(=O)c2ccc(F)cc2)[C@@H]3C)n1,0.0014990374
O=C(O)CNC(=O)c1nc(Cl)c2ccccc2c1O,0.015962087
Cc1nc(C(=O)NCC(=O)O)c(O)c2ccc(Oc3ccccc3)cc12,0.043747388
CNC(=O)c1cc2c(cn1)[nH]c1ccccc12,0.0095019005
CCCCCCN(CCCCCC)C(=O)Cc1c(-c2ccc(F)cc2)[nH]c2ccccc12,0.7521919
CCCCCCN(CCCCCC)C(=O)Cc1c(-c2ccc(Cl)cc2)[nH]c2ccc(Cl)cc12,0.9288946
Cc1cc([N+](=O)[O-])ccc1NS(=O)(=O)c1cc(Cl)ccc1Cl,0.10531363
CC(=O)Nc1ccc(Cc2ccc(NC(C)=O)cc2)cc1,0.088649
Nc1nc(=O)n([C@@H]2O[C@H](CO)[C@@H](O)[C@@H]2F)cc1I,0.011550542
NC(=O)[C@H]1C[C@]2(NC(=O)NC2=O)c2cc(F)ccc2O1,0.0010272323
CCc1c(Cl)c(O)c(Cl)c(O)c1C(=O)O[C@H]1[C@H](O)[C@H](OC)[C@H](OC/C2=C\C=C\C[C@H](O)/C(C)=C/[C@H](CC)[C@@H](O[C@@H]3OC(C)(C)[C@@H](OC(=O)C(C)C)[C@H](O)[C@@H]3O)/C(C)=C/C(C)=C/C[C@@H]([C@@H](C)O)OC2=O)O[C@@H]1C,0.996784
CON(C)C(=O)N1N=C(c2cc(F)ccc2F)S[C@@]1(CCCN)c1ccccc1,0.9182698
O=C(Nc1nc2cccc(-c3ccc(CN4CCS(=O)(=O)CC4)cc3)n2n1)C1CC1,0.0032794147
CCCCc1nc(C)c(CC(=S)N(C)C)c(=O)n1Cc1ccc(-c2ccccc2-c2nn[nH]n2)cc1,0.026559578
N#Cc1c(N2C[C@@H]3NCCO[C@H]3C2)c(F)cc2c(=O)c(C(=O)O)cn(C3CC3)c12,0.9827514
CC(C)(C)NC(=O)[C@H]1CC[C@H]2[C@@H]3CC[C@H]4NC(=O)C=C[C@]4(C)[C@H]3CC[C@]12C,0.0027223867
CCCCCCCCc1ccc(CCC(N)(CO)CO)cc1,0.0860427
O=C(COc1ccc(Cl)cc1)N1CCN(Cc2ccc3c(c2)OCO3)CC1,0.0026869832
O=C(NCCN1CCC(n2c(=O)[nH]c3ccccc32)CC1)c1cc2cc(F)ccc2[nH]1,0.049318317
N#Cc1nn(-c2c(Cl)cc(C(F)(F)F)cc2Cl)c(N)c1[S@@](=O)C(F)(F)F,0.9897279
CCOCc1cc(OC)c(-c2ccc(C[C@H](NC(=O)c3c(F)cccc3F)C(=O)O)cc2)c(OC)c1,0.9482679
CC1(C)OC(=O)C(OCC2CC2)=C1c1ccc(S(C)(=O)=O)cc1,0.0031293957
COc1ccccc1[C@H](Cn1c(=O)n(C(C)(C)C(=O)O)c(=O)c2c(C)c(-c3ncco3)sc21)OC1CCOCC1,0.030509844
O=c1c(O)c(-c2ccc(O)c(O)c2)oc2cc(O)ccc12,0.28178176
C=CC(=O)N[C@H]1CCOC[C@H]1Nc1ncc2cc(-c3c(Cl)c(OC)cc(OC)c3Cl)ccc2n1,0.43853554
CCC(=O)N(c1ccccc1)C1CCN(CCc2ccc(N=C=S)cc2)CC1,0.22312056
C[C@H](NC(=O)[C@@H](N)Cc1ccc(O)cc1)C(=O)NCC(=O)N(C)[C@@H](Cc1ccccc1)C(=O)N[C@H](CO)CC[S@@](C)=O,0.008960652
CC(=O)c1ccc(NS(C)(=O)=O)c(Oc2ccc(F)cc2F)c1,0.31205884
CC/C(=C\C(=N\O)C(N)=O)[C@@H](C)[N+](=O)[O-],0.017329369
O=C(/C=C/c1cccnc1)NCCCCC1CCN(C(=O)c2ccccc2)CC1,0.008646102
CN(Cc1ccccc1)C(=O)[C@H](Cc1ccc2ccccc2c1)NC(=O)[C@@H]1C[C@@H](O)CN1C(=O)c1cn(C)c2ccccc12,0.48491272
CC(=O)N1CCC(NC(=O)c2ccc(F)cc2)CC1,0.004604311
Cc1cc2nc3c(=O)[nH]c(=O)nc-3n(C[C@H](O)[C@H](O)[C@H](O)CO[P@](=O)(O)O[P@](=O)(O)OC[C@H]3O[C@@H](n4cnc5c(N)ncnc54)[C@H](O)[C@@H]3O)c2cc1C,1.2502805e-05
Cc1c(-c2ccccc2)oc2c(C(=O)OCCN3CCCCC3)cccc2c1=O,0.018667815
O=C(NCC1CCCCN1)c1cc(OCC(F)(F)F)ccc1OCC(F)(F)F,0.04876349
CN1CCN(c2c(F)cc3c(=O)c(C(=O)O)cn(CCF)c3c2F)CC1,0.9872628
CC1=NC2=C(C(=O)CC(C)(C)C2)[C@H](c2ccc([N+](=O)[O-])cc2)C1C(=O)OC1CCCCC1,0.14164123
O=c1[nH]c2ccccc2n1CCN1CCN(c2cccc(C(F)(F)F)c2)CC1,0.02952421
COc1ccc(Cl)cc1[C@]1(F)C(=O)Nc2cc(C(F)(F)F)ccc21,0.018618295
O=C(OC[C@H](O)CO)c1ccccc1Nc1ccnc2c(C(F)(F)F)cccc12,0.015781613
CCC(=O)c1c(O)cc(O)cc1O,0.007411053
CS(=O)(=O)c1ccc([C@@H](O)[C@@H](CF)NC(=O)C(Cl)Cl)cc1,0.83012843
O=C(OCCN1CCCC1)c1ccccc1Nc1ccnc2cc(C(F)(F)F)ccc12,0.03851367
Cn1cc([S@@](C)=O)c(=O)c2ccc(F)cc21,0.25163263
O=c1[nH]c(=O)n([C@H]2C[C@H](O)[C@@H](CO)O2)cc1F,0.9379215
CCCNc1nc(Nc2ccc(C#N)cc2)ncc1C#CCCCNC(=O)[C@H](C)N(C)C(=O)/C=C/CN(C)C,0.0011944325
COC(=O)Nc1nc2ccc(C(=O)c3ccc(F)cc3)cc2[nH]1,0.020031711
Cc1onc(-c2c(F)cccc2Cl)c1C(=O)N[C@@H]1C(=O)N2[C@@H]1SC(C)(C)[C@@H]2C(=O)O,0.9926588
OC(Cn1cncn1)(Cn1cncn1)c1ccc(F)cc1F,0.006785885
Nc1nc(=O)[nH]cc1F,0.011189057
Nc1nc(F)nc2c1ncn2[C@@H]1O[C@H](CO)[C@@H](O)[C@@H]1O,0.0026419694
Nc1nc(F)nc2c1ncn2[C@@H]1O[C@H](COP(=O)(O)O)[C@@H](O)[C@@H]1O,0.00015313528
CC(=O)OCC(=O)[C@@]1(O)CC[C@H]2[C@@H]3CCC4=CC(=O)CC[C@]4(C)[C@@]3(F)[C@@H](O)C[C@@]21C,6.3305335e-05
CC1(C)O[C@@H]2C[C@H]3[C@@H]4C[C@H](F)C5=CC(=O)CC[C@]5(C)[C@H]4[C@@H](O)C[C@]3(C)[C@]2(C(=O)CO)O1,0.0005667277
O=C(O)c1ccccc1Nc1cccc(C(F)(F)F)c1,0.029617468
Cc1ncc(NC(=O)c2ccc(CN3CCN(C)CC3)c(C(F)(F)F)c2)cc1Nc1nccc(-c2cccnc2)n1,0.3846277
CCOC(=O)c1ncn2c1CN(C)C(=O)c1cc(F)ccc1-2,0.02345477
CC[C@@](O)(c1ccccc1)c1cccc(C(F)(F)F)c1,0.031528994
C[C@H]1CCc2cc(F)cc3c(=O)c(C(=O)O)cn1c23,0.94361985
C[C@@H]1C[C@H]2[C@@H]3C[C@H](F)C4=CC(=O)C=C[C@]4(C)[C@@]3(F)[C@@H](O)C[C@]2(C)[C@@]1(O)C(=O)CO,8.001213e-05
C[C@@H]1C[C@H]2[C@@H]3C[C@H](F)C4=CC(=O)C=C[C@]4(C)[C@@]3(F)[C@@H](O)C[C@]2(C)[C@@]1(O)C(=O)COC(=O)C(C)(C)C,2.7254844e-05
FC(F)(F)c1cccc([C@H]2CNCCO2)c1,0.008714988
Fc1ccc(C(c2ccc(F)cc2)N2CCN(C/C=C/c3ccccc3)CC2)cc1,0.24646674
CC1(C)O[C@@H]2C[C@H]3[C@@H]4C[C@H](F)C5=CC(=O)C=C[C@]5(C)[C@H]4[C@@H](O)C[C@]3(C)[C@]2(C(=O)CO)O1,0.0005155
Cc1c(Nc2ncccc2C(=O)O)cccc1C(F)(F)F,0.024083968
CC1(C)O[C@@H]2C[C@H]3[C@@H]4C[C@H](F)C5=CC(=O)C=C[C@]5(C)[C@@]4(F)[C@@H](O)C[C@]3(C)[C@]2(C(=O)CO)O1,8.804017e-05
CC(=O)OCC(=O)[C@@]12OC(C)(C)O[C@@H]1C[C@H]1[C@@H]3C[C@H](F)C4=CC(=O)C=C[C@]4(C)[C@@]3(F)[C@@H](O)C[C@@]12C,9.520924e-05
O=C1OC2(c3ccc(O)cc3Oc3cc(O)ccc32)c2ccccc21,0.0059192674
CC(=O)[C@@]1(O)CC[C@H]2[C@@H]3C[C@H](C)C4=CC(=O)C=C[C@]4(C)[C@@]3(F)[C@@H](O)C[C@@]21C,0.00011927217
CC(=O)O[C@]1(C(C)=O)CC[C@H]2[C@@H]3C[C@H](C)C4=CC(=O)C=C[C@]4(C)[C@@]3(F)[C@@H](O)C[C@@]21C,0.00015656692
C[N+](C)(CF)CCO,0.0030250656
CNCCC(Oc1ccc(C(F)(F)F)cc1)c1ccccc1,0.028262416
OCCN1CCN(CC/C=C2/c3ccccc3Sc3ccc(C(F)(F)F)cc32)CC1,0.7107014
OCCN1CCN(CCCN2c3ccccc3Sc3ccc(C(F)(F)F)cc32)CC1,0.2847084
CCCCCCCCCC(=O)OCCN1CCN(CCCN2c3ccccc3Sc3ccc(C(F)(F)F)cc32)CC1,0.622926
CCOC(=O)Nc1ccc(NCc2ccc(F)cc2)nc1N,0.046275638
NC(=O)NCCN1CCN(c2cccc(C(F)(F)F)c2)CC1,0.0026120064
Cc1cc(C2=NO[C@](c3cc(Cl)cc(Cl)c3)(C(F)(F)F)C2)ccc1C(=O)NCC(=O)NCC(F)(F)F,0.6213709
C[C@@H](C(=O)O)c1ccc(-c2ccccc2)c(F)c1,0.007467879
C[C@H](C(=O)O)c1ccc(-c2ccccc2)c(F)c1,0.006860522
CC(=O)O[C@@H](C)OC(=O)[C@H](C)c1ccc(-c2ccccc2)c(F)c1,0.010607552
NP(N)(=O)NC(=O)c1ccc(F)cc1,0.00053317274
FC(F)(F)COCC(F)(F)F,0.006744961
C=COCC(F)(F)F,0.007597067
O=C1NCN(c2ccccc2)C12CCN(CCCC(c1ccc(F)cc1)c1ccc(F)cc1)CC2,0.02088497
CC(C)C(=O)Nc1ccc([N+](=O)[O-])c(C(F)(F)F)c1,0.35006002
CCC(=O)O[C@]1(C(=O)SCF)[C@H](C)C[C@H]2[C@@H]3C[C@H](F)C4=CC(=O)C=C[C@]4(C)[C@@]3(F)[C@@H](O)C[C@@]21C,7.412323e-05
Fc1ccc(C(c2ccccc2)(c2ccccc2F)n2ccnc2)cc1,0.96540827
CC(C)n1c(/C=C/[C@@H](O)C[C@@H](O)CC(=O)O)c(-c2ccc(F)cc2)c2ccccc21,0.0061594252
COCCCC/C(=N\OCCN)c1ccc(C(F)(F)F)cc1,0.026949571
CC(C)C[C@H](NC(=O)OCC1c2ccccc2-c2ccccc21)C(=O)O,0.0130816335
CN1CCN(Cc2ccc(NC(=O)c3[nH]ncc3Nc3ncnc4[nH]ccc34)cc2)CC1,0.018588016
Nc1nc(=O)c2nc(CNc3ccc(C(=O)N[C@@H](CCC(=O)O)C(=O)O)cc3)cnc2[nH]1,0.0048475736
Cc1cn[nH]c1,0.008468995
c1ccc(OCc2ccc(CCCN3CCOCC3)cc2)cc1,0.04626978
CO[C@H]1O[C@H](COS(=O)(=O)O)[C@@H](O[C@@H]2O[C@@H](C(=O)O)[C@@H](O[C@H]3O[C@H](COS(=O)(=O)O)[C@@H](O[C@@H]4O[C@H](C(=O)O)[C@@H](O[C@H]5O[C@H](COS(=O)(=O)O)[C@@H](O)[C@H](O)[C@H]5NS(=O)(=O)O)[C@H](O)[C@H]4O)[C@H](OS(=O)(=O)O)[C@H]3NS(=O)(=O)O)[C@H](O)[C@H]2OS(=O)(=O)O)[C@H](O)[C@H]1NS(=O)(=O)O,0.00011327628
COc1cc2c(Oc3ccc(NC(=O)C4(C(=O)Nc5ccc(F)cc5)CC4)cc3F)ccnc2cc1OCCCN1CCOCC1,0.25596064
C[C@]12CCC(=O)C(=O)[C@@H]1CC[C@@H]1[C@@H]2CC[C@]2(C)C(=O)CC[C@@H]12,0.001271436
COc1ccc(-c2coc3cc(O)ccc3c2=O)cc1,0.07472324
COc1ccc(C[C@H](C)NC[C@@H](O)c2ccc(O)c(NC=O)c2)cc1,0.058969077
O=c1nc[nH]c2c([C@@H]3N[C@H](CO)[C@@H](O)[C@H]3O)c[nH]c12,0.009648764
CC(C)c1cc(C(C)C)c(-c2csc(N(CCN(C)C)Cc3cccnc3)n2)c(C(C)C)c1,0.3867678
CC(C)CN(C[C@@H](OP(=O)(O)O)[C@H](Cc1ccccc1)NC(=O)O[C@H]1CCOC1)S(=O)(=O)c1ccc(N)cc1,0.00018422969
C[C@@H](O[C@H]1OCCN(Cc2nn(P(=O)(O)O)c(=O)[nH]2)[C@H]1c1ccc(F)cc1)c1cc(C(F)(F)F)cc(C(F)(F)F)c1,0.07286438
COc1ccc(/C=C\c2cc(OC)c(OC)c(OC)c2)cc1OP(=O)(O)O,0.0006883233
O=C(O)P(=O)(O)O,0.00026216358
CC/C(=C(/CC)c1ccc(OP(=O)(O)O)cc1)c1ccc(OP(=O)(O)O)cc1,0.00046402967
O=P(O)(O)OC(Cn1cncn1)(Cn1cncn1)c1ccc(F)cc1F,0.0005384286
C[C@@H]1O[C@@H]1P(=O)(O)O,0.0007073537
O=C(O)c1ccccc1OP(=O)(O)O,0.00023562394
O=C(COP(=O)(O)O)[C@@H](O)[C@H](O)[C@H](O)COP(=O)(O)O,2.7461801e-06
CCC(=O)O[C@@H](OP(=O)(CCCCc1ccccc1)CC(=O)N1C[C@H](C2CCCCC2)C[C@H]1C(=O)O)C(C)C,0.000965096
O=C(O)[C@@H]1C[C@@H](C2CCCCC2)CN1C(=O)C[P@@](=O)(O)CCCCc1ccccc1,0.0013202211
O=C1NC(c2ccccc2)(c2ccccc2)C(=O)N1COP(=O)(O)O,9.48097e-05
COc1cc(Nc2ncc(F)c(Nc3ccc4c(n3)N(COP(=O)(O)O)C(=O)C(C)(C)O4)n2)cc(OC)c1OC,0.00016361456
COc1cnc(-n2cnc(C)n2)c2c1c(C(=O)C(=O)N1CCN(C(=O)c3ccccc3)CC1)cn2COP(=O)(O)O,0.00041110493
CCOP(=O)(OCC)[C@@H](C)NC(=O)N(CCCl)[NH2+][O-],0.0030545753
CSCC[C@H](NC=O)C(=O)N[C@@H](CC(=O)O)C(=O)NCC(=O)N[C@@H](CS)C(=O)N[C@@H](CCC(=O)O)C(=O)N[C@@H](CC(C)C)C(=O)O,0.0014106694
NC(=S)N/N=C/c1coc2ccccc2c1=O,0.28668183
Cc1ccc(Cl)cc1N(CC(=O)Nc1c(F)cccc1F)S(C)(=O)=O,0.75532395
CC(N)(Cc1ccccc1)c1ccccc1,0.20123202
CCCc1c(OC[C@@H](O)COc2ccc3c(=O)cc(C(=O)O)oc3c2CCC)ccc(C(C)=O)c1O,0.3278989
COc1ccc(Nc2ccn(-c3ccccc3)n2)cc1,0.11140968
COC(=O)c1c(C)[nH]c(C)c1C(=O)c1ccccc1Cc1ccccc1,0.12521267
O=C(c1ccc(Cl)cc1)N(Cc1ccccc1)C1CCCCC1,0.026697088
COc1ccc(-c2nc(C(=O)N3CCN(C)CC3)sc2-c2ccc(OC)cc2)cc1,0.103812866
CC(C)C[C@H](NC(=O)N1CCCCCC1)C(=O)N[C@H](Cc1cn(C)c2ccccc12)C(=O)N[C@H](Cc1ccccn1)C(=O)O,0.16286293
Nc1[nH]nc2nnc(-c3c(-c4ccccc4)nn4ccccc34)cc12,0.009235347
CCn1c(=O)c(-c2ccc(Cl)cc2Cl)cc2cnc(Nc3ccc(N4CCNCC4)c(F)c3)nc21,0.95767343
COc1ccc2nc(NC(=O)Nc3ccccc3)sc2c1,0.014919308
CC(C)[C@@H](NC(=O)Cn1c(-c2ccccc2)ncc(N)c1=O)[C@@H](O)c1nnc(C(C)(C)C)o1,0.004020108
CN[C@@H]1CCc2[nH]c3ccc(C(N)=O)cc3c2C1,0.0042527877
CNC(=O)c1c(C)oc2cc(Oc3ncnc4cc(OC)c(OC)cc34)ccc12,0.010693545
Cc1cccc(C)c1NC(=O)c1ccccc1C(=O)O,0.004859351
O=c1[nH]c(=O)n([C@H]2CCCO2)cc1F,0.91589296
C#CCOc1ccc(/C=C/C(=O)Nc2ccccc2C(=O)O)cc1OC,0.0014295568
CC(=O)O[C@H]1CC(C)(C)C(=C=C/C(C)=C/C=C/C(C)=C/C=C/C=C(C)/C=C/C=C(\C)C(=O)C[C@]23O[C@@]2(C)C[C@H](O)CC3(C)C)[C@](C)(O)C1,0.26828685
N[C@@H](CSCCCO)C(=O)O,0.0023016338
C[C@]12CC[C@@H]3c4ccc(O)cc4C[C@@H](CCCCCCCCC[S@@](=O)CCCC(F)(F)C(F)(F)F)[C@H]3[C@@H]1CC[C@@H]2O,0.03457196
CO[C@H]1[C@@H]([C@@]2(C)O[C@@H]2CC=C(C)C)[C@]2(CC[C@H]1OC(=O)/C=C/C=C/C=C/C=C/C(=O)O)CO2,0.0030663146
CCCC[C@@H](C)[C@@H](OC(=O)C[C@@H](CC(=O)O)C(=O)O)[C@H](C[C@@H](C)C[C@H](O)CCCC[C@@H](O)C[C@H](O)[C@H](C)N)OC(=O)C[C@@H](CC(=O)O)C(=O)O,0.00030471524
O=C1N(Cc2ccc(C(F)(F)F)o2)c2ccccc2[C@]12COc1cc3c(cc12)OCO3,0.003318691
O=C1CN(/N=C/C=C/c2ccc([N+](=O)[O-])o2)C(=O)N1,0.8917192
O=C1O[C@H](CN2CCOCC2)CN1/N=C/c1ccc([N+](=O)[O-])o1,0.9603303
N=C(N)c1ccc(-c2ccc(-c3ccc(C(=N)N)cc3)o2)cc1,0.48815775
O=C1OCCN1/N=C/c1ccc([N+](=O)[O-])o1,0.9205095
O=C(O)c1cc2cc(Cc3cccnc3)ccc2o1,0.14382079
NS(=O)(=O)c1cc(C(=O)O)c(NCc2ccco2)cc1Cl,0.0020819085
C/C(=C(/CCO)SSC[C@H]1CCCO1)N(C=O)Cc1cnc(C)nc1N,0.15803388
O=[N+]([O-])/C(Br)=C\c1ccc(Br)o1,0.948446
CC(=O)O[C@H]1C[C@@]2(C)[C@@H](C[C@@H](O)[C@H]3[C@@]4(C)CC[C@@H](O)[C@@H](C)[C@@H]4CC[C@@]32C)/C1=C(\CCC=C(C)C)C(=O)O,0.22124349
C=CC(=O)N1CC[C@H](n2nc(C#Cc3cc(OC)cc(OC)c3)c3c(N)ncnc32)C1,0.0040071807
Cc1ccc(=O)n(-c2ccc(O)cc2)c1,0.01843568
C=C1CC/C=C(\C)CC[C@@H]2[C@@H]1CC2(C)C,0.013865199
CC(=O)c1ccc2c(c1)[C@@H]1C=CC[C@@H]1[C@H](c1cc3c(cc1Br)OCO3)N2,0.0100551685
Brc1cc2c(cc1[C@H]1Nc3ccccc3[C@H]3C=CC[C@H]31)OCO2,0.015861066
CN1CCC(Nc2nc(Nc3ccc(Oc4ccccc4)cc3)c3c(O)ncc(Br)c3n2)CC1,0.4066301
CCCCC/C=C\C/C=C\CCCCCCCC(=O)NCCCC(=O)O,0.0090258345
NCC1(CC(=O)O)CCCCC1,0.003082133
CC(C)C(=O)O[C@@H](C)OC(=O)NCC1(CC(=O)O)CCCCC1,0.0006257593
COc1ccc(-c2ccc(=N)n(CCCC(=O)O)n2)cc1,0.0048302626
CCOC(=O)c1ccc(OC(=O)CCCCCNC(=N)N)cc1,0.0030432888
O=c1[nH]oc2c1CCNC2,0.012411248
O=C1CN2CCN3CCN([C@@H](CO)[C@@H](O)CO)CCN(CC2)CC(=O)[O][Gd]([O]1)[O]C(=O)C3,0.00024112014
CNC(=O)CN1CCN2CCN(CC(=O)NC)CC(=O)[O][Gd]([O]C(=O)C2)[O]C(=O)C1,0.00037471525
O=C(O)CN1CCN2CCN(CC(=O)O)CC(=O)[O][Gd]([O]C(=O)C2)[O]C(=O)C1,0.0002697681
O=C(O)CN1CCN(CC(=O)O)CCN(CC(=O)O)CCN(CC(=O)O)CC1,0.00018685595
C[C@@H](O)CN1CCN2CCN3CCN(CC1)CC(=O)[O][Gd]([O]C(=O)C3)[O]C(=O)C2,0.0007127394
CCCNc1nc(NCCC)nc(N(C)OC)n1,0.007424123
COc1ccc2c3c1O[C@H]1C[C@@H](O)C=C[C@@]31CCN(C)C2,0.0010090211
C[C@]12CC[C@H](O)CC1=CC[C@@H]1[C@@H]2CC[C@]2(C)C(n3cnc4ccccc43)=CC[C@@H]12,0.031810146
Nc1ncnc2c([C@@H]3N[C@H](CO)[C@@H](O)[C@H]3O)c[nH]c12,0.0062316963
CC[N+](CC)(CC)CCOc1cccc(OCC[N+](CC)(CC)CC)c1OCC[N+](CC)(CC)CC,0.008678044
O=C(O)c1cc(O)c(O)c(O)c1,0.010796494
c1cnc2c([O][Ga]([O]c3cccc4cccnc34)[O]c3cccc4cccnc34)cccc2c1,0.13064931
COc1ccc(CCN(C)CCCC(C#N)(c2cc(OC)c(OC)c(OC)c2)C(C)C)cc1OC,0.0059062485
CC(C)=CCC[C@]1(C)C=Cc2c(O)c3c(c(CC=C(C)C)c2O1)O[C@]12C(=C[C@@H]4C[C@H]1C(C)(C)O[C@@]2(C/C=C(/C)C(=O)O)C4=O)C3=O,0.21871556
CCCN1C[C@H](C)[C@@H](O)[C@](C)(O)[C@@H](CC)OC(=O)[C@H](C)[C@@H](O[C@H]2C[C@@](C)(OC)[C@@H](O)[C@H](C)O2)[C@H](C)[C@@H](O[C@@H]2O[C@H](C)C[C@H](N(C)C)[C@H]2O)[C@](C)(O)C[C@H]1C,0.878348
NCCCC(=O)O,0.0022155421
CCCCC/C=C\C/C=C\C/C=C\CCCCC(=O)O,0.010918949
CC(=O)[C@H]1CC[C@H]2[C@@H]3CC[C@H]4C[C@](C)(O)CC[C@]4(C)[C@H]3CC[C@]12C,0.057689894
Nc1nc(=O)c2ncn(COC(CO)CO)c2[nH]1,0.0036416661
CC(C)c1cc(-c2n[nH]c(=O)n2-c2ccc3c(ccn3C)c2)c(O)cc1O,0.260306
C[C@H](CC(=O)C[C@@H](C)[C@H]1C[C@H](O)[C@@]2(C)C3=C(C(=O)C[C@]12C)[C@@]1(C)CCC(=O)C(C)(C)[C@@H]1C[C@@H]3O)C(=O)O,0.0001270349
c1cc(-c2sc(-c3ccncc3)c(-c3ccncc3)c2-c2ccncc2)ccn1,0.3879056
CN(C)c1ccccc1CN1CCCN(Cc2ccccc2N(C)C)C1c1ccncc1,0.051177077
C[C@H]1NCc2cc(-c3ccc4c(=O)c(C(=O)O)cn(C5CC5)c4c3OC(F)F)ccc21,0.9414713
OCc1ccc(O[C@@H]2O[C@H](CO)[C@@H](O)[C@H](O)[C@H]2O)cc1,0.0029725344
COc1c(N2CCN[C@@H](C)C2)c(F)cc2c(=O)c(C(=O)O)cn(C3CC3)c12,0.9742421
O=C(/C=C/c1c(C(=O)O)[nH]c2cc(Cl)cc(Cl)c12)Nc1ccccc1,0.9594989
C(=C/c1ccccc1)\CN1CCN(CCOC(c2ccccc2)c2ccccc2)CC1,0.055295583
c1ccc(CCCN2CCN(CCOC(c3ccccc3)c3ccccc3)CC2)cc1,0.034257118
Fc1ccc(C(OCCN2CCN(C/C=C/c3ccccc3)CC2)c2ccc(F)cc2)cc1,0.12088643
CC(C)NC[C@@H](C(=O)N1CCN(c2ncnc3c2[C@H](C)C[C@H]3O)CC1)c1ccc(Cl)cc1,0.0023115957
C[C@H](Nc1ccc2c(c1)OCCn1cc(N3C(=O)OC[C@H]3C(F)F)nc1-2)C(N)=O,0.28510526
CC1(C)OCCn2c1nc1c(N3CCOCC3)nc(-c3cnc(N)nc3)nc12,0.0035079576
CN[C@@H](C)C(=O)N[C@H](C(=O)N1CCC[C@H]1C(=O)Nc1snnc1-c1ccccc1)C1CCCCC1,0.0020545237
CCNC(=O)Nc1ccc(-c2nc3c(c(N4CCOC[C@@H]4C)n2)CCN(C2COC2)C3)cc1,0.007920518
N[C@@H]1CCCN(c2c(Br)cnc3[nH]cc(NC(=O)C4CC4)c23)C1,0.057031345
O=C(NOCCO)c1ccc2cncn2c1Nc1ccc(I)cc1F,0.028701754
CC/C(=C(/c1ccc(/C=C/C(=O)O)cc1)c1ccc2n[nH]cc2c1)c1ccc(F)cc1Cl,0.98503506
Cc1c(NC(=O)c2cc3c(s2)CCCC3)cccc1-c1cn(C)c(=O)c(Nc2ccc([C@H]3C(=O)N(C)CCN3C)cc2)n1,0.11023841
OCCn1cc(-c2ccc3c(c2)CC/C3=N\O)c(-c2ccncc2)n1,0.0449393
CC1=C(c2cccc(O)c2)[C@H](c2ccc(OCCN3CC(CF)C3)cc2)Oc2ccc(O)cc21,0.12009521
CS(=O)(=O)N1CCN(Cc2cc3nc(-c4cccc5n[nH]cc45)nc(N4CCOCC4)c3s2)CC1,0.004549456
Cc1c(CN2CCN(C(=O)[C@H](C)O)CC2)sc2c(N3CCOCC3)nc(-c3cnc(N)nc3)nc12,0.007446882
Cn1nccc1Nc1nccc(-c2ccn([C@@H](CO)c3ccc(Cl)c(F)c3)c(=O)c2)n1,0.8478349
CC(=O)O[C@@H]1C[C@H]2C(C)(C)C(=O)C=C[C@]2(C)[C@H]2CC[C@@]3(C)[C@H](c4ccoc4)OC(=O)[C@H]4O[C@]43[C@@]21C,0.00021974249
COc1cc(C(C)C)c(Oc2cnc(N)nc2N)cc1S(N)(=O)=O,0.006349755
COc1cc2ncnc(Nc3ccc(F)c(Cl)c3)c2cc1OCCCN1CCOCC1,0.5092177
COC1=C2C[C@@H](C)C[C@H](OC)[C@H](O)[C@@H](C)/C=C(\C)[C@H](OC(N)=O)[C@@H](OC)/C=C/C=C(\C)C(=O)NC(=CC1=O)C2=O,0.009040133
CC(C)(CO)CCCCCCC(C)(C)CO,0.12734377
Nc1ccn([C@@H]2O[C@H](CO)[C@@H](O)C2(F)F)c(=O)n1,0.01947965
CCCCCCCC/C=C/CCCCCCCC(=O)OC[C@H]1O[C@@H](n2ccc(N)nc2=O)C(F)(F)[C@@H]1O,0.83961433
Cc1ccc(C)c(OCCCC(C)(C)C(=O)O)c1,0.0061409497
CO/N=C1\CN(c2nc3c(cc2F)c(=O)c(C(=O)O)cn3C2CC2)C[C@@H]1CN,0.95508534
N[C@@H](CC(=O)N1CCc2c(nc(C(F)(F)F)nc2C(F)(F)F)C1)CN1CC(F)(F)CCC1=O,0.7341606
COC(=O)C1=CO[C@@H](O)[C@@H]2C(CO)=CC[C@H]12,0.0018465171
COC(=O)C1=CO[C@@H](O[C@@H]2O[C@H](CO)[C@@H](O)[C@H](O)[C@H]2O)[C@@H]2C(CO)=CC[C@H]12,0.0010117115
O=C(O)C1=CO[C@@H](O[C@@H]2O[C@H](CO)[C@@H](O)[C@H](O)[C@H]2O)[C@@H]2C(CO)=CC[C@H]12,0.0013288308
O=c1c(-c2ccc(O)cc2)coc2cc(O)cc(O)c12,0.12868226
CN[C@@H]1[C@@H](O)[C@@H](O[C@@H]2[C@@H](O)[C@H](O[C@H]3O[C@H]([C@@H](C)NC)CC[C@H]3N)[C@@H](N)C[C@H]2N)OC[C@]1(C)O,0.022424504
C=C[C@@H]1C2=CCOC(=O)C2=CO[C@H]1O[C@@H]1O[C@H](CO)[C@@H](O)[C@H](O)[C@H]1O,0.0013274697
CCCCCCCCC(=O)N[C@H](CN1CCCC1)[C@H](O)c1ccc2c(c1)OCCO2,0.013826254
CNCCn1c(=O)c2cc(OC)c(OC)cc2c2cnc3cc4c(cc3c21)OCO4,0.011622976
C[C@@H](N)Cc1cccc(O)c1,0.015110185
CC(C)[C@@H](NC(=O)[C@@H](NC(=O)[C@@H](CCC(=O)O)NC(=O)[C@H](CCCNC(=N)N)NC(=O)[C@@H](CCCNC(=N)N)NC(=O)[C@@H](CCCCN)NC(=O)[C@@H](CCCCN)NC(=O)[C@@H](CCC(=O)O)NC(=O)[C@H](N)[C@@H](C)O)[C@@H](C)O)C(=O)N[C@H](CCC(=O)O)C(=O)N[C@@H](CCCNC(=N)N)C(=O)N[C@@H](CCC(=O)O)C(=O)N[C@@H](CCCCN)C(=O)N[C@@H](CCC(=O)O)C(=O)O,0.00034078342
O=c1ccc2ncc(=O)n3c2n1C[C@H]3CN1CCC(NCc2cc3c(cn2)OCCC3)CC1,0.39685977
CC(C)=CCC/C(C)=C/CC/C(C)=C/CCC(=O)OC/C=C(\C)CCC=C(C)C,0.3035251
C#C[C@]1(O)C=C[C@H]2[C@@H]3CCC4=CC(=O)CC[C@@H]4[C@H]3CC[C@@]21CC,0.00029570863
C#C[C@]1(O)CC[C@H]2[C@@H]3CCC4=CC(=O)CCC4=C3C=C[C@@]21CC,0.00016776244
CN(C)CCCn1cc(C2=C(c3c[nH]c4ccccc34)C(=O)NC2=O)c2ccccc21,0.8613165
COP(=O)(CC[C@@H](N)C(=O)O)Oc1cccc(CC(=O)O)c1,0.000235217
COC(=O)[C@H](CC(C)C)NC(=O)c1ccc(NC[C@@H](N)CS)cc1-c1cccc2ccccc12,0.07994223
CCc1nc(C(N)=O)c(Nc2ccc(N3CCC(N4CCN(C)CC4)CC3)c(OC)c2)nc1NC1CCOCC1,0.044413082
O=c1cc(O)c(Cl)c[nH]1,0.13084161
C[C@@H]1C(=O)O[C@H]2C[C@@]34[C@H]5C[C@@H](C(C)(C)C)[C@]36[C@@H](OC(=O)[C@@H]6O)O[C@@]4(C(=O)O5)[C@]21O,1.7719598e-05
C[C@@H]1C(=O)O[C@H]2[C@H](O)[C@@]34[C@H]5C[C@@H](C(C)(C)C)[C@]36[C@@H](OC(=O)[C@@H]6O)O[C@@]4(C(=O)O5)[C@@]12O,2.7145563e-05
CC(C)=CCC[C@](C)(O[C@@H]1O[C@H](CO)[C@@H](O)[C@H](O)[C@H]1O)[C@H]1CC[C@]2(C)[C@@H]1[C@H](O)C[C@@H]1[C@@]3(C)CC[C@H](O)C(C)(C)[C@@H]3CC[C@]12C,0.41681832
CC(C)=CCC[C@@](C)(O[C@@H]1O[C@H](CO)[C@@H](O)[C@H](O)[C@H]1O)[C@H]1CC[C@]2(C)[C@@H]1[C@H](O)C[C@@H]1[C@@]3(C)CC[C@H](O[C@@H]4O[C@H](CO)[C@@H](O)[C@H](O)[C@H]4O[C@@H]4O[C@H](CO)[C@@H](O)[C@H](O)[C@H]4O)C(C)(C)[C@@H]3CC[C@]12C,0.12357629
CC(C)=CCC[C@](C)(O[C@@H]1O[C@H](CO)[C@@H](O)[C@H](O)[C@H]1O)[C@H]1CC[C@]2(C)[C@@H]1[C@H](O)C[C@@H]1[C@@]3(C)CC[C@H](O)C(C)(C)[C@@H]3[C@@H](O[C@@H]3O[C@H](CO)[C@@H](O)[C@H](O)[C@H]3O[C@@H]3O[C@@H](C)[C@H](O)[C@@H](O)[C@H]3O)C[C@]12C,0.35854945
CC(C)=CCC[C@@](C)(O)[C@H]1CC[C@]2(C)[C@@H]1[C@H](O)C[C@@H]1[C@@]3(C)CC[C@H](O[C@@H]4O[C@H](CO)[C@@H](O)[C@H](O)[C@H]4O[C@@H]4O[C@H](CO)[C@@H](O)[C@H](O)[C@H]4O)C(C)(C)[C@@H]3CC[C@]12C,0.19462283
CCN(CC)Cc1ccc2cc(COC(=O)Nc3ccc(C(=O)NO)cc3)ccc2c1,0.16175123
COC[C@H](C)Oc1cc(O[C@@H](C)Cc2ccccc2)cc(C(=O)Nc2ccc(C(=O)O)cn2)c1,0.12492786
CN(C)c1cccc(-c2c3c(=O)n(-c4ccccc4Cl)[nH]c3cc(=O)n2C)c1,0.92483056
C(#Cc1nc2ncccc2nc1OCCN1CCCC1)c1ccccc1,0.001947857
O=C(OC[C@H](O)CO)c1ccccc1Nc1ccnc2cc(Cl)ccc12,0.008502105
CN1CC[C@@H](NC(=O)Nc2ccc(C#N)cc2)C[C@@H]1c1nc2ccccc2[nH]1,0.004756665
CC(C)(C)[C@@H]1NC(=O)O[C@@H]2CCC[C@H]2OC/C=C/C(F)(F)c2nc3ccccc3nc2O[C@@H]2C[C@@H](C(=O)N[C@]3(C(=O)NS(=O)(=O)C4(C)CC4)C[C@H]3C(F)F)N(C2)C1=O,0.021276917
COCCNCc1ccc(-c2cc3nccc(Oc4ccc(NC(=S)NC(=O)Cc5ccc(F)cc5)cc4F)c3s2)nc1,0.98042285
Cc1ccc(S(=O)(=O)NC(=O)NN2C[C@H]3CCC[C@@H]3C2)cc1,0.0061698104
CCC1=C(C)CN(C(=O)NCCc2ccc(S(=O)(=O)NC(=O)N[C@H]3CC[C@H](C)CC3)cc2)C1=O,0.0077320915
Cc1cnc(C(=O)NCCc2ccc(S(=O)(=O)NC(=O)NC3CCCCC3)cc2)cn1,0.00283028
COc1ccc2c(c1)C(=O)N(CCc1ccc(S(=O)(=O)NC(=O)NC3CCCCC3)cc1)C(=O)C2(C)C,0.00035015092
COc1ccc2c3c1O[C@H]1C[C@@H](OC(=O)c4ccccc4)C=C[C@@]31CCN(C)C2,0.00073299144
COc1ccc(S(=O)(=O)N[C@@H](CNc2nc(C)nc(N3CCC(c4ccc5c(n4)NCCC5)CC3)c2C)C(=O)O)cc1,0.008752753
CN1C(=O)N(c2ccc(C#N)c(C(F)(F)F)c2)C(=O)[C@@]1(CO)c1ccccc1,0.0008819733
CN1C(=O)N(c2ccc(C#N)c(C(F)(F)F)c2)C(=O)[C@]1(CO)c1ccccc1,0.00077964575
CC1(C)Cc2c(sc(NC(=O)c3cc[nH]n3)c2C(N)=O)C(C)(C)O1,0.01931718
O=C(O)[C@@H](O)[C@@H](O)[C@H](O)[C@@H](O)C(=O)O,0.0015814353
O=C1O[C@@H](CO)[C@H](O)[C@@H](O)[C@@H]1O,0.0027517423
N[C@@H]1[C@@H](O)[C@H](O)[C@@H](CO)O[C@H]1O,0.0035078845
N[C@@H](CCC(=O)N[C@@H](CS)C(=O)NCC(=O)O)C(=O)O,0.00090331637
CC(C)OC(=O)CNC(=O)[C@H](CS)NC(=O)CC[C@H](N)C(=O)O,0.0010262224
NCC(=O)N[C@@H](CCC(N)=O)C(=O)O,0.0011873291
COc1ccc(Cl)cc1C(=O)NCCc1ccc(S(=O)(=O)NC(=O)NC2CCCCC2)cc1,0.0031753911
CCCCCCCCCCCC(=O)OC[C@@H](O)CO,0.0052061933
O=C(CCCc1ccccc1)OCC(COC(=O)CCCc1ccccc1)OC(=O)CCCc1ccccc1,0.004972172
COc1cc2c(=O)c(-c3ccc(O)cc3)coc2cc1O,0.06360772
C[N+]1(C)CC[C@H](OC(=O)[C@](O)(c2ccccc2)C2CCCC2)C1,0.0009731621
CCC(C)(C)C(=O)C(=O)N1CCC[C@H]1C(=O)O,0.0019405567
N#CN/C(=N\c1ccncc1)NCCCCCCOc1ccc(Cl)cc1,0.024921214
CCNc1nc(Nc2cc(F)c(C(=O)N3CCOCC3)cc2OC)ncc1C(F)(F)F,0.20205238
NC(=O)c1cccc(-c2cc(Nc3ccc(OC(F)(F)F)cc3)ncn2)c1,0.028595047
O=C(NCCO)c1cccc(-c2cc(Nc3ccc(OC(F)(F)F)cc3)ncn2)c1,0.0136403255
Cc1ccc(NC(=O)Nc2cc(C(F)(F)F)ccc2F)cc1Nc1ccc2c(c1)NC(=O)/C2=C\c1ccc[nH]1,0.91647416
Cc1ccc(Nc2ncc3c(n2)N(C)C(=O)N(c2cc(NC(=O)c4cccc(C(F)(F)F)c4)ccc2C)C3)cn1,0.16512035
N=C(N)Nc1ccc2[nH]c3c(c2c1)C[C@@]1(O)[C@H]2Cc4ccc(O)c5c4[C@@]1(CCN2CC1CC1)[C@H]3O5,0.0028747895
COc1ccc2c(c1)c(C1=C(c3c[nH]c4ccccc34)C(=O)NC1=O)cn2CCCN(C)C,0.87165797
Fc1cc(F)c2c(c1)[C@H]1C=CC[C@H]1[C@@H](c1cccnc1)N2,0.7215053
CN1CCN(C2CCN(C(=O)Nc3cc(Oc4ccc(NC(=O)C5(C(=O)Nc6ccc(F)cc6)CC5)c(F)c4)ccn3)CC2)CC1,0.032014452
CC(C)C[C@H](NC(=O)CNC(=O)[C@H](Cc1ccc(O)cc1)NC(=O)[C@H](CO)NC(=O)[C@H](Cc1c[nH]c2ccccc12)NC(=O)[C@H](Cc1cnc[nH]1)NC(=O)[C@@H]1CCC(=O)N1)C(=O)N[C@@H](CCCNC(=N)N)C(=O)N1CCC[C@H]1C(=O)NCC(N)=O,0.057973456
CC(C)C[C@H](NC(=O)[C@@H](COC(C)(C)C)NC(=O)[C@H](Cc1ccc(O)cc1)NC(=O)[C@H](CO)NC(=O)[C@H](Cc1c[nH]c2ccccc12)NC(=O)[C@H](Cc1cnc[nH]1)NC(=O)[C@@H]1CCC(=O)N1)C(=O)N[C@@H](CCCNC(=N)N)C(=O)N1CCC[C@H]1C(=O)NNC(N)=O,0.53056324
Cc1cc2c(C(C)C)c(O)c(O)c(C=O)c2c(O)c1-c1c(C)cc2c(C(C)C)c(O)c(O)c(C=O)c2c1O,0.9892937
O=C1COc2nccc(-c3ccccc3F)c2CN1Cc1cc(C(F)(F)F)cc(C(F)(F)F)c1,0.74903697
CCC(C)(C)C(=O)C(=O)N1CCC[C@H]1C(=O)OCCCc1cccnc1,0.0028961473
O=C(N[C@@H]1Cc2ccccc2N(C[C@@H](O)CO)C1=O)c1cc2cc(Cl)sc2[nH]1,0.13425934
O=C(CCCCCCCn1cc(-c2cccnc2)nn1)Nc1ccccc1-c1ccccc1,0.11307857
Cc1cc(OCc2nc(-c3ccccc3Cl)cs2)ccc1OCC(=O)O,0.062213767
Cc1ccc2c(c1)Cc1c(C(=O)NN3CCCCC3)nn(-c3ccc(Cl)cc3Cl)c1-2,0.8883241
Cc1ccc2c(c1)Cc1c(C(=O)NC3CCCCC3)nn(-c3ccc(Cl)cc3Cl)c1-2,0.88571215
COc1ccccc1N1CCN(CCCCNC(=O)c2ccc(-c3ccc(C(C)=O)cc3)cc2)CC1,0.021886708
Cn1cc(C(=O)OCC2CCN(CCNS(C)(=O)=O)CC2)c2ccccc21,0.0016614927
COc1ccc(NC(=O)c2ccc(-c3ccc(-c4noc(C)n4)cc3C)cc2)cc1N1CCN(C)CC1,0.07908658
COC(=O)Nc1ccc2[nH]cc(CCNC(C)=O)c2c1,0.0056718197
N=C(N)c1ccc(N2CCN(C3CCN(CC(=O)O)CC3)CC2)cc1,0.002492544
COC1(C[S@@](=O)c2ccccc2)CCN(CCc2c[nH]c3ccc(F)cc23)CC1,0.037658047
CC=C1C(=O)C[C@H]2[C@@H]3CCC4=CC(=O)CC[C@]4(C)[C@H]3CC[C@]12C,0.001688527
OC[C@H]1O[C@@H](n2cnc3c(N[C@H]4CCC[C@@H]4O)ncnc32)[C@H](O)[C@@H]1O,0.0015431878
CC(C)C[C@@H](NC(=O)[C@H](C)NC(=O)CNC(=O)[C@@H](NC=O)C(C)C)C(=O)N[C@@H](C)C(=O)N[C@@H](C(=O)N[C@H](C(=O)N[C@@H](C(=O)N[C@@H](Cc1c[nH]c2ccccc12)C(=O)N[C@H](CC(C)C)C(=O)N[C@@H](Cc1c[nH]c2ccccc12)C(=O)N[C@H](CC(C)C)C(=O)N[C@@H](Cc1c[nH]c2ccccc12)C(=O)N[C@H](CC(C)C)C(=O)N[C@@H](Cc1c[nH]c2ccccc12)C(=O)NCCO)C(C)C)C(C)C)C(C)C,0.99976736
CN(C)Cc1c[nH]c2ccccc12,0.0121581955
CN1[C@@H]2CCC[C@H]1C[C@@H](NC(=O)c1nn(C)c3ccccc13)C2,0.0051082545
CCc1nc2c(C)nc(C)cc2n1-c1ccc(CCNC(=O)NS(=O)(=O)c2ccc(C)cc2)cc1,0.09251757
C=C[C@@H]1C[C@]1(NC(=O)[C@@H]1C[C@@H]2CN1C(=O)[C@H](C(C)(C)C)NC(=O)O[C@@H]1C[C@H]1CCCCCc1nc3ccc(OC)cc3nc1O2)C(=O)NS(=O)(=O)C1CC1,0.01335702
COC1=CC(=O)C[C@@H](C)[C@]12Oc1c(Cl)c(OC)cc(OC)c1C2=O,0.0023248529
COc1[nH]c2ccc(F)cc2c1C(=O)OCC1CCN(CCNS(C)(=O)=O)CC1,0.0036103346
COc1ccc(CNC(=O)/C=C/c2ccc3[nH]cc(CCN(C)C)c3c2)cc1,0.08659768
O=C(O)c1ccc(N2N=C(Cc3ccccc3)/C(=C\c3ccc(-c4ccccc4F)o3)C2=O)cc1,0.63923764
CSc1nc(NC2CCCC2)c([N+](=O)[O-])c(NC2CCCC2)n1,0.58636886
CCCn1c(=O)c2[nH]c(-c3cnn(Cc4cccc(C(F)(F)F)c4)c3)nc2n(CC)c1=O,0.53719366
CCCCOc1nc(N)c2c(n1)N(Cc1cccc(CN3CCCC3)c1)CC(=O)N2,0.013868605
FC(F)(F)Oc1ccc(-c2ccc3nnc(C(F)(F)F)n3c2)cc1,0.2711888
c1cn2cc(-c3ccc4c[nH]nc4c3)nc(Nc3ccc(N4CCOCC4)cc3)c2n1,0.21398824
O=C(O)CCNc1cc(N2CCc3ccccc3CC2)nc(-c2ccccn2)n1,0.003577403
O=C(O)CCNc1cc(N2CCc3ccccc3CC2)nc(-c2cccnc2)n1,0.0030418613
CCOC(=O)CCNc1cc(N2CCc3ccccc3CC2)nc(-c2ccccn2)n1,0.008981366
CCOC(=O)CCNc1cc(N2CCc3ccccc3CC2)nc(-c2cccnc2)n1,0.007378894
c1ccc([C@@H]2C[C@H]2NC2CCNCC2)cc1,0.009994765
O=C1Nc2cc(Br)ccc2/C1=C1Nc2ccccc2C/1=N/O,0.5056571
COC(=O)c1sccc1S(=O)(=O)Nc1ccc(Nc2ccccc2)cc1OC,0.007868476
O=C1NC(=O)/C(=C/c2ccc3nccc(-c4ccncc4)c3c2)S1,0.9562848
CCn1cc(-c2ccnc3[nH]c(-c4cccc(CN(C)C)c4)cc23)c(-c2ccc(NC(=O)N(C)C)cc2)n1,0.4228455
CC(C)c1noc(N2CCC(COc3ccc(-c4ccc(S(C)(=O)=O)cc4)nc3)CC2)n1,0.0071626394
CN(C(=O)CN1C(=O)COc2cc(Cl)c(Cl)cc21)[C@@H](CN1CCCC1)c1ccc(-c2cccc(C(N)=O)c2)cc1,0.53393507
Cc1ccc2c(N3CCN(CCc4cccc(N5CCNC5=O)c4)CC3)cccc2n1,0.021584967
CNC(=O)c1c(F)cccc1Nc1nc(Nc2cc3c(cc2OC)CCN3C(=O)CN(C)C)nc2[nH]ccc12,0.13074176
CNC(=O)c1ccc(Oc2ccc3c(c2)CCN(C2CCC2)CC3)nc1,0.00655344
CCc1cc(Nc2nccc(-c3c(-c4ccc(OC)c(C(=O)Nc5c(F)cccc5F)c4)nc4ccccn34)n2)c(OC)cc1N1CCC(N2CCN(S(C)(=O)=O)CC2)CC1,0.9012584
Cn1ncc(Cl)c1-c1cc(C(=O)N[C@H](CN)Cc2cccc(F)c2)sc1Cl,0.97544324
COc1ncc(-c2ccc3nccc(-c4ccnnc4)c3c2)cc1NS(=O)(=O)c1ccc(F)cc1F,0.20604935
CCOc1ccc(-c2ccc(Cn3c(CC(C)(C)C(=O)O)c(SC(C)(C)C)c4cc(OCc5ccc(C)cn5)ccc43)cc2)cn1,0.8385036
O=C(NC1(c2ccccc2)CC1)c1c(CN2CCC(N3CCCCC3)CC2)c(-c2cccc(C(F)(F)F)c2)nc2cc(Br)ccc12,0.042886555
O=C(C1CC1)N1CC[C@@H](Cc2n[nH]c(=O)n2-c2ccc(-c3ccc4occc4c3)cc2)C1,0.25202224
COc1cccc2c1c(NS(=O)(=O)c1ccc(Cl)s1)nn2Cc1cccc(CNC(=O)C(C)(C)O)c1,0.18532425
CONC(=O)c1ccccc1Nc1cc(Nc2cc(C)nn2C(C)C)ncc1Cl,0.27602077
CNc1nc(C)nc(N[C@H]2CCC[C@@H](C(=O)NCc3ccc(C#N)cc3C(F)(F)F)C2)n1,0.020122604
CCCC[C@]1(CC)CS(=O)(=O)c2cc(CNC(CC(=O)O)CC(=O)O)c(OC)cc2[C@@H](c2ccccc2)N1,0.0020002762
CNc1nc(-c2ccc3c(N)[nH]nc3c2)cc(N2C[C@@H](C(=O)NC3CCCCC3)CC[C@H]2C)n1,0.10393233
O=C1CCCN1c1ccc(Oc2ccc3c(c2)CCN(C2CCC2)CC3)nc1,0.008033275
COc1cccc(Nc2c(C(N)=O)cnc3c(C)cc(S(=O)(=O)c4cccc(C(=O)N(C)C)c4)cc23)c1,0.002338323
O=C(Nc1cccnc1)c1cc(-c2ccnc(F)c2)ccc1OCc1ccccc1,0.12811361
Cn1cc(-c2ccc3c(c2)CCN3C(=O)Cc2cccc(C(F)(F)F)c2)c2c(N)ncnc21,0.05451549
Cc1c(Cn2c(C)nc3c(C(=O)O)cc(N4CCOCC4)cc32)cccc1C(F)(F)F,0.39635706
Cc1cccc(CC(=O)N2CCc3c2ccc(-c2cn(C)c4ncnc(N)c24)c3F)n1,0.5471639
CCn1c(-c2nonc2N)nc2cnc(Oc3cccc(NC(=O)c4ccc(OCCN5CCOCC5)cc4)c3)cc21,0.028518222
CCCOc1ccn2c(C(C)=O)cc(-c3ccccc3S(C)(=O)=O)c2c1,0.044822786
CC[C@H](C)n1cc(C)c2c(C(=O)NCc3c(C)cc(C)[nH]c3=O)cc(-c3ccc(N4CCNCC4)nc3)cc21,0.8226717
Cc1ncc(Cl)cc1NCc1ccc(C(=O)N[C@@H](CC2CCCC2)C(=O)NC2CC2)s1,0.2534453
COc1ncc(-c2ccc3c(Nc4cc(Oc5cc(F)cc(F)c5)cc(C(=O)O)c4)c(S(=O)(=O)NC4CC4)cnc3c2)c(OC)n1,0.13382693
CC(C)C1=C2[C@H]3CC[C@@H]4[C@@]5(C)CC[C@H](OC(=O)CC(C)(C)C(=O)O)C(C)(C)[C@@H]5CC[C@@]4(C)[C@]3(C)CC[C@@]2([C@@H](O)CN(CCN(C)C)Cc2ccc(Cl)cc2)CC1=O,0.004659228
O=C(O)c1ccc(CN2CCC(CN[C@@H]3C[C@H]3c3ccccc3)CC2)cc1,0.02078395
C[C@H](CS(C)(=O)=O)n1ccc2c(C(F)(F)F)c(C#N)ccc21,0.116703115
CCc1ccc(N(CC(C)C)S(=O)(=O)c2ccc(OCC3CCOCC3)c(CO)c2)cc1,0.04764829
CN1C(=O)[C@@H](NC(=O)c2nc(Cc3ccccc3)n[nH]2)COc2ccccc21,0.040479522
O=C(CCc1ccc(CN[C@H](C(=O)OC2CCCC2)C2CCCCC2)cn1)NO,0.0042045754
CCOc1cc(=O)[nH]cc1-c1ccc(CC(=O)Nc2cc(C(C)(C)C(F)(F)F)on2)c(F)c1,0.014497718
CC(=O)N1CCC(Nc2cc(C(=O)NC[C@H](O)CN3CCc4ccccc4C3)ncn2)CC1,0.0025857473
CCn1ncc2c(NC3CCOCC3)c(-c3nnc(Cc4sc(C)nc4C)o3)cnc21,0.009567738
CC(C)(C)NCc1ccc(Nc2ccnc3cc(Cl)ccc23)cc1O,0.5021198
COc1ccc(S(=O)(=O)Nc2c(C)cc(C)cc2C)cc1,0.007221484
O=C(NCCS(=O)(=O)c1ccc(C(F)(F)F)cn1)c1ccc(Cl)cc1,0.028926596
CC1=C(C(=O)Nc2cc3c[nH]nc3cc2F)[C@H](c2ccc(C(F)(F)F)cc2)CC(=O)N1,0.094725676
C[C@@H](Oc1cc(-n2cnc3ccc(CN4CCN(C)CC4)cc32)sc1C(N)=O)c1ccccc1C(F)(F)F,0.18917838
Cc1cc(C)c(CNC(=O)c2cc(-c3ccc(N4CCN(C)CC4)nc3)cc3c2c(C)cn3C(C)C)c(=O)[nH]1,0.40807205
O=C(O)c1ccc(-c2c[nH]c3ncc(-c4ccccc4)cc23)cc1C1CCCC1,0.18389426
NC[C@H]1OB(O)c2c(OCCO)ccc(Cl)c21,0.031425957
CCn1c(-c2nonc2N)nc2c(C#CC(C)(C)O)ncc(OC[C@H]3CCCNC3)c21,0.0044665392
O=S(=O)(Cc1ccccc1)Nc1ccc(-c2ccc3c(cnn3-c3ccc(F)cc3)c2)c(C(F)(F)F)c1,0.5701763
CC(C)Oc1ccc(C(=O)N[C@H](CNC(=O)CN(C)C)Cc2ccc(-c3cn4cccc([C@H](C)O)c4n3)cc2)cc1Cl,0.2530624
c1ccc(-c2[nH]nc3c2oc2ccccc23)cc1,0.020683128
COc1ccc(/C=C2\CCCN=C2c2cccnc2)c(OC)c1,0.055587634
COc1ccccc1OC(=O)c1ccccc1OC(C)=O,0.007855826
Nc1ncn([C@H]2C[C@H](OP(=O)(O)OC[C@H]3O[C@@H](n4cnc5c(=O)nc(N)[nH]c54)C[C@@H]3O)[C@@H](CO)O2)c(=O)n1,0.00016473494
COc1ccccc1O,0.00659894
COc1ccccc1OC[C@@H](O)CO,0.0031678742
N=C(N)N/N=C/c1c(Cl)cccc1Cl,0.78379583
N=C(N)NC[C@H]1COC2(CCCCC2)O1,0.0054295356
CCC(C)(C)NC(=N)NC#N,0.0054416484
N=C(N)NCCN1CCCCCCC1,0.0062284637
N=C(N)NC(=O)Cc1c(Cl)cccc1Cl,0.21814995
N=C(N)N,0.0074837613
N=C(N)NCCSSCCNC(=N)N,0.013097335
N=C(N)NCCC(=O)O,0.0025668314
Nc1nc(=O)c2ncn([C@@H]3O[C@H](CO)[C@@H](O)[C@H]3O)c2[nH]1,0.0039227414
CSc1nc2ccc3nc(NC(=O)C(c4ccccc4)c4ccccc4)sc3c2s1,0.8507256
O=C(O)C1=CCCNC1,0.0036370268
Cc1cc(SCc2sc(-c3ccc(C(F)(F)F)c(F)c3)nc2C)ccc1OCC(=O)O,0.62584275
CCOC(=O)c1ccc(-n2cc(Cc3cnc(OCC)nc3)c(=O)nc2SCc2ccc(F)cc2)cc1,0.8148243
CN(CCOc1ccc(C[C@H](Nc2ccccc2C(=O)c2ccccc2)C(=O)O)cc1)c1ccccn1,0.07451888
COc1ccc(COc2ccc(Cc3cnc(N)nc3N)cc2OC)cc1,0.8092655
CC(C)[C@@H]1C(=O)N(S(C)(=O)=O)[C@@H]2CCN(C(=O)/C=C/CN3CCCCC3)[C@H]21,0.0035510154
O=C(O)Cc1cccc(OCCCN(Cc2cccc(C(F)(F)F)c2Cl)CC(c2ccccc2)c2ccccc2)c1,0.96014047
COc1ccc2c(c1)c(CCN1CCOCC1)c(C)n2C(=O)c1cccc(Cl)c1Cl,0.81234056
CC(C)c1onc(-c2c(Cl)cccc2Cl)c1COc1ccc(/C=C/c2cccc(C(=O)O)c2)c(Cl)c1,0.90867966
O=C(Nc1nc2ccccc2n1CCc1ccccc1)c1ccccc1,0.02802096
Cn1cc(/C=C2\C(=O)Nc3cccnc32)c2ccccc21,0.028908804
Cc1cc(SCc2sc(-c3ccc(C(F)(F)F)cc3)nc2C)ccc1OCC(=O)O,0.038604904
O=C1Nc2ccc(I)cc2C1=Cc1cc(Br)c(O)c(Br)c1,0.73949015
COc1ccccc1NC(=O)OCC1CCN(C(=O)OC(C)(C)C)CC1,0.003928557
CS(=O)(=O)CCNCc1nc(-c2ccc3ncnc(Nc4ccc(OCc5cccc(F)c5)c(Cl)c4)c3c2)cs1,0.5517891
CCOc1c2c(c(OCC)c3ccccc13)C(=O)N(c1ccc(CC(=O)NS(=O)(=O)c3ccccc3)cc1)C2,0.22724625
CCC(=O)NC[C@H](Cc1ccc(OCCc2nc(-c3ccccc3)oc2C)cc1)N/C(C)=C\C(=O)c1ccc(C(F)(F)F)cc1,0.29155928
CC(C)(Sc1ccc(CCN(CCCCC2CCCCC2)C(=O)NC2CCCCC2)cc1)C(=O)O,0.023315845
O=C(NC1CCOCC1)c1ccc(-c2cc(-c3c[nH]nc3-c3ccccn3)ccn2)cc1,0.14845152
COc1cc(-n2cnc3cc(-c4ccc(Cl)cc4)sc3c2=O)ccc1OCCN1CCCC1,0.52700895
O=C(NCC1CCOCC1)c1cnc(Nc2ccc(Cl)cc2Cl)nc1C(F)(F)F,0.8728822
COc1cc2ncn(-c3cc(OCc4ccccc4C(F)(F)F)c(C(N)=O)s3)c2cc1OC,0.096034676
O=C(O)CCc1ccc(NCc2cccc(Oc3ccccc3)c2)cc1,0.06865478
O=C(Nc1ccccc1)c1cc([N+](=O)[O-])ccc1Cl,0.3533144
CC(=N)NCCSCC[C@H](N)C(=O)O,0.0025143907
CC1=NN=C(c2ccc(N)cc2)c2cc3c(cc2C1)OCO3,0.09293774
CC(C)=CCC[C@](C)(O[C@@H]1O[C@H](CO[C@@H]2OC[C@@H](O)[C@H](O)[C@H]2O)[C@@H](O)[C@H](O)[C@H]1O)[C@H]1CC[C@]2(C)[C@@H]1[C@H](O)C[C@@H]1[C@@]3(C)CC[C@H](O[C@@H]4O[C@H](CO)[C@@H](O)[C@H](O)[C@H]4O)C(C)(C)[C@@H]3CC[C@]12C,0.054921266
Cc1ccc(C(=O)Nc2ccc(CN3CCN(C)CC3)c(C(F)(F)F)c2)cc1C#Cc1cnc2n[nH]cc2c1,0.030807445
CS(=O)(=O)c1ccc(-c2nnc(/C=C/c3nnc(-c4ccc(C#N)cc4)o3)n2-c2ccccc2Cl)nc1,0.0016849859
CCc1ccc(NC(=O)Nc2c[nH]c3ccccc23)cc1,0.13447203
O=S(=O)(NCCNC/C=C/c1ccc(Br)cc1)c1cccc2cnccc12,0.004624614
N=C(N)NCCNS(=O)(=O)c1cccc2cnccc12,0.0023840533
O=C1S/C(=C\c2ccc(OCc3cccc(B(O)O)c3)cc2)C(=O)N1Cc1ccc(F)cc1,0.93482935
N[C@@H]1CCN(O)C1=O,0.0033512355
N[C@H]1CCN(O)C1=O,0.0035779763
O=C(O)c1ccc(S(=O)(=O)N(Cl)Cl)cc1,0.002418616
CC1(C)O[C@@H]2C[C@H]3[C@@H]4CCC5=CC(=O)CC[C@]5(C)[C@@]4(F)[C@@H](O)C[C@]3(C)[C@]2(C(=O)CCl)O1,0.0003558363
CCC(=O)O[C@]1(C(=O)CCl)[C@@H](C)C[C@H]2[C@@H]3C[C@H](F)C4=CC(=O)C=C[C@]4(C)[C@@]3(F)[C@@H](O)C[C@@]21C,0.00015402991
CCCCN(CCCC)CC[C@@H](O)c1cc2c(Cl)cc(Cl)cc2c2cc(C(F)(F)F)ccc12,0.9735174
O=C(C[C@H]1NCCC[C@@H]1O)Cn1cnc2cc(Br)c(Cl)cc2c1=O,0.30392268
O=C(NCCN1CCC(n2c(=O)[nH]c3cc(Cl)ccc32)CC1)c1ccc(F)cc1,0.062029857
O=C(CCCN1CCC(O)(c2ccc(Cl)cc2)CC1)c1ccc(F)cc1,0.0013789685
CCCCCCCCCC(=O)OC1(c2ccc(Cl)cc2)CCN(CCCC(=O)c2ccc(F)cc2)CC1,0.012083081
Clc1cc(Cl)c(OCC#CI)cc1Cl,0.38525987
FC(F)(F)[C@@H](Cl)Br,0.7168087
Cc1nccc2c1[nH]c1ccccc12,0.024344275
COC(=O)C[C@](O)(CCC(C)(C)O)C(=O)O[C@@H]1C(OC)=C[C@]23CCCN2CCc2cc4c(cc2[C@H]13)OCO4,9.326334e-05
CCOC(=O)C1=C(N)Oc2ccc(Br)cc2[C@H]1[C@H](C#N)C(=O)OCC,0.124601655
O=C(O)CN(CCN(CC(=O)O)Cc1ccccc1O)Cc1ccccc1O,0.0023517767
CC(C)c1ccc(NC(=O)Cn2cnc3c2c(=O)n(C)c(=O)n3C)cc1,0.053404413
Cc1c(C(=O)Nc2cccc(C(F)(F)F)c2)cc(-c2ccccc2)n1CCCN1CCOCC1,0.085424244
Cn1c(=O)n(CCCO)c(=O)c2c1nc(Oc1cccc(Cl)c1)n2Cc1ccc(Cl)cc1,0.11165376
CCc1ccc(/C=C/C(=O)Nc2ccc(C(C)=O)cc2)o1,0.032055233
CCCCC#Cc1nc(NC)c2ncn([C@@H]3O[C@H](CO)[C@@H](O)[C@H]3O)c2n1,0.0011938188
CC1=C([C@@H](C)O)c2cc3nc(cc4[nH]c(cc5[nH]c(cc1n2)c(C)c5CCC(=O)O)c(CCC(=O)O)c4C)C([C@@H](C)O)=C3C,0.103407554
Oc1cc2c(cc1O)[C@@H]1c3ccc(O)c(O)c3OC[C@]1(O)C2,0.00997179
C=CC1=C(C)C2=N/C1=C\c1c(C)c(CCC(=O)O)c3[n]1[Fe]([OH])[n]1/c(c(C)c(C=C)/c1=C/2)=C\C1=N/C(=C\3)C(CCC(=O)O)=C1C,0.0021899845
CC(C)=CCC[C@](C)(O)[C@H]1CC[C@]2(C)[C@@H]1[C@H](O)C[C@@H]1[C@@]3(C)CC[C@H](O)C(C)(C)[C@@H]3[C@@H](O)C[C@]12C,0.35966194
NS(=O)(=O)OCCCCCCCOS(N)(=O)=O,0.00021392202
C[C@@H](N)CCCC(C)(C)O,0.018868582
Cc1cc(Nc2ncnc3ccc(-c4ccc(CNCCS(C)(=O)=O)o4)cc23)ccc1Oc1ccn2ncnc2c1,0.28367415
CCS(=O)(=O)Nc1ccc2c(c1)/C(=C(/Nc1ccc(CN3CCCCC3)cc1)c1ccccc1)C(=O)N2,0.12673669
COc1ccc([C@@H]2CC(=O)c3c(O)cc(O)cc3O2)cc1O,0.016448224
COc1ccc([C@@H]2CC(=O)c3c(O)cc(O[C@@H]4O[C@H](CO[C@@H]5O[C@@H](C)[C@H](O)[C@@H](O)[C@H]5O)[C@@H](O)[C@H](O)[C@H]4O)cc3O2)cc1O,0.0027081717
CC1(C)S[C@@H]2[C@H](N3C(=O)[C@@H](c4ccccc4)NC3(C)C)C(=O)N2[C@H]1C(=O)O,0.9641787
Oc1c(Cl)cc(Cl)c(Cl)c1Cc1c(O)c(Cl)cc(Cl)c1Cl,0.9983004
C[N+](C)(C)CCCCCC[N+](C)(C)C,0.0049557113
CC(=O)NCCCCCCNC(C)=O,0.0031704863
CCCCCCOC(=O)CCC(=O)CN,0.0027418686
O=P(O)(O)O[C@H]1[C@H](OP(=O)(O)O)[C@@H](OP(=O)(O)O)[C@H](OP(=O)(O)O)[C@@H](OP(=O)(O)O)[C@H]1OP(=O)(O)O,2.7327354e-10
CC[C@H](c1ccc(O)cc1)[C@@H](CC)c1ccc(O)cc1,0.62894326
CCCC[C@@H](CC)CN1CN(C[C@@H](CC)CCCC)C[C@@](C)(N)C1,0.77553654
O=C(O)[C@H](O)[C@H](O)[C@H](O)[C@H](O)CO,0.0010301552
Oc1ccc([C@H](O)CNCCCCCCNC[C@H](O)c2ccc(O)c(O)c2)cc1O,0.013178144
C[C@@H](CNC1CCCCC1)OC(=O)c1ccccc1,0.007174256
C[C@@H](O)CC(C)(C)O,0.009128276
Oc1ccc(C[C@H]2NCCc3cc(O)c(O)cc32)cc1,0.025766227
O=C(O)CNC(=O)c1ccccc1,0.002662267
NCCc1cnc[nH]1,0.008133751
Cc1cc(C)c(S(=O)(=O)n2cc(C)cc2C)c(C)c1,0.026788669
CCOc1cc2ncc(C#N)c(Nc3ccc(OCc4cccc(F)c4)c(Cl)c3)c2cc1NC(=O)/C=C/CN(C)C,0.28585297
CCn1c2ccccc2c2cc(CNCc3ccccc3OC)ccc21,0.2225274
COc1cc2c(cc1OC)CN(CCc1ccc(-n3nnc(-c4cc(OC)c(OC)cc4NC(=O)c4cc(=O)c5ccccc5o4)n3)cc1)CC2,0.009976729
COc1ccc(S(=O)(=O)N(C(C)=O)c2ccccc2/C=C/c2cc[n+]([O-])cc2)cc1,0.17040761
CC(C)(C)NC[C@H](O)c1ccc(O)cc1Cl,0.013667175
CC[n+]1c(-c2ccccc2)c2cc(N)ccc2c2ccc(N)cc21,0.62863827
CN1CCCN([C@@H](c2ccccc2)c2ccc(Cl)cc2)CC1,0.02269022
COC(=O)C[C@](O)(CCCC(C)(C)O)C(=O)O[C@@H]1C(OC)=C[C@]23CCCN2CCc2cc4c(cc2[C@H]13)OCO4,0.00011319228
O=C(O)Cc1cccnc1C(=O)O,0.0049503413
C[C@H]1C[C@H](OC(=O)c2ccccc2O)CC(C)(C)C1,0.027290136
COc1ccc(CCN)cc1OC,0.0086517
C=CCc1ccc(O)c(-c2ccc(O)c(CC=C)c2)c1,0.15561225
CN(C)CCc1ccc(O)cc1,0.0068037994
CCCC[C@H](NC(C)=O)C(=O)N[C@@H](CCC(N)=O)C(=O)N[C@@H](Cc1c[nH]cn1)C(=O)N[C@H](Cc1ccccc1)C(=O)N[C@@H](CCCNC(=N)N)C(=O)N[C@H](Cc1c[nH]c2ccccc12)C(=O)NCC(N)=O,0.11105756
CC(C)(O)c1nc(-c2cccc(CNC(=O)c3cnc(-c4ccccn4)nc3)c2)no1,0.002266688
CCCCCCO[C@H](C)c1c(C)c2cc3nc(c4c5[nH]c(cc6nc(cc1[nH]2)C(C)=C6CC)c(C)c5C(=O)C4)[C@@H](CCC(=O)O)[C@@H]3C,0.9133054
CCC(C)(C)C(=O)O,0.002855445
O=C(Nc1nnn[nH]1)c1cncc(N2CCCC2)n1,0.0013526813
O=C1/C(=N\c2cccc(C(F)(F)F)c2)c2ccccc2N1c1ccccc1,0.6158705
Cc1nc(Nc2cnn(C3CCNCC3)c2)nc2c1N(C)C(=O)c1cc3ccccc3cc1N2C,0.018864466
CCCCCCOc1cc(C)c(O)c(C)c1C,0.13315323
C[C@@H](CCCCC(=O)Nc1ccc(C(F)(F)F)cc1)NCCc1cnc[nH]1,0.03407697
C/C=C1\[C@H]2C=C(C)C[C@]1(N)c1ccc(=O)[nH]c1C2,0.0048680757
CC(=O)N[C@@H]1C[C@H](O)[C@@H](CO)O[C@H]1O[C@H]1[C@H](O)[C@@H](O)[C@H](O)O[C@@H]1C(=O)O,0.007713437
CCN(CC)CCNc1ccc(CO)c2sc3ccccc3c(=O)c12,0.69331056
NNc1nncc2ccccc12,0.006105063
COc1ccc2c(c1OC)C(=O)O[C@@H]2[C@H]1c2cc3c(cc2CCN1C)OCO3,0.007108204
C[N+]1=Cc2cc3c(cc2CC1)OCO3,0.0037672066
NS(=O)(=O)c1cc2c(cc1Cl)NCNS2(=O)=O,0.00057246885
C[C@]12CCC(=O)C=C1CC[C@@H]1[C@@H]2[C@@H](O)C[C@@]2(C)[C@H]1CC[C@]2(O)C(=O)CO,0.00036331028
CC(=O)OCC(=O)[C@@]1(O)CC[C@H]2[C@@H]3CCC4=CC(=O)CC[C@]4(C)[C@H]3[C@@H](O)C[C@@]21C,0.00032217285
CCCC(=O)O[C@]1(C(=O)CO)CC[C@H]2[C@@H]3CCC4=CC(=O)CC[C@]4(C)[C@H]3[C@@H](O)C[C@@]21C,0.00038740615
C[C@]12CCC(=O)C=C1CC[C@@H]1[C@@H]2[C@@H](O)C[C@@]2(C)[C@H]1CC[C@]2(O)C(=O)COC(=O)CCC(=O)O,7.922412e-05
C[C@@]12CCC(=O)C=C1CC[C@@H]1[C@@H]2[C@@H](O)C[C@]2(C)[C@H]1CC[C@]2(O)C(=O)COP(=O)(O)O,2.4306195e-05
CCCCC(=O)O[C@]1(C(=O)CO)CC[C@H]2[C@@H]3CCC4=CC(=O)CC[C@]4(C)[C@H]3[C@@H](O)C[C@@]21C,0.0003983891
NS(=O)(=O)c1cc2c(cc1C(F)(F)F)NCNS2(=O)=O,0.00073153194
CC[C@H]1C[N@@]2CC[C@H]1C[C@@H]2[C@@H](O)c1ccnc2ccc(OC)cc12,0.03286838
Oc1ccc(O)cc1,0.00740403
C/C1=C2/[N]([Co+][OH])[C@H]([C@H](CC(N)=O)[C@@]2(C)CCC(=O)NC[C@@H](C)OP(=O)(O)O[C@H]2[C@@H](O)[C@@H](n3cnc4cc(C)c(C)cc43)O[C@@H]2CO)[C@]2(C)N=C(/C(C)=C3\N=C(/C=C4/N=C1[C@@H](CCC(N)=O)C4(C)C)[C@@H](CCC(N)=O)[C@]3(C)CC(N)=O)[C@@H](CCC(N)=O)[C@]2(C)CC(N)=O,3.6165086e-06
C[C@@H](N)Cc1ccc(O)cc1,0.017882397
CCN(CCO)CCCC(C)Nc1ccnc2cc(Cl)ccc12,0.08207829
O=c1[nH]ccc2c(S(=O)(=O)N3CCCNCC3)cccc12,0.0030406525
CC(=O)[C@@]1(O)CC[C@H]2[C@@H]3CCC4=CC(=O)CC[C@]4(C)[C@H]3CC[C@@]21C,0.0007320766
CC(=O)O[C@]1(C(C)=O)CC[C@H]2[C@@H]3CCC4=CC(=O)CC[C@]4(C)[C@H]3CC[C@@]21C,0.00092343974
C[C@@H](O)COC[C@H]1O[C@@H]2O[C@H]3[C@H](O)[C@@H](O)[C@@H](O[C@H]4[C@H](O)[C@@H](O)[C@@H](O[C@H]5[C@H](O)[C@@H](O)[C@@H](O[C@H]6[C@H](O)[C@@H](O)[C@@H](O[C@H]7[C@H](O)[C@@H](O)[C@@H](O[C@H]8[C@H](O)[C@@H](O)[C@@H](O[C@H]1[C@H](O)[C@H]2O)O[C@@H]8COC[C@@H](C)O)O[C@@H]7COC[C@@H](C)O)O[C@@H]6COC[C@@H](C)O)O[C@@H]5COC[C@@H](C)O)O[C@@H]4COC[C@@H](C)O)O[C@@H]3COC[C@@H](C)O,0.6874484
O=C(/C=C/c1ccc(O)cc1)[C@H]1C(=O)[C@H]([C@@H]2O[C@H](CO)[C@@H](O)[C@H](O)[C@H]2O)C(=O)[C@@](O)([C@@H]2O[C@H](CO)[C@@H](O)[C@H](O)[C@H]2O)C1=O,0.13289009
N=C(N)c1ccc(/C=C/c2ccc(C(=N)N)cc2O)cc1,0.5044756
Nc1c2c(nc3ccccc13)CCC[C@@H]2O,0.009209087
Cc1cccc(C(=O)O)c1O,0.006568613
NC(=O)NO,0.0031753408
OCCOCCN1CCN([C@@H](c2ccccc2)c2ccc(Cl)cc2)CC1,0.008329895
CN[C@H]1C[C@@H](N)[C@H](O)[C@@H](O[C@@H]2O[C@H](CO)[C@H](O)[C@@H]3O[C@@]4(O[C@H]23)O[C@H]([C@@H](N)CO)[C@H](O)[C@H](O)[C@H]4O)[C@@H]1O,0.0028441376
Cc1cc(=O)oc2cc(O)ccc12,0.009855453
C[C@H](CCC(=O)O)[C@H]1CC[C@H]2[C@@H]3C[C@H](O)[C@@H]4C[C@H](O)CC[C@]4(C)[C@H]3CC[C@]12C,0.03929871
CN1[C@@H]2CC[C@H]1C[C@@H](OC(=O)[C@H](CO)c1ccccc1)C2,0.0014975407
Cc1cc(O)c2c(=O)c3c(O)cc(O)c4c5c(O)cc(O)c6c(=O)c7c(O)cc(C)c8c1c2c(c34)c(c78)c65,0.9997423
O=c1c(O[C@@H]2O[C@H](CO)[C@@H](O)[C@H](O)[C@@H]2O)c(-c2ccc(O)c(O)c2)oc2cc(O)cc(O)c12,0.17876057
C=C1C(=O)C[C@H]2C[C@@H]3O[C@@]3(C)CC[C@@H]3O[C@@]3(C)C[C@@H](OC(C)=O)[C@H]1C2(C)C,0.015258112
O=c1nc[nH]c2nc[nH]c12,0.0052998806
O=C(O)c1ccc2c(c1)C(=O)N(c1cccc(Oc3ccc([N+](=O)[O-])cc3)c1)C2=O,0.1161737
CCNC(=O)C[C@@H]1N=C(c2ccc(Cl)cc2)c2cc(OC)ccc2-n2c(C)nnc21,0.03095545
COc1cc2c(cc1-c1c(C)noc1C)ncc1[nH]c(=O)n([C@H](C)c3ccccn3)c12,0.16646247
CCn1cc(-c2cccc(C(F)(F)F)c2)c2sc(C(=N)NC3CCS(=O)(=O)CC3)cc2c1=O,0.93836945
CCN(CC)CCNC(=O)c1ccc(I)cc1,0.004671544
CCN(CC)CCNC(=O)c1ccccc1I,0.004034922
CCC(=O)N1CCOc2c(cc(-c3ccc(OC)c(OC)c3)cc2OC[C@H]2CCCN(C)C2)C1,0.027567385
Cc1nc(-c2nc(-c3ccc(OC(F)(F)F)cc3)no2)nn1Cc1cccc(N2CCC(S(C)(=O)=O)CC2)c1,0.013553514
CNC(=O)[C@H]1O[C@@H](n2cnc3c(NCc4cccc(I)c4)ncnc32)[C@H](O)[C@@H]1O,0.008313644
CCCCCN(C)CCC(O)(P(=O)(O)O)P(=O)(O)O,1.7240269e-05
CC(C)n1nnc2cc(C(=O)O)ccc21,0.0020540827
O=C1CC[C@H](N2Cc3c(OCc4ccc(CN5CCOCC5)cc4)cccc3C2=O)C(=O)N1,0.0031013815
CC(C)(NC(=O)O[C@@H]1CN2CCC1CC2)c1csc(-c2ccc(F)cc2)n1,0.0027528964
CC(C)Cn1c(=O)n(C)c(=O)c2[nH]cnc21,0.0077004847
N[C@@H](C(=O)O)c1cc(=O)[nH]o1,0.0035514291
CCOP(=O)(Cc1ccc(C(=O)Nc2ccc(Br)cc2C#N)cc1)OCC,0.0012700453
C=CC(=O)N1CCC[C@@H](n2nc(-c3ccc(Oc4ccccc4)cc3)c3c(N)ncnc32)C1,0.073194034
CC(C)C(=O)c1c(C(C)C)nn2ccccc12,0.0016260048
CC(C)Cc1ccc([C@@H](C)C(=O)O)cc1,0.00890887
CC(C)Cc1ccc([C@H](C)C(=O)O)cc1,0.008567479
CC(C)Cc1ccc([C@@H](C)C(=O)OCc2ccccn2)cc1,0.036709893
CC(C)Cc1ccc([C@@H](C)C(=O)NO)cc1,0.017618207
CC(C)(N)C(=O)N[C@H](COCc1ccccc1)C(=O)N1CCC2(CC1)CN(S(C)(=O)=O)c1ccccc12,0.0011409227
CCCCCCCN(CC)CCC[C@@H](O)c1ccc(NS(C)(=O)=O)cc1,0.017408025
O=C(Nc1cnc(Cl)nc1)c1ccc(F)c(F)c1,0.07759953
O=C(Nc1ccc(Cl)nc1)c1ccc(Cl)cc1,0.00813399
O=C(Nc1ccc(S(=O)(=O)Nc2nccs2)cc1)C(c1ccccc1)c1ccccc1,0.0089500295
COc1ccc(-c2oc3c(CC=C(C)C)c(O[C@@H]4O[C@H](CO)[C@@H](O)[C@H](O)[C@H]4O)cc(O)c3c(=O)c2O[C@@H]2O[C@@H](C)[C@H](O)[C@@H](O)[C@H]2O)cc1,0.5087164
COc1ccc(-c2oc3c(CC=C(C)C)c(O)cc(O)c3c(=O)c2O)cc1,0.95832205
N=C(N)NCCC[C@@H](N)C(=O)N[C@@H](CCCNC(=N)N)C(=O)N1CCC[C@H]1C(=O)N1C[C@H](O)C[C@H]1C(=O)NCC(=O)N[C@@H](Cc1cccs1)C(=O)N[C@@H](CO)C(=O)N1Cc2ccccc2C[C@@H]1C(=O)N1[C@H](C(=O)N[C@@H](CCCNC(=N)N)C(=O)O)C[C@@H]2CCCC[C@@H]21,0.04685504
O=C1[C@H](Cc2ccc(O)cc2)N2C(=O)CCN(C(=O)NCc3ccccc3)[C@H]2CN1Cc1cccc2ccccc12,0.34555155
Cc1ccc(OC[C@@H](O)[C@H](C)NC(C)C)c2c1CCC2,0.012548618
N=C(NCC(F)(F)F)Nc1ccn(CCCCC(N)=O)n1,0.025342364
CN(C)CCSc1nc2ccccc2cc1-c1ccccc1,0.07675032
O=C(O)CCC/C=C\C[C@@H]1CO[C@H](C(F)(F)F)O[C@@H]1c1ccccc1O,0.014970926
O=C(O)CC/C=C\C[C@@H]1CO[C@H](c2ccccc2Cl)O[C@@H]1c1ccccc1O,0.0070655616
CN(C(=O)Cc1ccc(Cl)c(Cl)c1)[C@H](CN1CCCC1)c1ccccc1,0.20762599
O=C(O)COc1ccc(OCCNC[C@H](O)COc2ccccc2)cc1,0.0038319395
CCCn1c(=O)c(C)cn2nc(N)nc12,0.01024177
N#Cc1ccccc1OC[C@@H](O)CNCCNC(=O)Nc1ccccc1,0.0012196521
O=C1NC(c2cccc([N+](=O)[O-])c2)=CCN1c1ccccc1O,0.016771968
COc1cc(Cc2cnc(N)nc2N)c2c(c1OC)O[C@H](C1CC1)C=C2,0.15881467
CCCCC[C@H](O)/C=C/C=C\C/C=C\C/C=C\CCCC(=O)O,0.0046026087
CC/C=C\C/C=C\C/C=C\C/C=C\C/C=C\CCCC(=O)O,0.0068721073
C#Cc1cccc(Nc2ncnc3cc4c(cc23)OCCOCCOCCO4)c1,0.0069171307
Cc1cc(/C=C2\SC(=O)N(c3ccccc3)C2=O)c(C)n1-c1cccnc1,0.98633367
COc1cc(OC)c(/C=C2/C(=O)Nc3ccccc32)c(OC)c1,0.009911733
C[C@@H]([C@H](C)O)[C@H](N)C(=O)O,0.0043537626
COc1ccc(-n2c(C)c([N+](=O)[O-])c3ccc(O)cc32)cc1,0.95522386
Fc1ccc2c(CCNCc3cccc(OCC(F)(F)C(F)F)c3)c[nH]c2c1,0.744177
CC(=O)[C@]1(O)Cc2c(O)c3c(c(O)c2[C@@H](O[C@H]2C[C@H](N)[C@H](O)[C@H](C)O2)C1)C(=O)c1ccccc1C3=O,0.9596348
COc1cc(C(=O)O)ccc1NC(=O)[C@@H]1N[C@@H](CC(C)(C)C)[C@](C#N)(c2ccc(Cl)cc2F)[C@H]1c1cccc(Cl)c1F,0.99360067
c1ccc2c(c1)OC[C@H](C1=NCCN1)O2,0.0028591892
COC1=C(OC)C(=O)C(CCCCCCCCCCO)=C(C)C1=O,0.0035582813
CC[C@H](Nc1ncnc2nc[nH]c12)c1nc2cccc(F)c2c(=O)n1-c1ccccc1,0.4135169
CN1CCN(C(=O)COc2ccc(C34CC5CC(CC(C5)C3)C4)cc2)CC1,0.0077550597
Cc1cc([C@H](C)Nc2nccc(N3C(=O)OC[C@@H]3[C@H](C)F)n2)ncc1-c1ccnc(C(F)(F)F)c1,0.9072622
O=c1[nH]c(=O)n([C@H]2C[C@H](O)[C@@H](CO)O2)cc1I,0.46539235
Nc1nonc1/C(=N\c1ccc(F)c(Cl)c1)NO,0.19060117
C[C@H]1Nc2ccc(Cl)cc2S(=O)(=O)N1,0.0038147583
O=C1[C@@H]2C[C@@H]3C[C@H]1C[C@@](O)(C3)C2,0.0016914472
Oc1ccc(C2=Cc3ccc(O)cc3OC2)cc1,0.01207982
C[N+](C)(C)CCCCCNCC12CC3CC(CC(C3)C1)C2,0.021164313
NCCCCCNCC12CC3CC(CC(C3)C1)C2,0.035418615
C[C@@H]([C@H](O)c1ccc(O)cc1)N1CCC(Cc2ccccc2)CC1,0.065166324
O=[P@]1(NCCCl)OCCCN1CCCl,0.00040055707
CCC(C/C=C/c1ccccc1)(c1ccccc1)N(C)CC1CC1,0.18997353
CS(=O)(=O)Nc1cc2occ(NC=O)c(=O)c2cc1Oc1ccccc1,0.13426593
O=C(c1ccc(Nc2nccc(-c3cc4ccccc4s3)n2)cc1)N1CCC(N2CCCC2)CC1,0.066627964
NC(=O)c1sc(-c2ccsc2)cc1N,0.009533902
O=C(Nc1cc(C(F)(F)F)cc(C(F)(F)F)c1)c1cc(Cl)ccc1O,0.62837446
COc1ccnc(C[S@@](=O)c2nc3ccc(-n4cccc4)cc3[nH]2)c1C,0.91231287
O=C(/C=C/c1ccc2c(c1)OCO2)N1CCCCC1,0.0030028906
CNC(=O)[C@H](Cc1c[nH]c2ccccc12)NC(=O)[C@@H](CC(=O)NO)CC(C)C,0.00643235
COc1cc(C(C)=O)ccc1OCCCN1CCC(c2noc3cc(F)ccc23)CC1,0.0083256345
CC#CC[C@@H](C)[C@H](O)/C=C/[C@@H]1[C@H]2C/C(=C/CCCC(=O)O)C[C@H]2C[C@H]1O,0.00167859
Cc1ccc(NC(=O)c2ccc(CN3CCN(C)CC3)cc2)cc1Nc1nccc(-c2cccnc2)n1,0.2672712
O=C1CCC(c2ccc(-n3ccnc3)cc2)=NN1,0.0070203
C[C@@H]1N=C(N)N=C(N(C)C)N1,0.0014198845
N=C(N)SCCc1cnc[nH]1,0.007474161
NC1=NC(=O)N2C[C@@H]12,0.0035132072
O=[N+]([O-])N=C1NCCN1Cc1ccc(Cl)nc1,0.011831314
Cc1nccn1CCC(C(N)=O)(c1ccccc1)c1ccccc1,0.01770806
CCOC(=O)[C@H](CCc1ccccc1)N[C@@H](C)C(=O)N1C(=O)N(C)C[C@H]1C(=O)O,0.016566021
CCN(CC)CCNc1ccc2ncn3c4ccc(O)cc4c(=O)c1c23,0.21894251
O=C(NCNC(=O)N[C@H]1C(=O)NC(=O)N1CO)N[C@H]1C(=O)NC(=O)N1CO,0.0024920164
CCn1ccnc1C[C@H]1COc2ccccc2O1,0.025435528
C[C@@H](O)[C@H]1C(=O)N2C(C(=O)O)=C(SCCNC=N)C[C@H]12,0.8804394
CN(C)CCCN1c2ccccc2CCc2ccccc21,0.0057120486
CC(C)Cn1cnc2c(N)nc3ccccc3c21,0.051212247
O=C1NC(=O)C2(N1)c1cc(F)ccc1-c1ccc(F)cc12,0.01910765
[Cl][Mn]123([Cl])[N]4CC[N]1[C@@H]1CCCC[C@H]1[N]2Cc1cccc(n1)C[N]3[C@@H]1CCCC[C@H]14,0.002996573
c1ncc(CC2CCNCC2)[nH]1,0.012806352
c1cc(Cc2cnc[nH]2)ccn1,0.0389223
NCCCCCc1cnc[nH]1,0.014415869
N[C@@H](Cc1ccc(O)cc1)C(=O)NCC(=O)NCC(=O)O,0.0020153096
CO[C@@H]1[C@H](O[P@@](=O)(S)OC[C@H]2O[C@@H](n3cnc4c(N)ncnc43)C[C@@H]2O)[C@@H](CO)O[C@H]1n1ccc(=O)[nH]c1=O,0.0009475319
CO[C@@H]1[C@H](O[P@@](=O)(OC[C@H]2O[C@@H](n3cnc4c(N)ncnc43)C[C@@H]2O)SCOC(=O)OC(C)C)[C@@H](CO)O[C@H]1n1ccc(=O)[nH]c1=O,0.0006545113
CNC(=O)c1ccc(-c2cnc3ncc(Cc4ccc5ncccc5c4)n3n2)cc1F,0.07854671
O=C1C=CC(=O)C2=C1C1c3ccccc3C2c2ccccc21,0.11142513
COc1ccc(C2(O)CCC(N3CC[C@@H](NC(=O)CNC(=O)c4cccc(C(F)(F)F)c4)C3)CC2)cn1,0.0018603703
CN1C(=O)C(C)(C)Oc2c(-c3cn(C)c(O)c4nccc3-4)cc(S(C)(=O)=O)cc21,0.0011818762
COc1ccc([C@]2(O)CC[C@H](N3CC[C@@H](NC(=O)CNC(=O)c4cccc(C(F)(F)F)c4)C3)CC2)cn1,0.0014399902
NC(=O)[C@@H]1C(=O)C[C@@H]2C[C@@H]3Cc4cccc(O)c4C(=O)[C@@H]3C(=O)[C@]2(O)C1=O,0.007146973
CCc1cc2c(cc1CC)CC(NC[C@H](O)c1ccc(O)c3[nH]c(=O)ccc13)C2,0.5615192
c1ccc2c(CCC3CCNCC3)c[nH]c2c1,0.04141685
C[C@H]1Cc2ccccc2N1NC(=O)c1ccc(Cl)c(S(N)(=O)=O)c1,0.0034735778
CN[C@@H]1C[C@@H](c2ccc(Cl)c(Cl)c2)c2ccccc21,0.17899089
COc1ccc(S(=O)(=O)n2cc(CCC(=O)O)c3cc(OC)ccc32)cc1,0.0013024657
C1=Cc2cccc(OC[C@H]3CNCCO3)c2C1,0.006421181
O=C(Nc1ccncc1)C(=O)c1cn(Cc2ccc(Cl)cc2)c2ccccc12,0.8604356
CC(C)(C)NC(=O)[C@@H]1CN(Cc2cccnc2)CCN1C[C@@H](O)C[C@@H](Cc1ccccc1)C(=O)N[C@H]1c2ccccc2C[C@H]1O,0.02502269
CC(=O)N(C)c1cccc(-c2ccnc3c(C(=O)c4cccs4)cnn23)c1,0.031496085
O=C1Nc2ccccc2/C1=C1/Nc2ccccc2C1=O,0.022860227
O=C1Nc2ccccc2/C1=C1Nc2ccccc2C/1=N\O,0.20676394
NS(=O)(=O)c1ccc(S(=O)(=O)Nc2cccc3c(Cl)c[nH]c23)cc1,0.0024349238
CC(C)O,0.005789678
CC(C)[O][In]([O]C(C)C)[O]C(C)C,0.009620636
CC[C@@H](C(=O)O)c1ccc(N2Cc3ccccc3C2=O)cc1,0.004499802
CC1(C)C(/C=C/C=C/C=C/C=C2/N(CCCCS(=O)(=O)O)c3ccc4ccccc4c3C2(C)C)=[N+](CCCCS(=O)(=O)O)c2ccc3ccccc3c21,0.00020782601
OCc1c[nH]c2ccccc12,0.011032242
O=C(O)C(O)=Cc1c[nH]c2ccccc12,0.08058404
COc1ccc2c(c1)c(CC(=O)O)c(C)n2C(=O)c1ccc(Cl)cc1,0.014044551
C[C@@H](C(=O)O)c1ccc(N2Cc3ccccc3C2=O)cc1,0.0037577602
O=C(NC1CCN(CCc2c[nH]c3ccccc23)CC1)c1ccccc1,0.018508974
Cn1cc(C[C@@H](N)C(=O)O)c2ccccc21,0.0041574915
CC1=C[C@]23C(=O)[C@@H](C=C(CO)[C@@H](O)[C@]2(O)[C@H]1O)[C@H]1[C@@H](C[C@H]3C)C1(C)C,0.0011641107
C/C=C(/C)C(=O)O[C@H]1C(C)=C[C@]23C(=O)[C@@H](C=C(CO)[C@@H](O)[C@]12O)[C@H]1[C@@H](C[C@H]3C)C1(C)C,0.001250353
Cc1ccc(-c2csc(NC(=O)c3ccccc3)n2)c(C)c1,0.046736874
CSC[C@H]1CN(/N=C/c2ccc([N+](=O)[O-])o2)C(=O)O1,0.97007126
NC(=O)c1ccc(I)c([N+](=O)[O-])c1,0.019406786
O=c1nc[nH]c2c1ncn2[C@@H]1O[C@H](CO)[C@@H](O)[C@H]1O,0.0037981668
O[C@H]1[C@H](O)[C@@H](O)[C@H](O)[C@@H](O)[C@H]1O,0.0023488007
O=C(O[C@H]1[C@H](OC(=O)c2cccnc2)[C@@H](OC(=O)c2cccnc2)[C@H](OC(=O)c2cccnc2)[C@@H](OC(=O)c2cccnc2)[C@H]1OC(=O)c1cccnc1)c1cccnc1,0.2078074
O=c1ccn([C@@H]2O[C@H](COP(=O)(O)OP(=O)(O)OP(=O)(O)O)[C@H](O)[C@H]2O)c(=O)[nH]1,3.3932515e-06
CC[C@H]1[C@@H](O)[C@@H]2[C@H](CC[C@]3(C)[C@@H]([C@H](C)CCC(=O)O)CC[C@@H]23)[C@@]2(C)CC[C@@H](O)C[C@@H]12,0.111678615
CC[C@H]1[C@@H](O)[C@@H]2[C@H](CC[C@]3(C)[C@@H]([C@H](C)CCOS(=O)(=O)O)CC[C@@H]23)[C@@]2(C)CC[C@@H](O)C[C@@H]12,0.032874282
Cc1cc(C)n(-c2cccc([C@H](CC(=O)O)CN3CC[C@@H](CCc4ccc5c(n4)NCCC5)C3)c2)n1,0.04287529
COc1nc(N)nc2c1ncn2[C@@H]1O[C@H](CO[P@@](=O)(N[C@@H](C)C(=O)OCC(C)(C)C)Oc2cccc3ccccc23)[C@@H](O)[C@@]1(C)O,0.000121469944
N=C(N)NCc1cccc(I)c1,0.020713273
CC(=O)N(C[C@H](C)C(=O)O)c1c(I)cc(I)c(N)c1I,0.01913149
O=C(CCCCC(=O)Nc1c(I)cc(I)c(C(=O)O)c1I)Nc1c(I)cc(I)c(C(=O)O)c1I,0.06303503
CC(=O)N(CC(O)CN(C(C)=O)c1c(I)c(C(=O)NC[C@@H](O)CO)c(I)c(C(=O)NC[C@@H](O)CO)c1I)c1c(I)c(C(=O)NC[C@@H](O)CO)c(I)c(C(=O)NC[C@@H](O)CO)c1I,0.00012343389
Cc1c(I)c(=O)n(-c2ccccc2)n1C,0.011058907
O=C1CC[C@](c2ccccc2)(C2CCN(Cc3ccc(I)cc3)CC2)C(=O)N1,0.0010241405
N=C(NCCc1ccc(I)cc1)SCCCc1cnc[nH]1,0.021860259
Oc1c(I)cc(I)c2cccnc12,0.028819786
CC(=O)N(C[C@@H](O)CO)c1c(I)c(C(=O)NC[C@@H](O)CO)c(I)c(C(=O)NC[C@@H](O)CO)c1I,0.00042708797
C[C@H](O)C(=O)Nc1c(I)c(C(=O)NC(CO)CO)c(I)c(C(=O)NC(CO)CO)c1I,0.001837194
CC[C@@H](Cc1c(I)cc(I)c(N)c1I)C(=O)O,0.020685825
CN(C)/C=N/c1c(I)cc(I)c(CCC(=O)O)c1I,0.006355793
COCC(=O)Nc1c(I)c(C(=O)NC[C@@H](O)CO)c(I)c(C(=O)N(C)C[C@@H](O)CO)c1I,0.0006741259
CNC(=O)c1c(I)c(NC(C)=O)c(I)c(C(=O)O)c1I,0.007057066
O=C(NC[C@@H](O)CO)c1c(I)c(C(=O)NC[C@@H](O)CO)c(I)c(N(CCO)C(=O)CO)c1I,0.00036246976
O=C(NCc1ccc(Oc2ccccc2)cc1)c1nc(-c2cc(Br)c(O)c(Br)c2)no1,0.23919596
CNC(=O)c1c(I)c(C(=O)NCC(=O)Nc2c(I)c(C(=O)O)c(I)c(C(=O)NCCO)c2I)c(I)c(N(C)C(C)=O)c1I,0.0064852363
CC(=O)N(C[C@@H](O)CO)c1c(I)c(C(=O)NCCO)c(I)c(C(=O)NC[C@@H](O)CO)c1I,0.00060576794
O=C(O)c1ccc(O)c2ncccc12,0.005655056
O=C(O)CNC(=O)c1c(O)c2ccccc2n(Cc2ccccc2)c1=O,0.12707351
Oc1ccc2ccccc2c1SSc1c(O)ccc2ccccc12,0.9811187
N=C(Nc1ccc(I)cc1)NC1C2CC3CC(C2)CC1C3,0.2516532
Nc1c2c(nc3c1CCC3)CCCC2,0.010129312
C[C@H](NC(=O)c1c(N)nn2cccnc12)c1cc2cccc(C#Cc3cnn(C)c3)c2c(=O)n1-c1ccccc1,0.32045305
OC[C@H]1O[C@@H](c2ccc(F)c(Cc3cc4ccccc4s3)c2)[C@H](O)[C@@H](O)[C@@H]1O,0.19131283
CC(C)Oc1ccc2c(=O)c(-c3ccccc3)coc2c1,0.12730226
CC(C)NNC(=O)c1ccncc1,0.0046863575
O=C1c2ccccc2S(=O)(=O)N1CCCCN1CCN(c2ncccn2)CC1,0.00045473923
CCCCC1=NC2(CCCC2)C(=O)N1Cc1ccc(-c2ccccc2-c2nn[nH]n2)cc1,0.0020196086
CC(C)(C)c1cc(CCC(=O)OCC(COC(=O)CCc2cc(C(C)(C)C)c(O)c(C(C)(C)C)c2)(COC(=O)CCc2cc(C(C)(C)C)c(O)c(C(C)(C)C)c2)COC(=O)CCc2cc(C(C)(C)C)c(O)c(C(C)(C)C)c2)cc(C(C)(C)C)c1O,0.01970906
N=C(N)NCCC[C@@H]1NC(=O)[C@@H](N)CSSC[C@@H](C(=O)O)NC(=O)[C@H](CC(=O)O)NC(=O)[C@@H]2CCCN2C(=O)CNC(=O)[C@H](CCCCN)NC(=O)[C@H](CC(=O)O)NC(=O)CNC1=O,0.040422805
CCc1c2c(nc3ccc(OC(=O)N4CCC(N5CCCCC5)CC4)cc13)-c1cc3c(c(=O)n1C2)COC(=O)[C@]3(O)CC,0.018609038
Cc1cc(C)cc(C(=O)N(C)[C@H](Cc2ccc(-c3ccccc3)cc2)C(=O)N[C@@H](Cc2c[nH]c3ccccc23)C(=O)O)c1,0.7647411
NS(=O)(=O)Oc1ccc2c3c(c(=O)oc2c1)CCCCC3,0.001587752
Nc1nc(N)nc(-c2cc(Cl)ccc2Cl)n1,0.18298084
CC(C)NC[C@@H](O)COc1ccccc1-n1cccc1,0.014517311
C[C@@H](c1nc(-c2ccc(C#N)cc2)cs1)[C@@](O)(Cn1cncn1)c1cc(F)ccc1F,0.0049025873
CC(C)Nc1ncccn1,0.008475307
CC(C)Cn1cnc2c1c(=O)n(C)c(=O)n2C,0.0054318304
CN[C@@H]1[C@@H](O)[C@@H](O[C@@H]2[C@@H](O)[C@H](O[C@H]3O[C@H](CN)[C@@H](O)[C@H](O)[C@H]3O)[C@@H](N)C[C@H]2NC(=O)[C@@H](O)CN)OC[C@]1(C)O,0.004485326
COC(=O)C[C@H]1CC(c2ccc(O)cc2)=NO1,0.0054133683
CC(C)COC(=O)c1ccc(N)cc1,0.0041722767
CC(C)C(N)=O,0.0025383604
Cc1cc(C(=O)NNCc2ccccc2)no1,0.008205497
Clc1ccc([C@@H](Cn2ccnc2)OCc2c(Cl)cccc2Cl)c(Cl)c1,0.9714508
O=C(O)CCCN1C(=O)c2cccc3cccc(c23)C1=O,0.0010650114
CC[C@@H](NC(C)C)[C@@H](O)c1ccc(O)c(O)c1,0.022958912
CC(C)c1ccc2c(c1)[C@H](N1CCN(CCO)CC1)Cc1ccc(F)cc1S2,0.854243
CC(=O)OCC(=O)[C@@]1(O)CC[C@H]2[C@@H]3CCC4=CC(=O)C=C[C@]4(C)[C@@]3(F)[C@@H](O)C[C@@]21C,5.6264427e-05
FC(F)O[C@@H](Cl)C(F)(F)F,0.70711845
CC(C)OP(=O)(F)OC(C)C,0.0010896708
O=C(O)C1=CCNCC1,0.0031689345
CC[C@@H](C)[C@@H](N)C(=O)O,0.0055546644
O=C(/C=C/c1ccc(O)cc1)c1ccc(O)cc1O,0.013139301
CN[C@@H](C)CCC=C(C)C,0.013440041
NNC(=O)c1ccncc1,0.0069244495
COc1ccc(/C=C/C(=O)OCCC(C)C)cc1,0.013898575
CC(C)NC[C@@H](O)c1ccc(O)c(O)c1,0.0049628033
CC(C)[N+](C)(CCC(C(N)=O)(c1ccccc1)c1ccccc1)C(C)C,0.008860582
CCCCCCCCCCCCCC(=O)OC(C)C,0.10282164
CCCCCCCCCCCCCCCC(=O)OC(C)C,0.22240265
O=c1c(O[C@@H]2O[C@H](CO)[C@@H](O)[C@H](O)[C@H]2O)c(-c2ccc(O)c(O)c2)oc2cc(O)cc(O)c12,0.18106802
COc1cc2c(cc1OC)[C@H](C)NCC2,0.005722523
O[C@@H]1CO[C@H]2[C@@H]1OC[C@@H]2O,0.003422979
O=[N+]([O-])O[C@H]1CO[C@H]2[C@@H]1OC[C@H]2O[N+](=O)[O-],0.0450748
O=[N+]([O-])O[C@@H]1CO[C@H]2[C@@H]1OC[C@@H]2O,0.00703233
C[C@@]12CC[C@@H]3[C@@](CC[C@H]4[C@@]3(C)CCC[C@@]4(C)C(=O)O)(CC1=O)C2,0.0012178968
Cc1ccnc2c1CCC[C@H]2C(N)=S,0.0046994938
CC1=C(/C=C/C(C)=C/C=C/C(C)=C\C(=O)O)C(C)(C)CCC1,0.024641488
CC(C)CC(N)=O,0.004316161
O=C(O)Cc1ccc2c(c1)C(=O)c1ccccc1CO2,0.0059034326
Cc1cc(NC(=O)C2=C(O)c3ccccc3S(=O)(=O)N2C)no1,0.0026118238
C[C@@H](COc1ccccc1)N[C@H](C)[C@@H](O)c1ccc(O)cc1,0.073232114
Cc1ccc(C(=O)N(CCCN)[C@@H](c2nc3cc(Cl)ccc3c(=O)n2Cc2ccccc2)C(C)C)cc1,0.61221266
COC(=O)C1=C(C)NC(C)=C(C(=O)OC(C)C)[C@@H]1c1cccc2nonc12,0.0027449592
O=C(COc1ccc(Cl)cc1)N[C@H]1CC[C@H](NC(=O)COc2ccc(Cl)cc2)CC1,0.012253533
C[C@]12CC/C(=N\OCCN)C[C@@H]1C(=O)C[C@@H]1[C@@H]2CC[C@]2(C)C(=O)CC[C@@H]12,0.0021643394
CCn1c(=O)c2c(nc(/C=C/c3ccc(OC)c(OC)c3)n2C)n(CC)c1=O,0.038321324
O=C(NC1CC1)c1cc(-c2cccs2)on1,0.0050125145
N#CCC1(n2cc(-c3ncnc4[nH]ccc34)cn2)CN(C2CCN(C(=O)c3ccnc(C(F)(F)F)c3F)CC2)C1,0.39355627
CCOC(=O)C1=C(C)NC2=C(C(=O)CC(C)(C)C2)[C@@H]1c1ccc(-c2ccccc2)cc1,0.13157856
COC(=O)c1csc(C(=O)c2c[nH]c3ccccc23)n1,0.10460644
CN1C(=O)c2c(nn(Cc3ccc(-c4cccc(F)n4)cc3)c2Nc2ccccc2)N2C1=N[C@@H]1CCC[C@@H]12,0.5069085
COc1ccc(C(=O)NCc2ccc(OCCN(C)C)cc2)cc1OC,0.007632474
CC[C@H](C)n1ncn(-c2ccc(N3CCN(c4ccc(OC[C@H]5CO[C@](Cn6cncn6)(c6ccc(Cl)cc6Cl)O5)cc4)CC3)cc2)c1=O,0.29312092
Cc1cc(/C=c2/sc3nc4ccccc4n3c2=O)c(C)n1-c1ccccc1,0.9332705
COc1c(NC(=O)C(=O)c2ccc(OCCN3CCOCC3)c3ccccc23)cc(C(C)(C)C)cc1NS(C)(=O)=O,0.07239395
CC1(C)CN2C(CS/C(=N/C3CCCCC3)NC3CCCCC3)=CSC2=N1,0.9335804
Cc1cc(C(=O)CN2CCCC2)c(C)n1-c1ccc(F)cc1,0.026671221
COc1cc2c(cc1OC)CC(=O)N(CCCN(C)C[C@H]1Cc3cc(OC)c(OC)cc31)CC2,0.009536716
CC(C)(C)c1cc(C(C)(C)C)c(NC(=O)c2c[nH]c3ccccc3c2=O)cc1O,0.4584897
CC[C@H](C)[C@H]1O[C@]2(CC[C@@H]1C)C[C@@H]1C[C@@H](C/C=C(\C)[C@@H](O[C@H]3C[C@H](OC)[C@@H](O[C@H]4C[C@H](OC)[C@@H](O)[C@H](C)O4)[C@H](C)O3)[C@@H](C)/C=C/C=C3\CO[C@@H]4[C@H](O)C(C)=C[C@@H](C(=O)O1)[C@]34O)O2,0.8688939
N#Cc1ccnc(N2C(=O)CC[C@H]2C(=O)N(c2cncc(F)c2)[C@H](C(=O)NC2CC(F)(F)C2)c2ccccc2Cl)c1,0.17470786
O=C(CSc1nc2c(c(=O)n1-c1ccccc1)SCC2)Nc1ccc(-c2ccccc2)cn1,0.9824322
C/C(=C\c1csc(C)n1)[C@@H]1C[C@@H]2O[C@]2(C)CCC[C@H](C)[C@H](O)[C@@H](C)C(=O)C(C)(C)[C@@H](O)CC(=O)N1,0.014642079
CC(C)C[C@H](NC(=O)CNC(=O)c1cc(Cl)ccc1Cl)B(O)O,0.04281178
CC(C)C[C@H](NC(=O)CNC(=O)c1cc(Cl)ccc1Cl)B1OC(=O)C[C@](CC(=O)O)(C(=O)O)O1,0.0014527618
C=CC(=O)c1ccc2ccccc2c1,0.015016242
CC(C)[C@H](/N=C(/NS(=O)(=O)c1ccc(Cl)cc1)N1C[C@H](c2ccccc2)C(c2ccc(Cl)cc2)=N1)C(N)=O,0.2465531
CC(C)[C@@H](CN1CC[C@@](C)(c2cccc(O)c2)[C@@H](C)C1)NC(=O)[C@H]1Cc2ccc(O)cc2CN1,0.20489965
CCCCN1[C@@H]2CC[C@H]1C[C@@H](OC(c1ccc(F)cc1)c1ccc(F)cc1)C2,0.19247465
COc1ccc(Br)cc1NC(=O)Nc1cccc2c1ccn2Cc1ccnc(N)c1,0.61325854
Clc1ccc(N/N=C(\c2ccccc2)c2ccccn2)nc1,0.2623095
CCOc1ccc(Nc2nc(-c3c(C)nc4ccccn34)cs2)cc1,0.38002962
COc1oc(=O)c2cc(N)ccc2c1Cl,0.033016488
CN1CCN(C(=O)c2nc3ccc(Cl)cc3[nH]2)CC1,0.017790368
CC1(C)OC[C@H](NC(=O)Nc2ccc(Br)cc2Br)[C@H](c2ccccc2)O1,0.44780302
CO[C@H]1CC[C@@H](C(=O)c2ccc3nc4c(cc3c2)CCCO4)CC1,0.0047022067
O=C(Nc1ccccc1)N1CCN(c2nc(-c3ccccc3)ns2)CC1,0.0049020196
O=C(Nc1ccc(C(F)(F)F)cn1)N1CCN(c2ncccc2C(F)(F)F)CC1,0.072238795
Cn1cc(CNCC2CCN(c3ncc(C(=O)NO)cn3)CC2)c2ccccc21,0.011722151
NS(=O)(=O)NCc1csc2ccccc12,0.0015177346
CC[C@@H](c1ccc(F)c(F)c1)n1c(C(=O)OC)c(-c2ccno2)[nH]c1=S,0.9401131
Fc1ccc(CN2CCC(Nc3ccc(C(F)(F)F)nn3)CC2)cc1F,0.8683969
Cn1cc(-c2ccc3nnc(C(F)(F)c4ccc5ncccc5c4)n3n2)cn1,0.0070381723
FC(F)(c1ccc2ncccc2c1)c1nnc2ccc(-c3ccncc3)nn12,0.010986295
CC(C)c1cc(N2CC[C@@H](N)C2)nc(N)n1,0.009043296
CCCCn1ccc(N2CCC(c3ccccc3)CC2)c(Cl)c1=O,0.5993436
O=C(O)c1cnn(-c2nc3cc(Cl)c(OC(F)(F)F)cc3[nH]2)c1,0.06341607
O=C(Nc1cnccc1Cl)N1CCN(Cc2ccc3c(c2)OC(F)(F)O3)CC1,0.0046565593
O=C(NCC1(N2CCN(c3ccccc3)CC2)CCOCC1)c1cccnc1Sc1ccccc1,0.031510334
C[C@@H]1c2nnn(-c3ncc(F)cn3)c2CCN1C(=O)c1cccc(C(F)(F)F)c1Cl,0.16836618
C[C@H](NC(=O)CNC(=O)c1cccc(Cl)c1)c1ccccc1,0.01221752
Nc1nc2cc(CC[C@H]3C[C@@H](n4ccc5c(N)ncnc54)[C@H](O)[C@@H]3O)ccc2cc1Br,0.0895067
CS(=O)(=O)CCCn1c(Cn2c(=O)n(CC(F)(F)F)c3ccncc32)cc2cc(Cl)ccc21,0.8628941
Nc1nc(Nc2ccc(S(N)(=O)=O)cc2)nn1C(=O)c1c(F)cccc1F,0.72977686
CN1CCN(C(=O)c2cc3cc(Cl)ccc3[nH]2)CC1,0.0094044125
CO[C@@H]1[C@@H](O[C@@H]2O[C@H](C)[C@@H](O[C@H]3C[C@@](C)(O)[C@@H](OC(=O)CC(C)C)[C@H](C)O3)[C@H](N(C)C)[C@H]2O)[C@@H](CC=O)C[C@@H](C)[C@@H](O)/C=C/C=C/C[C@@H](C)OC(=O)C[C@H]1OC(C)=O,0.30783674
Nc1cc(COc2c(Cl)cc(C[C@H](N)C(=O)O)cc2Cl)c2oc(-c3ccccc3)nc2c1,0.4256268
Cc1sc2c(c1C)C(c1ccc(Cl)cc1)=N[C@@H](CC(=O)OC(C)(C)C)c1nnc(C)n1-2,0.1671181
CCc1ccc(OCc2ccccc2C(=O)Nc2ccc3nc(C)cc(N)c3c2)cc1,0.7915833
Cc1nn(C)c2nc(NNC(=O)Nc3cc(Cl)nc(Cl)c3)cc(C(C)C)c12,0.26326942
CCOC(=O)[C@H](Cc1ccccc1)NC(=O)c1cc(Cl)c(OCCN2CCN(C)CC2)c(Cl)c1O,0.7488636
CCCCCOc1c(OC)ccc2cc(C(=O)NCc3ccc4c(c3)OCO4)c(=O)[nH]c12,0.07848927
COc1ccc(C2(CNC(=O)c3ccc(NC(=O)c4ccco4)cc3)CCOCC2)cc1,0.0101301195
O=C(OC(C(F)(F)F)C(F)(F)F)N1CCN(Cc2cccc(Oc3ccccc3)c2)CC1,0.9787975
O=C1Nc2ccccc2C12OCC1(CO2)COC2(OC1)C(=O)Nc1ccccc12,0.00056691165
COc1ccc(-n2c(SCc3nc(-c4ccc(C)cc4)no3)nnc2-c2ccncc2)cc1,0.12982541
COc1cc(SC)ccc1C(=O)N1CCC(Cc2ccccc2)CC1,0.04516696
O=C(Oc1ccc([N+](=O)[O-])cc1)N1CCC(C(O)(c2ccc3c(c2)OCO3)c2ccc3c(c2)OCO3)CC1,0.0047489977
O=C(Oc1ccc([N+](=O)[O-])cc1)N1CCN(Cc2cccc(Oc3ccccc3)c2)CC1,0.14461075
COc1cccc(/C=N/N(C(=O)C(F)(F)F)c2ccc(C)cc2C)c1,0.9791581
O=C(O)c1ccc(N[C@@H]2O[C@H](CO)[C@@H](O)[C@H](O)[C@@H]2O)cc1,0.0024199225
C=CC(=O)N1CCN(C(=O)CNc2cc(I)c(Cl)cc2O)CC1,0.035211638
O=C(CCCS)NC1CCN(C(=O)COc2ccc(Cl)cc2Cl)CC1,0.043814473
C[C@]12CC[C@H]3[C@@H](CC[C@]4(O)C[C@@H](O)CC[C@]34C=O)[C@@]1(O)CC[C@@H]2C1=CC(=O)OC1,0.00012597194
O=C(O)c1ccc(N[C@@H]2O[C@H](CO)[C@@H](O)[C@@H]2O)cc1,0.0025221235
CC(=O)NC1=NN(C(C)=O)[C@](C)(c2ccccc2)S1,0.015340883
O=c1c(O)c(-c2ccc(O)cc2)oc2cc(O)cc(O)c12,0.6236442
CC1(C)c2nc(-c3ccc(F)cc3)c(Nc3ccc(F)cc3)n2CCN1C(=O)CN,0.01673213
C=C(C)[C@H]1CN[C@H](C(=O)O)[C@H]1CC(=O)O,0.004321798
O=c1c(-c2ccc(O)cc2)coc2c([C@H]3O[C@H](CO)[C@@H](O)[C@H](O)[C@@H]3O)c(O)ccc12,0.080419816
NC[C@H]1O[C@H](O[C@H]2[C@H](O)[C@@H](O[C@H]3O[C@H](CO)[C@@H](O)[C@H](N)[C@H]3O)[C@H](N)C[C@@H]2N)[C@H](O)[C@@H](O)[C@@H]1O,0.0049983417
CC[C@@]1(O)C(=O)OCc2c1cc1n(c2=O)Cc2c-1nc1ccccc1c2CC[Si](C)(C)C,0.016203472
O=C(O)c1ccccc1C(=O)Nc1ccc(-c2ccccc2)cc1,0.01755715
C[C@H]1O[C@H](O[C@H]2[C@H](O)[C@@H](O)[C@@H](O)[C@H](O)[C@@H]2O)[C@@H](N)C[C@@H]1NC(=N)C(=O)O,0.037634175
N=C(N)SCCc1ccc(OCc2ccc([N+](=O)[O-])cc2)cc1,0.050878055
Nc1ncnc2c1c(-c1ccc(Cl)cc1)nn2-c1cccc(-c2cnnn2Cc2cccc(-c3ccccc3)c2)c1,0.6263357
O[C@@H]1[C@@H](O)[C@@H](O)O[C@@H]2CO[C@H](c3ccccc3)O[C@@H]12,0.004325444
CCCCCCCCCCCCCCOc1ccc(C(=O)O)o1,0.29622746
CC(C)NC(=O)COc1cccc(-c2nc(Nc3ccc4n[nH]cc4c3)c3ccccc3n2)c1,0.10550778
O=C1Cc2c([nH]c3ccc(Br)cc23)-c2ccccc2N1,0.017436652
O=C(c1ccc(F)cc1)C1CCN(CCn2c(=O)[nH]c3ccccc3c2=O)CC1,0.02296516
CC(=O)N1CCN(c2ccc(OC[C@@H]3CO[C@@](Cn4ccnc4)(c4ccc(Cl)cc4Cl)O3)cc2)CC1,0.24807703
C[C@H]1CCN1c1nc(N2C[C@@H]3[C@@H](CC(=O)O)[C@@H]3C2)cc(C(F)(F)F)n1,0.060231376
C[C@@H](C(=O)O)c1cccc(C(=O)c2ccccc2)c1,0.0027703794
O=C(c1ccccc1)c1ccc2n1CC[C@@H]2C(=O)O,0.0037221895
CN1CCC(=C2c3ccccc3C=C(O)c3sccc32)CC1,0.3770694
N#CCCCSC(=N)N,0.0032432047
COc1ccc([C@H]2CC(c3c(O)cc(C)oc3=O)=NCCS2)c(OC)c1,0.2789729
CSc1nc(N)cc(Oc2ccc(-c3nnc(Nc4cccc(C(F)(F)F)c4)[nH]3)cc2)n1,0.2280158
CCOC(=O)c1c(C(C#N)C=N)c2ccc(Cl)c(Cl)c2n1C,0.84116983
COc1c2occc2c(OC)c2c(=O)cc(C)oc12,0.006851171
CSc1ccccc1Nc1nc(N2CCNCC2)nc2c(NCC3CC3)ncnc12,0.036652397
CC(C)CNc1ccnc(NCc2csc(-c3ccccc3)n2)n1,0.05838097
Cc1noc(-c2ccc(CSCCC(=O)O)cc2)c1NC(=O)O[C@H](C)c1ccccc1Cl,0.031870287
COc1cc(Oc2ccnc3cc(OC)c(OC)cc23)ccc1NC(=O)N[C@@H](C)c1nccs1,0.0967505
COc1cc2nccc(Oc3ccc(NC(=O)Nc4ccc(F)cc4F)c(F)c3)c2cc1OC,0.9637091
O=C1N[C@@H]2[C@@H](O)[C@@H](O)[C@H](O)[C@@H](CO)N2C1=O,0.065792575
c1coc(CNc2ncnc3nc[nH]c23)c1,0.003673123
COC(=O)CCSCc1ccc(-c2onc(C)c2NC(=O)O[C@@H](C)c2ccccc2Cl)cc1,0.04291408
CS(=O)(=O)N(Cc1ccco1)C[C@@H](O)Cn1c2ccccc2c2ccccc21,0.009088404
CN(C)CCNC(=O)COc1c2cccc1Cc1cccc(c1OCC(=O)NCCN(C)C)Cc1cccc(c1OCC(=O)NCCN(C)C)Cc1cccc(c1OCC(=O)NCCN(C)C)C2,0.5579776
CC(C)(C)c1cc(/C=C2\CCOC2=O)cc(C(C)(C)C)c1O,0.0066735037
O=C(OC(C(F)(F)F)C(F)(F)F)N1CCC(C(O)(c2ccc3c(c2)OCO3)c2ccc3c(c2)OCO3)CC1,0.79234844
CN([C@@H](Cc1ccc(OS(=O)(=O)c2cccc3cnccc23)cc1)C(=O)N1CCN(c2ccccc2)CC1)S(=O)(=O)c1cccc2cnccc12,0.0041990145
COc1ccc(S(=O)(=O)N(CCO)c2ccccc2CN(C)C/C=C/c2ccc(Cl)cc2)cc1,0.021895269
COc1ccc2c3c([nH]c2c1)[C@H](CC(C)C)N1C(=O)[C@H](CCC(=O)OC(C)(C)C)NC(=O)[C@@H]1C3,0.060438845
NC1=NC(=O)N([C@H]2C[C@@H](O)[C@@H](CO)O2)CN1,0.0012027026
COc1cc(-c2ncn(/C=C\C(=O)OC(C)C)n2)cc(C(F)(F)F)c1,0.009285947
O=C(/C=C\n1cnc(-c2cc(C(F)(F)F)cc(C(F)(F)F)c2)n1)N1CC(F)(F)C1,0.07412184
Nc1ccc(/C=C/C(=O)NCc2cc3cc(-c4ccc(C(=O)N5CCC(F)(F)CC5)cc4)cc(-c4ccc(F)cc4)c3o2)cn1,0.39031827
O=C(CSc1ccc(Br)cc1)Nc1cn(CCc2ccccc2)nc1C(=O)O,0.3249515
COc1cc(N2CCN(C(C)=O)CC2)ccc1Nc1ncc(Cl)c(Nc2ccc(N3CCN(C(C)=O)CC3)cc2OC)n1,0.0475228
CCCNC(=O)Nc1ccc(Oc2ncnc3cc(OC)c(OC)cc23)cc1Cl,0.03269849
O=C(Nc1ccccc1C(=O)Nc1ccc(CCO)cc1)c1ccc([N+](=O)[O-])cc1,0.009004092
CCc1oc2ccccc2c1C(=O)c1ccc(OCC(=O)O)cc1,0.011753896
COc1ccc(-c2ccc3c(N4CCOCC4)nc(N4C[C@@H](C)O[C@@H](C)C4)nc3n2)cc1CO,0.080987215
O=c1cc(-c2cccc3c2Sc2ccccc2S3)oc(N2CCOCC2)c1,0.9939774
C[C@@H]1CN(CC(=O)Nc2ccc3c(c2)Cc2cccc(-c4cc(=O)cc(N5CCOCC5)o4)c2S3)C[C@H](C)O1,0.98310953
OC[C@H]1O[C@@H](Oc2cc3c(O)cc(O)cc3[o+]c2-c2ccc(O)c(O)c2)[C@H](O)[C@@H](O)[C@@H]1O,0.16094984
CC[C@@]1(c2ncc[nH]2)Cc2ccccc2O1,0.009492598
O=C(c1ccc(/C=C/c2[nH]nc3ccccc23)cc1)N1CCNCC1,0.015783554
CCc1c(O)cc(O)c(C(=O)c2ccc(OCCN3CCOCC3)c(OC)c2)c1CC(=O)N(CCOC)CCOC,0.071207516
CCCn1c(=O)c2[nH]c(C34C[C@@H]5C[C@@H](C[C@H]3C5)C4)nc2n(CCC)c1=O,0.028140185
O=C(Cc1ccc(-c2ccc(OCCN3CCOCC3)cc2)cn1)NCc1ccccc1,0.06567834
O=C(O)c1cc(=O)c2ccccc2[nH]1,0.015361641
COc1ccc(CCC(=O)Nc2nc3ccc(Cl)cc3s2)cc1OC,0.033701427
COc1cc(-c2cc(-c3cccc(O)c3)cnc2N)cc(OC)c1OC,0.10532607
CCCCOc1ccc(CC/C=C2\SC(=O)N(CCN)C2=O)cc1,0.119050555
C[C@@H]1O[C@@H](O)[C@H](O)[C@H](O)[C@H]1O,0.0047721486
C[C@H](N)C(=O)O,0.0022428797
N=C(N)NCCC[C@H](N)C(=O)O,0.0026013784
CCCCCCCCCCCCCCCC(=O)OC[C@H](O)[C@H]1OC(=O)C(=O)[C@@H]1O,0.32843658
NC(=O)C[C@H](N)C(=O)O,0.0011354777
N[C@@H](CC(=O)NO)C(=O)O,0.0013018437
N[C@@H](CC(=O)O)C(=O)O,0.0010700092
NC(=O)NCCC[C@H](N)C(=O)O,0.0011639728
N[C@@H](CS)C(=O)O,0.0029303548
N[C@@H](C[S@](=O)O)C(=O)O,0.0016506205
N[C@@H](CSSC[C@H](N)C(=O)O)C(=O)O,0.0017680184
C[N+](C)(C)[C@@H](Cc1c[nH]c(=S)[nH]1)C(=O)O,0.0053955726
N[C@@H](CCC(=O)O)C(=O)O,0.0008019659
NC(=O)CC[C@H](N)C(=O)O,0.0009896368
O=C(O)[C@@H]1C[C@@H](O)CN1,0.0023498477
Nc1ccccc1C(=O)C[C@H](N)C(=O)O,0.0021820134
CC(C)C[C@H](N)C(=O)O,0.0032622712
NCCCC[C@H](N)C(=O)O,0.002990718
CSCC[C@H](N)C(=O)O,0.0021960973
N[C@@H](CN1C=CC(=O)C(=O)C1)C(=O)O,0.0014466826
CN[C@@H](CCCNC(=N)N)C(=O)O,0.0029595399
COC(=O)[C@@H](N)CCCNC(N)=N[N+](=O)[O-],0.0014724972
CC(=N)NCCCC[C@H](N)C(=O)O,0.0029055441
C[C@H](Cc1ccccc1)Nc1ncnc2c1ncn2[C@@H]1O[C@H](CO)[C@@H](O)[C@H]1O,0.0037599106
O=C(O)[C@@H]1CCCN1,0.0028611314
N[C@@H](Cn1oc(=O)[nH]c1=O)C(=O)O,0.0125141945
CCNC(=O)CC[C@H](N)C(=O)O,0.0012722979
C[C@@H](O)[C@H](N)C(=O)O,0.0038691703
CC(C)[C@@H](N)C(=O)O,0.0031893828
CC1(C)CC(=O)C([C@@H]2C3=C(CC(C)(C)CC3=O)Oc3ccccc32)C(=O)C1,0.0031789837
CCCCc1nn(-c2ccccc2C(F)(F)F)c(=O)n1Cc1ccc(-c2ccccc2S(=O)(=O)NC(=O)c2sccc2C)cc1,0.9187398
CCCc1c(OCCCOc2ccc(OCC(=O)O)cc2)ccc(C(C)=O)c1O,0.016172891
CCCOc1ccc(Br)cc1-c1cc(-c2ccc(Cl)cc2)[nH]c1-c1ccncc1,0.78452075
Cc1cccc(NC(=O)N[C@@H]2N=C(c3ccccc3)c3ccccc3N(C)C2=O)c1,0.05196734
Cc1ccccc1N1CCN(S(=O)(=O)C[C@]23CC[C@H](C[C@@H]2NC(=O)[C@@H](N)CCS(C)(=O)=O)C3(C)C)CC1,0.0017899624
CCOC(=O)c1ncn2c1[C@@H]1CCCN1C(=O)c1cc(OC)ccc1-2,0.0031945824
Cc1c(CC(C)(C)C(=O)O)n(Cc2ccc(Cl)cc2)c2ccc(F)cc12,0.2119671
CS(=O)(=O)c1ccc(Cn2c3c(c4cc(F)cc(F)c42)CCC[C@@H]3CC(=O)O)cc1,0.5015703
O=C(Nc1ccccc1)N[C@H]1C[C@H](C(=O)O)Nc2cc(Cl)cc(Cl)c21,0.7039454
CC(Oc1ccc(O)cc1)(P(=O)(O)O)P(=O)(O)O,5.2719097e-05
c1ccc(CN2CCC3(CCc4ccccc43)CC2)cc1,0.010223023
CS(=O)(=O)Nc1ccc(Cc2noc(-c3ccc4[nH]cc(CCN)c4c3)n2)cc1,0.017477117
O=C(c1c(O)c2ccc(Cl)cc2[nH]c1=O)C1CC1,0.3104256
O=c1[nH]c2cc(Cl)ccc2c(O)c1-c1cccc(Oc2ccccc2)c1,0.9440926
CC(=O)N[C@H](Cc1c[nH]c2ccccc12)C(=O)OCc1cc(C(F)(F)F)cc(C(F)(F)F)c1,0.6060532
FC(F)(F)c1cc(CO[C@H]2CCCN[C@H]2c2ccccc2)cc(C(F)(F)F)c1,0.6601325
Cc1c(C2CCN(CCc3ccccc3)CC2)noc1-c1ccc(Cl)cc1,0.04367107
Clc1ccc(N2CCN(Cc3c[nH]c4ncccc34)CC2)cc1,0.039872173
CCCCCCNC(=O)Nc1ccc(S(=O)(=O)Nc2ccc(CCNC[C@H](O)COc3ccc(O)cc3)cc2)cc1,0.0137514165
C[C@@H](O[C@H]1OCCN(Cc2n[nH]nc2CN(C)C)[C@H]1c1ccc(F)cc1)c1cc(C(F)(F)F)cc(C(F)(F)F)c1,0.7275916
N#Cc1ccc(Cn2cncc2CN2CCN(c3cccc(Cl)c3)C(=O)C2)cc1,0.028610304
COc1ccc(Br)cc1S(=O)(=O)NC(=O)/C=C/c1ccccc1Cc1ccc2ccccc2c1,0.57715535
Cn1ncnc1COc1nn2c(-c3cc(F)ccc3F)nnc2cc1C(C)(C)C,0.01003974
C[C@@H](CCc1ccccc1)NC[C@@H](O)c1ccc(O)c(C(N)=O)c1,0.00717267
CCOC(=O)C1=C(C)NC(C)=C(C(=O)OCC)C1c1ccccc1/C=C/C(=O)OC(C)(C)C,0.32067654
OC[C@@H](O)[C@@H](O[C@@H]1O[C@H](CO)[C@H](O)[C@H](O)[C@H]1O)[C@H](O)[C@@H](O)CO,0.0006539676
OC[C@H]1O[C@@H](O[C@@H]2[C@@H](CO)O[C@](O)(CO)[C@H]2O)[C@H](O)[C@@H](O)[C@H]1O,0.0006770832
O=C(C[S@@](=O)Cc1ccco1)NC/C=C\COc1cc(CN2CCCCC2)ccn1,0.00697492
Nc1ccn([C@@H]2CS[C@H](CO)O2)c(=O)n1,0.0063784765
Nc1nnc(-c2cccc(Cl)c2Cl)c(N)n1,0.26888573
CC#Cc1cncc(-c2ccc3c(c2)[C@@]2(N=C(C)C(N)=N2)[C@]2(CC[C@H](OC)CC2)C3)c1,0.004258904
CC(=O)O[C@H]1C[C@H](O[C@H]2[C@@H](O)C[C@H](O[C@H]3[C@@H](O)C[C@H](O[C@H]4CC[C@@]5(C)[C@@H](CC[C@H]6[C@@H]5C[C@@H](O)[C@]5(C)[C@@H](C7=CC(=O)OC7)CC[C@]65O)C4)O[C@@H]3C)O[C@@H]2C)O[C@H](C)[C@H]1O[C@@H]1O[C@H](CO)[C@@H](O)[C@H](O)[C@H]1O,0.0020991885
CC1(C)OC[C@@H](COC(=O)CCc2ccc(OC[C@@H](O)CNCCNC(=O)N3CCOCC3)cc2)O1,0.0020388132
O=C(O)CCCc1cc2cc(Cl)ccc2n1S(=O)(=O)c1ccc2ncsc2c1,0.0019479332
N#C/C(=C1/SC[C@H](c2ccccc2Cl)S1)n1ccnc1,0.9407815
CS(=O)(=O)CCNCc1ccc(-c2ccc3ncnc(Nc4ccc(OCc5cccc(F)c5)c(Cl)c4)c3c2)o1,0.6822395
CCN1C[C@]2(OC(=O)c3ccccc3NC(C)=O)CC[C@H](OC)[C@@]34[C@@H]2C[C@@H]([C@@H]13)[C@@]1(O)C[C@H](OC)[C@H]2C[C@@H]4[C@]1(O)[C@H]2OC,0.0003918647
CCN(C(=O)c1c(O)c2c(Cl)cccc2n(C)c1=O)c1ccccc1,0.94384485
CC(C)C[C@H](NC(=O)[C@@H](NC(=O)CNC(=O)CN)C(C)C)C(=O)N[C@H](C(=O)N[C@@H](CCC(N)=O)C(=O)N1CCC[C@H]1C(=O)NCC(=O)O)C(C)C,0.00043360685
CS(=O)(=O)c1cc(F)cc2c3c(n(Cc4ccc(Cl)cc4)c12)[C@@H](CC(=O)O)CC3,0.043567166
O=C(Nc1cnn2ccc(N3CCC[C@@H]3c3cc(F)ccc3F)nc12)N1CC[C@H](O)C1,0.042202625
CC[C@@H](C(=O)[C@@H](C)[C@@H](O)[C@H](C)CCc1ccc(C)c(O)c1C(=O)O)[C@H]1O[C@](CC)([C@H]2CC[C@](O)(CC)[C@H](C)O2)C[C@@H]1C,0.41575283
CN1CCC(C(=O)c2cccc(NC(=O)c3c(F)cc(F)cc3F)n2)CC1,0.95114315
Oc1ccc2c(c1)CC[C@H](c1ccccc1)[C@@H]2c1ccc(OCCN2CCCC2)cc1,0.17160021
CC(C)OC(=O)CCC/C=C\C[C@@H]1[C@@H](CC[C@@H](O)CCc2ccccc2)[C@H](O)C[C@@H]1O,0.017179253
Cc1ccc2c(c1)c1c(n2CCc2ccc(C)nc2)CCN(C)C1,0.04333668
C/C1=C/C(=O)O[C@@H]2C[C@@H](CC[C@H](C)/C=C\CC1)O[C@@](O)([C@@H]1CSC(=O)N1)C2,0.0029642954
CCCCCCCCCCCC(=O)O,0.009990478
CCCCCCCCCCCC(=O)N(CCO)CCO,0.008738059
CCCCCCCCCCCCN1CCCCCC1=O,0.050233524
NCCNC(=O)c1ccc(Cl)cn1,0.0046266536
C=CC(=O)Nc1cc(Nc2nccc(-n3cc(CN(C)C)c(-c4ccccc4)n3)n2)c(OC)cc1N1CCOCC1,0.1296138
CN1CCN(C(=O)[C@H]2[C@@H](C(=O)O)[C@@H]3CC[C@H]2O3)CC1,0.004089254
O=C(c1cn(Cc2cncn2Cc2ccc(Br)cc2)cc1-c1cccc2ccccc12)N1CCOCC1,0.8724833
CN[C@@H](C)C(=O)N[C@H](C(=O)N1CCC[C@H]1c1nc(C(=O)c2ccc(F)cc2)cs1)C1CCCCC1,0.079228826
O=C(O)C[C@H]1CC[C@H](c2ccc(-c3ccc(Nc4ccc(C(F)(F)F)nc4)cn3)cc2)CC1,0.5857402
CCCCC(=O)N(Cc1ccc(-c2ccccc2-c2nn[nH]n2)cc1)[C@H](C(=O)O)C(C)C,0.01293865
CCOc1cn(-c2ccc(F)cc2C)nc1C(=O)Nc1ccc(Oc2ccnc3cc(OC)c(OC)cc23)c(F)c1,0.96792644
COc1ccc2nc3ccc(Cl)cc3c(SCCCN)c2c1,0.32717344
c1cc(-c2cnn3cc(-c4ccc(N5CCNCC5)cc4)cnc23)c2cccnc2c1,0.13142174
NNC(=O)CSc1nc2scc(-c3ccccc3)c2c(=O)n1-c1ccccc1,0.9008843
CC(=O)O/N=C1/C(=O)N(Cc2cc(Cl)ccc2Cl)c2ccc(Cl)cc21,0.98372424
c1ccc2c(-c3cnn4cc(-c5ccc(N6CCNCC6)cc5)cnc34)ccnc2c1,0.13643041
CN1c2cc3c(cc2N=C(c2ccc(C(=O)O)cc2)c2ccccc21)C(C)(C)CCC3(C)C,0.33805817
COC(=O)N[C@H](C(=O)N1CC2(CC2)C[C@H]1c1nc(-c2ccc3c(c2)C(F)(F)c2cc(-c4ccc5nc([C@@H]6[C@H]7CC[C@H](C7)N6C(=O)[C@@H](NC(=O)OC)C(C)C)[nH]c5c4)ccc2-3)c[nH]1)C(C)C,0.5137451
Cc1oncc1C(=O)Nc1ccc(C(F)(F)F)cc1,0.0040702363
Cc1ncc(OC[C@@]2(c3cccc(F)c3)C[C@H]2C(=O)Nc2ccc(F)cn2)c(C)n1,0.020824695
Nc1cccc2c1CN([C@H]1CCC(=O)NC1=O)C2=O,0.0015867747
CCC(=O)N1CC[C@H](Nc2ncnc3c2CN(c2cnc(OC)c(C(F)(F)F)c2)CC3)C1,0.022160249
COc1cc2nccc(Oc3ccc(NC(=O)NC4CC4)c(Cl)c3)c2cc1C(N)=O,0.061993908
COc1cc(C(=O)OCCCCNC(=N)N)cc(OC)c1O,0.0023016788
Cc1c(Cc2ccccc2)nnc(N2CCN(c3cnc(C(C)(C)O)cn3)[C@H](C)C2)c1C,0.3999043
COC(=O)C1=C(C)NC(C)=C(C(=O)OC(C)(C)CN(C)CCC(c2ccccc2)c2ccccc2)[C@@H]1c1cccc([N+](=O)[O-])c1,0.9351793
c1ccc(Cn2c(N3CCNCC3)nc3ccccc32)cc1,0.038847134
CCc1nn(CCO)c(CC)c1Oc1cc(C#N)cc(C#N)c1,0.0037576426
O=C(O)CSc1nnc(Br)n1-c1ccc(C2CC2)c2ccccc12,0.22810017
C[C@]12O[C@@H](C[C@]1(O)CO)n1c3ccccc3c3c4c(c5c6ccccc6n2c5c31)CNC4=O,0.07225641
O=C(CCn1cnc2c(=O)nc[nH]c21)Nc1ccc(C(=O)O)cc1,0.002551052
COc1cccc(N2CCN(C3=Nc4c(F)cccc4[C@H](CC(=O)O)N3c3cc(C(F)(F)F)ccc3OC)CC2)c1,0.4856471
CCOC(=O)CSCC[C@H]1N[C@H](C(=O)O)CS1,0.009156184
N#C[C@H](c1ccc(F)cc1)c1c(Cl)cc(-n2ncc(=O)[nH]c2=O)cc1Cl,0.94169146
N#Cc1ccc(C(c2ccc(C#N)cc2)n2cncn2)cc1,0.0022074087
CN(C)c1ccc2c(c1)Sc1cc(N(C)C)ccc1N2,0.351961
COC(=O)[C@H](CC(C)C)NC(=O)[C@@H](N)CC(C)C,0.002964535
CCNC(=O)[C@@H]1CCCN1C(=O)[C@H](CCCNC(=N)N)NC(=O)[C@H](CC(C)C)NC(=O)[C@@H](CC(C)C)NC(=O)[C@H](Cc1ccc(O)cc1)NC(=O)[C@H](CO)NC(=O)[C@H](Cc1c[nH]c2ccccc12)NC(=O)[C@H](Cc1cnc[nH]1)NC(=O)[C@@H]1CCC(=O)N1,0.46036333
CC(C)(C)NC[C@H](O)c1ccc(O)c(CO)c1,0.00516728
C=CCN1CC[C@]23CCCC[C@H]2[C@H]1Cc1ccc(O)cc13,0.0041685
c1ccc([C@H]2CN3CCSC3=N2)cc1,0.012456627
CCOC(=O)C1=C(COCCN)NC(C)=C(C(=O)OC)[C@@H]1c1ccccc1Cl,0.082305826
CC[C@@H](C(N)=O)N1CCCC1=O,0.003128151
CN1C[C@H]2CCC[C@@H](C1)[C@@H]2OC(=O)[C@](O)(c1ccccc1)C1CCCC1,0.0013356286
CC(C)NC[C@H](O)COc1ccc(CCOCC2CC2)cc1,0.019313386
CC(C)(C)NC[C@H](O)COc1cccc2c1CCCC2=O,0.0019949442
CC(C)(C)NC[C@@H](O)COc1cccc2c1CCCC2=O,0.0019879322
C[C@@H]1CN([C@H]2CC[C@](C#N)(c3ccc(F)cc3)CC2)CC[C@]1(C(=O)O)c1ccccc1,0.00054324046
C[N+](C)(C)C[C@H](O)CC(=O)O,0.0009577392
CCC(=O)O[C@H](CC(=O)O)C[N+](C)(C)C,0.00079943694
O=C(O)COCCN1CCN([C@H](c2ccccc2)c2ccc(Cl)cc2)CC1,0.0024894064
N[C@@H](Cc1ccc(O)c(O)c1)C(=O)O,0.00306557
C[C@H]1COc2c(N3CCN(C)CC3)c(F)cc3c(=O)c(C(=O)O)cn1c23,0.97912896
CC(C)=CCC[C@](C)(O)[C@@H]1CC=C(C)CC1,0.019226205
CC(C)[C@@H]1CC[C@@H](C)C[C@H]1O,0.014050931
COc1ccc2c(c1)N(C[C@H](C)CN(C)C)c1ccccc1S2,0.49234387
c1ccc2c(c1)Sc1ccccc1N2C[C@H]1CN2CCC1CC2,0.4871052
C[C@H](N)[C@H](O)c1ccc(O)c(O)c1,0.008164724
C#C[C@]1(O)CC[C@H]2[C@@H]3CCC4=CC(=O)CC[C@@H]4[C@H]3CC[C@@]21CC,0.00043066608
CCC(=O)OC(Cc1ccccc1)(c1ccccc1)[C@@H](C)CN(C)C,0.024022756
C[C@@H]1CC(=O)NN=C1c1ccc(NN=C(C#N)C#N)cc1,0.0035906446
CCN1CCC[C@H]1CNC(=O)c1cc(S(N)(=O)=O)ccc1OC,0.00045796242
N[C@@H](Cc1cc(I)c(Oc2cc(I)c(O)c(I)c2)c(I)c1)C(=O)O,0.22102356
CC(=O)[C@@H](C#N)C(=O)Nc1cc(Br)ccc1Br,0.104403116
Cc1cc(C)c(-c2ccc(NC(=O)[C@H](Cc3ccc(C(=O)NCCS(=O)(=O)O)cc3)c3ccc(-c4ccc(C(C)(C)C)cc4)cc3)cc2)c(C)c1,0.973125
Cc1cc(-c2ncc(CC(=O)Nc3ccc(-c4cnccn4)cn3)cc2C)ccn1,0.32621416
Cc1cc2sc(NC(=O)Cc3ccccc3)nc2cc1Cl,0.06908321
Clc1cccc([C@H](c2ccc3nc[nH]c3c2)n2ccnc2)c1,0.46769488
NC(=O)N1c2ccccc2C[C@@H](O)c2ccccc21,0.0045777
C=CC(C)(C)c1cc(/C=C/C(=O)c2ccc(O)cc2)c(OC)cc1O,0.051636204
CC1(C)Cc2c(-c3ccccc3)c(-c3ccc(Cl)cc3)c(CC(=O)O)n2C1,0.22805202
CCc1ccc([C@@H]2O[C@H](CO)[C@@H](O)[C@H](O)[C@H]2O)cc1Cc1ccc2c(c1)OCCO2,0.080560625
O=c1[nH]c2cc(Cl)c(Cl)c([N+](=O)[O-])c2[nH]c1=O,0.9982376
CNC(=N)NC(=O)Nc1c(C)cccc1C,0.00869146
CCN(CC)CC(=O)Nc1c(C)cccc1C,0.011204156
Cc1cccc(C)c1NC(=O)CN1CCN(CCCC(c2ccc(F)cc2)c2ccc(F)cc2)CC1,0.25187948
O=C1CCc2c(Oc3ccc4c(c3)[C@@H]3[C@H](O4)[C@H]3c3nc4ccc(C(F)(F)F)cc4[nH]3)ccnc2N1,0.19642185
CS(=O)(=O)c1cccc(C[C@H](NC(=O)c2c(Cl)cc3c(c2Cl)CCN(C(=O)c2ccc4ccoc4c2)C3)C(=O)O)c1,0.8863348
CCC/C=C1\OC(=O)C2=C1CCC=C2,0.0024095858
CCCC[C@H](C)C[C@H](O)/C=C/[C@H]1[C@H](O)CC(=O)[C@@H]1CCCC/C=C/C(=O)O,0.0058925827
CC(C)C(=O)Nc1ncc(-c2cc(C(F)F)nn2-c2c(Cl)cccc2Cl)s1,0.8907367
CC1(C)O[C@H]2CC(=O)OC[C@]23[C@H]2CC[C@@]4(C)[C@H](c5ccoc5)OC(=O)[C@H]5O[C@]54[C@]2(C)C(=O)C[C@@H]13,0.00011487826
C[C@@H]1NC(=O)[C@@H]2CCCN2C(=O)[C@H](CC(N)=O)NC(=O)[C@@H]2CSSC[C@H](N)C(=O)N[C@H]3CSSC[C@H](NC1=O)C(=O)N[C@@H]([C@@H](C)O)C(=O)NCC(=O)N[C@H](C(=O)N[C@@H](Cc1ccc(O)cc1)C(=O)O)CSSC[C@H](NC(=O)[C@H](Cc1ccc(O)cc1)NC(=O)[C@H](CCC(=O)O)NC3=O)C(=O)N2,0.9995041
CC#CCn1c(N2CCC[C@@H](N)C2)nc2c1c(=O)n(Cc1nc(C)c3ccccc3n1)c(=O)n2C,0.29995537
C=C[C@](C)(O)CCC=C(C)C,0.009701222
Cc1cccc(C)c1CNc1cc(C(=O)NCCO)cn2c(C)c(C)nc12,0.031211967
CCC[C@@H]1C[C@@H](C(=O)N[C@@H]([C@H]2O[C@H](SC)[C@H](O)[C@@H](O)[C@H]2O)[C@@H](C)O)N(C)C1,0.4036153
Cl[C@H]1[C@H](Cl)[C@@H](Cl)[C@@H](Cl)[C@H](Cl)[C@H]1Cl,0.99396765
CC(=O)NC[C@H]1CN(c2ccc(N3CCOCC3)c(F)c2)C(=O)O1,0.21754517
Cc1ccc(F)c(NC(=O)Nc2ccc(-c3cccc4n[nH]c(N)c34)cc2)c1,0.44933856
CCCCC/C=C\C/C=C\CCCCCCCC(=O)O,0.02244619
O=C1N(c2ccccc2)c2ccccc2C1(Cc1ccncc1)Cc1ccncc1,0.03847463
Nc1c[n+](N2CCOCC2)no1,0.004208704
C[C@]1(O)C[C@@H](c2nc(-c3ccc4ccc(-c5ccccc5)nc4c3)c3c(N)nccn32)C1,0.22184561
CCN1CCN=C1CNC(=O)c1cc(Cl)c(N)cc1OC,0.0062353383
N[C@@H](Cc1cc(I)c(Oc2ccc(O)c(I)c2)c(I)c1)C(=O)O,0.08142483
N[C@H](Cc1cc(I)c(Oc2ccc(O)c(I)c2)c(I)c1)C(=O)O,0.08321022
NC(=O)CCCC[C@H]1CCSS1,0.0035134729
O=C1C[C@@H](c2ccc(O[C@@H]3O[C@H](CO)[C@@H](O)[C@H](O)[C@H]3O)cc2)Oc2cc(O)ccc21,0.0019547075
CCCCCCCCCCCCCCCC(=O)N[C@@H](CCC(=O)NCCCC[C@H](NC(=O)[C@H](C)NC(=O)[C@H](C)NC(=O)[C@H](CCC(N)=O)NC(=O)CNC(=O)[C@H](CCC(=O)O)NC(=O)[C@H](CC(C)C)NC(=O)[C@H](Cc1ccc(O)cc1)NC(=O)[C@H](CO)NC(=O)[C@H](CO)NC(=O)[C@@H](NC(=O)[C@H](CC(=O)O)NC(=O)[C@H](CO)NC(=O)[C@@H](NC(=O)[C@H](Cc1ccccc1)NC(=O)[C@@H](NC(=O)CNC(=O)[C@H](CCC(=O)O)NC(=O)[C@H](C)NC(=O)[C@@H](N)Cc1cnc[nH]1)[C@@H](C)O)[C@@H](C)O)C(C)C)C(=O)N[C@@H](CCC(=O)O)C(=O)N[C@@H](Cc1ccccc1)C(=O)N[C@H](C(=O)N[C@@H](C)C(=O)N[C@@H](Cc1c[nH]c2ccccc12)C(=O)N[C@@H](CC(C)C)C(=O)N[C@H](C(=O)N[C@@H](CCCNC(=N)N)C(=O)NCC(=O)N[C@@H](CCCNC(=N)N)C(=O)NCC(=O)O)C(C)C)[C@@H](C)CC)C(=O)O,0.8586615
COc1cccc(N(C)C(=S)Oc2ccc3c(c2)CCCC3)n1,0.036016475
CS(=O)(=O)Oc1ccc2c(NC(N)=O)c(C(=O)c3ccc(Cl)cc3Cl)oc2c1,0.7209398
Nc1ccc(C(=O)OC[C@@H](O)CO)cc1,0.0017182841
NCCCC[C@H](N[C@@H](CCc1ccccc1)C(=O)O)C(=O)N1CCC[C@H]1C(=O)O,0.0018423875
C[C@@H](O)CCCCn1c(=O)c2c(ncn2C)n(C)c1=O,0.0027274457
CCN(CC)C(=O)N[C@H]1C=C2c3cccc4[nH]cc(c34)C[C@H]2N(C)C1,0.05217611
CC(=O)CC(=O)O,0.0021867487
C[C@H](CCC(=O)O)[C@H]1CC[C@H]2[C@@H]3CC[C@@H]4C[C@H](O)CC[C@]4(C)[C@H]3CC[C@]12C,0.07261302
CCNCCS(=O)(=O)NC[C@@]1(c2ccccc2)SC(NC(=O)C(C)(C)C)=NN1C(=O)C(C)(C)C,0.00019266643
Cc1ccc(F)cc1C(=O)Nc1ccc(C(=O)N2Cc3cccn3Cc3ccccc32)c(Cl)c1,0.88126
O=C(NCCO)c1cc(C(=O)NCCO)cc(C(=O)NCCO)c1,0.00037519637
CC1(C)CC(Oc2ccc(-c3ccc(-c4cn[nH]c4)cc3O)nn2)CC(C)(C)N1,0.09327643
Cc1cc(C)cc(C(=O)NOCCCCCC(=O)NO)c1,0.0038868317
CC[C@@H](C)[C@@H](N)C(=O)NCCN1CCOCC1,0.004030718
CN1[C@@H](CC(=O)c2ccccc2)CCC[C@H]1C[C@H](O)c1ccccc1,0.004253399
CCOC(=O)Nc1nc2ccccc2[nH]1,0.012073926
O=C(O)c1ccccc1Nc1cc(Cl)ccc1C(=O)O,0.016843786
Nc1ncnc2c1ncn2[C@@H]1O[C@H](CO)C[C@@H]1F,0.0035093082
N#Cc1cc(NC(=O)C(=O)O)c(Cl)c(NC(=O)C(=O)O)c1,0.33594307
Cc1[nH]cnc1-c1ccc(Cl)cc1,0.018592766
CN(CCCN1c2ccccc2CCc2ccccc21)CC(=O)c1ccc(Cl)cc1,0.011810932
C[C@@H](Oc1c(Cl)cccc1Cl)C1=NCCN1,0.10756043
CCn1cc(C(=O)O)c(=O)c2cc(F)c(N3CCN[C@@H](C)C3)c(F)c21,0.9922965
Nc1nc(OCc2cc(Br)cs2)c2[nH]cnc2n1,0.012712166
COc1ccc(CN2CCN(C(c3ccc(F)cc3)c3ccc(F)cc3)CC2)c(OC)c1OC,0.12035833
Nc1nc(=O)c2c([nH]1)NC[C@H](CCc1ccc(C(=O)N[C@@H](CCC(=O)O)C(=O)O)cc1)C2,0.0032751097
O=C(NC1CCN(CCCCC2(C(=O)NCC(F)(F)F)c3ccccc3-c3ccccc32)CC1)c1ccccc1-c1ccc(C(F)(F)F)cc1,0.07580576
O=C(NC1CCCCC1)N(CCCl)[NH2+][O-],0.02736436
NC(=O)N1CCC(CC(=O)N2CCC([C@H]3c4ncc(Br)cc4CCc4cc(Cl)cc(Br)c43)CC2)CC1,0.40441433
O=C(O)c1nn(Cc2ccc(Cl)cc2Cl)c2ccccc12,0.7141729
CN(C)C(=O)C(CCN1CCC(O)(c2ccc(Cl)cc2)CC1)(c1ccccc1)c1ccccc1,0.00059248885
Cc1cccc(C)c1OCC(=O)N[C@@H](Cc1ccccc1)[C@@H](O)C[C@H](Cc1ccccc1)NC(=O)[C@H](C(C)C)N1CCCNC1=O,0.3438084
N[C@@H](C(=O)N[C@@H]1C(=O)N2C(C(=O)O)=C(Cl)CC[C@H]12)c1ccccc1,0.94831544
CCOC(=O)N1CCC(=C2c3ccc(Cl)cc3CCc3cccnc32)CC1,0.32127735
Cl/C(=C\n1cncn1)c1ccc(Cl)cc1Cl,0.73595345
CC(=O)N(C)c1cc(-c2ccnc3c(C(=O)c4cccs4)cnn23)ccc1F,0.05703446
CCCCCN(CCCCC)C(=O)[C@@H](CCC(=O)O)NC(=O)c1ccc(Cl)c(Cl)c1,0.12377431
C[C@H]1Oc2cc(cnc2N)-c2c(nn(C)c2C#N)CN(C)C(=O)c2ccc(F)cc21,0.01361648
CN1C(C(=O)Nc2ccccn2)=C(O)c2sc(Cl)cc2S1(=O)=O,0.72926056
CCCCc1nc(Cl)c(CO)n1Cc1ccc(-c2ccccc2-c2nn[nH]n2)cc1,0.04577975
Cc1c(F)cc(C(=O)NC2CC2)cc1-c1ccc(C(=O)NCC(C)(C)C)cn1,0.017537238
CNc1nc(-c2cccc(NC(=O)c3ccc(C(=O)OC)cc3)c2)c2cc(OC)c(OC)cc2n1,0.0077352966
CCOC(=O)O[C@]1(C(=O)OCCl)CC[C@H]2[C@@H]3CCC4=CC(=O)C=C[C@]4(C)[C@H]3[C@@H](O)C[C@@]21C,0.0006132115
CC[C@H](C)C(=O)O[C@H]1C[C@@H](C)C=C2C=C[C@H](C)[C@H](CC[C@@H]3C[C@@H](O)CC(=O)O3)[C@H]21,0.004025123
CN1CCN(C2=Nc3ccccc3Oc3ccc(Cl)cc32)CC1,0.10809056
CC(C)CCNC(=O)[C@H](CC(C)C)NC(=O)[C@H]1O[C@@H]1C(=O)O,0.090186484
C[C@@H](C(=O)O)c1ccc(C[C@H]2CCCC2=O)cc1,0.002501272
Nc1nc(O[C@@H](c2ccc(-c3cccc(F)c3)cc2)C(F)(F)F)cc(-c2ccc(C[C@H](N)C(=O)O)cc2)n1,0.7892842
Cc1csc2c(N[C@@H](C)CN3CCN(S(=O)(=O)c4ccc(Cl)c(Cl)c4)CC3)ncnc12,0.013334317
COc1cc(C(=O)N2CCC(N3CCN(C)CC3)CC2)ccc1Nc1ncc2c(n1)N(C)c1ccccc1C(=O)N2C,0.0008837141
CC(C)NC(=O)c1ccc(C#Cc2ccncc2)cn1,0.004747664
CC(F)(F)c1cc(F)ccc1-c1sc2cc(O)ccc2c1Oc1ccc(/C=C/C(=O)O)cc1,0.7474973
N=C(Nc1ccccc1)c1cccs1,0.042193618
CCCCC/C=C\C[C@@H](O)/C=C/C=C/C=C\[C@@H](O)CCCC(=O)O,0.0021720116
NCCCC[C@H](NC(=O)[C@@H](NC(=O)[C@H](Cc1c[nH]c2ccccc12)NC(=O)[C@H](CCCCN)NC(=O)[C@H](CCCCN)NC(=O)[C@H](Cc1c[nH]c2ccccc12)NC(=O)[C@H](Cc1c[nH]c2ccccc12)NC(=O)[C@H](CCCCN)NC(=O)[C@@H](N)CCCCN)C(c1ccccc1)c1ccccc1)C(N)=O,0.99895406
CC(C)(C)CC(=O)Nc1c(F)cc(C(=O)/N=c2\sccn2COP(=O)(O)O)cc1F,0.009611586
CCCCC(F)(F)C(=O)CC[C@H]1[C@H](O)CC(=O)[C@@H]1CCCCCCC(=O)O,0.0002841739
CCN(CC)CCNc1ccc(C)c2sc3ccccc3c(=O)c12,0.6162881
CNC(=O)c1cccc2cc(Oc3ccnc4cc(OCC5(N)CC5)c(OC)cc34)ccc12,0.09482067
N#Cc1c(N)nc(SCc2ncc[nH]2)c(C#N)c1-c1ccc(O)cc1,0.042851437
O=C(NC(=O)c1c(F)cccc1F)Nc1cc(Cl)c(OC(F)(F)[C@@H](F)C(F)(F)F)cc1Cl,0.997678
N#C/C(=C1/SC[C@@H](c2ccc(Cl)cc2Cl)S1)n1ccnc1,0.97723216
Cc1ccc(NC(=O)C2(c3ccc4c(c3)OC(F)(F)O4)CC2)nc1-c1cccc(C(=O)O)c1,0.00074887776
CN1CCN2c3c(cccc31)[C@@H]1CN(CCCC(=O)c3ccc(F)cc3)CC[C@@H]12,0.0011255296
CCCCN(CCCC)C[C@@H](O)c1cc(Cl)cc2c1-c1ccc(Cl)cc1/C2=C/c1ccc(Cl)cc1,0.9832018
Cc1ccc(Nc2c(F)cccc2Cl)c(CC(=O)O)c1,0.4753111
O=C1CCC[C@@H]2[C@H]3C[C@@H](CN12)[C@@H]1CCCCN1C3,0.0029397265
O=C1[C@@H]2[C@H]3CC[C@H](C3)[C@@H]2C(=O)N1C[C@@H]1CCCC[C@H]1CN1CCN(c2nsc3ccccc23)CC1,0.0043965713
Cc1nc2ccccn2c(=O)c1CCN1CCc2oc3ccccc3c2C1,0.018673481
CCCCCCO[C@@H](C)c1cccc(-c2csc(NC(=O)c3cc(Cl)c(/C=C(\C)C(=O)O)c(Cl)c3)n2)c1OC,0.9416471
CC1=C[C@H](O)CC(C)(C)[C@H]1/C=C/C(C)=C/C=C/C(C)=C/C=C/C=C(C)/C=C/C=C(C)/C=C/C1=C(C)C[C@@H](O)CC1(C)C,0.8873573
O=c1cc(-c2ccc(O)c(O)c2)oc2cc(O)cc(O)c12,0.041671272
CC(=O)NCCc1c(Cc2ccccc2)[nH]c2ccccc12,0.06325826
Cc1ccc(NC(=O)c2ccnc(C(F)(F)F)c2)cc1-c1cc(OCCO)nc(N2CCOCC2)c1,0.39514747
Fc1ccc(-c2c3cccc(C(F)(F)F)c3nn2Cc2ccc(F)cc2Cl)cc1,0.97903275
CC1(N)CCN(c2cccnc2NC(=O)c2nc(-c3ncccc3C(F)(F)F)cnc2N)CC1,0.47116074
COc1cccc(-c2ccc([C@@H](Oc3cc(-c4ccc(C[C@H](N)C(=O)O)cc4)nc(N)n3)C(F)(F)F)cc2)c1,0.79346114
Cc1c[nH]c2ncnc(N3CCC(CN)(C(=O)Nc4cccc(OC(=O)N(C)C)c4)CC3)c12,0.0024057718
CC(C)=CCC/C(C)=C/C=C/C(C)=C/C=C/C(C)=C/C=C/C=C(C)/C=C/C=C(C)/C=C/C=C(\C)CCC=C(C)C,0.98177445
CC(C)c1ccc2c(c1)CC[C@H]1[C@](C)(CN)CCC[C@]21C,0.31322092
CN(C)[C@@H]1C(=O)[C@@H](C(=O)NCNCCCC[C@H](N)C(=O)O)C(=O)[C@@]2(O)C(=O)[C@@H]3C(=O)c4c(O)cccc4[C@@](C)(O)[C@H]3C[C@@H]12,0.044958815
C#C[C@]1(O)CC[C@H]2[C@@H]3CCC4=CCCC[C@@H]4[C@H]3CC[C@@]21C,0.0015269034
NCCCC[C@H](NC(=O)[C@@H]1CCCN1C(=O)[C@@H]1CSSC[C@H](N)C(=O)N[C@@H](Cc2ccc(O)cc2)C(=O)N[C@@H](Cc2ccccc2)C(=O)N[C@@H](CCC(N)=O)C(=O)N[C@@H](CC(N)=O)C(=O)N1)C(=O)NCC(N)=O,0.21933256
O=C1NC(=O)C(c2cnc3ccccn23)=C1c1cn2c3c(cc(F)cc13)CN(C(=O)N1CCCCC1)CC2,0.97937876
c1ccc(-c2nn3c(c2-c2ccnc4cc(OCCN5CCOCC5)ccc24)CCC3)nc1,0.06424237
N[C@@]1(C(=O)O)CS(=O)(=O)[C@H]2[C@H](C(=O)O)[C@H]21,0.0028707176
O=C(O)[C@@H]1C[C@H]2C[C@@H](CCc3nn[nH]n3)CC[C@H]2CN1,0.001519072
Cc1cccc(-c2nn3c(c2-c2ccnc4ccc(C(N)=O)cc24)CCC3)n1,0.04771249
CN(C)C(=O)n1nnnc1Cc1ccc(-c2ccccc2)cc1,0.003001157
CC(C)(C)Cn1c(N)nc2ccc(-c3nc(C(C)(C)C)[nH]c3-c3ccc(F)cc3)nc21,0.24829362
COc1ccc(/C=C/CCCCOc2ccc(C(=O)c3cccc(C(=O)O)c3)cc2CCC(=O)O)cc1,0.043587625
CC(C)Oc1cccc(-n2c(CCc3c[nH]c4ccc(Br)cc34)nc3ccccc3c2=O)c1,0.74818885
CCNCc1cc(C(C)(C)C)c(O)c(C(C)(C)C)c1,0.022662465
CCCC(CCC)C(=O)Nc1ccn([C@@H]2O[C@H](CO)[C@@H](O)C2(F)F)c(=O)n1,0.17850798
CN(CCOc1ccc(-c2ccc3c(c2)OCO3)cc1C(C)(C)C)CC(=O)O,0.004566543
CC(C)OC(=O)N[C@H]1Cc2c(n(Cc3ccccn3)c3ccc(C#N)cc23)C1,0.098737136
CC(C)NCCCC[C@H](NC(=O)[C@H]1CCC(=O)N[C@@H](Cc2ccccc2)C(=O)N[C@H](Cc2ccc(O)cc2)C(=O)N[C@@H](CCCCNC(C)C)C(=O)N[C@H](CCCN=C(N)N)C(=O)N[C@@H](Cc2ccc3ccccc3c2)C(=O)NCC(=O)N1)C(N)=O,0.9040211
CCc1cc(C(C)=O)c(O)cc1OCCCCCC(C)(C)c1nn[nH]n1,0.007668309
Cn1cc(-c2ccc(F)c(C(F)(F)F)c2)nc1C1CCN(c2ncnc3n[nH]cc23)CC1,0.2727993
Cc1cnc(NC(=O)Nc2cc(Br)c(C)cc2OC[C@@H]2CNCCO2)cn1,0.032374747
COc1cccc(OCCCN)c1-c1cc(Nc2cnc(C#N)cn2)[nH]n1,0.0045648804
O=C(Nc1ncc(SCCN2CCCC2)s1)[C@]1(c2ccc(S(=O)(=O)C3CC3)cc2)C[C@H]1C1CCCCC1,0.007990081
COc1ccc(C[C@H]2NCCc3c2[nH]c2ccc(C)cc32)c(Cl)c1OC,0.20241588
Cc1cc(Nc2cc(CN3CCOCC3)c3nc(C)c(Cc4ccc(Cl)cc4F)n3n2)[nH]n1,0.92442983
NC(=O)c1ccc(Oc2ccc(CN3CCC[C@H]3c3cccnc3)cc2)c(Cl)c1,0.10626617
Cc1ccc(C(=O)Nc2ccc(Oc3cc4cnn(C)c4cc3-c3cn[nH]c3)c(F)c2)c(=O)n1-c1ccc(F)cc1,0.9741759
C[C@@]1(c2cc(-c3cncnc3)c(F)cc2F)CCSC(N)=N1,0.18061064
Cc1nc(N2CCN(C)CC2)c2nc(-c3ccccc3Cl)n(C3CCOCC3)c2n1,0.021706779
CC(C)c1c2cc(-c3ccnc(N[C@H]4CC[C@H](NC5CCOCC5)CC4)n3)ccc2nn1C,0.16535328
C[C@@H](Oc1ccc2n[nH]c(/C=C/c3cnn(CCO)c3)c2c1)c1c(Cl)cncc1Cl,0.8297989
O=C1NN(C(=O)Nc2ccc(Br)cc2)[C@@H](c2ccccc2)[C@@H]1c1ccccc1,0.25127655
NC1=N[C@@]2(c3cc(NC(=O)c4ccc(F)cn4)ccc3F)COC[C@H]2CS1,0.012688488
O=c1cc(N2CCOCC2)oc2c(-c3ccccc3)cccc12,0.054098964
C[C@H](N)C(=O)N[C@@]1(C(=O)O)C[C@@H](Sc2nnc[nH]2)[C@H]2[C@H](C(=O)O)[C@H]21,0.04343588
CNC(=O)O[C@H]1COc2ccc(N3CCN(C4COC4)CC3)cc2[C@@H]1NC(=O)c1ccc(F)cc1,0.007133695
CNc1ncc2cc(-c3cc(NC(=O)NCCC(C)(C)C)c(F)cc3C)c(C)nc2n1,0.15519515
CO[C@@H](C)Cn1c(=O)n(C)c2cnc3ccc(-c4cncc(C(C)(C)O)c4)cc3c21,0.3753522
O=c1cc(N2CCNCC2)oc2c(-c3ccccc3)cccc12,0.046683844
CC1(C)C(=O)N(CCN2CCC(C(=O)c3ccc(F)cc3)CC2)c2ccccc21,0.00047734304
CCc1c(CC(N)=O)c2cc(OCCCP(=O)(O)O)ccc2n1Cc1ccccc1,0.0016629179
CC(C)(O)c1cc(Nc2cc(Oc3cn(C4CC4)nc3C3CCOCC3)ccn2)ccn1,0.30630755
COc1ccc(-c2oc3cc(OC)ccc3c2C(=O)c2ccc(C#N)cc2)cc1,0.012981526
Cn1nccc1Nc1nccc(-c2cc3c(s2)C(C)(C)N(CCN2CCOCC2)C3=O)n1,0.0028334227
Cc1cc(Nc2ccc(F)c(C[C@@]3(C(=O)O)CCN(Cc4cccc(Cl)c4F)[C@H](C)C3)n2)n[nH]1,0.69054
CN1CCC(c2c[nH]c3ccc(NC(=O)c4ccc(F)cc4)cc23)CC1,0.0368489
CN(C)[C@@H]1CCc2[nH]c3ccc(NC(=O)c4ccc(F)cc4)cc3c2C1,0.013347623
c1ccc(-c2n[nH]cc2-c2ccnc3ccccc23)nc1,0.07011538
CC(C)N1Cc2cc(S(C)(=O)=O)ccc2N(CCN2CC=C(c3c[nH]c4cc(F)ccc34)CC2)S1(=O)=O,0.0013561414
CC(C)S(=O)(=O)NC[C@H](C)c1ccc(-c2ccc(C#N)cc2)cc1,0.0033501957
C[C@H](NC(=O)[C@@H](O)c1cc(F)cc(F)c1)C(=O)N[C@@H]1C(=O)N(C)c2ccccc2-c2ccccc21,0.26169965
CC(C)S(=O)(=O)NC[C@H](C)c1ccc(NC(=O)c2cc(F)cc(F)c2)cc1,0.044543453
COc1ccc(Nc2ncnc3ccc(OC)cc23)cc1,0.05617302
N=C(N=C(N)N)Nc1cccc(Cl)c1,0.043581564
Oc1cccc(-c2c3nc(c(-c4cccc(O)c4)c4ccc([nH]4)c(-c4cccc(O)c4)c4ccc([nH]4)c(-c4cccc(O)c4)c4nc2C=C4)C=C3)c1,0.99231803
CCCCCC(O)CCCC(=O)O,0.004178847
CCCC(CCC)C(=O)NCc1ccc2c(cnn2-c2ccccc2OC)c1,0.14287885
Cc1cc(C)c(S(=O)(=O)Nc2cccc(C(F)(F)F)c2)c(C)c1,0.03324252
CN(C)c1ccc(C(=O)NCCCCCCC(=O)NO)cc1,0.0022983032
CC(C)Cc1ccc([C@@H](C)C(=O)NCCO)cc1,0.009737732
CC(C)(C)NC[C@@H](O)c1cc(Cl)c(N)c(C(F)(F)F)c1,0.094714716
COc1cc(C[C@H](C)[C@H](C)Cc2ccc3c(c2)OCO3)ccc1O,0.17129803
CCCNS(=O)(=O)Nc1ncnc(OCCOc2ncc(Br)cn2)c1-c1ccc(Br)cc1,0.0005199552
CCCCS(=O)(=O)Nc1ncnc(OCCOc2ncc(Br)cn2)c1-c1ccc(Br)cc1,0.0014533838
O=c1nc(N2CCN(CC3CCCCC3)CC2)sc2c([N+](=O)[O-])cc(C(F)(F)F)cc12,0.9715741
C[C@H]1[C@H](C)CC[C@]2(C(=O)O[C@@H]3O[C@H](CO[C@@H]4O[C@H](CO)[C@@H](O[C@@H]5O[C@@H](C)[C@H](O)[C@@H](O)[C@H]5O)[C@H](O)[C@H]4O)[C@@H](O)[C@H](O)[C@H]3O)CC[C@]3(C)C(=CC[C@@H]4[C@@]5(C)C[C@@H](O)[C@H](O)[C@@](C)(CO)[C@@H]5[C@H](O)C[C@]43C)[C@H]12,0.0022504067
COc1ccc2c(C)nc(Nc3nc(=O)c(C)c(C)[nH]3)nc2c1,0.113536894
NCc1ccc(S(N)(=O)=O)cc1,0.002517702
C=CCc1ccc(O)c(-c2cc(CC=C)ccc2O)c1,0.13860637
CCOC(=O)C[C@@H](SP(=S)(OC)OC)C(=O)OCC,0.00020920539
O=C(O)C[C@H](O)C(=O)O,0.00096256874
CC(C)OC(=O)C(C(=O)OC(C)C)=C1SC=CS1,0.9864928
O=C(O)[C@H](O)[C@@H](O)[C@H](O[C@@H]1O[C@H](CO)[C@H](O)[C@H](O)[C@H]1O)[C@H](O)CO,0.0009455983
O=C(O)[C@H](O)c1ccccc1,0.0040572193
Cc1nc(COP(=O)(O)O)cc2c1[O][Mn][O]c1c(cc(COP(=O)(O)O)nc1C)CN(CC(=O)O)CCN(CC(=O)O)C2,1.2076052e-05
COC(=O)C1=C(C)NC(C)=C(C(=O)OCCN2CCN(C(c3ccccc3)c3ccccc3)CC2)[C@@H]1c1cccc([N+](=O)[O-])c1,0.0890424
C#CCCC(=O)[C@@H](C#N)C(=O)Nc1ccc(C(F)(F)F)cc1,0.0020389664
OC[C@@H](O)[C@@H](O)[C@H](O)[C@H](O)CO,0.0008792287
CNCCC[C@]12CC[C@H](c3ccccc31)c1ccccc12,0.0043969993
Cc1nnc(C(C)C)n1[C@@H]1C[C@H]2CC[C@@H](C1)N2CC[C@H](NC(=O)C1CCC(F)(F)CC1)c1ccccc1,0.0017245347
CN1CCN(c2c(F)cc3c(=O)c(C(=O)O)cn4c3c2OCN4C)CC1,0.96485925
CC(C)Nc1nc2cc(Cl)c(Cl)cc2n1[C@H]1O[C@@H](CO)[C@H](O)[C@@H]1O,0.16891769
CNC(=O)[C@@H](NC(=O)[C@H](CC(C)C)[C@H](O)C(=O)NO)C(C)(C)C,0.0014485546
COc1ccc(C(C)(C)C)cc1CN[C@H]1C2CCN(CC2)[C@H]1C(c1ccccc1)c1ccccc1,0.84521973
Cc1ccc(NC(=O)c2ccc(CN3CCN(C)CC3)cc2)cc1Nc1nc(-c2cccnc2)cs1,0.1409854
C[C@@H](Cc1ccc(O)c(O)c1)[C@@H](C)Cc1ccc(O)c(O)c1,0.39474735
O=C1CCC[C@@H]2[C@H]3CCCN4CCC[C@@H](CN12)[C@@H]34,0.003449166
CC(C)n1c(=O)cc(N[C@@H](C)c2ccccc2)[nH]c1=O,0.03899416
CC(C)(O)c1ccccc1-c1ccc2nc(/C=C/c3ccc(C(F)(F)F)cc3)[nH]c2c1,0.79380035
COC(=O)N1CC[C@@H]2[C@H]1CCC[C@@]2(O)C#Cc1cccc(C)c1,0.0017985025
C=C1/C(=C\C=C2/CCC[C@]3(C)[C@@H]([C@H](C)OCCC(C)(C)O)CC[C@@H]23)C[C@@H](O)C[C@@H]1O,0.11025692
CCc1cnc(N2CCC(c3nc(COc4ccc(-n5cnnn5)cc4)cs3)CC2)nc1,0.0052871834
Cc1ncc(COP(=O)(O)O)c(C=O)c1O,0.0005747908
CC(C)(O)c1coc(S(=O)(=O)NC(=O)Nc2c3c(cc4c2CCC4)CCC3)c1,0.060286507
CSc1ccc([C@H]2CN3CCC[C@H]3c3ccccc32)cc1,0.01170846
CC1(N2CCC(n3c([C@@H]4CCCNC4)nc4ccccc43)CC2)CCCCCCC1,0.028997771
Clc1cccc(N2CCNCC2)c1,0.010109099
Cn1c(/C=C/C(=O)NO)ccc1/C=C/C(=O)c1cccc(F)c1,0.047011048
C=C1C[C@]23C[C@@]1(O)CC[C@H]2[C@@]12C=C[C@H](O)[C@@](C)(C(=O)O1)[C@H]2[C@@H]3C(=O)O,7.63077e-05
COc1cc(-n2c(=S)[nH]c3ccccc3c2=O)c(Cl)cc1Cl,0.9839684
O[C@H](c1ccccc1)C1CCN(CCc2ccccc2)CC1,0.0114107095
Cn1c(-c2ccccc2)nnc1S(C)(=O)=O,0.003738584
O=C(O)CCc1c(C(=O)O)[nH]c2cc(Cl)cc(Cl)c12,0.37612256
O=C1CC2(CCCC2)CC(=O)N1CCCCNC[C@H]1COc2ccccc2O1,0.0015662794
O=C1CC2(CCCC2)CC(=O)N1CCNC[C@H]1COc2ccccc2O1,0.0013763378
CS(=O)(=O)OCOS(C)(=O)=O,0.0011980708
C[C@H](NC(=O)CCc1nc(=O)c2ccccc2[nH]1)c1ccccc1,0.008250073
COC(=O)Nc1nc2ccc(C(=O)c3ccccc3)cc2[nH]1,0.008055073
CCN(CCCCOC(=O)c1ccc(OC)c(OC)c1)[C@@H](C)Cc1ccc(OC)cc1,0.05664409
CN1CCc2c(c3ccccc3n2Cc2ccccc2)C1,0.02134261
CN1C(=O)N(C)C2C1N(C)C(=O)N2C,0.0058013545
Cc1cc(C)c(NC(=O)CN(CC(=O)O)CC(=O)O)c(C)c1Br,0.0024179504
CNC1(C)C2CCC(C2)C1(C)C,0.009809067
CCOC(=O)c1c(C)n(C)c2ccc(O)cc12,0.009720982
COc1cccc(OC)c1-c1cc(C(=O)NC2(C(=O)O)C3CC4CC(C3)CC2C4)nn1-c1ccnc2cc(Cl)ccc12,0.531424
Cc1cccc(CN2CCN([C@@H](c3ccccc3)c3ccc(Cl)cc3)CC2)c1,0.20375393
C=C1c2c(Cl)ccc(O)c2C(=O)C2=C(O)[C@]3(O)C(O)=C(C(N)=O)C(=O)[C@@H](N(C)C)[C@@H]3[C@@H](O)[C@H]12,0.9961253
Cc1ccc(Cl)c(Nc2ccccc2C(=O)O)c1Cl,0.29289636
CN(C)CCOC(=O)COc1ccc(Cl)cc1,0.002836116
COC(=O)[C@@H](N)CS,0.0034366911
Cc1cccc([C@@H](C)c2cnc[nH]2)c1C,0.09386358
CC(C)(CCCCCCCCCCC(C)(C)CC(=O)O)CC(=O)O,0.11573196
Cc1nccc2[nH]c(=O)ccc12,0.013746271
O=P(O)(O)CP(=O)(O)O,4.6690246e-05
CC(=O)[C@@]1(O)CC[C@H]2[C@@H]3C[C@H](C)C4=CC(=O)CC[C@]4(C)[C@H]3CC[C@@]21C,0.0009930327
CC(=O)O[C@]1(C(C)=O)CC[C@H]2[C@@H]3C[C@H](C)C4=CC(=O)CC[C@]4(C)[C@H]3CC[C@@]21C,0.0012518341
CC(=O)[C@H]1CC[C@H]2[C@@H]3C[C@H](C)C4=CC(=O)CC[C@]4(C)[C@H]3[C@@H](O)C[C@]12C,0.0023428705
Cc1cccc(Nc2ccccc2C(=O)O)c1C,0.03283237
CCN(CC)CCNC(=O)COc1ccc(OC)cc1,0.006561364
O[C@@H](c1cc(C(F)(F)F)nc2c(C(F)(F)F)cccc12)[C@H]1CCCCN1,0.82850796
CC(=O)[C@@]1(O)CC[C@H]2[C@@H]3C=C(C)C4=CC(=O)CC[C@]4(C)[C@H]3CC[C@@]21C,0.0006604686
CC(=O)O[C@]1(C(C)=O)CC[C@H]2[C@@H]3C=C(C)C4=CC(=O)CC[C@]4(C)[C@H]3CC[C@@]21C,0.0008343832
COc1ccc(Cl)cc1C(=O)NCCc1ccc(C(=O)O)cc1,0.0029918405
CNC[C@H](O)[C@@H](O)[C@H](O)[C@H](O)CO,0.0010821641
CC(O)(CC(=O)O)CC(=O)O,0.0014626121
CN1C(=O)/C(=C2/C(=O)Nc3ccccc32)c2ccccc21,0.038981188
N#CC(C(=N)Sc1ccc(N)cc1)c1ccccc1C(F)(F)F,0.8302099
CCCC[C@H](NC(C)=O)C(=O)N[C@H]1CC(=O)NCCCC[C@@H](C(N)=O)NC(=O)[C@H](Cc2c[nH]c3ccccc23)NC(=O)[C@H](CCCNC(=N)N)NC(=O)[C@@H](Cc2ccccc2)NC(=O)[C@H](Cc2cnc[nH]2)NC1=O,0.7327375
COc1ccc2[nH]cc(CCNC(C)=O)c2c1,0.009153343
C[N+](C)(C)NCCC(=O)O,0.001042921
C=C1C[C@H]2[C@H]3C=C(C)C4=CC(=O)CC[C@]4(C)[C@@H]3CC[C@]2(C)[C@@]1(OC(C)=O)C(C)=O,0.0010484558
COC(=O)[C@@H](N)Cc1ccc(O)c(O)c1,0.0036078773
Cc1cnc(NC(=O)C2=C(O)c3ccccc3S(=O)(=O)N2C)s1,0.0042596217
CC1CCN(CCCC(=O)c2ccc(F)cc2)CC1,0.0044877604
N[C@@H](Cc1ccc(N(CCCl)CCCl)cc1)C(=O)O,0.006386293
N[C@@H](Cc1ccc([N+]([O-])(CCCl)CCCl)cc1)C(=O)O,0.0013375863
CC(C)(C)NC[C@@H](O)c1ccc(O)cc1Cl,0.013560624
C[C@]12C[C@@H]3C[C@](C)(C1)C[C@@](N)(C3)C2,0.02569898
CC1=CC(=O)c2ccccc2C1=O,0.0025246872
C[C@@]1(S(=O)(=O)O)CC(=O)c2ccccc2C1=O,0.0006240277
CC(C)=CCC/C(C)=C/CC/C(C)=C/CC/C(C)=C/CC1=C(C)C(=O)c2ccccc2C1=O,0.7121564
COc1ccc(C(=O)CCC(=O)O)c2ccccc12,0.001527733
CCN(CC)CCC[C@@H](C)Nc1c2ccc(Cl)cc2nc2ccc(OC)cc12,0.55082065
C#CC(C)(O)CC,0.0034824396
CN1CCC[C@@H](CN2c3ccccc3Sc3ccccc32)C1,0.5177425
C[N+]1(C)CCC[C@H](OC(=O)C(O)(c2ccccc2)c2ccccc2)C1,0.0015448094
Cc1ccccc1OC[C@@H](O)CO,0.0042951647
CNC(C)(C)Cc1ccccc1,0.04228653
CC[C@@]1(c2ccccc2)NC(=O)N(C)C1=O,0.0011478257
[O-][n+]1cccc(CO)c1,0.011877658
Cc1cccc(C)c1NC(=O)[C@H]1CCCCN1C,0.007192198
C[C@H]1C[C@H]2[C@@H]3CCC4=CC(=O)C=C[C@]4(C)[C@H]3C(=O)C[C@]2(C)[C@@]1(O)C(=O)CO,0.00032089674
CCCNC(C)(C)COC(=O)c1ccccc1,0.005132307
CC[C@@]1(c2cccc(O)c2)CCCCN(C)C1,0.00770768
COc1ccc(CN(CCN(C)C)c2ccccn2)cc1,0.028160196
COc1ccc(O)cc1,0.0086302105
O=C(Nc1ccccc1)c1c(O)[nH]c(=S)[nH]c1=O,0.94987917
O=C(O)c1ccccc1-c1c2cc(Br)c(=O)cc-2oc2[c]([Hg][OH])c(O)c(Br)cc12,0.99212027
S=c1nc[nH]c2nc[nH]c12,0.013245893
O=C(O)C[C@@H](S)C(=O)O,0.0042610886
CC(=O)Nc1ccc(C(=O)Nc2cc(-c3cccs3)ccc2N)cc1,0.03633888
CC(C)C(=O)OC[C@H]1O[C@@H](n2ccc(N)nc2=O)[C@](C)(F)[C@@H]1OC(=O)C(C)C,0.0015943471
COc1cc(NC(=O)Nc2cccc(CNC(=O)O[C@H]3CCOC3)c2)ccc1-c1cnco1,0.009036674
C[C@@H](O)[C@H]1C(=O)N2C(C(=O)O)=C(S[C@@H]3CN[C@H](C(=O)N(C)C)C3)[C@H](C)[C@H]12,0.9640937
COc1cc2cc(c1Cl)N(C)C(=O)C[C@H](OC(=O)[C@H](C)N(C)C(=O)CCS)[C@]1(C)O[C@H]1[C@H](C)[C@@H]1C[C@@](O)(NC(=O)O1)[C@H](OC)/C=C/C=C(\C)C2,0.012126732
Nc1ccc(O)c(C(=O)O)c1,0.0055401986
O=S(=O)(O)CCS,0.0028639091
CN1CCCC[C@@H]1CCN1c2ccccc2Sc2ccc([S@@](C)=O)cc21,0.31983283
CN(C)C(=O)Oc1ccc[n+](C)c1,0.006404122
C#C[C@]1(O)CC[C@H]2[C@@H]3CCc4cc(OC)ccc4[C@H]3CC[C@@]21C,0.0023330217
CN1C[C@@H](NS(=O)(=O)N(C)C)C[C@@H]2c3cccc4c3c(cn4C)C[C@H]21,0.00085538
CC(=O)Oc1cccc(C)c1,0.009596142
CC(=O)Nc1cccc(O)c1,0.0063864654
Cc1cccc(O)c1,0.009857664
CN1c2c([nH]c(N)nc2=O)NC[C@@H]1CNc1ccc(C(=O)N[C@@H](CCC(=O)O)C(=O)O)cc1,0.0023936306
Cc1c(N(C)CS(=O)(=O)O)c(=O)n(-c2ccccc2)n1C,0.0036886379
S=C=Nc1cccc(C2(N3CCCCC3)CCCCC2)c1,0.036145434
CC(C)NC[C@@H](O)c1cc(O)cc(O)c1,0.005180838
C[C@H](N)[C@H](O)c1cccc(O)c1,0.007991722
Nc1nccc(Oc2ccc(NC(=O)c3c[nH]cc(-c4ccc(F)cc4)c3=O)cc2F)c1Cl,0.9775014
Cc1cc(C)cc(OC[C@H]2CNC(=O)O2)c1,0.014591077
COc1cc2nc(N3CCN(C(=O)[C@H](C)OC)CC3)nc(N)c2cc1OC,0.0151295485
CSCC[C@@H](NC(=O)[C@@H](Cc1ccccc1)NC(=O)CNC(=O)CNC(=O)[C@@H](N)Cc1ccc(O)cc1)C(=O)O,0.008182065
CN1C[C@H](CNC(=O)OCc2ccccc2)C[C@@H]2c3cccc4c3c(cn4C)C[C@H]21,0.022318168
CN(C)C(=N)N=C(N)N,0.0043705516
CC(=O)O[C@@H](C)C[N+](C)(C)C,0.0035432035
C=C1c2cccc(O)c2C(=O)[C@@H]2C(=O)[C@]3(O)C(=O)[C@@H](C(N)=O)C(=O)[C@@H](N(C)C)[C@@H]3[C@@H](O)[C@H]12,0.94187665
CS(=O)(=O)F,0.0030325702
CC[N+](C)(CC)CCOC(=O)C1c2ccccc2Oc2ccccc21,0.0053037587
CN(C)CCN(Cc1cccs1)c1ccccn1,0.007132793
CCC1(CC)C(=O)NC(=O)N(C)C1=O,0.0007729134
CC(=O)N=c1sc(S(N)(=O)=O)nn1C,0.001285551
C1N2CN3CN1CN(C2)C3,0.0017456615
COC(=O)Nc1nc2ccc(SC(C)C)cc2[nH]1,0.01293062
COc1cccc(OC)c1C(=O)N[C@@H]1C(=O)N2[C@@H]1SC(C)(C)[C@@H]2C(=O)O,0.9562699
Cn1cc[nH]c1=S,0.014246807
CSCC[C@@H](N)C(=O)O,0.0021708533
CC(=O)SCCC(=O)N1[C@H](C)CCC[C@@H]1C(=O)O,0.0033914202
COc1ccccc1OC[C@@H](O)COC(N)=O,0.0020550292
COC(C)(C)CCC[C@H](C)C/C=C/C(C)=C/C(=O)OC(C)C,0.46288115
CN(Cc1cnc2nc(N)nc(N)c2n1)c1ccc(C(=O)N[C@@H](CCC(=O)O)C(=O)O)cc1,0.024076436
COc1ccc(OC)c(C(O)C(C)N)c1,0.008179499
COc1c2occc2cc2ccc(=O)oc12,0.0058553377
CON,0.0050619836
COC(F)(F)C(Cl)Cl,0.04315836
CN[C@@H](C)Cc1ccccc1OC,0.016318038
C[N+]1(C)[C@@H]2C[C@@H](OC(=O)[C@H](CO)c3ccccc3)C[C@H]1[C@@H]1O[C@@H]12,0.0005347859
CN1C(=O)C[C@](C)(c2ccccc2)C1=O,0.0015555857
CN1[C@@H](CCl)Nc2cc(Cl)c(S(N)(=O)=O)cc2S1(=O)=O,0.0008090202
COC(=O)CCC(=O)CN,0.0014663858
COC(=O)c1cccnc1,0.0028503677
COC(=O)c1ccccc1O,0.003431552
C[N+]1(C)[C@@H]2CC[C@H]1C[C@@H](OC(=O)[C@@H](CO)c1ccccc1)C2,0.0008003524
CC[N+](C)(CC)CCOC(=O)C(O)(c1ccccc1)c1ccccc1,0.0020557323
Cc1cc(C(C)(C)CC(C)(C)C)ccc1OCCOCC[N+](C)(C)Cc1ccccc1,0.92638564
[CH3][Co+][N]1/C2=C(/C)C3=N/C(=C/C4=N/C(=C(/C)C5=N[C@@](C)([C@@H]1[C@H](CC(N)=O)[C@@]2(C)CCC(=O)NC[C@@H](C)OP(=O)(O)O[C@H]1[C@@H](O)[C@@H](n2cnc6cc(C)c(C)cc62)O[C@@H]1CO)[C@@](C)(CC(N)=O)[C@@H]5CCC(N)=O)[C@@](C)(CC(N)=O)[C@@H]4CCC(N)=O)C(C)(C)[C@@H]3CCC(N)=O,3.029932e-06
C[C@](N)(Cc1ccc(O)c(O)c1)C(=O)O,0.0032913566
CCOC(=O)[C@@](C)(N)Cc1ccc(O)c(O)c1,0.00563375
CN(C)c1ccc2nc3ccc(=[N+](C)C)cc-3sc2c1,0.054215893
CC[C@@H](CO)NC(=O)[C@@H]1C=C2c3cccc4[nH]cc(c34)C[C@H]2N(C)C1,0.0043299086
CCN1C[C@]2(COC(=O)c3ccccc3N3C(=O)C[C@H](C)C3=O)CC[C@H](OC)[C@@]34[C@@H]5C[C@H]6[C@H](OC)[C@@H]5[C@](O)(C[C@@H]6OC)[C@@](O)([C@@H](OC)[C@H]23)[C@@H]14,0.00082924974
C[N@+]1(CC2CC2)CC[C@]23c4c5ccc(O)c4O[C@H]2C(=O)CC[C@@]3(O)[C@H]1C5,0.0002395516
COC(=O)c1ccc(O)cc1,0.0028241512
C[C@H]1C[C@@H]2[C@H]([C@@H](O)C[C@@]3(C)[C@H]2CC[C@]3(O)C(=O)CO)[C@@]2(C)C=CC(=O)C=C12,0.00038323388
CCC(=O)O[C@]1(C(=O)COC(C)=O)CC[C@H]2[C@@H]3C[C@H](C)C4=CC(=O)C=C[C@]4(C)[C@H]3[C@@H](O)C[C@@]21C,0.0003699125
C[C@H]1C[C@@H]2[C@H]([C@@H](O)C[C@@]3(C)[C@H]2CC[C@]3(O)C(=O)COC(=O)CCC(=O)O)[C@@]2(C)C=CC(=O)C=C12,8.43332e-05
Cc1cc(=O)[nH]c(=S)[nH]1,0.1337908
CC[C@@H](CO)NC(=O)[C@@H]1C=C2c3cccc4c3c(cn4C)C[C@H]2N(C)C1,0.0044666473
Cc1cc2c(cc1S(N)(=O)=O)S(=O)(=O)CCC2,0.0010780997
CC(=O)Oc1c(C)cc(OC[C@H](O)CNC(C)C)c(C)c1C,0.016548753
C[C@](N)(Cc1ccc(O)cc1)C(=O)O,0.0038300029
CSc1ccc2c(c1)[C@H](N1CCN(C)CC1)Cc1ccccc1S2,0.759023
CN1CCC[C@@H](CC2c3ccccc3Sc3ccccc32)C1,0.6458434
CCN(CC)CCNC(=O)c1cc(Cl)c(N)cc1OC,0.0048843417
COc1ccc2cc1Oc1cc3c(cc1OC)CC[N+](C)(C)[C@H]3Cc1ccc(cc1)Oc1c(OC)c(OC)cc3c1[C@@H](C2)[N+](C)(C)CC3,0.049793985
Cc1ccccc1N1C(=O)c2cc(S(N)(=O)=O)c(Cl)cc2N[C@@H]1C,0.0050740275
COCCc1ccc(OC[C@@H](O)CNC(C)C)cc1,0.009491705
COc1ccccc1OC(=O)[C@@H](C)c1ccc(CC(C)C)cc1,0.033258438
COP(=O)(OC)[C@@H](O)C(Cl)(Cl)Cl,0.0014742363
CC(=O)Nc1c(I)c(C(=O)N[C@@H]2[C@@H](O)[C@H](O)[C@@H](CO)O[C@@H]2O)c(I)c(N(C)C(C)=O)c1I,0.022607742
CC(=O)Nc1c(I)c(C(=O)O)c(I)c(N(C)C(C)=O)c1I,0.015424696
Cc1ncc([N+](=O)[O-])n1CCO,0.83534116
CC(C)(C(=O)c1cccnc1)c1cccnc1,0.0049850247
CC[C@H](C)C(=O)O[C@H]1CCC=C2C=C[C@H](C)[C@H](CC[C@@H]3C[C@@H](O)CC(=O)O3)[C@H]21,0.0024575687
COc1ccc(C(=O)c2ccc(C)cc2)c(O)c1,0.011396254
Cc1cccc(C)c1OC[C@@H](C)N,0.024769463
CC1(C)S[C@H]2[C@@H](NC(=O)[C@@H](NC(=O)N3CCN(S(C)(=O)=O)C3=O)c3ccccc3)C(=O)N2[C@@H]1C(=O)O,0.98897773
C[C@@H](NC(=O)CCc1nc(=O)c2ccccc2[nH]1)c1ccccc1,0.008851608
O=C1C[C@@H](c2ccc(O)cc2)Oc2cc(O)ccc21,0.0045932643
CC(C)C[C@@H](C=O)NC(=O)[C@H](CC(C)C)NC(=O)[C@H](CC(C)C)NC(=O)OCc1ccccc1,0.016204255
CC[N+](CC)(CC)CCOc1ccc(/C=C/c2ccccc2)cc1,0.12688524
Cn1cnc(-c2cc3nccc(Oc4ccc(NC(=S)NC(=O)Cc5ccccc5)cc4F)c3s2)c1,0.9532017
CC(=O)NCCNc1cc(Cl)nn2c(-c3cccc(S(=O)(=O)N(C)C)c3)c(C)nc12,0.00088910654
CN1CCN2c3ccccc3Cc3ccccc3C2C1,0.01447801
CC(C)S(=O)(=O)NC[C@H](C)c1ccc(-c2ccc(CCNS(C)(=O)=O)cc2)cc1,0.0049774144
COCC(=O)O[C@]1(CCN(C)CCCc2nc3ccccc3[nH]2)CCc2cc(F)ccc2[C@@H]1C(C)C,0.09574093
CCCCCOc1ccc(-c2cc(-c3ccc(C(=O)N[C@H]4C[C@@H](O)[C@@H](O)NC(=O)[C@@H]5[C@@H](O)[C@@H](C)CN5C(=O)[C@H]([C@H](O)CC(N)=O)NC(=O)[C@H]([C@H](O)[C@@H](O)c5ccc(O)c(OS(=O)(=O)O)c5)NC(=O)[C@@H]5C[C@@H](O)CN5C(=O)[C@H]([C@@H](C)O)NC4=O)cc3)no2)cc1,0.9643744
Clc1ccc(CO[C@@H](Cn2ccnc2)c2ccc(Cl)cc2Cl)c(Cl)c1,0.97312254
CNC[C@@H]1CC[C@@H](N)[C@@H](O[C@H]2[C@H](O)[C@@H](O[C@H]3OC[C@](C)(O)[C@H](NC)[C@H]3O)[C@H](N)C[C@@H]2N)O1,0.010779685
O=C(O)[C@H]1CN(C/C=C/P(=O)(O)O)CCN1,0.00019858332
CCC(=O)O[C@@H]1CC(=O)O[C@H](C)C/C=C/C=C/[C@H](O)[C@H](C)C[C@H](CC=O)[C@H](O[C@@H]2O[C@H](C)[C@@H](O[C@H]3C[C@@](C)(O)[C@@H](OC(=O)CC)[C@H](C)O3)[C@H](N(C)C)[C@H]2O)[C@H]1OC,0.13037974
COc1ccc(OC)c([C@@H](O)CNC(=O)CN)c1,0.0029327732
CO[C@@H]1[C@H](N(C)C(=O)c2ccccc2)C[C@H]2O[C@]1(C)n1c3ccccc3c3c4c(c5c6ccccc6n2c5c31)C(=O)NC4,0.8940561
CC#C[C@]1(O)CC[C@H]2[C@@H]3CCC4=CC(=O)CCC4=C3[C@@H](c3ccc(N(C)C)cc3)C[C@@]21C,0.0007840542
COP(=O)(OC)O[C@@H](c1ccc(Cl)cc1)P(=O)(OC)OC,2.6749098e-05
OCCN1C[C@H](O)[C@@H](O)[C@H](O)[C@H]1CO,0.0010366569
CCCCN1C[C@H](O)[C@@H](O)[C@H](O)[C@H]1CO,0.0022669565
CCCCCNCC(N)=O,0.0054278723
CC1(C)CCC2(CC1)N[C@@H](C(=O)N[C@@H]1CC[C@@H](C(N)=O)OC1)[C@H](c1ccnc(Cl)c1F)[C@]21C(=O)Nc2cc(Cl)ccc21,0.26845446
CCN(CC)C(=O)[C@@]1(c2ccccc2)C[C@H]1CN,0.0035466803
Cc1[nH]c(=O)c(C#N)cc1-c1ccncc1,0.016213585
CCCCCCCCCCCCCCCCOP(=O)(O)OCC[N+](C)(C)C,0.0028064118
N[C@@H](Cn1ccc(=O)c(O)c1)C(=O)O,0.00870172
Cc1cc(-c2ccccc2)nnc1NCCN1CCOCC1,0.0063444595
CCCCCCCC/C=C\CCCCCC[C@@H](O)C(=O)O,0.02625825
CN(C)c1ccc(O)c2c1C[C@H]1C[C@H]3[C@H](N(C)C)C(=O)[C@@H](C(N)=O)C(=O)[C@@]3(O)C(=O)[C@H]1C2=O,0.40620652
O=P(O)(O)C(O)(Cc1cnc2ccccn12)P(=O)(O)O,2.0732095e-05
Nc1cc(N2CCCCC2)nc(N)[n+]1[O-],0.013717189
CCC(=O)O[C@@H]1CC(=O)O[C@H](C)C/C=C/C=C/[C@H](OC(C)=O)[C@H](C)C[C@H](CC=O)[C@H](O[C@@H]2O[C@H](C)[C@@H](O[C@H]3C[C@@](C)(OC(C)=O)[C@@H](OC(=O)CC)[C@H](C)O3)[C@H](N(C)C)[C@H]2O)[C@H]1OC,0.22379394
CCC(=O)OCN1C(=O)C=CC1=O,0.0015970195
Nc1nc(CC(=O)Nc2ccc(CCNC[C@H](O)c3ccccc3)cc2)cs1,0.039118946
O=C(O)[C@H]1CCCN1C(=O)CCCCC(=O)N1CCC[C@@H]1C(=O)O,0.00063182856
NC1=NC(=O)/C(=C/c2ccc(O)cc2)S1,0.20700374
CCCCCCCCCCCCCC(=O)O,0.02292879
CCCOc1ccc(S(=O)(=O)N2CCN(CCO)CC2)cc1-c1nc2c(CCC)cn(CC)c2c(=O)[nH]1,0.022917174
CCC1=C[C@@H]2[C@H](C1)C[C@]2(CN)CC(=O)O,0.002595006
CN1CCN2c3ncccc3Cc3ccccc3[C@@H]2C1,0.01193874
COC[C@@H](O)Cn1ccnc1[N+](=O)[O-],0.5809669
CCCCC(C)(O)C/C=C/[C@H]1[C@H](O)CC(=O)[C@@H]1CCCCCCC(=O)OC,0.0070498823
O=C(c1ccc(NS(=O)(=O)c2cccc3cccnc23)cc1)N1CCN(CC2CC2)CC1,0.0011099756
O=C(O)[C@H](CC(=O)N1C[C@H]2CCCC[C@H]2C1)Cc1ccccc1,0.0028300835
O=C(O)Cc1cccc2c(=O)cc(-c3ccccc3)oc12,0.0074142423
CO[C@@]12[C@H](COC(N)=O)C3=C(C(=O)C(C)=C(N)C3=O)N1C[C@@H]1N[C@@H]12,0.046140846
COC1=C(OC)C(=O)C(CCCCCCCCCC[P+](c2ccccc2)(c2ccccc2)c2ccccc2)=C(C)C1=O,0.041633505
Clc1ccc([C@@H](c2ccccc2Cl)C(Cl)Cl)cc1,0.17704293
O=C1c2c(O)ccc(O)c2C(=O)c2c(NCCNCCO)ccc(NCCNCCO)c21,0.9303659
COc1cc2c(cc1OC)[C@@H](Cc1cc(OC)c(OC)c(OC)c1)[N@@+](C)(CCCOC(=O)CC/C=C/CCC(=O)OCCC[N@+]1(C)CCc3cc(OC)c(OC)cc3[C@H]1Cc1cc(OC)c(OC)c(OC)c1)CC2,0.002131505
CCS(=O)(=O)Nc1ccc(Oc2ccc(F)cc2F)c(-c2cn(C)c(=O)c3[nH]ccc23)c1,0.89019465
CCOC(=O)Nc1cc2c(c(N)n1)NC(c1ccccc1)C(C)=N2,0.1042182
Nc1ncnc2c1ncn2[C@@H]1O[C@@H]2CO[P@@](=O)(S)O[C@@H]3[C@H](O)[C@@H](CO[P@@](=O)(S)O[C@H]2[C@H]1O)O[C@H]3n1cnc2c(N)ncnc21,5.0878185e-05
CN(c1nc(=O)cc[nH]1)C1CCN(c2nc3ccccc3n2Cc2ccc(F)cc2)CC1,0.044378873
NC(=O)C1N=CN([C@@H]2O[C@H](CO)[C@@H](O)[C@H]2O)C1=O,0.01081352
Cc1c(C(=O)NCc2cccnc2)nn(-c2ccc(Cl)cc2Cl)c1-c1ccc(Cl)cc1,0.9226259
C1Cc2[nH]nc(-c3nn[nH]n3)c2C1,0.0012819617
O=C1O[C@]2(CC[C@@H](C(=O)Nc3ccn(-c4ccccc4F)n3)CC2)c2cnccc21,0.00614019
C[C@@]1(O)[C@H](O)[C@@H](CO)O[C@H]1n1ccc2c(N)ncnc21,0.0041756458
O=C(O)CC[C@H]1CC[C@@](c2cc(F)ccc2F)(S(=O)(=O)c2ccc(Cl)cc2)CC1,0.0049714525
CN1C(=O)C(F)=C[C@]2(C)[C@H]3CC[C@]4(C)[C@@H](C(=O)NCc5nc6ncccc6[nH]5)CC[C@H]4[C@@H]3CC[C@@H]12,0.028450385
CO[C@@H]1COCC[C@@H]1N[C@@H]1CC[C@@](C(=O)N2CCc3ncc(C(F)(F)F)cc3C2)(C(C)C)C1,0.069435045
COc1ccc2cc(-c3cc(-c4cc(Cl)cc(Cl)c4)nn3[C@@H](C)c3ccc(C(=O)NCCC(=O)O)cc3)ccc2c1,0.76483226
COc1ccc(CNC(=O)c2cc(-c3cncc(Cl)c3)cnc2-c2ccccn2)nc1OC,0.05561319
C=CCn1c(=O)c2cnc(Nc3ccc(N4CCN(C)CC4)cc3)nc2n1-c1cccc(C(C)(C)O)n1,0.021941043
O=C(O)c1n[nH]c2c1C[C@H]1C[C@@H]21,0.009537699
CCN1C[C@H](C)n2c(c(O)c3c(=O)n(Cc4ccc(F)c(Cl)c4)nc(C(=O)NC)c32)C1=O,0.98696893
NC1(c2ccc(-c3nc4ccn5c(=O)[nH]nc5c4cc3-c3ccccc3)cc2)CCC1,0.14019036
FC(F)(F)c1ccc(Nc2ncnc3cc(-c4ncccc4C(F)(F)F)ccc23)cc1,0.25050467
CN(C[C@@H]1COCCO1)S(=O)(=O)Nc1ccc2ccc3ncc(-c4cnn(C)c4)cc3c(=O)c2c1,0.016659245
Cc1sc(C)c(C(=O)NC2(c3ccc(C(=O)O)cc3)CC2)c1Cc1ccc(C(F)(F)F)cc1,0.017152978
O=C(CN1C(=O)C2(CCCC2)NC[C@H]1c1cc(F)cc(F)c1)Nc1ccc2c(c1)C[C@@]1(C2)C(=O)Nc2ncccc21,0.0057224142
COc1ccc(CNC(=O)c2cc(-c3cncc(C)c3)ncc2-c2nccs2)nc1OC,0.023594473
COc1cc(C(=O)N2CCC3(CC2)CC(=O)c2cc(-c4cncc(C(=O)O)c4)ccc2O3)cc2c1c(C)cn2C1CC1,0.01045303
O[C@@](Cc1ncc(CC2(C(F)(F)F)CC2)[nH]1)(c1ccc(-n2cccn2)cc1)C(F)(F)F,0.00039226556
O=C(O)[C@]1(Cc2cccc(Nc3nccs3)n2)CC[C@@H](Oc2cccc(Cl)c2F)CC1,0.41842622
CN(C)C(=O)CCS[C@@H](SCCC(=O)O)c1cccc(/C=C/c2ccc3ccc(Cl)cc3n2)c1,0.34112072
Cc1ccc(-c2ncccn2)c(C(=O)N2C[C@H](COc3ccc(F)cn3)CC[C@H]2C)c1,0.021078737
CN([C@@H]1CCc2c(CC(=O)O)c3ccccc3n2C1)S(=O)(=O)c1ccc(F)cc1,0.0010622214
Cc1ccc(Cc2cc3c(=O)n([C@H]4CCCC[C@@H]4O)cnc3c3ccccc23)cn1,0.5900241
Cn1cc(-c2cnc3ccc4ccc(CS(=O)(=O)NCc5ccccn5)cc4c(=O)c3c2)cn1,0.14909936
O=C(O)Cn1nnc(-c2cc(N3CCC(Oc4cc(F)ccc4Br)CC3)no2)n1,0.0027764325
COc1ccc(C(NC(=O)c2cnc(-c3cccnn3)nc2O)c2ccc(OC)cc2)cc1,0.02243043
O=C(c1cccc(Cl)c1F)N1CCN(Cc2cccc(Nc3nccs3)n2)CC1,0.746887
CC(C)c1ccc2c(c1)c(SC(C)(C)C)c(CC(C)(C)C(=O)O)n2Cc1ccc(Cl)cc1,0.22257498
CC(C)c1ccc(CC(=O)N[C@H](C)c2ccc(OCC(F)(F)F)cn2)cc1,0.4456688
CCn1c(=O)/c(=C2\Sc3ccccc3N2C)s/c1=C/c1cccc[n+]1CC,0.9921524
O=C(c1ccc(-c2ccc(Cl)cc2)o1)N(Cc1ccccn1)c1ccc(N2CCNCC2)cc1,0.3030144
CC(C)n1nc(-c2ccc3oc(N)nc3c2)c2c(N)ncnc21,0.011078171
Nc1nc2cc(-c3ccc4ncc(C(=O)N5CCOCC5)n4c3)ccc2o1,0.090606354
C[C@@H](NC(=O)c1ncnc(N)c1Cl)c1ncc(C(=O)Nc2cc(C(F)(F)F)c(Cl)cn2)s1,0.87782425
O=C(O)c1ccc(Nc2ncc3c(n2)-c2ccc(Cl)cc2C(c2c(F)cccc2F)=NC3)cc1,0.98259556
CC(C)C[C@H](NC(=O)CNC(=O)c1cc(Cl)ccc1Cl)B1OC(=O)C(CC(=O)O)(CC(=O)O)O1,0.0013529821
COc1cc(N)c(Cl)cc1C(=O)OCCN1CCCCC1,0.004456735
Cc1ccc(S(=O)(=O)n2c(N)nc3ccccc32)cc1,0.0033627285
COc1ccc(CNCc2cccc3ccccc23)cc1,0.18880989
COc1ccc([C@H]2CC(c3ccccc3)=NN2c2ccc(S(N)(=O)=O)cc2)cc1,0.009315921
CCCC(=O)Nc1cccc(NC(=O)c2ccccc2Br)c1,0.010044941
Cc1ccc(CNc2ncnc3ccc(-c4ccc(CO)o4)cc23)o1,0.04177177
O=c1cc(N2CCN(c3cccc(C(F)(F)F)c3)CC2)[nH]c(=O)n1C1CCCCC1,0.25577366
Cc1cc(C)c2nc(-c3ccccn3)cc(C(=O)Nc3ccc(S(=O)(=O)Nc4onc(C)c4C)cc3)c2c1,0.022075638
Cc1cc(N2CCCCC2)nc2ccccc12,0.02511043
Cc1cc(C)c(NC(=O)[C@@H]2C[C@H]3CC[C@@H]2C3)c(C)c1,0.02008603
CC(C)(C)CCN1C[C@@H]2[C@@H](CNC(=O)c3cc(Cl)cc(Cl)c3)[C@@H]2C1,0.09181305
c1ccc(-c2ccc(CNc3nc(-c4ccccn4)nnc3-c3ccccc3)cc2)cc1,0.13836895
COc1ccc(-c2csc(NC(=O)[C@H]3CCCCN3S(=O)(=O)c3ccc(C)cc3)n2)cc1,0.0035726894
CC(C)c1ccc(NC(=O)c2cccs2)c(-c2nc3ccccc3[nH]c2=O)c1,0.45963314
Cc1cc(NC(=O)Nc2ccc(F)c(F)c2)n(-c2ccccc2)n1,0.74454665
O=C(NCCN1CCC2(CC1)C(=O)NCN2c1cccc(F)c1)c1ccc(F)c(F)c1,0.005439216
COc1cc2nc(C3CC3)nc(N3CCN(c4ccccc4OC)CC3)c2cc1OC,0.00745283
Cc1cnc(-c2ccccc2C(C)C)nc1NCc1ccc(-n2ccnn2)cc1,0.10926144
CN(C)CCCNC(=O)c1ccc(-c2cc(O)c3ncccc3c2)cc1,0.016996134
CSc1nc(-c2ccnc(N[C@@H](C)c3ccccc3)c2)c(-c2ccc(F)cc2)[nH]1,0.742351
COc1ccc(-c2cnc3c(-c4cccc5ncccc45)cnn3c2)cc1,0.19248989
O=C(CN1CCN(C(=O)c2ccco2)CC1)Nc1cc(C(F)(F)F)ccc1Cl,0.024010412
COc1ccccc1C(=O)Nc1cccc(NC(=O)c2cccc(C)c2)c1,0.015760103
CC(C)(N)c1cc(C(=O)N[C@@H]2CCc3ccc(Oc4ccnc5c4CCC(=O)N5)cc3C2)cc(C(F)(F)F)c1,0.17968488
O=S(=O)(c1cccc2c(Cl)cccc12)N1CCCNCC1,0.00433537
CCC(CC)(NC(=O)C(C)C)C(=O)N[C@@H](CCCNC(=N)N)C(=O)NC1(C(=O)NC(c2ccc(F)cc2)c2ccc(F)cc2)CCCC1,0.022820849
CC1(C)CCC(C)(C)c2cc(C3(c4ccc5cc(C(=O)O)ccc5c4)SCCS3)ccc21,0.8589472
O=S(=O)(Nc1cc(Sc2ccccc2)c(O)c2ccccc12)c1c(F)c(F)c(F)c(F)c1F,0.99980444
COCc1nc2c([nH]1)c(=O)n(C)c(=O)n2CC(C)C,0.03170156
CS(=O)(=O)c1ccc(-c2cnc(N)c(-c3ccc(C(F)(F)F)nc3)c2)cc1,0.6083203
COc1ccccc1N1CCN(CCCCN2C(=O)CCC2=O)CC1,0.0010390675
CC(C)c1ccc(-c2cc(=O)c3ccccc3o2)cc1,0.1091497
Cn1cnnc1Sc1c([N+](=O)[O-])ncn1C,0.96820146
Nc1ccccc1NC(=O)c1ccc(CNc2nccc(-c3cccnc3)n2)cc1,0.17002779
O=C(NCCN1CCOCC1)c1ccc(Cl)cc1,0.002620734
Cc1nccnc1N1CCCCC1,0.009232218
CCOC(=O)[C@H](CCc1ccccc1)N[C@@H](C)C(=O)N1Cc2cc(OC)c(OC)cc2C[C@H]1C(=O)O,0.02047234
NC/C(=C/F)CCc1ccc(F)cc1,0.014765223
COc1ccc(-c2noc(CC(=O)O)c2-c2ccc(OC)cc2)cc1,0.029136565
CCOC(=O)CC(=O)N1CCS[C@@H]1COc1ccccc1OC,0.009928526
O=c1c(-n2ccnn2)c[nH]n1-c1cc(N2CCOCC2)ncn1,0.008186249
CCc1c(C)[nH]c2c1C(=O)[C@H](CN1CCOCC1)CC2,0.004166897
CCOC(=O)Nc1c[n+](N2CCOCC2)no1,0.0061637526
C[C@@H]1C[C@H]2[C@@H]3CCC4=CC(=O)C=C[C@]4(C)[C@@]3(Cl)[C@@H](O)C[C@]2(C)[C@@]1(O)C(=O)CCl,0.00034203165
C[C@@H]1C[C@H]2[C@@H]3CCC4=CC(=O)C=C[C@]4(C)[C@@]3(Cl)[C@@H](O)C[C@]2(C)[C@@]1(OC(=O)c1ccco1)C(=O)CCl,0.00043067636
CCOC(=O)C1=C(C)NC(=S)N[C@@H]1c1cccc(O)c1,0.052026153
CC[C@@]1([C@@H]2O[C@@H]([C@H]3O[C@@](O)(CO)[C@H](C)C[C@@H]3C)C[C@@H]2C)CC[C@H]([C@]2(C)CC[C@]3(C[C@H](O)[C@@H](C)[C@@H]([C@@H](C)[C@@H](OC)[C@H](C)C(=O)O)O3)O2)O1,0.18184422
C[C@](C#N)(COc1cc(C#N)ccc1C(F)(F)F)NC(=O)c1ccc(SC(F)(F)F)cc1,0.02485783
Oc1ccc(OCc2ccccc2)cc1,0.018978214
C[C@H]1C(=O)O[C@@H]2CCN3CC=C(COC(=O)[C@](C)(O)[C@]1(C)O)[C@H]23,0.0005632806
CCCCCCCC(=O)OC[C@@H](O)CO,0.0025081926
COC(=O)/C=C/C(=O)O,0.002226464
Nc1cccc2c(=O)[nH][nH]c(=O)c12,0.6880393
CCCCCCCCCCCCCCCCCC(=O)OC[C@@H](O)CO,0.050205346
CC(C)(O)c1ccccc1CC[C@@H](SCC1(CC(=O)O)CC1)c1cccc(/C=C/c2ccc3ccc(Cl)cc3n2)c1,0.7753383
COc1ccccc1OC[C@@H](O)CNC(C)C,0.0048011034
CCOC(=O)Nc1ccc2c(c1)N(C(=O)CCN1CCOCC1)c1ccccc1S2,0.8167588
Cc1ccsc1/C=C/C1=NCCCN1C,0.007473019
O=c1c(O)c(-c2ccc(O)cc2O)oc2cc(O)cc(O)c12,0.7949287
Cc1ncc([N+](=O)[O-])n1C[C@@H](O)CN1CCOCC1,0.84352875
O=C(OCCN1CCOCC1)c1cccnc1Nc1cccc(C(F)(F)F)c1,0.0067023765
N=C(N)/N=C(\N)N1CCOCC1,0.0092798555
CCOC(=O)C1=C(CN2CCOCC2)NC(c2nccs2)=N[C@@H]1c1ccc(F)cc1Br,0.08263965
CCOc1cc(N)c(Cl)cc1C(=O)NC[C@H]1CN(Cc2ccc(F)cc2)CCO1,0.057788536
CC1=C(c2cc(-n3ccnc3)cs2)NNC(=O)C1,0.011323295
CC1(C)CNc2cc(NC(=O)c3cccnc3NCc3ccncc3)ccc21,0.09879094
CCCN(CCC)C(=O)C1=Cc2ccc(-c3ccc(C(=O)N4CCCC4)cc3)cc2N=C(N)C1,0.18833834
CO[C@@]1(NC(=O)[C@@H](C(=O)O)c2ccc(O)cc2)C(=O)N2C(C(=O)O)=C(CSc3nnnn3C)CO[C@@H]21,0.6457542
CCc1cc2cc(OC)c(OC)cc2c(Cc2ccccc2)n1,0.24158882
CO/N=C1\C[C@]2(C[C@@H]3C[C@@H](C/C=C(\C)C[C@@H](C)/C=C/C=C4\CO[C@@H]5[C@H](O)C(C)=C[C@@H](C(=O)O3)[C@]45O)O2)O[C@H](/C(C)=C/C(C)C)[C@H]1C,0.2660432
COc1c(N2C[C@@H]3CCCN[C@@H]3C2)c(F)cc2c(=O)c(C(=O)O)cn(C3CC3)c12,0.96604854
CC(=O)Oc1cc(C(C)C)c(OCCN(C)C)cc1C,0.010009974
COc1nc(C)nc(Cl)c1NC1=NCCN1,0.0044372603
Cc1ccccc1C(=O)Nc1ccc(C(=O)N2CCC[C@H](N(C)C)c3ccccc32)cc1,0.0086216675
Cc1cccc(C#Cc2ccccc2)n1,0.006969008
Cc1cc(N2CCOCC2)ccc1Nc1nc(NC2CCCCC2)c2[nH]cnc2n1,0.062204335
CC(C)CNc1nc(-c2cccc3ncccc23)cn2c(-c3ccc(C(=O)NC4CC4)cc3)cnc12,0.17586638
COc1cc(N2CCC(O)CC2)ccc1Nc1cc(Nc2ccccc2S(=O)(=O)C(C)C)c2cc[nH]c2n1,0.05129694
COc1cc(S(C)(=O)=O)ccc1Nc1nc2ccc(-c3ccc(NC(=O)[C@H](C)c4ccc(F)cc4)cc3)cn2n1,0.105899416
O=C(NCCCN1CCCCCC1)[C@H](c1ccccc1)C1CCCCC1,0.009345823
OCCc1ccc(OCCn2ccnc2)cc1,0.01738675
Cc1cc(-c2nncc3c(C(C)(C)C)c(OCc4ncnn4C)nn23)no1,0.0008689103
Cn1ncnc1COc1nn2c(-c3c(F)cccc3F)nnc2cc1C1CCC1,0.033043556
O=S(=O)(N[C@H]1CC[C@@](c2cc(F)ccc2F)(S(=O)(=O)c2ccc(Cl)cc2)CC1)C(F)(F)F,0.057956796
O=C(Cc1ccccc1)Nc1nc2ccc(Cl)cc2c2nc(-c3ccco3)nn12,0.00809347
CCOC(=O)C1=C(C)NC(c2ccccc2)=C(C(=O)OCc2ccc([N+](=O)[O-])cc2)[C@@H]1C#Cc1ccccc1,0.6652601
C#CCN1C(C)=C(C(=O)OC)[C@H](c2cccc([N+](=O)[O-])c2)C(C(=O)OCC)=C1C,0.03162322
S=C=Nc1cccc(NC(=S)NCCCCNC(=S)Nc2cccc(N=C=S)c2)c1,0.75224656
c1ccc(Oc2nc(NC3CCCCC3)c3[nH]cnc3n2)cc1,0.006633712
CN1CCN(Cc2ccc(-c3cn([C@H]4CC[C@H](O)CC4)c4nc(NCCC5CC5)ncc34)cc2)CC1,0.0663673
C[C@@H]1C=CNN1C(=O)c1cccnc1,0.0045916773
CCc1ccc(C(=O)COc2ccc(C[C@@H]3SC(=O)NC3=O)cc2)nc1,0.21859743
COc1cccc(C(=O)COc2ccc(Cc3sc(O)nc3O)cc2)c1,0.041717328
c1cnc(NCc2ccc(CNc3ncccn3)cc2)nc1,0.072039336
C[C@@](N)(C(=O)O)c1ccc(-c2nn[nH]n2)cc1,0.00054729666
FC(F)(F)c1ccc(/C=C/c2nc(COc3ccc(CCCCn4ccnn4)cc3)co2)cc1,0.45827156
C/C(=C\C(=O)OCCCCCCCCC(=O)O)C[C@@H]1OC[C@H](C[C@@H]2O[C@H]2[C@@H](C)[C@H](C)O)[C@@H](O)[C@H]1O,0.0056637926
NCc1cc(=O)[nH]o1,0.0065510967
CCc1cc(O)c(Oc2ccc(C(N)=O)cc2F)cc1F,0.29641217
Clc1cccc(Nc2nnc(-c3ccccc3)c3ccccc23)c1,0.08734549
COc1c(C)c2c(c(O)c1C/C=C(\C)CCC(=O)OCCN1CCOCC1)C(=O)OC2,0.011939764
COc1c(C)c2c(c(O)c1C/C=C(\C)CCC(=O)O)C(=O)OC2,0.010570151
O=c1c(O)c(-c2cc(O)c(O)c(O)c2)oc2cc(O)cc(O)c12,0.9133957
C[C@@H]1O[C@@H](Oc2c(-c3cc(O)c(O)c(O)c3)oc3cc(O)cc(O)c3c2=O)[C@H](O)[C@H](O)[C@H]1O,0.8133991
CCCCCCCCCCCCCCOC(=O)c1cccnc1,0.111191645
COc1cc(CN(CCN)C(=O)c2cccs2)ccc1OCc1ccccc1,0.07261732
CCCCCc1ccc(/C=C/C(=O)Nc2ccccc2C(=O)O)cc1,0.050283987
CC(=NNC(=S)NNC(=S)Nc1ccccc1Cl)c1ccccn1,0.9721029
O=C(NCCN1CCCCC1)c1ccc(I)cc1,0.0034109678
CC(=O)N[C@@H](C=O)[C@@H](O)[C@H](O)[C@H](O)CO,0.0018083871
CC(=O)N[C@@H](Cc1ccc(O)cc1)C(=O)O,0.005732453
CC(=O)NCCC(=O)N[C@@H](Cc1cnc[nH]1)C(=O)O,0.0020960954
CC(=O)NCC(=O)N[C@H](CCC(=O)O)C(=O)O,0.00076457975
CC(=O)N[C@@H]1[C@H](O)[C@H](O)[C@H](CO)O[C@@H]1O,0.0047069513
CC(=O)NCCc1c[nH]c2ccccc12,0.0076313727
CNCCc1cnc[nH]1,0.006804373
Oc1ccc2c3c1O[C@H]1c4c(c5ccccc5n4Cc4ccccc4)C[C@@]4(O)[C@@H](C2)N(CC2CC2)CC[C@]314,0.0024791593
c1ccc2sc(SNC3CCCCC3)nc2c1,0.13741419
O=C(NO)c1cccnc1,0.0048690434
C[C@@H]([C@H](O)c1ccccc1)N(C)C,0.0073762885
CNC=O,0.0039453357
CC[N+](C)(CC)CC(=O)Nc1c(C)cccc1C,0.0116631305
CN1CCCC1=O,0.0023083987
CN1CCN(c2ccc3ccccc3n2)CC1,0.0066560744
CN(C(=O)Cc1ccccc1)[C@H](CN1CCCC1)c1ccccc1,0.00892868
c1ccc2sc(SN3CCOCC3)nc2c1,0.06472957
O=C(Nc1ccc(O)cc1)c1ccccc1O,0.006607469
Cc1ccc(C)c(-n2cnc3cc(C(=O)NCc4ccccc4Cl)ccc32)c1,0.48447675
COc1ccc2cc(CCC(C)=O)ccc2c1,0.01613481
NC(=O)c1ccc[n+]([C@@H]2O[C@H](COP(=O)(O)OP(=O)(O)OC[C@H]3O[C@@H](n4cnc5c(N)ncnc54)[C@H](O)[C@@H]3O)[C@@H](O)[C@H]2O)c1,5.4977663e-06
C[C@H]1CCc2c(N3CCC(O)CC3)c(F)cc3c(=O)c(C(=O)O)cn1c23,0.9754191
CC(C)(C)NC[C@@H](O)COc1cccc2c1C[C@H](O)[C@H](O)C2,0.0034267106
NC(=O)C1=CN([C@@H]2O[C@H](COP(=O)(O)OP(=O)(O)OC[C@H]3O[C@@H](n4cnc5c(N)ncnc54)[C@H](OP(=O)(O)O)[C@@H]3O)[C@@H](O)[C@H]2O)C=CC1,2.4223263e-07
CCCCN1CCC[C@@H]1CNC(=O)c1cc(C#N)c2ccccc2c1OC,0.0016608925
N=C(N)Nc1ccc(C(=O)Oc2ccc3cc(C(=N)N)ccc3c2)cc1,0.2626139
CCOc1ccc2ccccc2c1C(=O)N[C@@H]1C(=O)N2[C@@H]1SC(C)(C)[C@@H]2C(=O)O,0.98140705
CCN(CC)CCOC(=O)[C@H](Cc1cccc2ccccc12)C[C@H]1CCCO1,0.029295102
CN(C/C=C/c1ccccc1)Cc1cccc2ccccc12,0.21125738
COc1ccccc1N1CCN(C[C@@H](O)COc2cccc3ccccc23)CC1,0.00902117
Oc1ccc2c3c1O[C@H]1[C@@H](O)CC[C@@]4(O)[C@@H](C2)N(CC2CCC2)CC[C@]314,0.0005852755
CN(C(=O)/C=C/c1ccoc1)[C@@H]1CC[C@@]2(O)[C@H]3Cc4ccc(O)c5c4[C@@]2(CCN3CC2CC2)[C@H]1O5,0.0006678514
CCn1cc(C(=O)O)c(=O)c2ccc(C)nc21,0.15976113
C=C1CC[C@@]2(O)[C@H]3Cc4ccc(O)c5c4[C@@]2(CCN3CC2CC2)[C@H]1O5,0.00056824734
C=CCN1CC[C@]23c4c5ccc(O)c4O[C@H]2[C@@H](OCCOCCOCCOCCOCCOCCOCCOC)CC[C@@]3(O)[C@H]1C5,0.0005227398
C=CCN1CC[C@]23c4c5ccc(O)c4O[C@H]2C(=O)CC[C@@]3(O)[C@H]1C5,0.0002745884
C=CCN1CC[C@]23c4c5ccc(O)c4O[C@H]2/C(=N/NC(=O)c2ccccc2)CC[C@@]3(O)[C@H]1C5,0.0006161944
O=C1CC[C@@]2(O)[C@H]3Cc4ccc(O)c5c4[C@@]2(CCN3CC2CC2)[C@H]1O5,0.00031179521
Oc1ccc2c3c1O[C@H]1c4oc5ccccc5c4C[C@@]4(O)[C@@H](C2)N(CC2CC2)CC[C@]314,0.0008885255
Oc1ccc2c3c1O[C@H]1c4[nH]c5ccccc5c4C[C@@]4(O)[C@@H](C2)N(CC2CC2)CC[C@]314,0.0010493257
CC(C)(O)CS(=O)(=O)Nc1ccc2c(c1)CCN(C(=O)COc1cccnc1)C2,0.0065422733
COc1ccccc1N1CCN(CCCCN2C(=O)c3ccccc3C2=O)CC1,0.0011224519
CO[C@H]1CC[C@@H](O[C@H]2C[C@H]([C@]3(C)CC[C@]4(C[C@H](O)[C@@H](C)[C@@H]([C@@H](C)/C=C(\C)C(=O)[C@H](C)C[C@H](C)C(=O)O)O4)O3)O[C@]3(O[C@@H]([C@H]4O[C@@](O)(CO)[C@H](C)C[C@@H]4C)C[C@@H]3C)[C@@H]2C)O[C@@H]1C,0.07272044
CC(=O)c1cc2c(o1)C(=O)c1ccccc1C2=O,0.06639372
C1=C(CC2=NCCN2)CCc2ccccc21,0.005164653
c1ccc2c(CC3=NCCN3)cccc2c1,0.011127967
CC(C)(C)NCc1cc(Nc2ccnc3cc(Cl)ccc23)c2c(c1O)CCCC2,0.43033448
Cn1cc(C(=O)c2cccc3ccccc23)cc1C(=O)O,0.11672769
COc1ccc2cc([C@H](C)C(=O)O)ccc2c1,0.006347626
C=CC(=O)N1CC[C@@H](Oc2nc(Nc3ccc(N4CCC(N5CCN(C)CC5)CC4)cc3)c(C(N)=O)nc2CC)C1,0.02133637
CC[C@@H](C(=O)O)[C@@H]1O[C@@H]([C@@H](C)[C@H](O)[C@H](C)C(=O)[C@H](CC)[C@H]2O[C@]3(C=C[C@@H](O)[C@]4(CC[C@@](C)([C@H]5CC[C@](O)(CC)[C@H](C)O5)O4)O3)[C@H](C)C[C@@H]2C)[C@@H](C)C[C@H]1C,0.103646226
CNS(=O)(=O)CCc1ccc2[nH]cc(C3CCN(C)CC3)c2c1,0.0030164088
O=C1C[C@@H](c2ccc(O)cc2)Oc2cc(O)cc(O)c21,0.015254407
O=C(O)/C=C/c1ccc(O)cc1,0.005720944
C[C@@H]1O[C@@H](O[C@H]2[C@H](Oc3cc(O)c4c(c3)O[C@H](c3ccc(O)cc3)CC4=O)O[C@H](CO)[C@@H](O)[C@@H]2O)[C@H](O)[C@H](O)[C@H]1O,0.008417247
C[C@@H]1O[C@@H](O[C@H]2[C@H](Oc3cc(O)c(C(=O)CCc4ccc(O)cc4)c(O)c3)O[C@H](CO)[C@@H](O)[C@@H]2O)[C@H](O)[C@H](O)[C@H]1O,0.0045623984
CCCC[C@H](NC(=O)[C@@H]1[C@@H]2[C@H](CN1C(=O)[C@@H](NC(=O)NC1(CS(=O)(=O)C(C)(C)C)CCCCC1)C(C)(C)C)C2(C)C)C(=O)C(=O)NC1CC1,0.01098942
C1=C(CN2CCOCC2)COc2c1cccc2OC[C@H]1CNCCO1,0.0049004965
CC(C)(C)C(=O)CN1C(=O)[C@H](NC(=O)Nc2cccc(C(=O)O)c2)CN(C2CCCCC2)c2ccccc21,0.0031381694
C[C@@H]1C/C=C/C=C/C=C/C=C/[C@H](O[C@@H]2O[C@H](C)[C@@H](O)[C@H](N)[C@@H]2O)C[C@@H]2O[C@](O)(C[C@@H](O)C[C@H]3O[C@@H]3/C=C/C(=O)O1)C[C@H](O)[C@H]2C(=O)O,0.0011590244
CC(C)[C@H]1CC[C@H](C(=O)N[C@H](Cc2ccccc2)C(=O)O)CC1,0.012853761
O=C(NCc1ccc(OC(F)(F)F)cc1)[C@@H]1c2ccccc2C(=O)N1C1CCOCC1,0.010499197
CC[C@@H](Nc1c(Nc2cccc(C(=O)N(C)C)c2O)c(=O)c1=O)c1ccc(C)o1,0.86467505
CC1(C)CCC(c2ccc(Cl)cc2)=C(CN2CCN(c3ccc(C(=O)NS(=O)(=O)c4ccc(N[C@H](CCN5CCOCC5)CSc5ccccc5)c(S(=O)(=O)C(F)(F)F)c4)cc3)CC2)C1,0.42384323
CCCN1CCO[C@@H]2c3cc(O)ccc3CC[C@H]21,0.007822744
Nc1ncnc2c1ncn2CCNCCCCCO,0.006648906
CCCN(CC1CC1)c1nc(C)nc(Nc2c(Cl)cc(Cl)cc2Cl)c1Cl,0.9802802
CCOc1ccc(-n2c([C@@H](C)N(Cc3cccnc3)C(=O)Cc3ccc(F)c(C(F)(F)F)c3)nc3ncccc3c2=O)cc1,0.97242343
COc1cc2c(cc1OC)[C@H]1C[C@@H](O)[C@H](CC(C)C)CN1CC2,0.005826497
NS(=O)(=O)c1cccc2c1c([N+](=O)[O-])cc1[nH]c(=O)c(=O)[nH]c12,0.9508555
O=C(O)/C=C1\CCCc2ccccc2[C@H]1O,0.0034512626
C[C@]12C=CC(=O)C=C1CC[C@@H]1[C@@H]2[C@@H](O)C[C@@]2(C)[C@H]1CC[C@]2(O)C(=O)COC(=O)c1ccc(CO[N+](=O)[O-])cc1,0.00015549037
Cc1nccn1Cc1ccccn1,0.048145816
CCCCn1c(-c2ccccc2)nc(-c2ccccc2)c1CN(Cc1ccc2c(c1)OCO2)Cc1ccc2c(c1)OCO2,0.19987729
CCCN(CCC)CCc1ccc(OC)c(OCCc2ccccc2)c1,0.10706729
O[C@H](CNC[C@@H](O)[C@H]1CCc2cc(F)ccc2O1)[C@@H]1CCc2cc(F)ccc2O1,0.014998958
NC[C@@H]1CC(=O)N(Cc2ccccc2)C1,0.0059008505
CCNC(=O)[C@H]1O[C@@H](n2cnc3c(N)ncnc32)[C@H](O)[C@@H]1O,0.003858905
CN1C(=O)[C@H](Cc2c[nH]c3ccccc23)NC1=S,0.03065106
CN1C(=O)N[C@H](Cc2c[nH]c3c(Cl)cccc23)C1=O,0.01703431
[NH2][Pt]1([NH2])[O]C=C(O)[O]1,0.0017098791
CCCc1c2oc(C(=O)O)cc(=O)c2cc2c(=O)cc(C(=O)O)n(CC)c12,0.9086067
CCc1nn(CCCN2CCN(c3cccc(Cl)c3)CC2)c(=O)n1CCOc1ccccc1,0.05994887
Cc1cccc(C)c1NC(=O)CN1CCCC1=O,0.0037792802
CN1CCO[C@@H](c2ccccc2)c2ccccc2C1,0.009675007
COc1nc(N)nc2c1ncn2[C@@H]1O[C@H](CO)[C@@H](O)[C@@H]1O,0.0018506366
Cc1c(O)cccc1C(=O)N[C@@H](CSc1ccccc1)[C@H](O)CN1C[C@H]2CCCC[C@H]2C[C@H]1C(=O)NC(C)(C)C,0.02257411
COC(=O)Nc1c(N)nc(-c2nn(Cc3ccccc3F)c3ncccc23)nc1N,0.085282154
COc1ccc(NC(=O)Nc2ccc(F)cc2F)cc1-c1c(Br)cnn1C,0.8255948
Nc1c(Cl)cc(C=C2NCCN2)cc1Cl,0.08290383
CC(C)N1CCN(Cc2cnc(-c3cc(-c4cccc5[nH]ccc45)cc4[nH]ncc34)o2)CC1,0.0412329
CNc1cc(OC)c(C(=O)N[C@@H]2CCN(Cc3ccccc3)[C@@H]2C)cc1Cl,0.021970345
COc1ccc(-n2nccn2)c(C(=O)N2CCC[C@@]2(C)c2nc3ccc(Cl)c(C)c3[nH]2)c1,0.019929687
COc1cccc2c1C(=O)c1c(O)c3c(c(O)c1C2=O)C[C@@](O)(C(=O)CO)C[C@@H]3O[C@H]1C[C@H](N2CCO[C@H](OC)C2)[C@H](O)[C@H](C)O1,0.915205
CCC[N@+]12[C@H](O)[C@@H](CC)[C@@H]3C[C@@H]1[C@@H]1N(C)c4ccccc4[C@]14C[C@H]2[C@@H]3[C@@H]4O,0.0013265357
COc1ccc([C@@H]2CC(=O)c3c(O)cc(O[C@@H]4O[C@H](CO)[C@@H](O)[C@H](O)[C@H]4O[C@@H]4O[C@@H](C)[C@H](O)[C@@H](O)[C@H]4O)cc3O2)cc1O,0.0098513495
COc1ccc(CCC(=O)c2c(O)cc(O[C@@H]3O[C@H](CO)[C@@H](O)[C@H](O)[C@H]3O[C@@H]3O[C@@H](C)[C@H](O)[C@@H](O)[C@H]3O)cc2O)cc1O,0.0047391998
NC[C@@H]1O[C@H](O[C@H]2[C@@H](O)[C@H](O[C@@H]3[C@@H](O)[C@H](N)C[C@H](N)[C@H]3O[C@H]3O[C@H](CN)[C@@H](O)[C@H](O)[C@H]3N)O[C@@H]2CO)[C@H](N)[C@@H](O)[C@@H]1O,0.009748424
CN(C)C(=O)Oc1cccc([N+](C)(C)C)c1,0.0019994103
NC(=O)Cc1cccc(C(=O)c2ccccc2)c1N,0.008494805
NCc1c[nH]c(=S)n1[C@H]1CCc2c(F)cc(F)cc2C1,0.92666304
CCOc1cc2ncc(C#N)c(Nc3ccc(OCc4ccccn4)c(Cl)c3)c2cc1NC(=O)/C=C/CN(C)C,0.18872972
Cc1oncc1C(=O)N1CCCCC1,0.0029360752
NCCCCCC(O)(P(=O)(O)O)P(=O)(O)O,1.7854654e-05
CNC(=O)c1c(-c2ccc(F)cc2)oc2cc(N(CCO)S(C)(=O)=O)c(C3CC3)cc12,0.004798294
CCN[C@@H]1C[C@H](N)[C@@H](O[C@H]2OC(CN)=CC[C@H]2N)[C@H](O)[C@H]1O[C@H]1OC[C@](C)(O)[C@H](NC)[C@H]1O,0.007132209
Cc1ccccc1-c1cc(N2CCN(C)CC2)ncc1N(C)C(=O)C(C)(C)c1cc(C(F)(F)F)cc(C(F)(F)F)c1,0.15056862
COc1ccc(-c2nc(-c3ccc(-c4cccc(Cl)c4)o3)[nH]c2-c2ccc(OC)cc2)cc1,0.74219507
CCOC(=O)c1ccc(N(C)c2csc(-c3ccccc3)n2)cc1,0.0103786765
O=C(O)c1cc(NCc2c(F)c(F)c(C(F)(F)F)c(F)c2F)ccc1O,0.9986292
Cc1ccnc2c1NC(=O)c1cccnc1N2C1CC1,0.00261261
CCCCN(Cc1ccc(C(=O)NO)cc1)C(=O)Nc1ccccc1,0.05419166
Cc1ccc(NCCCc2ccccc2)c(N)c1,0.100241065
NC(=N[N+](=O)[O-])NCCC[C@H](N)C(=O)O,0.0013336696
O=C(NCCCCN1CCN(c2cccc(Cl)c2Cl)CC1)c1ccc2c(c1)Cc1ccccc1-2,0.67937523
c1ccc(-c2ncc(CN3CCN(c4ncccn4)CC3)[nH]2)cc1,0.010986648
CCC(CC)Nc1nc(C)c(-c2ccc(OC(F)(F)F)cc2OC)nc1OC,0.114389695
CCc1cc(Nc2nc(-c3ccc(-n4cnc(C)c4)c(F)c3)cs2)c(C)cc1C,0.88510954
COC(=O)c1cc2c(C(F)(F)F)cc(-c3ccccc3)cc2n1O,0.44835547
CCCCCCCCCCCCCCCC[n+]1ccn(Cc2ccccc2)c1C,0.9371098
COc1cc(C#N)ccc1S(=O)(=O)Nc1ccc2c(c1)cc(C)c(=O)n2C,0.0011533332
O=C(O)c1cccnc1,0.0034625612
O=C(CCNNC(=O)c1ccncc1)NCc1ccccc1,0.003432263
CCN(CC)CCCC[C@@H](NC(=O)c1ccc([N+](=O)[O-])cc1)c1ccccc1,0.030983003
CC(C)NC[C@H](O)COc1cccc2c1N(C(=O)c1cccnc1)CCC2,0.0033567508
C[C@@H](CNC(=O)c1cccnc1)NC(=O)c1cccnc1,0.0044860435
COC(=O)C1=C(C)NC(C)=C(C(=O)OCCN(C)Cc2ccccc2)[C@@H]1c1cccc([N+](=O)[O-])c1,0.07724108
CO[C@]12C[C@@H](COC(=O)c3cncc(Br)c3)CN(C)[C@@H]1Cc1cn(C)c3cccc2c13,0.0093714995
O=C(OCC(COC(=O)c1cccnc1)(COC(=O)c1cccnc1)COC(=O)c1cccnc1)c1cccnc1,0.00016981426
O=C(Nc1ccc([N+](=O)[O-])cc1Cl)c1cc(Cl)ccc1O,0.8034432
CC/C=C\C/C=C\C/C=C\C/C=C\C/C=C\CCCC(=O)NCCNC(=O)c1cccnc1,0.016498895
O=C(NCCO[N+](=O)[O-])c1cccnc1,0.0032865189
NC(=O)c1cccnc1,0.0039245323
CN1CCC[C@H]1c1cccnc1,0.006017618
OCc1cccnc1,0.007159242
COc1ccc(-c2c(C)c(C(=O)NN3CCCCC3)nn2-c2ccc(Cl)cc2Cl)cc1,0.79099584
COC(=O)C1=C(C)NC(C)=C(C(=O)OC)C1c1ccccc1[N+](=O)[O-],0.21347965
Cn1c(NCCN(CCO)CCCc2ccc([N+](=O)[O-])cc2)cc(=O)n(C)c1=O,0.0026944675
CC(C)NC[C@@H](O)c1ccc([N+](=O)[O-])cc1,0.0044107204
Cc1c(NC(=O)c2cccnc2)c(=O)n(-c2ccccc2)n1C,0.014247638
O=C(O)c1cccnc1Nc1cccc(C(F)(F)F)c1,0.015918847
O=C(N/N=C/c1ccc([N+](=O)[O-])o1)c1ccc(O)cc1,0.9390726
O=C(N/N=C/c1ccc([N+](=O)[O-])o1)c1cc([N+](=O)[O-])cc([N+](=O)[O-])c1O,0.9972984
C[C@H]1CS(=O)(=O)CCN1/N=C/c1ccc([N+](=O)[O-])o1,0.9552465
COC(=O)C1=C(C)NC(C)=C(C(=O)OCCCN2CCC(c3ccccc3)(c3ccccc3)CC2)[C@H]1c1cccc([N+](=O)[O-])c1,0.09026911
CCN(CC)C(=O)c1cccnc1,0.007170816
Cc1cn(-c2cc(NC(=O)c3ccc(C)c(Nc4nccc(-c5cccnc5)n4)c3)cc(C(F)(F)F)c2)cn1,0.8351805
CC1(C)NC(=O)N(c2ccc([N+](=O)[O-])c(C(F)(F)F)c2)C1=O,0.077938564
COC(=O)C1=C(C#N)NC(C)=C(C(=O)OC(C)C)[C@@H]1c1cccc([N+](=O)[O-])c1,0.017749745
CS(=O)(=O)Nc1ccc([N+](=O)[O-])cc1Oc1ccccc1,0.07178458
COCCOC(=O)C1=C(C)NC(C)=C(C(=O)OC(C)C)[C@@H]1c1cccc([N+](=O)[O-])c1,0.044349227
O=[N+]([O-])c1cncn1CCN1CCOCC1,0.792768
Cc1ncc(CNC(=O)N(CCCl)[NH2+][O-])c(N)n1,0.1472995
C/C=C/C[C@@H](C)[C@@H](O)[C@H]1C(=O)N[C@@H](CC)C(=O)N(C)CC(=O)N(C)[C@@H]([C@@H](C)CC)C(=O)N[C@@H](C(C)C)C(=O)N(C)[C@@H](CC(C)C)C(=O)N[C@@H](C)C(=O)N[C@H](C)C(=O)N(C)[C@@H](CC(C)C)C(=O)N(C)[C@@H](CC(C)C)C(=O)N(C)[C@@H](C(C)C)C(=O)N1C,0.96904165
Cc1c(C(=O)Nc2ccc(Oc3ccnc4cc(OCC(C)(C)O)ccc34)c(F)c2)c(=O)n(-c2ccccc2)n1C,0.9526909
COC(=O)c1ccc2c(c1)NC(=O)/C2=C(\Nc1ccc(N(C)C(=O)CN2CCN(C)CC2)cc1)c1ccccc1,0.038562022
NC(=O)c1cccc2cn(-c3ccc([C@@H]4CCCNC4)cc3)nc12,0.008225452
O=C1NCCN1c1ncc([N+](=O)[O-])s1,0.94449043
C=C(NC(=O)[C@@H](NC(=O)[C@H](Cc1cnc[nH]1)NC(=O)[C@@H](NC(=O)[C@H](CO)NC(=O)[C@H]1CS[C@H](C)[C@@H]2NC(=O)[C@@H](C)NC(=O)[C@@H](NC(=O)[C@H](CCCCN)NC(=O)[C@H](CCSC)NC(=O)[C@H](CC(N)=O)NC(=O)[C@H]3CS[C@H](C)[C@H](NC(=O)[C@H](CCCCN)NC(=O)[C@H]4CS[C@H](C)[C@H](NC(=O)[C@H]5CSC[C@H](NC(=O)/C(=C/C)NC(=O)[C@H](N)[C@H](C)CC)C(=O)N[C@@H]([C@@H](C)CC)C(=O)NC(=C)C(=O)N[C@H](CC(C)C)C(=O)N5)C(=O)N5CCC[C@@H]5C(=O)NCC(=O)N4)C(=O)NCC(=O)N[C@H](C)C(=O)N[C@H](CC(C)C)C(=O)N[C@H](CCSC)C(=O)NCC(=O)N3)[C@@H](C)SC[C@@H](NC2=O)C(=O)N[C@H](Cc2cnc[nH]2)C(=O)N1)[C@@H](C)CC)C(C)C)C(=O)N[C@@H](CCCCN)C(=O)O,1.0
COC(=O)C1=C(C)NC(C)=C(C(=O)OCC(C)C)[C@@H]1c1ccccc1[N+](=O)[O-],0.27261758
CNCC[C@@H](Oc1ccccc1OC)c1ccccc1,0.010020517
O=[N+]([O-])c1ccc([As](=O)(O)O)cc1,0.0006911235
CC(=O)Oc1ccccc1C(=O)Nc1ncc([N+](=O)[O-])s1,0.9665149
CC(=O)C(=Cc1cc(O)c(O)c([N+](=O)[O-])c1)C(C)=O,0.90577894
CCN(Cc1ccc(Cl)nc1)/C(=C/[N+](=O)[O-])NC,0.07256469
CC(=O)Nc1ncc([N+](=O)[O-])s1,0.9402376
O=C1CCCC(=O)C1=C(O)c1ccc(C(F)(F)F)cc1[N+](=O)[O-],0.6002476
CCOC(=O)C1=C(C)NC(C)=C(C(=O)OC)[C@@H]1c1cccc([N+](=O)[O-])c1,0.04081239
CCN(CC)CCOC(=O)C1(c2ccc([N+](=O)[O-])cc2)CCCC1,0.0011364715
C[C@@H](C(=O)OCCCCO[N+](=O)[O-])c1ccc(-c2ccccc2)c(F)c1,0.004301078
O=C1CN(/N=C/c2ccc([N+](=O)[O-])o2)C(=O)N1,0.93396956
NC(=O)N/N=C/c1ccc([N+](=O)[O-])o1,0.8662187
NC(=O)c1cc([N+](=O)[O-])cc([N+](=O)[O-])c1,0.05443411
CNC(=O)N(C)[NH2+][O-],0.008472151
O=[N+]([O-])c1ccc(O)c2ncccc12,0.11040446
CN/C(=C\[N+](=O)[O-])NCCSCc1csc(CN(C)C)n1,0.020676387
CCN(CC)Cc1nccn1-c1ccc([N+](=O)[O-])cc1C(=O)c1ccccc1Cl,0.9517798
O=C(NCc1ccccn1)Nc1nnc(-c2ccco2)o1,0.0018367637
[Cl][Ru+3]([Cl])([Cl])([Cl])([n+]1cc2ccccc2[nH]1)[n+]1cc2ccccc2[nH]1,0.9968971
Nc1ncc2c(n1)C[C@@H](c1ccco1)CC2=O,0.004666011
O[C@@H](C[C@H]1c2ccccc2-c2cncn21)C1CCCCC1,0.016513217
CN[C@H](CC(=O)O)C(=O)O,0.0014089375
CN1CCC(NC(=O)c2cc(-c3c(O)cc(O)cc3Oc3ccc([N+](=O)[O-])cc3)on2)CC1,0.12459435
CCc1cccc(CC)c1NC(=O)c1nn(C)c2c1CCc1cnc(Nc3ccc(C(=O)NC4CCN(C)CC4)cc3OC(F)(F)F)nc1-2,0.76532584
CN1CCN(c2ccc(OC(F)(F)F)c(Nc3ncc4c(n3)-c3c(c(C(N)=O)nn3CCO)CC4)c2)CC1,0.019952603
Cc1cc(OCc2nnc(SC3CCCC3)n2-c2cccnc2)ccc1-c1ccc(S(C)(=O)=O)cc1,0.3663454
C[C@@]1(O)[C@H](O)[C@@H](CO)O[C@H]1n1ccc(N)nc1=O,0.003922259
CCCCCCCCCN1C[C@H](O)[C@@H](O)[C@H](O)[C@H]1CO,0.0048386683
COc1ccccc1C1(O)CCN(CCCn2c3ccccc3c3ccccc32)CC1,0.0073925937
CC(C)[C@H]1c2ccc(F)cc2CC[C@@]1(CCN(C)CCCc1nc2ccccc2[nH]1)OC(=O)C1CC1,0.04814846
COC(=O)CN1CN(c2ccccc2)C2(CCN(Cc3cccc4ccccc34)CC2)C1=O,0.0021904954
O=C(O)C1=CCCN(CCON=C(c2ccccc2)c2ccccc2)C1,0.081639476
CC(=O)Oc1ccccc1C(=O)Oc1cccc(CO[N+](=O)[O-])c1,0.012062646
COc1ccc(-c2cc(=O)c3c(OC)c(OC)c(OC)c(OC)c3o2)cc1OC,0.010421598
COC(=O)Nc1nc2ccc(C(=O)c3cccs3)cc2[nH]1,0.0141995195
Cc1ccc2[nH]c(N)nc(=O)c2c1Sc1ccncc1,0.31549472
CC(=O)O[C@]1(C(C)=O)CC[C@H]2[C@@H]3C=C(C)C4=CC(=O)CC[C@@H]4[C@H]3CC[C@@]21C,0.0009044355
CN1Cc2c(N)cccc2[C@H](c2ccccc2)C1,0.021178229
CCCCCCCCC(=O)NCc1ccc(O)c(OC)c1,0.021589935
CCCCCCCCCc1ccc(OCCOCCOCCOCCOCCOCCOCCOCCOCCO)cc1,0.116147704
Oc1ccc2c3c1O[C@H]1c4[nH]c5c(c4C[C@@]4(O)[C@@H](C2)N(CC2CC2)CC[C@]314)C[C@@]1(O)[C@H]2Cc3ccc(O)c4c3[C@@]1(CCN2CC1CC1)[C@H]5O4,9.369469e-05
CNCCC=C1c2ccccc2C=Cc2ccccc21,0.04339655
C#C[C@]1(O)CC[C@H]2[C@@H]3CCC4=C/C(=N/O)CC[C@@H]4[C@H]3CC[C@@]21CC,0.00092745747
NC[C@H](O)c1ccc(O)c(O)c1,0.0058590774
C#C[C@]1(O)CC[C@H]2[C@@H]3CCC4=CC(=O)CC[C@@H]4[C@H]3CC[C@@]21C,0.0005590351
C#C[C@]1(OC(C)=O)CC[C@H]2[C@@H]3CCC4=CC(=O)CC[C@@H]4[C@H]3CC[C@@]21C,0.00060385815
C#C[C@]1(OC(=O)CCCCCC)CC[C@H]2[C@@H]3CCC4=CC(=O)CC[C@@H]4[C@H]3CC[C@@]21C,0.000654647
C#C[C@]1(O)CC[C@H]2[C@@H]3CCC4=C(CCC(=O)C4)[C@H]3CC[C@@]21C,0.0006282781
CCn1cc(C(=O)O)c(=O)c2cc(F)c(N3CCNCC3)cc21,0.9513084
NCC[C@@H](Oc1ccc(C(F)(F)F)cc1)c1ccccc1,0.035572123
C#C[C@]1(OC(C)=O)CC[C@H]2[C@@H]3CCC4=C/C(=N/O)CC[C@@H]4[C@H]3CC[C@@]21CC,0.0010501281
c1cncc([C@H]2CCCN2)c1,0.008352954
CNCCC=C1c2ccccc2CCc2ccccc21,0.021234276
CC(C)C[C@@H](N)C(=O)N[C@H]1C(=O)N[C@@H](CC(N)=O)C(=O)N[C@H]2C(=O)N[C@H]3C(=O)N[C@H](C(=O)N[C@H](C(=O)O)c4cc(O)cc(O)c4-c4cc3ccc4O)[C@H](O)c3ccc(c(Cl)c3)Oc3cc2cc(c3O[C@@H]2O[C@H](CO)[C@@H](O)[C@H](O)[C@H]2O[C@H]2C[C@](C)(N)[C@H](O)[C@H](C)O2)Oc2ccc(cc2Cl)[C@H]1O,0.9998915
COc1ccc2c(c1OC)C(=O)O[C@@H]2[C@H]1c2c(cc3c(c2OC)OCO3)CCN1C,0.0065528876
N[C@H](CCC(=O)N[C@@H](CSSC[C@H](NC(=O)CC[C@H](N)C(=O)O)C(=O)NCC(=O)O)C(=O)NCC(=O)O)C(=O)O,0.0001630012
CO[C@@H]1[C@@H](OC(N)=O)[C@@H](O)[C@H](Oc2ccc3c(O)c(NC(=O)c4ccc(O)c(CC=C(C)C)c4)c(=O)oc3c2C)OC1(C)C,0.78999054
C[C@]12CCC(=O)C=C1CC[C@@H]1[C@@H]2[C@@H](O)C[C@]2(C)C(=O)CC[C@@H]12,0.0009102412
CC(C)C[C@@H](NC(=O)OCC1c2ccccc2-c2ccccc21)C(=O)O,0.016375728
O=C(O)c1cc([N+](=O)[O-])ccc1NCCCc1ccccc1,0.09978176
CC(C)(Cc1ccc2ccccc2c1)NC[C@@H](O)COc1cccc(Cl)c1C#N,0.3091126
CC(C)(Cc1ccccc1)NC(=O)c1cnc2ccccc2n1,0.072589636
Cc1c(NC(=O)N2CCOCC2)ccc2c1c1ccccc1n2C(C)C,0.02883265
CCOC(=O)c1c2c3c(cccc3[nH]c1=O)C(=O)c1ccccc1-2,0.8634655
C[C@H](Nc1cc(-c2cnn(C)c2)cc(Nc2cnccn2)n1)c1ccc(F)cc1,0.46670827
FC(F)(F)c1cc(NC(=S)Nc2ccc(Br)cc2-c2nn[nH]n2)cc(C(F)(F)F)c1,0.13634427
CC(C)(O)c1ccc2c(c1)ncn2-c1cccc(-c2ccccc2C#N)c1,0.08880096
O=C(Nc1cc(C(F)(F)F)ccc1O)Nc1cc(C(F)(F)F)ccc1O,0.14073771
Nc1ncc(Cc2ccc(Br)cc2)s1,0.04507711
O=C1Nc2c(ccc(Cl)c2Cl)/C1=N/O,0.94198877
O=C(Nc1cccc(C(F)(F)F)c1)Nc1ccc(Br)cc1-c1nn[nH]n1,0.0026496537
CN1[C@@H]2CC[C@H]1C=C(c1sccc1Br)C2,0.026137775
O=C(Nc1cc(C(F)(F)F)cc(C(F)(F)F)c1)Nc1c(Br)cc(Br)cc1-c1nn[nH]n1,0.2381429
Cc1c(-c2ccccc2F)[nH]c(N)c1C#N,0.025060922
c1ccc2c(c1)CCC[C@H]2Nc1nc2ccccc2[nH]1,0.02419582
N#Cc1cccc(-c2nc(-c3cccnc3)no2)c1,0.0012448581
CCN(CC)CCC[C@@H](C)Nc1nc(C)cc(Nc2ccc3nc(C)cc(N)c3c2)n1,0.89179593
C/C(=N\NC(=S)N1CCC1)c1ccccn1,0.038301013
O=Nc1ccc(O)c2ncccc12,0.014389718
CCC[C@@H](C)NC(=O)c1ccc(Cl)c(Cl)c1,0.13948697
C=C(C)[C@@H]1CC[C@]2(CO)CC[C@]3(C)[C@H](CC[C@@H]4[C@@]5(C)CC[C@H](O)C(C)(C)[C@@H]5CC[C@]43C)[C@@H]12,0.2197226
Clc1ccc2c(NCCNc3ccnc4cc(Cl)ccc34)ccnc2c1,0.46117145
COc1ccc(OC)c2c(=S)c3ccccc3[nH]c12,0.34766617
Cc1ccc(/C=C2\CNC/C(=C\c3ccc(C)cc3)C2=O)cc1,0.6716049
O=[N+]([O-])c1cc([N+](=O)[O-])c(/C=C/c2ccc(Cl)c(Cl)c2)cc1/C=C/c1ccc(Cl)c(Cl)c1,0.99820375
O=C1C(Cl)=C(NCCN2CCOCC2)C(=O)c2ncccc21,0.07447136
Cc1ccc(S(=O)(=O)c2ccc([N+](=O)[O-])o2)cc1,0.8358406
O=C1C(SCCO)=C(SCCO)C(=O)c2ccccc21,0.01577891
CO[C@H]1CC=C2CCN3CCC4=C(CC(=O)OC4)[C@]23C1,0.0004167693
CC(C)CCNc1ncccc1C(=O)N1CCN(Cc2ccccc2)CC1,0.01069679
CC1=C(c2ccc(NC3=C(C)C(=O)CC3)cc2)NNC(=O)C1,0.00773858
O=[N+]([O-])c1ccccc1S(=O)(=O)NC[C@H]1CC[C@H](CNC[C@H]2CCc3ccccc3C2)CC1,0.0712343
Cc1ccc(S(=O)(=O)Nc2ccc3c(c2)c(C(=O)C(F)(F)F)cn3CC(=O)N[C@@H](CC(C)C)C(=O)O)cc1,0.67171746
O=C(O)c1c(Sc2ccccc2)c2cc(Cl)ccc2n1Cc1ccc(Cl)cc1,0.9886727
Oc1cc(CNC(=S)/C=C/c2cc(O)c(O)c(Br)c2)cc(O)c1O,0.5614041
Cc1nc(=O)c2cccc(O)c2[nH]1,0.009114128
Nc1nc(OCC2CCCCC2)c2[nH]cnc2n1,0.0066142553
Nc1nc(N)c(N=O)c(OCC2CCCCC2)n1,0.047008842
O=c1cc(N2CCOCC2)oc2c1ccc1ccccc12,0.028295817
O=c1cc(N2CCOCC2)oc2c(-c3cccc4c3sc3ccccc34)cccc12,0.32406142
O=C1N=C2SCCN2C(=O)[C@H]1Cc1ccc(Cl)cc1,0.026725769
COc1ccc(C2=N[C@@H](c3ccc(Cl)cc3)[C@@H](c3ccc(Cl)cc3)N2C(=O)N2CCNC(=O)C2)c(OC(C)C)c1,0.53259534
CN1CCC(C(=O)N2c3ccccc3NC(=O)c3cccnc32)CC1,0.001579327
Nc1ncnc2c1c(-c1cccc(OCc3ccccc3)c1)cn2[C@H]1C[C@H](CN2CCCC2)C1,0.18878455
Nc1ncnc2c1c(-c1cccc(OCc3ccccc3)c1)cn2[C@H]1C[C@@H](CN2CCC2)C1,0.12843797
CCNC(=O)c1noc(-c2cc(C(C)C)c(O)cc2O)c1-c1ccc(CN2CCOCC2)cc1,0.07131583
Cn1c(=O)n(-c2ccc(C(C)(C)C#N)cc2)c2c3cc(-c4cnc5ccccc5c4)ccc3ncc21,0.23238349
CCN1CCN(c2ccc(Nc3cc(N(C)C(=O)Nc4c(Cl)c(OC)cc(OC)c4Cl)ncn3)cc2)CC1,0.33150125
Cc1ccc(C(=O)Nc2cccc(C(F)(F)F)c2)cc1Nc1nc(-c2cccnc2)nc2c1cnn2C,0.088267826
Fc1cc(-c2cccc3ncc(-c4cnn(C5CCNCC5)c4)nc23)cc(F)c1CN1CCOCC1,0.734732
Cn1cc(-c2ccc3ncc(Cc4ccc5ncccc5c4)n3n2)cn1,0.25386924
N#Cc1ccc(NCCNCC(=O)N2CCC[C@H]2C#N)nc1,0.0008789062
COc1cccc(-c2cc(F)ccc2[C@H]2Cc3nc(N)nc(C)c3C(=O)N2)n1,0.06368255
CNC(=O)c1ccccc1Nc1nc(Nc2ccc(N3CCOCC3)cc2OC)ncc1Cl,0.054610837
COc1cc(N2CCC(N3CCN(C)CC3)CC2)ccc1Nc1ncc(Cl)c(Nc2ccccc2S(=O)(=O)C(C)C)n1,0.010234855
COc1ccc(C(=O)C2CCN(CC(=O)N(Cc3nc(=O)c4c([nH]3)CCOC4)CC3CC3)CC2)cc1,0.012706416
O=C(Nc1nc2ccc(NC(=O)C34CC5CC(CC(C5)C3)C4)cc2s1)c1ccccc1,0.033781193
CC(C)NC(=O)N1CC[C@H](NC2=Nc3cc(F)ccc3N(CC(F)F)c3ccc(Cl)cc32)C1,0.7072551
CC(C)(C)/[N+]([O-])=C/c1ccc(S(=O)(=O)O)cc1S(=O)(=O)O,0.00024313362
C[C@@H]1[C@H](O)[C@@H](C)/C=C/C=C/CC/C=C/C=C/C=C/C=C/[C@H](O[C@@H]2O[C@H](C)[C@@H](O)[C@H](N)[C@@H]2O)C[C@@H]2O[C@](O)(C[C@@H](O)[C@H](O)CC[C@@H](O)C[C@@H](O)C[C@@H](O)CC(=O)O[C@H]1C)C[C@H](O)[C@H]2C(=O)O,0.0005955001
NC(=O)CNCCC(c1ccccc1)c1ccccc1,0.027157381
OC[C@H]1O[C@@H](n2cnc3c(NC4CCCC4)ncnc32)[C@H](O)[C@@H]1O,0.0020974402
CNc1ncnc2c1ncn2[C@@H]1O[C@H](CO)[C@@H](O)[C@H]1O,0.001456735
Cc1cc(C(N)=O)ccc1-n1c(CCC(=O)O)ccc1-c1ccc(-n2ccnc2)cc1,0.029112106
CC(=O)OC[C@H](N)C(=O)O,0.0014475397
O=C(O)c1ccccc1S,0.05866263
C=C(C)[C@@H]1CCC(C)=C[C@H]1c1c(OC)cc(C)cc1OC,0.014950146
Cc1cc(C)c(S(=O)(=O)Nc2ccccc2C(F)(F)F)c(C)c1,0.09437565
O=C(Nc1nc(=O)n(Cc2ccc(Cl)cc2)s1)c1ccc(Cl)cc1,0.16705635
O=C(Nc1cc2cc[nH]c2cn1)c1ccccc1,0.008761396
O=C(Nc1ccc2[nH]ccc2c1)c1ccccc1,0.015678264
COC1=CC(c2cc3ccccc3[nH]2)=N/C1=C\c1[nH]c(C)cc1C,0.13154756
CC[C@H]1[C@@H](O)[C@H]2[C@H]3CC[C@@H]([C@@H](C)CCC(=O)O)[C@@]3(C)CC[C@@H]2[C@@]2(C)CC[C@@H](O)C[C@@H]12,0.06676717
O/N=C/c1cc[n+](COC[n+]2ccc(/C=N/O)cc2)cc1,0.38800764
Cc1nc2c(C)cccn2c(=O)c1CCN1CCC(c2noc3cc(F)ccc23)CC1,0.023633197
C[C@@H]1CC(=O)c2c(ccc3c2C(=O)c2cccc(O)c2C3=O)C1,0.9343919
O=C(c1ccccn1)c1cnn2c(-c3ccncc3)ccnc12,0.01902693
CC(C)c1ccc(C(=O)NCCOc2ccc(C(=O)O)cc2)cc1,0.012022623
CCCCCCCCCCCCCCCCCCO,0.4784147
C[Si](C)(C)O[Si](C)(C)O[Si](C)(C)C,0.01942923
CCCCCCCCN=c1ccn(CCCCCCCCCCn2ccc(=NCCCCCCCC)cc2)cc1,0.9883559
CCCC[C@@H](CC)COC(=O)/C=C/c1ccc(OC)cc1,0.099171124
CCCC[C@@H](CC)COC(=O)c1ccccc1O,0.017696077
CCCC[C@@H](CC)COC(=O)C(C#N)=C(c1ccccc1)c1ccccc1,0.85481787
CC(C)CCC[C@@H](C)N,0.023711052
NCC(O)c1ccc(O)cc1,0.007307567
C[C@@H](O)[C@@H]1NC(=O)[C@H](CCCCN)NC(=O)[C@H](Cc2c[nH]c3ccccc23)NC(=O)[C@H](Cc2ccccc2)NC(=O)[C@H](NC(=O)[C@@H](N)Cc2ccccc2)CSSC[C@H](C(=O)N[C@H](CO)[C@@H](C)O)NC1=O,0.9965869
Cc1c(Cc2ccc3ccccc3n2)c2cc(F)ccc2n1CC(=O)O,0.61056155
CC(C)(F)C[C@H](N[C@@H](c1ccc(-c2ccc(S(C)(=O)=O)cc2)cc1)C(F)(F)F)C(=O)NC1(C#N)CC1,0.042860743
O=c1onc2cnc3ccccc3n12,0.0030261038
COc1cc2c(cc1NS(=O)(=O)c1ccc(Br)cc1C)n(C)c(=O)n2C,0.0035953617
N[C@H]1C[C@@H]1c1ccc(-c2cccc(O)c2)cc1,0.05315118
Nc1nc(NCc2ccccc2)nc(-c2ccccc2CO)n1,0.036826186
CS(=O)(=O)Nc1ccc2oc3c(OC(F)F)ccc(C(=O)Nc4c(Cl)cncc4Cl)c3c2c1,0.7470703
N[C@@H](CCC(=O)O)C(=O)N[C@@H](Cc1c[nH]c2ccccc12)C(=O)O,0.0026273872
CN1CCN(c2ccc(-c3cccc(CN4CCOCC4)c3)cc2NC(=O)c2c[nH]c(=O)cc2C(F)(F)F)CC1,0.6149334
Cc1cc2c(s1)Nc1ccccc1N=C2N1CCN(C)CC1,0.013193741
O=C(c1cc(Cc2n[nH]c(=O)c3ccccc23)ccc1F)N1CCN(C(=O)C2CC2)CC1,0.15241636
CCCCCCCC/C=C\CCCCCCCC(=O)NCCc1ccc(O)c(O)c1,0.2778474
CCCCCCCC/C=C\CCCCCCCC(N)=O,0.09705636
CO[C@H]1C[C@H](O[C@H]2CC[C@@]3(C)[C@H](CC[C@@H]4[C@@H]3CC[C@]3(C)[C@@H](C5=CC(=O)OC5)[C@@H](OC(C)=O)C[C@]43O)C2)O[C@@H](C)[C@@H]1O,0.0038181597
CC1(C)CC[C@]2(C(=O)O)CC[C@]3(C)C(=CC[C@@H]4[C@@]5(C)CC[C@H](O)C(C)(C)[C@@H]5CC[C@]43C)[C@@H]2C1,0.01032422
CCCCCCCC/C=C\CCCCCCCC(=O)NCCO,0.060145147
CC(C)CCC[C@@H](C)[C@H]1CC[C@H]2[C@@H]3CCC4=C/C(=N/O)CC[C@]4(C)[C@H]3CC[C@]12C,0.56679827
C/C=C1\[C@H](O[C@H]2O[C@@H](CO)[C@@H](O)[C@@H](O)[C@@H]2O)OC=C(C(=O)OC)[C@H]1CC(=O)OCCc1ccc(O)c(O)c1,0.0004430098
CC[C@H]1/C=C/C=C/C[C@@H](C)[C@H](O)[C@@](C)(O)C(=O)[C@@H](C)[C@H](O)[C@@H](C)C(=O)[C@@H](C)[C@H](O)[C@@H](C)/C=C/C(=O)O[C@@H]2[C@H](C)[C@H](CC1)O[C@]1(CC[C@H](C)[C@H](C[C@@H](C)O)O1)[C@H]2C,0.0983694
CCCc1nc(C(C)(C)O)c(C(=O)O)n1Cc1ccc(-c2ccccc2-c2nn[nH]n2)cc1,0.014993494
CCCc1nc(C(C)(C)O)c(C(=O)OCc2oc(=O)oc2C)n1Cc1ccc(-c2ccccc2-c2nn[nH]n2)cc1,0.012870058
C=CC(=O)Nc1cccc(Oc2nc(Nc3ccc(N4CCN(C)CC4)cc3)nc3ccsc23)c1,0.041294605
COc1ccc2c(c1OCc1ccccc1)C[C@@H](C(=O)O)N(C(=O)C(c1ccccc1)c1ccccc1)C2,0.25885022
Cn1cnc2c(NCc3ccccc3)nc(NCCO)nc21,0.0038898399
CN(C)CC/C=C1/c2ccccc2COc2ccc(CC(=O)O)cc21,0.0055150455
Cc1[nH]c(=O)c(C#N)cc1-c1ccc2nccn2c1,0.021868886
O=C(O)c1cc(/N=N/c2ccc(O)c(C(=O)O)c2)ccc1O,0.018831685
Cc1c(-c2cnccn2)ssc1=S,0.9172294
CCCCCCCCCCCCCCOc1ccc(C(=O)OCC(=O)N(C)CC(=O)OCC)o1,0.1472721
CCCCCCCC/C=C\CCCCCCCC(=O)NCc1ccc(O)c(OC)c1,0.33007476
CN(C)c1cc(CNCC(C)(C)C)c(O)c2c1C[C@H]1C[C@H]3[C@H](N(C)C)C(=O)[C@H](C(N)=O)C(=O)[C@@]3(O)C(=O)[C@@H]1C2=O,0.6119865
O=C(N[C@H]1CCS[C@H]2CCC[C@@H](C(=O)O)N2C1=O)[C@@H](S)Cc1ccccc1,0.21483022
CS(=O)(=O)n1cc2c(n1)CN([C@H]1CO[C@H](c3cc(F)ccc3F)[C@@H](N)C1)C2,0.115531966
COC(=O)N[C@H](C(=O)N1CCC[C@H]1C(=O)Nc1ccc([C@@H]2CC[C@@H](c3ccc(NC(=O)[C@@H]4CCCN4C(=O)[C@@H](NC(=O)OC)C(C)C)cc3)N2c2ccc(C(C)(C)C)cc2)cc1)C(C)C,0.21721354
COc1ccc(/C=C\c2cc(OC)c(OC)c(OC)c2)cc1NC(=O)[C@@H](N)CO,0.013277997
CCCCCCCC/C=C\CCCCCCCC(=O)N[C@@H](CO)Cc1ccc(O)cc1,0.45912325
COC(=O)N1CCN(Cc2cccc(NC(=O)Nc3ccc(C)nc3)c2F)CC1,0.0322128
O=C(O)CCCCCCCCCCCCCCc1ccc(I)cc1,0.18191926
CC/C=C\C/C=C\C/C=C\C/C=C\C/C=C\CCCC(=O)OCC,0.02724596
COc1ccc2c(c1)nc([S@@](=O)Cc1ncc(C)c(OC)c1C)[n]2[Mg][n]1c([S@@](=O)Cc2ncc(C)c(OC)c2C)nc2cc(OC)ccc21,0.9966536
COc1ccc2nc(SCc3ncc(C)c(OC)c3C)[nH]c2c1,0.617686
CC(C)[C@]12O[C@H]1[C@@H]1O[C@]13[C@]1(O[C@H]1C[C@H]1C4=C(CC[C@@]13C)C(=O)OC4)[C@@H]2OC(=O)CCC(=O)O,7.721397e-05
COc1cc(OC)c(/C=C/S(=O)(=O)Cc2ccc(OC)c(N)c2)c(OC)c1,0.017642925
O=Cc1cn(Cc2ccc(Cl)cc2)c2ccccc12,0.30380598
Cc1ccccc1CN1C(=O)C2=C(CCN(Cc3ccccc3)C2)N2CCN=C12,0.08505554
Cc1nccn1C[C@H]1CCc2c(c3ccccc3n2C)C1=O,0.029707639
C[C@@H](C(=O)Nc1cc(C#N)ccc1CCCC(=O)O)c1ccc(F)c2ccccc12,0.0022419943
CC#CC(=O)N1CC[C@@H](n2c(=O)n(-c3ccc(Oc4ccccc4)cc3)c3c(N)ncnc32)C1,0.086637326
CCOCOC[C@H](C[C@H](C)C(=O)NO)NC(=O)c1ccc(Oc2ccccc2)cc1,0.018893922
Cc1csc(S(=O)(=O)N(CC(C)C)c2cc3c(cc2OCc2ccc(C(=O)O)cc2)CCC3)n1,0.0076000486
COc1ccc(C[C@H](NC(=O)[C@H](C)NC(=O)CN2CCOCC2)C(=O)N[C@@H](Cc2ccccc2)C(=O)[C@@]2(C)CO2)cc1,0.012758978
CN1CCN(c2ccc(Nc3ncc4cc(C#N)c(=O)n(C5CCCC5)c4n3)cc2)CC1,0.006225221
NCCONC(=O)[C@@H]1CC[C@@H]2CN1C(=O)N2OS(=O)(=O)O,0.0041957456
CC(=O)NCCCOc1ccc(C(=O)N2CCC(N3C(=O)CCc4ccccc43)CC2)cc1,0.0016797514
Cc1c(Cl)c(C)[n+]([O-])c(Cl)c1-c1noc(-c2cc(O)c(O)c([N+](=O)[O-])c2)n1,0.9927651
OCCN1CCN(CCCN2c3ccccc3C=Cc3ccccc32)CC1,0.0029990145
COC[C@H](NC(=O)c1cnc(C)s1)C(=O)N[C@@H](COC)C(=O)N[C@@H](Cc1ccccc1)C(=O)[C@@]1(C)CO1,0.009066494
O=[N+]([O-])c1cc(O)c(O)c([N+](=O)[O-])c1,0.96081746
Cc1[nH]c(/C=C2\C(=O)Nc3ccccc32)c(C)c1CCC(=O)O,0.005725253
C[C@@H]1CN(c2c(F)c(F)c3c(=O)c(C(=O)O)cn(C4CC4)c3c2F)C[C@H](C)N1,0.9994271
CC(C)C[C@H](N[C@@H](Cc1cncn1Cc1cc(Cl)cc(Cl)c1)C(=O)O)C(=O)O,0.31060147
FC(F)(F)c1ccc(N2CCNCC2)nc1Cl,0.15237848
COc1cc(C(=O)NCC2(N(C)C)CCCC2)cc(OC)c1OCc1ccccc1,0.0024851118
O=C1c2cccnc2OC[C@@H]2CCCN12,0.0015773267
CCc1c(C(=O)NCCc2ccc(N3CCCCC3)cc2)[nH]c2ccc(Cl)cc12,0.15273762
CC1(CN)Cc2ccccc2C1,0.02516562
C=C1C(=O)[C@]23[C@H](O)[C@H]1CC[C@H]2[C@@]12CO[C@]3(O)[C@@H](O)[C@@H]1C(C)(C)CC[C@@H]2O,0.00015686968
CN[C@H](CC(C)C)C(=O)N[C@H]1C(=O)N[C@@H](CC(N)=O)C(=O)N[C@H]2C(=O)N[C@H]3C(=O)N[C@H](C(=O)N[C@H](C(=O)O)c4cc(O)cc(O)c4-c4cc3ccc4O)[C@H](O[C@H]3C[C@](C)(N)[C@@H](O)[C@H](C)O3)c3ccc(c(Cl)c3)Oc3cc2cc(c3O[C@@H]2O[C@H](CO)[C@@H](O)[C@H](O)[C@H]2O[C@H]2C[C@](C)(NCc3ccc(-c4ccc(Cl)cc4)cc3)[C@@H](O)[C@H](C)O2)Oc2ccc(cc2Cl)[C@H]1O,0.99999106
CCCCCCCCCCC[C@@H](C[C@@H]1OC(=O)[C@H]1CCCCCC)OC(=O)[C@H](CC(C)C)NC=O,0.19967385
COc1ccc2c(c1)OC(C)(C)[C@@H](c1ccccc1)[C@@H]2c1ccc(OCCN2CCCC2)cc1,0.40045998
Cc1ncc([N+](=O)[O-])n1C[C@@H](O)CCl,0.9356535
NCCC[C@H](NC(=O)[C@@H]1CCCN1C(=O)[C@@H]1CSSC[C@H](N)C(=O)N[C@@H](Cc2ccc(O)cc2)C(=O)N[C@@H](Cc2ccccc2)C(=O)N[C@@H](CCC(N)=O)C(=O)N[C@@H](CC(N)=O)C(=O)N1)C(=O)NCC(N)=O,0.17535211
NCCC[C@@H](N)C(=O)O,0.0025807703
O=C(O)c1cc(=O)[nH]c(=O)[nH]1,0.056192264
CC(C)C[C@H](NC(=O)[C@H](CCCCN)NC(=O)[C@H](CCCNC(=N)N)NC(=O)[C@H](C)NC(=O)[C@H](CO)NC(=O)[C@H](CCCCN)NC(=O)[C@H](CCCNC(=N)N)NC(=O)[C@H](C)NC(=O)CNC(=O)[C@@H](NC(=O)[C@H](Cc1ccccc1)NC(=O)CNC(=O)CNC(=O)[C@@H](N)Cc1ccccc1)[C@@H](C)O)C(=O)N[C@@H](C)C(=O)N[C@@H](CC(N)=O)C(=O)N[C@@H](CCC(N)=O)C(=O)O,0.0240785
Cc1ccccc1[C@@H](OCCN(C)C)c1ccccc1,0.01821573
CNC(=O)c1ccc2cc([C@]3(O)CCn4cncc43)ccc2c1,0.0043157903
NC1CCC(N[C@@H]2C[C@H]2c2ccccc2)CC1,0.030386116
CCC(CC)O[C@@H]1C=C(C(=O)O)C[C@H](N)[C@H]1NC(C)=O,0.09813242
CCOC(=O)C1=C[C@@H](OC(CC)CC)[C@H](NC(C)=O)[C@@H](N)C1,0.13413294
c1ccc2c(c1)OC[C@H](CNCCCOc1ccc3c(c1)OCO3)O2,0.0031443571
COc1cccc2cc(-c3nc([C@H]4CC[C@H](C(=O)O)CC4)n4ncnc(N)c34)[nH]c12,0.0023765618
C#Cc1cccc(Nc2ncnc3cc(OCCOC)c(OCCO)cc23)c1,0.003590747
O=C(Nc1ccc(OC(F)(F)F)cc1)c1sccc1NCc1ccnc2ccccc12,0.33082852
N#Cc1ccc([C@H]2CCc3cncn32)c(F)c1,0.007836605
C=CC(=O)Nc1cc(Nc2nccc(-c3cn(C)c4ccccc34)n2)c(OC)cc1N(C)CCN(C)C,0.09550923
OCCOc1ccc(/C(=C(/CCCl)c2ccccc2)c2ccccc2)cc1,0.809708
C[C@](O)(COc1ccc(C#N)cc1)C(=O)Nc1ccc(C#N)c(C(F)(F)F)c1,0.0027564962
COc1ccc2ccc(=O)oc2c1CC=C(C)C,0.019078933
CO/N=C1/C[C@@H](C(=O)NC[C@@H](O)c2ccccc2)N(C(=O)c2ccc(-c3ccccc3C)cc2)C1,0.34649152
COC(=O)[C@H](Cc1cccc(C(=N)N)c1)[C@@H](C)NC(=O)c1ccc(-c2cc[n+]([O-])cc2)cc1,0.32954416
CCN(CC)C[C@H]1CCCCN1CC(=O)N1c2ccccc2C(=O)Nc2cccnc21,0.0032085427
CCCCCCCCOc1ccccc1C(=O)Nc1ccc(C(=O)OCC[N+](C)(CC)CC)cc1,0.032480065
CC(=O)c1cnc2ccc(-c3cc(Cl)c(O)c(Cl)c3)nc2c1N[C@H]1CC[C@H](CN(C)C)CC1,0.91418886
Cc1cc(O)c(-c2ccc([C@@H](C)CN)cc2)c2c1[nH]c(=O)c1sccc12,0.97104734
Cc1sc2c(c1C)C(c1ccc(Cl)cc1)=N[C@@H](CC(=O)Nc1ccc(O)cc1)c1nnc(C)n1-2,0.16767144
C[C@@H]1O[C@@H](O[C@@H]2C[C@@H](O)[C@]3(CO)[C@H]4[C@H](O)C[C@]5(C)[C@@H](C6=CC(=O)OC6)CC[C@]5(O)[C@@H]4CC[C@]3(O)C2)[C@H](O)[C@H](O)[C@H]1O,8.2316816e-05
Fc1ccccc1CNCc1ccc(-c2ccnc3[nH]ccc23)cc1,0.5880288
CC(=O)N1C[C@H](O)C[C@H]1C(=O)O,0.002985719
Cc1onc(-c2ccccc2)c1C(=O)N[C@@H]1C(=O)N2[C@@H]1SC(C)(C)[C@@H]2C(=O)O,0.96696275
O=C1CCCCCCCCCCCCCCO1,0.0059180614
O=C1[O][Pt]2([NH][C@@H]3CCCC[C@H]3[NH]2)[O]C1=O,0.0045887246
O=C(O)C=C(O)C(=O)O,0.009308689
CN1CCCN=C1/C=C/c1cccc(O)c1,0.006224905
O=C(O)CCc1nc(-c2ccccc2)c(-c2ccccc2)o1,0.0030445638
O=c1[nH]c2ccccc2n1CCCN1CCN(C(c2ccccc2)c2ccccc2)CC1,0.04321754
NC(=O)N1c2ccccc2CC(=O)c2ccccc21,0.0033467156
CCN(CC)CCOCCOC(=O)C(CC)(CC)c1ccccc1,0.0037267986
CN(C(=O)CN(CCO)CC(=O)N(C)C(C)(C)Cc1ccccc1)C(C)(C)Cc1ccccc1,0.51387346
Cc1noc(C)c1-c1cc(O)cc([C@@H](O)c2ccccc2)c1,0.17460355
COC(=O)Nc1nc2ccc([S@@](=O)c3ccccc3)cc2[nH]1,0.011178199
N[C@@H](C(=O)O)c1ccc(O)cc1,0.004241982
CCCOc1ccc2nc(NC(=O)OC)[nH]c2c1,0.014794281
Clc1ccc(CO/N=C(\Cn2ccnc2)c2ccc(Cl)cc2Cl)c(Cl)c1,0.9865557
NCCc1cc(O)c(O)cc1O,0.010751638
O=C(O)c1ccc[n+]([O-])c1,0.025979834
O=c1[nH]c2ccccc2n1C1CCN(CCOc2ccccc2)CC1,0.032897804
NC(=O)CN1C[C@H](O)CC1=O,0.0018031999
CCN(CC)CCc1nc(-c2ccccc2)no1,0.003580714
CCn1cc(C(=O)O)c(=O)c2cc3c(cc21)OCO3,0.1610313
O=C(O)c1nc(=O)[nH]c(=O)[nH]1,0.037340496
C[N+](C)(C)CC#CCN1CCCC1=O,0.00065341877
O=C1CCCN1CC#CCN1CCCC1,0.0009343596
C=CCOc1ccccc1OC[C@H](O)CNC(C)C,0.005600083
COc1ccc(C(=O)c2ccccc2)c(O)c1,0.0066273366
CCCCOc1cc(C(=O)OCCN(CC)CC)ccc1N,0.008266002
CCN(CC)CC#CCOC(=O)[C@](O)(c1ccccc1)C1CCCCC1,0.000906697
O=C(Nc1cc(Cl)cc(Cl)c1O)c1c(O)c(Cl)cc(Cl)c1Cl,0.9963529
COc1cccc(C(=O)CCN[C@@H](C)[C@H](O)c2ccccc2)c1,0.0058174385
O=C1CCC[C@@H]2[C@H]3CCC[N@+]4([O-])CCC[C@@H](CN12)[C@@H]34,0.0012770656
Cc1cc(C(C)(C)C)c(O)c(C)c1CC1=NCCN1,0.01593602
CCCC[C@H]1C(=O)N(c2ccccc2)N(c2ccc(O)cc2)C1=O,0.0024554655
CN1CCCN=C1COC(=O)[C@](O)(c1ccccc1)C1CCCCC1,0.0013244661
CC[N+](C)(CC)CCOC(=O)C(O)(c1ccccc1)C1CCCCC1,0.0019759764
O=c1nc2[nH][nH]cc-2c(=O)[nH]1,0.050342746
Oc1cccc2cccnc12,0.0087520005
CN(C)[C@@H]1C(=O)C(C(N)=O)=C(O)[C@@]2(O)C(O)=C3C(=O)c4c(O)cccc4[C@@](C)(O)[C@H]3[C@H](O)[C@@H]12,0.9762207
CC[C@H](C)[C@@H]1NC(=O)[C@H](Cc2ccc(O)cc2)NC(=O)[C@@H](N)CSSC[C@@H](C(=O)N2CCC[C@H]2C(=O)N[C@@H](CC(C)C)C(=O)NCC(N)=O)NC(=O)[C@H](CC(N)=O)NC(=O)[C@H](CCC(N)=O)NC1=O,0.21712966
O=C(O)/C=C/c1ccc(Cn2ccnc2)cc1,0.03333395
CC(C)Oc1ccc(-c2nc(-c3cccc4c3CC[C@@H]4NCCO)no2)cc1C#N,0.0009298698
CNc1ncc(-c2ccc3c(=O)c(C(=O)O)cn(C4CC4)c3c2C)cc1C,0.93912727
CN1C(=O)[C@H](N2CCCCC2)S/C1=C\C(=O)O,0.011920479
COc1ccc(COc2ccc(CC#N)cc2)cc1,0.020534277
Nc1nc(OCc2ccccc2)c2[nH]cnc2n1,0.005813755
CCCCCOC(=O)c1ccc(N(C)C)cc1,0.0061685713
CCCCCCOc1cc2c(cc1N(C)c1ncc(C(=O)O)cn1)C(C)(C)CCC2(C)C,0.18221356
C=CCc1cccc(/C=N/NC(=O)CN2CCN(Cc3ccccc3)CC2)c1O,0.07906978
CC(=O)O[C@H]1C(=O)[C@@]2(C)[C@H]([C@H](OC(=O)c3ccccc3)[C@]3(O)C[C@H](OC(=O)[C@H](O)[C@@H](NC(=O)c4ccccc4)c4ccccc4)C(C)=C1C3(C)C)[C@]1(OC(C)=O)CO[C@@H]1C[C@@H]2O,8.616721e-05
CCCCCCCCCCCCCCCC(=O)C(F)(F)F,0.049689483
C1=C/COCc2cc(ccc2OCCN2CCCC2)Nc2nccc(n2)-c2cccc(c2)COC/1,0.062440593
COCc1nn2c(CN3C[C@@H](CC(F)(F)Cl)CC3=O)c(C(F)(F)F)nc2s1,0.117524855
C[C@@]12C[C@@]3(O)O[C@@H](O1)[C@]1(COC(=O)c4ccccc4)[C@H]3C[C@@]12O[C@@H]1O[C@H](CO)[C@@H](O)[C@H](O)[C@H]1O,6.52531e-05
COc1ccc(C(C)=O)c(O)c1,0.0054190345
CON=C(N)c1ccc(-c2ccc(-c3ccc(C(N)=NOC)cc3)o2)cc1,0.5399089
CC(C)CCC(=O)C[C@H]1c2ccccc2C(=O)N1c1ccc2ccc(Cl)nc2n1,0.006511518
CC(=O)c1c(C)c2cnc(Nc3ccc(N4CCNCC4)cn3)nc2n(C2CCCC2)c1=O,0.03461152
O=P(O)(NCCCl)NCCCl,0.00035721506
Cc1nc2n(c(=O)c1CCN1CCC(c3noc4cc(F)ccc34)CC1)CCC[C@@H]2O,0.0048864693
COc1cc2c(cc1OC)-c1cc3ccc(OC)c(OC)c3c[n+]1CC2,0.10539783
CCCCCC/C=C\CCCCCCCC(=O)O,0.020286761
CCCCCCCCCCCCCCCC(=O)O[C@@H](CC(=O)O)C[N+](C)(C)C,0.018317327
CCCCCCCCCCCCCCCC(=O)NCCO,0.06767729
COc1ccc(COc2cc3oc(=O)c4cc([C@@H](C)O)ccc4c3cc2OC)cc1,0.41576585
O=C1c2cccc3c2[C@H](CCC3)CN1[C@@H]1CN2CCC1CC2,0.0022958869
Cc1cc(NC(=O)NCCN2CCC(O)(Cc3ccccc3)CC2)c2ccccc2n1,0.018559536
CC1(C)CCC(C)(C)c2cc(Cn3cccn3)c(/C=C/c3ccc(C(=O)O)cc3)cc21,0.8337176
Cn1c(=O)c2[nH]c(Br)nc2n(C)c1=O,0.012935765
NCCC(O)(P(=O)(O)O)P(=O)(O)O,1.2792695e-05
C[C@]12CCCN1CC1=NNC(=O)c3cc(F)cc4[nH]c2c1c34,0.038983904
CC(=O)O[C@H]1C[C@@H]2CC[C@@H]3[C@H](CC[C@@]4(C)[C@H]3C[C@H]([N+]3(C)CCCCC3)[C@@H]4OC(C)=O)[C@@]2(C)C[C@@H]1[N+]1(C)CCCCC1,0.011042902
C=C(N)N1CC[C@H](SC2=C(C(=O)O)N3C(=O)[C@H]([C@@H](C)O)[C@H]3C2)C1,0.9688119
Cc1[nH]c2ccccc2c1CCNCc1ccc(/C=C/C(=O)NO)cc1,0.10762178
CC(C)(CO)[C@@H](O)C(=O)NCCC(=O)NCCSSCCNC(=O)CCNC(=O)[C@H](O)C(C)(C)CO,0.0003282098
COc1ccnc(C[S@@](=O)c2nc3ccc(OC(F)F)cc3[nH]2)c1OC,0.5956755
CC(C)(CO)[C@@H](O)C(=O)NCCC(=O)O,0.0009212207
NC(=O)CN1CC[C@@H](NC(=O)[C@@H]2CCCN2)C1=O,0.0022838416
COc1ccc(Cc2nccc3cc(OC)c(OC)cc23)cc1OC,0.11442357
CCc1cccc2c1c(O)c(C(=O)N(CC)c1ccccc1)c(=O)n2C,0.6751676
Cc1ccc(S(N)(=O)=O)cc1,0.002318608
CC(=O)Nc1ccc(O)cc1,0.006669206
Oc1ccc(Cl)cc1,0.010658166
CC[C@@]1(C)OC(=O)N(C)C1=O,0.0025715125
Cn1c(=O)[nH]c2ncn(C)c2c1=O,0.0061128945
CCCCc1ccc2nc(NC(=O)OC)[nH]c2c1,0.026085405
CC(=O)Nc1ccc(O[C@]2(C)OC(=O)c3ccccc3O2)cc1,0.0018637097
CN1CCN(c2cccc3[nH]c(=O)oc23)CC1,0.008117595
CCC(=O)NS(=O)(=O)c1ccc(-c2c(-c3ccccc3)noc2C)cc1,0.003487361
CCOc1ccc(C(=O)OCCN(CC)CC)cc1,0.0048475806
C#CCN(C)Cc1ccccc1,0.003135739
C[C@H](/C=C/[C@H](C)C(C)(C)O)[C@H]1CC[C@H]2/C(=C/C=C3C[C@@H](O)C[C@H](O)C3)CCC[C@]12C,0.21446478
Cc1cnc(C(=O)N[C@H]2CCCCC/C=C\[C@@H]3C[C@@]3(C(=O)NS(=O)(=O)C3CC3)NC(=O)[C@@H]3C[C@@H](Oc4nc5ccccc5c5ccccc45)CN3C2=O)cn1,0.015398194
NC[C@@H]1O[C@H](O[C@H]2[C@@H](O)[C@H](O[C@@H]3[C@@H](O)[C@H](N)C[C@H](N)[C@H]3O[C@H]3O[C@H](CO)[C@@H](O)[C@H](O)[C@H]3N)O[C@@H]2CO)[C@H](N)[C@@H](O)[C@@H]1O,0.005191572
Fc1ccc([C@@H]2CCNC[C@H]2COc2ccc3c(c2)OCO3)cc1,0.007672087
CCC(=O)c1ccc(O)cc1,0.0056408066
CCOc1c([C@H](C)n2nc(C)c3c(N)ncnc32)cc(Cl)c(F)c1[C@@H]1CNC(=O)C1,0.42723826
C=C1C(=O)O[C@H]2[C@H]1CC/C(C)=C/CC[C@@]1(C)O[C@@H]21,0.008308094
C=C1C(=O)O[C@H]2[C@H]1CC/C(C)=C\CC[C@@]1(C)O[C@@H]21,0.008256244
C=C1C(=O)O[C@@H]2[C@H]3O[C@]3(C)CC/C=C(\C)CC[C@@H]12,0.008216486
NCCCC[C@@H]1NC(=O)[C@@H](Cc2c[nH]c3ccccc23)NC(=O)[C@H](c2ccccc2)NC(=O)[C@@H]2C[C@@H](OC(=O)NCCN)CN2C(=O)[C@H](Cc2ccccc2)NC(=O)[C@H](Cc2ccc(OCc3ccccc3)cc2)NC1=O,0.97120214
NCc1cc(Oc2cccc(C(=O)N3C[C@@H](O)[C@H](F)C3)c2)nc(C(F)(F)F)c1,0.5397773
CC[C@H](NC(=O)c1c(NS(C)(=O)=O)c(-c2ccccc2)nc2ccccc12)c1ccccc1,0.025424644
Cc1ccc(Nc2nccc(N(C)c3ccc4c(C)n(C)nc4c3)n2)cc1S(N)(=O)=O,0.040301234
C[C@H]1COc2c(C3(N)CC3)c(F)cc3c(=O)c(C(=O)O)cn1c23,0.9157881
CCCCCc1cccc(CC(=O)O)c1,0.011113206
CN(C)Cc1ccc2c(Cl)cc(Cl)c(O)c2n1,0.7901699
COC(=O)C1=C(C)NC(C)=C(C(=O)OCCSc2ccccc2)[C@@H]1C,0.0062770247
CN(C)Cc1c(C(=O)NCCOc2ccc(C(=O)NO)cc2)oc2ccccc12,0.0060144127
N=C(N)c1ccc2nc(-c3cc(CC(=O)N[C@@H](CC(=O)O)C(=O)O)cc(-c4cc(S(N)(=O)=O)ccc4O)c3O)[nH]c2c1,0.0147625515
Nc1ncnc2c1c(-c1ccc(Oc3ccccc3)cc1)nn2C1CCCC1,0.086446725
COc1ccc(Cn2ccc3ccc(C(=O)NO)cc32)cc1,0.15191366
CC1(C)Oc2ccc(C#N)cc2[C@@H](OC2=CC(=O)CC2)[C@@H]1O,0.0007840348
O=C(NOC[C@H](O)CO)c1ccc(F)c(F)c1Nc1ccc(I)cc1F,0.8427398
CCOC(=O)c1c(C)[nH]c2ccc3c(c12)CN1CCc2cc(OC)ccc2[C@H]1O3,0.01161981
O=C(O)c1ccccc1Nc1ccc(CCc2ccc(Cl)c(Cl)c2)cc1,0.5512882
Cc1cc(Cn2cnc3c2C[C@@H](C(=O)O)N(C(=O)C(c2ccccc2)c2ccccc2)C3)ccc1N(C)C,0.6276043
CCCN1CCO[C@@H]2c3cc(O)ccc3OC[C@H]21,0.0056852703
COc1cc2ncnc(Nc3cccc(Br)c3)c2cc1OC,0.026297063
COc1ccc(C(=O)/C(Cc2cc(OC)c(OC)c(OC)c2)=C(\C(=O)O)c2ccc3c(c2)OCO3)cc1,0.7703998
CNc1cc2c(Nc3cccc(Br)c3)ncnc2cn1,0.025917593
CC(C)c1ccccc1S(=O)(=O)c1cc(N)c2ncccc2c1[N+](=O)[O-],0.84990764
CCN(CC)CCCCNc1ncc2cc(-c3c(Cl)cccc3Cl)c(NC(=O)NC(C)(C)C)nc2n1,0.56365067
CCN(CC)CCOc1ccc(Nc2ncc3cc(-c4c(Cl)cccc4Cl)c(=O)n(C)c3n2)cc1,0.93422157
CC(C)[C@H](NS(=O)(=O)c1ccc(-c2ccc(Br)cc2)cc1)C(=O)O,0.006225887
Cc1cccc(C(=O)NCN2CCN(c3ccccc3C#N)CC2)c1,0.0014584597
C=CC(=O)Nc1ccc2ncnc(Nc3cccc(Br)c3)c2c1,0.027407486
Cc1ccc(N2CCN(CC[C@H]3NC(=O)c4ccccc43)CC2)cc1C,0.005562173
CCN(CC)CCCCNc1ncc2cc(-c3cc(OC)cc(OC)c3)c(NC(=O)NC(C)(C)C)nc2n1,0.053227674
CC(C)C[C@@H](C(=O)N[C@@H](Cc1ccc(OCc2ccccc2)cc1)C(=O)NC(C)(C)C)N(C)Cc1ccc(C(C)(C)C)cc1,0.8793304
O=C(NOCC1CC1)c1ccc(F)c(F)c1Nc1ccc(I)cc1Cl,0.95237666
Cc1cc(I)ccc1Nc1c(C(=O)NOCC2CC2)cc(F)c(F)c1F,0.9888548
O=C(NOC[C@H](O)CO)c1cc(Br)c(F)c(F)c1Nc1ccc(I)cc1F,0.97937894
O=C1NC(=O)c2c1c(-c1ccccc1)cc1[nH]c3ccc(O)cc3c21,0.25098357
Cc1sc(N)c(C(=O)c2cccc(C(F)(F)F)c2)c1C,0.09755488
COc1cccc(-c2cc(=O)c3ccccc3o2)c1N,0.049263112
Cc1cc(Cn2c(=O)n(Cc3cnc(C)s3)c(=O)c3cc(S(=O)(=O)NC4(C)CC4)ccc32)n(C)n1,0.46151412
Cc1ncc(C)n2nc([C@@H]3C[C@H]3c3nc4c5cccnc5ccn4c3C)nc12,0.019541856
CCCCCCCCCCCCCCCc1cccc(OCC(=O)NCCO)c1,0.32855734
COc1cc(OCc2cccc(-c3ccccc3)c2C)cc(OC)c1CN1CCCC[C@H]1C(=O)O,0.10436866
NC(=O)c1cnc2[nH]ccc2c1N[C@@H]1[C@@H]2C[C@@H]3C[C@H]1C[C@@](O)(C3)C2,0.003786438
CCn1cc(C(=O)O)c(=O)c2cc(F)c(N3CCN(C)CC3)cc21,0.94371265
O=c1[nH]c2ccccc2c(=O)n1CCCN1CCN(c2ccccc2)CC1,0.032269638
CCOc1cc2ncc(C#N)c(Nc3ccc(F)c(Cl)c3)c2cc1NC(=O)/C=C/CN(C)C,0.4333145
Cc1nc(=O)c(C#N)c(NCc2cccnc2)[nH]1,0.005271896
CC[C@@H](Oc1cccc(CN(CCCOc2ccc(OC)cc2)c2nc3ccccc3o2)c1)C(=O)O,0.13349336
Nc1nc(=O)c2c(CCc3ccc(C(=O)N[C@@H](CCC(=O)O)C(=O)O)cc3)c[nH]c2[nH]1,0.0037613395
Cc1cccn2c(=O)c(-c3nn[nH]n3)cnc12,0.0012576334
CN1C(C)(C)CCCC1(C)C,0.016217716
CC(C)(C)NC[C@H](O)COc1ccccc1C1CCCC1,0.009834809
Nc1nc(=O)c2ncn(CCC(CO)CO)c2[nH]1,0.006839332
OC1(c2ccc(Cl)c(C(F)(F)F)c2)CCN(CCCC(c2ccc(F)cc2)c2ccc(F)cc2)CC1,0.66470903
CC(C)(S)[C@@H](N)C(=O)O,0.0038572266
CC1(C)S[C@@H]2[C@H](NC(=O)COc3ccccc3)C(=O)N2[C@H]1C(=O)O,0.96094877
CCCCCCCCCCCCCCCCCCCCCCCCC(=O)O,0.56119335
CSCC[C@H](NC(=O)[C@H](Cc1c[nH]c2ccccc12)NC(=O)CCNC(=O)OC(C)(C)C)C(=O)N[C@@H](CC(=O)O)C(=O)N[C@@H](Cc1ccccc1)C(N)=O,0.108458035
N=C(N)c1ccc(OCCCCCOc2ccc(C(=N)N)cc2)cc1,0.54081315
O=C(O)CN(CCN(CC(=O)O)CC(=O)O)CCN(CC(=O)O)CC(=O)O,9.4899144e-05
C[N+]1(CCCCC[N+]2(C)CCCC2)CCCC1,0.004840018
OC[C@H]1O[C@@H](n2cnc3c2NC=NC[C@H]3O)C[C@@H]1O,0.0020958371
CC(=O)CCCCn1c(=O)c2c(ncn2C)n(C)c1=O,0.0015132935
C1CCc2nnnn2CC1,0.0022101463
COc1ccc([C@@H](O)c2cc(-c3ncnc4cc(N5CCOCC5)ccc34)c(F)cc2Cl)nn1,0.6964276
CC(C)CC(=O)N[C@H](C(=O)N[C@H](C(=O)N[C@@H](CC(C)C)[C@@H](O)CC(=O)N[C@@H](C)C(=O)N[C@@H](CC(C)C)[C@@H](O)CC(=O)O)C(C)C)C(C)C,0.0041792225
CCC(CC)[C@H](NC(C)=O)[C@@H]1[C@H](O)[C@@H](C(=O)O)C[C@H]1NC(=N)N,0.06915813
NC(=S)N/N=C/c1ccncc1,0.02193724
CC(C)=CCC/C(C)=C/CC/C(C)=C/C=C/C(C)=C/C(=O)O,0.08377921
FC(F)(F)C(F)(F)C(F)(F)N(C(F)(F)C(F)(F)C(F)(F)F)C(F)(F)C(F)(F)C(F)(F)F,0.99973327
FC(F)(F)C(F)(F)C(F)(F)C(F)(F)C(F)(F)C(F)(F)C(F)(F)C(F)(F)Br,0.9972556
FC1(F)C(F)(F)C(F)(F)C2(F)C(F)(F)C(F)(F)C(F)(F)C(F)(F)C2(F)C1(F)F,0.9959494
CCCCCCCCC(F)(F)C(F)(F)C(F)(F)C(F)(F)C(F)(F)C(F)(F)F,0.50482047
CCCN1C[C@H](CSC)C[C@@H]2c3cccc4[nH]cc(c34)C[C@H]21,0.045353025
C1CCC(C(C[C@H]2CCCCN2)C2CCCCC2)CC1,0.2590634
CCCCCCCCCCCCCCCCCCOP(=O)(O)OC1CC[N+](C)(C)CC1,0.010145705
C=C(C)[C@@H]1CC=C(CO)CC1,0.00528601
CCC[C@H](N[C@@H](C)C(=O)N1[C@H](C(=O)O)C[C@@H]2CCCC[C@@H]21)C(=O)OCC,0.0026342121
CCC[C@H](N[C@@H](C)C(=O)N1[C@H](C(=O)O)C[C@@H]2CCCC[C@@H]21)C(=O)O,0.0018663583
CC1(C)[C@@H](C=C(Cl)Cl)[C@@H]1C(=O)OCc1cccc(Oc2ccccc2)c1,0.31538808
O=C1[C@H]2CCCC[C@H]2C(=O)N1CCCCN1CCN(c2nsc3ccccc23)CC1,0.0009224192
OCCN1CCN(CCCN2c3ccccc3Sc3ccc(Cl)cc32)CC1,0.42275554
CO[C@H]1[C@@H](O)[C@@H](C)O[C@@H](O[C@H]2CC[C@@]3(C=O)[C@H](CC[C@@H]4[C@@H]3CC[C@]3(C)[C@@H](C5=CC(=O)OC5)CC[C@]43O)C2)[C@@H]1O,0.0006286112
O=c1c2c(c1=O)N(CCP(=O)(O)O)CCCN2,0.0025343504
O[C@@H](Cc1ccncc1)C(Cl)(Cl)Cl,0.033330116
NS(=O)(=O)OC[C@@H]1C[C@@H](n2ccc3c(N[C@H]4CCc5ccccc54)ncnc32)C[C@@H]1O,0.00077400863
FC(F)(F)c1ccc(CNc2ccc(Cc3c[nH]c4ncc(Cl)cc34)cn2)cn1,0.96536845
Cc1ccc(-n2nc(C(C)(C)C)cc2NC(=O)NCc2cc(F)ccc2Oc2ccc3c(cnn3CCO)c2)cc1,0.37576512
Cc1cc(Oc2c(C3CC3)nn(CS(C)(=O)=O)c2C)cc(C)c1C#N,0.022447806
Cn1cc(-c2ccncc2)c(-c2ccc(OCc3ccc4ccccc4n3)cc2)n1,0.5683758
CCCOCCn1c(=O)c(N2CCN(CCO)CC2)nc2cnc(-c3ccc(OC)nc3)cc21,0.007064949
CCC[C@H](N[C@H]1CCc2cc(F)cc(F)c2C1)C(=O)Nc1cn(C(C)(C)CNCC(C)(C)C)cn1,0.9713281
Cc1nc(Nc2[nH]nc3c2CN(C(=O)N[C@H](CN(C)C)c2ccccc2)C3(C)C)c2sccc2n1,0.021511283
CC(=O)NCC(=O)N1[C@@H]2CC[C@H]1c1ccc(Nc3ncc(C(F)(F)F)c(NC4CCC4)n3)cc12,0.09097137
N#Cc1ccc(N2N=C3c4ccc(C(=O)O)cc4CCC3[C@@H]2C2CCCC2)cc1Cl,0.024886256
O=C(NCC(=O)N1CC[C@H](N[C@H]2CC[C@@](O)(c3ccc(-c4ncccn4)cn3)CC2)C1)c1cccc(C(F)(F)F)c1,0.00371495
OCCn1cc(-c2cnc3nnn(Cc4ccc5ncccc5c4)c3n2)cn1,0.0069657145
COc1ccc2cc(OCC3(C(=O)O)CN(C(=O)c4ccc(F)cc4)C3)ccc2c1,0.0074106883
C[C@@H]1CN(Cc2ncccn2)C[C@H]1c1nc(=O)c2cnn(C3CCOCC3)c2[nH]1,0.03302828
O=C(Nc1cccnn1)N1CCC(=Cc2cccc(Oc3ccc(C(F)(F)F)cn3)c2)CC1,0.07893774
Nc1ncnc2c1C(=O)N(c1ccc([C@H]3CC[C@H](CC(=O)O)CC3)cc1)CCO2,0.0019947656
COc1ccc(-c2cc3c(C)nc(N)nc3n([C@H]3CC[C@H](OCCO)CC3)c2=O)cn1,0.01793542
CC(C)(N)c1nc(-c2ccc(OC(F)(F)F)cc2)c[nH]1,0.032348614
Cc1cnc(NC(=O)c2cc(Oc3cnc(C(=O)N(C)C)nc3)c3cc(C)oc3c2)cn1,0.014039151
OC1(CN2CCC(COc3noc4cccc(O[C@@H]5CCOC5)c34)CC2)CCOCC1,0.0019203302
Nc1[nH]ncc1-c1cc(Cl)ccc1Oc1cc(F)c(S(=O)(=O)Nc2cscn2)cc1Cl,0.8750101
Cc1nc2ccc(C(=O)N3CCC4(CC3)CC(=O)c3c(cnn3C(C)C)C4)cc2[nH]1,0.0028692572
Cc1nc(-c2cnn(C)c2-c2ccc(C(F)(F)F)cn2)c2c(N3CCC3)ncnn12,0.0066909203
Cc1cc(-c2ccc3c(c2)CC[C@H]3N2CC3(CCN(C(=O)Cc4cn5cc(C)sc5n4)CC3)C2)ncn1,0.054351714
CN(C)C1CCN(C(=O)c2ccc(NC(=O)Nc3ccc(-c4nc(N5CCOCC5)nc(N5CCOCC5)n4)cc3)cc2)CC1,0.0018585224
C[C@@H]1CNS(=O)(=O)N(c2ccc3c(C#N)nccc3c2)C1,0.001188704
CC(C)(CO)n1cc(C(=O)c2cncc(NC(=O)Cc3ccc(Cl)cn3)c2)c2cnc(N)nc21,0.14221413
COc1ccc(Cl)cc1-c1cc(=O)[nH]c(=S)n1CC(N)=O,0.6446455
C[C@@H](C(N)=O)[C@H](N)c1nc2cc(C(C)(C)C)ccc2[nH]1,0.032900475
O=C(O)c1c[nH]c2cc(Cl)c(-c3ccc(C4(O)CCC4)cc3)cc12,0.06475252
Cc1cc(Oc2nccc3[nH]ncc23)ccc1-c1c(C)ncnc1C,0.09820976
N#Cc1cccc(-c2c[nH]c3ncnc(N4CCOCC4)c23)c1,0.0025936957
C=CC(=O)N1C[C@H](COc2nc(Nc3cnn(C)c3)nc3[nH]cc(Cl)c23)[C@@H](OC)C1,0.046446063
CC[C@@H]1[C@H](F)C(=O)N[C@@H]1COc1nccc2cc(C(N)=O)c(OC)cc12,0.004444557
C=CC(=O)N1C[C@H](Nc2ncnc3[nH]ccc23)CC[C@@H]1C,0.010465664
C=CC(=O)N[C@@H]1CN(c2nc(Nc3cn(C)nc3OC)c3ncn(C)c3n2)C[C@H]1F,0.0047297897
C[C@H]1C[C@H]2CSC(N)=N[C@@]2(c2nc(NC(=O)c3ccc(OC(F)F)cn3)cs2)CO1,0.034402862
O=C1C[C@H](c2c[nH]c3ccc(F)cc23)C(=O)N1,0.0055302843
C[C@@]1(O)CCC[C@H]1n1c(=O)c(C(F)F)cc2cnc(NC3CCN(S(C)(=O)=O)CC3)nc21,0.02636242
O=C(N[C@H]1CCCC[C@H]1C(=O)O)c1cnn2c(O)cc(-c3ccccc3)nc12,0.001195892
COCc1nnc(N2CC(Oc3ccc(F)cc3Cl)C2)n1-c1ccc(OC)nc1,0.340752
O=C(Nc1cccnc1)N1CCC(Cc2cccc(Oc3ccc(C(F)(F)F)cn3)c2)CC1,0.31356865
Cn1nccc1-c1ccc(Sc2cccc(C3(C(N)=O)CCOCC3)c2)cc1,0.03146506
CCN(CC)Cc1ccc(C(=O)N(CCc2ccccc2OC)[C@@H]2CCNC2)cc1,0.03564335
CN(c1ccccc1CNc1nc(Nc2ccc3c(c2)CC(=O)N3)ncc1C(F)(F)F)S(C)(=O)=O,0.01695602
CCc1cncnc1N1CCN(Cc2nc3ccc(C(F)(F)F)cc3[nH]2)CC1,0.113640785
Cn1cc(-c2[nH]c3cc(NC(=O)[C@H](N)C4CCCCC4)cc4c3c2C=NNC4=O)cn1,0.10818403
Nc1ncnc2c1c(COc1cccc(Cl)c1)nn2C1CCOCC1,0.03238521
Cc1ccc(-c2c(-c3nn(C)c4ncnc(N5CC[C@H](N6CCCCC6)C5)c34)cnn2C)cc1,0.007979214
CC(F)(F)CN1CCOc2c(nn(-c3ccccc3Cl)c2-c2ccc(Cl)cc2)C1=O,0.23308171
Cc1cnc(-c2cc(N3CCN(C(=O)CCS(C)(=O)=O)CC3)ncc2Cl)c(C)c1,0.023579739
CN(c1ncccc1CNc1nc(Nc2ccc3c(c2)CC(=O)N3)ncc1C(F)(F)F)S(C)(=O)=O,0.010321624
CS(=O)(=O)c1cccc(CNc2nc(Nc3ccc4c(c3)CCC(=O)N4)ncc2C(F)(F)F)c1,0.029629271
Nc1nccc(-c2c(-c3ccc(F)cc3)ncn2C2CCCCC2)n1,0.15169862
O=C(Nc1ccccc1)N1CCC(Cc2cnc3ccccc3c2)CC1,0.15340838
O=C(CCN1CCN(C(=O)OCc2cc(Cl)cc(Cl)c2)CC1)c1ccc2[nH]c(=O)oc2c1,0.023830762
N#Cc1ccc(-c2ccc(S(=O)(=O)Nc3cccc(N)n3)cc2)cc1,0.0033013804
COc1ccccc1S(=O)(=O)Nc1ccc2c(c1)CN(C)C(=O)N2,0.0008219507
O=C(/C=C/N1C[C@H]2C[C@@H]1CN2c1ccccn1)c1ccccc1O,0.0075070667
COc1ccccc1C(=O)Nc1cc2c(cc1N1CCCC1)n(C)c(=O)n2C,0.008696696
O=C(/C=C/c1ccc2ccccc2n1)c1ccncc1,0.05603662
O=C(/C=C/c1ccc2ccc(C(F)(F)F)cc2n1)c1ccncc1,0.15635666
C[C@@H](C(=O)O[C@H]1C[C@H]2CC[C@@H](C1)N2C)c1ccc(Br)cc1,0.002893938
N#C[C@H](c1ccnc(OCc2ccc(CN3CCOCC3)cc2)n1)c1nc2ccccc2s1,0.024473969
CNC(=O)c1ccc(C)c(-n2c(C)cc(OCc3ccc(F)cc3F)c(Br)c2=O)c1,0.95406175
O=C(N[C@H]1CN2CCC1CC2)c1cc2ccoc2cn1,0.004756051
O=C(N[C@H]1CN2CCC1CC2)c1ccc2c(c1)OCCO2,0.0021332987
Cc1[nH]c(/C=C2\C(=O)Nc3ccc(S(=O)(=O)Cc4c(Cl)cccc4Cl)cc32)c(C)c1C(=O)N1CCC[C@@H]1CN1CCCC1,0.51383626
CCc1cccc(CC)c1NC(=O)N1Cc2n[nH]c(NC(=O)c3ccc(N4CCN(C)CC4)cc3)c2C1,0.18066649
O=C1NCCc2[nH]c(-c3ccncc3)cc21,0.0053668944
CC(C)CC(=O)Nc1[nH]nc2c1CN(C(=O)C1CCN(C)CC1)C2(C)C,0.0009858256
CNC(=O)c1nn(C)c2c1C(C)(C)Cc1cnc(Nc3ccc(N4CCN(C)CC4)cc3)nc1-2,0.011350553
O=C(Nc1ccccc1)[C@]12C[C@H]1/C(=N\O)c1ccccc1O2,0.0045290682
CCOc1ccc(N=C(C)Nc2ccc(OCC)cc2)cc1,0.6946824
NC(=O)NC(=O)Cc1ccccc1,0.0033532302
CCOc1ccc(NC(C)=O)cc1,0.011334949
Cc1cc(=O)n(-c2ccccc2)n1C,0.007192491
Nc1ccc(/N=N/c2ccccc2)c(N)n1,0.09448862
NNCCc1ccccc1,0.007822958
C[C@@H](Oc1ccccc1)C(=O)N[C@@H]1C(=O)N2[C@@H]1SC(C)(C)[C@@H]2C(=O)O,0.9703546
S=C=NCCc1ccccc1,0.010408698
N=C(N=C(N)N)NCCc1ccccc1,0.008892675
CN1CCC2=C(C1)[C@H](c1ccccc1)c1ccccc12,0.008633283
O=C1c2ccccc2C(=O)C1c1ccccc1,0.0065315217
CN(C)CC[C@@H](c1ccccc1)c1ccccn1,0.020389495
Oc1ccccc1,0.0073085637
O=C1OC(c2ccc(O)cc2)(c2ccc(O)cc2)c2ccccc21,0.0068688146
O=S1(=O)OC(c2ccc(O)cc2)(c2ccc(O)cc2)c2ccccc21,0.004378134
c1ccc2c(c1)Nc1ccccc1S2,0.511519
CC(C)=C[C@H]1[C@@H](C(=O)OCc2cccc(Oc3ccccc3)c2)C1(C)C,0.05637878
CC(COc1ccccc1)N(CCCl)Cc1ccccc1,0.0461579
NC(=O)OCCCc1ccccc1,0.004051445
CC[C@@H](c1ccccc1)c1c(O)c2ccccc2oc1=O,0.089586586
CN1CC[C@@]2(C)c3cc(OC(=O)Nc4ccccc4)ccc3N(C)[C@@H]12,0.011482932
CN1C(=O)C[C@H](c2ccccc2)C1=O,0.0023937228
Cc1ccc(N(CC2=NCCN2)c2cccc(O)c2)cc1,0.0549049
Nc1ccc(C(=O)Oc2ccccc2)c(O)c1,0.0104744965
O=C(Oc1ccccc1)c1ccccc1O,0.0077705416
NC(=O)CC[C@H](NC(=O)Cc1ccccc1)C(=O)O,0.0015891455
O=S(=O)(O)c1ccc2nc(-c3ccccc3)[nH]c2c1,0.002952899
CCCCC1C(=O)N(c2ccccc2)N(c2ccccc2)C1=O,0.0027562852
O=C(O)CCCc1ccccc1,0.0029536572
CNC[C@H](O)c1cccc(O)c1,0.004724013
OCCc1ccccc1,0.006278319
CC(=O)[O][Hg][c]1ccccc1,0.013835625
O=S(=O)(F)Cc1ccccc1,0.0032686314
NC(=O)CN1C[C@H](c2ccccc2)CC1=O,0.0023192216
O=C1NC(=O)C(c2ccccc2)(c2ccccc2)N1,0.0027594457
CCn1c2ccccc2c2cc(CNC)ccc21,0.051531788
O=C(CCc1ccc(O)cc1)c1c(O)cc(O)cc1O,0.008806887
O=C(CCc1ccc(O)cc1)c1c(O)cc(O)cc1O[C@@H]1O[C@H](CO)[C@@H](O)[C@H](O)[C@H]1O,0.0019218992
Oc1cc(O)cc(O)c1,0.008278764
Cc1cc(-c2nc3cc(F)ccc3s2)ccc1NC(=O)[C@@H](N)CCCCN,0.14366826
CCCCC/C=C\C/C=C\CCCCCCCC(=O)O[C@H](COC(=O)CCCCCCCCCCCCCCC)CO[P@@](=O)(O)OCC[N+](C)(C)C,0.006375413
On1ncc(C2CCNCC2)c1-c1cccc(-c2ccccc2)c1,0.113641806
CCCCCCCCCCCCc1ccc(S(=O)(=O)Nc2nncs2)cc1,0.017227601
CC(=O)NS(=O)(=O)c1ccc(NC(=O)c2ccccc2C(=O)O)cc1,0.0011767425
O=C(O)c1ccccc1C(=O)Nc1ccc(S(=O)(=O)Nc2nccs2)cc1,0.0010362229
Oc1ccc(-c2c(-c3ccccc3)nn3c(C(F)(F)F)cc(C(F)(F)F)nc23)cc1,0.97810364
CNC(=O)Oc1ccc2c(c1)[C@]1(C)CCN(C)[C@@H]1N2C,0.003323707
CC1=C(C/C=C(\C)CCC[C@H](C)CCC[C@H](C)CCCC(C)C)C(=O)c2ccccc2C1=O,0.9612094
CCCCCCCCCCCCCC[C@@H](O)[C@@H](O)[C@@H](N)CO,0.09653635
Oc1cccc(-c2nc(N3CCOCC3)c3oc4ncccc4c3n2)c1,0.004873116
Nc1ccc(-c2cccc3c(=O)cc(N4CCOCC4)oc23)cc1,0.11821124
CN1CCN(c2ccc3nc(-c4ccc5nc(-c6ccc(O)cc6)[nH]c5c4)[nH]c3c2)CC1,0.13197216
CCCCN1CCC(CNC(=O)c2c3n(c4ccccc24)CCCO3)CC1,0.004135209
CNC(=S)[C@@]1(c2ccccn2)CCCS1,0.004285379
Oc1cc(O)cc(/C=C/c2ccc(O)c(O)c2)c1,0.04489596
COc1ccc(C(=O)Nc2c(Cl)cncc2Cl)cc1OC1CCCC1,0.6254289
NCc1cccnc1,0.0110615045
O=C(O)c1ccccn1,0.0074456804
OCc1ccccn1,0.0057003023
COc1ccc(C(=O)NCc2cccnc2)cc1C(=O)NCc1cccnc1,0.008366623
CC(C)(O)[C@H]1[C@H]2OC(=O)[C@@H]1[C@@]1(O)C[C@H]3O[C@]34C(=O)O[C@@H]2[C@]41C,0.00026430085
C=C(C)[C@@H]1[C@H]2OC(=O)[C@H]1[C@]1(O)C[C@H]3O[C@]34C(=O)O[C@H]2[C@]14C,0.00055011245
O=C1CC[C@@H](C(=O)O)N1,0.002773544
O=C1CC[C@@H](C(=O)N2CSC[C@H]2C(=O)O)N1,0.0056762965
Cc1ccc(C(=O)Cn2c3c(sc2=N)CCCC3)cc1,0.027214687
Cc1ccc(-c2cn3c4c(sc3n2)CCCC4)cc1,0.010074573
NS(=O)(=O)C#Cc1ccccc1,0.0012483556
Cc1ccccc1-n1c(Cn2ncc3c(N)ncnc32)nc2cccc(C)c2c1=O,0.26919803
Cc1ccccc1-n1c(Cn2nc(-c3cccc(O)c3)c3c(N)ncnc32)nc2cccc(C)c2c1=O,0.45622048
Cc1ccc([N+](=O)[O-])cc1S(=O)(=O)N(C)/N=C/c1cnc2ccc(Br)cn12,0.13469884
CC(=O)Nc1nc(C)c(-c2ccc(Cl)c(S(=O)(=O)NCCO)c2)s1,0.0025557287
O=C(O)CCCNC(=O)c1cccnc1,0.001190389
Cc1ccnc(NC(=O)[C@H](C)c2cccc(C(=O)c3ccccc3)c2)c1,0.023443656
COc1ccc(Cl)c(Nc2nc3ccccc3nc2NS(=O)(=O)c2cccc(NC(=O)C(C)(C)N)c2)c1,0.015763775
CC[C@@H]1C(=O)OC[C@@H]1Cc1cncn1C,0.0043142573
Cc1cccc(C)c1NC(=O)CC12CCCN1CCC2,0.0030387712
Nc1nccc(-c2ccc3noc(-c4ccc(Cl)cc4)c3c2)n1,0.122293994
C[C@@H]1C[C@H](N)C[C@H](c2ccncc2NC(=O)c2ccc(F)c(-c3c(F)cccc3F)n2)C1,0.97813284
CC(C)COc1ccc(CNC(=O)N(Cc2ccc(F)cc2)C2CCN(C)CC2)cc1,0.108649306
CC[C@@H]1/C=C(\C)C[C@H](C)C[C@H](OC)[C@H]2O[C@@](O)(C(=O)C(=O)N3CCCC[C@H]3C(=O)O[C@H](/C(C)=C/[C@@H]3CC[C@H](Cl)[C@H](OC)C3)[C@H](C)[C@@H](O)CC1=O)[C@H](C)C[C@@H]2OC,0.15347028
CN1CCC(=C2c3ccccc3Sc3ccccc32)CC1,0.92223233
COc1ccc(-c2nc3ccc(C4=NNC(=O)C[C@H]4C)cc3[nH]2)cc1,0.09928823
O=C(O)[C@H]1C2CCC(CC2)[C@@H]1Nc1nc(-c2c[nH]c3ncc(F)cc23)ncc1F,0.12607953
O=[N+]([O-])c1nccn1C[C@@H](O)CN1CCCCC1,0.5998342
O=c1[nH]c2ccccc2n1C1CCN(CCCC(c2ccc(F)cc2)c2ccc(F)cc2)CC1,0.63779646
C[C@@H](NC(=NC#N)Nc1ccncc1)C(C)(C)C,0.0055996585
CC1(C)[C@@H]2C[C@@H](O)[C@@](C)(O)[C@H]1C2,0.0045219553
COc1cc(Br)c(C[N+]2(CCOCC[C@H]3CC[C@@H]4C[C@H]3C4(C)C)CCOCC2)cc1OC,0.1380254
Cc1cccc(C)c1NC(=O)CN1CCCCCC1,0.006956301
CC(C)NC[C@@H](O)COc1cccc2[nH]ccc12,0.0075495844
CC(C)NC[C@H](O)COc1cccc2[nH]ccc12,0.0076390216
CO[C@H]1[C@H](O)[C@@H](O)[C@@H](O)[C@H](O)[C@@H]1O,0.004201745
O=C1C[C@@H](c2ccccc2)Oc2cc(O)cc(O)c21,0.013306584
CCc1ccc(CCOc2ccc(C[C@H]3SC(=O)NC3=O)cc2)nc1,0.33675733
NC(=O)C1(N2CCCCC2)CCN(CCCC(=O)c2ccc(F)cc2)CC1,0.00066540256
CC(=O)O[C@H]1C[C@@H]2CC[C@@H]3[C@H](CC[C@@]4(C)[C@H]3C[C@H](N3CC[N+](C)(C)CC3)[C@@H]4OC(C)=O)[C@@]2(C)C[C@@H]1N1CC[N+](C)(C)CC1,0.004455263
CCn1cc(C(=O)O)c(=O)c2cnc(N3CCNCC3)nc21,0.026549509
CC[N@@+]1(C)CCC[C@H](OC(=O)C(O)(c2ccccc2)c2ccccc2)C1,0.0017186572
CC(=O)c1ccc2c(c1)N(CCCN1CCC(CCO)CC1)c1ccccc1S2,0.20030403
CCN1CCN(C(=O)N[C@@H](C(=O)N[C@@H]2C(=O)N3[C@@H]2SC(C)(C)[C@@H]3C(=O)O)c2ccccc2)C(=O)C1=O,0.98740864
Clc1ccc2c(N3CCN(CCCN4CCN(c5ccnc6cc(Cl)ccc56)CC4)CC3)ccnc2c1,0.12559657
C1CNCCN1,0.005136352
O=C1CNC(=O)CN1,0.0017298317
CCN1CCC[C@H](OC(=O)C(c2ccccc2)c2ccccc2)C1,0.006885515
O=C(/C=C/C=C/c1ccc2c(c1)OCO2)N1CCCCC1,0.0038550997
CCCCOCCOCCOCc1cc2c(cc1CCC)OCO2,0.02404907
O=C(CCBr)N1CCN(C(=O)CCBr)CC1,0.0019471593
CN1CCN(c2cc3c(nn2)Oc2ccccc2N3C)CC1,0.0024308886
CN(C)S(=O)(=O)c1ccc2c(c1)N(CCCN1CCC(CCO)CC1)c1ccccc1S2,0.010342229
CCCCCCCCCCCCCCCC(=O)OCCC1CCN(CCCN2c3ccccc3Sc3ccc(S(=O)(=O)N(C)C)cc32)CC1,0.32442296
NC(=O)CN1CCCC1=O,0.0017310203
COc1cccc2c1C(=O)c1c(O)c3c(c(O)c1C2=O)C[C@@](O)(C(=O)CO)C[C@@H]3O[C@H]1C[C@H](N)[C@H](O[C@@H]2CCCCO2)[C@H](C)O1,0.96559083
O=C(O)c1cc(=O)c2c3nc4ccccc4oc-3cc(=O)c2[nH]1,0.46310526
Cc1nc2ccccn2c(=O)c1CCN1CCC(C(=O)c2ccc(F)cc2)CC1,0.010103068
CN1CCN(CC(=O)N2c3ccccc3C(=O)Nc3cccnc32)CC1,0.0016086944
NS(=O)(=O)c1cc(C(=O)O)cc(N2CCCC2)c1Oc1ccccc1,0.0027804116
Cc1ccc(=O)n(-c2ccccc2)c1,0.01723155
c1cnc(N2CCN(Cc3ccc4c(c3)OCO4)CC2)nc1,0.0027158917
CC1(C)[C@@H]2CC[C@@]1(C)C(=O)N(CCCCN1CCN(c3ccccn3)CC1)C2=O,0.0005684063
Cc1cccc(Nc2cc(Cl)nc(SCC(=O)O)n2)c1C,0.22261956
Cc1ccc2c(c1)c1c3n2CCN[C@H]3CCC1,0.0066816737
C[C@@H]1CCC[C@H](C)N1CCC[C@@](O)(c1ccccc1)c1ccccn1,0.027701525
Cc1cc(C[C@H](C)CC(C)(C)C)n(O)c(=O)c1,0.31959045
CCOC(=O)c1ccc(OCCC2CCN(c3ccc(C)nn3)CC2)cc1,0.012988418
CCn1cc(C(=O)O)c(=O)c2cnc(N3CCCC3)nc21,0.031157115
CN1C(C(=O)Nc2ccccn2)=C(O)c2ccccc2S1(=O)=O,0.0034758712
CCc1[nH]c(=O)[nH]c1C(=O)c1ccncc1,0.045281902
COc1cc(C(=O)OCc2cccc(COC(=O)c3cc(OC)c(OC)c(OC)c3)n2)cc(OC)c1OC,0.0014209299
O=c1[nH]c2ccccc2c2cc(CO)nn12,0.011143514
O=C1C(c2ccccn2)=[N+]([O-])c2ccccc21,0.96044594
O=C(O)C[C@H](O)C[C@H](O)/C=C/c1c(C2CC2)nc2ccccc2c1-c1ccc(F)cc1,0.011049634
Clc1ccc(CCCOCCCN2CCCCC2)cc1,0.016855616
CC(C)(C)C(=O)NCCCC(=O)O,0.00058721966
CC(C)(C)C(=O)OCOC(=O)[C@@H]1N2C(=O)[C@@H](NC(=O)[C@H](N)c3ccccc3)[C@H]2SC1(C)C,0.7741621
CCCC(=O)OCOC(=O)C(C)(C)C,0.00084627455
CC(C)(C)C(=O)OCOC(=O)[C@@H]1N2C(=O)[C@@H](/N=C/N3CCCCCC3)[C@H]2SC1(C)C,0.12740088
NCCNc1ccc(NCCN)c2c1C(=O)c1ccncc1C2=O,0.17398998
CN1CCC(=C2c3ccccc3CCc3sccc32)CC1,0.029922972
Nc1cc(C(F)(F)F)c(-c2nc(N3CCOCC3)nc(N3CCOCC3)n2)cn1,0.008611366
COc1ncc(-c2nc(N3CCOCC3)nc3c(CN4CCC(C(C)(C)O)CC4)cc(F)cc23)cc1NS(C)(=O)=O,0.014319939
COc1ccc(-c2sc(NC(=O)C(C)(C)C)nc2C)cc1S(=O)(=O)Nc1ccc(O)cc1,0.0014881365
CN(C)CC(=O)Nc1ccc2[nH]c(=O)c3ccccc3c2c1,0.030646432
CCCC(=O)C1CCN(c2ncnc3c2CN(C(=O)c2ccc(-c4ccccc4)cc2)CC3)CC1,0.01369986
CC[C@@H](C)N(C)C(=O)c1cc2ccccc2c(-c2ccccc2Cl)n1,0.13903785
N[C@@H](CC(=O)N1CCn2c(nnc2C(F)(F)F)C1)Cc1[nH]nc2c(F)c(F)ccc12,0.96766806
C[C@@H](Nc1ncnc2[nH]c(-c3ccc(O)cc3)cc12)c1ccccc1,0.09422699
O=C(Nc1ccncc1)Nc1ccc(-c2nc(N3CCOCC3)nc(N3[C@@H]4CC[C@H]3COC4)n2)cc1,0.009417111
Cc1cc(CCCOc2c(C)cc(-c3noc(C(F)(F)F)n3)cc2C)on1,0.20981868
c1cc(CN2CCCNCCNCCCNCC2)ccc1CN1CCCNCCNCCCNCC1,0.043559168
CO[C@H](C(=O)[C@@H](O)[C@@H](C)O)[C@@H]1Cc2cc3cc(O[C@H]4C[C@@H](O[C@H]5C[C@@H](O)[C@H](O)[C@@H](C)O5)[C@@H](O)[C@@H](C)O4)c(C)c(O)c3c(O)c2C(=O)[C@H]1O[C@H]1C[C@@H](O[C@H]2C[C@@H](O[C@H]3C[C@](C)(O)[C@H](O)[C@@H](C)O3)[C@H](O)[C@@H](C)O2)[C@H](O)[C@@H](C)O1,0.9868051
CC(C)(C)c1nc[nH]c1/C=c1\[nH]c(=O)/c(=C/c2ccccc2)[nH]c1=O,0.9332502
N[C@@H](Cc1ccc(O)cc1)C(=O)O,0.003474096
CC1=CC(=O)c2c(O)cccc2C1=O,0.0054135527
O=C(NNc1ccccc1)c1ccncc1,0.009979457
CCCS(=O)(=O)Nc1ccc(F)c(C(=O)c2c[nH]c3ncc(Cl)cc23)c1F,0.98069626
Cc1noc(C)c1-c1cnc2c(-c3ccc(C(=O)O)cc3)cn([C@@H](C)c3ccccn3)c2c1,0.24208538
FC(F)(F)c1ccc(CNc2ccc(Cc3c[nH]c4ncccc34)cn2)cc1,0.5453552
O=C(c1c(F)ccc(NS(=O)(=O)N2CC[C@@H](F)C2)c1F)c1c[nH]c2ncc(-c3cnc(C4CC4)nc3)cc12,0.9243576
O=C(O)CC[C@@H](CP(=O)(O)O)C(=O)O,6.530203e-05
COc1cc(OC)c(NC(=O)Nc2cc(C)on2)cc1Cl,0.008923891
CNC(=O)c1ccc2c(c1)CCO[C@H]2CCN1CCN(c2ccc(C(N)=O)cc2)CC1,0.0018917792
CCCNCCc1ccc(NS(=O)(=O)c2ccc(OC(F)(F)F)cc2)cc1,0.008151031
Cn1c2c(c3ccccc31)CCNCC2,0.006312824
O=C(N[C@H]1CN2CCC1CC2)c1ccc(Cl)cc1,0.003334434
C1CCC(N=C(NC23CC4CC(CC(C4)C2)C3)N2CCOCC2)CC1,0.032050185
Cc1ccc(/C=N/NC(=O)c2ccccc2Oc2ccccc2)o1,0.2450028
Cc1cc2c(N3CCCC3)nc(N3CCCC3)nc2n1C,0.003911651
COc1ccc(OCc2ccc(COc3c(Cl)cccc3Cl)cc2)c(Cl)c1,0.8931647
COc1cc([C@@H]2c3cc4c(cc3[C@H](O)[C@H]3COC(=O)[C@H]23)OCO4)cc(OC)c1OC,0.003053848
O=C1CC[NH][Zn][O]C(=O)[C@H](Cc2cnc[nH]2)N1,0.004711059
CCCCCCCCCCCCOCCOCCOCCOCCOCCOCCOCCOCCOCCO,0.062942185
OC[C@H]1O[C@@H](Oc2cc(O)cc(/C=C/c3ccc(O)cc3)c2)[C@H](O)[C@@H](O)[C@@H]1O,0.012148583
O=c1nc[nH]c2c1ncn2[C@H]1O[C@H](COP(=O)(O)O)[C@H](O)[C@H]1O,0.0002640175
CC[C@@H](C)CCCCC(=O)N[C@@H](CCN)C(=O)N[C@H](C(=O)N[C@@H](CCN)C(=O)N[C@H]1CCNC(=O)[C@H]([C@@H](C)O)NC(=O)[C@@H](CCN)NC(=O)[C@@H](CCN)NC(=O)[C@@H](CC(C)C)NC(=O)[C@@H](Cc2ccccc2)NC(=O)[C@@H](CCN)NC1=O)[C@@H](C)O,0.9641984
CN1[C@@H](CSCC(F)(F)F)Nc2cc(Cl)c(S(N)(=O)=O)cc2S1(=O)=O,0.0019586475
Nc1cccc2c1C(=O)N([C@H]1CCC(=O)NC1=O)C2=O,0.006298859
Cc1ccc(C(=O)Nc2ccc(CN3CCN(C)CC3)c(C(F)(F)F)c2)cc1C#Cc1cnc2cccnn12,0.028408552
CCC/N=C1\S/C(=C\c2ccc(OC[C@H](O)CO)c(Cl)c2)C(=O)N1c1ccccc1C,0.9777583
CC[C@@H]([C@H](C)O)n1ncn(-c2ccc(N3CCN(c4ccc(OC[C@@H]5CO[C@@](Cn6cncn6)(c6ccc(F)cc6F)C5)cc4)CC3)cc2)c1=O,0.53865147
C[C@]12CCC(=O)C=C1C=C[C@@H]1[C@@H]2CC[C@@]2(C)[C@H]1CC[C@@]2(O)CCC(=O)O,0.00024459866
I,0.004673584
Nc1ccc(C(=O)O)cc1,0.0048813
Cc1ncccc1OC[C@@H]1CCCN1,0.011911503
C=CC(=O)N1CCC(Oc2cc3c(Nc4ccc(Cl)c(Cl)c4F)ncnc3cc2OC)CC1,0.9761619
Cc1ccc(-c2nn(C(C)(C)C)c3ncnc(N)c23)cc1,0.006228868
Nc1ncnc2c1c(-c1cnc3[nH]ccc3c1)nn2C1CCCC1,0.013276524
CC(C)(C)n1nc(-c2ccc(Cl)cc2)c2c(N)ncnc21,0.004868177
CCCc1c(-c2ccc(O)cc2)nn(-c2ccc(O)cc2)c1-c1ccc(O)cc1,0.2450678
COc1ccccc1-c1c[nH]c2ncc(-c3cncc(C(=O)N(C)C)c3)cc12,0.0139663
CC(C)n1nc(-c2cc3cc(O)ccc3[nH]2)c2c(N)ncnc21,0.008310527
COc1ccc(Cl)cc1NC(=O)Nc1cc(C)nc2ccccc12,0.11095723
N#CSc1cc(SC#N)c(N)nc1N,0.058364026
CC(=O)Nc1ccc(OC[C@H](O)CNC(C)C)cc1,0.0054851864
Nc1ncnc2c1ncn2CCOC[P@@]1(=O)OCC[C@@H](c2cccc(Cl)c2)O1,0.0014650996
C#CC[C@H](Cc1cnc2nc(N)nc(N)c2n1)c1ccc(C(=O)N[C@@H](CCC(=O)O)C(=O)O)cc1,0.005156912
C[n+]1ccccc1/C=N/O,0.029582871
C[n+]1ccccc1CN=O,0.0096793175
C[C@H](NC(=O)[C@@H](Cc1ccc2ccccc2c1)NC(=O)[C@@H](C)N)C(=O)N[C@@H](Cc1c[nH]c2ccccc12)C(=O)N[C@H](Cc1ccccc1)C(=O)N[C@@H](CCCCN)C(N)=O,0.767976
CCCN[C@H]1CCc2nc(N)sc2C1,0.0090544
CC(C)N(CCNC(=O)CN1CCCC1=O)C(C)C,0.0014920471
CCCCOc1ccc(OCCCN2CCOCC2)cc1,0.026505247
COC(=O)C1=C(C)NC(C)=C(C(=O)OC/C=C/c2ccccc2)[C@@H]1c1cccc([N+](=O)[O-])c1,0.20824355
O=C(Nc1cccc2c(=O)cc(-c3nn[nH]n3)oc12)c1ccc(OCCCCc2ccccc2)cc1,0.0046830536
C[C@@H](C(=O)O)c1ccc2c(c1)Cc1cccnc1O2,0.0062249936
CC(=O)O[C@H]1CC[C@@]2(C)C(=CC[C@@H]3[C@@H]2CC[C@]2(C)C(=O)CC[C@@H]32)C1,0.0029247706
CC(=O)Oc1cc2c(s1)CCN([C@@H](C(=O)C1CC1)c1ccccc1F)C2,0.026352325
COc1ccc(C(=O)c2c(C)n(CCN3CCOCC3)c3ccccc23)cc1,0.020308357
CC[C@H](C)C(=O)O[C@H]1C[C@H](O)C=C2C=C[C@H](C)[C@H](CC[C@@H](O)C[C@@H](O)CC(=O)O)[C@H]21,0.0009033362
O=C(C1CCCCC1)N1CC(=O)N2CCc3ccccc3[C@H]2C1,0.0037958708
COc1cc2nc(N3CCN(C(=O)c4ccco4)CC3)nc(N)c2cc1OC,0.013153622
O=C(OCCN1CCOCC1)C1(c2ccccc2)CCCCC1,0.0011855831
CCCN1CCC[C@H](c2cccc(O)c2)C1,0.009118361
CCOC(=O)O[C@]1(C(=O)COC(=O)CC)CC[C@H]2[C@H]3CCC4=CC(=O)C=C[C@]4(C)[C@@H]3[C@@H](O)C[C@@]21C,0.00033939866
C[C@]12C=CC(=O)C=C1CC[C@@H]1[C@@H]2[C@@H](O)C[C@@]2(C)[C@H]1CC[C@]2(O)C(=O)CO,0.0003291169
CC(=O)OCC(=O)[C@@]1(O)CC[C@H]2[C@@H]3CCC4=CC(=O)C=C[C@]4(C)[C@H]3[C@@H](O)C[C@@]21C,0.00029910717
C[C@]12C=CC(=O)C=C1CC[C@@H]1[C@@H]2[C@@H](O)C[C@@]2(C)[C@H]1CC[C@]2(O)C(=O)COC(=O)CCC(=O)O,7.244739e-05
C[C@]12C=CC(=O)C=C1CC[C@@H]1[C@@H]2[C@@H](O)C[C@@]2(C)[C@H]1CC[C@]2(O)C(=O)COP(=O)(O)O,2.1074604e-05
CC(C)(C)CC(=O)OCC(=O)[C@@]1(O)CC[C@H]2[C@H]3CCC4=CC(=O)C=C[C@]4(C)[C@@H]3[C@@H](O)C[C@@]21C,0.00028236498
C[C@]12C=CC(=O)C=C1CC[C@@H]1[C@@H]2C(=O)C[C@@]2(C)[C@H]1CC[C@]2(O)C(=O)CO,0.00016311079
CC(=O)[C@H]1CC[C@H]2[C@@H]3CC=C4C[C@@H](O)CC[C@]4(C)[C@H]3CC[C@]12C,0.0066479268
CC(=O)[C@H]1CC[C@H]2[C@H]3CC=C4C[C@@H](OC(=O)CCC(=O)O)CC[C@]4(C)[C@@H]3CC[C@]12C,0.0013634377
COCCOc1ccc(N2CCN(CCn3ncc4c3nc(N)n3nc(-c5ccco5)nc43)CC2)cc1,0.0034341442
C[C@@H](Cc1ccccc1)NCCC(c1ccccc1)c1ccccc1,0.62373173
Cc1cn2nc([C@@H]3CCCCN3C(=O)c3cc(Cl)ccc3NS(C)(=O)=O)cc2nc1N1CC[C@H](N)C1,0.034938943
O=[N+]([O-])c1cn2c(n1)OC[C@@H](OCc1ccc(OC(F)(F)F)cc1)C2,0.9548303
OC(CCN1CCCCC1)(c1ccccc1)c1ccccc1,0.005834175
CCCN1CCC(c2cccc(S(C)(=O)=O)c2)CC1,0.0055984873
CCCN[C@@H](C)C(=O)Nc1ccccc1C,0.010334369
COc1cc(N[C@@H](C)CCCN)c2ncccc2c1,0.057577778
O=C1C2CCN(CC2)C1(CO)CO,0.00058402587
CCC1(c2ccccc2)C(=O)NCNC1=O,0.0011774937
C=Cc1cc(O)cc2nc(-c3ccc(O)c(F)c3)oc12,0.038872667
CC1(C)SCCN(S(=O)(=O)c2ccc(Oc3ccncc3)cc2)[C@H]1C(=O)NO,0.024272209
C[C@H](NCc1ccc(OCc2ccccc2F)cc1)C(N)=O,0.075841464
CC(C)N[C@H](C)Cc1ccc(O)cn1,0.015394188
Cc1nc(N(C)C(=O)Cc2ccc(-c3ccccn3)cc2)sc1S(N)(=O)=O,0.0023877863
CCOc1ccccc1-n1c(CN2CCNCC2)nc2ccccc2c1=O,0.103505455
CC(C)(/C=C(\C#N)C(=O)N1CCC[C@@H](n2nc(-c3ccc(Oc4ccccc4)cc3F)c3c(N)ncnc32)C1)N1CCN(C2COC2)CC1,0.017438171
C=CC(=O)N1CCN(CCCn2c(=O)c(-c3c(Cl)c(OC)cc(OC)c3Cl)cc3cnc(NC)nc32)CC1,0.20854887
COCc1c[n+]([O-])c(C)cn1,0.012357068
CCCC(C(=O)OCCN(CC)CC)(c1ccccc1)c1ccccc1,0.0040240907
CCCN(CCC)S(=O)(=O)c1ccc(C(=O)O)cc1,0.0016495623
CC(C)(Sc1cc(C(C)(C)C)c(O)c(C(C)(C)C)c1)Sc1cc(C(C)(C)C)c(O)c(C(C)(C)C)c1,0.01932687
CCN(CC)CCNC(=O)c1ccc(N)cc1,0.005123726
CCN(CC)CCOC(=O)c1ccc(N)cc1,0.0036939566
CNNCc1ccc(C(=O)NC(C)C)cc1,0.006618546
CC[C@H](NC(C)C)[C@H](O)c1ccc(O)c2[nH]c(=O)ccc12,0.08696657
CN1CCN(CCCN2c3ccccc3Sc3ccc(Cl)cc32)CC1,0.68291736
O=C(O)CCc1nc2ccccc2[nH]1,0.0032418761
Oc1cc(O)c2c(c1)O[C@H](c1ccc(O)c(O)c1)[C@H](O)[C@H]2c1c(O)cc(O)c2c1O[C@H](c1ccc(O)c(O)c1)[C@@H](O)C2,0.41023085
O=C1N[C@H](C(=O)O)CS1,0.0073559
CCN(CC)[C@@H](C)CN1c2ccccc2Sc2ccccc21,0.9122269
Nc1ccc2cc3ccc(N)cc3nc2c1,0.10059817
CC(=O)[C@H]1CC[C@H]2[C@@H]3CCC4=CC(=O)CC[C@]4(C)[C@H]3CC[C@]12C,0.0024394733
CCCN(CCC)C(=O)[C@@H](CCC(=O)OCCCN1CCN(CCOC(=O)Cc2c(C)n(C(=O)c3ccc(Cl)cc3)c3ccc(OC)cc23)CC1)NC(=O)c1ccccc1,0.010737735
CCCN(CCC)C(=O)[C@@H](CCC(=O)O)NC(=O)c1ccccc1,0.0024659846
CC(C)NC(=N)N=C(N)Nc1ccc(Cl)cc1,0.06857338
CC(C)C[C@@H](NC(=O)[C@H]1CCCN1)C(=O)NCC(N)=O,0.0018051397
CN(C)CCCN1c2ccccc2Sc2ccccc21,0.2130772
CCCOc1ccc2c(c1)CC[C@@H]1[C@@H]2CC[C@]2(C)[C@@H](OC)CC[C@@H]12,0.21797247
CC(CN1c2ccccc2Sc2ccccc21)N(C)C,0.81322724
CC(C)NC[C@@H](O)c1ccc2ccccc2c1,0.01393533
CCN(CC)CC(=O)Oc1ccc(NC(C)=O)cc1,0.005961264
CCCNC[C@@H](O)COc1ccccc1C(=O)CCc1ccccc1,0.0038692567
O=C(O)C[CH2][Ge](=[O])[O][Ge](=[O])[CH2]CC(=O)O,0.0005259898
CC(C)[N+](C)(CCOC(=O)C1c2ccccc2Oc2ccccc21)C(C)C,0.008451263
CCC(CO[N+](=O)[O-])(CO[N+](=O)[O-])CO[N+](=O)[O-],0.0009942036
CCCn1cnc2c1c(=O)n(CCCCC(C)=O)c(=O)n2C,0.0030604461
CC[N+](C)(CC)CCC[n+]1c(-c2ccccc2)c2cc(N)ccc2c2ccc(N)cc21,0.68637973
O=C1CCO1,0.0020382302
CCCOC(C(=O)OC1CCN(C)CC1)(c1ccccc1)c1ccccc1,0.0032517512
CC(C)c1cccc(C(C)C)c1O,0.01332489
CNC(=O)Oc1ccccc1OC(C)C,0.0071741063
CCCOc1cc(N)ccc1C(=O)OCCN(CC)CC,0.0074480516
CC(C)NCC(O)COc1cccc2ccccc12,0.009986521
CC(C)NC[C@@H](O)COc1cccc2ccccc12,0.008882582
CC(C)NC[C@H](O)COc1cccc2ccccc12,0.009077601
CCCOC(=O)c1ccccc1,0.003331113
C[C@@H](O)CO,0.004617935
CN[C@@H](C)CC1CCCCC1,0.016794488
CCCOC(=O)c1ccc(O)cc1,0.0034511136
CCCc1cc(=O)[nH]c(=S)[nH]1,0.1067642
Cc1c(C(C)C)c(=O)n(-c2ccccc2)n1C,0.0041945027
Cc1ccc2c(-c3ccccc3)nc(=O)n(C(C)C)c2c1,0.01003039
C[C@@H]1O[C@@H](O[C@@H]2C=C3CC[C@@H]4[C@H](CC[C@]5(C)[C@@H](c6ccc(=O)oc6)CC[C@]45O)[C@@]3(C)CC2)[C@H](O)[C@H](O)[C@H]1O,0.0030286973
CCCc1cc(C(N)=S)ccn1,0.0073786844
NC(=O)[C@@H]1CCCN1C(=O)[C@H](Cc1c[nH]cn1)NC(=O)[C@@H]1CCC(=O)N1,0.0018544807
C=CC1=C(C)c2cc3[nH]c(cc4[nH]c(cc5nc(cc1n2)C(C)=C5C=C)c(C)c4CCC(=O)O)c(CCC(=O)O)c3C,0.35594988
CNCCCC1c2ccccc2C=Cc2ccccc21,0.06086181
Cc1noc(COc2ccccc2OC[C@@H](O)CNC(C)(C)C)n1,0.003834046
c1ccc(COCCCc2cnc[nH]2)cc1,0.020954013
CCCOc1ccc(C(=O)OCCN(CC)CC)cc1N,0.010972791
C[C@@H](O)Cn1cnc2c1c(=O)n(C)c(=O)n2C,0.0047153872
CCS(=O)(=O)N1CCN(c2ccc(Nc3ncc(C(N)=O)c(NC4CC4)n3)cc2)CC1,0.0022092494
NC(=O)c1cnc(N[C@@H]2CCCC[C@@H]2N)nc1Nc1cccc(-n2nccn2)c1,0.011518455
O=C1C(=Cc2cccnc2)C(=O)c2ccccc21,0.056253165
COCCCN1CCC(NC(=O)c2cc(Cl)c(N)c3c2OCC3)CC1,0.02096524
Cc1oc(=O)oc1CN1CCN(c2cc3c(cc2F)c(=O)c(C(=O)O)c2n3[C@@H](C)S2)CC1,0.9958151
N#Cc1c[nH]c2c(C(=O)N3CCN(CCc4ccc(F)cc4)CC3)cccc12,0.0023367684
COc1cc(Cl)cc([C@H](C)Nc2cc(N3CCNCC3)ccc2S(C)(=O)=O)c1OC,0.01960545
N#Cc1cc(CN2CCC(Nc3ncnc4sc(Cl)cc34)CC2)ccc1F,0.048240125
Nc1c(S(=O)(=O)O)cc(Nc2cccc3ccccc23)c2c1C(=O)c1ccccc1C2=O,0.772194
CC[C@@H]1CN2C(=O)N(C)c3[nH]c(-c4ccccc4)nc3C2=N1,0.025770985
CCCn1c(=O)[nH]c2nc(-c3ccc(S(=O)(=O)O)cc3)[nH]c2c1=O,0.0050289244
CCCn1c(=O)[nH]c2nc(-c3ccc(S(=O)(=O)N4CCN(c5ccc(Cl)cc5)CC4)cc3)[nH]c2c1=O,0.03520022
C[C@@]1(F)[C@H](O)[C@@H](CO)O[C@H]1n1ccc(N)nc1=O,0.0040294686
O=C(O)c1c(O)c(Cc2ccc(Cl)cc2)nc2c3c(ccc12)CCCC3,0.38671255
CC(C)OC(=O)[C@H](C)N[P@@](=O)(OC[C@H]1O[C@@H](n2ccc(=O)[nH]c2=O)[C@](C)(F)[C@@H]1O)Oc1ccccc1,0.0017326593
CCCCC1CCC(c2nc(-c3ccncc3)no2)CC1,0.021154847
O=C(Nc1ccc(Cl)cc1)Nc1cccc(-c2cccc(N3CCCC3)n2)c1,0.07299357
O=c1ccc2cc3ccoc3cc2o1,0.007881441
Cc1c(N2C(=O)[C@@H]3[C@H](O)CCN3C2=O)ccc(C#N)c1Cl,0.12671208
CS(=O)(=O)c1ccc(Oc2cc(F)cc(C#N)c2)c2c1[C@H](O)C(F)(F)C2,0.04242837
Cc1nc2cc(F)c(F)cc2n1-c1cncc(Nc2ccc(C(F)(F)F)cc2)n1,0.96388507
COc1cc(Br)c(Nc2nc(-c3c(C)nc4ncccn34)cs2)c(Br)c1,0.18941894
COc1cc(/C=C/c2ccc(O)cc2)cc(OC)c1,0.08816031
CC(C)NCCCn1c(Sc2cc3c(cc2I)OCO3)nc2c(N)ncnc21,0.112623945
O=c1c(-c2ccc(O)cc2)coc2c([C@@H]3O[C@H](CO)[C@@H](O)[C@H](O)[C@H]3O)c(O)ccc12,0.06899495
O=C(N[C@H]1CN2CCC1CC2)c1c[nH]c2ccsc2c1=O,0.23222469
c1ccc2c(Oc3nc(Nc4ccc(N5CCOCC5)cc4)c4ncn(C5CCCCC5)c4n3)cccc2c1,0.24065949
COc1ccc(C[C@H](N)C(=O)N[C@H]2[C@@H](O)[C@H](n3cnc4c(N(C)C)ncnc43)O[C@@H]2CO)cc1,0.004021821
CC(C)[C@H](CO)Nc1nc(Nc2cccc(Cl)c2)c2ncn(C(C)C)c2n1,0.09562843
CC(C)[C@H](CO)Nc1nc(Nc2ccc(C(=O)O)c(Cl)c2)c2ncn(C(C)C)c2n1,0.16866896
NCCCCN,0.008920969
CC[C@@H](C)SSc1ncc[nH]1,0.1490496
C[C@H]1CC[C@@]2(OC1)O[C@H]1C[C@H]3[C@@H]4CC[C@@H]5C[C@@H](O)CC[C@]5(C)[C@H]4CC[C@]3(C)[C@H]1[C@@H]2C,0.09211213
CCOC(=O)c1ccc(N2NC(=O)/C(=C/c3ccc([N+](=O)[O-])o3)C2=O)cc1,0.93729025
O=C(O)c1cc2ccccc2c(Cc2c(O)c(C(=O)O)cc3ccccc23)c1O,0.4607488
CN1CCCN=C1/C=C/c1cccs1,0.005817047
NC(=O)c1cnccn1,0.0057548718
N=C(N)NC(=O)c1cnccn1,0.00984967
O=C1c2ccccc2-c2[nH]nc3cccc1c23,0.014064408
COc1ccc2nc3c([N+](=O)[O-])ccc4c3c(c2c1)NN4CCCN(C)C,0.38863745
C=C/C=C\CC1=C(C)[C@@H](OC(=O)[C@@H]2[C@@H](C=C(C)C)C2(C)C)CC1=O,0.006888036
Cc1ncc(CO)c(C=O)c1O,0.011292401
Cc1ncc(CO)c(/C=N/NC(=O)c2ccncc2)c1O,0.07325224
Cc1ncc(CO)c(CN)c1O,0.010817316
Cc1ncc(CO)c(CO)c1O,0.008870646
CCc1nc(N)nc(N)c1-c1ccc(Cl)cc1,0.42571086
O=S(=O)(NCC1CC1)c1ccc(Nc2nccc(N3CCCc4cc(O)ccc43)n2)cc1,0.0073125944
c1cc[n+]2c(c1)[S][Zn]1([O]2)[O][n+]2ccccc2[S]1,0.9736004
CCC1(CC)C(=O)C=CNC1=O,0.0012951393
Cc1ncc(CSSCc2cnc(C)c(O)c2CO)c(CO)c1O,0.6340275
COc1ccc2nc3cc(Cl)ccc3c(Nc3cc(CN4CCCC4)c(O)c(CN4CCCC4)c3)c2n1,0.367624
CCOc1cc2ncc(C#N)c(Nc3ccc(OCc4ccccn4)c(Cl)c3)c2cc1NC(=O)/C=C/[C@H]1CCCN1C,0.13282707
O=C(CCCCCCC(=O)Nc1cccnc1)NO,0.0022249562
S=C(S)N1CCCC1,0.0036295212
Cc1cc(/C=C/c2ccc3cc(N(C)C)ccc3[n+]2C)c(C)n1-c1ccccc1,0.9142648
CC(C)c1ccc(CC(=O)N2CCN(c3ccc(C#N)nn3)CC2)cc1,0.0028483288
CC(=O)c1cc([N+](=O)[O-])c(Sc2ccc(F)cc2F)s1,0.99726224
CN1CC[C@@H](c2c(O)cc(O)c3c(=O)cc(-c4ccccc4Cl)oc23)[C@@H]1CO,0.23840825
CC(=O)c1cc([N+](=O)[O-])c(Sc2cccc(Cl)c2Cl)s1,0.9977908
O[C@@H](CNc1ccccc1)Cn1c2ccc(Br)cc2c2cc(Br)ccc21,0.39176717
CCc1nc2ccc(Cl)cn2c1C(=O)NCc1ccc(N2CCC(c3ccc(OC(F)(F)F)cc3)CC2)cc1,0.5899366
CC1C(=O)N=C2Nc3cccc(Cl)c3CN21,0.0092927655
O=c1c(O)c(-c2ccc(O)c(O)c2)oc2cc(O)cc(O)c12,0.70007235
OCCOCCN1CCN(C2=Nc3ccccc3Sc3ccccc32)CC1,0.4470322
CC(C)(C)Sc1c(CC(C)(C)C(=O)O)n(Cc2ccc(Cl)cc2)c2ccc(OCc3ccc4ccccc4n3)cc12,0.6604115
CCCN1C[C@@H](NS(=O)(=O)N(CC)CC)C[C@@H]2Cc3c(O)cccc3C[C@H]21,0.007169024
CCOC(=O)[C@H](CCc1ccccc1)N[C@@H](C)C(=O)N1Cc2ccccc2C[C@H]1C(=O)O,0.011373149
C[C@H](N[C@@H](CCc1ccccc1)C(=O)O)C(=O)N1Cc2ccccc2C[C@H]1C(=O)O,0.004656219
CCCN1CCC[C@@H]2Cc3nc(N)ncc3C[C@H]21,0.036656775
C#C[C@]1(O)CC[C@H]2[C@@H]3CCc4cc(OC5CCCC5)ccc4[C@H]3CC[C@@]21C,0.0041612675
CC[C@H]1NC(=O)c2cc(S(N)(=O)=O)c(Cl)cc2N1,0.0015616438
C=C[C@H]1C[N@@]2CC[C@H]1C[C@@H]2[C@@H](O)c1ccnc2ccc(OC)cc12,0.014494319
C=C[C@H]1C[N@@]2CC[C@H]1C[C@H]2[C@H](O)c1ccnc2ccc(OC)cc12,0.015325916
C=C[C@H]1C[N@@]2CC[C@H]1C[C@@H]2[C@@H](OC(=O)OCC)c1ccnc2ccc(OC)cc12,0.01417889
O=C(O)c1cccnc1C(=O)O,0.00459693
CCCN1CCC[C@@H]2Cc3[nH]ncc3C[C@H]21,0.011644078
c1ccc2nc(N3CCNCC3)ccc2c1,0.008786805
CC(C)(C)c1cc(NC(=O)Nc2ccc(-c3cn4c(n3)sc3cc(OCCN5CCOCC5)ccc34)cc2)no1,0.012322688
Cc1cccc(C)c1NC(=O)C[N+](C)(C)C,0.0038052495
CC[N+](CC)(CC)CC(=O)Nc1c(C)cccc1C,0.0066333096
CCCN(CCC)c1cc(C)nc2c(-c3cnc(N(C)C)cc3C)c(C)nn12,0.14356269
[N-]=[N+]=N[C@]1(CO)O[C@@H](n2ccc(N)nc2=O)[C@H](O)[C@@H]1O,0.08456303
O=S(=O)(c1ccccc1F)N1CCOc2c(N3CCNCC3)cccc21,0.0047384757
Cn1c(=O)c(Oc2ccc(F)cc2F)cc2cnc(NC3CCOCC3)nc21,0.7968498
Cc1cccc(-c2n[nH]cc2-c2ccc(F)c(-c3cnn(CCO)c3)c2)n1,0.2250681
Nc1nc(Nc2ccc3c(c2)CC[C@@H](N2CCCC2)CC3)nn1-c1cc2c(nn1)-c1ccccc1CCC2,0.057644315
Cc1nc2sccn2c(=O)c1CCN1CCC(=C(c2ccccc2)c2ccc(F)cc2)CC1,0.5912871
COc1cccc(CCc2ccccc2OCC[C@@H]2C[C@@H](O)CN2C)c1,0.023873296
COCCCOc1ccnc(C[S@@](=O)c2nc3ccccc3[nH]2)c1C,0.71373665
CC(C)(C)c1cc(C(C)(C)C)c2c(c1)[C@](O)(C(F)(F)F)C(=O)O2,0.43987748
CC(=O)SC[C@@H](Cc1ccccc1)C(=O)NCC(=O)OCc1ccccc1,0.00262422
CCN1CCC[C@H]1CNC(=O)c1c(O)c(Cl)cc(Cl)c1OC,0.21768224
C[C@@H](CCc1ccc(O)cc1)NC[C@@H](O)c1ccc(O)cc1,0.028288905
C[C@@H]1NC(C)(C)CO[C@@]1(O)c1cccc(Cl)c1,0.0046536387
CC(=O)NC[C@H]1CN(c2ccc(-c3ccc(CNCc4cn[nH]n4)cc3)c(F)c2)C(=O)O1,0.3411971
O=C(Nc1ccc2[nH]c(=O)oc2c1)C(=O)N1CCC(Cc2ccc(F)cc2)CC1,0.2504155
Cc1cn(-c2cc(NC(=O)c3ccc(C)c(Nc4nccc(-c5cnccn5)n4)c3)cc(C(F)(F)F)c2)cn1,0.81171626
Cc1c(N[C@@H](c2nnc(-c3ccc(C#N)cc3)o2)[C@H](C)O)ccc(C#N)c1Cl,0.0020257304
Cn1c(Nc2ccc(C(F)(F)F)cc2)nc2cc(Oc3ccnc(-c4ncc(C(F)(F)F)[nH]4)c3)ccc21,0.96668166
Cc1ncc(NC(=O)c2cccc(C(F)(F)F)c2)cc1-c1cnc(OC2CCOCC2)c(N2CCOCC2)c1,0.15025029
O=C(O)COC[C@H]1CC[C@H](COC(=O)N(c2ccccc2)c2ccc(Cl)cc2)CC1,0.021757802
O=C(c1ccc(OCCN2CCCCC2)cc1)c1c(-c2ccc(O)cc2)sc2cc(O)ccc12,0.32300103
Cc1nnc(C(=O)NC(C)(C)c2nc(C(=O)NCc3ccc(F)cc3)c(O)c(=O)n2C)o1,0.0018542954
Cc1nc(=O)c2cc(CN(C)c3ccc(C(=O)N[C@@H](CCC(=O)O)C(=O)O)s3)ccc2[nH]1,0.008848376
O=C(O)CCn1c2c(c3ccccc31)C[C@H](NS(=O)(=O)c1ccc(F)cc1)CC2,0.0009807565
CCC(=O)NCC[C@@H]1CCc2ccc3c(c21)CCO3,0.0032103215
Cc1c(NC(C)C)c(=O)n(-c2ccccc2)n1C,0.006298175
CCOC(=O)[C@H](CCc1ccccc1)N[C@@H](C)C(=O)N1[C@H](C(=O)O)C[C@@H]2CCC[C@@H]21,0.0025967811
Cn1cc(C(=O)[C@@H]2CCc3nc[nH]c3C2)c2ccccc21,0.004517002
O=C1C[C@@]2(C(=O)N1)C(=O)N(Cc1ccc(Br)cc1F)C(=O)c1cccn12,0.03807358
CN=C(C[N+](=O)[O-])NCCSCc1ccc(CN(C)C)o1,0.026681311
COc1ccccc1OC[C@@H](O)CN1CCN(CC(=O)Nc2c(C)cccc2C)CC1,0.004116473
C[C@@H](O)[C@H](N)C(=O)N1CCC[C@H]1C(=O)N1CCC[C@H]1C(=O)N[C@H](C(N)=O)[C@@H](C)O,0.0033631937
C#CCN[C@@H]1CCc2ccccc21,0.0023786554
COC(=O)[C@H]1[C@H]2C[C@H]3c4[nH]c5ccccc5c4CCN3C[C@H]2CC[C@@H]1O,0.0021481619
Cn1nccc1Nc1nccc(-c2ccn([C@H](CO)c3ccc(Cl)c(F)c3)c(=O)c2)n1,0.79001164
C[C@@H](c1nc(-c2ccc(C#N)cc2)cs1)[C@](O)(Cn1cncn1)c1ccc(F)cc1F,0.0064659338
COc1ccc(OC)c([C@H]2c3c(-c4ccc5ccccc5c4)n[nH]c3OC(=N)C2C#N)c1,0.57652754
O=C(N[C@H](Cc1cc(=O)[nH]c2ccccc12)C(=O)O)c1ccc(Cl)cc1,0.02113423
CNC(=O)c1cc(Oc2ccc(NC(=O)Nc3cc(C(C)(C)C)nn3-c3ccc4ncccc4c3)c(F)c2)ccn1,0.5002604
CCOc1ccccc1O[C@H](c1ccccc1)[C@H]1CNCCO1,0.028131178
COc1cc2nc(N3CCN(C(=O)COc4c(OC)cccc4C(C)C)CC3)nc(N)c2cc1OC,0.029813921
COc1cc(F)c(F)c(Nc2ccc(I)cc2F)c1NS(=O)(=O)C1(C[C@H](O)CO)CC1,0.7028663
CNC(=O)c1cnn(-c2nc(N)c3ncn([C@@H]4O[C@H](CO)[C@@H](O)[C@H]4O)c3n2)c1,0.0014778917
CNC(=O)c1cc(Oc2ccc(NC(=O)Nc3ccc(Cl)c(C(F)(F)F)c3)c(F)c2)ccn1,0.95513004
COc1ccc(S(=O)(=O)N2c3ccc(Cl)cc3[C@](O)(c3ccccc3Cl)[C@@H]2C(=O)N2CCC[C@H]2C(N)=O)cc1OC,0.11067101
O=C(NC1CCNCC1)[C@@H]1CC[C@@H]2CN1C(=O)N2OS(=O)(=O)O,0.003258323
CONC(=O)Nc1ccc(-c2sc3c(c2CN(C)C)c(=O)n(-c2ccc(OC)nn2)c(=O)n3Cc2c(F)cccc2F)cc1,0.9955492
C[C@@](Cc1ccccc1)(NC(=O)CN)c1ccccc1,0.06005414
COC(=O)c1ccc(OC(=O)CCCCCCC(=O)NO)cc1,0.0008737739
COC(=O)CC[C@@H]1N=C(c2ccccn2)c2cc(Br)ccc2-n2c(C)cnc21,0.05530649
N#Cc1ccc(-c2csc(NN=C3CCCC3)n2)cc1,0.004505712
CCN1CCC[C@H]1CNC(=O)c1c(OC)ccc(Br)c1OC,0.0026707607
CCOc1cc(CC(=O)N[C@@H](CC(C)C)c2ccccc2N2CCCCC2)ccc1C(=O)O,0.054105274
CC(C)Cc1ccc([C@@H](C)C(=O)NS(C)(=O)=O)cc1,0.008398277
C[C@H]1CNC(=O)c2cnn3ccc(nc23)N[C@H](C)c2cc(F)ccc2O1,0.010144053
Cc1cccc(-c2n[nH]cc2-c2ccc3ncccc3n2)n1,0.11429137
CCOC(=O)C1=CCCC[C@H]1S(=O)(=O)Nc1ccc(F)cc1Cl,0.04816129
COC(=O)[C@H]1[C@H]2C[C@@H]3c4[nH]c5cc(OC)ccc5c4CCN3C[C@H]2C[C@@H](OC(=O)c2cc(OC)c(OC)c(OC)c2)[C@@H]1OC,0.0058511337
C[C@]12CC[C@H](O)C[C@H]1CC[C@@H]1[C@@H]2CC[C@]2(C)[C@@H](c3ccc(=O)oc3)C[C@H]3O[C@]132,0.009491239
CCOCc1nc2c(N)nc3ccccc3c2n1CC(C)(C)O,0.14101762
CC(C)c1cc(Oc2c(Cl)cc(-n3nc(C#N)c(=O)[nH]c3=O)cc2Cl)nnc1O,0.9127795
CN(C)Cc1ccc(S(=O)(=O)n2ccc(/C=C/C(=O)NO)c2)cc1,0.0028238788
Oc1cccc(O)c1,0.007372223
CC(=O)Oc1cccc(O)c1,0.0071106683
Oc1ccc(/C=C/c2cc(O)cc(O)c2)cc1,0.055137485
COC(=O)c1nc(C(F)(F)F)n2c1CN(C(=O)C[C@H](N)Cc1cc(F)c(F)cc1F)CC2,0.9890232
C=C[C@]1(C)C[C@@H](OC(=O)CS[C@@H]2C[C@H]3CC[C@@H](C2)N3C)[C@]2(C)[C@H](C)CC[C@]3(CCC(=O)[C@H]32)[C@@H](C)[C@@H]1O,0.0038308748
C=CCNc1c(O)cc2c(O)c1C[C@@H](C)C[C@H](OC)[C@H](O)[C@@H](C)/C=C(\C)[C@H](OC(N)=O)[C@@H](OC)/C=C\C=C(/C)C(=O)N2,0.114115156
CC1=C(/C=C/C(C)=C/C=C/C(C)=C/C=O)C(C)(C)CCC1,0.049720217
CC1=C(/C=C/C(C)=C/C=C/C(C)=C/CO)C(C)(C)CCC1,0.07359214
CC(=O)OC/C=C(C)/C=C/C=C(C)/C=C/C1=C(C)CCCC1(C)C,0.078908645
CCCCCCCCCCCCCCCC(=O)OC/C=C(C)/C=C/C=C(C)/C=C/C1=C(C)CCCC1(C)C,0.8820075
CCCCC[C@@H](O)c1cccc(OCc2ccc3ccccc3n2)c1,0.23030667
Cc1nc(Nc2ccc(F)cc2)nc(N2CCc3ccccc3[C@H]2C)c1C,0.1778999
CN(CCN1CCC(OC(=O)Nc2ccccc2-c2ccccc2)CC1)C(=O)c1ccc(CN2CCC(C(N)=O)CC2)cc1,0.006440098
O=C(NCCCN1CCOCC1)c1cnn2c(-c3ccccc3)cc(-c3ccccc3)nc12,0.006038798
c1nc2nc(Nc3ccc(N4CCOCC4)cc3)nc(NC3CCCCC3)c2[nH]1,0.034642383
O=c1c(O[C@@H]2OC[C@@H](O)[C@H](O)[C@H]2O)c(-c2ccc(O)c(O)c2)oc2cc(O)cc(O)c12,0.06926001
COCCN1CCN(Cc2ccc(-c3n[nH]c4c3C(=O)c3c(NC(=O)NN5CCOCC5)cccc3-4)cc2)CC1,0.2948223
Nc1cc(F)ccc1NC(=O)/C=C/c1cnn(C/C=C/c2ccccc2)c1,0.32231322
C[C@H](CCOc1cccc(CC(=O)O)c1)N(Cc1cccc(C(F)(F)F)c1Cl)CC(c1ccccc1)c1ccccc1,0.97910416
O=C(O)[C@H](Cc1c[nH]c2ccccc12)N1C(=O)c2ccccc2C1=O,0.027912425
COc1cc2c(cc1F)C(c1ccccc1Cl)=NC1C(C)=NNC1=N2,0.8642927
Cc1ccc(C(=O)NCCCCCC(=O)Nc2ccccc2N)cc1,0.006764168
CC(C)(C(=O)NCC(F)(F)C(F)(F)F)C(=O)N[C@@H]1C(=O)Nc2ccccc2-c2ccccc21,0.0053677363
CCOc1cc(C(C)(C)C)ccc1C1=N[C@@](C)(c2ccc(Cl)cc2)[C@@](C)(c2ccc(Cl)cc2)N1C(=O)N1CCN(CCCS(C)(=O)=O)CC1,0.20421635
CCc1nc(C)cn2nc(-c3cc(=O)n4cc(C5CCN(C)CC5)cc(C)c4n3)cc12,0.19306153
COCCCOc1cc2c(cc1OC)-c1cc(=O)c(C(=O)O)cn1[C@H](C(C)C)C2,0.71286184
O=C(NCCCCCCNC(=O)ON=C1CCCCC1)ON=C1CCCCC1,0.008675452
O=C(O)c1cc(O)c2c(c1)C(=O)c1cccc(O)c1C2=O,0.8481751
COc1cc(O)c2c(c1)C(=O)c1cc(C)cc(O)c1C2=O,0.71099126
COC(=O)c1ccccc1-c1c2ccc(N)cc2[o+]c2cc(N)ccc12,0.09385021
O=C1C(Cl)=C(N2CCOCC2)C(=O)N1c1ccc(Cl)c(Cl)c1,0.9756698
NC(=O)c1ncn([C@@H]2O[C@H](CO)[C@@H](O)[C@H]2O)n1,0.0017019128
OC[C@@H](O)[C@@H](O)[C@@H](O)CO,0.0010991791
CN(C)C(=O)c1cc2cnc(Nc3ccc(N4CCNCC4)cn3)nc2n1C1CCCC1,0.0049273125
Cc1cc2nc3c(=O)[nH]c(=O)nc-3n(C[C@H](O)[C@H](O)[C@H](O)CO)c2cc1C,0.020016318
CCCC(=O)OC[C@@H](OC(=O)CCC)[C@@H](OC(=O)CCC)[C@H](Cn1c2nc(=O)[nH]c(=O)c-2nc2cc(C)c(C)cc21)OC(=O)CCC,0.21128121
Cc1cc2nc3c(=O)[nH]c(=O)nc-3n(C[C@H](O)[C@H](O)[C@H](O)COP(=O)(O)O)c2cc1C,0.00055279315
NC[C@H]1O[C@H](O[C@H]2[C@H](O[C@@H]3O[C@H](CO)[C@@H](O)[C@H]3O)[C@@H](O)[C@H](N)C[C@@H]2N)[C@H](N)[C@@H](O)[C@@H]1O,0.0032071597
NC[C@H]1O[C@H](O[C@H]2[C@@H](O[C@@H]3O[C@H](CO)[C@@H](O)[C@H]3O)[C@@H](O)[C@H](N)C[C@@H]2N)[C@H](N)[C@@H](O)[C@@H]1O,0.003252485
CCCCCC[C@@H](O)C/C=C\CCCCCCCC(=O)O,0.018909194
c1cc(-c2nc3ccc(-c4ccc5nc(-c6ccncc6)[nH]c5c4)cc3[nH]2)ccn1,0.69400525
CO[C@H]1/C=C/O[C@@]2(C)Oc3c(C)c(O)c4c(c3C2=O)C2=NC3(CCN(CC(C)C)CC3)NC2=C(NC(=O)/C(C)=C\C=C\[C@H](C)[C@H](O)[C@@H](C)[C@@H](O)[C@@H](C)[C@H](OC(C)=O)[C@@H]1C)C4=O,0.9503822
CO[C@H]1/C=C/O[C@@]2(C)Oc3c(C)c(O)c4c(O)c(c(/C=N/N5CCN(C)CC5)c(O)c4c3C2=O)NC(=O)/C(C)=C\C=C\[C@H](C)[C@H](O)[C@@H](C)[C@@H](O)[C@@H](C)[C@H](OC(C)=O)[C@@H]1C,0.99287635
CO[C@H]1/C=C/O[C@@]2(C)Oc3c(C)c(O)c4c(O)c(cc(O)c4c3C2=O)NC(=O)/C(C)=C\C=C\[C@H](C)[C@H](O)[C@@H](C)[C@@H](O)[C@@H](C)[C@H](OC(C)=O)[C@@H]1C,0.9321363
CO[C@H]1/C=C/O[C@@]2(C)Oc3c(C)c(O)c4c(O)c(c(/C=N/N5CCN(C6CCCC6)CC5)c(O)c4c3C2=O)NC(=O)/C(C)=C\C=C\[C@H](C)[C@H](O)[C@@H](C)[C@@H](O)[C@@H](C)[C@H](OC(C)=O)[C@@H]1C,0.9929502
CO[C@H]1/C=C/O[C@@]2(C)Oc3c(C)c(O)c4c(O)c(c5c(nc6cc(C)ccn65)c4c3C2=O)NC(=O)/C(C)=C\C=C\[C@H](C)[C@H](O)[C@@H](C)[C@@H](O)[C@@H](C)[C@H](OC(C)=O)[C@@H]1C,0.9853806
COc1cc(OC)c(/C=C/S(=O)(=O)Cc2ccc(OC)c(NCC(=O)O)c2)c(OC)c1,0.0036322193
COCCN1CCC(N(Cc2ccc(-c3ccc(C(F)(F)F)cc3)cc2)C(=O)Cn2c(SCc3cccc(F)c3F)cc(=O)c3ccccc32)CC1,0.99710673
C1COC(NC(C2CC2)C2CC2)=N1,0.0048894524
Cc1cc(/C=C/C#N)cc(C)c1Nc1ccnc(Nc2ccc(C#N)cc2)n1,0.034074828
Nc1nc2ccc(OC(F)(F)F)cc2s1,0.02547872
C[C@@H](N)C12CC3CC(CC(C3)C1)C2,0.011482914
C[C@@H]1CN(CCCn2c3ccccc3c3ccccc32)C[C@H](C)N1,0.035121273
N[C@@H]1c2cccnc2[C@H](OC(=O)N2CCC(n3c(=O)[nH]c4ncccc43)CC2)CC[C@H]1c1cccc(F)c1F,0.7903203
Cc1cc(S(C)(=O)=O)c(S(C)(=O)=O)cc1C(=O)NC(=N)N,0.0032391194
CCC(=O)[C@@]1(C)[C@H](C)C[C@H]2[C@@H]3CCC4=CC(=O)C=C[C@]4(C)[C@H]3[C@@H](O)C[C@@]21C,0.0032090277
Cc1c(C(=O)NN2CCCCC2)nn(-c2ccc(Cl)cc2Cl)c1-c1ccc(Cl)cc1,0.85368645
COC(=O)N(C)c1c(N)nc(-c2nn(Cc3ccccc3F)c3ncccc23)nc1N,0.17427854
COC(=O)C1=C(C)NC(C)=C(C(=O)OC)C1c1ccccc1OC(F)F,0.010092359
Oc1c(I)cc(I)c(O)c1I,0.06365479
C[C@H]1CNCCCN1S(=O)(=O)c1cccc2cncc(F)c12,0.004293521
CCn1nc(C)c2c1C(c1ccccc1)=NCC(=O)N2,0.0073897177
CCn1c(=O)c(-c2cc(NC(=O)Nc3ccccc3)c(F)cc2Br)cc2cnc(NC)cc21,0.9250892
Cc1cn2nc(-c3cc(=O)n4cc(N5CCNC6(CC6)C5)ccc4n3)cc(C)c2n1,0.023831528
O=P(O)(O)C(O)(Cc1cccnc1)P(=O)(O)O,2.0085416e-05
Cc1ccc(COC(=O)N2CC[C@H](CNc3ncccn3)[C@H](F)C2)cc1,0.009350168
Cc1nc2n(c(=O)c1CCN1CCC(c3noc4cc(F)ccc34)CC1)CCCC2,0.008489918
OCc1ccc(-c2ccc(-c3ccc(CO)s3)o2)s1,0.009774913
Cc1nc2sccn2c(=O)c1CCN1CCC(=C(c2ccc(F)cc2)c2ccc(F)cc2)CC1,0.7825376
C[C@@H](NCCc1ccc(O)cc1)[C@@H](O)c1ccc(O)cc1,0.029767007
CC(C)c1nc(CN(C)C(=O)N[C@H](C(=O)N[C@@H](Cc2ccccc2)C[C@H](O)[C@H](Cc2ccccc2)NC(=O)OCc2cncs2)C(C)C)cs1,0.05935935
CNCC/C=C/c1cccnc1,0.010407759
O=C(NC[C@H]1CN(c2ccc(N3CCOCC3=O)cc2)C(=O)O1)c1ccc(Cl)s1,0.18403256
CCN(C)C(=O)Oc1cccc([C@H](C)N(C)C)c1,0.007782347
CN(C)CCc1c[nH]c2ccc(Cn3cncn3)cc12,0.019192327
O=C(NCc1cccc(O)c1)Nc1nc(-c2ccncc2)cs1,0.012383441
O=c1c2ccccc2nc2n1CCCCC2,0.007660418
Cc1nc(N2CCC3(CC2)CO[C@@H](C)[C@H]3N)c(CO)nc1-c1cccc(Cl)c1Cl,0.5090742
CN1CCN(C(=O)CN[C@@H]2C[C@H]2c2ccc(OCc3ccccc3)cc2)CC1,0.011521126
CC(C)NCCN(C(C)C)S(=O)(=O)c1ccc(Cl)cc1Cl,0.019656671
O=[N+]([O-])c1cc(Cl)ccc1S(=O)(=O)N1CCN(Cc2ccccc2)CC1,0.2454991
COc1cc2c(cc1O)[C@H](CCc1ccc(Cl)cc1)N(C)CC2,0.0184433
Cc1cc2nc3c(=O)[nH]c(=O)nc-3n(C)c2cc1C=O,0.03453647
Cc1ncc(CN2CC=C(c3ccccc3)CC2)c(N)n1,0.047299955
O=[S@@](c1ccccc1)c1ccc2nnnn2n1,0.001008334
CC(C)Oc1ccc(Cc2ccc(NC3=NCCN3)cc2)cc1,0.20530874
CCOC(=O)c1ncn2c1CN(C)C(=O)c1cc(N=[N+]=[N-])ccc1-2,0.89739704
CN1Cc2c(C(=O)OC(C)(C)C)ncn2-c2ccsc2C1=O,0.01819418
CCCCOc1cc(C[C@H]2CNC(=O)N2)ccc1OC,0.011815581
C[C@@H](CN1CCC(Cc2ccccc2)CC1)[C@@H](O)c1ccc(O)cc1,0.124636166
CS(=O)(=O)c1ccc([C@@H](CC2CCCC2)C(=O)Nc2nccs2)cc1,0.0056718388
COc1cc(Cc2cnc(N)nc2N)c(C(C)C)cc1OC,0.4810997
O=C1N=C(NCc2cccs2)S/C1=C\c1ccc2ncccc2c1,0.8344891
CCCN(CCC)Cc1nc(-c2ncn3c2CN(C)C(=O)c2cc(F)ccc2-3)no1,0.01964107
C=CCN(C)CCCCCCOc1ccc(C(=O)c2ccc(Br)cc2)c(F)c1,0.27946487
O=C(NOCCO)c1cc(CN2OCCCC2=O)c(F)c(F)c1Nc1ccc(I)cc1F,0.96568584
CN(C)CCn1cc(C(=O)N2CCC3(CC2)OCc2ccccc23)c2ccc(Cl)cc21,0.025227115
CNS(=O)(=O)Nc1nccc(Cc2c(C)c3ccc(Oc4ncccn4)cc3oc2=O)c1F,0.08060288
Cc1c(F)cccc1[C@H]1COC(N)=N1,0.0093493825
C[C@H](N)Cn1ccc2cc(F)c(Cl)cc21,0.8282051
COc1ccc(S(=O)(=O)Nc2nc(-c3cccc([N+](=O)[O-])c3)cs2)cc1OC,0.005287128
Cc1ccc(S(=O)(=O)N2CCC[C@H]2c2ccc(F)cc2)cc1,0.0032751097
Nc1ccc(-c2nc3ccc(-c4nc5ccc(N)cc5[nH]4)cc3[nH]2)cc1,0.45885876
[N-]=[N+]=N[C@]1(CO)O[C@@H](n2ccc(N)nc2=O)[C@@H](O)[C@@H]1O,0.08897909
NC(=O)c1ccc(F)c2c1C[C@@H](N(C1CCC1)C1CCC1)CO2,0.023743134
COCCNc1cc(NC(=O)N2CCCc3cc(CN4CCN(C)CC4=O)c(C=O)nc32)ncc1C#N,0.0024824443
C=CC(=O)Nc1cccc(Nc2nc(Nc3ccc(N4CCN(C(C)=O)CC4)cc3OC)ncc2C(F)(F)F)c1,0.17631063
C=CC[N+]1([C@H]2C[C@H]3[C@@H]4CC[C@H]5C[C@H](O)[C@@H](N6CCOCC6)C[C@]5(C)[C@H]4CC[C@]3(C)[C@H]2OC(C)=O)CCCC1,0.0038569297
CS(=O)(=O)c1ccc(C2=C(c3ccccc3)C(=O)OC2)cc1,0.016383987
O=C(Nc1c(Cl)cncc1Cl)c1ccc(OC(F)F)c(OCC2CC2)c1,0.60120094
COCc1c(-c2cc3cc(C)cc(OC)c3s2)c2c(N)ncnn2c1CN1CCNC(=O)C1,0.013832197
C[C@@H](OC[C@@]1(c2ccccc2)CC[C@]2(CCC(=O)N2)CN1)c1cc(C(F)(F)F)cc(C(F)(F)F)c1,0.057820104
CN(C)[C@@H]1C(=O)C(C(=O)NCN2CCCC2)=C(O)[C@@]2(O)C(O)=C3C(=O)c4c(O)cccc4[C@@](C)(O)[C@H]3C[C@@H]12,0.83993155
O=C(CN1CCC(CN2Cc3ccccc3C2=O)CC1)c1ccc(F)cc1,0.0030423428
O=C1CCC2CCC(=O)N12,0.0024077843
C/C=C1\NC(=O)[C@H]2CSSCC/C=C/[C@H](CC(=O)N[C@H](C(C)C)C(=O)N2)OC(=O)[C@H](C(C)C)NC1=O,0.04058513
Cn1c([N+](=O)[O-])cnc1COC(N)=O,0.77159584
CCCN(CCC)CCc1cccc2c1CC(=O)N2,0.0055398913
CCCN1CCCC[C@H]1C(=O)Nc1c(C)cccc1C,0.012854542
CN(C(=O)c1c(O)c2ccccc2n(C)c1=O)c1ccccc1,0.113932446
CC[C@H]1OC(=O)C[C@@H](O)[C@H](C)[C@@H](O[C@@H]2O[C@H](C)C[C@H](N(C)C)[C@H]2O)[C@@H](CC=O)C[C@@H](C)C(=O)/C=C/[C@]2(C)O[C@H]2[C@@H]1C,0.014493399
CC[C@H](CO)Nc1nc(NCc2ccccc2)c2ncn(C(C)C)c2n1,0.036200188
O=C(O)c1c(Cl)c(Cl)c(Cl)c(Cl)c1-c1c2cc(I)c(=O)c(I)c-2oc2c(I)c(O)c(I)cc12,0.99972576
O=C1OC2(c3cc(I)c(O)c(I)c3Oc3c2cc(I)c(O)c3I)c2c(Cl)c(Cl)c(Cl)c(Cl)c21,0.99967456
CN(CCOc1ccc(C[C@H]2SC(=O)NC2=O)cc1)c1ccccn1,0.056789182
C=C1CC[C@H]2[C@H](CN)[C@@H]([C@@]3(C)CC[C@H](O)C[C@@H]3CO)CC[C@]12C,0.036746792
O=C(/C=C/c1ccc(O)c(O)c1)O[C@H](Cc1ccc(O)c(O)c1)C(=O)O,0.007282342
CCn1cc(C(=O)O)c(=O)c2ccc(-c3ccncc3)cc21,0.78447396
C[C@]12CC[C@H](O)C[C@H]1CC[C@@H]1[C@@H]2CC[C@]2(C)[C@@](O)(c3ccoc3)CC[C@]12O,0.0020191495
CC(C)c1nc(N(C)S(C)(=O)=O)nc(-c2ccc(F)cc2)c1/C=C/[C@@H](O)C[C@@H](O)CC(=O)O,0.00037806423
CCCN(CCc1cccs1)[C@H]1CCc2c(O)cccc2C1,0.008891486
COc1cc2c(cc1OC)[C@@H]1Cc3ccc(OC)c(OC)c3CN1CC2,0.0053891023
CCOC(=O)Cn1nc(C(F)(F)F)cc1-c1ccc(-c2cccc(S(C)(=O)=O)c2)cc1,0.7307225
O=[N+]([O-])c1cc([As](=O)(O)O)ccc1O,0.0032409627
CC(=O)OCC(=O)NCCCOc1cccc(CN2CCCCC2)c1,0.003196177
CC[C@H]1OC(=O)[C@H](C)[C@@H](O[C@H]2C[C@@](C)(OC)[C@@H](O)[C@H](C)O2)[C@H](C)[C@@H](O[C@@H]2O[C@H](C)C[C@H](N(C)C)[C@H]2O)[C@](C)(O)C[C@@H](C)/C(=N\OCOCCOC)[C@H](C)[C@@H](O)[C@]1(C)O,0.76302916
CC(C)Oc1ccc(-c2nc(-c3cccc4c3CC[C@H]4NCCC(=O)O)no2)cc1C#N,0.00044459794
COc1ccccc1CC(=N)N1C[C@@H]2C(=O)CCC(c3ccccc3)(c3ccccc3)[C@@H]2C1,0.029233607
O=C(O)c1ccc(S(=O)(=O)N(Cc2ccc(OC(F)(F)F)cc2)c2ncc(C(F)(F)F)cc2Cl)cc1,0.15569788
O=C(CBr)N1CC([N+](=O)[O-])([N+](=O)[O-])C1,0.29964662
C[C@@H](NC(=O)[C@@H]1CSCN1C(=O)c1ccccc1)c1ccccc1,0.06509591
Cc1c[nH]c(=O)n(CCCN2CCN(c3ccccc3OCC(F)(F)F)CC2)c1=O,0.14212434
COc1cc(OC)c(C(=O)CCCCN2CCC3(CC2)NC(=O)NC3=O)cc1NS(=O)(=O)c1ccc(C(F)(F)F)cc1,0.00011964968
O=C1Nc2ccccc2C2(CCN(CCc3ccc(C(F)(F)F)cc3)CC2)O1,0.0020088493
CC(C)c1cc(-c2ccc(F)c3ccccc23)nc(N)n1,0.25984937
CC(C)n1cnc2c(C(=O)N[C@H]3C[N@]4CC[C@@H]3CC4)cc(Cl)cc21,0.012777497
CC(C)(Cc1c[nH]c2ccc(Cl)cc12)NCCOc1ccccc1OCC1CC1,0.6007458
COc1cc(N)c(Cl)cc1C(=O)OCCCN1CCCCC1,0.0061648544
COc1cc(COc2cc(N)c(Cl)cc2C(=O)CCC2CCN(CCNS(C)(=O)=O)CC2)cc(OC)c1,0.008111062
Clc1cccc2c1CN(C1=NCCN1)C2,0.015358424
Cc1ccc2c(c1)C1(CCN(CCc3nc(-c4ccccc4)oc3C)CC1)OC(=O)N2,0.0052529825
Cn1cc(C(=O)C(=O)N[C@H]2C[N@]3CC[C@@H]2CC3)c2ccccc21,0.022951297
CCCCN1CCC(CCC(=O)c2cc(Cl)c(N)cc2OC)CC1,0.015913224
COc1cc(N)c(Cl)cc1C(=O)CCC1CCN(CCNS(C)(=O)=O)CC1,0.0014822326
CCS(=O)(=O)N1CCC[C@@H]2CN3CCc4cc(OC)ccc4[C@@H]3C[C@@H]21,0.0015341823
O=C(Nc1ccccc1F)N[C@H]1N=C(c2ccccc2)c2ccccc2NC1=O,0.21768034
CC1(C)CC[C@]2(NC(=O)C(C)(F)F)CC[C@]3(C)[C@H](C(=O)C=C4[C@@]5(C)C=C(C#N)C(=O)C(C)(C)[C@@H]5CC[C@]43C)[C@@H]2C1,0.000150516
CC[C@@H](C)CNCC(=O)N1CCc2sccc2[C@@H]1COc1cccc(C)c1,0.054653686
COc1ccc2[nH]cc(C3=CCNCC3)c2c1,0.009531214
CCC[C@@H]1CC2=CC(=O)CC[C@]2(C)[C@H]2CC[C@@]3(C)[C@@H](CC[C@@]3(O)CCC(=O)O)[C@H]12,0.00073902763
CC(C)N[C@@H]1CCn2c(=O)[nH]c3cccc(c32)[C@H]1O,0.054285713
CC1(C)C(=O)N(c2ccc(C#N)c(C(F)(F)F)c2)C(=O)N1CCCCO,0.00083910086
CC[C@@]1(O)C(=O)OCc2c1cc1n(c2=O)Cc2cc3c([N+](=O)[O-])cccc3nc2-1,0.05663868
CN(C)C[C@@H]1CCn2cc(c3ccccc32)C2=C(C(=O)NC2=O)c2cn(c3ccccc23)CCO1,0.8215063
CNCc1ccc(-c2[nH]c3cc(F)cc4c3c2CCNC4=O)cc1,0.18599562
CCCCc1ccc(O)cc1O,0.019985711
NC(=O)c1cn(Cc2c(F)cccc2F)nn1,0.13734785
CN1CCN(c2c(F)cc3c(=O)c(C(=O)O)cn4c3c2SCC4)CC1,0.98771995
Cc1cncc(CN2CCC(=C3c4ccc(Cl)cc4CCc4cccnc43)CC2)c1,0.69659954
O=c1c2ccccc2nc2n1CCc1c-2[nH]c2ccccc12,0.05568152
C[C@@H]1O[C@@H](OC[C@H]2O[C@@H](Oc3c(-c4ccc(O)c(O)c4)oc4cc(O)cc(O)c4c3=O)[C@H](O)[C@@H](O)[C@@H]2O)[C@H](O)[C@H](O)[C@H]1O,0.2478309
N#CC[C@H](C1CCCC1)n1cc(-c2ncnc3[nH]ccc23)cn1,0.0044086436
N#CC[C@@H](C1CCCC1)n1cc(-c2ncnc3[nH]ccc23)cn1,0.0042165467
COCCN(CCOC)C(=O)CCCC#Cc1cccc2nc(Cn3nc(-c4cccc(O)c4)c4c(N)ncnc43)n(Cc3ccccc3Cl)c(=O)c12,0.7658047
C=CCn1c(=O)n([C@@H]2O[C@H](CO)[C@@H](O)[C@H]2O)c2[nH]c(N)nc(=O)c21,0.03158603
Cc1c(C(=O)NCCCO)cnn1-c1nc(-c2cccc(C(F)(F)F)c2)cs1,0.0035043943
OCCC#Cc1nc(-c2ccc(F)cc2)c(-c2ccncc2)n1CCCc1ccccc1,0.035648767
Nc1ccn([C@@H]2C(F)=C(CO)[C@@H](O)[C@H]2O)c(=O)n1,0.030233301
CO[C@@]1(C2=NCCN2)COc2ccccc2O1,0.0016128218
Cc1ccc(NC2=CC(=O)c3sc(C)nc3C2=O)cc1,0.1904788
Oc1cccc(Nc2ncc(F)c(Nc3cccc(O)c3)n2)c1,0.13145517
O=C(NO)c1cnc(N2CCN(S(=O)(=O)c3ccc4ccccc4c3)CC2)nc1,0.0010652342
COc1cc(Nc2ncc(F)c(Nc3ccc4c(n3)NC(=O)C(C)(C)O4)n2)cc(OC)c1OC,0.0121961655
COc1ccc(F)c(F)c1C(=O)c1cnc(NC2CCN(S(C)(=O)=O)CC2)nc1N,0.6678916
CC(C)SC(=N)N,0.009742451
CSC[C@H](N)C(=O)O,0.0030328685
N[C@@H](CCC(=O)N[C@@H](CS[N+][O-])C(=O)NCC(=O)O)C(=O)O,0.004139083
N[C@@H](CSS(=O)(=O)O)C(=O)O,0.00066838093
N[C@H](CSC(c1ccccc1)(c1ccccc1)c1ccccc1)C(=O)O,0.10336915
Cc1oc2ccccc2c1CNC(=O)NCc1cccs1,0.014110323
CC(C)=CCC[C@](C)(O)[C@H]1CC[C@]2(C)[C@@H]1[C@H](O)C[C@@H]1[C@@]3(C)CC[C@H](O)C(C)(C)[C@@H]3CC[C@]12C,0.5163072
COc1ccc2cccc(N3CCN(CCNC(=O)c4ccc(F)cc4)CC3)c2c1,0.005310389
O=C([C@@H]1C[C@@H]2CCCC[C@@H]2N1C(=O)[C@@H]1C[C@H]1c1ccccc1)N1CCSC1,0.004894882
Cc1ccc(C#Cc2ccc(S(=O)(=O)N[C@H](Cc3c[nH]c4ccccc34)C(=O)O)s2)cc1,0.08499271
NC(=O)c1ccc(OCCCN2C[C@H]3CCC[C@H]3C2)cc1,0.005269858
CNC(=O)COC(=O)NCCC1CCN(c2cccc(C)n2)CC1,0.0027157306
O=C1NS(=O)(=O)c2ccccc21,0.0016405688
NC[C@@H](CS(=O)(=O)O)c1ccc(Cl)cc1,0.0027690108
CCOC(=O)[C@H](C)C[C@@H](Cc1ccc(-c2ccccc2)cc1)NC(=O)CCC(=O)O,0.008872491
C[C@H](C[C@@H](Cc1ccc(-c2ccccc2)cc1)NC(=O)CCC(=O)O)C(=O)O,0.0029178842
O=C1C(=C(O)/C=C/c2ccc(O)cc2)C(=O)[C@@](O)([C@H]2O[C@H](CO)[C@@H](O)[C@H](O)[C@H]2O)C(=O)/C1=C/[C@H]1C(=O)C(=C(O)/C=C/c2ccc(O)cc2)C(=O)[C@](O)([C@H]2O[C@H](CO)[C@@H](O)[C@H](O)[C@H]2O)C1=O,0.9967452
C[C@H](NCc1ccc(OCc2cccc(F)c2)cc1)C(N)=O,0.04063386
CCCCCCCCCCCCCCC[C@@H](O)[C@@H](N)CO,0.23289555
CC1=C(C=O)C(C)(C)CC=C1,0.0047978456
CN[C@H]1CC[C@H](N(Cc2cccc(-c3ccncc3)c2)C(=O)c2sc3ccccc3c2Cl)CC1,0.9783765
COc1ccc(NS(=O)(=O)c2ccc(N=Nc3ccc(O)c(C(=O)O)c3)cc2)nn1,0.0031927137
OCc1ccccc1O[C@@H]1O[C@H](CO)[C@@H](O)[C@H](O)[C@H]1O,0.0022566477
OCc1ccccc1O,0.0063594924
NC(=O)c1ccccc1O,0.0036294453
O=C(Nc1ccccc1)c1ccccc1O,0.0070109786
O=C(O)c1ccccc1O,0.0046286015
OC[C@H]1O[C@@H](OCCc2ccc(O)cc2)[C@H](O)[C@@H](O)[C@@H]1O,0.002645896
CC[C@@H](C(=O)[C@@H](C)[C@@H](O)[C@H](C)[C@@H]1O[C@@H]([C@@H](CC)C(=O)O)CC[C@@H]1C)[C@H]1O[C@]2(C=C[C@@H](O)[C@]3(CC[C@@](C)([C@H]4CC[C@](O)(CC)[C@H](C)O4)O3)O2)[C@H](C)C[C@@H]1C,0.019030375
CC(C)=CCC/C(C)=C/CC/C(C)=C/CSc1ccccc1C(=O)O,0.4054449
OCc1cc([C@@H](O)CNCCCCCCOCCCCc2ccccc2)ccc1O,0.118911
C[C@@]1(C(=O)O)NCCc2cc(O)c(O)cc21,0.0016915092
O=C(/C=C/c1ccccc1)N[C@@H](NC(=S)Nc1cccc2cccnc12)C(Cl)(Cl)Cl,0.9849909
O=C(/C=C/c1ccc(O)c(O)c1/C=C/c1ccc(O)c(O)c1)O[C@H](Cc1ccc(O)c(O)c1)C(=O)O,0.12645856
O=C(/C=C/c1ccc(O)c2c1[C@@H](C(=O)O[C@H](Cc1ccc(O)c(O)c1)C(=O)O)[C@H](c1ccc(O)c(O)c1)O2)O[C@H](Cc1ccc(O)c(O)c1)C(=O)O,0.041263413
COC(=O)[C@@H]1C[C@H](OC(C)=O)C(=O)[C@H]2[C@@]1(C)CC[C@H]1C(=O)O[C@H](c3ccoc3)C[C@]21C,0.00043574872
O=C(/C=C/c1ccccc1)N[C@@H](NC(=S)Nc1ccc(Cl)cc1)C(Cl)(Cl)Cl,0.98311526
O=S(=O)(c1cccc2ccccc12)c1n[nH]c2ccc(N3CCNCC3)cc12,0.019519582
CCCCCCN1CCC(C(=O)N(C)CC)(c2ccccc2)CC1,0.0047379476
COCCNC(=O)Cn1cnc([N+](=O)[O-])n1,0.036336694
CN(C)[C@@H]1C(=O)[C@@H](C(N)=O)C(=O)[C@@]2(O)C(=O)[C@H]3C(=O)c4c(O)cccc4C[C@H]3C[C@@H]12,0.27249792
NC(=O)c1cn([C@@H]2O[C@H](CO)[C@@H](O)[C@H]2O)c2ncnc(N)c12,0.002059786
C[n+]1cc2c3c(ccc2c2ccc4cc5c(cc4c21)OCO5)OCO3,0.045160092
Cc1nn(-c2ccccc2)c(C)c1/C=N/N1CCN(Cc2ccccc2)CC1,0.120298624
CCOc1cc(C(=O)Nc2ccc(Cl)c(-c3nc4ccccc4[nH]3)c2)cc(OCC)c1OCC,0.7080793
CCCCCCCCCCCCCCCC(=O)Nc1ccn([C@@H]2O[C@H](CO)[C@@H](O)[C@@H]2C#N)c(=O)n1,0.07737133
C[C@H](O)[C@H](O)[C@H]1CNc2[nH]c(N)nc(=O)c2N1,0.008058994
CC(C)(C)NC(=O)[C@@H]1C[C@@H]2CCCC[C@@H]2CN1C[C@@H](O)[C@H](Cc1ccccc1)NC(=O)[C@H](CC(N)=O)NC(=O)c1ccc2ccccc2n1,0.037974093
COc1cc(Nc2nc3ccccc3nc2NS(=O)(=O)c2ccc(NC(=O)c3ccc(C)c(OC)c3)cc2)cc(OC)c1,0.0685556
CN1CCN(CCOc2cc(OC3CCOCC3)c3c(Nc4c(Cl)ccc5c4OCO5)ncnc3c2)CC1,0.021138208
O=C(O)c1cn(-c2ccc(F)cc2)c2cc(N3CCNCC3)c(F)cc2c1=O,0.9754321
CNCC(=O)O,0.002324196
N=C(N)N/N=C1\CCc2c(C(=N)N)cccc21,0.05025699
CCc1noc(C)c1-c1[nH]c2ccccc2c1[C@@H](O)CN(C)C,0.014395814
CCO[C@@H](Cc1ccc(OCCn2c(C)ccc2-c2ccc(SC)cc2)cc1)C(=O)O,0.29649544
COc1cccc(CCc2ccccc2OC[C@@H](CN(C)C)OC(=O)CCC(=O)O)c1,0.0027783501
CCn1c(N)c(C(=O)NC)c(=O)c2ccc(C#C[C@@](C)(O)COC)nc21,0.0069888816
C[C@@H]1COCCN1c1cc(=O)n2c(n1)N(Cc1cncc(Cl)c1)[C@H](C(F)(F)F)CC2,0.09641883
CC(C)(C)C[C@@H]1N[C@@H](C(=O)N[C@H]2CC[C@H](O)CC2)[C@H](c2cccc(Cl)c2F)[C@]12C(=O)Nc1cc(Cl)ccc12,0.8937113
O=c1[nH]ccc2cc(OC3CCNCC3)ccc12,0.015277713
O=C(Oc1ccccc1C(=O)O)c1ccccc1O,0.005156887
CC(=O)[O][Pt]([NH2])([Cl])([Cl])([NH]C1CCCCC1)[O]C(C)=O,0.00089487265
C[C@@H](c1ccc2nccn2c1)n1nnc2ncc(-c3cnn(C)c3)nc21,0.0042394064
N#C[C@@H]1C[C@@H]2C[C@@H]2N1C(=O)[C@@H](N)[C@@]12C[C@@H]3C[C@@H](C[C@@](O)(C3)C1)C2,0.0013553499
Cn1ccc2cc(NC(=O)Nc3cccnc3)ccc21,0.027173271
Oc1ccc(-c2nc(-c3ccncc3)c(-c3ccc(F)cc3)[nH]2)cc1,0.18284644
O=C(OCCN1CCCCC1)c1c[nH]c2ccccc12,0.004308318
C[S@@](=O)c1ccc(-c2nc(-c3ccncc3)c(-c3ccc(F)cc3)[nH]2)cc1,0.15357144
CC#CCOC(=O)c1c(C)nc2sc3c(c2c1N)CC[C@H](O)C3,0.0031203378
Cn1ccc2cc3c(cc21)CCN3C(=O)Nc1cccnc1,0.02386078
COc1ccc(NC(=O)c2ccc(-c3ccc(-c4noc(C)n4)cc3C)cc2)cc1OCCN(C)C,0.06784892
Cn1cc(C2=C(c3ccc(Cl)cc3Cl)C(=O)NC2=O)c2ccccc21,0.97462827
O=C1NC(=O)c2c1c1c3ccccc3n3c1c1c2c2ccccc2n1[C@H]1CC[C@H]3O1,0.9569942
COC(=O)[C@H](NC(=O)c1cc(-c2ccccc2)nc2ccccc12)c1ccccc1,0.013123156
CSc1cc2c(cc1C(F)(F)F)N(C(=O)Nc1cccnc1)CC2,0.49099827
CC[C@H](NC(=O)c1c(C)c(-c2ccccc2)nc2ccccc12)c1ccccc1,0.15853086
O=C(Nc1ccc([N+](=O)[O-])cc1O)Nc1ccccc1Br,0.14330481
COc1cc2c(cc1C(F)(F)F)N(C(=O)Nc1cc(F)cc(-c3cccnc3)c1)CC2,0.6266819
Cc1nc2c(-c3cnc(N)nc3)nc(N3CCOCC3)nc2n1C(C)C,0.010841225
COc1nccc(-c2c(-c3ccc(F)cc3)ncn2[C@H]2CC[C@H](O)CC2)n1,0.005938538
COc1nccc(-c2c(-c3ccc(F)cc3)ncn2C2CCNCC2)n1,0.0066720718
Cc1cc2c(cc1C(F)(F)F)N(C(=O)Nc1ccc(Oc3cccnc3C)nc1)CC2,0.23070763
COc1ccc(NS(=O)(=O)c2ccc(I)cc2)cc1N1CCN(C)CC1,0.0032255016
Cc1ccccc1N(C)C(=O)c1ccc([S@@](=O)c2nccs2)c([N+](=O)[O-])c1,0.97912794
CC1CCN(CC[C@H]2CCCN2S(=O)(=O)c2cccc(O)c2)CC1,0.0017818069
COc1ccc(NS(=O)(=O)c2sc3ccc(Cl)cc3c2C)cc1N1CCNCC1,0.2465978
CCOC(=O)[C@H](Cc1ccc([N+](=O)[O-])cc1)NC(=O)c1ccccc1,0.0062364875
COC(=O)[C@H](Cc1ccc([N+](=O)[O-])cc1)NC(=O)c1cccc2ccccc12,0.0074949046
Cc1nc2ccc(NC(=O)Nc3ccnc4cccnc34)cc2o1,0.04119552
COc1cccc(NC(=O)/C=C/c2ccc(Cl)cc2)c1,0.025217213
COc1ccc(S(=O)(=O)Nc2cc(Cl)cc(Cl)c2OC)cc1N1CCNCC1,0.056502488
Cc1cc(NC(=O)Nc2ccc(N(C)C)cc2)c2cc(F)cc(F)c2n1,0.8308954
O=C1NC(=O)C(c2ccccc2[N+](=O)[O-])=C1Nc1ccc(O)c(Cl)c1,0.9494258
NC(=O)c1ccc(-c2nc(-c3ccccn3)c(-c3ccc4c(c3)OCO4)[nH]2)cc1,0.008623873
CCN(CCNC(=O)Nc1ccccc1Br)c1cccc(C)c1,0.09081025
Cc1cccc(-c2nc(C(C)(C)C)[nH]c2-c2ccc3c(c2)OCO3)n1,0.0084331455
Cc1cccc(-c2nc(C(C)(C)C)[nH]c2-c2ccc3nccnc3c2)n1,0.08811653
CN(C)CCOc1ccc(-c2nc(-c3ccncc3)c(-c3ccc4c(c3)CC/C4=N\O)[nH]2)cc1,0.22129299
Cc1cccc2c1CC[C@H](CN1CCC(c3c(Cl)cccc3Cl)CC1)C[C@@H]2O,0.49778923
Cc1nc(C(=O)N2CCCC[C@H]2CNC(=O)c2cccc3occc23)c(-c2ccc(F)cc2)s1,0.057854597
COc1cc(Br)c(S(=O)(=O)Nc2ccc(Cl)c(O[C@@H]3CCN(C)C3)c2)cc1OC,0.0031783443
COc1cccc(OC)c1-c1ccc(C[C@H](NC(=O)c2c(Cl)cccc2Cl)C(=O)O)cc1,0.83731854
O=C(Nc1ccccc1Br)N[C@@H]1CCN(c2ccc(C(F)(F)F)cn2)C1,0.08787455
COc1cc(Br)c(S(=O)(=O)Nc2ccc(C(F)(F)F)c(O[C@@H]3CCN(C)C3)c2)cc1OC,0.0060614077
O=S(=O)(c1ccccc1)c1cnc2c(N3CCNCC3)cccc2c1,0.004174835
Cc1ccc(C(=O)N(CCCN)[C@@H](c2oc3cc(Cl)ccc3c(=O)c2Cc2ccccc2)C(C)C)cc1,0.8771468
CCn1c(-c2nonc2N)nc2cncc(CNC3CCNCC3)c21,0.0055381367
COc1ccc(S(=O)(=O)N2CCCN(S(=O)(=O)c3ccc(OC)c(OC)c3)CC2)cc1OC,0.00026348088
CCn1c(-c2nonc2N)nc2cncc(C(=O)N3CC[C@H](N)C3)c21,0.002578346
CCCCc1nc2cc(/C=C/C(=O)NO)ccc2n1CCN(CC)CC,0.055022743
COc1ccc(CCNCc2ccc(OCc3ccc(Cl)nc3)c(OC)c2)cc1OC,0.15659963
O=C(CCCCCCC(=O)NO)NO,0.0013838295
CCS(=O)(=O)c1ncc(Cl)c(C(=O)Oc2cccc(C)c2)n1,0.15769224
CCCCCCCNS(=O)(=O)c1cccc2c(Cl)cccc12,0.022028849
COc1cccc(-c2ccc(NC(=O)C3=C(C(=O)O)CCC3)c(F)c2)c1,0.30977994
O=C(NNc1nc2cc(F)ccc2n2cccc12)c1cnccn1,0.16608995
CC(=O)NNC(=O)N1Cc2ccccc2Oc2ccc(Cl)cc21,0.24158555
NS(=O)(=O)c1ccc(-n2nc(C(F)(F)F)cc2-c2ccc(Cl)cc2)cc1,0.11714736
O=C(CCc1ccncc1)NNC(=O)N1Cc2ccccc2Oc2ccc(Cl)cc21,0.25802857
COc1ccc(-n2nc(C(F)(F)F)cc2-c2ccc(Cl)cc2)cc1,0.7985877
O=S(=O)(NCCCCCCc1ccccc1)c1cccc2c(Cl)cccc12,0.03732736
C=C1C(=O)O[C@@H]2/C=C(/C)C[C@H]3C=C(C[C@H](OC(=O)/C(C)=C\C)[C@@H]12)C(=O)O3,0.085644975
CN=c1nc(-c2ccccc2)n(-c2ccccc2)s1,0.0043487134
Cc1ccccc1C(c1ccccc1C)N1[C@@H]2CC[C@H]1C[C@](O)(c1ccccc1)C2,0.04664864
CN1CCc2cc(Cl)c(O)cc2[C@@H](c2ccccc2)C1,0.07290421
Cc1nc2c(OCc3ccccc3)cccn2c1CC#N,0.008339343
COc1ccc2nc3n[nH]c(C)c3c(NCCOCCO)c2c1,0.0058728303
Nc1nc2c(cnn2CCc2ccccc2)c2nc(-c3ccco3)nn12,0.0049332054
Cn1cc(-c2cnn3c(N)c(Br)c([C@@H]4CCCNC4)nc23)cn1,0.0116479
COc1cc2c(c(OC)c1OC)-c1c(cc3c(c1OC)OCO3)C[C@@H](C)[C@@H](C)C2,0.041567262
COc1cc2c(c(OC)c1OC)-c1c(cc3c(c1OC)OCO3)C[C@H](C)[C@@](C)(O)C2,0.017131247
C=CC(C)(O)CC[C@@H]1[C@@]2(C)CCCC(C)(C)[C@@H]2CC[C@@]1(C)O,0.21347564
CC1(C)CCC[C@]2(C)[C@H]3CC(=O)O[C@]3(C)CC[C@@H]12,0.014013078
N[C@@H](CSCC(=O)O)C(=O)O,0.00278561
CN1[C@@H]2C[C@@H](O)C[C@H]1[C@@H]1O[C@@H]12,0.0055269054
CN1[C@@H]2C[C@@H](OC(=O)[C@H](CO)c3ccccc3)C[C@H]1[C@@H]1O[C@@H]12,0.003146537
O=C(CN1C(=O)c2ccccc2S1(=O)=O)Nc1ccc(O)cc1,0.0031106183
O=C(CCCCCN1C(=O)c2cccc3cccc(c23)C1=O)NO,0.0010933164
O=C(N/N=C/c1ccccc1O)c1ccccc1O,0.026289145
O=C(CO)N1CCC(c2[nH]nc(-c3ccc(Cl)cc3)c2-c2ccncn2)CC1,0.0076442244
NC(=O)c1ccc2[nH]ccc2c1,0.0061064432
Fc1ccc(Cl)cc1-c1nc(Nc2ccncc2)c2nccnc2n1,0.23050459
COCCN1CCC(C(=O)NO)(S(=O)(=O)c2ccc(Oc3ccc(OC(F)(F)F)cc3)cc2)CC1,0.0044359313
CN(Cc1ccccc1)C(=O)[C@H](Cc1ccc2ccccc2c1)NC(=O)[C@@H]1CCCN1C(=O)Nc1ccccc1[N+](=O)[O-],0.90750873
CN1CC[C@@H]2CN3CCc4cccc(c43)[C@@H]2C1,0.0043017296
CO[C@@H]1[C@H](O)[C@@H](CO)O[C@H]1n1cnc2c(NC3CCCCC3)ncnc21,0.003010329
CCN(CC)CCOC(=O)c1cc(Cl)c(N)cc1OC,0.0077792476
CC(C)OC(=O)c1cc2c(OC[C@@H](O)CNC(C)(C)C)cccc2[nH]1,0.013865604
N[C@@H](Cc1cc(-c2ccc(Cl)cc2Cl)cc(CP(=O)(O)O)c1O)C(=O)O,0.00269711
N[C@@H](Cc1cc(CP(=O)(O)O)cc(-c2ccccc2Cl)c1)C(=O)O,0.00072065427
C[Se]C[C@H](N)C(=O)O,0.002531027
C=C1CC[C@H](O)C/C1=C/C=C1\CCC[C@]2(C)[C@@H]([C@H](C)CC[C@@H](O)C(C)(C)O)CC[C@@H]12,0.15002814
O=C1c2cc(Cl)ccc2O[C@H]2CCON12,0.021958467
C/C(=N\NC(=O)c1cccc(S(=O)(=O)N2CCN(C)CC2)c1)c1cc(Cl)ccc1O,0.00864093
Cc1ncc([N+](=O)[O-])n1C[C@@H](C)O,0.93677294
COc1cc(C[C@@H](CO)[C@H](CO)Cc2ccc(O)c(OC)c2)ccc1O,0.054228693
COc1cc(C[C@@H](CO[C@@H]2O[C@H](CO)[C@@H](O)[C@H](O)[C@H]2O)[C@H](CO[C@@H]2O[C@H](CO)[C@@H](O)[C@H](O)[C@H]2O)Cc2ccc(O)c(OC)c2)ccc1O,0.004194939
O=C1C=C2C=C[C@@H]3C[C@@]2(O1)[C@H]1CCCCN31,0.0006118264
C=C1C[C@H]2[C@@H]3CCC4=CC(=O)CC[C@@H]4[C@H]3CC[C@]2(C)[C@@]1(OC(C)=O)C(C)=O,0.001263507
CCO[C@H](COc1ccc(C(F)(F)F)cc1)CSc1ccc(OCC(=O)O)c(C)c1,0.024247572
CO[C@H]1C[C@H](O[C@@H]2/C(C)=C/C[C@@H]3C[C@@H](C[C@]4(CC[C@H](C)[C@@H](C5CCCCC5)O4)O3)OC(=O)[C@@H]3C=C(C)/C(=N/O)[C@H]4OC/C(=C\C=C\[C@@H]2C)[C@]43O)O[C@@H](C)[C@@H]1O,0.570049
C#CCN(C)[C@H](C)Cc1ccccc1,0.0042748377
C[Se]CC[C@H](N)C(=O)O,0.0020863474
[O-][n+]1cccc(-c2nc3c(Cl)cccc3cc2[C@@H](Nc2ncnc3cccnc23)C(F)(F)F)c1,0.9674046
CC(C)N(CCCCOCC(=O)NS(C)(=O)=O)c1cnc(-c2ccccc2)c(-c2ccccc2)n1,0.021238016
O=C(O)[C@H]1C[C@@H](CP(=O)(O)O)CCN1,0.00034532908
O=C(/C=C\n1cnc(-c2cc(C(F)(F)F)cc(C(F)(F)F)c2)n1)NNc1cnccn1,0.13902435
C[C@@H]1CCc2ncc(F)cc2[C@H]2CCCN2c2ccn3ncc(c3n2)C(=O)N1,0.009133708
Cc1cc(F)c(C(=O)Nc2cccc(-c3nncn3C(C)C)n2)cc1-n1cnc(C2CC2)c1,0.07733485
Cn1cnc2c(F)c(Nc3ccc(Br)cc3Cl)c(C(=O)NOCCO)cc21,0.7366688
CC(C)[C@H](O)C(=O)N[C@@H](C)C(=O)N[C@@H]1C(=O)N(C)CCc2ccccc21,0.001769058
CC(=NNC(=N)N)c1cc(NC(=O)CCCCCCCCC(=O)Nc2cc(C(C)=NNC(=N)N)cc(C(C)=NNC(=N)N)c2)cc(C(C)=NNC(=N)N)c1,0.9957847
Cc1cc(C)c(/C=C2\C(=O)Nc3ccccc32)[nH]1,0.025264768
CC1CCC(NC(=O)N(CCCl)[NH2+][O-])CC1,0.087204985
CN(C)c1cccc(Oc2cnc(Nc3cccc(O)c3)nc2)c1,0.13988413
NC(=O)C(c1ccccc1)(c1ccc(F)cc1)c1ccc(F)cc1,0.092218645
O=C(O)c1cc(O)c2c(O)c3c(O[C@H]4O[C@H](CO)[C@@H](O)[C@H](O)[C@H]4O)cccc3c(-c3c4cc(C(=O)O)cc(O)c4c(O)c4c(O[C@H]5O[C@H](CO)[C@@H](O)[C@H](O)[C@H]5O)cccc34)c2c1,0.60384214
O=C(O)c1cc(O)c2c(O)c3c(O[C@@H]4O[C@H](CO)[C@@H](O)[C@H](O)[C@@H]4O)cccc3c(-c3c4cc(C(=O)O)cc(O)c4c(O)c4c(O[C@H]5O[C@@H](CO)[C@@H](O)[C@@H](O)[C@@H]5O)cccc34)c2c1,0.5745731
C=C1/C(=C\C=C2/CCC[C@]3(C)[C@@H]([C@H](C)/C=C/C=C/C(O)(CC)CC)CC[C@@H]23)C[C@@H](O)C[C@@H]1O,0.10345894
O=C(O)c1cc2occc2[nH]1,0.0059330687
CC1=C(C)C(=O)C([C@@H](CCCCCC(=O)O)c2ccccc2)=C(C)C1=O,0.0018284635
c1ccc2c(CCNc3ccc(Nc4ccncc4)cc3)c[nH]c2c1,0.5700948
NCCc1c[nH]c2ccc(O)cc12,0.01729383
Clc1ccc([C@@H](Cn2ccnc2)OCc2csc3c(Cl)cccc23)c(Cl)c1,0.97461075
O=C1NCCN1CCN1CCC(c2cn(-c3ccc(F)cc3)c3ccc(Cl)cc23)CC1,0.1742058
CN[C@H]1CC[C@@H](c2ccc(Cl)c(Cl)c2)c2ccccc21,0.14063261
c1cc2c(cc1[C@H]1OC[C@H]3[C@@H]1CO[C@@H]3c1ccc3c(c1)OCO3)OCO2,0.0027086043
O=C(O)Cn1c2c(c3cc(F)ccc31)CN(C(=O)c1cccc3ccccc13)CC2,0.1795289
CN1CCC2=C(C1)c1ccccc1Cc1ccccc12,0.019705495
CC(=O)N[C@@H](CCCNC(=N)N)C(=O)N[C@H]1CSSC[C@@H](C(N)=O)NC(=O)[C@H](Cc2c[nH]c3ccccc23)NC(=O)[C@H](CCCNC(=N)N)NC(=O)[C@@H](Cc2ccccc2)NC(=O)[C@H](Cc2cnc[nH]2)NC(=O)[C@@H](C)NC1=O,0.9966217
FCOC(C(F)(F)F)C(F)(F)F,0.6359543
FC(F)(F)c1cccc(-c2noc(-c3cc(-c4ccccc4)c(C(F)(F)F)s3)n2)c1,0.4220751
CCOc1ccc(NC(=S)N2CCC(C(O)(c3ccccc3)c3ccccc3)CC2)cc1,0.28211784
COc1ccc(CCc2nc3cc(-c4c(C)noc4C)ccc3n2C[C@H](C)N2CCOCC2)cc1Cl,0.45806938
CC(C)N(CCCNC(=O)Nc1ccc(C(C)(C)C)cc1)C[C@H]1O[C@@H](n2cc(Br)c3c(N)ncnc32)[C@H](O)[C@@H]1O,0.21527937
O=C(NCC(=O)N1CCCC1)Nc1ccc2cnccc2c1,0.004983802
Cc1cc(Nc2ccc(NC(=O)c3ccc(Nc4ccnc5ccccc45)cc3)cc2)nc(N)n1,0.88636446
CN1CCC(CNc2ccc3ncc(-c4cccc(OC(F)(F)F)c4)n3n2)CC1,0.02513909
CCCCP(=O)(O)CCCN,0.0023578205
Cn1cc(-c2ccc3nnc(Sc4ccc5ncccc5c4)n3n2)cn1,0.08686556
O=C(NCc1ccc(F)cc1)N1CCN2C(=O)OC(c3ccccc3)(c3ccccc3)[C@@H]2C1,0.015359132
O=C(O)C1=C[C@@H](O)[C@H](O)[C@H](O)C1,0.003921309
CC1(N)CCN(c2cnc(-c3cccc(Cl)c3Cl)c(N)n2)CC1,0.75275356
CN1CCC[C@@H]1CCSc1ccc(O)cc1,0.008088028
C=C1C=CC(=O)C(=NNc2ccccc2)N1,0.004583831
Cc1cccc(/C=C/c2ccccc2)n1,0.08506817
CCOC(=O)[C@@H](C)Oc1cccc2c(=O)n(CC(=O)Nc3ccc4c(c3)OCCO4)ccc12,0.030299492
CN/C(=N\c1ccc(C2=NNC(=O)C[C@@H]2C)cc1)NC#N,0.0041234964
CCCc1nn(C)c2c(=O)[nH]c(-c3cc(S(=O)(=O)N4CCN(C)CC4)ccc3OCC)nc12,0.007897912
COc1cc([C@H]2Oc3cc([C@H]4Oc5cc(O)cc(O)c5C(=O)[C@@H]4O)ccc3O[C@@H]2CO)ccc1O,0.09933048
C[C@H](Cc1cc2c(c(C(N)=O)c1)N(CCCO)CC2)NCCOc1ccccc1OCC(F)(F)F,0.059923567
Nc1ccc(S(=O)(=O)[N]([Ag])c2ncccn2)cc1,0.0028508243
COc1cc([C@H]2Oc3ccc([C@H]4Oc5cc(O)cc(O)c5C(=O)[C@@H]4O)cc3O[C@@H]2CO)ccc1O,0.1030185
COc1ccc2c(O[C@@H]3C[C@H]4C(=O)N[C@]5(C(=O)NS(=O)(=O)C6CC6)C[C@H]5/C=C\CCCCN(C)C(=O)[C@@H]4C3)cc(-c3nc(C(C)C)cs3)nc2c1C,0.0011893576
Cc1n[nH]cc1-c1cc2[nH]c([C@H]3CC4CCN3CC4)nc(=O)c2s1,0.18813169
CCC(C)(C)C(=O)O[C@H]1C[C@@H](C)C=C2C=C[C@H](C)[C@H](CC[C@@H]3C[C@@H](O)CC(=O)O3)[C@H]21,0.004129569
CSCC[C@H](NC(=O)[C@H](Cc1ccc(OS(=O)(=O)O)cc1)NC(=O)[C@@H](N)CC(=O)O)C(=O)NCC(=O)N[C@@H](Cc1c[nH]c2ccccc12)C(=O)N[C@@H](CCSC)C(=O)N[C@@H](CC(=O)O)C(=O)N[C@@H](Cc1ccccc1)C(N)=O,0.020251185
Nc1ncnc2c1ncn2[C@@H]1O[C@H](C[C@@H](N)CC[C@H](N)C(=O)O)[C@@H](O)[C@H]1O,0.0012523929
COC1=C[C@@H]2[C@@H]3Cc4ccc(OC)c(O)c4[C@]2(CCN3C)CC1=O,0.0016429166
CN1CCN(c2ncc(-c3cc(Cl)cc(Cl)c3Cl)c(N)n2)CC1,0.91122305
CCc1cc(/C(C)=N/OCc2ccc(C3CCCCC3)c(C(F)(F)F)c2)ccc1CN1CC(C(=O)O)C1,0.7663278
Fc1ccc(-n2cc(CCCCN3CCC4(CC3)OCc3ccccc34)c3ccccc32)cc1,0.14222522
COc1ncc(-c2nc3c(n2C(C)C)[C@H](c2ccc(Cl)cc2)N(c2cc(Cl)cn(C)c2=O)C3=O)c(OC)n1,0.35546583
CO[C@H]1C[C@@H]2CC[C@@H](C)[C@@](O)(O2)C(=O)C(=O)N2CCCC[C@H]2C(=O)O[C@H]([C@H](C)C[C@@H]2CC[C@@H](O)[C@H](OC)C2)CC(=O)[C@H](C)/C=C(\C)[C@@H](O)[C@@H](OC)C(=O)[C@H](C)C[C@H](C)/C=C/C=C/C=C/1C,0.019988982
Cc1cc(C)nc(SCC(=O)Nc2ncc(Cc3cccc4ccccc34)s2)n1,0.595196
C[C@@H](NC(=O)c1ccccc1/N=C/c1c(O)ccc2ccccc12)c1ccccc1,0.22181381
CN[C@@H]1[C@@H](O)[C@@H](O[C@@H]2[C@@H](O)[C@H](O[C@H]3OC(CN)=CC[C@H]3N)[C@@H](N)C[C@H]2N)OC[C@]1(C)O,0.005962456
COc1cc2c(cc1OC)CN(C(=O)/C=C/c1c(-c3ccccc3)n(C)c3ncccc13)CC2,0.07789683
N[C@@H]1CN(c2c(F)cc3c(=O)c(C(=O)O)cn([C@@H]4C[C@@H]4F)c3c2Cl)CC12CC2,0.99097204
N[C@@H](CC(=O)N1CCn2c(nnc2C(F)(F)F)C1)Cc1cc(F)c(F)cc1F,0.97963506
Cc1cc2c(cc1CC(=O)c1sccc1S(=O)(=O)Nc1onc(C)c1Cl)OCO2,0.009728159
CC[C@H](CC[C@@H](C)[C@H]1CC[C@H]2[C@@H]3CC=C4C[C@@H](O)CC[C@]4(C)[C@H]3CC[C@]12C)C(C)C,0.8384386
COCCNCc1ccc(-c2cc3nccc(Oc4ccc(NC(=O)C5(C(=O)Nc6ccc(F)cc6)CC5)cc4F)c3s2)nc1,0.8270285
CC(C)(C)C(=O)Oc1ccc(S(=O)(=O)Nc2ccccc2C(=O)NCC(=O)O)cc1,0.0002640857
CCOc1cc(/C=C2/C(=O)N(c3ccccc3)N=C2C)cc(Cl)c1OCC(=O)OC,0.5223932
N#Cc1cc(NC(=O)[C@H]2c3ccccc3C(=O)N(CC(F)(F)F)[C@@H]2c2cccnc2)ccc1F,0.31372613
C=C1C[C@H]2C=Nc3cc(OCCCOc4cc5c(cc4OC)C(=O)N4CC(=C)C[C@H]4C=N5)c(OC)cc3C(=O)N2C1,0.011451456
C=CCN1CC[C@]2(C)c3cc(O)ccc3C[C@H]1[C@H]2C,0.018931493
Nc1nc2c(ccc3ccccc32)s1,0.020890398
O=C1c2ccc(Nc3ccc(F)cc3F)cc2CCc2ccc(OC[C@H](O)CO)cc21,0.6530851
Oc1cc2c(cc1O)[C@H](c1ccccc1)CNCC2,0.016327908
C=CCN1CCc2cc(O)c(O)cc2[C@H](c2ccccc2)C1,0.012616837
Oc1cc2c(c(Cl)c1O)CCNCC2c1ccccc1,0.56192607
CN1CCc2cc(Br)c(O)cc2[C@H](c2ccccc2)C1,0.037485756
Fc1ccc(-c2nc3n(c2-c2ccncc2)CCS3)cc1,0.13594696
O=C(O)[C@H]1CCCN(CCC=C(c2ccccc2)c2ccccc2)C1,0.028079107
CN(C)CCCCSC(=N)N,0.004298516
COc1ccc(CCCO[C@@H](Cn2ccnc2)c2ccc(OC)cc2)cc1,0.39897302
Oc1ccc(Nc2nc(-c3ccc(Cl)cc3)cs2)cc1,0.062299807
CC(C)n1c(Nc2cccnc2)nc2cnc(Nc3ccc(N4CCN(C)CC4)cc3)nc21,0.039450154
COc1cc2ncnc(Sc3nnc(C)s3)c2cc1OC,0.043300603
C/N=C(/NS(=O)(=O)c1ccc(Cl)cc1)N1C[C@H](c2ccccc2)C(c2ccc(Cl)cc2)=N1,0.0514557
O[C@H]1CC[C@H](Nc2nc(-c3ccccc3)nc3[nH]ccc23)CC1,0.00874459
NC(=O)C1N=CNC1=O,0.0039511635
CN[C@@H](C)C(=O)N[C@H]1CCCC[C@H]2CC[C@@H](C(=O)N[C@@H](c3ccccc3)c3cn(CCCCc4ccc(CCCCn5cc([C@@H](NC(=O)[C@@H]6CC[C@@H]7CCCC[C@H](NC(=O)[C@H](C)NC)C(=O)N76)c6ccccc6)nn5)cc4)nn3)N2C1=O,0.41492715
CC[C@H](Oc1ccc(Cl)cc1)C(=O)O[C@H]1C[C@H]2CC[C@@H](C1)N2C,0.0041732416
C=CCNc1ncnc2ccc(Br)cc12,0.0076725734
O=C1NC(=O)/C(=C/c2cccc(C(F)(F)F)c2)S1,0.74455225
Cc1cc(C)c(C2=NO[C@@H]3[C@H]4CC[C@H](C4)[C@H]23)c(C)c1,0.08608767
CCc1c2c(nc3ccc(O)cc13)-c1cc3c(c(=O)n1C2)COC(=O)[C@]3(O)CC,0.01520205
CCOC(=O)[C@H]1CS[C@H](Cc2ccc(OCc3ccc([N+](=O)[O-])cc3)cc2)N1,0.21581036
CC(=O)N[C@@H](C(=O)O)C(C)(C)S[NH2+][O-],0.01289552
COC(=O)C1=C(C)NC(C)=C(C(=O)NCCCN2CCC(c3ccccc3)(c3ccccc3)CC2)[C@@H]1c1ccc([N+](=O)[O-])cc1,0.013102044
Cc1ccc(NC(=O)C(C)C)cc1C1CCN(Cc2ccc(Oc3ccc(F)c(F)c3)cc2)CC1,0.93670446
C=CCN1C[C@H](C)N([C@H](c2ccc(C(=O)N(CC)CC)cc2)c2cccc(OC)c2)C[C@H]1C,0.16318949
CC(C)=CCc1c(O)cc(O)c2c(=O)c(O)c(-c3ccc(C(F)(F)F)cc3)oc12,0.95410866
O=C(Nc1cccc(Cl)c1)Nc1ncc(CCNc2ncnc3ccsc23)s1,0.015350465
CC1(C)CC(=O)c2c(C(F)(F)F)nn(-c3ccc(C(N)=O)c(N[C@H]4CC[C@H](O)CC4)c3)c2C1,0.26331836
CC1(C)CC(=O)c2c(C(F)(F)F)nn(-c3ccc(C(N)=O)c(N[C@H]4CC[C@H](OC(=O)CN)CC4)c3)c2C1,0.21658768
Cc1cc(OCC(=O)O)cc(C)c1Cc1ccc(O)c(C(C)C)c1,0.1907979
CC[C@H](C)[C@@H]([C@@H](CC(=O)N1CCC[C@H]1[C@H](OC)[C@@H](C)C(=O)NCCc1ccccc1)OC)N(C)C(=O)[C@@H](NC(=O)[C@H](C(C)C)N(C)C)C(C)C,0.12326
CC1=CC[C@@H](C(C)(C)O)C[C@@H]1O,0.0056168716
CC(C)COC(=O)OCN1C(=O)CN(CCN2CC(=O)N(COC(=O)OCC(C)C)C(=O)C2)CC1=O,0.00032618846
O=C1O[C@H]([C@@H](O)CO)[C@@H](O)[C@@H]1O,0.0021717895
CCCC(=O)O,0.0026761426
O=C(O)[C@@H](O)Cc1ccc(O)c(O)c1,0.002415041
O=C(O)[C@H](O)[C@@H](O)[C@H](O)[C@H](O)CO,0.00105735
Cc1cc(S(=O)(=O)O)c2c(C)ccc(C(C)C)cc1-2,0.010667839
O=P(O)(O)F,0.00049669883
[O-][NH2+][O-],0.023004405
N#[C][Fe-2]([C]#N)([C]#N)([C]#N)([C]#N)[N+][O-],0.99699426
[O]=[V]([OH])([OH])[OH],0.0008904431
O=S(=O)(O)Oc1ccc(C(c2ccc(OS(=O)(=O)O)cc2)c2ccccn2)cc1,0.0072288783
O=C(O)[C@@H]1[O][Sb]2([OH])([O][Sb]34([OH])[O][C@H]([C@H](O)CO)[C@H]([O]3)[C@H](C(=O)O)[O]4)[O][C@H]([C@H](O)CO)[C@@H]1[O]2,0.036361247
Cc1c(S(=O)(=O)O)oc2c1C(=O)C(=O)c1c-2ccc2c1CCCC2(C)C,0.73269105
CCCC[C@@H](CC)CC[C@@H](CC(C)C)OS(=O)(=O)O,0.02719464
CC(C)=CCOc1ccc(/C=C/C(=O)c2ccc(OCC=C(C)C)cc2OCC(=O)O)cc1,0.050689932
CC(C)OC(=O)[C@H](C)N[P@](=O)(OC[C@H]1O[C@@H](n2ccc(=O)[nH]c2=O)[C@](C)(F)[C@@H]1O)Oc1ccccc1,0.0015295722
CC(C)OC(=O)[C@H](C)N[P@](=O)(OC[C@H]1O[C@@H](n2ccc(=O)[nH]c2=O)[C@@](C)(O)[C@@H]1O)Oc1ccccc1,0.001552581
CNc1cccc(NC(=O)N[C@@H]2N=C(c3ccccn3)c3ccccc3N(CC(=O)C(C)(C)C)C2=O)c1,0.023563739
C[C@@H]1CC[C@@]2(NC1)O[C@@H]1C[C@H]3[C@H]4CC=C5C[C@H](O[C@H]6O[C@@H](CO)[C@@H](O[C@H]7O[C@@H](C)[C@@H](O)[C@@H](O)[C@@H]7O)[C@@H](O)[C@@H]6O[C@H]6O[C@@H](C)[C@@H](O)[C@@H](O)[C@@H]6O)CC[C@@]5(C)[C@@H]4CC[C@@]3(C)[C@H]1[C@@H]2C,0.14791107
CC1(C)CN(C(=O)c2ccc(-c3cccc4nc(NC(=O)C5CC5)nn34)cc2)C1,0.0023504426
O=C(O[C@H]1C[N@]2CC[C@@H]1CC2)N1CCc2ccccc2[C@@H]1c1ccccc1,0.004358163
CC[C@H]1OC(=O)[C@@](C)(F)C(=O)[C@H](C)[C@@H](O[C@@H]2O[C@H](C)C[C@H](N(C)C)[C@H]2O)[C@](C)(OC)C[C@@H](C)C(=O)[C@H](C)[C@H]2N(CCCCn3cc(-c4cccc(N)c4)nn3)C(=O)O[C@]12C,0.07619232
NC(=O)OC[C@H](N)Cc1ccccc1,0.0057464745
CC(C)(N)CC12CC3CC(CC(C3)C1)C2,0.04256582
C[C@H](N)C(=O)NCC(=O)N[C@H]1CSSC[C@@H](C(=O)O)NC(=O)[C@H](CO)NC(=O)[C@H]([C@@H](C)O)NC(=O)[C@H](Cc2ccccc2)NC(=O)[C@H]([C@@H](C)O)NC(=O)[C@H](CCCCN)NC(=O)[C@H](Cc2c[nH]c3ccccc23)NC(=O)[C@H](Cc2ccccc2)NC(=O)[C@H](Cc2ccccc2)NC(=O)[C@H](CC(N)=O)NC(=O)[C@H](CCCCN)NC1=O,0.99959415
NS(=O)(=O)c1ccc(N2CCN(CC[C@@H]3OCCc4ccccc43)CC2)cc1,0.001059537
Cc1c(C(=O)Nc2ccc(N3C[C@@H](C)O[C@@H](C)C3)nc2)cccc1-c1ccc(OC(F)(F)F)cc1,0.6185977
O=C1C=CC[C@@H]2[C@H]3CCCN4CCC[C@@H](CN12)[C@@H]34,0.003691874
CNC(=O)c1cc(Oc2ccc(NC(=O)Nc3ccc(Cl)c(C(F)(F)F)c3)cc2)ccn1,0.88268155
COCCO[C@@H]1c2ccn3c(C)c(C)nc3c2N[C@H](c2ccccc2)[C@H]1O,0.025306217
C/C=C/C=C/C(=O)O,0.0032855396
O=C1NC(=O)[C@@]2(CCOc3ccc(F)cc32)N1,0.0012400594
CCCCCCCCCCCCCCCCCC(=O)OC[C@@H](O)[C@H]1OC[C@H](O)[C@H]1O,0.046550967
OC[C@@H](O)[C@@H](O)[C@H](O)[C@@H](O)CO,0.000881749
CCOc1ccc(Cc2cc([C@@H]3O[C@H](SC)[C@@H](O)[C@H](O)[C@H]3O)ccc2Cl)cc1,0.8966155
CC(C)NCC(O)c1ccc(NS(C)(=O)=O)cc1,0.0027043044
CN1CCN(c2nc(C3=C(c4c[nH]c5ccccc45)C(=O)NC3=O)c3ccccc3n2)CC1,0.5695923
O=C(Nc1cc(C(F)(F)F)cc(C(F)(F)F)c1)c1cnc(Cl)nc1C(F)(F)F,0.9279562
COc1ccc2[nH]c3c(-c4cccc5ccccc45)nccc3c2c1,0.21394053
COCCOCCOc1ccc(C2=N[C@@](C)(C(=O)O)CS2)c(O)c1,0.008464879
CC(=O)N[C@@H](CC(=O)O)C(=O)N[C@@H](CCC(=O)O)C(=O)O,0.00081013254
C[C@@H]1CN(c2c(F)c(N)c3c(=O)c(C(=O)O)cn(C4CC4)c3c2F)C[C@H](C)N1,0.9967871
O=C(O)C[C@@H](NC(=O)CP(=O)(O)O)C(=O)O,0.00018608003
CCCCC1=NC2(CCCC2)C(=O)N1Cc1ccc(-c2ccccc2S(=O)(=O)Nc2noc(C)c2C)c(COCC)c1,0.019416265
C1CCN2C[C@H]3C[C@H](CN4CCCC[C@@H]34)[C@H]2C1,0.004838641
C1CCN2C[C@@H]3C[C@@H](CN4CCCC[C@@H]34)[C@H]2C1,0.004838641
C1CCN2C[C@@H]3C[C@H](CN4CCCC[C@@H]34)[C@H]2C1,0.0049460046
Fc1ccc(CNc2ncnc3ccc(F)cc23)cc1,0.028457144
CN[C@@H]1[C@H](O)[C@H](NC)[C@H]2O[C@@]3(O)C(=O)C[C@@H](C)O[C@H]3O[C@@H]2[C@H]1O,0.3225186
NCCCCNCCCN,0.009933745
NCCCNCCCCNCCCN,0.011348027
CCCCCCCCCCCCC/C=C/[C@@H](O)[C@@H](N)COP(=O)(O)OCC[N+](C)(C)C,0.0010141699
O=C(CCCN1CCC2(CC1)C(=O)NCN2c1ccccc1)c1ccc(F)cc1,0.0006162872
CN(C(=O)Cc1ccc(Cl)c(Cl)c1)[C@H]1CC[C@@]2(CCCO2)C[C@@H]1N1CCCC1,0.06727378
CO[C@@H]1[C@@H](O[C@@H]2O[C@H](C)[C@@H](O[C@H]3C[C@@](C)(O)[C@@H](O)[C@H](C)O3)[C@H](N(C)C)[C@H]2O)[C@@H](CC=O)C[C@@H](C)[C@@H](O[C@H]2CC[C@H](N(C)C)[C@@H](C)O2)/C=C/C=C/C[C@@H](C)OC(=O)C[C@H]1O,0.39504305
O=C(CCBr)N1CC[N+]2(CC1)CC[N+]1(CCN(C(=O)CCBr)CC1)CC2,0.0004997242
CC(=O)S[C@@H]1CC2=CC(=O)CC[C@]2(C)[C@H]2CC[C@@]3(C)[C@@H](CC[C@@]34CCC(=O)O4)[C@H]12,0.00036759643
O=C1NCN(c2ccccc2)C12CCN(C[C@H]1COc3ccccc3O1)CC2,0.0010338431
CC(=O)c1ccc2c(c1)C(=O)C1(CC1)O2,0.0012384362
O=C1CCc2c(ccc3ccccc23)O1,0.0041635605
COc1ccccc1Oc1c(NS(=O)(=O)c2ccc(C)cn2)nc(-c2ccncc2)nc1OC,0.018310772
CC(C)n1nc(C#Cc2ccccc2)c2c(N)ncnc21,0.0021270714
CC(C)=CCC/C(C)=C/CNCCNC1[C@H]2C[C@@H]3C[C@@H](C[C@H]1C3)C2,0.09097397
Nc1ncnc2c1ncn2[C@H]1CCCO1,0.0035951072
CC(C)[C@@H](CC[C@@H](C)[C@H]1CC[C@H]2[C@@H]3[C@H](O)C[C@H]4C[C@@H](NCCCNCCCCN)CC[C@]4(C)[C@H]3CC[C@]12C)OS(=O)(=O)O,0.2065893
CCCCOc1c(OCCCC)c(=O)c1=O,0.46656996
O=C(Nc1ccc(C(O)(C(F)(F)F)C(F)(F)F)cc1)c1ccc(C(F)(F)F)cc1,0.3064872
CC1=C(/C=C/C(=C/C=C/C(C)=C/C(=O)O)c2ccc(C)cc2)C(C)(C)CCC1,0.2667051
CC(C)Oc1cccc(CC(=O)N2CCC[C@](CC[N+]34CCC(c5ccccc5)(CC3)CC4)(c3ccc(Cl)c(Cl)c3)C2)c1,0.06441357
Cc1c(C)n(Cc2ccc(-c3ccccc3C(=O)O)cc2)c2ccc(C(=O)N[C@@H](C)c3ccc([N+](=O)[O-])cc3)cc12,0.5988399
OC(c1ccc(-c2ccc(CN3CCN(Cc4ccncc4)CC3)cc2)c(F)c1)(C(F)(F)F)C(F)(F)F,0.9405811
O=C(O)c1ccccc1Nc1cccc(OCc2ccc3ccccc3n2)c1,0.16118665
O=C(O)Cn1c(C(=O)Nc2nc(-c3ccccc3Cl)cs2)cc2ccccc21,0.18023638
Cc1ccc(-c2ncn(-c3ccc(Nc4nccc(-c5cccc(N6CCOCC6)c5)n4)cc3)n2)cn1,0.25163066
COc1ccc(CCN(C)CCCOc2ccc(S(=O)(=O)c3c(C(C)C)c4ccccc4n3C)cc2)cc1OC,0.014444913
COc1cc(NC(=O)c2cccc(-n3cc(NC(=O)Nc4cccc(C)c4)cn3)c2)cc(OC)c1OC,0.10967351
CN(C)CCOc1cc(-c2cn[nH]c2)ccc1NC(=O)[C@H]1COc2ccccc2O1,0.011293236
NC1CCN(c2cccc(Cl)n2)CC1,0.008705457
CCc1ccccc1OC[C@@H](O)CN[C@H]1CCCc2ccccc21,0.026565861
c1ccc2c(c1)CCCc1cc(NCCN3CCOCC3)nnc1-2,0.004670721
COc1cc2ncnc(Nc3ccc(Oc4ccccc4)cc3)c2cc1OC,0.16279796
O=C(Nc1cc(C(F)(F)F)ccc1N1CCCCC1)c1ccncc1,0.08627375
O=C(Nc1ccccc1-c1cn2c(CN3CCNCC3)csc2n1)c1cnc2ccccc2n1,0.06908931
Cc1nc(-c2cccnc2)sc1C(=O)Nc1ccccc1-c1cn2c(CN3CCOCC3)csc2n1,0.09089981
C[C@H](Nc1cc(NS(=O)(=O)N2CCC2)nc(SCc2cccc(F)c2F)n1)[C@@H](O)CO,0.3088903
COc1c(C)c(C(=O)c2ccc(N)c(C(=O)O)c2)n2ccccc12,0.038971454
O=C(Oc1ccc(Br)cc1)N1CC[N@]2CC[C@@H]1CC2,0.0035841048
COc1ccc2cc(S(=O)(=O)N[C@H](CC(=O)N[C@H](Cc3ccc(CN4[C@H](C)CCC[C@@H]4C)cc3)C(=O)N(C)C(C)C)c3ccc4c(c3)OCO4)ccc2c1,0.069295764
CCCCc1nc(N)c2nc(-n3nccn3)n(C)c2n1,0.0040934356
Oc1ccc2ccccc2c1Cc1c(O)ccc2ccccc12,0.22878687
NC(=O)[C@H]1CCS[C@@H]2C[C@]3(CCCN3C(=O)Cc3ccc(NC(=O)COc4ccc(Cl)cc4Cl)cc3)C(=O)N12,0.08784136
CCc1cccc(CC)c1NC1=NCCN1,0.034487296
Cc1cccc(/C=N/Nc2cc(N3CCOCC3)nc(OCCc3ccccn3)n2)c1,0.042811994
O=C(O)Cc1nn(Cc2ccc(Br)cc2F)c(=O)c2ccccc12,0.39068213
O=[N+]([O-])c1ccc2c(c1)S(=O)(=O)C=C2,0.0038836184
Cc1ccc(S(=O)(=O)OCC(=O)Nc2ccc(C(=O)O)c(O)c2)cc1,0.0013489929
Cc1cn([C@H]2C=C[C@@H](CO)O2)c(=O)[nH]c1=O,0.020398099
CC(C)n1cnc2c(NCCc3ccc(O)cc3)nc(-c3csc4ccccc34)nc21,0.041218318
C[C@@H](SC(=O)c1cccs1)C(=O)NCC(=O)O,0.024546191
CC(=O)[C@H]1CC[C@H]2[C@@H]3CCC4=CC(=O)CC[C@]4(C)[C@H]3[C@H](O)C[C@]12C,0.0018483221
O=S(=O)(/N=C/c1c(O)ccc2ccccc12)c1cccs1,0.029479373
Cc1ccc(S(=O)(=O)Cc2nc(-c3ccc(C(=O)NCc4cccnc4)cc3)oc2C)cc1,0.042050265
CC(C)(C)c1ccc(S(=O)(=O)NCc2ccc(C(=O)Nc3cccnc3)cc2)cc1,0.01524953
Cc1cccc(Nc2nc(-c3ccncc3)cs2)c1,0.08498184
CC[C@H](/C=C/[C@@H](C)[C@H]1CC[C@H]2[C@@H]3CC=C4C[C@@H](O)CC[C@]4(C)[C@H]3CC[C@]12C)C(C)C,0.57401025
CC(C)(C)[C@@H](O)/C=C/c1ccc2c(c1)OCO2,0.0024581254
Cc1ccc2c(c1)[C@H]1CN(C)CC[C@H]1N2,0.0057595745
CN[C@@H]1[C@H](O[C@H]2[C@H](O[C@H]3[C@H](O)[C@@H](O)[C@H](NC(=N)N)[C@@H](O)[C@@H]3NC(=N)N)O[C@@H](C)[C@]2(O)C=O)O[C@@H](CO)[C@H](O)[C@H]1O,0.5279922
CN([NH2+][O-])C(=O)N[C@@H]1[C@@H](O)[C@H](O)[C@@H](CO)O[C@@H]1O,0.015960785
N#Cc1c(N2C=C(O)[O][Sr][O]C(O)=C2)sc2c1CC(=O)[O][Sr][O]C2=O,0.992058
O=C1C[C@@H]2OCC=C3CN4CC[C@]56c7ccccc7N1[C@H]5[C@H]2[C@H]3C[C@H]46,0.0012525885
CSCC[C@H](NC(=O)[C@H](CC(C)C)NC(=O)CNC(=O)[C@H](Cc1ccccc1)NC(=O)[C@H](Cc1ccccc1)NC(=O)[C@H](CCC(N)=O)NC(=O)[C@H](CCC(N)=O)NC(=O)[C@@H]1CCCN1C(=O)[C@H](CCCCN)NC(=O)[C@@H]1CCCN1C(=O)[C@@H](N)CCCNC(=N)N)C(N)=O,0.0035396295
O=C(O)CCC(=O)O,0.00084180967
CC(C)(Sc1cc(C(C)(C)C)c(O)c(C(C)(C)C)c1)Sc1cc(C(C)(C)C)c(OC(=O)CCC(=O)O)c(C(C)(C)C)c1,0.0015071859
C[N+](C)(C)CCOC(=O)CCC(=O)OCC[N+](C)(C)C,0.0003829226
O=C(O)CCC(=O)Nc1ccc(S(=O)(=O)Nc2nccs2)cc1,0.0004750329
O=S(=O)(OC[C@H]1O[C@@](COS(=O)(=O)[O][Al]([OH])[OH])(O[C@H]2O[C@H](COS(=O)(=O)[O][Al]([OH])[OH])[C@@H](OS(=O)(=O)[O][Al]([OH])[OH])[C@H](OS(=O)(=O)[O][Al]([OH])[OH])[C@H]2OS(=O)(=O)[O][Al]([OH])[OH])[C@@H](OS(=O)(=O)[O][Al]([OH])[OH])[C@@H]1OS(=O)(=O)[O][Al]([OH])[OH])[O][Al]([OH])[OH],1.496544e-06
OC[C@H]1O[C@H](O[C@]2(CCl)O[C@H](CCl)[C@@H](O)[C@@H]2O)[C@H](O)[C@@H](O)[C@H]1Cl,0.013839653
OC[C@H]1O[C@@](CO)(O[C@H]2O[C@H](CO)[C@@H](O)[C@H](O)[C@H]2O)[C@@H](O)[C@@H]1O,0.0006330826
CC(=O)OC[C@H]1O[C@@](COC(C)=O)(O[C@H]2O[C@H](COC(C)=O)[C@@H](OC(C)=O)[C@H](OC(C)=O)[C@H]2OC(C)=O)[C@@H](OC(C)=O)[C@@H]1OC(C)=O,0.030235145
Cc1ccccc1/N=N/c1ccc(/N=N/c2c(O)ccc3ccccc23)c(C)c1,0.7412457
CONC(=O)Nc1ccc(-c2sc3c(c2CN(C)Cc2ccccc2)c(=O)n(-c2ccccc2)c(=O)n3Cc2c(F)cccc2F)cc1,0.99863535
O=C(O)CCSC[C@@H]1O[C@H]2O[C@@H]3[C@@H](O)[C@H](O)[C@H](O[C@@H]4[C@@H](O)[C@H](O)[C@H](O[C@@H]5[C@@H](O)[C@H](O)[C@H](O[C@@H]6[C@@H](O)[C@H](O)[C@H](O[C@@H]7[C@@H](O)[C@H](O)[C@H](O[C@@H]8[C@@H](O)[C@H](O)[C@H](O[C@@H]9[C@@H](O)[C@H](O)[C@H](O[C@@H]1[C@@H](O)[C@@H]2O)O[C@H]9CSCCC(=O)O)O[C@H]8CSCCC(=O)O)O[C@H]7CSCCC(=O)O)O[C@H]6CSCCC(=O)O)O[C@H]5CSCCC(=O)O)O[C@H]4CSCCC(=O)O)O[C@H]3CSCCC(=O)O,0.008828955
CC1(C)[C@H](C(=O)O)N2C(=O)C[C@H]2S1(=O)=O,0.011070876
CC(C)(C)C(=O)OCOC(=O)[C@H]1N2C(=O)C[C@H]2S(=O)(=O)C1(C)C,0.0013968599
S=C1SCN(Cc2ccccc2)CN1Cc1ccccc1,0.08211289
C/C(=C(/CCOC(=O)C(C)C)SS/C(CCOC(=O)C(C)C)=C(\C)N(C=O)Cc1cnc(C)nc1N)N(C=O)Cc1cnc(C)nc1N,0.97121274
Clc1ccc(CS[C@@H](Cn2ccnc2)c2ccc(Cl)cc2Cl)cc1,0.9554383
Nc1ccc(S(=O)(=O)NC(=O)c2ccccc2)cc1,0.004298308
NC(=O)NS(=O)(=O)c1ccc(N)cc1,0.0022898982
CC(=O)NS(=O)(=O)c1ccc(N)cc1,0.0032657261
Nc1ccc(S(=O)(=O)Nc2ccc(Cl)nn2)cc1,0.0021235542
Nc1ccc(S(=O)(=O)Nc2ncccn2)cc1,0.0026300885
COc1ncnc(NS(=O)(=O)c2ccc(N)cc2)c1OC,0.0012174492
Cc1noc(NS(=O)(=O)c2ccc(N)cc2)c1C,0.0026395267
N=C(N)NS(=O)(=O)c1ccc(N)cc1,0.0044113486
Cc1ccnc(NS(=O)(=O)c2ccc(N)cc2)n1,0.0035321652
COc1cnc(NS(=O)(=O)c2ccc(N)cc2)nc1,0.0026489391
Cc1cc(C)nc(NS(=O)(=O)c2ccc(N)cc2)n1,0.004697311
Cc1nnc(NS(=O)(=O)c2ccc(N)cc2)s1,0.0019109806
Cc1cc(NS(=O)(=O)c2ccc(N)cc2)no1,0.0026075544
COc1ccc(NS(=O)(=O)c2ccc(N)cc2)nn1,0.001495688
COc1nccnc1NS(=O)(=O)c1ccc(N)cc1,0.002069212
COc1cc(NS(=O)(=O)c2ccc(N)cc2)ncn1,0.0013715306
Cc1nc(NS(=O)(=O)c2ccc(N)cc2)oc1C,0.003906452
Nc1ccc(S(N)(=O)=O)cc1,0.002255952
Nc1ccc(S(=O)(=O)[O][Zn][O]S(=O)(=O)c2ccc(N)cc2)cc1,0.0015950645
CC(=O)Nc1ccc(S(=O)(=O)Nc2ccc([N+](=O)[O-])cc2)cc1,0.0031274105
Nc1ccc(S(=O)(=O)Nc2ccnn2-c2ccccc2)cc1,0.0040570996
Nc1ccc(S(=O)(=O)Nc2ccccn2)cc1,0.0032116233
Nc1ccc(S(=O)(=O)Nc2cnc3ccccc3n2)cc1,0.004501556
O=C(O)c1cc(/N=N/c2ccc(S(=O)(=O)Nc3ccccn3)cc2)ccc1O,0.007593002
Nc1ccc(S(=O)(=O)Nc2nccs2)cc1,0.002876616
Cc1cc2cc(Oc3ccnc(Nc4cccc(CS(=O)(=O)NCCN(C)C)c4)n3)ccc2[nH]1,0.10797843
O=C1C(CC[S@](=O)c2ccccc2)C(=O)N(c2ccccc2)N1c1ccccc1,0.0036526688
Cc1cc(NS(=O)(=O)c2ccc(N)cc2)nc(C)n1,0.0045665647
CC(=O)N(c1onc(C)c1C)S(=O)(=O)c1ccc(N)cc1,0.0038113606
C[S@@](=O)CCCCN=C=S,0.006453069
CC1=C(CC(=O)O)c2cc(F)ccc2/C1=C\c1ccc([S@@](C)=O)cc1,0.17044339
COc1cc(O)c(C(=O)c2ccccc2)cc1S(=O)(=O)O,0.002491431
COc1cc([S@@](C)=O)ccc1-c1nc2ncccc2[nH]1,0.005540425
COc1cc(C(=S)N2CCOCC2)cc(OC)c1OC,0.002881929
CCCCCCCCN[C@H](C)[C@@H](O)c1ccc(SC(C)C)cc1,0.46557245
C[C@@H](O)[C@H]1C(=O)N2C(C(=O)O)=C(S[C@H]3CC[S@@](=O)C3)S[C@H]12,0.9932614
COc1cc(NS(=O)(=O)c2ccc(N)cc2)nc(OC)n1,0.00076977035
CCN1CCC[C@@H]1CNC(=O)c1cc(S(N)(=O)=O)ccc1OC,0.00047157385
CC1(C)S[C@@H]2[C@H](NC(=O)[C@H](N)c3ccccc3)C(=O)N2[C@H]1C(=O)OCOC(=O)[C@@H]1N2C(=O)C[C@H]2S(=O)(=O)C1(C)C,0.9487178
NS(=O)(=O)c1ccc(N2CCCCS2(=O)=O)cc1,0.0007737011
CCN1CCC[C@H]1CNC(=O)c1cc(S(=O)(=O)CC)ccc1OC,0.0010869623
CN[C@@H]1Cc2cccc3[nH]c(=O)n(c23)C1,0.0782698
CNS(=O)(=O)Cc1ccc2[nH]cc(CCN(C)C)c2c1,0.0030405398
C/C(=N\c1ccccc1N)c1c(C)cc(=O)n(O)c1O,0.7781036
Cc1c(C)c(NCC(=O)N(C)C2CCN(Cc3ccc(C(N)=O)cc3)CC2)c(C)c(C)c1N,0.037446342
CCN(CC)CCNC(=O)c1c(C)[nH]c(/C=C2\C(=O)Nc3ccc(F)cc32)c1C,0.08856774
CCOC[C@@H](O)COc1ccc(NC(=O)CC[S+](C)C)cc1,0.002783387
C[C@@H](C(=O)O)c1ccc(C(=O)c2cccs2)cc1,0.0041034217
Cc1ccc(C(=O)Nc2ccc(S(=O)(=O)O)c3cc(S(=O)(=O)O)cc(S(=O)(=O)O)c23)cc1NC(=O)c1cccc(NC(=O)Nc2cccc(C(=O)Nc3cc(C(=O)Nc4ccc(S(=O)(=O)O)c5cc(S(=O)(=O)O)cc(S(=O)(=O)O)c45)ccc3C)c2)c1,4.8655616e-05
Cn1nc(-c2cccc(F)c2)n(C)c1=S,0.01186329
CC(=O)NC[C@H]1CN(c2ccc(N3CCSCC3)c(F)c2)C(=O)O1,0.2888352
CCCCC1(COC(=O)CCC(=O)O)C(=O)N(c2ccccc2)N(c2ccccc2)C1=O,0.00020201752
Cc1[nH]c(/C=C2\C(=O)Nc3ccc(F)cc32)c(C)c1C(=O)NC[C@H](O)CN1CCOCC1,0.037063606
Cc1[nH]c(/C=C2\C(=O)Nc3ccc(S(=O)(=O)N(C)c4cccc(Cl)c4)cc32)c(C)c1C(=O)N1CCN(C)CC1,0.0034819117
Cc1[nH]c(/C=C2\C(=O)Nc3cc(-c4ccccc4)ccc32)c(C)c1CCC(=O)O,0.035718948
Nc1nnc(Sc2ncc([N+](=O)[O-])s2)s1,0.9864893
CN(C)c1ccc(/C=C2\C(=O)Nc3ccccc32)cc1,0.015901556
COc1ccc2c(c1)/C(=C/c1cnc[nH]1)C(=O)N2,0.0060000033
O[C@H]1[C@H]2[C@H](O)CCCN2C[C@H]1O,0.002438372
CN(C)C(=O)C(=O)c1cn(C)c2cc(Cl)c(C(=O)N3CCC(Cc4ccc(F)cc4)CC3)cc12,0.44697136
CC(=O)N(C)Cc1ccc2c(c1)OCO2,0.0034762875
C[C@H](C[C@H](N)C(=O)O)C(=O)O,0.00094466895
CCCNC(=O)N1N=C(c2ccc(N)cc2)c2cc3c(cc2[C@@H]1C)OCO3,0.018532561
O=c1n(Cl)c(=O)n(Cl)c(=O)n1Cl,0.9969561
CNC[C@@H](O)c1ccc(O)cc1,0.0050961976
COc1ccncc1C(=O)NC(=O)Nc1ccc(-c2ccccc2)c(C(F)(F)F)c1,0.16903172
c1ccc2c(c1)CC(N1CCN(c3cccc4c3OCCO4)CC1)C2,0.005233457
O=S1(=O)N[C@H]2CCCN2c2ccccc21,0.0015018601
COC(=O)C(Cc1ccc(OCCn2c(=O)sc3cc(C(=O)c4ccccc4)ccc32)cc1)C(=O)OC,0.032868218
Cc1cc(C)cc(NC(=O)Nc2ccc(OS(N)(=O)=O)cc2)c1,0.0028770126
O=C1Nc2ccc(CN3C(=O)CSC3=O)cc2/C1=C/c1cc(CN2CCOCC2)c[nH]1,0.11724383
Cc1c(-c2c(-c3ccc(F)o3)sc3ncnc(O[C@H](Cc4ccccc4OCc4ccnn4CC(F)(F)F)C(=O)O)c23)ccc(OCCN2CCN(C)CC2)c1Cl,0.82129
O=C(Nc1ccncc1)c1cc([N+](=O)[O-])ccc1Cl,0.29909968
COC(=O)c1c(-c2cc(OC)c(OC)c(OC)c2)c2ccnc(OCc3ncccn3)c2c(=O)n1Cc1ccnc(C)c1,0.25104955
CNc1nc(NCc2ncccn2)c2c(-c3ccc4ncccc4c3)c[nH]c2n1,0.09330155
O=S(=O)(c1ccccc1)N(CC(F)(F)F)c1ccc(C(O)(C(F)(F)F)C(F)(F)F)cc1,0.27583542
COC(=O)OC[C@H]1O[C@@H](Oc2cc(C)cc(O)c2C(=O)CCc2ccc3occc3c2)[C@H](O)[C@@H](O)[C@@H]1O,0.0026326992
O=C(O)CCc1cc(C(=O)c2ccc(OC3CCCC3)cc2O)ccc1OCc1ccc2c(=O)[nH]oc2c1,0.1341932
Cc1cc(C(=O)Nc2cccc(C(=O)Nc3cccc(C(F)(F)F)c3)c2)on1,0.023327885
Nc1sc2c(c1C(=O)c1ccc(Cl)cc1)CCCC2,0.02251441
Fc1ccc(-c2ccc3c(c2)[nH]c2ccncc23)cn1,0.08123608
Fc1ccc(-c2[nH]c(-c3c(F)cccc3F)nc2-c2ccncc2)cc1,0.95316195
CNC(=O)[C@@H](Cc1ccccc1)N(C)C(=O)[C@@H](Cc1ccc2ccccc2c1)N(C)C(=O)/C=C/CC(C)(C)N,0.13131212
C=C1/C(=C\C=C2/CCC[C@]3(C)[C@@H]([C@H](C)CC[C@@H](O)C(C)C)CC[C@@H]23)C[C@@H](O)C[C@@H]1O,0.09945559
CC(=O)Nc1ccc(C(=O)Nc2ccccc2N)cc1,0.009910338
Nc1c2c(nc3ccccc13)CCCC2,0.020899741
C=CC[C@@H]1/C=C(\C)C[C@H](C)C[C@H](OC)[C@H]2O[C@@](O)(C(=O)C(=O)N3CCCC[C@H]3C(=O)O[C@H](/C(C)=C/[C@@H]3CC[C@@H](O)[C@H](OC)C3)[C@H](C)[C@@H](O)CC1=O)[C@H](C)C[C@@H]2OC,0.0629515
CN1CC(=O)N2[C@H](c3ccc4c(c3)OCO4)c3[nH]c4ccccc4c3C[C@@H]2C1=O,0.018346116
O=C(O)c1ccc2nc(-c3cc(Cl)cc(Cl)c3)oc2c1,0.03524344
COc1cc(C)c2c(Oc3cccc(C(F)(F)F)c3)c(OC)cc(N[C@@H](C)CCCN)c2n1,0.33918786
CC(C)OC(=O)CCC/C=C\C[C@@H]1[C@@H](/C=C/C(F)(F)COc2ccccc2)[C@H](O)C[C@@H]1O,0.0047387118
O=C(CO)[C@@H](O)[C@@H](O)[C@H](O)CO,0.0006594263
COc1cn(-c2ccc(-n3cccn3)cc2F)nc(-c2ccnn2-c2ccccc2)c1=O,0.60169417
CC(=O)N1CCC(C(=O)N(CCCN2CCC(Cc3ccc(C(N)=O)cc3)CC2)c2ccc(C)c(Cl)c2)CC1,0.047855232
NS(=O)(=O)OC[C@H]1C[C@@H](Nc2ccnc3cc(-c4cccc(SC(F)(F)F)c4)nn23)[C@H](O)[C@@H]1O,0.004298802
CC(C)(O)CC(=O)NCCn1ccc2ncnc(Nc3ccc(Oc4cccc(C(F)(F)F)c4)c(Cl)c3)c21,0.7089664
Cc1cc(C(=O)Nc2cc(Oc3ccc4nc(NC(=O)C5CC5)cn4n3)ccc2C)n(C)n1,0.03401936
N#Cc1c(Oc2ccc(F)c(NC(=O)Cc3cccc(C(F)(F)F)c3)c2)ccc2nc(NC(=O)C3CC3)sc12,0.41635418
Cn1cc(-c2nc(N[C@@H]3CCCC[C@@H]3N)c(F)c3c2C(=O)NC3)cn1,0.13942926
CCc1nc(-c2cccc(C)c2)c(-c2ccnc(NC(=O)c3ccccc3)c2)s1,0.07789653
Cn1c(=O)c(F)c(Nc2ccc(I)cc2F)c2c(=O)n(C[C@@H](O)CO)cnc21,0.87543
Cc1ccc(-c2ccc3c(c2)C=C(C(=O)Nc2ccc(C[N+](C)(C)C4CCOCC4)cc2)CCC3)cc1,0.436972
Cc1cc(OCCCS(C)(=O)=O)cc(C)c1-c1cccc(COc2ccc3c(c2)OC[C@H]3CC(=O)O)c1,0.13277516
CCS(=O)(=O)c1cccc(-c2cc(C(=O)NC3CCN(C)CC3)c(C)c3[nH]c4ncc(C)cc4c23)c1,0.03355905
COc1cc(C(=O)NC2CCN(C)CC2)c(F)cc1Nc1ncc2c(n1)N(C1CCCC1)CC(F)(F)C(=O)N2C,0.07305663
CC(C)[C@H](N)C(=O)N1CCC[C@H]1B(O)O,0.001982815
CN(C(=O)c1ccc(F)cc1C(F)(F)F)C1CCN(c2nnc(-c3ccnn3C)c3ccccc23)CC1,0.13141122
CC(=O)N1N=C(c2ccc(N)cc2)c2cc3c(cc2C[C@H]1C)OCO3,0.13868777
C=Cc1c(C)c2cc3nc(c(CC(=O)N[C@@H](CC(=O)O)C(=O)O)c4nc(cc5[nH]c(cc1[nH]2)c(C)c5CC)C(C)=C4C(=O)O)[C@@H](CCC(=O)O)[C@@H]3C,0.7108991
CCC(CC)[C@@H](c1ccc(Nc2nc3ccccc3s2)cc1)n1cncn1,0.3798559
Cn1ncnc1[C@H]1c2n[nH]c(=O)c3cc(F)cc(c23)N[C@@H]1c1ccc(F)cc1,0.3879035
CC(C)(C)NC[C@@H](O)COc1ccc(NC(=O)NC2CCCCC2)cc1,0.010661541
C=CCN1CCc2nc(N)sc2CC1,0.0040101847
C[C@@H]1CN(Cc2ccc(F)cc2)[C@@H](C)CN1C(=O)c1cc2c(C(=O)C(=O)N(C)C)cn(C)c2cc1Cl,0.6549207
CC[C@H](NC(=O)c1c(O)c(-c2ccccc2)nc2ccccc12)c1ccccc1,0.12346513
O=C1O[C@H](OC(=O)c2cccnc2Nc2cccc(C(F)(F)F)c2)c2ccccc21,0.0038764789
CNCCC[C@@]1(c2ccccc2)OC(C)(C)c2ccccc21,0.020464592
C#CCO[C@H]1CN2CCC1CC2,0.0013564205
CN1C(=O)C[C@@H](C(=O)N[C@@H](Cc2cnc[nH]2)C(=O)N2CCC[C@H]2C(N)=O)NC1=O,0.002528333
CN[C@H](C(=O)N[C@H](C(=O)N(C)[C@H](/C=C(\C)C(=O)O)C(C)C)C(C)(C)C)C(C)(C)c1ccccc1,0.0068228566
COC(=O)[C@H](CCCNC(=N)N)NS(=O)(=O)c1ccc(C)cc1,0.0014809388
CC1(C)CCC(C)(C)c2cc(NC(=O)c3ccc(C(=O)O)cc3)ccc21,0.07000094
Nc1nc(-n2cccn2)nc(-n2cccn2)c1Br,0.0073371916
CC/C(=C(\c1ccccc1)c1ccc(OCCN(C)C)cc1)c1ccccc1,0.9151973
CCOc1ccccc1OCCN[C@H](C)Cc1ccc(OC)c(S(N)(=O)=O)c1,0.0061084437
Cn1c(C#N)ccc1-c1ccc2c(c1)C(C)(C)OC(=S)N2,0.0050217025
O=C1[C@@H]2[C@H]3CC[C@H](C3)[C@@H]2C(=O)N1CCCCN1CCN(c2ncccn2)CC1,0.000985265
COc1cc2c(N3CCN(C(=O)Nc4ccc(OC(C)C)cc4)CC3)ncnc2cc1OCCCN1CCCCC1,0.04177445
C=CCNC1=C2C[C@@H](C)C[C@H](OC)[C@H](O)[C@@H](C)/C=C(\C)[C@H](OC(N)=O)[C@@H](OC)/C=C\C=C(/C)C(=O)NC(=CC1=O)C2=O,0.009290581
COc1ccc(-c2cc(=O)c3c(OC)c(OC)c(OC)c(OC)c3o2)cc1,0.015201744
O=C(OC[C@H]1O[C@@H](OC(=O)c2cc(O)c(O)c(OC(=O)c3cc(O)c(O)c(O)c3)c2)[C@H](OC(=O)c2cc(O)c(O)c(OC(=O)c3cc(O)c(O)c(O)c3)c2)[C@@H](OC(=O)c2cc(O)c(O)c(OC(=O)c3cc(O)c(O)c(O)c3)c2)[C@@H]1OC(=O)c1cc(O)c(O)c(OC(=O)c2cc(O)c(O)c(O)c2)c1)c1cc(O)c(O)c(OC(=O)c2cc(O)c(O)c(O)c2)c1,0.9999826
Cc1coc2c1C(=O)C(=O)c1c-2ccc2c(C)cccc12,0.6185055
Cc1coc2c1C(=O)C(=O)c1c-2ccc2c1CCCC2(C)C,0.3703999
CC(C)c1c(O)cc(/C=C/c2ccccc2)cc1O,0.079429336
O=C(O)COc1cccc(CN(Cc2ccc(-n3cccn3)cc2)S(=O)(=O)c2cccnc2)c1,0.007783264
O=C(O[C@H]1C[N@]2CC[C@@H]1CC2)N(Cc1cc(F)c(F)c(F)c1)c1cccc(F)c1,0.9809971
C[C@H](NC(=O)C(C)(C)Oc1ccc(C(F)(F)F)cn1)[C@@H](Cc1ccc(Cl)cc1)c1cccc(C#N)c1,0.18136798
CNC(=N)NCCC[C@H](N)C(=O)O,0.0019672464
COc1cc2c(cc1OC)CN(CCc1ccc(NC(=O)c3cc(OC)c(OC)cc3NC(=O)c3cnc4ccccc4c3)cc1)CC2,0.087794475
O=C(O)[C@H](O)[C@@H](O)C(=O)O,0.0031211255
CN(C)CCNc1nc2cc(O)ccc2c2c1C(=O)c1ccccc1-2,0.04894061
Cc1nc(-c2cn3c(n2)-c2ccc(-c4cnn(C(C)(C)C(N)=O)c4)cc2OCC3)n(C(C)C)n1,0.0051332735
CCC(=O)NC[C@@H]1C[C@H]1c1cccc2c1CCO2,0.0032051085
O=C(NS(=O)(=O)c1ccc(Br)s1)c1ccc(Cl)cc1Cl,0.77138555
COc1cccc2c1c(O)c(C(=O)N(C)c1ccc(C(F)(F)F)cc1)c(=O)n2C,0.2286984
c1cnc(SCc2cccnc2)nc1,0.009886682
NCCS(=O)(=O)O,0.0016527788
C[C@H](CCC(=O)NCCS(=O)(=O)O)[C@H]1CC[C@H]2[C@@H]3[C@H](O)C[C@@H]4C[C@H](O)CC[C@]4(C)[C@H]3C[C@H](O)[C@]12C,0.0019268942
C[C@H](CCC(=O)NCC(=O)NCCS(=O)(=O)O)[C@H]1CC[C@H]2[C@@H]3[C@H](O)C[C@@H]4C[C@H](O)CC[C@]4(C)[C@H]3C[C@H](O)[C@]12C,0.0009103795
O=S1(=O)CCN(CN2CCS(=O)(=O)NC2)CN1,0.0005319995
OB1OCc2cc(F)ccc21,0.011326823
NCCCC[C@@H]1NC(=O)[C@H](CCC(=O)O)NC(=O)c2cc([N+](=O)[O-])ccc2OCC[C@@H](C(=O)NCC(=O)O)NC1=O,0.0025363003
O=C1c2c(O)cc(O)cc2O[C@H](c2ccc(O)c(O)c2)[C@H]1O,0.0615191
CCOC(=O)c1ccc(C#Cc2ccc3c(c2)C(C)(C)CCS3)nc1,0.010204608
CCN(c1cc(-c2ccc(CN3CCOCC3)cc2)cc(C(=O)NCc2c(C)cc(C)[nH]c2=O)c1C)C1CCOCC1,0.7740593
C[C@]1(Cn2ccnn2)[C@H](C(=O)O)N2C(=O)C[C@H]2S1(=O)=O,0.13973889
O=[N+]([O-])c1cn2c(n1)OC[C@@H](OCc1ccc(-c3ccc(OC(F)(F)F)cc3)nc1)C2,0.97691286
N[C@@H](C(=O)O)[C@@H](OCc1ccccc1)C(=O)O,0.006945782
Cc1cc(Nc2cc(C)c(C#N)c(N[C@@H](C)CCCC(C)(C)O)n2)[nH]n1,0.10711099
CC(C)(C)c1ccc(C(=O)Nc2cn3cc(-n4ccnc4)ccc3n2)cc1,0.27808762
O=C(O)CCN(O)C(=O)CCCCCCCCC1CC1,0.0039607575
CC1CCN([C@@H](c2ccc(F)cc2)c2ccc([C@@H](C)C(=O)O)cc2-c2ccc(C(F)(F)F)cc2)CC1,0.179587
CCn1c(=O)n([C@H]2CCCN(c3nccc(-c4cc5ccccc5o4)n3)C2)c2ccccc21,0.051297627
CC(C)c1c(NC(=O)Nc2ccc(Cl)cc2)c(=O)n(-c2ccccc2)n1C,0.03581014
Cc1sc(C)c2c1CCC=C2c1cnc[nH]1,0.036044374
COC1CCN(c2cccc(-c3cc(NC(C)=O)nc(-n4nc(C)cc4C)n3)n2)CC1,0.021665938
Cc1ccc(C)c(Oc2ccncc2C(=O)N2CCN(C3CC3)c3ccccc32)c1,0.046177648
CNc1nc(NCc2ccc(NS(C)(=O)=O)cc2Cl)cc(-c2ccccn2)n1,0.072931245
Cc1ccc(NC(=O)CCCCCC(=O)Nc2ccccc2N)cc1,0.0133280065
CC1(C)SCN(S(=O)(=O)c2ccccc2)[C@@H]1C(=O)N[C@@H](CNC(=O)NCc1ccccc1)C(=O)O,0.008002732
O=C(Nc1ccc(F)cc1)N1CCc2ccccc2[C@@H]1c1ccc(C(F)(F)F)cc1,0.041664653
FC(F)(F)c1ccccc1-c1cc(C(F)(F)F)c2[nH]c(C3=NOC4(CCCCC4)C3)nc2c1,0.85957766
COc1cccc(-n2nc(C(=O)O)cc2-c2ccc(C3CCCCC3)c(Cl)c2)c1,0.3993752
CC(C)(C)Nc1nc(Nc2ccc(C(N)=O)cc2)cc(N)c1C#N,0.005146545
CC(=O)Nc1cccc(Nc2ncnc(N3CCC(OCc4ccc(OC(F)(F)F)cc4)CC3)n2)c1C,0.05046501
COc1cccc(OC)c1-c1cc(C(=O)N[C@@H](CC(C)C)C(=O)O)nn1-c1ccnc2cc(Cl)ccc12,0.16727938
COc1cc(OC)cc(C(=O)NNC(=O)Nc2cccc3ccccc23)c1,0.05492012
Cc1cc(C(=O)N2Cc3cnn(C)c3Nc3ccccc32)ccc1CNC(=O)N1CCC[C@H]1C(=S)N1CCCN(C)CC1,0.035962906
Cc1cccc(C)c1-n1c(=O)c2cnc(Nc3ccc(N4CCN(C)CC4)cc3)nc2n2c3ccccc3nc12,0.082079165
COc1ncc2cc(C(=O)Nc3cc(C(=O)NCc4cccc(Cl)c4)ccc3Cl)c(=O)[nH]c2n1,0.025893863
C[C@H](Nc1cc2c(-c3ccc4c(c3)OCO4)noc2cn1)c1ccccc1,0.010328099
N#Cc1cnc2cnc(NCc3cccnc3)cc2c1Nc1ccc(F)c(Cl)c1,0.68472844
O=[N+]([O-])c1c(Nc2cc(F)cc(Cl)c2)ccc2nonc12,0.9088848
O=C(O)C1CN(Cc2ccc(-c3nc4cc(Cc5ccccc5F)ccc4s3)c(F)c2)C1,0.48461747
O=C1CC(=O)c2c(Cl)c(Cl)c(Cl)c(Cl)c21,0.9949315
O=C(NNC(=O)c1ccc(CNS(=O)(=O)c2ccc(F)c(Cl)c2)cc1)c1ccccc1,0.022173535
Nc1nccc(/C=C/c2ccccc2)n1,0.09749883
CC(C)C(=O)SCCCCC[C@H](NC(=O)OC(C)(C)C)C(=O)NC12CC3CC(CC(C3)C1)C2,0.0027742288
COc1cc2c(cc1OC)CN(C(=O)[C@@H](NCc1ccncc1)C(C)(C)C)CC2,0.018161446
N#Cc1c(-c2ccccc2)cc(-c2cc(Br)ccc2O)[nH]c1=O,0.17061558
Cc1nnc(-c2ccc3occ(-c4ccc([S@](C)=O)cc4)c3c2)o1,0.0072941785
CC(C)(O)C(=O)N1CCN(c2ccc(C(F)(F)F)c(C3=C(c4c[nH]c5ccccc45)C(=O)NC3=O)c2)CC1,0.89110893
O=C(NO)c1ccc2[nH]c(=O)c(CCCc3ccccc3)nc2c1,0.065374084
Cc1ccccc1NC(=O)Nc1ccc(CC(=O)N2CCOC[C@H]2C(=O)N2CCC(CC(=O)O)CC2)cc1,0.004260168
O=C(O)COc1ccc(/C=C2\SC(=O)NC2=O)cc1,0.24689229
COc1ccc(C(=O)Nc2sc3c(c2C(N)=O)CCCC3)cc1OC,0.0038980872
CC[C@@H](C)c1ccc(NC(=O)Cn2cnc3c2c(=O)n(C)c(=O)n3C)cc1,0.15003975
CCC[n+]1cc(Br)cc(C(=O)N(CCC(=O)NCCOC(=O)N2CCc3ccccc3C2)c2ccccc2)c1,0.044797562
O[C@@]12[C@H]3[C@@H]4[C@@H]5C[C@@H]6[C@@H]4[C@@H]3[C@@H]([C@@H]6[C@@H]51)N2CCc1cccc(F)c1,0.010447541
CCOc1cncc(/C=C/CCNC)c1,0.024731705
OC[C@H]1O[C@@H](S[C@@H]2O[C@H](CO)[C@H](O)[C@H](n3cc(-c4cccc(F)c4)nn3)[C@H]2O)[C@H](O)[C@@H](n2cc(-c3cccc(F)c3)nn2)[C@H]1O,0.6932967
C[C@@H](O)[C@H]1C(=O)N2C(C(=O)OCOC(=O)C(C)(C)C)=C(SC3CN(C4=NCCS4)C3)[C@H](C)[C@H]12,0.9852695
OC[C@H]1O[C@@H](n2cnc3c(N[C@@H]4CCOC4)ncnc32)[C@H](O)[C@@H]1O,0.0017033191
COc1cccc([C@@H](C)NCCCc2ccccc2Cl)c1,0.17996195
Fc1ccc(Cn2c(NC3CCNCC3)nc3ccccc32)cc1,0.097259395
O=C(NN1C(=O)[C@@H]2[C@@H]3C=C[C@@H]([C@H]4C[C@@H]34)[C@@H]2C1=O)c1ccc(C(F)(F)F)cc1,0.5062349
Cn1nnc(-c2ccc(-c3ccc(N4C[C@H](CO)OC4=O)cc3F)cn2)n1,0.007144047
Cn1nnc(-c2ccc(-c3ccc(N4C[C@H](COP(=O)(O)O)OC4=O)cc3F)cn2)n1,0.00032099767
CCCCCNC(=N)N/N=C/c1c[nH]c2ccc(OC)cc12,0.24421366
Fc1ccccc1-c1nc2ccn(Cc3ccc(-c4ccc(C(F)(F)F)cc4C(F)(F)F)nn3)cc-2n1,0.9074011
CCCCCCCCCC(=O)N[C@H]1[C@H](Oc2c3cc4cc2Oc2ccc(cc2Cl)[C@@H](O[C@@H]2O[C@H](CO)[C@@H](O)[C@H](O)[C@H]2NC(C)=O)[C@@H]2NC(=O)[C@H](NC(=O)[C@@H]4NC(=O)[C@H]4NC(=O)[C@@H](Cc5ccc(c(Cl)c5)O3)NC(=O)[C@@H](N)c3ccc(O)c(c3)Oc3cc(O)cc4c3)c3ccc(O)c(c3)-c3c(O[C@H]4O[C@H](CO)[C@@H](O)[C@H](O)[C@@H]4O)cc(O)cc3[C@H](C(=O)O)NC2=O)O[C@H](CO)[C@@H](O)[C@@H]1O,0.9999486
CCCCC/C=C/CCC(=O)N[C@H]1[C@H](Oc2c3cc4cc2Oc2ccc(cc2Cl)[C@@H](O[C@@H]2O[C@H](CO)[C@@H](O)[C@H](O)[C@H]2NC(C)=O)[C@@H]2NC(=O)[C@H](NC(=O)[C@@H]4NC(=O)[C@H]4NC(=O)[C@@H](Cc5ccc(c(Cl)c5)O3)NC(=O)[C@H](N)c3ccc(O)c(c3)Oc3cc(O)cc4c3)c3ccc(O)c(c3)-c3c(O[C@H]4O[C@H](CO)[C@@H](O)[C@H](O)[C@@H]4O)cc(O)cc3[C@@H](C(=O)O)NC2=O)O[C@H](CO)[C@@H](O)[C@@H]1O,0.9999496
CC(=O)N[C@@H]1[C@H](O[C@@H]2c3ccc(c(Cl)c3)Oc3cc4cc(c3O[C@@H]3O[C@H](CO)[C@@H](O)[C@H](O)[C@@H]3NC(=O)CCCCCCCC(C)C)Oc3ccc(cc3Cl)C[C@H]3NC(=O)[C@H](N)c5ccc(O)c(c5)Oc5cc(O)cc(c5)[C@H](NC3=O)C(=O)N[C@@H]4C(=O)N[C@@H]3C(=O)N[C@@H]2C(=O)N[C@@H](C(=O)O)c2cc(O)cc(O[C@H]4O[C@H](CO)[C@@H](O)[C@H](O)[C@@H]4O)c2-c2cc3ccc2O)O[C@H](CO)[C@@H](O)[C@@H]1O,0.99993443
O=C(CNC(=O)c1cccc(C(F)(F)F)c1)N[C@@H]1CCN(Cc2ccc(Cl)cc2)C1,0.016754638
CCC[C@H](NC(=O)[C@@H]1[C@H]2CCC[C@H]2CN1C(=O)[C@@H](NC(=O)[C@@H](NC(=O)c1cnccn1)C1CCCCC1)C(C)(C)C)C(=O)C(=O)NC1CC1,0.03468688
CNC(=O)c1cc(COc2nnc(Nc3ccc(Cl)cc3)c3ccoc23)ccn1,0.019719321
Cc1cn([C@@H]2C[C@@H](O)[C@H](CO)O2)c(=O)[nH]c1=O,0.05337982
O=C(N[C@@H]1CC[C@@H](c2cccc(F)c2F)CN(CC(F)(F)F)C1=O)N1CCC(n2c(=O)[nH]c3ncccc32)CC1,0.943478
Cc1scc2c1N(C(=O)CN1CCN(C)CC1)c1ccccc1NC2=O,0.009112728
CC[C@H]1OC(=O)[C@H](C)C(=O)[C@H](C)[C@@H](O[C@@H]2O[C@H](C)C[C@H](N(C)C)[C@H]2O)[C@](C)(OC)C[C@@H](C)C(=O)[C@H](C)[C@H]2N(CCCCn3cnc(-c4cccnc4)c3)C(=O)O[C@]12C,0.21538882
CCOC(=O)N1CSC[C@@H]1C(=O)O,0.011635516
CCCc1nc2c(C)cc(-c3nc4ccccc4n3C)cc2n1Cc1ccc(-c2ccccc2C(=O)O)cc1,0.52887565
Cc1ccn(-c2cc(Cl)ccc2[C@@H](Oc2cc(-c3ccc(C[C@H](N)C(=O)O)cc3)nc(N)n2)C(F)(F)F)n1,0.85423106
CCOC(=O)[C@@H](N)Cc1ccc(-c2cc(O[C@H](c3ccc(Cl)cc3-n3ccc(C)n3)C(F)(F)F)nc(N)n2)cc1,0.91206574
CCCCCCCCCCCCCCCCCC(=O)NCCCCOn1c(CCCC)nc2c(N)nc3ccccc3c21,0.88879055
COc1cccc(C(=O)Nc2ccc(OCCN3CCOCC3)c(-c3ccnn3C)c2)c1,0.029842006
COP(=S)(OC)Oc1ccc(Sc2ccc(OP(=S)(OC)OC)cc2)cc1,3.462669e-05
CCOC(=O)[C@H](CCc1ccccc1)N[C@H]1CS[C@H](c2cccs2)CN(CC(=O)O)C1=O,0.064346015
Oc1cccc(-c2c3nc(c(-c4cccc(O)c4)c4[nH]c(c(-c5cccc(O)c5)c5ccc([nH]5)c(-c5cccc(O)c5)c5nc2C=C5)CC4)C=C3)c1,0.9905539
Cn1nnc2c(C(N)=O)ncn2c1=O,0.0010331026
CC1(C)CC(O)CC(C)(C)N1O,0.0045552575
CO[C@H]1C[C@@H]2CC[C@@H](C)[C@@](O)(O2)C(=O)C(=O)N2CCCC[C@H]2C(=O)O[C@H]([C@H](C)C[C@@H]2CC[C@@H](OC(=O)C(C)(CO)CO)[C@H](OC)C2)CC(=O)[C@H](C)/C=C(\C)[C@@H](O)[C@@H](OC)C(=O)[C@H](C)C[C@H](C)/C=C/C=C/C=C/1C,0.005237465
Cc1sc2c(c1C)C(c1ccc(Cl)cc1)=N[C@@H](CC(=O)NCCCN1CCN(C)CC1)c1nnc(C)n1-2,0.018765664
CC[C@H](Nc1ncnc2nc[nH]c12)c1oc2ccccc2c(=O)c1-c1cccc(F)c1,0.16963893
CN1Cc2c(Cl)cc(Cl)cc2[C@H](c2cccc(S(=O)(=O)NCCOCCOCCNC(=O)NCCCCNC(=O)NCCOCCOCCNS(=O)(=O)c3cccc([C@@H]4CN(C)Cc5c(Cl)cc(Cl)cc54)c3)c2)C1,0.13655818
COc1ccc2[nH]c([S@@](=O)Cc3ncc(C)c(OC)c3C)nc2n1,0.20347856
Cc1cc(N2CCN([C@@H]3CN[C@H](C(=O)N4CCSC4)C3)CC2)n(-c2ccccc2)n1,0.005664779
NC(=O)N1C(=O)[C@@H](C(=O)c2cccs2)c2cc(Cl)ccc21,0.32227534
O=C1NCCN[C@@H]1c1cccs1,0.004667663
COc1cc([C@@H]2c3cc4c(cc3[C@@H](O[C@@H]3O[C@@H]5CO[C@@H](c6cccs6)O[C@H]5[C@H](O)[C@H]3O)[C@H]3COC(=O)[C@H]23)OCO4)cc(OC)c1O,0.013428399
C[C@H](Cn1cnc2c(N)ncnc21)OCP(=O)(O)O,0.00067105045
CC(C)OC(=O)[C@@H](C)NP(=O)(CO[C@@H](C)Cn1cnc2c(N)ncnc21)Oc1ccccc1,0.0011725528
CC(C)OC(=O)OCOP(=O)(CO[C@H](C)Cn1cnc2c(N)ncnc21)OCOC(=O)OC(C)C,0.00021388815
CC(=O)Nc1ccc(NC(=S)NC(=O)c2ccc(C(C)(C)C)cc2)cc1,0.37182024
CN(C)CCCCC(=O)Nc1ccc(NC(=S)NC(=O)c2ccc(C(C)(C)C)cc2)cc1,0.29218075
CN1C(C(=O)Nc2ccccn2)=C(O)c2sccc2S1(=O)=O,0.04420039
O=C1/C(=C/c2cccs2)CCC/C1=C\c1cccs1,0.028279493
COc1ccc(-n2nc(CCC(=O)N(C)O)cc2-c2ccc(Cl)cc2)cc1,0.06034955
Cn1c2cc([S@@](C)=O)sc2c2cnn(Cc3cccc(N)c3)c(=O)c21,0.8779145
CC(=O)CC/C=C(\C)CC/C=C(\C)CC/C=C(\C)CCC=C(C)C,0.29034176
COc1ccc(C[C@@H](C)[C@@H](C)Cc2ccc(OC)c(OC)c2)cc1OC,0.53377795
COc1cc2nc(N3CCN(C(=O)[C@H]4CCCO4)CC3)nc(N)c2cc1OC,0.005256991
CN(C/C=C/C#CC(C)(C)C)Cc1cccc2ccccc12,0.023116646
CC(C)(C)NC[C@@H](O)c1cc(O)cc(O)c1,0.0051138406
C#CC1(OC[C@H](O)CN2CCN(c3cccc(C(F)(F)F)c3)CC2)CCCCC1,0.001351886
CC(C)N1CCN(c2ccc(OC[C@H]3CO[C@](Cn4cncn4)(c4ccc(Cl)cc4Cl)O3)cc2)CC1,0.038589723
CC(C)(C)c1ccc([C@@H](O)CCCN2CCC(C(O)(c3ccccc3)c3ccccc3)CC2)cc1,0.30664852
CCN(CC)C(=O)N[C@H]1C[C@@H]2c3cccc4[nH]cc(c34)C[C@H]2N(C)C1,0.09028278
CC(=O)[C@@H](C#N)C(=O)Nc1ccc(C(F)(F)F)cc1,0.012231385
NCCCC[C@H](NC(=O)[C@@H]1CCCN1C(=O)[C@@H]1CSSC[C@H](NC(=O)CNC(=O)CNC(=O)CN)C(=O)N[C@@H](Cc2ccc(O)cc2)C(=O)N[C@@H](Cc2ccccc2)C(=O)N[C@@H](CCC(N)=O)C(=O)N[C@@H](CC(N)=O)C(=O)N1)C(=O)NCC(N)=O,0.21689858
C[C@@H](CC(c1ccccc1)c1ccccc1)NC(C)(C)C,0.35829592
O=c1n(C[C@H]2CO2)c(=O)n(C[C@H]2CO2)c(=O)n1C[C@H]1CO1,0.044556055
CC(C)(O)[C@H]1CC[C@](C)(O)CC1,0.010145978
C[C@H]1C(=O)C(=O)[C@@H]2O[C@@H]2C1=O,0.043765463
Cc1ccc2c(c1CCC(=O)O)CC[C@@H](NS(=O)(=O)c1ccc(Cl)cc1)C2,0.0012974228
CCO[C@@H](Cc1ccc(OCCc2ccc(OS(C)(=O)=O)cc2)cc1)C(=O)O,0.013632635
CCOc1ccc(-c2nc(-c3cccc(C(=O)O)n3)cs2)cc1OCC,0.10673439
COc1cc2c(cc1OC)[C@@H]1CC(=O)[C@@H](CC(C)C)CN1CC2,0.002578589
CCCCNc1ccc(C(=O)OCCN(C)C)cc1,0.0038924275
CN(C)[C@@H]1C(=O)[C@H](C(N)=O)C(=O)[C@@]2(O)C(=O)[C@@H]3C(=O)c4c(O)cccc4[C@@](C)(O)[C@H]3C[C@@H]12,0.08391518
CCCCCCCCCCCCCCSCC(=O)O,0.23447905
NCCNCCNCCNCCN,0.006309938
Nc1nc(=O)c2c([nH]1)NC[C@H](CNc1ccc(C(=O)N[C@@H](CCC(=O)O)C(=O)O)cc1)N2,0.0030301346
COc1ccc(C[C@H]2NCCc3cc(OC)c(OC)cc32)cc1OC,0.019808628
O=C1N[C@H](O)CCN1[C@@H]1O[C@H](CO)[C@@H](O)[C@H]1O,0.0017256193
c1ccc2c(c1)CCC[C@@H]2C1=NCCN1,0.0038183571
CN(C)C(=S)SC(=S)N(C)C,0.002650134
COc1ccc2cc1Oc1ccc(cc1)C[C@H]1c3cc(c(OC)cc3CCN1C)Oc1c(OC)c(OC)cc3c1[C@H](C2)N(C)CC3,0.3670175
N[C@@H](C(=O)O)c1nn[nH]n1,0.0010927196
c1cc2c(cc1C1CCCCC1)c1c3n2CCNC3CCC1,0.016714113
O=C1C(=O)C(O)C(=O)C(=O)C1O,0.92073244
CC(C)(CO)c1cc2cc(NC(=O)C3(c4ccc5c(c4)OC(F)(F)O5)CC3)c(F)cc2n1C[C@@H](O)CO,0.002436546
O=C(Nc1ccc(N2CCC(C(=O)N3CCOCC3)CC2)cc1)c1cnc(Oc2ccccc2)nc1,0.006745801
CCN1/C(=C/C(C)=O)Sc2ccc(OC)cc21,0.044140805
CN1C/C=C/CCOc2cccc(c2)-c2ccnc(n2)Nc2cccc(c2)C1,0.05929576
Cc1cc(-c2cc(O)ccc2Cl)cc2nnc(Nc3ccc(OCCN4CCCC4)cc3)nc12,0.1613344
Nc1nc(N)c2nc(-c3cccc(O)c3)cnc2n1,0.038001888
Cc1cc(-c2cc(OC(=O)c3ccccc3)ccc2Cl)cc2nnc(Nc3ccc(OCCN4CCCC4)cc3)nc12,0.1913715
Cc1cnc(Nc2ccc(N3CCN(C)CC3)cc2)nc1Nc1cccc(S(=O)(=O)NC(C)(C)C)c1,0.01194094
CC(C)Oc1ccc(-c2nn([C@@H](C)c3oc4ccc(F)cc4c(=O)c3-c3cccc(F)c3)c3ncnc(N)c23)cc1F,0.9673049
Cc1cc([C@@H](C)Nc2ccccc2)c2nc(N3CCOCC3)cc(=O)n2c1,0.052290466
Nc1nc(N)c2nc(-c3cccc(O)c3)c(-c3cccc(O)c3)nc2n1,0.11539836
Cn1c(COP(=O)(NCCBr)NCCBr)cnc1[N+](=O)[O-],0.011436044
Nc1nc(NC2CC2)cc(-c2cccc(Cl)c2Cl)n1,0.7000723
COc1cc(C[C@H]2c3cc(OC)c(OC)cc3CCN2C)c(Oc2cc3c(cc2OC)-c2c(OC)c(OC)cc4c2[C@H](C3)N(C)CC4)cc1OC,0.2757678
O=C1CC[C@H](N2C(=O)c3ccccc3C2=O)C(=O)N1,0.002020592
O=c1c(O)cc([C@H]2Oc3cc(O)cc(O)c3C[C@H]2O)c2cc([C@H]3Oc4cc(O)cc(O)c4C[C@H]3O)cc(O)c(O)c1-2,0.9046024
Cn1cnc2c1c(=O)[nH]c(=O)n2C,0.0070175715
CCNC1=N[C@@H]2[C@@H](O)[C@H](O)[C@@H](CO)O[C@@H]2S1,0.014409765
Cc1ncc(C[n+]2csc(CCO)c2C)c(N)n1,0.072562434
Cc1ncc(C[n+]2csc(CCOP(=O)(O)OP(=O)(O)O)c2C)c(N)n1,6.860365e-05
CS(=O)(=O)c1ccc([C@@H](O)[C@@H](CO)NC(=O)C(Cl)Cl)cc1,0.39174932
C=CCC1([C@H](C)CCC)C(=O)NC(=S)NC1=O,0.0023245888
O=C(NCc1ccccc1)c1csc(Nc2ccncn2)n1,0.010262013
CCSc1ccc2c(c1)N(CCCN1CCN(C)CC1)c1ccccc1S2,0.43631953
COc1c(O[C@@H]2O[C@H](CO)[C@@H](O)[C@H](O)[C@H]2O)cc2c(c1OC)-c1ccc(SC)c(=O)cc1[C@@H](NC(C)=O)CC2,0.04808545
O=C(O)CCCC[C@H]1CCSS1,0.0026662708
OCCSCCO,0.003025632
Nc1nc2nc[nH]c2c(=S)[nH]1,0.010617294
C[CH2][Hg][S]c1ccccc1C(=O)O,0.15393904
CCC[C@@H](C)C1(CC)C(=O)NC(=S)NC1=O,0.002261595
S=C(NC1CCCCC1)N1CCC([C@H]2C=NC=N2)CC1,0.0039398638
COC(=O)NC(=S)Nc1ccccc1NC(=S)NC(=O)OC,0.041804936
CN1CCN(CCCN2c3ccccc3Sc3ccc(S(=O)(=O)N(C)C)cc32)CC1,0.0040744427
CSc1ccc2c(c1)N(CCC1CCCCN1C)c1ccccc1S2,0.60451555
O=C(O)CNC(=O)[C@@H](CS)Cc1ccccc1,0.0039602495
C=C(NC(=O)C(=C)NC(=O)c1csc(C2=N[C@@H]3c4csc(n4)[C@H]4NC(=O)c5csc(n5)[C@H]([C@](C)(O)[C@@H](C)O)NC(=O)[C@H]5CSC(=N5)/C(=C/C)NC(=O)[C@H]([C@@H](C)O)NC(=O)c5csc(n5)[C@]3(CC2)NC(=O)[C@H](C)NC(=O)C(=C)NC(=O)[C@H](C)NC(=O)[C@H]([C@@H](C)CC)N[C@@H]2C=Cc3c([C@H](C)O)cc(nc3[C@H]2O)C(=O)O[C@@H]4C)n1)C(N)=O,0.99958473
S=P(N1CC1)(N1CC1)N1CC1,0.00021194959
CN1CCN(CC/C=C2/c3ccccc3Sc3ccc(S(=O)(=O)N(C)C)cc32)CC1,0.031067178
CN(C)C(=S)SSC(=S)N(C)C,0.0036201891
CNc1ccc(-c2ccc3cc(OC[C@H](O)CF)ccc3n2)cn1,0.04847309
CCCCCCCCCCCCCCCC[N+](C)(C)CCN(Cc1ccc(OC)cc1)c1ncccn1,0.9244236
COc1ccc(CN(CCN(C)C)c2ncccn2)cc1,0.017148502
CC(O)(C(=O)O)[C@@H](CC(=O)O)C(=O)O,0.0003905238
CC[C@H](C)[C@H](NC(=O)[C@H](CCC(=O)O)NC(=O)[C@H](CO)NC(=O)[C@H](CO)NC(=O)[C@@H](NC(=O)[C@H](CC(=O)O)NC(=O)[C@@H](NC(=O)[C@H](C)NC(=O)[C@H](C)NC(=O)[C@H](CC(=O)O)NC(=O)[C@H](CO)NC(C)=O)C(C)C)[C@@H](C)O)C(=O)N[C@H](C(=O)N[C@H](C(=O)N[C@@H](CCCCN)C(=O)N[C@@H](CC(=O)O)C(=O)N[C@@H](CC(C)C)C(=O)N[C@@H](CCCCN)C(=O)N[C@@H](CCC(=O)O)C(=O)N[C@@H](CCCCN)C(=O)N[C@@H](CCCCN)C(=O)N[C@@H](CCC(=O)O)C(=O)N[C@H](C(=O)N[C@H](C(=O)N[C@@H](CCC(=O)O)C(=O)N[C@@H](CCC(=O)O)C(=O)N[C@@H](C)C(=O)N[C@@H](CCC(=O)O)C(=O)N[C@@H](CC(N)=O)C(=O)O)C(C)C)C(C)C)[C@@H](C)O)[C@@H](C)O,0.00045015872
Cc1ccc(C(C)C)c(O)c1,0.016727448
Cc1cc(OI)c(C(C)C)cc1-c1cc(C(C)C)c(OI)cc1C,0.20116578
CC(C)[C@H](NC(=O)[C@H](CC(=O)O)NC(=O)[C@H](CCCCN)NC(=O)[C@@H](N)CCCNC(=N)N)C(=O)N[C@@H](Cc1ccc(O)cc1)C(=O)O,0.017655352
CN(C)C/C=C/C(=O)Nc1ccc(C(=O)Nc2cccc(Nc3ncc(Cl)c(-c4c[nH]c5ccccc45)n3)c2)cc1,0.31485924
CN(C)CCCC(=O)Nc1ccc(C(=O)Nc2cccc(Nc3ncc(Cl)c(-c4c[nH]c5ccccc45)n3)c2)cc1,0.23215842
CN(C)C/C=C/C(=O)Nc1cccc(C(=O)Nc2cccc(Nc3ncc(Cl)c(-c4c[nH]c5ccccc45)n3)c2)c1,0.27074626
c1ccc2[nH]c(-c3cscn3)nc2c1,0.0089629395
Cc1ccsc1C(=CCCN1CCC[C@@H](C(=O)O)C1)c1sccc1C,0.01258819
CN1c2ccccc2[C@@H](NCCCCCCC(=O)O)c2ccc(Cl)cc2S1(=O)=O,0.0018747055
CCN(CC)CCNC(=O)c1cc(S(C)(=O)=O)ccc1OC,0.0015903618
C[C@@H](C(=O)O)c1ccc(C(=O)c2ccccc2)s1,0.00415564
O=C(Cn1c(=O)sc2ccc(Cl)cc21)N1CCN(CCO)CC1,0.121276565
C#C[C@]1(O)CC[C@@H]2[C@H]3[C@H](C)CC4=C(CCC(=O)C4)[C@H]3CC[C@@]21C,0.0010742858
CCCSc1nc(N[C@@H]2C[C@H]2c2ccc(F)c(F)c2)c2nnn([C@@H]3C[C@H](OCCO)[C@@H](O)[C@H]3O)c2n1,0.01946538
CC1(C)S[C@@H]2[C@H](NC(=O)[C@H](C(=O)O)c3ccsc3)C(=O)N2[C@H]1C(=O)O,0.95721847
Clc1ccccc1CN1CCc2sccc2C1,0.023087893
Cc1ccccc1CN1C2=NCCN2C(=O)C2=C1CCN(Cc1ccccc1)C2,0.117289305
O=c1sn(-c2cccc3ccccc23)c(=O)n1Cc1ccccc1,0.92892224
O=C(O)COc1ccc(C(=O)c2cccs2)c(Cl)c1Cl,0.83232546
COc1ccc2cc(-c3[nH]c(-c4ccc([S@@](C)=O)cc4)nc3-c3ccncc3)ccc2c1,0.41574663
CC1(NC2=NS(=O)(=O)c3sc(Cl)cc3N2)CC1,0.009337844
CN(C)c1cc(NC(=O)CNC(C)(C)C)c(O)c2c1C[C@H]1C[C@H]3[C@H](N(C)C)C(=O)[C@@H](C(N)=O)C(=O)[C@@]3(O)C(=O)[C@H]1C2=O,0.48581666
CC[C@H]1OC(=O)C[C@@H](O)[C@H](C)[C@@H](O[C@@H]2O[C@H](C)[C@@H](O)[C@H](N(C)C)[C@H]2O)[C@@H](CCN2C[C@H](C)C[C@H](C)C2)C[C@@H](C)C(=O)/C=C/C(C)=C/[C@@H]1CO[C@@H]1O[C@H](C)[C@@H](O)[C@@H](OC)[C@H]1OC,0.8159967
CCN(CC)CCOc1ccc2c(c1)C(=O)c1cc(OCCN(CC)CC)ccc1-2,0.0688631
O=P(O)(O)C(Sc1ccc(Cl)cc1)P(=O)(O)O,0.00015838878
CC(C)(Oc1ccc(Cl)cc1)C(=O)N1CSC[C@@H]1C(=O)O,0.014354717
CC(C)(C)NC[C@H](O)COc1nsnc1N1CCOCC1,0.0018405942
O=C(O)[C@H]1CSCN1,0.004440044
c1ccc2c(SC3=NCCN3)c[nH]c2c1,0.20269777
CCS(=O)(=O)CCn1c([N+](=O)[O-])cnc1C,0.90739864
CCOC(=O)c1c(N)sc2c1CCN(Cc1ccccc1)C2,0.047828067
Clc1ccc([C@H](Cn2ccnc2)OCc2ccsc2Cl)c(Cl)c1,0.95950764
Nc1nc(=S)c2ncn([C@@H]3O[C@H](CO)[C@@H](O)[C@H]3O)c2[nH]1,0.013259736
C[C@@H](S)C(=O)NCC(=O)O,0.004330274
CN=C(NC#N)NCCSCc1csc(NC(=N)N)n1,0.0068650097
C[N+]1(C)[C@@H]2C[C@@H](OC(=O)C(O)(c3cccs3)c3cccs3)C[C@H]1[C@@H]1O[C@@H]12,0.0017698547
O=c1oc2cc(O)ccc2s1,0.016856804
CCCc1c(SCCCOc2ccc(C(C)=O)c(OCCCC(=O)O)c2CCC)ccc(C(C)=O)c1O,0.01854163
Cn1cncc1[C@@](N)(c1ccc(Cl)cc1)c1ccc2c(c1)c(-c1cccc(Cl)c1)cc(=O)n2C,0.734547
N=C1CCCN1Cc1[nH]c(=O)[nH]c(=O)c1Cl,0.907595
O=C(O)C(=O)c1cn(Cc2ccccc2)c2ccc(-c3ccc(OC(F)(F)F)cc3)cc12,0.94801795
CCC[C@@]1(CCc2ccccc2)CC(=O)[C@@H]([C@H](CC)c2cccc(NS(=O)(=O)c3ccc(C(F)(F)F)cn3)c2)C(=O)O1,0.11388624
CSc1ccccc1OC[C@@H](O)CNC(C)C,0.0069970298
C[N@+]12CCCC[C@@H]1CCC(=C(c1cccs1)c1cccs1)C2,0.17323714
CCOC(=O)Nc1ccc2c(c1)N(C(=O)CN(C)C)c1ccccc1CC2,0.02437158
Nc1n[n+]([O-])c2ccccc2[n+]1[O-],0.9522277
C#Cc1cnc2[nH]c(=O)n(C(CC)CC)c2n1,0.0029861676
O=C(O)Cc1cc(I)c(Oc2ccc(O)c(I)c2)c(I)c1,0.12608813
CCCCS(=O)(=O)N[C@@H](Cc1ccc(OCCCCC2CCNCC2)cc1)C(=O)O,0.016712138
[Cl][Ti]([Cl])([CH]1C=CC=C1)[CH]1C=CC=C1,0.0025206052
O=C1NC(=O)[C@@H](c2cn3c4c(cccc24)CCC3)[C@@H]1c1c[nH]c2ccccc12,0.081059374
COc1cc2nccc(Oc3ccc(NC(=O)Nc4cc(C)on4)c(Cl)c3)c2cc1OC,0.31733158
Clc1ccc2nsnc2c1NC1=NCCN1,0.0045841183
Cc1ccc(CCCO)c(NCc2ccc3nc(NCCCN4CCOCC4)n(Cc4nc(C)ccc4O)c3c2)c1,0.61841476
COc1ccc2c(c1)C=C1Cn3c-2c(C2CCCCC2)c2ccc(cc23)C(=O)NS(=O)(=O)N(C)CCOCCN(C)C1=O,0.006380411
O=C(NC(=O)c1c(F)cccc1Cl)NC1c2ccccc2-c2ccccc21,0.9160593
CCCCCCC(=O)OC1CC(C)(C)NC(C)(C)C1,0.021823177
COc1cc(/C=C/c2ccc(OC)cc2OC)cc(OC)c1,0.09794272
CO[C@@H]1[C@H](OC(=O)NC(=O)CCl)CC[C@]2(CO2)[C@H]1[C@@]1(C)O[C@@H]1CC=C(C)C,0.0540924
NC[C@H]1O[C@H](O[C@H]2[C@H](O)[C@@H](O[C@H]3O[C@H](CO)[C@@H](O)[C@H](N)[C@H]3O)[C@H](N)C[C@@H]2N)[C@H](N)C[C@@H]1O,0.008705843
Cc1cccc(C)c1NC(=O)[C@@H](C)N,0.006655135
Cc1[nH]c(/C=C2\C(=O)Nc3ccc(F)cc32)c(C)c1C(=O)NCCN1CCCC1,0.030880593
Cc1c(C)c2c(c(C)c1OC(=O)CCC(=O)OCCO)CC[C@@](C)(CCC[C@H](C)CCC[C@H](C)CCCC(C)C)O2,0.8230446
CCOC(=O)NNc1nncc2ccccc12,0.005949188
C[C@@H]1CCN(C(=O)CC#N)C[C@@H]1N(C)c1ncnc2[nH]ccc12,0.0014143357
CCC1=C(C)NN=C(c2ccc(OC)c(OC)c2)c2cc(OC)c(OC)cc21,0.15086983
CCc1ccc(Cc2ccc3c(c2)[C@]2(OC3)O[C@H](CO)[C@@H](O)[C@H](O)[C@H]2O)cc1,0.07175235
Cc1ccccc1OC[C@@H](O)CNCCOc1ccc(C(N)=O)cc1,0.0050925505
Cc1ccc(S(=O)(=O)NC(=O)NN2CCCCCC2)cc1,0.004147421
c1ccc(CC2=NCCN2)cc1,0.0064036786
CCCCNC(=O)NS(=O)(=O)c1ccc(C)cc1,0.0023769247
Cc1ccc(C(=O)c2cc(O)c(O)c([N+](=O)[O-])c2)cc1,0.9160783
Cc1c(Cl)cccc1Nc1ccccc1C(=O)O,0.043357383
Cc1cccc(Oc2cnc(=O)[nH]c2)c1,0.045513675
Cc1ccc(C(=O)c2ccc(CC(=O)O)n2C)cc1,0.007180389
Cc1cccc(N(C)C(=S)Oc2ccc3ccccc3c2)c1,0.22113524
Cc1ccc(NC2=NCCN2)c(Cl)c1,0.009436615
Cc1cc2nc3ccc(=[N+](C)C)cc-3sc2cc1N,0.12203131
Cc1cccc(N2C[C@@H](CO)OC2=O)c1,0.008024426
Cc1ccc(C(=O)[C@@H](C)CN2CCCCC2)cc1,0.0054692947
COc1ccc2c(C(=S)N(C)CC(=O)O)cccc2c1C(F)(F)F,0.06799767
Cc1ccc(O)c([C@H](CCN(C(C)C)C(C)C)c2ccccc2)c1,0.22502016
Cc1cc(-n2c(=O)[nH]c(=O)n(C)c2=O)ccc1Oc1ccc(SC(F)(F)F)cc1,0.9765138
Cc1ccccc1C(=O)Nc1ccc(C(=O)N2CCC[C@@H](O)c3cc(Cl)ccc32)c(C)c1,0.054956567
CN(C)c1cccc2c(S(=O)(=O)Nc3ccc(NC(=O)C(C)(C)CO)cc3)cccc12,0.0017357705
CCCc1c(OCCCCc2nn[nH]n2)ccc(C(C)=O)c1O,0.0032755376
Cc1cc(Nc2cc(N)ncn2)c(=O)n2c1C(=O)NC21CCCCC1,0.011475415
CC(=O)c1ccc2c(c1)[C@H](NC(=O)c1ccc(F)c(Cl)c1)[C@H](O)C(C)(C)O2,0.21878472
C[C@](O)(CNC(=O)C(F)(F)F)C(=O)Nc1ccc([N+](=O)[O-])c(C(F)(F)F)c1,0.9359909
CC1(C)O[C@@H]2[C@@H](CO[C@@]3(COS(N)(=O)=O)OC(C)(C)O[C@@H]23)O1,0.0009634395
N#Cc1cc(-c2nnc(-c3ccncc3)[nH]2)ccn1,0.0028658053
CC[C@@]1(O)C(=O)OCc2c1cc1n(c2=O)Cc2cc3c(CN(C)C)c(O)ccc3nc2-1,0.005033438
Cc1cccc(Nc2ccncc2S(=O)(=O)NC(=O)NC(C)C)c1,0.015652785
CCOC(=O)N1c2ccc(C(F)(F)F)cc2[C@@H](N(Cc2cc(C(F)(F)F)cc(C(F)(F)F)c2)C(=O)OC)C[C@H]1CC,0.87457496
Nc1ccn([C@H]2C[C@H](O)[C@@H](CO)O2)c(=O)n1,0.0037016794
CN(C)CCOc1ccc(/C(=C(/CCCl)c2ccccc2)c2ccccc2)cc1,0.8761456
CCC(=O)N1CCN(c2ccc(-n3c(=O)ccc4cnc5ccc(-c6cnc7ccccc7c6)cc5c43)cc2C(F)(F)F)CC1,0.9044618
Nc1ccc(-c2ccc3ncc4ccc(=O)n(-c5cccc(C(F)(F)F)c5)c4c3c2)cn1,0.76378655
CC(C)C[C@@H](C(=O)N[C@H](C(=O)OC1CCCC1)c1ccccc1)[C@H](O)C(=O)NO,0.0031650553
N[C@H]1CCN(c2nc3c(cc2F)c(=O)c(C(=O)O)cn3-c2ccc(F)cc2F)C1,0.9857922
N#Cc1cn([C@@H]2O[C@H](CO)[C@@H](O)[C@H]2O)c2ncnc(N)c12,0.0018160216
COc1ccc(N2CCOCC2)c2sc(NC(=O)N3CCC(C)(O)CC3)nc12,0.04196888
Cc1cc(Nc2cc(N3CCN(C)CC3)nc(Sc3ccc(NC(=O)C4CC4)cc3)n2)[nH]n1,0.059335284
CC(C)(O)c1ccn2c(-c3ccc(F)c(-c4ccc(F)cc4C#N)c3)cnc2c1F,0.37465224
CN1CCN(Cc2ccc(Nc3ncc(Cl)c(Nc4ccccc4S(=O)(=O)N(C)C)n3)cc2)CC1,0.0056589344
CC(C)(O)[C@H]1CC[C@H](Nc2ccc3ncc(-c4cccc(C(F)(F)F)c4)n3n2)CC1,0.14783755
NC(=O)Nc1sc(-c2ccc(F)cc2)cc1C(N)=O,0.0034353877
O=S(=O)(O)c1ccc(-c2c3nc(c(-c4ccc(S(=O)(=O)O)cc4)c4ccc([nH]4)c(-c4ccc(S(=O)(=O)O)cc4)c4nc(c(-c5ccc(S(=O)(=O)O)cc5)c5ccc2[nH]5)C=C4)C=C3)cc1,0.017668381
O=[N+]([O-])OC[C@H]1O[C@@H](n2cnc3c(NC4CCCC4)ncnc32)[C@H](O)[C@@H]1O,0.0038800987
CCCCNc1c(C(=O)OCC)c(C)nc2c1cnn2CC,0.012279751
O=C(c1ccccc1Cl)c1cccnc1-c1nnn(Cc2cc(C(F)(F)F)cc(C(F)(F)F)c2)c1-c1ccncc1,0.9748614
Clc1ccccc1C(c1ccccc1)(c1ccccc1)n1cccn1,0.9019298
N#CC(c1ccccc1)(c1ccccc1)c1ccccc1Cl,0.2572724
CC(=O)Nc1cccc(-n2c(=O)n(C3CC3)c(=O)c3c(Nc4ccc(I)cc4F)n(C)c(=O)c(C)c32)c1,0.95832056
NCCCS(=O)(=O)O,0.0018312417
CCOC(=O)[C@H](CCc1ccccc1)N[C@@H](C)C(=O)N1[C@H](C(=O)O)C[C@H]2CCCC[C@@H]21,0.0030201783
NC[C@H]1CC[C@H](C(=O)O)CC1,0.0031803076
COc1ccc(/C=C/C(=O)Nc2ccccc2C(=O)O)cc1OC,0.0053706244
CCCCC/C=C\C=C\CCCCCCCCC(=O)O,0.023627736
CCCCCCCC/C=C/C(=O)O,0.009026594
O=C(O)C1CCC(c2cc3cccnc3c(-c3cccc(F)c3)n2)CC1,0.010629279
O=C(O)/C=C/CO,0.0024262897
COc1ccc(/C=C/C(=O)O)cc1,0.0065590586
CC(/C=C/C=C(\C)C(=O)O)=C\C=C\C=C(C)\C=C\C=C(/C)C(=O)O,0.017063813
N[C@H]1C[C@@H]1c1ccccc1,0.008579553
CCn1c(=O)n(C2=C(CO)CN(CC3CCCCCCC3)CC2)c2ccccc21,0.071336724
CCN(CC)c1cc(C)nc2ncnn12,0.0051079635
CC(C)OC(=O)CCC/C=C\C[C@@H]1[C@@H](/C=C/[C@@H](O)COc2cccc(C(F)(F)F)c2)[C@H](O)C[C@@H]1O,0.0069402973
C[C@@H]([C@@H](O)c1ccc(O)cc1)N1CCC(O)(c2ccccc2)CC1,0.0030347332
O=c1n(CCCN2CCN(c3cccc(Cl)c3)CC2)nc2ccccn12,0.011549976
C[C@H]1Oc2ccccc2C[C@@H]1N(C)C,0.0070453575
Cn1c(=O)cc(N2CCC[C@@H](N)C2)n(Cc2cc(F)ccc2C#N)c1=O,0.063758686
C(#CCN1CCCC1)CN1CCCC1,0.0014677857
CS(=O)(=O)OC[C@H](O)[C@@H](O)COS(C)(=O)=O,0.0005575959
CCOc1cc(OCC)c(C(=O)CCC(=O)O)cc1OCC,0.0030007472
CCCCC[C@H](O)CC[C@@H]1[C@H]2Cc3cccc(OCC(=O)O)c3C[C@H]2C[C@H]1O,0.03667451
COc1cc2c(cc1OC)-c1c/c(=N\c3c(C)cc(C)cc3C)n(C)c(=O)n1CC2,0.25655216
NC(=O)c1cc(N2CC2)c([N+](=O)[O-])cc1[N+](=O)[O-],0.8542858
CC1=C(/C=C/C(C)=C/C=C/C(C)=C/C(=O)O)C(C)(C)CCC1,0.02803541
CC(=O)OCC(COC(C)=O)OC(C)=O,0.0028696856
C[C@]12C=CC(=O)C=C1CC[C@H]1[C@@H]3C[C@@H](O)[C@](O)(C(=O)CO)[C@@]3(C)C[C@H](O)[C@@]12F,4.738836e-05
CC1(C)O[C@@H]2C[C@H]3[C@@H]4CCC5=CC(=O)C=C[C@]5(C)[C@@]4(F)[C@@H](O)C[C@]3(C)[C@]2(C(=O)CO)O1,0.00013661987
CC(C)(C)CC(=O)OCC(=O)[C@@]12OC(C)(C)O[C@@H]1C[C@H]1[C@@H]3CCC4=CC(=O)C=C[C@]4(C)[C@@]3(F)[C@@H](O)C[C@@]12C,0.00013512722
Nc1nc(N)c2nc(-c3ccccc3)c(N)nc2n1,0.08990334
NC(=S)N/N=C/c1ncccc1N,0.052015174
CCO[C@H]1O[C@H]([C@@H](COCc2ccccc2)OCc2ccccc2)[C@H](OCc2ccccc2)[C@H]1O,0.14904206
O=C(Nc1ccc(Br)cc1)c1cc(Br)cc(Br)c1O,0.40015215
OCC(Br)(Br)Br,0.004141045
CCCC(=O)OCC(COC(=O)CCC)OC(=O)CCC,0.001677015
CCCCCCCC(=O)OCC(COC(=O)CCCCCCC)OC(=O)CCCCCCC,0.037473507
NS(=O)(=O)c1cc2c(cc1Cl)N[C@H](C(Cl)Cl)NS2(=O)=O,0.01609135
O=C(O)C(Cl)(Cl)Cl,0.5044817
ClC=C(Cl)Cl,0.5385937
CC(/C=C/C(=O)NO)=C\[C@@H](C)C(=O)c1ccc(N(C)C)cc1,0.0058740447
CN1N=C(N)c2cn([C@@H]3O[C@H](CO)[C@@H](O)[C@H]3O)c3ncnc1c23,0.0019349754
CN1N=C(N)c2cn([C@@H]3O[C@H](COP(=O)(O)O)[C@@H](O)[C@H]3O)c3ncnc1c23,0.00011293482
CSc1nc2cc(Cl)c(Oc3cccc(Cl)c3Cl)cc2[nH]1,0.9819233
O=C(Nc1ccc(Cl)cc1)Nc1ccc(Cl)c(Cl)c1,0.5002079
Oc1cc(Cl)ccc1Oc1ccc(Cl)cc1Cl,0.925893
CC[N+](CC)(CC)CC[C@](O)(c1ccccc1)C1CCCCC1,0.005258552
NCCNCCNCCN,0.0065819044
CO/N=C(/C(=O)OC)c1ccccc1CO/N=C(\C)c1cccc(C(F)(F)F)c1,0.7542033
CN1CCN(CCCN2c3ccccc3Sc3ccc(C(F)(F)F)cc32)CC1,0.5369847
CN(C)CCCN1c2ccccc2Sc2ccc(C(F)(F)F)cc21,0.6449336
O=c1[nH]c(=O)n([C@H]2C[C@H](O)[C@@H](CO)O2)cc1C(F)(F)F,0.9355427
CC(=O)Oc1cc(C(F)(F)F)ccc1C(=O)O,0.010733142
C[n+]1cccc(C(=O)O)c1,0.008787732
O[C@](CCN1CCCCC1)(c1ccccc1)C1CCCCC1,0.004126836
CN1CCN(c2ccc(Nc3ncc4cc5n(c4n3)C3(CCCCC3)CNC5=O)nc2)CC1,0.0035595917
C[C@]12CC[C@H]3[C@@H](CC[C@@]45O[C@@H]4C(=O)[C@H](C#N)C[C@]35C)[C@@H]1CC[C@@H]2O,0.0010437275
FC(F)(F)c1ccccc1-n1ccnc1,0.03687609
CC[C@@](COC(=O)c1cc(OC)c(OC)c(OC)c1)(c1ccccc1)N(C)C,0.0013661152
COc1ccc(CN2CCNCC2)c(OC)c1OC,0.0045909663
CN1C(=O)OC(C)(C)C1=O,0.0015266888
COc1cc(C(=O)NCc2ccc(OCCN(C)C)cc2)cc(OC)c1OC,0.0051942174
COc1cc(Cc2cnc(N)nc2N)cc(OC)c1OC,0.16977416
COc1cc(C[C@H]2NCCc3cc(O)c(O)cc32)cc(OC)c1OC,0.020585248
C=CC(=O)OCC(CC)(COC(=O)C=C)COC(=O)C=C,0.0020111268
COc1cc(C(=O)N2CCOCC2)cc(OC)c1OC,0.0022258933
COc1cc(NCc2ccc3nc(N)nc(N)c3c2C)cc(OC)c1OC,0.3327701
C[C@@H](CN(C)C)CN1c2ccccc2CCc2ccccc21,0.032810125
Cc1cc2cc3c(C)cc(=O)oc3c(C)c2o1,0.029904706
CN(C)CCN(Cc1ccccc1)c1ccccn1,0.014156274
Cc1ccc(/C(=C\CN2CCCC2)c2ccccn2)cc1,0.102613784
CC(C)C(C)(C)C,0.027121268
CC(C)[C@]12O[C@H]1[C@@H]1O[C@]13[C@]1(O[C@H]1C[C@H]1C4=C(CC[C@@]13C)C(=O)OC4)[C@@H]2O,0.00032235813
CC(C)C[C@H](NC(=O)[C@@H](Cc1c[nH]c2ccccc12)NC(=O)[C@H](Cc1ccc(O)cc1)NC(=O)[C@H](CO)NC(=O)[C@H](Cc1c[nH]c2ccccc12)NC(=O)[C@H](Cc1cnc[nH]1)NC(=O)[C@@H]1CCC(=O)N1)C(=O)N[C@@H](CCCNC(=N)N)C(=O)N1CCC[C@H]1C(=O)NCC(N)=O,0.5878217
O=c1[nH]c(=O)n(Cl)c(=O)n1Cl,0.98869085
CC(C)[C@@H](CC[C@@H](C)[C@H]1CC[C@H]2[C@@H]3[C@H](O)C[C@H]4C[C@@H](NCCCNCCCCNCCCN)CC[C@]4(C)[C@H]3CC[C@]12C)OS(=O)(=O)O,0.2337415
NCC(=O)N1CCC[C@H]1C(=O)N[C@@H](CCC(=O)O)C(=O)O,0.0009447914
O=[P@]1(N(CCCl)CCCl)OCCCN1CCCl,0.00040243403
Cc1c(C)c2c(c(C)c1O)CC[C@](C)(COc1ccc(C[C@H]3SC(=O)NC3=O)cc1)O2,0.6657617
CO[C@H]1C[C@H](O[C@H]2[C@H](C)[C@@H](O[C@@H]3O[C@H](C)C[C@H](N(C)C)[C@H]3OC(C)=O)[C@@H](C)C[C@@]3(CO3)C(=O)[C@H](C)[C@@H](OC(C)=O)[C@@H](C)[C@@H](C)OC(=O)[C@@H]2C)O[C@@H](C)[C@@H]1OC(C)=O,0.43747118
Cc1c(C)c2c(c(C)c1O)CC[C@@](C)(C(=O)O)O2,0.0049311086
O=C(O)c1ccccc1NCCc1ccccc1,0.0070631467
NC(CO)(CO)CO,0.00184294
Cc1cc(C)cc(C(=O)O[C@H]2C[C@H]3CC[C@@H](C2)N3C)c1,0.00534771
COc1ccc2c(c1)c(CC(=O)OC[C@@H](C(=O)O)c1ccccc1)c(C)n2C(=O)c1ccc(Cl)cc1,0.006172519
CCN(Cc1ccncc1)C(=O)[C@@H](CO)c1ccccc1,0.013914922
O=C(O)c1cc(F)c2nc(N3[C@@H]4CC[C@H]3C[C@@H](OCc3c(-c5ccccc5OC(F)(F)F)noc3C3CC3)C4)sc2c1,0.60449165
CN1[C@@H]2CC[C@H]1C[C@@H](OC(=O)c1c[nH]c3ccccc13)C2,0.0074357633
O=C(O[C@H]1C[C@H]2CC[C@@H](C1)[N+]21CCCC1)C(O)(c1ccccc1)c1ccccc1,0.0009470048
N[C@@H]1[C@H]2CN(c3nc4c(cc3F)c(=O)c(C(=O)O)cn4-c3ccc(F)cc3F)C[C@@H]12,0.98897564
CCC(CO)(C(=O)OC1C[C@H]2CC[C@@H](C1)[N+]2(C)C)c1ccccc1,0.0006307903
S=C(NCCc1ccccn1)Nc1ccc(Br)cn1,0.006269032
C[C@@H]1O[C@@H](OC[C@H]2O[C@@H](Oc3c(-c4ccc(OCCO)c(OCCO)c4)oc4cc(OCCO)cc(O)c4c3=O)[C@H](O)[C@@H](O)[C@@H]2O)[C@H](O)[C@H](O)[C@H]1O,0.020997921
COc1cc(C(=O)N[C@H]2CCCNC2)cc(OC)c1OC,0.0035659552
COc1ccsc1CNCC[C@@]1(c2ccccn2)CCOC2(CCCC2)C1,0.010093741
O=C1c2ccccc2-n2c1nc1ccccc1c2=O,0.16502495
N[C@@H](Cc1c[nH]c2ccccc12)C(=O)O,0.00478725
[O-][N+]CNc1ccc(N2CCOCC2)c(Cl)c1,0.24454872
C/C(=C\c1ccc(C(=O)O)cc1)c1ccc2c(c1)C(C)(C)CCC2(C)C,0.6808963
Cc1ccc(-c2csc3ncnc(SCCC(=O)O)c23)cc1,0.020529326
CCOC(=O)c1ccccc1OC(=O)CCCCCCCC(=O)Oc1ccccc1C(=O)OCC,0.0040954053
CCCCC[C@@H](C)N,0.018186653
CN1CCc2c(c3ccccc3n2Cc2ccc(C(=O)NO)cc2)C1,0.014376632
COc1cc2c3cc1Oc1cc(ccc1O)C[C@@H]1c4c(cc(OC)c(O)c4Oc4ccc(cc4)C[C@@H]3N(C)CC2)CC[N+]1(C)C,0.22620498
Cc1cc(Nc2ncnc3ccc(NC4=NC(C)(C)CO4)cc23)ccc1Oc1ccn2ncnc2c1,0.3393665
Nc1cc(F)ccc1NC(=O)c1ccc(CNC(=O)/C=C/c2cccnc2)cc1,0.050448664
C[C@@H](O)[C@H](N)C(=O)N[C@@H](CCCCN)C(=O)N1CCC[C@H]1C(=O)N[C@@H](CCCNC(=N)N)C(=O)O,0.0035618085
N#CCc1ccccc1C#Cc1ccc(CCC(=O)O)c(F)c1,0.0034123554
Cc1ccc(-c2ccc(F)cc2COc2ccc(CCC(=O)O)cc2)cc1,0.12204057
CC(C)(C)NC[C@H](O)c1ccccc1Cl,0.009609857
O=C1c2cc3nnn(CCc4cccc(F)c4)c(=O)c3cc2OCN1C1CC1,0.0028756724
CC(C)c1ccccc1Cc1cc(C(=O)Nc2ccc(S(=O)(=O)c3ccccc3C(C)(C)C)cc2)c(O)c(O)c1O,0.86243457
Nc1cccc(-c2cc3c(Oc4cccc(O)c4)ncnc3[nH]2)c1,0.044393305
CC[C@H](C)[C@H](NC(=O)[C@H](Cc1ccc(O)cc1)NC(=O)[C@@H](NC(=O)[C@H](CCCNC(=N)N)NC(=O)[C@@H](N)CC(=O)O)C(C)C)C(=O)N[C@@H](Cc1cnc[nH]1)C(=O)N1CCC[C@H]1C(=O)O,0.07344472
CC(C)(C)C(=O)C(=NNc1ccc(Cl)cc1)Nc1ccc(Cl)cc1,0.01881703
CC[C@H]1OC(=O)C[C@@H](O)[C@H](C)[C@@H](O[C@@H]2O[C@H](C)[C@@H](O[C@H]3C[C@@](C)(O)[C@@H](O)[C@H](C)O3)[C@H](N(C)C)[C@H]2O)[C@@H](CC=O)C[C@@H](C)C(=O)/C=C/C(C)=C/[C@@H]1CO[C@@H]1O[C@H](C)[C@@H](O)[C@@H](OC)[C@H]1OC,0.43379405
Cc1ccc(C(C)C)c(OCC2=NCCN2)c1,0.010751973
COc1cc2ncc(-c3ccccc3)nc2cc1OC,0.030285064
COc1cc2ncnc(Nc3cccc(Cl)c3)c2cc1OC,0.042677317
N#CC(C#N)=Cc1ccc(O)c(O)c1,0.0040225657
N#C/C(=C\c1ccc(O)c(O)c1)C(=O)Nc1ccccc1,0.015737923
COc1cc(/C=C(\C#N)C(N)=O)cc(CSc2nc3ccccc3s2)c1O,0.288586
C[C@H](NC(=O)/C(C#N)=C/c1ccc(O)c(O)c1)c1ccccc1,0.025098847
CC(C)(C)c1cc(/C=C(\C#N)C(N)=S)cc(C(C)(C)C)c1O,0.030453153
N#C/C(=C\c1ccc(O)c(O)c1)C(N)=O,0.004479281
CC(C)(C)c1cc(C=C(C#N)C#N)cc(C(C)(C)C)c1O,0.002697768
CSC(=N)C(C#N)C(C#N)C(=N)SC,0.17524196
N#CC(C(=N)Sc1ccccc1N)C(C#N)C(=N)Sc1ccccc1N,0.9924833
CC(C)C(=O)c1ccc(O)c(O)c1,0.0035657366
NS(=O)(=O)c1ccc(NC(=O)Nc2ccc(F)cc2)cc1,0.0022457733
CCN(CC)CCO[C@H]1CC[C@@]2(C)C(=CC[C@@H]3[C@@H]2CC[C@]2(C)C(=O)CC[C@@H]32)C1,0.0059967446
CN(C(=O)Cc1ccc(Cl)c(Cl)c1)[C@H]1CCCC[C@@H]1N1CCCC1,0.14745085
CN(C(=O)c1ccc(Cl)c(Cl)c1)[C@@H]1CCCC[C@@H]1N1CCCC1,0.0684837
C[C@H](NC(=O)[C@@H](Cc1c[nH]c2ccccc12)NC(=O)[C@@H](N)Cc1cnc[nH]1)C(=O)N[C@@H](Cc1c[nH]c2ccccc12)C(=O)N[C@H](Cc1ccccc1)C(=O)N[C@@H](CCCCN)C(N)=O,0.8945565
CCCN(CCC)C1Cc2cc(OC)c(OC)cc2C1,0.024146147
N[C@@H](CCNCc1ccc(Cl)cc1)C(=O)N1CCCCC1,0.005306715
CC(C)C[C@H](NC(=O)[C@@H](O)[C@H](N)Cc1ccccc1)C(=O)O,0.008486824
N[C@@H](Cn1ccc(=O)n(Cc2ccccc2C(=O)O)c1=O)C(=O)O,0.013211067
Cc1cn(C[C@H](N)C(=O)O)c(=O)n(Cc2ccsc2C(=O)O)c1=O,0.2865235
Oc1c(CN2CCCC2)cc(COCc2ccccc2)c2cccnc12,0.092068195
c1ccc(C(NCc2cccnc2)(c2ccccc2)c2ccccc2)cc1,0.6560014
CCCOc1ccc(S(=O)(=O)NCC[C@@H]2CCCN2C)cc1-c1nc2c(CCC)nn(C)c2c(=O)[nH]1,0.010130627
CCCCNNC(=O)c1ccc(Br)cc1,0.006405196
CCCCOC(=O)c1ccccc1Nc1cccc(C(F)(F)F)c1,0.048169695
CCCN(CCC)[C@@H]1CCc2c(OC)cccc2[C@@H]1C,0.050179724
Cc1cc(CCC[C@H](CC(=O)NO)C(=O)N[C@H](C(=O)N[C@H](C)c2ccccc2)C(C)(C)C)ccc1-c1ccccc1,0.11515365
NC(=O)c1noc([C@H](CCCC2CCCCC2)CC(=O)NO)n1,0.0029599073
N#C/C(=C\c1cn(-c2ccccc2)c2ccccc12)C(=O)O,0.2946067
CCOC(=O)N1CCN(C(=O)[C@H](Cc2cccc(C(=N)N)c2)NS(=O)(=O)c2c(C(C)C)cc(C(C)C)cc2C(C)C)CC1,0.033850297
C[C@H]1Sc2c(C(=O)O)c(=O)c3cc(F)c(N4CCNCC4)cc3n21,0.99355525
CC(=O)O[C@]1(C(C)=O)CC[C@H]2[C@@H]3CCC4=CC(=O)CCC4=C3[C@@H](c3ccc(N(C)C)cc3)C[C@@]21C,0.001016337
OC(c1ccccc1)(c1ccccc1)C12CC[N+](CCOCc3ccccc3)(CC1)CC2,0.005623683
CN(C)CCN1C(=O)c2cccc3cc(NC(N)=O)cc(c23)C1=O,0.0016797475
COc1cc2c(NC3CCN(C)CC3)nc(N3CCCN(C)CC3)nc2cc1OCCCN(C)C,0.0038908417
COc1cc2c(NC3CCN(C)CC3)nc(N3CCCN(C)CC3)nc2cc1OCCOCCN(C)C,0.004009402
COc1cc2c(NC3CCN(CC4CCCCC4)CC3)nc(N3CCCN(C(C)C)CC3)nc2cc1OCCCN1CCCCC1,0.030126857
COc1cc2c(NC3CCN(C(C)C)CC3)nc(C3CCCCC3)nc2cc1OCCCN1CCCC1,0.019621097
COc1cc2c(NC3CCN(C(C)C)CC3)nc(N3CCC(F)(F)CC3)nc2cc1OCCCN1CCCC1,0.008519962
COc1cc2c(NC3CCN(C4CCCCC4)CC3)nc(N3CCCN(C(C)C)CC3)nc2cc1OCCCN1CCCCC1,0.015616556
COc1cc2c(N(C)C3CCN(C(C)C)CC3)nc(C3CCCCC3)nc2cc1OCCCN1CCCC1,0.005530235
O=C(c1ccc(C(=O)N2CCC(N3CCCC3)CC2)c(Nc2ccccc2)c1)N1CCC(N2CCCC2)CC1,0.0042556194
CCCc1cc(C)[nH]c(=O)c1CNC(=O)c1cc(-c2ccc(N3CCN(C(C)C)CC3)nc2)cc2c1cnn2C(C)C,0.13661912
CCCCNc1ncc2c(-c3ccc(CN4CCN(C)CC4)cc3)cn([C@H]3CC[C@H](O)CC3)c2n1,0.08314088
CCCCNc1ncc(-c2ccc(CN3CCOCC3)cn2)c(N[C@H]2CC[C@H](O)CC2)n1,0.078108735
O=C(NCC(=O)N1CCCCC1)Nc1ccc2nnsc2c1,0.0016876478
NC(=O)c1nc(Nc2ccccc2)sc1NC(=O)C1CCCCC1,0.0066845156
O=C(c1cncc(Br)c1)N1CCC(N2CCCC2)CC1,0.004000419
O=C(c1cccc(Br)c1)N1CCC(N2CCCC2)CC1,0.0031225397
C=CCCCCCCCCC(=O)O,0.0046669296
CC[C@@H]1CN(C(=O)NCC(F)(F)F)C[C@@H]1c1cnc2cnc3[nH]ccc3n12,0.09302525
CCOC(=O)N1CCN(C(=O)[C@H](Cc2cccc(C(=N)NO)c2)NS(=O)(=O)c2c(C(C)C)cc(C(C)C)cc2C(C)C)CC1,0.023664264
O=C(COc1cccc2c(=O)[nH]ccc12)c1ccccc1,0.012527661
CC(C)OC(=O)[C@H](C)N[P@](=O)(OC[C@H]1O[C@@H](n2ccc(=O)[nH]c2=O)[C@](C)(Cl)[C@@H]1O)Oc1ccccc1,0.0020671121
Cn1ncc(Cl)c1-c1cc(C(=O)N[C@H](CN)Cc2ccc(F)c(F)c2)oc1Cl,0.97481626
O=c1cc[nH]c(=O)[nH]1,0.015112235
O=c1[nH]cc(N(CCCl)CCCl)c(=O)[nH]1,0.5403531
COc1ccccc1N1CCN(CCCNc2cc(=O)n(C)c(=O)n2C)CC1,0.0025376955
NC(=O)c1cccc(-c2cccc(OC(=O)NC3CCCCC3)c2)c1,0.015762338
NC(N)=O,0.0031153548
CCOC(N)=O,0.0042063324
O=c1[nH]c(=O)c2[nH]c(=O)[nH]c2[nH]1,0.9156349
O=c1ccn([C@@H]2O[C@H](CO)[C@@H](O)[C@H]2O)c(=O)[nH]1,0.023300169
CC(=O)OC[C@H]1O[C@@H](n2ccc(=O)[nH]c2=O)[C@H](OC(C)=O)[C@@H]1OC(C)=O,0.41611612
O=c1ccn([C@@H]2O[C@H](COP(=O)(O)OP(=O)(O)OP(=O)(O)O)[C@@H](O)[C@H]2O)c(=O)[nH]1,3.1612126e-06
CN1CCN(Cc2ccc(-c3cnc4[nH]cc(-c5ccc6[nH]ccc6c5)c4c3)cc2)CC1,0.5526225
O=c1oc2cc(O)ccc2c2ccc(O)cc12,0.030484129
C[C@H](CCC(=O)NCCS(=O)(=O)O)[C@H]1CC[C@H]2[C@@H]3[C@@H](O)C[C@@H]4C[C@H](O)CC[C@]4(C)[C@H]3CC[C@]12C,0.0074841757
C[C@H](CCC(=O)O)[C@H]1CC[C@H]2[C@@H]3[C@@H](O)C[C@@H]4C[C@H](O)CC[C@]4(C)[C@H]3CC[C@]12C,0.024572467
C[C@H]1[C@H](C)CC[C@]2(C(=O)O)CC[C@]3(C)C(=CC[C@@H]4[C@@]5(C)CC[C@H](O)C(C)(C)[C@@H]5CC[C@]43C)[C@H]12,0.019586248
CC(=O)c1c(O)c(C)c(O)c2c1OC1=CC(=O)C(=C(C)O)C(=O)[C@]12C,0.0017206611
COc1cc(CN2CCN(c3ccc(F)cc3)CC2)cc(OC)c1OC,0.012894161
O=C(O)C[C@@H]1CC[C@H](NC(=O)Cc2cccs2)B(O)O1,0.0016470263
O=C(O)CNC(=O)c1ncc(-c2cccc(Cl)c2)cc1O,0.009341714
CC(C)[C@H](N)C(=O)N[C@@H](Cc1ccc(O)cc1)C(=O)O,0.004711949
CC(C)[C@H](N)C(=O)OCCOCn1cnc2c(=O)nc(N)[nH]c21,0.0023557316
COc1cc2c(cc1OC)[C@H]1C[C@@H](OC(=O)[C@@H](N)C(C)C)[C@H](CC(C)C)CN1CC2,0.004070366
Cc1onc(-c2ccccc2)c1-c1ccc(S(N)(=O)=O)cc1,0.003723215
CC[C@@H](C)[C@@H](C(=O)OCC[N+](C)(CC)CC)c1ccccc1,0.011492905
CC(C)[C@H](N)C(=O)OC[C@@H](CO)OCn1cnc2c(=O)nc(N)[nH]c21,0.0017780911
C=C[C@]1(C)C[C@@H](OC(=O)CSC(C)(C)CNC(=O)[C@H](N)C(C)C)[C@]2(C)[C@H](C)CC[C@]3(CCC(=O)[C@H]32)[C@@H](C)[C@@H]1O,0.008414636
CC[C@@H](C)[C@@H](CC)C(N)=O,0.011347229
CCCC(CCC)C(=O)O,0.006511333
CCCC(CCC)C(N)=O,0.008540882
CCCC(CCC)C(=O)NCC(N)=O,0.0051610232
CCCCC(=O)OCC(=O)[C@]1(O)Cc2c(O)c3c(c(O)c2[C@@H](O[C@H]2C[C@H](NC(=O)C(F)(F)F)[C@H](O)[C@H](C)O2)C1)C(=O)c1c(OC)cccc1C3=O,0.99712867
C/C=C/C[C@@H](C)C(=O)[C@H]1C(=O)N[C@@H](C(C)C)C(=O)N(C)CC(=O)N(C)[C@@H](CC(C)C)C(=O)N[C@@H](C(C)C)C(=O)N(C)[C@@H](CC(C)C)C(=O)N[C@@H](C)C(=O)N[C@H](C)C(=O)N(C)[C@@H](CC(C)C)C(=O)N(C)[C@@H](CC(C)C)C(=O)N(C)[C@@H](C(C)C)C(=O)N1C,0.5506535
CN[C@H](CC(C)C)C(=O)N[C@H]1C(=O)N[C@@H](CC(N)=O)C(=O)N[C@H]2C(=O)N[C@H]3C(=O)N[C@H](C(=O)N[C@H](C(=O)O)c4cc(O)cc(O)c4-c4cc3ccc4O)[C@H](O)c3ccc(c(Cl)c3)Oc3cc2cc(c3O[C@@H]2O[C@H](CO)[C@@H](O)[C@H](O)[C@H]2O[C@H]2C[C@](C)(N)[C@H](O)[C@H](C)O2)Oc2ccc(cc2Cl)[C@H]1O,0.9999062
COc1cc2c(Nc3ccc(Br)cc3F)ncnc2cc1OCC1CCN(C)CC1,0.38498205
COc1cc(C=O)ccc1O,0.005938929
COc1cc(CCC(C)=O)ccc1O,0.004436732
CC[C@@H]1C[C@]1(NC(=O)[C@@H]1C[C@@H]2CN1C(=O)[C@H](C(C)(C)C)NC(=O)OCC(C)(C)CCCCc1cccc3c1CN(C3)C(=O)O2)C(=O)NS(=O)(=O)C1CC1,0.021114934
COc1cc(C(=S)N2CCOCC2)ccc1O,0.004010147
Fc1ccc(C(OCCN2CCN(CCCc3ccccc3)CC2)c2ccc(F)cc2)cc1,0.07680236
CCOc1noc2cc(OCCC3CCN(c4ccc(C)nn4)CC3)ccc12,0.0135470955
CCCc1nc(C)c2c(=O)nc(-c3cc(S(=O)(=O)N4CCN(CC)CC4)ccc3OCC)[nH]n12,0.004181571
c1cnc2cc3c(cc2n1)[C@@H]1CNC[C@H]3C1,0.009411344
CCc1c(C(=O)C(N)=O)c2c(OCC(=O)O)cccc2n1Cc1ccccc1,0.068124816
N=C(N)NCCC[C@H](NC(=O)[C@@H]1CCCN1C(=O)[C@@H]1CSSC[C@H](N)C(=O)N[C@@H](Cc2ccc(O)cc2)C(=O)N[C@@H](Cc2ccccc2)C(=O)N[C@@H](CCC(N)=O)C(=O)N[C@@H](CC(N)=O)C(=O)N1)C(=O)NCC(N)=O,0.20498873
Clc1ccc(Nc2nnc(Cc3ccncc3)c3ccccc23)cc1,0.3465477
CS(=O)(=O)NCCN1C(=O)NC[C@]12CCN1CCc3c(oc4ccccc34)[C@@H]1C2,0.00039763327
CC[C@H](NC(=O)[C@H](CS(=O)(=O)CC1CC1)N[C@@H](c1ccc(F)cc1)C(F)(F)F)C(=O)C(=O)NC1CC1,0.1117805
CO[C@H]1CC[C@H](N(c2cc(C3=CCCCC3)sc2C(=O)O)C(=O)[C@H]2CC[C@H](C)CC2)CC1,0.33620438
CS(=O)(=O)c1ccc(-c2cnc(N)c(C(=O)Nc3ccccc3)n2)cc1,0.03365874
CNCc1ccc(-c2cc(-c3nc(-c4ccc(S(=O)(=O)C(C)C)cc4)cnc3N)on2)cc1,0.033190005
NC(=O)[C@H]1CCN(c2ncnc(N)c2F)C[C@@H]1N1CCC[C@@H](Nc2cc(Cl)cc(C(F)(F)F)c2)C1=O,0.11594413
CC(=O)O[C@H]1C[C@@H]2CC[C@@H]3[C@H](CC[C@@]4(C)[C@H]3C[C@H]([N+]3(C)CCCCC3)[C@@H]4OC(C)=O)[C@@]2(C)C[C@@H]1N1CCCCC1,0.014206023
C[C@H](C(=O)O)c1ccc(C2CCCCC2)c2ccccc12,0.0075928587
O=Cc1c(O)cccc1OCCCCC(=O)O,0.0033882887
CCC[C@@H](N(NC(=O)c1cccc(OC)c1CC)C(=O)c1cc(C)cc(C)c1)C(C)(C)C,0.28991133
O=C(O)[C@@H](c1ccc(OCc2ccc3ccccc3n2)cc1)C1CCCC1,0.052912787
C[C@]1(c2nc3cccc(C(N)=O)c3[nH]2)CCCN1,0.0041721812
CC(C)(C)S(=O)(=O)N[C@H]1CC[C@H](C(=O)Nc2ccc(C(F)(F)F)cn2)CC1,0.000738727
COC[C@H]1C[C@@H](c2nc(-c3ccc4c(c3)COc3cc5c(ccc6[nH]c([C@@H]7CC[C@H](C)N7C(=O)[C@@H](NC(=O)OC)C(C)C)nc65)cc3-4)c[nH]2)N(C(=O)[C@H](NC(=O)OC)c2ccccc2)C1,0.4606499
CCCS(=O)(=O)Nc1ccc(F)c(C(=O)c2c[nH]c3ncc(-c4ccc(Cl)cc4)cc23)c1F,0.9853807
CC1(C)CCC(CN2CCN(c3ccc(C(=O)NS(=O)(=O)c4ccc(NCC5CCOCC5)c([N+](=O)[O-])c4)c(Oc4cnc5[nH]ccc5c4)c3)CC2)=C(c2ccc(Cl)cc2)C1,0.95812875
COc1ccc([C@@H](CN(C)C)C2(O)CCCCC2)cc1,0.010530178
N#Cc1ccc(COC[C@H]2O[C@@H](n3c(NCc4ccc(Cl)c(Cl)c4)nc4c(N)ncnc43)[C@H](O)[C@@H]2O)cc1,0.069299914
CCNC(=O)c1[nH]nc(-c2cc(Cl)c(O)cc2O)c1-c1ccc(OC)cc1,0.43552986
C=CCN1CCC[C@H]1CNC(=O)c1cc(S(N)(=O)=O)cc(OC)c1OC,0.00034848216
COc1ccc(CCN(C)CCCC(C#N)(c2ccc(OC)c(OC)c2)C(C)C)cc1OC,0.010217311
C[C@@H]1O[C@@H](O[C@@H]2[C@@H](O)[C@H](OCCc3ccc(O)c(O)c3)O[C@H](CO)[C@H]2OC(=O)/C=C/c2ccc(O)c(O)c2)[C@H](O)[C@H](O)[C@H]1O,0.029132584
CC(C)(C)c1ccc(S(=O)(=O)Nc2ccc(Cl)cc2C(=O)c2cc[n+]([O-])cc2)cc1,0.6555761
O=C(/C=C\n1cnc(-c2cc(C(F)(F)F)cc(C(F)(F)F)c2)n1)NNc1ccccn1,0.17947446
CC(C)OCCn1c(=S)[nH]c(=O)c2[nH]ccc21,0.62739027
COC(=O)Nc1c(N)nc(-c2nn(Cc3ccccc3F)c3ncc(F)cc23)nc1N,0.20835505
CC(C)(Sc1ccncc1-c1ccc(C#N)c2ccccc12)C(=O)O,0.0027092292
COc1ccc(CCO[C@@H]2CCCC[C@H]2N2CC[C@@H](O)C2)cc1OC,0.006576659
C=CC1=C(C)c2cc3[nH]c(cc4[nH]c(cc5nc(cc1n2)C(C)=C5CCC(=O)O)c(CCC(=O)OC)c4C)[C@@]1(C)C3=CC=C(C(=O)OC)[C@H]1C(=O)OC,0.007987466
CN1C(N)=N[C@](C)(c2cc(NC(=O)c3ccc(F)cn3)ccc2F)CS1(=O)=O,0.007863813
COc1ccc(N(C)c2nc(C)nc3ccccc23)cc1,0.082710624
CC[C@H](Nc1cc(C)nc2c(-c3ccc(OC)cc3C)c(C)nn12)c1nc(C)no1,0.10419866
O[C@@H]1CCCC[C@H]1N1CCC(c2ccccc2)CC1,0.005702605
COc1ccc(C(=O)N2CCN(c3ccc4c(c3)CCC(=O)N4)CC2)cc1OC,0.0015712117
O=C(O)C[C@H]1CC(c2ccccc2)=NO1,0.0050371788
COC[C@@H](c1ccc(C(F)(F)F)cc1)N1CCN(C2(C)CCN(C(=O)c3c(C)ncnc3C)CC2)C[C@@H]1C,0.008353487
Nc1ncnc2c1ncn2[C@@H]1O[C@H](CO)[C@@H](O)[C@@H]1O,0.0021538138
C=C[C@@H](N)CCC(=O)O,0.0019904247
OCc1cc([C@@H](O)CNCCCCCCOCCOCc2c(Cl)cccc2Cl)ccc1O,0.45141146
N#Cc1ccc2[nH]cc(CCCCN3CCN(c4ccc5oc(C(N)=O)cc5c4)CC3)c2c1,0.009925303
N#C[C@@H]1CCCN1C(=O)CN[C@@]12C[C@@H]3C[C@@H](C[C@@](O)(C3)C1)C2,0.0011025029
CCOc1ccccc1OC[C@H]1CNCCO1,0.009980541
CC[C@]1(O)C[C@@H]2C[N@@](CCc3c([nH]c4ccccc34)[C@@](C(=O)OC)(c3cc4c(cc3OC)N(C)[C@H]3[C@@](O)(C(=O)OC)[C@H](OC(C)=O)[C@]5(CC)C=CCN6CC[C@]43[C@@H]65)C2)C1,0.000119850425
CC[C@]12CCCN3CCc4c(n(c5ccccc45)C(=O)C1)[C@@H]32,0.0018677029
CC[C@]12CCCN3CCc4c(n(c5ccccc45)[C@@](O)(C(=O)OC)C1)[C@@H]32,0.00061644404
CC[C@]1(O)C[C@@H]2C[N@@](CCc3c([nH]c4ccccc34)[C@@](C(=O)OC)(c3cc4c(cc3OC)N(C=O)[C@H]3[C@@](O)(C(=O)OC)[C@H](OC(C)=O)[C@]5(CC)C=CCN6CC[C@]43[C@@H]65)C2)C1,0.00018169092
CC[C@]1(O)C[C@H]2CN(CCc3c([nH]c4ccccc34)[C@@](C(=O)OC)(c3cc4c(cc3OC)N(C)[C@H]3[C@@](O)(C(N)=O)[C@H](O)[C@]5(CC)C=CCN6CC[C@]43[C@@H]65)C2)C1,0.000110271016
CC[C@]12C=CCN3CC[C@@]4(c5cc([C@@]6(C(=O)OC)C[C@@H]7C[C@@H](C(C)(F)F)C[N@](CCc8c6[nH]c6ccccc86)C7)c(OC)cc5N(C)[C@H]4[C@@](O)(C(=O)OC)[C@@H]1OC(C)=O)[C@@H]32,9.871339e-05
CCC1=C[C@@H]2C[N@](C1)Cc1c([nH]c3ccccc13)[C@@](C(=O)OC)(c1cc3c(cc1OC)N(C)[C@H]1[C@@](O)(C(=O)OC)[C@H](OC(C)=O)[C@]4(CC)C=CCN5CC[C@]31[C@@H]54)C2,0.00024410058
CCOC(=O)C1=C[C@]2(CC)CCCN3CCc4c(n1c1ccccc41)[C@@H]32,0.005774084
NCCC[C@H](N)CC(=O)N[C@H]1CNC(=O)[C@H]([C@H]2C[C@H](O)N=C(N)N2)NC(=O)C(C=NC(N)=O)NC(=O)[C@H](CO)NC(=O)[C@H](CO)NC1=O,0.12080327
Cc1cc(Cn2nnc3c(-c4ccco4)nc(N)nc32)ccc1N,0.053066183
CS(=O)(=O)c1ccc(C(=O)Nc2ccc(Cl)c(-c3ccccn3)c2)c(Cl)c1,0.07886706
CC1=C(C)C(=O)C(CCCCCCCCCC[P+](c2ccccc2)(c2ccccc2)c2ccccc2)=CC1=O,0.07258689
C/C1=C2/N=C(/C=C3\N=C(/C(C)=C4/[C@@H](CCC(N)=O)[C@](C)(CC(N)=O)[C@](C)([C@@H]5N=C1[C@](C)(CCC(=O)NC[C@@H](C)OP(=O)(O)O[C@H]1[C@@H](O)[C@@H](n6cnc7cc(C)c(C)cc76)O[C@@H]1CO)[C@H]5CC(N)=O)[N]4[Co+][C]#N)[C@@](C)(CC(N)=O)[C@@H]3CCC(N)=O)C(C)(C)[C@@H]2CCC(N)=O,4.7264155e-07
Cc1c(C)c2c(c(C)c1O)CC[C@@](C)(CCC[C@H](C)CCC[C@H](C)CCCC(C)C)O2,0.9752284
NC(=O)[C@@H]1CC[C@H](c2ccc(OCc3ccccc3F)cc2)N1,0.0822233
C=CC(=O)N1CC/C(=C\c2ccc(F)c([N+](=O)[O-])c2)C(=O)/C(=C/c2ccc(F)c([N+](=O)[O-])c2)C1,0.9971943
CC(=NNc1nnc2c(n1)[nH]c1c(C)cccc12)c1ccccn1,0.014355695
Cc1ncsc1-c1ccc(CNC(=O)[C@@H]2C[C@@H](O)CN2C(=O)[C@H](C(C)C)N2Cc3ccccc3C2=O)cc1,0.058719773
C=C/C=C/C[C@@H](C)[C@@H](O)[C@H]1C(=O)N[C@@H](CC)C(=O)N(C)CC(=O)N(C)[C@@H](CC(C)C)C(=O)N[C@@H](C(C)C)C(=O)N(C)[C@@H](CC(C)C)C(=O)N[C@@H](C)C(=O)N[C@H](C)C(=O)N(C)[C@@H](CC(C)C)C(=O)N(C)[C@@H](CC(C)C)C(=O)N(C)[C@@H](C(C)C)C(=O)N1C,0.80085206
OCC(CO)N[C@H]1C[C@](O)(CO)[C@@H](O)[C@H](O)[C@H]1O,0.0007698412
CC[C@@H]1C(=O)N(C)c2cnc(Nc3ccc(C(=O)N[C@H]4CC[C@H](N5CCN(CC6CC6)CC5)CC4)cc3OC)nc2N1C(C)C,0.0052732835
COc1cccc([C@H](O)C2CCN(CCc3ccc(F)cc3)CC2)c1OC,0.008268125
CNCc1cc(-c2ccccc2F)n(S(=O)(=O)c2cccnc2)c1,0.013499425
CCOC(=O)N[C@@H]1CC[C@@H]2[C@@H](C1)C[C@H]1C(=O)O[C@H](C)[C@H]1[C@H]2/C=C/c1ccc(-c2cccc(F)c2)cn1,0.24990597
C[C@@H](Nc1nc(N[C@H](C)C(F)(F)F)nc(-c2cccc(Cl)n2)n1)C(F)(F)F,0.40684032
CN[C@H]1CN(c2ccc3c(=O)c(C(=O)O)cn(-c4nccs4)c3n2)C[C@@H]1OC,0.29783165
C[C@@H](c1ncncc1F)[C@](O)(Cn1cncn1)c1ccc(F)cc1F,0.011065647
O=C(CCCCCCC(=O)Nc1ccccc1)NO,0.0024706584
Cc1ccc(Sc2ccccc2N2CCNCC2)c(C)c1,0.45989
CN1CC[C@@H](c2c(O)cc(O)c3c(=O)cc(-c4ccc(C(F)(F)F)cc4Cl)oc23)[C@@H]1CO,0.64342564
CC(C)n1nccc1-c1ncccc1COc1cccc(O)c1C=O,0.058677267
CCn1c(=O)c(-c2cc[nH]n2)cc2c(C)nc(N)nc21,0.044785235
O=C(O)CCc1c[nH]c2ccccc12,0.0039564352
CNC(=O)c1ccccc1Nc1cc(Nc2ccc(N3CCOCC3)cc2OC)ncc1C(F)(F)F,0.33147556
CC(C)[C@](O)(c1ccc2cc(OC(F)F)c(OC(F)F)cc2c1)c1cn[nH]n1,0.009066863
CN[C@H](CNC(=O)N1CCC[C@@H]([C@@H](OCCNC(=O)OC)c2cccc(Cl)c2)C1)C[C@H]1CCCOC1,0.019949073
CN1CCN(c2nc3ccccc3nc2Cl)CC1,0.014450249
CN1CCN(c2cc(-c3ccccc3)nc(N)n2)CC1,0.013661693
COc1cc(C(=O)N(CC[C@H]2CCCN2C)C/C(C)=C/c2ccccc2F)cc(OC)c1OC,0.054313567
C[C@@H](CN1CCC(n2c(=O)[nH]c3cc(Cl)ccc32)CC1)NC(=O)c1ccc2ccccc2c1,0.635347
COc1ccc(CN2C(=O)C(=O)c3cc(OC(F)(F)F)ccc32)cc1,0.040634796
Cc1csc(NC(=O)CSc2ccc(-c3ccccc3)nn2)n1,0.04442214
CCCCOc1ccc(C(=O)Nc2ccc(F)cc2F)cc1,0.6746731
O=C(NC1CCC1)c1ccc(C#Cc2cccc(F)c2)nc1,0.0046917675
COc1cc(NC(=O)c2ccccn2)ccc1Cl,0.023832466
O=C(Nc1ccc(S(=O)(=O)Nc2ccccc2Cl)c(Cl)c1)c1ccccn1,0.11501431
O=C(NCCN1CCC2(CC1)C(=O)NCN2c1cccc(F)c1)c1ccc2ccccc2c1,0.001317626
O=C(Nc1cccc(Cl)c1)c1ccccn1,0.03790443
O=C(Nc1ccc(Oc2ccc(Cl)cn2)c(Cl)c1)c1ccccn1,0.42215118
Cc1cc(C)c2c(N)c(C(=O)NCc3ccc(Cl)cc3)sc2n1,0.08252392
COc1ccc(CNC(=O)c2sc3nc(C)cc(C)c3c2N)cc1,0.10305184
O=C(Nc1cc(-c2ccccc2)nn1-c1ccccc1F)c1ccc([N+](=O)[O-])cc1,0.06901841
O=C(Nc1cc(-c2ccccc2)nn1-c1ccccc1)c1ccc([N+](=O)[O-])cc1,0.02476765
O=[N+]([O-])c1ccc2nc(COCc3nc4ccc([N+](=O)[O-])cc4[nH]3)[nH]c2c1,0.64002615
Cc1cnc(Nc2ccc(F)cc2Cl)nc1-c1c[nH]c(C(=O)N[C@H](CO)c2cccc(Cl)c2)c1,0.7852642
CC(C)(C)C#Cc1cc(N(C(=O)[C@H]2CC[C@H](C)CC2)[C@H]2CC[C@@H](O)CC2)c(C(=O)O)s1,0.34824726
NC(=O)c1ccc(N(C(N)=O)c2c(F)cccc2F)nc1-c1ccc(F)cc1F,0.9759084
O=c1ncn2nc(Sc3ccc(F)cc3F)ccc2c1-c1c(Cl)cccc1Cl,0.9950754
CCO[C@@H]1OC(=O)C[C@@H]1NC(=O)[C@@H]1CCCN1C(=O)[C@@H](NC(=O)c1ccc(N)c(Cl)c1)C(C)(C)C,0.0024158591
COc1ccc2c(c1)[C@H](C(=O)N(Cc1ccc(N(C)C)cc1)c1ccc(C(C)C)cc1)CCC2,0.6452883
Cn1nc(-c2ccc(C(F)(F)F)cc2)nc2c(=O)n(C)c(=O)nc1-2,0.0024782622
CC(=O)C[C@@H](c1ccccc1)c1c(O)c2ccccc2oc1=O,0.03170811
COc1ccccc1N1CCN(CCN(C(=O)C2CCCCC2)c2ccccn2)CC1,0.005060963
O=C1Nc2cc(Cl)c(Cl)cc2N2CCNC[C@H]12,0.1767734
Cc1cc(C)c(N(Cc2ccccc2)S(=O)(=O)c2ccc(OCCNC(=O)c3cc4ccccc4o3)cc2)c(C(=O)NO)c1,0.045700483
Oc1ccc(-c2nc3cc(O)cc(Br)c3o2)cc1,0.016283892
CC(C)(C)c1ccc(-c2nc3c(N4CCN(Cc5ccc6nccnc6c5)CC4)cccc3[nH]2)cc1,0.75329244
CN(C)CCn1cc(S(=O)(=O)c2cccc(F)c2)c2cccnc21,0.008308846
N[C@@H](CC(=O)Nc1ccc(Oc2cc(F)c(F)cc2Br)cc1)C(=O)O,0.92801833
Cn1c(C#N)ccc1-c1cc(F)c2c(c1)C(C)(C)C(=O)N2,0.001551553
O=S(=O)(NC1CCNCC1)c1cc(S(=O)(=O)c2ccccc2)ccc1C(F)(F)F,0.0012065478
CC(C)OC(=O)C1=CN(C(=O)c2ccc(F)c(F)c2)CC(C)(C)c2c1[nH]c1ccccc21,0.95027214
c1cncc(CN2CCC(n3ncc4c(N5CCOCC5)nc(-c5ccc6[nH]ccc6c5)nc43)CC2)c1,0.03673606
c1cc2c3c(c1)c1c(n3CCNC2)CCCC1,0.0055262293
COc1cccc(OC)c1OCCNC[C@H]1COc2ccccc2O1,0.0046215267
COC(=O)c1ccc(N2CCN(C)CC2)c(NC(=O)c2cccc(OC)c2)c1,0.003175981
Cc1ccc(-c2nn(C(C)(C)CNC(=O)c3ncccc3C)c3ncnc(N)c23)cc1,0.038499
COc1ccc(N(C(=O)Oc2c(C)cccc2C)c2ccnc(Nc3ccc(N4CCN(C)CC4)cc3)n2)c(OC)c1,0.5444707
COc1cc2ncnc(Nc3ccc(O)c(Br)c3)c2cc1OC,0.053661544
COc1ccc(-n2c(SCCCN3C(=O)c4cccc5cccc(c45)C3=O)nnc2-c2ccncc2)cc1,0.117632106
O=C(NCCCCCCCCNC(=O)C(Cl)Cl)C(Cl)Cl,0.6442337
CCCC[P+](CCCC)(CCCC)Cc1ccc(NC(=O)[C@H](Cc2ccc3ccccc3c2)N/C(=N/C2CCCCC2)NC2CCCCC2)cc1,0.94760513
CN(C)C[C@@H](O)Cn1c2ccc(Br)cc2c2cc(Br)ccc21,0.09211253
Cc1cc(-c2ccc(CC(=O)Nc3ccc(-c4cccnc4)cc3)cc2)ccn1,0.6927601
COC[C@H]1OC(=O)c2coc3c2[C@@]1(C)C1=C(C3=O)[C@@H]2CCC(=O)[C@@]2(C)C[C@H]1OC(C)=O,0.0009342012
C[C@H](NC(=O)/C(C#N)=C/c1cccc(Br)n1)c1ccccc1,0.03598214
CCC[C@H](NC(=O)/C(C#N)=C/c1cccc(Br)n1)c1ccccc1,0.055773262
O=C(O)Cn1nnnc1-c1ccsc1,0.0011914707
CC1(C)N=C(N)N=C(N)N1OCCCOc1cc(Cl)c(Cl)cc1Cl,0.8834023
CCOC(=O)c1ccc(-c2ccc(OC(=O)N(C)Cc3cccc(-c4ccncc4)c3)cc2)cc1,0.41804582
CN(Cc1cccc(-c2ccccc2)c1)C(=O)Oc1ccc(-c2ccc(C(N)=O)cc2)cc1,0.33989835
CCOC(=O)C(=O)Nc1cccc(OC)c1C(N)=O,0.0057517076
CNC(=O)Nc1ccc(-c2nc(N3C[C@H]4CC[C@@H](C3)O4)c3cnn(C4CCC5(CC4)OCCO5)c3n2)cc1,0.0020081736
COC(=O)Nc1ccc(-c2nc(N3CCOCC3)c3cnn(C4CCN(C(=O)OC)CC4)c3n2)cc1,0.0014790602
COC(=O)Nc1ccc(-c2nc(N3CCOCC3)c3cnn(C4CCN(Cc5cccnc5)CC4)c3n2)cc1,0.0074216602
C=CC(=O)Nc1cccc(Oc2nc(Nc3ccc(N4CCN(C)CC4)cc3)ncc2Cl)c1,0.06001843
C=CC(=O)Nc1cccc(Oc2nc(Nc3ccc(N4CCN(C)CC4)cc3OC)ncc2Cl)c1,0.04347863
CCC(=O)Nc1cccc(Oc2nc(Nc3ccc(N4CCN(C)CC4)cc3OC)ncc2Cl)c1,0.036629967
C=CC(=O)Nc1cccc(Sc2nc(Nc3ccc(N4CCN(C)CC4)cc3)ncc2Cl)c1,0.854341
c1ccc(NCc2ccc(CNc3ccccn3)cc2)nc1,0.13593775
FC(F)(F)c1cccc(C2=CCN(CCc3ccc4ccccc4c3)CC2)c1,0.12927337
O=C(NCCNCC(O)COc1ccc(O)cc1)N1CCOCC1,0.0030656343
CCCCCCOc1nsnc1C1=CCCN(C)C1,0.0030480232
O=c1c2ccccc2oc2ccccc12,0.044718977
O=c1nc(-c2ccc(C(F)(F)F)cc2)[nH]c2c1CSCC2,0.0743686
CCN(Cc1ccccc1)C(=O)Cn1c(=O)n(C)c2cnc(-c3ccccc3)nc21,0.023670387
CCc1c(C(=O)Nc2cc(S(=O)(=O)N(CC)CC)ccc2O)[nH]c(C)c1C(C)=O,0.011854159
O=C1c2ccccc2C(Cc2ccncc2)(Cc2ccncc2)c2ccccc21,0.39408925
O=C(O)c1ccccc1-c1ccc(C(F)(F)F)cc1,0.007929853
Cc1cccc(OC[C@@H](O)CNC(C)(C)C)c1C,0.0136744715
Cc1cccc(C)c1NC(=O)/N=C1/CCCN1C,0.0058205114
Cc1cccc(C)c1NC(=O)c1cc(S(N)(=O)=O)c(Cl)cc1O,0.004934608
O=C(Nc1ccc(-c2ccnc(Nc3ccc(N4CCOCC4)cc3)n2)cc1)[C@@H]1CCCN1,0.123035274
CC(C)(O)c1cn(-c2ccc(-c3cc(F)c(CO)c(S(C)(=O)=O)c3)cc2F)c(C(C)(C)c2c(Cl)cccc2Cl)n1,0.72021466
Cc1ccc(S(=O)(=O)Nc2nc3ccccc3nc2Nc2ccc3nsnc3c2)cc1,0.008513191
CC(C)c1cc(CNc2nc(Nc3cc(C4CC4)n[nH]3)cc(N3CCN(C)CC3)n2)on1,0.010570314
Cc1c(C(=O)N2CCOc3ccc(-c4ccc(N)nc4)cc3C2)ccc(S(C)(=O)=O)c1F,0.18731304
COc1cc2c(Nc3ccc(Cl)c(Cl)c3F)ncnc2cc1OC[C@@H]1C[C@@H]2CN(C)C[C@@H]2C1,0.98156506
CC[C@@H](C)Nc1cc(C(=O)N[C@H]2C[C@H]3CC[C@@H](C2)N3c2ccc(C(=O)C3CC3)cn2)c(C)cc1C(N)=O,0.009483244
CCOc1cc(C(=O)N2CCC(N3CCN(C)CC3)CC2)ccc1Nc1ncc2c(n1)N(C1CCCC1)c1ccccc1C(=O)N2C,0.0035299337
CCOc1cc(N2CCC(O)CC2)ccc1Nc1ncc2c(n1)N(C)c1ccccc1C(=O)N2C,0.009568934
Cc1cccc(C)c1NC1=NCCCS1,0.0149418
Cc1cc(C(C)(C)C)cc(C)c1CC1=NCCN1,0.06449175
O=C[C@H](O)[C@@H](O)[C@H](O)CO,0.0011327405
OCC[N+]12CN3CN(CN(C3)C1)C2,0.0008501917
CC(C)N1CCN(c2ccc(C(=O)c3c(-c4ccc(O)cc4)sc4cc(O)ccc34)cc2)CC1,0.22943902
CC(=O)N(O)[C@@H]1c2cc(C#N)ccc2OC(C)(C)[C@H]1O,0.004308305
CC(=O)N(OCc1ccccc1)[C@@H]1c2cc(C#N)ccc2OC(C)(C)[C@H]1O,0.010744509
C[C@@H](N)[C@H]1CC[C@H](C(=O)Nc2ccncc2)CC1,0.009449251
CC(C)c1ccc(C(=O)c2cccs2)c(SCCCCCCCCN(C)C)n1,0.2288402
Cc1c(C(=O)Nc2ccc(N3CCC(N4CCOCC4)CC3)c(C#N)c2)cnn1-c1ccc(Cl)cc1,0.008762054
C[C@@H](N)c1ccc(C(=O)Nc2ccnc3[nH]ccc23)cc1,0.03947197
OCc1ccc(-c2nn(Cc3ccccc3)c3ccccc23)o1,0.04811213
Cc1nc2ccc(Oc3ccc(F)cc3)cc2c(=O)n1C[C@H]1CCCN(C(C)C)C1,0.45329845
COc1ccc(C(=O)C[C@@]2(O)C(=O)Nc3c(Cl)ccc(Cl)c32)cc1,0.025553819
O=c1ccccn1CC1(O)CCN(Cc2ccccc2)CC1,0.010409802
Cc1cccc(NC(=O)N[C@@H]2N=C(c3ccccc3)c3ccccc3N(CC(=O)c3ccccc3C)C2=O)c1,0.29286197
COCCn1c2c([n+](Cc3cnccn3)c1C)C(=O)c1ccccc1C2=O,0.7999425
Nc1ccc(C(=O)Nc2cccc(-c3nc(N4CCOCC4)c4oc5ncccc5c4n3)c2)cn1,0.014055074
Nc1cccc(CNC(=O)c2ccc(Oc3ccc(OCc4cccc(F)c4)cc3)nc2)c1,0.38060808
Cc1c(C(=O)N(C)C2CCCCC2)sc2nc3ccc(N)cc3n12,0.014931879
Cc1c(C(=O)NC2CCCCC2)sc2nc3ccc(N)cc3n12,0.030033426
N#Cc1ccc(N(Cc2ccc(Br)cc2)n2cnnc2)cc1,0.013473744
Cc1nnsc1C(=O)Nc1ccc(-n2nc(C(F)(F)F)cc2C(F)(F)F)cc1,0.9159388
Cc1cc(C)c(NC(=O)N(Cc2ccc3c(c2)Cc2ccccc2-3)C2CCCCCC2)c(C)c1,0.8117446
COc1cc2c(cc1OC)-c1cc3nc4ccccc4nc3n1C(C)(C)C2,0.053065237
CCc1ccc2c(-c3cccc(Cl)c3)nc(=O)n(CC)c2n1,0.04053442
C[C@H](NC(=O)Cc1cc(F)cc(F)c1)C(=O)N[C@@H]1C(=O)N(C)c2ccccc2-c2ccccc21,0.16729067
Clc1cccc(Cl)c1CSc1nnc(-c2cnccn2)s1,0.81568354
COC(=O)[C@@H]1[C@H]2C[C@H]3c4[nH]c5ccccc5c4CCN3C[C@@H]2CC[C@@H]1O,0.002152358
COc1ccc(CCN(C)CCc2ccc(OC)c(OC)c2)cc1OC,0.02591629
CCOC(=O)C1=C(C)NC(C)=C(C(=O)OCCN2CCCCC2)[C@@H]1c1cccc([N+](=O)[O-])c1,0.04222453
CCOC(=O)c1cc2ccc(O)cc2oc1=O,0.023974998
Cc1cccc(COc2cccc(/C=C3\C(=O)NN(c4ccccc4)C3=O)c2)c1,0.3163292
COc1cc(C(=O)NS(=O)(=O)c2ccccc2C)ccc1Cc1cn(C)c2ccc(NC(=O)OC3CCCC3)cc12,0.63346595
Nc1ccn([C@H]2CC[C@@H](CO)O2)c(=O)n1,0.004463544
C[C@@]1(CN2CCC(n3c(=O)[nH]c4ccccc43)CC2)OCc2ccccc2-n2cccc21,0.30042142
Cc1nc(-c2csc(NC(=N)N)n2)c[nH]1,0.027878895
C[C@@H](C(=O)O)c1ccc2c(c1)CC(=O)c1ccccc1S2,0.1788883
CCC(=O)NO,0.0029800877
c1ccc(C(O[C@@H]2CCCN(CCc3ccc4c(c3)OCO4)C2)c2ccccc2)cc1,0.027893638
CC(=O)N[C@H]1[C@H]([C@H](O)[C@H](O)CO)OC(C(=O)O)=C[C@@H]1NC(=N)N,0.02422045
C=CC(=O)N1CCC([C@@H]2CCNc3c(C(N)=O)c(-c4ccc(Oc5ccccc5)cc4)nn32)CC1,0.031110123
N=C(N)S/C=C\C(=O)O,0.025763731
CCCOc1ccccc1-c1nc(=O)c2n[nH]nc2[nH]1,0.00566951
COc1cc(-c2ccc(=O)[nH]n2)ccc1OC(F)F,0.0057654018
COc1ccc(CCN(C)CCCN2CCc3cc(OC)c(OC)cc3CC2=O)cc1OC,0.010795199
Cc1cc(C)nc(NS(=O)(=O)c2ccc(NC(=S)NC(=O)COc3ccc(Br)cc3Cl)cc2)n1,0.28700307
N#Cc1cccc([C@@H]2C=C(C(F)(F)F)NC3=C2C(=O)CCC3)c1,0.0018569935
O=C(O)Cc1ccc(OCCNC[C@H](O)c2ccccc2)cc1,0.0035767218
COCCNC(=O)COc1ccc(OCCNC[C@H](O)COc2ccccc2)cc1,0.0043477453
CCc1cc2c(c(CC)n1)CCC(=O)N2Cc1ccc(-c2ccccc2-c2nn[nH]n2)cc1,0.016332312
CCN(c1ccccc1)c1cc(=NC)n(C)c(C)n1,0.06855689
C/C(=C\CNc1ncnc2nc[nH]c12)CO,0.0031514198
O=c1ncccn1[C@@H]1O[C@H](CO)[C@@H](O)[C@H]1O,0.0032418345
COc1nc(C)cnc1NS(=O)(=O)c1cccnc1-c1ccc(-c2nnco2)cc1,0.000791825
Cc1cn([C@H]2C[C@H](N=[N+]=[N-])[C@@H](CO)O2)c(=O)[nH]c1=O,0.9460441
C[C@H](c1cc2ccccc2s1)N(O)C(N)=O,0.008338005
CC(C)N[C@H]1CCn2c(=O)[nH]c3cccc(c32)[C@@H]1O,0.056855593
CN(C)C/C=C(/c1ccc(Br)cc1)c1cccnc1,0.13675654
C=CCCCCCCCCC(=O)[O][Zn][O]C(=O)CCCCCCCCC=C,0.023889735
Cc1cc(N2CCCCC2)nn2cnnc12,0.0030317844
O=C1Cc2cc(CCN3CCN(c4nsc5ccccc45)CC3)c(Cl)cc2N1,0.010659987
CCc1nc2c(C)cc(N3CCN(CC(=O)N4CC(O)C4)CC3)cn2c1N(C)c1nc(-c2ccc(F)cc2)c(C#N)s1,0.019685766
CCCCCS(=O)(=O)CCCCCCCCCCn1c(-c2ccc(O)cc2)c(C)c2cc(O)ccc21,0.68443805
O=c1[nH]c2cc(C(F)(F)F)c(N3CCOCC3)cc2n(CP(=O)(O)O)c1=O,0.065890014
C[C@@H]1CN(Cc2ccc(F)cc2)CCN1C(=O)COc1ccc(Cl)cc1NC(N)=O,0.034523245
CCOC(=O)c1ncc2[nH]c3ccc(OCc4ccccc4)cc3c2c1COC,0.11518397
CCOC(=O)c1ncc2[nH]c3cccc(OC(C)C)c3c2c1C,0.0452721
CC(C)(C)c1ccc(-c2nc3ccccc3[nH]2)cc1,0.18529102
Cc1ccc(OCCSc2ncccn2)c(Br)c1,0.013603466
C[C@@](O)(C(=O)Nc1ccc(S(=O)(=O)c2ccccc2)cc1)C(F)(F)F,0.004895233
Nc1nc(NCCc2ccc(O)cc2)nc2nc(-c3ccco3)nn12,0.0044902596
COc1cc2ncnc(Nc3ccc(Cl)cc3F)c2cc1OC,0.41619247
Cc1cc(F)c(Nc2ncnc3cc(OCc4ccccc4)ccc23)cc1O,0.40969363
Cc1ccc(NC(=O)c2cccc(N(C)C)c2)cc1NC(=O)c1ccc(O)cc1,0.026626166
CC(C)N(CCC(=O)c1ccc2ccccc2c1)Cc1ccccc1,0.02527561
COc1cc2c(Nc3ccc(NC(=O)c4ccccc4)cc3)ncnc2cc1OCCCN1CCOCC1,0.046674713
C[C@H](CSC(=O)c1ccccc1)C(=O)N1C[C@@H](Sc2ccccc2)C[C@H]1C(=O)O,0.054139007
c1cc(CN2CCCCC2)cc(OCCCNc2nc3ccccc3s2)c1,0.028791523
O=P(O)(O)C(O)(Cn1ccnc1)P(=O)(O)O,2.1311776e-05
C[C@@H]1CN2c3c(cc4c(N5C(=O)OC[C@@H]5C)noc4c3F)CC3(C(=O)NC(=O)NC3=O)[C@H]2[C@H](C)O1,0.42140222
CS(=O)(=O)c1ccc(-c2cn3ccccc3n2)cc1,0.008588615
CN(C)CCc1c[nH]c2ccc(C[C@H]3COC(=O)N3)cc12,0.007925398
Cc1cc(CC(=O)O)n(C)c1C(=O)c1ccc(Cl)cc1,0.014617434
Cc1nn(C)c2c1C(c1cccc(Cl)c1)=NCCN2,0.022424955
NC(N)=NC(=O)c1cnn(-c2cccc3ncccc23)c1C1CC1,0.007255345
NS(=O)(=O)Cc1noc2ccccc12,0.0019392945
O=C(O)Cc1nn(Cc2nc3cc(C(F)(F)F)ccc3s2)c(=O)c2ccccc12,0.22415775
O[C@@H](COc1cccc2ncccc12)CN1CCN([C@@H]2c3ccccc3[C@@H]3[C@H](c4ccccc42)C3(F)F)CC1,0.06625747
CO[C@H]1C[C@@H]2CC[C@@H](C)[C@@](O)(O2)C(=O)C(=O)N2CCCC[C@H]2C(=O)O[C@H]([C@H](C)C[C@@H]2CC[C@H](n3cnnn3)[C@H](OC)C2)CC(=O)[C@H](C)/C=C(\C)[C@@H](O)[C@@H](OC)C(=O)[C@H](C)C[C@H](C)/C=C/C=C/C=C/1C,0.004937397
CN(C)CCOC1=Cc2ccccc2Sc2ccc(Cl)cc21,0.92677015
Nc1nc2cc(Cl)ccc2o1,0.015875736
O=C1N=C2C=CC=CN2C12Cc1ccccc1C2,0.0013575784
FC(F)c1nc2ccccc2n1-c1nc(N2CCOCC2)nc(N2CCOCC2)n1,0.03221858
OCCN1CCN(CC/C=C2/c3ccccc3Sc3ccc(Cl)cc32)CC1,0.85246336
C[C@@]1(O)CC[C@H]2[C@H](CC[C@@H]3[C@@H]2CC[C@]2(C)[C@@H](C(=O)Cn4cc(C#N)cn4)CC[C@@H]32)C1,0.03496016
O=C(CC(c1ccccc1)c1ccccc1)N1CCN(C(c2ccccc2)c2ccccc2)CC1,0.24218673
CCNCCCNCCCCNCCCNCC,0.014842228
BrC1C(Br)C(Br)C(Br)C(Br)C1Br,0.97740424
CCCn1c(=O)c2[nH]c(-c3ccccc3)nc2n(CCC)c1=O,0.040589157
OCCCCO,0.0043975087
O=C(/C=C/c1ccc(O)c(O)c1)O[C@@H]1C[C@](OC(=O)/C=C/c2ccc(O)c(O)c2)(C(=O)O)C[C@@H](O)[C@H]1O,0.002589538
Cl/C=C\C[N+]12CN3CN(CN(C3)C1)C2,0.0016689237
c1ccc(C[C@H](c2ccccc2)N2CCCCC2)cc1,0.03385465
Cc1ccc(Cl)c(OC[C@H](O)CNC(C)C)c1,0.011177113
CC(=O)N1CCN(C)CC1,0.0027850617
O=C1Cc2c([nH]c3ccc(Br)cc23)-c2ncccc2N1,0.013295715
OC[C@H]1NC[C@@H](O)[C@@H](O)[C@@H]1O,0.0022631623
CCn1c(=O)[nH]c2ccccc21,0.0108276475
CCN1CCCC1=O,0.003480866
CCCCCCCCCCCCCCCC=O,0.16829772
CCCCCCCCCCCCCCCCO,0.32313994
CC(C)(C)n1nc(-c2cccc3ccccc23)c2c(N)ncnc21,0.008332941
CCCCCCCCCCCCCCCCCCCCCCCCCCCCO,0.92774224
CCCCCCCCO,0.01452376
N=C(N=C(N)N)Nc1ccccc1,0.015284284
CCCCCCCCCCC[C@@H](N=O)c1cc(C)ccc1O,0.26764822
C[C@@H](N)[C@@H](O)c1ccccc1,0.008068912
CC(=O)O[C@@]12CO[C@@H]1C[C@H](O)[C@@]1(C)C(=O)[C@H](O)C3=C(C)[C@@H](O)C[C@@](O)([C@@H](OC(=O)c4ccccc4)[C@H]21)C3(C)C,5.0672064e-05
CCN(CC)CCCCN1c2ccccc2Oc2ccc(Cl)cc21,0.15449177
CC[C@@]1(O)C(=O)OCc2c1cc1n(c2=O)Cc2cc3cc(O)ccc3nc2-1,0.0045061866
CCc1ccc(/C=C2/SC(=S)NC2=O)cc1,0.9639036
CCCCCCCCCCCCCC(=O)O[C@@H]1[C@@H](C)[C@@]2(O)[C@@H](C=C(CO)C[C@]3(O)C(=O)C(C)=C[C@@H]23)[C@@H]2C(C)(C)[C@]12OC(C)=O,0.0064855004
CC(=N)NCc1cccc(CN)c1,0.03103929
CCCCC(C)(C)[C@H](O)/C=C/[C@H]1[C@H](O)CC(=O)[C@@H]1C/C=C\CCCC(=O)O,0.001752662
CCCCCC(=O)O[C@]1(C(C)=O)CC[C@H]2[C@@H]3CCC4=CC(=O)CC[C@]4(C)[C@H]3CC[C@@]21C,0.00092236785
C[C@]12CC[C@@H](O)C[C@@H]1CC[C@@H]1[C@@H]2CC[C@]2(C)C(c3ccccc3)=CC[C@@H]12,0.17609255
C[C@@]1(O)[C@H](O)[C@@H](CO)O[C@H]1n1cnc2c(=O)nc(N)[nH]c21,0.0046392446
C[C@@]1(O)[C@H](O)[C@@H](CO)O[C@H]1n1cnc2c(NC3CCCC3)nc(Cl)nc21,0.0033081667
CC1(C)[C@@H]2CC[C@@]1(C)[C@H](O)[C@@H]2O,0.0048327413
CC1(C)C2CC1[C@](C)(O)[C@H](O)C2,0.0051347446
OCCNCCCOc1cccc(Cl)c1Cl,0.083527625
O=[N+]([O-])c1ccc(Cl)c([N+](=O)[O-])c1,0.95669675
O=[N+]([O-])c1ccc(O)c([N+](=O)[O-])c1,0.84329367
OCc1ccc(CO)o1,0.0047527067
C[C@@H]1CCC[C@H](C)N1,0.010355933
O=C1NC(=CCl)Nc2sc3c(c21)CCCC3,0.007900229
O=C(O)c1ccccc1NC(=O)C12CC3CC(CC(C3)C1)C2,0.0040444396
O=C(O)CC[C@@H](CCCS)C(=O)O,0.00066854584
c1ccc2sc(N3CCN(Cc4ccc5c(c4)OCO5)CC3)nc2c1,0.004041648
Nc1ccccc1S(N)(=O)=O,0.0021626418
NCCOB(c1ccccc1)c1ccccc1,0.008393607
c1ccc2oc(C3=NCCN3)cc2c1,0.005945348
OC[C@H]1O[C@@H](n2cnc3c(NC4CCCC4)nc(Cl)nc32)[C@H](O)[C@@H]1O,0.0031269556
Nc1nc(Cl)nc2c1ncn2[C@@H]1O[C@H](CO)[C@@H](O)[C@H]1O,0.0032408533
Clc1cnccn1,0.0071908496
CN1CCN(C2=Cc3ccccc3Oc3ccc(Cl)cc32)CC1,0.11551709
CN([NH2+][O-])C(=O)N[C@@H](C=O)[C@@H](O)[C@@H](O)[C@@H](O)CO,0.0041127037
OC[C@H]1O[C@H](O)C[C@@H](O)[C@@H]1O,0.0025566928
CCOc1ccccc1C(=O)O,0.005465321
CCC[C@@H](O)[C@@H](CC)CO,0.010158351
OC[C@H]1O[C@@H](O)[C@@H](F)[C@@H](O)[C@@H]1O,0.0065568895
C[C@@H]1O[C@H](O)[C@@H](F)[C@H](O)[C@@H]1O,0.015117723
O=C1C(=C(O)/C=C/c2ccc(O)cc2)C(=O)[C@@](O)([C@@H]2O[C@H](CO)[C@@H](O)[C@H](O)[C@H]2O)C(=O)[C@H]1[C@@H]1O[C@H](CO)[C@@H](O)[C@H](O)[C@H]1O,0.7934883
O=C(OCCO)c1ccccc1O,0.0024522298
CC(C)(O)C(=O)Nc1ccc([N+](=O)[O-])c(C(F)(F)F)c1,0.45147395
NC[C@@](O)(CS(=O)(=O)O)c1ccc(Cl)cc1,0.001242189
NC1=N[C@H]2CS[C@@H](CCCCC(=O)O)[C@H]2N1,0.0023746702
O=C(O)CNC(=O)c1ccccc1I,0.0031643482
COc1ccc2[nH]c(I)c(CCNC(C)=O)c2c1,0.009616971
COc1cc2c(cc1O)CC[C@@H]1[C@@H]2CC[C@]2(C)[C@@H](O)CC[C@@H]12,0.016445754
Cc1[nH]c2ccc(O)cc2c1CCN,0.023900311
Cc1ccc([N+](=O)[O-])cc1O,0.016923266
Cc1ncc[nH]1,0.009348803
CCCCCCCCCC[C@@H](CO)CCCCCCCC,0.6923689
CCCCCCCC/C=C\CCCCCCCC(=O)OC(CO)CO,0.036423907
O=C(O)CCC(=O)C(=O)O,0.0014686211
C=C(O)C(=O)O,0.0063974103
COc1ccc2[nH]c(-c3ccccc3)c(CCNC(C)=O)c2c1,0.03014279
O=C1Nc2ccccc2C2=N[C@@H](CN3CCN(c4ccccc4)CC3)CN12,0.008648788
NCCc1ccccn1,0.0071177143
N#C/C(=C\c1ccc(O)c(O)c1)C(=O)OCCc1cccs1,0.009321666
O=c1cc[nH]c(=S)[nH]1,0.12251101
O=C(O)CCC/C=C\C/C=C\C/C=C\C/C=C\CCCCCO,0.00505012
CC(C)(O)CC[C@@H](O)[C@](C)(O)[C@@H]1CC[C@@]2(O)C3=CC(=O)[C@@H]4C[C@@H](O)[C@@H](O)C[C@]4(C)[C@@H]3CC[C@]12C,0.00052042597
O=C(CCCN1CCC2(CC1)C(=O)N(Cc1cccc(F)c1)CN2c1ccccc1)c1ccc(F)cc1,0.0016936427
Clc1cccc(/C=N/N=C/c2cccc(Cl)c2)c1,0.37100616
c1ccc2c(Cc3c[nH]c4ccccc34)c[nH]c2c1,0.37645802
N[C@@H](C(=O)O)c1ccc(C(=O)O)c(C(=O)O)c1,0.0014456261
N[C@H](C(=O)O)c1ccc(C(=O)O)c(C(=O)O)c1,0.0012410543
O=[N+]([O-])/C=C/c1ccc2c(c1)OCO2,0.0071484754
N[C@H](C(=O)O)c1cc(O)cc(O)c1,0.0036782695
Cc1ccc(/C=C2\C(=O)[C@]3(C)CC[C@H]2C3(C)C)cc1,0.0039376356
CN1[C@@H]2CC[C@H]1C[C@@H](OC(c1ccc(F)cc1)c1ccc(F)cc1)C2,0.05473593
C[C@]12CC[C@@H](O)C[C@H]1CC[C@@H]1[C@@H]2CC[C@]2(C)C(=O)CC[C@@H]12,0.005288407
NC(=O)c1cccc(N)c1,0.005522826
OCCCNc1ccccc1,0.007704198
C=CCN1CCN(c2nc3ccccc3nc2C#N)CC1,0.002465988
O=[N+]([O-])c1cccc2c(Br)[nH]nc12,0.4737743
CC1(C)[C@H]2CC[C@@]1(C)C(=O)[C@H]2Br,0.0017332218
O=C(O)C(O)=CBr,0.031403694
N[C@@H](C(=O)O)c1ccc(O)c(C(=O)O)c1,0.002413153
N[C@H](C(=O)O)c1ccc(O)c(C(=O)O)c1,0.0020978493
Nc1nccc2c1ncn2[C@@H]1O[C@H](CO)[C@@H](O)[C@@H]1O,0.0045213657
Nc1nccc2c1ncn2[C@@H]1C=C(CO)[C@@H](O)[C@H]1O,0.0064000054
O=c1cc(O)ccn1[C@H]1O[C@H](CO)[C@@H](O)[C@@H]1O,0.006660767
CC[C@@](O)(CC(N)=O)c1ccccc1,0.0027471124
O=C(O)CCCc1c[nH]c2ccccc12,0.0043278183
Cc1cc(C(=O)O)sc1[C@@H](N)C(=O)O,0.00976134
C[C@@H](CN)CC(=O)O,0.0037781564
Cn1cnc(=N)c2[nH]cnc21,0.004317489
COc1ccccc1N1CCN(CCn2c(=O)[nH]c3c([nH]c4ccccc43)c2=O)CC1,0.5000564
O=C(/C=C/c1cccnc1)c1ccncc1,0.011256656
Clc1ccc(C(c2ccc(Cl)cc2)C(Cl)(Cl)Cl)cc1,0.15527384
C1CCC2(CC1)CCNCC2,0.0071963016
Brc1c(Br)c(Br)c2n[nH]nc2c1Br,0.8873309
NCc1ccc(C(=O)O)cc1,0.0054246606
O=C(c1ccc(F)cc1)C1CCN(CCCCc2ccccc2)CC1,0.010310479
CC(=O)N1CC[N+](C)(C)CC1,0.0025030393
Nc1ccc(C(=O)NCC(=O)O)cc1,0.0037803808
N[C@@H](C(=O)O)c1ccc(C(=O)O)c(O)c1,0.0024595568
N[C@H](C(=O)O)c1ccc(C(=O)O)c(O)c1,0.0021645136
N=C(N)Nc1ccc(Cl)cc1,0.028731145
CC(C)[C@@H](C(=O)Nc1nccs1)c1ccc(Cl)cc1,0.008507795
C[N+]1(C)CCC(OC(=O)C(c2ccccc2)c2ccccc2)CC1,0.005460991
OC[C@H]1O[C@@H](O[C@@H]2[C@H](O)[C@@H](O)[C@H](O[C@H]3[C@H](O)[C@@H](O)[C@H](O)O[C@@H]3CO)O[C@@H]2CO)[C@H](O)[C@@H](O)[C@H]1O,0.0015452508
O=c1nc[nH]c2ccccc12,0.006575185
Cc1c(O)c(=O)n(-c2ccccc2)n1C,0.016963946
O=C(NC1CCN(Cc2ccccc2)CC1)c1ccc(I)cc1,0.020423984
N[C@H](Cc1ccc(I)cc1)C(=O)O,0.0046392865
Ic1cc(-c2ccccc2)ncn1,0.007961189
COc1ccc(-c2coc3cc(O)cc(O)c3c2=O)cc1,0.20251068
Cc1nc[nH]c1CCN,0.010850684
Cc1cc(=O)oc2c(C=O)c(O)ccc12,0.019967148
CCC(=O)N[C@@H]1Cc2ccccc2[C@H](c2ccccc2)C1,0.024724932
O=S(=O)(O)c1ccc(O)cc1,0.0016161276
c1ccc([C@@H]2CNCc3ccccc32)cc1,0.01388049
c1ccc(CCCCN2CCC(c3ccccc3)CC2)cc1,0.031387713
CCCc1ccc(C(=O)O)cc1,0.006474609
N#Cc1ccncn1,0.0019177428
CC(C)(C)c1ccc(O)cc1,0.024517028
NS(=O)(=O)c1ccc2c(c1)[C@H]1C=CC[C@@H]1[C@@H](c1ccc(Br)cc1)N2,0.0026260978
O=C(O)C(Cc1ccccc1[N+](=O)[O-])=NNc1nc(-c2ccc(Cl)c(Cl)c2)cs1,0.9820948
O=C(O)c1ccc(N2C(=O)/C(=C/c3ccc(-c4ccc([N+](=O)[O-])cc4)o3)C=C2c2ccccc2)cc1,0.18815392
Cn1cc(-c2ccc(S(=O)(=O)n3ccc(/C=C/C(=O)Nc4ccccc4N)c3)cc2)cn1,0.028916685
O[C@@H]1[C@H](O)[C@@H](CCl)O[C@H]1n1cnc2c(N[C@H]3C[C@@H]4CC[C@H]3C4)ncnc21,0.007603469
O=C(O)c1cc(=O)c2c(Cl)cc(Cl)cc2[nH]1,0.91782415
CCn1c(-c2ccc(Cl)cc2)n[nH]c1=O,0.013939846
Nc1nc(=O)c2sc(=O)n([C@@H]3O[C@H](CO)[C@@H](O)[C@H]3O)c2[nH]1,0.35742733
NCC(=O)CCC(=O)O,0.0012175454
O=C1CN=C(c2cccc(Br)c2)c2oc3ccccc3c2N1,0.034338914
NCCc1c[nH]c2ccc(C(N)=O)cc12,0.007282828
OCc1cncc(F)c1,0.007897732
Fc1cncnc1,0.004240822
O=c1[nH]cc(F)c(=O)[nH]1,0.89921784
O=c1ncc(F)c[nH]1,0.015161882
O=Cc1ccc(CO)o1,0.0061165025
CCCCC[C@@H](O)CCCC(=O)O,0.0036584593
CC1=NC[C@H](O)[C@@H](C(=O)O)N1,0.008668709
CC(C)N(CC[C@H](c1ccccc1)c1cc(CO)ccc1O)C(C)C,0.10862289
N[C@@H](Cc1c[nH]c2ccc(O)cc12)C(=O)O,0.004937423
Ic1cncc(OC[C@@H]2CCN2)c1,0.009705644
Cc1ccc(C[N+](C)(C)C)o1,0.006117923
C[C@H]1NC(=O)NC1=O,0.0036135078
C[C@@H]1NC(=O)NC1=O,0.002925306
CCCCCCCC(=O)c1ccc(O)c(C(=O)O)c1,0.0048275543
CC(=O)O[C@]1(C(C)=O)CC[C@H]2[C@@H]3C=CC4=CC(=O)CC[C@]4(C)[C@H]3CC[C@@]21C,0.0005835109
Nc1cc2c3ccccc3ccc2c2ccccc12,0.1833251
CC1(C)S[C@@H]2[C@H](N)C(=O)N2[C@H]1C(=O)O,0.61623204
c1ccc(CNc2ncnc3nc[nH]c23)cc1,0.004835964
COc1cc2c(CCNC(C)=O)c[nH]c2cc1Cl,0.020662911
N#[N+]CC(=O)CC[C@H](N)C(=O)O,0.00055244105
CCCCCCCCC(=O)NCc1cc(OC)c(O)cc1I,0.056463886
O=C1c2ccccc2NC2=CCCCCN12,0.0024044148
CC(=O)OCC1=C(C(=O)O)N2C(=O)[C@@H](N)[C@H]2SC1,0.97568107
O=C(O)c1cc(=O)c2ccc(Cl)cc2[nH]1,0.08341552
CCCN(CCC)[C@H]1CCc2ccc(O)cc2C1,0.02559617
CCCN(C/C=C/I)[C@H]1CCc2ccc(O)cc2C1,0.009522314
CN[C@@H]1C[C@H]2O[C@@](C)([C@@H]1OC)n1c3ccccc3c3c4c(c5c6ccccc6n2c5c31)C(=O)N[C@H]4O,0.97142
CC(=O)O[C@H]1CC[C@@]2(C)C(=CC(=O)[C@@H]3[C@@H]2CC[C@]2(C)C(=O)CC[C@@H]32)C1,0.00096653454
COc1ccc2nc3c(c(N)c2c1)CCCC3,0.033927683
Cn1cnc2[nH]c(=O)[nH]c(=O)c21,0.028803775
O=[N+]([O-])c1cccc2c[nH]nc12,0.08256617
Nc1ncnc2c1nc(Br)n2[C@@H]1O[C@@H]2CO[P@@](=O)(O)O[C@H]2[C@H]1O,0.0002711378
Nc1nc(=O)c2nc(Br)n([C@@H]3O[C@@H]4CO[P@@](=O)(O)O[C@H]4[C@H]3O)c2[nH]1,0.000777226
CCCN(CCC)[C@H]1CCc2cccc(O)c2C1,0.017106816
CCCN(C/C=C/I)[C@H]1CCc2cccc(O)c2C1,0.0070405784
CCC(=O)N[C@H]1CCc2cccc(OC)c2C1,0.00472465
Cc1oc(=O)oc1CCl,0.014066847
Nc1c2ccccc2nc2ccccc12,0.05106828
CC[C@@]1(O)C(=O)OCc2c1cc1n(c2=O)Cc2cc3c(N)cccc3nc2-1,0.00877784
O=C(O)c1c2ccccc2cc2ccccc12,0.018371109
