actual,predicted,residual
25.797992107290693,23.604220979394388,2.193771127896305
25.87203902387978,23.372784137298773,2.4992548865810065
25.9347783892532,22.466142362177674,3.468636027075526
25.99033483328874,23.279400408152707,2.7109344251360312
26.035303724762212,23.551409566084683,2.483894158677529
26.069258049558016,23.281361872748935,2.787896176809081
26.087103724244095,22.40735865562129,3.679745068622804
26.10234423800109,22.773615375142697,3.3287288628583944
26.132865552993184,22.84356412306066,3.289301429932525
26.186248686398635,21.75288827857579,4.433360407822846
26.23659356143827,21.509036214638076,4.727557346800193
26.28344990098956,21.69636969269438,4.5870802082951805
26.33285749458625,21.245224743768745,5.087632750817505
26.37034191084641,21.16040805933985,5.209933851506559
26.38429993860739,21.477240695253556,4.907059243353835
26.395315428890566,21.267906069932234,5.127409358958332
26.398719876988913,20.91875232021646,5.479967556772454
26.391821590147206,20.57115311612915,5.820668474018056
26.353591528737976,20.566427651409782,5.787163877328194
26.325114025107542,21.2917984195755,5.033315605532042
26.296794242685486,21.374529106194732,4.922265136490754
26.263473877135976,18.722599726650895,7.540874150485081
26.23281724384804,17.85584926916316,8.37696797468488
26.198997931473563,18.107658540305014,8.09133939116855
26.15737237606806,18.150731359763338,8.006641016304723
26.090877624171437,18.083573646087906,8.007303978083531
26.035725758586775,18.450542300952616,7.585183457634159
25.98767723447433,18.548529271916546,7.439147962557783
25.934283466364008,17.94040437923264,7.9938790871313685
25.875508026953153,18.084712817151328,7.790795209801825
25.8089434262261,18.543506205716803,7.265437220509298
25.726398937027234,18.775102657178465,6.951296279848769
25.62041729789189,17.725997259213106,7.894420038678785
25.502345516182736,17.85943002554615,7.642915490636586
25.376178465335503,17.573607646296168,7.802570819039335
25.22652653212515,17.448744080589226,7.7777824515359235
25.051391609273537,17.136613224386956,7.914778384886581
24.88471071031222,17.198385762112185,7.686324948200035
24.7167905249098,16.73064623171612,7.986144293193682
24.587945719403933,17.35019246428639,7.237753255117543
24.467068349560833,16.21233336274418,8.254734986816654
24.328932403623305,12.573200978779061,11.755731424844244
24.196677166377974,15.67083477882157,8.525842387556404
24.106310835099972,15.757770695108952,8.34854013999102
24.027564066188127,13.61692825733154,10.410635808856586
23.94679699271084,14.073614984847003,9.873182007863837
23.859736428720336,14.490366843039366,9.36936958568097
23.732448540473346,14.915488298766432,8.816960241706914
23.6131365424524,16.76894527933608,6.844191263116318
23.49838965916494,16.17027507399895,7.328114585165988
23.37514648173352,13.755900606268312,9.619245875465207
23.24731998631223,14.440844029760877,8.806475956551354
23.12700885633226,13.960200689822278,9.166808166509982
23.014911194762625,17.224068796260863,5.790842398501763
22.901754633742673,16.985709103974045,5.916045529768628
22.798810769097873,16.30915699668739,6.489653772410485
22.69920348991401,15.247929742662881,7.451273747251127
22.587887070890755,13.783860282841388,8.804026788049367
22.47084592795998,12.440976339698558,10.029869588261423
22.360542792022045,13.312064715836337,9.048478076185708
22.246625424826355,13.339246796142646,8.907378628683709
22.143946821749136,13.114725125659179,9.029221696089957
22.057275117830567,13.345605841323659,8.711669276506909
21.972673772020915,13.25831516110921,8.714358610911706
21.892098866273255,12.531368780068732,9.360730086204523
21.88141565006824,12.663106517401022,9.218309132667219
21.8536881626925,12.096373169759767,9.757314992932733
21.800219388599434,11.948454100178528,9.851765288420905
21.715653774042668,11.719711117294167,9.9959426567485
21.620738709993624,12.058644335766278,9.562094374227346
21.529998074185784,12.396754846207811,9.133243227977973
21.40924022480068,11.284212488706764,10.125027736093916
21.294540518010677,10.992400703461167,10.30213981454951
21.227295529139308,10.80977600745391,10.417519521685398
21.220938070055062,10.84086695334948,10.380071116705583
21.193881788597384,10.510746122106708,10.683135666490676
21.165352129886305,11.095487465974296,10.069864663912009
21.144411988769825,11.263286975408752,9.881125013361073
21.165195642145306,10.92003843301424,10.245157209131067
21.209188569259215,10.844203262345884,10.364985306913331
21.260959789733338,11.550829482070226,9.710130307663112
21.308052398529444,11.68705931645455,9.620993082074895
21.351885926110405,12.552616804977085,8.799269121133321
21.39374113543417,14.339238715418556,7.054502420015613
21.43396197252354,13.900617343848323,7.533344628675218
21.495908075665078,14.152047554834242,7.343860520830836
21.564611852926227,13.929453353226112,7.635158499700115
21.631351698016356,14.260937485108002,7.370414212908354
21.710615014658533,14.220099947864734,7.490515066793799
21.778480382672722,13.109061465592315,8.669418917080407
21.8349378172672,12.805727167089534,9.029210650177665
21.894798168876967,12.737773191455315,9.157024977421653
21.938085551490637,12.462050151792418,9.476035399698219
21.9427812608325,12.295990840821268,9.646790420011232
21.94038922917445,12.364154647840605,9.576234581333845
21.93265770220012,11.346413332192023,10.586244370008098
21.912511646101848,11.474461487217365,10.438050158884483
21.870980174555218,11.252552730765862,10.618427443789356
21.815646391466174,10.940500485201456,10.875145906264718
21.728680799624847,11.073332972121008,10.655347827503839
21.627205055401138,11.411720316847145,10.215484738553993
21.52267885541134,11.554903626008976,9.967775229402363
21.429574704082906,11.376370172536497,10.05320453154641
21.30866718705443,10.362470541845244,10.946196645209184
21.02907763123955,9.767514913937967,11.261562717301581
20.748050001654867,9.949975716514501,10.798074285140366
20.47222081550333,10.169223907121756,10.302996908381575
20.20005481197854,10.202756706589387,9.997298105389152
20.073886511715216,10.458006947463016,9.6158795642522
19.96292448402818,10.258587640421915,9.704336843606264
19.84683512283114,10.031407770896204,9.815427351934938
19.729409770892033,9.656477902098443,10.07293186879359
19.601725742808444,9.883401068735523,9.718324674072921
19.321581542179818,9.815251202641619,9.506330339538199
19.047028155782122,10.437487106056947,8.609541049725175
18.781442164634047,10.611091988380762,8.170350176253285
18.527206102609245,10.765679647231396,7.761526455377849
18.281302741805153,10.760970271768816,7.520332470036337
18.037614395987468,10.567143685461062,7.470470710526406
17.804422788088623,10.272478169591965,7.531944618496658
17.56955596141575,8.725235009489776,8.844320951925976
17.32976818730218,8.852441180183295,8.477327007118884
17.090785232591504,8.590275458370419,8.500509774221085
16.82775569450717,8.773173512051459,8.054582182455713
16.55996641642334,8.693285696242313,7.8666807201810265
16.28656440677998,8.541224075832853,7.745340330947128
16.011064898757073,7.9795959571491695,8.031468941607905
15.728752223112187,7.878902285405291,7.849849937706896
15.453325179519922,7.756825555683376,7.696499623836546
15.175054061103785,7.771791987544858,7.403262073558927
14.892819532497446,7.823608163302024,7.069211369195423
14.608969114301887,8.737136995185242,5.871832119116645
14.3201657454406,9.939108761072394,4.381056984368206
14.034301184890223,10.87747763241106,3.156823552479164
13.751890936875029,10.77545167225745,2.9764392646175786
13.478460719817011,10.032825721949465,3.445634997867547
13.212844096754454,10.894948899398708,2.317895197355746
12.948812774086889,11.169345561297757,1.7794672127891324
12.689283223855938,11.351312317915719,1.3379709059402192
12.426877872401676,11.707269547975727,0.7196083244259484
12.177393568295978,11.712718590274225,0.46467497802175295
11.936045543628103,11.952732255810126,-0.016686712182023555
11.698220730518647,12.175334948311232,-0.4771142177925842
11.473058370635504,11.50979457850915,-0.036736207873644844
11.262243940097758,11.118194119046608,0.1440498210511496
11.051624403961767,12.178769660130907,-1.1271452561691397
10.845149930371942,12.181459806550675,-1.336309876178733
10.655795608555312,12.3006716695576,-1.6448760610022877
10.46799087496242,12.508152567120765,-2.040161692158346
10.281159438864846,12.705745740794546,-2.4245863019297005
10.08801448627989,12.795030940150784,-2.707016453870894
9.896989228506998,12.737145856487786,-2.8401566279807877
9.723159596416073,13.028204451351735,-3.3050448549356624
9.545310928485474,12.997308902083798,-3.451997973598324
9.353780052170189,12.809146003614018,-3.455365951443829
9.145251671924724,12.64369268471287,-3.4984410127881453
8.922289078853066,12.52795023454451,-3.605661155691445
8.684287333942459,12.365053279941241,-3.6807659459987825
8.4183371583363,12.201980463957439,-3.7836433056211387
8.129776180773906,10.8336906093435,-2.703914428569595
7.8313442624647225,9.854559135929088,-2.023214873464366
7.526840961793165,9.702667248253846,-2.1758262864606808
7.212319314895631,9.271511463437914,-2.059192148542283
6.897010108310218,9.433103906397154,-2.5360937980869354
6.580454137583208,10.35823577330692,-3.777781635723711
6.2708423679630085,9.224970380463812,-2.954128012500804
6.111529436653405,8.745651434091782,-2.6341219974383767
5.973637122602091,8.878252271749558,-2.9046151491474665
5.831594196683073,9.01379604918813,-3.182201852505057
5.682792692120573,9.003141150523033,-3.32034845840246
5.542437475719558,9.049384341746277,-3.50694686602672
5.418036223614981,9.100092653643998,-3.682056430029017
5.301534240654526,8.48004630009026,-3.178512059435734
5.192872017375533,9.09456776992275,-3.901695752547216
5.066367953099077,6.47298816411637,-1.4066202110172936
4.7953991209779145,5.956773030502178,-1.1613739095242632
4.534947587034035,5.717612839891498,-1.1826652528574622
4.278127813483272,4.77249925758543,-0.49437144410215783
4.026264763054778,4.608968636729417,-0.5827038736746388
3.777312276213782,4.469443255720179,-0.6921309795063975
3.5324798220143387,4.320222587222055,-0.7877427652077165
3.305642429616246,4.364502653065519,-1.058860223449273
3.098632141028543,3.8803012966145314,-0.7816691555859885
2.90951057231993,3.7282624887929665,-0.8187519164730364
2.728033518302643,3.1681814674729027,-0.4401479491702598
2.5509584617107004,3.3631875203281516,-0.8122290586174512
2.373761355070411,2.9224216287840057,-0.5486602737135948
2.218236128782135,2.6940107447798183,-0.47577461599768345
2.218236128782135,2.5870080257147374,-0.3687718969326026
2.218236128782135,2.1443991121980335,0.07383701658410136
2.218236128782135,1.8120085835451778,0.40622754523695703
2.218236128782135,1.4179495182308746,0.8002866105512603
2.067686725136844,1.219830456564559,0.847856268572285
1.900943392105012,1.1287976233343762,0.7721457687706359
1.7368700799967545,1.2925339772816635,0.44433610271509094
1.5734445145718132,1.3407945002097041,0.23265001436210908
1.421114173087592,1.388035528863959,0.03307864422363305
1.421114173087592,1.6262304861073333,-0.20511631301974131
1.421114173087592,1.6045061904838152,-0.18339201739622313
1.421114173087592,1.4798628840458783,-0.058748710958286265
1.421114173087592,1.5058722339045407,-0.0847580608169487
1.421114173087592,1.5753313975277872,-0.15421722444019514
1.421114173087592,1.582404680879808,-0.161290507792216
1.421114173087592,1.4358242125784102,-0.014710039490818172
1.421114173087592,1.400605550415615,0.02050862267197706
1.421114173087592,1.2990004207270798,0.12211375236051225
1.421114173087592,1.3435787597568776,0.07753541333071445
1.421114173087592,1.3584189885874995,0.06269518450009248
1.421114173087592,2.049797593509854,-0.628683420422262
1.421114173087592,2.268728955549397,-0.8476147824618048
1.421114173087592,2.090972285083572,-0.6698581119959801
1.421114173087592,1.8342163097082822,-0.4131021366206902
1.421114173087592,1.8227355580859321,-0.4016213849983401
1.421114173087592,1.8104046465210988,-0.38929047343350676
1.421114173087592,1.710985023505208,-0.28987085041761596
1.421114173087592,2.4146391633767506,-0.9935249902891585
1.421114173087592,2.8531149542828635,-1.4320007811952715
1.421114173087592,2.6889593059701142,-1.2678451328825222
1.421114173087592,2.247745621073631,-0.8266314479860388
1.421114173087592,2.4929289755948103,-1.0718148025072183
1.421114173087592,2.350317533779076,-0.929203360691484
1.421114173087592,2.391505746610945,-0.970391573523353
1.421114173087592,2.2928074191542462,-0.8716932460666542
1.421114173087592,2.6442583760995393,-1.2231442030119473
1.421114173087592,2.7813273421496065,-1.3602131690620145
1.421114173087592,2.6180653087664827,-1.1969511356788907
1.421114173087592,2.7480944806852796,-1.3269803075976876
1.421114173087592,3.217192325779283,-1.796078152691691
1.421114173087592,3.4395544108008314,-2.0184402377132393
1.421114173087592,3.4693613920379693,-2.0482472189503773
1.421114173087592,3.6483135160250293,-2.2271993429374373
1.421114173087592,3.430134421251091,-2.009020248163499
1.421114173087592,3.6204569315969564,-2.1993427585093643
1.421114173087592,3.36293278760306,-1.941818614515468
1.421114173087592,3.5428046809550184,-2.1216905078674264
1.421114173087592,2.4422184606442086,-1.0211042875566165
1.421114173087592,2.3030968252984825,-0.8819826522108904
1.421114173087592,2.581549348316658,-1.160435175229066
1.421114173087592,2.3645460788403616,-0.9434319057527696
1.421114173087592,2.3615111722824955,-0.9403969991949035
1.421114173087592,2.131110381465932,-0.7099962083783398
1.421114173087592,2.020413848133845,-0.5992996750462529
1.421114173087592,1.8498257038346855,-0.42871153074709345
1.421114173087592,1.8068675255474478,-0.38575335245985576
1.421114173087592,1.9594569935282524,-0.5383428204406604
1.421114173087592,2.1110568563303422,-0.6899426832427502
1.421114173087592,1.48707216019606,-0.0659579871084679
1.421114173087592,2.0238005583381184,-0.6026863852505264
1.421114173087592,1.699438816944347,-0.27832464385675504
1.421114173087592,1.7115798722312339,-0.29046569914364184
1.2769566861554513,1.6340136833798489,-0.35705699722439754
1.1164067268661886,1.3159382159584923,-0.19953148909230367
0.9621702245411835,1.2650267111580749,-0.30285648661689135
0.808333630237244,0.7390648843846986,0.06926874585254539
0.6536356379411542,0.8158703718600757,-0.16223473391892151
0.4914764294517328,0.7944221298753088,-0.302945700423576
0.3169663721923927,0.8898155664419315,-0.5728491942495388
0.143947023955878,0.8179245772453202,-0.6739775532894422
0.0,0.7412566401290285,-0.7412566401290285
0.0,0.4883559368202506,-0.4883559368202506
0.0,0.5810163114262105,-0.5810163114262105
0.0,0.46559677033069513,-0.46559677033069513
0.0,0.6008436084099925,-0.6008436084099925
0.0,0.5310962069770657,-0.5310962069770657
0.0,0.7619721210628997,-0.7619721210628997
0.0,0.713538258034078,-0.713538258034078
0.0,0.6996567423611,-0.6996567423611
0.0,0.9240748412027748,-0.9240748412027748
0.0,0.7168277428075828,-0.7168277428075828
0.0,0.6776547880126911,-0.6776547880126911
0.0,0.6011002355432956,-0.6011002355432956
0.0,1.1966719231338385,-1.1966719231338385
0.15447106305664451,0.9254897814483395,-0.771018718391695
0.3277399017936088,0.9227685928437453,-0.5950286910501366
0.508179254855086,1.2230351051059722,-0.7148558502508863
0.6775062302066343,0.984860473414908,-0.30735424320827376
0.8430769375798596,0.9388239651113354,-0.09574702753147579
1.0307962779758586,1.0999531744936357,-0.06915689651777712
1.2258945237552072,0.980004292100175,0.2458902316550322
1.4180506552686027,0.8423905728783401,0.5756600823902627
1.5928683878879184,1.032116869050314,0.5607515188376044
1.7497235683044303,0.8178325999423459,0.9318909683620844
1.9194834055630625,0.7179655857027338,1.2015178198603287
2.1062246527218496,0.6419693211225014,1.464255331599348
2.293129906333193,0.6173866973770425,1.6757432089561504
2.479649664780872,0.8549006142516579,1.6247490505292141
2.6526494000025242,0.8838522250204472,1.768797174982077
2.831070862176023,1.125497883727109,1.705572978448914
3.013539566180117,1.0438880401683994,1.9696515260117178
3.193155704342671,1.089241519961664,2.103914184381007
3.3745113676226706,1.3583557910387372,2.0161555765839334
3.5818919906327196,1.4737889197354201,2.1081030708972994
3.8270555241753432,1.8851552195461967,1.9419003046291465
4.077600653831744,1.7371083011006383,2.3404923527311055
4.326945195342605,1.9180278044017751,2.4089173909408297
4.588034816988874,1.8749916312181536,2.7130431857707205
4.8528715953018375,2.0091414824698237,2.843730112832014
5.090657182951227,1.9505815723084572,3.1400756106427696
5.315239055582741,2.1860524189637998,3.1291866366189414
5.534728013030376,2.1919324770145208,3.3427955360158554
5.748393152800623,2.808708478484625,2.939684674315998
5.984233303170297,2.854945336749648,3.1292879664206485
6.272202445922384,2.8848674270364287,3.3873350188859557
6.625230496782683,3.0085684016193146,3.616662095163368
6.963383176125386,3.117863460355381,3.8455197157700045
7.282345452100946,3.5633507616538114,3.718994690447135
7.618737072906959,3.9561938036895796,3.6625432692173794
7.96232569042052,4.4130697462759745,3.5492559441445453
8.29333990024445,4.473424902437367,3.819914997807082
8.611984283386798,4.797034476908814,3.8149498064779843
8.92662461286122,4.681072919019154,4.245551693842066
9.245859768226145,4.587846972349372,4.658012795876773
9.567017146279548,5.134520740786486,4.432496405493063
9.886674234648911,6.375550852914738,3.5111233817341727
10.196160989740687,6.518101667091447,3.67805932264924
10.532411912100068,6.7833735602135015,3.7490383518865666
10.89645874097107,7.370783736484677,3.525675004486393
11.251322291593098,7.538804736592304,3.712517555000794
11.588685824059322,7.82894258766804,3.759743236391282
11.928103197676998,8.295770212223518,3.6323329854534805
12.271531128932951,8.45607219479321,3.815458934139741
12.627360814053642,8.458767320414402,4.168593493639239
13.004285958929051,8.501072183385753,4.503213775543298
13.374124663484716,8.624252270041834,4.749872393442882
13.795973301910182,8.836277142426434,4.959696159483748
14.252319125503842,8.80817687839119,5.4441422471126515
14.715789724308545,9.682339423380531,5.033450300928013
15.17911142556853,9.697879267065728,5.481232158502802
15.642985687762808,9.77943110401123,5.8635545837515775
16.10624524231499,10.06841984015918,6.037825402155811
16.565222120255015,9.910986546259517,6.654235573995498
17.003518796594186,10.494358402835882,6.509160393758304
17.442648058311665,11.275386263786864,6.167261794524801
17.891882648349263,12.151521340103809,5.740361308245454
18.358222621872578,12.080816652590581,6.277405969281997
18.829837465392597,12.701229411370415,6.128608054022182
19.311734167181665,12.73480276576039,6.576931401421275
19.783124339354334,12.0949310333221,7.688193306032234
20.246858990467107,12.97833003278187,7.268528957685238
20.700346611748664,14.206748934371259,6.493597677377405
21.15186969395101,14.946446502284946,6.205423191666064
21.61173106087156,15.234762879675749,6.37696818119581
22.078344175230324,15.230556187183792,6.847787988046532
22.540159090810437,14.715230793215186,7.824928297595251
22.9917675126673,15.647228727338584,7.344538785328714
23.433349792192026,15.591827957861732,7.841521834330294
23.865125244219737,16.447528438090206,7.417596806129531
24.288420840456258,16.03099253054575,8.257428309910509
24.69820291629784,16.07136309024933,8.62683982604851
25.07997836262936,16.06580064211269,9.01417772051667
25.44027003367135,15.694083169463307,9.746186864208044
25.795646453550727,17.60151184445371,8.194134609097016
26.133261837791515,18.986253388459595,7.147008449331921
26.461640339642205,19.150200458924623,7.311439880717582
26.75395681479956,19.432012209930015,7.321944604869547
27.04336008826983,20.60091524700947,6.442444841260357
27.182761975620263,18.83377836029977,8.348983615320492
27.30938379374223,20.55517738020918,6.754206413533051
27.456544965498193,20.93453111039201,6.522013855106181
27.653716757434033,21.46894910707852,6.184767650355514
27.865640434309544,21.311271277503998,6.554369156805546
28.05591025324158,21.140821741587814,6.915088511653767
28.226123428080054,22.34558244673505,5.880540981345003
28.39485272396229,24.09387028600118,4.30098243796111
28.577323567950835,24.41647763385378,4.160845934097054
28.77406705676784,25.079222469531192,3.6948445872366484
28.926107898238055,25.018800141904624,3.907307756333431
29.03921183254914,24.95958393708528,4.079627895463858
29.146491106175734,26.18272737785978,2.9637637283159535
29.254190671221117,27.285078594247096,1.969112076974021
29.37534563787557,26.258028746868707,3.117316891006862
29.48957027686993,26.129597960277756,3.3599723165921738
29.597150937479267,25.678094227179823,3.9190567102994436
29.706850548434307,25.502052870663572,4.204797677770735
29.819425176274734,25.13806899223489,4.681356184039846
29.902214627089517,25.159915169637447,4.74229945745207
29.946111357415397,25.24407490447706,4.702036452938337
29.973134774414,25.65153059295456,4.321604181459438
29.982095470605735,24.401684324240584,5.580411146365151
29.978998221112732,24.15733181640448,5.821666404708253
29.976403379330616,24.174164334543477,5.8022390447871395
30.00058952537006,24.243432870132075,5.757156655237985
29.99526145166006,24.050248958411693,5.945012493248367
29.997870742469342,24.0865232342021,5.911347508267241
30.019150382746716,24.053966910810814,5.965183471935902
30.025719164617822,26.148486803352768,3.8772323612650545
29.973598249154385,25.134165263680156,4.839432985474229
29.855174216379165,25.17772430245633,4.677449913922835
29.75518495019423,24.78908791299158,4.966097037202651
29.678358475307004,25.574999294894504,4.1033591804125
29.558982403338913,25.376932828081113,4.1820495752578
29.420533529196426,24.21655887438652,5.203974654809905
29.29193216077359,24.63961315598352,4.652319004790073
29.17472683965601,26.11512408294932,3.059602756706692
29.054851325026487,24.793937359374763,4.260913965651724
28.924409196022452,24.844015765992406,4.080393430030046
28.787982384798187,24.907806097494163,3.8801762873040246
28.650937391090743,24.81791932024181,3.833018070848933
28.537236890877214,24.461032666261676,4.076204224615537
28.400870571674737,23.968122623871345,4.432747947803392
28.24084708538424,23.040059190629453,5.200787894754786
28.095892145108092,23.01606440695966,5.079827738148431
27.980365735761826,24.92333668627907,3.057029049482754
27.865501063883553,24.51385929565942,3.351641768224134
27.744504804413992,24.090801309032262,3.6537034953817304
27.611039342541005,23.80240031539213,3.8086390271488746
27.47301146441169,23.3176484691424,4.155362995269289
27.34020453657954,22.97620053021939,4.364004006360151
27.153712010961957,23.04507046585651,4.108641545105446
26.929813382730952,22.791428841860597,4.138384540870355
26.688866937858084,22.636044650548254,4.05282228730983
26.462339058632352,21.90903801534392,4.553301043288432
26.244242734026383,21.367258346824656,4.876984387201727
26.02473865400038,21.44765551369971,4.577083140300669
25.80411112980298,19.784252265664016,6.019858864138964
25.58867440672415,18.178353011996165,7.410321394727983
25.366797073307033,18.583260160713888,6.783536912593146
25.136119223581975,21.809098800996164,3.327020422585811
24.87643317962921,22.809451761959714,2.0669814176694956
24.605049403772767,23.342140356912513,1.2629090468602548
24.317357023938467,22.8796237460271,1.4377332779113665
24.01915541344734,21.440584398728568,2.578571014718772
23.726386403275292,21.21204958754124,2.514336815734051
23.440227669433167,20.156134008180775,3.284093661252392
23.151586019513655,19.436052805946286,3.715533213567369
22.87580975199065,19.159429624502636,3.7163801274880157
22.604626119109344,18.79318895113868,3.811437167970663
22.340431643249122,18.41924263355782,3.921189009691304
22.083124938287277,18.242478171295346,3.840646766991931
21.841255755267216,17.65568761630927,4.185568138957947
21.610397262231633,17.434184130032396,4.176213132199237
21.38425180233295,16.5663554038989,4.817896398434051
21.168262521737308,16.639945678107864,4.528316843629444
20.976350383520927,16.55827159605652,4.418078787464406
20.796539346684515,16.75625894207878,4.040280404605735
20.61577409250759,16.798688486255763,3.817085606251826
20.44946721612465,16.451934403032077,3.9975328130925725
20.30572957091288,16.40927634484701,3.8964532260658693
20.201680712559497,15.722803332835776,4.478877379723722
20.098548095218433,15.441449118962005,4.657098976256428
19.984113914005167,15.30403556623686,4.680078347768307
19.859900443714988,15.306371458684906,4.553528985030082
19.72124513765063,15.476787738471463,4.244457399179167
19.540564895608693,15.251156683991521,4.289408211617172
19.346486725387372,15.185888536928676,4.160598188458696
19.14852679647442,14.922609264344079,4.225917532130342
18.927340393916484,11.41198023945346,7.515360154463025
18.566454966520848,11.656703402290285,6.909751564230563
18.20916638991299,11.81069361541759,6.398472774495401
17.855567720679478,10.840229644286069,7.015338076393409
17.53376704195063,10.91242179435397,6.621345247596659
17.233921860480756,10.38761935640337,6.846302504077386
16.939737333242817,10.028255244163589,6.911482089079229
16.645518009749757,9.785472748245164,6.8600452615045935
16.35136330787365,9.708273343908537,6.643089963965114
16.05871720670579,9.956188228588998,6.102528978116792
15.768667842092361,9.737769527600266,6.030898314492095
15.479352092974766,8.326542139424465,7.152809953550301
15.185421801854341,8.42165732339496,6.763764478459381
14.895251728029509,8.482886382575067,6.412365345454441
14.75663463496238,8.595910481324465,6.160724153637915
14.627968227976035,9.532675678069914,5.095292549906121
14.51963550795868,9.522673233964028,4.996962273994653
14.413854367797683,9.365054844702106,5.0487995230955764
14.3217269070678,9.049793170752784,5.271933736315017
14.23415242575681,8.266386032595557,5.967766393161252
14.18985344123008,8.539722436896444,5.650131004333636
14.143873029866027,8.586458155420061,5.557414874445966
14.08572850576218,8.407059434339587,5.678669071422593
14.009464360153759,8.630411364990067,5.379052995163692
13.923046649988068,8.564075443231856,5.3589712067562125
13.688442631902989,8.673262574584301,5.0151800573186875
13.450279218745221,8.65650196683228,4.793777251912941
13.208143417656887,8.557913556765701,4.650229860891185
12.991127868818968,8.564593370313343,4.4265344985056245
12.785988125447892,8.652709902763329,4.133278222684563
12.583575284046798,8.653615841705765,3.9299594423410333
12.38213622202203,8.856978717534009,3.5251575044880212
12.187371407177134,7.963939411894659,4.223431995282475
11.99857838081624,7.833766305025943,4.164812075790296
11.8138478139871,8.110566813596606,3.7032810003904952
11.631235719325181,7.45636869691559,4.174867022409591
11.435449464446934,6.426737196839232,5.008712267607702
11.235564861290035,6.428852135078151,4.806712726211884
11.031541518709531,6.548884077606338,4.482657441103193
10.821632908363645,7.425442026199804,3.3961908821638405
10.59979578524369,7.452542053985368,3.1472537312583224
10.375243083504287,7.480082809645301,2.895160273858986
10.152811411717892,6.829450382866821,3.32336102885107
9.930447188470188,6.696034020796455,3.2344131676737327
9.69154992172409,6.53067476025784,3.160875161466249
9.45451814500058,6.535115203184482,2.9194029418160987
9.2191620321927,7.323854565200005,1.895307466992696
8.986714836830044,7.391166124986101,1.5955487118439438
8.764190682898208,7.306325391491369,1.457865291406839
8.527396860863957,6.913826110197673,1.6135707506662849
8.28161892327565,6.544645852656703,1.736973070618947
8.037863448749468,7.158180493191008,0.8796829555584598
7.799514095006842,7.025513557245781,0.7740005377610606
7.576654141746504,7.500769558324829,0.07588458342167481
7.5263173752384205,6.984649810389699,0.5416675648487219
7.48434091444475,6.963257718099934,0.5210831963448159
7.454677547381818,7.032456346347304,0.4222212010345139
7.431884970890536,7.103292089460292,0.3285928814302439
7.411659397582363,7.651875095779097,-0.24021569819673427
7.414172836780861,7.8684424679096985,-0.4542696311288372
7.422915473819125,7.152869118560744,0.2700463552583807
7.445180236759315,6.010036784821466,1.435143451937849
7.485301540917255,5.819840636975502,1.665460903941753
7.498884392661431,6.3566755555847125,1.1422088370767183
7.501724998625243,6.116091370364286,1.3856336282609574
7.4992899718984996,5.463715877213526,2.035574094684973
7.506280143091215,5.281909404178277,2.2243707389129375
7.519855171388209,4.5198541878075345,3.0000009835806747
7.5215762044626455,4.746318607431787,2.7752575970308584
7.501213181702555,4.61913083306983,2.882082348632725
7.465304283822937,4.557315216930216,2.9079890668927213
7.275440975707797,4.815226717719627,2.46021425798817
7.3208603049310454,4.804180534040457,2.5166797708905886
7.146249139228595,5.100864481831598,2.0453846573969967
6.974940631370747,5.110051156611941,1.8648894747588063
6.790299774731825,5.053177619088663,1.7371221556431626
6.60203215792785,5.228034598625967,1.3739975593018832
6.41576150179865,5.157705426551613,1.2580560752470369
6.236322732604838,5.497722161283691,0.7386005713211468
6.060645546036085,4.682813425068099,1.3778321209679856
5.871700327283004,4.680460663022816,1.1912396642601877
5.68588180203755,4.855799024518398,0.8300827775191522
5.502465588010135,4.817193671870773,0.6852719161393619
5.322436357595054,5.1177408178811135,0.20469553971394028
5.178311339535169,5.356198567717006,-0.1778872281818371
5.178311339535169,5.203327593166085,-0.025016253630916196
5.178311339535169,6.04220539716781,-0.863894057632641
5.178311339535169,5.981750204833251,-0.803438865298082
5.178311339535169,6.249006464053464,-1.070695124518295
5.324310510369257,5.235535775127322,0.0887747352419348
5.469086055326997,5.242796719724187,0.22628933560280995
5.469086055326997,6.001442208295338,-0.5323561529683412
5.469086055326997,6.084072540830975,-0.6149864855039775
5.621851499522507,5.123366743984775,0.4984847555377323
5.776983910440799,5.157011515998727,0.6199723944420716
5.776983910440799,5.04582731380673,0.7311565966340687
5.776983910440799,5.058726479448277,0.718257430992522
5.776983910440799,5.730548136919814,0.046435773520984824
5.626540739639422,5.45763451577562,0.16890622386380194
5.477638599970764,5.308279822069774,0.16935877790099063
5.3276660822855275,4.458491000943155,0.8691750813423722
5.175454850293256,3.2734611024453155,1.90199374784794
5.005340374492287,3.373475552248994,1.6318648222432932
4.830943122114448,3.0232568244434224,1.8076862976710255
4.6559883077196655,3.4958348098794363,1.1601534978402293
4.479870470826797,3.7607474903326747,0.7191229804941224
4.30307021488302,3.680087619830211,0.6229825950528087
4.136925428250665,2.667163636349579,1.4697617919010857
3.9874949111277056,1.8099446373752233,2.177550273752482
3.9874949111277056,1.8858728946312655,2.10162201649644
3.9874949111277056,2.0267269933319523,1.9607679177957533
3.9874949111277056,2.3826479031668426,1.604847007960863
3.9874949111277056,2.424368868519299,1.5631260426084066
3.9874949111277056,2.6203554550759067,1.3671394560517989
3.9874949111277056,3.0416210834111466,0.945873827716559
3.9874949111277056,3.083499761700105,0.9039951494276006
3.9874949111277056,2.821877882925323,1.1656170282023828
3.9874949111277056,3.093753158253818,0.8937417528738876
3.9874949111277056,3.210504370997744,0.7769905401299617
3.9874949111277056,3.1580702464680743,0.8294246646596313
3.9874949111277056,3.9864932701863998,0.001001640941305837
3.9874949111277056,4.3466582186784475,-0.3591633075507419
3.9874949111277056,5.004470268221955,-1.0169753570942497
3.9874949111277056,5.610215025802853,-1.6227201146751478
3.9874949111277056,5.597711431927286,-1.6102165207995807
3.9874949111277056,5.398593719197769,-1.4110988080700633
3.9874949111277056,5.317786009983206,-1.3302910988555006
3.9874949111277056,8.563799165665055,-4.576304254537349
3.9874949111277056,6.880098997161001,-2.8926040860332956
3.9874949111277056,6.799040679249811,-2.811545768122105
3.9874949111277056,6.439465668388792,-2.451970757261086
3.9874949111277056,6.01708302826037,-2.029588117132664
3.9874949111277056,8.959395324147167,-4.971900413019461
3.9874949111277056,5.942288289625737,-1.9547933784980316
3.9874949111277056,4.865416110844961,-0.8779211997172558
3.9874949111277056,4.423714698859776,-0.43621978773207015
3.9874949111277056,3.979770406880052,0.007724504247653474
3.9874949111277056,3.5977703316862537,0.3897245794414519
3.8205797493354234,3.585308642135907,0.23527110719951638
3.6439994698165554,4.271017230926528,-0.6270177611099728
3.4670089073089367,3.434998468738109,0.03201043857082775
3.289570416136641,3.0531410643691044,0.23642935176753666
3.115591667490047,2.7366827176942734,0.3789089497957736
2.9398896666100116,2.4850123310989436,0.454877335511068
2.903211633872789,2.320525110550584,0.5826865233222049
2.8609737904832184,2.0641798292082063,0.7967939612750121
2.809471209016222,2.3754822239320355,0.4339889850841865
2.764546939387222,1.6462877108635028,1.1182592285237192
2.7249471740734577,1.9637743071039395,0.7611728669695181
2.6828062183957377,2.1800442862999385,0.5027619320957992
2.6336723272595437,2.035908290278118,0.5977640369814257
2.5668789609049525,1.9427389455952613,0.6241400153096912
2.3642409688383927,1.1697989803930229,1.1944419884453699
2.187453855260647,2.646168593157904,-0.45871473789725714
2.0295699578943207,2.9321379320994234,-0.9025679742051027
2.0295699578943207,1.736250513155583,0.2933194447387377
1.8036699944654953,2.504083578502078,-0.7004135840365826
1.8036699944654953,2.022005940338065,-0.21833594587256955
1.8036699944654953,2.270558862233891,-0.46688886776839555
1.8036699944654953,2.0528558879206704,-0.24918589345517517
1.9537828212763202,2.2771757685975316,-0.3233929473212114
1.9537828212763202,2.876321321177272,-0.9225384999009516
1.9537828212763202,2.27163685563139,-0.31785403435507
1.9537828212763202,2.254806161379462,-0.3010233401031419
1.9537828212763202,2.085705115732292,-0.13192229445597192
1.9537828212763202,2.1802021594909333,-0.22641933821461313
1.9537828212763202,2.0163688803930757,-0.06258605911675552
1.9537828212763202,2.052704513862648,-0.09892169258632766
1.9537828212763202,2.9523208688581524,-0.9985380475818322
1.9537828212763202,2.4520817248247386,-0.49829890354841844
1.9537828212763202,2.529918168743951,-0.576135347467631
1.9537828212763202,2.4433819942216974,-0.48959917294537725
1.9537828212763202,2.0363302089425694,-0.08254738766624925
1.8077836504422333,1.8992538959291465,-0.09147024548691318
1.6630081054844916,1.7717597779520051,-0.1087516724675135
1.6630081054844916,1.8669411167354133,-0.20393301125092167
1.6630081054844916,1.9558945856269894,-0.29288648014249774
1.5102426612889819,2.0075308562587417,-0.49728819496975984
1.3551102503706889,1.938185531633916,-0.5830752812632272
1.3551102503706889,2.0614180501574935,-0.7063077997868046
1.3551102503706889,2.0569493534972256,-0.7018391031265367
1.3551102503706889,2.0585580056492816,-0.7034477552785927
1.3551102503706889,2.0612194703671647,-0.7061092199964758
1.3551102503706889,2.1057734437956666,-0.7506631934249777
1.3551102503706889,1.7403210944363277,-0.38521084406563877
1.3551102503706889,1.7753853936782593,-0.42027514330757043
1.3551102503706889,1.7887767181773688,-0.43366646780667994
1.3551102503706889,1.9113113390536778,-0.5562010886829889
1.508311365452544,1.78563165469559,-0.27732028924304597
1.6703834480238966,1.9842344633346056,-0.313851015310709
1.8373432627036423,1.8074819004604834,0.02986136224315894
2.008328905410619,1.991484172937891,0.016844732472728108
2.17612501384516,1.708643487214317,0.46748152663084297
2.3360335034359854,1.918877077079155,0.41715642635683037
2.4898831088133067,1.9183124403773413,0.5715706684359654
2.6386534380636824,2.223953120557969,0.41470031750571357
2.8067167888477345,2.3714922773432683,0.43522451150446617
2.998822587144192,2.472646116320568,0.5261764708236241
3.182192414993218,2.4965599244487278,0.6856324905444904
3.3701136478888363,2.1490202758406904,1.2210933720481458
3.5597531658266606,2.5640465577193723,0.9957066081072883
3.7533284077235054,3.0881696030774997,0.6651588046460057
3.937521564391617,3.6345427838217272,0.3029787805698896
4.111946625464741,3.8381569087908414,0.2737897166738996
4.274570562382299,4.5125417758498285,-0.2379712134675298
4.4384048261704905,4.703427927453246,-0.26502310128275575
4.630643692845417,4.5279287923472,0.10271490049821708
4.8587845347742045,4.580468986237871,0.2783155485363338
5.1291071894580735,5.121046320015156,0.008060869442917173
5.414627692343471,5.454437823306583,-0.03981013096311248
5.697444122516676,5.863434772063358,-0.16599064954668208
5.9898237525728115,5.929318824631905,0.06050492794090623
6.285600615612027,5.634907583310399,0.6506930323016276
6.590586341594461,6.455032568378886,0.13555377321557494
6.893101237258398,6.644663603593777,0.24843763366462124
7.188944882120107,6.36276165589673,0.8261832262233773
7.471930594944894,6.181356055406579,1.2905745395383148
7.751695934533302,6.531956696496114,1.2197392380371879
8.034448477018456,8.022307324350402,0.012141152668053934
8.335511603750353,8.084228377935593,0.2512832258147597
8.636858445360373,6.993947265560691,1.6429111797996816
8.956340955797895,7.79296698659322,1.1633739692046747
9.29811511511988,8.525694568621363,0.7724205464985179
9.665645253974771,8.007263213084236,1.658382040890535
10.06097692954627,8.409831627004875,1.6511453025413942
10.488939073631046,9.024141534902906,1.4647975387281402
10.924243639975375,9.148015147078796,1.7762284928965784
11.35737218211831,10.024421492568589,1.3329506895497207
11.664922985753334,8.756155958649906,2.908767027103428
11.983557689124094,6.329067472432715,5.654490216691379
12.296691165705866,6.606510330880839,5.690180834825027
12.597334032631455,7.144539434968544,5.452794597662911
12.880338942663334,7.624082669480408,5.2562562731829265
13.168880404042868,8.003412939561748,5.16546746448112
13.463311799630441,9.235405335889654,4.227906463740787
13.784613682762792,9.370158220619443,4.41445546214335
14.253913076974,8.574552421166143,5.679360655807857
14.667542565520254,8.799104788199763,5.868437777320491
15.15673093285444,8.43618378729884,6.720547145555601
15.638035565158455,8.674557128090417,6.963478437068039
16.152686532185754,9.040214489452358,7.112472042733396
16.671224181236887,10.093027560091304,6.578196621145583
17.171083755913113,9.894261936586451,7.276821819326662
17.672368387305003,9.849039988853496,7.8233283984515065
18.024701948449717,10.177245281878548,7.847456666571169
18.479794776484685,10.657219714613438,7.822575061871246
18.92821452900561,10.927635455192101,8.00057907381351
19.36020279958772,11.32052996550031,8.039672834087412
19.806760545470997,11.98565030852241,7.821110236948586
20.25891695979056,12.07575166139559,8.183165298394972
20.697674418658625,11.809591506182564,8.888082912476062
21.102317037922457,11.97842531341301,9.123891724509447
21.45389705528342,12.277791202944545,9.176105852338875
21.78358048904698,12.854837134379716,8.928743354667263
22.1016358346817,12.812354692068796,9.289281142612905
22.40919456970295,13.419612149778633,8.989582419924318
22.72048041576546,13.82582050279596,8.894659912969502
23.041979171233447,14.50364221069757,8.538336960535876
23.361092535717493,14.325242828149474,9.035849707568019
23.661891904624216,14.352726687715322,9.309165216908895
23.957940068407996,13.979793259881756,9.97814680852624
24.240188310118832,14.190136342720502,10.05005196739833
24.49209763508413,14.439284840545387,10.052812794538742
24.72319822436595,15.964413466454555,8.758784757911396
24.923745277559252,16.539569793508953,8.3841754840503
25.117258861179796,16.262051039240294,8.855207821939501
25.299427598496873,16.749803665109354,8.549623933387519
25.47365026297489,19.677587185535803,5.796063077439086
25.658324791479657,20.56508496016261,5.093239831317046
25.827382762141237,20.941452009594975,4.885930752546262
25.97426518336209,22.03253306088048,3.9417321224816106
26.186806599002733,23.526241828410107,2.660564770592625
26.24780371201701,23.05536635286576,3.192437359151249
26.318566858676366,23.327312509396812,2.9912543492795542
26.388744826009226,22.742587779749492,3.6461570462597344
26.460350292215065,23.88152292434312,2.578827367871945
26.53301818283678,24.126298705352003,2.4067194774847778
26.626569657915557,24.213124691162427,2.4134449667531293
26.731517236404972,24.764956321284885,1.9665609151200876
26.842437061051488,24.16910506122449,2.673331999826999
26.930391520101434,24.6666139337859,2.263777586315534
27.000581243110712,26.14296006928241,0.8576211738283028
27.07025869693541,26.637269072360507,0.43298962457490475
27.129313133802523,27.050599447224144,0.07871368657837863
27.163652461343275,27.00974176915632,0.15391069218695463
27.17369642814825,26.88944879581886,0.28424763232938943
27.179422327708657,26.478918145985492,0.700504181723165
27.19653317165873,26.368838784705304,0.827694386953425
27.2335764796366,25.922753726715126,1.3108227529214744
27.290476761215295,25.97245434048025,1.3180224207350442
27.344081557914166,25.85409311075934,1.4899884471548255
27.365366694540654,25.875181812230913,1.490184882309741
27.34070674208341,24.813561638285215,2.527145103798194
27.29661054318807,24.696914225198732,2.5996963179893378
27.244839381097986,24.276660161612465,2.9681792194855205
27.174805949602575,26.213358446999337,0.9614475026032387
27.09524724101063,26.48660488036257,0.6086423606480587
26.985671807557733,24.299758972770576,2.685912834787157
26.877438327698002,26.23067223022221,0.6467660974757905
26.78962678995621,25.45194704240718,1.3376797475490285
26.703594835261097,25.621553965079936,1.0820408701811601
26.636175059984534,26.598452724944565,0.03772233503996958
26.567978079197083,26.491412898364654,0.07656518083242858
26.47439500929628,27.37172281031732,-0.8973278010210386
26.37831337841712,26.820774071932526,-0.4424606935154074
26.27021717655967,26.386164528872236,-0.11594735231256692
26.141569440185872,24.928358361337544,1.2132110788483281
25.98531838397073,24.90417568872995,1.0811426952407786
25.791313019939526,24.613959996636176,1.1773530233033505
25.555189938175594,24.753686710124217,0.8015032280513772
25.315710802899094,23.723117373645156,1.592593429253938
25.081447454216693,23.784914517305612,1.2965329369110812
24.834684897776253,23.620320930414536,1.2143639673617166
24.57165053461586,21.73755852453258,2.8340920100832783
24.3011009088271,19.162081788718314,5.1390191201087845
24.03277912682637,18.13180876199311,5.90097036483326
23.76473169805348,18.222843406490377,5.5418882915631045
23.493255939305083,18.23339963206028,5.259856307244803
23.21927558381882,17.299673476945117,5.919602106873704
22.913971707544196,16.49229383665577,6.421677870888427
22.595321318261565,15.661698052737584,6.9336232655239805
22.331562227633867,14.94676070203984,7.3848015255940265
21.99951337531841,13.221109518126397,8.778403857192014
21.67111068229787,13.015393124740573,8.655717557557296
21.300943777723955,13.417934762236664,7.883009015487291
20.78240612867282,12.818165397332038,7.964240731340784
20.2825465539966,12.883653321779128,7.398893232217471
19.781261922604706,11.097442704047548,8.683819218557158
19.27881553464917,11.74254185911293,7.53627367553624
18.8237227066142,10.176246478221836,8.647476228392362
18.375302954093275,9.920066082640083,8.455236871453192
18.096760276619268,11.124593040646177,6.972167235973091
17.817111509242352,12.312369801711824,5.504741707530528
17.54301720227136,11.525388200214394,6.017629002056967
17.262822568461182,10.927942789933248,6.3348797785279345
17.02069192139266,9.871049029524277,7.149642891868384
16.847796850907578,9.888093035868929,6.959703815038649
16.684111256824643,9.018843906026298,7.665267350798345
16.36605591118992,10.261367250760598,6.104688660429323
16.058497176168668,9.864744523391973,6.193752652776695
15.747211330106154,9.80128209198463,5.945929238121524
15.425712574638172,9.924437787231456,5.501274787406716
15.106599210154128,9.587826905216247,5.518772304937881
14.805799841247401,9.699162842063066,5.106636999184335
14.50975167746362,9.046521522704953,5.4632301547586675
14.227503435752789,6.5698772330960375,7.657626202656751
13.975594110787487,6.393155449505511,7.582438661281976
13.74449352150567,7.036734120136538,6.707759401369131
13.543946468312365,7.52577742134045,6.018169046971915
13.500743112711447,9.494703876388943,4.006039236322504
13.463203766567647,9.44453644222753,4.018667324340116
13.43598793520297,9.570161710946644,3.8658262242563257
13.414216229715317,9.27749587597892,4.136720353736397
13.407535531538063,9.384367346125941,4.023168185412121
13.413112366946036,9.066585711826358,4.346526655119678
13.20057095130539,9.16351642221625,4.03705452908914
12.986372723209257,9.443651414569475,3.5427213086397824
12.75353749397855,9.438989223971602,3.3145482700069486
12.516399711965944,9.376325804413813,3.1400739075521304
12.273808603053128,9.014131170431423,3.2596774326217055
12.033344603996868,7.371579021476564,4.661765582520304
11.779884639327268,9.106391967731376,2.6734926715958913
11.521087455460536,9.344238059583368,2.176849395877168
11.261397301563644,8.81933928568993,2.442058015873714
11.005379491729643,7.530401060746581,3.474978430983062
10.904445598833425,8.397828315440893,2.506617283392531
10.82298932066837,9.099574505469773,1.7234148151985966
10.751407267274583,8.054761123068339,2.6966461442062446
10.70686755183095,7.518587698835433,3.1882798529955165
10.675835106853286,7.821193802388167,2.8546413044651198
10.651496011709126,7.464171233020195,3.1873247786889314
10.628789513642703,6.728927112600849,3.8998624010418537
10.584452707718393,7.14064198648273,3.4438107212356632
10.363718162351505,7.330628995127453,3.033089167224052
10.261048697356987,6.699101546423255,3.561947150933732
10.174412685673486,7.21839428364948,2.9560184020240063
10.092060039817527,7.133027750357482,2.959032289460045
10.017717365596033,7.124763488868529,2.8929538767275034
9.968222793892153,6.976541034101209,2.9916817597909438
9.941128132829606,7.00719874539325,2.933929387436356
9.934137188120802,6.948078594994019,2.986058593126783
9.953919690307387,7.044689569296757,2.90923012101063
9.973699834637554,6.3616698824579165,3.612029952179637
9.969482170672032,6.467930837031943,3.501551333640089
9.95519596168945,6.4356672590154,3.51952870267405
9.91370089152937,4.666032205945295,5.247668685584075
9.865500288659854,4.239131394880132,5.6263688937797225
9.832186852856378,4.51788118078113,5.314305672075248
9.795197270059779,5.2755011116589055,4.5196961584008735
9.739606071919292,5.32026270334995,4.419343368569342
9.685429568058055,5.381725360147209,4.303704207910846
9.634079124016951,5.611067143050013,4.023011980966938
9.59205551805378,4.485438936096322,5.106616581957458
9.554342859912806,4.350246145609961,5.204096714302845
9.358517428844976,4.74675459110022,4.611762837744757
9.306144211908322,4.632713686406804,4.673430525501518
9.102325719471962,4.065488310897366,5.036837408574596
8.899369572271553,4.832345286431369,4.0670242858401835
8.705285566504758,2.902347236896166,5.802938329608592
8.52022080006718,1.669944643615226,6.8502761564519545
8.495802168346872,1.7500182104278892,6.745783957918983
8.325692008400312,1.6232068008085399,6.702485207591772
8.153082971347471,1.6913696238403348,6.461713347507136
7.990590206042662,2.3610920890375358,5.629498117005126
7.839941201114087,2.734074771656294,5.105866429457793
7.69007080319553,2.147290727404787,5.542780075790743
7.5329312881767985,2.9545196251968835,4.578411662979915
7.527799921334164,3.19557566026025,4.332224261073915
7.530472262520218,3.6090855094355305,3.921386753084687
7.530472262520218,4.098882531286801,3.4315897312334167
7.673846068451236,4.810616693572814,2.863229374878422
7.673846068451236,4.67328654909004,3.000559519361196
7.673846068451236,3.045273298665733,4.628572769785503
7.823923627093762,3.395085928294471,4.428837698799292
7.977783201314343,3.851654655439267,4.126128545875075
7.973443758714481,3.820445668788927,4.152998089925553
7.80653478020812,3.324490713981048,4.482044066227072
7.628472672859547,3.006437012317801,4.622035660541746
7.469909847801661,2.975091998200146,4.494817849601516
7.307397875606354,3.5850899480624054,3.722307927543948
7.128712928730467,3.4849355918828886,3.6437773368475783
6.96271508904985,3.602806920084179,3.3599081689656716
6.96271508904985,4.224856702223579,2.7378583868262716
6.96271508904985,4.119303815539956,2.8434112735098944
7.119269957602101,3.4165202732602378,3.702749684341863
7.280886077309492,5.6133088391078925,1.6675772382015994
7.446801263850709,5.504046196577988,1.9427550672727207
7.62059764244619,5.540353317010919,2.0802443254352703
7.797425045495457,5.688080763082399,2.1093442824130575
7.982277570667549,6.223606119554744,1.7586714511128045
8.174708711872018,5.491905733489051,2.682802978382967
8.366007346864068,5.228656930486234,3.137350416377834
8.558237795145418,6.014397957057619,2.5438398380877993
8.603154949908616,5.226401300505362,3.3767536494032537
8.654482901040552,5.718218309185828,2.936264591854724
8.696575861137049,6.290790137171178,2.405785723965871
8.71674115146648,6.445440696205802,2.2713004552606773
8.727578513504989,6.227761843598173,2.4998166699068163
8.745604928048857,6.60580180571022,2.1398031223386376
8.917885591924898,7.353482395105035,1.564403196819863
9.069467929548896,7.116528425647905,1.952939503900991
9.215889482231919,6.68695038665533,2.5289390955765887
9.215889482231919,7.161466413234421,2.0544230689974983
9.215889482231919,7.162308062852379,2.0535814193795403
9.215889482231919,7.077280949845549,2.13860853238637
9.215889482231919,7.4688162283548625,1.7470732538770566
9.215889482231919,7.320294838719337,1.895594643512582
9.215889482231919,7.554203625290991,1.6616858569409283
9.215889482231919,7.2763509204161405,1.9395385618157786
9.054527853822401,7.721018881174884,1.3335089726475173
8.88293685031373,7.439046591943015,1.4438902583707147
8.70754323394479,6.911576727915671,1.795966506029119
8.528104103909849,6.84024006832555,1.6878640355842984
8.35551734018569,6.562355874118865,1.7931614660668256
8.189937379101327,7.169282310651731,1.0206550684495959
8.02110797214456,6.831220467573301,1.1898875045712582
7.865777533173441,5.875864927430816,1.9899126057426253
7.865777533173441,4.769490162804581,3.0962873703688603
7.72260333479416,4.517386148775696,3.205217186018464
7.559813367922386,5.029011192115992,2.530802175806394
7.39650331155172,4.967663510412147,2.4288398011395724
7.229421681783156,4.248563217241141,2.980858464542014
7.047870985403916,4.773978640055837,2.273892345348079
6.85261944790574,4.418485939196114,2.4341335087096256
6.643392238167276,3.779635767325865,2.8637564708414107
6.428199443451149,3.0472374966564444,3.3809619467947045
6.214137883316776,3.921187601451624,2.2929502818651524
6.010323440162379,4.022864442695767,1.9874589974666117
5.827655891015295,3.6349185156973127,2.1927373753179826
5.656805396863528,3.453385243258637,2.203420153604891
5.4904504380353325,3.7246577146162965,1.765792723419036
5.316283817007717,2.269371182112259,3.046912634895458
5.148008189073459,2.5009393768727284,2.6470688122007306
4.992213078633875,3.846972417619219,1.1452406610146562
4.833263159546923,4.06583907598891,0.7674240835580131
4.67333452094828,3.027824796584842,1.6455097243634378
4.514031815371157,3.6839890022686057,0.8300428131025517
4.359905411191286,3.288188361243355,1.0717170499479307
4.359905411191286,2.240131466320006,2.11977394487128
4.213413434667407,2.1589925687653846,2.0544208659020224
4.213413434667407,2.305978102588959,1.9074353320784478
4.213413434667407,2.2227262846721043,1.9906871499953027
4.213413434667407,1.8971537944348162,2.316259640232591
4.213413434667407,3.0526814306676067,1.1607320039998004
4.064204263001216,3.15063344689689,0.9135708161043254
4.064204263001216,2.0342925059129904,2.0299117570882252
4.064204263001216,3.2402026980954255,0.8240015649057901
4.064204263001216,2.957384077915325,1.1068201850858905
4.064204263001216,3.684129903726943,0.3800743592742726
4.064204263001216,4.524247539867354,-0.46004327686613866
4.064204263001216,4.351864600395531,-0.28766033739431496
3.9164336905603805,3.790266440831673,0.12616724972870763
3.76927728692094,4.04037610010043,-0.27109881317949025
3.76927728692094,4.052358561395521,-0.283081274474581
3.6259034809899218,4.188644931442488,-0.5627414504525659
3.6259034809899218,4.210074203709476,-0.5841707227195538
3.6259034809899218,4.593444222492084,-0.9675407415021624
3.475825922347395,5.502597200804358,-2.026771278456963
3.321966348126815,5.032535137298973,-1.7105687891721582
3.1728601976185735,5.380071439843771,-2.2072112422251977
3.1728601976185735,5.419026984872761,-2.2461667872541873
3.1728601976185735,5.198147566931892,-2.0252873693133187
3.1728601976185735,4.247582702486059,-1.0747225048674856
3.1728601976185735,4.117839776993023,-0.9449795793744493
3.1728601976185735,3.7685366455951317,-0.5956764479765582
3.1728601976185735,3.5565964161635,-0.38373621854492646
3.1728601976185735,3.6175548876532435,-0.44469469003467
3.1728601976185735,3.477648226623746,-0.3047880290051723
3.016305329066323,3.520872623359884,-0.5045672942935608
2.8546892093589316,3.249777155387895,-0.39508794602896335
2.688774022817715,2.479698908240756,0.20907511457695893
2.514977644222235,2.634095248778003,-0.11911760455576781
2.338150241172968,2.941780618705079,-0.6036303775321108
2.1532977160008757,2.422053037065037,-0.2687553210641611
1.9608665747964058,2.627135446644472,-0.6662688718480663
1.769567939804357,3.3708924704837058,-1.6013245306793489
1.5773374915230052,2.098162138266469,-0.5208246467434636
1.3821101087401868,1.3329916890890563,0.04911841965113051
1.1861527664349698,1.3050330301321464,-0.11888026369717664
0.9970529732251384,1.3345051312784773,-0.33745215805333884
0.8139848598785916,1.1083268809639533,-0.29434202108536167
0.6407702253557532,1.082582170658586,-0.44181194530283285
0.47028455418306236,1.3948230930356853,-0.9245385388526229
0.29800389030702085,1.5482839355423978,-1.250280045235377
0.14642155268302254,1.127112477865401,-0.9806909251823783
0.0,1.773298328823966,-1.773298328823966
0.0,1.721166403141585,-1.721166403141585
0.0,1.8005963908377698,-1.8005963908377698
0.0,1.4405353011561313,-1.4405353011561313
0.0,1.2004867196772924,-1.2004867196772924
0.0,1.0756640939478779,-1.0756640939478779
0.0,1.438876601699958,-1.438876601699958
0.0,1.2919091779777918,-1.2919091779777918
0.0,1.3080467572888244,-1.3080467572888244
0.0,1.183728954273245,-1.183728954273245
0.0,1.0012536852835041,-1.0012536852835041
0.0,0.43242502043640796,-0.43242502043640796
0.0,0.43454182850690765,-0.43454182850690765
0.0,0.6362981616076947,-0.6362981616076947
0.0,0.6529226500757885,-0.6529226500757885
0.0,0.6311928471992075,-0.6311928471992075
0.0,0.5993701056752931,-0.5993701056752931
0.0,0.4081714390276574,-0.4081714390276574
0.0,0.09126310330708448,-0.09126310330708448
0.0,0.1227171971155087,-0.1227171971155087
0.0,0.12026792253656685,-0.12026792253656685
0.0,0.17567257596516458,-0.17567257596516458
0.0,0.03189036346309288,-0.03189036346309288
0.0,0.028421451042376925,-0.028421451042376925
0.0,0.05277151680216378,-0.05277151680216378
0.0,0.028593965858428792,-0.028593965858428792
0.0,0.027649357781079426,-0.027649357781079426
0.0,0.08165873131221096,-0.08165873131221096
0.0,0.10219079248487044,-0.10219079248487044
0.0,0.06220194127851305,-0.06220194127851305
0.0,0.047378298556480763,-0.047378298556480763
0.0,0.14778055807324814,-0.14778055807324814
0.0,0.13721625675382026,-0.13721625675382026
0.0,0.1983668153258546,-0.1983668153258546
0.0,0.3491627231742092,-0.3491627231742092
0.0,0.6802047505867264,-0.6802047505867264
0.0,0.6705119886670354,-0.6705119886670354
0.0,0.8001646853360411,-0.8001646853360411
0.0,0.8435770584658498,-0.8435770584658498
0.0,0.8714260230518434,-0.8714260230518434
0.15178617758361973,0.9126054729993844,-0.7608192954157647
0.3120737902302747,1.131553583222193,-0.8194797929919183
0.48171855845008693,1.2919401295670232,-0.8102215711169363
0.65889970918838,1.1829292289151587,-0.5240295197267787
0.8535115866052269,1.2084825074530576,-0.3549709208478308
1.04689067898784,1.3688136642374489,-0.32192298524960883
1.2462022404109858,1.6031646694519353,-0.35696242904094944
1.443204867602547,1.8945038608076188,-0.4512989932050717
1.6448561879808656,1.959897508761541,-0.31504132078067526
1.850629598678369,2.2060234444682107,-0.3553938457898418
2.0644479954220034,2.147649700990656,-0.0832017055686527
2.2762849869644506,2.2786483910372257,-0.0023634040727751326
2.4976508890777933,2.2444147236047094,0.2532361654730839
2.720477141992079,2.3781343977653613,0.3423427442267175
2.9423625628657737,2.4364248329824956,0.5059377298832781
3.177794928794333,2.862280656204955,0.31551427258937803
3.4250375253485195,3.034949806989929,0.39008771835859024
3.681741014050469,3.513130965373323,0.16861004867714602
3.946535492491112,3.6619971919251273,0.2845383005659845
4.218686989744254,3.719359135555518,0.4993278541887358
4.491445818897524,3.9409089087899263,0.5505369101075974
4.77651369477799,4.084005241389142,0.6925084533888484
5.088196607984814,4.548190336372818,0.540006271611996
5.412270546367474,5.138261107045184,0.27400943932229005
5.7535751664249295,5.481266085605499,0.27230908081943017
6.1036582436307105,5.595020663806726,0.5086375798239846
6.458746847232082,5.998771106120887,0.45997574111119555
6.816303345436476,5.997655566089664,0.8186477793468123
7.183443315564795,6.362991269989817,0.820452045574978
7.57285854691951,7.011953075609111,0.5609054713103987
7.98032812597051,8.052920731622685,-0.07259260565217485
8.381617064387886,8.738127357267414,-0.35651029287952873
8.77267695921306,8.904283269488214,-0.13160631027515457
9.170081835763975,9.56800408088901,-0.3979222451250344
9.582664386731242,9.882117260171436,-0.29945287344019356
10.009559093640858,10.17041154249499,-0.16085244885413275
10.446221555524968,10.731209958726456,-0.28498840320148844
10.873096650274208,11.429101854484765,-0.5560052042105568
11.305672621229775,11.336102779366225,-0.030430158136450558
11.733145648635329,11.378626004382427,0.3545196442529015
12.162103162475292,11.375757875297104,0.7863452871781877
12.60954927317826,11.881573150103899,0.7279761230743613
13.050202310870246,12.410519251638025,0.6396830592322207
13.493712646065491,12.598495297063144,0.8952173490023476
13.924415628792634,13.07433528380773,0.850080344984903
14.341937106034957,13.786286622230488,0.5556504838044685
14.74977087296162,13.815403780700848,0.9343670922607714
15.167322530425865,13.9332930788304,1.2340294515954646
15.580487725432917,13.944077964619131,1.6364097608137858
16.014625830038252,13.724083815324875,2.2905420147133775
16.458859687998324,14.53123679547045,1.9276228925278733
16.912906897361683,13.74699881965396,3.165908077707723
17.31588429973181,13.681072414416997,3.6348118853148126
17.672083338994224,14.636815180227503,3.035268158766721
18.03335731688443,15.519987612564249,2.5133697043201817
18.320526410058612,15.591890609067061,2.728635800991551
18.591941493089532,15.186380038087316,3.405561455002216
18.86533634998898,15.098707313815217,3.7666290361737627
19.141660434253303,16.04939909646715,3.092261337786155
19.42946632698085,16.477416851076395,2.952049475904456
19.730006371538952,16.848456085419887,2.881550286119065
20.035119767806698,17.24850638407202,2.7866133837346787
20.338285249322276,17.247028985851557,3.0912562634707186
20.651089439944567,17.26379152501375,3.387297914930816
20.971260114126896,17.633641740539275,3.3376183735876204
21.313315155993923,18.886100421073397,2.4272147349205255
21.668153508394713,19.1382232791667,2.5299302292280146
22.01869012197102,19.438378284302946,2.5803118376680736
22.36307230189544,19.70155553508125,2.661516766814188
22.69533427750156,19.721985951208833,2.973348326292726
23.017516919593223,19.339309191420824,3.6782077281723993
23.325966173943772,19.77296492318137,3.553001250762403
23.63271296102599,19.9793593731993,3.6533535878266896
23.943919160579537,21.09713776766282,2.846781392916718
24.245300522758722,21.224592390725828,3.020708132032894
24.52643223637353,20.92974233530466,3.5966899010688707
24.800866423282745,20.998540955164557,3.8023254681181875
25.070235647242608,22.098394669128268,2.97184097811434
25.324161554441293,22.129074778584414,3.195086775856879
25.567774690359393,22.753031431264542,2.8147432590948505
25.80003326289386,22.37844126690008,3.4215919959937793
26.020757129126928,22.54579047304628,3.474966656080646
26.23594923918487,22.43336917432549,3.8025800648593773
26.44123354345587,22.255187425322003,4.186046118133866
26.49066951079038,22.3217805745922,4.168888936198179
26.52555548739343,22.242414126229466,4.283141361163963
26.545687930636696,22.48040796968528,4.065279960951415
26.55251812814055,22.612789988941337,3.9397281391992145
26.544938047098697,22.679622129676034,3.865315917422663
26.538156063332995,23.012337233822514,3.525818829510481
26.528346451349385,22.67126776881862,3.8570786825307657
26.5134642081851,22.456002028833943,4.057462179351155
26.48283219924718,22.298331317499905,4.184500881747276
26.43335466910184,21.904410980457076,4.5289436886447625
26.377411812562624,22.025286751943668,4.352125060618956
26.333694377305914,21.904269853914855,4.429424523391059
26.2857651486595,21.99455600906404,4.291209139595459
26.23691991823259,21.690210557796085,4.546709360436505
26.200124752228845,21.66350255506235,4.536622197166494
26.143135905924108,21.26517383951338,4.877962066410728
26.062749868216965,21.315996774794847,4.746753093422118
25.980077987836754,22.305013730430687,3.675064257406067
25.902885884841883,21.592517955675312,4.310367929166571
25.808543477477496,21.65079154525901,4.157751932218485
25.68441250568025,20.916860603647912,4.767551902032338
25.399344629799778,20.83790986878326,4.561434761016518
25.087661716592955,20.93377491059667,4.153886805996283
24.763587778210297,20.855083866073365,3.9085039121369327
24.42228315815284,21.160086715268307,3.262196442884534
24.07220008094706,21.451244474706876,2.6209556062401838
23.86242650181879,21.937993817542118,1.9244326842766704
23.504870003614396,23.435801610415076,0.0690683931993199
23.137730033486072,24.032794840510462,-0.8950648070243901
22.89879283440713,23.427770540040346,-0.528977705633217
22.645437047751898,21.898791779077566,0.7466452686743317
22.402147369083234,21.87428739602973,0.5278599730535056
22.17158933202066,20.941321970777143,1.2302673612435164
21.934040550178672,21.24599698710802,0.6880435630706536
21.690388482429075,21.507996114066028,0.18239236836304684
21.42961393979518,21.195066951994104,0.23454698780107464
21.154474088769973,21.125419223754314,0.02905486501565946
20.88001208291291,21.35120836481051,-0.4711962818976012
20.600490290909885,21.03617694107109,-0.43568665016120534
20.328785335631714,21.44215663459736,-1.113371298965646
20.051455312126556,21.270352267443876,-1.2188969553173195
19.755909106069872,22.335692823206937,-2.5797837171370652
19.465017805250323,22.33117221433424,-2.8661544090839186
19.165992910084263,22.259064826689798,-3.0930719166055347
18.886968272946785,22.43694272250081,-3.549974449554025
18.632075832530052,22.2452932794979,-3.613217446967848
18.3951050775554,21.42336780598149,-3.028262728426089
18.149618028949195,21.322707111978854,-3.1730890830296588
17.90986848235738,20.945434824650068,-3.0355663422926895
17.65978745086747,19.84462504741394,-2.184837596546469
17.405976254714165,19.4756268475193,-2.069650592805136
17.13327790020967,19.681578996789806,-2.5483010965801363
16.914950968176104,19.715042235143525,-2.8000912669674207
16.74256119213164,19.110960269593196,-2.3683990774615573
16.56642255802708,19.137620504133384,-2.5711979461063024
16.472422550793134,19.104905334210436,-2.632482783417302
16.399719719237698,18.596387611056603,-2.1966678918189046
16.322691903792787,17.122163044252382,-0.7994711404595947
16.249072910399683,17.020330206431357,-0.7712572960316741
16.160907053945355,14.489412572123209,1.6714944818221458
16.059908876919494,14.11634242771229,1.9435664492072036
15.952370168157538,13.465894246496894,2.4864759216606434
15.842627746399229,13.66051832215231,2.182109424246919
15.717821942329744,12.941779567566325,2.776042374763419
15.581582088710311,13.091623325040889,2.4899587636694225
15.42692193774777,12.992570023724864,2.434351914022905
15.270680544785678,13.057215986296885,2.213464558488793
15.12260590539699,12.807409130765736,2.3151967746312536
14.982686424817176,12.310882576106968,2.6718038487102085
14.856987358797522,12.158574302853957,2.698413055943565
14.730967247212366,12.027528559795227,2.7034386874171386
14.61846431712183,11.830418443103715,2.788045874018115
14.512183347826634,11.91794871810143,2.5942346297252037
14.405460643974902,12.118258584261168,2.2872020597137332
14.30729859472281,11.658654232524109,2.648644362198702
14.231692215335345,11.408718102579765,2.8229741127555794
14.167974495848341,11.194197255662854,2.9737772401854876
14.115665919040238,11.844277300450392,2.271388618589846
14.075541657807117,11.592102706872835,2.483438950934282
14.032108152451924,12.009215799223036,2.0228923532288885
13.979088144904066,11.718487221982288,2.2606009229217783
13.92625667474463,10.693776864228273,3.2324798105163577
13.868412151788347,9.083550058425901,4.784862093362445
13.819831879901983,8.77317211677923,5.0466597631227526
13.618609734983854,8.1786979016253,5.439911833358554
13.423436145734147,9.590966510245737,3.83246963548841
13.233658934271071,9.650103863282933,3.5835550709881385
13.049647586028922,9.151594525325525,3.898053060703397
12.862615789653926,8.676758252814329,4.185857536839597
12.676018681037018,9.71612820545488,2.9598904755821387
12.486516731597485,9.2097926651075,3.276724066489985
12.304396347570208,8.626186646070714,3.678209701499494
12.13337703612981,8.595865890000852,3.537511146128958
11.977081155577647,7.787548874598576,4.189532280979071
11.819205615373225,7.737933833742899,4.081271781630326
11.651086059087488,7.562861161847942,4.088224897239546
11.47764938562056,7.527385005648436,3.9502643799721247
11.30366836313318,7.27448500237665,4.02918336075653
11.118578108263234,7.379543898926305,3.7390342093369293
10.940134588639413,7.415289213835116,3.524845374804297
10.773278029792367,7.829061264544245,2.9442167652481226
10.59924642147063,8.030736633365567,2.5685097881050627
10.411644046024858,7.782525766563155,2.6291182794617027
10.233834956136102,8.084260062870612,2.1495748932654895
10.085207098780083,8.046269482000566,2.038937616779517
10.228275368196737,7.83584686186033,2.3924285063364072
10.228275368196737,7.599177995666935,2.6290973725298024
10.228275368196737,7.770045848897001,2.458229519299736
10.228275368196737,7.662729516414253,2.565545851782484
10.228275368196737,7.8204507144466415,2.4078246537500956
10.082960343723636,7.270380986461206,2.81257935726243
10.082960343723636,7.123137172640296,2.9598231710833405
10.082960343723636,8.243341417410518,1.8396189263131184
9.93248231144787,8.32634461506867,1.6061376963792
9.778368519052098,8.37535061066684,1.403017908385257
9.620369259303386,8.406735045797975,1.2136342135054115
9.459867401540789,8.367811432071452,1.092055969469337
9.300011306831863,8.526506027182783,0.7735052796490791
9.131080823614193,8.550269237206695,0.5808115864074974
8.964960659338471,8.597026129759172,0.3679345295792995
8.956838099840414,8.536550834000378,0.4202872658400363
8.961135456167359,8.50539269159192,0.4557427645754384
8.972345969581779,8.51180289018908,0.4605430793926999
8.97837601611886,9.048747762352281,-0.07037174623342146
9.005459427594031,8.903279759368342,0.10217966822568947
9.040350288226964,9.446552281177075,-0.40620199295011084
9.087149377916157,9.633674442837224,-0.5465250649210667
9.142095539527165,9.618679152248482,-0.476583612721317
9.180591047338973,9.901502144660135,-0.7209110973211619
9.202735296155227,9.750131097966545,-0.5473958018113176
9.217300518827733,10.021845583909107,-0.8045450650813741
9.231679690413216,10.006019796382501,-0.7743401059692854
9.232234598096994,9.905790074870374,-0.6735554767733802
9.224703701105389,9.939883838079894,-0.7151801369745048
9.217295585527697,9.960096478968266,-0.7428008934405685
9.21748178385637,10.22843120844151,-1.0109494245851405
9.232283918282052,11.155152126631632,-1.9228682083495805
9.250022278455077,12.797984241373614,-3.547961962918537
9.271523959955001,12.738360805020726,-3.4668368450657248
9.302981874009769,10.17053036062901,-0.867548486619242
9.338864482600448,11.497077821853019,-2.158213339252571
9.384188382001147,11.568619464169885,-2.1844310821687376
9.394029613869195,14.13734102041921,-4.743311406550015
9.414112380928216,14.577174951415982,-5.1630625704877655
9.437257628281007,11.563889405475676,-2.1266317771946692
9.465644786617784,12.268973321633325,-2.8033285350155417
9.5074030145305,10.740390971948505,-1.2329879574180058
9.568389250760086,10.638394909718835,-1.070005658958749
9.648685309710531,11.694442451167328,-2.0457571414567965
9.73477866550782,11.421037811325748,-1.6862591458179281
9.823163284001165,11.096017939746442,-1.2728546557452773
9.911294318283401,10.74523862610445,-0.8339443078210493
10.006838573177252,11.013945421530215,-1.0071068483529633
10.109889367000832,11.306294148451633,-1.1964047814508003
10.217472324804602,10.919019063461027,-0.7015467386564254
10.312783191487439,11.284693272921908,-0.9719100814344692
10.393910329226008,10.791441799544506,-0.3975314703184978
10.474103934339613,10.758670572919831,-0.2845666385802179
10.546970224392938,10.902799749447981,-0.35582952505504295
10.604844681504273,10.520149707834163,0.08469497367011058
10.639516554537085,10.604467736275277,0.03504881826180828
10.642977778021404,10.57187204822941,0.07110572979199326
10.634384057324606,11.52918764541288,-0.8948035880882745
10.677530338500132,11.442182427192359,-0.7646520886922268
10.693540246851978,11.351690456633566,-0.6581502097815886
10.710507065895113,10.09535539006428,0.615151675830834
10.728317627059052,10.209222408542605,0.5190952185164477
10.733755756193919,10.509938707324688,0.22381704886923082
10.884814471378819,10.110485199050073,0.774329272328746
11.031313447424468,10.244569338480048,0.7867441089444203
11.031313447424468,9.957611457396972,1.0737019900274962
11.031313447424468,10.622843371975828,0.40847007544864056
11.031313447424468,10.46741242066392,0.5639010267605489
11.031313447424468,10.102073574778123,0.9292398726463453
11.031313447424468,9.964832132265663,1.0664813151588053
11.031313447424468,10.58541869465988,0.44589475276458757
11.031313447424468,11.324096272021482,-0.29278282459701366
11.031313447424468,11.163610022328408,-0.13229657490393976
11.031313447424468,11.044871262627952,-0.01355781520348387
11.031313447424468,12.877278923127847,-1.8459654757033785
11.18748597012799,13.220939149469189,-2.0334531793411994
11.351263351730333,12.82442087986361,-1.4731575281332763
11.513180247525328,11.64617228491024,-0.13299203738491094
11.676536704884004,12.23719361248664,-0.5606569076026364
11.838357798623552,12.220630558328004,-0.3822727597044526
12.003014414652386,11.960593977174957,0.04242043747742841
12.161905587824638,12.577407895997055,-0.4155023081724174
12.317642696530926,12.363157112095124,-0.04551441556419711
12.470120734844558,12.577057004782176,-0.10693626993761818
12.476867642397172,12.547736425503633,-0.0708687831064605
12.624610667588936,12.702634751659897,-0.07802408407096095
12.768145951236187,12.819877150634683,-0.05173119939849613
12.91612695931251,12.356414111708446,0.5597128476040645
12.916126959312512,13.886160277408061,-0.9700333180955489
12.916126959312512,14.104638255417973,-1.1885112961054602
12.916126959312512,13.49156861438267,-0.5754416550701578
12.916126959312512,13.513090564727788,-0.5969636054152758
12.916126959312512,13.215746383031588,-0.2996194237190757
12.916126959312512,13.545960064661157,-0.629833105348645
12.916126959312512,12.305232781569718,0.6108941777427948
12.916126959312512,12.142577044404229,0.7735499149082834
12.916126959312512,12.039548863983443,0.8765780953290694
12.916126959312512,12.451833466241489,0.46429349307102363
12.916126959312512,11.534732842408967,1.3813941169035449
12.762726907951665,11.427274081229466,1.3354528267221983
12.606016462732544,13.504340333127208,-0.8983238703946643
12.441751770365581,14.024842630964317,-1.5830908605987357
12.27995365170112,12.949200629686649,-0.6692469779855283
12.10124274989114,12.78981331903751,-0.6885705691463695
11.914451984611924,13.191840916509777,-1.2773889318978533
11.717891158050294,14.793030989523507,-3.075139831473212
11.518459556410097,19.36002296561384,-7.841563409203744
11.328285703008627,20.346819910791908,-9.018534207783281
11.143512417366788,19.939422496464143,-8.795910079097355
10.958084182742269,20.436631381945094,-9.478547199202826
10.771640402298742,20.497811756416315,-9.726171354117573
10.597669846199732,20.337772753457333,-9.7401029072576
10.42114367007591,20.10316484515017,-9.682021175074262
10.23812912384683,20.010332367196135,-9.772203243349304
10.0565940706593,20.24918733277829,-10.192593262118992
9.857141465897055,18.890864142203053,-9.033722676305999
9.655593842506079,13.6463461995612,-3.990752357055122
9.448956817220505,13.338028563625684,-3.889071746405179
9.372901834193158,13.451776835618752,-4.078875001425594
9.28621475821201,13.363920679245949,-4.077705921033939
9.04452381735677,12.866117658935817,-3.8215938415790465
8.831977494617506,12.596357635021354,-3.7643801404038477
8.612254691285264,12.047351455481001,-3.4350967641957375
8.389567576400236,12.010444435099378,-3.620876858699143
8.163605730557665,12.29965054933385,-4.136044818776185
7.928424442887681,12.488773670032307,-4.560349227144626
7.679439820105292,12.221655132660922,-4.542215312555631
7.415212940591944,11.326624786072522,-3.9114118454805773
7.296199069167293,11.055467815070617,-3.7592687459033245
7.182366873309683,10.298808744429913,-3.1164418711202293
7.0762242437499765,9.709782061469058,-2.6335578177190815
6.963607963387214,9.143594278870545,-2.1799863154833306
6.842250530361937,9.403998110806066,-2.5617475804441288
6.719087446290059,9.108508551439705,-2.389421105149646
6.605987419145649,6.70467326134825,-0.09868584220260157
6.504294599181894,7.083459070425964,-0.57916447124407
6.390203043945424,6.02546268127808,0.36474036266734355
6.282709179740698,5.732430504380625,0.5502786753600732
6.177917376423742,5.570072615473888,0.6078447609498534
6.0854312876775944,5.986419044742256,0.09901224293533861
6.015674596316133,6.833897243140394,-0.8182226468242613
5.958905086206706,6.869169257090952,-0.910264170884246
5.715579174468268,6.903393457058213,-1.1878142825899447
5.520330701129816,6.941409386920318,-1.4210786857905022
5.3354714860130485,6.880755262501101,-1.545283776488052
5.160313337747447,6.742288428398839,-1.581975090651392
4.998171176227946,6.268889650921017,-1.270718474693071
4.847112461043046,5.670110069102739,-0.8229976080596932
4.700613484997397,7.3156957822864,-2.6150822972890033
4.700613484997397,7.913993908027918,-3.2133804230305216
4.700613484997397,7.599542846471441,-2.8989293614740443
4.700613484997397,7.476469005478544,-2.775855520481147
4.700613484997397,8.212399552068465,-3.5117860670710686
4.700613484997397,8.010106792936304,-3.309493307938907
4.700613484997397,7.870395295173839,-3.169781810176443
4.700613484997397,7.86726126729839,-3.166647782300993
4.700613484997397,7.89346376098216,-3.192850275984763
4.700613484997397,8.06189306751962,-3.361279582522223
4.700613484997397,6.607466662370066,-1.9068531773726694
4.5444409622938755,6.8651377326051515,-2.320696770311276
4.3806635806915315,6.341275468585589,-1.960611887894058
4.218746684896536,6.590758754995937,-2.3720120700994007
4.055390227537859,5.706545811510115,-1.6511555839722565
3.8935691337983127,4.72711521267403,-0.8335460788757172
3.957626524750266,5.0628539366783185,-1.1052274119280523
3.7987353515780145,5.731502705852122,-1.932767354274108
3.6429982428717267,5.468900679637417,-1.8259024367656904
3.639041326113919,5.227817099752742,-1.5887757736388228
3.64463775972705,5.075264288575449,-1.4306265288483986
3.6545269848978257,5.265563351603815,-1.611036366705989
3.5109917012505742,4.8649584627816,-1.353966761531026
3.554975744608085,5.348624111331378,-1.7936483667232928
3.746964385999435,5.108447427635809,-1.3614830416363746
3.928008983949043,4.8519679886296085,-0.9239590046805657
4.108538537341285,5.2714790488270475,-1.162940511485763
4.305212274160082,4.992490695946352,-0.68727842178627
4.514555220222969,5.037557031227713,-0.5230018110047441
4.72910801566129,5.4626040311466975,-0.7334960154854073
4.950294125160653,5.380494888066491,-0.4302007629058382
5.17181371144711,5.930541081121848,-0.7587273696747374
5.397014023735737,5.762146337765587,-0.36513231402984925
5.616335422994075,7.467297611905809,-1.8509621889117343
5.836742863682,7.22566212904868,-1.3889192653666802
6.06599200954644,7.683541632485788,-1.6175496229393485
6.303897970628564,7.466983345813958,-1.1630853751853936
6.557979951184914,7.858506034972727,-1.3005260837878128
6.8221838029354105,8.711600920965997,-1.889417118030587
7.094509308236141,9.742648933032713,-2.6481396247965723
7.398683557623095,9.149611390037519,-1.7509278324144235
7.731282157052368,10.294786479964708,-2.5635043229123404
8.086588813541486,11.302999418362347,-3.2164106048208616
8.43663224691684,11.93465381447776,-3.4980215675609205
8.7750258656496,12.311929816093791,-3.5369039504441915
9.117560496792235,11.260634977485736,-2.1430744806935014
9.490629309891608,11.608831622811561,-2.118202312919953
9.871886872213167,11.53670321093349,-1.664816338720323
10.248169297119626,11.493896894550243,-1.2457275974306175
10.64061003009259,12.335431161147307,-1.6948211310547165
11.037240017978075,13.416671434853392,-2.379431416875317
11.431336328515082,13.31009180624298,-1.878755477727898
11.81668997894504,13.285595253024933,-1.4689052740798925
12.203342747102482,14.1724467460353,-1.9691039989328178
12.458391925599173,14.419850949093224,-1.9614590234940508
12.73099845983235,14.012057412279287,-1.2810589524469371
13.178141420642332,15.417332697397057,-2.2391912767547257
13.636817198962108,16.153457118939734,-2.516639919977626
14.105561366228999,16.521808603377806,-2.4162472371488075
14.581751283642513,17.041174834885563,-2.4594235512430505
15.061491082965357,16.99913132984891,-1.9376402468835536
15.570826994191503,17.649317397775114,-2.0784904035836114
16.06111651698949,18.02485058946266,-1.9637340724731693
16.535612058009146,18.318028887389847,-1.7824168293807006
16.886627990870814,18.45674427738937,-1.5701162865185552
17.22457761573116,18.58818237820515,-1.3636047624739902
17.610869499689336,18.588105120722265,-0.9772356210329285
17.988953806603238,18.937766365887605,-0.9488125592843666
18.38377838523709,19.085541834675173,-0.7017634494380829
18.788317592313327,20.182888461741396,-1.394570869428069
19.17638293042939,19.50450376044327,-0.32812083001388004
19.558158303567506,18.454590797291477,1.103567506276029
19.926730507933193,18.90738978807266,1.0193407198605335
20.310571472488256,18.568374018406207,1.7421974540820493
20.715470023282098,18.600550619981163,2.1149194033009344
21.14841181088253,18.77755379650173,2.370858014380797
21.590748415111868,22.34523563792139,-0.754487222809523
22.029368822392986,18.90449369958111,3.1248751228118756
22.607650036957647,19.113714788779706,3.493935248177941
23.179780953446887,19.640908116053257,3.5388728373936296
23.745559906631087,19.90131529652032,3.844244610110767
24.310168570653094,20.31544911021742,3.9947194604356753
24.856145499486736,17.717145137405748,7.1390003620809885
25.377091628231813,21.60730347489865,3.769788153333163
25.87954185557177,21.127661764184356,4.751880091387413
26.38225340370625,21.17609672810389,5.206156675602362
26.881245465740925,21.945402632055256,4.935842833685669
27.355178569258104,22.47267852879921,4.882500040458893
27.828680442770064,22.651353288293752,5.177327154476313
28.283412163322705,21.704238382384837,6.579173780937868
28.717394281434412,23.58752505554766,5.129869225886754
29.122858277500324,23.207537205503918,5.915321071996406
29.506583553292497,23.269811340077865,6.236772213214632
29.894887365002976,24.019596484865797,5.875290880137179
30.24161278271084,25.289953083016247,4.951659699694591
30.56531704057135,26.12600672733746,4.439310313233889
30.899307198577954,26.049371223860266,4.849935974717688
31.25132378422904,27.286188471870187,3.9651353123588535
31.588131317089392,27.28768309578849,4.3004482213009005
31.91767923775401,29.087711589643302,2.82996764811071
32.01441365057495,29.196481714709655,2.817931935865296
32.336256154700074,30.29254331682078,2.043712837879294
32.67455841425231,30.501930487123058,2.172627927129252
32.86569424265306,30.939475057214676,1.9262191854383879
33.04482722356943,31.112803839351574,1.9320233842178531
33.22314649477623,31.129425522241604,2.0937209725346264
33.54787815779933,31.147939323338484,2.3999388344608477
33.66969882661781,31.13488321505915,2.5348156115586598
33.796178979397915,31.30723157305259,2.488947406345325
33.937477216809604,31.336612000500967,2.6008652163086374
34.08747187710033,31.23513259003141,2.8523392870689186
34.222586753187066,31.24452730315338,2.9780594500336868
34.32038268846372,31.227860092146734,3.0925225963169822
34.41512193741103,31.13137437257001,3.2837475648410184
34.500561632089855,31.213837484377166,3.2867241477126896
34.58389785215262,31.210172990206967,3.37372486194565
34.661460533073296,31.47958574749806,3.1818747855752356
34.742585617121435,31.408172131582955,3.33441348553848
34.82314669669886,31.438681942141148,3.3844647545577153
34.89433718499326,31.326035334603052,3.5683018503902098
34.953050072141835,31.155890370320474,3.7971597018213608
34.995833347644904,31.068590892425725,3.9272424552191794
35.02527040690141,31.05390747314866,3.9713629337527543
35.02152851646556,30.925602158200057,4.095926358265501
34.97598100118467,30.950704709905253,4.025276291279418
34.90266693056239,30.976063958190604,3.9266029723717857
34.80797561995167,30.973435271746727,3.8345403482049427
34.72252086307204,30.820911714330705,3.9016091487413362
34.67646141153754,30.733688511927046,3.9427728996104925
34.636547116590016,30.543685099886197,4.092862016703819
34.541103574837095,30.81816503832179,3.7229385365153043
34.41374471365537,30.574710648086064,3.8390340655693045
34.30995899852937,30.727294435607437,3.5826645629219307
34.19664052091702,30.741664445681348,3.454976075235674
34.07842355203366,30.3961617745713,3.6822617774623616
33.952695618433815,30.85591022390889,3.0967853945249253
33.82215942721533,30.72121449313656,3.100944934078772
33.684245498862126,30.38127392812453,3.302971570737597
33.518854394141535,30.566399649435155,2.9524547447063796
33.34459522916679,29.908387528456192,3.4362077007106
33.15593494252566,29.84787001212507,3.3080649304005902
32.979217598034346,29.821692134594013,3.157525463440333
32.757356862172884,29.80590675263008,2.9514501095428045
32.50665066548148,29.764539761563938,2.742110903917542
32.24597869829389,29.626995713991626,2.6189829843022636
31.94158269732554,29.45228142663105,2.48930127069449
31.655934808384576,29.504638007020617,2.1512968013639586
31.3823820858832,29.535406768503968,1.8469753173792327
31.07299738135189,29.561240511792743,1.5117568695591466
30.753097523469744,29.34897206147637,1.4041254619933738
30.37382236457218,28.751153382394797,1.6226689821773839
30.004609441524632,27.316965110574582,2.68764433095005
29.61952589966796,25.004184380456778,4.6153415192111815
29.232353893277782,25.084309036067292,4.14804485721049
28.862257817244988,24.094985952751507,4.76727186449348
28.496782441153396,23.720757129575983,4.776025311577413
28.148973189783362,24.562861640751922,3.5861115490314397
27.791632046559254,23.96054467744894,3.831087369110314
27.42497508159363,23.760578822107732,3.6643962594858976
27.032297440854844,22.909904910912346,4.122392529942498
26.638201843456336,22.519370962206548,4.118830881249789
26.266025302058406,22.05922216360796,4.2068031384504465
25.903960522890348,23.224106955388887,2.6798535675014605
25.55888174259938,22.945813364557857,2.613068378041522
25.232157242230958,22.54774484604108,2.6844123961898774
24.898405541585273,22.157372262971034,2.741033278614239
24.586350127484824,21.61949829098119,2.9668518365036327
24.311173149973197,20.965922791021825,3.345250358951372
24.042912713823398,19.129001654196156,4.913911059627242
23.769276877092118,19.475265997511876,4.294010879580242
23.511728391726756,19.934116978785738,3.5776114129410175
23.286162809323677,19.79916631575195,3.486996493571727
23.070267865489154,19.223105759046263,3.847162106442891
22.87505684701087,18.35855918086666,4.516497666144211
22.692471045055097,18.465526726727735,4.226944318327362
22.528046724745945,18.458126390524214,4.069920334221731
22.420337031654377,19.60259787506713,2.8177391565872476
22.326798772704706,19.965319998282464,2.361478774422242
22.26453661425745,19.846302521201565,2.4182340930558865
22.214918341236714,19.53016971716097,2.6847486240757448
22.14207739066529,19.775575814962764,2.366501575702525
22.024483135997794,20.317644819429876,1.706838316567918
21.916160397924664,20.357585257992778,1.558575139931886
21.82562299345986,19.70742594291296,2.1181970505469003
21.755146902378886,19.898622146364335,1.8565247560145508
21.690683573342305,20.317268041115735,1.37341553222657
21.6139403226178,19.796189359608405,1.817750963009395
21.541575646253698,19.39559768768173,2.1459779585719687
21.478009744932177,19.715631971432146,1.762377773500031
21.402592791507818,20.49781072763083,0.9047820638769863
21.32108063137311,20.5804999771916,0.7405806541815103
21.248183564442304,19.047578671325187,2.2006048931171165
21.163905333553128,19.467104439168995,1.6968008943841326
21.06933352004646,18.661152081688172,2.4081814383582874
20.96975709748413,18.441370021681184,2.5283870758029465
20.864577644208957,18.439460029921584,2.425117614287373
20.790282127118143,18.39794782354225,2.3923343035758933
20.7146302452859,18.57466207377923,2.13996817150667
20.63551033752907,18.698178553997884,1.9373317835311852
20.540214328845547,18.483693776624737,2.0565205522208103
20.413592006343496,18.032545423268985,2.381046583074511
20.280590633523534,18.282035396503634,1.9985552370199002
20.148893786777386,17.4596963727117,2.689197414065685
20.03518093565604,16.2383481745624,3.79683276109364
19.93944531445865,15.87998886784954,4.059456446609108
19.840943174231963,14.708048742297386,5.132894431934577
19.745013947635822,15.058546844862763,4.68646710277306
19.677304814175695,13.63660919901076,6.040695615164935
19.624898265423298,14.162190209728628,5.462708055694669
19.570193890481598,13.540762779075397,6.0294311114062005
19.507297306855694,13.727088702213473,5.780208604642221
19.419469235353063,13.455619824748688,5.963849410604375
19.295392056234736,12.503800196670175,6.79159185956456
19.149716697510424,12.191973932726597,6.957742764783827
19.01842537617412,12.185367161180302,6.8330582149938195
18.76452667503429,12.217390811396847,6.547135863637443
18.49202996525384,11.36592422151865,7.126105743735188
18.21290770989322,11.186526064458764,7.026381645434455
18.084805921405504,11.171895323208275,6.912910598197229
17.995443759053764,10.845804305819485,7.149639453234279
17.955308042892547,10.493353297000253,7.461954745892294
17.933902855226375,13.565541952760068,4.368360902466307
17.93549325809236,12.382361672364521,5.55313158572784
17.927051095253926,12.835375738318842,5.0916753569350846
17.898593239668287,12.894853626622513,5.003739613045774
17.83270348801666,12.830954115064097,5.0017493729525615
17.81021768122253,12.747853043292922,5.062364637929607
17.80822491849514,12.609666241288044,5.198558677207094
17.822896325310772,12.4847254436912,5.338170881619572
17.85095765828896,12.43723294696,5.413724711328959
17.883025889799004,13.037286760491021,4.845739129307983
17.921288947814364,12.949753374637456,4.971535573176908
17.95477239421746,12.580318708132756,5.3744536860847045
18.009122903278328,12.742763485060525,5.266359418217803
18.071656718185384,12.357738903078813,5.713917815106571
18.12588493369414,12.197840812267776,5.928044121426366
18.169036602140537,12.44974882319499,5.719287778945546
18.19264334145791,13.014889197993796,5.177754143464114
18.197291494094877,12.992214190506377,5.205077303588499
18.198449259475773,13.115970663979311,5.082478595496461
18.19482177278641,13.216993033671422,4.977828739114987
18.182638451447477,12.849559114087066,5.333079337360411
18.166989389416727,12.798596823074137,5.368392566342591
18.14697415918426,13.048186737123043,5.098787422061218
18.110862734840932,13.161804124337479,4.949058610503453
18.06162395967228,13.17462048673922,4.887003472933058
17.992814460782448,13.062797661338722,4.930016799443726
17.93781732487056,12.796971266577852,5.140846058292709
17.87481785508225,12.894426462937957,4.980391392144291
17.82285657809864,12.617855357290344,5.205001220808297
17.771079524073023,12.351829036504194,5.41925048756883
17.71730026706474,12.70043766940742,5.016862597657321
17.688022236532024,12.189807580251717,5.498214656280307
17.682720072473167,11.554927512441926,6.12779256003124
17.69179132248949,11.818718084740691,5.873073237748798
17.709048307123346,11.778493242959975,5.9305550641633715
17.70969548648595,11.912445054616224,5.797250431869724
17.707004477250287,11.776780731329506,5.930223745920781
17.71500313835003,11.771815824552457,5.943187313797575
17.725980746573164,10.929070871594327,6.796909874978837
17.722822018797377,8.779017159289118,8.943804859508258
17.69793848577552,8.370823416177638,9.327115069597882
17.684733912371257,8.42010736929834,9.264626543072918
17.67684614258373,9.706294796313573,7.970551346270158
17.684691051728393,9.337601033463093,8.3470900182653
17.72513816073954,9.193225790583476,8.531912370156064
17.77297965029406,9.604089243366259,8.168890406927803
17.813297118205927,8.876782059073635,8.936515059132292
17.8432652744689,10.207813220035904,7.635452054432998
17.862818190235323,10.153931519835135,7.708886670400188
17.877307954662925,9.46442003499656,8.412887919666364
17.88492983888699,9.34243577295247,8.54249406593452
17.91426121581751,8.592696917492681,9.32156429832483
17.919729569603167,8.309838340880036,9.60989122872313
17.941406411450576,8.178299852307704,9.763106559142871
17.965384918587215,8.031902249897305,9.93348266868991
17.988817553024916,8.527041251449102,9.461776301575814
17.99891054581642,8.011276729793796,9.987633816022623
18.00791715285587,8.152823849358853,9.855093303497018
18.03371103580873,8.416306539948687,9.617404495860042
18.052768363677277,12.131743302561073,5.921025061116204
18.0609942838147,11.318496473690503,6.742497810124197
18.086145082254994,11.930716987389427,6.155428094865567
18.112653440456484,13.290215172635403,4.822438267821081
18.165406008573544,13.678800100156305,4.486605908417239
18.23338637214803,13.135472945160979,5.09791342698705
18.30237644229384,12.737143926087306,5.565232516206535
18.34788263912203,12.905672737811662,5.442209901310369
18.388748325058106,13.118314925058623,5.270433399999483
18.437241590357296,13.55321196376999,4.884029626587306
18.482756713092158,13.642166586863969,4.840590126228189
18.514082382409107,13.336008296594505,5.178074085814602
18.52724177291412,13.30113140199849,5.226110370915631
18.525355153888402,13.271660893451347,5.2536942604370545
18.518037911053653,13.346729619506977,5.171308291546676
18.527019181743842,12.911449253442099,5.615569928301744
18.534192745133762,13.388034617078258,5.146158128055504
18.54929346639175,13.084436005757833,5.464857460633915
18.590321403275052,10.670951441679344,7.919369961595708
18.77178383567671,9.593019840653998,9.178763995022713
18.944315516579415,9.827386460595726,9.11692905598369
19.106650078225442,9.445186442164253,9.661463636061189
19.11329914968299,9.817991375150733,9.295307774532258
19.082096649107477,9.288830456976386,9.79326619213109
19.016979212386726,9.706432000763431,9.310547211623295
18.953642241022294,9.413200344954122,9.540441896068172
18.8788591955801,8.591821246228049,10.287037949352053
18.791650047039727,8.121900437730417,10.66974960930931
18.561625228456517,8.476598821358031,10.085026407098486
18.345556546279685,8.583260215111599,9.762296331168086
18.12115892166839,9.138150638467334,8.983008283201055
17.89766796367367,9.074576212050948,8.823091751622721
17.663928724722783,10.076869286682918,7.587059438039866
17.4309274814868,11.146104645328107,6.284822836158694
17.194217616119733,10.562040742605689,6.6321768735140445
16.955011739586087,10.479754495390306,6.475257244195781
16.725422689575517,10.977478209862278,5.747944479713238
16.47987303146201,10.94772674838845,5.53214628307356
16.2258721125842,10.952312823123012,5.273559289461186
15.97538183933339,10.538974157356915,5.436407681976476
15.734232863725055,10.767374926466216,4.966857937258839
15.512676519483218,10.60236101671469,4.910315502768528
15.311901940964537,11.245879641949031,4.066022299015506
15.114544042975279,11.27990158086592,3.8346424621093593
14.926823031090047,11.332147582315915,3.5946754487741313
14.743914792322329,11.545729570846262,3.1981852214760664
14.562714280503144,11.739800702796927,2.822913577706217
14.389563112165083,11.595469231632997,2.7940938805320865
14.226668350402965,10.745812958639165,3.4808553917638
14.0610248445291,11.460163440905344,2.6008614036237567
13.913617908022326,10.94774090240493,2.9658770056173953
13.741562907735936,10.166697861326083,3.574865046409853
13.565507924708479,10.002984941809595,3.5625229828988836
13.386612238315765,10.23957179889871,3.1470404394170544
13.204467777608187,10.151870073233985,3.052597704374202
13.012477883383022,10.559418837136683,2.4530590462463397
12.807566122725575,10.57584414682172,2.231721975903856
12.583792575381235,10.87520080516552,1.7085917702157154
12.333277748695602,11.00874259840596,1.324535150289643
12.067653242947642,10.982005406980722,1.0856478359669204
11.8093991339076,11.398589086678623,0.41081004722897774
11.55256944106891,11.639864585297373,-0.08729514422846307
11.293174463813228,11.417389104219229,-0.1242146404060005
11.041157179833332,11.464058763621873,-0.4229015837885406
10.76830032490852,11.229734662482548,-0.46143433757402796
10.498418305169565,11.361155732207614,-0.8627374270380486
10.227159619313221,10.517477446727199,-0.29031782741397727
9.960961404260976,10.664372886863607,-0.7034114826026308
9.691967287681134,10.702874996005304,-1.0109077083241704
9.417097847686396,10.44375923934655,-1.026661391660154
9.140771563344655,10.520779325018879,-1.3800077616742232
8.86144357923297,9.654992042953538,-0.7935484637205672
8.576503094249249,8.700096987706853,-0.12359389345760441
8.299571003394286,7.059102770100828,1.2404682332934582
8.023522230138946,6.929537016852996,1.0939852132859498
7.748608072322408,6.6560113007477755,1.092596771574632
7.448298005214643,5.533510710949286,1.9147872942653574
7.182295083284002,5.642715329464545,1.5395797538194564
6.9173987385482025,7.098401598336436,-0.18100285978823383
6.652531578090058,6.726439304554627,-0.07390772646456867
6.394908380370073,6.075642493030357,0.31926588733971606
6.157044365723938,5.835311772520634,0.32173259320330416
5.917089967563852,5.861910464972507,0.0551795025913453
5.66468692498063,5.384237357349925,0.28044956763070505
5.4127862328633585,5.234175546845405,0.1786106860179535
5.170920150172543,5.659976121544513,-0.48905597137197
4.918263455310893,5.282396138229154,-0.3641326829182612
4.6821952994437055,5.014934533079612,-0.3327392336359063
4.453302060619394,4.108764104485757,0.344537956133637
4.217876586558397,3.2549809332333766,0.9628956533250204
3.979614842893374,3.36333386345063,0.616280979442744
3.747381863027692,3.4799808454935337,0.2674010175341581
3.505632950058309,3.947958058655961,-0.4423251085976516
3.2587765689263866,3.708329960992766,-0.44955339206637923
3.0155497617806617,2.0729145928139037,0.942635168966758
2.7833496110589624,2.136380729064495,0.6469688819944674
2.5639700352002843,1.9696026733439427,0.5943673618563416
2.361276500360706,1.4733808129742203,0.8878956873864856
2.170874980942969,1.5205582013255747,0.6503167796173943
1.9851331052596721,1.6076729586649603,0.37746014659471183
1.8097025537898368,1.6287391118466539,0.18096344194318292
1.6376568550610386,1.7683262921890128,-0.1306694371279742
1.4502949681675876,2.026326809211702,-0.5760318410441145
1.4182563840198859,2.1463342168718698,-0.7280778328519839
1.4062498275895332,1.6931286038062907,-0.2868787762167575
1.4018036847895015,1.6932630312598929,-0.2914593464703914
1.4142841168442497,1.9673634944593643,-0.5530793776151146
1.4500371538269567,1.8764625596024769,-0.4264254057755201
1.4965664841071913,2.152750503266367,-0.6561840191591757
1.5415800706183422,2.546758949234488,-1.0051788786161457
1.603018045562737,2.4128158410688596,-0.8097977955061226
1.6826727532917372,2.7372832867572976,-1.0546105334655604
1.8804933046588173,2.7695534358166483,-0.889060131157831
2.1062936975627644,2.797597575713701,-0.6913038781509364
2.331305239781734,2.966296456537395,-0.6349912167556608
2.56145684861941,3.4353651873903197,-0.8739083387709097
2.8007740402474037,3.4651813173911763,-0.6644072771437726
3.0451156216926223,3.597607271277325,-0.5524916495847028
3.2821573256788334,4.562574601796778,-1.2804172761179449
3.5236220082828114,4.469717096001569,-0.9460950877187573
3.747622016086364,4.482993933424771,-0.7353719173384068
3.990664276172344,4.522320108427628,-0.5316558322552845
4.240959560182888,4.841202400302965,-0.6002428401200772
4.488142249693806,4.910995755387284,-0.4228535056934781
4.73815019930729,4.958956496415778,-0.22080629710848854
4.979878235605733,4.713454428541941,0.2664238070637923
5.235515338043647,5.332841356129522,-0.09732601808587482
5.471101588074513,5.3207851805900646,0.15031640748444808
5.7206251441266405,6.544113161705128,-0.8234880175784873
5.965404169336533,6.944465417884311,-0.9790612485477785
6.202094739809984,7.291765644782,-1.0896709049720164
6.440238765799149,7.54746440666831,-1.107225640869161
6.685941252832213,7.627729577052175,-0.9417883242199627
6.931190699900727,7.336364295258862,-0.4051735953581357
7.148238302657715,8.443710232726323,-1.295471930068608
7.3551247848374,8.163821765772779,-0.8086969809353786
7.5847579551601045,7.8109454667725915,-0.22618751161248696
7.8479561034836545,8.638054372370807,-0.7900982688871521
8.103472422946684,9.234843659634155,-1.131371236687471
8.355769762413559,10.343253685226326,-1.9874839228127676
8.617904073714671,11.599240186763973,-2.981336113049302
8.884734106034577,13.010679438469124,-4.125945332434547
9.157793384040556,12.804433090637568,-3.6466397065970124
9.41956423228124,11.131763352302615,-1.7121991200213742
9.692137755953096,12.665393651723818,-2.9732558957707216
9.978348790123635,13.133736958555962,-3.155388168432328
10.29311356566657,13.550324368056625,-3.2572108023900554
10.61861740435333,13.27317923408321,-2.6545618297298805
10.960096959766188,13.11101630722763,-2.150919347461441
11.307111460826103,14.0184449283858,-2.7113334675596974
11.658464323101452,13.814908303747021,-2.1564439806455695
12.008013256228995,14.179941667853527,-2.171928411624531
12.345781573340911,13.965947519518839,-1.6201659461779272
12.66911986646081,14.5935777348499,-1.9244578683890907
12.99391378213702,14.950376381016714,-1.9564625988796944
13.327330670854831,15.466408086716031,-2.1390774158612
13.659564803304859,16.065510786841543,-2.405945983536684
14.020237436069118,16.08615251359245,-2.0659150775233304
14.35786083058556,15.984410054836017,-1.6265492242504571
14.69221089450446,15.79185489755273,-1.0996440030482706
15.039186402216078,16.1172881906206,-1.0781017884045205
15.34684334727413,16.33869767235457,-0.9918543250804408
15.646732346883638,16.543253656096912,-0.8965213092132736
15.9060764495182,16.993209591069718,-1.0871331415515186
16.17977400518787,16.585705731586533,-0.4059317263986628
16.480545451764286,16.601905779594347,-0.12136032783006101
16.75424887800974,16.672668002619318,0.08158087539042214
17.058972344213306,17.170153114383023,-0.11118077016971739
17.360199730299644,17.46500168043024,-0.10480195013059657
17.667458927257506,17.459847015938934,0.2076119113185726
17.976693853358707,18.19915649805739,-0.22246264469868393
18.290472483807886,18.08156375521664,0.20890872859124698
18.604965584948737,18.644673023654157,-0.03970743870542037
18.926059347297535,18.214348249697125,0.7117110976004106
19.244545601398077,18.298618617117338,0.9459269842807387
19.556146200377555,19.053830490311224,0.5023157100663305
19.86027458220633,19.50684301088155,0.35343157132478
20.154922552571424,20.05740741158046,0.09751514099096426
20.459766181171204,20.036783067073948,0.4229831140972564
20.76267570381584,19.373301508422657,1.3893741953931844
21.05450461131934,19.94228312399438,1.1122214873249625
21.349223662273392,19.98710206310915,1.3621215991642437
21.65237783353905,21.10045167537282,0.5519261581662285
21.955145623629583,21.977820934713733,-0.022675311084149996
22.25307194247794,21.67345389946935,0.5796180430085904
22.53414543278546,20.387316257267262,2.1468291755181994
22.795405464889747,19.52887079151929,3.266534673370458
22.90186080136477,19.330566379262834,3.5712944221019356
23.001056956546368,19.43491129924893,3.5661456572974366
23.103691201218766,19.59053705903812,3.513154142180646
23.1992667632872,19.80512676323652,3.3941400000506796
23.269334149739684,19.52614602680201,3.7431881229376742
23.321282607889735,19.453629637251844,3.8676529706378915
23.360229728250093,19.343512684338403,4.01671704391169
23.37181703306505,18.620757866996637,4.751059166068412
23.376520632212355,19.47860668908118,3.897913943131176
23.408015898029866,18.41784547669333,4.990170421336536
23.398735506792544,21.092117006630364,2.3066185001621804
23.392492818276768,20.26424872543332,3.128244092843449
23.39181178278255,19.740426842746732,3.6513849400358183
23.37014359485846,20.447573112920068,2.9225704819383935
23.341765786210523,20.379027053471766,2.9627387327387567
23.314142983507526,20.925095682351298,2.3890473011562285
23.28072480293847,20.445121071420015,2.8356037315184537
23.264453937196883,20.404721727216483,2.8597322099804003
23.225700095284672,20.58548650252237,2.6402135927623007
23.178689924603933,20.240432488214427,2.938257436389506
23.130687512407537,19.732858452240347,3.39782906016719
23.079588366205538,19.401766850702444,3.677821515503094
23.03395963602398,19.566868999559798,3.4670906364641816
22.97197953292685,19.29531180882772,3.6766677240991292
22.927527157285933,19.18466006605256,3.7428670912333715
22.873168515770107,19.61935366827553,3.253814847494578
22.82852163675761,20.3794964518038,2.449025184953811
22.78279535157853,20.433404019541854,2.349391332036678
22.732810296157037,20.537999713264824,2.194810582892213
22.68601384570662,20.211802776454867,2.4742110692517514
22.64053788007982,20.36606207246399,2.274475807615829
22.63315549757738,20.910946048198554,1.722209449378827
22.632782782514308,19.926350918547687,2.706431863966621
22.602290880778916,20.742169546305647,1.8601213344732699
22.53255994242861,19.88760519813604,2.644954744292569
22.47120587174829,19.423116659226103,3.0480892125221857
22.41329173121922,17.71430316644845,4.698988564770772
22.34645816311132,15.959267039478313,6.387191123633006
22.276398375114468,16.268639706167367,6.007758668947101
22.2071601891961,15.766038425876877,6.441121763319222
22.161001612848338,15.73942489987075,6.421576712977588
22.114263730882403,15.522194659874636,6.592069071007767
22.061337092631522,15.636872740517381,6.424464352114141
21.981090968178112,15.584364255150163,6.396726713027949
21.882326111353525,15.292479320693065,6.589846790660459
21.751014513703847,15.395421051373676,6.355593462330171
21.604396529839907,18.435719048312013,3.1686774815278937
21.443797474503334,17.183667152762297,4.260130321741038
21.270506238549974,14.609362790768314,6.66114344778166
21.107484168198294,13.686109162157141,7.421375006041153
20.956177565650147,13.237816994536233,7.718360571113914
20.797249944099864,13.976491160848246,6.820758783251618
20.632337830575587,14.760350334108173,5.871987496467414
20.46756210078267,14.6170859555547,5.850476145227969
20.28198461432266,14.676300028380078,5.605684585942582
20.13352908042424,15.158248002773341,4.975281077650898
19.992858574259166,14.270018192769921,5.722840381489245
19.837354452766288,15.090502662548365,4.746851790217923
19.738460642064375,15.222607904419124,4.51585273764525
19.65018855305096,15.221494458035192,4.428694095015768
19.60739293233567,14.855171585228698,4.752221347106973
19.556419739646795,16.554482909564307,3.0019368300824887
19.477926225717418,14.57464929814392,4.903276927573499
19.417929628788926,14.848580839544455,4.56934878924447
19.309717778610214,14.237148817388833,5.07256896122138
19.182766293751722,15.157344953660221,4.025421340091501
19.05349549314363,15.029006240415905,4.024489252727724
18.92046120716367,14.862450927565515,4.058010279598154
18.779079392722483,15.712259706062591,3.0668196866598922
18.626106181179505,16.096814003865166,2.529292177314339
18.45337666759661,16.030101370301576,2.423275297295035
18.28269631163473,14.727955767394622,3.554740544240108
17.971095712655252,14.549912274220258,3.421183438434994
17.666967330826477,13.795878899013308,3.8710884318131686
17.372319360461386,13.24658011308489,4.1257392473764956
17.067475731861602,13.135748201574842,3.9317275302867607
16.764566209216962,13.204282550358514,3.5602836588584488
16.619885692798928,12.805027167433826,3.8148585253651017
16.476838129173164,11.853112576662845,4.623725552510319
16.323387148224935,11.801931903669802,4.521455244555133
16.167642986169625,11.41767733148693,4.749965654682695
16.019116807425497,11.22945902493447,4.789657782491027
15.89362027555937,11.351001449404807,4.542618826154563
15.79177320381683,10.819367877368531,4.972405326448298
15.701515634119222,10.172057774400283,5.5294578597189386
15.624867518449614,9.91438430115159,5.710483217298023
15.56499852544798,9.578242756836534,5.986755768611445
15.499765930261505,9.082068334439471,6.417697595822034
15.435422150732112,9.13261688644459,6.302805264287523
15.361912892933827,9.30380778789047,6.0581051050433565
15.28901447605294,8.884288395782171,6.404726080270768
15.240649884388247,8.422714226602114,6.817935657786133
15.177245418917042,8.026920655684064,7.1503247632329785
15.111266254121173,7.707823529702072,7.403442724419101
15.08835579334634,7.4002327713211695,7.68812302202517
15.07879760052669,7.321441073566537,7.7573565269601525
15.034976422144846,7.068900675575973,7.9660757465688725
14.9903603504829,7.330116038939931,7.66024431154297
14.959303773858759,6.981256296588808,7.978047477269951
14.899288778016551,7.214795165109205,7.684493612907346
14.876014112562672,8.865306566845037,6.010707545717635
14.864272237277905,8.775126162410498,6.089146074867408
14.847152261510786,8.392788334721931,6.454363926788854
14.811288924175074,8.594693283385755,6.216595640789318
14.808953052735614,8.616620914975261,6.192332137760353
14.785956587583753,7.329086647494683,7.45686994008907
14.589857281466866,6.8708298298838155,7.719027451583051
14.39620028212608,6.893310370943718,7.502889911182361
14.205066407736131,7.023218469731009,7.181847938005123
14.009901493199832,7.08643713803358,6.923464355166252
13.809769347002439,6.955137096969625,6.854632250032814
13.76235304428823,6.87276931037455,6.889583733913679
13.574194073720557,6.71706732991204,6.857126743808517
13.375288037137915,6.720252644141022,6.6550353929968935
13.1755145556962,6.581576057316094,6.593938498380106
12.965849335441652,6.820877454197249,6.144971881244403
12.759335568325037,6.78162003366054,5.977715534664497
12.56019429973773,6.723917131413138,5.836277168324592
12.366727089764481,7.1705136028379295,5.196213486926552
12.172564840981774,7.118941187645118,5.053623653336657
11.978181642043968,8.262822934752535,3.7153587072914327
11.78288089885076,8.407375723942785,3.3755051749079747
11.752034264589197,8.283888899440992,3.468145365148205
11.716033614220787,8.296130972742262,3.419902641478526
11.650378842810985,6.00835900114081,5.642019841670176
11.424543201105065,5.957009793462329,5.467533407642736
11.353199727820828,5.979867310580059,5.373332417240769
11.299817690609476,6.016298221942041,5.283519468667436
11.243895547835974,6.443178813941997,4.800716733893977
11.1883903404021,6.5038165380739414,4.684573802328158
11.147603958645805,6.615901561086932,4.531702397558873
11.115402720558933,6.39825916149702,4.717143559061913
11.111016966683218,6.32770583911201,4.783311127571208
11.08868065323453,6.515052621691348,4.573628031543182
11.092705051282609,6.490039987626446,4.602665063656163
11.122846047060133,6.158228369023523,4.96461767803661
11.157960303423,6.280364524385076,4.877595779037923
11.19049069076561,6.670652627274167,4.519838063491443
11.216601174700596,6.527858065447934,4.688743109252662
11.229457678182616,6.550439052612798,4.679018625569818
11.240006975312879,6.454100878947287,4.785906096365592
11.252062409634135,5.963395974211222,5.288666435422913
11.240473976727348,6.040566367512337,5.1999076092150105
11.221917952970685,6.147371421374579,5.074546531596106
11.194807443945109,6.009829444032258,5.184977999912851
11.152183969826918,6.132531148145472,5.019652821681446
11.099003038213725,6.313200032994704,4.785803005219021
11.047596763467359,6.458345442691228,4.589251320776131
11.012283880972442,5.7377599873416125,5.274523893630829
11.003943579587855,6.597872164979715,4.40607141460814
11.000388579258923,6.8497774435359275,4.150611135722995
10.99130541607218,6.915690856610379,4.075614559461801
10.985035093443217,6.713153635344967,4.2718814580982505
10.984384332724762,7.106201881419266,3.878182451305496
10.98985806723061,7.282159490678953,3.7076985765516577
10.994218291947972,8.31739468374022,2.6768236082077514
11.14318186005953,7.492756824976143,3.6504250350833862
11.294429515054548,7.134342493252716,4.160087021801831
11.464033761976022,7.835520997726533,3.628512764249489
11.647856071012654,7.398045039275533,4.249811031737122
11.831401416062942,7.432433201015299,4.398968215047643
11.868371183067447,7.91224752118504,3.9561236618824074
11.90577232475543,8.266250368054795,3.6395219567006354
11.950768032112332,8.029674123125753,3.9210939089865793
12.01333515548076,7.7907220638929155,4.222613091587845
12.080657869887293,7.6349376653692165,4.445720204518077
12.136735829698507,7.765998696452767,4.37073713324574
12.184247205096398,7.781446849015044,4.402800356081354
12.216076146775803,7.686196590393199,4.529879556382604
12.227855035196294,7.644289979541401,4.583565055654892
12.224457011324484,7.5841391401316445,4.640317871192839
12.21653351085376,8.077868458752683,4.138665052101077
12.212437424169428,7.211604892572462,5.000832531596966
12.213614882309015,6.90857201791454,5.305042864394475
12.189992123294244,6.631010866887607,5.558981256406637
12.000293987032032,6.682043781101246,5.318250205930786
11.828736303662291,6.488096759346483,5.340639544315808
11.665399651273573,6.639392778544841,5.026006872728732
11.471790110381777,6.842066697031506,4.629723413350271
11.262579449498231,6.5292912882604766,4.733288161237755
11.076930054536623,5.832125427833922,5.2448046267027015
10.903897122494657,5.989510661569191,4.914386460925466
10.718989926321525,6.90562868172622,3.8133612445953053
10.569586020880518,6.799798145746186,3.769787875134332
10.384814184299476,6.7666584733588735,3.618155710940602
10.188826917522269,6.9397031203418225,3.249123797180446
10.001658475115628,6.114452340204598,3.88720613491103
9.83423669912153,6.172165118406503,3.6620715807150264
9.637392293246467,5.649413470171592,3.987978823074875
9.461479954986846,6.055463539902304,3.406016415084542
9.461479954986846,6.077139439682981,3.3843405153038644
9.461479954986846,6.449573578344058,3.011906376642788
9.461479954986846,6.811207402682396,2.6502725523044495
9.461479954986846,6.495523477544634,2.9659564774422114
9.461479954986846,6.276748393696074,3.1847315612907714
9.31793197240668,6.70449307202749,2.6134389003791894
9.31793197240668,7.981510620578586,1.3364213518280934
9.31793197240668,7.952765979179285,1.3651659932273947
9.31793197240668,7.698601874948606,1.6193300974580733
9.31793197240668,7.522992047404504,1.7949399250021756
9.31793197240668,7.809193187562988,1.5087387848436915
9.31793197240668,8.20437565602797,1.113556316378709
9.31793197240668,8.126036264386157,1.1918957080205228
9.31793197240668,7.069053244733974,2.2488787276727056
9.31793197240668,7.204073267666468,2.1138587047402115
9.31793197240668,6.959037008584045,2.3588949638226344
9.152008362345185,6.982657845076461,2.1693505172687244
8.984187920625985,6.288845641755797,2.6953422788701875
8.83423042014286,6.680171374187027,2.154059045955834
8.83423042014286,6.5510133826638555,2.2832170374790053
