actual,predicted,residual
24.543907105579716,22.45338536726745,2.0905217383122654
24.815223385051222,23.05240111479282,1.762822270258404
25.08000813530411,23.442149876454142,1.6378582588499668
25.3425272961282,23.99837252956816,1.3441547665600382
25.60216418678899,23.56792995218708,2.034234234601911
25.708596023588253,23.189751312409875,2.518844711178378
25.797992107290693,23.68210136940359,2.115890737887103
25.87203902387978,23.62621407052451,2.2458249533552674
25.9347783892532,23.521122119066206,2.413656270186994
25.99033483328874,24.34926341360157,1.6410714196871687
26.035303724762212,24.108129722860625,1.9271740019015873
26.069258049558016,24.192571267076357,1.8766867824816593
26.087103724244095,23.708545442745326,2.378558281498769
26.10234423800109,23.343891199659645,2.7584530383414467
26.132865552993184,23.834829035624573,2.2980365173686117
26.186248686398635,23.18881845549231,2.9974302309063248
26.23659356143827,22.491670253918738,3.7449233075195316
26.28344990098956,20.899612951824164,5.383836949165396
26.33285749458625,21.775573409891315,4.557284084694935
26.37034191084641,22.51766038182128,3.85268152902513
26.38429993860739,21.881597319855906,4.502702618751485
26.395315428890566,21.93328610364957,4.462029325240994
26.398719876988913,23.291188231762746,3.1075316452261674
26.391821590147206,24.40852574499503,1.9832958451521776
26.353591528737976,23.2218104563716,3.131781072366376
26.325114025107542,24.114851465842136,2.2102625592654057
26.296794242685486,21.79228961818721,4.504504624498278
26.263473877135976,24.07710467217393,2.1863692049620447
26.23281724384804,23.083391716740476,3.1494255271075637
26.198997931473563,23.594593129904602,2.604404801568961
26.15737237606806,23.458973659670416,2.6983987163976444
26.090877624171437,20.602403066652514,5.4884745575189235
26.035725758586775,20.446267796554707,5.589457962032068
25.98767723447433,20.103334291040028,5.8843429434343015
25.934283466364008,20.460105809609402,5.474177656754605
25.875508026953153,20.466359672211787,5.409148354741365
25.8089434262261,20.39917352975745,5.409769896468649
25.726398937027234,19.842289301091192,5.884109635936042
25.62041729789189,20.18513728610027,5.435280011791619
25.502345516182736,20.305144095462687,5.197201420720049
25.376178465335503,20.479746437631405,4.896432027704098
25.22652653212515,20.042324515352945,5.184202016772204
25.051391609273537,19.875907625523134,5.175483983750404
24.88471071031222,21.308809408589433,3.575901301722787
24.7167905249098,21.125422785650564,3.591367739259237
24.587945719403933,21.20905825015285,3.378887469251083
24.467068349560833,19.994525774645815,4.472542574915018
24.328932403623305,19.436668162011518,4.892264241611787
24.196677166377974,19.420955667736486,4.775721498641488
24.106310835099972,19.069577539120687,5.036733295979285
24.027564066188127,18.4571814994915,5.570382566696626
23.94679699271084,19.151022721762306,4.7957742709485345
23.859736428720336,19.38552727953158,4.474209149188756
23.732448540473346,18.745410655022784,4.987037885450562
23.6131365424524,17.817831046098586,5.795305496353812
23.49838965916494,18.054195528617168,5.444194130547771
23.37514648173352,17.885601665918816,5.489544815814703
23.24731998631223,17.45426608108545,5.793053905226781
23.12700885633226,17.23452516780455,5.892483688527712
23.014911194762625,17.418747132994074,5.596164061768551
22.901754633742673,18.131345727488597,4.770408906254076
22.798810769097873,18.179403498406206,4.619407270691667
22.69920348991401,18.303439650014923,4.395763839899086
22.587887070890755,18.995253278547995,3.5926337923427596
22.47084592795998,18.62162160130896,3.849224326651022
22.360542792022045,19.50735187224974,2.853190919772306
22.246625424826355,19.22368957062409,3.0229358542022666
22.143946821749136,19.02088649794719,3.1230603238019476
22.057275117830567,19.088466540091687,2.96880857773888
21.972673772020915,18.86197206601969,3.110701706001226
21.892098866273255,18.58370663616067,3.3083922301125845
21.88141565006824,19.082230453928897,2.7991851961393444
21.8536881626925,18.993967565328493,2.8597205973640065
21.800219388599434,18.938917831281575,2.8613015573178586
21.715653774042668,18.73265237110232,2.9830014029403493
21.620738709993624,19.090932090173556,2.529806619820068
21.529998074185784,18.233111663503205,3.2968864106825784
21.40924022480068,18.52387394854618,2.8853662762545014
21.294540518010677,18.335568729107706,2.9589717889029714
21.227295529139308,18.64366044199261,2.5836350871466998
21.220938070055062,18.832138128949712,2.3887999411053507
21.193881788597384,17.630029508117516,3.5638522804798676
21.165352129886305,16.910185157407863,4.255166972478442
21.144411988769825,17.239939282304118,3.9044727064657074
21.165195642145306,17.515043554896597,3.65015208724871
21.209188569259215,16.525080811399935,4.68410775785928
21.260959789733338,16.452088890689662,4.808870899043676
21.308052398529444,16.16655780430789,5.141494594221555
21.351885926110405,15.949448810119023,5.402437115991383
21.39374113543417,15.271043201131224,6.122697934302945
21.43396197252354,15.945521669034214,5.488440303489327
21.495908075665078,16.049984161533274,5.445923914131804
21.564611852926227,16.00040410605906,5.564207746867165
21.631351698016356,16.250580404084083,5.380771293932273
21.710615014658533,15.220250320351898,6.490364694306635
21.778480382672722,14.79499858240636,6.983481800266363
21.8349378172672,14.837140715780384,6.997797101486816
21.894798168876967,14.651257284812143,7.243540884064824
21.938085551490637,14.409499908412396,7.528585643078241
21.9427812608325,14.28998477219334,7.65279648863916
21.94038922917445,14.330851519090416,7.609537710084034
21.93265770220012,14.589414756094506,7.343242946105615
21.912511646101848,14.286813395528629,7.625698250573219
21.870980174555218,13.730446379320732,8.140533795234486
21.815646391466174,13.463084946969978,8.352561444496196
21.728680799624847,13.58425978887543,8.144421010749417
21.627205055401138,14.158382379089824,7.468822676311314
21.52267885541134,14.493071209510584,7.0296076459007555
21.429574704082906,14.973161518477884,6.456413185605022
21.30866718705443,12.492109526524278,8.816557660530151
21.02907763123955,12.417120698295001,8.611956932944548
20.748050001654867,12.420072448236072,8.327977553418796
20.47222081550333,12.749165548142317,7.723055267361014
20.20005481197854,12.596759825715797,7.603294986262743
20.073886511715216,12.216369040961936,7.8575174707532796
19.96292448402818,13.026016802850418,6.936907681177761
19.84683512283114,12.739813254426064,7.107021868405077
19.729409770892033,12.47295788476093,7.256451886131103
19.601725742808444,11.69484888906823,7.906876853740215
19.321581542179818,11.999161351981538,7.3224201901982795
19.047028155782122,11.905479689123833,7.141548466658289
18.781442164634047,12.181972414349165,6.599469750284882
18.527206102609245,12.32499773354449,6.2022083690647545
18.281302741805153,11.782547432603499,6.498755309201654
18.037614395987468,15.774052140009042,2.2635622559784263
17.804422788088623,15.60376936731509,2.2006534207735324
17.56955596141575,15.92036202057185,1.649193940843901
17.32976818730218,16.04619081286584,1.2835773744363372
17.090785232591504,15.368353424970612,1.7224318076208913
16.82775569450717,16.857187310328804,-0.029431615821632562
16.55996641642334,17.039483840465635,-0.4795174240422959
16.28656440677998,16.728353405447592,-0.44178899866761157
16.011064898757073,16.534678268099075,-0.5236133693420015
15.728752223112187,16.52447251110781,-0.7957202879956231
15.453325179519922,15.182843332163612,0.27048184735630976
15.175054061103785,14.411661162592601,0.7633928985111833
14.892819532497446,13.720756125067409,1.1720634074300378
14.608969114301887,13.493984666279278,1.114984448022609
14.3201657454406,12.968460686147434,1.351705059293165
14.034301184890223,11.775352666539579,2.2589485183506444
13.751890936875029,11.24271327472801,2.509177662147019
13.478460719817011,11.367906863253737,2.110553856563275
13.212844096754454,11.26169268936212,1.9511514073923344
12.948812774086889,11.50858297369247,1.4402298003944196
12.689283223855938,11.724462100712504,0.9648211231434338
12.426877872401676,12.53200774888981,-0.10512987648813521
12.177393568295978,12.285370917751779,-0.10797734945580117
11.936045543628103,12.181454947775386,-0.24540940414728318
11.698220730518647,11.26224836044014,0.43597237007850786
11.473058370635504,9.968864972609722,1.504193398025782
11.262243940097758,6.853840658619094,4.408403281478663
11.051624403961767,6.656592404666296,4.395031999295472
10.845149930371942,6.652972343548479,4.192177586823464
10.655795608555312,5.692238411032344,4.963557197522968
10.46799087496242,5.361780956280057,5.106209918682362
10.281159438864846,5.2453759318033395,5.035783507061506
10.08801448627989,5.2641335293814295,4.823880956898461
9.896989228506998,5.850161585568055,4.0468276429389425
9.723159596416073,5.42709787306171,4.296061723354363
9.545310928485474,5.271133290098431,4.274177638387043
9.353780052170189,4.489193864702482,4.864586187467706
9.145251671924724,3.996483392720414,5.14876827920431
8.922289078853066,3.333886606777871,5.588402472075194
8.684287333942459,4.098154395773683,4.586132938168776
8.4183371583363,4.725432565507216,3.692904592829084
8.129776180773906,4.439621186115919,3.690154994657987
7.8313442624647225,4.4627805368527405,3.368563725611982
7.526840961793165,2.8539117981882223,4.672929163604943
7.212319314895631,2.520587538572735,4.6917317763228965
6.897010108310218,3.121606667230864,3.775403441079354
6.580454137583208,3.380775204556811,3.1996789330263975
6.2708423679630085,3.1795567676729424,3.091285600290066
6.111529436653405,2.916531426080418,3.194998010572987
5.973637122602091,2.63775656218394,3.3358805604181514
5.831594196683073,2.375727550244842,3.4558666464382313
5.682792692120573,2.4418243755907714,3.240968316529802
5.542437475719558,2.16856347332801,3.3738740023915477
5.418036223614981,2.4605162531355202,2.9575199704794604
5.301534240654526,2.6865576324768963,2.6149766081776296
5.192872017375533,2.4074234098309137,2.7854486075446196
5.066367953099077,2.52743668748316,2.5389312656159166
4.7953991209779145,2.4048125433330987,2.390586577644816
4.534947587034035,2.681461311138909,1.8534862758951265
4.278127813483272,2.4920491720457054,1.786078641437567
4.026264763054778,3.573812155554318,0.4524526075004598
3.777312276213782,3.4637786046834806,0.3135336715303012
3.5324798220143387,3.8499810832694714,-0.31750126125513267
3.305642429616246,3.6058593847908655,-0.30021695517461966
3.098632141028543,3.4121967512177225,-0.3135646101891796
2.90951057231993,3.7206840687073766,-0.8111734963874464
2.728033518302643,3.277949921743042,-0.5499164034403989
2.5509584617107004,2.203091405215029,0.3478670564956712
2.373761355070411,2.284535900565845,0.08922545450456587
2.218236128782135,2.31765195418841,-0.09941582540627536
2.218236128782135,2.2429282833578066,-0.024692154575671754
2.218236128782135,2.9848787870981894,-0.7666426583160546
2.218236128782135,3.4200126887227977,-1.201776559940663
2.218236128782135,3.5092330109474057,-1.2909968821652709
2.067686725136844,2.9602297627109806,-0.8925430375741366
1.900943392105012,2.936743619687255,-1.035800227582243
1.7368700799967545,2.5895232261919374,-0.852653146195183
1.5734445145718132,2.8680438675532507,-1.2945993529814375
1.421114173087592,2.8541625163294397,-1.4330483432418477
1.421114173087592,3.175204256892667,-1.754090083805075
1.421114173087592,3.23821259866671,-1.8170984255791178
1.421114173087592,3.4911853853291737,-2.0700712122415816
1.421114173087592,3.5406538097835174,-2.1195396366959254
1.421114173087592,3.5321375363405245,-2.1110233632529325
1.421114173087592,3.6439236581907273,-2.2228094851031353
1.421114173087592,3.5992397454955936,-2.1781255724080015
1.421114173087592,3.509040662166943,-2.087926489079351
1.421114173087592,3.1281349175927997,-1.7070207445052077
1.421114173087592,3.2202769075848643,-1.7991627344972723
1.421114173087592,2.997178115459193,-1.5760639423716012
1.421114173087592,2.7553608334706374,-1.3342466603830454
1.421114173087592,2.328939302444847,-0.907825129357255
1.421114173087592,2.832971718207041,-1.411857545119449
1.421114173087592,2.7792292214887593,-1.3581150484011673
1.421114173087592,2.457153727969665,-1.0360395548820729
1.421114173087592,2.6134403670081205,-1.1923261939205285
1.421114173087592,2.5305844543601936,-1.1094702812726016
1.421114173087592,2.7210105547225107,-1.2998963816349187
1.421114173087592,2.6607166066083954,-1.2396024335208033
1.421114173087592,2.6483990649057243,-1.2272848918181323
1.421114173087592,2.573567451271399,-1.152453278183807
1.421114173087592,2.0138672049304915,-0.5927530318428995
1.421114173087592,1.8877015377343955,-0.4665873646468035
1.421114173087592,1.7367919711422934,-0.3156777980547014
1.421114173087592,1.6819581498821572,-0.26084397679456517
1.421114173087592,0.9589041228210949,0.4622100502664971
1.421114173087592,0.9203121430460632,0.5008020300415288
1.421114173087592,0.9100562601292749,0.5110579129583172
1.421114173087592,0.5583561609969876,0.8627580120906044
1.421114173087592,0.6962914578334716,0.7248227152541205
1.421114173087592,0.6123124505213948,0.8088017225661972
1.421114173087592,0.7687119919928583,0.6524021810947337
1.421114173087592,0.7719255239557042,0.6491886491318878
1.421114173087592,0.5558962686097488,0.8652179044778432
1.421114173087592,0.6272889614943928,0.7938252115931992
1.421114173087592,0.6253447600522806,0.7957694130353115
1.421114173087592,1.0797710303171175,0.3413431427704745
1.421114173087592,1.1591404010385198,0.26197377204907224
1.421114173087592,0.8483298120949482,0.5727843609926438
1.421114173087592,0.9519576679372043,0.46915650515038776
1.421114173087592,0.7181531061180917,0.7029610669695003
1.421114173087592,0.5667429449383944,0.8543712281491976
1.421114173087592,0.5945072534714251,0.826606919616167
1.421114173087592,0.4609800566372365,0.9601341164503555
1.421114173087592,0.38156185467128506,1.039552318416307
1.421114173087592,0.3656621776170254,1.0554519954705666
1.421114173087592,0.39400594199869343,1.0271082310888986
1.421114173087592,0.4359302387628099,0.9851839343247821
1.421114173087592,0.45673364229849833,0.9643805307890937
1.421114173087592,0.44834886819246594,0.9727653048951261
1.421114173087592,0.41372989373460245,1.0073842793529897
1.421114173087592,0.5200266623184826,0.9010875107691094
1.2769566861554513,0.45754817365609207,0.8194085124993593
1.1164067268661886,0.6573072078151194,0.45909951905106916
0.9621702245411835,0.6235777828266434,0.33859244171454006
0.808333630237244,0.5299605363278913,0.2783730939093527
0.6536356379411542,0.5131981282092803,0.14043750973187386
0.4914764294517328,0.5338008923895103,-0.04232446293777753
0.3169663721923927,0.4876650776088157,-0.170698705416423
0.143947023955878,0.3157517499221576,-0.1718047259662796
0.0,0.27772561482362274,-0.27772561482362274
0.0,0.2790000603615921,-0.2790000603615921
0.0,0.31352672537702886,-0.31352672537702886
0.0,0.31330762310024723,-0.31330762310024723
0.0,0.2687395046185592,-0.2687395046185592
0.0,0.29020429018560906,-0.29020429018560906
0.0,0.21286476345622868,-0.21286476345622868
0.0,0.24100912981425282,-0.24100912981425282
0.0,0.27610864557361414,-0.27610864557361414
0.0,0.2590829800217516,-0.2590829800217516
0.0,0.2694117496065974,-0.2694117496065974
0.0,0.2097351629397556,-0.2097351629397556
0.0,0.33160100390771186,-0.33160100390771186
0.0,0.2145837314627678,-0.2145837314627678
0.15447106305664451,0.14203878457698907,0.012432278479655445
0.3277399017936088,0.23164269028515247,0.09609721150845632
0.508179254855086,0.279797078360725,0.228382176494361
0.6775062302066343,0.29392956724808017,0.3835766629585541
0.8430769375798596,0.2441132578822448,0.5989636796976148
1.0307962779758586,0.27500689061613515,0.7557893873597235
1.2258945237552072,0.27318608457059335,0.9527084391846139
1.4180506552686027,0.16560843150888108,1.2524422237597217
1.5928683878879184,0.19746131920936036,1.395407068678558
1.7497235683044303,0.17236861460334324,1.5773549537010871
1.9194834055630625,0.17706650030723817,1.7424169052558243
2.1062246527218496,0.2200724516830318,1.8861522010388176
2.293129906333193,0.2181301504642844,2.0749997558689084
2.479649664780872,0.5772956902198878,1.902353974560984
2.6526494000025242,0.8620350385966502,1.790614361405874
2.831070862176023,0.5721287888211256,2.2589420733548975
3.013539566180117,0.6242755192872144,2.3892640468929027
3.193155704342671,0.8167980924442053,2.3763576118984657
3.3745113676226706,1.2835959653655094,2.090915402257161
3.5818919906327196,1.0729845863969119,2.5089074042358077
3.8270555241753432,1.465069136534446,2.361986387640897
4.077600653831744,1.5626958171907877,2.514904836640956
4.326945195342605,1.527011844361435,2.7999333509811697
4.588034816988874,1.7920538290887802,2.7959809879000943
4.8528715953018375,1.774650767867682,3.078220827434156
5.090657182951227,2.5061208696170514,2.5845363133341754
5.315239055582741,3.0991533831488276,2.2160856724339135
5.534728013030376,3.108815063845875,2.425912949184501
5.748393152800623,3.252029589826171,2.496363562974452
5.984233303170297,3.863762712528835,2.1204705906414616
6.272202445922384,4.322525790587554,1.9496766553348301
6.625230496782683,4.903535036070017,1.7216954607126658
6.963383176125386,4.613773315003927,2.3496098611214586
7.282345452100946,4.675242607268148,2.6071028448327986
7.618737072906959,5.130175876816689,2.48856119609027
7.96232569042052,5.360285911719771,2.6020397787007488
8.29333990024445,5.761125080876148,2.532214819368301
8.611984283386798,6.725519412184345,1.8864648712024534
8.92662461286122,7.398825637168186,1.5277989756930337
9.245859768226145,7.503591193949561,1.7422685742765838
9.567017146279548,7.352789269233362,2.214227877046186
9.886674234648911,8.203757366634363,1.6829168680145479
10.196160989740687,8.750894967726053,1.4452660220146338
10.532411912100068,9.172708307409572,1.3597036046904964
10.89645874097107,9.226951183178272,1.669507557792798
11.251322291593098,9.64209893109721,1.6092233604958874
11.588685824059322,9.60727526917904,1.9814105548802825
11.928103197676998,9.862700659564718,2.0654025381122807
12.271531128932951,9.718052544502228,2.5534785844307226
12.627360814053642,10.38133961852741,2.2460211955262324
13.004285958929051,12.448831194922448,0.555454764006603
13.374124663484716,13.044886643742307,0.32923801974240874
13.795973301910182,13.0116803381422,0.7842929637679816
14.252319125503842,13.119909024403237,1.1324101011006054
14.715789724308545,12.82160260641993,1.894187117888615
15.17911142556853,13.323810579897565,1.8553008456709659
15.642985687762808,14.142656440071006,1.500329247691802
16.10624524231499,14.497097127045345,1.6091481152696456
16.565222120255015,14.962727822394658,1.602494297860357
17.003518796594186,14.013341556779672,2.990177239814514
17.442648058311665,14.406748644140746,3.0358994141709186
17.891882648349263,14.347152293100596,3.5447303552486673
18.358222621872578,14.36627845200613,3.991944169866448
18.829837465392597,14.251718334773392,4.578119130619205
19.311734167181665,15.37628822847527,3.935445938706396
19.783124339354334,16.225554851985887,3.557569487368447
20.246858990467107,17.253543478429545,2.9933155120375616
20.700346611748664,17.40391299390219,3.296433617846475
21.15186969395101,17.405721819241638,3.746147874709372
21.61173106087156,17.165430403873884,4.446300656997675
22.078344175230324,17.98423278253167,4.094111392698654
22.540159090810437,18.014115027532956,4.526044063277482
22.9917675126673,18.060185662247726,4.9315818504195725
23.433349792192026,18.06693440094798,5.366415391244047
23.865125244219737,18.15437490187505,5.710750342344685
24.288420840456258,18.404572293785794,5.883848546670464
24.69820291629784,19.71434918178314,4.9838537345147
25.07997836262936,20.4362868608767,4.643691501752663
25.44027003367135,21.358266755822388,4.082003277848962
25.795646453550727,21.34018439737288,4.455462056177847
26.133261837791515,22.193046128485847,3.9402157093056687
26.461640339642205,22.090470969718382,4.371169369923823
26.75395681479956,23.167094189140684,3.5868626256588776
27.04336008826983,26.847791054954474,0.1955690333153548
27.182761975620263,27.58860853446802,-0.405846558847756
27.30938379374223,27.467421848600466,-0.15803805485823474
27.456544965498193,27.05017328439358,0.40637168110461275
27.653716757434033,26.806494034236145,0.8472227231978877
27.865640434309544,26.592565990221345,1.2730744440881985
28.05591025324158,24.74824483504033,3.3076654182012497
28.226123428080054,25.86734629354385,2.3587771345362043
28.39485272396229,27.60576267272806,0.7890900512342327
28.577323567950835,28.436732523289855,0.1405910446609795
28.77406705676784,28.288083281053204,0.4859837757146366
28.926107898238055,29.07599107162517,-0.1498831733871171
29.03921183254914,29.054990087681134,-0.015778255131994712
29.146491106175734,28.051093881082572,1.095397225093162
29.254190671221117,30.25990891805584,-1.0057182468347214
29.37534563787557,31.591521780294443,-2.216176142418874
29.48957027686993,31.75483922433922,-2.2652689474692913
29.597150937479267,31.648467759136548,-2.051316821657281
29.706850548434307,31.39846781216859,-1.6916172637342832
29.819425176274734,30.675347391791824,-0.85592221551709
29.902214627089517,26.83588012739908,3.066334499690438
29.946111357415397,27.04391278212489,2.9021985752905053
29.973134774414,28.505451169221562,1.4676836051924376
29.982095470605735,28.396397836436673,1.5856976341690618
29.978998221112732,27.250383598083125,2.728614623029607
29.976403379330616,27.240980074953384,2.735423304377232
30.00058952537006,27.39041372354045,2.610175801829609
29.99526145166006,26.239193589492757,3.7560678621673027
29.997870742469342,26.13017262134403,3.8676981211253114
30.019150382746716,24.770444422189172,5.248705960557544
30.025719164617822,25.409437816010684,4.616281348607139
29.973598249154385,25.394088135803532,4.579510113350853
29.855174216379165,27.482817347152807,2.3723568692263584
29.75518495019423,26.920398297559345,2.834786652634886
29.678358475307004,27.146595509685504,2.5317629656214997
29.558982403338913,26.84206982856854,2.7169125747703724
29.420533529196426,26.326339684561923,3.0941938446345034
29.29193216077359,26.44451262822956,2.8474195325440306
29.17472683965601,25.92880972087872,3.245917118777289
29.054851325026487,26.192811870097795,2.8620394549286914
28.924409196022452,26.63299189900607,2.291417297016384
28.787982384798187,24.555755291325305,4.232227093472883
28.650937391090743,24.84000241651811,3.810934974572632
28.537236890877214,23.555109589894645,4.982127300982569
28.400870571674737,23.277567332497902,5.123303239176835
28.24084708538424,23.03431638848837,5.206530696895868
28.095892145108092,24.687225391209896,3.4086667538981956
27.980365735761826,24.50910307030791,3.471262665453917
27.865501063883553,25.816238758377256,2.0492623055062964
27.744504804413992,26.128459468927538,1.6160453354864543
27.611039342541005,26.21541596962719,1.395623372913814
27.47301146441169,25.6517215384349,1.8212899259767923
27.34020453657954,24.462081244672035,2.8781232919075066
27.153712010961957,22.49482403875297,4.658887972208987
26.929813382730952,22.08912428308234,4.8406890996486105
26.688866937858084,20.8301600438652,5.858706893992885
26.462339058632352,20.8301600438652,5.6321790147671535
26.244242734026383,20.15296273217425,6.091280001852134
26.02473865400038,19.390841724332642,6.633896929667738
25.80411112980298,19.296137418468064,6.507973711334916
25.58867440672415,19.33634989298052,6.252324513743627
25.366797073307033,17.302337768809373,8.06445930449766
25.136119223581975,19.015922918775278,6.120196304806697
24.87643317962921,18.109013535932785,6.7674196436964245
24.605049403772767,18.859787452392638,5.7452619513801295
24.317357023938467,18.856932225672647,5.460424798265819
24.01915541344734,18.601572531638674,5.417582881808666
23.726386403275292,17.56352117361834,6.162865229656951
23.440227669433167,17.51439880816295,5.925828861270215
23.151586019513655,18.32008356127248,4.831502458241175
22.87580975199065,17.987719688755305,4.888090063235346
22.604626119109344,17.125953662721955,5.47867245638739
22.340431643249122,16.411410343623558,5.929021299625564
22.083124938287277,17.371050159561676,4.712074778725601
21.841255755267216,17.39583244675472,4.4454233085124955
21.610397262231633,17.53035219368126,4.080045068550373
21.38425180233295,17.86518061030179,3.519071192031163
21.168262521737308,17.941228274174993,3.2270342475623153
20.976350383520927,17.79655953025343,3.179790853267498
20.796539346684515,17.46781079924859,3.328728547435926
20.61577409250759,17.81432718904528,2.8014469034623097
20.44946721612465,15.652740088800968,4.796727127323681
20.30572957091288,15.449828817555135,4.855900753357746
20.201680712559497,15.053089175830099,5.148591536729398
20.098548095218433,14.991261733118185,5.107286362100249
19.984113914005167,14.71921858459095,5.264895329414218
19.859900443714988,13.394422964851266,6.465477478863722
19.72124513765063,13.413370672109956,6.307874465540674
19.540564895608693,13.78183583944854,5.758729056160153
19.346486725387372,13.489065080641796,5.8574216447455765
19.14852679647442,13.439478824320453,5.709047972153968
18.927340393916484,13.12198878175744,5.805351612159045
18.566454966520848,13.634004732624073,4.932450233896775
18.20916638991299,13.716411373960838,4.492755015952152
17.855567720679478,13.433183088882096,4.422384631797382
17.53376704195063,13.451229687783716,4.082537354166913
17.233921860480756,12.505635532433292,4.728286328047464
16.939737333242817,11.374555569847537,5.56518176339528
16.645518009749757,11.070040952153576,5.575477057596181
16.35136330787365,11.104450869476612,5.24691243839704
16.05871720670579,12.690102940630608,3.3686142660751823
15.768667842092361,12.40673999741581,3.3619278446765506
15.479352092974766,13.40042013704041,2.0789319559343564
15.185421801854341,13.231561076748111,1.9538607251062299
14.895251728029509,13.376861946020545,1.5183897820089634
14.75663463496238,13.717992522050821,1.0386421129115586
14.627968227976035,12.339502177482961,2.2884660504930743
14.51963550795868,12.435783883690501,2.0838516242681795
14.413854367797683,12.333816588771978,2.080037779025705
14.3217269070678,12.267004073865484,2.054722833202316
14.23415242575681,12.080397172467281,2.1537552532895283
14.18985344123008,11.2571785561053,2.9326748851247793
14.143873029866027,12.017176199899515,2.1266968299665123
14.08572850576218,10.984997329099015,3.1007311766631656
14.009464360153759,10.080371303786938,3.9290930563668205
13.923046649988068,9.500818878229737,4.422227771758331
13.688442631902989,9.996945403590008,3.691497228312981
13.450279218745221,9.899064091997493,3.551215126747728
13.208143417656887,9.941769556541974,3.2663738611149125
12.991127868818968,10.12149565767902,2.8696322111399475
12.785988125447892,9.945229007231667,2.8407591182162246
12.583575284046798,8.384970845475088,4.19860443857171
12.38213622202203,6.9289657377712786,5.453170484250752
12.187371407177134,6.650881820380941,5.5364895867961925
11.99857838081624,6.360164154756095,5.638414226060144
11.8138478139871,6.336184330129313,5.477663483857788
11.631235719325181,6.818370870687419,4.812864848637762
11.435449464446934,6.69075006096964,4.744699403477294
11.235564861290035,6.599770930900607,4.635793930389428
11.031541518709531,6.443634087548233,4.587907431161298
10.821632908363645,6.562857835236184,4.2587750731274605
10.59979578524369,6.523483494441266,4.0763122908024245
10.375243083504287,6.549057650840581,3.8261854326637064
10.152811411717892,6.520419322369921,3.63239208934797
9.930447188470188,6.921462209604592,3.0089849788655956
9.69154992172409,6.7830207134994245,2.9085292082246648
9.45451814500058,7.023685547021687,2.4308325979788936
9.2191620321927,7.0232767780874426,2.1958852541052583
8.986714836830044,6.513520286570466,2.4731945502595787
8.764190682898208,6.230265020399809,2.5339256624983992
8.527396860863957,6.696692003182637,1.8307048576813205
8.28161892327565,6.730812867498216,1.550806055777434
8.037863448749468,7.046328360338899,0.9915350884105685
7.799514095006842,7.453418456050827,0.34609563895601436
7.576654141746504,7.053731115126197,0.5229230266203064
7.5263173752384205,7.294092711846575,0.2322246633918459
7.48434091444475,6.7074519347986215,0.7768889796461282
7.454677547381818,7.001816089354469,0.4528614580273489
7.431884970890536,6.639022768900297,0.7928622019902392
7.411659397582363,6.200917298733919,1.2107420988484439
7.414172836780861,6.654329814949485,0.7598430218313759
7.422915473819125,6.818035201707492,0.6048802721116333
7.445180236759315,6.884704243032941,0.5604759937263744
7.485301540917255,7.0641990891726465,0.42110245174460825
7.498884392661431,7.383317542267848,0.1155668503935825
7.501724998625243,7.551102717899051,-0.04937771927380741
7.4992899718984996,7.165549007989781,0.33374096390871877
7.506280143091215,7.255456271805835,0.2508238712853794
7.519855171388209,7.284375770309373,0.2354794010788357
7.5215762044626455,7.2697413809478215,0.251834823514824
7.501213181702555,7.176531824558341,0.32468135714421376
7.465304283822937,6.992796149879198,0.47250813394373914
7.275440975707797,7.039161041930307,0.23627993377748968
7.3208603049310454,6.149342803815068,1.1715175011159777
7.146249139228595,6.182603476691627,0.963645662536968
6.974940631370747,5.900688538627834,1.0742520927429133
6.790299774731825,5.98178849594965,0.8085112787821753
6.60203215792785,5.906275453638956,0.6957567042888941
6.41576150179865,6.280020454020741,0.13574104777790819
6.236322732604838,5.2274404045251,1.0088823280797374
6.060645546036085,5.294348709604824,0.7662968364312608
5.871700327283004,5.20536833427626,0.666331993006744
5.68588180203755,5.307446419270662,0.37843538276688804
5.502465588010135,4.971177277889192,0.5312883101209431
5.322436357595054,5.7103346148772625,-0.3878982572822087
5.178311339535169,4.896571213435982,0.2817401260991872
5.178311339535169,5.66810681170983,-0.48979547217466113
5.178311339535169,5.549337096433648,-0.3710257568984794
5.178311339535169,6.0326550836945305,-0.8543437441593618
5.178311339535169,5.8155259156196975,-0.6372145760845287
5.324310510369257,5.807165797114725,-0.48285528674546807
5.469086055326997,5.814002461800508,-0.3449164064735113
5.469086055326997,5.838751268269551,-0.3696652129425537
5.469086055326997,5.976557672830387,-0.5074716175033895
5.621851499522507,5.634417757973597,-0.012566258451089496
5.776983910440799,5.620365964375551,0.15661794606524815
5.776983910440799,5.555777706258235,0.22120620418256376
5.776983910440799,5.69806405841674,0.07891985202405838
5.776983910440799,6.098037710933916,-0.32105380049311716
5.626540739639422,5.667159762993353,-0.04061902335393075
5.477638599970764,5.506426299655164,-0.028787699684399648
5.3276660822855275,5.889668882406899,-0.5620028001213715
5.175454850293256,6.026040866262294,-0.8505860159690384
5.005340374492287,6.70868888146281,-1.7033485069705225
4.830943122114448,5.7518023674210825,-0.9208592453066347
4.6559883077196655,4.929363309379909,-0.2733750016602432
4.479870470826797,4.310208522904486,0.16966194792231093
4.30307021488302,4.030724787762434,0.2723454271205856
4.136925428250665,4.1975508786804046,-0.06062545042973966
3.9874949111277056,4.07845478882019,-0.0909598776924847
3.9874949111277056,4.38823702268447,-0.400742111556764
3.9874949111277056,3.0768763874484883,0.9106185236792173
3.9874949111277056,2.8411527592376107,1.146342151890095
3.9874949111277056,2.9893700674282195,0.9981248436994861
3.9874949111277056,3.107141656149778,0.8803532549779276
3.9874949111277056,3.0390522258296664,0.9484426852980392
3.9874949111277056,2.7244933865024645,1.263001524625241
3.9874949111277056,2.7461695480785178,1.2413253630491878
3.9874949111277056,2.647671258369086,1.3398236527586196
3.9874949111277056,2.185915074392404,1.8015798367353018
3.9874949111277056,2.5354214835462496,1.452073427581456
3.9874949111277056,2.4732726409885086,1.514222270139197
3.9874949111277056,2.6375452918163664,1.3499496193113392
3.9874949111277056,2.0651230650256704,1.9223718461020352
3.9874949111277056,2.564876927614397,1.4226179835133088
3.9874949111277056,2.7100012472227295,1.277493663904976
3.9874949111277056,2.2423533482398885,1.745141562887817
3.9874949111277056,2.4715464615405582,1.5159484495871474
3.9874949111277056,3.2889981261131087,0.6984967850145969
3.9874949111277056,2.2178768135546836,1.769618097573022
3.9874949111277056,1.7693354750262162,2.218159436101489
3.9874949111277056,1.6962634708097901,2.2912314403179153
3.9874949111277056,1.8058365155269058,2.1816583956007998
3.9874949111277056,1.5355221152879792,2.451972795839726
3.9874949111277056,1.7058970430666567,2.281597868061049
3.9874949111277056,2.721673871890417,1.2658210392372884
3.9874949111277056,2.8932710777865753,1.0942238333411303
3.9874949111277056,2.333331576746265,1.6541633343814408
3.9874949111277056,2.7862195726170853,1.2012753385106203
3.8205797493354234,2.812857503455086,1.0077222458803377
3.6439994698165554,3.0407288527678604,0.603270617048695
3.4670089073089367,2.791633973405565,0.6753749339033717
3.289570416136641,3.1887073639530277,0.10086305218361336
3.115591667490047,3.155794995799613,-0.04020332830956619
2.9398896666100116,3.036347621981394,-0.09645795537138246
2.903211633872789,3.074843260265262,-0.17163162639247265
2.8609737904832184,3.0107122990613795,-0.14973850857816107
2.809471209016222,3.205284919180035,-0.39581371016381306
2.764546939387222,3.039996744904077,-0.27544980551685505
2.7249471740734577,3.0479392724399927,-0.3229920983665351
2.6828062183957377,3.1275039358826526,-0.4446977174869149
2.6336723272595437,2.686962549254177,-0.0532902219946334
2.5668789609049525,2.7455110627302592,-0.17863210182530675
2.3642409688383927,2.642261102253838,-0.27802013341544507
2.187453855260647,2.359357434561797,-0.17190357930115008
2.0295699578943207,2.326516642744016,-0.29694668484969533
2.0295699578943207,2.5542922717114434,-0.5247223138171226
1.8036699944654953,2.015166288423565,-0.21149629395806957
1.8036699944654953,1.9969742681045675,-0.1933042736390722
1.8036699944654953,2.0315596420365596,-0.22788964757106434
1.8036699944654953,1.930238405104849,-0.12656841063935365
1.9537828212763202,1.7605254044609264,0.19325741681539377
1.9537828212763202,1.3426823981902958,0.6111004230860244
1.9537828212763202,1.161829062138414,0.7919537591379062
1.9537828212763202,1.234995154025877,0.7187876672504432
1.9537828212763202,1.3259708776043513,0.6278119436719689
1.9537828212763202,1.4202502923459885,0.5335325289303317
1.9537828212763202,1.503067821338739,0.45071499993758124
1.9537828212763202,1.2711555014197458,0.6826273198565744
1.9537828212763202,1.680123473476739,0.27365934779958123
1.9537828212763202,1.375547177019371,0.5782356442569492
1.9537828212763202,1.6042302282882948,0.34955259298802543
1.9537828212763202,1.739881491387249,0.2139013298890713
1.9537828212763202,1.403616356750912,0.5501664645254083
1.8077836504422333,2.010584351338469,-0.2028007008962358
1.6630081054844916,2.159657501612368,-0.4966493961278762
1.6630081054844916,2.5080343164997623,-0.8450262110152706
1.6630081054844916,2.354852481407311,-0.6918443759228194
1.5102426612889819,2.4791426864015094,-0.9689000251125275
1.3551102503706889,2.425729084549367,-1.0706188341786782
1.3551102503706889,2.475421749657237,-1.1203114992865482
1.3551102503706889,2.498229600799352,-1.143119350428663
1.3551102503706889,2.1471183943592904,-0.7920081439886015
1.3551102503706889,1.791047885981368,-0.4359376356106792
1.3551102503706889,1.154354865570261,0.20075538480042798
1.3551102503706889,1.377927001640947,-0.022816751270258173
1.3551102503706889,1.3550060498161565,0.00010420055453241872
1.3551102503706889,1.1807489186980498,0.17436133167263912
1.3551102503706889,1.0650893469969904,0.29002090337369846
1.508311365452544,1.0769698000175811,0.4313415654349628
1.6703834480238966,1.2399558594101352,0.4304275886137614
1.8373432627036423,1.4137086431284296,0.42363461957521276
2.008328905410619,1.2076872114356452,0.8006416939749739
2.17612501384516,0.8939050449184527,1.2822199689267073
2.3360335034359854,0.9884068666909436,1.3476266367450418
2.4898831088133067,0.7366878281264475,1.7531952806868591
2.6386534380636824,0.7733695338128326,1.8652839042508498
2.8067167888477345,0.8502266299257806,1.9564901589219539
2.998822587144192,1.2712210859996225,1.7276015011445696
3.182192414993218,1.1794509307980254,2.0027414841951927
3.3701136478888363,1.2957239134029204,2.0743897344859157
3.5597531658266606,1.1955401003376722,2.3642130654889884
3.7533284077235054,1.1926371206967437,2.5606912870267617
3.937521564391617,1.0381282276862964,2.8993933367053204
4.111946625464741,1.1241552594052124,2.9877913660595286
4.274570562382299,2.1999632479998725,2.074607314382426
4.4384048261704905,2.196456166267807,2.2419486599026834
4.630643692845417,1.8625921214871481,2.7680515713582685
4.8587845347742045,1.8513272574067954,3.007457277367409
5.1291071894580735,1.8346845537147247,3.2944226357433486
5.414627692343471,2.4625971622791685,2.9520305300643024
5.697444122516676,2.8848489305376637,2.812595191979012
5.9898237525728115,2.7388900508033065,3.250933701769505
6.285600615612027,2.792819815957169,3.4927807996548577
6.590586341594461,2.971910731171924,3.618675610422537
6.893101237258398,3.8478800120620393,3.045221225196359
7.188944882120107,4.425922195536266,2.7630226865838408
7.471930594944894,5.341949775849748,2.129980819095146
7.751695934533302,6.272648607220654,1.4790473273126477
8.034448477018456,6.75821340785916,1.2762350691592959
8.335511603750353,6.605192464022259,1.7303191397280946
8.636858445360373,7.172444380365118,1.464414064995255
8.956340955797895,6.915757626430368,2.040583329367527
9.29811511511988,6.756855489016664,2.5412596261032165
9.665645253974771,6.806368904811774,2.8592763491629976
10.06097692954627,6.952331454578713,3.108645474967556
10.488939073631046,7.7440369033018,2.7449021703292464
10.924243639975375,7.443937566819175,3.4803060731562
11.35737218211831,8.878834444359644,2.478537737758666
11.664922985753334,9.728571149215034,1.9363518365383001
11.983557689124094,9.314042287487993,2.669515401636101
12.296691165705866,8.80206031104041,3.4946308546654556
12.597334032631455,8.596887940186354,4.000446092445101
12.880338942663334,8.728517102942043,4.151821839721292
13.168880404042868,9.112503850538696,4.0563765535041725
13.463311799630441,9.963888043717038,3.499423755913403
13.784613682762792,10.753096197939332,3.0315174848234605
14.253913076974,11.070346422039858,3.1835666549341415
14.667542565520254,11.389461559993116,3.278081005527138
15.15673093285444,12.232859739455181,2.9238711933992594
15.638035565158455,13.157467436846586,2.4805681283118695
16.152686532185754,14.242737016647824,1.9099495155379298
16.671224181236887,14.62871472623141,2.0425094550054776
17.171083755913113,14.813591547755456,2.357492208157657
17.672368387305003,15.219581736568445,2.4527866507365577
18.024701948449717,15.164300775294386,2.8604011731553314
18.479794776484685,14.928015809468972,3.5517789670157125
18.92821452900561,15.749789742771936,3.178424786233675
19.36020279958772,16.69865709766721,2.661545701920513
19.806760545470997,17.322013010549945,2.484747534921052
20.25891695979056,16.995773489762872,3.263143470027689
20.697674418658625,16.56870845556257,4.128965963096054
21.102317037922457,16.554305888305027,4.54801114961743
21.45389705528342,18.845301504384146,2.608595550899274
21.78358048904698,20.176573528131335,1.607006960915644
22.1016358346817,21.923263928084445,0.1783719065972562
22.40919456970295,23.684849027946854,-1.2756544582439027
22.72048041576546,23.7517394451279,-1.0312590293624382
23.041979171233447,24.817553432915194,-1.7755742616817471
23.361092535717493,24.306397043355986,-0.9453045076384932
23.661891904624216,25.021869281182408,-1.3599773765581915
23.957940068407996,25.761815882293384,-1.8038758138853872
24.240188310118832,25.41192372730295,-1.1717354171841166
24.49209763508413,22.885665208897176,1.6064324261869523
24.72319822436595,22.652021088040257,2.0711771363256943
24.923745277559252,23.677963726233966,1.2457815513252868
25.117258861179796,25.80470119058889,-0.6874423294090946
25.299427598496873,27.88773178838419,-2.5883041898873174
25.47365026297489,25.756833917602936,-0.28318365462804707
25.658324791479657,28.501521381868287,-2.8431965903886294
25.827382762141237,28.4912010368621,-2.663818274720864
25.97426518336209,28.546747003454325,-2.5724818200922357
26.186806599002733,28.775789104101563,-2.58898250509883
26.24780371201701,31.953406272548396,-5.705602560531386
26.318566858676366,29.292098877216894,-2.973532018540528
26.388744826009226,29.007390596727156,-2.6186457707179294
26.460350292215065,29.140280074022947,-2.679929781807882
26.53301818283678,27.016101582440573,-0.48308339960379243
26.626569657915557,24.471950822511804,2.1546188354037525
26.731517236404972,25.870770109095798,0.8607471273091747
26.842437061051488,28.16574273373508,-1.323305672683592
26.930391520101434,26.242785264718297,0.6876062553831375
27.000581243110712,24.332943591417276,2.667637651693436
27.07025869693541,25.36682263666886,1.7034360602665508
27.129313133802523,24.92705769575157,2.202255438050951
27.163652461343275,24.211170641292874,2.9524818200504015
27.17369642814825,23.6838165157778,3.4898799123704514
27.179422327708657,24.75003832243185,2.429384005276809
27.19653317165873,24.211656155436017,2.984877016222711
27.2335764796366,23.990644853804362,3.242931625832238
27.290476761215295,24.13262574150714,3.157851019708154
27.344081557914166,23.432194690203097,3.9118868677110683
27.365366694540654,21.710452541029508,5.654914153511147
27.34070674208341,20.89196922477624,6.448737517307169
27.29661054318807,21.39679085706325,5.899819686124818
27.244839381097986,19.356419999004913,7.888419382093073
27.174805949602575,19.37273593611164,7.802070013490937
27.09524724101063,17.78987266145317,9.305374579557459
26.985671807557733,17.50971980428135,9.475952003276383
26.877438327698002,17.669727557126905,9.207710770571097
26.78962678995621,16.402346470174113,10.387280319782096
26.703594835261097,14.982553231337441,11.721041603923656
26.636175059984534,16.276629019294084,10.35954604069045
26.567978079197083,15.477800986571308,11.090177092625774
26.47439500929628,15.348981962228704,11.125413047067576
26.37831337841712,13.645612646775817,12.732700731641302
26.27021717655967,14.799847395258057,11.470369781301612
26.141569440185872,12.833881788673477,13.307687651512396
25.98531838397073,12.660718526184827,13.324599857785902
25.791313019939526,13.585224687354831,12.206088332584695
25.555189938175594,12.746102378162973,12.809087560012621
25.315710802899094,12.72096416749643,12.594746635402664
25.081447454216693,12.450154378154181,12.631293076062512
24.834684897776253,14.29362151896888,10.541063378807372
24.57165053461586,14.354330316248,10.21732021836786
24.3011009088271,12.897226694135862,11.403874214691237
24.03277912682637,13.307671741780142,10.725107385046227
23.76473169805348,13.237593109996878,10.527138588056603
23.493255939305083,13.165079314257696,10.328176625047387
23.21927558381882,13.350011251316298,9.869264332502523
22.913971707544196,14.85522563564854,8.058746071895655
22.595321318261565,14.672718751001671,7.922602567259894
22.331562227633867,14.108744069430937,8.22281815820293
21.99951337531841,14.418881701365235,7.580631673953176
21.67111068229787,15.595999965430742,6.075110716867126
21.300943777723955,16.13421040064245,5.166733377081506
20.78240612867282,16.176503046673346,4.605903081999475
20.2825465539966,15.895081745796471,4.387464808200129
19.781261922604706,14.973531924381485,4.807729998223222
19.27881553464917,15.162121921085632,4.1166936135635375
18.8237227066142,13.92545829383665,4.898264412777548
18.375302954093275,13.241536661257008,5.133766292836267
18.096760276619268,13.955138422784618,4.14162185383465
17.817111509242352,14.272879049190921,3.5442324600514308
17.54301720227136,13.9067959343289,3.636221267942462
17.262822568461182,12.657362099750785,4.6054604687103975
17.02069192139266,13.610908931117974,3.409782990274687
16.847796850907578,13.746623705524636,3.1011731453829423
16.684111256824643,13.797361229810983,2.88675002701366
16.36605591118992,12.56605491320376,3.800000997986162
16.058497176168668,13.656038645917171,2.402458530251497
15.747211330106154,13.38323926266764,2.363972067438514
15.425712574638172,13.922404239274291,1.5033083353638812
15.106599210154128,14.659300178572439,0.4472990315816894
14.805799841247401,13.623589000088527,1.1822108411588736
14.50975167746362,13.600152857726835,0.9095988197367859
14.227503435752789,13.076812732151986,1.1506907036008034
13.975594110787487,11.416285374896798,2.5593087358906885
13.74449352150567,11.69314641028769,2.0513471112179786
13.543946468312365,12.178056565756052,1.3658899025563134
13.500743112711447,10.800025967089022,2.7007171456224253
13.463203766567647,11.405048915866503,2.0581548507011433
13.43598793520297,10.807515486574985,2.628472448627985
13.414216229715317,10.299360961822678,3.1148552678926382
13.407535531538063,9.901340653126985,3.506194878411078
13.413112366946036,8.777704995694158,4.635407371251878
13.20057095130539,7.483892632978712,5.716678318326679
12.986372723209257,6.929701583539267,6.05667113966999
12.75353749397855,7.185654943521195,5.567882550457355
12.516399711965944,7.450222707289609,5.066177004676335
12.273808603053128,7.451631918478149,4.822176684574979
12.033344603996868,7.737621072287401,4.295723531709467
11.779884639327268,7.808056798051048,3.9718278412762196
11.521087455460536,7.638690436390981,3.882397019069556
11.261397301563644,6.264524594577577,4.996872706986067
11.005379491729643,7.346065091340853,3.65931440038879
10.904445598833425,6.80506750964421,4.099378089189215
10.82298932066837,7.116970535999766,3.706018784668604
10.751407267274583,7.1983019791186935,3.5531052881558898
10.70686755183095,6.87869004844518,3.8281775033857697
10.675835106853286,5.0657109044972515,5.610124202356035
10.651496011709126,3.5908730713573367,7.06062294035179
10.628789513642703,4.09509675784257,6.533692755800133
10.584452707718393,3.6798279984240456,6.904624709294348
10.363718162351505,5.254337630329986,5.109380532021519
10.261048697356987,5.708803045647033,4.552245651709954
10.174412685673486,6.452105957228881,3.7223067284446056
10.092060039817527,4.83329176318977,5.258768276627757
10.017717365596033,4.1323141409180035,5.885403224678029
9.968222793892153,4.2270912383706225,5.74113155552153
9.941128132829606,5.00324835825108,4.937879774578526
9.934137188120802,4.861672192017169,5.072464996103633
9.953919690307387,5.548887864927226,4.405031825380161
9.973699834637554,5.3255406347475756,4.648159199889978
9.969482170672032,4.382637077913378,5.586845092758654
9.95519596168945,5.480701733357044,4.474494228332405
9.91370089152937,4.327979387081051,5.585721504448319
9.865500288659854,3.855051403394364,6.01044888526549
9.832186852856378,3.3746436810775116,6.457543171778866
9.795197270059779,4.183553980412089,5.61164328964769
9.739606071919292,4.417503079730108,5.322102992189184
9.685429568058055,3.81461872819692,5.870810839861135
9.634079124016951,4.056776763274588,5.5773023607423635
9.59205551805378,4.9315550892050215,4.660500428848758
9.554342859912806,6.1271573889015185,3.4271854710112875
9.358517428844976,6.310737137389813,3.0477802914551635
9.306144211908322,5.26131334433349,4.044830867574832
9.102325719471962,5.285015138420707,3.817310581051254
8.899369572271553,4.967137120977881,3.9322324512936717
8.705285566504758,4.741552122375705,3.963733444129053
8.52022080006718,5.924590843208775,2.5956299568584056
8.495802168346872,5.456896952328069,3.0389052160188026
8.325692008400312,5.1021604966792395,3.223531511721072
8.153082971347471,5.597556117829297,2.555526853518174
7.990590206042662,5.902124536342934,2.088465669699728
7.839941201114087,5.605891961378312,2.234049239735775
7.69007080319553,4.495610484726947,3.1944603184685834
7.5329312881767985,6.294117370164174,1.2388139180126245
7.527799921334164,7.4367766022861925,0.0910233190479719
7.530472262520218,8.753454869326347,-1.2229826068061298
7.530472262520218,8.312304983328755,-0.7818327208085369
7.673846068451236,7.339674340756238,0.33417172769499803
7.673846068451236,7.127501372999805,0.546344695451431
7.673846068451236,7.135568629956937,0.5382774384942985
7.823923627093762,6.906027146450381,0.9178964806433818
7.977783201314343,7.4527361438337065,0.5250470574806361
7.973443758714481,7.174286124330986,0.7991576343834952
7.80653478020812,7.180469051850256,0.6260657283578643
7.628472672859547,7.467577188687987,0.16089548417155974
7.469909847801661,7.644035144683072,-0.1741252968814111
7.307397875606354,6.8579727383943485,0.44942513721200505
7.128712928730467,6.681192511438637,0.44752041729183034
6.96271508904985,7.0287601893052685,-0.0660451002554181
6.96271508904985,7.084286034937793,-0.12157094588794237
6.96271508904985,6.4508487704072675,0.5118663186425829
7.119269957602101,6.095146046149018,1.0241239114530831
7.280886077309492,6.75146878339116,0.5294172939183319
7.446801263850709,6.049711806857083,1.3970894569936263
7.62059764244619,5.883678366766823,1.7369192756793668
7.797425045495457,5.898973015171398,1.8984520303240586
7.982277570667549,5.593979690814859,2.38829787985269
8.174708711872018,5.522291401307613,2.652417310564405
8.366007346864068,5.679625219833297,2.686382127030771
8.558237795145418,5.697277758675843,2.8609600364695753
8.603154949908616,5.944361726379174,2.6587932235294414
8.654482901040552,5.951465722972795,2.703017178067757
8.696575861137049,5.61909679005058,3.0774790710864686
8.71674115146648,5.547403120415445,3.1693380310510344
8.727578513504989,5.880815003164143,2.846763510340846
8.745604928048857,5.662072843644118,3.083532084404739
8.917885591924898,4.993244649101476,3.924640942823422
9.069467929548896,5.151692534943331,3.917775394605565
9.215889482231919,7.095262192528523,2.120627289703396
9.215889482231919,6.71549201500613,2.500397467225789
9.215889482231919,5.7169920158887715,3.4988974663431476
9.215889482231919,6.915416340980748,2.300473141251171
9.215889482231919,6.556464655040753,2.659424827191166
9.215889482231919,6.311651126966558,2.9042383552653614
9.215889482231919,6.814108300369482,2.401781181862437
9.215889482231919,5.323903065228368,3.891986417003551
9.054527853822401,5.017422700798388,4.037105153024013
8.88293685031373,5.670282803644425,3.2126540466693045
8.70754323394479,5.523314612634912,3.1842286213098783
8.528104103909849,6.349333171184865,2.1787709327249836
8.35551734018569,6.687133179140945,1.6683841610447452
8.189937379101327,5.9763145035711185,2.2136228755302083
8.02110797214456,5.635456481512492,2.3856514906320676
7.865777533173441,5.634037277358089,2.2317402558153523
7.865777533173441,6.018962199295409,1.8468153338780322
7.72260333479416,4.579442306035436,3.1431610287587235
7.559813367922386,4.775395279940749,2.7844180879816367
7.39650331155172,5.408406027012078,1.9880972845396414
7.229421681783156,5.630441829605255,1.5989798521779006
7.047870985403916,5.35285090800366,1.6950200774002564
6.85261944790574,5.275565630909132,1.5770538169966075
6.643392238167276,4.8620954145740685,1.7812968235932072
6.428199443451149,5.110716211688759,1.31748323176239
6.214137883316776,5.106019552063844,1.108118331252932
6.010323440162379,5.06742510004417,0.9428983401182087
5.827655891015295,4.606723774107044,1.2209321169082514
5.656805396863528,4.369459907787443,1.2873454890760847
5.4904504380353325,4.270349144578113,1.220101293457219
5.316283817007717,4.103889903684017,1.2123939133236998
5.148008189073459,3.91996043742868,1.228047751644779
4.992213078633875,3.964437268729397,1.0277758099044778
4.833263159546923,3.885032075412875,0.948231084134048
4.67333452094828,4.196924869614239,0.47640965133404034
4.514031815371157,4.656307209488469,-0.14227539411731183
4.359905411191286,4.245725620447123,0.11417979074416262
4.359905411191286,4.247046897495257,0.11285851369602895
4.213413434667407,4.37380220308511,-0.160388768417703
4.213413434667407,4.0135002261192065,0.1999132085482005
4.213413434667407,4.380676994703372,-0.16726356003596532
4.213413434667407,4.114417799752364,0.09899563491504271
4.213413434667407,4.094630203252827,0.11878323141458047
4.064204263001216,4.40598225595247,-0.3417779929512541
4.064204263001216,4.799151183779701,-0.7349469207784853
4.064204263001216,4.479847516650796,-0.41564325364958066
4.064204263001216,3.3844303855979843,0.6797738774032314
4.064204263001216,3.32237555116332,0.7418287118378957
4.064204263001216,3.2202984352488873,0.8439058277523284
4.064204263001216,3.4060091056941113,0.6581951573071043
3.9164336905603805,3.396065049799073,0.5203686407613075
3.76927728692094,2.6865384245373005,1.0827388623836396
3.76927728692094,2.7538359742358924,1.0154413126850477
3.6259034809899218,2.6516313837618815,0.9742720972280403
3.6259034809899218,2.712341893668028,0.9135615873218939
3.6259034809899218,2.6572477318889667,0.9686557491009551
3.475825922347395,2.7468131631886568,0.7290127591587381
3.321966348126815,2.6989116869631298,0.6230546611636854
3.1728601976185735,2.3885087626013606,0.7843514350172129
3.1728601976185735,2.4533209131000855,0.719539284518488
3.1728601976185735,2.7405398836605626,0.43232031395801096
3.1728601976185735,2.004646374942418,1.1682138226761554
3.1728601976185735,1.6999817334188865,1.472878464199687
3.1728601976185735,1.6359075022558978,1.5369526953626758
3.1728601976185735,1.2939155959212585,1.878944601697315
3.1728601976185735,0.6594426316858182,2.5134175659327553
3.1728601976185735,0.6730223671090431,2.4998378305095303
3.016305329066323,0.6581933784611486,2.3581119506051746
2.8546892093589316,0.8481511451695533,2.006538064189378
2.688774022817715,0.9955609515388184,1.6932130712788964
2.514977644222235,0.9806228041171622,1.534354840105073
2.338150241172968,0.8510842661305369,1.487065975042431
2.1532977160008757,0.7911335843103351,1.3621641316905406
1.9608665747964058,0.18695292104558736,1.7739136537508184
1.769567939804357,0.05198967939875573,1.7175782604056011
1.5773374915230052,0.11533980006983195,1.4619976914531732
1.3821101087401868,0.0804039298628016,1.3017061788773852
1.1861527664349698,0.060115981187932654,1.1260367852470372
0.9970529732251384,0.03422877731288811,0.9628241959122503
0.8139848598785916,0.027867750774477347,0.7861171091041143
0.6407702253557532,0.0,0.6407702253557532
0.47028455418306236,0.09122550451902336,0.379059049664039
0.29800389030702085,0.12415995460702584,0.173843935699995
0.14642155268302254,0.09885161892686456,0.04756993375615798
0.0,0.1276497300619855,-0.1276497300619855
0.0,0.089415181247111,-0.089415181247111
0.0,0.08323744962534045,-0.08323744962534045
0.0,0.03188860121615517,-0.03188860121615517
0.0,0.051917340674494016,-0.051917340674494016
0.0,0.12183854775610953,-0.12183854775610953
0.0,0.12557635800029393,-0.12557635800029393
0.0,0.2251077356495394,-0.2251077356495394
0.0,0.16474037298612668,-0.16474037298612668
0.0,0.20029686084969484,-0.20029686084969484
0.0,0.14049401439537854,-0.14049401439537854
0.0,0.21121172636540264,-0.21121172636540264
0.0,0.2057673923231299,-0.2057673923231299
0.0,0.22023692686922267,-0.22023692686922267
0.0,0.323928745607674,-0.323928745607674
0.0,0.35466805813455404,-0.35466805813455404
0.0,0.2673225562202206,-0.2673225562202206
0.0,0.18562902911466886,-0.18562902911466886
0.0,0.16185825037346518,-0.16185825037346518
0.0,0.21425513272689403,-0.21425513272689403
0.0,0.20522258352106035,-0.20522258352106035
0.0,0.2549840159182091,-0.2549840159182091
0.0,0.33064798189378525,-0.33064798189378525
0.0,0.23929903268315522,-0.23929903268315522
0.0,0.06856780688330306,-0.06856780688330306
0.0,0.15730376742474858,-0.15730376742474858
0.0,0.06684460570412969,-0.06684460570412969
0.0,0.10697060679753644,-0.10697060679753644
0.0,0.06290821769239795,-0.06290821769239795
0.0,0.0840932746518097,-0.0840932746518097
0.0,0.26625619739469897,-0.26625619739469897
0.0,0.33486371442149826,-0.33486371442149826
0.0,0.44661505698060167,-0.44661505698060167
0.0,0.4886926590374254,-0.4886926590374254
0.0,0.47350347486671485,-0.47350347486671485
0.0,0.5122163627589263,-0.5122163627589263
0.0,0.4887722090622976,-0.4887722090622976
0.0,0.5639042052895207,-0.5639042052895207
0.0,0.513699903512839,-0.513699903512839
0.0,0.5795638989402045,-0.5795638989402045
0.15178617758361973,0.7156239019339072,-0.5638377243502875
0.3120737902302747,0.8202167599813917,-0.508142969751117
0.48171855845008693,1.187411882677444,-0.7056933242273571
0.65889970918838,0.9593855585248321,-0.30048584933645206
0.8535115866052269,0.9699978953983762,-0.11648630879314936
1.04689067898784,1.020552690860815,0.026337988127025147
1.2462022404109858,1.2541606745437892,-0.007958434132803394
1.443204867602547,1.759873972409305,-0.31666910480675803
1.6448561879808656,1.801742621831393,-0.15688643385052736
1.850629598678369,1.8718122468254754,-0.021182648147106464
2.0644479954220034,1.7993566603236513,0.26509133509835214
2.2762849869644506,2.0236795313055267,0.2526054556589239
2.4976508890777933,2.2610848365017002,0.2365660525760931
2.720477141992079,3.2510488887641893,-0.5305717467721105
2.9423625628657737,3.953343925873491,-1.0109813630077173
3.177794928794333,3.8247861223689847,-0.6469911935746517
3.4250375253485195,4.404239333643082,-0.9792018082945622
3.681741014050469,4.3380774209874104,-0.6563364069369415
3.946535492491112,5.2041371665802725,-1.2576016740891607
4.218686989744254,5.552918405209466,-1.3342314154652124
4.491445818897524,5.413072183935177,-0.9216263650376533
4.77651369477799,5.499234381602193,-0.7227206868242027
5.088196607984814,5.992097278431451,-0.9039006704466361
5.412270546367474,6.237990637002319,-0.825720090634845
5.7535751664249295,6.796009594688461,-1.0424344282635314
6.1036582436307105,6.695536322048883,-0.5918780784181727
6.458746847232082,6.231848391948877,0.22689845528320518
6.816303345436476,6.5613031500470615,0.25500019538941476
7.183443315564795,6.947641927030429,0.23580138853436594
7.57285854691951,8.615168292897895,-1.0423097459783852
7.98032812597051,9.054187339784315,-1.0738592138138054
8.381617064387886,8.51100523558947,-0.12938817120158497
8.77267695921306,8.563761523134156,0.20891543607890384
9.170081835763975,8.66741999470404,0.5026618410599344
9.582664386731242,8.95186692768705,0.6307974590441923
10.009559093640858,9.077614864120868,0.9319442295199902
10.446221555524968,9.817451516431547,0.6287700390934212
10.873096650274208,10.540342480588524,0.3327541696856837
11.305672621229775,11.081325733709022,0.2243468875207526
11.733145648635329,11.160431602239406,0.572714046395923
12.162103162475292,11.969853149550474,0.19225001292481814
12.60954927317826,12.220798389964086,0.3887508832141737
13.050202310870246,12.215461682908957,0.8347406279612883
13.493712646065491,12.551201775353565,0.9425108707119261
13.924415628792634,12.080918016558678,1.8434976122339553
14.341937106034957,12.33185646625944,2.0100806397755164
14.74977087296162,13.0432222335847,1.7065486393769191
15.167322530425865,13.225265961742872,1.9420565686829931
15.580487725432917,13.65389253908253,1.9265951863503865
16.014625830038252,15.361955421497166,0.6526704085410859
16.458859687998324,14.972657233170501,1.486202454827822
16.912906897361683,15.146335048238157,1.766571849123526
17.31588429973181,15.802113157204568,1.5137711425272418
17.672083338994224,15.870248844846406,1.8018344941478173
18.03335731688443,15.898955243582321,2.134402073302109
18.320526410058612,16.05980174880752,2.2607246612510927
18.591941493089532,17.56629516429946,1.0256463287900708
18.86533634998898,17.686210612760206,1.1791257372287731
19.141660434253303,17.950027989117732,1.1916324451355713
19.42946632698085,17.717781230661107,1.7116850963197443
19.730006371538952,18.103780231594197,1.6262261399447553
20.035119767806698,18.353825743007473,1.6812940247992252
20.338285249322276,18.781203537081286,1.55708171224099
20.651089439944567,19.368994322701635,1.2820951172429318
20.971260114126896,19.818614272462526,1.15264584166437
21.313315155993923,19.331055604819728,1.9822595511741952
21.668153508394713,19.68307633073396,1.9850771776607523
22.01869012197102,19.982356126077377,2.036333995893642
22.36307230189544,20.50845426381121,1.8546180380842294
22.69533427750156,20.50157939267476,2.1937548848267987
23.017516919593223,21.273942519910396,1.743574399682828
23.325966173943772,22.4116601622394,0.9143060117043724
23.63271296102599,20.698734262743507,2.933978698282484
23.943919160579537,21.653839705059216,2.2900794555203206
24.245300522758722,21.291097269392964,2.9542032533657583
24.52643223637353,21.526351407175767,3.0000808291977634
24.800866423282745,21.739063534889535,3.06180288839321
25.070235647242608,22.042296984230884,3.0279386630117244
25.324161554441293,22.246965343947643,3.07719621049365
25.567774690359393,21.935709634665294,3.632065055694099
25.80003326289386,22.841165466744357,2.9588677961495016
26.020757129126928,24.10233617230579,1.9184209568211372
26.23594923918487,22.014708043123207,4.221241196061662
26.44123354345587,21.530583291031405,4.910650252424464
26.49066951079038,21.45249951206954,5.038169998720839
26.52555548739343,21.643205460936468,4.882350026456962
26.545687930636696,20.40254159977775,6.143146330858947
26.55251812814055,20.94240079926335,5.610117328877202
26.544938047098697,23.69895926804984,2.845978779048856
26.538156063332995,22.898544304635085,3.63961175869791
26.528346451349385,24.230954517972005,2.29739193337738
26.5134642081851,24.20823681615316,2.305227392031938
26.48283219924718,24.441455832709217,2.041376366537964
26.43335466910184,24.31260964658564,2.1207450225162
26.377411812562624,24.226049160750314,2.1513626518123097
26.333694377305914,25.529380840266462,0.8043135370394516
26.2857651486595,24.973423356886784,1.3123417917727167
26.23691991823259,25.18368212688288,1.0532377913497122
26.200124752228845,24.57504906952886,1.6250756826999861
26.143135905924108,24.755552908591092,1.3875829973330163
26.062749868216965,25.804512881557297,0.2582369866596679
25.980077987836754,25.291488244652875,0.6885897431838792
25.902885884841883,23.653226722792517,2.2496591620493653
25.808543477477496,24.686318591104303,1.1222248863731927
25.68441250568025,24.349543167434714,1.3348693382455359
25.399344629799778,23.5514881168082,1.8478565129915765
25.087661716592955,23.124705392535027,1.9629563240579273
24.763587778210297,22.471380577880193,2.292207200330104
24.42228315815284,21.98206894446359,2.4402142136892486
24.07220008094706,22.171893752039303,1.9003063289077566
23.86242650181879,22.135984512273293,1.7264419895454957
23.504870003614396,22.297950709359306,1.2069192942550906
23.137730033486072,22.339596252961297,0.7981337805247755
22.89879283440713,20.6420507383432,2.2567420960639275
22.645437047751898,20.55397533877793,2.0914617089739664
22.402147369083234,20.61764849337763,1.784498875705605
22.17158933202066,20.43909776586843,1.7324915661522304
21.934040550178672,19.832217996553137,2.101822553625535
21.690388482429075,20.50622890219809,1.184159580230986
21.42961393979518,21.22232243721615,0.20729150257902873
21.154474088769973,21.39431741734613,-0.23984332857615698
20.88001208291291,20.85802002594159,0.021992056971317453
20.600490290909885,20.84559320416214,-0.24510291325225353
20.328785335631714,20.70057014987884,-0.37178481424712473
20.051455312126556,20.564024210957115,-0.5125688988305583
19.755909106069872,19.13892643508261,0.6169826709872623
19.465017805250323,18.216051788088677,1.2489660171616457
19.165992910084263,18.640806707376118,0.5251862027081451
18.886968272946785,18.09238930755914,0.7945789653876432
18.632075832530052,17.805234874197293,0.8268409583327596
18.3951050775554,17.71265193341834,0.6824531441370603
18.149618028949195,17.487927318984266,0.6616907099649296
17.90986848235738,16.729472080267104,1.180396402090274
17.65978745086747,16.842913838695083,0.8168736121723867
17.405976254714165,17.191993942012658,0.21398231270150703
17.13327790020967,15.10068933007993,2.0325885701297395
16.914950968176104,15.960999551518263,0.9539514166578407
16.74256119213164,14.913041828976008,1.8295193631556312
16.56642255802708,14.001793154215827,2.5646294038112547
16.472422550793134,14.128026722988725,2.3443958278044086
16.399719719237698,14.526948638549237,1.8727710806884605
16.322691903792787,14.445857747533573,1.8768341562592141
16.249072910399683,14.603118234716991,1.6459546756826917
16.160907053945355,14.627774825321314,1.5331322286240407
16.059908876919494,14.227405296291234,1.8325035806282592
15.952370168157538,12.655746908287497,3.2966232598700405
15.842627746399229,12.7577164681447,3.0849112782545287
15.717821942329744,12.286958443266606,3.430863499063138
15.581582088710311,12.291594480713236,3.289987607997075
15.42692193774777,12.167409902080845,3.2595120356669245
15.270680544785678,11.94145598249665,3.3292245622890277
15.12260590539699,11.990261748814996,3.1323441565819934
14.982686424817176,10.996822519731666,3.9858639050855107
14.856987358797522,10.504577374771099,4.352409984026423
14.730967247212366,10.317765578428045,4.413201668784321
14.61846431712183,11.264361446977635,3.354102870144196
14.512183347826634,11.052147152849455,3.460036194977178
14.405460643974902,10.38405850379808,4.021402140176821
14.30729859472281,10.66919710585943,3.6381014888633807
14.231692215335345,10.100355179881548,4.131337035453797
14.167974495848341,10.815237429487478,3.352737066360863
14.115665919040238,10.757865880098686,3.3578000389415514
14.075541657807117,11.268845538712409,2.806696119094708
14.032108152451924,12.108062377841158,1.9240457746107662
13.979088144904066,13.605584988677329,0.3735031562267377
13.92625667474463,13.839837467451686,0.08641920729294483
13.868412151788347,13.499157890497399,0.36925426129094774
13.819831879901983,13.316160455303082,0.5036714245989007
13.618609734983854,13.818450535720277,-0.19984080073642296
13.423436145734147,14.080740645752213,-0.657304500018066
13.233658934271071,13.770598364941513,-0.5369394306704418
13.049647586028922,13.200013134711298,-0.15036554868237673
12.862615789653926,13.38539840287247,-0.5227826132185438
12.676018681037018,13.373440855045159,-0.6974221740081408
12.486516731597485,13.386220354585467,-0.8997036229879818
12.304396347570208,13.131426968029729,-0.8270306204595208
12.13337703612981,13.463229816145953,-1.329852780016143
11.977081155577647,13.885182374643314,-1.9081012190656672
11.819205615373225,14.614606320304178,-2.7954007049309535
11.651086059087488,13.56090722610739,-1.9098211670199028
11.47764938562056,14.00838644125924,-2.5307370556386797
11.30366836313318,13.787947240589226,-2.4842788774560454
11.118578108263234,13.105980413406373,-1.9874023051431386
10.940134588639413,13.076817778206317,-2.136683189566904
10.773278029792367,12.943365550610796,-2.170087520818429
10.59924642147063,13.020727414525496,-2.4214809930548657
10.411644046024858,12.986017014767882,-2.574372968743024
10.233834956136102,13.030283652200167,-2.796448696064065
10.085207098780083,13.049895143101905,-2.9646880443218215
10.228275368196737,13.005366055992056,-2.7770906877953188
10.228275368196737,13.784301801333887,-3.5560264331371503
10.228275368196737,14.091788224371026,-3.863512856174289
10.228275368196737,14.233783052363762,-4.005507684167025
10.228275368196737,12.921325717593817,-2.6930503493970797
10.082960343723636,11.681594438242499,-1.5986340945188626
10.082960343723636,11.194752398143253,-1.1117920544196167
10.082960343723636,11.770944245586472,-1.687983901862836
9.93248231144787,11.53004390999493,-1.5975615985470597
9.778368519052098,12.413467461174278,-2.6350989421221804
9.620369259303386,11.151555999087751,-1.5311867397843653
9.459867401540789,12.266296573952332,-2.8064291724115424
9.300011306831863,11.553353292685712,-2.253341985853849
9.131080823614193,11.778346973753854,-2.647266150139661
8.964960659338471,11.733130302109652,-2.7681696427711806
8.956838099840414,12.09658633631555,-3.1397482364751355
8.961135456167359,10.824725484302459,-1.8635900281350999
8.972345969581779,11.172051094191588,-2.1997051246098085
8.97837601611886,11.163100178089067,-2.184724161970207
9.005459427594031,10.650356173166685,-1.6448967455726535
9.040350288226964,10.627905996984364,-1.5875557087573995
9.087149377916157,9.84193712310094,-0.7547877451847835
9.142095539527165,9.499058569739413,-0.3569630302122473
9.180591047338973,8.953650931379777,0.22694011595919683
9.202735296155227,9.13333999294817,0.06939530320705778
9.217300518827733,10.279538975758944,-1.0622384569312118
9.231679690413216,10.153097684306513,-0.9214179938932965
9.232234598096994,10.278214288149966,-1.045979690052972
9.224703701105389,10.155281275719144,-0.9305775746137552
9.217295585527697,9.588689461819486,-0.37139387629178877
9.21748178385637,7.899793700755761,1.3176880831006086
9.232283918282052,8.092209790404317,1.1400741278777353
9.250022278455077,10.1529803033336,-0.9029580248785223
9.271523959955001,11.530434079626906,-2.2589101196719046
9.302981874009769,10.267821155976318,-0.9648392819665492
9.338864482600448,9.53172728319953,-0.192862800599082
9.384188382001147,11.094986901539718,-1.7107985195385709
9.394029613869195,10.337434843873792,-0.943405230004597
9.414112380928216,10.737827419684788,-1.3237150387565713
9.437257628281007,11.617437526596069,-2.180179898315062
9.465644786617784,11.463878719911765,-1.9982339332939816
9.5074030145305,12.347987549421005,-2.840584534890505
9.568389250760086,12.25165756628428,-2.6832683155241934
9.648685309710531,12.266245430805057,-2.6175601210945256
9.73477866550782,11.47940327008357,-1.7446246045757494
9.823163284001165,13.20438915471829,-3.3812258707171257
9.911294318283401,13.390195938964402,-3.4789016206810004
10.006838573177252,12.854451982639562,-2.8476134094623102
10.109889367000832,12.112232301277897,-2.002342934277065
10.217472324804602,11.36702789045508,-1.1495555656504788
10.312783191487439,11.825439578105179,-1.5126563866177403
10.393910329226008,11.459857597164103,-1.0659472679380944
10.474103934339613,11.529827718087397,-1.0557237837477835
10.546970224392938,11.244332175585416,-0.6973619511924785
10.604844681504273,10.821747636919351,-0.21690295541507787
10.639516554537085,10.678784484159031,-0.03926792962194625
10.642977778021404,10.645334872751997,-0.00235709473059309
10.634384057324606,9.944406931824888,0.689977125499718
10.677530338500132,9.528811580115786,1.1487187583843461
10.693540246851978,9.638573722701192,1.0549665241507853
10.710507065895113,11.193013346919738,-0.4825062810246248
10.728317627059052,11.233544652252649,-0.5052270251935962
10.733755756193919,11.39797365854148,-0.664217902347561
10.884814471378819,11.75566199863747,-0.8708475272586504
11.031313447424468,12.016587704833212,-0.9852742574087436
11.031313447424468,11.745488434721256,-0.7141749872967882
11.031313447424468,12.103360394018816,-1.072046946594348
11.031313447424468,12.31176472385954,-1.2804512764350715
11.031313447424468,13.351045850505296,-2.3197324030808275
11.031313447424468,13.144774979158063,-2.113461531733595
11.031313447424468,12.574604660875522,-1.5432912134510541
11.031313447424468,12.7639048105182,-1.7325913630937322
11.031313447424468,12.870312462814312,-1.8389990153898434
11.031313447424468,12.897201740547596,-1.8658882931231275
11.031313447424468,13.443711001290765,-2.412397553866297
11.18748597012799,13.699619487975752,-2.5121335178477633
11.351263351730333,14.129642355051702,-2.778379003321369
11.513180247525328,14.918230991419579,-3.4050507438942503
11.676536704884004,15.665456246528883,-3.9889195416448793
11.838357798623552,15.952243221547599,-4.113885422924048
12.003014414652386,15.716724811652611,-3.7137103970002254
12.161905587824638,15.812123729134532,-3.650218141309894
12.317642696530926,16.2726070200966,-3.954964323565674
12.470120734844558,15.742409163623764,-3.2722884287792056
12.476867642397172,14.915122470004555,-2.4382548276073823
12.624610667588936,15.160644510951013,-2.536033843362077
12.768145951236187,15.183121485526703,-2.414975534290516
12.91612695931251,14.466248165100959,-1.5501212057884484
12.916126959312512,15.08795551495052,-2.171828555638008
12.916126959312512,14.467365993857184,-1.5512390345446718
12.916126959312512,14.662694132989932,-1.7465671736774198
12.916126959312512,14.607090606995843,-1.690963647683331
12.916126959312512,14.74982093827961,-1.8336939789670978
12.916126959312512,15.138379706070797,-2.2222527467582847
12.916126959312512,14.502964631219514,-1.586837671907002
12.916126959312512,12.231677191503614,0.6844497678088981
12.916126959312512,11.947789529305666,0.9683374300068461
12.916126959312512,10.715223335025298,2.200903624287214
12.916126959312512,10.05226075054079,2.8638662087717215
12.762726907951665,9.697396419337181,3.0653304886144834
12.606016462732544,9.427098422515897,3.1789180402166473
12.441751770365581,9.165613675990382,3.2761380943751988
12.27995365170112,9.734842782954342,2.5451108687467787
12.10124274989114,9.525846402149948,2.575396347741192
11.914451984611924,10.975849861998647,0.9386021226132772
11.717891158050294,12.209953116866869,-0.4920619588165742
11.518459556410097,12.34885298682284,-0.8303934304127427
11.328285703008627,12.62806704180145,-1.2997813387928225
11.143512417366788,12.257104763014267,-1.1135923456474792
10.958084182742269,12.068216811880323,-1.1101326291380538
10.771640402298742,12.311929390532436,-1.5402889882336943
10.597669846199732,12.73632131957897,-2.1386514733792374
10.42114367007591,12.228402711780985,-1.8072590417050751
10.23812912384683,12.327995152047619,-2.089866028200788
10.0565940706593,12.594202221001904,-2.5376081503426047
9.857141465897055,12.921354452430599,-3.064212986533544
9.655593842506079,11.655436301222542,-1.9998424587164632
9.448956817220505,12.268588858372148,-2.8196320411516425
9.372901834193158,10.555071949767388,-1.1821701155742304
9.28621475821201,10.397854084998343,-1.1116393267863334
9.04452381735677,9.714742246745399,-0.670218429388628
8.831977494617506,10.088519348220725,-1.2565418536032187
8.612254691285264,8.465839593844812,0.14641509744045145
8.389567576400236,8.59868959110422,-0.2091220147039845
8.163605730557665,8.482576834143751,-0.3189711035860867
7.928424442887681,8.813584211842127,-0.8851597689544457
7.679439820105292,8.469274385451111,-0.7898345653458199
7.415212940591944,8.897687314879324,-1.4824743742873796
7.296199069167293,7.840794945606239,-0.5445958764389465
7.182366873309683,7.5039577484227795,-0.32159087511309625
7.0762242437499765,7.681634940160392,-0.6054106964104156
6.963607963387214,7.146740284241811,-0.18313232085459674
6.842250530361937,7.1405088666354555,-0.29825833627351805
6.719087446290059,7.302699667401315,-0.583612221111256
6.605987419145649,7.326873990164806,-0.7208865710191574
6.504294599181894,7.714656289747675,-1.2103616905657812
6.390203043945424,8.130942380787522,-1.7407393368420978
6.282709179740698,7.818154725409674,-1.535445545668976
6.177917376423742,7.8434881714968885,-1.6655707950731466
6.0854312876775944,7.59861022718829,-1.5131789395106958
6.015674596316133,7.582796843135303,-1.56712224681917
5.958905086206706,7.490668341154313,-1.5317632549476068
5.715579174468268,7.951648445505932,-2.236069271037664
5.520330701129816,8.134359109811562,-2.6140284086817465
5.3354714860130485,7.13978532957703,-1.8043138435639818
5.160313337747447,6.2477342112209096,-1.0874208734734623
4.998171176227946,6.2572204928283135,-1.2590493166003673
4.847112461043046,6.053351590467263,-1.2062391294242172
4.700613484997397,7.06094018268461,-2.3603266976872135
4.700613484997397,7.117057888105434,-2.416444403108037
4.700613484997397,5.746091118030402,-1.0454776330330056
4.700613484997397,5.965760116359263,-1.2651466313618664
4.700613484997397,6.181605770793495,-1.4809922857960984
4.700613484997397,5.703738180617463,-1.0031246956200661
4.700613484997397,5.7242248087891,-1.0236113237917035
4.700613484997397,5.491009568025204,-0.7903960830278072
4.700613484997397,5.490415183493071,-0.7898016984956744
4.700613484997397,6.311899223502679,-1.6112857385052823
4.700613484997397,6.684319362827084,-1.9837058778296877
4.5444409622938755,7.413889582607017,-2.8694486203131415
4.3806635806915315,7.620918185863086,-3.240254605171555
4.218746684896536,7.332953348695948,-3.114206663799412
4.055390227537859,7.503805061348802,-3.4484148338109435
3.8935691337983127,7.765913030303584,-3.872343896505271
3.957626524750266,7.3990119949359405,-3.4413854701856743
3.7987353515780145,7.574798036290231,-3.7760626847122163
3.6429982428717267,7.421632958138329,-3.7786347152666027
3.639041326113919,7.552973626838403,-3.913932300724484
3.64463775972705,7.908112969673912,-4.263475209946861
3.6545269848978257,7.990908334532782,-4.336381349634957
3.5109917012505742,8.046638053716205,-4.53564635246563
3.554975744608085,8.104679629415772,-4.549703884807687
3.746964385999435,7.408118484575207,-3.661154098575772
3.928008983949043,7.497610501961181,-3.569601518012138
4.108538537341285,7.484769587795,-3.3762310504537156
4.305212274160082,7.659407704069374,-3.354195429909292
4.514555220222969,7.784681195321731,-3.270125975098762
4.72910801566129,7.688052564831195,-2.958944549169905
4.950294125160653,7.775955904391995,-2.825661779231342
5.17181371144711,7.597256414864668,-2.4254427034175574
5.397014023735737,7.154785521467458,-1.7577714977317207
5.616335422994075,6.591728764145554,-0.975393341151479
5.836742863682,5.82908245969722,0.007660403984779407
6.06599200954644,5.762664410080199,0.30332759946624055
6.303897970628564,6.228971344600797,0.07492662602776701
6.557979951184914,6.305497234610181,0.2524827165747334
6.8221838029354105,7.185856088348722,-0.36367228541331187
7.094509308236141,6.532786607949822,0.5617227002863192
7.398683557623095,5.634971765641672,1.7637117919814234
7.731282157052368,5.176582120052203,2.554700037000165
8.086588813541486,6.289309410010198,1.797279403531288
8.43663224691684,7.47046095347198,0.9661712934448605
8.7750258656496,7.105104397048254,1.6699214686013457
9.117560496792235,7.08006478616262,2.0374957106296154
9.490629309891608,8.69791542470358,0.7927138851880269
9.871886872213167,7.740318474745328,2.1315683974678397
10.248169297119626,8.136474481546793,2.1116948155728323
10.64061003009259,8.904134228619636,1.7364758014729542
11.037240017978075,10.807696813136971,0.2295432048411037
11.431336328515082,10.945289540912082,0.4860467876029997
11.81668997894504,10.405165753598126,1.4115242253469145
12.203342747102482,11.332342083906719,0.8710006631957636
12.458391925599173,11.8847190389073,0.5736728866918739
12.73099845983235,11.306966470230654,1.424031989601696
13.178141420642332,11.605855305241548,1.5722861154007841
13.636817198962108,11.748347121838506,1.8884700771236016
14.105561366228999,12.831866888315798,1.2736944779132013
14.581751283642513,12.79747714658995,1.784274137052563
15.061491082965357,13.20156038830027,1.8599306946650866
15.570826994191503,13.192197048157752,2.378629946033751
16.06111651698949,13.243153447017725,2.817963069971764
16.535612058009146,12.930541749623977,3.6050703083851694
16.886627990870814,13.52049130040709,3.3661366904637244
17.22457761573116,13.778666640684024,3.445910975047136
17.610869499689336,13.87817085125452,3.732698648434816
17.988953806603238,14.126042673446433,3.862911133156805
18.38377838523709,14.046872482497433,4.336905902739657
18.788317592313327,14.183414905142309,4.604902687171018
19.17638293042939,15.338747971014,3.837634959415391
19.558158303567506,19.054147256985278,0.5040110465822281
19.926730507933193,19.123243551678147,0.8034869562550462
20.310571472488256,19.956601464191767,0.35397000829648917
20.715470023282098,20.54326804950677,0.17220197377532642
21.14841181088253,20.978754997737425,0.16965681314510306
21.590748415111868,21.09401489795973,0.496733517152137
22.029368822392986,21.868884008430506,0.16048481396247993
22.607650036957647,23.285615187263204,-0.6779651503055568
23.179780953446887,23.293380220325783,-0.11359926687889654
23.745559906631087,24.271976727400865,-0.5264168207697786
24.310168570653094,24.951419467631055,-0.6412508969779616
24.856145499486736,24.951419467631055,-0.0952739681443191
25.377091628231813,25.406855679712258,-0.02976405148044492
25.87954185557177,27.1423402912904,-1.2627984357186293
26.38225340370625,26.77968837959947,-0.3974349758932192
26.881245465740925,28.052188879554606,-1.1709434138136814
27.355178569258104,29.551155362864094,-2.1959767936059897
27.828680442770064,29.526573552544097,-1.6978931097740322
28.283412163322705,29.744656883637205,-1.4612447203145003
28.717394281434412,29.563714657850284,-0.8463203764158713
29.122858277500324,30.294237067491256,-1.171378789990932
29.506583553292497,30.75775860351033,-1.2511750502178316
29.894887365002976,30.86517979573236,-0.9702924307293834
30.24161278271084,31.78685019564331,-1.5452374129324724
30.56531704057135,32.10989001177002,-1.5445729711986687
30.899307198577954,32.02881632839257,-1.1295091298146183
31.25132378422904,32.308451507161955,-1.0571277229329148
31.588131317089392,32.50393563349475,-0.9158043164053566
31.91767923775401,32.50393563349475,-0.5862563957407367
32.01441365057495,32.8762508045401,-0.8618371539651477
32.336256154700074,33.265721175775944,-0.9294650210758704
32.67455841425231,33.20047372628767,-0.5259153120353588
32.86569424265306,33.37322059524451,-0.507526352591448
33.04482722356943,33.3294617748689,-0.2846345512994759
33.22314649477623,33.3294617748689,-0.10631528009267299
33.54787815779933,33.36193395984847,0.18594419795086026
33.66969882661781,33.33549621490478,0.33420261171303167
33.796178979397915,33.719704382836795,0.07647459656111977
33.937477216809604,33.78345290212627,0.15402431468333333
34.08747187710033,33.745083100502086,0.3423887765982414
34.222586753187066,33.80049518469117,0.4220915684958939
34.32038268846372,33.745083100502086,0.5752995879616307
34.41512193741103,33.90197430021335,0.5131476371976831
34.500561632089855,33.84474121404691,0.6558204180429428
34.58389785215262,33.81919071187798,0.7647071402746377
34.661460533073296,33.66656293912152,0.9948975939517766
34.742585617121435,33.71960567434857,1.0229799427728636
34.82314669669886,33.76824844085703,1.0548982558418345
34.89433718499326,33.9271455109095,0.9671916740837645
34.953050072141835,31.131629006462187,3.8214210656796475
34.995833347644904,31.01701378617575,3.9788195614691553
35.02527040690141,30.56492840978389,4.460341997117524
35.02152851646556,30.596152614172485,4.425375902293073
34.97598100118467,30.28434397810751,4.69163702307716
34.90266693056239,30.30630080658085,4.596366123981539
34.80797561995167,30.83742750311065,3.9705481168410195
34.72252086307204,30.289325793550503,4.433195069521538
34.67646141153754,29.77375092571403,4.902710485823508
34.636547116590016,29.762353904502376,4.87419321208764
34.541103574837095,29.934948383978046,4.606155190859049
34.41374471365537,30.109105251613727,4.304639462041642
34.30995899852937,31.55206226861729,2.7578967299120762
34.19664052091702,31.69028404059839,2.506356480318633
34.07842355203366,30.02993976462085,4.048483787412813
33.952695618433815,30.783858353070453,3.1688372653633614
33.82215942721533,28.709915863884547,5.112243563330786
33.684245498862126,28.64346895913382,5.040776539728306
33.518854394141535,28.244001149436837,5.274853244704698
33.34459522916679,28.47828623040378,4.866308998763014
33.15593494252566,27.588952803871216,5.566982138654446
32.979217598034346,26.694433215089756,6.28478438294459
32.757356862172884,28.369569633414518,4.387787228758366
32.50665066548148,26.964901066313953,5.541749599167527
32.24597869829389,27.91958671423478,4.326391984059111
31.94158269732554,26.85620596367083,5.085376733654709
31.655934808384576,28.80683086887423,2.8491039395103464
31.3823820858832,28.946372409492028,2.4360096763911727
31.07299738135189,28.674591032741922,2.398406348609967
30.753097523469744,28.852280085243944,1.9008174382258005
30.37382236457218,28.908763123377963,1.4650592411942185
30.004609441524632,28.158643430616017,1.8459660109086151
29.61952589966796,27.237033903133323,2.382491996534636
29.232353893277782,25.92776197586368,3.3045919174141005
28.862257817244988,26.303595875239083,2.558661942005905
28.496782441153396,26.28080895309619,2.2159734880572053
28.148973189783362,26.6156127270733,1.5333604627100605
27.791632046559254,26.41344217396066,1.3781898725985933
27.42497508159363,27.84968516403855,-0.42471008244492126
27.032297440854844,28.22146288405144,-1.1891654431965968
26.638201843456336,27.28937333726826,-0.6511714938119226
26.266025302058406,24.019033452215474,2.2469918498429315
25.903960522890348,24.064735559355647,1.8392249635347007
25.55888174259938,24.817627670264724,0.7412540723346552
25.232157242230958,24.236430710073154,0.9957265321578035
24.898405541585273,23.426681297917703,1.4717242436675697
24.586350127484824,23.57497660437599,1.0113735231088334
24.311173149973197,24.397363725889015,-0.08619057591581836
24.042912713823398,23.591330581687412,0.45158213213598586
23.769276877092118,24.75825910910723,-0.9889822320151112
23.511728391726756,25.28577549794487,-1.774047106218113
23.286162809323677,25.01384799166148,-1.727685182337801
23.070267865489154,25.237129255216928,-2.1668613897277744
22.87505684701087,25.20066272617891,-2.3256058791680374
22.692471045055097,24.75439420040886,-2.061923155353764
22.528046724745945,22.783338254757837,-0.25529153001189187
22.420337031654377,23.066475869506817,-0.6461388378524404
22.326798772704706,23.64363680888784,-1.3168380361831353
22.26453661425745,22.349832316550295,-0.08529570229284289
22.214918341236714,22.918447977214683,-0.7035296359779686
22.14207739066529,21.745038359865095,0.39703903080019387
22.024483135997794,20.296708991624826,1.7277741443729688
21.916160397924664,18.37349433411979,3.542666063804873
21.82562299345986,16.612475873096198,5.2131471203636615
21.755146902378886,16.556818233732713,5.198328668646173
21.690683573342305,16.55096076772228,5.139722805620025
21.6139403226178,15.221489606969971,6.392450715647829
21.541575646253698,16.303452653855718,5.2381229923979795
21.478009744932177,16.058813571197483,5.419196173734694
21.402592791507818,15.761361651839538,5.64123113966828
21.32108063137311,14.729698067546263,6.591382563826848
21.248183564442304,16.27066560019903,4.9775179642432725
21.163905333553128,14.855371656185465,6.308533677367663
21.06933352004646,14.14024158057836,6.929091939468099
20.96975709748413,14.30935169916327,6.66040539832086
20.864577644208957,14.242635403199039,6.6219422410099185
20.790282127118143,14.018547589907865,6.771734537210278
20.7146302452859,13.731071921410159,6.983558323875741
20.63551033752907,13.279002153337586,7.356508184191483
20.540214328845547,13.180966274332654,7.359248054512893
20.413592006343496,12.983694087451264,7.429897918892232
20.280590633523534,12.961797403232035,7.318793230291499
20.148893786777386,13.053754947582956,7.09513883919443
20.03518093565604,13.080296417690057,6.954884517965983
19.93944531445865,12.931070678585897,7.008374635872752
19.840943174231963,12.650749513769707,7.190193660462256
19.745013947635822,12.711655564665818,7.033358382970004
19.677304814175695,13.04184715355032,6.6354576606253755
19.624898265423298,12.667394140744364,6.957504124678934
19.570193890481598,12.216827329347124,7.353366561134473
19.507297306855694,13.118948782764747,6.388348524090947
19.419469235353063,12.855069168079325,6.564400067273738
19.295392056234736,12.011481469974537,7.283910586260198
19.149716697510424,11.5479311006452,7.6017855968652235
19.01842537617412,11.980879551065552,7.03754582510857
18.76452667503429,12.03907714999983,6.72544952503446
18.49202996525384,11.96399334778629,6.5280366174675475
18.21290770989322,12.277710086272625,5.935197623620594
18.084805921405504,11.971389736086307,6.113416185319197
17.995443759053764,11.96500192288102,6.030441836172743
17.955308042892547,12.31712044362115,5.638187599271397
17.933902855226375,13.003680083594052,4.930222771632323
17.93549325809236,13.462644848823755,4.472848409268606
17.927051095253926,12.79596614734924,5.131084947904686
17.898593239668287,13.162307705797327,4.73628553387096
17.83270348801666,11.24282594601245,6.589877542004208
17.81021768122253,11.454040000808094,6.356177680414435
17.80822491849514,12.032998095577568,5.7752268229175705
17.822896325310772,12.098956455400142,5.72393986991063
17.85095765828896,12.202151928939575,5.648805729349384
17.883025889799004,12.282737703698285,5.60028818610072
17.921288947814364,12.346604021076843,5.574684926737522
17.95477239421746,12.36248885834769,5.59228353586977
18.009122903278328,12.50234423239683,5.5067786708814985
18.071656718185384,12.99181421076576,5.079842507419624
18.12588493369414,13.15538401464459,4.970500919049552
18.169036602140537,13.083946221018119,5.085090381122418
18.19264334145791,13.217645030388542,4.974998311069367
18.197291494094877,14.211258434714972,3.9860330593799045
18.198449259475773,13.71101790660071,4.487431352875063
18.19482177278641,13.793725514190644,4.401096258595764
18.182638451447477,13.750844698563238,4.431793752884239
18.166989389416727,14.183667399850709,3.9833219895660186
18.14697415918426,13.019175465780567,5.127798693403694
18.110862734840932,12.038154743898348,6.072707990942584
18.06162395967228,9.196231055335762,8.865392904336517
17.992814460782448,8.979153540883718,9.01366091989873
17.93781732487056,8.73376673675402,9.20405058811654
17.87481785508225,9.459811819873487,8.415006035208762
17.82285657809864,10.939503221062026,6.883353357036615
17.771079524073023,10.987789086609823,6.783290437463201
17.71730026706474,10.514841127999512,7.202459139065228
17.688022236532024,11.547060318320716,6.140961918211309
17.682720072473167,13.425703781354848,4.257016291118319
17.69179132248949,13.48976821958001,4.202023102909479
17.709048307123346,11.732943926162688,5.976104380960658
17.70969548648595,11.659274527973636,6.050420958512312
17.707004477250287,11.70289660461525,6.004107872635037
17.71500313835003,11.240395131117173,6.474608007232858
17.725980746573164,10.748433490299115,6.977547256274049
17.722822018797377,10.794684461233675,6.928137557563701
17.69793848577552,10.541410633735826,7.156527852039694
17.684733912371257,10.431409382412124,7.253324529959134
17.67684614258373,11.645533472081233,6.031312670502498
17.684691051728393,11.838300135197738,5.846390916530655
17.72513816073954,13.243901839361412,4.4812363213781286
17.77297965029406,13.614656296585112,4.1583233537089495
17.813297118205927,13.208757154736395,4.6045399634695325
17.8432652744689,11.659924448163812,6.1833408263050895
17.862818190235323,10.559068743339857,7.303749446895466
17.877307954662925,10.830994668431075,7.04631328623185
17.88492983888699,11.415017023904454,6.469912814982536
17.91426121581751,11.265049961137004,6.649211254680507
17.919729569603167,9.767856474792147,8.15187309481102
17.941406411450576,9.167853561087743,8.773552850362833
17.965384918587215,8.830320970727787,9.135063947859429
17.988817553024916,8.036219964504088,9.952597588520828
17.99891054581642,8.413750830980474,9.585159714835944
18.00791715285587,7.531519564777716,10.476397588078155
18.03371103580873,7.558630196631875,10.475080839176854
18.052768363677277,7.316958466429476,10.735809897247801
18.0609942838147,7.2952906367802575,10.765703647034442
18.086145082254994,6.32394435864806,11.762200723606934
18.112653440456484,7.346467116260196,10.766186324196287
18.165406008573544,6.683298880431289,11.482107128142255
18.23338637214803,8.059354053822666,10.174032318325363
18.30237644229384,6.728702525190303,11.573673917103537
18.34788263912203,6.669739539301214,11.678143099820815
18.388748325058106,7.600342346112737,10.78840597894537
18.437241590357296,7.405430097686508,11.031811492670787
18.482756713092158,7.647123351956604,10.835633361135553
18.514082382409107,7.773845121066385,10.740237261342722
18.52724177291412,8.34200918465624,10.18523258825788
18.525355153888402,9.166816001894594,9.358539151993808
18.518037911053653,10.543775782649554,7.974262128404099
18.527019181743842,11.551390497667514,6.975628684076328
18.534192745133762,11.07899565096868,7.455197094165081
18.54929346639175,11.07275329608708,7.476540170304668
18.590321403275052,12.193781185611945,6.396540217663107
18.77178383567671,11.824069879879023,6.947713955797688
18.944315516579415,12.131606148718934,6.8127093678604815
19.106650078225442,12.29588350741665,6.810766570808791
19.11329914968299,12.456430986777308,6.656868162905683
19.082096649107477,11.511864143383303,7.570232505724174
19.016979212386726,11.266381652152845,7.7505975602338815
18.953642241022294,11.460363144697217,7.493279096325077
18.8788591955801,11.457804643136921,7.421054552443181
18.791650047039727,11.229275239702854,7.562374807336873
18.561625228456517,11.686491634058493,6.875133594398024
18.345556546279685,11.877892922659022,6.467663623620663
18.12115892166839,11.983765273105114,6.137393648563275
17.89766796367367,11.621140830428633,6.276527133245036
17.663928724722783,11.466249345359033,6.19767937936375
17.4309274814868,11.453729048047752,5.9771984334390496
17.194217616119733,10.549827064916073,6.64439055120366
16.955011739586087,10.032006852916206,6.923004886669881
16.725422689575517,10.053064708023104,6.6723579815524126
16.47987303146201,9.981695355143707,6.498177676318303
16.2258721125842,10.245594220244683,5.980277892339515
15.97538183933339,10.210307934524963,5.765073904808428
15.734232863725055,10.073600398298963,5.660632465426092
15.512676519483218,10.349327970367405,5.163348549115813
15.311901940964537,9.760685392979932,5.551216547984605
15.114544042975279,8.761296960207458,6.353247082767821
14.926823031090047,8.565142191192145,6.361680839897902
14.743914792322329,7.750388041750984,6.993526750571345
14.562714280503144,7.493297233324276,7.0694170471788675
14.389563112165083,7.5464241921740545,6.843138919991029
14.226668350402965,8.264836866780797,5.961831483622168
14.0610248445291,8.108242983705921,5.95278186082318
13.913617908022326,7.40149359654569,6.5121243114766365
13.741562907735936,6.822106797582286,6.91945611015365
13.565507924708479,6.69007378138933,6.875434143319149
13.386612238315765,6.764401048879051,6.6222111894367135
13.204467777608187,6.719423408450992,6.485044369157195
13.012477883383022,6.472493999904997,6.539983883478025
12.807566122725575,6.390673588417142,6.416892534308433
12.583792575381235,5.925189375205713,6.658603200175522
12.333277748695602,5.328164403391675,7.005113345303927
12.067653242947642,4.814245765361943,7.253407477585699
11.8093991339076,4.392927654764805,7.416471479142795
11.55256944106891,3.984948644812212,7.567620796256698
11.293174463813228,4.068258730757068,7.22491573305616
11.041157179833332,4.052324240477722,6.988832939355611
10.76830032490852,3.8266922217393455,6.941608103169174
10.498418305169565,3.5168521301888807,6.981566174980685
10.227159619313221,3.2866921259847954,6.940467493328426
9.960961404260976,3.3896095011573677,6.571351903103608
9.691967287681134,3.4327086842112697,6.259258603469864
9.417097847686396,3.478570160261338,5.938527687425058
9.140771563344655,3.601473278883993,5.539298284460662
8.86144357923297,3.8210024979780783,5.040441081254892
8.576503094249249,3.582043578300537,4.994459515948712
8.299571003394286,3.7578626717053627,4.541708331688923
8.023522230138946,3.6235082678297994,4.4000139623091465
7.748608072322408,3.5216865317238883,4.22692154059852
7.448298005214643,3.780641002893797,3.6676570023208463
7.182295083284002,3.671406084147955,3.510888999136047
6.9173987385482025,2.7741043714140354,4.1432943671341675
6.652531578090058,2.8056845509810806,3.8468470271089776
6.394908380370073,2.507797687737287,3.887110692632786
6.157044365723938,2.381858028827375,3.7751863368965632
5.917089967563852,2.3905064440297967,3.5265835235340552
5.66468692498063,2.265990095032822,3.3986968299478084
5.4127862328633585,2.2829694526966215,3.129816780166737
5.170920150172543,1.8632815730068675,3.307638577165675
4.918263455310893,1.8321214928896294,3.086141962421263
4.6821952994437055,1.904109347927003,2.7780859515167027
4.453302060619394,2.124555561309538,2.328746499309856
4.217876586558397,2.0412127142669556,2.1766638722914413
3.979614842893374,1.8800369168887285,2.0995779260046454
3.747381863027692,1.8142756504908144,1.9331062125368774
3.505632950058309,1.7513323181158258,1.7543006319424834
3.2587765689263866,1.5956662576135812,1.6631103113128054
3.0155497617806617,1.7693267179388452,1.2462230438418165
2.7833496110589624,2.2387085377408775,0.5446410733180849
2.5639700352002843,2.3533902960270403,0.21057973917324402
2.361276500360706,2.2969137499480827,0.06436275041262318
2.170874980942969,2.510778913864174,-0.3399039329212048
1.9851331052596721,2.448131462285663,-0.462998357025991
1.8097025537898368,2.429307490961266,-0.6196049371714292
1.6376568550610386,2.504470529111695,-0.8668136740506562
1.4502949681675876,2.5525417491566325,-1.1022467809890448
1.4182563840198859,2.695993216617398,-1.277736832597512
1.4062498275895332,2.639468267450486,-1.233218439860953
1.4018036847895015,3.04823547958063,-1.6464317947911284
1.4142841168442497,3.247774019363286,-1.833489902519036
1.4500371538269567,3.545967673239357,-2.0959305194124003
1.4965664841071913,3.782153041015917,-2.2855865569087257
1.5415800706183422,3.8946865575375353,-2.3531064869191933
1.603018045562737,3.753926436038417,-2.1509083904756796
1.6826727532917372,3.9620662352873666,-2.2793934819956294
1.8804933046588173,4.326849835801257,-2.4463565311424396
2.1062936975627644,4.343495134531401,-2.2372014369686366
2.331305239781734,4.259196780759851,-1.9278915409781168
2.56145684861941,4.731291770183976,-2.169834921564566
2.8007740402474037,4.498416738078918,-1.697642697831514
3.0451156216926223,4.567589265729426,-1.5224736440368036
3.2821573256788334,5.311392466449714,-2.0292351407708806
3.5236220082828114,5.069252085111787,-1.5456300768289752
3.747622016086364,5.167288710875848,-1.419666694789484
3.990664276172344,4.430659763220083,-0.43999548704773916
4.240959560182888,4.8489842330841935,-0.6080246729013057
4.488142249693806,4.8186530758943515,-0.3305108262005456
4.73815019930729,5.617914852840903,-0.8797646535336128
4.979878235605733,5.390362946162915,-0.4104847105571814
5.235515338043647,6.052667589087024,-0.8171522510433773
5.471101588074513,6.009984016805143,-0.5388824287306306
5.7206251441266405,6.9895223452171535,-1.268897201090513
5.965404169336533,6.718636012564335,-0.7532318432278027
6.202094739809984,6.881562912093827,-0.6794681722838432
6.440238765799149,6.649846688003222,-0.20960792220407232
6.685941252832213,5.894732924454446,0.7912083283777669
6.931190699900727,7.2178115740702395,-0.2866208741695129
7.148238302657715,7.730378256073728,-0.5821399534160134
7.3551247848374,8.38458845413084,-1.02946366929344
7.5847579551601045,8.573666230665532,-0.9889082755054277
7.8479561034836545,9.628559496654708,-1.7806033931710532
8.103472422946684,11.03648648988048,-2.9330140669337954
8.355769762413559,11.909154425005578,-3.55338466259202
8.617904073714671,12.126394467329675,-3.508490393615004
8.884734106034577,11.414640590605266,-2.52990648457069
9.157793384040556,10.677793814400442,-1.520000430359886
9.41956423228124,11.158650446545682,-1.7390862142644412
9.692137755953096,11.19965784678329,-1.5075200908301944
9.978348790123635,11.43722363909285,-1.4588748489692147
10.29311356566657,11.90426632134925,-1.6111527556826797
10.61861740435333,12.377702930029548,-1.759085525676218
10.960096959766188,13.081234884806417,-2.1211379250402285
11.307111460826103,13.282755986756907,-1.9756445259308038
11.658464323101452,12.88608496858197,-1.2276206454805187
12.008013256228995,13.598065407712939,-1.5900521514839436
12.345781573340911,13.796548837891875,-1.4507672645509633
12.66911986646081,12.93744132253989,-0.26832145607908053
12.99391378213702,14.043159168112506,-1.049245385975487
13.327330670854831,13.590580054841887,-0.26324938398705555
13.659564803304859,14.039918341855952,-0.380353538551093
14.020237436069118,13.485374361343679,0.5348630747254397
14.35786083058556,14.07608750066165,0.2817733299239098
14.69221089450446,14.099493470738937,0.5927174237655226
15.039186402216078,14.165505698145095,0.8736807040709831
15.34684334727413,14.252956172363715,1.0938871749104138
15.646732346883638,14.470493701663976,1.1762386452196623
15.9060764495182,14.238295468988326,1.667780980529873
16.17977400518787,14.308541878178298,1.8712321270095718
16.480545451764286,14.129970321150244,2.3505751306140414
16.75424887800974,15.548926783992483,1.2053220940172569
17.058972344213306,16.098516201471586,0.9604561427417195
17.360199730299644,15.673270263003332,1.6869294672963129
17.667458927257506,15.59776607067914,2.0696928565783654
17.976693853358707,15.953111176625956,2.023582676732751
18.290472483807886,15.919907352638717,2.370565131169169
18.604965584948737,15.391830631195301,3.2131349537534355
18.926059347297535,16.18349345711279,2.7425658901847463
19.244545601398077,16.82754771461372,2.4169978867843582
19.556146200377555,17.09928346684945,2.456862733528105
19.86027458220633,18.05830047772866,1.8019741044776687
20.154922552571424,17.835864253765976,2.319058298805448
20.459766181171204,18.6156613777689,1.8441048034023027
20.76267570381584,18.584364677621206,2.178311026194635
21.05450461131934,18.329763396318707,2.724741215000634
21.349223662273392,18.541717844451153,2.807505817822239
21.65237783353905,20.305227668471584,1.3471501650674647
21.955145623629583,19.572651215880278,2.3824944077493058
22.25307194247794,20.62958152131614,1.6234904211618009
22.53414543278546,20.996664920120054,1.5374805126654074
22.795405464889747,21.300712049608816,1.4946934152809312
22.90186080136477,21.28136709331678,1.620493708047988
23.001056956546368,22.075972693041606,0.9250842635047611
23.103691201218766,21.098914955259836,2.0047762459589293
23.1992667632872,21.87653559998359,1.322731163303608
23.269334149739684,22.22203607259651,1.047298077143175
23.321282607889735,22.670059876699618,0.6512227311901171
23.360229728250093,20.46764729503694,2.8925824332131533
23.37181703306505,20.862370699594173,2.5094463334708763
23.376520632212355,22.651458908384157,0.7250617238281976
23.408015898029866,20.99133428661846,2.4166816114114056
23.398735506792544,22.493436954519076,0.905298552273468
23.392492818276768,22.085723021436166,1.3067697968406016
23.39181178278255,21.83900527100284,1.5528065117797105
23.37014359485846,21.693596760658295,1.6765468342001668
23.341765786210523,22.603329430889872,0.7384363553206512
23.314142983507526,23.302976732665748,0.011166250841778691
23.28072480293847,22.599612916630612,0.6811118863078569
23.264453937196883,22.561496013843882,0.7029579233530008
23.225700095284672,22.73613795044607,0.48956214483860094
23.178689924603933,21.825767525744133,1.3529223988597998
23.130687512407537,20.31385419806459,2.816833314342947
23.079588366205538,20.958972267092058,2.12061609911348
23.03395963602398,20.338140551074424,2.695819084949555
22.97197953292685,20.155465853273675,2.8165136796531733
22.927527157285933,19.83237675556486,3.0951504017210745
22.873168515770107,20.545115601224584,2.3280529145455233
22.82852163675761,20.412075302765167,2.416446333992443
22.78279535157853,20.775420518823296,2.007374832755236
22.732810296157037,20.480343679311922,2.2524666168451155
22.68601384570662,19.583221138213737,3.102792707492881
22.64053788007982,19.459437494796198,3.181100385283621
22.63315549757738,19.859244838116958,2.773910659460423
22.632782782514308,19.928205637515696,2.7045771449986127
22.602290880778916,20.013491196030166,2.58879968474875
22.53255994242861,19.597129980230047,2.935429962198562
22.47120587174829,18.464427031529553,4.006778840218736
22.41329173121922,19.183478719698428,3.2298130115207933
22.34645816311132,18.94919600111893,3.397262161992387
22.276398375114468,18.862097010913704,3.414301364200764
22.2071601891961,18.98749166836491,3.2196685208311884
22.161001612848338,19.04367536419717,3.1173262486511675
22.114263730882403,19.426113267921508,2.6881504629608948
22.061337092631522,19.5667879593949,2.494549133236621
21.981090968178112,19.51372341810034,2.467367550077771
21.882326111353525,19.629056302485672,2.253269808867852
21.751014513703847,19.40570872187405,2.345305791829798
21.604396529839907,18.80624202294926,2.798154506890647
21.443797474503334,18.553763364820163,2.890034109683171
21.270506238549974,17.412495155078254,3.8580110834717196
21.107484168198294,16.75105128582811,4.356432882370182
20.956177565650147,17.271799703862563,3.684377861787585
20.797249944099864,16.910657310390505,3.886592633709359
20.632337830575587,17.235790631723617,3.3965471988519695
20.46756210078267,16.446052969884118,4.021509130898551
20.28198461432266,15.89810191488435,4.38388269943831
20.13352908042424,15.447872489388986,4.685656591035253
19.992858574259166,14.30233152587378,5.690527048385386
19.837354452766288,14.146078239466444,5.691276213299844
19.738460642064375,15.077241194148085,4.66121944791629
19.65018855305096,15.078343931663072,4.571844621387887
19.60739293233567,14.362488673929427,5.244904258406244
19.556419739646795,13.893754411531738,5.662665328115057
19.477926225717418,13.591742528736482,5.886183696980936
19.417929628788926,13.05433777061264,6.363591858176285
19.309717778610214,13.153400028008667,6.156317750601547
19.182766293751722,13.226418175089108,5.956348118662614
19.05349549314363,13.045100764185673,6.008394728957956
18.92046120716367,13.367292084430956,5.553169122732713
18.779079392722483,13.496948415363589,5.282130977358895
18.626106181179505,13.62136192281412,5.004744258365385
18.45337666759661,13.828958693422425,4.624417974174186
18.28269631163473,12.682643907525833,5.600052404108897
17.971095712655252,13.228256139800212,4.74283957285504
17.666967330826477,13.594467408851806,4.072499921974671
17.372319360461386,13.231112221672921,4.141207138788465
17.067475731861602,14.979950529936804,2.087525201924798
16.764566209216962,13.781706757205633,2.982859452011329
16.619885692798928,13.763179427388321,2.8567062654106063
16.476838129173164,12.453926208019467,4.022911921153696
16.323387148224935,11.742270210527943,4.581116937696992
16.167642986169625,12.002826463961206,4.164816522208419
16.019116807425497,11.294608892296221,4.724507915129276
15.89362027555937,11.59014801648796,4.303472259071409
15.79177320381683,11.275441135304117,4.516332068512712
15.701515634119222,11.61686966784087,4.084645966278352
15.624867518449614,12.448112133905946,3.176755384543668
15.56499852544798,12.461808397550067,3.1031901278979124
15.499765930261505,11.993032461674755,3.5067334685867504
15.435422150732112,12.67946881514114,2.7559533355909718
15.361912892933827,13.115085247034171,2.2468276458996552
15.28901447605294,13.286560844174536,2.002453631878403
15.240649884388247,13.158789657500868,2.081860226887379
15.177245418917042,12.686887679324776,2.490357739592266
15.111266254121173,11.960293942329198,3.150972311791975
15.08835579334634,10.158922784803575,4.929433008542764
15.07879760052669,10.050823518667983,5.027974081858707
15.034976422144846,10.653044642761346,4.3819317793835
14.9903603504829,10.79413207792374,4.196228272559161
14.959303773858759,10.380729565528748,4.578574208330011
14.899288778016551,9.212711035592342,5.686577742424209
14.876014112562672,9.169743833020789,5.706270279541883
14.864272237277905,9.14759835992372,5.716673877354186
14.847152261510786,8.01577595514354,6.831376306367245
14.811288924175074,7.794120833286858,7.017168090888216
14.808953052735614,6.800190397033902,8.008762655701712
14.785956587583753,6.099041569593667,8.686915017990085
14.589857281466866,6.083006002283622,8.506851279183245
14.39620028212608,6.979380306785811,7.416819975340268
14.205066407736131,7.241451136952809,6.963615270783323
14.009901493199832,6.178911773130476,7.830989720069356
13.809769347002439,5.567790113553618,8.24197923344882
13.76235304428823,4.2978846544522495,9.464468389835979
13.574194073720557,3.9387572411030134,9.635436832617543
13.375288037137915,3.82821401231973,9.547074024818185
13.1755145556962,4.129308955808058,9.046205599888143
12.965849335441652,5.124227767194428,7.8416215682472235
12.759335568325037,5.352323737471765,7.407011830853272
12.56019429973773,5.3786622005086375,7.181532099229093
12.366727089764481,4.891612343178412,7.475114746586069
12.172564840981774,4.609875585649311,7.562689255332463
11.978181642043968,4.794642648674216,7.183538993369751
11.78288089885076,5.384343176706914,6.398537722143845
11.752034264589197,5.690067847796194,6.061966416793003
11.716033614220787,5.755582327412183,5.960451286808604
11.650378842810985,6.446088434162483,5.204290408648502
11.424543201105065,5.778085053194256,5.646458147910809
11.353199727820828,5.8403480904270575,5.51285163739377
11.299817690609476,6.760125783183655,4.539691907425821
11.243895547835974,7.243444740315627,4.000450807520347
11.1883903404021,7.133724182724194,4.0546661576779055
11.147603958645805,8.387073699173138,2.7605302594726666
11.115402720558933,9.069857702889601,2.0455450176693315
11.111016966683218,9.295534524593869,1.8154824420893494
11.08868065323453,8.651085082608713,2.4375955706258168
11.092705051282609,8.959706536549525,2.1329985147330834
11.122846047060133,9.275168798009302,1.8476772490508306
11.157960303423,7.1931881716288455,3.964772131794154
11.19049069076561,7.480266617346875,3.7102240734187353
11.216601174700596,7.38016153408114,3.8364396406194556
11.229457678182616,7.51957912682638,3.709878551356236
11.240006975312879,7.494204404334452,3.7458025709784266
11.252062409634135,7.856417556256059,3.3956448533780756
11.240473976727348,7.7233468657733475,3.517127110954
11.221917952970685,6.970164348157664,4.251753604813021
11.194807443945109,6.930542627005623,4.264264816939486
11.152183969826918,7.092900464552551,4.059283505274367
11.099003038213725,6.954941784851228,4.144061253362497
11.047596763467359,6.961306834191475,4.0862899292758845
11.012283880972442,6.613950471459017,4.398333409513425
11.003943579587855,7.082878777792851,3.921064801795004
11.000388579258923,6.8876563726166795,4.112732206642243
10.99130541607218,6.771731705367433,4.219573710704747
10.985035093443217,6.723644435746678,4.2613906576965395
10.984384332724762,7.199084675231302,3.78529965749346
10.98985806723061,7.3140278480441205,3.6758302191864898
10.994218291947972,6.717497370109449,4.276720921838523
11.14318186005953,7.275421116435857,3.8677607436236725
11.294429515054548,6.969988921764961,4.324440593289586
11.464033761976022,6.893019859186864,4.571013902789159
11.647856071012654,7.018608853434038,4.629247217578617
11.831401416062942,8.029197053360441,3.8022043627025006
11.868371183067447,8.050428759585152,3.817942423482295
11.90577232475543,8.082747486175924,3.8230248385795065
11.950768032112332,8.163634984239415,3.787133047872917
12.01333515548076,8.249062325942978,3.7642728295377825
12.080657869887293,8.017847089137875,4.062810780749418
12.136735829698507,7.973019862046,4.163715967652507
12.184247205096398,8.617475062042054,3.5667721430543438
12.216076146775803,8.572974876598431,3.6431012701773717
12.227855035196294,8.482772147803615,3.7450828873926785
12.224457011324484,8.113127537832641,4.111329473491843
12.21653351085376,8.202748687763275,4.013784823090484
12.212437424169428,8.30125608162498,3.911181342544449
12.213614882309015,7.964707153575786,4.248907728733229
12.189992123294244,7.652144317676395,4.537847805617849
12.000293987032032,7.605100596510332,4.3951933905217
11.828736303662291,7.248155674325161,4.58058062933713
11.665399651273573,6.998523563216172,4.666876088057401
11.471790110381777,7.11412781147937,4.357662298902407
11.262579449498231,7.067639222683915,4.1949402268143166
11.076930054536623,7.540751514961058,3.536178539575565
10.903897122494657,7.461690422046195,3.4422067004484616
10.718989926321525,7.240972656972365,3.4780172693491602
10.569586020880518,6.6099037031435905,3.9596823177369274
10.384814184299476,6.576137549050709,3.8086766352487667
10.188826917522269,6.60825993869729,3.5805669788249785
10.001658475115628,6.453428207501852,3.548230267613776
9.83423669912153,6.513750743469032,3.3204859556524973
9.637392293246467,6.725629760642094,2.9117625326043735
9.461479954986846,7.2279262869406615,2.2335536680461843
9.461479954986846,7.1295447445903815,2.3319352103964643
9.461479954986846,6.7873615928167546,2.6741183621700912
9.461479954986846,6.236092161092332,3.225387793894514
9.461479954986846,6.354235833957282,3.107244121029564
9.461479954986846,6.536195240542586,2.9252847144442597
9.31793197240668,6.7100844415268135,2.607847530879866
9.31793197240668,6.784481973325491,2.5334499990811885
9.31793197240668,7.614272059858969,1.7036599125477103
9.31793197240668,7.544219574483552,1.773712397923127
9.31793197240668,7.407421662958961,1.9105103094477185
9.31793197240668,7.614948893848101,1.702983078558578
9.31793197240668,7.6123748495720545,1.705557122834625
9.31793197240668,7.617570710867008,1.7003612615396717
9.31793197240668,7.702151535158155,1.6157804372485245
9.31793197240668,7.2627170916535695,2.05521488075311
9.31793197240668,6.326238354734072,2.991693617672607
9.152008362345185,6.33400137613312,2.8180069862120654
8.984187920625985,6.5586287375612,2.4255591830647845
8.83423042014286,6.090995021369798,2.743235398773063
8.83423042014286,5.987474435307302,2.846755984835559
