date,actual,predicted,residual
2020-05-03,24.543907105579716,22.14501427436823,2.398892831211487
2020-05-04,24.815223385051222,22.521497473730523,2.293725911320699
2020-05-05,25.08000813530411,22.88626788700476,2.193740248299349
2020-05-06,25.3425272961282,23.2346018974143,2.107925398713899
2020-05-07,25.60216418678899,23.33057883407949,2.2715853527095007
2020-05-08,25.708596023588253,22.940912625786083,2.7676833978021698
2020-05-09,25.797992107290693,23.65381706563412,2.144175041656574
2020-05-10,25.87203902387978,23.26255567136874,2.609483352511038
2020-05-11,25.9347783892532,23.866035283394755,2.068743105858445
2020-05-12,25.99033483328874,24.502917877813125,1.487416955475613
2020-05-13,26.035303724762212,24.394992889833393,1.640310834928819
2020-05-14,26.069258049558016,24.14509175619698,1.9241662933610364
2020-05-15,26.087103724244095,23.7359717469608,2.351131977283295
2020-05-16,26.10234423800109,23.64685434413758,2.4554898938635112
2020-05-17,26.132865552993184,23.800755634520005,2.3321099184731793
2020-05-18,26.186248686398635,22.526579416891785,3.65966926950685
2020-05-19,26.23659356143827,22.431549550609148,3.8050440108291212
2020-05-20,26.28344990098956,21.358598730560114,4.924851170429445
2020-05-21,26.33285749458625,22.221515102182387,4.111342392403863
2020-05-22,26.37034191084641,22.55506546573741,3.8152764451089993
2020-05-23,26.38429993860739,22.183981168606763,4.200318770000628
2020-05-24,26.395315428890566,21.7926684901235,4.602646938767066
2020-05-25,26.398719876988913,23.092704804501444,3.306015072487469
2020-05-26,26.391821590147206,23.849125973992283,2.542695616154923
2020-05-27,26.353591528737976,22.87224659297815,3.481344935759825
2020-05-28,26.325114025107542,22.660865599706984,3.664248425400558
2020-05-29,26.296794242685486,21.701775908043683,4.595018334641804
2020-05-30,26.263473877135976,23.220488410053356,3.0429854670826195
2020-05-31,26.23281724384804,22.797616320737298,3.4352009231107417
2020-06-01,26.198997931473563,23.786527048555833,2.412470882917731
2020-06-02,26.15737237606806,22.967899712107787,3.1894726639602737
2020-06-03,26.090877624171437,20.60596977964103,5.484907844530408
2020-06-04,26.035725758586775,20.48176641404191,5.5539593445448645
2020-06-05,25.98767723447433,20.10692312871458,5.880754105759749
2020-06-06,25.934283466364008,20.027709633760086,5.906573832603922
2020-06-07,25.875508026953153,19.96788913905388,5.907618887899272
2020-06-08,25.8089434262261,19.913544752621334,5.895398673604767
2020-06-09,25.726398937027234,19.824946888636475,5.901452048390759
2020-06-10,25.62041729789189,19.491347101780903,6.1290701961109875
2020-06-11,25.502345516182736,19.519902562985042,5.982442953197694
2020-06-12,25.376178465335503,19.455668645664872,5.920509819670631
2020-06-13,25.22652653212515,19.12950864360784,6.0970178885173105
2020-06-14,25.051391609273537,18.957531539206045,6.0938600700674925
2020-06-15,24.88471071031222,20.383428588562733,4.501282121749487
2020-06-16,24.7167905249098,20.3766096656692,4.340180859240601
2020-06-17,24.587945719403933,20.98838255537266,3.5995631640312737
2020-06-18,24.467068349560833,19.8424010112165,4.624667338344334
2020-06-19,24.328932403623305,19.15701577079242,5.171916632830886
2020-06-20,24.196677166377974,19.13142797304977,5.065249193328203
2020-06-21,24.106310835099972,19.195689037633045,4.910621797466927
2020-06-22,24.027564066188127,18.901646316830266,5.1259177493578605
2020-06-23,23.94679699271084,19.532790301764486,4.414006690946355
2020-06-24,23.859736428720336,19.728172090597145,4.131564338123191
2020-06-25,23.732448540473346,19.246003724377147,4.486444816096199
2020-06-26,23.6131365424524,18.284662985077272,5.328473557375126
2020-06-27,23.49838965916494,18.63756698772046,4.8608226714444775
2020-06-28,23.37514648173352,18.72450028216441,4.65064619956911
2020-06-29,23.24731998631223,18.34674286027991,4.900577126032321
2020-06-30,23.12700885633226,18.63219755414957,4.49481130218269
2020-07-01,23.014911194762625,18.298888139676258,4.716023055086367
2020-07-02,22.901754633742673,18.84168515282478,4.0600694809178925
2020-07-03,22.798810769097873,18.872847633690075,3.925963135407798
2020-07-04,22.69920348991401,18.651747388196597,4.047456101717412
2020-07-05,22.587887070890755,19.44007929745798,3.147807773432774
2020-07-06,22.47084592795998,19.444573178453375,3.0262727495066066
2020-07-07,22.360542792022045,19.177255768827056,3.183287023194989
2020-07-08,22.246625424826355,19.27611643217818,2.970508992648174
2020-07-09,22.143946821749136,19.305217281736688,2.838729540012448
2020-07-10,22.057275117830567,19.136010121426136,2.9212649964044317
2020-07-11,21.972673772020915,18.652526415805912,3.320147356215003
2020-07-12,21.892098866273255,18.730473764166142,3.161625102107113
2020-07-13,21.88141565006824,19.05130200255545,2.8301136475127926
2020-07-14,21.8536881626925,19.286218331562512,2.567469831129987
2020-07-15,21.800219388599434,19.565736805368207,2.2344825832312267
2020-07-16,21.715653774042668,18.7927622984283,2.9228914756143674
2020-07-17,21.620738709993624,18.381774975222257,3.2389637347713673
2020-07-18,21.529998074185784,18.527209216579276,3.0027888576065074
2020-07-19,21.40924022480068,18.762979985868277,2.6462602389324026
2020-07-20,21.294540518010677,18.630727220818713,2.6638132971919646
2020-07-21,21.227295529139308,17.859975490806132,3.367320038333176
2020-07-22,21.220938070055062,17.72519320434756,3.495744865707504
2020-07-23,21.193881788597384,17.478434110423905,3.7154476781734793
2020-07-24,21.165352129886305,16.51230640928493,4.6530457206013764
2020-07-25,21.144411988769825,16.597860540025113,4.546551448744712
2020-07-26,21.165195642145306,16.3749363508448,4.790259291300508
2020-07-27,21.209188569259215,15.296106338263348,5.913082230995867
2020-07-28,21.260959789733338,15.186570303102728,6.07438948663061
2020-07-29,21.308052398529444,15.391774662175338,5.916277736354106
2020-07-30,21.351885926110405,15.310013880125611,6.041872045984794
2020-07-31,21.39374113543417,15.388208016236348,6.005533119197821
2020-08-01,21.43396197252354,16.67452101974299,4.759440952780551
2020-08-02,21.495908075665078,17.039929965688064,4.455978109977014
2020-08-03,21.564611852926227,17.078273029248397,4.48633882367783
2020-08-04,21.631351698016356,16.463251064321117,5.168100633695239
2020-08-05,21.710615014658533,15.210474376152154,6.5001406385063785
2020-08-06,21.778480382672722,16.04795799962954,5.7305223830431835
2020-08-07,21.8349378172672,15.881662824472171,5.953274992795029
2020-08-08,21.894798168876967,15.739293436441953,6.1555047324350145
2020-08-09,21.938085551490637,15.813380573443252,6.124704978047385
2020-08-10,21.9427812608325,15.266238287280956,6.676542973551545
2020-08-11,21.94038922917445,15.326361260693641,6.6140279684808085
2020-08-12,21.93265770220012,14.147404007216675,7.785253694983446
2020-08-13,21.912511646101848,13.028838167715623,8.883673478386225
2020-08-14,21.870980174555218,12.843179092314474,9.027801082240744
2020-08-15,21.815646391466174,12.218756848262249,9.596889543203925
2020-08-16,21.728680799624847,12.0720064928472,9.656674306777647
2020-08-17,21.627205055401138,13.144793089459444,8.482411965941694
2020-08-18,21.52267885541134,13.736248723926163,7.786430131485176
2020-08-19,21.429574704082906,13.65367157121723,7.775903132865677
2020-08-20,21.30866718705443,12.630430307834295,8.678236879220133
2020-08-21,21.02907763123955,12.512550500385366,8.516527130854183
2020-08-22,20.748050001654867,12.316885370152713,8.431164631502154
2020-08-23,20.47222081550333,12.058448251363563,8.413772564139768
2020-08-24,20.20005481197854,12.466629082846632,7.733425729131907
2020-08-25,20.073886511715216,12.28181510413603,7.792071407579186
2020-08-26,19.96292448402818,13.057270890879842,6.905653593148337
2020-08-27,19.84683512283114,12.893057849769411,6.95377727306173
2020-08-28,19.729409770892033,14.354138462367677,5.375271308524356
2020-08-29,19.601725742808444,14.336697604728561,5.265028138079883
2020-08-30,19.321581542179818,14.206238071834303,5.115343470345515
2020-08-31,19.047028155782122,13.79537642413908,5.251651731643042
2020-09-01,18.781442164634047,14.202059410976984,4.579382753657063
2020-09-02,18.527206102609245,16.09440592175796,2.4328001808512845
2020-09-03,18.281302741805153,15.760190706350903,2.5211120354542498
2020-09-04,18.037614395987468,16.500368494109306,1.537245901878162
2020-09-05,17.804422788088623,16.67500989593591,1.1294128921527111
2020-09-06,17.56955596141575,16.79849712713933,0.7710588342764204
2020-09-07,17.32976818730218,16.478957262971146,0.8508109243310322
2020-09-08,17.090785232591504,15.858392554412161,1.2323926781793428
2020-09-09,16.82775569450717,17.659990275057982,-0.8322345805508107
2020-09-10,16.55996641642334,17.614201431384103,-1.0542350149607636
2020-09-11,16.28656440677998,18.18406436001532,-1.8974999532353394
2020-09-12,16.011064898757073,17.677288699824594,-1.6662238010675203
2020-09-13,15.728752223112187,17.732027234546944,-2.0032750114347575
2020-09-14,15.453325179519922,17.188471435683486,-1.7351462561635635
2020-09-15,15.175054061103785,16.01851164724198,-0.8434575861381948
2020-09-16,14.892819532497446,14.334965291558877,0.5578542409385694
2020-09-17,14.608969114301887,13.851178932787365,0.7577901815145225
2020-09-18,14.3201657454406,13.869942349371435,0.4502233960691644
2020-09-19,14.034301184890223,13.296650818444432,0.7376503664457914
2020-09-20,13.751890936875029,12.542141477617939,1.2097494592570897
2020-09-21,13.478460719817011,12.85292339899332,0.6255373208236907
2020-09-22,13.212844096754454,12.74058542490105,0.4722586718534032
2020-09-23,12.948812774086889,11.707066121851888,1.2417466522350011
2020-09-24,12.689283223855938,11.734103729274624,0.9551794945813139
2020-09-25,12.426877872401676,11.817507520635525,0.6093703517661506
2020-09-26,12.177393568295978,11.729842585269981,0.4475509830259963
2020-09-27,11.936045543628103,11.792854038426825,0.143191505201278
2020-09-28,11.698220730518647,10.955419897665783,0.7428008328528648
2020-09-29,11.473058370635504,10.003752710409561,1.4693056602259436
2020-09-30,11.262243940097758,7.891598501726039,3.370645438371719
2020-10-01,11.051624403961767,7.755526343435196,3.296098060526571
2020-10-02,10.845149930371942,7.597245915882218,3.247904014489724
2020-10-03,10.655795608555312,5.547442263444302,5.10835334511101
2020-10-04,10.46799087496242,5.514206924104847,4.953783950857573
2020-10-05,10.281159438864846,5.604573757693617,4.676585681171228
2020-10-06,10.08801448627989,5.604573757693617,4.483440728586273
2020-10-07,9.896989228506998,5.496840831883101,4.400148396623897
2020-10-08,9.723159596416073,5.565511593021893,4.15764800339418
2020-10-09,9.545310928485474,5.401352961720331,4.143957966765143
2020-10-10,9.353780052170189,4.413545615920994,4.940234436249194
2020-10-11,9.145251671924724,4.812924755396813,4.332326916527911
2020-10-12,8.922289078853066,5.034173448570148,3.8881156302829174
2020-10-13,8.684287333942459,5.291353142672509,3.3929341912699496
2020-10-14,8.4183371583363,5.255458336067084,3.1628788222692155
2020-10-15,8.129776180773906,4.59632936931248,3.5334468114614257
2020-10-16,7.8313442624647225,3.980012795195343,3.8513314672693797
2020-10-17,7.526840961793165,3.27870747265496,4.248133489138205
2020-10-18,7.212319314895631,3.3537404138714524,3.858578901024179
2020-10-19,6.897010108310218,3.3927499834152077,3.5042601248950107
2020-10-20,6.580454137583208,3.5137697444610363,3.066684393122172
2020-10-21,6.2708423679630085,3.5643617123649625,2.706480655598046
2020-10-22,6.111529436653405,3.4497144874015455,2.6618149492518595
2020-10-23,5.973637122602091,3.0552416529917155,2.9183954696103758
2020-10-24,5.831594196683073,2.789232101018706,3.0423620956643673
2020-10-25,5.682792692120573,2.7409544457886668,2.9418382463319066
2020-10-26,5.542437475719558,2.0327235568601703,3.5097139188593873
2020-10-27,5.418036223614981,2.0699965811645233,3.3480396424504573
2020-10-28,5.301534240654526,2.6456418105919695,2.6558924300625564
2020-10-29,5.192872017375533,2.436978075009196,2.7558939423663373
2020-10-30,5.066367953099077,2.2912350609299157,2.775132892169161
2020-10-31,4.7953991209779145,2.180541167189631,2.6148579537882837
2020-11-01,4.534947587034035,2.373324757678069,2.1616228293559665
2020-11-02,4.278127813483272,2.7399076709953953,1.538220142487877
2020-11-03,4.026264763054778,3.7904237842565514,0.23584097879822652
2020-11-04,3.777312276213782,3.7670812689772215,0.010231007236560341
2020-11-05,3.5324798220143387,4.059574745078016,-0.527094923063677
2020-11-06,3.305642429616246,3.3785152021977374,-0.0728727725814915
2020-11-07,3.098632141028543,2.8957483688237957,0.20288377220474718
2020-11-08,2.90951057231993,3.124283618911803,-0.21477304659187268
2020-11-09,2.728033518302643,3.3462466437682052,-0.6182131254655623
2020-11-10,2.5509584617107004,3.3733080670402145,-0.8223496053295141
2020-11-11,2.373761355070411,3.2399897112416656,-0.8662283561712547
2020-11-12,2.218236128782135,3.197287092584552,-0.979050963802417
2020-11-13,2.218236128782135,3.261013151183615,-1.0427770224014803
2020-11-14,2.218236128782135,3.5658397763159964,-1.3476036475338615
2020-11-15,2.218236128782135,3.7428219270057665,-1.5245857982236317
2020-11-16,2.218236128782135,3.680311301372685,-1.4620751725905503
2020-11-17,2.067686725136844,4.15805214816377,-2.0903654230269257
2020-11-18,1.900943392105012,4.178824665344928,-2.277881273239916
2020-11-19,1.7368700799967545,4.19353036347787,-2.4566602834811153
2020-11-20,1.5734445145718132,4.224948666216249,-2.6515041516444358
2020-11-21,1.421114173087592,4.1695854172971005,-2.7484712442095085
2020-11-22,1.421114173087592,3.9642034949638916,-2.5430893218762995
2020-11-23,1.421114173087592,4.065237772740489,-2.644123599652897
2020-11-24,1.421114173087592,3.9749013092605825,-2.5537871361729905
2020-11-25,1.421114173087592,4.165628630591521,-2.744514457503929
2020-11-26,1.421114173087592,4.347867363342327,-2.926753190254735
2020-11-27,1.421114173087592,4.712856345340014,-3.291742172252422
2020-11-28,1.421114173087592,4.65568942230185,-3.234575249214258
2020-11-29,1.421114173087592,4.4725491557726,-3.051434982685008
2020-11-30,1.421114173087592,4.274406088220441,-2.8532919151328486
2020-12-01,1.421114173087592,3.9937747700505453,-2.5726605969629532
2020-12-02,1.421114173087592,4.1732354776618985,-2.7521213045743065
2020-12-03,1.421114173087592,3.7384407328975384,-2.3173265598099464
2020-12-04,1.421114173087592,3.2509818710003113,-1.8298676979127193
2020-12-05,1.421114173087592,3.8088808066163318,-2.3877666335287397
2020-12-06,1.421114173087592,3.706025729245885,-2.284911556158293
2020-12-07,1.421114173087592,3.698776694699963,-2.277662521612371
2020-12-08,1.421114173087592,3.7970311883040595,-2.3759170152164675
2020-12-09,1.421114173087592,3.866863695860313,-2.445749522772721
2020-12-10,1.421114173087592,3.6973175134456544,-2.2762033403580624
2020-12-11,1.421114173087592,3.4142260295768643,-1.9931118564892722
2020-12-12,1.421114173087592,3.382708070452992,-1.9615938973654
2020-12-13,1.421114173087592,4.000339375229413,-2.579225202141821
2020-12-14,1.421114173087592,2.9331927332771097,-1.5120785601895177
2020-12-15,1.421114173087592,2.8925776635247282,-1.4714634904371362
2020-12-16,1.421114173087592,2.8971782483614037,-1.4760640752738117
2020-12-17,1.421114173087592,2.0867840035819905,-0.6656698304943984
2020-12-18,1.421114173087592,1.8365752436689906,-0.4154610705813986
2020-12-19,1.421114173087592,1.7434841268065269,-0.32236995371893484
2020-12-20,1.421114173087592,1.8690336842214883,-0.4479195111338963
2020-12-21,1.421114173087592,1.500465710347956,-0.07935153726036392
2020-12-22,1.421114173087592,1.2985836049943147,0.12253056809327734
2020-12-23,1.421114173087592,1.297702049107319,0.12341212398027301
2020-12-24,1.421114173087592,1.2257252221420247,0.1953889509455673
2020-12-26,1.421114173087592,1.7639897555109059,-0.34287558242331384
2020-12-27,1.421114173087592,1.2849532843309597,0.13616088875663235
2020-12-28,1.421114173087592,1.2496849613200494,0.17142921176754267
2020-12-29,1.421114173087592,1.2890018965252175,0.13211227656237456
2020-12-30,1.421114173087592,1.9437131743963472,-0.5225990013087551
2020-12-31,1.421114173087592,2.091902222938501,-0.6707880498509091
2021-01-01,1.421114173087592,1.4440415895468783,-0.02292741645928631
2021-01-02,1.421114173087592,1.1129380168656582,0.30817615622193384
2021-01-03,1.421114173087592,0.8252869252416527,0.5958272478459393
2021-01-04,1.421114173087592,0.7865348831329998,0.6345792899545922
2021-01-05,1.421114173087592,0.7430901823188599,0.6780239907687321
2021-01-06,1.421114173087592,0.8845694666740735,0.5365447064135185
2021-01-07,1.421114173087592,0.7967153742280689,0.6243987988595231
2021-01-08,1.421114173087592,0.7412627872571974,0.6798513858303946
2021-01-09,1.421114173087592,0.8649639452173659,0.5561502278702262
2021-01-10,1.421114173087592,0.928267140630125,0.49284703245746697
2021-01-11,1.421114173087592,0.9036617295590159,0.5174524435285761
2021-01-12,1.421114173087592,0.812221348649536,0.608892824438056
2021-01-13,1.421114173087592,0.7688626160243401,0.6522515570632519
2021-01-14,1.421114173087592,0.8041385408345909,0.6169756322530011
2021-01-15,1.2769566861554513,0.6719952197810151,0.6049614663744363
2021-01-16,1.1164067268661886,1.03186083385139,0.08454589301479865
2021-01-17,0.9621702245411835,0.9450126562991441,0.0171575682420394
2021-01-18,0.808333630237244,0.889889970847306,-0.081556340610062
2021-01-19,0.6536356379411542,0.8960364638104764,-0.2424008258693222
2021-01-20,0.4914764294517328,0.8407596268495013,-0.34928319739776853
2021-01-21,0.3169663721923927,0.7176417996467443,-0.40067542745435164
2021-01-22,0.143947023955878,0.5850307057042387,-0.44108368174836066
2021-01-23,0.0,0.719113491822067,-0.719113491822067
2021-01-24,0.0,0.7621955860410479,-0.7621955860410479
2021-01-25,0.0,0.5304474379234261,-0.5304474379234261
2021-01-26,0.0,0.7183634230746384,-0.7183634230746384
2021-01-27,0.0,0.6831735321599524,-0.6831735321599524
2021-01-28,0.0,0.7312929922072348,-0.7312929922072348
2021-01-29,0.0,0.5020554526366975,-0.5020554526366975
2021-01-30,0.0,0.49798807274405654,-0.49798807274405654
2021-01-31,0.0,0.5127477790659246,-0.5127477790659246
2021-02-01,0.0,0.7474638012756866,-0.7474638012756866
2021-02-02,0.0,0.8003463417817697,-0.8003463417817697
2021-02-03,0.0,0.5799630546155403,-0.5799630546155403
2021-02-04,0.0,0.854352315426655,-0.854352315426655
2021-02-05,0.0,0.5722630504176948,-0.5722630504176948
2021-02-06,0.15447106305664451,0.4795908666532658,-0.3251198035966213
2021-02-07,0.3277399017936088,0.720262015778703,-0.3925221139850942
2021-02-08,0.508179254855086,0.7738946250322144,-0.26571537017712843
2021-02-09,0.6775062302066343,0.6170399266961885,0.060466303510445796
2021-02-10,0.8430769375798596,0.46513539308611074,0.37794154449374884
2021-02-11,1.0307962779758586,0.6032409406110749,0.4275553373647837
2021-02-12,1.2258945237552072,0.5079687545241849,0.7179257692310224
2021-02-13,1.4180506552686027,0.4626871375283021,0.9553635177403006
2021-02-14,1.5928683878879184,0.4715559744748685,1.1213124134130499
2021-02-15,1.7497235683044303,0.5440840653331026,1.2056395029713278
2021-02-16,1.9194834055630625,0.543333996585674,1.3761494089773885
2021-02-17,2.1062246527218496,0.554094578151536,1.5521300745703135
2021-02-18,2.293129906333193,0.612522699282222,1.6806072070509708
2021-02-19,2.479649664780872,1.1242909371444105,1.3553587276364614
2021-02-20,2.6526494000025242,1.2678551953627668,1.3847942046397574
2021-02-21,2.831070862176023,0.9536736412716349,1.877397220904388
2021-02-22,3.013539566180117,1.069020816010422,1.9445187501696952
2021-02-23,3.193155704342671,1.3714877799660135,1.8216679243766574
2021-02-24,3.3745113676226706,1.8821934107473939,1.4923179568752767
2021-02-25,3.5818919906327196,1.8489335832915132,1.7329584073412063
2021-02-26,3.8270555241753432,2.155717987790413,1.67133753638493
2021-02-27,4.077600653831744,2.1347330185867452,1.9428676352449985
2021-02-28,4.326945195342605,2.2944778012160025,2.032467394126602
2021-03-01,4.588034816988874,2.901306408321443,1.6867284086674315
2021-03-02,4.8528715953018375,2.9846941910674514,1.8681774042343862
2021-03-03,5.090657182951227,3.2826246352550137,1.8080325476962131
2021-03-04,5.315239055582741,3.60552626700016,1.7097127885825811
2021-03-05,5.534728013030376,3.741967045629172,1.7927609674012044
2021-03-06,5.748393152800623,3.8491619827830537,1.8992311700175692
2021-03-07,5.984233303170297,4.671335682393213,1.3128976207770835
2021-03-08,6.272202445922384,5.1234028098630535,1.1487996360593309
2021-03-09,6.625230496782683,5.4610666915155335,1.1641638052671492
2021-03-10,6.963383176125386,5.868982788430005,1.094400387695381
2021-03-11,7.282345452100946,6.204804406251695,1.0775410458492516
2021-03-12,7.618737072906959,6.663389516025405,0.9553475568815539
2021-03-13,7.96232569042052,7.368133756028466,0.5941919343920539
2021-03-14,8.29333990024445,7.620453258325201,0.6728866419192485
2021-03-15,8.611984283386798,8.51729713478391,0.09468714860288863
2021-03-16,8.92662461286122,8.365460331722089,0.5611642811391313
2021-03-17,9.245859768226145,8.663860581511225,0.5819991867149206
2021-03-18,9.567017146279548,8.83658546144896,0.7304316848305881
2021-03-19,9.886674234648911,9.27824451228689,0.6084297223620219
2021-03-20,10.196160989740687,9.721807416453268,0.47435357328741823
2021-03-21,10.532411912100068,10.353947593121987,0.17846431897808124
2021-03-22,10.89645874097107,9.75032081014261,1.146137930828461
2021-03-23,11.251322291593098,9.842525436805078,1.4087968547880205
2021-03-24,11.588685824059322,10.352068941379905,1.2366168826794173
2021-03-25,11.928103197676998,9.955139162212722,1.9729640354642761
2021-03-26,12.271531128932951,10.439655646635224,1.8318754822977272
2021-03-27,12.627360814053642,11.12455571044504,1.5028051036086012
2021-03-28,13.004285958929051,13.164128414487374,-0.15984245555832288
2021-03-29,13.374124663484716,13.145652843137606,0.2284718203471101
2021-03-30,13.795973301910182,12.86550168420951,0.9304716177006718
2021-03-31,14.252319125503842,12.849457705239027,1.4028614202648146
2021-04-01,14.715789724308545,12.661083291045756,2.0547064332627887
2021-04-02,15.17911142556853,12.535977645079505,2.643133780489025
2021-04-03,15.642985687762808,13.881050486825469,1.761935200937339
2021-04-04,16.10624524231499,14.850508148595749,1.255737093719242
2021-04-05,16.565222120255015,14.827799845993937,1.7374222742610783
2021-04-06,17.003518796594186,14.539313227209952,2.4642055693842337
2021-04-07,17.442648058311665,15.157328145282422,2.2853199130292428
2021-04-08,17.891882648349263,15.577236099835712,2.314646548513551
2021-04-09,18.358222621872578,15.857899174624622,2.500323447247956
2021-04-10,18.829837465392597,15.828975289464122,3.000862175928475
2021-04-11,19.311734167181665,16.472236058459035,2.83949810872263
2021-04-12,19.783124339354334,17.993850884911893,1.7892734544424407
2021-04-13,20.246858990467107,18.765229356180342,1.4816296342867652
2021-04-14,20.700346611748664,19.04506410011894,1.655282511629725
2021-04-15,21.15186969395101,18.862032323985016,2.289837369965994
2021-04-16,21.61173106087156,18.09369236168116,3.5180386991903987
2021-04-17,22.078344175230324,19.579296219710177,2.4990479555201475
2021-04-18,22.540159090810437,20.319012535514265,2.2211465552961727
2021-04-19,22.9917675126673,20.14743260665185,2.8443349060154475
2021-04-20,23.433349792192026,20.518703898628253,2.9146458935637725
2021-04-21,23.865125244219737,21.24417690590829,2.6209483383114467
2021-04-22,24.288420840456258,21.338208567228403,2.950212273227855
2021-04-23,24.69820291629784,21.106702366376577,3.591500549921264
2021-04-24,25.07997836262936,21.763326269448076,3.316652093181286
2021-04-25,25.44027003367135,22.178001385982636,3.262268647688714
2021-04-26,25.795646453550727,22.82063610310942,2.975010350441309
2021-04-27,26.133261837791515,23.18660834918874,2.9466534886027738
2021-04-28,26.461640339642205,23.38225153479372,3.0793888048484845
2021-04-29,26.75395681479956,23.62442878002857,3.129528034770992
2021-04-30,27.04336008826983,26.348496408124415,0.6948636801454136
2021-05-01,27.182761975620263,26.017303780006937,1.1654581956133256
2021-05-02,27.30938379374223,26.190726594546653,1.118657199195578
2021-05-03,27.456544965498193,26.24732943452778,1.2092155309704111
2021-05-04,27.653716757434033,26.16748271853096,1.4862340389030742
2021-05-05,27.865640434309544,26.370909596267317,1.4947308380422264
2021-05-06,28.05591025324158,24.252824572619826,3.8030856806217557
2021-05-07,28.226123428080054,26.268951786877643,1.957171641202411
2021-05-08,28.39485272396229,28.130426468680657,0.2644262552816343
2021-05-09,28.577323567950835,28.33765049142288,0.23967307652795355
2021-05-10,28.77406705676784,28.451298933857732,0.3227681229101087
2021-05-11,28.926107898238055,28.89915133390668,0.02695656433137472
2021-05-12,29.03921183254914,29.000835713893796,0.03837611865534285
2021-05-13,29.146491106175734,28.700002724984966,0.4464883811907683
2021-05-14,29.254190671221117,29.639458622997818,-0.3852679517767008
2021-05-15,29.37534563787557,30.852636542471238,-1.4772909045956695
2021-05-16,29.48957027686993,30.920807891771673,-1.4312376149017432
2021-05-17,29.597150937479267,30.84777834142023,-1.250627403940964
2021-05-18,29.706850548434307,30.536573430571778,-0.8297228821374709
2021-05-19,29.819425176274734,30.54144275015718,-0.7220175738824466
2021-05-20,29.902214627089517,27.074979152004904,2.8272354750846134
2021-05-21,29.946111357415397,26.842542740851076,3.1035686165643206
2021-05-22,29.973134774414,27.907732339580285,2.0654024348337146
2021-05-23,29.982095470605735,27.33951559846556,2.6425798721401748
2021-05-24,29.978998221112732,27.857447748262544,2.1215504728501884
2021-05-25,29.976403379330616,27.308635777895994,2.6677676014346225
2021-05-26,30.00058952537006,27.12623506707161,2.8743544582984484
2021-05-27,29.99526145166006,24.968143515391432,5.027117936268628
2021-05-28,29.997870742469342,25.215030497223818,4.782840245245524
2021-05-29,30.019150382746716,23.127223610714395,6.8919267720323205
2021-05-30,30.025719164617822,24.328100645285076,5.697618519332746
2021-05-31,29.973598249154385,24.384336259474647,5.589261989679738
2021-06-01,29.855174216379165,25.55422671278226,4.300947503596905
2021-06-02,29.75518495019423,26.491127583963678,3.2640573662305528
2021-06-03,29.678358475307004,28.21332988798507,1.4650285873219353
2021-06-04,29.558982403338913,28.46303883858652,1.0959435647523925
2021-06-05,29.420533529196426,27.024122848573928,2.3964106806224983
2021-06-06,29.29193216077359,27.512170925244487,1.7797612355291044
2021-06-07,29.17472683965601,25.120849148266768,4.053877691389243
2021-06-08,29.054851325026487,25.061398051597866,3.9934532734286208
2021-06-09,28.924409196022452,25.04246759076871,3.8819416052537434
2021-06-10,28.787982384798187,25.329860231554704,3.458122153243483
2021-06-11,28.650937391090743,24.991582573340565,3.6593548177501773
2021-06-12,28.537236890877214,22.099800955652178,6.437435935225036
2021-06-13,28.400870571674737,22.192943622347993,6.207926949326744
2021-06-14,28.24084708538424,21.242243939215733,6.998603146168506
2021-06-15,28.095892145108092,24.24459131552164,3.851300829586453
2021-06-16,27.980365735761826,24.090368981724232,3.8899967540375933
2021-06-17,27.865501063883553,24.76839540155829,3.097105662325262
2021-06-18,27.744504804413992,25.06414500666963,2.6803597977443623
2021-06-19,27.611039342541005,25.53978343755575,2.0712559049852537
2021-06-20,27.47301146441169,25.4596080778985,2.0134033865131897
2021-06-21,27.34020453657954,25.20510122181176,2.1351033147677825
2021-06-22,27.153712010961957,22.80310075647616,4.350611254485798
2021-06-23,26.929813382730952,22.14518664705485,4.7846267356761025
2021-06-24,26.688866937858084,21.36986045411179,5.319006483746293
2021-06-25,26.462339058632352,21.36986045411179,5.0924786045205614
2021-06-26,26.244242734026383,20.561071240816144,5.683171493210239
2021-06-27,26.02473865400038,20.112843934497363,5.911894719503017
2021-06-28,25.80411112980298,20.238108298176574,5.566002831626406
2021-06-29,25.58867440672415,19.396534797408133,6.1921396093160155
2021-06-30,25.366797073307033,18.886574564682505,6.480222508624529
2021-07-01,25.136119223581975,19.198607333028125,5.93751189055385
2021-07-02,24.87643317962921,18.591398262554222,6.285034917074988
2021-07-03,24.605049403772767,18.98231612835088,5.622733275421886
2021-07-04,24.317357023938467,18.874240351572027,5.44311667236644
2021-07-05,24.01915541344734,18.65581969512204,5.363335718325299
2021-07-06,23.726386403275292,16.592670551834612,7.13371585144068
2021-07-07,23.440227669433167,16.819287926408514,6.620939743024653
2021-07-08,23.151586019513655,16.93401129220708,6.217574727306573
2021-07-09,22.87580975199065,16.972608370408402,5.9032013815822495
2021-07-10,22.604626119109344,15.661160794520416,6.943465324588928
2021-07-11,22.340431643249122,14.85614104255305,7.484290600696072
2021-07-12,22.083124938287277,15.59929668831155,6.483828249975726
2021-07-13,21.841255755267216,16.425613034729157,5.4156427205380595
2021-07-14,21.610397262231633,16.09071354187124,5.519683720360394
2021-07-15,21.38425180233295,16.900363890420184,4.483887911912767
2021-07-16,21.168262521737308,17.47553008911167,3.6927324326256397
2021-07-17,20.976350383520927,17.536836245942155,3.4395141375787723
2021-07-18,20.796539346684515,16.357967892749784,4.438571453934731
2021-07-19,20.61577409250759,15.816862345586658,4.798911746920931
2021-07-20,20.44946721612465,15.648289073841022,4.801178142283627
2021-07-21,20.30572957091288,14.813031580604457,5.492697990308423
2021-07-22,20.201680712559497,14.121560810128706,6.080119902430791
2021-07-23,20.098548095218433,14.34365786894664,5.754890226271794
2021-07-24,19.984113914005167,14.06642477700611,5.917689136999057
2021-07-25,19.859900443714988,13.884525934562982,5.975374509152006
2021-07-26,19.72124513765063,14.107522931367589,5.613722206283041
2021-07-27,19.540564895608693,13.954362827374196,5.586202068234497
2021-07-28,19.346486725387372,13.953566949912547,5.392919775474825
2021-07-29,19.14852679647442,13.792490066202827,5.356036730271594
2021-07-30,18.927340393916484,13.82714739402699,5.100192999889494
2021-07-31,18.566454966520848,14.442952888422147,4.123502078098701
2021-08-01,18.20916638991299,13.914788215826999,4.294378174085992
2021-08-02,17.855567720679478,13.342860575149285,4.512707145530193
2021-08-03,17.53376704195063,13.700121451306417,3.8336455906442115
2021-08-04,17.233921860480756,11.937181295571957,5.296740564908799
2021-08-05,16.939737333242817,11.267779859821447,5.6719574734213705
2021-08-06,16.645518009749757,10.172387654895006,6.473130354854751
2021-08-07,16.35136330787365,10.24484357874292,6.106519729130731
2021-08-08,16.05871720670579,11.738026513237969,4.320690693467821
2021-08-09,15.768667842092361,11.617959994226787,4.150707847865574
2021-08-10,15.479352092974766,12.934467060891889,2.5448850320828775
2021-08-11,15.185421801854341,13.002816707066811,2.1826050947875295
2021-08-12,14.895251728029509,12.872103159137206,2.023148568892303
2021-08-13,14.75663463496238,11.299379263167209,3.4572553717951706
2021-08-14,14.627968227976035,10.653340309685678,3.9746279182903574
2021-08-15,14.51963550795868,10.460453702772364,4.059181805186316
2021-08-16,14.413854367797683,10.539841595496817,3.8740127723008655
2021-08-17,14.3217269070678,10.558063908684815,3.7636629983829852
2021-08-18,14.23415242575681,10.56986894106226,3.6642834846945487
2021-08-19,14.18985344123008,9.748635636837795,4.441217804392284
2021-08-20,14.143873029866027,10.595798909370005,3.5480741204960218
2021-08-21,14.08572850576218,9.435964693371886,4.649763812390294
2021-08-22,14.009464360153759,9.197969186911111,4.811495173242648
2021-08-23,13.923046649988068,8.945437205063985,4.977609444924083
2021-08-24,13.688442631902989,8.572979045732541,5.115463586170447
2021-08-25,13.450279218745221,8.62959268900472,4.820686529740501
2021-08-26,13.208143417656887,9.068803398966923,4.139340018689964
2021-08-27,12.991127868818968,9.121553170892527,3.8695746979264403
2021-08-28,12.785988125447892,9.216265517522627,3.5697226079252644
2021-08-29,12.583575284046798,7.729360212921688,4.85421507112511
2021-08-30,12.38213622202203,6.63241991724214,5.7497163047798905
2021-08-31,12.187371407177134,6.355317965594392,5.832053441582741
2021-09-01,11.99857838081624,6.446129319117253,5.5524490616989866
2021-09-02,11.8138478139871,6.08851862786176,5.725329186125341
2021-09-03,11.631235719325181,5.643598922717632,5.987636796607549
2021-09-04,11.435449464446934,5.639550310523374,5.7958991539235605
2021-09-05,11.235564861290035,5.831814166503204,5.403750694786831
2021-09-06,11.031541518709531,5.93633869478527,5.095202823924261
2021-09-07,10.821632908363645,6.0377803095379265,4.783852598825718
2021-09-08,10.59979578524369,6.381870724253017,4.217925060990674
2021-09-09,10.375243083504287,6.500745023676035,3.8744980598282526
2021-09-10,10.152811411717892,6.783124933559881,3.3696864781580107
2021-09-11,9.930447188470188,6.422645779501498,3.5078014089686897
2021-09-12,9.69154992172409,6.3812158306149085,3.3103340911091808
2021-09-13,9.45451814500058,6.518302251155047,2.9362158938455334
2021-09-14,9.2191620321927,6.573040785877399,2.6461212463153014
2021-09-15,8.986714836830044,6.407171764174599,2.5795430726554454
2021-09-16,8.764190682898208,6.45747274628471,2.3067179366134987
2021-09-17,8.527396860863957,6.78213343859113,1.7452634222728278
2021-09-18,8.28161892327565,6.9865171667056805,1.2951017565699692
2021-09-19,8.037863448749468,7.276823417437367,0.7610400313121009
2021-09-20,7.799514095006842,7.695246319186237,0.1042677758206052
2021-09-21,7.576654141746504,7.687670609343883,-0.11101646759737882
2021-09-22,7.5263173752384205,7.246154777746265,0.2801625974921551
2021-09-23,7.48434091444475,7.248504905616024,0.23583600882872613
2021-09-24,7.454677547381818,6.730664965573322,0.7240125818084966
2021-09-25,7.431884970890536,6.774036201100672,0.6578487697898643
2021-09-26,7.411659397582363,7.1044652124963505,0.30719418508601226
2021-09-27,7.414172836780861,6.415907051182893,0.998265785597968
2021-09-28,7.422915473819125,6.894310464663348,0.5286050091557772
2021-09-29,7.445180236759315,7.082099710670202,0.3630805260891128
2021-09-30,7.485301540917255,6.937431765153001,0.5478697757642541
2021-10-01,7.498884392661431,6.28530246085864,1.213581931802791
2021-10-02,7.501724998625243,6.084023026982169,1.4177019716430745
2021-10-03,7.4992899718984996,6.309754130501475,1.1895358413970243
2021-10-04,7.506280143091215,6.700552623079614,0.805727520011601
2021-10-05,7.519855171388209,6.339217958087496,1.180637213300713
2021-10-06,7.5215762044626455,6.952329555637585,0.5692466488250609
2021-10-07,7.501213181702555,6.87720327441131,0.6240099072912448
2021-10-08,7.465304283822937,6.681831791196767,0.7834724926261707
2021-10-09,7.275440975707797,5.941931801867734,1.3335091738400626
2021-10-10,7.3208603049310454,5.462096355227842,1.8587639497032038
2021-10-11,7.146249139228595,5.318565622526332,1.8276835167022627
2021-10-12,6.974940631370747,5.48360181916468,1.4913388122060667
2021-10-13,6.790299774731825,5.466673933854388,1.3236258408774377
2021-10-14,6.60203215792785,5.7623532282674965,0.8396789296603533
2021-10-15,6.41576150179865,5.336540335033479,1.079221166765171
2021-10-16,6.236322732604838,4.631984758137019,1.6043379744678186
2021-10-17,6.060645546036085,4.6137134374463,1.4469321085897846
2021-10-18,5.871700327283004,4.598273145672027,1.2734271816109768
2021-10-19,5.68588180203755,4.411403430847756,1.2744783711897947
2021-10-20,5.502465588010135,4.389703764240411,1.1127618237697234
2021-10-21,5.322436357595054,4.278017731942452,1.044418625652602
2021-10-22,5.178311339535169,4.854784066118151,0.32352727341701737
2021-10-23,5.178311339535169,5.230229808102735,-0.051918468567566656
2021-10-24,5.178311339535169,5.357416632414477,-0.1791052928793082
2021-10-25,5.178311339535169,5.471034238198617,-0.29272289866344803
2021-10-26,5.178311339535169,5.417777511825909,-0.23946617229074008
2021-10-27,5.324310510369257,5.555761818944546,-0.23145130857528962
2021-10-28,5.469086055326997,5.5272734042450145,-0.058187348918017356
2021-10-29,5.469086055326997,6.309034466233321,-0.8399484109063238
2021-10-30,5.469086055326997,6.28862311197945,-0.8195370566524529
2021-10-31,5.621851499522507,6.3622201740938635,-0.7403686745713562
2021-11-01,5.776983910440799,6.299622479352307,-0.5226385689115078
2021-11-02,5.776983910440799,6.140675499233936,-0.3636915887931371
2021-11-03,5.776983910440799,6.215140390976037,-0.4381564805352385
2021-11-04,5.776983910440799,6.902960910171222,-1.1259769997304234
2021-11-05,5.626540739639422,6.577461711444253,-0.9509209718048313
2021-11-06,5.477638599970764,6.590737698850482,-1.1130990988797178
2021-11-07,5.3276660822855275,6.372529292666425,-1.044863210380898
2021-11-08,5.175454850293256,5.774549137676363,-0.5990942873831075
2021-11-09,5.005340374492287,7.589743474055766,-2.5844030995634784
2021-11-10,4.830943122114448,5.723043358424146,-0.8921002363096981
2021-11-11,4.6559883077196655,5.726846397210568,-1.070858089490902
2021-11-12,4.479870470826797,4.5913082361429485,-0.11143776531615135
2021-11-13,4.30307021488302,4.682533685304385,-0.3794634704213653
2021-11-14,4.136925428250665,4.682533685304385,-0.5456082570537202
2021-11-15,3.9874949111277056,4.3215676096058475,-0.3340726984781419
2021-11-16,3.9874949111277056,4.943365016132708,-0.955870105005002
2021-11-17,3.9874949111277056,3.9396094711795353,0.047885439948170294
2021-11-18,3.9874949111277056,4.053046403931927,-0.06555149280422157
2021-11-19,3.9874949111277056,4.128631908942126,-0.1411369978144208
2021-11-20,3.9874949111277056,3.6496233142443573,0.33787159688334834
2021-11-21,3.9874949111277056,4.159503171924922,-0.17200826079721665
2021-11-22,3.9874949111277056,3.859739390271797,0.1277555208559087
2021-11-23,3.9874949111277056,3.247002051394685,0.7404928597330205
2021-11-24,3.9874949111277056,3.3722847516820105,0.6152101594456951
2021-11-25,3.9874949111277056,3.000278651041922,0.9872162600857837
2021-11-26,3.9874949111277056,3.2676664213210733,0.7198284898066323
2021-11-27,3.9874949111277056,2.8039799304293265,1.1835149806983791
2021-11-28,3.9874949111277056,2.541237238348943,1.4462576727787626
2021-11-29,3.9874949111277056,2.604588707076105,1.3829062040516007
2021-11-30,3.9874949111277056,3.4713539854348325,0.5161409256928731
2021-12-01,3.9874949111277056,3.2524716606009414,0.7350232505267642
2021-12-02,3.9874949111277056,2.0199169597859874,1.9675779513417182
2021-12-03,3.9874949111277056,2.952776563457152,1.0347183476705535
2021-12-04,3.9874949111277056,2.5044186547184553,1.4830762564092503
2021-12-05,3.9874949111277056,2.6278559666354733,1.3596389444922323
2021-12-06,3.9874949111277056,2.7098019282297834,1.2776929828979222
2021-12-07,3.9874949111277056,2.7515139663473502,1.2359809447803554
2021-12-08,3.9874949111277056,2.5582425895805065,1.429252321547199
2021-12-09,3.9874949111277056,1.9245903100497093,2.0629046010779963
2021-12-10,3.9874949111277056,2.3038690167134,1.6836258944143054
2021-12-11,3.9874949111277056,2.6500226116153303,1.3374722995123753
2021-12-12,3.9874949111277056,2.6672090444476924,1.3202858666800132
2021-12-13,3.9874949111277056,2.321083683292745,1.6664112278349608
2021-12-14,3.9874949111277056,3.080719762230891,0.9067751488968145
2021-12-15,3.8205797493354234,3.1953784725933834,0.6252012767420401
2021-12-16,3.6439994698165554,3.5429101152532563,0.10108935456329915
2021-12-17,3.4670089073089367,4.0913206039209555,-0.6243116966120188
2021-12-18,3.289570416136641,3.9242948765358885,-0.6347244603992475
2021-12-19,3.115591667490047,3.657277763452216,-0.5416860959621688
2021-12-20,2.9398896666100116,3.6028252385030184,-0.6629355718930068
2021-12-21,2.903211633872789,3.646476446330098,-0.7432648124573089
2021-12-22,2.8609737904832184,3.882616304238867,-1.0216425137556486
2021-12-23,2.809471209016222,3.635008847714588,-0.8255376386983659
2021-12-24,2.764546939387222,3.341752965227682,-0.5772060258404599
2021-12-26,2.7249471740734577,3.0331355922762566,-0.30818841820279896
2021-12-27,2.6828062183957377,2.776047993683727,-0.09324177528798927
2021-12-28,2.6336723272595437,2.7924826291335307,-0.15881030187398704
2021-12-29,2.5668789609049525,2.7451132378336762,-0.17823427692872373
2021-12-30,2.3642409688383927,3.0488416082329013,-0.6846006393945085
2021-12-31,2.187453855260647,2.2427156708126375,-0.05526181555199061
2022-01-01,2.0295699578943207,1.8153045555609548,0.21426540233336588
2022-01-02,2.0295699578943207,1.9019618555896907,0.12760810230463004
2022-01-03,1.8036699944654953,1.6363855039439863,0.16728449052150896
2022-01-04,1.8036699944654953,1.6127830401311125,0.19088695433438274
2022-01-05,1.8036699944654953,1.5037650652702301,0.2999049291952651
2022-01-06,1.8036699944654953,1.5229016674868316,0.2807683269786636
2022-01-07,1.9537828212763202,1.700951198273025,0.2528316230032952
2022-01-08,1.9537828212763202,1.700951198273025,0.2528316230032952
2022-01-09,1.9537828212763202,1.6302944378850441,0.32348838339127606
2022-01-10,1.9537828212763202,1.6302944378850441,0.32348838339127606
2022-01-11,1.9537828212763202,1.6375756553730447,0.31620716590327547
2022-01-12,1.9537828212763202,1.6979588295316295,0.2558239917446907
2022-01-13,1.9537828212763202,1.6997989458853522,0.253983875390968
2022-01-14,1.9537828212763202,1.4949020526598042,0.45888076861651594
2022-01-15,1.9537828212763202,1.6000494328930053,0.3537333883833149
2022-01-16,1.9537828212763202,1.23844810430303,0.7153347169732902
2022-01-17,1.9537828212763202,1.8177807731412152,0.13600204813510497
2022-01-18,1.9537828212763202,2.846583585704176,-0.8928007644278559
2022-01-19,1.9537828212763202,2.165781189359108,-0.2119983680827877
2022-01-20,1.8077836504422333,2.8220817950862256,-1.0142981446439923
2022-01-21,1.6630081054844916,3.5868035017271107,-1.923795396242619
2022-01-22,1.6630081054844916,3.5091055437471734,-1.8460974382626818
2022-01-23,1.6630081054844916,3.959600230117043,-2.296592124632552
2022-01-24,1.5102426612889819,3.9988665266884804,-2.4886238653994983
2022-01-25,1.3551102503706889,4.300183597407147,-2.9450733470364585
2022-01-26,1.3551102503706889,4.068186628484393,-2.7130763781137044
2022-01-27,1.3551102503706889,4.478661840918135,-3.123551590547446
2022-01-28,1.3551102503706889,4.331895845225898,-2.9767855948552095
2022-01-29,1.3551102503706889,3.4740428444861045,-2.1189325941154156
2022-01-30,1.3551102503706889,2.35887607355467,-1.003765823183981
2022-01-31,1.3551102503706889,1.9936802671723586,-0.6385700168016697
2022-02-01,1.3551102503706889,1.2914602580721097,0.06364999229857915
2022-02-02,1.3551102503706889,1.286798838515688,0.06831141185500078
2022-02-03,1.3551102503706889,1.3286175391324633,0.026492711238225608
2022-02-04,1.508311365452544,1.4139372562936778,0.09437410915886613
2022-02-05,1.6703834480238966,2.43908322079223,-0.7686997727683333
2022-02-06,1.8373432627036423,3.8074158739584165,-1.9700726112547742
2022-02-07,2.008328905410619,2.3321817210005613,-0.3238528155899423
2022-02-08,2.17612501384516,2.2342253388178714,-0.05810032497271145
2022-02-09,2.3360335034359854,1.645578985016622,0.6904545184193633
2022-02-10,2.4898831088133067,1.5519750635607243,0.9379080452525823
2022-02-11,2.6386534380636824,1.527005328647291,1.1116481094163913
2022-02-12,2.8067167888477345,1.4610539083665193,1.3456628804812152
2022-02-13,2.998822587144192,2.08085771940141,0.9179648677427821
2022-02-14,3.182192414993218,1.3609439987866634,1.8212484162065548
2022-02-15,3.3701136478888363,1.4420869916819328,1.9280266562069035
2022-02-16,3.5597531658266606,1.4134418159654065,2.146311349861254
2022-02-17,3.7533284077235054,1.7780919779691602,1.9752364297543452
2022-02-18,3.937521564391617,1.2346452128447023,2.7028763515469145
2022-02-19,4.111946625464741,1.7230923380721972,2.388854287392544
2022-02-20,4.274570562382299,3.4571927668166347,0.817377795565664
2022-02-21,4.4384048261704905,2.6559337182809486,1.7824711078895419
2022-02-22,4.630643692845417,1.8388167661929273,2.7918269266524893
2022-02-23,4.8587845347742045,1.813551194537302,3.0452333402369023
2022-02-24,5.1291071894580735,1.785700724280889,3.3434064651771846
2022-02-25,5.414627692343471,2.402598513679899,3.012029178663572
2022-02-26,5.697444122516676,2.6014326441922604,3.0960114783244155
2022-02-27,5.9898237525728115,2.9563365498739556,3.033487202698856
2022-02-28,6.285600615612027,3.4751353393906927,2.810465276221334
2022-03-01,6.590586341594461,3.314771405202038,3.275814936392423
2022-03-02,6.893101237258398,4.014812098886915,2.8782891383714837
2022-03-03,7.188944882120107,3.888936649285226,3.3000082328348808
2022-03-04,7.471930594944894,4.566358037854872,2.9055725570900215
2022-03-05,7.751695934533302,4.946535597213108,2.805160337320194
2022-03-06,8.034448477018456,6.09743606235085,1.9370124146676062
2022-03-07,8.335511603750353,6.412764794652997,1.9227468090973563
2022-03-08,8.636858445360373,6.112868934446475,2.523989510913898
2022-03-09,8.956340955797895,6.220718210674652,2.7356227451232433
2022-03-10,9.29811511511988,6.638629042480851,2.65948607263903
2022-03-11,9.665645253974771,6.759145901392428,2.906499352582343
2022-03-12,10.06097692954627,7.271668534242985,2.7893083953032844
2022-03-13,10.488939073631046,7.717744526498465,2.7711945471325814
2022-03-14,10.924243639975375,7.513373798309884,3.410869841665491
2022-03-15,11.35737218211831,8.64770215055478,2.7096700315635296
2022-03-16,11.664922985753334,8.751457131763221,2.913465853990113
2022-03-17,11.983557689124094,9.06072911478863,2.9228285743354636
2022-03-18,12.296691165705866,9.13602066304778,3.1606705026580855
2022-03-19,12.597334032631455,9.588422612886053,3.0089114197454023
2022-03-20,12.880338942663334,9.318938787332307,3.561400155331027
2022-03-21,13.168880404042868,9.636698161279798,3.5321822427630707
2022-03-22,13.463311799630441,9.481055802330596,3.982255997299845
2022-03-23,13.784613682762792,9.987880452909993,3.7967332298527996
2022-03-24,14.253913076974,10.810756326171118,3.4431567508028813
2022-03-25,14.667542565520254,11.82310532181011,2.8444372437101446
2022-03-26,15.15673093285444,11.891988393084604,3.264742539769836
2022-03-27,15.638035565158455,11.637426585817286,4.00060897934117
2022-03-28,16.152686532185754,12.631999792675632,3.520686739510122
2022-03-29,16.671224181236887,13.691697424155057,2.97952675708183
2022-03-30,17.171083755913113,13.359304717634325,3.8117790382787877
2022-03-31,17.672368387305003,13.445272416029532,4.227095971275471
2022-04-01,18.024701948449717,13.537228605612958,4.4874733428367595
2022-04-02,18.479794776484685,15.02092173219059,3.4588730442940943
2022-04-03,18.92821452900561,14.940564500825628,3.987650028179983
2022-04-04,19.36020279958772,15.73197568859084,3.6282271109968818
2022-04-05,19.806760545470997,16.286945725318013,3.519814820152984
2022-04-06,20.25891695979056,15.935690319074013,4.323226640716548
2022-04-07,20.697674418658625,16.068680523171356,4.62899389548727
2022-04-08,21.102317037922457,16.783077505624817,4.31923953229764
2022-04-09,21.45389705528342,19.95497333846907,1.4989237168143497
2022-04-10,21.78358048904698,22.141379460115377,-0.357798971068398
2022-04-11,22.1016358346817,23.193017378513765,-1.091381543832064
2022-04-12,22.40919456970295,23.66186686233137,-1.252672292628418
2022-04-13,22.72048041576546,23.70566458642571,-0.9851841706602471
2022-04-14,23.041979171233447,23.57725036995271,-0.5352711987192649
2022-04-15,23.361092535717493,24.065230711579176,-0.7041381758616829
2022-04-16,23.661891904624216,24.730369445064486,-1.06847754044027
2022-04-17,23.957940068407996,24.50719475814673,-0.5492546897387349
2022-04-18,24.240188310118832,26.079867295801076,-1.8396789856822444
2022-04-19,24.49209763508413,26.495455620361394,-2.0033579852772654
2022-04-20,24.72319822436595,26.54371778356806,-1.8205195592021077
2022-04-21,24.923745277559252,26.705830051320543,-1.7820847737612908
2022-04-22,25.117258861179796,27.445285512279924,-2.328026651100128
2022-04-23,25.299427598496873,28.51621815967281,-3.2167905611759373
2022-04-24,25.47365026297489,27.091585334905865,-1.617935071930976
2022-04-25,25.658324791479657,30.066100498282054,-4.407775706802397
2022-04-26,25.827382762141237,29.02301584749777,-3.1956330853565333
2022-04-27,25.97426518336209,29.29429038219662,-3.320025198834532
2022-04-28,26.186806599002733,30.148884325071062,-3.9620777260683298
2022-04-29,26.24780371201701,31.013477196904457,-4.765673484887447
2022-04-30,26.318566858676366,31.162615037899133,-4.844048179222767
2022-05-01,26.388744826009226,29.967405162718492,-3.578660336709266
2022-05-02,26.460350292215065,30.96291815476706,-4.502567862551995
2022-05-03,26.53301818283678,31.123516950069934,-4.590498767233154
2022-05-04,26.626569657915557,28.453962276992137,-1.82739261907658
2022-05-05,26.731517236404972,30.3514797532474,-3.6199625168424276
2022-05-06,26.842437061051488,30.577813642871742,-3.7353765818202547
2022-05-07,26.930391520101434,28.771554063551985,-1.841162543450551
2022-05-08,27.000581243110712,27.821783396444157,-0.821202153333445
2022-05-09,27.07025869693541,28.012400247472158,-0.9421415505367463
2022-05-10,27.129313133802523,27.527917666802548,-0.3986045330000252
2022-05-11,27.163652461343275,26.483667155663912,0.679985305679363
2022-05-12,27.17369642814825,26.591863088644498,0.5818333395037527
2022-05-13,27.179422327708657,26.749042309060613,0.4303800186480444
2022-05-14,27.19653317165873,26.436320596719725,0.7602125749390041
2022-05-15,27.2335764796366,26.007045164870675,1.226531314765925
2022-05-16,27.290476761215295,25.55445060163378,1.7360261595815167
2022-05-17,27.344081557914166,25.092615201462316,2.25146635645185
2022-05-18,27.365366694540654,23.98633043775896,3.3790362567816956
2022-05-19,27.34070674208341,22.990921059237323,4.349785682846086
2022-05-20,27.29661054318807,23.70033970243974,3.5962708407483284
2022-05-21,27.244839381097986,20.925579366367177,6.3192600147308085
2022-05-22,27.174805949602575,21.00762801450249,6.167177935100085
2022-05-23,27.09524724101063,20.564246901179356,6.531000339831273
2022-05-24,26.985671807557733,19.18773650551508,7.797935302042653
2022-05-25,26.877438327698002,20.162966181737335,6.714472145960666
2022-05-26,26.78962678995621,16.13097384705415,10.658652942902059
2022-05-27,26.703594835261097,15.435150718134535,11.268444117126561
2022-05-28,26.636175059984534,18.344434205791753,8.291740854192781
2022-05-29,26.567978079197083,18.554854628870086,8.013123450326997
2022-05-30,26.47439500929628,18.747233994413918,7.727161014882363
2022-05-31,26.37831337841712,17.308151345812007,9.070162032605111
2022-06-01,26.27021717655967,17.300152911670075,8.970064264889594
2022-06-02,26.141569440185872,15.58564947514679,10.555919965039083
2022-06-03,25.98531838397073,15.316936457659216,10.668381926311513
2022-06-04,25.791313019939526,15.872268388603441,9.919044631336085
2022-06-05,25.555189938175594,15.182363364325761,10.372826573849833
2022-06-06,25.315710802899094,15.465763819889839,9.849946983009255
2022-06-07,25.081447454216693,15.523923907167505,9.557523547049188
2022-06-08,24.834684897776253,15.917269021410963,8.91741587636529
2022-06-09,24.57165053461586,15.953580134003523,8.618070400612336
2022-06-10,24.3011009088271,15.593594805539212,8.707506103287887
2022-06-11,24.03277912682637,14.572870469390908,9.459908657435461
2022-06-12,23.76473169805348,14.408580480937822,9.35615121711566
2022-06-13,23.493255939305083,14.653248554965286,8.840007384339797
2022-06-14,23.21927558381882,14.400407998474272,8.818867585344549
2022-06-15,22.913971707544196,16.835228822462508,6.078742885081688
2022-06-16,22.595321318261565,17.46933613118205,5.125985187079515
2022-06-17,22.331562227633867,17.449429750609557,4.88213247702431
2022-06-18,21.99951337531841,16.87089567376439,5.12861770155402
2022-06-19,21.67111068229787,17.526500309331087,4.144610372966781
2022-06-20,21.300943777723955,17.553921364787,3.7470224129369534
2022-06-21,20.78240612867282,17.518205805475283,3.2642003231975387
2022-06-22,20.2825465539966,16.899391662818424,3.383154891178176
2022-06-23,19.781261922604706,15.364636888584695,4.4166250340200115
2022-06-24,19.27881553464917,15.534115822449621,3.744699712199548
2022-06-25,18.8237227066142,15.493730674058524,3.3299920325556744
2022-06-26,18.375302954093275,13.962674552480353,4.412628401612922
2022-06-27,18.096760276619268,16.684233088117217,1.4125271885020503
2022-06-28,17.817111509242352,16.925644974531625,0.8914665347107267
2022-06-29,17.54301720227136,16.22343233199448,1.3195848702768807
2022-06-30,17.262822568461182,15.055695001718165,2.207127566743017
2022-07-01,17.02069192139266,17.130284300584908,-0.10959237919224663
2022-07-02,16.847796850907578,17.06183223121973,-0.21403538031215064
2022-07-03,16.684111256824643,17.179836907580082,-0.49572565075543906
2022-07-04,16.36605591118992,15.329121485717032,1.0369344254728894
2022-07-05,16.058497176168668,16.20813825246979,-0.14964107630112267
2022-07-06,15.747211330106154,16.165274229757294,-0.4180628996511402
2022-07-07,15.425712574638172,15.722173635979397,-0.2964610613412244
2022-07-08,15.106599210154128,16.033208927653344,-0.9266097174992165
2022-07-09,14.805799841247401,16.268239383207778,-1.4624395419603768
2022-07-10,14.50975167746362,15.717364338725474,-1.2076126612618534
2022-07-11,14.227503435752789,15.656823601684316,-1.4293201659315269
2022-07-12,13.975594110787487,13.529369490632874,0.44622462015461295
2022-07-13,13.74449352150567,13.765607742376794,-0.0211142208711248
2022-07-14,13.543946468312365,14.063336400512833,-0.5193899322004683
2022-07-15,13.500743112711447,13.200035268266554,0.3007078444448936
2022-07-16,13.463203766567647,12.977096510636576,0.4861072559310706
2022-07-17,13.43598793520297,12.958592988608743,0.4773949465942273
2022-07-18,13.414216229715317,12.62950375027741,0.784712479437907
2022-07-19,13.407535531538063,12.284257705908065,1.123277825629998
2022-07-20,13.413112366946036,11.722512597661664,1.690599769284372
2022-07-21,13.20057095130539,8.252556150475165,4.948014800830226
2022-07-22,12.986372723209257,7.684030809368189,5.302341913841068
2022-07-23,12.75353749397855,8.997779407489045,3.7557580864895055
2022-07-24,12.516399711965944,9.550294789486994,2.9661049224789497
2022-07-25,12.273808603053128,9.541752835550806,2.732055767502322
2022-07-26,12.033344603996868,9.71961450497668,2.313730099020189
2022-07-27,11.779884639327268,10.39116464457421,1.3887199947530569
2022-07-28,11.521087455460536,8.673180775488873,2.847906679971663
2022-07-29,11.261397301563644,7.494637722388796,3.766759579174848
2022-07-30,11.005379491729643,8.811328884078971,2.194050607650672
2022-07-31,10.904445598833425,9.244013598247843,1.6604320005855815
2022-08-01,10.82298932066837,8.962671787208128,1.8603175334602415
2022-08-02,10.751407267274583,9.46471392153265,1.2866933457419325
2022-08-03,10.70686755183095,8.617428225145495,2.0894393266854543
2022-08-04,10.675835106853286,5.742928988721968,4.932906118131318
2022-08-05,10.651496011709126,4.655443945994343,5.996052065714783
2022-08-06,10.628789513642703,5.016380581395658,5.612408932247045
2022-08-07,10.584452707718393,5.275193343064023,5.30925936465437
2022-08-08,10.363718162351505,5.525649618698524,4.838068543652981
2022-08-09,10.261048697356987,6.3108560545576,3.9501926427993874
2022-08-10,10.174412685673486,6.994053233322326,3.1803594523511602
2022-08-11,10.092060039817527,5.985922016437633,4.106138023379894
2022-08-12,10.017717365596033,5.241025974780748,4.776691390815285
2022-08-13,9.968222793892153,4.886526028075873,5.08169676581628
2022-08-14,9.941128132829606,5.9773728675387785,3.9637552652908274
2022-08-15,9.934137188120802,5.94344468088127,3.9906925072395323
2022-08-16,9.953919690307387,6.9794987545717,2.9744209357356874
2022-08-17,9.973699834637554,5.830280282663625,4.1434195519739285
2022-08-18,9.969482170672032,5.986776128093367,3.9827060425786653
2022-08-19,9.95519596168945,6.476898912350969,3.4782970493384804
2022-08-20,9.91370089152937,5.402741709850408,4.510959181678962
2022-08-21,9.865500288659854,5.254749537946842,4.610750750713012
2022-08-22,9.832186852856378,3.6886483994942854,6.143538453362092
2022-08-23,9.795197270059779,3.9458469847399837,5.849350285319796
2022-08-24,9.739606071919292,3.7512137552831577,5.988392316636134
2022-08-25,9.685429568058055,3.103169634778125,6.58225993327993
2022-08-26,9.634079124016951,3.597234049273419,6.036845074743532
2022-08-27,9.59205551805378,5.1060454812980955,4.486010036755684
2022-08-28,9.554342859912806,5.699465344748434,3.8548775151643717
2022-08-29,9.358517428844976,5.405966871895738,3.9525505569492383
2022-08-30,9.306144211908322,5.425085838424758,3.8810583734835635
2022-08-31,9.102325719471962,4.654521257425379,4.447804462046583
2022-09-01,8.899369572271553,3.8832346870963055,5.016134885175248
2022-09-02,8.705285566504758,3.8411317715975555,4.864153794907202
2022-09-03,8.52022080006718,4.414764706850752,4.105456093216429
2022-09-04,8.495802168346872,5.189065155202463,3.306737013144409
2022-09-05,8.325692008400312,4.619322894575322,3.70636911382499
2022-09-06,8.153082971347471,6.039168963537079,2.1139140078103926
2022-09-07,7.990590206042662,5.513526678306793,2.4770635277358695
2022-09-08,7.839941201114087,5.967642419076329,1.872298782037758
2022-09-09,7.69007080319553,5.837430270391215,1.8526405328043154
2022-09-10,7.5329312881767985,5.985870543761975,1.5470607444148232
2022-09-11,7.527799921334164,6.535295219014809,0.9925047023193558
2022-09-12,7.530472262520218,6.264736986487777,1.2657352760324407
2022-09-13,7.530472262520218,6.272561771381956,1.2579104911382615
2022-09-14,7.673846068451236,6.5672128627698285,1.1066332056814074
2022-09-15,7.673846068451236,6.364106514799669,1.3097395536515668
2022-09-16,7.673846068451236,6.601753367879042,1.0720927005721936
2022-09-17,7.823923627093762,6.313010461002027,1.5109131660917354
2022-09-18,7.977783201314343,6.912857666263721,1.0649255350506213
2022-09-19,7.973443758714481,6.960561933522525,1.0128818251919558
2022-09-20,7.80653478020812,7.1896308126401225,0.6169039675679979
2022-09-21,7.628472672859547,7.499545577938393,0.1289270949211545
2022-09-22,7.469909847801661,7.402852806388016,0.0670570414136451
2022-09-23,7.307397875606354,7.217958909603913,0.08943896600244017
2022-09-24,7.128712928730467,7.02531167220523,0.10340125652523735
2022-09-25,6.96271508904985,7.084396719252143,-0.12168163020229272
2022-09-26,6.96271508904985,7.154766292965268,-0.1920512039154172
2022-09-27,6.96271508904985,7.156713890314519,-0.1939988012646685
2022-09-28,7.119269957602101,7.2020998922790955,-0.08282993467699473
2022-09-29,7.280886077309492,8.249036193458592,-0.9681501161490997
2022-09-30,7.446801263850709,7.08794922652613,0.3588520373245787
2022-10-01,7.62059764244619,7.303321881696652,0.31727576074953756
2022-10-02,7.797425045495457,6.535564256424492,1.2618607890709646
2022-10-03,7.982277570667549,7.090807582673595,0.891469987993954
2022-10-04,8.174708711872018,7.3096561940384674,0.8650525178335506
2022-10-05,8.366007346864068,6.292365087367614,2.073642259496454
2022-10-06,8.558237795145418,6.671448300946243,1.8867894941991752
2022-10-07,8.603154949908616,6.075677112579771,2.5274778373288447
2022-10-08,8.654482901040552,6.0028874301749955,2.6515954708655567
2022-10-09,8.696575861137049,5.707366160351398,2.9892097007856506
2022-10-10,8.71674115146648,5.9901076594180065,2.7266334920484727
2022-10-11,8.727578513504989,6.361040239930347,2.3665382735746423
2022-10-12,8.745604928048857,6.25649254591142,2.4891123821374377
2022-10-13,8.917885591924898,5.79416920655457,3.1237163853703285
2022-10-14,9.069467929548896,5.870836940811826,3.1986309887370696
2022-10-15,9.215889482231919,5.568251783620878,3.6476376986110415
2022-10-16,9.215889482231919,5.788638290961268,3.427251191270651
2022-10-17,9.215889482231919,5.689334045689857,3.526555436542062
2022-10-18,9.215889482231919,6.16340042825724,3.0524890539746794
2022-10-19,9.215889482231919,6.1126343133555165,3.1032551688764025
2022-10-20,9.215889482231919,5.6957849468976836,3.5201045353342355
2022-10-21,9.215889482231919,5.646730490299592,3.569158991932327
2022-10-22,9.215889482231919,4.825817379556983,4.390072102674936
2022-10-23,9.054527853822401,4.60678073080693,4.447747123015471
2022-10-24,8.88293685031373,4.685058870069486,4.197877980244243
2022-10-25,8.70754323394479,4.59242798883459,4.1151152451102
2022-10-26,8.528104103909849,4.662377882075656,3.8657262218341923
2022-10-27,8.35551734018569,5.169432406366367,3.1860849338193233
2022-10-28,8.189937379101327,5.575043971816283,2.6148934072850434
2022-10-29,8.02110797214456,5.091331384096716,2.9297765880478437
2022-10-30,7.865777533173441,4.7569926622646275,3.1087848709088135
2022-10-31,7.865777533173441,4.845964234350412,3.0198132988230286
2022-11-01,7.72260333479416,4.025368579291175,3.6972347555029845
2022-11-02,7.559813367922386,4.548233167213553,3.011580200708833
2022-11-03,7.39650331155172,4.899657162503159,2.4968461490485607
2022-11-04,7.229421681783156,5.156506728025921,2.072914953757235
2022-11-05,7.047870985403916,5.417249517880261,1.630621467523655
2022-11-06,6.85261944790574,5.435807616769066,1.4168118311366742
2022-11-07,6.643392238167276,5.7647588034560915,0.8786334347111842
2022-11-08,6.428199443451149,5.549867910166954,0.8783315332841948
2022-11-09,6.214137883316776,5.408372720225941,0.8057651630908351
2022-11-10,6.010323440162379,5.302307786343989,0.7080156538183902
2022-11-11,5.827655891015295,5.419401181589282,0.4082547094260134
2022-11-12,5.656805396863528,4.983431311586924,0.6733740852766044
2022-11-13,5.4904504380353325,5.045557831715467,0.4448926063198657
2022-11-14,5.316283817007717,4.605347929039681,0.7109358879680361
2022-11-15,5.148008189073459,4.3605395914641205,0.7874685976093385
2022-11-16,4.992213078633875,4.0970143745423275,0.8951987040915474
2022-11-17,4.833263159546923,4.075044930569989,0.7582182289769337
2022-11-18,4.67333452094828,4.083282476515246,0.5900520444330342
2022-11-19,4.514031815371157,4.308075239174199,0.20595657619695817
2022-11-20,4.359905411191286,4.381296219593645,-0.021390808402359518
2022-11-21,4.359905411191286,4.241910485990588,0.11799492520069776
2022-11-22,4.213413434667407,3.855909018202306,0.3575044164651011
2022-11-23,4.213413434667407,3.3837420586818725,0.8296713759855345
2022-11-24,4.213413434667407,3.859304047727584,0.3541093869398231
2022-11-25,4.213413434667407,3.875223495855272,0.338189938812135
2022-11-26,4.213413434667407,4.14929529509248,0.06411813957492729
2022-11-27,4.064204263001216,4.513769213332274,-0.4495649503310588
2022-11-28,4.064204263001216,4.8238575527112,-0.7596532897099841
2022-11-29,4.064204263001216,4.442147475709551,-0.37794321270833553
2022-11-30,4.064204263001216,3.6055898122885557,0.45861445071265994
2022-12-01,4.064204263001216,3.9725472961529564,0.09165696684825919
2022-12-02,4.064204263001216,3.9843991491100286,0.07980511389118705
2022-12-03,4.064204263001216,4.131637973553589,-0.06743371055237368
2022-12-04,3.9164336905603805,4.280129382978139,-0.3636956924177581
2022-12-05,3.76927728692094,3.370903371946456,0.39837391497448404
2022-12-06,3.76927728692094,3.396961544273803,0.37231574264713707
2022-12-07,3.6259034809899218,3.474284570322679,0.15161891066724298
2022-12-08,3.6259034809899218,3.7944973446626125,-0.1685938636726907
2022-12-09,3.6259034809899218,3.7978402291030906,-0.17193674811316884
2022-12-10,3.475825922347395,3.8471966074303228,-0.3713706850829279
2022-12-11,3.321966348126815,3.074133713687077,0.2478326344397379
2022-12-12,3.1728601976185735,2.6173904312700884,0.5554697663484851
2022-12-13,3.1728601976185735,2.5581719226524386,0.6146882749661349
2022-12-14,3.1728601976185735,2.8417731370292856,0.33108706058928794
2022-12-15,3.1728601976185735,2.4891555314891227,0.6837046661294508
2022-12-16,3.1728601976185735,2.4096075000796593,0.7632526975389142
2022-12-17,3.1728601976185735,2.413656112273917,0.7592040853446567
2022-12-18,3.1728601976185735,2.431403280140155,0.7414569174784185
2022-12-19,3.1728601976185735,1.896045356432534,1.2768148411860396
2022-12-20,3.1728601976185735,1.662354498658498,1.5105056989600756
2022-12-21,3.016305329066323,1.1442161448958283,1.8720891841704947
2022-12-22,2.8546892093589316,1.5641919752693167,1.2904972340896148
2022-12-23,2.688774022817715,1.348790517218752,1.3399835055989628
2022-12-24,2.514977644222235,1.0947220116118528,1.4202556326103823
2022-12-26,2.338150241172968,0.9741027446132494,1.3640474965597185
2022-12-27,2.1532977160008757,1.0566805447592744,1.0966171712416013
2022-12-28,1.9608665747964058,0.6852596886509666,1.275606886145439
2022-12-29,1.769567939804357,0.5716590330317816,1.1979089067725752
2022-12-30,1.5773374915230052,0.5716590330317816,1.0056784584912237
2022-12-31,1.3821101087401868,0.4671658694105928,0.914944239329594
2023-01-01,1.1861527664349698,0.4010823726572379,0.7850703937777319
2023-01-02,0.9970529732251384,0.2915545213530835,0.7054984518720548
2023-01-03,0.8139848598785916,0.1890656528910113,0.6249192069875803
2023-01-04,0.6407702253557532,0.1596372368811143,0.4811329884746389
2023-01-05,0.47028455418306236,0.15535438073957564,0.3149301734434867
2023-01-06,0.29800389030702085,0.1770852847729537,0.12091860553406714
2023-01-07,0.14642155268302254,0.15535438073957564,-0.0089328280565531
2023-01-08,0.0,0.11540995149810837,-0.11540995149810837
2023-01-09,0.0,0.18027900130586796,-0.18027900130586796
2023-01-10,0.0,0.04392275009668327,-0.04392275009668327
2023-01-11,0.0,0.022191846063305216,-0.022191846063305216
2023-01-12,0.0,0.032685759022185325,-0.032685759022185325
2023-01-13,0.0,0.03665301227840441,-0.03665301227840441
2023-01-14,0.0,0.013921088529138148,-0.013921088529138148
2023-01-15,0.0,0.32896250427483453,-0.32896250427483453
2023-01-16,0.0,0.4337229940711476,-0.4337229940711476
2023-01-17,0.0,0.27880149870301,-0.27880149870301
2023-01-18,0.0,0.23400546637538422,-0.23400546637538422
2023-01-19,0.0,0.24449238870245382,-0.24449238870245382
2023-01-20,0.0,0.20894490699630075,-0.20894490699630075
2023-01-21,0.0,0.2749807946968426,-0.2749807946968426
2023-01-22,0.0,0.41594320333418416,-0.41594320333418416
2023-01-23,0.0,0.46684112444436304,-0.46684112444436304
2023-01-24,0.0,0.5021386724463958,-0.5021386724463958
2023-01-25,0.0,0.4901130436713514,-0.4901130436713514
2023-01-26,0.0,0.4880055154790611,-0.4880055154790611
2023-01-27,0.0,0.5823404086218487,-0.5823404086218487
2023-01-28,0.0,0.5972236343366117,-0.5972236343366117
2023-01-29,0.0,0.5491041742893296,-0.5491041742893296
2023-01-30,0.0,0.48155513292532837,-0.48155513292532837
2023-01-31,0.0,0.3399027074772155,-0.3399027074772155
2023-02-01,0.0,0.20834877146316638,-0.20834877146316638
2023-02-02,0.0,0.26733329013769486,-0.26733329013769486
2023-02-03,0.0,0.24536370909506147,-0.24536370909506147
2023-02-04,0.0,0.30606818374893413,-0.30606818374893413
2023-02-05,0.0,0.24955796590284682,-0.24955796590284682
2023-02-06,0.0,0.30542038574095165,-0.30542038574095165
2023-02-07,0.0,0.30542038574095165,-0.30542038574095165
2023-02-08,0.0,0.2675368644970197,-0.2675368644970197
2023-02-09,0.0,0.24006539050194642,-0.24006539050194642
2023-02-10,0.0,0.28775502220664106,-0.28775502220664106
2023-02-11,0.0,0.29396607902398253,-0.29396607902398253
2023-02-12,0.0,0.41474622420032464,-0.41474622420032464
2023-02-13,0.0,0.43475042615755505,-0.43475042615755505
2023-02-14,0.0,0.5761926193198923,-0.5761926193198923
2023-02-15,0.0,0.7073369835359438,-0.7073369835359438
2023-02-16,0.0,0.7080870522833722,-0.7080870522833722
2023-02-17,0.15178617758361973,0.6605034532961753,-0.5087172757125555
2023-02-18,0.3120737902302747,0.8565061558135703,-0.5444323655832956
2023-02-19,0.48171855845008693,1.1447171469782063,-0.6629985885281193
2023-02-20,0.65889970918838,1.3142086633887369,-0.6553089542003568
2023-02-21,0.8535115866052269,1.3575836195031301,-0.5040720328979033
2023-02-22,1.04689067898784,1.355605498055233,-0.30871481906739295
2023-02-23,1.2462022404109858,1.5054384151042972,-0.2592361746933114
2023-02-24,1.443204867602547,2.086766608010984,-0.643561740408437
2023-02-25,1.6448561879808656,2.243903623036646,-0.5990474350557802
2023-02-26,1.850629598678369,2.2537052991150976,-0.4030757004367287
2023-02-27,2.0644479954220034,2.338706265603219,-0.27425827018121574
2023-02-28,2.2762849869644506,2.619548769308239,-0.3432637823437883
2023-03-01,2.4976508890777933,2.966028363868262,-0.46837747479046854
2023-03-02,2.720477141992079,3.069627725892282,-0.34915058390020315
2023-03-03,2.9423625628657737,3.368077750467454,-0.42571518760168026
2023-03-04,3.177794928794333,3.5875715534419217,-0.4097766246475887
2023-03-05,3.4250375253485195,3.8575744760759316,-0.43253695072741216
2023-03-06,3.681741014050469,4.117193823805377,-0.4354528097549082
2023-03-07,3.946535492491112,4.440360895314588,-0.4938254028234761
2023-03-08,4.218686989744254,4.3279846960158475,-0.10929770627159385
2023-03-09,4.491445818897524,4.740195881880578,-0.24875006298305458
2023-03-10,4.77651369477799,4.464113404181594,0.31240029059639607
2023-03-11,5.088196607984814,4.557129000525655,0.5310676074591596
2023-03-12,5.412270546367474,5.247374155003978,0.164896391363496
2023-03-13,5.7535751664249295,5.83322099371263,-0.07964582728770075
2023-03-14,6.1036582436307105,5.373335107673128,0.7303231359575824
2023-03-15,6.458746847232082,5.7425083099502805,0.7162385372818019
2023-03-16,6.816303345436476,6.153575454460729,0.6627278909757477
2023-03-17,7.183443315564795,6.307167180549715,0.8762761350150798
2023-03-18,7.57285854691951,6.669077420080304,0.9037811268392062
2023-03-19,7.98032812597051,7.81818681580579,0.16214131016471978
2023-03-20,8.381617064387886,7.909976455328808,0.4716406090590777
2023-03-21,8.77267695921306,8.04991924808309,0.7227577111299706
2023-03-22,9.170081835763975,8.080534520828882,1.0895473149350927
2023-03-23,9.582664386731242,8.398038924023094,1.1846254627081478
2023-03-24,10.009559093640858,8.6089375513433,1.4006215422975572
2023-03-25,10.446221555524968,9.603158367282287,0.8430631882426809
2023-03-26,10.873096650274208,10.431483131443853,0.44161351883035493
2023-03-27,11.305672621229775,10.522215897553478,0.7834567236762968
2023-03-28,11.733145648635329,11.096296313163435,0.6368493354718936
2023-03-29,12.162103162475292,11.373454619398311,0.788648543076981
2023-03-30,12.60954927317826,11.516735746863056,1.0928135263152043
2023-03-31,13.050202310870246,11.774856593701092,1.275345717169154
2023-04-01,13.493712646065491,11.668519411477602,1.8251932345878892
2023-04-02,13.924415628792634,11.675535122865975,2.2488805059266586
2023-04-03,14.341937106034957,12.91435710934704,1.427579996687916
2023-04-04,14.74977087296162,12.947776010142444,1.8019948628191749
2023-04-05,15.167322530425865,12.786973338915287,2.3803491915105788
2023-04-06,15.580487725432917,14.644262991963677,0.9362247334692402
2023-04-07,16.014625830038252,15.093823738006458,0.9208020920317939
2023-04-08,16.458859687998324,15.192942824063799,1.2659168639345246
2023-04-09,16.912906897361683,15.402897040957152,1.5100098564045314
2023-04-10,17.31588429973181,15.911560181746221,1.4043241179855883
2023-04-11,17.672083338994224,15.95529585142921,1.7167874875650142
2023-04-12,18.03335731688443,16.004722310654866,2.028635006229564
2023-04-13,18.320526410058612,16.521940573698746,1.798585836359866
2023-04-14,18.591941493089532,16.531543924128062,2.06039756896147
2023-04-15,18.86533634998898,16.919905924965878,1.9454304250231012
2023-04-16,19.141660434253303,16.94839433966541,2.1932660945878943
2023-04-17,19.42946632698085,16.992611550138506,2.4368547768423454
2023-04-18,19.730006371538952,18.728366351886596,1.0016400196523563
2023-04-19,20.035119767806698,19.481771099461685,0.5533486683450128
2023-04-20,20.338285249322276,19.501854135851353,0.8364311134709226
2023-04-21,20.651089439944567,19.636777560213872,1.0143118797306947
2023-04-22,20.971260114126896,20.16999416905152,0.8012659450753752
2023-04-23,21.313315155993923,20.21075713999442,1.1025580159995023
2023-04-24,21.668153508394713,20.407833835761487,1.2603196726332264
2023-04-25,22.01869012197102,20.62672185169923,1.3919682702717893
2023-04-26,22.36307230189544,21.28602396740042,1.077048334495018
2023-04-27,22.69533427750156,21.107665914204865,1.587668363296693
2023-04-28,23.017516919593223,21.226173419509365,1.7913435000838582
2023-04-29,23.325966173943772,21.782889744694153,1.54307642924962
2023-04-30,23.63271296102599,21.605868012324976,2.026844948701015
2023-05-01,23.943919160579537,22.487977778363618,1.4559413822159186
2023-05-02,24.245300522758722,22.03023708773304,2.2150634350256837
2023-05-03,24.52643223637353,21.7521527819461,2.774279454427429
2023-05-04,24.800866423282745,22.152384113464574,2.6484823098181707
2023-05-05,25.070235647242608,22.80239756493518,2.267838082307428
2023-05-06,25.324161554441293,22.99594664058184,2.328214913859455
2023-05-07,25.567774690359393,23.08553470280279,2.4822399875566035
2023-05-08,25.80003326289386,25.120447349674677,0.6795859132191815
2023-05-09,26.020757129126928,26.737839569377503,-0.7170824402505751
2023-05-10,26.23594923918487,23.235662260651065,3.000286978533804
2023-05-11,26.44123354345587,23.25034745284592,3.1908860906099505
2023-05-12,26.49066951079038,23.34752656651041,3.143142944279969
2023-05-13,26.52555548739343,24.151318338237463,2.3742371491559666
2023-05-14,26.545687930636696,21.61424599346984,4.931441937166856
2023-05-15,26.55251812814055,21.950050533393956,4.602467594746596
2023-05-16,26.544938047098697,24.89997752401667,1.6449605230820268
2023-05-17,26.538156063332995,24.737112593165264,1.8010434701677305
2023-05-18,26.528346451349385,24.778439280360306,1.7499071709890792
2023-05-19,26.5134642081851,25.119409831657045,1.3940543765280538
2023-05-20,26.48283219924718,25.422220868108322,1.0606113311388583
2023-05-21,26.43335466910184,25.49980433779237,0.9335503313094691
2023-05-22,26.377411812562624,25.76343079292528,0.6139810196373432
2023-05-23,26.333694377305914,26.456683902006965,-0.12298952470105107
2023-05-24,26.2857651486595,25.86820858218229,0.4175565664772094
2023-05-25,26.23691991823259,25.907150354052273,0.32976956418031733
2023-05-26,26.200124752228845,26.018687675686746,0.18143707654209962
2023-05-27,26.143135905924108,25.97834764160059,0.16478826432351923
2023-05-28,26.062749868216965,26.20252602468606,-0.13977615646909314
2023-05-29,25.980077987836754,25.491874701970975,0.48820328586577943
2023-05-30,25.902885884841883,25.560005803830972,0.34288008101091094
2023-05-31,25.808543477477496,24.931023379795732,0.8775200976817636
2023-06-01,25.68441250568025,25.45914703238945,0.2252654732908006
2023-06-02,25.399344629799778,24.580225957738204,0.819118672061574
2023-06-03,25.087661716592955,23.615782748475752,1.4718789681172026
2023-06-04,24.763587778210297,23.53222790894242,1.2313598692678767
2023-06-05,24.42228315815284,23.707511566815054,0.7147715913377866
2023-06-06,24.07220008094706,23.259999545437672,0.8122005355093869
2023-06-07,23.86242650181879,23.309342346965128,0.5530841548536607
2023-06-08,23.504870003614396,23.112542163426383,0.39232784018801325
2023-06-09,23.137730033486072,22.684623984663716,0.45310604882235594
2023-06-10,22.89879283440713,21.998492141396966,0.9003006930101627
2023-06-11,22.645437047751898,22.26258476510702,0.38285228264487614
2023-06-12,22.402147369083234,22.34321736002396,0.05893000905927437
2023-06-13,22.17158933202066,22.18813630647624,-0.01654697445557929
2023-06-14,21.934040550178672,20.864655023267176,1.0693855269114962
2023-06-15,21.690388482429075,21.122529995570314,0.5678584868587606
2023-06-16,21.42961393979518,22.0113412173888,-0.5817272775936217
2023-06-17,21.154474088769973,21.602492489141277,-0.44801840037130347
2023-06-18,20.88001208291291,21.817545374973385,-0.9375332920604755
2023-06-19,20.600490290909885,20.67170214067891,-0.07121184976902484
2023-06-20,20.328785335631714,20.439938359094754,-0.11115302346303935
2023-06-21,20.051455312126556,20.690862618277045,-0.6394073061504884
2023-06-22,19.755909106069872,19.786848679302594,-0.030939573232721784
2023-06-23,19.465017805250323,19.697752681618063,-0.23273487636773993
2023-06-24,19.165992910084263,18.562336824590055,0.6036560854942081
2023-06-25,18.886968272946785,19.003125240327567,-0.11615696738078185
2023-06-26,18.632075832530052,18.486739250115104,0.14533658241494862
2023-06-27,18.3951050775554,17.572308924093196,0.8227961534622033
2023-06-28,18.149618028949195,17.325938182987475,0.8236798459617205
2023-06-29,17.90986848235738,17.09183313206001,0.8180353502973681
2023-06-30,17.65978745086747,16.654673219370668,1.0051142314968011
2023-07-01,17.405976254714165,16.501727003860324,0.9042492508538409
2023-07-02,17.13327790020967,16.653160870070824,0.480117030138846
2023-07-03,16.914950968176104,15.74097538470867,1.173975583467433
2023-07-04,16.74256119213164,15.364042807148264,1.3785183849833746
2023-07-05,16.56642255802708,15.055244827135141,1.5111777308919407
2023-07-06,16.472422550793134,14.853500237045512,1.6189223137476212
2023-07-07,16.399719719237698,14.866282808955667,1.533436910282031
2023-07-08,16.322691903792787,15.233481505858933,1.0892103979338543
2023-07-09,16.249072910399683,15.132756553737222,1.1163163566624608
2023-07-10,16.160907053945355,15.756708235477372,0.40419881846798233
2023-07-11,16.059908876919494,15.329961222341902,0.7299476545775914
2023-07-12,15.952370168157538,14.685544379319275,1.266825788838263
2023-07-13,15.842627746399229,14.27217366044477,1.5704540859544593
2023-07-14,15.717821942329744,12.938231188692054,2.77959075363769
2023-07-15,15.581582088710311,13.042816848424852,2.538765240285459
2023-07-16,15.42692193774777,13.229131216579365,2.1977907211684045
2023-07-17,15.270680544785678,12.610326542785373,2.6603540020003056
2023-07-18,15.12260590539699,12.447836792155496,2.674769113241494
2023-07-19,14.982686424817176,11.172292830699853,3.8103935941173237
2023-07-20,14.856987358797522,10.86671951192727,3.9902678468702515
2023-07-21,14.730967247212366,10.803550305518163,3.9274169416942026
2023-07-22,14.61846431712183,11.221596110902611,3.396868206219219
2023-07-23,14.512183347826634,10.573224328679867,3.9389590191467665
2023-07-24,14.405460643974902,10.72427632469265,3.681184319282252
2023-07-25,14.30729859472281,11.068494899865886,3.2388036948569248
2023-07-26,14.231692215335345,11.109030447186312,3.122661768149033
2023-07-27,14.167974495848341,12.193380681758967,1.9745938140893742
2023-07-28,14.115665919040238,12.189151415695195,1.926514503345043
2023-07-29,14.075541657807117,12.115382619551296,1.9601590382558207
2023-07-30,14.032108152451924,13.10346071302474,0.9286474394271842
2023-07-31,13.979088144904066,13.868966666685665,0.11012147821840124
2023-08-01,13.92625667474463,13.859394100206496,0.06686257453813482
2023-08-02,13.868412151788347,13.680218173937055,0.18819397785129155
2023-08-03,13.819831879901983,13.694547717455483,0.12528416244649954
2023-08-04,13.618609734983854,13.774992750972965,-0.15638301598911042
2023-08-05,13.423436145734147,13.068125038820634,0.3553111069135131
2023-08-06,13.233658934271071,13.068125038820634,0.16553389545043729
2023-08-07,13.049647586028922,13.383245152427294,-0.3335975663983728
2023-08-08,12.862615789653926,13.458149008306494,-0.5955332186525677
2023-08-09,12.676018681037018,12.641757017703897,0.03426166333312075
2023-08-10,12.486516731597485,12.577160764121789,-0.09064403252430431
2023-08-11,12.304396347570208,12.747274839634798,-0.4428784920645903
2023-08-12,12.13337703612981,12.740686115619006,-0.6073090794891964
2023-08-13,11.977081155577647,12.528867310820685,-0.5517861552430379
2023-08-14,11.819205615373225,13.036773657353024,-1.2175680419797992
2023-08-15,11.651086059087488,13.662198601075993,-2.0111125419885045
2023-08-16,11.47764938562056,14.120928858016347,-2.643279472395786
2023-08-17,11.30366836313318,14.590216818849571,-3.2865484557163906
2023-08-18,11.118578108263234,14.431432984684717,-3.3128548764214827
2023-08-19,10.940134588639413,14.572112460193745,-3.631977871554332
2023-08-20,10.773278029792367,13.948742503096604,-3.1754644733042365
2023-08-21,10.59924642147063,13.942862663278717,-3.3436162418080873
2023-08-22,10.411644046024858,13.86725370987963,-3.455609663854773
2023-08-23,10.233834956136102,13.772578331070735,-3.538743374934633
2023-08-24,10.085207098780083,13.498658011835722,-3.413450913055639
2023-08-25,10.228275368196737,13.62390510508935,-3.3956297368926123
2023-08-26,10.228275368196737,14.30225553895519,-4.073980170758453
2023-08-27,10.228275368196737,14.339239721849799,-4.110964353653062
2023-08-28,10.228275368196737,14.51320784655017,-4.284932478353433
2023-08-29,10.228275368196737,13.440412128770966,-3.2121367605742286
2023-08-30,10.082960343723636,13.119256229569176,-3.03629588584554
2023-08-31,10.082960343723636,12.654043603347963,-2.571083259624327
2023-09-01,10.082960343723636,12.91734707027998,-2.8343867265563443
2023-09-02,9.93248231144787,12.349330186883126,-2.4168478754352556
2023-09-03,9.778368519052098,11.520622564947509,-1.742254045895411
2023-09-04,9.620369259303386,11.61405920971,-1.9936899504066137
2023-09-05,9.459867401540789,11.85233209586602,-2.3924646943252306
2023-09-06,9.300011306831863,11.84296320952148,-2.5429519026896177
2023-09-07,9.131080823614193,11.784612716435905,-2.6535318928217126
2023-09-08,8.964960659338471,13.064110745772213,-4.099150086433742
2023-09-09,8.956838099840414,13.189688033111855,-4.23284993327144
2023-09-10,8.961135456167359,12.322845541540133,-3.361710085372774
2023-09-11,8.972345969581779,13.005836583825987,-4.033490614244208
2023-09-12,8.97837601611886,12.337053011942606,-3.358676995823746
2023-09-13,9.005459427594031,11.375837520642307,-2.3703780930482754
2023-09-14,9.040350288226964,10.950844342858641,-1.9104940546316769
2023-09-15,9.087149377916157,11.152652069669236,-2.0655026917530783
2023-09-16,9.142095539527165,11.280042830439923,-2.1379472909127575
2023-09-17,9.180591047338973,9.544710147642787,-0.3641191003038138
2023-09-18,9.202735296155227,9.236058275829544,-0.033322979674316855
2023-09-19,9.217300518827733,9.780081105171128,-0.5627805863433952
2023-09-20,9.231679690413216,10.222734329910887,-0.9910546394976709
2023-09-21,9.232234598096994,10.505824389906667,-1.2735897918096732
2023-09-22,9.224703701105389,10.424071908365207,-1.199368207259818
2023-09-23,9.217295585527697,10.398840781870641,-1.1815451963429435
2023-09-24,9.21748178385637,10.164894212797437,-0.9474124289410675
2023-09-25,9.232283918282052,8.765112846813645,0.46717107146840675
2023-09-26,9.250022278455077,9.0783468311443,0.17167544731077733
2023-09-27,9.271523959955001,9.504630878925449,-0.23310691897044755
2023-09-28,9.302981874009769,9.113726287304118,0.18925558670565046
2023-09-29,9.338864482600448,8.462156627024536,0.876707855575912
2023-09-30,9.384188382001147,9.051247378077496,0.33294100392365067
2023-10-01,9.394029613869195,9.690869348675722,-0.29683973480652703
2023-10-02,9.414112380928216,10.392059319502552,-0.9779469385743358
2023-10-03,9.437257628281007,10.43367972169004,-0.9964220934090342
2023-10-04,9.465644786617784,10.656543997776293,-1.1908992111585093
2023-10-05,9.5074030145305,10.934138217433256,-1.4267352029027567
2023-10-06,9.568389250760086,10.934138217433256,-1.36574896667317
2023-10-07,9.648685309710531,10.938186829627515,-1.2895015199169837
2023-10-08,9.73477866550782,11.69827396887042,-1.9634953033626008
2023-10-09,9.823163284001165,11.74164848115432,-1.9184851971531547
2023-10-10,9.911294318283401,12.014742015758397,-2.103447697474996
2023-10-11,10.006838573177252,11.52512087176463,-1.518282298587378
2023-10-12,10.109889367000832,11.01721452523229,-0.9073251582314583
2023-10-13,10.217472324804602,11.108292381697247,-0.890820056892645
2023-10-14,10.312783191487439,11.383138885953153,-1.0703556944657144
2023-10-15,10.393910329226008,10.663728091371288,-0.26981776214527997
2023-10-16,10.474103934339613,10.670667561384358,-0.1965636270447444
2023-10-17,10.546970224392938,10.980281760872995,-0.4333115364800566
2023-10-18,10.604844681504273,11.165741115467956,-0.5608964339636824
2023-10-19,10.639516554537085,10.949108515322223,-0.30959196078513784
2023-10-20,10.642977778021404,10.640018399956672,0.002959378064732121
2023-10-21,10.634384057324606,9.061519959650765,1.5728640976738415
2023-10-22,10.677530338500132,8.97807375118686,1.6994565873132714
2023-10-23,10.693540246851978,9.687542292552108,1.00599795429987
2023-10-24,10.710507065895113,10.879967605377635,-0.1694605394825217
2023-10-25,10.728317627059052,10.740000931570066,-0.011683304511013404
2023-10-26,10.733755756193919,11.029501850769917,-0.295746094575998
2023-10-27,10.884814471378819,12.667499253715539,-1.7826847823367196
2023-10-28,11.031313447424468,11.809680590227218,-0.7783671428027503
2023-10-29,11.031313447424468,11.731241196938718,-0.6999277495142504
2023-10-30,11.031313447424468,10.492255538299519,0.5390579091249492
2023-10-31,11.031313447424468,10.805844775025292,0.22546867239917567
2023-11-01,11.031313447424468,12.607388791363558,-1.57607534393909
2023-11-02,11.031313447424468,12.624613612759555,-1.5933001653350871
2023-11-03,11.031313447424468,12.742730314012881,-1.7114168665884133
2023-11-04,11.031313447424468,12.493107617476342,-1.4617941700518742
2023-11-05,11.031313447424468,12.54572130175081,-1.5144078543263415
2023-11-06,11.031313447424468,12.584433824010313,-1.553120376585845
2023-11-07,11.031313447424468,12.686831405587892,-1.6555179581634238
2023-11-08,11.18748597012799,14.087466465841112,-2.899980495713123
2023-11-09,11.351263351730333,14.324018522937456,-2.9727551712071225
2023-11-10,11.513180247525328,15.203906656232084,-3.6907264087067553
2023-11-11,11.676536704884004,15.791961269683982,-4.115424564799978
2023-11-12,11.838357798623552,15.530355899190742,-3.69199810056719
2023-11-13,12.003014414652386,15.250830816031263,-3.247816401378877
2023-11-14,12.161905587824638,14.909849111420764,-2.747943523596126
2023-11-15,12.317642696530926,16.168821801382297,-3.8511791048513704
2023-11-16,12.470120734844558,16.058580224230532,-3.588459489385974
2023-11-17,12.476867642397172,15.729008527525362,-3.25214088512819
2023-11-18,12.624610667588936,15.45934503444454,-2.8347343668556046
2023-11-19,12.768145951236187,15.086835537625417,-2.3186895863892296
2023-11-20,12.91612695931251,14.504383707246719,-1.5882567479342082
2023-11-21,12.916126959312512,15.259673819433338,-2.343546860120826
2023-11-22,12.916126959312512,17.185020100711398,-4.268893141398886
2023-11-23,12.916126959312512,16.88010795241829,-3.9639809931057766
2023-11-24,12.916126959312512,15.541819801105332,-2.6256928417928194
2023-11-25,12.916126959312512,14.549978385320193,-1.6338514260076806
2023-11-26,12.916126959312512,14.549978385320193,-1.6338514260076806
2023-11-27,12.916126959312512,15.189983708082314,-2.273856748769802
2023-11-28,12.916126959312512,14.573203826126136,-1.6570768668136235
2023-11-29,12.916126959312512,13.842908259002932,-0.9267812996904201
2023-11-30,12.916126959312512,13.3700519496353,-0.453924990322788
2023-12-01,12.916126959312512,12.303434542849098,0.612692416463414
2023-12-02,12.762726907951665,12.090174957201135,0.6725519507505293
2023-12-03,12.606016462732544,11.973621947372257,0.6323945153602875
2023-12-04,12.441751770365581,11.859895353143411,0.5818564172221699
2023-12-05,12.27995365170112,11.954162588166302,0.3257910635348189
2023-12-06,12.10124274989114,12.058182622372213,0.043060127518927516
2023-12-07,11.914451984611924,12.678942401096306,-0.7644904164843815
2023-12-08,11.717891158050294,13.63802974119931,-1.920138583149015
2023-12-09,11.518459556410097,13.686848750650512,-2.168389194240415
2023-12-10,11.328285703008627,13.976604405345627,-2.6483187023370007
2023-12-11,11.143512417366788,13.516791931015497,-2.3732795136487095
2023-12-12,10.958084182742269,13.387827339724549,-2.42974315698228
2023-12-13,10.771640402298742,13.364473911187444,-2.5928335088887025
2023-12-14,10.597669846199732,13.620824082624033,-3.0231542364243005
2023-12-15,10.42114367007591,13.391126748849224,-2.969983078773314
2023-12-16,10.23812912384683,13.192519312948718,-2.954390189101888
2023-12-17,10.0565940706593,13.136983625092611,-3.080389554433312
2023-12-18,9.857141465897055,13.022600639086976,-3.1654591731899213
2023-12-19,9.655593842506079,13.240392028266552,-3.584798185760473
2023-12-20,9.448956817220505,13.01520914245224,-3.5662523252317353
2023-12-21,9.372901834193158,11.161343010129631,-1.7884411759364731
2023-12-22,9.28621475821201,12.487919901085252,-3.2017051428732426
2023-12-23,9.04452381735677,11.748651305229155,-2.704127487872384
2023-12-24,8.831977494617506,12.019451427531415,-3.1874739329139086
2023-12-26,8.612254691285264,11.892422550889545,-3.2801678596042816
2023-12-27,8.389567576400236,11.911423832475553,-3.521856256075317
2023-12-28,8.163605730557665,11.766241046711482,-3.602635316153817
2023-12-29,7.928424442887681,11.800921981833133,-3.872497538945452
2023-12-30,7.679439820105292,11.669660287424076,-3.9902204673187844
2023-12-31,7.415212940591944,11.660707792171463,-4.245494851579519
2024-01-01,7.296199069167293,10.046091949484225,-2.7498928803169322
2024-01-02,7.182366873309683,10.132441783447625,-2.9500749101379418
2024-01-03,7.0762242437499765,9.968004280686072,-2.8917800369360958
2024-01-04,6.963607963387214,9.998563605079438,-3.034955641692224
2024-01-05,6.842250530361937,10.140701165084337,-3.2984506347224
2024-01-06,6.719087446290059,10.065373794594706,-3.3462863483046466
2024-01-07,6.605987419145649,10.073061701169943,-3.467074282024294
2024-01-08,6.504294599181894,9.733564458639217,-3.2292698594573226
2024-01-09,6.390203043945424,9.78241760754765,-3.3922145636022263
2024-01-10,6.282709179740698,9.756441175711153,-3.4737319959704545
2024-01-11,6.177917376423742,9.22254274886151,-3.0446253724377685
2024-01-12,6.0854312876775944,9.138855052720865,-3.053423765043271
2024-01-13,6.015674596316133,8.99843164092436,-2.9827570446082277
2024-01-14,5.958905086206706,8.957697966224753,-2.998792880018047
2024-01-15,5.715579174468268,8.288280531590551,-2.572701357122283
2024-01-16,5.520330701129816,8.416911358591914,-2.8965806574620983
2024-01-17,5.3354714860130485,7.120175208801092,-1.7847037227880431
2024-01-18,5.160313337747447,6.567237159673034,-1.406923821925587
2024-01-19,4.998171176227946,7.639577400161507,-2.6414062239335605
2024-01-20,4.847112461043046,6.567237159673034,-1.7201246986299887
2024-01-21,4.700613484997397,7.448620306843228,-2.7480068218458316
2024-01-22,4.700613484997397,7.3825037521448404,-2.681890267147444
2024-01-23,4.700613484997397,6.661269595138993,-1.9606561101415965
2024-01-24,4.700613484997397,6.330010138888447,-1.6293966538910505
2024-01-25,4.700613484997397,6.37102294594232,-1.6704094609449234
2024-01-26,4.700613484997397,5.91630856930162,-1.2156950843042234
2024-01-27,4.700613484997397,6.0038085925930655,-1.303195107595669
2024-01-28,4.700613484997397,6.23034971651048,-1.5297362315130831
2024-01-29,4.700613484997397,6.250508538657597,-1.5498950536602
2024-01-30,4.700613484997397,6.6493293425544415,-1.948715857557045
2024-01-31,4.700613484997397,7.507502298725809,-2.8068888137284125
2024-02-01,4.5444409622938755,8.036617321357335,-3.4921763590634596
2024-02-02,4.3806635806915315,8.582031338700888,-4.201367758009357
2024-02-03,4.218746684896536,9.687330388819863,-5.4685837039233265
2024-02-04,4.055390227537859,9.781083886951276,-5.725693659413417
2024-02-05,3.8935691337983127,8.344013902325027,-4.450444768526715
2024-02-06,3.957626524750266,8.062055244765096,-4.10442872001483
2024-02-07,3.7987353515780145,8.725410159941244,-4.92667480836323
2024-02-08,3.6429982428717267,8.849889812147937,-5.206891569276211
2024-02-09,3.639041326113919,8.874948027891511,-5.235906701777592
2024-02-10,3.64463775972705,8.495467265679029,-4.850829505951978
2024-02-11,3.6545269848978257,8.626133770180445,-4.971606785282619
2024-02-12,3.5109917012505742,8.714909740233974,-5.203918038983399
2024-02-13,3.554975744608085,8.80587236392715,-5.250896619319065
2024-02-14,3.746964385999435,8.865944810026926,-5.118980424027491
2024-02-15,3.928008983949043,7.524041982555218,-3.596032998606175
2024-02-16,4.108538537341285,7.595731494472745,-3.4871929571314606
2024-02-17,4.305212274160082,7.682677047240393,-3.3774647730803107
2024-02-18,4.514555220222969,7.785036541061841,-3.270481320838872
2024-02-19,4.72910801566129,7.654155954016072,-2.9250479383547816
2024-02-20,4.950294125160653,7.533405732771938,-2.5831116076112854
2024-02-21,5.17181371144711,7.907746366694029,-2.735932655246919
2024-02-22,5.397014023735737,6.648409864744606,-1.2513958410088684
2024-02-23,5.616335422994075,6.686524830824267,-1.070189407830192
2024-02-24,5.836742863682,6.236645881456649,-0.3999030177746494
2024-02-25,6.06599200954644,6.236645881456649,-0.17065387191020953
2024-02-26,6.303897970628564,6.271730701037129,0.03216726959143568
2024-02-27,6.557979951184914,6.108561322189274,0.4494186289956401
2024-02-28,6.8221838029354105,6.393947807588699,0.42823599534671164
2024-02-29,7.094509308236141,6.229871283031587,0.8646380252045542
2024-03-01,7.398683557623095,6.3743587146640746,1.0243248429590208
2024-03-02,7.731282157052368,5.522287501435205,2.208994655617163
2024-03-03,8.086588813541486,5.877904092778863,2.208684720762623
2024-03-04,8.43663224691684,5.922692354115278,2.513939892801562
2024-03-05,8.7750258656496,5.944002848941851,2.831023016707748
2024-03-06,9.117560496792235,6.209858379529251,2.9077021172629838
2024-03-07,9.490629309891608,11.68871462141207,-2.1980853115204617
2024-03-08,9.871886872213167,6.410439717899209,3.4614471543139587
2024-03-09,10.248169297119626,8.341896684624412,1.9062726124952132
2024-03-10,10.64061003009259,9.2778392698826,1.3627707602099903
2024-03-11,11.037240017978075,9.537357758472348,1.4998822595057266
2024-03-12,11.431336328515082,9.342799958332975,2.0885363701821067
2024-03-13,11.81668997894504,7.482983575282123,4.333706403662918
2024-03-14,12.203342747102482,11.615080155481627,0.5882625916208557
2024-03-15,12.458391925599173,10.752468521228968,1.7059234043702052
2024-03-16,12.73099845983235,10.131804196393942,2.5991942634384078
2024-03-17,13.178141420642332,10.139202118582004,3.038939302060328
2024-03-18,13.636817198962108,12.094428972754418,1.5423882262076898
2024-03-19,14.105561366228999,12.346477525970363,1.7590838402586364
2024-03-20,14.581751283642513,12.825242507321098,1.7565087763214144
2024-03-21,15.061491082965357,14.150244576722091,0.9112465062432662
2024-03-22,15.570826994191503,14.09015315563828,1.4806738385532228
2024-03-23,16.06111651698949,14.066904352674538,1.994212164314952
2024-03-24,16.535612058009146,14.24370652443437,2.291905533574777
2024-03-25,16.886627990870814,14.458913195806499,2.4277147950643148
2024-03-26,17.22457761573116,14.792653195852845,2.4319244198783156
2024-03-27,17.610869499689336,15.096683349805927,2.5141861498834093
2024-03-28,17.988953806603238,15.380881258364537,2.6080725482387006
2024-03-29,18.38377838523709,15.485850025195157,2.8979283600419325
2024-03-30,18.788317592313327,15.60128677444264,3.1870308178706868
2024-03-31,19.17638293042939,17.87011717184823,1.3062657585811621
2024-04-01,19.558158303567506,17.84887387263901,1.709284430928495
2024-04-02,19.926730507933193,17.961586771642025,1.965143736291168
2024-04-03,20.310571472488256,19.08510482223713,1.225466650251125
2024-04-04,20.715470023282098,20.28776723831509,0.427702784967007
2024-04-05,21.14841181088253,20.480584996246808,0.6678268146357205
2024-04-06,21.590748415111868,20.438880632867626,1.151867782244242
2024-04-07,22.029368822392986,20.33454422792363,1.694824594469356
2024-04-08,22.607650036957647,22.497355015553545,0.1102950214041023
2024-04-09,23.179780953446887,23.44554788415975,-0.2657669307128643
2024-04-10,23.745559906631087,23.91633681498013,-0.17077690834904402
2024-04-11,24.310168570653094,24.450843789851596,-0.1406752191985028
2024-04-12,24.856145499486736,24.450843789851596,0.4053017096351397
2024-04-13,25.377091628231813,25.274903949384132,0.10218767884768098
2024-04-14,25.87954185557177,26.156492116922088,-0.2769502613503185
2024-04-15,26.38225340370625,27.393074164942195,-1.0108207612359443
2024-04-16,26.881245465740925,29.07912061541142,-2.1978751496704945
2024-04-17,27.355178569258104,29.64656860115327,-2.2913900318951654
2024-04-18,27.828680442770064,29.73859775871106,-1.9099173159409943
2024-04-19,28.283412163322705,29.73859775871106,-1.455185595388354
2024-04-20,28.717394281434412,29.73859775871106,-1.0212034772766465
2024-04-21,29.122858277500324,29.908868726119973,-0.7860104486196491
2024-04-22,29.506583553292497,29.905965311276997,-0.39938175798450004
2024-04-23,29.894887365002976,30.40900024423714,-0.5141128792341654
2024-04-24,30.24161278271084,31.78726338843937,-1.5456506057285324
2024-04-25,30.56531704057135,30.969598137506782,-0.40428109693543135
2024-04-26,30.899307198577954,31.054539335234857,-0.1552321366569025
2024-04-27,31.25132378422904,31.18273263489078,0.0685911493382605
2024-04-28,31.588131317089392,31.917759789099513,-0.32962847201012124
2024-04-29,31.91767923775401,31.938472305432306,-0.020793067678294364
2024-04-30,32.01441365057495,33.205549634050186,-1.1911359834752346
2024-05-01,32.336256154700074,33.52071514384288,-1.1844589891428043
2024-05-02,32.67455841425231,33.56290072891744,-0.888342314665131
2024-05-03,32.86569424265306,33.708065419547744,-0.8423711768946802
2024-05-04,33.04482722356943,33.66587983447318,-0.6210526109037531
2024-05-05,33.22314649477623,33.70115223773966,-0.47800574296343257
2024-05-06,33.54787815779933,33.7593362026299,-0.21145804483057162
2024-05-07,33.66969882661781,33.92074599385257,-0.25104716723475917
2024-05-08,33.796178979397915,33.79255269419665,0.003626285201264068
2024-05-09,33.937477216809604,33.75036710912209,0.18711010768751635
2024-05-10,34.08747187710033,33.79255269419665,0.29491918290367636
2024-05-11,34.222586753187066,33.82782509746313,0.39476165572393285
2024-05-12,34.32038268846372,33.75036710912209,0.5700155793416286
2024-05-13,34.41512193741103,33.75036710912209,0.6647548282889417
2024-05-14,34.500561632089855,33.75036710912209,0.7501945229677673
2024-05-15,34.58389785215262,33.76691614729998,0.8169817048526369
2024-05-16,34.661460533073296,33.76691614729998,0.8945443857733153
2024-05-17,34.742585617121435,33.87358410792097,0.8690015092004657
2024-05-18,34.82314669669886,33.76960198420056,1.0535447124983008
2024-05-19,34.89433718499326,33.749062130771556,1.145275054221706
2024-05-20,34.953050072141835,31.92252162820864,3.0305284439331963
2024-05-21,34.995833347644904,31.539378640772576,3.4564547068723286
2024-05-22,35.02527040690141,31.338838833047447,3.686431573853966
2024-05-23,35.02152851646556,31.241636262576673,3.7798922538888853
2024-05-24,34.97598100118467,30.768909609811068,4.207071391373603
2024-05-25,34.90266693056239,30.499979415167836,4.402687515394554
2024-05-26,34.80797561995167,30.99085873837005,3.8171168815816188
2024-05-27,34.72252086307204,30.122154302227496,4.600366560844545
2024-05-28,34.67646141153754,30.08540607065352,4.591055340884019
2024-05-29,34.636547116590016,29.902292093909377,4.734255022680639
2024-05-30,34.541103574837095,29.444459308953782,5.096644265883313
2024-05-31,34.41374471365537,28.1603474292955,6.25339728435987
2024-06-01,34.30995899852937,30.182995726439522,4.126963272089846
2024-06-02,34.19664052091702,30.527345098578515,3.6692954223385073
2024-06-03,34.07842355203366,29.864257259827724,4.214166292205938
2024-06-04,33.952695618433815,29.914894348711822,4.037801269721992
2024-06-05,33.82215942721533,27.555347459821718,6.266811967393615
2024-06-06,33.684245498862126,27.559509032800637,6.1247364660614885
2024-06-07,33.518854394141535,27.578121200197153,5.940733193944382
2024-06-08,33.34459522916679,28.72865927008224,4.615935959084553
2024-06-09,33.15593494252566,28.958175265911795,4.197759676613867
2024-06-10,32.979217598034346,28.32214929462477,4.657068303409577
2024-06-11,32.757356862172884,28.857915311878173,3.8994415502947106
2024-06-12,32.50665066548148,28.13653107206733,4.370119593414149
2024-06-13,32.24597869829389,27.749704410115406,4.496274288178483
2024-06-14,31.94158269732554,27.87401639763464,4.067566299690899
2024-06-15,31.655934808384576,28.016101222625917,3.639833585758659
2024-06-16,31.3823820858832,27.95175688948579,3.4306251963974113
2024-06-17,31.07299738135189,27.699180059792024,3.3738173215598657
2024-06-18,30.753097523469744,27.216865433485488,3.5362320899842565
2024-06-19,30.37382236457218,27.072794857560464,3.3010275070117174
2024-06-20,30.004609441524632,27.148205122580666,2.856404318943966
2024-06-21,29.61952589966796,26.885645599199833,2.733880300468126
2024-06-22,29.232353893277782,25.249960443192474,3.9823934500853078
2024-06-23,28.862257817244988,25.37903204195315,3.4832257752918387
2024-06-24,28.496782441153396,25.226586743115796,3.2701956980376004
2024-06-25,28.148973189783362,25.297401687334666,2.851571502448696
2024-06-26,27.791632046559254,25.10702970985896,2.6846023367002942
2024-06-27,27.42497508159363,26.26265011481897,1.1623249667746585
2024-06-28,27.032297440854844,26.9720521816366,0.060245259218245195
2024-06-29,26.638201843456336,25.44168308170842,1.1965187617479174
2024-06-30,26.266025302058406,24.353930289411952,1.9120950126464535
2024-07-01,25.903960522890348,24.737184006143302,1.1667765167470456
2024-07-02,25.55888174259938,25.064515409044255,0.49436633355512427
2024-07-03,25.232157242230958,24.78193741427258,0.450219827958378
2024-07-04,24.898405541585273,24.203837201750257,0.6945683398350155
2024-07-05,24.586350127484824,23.709560476407923,0.8767896510769013
2024-07-06,24.311173149973197,23.629471054373766,0.6817020955994302
2024-07-07,24.042912713823398,23.35127656385947,0.6916361499639265
2024-07-08,23.769276877092118,22.780947539253688,0.9883293378384295
2024-07-09,23.511728391726756,23.036964465159862,0.4747639265668937
2024-07-10,23.286162809323677,23.471339442420263,-0.18517663309658516
2024-07-11,23.070267865489154,23.30431557702482,-0.23404771153566628
2024-07-12,22.87505684701087,23.38500938744695,-0.5099525404360783
2024-07-13,22.692471045055097,23.49604857394273,-0.803577528887633
2024-07-14,22.528046724745945,22.472571273696932,0.05547545104901275
2024-07-15,22.420337031654377,22.48500389564232,-0.06466686398794153
2024-07-16,22.326798772704706,21.75176864450769,0.5750301281970174
2024-07-17,22.26453661425745,21.478003275446845,0.7865333388106066
2024-07-18,22.214918341236714,21.239052889955225,0.9758654512814893
2024-07-19,22.14207739066529,20.605555634350477,1.5365217563148121
2024-07-20,22.024483135997794,19.828749748126672,2.1957333878711225
2024-07-21,21.916160397924664,18.5722354781802,3.343924919744463
2024-07-22,21.82562299345986,17.841206756597572,3.9844162368622875
2024-07-23,21.755146902378886,17.63117917268913,4.123967729689756
2024-07-24,21.690683573342305,17.484095171677183,4.2065884016651225
2024-07-25,21.6139403226178,16.305057041491327,5.308883281126473
2024-07-26,21.541575646253698,16.140819272885263,5.400756373368434
2024-07-27,21.478009744932177,16.140819272885263,5.337190472046913
2024-07-28,21.402592791507818,15.636466686713252,5.766126104794566
2024-07-29,21.32108063137311,15.24456248093937,6.07651815043374
2024-07-30,21.248183564442304,14.969048991919601,6.279134572522702
2024-07-31,21.163905333553128,13.894911799094706,7.2689935344584224
2024-08-01,21.06933352004646,14.125744111695942,6.943589408350517
2024-08-02,20.96975709748413,14.30628197850183,6.663475118982301
2024-08-03,20.864577644208957,14.193919403994412,6.670658240214545
2024-08-04,20.790282127118143,13.734217384942337,7.056064742175806
2024-08-05,20.7146302452859,13.714959420461964,6.999670824823935
2024-08-06,20.63551033752907,13.783986499015612,6.851523838513458
2024-08-07,20.540214328845547,13.783986499015612,6.756227829829935
2024-08-08,20.413592006343496,13.669317821623133,6.744274184720362
2024-08-09,20.280590633523534,13.478092758779791,6.802497874743743
2024-08-10,20.148893786777386,13.449136184450792,6.699757602326594
2024-08-11,20.03518093565604,13.34528916592801,6.68989176972803
2024-08-12,19.93944531445865,13.946874869757934,5.992570444700714
2024-08-13,19.840943174231963,13.98149921768231,5.8594439565496526
2024-08-14,19.745013947635822,13.760989322583429,5.984024625052394
2024-08-15,19.677304814175695,13.831842622259536,5.845462191916159
2024-08-16,19.624898265423298,13.98884255114253,5.636055714280767
2024-08-17,19.570193890481598,13.750364456239993,5.819829434241605
2024-08-18,19.507297306855694,13.972927626355663,5.534369680500031
2024-08-19,19.419469235353063,14.021327561857163,5.3981416734959
2024-08-20,19.295392056234736,14.03565998910522,5.259732067129516
2024-08-21,19.149716697510424,14.949213018156527,4.200503679353897
2024-08-22,19.01842537617412,14.850101329061753,4.168324047112369
2024-08-23,18.76452667503429,14.781677970816398,3.9828487042178917
2024-08-24,18.49202996525384,14.649538723756754,3.8424912414970844
2024-08-25,18.21290770989322,15.052123886373584,3.160783823519635
2024-08-26,18.084805921405504,14.199580210521226,3.885225710884278
2024-08-27,17.995443759053764,13.994143070985025,4.0013006880687385
2024-08-28,17.955308042892547,15.56470588913478,2.390602153757767
2024-08-29,17.933902855226375,15.899390114191181,2.0345127410351935
2024-08-30,17.93549325809236,16.71557045704463,1.2199228010477299
2024-08-31,17.927051095253926,16.144861428820462,1.7821896664334638
2024-09-01,17.898593239668287,15.855098468787808,2.0434947708804785
2024-09-02,17.83270348801666,13.419621092278266,4.4130823957383924
2024-09-03,17.81021768122253,13.621573430907606,4.188644250314923
2024-09-04,17.80822491849514,13.764353942558978,4.04387097593616
2024-09-05,17.822896325310772,13.78192730130284,4.040969024007932
2024-09-06,17.85095765828896,13.950433437788499,3.9005242205004595
2024-09-07,17.883025889799004,13.159362607531962,4.723663282267042
2024-09-08,17.921288947814364,12.166841789336521,5.754447158477843
2024-09-09,17.95477239421746,11.83559271157641,6.11917968264105
2024-09-10,18.009122903278328,13.131899706291716,4.877223196986613
2024-09-11,18.071656718185384,13.421190814386216,4.650465903799168
2024-09-12,18.12588493369414,13.487051415611898,4.638833518082244
2024-09-13,18.169036602140537,13.561397041332953,4.607639560807584
2024-09-14,18.19264334145791,13.210847517411704,4.9817958240462055
2024-09-15,18.197291494094877,12.980222583538032,5.217068910556845
2024-09-16,18.198449259475773,12.466406082186765,5.7320431772890075
2024-09-17,18.19482177278641,12.417582299689165,5.777239473097243
2024-09-18,18.182638451447477,11.929192729135359,6.253445722312119
2024-09-19,18.166989389416727,11.298210360512591,6.868779028904136
2024-09-20,18.14697415918426,10.738162184829669,7.408811974354592
2024-09-21,18.110862734840932,10.243746380266614,7.867116354574318
2024-09-22,18.06162395967228,9.308390362643584,8.753233597028695
2024-09-23,17.992814460782448,10.024517082669695,7.968297378112753
2024-09-24,17.93781732487056,9.62259364016118,8.315223684709382
2024-09-25,17.87481785508225,9.179179797142693,8.695638057939556
2024-09-26,17.82285657809864,10.761851433495693,7.061005144602948
2024-09-27,17.771079524073023,11.64861245454119,6.122467069531833
2024-09-28,17.71730026706474,11.440639366893473,6.276660900171267
2024-09-29,17.688022236532024,12.054474176060172,5.633548060471853
2024-09-30,17.682720072473167,12.505437590317513,5.177282482155654
2024-10-01,17.69179132248949,12.515249730268387,5.176541592221103
2024-10-02,17.709048307123346,11.38682509227067,6.322223214852677
2024-10-03,17.70969548648595,12.218873751927463,5.4908217345584855
2024-10-04,17.707004477250287,12.253465504686398,5.453538972563889
2024-10-05,17.71500313835003,13.081737213679167,4.633265924670864
2024-10-06,17.725980746573164,13.134708453229385,4.5912722933437795
2024-10-07,17.722822018797377,12.24769090295263,5.475131115844746
2024-10-08,17.69793848577552,11.808379503567362,5.8895589822081575
2024-10-09,17.684733912371257,12.039217601151366,5.645516311219891
2024-10-10,17.67684614258373,12.318192233546824,5.3586539090369065
2024-10-11,17.684691051728393,12.523546748508622,5.161144303219771
2024-10-12,17.72513816073954,12.698837408262078,5.0263007524774626
2024-10-13,17.77297965029406,13.207108955783626,4.565870694510435
2024-10-14,17.813297118205927,13.337282226987888,4.476014891218039
2024-10-15,17.8432652744689,12.423164629845825,5.420100644623076
2024-10-16,17.862818190235323,11.825477118457098,6.037341071778226
2024-10-17,17.877307954662925,11.017843256554643,6.859464698108281
2024-10-18,17.88492983888699,11.033173907763702,6.851755931123288
2024-10-19,17.91426121581751,10.788654629691484,7.125606586126027
2024-10-20,17.919729569603167,10.203916303426649,7.715813266176518
2024-10-21,17.941406411450576,9.026217133923149,8.915189277527427
2024-10-22,17.965384918587215,8.631850294103224,9.333534624483992
2024-10-23,17.988817553024916,8.937939232220705,9.05087832080421
2024-10-24,17.99891054581642,8.640827215671381,9.358083330145037
2024-10-25,18.00791715285587,8.64484530419892,9.36307184865695
2024-10-26,18.03371103580873,8.028158483323425,10.005552552485304
2024-10-27,18.052768363677277,8.457815037153898,9.59495332652338
2024-10-28,18.0609942838147,8.26099899877581,9.799995285038891
2024-10-29,18.086145082254994,7.280755087138649,10.805389995116345
2024-10-30,18.112653440456484,8.587467530042272,9.525185910414212
2024-10-31,18.165406008573544,8.479077069948302,9.686328938625243
2024-11-01,18.23338637214803,8.62216118912466,9.61122518302337
2024-11-02,18.30237644229384,8.203313640894562,10.09906280139928
2024-11-03,18.34788263912203,8.333330493661673,10.014552145460357
2024-11-04,18.388748325058106,8.833001877598704,9.555746447459402
2024-11-05,18.437241590357296,9.280409774703605,9.15683181565369
2024-11-06,18.482756713092158,9.664091607725592,8.818665105366566
2024-11-07,18.514082382409107,9.907111214240679,8.606971168168428
2024-11-08,18.52724177291412,10.163641670240079,8.363600102674042
2024-11-09,18.525355153888402,10.11418876135416,8.411166392534241
2024-11-10,18.518037911053653,10.605648037878113,7.91238987317554
2024-11-11,18.527019181743842,10.996324265238899,7.5306949165049435
2024-11-12,18.534192745133762,10.513994011128302,8.02019873400546
2024-11-13,18.54929346639175,10.634191647571685,7.915101818820064
2024-11-14,18.590321403275052,11.52398734873158,7.066334054543471
2024-11-15,18.77178383567671,11.463218388338388,7.308565447338323
2024-11-16,18.944315516579415,11.634654874532112,7.309660642047303
2024-11-17,19.106650078225442,11.663073424433977,7.443576653791466
2024-11-18,19.11329914968299,13.328632541439143,5.784666608243848
2024-11-19,19.082096649107477,12.708551119010252,6.373545530097225
2024-11-20,19.016979212386726,12.489345791871921,6.527633420514805
2024-11-21,18.953642241022294,12.22251821700464,6.731124024017655
2024-11-22,18.8788591955801,12.167245317789863,6.7116138777902385
2024-11-23,18.791650047039727,12.082525484851683,6.709124562188045
2024-11-24,18.561625228456517,11.473855766091711,7.087769462364806
2024-11-25,18.345556546279685,12.073832294549545,6.27172425173014
2024-11-26,18.12115892166839,12.21708837760616,5.904070544062229
2024-11-27,17.89766796367367,13.189363356078998,4.7083046075946715
2024-11-28,17.663928724722783,13.235142680586923,4.42878604413586
2024-11-29,17.4309274814868,13.05536565035353,4.375561831133272
2024-11-30,17.194217616119733,11.629183878291256,5.565033737828477
2024-12-01,16.955011739586087,11.0719901375845,5.8830216020015875
2024-12-02,16.725422689575517,11.607706764288976,5.117715925286541
2024-12-03,16.47987303146201,11.272988748637635,5.206884282824374
2024-12-04,16.2258721125842,11.61069705107518,4.615175061509019
2024-12-05,15.97538183933339,11.595426439102024,4.379955400231367
2024-12-06,15.734232863725055,11.595426439102024,4.138806424623031
2024-12-07,15.512676519483218,10.957624834149152,4.555051685334066
2024-12-08,15.311901940964537,11.426943196906832,3.8849587440577054
2024-12-09,15.114544042975279,10.261581628104777,4.852962414870502
2024-12-10,14.926823031090047,10.112989838391877,4.813833192698169
2024-12-11,14.743914792322329,9.712049353281754,5.031865439040574
2024-12-12,14.562714280503144,7.684892292963968,6.877821987539176
2024-12-13,14.389563112165083,7.3008389113684755,7.088724200796608
2024-12-14,14.226668350402965,8.759225377417629,5.467442972985337
2024-12-15,14.0610248445291,8.465658641831432,5.595366202697669
2024-12-16,13.913617908022326,7.68856345516673,6.225054452855596
2024-12-17,13.741562907735936,6.876025343910808,6.865537563825129
2024-12-18,13.565507924708479,7.316403619428577,6.249104305279902
2024-12-19,13.386612238315765,7.153850953533751,6.232761284782014
2024-12-20,13.204467777608187,6.86929690284076,6.335170874767427
2024-12-21,13.012477883383022,6.7152894879372464,6.297188395445776
2024-12-22,12.807566122725575,6.7152894879372464,6.092276634788329
2024-12-23,12.583792575381235,7.067095972236384,5.516696603144851
2024-12-25,12.333277748695602,5.944383959526133,6.388893789169469
2024-12-26,12.067653242947642,5.099720595708439,6.967932647239204
2024-12-27,11.8093991339076,5.178369872499511,6.63102926140809
2024-12-28,11.55256944106891,4.688574635867734,6.863994805201176
2024-12-29,11.293174463813228,4.276647093951871,7.0165273698613575
2024-12-30,11.041157179833332,4.486516584100501,6.554640595732831
2024-12-31,10.76830032490852,4.338024716439341,6.430275608469179
2025-01-01,10.498418305169565,4.164829283450916,6.333589021718649
2025-01-02,10.227159619313221,3.8269392004962444,6.400220418816977
2025-01-03,9.960961404260976,3.967179962528388,5.9937814417325885
2025-01-04,9.691967287681134,3.4454219761064846,6.24654531157465
2025-01-05,9.417097847686396,3.718961508511631,5.698136339174765
2025-01-06,9.140771563344655,3.790654739877931,5.350116823466724
2025-01-07,8.86144357923297,4.136646108071434,4.724797471161536
2025-01-08,8.576503094249249,3.3758833109588466,5.200619783290403
2025-01-09,8.299571003394286,3.6117314625555137,4.687839540838772
2025-01-10,8.023522230138946,3.9192744188150073,4.104247811323939
2025-01-11,7.748608072322408,4.001778222327765,3.7468298499946426
2025-01-12,7.448298005214643,3.6446382468708354,3.803659758343808
2025-01-13,7.182295083284002,2.9277920486826656,4.254503034601337
2025-01-15,6.9173987385482025,2.3909830064157473,4.526415732132455
2025-01-16,6.652531578090058,2.3454313153764486,4.307100262713609
2025-01-17,6.394908380370073,2.4290988842589694,3.965809496111104
2025-01-18,6.157044365723938,1.7598169419872447,4.397227423736694
2025-01-19,5.917089967563852,1.6360391893540163,4.281050778209836
2025-01-20,5.66468692498063,2.441891431470884,3.2227954935097465
2025-01-21,5.4127862328633585,2.570682390231655,2.8421038426317033
2025-01-22,5.170920150172543,2.345541271728241,2.8253788784443015
2025-01-23,4.918263455310893,2.216563831722662,2.7016996235882305
2025-01-24,4.6821952994437055,2.3003583013476283,2.381836998096077
2025-01-25,4.453302060619394,2.5541590256092026,1.8991430350101912
2025-01-26,4.217876586558397,2.5281395032275267,1.6897370833308702
2025-01-27,3.979614842893374,2.2427755059085692,1.7368393369848047
2025-01-28,3.747381863027692,2.1583689107381194,1.5890129522895724
2025-01-29,3.505632950058309,2.1226877178282284,1.3829452322300808
2025-01-30,3.2587765689263866,2.1911952020575085,1.067581366868878
2025-01-31,3.0155497617806617,2.509329341754997,0.5062204200256648
2025-02-01,2.7833496110589624,3.080305862959004,-0.2969562519000415
2025-02-02,2.5639700352002843,3.1577689082041984,-0.5937988730039141
2025-02-03,2.361276500360706,2.163072564934396,0.1982039354263101
2025-02-04,2.170874980942969,2.4569443752479607,-0.2860693943049917
2025-02-05,1.9851331052596721,2.4456705831619856,-0.4605374779023135
2025-02-06,1.8097025537898368,2.4546785462885796,-0.6449759924987428
2025-02-07,1.6376568550610386,2.6743853464254816,-1.036728491364443
2025-02-08,1.4502949681675876,2.122143531881748,-0.6718485637141602
2025-02-09,1.4182563840198859,2.1538613133768614,-0.7356049293569755
2025-02-10,1.4062498275895332,2.3397664178120934,-0.9335165902225602
2025-02-11,1.4018036847895015,3.090977026259406,-1.6891733414699044
2025-02-12,1.4142841168442497,3.945400757791918,-2.531116640947668
2025-02-13,1.4500371538269567,4.006367066926051,-2.556329913099095
2025-02-14,1.4965664841071913,4.265830342522645,-2.769263858415454
2025-02-15,1.5415800706183422,3.7736432329661125,-2.23206316234777
2025-02-16,1.603018045562737,3.0543448736969774,-1.4513268281342404
2025-02-17,1.6826727532917372,3.356752799502009,-1.674080046210272
2025-02-18,1.8804933046588173,3.278206085507888,-1.3977127808490706
2025-02-19,2.1062936975627644,3.795226193118914,-1.6889324955561498
2025-02-20,2.331305239781734,3.7243985344238064,-1.3930932946420724
2025-02-21,2.56145684861941,3.601661221825946,-1.040204373206536
2025-02-22,2.8007740402474037,3.514310375572022,-0.7135363353246182
2025-02-23,3.0451156216926223,3.543478087981893,-0.4983624662892705
2025-02-24,3.2821573256788334,4.383640647770205,-1.1014833220913718
2025-02-25,3.5236220082828114,3.923500043787251,-0.39987803550443957
2025-02-26,3.747622016086364,4.160009767539722,-0.41238775145335804
2025-02-27,3.990664276172344,3.425907029219588,0.5647572469527558
2025-02-28,4.240959560182888,3.339604334671046,0.9013552255118418
2025-03-01,4.488142249693806,3.9197973923640332,0.5683448573297727
2025-03-02,4.73815019930729,3.849585565927516,0.8885646333797736
2025-03-03,4.979878235605733,4.692722486330746,0.2871557492749872
2025-03-04,5.235515338043647,5.195172550669249,0.04034278737439756
2025-03-05,5.471101588074513,5.0443736083395585,0.42672797973495413
2025-03-06,5.7206251441266405,4.98435520090216,0.7362699432244808
2025-03-07,5.965404169336533,4.967763676032887,0.9976404933036456
2025-03-08,6.202094739809984,5.056121241858187,1.1459734979517968
2025-03-09,6.440238765799149,6.0791979691550875,0.36104079664406186
2025-03-10,6.685941252832213,6.526356142931447,0.1595851099007657
2025-03-11,6.931190699900727,6.821824869056714,0.10936583084401263
2025-03-12,7.148238302657715,7.264141153107046,-0.11590285044933069
2025-03-13,7.3551247848374,7.936702821439912,-0.5815780366025116
2025-03-14,7.5847579551601045,8.580518717011014,-0.9957607618509092
2025-03-15,7.8479561034836545,8.718900730481641,-0.8709446269979866
2025-03-16,8.103472422946684,9.189528357461311,-1.0860559345146275
2025-03-17,8.355769762413559,9.85828851939901,-1.5025187569854523
2025-03-18,8.617904073714671,10.761115540725195,-2.1432114670105236
2025-03-19,8.884734106034577,10.894042470963914,-2.0093083649293373
2025-03-20,9.157793384040556,10.032760084269976,-0.8749667002294199
2025-03-21,9.41956423228124,11.145909627041332,-1.7263453947600915
2025-03-22,9.692137755953096,10.57862026901956,-0.8864825130664631
2025-03-23,9.978348790123635,10.612658885170775,-0.634310095047141
2025-03-24,10.29311356566657,10.655442100653659,-0.36232853498708906
2025-03-25,10.61861740435333,11.916186152765693,-1.2975687484123632
2025-03-26,10.960096959766188,11.959263493522243,-0.9991665337560551
2025-03-27,11.307111460826103,12.050197187410248,-0.7430857265841446
2025-03-28,11.658464323101452,12.212055840082089,-0.5535915169806369
2025-03-29,12.008013256228995,12.31924633852829,-0.31123308229929414
2025-03-30,12.345781573340911,12.480690761399869,-0.13490918805895724
2025-03-31,12.66911986646081,12.918504053492056,-0.24938418703124654
2025-04-01,12.99391378213702,13.376017788429929,-0.3821040062929093
2025-04-02,13.327330670854831,13.460094023672097,-0.1327633528172658
2025-04-03,13.659564803304859,13.541553381151298,0.11801142215356109
2025-04-04,14.020237436069118,12.875812929317894,1.1444245067512249
2025-04-05,14.35786083058556,12.702267949285456,1.6555928813001035
2025-04-06,14.69221089450446,13.93891054536673,0.7533003491377297
2025-04-07,15.039186402216078,14.220015168980899,0.8191712332351795
2025-04-08,15.34684334727413,14.297123402835004,1.0497199444391256
2025-04-09,15.646732346883638,14.299002165156454,1.3477301817271847
2025-04-10,15.9060764495182,14.147044106386334,1.7590323431318655
2025-04-11,16.17977400518787,14.288083417792112,1.8916905873957575
2025-04-12,16.480545451764286,14.585974631123038,1.8945708206412473
2025-04-13,16.75424887800974,15.456423948545643,1.297824929464097
2025-04-14,17.058972344213306,15.994613118571174,1.0643592256421321
2025-04-15,17.360199730299644,16.010428140638385,1.349771589661259
2025-04-16,17.667458927257506,16.010428140638385,1.6570307866191207
2025-04-17,17.976693853358707,16.076554166324602,1.9001396870341054
2025-04-18,18.290472483807886,15.983408864720198,2.307063619087687
2025-04-19,18.604965584948737,15.792282713558132,2.8126828713906047
2025-04-20,18.926059347297535,16.128793069026784,2.797266278270751
2025-04-21,19.244545601398077,16.553925294090533,2.690620307307544
2025-04-22,19.556146200377555,16.965890555047444,2.59025564533011
2025-04-23,19.86027458220633,17.628152305834607,2.2321222763717223
2025-04-24,20.154922552571424,17.540796846566995,2.6141257060044296
2025-04-25,20.459766181171204,17.981310809880302,2.4784553712909023
2025-04-26,20.76267570381584,18.32684485555942,2.4358308482564226
2025-04-27,21.05450461131934,18.75828624112806,2.29621837019128
2025-04-28,21.349223662273392,20.16413460756148,1.1850890547119128
2025-04-29,21.65237783353905,20.778509359919322,0.8738684736197264
2025-04-30,21.955145623629583,20.29354888136824,1.6615967422613451
2025-05-01,22.25307194247794,20.824160384133354,1.4289115583445877
2025-05-02,22.53414543278546,21.53895047733821,0.9951949554472499
2025-05-03,22.795405464889747,21.85176452289832,0.9436409419914256
2025-05-04,22.90186080136477,22.086228279676458,0.8156325216883111
2025-05-05,23.001056956546368,22.28371735238539,0.7173396041609763
2025-05-06,23.103691201218766,21.948047988467717,1.1556432127510483
2025-05-07,23.1992667632872,22.068299166802774,1.1309675964844246
2025-05-08,23.269334149739684,22.47241768565629,0.7969164640833952
2025-05-09,23.321282607889735,22.678810840332854,0.6424717675568807
2025-05-10,23.360229728250093,20.342275875028154,3.0179538532219397
2025-05-11,23.37181703306505,20.55137187995794,2.8204451531071086
2025-05-12,23.376520632212355,22.715615486977356,0.6609051452349988
2025-05-13,23.408015898029866,20.646978294284786,2.7610376037450806
2025-05-14,23.398735506792544,22.698785356290074,0.6999501505024703
2025-05-15,23.392492818276768,22.37809025576489,1.0144025625118793
2025-05-16,23.39181178278255,22.432280903203115,0.959530879579436
2025-05-17,23.37014359485846,22.30387222226074,1.066271372597722
2025-05-18,23.341765786210523,22.87552292353826,0.46624286267226367
2025-05-19,23.314142983507526,22.63394383831132,0.6801991451962053
2025-05-20,23.28072480293847,22.50108493939501,0.7796398635434585
2025-05-21,23.264453937196883,22.343409343630157,0.9210445935667266
2025-05-22,23.225700095284672,22.96249005930048,0.2632100359841907
2025-05-23,23.178689924603933,22.044948453758487,1.1337414708454467
2025-05-24,23.130687512407537,20.024813165542067,3.1058743468654697
2025-05-25,23.079588366205538,20.45142667180334,2.6281616944021984
2025-05-26,23.03395963602398,19.818389017415335,3.215570618608645
2025-05-27,22.97197953292685,19.812862722471817,3.159116810455032
2025-05-28,22.927527157285933,20.07794716542367,2.8495799918622637
2025-05-29,22.873168515770107,20.23633458541392,2.636833930356186
2025-05-30,22.82852163675761,19.976808925847394,2.851712710910217
2025-05-31,22.78279535157853,20.007744063008982,2.77505128856955
2025-06-01,22.732810296157037,19.72572810288858,3.007082193268456
2025-06-02,22.68601384570662,18.78407800509314,3.901935840613479
2025-06-03,22.64053788007982,18.672241066800737,3.968296813279082
2025-06-04,22.63315549757738,19.515889168502365,3.117266329075015
2025-06-05,22.632782782514308,19.405123140101374,3.2276596424129345
2025-06-06,22.602290880778916,19.90101050729103,2.7012803734878865
2025-06-07,22.53255994242861,19.600484214087242,2.932075728341367
2025-06-08,22.47120587174829,19.321671656233438,3.1495342155148514
2025-06-09,22.41329173121922,19.128373049944702,3.284918681274519
2025-06-10,22.34645816311132,18.73526380645536,3.6111943566559574
2025-06-11,22.276398375114468,18.763752221154892,3.512646153959576
2025-06-12,22.2071601891961,19.032102558392282,3.175057630803817
2025-06-13,22.161001612848338,18.693614677221444,3.4673869356268945
2025-06-14,22.114263730882403,18.61867205397522,3.495591676907182
2025-06-15,22.061337092631522,19.211415342616704,2.8499217500148184
2025-06-16,21.981090968178112,18.469871294876114,3.511219673301998
2025-06-17,21.882326111353525,18.6100501738588,3.272275937494726
2025-06-18,21.751014513703847,18.329402516793778,3.4216119969100696
2025-06-19,21.604396529839907,18.41550141537892,3.188895114460987
2025-06-20,21.443797474503334,18.11664057127095,3.3271569032323853
2025-06-21,21.270506238549974,18.0581269607322,3.2123792778177744
2025-06-22,21.107484168198294,17.47516860483959,3.6323155633587056
2025-06-23,20.956177565650147,17.59629653980146,3.3598810258486864
2025-06-24,20.797249944099864,17.051161591089958,3.746088353009906
2025-06-25,20.632337830575587,17.297971865109403,3.3343659654661835
2025-06-26,20.46756210078267,16.829678582128707,3.637883518653961
2025-06-27,20.28198461432266,15.685910760362079,4.596073853960581
2025-06-28,20.13352908042424,15.460595605847347,4.672933474576892
2025-06-29,19.992858574259166,14.461813416232026,5.5310451580271405
2025-06-30,19.837354452766288,14.35414369411888,5.483210758647408
2025-07-01,19.738460642064375,14.173420938793168,5.565039703271207
2025-07-02,19.65018855305096,14.502025735840448,5.148162817210512
2025-07-03,19.60739293233567,14.054380926247863,5.553012006087808
2025-07-04,19.556419739646795,14.173649324871016,5.382770414775779
2025-07-05,19.477926225717418,14.582422099671836,4.895504126045582
2025-07-06,19.417929628788926,13.512121763814092,5.905807864974834
2025-07-07,19.309717778610214,13.822662240553335,5.487055538056879
2025-07-08,19.182766293751722,13.431297406796881,5.751468886954841
2025-07-09,19.05349549314363,13.707745730024392,5.345749763119237
2025-07-10,18.92046120716367,14.27712793941086,4.6433332677528085
2025-07-11,18.779079392722483,13.899927060272718,4.879152332449765
2025-07-12,18.626106181179505,13.78710060308948,4.839005578090026
2025-07-13,18.45337666759661,14.329787998288543,4.123588669308068
2025-07-14,18.28269631163473,13.455768230064304,4.826928081570426
2025-07-15,17.971095712655252,13.53454901327607,4.436546699379182
2025-07-16,17.666967330826477,13.975920545540827,3.69104678528565
2025-07-17,17.372319360461386,13.881149189500652,3.491170170960734
2025-07-18,17.067475731861602,14.208548249541273,2.858927482320329
2025-07-19,16.764566209216962,13.061656011373659,3.7029101978433037
2025-07-20,16.619885692798928,13.038975301591243,3.5809103912076843
2025-07-21,16.476838129173164,11.500517172406298,4.976320956766866
2025-07-22,16.323387148224935,11.696643161871942,4.626743986352993
2025-07-23,16.167642986169625,11.768640661687241,4.3990023244823835
2025-07-24,16.019116807425497,10.837828723708979,5.1812880837165185
2025-07-25,15.89362027555937,11.27917737948538,4.614442896073989
2025-07-26,15.79177320381683,10.830657196130211,4.961116007686618
2025-07-27,15.701515634119222,11.390361404151635,4.3111542299675865
2025-07-28,15.624867518449614,12.614057977347716,3.0108095411018976
2025-07-29,15.56499852544798,12.635836999788562,2.929161525659417
2025-07-30,15.499765930261505,11.86564093995777,3.634124990303736
2025-07-31,15.435422150732112,11.71892734299902,3.716494807733092
2025-08-01,15.361912892933827,12.36162867431514,3.0002842186186864
2025-08-02,15.28901447605294,13.712972688258732,1.5760417877942068
2025-08-03,15.240649884388247,12.47012432929809,2.770525555090158
2025-08-04,15.177245418917042,13.63564255269516,1.5416028662218828
2025-08-05,15.111266254121173,11.968463464191373,3.1428027899297994
2025-08-06,15.08835579334634,9.811637436714244,5.276718356632095
2025-08-07,15.07879760052669,9.749888813380172,5.328908787146517
2025-08-08,15.034976422144846,10.404822793780204,4.630153628364642
2025-08-09,14.9903603504829,11.370601416086952,3.619758934395948
2025-08-10,14.959303773858759,10.040905658904677,4.918398114954082
2025-08-11,14.899288778016551,9.812656356609564,5.086632421406987
2025-08-12,14.876014112562672,10.218636666448123,4.657377446114548
2025-08-13,14.864272237277905,9.146088445251157,5.718183792026748
2025-08-14,14.847152261510786,7.843644105381909,7.003508156128877
2025-08-15,14.811288924175074,8.122872192350151,6.688416731824923
2025-08-16,14.808953052735614,7.745552110076998,7.063400942658616
2025-08-17,14.785956587583753,7.796530563226981,6.989426024356772
2025-08-18,14.589857281466866,8.603619622329406,5.98623765913746
2025-08-19,14.39620028212608,9.134857723897296,5.261342558228783
2025-08-20,14.205066407736131,8.59358280912451,5.611483598611622
2025-08-21,14.009901493199832,7.806695704017485,6.2032057891823476
2025-08-22,13.809769347002439,7.338981050544713,6.470788296457726
2025-08-23,13.76235304428823,7.062405456583967,6.699947587704262
2025-08-24,13.574194073720557,6.569381396722818,7.004812676997739
2025-08-25,13.375288037137915,6.342815700445071,7.0324723366928446
2025-08-26,13.1755145556962,5.753736737963953,7.421777817732247
2025-08-27,12.965849335441652,6.2840172428244765,6.681832092617175
2025-08-28,12.759335568325037,5.7996027657814535,6.959732802543583
2025-08-29,12.56019429973773,5.400052206161055,7.160142093576676
2025-08-30,12.366727089764481,5.246421307607653,7.120305782156828
2025-08-31,12.172564840981774,5.174929984448102,6.997634856533672
2025-09-01,11.978181642043968,5.706667928366925,6.2715137136770425
2025-09-02,11.78288089885076,6.479714641190811,5.3031662576599485
2025-09-03,11.752034264589197,6.5012132532794595,5.250821011309737
2025-09-04,11.716033614220787,6.2284340570141365,5.487599557206651
2025-09-05,11.650378842810985,6.958693023544719,4.691685819266266
2025-09-06,11.424543201105065,7.499364098988438,3.925179102116627
2025-09-07,11.353199727820828,7.112011838260598,4.24118788956023
2025-09-08,11.299817690609476,7.434763860655323,3.865053829954153
2025-09-09,11.243895547835974,7.919138274315434,3.3247572735205404
2025-09-10,11.1883903404021,6.898791399777899,4.2895989406242006
2025-09-11,11.147603958645805,8.320485066665475,2.82711889198033
2025-09-12,11.115402720558933,9.986771977062558,1.128630743496375
2025-09-13,11.111016966683218,10.257397589856607,0.8536193768266109
2025-09-14,11.08868065323453,9.043450280194008,2.0452303730405212
2025-09-15,11.092705051282609,10.510610471025032,0.5820945802575768
2025-09-16,11.122846047060133,9.958902591526837,1.1639434555332961
2025-09-17,11.157960303423,6.806971354690024,4.350988948732976
2025-09-18,11.19049069076561,7.095580555750512,4.094910135015098
2025-09-19,11.216601174700596,7.156880161923183,4.059721012777413
2025-09-20,11.229457678182616,7.307103369248791,3.9223543089338246
2025-09-21,11.240006975312879,7.338255537761775,3.9017514375511038
2025-09-22,11.252062409634135,8.586177278569046,2.665885131065089
2025-09-23,11.240473976727348,6.341649896559446,4.898824080167902
2025-09-24,11.221917952970685,6.402930394940148,4.818987558030537
2025-09-25,11.194807443945109,5.8022587518418485,5.392548692103261
2025-09-26,11.152183969826918,6.0778069620597455,5.074377007767173
2025-09-27,11.099003038213725,6.05115484606114,5.0478481921525855
2025-09-28,11.047596763467359,6.01725568491494,5.030341078552419
2025-09-29,11.012283880972442,6.005037242386551,5.007246638585891
2025-09-30,11.003943579587855,6.150804106171779,4.853139473416076
2025-10-01,11.000388579258923,6.025834192876473,4.97455438638245
2025-10-02,10.99130541607218,6.143122531424098,4.848182884648082
2025-10-03,10.985035093443217,6.179190627484837,4.805844465958381
2025-10-04,10.984384332724762,6.1782197525381894,4.806164580186572
2025-10-05,10.98985806723061,5.9389729167289635,5.050885150501647
2025-10-06,10.994218291947972,6.312988244557463,4.681230047390509
2025-10-07,11.14318186005953,6.157265298439315,4.985916561620215
2025-10-08,11.294429515054548,6.38753529397604,4.906894221078508
2025-10-09,11.464033761976022,6.573117794866029,4.8909159671099935
2025-10-10,11.647856071012654,6.786702215239079,4.861153855773575
2025-10-11,11.831401416062942,7.263994442993526,4.567406973069416
2025-10-12,11.868371183067447,7.217136345823954,4.651234837243493
2025-10-13,11.90577232475543,7.975255526143866,3.9305167986115643
2025-10-14,11.950768032112332,7.46044277291656,4.490325259195773
2025-10-15,12.01333515548076,7.879521886458803,4.133813269021958
2025-10-16,12.080657869887293,8.083293443802589,3.9973644260847045
2025-10-17,12.136735829698507,7.999272773439485,4.137463056259022
2025-10-18,12.184247205096398,8.141984411357564,4.042262793738834
2025-10-19,12.216076146775803,8.204005707237183,4.01207043953862
2025-10-20,12.227855035196294,7.6547234668874236,4.57313156830887
2025-10-21,12.224457011324484,7.706428722175391,4.518028289149092
2025-10-22,12.21653351085376,7.750159344793634,4.466374166060126
2025-10-23,12.212437424169428,7.738551275322708,4.47388614884672
2025-10-24,12.213614882309015,7.442511011318978,4.771103870990037
2025-10-25,12.189992123294244,7.208435003777993,4.981557119516252
2025-10-26,12.000293987032032,7.058374334741661,4.9419196522903714
2025-10-27,11.828736303662291,6.719649863948055,5.109086439714236
2025-10-28,11.665399651273573,6.648014141067981,5.0173855102055915
2025-10-29,11.471790110381777,6.699651391176982,4.772138719204795
2025-10-30,11.262579449498231,6.440589181499487,4.8219902679987445
2025-10-31,11.076930054536623,7.04111881256044,4.035811241976183
2025-11-01,10.903897122494657,6.992503303638439,3.911393818856218
2025-11-02,10.718989926321525,6.957911550879504,3.761078375442021
2025-11-03,10.569586020880518,6.639315911133417,3.9302701097471013
2025-11-04,10.384814184299476,6.601252807202587,3.7835613770968886
2025-11-05,10.188826917522269,6.635267298939159,3.55355961858311
2025-11-06,10.001658475115628,6.4308393501476635,3.570819124967964
2025-11-07,9.83423669912153,6.667148507032261,3.1670881920892686
2025-11-08,9.637392293246467,6.948048975437383,2.689343317809084
2025-11-09,9.461479954986846,7.364229811227903,2.0972501437589424
2025-11-10,9.461479954986846,7.493534539024819,1.9679454159620269
2025-11-11,9.461479954986846,7.297702317195397,2.1637776377914486
2025-11-12,9.461479954986846,7.011911182424594,2.4495687725622517
2025-11-13,9.461479954986846,6.9834250438782135,2.4780549111086323
2025-11-14,9.461479954986846,7.928287430091799,1.533192524895047
2025-11-15,9.31793197240668,7.991367597550266,1.3265643748564138
2025-11-16,9.31793197240668,8.283658243312663,1.034273729094016
2025-11-17,9.31793197240668,7.950052008810029,1.3678799635966508
2025-11-18,9.31793197240668,7.4939079025750015,1.8240240698316779
2025-11-19,9.31793197240668,7.734073571720543,1.583858400686136
2025-11-20,9.31793197240668,7.5485991863650135,1.7693327860416659
2025-11-21,9.31793197240668,8.348245533854916,0.9696864385517632
2025-11-22,9.31793197240668,8.455255177040895,0.8626767953657843
2025-11-23,9.31793197240668,8.07416158060623,1.2437703918004495
2025-11-24,9.31793197240668,7.890387260795453,1.427544711611226
2025-11-25,9.31793197240668,6.241908546271395,3.0760234261352846
2025-11-26,9.152008362345185,6.729092185628824,2.4229161767163614
2025-11-27,8.984187920625985,6.187053700341621,2.797134220284364
2025-11-28,8.83423042014286,6.322646660057867,2.511583760084994
2025-11-29,8.83423042014286,5.270826502795217,3.563403917347644
