date,actual,predicted,residual
2020-04-09,25.797992107290693,23.45595508756904,2.3420370197216513
2020-04-10,25.87203902387978,23.255428969455135,2.616610054424644
2020-04-11,25.9347783892532,22.780623763860344,3.154154625392856
2020-04-12,25.99033483328874,23.54678740873417,2.44354742455457
2020-04-13,26.035303724762212,23.82261967287119,2.2126840518910207
2020-04-14,26.069258049558016,23.514979757047332,2.554278292510684
2020-04-15,26.087103724244095,22.66602108792544,3.421082636318655
2020-04-16,26.10234423800109,23.17667155454242,2.9256726834586715
2020-04-17,26.132865552993184,23.07668011963456,3.0561854333586247
2020-04-18,26.186248686398635,22.38893549507942,3.7973131913192155
2020-04-19,26.23659356143827,21.85599016560541,4.3806033958328605
2020-04-20,26.28344990098956,21.876278684958532,4.407171216031028
2020-04-21,26.33285749458625,21.476339862870674,4.856517631715576
2020-04-22,26.37034191084641,21.446325989477305,4.924015921369104
2020-04-23,26.38429993860739,21.43068597692479,4.953613961682603
2020-04-24,26.395315428890566,21.076583240563714,5.318732188326852
2020-04-25,26.398719876988913,21.095786212155733,5.30293366483318
2020-04-26,26.391821590147206,20.982529665972883,5.4092919241743225
2020-04-27,26.353591528737976,21.003394267776002,5.3501972609619735
2020-04-28,26.325114025107542,21.260938990330505,5.064175034777037
2020-04-29,26.296794242685486,21.260938990330505,5.035855252354981
2020-04-30,26.263473877135976,18.68984951324908,7.573624363886896
2020-05-01,26.23281724384804,18.176922452637044,8.055894791210996
2020-05-02,26.198997931473563,18.73525431739351,7.463743614080052
2020-05-03,26.15737237606806,18.752041661062655,7.405330715005405
2020-05-04,26.090877624171437,18.71526598488872,7.375611639282717
2020-05-05,26.035725758586775,18.642589092315998,7.393136666270777
2020-05-06,25.98767723447433,18.431405176638567,7.556272057835763
2020-05-07,25.934283466364008,17.915942896475116,8.018340569888892
2020-05-08,25.875508026953153,18.013257413572674,7.862250613380478
2020-05-09,25.8089434262261,18.639275081039468,7.169668345186633
2020-05-10,25.726398937027234,19.05117213546168,6.675226801565554
2020-05-11,25.62041729789189,18.29554796767908,7.32486933021281
2020-05-12,25.502345516182736,18.545655845786666,6.95668967039607
2020-05-13,25.376178465335503,18.246002218477827,7.130176246857676
2020-05-14,25.22652653212515,17.944627500512215,7.281899031612934
2020-05-15,25.051391609273537,17.961631477363444,7.089760131910094
2020-05-16,24.88471071031222,17.914031961413148,6.970678748899072
2020-05-17,24.7167905249098,17.433651370216804,7.283139154692996
2020-05-18,24.587945719403933,17.751549066214995,6.836396653188938
2020-05-19,24.467068349560833,17.007818151886436,7.459250197674397
2020-05-20,24.328932403623305,13.322149146748703,11.006783256874602
2020-05-21,24.196677166377974,16.2443716044307,7.952305561947274
2020-05-22,24.106310835099972,16.14218216385097,7.964128671249004
2020-05-23,24.027564066188127,14.090023513551813,9.937540552636314
2020-05-24,23.94679699271084,14.271631211557152,9.675165781153689
2020-05-25,23.859736428720336,14.612176962490915,9.24755946622942
2020-05-26,23.732448540473346,14.97166139667558,8.760787143797765
2020-05-27,23.6131365424524,17.06871227583605,6.54442426661635
2020-05-28,23.49838965916494,15.802662506383069,7.6957271527818705
2020-05-29,23.37514648173352,13.83495648954974,9.54018999218378
2020-05-30,23.24731998631223,14.92072075772532,8.326599228586911
2020-05-31,23.12700885633226,14.38177517205992,8.74523368427234
2020-06-01,23.014911194762625,18.54604368871084,4.468867506051787
2020-06-02,22.901754633742673,17.608926061039597,5.292828572703076
2020-06-03,22.798810769097873,17.069004712848848,5.729806056249025
2020-06-04,22.69920348991401,15.856130920769015,6.843072569144994
2020-06-05,22.587887070890755,14.796259645482541,7.791627425408214
2020-06-06,22.47084592795998,12.9316837427708,9.539162185189182
2020-06-07,22.360542792022045,13.491056347259356,8.869486444762689
2020-06-08,22.246625424826355,13.516306133619906,8.730319291206449
2020-06-09,22.143946821749136,13.388889962696732,8.755056859052404
2020-06-10,22.057275117830567,14.00649379707593,8.050781320754638
2020-06-11,21.972673772020915,13.588727781901596,8.383945990119319
2020-06-12,21.892098866273255,12.909777416742795,8.98232144953046
2020-06-13,21.88141565006824,13.31490732907689,8.566508320991352
2020-06-14,21.8536881626925,12.764775172294481,9.088912990398018
2020-06-15,21.800219388599434,12.302003710683685,9.498215677915749
2020-06-16,21.715653774042668,12.516992367942787,9.19866140609988
2020-06-17,21.620738709993624,12.671174347229895,8.949564362763729
2020-06-18,21.529998074185784,13.110792808815722,8.419205265370062
2020-06-19,21.40924022480068,12.021300216985587,9.387940007815093
2020-06-20,21.294540518010677,11.440133471002799,9.854407047007879
2020-06-21,21.227295529139308,11.332967289689147,9.89432823945016
2020-06-22,21.220938070055062,11.291120780343057,9.929817289712005
2020-06-23,21.193881788597384,11.160151547520103,10.033730241077281
2020-06-24,21.165352129886305,11.011041551809134,10.15431057807717
2020-06-25,21.144411988769825,11.039027952837198,10.105384035932627
2020-06-26,21.165195642145306,10.710726627409551,10.454469014735755
2020-06-27,21.209188569259215,10.713332905644128,10.495855663615087
2020-06-28,21.260959789733338,11.481598822130712,9.779360967602626
2020-06-29,21.308052398529444,11.3442403057921,9.963812092737344
2020-06-30,21.351885926110405,12.196553189716798,9.155332736393607
2020-07-01,21.39374113543417,13.085543737184777,8.308197398249392
2020-07-02,21.43396197252354,13.18125221381924,8.2527097587043
2020-07-03,21.495908075665078,13.368582002466585,8.127326073198493
2020-07-04,21.564611852926227,13.239054496246426,8.3255573566798
2020-07-05,21.631351698016356,13.503283903226514,8.128067794789843
2020-07-06,21.710615014658533,13.415500223635892,8.295114791022641
2020-07-07,21.778480382672722,12.378470021425745,9.400010361246977
2020-07-08,21.8349378172672,12.559940955880329,9.274996861386871
2020-07-09,21.894798168876967,12.561984879101706,9.332813289775261
2020-07-10,21.938085551490637,11.936120634742615,10.001964916748022
2020-07-11,21.9427812608325,11.787928559550526,10.154852701281975
2020-07-12,21.94038922917445,11.850028737259311,10.090360491915138
2020-07-13,21.93265770220012,11.494754281440311,10.43790342075981
2020-07-14,21.912511646101848,11.478428662098423,10.434082984003425
2020-07-15,21.870980174555218,11.578582191993464,10.292397982561754
2020-07-16,21.815646391466174,10.962616429161585,10.85302996230459
2020-07-17,21.728680799624847,11.230318978493358,10.498361821131489
2020-07-18,21.627205055401138,11.191931885221946,10.435273170179192
2020-07-19,21.52267885541134,11.191931885221946,10.330746970189393
2020-07-20,21.429574704082906,11.119694069854646,10.30988063422826
2020-07-21,21.30866718705443,10.802519876169805,10.506147310884623
2020-07-22,21.02907763123955,10.168666441097706,10.860411190141843
2020-07-23,20.748050001654867,10.399462547821829,10.348587453833039
2020-07-24,20.47222081550333,10.433339845149941,10.03888097035339
2020-07-25,20.20005481197854,10.57554027233139,9.62451453964715
2020-07-26,20.073886511715216,10.672768714224986,9.40111779749023
2020-07-27,19.96292448402818,10.464986093787354,9.497938390240824
2020-07-28,19.84683512283114,10.36800659550373,9.478828527327412
2020-07-29,19.729409770892033,10.034961481593191,9.694448289298842
2020-07-30,19.601725742808444,10.200128511363953,9.40159723144449
2020-07-31,19.321581542179818,10.420405935308931,8.901175606870886
2020-08-01,19.047028155782122,10.675720426859272,8.37130772892285
2020-08-02,18.781442164634047,10.651062264149258,8.130379900484789
2020-08-03,18.527206102609245,10.784891036478939,7.742315066130306
2020-08-04,18.281302741805153,10.80164883194468,7.479653909860472
2020-08-05,18.037614395987468,10.723099441720006,7.314514954267462
2020-08-06,17.804422788088623,10.486595626889674,7.317827161198949
2020-08-07,17.56955596141575,9.991198765084826,7.578357196330925
2020-08-08,17.32976818730218,9.644497087409427,7.685271099892752
2020-08-09,17.090785232591504,8.188853834724023,8.90193139786748
2020-08-10,16.82775569450717,8.205877591933065,8.621878102574106
2020-08-11,16.55996641642334,8.094544186257716,8.465422230165624
2020-08-12,16.28656440677998,8.139836456903112,8.146727949876869
2020-08-13,16.011064898757073,8.117753682531676,7.893311216225397
2020-08-14,15.728752223112187,7.947089538064942,7.781662685047245
2020-08-15,15.453325179519922,8.085699351963292,7.36762582755663
2020-08-16,15.175054061103785,8.156145566483575,7.018908494620209
2020-08-17,14.892819532497446,8.009174397316603,6.883645135180844
2020-08-18,14.608969114301887,10.199255850588177,4.40971326371371
2020-08-19,14.3201657454406,10.5882663379968,3.7318994074438
2020-08-20,14.034301184890223,10.855340501107717,3.178960683782506
2020-08-21,13.751890936875029,10.590226996714895,3.1616639401601336
2020-08-22,13.478460719817011,10.601892129093667,2.8765685907233447
2020-08-23,13.212844096754454,11.146589226964336,2.066254869790118
2020-08-24,12.948812774086889,11.016889892930951,1.9319228811559377
2020-08-25,12.689283223855938,11.263477479117764,1.4258057447381738
2020-08-26,12.426877872401676,12.145701836524514,0.2811760358771611
2020-08-27,12.177393568295978,12.145701836524514,0.03169173177146334
2020-08-28,11.936045543628103,11.805882002264326,0.1301635413637765
2020-08-29,11.698220730518647,12.001638086020693,-0.3034173555020452
2020-08-30,11.473058370635504,11.485185348446874,-0.012126977811369954
2020-08-31,11.262243940097758,11.20656824453733,0.05567569556042784
2020-09-01,11.051624403961767,11.729194478125319,-0.6775700741635511
2020-09-02,10.845149930371942,11.463357513150209,-0.6182075827782665
2020-09-03,10.655795608555312,11.502290507924583,-0.8464948993692705
2020-09-04,10.46799087496242,11.51011261718594,-1.0421217422235198
2020-09-05,10.281159438864846,11.439975120983929,-1.1588156821190836
2020-09-06,10.08801448627989,11.580462015731984,-1.4924475294520931
2020-09-07,9.896989228506998,11.496309143452871,-1.5993199149458732
2020-09-08,9.723159596416073,11.712929400159872,-1.9897698037437994
2020-09-09,9.545310928485474,11.826367744198972,-2.281056815713498
2020-09-10,9.353780052170189,11.888154022911097,-2.5343739707409085
2020-09-11,9.145251671924724,11.805898984297073,-2.6606473123723493
2020-09-12,8.922289078853066,11.756763012074186,-2.834473933221121
2020-09-13,8.684287333942459,11.816414307609714,-3.132126973667255
2020-09-14,8.4183371583363,12.320793842086493,-3.9024566837501933
2020-09-15,8.129776180773906,10.393703465010548,-2.263927284236642
2020-09-16,7.8313442624647225,9.89748520655852,-2.066140944093797
2020-09-17,7.526840961793165,9.841892022962236,-2.315051061169071
2020-09-18,7.212319314895631,9.6526558778217,-2.4403365629260696
2020-09-19,6.897010108310218,8.996084060993745,-2.0990739526835265
2020-09-20,6.580454137583208,9.154566576552245,-2.5741124389690366
2020-09-21,6.2708423679630085,8.902733733665189,-2.63189136570218
2020-09-22,6.111529436653405,8.834084617666354,-2.7225551810129494
2020-09-23,5.973637122602091,8.802228389476234,-2.8285912668741426
2020-09-24,5.831594196683073,8.7877357151863,-2.956141518503226
2020-09-25,5.682792692120573,8.727796288798418,-3.0450035966778444
2020-09-26,5.542437475719558,8.727796288798418,-3.18535881307886
2020-09-27,5.418036223614981,8.523225620925157,-3.105189397310176
2020-09-28,5.301534240654526,8.428996166128872,-3.1274619254743463
2020-09-29,5.192872017375533,8.624009612021293,-3.43113759464576
2020-09-30,5.066367953099077,5.7694148271055665,-0.7030468740064899
2020-10-01,4.7953991209779145,5.672196474302841,-0.8767973533249265
2020-10-02,4.534947587034035,4.900872028676042,-0.3659244416420062
2020-10-03,4.278127813483272,4.679865135930972,-0.40173732244769944
2020-10-04,4.026264763054778,4.271684711855061,-0.24541994880028284
2020-10-05,3.777312276213782,4.390155395069423,-0.6128431188556416
2020-10-06,3.5324798220143387,4.183849825075635,-0.6513700030612961
2020-10-07,3.305642429616246,4.072755341967988,-0.7671129123517422
2020-10-08,3.098632141028543,3.667249854958408,-0.5686177139298652
2020-10-09,2.90951057231993,3.6215536999754514,-0.7120431276555212
2020-10-10,2.728033518302643,3.0398632076673677,-0.31182968936472477
2020-10-11,2.5509584617107004,3.1704764242781396,-0.6195179625674392
2020-10-12,2.373761355070411,2.9230890854480887,-0.5493277303776778
2020-10-13,2.218236128782135,2.9379069117262393,-0.7196707829441045
2020-10-14,2.218236128782135,2.7630568572407146,-0.5448207284585798
2020-10-15,2.218236128782135,1.9940639766038122,0.22417215217832265
2020-10-16,2.218236128782135,1.2180338744080155,1.0002022543741194
2020-10-17,2.218236128782135,0.8550625581312872,1.3631735706508477
2020-10-18,2.067686725136844,0.7325094727199337,1.3351772524169103
2020-10-19,1.900943392105012,0.7376156868086683,1.1633277052963438
2020-10-20,1.7368700799967545,0.7710626264289402,0.9658074535678143
2020-10-21,1.5734445145718132,0.7973813727650886,0.7760631418067246
2020-10-22,1.421114173087592,0.7993076227289767,0.6218065503586153
2020-10-23,1.421114173087592,0.8675356866315169,0.5535784864560751
2020-10-24,1.421114173087592,0.8775032507556747,0.5436109223319173
2020-10-25,1.421114173087592,0.8073258367495467,0.6137883363380453
2020-10-26,1.421114173087592,0.8025947358262359,0.6185194372613562
2020-10-27,1.421114173087592,1.0349932396191355,0.38612093346845655
2020-10-28,1.421114173087592,1.0775573780928187,0.3435567949947733
2020-10-29,1.421114173087592,0.9102284159355577,0.5108857571520343
2020-10-30,1.421114173087592,0.7505398211822268,0.6705743519053652
2020-10-31,1.421114173087592,0.6784204224292756,0.7426937506583164
2020-11-01,1.421114173087592,0.7231188189803983,0.6979953541071937
2020-11-02,1.421114173087592,0.68568245561404,0.7354317174735521
2020-11-03,1.421114173087592,1.1162696133529253,0.30484455973466673
2020-11-04,1.421114173087592,2.2941275703821207,-0.8730133972945286
2020-11-05,1.421114173087592,1.7762976612329626,-0.3551834881453706
2020-11-06,1.421114173087592,1.4981949001954227,-0.07708072710783065
2020-11-07,1.421114173087592,1.4793520705053649,-0.058237897417772855
2020-11-08,1.421114173087592,1.5226418235826402,-0.1015276504950482
2020-11-09,1.421114173087592,1.4529085735020622,-0.031794400414470125
2020-11-10,1.421114173087592,1.8779707497623646,-0.45685657667477253
2020-11-11,1.421114173087592,2.2674678951431595,-0.8463537220555675
2020-11-12,1.421114173087592,2.0124942416162854,-0.5913800685286934
2020-11-13,1.421114173087592,1.7927781978738178,-0.37166402478622573
2020-11-14,1.421114173087592,1.9128495951161557,-0.4917354220285637
2020-11-15,1.421114173087592,2.392429751329624,-0.9713155782420322
2020-11-16,1.421114173087592,2.5089330793236773,-1.0878189062360852
2020-11-17,1.421114173087592,2.4389865147449243,-1.0178723416573323
2020-11-18,1.421114173087592,2.464616341119318,-1.043502168031726
2020-11-19,1.421114173087592,2.674632567289874,-1.253518394202282
2020-11-20,1.421114173087592,2.604333941000084,-1.183219767912492
2020-11-21,1.421114173087592,2.992867683151256,-1.571753510063664
2020-11-22,1.421114173087592,3.270415059245226,-1.8493008861576339
2020-11-23,1.421114173087592,3.743124461265532,-2.32201028817794
2020-11-24,1.421114173087592,3.647406434853315,-2.226292261765723
2020-11-25,1.421114173087592,3.3383107790520112,-1.9171966059644192
2020-11-26,1.421114173087592,3.369039376416324,-1.9479252033287318
2020-11-27,1.421114173087592,3.741331677885861,-2.320217504798269
2020-11-28,1.421114173087592,3.4670128886030573,-2.0458987155154653
2020-11-29,1.421114173087592,3.0458210464588453,-1.6247068733712533
2020-11-30,1.421114173087592,1.9671919385203136,-0.5460777654327216
2020-12-01,1.421114173087592,1.878835522761117,-0.45772134967352507
2020-12-02,1.421114173087592,1.7758514923590023,-0.3547373192714103
2020-12-03,1.421114173087592,1.7813288908367482,-0.36021471774915614
2020-12-04,1.421114173087592,2.5085902378408926,-1.0874760647533006
2020-12-05,1.421114173087592,1.8628931391929,-0.441778966105308
2020-12-06,1.421114173087592,1.7604043838704306,-0.3392902107828386
2020-12-07,1.421114173087592,1.6665460397880798,-0.24543186670048778
2020-12-08,1.421114173087592,1.9953239092636887,-0.5742097361760967
2020-12-09,1.421114173087592,1.5911270144907959,-0.17001284140320383
2020-12-10,1.421114173087592,1.8557075941859151,-0.4345934210983231
2020-12-11,1.421114173087592,1.41662958956273,0.004484583524861918
2020-12-12,1.421114173087592,1.5415293834224773,-0.12041521033488523
2020-12-13,1.421114173087592,1.465510448564311,-0.04439627547671887
2020-12-14,1.421114173087592,1.1016859024452916,0.3194282706423004
2020-12-15,1.2769566861554513,1.172271544651579,0.10468514150387231
2020-12-16,1.1164067268661886,1.01659220644933,0.09981452041685857
2020-12-17,0.9621702245411835,0.6774849917476653,0.2846852327935182
2020-12-18,0.808333630237244,0.3786925591139571,0.4296410711232869
2020-12-19,0.6536356379411542,0.3129852381026153,0.3406503998385389
2020-12-20,0.4914764294517328,0.4360481207174377,0.055428308734295106
2020-12-21,0.3169663721923927,0.5101719167348616,-0.1932055445424689
2020-12-22,0.143947023955878,0.6630070597062125,-0.5190600357503345
2020-12-23,0.0,0.5109898026252518,-0.5109898026252518
2020-12-24,0.0,0.2933429547318643,-0.2933429547318643
2020-12-26,0.0,0.36434546086598796,-0.36434546086598796
2020-12-27,0.0,0.24101707571427206,-0.24101707571427206
2020-12-28,0.0,0.3531086406882845,-0.3531086406882845
2020-12-29,0.0,0.34515818369282236,-0.34515818369282236
2020-12-30,0.0,0.7350270468038667,-0.7350270468038667
2020-12-31,0.0,0.7041273674689611,-0.7041273674689611
2021-01-01,0.0,0.44985155981426433,-0.44985155981426433
2021-01-02,0.0,0.8767316595138627,-0.8767316595138627
2021-01-03,0.0,0.5770811935602439,-0.5770811935602439
2021-01-04,0.0,0.30352014229693397,-0.30352014229693397
2021-01-05,0.0,0.29577606235596576,-0.29577606235596576
2021-01-06,0.0,0.7351548393130073,-0.7351548393130073
2021-01-07,0.15447106305664451,0.6172258034639381,-0.4627547404072936
2021-01-08,0.3277399017936088,0.5017508335924868,-0.17401093179887805
2021-01-09,0.508179254855086,0.7906061752478396,-0.28242692039275363
2021-01-10,0.6775062302066343,0.6960064503946451,-0.018500220188010896
2021-01-11,0.8430769375798596,0.7677457780211402,0.07533115955871938
2021-01-12,1.0307962779758586,1.0013665987672935,0.029429679208565096
2021-01-13,1.2258945237552072,0.9120517114162043,0.3138428123390029
2021-01-14,1.4180506552686027,0.9450881469875428,0.4729625082810599
2021-01-15,1.5928683878879184,0.9525162217699363,0.6403521661179821
2021-01-16,1.7497235683044303,0.9619963318608836,0.7877272364435467
2021-01-17,1.9194834055630625,0.9284952037672789,0.9909882017957836
2021-01-18,2.1062246527218496,0.8759296656560368,1.2302949870658129
2021-01-19,2.293129906333193,0.9246582166915854,1.3684716896416074
2021-01-20,2.479649664780872,1.1577273610119108,1.3219223037689611
2021-01-21,2.6526494000025242,1.1091479827743622,1.543501417228162
2021-01-22,2.831070862176023,1.1103685787115887,1.7207022834644343
2021-01-23,3.013539566180117,1.239735080048464,1.773804486131653
2021-01-24,3.193155704342671,1.5527619191625304,1.6403937851801405
2021-01-25,3.3745113676226706,1.681523617065566,1.6929877505571045
2021-01-26,3.5818919906327196,1.741829800206053,1.8400621904266665
2021-01-27,3.8270555241753432,1.6832893261736506,2.1437661980016927
2021-01-28,4.077600653831744,1.9671603119776273,2.110440341854116
2021-01-29,4.326945195342605,1.8930416555427845,2.43390353979982
2021-01-30,4.588034816988874,1.7906139419113134,2.797420875077561
2021-01-31,4.8528715953018375,2.1442657715710367,2.708605823730801
2021-02-01,5.090657182951227,2.3479033926075763,2.7427537903436505
2021-02-02,5.315239055582741,2.6736115936236438,2.6416274619590974
2021-02-03,5.534728013030376,2.7159090180662,2.818818994964176
2021-02-04,5.748393152800623,3.2908183038334746,2.4575748489671483
2021-02-05,5.984233303170297,3.100017002915157,2.8842163002551398
2021-02-06,6.272202445922384,3.191580807630945,3.0806216382914395
2021-02-07,6.625230496782683,3.221194136202289,3.4040363605803936
2021-02-08,6.963383176125386,3.6078231837088928,3.355559992416493
2021-02-09,7.282345452100946,4.0680618709435,3.2142835811574466
2021-02-10,7.618737072906959,4.290309466727558,3.3284276061794014
2021-02-11,7.96232569042052,4.296420495046382,3.6659051953741377
2021-02-12,8.29333990024445,4.754163128817507,3.539176771426942
2021-02-13,8.611984283386798,4.503951644976003,4.108032638410795
2021-02-14,8.92662461286122,4.426363268614343,4.500261344246877
2021-02-15,9.245859768226145,4.940056343380785,4.30580342484536
2021-02-16,9.567017146279548,5.191575031978872,4.375442114300676
2021-02-17,9.886674234648911,6.185320678260926,3.7013535563879856
2021-02-18,10.196160989740687,6.367068024165169,3.8290929655755175
2021-02-19,10.532411912100068,6.879680500880099,3.6527314112199694
2021-02-20,10.89645874097107,7.160301875551091,3.7361568654199795
2021-02-21,11.251322291593098,7.486788682544723,3.7645336090483754
2021-02-22,11.588685824059322,7.576004501798532,4.01268132226079
2021-02-23,11.928103197676998,7.774145832510474,4.153957365166525
2021-02-24,12.271531128932951,7.916747839972743,4.354783288960208
2021-02-25,12.627360814053642,8.243253108242273,4.384107705811369
2021-02-26,13.004285958929051,8.573287440061657,4.430998518867394
2021-02-27,13.374124663484716,8.649073396526429,4.725051266958287
2021-02-28,13.795973301910182,8.575449128102893,5.22052417380729
2021-03-01,14.252319125503842,9.20502059170066,5.047298533803183
2021-03-02,14.715789724308545,10.208251243474182,4.507538480834363
2021-03-03,15.17911142556853,10.372751339611659,4.806360085956872
2021-03-04,15.642985687762808,10.485851274472251,5.1571344132905566
2021-03-05,16.10624524231499,10.525300325859268,5.5809449164557225
2021-03-06,16.565222120255015,11.0392455954367,5.525976524818315
2021-03-07,17.003518796594186,11.363758853305574,5.639759943288611
2021-03-08,17.442648058311665,11.593055417272828,5.8495926410388375
2021-03-09,17.891882648349263,12.628116825243461,5.2637658231058015
2021-03-10,18.358222621872578,12.312882667326614,6.045339954545964
2021-03-11,18.829837465392597,12.891683844056727,5.93815362133587
2021-03-12,19.311734167181665,12.912807003357383,6.398927163824283
2021-03-13,19.783124339354334,11.942447443588794,7.84067689576554
2021-03-14,20.246858990467107,12.13550336438654,8.111355626080567
2021-03-15,20.700346611748664,13.71449211256637,6.9858544991822935
2021-03-16,21.15186969395101,14.68491141588386,6.46695827806715
2021-03-17,21.61173106087156,15.205499439290117,6.406231621581442
2021-03-18,22.078344175230324,15.240590133316008,6.837754041914316
2021-03-19,22.540159090810437,14.072399238133153,8.467759852677284
2021-03-20,22.9917675126673,14.247515823181006,8.744251689486292
2021-03-21,23.433349792192026,14.265621020225504,9.167728771966521
2021-03-22,23.865125244219737,15.496732955606403,8.368392288613334
2021-03-23,24.288420840456258,15.31982070450893,8.968600135947328
2021-03-24,24.69820291629784,15.138921091307095,9.559281824990746
2021-03-25,25.07997836262936,15.348113669565455,9.731864693063907
2021-03-26,25.44027003367135,14.772652579814565,10.667617453856785
2021-03-27,25.795646453550727,17.59923466552021,8.196411788030517
2021-03-28,26.133261837791515,18.13488798508946,7.998373852702056
2021-03-29,26.461640339642205,18.39490952590011,8.066730813742094
2021-03-30,26.75395681479956,18.961159588695864,7.792797226103698
2021-03-31,27.04336008826983,20.31477117629648,6.728588911973347
2021-04-01,27.182761975620263,18.438873097388377,8.743888878231886
2021-04-02,27.30938379374223,20.988221750381843,6.321162043360388
2021-04-03,27.456544965498193,22.145865334413738,5.310679631084454
2021-04-04,27.653716757434033,21.69932418597493,5.954392571459103
2021-04-05,27.865640434309544,21.082102880698024,6.78353755361152
2021-04-06,28.05591025324158,21.7130867972146,6.342823456026981
2021-04-07,28.226123428080054,22.609189781875582,5.6169336462044726
2021-04-08,28.39485272396229,24.015522123024763,4.379330600937529
2021-04-09,28.577323567950835,24.34070492255428,4.236618645396554
2021-04-10,28.77406705676784,24.73836665347812,4.03570040328972
2021-04-11,28.926107898238055,25.528707599758928,3.397400298479127
2021-04-12,29.03921183254914,25.48183431008615,3.557377522462989
2021-04-13,29.146491106175734,26.567905408902206,2.578585697273528
2021-04-14,29.254190671221117,26.791216879629932,2.4629737915911853
2021-04-15,29.37534563787557,25.995553671611905,3.3797919662636637
2021-04-16,29.48957027686993,26.42280817753476,3.066762099335172
2021-04-17,29.597150937479267,26.246864806432477,3.35028613104679
2021-04-18,29.706850548434307,25.847453602843476,3.859396945590831
2021-04-19,29.819425176274734,25.087222374955463,4.732202801319271
2021-04-20,29.902214627089517,25.068672427442024,4.833542199647493
2021-04-21,29.946111357415397,26.032696203914014,3.913415153501383
2021-04-22,29.973134774414,26.431834641297502,3.541300133116497
2021-04-23,29.982095470605735,25.77584852930221,4.206246941303526
2021-04-24,29.978998221112732,25.729220234363407,4.249777986749326
2021-04-25,29.976403379330616,25.43925149552855,4.537151883802068
2021-04-26,30.00058952537006,25.181334197503126,4.819255327866934
2021-04-27,29.99526145166006,25.16804191230262,4.82721953935744
2021-04-28,29.997870742469342,24.993574440553477,5.004296301915865
2021-04-29,30.019150382746716,25.214010293061758,4.805140089684958
2021-04-30,30.025719164617822,26.393449156013197,3.6322700086046247
2021-05-01,29.973598249154385,24.79518045379952,5.178417795354864
2021-05-02,29.855174216379165,25.13665115653808,4.718523059841086
2021-05-03,29.75518495019423,24.91392316504407,4.841261785150159
2021-05-04,29.678358475307004,25.098404970424443,4.57995350488256
2021-05-05,29.558982403338913,24.821460458046626,4.737521945292286
2021-05-06,29.420533529196426,24.2103811773376,5.210152351858827
2021-05-07,29.29193216077359,23.769453060688203,5.522479100085388
2021-05-08,29.17472683965601,24.853893001172263,4.320833838483747
2021-05-09,29.054851325026487,24.368235514083498,4.686615810942989
2021-05-10,28.924409196022452,24.090273745038566,4.8341354509838865
2021-05-11,28.787982384798187,24.090273745038566,4.697708639759622
2021-05-12,28.650937391090743,23.945903938539708,4.705033452551035
2021-05-13,28.537236890877214,24.08268732509909,4.454549565778123
2021-05-14,28.400870571674737,24.002639106817497,4.39823146485724
2021-05-15,28.24084708538424,23.00977193845215,5.231075146932088
2021-05-16,28.095892145108092,22.770706073113672,5.32518607199442
2021-05-17,27.980365735761826,23.80699176551836,4.173373970243464
2021-05-18,27.865501063883553,23.74522895558814,4.1202721082954135
2021-05-19,27.744504804413992,23.878063701203327,3.866441103210665
2021-05-20,27.611039342541005,23.59454960413843,4.016489738402576
2021-05-21,27.47301146441169,23.664117970745053,3.8088934936666377
2021-05-22,27.34020453657954,23.386188651205316,3.9540158853742255
2021-05-23,27.153712010961957,22.84549335565148,4.308218655310476
2021-05-24,26.929813382730952,22.689232984277822,4.24058039845313
2021-05-25,26.688866937858084,22.540043323617482,4.148823614240602
2021-05-26,26.462339058632352,22.696546497432763,3.7657925611995893
2021-05-27,26.244242734026383,22.282121455735787,3.9621212782905957
2021-05-28,26.02473865400038,22.00338641456811,4.021352239432272
2021-05-29,25.80411112980298,20.498012223944595,5.306098905858384
2021-05-30,25.58867440672415,18.25191628631739,7.33675812040676
2021-05-31,25.366797073307033,17.658694381687788,7.708102691619246
2021-06-01,25.136119223581975,20.887613562569328,4.248505661012647
2021-06-02,24.87643317962921,21.53903653096025,3.3373966486689604
2021-06-03,24.605049403772767,21.867316915597897,2.7377324881748706
2021-06-04,24.317357023938467,21.75068217501204,2.566674848926425
2021-06-05,24.01915541344734,21.215061997864783,2.8040934155825568
2021-06-06,23.726386403275292,21.207436572077082,2.51894983119821
2021-06-07,23.440227669433167,20.206209262741048,3.234018406692119
2021-06-08,23.151586019513655,18.838768498606008,4.312817520907647
2021-06-09,22.87580975199065,18.772740552108985,4.103069199881666
2021-06-10,22.604626119109344,18.027399429869163,4.577226689240181
2021-06-11,22.340431643249122,17.37468020561331,4.965751437635813
2021-06-12,22.083124938287277,16.589706137037467,5.49341880124981
2021-06-13,21.841255755267216,16.54457889218269,5.2966768630845245
2021-06-14,21.610397262231633,16.523536203526962,5.08686105870467
2021-06-15,21.38425180233295,15.877679663552817,5.506572138780134
2021-06-16,21.168262521737308,15.907083015743405,5.261179505993903
2021-06-17,20.976350383520927,16.100099828441042,4.876250555079885
2021-06-18,20.796539346684515,16.283675503675898,4.512863843008617
2021-06-19,20.61577409250759,16.130689257074707,4.4850848354328825
2021-06-20,20.44946721612465,15.708772290670145,4.740694925454504
2021-06-21,20.30572957091288,14.974918165436561,5.33081140547632
2021-06-22,20.201680712559497,14.463815318467024,5.7378653940924735
2021-06-23,20.098548095218433,14.073233712834602,6.025314382383831
2021-06-24,19.984113914005167,13.878073049149831,6.106040864855336
2021-06-25,19.859900443714988,13.822155783771958,6.03774465994303
2021-06-26,19.72124513765063,14.28870282700949,5.432542310641141
2021-06-27,19.540564895608693,14.088201323142448,5.452363572466245
2021-06-28,19.346486725387372,13.65177687558624,5.694709849801132
2021-06-29,19.14852679647442,13.367931866623435,5.780594929850986
2021-06-30,18.927340393916484,10.32442207194635,8.602918321970135
2021-07-01,18.566454966520848,10.726634562211723,7.839820404309124
2021-07-02,18.20916638991299,10.820588742843446,7.388577647069544
2021-07-03,17.855567720679478,10.018184351046045,7.837383369633432
2021-07-04,17.53376704195063,9.988529411334808,7.545237630615821
2021-07-05,17.233921860480756,9.52036337148666,7.713558488994096
2021-07-06,16.939737333242817,8.903104807950868,8.03663252529195
2021-07-07,16.645518009749757,8.740755057018394,7.904762952731364
2021-07-08,16.35136330787365,8.390552860202027,7.960810447671625
2021-07-09,16.05871720670579,8.392914962741218,7.665802243964572
2021-07-10,15.768667842092361,8.701619021489215,7.067048820603146
2021-07-11,15.479352092974766,8.569524025697762,6.9098280672770045
2021-07-12,15.185421801854341,8.59923756756085,6.586184234293491
2021-07-13,14.895251728029509,8.656613711845047,6.238638016184462
2021-07-14,14.75663463496238,8.371291224853682,6.385343410108698
2021-07-15,14.627968227976035,9.278530645946809,5.349437582029227
2021-07-16,14.51963550795868,9.188029268550652,5.331606239408028
2021-07-17,14.413854367797683,9.058432983565558,5.355421384232125
2021-07-18,14.3217269070678,8.927851689568556,5.393875217499245
2021-07-19,14.23415242575681,8.183966371623304,6.050186054133505
2021-07-20,14.18985344123008,8.275730412210892,5.914123029019187
2021-07-21,14.143873029866027,8.338462846807737,5.8054101830582905
2021-07-22,14.08572850576218,8.418245910914044,5.667482594848137
2021-07-23,14.009464360153759,8.451097834520272,5.558366525633486
2021-07-24,13.923046649988068,8.68913922539758,5.2339074245904875
2021-07-25,13.688442631902989,8.46785837853417,5.220584253368818
2021-07-26,13.450279218745221,8.432643562216347,5.017635656528874
2021-07-27,13.208143417656887,8.315828557621648,4.892314860035238
2021-07-28,12.991127868818968,8.375241640906198,4.615886227912769
2021-07-29,12.785988125447892,8.276689942083415,4.509298183364477
2021-07-30,12.583575284046798,8.535989378930894,4.047585905115904
2021-07-31,12.38213622202203,8.700295753664893,3.6818404683571373
2021-08-01,12.187371407177134,7.289202054767219,4.898169352409915
2021-08-02,11.99857838081624,7.311607890944513,4.686970489871726
2021-08-03,11.8138478139871,7.25646137481716,4.557386439169941
2021-08-04,11.631235719325181,6.6378097527909885,4.9934259665341925
2021-08-05,11.435449464446934,5.706908002089154,5.72854146235778
2021-08-06,11.235564861290035,5.870331841262472,5.365233020027563
2021-08-07,11.031541518709531,5.491413406916852,5.540128111792679
2021-08-08,10.821632908363645,7.272421246571599,3.5492116617920457
2021-08-09,10.59979578524369,7.451144080615828,3.148651704627863
2021-08-10,10.375243083504287,7.250991745114206,3.1242513383900814
2021-08-11,10.152811411717892,7.178243151078697,2.9745682606391943
2021-08-12,9.930447188470188,6.453356610774609,3.477090577695579
2021-08-13,9.69154992172409,6.41984853438055,3.2717013873435397
2021-08-14,9.45451814500058,6.597309814031727,2.857208330968854
2021-08-15,9.2191620321927,7.364750236669278,1.854411795523423
2021-08-16,8.986714836830044,7.358357659266607,1.6283571775634371
2021-08-17,8.764190682898208,6.856210551337942,1.907980131560266
2021-08-18,8.527396860863957,6.520816841916814,2.006580018947143
2021-08-19,8.28161892327565,6.137179099156402,2.1444398241192477
2021-08-20,8.037863448749468,7.019187732541839,1.0186757162076283
2021-08-21,7.799514095006842,7.095219461973493,0.7042946330333484
2021-08-22,7.576654141746504,7.3662055934247554,0.21044854832174842
2021-08-23,7.5263173752384205,6.561545851952206,0.9647715232862142
2021-08-24,7.48434091444475,6.610176864224405,0.8741640502203447
2021-08-25,7.454677547381818,7.15139913435371,0.3032784130281083
2021-08-26,7.431884970890536,6.590980288796739,0.8409046820937975
2021-08-27,7.411659397582363,7.170618821850534,0.24104057573182924
2021-08-28,7.414172836780861,6.940527315350902,0.4736455214299591
2021-08-29,7.422915473819125,5.623474141443163,1.7994413323759622
2021-08-30,7.445180236759315,5.488260339022145,1.95691989773717
2021-08-31,7.485301540917255,5.320358655369675,2.16494288554758
2021-09-01,7.498884392661431,5.6161341925957515,1.8827502000656793
2021-09-02,7.501724998625243,5.629495866698116,1.872229131927127
2021-09-03,7.4992899718984996,4.487351200894324,3.011938771004176
2021-09-04,7.506280143091215,4.466623930262635,3.0396562128285796
2021-09-05,7.519855171388209,4.011367759052982,3.508487412335227
2021-09-06,7.5215762044626455,4.099200184992019,3.4223760194706268
2021-09-07,7.501213181702555,4.177230439761208,3.3239827419413475
2021-09-08,7.465304283822937,4.156700404667563,3.308603879155374
2021-09-09,7.275440975707797,4.388472155375077,2.8869688203327195
2021-09-10,7.3208603049310454,4.769818787425546,2.5510415175054995
2021-09-11,7.146249139228595,4.789007977111119,2.357241162117476
2021-09-12,6.974940631370747,4.787146988740233,2.1877936426305142
2021-09-13,6.790299774731825,4.711312597710818,2.0789871770210073
2021-09-14,6.60203215792785,4.642020839445904,1.9600113184819454
2021-09-15,6.41576150179865,4.658991846187032,1.7567696556116177
2021-09-16,6.236322732604838,4.946664958134062,1.2896577744707756
2021-09-17,6.060645546036085,4.487253510432486,1.5733920356035984
2021-09-18,5.871700327283004,4.606434572748657,1.2652657545343473
2021-09-19,5.68588180203755,4.969001150045998,0.716880651991552
2021-09-20,5.502465588010135,4.752728015928055,0.74973757208208
2021-09-21,5.322436357595054,4.799483804439636,0.5229525531554176
2021-09-22,5.178311339535169,4.942630091799403,0.2356812477357657
2021-09-23,5.178311339535169,4.8200005942320905,0.35831074530307827
2021-09-24,5.178311339535169,5.419751020524636,-0.24143968098946722
2021-09-25,5.178311339535169,5.119407514946025,0.05890382458914356
2021-09-26,5.178311339535169,5.380451152798142,-0.20213981326297326
2021-09-27,5.324310510369257,4.907906759371687,0.41640375099756977
2021-09-28,5.469086055326997,4.46480258000018,1.004283475326817
2021-09-29,5.469086055326997,5.4280367755391286,0.04104927978786854
2021-09-30,5.469086055326997,5.699056777533896,-0.22997072220689851
2021-10-01,5.621851499522507,4.7827575269283935,0.8390939725941138
2021-10-02,5.776983910440799,4.3962582407079225,1.3807256697328762
2021-10-03,5.776983910440799,4.559650947227382,1.2173329632134164
2021-10-04,5.776983910440799,4.979852270380999,0.7971316400598001
2021-10-05,5.776983910440799,5.065202306725632,0.711781603715167
2021-10-06,5.626540739639422,5.338338250299265,0.2882024893401569
2021-10-07,5.477638599970764,5.443734855785049,0.03390374418571529
2021-10-08,5.3276660822855275,4.562599694389913,0.7650663878956143
2021-10-09,5.175454850293256,3.2628021390020314,1.9126527112912242
2021-10-10,5.005340374492287,3.191231650815213,1.8141087236770743
2021-10-11,4.830943122114448,2.5253777277808633,2.3055653943335845
2021-10-12,4.6559883077196655,2.9380644278016077,1.7179238799180578
2021-10-13,4.479870470826797,3.647270057264118,0.832600413562679
2021-10-14,4.30307021488302,3.673713554267421,0.6293566606155987
2021-10-15,4.136925428250665,2.3773822736993067,1.7595431545513582
2021-10-16,3.9874949111277056,1.617700532723612,2.3697943784040936
2021-10-17,3.9874949111277056,1.5827320552311201,2.4047628558965854
2021-10-18,3.9874949111277056,1.8934386871107989,2.0940562240169065
2021-10-19,3.9874949111277056,2.561776634425168,1.4257182767025376
2021-10-20,3.9874949111277056,2.630367830182754,1.3571270809449514
2021-10-21,3.9874949111277056,2.5001892477675143,1.4873056633601913
2021-10-22,3.9874949111277056,3.03161422591228,0.9558806852154258
2021-10-23,3.9874949111277056,3.429498706682711,0.5579962044449944
2021-10-24,3.9874949111277056,3.397254147352216,0.5902407637754896
2021-10-25,3.9874949111277056,3.5084568199156765,0.4790380912120291
2021-10-26,3.9874949111277056,3.5154602625326454,0.47203464859506017
2021-10-27,3.9874949111277056,3.5154602625326454,0.47203464859506017
2021-10-28,3.9874949111277056,4.406655427631025,-0.419160516503319
2021-10-29,3.9874949111277056,4.661953938047238,-0.6744590269195321
2021-10-30,3.9874949111277056,4.9349800009843,-0.9474850898565945
2021-10-31,3.9874949111277056,5.09764896721851,-1.1101540560908045
2021-11-01,3.9874949111277056,5.505436006813752,-1.5179410956860462
2021-11-02,3.9874949111277056,5.307285052765908,-1.3197901416382027
2021-11-03,3.9874949111277056,5.620332599763373,-1.632837688635667
2021-11-04,3.9874949111277056,7.927119834292696,-3.93962492316499
2021-11-05,3.9874949111277056,6.901161722065032,-2.9136668109373263
2021-11-06,3.9874949111277056,6.311569707482569,-2.3240747963548634
2021-11-07,3.9874949111277056,5.721196100300628,-1.7337011891729226
2021-11-08,3.9874949111277056,5.604979024073643,-1.6174841129459372
2021-11-09,3.9874949111277056,8.481110455104568,-4.493615543976863
2021-11-10,3.9874949111277056,5.638301213026761,-1.6508063018990553
2021-11-11,3.9874949111277056,4.878600373584476,-0.8911054624567702
2021-11-12,3.9874949111277056,4.612748252058098,-0.6252533409303922
2021-11-13,3.9874949111277056,4.286235266231407,-0.29874035510370156
2021-11-14,3.9874949111277056,3.766637883071381,0.22085702805632446
2021-11-15,3.8205797493354234,3.757115784342161,0.06346396499326223
2021-11-16,3.6439994698165554,4.330868372412052,-0.6868689025954966
2021-11-17,3.4670089073089367,2.9796240869632373,0.4873848203456994
2021-11-18,3.289570416136641,2.7753253210341935,0.5142450951024475
2021-11-19,3.115591667490047,2.3695134057594656,0.7460782617305814
2021-11-20,2.9398896666100116,2.298693728991783,0.6411959376182286
2021-11-21,2.903211633872789,2.0022500727967913,0.9009615610759978
2021-11-22,2.8609737904832184,1.7616888478003447,1.0992849426828737
2021-11-23,2.809471209016222,2.3786203764912544,0.4308508325249676
2021-11-24,2.764546939387222,1.8948067412000549,0.8697401981871671
2021-11-25,2.7249471740734577,1.7225439645788643,1.0024032094945934
2021-11-26,2.6828062183957377,1.9236731491852401,0.7591330692104976
2021-11-27,2.6336723272595437,1.7491834810663256,0.8844888461932181
2021-11-28,2.5668789609049525,1.54913660170111,1.0177423592038426
2021-11-29,2.3642409688383927,1.302255314286563,1.0619856545518298
2021-11-30,2.187453855260647,2.3223512346933823,-0.1348973794327355
2021-12-01,2.0295699578943207,2.45355893003954,-0.42398897214521947
2021-12-02,2.0295699578943207,1.817000164379364,0.21256979351495664
2021-12-03,1.8036699944654953,2.2251843542297363,-0.421514359764241
2021-12-04,1.8036699944654953,2.029244789611402,-0.22557479514590661
2021-12-05,1.8036699944654953,1.6344452426421994,0.16922475182329588
2021-12-06,1.8036699944654953,1.5136099043192837,0.2900600901462116
2021-12-07,1.9537828212763202,1.689428327385876,0.2643544938904443
2021-12-08,1.9537828212763202,2.5248271702251306,-0.5710443489488104
2021-12-09,1.9537828212763202,1.6822002011985575,0.2715826200777627
2021-12-10,1.9537828212763202,1.7535635268760195,0.20021929440030073
2021-12-11,1.9537828212763202,1.7392185771200785,0.21456424415624165
2021-12-12,1.9537828212763202,1.7781540250295549,0.1756287962467653
2021-12-13,1.9537828212763202,1.4478885676731177,0.5058942536032025
2021-12-14,1.9537828212763202,1.8329338384451133,0.12084898283120693
2021-12-15,1.9537828212763202,2.156596983789305,-0.2028141625129849
2021-12-16,1.9537828212763202,2.045795024190263,-0.09201220291394296
2021-12-17,1.9537828212763202,2.0898237077865436,-0.1360408865102234
2021-12-18,1.9537828212763202,2.270636437870357,-0.31685361659403677
2021-12-19,1.9537828212763202,2.1241205535418457,-0.1703377322655255
2021-12-20,1.8077836504422333,1.7093160138092318,0.09846763663300151
2021-12-21,1.6630081054844916,1.5928401951079372,0.07016791037655445
2021-12-22,1.6630081054844916,1.7942038472022501,-0.1311957417177585
2021-12-23,1.6630081054844916,1.899825641477552,-0.23681753599306044
2021-12-24,1.5102426612889819,1.7109579999471667,-0.2007153386581848
2021-12-26,1.3551102503706889,1.7371862891161138,-0.38207603874542495
2021-12-27,1.3551102503706889,1.9702783866361633,-0.6151681362654744
2021-12-28,1.3551102503706889,1.8592037454873314,-0.5040934951166425
2021-12-29,1.3551102503706889,1.8592037454873314,-0.5040934951166425
2021-12-30,1.3551102503706889,1.7371862891161138,-0.38207603874542495
2021-12-31,1.3551102503706889,1.7557188193324096,-0.4006085689617207
2022-01-01,1.3551102503706889,1.3948550388967202,-0.03974478852603136
2022-01-02,1.3551102503706889,1.371221736217804,-0.016111485847115192
2022-01-03,1.3551102503706889,1.5450929691018729,-0.189982718731184
2022-01-04,1.3551102503706889,1.43647398144275,-0.08136373107206119
2022-01-05,1.508311365452544,1.4761822005726424,0.032129164879901584
2022-01-06,1.6703834480238966,1.3525397361353586,0.317843711888538
2022-01-07,1.8373432627036423,1.3016786627602244,0.535664599943418
2022-01-08,2.008328905410619,1.48318809717155,0.525140808239069
2022-01-09,2.17612501384516,1.0671458058324284,1.1089792080127316
2022-01-10,2.3360335034359854,1.3450011223928249,0.9910323810431605
2022-01-11,2.4898831088133067,1.4244624463337474,1.0654206624795592
2022-01-12,2.6386534380636824,1.6286410296075062,1.0100124084561761
2022-01-13,2.8067167888477345,1.5289630763943793,1.2777537124533551
2022-01-14,2.998822587144192,1.607323676545682,1.39149891059851
2022-01-15,3.182192414993218,1.9886850495780661,1.193507365415152
2022-01-16,3.3701136478888363,1.5856828906997193,1.784430757189117
2022-01-17,3.5597531658266606,2.112581049879178,1.4471721159474824
2022-01-18,3.7533284077235054,2.6397623881243786,1.1135660195991268
2022-01-19,3.937521564391617,2.8256634720553713,1.1118580923362456
2022-01-20,4.111946625464741,3.596448941480579,0.5154976839841621
2022-01-21,4.274570562382299,4.0863018023594595,0.1882687600228392
2022-01-22,4.4384048261704905,3.8713837641058753,0.5670210620646152
2022-01-23,4.630643692845417,3.7602673726905245,0.8703763201548922
2022-01-24,4.8587845347742045,4.190367769822231,0.6684167649519734
2022-01-25,5.1291071894580735,4.553671893336806,0.5754352961212676
2022-01-26,5.414627692343471,4.668003928006569,0.7466237643369018
2022-01-27,5.697444122516676,5.250956608440007,0.44648751407666865
2022-01-28,5.9898237525728115,5.1884443122327095,0.801379440340102
2022-01-29,6.285600615612027,4.85801819080215,1.4275824248098772
2022-01-30,6.590586341594461,5.897282820480516,0.6933035211139451
2022-01-31,6.893101237258398,6.168894861117433,0.7242063761409652
2022-02-01,7.188944882120107,6.780084680628142,0.4088602014919651
2022-02-02,7.471930594944894,7.660200267261831,-0.18826967231693725
2022-02-03,7.751695934533302,7.858602898085047,-0.10690696355174456
2022-02-04,8.034448477018456,8.480244215999802,-0.44579573898134583
2022-02-05,8.335511603750353,8.942523792685254,-0.6070121889349007
2022-02-06,8.636858445360373,7.627411746985939,1.0094466983744335
2022-02-07,8.956340955797895,7.534567092505994,1.421773863291901
2022-02-08,9.29811511511988,8.876682717993729,0.42143239712615177
2022-02-09,9.665645253974771,8.814993439542555,0.8506518144322168
2022-02-10,10.06097692954627,8.89074186569848,1.1702350638477892
2022-02-11,10.488939073631046,8.795318050389444,1.6936210232416027
2022-02-12,10.924243639975375,9.476271608450963,1.4479720315244116
2022-02-13,11.35737218211831,9.502592016012947,1.8547801661053622
2022-02-14,11.664922985753334,8.605338457887743,3.0595845278655904
2022-02-15,11.983557689124094,6.561254435116199,5.422303254007895
2022-02-16,12.296691165705866,6.705534919859072,5.591156245846794
2022-02-17,12.597334032631455,7.119616174207261,5.477717858424194
2022-02-18,12.880338942663334,7.131854568611018,5.748484374052316
2022-02-19,13.168880404042868,7.602411485050774,5.566468918992094
2022-02-20,13.463311799630441,8.76758739379869,4.695724405831751
2022-02-21,13.784613682762792,7.991589623053874,5.793024059708919
2022-02-22,14.253913076974,7.862707361728565,6.391205715245435
2022-02-23,14.667542565520254,8.134401705636819,6.533140859883435
2022-02-24,15.15673093285444,8.158754975683737,6.997975957170704
2022-02-25,15.638035565158455,8.430500196119755,7.2075353690387
2022-02-26,16.152686532185754,8.501841720766928,7.6508448114188266
2022-02-27,16.671224181236887,9.110348325144331,7.560875856092556
2022-02-28,17.171083755913113,9.180339502494839,7.990744253418274
2022-03-01,17.672368387305003,9.136827243730261,8.535541143574742
2022-03-02,18.024701948449717,9.855700440375449,8.169001508074269
2022-03-03,18.479794776484685,10.308294143682325,8.17150063280236
2022-03-04,18.92821452900561,10.433144792553056,8.495069736452555
2022-03-05,19.36020279958772,10.415227155413673,8.944975644174049
2022-03-06,19.806760545470997,10.967709253518516,8.839051291952481
2022-03-07,20.25891695979056,11.1672240846534,9.091692875137161
2022-03-08,20.697674418658625,10.898206997898466,9.799467420760159
2022-03-09,21.102317037922457,11.939806180560593,9.162510857361864
2022-03-10,21.45389705528342,12.160336127737311,9.293560927546109
2022-03-11,21.78358048904698,12.37396744385987,9.40961304518711
2022-03-12,22.1016358346817,12.526704129629474,9.574931705052228
2022-03-13,22.40919456970295,12.884909851340405,9.524284718362546
2022-03-14,22.72048041576546,13.413189774110078,9.307290641655383
2022-03-15,23.041979171233447,13.897191346964608,9.144787824268839
2022-03-16,23.361092535717493,13.407815114381972,9.953277421335521
2022-03-17,23.661891904624216,13.843600607865623,9.818291296758593
2022-03-18,23.957940068407996,14.274618360432575,9.683321707975422
2022-03-19,24.240188310118832,14.331620538461909,9.908567771656923
2022-03-20,24.49209763508413,13.73062481981323,10.7614728152709
2022-03-21,24.72319822436595,16.565285450454585,8.157912773911367
2022-03-22,24.923745277559252,16.89772451748736,8.02602076007189
2022-03-23,25.117258861179796,17.018384370650352,8.098874490529443
2022-03-24,25.299427598496873,17.60639642130737,7.6930311771895035
2022-03-25,25.47365026297489,19.21454697348231,6.259103289492579
2022-03-26,25.658324791479657,20.630159576257054,5.028165215222604
2022-03-27,25.827382762141237,21.660101158253813,4.1672816038874245
2022-03-28,25.97426518336209,21.891338054438922,4.082927128923167
2022-03-29,26.186806599002733,22.42231980055141,3.7644867984513226
2022-03-30,26.24780371201701,22.16338932578109,4.08441438623592
2022-03-31,26.318566858676366,22.207574637780137,4.110992220896229
2022-04-01,26.388744826009226,22.27547021691263,4.113274609096596
2022-04-02,26.460350292215065,24.22834490906764,2.232005383147424
2022-04-03,26.53301818283678,24.754500253352575,1.778517929484206
2022-04-04,26.626569657915557,24.644639396371325,1.9819302615442318
2022-04-05,26.731517236404972,24.92977531916988,1.8017419172350913
2022-04-06,26.842437061051488,24.539366981236952,2.3030700798145354
2022-04-07,26.930391520101434,25.275198074046514,1.6551934460549198
2022-04-08,27.000581243110712,26.03380399479387,0.9667772483168413
2022-04-09,27.07025869693541,26.588360636082115,0.4818980608532968
2022-04-10,27.129313133802523,27.952158704225113,-0.8228455704225901
2022-04-11,27.163652461343275,27.915625596526155,-0.7519731351828796
2022-04-12,27.17369642814825,26.965381773196317,0.20831465495193413
2022-04-13,27.179422327708657,26.965381773196317,0.21404055451234072
2022-04-14,27.19653317165873,26.760090263743958,0.4364429079147705
2022-04-15,27.2335764796366,26.799133869869724,0.4344426097668759
2022-04-16,27.290476761215295,27.2218693041733,0.06860745704199545
2022-04-17,27.344081557914166,26.875015774178625,0.469065783735541
2022-04-18,27.365366694540654,26.71356685071804,0.6517998438226158
2022-04-19,27.34070674208341,26.52668286124227,0.8140238808411375
2022-04-20,27.29661054318807,26.390845842277457,0.9057647009106127
2022-04-21,27.244839381097986,25.911839090177047,1.333000290920939
2022-04-22,27.174805949602575,26.735672532059855,0.4391334175427204
2022-04-23,27.09524724101063,26.19973077404349,0.8955164669671376
2022-04-24,26.985671807557733,25.233772744119246,1.7518990634384863
2022-04-25,26.877438327698002,25.950207983512524,0.9272303441854781
2022-04-26,26.78962678995621,25.504229422738693,1.2853973672175165
2022-04-27,26.703594835261097,25.927395682530545,0.7761991527305518
2022-04-28,26.636175059984534,26.975255661630573,-0.3390806016460388
2022-04-29,26.567978079197083,26.952438883974423,-0.38446080477734057
2022-04-30,26.47439500929628,27.053812540111,-0.5794175308147196
2022-05-01,26.37831337841712,26.898253808457223,-0.5199404300401049
2022-05-02,26.27021717655967,26.17423556341284,0.0959816131468294
2022-05-03,26.141569440185872,24.963092934008575,1.1784765061772973
2022-05-04,25.98531838397073,24.527828739723777,1.4574896442469516
2022-05-05,25.791313019939526,24.042172047309727,1.7491409726297995
2022-05-06,25.555189938175594,24.262999460028762,1.292190478146832
2022-05-07,25.315710802899094,23.478458849011805,1.8372519538872893
2022-05-08,25.081447454216693,23.61158229146499,1.4698651627517023
2022-05-09,24.834684897776253,23.44308510151966,1.3915997962565925
2022-05-10,24.57165053461586,22.092836331034754,2.4788142035811056
2022-05-11,24.3011009088271,18.834638690189273,5.466462218637826
2022-05-12,24.03277912682637,17.974392170012656,6.058386956813713
2022-05-13,23.76473169805348,18.100266516258227,5.664465181795254
2022-05-14,23.493255939305083,18.425850551360448,5.0674053879446355
2022-05-15,23.21927558381882,17.316554929169524,5.902720654649297
2022-05-16,22.913971707544196,16.261250649039432,6.652721058504763
2022-05-17,22.595321318261565,15.388461490573626,7.206859827687939
2022-05-18,22.331562227633867,15.306539373274797,7.0250228543590705
2022-05-19,21.99951337531841,12.512644353131142,9.48686902218727
2022-05-20,21.67111068229787,12.930136525927727,8.740974156370141
2022-05-21,21.300943777723955,13.400065791624678,7.900877986099276
2022-05-22,20.78240612867282,12.546407597030777,8.235998531642045
2022-05-23,20.2825465539966,12.121979724299235,8.160566829697364
2022-05-24,19.781261922604706,11.492674730418205,8.288587192186501
2022-05-25,19.27881553464917,11.5042533486761,7.774562185973069
2022-05-26,18.8237227066142,10.299753169565049,8.52396953704915
2022-05-27,18.375302954093275,10.166035142898611,8.209267811194664
2022-05-28,18.096760276619268,10.893557930600714,7.2032023460185535
2022-05-29,17.817111509242352,11.735920977958113,6.081190531284239
2022-05-30,17.54301720227136,10.893523985318488,6.649493216952873
2022-05-31,17.262822568461182,10.467177294263722,6.79564527419746
2022-06-01,17.02069192139266,9.237317936603246,7.7833739847894154
2022-06-02,16.847796850907578,9.330613421800935,7.517183429106643
2022-06-03,16.684111256824643,8.561445202206306,8.122666054618337
2022-06-04,16.36605591118992,10.465461020047671,5.90059489114225
2022-06-05,16.058497176168668,10.131576184307411,5.926920991861257
2022-06-06,15.747211330106154,9.75596029585535,5.991251034250803
2022-06-07,15.425712574638172,9.784747698661834,5.640964875976339
2022-06-08,15.106599210154128,9.991817394718671,5.114781815435457
2022-06-09,14.805799841247401,9.599470130755702,5.2063297104916995
2022-06-10,14.50975167746362,9.297923467287726,5.211828210175895
2022-06-11,14.227503435752789,6.944468344044151,7.283035091708638
2022-06-12,13.975594110787487,6.843226815846825,7.132367294940662
2022-06-13,13.74449352150567,7.699194271355232,6.045299250150437
2022-06-14,13.543946468312365,8.431945414027014,5.112001054285351
2022-06-15,13.500743112711447,10.122976050799611,3.377767061911836
2022-06-16,13.463203766567647,10.447012473518113,3.016191293049534
2022-06-17,13.43598793520297,10.403345060261767,3.032642874941203
2022-06-18,13.414216229715317,9.725959601679786,3.6882566280355302
2022-06-19,13.407535531538063,9.621145906257638,3.7863896252804246
2022-06-20,13.413112366946036,9.593965149569103,3.8191472173769334
2022-06-21,13.20057095130539,9.271201593644392,3.929369357660999
2022-06-22,12.986372723209257,9.788379280744376,3.197993442464881
2022-06-23,12.75353749397855,9.443051834230882,3.310485659747668
2022-06-24,12.516399711965944,9.519556682944529,2.9968430290214148
2022-06-25,12.273808603053128,9.652180126544714,2.6216284765084144
2022-06-26,12.033344603996868,8.07800938330443,3.9553352206924384
2022-06-27,11.779884639327268,9.508633715013197,2.271250924314071
2022-06-28,11.521087455460536,9.560434377969019,1.9606530774915178
2022-06-29,11.261397301563644,9.388855423082171,1.8725418784814725
2022-06-30,11.005379491729643,7.606075302850581,3.3993041888790625
2022-07-01,10.904445598833425,8.351345070227659,2.553100528605766
2022-07-02,10.82298932066837,8.92780310453762,1.8951862161307496
2022-07-03,10.751407267274583,8.168746922799793,2.5826603444747906
2022-07-04,10.70686755183095,7.927042661014875,2.7798248908160748
2022-07-05,10.675835106853286,7.96243204684788,2.7134030600054064
2022-07-06,10.651496011709126,7.875935101318718,2.775560910390408
2022-07-07,10.628789513642703,6.629785871760809,3.9990036418818935
2022-07-08,10.584452707718393,7.337805336763607,3.2466473709547863
2022-07-09,10.363718162351505,7.535039664701686,2.828678497649819
2022-07-10,10.261048697356987,6.842856736977014,3.418191960379973
2022-07-11,10.174412685673486,6.888245728284844,3.286166957388642
2022-07-12,10.092060039817527,6.857833247725808,3.234226792091719
2022-07-13,10.017717365596033,6.631472412651751,3.386244952944282
2022-07-14,9.968222793892153,6.644860472319444,3.3233623215727084
2022-07-15,9.941128132829606,6.2722416196664375,3.6688865131631685
2022-07-16,9.934137188120802,6.071308783438705,3.862828404682097
2022-07-17,9.953919690307387,6.104630972391823,3.849288717915564
2022-07-18,9.973699834637554,5.902719525113019,4.0709803095245345
2022-07-19,9.969482170672032,5.543042802018024,4.426439368654008
2022-07-20,9.95519596168945,5.565414382920741,4.389781578768709
2022-07-21,9.91370089152937,4.378499535361219,5.535201356168151
2022-07-22,9.865500288659854,3.8466170603279863,6.018883228331868
2022-07-23,9.832186852856378,4.074496837519445,5.757690015336933
2022-07-24,9.795197270059779,4.89430739630995,4.900889873749829
2022-07-25,9.739606071919292,4.89430739630995,4.845298675609342
2022-07-26,9.685429568058055,4.873136304883735,4.81229326317432
2022-07-27,9.634079124016951,4.8758543848599665,4.758224739156985
2022-07-28,9.59205551805378,3.5992860263926154,5.992769491661164
2022-07-29,9.554342859912806,3.8760645732887786,5.678278286624027
2022-07-30,9.358517428844976,3.7374202699639354,5.621097158881041
2022-07-31,9.306144211908322,3.6058717774621187,5.7002724344462035
2022-08-01,9.102325719471962,4.455822144111153,4.646503575360809
2022-08-02,8.899369572271553,4.1627687593695395,4.736600812902013
2022-08-03,8.705285566504758,2.8479432452080586,5.857342321296699
2022-08-04,8.52022080006718,1.769164709818525,6.751056090248656
2022-08-05,8.495802168346872,1.1339883962349147,7.361813772111957
2022-08-06,8.325692008400312,1.1459903054328149,7.179701702967497
2022-08-07,8.153082971347471,1.4247525433311248,6.7283304280163465
2022-08-08,7.990590206042662,2.2596115358718283,5.730978670170834
2022-08-09,7.839941201114087,1.792801975063489,6.047139226050598
2022-08-10,7.69007080319553,1.754795269973124,5.935275533222406
2022-08-11,7.5329312881767985,2.391060224708619,5.14187106346818
2022-08-12,7.527799921334164,3.292121635482273,4.2356782858518915
2022-08-13,7.530472262520218,2.9585271176170367,4.5719451449031805
2022-08-14,7.530472262520218,2.931708926028251,4.598763336491967
2022-08-15,7.673846068451236,3.8518499882080044,3.8219960802432316
2022-08-16,7.673846068451236,3.994123775475819,3.6797222929754168
2022-08-17,7.673846068451236,2.928932249449954,4.744913819001281
2022-08-18,7.823923627093762,2.7545958002374156,5.069327826856346
2022-08-19,7.977783201314343,2.9219903318853904,5.055792869428952
2022-08-20,7.973443758714481,2.7612361061380244,5.212207652576456
2022-08-21,7.80653478020812,2.038466501377351,5.76806827883077
2022-08-22,7.628472672859547,1.8906455459834222,5.737827126876125
2022-08-23,7.469909847801661,1.7313251199650357,5.738584727836626
2022-08-24,7.307397875606354,2.3885202241878876,4.918877651418466
2022-08-25,7.128712928730467,2.328373232524939,4.800339696205528
2022-08-26,6.96271508904985,2.9890033655985135,3.973711723451337
2022-08-27,6.96271508904985,3.472297969336614,3.4904171197132365
2022-08-28,6.96271508904985,3.8911820730212607,3.0715330160285896
2022-08-29,7.119269957602101,2.9553243730081933,4.1639455845939075
2022-08-30,7.280886077309492,4.266138399437609,3.014747677871883
2022-08-31,7.446801263850709,5.24568685071985,2.201114413130859
2022-09-01,7.62059764244619,5.593713337185179,2.026884305261011
2022-09-02,7.797425045495457,5.9274823876098734,1.8699426578855833
2022-09-03,7.982277570667549,6.449121520840315,1.5331560498272339
2022-09-04,8.174708711872018,5.832633192517973,2.3420755193540455
2022-09-05,8.366007346864068,5.195743268331009,3.1702640785330587
2022-09-06,8.558237795145418,5.989871680521769,2.5683661146236494
2022-09-07,8.603154949908616,5.099289037187076,3.5038659127215395
2022-09-08,8.654482901040552,5.245683271503557,3.408799629536995
2022-09-09,8.696575861137049,5.819520235012261,2.877055626124788
2022-09-10,8.71674115146648,6.601687309667097,2.115053841799382
2022-09-11,8.727578513504989,6.4056011309127205,2.3219773825922685
2022-09-12,8.745604928048857,6.842109443088201,1.903495484960657
2022-09-13,8.917885591924898,6.612427500244539,2.305458091680359
2022-09-14,9.069467929548896,7.584380753860944,1.4850871756879522
2022-09-15,9.215889482231919,6.639653515288256,2.5762359669436634
2022-09-16,9.215889482231919,7.929837125159293,1.2860523570726263
2022-09-17,9.215889482231919,7.3873111315429565,1.8285783506889626
2022-09-18,9.215889482231919,7.2595348223777325,1.9563546598541866
2022-09-19,9.215889482231919,7.196539846538483,2.0193496356934357
2022-09-20,9.215889482231919,7.025319246833052,2.1905702353988667
2022-09-21,9.215889482231919,7.334219802494505,1.8816696797374144
2022-09-22,9.215889482231919,6.895007334218264,2.3208821480136548
2022-09-23,9.054527853822401,6.99865901392344,2.0558688398989613
2022-09-24,8.88293685031373,6.9045908393963815,1.978346010917348
2022-09-25,8.70754323394479,6.884567537102336,1.8229756968424544
2022-09-26,8.528104103909849,6.825077186818377,1.7030269170914716
2022-09-27,8.35551734018569,6.721803547301077,1.6337137928846133
2022-09-28,8.189937379101327,6.529447580440068,1.660489798661259
2022-09-29,8.02110797214456,6.501716795817116,1.519391176327443
2022-09-30,7.865777533173441,5.526854342224516,2.3389231909489245
2022-10-01,7.865777533173441,4.8577635318544905,3.0080140013189505
2022-10-02,7.72260333479416,5.098621940159145,2.623981394635015
2022-10-03,7.559813367922386,4.750074152263995,2.809739215658391
2022-10-04,7.39650331155172,4.849054381123815,2.5474489304279047
2022-10-05,7.229421681783156,4.2724759139976145,2.956945767785541
2022-10-06,7.047870985403916,4.144402548575456,2.9034684368284607
2022-10-07,6.85261944790574,4.2874597496828315,2.5651596982229083
2022-10-08,6.643392238167276,3.8340078294467563,2.8093844087205193
2022-10-09,6.428199443451149,3.746750060743454,2.681449382707695
2022-10-10,6.214137883316776,4.179991826879823,2.0341460564369536
2022-10-11,6.010323440162379,4.2289785535923246,1.7813448865700545
2022-10-12,5.827655891015295,3.6944355202549017,2.1332203707603936
2022-10-13,5.656805396863528,3.8888944698540784,1.7679109270094497
2022-10-14,5.4904504380353325,3.91914475115848,1.5713056868768525
2022-10-15,5.316283817007717,3.378553761104796,1.9377300559029207
2022-10-16,5.148008189073459,2.762472431139138,2.385535757934321
2022-10-17,4.992213078633875,3.893628251021956,1.0985848276119188
2022-10-18,4.833263159546923,3.9006316936389256,0.9326314659079973
2022-10-19,4.67333452094828,3.5446265612917562,1.1287079596565235
2022-10-20,4.514031815371157,4.041568981759004,0.4724628336121537
2022-10-21,4.359905411191286,3.780530032830604,0.5793753783606816
2022-10-22,4.359905411191286,2.5948885183338035,1.7650168928574823
2022-10-23,4.213413434667407,2.4253423032222434,1.7880711314451636
2022-10-24,4.213413434667407,2.4911942227564636,1.7222192119109434
2022-10-25,4.213413434667407,2.4216952427859337,1.7917181918814733
2022-10-26,4.213413434667407,2.3192673315636356,1.8941461031037714
2022-10-27,4.213413434667407,3.2230092631911718,0.9904041714762353
2022-10-28,4.064204263001216,3.1936070910742935,0.8705971719269221
2022-10-29,4.064204263001216,2.5479114362078272,1.5162928267933884
2022-10-30,4.064204263001216,3.11145185781491,0.9527524051863057
2022-10-31,4.064204263001216,3.1373774839202198,0.9268267790809959
2022-11-01,4.064204263001216,3.294256518376396,0.7699477446248197
2022-11-02,4.064204263001216,3.715663959302175,0.34854030369904043
2022-11-03,4.064204263001216,4.221090282972634,-0.15688601997141838
2022-11-04,3.9164336905603805,4.16132860609022,-0.24489491552983944
2022-11-05,3.76927728692094,3.817872374766372,-0.04859508784543198
2022-11-06,3.76927728692094,3.8996336232808453,-0.13035633635990518
2022-11-07,3.6259034809899218,4.448885675759479,-0.8229821947695575
2022-11-08,3.6259034809899218,4.7069937414769845,-1.0810902604870627
2022-11-09,3.6259034809899218,4.899406516941615,-1.273503035951693
2022-11-10,3.475825922347395,5.31229192291527,-1.8364660005678748
2022-11-11,3.321966348126815,4.747142589062542,-1.425176240935727
2022-11-12,3.1728601976185735,5.085595517225184,-1.9127353196066106
2022-11-13,3.1728601976185735,5.3929053451654125,-2.220045147546839
2022-11-14,3.1728601976185735,5.185557707471628,-2.0126975098530546
2022-11-15,3.1728601976185735,4.342004779233163,-1.1691445816145891
2022-11-16,3.1728601976185735,4.222703948061931,-1.0498437504433578
2022-11-17,3.1728601976185735,3.726203358374006,-0.5533431607554324
2022-11-18,3.1728601976185735,3.89627476581329,-0.7234145681947166
2022-11-19,3.1728601976185735,3.8880148516924575,-0.715154654073884
2022-11-20,3.1728601976185735,3.745718705970614,-0.5728585083520406
2022-11-21,3.016305329066323,3.759635891973983,-0.7433305629076599
2022-11-22,2.8546892093589316,3.2910656399849088,-0.4363764306259772
2022-11-23,2.688774022817715,2.7206656155776563,-0.03189159275994147
2022-11-24,2.514977644222235,2.618551496881589,-0.1035738526593537
2022-11-25,2.338150241172968,3.0653847329781363,-0.7272344918051683
2022-11-26,2.1532977160008757,2.4019883600776963,-0.24869064407682062
2022-11-27,1.9608665747964058,2.552032664098358,-0.5911660893019524
2022-11-28,1.769567939804357,3.1576341193766493,-1.3880661795722924
2022-11-29,1.5773374915230052,1.9600958139411033,-0.38275832241809815
2022-11-30,1.3821101087401868,0.9987787535434022,0.38333135519678463
2022-12-01,1.1861527664349698,0.8888610409182139,0.29729172551675587
2022-12-02,0.9970529732251384,1.006939124684014,-0.009886151458875614
2022-12-03,0.8139848598785916,0.9179647631549546,-0.10397990327636297
2022-12-04,0.6407702253557532,0.7780849689468704,-0.13731474359111717
2022-12-05,0.47028455418306236,1.2742826069290576,-0.8039980527459952
2022-12-06,0.29800389030702085,1.244721399754071,-0.9467175094470501
2022-12-07,0.14642155268302254,0.7218389579343483,-0.5754174052513257
2022-12-08,0.0,1.4159942877626324,-1.4159942877626324
2022-12-09,0.0,1.4307563054638435,-1.4307563054638435
2022-12-10,0.0,1.463910309906369,-1.463910309906369
2022-12-11,0.0,1.2063623823009946,-1.2063623823009946
2022-12-12,0.0,0.8470177168707853,-0.8470177168707853
2022-12-13,0.0,0.32943375531914076,-0.32943375531914076
2022-12-14,0.0,0.7242752455896232,-0.7242752455896232
2022-12-15,0.0,1.1011403072298611,-1.1011403072298611
2022-12-16,0.0,0.9830907403794091,-0.9830907403794091
2022-12-17,0.0,0.936303563327259,-0.936303563327259
2022-12-18,0.0,0.3365876148353304,-0.3365876148353304
2022-12-19,0.0,0.19152124443811255,-0.19152124443811255
2022-12-20,0.0,0.056799451725868685,-0.056799451725868685
2022-12-21,0.0,0.19172828105642023,-0.19172828105642023
2022-12-22,0.0,0.02892080742704707,-0.02892080742704707
2022-12-23,0.0,0.08402661972290805,-0.08402661972290805
2022-12-24,0.0,0.08328105463421738,-0.08328105463421738
2022-12-26,0.0,0.17502871549032178,-0.17502871549032178
2022-12-27,0.0,0.05695063172452143,-0.05695063172452143
2022-12-28,0.0,0.043064007666959246,-0.043064007666959246
2022-12-29,0.0,0.043064007666959246,-0.043064007666959246
2022-12-30,0.0,0.04998630623355363,-0.04998630623355363
2022-12-31,0.0,0.0,0.0
2023-01-01,0.0,0.0,0.0
2023-01-02,0.0,0.0,0.0
2023-01-03,0.0,0.0,0.0
2023-01-04,0.0,0.0,0.0
2023-01-05,0.0,0.0,0.0
2023-01-06,0.0,0.0,0.0
2023-01-07,0.0,0.0,0.0
2023-01-08,0.0,0.0,0.0
2023-01-09,0.0,0.04591632712956336,-0.04591632712956336
2023-01-10,0.0,0.04776763844682271,-0.04776763844682271
2023-01-11,0.0,0.11863740272900836,-0.11863740272900836
2023-01-12,0.0,0.10543863228576085,-0.10543863228576085
2023-01-13,0.0,0.39866082241370093,-0.39866082241370093
2023-01-14,0.0,0.3544721878553493,-0.3544721878553493
2023-01-15,0.0,0.22045340922397508,-0.22045340922397508
2023-01-16,0.0,0.3588447943459038,-0.3588447943459038
2023-01-17,0.0,0.40272591755512044,-0.40272591755512044
2023-01-18,0.15178617758361973,0.3877632900637519,-0.23597711248013215
2023-01-19,0.3120737902302747,0.40315841618368664,-0.09108462595341194
2023-01-20,0.48171855845008693,0.5857074135076369,-0.10398885505754996
2023-01-21,0.65889970918838,0.6056179541799438,0.05328175500843624
2023-01-22,0.8535115866052269,0.7377462044417724,0.11576538216345444
2023-01-23,1.04689067898784,0.8522417839034816,0.19464889508435845
2023-01-24,1.2462022404109858,1.200753153736648,0.04544908667433778
2023-01-25,1.443204867602547,1.376685152728113,0.06651971487443409
2023-01-26,1.6448561879808656,1.6459004888658464,-0.0010443008849807534
2023-01-27,1.850629598678369,1.6721647823604289,0.1784648163179401
2023-01-28,2.0644479954220034,1.7345425730195767,0.3299054224024267
2023-01-29,2.2762849869644506,1.8476407741559044,0.42864421280854614
2023-01-30,2.4976508890777933,2.3114428290257947,0.18620806005199864
2023-01-31,2.720477141992079,2.62027065535653,0.10020648663554876
2023-02-01,2.9423625628657737,2.4722159723018478,0.47014659056392594
2023-02-02,3.177794928794333,2.7760800407618964,0.4017148880324366
2023-02-03,3.4250375253485195,3.110822093890089,0.31421543145843067
2023-02-04,3.681741014050469,3.6119981682485203,0.06974284580194867
2023-02-05,3.946535492491112,3.736788076632339,0.20974741585877288
2023-02-06,4.218686989744254,4.080283744331767,0.13840324541248616
2023-02-07,4.491445818897524,4.094465157065406,0.3969806618321181
2023-02-08,4.77651369477799,4.3684925665732575,0.4080211282047328
2023-02-09,5.088196607984814,4.824773239352728,0.26342336863208615
2023-02-10,5.412270546367474,5.347614366546348,0.06465617982112626
2023-02-11,5.7535751664249295,5.465416784163849,0.2881583822610807
2023-02-12,6.1036582436307105,6.07522212648016,0.02843611715055072
2023-02-13,6.458746847232082,6.06962877107318,0.38911807615890215
2023-02-14,6.816303345436476,6.05708693827827,0.7592164071582062
2023-02-15,7.183443315564795,6.696932461603894,0.4865108539609011
2023-02-16,7.57285854691951,7.310165282708999,0.26269326421051087
2023-02-17,7.98032812597051,8.03526305650394,-0.054934930533430126
2023-02-18,8.381617064387886,8.760253783247668,-0.37863671885978256
2023-02-19,8.77267695921306,8.82815726308243,-0.05548030386936986
2023-02-20,9.170081835763975,9.394649850878714,-0.22456801511473934
2023-02-21,9.582664386731242,9.88063101198791,-0.2979666252566684
2023-02-22,10.009559093640858,9.969687700214259,0.03987139342659951
2023-02-23,10.446221555524968,10.232069393471248,0.21415216205372012
2023-02-24,10.873096650274208,10.647468053417642,0.22562859685656633
2023-02-25,11.305672621229775,11.11632989563779,0.18934272559198462
2023-02-26,11.733145648635329,11.247775765897522,0.4853698827378068
2023-02-27,12.162103162475292,11.53201189525732,0.6300912672179724
2023-02-28,12.60954927317826,12.295826374196329,0.31372289898193095
2023-03-01,13.050202310870246,12.51479986634296,0.5354024445272856
2023-03-02,13.493712646065491,12.470659815648546,1.0230528304169457
2023-03-03,13.924415628792634,12.907364687100426,1.017050941692208
2023-03-04,14.341937106034957,13.438510074538089,0.903427031496868
2023-03-05,14.74977087296162,13.351590433466617,1.3981804394950021
2023-03-06,15.167322530425865,13.75206515611787,1.4152573743079948
2023-03-07,15.580487725432917,13.75206515611787,1.8284225693150464
2023-03-08,16.014625830038252,13.791421361734177,2.2232044683040755
2023-03-09,16.458859687998324,14.856538657036227,1.6023210309620968
2023-03-10,16.912906897361683,14.131689020039255,2.781217877322428
2023-03-11,17.31588429973181,14.23045955319512,3.08542474653669
2023-03-12,17.672083338994224,14.483884348123462,3.1881989908707613
2023-03-13,18.03335731688443,15.144946379423546,2.8884109374608844
2023-03-14,18.320526410058612,15.127469923028052,3.19305648703056
2023-03-15,18.591941493089532,15.022131421305966,3.569810071783566
2023-03-16,18.86533634998898,15.029552010144625,3.835784339844354
2023-03-17,19.141660434253303,15.944623170243489,3.197037264009815
2023-03-18,19.42946632698085,16.484942787886055,2.9445235390947957
2023-03-19,19.730006371538952,16.888843893292574,2.8411624782463782
2023-03-20,20.035119767806698,17.067283390360025,2.967836377446673
2023-03-21,20.338285249322276,17.067319936737444,3.2709653125848313
2023-03-22,20.651089439944567,17.13984997394472,3.5112394659998465
2023-03-23,20.971260114126896,17.124644575498667,3.846615538628228
2023-03-24,21.313315155993923,18.801637398620702,2.5116777573732207
2023-03-25,21.668153508394713,18.84564312286347,2.822510385531242
2023-03-26,22.01869012197102,19.182959569243657,2.8357305527273624
2023-03-27,22.36307230189544,20.174475276030524,2.1885970258649152
2023-03-28,22.69533427750156,20.314990487771595,2.380343789729963
2023-03-29,23.017516919593223,19.751202232191744,3.2663146874014792
2023-03-30,23.325966173943772,20.397462382116668,2.9285037918271044
2023-03-31,23.63271296102599,20.229237414092896,3.4034755469330946
2023-04-01,23.943919160579537,20.093488552000625,3.850430608578911
2023-04-02,24.245300522758722,20.14532815194921,4.09997237080951
2023-04-03,24.52643223637353,20.214271563307435,4.312160673066096
2023-04-04,24.800866423282745,20.89778824696796,3.9030781763147857
2023-04-05,25.070235647242608,21.48843422938018,3.5818014178624296
2023-04-06,25.324161554441293,21.70856153469805,3.615600019743244
2023-04-07,25.567774690359393,22.083455192528675,3.484319497830718
2023-04-08,25.80003326289386,22.195600115674992,3.6044331472188667
2023-04-09,26.020757129126928,22.306826730612492,3.713930398514435
2023-04-10,26.23594923918487,22.6469371970065,3.589012042178368
2023-04-11,26.44123354345587,22.593497439013646,3.847736104442223
2023-04-12,26.49066951079038,22.835371799383104,3.6552977114072753
2023-04-13,26.52555548739343,22.73298979987583,3.792565687517598
2023-04-14,26.545687930636696,22.92117243586292,3.6245154947737745
2023-04-15,26.55251812814055,22.22485750555439,4.327660622586162
2023-04-16,26.544938047098697,22.232021457857016,4.312916589241681
2023-04-17,26.538156063332995,22.094257340338554,4.44389872299444
2023-04-18,26.528346451349385,21.90942185242218,4.6189245989272045
2023-04-19,26.5134642081851,22.19783029015299,4.315633918032109
2023-04-20,26.48283219924718,22.056793485410886,4.426038713836295
2023-04-21,26.43335466910184,22.064077350514832,4.369277318587006
2023-04-22,26.377411812562624,22.0493995603322,4.3280122522304225
2023-04-23,26.333694377305914,22.00553922520177,4.328155152104145
2023-04-24,26.2857651486595,22.256701889898984,4.029063258760516
2023-04-25,26.23691991823259,21.940664746308222,4.2962551719243685
2023-04-26,26.200124752228845,22.095138301959324,4.1049864502695215
2023-04-27,26.143135905924108,22.119562693327744,4.023573212596364
2023-04-28,26.062749868216965,22.10206848292036,3.9606813852966063
2023-04-29,25.980077987836754,22.122933084723478,3.8571449031132765
2023-04-30,25.902885884841883,22.41476674841222,3.4881191364296633
2023-05-01,25.808543477477496,22.349121693307737,3.459421784169759
2023-05-02,25.68441250568025,22.385897369481672,3.298515136198578
2023-05-03,25.399344629799778,21.97367947025963,3.4256651595401486
2023-05-04,25.087661716592955,22.334294232108245,2.753367484484709
2023-05-05,24.763587778210297,22.308230187577404,2.455357590632893
2023-05-06,24.42228315815284,22.463870713592573,1.9584124445602669
2023-05-07,24.07220008094706,22.554356630086637,1.517843450860422
2023-05-08,23.86242650181879,22.41274788338563,1.4496786184331576
2023-05-09,23.504870003614396,23.65467648336659,-0.1498064797521934
2023-05-10,23.137730033486072,23.70103094571993,-0.5633009122338564
2023-05-11,22.89879283440713,23.074425908264075,-0.1756330738569467
2023-05-12,22.645437047751898,21.614057188792813,1.0313798589590846
2023-05-13,22.402147369083234,21.997844259852933,0.40430310923030177
2023-05-14,22.17158933202066,21.51080513110894,0.6607842009117206
2023-05-15,21.934040550178672,21.53778690679982,0.39625364337885216
2023-05-16,21.690388482429075,21.679957977289856,0.010430505139218837
2023-05-17,21.42961393979518,21.480865118747378,-0.05125117895219944
2023-05-18,21.154474088769973,21.647319157000336,-0.49284506823036267
2023-05-19,20.88001208291291,21.73015996810541,-0.8501478851925022
2023-05-20,20.600490290909885,21.296481534061655,-0.6959912431517701
2023-05-21,20.328785335631714,22.289039477147714,-1.9602541415159997
2023-05-22,20.051455312126556,22.183793222482258,-2.1323379103557016
2023-05-23,19.755909106069872,23.09407992504357,-3.3381708189736976
2023-05-24,19.465017805250323,23.09075457533112,-3.6257367700807954
2023-05-25,19.165992910084263,23.063190654002454,-3.8971977439181913
2023-05-26,18.886968272946785,23.046241822582314,-4.159273549635529
2023-05-27,18.632075832530052,22.70900390800791,-4.076928075477859
2023-05-28,18.3951050775554,22.199690453778345,-3.8045853762229456
2023-05-29,18.149618028949195,21.59337110905224,-3.4437530801030434
2023-05-30,17.90986848235738,21.485427011112574,-3.575558528755195
2023-05-31,17.65978745086747,20.561733737454766,-2.9019462865872967
2023-06-01,17.405976254714165,19.95393039940724,-2.547954144693076
2023-06-02,17.13327790020967,19.927026281238096,-2.7937483810284256
2023-06-03,16.914950968176104,19.778641276492998,-2.863690308316894
2023-06-04,16.74256119213164,19.723132994608857,-2.9805718024772183
2023-06-05,16.56642255802708,19.29150347517635,-2.725080917149267
2023-06-06,16.472422550793134,19.10162637673033,-2.6292038259371964
2023-06-07,16.399719719237698,18.60542122251678,-2.2057015032790837
2023-06-08,16.322691903792787,17.45553887160899,-1.132846967816203
2023-06-09,16.249072910399683,16.932069724406382,-0.6829968140066995
2023-06-10,16.160907053945355,13.70917505142679,2.4517320025185647
2023-06-11,16.059908876919494,13.383596530113525,2.676312346805968
2023-06-12,15.952370168157538,13.29499348423848,2.6573766839190576
2023-06-13,15.842627746399229,13.224877574745497,2.617750171653732
2023-06-14,15.717821942329744,12.749287209565333,2.968534732764411
2023-06-15,15.581582088710311,12.784705273070758,2.7968768156395534
2023-06-16,15.42692193774777,12.798417576160674,2.6285043615870958
2023-06-17,15.270680544785678,12.677435304231055,2.593245240554623
2023-06-18,15.12260590539699,12.5448812706814,2.57772463471559
2023-06-19,14.982686424817176,11.894969428049855,3.0877169967673215
2023-06-20,14.856987358797522,11.742744832880026,3.1142425259174953
2023-06-21,14.730967247212366,11.708454078098878,3.0225131691134877
2023-06-22,14.61846431712183,11.967344300870106,2.651120016251724
2023-06-23,14.512183347826634,12.209821912891757,2.302361434934877
2023-06-24,14.405460643974902,12.141795021931367,2.2636656220435345
2023-06-25,14.30729859472281,12.212526115480173,2.0947724792426374
2023-06-26,14.231692215335345,12.066716649185333,2.1649755661500123
2023-06-27,14.167974495848341,11.39452027480035,2.7734542210479916
2023-06-28,14.115665919040238,11.609804703156728,2.5058612158835096
2023-06-29,14.075541657807117,11.294785514926724,2.780756142880392
2023-06-30,14.032108152451924,11.654120154332345,2.377987998119579
2023-07-01,13.979088144904066,11.132137656727158,2.8469504881769083
2023-07-02,13.92625667474463,10.94932659030585,2.9769300844387807
2023-07-03,13.868412151788347,9.375241047537273,4.493171104251074
2023-07-04,13.819831879901983,7.8525225914203185,5.9673092884816645
2023-07-05,13.618609734983854,7.286728301894066,6.331881433089788
2023-07-06,13.423436145734147,9.39332247804021,4.0301136676939375
2023-07-07,13.233658934271071,10.28692287945357,2.9467360548175012
2023-07-08,13.049647586028922,10.032030619817053,3.017616966211868
2023-07-09,12.862615789653926,9.387361734462898,3.4752540551910283
2023-07-10,12.676018681037018,9.93291028246236,2.743108398574657
2023-07-11,12.486516731597485,9.511630599385557,2.974886132211928
2023-07-12,12.304396347570208,8.758064250132064,3.5463320974381443
2023-07-13,12.13337703612981,9.084551972022677,3.048825064107133
2023-07-14,11.977081155577647,8.081974887612,3.8951062679656463
2023-07-15,11.819205615373225,8.325241757039283,3.4939638583339416
2023-07-16,11.651086059087488,7.885356937197395,3.765729121890093
2023-07-17,11.47764938562056,7.718393522670193,3.7592558629503676
2023-07-18,11.30366836313318,7.527700851315487,3.7759675118176936
2023-07-19,11.118578108263234,7.256421815105353,3.8621562931578817
2023-07-20,10.940134588639413,7.2377201628761965,3.7024144257632168
2023-07-21,10.773278029792367,7.845017969416048,2.928260060376319
2023-07-22,10.59924642147063,7.571685214531446,3.0275612069391835
2023-07-23,10.411644046024858,7.567218999710456,2.8444250463144014
2023-07-24,10.233834956136102,7.857922282988615,2.3759126731474867
2023-07-25,10.085207098780083,7.82993588196055,2.2552712168195335
2023-07-26,10.228275368196737,7.719803540408605,2.5084718277881324
2023-07-27,10.228275368196737,7.940321077286133,2.287954290910604
2023-07-28,10.228275368196737,8.006777688562268,2.221497679634469
2023-07-29,10.228275368196737,8.240015437692005,1.9882599305047322
2023-07-30,10.228275368196737,7.969423789385871,2.258851578810866
2023-07-31,10.082960343723636,6.909967508635925,3.172992835087711
2023-08-01,10.082960343723636,6.856882548205993,3.226077795517643
2023-08-02,10.082960343723636,7.6669560283376565,2.4160043153859796
2023-08-03,9.93248231144787,7.690955681036635,2.2415266304112356
2023-08-04,9.778368519052098,7.857280418137739,1.9210881009143588
2023-08-05,9.620369259303386,7.84655115160038,1.773818107703006
2023-08-06,9.459867401540789,7.820375053316923,1.6394923482238664
2023-08-07,9.300011306831863,7.932341559991111,1.3676697468407513
2023-08-08,9.131080823614193,7.991504478891703,1.1395763447224896
2023-08-09,8.964960659338471,8.29810987716116,0.6668507821773115
2023-08-10,8.956838099840414,8.630754672722905,0.3260834271175099
2023-08-11,8.961135456167359,8.569319628500436,0.3918158276669228
2023-08-12,8.972345969581779,8.77017875176314,0.2021672178186389
2023-08-13,8.97837601611886,8.814790493664411,0.1635855224544489
2023-08-14,9.005459427594031,8.800062152755933,0.20539727483809855
2023-08-15,9.040350288226964,9.497854186209047,-0.45750389798208246
2023-08-16,9.087149377916157,9.626233129259171,-0.5390837513430142
2023-08-17,9.142095539527165,9.66420922229733,-0.5221136827701649
2023-08-18,9.180591047338973,9.93553121145466,-0.7549401641156859
2023-08-19,9.202735296155227,10.20849444581863,-1.0057591496634029
2023-08-20,9.217300518827733,9.962713012689422,-0.7454124938616893
2023-08-21,9.231679690413216,9.990699413717486,-0.7590197233042701
2023-08-22,9.232234598096994,9.971939359578062,-0.7397047614810681
2023-08-23,9.224703701105389,10.181826304512922,-0.9571226034075337
2023-08-24,9.217295585527697,10.19179386863708,-0.9744982831093818
2023-08-25,9.21748178385637,10.068148351737928,-0.850666567881559
2023-08-26,9.232283918282052,11.50593938883502,-2.273655470552969
2023-08-27,9.250022278455077,12.382577029415074,-3.132554750959997
2023-08-28,9.271523959955001,12.380251785341008,-3.1087278253860067
2023-08-29,9.302981874009769,9.949050115695387,-0.6460682416856187
2023-08-30,9.338864482600448,11.327054596151196,-1.9881901135507487
2023-08-31,9.384188382001147,12.288930985702844,-2.9047426037016972
2023-09-01,9.394029613869195,14.674017595107143,-5.279987981237948
2023-09-02,9.414112380928216,14.667811093843097,-5.253698712914881
2023-09-03,9.437257628281007,12.568781533711187,-3.13152390543018
2023-09-04,9.465644786617784,14.024733084538623,-4.559088297920839
2023-09-05,9.5074030145305,10.75617227214403,-1.2487692576135299
2023-09-06,9.568389250760086,10.722850083190913,-1.1544608324308268
2023-09-07,9.648685309710531,12.388428648436303,-2.7397433387257717
2023-09-08,9.73477866550782,13.564420430148154,-3.829641764640334
2023-09-09,9.823163284001165,11.973607487424912,-2.1504442034237474
2023-09-10,9.911294318283401,11.160426066702794,-1.2491317484193925
2023-09-11,10.006838573177252,11.177183862168535,-1.1703452889912835
2023-09-12,10.109889367000832,10.775745358285839,-0.6658559912850066
2023-09-13,10.217472324804602,10.690063133499336,-0.4725908086947346
2023-09-14,10.312783191487439,11.384566726595855,-1.0717835351084162
2023-09-15,10.393910329226008,11.272709241434818,-0.8787989122088096
2023-09-16,10.474103934339613,11.155715839489467,-0.6816119051498539
2023-09-17,10.546970224392938,10.086817160162601,0.46015306423033664
2023-09-18,10.604844681504273,10.289789117874433,0.31505556362984066
2023-09-19,10.639516554537085,10.341996141834834,0.2975204127022515
2023-09-20,10.642977778021404,10.69924921008424,-0.05627143206283591
2023-09-21,10.634384057324606,13.654829177598641,-3.020445120274035
2023-09-22,10.677530338500132,13.47967067131955,-2.802140332819418
2023-09-23,10.693540246851978,13.082211329047201,-2.3886710821952235
2023-09-24,10.710507065895113,12.877027467330336,-2.166520401435223
2023-09-25,10.728317627059052,12.323070401607762,-1.5947527745487093
2023-09-26,10.733755756193919,11.271178277518525,-0.537422521324606
2023-09-27,10.884814471378819,10.488142871972071,0.3966715994067478
2023-09-28,11.031313447424468,11.196305673034779,-0.16499222561031068
2023-09-29,11.031313447424468,11.156019562726746,-0.12470611530227771
2023-09-30,11.031313447424468,11.319394086099466,-0.2880806386749981
2023-10-01,11.031313447424468,11.194783766735425,-0.16347031931095657
2023-10-02,11.031313447424468,11.471131677540233,-0.4398182301157654
2023-10-03,11.031313447424468,11.210297437920426,-0.1789839904959578
2023-10-04,11.031313447424468,11.014317180802378,0.016996266622090417
2023-10-05,11.031313447424468,11.5888766408753,-0.5575631934508323
2023-10-06,11.031313447424468,11.53390724218564,-0.5025937947611716
2023-10-07,11.031313447424468,11.008192358949751,0.023121088474717055
2023-10-08,11.031313447424468,13.464680098742564,-2.433366651318096
2023-10-09,11.18748597012799,13.650656454863533,-2.463170484735544
2023-10-10,11.351263351730333,13.452425746398726,-2.1011623946683926
2023-10-11,11.513180247525328,12.542575154182543,-1.029394906657215
2023-10-12,11.676536704884004,13.490494623062686,-1.8139579181786818
2023-10-13,11.838357798623552,13.050037363201012,-1.2116795645774605
2023-10-14,12.003014414652386,13.013616838907794,-1.0106024242554081
2023-10-15,12.161905587824638,13.02480273908226,-0.8628971512576218
2023-10-16,12.317642696530926,13.395047624089369,-1.077404927558442
2023-10-17,12.470120734844558,13.50924756312251,-1.0391268282779524
2023-10-18,12.476867642397172,13.526818579202079,-1.0499509368049065
2023-10-19,12.624610667588936,13.541295116451517,-0.9166844488625809
2023-10-20,12.768145951236187,13.381305577918639,-0.6131596266824513
2023-10-21,12.91612695931251,13.58293617801236,-0.66680921869985
2023-10-22,12.916126959312512,14.576217035630608,-1.6600900763180952
2023-10-23,12.916126959312512,14.267066934673053,-1.3509399753605411
2023-10-24,12.916126959312512,13.86486485979013,-0.9487379004776173
2023-10-25,12.916126959312512,13.788267736270411,-0.8721407769578988
2023-10-26,12.916126959312512,13.536558103554398,-0.620431144241886
2023-10-27,12.916126959312512,13.62237222580787,-0.7062452664953582
2023-10-28,12.916126959312512,12.142637952177095,0.7734890071354172
2023-10-29,12.916126959312512,12.077841704453851,0.8382852548586612
2023-10-30,12.916126959312512,12.032902500017329,0.8832244592951835
2023-10-31,12.916126959312512,11.473895756020246,1.4422312032922662
2023-11-01,12.916126959312512,11.45610544707506,1.4600215122374518
2023-11-02,12.762726907951665,11.70570627630677,1.0570206316448942
2023-11-03,12.606016462732544,13.80071707783627,-1.1947006151037254
2023-11-04,12.441751770365581,14.558609670780658,-2.116857900415077
2023-11-05,12.27995365170112,12.714856788605212,-0.4349031369040919
2023-11-06,12.10124274989114,12.611066656910484,-0.509823907019344
2023-11-07,11.914451984611924,12.337615114845237,-0.42316313023331276
2023-11-08,11.717891158050294,13.085039837495907,-1.367148679445613
2023-11-09,11.518459556410097,20.378531168507983,-8.860071612097887
2023-11-10,11.328285703008627,20.550543087747464,-9.222257384738837
2023-11-11,11.143512417366788,20.566388459669454,-9.422876042302667
2023-11-12,10.958084182742269,20.89702404389763,-9.938939861155362
2023-11-13,10.771640402298742,21.287014587667475,-10.515374185368733
2023-11-14,10.597669846199732,21.30040486123781,-10.702735015038076
2023-11-15,10.42114367007591,21.228276103955587,-10.807132433879676
2023-11-16,10.23812912384683,21.429440999382447,-11.191311875535616
2023-11-17,10.0565940706593,21.347116399806566,-11.290522329147267
2023-11-18,9.857141465897055,21.098633370790093,-11.241491904893039
2023-11-19,9.655593842506079,13.778821743996243,-4.123227901490164
2023-11-20,9.448956817220505,14.291591167961956,-4.84263435074145
2023-11-21,9.372901834193158,14.072245468365072,-4.699343634171914
2023-11-22,9.28621475821201,13.601498493010507,-4.315283734798497
2023-11-23,9.04452381735677,12.586985456248208,-3.542461638891437
2023-11-24,8.831977494617506,11.363109899704824,-2.531132405087318
2023-11-25,8.612254691285264,11.343800051964605,-2.731545360679341
2023-11-26,8.389567576400236,10.966328494235482,-2.576760917835246
2023-11-27,8.163605730557665,10.99528377601799,-2.8316780454603254
2023-11-28,7.928424442887681,10.88028518555031,-2.951860742662629
2023-11-29,7.679439820105292,10.399555507669831,-2.7201156875645394
2023-11-30,7.415212940591944,10.089744287564104,-2.6745313469721594
2023-12-01,7.296199069167293,10.073874887255467,-2.7776758180881744
2023-12-02,7.182366873309683,9.903389100822702,-2.7210222275130187
2023-12-03,7.0762242437499765,9.603759935412217,-2.5275356916622407
2023-12-04,6.963607963387214,9.137780175773065,-2.1741722123858507
2023-12-05,6.842250530361937,9.301181591287962,-2.458931060926025
2023-12-06,6.719087446290059,9.006573497165643,-2.287486050875584
2023-12-07,6.605987419145649,8.549802019311658,-1.943814600166009
2023-12-08,6.504294599181894,8.804551331202685,-2.3002567320207907
2023-12-09,6.390203043945424,8.53044055502845,-2.1402375110830265
2023-12-10,6.282709179740698,8.282622674529808,-1.9999134947891095
2023-12-11,6.177917376423742,8.15379422393742,-1.9758768475136774
2023-12-12,6.0854312876775944,8.274236658703769,-2.1888053710261746
2023-12-13,6.015674596316133,8.558143317555833,-2.5424687212397004
2023-12-14,5.958905086206706,7.747418144084359,-1.788513057877653
2023-12-15,5.715579174468268,8.121959514224844,-2.406380339756576
2023-12-16,5.520330701129816,7.472677666728006,-1.9523469655981902
2023-12-17,5.3354714860130485,7.399684389386697,-2.0642129033736483
2023-12-18,5.160313337747447,7.431471478525656,-2.2711581407782084
2023-12-19,4.998171176227946,7.465673345574322,-2.4675021693463757
2023-12-20,4.847112461043046,8.01103822788067,-3.1639257668376244
2023-12-21,4.700613484997397,8.867838821335852,-4.167225336338455
2023-12-22,4.700613484997397,9.110851358430896,-4.410237873433499
2023-12-23,4.700613484997397,7.978534442749258,-3.2779209577518618
2023-12-24,4.700613484997397,8.356677002133866,-3.6560635171364693
2023-12-26,4.700613484997397,8.089669987042377,-3.3890565020449808
2023-12-27,4.700613484997397,8.326258557235636,-3.62564507223824
2023-12-28,4.700613484997397,8.22852642144219,-3.5279129364447934
2023-12-29,4.700613484997397,8.11768490882737,-3.417071423829973
2023-12-30,4.700613484997397,8.864618854967889,-4.164005369970492
2023-12-31,4.700613484997397,8.569819366530878,-3.869205881533481
2024-01-01,4.700613484997397,7.634459747283565,-2.9338462622861687
2024-01-02,4.5444409622938755,7.898448804698802,-3.3540078424049264
2024-01-03,4.3806635806915315,7.88318438792059,-3.5025208072290583
2024-01-04,4.218746684896536,7.805156222517227,-3.586409537620691
2024-01-05,4.055390227537859,7.638938908915647,-3.5835486813777884
2024-01-06,3.8935691337983127,6.711332564835622,-2.8177634310373096
2024-01-07,3.957626524750266,6.515237304739443,-2.557610779989177
2024-01-08,3.7987353515780145,5.5761734063395165,-1.777438054761502
2024-01-09,3.6429982428717267,5.121441092364949,-1.4784428494932227
2024-01-10,3.639041326113919,5.2285248528157755,-1.5894835267018563
2024-01-11,3.64463775972705,5.08497095767478,-1.4403331979477296
2024-01-12,3.6545269848978257,5.203236856043416,-1.5487098711455904
2024-01-13,3.5109917012505742,5.348446878129616,-1.837455176879042
2024-01-14,3.554975744608085,5.282967851789946,-1.7279921071818611
2024-01-15,3.746964385999435,4.938747716143943,-1.1917833301445078
2024-01-16,3.928008983949043,5.068021444500924,-1.140012460551881
2024-01-17,4.108538537341285,5.625823649700843,-1.5172851123595583
2024-01-18,4.305212274160082,5.62402430146927,-1.3188120273091881
2024-01-19,4.514555220222969,5.662503389034455,-1.147948168811486
2024-01-20,4.72910801566129,5.811649310186039,-1.0825412945247486
2024-01-21,4.950294125160653,5.722885441073589,-0.7725913159129361
2024-01-22,5.17181371144711,5.755382639008851,-0.5835689275617408
2024-01-23,5.397014023735737,6.054252982777326,-0.6572389590415888
2024-01-24,5.616335422994075,7.230191719268658,-1.6138562962745828
2024-01-25,5.836742863682,7.4598407221048975,-1.6230978584228977
2024-01-26,6.06599200954644,8.027716018072741,-1.9617240085263017
2024-01-27,6.303897970628564,8.26414001602611,-1.9602420453975453
2024-01-28,6.557979951184914,8.30296431417421,-1.7449843629892952
2024-01-29,6.8221838029354105,8.646178706337317,-1.823994903401906
2024-01-30,7.094509308236141,9.130828193907487,-2.0363188856713457
2024-01-31,7.398683557623095,8.87640857448369,-1.477725016860595
2024-02-01,7.731282157052368,9.56173242148954,-1.8304502644371716
2024-02-02,8.086588813541486,12.751321549360455,-4.664732735818969
2024-02-03,8.43663224691684,13.72615429249922,-5.28952204558238
2024-02-04,8.7750258656496,13.65032931635627,-4.875303450706671
2024-02-05,9.117560496792235,12.398040773811502,-3.280480277019267
2024-02-06,9.490629309891608,12.09266129498733,-2.6020319850957225
2024-02-07,9.871886872213167,12.960818809931151,-3.088931937717984
2024-02-08,10.248169297119626,12.914335058163786,-2.6661657610441605
2024-02-09,10.64061003009259,13.143869351360129,-2.5032593212675387
2024-02-10,11.037240017978075,13.835247249047997,-2.7980072310699224
2024-02-11,11.431336328515082,13.98103123998809,-2.549694911473008
2024-02-12,11.81668997894504,14.603813703649339,-2.7871237247042977
2024-02-13,12.203342747102482,15.31988616634861,-3.1165434192461277
2024-02-14,12.458391925599173,15.522835418063439,-3.0644434924642656
2024-02-15,12.73099845983235,15.697246539581498,-2.966248079749148
2024-02-16,13.178141420642332,16.69484153281177,-3.5167001121694366
2024-02-17,13.636817198962108,16.742287883349068,-3.10547068438696
2024-02-18,14.105561366228999,17.38820796528392,-3.2826465990549227
2024-02-19,14.581751283642513,17.714017137617006,-3.132265853974493
2024-02-20,15.061491082965357,17.60271015120152,-2.5412190682361633
2024-02-21,15.570826994191503,17.595729576730168,-2.0249025825386653
2024-02-22,16.06111651698949,17.808564102008578,-1.7474475850190885
2024-02-23,16.535612058009146,17.772174236164474,-1.236562178155328
2024-02-24,16.886627990870814,17.637218067210892,-0.7505900763400781
2024-02-25,17.22457761573116,18.197282246046605,-0.9727046303154445
2024-02-26,17.610869499689336,18.183714644849136,-0.5728451451597998
2024-02-27,17.988953806603238,18.51643525723397,-0.5274814506307308
2024-02-28,18.38377838523709,18.44354768107216,-0.05976929583507129
2024-02-29,18.788317592313327,19.517962001235947,-0.7296444089226206
2024-03-01,19.17638293042939,19.1978859754056,-0.02150304497621036
2024-03-02,19.558158303567506,18.53862503151915,1.0195332720483563
2024-03-03,19.926730507933193,18.8424108522139,1.0843196557192947
2024-03-04,20.310571472488256,18.564791251521854,1.7457802209664024
2024-03-05,20.715470023282098,18.512375453962918,2.2030945693191804
2024-03-06,21.14841181088253,18.356119684941955,2.7922921259405733
2024-03-07,21.590748415111868,22.756268872939856,-1.1655204578279879
2024-03-08,22.029368822392986,18.761079632221772,3.268289190171213
2024-03-09,22.607650036957647,19.032825745936552,3.574824291021095
2024-03-10,23.179780953446887,19.237002511831612,3.9427784416152747
2024-03-11,23.745559906631087,19.552925170639366,4.192634735991721
2024-03-12,24.310168570653094,20.641101598227028,3.669066972426066
2024-03-13,24.856145499486736,18.174667134334925,6.681478365151811
2024-03-14,25.377091628231813,22.668159099227683,2.70893252900413
2024-03-15,25.87954185557177,22.215303224615436,3.6642386309563335
2024-03-16,26.38225340370625,22.10617924749984,4.276074156206413
2024-03-17,26.881245465740925,22.267980805481542,4.613264660259382
2024-03-18,27.355178569258104,22.790395675981387,4.564782893276718
2024-03-19,27.828680442770064,23.20470469852557,4.623975744244493
2024-03-20,28.283412163322705,23.225805921246558,5.057606242076147
2024-03-21,28.717394281434412,25.019298682990506,3.6980955984439063
2024-03-22,29.122858277500324,24.288303876032096,4.834554401468228
2024-03-23,29.506583553292497,24.096162607840434,5.4104209454520635
2024-03-24,29.894887365002976,24.891013210468298,5.003874154534678
2024-03-25,30.24161278271084,25.742564210705183,4.4990485720056554
2024-03-26,30.56531704057135,26.169619024192862,4.395698016378489
2024-03-27,30.899307198577954,25.883356127388886,5.015951071189068
2024-03-28,31.25132378422904,26.548858351264762,4.702465432964278
2024-03-29,31.588131317089392,26.58672888960186,5.00140242748753
2024-03-30,31.91767923775401,28.235872630331855,3.681806607422157
2024-03-31,32.01441365057495,28.69365227337524,3.3207613771997124
2024-04-01,32.336256154700074,30.778319726102154,1.5579364285979196
2024-04-02,32.67455841425231,30.62892119010045,2.045637224151861
2024-04-03,32.86569424265306,30.943388879647255,1.9223053630058082
2024-04-04,33.04482722356943,31.213841939579186,1.8309852839902412
2024-04-05,33.22314649477623,31.07296217118795,2.150184323588281
2024-04-06,33.54787815779933,31.171247971000902,2.3766301867984296
2024-04-07,33.66969882661781,31.03890222559155,2.630796601026262
2024-04-08,33.796178979397915,31.002248395797768,2.7939305836001473
2024-04-09,33.937477216809604,31.002248395797768,2.9352288210118367
2024-04-10,34.08747187710033,31.09343051031587,2.994041366784458
2024-04-11,34.222586753187066,31.07852113533357,3.144065617853496
2024-04-12,34.32038268846372,31.096661401132202,3.2237212873315144
2024-04-13,34.41512193741103,30.9824208851861,3.432701052224928
2024-04-14,34.500561632089855,31.01335521638729,3.487206415702566
2024-04-15,34.58389785215262,31.359394466324158,3.2245033858284593
2024-04-16,34.661460533073296,31.41666855868693,3.2447919743863665
2024-04-17,34.742585617121435,31.322953539569806,3.419632077551629
2024-04-18,34.82314669669886,31.134159809782496,3.688986886916368
2024-04-19,34.89433718499326,31.10371959579122,3.790617589202043
2024-04-20,34.953050072141835,30.935179172267958,4.017870899873877
2024-04-21,34.995833347644904,31.006509183509255,3.989324164135649
2024-04-22,35.02527040690141,31.155665334569846,3.8696050723315665
2024-04-23,35.02152851646556,31.144648961038705,3.8768795554268536
2024-04-24,34.97598100118467,31.14868442952203,3.8272965716626395
2024-04-25,34.90266693056239,30.94441290230911,3.958254028253279
2024-04-26,34.80797561995167,30.77675909022747,4.031216529724201
2024-04-27,34.72252086307204,30.77675909022747,3.9457617728445733
2024-04-28,34.67646141153754,30.77675909022747,3.8997023213100697
2024-04-29,34.636547116590016,30.77675909022747,3.8597880263625477
2024-04-30,34.541103574837095,31.238342421772536,3.3027611530645586
2024-05-01,34.41374471365537,31.2015667455986,3.2121779680567677
2024-05-02,34.30995899852937,31.342674485346993,2.967284513182374
2024-05-03,34.19664052091702,30.921561878179237,3.2750786427377854
2024-05-04,34.07842355203366,30.943747992898015,3.1346755591356477
2024-05-05,33.952695618433815,30.780157089773258,3.1725385286605565
2024-05-06,33.82215942721533,30.74971687578198,3.072442551433351
2024-05-07,33.684245498862126,30.53282126562467,3.1514242332374565
2024-05-08,33.518854394141535,30.46779800367456,3.051056390466975
2024-05-09,33.34459522916679,29.930041465392865,3.4145537637739274
2024-05-10,33.15593494252566,29.707756941565172,3.448178000960489
2024-05-11,32.979217598034346,29.68253895356208,3.2966786444722658
2024-05-12,32.757356862172884,29.568907771164422,3.1884490910084615
2024-05-13,32.50665066548148,29.59432268073173,2.9123279847497514
2024-05-14,32.24597869829389,29.480764501545952,2.7652141967479373
2024-05-15,31.94158269732554,29.448945009302527,2.492637688023013
2024-05-16,31.655934808384576,29.24339451200039,2.4125402963841864
2024-05-17,31.3823820858832,29.38973522341357,1.9926468624696305
2024-05-18,31.07299738135189,29.26901244843535,1.8039849329165385
2024-05-19,30.753097523469744,29.204699996436492,1.5483975270332522
2024-05-20,30.37382236457218,28.602489121533356,1.771333243038825
2024-05-21,30.004609441524632,27.1225184944782,2.882090947046432
2024-05-22,29.61952589966796,25.478473101752968,4.141052797914991
2024-05-23,29.232353893277782,25.4766044584111,3.755749434866683
2024-05-24,28.862257817244988,24.773027762263148,4.08923005498184
2024-05-25,28.496782441153396,24.443105669250667,4.05367677190273
2024-05-26,28.148973189783362,24.783734424350058,3.365238765433304
2024-05-27,27.791632046559254,24.430583053418133,3.3610489931411216
2024-05-28,27.42497508159363,24.04622815998531,3.378746921608318
2024-05-29,27.032297440854844,24.09116605005861,2.941131390796233
2024-05-30,26.638201843456336,23.98758690468804,2.650614938768296
2024-05-31,26.266025302058406,23.463622564823027,2.8024027372353792
2024-06-01,25.903960522890348,23.469716899424107,2.434243623466241
2024-06-02,25.55888174259938,23.55519773394384,2.00368400865554
2024-06-03,25.232157242230958,22.995663038309527,2.2364942039214313
2024-06-04,24.898405541585273,22.517176502446006,2.381229039139267
2024-06-05,24.586350127484824,21.97656572057593,2.6097844069088936
2024-06-06,24.311173149973197,21.220115328197522,3.0910578217756743
2024-06-07,24.042912713823398,19.72825623331481,4.314656480508589
2024-06-08,23.769276877092118,20.59117574179402,3.178101135298096
2024-06-09,23.511728391726756,20.62824695276929,2.883481438957464
2024-06-10,23.286162809323677,20.635872378556993,2.6502904307666846
2024-06-11,23.070267865489154,19.586289420669537,3.4839784448196163
2024-06-12,22.87505684701087,19.346519619795178,3.5285372272156934
2024-06-13,22.692471045055097,19.35578392594064,3.3366871191144583
2024-06-14,22.528046724745945,19.212809720338388,3.3152370044075568
2024-06-15,22.420337031654377,19.326079067217258,3.0942579644371193
2024-06-16,22.326798772704706,19.536134366311607,2.7906644063930983
2024-06-17,22.26453661425745,19.52820032816092,2.736336286096531
2024-06-18,22.214918341236714,19.40611058793409,2.8088077533026237
2024-06-19,22.14207739066529,19.679547593883314,2.4625297967819755
2024-06-20,22.024483135997794,20.07219165077402,1.9522914852237747
2024-06-21,21.916160397924664,20.154654192643658,1.7615062052810053
2024-06-22,21.82562299345986,19.556728013294002,2.2688949801658573
2024-06-23,21.755146902378886,19.605228464358234,2.149918438020652
2024-06-24,21.690683573342305,19.605228464358234,2.085455108984071
2024-06-25,21.6139403226178,19.3309316974605,2.2830086251573007
2024-06-26,21.541575646253698,19.282431246396268,2.25914439985743
2024-06-27,21.478009744932177,19.667840707317964,1.8101690376142123
2024-06-28,21.402592791507818,20.172712866639515,1.2298799248683032
2024-06-29,21.32108063137311,20.003117157377687,1.3179634739954231
2024-06-30,21.248183564442304,20.13351348715283,1.1146700772894746
2024-07-01,21.163905333553128,20.51405647509942,0.6498488584537085
2024-07-02,21.06933352004646,18.68820531478948,2.381128205256978
2024-07-03,20.96975709748413,18.16816098219465,2.801596115289481
2024-07-04,20.864577644208957,17.948745852609314,2.9158317915996435
2024-07-05,20.790282127118143,17.89349501063666,2.896787116481484
2024-07-06,20.7146302452859,17.98538893283143,2.7292413124544694
2024-07-07,20.63551033752907,17.88941772152684,2.7460926160022296
2024-07-08,20.540214328845547,17.79766607074356,2.742548258101987
2024-07-09,20.413592006343496,17.396141405485718,3.017450600857778
2024-07-10,20.280590633523534,17.683380476207493,2.5972101573160415
2024-07-11,20.148893786777386,16.647876368815716,3.5010174179616698
2024-07-12,20.03518093565604,16.060667320777853,3.9745136148781874
2024-07-13,19.93944531445865,15.894238199153081,4.045207115305567
2024-07-14,19.840943174231963,14.83629382736668,5.004649346865284
2024-07-15,19.745013947635822,14.61817632135182,5.1268376262840025
2024-07-16,19.677304814175695,13.946692433752604,5.730612380423091
2024-07-17,19.624898265423298,14.27605979626832,5.348838469154977
2024-07-18,19.570193890481598,14.003400785910282,5.566793104571316
2024-07-19,19.507297306855694,14.153775323252795,5.353521983602899
2024-07-20,19.419469235353063,14.014859291584257,5.404609943768806
2024-07-21,19.295392056234736,13.505264975122236,5.7901270811125
2024-07-22,19.149716697510424,13.00487925151376,6.144837445996664
2024-07-23,19.01842537617412,13.00487925151376,6.013546124660362
2024-07-24,18.76452667503429,13.00487925151376,5.75964742352053
2024-07-25,18.49202996525384,12.16964232980213,6.322387635451708
2024-07-26,18.21290770989322,12.165182222600206,6.047725487293013
2024-07-27,18.084805921405504,11.891348494323362,6.1934574270821425
2024-07-28,17.995443759053764,11.651425586932579,6.344018172121185
2024-07-29,17.955308042892547,11.594650353442193,6.360657689450354
2024-07-30,17.933902855226375,14.00610728522423,3.9277955700021447
2024-07-31,17.93549325809236,13.407940254145148,4.527553003947213
2024-08-01,17.927051095253926,13.507490466998092,4.419560628255834
2024-08-02,17.898593239668287,13.567041159654869,4.331552080013418
2024-08-03,17.83270348801666,13.497522902873936,4.335180585142723
2024-08-04,17.81021768122253,13.427097796169228,4.383119885053301
2024-08-05,17.80822491849514,13.291208233445698,4.517016685049441
2024-08-06,17.822896325310772,13.370611070455539,4.452285254855234
2024-08-07,17.85095765828896,13.396653961660329,4.45430369662863
2024-08-08,17.883025889799004,13.313046636160342,4.569979253638662
2024-08-09,17.921288947814364,13.122907466484333,4.798381481330031
2024-08-10,17.95477239421746,12.904497143908172,5.050275250309289
2024-08-11,18.009122903278328,12.904497143908172,5.1046257593701565
2024-08-12,18.071656718185384,12.51870812639172,5.552948591793664
2024-08-13,18.12588493369414,12.51870812639172,5.607176807302421
2024-08-14,18.169036602140537,12.750667794038717,5.418368808101819
2024-08-15,18.19264334145791,13.147299778094629,5.04534356336328
2024-08-16,18.197291494094877,13.137332213970472,5.059959280124405
2024-08-17,18.198449259475773,13.137332213970472,5.0611170455053
2024-08-18,18.19482177278641,12.993392948431424,5.201428824354984
2024-08-19,18.182638451447477,12.64649426447915,5.536144186968327
2024-08-20,18.166989389416727,12.534515419029349,5.6324739703873785
2024-08-21,18.14697415918426,12.551268950433023,5.595705208751237
2024-08-22,18.110862734840932,13.098621175257017,5.012241559583915
2024-08-23,18.06162395967228,13.098621175257017,4.963002784415261
2024-08-24,17.992814460782448,12.940859078363703,5.051955382418745
2024-08-25,17.93781732487056,12.943262020659535,4.994555304211026
2024-08-26,17.87481785508225,12.912669341396894,4.962148513685355
2024-08-27,17.82285657809864,12.943262020659535,4.8795945574391055
2024-08-28,17.771079524073023,12.700597694312457,5.070481829760567
2024-08-29,17.71730026706474,13.373759606225411,4.343540660839329
2024-08-30,17.688022236532024,12.237410525711105,5.450611710820919
2024-08-31,17.682720072473167,11.442968945522594,6.239751126950573
2024-09-01,17.69179132248949,11.534481832824515,6.157309489664975
2024-09-02,17.709048307123346,11.36109033876659,6.347957968356756
2024-09-03,17.70969548648595,11.360560937856496,6.349134548629452
2024-09-04,17.707004477250287,11.316778206846438,6.390226270403849
2024-09-05,17.71500313835003,11.336155203193893,6.378847935156138
2024-09-06,17.725980746573164,10.967540238584158,6.758440507989006
2024-09-07,17.722822018797377,8.006690378535847,9.71613164026153
2024-09-08,17.69793848577552,7.393128504423122,10.304809981352399
2024-09-09,17.684733912371257,7.589743751728038,10.094990160643219
2024-09-10,17.67684614258373,9.821699935438032,7.855146207145699
2024-09-11,17.684691051728393,9.82094345676581,7.863747594962582
2024-09-12,17.72513816073954,9.851930091073793,7.873208069665747
2024-09-13,17.77297965029406,10.007316316988083,7.765663333305978
2024-09-14,17.813297118205927,9.607271706253746,8.206025411952181
2024-09-15,17.8432652744689,10.410595778304245,7.432669496164657
2024-09-16,17.862818190235323,10.361371452631078,7.501446737604246
2024-09-17,17.877307954662925,10.088084113820885,7.789223840842039
2024-09-18,17.88492983888699,8.548734046403395,9.336195792483595
2024-09-19,17.91426121581751,8.17960700589298,9.734654209924532
2024-09-20,17.919729569603167,7.57952105245429,10.340208517148877
2024-09-21,17.941406411450576,7.661071581761737,10.280334829688838
2024-09-22,17.965384918587215,7.660520720853881,10.304864197733334
2024-09-23,17.988817553024916,7.7068699924133695,10.281947560611545
2024-09-24,17.99891054581642,7.746347963292676,10.252562582523742
2024-09-25,18.00791715285587,7.431366583548523,10.576550569307347
2024-09-26,18.03371103580873,8.290161908323729,9.743549127485
2024-09-27,18.052768363677277,11.44371457261496,6.609053791062317
2024-09-28,18.0609942838147,11.382952252673153,6.678042031141548
2024-09-29,18.086145082254994,11.507428962450447,6.578716119804547
2024-09-30,18.112653440456484,12.777809754070065,5.334843686386419
2024-10-01,18.165406008573544,12.116278259893425,6.049127748680119
2024-10-02,18.23338637214803,12.54998836496657,5.683398007181459
2024-10-03,18.30237644229384,12.442822074698435,5.859554367595406
2024-10-04,18.34788263912203,12.476612085509197,5.871270553612833
2024-10-05,18.388748325058106,12.639371374194821,5.749376950863285
2024-10-06,18.437241590357296,12.558090815693543,5.879150774663753
2024-10-07,18.482756713092158,12.558090815693543,5.924665897398615
2024-10-08,18.514082382409107,12.351329441671279,6.162752940737828
2024-10-09,18.52724177291412,12.188462723328795,6.338779049585325
2024-10-10,18.525355153888402,12.333829751895628,6.191525401992774
2024-10-11,18.518037911053653,12.277096618976742,6.240941292076911
2024-10-12,18.527019181743842,12.155315491716655,6.3717036900271875
2024-10-13,18.534192745133762,12.237709908116747,6.296482837017015
2024-10-14,18.54929346639175,12.381248251483917,6.168045214907831
2024-10-15,18.590321403275052,10.430789656367798,8.159531746907254
2024-10-16,18.77178383567671,10.110211565166995,8.661572270509716
2024-10-17,18.944315516579415,10.118519411235638,8.825796105343777
2024-10-18,19.106650078225442,9.61459290551723,9.492057172708213
2024-10-19,19.11329914968299,9.803766579006112,9.309532570676879
2024-10-20,19.082096649107477,9.78840210184722,9.293694547260257
2024-10-21,19.016979212386726,9.577825771057444,9.439153441329282
2024-10-22,18.953642241022294,9.377241477246477,9.576400763775817
2024-10-23,18.8788591955801,9.087832071924003,9.791027123656098
2024-10-24,18.791650047039727,8.952138179527942,9.839511867511785
2024-10-25,18.561625228456517,8.730655221380335,9.830970007076182
2024-10-26,18.345556546279685,8.981774480328943,9.363782065950742
2024-10-27,18.12115892166839,9.311749451638994,8.809409470029395
2024-10-28,17.89766796367367,9.477979640555402,8.419688323118267
2024-10-29,17.663928724722783,9.009008020424112,8.654920704298672
2024-10-30,17.4309274814868,9.958488489150508,7.4724389923362935
2024-10-31,17.194217616119733,10.253488233237418,6.940729382882315
2024-11-01,16.955011739586087,10.627279183421024,6.3277325561650635
2024-11-02,16.725422689575517,10.761131729229913,5.964290960345604
2024-11-03,16.47987303146201,10.771085275540026,5.708787755921984
2024-11-04,16.2258721125842,10.63780812595415,5.588063986630049
2024-11-05,15.97538183933339,10.608780021515205,5.366601817818186
2024-11-06,15.734232863725055,10.624428858665512,5.109804005059543
2024-11-07,15.512676519483218,10.690120467385485,4.822556052097733
2024-11-08,15.311901940964537,10.823622987690639,4.488278953273898
2024-11-09,15.114544042975279,10.793829378851033,4.320714664124246
2024-11-10,14.926823031090047,10.850576529583963,4.076246501506084
2024-11-11,14.743914792322329,11.026055037629535,3.7178597546927943
2024-11-12,14.562714280503144,10.744487984365824,3.81822629613732
2024-11-13,14.389563112165083,10.47898346099316,3.9105796511719237
2024-11-14,14.226668350402965,9.95855237923613,4.268115971166836
2024-11-15,14.0610248445291,10.044351736096287,4.016673108432814
2024-11-16,13.913617908022326,10.044337718282243,3.869280189740083
2024-11-17,13.741562907735936,9.517990131895036,4.2235727758409
2024-11-18,13.565507924708479,9.693254902513065,3.872253022195414
2024-11-19,13.386612238315765,9.450166783311602,3.936445455004163
2024-11-20,13.204467777608187,9.388198317697778,3.8162694599104086
2024-11-21,13.012477883383022,9.555674770905108,3.456803112477914
2024-11-22,12.807566122725575,9.512278571534637,3.2952875511909383
2024-11-23,12.583792575381235,9.850262012059762,2.733530563321473
2024-11-24,12.333277748695602,10.003747858420692,2.3295298902749106
2024-11-25,12.067653242947642,10.083534288698031,1.9841189542496114
2024-11-26,11.8093991339076,10.61315749600629,1.196241637901311
2024-11-27,11.55256944106891,10.509664721667786,1.0429047194011236
2024-11-28,11.293174463813228,10.607231934085888,0.68594252972734
2024-11-29,11.041157179833332,10.597190155091798,0.44396702474153393
2024-11-30,10.76830032490852,9.992937804413147,0.7753625204953725
2024-12-01,10.498418305169565,10.034553067246273,0.46386523792329193
2024-12-02,10.227159619313221,9.8396502977807,0.38750932153252116
2024-12-03,9.960961404260976,9.653948380478196,0.3070130237827797
2024-12-04,9.691967287681134,9.835761123582788,-0.14379383590165418
2024-12-05,9.417097847686396,9.865568750236438,-0.4484709025500422
2024-12-06,9.140771563344655,9.765528744307195,-0.6247571809625398
2024-12-07,8.86144357923297,9.167176203397895,-0.30573262416492497
2024-12-08,8.576503094249249,9.064422851716456,-0.48791975746720695
2024-12-09,8.299571003394286,7.624433898417698,0.6751371049765877
2024-12-10,8.023522230138946,7.624433898417698,0.3990883317212477
2024-12-11,7.748608072322408,7.705740762136739,0.04286731018566847
2024-12-12,7.448298005214643,5.900186218152055,1.548111787062588
2024-12-13,7.182295083284002,5.692512345546855,1.4897827377371469
2024-12-14,6.9173987385482025,7.403024736148823,-0.48562599760062053
2024-12-15,6.652531578090058,6.729793901062242,-0.07726232297218338
2024-12-16,6.394908380370073,5.940017663839324,0.4548907165307492
2024-12-17,6.157044365723938,5.3811335536078015,0.7759108121161367
2024-12-18,5.917089967563852,5.724939175237531,0.19215079232632082
2024-12-19,5.66468692498063,5.738440691206432,-0.07375376622580188
2024-12-20,5.4127862328633585,5.650925574707228,-0.2381393418438691
2024-12-21,5.170920150172543,5.468795540909703,-0.2978753907371603
2024-12-22,4.918263455310893,5.3765483758894295,-0.45828492057853687
2024-12-23,4.6821952994437055,5.157708556370284,-0.4755132569265781
2024-12-25,4.453302060619394,4.224650662899769,0.2286513977196245
2024-12-26,4.217876586558397,3.9230574398978937,0.29481914666050324
2024-12-27,3.979614842893374,3.1497728820176785,0.8298419608756955
2024-12-28,3.747381863027692,3.4740938626334574,0.2732880003942344
2024-12-29,3.505632950058309,3.8335881786061097,-0.32795522854780046
2024-12-30,3.2587765689263866,3.974148591278857,-0.7153720223524704
2024-12-31,3.0155497617806617,2.1493449060477734,0.8662048557328883
2025-01-01,2.7833496110589624,2.6910369888088637,0.09231262225009873
2025-01-02,2.5639700352002843,2.499253573122766,0.06471646207751824
2025-01-03,2.361276500360706,1.9361687724679548,0.4251077278927511
2025-01-04,2.170874980942969,1.6037561174082577,0.5671188635347113
2025-01-05,1.9851331052596721,1.6037561174082577,0.3813769878514144
2025-01-06,1.8097025537898368,1.5063963294969154,0.3033062242929214
2025-01-07,1.6376568550610386,1.5466408170166273,0.09101603804441138
2025-01-08,1.4502949681675876,2.309123392311899,-0.8588284241443114
2025-01-09,1.4182563840198859,2.2370294714621073,-0.8187730874422214
2025-01-10,1.4062498275895332,1.7505996805971658,-0.34434985300763254
2025-01-11,1.4018036847895015,1.4388975705557883,-0.037093885766286805
2025-01-12,1.4142841168442497,2.0392705611653965,-0.6249864443211468
2025-01-13,1.4500371538269567,2.2177190161710083,-0.7676818623440516
2025-01-15,1.4965664841071913,2.2894033143515515,-0.7928368302443602
2025-01-16,1.5415800706183422,2.5592657221293784,-1.0176856515110362
2025-01-17,1.603018045562737,2.6198929302710083,-1.0168748847082714
2025-01-18,1.6826727532917372,2.706603035943241,-1.023930282651504
2025-01-19,1.8804933046588173,2.4828239242225587,-0.6023306195637415
2025-01-20,2.1062936975627644,3.1267763013593437,-1.0204826037965793
2025-01-21,2.331305239781734,3.44610326866224,-1.114798028880506
2025-01-22,2.56145684861941,3.7549151998925816,-1.1934583512731716
2025-01-23,2.8007740402474037,3.255178991403607,-0.4544049511562034
2025-01-24,3.0451156216926223,4.216227404879916,-1.171111783187294
2025-01-25,3.2821573256788334,4.550822500037483,-1.2686651743586492
2025-01-26,3.5236220082828114,3.4965289758458087,0.027093032437002673
2025-01-27,3.747622016086364,3.8408191179587545,-0.0931971018723905
2025-01-28,3.990664276172344,4.673271447790049,-0.6826071716177053
2025-01-29,4.240959560182888,5.3852347289689275,-1.1442751687860397
2025-01-30,4.488142249693806,5.517183184973313,-1.0290409352795074
2025-01-31,4.73815019930729,6.196796854506472,-1.458646655199182
2025-02-01,4.979878235605733,5.849285529784994,-0.8694072941792603
2025-02-02,5.235515338043647,6.381663998556114,-1.146148660512467
2025-02-03,5.471101588074513,6.944687209838301,-1.473585621763788
2025-02-04,5.7206251441266405,7.434487048920541,-1.7138619047939008
2025-02-05,5.965404169336533,7.96701817469923,-2.001614005362697
2025-02-06,6.202094739809984,8.068231945864035,-1.8661372060540513
2025-02-07,6.440238765799149,8.569560689747792,-2.129321923948643
2025-02-08,6.685941252832213,8.764156790093198,-2.078215537260985
2025-02-09,6.931190699900727,9.042906096843149,-2.1117153969424223
2025-02-10,7.148238302657715,9.212680273000737,-2.0644419703430223
2025-02-11,7.3551247848374,8.116777297697654,-0.7616525128602536
2025-02-12,7.5847579551601045,8.84136266101723,-1.256604705857126
2025-02-13,7.8479561034836545,9.028709386949977,-1.1807532834663226
2025-02-14,8.103472422946684,9.216856511253681,-1.1133840883069972
2025-02-15,8.355769762413559,10.627724062512131,-2.2719543000985727
2025-02-16,8.617904073714671,11.527269858162928,-2.9093657844482568
2025-02-17,8.884734106034577,12.025643003658129,-3.140908897623552
2025-02-18,9.157793384040556,12.103441480793672,-2.945648096753116
2025-02-19,9.41956423228124,10.696345505781188,-1.2767812734999477
2025-02-20,9.692137755953096,11.666829706218715,-1.974691950265619
2025-02-21,9.978348790123635,11.905269929134086,-1.9269211390104513
2025-02-22,10.29311356566657,11.714060740250627,-1.4209471745840574
2025-02-23,10.61861740435333,11.714112850116994,-1.0954954457636639
2025-02-24,10.960096959766188,11.795252681125902,-0.8351557213597136
2025-02-25,11.307111460826103,12.357913277426558,-1.0508018166004547
2025-02-26,11.658464323101452,12.561258648709122,-0.9027943256076707
2025-02-27,12.008013256228995,13.25699260619487,-1.2489793499658752
2025-02-28,12.345781573340911,13.188614899349792,-0.842833326008881
2025-03-01,12.66911986646081,14.011797866273685,-1.3426779998128762
2025-03-02,12.99391378213702,14.636744380196392,-1.6428305980593727
2025-03-03,13.327330670854831,15.172931379127203,-1.8456007082723715
2025-03-04,13.659564803304859,15.68322857351107,-2.023663770206211
2025-03-05,14.020237436069118,15.482400774967093,-1.462163338897975
2025-03-06,14.35786083058556,15.697657127054692,-1.3397962964691317
2025-03-07,14.69221089450446,15.855834432533877,-1.1636235380294178
2025-03-08,15.039186402216078,16.181010530328493,-1.1418241281124146
2025-03-09,15.34684334727413,16.81531716620752,-1.4684738189333917
2025-03-10,15.646732346883638,16.766264162599697,-1.1195318157160585
2025-03-11,15.9060764495182,17.351269318577497,-1.445192869059298
2025-03-12,16.17977400518787,17.393246739643796,-1.2134727344559266
2025-03-13,16.480545451764286,17.358886862600194,-0.8783414108359082
2025-03-14,16.75424887800974,17.40686326904987,-0.6526143910401316
2025-03-15,17.058972344213306,17.68632753561676,-0.6273551914034527
2025-03-16,17.360199730299644,17.93315965720453,-0.5729599269048862
2025-03-17,17.667458927257506,18.68756156362688,-1.0201026363693728
2025-03-18,17.976693853358707,19.275014184645435,-1.2983203312867282
2025-03-19,18.290472483807886,19.604541812108785,-1.3140693283008993
2025-03-20,18.604965584948737,19.902128393243913,-1.2971628082951767
2025-03-21,18.926059347297535,19.688507394181563,-0.7624480468840282
2025-03-22,19.244545601398077,19.732741365076684,-0.4881957636786076
2025-03-23,19.556146200377555,20.440320195529125,-0.8841739951515706
2025-03-24,19.86027458220633,20.333702044911664,-0.47342746270533453
2025-03-25,20.154922552571424,19.939183531489967,0.2157390210814576
2025-03-26,20.459766181171204,20.100609691783205,0.35915648938799904
2025-03-27,20.76267570381584,19.634214493145635,1.1284612106702063
2025-03-28,21.05450461131934,20.300410028140433,0.7540945831789081
2025-03-29,21.349223662273392,20.226231770637135,1.1229918916362571
2025-03-30,21.65237783353905,21.09020790616703,0.5621699273720182
2025-03-31,21.955145623629583,22.08214341573613,-0.12699779210654683
2025-04-01,22.25307194247794,22.307093088484628,-0.054021146006686394
2025-04-02,22.53414543278546,20.74441761435407,1.7897278184313912
2025-04-03,22.795405464889747,19.913772328314476,2.881633136575271
2025-04-04,22.90186080136477,20.071437625330702,2.830423176034067
2025-04-05,23.001056956546368,20.11074149613586,2.890315460410509
2025-04-06,23.103691201218766,20.458354249525335,2.64533695169343
2025-04-07,23.1992667632872,20.18388544870844,3.0153813145787574
2025-04-08,23.269334149739684,19.661297528966298,3.6080366207733867
2025-04-09,23.321282607889735,19.661297528966298,3.6599850789234374
2025-04-10,23.360229728250093,19.675478941699936,3.6847507865501576
2025-04-11,23.37181703306505,19.0153138512458,4.3565031818192494
2025-04-12,23.376520632212355,19.643346858092098,3.7331737741202566
2025-04-13,23.408015898029866,19.25080321081995,4.157212687209917
2025-04-14,23.398735506792544,21.032956353666066,2.3657791531264785
2025-04-15,23.392492818276768,20.13683502531523,3.2556577929615393
2025-04-16,23.39181178278255,20.119650693011202,3.2721610897713482
2025-04-17,23.37014359485846,20.16832238387437,3.201821210984093
2025-04-18,23.341765786210523,20.159125838405128,3.182639947805395
2025-04-19,23.314142983507526,20.582351318052655,2.731791665454871
2025-04-20,23.28072480293847,19.921235619762797,3.359489183175672
2025-04-21,23.264453937196883,19.76230895587011,3.502144981326772
2025-04-22,23.225700095284672,20.03662021871938,3.189079876565291
2025-04-23,23.178689924603933,20.14139077053548,3.037299154068453
2025-04-24,23.130687512407537,20.126994080692818,3.0036934317147193
2025-04-25,23.079588366205538,19.934306697845493,3.1452816683600453
2025-04-26,23.03395963602398,19.962964586753312,3.0709950492706675
2025-04-27,22.97197953292685,19.614605231942914,3.3573743009839347
2025-04-28,22.927527157285933,19.791240897855644,3.136286259430289
2025-04-29,22.873168515770107,20.247427913698246,2.625740602071861
2025-04-30,22.82852163675761,20.26828134653959,2.560240290218019
2025-05-01,22.78279535157853,20.332438620273127,2.450356731305405
2025-05-02,22.732810296157037,20.476732601029614,2.2560776951274235
2025-05-03,22.68601384570662,20.46423529342619,2.22177855228043
2025-05-04,22.64053788007982,20.40062111102551,2.2399167690543074
2025-05-05,22.63315549757738,20.606632551840573,2.026522945736808
2025-05-06,22.632782782514308,20.07958217083361,2.5532006116806976
2025-05-07,22.602290880778916,20.44373618052078,2.1585547002581364
2025-05-08,22.53255994242861,19.932226457948353,2.600333484480256
2025-05-09,22.47120587174829,19.342594280178563,3.128611591569726
2025-05-10,22.41329173121922,17.38544167304769,5.027850058171531
2025-05-11,22.34645816311132,15.744431223143737,6.6020269399675815
2025-05-12,22.276398375114468,15.89278487666045,6.383613498454018
2025-05-13,22.2071601891961,15.560428654259226,6.6467315349368725
2025-05-14,22.161001612848338,15.60437179492911,6.556629817919228
2025-05-15,22.114263730882403,15.540963552824023,6.57330017805838
2025-05-16,22.061337092631522,15.5091440605806,6.552193032050923
2025-05-17,21.981090968178112,15.106210206790832,6.8748807613872795
2025-05-18,21.882326111353525,15.56996905841407,6.312357052939454
2025-05-19,21.751014513703847,15.562805106111446,6.188209407592401
2025-05-20,21.604396529839907,18.04741798256109,3.556978547278817
2025-05-21,21.443797474503334,16.995047058175356,4.448750416327979
2025-05-22,21.270506238549974,14.273000746289085,6.997505492260888
2025-05-23,21.107484168198294,13.673183379643525,7.4343007885547685
2025-05-24,20.956177565650147,13.384060306725,7.572117258925147
2025-05-25,20.797249944099864,14.055411052239998,6.7418388918598655
2025-05-26,20.632337830575587,14.601567633723233,6.0307701968523535
2025-05-27,20.46756210078267,14.136497678323988,6.331064422458681
2025-05-28,20.28198461432266,14.375106221742207,5.906878392580452
2025-05-29,20.13352908042424,14.682238520593991,5.451290559830248
2025-05-30,19.992858574259166,14.218357210121273,5.774501364137894
2025-05-31,19.837354452766288,15.088363376012135,4.748991076754153
2025-06-01,19.738460642064375,15.254919422299343,4.483541219765032
2025-06-02,19.65018855305096,15.397875729409286,4.252312823641674
2025-06-03,19.60739293233567,14.890224462514338,4.717168469821333
2025-06-04,19.556419739646795,17.200533945451816,2.355885794194979
2025-06-05,19.477926225717418,14.544905337188188,4.93302088852923
2025-06-06,19.417929628788926,14.160875317301933,5.257054311486993
2025-06-07,19.309717778610214,13.622128636772555,5.687589141837659
2025-06-08,19.182766293751722,14.27715528821303,4.905611005538692
2025-06-09,19.05349549314363,13.685875375681022,5.367620117462607
2025-06-10,18.92046120716367,13.571651349380506,5.348809857783163
2025-06-11,18.779079392722483,14.322295579601015,4.4567838131214685
2025-06-12,18.626106181179505,14.512799623688139,4.1133065574913665
2025-06-13,18.45337666759661,14.488790071452106,3.964586596144505
2025-06-14,18.28269631163473,13.933056412121692,4.349639899513038
2025-06-15,17.971095712655252,14.045959723421038,3.9251359892342137
2025-06-16,17.666967330826477,13.446496898328062,4.220470432498415
2025-06-17,17.372319360461386,12.977125069252052,4.395194291209334
2025-06-18,17.067475731861602,12.637041802300928,4.4304339295606745
2025-06-19,16.764566209216962,12.798456015900918,3.9661101933160445
2025-06-20,16.619885692798928,12.71418369885381,3.905701993945117
2025-06-21,16.476838129173164,11.539288068506055,4.9375500606671086
2025-06-22,16.323387148224935,11.1473943791746,5.175992769050335
2025-06-23,16.167642986169625,10.794757698445837,5.372885287723788
2025-06-24,16.019116807425497,10.764856005036256,5.254260802389242
2025-06-25,15.89362027555937,10.779954959246556,5.113665316312813
2025-06-26,15.79177320381683,10.250635181141151,5.541138022675678
2025-06-27,15.701515634119222,9.756725573033279,5.944790061085943
2025-06-28,15.624867518449614,8.925165702900628,6.699701815548986
2025-06-29,15.56499852544798,8.836535648100705,6.728462877347274
2025-06-30,15.499765930261505,9.038888709491955,6.46087722076955
2025-07-01,15.435422150732112,9.048648227082902,6.38677392364921
2025-07-02,15.361912892933827,9.048648227082902,6.313264665850925
2025-07-03,15.28901447605294,8.469242318379575,6.8197721576733645
2025-07-04,15.240649884388247,8.885222325876198,6.35542755851205
2025-07-05,15.177245418917042,7.743358804681004,7.433886614236038
2025-07-06,15.111266254121173,7.431554847346572,7.679711406774601
2025-07-07,15.08835579334634,7.513596163619942,7.5747596297263975
2025-07-08,15.07879760052669,7.696149673793522,7.382647926733167
2025-07-09,15.034976422144846,7.4910628799369094,7.543913542207936
2025-07-10,14.9903603504829,7.5195498938149035,7.470810456667997
2025-07-11,14.959303773858759,7.148850157117688,7.8104536167410705
2025-07-12,14.899288778016551,7.370561474831339,7.528727303185212
2025-07-13,14.876014112562672,9.238739676892838,5.637274435669834
2025-07-14,14.864272237277905,8.863844450033824,6.000427787244082
2025-07-15,14.847152261510786,9.06562515457108,5.781527106939706
2025-07-16,14.811288924175074,9.015264439814228,5.796024484360846
2025-07-17,14.808953052735614,9.022592655929277,5.786360396806337
2025-07-18,14.785956587583753,8.66147298318556,6.124483604398193
2025-07-19,14.589857281466866,7.313331278401127,7.276526003065739
2025-07-20,14.39620028212608,7.407286904873296,6.988913377252783
2025-07-21,14.205066407736131,7.513123166459768,6.6919432412763635
2025-07-22,14.009901493199832,7.47980097750665,6.530100515693182
2025-07-23,13.809769347002439,7.2663604209737,6.5434089260287385
2025-07-24,13.76235304428823,7.103483597155747,6.658869447132482
2025-07-25,13.574194073720557,7.209841971898693,6.364352101821864
2025-07-26,13.375288037137915,7.209841971898693,6.165446065239222
2025-07-27,13.1755145556962,7.327167956429698,5.848346599266502
2025-07-28,12.965849335441652,7.129200943137342,5.836648392304309
2025-07-29,12.759335568325037,7.119441425546396,5.639894142778641
2025-07-30,12.56019429973773,7.024291243317428,5.5359030564203024
2025-07-31,12.366727089764481,8.40041423274772,3.966312857016762
2025-08-01,12.172564840981774,8.565227748482855,3.60733709249892
2025-08-02,11.978181642043968,9.075173674008813,2.903007968035155
2025-08-03,11.78288089885076,9.069788531939825,2.713092366910935
2025-08-04,11.752034264589197,9.213460950950502,2.538573313638695
2025-08-05,11.716033614220787,9.10661351047996,2.6094201037408276
2025-08-06,11.650378842810985,7.001050033028965,4.649328809782021
2025-08-07,11.424543201105065,6.880579900741228,4.543963300363837
2025-08-08,11.353199727820828,7.00642067709668,4.346779050724147
2025-08-09,11.299817690609476,7.044385447345744,4.255432243263733
2025-08-10,11.243895547835974,7.287583779443264,3.95631176839271
2025-08-11,11.1883903404021,7.063290071497573,4.125100268904527
2025-08-12,11.147603958645805,7.075000276570861,4.072603682074944
2025-08-13,11.115402720558933,6.920210303796212,4.195192416762721
2025-08-14,11.111016966683218,6.743724028486336,4.367292938196882
2025-08-15,11.08868065323453,6.936621183010135,4.152059470224395
2025-08-16,11.092705051282609,6.6105389604679266,4.482166090814682
2025-08-17,11.122846047060133,6.787969019474,4.334877027586133
2025-08-18,11.157960303423,6.820628045070789,4.337332258352211
2025-08-19,11.19049069076561,6.746340547587941,4.444150143177669
2025-08-20,11.216601174700596,6.827426885815024,4.389174288885572
2025-08-21,11.229457678182616,6.842229625014306,4.38722805316831
2025-08-22,11.240006975312879,6.9221061532254184,4.31790082208746
2025-08-23,11.252062409634135,6.695351724196149,4.556710685437986
2025-08-24,11.240473976727348,6.815644799418454,4.424829177308894
2025-08-25,11.221917952970685,6.5090048126356805,4.712913140335004
2025-08-26,11.194807443945109,6.265685238765729,4.92912220517938
2025-08-27,11.152183969826918,6.436184823172586,4.715999146654332
2025-08-28,11.099003038213725,6.358886346247923,4.740116691965802
2025-08-29,11.047596763467359,6.406481319438517,4.641115444028842
2025-08-30,11.012283880972442,5.809959838264129,5.202324042708312
2025-08-31,11.003943579587855,6.776370285844786,4.227573293743069
2025-09-01,11.000388579258923,7.058575837549648,3.941812741709275
2025-09-02,10.99130541607218,6.811698132570811,4.179607283501369
2025-09-03,10.985035093443217,7.271012170152592,3.7140229232906252
2025-09-04,10.984384332724762,7.064613582127521,3.919770750597241
2025-09-05,10.98985806723061,7.260464812969486,3.729393254261124
2025-09-06,10.994218291947972,9.13038482235404,1.8638334695939314
2025-09-07,11.14318186005953,7.231967113004671,3.911214747054858
2025-09-08,11.294429515054548,7.26073722077997,4.033692294274577
2025-09-09,11.464033761976022,7.368085807488694,4.095947954487328
2025-09-10,11.647856071012654,7.272701225548708,4.375154845463946
2025-09-11,11.831401416062942,7.463076222044117,4.368325194018825
2025-09-12,11.868371183067447,7.8844300622284385,3.9839411208390088
2025-09-13,11.90577232475543,7.944204620760448,3.961567703994982
2025-09-14,11.950768032112332,7.714392042445857,4.236375989666476
2025-09-15,12.01333515548076,7.625791923044149,4.387543232436611
2025-09-16,12.080657869887293,7.7526626918542645,4.327995178033029
2025-09-17,12.136735829698507,7.416534545012368,4.720201284686139
2025-09-18,12.184247205096398,7.657897789491383,4.526349415605015
2025-09-19,12.216076146775803,7.695051901083747,4.521024245692057
2025-09-20,12.227855035196294,7.496051043434202,4.731803991762092
2025-09-21,12.224457011324484,7.58193692357472,4.642520087749764
2025-09-22,12.21653351085376,7.85129601142545,4.365237499428309
2025-09-23,12.212437424169428,7.0849278500092145,5.1275095741602135
2025-09-24,12.213614882309015,6.50997312412933,5.7036417581796846
2025-09-25,12.189992123294244,5.7516797105606,6.438312412733644
2025-09-26,12.000293987032032,5.856250676523868,6.144043310508164
2025-09-27,11.828736303662291,5.872451273730551,5.95628502993174
2025-09-28,11.665399651273573,5.870392910346139,5.795006740927434
2025-09-29,11.471790110381777,6.357043184071768,5.114746926310009
2025-09-30,11.262579449498231,5.7184988148928495,5.544080634605382
2025-10-01,11.076930054536623,6.047115457941814,5.029814596594809
2025-10-02,10.903897122494657,4.95126322032091,5.952633902173747
2025-10-03,10.718989926321525,5.859996844926159,4.858993081395366
2025-10-04,10.569586020880518,6.087330057790555,4.482255963089963
2025-10-05,10.384814184299476,6.298487694821396,4.08632648947808
2025-10-06,10.188826917522269,7.11688288296939,3.071944034552878
2025-10-07,10.001658475115628,6.4498955398286615,3.551762935286966
2025-10-08,9.83423669912153,6.075778735481573,3.758457963639956
2025-10-09,9.637392293246467,5.6996114087377245,3.9377808845087428
2025-10-10,9.461479954986846,6.259939382510445,3.201540572476401
2025-10-11,9.461479954986846,6.259939382510445,3.201540572476401
2025-10-12,9.461479954986846,6.390477032818706,3.07100292216814
2025-10-13,9.461479954986846,6.5814631823533025,2.8800167726335433
2025-10-14,9.461479954986846,6.752669242365576,2.70881071262127
2025-10-15,9.461479954986846,6.753171235637214,2.708308719349632
2025-10-16,9.31793197240668,6.649923309499492,2.6680086629071873
2025-10-17,9.31793197240668,7.722600388291631,1.5953315841150486
2025-10-18,9.31793197240668,7.6469583933026675,1.670973579104012
2025-10-19,9.31793197240668,7.822088755122667,1.495843217284012
2025-10-20,9.31793197240668,7.9218450278846015,1.3960869445220778
2025-10-21,9.31793197240668,7.707856440030303,1.610075532376376
2025-10-22,9.31793197240668,8.373475222339703,0.9444567500669763
2025-10-23,9.31793197240668,8.061246227969692,1.2566857444369877
2025-10-24,9.31793197240668,7.9796046439923405,1.3383273284143389
2025-10-25,9.31793197240668,7.272931492075943,2.045000480330736
2025-10-26,9.31793197240668,7.255481141407216,2.062450830999463
2025-10-27,9.152008362345185,7.121808385646106,2.0301999766990795
2025-10-28,8.984187920625985,6.862732442569955,2.1214554780560295
2025-10-29,8.83423042014286,5.787295090302917,3.046935329839944
2025-10-30,8.83423042014286,5.671746368950213,3.1624840511926475
