smiles,name,n_models,models,n_pathogens,pathogens,thresholds,best_selectivity,mean_selectivity,std_selectivity,mean_p_pathogen,mean_p_gut,best_rank,moa,clinical_phase,disease_area,target,s_ecoli,s_saureus,s_paeruginosa,s_mtb,s_rf,s_dmpnn,s_chemeleon_frozen,s_molformer,s_dmpnn_rdkit,is_known_antibiotic
C=C[C@]1(C)C[C@@H](OC(=O)CS[C@@H]2C[C@H]3CC[C@@H](C2)N3C)[C@]2(C)[C@H](C)CC[C@]3(CCC(=O)[C@H]32)[C@@H](C)[C@@H]1O,retapamulin,5,"chemeleon_frozen, dmpnn, dmpnn_rdkit, molformer, rf",2,"paeruginosa, saureus","5, 10, 20",0.9995,0.8101,0.1955,0.8935,0.1039,1,protein synthesis inhibitor,Launched,infectious disease,nan,0.0,0.9995,0.9712,0.0,0.7872,0.9995,0.9633,0.9936,0.7982,False
Cc1c(CN(C)C(=O)/C=C/c2cnc3c(c2)CCC(=O)N3)oc2ccccc12,AFN-1252,5,"chemeleon_frozen, dmpnn, dmpnn_rdkit, molformer, rf",2,"ecoli, saureus","5, 10, 20",0.9979,0.7929,0.1483,0.9147,0.136,2,FABI inhibitor,Phase 2,nan,nan,0.7871,0.9979,0.0,0.0,0.8156,0.9979,0.9042,0.9867,0.807,False
CNC[C@@H]1CC[C@@H](N)[C@@H](O[C@H]2[C@H](O)[C@@H](O[C@H]3OC[C@](C)(O)[C@H](NC)[C@H]3O)[C@H](N)C[C@@H]2N)O1,micronomicin,4,"chemeleon_frozen, dmpnn, molformer, rf",4,"ecoli, mtb, paeruginosa, saureus","5, 10, 20",0.9998,0.706,0.1952,0.7914,0.121,5,protein synthesis inhibitor,Launched,infectious disease,nan,0.8281,0.7264,0.8601,0.9998,0.7264,0.9998,0.8947,0.9983,0.0,False
CCN[C@@H]1C[C@H](N)[C@@H](O[C@H]2OC(CN)=CC[C@H]2N)[C@H](O)[C@H]1O[C@H]1OC[C@](C)(O)[C@H](NC)[C@H]1O,netilmicin,4,"chemeleon_frozen, dmpnn, molformer, rf",4,"ecoli, mtb, paeruginosa, saureus","5, 10, 20",0.9995,0.7381,0.2065,0.814,0.1056,2,protein synthesis inhibitor,Launched,infectious disease,nan,0.98,0.6248,0.4414,0.9995,0.7512,0.9995,0.8804,0.9963,0.0,False
O=c1nc(N2CCN(CC3CCCCC3)CC2)sc2c([N+](=O)[O-])cc(C(F)(F)F)cc12,macozinone,4,"chemeleon_frozen, dmpnn, dmpnn_rdkit, rf",1,mtb,"5, 10, 20",0.9994,0.767,0.1858,0.9838,0.219,12,DPRE1 inhibitor,Preclinical,nan,nan,0.0,0.0,0.0,0.9994,0.6731,0.9994,0.9546,0.0,0.8788,False
NC[C@H]1OB(O)c2c(OCCO)ccc(Cl)c21,GSK656,4,"chemeleon_frozen, dmpnn, molformer, rf",3,"ecoli, mtb, paeruginosa","5, 10, 20",0.9954,0.897,0.1212,0.9801,0.0852,4,leucyl-tRNA synthetase inhibitor,Preclinical,nan,nan,0.9733,0.0,0.995,0.9954,0.748,0.995,0.9426,0.9954,0.0,False
CC[C@]12CCCN3CCc4c(n(c5ccccc45)C(=O)C1)[C@@H]32,vinburnine,4,"dmpnn, dmpnn_rdkit, molformer, rf",1,paeruginosa,"5, 10, 20",0.993,0.7599,0.2397,0.7822,0.0391,4,adrenergic receptor antagonist,Launched,neurology/psychiatry,CHRM1|CHRM2|CHRM3|CHRM4,0.0,0.0,0.993,0.0,0.5537,0.9425,0.0,0.993,0.4261,False
CN[C@@H]1[C@@H](O)[C@@H](O[C@@H]2[C@@H](O)[C@H](O[C@H]3OC(CN)=CC[C@H]3N)[C@@H](N)C[C@H]2N)OC[C@]1(C)O,sisomicin,4,"chemeleon_frozen, dmpnn, molformer, rf",4,"ecoli, mtb, paeruginosa, saureus","5, 10, 20",0.9886,0.7152,0.1716,0.8089,0.1232,1,protein synthesis inhibitor,Launched,ophthalmology,nan,0.942,0.9886,0.5584,0.9772,0.7877,0.9886,0.7857,0.9772,0.0,False
CCn1c(-c2nonc2N)nc2cncc(C(=O)N3CC[C@H](N)C3)c21,SB-772077B,4,"chemeleon_frozen, dmpnn, dmpnn_rdkit, molformer",2,"paeruginosa, saureus","5, 10, 20",0.9749,0.8698,0.177,0.8813,0.0145,16,rho associated kinase inhibitor,Preclinical,nan,ROCK1|ROCK2,0.0,0.9542,0.9749,0.0,0.0,0.9661,0.7342,0.9749,0.4458,False
Nc1ncn([C@H]2C[C@H](OP(=O)(O)OC[C@H]3O[C@@H](n4cnc5c(=O)nc(N)[nH]c54)C[C@@H]3O)[C@@H](CO)O2)c(=O)n1,guadecitabine,3,"chemeleon_frozen, dmpnn, dmpnn_rdkit",3,"ecoli, mtb, saureus","5, 10, 20",1.0,0.8883,0.0934,0.899,0.0122,1,DNA methyltransferase inhibitor,Phase 3,nan,nan,1.0,0.9673,0.0,0.8883,0.0,1.0,0.7721,0.0,0.8883,False
N#[C][Fe-2]([C]#N)([C]#N)([C]#N)([C]#N)[N+][O-],sodium-nitroprusside,3,"chemeleon_frozen, dmpnn, dmpnn_rdkit",4,"ecoli, mtb, paeruginosa, saureus","5, 10, 20",1.0,0.9065,0.1609,0.9183,0.0159,1,nitric oxide donor,Launched,cardiology,nan,0.6381,1.0,0.9995,1.0,0.0,1.0,1.0,0.0,0.6381,False
CC(C)CCCC(=O)N[C@@H](CCNCS(=O)(=O)O)C(=O)N[C@H](C(=O)N[C@@H](CCNCS(=O)(=O)O)C(=O)N[C@H]1CCNC(=O)[C@H]([C@@H](C)O)NC(=O)[C@H](CCNCS(=O)(=O)O)NC(=O)[C@H](CCNCS(=O)(=O)O)NC(=O)[C@H](CC(C)C)NC(=O)[C@H](CC(C)C)NC(=O)[C@H](CCNCS(=O)(=O)O)NC1=O)[C@@H](C)O,colistimethate,3,"chemeleon_frozen, dmpnn, dmpnn_rdkit",2,"mtb, paeruginosa","5, 10, 20",1.0,0.7574,0.2174,0.8282,0.1039,4,bacterial permeability inducer,Launched,infectious disease,nan,0.0,0.0,0.8194,1.0,0.0,1.0,0.8194,0.0,0.5625,False
O=c1ccn([C@@H]2O[C@H](COP(=O)(O)OP(=O)(O)OP(=O)(O)OP(=O)(O)OC[C@H]3O[C@@H](n4ccc(=O)[nH]c4=O)[C@H](O)[C@@H]3O)[C@@H](O)[C@H]2O)c(=O)[nH]1,diquafosol,3,"dmpnn, dmpnn_rdkit, rf",2,"ecoli, mtb","5, 10, 20",1.0,0.923,0.1485,0.9375,0.0203,3,purinergic receptor activator,Phase 3,nan,nan,0.9998,0.0,0.0,1.0,0.4911,1.0,0.0,0.0,0.9305,False
Nc1ncnc2c1ncn2[C@@H]1O[C@H](COP(=O)(O)OP(=O)(O)OP(=O)(O)OP(=O)(O)OC[C@H]2O[C@@H](n3cnc4c(N)ncnc43)[C@H](O)[C@@H]2O)[C@@H](O)[C@H]1O,diadenosine-tetraphosphate,3,"dmpnn, dmpnn_rdkit, rf",3,"ecoli, mtb, saureus","5, 10, 20",0.9999,0.8114,0.2306,0.829,0.0295,1,adenosine kinase inhibitor,Phase 1,nan,P2RY13|P2RY2,0.9999,0.9892,0.0,0.9999,0.4849,0.9999,0.0,0.0,0.8916,False
O=C(NC1CCNCC1)[C@@H]1CC[C@@H]2CN1C(=O)N2OS(=O)(=O)O,relebactam,3,"dmpnn, molformer, rf",2,"ecoli, mtb","5, 10, 20",0.9999,0.84,0.1827,0.9152,0.0935,6,beta lactamase inhibitor,Launched,nan,nan,0.9566,0.0,0.0,0.9999,0.6178,0.9999,0.0,0.9566,0.0,False
CCn1c(-c2nonc2N)nc2c(C#CC(C)(C)O)ncc(OC[C@H]3CCCNC3)c21,GSK690693,3,"chemeleon_frozen, dmpnn, dmpnn_rdkit",3,"ecoli, paeruginosa, saureus","5, 10, 20",0.9998,0.8032,0.1705,0.8467,0.0603,7,AKT inhibitor,Phase 1,nan,AKT1|AKT2|AKT3|PAK4|PAK6|PAK7|PRKCQ|PRKG1|PRKX,0.6295,0.9998,0.8516,0.0,0.0,0.9998,0.8516,0.0,0.6295,False
c1ccc2c(c1)[I]c1ccccc1-2,diphenyleneiodonium,3,"chemeleon_frozen, dmpnn_rdkit, molformer",3,"ecoli, mtb, paeruginosa","10, 20",0.9998,0.8482,0.1244,0.8836,0.0424,1,nitric oxide synthase inhibitor,Preclinical,nan,NOS2|NOS3,0.6305,0.0,0.9407,0.9998,0.0,0.0,0.8716,0.9998,0.6305,False
N#CSc1cc(SC#N)c(N)nc1N,PR-619,3,"chemeleon_frozen, dmpnn, dmpnn_rdkit",3,"ecoli, paeruginosa, saureus","5, 10, 20",0.9997,0.8548,0.1891,0.8846,0.0399,4,DUB inhibitor,Preclinical,nan,nan,0.9997,0.8594,0.9945,0.0,0.0,0.9997,0.9933,0.0,0.5841,False
Nc1ncnc2c1ncn2[C@@H]1O[C@H](COP(=O)(O)OP(=O)(O)OP(=O)(O)O)[C@@H](O)[C@H]1O,adenosine-triphosphate,3,"dmpnn, dmpnn_rdkit, rf",3,"ecoli, mtb, saureus","5, 10, 20",0.9997,0.7653,0.233,0.7868,0.0383,3,adenosine receptor agonist,Phase 2,nan,ABCA1|ABCB1|ABCB11|ABCC2|ABCC8|ABCC9|ABCG1|ABL1|ABL2|ACSL1|ACSS1|ACSS2|ACVR1|ACVR1B|ACVRL1|ADCY1|ADRBK1|ADRBK2|AFG3L2|AKT1|ALK|AMHR2|APAF1|ARAF|ASNA1|ASNS|ASS1|CDK15|GPR17|ITPR1|NAE1|NT5C2|P2RY1|P2RY11|P2RY13|P2RY2|P2RY4|PRKAA1|RYR1|RYR2|RYR3|SLC25A4|TNK2|TRPM4|TRPM7,0.9997,0.5002,0.0,0.9978,0.5002,0.9997,0.0,0.0,0.8603,False
O=c1ccn([C@@H]2O[C@H](COP(=O)(O)OP(=O)(O)OP(=O)(O)O)[C@@H](O)[C@H]2O)c(=O)[nH]1,uridine-5'-triphosphate,3,"dmpnn, dmpnn_rdkit, rf",2,"ecoli, mtb","5, 10, 20",0.9997,0.9127,0.1524,0.9236,0.0173,8,purinergic receptor activator,Launched,nan,P2RY11|P2RY2|P2RY4|P2RY6|UCK2,0.9997,0.0,0.0,0.9988,0.4982,0.9997,0.0,0.0,0.9115,False
C[C@H]1COC2(CCN(c3nc(=O)c4cc(C(F)(F)F)cc([N+](=O)[O-])c4s3)CC2)O1,BTZ043-racemate,3,"chemeleon_frozen, dmpnn, rf",1,mtb,"5, 10, 20",0.9995,0.7203,0.2114,0.9882,0.272,16,DPRE1 inhibitor,Phase 1/Phase 2,nan,nan,0.0,0.0,0.0,0.9995,0.6323,0.9995,0.9442,0.0,0.0,False
CCc1nc2ccc(Cl)cn2c1C(=O)NCc1ccc(N2CCC(c3ccc(OC(F)(F)F)cc3)CC2)cc1,Q-203,3,"chemeleon_frozen, dmpnn, rf",1,mtb,"5, 10, 20",0.9995,0.732,0.2023,0.9583,0.2394,11,ATP synthase inhibitor,Phase 2,nan,nan,0.0,0.0,0.0,0.9995,0.6756,0.9995,0.9369,0.0,0.0,False
O=c1ccn([C@@H]2O[C@H](COP(=O)(O)OP(=O)(O)OP(=O)(O)O)[C@H](O)[C@H]2O)c(=O)[nH]1,INS316,3,"dmpnn, dmpnn_rdkit, rf",2,"ecoli, mtb","5, 10, 20",0.9992,0.9212,0.1469,0.9311,0.0156,10,purinergic receptor antagonist,Phase 2,nan,nan,0.9992,0.0,0.0,0.9991,0.4982,0.9992,0.0,0.0,0.9115,False
N[C@@H](Cc1ccc(B(O)O)cc1)C(=O)O,boronophenylalanine,3,"chemeleon_frozen, dmpnn, rf",1,ecoli,"5, 10, 20",0.9988,0.7883,0.215,0.7984,0.0198,15,nan,Phase 2,nan,nan,0.9988,0.0,0.0,0.0,0.4472,0.9988,0.8086,0.0,0.0,False
C[C@H]1C(=O)O[C@@H]2CCN3CC=C(COC(=O)[C@](C)(O)[C@]1(C)O)[C@H]23,monocrotaline,3,"dmpnn, molformer, rf",2,"ecoli, paeruginosa","5, 10, 20",0.9983,0.8637,0.2442,0.8876,0.0463,1,antitumor agent,Preclinical,nan,nan,0.9963,0.0,0.9983,0.0,0.4248,0.9983,0.0,0.9886,0.0,False
CC[C@]1(O)C[C@H]2CN(CCc3c([nH]c4ccccc34)[C@@](C(=O)OC)(c3cc4c(cc3OC)N(C)[C@H]3[C@@](O)(C(N)=O)[C@H](O)[C@]5(CC)C=CCN6CC[C@]43[C@@H]65)C2)C1,vindesine,3,"dmpnn, molformer, rf",1,mtb,"5, 10, 20",0.9976,0.7976,0.2285,0.8646,0.0969,7,tubulin polymerization inhibitor,Launched,oncology,TUBB|TUBB1,0.0,0.0,0.0,0.9976,0.5556,0.9976,0.0,0.9953,0.0,False
NC[C@H]1OB(O)c2c(OCCCO)cccc21,epetraborole,3,"dmpnn, molformer, rf",3,"ecoli, mtb, paeruginosa","5, 10, 20",0.9974,0.7703,0.228,0.8168,0.0725,3,leucyl-tRNA synthetase inhibitor,Preclinical,nan,nan,0.9917,0.0,0.9974,0.9949,0.7015,0.9974,0.0,0.9917,0.0,False
O=C(Nc1cc(C(F)(F)F)cc(C(F)(F)F)c1)c1cc(Cl)ccc1O,IKK-2-inhibitor-V,3,"chemeleon_frozen, dmpnn, rf",2,"mtb, saureus","5, 10, 20",0.9972,0.7546,0.1904,0.8949,0.1657,11,IKK inhibitor|NFkB pathway inhibitor,Phase 1,nan,IKBKB,0.0,0.9972,0.0,0.9361,0.6676,0.9972,0.9361,0.0,0.0,False
Cc1nc(Cn2cnc3c2c(=O)n(C)c(=O)n3C)no1,CH-170,3,"chemeleon_frozen, dmpnn, rf",4,"ecoli, mtb, paeruginosa, saureus","5, 10, 20",0.9971,0.6681,0.234,0.6939,0.048,4,nan,Phase 1,nan,nan,0.4913,0.4612,0.9971,0.9172,0.4913,0.9971,0.9172,0.0,0.0,False
C/C1=C2/N=C(/C=C3\N=C(/C(C)=C4/[C@@H](CCC(N)=O)[C@](C)(CC(N)=O)[C@](C)([C@@H]5N=C1[C@](C)(CCC(=O)NC[C@@H](C)O[P@](=O)(O)O[C@H]1[C@@H](O)[C@@H](n6cnc7cc(C)c(C)cc76)O[C@@H]1CO)[C@H]5CC(N)=O)[N]4[Co+][C]#N)[C@@](C)(CC(N)=O)[C@@H]3CCC(N)=O)C(C)(C)[C@@H]2CCC(N)=O,cyanocobalamin,3,"dmpnn, dmpnn_rdkit, molformer",4,"ecoli, mtb, paeruginosa, saureus","5, 10, 20",0.9969,0.9589,0.0474,0.9726,0.0142,2,methylmalonyl CoA mutase stimulant|vitamin B,Launched,hematology|infectious disease|gastroenterology,MUT,0.9329,0.9969,0.8507,0.9963,0.0,0.9969,0.0,0.9963,0.9352,False
O=c1nc[nH]c2c1ncn2[C@H]1O[C@H](COP(=O)(O)O)[C@H](O)[C@H]1O,polyinosine,3,"dmpnn, dmpnn_rdkit, molformer",2,"ecoli, mtb","5, 10, 20",0.9966,0.9219,0.0545,0.9317,0.0104,19,immunostimulant,Preclinical,nan,HPRT1|IMPDH2|PYGM,0.9966,0.0,0.0,0.869,0.0,0.9966,0.0,0.9428,0.869,False
[CH3][Co+][N]1/C2=C(/C)C3=N/C(=C/C4=N/C(=C(/C)C5=N[C@@](C)([C@@H]1[C@H](CC(N)=O)[C@@]2(C)CCC(=O)NC[C@@H](C)OP(=O)(O)O[C@H]1[C@@H](O)[C@@H](n2cnc6cc(C)c(C)cc62)O[C@@H]1CO)[C@@](C)(CC(N)=O)[C@@H]5CCC(N)=O)[C@@](C)(CC(N)=O)[C@@H]4CCC(N)=O)C(C)(C)[C@@H]3CCC(N)=O,methylcobalamin,3,"dmpnn, dmpnn_rdkit, molformer",3,"mtb, paeruginosa, saureus","5, 10, 20",0.9957,0.9464,0.0519,0.9801,0.0348,4,vitamin B,Phase 3,nan,nan,0.0,0.9952,0.9769,0.9957,0.0,0.9957,0.0,0.9928,0.9373,False
C/C1=C2/N=C(/C=C3\N=C(/C(C)=C4/[C@@H](CCC(N)=O)[C@](C)(CC(N)=O)[C@](C)([C@@H]5N=C1[C@](C)(CCC(=O)NC[C@@H](C)OP(=O)(O)O[C@H]1[C@@H](O)[C@@H](n6cnc7cc(C)c(C)cc76)O[C@@H]1CO)[C@H]5CC(N)=O)[N]4[Co+][C]#N)[C@@](C)(CC(N)=O)[C@@H]3CCC(N)=O)C(C)(C)[C@@H]2CCC(N)=O,vitamin-B12,3,"dmpnn, dmpnn_rdkit, molformer",4,"ecoli, mtb, paeruginosa, saureus","5, 10, 20",0.9955,0.9537,0.0433,0.9671,0.014,3,nan,Launched,hematology,nan,0.947,0.9934,0.8905,0.9955,0.0,0.9927,0.0,0.9955,0.9352,False
Cn1c(=O)c2c(ncn2CC2OCCO2)n(C)c1=O,doxofylline,3,"chemeleon_frozen, dmpnn, rf",4,"ecoli, mtb, paeruginosa, saureus","5, 10, 20",0.9938,0.7428,0.229,0.7624,0.0318,6,adenosine receptor antagonist,Launched,pulmonary,ADORA1|PDE4A|PDE4B|PDE4C|PDE4D,0.9928,0.9909,0.9938,0.9039,0.5684,0.9938,0.9039,0.0,0.0,False
CN[C@@H]1[C@@H](O)[C@@H](O[C@@H]2[C@@H](O)[C@H](O[C@H]3O[C@H](CN)[C@@H](O)[C@H](O)[C@H]3O)[C@@H](N)C[C@H]2NC(=O)[C@@H](O)CN)OC[C@]1(C)O,isepamicin,3,"dmpnn, molformer, rf",3,"ecoli, mtb, saureus","5, 10, 20",0.9922,0.6905,0.2349,0.8592,0.2128,10,protein synthesis inhibitor,Launched,infectious disease,nan,0.9922,0.5033,0.0,0.9903,0.62,0.9922,0.0,0.9903,0.0,False
NCCONC(=O)[C@@H]1CC[C@@H]2CN1C(=O)N2OS(=O)(=O)O,OP-0595,3,"chemeleon_frozen, molformer, rf",2,"ecoli, paeruginosa","5, 10, 20",0.9921,0.7174,0.2243,0.7818,0.1016,3,beta lactamase inhibitor,Preclinical,nan,nan,0.9921,0.0,0.3785,0.0,0.5465,0.0,0.7745,0.9921,0.0,False
NCC(=O)Nc1ccc(-n2nc(C(F)(F)F)cc2-c2ccc3c(ccc4ccccc43)c2)cc1,AR-12,3,"dmpnn_rdkit, molformer, rf",1,saureus,"5, 10, 20",0.9912,0.731,0.1916,0.898,0.1911,10,phosphoinositide dependent kinase inhibitor,Phase 1,nan,PDPK1,0.0,0.9912,0.0,0.0,0.6427,0.0,0.0,0.9912,0.7098,False
Nc1ncnc2c1ncn2[C@@H]1O[C@H](COP(=O)(O)O)[C@@H](O)[C@H]1O,adenosine-phosphate,3,"dmpnn, dmpnn_rdkit, rf",3,"ecoli, mtb, saureus","5, 10, 20",0.9908,0.677,0.2186,0.6983,0.0399,24,adenosine receptor agonist,Launched,nan,ACSL1|ACSS1|ACSS2|ADCY1|ADK|CREB1|FBP1|HINT1|PDE4B|PDE4D|PIM1|PRKAA1|PRKAB1|PRKAB2|PYGL|TRPM4,0.9908,0.4903,0.0,0.8616,0.4903,0.9908,0.0,0.0,0.8616,False
Cc1cc(-c2ccc3c(c2)CC[C@H]3N2CC3(CCN(C(=O)Cc4cn5cc(C)sc5n4)CC3)C2)ncn1,PF-05190457,3,"dmpnn, dmpnn_rdkit, molformer",1,saureus,"10, 20",0.9898,0.9111,0.1022,0.9323,0.0252,19,growth hormone secretagogue receptor inverse agonist,Phase 2,nan,GHSR,0.0,0.9898,0.0,0.0,0.0,0.9769,0.0,0.9898,0.7667,False
C[C@@H](O)Cn1cnc2c1c(=O)n(C)c(=O)n2C,Proxyphylline,3,"dmpnn, molformer, rf",4,"ecoli, mtb, paeruginosa, saureus","5, 10, 20",0.9882,0.771,0.2331,0.807,0.0599,10,nan,Launched,pulmonary,nan,0.9868,0.9882,0.97,0.5373,0.5373,0.9882,0.0,0.9758,0.0,False
COC(=O)NC(=S)Nc1ccccc1NC(=S)NC(=O)OC,thiophanate,3,"chemeleon_frozen, dmpnn, molformer",3,"ecoli, mtb, saureus","5, 10, 20",0.9828,0.9605,0.0138,0.9738,0.0137,6,nan,Preclinical,nan,nan,0.967,0.9828,0.0,0.9649,0.0,0.9828,0.9649,0.967,0.0,False
CCCCCCCCCCCCCCCC(=O)N[C@@H](CCC(=O)NCCCC[C@H](NC(=O)[C@H](C)NC(=O)[C@H](C)NC(=O)[C@H](CCC(N)=O)NC(=O)CNC(=O)[C@H](CCC(=O)O)NC(=O)[C@H](CC(C)C)NC(=O)[C@H](Cc1ccc(O)cc1)NC(=O)[C@H](CO)NC(=O)[C@H](CO)NC(=O)[C@@H](NC(=O)[C@H](CC(=O)O)NC(=O)[C@H](CO)NC(=O)[C@@H](NC(=O)[C@H](Cc1ccccc1)NC(=O)[C@@H](NC(=O)CNC(=O)[C@H](CCC(=O)O)NC(=O)[C@H](C)NC(=O)[C@@H](N)Cc1cnc[nH]1)[C@@H](C)O)[C@@H](C)O)C(C)C)C(=O)N[C@@H](CCC(=O)O)C(=O)N[C@@H](Cc1ccccc1)C(=O)N[C@H](C(=O)N[C@@H](C)C(=O)N[C@@H](Cc1c[nH]c2ccccc12)C(=O)N[C@@H](CC(C)C)C(=O)N[C@H](C(=O)N[C@@H](CCCNC(=N)N)C(=O)NCC(=O)N[C@@H](CCCNC(=N)N)C(=O)NCC(=O)O)C(C)C)[C@@H](C)CC)C(=O)O,liraglutide,3,"dmpnn_rdkit, molformer, rf",2,"mtb, paeruginosa","5, 10, 20",0.9823,0.5354,0.2269,0.6929,0.2504,30,GLP receptor agonist,Launched,endocrinology,GLP1R,0.0,0.0,0.4956,0.9823,0.4181,0.0,0.0,0.9823,0.4956,False
CC[C@@H](C)CCCC(=O)N[C@@H](CCN)C(=O)N[C@H](C(=O)N[C@@H](CCN)C(=O)N[C@H]1CCNC(=O)[C@H]([C@@H](C)O)NC(=O)[C@H](CCN)NC(=O)[C@H](CCN)NC(=O)[C@H](CC(C)C)NC(=O)[C@@H](CC(C)C)NC(=O)[C@H](CCN)NC1=O)[C@@H](C)O,colistin,3,"chemeleon_frozen, dmpnn_rdkit, molformer",2,"ecoli, paeruginosa","5, 10, 20",0.8596,0.7788,0.0756,0.8776,0.1123,17,bacterial permeability inducer,Launched,infectious disease,nan,0.8054,0.0,0.8596,0.0,0.0,0.0,0.8572,0.8596,0.6065,False
O=S(=O)(OC[C@H]1O[C@@](COS(=O)(=O)[O][Al]([OH])[OH])(O[C@H]2O[C@H](COS(=O)(=O)[O][Al]([OH])[OH])[C@@H](OS(=O)(=O)[O][Al]([OH])[OH])[C@H](OS(=O)(=O)[O][Al]([OH])[OH])[C@H]2OS(=O)(=O)[O][Al]([OH])[OH])[C@@H](OS(=O)(=O)[O][Al]([OH])[OH])[C@@H]1OS(=O)(=O)[O][Al]([OH])[OH])[O][Al]([OH])[OH],sucralfate,2,"chemeleon_frozen, dmpnn",3,"mtb, paeruginosa, saureus","5, 10, 20",1.0,0.97,0.0299,0.9703,0.0003,1,antacid,Launched,gastroenterology,nan,0.0,0.9599,0.926,1.0,0.0,1.0,0.9948,0.0,0.0,False
C[C@H]1CN(C(=O)CC#N)[C@]12CCN(c1ncnc3[nH]ccc13)C2,delgocitinib,2,"chemeleon_frozen, dmpnn",1,saureus,"5, 10, 20",1.0,0.9351,0.0634,0.941,0.0065,1,JAK inhibitor,Phase 2,nan,nan,0.0,1.0,0.0,0.0,0.0,1.0,0.876,0.0,0.0,False
N#Cc1c(N2C=C(O)[O][Sr][O]C(O)=C2)sc2c1CC(=O)[O][Sr][O]C2=O,strontium-ranelate,2,"chemeleon_frozen, dmpnn",3,"ecoli, paeruginosa, saureus","5, 10, 20",1.0,0.908,0.0659,0.9472,0.0425,2,bone formation stimulant|bone resorption inhibitor,Launched,orthopedics|rheumatology,CASR,1.0,0.8946,0.9675,0.0,0.0,1.0,0.8946,0.0,0.0,False
O=P(O)(O)O[C@H]1[C@H](OP(=O)(O)O)[C@@H](OP(=O)(O)O)[C@H](OP(=O)(O)O)[C@@H](OP(=O)(O)O)[C@H]1OP(=O)(O)O,hexasodium-phytate,2,"dmpnn, dmpnn_rdkit",2,"ecoli, mtb","5, 10, 20",1.0,0.9627,0.0512,0.9672,0.005,1,nan,Phase 2,nan,nan,0.9976,0.0,0.0,1.0,0.0,1.0,0.0,0.0,0.8989,False
CO[C@H]1O[C@H](COS(=O)(=O)O)[C@@H](O[C@@H]2O[C@@H](C(=O)O)[C@@H](O[C@H]3O[C@H](COS(=O)(=O)O)[C@@H](O[C@@H]4O[C@H](C(=O)O)[C@@H](O[C@H]5O[C@H](COS(=O)(=O)O)[C@@H](O)[C@H](O)[C@H]5NS(=O)(=O)O)[C@H](O)[C@H]4O)[C@H](OS(=O)(=O)O)[C@H]3NS(=O)(=O)O)[C@H](O)[C@H]2OS(=O)(=O)O)[C@H](O)[C@H]1NS(=O)(=O)O,fondaparinux,2,"dmpnn, dmpnn_rdkit",2,"mtb, paeruginosa","5, 10, 20",1.0,0.8816,0.2048,0.9062,0.0393,2,coagulation factor inhibitor,Launched,hematology,F10|SERPINC1,0.0,0.0,0.5268,1.0,0.0,1.0,0.0,0.0,0.5268,False
O=C1Nc2ccccc2C12OCC1(CO2)COC2(OC1)C(=O)Nc1ccccc12,JW-67,2,"dmpnn, molformer",1,mtb,"5, 10, 20",1.0,0.9913,0.0094,0.9952,0.0039,9,WNT pathway inhibitor,Preclinical,nan,APC|AXIN1|GSK3B,0.0,0.0,0.0,1.0,0.0,1.0,0.0,0.9825,0.0,False
CC(C)CN(C[C@@H](OP(=O)(O)O)[C@H](Cc1ccccc1)NC(=O)O[C@H]1CCOC1)S(=O)(=O)c1ccc(N)cc1,fosamprenavir,2,"dmpnn, dmpnn_rdkit",1,mtb,"5, 10, 20",1.0,0.9637,0.035,0.9702,0.0069,2,HIV protease inhibitor,Launched,infectious disease,nan,0.0,0.0,0.0,1.0,0.0,1.0,0.0,0.0,0.9366,False
CC(C)[C@@H](CC[C@@H](C)[C@H]1CC[C@H]2[C@@H]3[C@H](O)C[C@H]4C[C@@H](NCCCNCCCCN)CC[C@]4(C)[C@H]3CC[C@]12C)OS(=O)(=O)O,squalamine,2,"dmpnn, rf",3,"ecoli, mtb, paeruginosa","5, 10, 20",1.0,0.5693,0.2203,0.6583,0.1555,15,antiviral,Phase 3,nan,nan,0.515,0.0,0.3767,1.0,0.515,1.0,0.0,0.0,0.0,False
C[C@H]1CCN1c1nc(N2C[C@@H]3[C@@H](CC(=O)O)[C@@H]3C2)cc(C(F)(F)F)n1,ketohexokinase-inhibitor-1,2,"dmpnn, dmpnn_rdkit",2,"ecoli, saureus","5, 10, 20",1.0,0.7759,0.1239,0.8567,0.0988,1,kinase inhibitor,Preclinical,nan,nan,0.8003,1.0,0.0,0.0,0.0,1.0,0.0,0.0,0.8003,False
CC#CCOC(=O)c1c(C)nc2sc3c(c2c1N)CC[C@H](O)C3,SB-205384,2,"chemeleon_frozen, dmpnn",2,"ecoli, saureus","5, 10, 20",0.9999,0.934,0.0715,0.9713,0.0394,6,GABA receptor modulator,Preclinical,nan,GABRA3|GABRA5|GABRA6,0.9999,0.9889,0.0,0.0,0.0,0.9999,0.9077,0.0,0.0,False
O[C@@H]1[C@H](O)[C@@H](CCl)O[C@H]1n1cnc2c(N[C@H]3C[C@@H]4CC[C@H]3C4)ncnc21,5'-chloro-5'-deoxy-ENBA-(+/-),2,"chemeleon_frozen, dmpnn",1,ecoli,"5, 10, 20",0.9999,0.8687,0.1044,0.8781,0.0114,3,adenosine receptor agonist,Preclinical,nan,ADORA1,0.9999,0.0,0.0,0.0,0.0,0.9999,0.7953,0.0,0.0,False
O=C1[O][SbH]23[O]C(=O)C([O]2)C2[O][SbH]4([O]C(=O)C([O]4)C1[O]3)[O]C2=O,antimonyl,2,"chemeleon_frozen, dmpnn",2,"ecoli, mtb","5, 20",0.9999,0.9864,0.0203,0.9973,0.011,4,nan,Phase 1,nan,nan,0.9999,0.0,0.0,0.9999,0.0,0.9999,0.9943,0.0,0.0,False
CC(C)[C@@H](CC[C@@H](C)[C@H]1CC[C@H]2[C@@H]3[C@H](O)C[C@H]4C[C@@H](NCCCNCCCCNCCCN)CC[C@]4(C)[C@H]3CC[C@]12C)OS(=O)(=O)O,trodusquemine,2,"dmpnn, rf",3,"ecoli, mtb, paeruginosa","5, 10, 20",0.9999,0.5423,0.1981,0.6342,0.1604,16,tyrosine phosphatase inhibitor,Phase 1,nan,nan,0.5633,0.0,0.4191,0.9999,0.5633,0.9999,0.0,0.0,0.0,False
CC(=O)OCC(=O)[C@@]1(OC(C)=O)[C@@H](C)C[C@H]2[C@H]3C[C@H](F)C4=CC(=O)C=C[C@]4(C)[C@@]3(F)[C@@H](O)C[C@@]21C,diflorasone-diacetate,2,"dmpnn, molformer",2,"ecoli, saureus","5, 10, 20",0.9998,0.9835,0.0276,0.9838,0.0004,6,glucocorticoid receptor agonist,Launched,dermatology,NR3C1,0.9998,0.9356,0.0,0.0,0.0,0.9998,0.0,0.9356,0.0,False
CCC(=O)O[C@]1(C(=O)SCF)[C@H](C)C[C@H]2[C@@H]3C[C@H](F)C4=CC(=O)C=C[C@]4(C)[C@@]3(F)[C@@H](O)C[C@@]21C,fluticasone-propionate,2,"dmpnn, molformer",3,"ecoli, mtb, saureus","5, 10, 20",0.9998,0.9788,0.0224,0.9803,0.0015,5,glucocorticoid receptor agonist,Launched,dermatology,NR3C1|NR3C2|PGR|PLA2G4A,0.9998,0.9504,0.0,0.9765,0.0,0.9998,0.0,0.9765,0.0,False
Nc1nc(F)nc2c1ncn2[C@@H]1O[C@H](COP(=O)(O)O)[C@@H](O)[C@@H]1O,fludarabine-phosphate,2,"dmpnn, dmpnn_rdkit",2,"ecoli, mtb","5, 10, 20",0.9998,0.946,0.0531,0.9505,0.005,11,ribonucleotide reductase inhibitor,Launched,hematologic malignancy,POLA1|POLD1|POLE|RRM1|RRM2|RRM2B,0.9998,0.0,0.0,0.8966,0.0,0.9998,0.0,0.0,0.8966,False
Cc1c(CN2CCN(C(=O)[C@H](C)O)CC2)sc2c(N3CCOCC3)nc(-c3cnc(N)nc3)nc12,GDC-0980,2,"dmpnn, dmpnn_rdkit",2,"ecoli, saureus","5, 10, 20",0.9998,0.818,0.1999,0.906,0.1102,13,mTOR inhibitor|PI3K inhibitor,Phase 2,nan,FGR|MAP3K9|MTOR|PIK3CA|PIK3CB|PIK3CD|PIK3CG|SYK,0.9973,0.9998,0.0,0.0,0.0,0.9998,0.0,0.0,0.7493,False
O=C(O)c1cc(F)c2nc(N3[C@@H]4CC[C@H]3C[C@@H](OCc3c(-c5ccccc5OC(F)(F)F)noc3C3CC3)C4)sc2c1,tropifexor,2,"dmpnn, molformer",1,saureus,20,0.9998,0.9878,0.0121,0.9922,0.0045,10,FXR agonist,Phase 2,nan,nan,0.0,0.9998,0.0,0.0,0.0,0.9998,0.0,0.9757,0.0,False
CCOC(=O)N[C@@H]1CC[C@@H]2[C@@H](C1)C[C@H]1C(=O)O[C@H](C)[C@H]1[C@H]2/C=C/c1ccc(-c2cccc(F)c2)cn1,vorapaxar,2,"dmpnn, molformer",2,"mtb, saureus","10, 20",0.9998,0.9978,0.002,0.9991,0.0013,6,thrombin inhibitor,Launched,cardiology,F2R,0.0,0.9998,0.0,0.9985,0.0,0.9998,0.0,0.9985,0.0,False
NC(=O)c1ccc[n+]([C@@H]2O[C@H](COP(=O)(O)OP(=O)(O)OC[C@H]3O[C@@H](n4cnc5c(N)ncnc54)[C@H](O)[C@@H]3O)[C@@H](O)[C@H]2O)c1,nadide,2,"dmpnn, dmpnn_rdkit",3,"ecoli, mtb, saureus","5, 10, 20",0.9997,0.8978,0.1327,0.9159,0.0214,7,free radical scavenger,Launched,nan,AHCY|AKR1A1|ALDH2|BLVRA|DHPS|DLD|GALE|HMGCR|HSD17B1|HSD17B4|IMPDH2|MGAM|P2RY11|SORD|TRPM2,0.9997,0.9677,0.0,0.8976,0.0,0.9997,0.0,0.0,0.8976,False
CC[C@H]1OC(=O)[C@@](C)(F)C(=O)[C@H](C)[C@@H](O[C@@H]2O[C@H](C)C[C@H](N(C)C)[C@H]2O)[C@](C)(OC)C[C@@H](C)C(=O)[C@H](C)[C@H]2N(CCCCn3cc(-c4cccc(N)c4)nn3)C(=O)O[C@]12C,solithromycin,2,"dmpnn, molformer",2,"ecoli, mtb","10, 20",0.9997,0.972,0.0277,0.9905,0.0189,28,protein synthesis inhibitor,Phase 3,nan,nan,0.9442,0.0,0.0,0.9997,0.0,0.9997,0.0,0.9442,0.0,False
O=C1Nc2ccc(Cl)cc2[C@@](C#CC2CC2)(C(F)(F)F)O1,efavirenz,2,"chemeleon_frozen, dmpnn",2,"mtb, saureus",20,0.9996,0.9545,0.0451,0.9587,0.0046,15,HIV protease inhibitor,Launched,infectious disease,CYP1A2|CYP2B6|CYP2C19|CYP2C9|CYP2D6|CYP3A4,0.0,0.9996,0.0,0.9094,0.0,0.9996,0.9094,0.0,0.0,False
C[C@H](C[C@H](C)[C@@H](O)CC(=O)c1ccc(N)cc1)[C@H]1OC(=O)CC(=O)CCCC(=O)C[C@@H](O)C[C@@H](O)C[C@@H](O)CC(=O)C[C@@H](O)[C@H](C(=O)O)[C@@H](O)C[C@@H](O[C@@H]2O[C@H](C)[C@H](O)[C@@H](O)[C@@H]2N)/C=C/C=C/C=C/C=C/C=C/C=C/C=C/[C@@H]1C,candicidin,2,"chemeleon_frozen, dmpnn",2,"mtb, saureus","5, 10, 20",0.9996,0.9251,0.0744,0.9269,0.002,10,fungal ergosterol inhibitor,Launched,infectious disease,nan,0.0,0.851,0.0,0.9996,0.0,0.9996,0.851,0.0,0.0,False
CN(C)[C@@H]1C(=O)[C@@H](C(N)=O)C(=O)[C@@]2(O)C(=O)[C@H]3C(=O)c4c(O)ccc(Cl)c4[C@@](C)(O)[C@H]3C[C@@H]12,chlortetracycline,2,"chemeleon_frozen, dmpnn",1,saureus,"10, 20",0.9996,0.9246,0.0749,0.9774,0.0552,16,protein synthesis inhibitor,Launched,ophthalmology,nan,0.0,0.9996,0.0,0.0,0.0,0.9996,0.8497,0.0,0.0,False
O=c1n(C[C@H]2CO2)c(=O)n(C[C@H]2CO2)c(=O)n1C[C@H]1CO1,teroxirone,2,"chemeleon_frozen, dmpnn",3,"ecoli, mtb, paeruginosa","10, 20",0.9995,0.9134,0.0908,0.9868,0.0748,6,DNA inhibitor,Phase 1,nan,nan,0.9995,0.0,0.9467,0.9805,0.0,0.9995,0.9805,0.0,0.0,False
Cc1nc(COP(=O)(O)O)cc2c1[O][Mn][O]c1c(cc(COP(=O)(O)O)nc1C)CN(CC(=O)O)CCN(CC(=O)O)C2,mangafodipir,2,"dmpnn, dmpnn_rdkit",2,"ecoli, mtb","5, 10, 20",0.9995,0.9424,0.0576,0.9557,0.0146,5,contrast agent,Launched,radiology,nan,0.9995,0.0,0.0,0.9002,0.0,0.9995,0.0,0.0,0.9002,False
Nc1nc(NC[C@H]2CC[C@H](CNS(=O)(=O)c3cccc4ccccc34)CC2)nc2ccccc12,CGP-71683,2,"dmpnn, molformer",2,"mtb, paeruginosa","5, 10, 20",0.9995,0.9432,0.0325,0.9439,0.0008,26,neuropeptide receptor antagonist,Preclinical,nan,NPY5R,0.0,0.0,0.9252,0.9995,0.0,0.9995,0.0,0.9252,0.0,False
CCN1CCC[C@@H]1CNC(=O)c1cc(S(N)(=O)=O)ccc1OC,sulpiride,2,"chemeleon_frozen, dmpnn",1,mtb,"5, 10, 20",0.9994,0.9623,0.0627,0.9735,0.0125,15,dopamine receptor antagonist,Launched,neurology/psychiatry,nan,0.0,0.0,0.0,0.9994,0.0,0.9994,0.8537,0.0,0.0,False
NC(=O)C1=CN([C@@H]2O[C@H](COP(=O)(O)OP(=O)(O)OC[C@H]3O[C@@H](n4cnc5c(N)ncnc54)[C@H](O)[C@@H]3O)[C@@H](O)[C@H]2O)C=CC1,coenzyme-I,2,"dmpnn, dmpnn_rdkit",3,"ecoli, mtb, saureus","5, 10, 20",0.9994,0.9479,0.0698,0.9618,0.0155,4,nan,Phase 2,nan,AASS|ACADS|ADH1A|ADH1B|ADH1C|ADH4|ADH5|ADH7|AKR1B1|AKR1C1|AKR1C2|AKR1C3|AKR1C4|ALDH1A1|ALDH1A2|ALDH1A3|ALDH1B1|ALDH2|ALDH3A1|ALDH3A2|ALDH3B1|ALDH3B2|ALDH4A1|ALDH5A1|ALDH6A1|ALDH7A1|ALDH9A1|AMT|BDH1|BLVRA|BLVRB|CDO1|CYB5R3|CYP17A1|CYP4A11|DHCR7|DHFR|DLAT|DLD|EHHADH|GAPDH|GAPDHS|GLUD1|GLUD2|GPD1|GSR|H6PD|HADH|HADHA|HIBADH|HMGCR|HMOX1|HMOX2|HPGD|HSD11B1|HSD11B2|HSD17B1|HSD17B10|HSD17B2|HSD17B3|HSD17B4|HSD17B7|HSD17B8|HSD3B1|HSD3B2|IDH3A|IDH3B|IDH3G|IMPDH1|IMPDH2|LDHA|LDHAL6A|LDHAL6B|LDHB|LDHC|MDH1|MDH2|ME1|ME2|ME3|MSMO1|MT-ND1|MT-ND2|MT-ND3|MT-ND4|MT-ND4L|MT-ND5|MT-ND6|MTHFD1|MTHFD2|NDUFA1|NDUFA10|NDUFA11|NDUFA12|NDUFA13|NDUFA2|NDUFA3|NDUFA4|NDUFA4L2|NDUFA5|NDUFA6|NDUFA7|NDUFA8|NDUFA9|NDUFAB1|NDUFB1|NDUFB10|NDUFB2|NDUFB3|NDUFB4|NDUFB5|NDUFB6|NDUFB7|NDUFB8|NDUFB9|NDUFC1|NDUFC2|NDUFS1|NDUFS2|NDUFS3|NDUFS4|NDUFS5|NDUFS6|NDUFS7|NDUFS8|NDUFV1|NDUFV2|NDUFV3|NNT|NQO2|NSDHL|OGDH|PDHA1|PDHA2|PDHB|PHGDH|PYCR1|PYCR2|QDPR|RDH5|SORD|TSTA3|TYR|UGDH,0.9994,0.9948,0.0,0.9938,0.0,0.9994,0.0,0.0,0.8692,False
COc1ccc(C[C@H](N)C(=O)N[C@H]2[C@@H](O)[C@H](n3cnc4c(N(C)C)ncnc43)O[C@@H]2CO)cc1,puromycin,2,"dmpnn, rf",1,saureus,"5, 10, 20",0.9994,0.7252,0.2713,0.8067,0.1316,6,protein synthesis inhibitor,Preclinical,nan,NHP2L1|RPL10L|RPL11|RPL13A|RPL15|RPL19|RPL23|RPL23A|RPL26L1|RPL3|RPL37|RPL8|RSL24D1,0.0,0.9994,0.0,0.0,0.4864,0.9994,0.0,0.0,0.0,False
CO[C@@]12[C@H](COC(N)=O)C3=C(C(=O)C(C)=C(N)C3=O)N1C[C@@H]1N[C@@H]12,mitomycin-C,2,"dmpnn, rf",3,"ecoli, paeruginosa, saureus","5, 10, 20",0.9992,0.642,0.254,0.7646,0.1896,15,DNA alkylating agent|DNA synthesis inhibitor,Launched,oncology,nan,0.9992,0.9984,0.9933,0.0,0.5032,0.9992,0.0,0.0,0.0,False
CC(C)(C)/[N+]([O-])=C/c1ccc(S(=O)(=O)O)cc1S(=O)(=O)O,NXY-059,2,"dmpnn, dmpnn_rdkit",2,"mtb, paeruginosa","5, 10, 20",0.9992,0.778,0.2705,0.7896,0.0243,9,free radical scavenger,Phase 3,nan,nan,0.0,0.0,0.4482,0.9992,0.0,0.9992,0.0,0.0,0.4482,False
C=CC(=O)N1C[C@H](COc2nc(Nc3cnn(C)c3)nc3[nH]cc(Cl)c23)[C@@H](OC)C1,PF-06459988,2,"dmpnn, dmpnn_rdkit",1,saureus,"10, 20",0.9992,0.8584,0.1383,0.9144,0.067,19,receptor tyrosine protein kinase inhibitor,Phase 2,nan,nan,0.0,0.9992,0.0,0.0,0.0,0.9992,0.0,0.0,0.7561,False
Cc1cc2c(F)c(Oc3ncnn4cc(OC[C@@H](C)OC(=O)[C@H](C)N)c(C)c34)ccc2[nH]1,brivanib-alaninate,2,"dmpnn, molformer",2,"paeruginosa, saureus","10, 20",0.9992,0.9586,0.0343,0.9682,0.01,19,FGFR inhibitor|VEGFR inhibitor,Phase 3,nan,FGFR3,0.0,0.9992,0.9339,0.0,0.0,0.9992,0.0,0.9339,0.0,False
Oc1ccc2c3c1O[C@H]1c4[nH]c5c(c4C[C@@]4(O)[C@@H](C2)N(CC2CC2)CC[C@]314)C[C@@]1(O)[C@H]2Cc3ccc(O)c4c3[C@@]1(CCN2CC1CC1)[C@H]5O4,nor-binaltorphimine,2,"chemeleon_frozen, molformer",2,"mtb, saureus","5, 20",0.9991,0.9345,0.0761,0.9448,0.0109,4,opioid receptor antagonist,Preclinical,nan,OPRD1|OPRK1|OPRM1,0.0,0.8276,0.0,0.9991,0.0,0.0,0.8276,0.9991,0.0,False
Cc1c2oc3c(C)ccc(C(=O)N[C@@H]4C(=O)N[C@@H](C(C)C)C(=O)N5CCC[C@H]5C(=O)N(C)CC(=O)N(C)[C@@H](C(C)C)C(=O)O[C@@H]4C)c3nc-2c(C(=O)N[C@@H]2C(=O)N[C@@H](C(C)C)C(=O)N3CCC[C@H]3C(=O)N(C)CC(=O)N(C)[C@@H](C(C)C)C(=O)O[C@@H]2C)c(N)c1=O,actinomycin-d,2,"dmpnn, rf",1,saureus,"5, 10, 20",0.9991,0.6021,0.2325,0.9262,0.3594,21,RNA polymerase inhibitor,Launched,oncology,nan,0.0,0.9991,0.0,0.0,0.5306,0.9991,0.0,0.0,0.0,False
Cc1cn([C@H]2C[C@H](F)[C@@H](CO)O2)c(=O)[nH]c1=O,alovudine,2,"dmpnn, molformer",1,ecoli,20,0.999,0.9818,0.0172,0.9861,0.0044,26,DNA synthesis marker,Phase 2,nan,nan,0.999,0.0,0.0,0.0,0.0,0.999,0.0,0.9646,0.0,False
CS[C@H]1SC[C@H]2C(=O)N(C)[C@@H](C(C)C)C(=O)OC[C@@H](NC(=O)c3cnc4ccccc4n3)C(=O)N[C@@H](C)C(=O)N(C)[C@H]1C(=O)N(C)[C@@H](C(C)C)C(=O)OC[C@@H](NC(=O)c1cnc3ccccc3n1)C(=O)N[C@@H](C)C(=O)N2C,echinomycin,2,"dmpnn, rf",1,saureus,"5, 10, 20",0.9989,0.6582,0.2023,0.9386,0.3054,13,DNA intercalating agent,Phase 2,nan,nan,0.0,0.9989,0.0,0.0,0.6183,0.9989,0.0,0.0,0.0,False
CC[C@H](C)n1ncn(-c2ccc(N3CCN(c4ccc(OC[C@H]5CO[C@](Cn6cncn6)(c6ccc(Cl)cc6Cl)O5)cc4)CC3)cc2)c1=O,itraconazole,2,"molformer, rf",3,"ecoli, mtb, paeruginosa","5, 10, 20",0.9988,0.8678,0.1818,0.8875,0.0305,5,cytochrome P450 inhibitor,Launched,infectious disease,nan,0.9701,0.0,0.909,0.9988,0.5077,0.0,0.0,0.9988,0.0,False
CC(C)(COP(=O)(O)OP(=O)(O)OC[C@H]1O[C@@H](n2cnc3c(N)ncnc32)[C@H](O)[C@@H]1OP(=O)(O)O)[C@@H](O)C(=O)NCCC(=O)NCCS,coenzyme-A,2,"dmpnn, dmpnn_rdkit",2,"ecoli, mtb","5, 10, 20",0.9987,0.9657,0.0572,0.9705,0.0055,7,nan,Launched,nan,ACAT2|CRAT|CS|DBI|HMGCR|KAT2A|KAT2B|KAT5,0.9987,0.0,0.0,0.8665,0.0,0.9987,0.0,0.0,0.8665,False
COc1c(C)cnc(Cn2cc(C#CCC(C)(C)O)c3c(Cl)nc(N)nc32)c1C,EC-144,2,"chemeleon_frozen, dmpnn",1,ecoli,"10, 20",0.9986,0.8945,0.074,0.9095,0.0173,24,HSP inhibitor,Preclinical,nan,HSP90AA1|HSP90AB1,0.9986,0.0,0.0,0.0,0.0,0.9986,0.8516,0.0,0.0,False
COC(=O)/C=C/C(=O)OC,dimethyl-fumarate,2,"chemeleon_frozen, dmpnn",1,mtb,"5, 10, 20",0.9986,0.9814,0.0131,0.9825,0.0011,4,nuclear factor erythroid derived|like (NRF2) activator,Launched,neurology/psychiatry,KEAP1,0.0,0.0,0.0,0.9986,0.0,0.9986,0.9709,0.0,0.0,False
Cn1c(=O)c2c(ncn2CCOC(=O)C(C)(C)Oc2ccc(Cl)cc2)n(C)c1=O,etofylline-clofibrate,2,"dmpnn, rf",3,"mtb, paeruginosa, saureus","5, 10, 20",0.9986,0.729,0.2718,0.7593,0.0573,1,platelet aggregation inhibitor,Launched,endocrinology,PPARA,0.0,0.9986,0.9982,0.5525,0.5525,0.9986,0.0,0.0,0.0,False
CO[C@H]1CC[C@H](N2C(=O)CNc3ncc(-c4ccc(C(C)(C)O)nc4)nc32)CC1,CC-223,2,"dmpnn, dmpnn_rdkit",1,saureus,"5, 10, 20",0.9986,0.8949,0.1722,0.913,0.0255,13,mTOR inhibitor,Phase 2,nan,MTOR,0.0,0.9986,0.0,0.0,0.0,0.9986,0.0,0.0,0.5967,False
Nc1nc(Cl)nc2c1ncn2[C@@H]1O[C@H](CO)[C@@H](O)[C@@H]1F,clofarabine,2,"dmpnn, molformer",1,ecoli,"5, 10, 20",0.9985,0.981,0.0208,0.9881,0.0072,27,ribonucleotide reductase inhibitor,Launched,hematologic malignancy,POLA1|POLD1|POLE|RRM1|RRM2|RRM2B,0.9985,0.0,0.0,0.0,0.0,0.9985,0.0,0.9456,0.0,False
NC(=O)[C@H]1CCN(c2ncnc(N)c2F)C[C@@H]1N1CCC[C@@H](Nc2cc(Cl)cc(C(F)(F)F)c2)C1=O,vecabrutinib,2,"dmpnn, molformer",2,"ecoli, saureus","10, 20",0.9985,0.9754,0.0167,0.9871,0.0119,27,Bruton's tyrosine kinase (BTK) inhibitor,Phase 1/Phase 2,nan,nan,0.9619,0.9985,0.0,0.0,0.0,0.9985,0.0,0.9838,0.0,False
CC(C)[C@](O)(c1ccc2cc(OC(F)F)c(OC(F)F)cc2c1)c1cn[nH]n1,VT-464,2,"chemeleon_frozen, dmpnn",1,ecoli,"5, 10, 20",0.9984,0.8834,0.0936,0.906,0.0264,27,cytochrome P450 inhibitor,Phase 2,nan,CYP17A1,0.9984,0.0,0.0,0.0,0.0,0.9984,0.8423,0.0,0.0,False
CC(=O)N(C[C@@H](O)CO)c1c(I)c(C(=O)NC[C@@H](O)CO)c(I)c(C(=O)NC[C@@H](O)CO)c1I,iohexol,2,"dmpnn, dmpnn_rdkit",2,"mtb, paeruginosa","5, 10, 20",0.9984,0.7023,0.2427,0.7812,0.1239,18,radiopaque medium,Launched,radiology,nan,0.0,0.0,0.5512,0.9984,0.0,0.9984,0.0,0.0,0.5512,False
CCN[C@H]1CN(CCCOC)S(=O)(=O)c2sc(S(N)(=O)=O)cc21,brinzolamide,2,"dmpnn_rdkit, molformer",2,"mtb, paeruginosa","5, 10, 20",0.9983,0.7783,0.2675,0.7848,0.0126,4,carbonic anhydrase inhibitor,Launched,ophthalmology,CA1|CA12|CA14|CA2|CA4|CA5A|CA7,0.0,0.0,0.4582,0.9983,0.0,0.0,0.0,0.9983,0.4582,False
COP(=S)(OC)Oc1ccc(Sc2ccc(OP(=S)(OC)OC)cc2)cc1,temefos,2,"chemeleon_frozen, dmpnn",1,mtb,"5, 10",0.9978,0.9586,0.0549,0.9621,0.0039,21,cholinesterase inhibitor,Launched,nan,nan,0.0,0.0,0.0,0.9978,0.0,0.9978,0.881,0.0,0.0,False
C[C@@H]1C/C=C/C=C/C=C/C=C/[C@H](O[C@@H]2O[C@H](C)[C@@H](O)[C@H](N)[C@@H]2O)C[C@@H]2O[C@](O)(C[C@@H](O)C[C@H]3O[C@@H]3/C=C/C(=O)O1)C[C@H](O)[C@H]2C(=O)O,natamycin,2,"dmpnn, molformer",2,"mtb, paeruginosa","5, 10, 20",0.9978,0.9761,0.0126,0.9775,0.0014,15,fungal ergosterol inhibitor,Launched,ophthalmology|infectious disease,nan,0.0,0.0,0.9701,0.9978,0.0,0.9978,0.0,0.9701,0.0,False
CN[C@H]1C[C@@H](N)[C@H](O)[C@@H](O[C@@H]2O[C@H](CO)[C@H](O)[C@@H]3O[C@@]4(O[C@H]23)O[C@H]([C@@H](N)CO)[C@H](O)[C@H](O)[C@H]4O)[C@@H]1O,hygromycin-B,2,"molformer, rf",2,"mtb, saureus","5, 10, 20",0.9978,0.7308,0.2305,0.857,0.165,8,polypeptide synthesis inhibitor,Preclinical,nan,nan,0.0,0.6784,0.0,0.9978,0.6784,0.0,0.0,0.9978,0.0,False
Nc1ccc(-c2ccc3ncc4ccc(=O)n(-c5cccc(C(F)(F)F)c5)c4c3c2)cn1,torin-2,2,"dmpnn, molformer",1,saureus,"10, 20",0.9977,0.9852,0.0107,0.993,0.0079,23,mTOR inhibitor,Preclinical,nan,MTOR,0.0,0.9977,0.0,0.0,0.0,0.9977,0.0,0.9863,0.0,False
OC(c1ccc(-c2ccc(CN3CCN(Cc4ccncc4)CC3)cc2)c(F)c1)(C(F)(F)F)C(F)(F)F,SR-2211,2,"chemeleon_frozen, dmpnn",2,"mtb, saureus","10, 20",0.9975,0.9619,0.0388,0.9718,0.0103,35,retinoid receptor inverse agonist,Preclinical,nan,RORC,0.0,0.9975,0.0,0.908,0.0,0.9975,0.908,0.0,0.0,False
CCC1=C[C@@H]2C[N@](C1)Cc1c([nH]c3ccccc13)[C@@](C(=O)OC)(c1cc3c(cc1OC)N(C)[C@H]1[C@@](O)(C(=O)OC)[C@H](OC(C)=O)[C@]4(CC)C=CCN5CC[C@]31[C@@H]54)C2,vinorelbine,2,"dmpnn, molformer",1,mtb,"5, 10, 20",0.9972,0.9938,0.0032,0.9958,0.002,11,tubulin polymerization inhibitor,Launched,oncology,TUBA1A|TUBA1B|TUBA1C|TUBA3C|TUBA3D|TUBA3E|TUBA4A|TUBB|TUBB1|TUBB2A|TUBB2B|TUBB3|TUBB4A|TUBB4B|TUBB6|TUBB8,0.0,0.0,0.0,0.9972,0.0,0.9972,0.0,0.9943,0.0,False
Nc1ncnc2c1ncn2[C@H]1O[C@H]2CO[P@@](=O)(O)O[C@@H]2[C@@H]1O,cyclic-AMP,2,"dmpnn, dmpnn_rdkit",2,"ecoli, mtb","5, 10, 20",0.9971,0.9324,0.0636,0.935,0.0029,19,nan,Preclinical,nan,CNGA3|TRPM7,0.9971,0.0,0.0,0.8711,0.0,0.9971,0.0,0.0,0.8711,False
Nc1ccn([C@@H]2O[C@H](CO)[C@@H](O)C2(F)F)c(=O)n1,gemcitabine,2,"dmpnn, rf",1,ecoli,"5, 10, 20",0.9971,0.5998,0.2299,0.656,0.1037,33,ribonucleotide reductase inhibitor,Launched,oncology,CMPK1|RRM1|RRM2|TYMS,0.9971,0.0,0.0,0.0,0.4904,0.9971,0.0,0.0,0.0,False
CN1C(=O)COc2c(C(=O)N[C@H]3CN4CCC3CC4)cc(Cl)cc21,azasetron,2,"dmpnn, dmpnn_rdkit",2,"ecoli, paeruginosa","5, 20",0.9971,0.7972,0.2807,0.8067,0.0201,32,serotonin receptor antagonist,Launched,infectious disease,HTR3A|HTR3B,0.9971,0.0,0.4003,0.0,0.0,0.9971,0.0,0.0,0.4003,False
CC[C@]12C=CCN3CC[C@@]4(c5cc([C@@]6(C(=O)OC)C[C@@H]7C[C@@H](C(C)(F)F)C[N@](CCc8c6[nH]c6ccccc86)C7)c(OC)cc5N(C)[C@H]4[C@@](O)(C(=O)OC)[C@@H]1OC(C)=O)[C@@H]32,vinflunine,2,"dmpnn, molformer",2,"mtb, saureus","5, 10, 20",0.9967,0.9915,0.0033,0.9923,0.0007,4,microtubule inhibitor,Launched,oncology,nan,0.0,0.9892,0.0,0.9967,0.0,0.9967,0.0,0.9892,0.0,False
C=CC(=O)N[C@H]1CCOC[C@H]1Nc1ncc2cc(-c3c(Cl)c(OC)cc(OC)c3Cl)ccc2n1,fisogatinib,2,"dmpnn, molformer",1,saureus,"10, 20",0.9965,0.9842,0.0088,0.9932,0.009,37,fibroblast growth factor inhibitor,Phase 1,nan,nan,0.0,0.9965,0.0,0.0,0.0,0.9965,0.0,0.9765,0.0,False
CO[C@H]1/C=C/C[C@H](C)[C@@H](C)S(=O)(=O)NC(=O)c2ccc3c(c2)N(C[C@@H]2CC[C@H]21)C[C@@]1(CCCc2cc(Cl)ccc21)CO3,AMG-176,2,"dmpnn, molformer",2,"ecoli, saureus","5, 20",0.9964,0.9749,0.0134,0.9952,0.0204,13,MCL1 inhibitor,Phase 1,nan,nan,0.9798,0.9964,0.0,0.0,0.0,0.9964,0.0,0.98,0.0,False
CC[C@]1(O)C[C@@H]2C[N@@](CCc3c([nH]c4ccccc34)[C@@](C(=O)OC)(c3cc4c(cc3OC)N(C)[C@H]3[C@@](O)(C(=O)OC)[C@H](OC(C)=O)[C@]5(CC)C=CCN6CC[C@]43[C@@H]65)C2)C1,vinblastine,2,"dmpnn, rf",1,mtb,"5, 10",0.9963,0.8231,0.244,0.87,0.0756,37,microtubule inhibitor|tubulin polymerization inhibitor,Launched,hematologic malignancy|infectious disease|oncology,JUN|TUBA1A|TUBB|TUBD1|TUBE1|TUBG1,0.0,0.0,0.0,0.9963,0.4781,0.9963,0.0,0.0,0.0,False
Cc1c2oc3c(C)ccc(C(=O)N[C@@H]4C(=O)N[C@H](C(C)C)C(=O)N5CCC[C@H]5C(=O)N(C)CC(=O)N(C)[C@@H](C(C)C)C(=O)O[C@@H]4C)c3nc-2c(C(=O)N[C@@H]2C(=O)N[C@H](C(C)C)C(=O)N3CCC[C@H]3C(=O)N(C)CC(=O)N(C)[C@@H](C(C)C)C(=O)O[C@@H]2C)c(N)c1=O,dactinomycin,2,"dmpnn, rf",1,saureus,"5, 10, 20",0.9962,0.6014,0.2313,0.9255,0.3594,30,RNA polymerase inhibitor,Launched,oncology,POLR2A,0.0,0.9962,0.0,0.0,0.5306,0.9962,0.0,0.0,0.0,False
CC(C)C[C@H]1C(=O)N2CCC[C@H]2[C@]2(O)O[C@](NC(=O)[C@@H]3C=C4c5cccc6[nH]c(Br)c(c56)C[C@H]4N(C)C3)(C(C)C)C(=O)N12,bromocriptine,2,"dmpnn, molformer",1,mtb,"5, 10",0.996,0.9876,0.006,0.9921,0.0045,28,dopamine receptor agonist,Launched,endocrinology|neurology/psychiatry,ADRA1A|ADRA1B|ADRA1D|ADRA2A|ADRA2B|ADRA2C|DRD1|DRD2|DRD3|DRD4|DRD5|HTR1A|HTR1B|HTR1D|HTR2A|HTR2B|HTR2C|HTR6|HTR7,0.0,0.0,0.0,0.996,0.0,0.996,0.0,0.9841,0.0,False
CCC(=O)NC[C@H](Cc1ccc(OCCc2nc(-c3ccccc3)oc2C)cc1)N/C(C)=C\C(=O)c1ccc(C(F)(F)F)cc1,GW-6471,2,"dmpnn_rdkit, molformer",3,"ecoli, mtb, saureus","5, 10, 20",0.9957,0.6935,0.1861,0.7436,0.0765,25,PPAR receptor antagonist,Preclinical,nan,PPARA,0.4885,0.6606,0.0,0.9957,0.0,0.0,0.0,0.9957,0.6606,False
C[C@]12C=CC(=O)C=C1CC[C@@H]1[C@@H]2[C@@H](O)C[C@@]2(C)[C@H]1CC[C@]2(O)C(=O)COC(=O)c1ccc(CO[N+](=O)[O-])cc1,NCX-1015,2,"dmpnn, molformer",1,saureus,"5, 10",0.9956,0.9754,0.0189,0.9765,0.0012,5,interleukin sythesis stimulator,Preclinical,nan,nan,0.0,0.9956,0.0,0.0,0.0,0.9956,0.0,0.9571,0.0,False
COC(=O)[C@@]12OC[C@]34[C@H]([C@@H](O)[C@@H]1O)[C@@]1(C)CC(=O)C(=O)[C@H](C)[C@@H]1C[C@H]3OC(=O)[C@H](OC(=O)/C=C(\C)C(C)C)[C@@H]24,bruceantin,2,"dmpnn, molformer",2,"mtb, paeruginosa",5,0.9952,0.927,0.0682,0.9343,0.0083,41,protein synthesis inhibitor,Phase 2,nan,nan,0.0,0.0,0.8589,0.9952,0.0,0.9952,0.0,0.8589,0.0,False
Cn1c(=O)c2c(ncn2CC(=O)O)n(C)c1=O,acefylline,2,"dmpnn, rf",4,"ecoli, mtb, paeruginosa, saureus","5, 10, 20",0.9951,0.7444,0.1955,0.764,0.0301,2,adenosine receptor agonist,Launched,pulmonary,ADORA1,0.9944,0.9816,0.9951,0.7343,0.7343,0.9951,0.0,0.0,0.0,False
CON=C(N)c1ccc(-c2ccc(-c3ccc(C(N)=NOC)cc3)o2)cc1,pafuramidine,2,"chemeleon_frozen, molformer",1,mtb,"5, 10, 20",0.995,0.9512,0.0505,0.9762,0.0262,13,DNA synthesis inhibitor,Phase 3,nan,nan,0.0,0.0,0.0,0.995,0.0,0.0,0.9225,0.995,0.0,False
O=C(O)C[C@](O)(CC(=O)[O][Bi]1[O]C(=O)C[C@@](O)(CC(=O)O)C(=O)[O]1)C(=O)O,bismuth-subcitrate-potassium,2,"chemeleon_frozen, dmpnn",1,paeruginosa,"5, 10, 20",0.9945,0.9168,0.0777,0.9186,0.0022,2,nan,Launched,gastroenterology,nan,0.0,0.0,0.9945,0.0,0.0,0.9945,0.8419,0.0,0.0,False
NS(=O)(=O)c1cc2c(cc1Cl)N[C@H]([C@H]1C[C@@H]3C=C[C@H]1C3)NS2(=O)=O,cyclothiazide,2,"chemeleon_frozen, dmpnn",1,mtb,"5, 10, 20",0.9942,0.9449,0.0291,0.9508,0.0063,12,glutamate receptor modulator,Launched,cardiology,CA2|GRIA1|GRIA2|GRIA3|GRIA4|SLC12A3,0.0,0.0,0.0,0.9942,0.0,0.9942,0.9355,0.0,0.0,False
CC(=O)N(C[C@@H](O)CO)c1c(I)c(C(=O)NCCO)c(I)c(C(=O)NC[C@@H](O)CO)c1I,ioxilan,2,"dmpnn, dmpnn_rdkit",2,"mtb, paeruginosa","5, 10, 20",0.9942,0.6728,0.2627,0.7445,0.1236,36,radiopaque medium,Launched,radiology,nan,0.0,0.0,0.4988,0.9942,0.0,0.9942,0.0,0.0,0.4988,False
Clc1ccccc1CNC[C@H]1CC[C@H](CNCc2ccccc2Cl)CC1,AY-9944,2,"dmpnn, molformer",1,paeruginosa,"10, 20",0.9939,0.9893,0.0032,0.993,0.0037,9,hedgehog pathway modulator,Preclinical,nan,nan,0.0,0.0,0.9939,0.0,0.0,0.9939,0.0,0.9871,0.0,False
CC(=O)N(CC(O)CN(C(C)=O)c1c(I)c(C(=O)NC[C@@H](O)CO)c(I)c(C(=O)NC[C@@H](O)CO)c1I)c1c(I)c(C(=O)NC[C@@H](O)CO)c(I)c(C(=O)NC[C@@H](O)CO)c1I,iodixanol,2,"dmpnn_rdkit, molformer",1,paeruginosa,"5, 10, 20",0.9939,0.8103,0.1874,0.8957,0.107,2,radiopaque medium,Launched,radiology,nan,0.0,0.0,0.9939,0.0,0.0,0.0,0.0,0.9939,0.7013,False
CCOC(=O)C1=C(C)NC(C)=C(C(=O)OCC)C1c1ccccc1/C=C/C(=O)OC(C)(C)C,lacidipine,2,"chemeleon_frozen, dmpnn",1,mtb,10,0.9938,0.9357,0.058,0.9387,0.0033,35,calcium channel blocker,Launched,cardiology,CACNA1C,0.0,0.0,0.0,0.9938,0.0,0.9938,0.8777,0.0,0.0,False
Cn1c(=O)c2c(ncn2CC(=O)Nc2ccc(-c3ccccc3)nn2)n(C)c1=O,ETC-159,2,"dmpnn, rf",3,"mtb, paeruginosa, saureus","5, 10, 20",0.9936,0.8886,0.1331,0.9137,0.0311,3,beta catenin inhibitor|porcupine inhibitor,Phase 1,nan,PORCN,0.0,0.9919,0.9936,0.7276,0.7276,0.9936,0.0,0.0,0.0,False
N=C(N)SCc1ccc(B(O)O)cc1,BC-11,2,"chemeleon_frozen, dmpnn",1,ecoli,"5, 10, 20",0.9932,0.9748,0.0144,0.9857,0.0111,7,urokinase inhibitor,Preclinical,nan,PLAU,0.9932,0.0,0.0,0.0,0.0,0.9932,0.9723,0.0,0.0,False
Cn1c(=O)c2c(ncn2C[C@@H](O)CO)n(C)c1=O,dyphylline,2,"dmpnn, rf",4,"ecoli, mtb, paeruginosa, saureus","5, 10, 20",0.9931,0.7028,0.2436,0.7441,0.0726,7,adenosine receptor antagonist|phosphodiesterase inhibitor,Launched,pulmonary,PDE4A,0.9851,0.9931,0.9788,0.5173,0.5173,0.9931,0.0,0.0,0.0,False
C[N+](C)(C)CCOP(=O)(O)OP(=O)(O)OC[C@H]1O[C@@H](n2ccc(N)nc2=O)[C@H](O)[C@@H]1O,citicoline,2,"dmpnn, dmpnn_rdkit",1,mtb,"5, 10",0.9931,0.9198,0.0734,0.9245,0.0055,48,glutathione transferase stimulant|membrane permeability enhancer,Launched,neurology/psychiatry|ophthalmology,ACHE|SLC1A2,0.0,0.0,0.0,0.9931,0.0,0.9931,0.0,0.0,0.8464,False
Cc1cccc(N2C[C@@H](CO)OC2=O)c1,toloxatone,2,"dmpnn, rf",1,paeruginosa,"5, 10, 20",0.9923,0.8389,0.2597,0.8632,0.0471,9,monoamine oxidase inhibitor,Launched,neurology/psychiatry,MAOA|MAOB,0.0,0.0,0.9923,0.0,0.3891,0.9923,0.0,0.0,0.0,False
CO[C@@H]1[C@H](O[P@@](=O)(OC[C@H]2O[C@@H](n3cnc4c(N)ncnc43)C[C@@H]2O)SCOC(=O)OC(C)C)[C@@H](CO)O[C@H]1n1ccc(=O)[nH]c1=O,inarigivir-soproxil,2,"dmpnn, dmpnn_rdkit",2,"paeruginosa, saureus","5, 20",0.9923,0.8183,0.1739,0.8854,0.0862,13,antiviral,Phase 2,nan,nan,0.0,0.9923,0.6444,0.0,0.0,0.9923,0.0,0.0,0.6444,False
Cn1c(C#N)ccc1-c1cc(F)c2c(c1)C(C)(C)C(=O)N2,WAY-255348,2,"dmpnn, molformer",2,"ecoli, saureus",5,0.9921,0.9764,0.0157,0.9903,0.0141,26,progesterone receptor antagonist,Preclinical,nan,nan,0.9921,0.9607,0.0,0.0,0.0,0.9921,0.0,0.9607,0.0,False
COc1ccn2ncc(-c3nc4n[nH]c(NC(=O)c5ccc(F)cc5)c4cc3F)c2c1,CW-008,2,"dmpnn_rdkit, molformer",2,"ecoli, saureus","10, 20",0.9921,0.7976,0.1766,0.8657,0.0885,14,PKA activator,Preclinical,nan,PRKACA,0.6678,0.9921,0.0,0.0,0.0,0.0,0.0,0.9921,0.6678,False
CC(C)Cn1cnc2c1c(=O)n(C)c(=O)n2C,isbufylline,2,"dmpnn, rf",4,"ecoli, mtb, paeruginosa, saureus","5, 10, 20",0.9912,0.6354,0.2226,0.6816,0.0823,11,phosphodiesterase inhibitor,Phase 2,nan,nan,0.5189,0.9912,0.944,0.5202,0.5202,0.9912,0.0,0.0,0.0,False
C[C@H]1CC[C@H](n2c3cnccc3c3cnc(Nc4ccc5c(n4)CCN(C(=O)CO)C5)nc32)CC1,AMG-925,2,"dmpnn, molformer",1,saureus,"5, 10, 20",0.991,0.9792,0.0089,0.99,0.0108,12,CDK inhibitor|FLT3 inhibitor,Phase 1,nan,CDK4|CDK6|FLT3,0.0,0.991,0.0,0.0,0.0,0.9772,0.0,0.991,0.0,False
Cc1cc2nc3c(=O)[nH]c(=O)nc-3n(C[C@H](O)[C@H](O)[C@H](O)CO[P@](=O)(O)O[P@](=O)(O)OC[C@H]3O[C@@H](n4cnc5c(N)ncnc54)[C@H](O)[C@@H]3O)c2cc1C,flavin-adenine-dinucleotide,2,"dmpnn, dmpnn_rdkit",3,"ecoli, mtb, saureus","5, 10, 20",0.9907,0.9493,0.0434,0.9642,0.0159,18,nan,Preclinical,nan,ACAD8|ACADM|ACADS|ACOX1|AIFM1|CYB5R1|CYB5R3|DAO|DLD|DPYD|ERO1LB|FDXR|GCDH|GFER|GSR|IL4I1|IVD|MAOA|MAOB|NOS1|NQO1|NQO2|POR|TXNRD1|XDH,0.9907,0.9871,0.0,0.9183,0.0,0.9907,0.0,0.0,0.9183,False
O=c1[nH]c2ccc(Cl)cc2c(N[C@@H]2CN3CCC2CC3)c1-c1nc2ccccc2[nH]1,CHIR-124,2,"dmpnn_rdkit, molformer",2,"ecoli, saureus","10, 20",0.9902,0.7815,0.1574,0.8565,0.0935,6,CHK inhibitor,Preclinical,nan,CHEK1,0.9902,0.8293,0.0,0.0,0.0,0.0,0.0,0.9902,0.8293,False
Cn1c(=O)c2c(ncn2C)n(C)c1=O,caffeine,2,"dmpnn, rf",2,"ecoli, mtb","5, 10",0.99,0.8171,0.2437,0.8288,0.0212,36,adenosine receptor antagonist|phosphodiesterase inhibitor,Launched,neurology/psychiatry,ADORA1|ADORA2A|ADORA2B|ADORA3|ATM|ITPR1|ITPR2|ITPR3|PDE10A|PDE11A|PDE1A|PDE1B|PDE1C|PDE2A|PDE3A|PDE3B|PDE4A|PDE4B|PDE4C|PDE4D|PDE5A|PDE6A|PDE6B|PDE6C|PDE7A|PDE7B|PDE8A|PDE8B|PDE9A|PIK3CA|PIK3CB|PIK3CD|PRKDC|RYR1|RYR2|RYR3,0.99,0.0,0.0,0.4725,0.4725,0.99,0.0,0.0,0.0,False
CC(C)(O)c1ccccc1-c1ccc2nc(/C=C/c3ccc(C(F)(F)F)cc3)[nH]c2c1,mavatrep,2,"chemeleon_frozen, molformer",1,saureus,"10, 20",0.9897,0.9299,0.0437,0.9515,0.0232,21,transient receptor potential channel antagonist,Preclinical,nan,nan,0.0,0.9897,0.0,0.0,0.0,0.0,0.9134,0.9897,0.0,False
CCc1cc(O)c(Oc2ccc(C(N)=O)cc2F)cc1F,MUT056399,2,"molformer, rf",3,"ecoli, paeruginosa, saureus","5, 10, 20",0.9895,0.55,0.1769,0.6872,0.2117,15,FABI inhibitor,Phase 1,nan,nan,0.5162,0.9895,0.4413,0.0,0.5998,0.0,0.0,0.9895,0.0,False
Nc1ccn([C@@H]2CS[C@H](CO)O2)c(=O)n1,lamivudine,2,"chemeleon_frozen, dmpnn",1,ecoli,"5, 10, 20",0.9893,0.8591,0.0758,0.8793,0.0237,27,nucleoside reverse transcriptase inhibitor,Launched,infectious disease,nan,0.9893,0.0,0.0,0.0,0.0,0.9893,0.8313,0.0,0.0,False
C[C@]12C[C@@H]3C[C@](C)(C1)C[C@@](N)(C3)C2,memantine,2,"chemeleon_frozen, dmpnn_rdkit",3,"ecoli, mtb, paeruginosa","5, 10, 20",0.989,0.847,0.233,0.8505,0.0075,3,glutamate receptor antagonist,Launched,neurology/psychiatry,nan,0.989,0.0,0.45,0.9743,0.0,0.0,0.989,0.0,0.45,False
Nc1ncnc2c1nc(Br)n2[C@@H]1O[C@@H]2CO[P@@](=O)(O)O[C@H]2[C@H]1O,8-bromo-cAMP,2,"dmpnn, dmpnn_rdkit",2,"ecoli, mtb","5, 10, 20",0.9887,0.9327,0.0441,0.939,0.0069,19,PKA activator,Preclinical,nan,nan,0.9887,0.0,0.0,0.9007,0.0,0.9887,0.0,0.0,0.9007,False
C[C@H](NCc1ccc(OCc2ccccc2F)cc1)C(N)=O,priralfinamide,2,"dmpnn, molformer",2,"mtb, paeruginosa","5, 10, 20",0.988,0.9855,0.0025,0.988,0.0025,20,sodium channel blocker,Phase 3,nan,CACNA1B,0.0,0.0,0.9821,0.988,0.0,0.9821,0.0,0.988,0.0,False
COc1ccc(S(=O)(=O)N[C@@H](CNc2nc(C)nc(N3CCC(c4ccc5c(n4)NCCC5)CC3)c2C)C(=O)O)cc1,GLPG0187,2,"dmpnn_rdkit, molformer",2,"paeruginosa, saureus","5, 10, 20",0.9874,0.8518,0.2209,0.8832,0.0513,8,integrin antagonist,Phase 1,nan,nan,0.0,0.9874,0.9765,0.0,0.0,0.0,0.0,0.9874,0.53,False
O=C(O[C@@H]1C[C@@H]2C[C@@H]3C[C@H](C1)N2CC3=O)c1c[nH]c2ccccc12,dolasetron,2,"chemeleon_frozen, dmpnn",3,"ecoli, mtb, paeruginosa","5, 10, 20",0.987,0.9047,0.0697,0.9104,0.0066,11,serotonin receptor antagonist,Launched,gastroenterology,HTR3A,0.8507,0.0,0.987,0.8479,0.0,0.987,0.8507,0.0,0.0,False
C[N+](C)(C)CCCCCNCC12CC3CC(CC(C3)C1)C2,IEM1460,2,"molformer, rf",2,"mtb, paeruginosa","5, 10",0.9864,0.6819,0.3038,0.7133,0.0704,26,glutamate receptor antagonist,Preclinical,nan,GRIA2,0.0,0.0,0.383,0.9864,0.383,0.0,0.0,0.9864,0.0,False
Cc1c(-c2cnccn2)ssc1=S,oltipraz,2,"dmpnn, molformer",2,"ecoli, paeruginosa","5, 10, 20",0.9861,0.9368,0.0285,0.9411,0.0045,28,nuclear factor erythroid derived|like (NRF2) activator,Phase 3,nan,ANG,0.9861,0.0,0.9228,0.0,0.0,0.9861,0.0,0.9228,0.0,False
FC(F)(F)C(F)(F)C(F)(F)N(C(F)(F)C(F)(F)C(F)(F)F)C(F)(F)C(F)(F)C(F)(F)F,perfluamine,2,"chemeleon_frozen, molformer",2,"mtb, paeruginosa","5, 20",0.9849,0.9261,0.0428,0.9379,0.0127,10,nan,Launched,nan,nan,0.0,0.0,0.9849,0.9096,0.0,0.0,0.9096,0.9849,0.0,False
CC(C)c1ccc(NC(=O)Cn2cnc3c2c(=O)n(C)c(=O)n3C)cc1,HC-030031,2,"dmpnn, rf",4,"ecoli, mtb, paeruginosa, saureus","5, 10, 20",0.9848,0.6289,0.2069,0.6777,0.0797,6,TRPA1 channel blocker,Phase 1,nan,TRPA1,0.4475,0.9848,0.9372,0.6917,0.6917,0.9848,0.0,0.0,0.0,False
CO[C@H]1C[C@@H]2CC[C@@H](C)[C@@](O)(O2)C(=O)C(=O)N2CCCC[C@H]2C(=O)O[C@H]([C@H](C)C[C@@H]2CC[C@H](n3cnnn3)[C@H](OC)C2)CC(=O)[C@H](C)/C=C(\C)[C@@H](O)[C@@H](OC)C(=O)[C@H](C)C[C@H](C)/C=C/C=C/C=C/1C,zotarolimus,2,"dmpnn, molformer",1,saureus,"5, 10",0.9838,0.9727,0.0113,0.9916,0.019,12,mTOR inhibitor,Launched,cardiology,FKBP1A,0.0,0.9838,0.0,0.0,0.0,0.9838,0.0,0.9773,0.0,False
CC[C@@H]1CN(C(=O)NCC(F)(F)F)C[C@@H]1c1cnc2cnc3[nH]ccc3n12,upadacitinib,2,"dmpnn, dmpnn_rdkit",1,saureus,"10, 20",0.9835,0.7801,0.1457,0.8217,0.0552,31,JAK inhibitor,Launched,nan,nan,0.0,0.9835,0.0,0.0,0.0,0.9835,0.0,0.0,0.7076,False
CC(C)(C)c1ccc(S(=O)(=O)NCc2ccc(C(=O)Nc3cccnc3)cc2)cc1,STF-31,2,"molformer, rf",1,mtb,"5, 10",0.9828,0.8151,0.2363,0.8455,0.0514,34,NAMPT inhibitor,Preclinical,nan,NAMPT|SLC2A1,0.0,0.0,0.0,0.9828,0.4809,0.0,0.0,0.9828,0.0,False
CCc1nc2c(C)cc(N3CCN(CC(=O)N4CC(O)C4)CC3)cn2c1N(C)c1nc(-c2ccc(F)cc2)c(C#N)s1,ziritaxestat,2,"dmpnn, dmpnn_rdkit",2,"ecoli, saureus","10, 20",0.9789,0.707,0.1951,0.7646,0.0869,39,autotaxin inhibitor,Phase 3,nan,nan,0.6122,0.9789,0.0,0.0,0.0,0.9789,0.0,0.0,0.6122,False
CN1N=C(N)c2cn([C@@H]3O[C@H](COP(=O)(O)O)[C@@H](O)[C@H]3O)c3ncnc1c23,triciribine-phosphate,2,"dmpnn_rdkit, molformer",2,"ecoli, mtb","5, 10, 20",0.9787,0.9494,0.0192,0.9663,0.0174,1,AKT inhibitor,Phase 1/Phase 2,nan,nan,0.9787,0.0,0.0,0.9421,0.0,0.0,0.0,0.9787,0.9421,False
FC(F)(F)C(F)(F)C(F)(F)C(F)(F)C(F)(F)C(F)(F)C(F)(F)C(F)(F)Br,perflubron,2,"chemeleon_frozen, molformer",2,"mtb, paeruginosa","5, 20",0.9785,0.9686,0.0083,0.977,0.0086,5,contrast agent,Launched,radiology,nan,0.0,0.0,0.9582,0.9785,0.0,0.0,0.9785,0.9582,0.0,False
CO[C@H]1C[C@@H]2CC[C@@H](C)[C@@](O)(O2)C(=O)C(=O)N2CCCC[C@H]2C(=O)O[C@H]([C@H](C)C[C@@H]2CC[C@@H](OC(=O)C(C)(CO)CO)[C@H](OC)C2)CC(=O)[C@H](C)/C=C(\C)[C@@H](O)[C@@H](OC)C(=O)[C@H](C)C[C@H](C)/C=C/C=C/C=C/1C,temsirolimus,2,"dmpnn, molformer",1,saureus,5,0.978,0.9581,0.0198,0.9739,0.0162,36,mTOR inhibitor,Launched,oncology,MTOR,0.0,0.978,0.0,0.0,0.0,0.978,0.0,0.9383,0.0,False
CCCCCCCCCCCCC[N+](C)(C)Cc1ccccc1,benzalkonium,2,"molformer, rf",2,"ecoli, saureus","5, 10, 20",0.977,0.6651,0.2202,0.847,0.2316,13,cationic surfactant,Launched,dermatology,nan,0.4715,0.977,0.0,0.0,0.5583,0.0,0.0,0.977,0.0,False
CC[C@@H](C)c1ccc(NC(=O)Cn2cnc3c2c(=O)n(C)c(=O)n3C)cc1,TCS-5861528,2,"dmpnn, rf",3,"mtb, paeruginosa, saureus","5, 10, 20",0.976,0.6298,0.2027,0.6882,0.0939,4,transient receptor potential channel antagonist,Preclinical,nan,TRPA1,0.0,0.976,0.9318,0.7004,0.7004,0.976,0.0,0.0,0.0,False
Cl[C@H]1[C@H](Cl)[C@@H](Cl)[C@@H](Cl)[C@H](Cl)[C@H]1Cl,lindane,2,"chemeleon_frozen, molformer",2,"paeruginosa, saureus","5, 10, 20",0.9752,0.9378,0.0419,0.9743,0.0375,15,nan,Launched,infectious disease,GABRB1|GLRA1|GLRA2|GLRA3|GLRB,0.0,0.9588,0.9752,0.0,0.0,0.0,0.9588,0.9752,0.0,False
CC(C)[C@@H](N)C(=O)O,L-valine,2,"molformer, rf",3,"ecoli, paeruginosa, saureus","5, 10, 20",0.9743,0.7036,0.2408,0.7161,0.0254,15,nan,Phase 2,nan,nan,0.933,0.9743,0.8546,0.0,0.4762,0.0,0.0,0.9743,0.0,False
NS(=O)(=O)c1cc2c(cc1Cl)N[C@H](C(Cl)Cl)NS2(=O)=O,trichlormethiazide,2,"chemeleon_frozen, molformer",3,"ecoli, mtb, saureus","5, 10, 20",0.9733,0.8668,0.0634,0.8838,0.0194,12,chloride channel blocker,Launched,cardiology,PTGS1|PTGS2|SLC12A1,0.9733,0.8162,0.0,0.8824,0.0,0.0,0.8824,0.9733,0.0,False
O=C1c2ccccc2-n2c1nc1ccccc1c2=O,tryptanthrin,2,"molformer, rf",2,"mtb, saureus","5, 10, 20",0.9723,0.5918,0.1577,0.7026,0.1681,17,cyclooxygenase inhibitor,Preclinical,nan,IDO1,0.0,0.9723,0.0,0.5775,0.5775,0.0,0.0,0.9723,0.0,False
CN(C)C(=S)SSC(=S)N(C)C,thiram,2,"chemeleon_frozen, molformer",1,saureus,"5, 10, 20",0.9713,0.9604,0.0092,0.9633,0.003,11,nan,Launched,ophthalmology,JAK2,0.0,0.9713,0.0,0.0,0.0,0.0,0.9713,0.9501,0.0,False
O=C(Nc1cnn2ccc(N3CCC[C@@H]3c3cc(F)ccc3F)nc12)N1CC[C@H](O)C1,larotrectinib,2,"dmpnn, dmpnn_rdkit",2,"paeruginosa, saureus","5, 10, 20",0.9685,0.8508,0.1435,0.8999,0.0607,37,tropomyosin receptor kinase inhibitor,Launched,nan,NTRK1|NTRK2|NTRK3,0.0,0.6487,0.9685,0.0,0.0,0.9685,0.0,0.0,0.6487,False
NC(=O)[C@@H]1CC[C@@H]2CN1C(=O)N2OS(=O)(=O)O,avibactam,2,"molformer, rf",1,ecoli,"5, 10, 20",0.9681,0.8029,0.1648,0.8725,0.0894,4,beta lactamase inhibitor,Launched,infectious disease,nan,0.9681,0.0,0.0,0.0,0.6702,0.0,0.0,0.9681,0.0,False
Cn1c(=O)c2c(ncn2CCO)n(C)c1=O,etofylline,2,"dmpnn, rf",4,"ecoli, mtb, paeruginosa, saureus","5, 10, 20",0.9679,0.6326,0.1701,0.6604,0.0472,2,adenosine receptor antagonist,Launched,pulmonary,ADORA1,0.5771,0.5044,0.9679,0.5512,0.6032,0.9679,0.0,0.0,0.0,False
CC(C)(NS(=O)(=O)c1ccc(Oc2ccc(F)cc2)cc1)C(=O)NO,CP-471474,2,"dmpnn_rdkit, molformer",2,"ecoli, paeruginosa","5, 10, 20",0.9676,0.7213,0.2132,0.7333,0.0211,6,matrix metalloprotease inhibitor,Preclinical,nan,MMP1|MMP13|MMP2|MMP3|MMP9,0.9676,0.0,0.5597,0.0,0.0,0.0,0.0,0.9676,0.5597,False
CCCCCCCCCCCCCCCC[N+](C)(C)C,cetrimonium,2,"molformer, rf",2,"paeruginosa, saureus","5, 10, 20",0.966,0.6034,0.2278,0.6671,0.1157,17,nan,Launched,dermatology,nan,0.0,0.966,0.4618,0.0,0.4855,0.0,0.0,0.966,0.0,False
CCCCCCCCCCCCCCCC[N+](C)(C)Cc1ccccc1,benzyldimethylhexadecylammonium,2,"molformer, rf",2,"ecoli, saureus","5, 10, 20",0.9612,0.6956,0.2156,0.8618,0.209,15,cationic surfactant,Preclinical,nan,nan,0.9155,0.9612,0.0,0.0,0.5583,0.0,0.0,0.9612,0.0,False
CCCCCCCCCCCC(=O)N(CCO)CCO,lauric-diethanolamide,2,"dmpnn, rf",1,paeruginosa,"5, 10, 20",0.9587,0.7248,0.2779,0.7546,0.0606,34,nan,Preclinical,nan,nan,0.0,0.0,0.9587,0.0,0.3857,0.9587,0.0,0.0,0.0,False
CC#CCn1c(N2CCC[C@@H](N)C2)nc2c1c(=O)n(Cc1nc(C)c3ccccc3n1)c(=O)n2C,linagliptin,2,"chemeleon_frozen, molformer",2,"ecoli, paeruginosa","5, 10, 20",0.9585,0.9026,0.0343,0.9304,0.0301,16,dipeptidyl peptidase inhibitor,Launched,endocrinology,DPP4,0.9585,0.0,0.902,0.0,0.0,0.0,0.902,0.9585,0.0,False
O=[N+]([O-])c1cn2c(n1)OC[C@@H](OCc1ccc(-c3ccc(OC(F)(F)F)cc3)nc1)C2,TBA-354,2,"chemeleon_frozen, rf",1,mtb,"5, 10, 20",0.9567,0.6332,0.1914,0.9849,0.3564,11,nan,Phase 1,nan,nan,0.0,0.0,0.0,0.9567,0.5931,0.0,0.9567,0.0,0.0,False
O=C(Nc1cc(C(F)(F)F)cc(C(F)(F)F)c1)c1cnc(Cl)nc1C(F)(F)F,SP-100030,2,"chemeleon_frozen, rf",1,mtb,"5, 10, 20",0.9523,0.7728,0.1738,0.8627,0.1157,15,NFkB pathway inhibitor,Preclinical,nan,JUN|NFKB1,0.0,0.0,0.0,0.9523,0.593,0.0,0.9523,0.0,0.0,False
NS(=O)(=O)c1cc(Cl)c(Cl)c(S(N)(=O)=O)c1,diclofenamide,2,"chemeleon_frozen, molformer",2,"ecoli, mtb","5, 10, 20",0.9497,0.8822,0.0422,0.8898,0.0082,21,carbonic anhydrase inhibitor,Launched,ophthalmology|neurology/psychiatry,CA1|CA12|CA2|CA4|CA7,0.9497,0.0,0.0,0.8663,0.0,0.0,0.8663,0.9497,0.0,False
N[C@@H]1CCN(O)C1=O,HA-966-(R)-(+),2,"chemeleon_frozen, dmpnn",1,paeruginosa,"5, 10",0.9496,0.8796,0.0984,0.8825,0.0032,34,glutamate receptor agonist,Preclinical,nan,GRIA1,0.0,0.0,0.9496,0.0,0.0,0.9496,0.7405,0.0,0.0,False
COc1cc(NC(=O)CCN2CCC(OC(=O)Nc3ccccc3-c3ccccc3)CC2)c(Cl)cc1CNC[C@H](O)c1ccc(O)c2nc(O)ccc12,batefenterol,2,"dmpnn_rdkit, molformer",1,saureus,"10, 20",0.9462,0.8553,0.0909,0.9426,0.095,24,acetylcholine receptor antagonist|adrenergic receptor agonist,Phase 2,nan,nan,0.0,0.9462,0.0,0.0,0.0,0.0,0.0,0.9462,0.7645,False
O=C(NC(=O)c1c(F)cccc1F)Nc1cc(Cl)c(OC(F)(F)[C@@H](F)C(F)(F)F)cc1Cl,lufenuron,2,"chemeleon_frozen, dmpnn_rdkit",2,"mtb, saureus","10, 20",0.9452,0.8404,0.1153,0.9136,0.0842,16,chitin inhibitor,Launched,infectious disease,nan,0.0,0.9242,0.0,0.9452,0.0,0.0,0.9452,0.0,0.7353,False
CN1[C@@H]2CC[C@H]1C[C@@H](OC(=O)N1Cc3ccccc3NC1=O)C2,DAU-5884,2,"chemeleon_frozen, dmpnn",1,paeruginosa,"5, 10, 20",0.9437,0.8504,0.0774,0.873,0.0271,29,acetylcholine receptor antagonist,Preclinical,nan,CHRM3,0.0,0.0,0.9437,0.0,0.0,0.9437,0.8048,0.0,0.0,False
O=C1[O][Pt]2([NH][C@@H]3CCCC[C@H]3[NH]2)[O]C1=O,oxaliplatin,2,"chemeleon_frozen, dmpnn",2,"mtb, paeruginosa","5, 10, 20",0.9418,0.8348,0.082,0.845,0.0122,42,DNA inhibitor,Launched,oncology,nan,0.0,0.0,0.9418,0.8544,0.0,0.9418,0.8544,0.0,0.0,False
COc1nc2ccc(Br)cc2cc1[C@@H](c1ccccc1)[C@@](O)(CCN(C)C)c1cccc2ccccc12,bedaquiline,2,"chemeleon_frozen, rf",1,mtb,"5, 10, 20",0.9402,0.7535,0.1182,0.8693,0.1372,3,ATPase inhibitor,Launched,infectious disease,nan,0.0,0.0,0.0,0.9402,0.7578,0.0,0.9402,0.0,0.0,False
COc1ccc(-c2cc3c(C)nc(N)nc3n([C@H]3CC[C@H](OCCO)CC3)c2=O)cn1,PF-04691502,2,"dmpnn_rdkit, molformer",3,"ecoli, paeruginosa, saureus","5, 10, 20",0.9393,0.7746,0.1564,0.8628,0.1037,2,mTOR inhibitor|PI3K inhibitor,Phase 2,nan,MTOR|PIK3CA,0.4848,0.8643,0.9393,0.0,0.0,0.0,0.0,0.9393,0.8643,False
N[C@@H](CN(O)[N+][O-])C(=O)O,alanosine,2,"chemeleon_frozen, dmpnn_rdkit",2,"ecoli, saureus","5, 10, 20",0.9366,0.8102,0.1261,0.8151,0.0071,4,antimetabolite,Phase 2,nan,nan,0.686,0.9366,0.0,0.0,0.0,0.0,0.9366,0.0,0.686,False
C/C1=C2/[N]([Co+][OH])[C@H]([C@H](CC(N)=O)[C@@]2(C)CCC(=O)NC[C@@H](C)OP(=O)(O)O[C@H]2[C@@H](O)[C@@H](n3cnc4cc(C)c(C)cc43)O[C@@H]2CO)[C@]2(C)N=C(/C(C)=C3\N=C(/C=C4/N=C1[C@@H](CCC(N)=O)C4(C)C)[C@@H](CCC(N)=O)[C@]3(C)CC(N)=O)[C@@H](CCC(N)=O)[C@]2(C)CC(N)=O,hydroxocobalamin,2,"dmpnn_rdkit, molformer",2,"mtb, paeruginosa","5, 10, 20",0.9349,0.9109,0.0193,0.9532,0.0443,8,vitamin B,Launched,nan,nan,0.0,0.0,0.9211,0.9349,0.0,0.0,0.0,0.9211,0.9349,False
O=C(O)c1ccccc1NC(=O)C12CC3CC(CC(C3)C1)C2,2-(1-adamantylamino)benzoic-acid,2,"chemeleon_frozen, dmpnn_rdkit",2,"ecoli, paeruginosa","5, 10, 20",0.9279,0.7006,0.1911,0.7326,0.0515,5,nan,Preclinical,nan,nan,0.5179,0.0,0.9279,0.0,0.0,0.0,0.9279,0.0,0.5797,False
Nc1nc(Cl)nc2c1ncn2[C@@H]1O[C@H](CO)[C@@H](O)[C@H]1O,2-chloroadenosine,2,"molformer, rf",1,ecoli,"5, 10",0.927,0.6083,0.2255,0.6535,0.0856,41,adenosine receptor agonist,Preclinical,nan,ADORA1|ADORA2A|ADORA2B,0.927,0.0,0.0,0.0,0.4576,0.0,0.0,0.927,0.0,False
O=c1cccc2n1C[C@H]1C[C@@H]2CN(CCN2C[C@@H]3C[C@H](C2)c2cccc(=O)n2C3)C1,CC4,2,"chemeleon_frozen, molformer",3,"ecoli, mtb, paeruginosa","5, 10, 20",0.9263,0.8505,0.0406,0.8588,0.0089,23,nicotinic receptor agonist,Preclinical,nan,CHRNB2,0.9263,0.0,0.8239,0.8597,0.0,0.0,0.8597,0.9263,0.0,False
COP(=O)(OC)O[C@@H](c1ccc(Cl)cc1)P(=O)(OC)OC,mifobate,2,"chemeleon_frozen, dmpnn_rdkit",1,mtb,"5, 10, 20",0.9225,0.9105,0.0144,0.9199,0.0103,3,PPAR receptor antagonist,Phase 2,nan,PPARG,0.0,0.0,0.0,0.9225,0.0,0.0,0.9026,0.0,0.9225,False
COc1nc(N)nc2c1ncn2[C@@H]1O[C@H](CO)[C@@H](O)[C@@H]1O,nelarabine,2,"chemeleon_frozen, molformer",1,ecoli,"5, 10, 20",0.9184,0.8417,0.0443,0.8527,0.0121,25,DNA synthesis inhibitor|T cell inhibitor,Launched,hematologic malignancy,POLA1,0.9184,0.0,0.0,0.0,0.0,0.0,0.817,0.9184,0.0,False
Cn1nnc(-c2ccc(-c3ccc(N4C[C@H](COP(=O)(O)O)OC4=O)cc3F)cn2)n1,tedizolid-phosphate,2,"chemeleon_frozen, dmpnn_rdkit",1,mtb,"5, 10, 20",0.9157,0.8862,0.0249,0.9174,0.0337,18,protein synthesis inhibitor,Launched,infectious disease,nan,0.0,0.0,0.0,0.9157,0.0,0.0,0.8776,0.0,0.9157,False
CCn1ncc2c(NC3CCOCC3)c(-c3nnc(Cc4sc(C)nc4C)o3)cnc21,GSK356278,2,"chemeleon_frozen, dmpnn_rdkit",2,"mtb, saureus","5, 10, 20",0.9148,0.7883,0.1211,0.8933,0.1203,17,phosphodiesterase inhibitor,Preclinical,nan,nan,0.0,0.7852,0.0,0.9148,0.0,0.0,0.9148,0.0,0.7852,False
C[C@@H]1CCC[C@H](C)N1NC(=O)c1ccc(Cl)c(S(N)(=O)=O)c1,clopamide,2,"chemeleon_frozen, dmpnn_rdkit",2,"mtb, paeruginosa","5, 10, 20",0.9116,0.5963,0.223,0.614,0.0239,30,sodium/chloride cotransporter inhibitor,Launched,cardiology,nan,0.0,0.0,0.4423,0.9116,0.0,0.0,0.9116,0.0,0.4423,False
O=C(O)c1ccc(-c2ccc3cc(O)c(C45CC6CC(CC(C6)C4)C5)cc3c2)cc1,CD-1530,2,"chemeleon_frozen, rf",1,saureus,"5, 10, 20",0.9115,0.7118,0.1613,0.8091,0.1303,12,retinoid receptor agonist,Preclinical,nan,RARG,0.0,0.9115,0.0,0.0,0.5958,0.0,0.9115,0.0,0.0,False
O=[N+]([O-])c1cn2c(n1)OC[C@@H](OCc1ccc(OC(F)(F)F)cc1)C2,pretomanid,2,"chemeleon_frozen, rf",1,mtb,"5, 20",0.9113,0.6557,0.1868,0.9427,0.3039,30,nitric oxide donor,Launched,nan,FASN,0.0,0.0,0.0,0.9113,0.5856,0.0,0.9113,0.0,0.0,False
O[C@@](Cc1ncc(CC2(C(F)(F)F)CC2)[nH]1)(c1ccc(-n2cccn2)cc1)C(F)(F)F,MK-5046,2,"chemeleon_frozen, dmpnn_rdkit",2,"ecoli, mtb",20,0.9029,0.7663,0.1366,0.7868,0.0301,32,bombesin receptor agonist,Preclinical,nan,BRS3|GRPR|NMBR,0.6296,0.0,0.0,0.9029,0.0,0.0,0.9029,0.0,0.6296,False
CC[C@@H](C)CCCCC(=O)N[C@@H](CCN)C(=O)N[C@H](C(=O)N[C@@H](CCN)C(=O)N[C@H]1CCNC(=O)[C@H]([C@@H](C)O)NC(=O)[C@@H](CCN)NC(=O)[C@@H](CCN)NC(=O)[C@@H](CC(C)C)NC(=O)[C@@H](Cc2ccccc2)NC(=O)[C@@H](CCN)NC1=O)[C@@H](C)O,polymyxin-B-sulfate,2,"dmpnn_rdkit, molformer",1,paeruginosa,"10, 20",0.8992,0.7269,0.1723,0.8902,0.1907,30,bacterial permeability inducer,Launched,ophthalmology,nan,0.0,0.0,0.8992,0.0,0.0,0.0,0.0,0.8992,0.5547,False
COc1ccc(-c2nc(N3CCOCC3)c3sc(CN(C)c4ncc(C(=O)NO)cn4)cc3n2)cn1,CUDC-907,2,"chemeleon_frozen, dmpnn_rdkit",3,"ecoli, paeruginosa, saureus","5, 10, 20",0.8965,0.7431,0.1129,0.8687,0.1456,1,PI3K inhibitor,Phase 2,nan,HDAC2|PIK3R1,0.8965,0.8749,0.6744,0.0,0.0,0.0,0.8749,0.0,0.8965,False
C#C[C@@]1(O)[C@@H](CO)O[C@@H](n2ccc(N)nc2=O)[C@@H]1O,ethynylcytidine,2,"chemeleon_frozen, dmpnn_rdkit",1,ecoli,"5, 10, 20",0.8934,0.7905,0.1659,0.8025,0.0146,14,antimetabolite,Preclinical,nan,nan,0.8934,0.0,0.0,0.0,0.0,0.0,0.8934,0.0,0.5034,False
CCCn1c(=O)c2[nH]c(C34C[C@@H]5C[C@@H](C[C@H]3C5)C4)nc2n(CCC)c1=O,KW-3902,2,"chemeleon_frozen, molformer",2,"ecoli, paeruginosa","5, 10, 20",0.8917,0.8696,0.0185,0.8878,0.0205,18,adenosine receptor antagonist,Phase 3,nan,ADORA1|ADORA2A|ADORA2B|ADORA3,0.8917,0.0,0.8404,0.0,0.0,0.0,0.8917,0.8404,0.0,False
CCN[C@H]1C[C@H](C)S(=O)(=O)c2sc(S(N)(=O)=O)cc21,dorzolamide,2,"chemeleon_frozen, dmpnn_rdkit",2,"mtb, paeruginosa","5, 10, 20",0.8833,0.5896,0.1696,0.5974,0.0143,16,carbonic anhydrase inhibitor,Launched,ophthalmology,CA1|CA12|CA14|CA2|CA4|CA7,0.0,0.0,0.4946,0.8833,0.0,0.0,0.8833,0.0,0.4946,False
O=C(O)c1ccc2cc(-c3ccc(O)c(C45CC6CC(CC(C6)C4)C5)c3)ccc2c1,CD-437,2,"chemeleon_frozen, rf",1,saureus,"5, 10, 20",0.8801,0.6925,0.1399,0.7932,0.1355,9,retinoid receptor agonist,Preclinical,nan,RARG,0.0,0.8801,0.0,0.0,0.605,0.0,0.8801,0.0,0.0,False
FC(F)(F)c1cc(NC(=S)Nc2ccc(Br)cc2-c2nn[nH]n2)cc(C(F)(F)F)c1,NS-11021,2,"chemeleon_frozen, dmpnn_rdkit",2,"ecoli, mtb","10, 20",0.8728,0.7425,0.0963,0.7881,0.0595,11,calcium-activated potassium channel activator,Preclinical,nan,KCNMA1,0.7116,0.0,0.0,0.8728,0.0,0.0,0.8728,0.0,0.7116,False
Nc1nc(=O)c2nc(Br)n([C@@H]3O[C@@H]4CO[P@@](=O)(O)O[C@H]4[C@H]3O)c2[nH]1,8-bromo-cGMP,2,"chemeleon_frozen, dmpnn_rdkit",2,"ecoli, mtb","5, 10, 20",0.8715,0.8212,0.0551,0.8281,0.0081,33,PKA activator,Preclinical,nan,PRKG1,0.7564,0.0,0.0,0.8715,0.0,0.0,0.7564,0.0,0.8715,False
C1CCN2C[C@H]3C[C@H](CN4CCCC[C@@H]34)[C@H]2C1,sparteine-(+),2,"chemeleon_frozen, molformer",1,paeruginosa,"5, 10, 20",0.8554,0.8377,0.0102,0.8383,0.0006,20,nan,Launched,nan,nan,0.0,0.0,0.8554,0.0,0.0,0.0,0.8321,0.8554,0.0,False
N=C(Nc1ccc(I)cc1)NC1C2CC3CC(C2)CC1C3,IPAG,2,"chemeleon_frozen, dmpnn_rdkit",1,paeruginosa,"5, 10, 20",0.8521,0.7253,0.1097,0.7884,0.0835,4,nan,Preclinical,nan,nan,0.0,0.0,0.8521,0.0,0.0,0.0,0.8521,0.0,0.7145,False
NS(=O)(=O)c1cc2c(cc1Cl)N[C@@H](CC1CCCC1)NS2(=O)=O,cyclopenthiazide,2,"chemeleon_frozen, dmpnn_rdkit",2,"mtb, paeruginosa","5, 10, 20",0.8483,0.5993,0.1444,0.6269,0.048,14,thiazide diuretic,Launched,cardiology,nan,0.0,0.0,0.5374,0.8483,0.0,0.0,0.8483,0.0,0.5374,False
CNc1ccc(-c2nc(N3CCOCC3)c3sc(CN(C)c4ncc(C(=O)NO)cn4)cc3n2)cn1,BEBT-908,2,"chemeleon_frozen, dmpnn_rdkit",3,"ecoli, paeruginosa, saureus","5, 10, 20",0.8408,0.7049,0.1151,0.8268,0.1491,4,PI3K inhibitor,Preclinical,nan,nan,0.8397,0.8408,0.655,0.0,0.0,0.0,0.8408,0.0,0.8397,False
Brc1ccc(NC2C3CC4CC(C3)CC2C4)cc1,bromantan,2,"chemeleon_frozen, dmpnn_rdkit",1,paeruginosa,"5, 10, 20",0.8229,0.6541,0.1641,0.6994,0.0752,17,dopamine reuptake inhibitor|serotonin reuptake inhibitor,Launched,neurology/psychiatry,nan,0.0,0.0,0.8229,0.0,0.0,0.0,0.8229,0.0,0.5748,False
COc1ccccc1CN[C@H]1CCCN[C@H]1c1ccccc1,CP-99994,2,"chemeleon_frozen, rf",3,"ecoli, paeruginosa, saureus","5, 10, 20",0.8203,0.5647,0.1507,0.6204,0.0994,8,tachykinin antagonist,Phase 2,nan,TACR1,0.5092,0.5154,0.8203,0.0,0.5376,0.0,0.8203,0.0,0.0,False
O=C1C[C@@H]2OCC=C3CN4CC[C@]56c7ccccc7N1[C@H]5[C@H]2[C@H]3C[C@H]46,strychnine,2,"chemeleon_frozen, dmpnn_rdkit",1,paeruginosa,"5, 10, 20",0.8167,0.7212,0.164,0.724,0.0057,25,acetylcholine receptor antagonist,Preclinical,nan,CHRM1|CHRM2|CHRM3|CHRM4|CHRM5|CHRNA10|CHRNA9|GLRA1|GLRA2|GLRA3|GLRB,0.0,0.0,0.8167,0.0,0.0,0.0,0.8167,0.0,0.4372,False
C=CC(=O)N1CC[C@H](n2nc(C#Cc3cc(OC)cc(OC)c3)c3c(N)ncnc32)C1,futibatinib,2,"chemeleon_frozen, dmpnn_rdkit",3,"ecoli, paeruginosa, saureus","5, 10, 20",0.8045,0.7077,0.1031,0.815,0.1327,4,FGFR inhibitor,Phase 3,nan,nan,0.4979,0.78,0.8045,0.0,0.0,0.0,0.8045,0.0,0.78,False
Nc1ncnc2c1ncn2[C@@H]1O[C@H](CO)[C@@H](O)[C@@H]1O,vidarabine,2,"chemeleon_frozen, rf",1,ecoli,"5, 10, 20",0.7912,0.6346,0.1559,0.6482,0.0263,25,antiviral,Launched,infectious disease,ADA,0.7912,0.0,0.0,0.0,0.4847,0.0,0.7912,0.0,0.0,False
CCCCCCCCC(F)(F)C(F)(F)C(F)(F)C(F)(F)C(F)(F)C(F)(F)F,perfluorohexyloctane,2,"chemeleon_frozen, rf",1,paeruginosa,"5, 10, 20",0.7855,0.5894,0.1506,0.655,0.1125,13,nan,Launched,nan,nan,0.0,0.0,0.7855,0.0,0.4993,0.0,0.7855,0.0,0.0,False
CC(=O)N[C@H](CCCNC(=N)N)C(=O)N[C@H](CCCNC(=N)N)C(=O)N[C@H](CCCNC(=N)N)C(=O)N[C@H](CCCNC(=N)N)C(=O)N[C@H](CCCNC(=N)N)C(=O)N[C@H](CCCNC(=N)N)C(=O)N[C@H](CCCNC(=N)N)C(=O)N[C@H](CCCNC(=N)N)C(=O)N[C@H](CCCNC(=N)N)C(N)=O,ALX-40-4C,2,"chemeleon_frozen, rf",2,"ecoli, saureus","5, 10, 20",0.781,0.6453,0.1497,0.7156,0.1084,26,CC chemokine receptor antagonist,Preclinical,nan,nan,0.781,0.467,0.0,0.0,0.467,0.0,0.781,0.0,0.0,False
CC[C@H](C)[C@H](NC(=O)[C@H](Cc1ccccc1)NC(=O)[C@H](CC(C)C)NC(=O)[C@H](CCCNC(=N)N)NC(=O)[C@@H](NC(=O)[C@H](C)NC(=O)[C@H](CCC(=O)O)NC(=O)[C@H](CCC(=O)O)NC(=O)[C@H](CCC(=O)O)NC(=O)[C@H](CCSC)NC(=O)[C@H](CCC(N)=O)NC(=O)[C@H](CCCCN)NC(=O)[C@H](CO)NC(=O)[C@H](CC(C)C)NC(=O)[C@H](CC(=O)O)NC(=O)[C@H](CO)NC(=O)[C@@H](NC(=O)[C@H](Cc1ccccc1)NC(=O)[C@@H](NC(=O)CNC(=O)[C@H](CCC(=O)O)NC(=O)CNC(=O)[C@@H](N)Cc1c[nH]cn1)[C@@H](C)O)[C@@H](C)O)C(C)C)C(=O)N[C@@H](CCC(=O)O)C(=O)N[C@@H](Cc1c[nH]c2ccccc12)C(=O)N[C@@H](CC(C)C)C(=O)N[C@@H](CCCCN)C(=O)N[C@@H](CC(N)=O)C(=O)NCC(=O)NCC(=O)N1CCC[C@H]1C(=O)N[C@@H](CO)C(=O)N[C@@H](CO)C(=O)NCC(=O)N[C@@H](C)C(=O)N1CCC[C@H]1C(=O)N1CCC[C@H]1C(=O)N1CCC[C@H]1C(=O)N[C@@H](CO)C(N)=O,exenatide,2,"dmpnn_rdkit, rf",1,paeruginosa,20,0.5778,0.5,0.0777,0.6509,0.2299,24,GLP receptor agonist,Launched,endocrinology,GLP1R,0.0,0.0,0.5778,0.0,0.4223,0.0,0.0,0.0,0.5778,False
C1N2CN3CN1CN(C2)C3,methenamine,1,chemeleon_frozen,3,"ecoli, paeruginosa, saureus","5, 10, 20",1.0,0.9992,0.0012,0.9992,0.0,1,bacterial DNA inhibitor,Launched,infectious disease,nan,1.0,1.0,0.9976,0.0,0.0,0.0,1.0,0.0,0.0,False
Cl/C=C\C[N+]12CN3CN(CN(C3)C1)C2,"1-((Z)-3-chloroallyl)-1,3,5,7-tetraazaadamantan-1-ium",1,chemeleon_frozen,2,"ecoli, paeruginosa","5, 10, 20",1.0,0.9788,0.0212,0.9788,0.0,2,nan,Preclinical,nan,nan,1.0,0.0,0.9577,0.0,0.0,0.0,1.0,0.0,0.0,False
OCC[N+]12CN3CN(CN(C3)C1)C2,Y-11,1,chemeleon_frozen,2,"ecoli, paeruginosa","5, 10, 20",1.0,0.9854,0.0146,0.9854,0.0,2,focal adhesion kinase inhibitor,Preclinical,nan,PTK2,1.0,0.0,0.9708,0.0,0.0,0.0,1.0,0.0,0.0,False
S=P(N1CC1)(N1CC1)N1CC1,thiotepa,1,chemeleon_frozen,3,"ecoli, paeruginosa, saureus","5, 10, 20",1.0,0.9641,0.0269,0.9641,0.0,3,cytochrome P450 inhibitor,Launched,oncology,CYP2B6|CYP3A4,0.9572,1.0,0.9351,0.0,0.0,0.0,1.0,0.0,0.0,False
[Y+3],C11-Acetate,1,chemeleon_frozen,1,saureus,"5, 10, 20",1.0,1.0,0.0,1.0,0.0,1,nan,Phase 3,nan,ABAT|ACE|AKR1C3|CA2|CELA1|ESR2|FFAR2|FFAR3|HPRT1|LTA4H|MMP12|NOS1|NOS3|PLA2G1B|PTPN1|SOD1|TXN,0.0,1.0,0.0,0.0,0.0,0.0,1.0,0.0,0.0,False
C/C=C/C[C@@H](C)C(=O)[C@H]1C(=O)N[C@@H](C(C)C)C(=O)N(C)CC(=O)N(C)[C@@H](CC(C)C)C(=O)N[C@@H](C(C)C)C(=O)N(C)[C@@H](CC(C)C)C(=O)N[C@@H](C)C(=O)N[C@H](C)C(=O)N(C)[C@@H](CC(C)C)C(=O)N(C)[C@@H](CC(C)C)C(=O)N(C)[C@@H](C(C)C)C(=O)N1C,valspodar,1,dmpnn,2,"mtb, saureus","10, 20",1.0,0.9996,0.0003,1.0,0.0003,1,P glycoprotein inhibitor,Phase 3,nan,ABCB1,0.0,1.0,0.0,1.0,0.0,1.0,0.0,0.0,0.0,False
C=C/C=C/C[C@@H](C)[C@@H](O)[C@H]1C(=O)N[C@@H](CC)C(=O)N(C)CC(=O)N(C)[C@@H](CC(C)C)C(=O)N[C@@H](C(C)C)C(=O)N(C)[C@@H](CC(C)C)C(=O)N[C@@H](C)C(=O)N[C@H](C)C(=O)N(C)[C@@H](CC(C)C)C(=O)N(C)[C@@H](CC(C)C)C(=O)N(C)[C@@H](C(C)C)C(=O)N1C,voclosporin,1,dmpnn,2,"mtb, saureus","10, 20",1.0,0.9995,0.0005,1.0,0.0005,2,calcineurin inhibitor,Phase 3,nan,nan,0.0,1.0,0.0,1.0,0.0,1.0,0.0,0.0,0.0,False
C/C=C/C[C@H](C)[C@H](O)[C@@H]1C(=O)N[C@H](CC)C(=O)N(C)CC(=O)N(C)[C@H](CC(C)C)C(=O)N[C@@H](C(C)C)C(=O)N(C)[C@H](CC(C)C)C(=O)N[C@H](C)C(=O)N[C@H](C)C(=O)N(C)[C@H](CC(C)C)C(=O)N(C)[C@H](CC(C)C)C(=O)N(C)[C@H](C(C)C)C(=O)N1C,cyclosporin-A,1,dmpnn,2,"mtb, saureus","10, 20",1.0,0.9982,0.0013,0.9991,0.0009,6,calcineurin inhibitor,Launched,rheumatology|dermatology,ABCB11|CAMLG|FPR1|PPIA|PPIF|PPP3CA|PPP3R2|SLC10A1|SLCO1B1|SLCO1B3,0.0,0.9982,0.0,1.0,0.0,1.0,0.0,0.0,0.0,False
C/C=C/C[C@@H](C)[C@@H](O)[C@H]1C(=O)N[C@@H](CC)C(=O)N(C)CC(=O)N(C)[C@@H]([C@@H](C)CC)C(=O)N[C@@H](C(C)C)C(=O)N(C)[C@@H](CC(C)C)C(=O)N[C@@H](C)C(=O)N[C@H](C)C(=O)N(C)[C@@H](CC(C)C)C(=O)N(C)[C@@H](CC(C)C)C(=O)N(C)[C@@H](C(C)C)C(=O)N1C,NIM811,1,dmpnn,2,"mtb, saureus","10, 20",1.0,0.9985,0.0015,1.0,0.0015,2,mitochondrial permeability transition inhibitor,Phase 2,nan,nan,0.0,1.0,0.0,1.0,0.0,1.0,0.0,0.0,0.0,False
C/C=C/C[C@@H](C)[C@@H](O)[C@H]1C(=O)N[C@@H](CC)C(=O)N(C)[C@H](C)C(=O)N(CC)[C@@H](C(C)C)C(=O)N[C@@H](C(C)C)C(=O)N(C)[C@@H](CC(C)C)C(=O)N[C@@H](C)C(=O)N[C@H](C)C(=O)N(C)[C@@H](CC(C)C)C(=O)N(C)[C@@H](CC(C)C)C(=O)N(C)[C@@H](C(C)C)C(=O)N1C,alisporivir,1,dmpnn,2,"mtb, saureus","10, 20",1.0,0.9985,0.0015,1.0,0.0015,4,cyclophilin inhibitor,Phase 3,nan,nan,0.0,1.0,0.0,1.0,0.0,1.0,0.0,0.0,0.0,False
CO[C@H]1O[C@H](COS(=O)(=O)O)[C@@H](O[C@@H]2O[C@@H](C(=O)O)[C@@H](OC)[C@H](O)[C@H]2OS(=O)(=O)O)[C@H](O)[C@H]1NS(=O)(=O)O,ardeparin,1,dmpnn,1,mtb,"5, 10, 20",1.0,0.9978,0.0023,1.0,0.0022,16,thrombin inhibitor,Withdrawn,nan,SERPIND1,0.0,0.0,0.0,1.0,0.0,1.0,0.0,0.0,0.0,False
Cc1cc(-c2ccc(NN=C3C=Cc4c(S(=O)(=O)O)cc(S(=O)(=O)O)c(N)c4C3=O)c(C)c2)ccc1NN=C1C=Cc2c(S(=O)(=O)O)cc(S(=O)(=O)O)c(N)c2C1=O,evans-blue,1,dmpnn,1,mtb,20,1.0,1.0,0.0,1.0,0.0,14,glutamate receptor negative allosteric modulator,Launched,nan,GRIA1|PTPN1,0.0,0.0,0.0,1.0,0.0,1.0,0.0,0.0,0.0,False
[NH2][Pt]([NH2])([Cl])[Cl],cisplatin,1,chemeleon_frozen,2,"paeruginosa, saureus","5, 10, 20",0.9999,0.9552,0.0447,0.9552,0.0,4,DNA alkylating agent|DNA synthesis inhibitor,Launched,oncology,XIAP,0.0,0.9999,0.9104,0.0,0.0,0.0,0.9999,0.0,0.0,False
OCC(Br)(Br)Br,tribromoethanol,1,chemeleon_frozen,2,"paeruginosa, saureus","5, 10, 20",0.9999,0.9481,0.0516,0.9483,0.0002,5,analgesic agent,Preclinical,nan,nan,0.0,0.9999,0.8967,0.0,0.0,0.0,0.9999,0.0,0.0,False
O=[As]O[As]=O,arsenic-trioxide,1,chemeleon_frozen,1,saureus,"5, 10, 20",0.9999,0.9982,0.0025,0.9999,0.0017,4,apoptosis stimulant,Launched,gastroenterology,AKT1|CCND1|IKBKB|JUN|MAPK1|MAPK3|TXNRD1,0.0,0.9999,0.0,0.0,0.0,0.0,0.9999,0.0,0.0,False
NC(=O)C1=CN([C@@H]2O[C@H](COP(=O)(O)OP(=O)(O)OC[C@H]3O[C@@H](n4cnc5c(N)ncnc54)[C@H](OP(=O)(O)O)[C@@H]3O)[C@@H](O)[C@H]2O)C=CC1,NADPH,1,dmpnn,3,"ecoli, mtb, saureus","5, 10, 20",0.9999,0.9961,0.0062,0.9961,0.0,2,nan,Preclinical,nan,DRD2|DRD3|DRD4|GHSR|HTR2A|HTR2C,0.9999,0.9854,0.0,0.9995,0.0,0.9999,0.0,0.0,0.0,False
CCC(=O)O[C@]1(C(=O)CCl)[C@@H](C)C[C@H]2[C@@H]3C[C@H](F)C4=CC(=O)C=C[C@]4(C)[C@@]3(F)[C@@H](O)C[C@@]21C,halobetasol-propionate,1,dmpnn,1,ecoli,"5, 10, 20",0.9999,0.9991,0.001,0.9999,0.0008,8,glucocorticoid receptor agonist,Launched,dermatology,NR3C1|PLA2G1B,0.9999,0.0,0.0,0.0,0.0,0.9999,0.0,0.0,0.0,False
COc1cc(-c2ccc(NN=C3C=Cc4c(S(=O)(=O)O)cc(S(=O)(=O)O)c(N)c4C3=O)c(OC)c2)ccc1NN=C1C=Cc2c(S(=O)(=O)O)cc(S(=O)(=O)O)c(N)c2C1=O,chicago-sky-blue-6b,1,dmpnn,1,mtb,"10, 20",0.9999,0.9976,0.0023,0.9999,0.0023,20,glutamate inhibitor|macrophage migration inhibiting factor inhibitor,Preclinical,nan,MIF,0.0,0.0,0.0,0.9999,0.0,0.9999,0.0,0.0,0.0,False
O=[N+]([O-])c1ccccc1S(=O)(=O)NC[C@H]1CC[C@H](CNC[C@H]2CCc3ccccc3C2)CC1,NTNCB,1,dmpnn,1,mtb,20,0.9999,0.9999,0.0,0.9999,0.0,21,neuropeptide receptor antagonist,Preclinical,nan,NPY5R,0.0,0.0,0.0,0.9999,0.0,0.9999,0.0,0.0,0.0,False
C=C1C[C@H]2C=Nc3cc(OCCCOc4cc5c(cc4OC)C(=O)N4CC(=C)C[C@H]4C=N5)c(OC)cc3C(=O)N2C1,SJG-136,1,dmpnn,1,saureus,"5, 10, 20",0.9999,0.9954,0.0049,1.0,0.0046,3,DNA intercalating agent,Phase 2,nan,nan,0.0,0.9999,0.0,0.0,0.0,0.9999,0.0,0.0,0.0,False
COc1cc(F)c(C(C)C)cc1-c1ccc(C(F)(F)F)cc1CN1C(=O)O[C@H](c2cc(C(F)(F)F)cc(C(F)(F)F)c2)[C@@H]1C,anacetrapib,1,dmpnn,1,saureus,20,0.9999,0.9999,0.0,0.9999,0.0,9,cholesteryl ester transfer protein inhibitor,Phase 3,nan,CETP,0.0,0.9999,0.0,0.0,0.0,0.9999,0.0,0.0,0.0,False
O=S(=O)(O)Oc1ccc(C(c2ccc(OS(=O)(=O)O)cc2)c2ccccn2)cc1,sodium-picosulfate,1,dmpnn,1,mtb,"10, 20",0.9998,0.9986,0.0012,0.9999,0.0013,16,nan,Launched,gastroenterology,nan,0.0,0.0,0.0,0.9998,0.0,0.9998,0.0,0.0,0.0,False
C/C(=C(/CCOC(=O)C(C)C)SS/C(CCOC(=O)C(C)C)=C(\C)N(C=O)Cc1cnc(C)nc1N)N(C=O)Cc1cnc(C)nc1N,sulbutiamine,1,dmpnn,2,"paeruginosa, saureus","10, 20",0.9998,0.9732,0.0247,0.9863,0.0133,12,acetylcholine receptor antagonist,Launched,neurology/psychiatry,nan,0.0,0.9998,0.9795,0.0,0.0,0.9998,0.0,0.0,0.0,False
CCCC[C@@H](CC)CC[C@@H](CC(C)C)OS(=O)(=O)O,sodium-tetradecyl-sulfate,1,dmpnn,1,mtb,"10, 20",0.9997,0.9965,0.0033,1.0,0.0035,27,nan,Launched,dermatology,PROC,0.0,0.0,0.0,0.9997,0.0,0.9997,0.0,0.0,0.0,False
FC1(F)C(F)(F)C(F)(F)C2(F)C(F)(F)C(F)(F)C(F)(F)C(F)(F)C2(F)C1(F)F,perfluorodecalin,1,chemeleon_frozen,1,mtb,"5, 10, 20",0.9996,0.9688,0.0299,0.9996,0.0308,2,nan,Launched,dermatology,nan,0.0,0.0,0.0,0.9996,0.0,0.0,0.9996,0.0,0.0,False
Nc1nc(Cl)nc2c1ncn2[C@H]1C[C@H](O)[C@@H](CO)O1,cladribine,1,dmpnn,1,ecoli,"5, 10, 20",0.9996,0.9966,0.0024,0.9999,0.0033,18,adenosine deaminase inhibitor|ribonucleotide reductase inhibitor,Launched,hematologic malignancy,ADA|PNP|POLA1|POLE|POLE2|POLE3|POLE4|RRM1|RRM2|RRM2B,0.9996,0.0,0.0,0.0,0.0,0.9996,0.0,0.0,0.0,False
O=C1CN2CCN3CCN([C@@H](CO)[C@@H](O)CO)CCN(CC2)CC(=O)[O][Gd]([O]1)[O]C(=O)C3,gadobutrol,1,dmpnn,1,mtb,"5, 10, 20",0.9995,0.9987,0.001,0.9995,0.0009,11,radiopaque medium,Launched,radiology,nan,0.0,0.0,0.0,0.9995,0.0,0.9995,0.0,0.0,0.0,False
C[C@@H](O)CN1CCN2CCN3CCN(CC1)CC(=O)[O][Gd]([O]C(=O)C3)[O]C(=O)C2,gadoteridol,1,dmpnn,1,mtb,"5, 10, 20",0.9995,0.9982,0.0014,0.9995,0.0013,17,radiopaque medium,Launched,radiology,nan,0.0,0.0,0.0,0.9995,0.0,0.9995,0.0,0.0,0.0,False
COC(=O)C1=C(C)NC(C)=C(C(=O)O[C@@H]2CCCN(Cc3ccccc3)C2)[C@@H]1c1cccc([N+](=O)[O-])c1,benidipine,1,dmpnn,1,mtb,20,0.9995,0.9995,0.0,0.9996,0.0001,32,calcium channel blocker,Launched,cardiology,CACNA1C|CACNA1G,0.0,0.0,0.0,0.9995,0.0,0.9995,0.0,0.0,0.0,False
COC(=O)N[C@H](C(=O)N1CCC[C@H]1C(=O)Nc1ccc([C@@H]2CC[C@@H](c3ccc(NC(=O)[C@@H]4CCCN4C(=O)[C@@H](NC(=O)OC)C(C)C)cc3)N2c2ccc(C(C)(C)C)cc2)cc1)C(C)C,ombitasvir,1,dmpnn,1,mtb,20,0.9995,0.9995,0.0,0.9997,0.0001,34,HCV inhibitor,Launched,infectious disease,nan,0.0,0.0,0.0,0.9995,0.0,0.9995,0.0,0.0,0.0,False
COC(=O)/C=C/C(=O)N[C@@H]1CC[C@@]2(O)[C@H]3Cc4ccc(O)c5c4[C@@]2(CCN3CC2CC2)[C@H]1O5,beta-funaltrexamine,1,dmpnn,1,mtb,"5, 20",0.9995,0.9993,0.0002,0.9995,0.0002,13,opioid receptor antagonist,Preclinical,nan,OPRD1|OPRK1|OPRM1,0.0,0.0,0.0,0.9995,0.0,0.9995,0.0,0.0,0.0,False
O=c1[nH]c(=O)n([C@H]2C[C@H](O)[C@@H](CO)O2)cc1C(F)(F)F,trifluridine,1,dmpnn,1,ecoli,20,0.9994,0.9994,0.0,0.9994,0.0,22,DNA directed DNA polymerase inhibitor|thymidylate synthase inhibitor,Launched,infectious disease,TYMS,0.9994,0.0,0.0,0.0,0.0,0.9994,0.0,0.0,0.0,False
C[C@@H]1CCN(C(=O)[C@H](CCCNC(=N)N)NS(=O)(=O)c2cccc3c2NC[C@H](C)C3)[C@@H](C(=O)O)C1,argatroban,1,dmpnn,1,mtb,"5, 20",0.9994,0.9978,0.0016,0.9994,0.0016,38,thrombin inhibitor,Launched,hematology,F2,0.0,0.0,0.0,0.9994,0.0,0.9994,0.0,0.0,0.0,False
COc1ccc2cc(S(=O)(=O)N[C@H](CC(=O)N[C@H](Cc3ccc(CN4[C@H](C)CCC[C@@H]4C)cc3)C(=O)N(C)C(C)C)c3ccc4c(c3)OCO4)ccc2c1,SSR240612,1,dmpnn,1,mtb,20,0.9994,0.9994,0.0,0.9998,0.0004,42,bradykinin receptor antagonist,Preclinical,nan,nan,0.0,0.0,0.0,0.9994,0.0,0.9994,0.0,0.0,0.0,False
CC[C@H](C)[C@H]1O[C@]2(C=C[C@@H]1C)C[C@@H]1C[C@@H](C/C=C(\C)[C@@H](O[C@H]3C[C@H](OC)[C@@H](O[C@H]4C[C@H](OC)[C@@H](NC(C)=O)[C@H](C)O4)[C@H](C)O3)[C@@H](C)/C=C/C=C3\CO[C@@H]4[C@H](O)C(C)=C[C@@H](C(=O)O1)[C@]34O)O2,eprinomectin,1,dmpnn,1,ecoli,20,0.9992,0.9992,0.0,0.9992,0.0,23,benzodiazepine receptor agonist,Launched,infectious disease,nan,0.9992,0.0,0.0,0.0,0.0,0.9992,0.0,0.0,0.0,False
CN(C)c1nc(N(C)C)nc(N(C)C)n1,altretamine,1,dmpnn,1,mtb,"5, 10, 20",0.9992,0.9981,0.0014,0.9993,0.0012,16,DNA synthesis inhibitor,Launched,oncology,nan,0.0,0.0,0.0,0.9992,0.0,0.9992,0.0,0.0,0.0,False
COC(=O)C1=C(C)NC(C)=C(C(=O)OC)C1c1ccccc1OC(F)F,riodipine,1,dmpnn,1,mtb,"10, 20",0.9992,0.9975,0.0018,0.9993,0.0018,32,calcium channel blocker,Phase 2,nan,nan,0.0,0.0,0.0,0.9992,0.0,0.9992,0.0,0.0,0.0,False
Cc1cc(S(=O)(=O)O)c2c(C)ccc(C(C)C)cc1-2,sodium-gualenate,1,dmpnn,1,mtb,20,0.9992,0.9992,0.0,0.9995,0.0004,48,antacid,Launched,gastroenterology|otolaryngology,nan,0.0,0.0,0.0,0.9992,0.0,0.9992,0.0,0.0,0.0,False
CC(C)S(=O)(=O)NC[C@H](C)c1ccc(-c2ccc(CCNS(C)(=O)=O)cc2)cc1,mibampator,1,molformer,1,mtb,"5, 10, 20",0.9992,0.9983,0.0007,0.9993,0.001,1,glutamate receptor modulator,Phase 2,nan,GRIA1,0.0,0.0,0.0,0.9992,0.0,0.0,0.0,0.9992,0.0,False
O=S(=O)(N[C@H](CO)C(C(F)(F)F)C(F)(F)F)c1ccc(Cl)s1,begacestat,1,dmpnn,2,"mtb, saureus",20,0.9991,0.9984,0.0006,0.9984,0.0,33,gamma secretase inhibitor,Phase 1,nan,PSEN1,0.0,0.9978,0.0,0.9991,0.0,0.9991,0.0,0.0,0.0,False
[N-]=[N+]=N[C@]1(CO)O[C@@H](n2ccc(N)nc2=O)[C@H](O)[C@@H]1O,R-1479,1,dmpnn,1,ecoli,20,0.9989,0.9989,0.0,0.999,0.0001,27,HCV inhibitor,Phase 1,nan,nan,0.9989,0.0,0.0,0.0,0.0,0.9989,0.0,0.0,0.0,False
N#C/C(=C1/SC[C@H](c2ccccc2Cl)S1)n1ccnc1,lanoconazole,1,dmpnn,1,ecoli,20,0.9988,0.9988,0.0,0.9994,0.0006,29,sterol demethylase inhibitor,Launched,infectious disease,nan,0.9988,0.0,0.0,0.0,0.0,0.9988,0.0,0.0,0.0,False
COc1ccc(Oc2cc(NCCC(F)(F)F)c3ncc(-c4ccc(C(=O)NC5CC5)c(C)c4)n3n2)c(F)c1F,BAY1217389,1,dmpnn,1,saureus,20,0.9987,0.9987,0.0,0.9988,0.0,24,kinase inhibitor,Phase 1,nan,nan,0.0,0.9987,0.0,0.0,0.0,0.9987,0.0,0.0,0.0,False
N#Cc1cc(CN2CCC(Nc3ncnc4sc(Cl)cc34)CC2)ccc1F,PRX-08066,1,dmpnn,1,ecoli,20,0.9986,0.9986,0.0,0.9997,0.001,31,serotonin receptor antagonist,Phase 2,nan,HTR2B,0.9986,0.0,0.0,0.0,0.0,0.9986,0.0,0.0,0.0,False
[N-]=[N+]=N[C@]1(CO)O[C@@H](n2ccc(N)nc2=O)[C@@H](O)[C@@H]1O,Ro-9187,1,dmpnn,1,ecoli,20,0.9986,0.9986,0.0,0.9987,0.0001,33,HCV inhibitor,Preclinical,nan,nan,0.9986,0.0,0.0,0.0,0.0,0.9986,0.0,0.0,0.0,False
NC1=NC(=O)N2C[C@@H]12,imexon,1,molformer,1,ecoli,"5, 10, 20",0.9986,0.9984,0.0001,0.9987,0.0003,1,apoptosis stimulant|ribonucleotide reductase inhibitor,Phase 2,nan,nan,0.9986,0.0,0.0,0.0,0.0,0.0,0.0,0.9986,0.0,False
COC(=O)C[C@](O)(CCCC(C)(C)O)C(=O)O[C@@H]1C(OC)=C[C@]23CCCN2CCc2cc4c(cc2[C@H]13)OCO4,homoharringtonine,1,dmpnn,1,mtb,"5, 10",0.9985,0.9981,0.0004,0.9986,0.0005,13,protein synthesis inhibitor,Launched,hematologic malignancy,RPL3,0.0,0.0,0.0,0.9985,0.0,0.9985,0.0,0.0,0.0,False
CCN1CCC[C@H]1CNC(=O)c1cc(S(N)(=O)=O)ccc1OC,levosulpiride,1,dmpnn,1,mtb,"5, 10",0.9985,0.9975,0.001,0.9989,0.0014,22,dopamine receptor antagonist,Launched,neurology/psychiatry|gastroenterology|urology,CA1|CA12|CA7|DRD2|DRD3,0.0,0.0,0.0,0.9985,0.0,0.9985,0.0,0.0,0.0,False
CC(C)C(=O)OC[C@@]1(CCl)O[C@@H](n2ccc(N)nc2=O)[C@H](F)[C@@H]1OC(=O)C(C)C,ALS-8176,1,dmpnn,1,saureus,"5, 10, 20",0.9984,0.989,0.0097,0.9984,0.0094,15,RNA polymerase inhibitor,Phase 1,nan,nan,0.0,0.9984,0.0,0.0,0.0,0.9984,0.0,0.0,0.0,False
Nc1ncnc2c1c(-c1cccc(OCc3ccccc3)c1)cn2[C@H]1C[C@@H](CN2CCC2)C1,NVP-AEW541,1,dmpnn,1,saureus,20,0.9984,0.9984,0.0,0.9986,0.0002,28,IGF-1 inhibitor,Preclinical,nan,IGF1R|INSR,0.0,0.9984,0.0,0.0,0.0,0.9984,0.0,0.0,0.0,False
CC(C)S(=O)(=O)NC[C@H](C)c1ccc(-c2ccc(C#N)cc2)cc1,LY404187,1,molformer,1,mtb,"5, 10, 20",0.9984,0.9974,0.0008,0.9986,0.0012,3,glutamate receptor positive allosteric modulator,Preclinical,nan,GRIA1|GRIA2|GRIA3|GRIA4,0.0,0.0,0.0,0.9984,0.0,0.0,0.0,0.9984,0.0,False
CCN1C[C@]2(OC(=O)c3ccccc3NC(C)=O)CC[C@H](OC)[C@@]34[C@@H]2C[C@@H]([C@@H]13)[C@@]1(O)C[C@H](OC)[C@H]2C[C@@H]4[C@]1(O)[C@H]2OC,lappaconite,1,molformer,1,mtb,"5, 10, 20",0.9984,0.993,0.007,0.999,0.006,2,sodium channel blocker,Phase 2,nan,nan,0.0,0.0,0.0,0.9984,0.0,0.0,0.0,0.9984,0.0,False
COC1=C(OC)C(=O)C(C/C=C(\C)CC/C=C(\C)CC/C=C(\C)CC/C=C(\C)CC/C=C(\C)CC/C=C(\C)CC/C=C(\C)CC/C=C(\C)CC/C=C(\C)CCC=C(C)C)=C(C)C1=O,coenzyme-Q10,1,molformer,1,mtb,20,0.9984,0.9984,0.0,0.9986,0.0001,7,nan,Launched,nan,nan,0.0,0.0,0.0,0.9984,0.0,0.0,0.0,0.9984,0.0,False
CN[C@@H]1[C@@H](C)O[C@@H](O[C@H]2[C@H](C)O[C@@H](O[C@@H]3/C(C)=C/C[C@@H]4C[C@@H](C[C@]5(C=C[C@H](C)[C@@H](C(C)C)O5)O4)OC(=O)[C@@H]4C=C(C)[C@@H](O)[C@H]5OC/C(=C\C=C\[C@@H]3C)[C@]54O)C[C@@H]2OC)C[C@H]1OC,emamectin,1,dmpnn,1,ecoli,20,0.9983,0.9983,0.0,0.9983,0.0,36,GABA receptor agonist,Preclinical,nan,nan,0.9983,0.0,0.0,0.0,0.0,0.9983,0.0,0.0,0.0,False
CC#CCOC(=O)C1=CCCN(C)C1,arecaidine-but-2-ynyl-ester,1,dmpnn,1,ecoli,"5, 10, 20",0.9982,0.9966,0.0012,0.9982,0.0016,17,acetylcholine receptor agonist,Preclinical,nan,CHRM2,0.9982,0.0,0.0,0.0,0.0,0.9982,0.0,0.0,0.0,False
CO[C@@H]1[C@H](O[P@@](=O)(S)OC[C@H]2O[C@@H](n3cnc4c(N)ncnc43)C[C@@H]2O)[C@@H](CO)O[C@H]1n1ccc(=O)[nH]c1=O,inarigivir,1,dmpnn,2,"ecoli, saureus","5, 20",0.9981,0.9901,0.0107,0.9907,0.0006,18,antiviral,Phase 2,nan,nan,0.9981,0.975,0.0,0.0,0.0,0.9981,0.0,0.0,0.0,False
COC(=O)C[C@](O)(CCC(C)(C)O)C(=O)O[C@@H]1C(OC)=C[C@]23CCCN2CCc2cc4c(cc2[C@H]13)OCO4,harringtonine,1,dmpnn,1,mtb,"5, 10",0.9981,0.9978,0.0003,0.9982,0.0004,15,protein synthesis inhibitor,Phase 3,nan,nan,0.0,0.0,0.0,0.9981,0.0,0.9981,0.0,0.0,0.0,False
NS(=O)(=O)C#Cc1ccccc1,pifithrin-mu,1,dmpnn,1,mtb,"5, 10",0.9981,0.997,0.0011,0.9994,0.0023,24,HSP inhibitor,Preclinical,nan,HSPA1A|TP53,0.0,0.0,0.0,0.9981,0.0,0.9981,0.0,0.0,0.0,False
COC(=O)/C=C/C(=O)OCCN1C(=O)CCC1=O,diroximel-fumarate,1,dmpnn,1,mtb,"5, 10",0.998,0.9975,0.0005,0.9984,0.001,24,anti-inflammatory agent,Phase 3,nan,nan,0.0,0.0,0.0,0.998,0.0,0.998,0.0,0.0,0.0,False
Nc1ccn([C@H]2C[C@H](O)[C@@H](CO)O2)c(=O)n1,torcitabine,1,dmpnn,1,ecoli,"5, 10, 20",0.9979,0.9949,0.0027,0.9991,0.0042,27,DNA polymerase inhibitor,Phase 2,nan,DCK|TK2,0.9979,0.0,0.0,0.0,0.0,0.9979,0.0,0.0,0.0,False
CCCC(CCC)C(=O)NCc1ccc2c(cnn2-c2ccccc2OC)c1,M-25,1,molformer,1,mtb,"10, 20",0.9978,0.9966,0.0011,0.9978,0.0012,5,smoothened receptor antagonist,Preclinical,nan,DHH|IHH|SMO,0.0,0.0,0.0,0.9978,0.0,0.0,0.0,0.9978,0.0,False
COc1nnc2ccc(N3CCC(c4ccc(OCCN5CCN(C)C(=O)[C@H]5C)cc4)CC3)nn12,AZD5153,1,molformer,1,mtb,"5, 10, 20",0.9977,0.9933,0.0042,0.9979,0.0046,9,bromodomain inhibitor,Phase 1,nan,nan,0.0,0.0,0.0,0.9977,0.0,0.0,0.0,0.9977,0.0,False
Nc1ncn([C@H]2C[C@H](O)[C@@H](CO)O2)c(=O)n1,decitabine,1,dmpnn,1,ecoli,"5, 10, 20",0.9975,0.995,0.0025,0.9983,0.0034,26,DNA methyltransferase inhibitor,Launched,hematologic malignancy|hematology,DNMT1|DNMT3A,0.9975,0.0,0.0,0.0,0.0,0.9975,0.0,0.0,0.0,False
CCCCN1CCC[C@@H]1CNC(=O)c1cc(C#N)c2ccccc2c1OC,nafadotride,1,dmpnn,1,mtb,5,0.9975,0.9975,0.0,0.9991,0.0017,31,dopamine receptor antagonist,Preclinical,nan,DRD2|DRD3|HTR1A,0.0,0.0,0.0,0.9975,0.0,0.9975,0.0,0.0,0.0,False
CC[C@H]1OC(=O)C[C@@H](O)[C@H](C)[C@@H](O[C@@H]2O[C@H](C)[C@@H](O[C@H]3C[C@@](C)(O)[C@@H](O)[C@H](C)O3)[C@H](N(C)C)[C@H]2O)[C@@H](CC=O)C[C@@H](C)C(=O)/C=C/C(C)=C/[C@@H]1CO[C@@H]1O[C@H](C)[C@@H](O)[C@@H](OC)[C@H]1OC,tylosin,1,dmpnn,1,saureus,20,0.9975,0.9975,0.0,0.9984,0.0009,36,protein synthesis inhibitor,Launched,infectious disease|gastroenterology,nan,0.0,0.9975,0.0,0.0,0.0,0.9975,0.0,0.0,0.0,False
O=C1C(=C(O)/C=C/c2ccc(O)cc2)C(=O)[C@@](O)([C@H]2O[C@H](CO)[C@@H](O)[C@H](O)[C@H]2O)C(=O)/C1=C/[C@H]1C(=O)C(=C(O)/C=C/c2ccc(O)cc2)C(=O)[C@](O)([C@H]2O[C@H](CO)[C@@H](O)[C@H](O)[C@H]2O)C1=O,safflower-yellow,1,dmpnn,1,saureus,20,0.9975,0.9975,0.0,0.9975,0.0,37,anti-inflammatory agent,Preclinical,nan,nan,0.0,0.9975,0.0,0.0,0.0,0.9975,0.0,0.0,0.0,False
COc1ccnc(C[S@@](=O)c2nc3ccc(OC(F)F)cc3[nH]2)c1OC,pantoprazole,1,molformer,1,mtb,"10, 20",0.9974,0.9932,0.0043,0.9982,0.005,17,ATPase inhibitor,Launched,gastroenterology,ATP4A,0.0,0.0,0.0,0.9974,0.0,0.0,0.0,0.9974,0.0,False
NS(=O)(=O)OC[C@@H]1C[C@@H](n2ccc3c(N[C@H]4CCc5ccccc54)ncnc32)C[C@@H]1O,pevonedistat,1,dmpnn,1,ecoli,"5, 10, 20",0.9973,0.9947,0.0032,0.9973,0.0026,22,nedd activating enzyme inhibitor,Phase 3,nan,NAE1|UBA3,0.9973,0.0,0.0,0.0,0.0,0.9973,0.0,0.0,0.0,False
CC[C@H](C)[C@H]1O[C@]2(CC[C@@H]1C)C[C@@H]1C[C@@H](C/C=C(\C)[C@@H](O[C@H]3C[C@H](OC)[C@@H](O[C@H]4C[C@H](OC)[C@@H](O)[C@H](C)O4)[C@H](C)O3)[C@@H](C)/C=C/C=C3\CO[C@@H]4[C@H](O)C(C)=C[C@@H](C(=O)O1)[C@]34O)O2,ivermectin,1,dmpnn,1,ecoli,20,0.9973,0.9973,0.0,0.9973,0.0,45,benzodiazepine receptor agonist,Launched,infectious disease,CHRNA7|P2RX7,0.9973,0.0,0.0,0.0,0.0,0.9973,0.0,0.0,0.0,False
Nc1ccn([C@H]2CO[C@@H](CO)S2)c(=O)n1,apricitabine,1,dmpnn,1,ecoli,"5, 20",0.9972,0.9932,0.004,0.9978,0.0046,46,nucleoside reverse transcriptase inhibitor,Phase 3,nan,nan,0.9972,0.0,0.0,0.0,0.0,0.9972,0.0,0.0,0.0,False
NC(=O)N1CCC(CC(=O)N2CCC([C@H]3c4ncc(Br)cc4CCc4cc(Cl)cc(Br)c43)CC2)CC1,lonafarnib,1,dmpnn,1,saureus,20,0.9972,0.9972,0.0,0.9991,0.0019,38,farnesyltransferase inhibitor,Phase 3,nan,FNTA|HRAS|KRAS|NRAS,0.0,0.9972,0.0,0.0,0.0,0.9972,0.0,0.0,0.0,False
O=C(O)c1ccc(CN2C[C@@H]3C[C@H]2CN3Cc2ccc(Oc3ccc(-c4ncco4)cc3)cc2)cc1,acebilustat,1,dmpnn,1,saureus,20,0.9972,0.9972,0.0,0.9973,0.0001,39,leukotriene inhibitor,Phase 2,nan,nan,0.0,0.9972,0.0,0.0,0.0,0.9972,0.0,0.0,0.0,False
CC[C@@H]([C@H](C)O)n1ncn(-c2ccc(N3CCN(c4ccc(OC[C@@H]5CO[C@@](Cn6cncn6)(c6ccc(F)cc6F)C5)cc4)CC3)cc2)c1=O,posaconazole,1,molformer,2,"ecoli, mtb","5, 10, 20",0.9972,0.972,0.0195,0.9775,0.0056,15,sterol demethylase inhibitor,Launched,infectious disease,CYP3A4,0.9642,0.0,0.0,0.9972,0.0,0.0,0.0,0.9972,0.0,False
CS(C)=O,DMSO,1,molformer,1,paeruginosa,"5, 10, 20",0.9971,0.9805,0.0234,0.9974,0.0169,1,control vehicle,Preclinical,nan,nan,0.0,0.0,0.9971,0.0,0.0,0.0,0.0,0.9971,0.0,False
CCC(=O)OCC(=O)[C@@]1(OC(=O)CC)[C@H](C)C[C@H]2[C@@H]3[C@H]([C@@H](O)C[C@@]21C)[C@@]1(C)C=CC(=O)C=C1C[C@H]3Cl,alclometasone-dipropionate,1,dmpnn,1,ecoli,"5, 10, 20",0.997,0.996,0.001,0.997,0.001,18,glucocorticoid receptor agonist,Launched,dermatology,CYP3A4|NR3C1|SERPINA6,0.997,0.0,0.0,0.0,0.0,0.997,0.0,0.0,0.0,False
COc1cc2cc(c1Cl)N(C)C(=O)C[C@H](OC(=O)C(C)C)[C@]1(C)O[C@H]1[C@H](C)[C@@H]1C[C@@](O)(NC(=O)O1)[C@H](OC)/C=C/C=C(\C)C2,ansamitocin-p-3,1,dmpnn,1,saureus,"5, 20",0.997,0.9958,0.0012,0.9983,0.0025,12,apoptosis stimulant,Preclinical,nan,nan,0.0,0.997,0.0,0.0,0.0,0.997,0.0,0.0,0.0,False
COc1cc2c(cc1OC)CN(CCc1ccc(-n3nnc(-c4cc(OC)c(OC)cc4NC(=O)c4cc(=O)c5ccccc5o4)n3)cc1)CC2,HM-30181,1,molformer,1,mtb,"5, 10, 20",0.9968,0.9896,0.0054,0.997,0.0075,21,P glycoprotein inhibitor,Phase 1,nan,nan,0.0,0.0,0.0,0.9968,0.0,0.0,0.0,0.9968,0.0,False
CC(=O)S[C@@H]1CC2=CC(=O)CC[C@]2(C)[C@H]2CC[C@@]3(C)[C@@H](CC[C@@]34CCC(=O)O4)[C@H]12,spironolactone,1,dmpnn,1,saureus,"5, 10, 20",0.9967,0.9955,0.0014,0.9967,0.0012,3,mineralocorticoid receptor antagonist,Launched,endocrinology|cardiology|gastroenterology|rheumatology,AR|CACNA1A|CACNA1B|CACNA1C|CACNA1D|CACNA1F|CACNA1G|CACNA1H|CACNA1I|CACNA1S|CACNA2D1|CACNA2D2|CACNA2D3|CACNB1|CACNB2|CACNB3|CACNB4|CACNG1|CYP11B2|NR3C1|NR3C2|PGR|SHBG,0.0,0.9967,0.0,0.0,0.0,0.9967,0.0,0.0,0.0,False
COc1ncc(-c2ccc3nccc(-c4ccnnc4)c3c2)cc1NS(=O)(=O)c1ccc(F)cc1F,GSK2126458,1,dmpnn,1,saureus,20,0.9967,0.9967,0.0,0.9978,0.0011,43,mTOR inhibitor|PI3K inhibitor,Phase 1,nan,MTOR|PIK3CA|PIK3CB|PIK3CD|PIK3CG,0.0,0.9967,0.0,0.0,0.0,0.9967,0.0,0.0,0.0,False
CCN1CCC[C@@H]1CNC(=O)c1cc(S(=O)(=O)CC)c(N)cc1OC,amisulpride,1,dmpnn,1,mtb,"5, 10",0.9966,0.9951,0.0015,0.9979,0.0028,35,dopamine receptor antagonist,Launched,neurology/psychiatry,DRD2,0.0,0.0,0.0,0.9966,0.0,0.9966,0.0,0.0,0.0,False
C[C@H](c1ccc2ccc(O[C@H]3CC[C@@H](C(F)(F)F)CC3)c(C(F)(F)F)c2c1)N1[C@@H]2CC[C@H]1C[C@@H](C(=O)O)C2,autotaxin-modulator-1,1,molformer,1,saureus,20,0.9966,0.9966,0.0,0.9995,0.0029,2,autotaxin inhibitor,Preclinical,nan,ENPP2,0.0,0.9966,0.0,0.0,0.0,0.0,0.0,0.9966,0.0,False
Cc1c(OCc2cccc(-c3ccc(C(=O)O)cc3)c2)cc2c(c1C)C(=O)[C@@H](C1CCCC1)C2,BINA,1,molformer,1,saureus,20,0.9965,0.9965,0.0,0.9984,0.0019,3,glutamate receptor positive allosteric modulator,Preclinical,nan,GRM2,0.0,0.9965,0.0,0.0,0.0,0.0,0.0,0.9965,0.0,False
C[C@]12CC[C@@H]3c4ccc(OS(=O)(=O)O)cc4CC[C@H]3[C@@H]1CCC2=O,estropipate,1,dmpnn,1,mtb,"5, 10",0.9964,0.9962,0.0002,0.9978,0.0016,30,estrogen receptor agonist,Launched,orthopedics|endocrinology|obstetrics/gynecology,ESR1|ESR2,0.0,0.0,0.0,0.9964,0.0,0.9964,0.0,0.0,0.0,False
CCOP(=O)(Cc1ccc(C(=O)Nc2ccc(Br)cc2C#N)cc1)OCC,ibrolipim,1,molformer,1,mtb,"5, 10, 20",0.9963,0.9896,0.0072,0.9978,0.0082,11,lipoprotein lipase activator,Phase 2,nan,LPL,0.0,0.0,0.0,0.9963,0.0,0.0,0.0,0.9963,0.0,False
Cc1nc(N2CCC3(CC2)CO[C@@H](C)[C@H]3N)c(CO)nc1-c1cccc(Cl)c1Cl,RMC-4550,1,dmpnn,1,saureus,20,0.9961,0.9961,0.0,0.9962,0.0001,49,SHIP2 phosphatase inhibitor,Preclinical,nan,nan,0.0,0.9961,0.0,0.0,0.0,0.9961,0.0,0.0,0.0,False
NS(=O)(=O)c1ccc2c(c1)[C@H]1C=CC[C@@H]1[C@@H](c1ccc(Br)cc1)N2,4BP-TQS,1,dmpnn,1,mtb,5,0.996,0.996,0.0,0.9986,0.0026,40,nicotinic receptor agonist,Preclinical,nan,CHRNA7,0.0,0.0,0.0,0.996,0.0,0.996,0.0,0.0,0.0,False
CC(C)(O)C(Cl)(Cl)Cl,chlorobutanol,1,molformer,1,paeruginosa,"5, 10, 20",0.996,0.9958,0.0001,0.9961,0.0002,1,nan,Launched,neurology/psychiatry,nan,0.0,0.0,0.996,0.0,0.0,0.0,0.0,0.996,0.0,False
O=C(O)CCSC[C@@H]1O[C@H]2O[C@@H]3[C@@H](O)[C@H](O)[C@H](O[C@@H]4[C@@H](O)[C@H](O)[C@H](O[C@@H]5[C@@H](O)[C@H](O)[C@H](O[C@@H]6[C@@H](O)[C@H](O)[C@H](O[C@@H]7[C@@H](O)[C@H](O)[C@H](O[C@@H]8[C@@H](O)[C@H](O)[C@H](O[C@@H]9[C@@H](O)[C@H](O)[C@H](O[C@@H]1[C@@H](O)[C@@H]2O)O[C@H]9CSCCC(=O)O)O[C@H]8CSCCC(=O)O)O[C@H]7CSCCC(=O)O)O[C@H]6CSCCC(=O)O)O[C@H]5CSCCC(=O)O)O[C@H]4CSCCC(=O)O)O[C@H]3CSCCC(=O)O,sugammadex,1,molformer,1,ecoli,"5, 10, 20",0.9959,0.9872,0.0084,0.9977,0.0105,3,neuromuscular blockade reversal agent,Launched,nan,nan,0.9959,0.0,0.0,0.0,0.0,0.0,0.0,0.9959,0.0,False
C[C@]12CC[C@H](OS(=O)(=O)O)CC1=CC[C@@H]1[C@@H]2CC[C@]2(C)C(=O)CC[C@@H]12,dehydroepiandrosterone-sulfate,1,dmpnn,1,mtb,"5, 10",0.9957,0.9954,0.0002,0.9965,0.0011,35,androgen receptor agonist|estrogen receptor agonist,Launched,endocrinology,AR|ESR1|ESR2,0.0,0.0,0.0,0.9957,0.0,0.9957,0.0,0.0,0.0,False
Cc1nc(-c2nc(-c3ccc(OC(F)(F)F)cc3)no2)nn1Cc1cccc(N2CCC(S(C)(=O)=O)CC2)c1,IACS-10759,1,molformer,1,mtb,20,0.9957,0.9957,0.0,0.9961,0.0004,26,mitochondrial complex I inhibitor,Preclinical,nan,nan,0.0,0.0,0.0,0.9957,0.0,0.0,0.0,0.9957,0.0,False
Cc1ccc(S(=O)(=O)Cc2nc(-c3ccc(C(=O)NCc4cccnc4)cc3)oc2C)cc1,STF-118804,1,molformer,1,mtb,"5, 20",0.9956,0.992,0.0036,0.9965,0.0046,18,NAMPT inhibitor,Preclinical,nan,NAMPT,0.0,0.0,0.0,0.9956,0.0,0.0,0.0,0.9956,0.0,False
CC(C)(S)C(=O)N[C@@H](CS)C(=O)O,bucillamine,1,molformer,1,saureus,"5, 10, 20",0.9955,0.9943,0.0009,0.9963,0.002,1,immunosuppressant,Launched,rheumatology,nan,0.0,0.9955,0.0,0.0,0.0,0.0,0.0,0.9955,0.0,False
COC(=O)Nc1c(N)nc(-c2nn(Cc3ccccc3F)c3ncccc23)nc1N,nelociguat,1,molformer,1,mtb,"10, 20",0.9954,0.9899,0.0054,0.9967,0.0068,30,guanylate cyclase stimulant,Preclinical,nan,nan,0.0,0.0,0.0,0.9954,0.0,0.0,0.0,0.9954,0.0,False
ClC=C(Cl)Cl,trichloroethylene,1,chemeleon_frozen,1,saureus,"5, 10, 20",0.9953,0.9952,0.0001,0.9954,0.0001,6,nan,Preclinical,nan,nan,0.0,0.9953,0.0,0.0,0.0,0.0,0.9953,0.0,0.0,False
CCOc1ccc(S(=O)(=O)O)c2cccnc12,actinoquinol,1,dmpnn,1,mtb,"5, 10",0.9953,0.9952,0.0001,0.9984,0.0032,36,nan,Preclinical,nan,nan,0.0,0.0,0.0,0.9953,0.0,0.9953,0.0,0.0,0.0,False
COc1cc2c(cc1OC)[C@@H]1CC(=O)[C@@H](CC(C)C)CN1CC2,tetrabenazine,1,dmpnn,1,mtb,5,0.9951,0.9951,0.0,0.9977,0.0026,45,vesicular monoamine transporter inhibitor,Launched,infectious disease|neurology/psychiatry,SLC18A1|SLC18A2,0.0,0.0,0.0,0.9951,0.0,0.9951,0.0,0.0,0.0,False
CC(C)(C)C#Cc1cc(N(C(=O)[C@H]2CC[C@H](C)CC2)[C@H]2CC[C@@H](O)CC2)c(C(=O)O)s1,VX-222,1,dmpnn,1,paeruginosa,20,0.9951,0.9951,0.0,0.9953,0.0002,5,HCV inhibitor,Phase 2,nan,nan,0.0,0.0,0.9951,0.0,0.0,0.9951,0.0,0.0,0.0,False
O=C(CCCCC(=O)Nc1c(I)cc(I)c(C(=O)O)c1I)Nc1c(I)cc(I)c(C(=O)O)c1I,iodipamide,1,dmpnn,1,paeruginosa,"5, 20",0.995,0.9658,0.0293,0.9995,0.0337,8,radiopaque medium,Launched,radiology,ALB,0.0,0.0,0.995,0.0,0.0,0.995,0.0,0.0,0.0,False
COc1ccnc(C[S@@](=O)c2nc3ccc(-n4cccc4)cc3[nH]2)c1C,ilaprazole,1,molformer,1,mtb,"10, 20",0.995,0.9929,0.0021,0.9951,0.0022,18,proton pump inhibitor,Launched,gastroenterology,nan,0.0,0.0,0.0,0.995,0.0,0.0,0.0,0.995,0.0,False
C=CC(=O)N[C@@H]1CN(c2nc(Nc3cn(C)nc3OC)c3ncn(C)c3n2)C[C@H]1F,PF-06747775,1,molformer,1,mtb,20,0.995,0.995,0.0,0.997,0.002,33,EGFR inhibitor,Phase 2,nan,nan,0.0,0.0,0.0,0.995,0.0,0.0,0.0,0.995,0.0,False
NC(=O)/N=N/C(N)=O,azodicarbonamide,1,dmpnn,1,ecoli,"5, 10",0.9949,0.9913,0.0036,0.9996,0.0083,29,DNA synthesis inhibitor,Phase 2,nan,nan,0.9949,0.0,0.0,0.0,0.0,0.9949,0.0,0.0,0.0,False
CS(=O)(=O)NCCN1C(=O)NC[C@]12CCN1CCc3c(oc4ccccc34)[C@@H]1C2,vatinoxan,1,dmpnn,1,mtb,"5, 10",0.9949,0.9943,0.0005,0.9952,0.0009,43,adrenergic receptor antagonist,Preclinical,nan,nan,0.0,0.0,0.0,0.9949,0.0,0.9949,0.0,0.0,0.0,False
CCCCCOC(=O)Nc1nc(=O)n([C@@H]2O[C@H](C)[C@@H](O)[C@H]2O)cc1F,capecitabine,1,molformer,1,mtb,"10, 20",0.9949,0.9917,0.0033,0.9957,0.004,26,DNA synthesis inhibitor|thymidylate synthase inhibitor,Launched,oncology,TYMS,0.0,0.0,0.0,0.9949,0.0,0.0,0.0,0.9949,0.0,False
S=C(S)N1CCCC1,pyrrolidine-dithiocarbamate,1,molformer,1,mtb,"5, 10, 20",0.9948,0.9945,0.0002,0.9949,0.0003,7,NFkB pathway inhibitor,Preclinical,nan,HSD11B1|RELA,0.0,0.0,0.0,0.9948,0.0,0.0,0.0,0.9948,0.0,False
CCC(=O)O[C@]1(C(=O)CCl)[C@@H](C)C[C@H]2[C@@H]3CCC4=CC(=O)C=C[C@]4(C)[C@@]3(F)[C@@H](O)C[C@@]21C,clobetasol-propionate,1,dmpnn,1,ecoli,"5, 10",0.9947,0.9938,0.0009,0.9949,0.0011,23,glucocorticoid receptor agonist,Launched,dermatology,NR3C1|PLA2G1B,0.9947,0.0,0.0,0.0,0.0,0.9947,0.0,0.0,0.0,False
O=C1[C@H]2CCCC[C@H]2C(=O)N1CCCCN1CCN(c2nsc3ccccc23)CC1,perospirone,1,dmpnn,1,saureus,"5, 10",0.9947,0.9933,0.0014,0.9956,0.0023,11,dopamine receptor antagonist|serotonin receptor antagonist,Launched,neurology/psychiatry,DRD2|DRD3|DRD4,0.0,0.9947,0.0,0.0,0.0,0.9947,0.0,0.0,0.0,False
CCCCCCO[C@H](C)c1c(C)c2cc3nc(c4c5[nH]c(cc6nc(cc1[nH]2)C(C)=C6CC)c(C)c5C(=O)C4)[C@@H](CCC(=O)O)[C@@H]3C,HPPH,1,molformer,1,mtb,"5, 20",0.9947,0.9883,0.0064,0.9952,0.007,32,photosensitizing agent,Phase 2,nan,nan,0.0,0.0,0.0,0.9947,0.0,0.0,0.0,0.9947,0.0,False
NCCNS(=O)(=O)c1ccc(Cl)c2ccncc12,CKI-7,1,dmpnn,1,mtb,5,0.9944,0.9944,0.0,0.9974,0.003,48,casein kinase inhibitor,Preclinical,nan,CSNK1G2,0.0,0.0,0.0,0.9944,0.0,0.9944,0.0,0.0,0.0,False
COCCNCc1ccc(-c2cc3nccc(Oc4ccc(NC(=O)C5(C(=O)Nc6ccc(F)cc6)CC5)cc4F)c3s2)nc1,sitravatinib,1,molformer,1,saureus,"10, 20",0.9943,0.9883,0.006,0.9951,0.0068,4,receptor tyrosine protein kinase inhibitor,Phase 3,nan,nan,0.0,0.9943,0.0,0.0,0.0,0.0,0.0,0.9943,0.0,False
Nc1ncnc2c1ncn2[C@@H]1O[C@@H]2CO[P@@](=O)(S)O[C@@H]3[C@H](O)[C@@H](CO[P@@](=O)(S)O[C@H]2[C@H]1O)O[C@H]3n1cnc2c(N)ncnc21,MIW-815,1,molformer,1,mtb,"10, 20",0.9942,0.99,0.0042,0.9956,0.0057,34,interferon inducer,Preclinical,nan,nan,0.0,0.0,0.0,0.9942,0.0,0.0,0.0,0.9942,0.0,False
CC(=O)[O][Pt]([NH2])([Cl])([Cl])([NH]C1CCCCC1)[O]C(C)=O,satraplatin,1,chemeleon_frozen,1,paeruginosa,"5, 10, 20",0.9941,0.9887,0.0043,0.9946,0.006,2,DNA alkylating agent,Phase 3,nan,nan,0.0,0.0,0.9941,0.0,0.0,0.0,0.9941,0.0,0.0,False
Oc1cccc2cccnc12,oxyquinoline,1,molformer,1,mtb,10,0.994,0.994,0.0,0.9952,0.0012,9,chelating agent,Launched,dermatology,METAP2,0.0,0.0,0.0,0.994,0.0,0.0,0.0,0.994,0.0,False
CNCc1ccc(-c2cc(-c3nc(-c4ccc(S(=O)(=O)C(C)C)cc4)cnc3N)on2)cc1,VE-822,1,molformer,1,mtb,"5, 10, 20",0.9939,0.9873,0.0066,0.9946,0.0073,21,ATR kinase inhibitor,Phase 2,nan,ATM|ATR|MTOR|PIK3CG,0.0,0.0,0.0,0.9939,0.0,0.0,0.0,0.9939,0.0,False
CCN1C[C@]2(COC(=O)c3ccccc3N3C(=O)C[C@H](C)C3=O)CC[C@H](OC)[C@@]34[C@@H]5C[C@H]6[C@H](OC)[C@@H]5[C@](O)(C[C@@H]6OC)[C@@](O)([C@@H](OC)[C@H]23)[C@@H]14,methyllycaconitine,1,molformer,2,"mtb, saureus","5, 10, 20",0.9937,0.9806,0.0125,0.9855,0.0049,12,acetylcholine receptor antagonist,Preclinical,nan,CHRNA7,0.0,0.9712,0.0,0.9937,0.0,0.0,0.0,0.9937,0.0,False
COC(=O)Nc1c(N)nc(-c2nn(Cc3ccccc3F)c3ncc(F)cc23)nc1N,vericiguat,1,molformer,1,mtb,20,0.9937,0.9937,0.0,0.998,0.0043,45,guanylate cyclase stimulant,Phase 3,nan,nan,0.0,0.0,0.0,0.9937,0.0,0.0,0.0,0.9937,0.0,False
CCCCc1nn(-c2ccccc2C(F)(F)F)c(=O)n1Cc1ccc(-c2ccccc2S(=O)(=O)NC(=O)c2sccc2C)cc1,L-161982,1,molformer,1,mtb,"10, 20",0.9935,0.9926,0.0008,0.9956,0.003,15,prostanoid receptor antagonist,Preclinical,nan,PTGER4,0.0,0.0,0.0,0.9935,0.0,0.0,0.0,0.9935,0.0,False
CC#Cc1cncc(-c2ccc3c(c2)[C@@]2(N=C(C)C(N)=N2)[C@]2(CC[C@H](OC)CC2)C3)c1,lanabecestat,1,dmpnn,1,paeruginosa,"5, 10, 20",0.9932,0.9849,0.0089,0.9932,0.0083,9,beta secretase inhibitor,Phase 3,nan,nan,0.0,0.0,0.9932,0.0,0.0,0.9932,0.0,0.0,0.0,False
CC(C)C[C@@H](C=O)NC(=O)[C@H](CC(C)C)NC(=O)[C@H](CC(C)C)NC(=O)OCc1ccccc1,MG-132,1,dmpnn,1,mtb,10,0.9931,0.9931,0.0,0.9982,0.0052,49,proteasome inhibitor,Preclinical,nan,PSMB1,0.0,0.0,0.0,0.9931,0.0,0.9931,0.0,0.0,0.0,False
CCCCOCCOc1ccc(-c2ccc3c(c2)/C=C(/C(=O)Nc2ccc([S@@](=O)Cc4cncn4CCC)cc2)CCCN3CC(C)C)cc1,cenicriviroc,1,molformer,1,mtb,20,0.9931,0.9931,0.0,0.9942,0.0011,48,CC chemokine receptor antagonist,Phase 3,nan,nan,0.0,0.0,0.0,0.9931,0.0,0.0,0.0,0.9931,0.0,False
CC[C@]12CCCN3CCc4c(n(c5ccccc45)[C@@](O)(C(=O)OC)C1)[C@@H]32,vincamine,1,molformer,1,paeruginosa,"5, 10, 20",0.993,0.9927,0.0003,0.9931,0.0004,3,adrenergic receptor antagonist,Withdrawn,nan,CHRM1|CHRM2|CHRM3|CHRM4,0.0,0.0,0.993,0.0,0.0,0.0,0.0,0.993,0.0,False
CCCC[C@@H](C=O)NC(=O)[C@H](CC(C)C)NC(=O)OCc1ccccc1,calpeptin,1,molformer,1,mtb,"5, 10, 20",0.9929,0.9918,0.0008,0.9933,0.0015,16,calpain inhibitor,Preclinical,nan,nan,0.0,0.0,0.0,0.9929,0.0,0.0,0.0,0.9929,0.0,False
CC(C)CCC(=O)C[C@H]1c2ccccc2C(=O)N1c1ccc2ccc(Cl)nc2n1,pagoclone,1,molformer,1,saureus,"10, 20",0.9926,0.991,0.0017,0.9945,0.0036,2,GABA receptor agonist,Phase 2/Phase 3,nan,nan,0.0,0.9926,0.0,0.0,0.0,0.0,0.0,0.9926,0.0,False
C[C@@H]1C[C@H]2[C@@H]3CCC4=CC(=O)C=C[C@]4(C)[C@@]3(F)[C@@H](O)C[C@]2(C)[C@H]1C(=O)CO,desoximetasone,1,dmpnn,1,ecoli,"5, 10",0.9925,0.9919,0.0007,0.9929,0.001,28,glucocorticoid receptor agonist,Launched,dermatology,NR3C1|PLA2G1B,0.9925,0.0,0.0,0.0,0.0,0.9925,0.0,0.0,0.0,False
CC(C)NC[C@@H](C(=O)N1CCN(c2ncnc3c2[C@H](C)C[C@H]3O)CC1)c1ccc(Cl)cc1,GDC-0068,1,molformer,1,saureus,"10, 20",0.9924,0.982,0.0104,0.9985,0.0165,11,AKT inhibitor,Phase 3,nan,AKT1|AKT2|AKT3|PRKG1,0.0,0.9924,0.0,0.0,0.0,0.0,0.0,0.9924,0.0,False
COCc1nnc(N2CC(Oc3ccc(F)cc3Cl)C2)n1-c1ccc(OC)nc1,PF-3274167,1,molformer,1,saureus,20,0.9922,0.9922,0.0,0.9964,0.0042,13,oxytocin receptor antagonist,Phase 2,nan,AVPR1A|OXTR,0.0,0.9922,0.0,0.0,0.0,0.0,0.0,0.9922,0.0,False
CCC(=O)NO,ZAMI-633,1,molformer,1,paeruginosa,"5, 10, 20",0.9921,0.992,0.0001,0.9922,0.0002,5,urease inhibitor,Phase 3,nan,nan,0.0,0.0,0.9921,0.0,0.0,0.0,0.0,0.9921,0.0,False
Cc1ccc(NC(=O)C2(c3ccc4c(c3)OC(F)(F)O4)CC2)nc1-c1cccc(C(=O)O)c1,lumacaftor,1,dmpnn,1,saureus,"5, 10",0.9919,0.9893,0.0026,0.9926,0.0033,21,CFTR channel agonist,Launched,pulmonary,CFTR,0.0,0.9919,0.0,0.0,0.0,0.9919,0.0,0.0,0.0,False
O[C@@]12[C@H]3[C@@H]4[C@@H]5C[C@@H]6[C@@H]4[C@@H]3[C@@H]([C@@H]6[C@@H]51)N2CCc1cccc(F)c1,TC1,1,dmpnn,1,paeruginosa,"5, 20",0.9917,0.9865,0.0052,0.9917,0.0052,13,beta-secretase inhibitor,Preclinical,nan,BACE1,0.0,0.0,0.9917,0.0,0.0,0.9917,0.0,0.0,0.0,False
CN1C(=O)c2c(nn(Cc3ccc(-c4cccc(F)n4)cc3)c2Nc2ccccc2)N2C1=N[C@@H]1CCC[C@@H]12,ITI214,1,molformer,1,ecoli,"10, 20",0.9916,0.9732,0.0184,0.9929,0.0198,5,phosphodiesterase inhibitor,Phase 1/Phase 2,nan,PDE1A,0.9916,0.0,0.0,0.0,0.0,0.0,0.0,0.9916,0.0,False
OC[C@H]1O[C@@H](n2cnc3c2NC=NC[C@H]3O)C[C@@H]1O,pentostatin,1,dmpnn,1,ecoli,"5, 10",0.9915,0.9897,0.0018,0.9936,0.0039,39,adenosine deaminase inhibitor|ribonucleotide reductase inhibitor,Launched,hematologic malignancy,ADA,0.9915,0.0,0.0,0.0,0.0,0.9915,0.0,0.0,0.0,False
CCC1=C[C@@H]2CN3CCc4c([nH]c5ccccc45)[C@@](C(=O)OC)(C2)[C@@H]13,catharanthine,1,molformer,1,paeruginosa,"5, 10, 20",0.9913,0.9908,0.0004,0.9914,0.0005,6,tubulin polymerization inhibitor,Preclinical,nan,nan,0.0,0.0,0.9913,0.0,0.0,0.0,0.0,0.9913,0.0,False
O=C1[O][SbH]23[O]C(=O)[C@H]([O]2)[C@H]2[O][SbH]4([O]C(=O)[C@H]([O]4)[C@H]1[O]3)[O]C2=O,antimony-potassium,1,chemeleon_frozen,1,mtb,"5, 20",0.9911,0.9757,0.0154,0.9916,0.016,5,nan,Phase 2,nan,nan,0.0,0.0,0.0,0.9911,0.0,0.0,0.9911,0.0,0.0,False
CO[C@H]1C[C@H](O[C@H]2[C@H](C)O[C@@H](O[C@@H]3/C(C)=C/C[C@@H]4C[C@@H](C[C@]5(C=C[C@H](C)[C@@H](C6CCCCC6)O5)O4)OC(=O)[C@@H]4C=C(C)[C@@H](O)[C@H]5OC/C(=C\C=C\[C@@H]3C)[C@]54O)C[C@@H]2OC)O[C@@H](C)[C@@H]1O,doramectin,1,molformer,1,saureus,"5, 10, 20",0.9909,0.9898,0.0014,0.9909,0.0012,5,nan,Launched,infectious disease,nan,0.0,0.9909,0.0,0.0,0.0,0.0,0.0,0.9909,0.0,False
N[C@@H](Cc1cc(CP(=O)(O)O)cc(-c2ccccc2Cl)c1)C(=O)O,SDZ-220-581,1,dmpnn,1,ecoli,"5, 10",0.9905,0.9895,0.001,0.9912,0.0017,37,glutamate receptor antagonist,Preclinical,nan,GRIN1,0.9905,0.0,0.0,0.0,0.0,0.9905,0.0,0.0,0.0,False
CO[C@H]1CC[C@H](N(c2cc(C3=CCCCC3)sc2C(=O)O)C(=O)[C@H]2CC[C@H](C)CC2)CC1,VCH-916,1,dmpnn,1,paeruginosa,20,0.9905,0.9905,0.0,0.9922,0.0017,19,HCV inhibitor,Phase 1,nan,nan,0.0,0.0,0.9905,0.0,0.0,0.9905,0.0,0.0,0.0,False
Cn1cc(-c2cnn3c(N)c(Br)c([C@@H]4CCCNC4)nc23)cn1,SCH-900776,1,dmpnn,1,paeruginosa,"5, 10, 20",0.9902,0.9813,0.0074,0.9931,0.0119,12,CHK inhibitor,Phase 2,nan,CDK2|CHEK1,0.0,0.0,0.9902,0.0,0.0,0.9902,0.0,0.0,0.0,False
CN(C)CCS,captamine,1,molformer,2,"ecoli, paeruginosa","5, 10, 20",0.9898,0.975,0.0146,0.9752,0.0002,7,nan,Preclinical,nan,nan,0.9606,0.0,0.9898,0.0,0.0,0.0,0.0,0.9898,0.0,False
C[C@@]12C[C@@]3(O)O[C@@H](O1)[C@]1(COC(=O)c4ccccc4)[C@H]3C[C@@]12O[C@@H]1O[C@H](CO)[C@@H](O)[C@H](O)[C@H]1O,paeoniflorin,1,molformer,1,ecoli,"5, 10, 20",0.9897,0.9883,0.0012,0.9898,0.0015,5,anticonvulsant,Preclinical,nan,nan,0.9897,0.0,0.0,0.0,0.0,0.0,0.0,0.9897,0.0,False
C[C@H]1Cc2ccccc2N1NC(=O)c1ccc(Cl)c(S(N)(=O)=O)c1,indapamide,1,molformer,2,"mtb, saureus","5, 10, 20",0.9897,0.9819,0.0061,0.9916,0.0099,9,thiazide diuretic,Launched,cardiology,CA2|HTR3A|KCNQ1,0.0,0.9897,0.0,0.9824,0.0,0.0,0.0,0.9897,0.0,False
O=C(c1ccc(/C=C/c2[nH]nc3ccccc23)cc1)N1CCNCC1,KW-2449,1,dmpnn,1,paeruginosa,"5, 10, 20",0.9895,0.983,0.0063,0.9902,0.0072,10,Abl kinase inhibitor|Aurora kinase inhibitor|FLT3 inhibitor,Phase 1,nan,ABL1|AURKA|AURKB|FLT3,0.0,0.0,0.9895,0.0,0.0,0.9895,0.0,0.0,0.0,False
CN1C(=O)[C@@H](NC(=O)c2nc(Cc3ccccc3)n[nH]2)COc2ccccc21,GSK2982772,1,molformer,1,mtb,"5, 10",0.9891,0.9883,0.0009,0.9915,0.0032,23,RIPK inhibitor,Phase 2,nan,nan,0.0,0.0,0.0,0.9891,0.0,0.0,0.0,0.9891,0.0,False
O=C1Nc2ccccc2/C1=C1Nc2ccccc2C/1=N\O,indirubin-3-monoxime,1,dmpnn,1,ecoli,10,0.989,0.989,0.0,0.9968,0.0079,35,CDK inhibitor|glycogen synthase kinase inhibitor,Preclinical,nan,CDK1|CDK2|CDK5|CDK5R1|GSK3B,0.989,0.0,0.0,0.0,0.0,0.989,0.0,0.0,0.0,False
Nc1nc(=O)n([C@H]2C[C@H](O)[C@@H](CO)O2)cc1F,fdcyd,1,dmpnn,1,ecoli,5,0.989,0.989,0.0,0.9991,0.0101,49,DNA methyltransferase inhibitor,Phase 2,nan,nan,0.989,0.0,0.0,0.0,0.0,0.989,0.0,0.0,0.0,False
CCCc1nc(C(F)(F)F)ccc1/C=C/C(=O)N[C@H](C)c1cc(F)c(NS(C)(=O)=O)c(F)c1,asivatrep,1,molformer,1,saureus,20,0.9885,0.9885,0.0,0.9975,0.009,24,transient receptor potential channel antagonist,Phase 3,nan,nan,0.0,0.9885,0.0,0.0,0.0,0.0,0.0,0.9885,0.0,False
CCCNS(=O)(=O)Nc1ncnc(OCCOc2ncc(Br)cn2)c1-c1ccc(Br)cc1,macitentan,1,molformer,1,mtb,10,0.9884,0.9884,0.0,0.9914,0.003,25,endothelin receptor antagonist,Launched,endocrinology,EDNRA|EDNRB,0.0,0.0,0.0,0.9884,0.0,0.0,0.0,0.9884,0.0,False
Cc1cc(C)c2nc(-c3ccccn3)cc(C(=O)Nc3ccc(S(=O)(=O)Nc4onc(C)c4C)cc3)c2c1,ML193,1,dmpnn,1,saureus,"5, 10",0.9882,0.9819,0.0063,0.9976,0.0158,22,G protein-coupled receptor antagonist,Preclinical,nan,GPR55,0.0,0.9882,0.0,0.0,0.0,0.9882,0.0,0.0,0.0,False
COC(=O)CCSCc1ccc(-c2onc(C)c2NC(=O)O[C@@H](C)c2ccccc2Cl)cc1,ki16198,1,molformer,1,mtb,10,0.988,0.988,0.0,0.992,0.0041,27,lipoprotein antagonist,Preclinical,nan,LPA,0.0,0.0,0.0,0.988,0.0,0.0,0.0,0.988,0.0,False
N=C(N)Nc1nc(CSCCN/C=N/S(=O)(=O)c2ccc(Br)cc2)cs1,ebrotidine,1,molformer,1,mtb,10,0.9879,0.9879,0.0,0.9972,0.0093,28,histamine receptor antagonist,Withdrawn,nan,HRH2,0.0,0.0,0.0,0.9879,0.0,0.0,0.0,0.9879,0.0,False
[Cl][Ti]([Cl])([CH]1C=CC=C1)[CH]1C=CC=C1,titanocene-dichloride,1,molformer,1,mtb,5,0.9877,0.9877,0.0,0.9883,0.0006,23,apoptosis stimulant,Phase 2,nan,nan,0.0,0.0,0.0,0.9877,0.0,0.0,0.0,0.9877,0.0,False
Cc1ncc(CSSCc2cnc(C)c(O)c2CO)c(CO)c1O,pyritinol,1,dmpnn,1,paeruginosa,20,0.9875,0.9875,0.0,0.9905,0.003,22,nan,Launched,rheumatology|neurology/psychiatry,nan,0.0,0.0,0.9875,0.0,0.0,0.9875,0.0,0.0,0.0,False
O=C(O)C(=O)c1cn(Cc2ccccc2)c2ccc(-c3ccc(OC(F)(F)F)cc3)cc12,tiplaxtinin,1,molformer,1,saureus,"10, 20",0.9873,0.9818,0.0056,0.9922,0.0105,18,plasminogen activator inhibitor,Phase 1,nan,SERPINE1,0.0,0.9873,0.0,0.0,0.0,0.0,0.0,0.9873,0.0,False
Cn1c(=O)c2[nH]c(Br)nc2n(C)c1=O,pamabrom,1,dmpnn,1,ecoli,10,0.9868,0.9868,0.0,0.995,0.0082,43,diuretic,Launched,gastroenterology,nan,0.9868,0.0,0.0,0.0,0.0,0.9868,0.0,0.0,0.0,False
CCOc1ccc(CC2=NCCc3cc(OCC)c(OCC)cc32)cc1OCC,drotaverine,1,dmpnn,1,paeruginosa,20,0.9867,0.9867,0.0,0.9886,0.0019,24,phosphodiesterase inhibitor,Launched,obstetrics/gynecology,nan,0.0,0.0,0.9867,0.0,0.0,0.9867,0.0,0.0,0.0,False
CC1(C)[C@H](C(=O)O)N2C(=O)C[C@H]2S1(=O)=O,sulbactam,1,dmpnn,1,paeruginosa,"5, 10, 20",0.9864,0.9756,0.0087,0.9864,0.0109,17,beta lactamase inhibitor,Launched,infectious disease,nan,0.0,0.0,0.9864,0.0,0.0,0.9864,0.0,0.0,0.0,False
O=P(O)(O)CN1CCN(CP(=O)(O)O)CCN(CP(=O)(O)O)CCN(CP(=O)(O)O)CC1,DOTMP,1,dmpnn,1,ecoli,10,0.9863,0.9863,0.0,0.9863,0.0,45,nan,Preclinical,nan,nan,0.9863,0.0,0.0,0.0,0.0,0.9863,0.0,0.0,0.0,False
CC#C[C@@H](CC(=O)O)c1ccc(OCc2cccc(-c3ccc(C(F)(F)F)cc3)c2)cc1,AMG-837,1,molformer,1,saureus,"10, 20",0.9859,0.9665,0.0195,0.986,0.0198,29,free fatty acid receptor agonist,Phase 1,nan,FFAR1,0.0,0.9859,0.0,0.0,0.0,0.0,0.0,0.9859,0.0,False
CC(C)C[C@H](N)C(=O)O,L-leucine,1,molformer,1,saureus,"5, 10, 20",0.9858,0.9857,0.0001,0.986,0.0003,7,nan,Phase 3,nan,BCAT1|BCAT2|LARS|LARS2|LCMT1|LCMT2,0.0,0.9858,0.0,0.0,0.0,0.0,0.0,0.9858,0.0,False
O=C(O)C(Cl)(Cl)Cl,trichloroacetic-acid,1,chemeleon_frozen,1,saureus,"5, 10, 20",0.9855,0.9806,0.0069,0.9861,0.0056,8,nan,Launched,dermatology,nan,0.0,0.9855,0.0,0.0,0.0,0.0,0.9855,0.0,0.0,False
S=C=Nc1ccc(N=C=S)cc1,bitoscanate,1,molformer,1,mtb,10,0.9852,0.9852,0.0,0.9936,0.0085,35,anthelmintic agent,Preclinical,nan,nan,0.0,0.0,0.0,0.9852,0.0,0.0,0.0,0.9852,0.0,False
CC(C)S(=O)(=O)NC[C@H](C)c1ccc(NC(=O)c2cc(F)cc(F)c2)cc1,LY450108,1,molformer,1,mtb,5,0.9846,0.9846,0.0,0.9905,0.006,27,glutamate receptor modulator,Phase 1,nan,nan,0.0,0.0,0.0,0.9846,0.0,0.0,0.0,0.9846,0.0,False
CCOc1ccc(Cc2nccc3cc(OCC)c(OCC)cc23)cc1OCC,ethaverine,1,dmpnn,1,paeruginosa,20,0.9843,0.9843,0.0,0.9893,0.005,26,calcium channel blocker,Launched,neurology/psychiatry,nan,0.0,0.0,0.9843,0.0,0.0,0.9843,0.0,0.0,0.0,False
O=C(c1ccc(OCCN2CCCCC2)cc1)c1c(-c2ccc(O)cc2)sc2cc(O)ccc12,raloxifene,1,molformer,1,saureus,"5, 10, 20",0.9843,0.9623,0.0211,0.9846,0.0226,26,estrogen receptor antagonist|selective estrogen receptor modulator (SERM),Launched,orthopedics|oncology,ESR1|ESR2,0.0,0.9843,0.0,0.0,0.0,0.0,0.0,0.9843,0.0,False
CC(C)C1=C2[C@H]3CC[C@@H]4[C@@]5(C)CC[C@H](OC(=O)CC(C)(C)C(=O)O)C(C)(C)[C@@H]5CC[C@@]4(C)[C@]3(C)CC[C@@]2([C@@H](O)CN(CCN(C)C)Cc2ccc(Cl)cc2)CC1=O,GSK2838232,1,dmpnn,1,saureus,5,0.9841,0.9841,0.0,0.9887,0.0047,31,HIV gag inhibitor,Phase 2,nan,nan,0.0,0.9841,0.0,0.0,0.0,0.9841,0.0,0.0,0.0,False
C[C@]12CC/C(=N\OCCN)C[C@@H]1C(=O)C[C@@H]1[C@@H]2CC[C@]2(C)C(=O)CC[C@@H]12,istaroxime,1,molformer,1,mtb,"5, 10",0.9841,0.9839,0.0003,0.985,0.0011,29,ATPase inhibitor,Phase 2,nan,ATP1A1,0.0,0.0,0.0,0.9841,0.0,0.0,0.0,0.9841,0.0,False
O=S(=O)(O)C(F)(F)F,bismuth(III)-trifluoromethanesulfonate,1,dmpnn,1,ecoli,10,0.984,0.984,0.0,0.985,0.001,50,direct substitution catalyst,Preclinical,nan,nan,0.984,0.0,0.0,0.0,0.0,0.984,0.0,0.0,0.0,False
c1ccc2c(c1)C1=N/C2=N\c2c3ccccc3c3[n]2[Zn][n]2/c(c4ccccc4/c2=N/C2=N/C(=N\3)c3ccccc32)=N\1,ciaftalan-zinc,1,dmpnn,1,paeruginosa,"10, 20",0.984,0.9838,0.0002,0.9901,0.0064,12,reactive oxygen species stimulant,Phase 1,nan,nan,0.0,0.0,0.984,0.0,0.0,0.984,0.0,0.0,0.0,False
CN1[C@@H]2CC[C@H]1C=C(c1sccc1Br)C2,NS-3861,1,molformer,1,paeruginosa,"5, 10, 20",0.984,0.9829,0.0013,0.9842,0.0014,10,acetylcholine receptor agonist,Preclinical,nan,CHRNA3|CHRNB4,0.0,0.0,0.984,0.0,0.0,0.0,0.0,0.984,0.0,False
COc1nc(C)cnc1NS(=O)(=O)c1cccnc1-c1ccc(-c2nnco2)cc1,zibotentan,1,molformer,1,mtb,"5, 10",0.9837,0.9803,0.0034,0.9869,0.0067,41,endothelin receptor antagonist,Phase 3,nan,EDNRA,0.0,0.0,0.0,0.9837,0.0,0.0,0.0,0.9837,0.0,False
CCCCOc1c(C(=O)c2c(F)cc(C)cc2F)cnc2n[nH]cc12,BMS-265246,1,molformer,1,paeruginosa,"10, 20",0.9832,0.9491,0.0341,0.9859,0.0373,12,CDK inhibitor,Preclinical,nan,CDK1|CDK2,0.0,0.0,0.9832,0.0,0.0,0.0,0.0,0.9832,0.0,False
O=C(Nc1cccc2c(=O)cc(-c3nn[nH]n3)oc12)c1ccc(OCCCCc2ccccc2)cc1,pranlukast,1,molformer,1,mtb,10,0.9828,0.9828,0.0,0.9906,0.0078,44,leukotriene receptor antagonist,Launched,pulmonary,CYSLTR1|CYSLTR2|IL5|MUC2|NFKB1|RNASE3|TNF,0.0,0.0,0.0,0.9828,0.0,0.0,0.0,0.9828,0.0,False
CO/N=C1/C[C@@H](C(=O)NC[C@@H](O)c2ccccc2)N(C(=O)c2ccc(-c3ccccc3C)cc2)C1,OT-R-antagonist-1,1,molformer,1,mtb,5,0.9828,0.9828,0.0,0.9879,0.0052,31,oxytocin receptor antagonist,Preclinical,nan,AVPR1A|OXTR,0.0,0.0,0.0,0.9828,0.0,0.0,0.0,0.9828,0.0,False
CC(=O)Oc1cccc(C(=O)O)c1OC(C)=O,dipyrocetyl,1,dmpnn,1,paeruginosa,"5, 10, 20",0.9827,0.9793,0.0033,0.9949,0.0157,14,chelating agent,Launched,endocrinology|neurology/psychiatry,nan,0.0,0.0,0.9827,0.0,0.0,0.9827,0.0,0.0,0.0,False
CC(C)(O)c1ccccc1CC[C@@H](SCC1(CC(=O)O)CC1)c1cccc(/C=C/c2ccc3ccc(Cl)cc3n2)c1,montelukast,1,molformer,1,saureus,20,0.9826,0.9826,0.0,0.9855,0.0029,33,leukotriene receptor antagonist,Launched,pulmonary|allergy,ALOX5|CYSLTR1,0.0,0.9826,0.0,0.0,0.0,0.0,0.0,0.9826,0.0,False
CCOc1cc(-c2nncn2C)ccc1Nc1ncc2cc(C)nc(NCC(C)(C)C)c2n1,BOS-172722,1,molformer,1,mtb,10,0.9825,0.9825,0.0,0.9879,0.0055,47,monopolar spindle 1 kinase inhibitor,Phase 1,nan,nan,0.0,0.0,0.0,0.9825,0.0,0.0,0.0,0.9825,0.0,False
Nc1ncnc2c1ncn2[C@H]1O[C@@H](C(=O)N2CCN(CC(=O)Nc3cccc4c3CNC4=O)CC2)[C@H](O)[C@@H]1O,EB-47,1,molformer,1,saureus,"5, 10, 20",0.9825,0.9812,0.0011,0.9845,0.0034,10,PARP inhibitor,Preclinical,nan,PARP1,0.0,0.9825,0.0,0.0,0.0,0.0,0.0,0.9825,0.0,False
C[C@@H](CCCCC(=O)Nc1ccc(C(F)(F)F)cc1)NCCc1cnc[nH]1,HTMT,1,molformer,1,mtb,5,0.9818,0.9818,0.0,0.9846,0.0028,33,histamine receptor agonist,Preclinical,nan,HRH4,0.0,0.0,0.0,0.9818,0.0,0.0,0.0,0.9818,0.0,False
C=CC(=O)Nc1cc2c(Nc3ccc(F)c(Cl)c3)ncnc2cc1C#CC(C)(C)N1CCN(C)CC1,AV-412,1,dmpnn,1,paeruginosa,20,0.9817,0.9817,0.0,0.9846,0.0029,29,protein tyrosine kinase inhibitor,Phase 1,nan,EGFR|ERBB2,0.0,0.0,0.9817,0.0,0.0,0.9817,0.0,0.0,0.0,False
N#C[C@@H]1C[C@@H]2C[C@@H]2N1C(=O)[C@@H](N)[C@@]12C[C@@H]3C[C@@H](C[C@@](O)(C3)C1)C2,saxagliptin,1,chemeleon_frozen,2,"ecoli, paeruginosa","5, 10, 20",0.9807,0.8951,0.0851,0.8956,0.0006,5,dipeptidyl peptidase inhibitor,Launched,endocrinology,DPP4,0.9807,0.0,0.8105,0.0,0.0,0.0,0.9807,0.0,0.0,False
O=C(O)C1CN(Cc2ccc(-c3nc4cc(Cc5ccccc5F)ccc4s3)c(F)c2)C1,TC-SP-14,1,molformer,1,saureus,20,0.9805,0.9805,0.0,0.9832,0.0028,36,sphingosine 1-phosphate receptor agonist,Preclinical,nan,S1PR1,0.0,0.9805,0.0,0.0,0.0,0.0,0.0,0.9805,0.0,False
CC[C@H]1/C=C/C=C/C[C@@H](C)[C@H](O)[C@@](C)(O)C(=O)[C@@H](C)[C@H](O)[C@@H](C)C(=O)[C@@H](C)[C@H](O)[C@@H](C)/C=C/C(=O)O[C@@H]2[C@H](C)[C@H](CC1)O[C@]1(CC[C@H](C)[C@H](C[C@@H](C)O)O1)[C@H]2C,oligomycin-A,1,molformer,1,saureus,"5, 10",0.9803,0.9759,0.0045,0.9854,0.0097,9,ATP synthase inhibitor|ATPase inhibitor,Preclinical,nan,ATP5A1,0.0,0.9803,0.0,0.0,0.0,0.0,0.0,0.9803,0.0,False
C/C=C/C/C=C/CCC(=O)[C@H]1O[C@H]1C(N)=O,cerulenin,1,molformer,1,mtb,5,0.98,0.98,0.0,0.9809,0.0009,37,fatty acid synthase inhibitor,Launched,infectious disease,FASN,0.0,0.0,0.0,0.98,0.0,0.0,0.0,0.98,0.0,False
Nc1nc(-n2cccn2)nc(-n2cccn2)c1Br,taminadenant,1,dmpnn,1,saureus,"5, 10",0.9793,0.979,0.0002,0.9861,0.0071,34,adenosine receptor antagonist,Phase 1/Phase 2,nan,nan,0.0,0.9793,0.0,0.0,0.0,0.9793,0.0,0.0,0.0,False
Cc1cn([C@@H]2C[C@@H](O)[C@H](CO)O2)c(=O)[nH]c1=O,telbivudine,1,molformer,1,ecoli,"10, 20",0.9791,0.9685,0.0107,0.9825,0.0143,14,DNA polymerase inhibitor,Launched,infectious disease,nan,0.9791,0.0,0.0,0.0,0.0,0.0,0.0,0.9791,0.0,False
C[C@@H](CCc1ccccc1)NC[C@@H](O)c1ccc(O)c(C(N)=O)c1,labetalol,1,molformer,1,mtb,5,0.979,0.979,0.0,0.9799,0.0009,39,adrenergic receptor antagonist,Launched,cardiology,ADRA1D|ADRB1|ADRB2,0.0,0.0,0.0,0.979,0.0,0.0,0.0,0.979,0.0,False
O=C(O)c1ccc(/C=C2/SC(=S)N(c3cccc(C(F)(F)F)c3)C2=O)cc1,CFTRinh-172,1,dmpnn,1,saureus,10,0.9781,0.9781,0.0,0.9848,0.0068,40,chloride channel blocker,Preclinical,nan,CFTR,0.0,0.9781,0.0,0.0,0.0,0.9781,0.0,0.0,0.0,False
CO[C@H]1CC[C@@H](C(=O)c2ccc3nc4c(cc3c2)CCCO4)CC1,JNJ-16259685,1,dmpnn,1,saureus,5,0.978,0.978,0.0,0.9826,0.0047,35,glutamate receptor antagonist,Preclinical,nan,GRM1,0.0,0.978,0.0,0.0,0.0,0.978,0.0,0.0,0.0,False
C[C@H](NC(=O)c1c(N)nn2cccnc12)c1cc2cccc(C#Cc3cnn(C)c3)c2c(=O)n1-c1ccccc1,IPI549,1,molformer,1,ecoli,20,0.978,0.978,0.0,0.983,0.0052,16,PI3K inhibitor,Phase 2,nan,nan,0.978,0.0,0.0,0.0,0.0,0.0,0.0,0.978,0.0,False
C=CC[C@@H]1/C=C(\C)C[C@H](C)C[C@H](OC)[C@H]2O[C@@](O)(C(=O)C(=O)N3CCCC[C@H]3C(=O)O[C@H](/C(C)=C/[C@@H]3CC[C@@H](O)[C@H](OC)C3)[C@H](C)[C@@H](O)CC1=O)[C@H](C)C[C@@H]2OC,tacrolimus,1,molformer,1,saureus,20,0.9778,0.9778,0.0,0.9914,0.0137,38,calcineurin inhibitor,Launched,transplant,FKBP1A,0.0,0.9778,0.0,0.0,0.0,0.0,0.0,0.9778,0.0,False
CC(C)Oc1ccc(C(=O)N[C@H](CNC(=O)CN(C)C)Cc2ccc(-c3cn4cccc([C@H](C)O)c4n3)cc2)cc1Cl,GSK923295,1,molformer,2,"ecoli, saureus",20,0.9777,0.9718,0.0058,0.9816,0.0099,31,centromere associated protein inhibitor,Phase 1,nan,CENPE,0.966,0.9777,0.0,0.0,0.0,0.0,0.0,0.9777,0.0,False
C[C@@H]1[C@H](O)[C@@H](C)/C=C/C=C/CC/C=C/C=C/C=C/C=C/[C@H](O[C@@H]2O[C@H](C)[C@@H](O)[C@H](N)[C@@H]2O)C[C@@H]2O[C@](O)(C[C@@H](O)[C@H](O)CC[C@@H](O)C[C@@H](O)C[C@@H](O)CC(=O)O[C@H]1C)C[C@H](O)[C@H]2C(=O)O,nystatin,1,dmpnn,1,paeruginosa,"5, 10, 20",0.9776,0.9701,0.0101,0.9776,0.0076,16,fungal ergosterol inhibitor,Launched,infectious disease,nan,0.0,0.0,0.9776,0.0,0.0,0.9776,0.0,0.0,0.0,False
COc1cc(Oc2ccnc3cc(OC)c(OC)cc23)ccc1NC(=O)N[C@@H](C)c1nccs1,KI-20227,1,dmpnn,1,saureus,10,0.9775,0.9775,0.0,0.9853,0.0079,41,c-Fms inhibitor,Preclinical,nan,CSF1R|KDR|KIT|PDGFRB,0.0,0.9775,0.0,0.0,0.0,0.9775,0.0,0.0,0.0,False
O=C1[C@@H]2[C@H]3CC[C@H](C3)[C@@H]2C(=O)N1C[C@@H]1CCCC[C@H]1CN1CCN(c2nsc3ccccc23)CC1,lurasidone,1,dmpnn,1,saureus,5,0.9775,0.9775,0.0,0.9818,0.0044,37,dopamine receptor antagonist|serotonin receptor antagonist,Launched,neurology/psychiatry,ADRA2A|ADRA2C|DRD2|HTR1A|HTR2A|HTR7,0.0,0.9775,0.0,0.0,0.0,0.9775,0.0,0.0,0.0,False
CCc1cn([C@H]2C[C@H](O)[C@@H](CO)O2)c(=O)[nH]c1=O,edoxudine,1,molformer,1,ecoli,"10, 20",0.9775,0.9619,0.0157,0.9798,0.0183,17,DNA directed DNA polymerase inhibitor,Launched,infectious disease,nan,0.9775,0.0,0.0,0.0,0.0,0.0,0.0,0.9775,0.0,False
O[C@]12CC[C@](c3nnc4c(Oc5ccccc5Cl)cccn43)(CC1)C2,BMS-770767,1,molformer,1,mtb,5,0.9769,0.9769,0.0,0.9792,0.0024,46,11-beta-HSD1 inhibitor,Phase 2,nan,nan,0.0,0.0,0.0,0.9769,0.0,0.0,0.0,0.9769,0.0,False
COc1ccc2cc(OCC3(C(=O)O)CN(C(=O)c4ccc(F)cc4)C3)ccc2c1,PF-04418948,1,dmpnn,1,paeruginosa,"5, 10, 20",0.9766,0.9729,0.0029,0.9769,0.0041,18,prostaglandin inhibitor,Phase 1,nan,PTGER2,0.0,0.0,0.9766,0.0,0.0,0.9766,0.0,0.0,0.0,False
Cc1cn([C@H]2O[C@@H](CO)[C@H](O)[C@H]2F)c(=O)[nH]c1=O,clevudine,1,molformer,1,ecoli,20,0.9766,0.9766,0.0,0.9831,0.0066,18,DNA polymerase inhibitor,Launched,infectious disease,nan,0.9766,0.0,0.0,0.0,0.0,0.0,0.0,0.9766,0.0,False
C[C@@H](N)CCCC(C)(C)O,heptaminol,1,molformer,1,ecoli,"5, 10, 20",0.9765,0.9763,0.0002,0.9766,0.0003,8,vasoconstrictor,Launched,cardiology,nan,0.9765,0.0,0.0,0.0,0.0,0.0,0.0,0.9765,0.0,False
C[C@@H](N[C@H]1CCCC[C@@H]1NC(=O)c1ccc(Cl)cc1)c1cccc2ccccc12,Calhex-231,1,molformer,1,ecoli,"10, 20",0.9765,0.9685,0.008,0.9775,0.0092,19,calcium sensing receptor negative allosteric modulator,Preclinical,nan,CASR,0.9765,0.0,0.0,0.0,0.0,0.0,0.0,0.9765,0.0,False
CC(C)(C[C@H]1CN(S(=O)(=O)c2cccc(C(F)(F)F)c2)c2cc(-c3cc(F)cc(OC(F)F)c3)ccc2O1)C(=O)O,cintirorgon,1,dmpnn,1,saureus,5,0.9764,0.9764,0.0,0.9856,0.0093,40,ROR agonist,Phase 1/Phase 2,nan,nan,0.0,0.9764,0.0,0.0,0.0,0.9764,0.0,0.0,0.0,False
NC(=O)C1N=CN([C@@H]2O[C@H](CO)[C@@H](O)[C@H]2O)C1=O,mizoribine,1,molformer,1,ecoli,"10, 20",0.9759,0.9725,0.0034,0.9824,0.0101,15,immunosuppressant|inosine monophosphate dehydrogenase inhibitor,Launched,transplant|rheumatology,IMPDH1,0.9759,0.0,0.0,0.0,0.0,0.0,0.0,0.9759,0.0,False
COc1cc2c(cc1C(F)(F)F)N(C(=O)Nc1cc(F)cc(-c3cccnc3)c1)CC2,SB-228357,1,molformer,1,saureus,20,0.9759,0.9759,0.0,0.9906,0.0148,42,serotonin receptor antagonist,Preclinical,nan,HTR2A|HTR2B|HTR2C,0.0,0.9759,0.0,0.0,0.0,0.0,0.0,0.9759,0.0,False
CSCC[C@H](N)C(=O)O,L-methionine,1,molformer,1,ecoli,"5, 10, 20",0.9757,0.9756,0.0001,0.9759,0.0002,9,voltage-gated calcium channel ligand,Launched,pulmonary|allergy|neurology/psychiatry,BHMT|BHMT2|METAP2|MTR|MTRR,0.9757,0.0,0.0,0.0,0.0,0.0,0.0,0.9757,0.0,False
CC(C)(S)[C@@H](N)C(=O)O,penicillamine-(D),1,molformer,1,saureus,"5, 10, 20",0.9757,0.9747,0.0007,0.976,0.0013,14,chelating agent,Launched,metabolism|rheumatology|nephrology,nan,0.0,0.9757,0.0,0.0,0.0,0.0,0.0,0.9757,0.0,False
COc1cc2nc(N3CCN(C(=O)COc4c(OC)cccc4C(C)C)CC3)nc(N)c2cc1OC,Rec-15/2615,1,dmpnn,1,saureus,10,0.9754,0.9754,0.0,0.9829,0.0076,48,adrenergic receptor antagonist,Phase 2,nan,ADRA1A,0.0,0.9754,0.0,0.0,0.0,0.9754,0.0,0.0,0.0,False
O=C(CCN1CCN(C(=O)OCc2cc(Cl)cc(Cl)c2)CC1)c1ccc2[nH]c(=O)oc2c1,PF-8380,1,dmpnn,1,saureus,"5, 10",0.9753,0.9739,0.0014,0.9962,0.0224,43,autotaxin inhibitor,Preclinical,nan,ENPP2,0.0,0.9753,0.0,0.0,0.0,0.9753,0.0,0.0,0.0,False
CCC[C@@]1(CCc2ccccc2)CC(=O)[C@@H]([C@H](CC)c2cccc(NS(=O)(=O)c3ccc(C(F)(F)F)cn3)c2)C(=O)O1,tipranavir,1,dmpnn,1,saureus,10,0.9752,0.9752,0.0,0.99,0.015,50,HIV protease inhibitor,Launched,infectious disease,nan,0.0,0.9752,0.0,0.0,0.0,0.9752,0.0,0.0,0.0,False
CC#CC[C@@H](C)[C@H](O)/C=C/[C@@H]1[C@H]2C/C(=C/CCCC(=O)O)C[C@H]2C[C@H]1O,iloprost,1,molformer,1,paeruginosa,"5, 10, 20",0.9752,0.9743,0.0007,0.9753,0.001,12,platelet aggregation inhibitor|prostanoid receptor agonist,Launched,pulmonary,PTGDR|PTGER1|PTGER2|PTGER3|PTGER4|PTGFR|PTGIR|TBXA2R,0.0,0.0,0.9752,0.0,0.0,0.0,0.0,0.9752,0.0,False
CSc1nc2cc(Cl)c(Oc3cccc(Cl)c3Cl)cc2[nH]1,triclabendazole,1,molformer,1,saureus,20,0.9749,0.9749,0.0,0.9954,0.0206,44,microtubule inhibitor,Launched,infectious disease,DNMT1,0.0,0.9749,0.0,0.0,0.0,0.0,0.0,0.9749,0.0,False
O=C(O)C1=CCNCC1,isoguvacine,1,dmpnn,1,paeruginosa,"5, 10, 20",0.9741,0.9722,0.0014,0.9748,0.0026,19,benzodiazepine receptor agonist,Preclinical,nan,GABRA1|GABRA2|GABRA3|GABRA4|GABRA5|GABRA6|GABRR1|GABRR2|GABRR3,0.0,0.0,0.9741,0.0,0.0,0.9741,0.0,0.0,0.0,False
Cc1cc(Nc2ccc(F)c(C[C@@]3(C(=O)O)CCN(Cc4cccc(Cl)c4F)[C@H](C)C3)n2)n[nH]1,LY3295668,1,molformer,1,paeruginosa,20,0.9739,0.9739,0.0,0.9793,0.0056,17,Aurora kinase inhibitor,Phase 1/Phase 2,nan,nan,0.0,0.0,0.9739,0.0,0.0,0.0,0.0,0.9739,0.0,False
O=S1(=O)CCN(CN2CCS(=O)(=O)NC2)CN1,taurolidine,1,chemeleon_frozen,1,saureus,"5, 10, 20",0.9738,0.9735,0.0003,0.9739,0.0004,9,apoptosis stimulant,Launched,infectious disease,nan,0.0,0.9738,0.0,0.0,0.0,0.0,0.9738,0.0,0.0,False
CCC(C)(C)C(=O)C(=O)N1CCC[C@H]1C(=O)OCCCc1cccnc1,GPI-1046,1,molformer,1,saureus,"5, 10, 20",0.9736,0.9692,0.0036,0.9742,0.005,21,FKBP inhibitor,Preclinical,nan,FKBP1A,0.0,0.9736,0.0,0.0,0.0,0.0,0.0,0.9736,0.0,False
CCC(C)(C)C(=O)C(=O)N1CCC[C@H]1C(=O)O,GM-1485,1,molformer,1,saureus,"5, 10, 20",0.9733,0.9687,0.0058,0.9742,0.0057,21,immunophilin ligand,Preclinical,nan,FKBP1A,0.0,0.9733,0.0,0.0,0.0,0.0,0.0,0.9733,0.0,False
COC(=O)OCOc1c2n(ccc1=O)N([C@@H]1c3ccccc3SCc3c1ccc(F)c3F)[C@@H]1COCCN1C2=O,baloxavir-marboxil,1,molformer,1,saureus,20,0.9729,0.9729,0.0,0.998,0.0252,50,endonuclease inhibitor,Launched,infectious disease,nan,0.0,0.9729,0.0,0.0,0.0,0.0,0.0,0.9729,0.0,False
CCCn1cnc2c1c(=O)n(CCCCC(C)=O)c(=O)n2C,propentofylline,1,dmpnn,1,saureus,5,0.9724,0.9724,0.0,0.9754,0.0031,44,adenosine reuptake inhibitor|phosphodiesterase inhibitor,Launched,neurology/psychiatry,PDE1A,0.0,0.9724,0.0,0.0,0.0,0.9724,0.0,0.0,0.0,False
CN1CCCC1=O,N-methylpyrrolidone,1,molformer,1,paeruginosa,"5, 10, 20",0.9723,0.9721,0.0001,0.9723,0.0002,13,nan,Phase 1,nan,nan,0.0,0.0,0.9723,0.0,0.0,0.0,0.0,0.9723,0.0,False
N#C[C@@H]1CCCN1C(=O)CN[C@@]12C[C@@H]3C[C@@H](C[C@@](O)(C3)C1)C2,vildagliptin,1,chemeleon_frozen,2,"ecoli, paeruginosa","5, 10, 20",0.9721,0.8864,0.084,0.888,0.0018,6,dipeptidyl peptidase inhibitor,Launched,endocrinology,DPP4,0.9721,0.0,0.8038,0.0,0.0,0.0,0.9721,0.0,0.0,False
O=C(CNc1cccc(Cl)c1)N[C@@H]1CCCN(c2ncnc3[nH]ccc23)C1,BTK-IN-1,1,dmpnn,1,saureus,5,0.9717,0.9717,0.0,0.984,0.0125,45,Bruton's tyrosine kinase (BTK) inhibitor,Preclinical,nan,nan,0.0,0.9717,0.0,0.0,0.0,0.9717,0.0,0.0,0.0,False
C[C@@]12C(=O)OC(=O)[C@]1(C)[C@H]1CC[C@@H]2O1,cantharidin,1,dmpnn,1,paeruginosa,"5, 10, 20",0.9712,0.9678,0.0047,0.9716,0.0039,20,protein phosphatase inhibitor,Launched,dermatology,nan,0.0,0.0,0.9712,0.0,0.0,0.9712,0.0,0.0,0.0,False
Nc1ccc(/C=C/C(=O)NCc2cc3cc(-c4ccc(C(=O)N5CCC(F)(F)CC5)cc4)cc(-c4ccc(F)cc4)c3o2)cn1,KPT-9274,1,molformer,1,saureus,5,0.971,0.971,0.0,0.9987,0.0277,19,NAMPT inhibitor,Phase 1,nan,nan,0.0,0.971,0.0,0.0,0.0,0.0,0.0,0.971,0.0,False
CC(=O)N[C@@H](CS)C(=O)O,acetylcysteine,1,molformer,1,saureus,"5, 10",0.9708,0.9707,0.0,0.9711,0.0004,20,mucolytic agent,Launched,gastroenterology,ACY1|CHUK|GRIN1|GRIN2A|GRIN2B|GRIN2D|GRIN3A|GSS|IKBKB|RELA|SLC7A11,0.0,0.9708,0.0,0.0,0.0,0.0,0.0,0.9708,0.0,False
C[C@H]1C[C@@H]2[C@H]([C@@H](O)C[C@@]3(C)[C@H]2CC[C@]3(O)C(=O)CO)[C@@]2(C)C=CC(=O)C=C12,methylprednisolone,1,dmpnn,1,saureus,5,0.9707,0.9707,0.0,0.9711,0.0004,46,glucocorticoid receptor agonist,Launched,endocrinology|rheumatology|dermatology|infectious disease|allergy|hematology|neurology/psychiatry|gastroenterology,NR3C1,0.0,0.9707,0.0,0.0,0.0,0.9707,0.0,0.0,0.0,False
CN1C(=O)N(c2cc(Cl)cc(Cl)c2)C(=O)[C@]12CN(c1ccc(C(=O)O)cn1)C[C@H]2c1ccc(C#N)cc1,BMS-688521,1,dmpnn,1,paeruginosa,"5, 10",0.9704,0.9644,0.006,0.9871,0.0231,21,ICAM1 antagonist|leukocyte function-associated antigen receptor antagonist,Preclinical,nan,ICAM1,0.0,0.0,0.9704,0.0,0.0,0.9704,0.0,0.0,0.0,False
N#Cc1cc(NC(=O)C(=O)O)c(Cl)c(NC(=O)C(=O)O)c1,lodoxamide,1,dmpnn,1,paeruginosa,10,0.97,0.97,0.0,0.9826,0.0128,21,histamine receptor antagonist,Launched,ophthalmology,nan,0.0,0.0,0.97,0.0,0.0,0.97,0.0,0.0,0.0,False
O=C(N[C@@H](O)C(Cl)(Cl)Cl)N[C@H](O)C(Cl)(Cl)Cl,dicloralurea,1,chemeleon_frozen,2,"paeruginosa, saureus","10, 20",0.9695,0.9007,0.0621,0.923,0.0242,12,nan,Preclinical,nan,nan,0.0,0.9695,0.845,0.0,0.0,0.0,0.9695,0.0,0.0,False
CCCCOc1c(OCCCC)c(=O)c1=O,squaric-acid-dibutyl-ester,1,molformer,1,paeruginosa,20,0.9694,0.9694,0.0,0.9799,0.0107,21,oxidative stress inducer,Preclinical,nan,nan,0.0,0.0,0.9694,0.0,0.0,0.0,0.0,0.9694,0.0,False
CC(=O)Oc1ccccc1C(=O)Oc1ccccc1C(=O)O,acetylsalicylsalicylic-acid,1,dmpnn,1,paeruginosa,"5, 10, 20",0.969,0.9687,0.0004,0.9754,0.0069,22,cyclooxygenase inhibitor,Preclinical,nan,nan,0.0,0.0,0.969,0.0,0.0,0.969,0.0,0.0,0.0,False
NC(=O)c1ccc(-c2nc(-c3ccccn3)c(-c3ccc4c(c3)OCCO4)[nH]2)cc1,D-4476,1,dmpnn,1,saureus,5,0.968,0.968,0.0,0.9841,0.0164,47,TGF beta receptor inhibitor,Preclinical,nan,CSNK1A1|CSNK1D|TGFB1,0.0,0.968,0.0,0.0,0.0,0.968,0.0,0.0,0.0,False
O=C(O)COC[C@H]1CC[C@H](COC(=O)N(c2ccccc2)c2ccc(Cl)cc2)CC1,ralinepag,1,molformer,1,saureus,"5, 10",0.968,0.9672,0.0009,0.9702,0.0031,23,IP1 prostacyclin receptor agonist,Phase 3,nan,nan,0.0,0.968,0.0,0.0,0.0,0.0,0.0,0.968,0.0,False
N[C@@H](CSCCCO)C(=O)O,fudosteine,1,molformer,1,ecoli,"5, 10, 20",0.9672,0.9668,0.0004,0.9673,0.0005,12,mucolytic agent,Launched,pulmonary,nan,0.9672,0.0,0.0,0.0,0.0,0.0,0.0,0.9672,0.0,False
Nc1nc(=S)c2ncn([C@@H]3O[C@H](CO)[C@@H](O)[C@H]3O)c2[nH]1,tioguanine,1,molformer,1,ecoli,"10, 20",0.9671,0.966,0.0011,0.9673,0.0013,20,purine antagonist,Launched,hematologic malignancy,nan,0.9671,0.0,0.0,0.0,0.0,0.0,0.0,0.9671,0.0,False
C[C@@H]1CN(Cc2ncccn2)C[C@H]1c1nc(=O)c2cnn(C3CCOCC3)c2[nH]1,PF-04447943,1,molformer,1,ecoli,"10, 20",0.966,0.9622,0.0038,0.9668,0.0047,26,phosphodiesterase inhibitor,Phase 2,nan,PDE9A,0.966,0.0,0.0,0.0,0.0,0.0,0.0,0.966,0.0,False
Cc1cc(Nc2ccc(S(F)(F)(F)(F)F)cc2)n2nc(C(C)(F)F)nc2n1,DSM265,1,chemeleon_frozen,2,"ecoli, mtb","5, 10, 20",0.9659,0.9123,0.0485,0.9443,0.0339,7,dihydroorotate dehydrogenase inhibitor,Phase 2,nan,nan,0.9225,0.0,0.0,0.9659,0.0,0.0,0.9659,0.0,0.0,False
O=C(CN1C(=O)C2(CCCC2)NC[C@H]1c1cc(F)cc(F)c1)Nc1ccc2c(c1)C[C@@]1(C2)C(=O)Nc2ncccc21,MK-3207,1,dmpnn,2,"paeruginosa, saureus","5, 20",0.9658,0.9608,0.0039,0.965,0.0043,32,calcitonin antagonist,Phase 2,nan,CALCA,0.0,0.9658,0.9603,0.0,0.0,0.9658,0.0,0.0,0.0,False
COc1ccc2cc([C@@H](C)C(=O)Oc3ccc(C(N)=S)cc3)ccc2c1,ATB-346,1,molformer,1,ecoli,20,0.9654,0.9654,0.0,0.9745,0.0094,33,cyclooxygenase inhibitor,Phase 2,nan,PTGER2,0.9654,0.0,0.0,0.0,0.0,0.0,0.0,0.9654,0.0,False
O=C(O)CC[C@H]1CC[C@@](c2cc(F)ccc2F)(S(=O)(=O)c2ccc(Cl)cc2)CC1,MK-0752,1,dmpnn,1,paeruginosa,"5, 20",0.9653,0.9637,0.0016,0.9669,0.0033,30,gamma secretase inhibitor,Phase 1/Phase 2,nan,nan,0.0,0.0,0.9653,0.0,0.0,0.9653,0.0,0.0,0.0,False
NS(=O)(=O)NCCNc1nonc1C(=Nc1ccc(F)c(Br)c1)NO,epacadostat,1,dmpnn,1,paeruginosa,"5, 10, 20",0.9651,0.9597,0.007,0.9686,0.0092,28,"indoleamine 2,3-dioxygenase inhibitor",Phase 3,nan,IDO1,0.0,0.0,0.9651,0.0,0.0,0.9651,0.0,0.0,0.0,False
O=c1nc[nH]c2c1ncn2[C@@H]1O[C@H](CO)[C@@H](O)[C@H]1O,inosine,1,molformer,1,ecoli,"5, 10, 20",0.965,0.9598,0.0038,0.9652,0.0055,17,neurotrophic agent,Launched,nan,PARP1|PNP,0.965,0.0,0.0,0.0,0.0,0.0,0.0,0.965,0.0,False
CC(C)(F)C[C@H](N[C@@H](c1ccc(-c2ccc(S(C)(=O)=O)cc2)cc1)C(F)(F)F)C(=O)NC1(C#N)CC1,odanacatib,1,molformer,1,ecoli,20,0.9642,0.9642,0.0,0.966,0.0019,36,cathepsin inhibitor,Phase 3,nan,CTSK,0.9642,0.0,0.0,0.0,0.0,0.0,0.0,0.9642,0.0,False
CCC(C)(C)O,amylene-hydrate,1,molformer,1,paeruginosa,"5, 10, 20",0.9641,0.9639,0.0001,0.9642,0.0002,16,local anesthetic,Preclinical,nan,nan,0.0,0.0,0.9641,0.0,0.0,0.0,0.0,0.9641,0.0,False
CC[C@H](Oc1ccc(Cl)cc1)C(=O)O[C@H]1C[C@H]2CC[C@@H](C1)N2C,SM-21,1,molformer,1,ecoli,"5, 10, 20",0.9635,0.9545,0.0077,0.9641,0.0099,28,sigma receptor antagonist,Preclinical,nan,PGRMC1,0.9635,0.0,0.0,0.0,0.0,0.0,0.0,0.9635,0.0,False
O=C(O[C@H]1C[N@]2CC[C@@H]1CC2)N(Cc1cc(F)c(F)c(F)c1)c1cccc(F)c1,tarafenacin,1,molformer,1,ecoli,20,0.9635,0.9635,0.0,0.9668,0.0035,39,acetylcholine receptor antagonist,Phase 2,nan,CHRM3,0.9635,0.0,0.0,0.0,0.0,0.0,0.0,0.9635,0.0,False
CN1CC(=O)N=C1NC(=O)Nc1cccc(Cl)c1,fenobam,1,molformer,1,ecoli,"5, 10, 20",0.9633,0.9631,0.0001,0.9637,0.0006,14,glutamate receptor antagonist,Phase 2,nan,GRM5,0.9633,0.0,0.0,0.0,0.0,0.0,0.0,0.9633,0.0,False
CCCCCCCCCCC[C@@H](N=O)c1cc(C)ccc1O,1E-1-(2-hydroxy-5-methylphenyl)-1-dodecanone-oxime,1,molformer,1,ecoli,20,0.9624,0.9624,0.0,0.9625,0.0001,41,nan,Preclinical,nan,nan,0.9624,0.0,0.0,0.0,0.0,0.0,0.0,0.9624,0.0,False
Cc1cn([C@H]2C=C[C@@H](CO)O2)c(=O)[nH]c1=O,stavudine,1,molformer,1,ecoli,20,0.9611,0.9611,0.0,0.962,0.001,43,DNA directed DNA polymerase inhibitor|nucleoside reverse transcriptase inhibitor,Launched,infectious disease,nan,0.9611,0.0,0.0,0.0,0.0,0.0,0.0,0.9611,0.0,False
CN(C)Cc1cccc(N/C(=C2\C(=O)Nc3cc(C(N)=O)ccc32)c2ccccc2)c1,BIX-02188,1,molformer,1,ecoli,20,0.9609,0.9609,0.0,0.9754,0.0149,44,MEK inhibitor,Preclinical,nan,MAP2K5,0.9609,0.0,0.0,0.0,0.0,0.0,0.0,0.9609,0.0,False
O=C1CCc2c(Oc3ccc4c(c3)[C@@H]3[C@H](O4)[C@H]3c3nc4ccc(C(F)(F)F)cc4[nH]3)ccnc2N1,lifirafenib,1,chemeleon_frozen,1,saureus,20,0.9597,0.9597,0.0,0.9713,0.0119,15,RAF inhibitor,Phase 1/Phase 2,nan,nan,0.0,0.9597,0.0,0.0,0.0,0.0,0.9597,0.0,0.0,False
CC[C@@H](C(=O)O)[C@@H]1O[C@@H]([C@@H](C)[C@H](O)[C@H](C)C(=O)[C@H](CC)[C@H]2O[C@]3(C=C[C@@H](O)[C@]4(CC[C@@](C)([C@H]5CC[C@](O)(CC)[C@H](C)O5)O4)O3)[C@H](C)C[C@@H]2C)[C@@H](C)C[C@H]1C,narasin,1,molformer,1,saureus,5,0.9596,0.9596,0.0,0.9635,0.0041,28,antiprotozoal agent,Launched,infectious disease,nan,0.0,0.9596,0.0,0.0,0.0,0.0,0.0,0.9596,0.0,False
O=C(O)C1CCC(c2cc3cccnc3c(-c3cccc(F)c3)n2)CC1,"trans-4-[8-(3-fluorophenyl)-1,7-naphthyridin-6-yl]cyclohexanecarboxylic-acid",1,dmpnn,1,paeruginosa,"5, 10, 20",0.9588,0.9503,0.0068,0.9601,0.0103,35,nan,Preclinical,nan,nan,0.0,0.0,0.9588,0.0,0.0,0.9588,0.0,0.0,0.0,False
CNc1ncc2cc(-c3cc(NC(=O)NCCC(C)(C)C)c(F)cc3C)c(C)nc2n1,LY3009120,1,molformer,1,saureus,10,0.9588,0.9588,0.0,0.9852,0.0268,35,RAF inhibitor,Phase 1,nan,BRAF|RAF1,0.0,0.9588,0.0,0.0,0.0,0.0,0.0,0.9588,0.0,False
O=C(O)C1=CCCNC1,guvacine,1,dmpnn,1,paeruginosa,"5, 10, 20",0.9587,0.9568,0.0014,0.9597,0.003,31,GABA uptake inhibitor,Preclinical,nan,SLC6A1|SLC6A11|SLC6A12|SLC6A13,0.0,0.0,0.9587,0.0,0.0,0.9587,0.0,0.0,0.0,False
CSCC[C@@H](N)C(=O)O,methionine,1,molformer,1,ecoli,"5, 10, 20",0.9583,0.9582,0.0001,0.9584,0.0002,18,nan,Launched,nan,METAP2,0.9583,0.0,0.0,0.0,0.0,0.0,0.0,0.9583,0.0,False
CCC(C)(C)C(=O)O,HQK-1001,1,molformer,1,paeruginosa,"5, 10, 20",0.9583,0.9579,0.0004,0.9583,0.0004,17,nan,Phase 2,nan,nan,0.0,0.0,0.9583,0.0,0.0,0.0,0.0,0.9583,0.0,False
CC(C)C(N)=O,isobutyramide,1,molformer,1,paeruginosa,"5, 10, 20",0.9582,0.9578,0.0005,0.9583,0.0005,18,gene expression stimulant,Phase 2,nan,HBE1|HBG1,0.0,0.0,0.9582,0.0,0.0,0.0,0.0,0.9582,0.0,False
Cc1cc(O[C@@H](CCC(F)(F)F)c2ccc(C(=O)NCCC(=O)O)cc2)cc(C)c1-c1ccc(C(C)(C)C)cc1,adomeglivant,1,chemeleon_frozen,1,saureus,"5, 10, 20",0.958,0.907,0.0661,0.9624,0.0576,16,glucagon receptor antagonist,Preclinical,nan,nan,0.0,0.958,0.0,0.0,0.0,0.0,0.958,0.0,0.0,False
NS(=O)(=O)OC[C@H]1C[C@@H](Nc2ccnc3cc(-c4cccc(SC(F)(F)F)c4)nn23)[C@H](O)[C@@H]1O,TAK-243,1,molformer,1,ecoli,"10, 20",0.9574,0.9553,0.0021,0.959,0.0039,34,ubiquitin activating enzyme inhibitor,Phase 1,nan,nan,0.9574,0.0,0.0,0.0,0.0,0.0,0.0,0.9574,0.0,False
CC(=O)N(O)[C@@H]1c2cc(C#N)ccc2OC(C)(C)[C@H]1O,Y-26763,1,dmpnn,1,paeruginosa,"5, 10",0.9573,0.9529,0.0044,0.9614,0.0089,31,potassium channel activator,Phase 1,nan,KCNJ8,0.0,0.0,0.9573,0.0,0.0,0.9573,0.0,0.0,0.0,False
CO[C@H]1C[C@@H]2CC[C@@H](C)[C@@](O)(O2)C(=O)C(=O)N2CCCC[C@H]2C(=O)O[C@H]([C@H](C)C[C@@H]2CC[C@@H](O)[C@H](OC)C2)CC(=O)[C@H](C)/C=C(\C)[C@@H](O)[C@@H](OC)C(=O)[C@H](C)C[C@H](C)/C=C/C=C/C=C/1C,sirolimus,1,molformer,1,saureus,5,0.9568,0.9568,0.0,0.9659,0.0094,32,mTOR inhibitor,Launched,transplant|pulmonary,FKBP1A|MTOR,0.0,0.9568,0.0,0.0,0.0,0.0,0.0,0.9568,0.0,False
CN(C)C(=S)SC(=S)N(C)C,tetramethylthiuram-monosulfide,1,chemeleon_frozen,2,"ecoli, saureus","5, 10, 20",0.9565,0.9171,0.0379,0.9187,0.0017,13,nan,Preclinical,nan,nan,0.8807,0.9565,0.0,0.0,0.0,0.0,0.9565,0.0,0.0,False
C[C@H](Oc1ccc(S(C)(=O)=O)cc1C(=O)N1CCN(c2ncc(C(F)(F)F)cc2F)CC1)C(F)(F)F,bitopertin,1,chemeleon_frozen,1,mtb,20,0.9564,0.9564,0.0,0.9607,0.0045,12,glycine transporter inhibitor,Phase 3,nan,SLC6A5|SLC6A9,0.0,0.0,0.0,0.9564,0.0,0.0,0.9564,0.0,0.0,False
C[C@@H](O)COC[C@H]1O[C@@H]2O[C@H]3[C@H](O)[C@@H](O)[C@@H](O[C@H]4[C@H](O)[C@@H](O)[C@@H](O[C@H]5[C@H](O)[C@@H](O)[C@@H](O[C@H]6[C@H](O)[C@@H](O)[C@@H](O[C@H]7[C@H](O)[C@@H](O)[C@@H](O[C@H]8[C@H](O)[C@@H](O)[C@@H](O[C@H]1[C@H](O)[C@H]2O)O[C@@H]8COC[C@@H](C)O)O[C@@H]7COC[C@@H](C)O)O[C@@H]6COC[C@@H](C)O)O[C@@H]5COC[C@@H](C)O)O[C@@H]4COC[C@@H](C)O)O[C@@H]3COC[C@@H](C)O,hydroxypropyl-beta-cyclodextrin,1,molformer,1,ecoli,"5, 10",0.9543,0.9524,0.002,0.9572,0.0051,22,nan,Phase 2/Phase 3,nan,nan,0.9543,0.0,0.0,0.0,0.0,0.0,0.0,0.9543,0.0,False
c1cc[n+]2c(c1)[S][Zn]1([O]2)[O][n+]2ccccc2[S]1,pyrithione-zinc,1,chemeleon_frozen,1,mtb,20,0.953,0.953,0.0,0.9566,0.0038,14,ATP synthase inhibitor,Launched,dermatology,KCNQ1|KCNQ2|KCNQ4|KCNQ5,0.0,0.0,0.0,0.953,0.0,0.0,0.953,0.0,0.0,False
CC(C)(C)NCc1cc(Nc2ccnc3cc(Cl)ccc23)c2c(c1O)CCCC2,naphthoquine-phosphate,1,molformer,1,saureus,10,0.9527,0.9527,0.0,0.9629,0.0106,41,antimalarial agent,Launched,infectious disease,nan,0.0,0.9527,0.0,0.0,0.0,0.0,0.0,0.9527,0.0,False
CC(=O)OCC(=O)[C@@]12OC(C)(C)O[C@@H]1C[C@H]1[C@@H]3C[C@H](F)C4=CC(=O)C=C[C@]4(C)[C@@]3(F)[C@@H](O)C[C@@]12C,fluocinonide,1,molformer,1,saureus,"5, 10",0.9525,0.9518,0.0007,0.9528,0.001,34,glucocorticoid receptor agonist,Launched,dermatology,NR3C1|SERPINA6|SMO,0.0,0.9525,0.0,0.0,0.0,0.0,0.0,0.9525,0.0,False
C[C@@H]1O[C@H](O)[C@@H](F)[C@H](O)[C@@H]1O,2-fluorofucose,1,chemeleon_frozen,1,mtb,"5, 10",0.9523,0.9234,0.0288,0.9536,0.0317,8,nan,Phase 1,nan,nan,0.0,0.0,0.0,0.9523,0.0,0.0,0.9523,0.0,0.0,False
Cc1nc(C)c(C)nc1C,chuanxiongzine,1,chemeleon_frozen,1,mtb,"5, 10, 20",0.952,0.9515,0.0007,0.9525,0.0011,8,nan,Phase 2,nan,nan,0.0,0.0,0.0,0.952,0.0,0.0,0.952,0.0,0.0,False
CCNC(=O)C#Cc1ccc2c(c1)NC(=O)/C2=C(/Nc1ccc(CN(C)C)cc1)c1ccccc1,BI-847325,1,molformer,1,saureus,10,0.9511,0.9511,0.0,0.9946,0.0437,43,Aurora kinase inhibitor|MEK inhibitor,Phase 1,nan,AURKA|AURKB|AURKC|MAP2K1|MAP2K2,0.0,0.9511,0.0,0.0,0.0,0.0,0.0,0.9511,0.0,False
O=[N+]([O-])C(Br)(CO)CO,bronopol,1,molformer,2,"ecoli, paeruginosa","5, 10",0.9509,0.9138,0.0523,0.9149,0.0013,23,nan,Launched,obstetrics/gynecology,nan,0.9509,0.0,0.8398,0.0,0.0,0.0,0.0,0.9509,0.0,False
CN1[C@@H]2CC[C@H]1C[C@@H](OC(=O)c1c[nH]c3ccccc13)C2,tropisetron,1,dmpnn,1,paeruginosa,"5, 10",0.9504,0.9496,0.0008,0.956,0.0066,32,serotonin receptor antagonist,Launched,gastroenterology,GLRA1|GLRA2|GLRB|HTR3A|HTR4,0.0,0.0,0.9504,0.0,0.0,0.9504,0.0,0.0,0.0,False
C[C@@]12N[C@@H](Cc3ccccc31)c1ccccc12,dizocilpine-(-),1,molformer,1,paeruginosa,"5, 10, 20",0.9501,0.9473,0.003,0.9501,0.0029,19,glutamate receptor antagonist,Phase 1,nan,nan,0.0,0.0,0.9501,0.0,0.0,0.0,0.0,0.9501,0.0,False
FC(F)(F)[C@@H](Cl)Br,halothane,1,molformer,1,paeruginosa,"5, 10, 20",0.9485,0.9482,0.0002,0.9485,0.0003,20,glutamate receptor antagonist,Launched,neurology/psychiatry,GABRA1|GABRA2|GABRA3|GABRA4|GABRA5|GABRA6|GABRB1|GABRB2|GABRB3|GABRD|GABRE|GABRG1|GABRG2|GABRG3|GABRP|GABRQ|GLRA1|GLRB|KCNK10|KCNK12|KCNK13|KCNK15|KCNK18|KCNK2|KCNK3|KCNK9,0.0,0.0,0.9485,0.0,0.0,0.0,0.0,0.9485,0.0,False
Cn1c(C#N)ccc1-c1ccc2c(c1)C(C)(C)OC(=S)N2,tanaproget,1,molformer,1,saureus,5,0.9485,0.9485,0.0,0.9967,0.0483,38,progesterone receptor agonist,Phase 2,nan,PGR,0.0,0.9485,0.0,0.0,0.0,0.0,0.0,0.9485,0.0,False
CN1C(N)=N[C@](C)(c2cc(NC(=O)c3ccc(F)cn3)ccc2F)CS1(=O)=O,verubecestat,1,dmpnn,1,paeruginosa,5,0.9484,0.9484,0.0,0.9559,0.0079,38,beta secretase inhibitor,Phase 3,nan,nan,0.0,0.0,0.9484,0.0,0.0,0.9484,0.0,0.0,0.0,False
CS(=O)(=O)Nc1ccc([N+](=O)[O-])cc1Oc1ccccc1,nimesulide,1,molformer,1,ecoli,10,0.9481,0.9481,0.0,0.9777,0.0302,38,cyclooxygenase inhibitor,Launched,rheumatology|obstetrics/gynecology,LTF|PLA2G2E|PTGS1|PTGS2,0.9481,0.0,0.0,0.0,0.0,0.0,0.0,0.9481,0.0,False
Cc1ccc(-c2nc(N)nc3c2nnn3Cc2cccc(CO[C@H]3CCOC3)n2)o1,CPI-444,1,molformer,1,saureus,10,0.9476,0.9476,0.0,0.9563,0.0091,47,adenosine receptor antagonist,Phase 1/Phase 2,nan,nan,0.0,0.9476,0.0,0.0,0.0,0.0,0.0,0.9476,0.0,False
CC(C)[O][In]([O]C(C)C)[O]C(C)C,indium-tri(2-propanolate),1,chemeleon_frozen,1,mtb,"5, 10, 20",0.9467,0.9459,0.0006,0.9484,0.0027,9,nan,Preclinical,nan,nan,0.0,0.0,0.0,0.9467,0.0,0.0,0.9467,0.0,0.0,False
N[C@H]1CCN(O)C1=O,HA-966-(S)-(-),1,dmpnn,1,paeruginosa,"5, 10",0.9465,0.9462,0.0003,0.9499,0.0039,36,glutamate receptor antagonist,Preclinical,nan,GRIA1,0.0,0.0,0.9465,0.0,0.0,0.9465,0.0,0.0,0.0,False
CCCCC[C@@H](C)N,tuaminoheptane,1,molformer,1,ecoli,"5, 10",0.9465,0.9464,0.0001,0.9467,0.0003,26,nan,Launched,otolaryngology,nan,0.9465,0.0,0.0,0.0,0.0,0.0,0.0,0.9465,0.0,False
Cc1cc2nc3c(=O)[nH]c(=O)nc-3n(C[C@H](O)[C@H](O)[C@H](O)COP(=O)(O)O)c2cc1C,riboflavin-5-phosphate-sodium,1,dmpnn_rdkit,1,mtb,"5, 10, 20",0.9453,0.9359,0.0066,0.9511,0.016,1,nan,Launched,nan,BLVRB|DHODH|DPYD|HAO1|HAO2|MT-ND1|NOS1|PNPO|POR|PPCDC|RFK|RPS6KA4|SGK1,0.0,0.0,0.0,0.9453,0.0,0.0,0.0,0.0,0.9453,False
COc1ccccc1[C@H](Cn1c(=O)n(C(C)(C)C(=O)O)c(=O)c2c(C)c(-c3ncco3)sc21)OC1CCOCC1,firsocostat,1,dmpnn,1,paeruginosa,10,0.9447,0.9447,0.0,0.9589,0.0148,37,acetyl-CoA carboxylase inhibitor,Phase 2,nan,nan,0.0,0.0,0.9447,0.0,0.0,0.9447,0.0,0.0,0.0,False
CN1N=C(N)c2cn([C@@H]3O[C@H](CO)[C@@H](O)[C@H]3O)c3ncnc1c23,triciribine,1,molformer,1,ecoli,10,0.9439,0.9439,0.0,0.95,0.0064,43,AKT inhibitor,Phase 1/Phase 2,nan,AKT1|AKT2|AKT3,0.9439,0.0,0.0,0.0,0.0,0.0,0.0,0.9439,0.0,False
C[C@]12C=CC(=O)C=C1CC[C@H]1[C@@H]3C[C@@H](O)[C@](O)(C(=O)CO)[C@@]3(C)C[C@H](O)[C@@]12F,triamcinolone,1,molformer,1,saureus,5,0.9433,0.9433,0.0,0.9434,0.0001,39,glucocorticoid receptor agonist,Launched,dermatology,NR3C1,0.0,0.9433,0.0,0.0,0.0,0.0,0.0,0.9433,0.0,False
O=C(c1ccc(Cl)o1)N1C[C@H]2CNC[C@@H]2C1,AZD1446,1,chemeleon_frozen,1,paeruginosa,"5, 10, 20",0.9431,0.9184,0.0253,0.9748,0.0579,7,acetylcholine receptor agonist,Phase 2,nan,CHRNA4|CHRNB2,0.0,0.0,0.9431,0.0,0.0,0.0,0.9431,0.0,0.0,False
BrC1C(Br)C(Br)C(Br)C(Br)C1Br,"1,2,3,4,5,6-hexabromocyclohexane",1,molformer,1,paeruginosa,"10, 20",0.9427,0.9422,0.0005,0.9427,0.0006,23,JAK inhibitor,Preclinical,nan,JAK2,0.0,0.0,0.9427,0.0,0.0,0.0,0.0,0.9427,0.0,False
O=C(O)C(F)(F)C(F)(F)C(F)(F)C(F)(F)C(F)(F)C(F)(F)C(F)(F)F,ammonium-perfluorocaprylate,1,chemeleon_frozen,1,mtb,"5, 20",0.9426,0.9373,0.0052,0.9428,0.0058,11,Pim kinase inhibitor,Phase 1,nan,PIM1,0.0,0.0,0.0,0.9426,0.0,0.0,0.9426,0.0,0.0,False
CN(C)c1cccc2c(S(=O)(=O)Nc3ccc(NC(=O)C(C)(C)CO)cc3)cccc12,tomeglovir,1,molformer,1,ecoli,"5, 10",0.9426,0.9384,0.0043,0.9449,0.0069,35,antiviral,Preclinical,nan,nan,0.9426,0.0,0.0,0.0,0.0,0.0,0.0,0.9426,0.0,False
CC(C)C[C@H](NC(=O)CNC(=O)c1cc(Cl)ccc1Cl)B(O)O,ixazomib,1,dmpnn,1,paeruginosa,5,0.9423,0.9423,0.0,0.9844,0.0428,44,proteasome inhibitor,Launched,hematologic malignancy,nan,0.0,0.0,0.9423,0.0,0.0,0.9423,0.0,0.0,0.0,False
CN1C(=O)N(c2cc(Cl)cc(Cl)c2)C(=O)[C@]12CN(Cc1cc(C(=O)O)cs1)C[C@H]2c1ccc(C#N)cc1,BMS-587101,1,dmpnn,1,paeruginosa,10,0.9419,0.9419,0.0,0.994,0.0524,42,integrin antagonist,Phase 2,nan,ITGAL|ITGB2,0.0,0.0,0.9419,0.0,0.0,0.9419,0.0,0.0,0.0,False
O=C(/C=C\n1cnc(-c2cc(C(F)(F)F)cc(C(F)(F)F)c2)n1)N1CC(F)(F)C1,KPT-276,1,chemeleon_frozen,1,mtb,20,0.9416,0.9416,0.0,0.9497,0.0086,23,exportin antagonist,Preclinical,nan,XPO1,0.0,0.0,0.0,0.9416,0.0,0.0,0.9416,0.0,0.0,False
COc1cc(Nc2ncc(F)c(Nc3ccc4c(n3)N(COP(=O)(O)O)C(=O)C(C)(C)O4)n2)cc(OC)c1OC,fostamatinib,1,dmpnn_rdkit,1,mtb,"5, 10, 20",0.9415,0.927,0.0158,0.9687,0.043,3,SYK inhibitor,Launched,hematology,SYK,0.0,0.0,0.0,0.9415,0.0,0.0,0.0,0.0,0.9415,False
CN[C@@H](C)C(=O)N[C@H](C(=O)N1CCC[C@H]1C(=O)N[C@H]1c2ccccc2C[C@H]1OCC#CC#CCO[C@@H]1Cc2ccccc2[C@@H]1NC(=O)[C@@H]1CCCN1C(=O)[C@@H](NC(=O)[C@H](C)NC)C1CCCCC1)C1CCCCC1,AZD5582,1,molformer,1,ecoli,"5, 10",0.9415,0.9301,0.0115,0.9564,0.0275,46,XIAP inhibitor,Preclinical,nan,BIRC2|BIRC3|XIAP,0.9415,0.0,0.0,0.0,0.0,0.0,0.0,0.9415,0.0,False
CN[C@H]1CCc2ncsc2C1,etrabamine,1,molformer,1,paeruginosa,"5, 10, 20",0.9415,0.9413,0.0002,0.9415,0.0002,22,dopamine receptor agonist,Phase 2,nan,nan,0.0,0.0,0.9415,0.0,0.0,0.0,0.0,0.9415,0.0,False
CO[C@H]1/C=C/O[C@@]2(C)Oc3c(C)c(O)c4c(O)c(c(/C=N/N5CCN(C6CCCC6)CC5)c(O)c4c3C2=O)NC(=O)/C(C)=C\C=C\[C@H](C)[C@H](O)[C@@H](C)[C@@H](O)[C@@H](C)[C@H](OC(C)=O)[C@@H]1C,rifapentine,1,molformer,3,"ecoli, paeruginosa, saureus",5,0.9406,0.9302,0.0111,0.9889,0.0593,30,RNA polymerase inhibitor,Launched,infectious disease,CYP2C8|CYP2C9|CYP3A4,0.9352,0.9406,0.9148,0.0,0.0,0.0,0.0,0.9406,0.0,False
C[C@]12N[C@H](Cc3ccccc31)c1ccccc12,dizocilpine-(+),1,molformer,1,paeruginosa,"5, 10, 20",0.9401,0.9364,0.0043,0.9401,0.0039,23,glutamate receptor antagonist,Preclinical,nan,GRIN1|GRIN2A|GRIN2B|GRIN2C|GRIN2D,0.0,0.0,0.9401,0.0,0.0,0.0,0.0,0.9401,0.0,False
Nc1nc(=O)c2ncn([C@@H]3O[C@H](CO)[C@@H](O)[C@H]3O)c2[nH]1,guanosine,1,molformer,1,ecoli,"5, 10",0.9399,0.9263,0.0136,0.9415,0.0162,48,nan,Preclinical,nan,PNP,0.9399,0.0,0.0,0.0,0.0,0.0,0.0,0.9399,0.0,False
N[C@@H](C[S@](=O)O)C(=O)O,L-cysteinesulfinic-acid,1,molformer,1,ecoli,"5, 10",0.9396,0.9353,0.0043,0.9399,0.0049,40,glutamate receptor agonist,Preclinical,nan,GRM1|GRM5|GSR|HMGCS2|PAPOLA|PRDX2,0.9396,0.0,0.0,0.0,0.0,0.0,0.0,0.9396,0.0,False
C[C@@H](Nc1nc(N[C@H](C)C(F)(F)F)nc(-c2cccc(Cl)n2)n1)C(F)(F)F,vorasidenib,1,chemeleon_frozen,1,mtb,"5, 10, 20",0.9395,0.9146,0.0286,0.9559,0.0431,11,isocitrate dehydrogenase inhibitor,Preclinical,nan,nan,0.0,0.0,0.0,0.9395,0.0,0.0,0.9395,0.0,0.0,False
CC(=O)Oc1ccccc1C(=O)O,aspirin,1,dmpnn,1,paeruginosa,"5, 10",0.9388,0.9375,0.0013,0.9435,0.0064,46,cyclooxygenase inhibitor,Launched,neurology/psychiatry|endocrinology|dental,AKR1C1|ASIC3|EDNRA|HSPA5|IKBKB|NFKB1|NFKB2|NFKBIA|PRKAA1|PRKAA2|PRKAB1|PRKAB2|PRKAG1|PRKAG2|PRKAG3|PTGS1|PTGS2|RPS6KA3|TP53,0.0,0.0,0.9388,0.0,0.0,0.9388,0.0,0.0,0.0,False
Cc1c(C(=O)N2CCOc3ccc(-c4ccc(N)nc4)cc3C2)ccc(S(C)(=O)=O)c1F,XL388,1,molformer,1,saureus,5,0.9381,0.9381,0.0,0.9683,0.0311,43,mTOR inhibitor,Preclinical,nan,MTOR,0.0,0.9381,0.0,0.0,0.0,0.0,0.0,0.9381,0.0,False
C[C@@H](C(=O)OCCCCO[N+](=O)[O-])c1ccc(-c2ccccc2)c(F)c1,nitroflurbiprofen,1,molformer,1,paeruginosa,"5, 10, 20",0.938,0.934,0.0028,0.9399,0.0062,24,cyclooxygenase inhibitor,Preclinical,nan,nan,0.0,0.0,0.938,0.0,0.0,0.0,0.0,0.938,0.0,False
CSC[C@H](N)C(=O)O,S-methylcysteine,1,molformer,1,ecoli,5,0.9378,0.9378,0.0,0.938,0.0003,30,nan,Phase 1,nan,CTSD|MGMT,0.9378,0.0,0.0,0.0,0.0,0.0,0.0,0.9378,0.0,False
CCCN(CCC)C(=O)[C@@H](CCC(=O)O)NC(=O)c1ccccc1,proglumide,1,dmpnn,1,paeruginosa,"5, 10",0.9374,0.9366,0.0008,0.9397,0.0033,47,CCK receptor antagonist,Withdrawn,nan,CCKAR|CCKBR,0.0,0.0,0.9374,0.0,0.0,0.9374,0.0,0.0,0.0,False
Cc1nc(C(=O)N2CCCC[C@H]2CNC(=O)c2cccc3occc23)c(-c2ccc(F)cc2)s1,SB-649868,1,molformer,1,saureus,5,0.9368,0.9368,0.0,0.9728,0.037,44,orexin receptor antagonist,Phase 2,nan,nan,0.0,0.9368,0.0,0.0,0.0,0.0,0.0,0.9368,0.0,False
O=C(O)Cn1nnnc1-c1ccsc1,WP921,1,molformer,1,ecoli,5,0.9361,0.9361,0.0,0.9403,0.0045,31,nan,Preclinical,nan,nan,0.9361,0.0,0.0,0.0,0.0,0.0,0.0,0.9361,0.0,False
Clc1ccc(C(c2ccc(Cl)cc2)C(Cl)(Cl)Cl)cc1,"4,4'-DDT",1,molformer,1,paeruginosa,"10, 20",0.9361,0.9082,0.0278,0.9361,0.0298,38,nan,Preclinical,nan,nan,0.0,0.0,0.9361,0.0,0.0,0.0,0.0,0.9361,0.0,False
C[C@]12CC[C@@H]3c4ccc(OC(=O)N(CCCl)CCCl)cc4CC[C@H]3[C@@H]1CC[C@@H]2OP(=O)(O)O,estramustine-phosphate,1,dmpnn_rdkit,1,mtb,"5, 10, 20",0.9359,0.9269,0.0066,0.9412,0.0152,4,DNA synthesis inhibitor|microtubule inhibitor,Launched,oncology,ESR1|ESR2|MAP1A|MAP2,0.0,0.0,0.0,0.9359,0.0,0.0,0.0,0.0,0.9359,False
[NH2][Pt]1([NH2])[O]C=C(O)[O]1,nedaplatin,1,chemeleon_frozen,2,"ecoli, paeruginosa","5, 10, 20",0.9353,0.8686,0.0666,0.8687,0.0002,6,DNA inhibitor,Launched,oncology,nan,0.8021,0.0,0.9353,0.0,0.0,0.0,0.9353,0.0,0.0,False
CCCCCCCCCCC[C@@H](C[C@@H]1OC(=O)[C@H]1CCCCCC)OC(=O)[C@H](CC(C)C)NC=O,orlistat,1,molformer,1,ecoli,5,0.935,0.935,0.0,0.9378,0.003,33,lipase inhibitor,Launched,endocrinology,CNR1|DAGLA|DAGLB|FASN|LIPF|PNLIP,0.935,0.0,0.0,0.0,0.0,0.0,0.0,0.935,0.0,False
NCC(=O)CCC(=O)O,5-aminolevulinic-acid,1,molformer,1,saureus,5,0.935,0.935,0.0,0.9352,0.0003,47,oxidizing agent,Launched,oncology|dermatology,ALAD,0.0,0.935,0.0,0.0,0.0,0.0,0.0,0.935,0.0,False
CC(=O)O[C@@H](C)OC(=O)[C@H](C)c1ccc(-c2ccccc2)c(F)c1,flurbiprofen-axetil,1,molformer,1,paeruginosa,"5, 10, 20",0.9347,0.9334,0.001,0.9353,0.0021,25,analgesic agent,Launched,nan,nan,0.0,0.0,0.9347,0.0,0.0,0.0,0.0,0.9347,0.0,False
Nc1ncnc2c1ncn2[C@@H]1O[C@H](CO)C[C@@H]1F,lodenosine,1,chemeleon_frozen,1,ecoli,"5, 10, 20",0.9335,0.9293,0.003,0.9354,0.0065,9,antiretroviral,Phase 2,nan,nan,0.9335,0.0,0.0,0.0,0.0,0.0,0.9335,0.0,0.0,False
Cc1cc(C)cc(C(=O)O[C@H]2C[C@H]3CC[C@@H](C2)N3C)c1,"tropanyl-3,5-dimethylbenzoate",1,molformer,1,ecoli,5,0.9334,0.9334,0.0,0.9354,0.0021,36,serotonin receptor antagonist,Preclinical,nan,HTR3A|HTR3B,0.9334,0.0,0.0,0.0,0.0,0.0,0.0,0.9334,0.0,False
CO[C@H]1C[C@@H]2CC[C@@H](C)[C@@](O)(O2)C(=O)C(=O)N2CCCC[C@H]2C(=O)O[C@H]([C@H](C)C[C@@H]2CC[C@@H](OCCO)[C@H](OC)C2)CC(=O)[C@H](C)/C=C(\C)[C@@H](O)[C@@H](OC)C(=O)[C@H](C)C[C@H](C)/C=C/C=C/C=C/1C,everolimus,1,molformer,1,saureus,5,0.9332,0.9332,0.0,0.9432,0.0106,50,mTOR inhibitor,Launched,oncology|neurology/psychiatry|genetics|urology,MTOR,0.0,0.9332,0.0,0.0,0.0,0.0,0.0,0.9332,0.0,False
Cc1ccc([C@@]23CNC[C@@H]2C3)cc1,bicifadine,1,chemeleon_frozen,1,paeruginosa,"5, 10, 20",0.9327,0.9312,0.0012,0.9327,0.0016,8,dopamine reuptake inhibitor|serotonin receptor antagonist,Phase 3,nan,nan,0.0,0.0,0.9327,0.0,0.0,0.0,0.9327,0.0,0.0,False
Cc1cnc(NC(=O)c2cc(Oc3cnc(C(=O)N(C)C)nc3)c3cc(C)oc3c2)cn1,PF-04937319,1,chemeleon_frozen,1,saureus,"5, 10, 20",0.9315,0.886,0.0331,0.9527,0.0701,21,glucokinase activator,Phase 2,nan,GCK,0.0,0.9315,0.0,0.0,0.0,0.0,0.9315,0.0,0.0,False
CC(=O)Oc1c(C)cccc1C(=O)O,cresopirine,1,dmpnn,1,paeruginosa,10,0.9308,0.9308,0.0,0.9386,0.0084,50,nan,Preclinical,nan,nan,0.0,0.0,0.9308,0.0,0.0,0.9308,0.0,0.0,0.0,False
CCCc1ncc(C[n+]2ccccc2C)c(N)n1,amprolium,1,chemeleon_frozen,1,mtb,20,0.9297,0.9297,0.0,0.9499,0.0212,29,thiamine uptake blocker,Launched,infectious disease,nan,0.0,0.0,0.0,0.9297,0.0,0.0,0.9297,0.0,0.0,False
CCCC(=O)Nc1ncnc2c1ncn2[C@@H]1O[C@@H]2CO[P@@](=O)(O)O[C@H]2[C@H]1OC(=O)CCC,bucladesine,1,dmpnn_rdkit,1,mtb,"5, 10, 20",0.929,0.9172,0.0118,0.9365,0.0206,5,adenosine receptor agonist|cAMP stimulant,Launched,dermatology,PRKACA,0.0,0.0,0.0,0.929,0.0,0.0,0.0,0.0,0.929,False
NC12CC3CC(CC(C3)C1)C2,amantadine,1,chemeleon_frozen,1,paeruginosa,"5, 10, 20",0.9288,0.9283,0.0004,0.9288,0.0006,9,glutamate receptor antagonist,Launched,infectious disease|neurology/psychiatry,DRD2|GRIN2A|GRIN2B|GRIN2C|GRIN2D|GRIN3A,0.0,0.0,0.9288,0.0,0.0,0.0,0.9288,0.0,0.0,False
CSCCNc1nc(SCCC(F)(F)F)nc2c1ncn2[C@@H]1O[C@H](COP(=O)(O)OP(=O)(O)C(Cl)(Cl)P(=O)(O)O)[C@@H](O)[C@H]1O,cangrelor,1,dmpnn_rdkit,1,mtb,"5, 10, 20",0.9281,0.8857,0.034,0.9441,0.0619,11,purinergic receptor antagonist,Launched,cardiology,nan,0.0,0.0,0.0,0.9281,0.0,0.0,0.0,0.0,0.9281,False
CC(C)(C)CC(=O)Nc1c(F)cc(C(=O)/N=c2\sccn2COP(=O)(O)O)cc1F,Lu-AA-47070,1,dmpnn_rdkit,1,mtb,"5, 10, 20",0.9276,0.9184,0.008,0.936,0.0188,6,adenosine receptor antagonist,Phase 2,nan,ADORA2A,0.0,0.0,0.0,0.9276,0.0,0.0,0.0,0.0,0.9276,False
CNCCCOc1cc(F)c(-c2c(Cl)nc3ncnn3c2N[C@@H](C)C(F)(F)F)c(F)c1,cevipabulin,1,chemeleon_frozen,1,mtb,"10, 20",0.9261,0.9164,0.0097,0.9483,0.0336,20,microtubule stimulant|tubulin polymerization inhibitor,Phase 1,nan,TUBB,0.0,0.0,0.0,0.9261,0.0,0.0,0.9261,0.0,0.0,False
C[C@@H](C(=O)O[C@H]1C[C@H]2CC[C@@H](C1)N2C)c1ccc(Br)cc1,PG-9,1,molformer,1,ecoli,5,0.9241,0.9241,0.0,0.9292,0.0055,43,acetylcholine receptor agonist,Preclinical,nan,nan,0.9241,0.0,0.0,0.0,0.0,0.0,0.0,0.9241,0.0,False
CCN(CCCOc1ccc2c(Nc3cc(CC(=O)Nc4cccc(F)c4)n[nH]3)ncnc2c1)CCOP(=O)(O)O,barasertib,1,dmpnn_rdkit,1,mtb,"5, 10, 20",0.9222,0.9096,0.0131,0.9337,0.0258,12,Aurora kinase inhibitor,Phase 2/Phase 3,nan,AURKA|AURKB,0.0,0.0,0.0,0.9222,0.0,0.0,0.0,0.0,0.9222,False
O=C(O)C1(c2ccc3c(c2)OC[C@H](Cc2ccc(-c4ccccc4)cc2)[C@H]3O)CCCC1,"CP-105,696",1,chemeleon_frozen,1,saureus,"5, 10, 20",0.9216,0.8976,0.0188,0.9228,0.0272,19,leukotriene receptor antagonist,Preclinical,nan,nan,0.0,0.9216,0.0,0.0,0.0,0.0,0.9216,0.0,0.0,False
CC(C)C[C@H](NC(=O)[C@@H](NC(=O)c1cccc(-c2ccccc2)n1)[C@@H](C)O)B(O)O,delanzomib,1,molformer,1,ecoli,5,0.9203,0.9203,0.0,0.9208,0.0006,45,proteasome inhibitor,Phase 1/Phase 2,nan,CMA1|CTSG|CYP3A4|ELANE,0.9203,0.0,0.0,0.0,0.0,0.0,0.0,0.9203,0.0,False
COc1cc(OC)c(/C=C/S(=O)(=O)Cc2ccc(OC)c(OP(=O)(O)O)c2)c(OC)c1,briciclib,1,dmpnn_rdkit,1,mtb,"5, 10, 20",0.9194,0.9093,0.0072,0.9272,0.0194,12,cyclin D inhibitor,Phase 1,nan,CCND1,0.0,0.0,0.0,0.9194,0.0,0.0,0.0,0.0,0.9194,False
Cc1cc([C@H](C)Nc2nccc(N3C(=O)OC[C@@H]3[C@H](C)F)n2)ncc1-c1ccnc(C(F)(F)F)c1,IDH-305,1,chemeleon_frozen,1,saureus,"5, 10, 20",0.9187,0.8715,0.0385,0.9272,0.06,25,isocitrate dehydrogenase inhibitor,Phase 2,nan,nan,0.0,0.9187,0.0,0.0,0.0,0.0,0.9187,0.0,0.0,False
C[C@H]1C[C@H]2[C@@H]3CCC4=CC(=O)C=C[C@]4(C)[C@@]3(F)[C@@H](O)C[C@]2(C)[C@@]1(O)C(=O)COP(=O)(O)O,betamethasone-phosphate,1,dmpnn_rdkit,1,mtb,"5, 10, 20",0.9182,0.914,0.0044,0.9219,0.0086,8,nan,Launched,rheumatology,nan,0.0,0.0,0.0,0.9182,0.0,0.0,0.0,0.0,0.9182,False
COc1ccc2c3c1O[C@H]1C[C@@H](OC(=O)c4ccccc4)C=C[C@@]31CCN(C)C2,Gln-1062,1,molformer,1,ecoli,5,0.9174,0.9174,0.0,0.925,0.0082,48,cholinesterase inhibitor,Preclinical,nan,nan,0.9174,0.0,0.0,0.0,0.0,0.0,0.0,0.9174,0.0,False
CC(C)(O)CC(=O)O,beta-hydroxy-beta-methylbutyrate,1,molformer,1,paeruginosa,"5, 10, 20",0.9168,0.9164,0.0004,0.9168,0.0005,29,protein synthesis stimulant,Launched,nan,MTOR,0.0,0.0,0.9168,0.0,0.0,0.0,0.0,0.9168,0.0,False
CCCCCCNC(=O)n1cc(F)c(=O)[nH]c1=O,carmofur,1,chemeleon_frozen,1,mtb,20,0.9156,0.9156,0.0,0.9445,0.0305,34,thymidylate synthase inhibitor,Launched,oncology,TYMS,0.0,0.0,0.0,0.9156,0.0,0.0,0.9156,0.0,0.0,False
O[C@H]1[C@H](O)[C@@H](O)CN2CC[C@H](O)[C@H]12,castanospermine,1,chemeleon_frozen,1,mtb,"5, 10, 20",0.9153,0.8925,0.0316,0.9157,0.0254,14,glucosidase inhibitor,Phase 2,nan,GAA|GBA,0.0,0.0,0.0,0.9153,0.0,0.0,0.9153,0.0,0.0,False
N=C(N)Nc1ccc2[nH]c3c(c2c1)C[C@@]1(O)[C@H]2Cc4ccc(O)c5c4[C@@]1(CCN2CC1CC1)[C@H]3O5,GNTI,1,chemeleon_frozen,1,saureus,"5, 20",0.9151,0.8945,0.0205,0.9219,0.0297,20,opioid receptor antagonist,Preclinical,nan,OPRK1|OPRM1,0.0,0.9151,0.0,0.0,0.0,0.0,0.9151,0.0,0.0,False
COC(=O)CC[C@@H]1N=C(c2ccccn2)c2cc(Br)ccc2-n2c(C)cnc21,remimazolam,1,molformer,1,paeruginosa,"10, 20",0.9146,0.9116,0.0029,0.9562,0.0466,33,benzodiazepine receptor agonist,Phase 3,nan,GABBR1,0.0,0.0,0.9146,0.0,0.0,0.0,0.0,0.9146,0.0,False
Cc1ncc([N+](=O)[O-])n1C[C@@H](CN1CCOCC1)OP(=O)(O)O,dextrorotation-nimorazole-phosphate-ester,1,dmpnn_rdkit,1,mtb,"5, 10, 20",0.9143,0.9061,0.0059,0.9221,0.0173,13,antiinfective drug,Preclinical,nan,nan,0.0,0.0,0.0,0.9143,0.0,0.0,0.0,0.0,0.9143,False
FC(F)OC(F)(F)[C@@H](F)Cl,enflurane,1,molformer,1,paeruginosa,"5, 10, 20",0.914,0.9137,0.0002,0.914,0.0004,31,membrane permeability inhibitor,Launched,neurology/psychiatry,GABRA1|GABRA2|GABRA3|GABRA4|GABRA5|GABRA6|GABRB1|GABRB2|GABRB3|GABRD|GABRE|GABRG1|GABRG2|GABRG3|GABRP|GABRQ|GLRA1|GLRB|KCNK10|KCNK18|KCNK2|KCNK3|KCNK9,0.0,0.0,0.914,0.0,0.0,0.0,0.0,0.914,0.0,False
CC[C@@H](C)Nc1cc(C(=O)N[C@H]2C[C@H]3CC[C@@H](C2)N3c2ccc(C(=O)C3CC3)cn2)c(C)cc1C(N)=O,XL888,1,molformer,1,paeruginosa,20,0.914,0.914,0.0,0.9213,0.0079,44,HSP inhibitor,Phase 1,nan,nan,0.0,0.0,0.914,0.0,0.0,0.0,0.0,0.914,0.0,False
CC/C(=C(/CC)c1ccc(OP(=O)(O)O)cc1)c1ccc(OP(=O)(O)O)cc1,fosfestrol,1,dmpnn_rdkit,1,mtb,"5, 10, 20",0.9127,0.9069,0.0042,0.9152,0.0091,10,synthetic estrogen,Launched,oncology,ESR1|ESR2,0.0,0.0,0.0,0.9127,0.0,0.0,0.0,0.0,0.9127,False
CCC[C@@H]1C[C@@H](C(=O)N[C@@H]([C@H]2O[C@H](SC)[C@H](OP(=O)(O)O)[C@@H](O)[C@H]2O)[C@H](C)Cl)N(C)C1,clindamycin-phosphate,1,dmpnn_rdkit,1,mtb,"5, 10, 20",0.9126,0.8803,0.0233,0.9284,0.0519,23,protein synthesis inhibitor,Launched,obstetrics/gynecology,nan,0.0,0.0,0.0,0.9126,0.0,0.0,0.0,0.0,0.9126,False
C[C@H]1O[C@]2(CS1)CN1CCC2CC1,cevimeline,1,chemeleon_frozen,1,mtb,"5, 10, 20",0.9125,0.9099,0.0028,0.9125,0.0029,14,acetylcholine receptor agonist,Launched,rheumatology,CHRM3,0.0,0.0,0.0,0.9125,0.0,0.0,0.9125,0.0,0.0,False
CSC(=N)C(C#N)C(C#N)C(=N)SC,U-0124,1,chemeleon_frozen,1,ecoli,"5, 10, 20",0.9121,0.882,0.0358,0.9296,0.0513,11,MEK inhibitor,Preclinical,nan,nan,0.9121,0.0,0.0,0.0,0.0,0.0,0.9121,0.0,0.0,False
N=C(N)NCCSSCCNC(=N)N,guanidinoethyldisulfide-bicarbonate,1,chemeleon_frozen,1,saureus,"5, 10, 20",0.9119,0.9057,0.0072,0.9157,0.0109,17,nitric oxide synthase inhibitor,Phase 2,nan,NOS2,0.0,0.9119,0.0,0.0,0.0,0.0,0.9119,0.0,0.0,False
CCOP(=S)(OCC)Oc1nc(Cl)c(Cl)cc1Cl,chlorpyrifos,1,chemeleon_frozen,1,mtb,"5, 10, 20",0.9104,0.8955,0.0194,0.9137,0.0199,19,acetylcholinesterase inhibitor,Launched,nan,ACHE,0.0,0.0,0.0,0.9104,0.0,0.0,0.9104,0.0,0.0,False
CNC(=O)c1c(I)c(C(=O)NCC(=O)Nc2c(I)c(C(=O)O)c(I)c(C(=O)NCCO)c2I)c(I)c(N(C)C(C)=O)c1I,ioxaglic-acid,1,molformer,1,paeruginosa,"5, 10, 20",0.9103,0.9101,0.0001,0.9104,0.0003,32,radiopaque medium,Launched,radiology,nan,0.0,0.0,0.9103,0.0,0.0,0.0,0.0,0.9103,0.0,False
O=C1C=CC[C@@H]2[C@H]3CCCN4CCC[C@@H](CN12)[C@@H]34,sophocarpine,1,chemeleon_frozen,1,paeruginosa,"5, 10, 20",0.9084,0.9076,0.0007,0.9084,0.0008,13,nan,Phase 3,nan,nan,0.0,0.0,0.9084,0.0,0.0,0.0,0.9084,0.0,0.0,False
O=C(Nc1ccc(C(O)(C(F)(F)F)C(F)(F)F)cc1)c1ccc(C(F)(F)F)cc1,SR-1078,1,chemeleon_frozen,1,mtb,20,0.9076,0.9076,0.0,0.9108,0.0035,44,retinoid receptor agonist,Preclinical,nan,RORA|RORC,0.0,0.0,0.0,0.9076,0.0,0.0,0.9076,0.0,0.0,False
CS(=O)(=O)CCCn1c(Cn2c(=O)n(CC(F)(F)F)c3ccncc32)cc2cc(Cl)ccc21,JNJ-678,1,chemeleon_frozen,1,mtb,"10, 20",0.907,0.8941,0.0128,0.9224,0.0307,30,RSV fusion inhibitor,Phase 1,nan,nan,0.0,0.0,0.0,0.907,0.0,0.0,0.907,0.0,0.0,False
COc1ccc(OC)c([C@H]2c3c(-c4ccc5ccccc5c4)n[nH]c3OC(=N)C2C#N)c1,RBC8,1,molformer,1,paeruginosa,20,0.9063,0.9063,0.0,0.9069,0.0007,50,Ral GTPase inhibitor,Preclinical,nan,RALA|RALB,0.0,0.0,0.9063,0.0,0.0,0.0,0.0,0.9063,0.0,False
CC[C@H]1NC(=O)c2cc(S(N)(=O)=O)c(Cl)cc2N1,quinethazone,1,chemeleon_frozen,2,"mtb, saureus","5, 10, 20",0.906,0.8822,0.0154,0.8955,0.0149,19,thiazide diuretic,Launched,cardiology,nan,0.0,0.8785,0.0,0.906,0.0,0.0,0.906,0.0,0.0,False
Nc1ncnc2c1ncn2[C@@H]1O[C@H](CO)C[C@H]1O,cordycepin,1,chemeleon_frozen,1,ecoli,"5, 10, 20",0.9057,0.9047,0.0009,0.9072,0.0027,10,DNA inhibitor,Phase 1/Phase 2,nan,nan,0.9057,0.0,0.0,0.0,0.0,0.0,0.9057,0.0,0.0,False
O[C@@H]1CO[C@H]2[C@@H]1OC[C@@H]2O,isosorbide,1,chemeleon_frozen,1,mtb,"5, 10, 20",0.9047,0.8983,0.0089,0.9056,0.008,21,nitric oxide stimulant,Launched,cardiology,nan,0.0,0.0,0.0,0.9047,0.0,0.0,0.9047,0.0,0.0,False
Cc1[nH]c(/C=C2\C(=O)Nc3cc(-c4ccccc4)ccc32)c(C)c1CCC(=O)O,SU16f,1,chemeleon_frozen,1,saureus,"10, 20",0.9032,0.8818,0.0215,0.9492,0.0711,30,PDGFR tyrosine kinase receptor inhibitor,Preclinical,nan,PDGFRB,0.0,0.9032,0.0,0.0,0.0,0.0,0.9032,0.0,0.0,False
C[C@@H](C(=O)O)c1ccc2c(c1)Cc1ccccc1-2,cicloprofen,1,molformer,1,paeruginosa,"5, 10",0.9008,0.8987,0.0021,0.9024,0.0041,33,cyclooxygenase inhibitor,Preclinical,nan,PTGS1|PTGS2,0.0,0.0,0.9008,0.0,0.0,0.0,0.0,0.9008,0.0,False
NS(=O)(=O)c1cc(-c2nn[nH]n2)c(NCc2cccs2)cc1Cl,azosemide,1,chemeleon_frozen,1,mtb,"5, 10, 20",0.9,0.8758,0.0201,0.9041,0.0314,38,electrolyte reabsorption inhibitor,Launched,cardiology,SLC12A1|SLC12A2,0.0,0.0,0.0,0.9,0.0,0.0,0.9,0.0,0.0,False
C[C@H]1CNC(=O)c2cnn3ccc(nc23)N[C@H](C)c2cc(F)ccc2O1,repotrectinib,1,chemeleon_frozen,1,saureus,"5, 10, 20",0.9,0.8854,0.0103,0.9153,0.0327,18,receptor tyrosine protein kinase inhibitor,Phase 1/Phase 2,nan,nan,0.0,0.9,0.0,0.0,0.0,0.0,0.9,0.0,0.0,False
O[C@H]([C@H](O)[C@@H]1CO1)[C@H]1CO1,dianhydrogalactitol,1,chemeleon_frozen,1,mtb,"5, 10",0.8996,0.8819,0.0177,0.9019,0.0222,22,DNA alkylating agent,Phase 3,nan,nan,0.0,0.0,0.0,0.8996,0.0,0.0,0.8996,0.0,0.0,False
CN(C)CC[C@@]1(c2ccc(Cl)cc2)Cc2ccccc2C(=O)O1,AC-7954-(+/-),1,molformer,1,paeruginosa,"5, 10",0.8981,0.8958,0.0023,0.9011,0.0058,35,urotensin receptor agonist,Preclinical,nan,UTS2R,0.0,0.0,0.8981,0.0,0.0,0.0,0.0,0.8981,0.0,False
CN(CCOP(=O)(O)O)C(=N)N,creatinol-phosphate,1,dmpnn_rdkit,1,mtb,"5, 10, 20",0.8968,0.8964,0.0004,0.897,0.0007,17,nan,Launched,nan,nan,0.0,0.0,0.0,0.8968,0.0,0.0,0.0,0.0,0.8968,False
[O]=[V]([OH])([OH])[OH],sodium-orthovanadate,1,chemeleon_frozen,1,ecoli,"5, 10, 20",0.8933,0.8933,0.0,0.8933,0.0,13,nan,Preclinical,nan,nan,0.8933,0.0,0.0,0.0,0.0,0.0,0.8933,0.0,0.0,False
O=C(Nc1ccc(OC(F)(F)Cl)cc1)c1cnc(N2CC[C@@H](O)C2)c(-c2cc[nH]n2)c1,asciminib,1,dmpnn_rdkit,2,"ecoli, saureus","5, 10, 20",0.8928,0.7484,0.1095,0.8793,0.1449,1,Bcr-Abl kinase inhibitor,Phase 2,nan,nan,0.8928,0.7543,0.0,0.0,0.0,0.0,0.0,0.0,0.8928,False
O=C(Nc1cc(C(F)(F)F)ccc1O)Nc1cc(C(F)(F)F)ccc1O,NS-1643,1,chemeleon_frozen,1,saureus,"5, 10, 20",0.8926,0.8754,0.0164,0.8953,0.0223,26,voltage-gated potassium channel activator,Preclinical,nan,KCNH2|KCNH6|KCNMA1,0.0,0.8926,0.0,0.0,0.0,0.0,0.8926,0.0,0.0,False
Cc1nn(C)c2c1[C@@H](c1ccc(C(F)(F)F)cc1)C(C#N)C(=N)O2,BQU57,1,chemeleon_frozen,1,saureus,20,0.8914,0.8914,0.0,0.8968,0.0061,35,Ras GTPase inhibitor,Preclinical,nan,RALA|RALB,0.0,0.8914,0.0,0.0,0.0,0.0,0.8914,0.0,0.0,False
O=c1c2c(c1=O)N(CCP(=O)(O)O)CCCN2,perzinfotel,1,molformer,1,paeruginosa,"5, 10",0.8911,0.8907,0.0004,0.8919,0.0013,37,glutamate receptor antagonist,Phase 2,nan,GRIN1|GRIN2A|GRIN2B,0.0,0.0,0.8911,0.0,0.0,0.0,0.0,0.8911,0.0,False
CCc1ccc(C2=CC(C)(C)Sc3ccc(C#Cc4ccc(C(=O)O)cc4)cc32)cc1,AGN-194310,1,chemeleon_frozen,1,saureus,20,0.8907,0.8907,0.0,0.9549,0.0672,36,retinoid receptor antagonist,Phase 3,nan,RXRA|RXRB|RXRG,0.0,0.8907,0.0,0.0,0.0,0.0,0.8907,0.0,0.0,False
Nc1nccc(Oc2ccc(NC(=O)c3cn(COP(=O)(O)O)cc(-c4ccc(F)cc4)c3=O)cc2F)c1Cl,BMS-817378,1,dmpnn_rdkit,1,mtb,"5, 10, 20",0.8906,0.8721,0.0162,0.9108,0.0425,30,c-Met inhibitor|VEGFR inhibitor,Phase 1,nan,KDR|MET,0.0,0.0,0.0,0.8906,0.0,0.0,0.0,0.0,0.8906,False
CNC(=O)c1ccc(-c2cnc3ncc(Cc4ccc5ncccc5c4)n3n2)cc1F,INC-280,1,molformer,1,paeruginosa,10,0.8902,0.8902,0.0,0.8983,0.009,42,c-Met inhibitor,Phase 3,nan,MET,0.0,0.0,0.8902,0.0,0.0,0.0,0.0,0.8902,0.0,False
COc1cnc(-n2cnc(C)n2)c2c1c(C(=O)C(=O)N1CCN(C(=O)c3ccccc3)CC1)cn2COP(=O)(O)O,fostemsavir,1,dmpnn_rdkit,2,"ecoli, mtb","5, 10, 20",0.8892,0.7797,0.1695,0.8211,0.0491,26,antiviral,Phase 3,nan,nan,0.4871,0.0,0.0,0.8892,0.0,0.0,0.0,0.0,0.8892,False
C[C@H](Nc1ncnc2nc[nH]c12)c1cc2ccc(F)cc2nc1-c1ccccn1,AMG-319,1,molformer,1,paeruginosa,"5, 10",0.8861,0.8683,0.0178,0.8888,0.023,43,PI3K inhibitor,Phase 2,nan,PIK3CD,0.0,0.0,0.8861,0.0,0.0,0.0,0.0,0.8861,0.0,False
C[C@]12CC[C@@H]3c4ccc(O)cc4C[C@@H](CCCCCCCCC[S@@](=O)CCCC(F)(F)C(F)(F)F)[C@H]3[C@@H]1CC[C@@H]2O,fulvestrant,1,chemeleon_frozen,1,saureus,20,0.8836,0.8836,0.0,0.8913,0.0086,39,estrogen receptor antagonist,Launched,oncology,ESR1|ESR2|GPER1,0.0,0.8836,0.0,0.0,0.0,0.0,0.8836,0.0,0.0,False
COC(=O)/C=C/C(=O)O,monomethyl-fumarate,1,chemeleon_frozen,1,mtb,"5, 10",0.8817,0.8816,0.0001,0.8817,0.0001,25,nan,Launched,neurology/psychiatry,nan,0.0,0.0,0.0,0.8817,0.0,0.0,0.8817,0.0,0.0,False
COC(=O)N[C@H](C(=O)N1CC2(CC2)C[C@H]1c1nc(-c2ccc3c(c2)C(F)(F)c2cc(-c4ccc5nc([C@@H]6[C@H]7CC[C@H](C7)N6C(=O)[C@@H](NC(=O)OC)C(C)C)[nH]c5c4)ccc2-3)c[nH]1)C(C)C,ledipasvir,1,dmpnn_rdkit,1,mtb,20,0.8814,0.8814,0.0,0.9026,0.0236,36,HCV inhibitor,Launched,infectious disease,nan,0.0,0.0,0.0,0.8814,0.0,0.0,0.0,0.0,0.8814,False
CCOC(=O)C1=C[C@]2(CC)CCCN3CCc4c(n1c1ccccc41)[C@@H]32,vinpocetine,1,molformer,1,paeruginosa,"5, 10",0.8809,0.8805,0.0004,0.8813,0.0009,38,phosphodiesterase inhibitor|sodium channel blocker,Launched,neurology/psychiatry,PDE1A|PDE1C,0.0,0.0,0.8809,0.0,0.0,0.0,0.0,0.8809,0.0,False
C[C@@H]1COCCN1c1cc(-c2ccnn2C)c2ccnc(-c3ccn[nH]3)c2n1,BAY-1895344,1,chemeleon_frozen,1,saureus,"5, 10, 20",0.8807,0.8661,0.0106,0.8921,0.0291,26,ATR kinase inhibitor,Phase 1,nan,nan,0.0,0.8807,0.0,0.0,0.0,0.0,0.8807,0.0,0.0,False
C[C@@](N)(C(=O)O)c1ccc(-c2nn[nH]n2)cc1,MTPG,1,chemeleon_frozen,1,mtb,"5, 10",0.8803,0.8748,0.0055,0.8831,0.0093,33,glutamate receptor antagonist,Preclinical,nan,GRM2|GRM3,0.0,0.0,0.0,0.8803,0.0,0.0,0.8803,0.0,0.0,False
N#CCC1(n2cc(-c3ncnc4[nH]ccc34)cn2)CN(C2CCN(C(=O)c3ccnc(C(F)(F)F)c3F)CC2)C1,itacitinib,1,dmpnn_rdkit,3,"ecoli, paeruginosa, saureus","5, 10, 20",0.8787,0.6636,0.1234,0.8175,0.1883,2,JAK inhibitor,Phase 3,nan,JAK1,0.8089,0.8787,0.6475,0.0,0.0,0.0,0.0,0.0,0.8787,False
CN1[C@@H](CCl)Nc2cc(Cl)c(S(N)(=O)=O)cc2S1(=O)=O,methyclothiazide,1,chemeleon_frozen,1,mtb,"5, 10",0.8771,0.8743,0.0027,0.8813,0.0079,26,chloride reabsorption inhibitor,Launched,cardiology,SLC12A1|SLC12A3,0.0,0.0,0.0,0.8771,0.0,0.0,0.8771,0.0,0.0,False
O=C(O)[C@H]1CN(C/C=C/P(=O)(O)O)CCN1,midafotel,1,chemeleon_frozen,1,ecoli,"5, 10, 20",0.8769,0.8767,0.0001,0.8772,0.0005,18,glutamate receptor antagonist,Phase 3,nan,GRIN2A|GRIN2B|GRIN2C|GRIN2D,0.8769,0.0,0.0,0.0,0.0,0.0,0.8769,0.0,0.0,False
N#Cc1cn([C@@H]2O[C@H](CO)[C@@H](O)[C@H]2O)c2ncnc(N)c12,toyocamycin,1,chemeleon_frozen,1,ecoli,"5, 10, 20",0.8756,0.8651,0.0089,0.8849,0.0223,19,serine/threonine kinase inhibitor,Phase 1,nan,ERN1,0.8756,0.0,0.0,0.0,0.0,0.0,0.8756,0.0,0.0,False
C[C@H]1CCC/C=C/[C@@H]2C[C@H](O)C[C@H]2[C@H](O)/C=C/C(=O)O1,brefeldin-A,1,chemeleon_frozen,1,paeruginosa,"5, 10, 20",0.8745,0.873,0.0011,0.8756,0.0029,16,protein synthesis inhibitor,Preclinical,nan,ARF1|CYTH2,0.0,0.0,0.8745,0.0,0.0,0.0,0.8745,0.0,0.0,False
CN(C)[C@@H]1C(=O)[C@@H](C(N)=O)C(=O)[C@@]2(O)C(=O)[C@H]3C(=O)c4c(O)cccc4C[C@H]3C[C@@H]12,sancycline,1,chemeleon_frozen,1,saureus,"5, 10",0.8742,0.8683,0.006,0.9195,0.0557,25,antitumor agent,Preclinical,nan,nan,0.0,0.8742,0.0,0.0,0.0,0.0,0.8742,0.0,0.0,False
O=C(C1CC1)N1CC[C@@H](Cc2n[nH]c(=O)n2-c2ccc(-c3ccc4occc4c3)cc2)C1,GSK2194069,1,chemeleon_frozen,1,saureus,20,0.8735,0.8735,0.0,0.8873,0.0156,47,fatty acid synthase inhibitor,Preclinical,nan,FASN,0.0,0.8735,0.0,0.0,0.0,0.0,0.8735,0.0,0.0,False
CC(C)OCCn1c(=S)[nH]c(=O)c2[nH]ccc21,verdiperstat,1,chemeleon_frozen,1,mtb,10,0.8732,0.8732,0.0,0.9186,0.0494,40,myeloperoxidase inhibitor,Phase 3,nan,nan,0.0,0.0,0.0,0.8732,0.0,0.0,0.8732,0.0,0.0,False
CC(C)(C)c1cc(C(C)(C)C)c2c(c1)[C@](O)(C(F)(F)F)C(=O)O2,rac-BHFF,1,chemeleon_frozen,1,saureus,20,0.8732,0.8732,0.0,0.8749,0.0019,48,GABA receptor positive allosteric modulator,Preclinical,nan,GABBR1,0.0,0.8732,0.0,0.0,0.0,0.0,0.8732,0.0,0.0,False
FC(F)(F)COCC(F)(F)F,flurothyl,1,chemeleon_frozen,1,saureus,"5, 10, 20",0.8723,0.8698,0.0021,0.8723,0.0029,23,nan,Preclinical,nan,nan,0.0,0.8723,0.0,0.0,0.0,0.0,0.8723,0.0,0.0,False
CC1=C(CC(=O)O)c2cc(F)ccc2/C1=C\c1ccc([S@@](C)=O)cc1,sulindac,1,chemeleon_frozen,1,saureus,"10, 20",0.8721,0.8574,0.0147,0.8907,0.0374,47,cyclooxygenase inhibitor,Launched,rheumatology,AKR1B1,0.0,0.8721,0.0,0.0,0.0,0.0,0.8721,0.0,0.0,False
C[C@@]1(O)CCC[C@H]1n1c(=O)c(C(F)F)cc2cnc(NC3CCN(S(C)(=O)=O)CC3)nc21,PF-06873600,1,dmpnn_rdkit,2,"mtb, saureus","5, 20",0.8716,0.7256,0.1459,0.7973,0.0971,38,CDK inhibitor,Phase 2,nan,nan,0.0,0.5797,0.0,0.8716,0.0,0.0,0.0,0.0,0.8716,False
O=C(NCc1ccccn1)Nc1nnc(-c2ccco2)o1,NK-252,1,chemeleon_frozen,1,mtb,5,0.8714,0.8714,0.0,0.8886,0.0194,29,nuclear factor erythroid derived|like (NRF2) activator,Preclinical,nan,NFE2L2,0.0,0.0,0.0,0.8714,0.0,0.0,0.8714,0.0,0.0,False
C1CCN2C[C@@H]3C[C@H](CN4CCCC[C@@H]34)[C@H]2C1,sparteine-sulfate,1,chemeleon_frozen,2,"mtb, paeruginosa","5, 10, 20",0.8713,0.8215,0.0406,0.8217,0.0003,30,nan,Launched,nan,nan,0.0,0.0,0.7886,0.8713,0.0,0.0,0.8713,0.0,0.0,False
C[C@@H](Nc1ncnc2nc[nH]c12)c1cc2ccc(F)cc2nc1-c1ccccn1,AMG319,1,molformer,1,paeruginosa,10,0.8701,0.8701,0.0,0.8726,0.0028,49,PI3K inhibitor,Phase 2,nan,PIK3CD,0.0,0.0,0.8701,0.0,0.0,0.0,0.0,0.8701,0.0,False
NS(=O)(=O)c1ccc(N2CCN(CC[C@@H]3OCCc4ccccc43)CC2)cc1,sonepiprazole,1,chemeleon_frozen,1,mtb,"5, 10",0.8697,0.8674,0.0023,0.8752,0.0089,34,dopamine receptor antagonist,Phase 2,nan,nan,0.0,0.0,0.0,0.8697,0.0,0.0,0.8697,0.0,0.0,False
COP(=O)(OC)OC=C(Cl)Cl,dichlorvos,1,dmpnn_rdkit,1,mtb,"5, 10, 20",0.8689,0.8685,0.0005,0.8699,0.0016,30,acetylcholinesterase inhibitor,Launched,nan,nan,0.0,0.0,0.0,0.8689,0.0,0.0,0.0,0.0,0.8689,False
C[C@@]12CCC(=O)C=C1CC[C@@H]1[C@@H]2[C@@H](O)C[C@]2(C)[C@H]1CC[C@]2(O)C(=O)COP(=O)(O)O,hydrocortisone-phosphate,1,dmpnn_rdkit,1,mtb,"5, 10, 20",0.8689,0.8652,0.0031,0.8696,0.0051,34,nan,Launched,pulmonary|gastroenterology|hematologic malignancy|ophthalmology,nan,0.0,0.0,0.0,0.8689,0.0,0.0,0.0,0.0,0.8689,False
NS(=O)(=O)c1cc([C@@]2(O)NC(=O)c3ccccc32)ccc1Cl,chlorthalidone,1,chemeleon_frozen,1,mtb,5,0.8661,0.8661,0.0,0.8864,0.0229,38,carbonic anhydrase inhibitor,Launched,cardiology|gastroenterology|rheumatology|nephrology,CA1|CA12|CA14|CA2|CA4|CA7|SLC12A1,0.0,0.0,0.0,0.8661,0.0,0.0,0.8661,0.0,0.0,False
O=C(Nc1cc(C(F)(F)F)cc(C(F)(F)F)c1)Nc1c(Br)cc(Br)cc1-c1nn[nH]n1,NS-5806,1,chemeleon_frozen,1,mtb,10,0.8652,0.8652,0.0,0.9228,0.0623,46,voltage-gated potassium channel activator,Preclinical,nan,KCND3,0.0,0.0,0.0,0.8652,0.0,0.0,0.8652,0.0,0.0,False
CCC[N@+]12[C@H](O)[C@@H](CC)[C@@H]3C[C@@H]1[C@@H]1N(C)c4ccccc4[C@]14C[C@H]2[C@@H]3[C@@H]4O,neo-gilurytmal,1,chemeleon_frozen,1,mtb,"5, 10",0.8645,0.864,0.0005,0.8656,0.0019,40,nan,Launched,cardiology,nan,0.0,0.0,0.0,0.8645,0.0,0.0,0.8645,0.0,0.0,False
CC(=O)N[C@@H]1[C@H](O)[C@H](O)[C@H](CO)O[C@@H]1O,N-acetylmannosamine,1,chemeleon_frozen,1,mtb,10,0.8637,0.8637,0.0,0.8702,0.0075,50,nan,Phase 2,nan,nan,0.0,0.0,0.0,0.8637,0.0,0.0,0.8637,0.0,0.0,False
C[C@]12C=CC(=O)C=C1CC[C@@H]1[C@@H]2[C@@H](O)C[C@@]2(C)[C@H]1CC[C@]2(O)C(=O)COP(=O)(O)O,prednisolone-sodium-phosphate,1,dmpnn_rdkit,1,mtb,"5, 10, 20",0.8628,0.8589,0.0032,0.8637,0.0056,39,glucocorticoid receptor agonist,Launched,allergy|pulmonary|ophthalmology|infectious disease|rheumatology|endocrinology|neurology/psychiatry|gastroenterology|hematology,NR3C1,0.0,0.0,0.0,0.8628,0.0,0.0,0.0,0.0,0.8628,False
C/C(=C(\CCOP(=O)(O)O)SC(=O)c1ccccc1)N(C=O)Cc1cnc(C)nc1N,benfotiamine,1,dmpnn_rdkit,1,mtb,"5, 10, 20",0.8618,0.8535,0.0094,0.8713,0.0203,40,antioxidant,Launched,rheumatology,AGER,0.0,0.0,0.0,0.8618,0.0,0.0,0.0,0.0,0.8618,False
Cc1[nH]nc(C(F)(F)F)c1Cc1sc2c(c1C(=O)N1C[C@](C)(O)CO1)c(=O)n(C)c(=O)n2C(C)C,AZD3965,1,dmpnn_rdkit,2,"ecoli, paeruginosa","5, 10, 20",0.8538,0.7116,0.1578,0.8884,0.2004,1,monocarboxylate transporter inhibitor,Phase 1,nan,SLC16A1,0.8538,0.0,0.82,0.0,0.0,0.0,0.0,0.0,0.8538,False
Cc1ncc(C[n+]2csc(CCOP(=O)(O)OP(=O)(O)O)c2C)c(N)n1,thiamine-pyrophosphate,1,dmpnn_rdkit,1,mtb,"5, 10",0.8531,0.8481,0.005,0.856,0.0092,43,nan,Launched,hematology,nan,0.0,0.0,0.0,0.8531,0.0,0.0,0.0,0.0,0.8531,False
Cc1cc(N2CCOCC2)cc2[nH]c(-c3c(NC[C@@H](O)c4cccc(Cl)c4)cc[nH]c3=O)nc12,BMS-536924,1,dmpnn_rdkit,1,saureus,"10, 20",0.8523,0.773,0.0793,0.9004,0.1415,4,IGF-1 inhibitor,Preclinical,nan,AKT1|CCNE1|CDK2|CYP3A4|ERBB2|IGF1R|KDR|LCK|MAPK1|MET|PDGFRA|PDGFRB,0.0,0.8523,0.0,0.0,0.0,0.0,0.0,0.0,0.8523,False
COCC(=O)Nc1c(I)c(C(=O)NC[C@@H](O)CO)c(I)c(C(=O)N(C)C[C@@H](O)CO)c1I,iopromide,1,molformer,1,paeruginosa,5,0.8498,0.8498,0.0,0.8503,0.0006,47,radiopaque medium,Launched,radiology,nan,0.0,0.0,0.8498,0.0,0.0,0.0,0.0,0.8498,0.0,False
CCC(=O)O[C@@H]1CC(=O)O[C@H](C)C/C=C/C=C/[C@H](O)[C@H](C)C[C@H](CC=O)[C@H](O[C@@H]2O[C@H](C)[C@@H](O[C@H]3C[C@@](C)(O)[C@@H](OC(=O)CC)[C@H](C)O3)[C@H](N(C)C)[C@H]2O)[C@H]1OC,midecamycin,1,chemeleon_frozen,1,saureus,"5, 10",0.8487,0.8384,0.0103,0.9556,0.1226,39,protein synthesis inhibitor,Launched,infectious disease,nan,0.0,0.8487,0.0,0.0,0.0,0.0,0.8487,0.0,0.0,False
O=C(O)[C@H]1CSCN1,timonacic,1,chemeleon_frozen,1,saureus,"5, 10",0.8485,0.8466,0.0019,0.8498,0.0037,30,antioxidant,Launched,nan,nan,0.0,0.8485,0.0,0.0,0.0,0.0,0.8485,0.0,0.0,False
O=C1NC(c2ccccc2)(c2ccccc2)C(=O)N1COP(=O)(O)O,fosphenytoin,1,dmpnn_rdkit,1,mtb,"5, 10",0.8483,0.8457,0.0027,0.8497,0.0048,44,sodium channel blocker,Launched,neurology/psychiatry,SCN5A,0.0,0.0,0.0,0.8483,0.0,0.0,0.0,0.0,0.8483,False
CN1CC[C@@H]2CN3CCc4cccc(c43)[C@@H]2C1,SDZ-SER-082,1,chemeleon_frozen,1,mtb,5,0.8471,0.8471,0.0,0.8497,0.0031,49,serotonin receptor antagonist,Preclinical,nan,HTR2A|HTR2B|HTR2C,0.0,0.0,0.0,0.8471,0.0,0.0,0.8471,0.0,0.0,False
CCCNCCc1ccc(NS(=O)(=O)c2ccc(OC(F)(F)F)cc2)cc1,PNU-177864,1,dmpnn_rdkit,1,mtb,"5, 10",0.8471,0.8433,0.0038,0.8619,0.0216,47,dopamine receptor antagonist,Preclinical,nan,DRD3,0.0,0.0,0.0,0.8471,0.0,0.0,0.0,0.0,0.8471,False
CCCCCCCCCCCCCCCCCCOP(=O)(O)OC1CC[N+](C)(C)CC1,perifosine,1,dmpnn_rdkit,1,mtb,"5, 10",0.8466,0.8454,0.0011,0.855,0.0112,42,AKT inhibitor,Phase 3,nan,AKT1,0.0,0.0,0.0,0.8466,0.0,0.0,0.0,0.0,0.8466,False
CC(C)n1c(=O)n(C(=O)N[C@H]2C[C@H]3CC[C@@H](C2)N3C)c2ccccc21,BIMU-8,1,chemeleon_frozen,1,mtb,5,0.8464,0.8464,0.0,0.954,0.1128,50,serotonin receptor agonist,Preclinical,nan,HTR4,0.0,0.0,0.0,0.8464,0.0,0.0,0.8464,0.0,0.0,False
COc1cc(C)[nH]c(=O)c1CNC(=O)c1c(C)n([C@H](C)C2CCN(CC(F)(F)F)CC2)c2ccccc12,CPI-1205,1,dmpnn_rdkit,2,"ecoli, saureus","5, 10, 20",0.8455,0.6767,0.1066,0.7923,0.141,3,EZH2 inhibitor,Phase 1/Phase 2,nan,nan,0.6208,0.8455,0.0,0.0,0.0,0.0,0.0,0.0,0.8455,False
[NH2][Pt]1([NH2])[O]C(=O)C2(CCC2)C(=O)[O]1,carboplatin,1,chemeleon_frozen,1,paeruginosa,"5, 10, 20",0.8439,0.8435,0.0005,0.8439,0.0005,18,DNA alkylating agent|DNA inhibitor,Launched,oncology,nan,0.0,0.0,0.8439,0.0,0.0,0.0,0.8439,0.0,0.0,False
COc1ccc(/C=C\c2cc(OC)c(OC)c(OC)c2)cc1OP(=O)(O)O,fosbretabulin,1,dmpnn_rdkit,1,mtb,10,0.8402,0.8402,0.0,0.8489,0.0102,47,tubulin polymerization inhibitor|VE-cadherin antagonist,Phase 3,nan,CDH5,0.0,0.0,0.0,0.8402,0.0,0.0,0.0,0.0,0.8402,False
CCCC[C@@H](CC)CN1CN(C[C@@H](CC)CCCC)C[C@@](C)(N)C1,hexetidine,1,chemeleon_frozen,1,saureus,10,0.8393,0.8393,0.0,0.846,0.008,50,local anesthetic,Launched,otolaryngology|infectious disease|dental|gastroenterology,nan,0.0,0.8393,0.0,0.0,0.0,0.0,0.8393,0.0,0.0,False
O=C(COP(=O)(O)O)[C@@H](O)[C@H](O)[C@H](O)COP(=O)(O)O,fosfructose,1,dmpnn_rdkit,1,mtb,10,0.8385,0.8385,0.0,0.8417,0.0038,49,fructose diphosphate stimulant,Phase 3,nan,nan,0.0,0.0,0.0,0.8385,0.0,0.0,0.0,0.0,0.8385,False
CC(=O)c1ccc2c(c1)C(=O)C1(CC1)O2,spizofurone,1,chemeleon_frozen,1,saureus,5,0.8329,0.8329,0.0,0.894,0.0683,36,nan,Withdrawn,nan,nan,0.0,0.8329,0.0,0.0,0.0,0.0,0.8329,0.0,0.0,False
Nc1cc(C(Cl)=C(Cl)Cl)c(S(N)(=O)=O)cc1S(N)(=O)=O,clorsulon,1,chemeleon_frozen,1,ecoli,"5, 10, 20",0.8322,0.8282,0.0031,0.8325,0.0052,24,glycolysis inhibitor,Launched,infectious disease,nan,0.8322,0.0,0.0,0.0,0.0,0.0,0.8322,0.0,0.0,False
Cn1nccc1Nc1nccc(-c2cc3c(s2)C(C)(C)N(CCN2CCOCC2)C3=O)n1,LY3214996,1,dmpnn_rdkit,3,"ecoli, paeruginosa, saureus","5, 10, 20",0.8322,0.6458,0.0902,0.8051,0.1978,6,ERK inhibitor,Phase 1,nan,nan,0.6933,0.8322,0.6892,0.0,0.0,0.0,0.0,0.0,0.8322,False
C1CCN2C[C@@H]3C[C@@H](CN4CCCC[C@@H]34)[C@H]2C1,sparteine-(-),1,chemeleon_frozen,1,paeruginosa,"5, 10, 20",0.8321,0.8318,0.0003,0.8321,0.0003,21,nan,Launched,nan,nan,0.0,0.0,0.8321,0.0,0.0,0.0,0.8321,0.0,0.0,False
Clc1ccc([C@]23CNC[C@H]2C3)cc1Cl,amitifadine,1,chemeleon_frozen,1,paeruginosa,"5, 10, 20",0.8317,0.8087,0.02,0.8348,0.0313,27,serotonin transporter (SERT) inhibitor,Phase 3,nan,SLC6A2|SLC6A3|SLC6A4,0.0,0.0,0.8317,0.0,0.0,0.0,0.8317,0.0,0.0,False
OC[C@H]1NC[C@@H](O)[C@@H](O)[C@@H]1O,1-deoxymannojirimycin,1,chemeleon_frozen,1,paeruginosa,"5, 10, 20",0.8313,0.8273,0.0029,0.8316,0.0052,22,alpha mannosidase inhibitor,Preclinical,nan,MAN2A1,0.0,0.0,0.8313,0.0,0.0,0.0,0.8313,0.0,0.0,False
C[C@@H]1[C@H](O)[C@@H](C)/C=C/C=C/C=C/C=C/C=C/C=C/C=C/[C@H](O[C@@H]2O[C@H](C)[C@@H](O)[C@H](N)[C@@H]2O)C[C@@H]2O[C@](O)(C[C@@H](O)C[C@@H](O)[C@H](O)CC[C@@H](O)C[C@@H](O)CC(=O)O[C@H]1C)C[C@H](O)[C@H]2C(=O)O,amphotericin-b,1,chemeleon_frozen,1,saureus,5,0.8306,0.8306,0.0,0.8363,0.0068,38,membrane permeability enhancer,Launched,infectious disease,nan,0.0,0.8306,0.0,0.0,0.0,0.0,0.8306,0.0,0.0,False
Brc1c(NC2=NCCN2)ccc2nccnc12,brimonidine,1,chemeleon_frozen,1,saureus,5,0.8161,0.8161,0.0,0.8447,0.0338,46,adrenergic receptor agonist,Launched,ophthalmology,ADRA2A|ADRA2B|ADRA2C,0.0,0.8161,0.0,0.0,0.0,0.0,0.8161,0.0,0.0,False
Cc1nc(Nc2[nH]nc3c2CN(C(=O)N[C@H](CN(C)C)c2ccccc2)C3(C)C)c2sccc2n1,PF-03758309,1,dmpnn_rdkit,1,saureus,"10, 20",0.8161,0.7769,0.0392,0.8864,0.1236,6,p21 activated kinase inhibitor,Phase 1,nan,PAK4,0.0,0.8161,0.0,0.0,0.0,0.0,0.0,0.0,0.8161,False
CN(C)CCc1c[nH]c2ccc(C[C@H]3COC(=O)N3)cc12,zolmitriptan,1,chemeleon_frozen,1,saureus,5,0.8146,0.8146,0.0,0.8468,0.038,47,serotonin receptor agonist,Launched,neurology/psychiatry,HTR1A|HTR1B|HTR1D|HTR1E|HTR1F,0.0,0.8146,0.0,0.0,0.0,0.0,0.8146,0.0,0.0,False
CC/C(=C\C(=N\O)C(N)=O)[C@@H](C)[N+](=O)[O-],FK-409,1,chemeleon_frozen,1,ecoli,"5, 10, 20",0.8142,0.8126,0.0016,0.8321,0.0234,26,guanylyl cyclase activator,Phase 2,nan,nan,0.8142,0.0,0.0,0.0,0.0,0.0,0.8142,0.0,0.0,False
NCCCCCNCC12CC3CC(CC(C3)C1)C2,IEM1754,1,chemeleon_frozen,1,paeruginosa,"5, 10, 20",0.8138,0.7948,0.0157,0.8138,0.0234,33,glutamate receptor antagonist,Preclinical,nan,GRIA1,0.0,0.0,0.8138,0.0,0.0,0.0,0.8138,0.0,0.0,False
NCCC[C@H](NC(=O)[C@@H]1CCCN1C(=O)[C@@H]1CSSC[C@H](N)C(=O)N[C@@H](Cc2ccc(O)cc2)C(=O)N[C@@H](Cc2ccccc2)C(=O)N[C@@H](CCC(N)=O)C(=O)N[C@@H](CC(N)=O)C(=O)N1)C(=O)NCC(N)=O,ornipressin,1,chemeleon_frozen,1,saureus,5,0.8116,0.8116,0.0,0.8389,0.0325,49,vasoconstrictor,Preclinical,nan,nan,0.0,0.8116,0.0,0.0,0.0,0.0,0.8116,0.0,0.0,False
C1=C2CCCN[C@H]2[C@@H]2C[C@H]1[C@H]1CCCCN1C2,aloperine,1,chemeleon_frozen,1,paeruginosa,"5, 10, 20",0.8066,0.8064,0.0002,0.8066,0.0003,27,nan,Preclinical,nan,nan,0.0,0.0,0.8066,0.0,0.0,0.0,0.8066,0.0,0.0,False
CCCC[P+](CCCC)(CCCC)Cc1ccc(NC(=O)[C@H](Cc2ccc3ccccc3c2)N/C(=N/C2CCCCC2)NC2CCCCC2)cc1,WIN-64338,1,dmpnn_rdkit,2,"ecoli, saureus","10, 20",0.8059,0.6767,0.0923,0.7588,0.1082,8,bradykinin receptor antagonist,Preclinical,nan,BDKRB2,0.6319,0.8059,0.0,0.0,0.0,0.0,0.0,0.0,0.8059,False
N=C(N)NC(=O)c1nc(Cl)c(N)nc1N,amiloride,1,chemeleon_frozen,1,ecoli,"5, 10, 20",0.8046,0.7779,0.0192,0.9593,0.1892,34,sodium channel blocker,Launched,cardiology,AOC1|ASIC1|ASIC2|ASIC3|PKD2|PKD2L1|PLAU|SCNN1A|SCNN1B|SCNN1D|SCNN1G|SLC9A1|TRPC7|TRPV2,0.8046,0.0,0.0,0.0,0.0,0.0,0.8046,0.0,0.0,False
NC(=O)c1cnc2[nH]ccc2c1N[C@@H]1[C@@H]2C[C@@H]3C[C@H]1C[C@@](O)(C3)C2,peficitinib,1,chemeleon_frozen,1,ecoli,"5, 10, 20",0.8029,0.7948,0.0072,0.8133,0.0227,31,JAK inhibitor,Launched,rheumatology,JAK1|JAK2|JAK3,0.8029,0.0,0.0,0.0,0.0,0.0,0.8029,0.0,0.0,False
OC[C@H]1NCC[C@@H](O)[C@@H]1O,fagomine,1,chemeleon_frozen,1,paeruginosa,"5, 10, 20",0.8026,0.8007,0.0023,0.8032,0.0031,30,glucosidase inhibitor,Phase 2,nan,GLB1,0.0,0.0,0.8026,0.0,0.0,0.0,0.8026,0.0,0.0,False
C[C@@H](N)C12CC3CC(CC(C3)C1)C2,rimantadine,1,chemeleon_frozen,1,paeruginosa,"5, 10, 20",0.802,0.7998,0.0025,0.802,0.0028,31,antiviral|RNA synthesis inhibitor,Launched,infectious disease,nan,0.0,0.0,0.802,0.0,0.0,0.0,0.802,0.0,0.0,False
Cc1n[nH]c(C)c1Cc1sc2c(c1C(=O)N1C[C@H](O)CO1)c(=O)n(C)c(=O)n2CC(C)C,AR-C155858,1,dmpnn_rdkit,2,"ecoli, paeruginosa","5, 10, 20",0.7991,0.7206,0.0798,0.8416,0.1439,2,monocarboxylate transporter inhibitor,Preclinical,nan,SLC16A1|SLC16A7,0.7978,0.0,0.7991,0.0,0.0,0.0,0.0,0.0,0.7991,False
C[C@@]1(C(=O)Nc2ccc(F)nc2)CCCN1c1nc(Nc2cc(C3CC3)n[nH]2)c2cccn2n1,BMS-754807,1,dmpnn_rdkit,3,"ecoli, paeruginosa, saureus","5, 10, 20",0.799,0.6248,0.1092,0.7818,0.1998,9,IGF-1 inhibitor,Phase 2,nan,AKT1|IGF1R,0.7396,0.799,0.6075,0.0,0.0,0.0,0.0,0.0,0.799,False
O=C(c1c(F)ccc(NS(=O)(=O)N2CC[C@@H](F)C2)c1F)c1c[nH]c2ncc(-c3cnc(C4CC4)nc3)cc12,PLX8394,1,dmpnn_rdkit,3,"ecoli, paeruginosa, saureus","10, 20",0.792,0.6546,0.0876,0.778,0.1586,10,serine/threonine kinase inhibitor,Phase 1/Phase 2,nan,BRAF,0.7314,0.792,0.6462,0.0,0.0,0.0,0.0,0.0,0.792,False
CN1CC[C@@]2(C)c3cc(O)ccc3N(C)[C@@H]12,eseroline-(-),1,chemeleon_frozen,1,paeruginosa,"5, 10, 20",0.7883,0.7749,0.0096,0.7929,0.0227,41,acetylcholinesterase inhibitor,Preclinical,nan,OPRD1|OPRM1,0.0,0.0,0.7883,0.0,0.0,0.0,0.7883,0.0,0.0,False
COCc1c(-c2cc3cc(C)cc(OC)c3s2)c2c(N)ncnn2c1CN1CCNC(=O)C1,rogaratinib,1,dmpnn_rdkit,3,"ecoli, paeruginosa, saureus","5, 10, 20",0.7867,0.6181,0.1133,0.7895,0.2179,5,FGFR inhibitor,Phase 2/Phase 3,nan,nan,0.612,0.7867,0.4272,0.0,0.0,0.0,0.0,0.0,0.7867,False
Nc1nc(F)nc2c1ncn2[C@@H]1O[C@H](CO)[C@@H](O)[C@@H]1O,fludarabine,1,chemeleon_frozen,1,ecoli,"5, 10, 20",0.782,0.7784,0.0049,0.7866,0.0105,36,ribonucleotide reductase inhibitor,Launched,hematologic malignancy,ADA|DCK|POLA1|RRM1|RRM2,0.782,0.0,0.0,0.0,0.0,0.0,0.782,0.0,0.0,False
Cc1cn2nc([C@@H]3CCCCN3C(=O)c3cc(Cl)ccc3NS(C)(=O)=O)cc2nc1N1CC[C@H](N)C1,presatovir,1,dmpnn_rdkit,2,"ecoli, saureus","5, 10, 20",0.7814,0.6625,0.1189,0.7768,0.149,6,RSV fusion inhibitor,Phase 2,nan,nan,0.4644,0.7814,0.0,0.0,0.0,0.0,0.0,0.0,0.7814,False
c1ccc2cc([C@]34CNC[C@H]3C4)ccc2c1,centanafadine,1,chemeleon_frozen,1,paeruginosa,"5, 10, 20",0.7791,0.7769,0.0024,0.7792,0.0029,40,dopamine reuptake inhibitor,Phase 3,nan,nan,0.0,0.0,0.7791,0.0,0.0,0.0,0.7791,0.0,0.0,False
O=C1CCC[C@@H]2[C@H]3C[C@@H](CN12)[C@@H]1CCCCN1C3,lupanine,1,chemeleon_frozen,1,paeruginosa,"5, 10, 20",0.7785,0.7782,0.0002,0.7785,0.0003,38,sodium channel blocker,Phase 1,nan,INS,0.0,0.0,0.7785,0.0,0.0,0.0,0.7785,0.0,0.0,False
Cc1n[nH]cc1-c1cc2[nH]c([C@H]3CC4CCN3CC4)nc(=O)c2s1,simurosertib,1,dmpnn_rdkit,2,"ecoli, paeruginosa","5, 10, 20",0.7785,0.6561,0.1162,0.6929,0.0546,1,kinase inhibitor,Preclinical,nan,nan,0.535,0.0,0.7785,0.0,0.0,0.0,0.0,0.0,0.7785,False
Cn1cc(C2=C(c3cn(C4CCN(Cc5ccccn5)CC4)c4ccccc34)C(=O)NC2=O)c2ccccc21,enzastaurin,1,dmpnn_rdkit,1,saureus,"5, 10, 20",0.7784,0.7134,0.0485,0.8083,0.1175,13,PKC inhibitor,Phase 3,nan,AKT1|GSK3B|PRKCA|PRKCB|PRKCD|PRKCG,0.0,0.7784,0.0,0.0,0.0,0.0,0.0,0.0,0.7784,False
CC(C)(/C=C(\C#N)C(=O)N1CCC[C@@H](n2nc(-c3ccc(Oc4ccccc4)cc3F)c3c(N)ncnc32)C1)N1CCN(C2COC2)CC1,PRN1008,1,dmpnn_rdkit,1,saureus,"5, 10, 20",0.7776,0.7089,0.0486,0.8179,0.1333,13,Bruton's tyrosine kinase (BTK) inhibitor,Preclinical,nan,nan,0.0,0.7776,0.0,0.0,0.0,0.0,0.0,0.0,0.7776,False
Nc1nc(=O)n([C@@H]2CS[C@H](CO)O2)cc1F,emtricitabine,1,chemeleon_frozen,1,ecoli,20,0.7732,0.7732,0.0,0.7912,0.0227,42,nucleoside reverse transcriptase inhibitor,Launched,infectious disease,nan,0.7732,0.0,0.0,0.0,0.0,0.0,0.7732,0.0,0.0,False
CCCCC#Cc1nc(NC)c2ncn([C@@H]3O[C@H](CO)[C@@H](O)[C@H]3O)c2n1,HEMADO,1,chemeleon_frozen,1,ecoli,"5, 10",0.7721,0.7585,0.0136,0.7831,0.0314,44,adenosine receptor agonist,Preclinical,nan,ADORA1|ADORA2A|ADORA2B|ADORA3,0.7721,0.0,0.0,0.0,0.0,0.0,0.7721,0.0,0.0,False
Nc1nc2c([nH]1)c(=O)n(CC1CC1)c(=O)n2CC1CC1,cipamfylline,1,chemeleon_frozen,1,ecoli,20,0.7715,0.7715,0.0,0.8689,0.1121,44,phosphodiesterase inhibitor,Phase 2,nan,nan,0.7715,0.0,0.0,0.0,0.0,0.0,0.7715,0.0,0.0,False
Cn1cc(-c2ccc(F)c(C(F)(F)F)c2)nc1C1CCN(c2ncnc3n[nH]cc23)CC1,LY2584702,1,dmpnn_rdkit,3,"ecoli, paeruginosa, saureus","10, 20",0.7685,0.6547,0.0673,0.738,0.113,6,ribosomal protein inhibitor,Phase 1,nan,RPS6KB1,0.6512,0.7685,0.6942,0.0,0.0,0.0,0.0,0.0,0.7685,False
Cc1ccc(NC(=O)Nc2cc(C(F)(F)F)ccc2F)cc1Nc1ccc2c(c1)NC(=O)/C2=C\c1ccc[nH]1,GNF-5837,1,dmpnn_rdkit,1,saureus,"10, 20",0.7643,0.7353,0.029,0.7909,0.0703,9,growth factor receptor inhibitor,Preclinical,nan,NTRK1|NTRK2|NTRK3,0.0,0.7643,0.0,0.0,0.0,0.0,0.0,0.0,0.7643,False
Cc1cc(C(=O)Nc2nc3cccc(Cl)c3n2[C@@H]2CCCCN(C(=O)/C=C/CN(C)C)C2)ccn1,EGF816,1,dmpnn_rdkit,1,saureus,"10, 20",0.7639,0.6987,0.0651,0.8558,0.1836,26,EGFR inhibitor,Phase 2,nan,EGFR,0.0,0.7639,0.0,0.0,0.0,0.0,0.0,0.0,0.7639,False
COC(=O)N1CC[C@@H]2[C@H]1CCC[C@@]2(O)C#Cc1cccc(C)c1,mavoglurant,1,chemeleon_frozen,1,paeruginosa,"5, 20",0.7632,0.7571,0.0061,0.7759,0.0243,45,glutamate receptor antagonist,Phase 2,nan,GRM5,0.0,0.0,0.7632,0.0,0.0,0.0,0.7632,0.0,0.0,False
Cc1cc(S(C)(=O)=O)c(S(C)(=O)=O)cc1C(=O)NC(=N)N,rimeporide,1,chemeleon_frozen,1,ecoli,"5, 10, 20",0.7601,0.7544,0.0042,0.7639,0.0124,43,sodium/hydrogen exchanger inhibitor,Phase 1,nan,nan,0.7601,0.0,0.0,0.0,0.0,0.0,0.7601,0.0,0.0,False
C[C@H]1CN(C2COC2)CCN1c1ccc(Nc2cc(-c3ccnc(N4CCn5c(cc6c5CC(C)(C)C6)C4=O)c3CO)cn(C)c2=O)nc1,fenebrutinib,1,dmpnn_rdkit,1,saureus,"5, 10, 20",0.7598,0.6655,0.067,0.8778,0.2419,27,Bruton's tyrosine kinase (BTK) inhibitor,Phase 2,nan,nan,0.0,0.7598,0.0,0.0,0.0,0.0,0.0,0.0,0.7598,False
COc1cc(OC2CCN(C)CC2)ccc1Nc1ncc2c(n1)n(C1CCCC1)c(=O)n2C,AZ3146,1,dmpnn_rdkit,1,saureus,"5, 20",0.7568,0.6844,0.0723,0.8061,0.1509,28,monopolar spindle 1 kinase inhibitor,Preclinical,nan,nan,0.0,0.7568,0.0,0.0,0.0,0.0,0.0,0.0,0.7568,False
O=C1CCC[C@@H]2[C@H]3CCCN4CCC[C@@H](CN12)[C@@H]34,matrine,1,chemeleon_frozen,1,paeruginosa,"5, 10",0.7561,0.7558,0.0003,0.7563,0.0006,44,opioid receptor agonist,Phase 2,nan,OPRK1,0.0,0.0,0.7561,0.0,0.0,0.0,0.7561,0.0,0.0,False
CCS(=O)(=O)N1CCC([C@@H](C)n2c(C)c(C(=O)NCc3c(OC)cc(C)[nH]c3=O)c3ccccc32)CC1,CPI-169,1,dmpnn_rdkit,2,"paeruginosa, saureus","5, 10, 20",0.753,0.6418,0.1371,0.7141,0.1031,8,histone lysine methyltransferase inhibitor,Preclinical,nan,EZH2,0.0,0.753,0.4069,0.0,0.0,0.0,0.0,0.0,0.753,False
Cc1cc(-c2cnn3c(NC[C@H]4C[C@@](C)(O)C4)cc(Oc4cccnc4)nc23)ccc1C(=O)NC1CC1,CFI-402257,1,dmpnn_rdkit,1,saureus,"5, 10, 20",0.7522,0.6869,0.0469,0.8179,0.1601,21,dual specificity protein kinase inhibitor,Phase 1/Phase 2,nan,nan,0.0,0.7522,0.0,0.0,0.0,0.0,0.0,0.0,0.7522,False
O[C@H]1[C@H]2[C@H](O)CCCN2C[C@H]1O,swainsonine,1,chemeleon_frozen,1,paeruginosa,10,0.7504,0.7504,0.0,0.7514,0.0013,49,alpha mannosidase inhibitor,Phase 2,nan,MAN2A1,0.0,0.0,0.7504,0.0,0.0,0.0,0.7504,0.0,0.0,False
O=C(NCc1ccncc1)[C@@]12C[C@H]3C[C@@H](C1)C[C@](c1ccc(Cl)cc1)(C3)C2,ABC-294640,1,chemeleon_frozen,1,ecoli,"5, 10",0.7487,0.7482,0.0005,0.7509,0.0036,44,sphingosine kinase inhibitor,Phase 2,nan,SPHK2,0.7487,0.0,0.0,0.0,0.0,0.0,0.7487,0.0,0.0,False
Cc1cc(C(=O)N2Cc3cnn(C)c3Nc3ccccc32)ccc1CNC(=O)N1CCC[C@H]1C(=S)N1CCCN(C)CC1,TC-OT-39,1,dmpnn_rdkit,1,saureus,"10, 20",0.7479,0.7167,0.0312,0.7825,0.0841,20,oxytocin receptor agonist|vasopressin receptor agonist,Preclinical,nan,AVPR1A|OXT,0.0,0.7479,0.0,0.0,0.0,0.0,0.0,0.0,0.7479,False
COc1cc(N2CCC(O)CC2)ccc1Nc1cc(Nc2ccccc2S(=O)(=O)C(C)C)c2cc[nH]c2n1,Mps1-IN-1,1,dmpnn_rdkit,1,saureus,"10, 20",0.7466,0.7064,0.0402,0.7746,0.0881,27,monopolar spindle 1 kinase inhibitor,Preclinical,nan,TTK,0.0,0.7466,0.0,0.0,0.0,0.0,0.0,0.0,0.7466,False
NS(=O)(=O)c1ccc(C(=O)O)cc1,carzenide,1,chemeleon_frozen,1,ecoli,5,0.7412,0.7412,0.0,0.752,0.0144,47,nan,Preclinical,nan,CA1|CA12|CA14|CA2|CA6|CA9,0.7412,0.0,0.0,0.0,0.0,0.0,0.7412,0.0,0.0,False
Cc1nc(Nc2cnn(C3CCNCC3)c2)nc2c1N(C)C(=O)c1cc3ccccc3cc1N2C,HTH-01-015,1,dmpnn_rdkit,1,saureus,"5, 10, 20",0.7376,0.6612,0.0586,0.7944,0.1676,35,protein kinase inhibitor,Preclinical,nan,NUAK1,0.0,0.7376,0.0,0.0,0.0,0.0,0.0,0.0,0.7376,False
O=C(O)Cc1cccc(OCCCN(Cc2cccc(C(F)(F)F)c2Cl)CC(c2ccccc2)c2ccccc2)c1,GW-3965,1,dmpnn_rdkit,1,saureus,"10, 20",0.7375,0.7009,0.0366,0.7976,0.1212,28,LXR agonist,Preclinical,nan,NR1H2|NR1H3,0.0,0.7375,0.0,0.0,0.0,0.0,0.0,0.0,0.7375,False
Cn1cc(C(=O)C(=O)N[C@H]2C[N@]3CC[C@@H]2CC3)c2ccccc21,RS-56812,1,chemeleon_frozen,1,ecoli,5,0.7365,0.7365,0.0,0.8719,0.1553,48,serotonin receptor partial agonist,Preclinical,nan,HTR3A,0.7365,0.0,0.0,0.0,0.0,0.0,0.7365,0.0,0.0,False
Cc1cc(C)cc(OC[C@H]2CNC(=O)O2)c1,metaxalone,1,chemeleon_frozen,1,paeruginosa,5,0.7365,0.7365,0.0,0.7505,0.0186,48,muscle relaxant,Launched,neurology/psychiatry,nan,0.0,0.0,0.7365,0.0,0.0,0.0,0.7365,0.0,0.0,False
CNC(=O)ON(C(C)=O)C(=O)NC,caracemide,1,chemeleon_frozen,1,ecoli,5,0.7344,0.7344,0.0,0.7351,0.001,49,ribonucleotide reductase inhibitor,Phase 2,nan,RRM1,0.7344,0.0,0.0,0.0,0.0,0.0,0.7344,0.0,0.0,False
O=C(O)C(Cl)Cl,dichloroacetate,1,chemeleon_frozen,1,ecoli,5,0.7334,0.7334,0.0,0.7339,0.0007,50,pyruvate dehydrogenase kinase inhibitor,Phase 3,nan,nan,0.7334,0.0,0.0,0.0,0.0,0.0,0.7334,0.0,0.0,False
CC1(C)CCC(c2ccc(Cl)cc2)=C(CN2CCN(c3ccc(C(=O)NS(=O)(=O)c4ccc(N[C@H](CCN5CCOCC5)CSc5ccccc5)c(S(=O)(=O)C(F)(F)F)c4)cc3)CC2)C1,navitoclax,1,dmpnn_rdkit,1,saureus,20,0.7312,0.7312,0.0,0.7665,0.046,41,BCL inhibitor,Phase 2,nan,BCL2|BCL2L1|BCL2L2,0.0,0.7312,0.0,0.0,0.0,0.0,0.0,0.0,0.7312,False
CNC(=O)Oc1ccc2c(c1)[C@]1(C)CCN(C)[C@@H]1N2C,physostigmine,1,chemeleon_frozen,1,paeruginosa,5,0.7263,0.7263,0.0,0.7902,0.0809,50,acetylcholinesterase inhibitor|cholinesterase inhibitor,Launched,cardiology|neurology/psychiatry|ophthalmology|gastroenterology,ACHE|BCHE,0.0,0.0,0.7263,0.0,0.0,0.0,0.7263,0.0,0.0,False
C[C@H](CCOc1cccc(CC(=O)O)c1)N(Cc1cccc(C(F)(F)F)c1Cl)CC(c1ccccc1)c1ccccc1,RGX-104,1,dmpnn_rdkit,1,saureus,"10, 20",0.7236,0.6816,0.042,0.7806,0.1268,41,LXR agonist,Phase 1,nan,nan,0.0,0.7236,0.0,0.0,0.0,0.0,0.0,0.0,0.7236,False
CN1C(=O)N(C[C@H](C(=O)NO)[C@@H](CC2CCCC2)C(=O)N2CCCCC2)C(=O)C1(C)C,cipemastat,1,dmpnn_rdkit,1,saureus,"5, 10, 20",0.721,0.7064,0.0115,0.7456,0.0526,7,metalloproteinase inhibitor,Phase 3,nan,ADAM17|MMP1|MMP13|MMP2|MMP3|MMP8|MMP9,0.0,0.721,0.0,0.0,0.0,0.0,0.0,0.0,0.721,False
CCS(=O)(=O)c1cccc(-c2cc(C(=O)NC3CCN(C)CC3)c(C)c3[nH]c4ncc(C)cc4c23)c1,TAK-901,1,dmpnn_rdkit,1,saureus,"10, 20",0.7206,0.6875,0.0331,0.7477,0.0805,33,Aurora kinase inhibitor,Phase 1,nan,AURKB,0.0,0.7206,0.0,0.0,0.0,0.0,0.0,0.0,0.7206,False
CC(C)CC(=O)Nc1cncc(-c2ccc3[nH]nc(-c4nc5cncc(-c6cccc(F)c6)c5[nH]4)c3c2)c1,adavivint,1,dmpnn_rdkit,3,"ecoli, paeruginosa, saureus","10, 20",0.7181,0.6227,0.0663,0.7315,0.1487,15,WNT pathway inhibitor,Phase 1,nan,nan,0.6864,0.7181,0.5892,0.0,0.0,0.0,0.0,0.0,0.7181,False
CN1C(=O)C(F)=C[C@]2(C)[C@H]3CC[C@]4(C)[C@@H](C(=O)NCc5nc6ncccc6[nH]5)CC[C@H]4[C@@H]3CC[C@@H]12,MK-0773,1,dmpnn_rdkit,1,saureus,"5, 10, 20",0.7117,0.6428,0.0547,0.7606,0.1549,43,androgen receptor modulator,Phase 2,nan,AR,0.0,0.7117,0.0,0.0,0.0,0.0,0.0,0.0,0.7117,False
CC[C@@](C)(Nc1ccnc(-c2c[nH]c3ncccc23)n1)C(=O)NCC(F)(F)F,decernotinib,1,dmpnn_rdkit,1,ecoli,"5, 10, 20",0.7112,0.6277,0.0839,0.7471,0.1599,11,JAK inhibitor,Phase 2/Phase 3,nan,JAK3,0.7112,0.0,0.0,0.0,0.0,0.0,0.0,0.0,0.7112,False
Cc1ccc(-c2ccc3c(c2)C=C(C(=O)Nc2ccc(C[N+](C)(C)C4CCOCC4)cc2)CCC3)cc1,TAK-779,1,dmpnn_rdkit,1,saureus,20,0.7041,0.7041,0.0,0.7515,0.0631,50,CC chemokine receptor antagonist,Preclinical,nan,nan,0.0,0.7041,0.0,0.0,0.0,0.0,0.0,0.0,0.7041,False
O=C(NN1C(=O)[C@@H]2[C@@H]3C=C[C@@H]([C@H]4C[C@@H]34)[C@@H]2C1=O)c1ccc(C(F)(F)F)cc1,tecovirimat,1,dmpnn_rdkit,1,saureus,"5, 10",0.6873,0.6818,0.0054,0.6993,0.0251,9,orthopoxvirus egress inhibitor,Launched,infectious disease,nan,0.0,0.6873,0.0,0.0,0.0,0.0,0.0,0.0,0.6873,False
COc1cc2nc(N3CCN(C(=O)[C@H]4COc5ccccc5O4)CC3)nc(N)c2cc1OC,doxazosin,1,dmpnn_rdkit,1,saureus,"5, 10",0.6825,0.6636,0.019,0.7636,0.131,11,adrenergic receptor antagonist,Launched,urology|cardiology,ADRA1A|ADRA1B|ADRA1D,0.0,0.6825,0.0,0.0,0.0,0.0,0.0,0.0,0.6825,False
COCCN1CCC(C(=O)NO)(S(=O)(=O)c2ccc(Oc3ccc(OC(F)(F)F)cc3)cc2)CC1,SD-2590,1,dmpnn_rdkit,1,paeruginosa,"5, 10, 20",0.681,0.6144,0.0472,0.7133,0.1386,3,matrix metalloprotease inhibitor,Preclinical,nan,MMP1|MMP13|MMP2,0.0,0.0,0.681,0.0,0.0,0.0,0.0,0.0,0.681,False
OC1(CN2CCC(COc3noc4cccc(O[C@@H]5CCOC5)c34)CC2)CCOCC1,PF-04995274,1,dmpnn_rdkit,1,ecoli,"5, 10, 20",0.6785,0.6641,0.0102,0.6928,0.0415,5,serotonin receptor agonist,Phase 1,nan,nan,0.6785,0.0,0.0,0.0,0.0,0.0,0.0,0.0,0.6785,False
Cc1nc2n(c(=O)c1CCN1CCC(c3noc4cc(F)ccc34)CC1)CCC[C@@H]2O,paliperidone,1,dmpnn_rdkit,1,ecoli,"5, 10, 20",0.6751,0.6454,0.0212,0.7113,0.0926,9,dopamine receptor antagonist|serotonin receptor antagonist,Launched,neurology/psychiatry,DRD2|HTR2A,0.6751,0.0,0.0,0.0,0.0,0.0,0.0,0.0,0.6751,False
CCCC(=O)N1CCCN(c2nc(N)c3cc(OC)c(OC)cc3n2)CC1,bunazosin,1,dmpnn_rdkit,1,saureus,"5, 10",0.6735,0.6578,0.0157,0.7176,0.0833,12,adrenergic receptor antagonist,Launched,ophthalmology,ADRA1A,0.0,0.6735,0.0,0.0,0.0,0.0,0.0,0.0,0.6735,False
[O-][N+]CNc1ccc(N2CCOCC2)c(Cl)c1,TS-011,1,dmpnn_rdkit,1,ecoli,"5, 10, 20",0.6684,0.662,0.0082,0.6775,0.0229,7,delayed vasospasm antagonist,Preclinical,nan,nan,0.6684,0.0,0.0,0.0,0.0,0.0,0.0,0.0,0.6684,False
CCCCCCCCN=c1ccn(CCCCCCCCCCn2ccc(=NCCCCCCCC)cc2)cc1,octenidine,1,rf,2,"ecoli, saureus","5, 10, 20",0.6649,0.5785,0.0524,0.8678,0.3334,8,membrane integrity inhibitor,Launched,infectious disease,nan,0.5963,0.6649,0.0,0.0,0.6649,0.0,0.0,0.0,0.0,False
CN1CCN(c2ccc(OC(F)(F)F)c(Nc3ncc4c(n3)-c3c(c(C(N)=O)nn3CCO)CC4)c2)CC1,NMS-1286937,1,dmpnn_rdkit,1,ecoli,20,0.6627,0.6627,0.0,0.8229,0.1947,23,PLK inhibitor,Phase 2,nan,FLT3|PLK1|PLK2|PLK3,0.6627,0.0,0.0,0.0,0.0,0.0,0.0,0.0,0.6627,False
Cc1cc(C(=O)Nc2cc(Oc3ccc4nc(NC(=O)C5CC5)cn4n3)ccc2C)n(C)n1,TAK-593,1,dmpnn_rdkit,1,ecoli,"5, 10, 20",0.662,0.6257,0.0336,0.7315,0.1446,10,VEGFR inhibitor,Phase 1,nan,PDGFRA,0.662,0.0,0.0,0.0,0.0,0.0,0.0,0.0,0.662,False
O=C(NOCC1CC1)c1ccc(F)c(F)c1Nc1ccc(I)cc1Cl,PD-184352,1,dmpnn_rdkit,2,"paeruginosa, saureus","5, 10, 20",0.6613,0.5765,0.0537,0.6833,0.1552,12,MEK inhibitor,Phase 2,nan,MAP2K1|MAP3K1|MAP3K2,0.0,0.6613,0.5817,0.0,0.0,0.0,0.0,0.0,0.6613,False
CC[C@@H]1C(=O)N(C)c2cnc(Nc3ccc(C(=O)NC4CCN(C)CC4)cc3OC)nc2N1C1CCCC1,BI-2536,1,dmpnn_rdkit,1,saureus,5,0.6569,0.6569,0.0,0.7514,0.1258,16,PLK inhibitor,Phase 2,nan,BRD4|PLK1|PLK2|PLK3,0.0,0.6569,0.0,0.0,0.0,0.0,0.0,0.0,0.6569,False
N[C@@H]1CCCN(c2c(Br)cnc3[nH]cc(NC(=O)C4CC4)c23)C1,GDC-0575,1,dmpnn_rdkit,1,ecoli,"5, 10, 20",0.6514,0.6049,0.0445,0.6655,0.0911,15,CHK inhibitor,Phase 1,nan,nan,0.6514,0.0,0.0,0.0,0.0,0.0,0.0,0.0,0.6514,False
CCN(CC)C[C@H]1CCCCN1CC(=O)N1c2ccccc2C(=O)Nc2cccnc21,otenzepad,1,dmpnn_rdkit,1,saureus,5,0.6478,0.6478,0.0,0.6681,0.0305,18,acetylcholine receptor antagonist,Phase 3,nan,CHRM1|CHRM2|CHRM3|CHRM4|CHRM5,0.0,0.6478,0.0,0.0,0.0,0.0,0.0,0.0,0.6478,False
COc1ccc2cc1Oc1ccc(cc1)C[C@H]1c3cc(c(OC)cc3CCN1C)Oc1c(OC)c(OC)cc3c1[C@H](C2)N(C)CC3,tetrandrine,1,rf,1,mtb,"5, 10, 20",0.6446,0.604,0.0362,0.8066,0.2512,13,calcium channel blocker,Preclinical,nan,SLC6A3,0.0,0.0,0.0,0.6446,0.6446,0.0,0.0,0.0,0.0,False
CCn1nc(C2CCN(C(=O)CCO)CC2)nc1-c1cnc(N)c(-c2nnc(C(C)(C)C)o2)n1,AZD8835,1,dmpnn_rdkit,1,ecoli,"5, 10, 20",0.6445,0.6133,0.0309,0.6661,0.0793,8,PI3K inhibitor,Phase 1,nan,PIK3CA|PIK3CD,0.6445,0.0,0.0,0.0,0.0,0.0,0.0,0.0,0.6445,False
Cc1cc(I)ccc1Nc1c(C(=O)NOCC2CC2)cc(F)c(F)c1F,PD-198306,1,dmpnn_rdkit,3,"ecoli, paeruginosa, saureus","5, 10, 20",0.6388,0.5892,0.0321,0.6558,0.1012,8,MAP kinase inhibitor|MEK inhibitor,Preclinical,nan,MAP2K1|MAP2K2,0.6158,0.6388,0.6126,0.0,0.0,0.0,0.0,0.0,0.6388,False
C/C(=C\C(=O)OCCCCCCCCC(=O)O)C[C@@H]1OC[C@H](C[C@@H]2O[C@H]2[C@@H](C)[C@H](C)O)[C@@H](O)[C@H]1O,mupirocin,1,rf,1,saureus,"5, 10, 20",0.6384,0.5545,0.0711,0.8477,0.3459,11,isoleucyl-tRNA synthetase inhibitor,Launched,infectious disease,nan,0.0,0.6384,0.0,0.0,0.6384,0.0,0.0,0.0,0.0,False
CCCS(=O)(=O)Nc1ccc(F)c(C(=O)c2c[nH]c3ncc(-c4ccc(Cl)cc4)cc23)c1F,vemurafenib,1,dmpnn_rdkit,1,saureus,10,0.6322,0.6322,0.0,0.7527,0.16,47,RAF inhibitor,Launched,oncology,BRAF|RAF1,0.0,0.6322,0.0,0.0,0.0,0.0,0.0,0.0,0.6322,False
CS(=O)(=O)N1CCc2c(-c3cnc(N)nc3)nc(N3CCOCC3)nc21,CH5132799,1,dmpnn_rdkit,1,saureus,5,0.6319,0.6319,0.0,0.6552,0.0356,24,PI3K inhibitor,Phase 1,nan,MTOR|PIK3CA|PIK3CB|PIK3CD|PIK3CG,0.0,0.6319,0.0,0.0,0.0,0.0,0.0,0.0,0.6319,False
C[C@@H](NCc1cc(Br)cc2[nH]c(=O)c(=O)[nH]c12)P(=O)(O)O,CGP-78608,1,dmpnn_rdkit,1,ecoli,"10, 20",0.6306,0.579,0.0516,0.6864,0.1564,30,glutamate receptor antagonist,Preclinical,nan,nan,0.6306,0.0,0.0,0.0,0.0,0.0,0.0,0.0,0.6306,False
CC[N+](CC)(CCCNC1=CC(=O)C(NCCC[N+](CC)(CC)Cc2ccccc2)=CC1=O)Cc1ccccc1,benzoquinonium-dibromide,1,dmpnn_rdkit,1,saureus,10,0.6268,0.6268,0.0,0.8084,0.2246,49,cholinergic receptor antagonist,Preclinical,nan,CHRNA1,0.0,0.6268,0.0,0.0,0.0,0.0,0.0,0.0,0.6268,False
COc1cccc(Nc2ncnn3ccc(CN4CC[C@@H](N)[C@H](O)C4)c23)c1,BMS-690514,1,dmpnn_rdkit,1,ecoli,"5, 10, 20",0.6253,0.6199,0.005,0.6365,0.0261,12,EGFR inhibitor|VEGFR inhibitor,Phase 2,nan,EGFR|ERBB2|FLT3|KDR,0.6253,0.0,0.0,0.0,0.0,0.0,0.0,0.0,0.6253,False
C[C@H](NC(=O)Cc1cc(F)cc(F)c1)C(=O)N[C@@H]1C(=O)N(C)c2ccccc2-c2ccccc21,YO-01027,1,dmpnn_rdkit,1,ecoli,"5, 10, 20",0.6239,0.5616,0.0466,0.6949,0.1918,33,gamma secretase inhibitor,Preclinical,nan,nan,0.6239,0.0,0.0,0.0,0.0,0.0,0.0,0.0,0.6239,False
CN1CCC(Nc2nc(Nc3ccc(Oc4ccccc4)cc3)c3c(O)ncc(Br)c3n2)CC1,G-749,1,dmpnn_rdkit,1,ecoli,20,0.6174,0.6174,0.0,0.6556,0.0582,38,tyrosine kinase inhibitor,Preclinical,nan,nan,0.6174,0.0,0.0,0.0,0.0,0.0,0.0,0.0,0.6174,False
CNc1nc(NCc2ncccn2)c2c(-c3ccc4ncccc4c3)c[nH]c2n1,T-025,1,dmpnn_rdkit,1,ecoli,"5, 10, 20",0.6167,0.5655,0.0504,0.6332,0.1068,22,CLK inhibitor,Preclinical,nan,nan,0.6167,0.0,0.0,0.0,0.0,0.0,0.0,0.0,0.6167,False
COC1CCN(c2cccc(-c3cc(NC(C)=O)nc(-n4nc(C)cc4C)n3)n2)CC1,TC-G-1004,1,dmpnn_rdkit,1,saureus,5,0.6146,0.6146,0.0,0.7149,0.1403,27,adenosine receptor antagonist,Preclinical,nan,ADORA2A,0.0,0.6146,0.0,0.0,0.0,0.0,0.0,0.0,0.6146,False
COc1c(Nc2ccc(S(C)(=O)=O)nc2C)ncnc1OC1CCN(C(=O)OC(C)C)CC1,APD597,1,dmpnn_rdkit,2,"ecoli, saureus",5,0.614,0.5653,0.0487,0.6903,0.1811,28,glucose dependent insulinotropic receptor agonist,Phase 1,nan,GPR119,0.5166,0.614,0.0,0.0,0.0,0.0,0.0,0.0,0.614,False
CSCC[C@H](NC(=O)[C@H](Cc1c[nH]c2ccccc12)NC(=O)CNC(=O)[C@@H](NC(=O)[C@H](Cc1ccc(OS(=O)(=O)O)cc1)NC(=O)[C@H](CC(=O)O)NC(=O)[C@H](CCC(N)=O)NC(=O)[C@@H]1CCC(=O)N1)[C@@H](C)O)C(=O)N[C@@H](CC(=O)O)C(=O)N[C@@H](Cc1ccccc1)C(N)=O,ceruletide,1,dmpnn_rdkit,1,paeruginosa,20,0.6134,0.6134,0.0,0.7,0.1236,14,CCK receptor agonist,Preclinical,nan,CCKAR,0.0,0.0,0.6134,0.0,0.0,0.0,0.0,0.0,0.6134,False
Cc1cc(Nc2ncc(Cl)c(Nc3ccccc3S(=O)(=O)C(C)C)n2)c(OC(C)C)cc1C1CCNCC1,ceritinib,1,rf,1,mtb,"5, 10, 20",0.612,0.5649,0.0429,0.7364,0.2329,16,ALK tyrosine kinase receptor inhibitor,Launched,oncology,ALK|FLT3|IGF1R|INSR|TSSK1B,0.0,0.0,0.0,0.612,0.612,0.0,0.0,0.0,0.0,False
Cc1cc(C)c(-c2ccc(NC(=O)[C@H](Cc3ccc(C(=O)NCCS(=O)(=O)O)cc3)c3ccc(-c4ccc(C(C)(C)C)cc4)cc3)cc2)c(C)c1,LGD-6972,1,dmpnn_rdkit,1,ecoli,"5, 10, 20",0.6109,0.5537,0.0516,0.6445,0.141,29,glucagon receptor antagonist,Phase 2,nan,nan,0.6109,0.0,0.0,0.0,0.0,0.0,0.0,0.0,0.6109,False
Cc1c[nH]c2ncnc(N3CCC(CN)(C(=O)Nc4cccc(OC(=O)N(C)C)c4)CC3)c12,LX7101,1,dmpnn_rdkit,1,ecoli,"5, 10, 20",0.6078,0.5357,0.0586,0.6638,0.193,44,LIM kinase inhibitor|rho associated kinase inhibitor,Phase 1/Phase 2,nan,LIMK2|ROCK1|ROCK2,0.6078,0.0,0.0,0.0,0.0,0.0,0.0,0.0,0.6078,False
CC(=O)c1c(C)c2cnc(Nc3ccc(N4CCNCC4)cn3)nc2n(C2CCCC2)c1=O,palbociclib,1,dmpnn_rdkit,1,saureus,5,0.6056,0.6056,0.0,0.7214,0.1605,32,CDK inhibitor,Launched,oncology,CDK4|CDK6,0.0,0.6056,0.0,0.0,0.0,0.0,0.0,0.0,0.6056,False
COc1ccc2cc1Oc1ccc(cc1)C[C@H]1c3c(cc4c(c3Oc3cc5c(cc3OC)CCN(C)[C@@H]5C2)OCO4)CCN1C,cepharanthine,1,rf,1,mtb,"5, 10, 20",0.6031,0.5569,0.0363,0.7663,0.2732,20,NFkB pathway inhibitor,Phase 2,nan,nan,0.0,0.0,0.0,0.6031,0.6031,0.0,0.0,0.0,0.0,False
FC(F)(F)c1ccc(CNc2ccc(Cc3c[nH]c4ncc(Cl)cc34)cn2)cn1,pexidartinib,1,dmpnn_rdkit,1,ecoli,"10, 20",0.6011,0.5692,0.0319,0.6312,0.0982,43,tyrosine kinase inhibitor,Launched,nan,CSF1R|FLT3|KIT,0.6011,0.0,0.0,0.0,0.0,0.0,0.0,0.0,0.6011,False
COc1ncc(-c2ccc3c(Nc4cc(Oc5cc(F)cc(F)c5)cc(C(=O)O)c4)c(S(=O)(=O)NC4CC4)cnc3c2)c(OC)n1,GSK2837808A,1,dmpnn_rdkit,1,paeruginosa,20,0.601,0.601,0.0,0.7075,0.1504,18,lactate dehydrogenase inhibitor,Preclinical,nan,LDHA,0.0,0.0,0.601,0.0,0.0,0.0,0.0,0.0,0.601,False
O=C1Nc2ccc(Cl)c3c2[C@@]1(CCCCN1CC=C(c2ccc(Cl)cc2)CC1)CCC3,DR-4485,1,dmpnn_rdkit,1,ecoli,20,0.6007,0.6007,0.0,0.6481,0.0732,47,serotonin receptor antagonist,Preclinical,nan,HTR7,0.6007,0.0,0.0,0.0,0.0,0.0,0.0,0.0,0.6007,False
C#CCCC(=O)[C@@H](C#N)C(=O)Nc1ccc(C(F)(F)F)cc1,manitimus,1,dmpnn_rdkit,1,saureus,5,0.6005,0.6005,0.0,0.6018,0.002,33,dehydrogenase inhibitor,Preclinical,nan,nan,0.0,0.6005,0.0,0.0,0.0,0.0,0.0,0.0,0.6005,False
C[C@@H](Cn1ccc(-c2ccc(C#N)c(Cl)c2)n1)NC(=O)c1cc([C@@H](C)O)n[nH]1,darolutamide,1,dmpnn_rdkit,1,ecoli,"10, 20",0.5994,0.5828,0.0167,0.6338,0.0805,28,androgen receptor antagonist,Launched,oncology,AR,0.5994,0.0,0.0,0.0,0.0,0.0,0.0,0.0,0.5994,False
O=C(O)[C@H]1C2CCC(CC2)[C@@H]1Nc1nc(-c2c[nH]c3ncc(F)cc23)ncc1F,pimodivir,1,dmpnn_rdkit,1,ecoli,20,0.5982,0.5982,0.0,0.723,0.1727,49,antiviral,Phase 3,nan,nan,0.5982,0.0,0.0,0.0,0.0,0.0,0.0,0.0,0.5982,False
Cc1cc2ncc(C(=O)NCC(C)(C)NCC(=O)N3CCC[C@H]3C#N)cn2n1,anagliptin,1,dmpnn_rdkit,1,saureus,5,0.5977,0.5977,0.0,0.6213,0.0379,34,dipeptidyl peptidase inhibitor,Launched,endocrinology,DPP4,0.0,0.5977,0.0,0.0,0.0,0.0,0.0,0.0,0.5977,False
COc1cc2nc(N3CCN(C(=O)[C@H](C)OC)CC3)nc(N)c2cc1OC,metazosin,1,dmpnn_rdkit,1,saureus,5,0.5977,0.5977,0.0,0.6261,0.0453,35,adrenergic receptor antagonist,Phase 2,nan,ADRA1A,0.0,0.5977,0.0,0.0,0.0,0.0,0.0,0.0,0.5977,False
COc1cc2nc(N3CCN(C(=O)[C@H]4CCCO4)CC3)nc(N)c2cc1OC,terazosin,1,dmpnn_rdkit,1,saureus,5,0.5971,0.5971,0.0,0.6212,0.0388,36,adrenergic receptor antagonist,Launched,urology|cardiology,ADRA1A|ADRA1B|ADRA1D,0.0,0.5971,0.0,0.0,0.0,0.0,0.0,0.0,0.5971,False
Cc1oncc1C(=O)Nc1ccc(C(F)(F)F)cc1,leflunomide,1,rf,1,mtb,"5, 10, 20",0.5961,0.5797,0.0147,0.6603,0.122,13,dihydroorotate dehydrogenase inhibitor|PDGFR tyrosine kinase receptor inhibitor,Launched,rheumatology,AHR|DHODH|PTK2B,0.0,0.0,0.0,0.5961,0.5961,0.0,0.0,0.0,0.0,False
CN[C@@H](C)C(=O)N[C@H](C(=O)N1CCC[C@H]1C(=O)Nc1sc(-c2ncco2)nc1-c1ccccc1)C1CCCCC1,CUDC-427,1,dmpnn_rdkit,1,saureus,5,0.5949,0.5949,0.0,0.7265,0.1812,40,apoptosis inhibitor,Phase 1,nan,XIAP,0.0,0.5949,0.0,0.0,0.0,0.0,0.0,0.0,0.5949,False
C=C[C@@H]1C[C@]1(NC(=O)[C@@H]1C[C@@H](Oc2ncc(OC)c3ccc(Cl)cc23)CN1C(=O)[C@@H](NC(=O)OC(C)(C)C)C(C)(C)C)C(=O)NS(=O)(=O)C1CC1,asunaprevir,1,dmpnn_rdkit,1,paeruginosa,"5, 10, 20",0.5948,0.5121,0.0589,0.6458,0.207,19,HCV inhibitor,Phase 3,nan,nan,0.0,0.0,0.5948,0.0,0.0,0.0,0.0,0.0,0.5948,False
OC(Cn1cncn1)(Cn1cncn1)c1ccc(F)cc1F,fluconazole,1,rf,1,mtb,"5, 10, 20",0.5894,0.5705,0.0135,0.6703,0.1489,14,sterol demethylase inhibitor,Launched,infectious disease,CYP51A1,0.0,0.0,0.0,0.5894,0.5894,0.0,0.0,0.0,0.0,False
CC(C)(C)[C@@H]1NC(=O)O[C@@H]2CCC[C@H]2OC/C=C/C(F)(F)c2nc3ccccc3nc2O[C@@H]2C[C@@H](C(=O)N[C@]3(C(=O)NS(=O)(=O)C4(C)CC4)C[C@H]3C(F)F)N(C2)C1=O,glecaprevir,1,dmpnn_rdkit,1,saureus,5,0.5871,0.5871,0.0,0.6952,0.1556,43,serine protease inhibitor,Launched,infectious disease,nan,0.0,0.5871,0.0,0.0,0.0,0.0,0.0,0.0,0.5871,False
CC#CC(=O)N1CCC[C@H]1c1nc(-c2ccc(C(=O)Nc3ccccn3)cc2)c2c(N)nccn12,acalabrutinib,1,dmpnn_rdkit,1,saureus,5,0.5835,0.5835,0.0,0.7254,0.1956,44,Bruton's tyrosine kinase (BTK) inhibitor,Launched,hematologic malignancy,BTK,0.0,0.5835,0.0,0.0,0.0,0.0,0.0,0.0,0.5835,False
N[C@@H](CCC(=O)N[C@@H](CS[N+][O-])C(=O)NCC(=O)O)C(=O)O,S-nitrosoglutathione,1,dmpnn_rdkit,1,ecoli,"5, 10",0.5834,0.5718,0.0116,0.6676,0.1436,15,nitric oxide stimulant,Phase 1,nan,PTPN1,0.5834,0.0,0.0,0.0,0.0,0.0,0.0,0.0,0.5834,False
CCc1nc(C)cn2nc(-c3cc(=O)n4cc(C5CCN(C)CC5)cc(C)c4n3)cc12,RG7800,1,dmpnn_rdkit,1,saureus,5,0.5834,0.5834,0.0,0.6965,0.1624,45,RNA splicing modifier,Preclinical,nan,nan,0.0,0.5834,0.0,0.0,0.0,0.0,0.0,0.0,0.5834,False
CCCCCCC[n+]1ccc(-c2cc[n+](CCCCCCC)cc2)cc1,DHBP,1,rf,2,"ecoli, saureus","5, 10, 20",0.5796,0.5156,0.0464,0.656,0.2141,10,ryanodine receptor blocker,Preclinical,nan,nan,0.4994,0.5796,0.0,0.0,0.5796,0.0,0.0,0.0,0.0,False
O=C1Nc2cc(Br)ccc2/C1=C1Nc2ccccc2C/1=N/O,GSK-3-inhibitor-IX,1,rf,1,ecoli,"5, 10, 20",0.5791,0.5568,0.0249,0.705,0.2101,11,glycogen synthase kinase inhibitor|lipoxygenase inhibitor,Preclinical,nan,GSK3A|GSK3B,0.5791,0.0,0.0,0.0,0.5791,0.0,0.0,0.0,0.0,False
C#Cc1cccc(Nc2ncnc3cc(OC)c(OCCCCCCC(=O)NO)cc23)c1,CUDC-101,1,dmpnn_rdkit,1,ecoli,"5, 10",0.5733,0.5668,0.0065,0.6194,0.085,20,EGFR inhibitor,Phase 1,nan,EGFR|ERBB2,0.5733,0.0,0.0,0.0,0.0,0.0,0.0,0.0,0.5733,False
O=C(Nc1ccc(Br)cc1)c1cc(Br)cc(Br)c1O,tribomsalan,1,rf,1,saureus,"5, 10, 20",0.5724,0.532,0.0301,0.8042,0.3385,8,nan,Preclinical,nan,nan,0.0,0.5724,0.0,0.0,0.5724,0.0,0.0,0.0,0.0,False
O=C(O)/C=C/c1ccc(-c2ccc(O)c(C34CC5CC(CC(C5)C3)C4)c2)cc1,adarotene,1,rf,1,saureus,"5, 10, 20",0.5679,0.5264,0.0296,0.6127,0.1408,17,retinoid receptor agonist,Phase 1,nan,RARB|RARG,0.0,0.5679,0.0,0.0,0.5679,0.0,0.0,0.0,0.0,False
CC1(C)SCCN(S(=O)(=O)c2ccc(Oc3ccncc3)cc2)[C@H]1C(=O)NO,prinomastat,1,dmpnn_rdkit,1,paeruginosa,"5, 10, 20",0.5659,0.5255,0.0286,0.6031,0.1286,13,matrix metalloprotease inhibitor,Phase 3,nan,nan,0.0,0.0,0.5659,0.0,0.0,0.0,0.0,0.0,0.5659,False
CC(C)NNC(=O)c1ccncc1,iproniazid,1,rf,1,mtb,"5, 10, 20",0.5655,0.56,0.0055,0.5802,0.0348,12,monoamine oxidase inhibitor,Withdrawn,nan,MAOA|MAOB,0.0,0.0,0.0,0.5655,0.5655,0.0,0.0,0.0,0.0,False
CC(C)(C)[C@H]1CCc2c(sc(NC(=O)c3ccco3)c2C(=O)O)C1,CaCCinh-A01,1,rf,3,"ecoli, paeruginosa, saureus","5, 10, 20",0.5628,0.503,0.0339,0.6321,0.2044,4,calcium-activated chloride channel inhibitor,Preclinical,nan,CLCA1,0.5344,0.4911,0.5628,0.0,0.5628,0.0,0.0,0.0,0.0,False
CC1(C)CN2C(CS/C(=N/C3CCCCC3)NC3CCCCC3)=CSC2=N1,IT1t,1,dmpnn_rdkit,1,paeruginosa,"10, 20",0.5622,0.5456,0.0166,0.5787,0.0572,15,CC chemokine receptor antagonist,Preclinical,nan,CXCR4,0.0,0.0,0.5622,0.0,0.0,0.0,0.0,0.0,0.5622,False
Cn1cc(CNCC2CCN(c3ncc(C(=O)NO)cn3)CC2)c2ccccc21,JNJ-26481585,1,dmpnn_rdkit,2,"ecoli, paeruginosa","5, 10",0.5612,0.496,0.0618,0.5296,0.0635,24,HDAC inhibitor,Phase 2,nan,HDAC1|HDAC10|HDAC11|HDAC2|HDAC3|HDAC4|HDAC5|HDAC6|HDAC7|HDAC8|HDAC9|MDM2,0.5612,0.0,0.4369,0.0,0.0,0.0,0.0,0.0,0.5612,False
CC(C)NC(=O)[C@H]1CC[C@@H](n2c(NC(=O)c3ccc(F)cc3)nc3ccc(CN4CCC(C(C)(C)O)CC4)cc32)CC1,belizatinib,1,rf,1,mtb,20,0.5595,0.5595,0.0,0.6373,0.1219,34,receptor tyrosine protein kinase inhibitor,Preclinical,nan,nan,0.0,0.0,0.0,0.5595,0.5595,0.0,0.0,0.0,0.0,False
CCCCCCCC[N+](C)(C)Cc1ccccc1,benzyldimethyloctylammonium,1,rf,2,"ecoli, saureus","5, 10, 20",0.5583,0.5114,0.0434,0.7809,0.3438,16,nan,Preclinical,nan,nan,0.4715,0.5583,0.0,0.0,0.5583,0.0,0.0,0.0,0.0,False
O=C(NCCN1CCC(n2c(=O)[nH]c3cc(Cl)ccc32)CC1)c1ccc(F)cc1,halopemide,1,rf,1,mtb,"10, 20",0.5574,0.5389,0.0184,0.6159,0.1249,30,phospholipase inhibitor,Phase 2,nan,PLD1|PLD2,0.0,0.0,0.0,0.5574,0.5574,0.0,0.0,0.0,0.0,False
Cc1cc(/C=C/c2ccc3cc(N(C)C)ccc3[n+]2C)c(C)n1-c1ccccc1,pyrvinium-pamoate,1,rf,1,mtb,20,0.5566,0.5566,0.0,0.6945,0.1985,37,androgen receptor antagonist,Launched,infectious disease,AR,0.0,0.0,0.0,0.5566,0.5566,0.0,0.0,0.0,0.0,False
NS(=O)(=O)c1cc(C(=O)O)cc(N2CCCC2)c1Oc1ccccc1,piretanide,1,dmpnn_rdkit,1,ecoli,5,0.5561,0.5561,0.0,0.5843,0.0483,22,glucocorticoid receptor agonist,Launched,cardiology,SLC12A1|SLC12A2,0.5561,0.0,0.0,0.0,0.0,0.0,0.0,0.0,0.5561,False
CCCCCCCCCCCCCCCC[n+]1ccccc1,cetylpyridinium,1,rf,1,saureus,"5, 10, 20",0.5554,0.5435,0.016,0.6821,0.2032,14,nan,Launched,dental,nan,0.0,0.5554,0.0,0.0,0.5554,0.0,0.0,0.0,0.0,False
COC(=O)N[C@H](C(=O)N1CCC[C@H]1c1nc(-c2ccc(-c3ccc(-c4c[nH]c([C@@H]5CCCN5C(=O)[C@@H](NC(=O)OC)C(C)C)n4)cc3)cc2)c[nH]1)C(C)C,daclatasvir,1,dmpnn_rdkit,1,paeruginosa,"10, 20",0.5502,0.5124,0.0378,0.5727,0.1054,29,HCV inhibitor,Launched,infectious disease,nan,0.0,0.0,0.5502,0.0,0.0,0.0,0.0,0.0,0.5502,False
Nc1ncn([C@@H]2O[C@H](CO)[C@@H](O)[C@H]2O)c(=O)n1,azacitidine,1,rf,1,ecoli,"5, 10, 20",0.5434,0.5239,0.0138,0.5907,0.1131,15,DNA methyltransferase inhibitor,Launched,hematologic malignancy|hematology,DNMT1|DNMT3A,0.5434,0.0,0.0,0.0,0.5434,0.0,0.0,0.0,0.0,False
Cc1cc(CCC[C@H](CC(=O)NO)C(=O)N[C@H](C(=O)N[C@H](C)c2ccccc2)C(C)(C)C)ccc1-c1ccccc1,UK-356618,1,dmpnn_rdkit,2,"ecoli, paeruginosa","10, 20",0.5381,0.4946,0.0363,0.5624,0.1188,39,metalloproteinase inhibitor,Preclinical,nan,MMP13|MMP14|MMP2|MMP3|MMP9,0.5381,0.0,0.4964,0.0,0.0,0.0,0.0,0.0,0.5381,False
CCOc1cc(N)c(Cl)cc1C(=O)NC[C@H]1CN(Cc2ccc(F)cc2)CCO1,mosapride,1,rf,1,mtb,"5, 10, 20",0.538,0.5048,0.0255,0.6562,0.2308,41,serotonin receptor agonist,Launched,gastroenterology,HTR4,0.0,0.0,0.0,0.538,0.538,0.0,0.0,0.0,0.0,False
Cc1cccc(-c2nc(CNc3ccccc3F)[nH]c2-c2ccc3ncnn3c2)n1,EW-7197,1,dmpnn_rdkit,1,paeruginosa,"10, 20",0.5375,0.5136,0.0239,0.5562,0.0765,25,TGF beta receptor inhibitor,Phase 2,nan,ACVR1B|TGFBR1,0.0,0.0,0.5375,0.0,0.0,0.0,0.0,0.0,0.5375,False
CCOc1cc(N2CCC(O)CC2)ccc1Nc1ncc2c(n1)N(C)c1ccccc1C(=O)N2C,XMD8-92,1,dmpnn_rdkit,1,ecoli,5,0.5372,0.5372,0.0,0.6142,0.1254,28,MAP kinase inhibitor,Preclinical,nan,DCLK2|MAPK7|PLK4|TNK1,0.5372,0.0,0.0,0.0,0.0,0.0,0.0,0.0,0.5372,False
CC(C)N1Cc2cc(S(C)(=O)=O)ccc2N(CCN2CC=C(c3c[nH]c4cc(F)ccc34)CC2)S1(=O)=O,LY393558,1,dmpnn_rdkit,2,"ecoli, paeruginosa","10, 20",0.5355,0.4959,0.0347,0.5638,0.1186,35,serotonin receptor antagonist,Preclinical,nan,HTR1B|HTR1D|HTR2A|HTR2B,0.5355,0.0,0.5012,0.0,0.0,0.0,0.0,0.0,0.5355,False
CCS(=O)(=O)Nc1ccc(Oc2ccc(F)cc2F)c(-c2cn(C)c(=O)c3[nH]ccc23)c1,mivebresib,1,dmpnn_rdkit,1,ecoli,"5, 10",0.5319,0.5019,0.0299,0.6095,0.1764,47,bromodomain inhibitor,Phase 1,nan,nan,0.5319,0.0,0.0,0.0,0.0,0.0,0.0,0.0,0.5319,False
CC1(C)SCCN(S(=O)(=O)c2ccc(OCC#CCO)cc2)[C@H]1C(=O)NO,apratastat,1,dmpnn_rdkit,1,paeruginosa,"5, 10, 20",0.5225,0.4853,0.0268,0.5624,0.1371,24,matrix metalloprotease inhibitor|tumor necrosis factor production inhibitor,Phase 2,nan,ADAM17|MMP1|MMP13|MMP9,0.0,0.0,0.5225,0.0,0.0,0.0,0.0,0.0,0.5225,False
O=C(CCCN1CCC(O)(c2ccc(Br)cc2)CC1)c1ccc(F)cc1,bromperidol,1,rf,1,mtb,"5, 10",0.5183,0.5173,0.001,0.5582,0.0731,22,dopamine receptor antagonist,Launched,neurology/psychiatry,DRD2,0.0,0.0,0.0,0.5183,0.5183,0.0,0.0,0.0,0.0,False
CC(C)C[C@@H](NC(=O)[C@H](Cc1ccccc1)NC(=O)CNC(=O)[C@@H](C)NC(=O)[C@@H](N)Cc1ccc(O)cc1)C(=O)O,BW-180C,1,rf,1,paeruginosa,"5, 10, 20",0.5174,0.476,0.0294,0.5775,0.1758,12,opioid receptor agonist,Phase 2,nan,OPRD1|OPRM1,0.0,0.0,0.5174,0.0,0.5174,0.0,0.0,0.0,0.0,False
CC(C)C[C@@H](NC(=O)[C@@H](Cc1ccccc1)NC(=O)CNC(=O)[C@H](C)NC(=O)[C@@H](N)Cc1ccc(O)cc1)C(=O)N[C@H](CCCNC(=N)N)C(=O)O,dalargin,1,rf,1,paeruginosa,"5, 10, 20",0.5157,0.4895,0.0199,0.643,0.2388,9,opioid receptor agonist,Phase 2,nan,OPRM1,0.0,0.0,0.5157,0.0,0.5157,0.0,0.0,0.0,0.0,False
O=C(O)c1ccnc(N2CC(O)(c3ccc(OCc4c(-c5c(Cl)cccc5Cl)noc4C4CC4)cc3Cl)C2)c1,cilofexor,1,dmpnn_rdkit,1,paeruginosa,20,0.5143,0.5143,0.0,0.6453,0.203,38,FXR agonist,Phase 3,nan,nan,0.0,0.0,0.5143,0.0,0.0,0.0,0.0,0.0,0.5143,False
O=C(N[C@H]1CN2CCC1CC2)c1cc2cccc(Cl)c2s1,EVP-6124,1,dmpnn_rdkit,1,paeruginosa,"5, 10, 20",0.5118,0.4977,0.0119,0.5192,0.0414,18,acetylcholine receptor agonist,Phase 3,nan,CHRNA7,0.0,0.0,0.5118,0.0,0.0,0.0,0.0,0.0,0.5118,False
Cc1nnc2n1-c1sc(CCC(=O)N3CCOCC3)cc1C(c1ccccc1Cl)=NC2,apafant,1,dmpnn_rdkit,1,paeruginosa,20,0.509,0.509,0.0,0.6178,0.1761,40,platelet activating factor receptor antagonist,Phase 3,nan,PTAFR,0.0,0.0,0.509,0.0,0.0,0.0,0.0,0.0,0.509,False
NC(=O)C1(N2CCCCC2)CCN(CCCC(=O)c2ccc(F)cc2)CC1,pipamperone,1,rf,1,mtb,"5, 10",0.5039,0.5011,0.0028,0.5334,0.0606,29,dopamine receptor antagonist,Launched,neurology/psychiatry,DRD2|HRH1|HTR1A|HTR1B|HTR1D|HTR2A,0.0,0.0,0.0,0.5039,0.5039,0.0,0.0,0.0,0.0,False
CC(C)OC(=O)[C@H](C)N[P@](=O)(OC[C@H]1O[C@@H](n2ccc(=O)[nH]c2=O)[C@@](C)(O)[C@@H]1O)Oc1ccccc1,sofosbuvir-impurity-m,1,dmpnn_rdkit,1,paeruginosa,"10, 20",0.5037,0.4697,0.034,0.5573,0.1572,41,antiviral,Preclinical,nan,nan,0.0,0.0,0.5037,0.0,0.0,0.0,0.0,0.0,0.5037,False
Cc1cc(C)c(N(Cc2ccccc2)S(=O)(=O)c2ccc(OCCNC(=O)c3cc4ccccc4o3)cc2)c(C(=O)NO)c1,WAY-170523,1,dmpnn_rdkit,1,ecoli,5,0.5015,0.5015,0.0,0.5573,0.1002,36,metalloproteinase inhibitor,Preclinical,nan,MMP13,0.5015,0.0,0.0,0.0,0.0,0.0,0.0,0.0,0.5015,False
CCOC(=O)Nc1cc2c(c(N)n1)NC(c1ccccc1)C(C)=N2,mivobulin,1,rf,1,mtb,"5, 10",0.5003,0.4894,0.011,0.5643,0.1327,39,microtubule inhibitor,Phase 2,nan,nan,0.0,0.0,0.0,0.5003,0.5003,0.0,0.0,0.0,0.0,False
CNC(=O)c1c(-c2ccc(F)cc2)oc2cc(N(CCO)S(C)(=O)=O)c(C3CC3)cc12,nesbuvir,1,dmpnn_rdkit,1,ecoli,5,0.5002,0.5002,0.0,0.6156,0.1874,37,RNA polymerase inhibitor,Phase 2,nan,nan,0.5002,0.0,0.0,0.0,0.0,0.0,0.0,0.0,0.5002,False
CC[C@@H](C(=O)[C@@H](C)[C@@H](O)[C@H](C)CCc1ccc(C)c(O)c1C(=O)O)[C@H]1O[C@](CC)([C@H]2CC[C@](O)(CC)[C@H](C)O2)C[C@@H]1C,lasalocid,1,rf,1,saureus,"10, 20",0.5,0.4718,0.0282,0.6964,0.3225,40,bacterial permeability inducer,Launched,infectious disease,nan,0.0,0.5,0.0,0.0,0.5,0.0,0.0,0.0,0.0,False
Cc1ncc(CO)c(/C=N/NC(=O)c2ccncc2)c1O,pyridoxal-isonicotinoyl-hydrazone,1,rf,1,mtb,5,0.4995,0.4995,0.0,0.7296,0.3155,31,apoptosis stimulant,Phase 2,nan,nan,0.0,0.0,0.0,0.4995,0.4995,0.0,0.0,0.0,0.0,False
O=C(NC[C@@H](O)CO)c1c(I)c(C(=O)NC[C@@H](O)CO)c(I)c(N(CCO)C(=O)CO)c1I,ioversol,1,dmpnn_rdkit,1,paeruginosa,"5, 10, 20",0.4989,0.4591,0.0293,0.5716,0.1967,38,radiopaque medium,Launched,radiology,nan,0.0,0.0,0.4989,0.0,0.0,0.0,0.0,0.0,0.4989,False
CCN(CC)CCNC(=O)c1cc(Cl)c(N)cc1OC,metoclopramide,1,rf,1,mtb,"5, 10",0.4984,0.4869,0.0115,0.5457,0.1077,42,dopamine receptor antagonist|serotonin receptor antagonist,Launched,gastroenterology,CHRM1|DRD2|HTR3A|HTR3B|HTR4,0.0,0.0,0.0,0.4984,0.4984,0.0,0.0,0.0,0.0,False
O=C(Nc1cc(C(F)(F)F)ccc1N1CCCCC1)c1ccncc1,SRPIN340,1,rf,1,mtb,"5, 10",0.4979,0.4872,0.0107,0.5817,0.1625,43,serine arginine protein kinase inhibitor,Preclinical,nan,SRPK1|SRPK2,0.0,0.0,0.0,0.4979,0.4979,0.0,0.0,0.0,0.0,False
O=C(Nc1cccnc1)c1cc(-c2ccnc(F)c2)ccc1OCc1ccccc1,GSK2578215A,1,rf,1,mtb,"5, 10",0.4979,0.4954,0.0024,0.5938,0.1657,34,leucine rich repeat kinase inhibitor,Preclinical,nan,LRRK2,0.0,0.0,0.0,0.4979,0.4979,0.0,0.0,0.0,0.0,False
O=c1ccn([C@@H]2O[C@H](CO)[C@@H](O)[C@H]2O)c(=O)[nH]1,uridine,1,rf,1,ecoli,20,0.497,0.497,0.0,0.5544,0.1036,35,dopamine receptor agonist,Phase 2,nan,LSM6|TYMP,0.497,0.0,0.0,0.0,0.497,0.0,0.0,0.0,0.0,False
CCN1CCN=C1CNC(=O)c1cc(Cl)c(N)cc1OC,lintopride,1,rf,1,mtb,"5, 10",0.496,0.4845,0.0116,0.5702,0.1504,46,serotonin receptor antagonist,Preclinical,nan,nan,0.0,0.0,0.0,0.496,0.496,0.0,0.0,0.0,0.0,False
COc1cc2c(cc1OC)[C@@]13CCN4CC5=CCO[C@H]6CC(=O)N2[C@H]1[C@H]6[C@H]5C[C@H]43,brucine,1,dmpnn_rdkit,1,paeruginosa,"5, 10, 20",0.4957,0.4883,0.0096,0.5157,0.0533,17,glycine receptor antagonist,Preclinical,nan,CHRM1|CHRM2|CHRM3|CHRM4|CHRM5,0.0,0.0,0.4957,0.0,0.0,0.0,0.0,0.0,0.4957,False
O=C(NOC[C@H](O)CO)c1cc(Br)c(F)c(F)c1Nc1ccc(I)cc1F,PD-318088,1,dmpnn_rdkit,1,paeruginosa,"5, 10, 20",0.4941,0.4579,0.0365,0.5705,0.1974,31,MEK inhibitor,Preclinical,nan,nan,0.0,0.0,0.4941,0.0,0.0,0.0,0.0,0.0,0.4941,False
CC(C)OC(=O)[C@H](C)N[P@](=O)(OC[C@H]1O[C@@H](n2ccc(=O)[nH]c2=O)[C@](C)(Cl)[C@@H]1O)Oc1ccccc1,uprifosbuvir,1,dmpnn_rdkit,1,paeruginosa,20,0.4937,0.4937,0.0,0.5576,0.1146,49,antiviral,Preclinical,nan,nan,0.0,0.0,0.4937,0.0,0.0,0.0,0.0,0.0,0.4937,False
COc1ccc(-c2ccc3cc(C(=O)O)ccc3c2)cc1C12CC3CC(CC(C3)C1)C2,adapalene,1,rf,1,saureus,"5, 10, 20",0.492,0.468,0.0175,0.5809,0.1943,35,retinoid receptor agonist,Launched,dermatology,RARA|RARB|RARG|RXRA|RXRB|RXRG,0.0,0.492,0.0,0.0,0.492,0.0,0.0,0.0,0.0,False
CC(C)C[C@@H](NC(=O)[C@H](C)NC(=O)CNC(=O)[C@@H](NC=O)C(C)C)C(=O)N[C@@H](C)C(=O)N[C@@H](C(=O)N[C@H](C(=O)N[C@@H](C(=O)N[C@@H](Cc1c[nH]c2ccccc12)C(=O)N[C@H](CC(C)C)C(=O)N[C@@H](Cc1c[nH]c2ccccc12)C(=O)N[C@H](CC(C)C)C(=O)N[C@@H](Cc1c[nH]c2ccccc12)C(=O)N[C@H](CC(C)C)C(=O)N[C@@H](Cc1c[nH]c2ccccc12)C(=O)NCCO)C(C)C)C(C)C)C(C)C,gramicidin,1,rf,1,paeruginosa,"5, 10, 20",0.4917,0.4623,0.0246,0.6208,0.2553,17,bacterial permeability inducer,Launched,infectious disease,nan,0.0,0.0,0.4917,0.0,0.4917,0.0,0.0,0.0,0.0,False
Nc1ncnc2c1ncn2[C@@H]1O[C@H](C[C@@H](N)CC[C@H](N)C(=O)O)[C@@H](O)[C@H]1O,sinefungin,1,rf,1,ecoli,"5, 10, 20",0.4889,0.4788,0.0106,0.5375,0.1092,27,DNA methyltransferase inhibitor|RNA synthesis inhibitor,Preclinical,nan,CARM1,0.4889,0.0,0.0,0.0,0.4889,0.0,0.0,0.0,0.0,False
CC1CCN(CCCC(=O)c2ccc(F)cc2)CC1,melperone,1,rf,1,mtb,"5, 10",0.4883,0.4856,0.0027,0.5423,0.1046,37,dopamine receptor antagonist|serotonin receptor antagonist,Launched,neurology/psychiatry,DRD2|HTR2A,0.0,0.0,0.0,0.4883,0.4883,0.0,0.0,0.0,0.0,False
COc1ccc2cccc(N3CCN(CCNC(=O)c4ccc(F)cc4)CC3)c2c1,S-14506,1,rf,1,mtb,10,0.488,0.488,0.0,0.5627,0.1326,50,serotonin receptor agonist,Preclinical,nan,HTR1A,0.0,0.0,0.0,0.488,0.488,0.0,0.0,0.0,0.0,False
Nc1ccn([C@@H]2O[C@H](CO)[C@@H](O)[C@@H]2O)c(=O)n1,cytarabine,1,rf,1,ecoli,"5, 10, 20",0.4878,0.467,0.0152,0.5073,0.0795,34,ribonucleotide reductase inhibitor,Launched,hematologic malignancy,POLA1|POLB|POLD1|POLE,0.4878,0.0,0.0,0.0,0.4878,0.0,0.0,0.0,0.0,False
Nc1ccn([C@@H]2O[C@H](CO)[C@@H](O)[C@H]2O)c(=O)n1,cytidine,1,rf,1,ecoli,"5, 10, 20",0.4878,0.467,0.0152,0.5073,0.0795,35,nan,Launched,nan,nan,0.4878,0.0,0.0,0.0,0.4878,0.0,0.0,0.0,0.0,False
CSCC[C@H](NC(=O)[C@H](CC(C)C)NC(=O)[C@@H](Cc1c[nH]c2ccccc12)NC(=O)[C@H](Cc1ccccc1)N(C)C(=O)[C@@H](Cc1c[nH]c2ccccc12)NC(=O)[C@@H](N)CCCNC(=N)N)C(N)=O,antagonist-g,1,rf,2,"ecoli, paeruginosa","5, 10, 20",0.4849,0.447,0.0266,0.6406,0.3025,24,neuropeptide receptor antagonist,Phase 1,nan,MAPK8,0.4849,0.0,0.4667,0.0,0.4849,0.0,0.0,0.0,0.0,False
Nc1nc(N)c2nc(-c3cccc(O)c3)cnc2n1,TG-100713,1,rf,1,saureus,20,0.4848,0.4848,0.0,0.5642,0.1408,49,PI3K inhibitor,Preclinical,nan,nan,0.0,0.4848,0.0,0.0,0.4848,0.0,0.0,0.0,0.0,False
Nc1ncnc2c1ncn2[C@@H]1O[C@H](CO)[C@@H](O)[C@H]1O,adenosine,1,rf,1,ecoli,"5, 10, 20",0.4847,0.4787,0.006,0.5037,0.0497,24,adenosine receptor agonist,Launched,cardiology,ADORA1|ADORA2A|ADORA2B|ADORA3|PI4K2A|PI4K2B|TRPM4,0.4847,0.0,0.0,0.0,0.4847,0.0,0.0,0.0,0.0,False
CNC(=O)c1cc(Oc2ccc(NC(=O)Nc3ccc(Cl)c(C(F)(F)F)c3)cc2)ccn1,sorafenib,1,rf,1,saureus,"5, 10",0.4831,0.4576,0.0255,0.6685,0.3155,33,FLT3 inhibitor|KIT inhibitor|PDGFR tyrosine kinase receptor inhibitor|RAF inhibitor|RET tyrosine kinase inhibitor|VEGFR inhibitor,Launched,oncology,BRAF|DDR2|FGFR1|FLT1|FLT3|FLT4|KDR|KIT|PDGFRB|RAF1|RET,0.0,0.4831,0.0,0.0,0.4831,0.0,0.0,0.0,0.0,False
CCc1cnn2c(NCc3ccc[n+]([O-])c3)cc(N3CCCC[C@H]3CCO)nc12,dinaciclib,1,dmpnn_rdkit,1,ecoli,5,0.482,0.482,0.0,0.6211,0.224,45,CDK inhibitor,Phase 3,nan,CDK1|CDK2|CDK5|CDK9,0.482,0.0,0.0,0.0,0.0,0.0,0.0,0.0,0.482,False
CSCC[C@H](NC(=O)[C@H](CC(C)C)NC(=O)CNC(=O)[C@H](Cc1ccccc1)NC(=O)[C@H](Cc1ccccc1)NC(=O)[C@H](CCC(N)=O)NC(=O)[C@H](CCC(N)=O)NC(=O)[C@@H]1CCCN1C(=O)[C@H](CCCCN)NC(=O)[C@@H]1CCCN1C(=O)[C@@H](N)CCCNC(=N)N)C(N)=O,substance-P,1,rf,1,ecoli,"5, 20",0.4813,0.4641,0.0172,0.7068,0.3434,39,neurokinin receptor antagonist,Phase 1,nan,TACR1|TACR2|TACR3,0.4813,0.0,0.0,0.0,0.4813,0.0,0.0,0.0,0.0,False
CC(C)(C)NC[C@@H](O)COc1ccc(NC(=O)NC2CCCCC2)cc1,talinolol,1,rf,1,mtb,5,0.4771,0.4771,0.0,0.5376,0.1125,42,adrenergic receptor antagonist,Launched,cardiology,ADRB1,0.0,0.0,0.0,0.4771,0.4771,0.0,0.0,0.0,0.0,False
O=C(/C=C/c1ccc(CN(CCO)CCc2c[nH]c3ccccc23)cc1)NO,dacinostat,1,dmpnn_rdkit,1,ecoli,5,0.4656,0.4656,0.0,0.492,0.0536,48,HDAC inhibitor,Phase 1,nan,HDAC1|HDAC2|HDAC3|HDAC4|HDAC5|HDAC6|HDAC7|HDAC8|HDAC9,0.4656,0.0,0.0,0.0,0.0,0.0,0.0,0.0,0.4656,False
NC(=O)c1ccc(F)c2c1C[C@@H](N(C1CCC1)C1CCC1)CO2,robalzotan,1,dmpnn_rdkit,1,paeruginosa,5,0.4614,0.4614,0.0,0.495,0.0679,22,serotonin receptor antagonist,Phase 2,nan,HTR1A,0.0,0.0,0.4614,0.0,0.0,0.0,0.0,0.0,0.4614,False
NS(=O)(=O)c1ccc(N2CCCCS2(=O)=O)cc1,sultiame,1,dmpnn_rdkit,1,paeruginosa,"5, 10",0.4609,0.4594,0.0014,0.4648,0.0115,23,carbonic anhydrase inhibitor,Phase 3,nan,CA2,0.0,0.0,0.4609,0.0,0.0,0.0,0.0,0.0,0.4609,False
C[S+](CC[C@H](N)C(=O)O)C[C@H]1O[C@@H](n2cnc3c(N)ncnc32)[C@H](O)[C@@H]1O,ademetionine,1,rf,1,ecoli,"5, 10",0.4551,0.4436,0.0115,0.5601,0.2079,46,methyltransferase stimulant|phosphodiesterase inhibitor,Launched,neurology/psychiatry,nan,0.4551,0.0,0.0,0.0,0.4551,0.0,0.0,0.0,0.0,False
CNC(=O)O[C@H]1COc2ccc(N3CCN(C4COC4)CC3)cc2[C@@H]1NC(=O)c1ccc(F)cc1,LY3000328,1,dmpnn_rdkit,1,paeruginosa,"5, 10",0.4549,0.453,0.0018,0.5067,0.1059,26,cathepsin inhibitor,Phase 1,nan,CTSS,0.0,0.0,0.4549,0.0,0.0,0.0,0.0,0.0,0.4549,False
CC(C)C[C@H](NC(=O)[C@H](CCCCN)NC(=O)[C@H](CCCNC(=N)N)NC(=O)[C@H](C)NC(=O)[C@H](CO)NC(=O)[C@H](CCCCN)NC(=O)[C@H](CCCNC(=N)N)NC(=O)[C@H](C)NC(=O)CNC(=O)[C@@H](NC(=O)[C@H](Cc1ccccc1)NC(=O)CNC(=O)CNC(=O)[C@@H](N)Cc1ccccc1)[C@@H](C)O)C(=O)N[C@@H](C)C(=O)N[C@@H](CC(N)=O)C(=O)N[C@@H](CCC(N)=O)C(=O)O,orphanin-fq,1,rf,2,"ecoli, paeruginosa","5, 10, 20",0.4523,0.4346,0.0139,0.6445,0.3256,27,opioid receptor agonist,Phase 1,nan,OPRL1|OPRM1,0.4523,0.0,0.4454,0.0,0.4523,0.0,0.0,0.0,0.0,False
CSCC[C@@H](NC(=O)[C@@H](Cc1ccccc1)NC(=O)CNC(=O)CNC(=O)[C@@H](N)Cc1ccc(O)cc1)C(=O)O,metenkephalin,1,rf,1,paeruginosa,"5, 10, 20",0.4502,0.4082,0.0311,0.5216,0.2173,31,immunostimulant,Phase 2,nan,OPRD1,0.0,0.0,0.4502,0.0,0.4502,0.0,0.0,0.0,0.0,False
COc1ccccc1N1CCN(CCN2C(=O)CC3(CCCC3)CC2=O)CC1,BMY-7378,1,dmpnn_rdkit,1,paeruginosa,"5, 10",0.4474,0.4411,0.0062,0.4508,0.0215,28,adrenergic receptor antagonist|serotonin receptor antagonist,Preclinical,nan,ADRA1A|ADRA1B|ADRA1D|HTR1A,0.0,0.0,0.4474,0.0,0.0,0.0,0.0,0.0,0.4474,False
CC(C)(N)CC12CC3CC(CC(C3)C1)C2,somantadine,1,dmpnn_rdkit,1,paeruginosa,"5, 10",0.4467,0.4431,0.0035,0.4533,0.0224,31,antiviral,Phase 1,nan,nan,0.0,0.0,0.4467,0.0,0.0,0.0,0.0,0.0,0.4467,False
COc1ccc(/C=C/C(=O)C=C(O)/C=C/c2ccc(OC)c(OC)c2)cc1OC,ASC-J9,1,rf,1,paeruginosa,"5, 10, 20",0.4452,0.4348,0.0127,0.4862,0.1058,21,androgen receptor enhancer,Phase 2,nan,AR,0.0,0.0,0.4452,0.0,0.4452,0.0,0.0,0.0,0.0,False
CC[C@H](C)[C@H](NC(=O)[C@H](Cc1ccc(O)cc1)NC(=O)[C@@H](NC(=O)[C@H](CCCNC(=N)N)NC(=O)[C@@H](N)CC(=O)O)C(C)C)C(=O)N[C@@H](Cc1cnc[nH]1)C(=O)N1CCC[C@H]1C(=O)O,TXA127,1,rf,1,ecoli,5,0.4442,0.4442,0.0,0.6169,0.28,40,angiotensin receptor agonist,Phase 2,nan,nan,0.4442,0.0,0.0,0.0,0.4442,0.0,0.0,0.0,0.0,False
COc1cc(C)c2c(Oc3cccc(C(F)(F)F)c3)c(OC)cc(N[C@@H](C)CCCN)c2n1,tafenoquine,1,rf,1,saureus,10,0.4438,0.4438,0.0,0.6345,0.3006,48,antimalarial agent,Launched,infectious disease,nan,0.0,0.4438,0.0,0.0,0.4438,0.0,0.0,0.0,0.0,False
O=C(CN1C2=NCCN2c2ccccc21)c1ccc(-c2ccccc2)cc1,CCT-031374,1,dmpnn_rdkit,1,paeruginosa,"5, 10",0.4401,0.4351,0.005,0.4505,0.0343,37,WNT signaling inhibitor,Preclinical,nan,CTNNB1,0.0,0.0,0.4401,0.0,0.0,0.0,0.0,0.0,0.4401,False
CCS(=O)(=O)N1CC(CC#N)(n2cc(-c3ncnc4[nH]ccc34)cn2)C1,baricitinib,1,dmpnn_rdkit,1,paeruginosa,"5, 10",0.4395,0.4295,0.01,0.4604,0.0673,42,JAK inhibitor,Launched,rheumatology,JAK1|JAK2,0.0,0.0,0.4395,0.0,0.0,0.0,0.0,0.0,0.4395,False
C[C@H]1Sc2c(C(=O)O)c(=O)c3cc(F)c(N4CCNCC4)cc3n21,ulifloxacin,1,rf,1,paeruginosa,20,0.439,0.439,0.0,0.9467,0.5362,36,nan,Launched,infectious disease,nan,0.0,0.0,0.439,0.0,0.439,0.0,0.0,0.0,0.0,False
O=C(N[C@H]1CN2CCC1CC2)c1c[nH]c2ccsc2c1=O,pumosetrag,1,dmpnn_rdkit,1,paeruginosa,"5, 10",0.4378,0.4366,0.0013,0.4467,0.0228,34,serotonin receptor agonist,Phase 2,nan,HTR3A|HTR4,0.0,0.0,0.4378,0.0,0.0,0.0,0.0,0.0,0.4378,False
CC[C@H](C)[C@H](NC(=O)[C@H](CCC(=O)O)NC(=O)[C@H](CCC(=O)O)NC(=O)[C@H](Cc1ccccc1)NC(=O)[C@H](CC(=O)O)NC(=O)CNC(=O)[C@H](CC(N)=O)NC(=O)CNC(=O)CNC(=O)CNC(=O)CNC(=O)[C@@H]1CCCN1C(=O)[C@H](CCCNC(=N)N)NC(=O)[C@@H]1CCCN1C(=O)[C@H](N)Cc1ccccc1)C(=O)N1CCC[C@H]1C(=O)N[C@@H](CCC(=O)O)C(=O)N[C@@H](CCC(=O)O)C(=O)N[C@@H](Cc1ccc(O)cc1)C(=O)N[C@@H](CC(C)C)C(=O)O,bivalirudin,1,rf,2,"paeruginosa, saureus","5, 10, 20",0.4371,0.4048,0.0203,0.5822,0.3048,33,thrombin inhibitor,Launched,cardiology,F2,0.0,0.4371,0.4021,0.0,0.4371,0.0,0.0,0.0,0.0,False
C[C@H](N)C(=O)O,L-alanine,1,rf,2,"ecoli, paeruginosa","5, 10, 20",0.4363,0.4338,0.0018,0.4474,0.0302,18,nan,Launched,nan,AARS|AARS2|ABAT|AGXT|AGXT2|GPRC6A|GPT|GPT2|KYNU|NFS1|PHYKPL|SLC1A4|SLC36A1|SLC7A8,0.4321,0.0,0.4363,0.0,0.4363,0.0,0.0,0.0,0.0,False
C[C@@H](N)C(=O)O,alanine,1,rf,2,"ecoli, paeruginosa","5, 10, 20",0.4363,0.4338,0.0018,0.4474,0.0302,19,nan,Launched,nan,nan,0.4321,0.0,0.4363,0.0,0.4363,0.0,0.0,0.0,0.0,False
CC(C)C[C@H](NC(=O)[C@H](CO)NC(=O)CNC(=O)[C@H](CC(C)C)NC(=O)[C@H](CCC(=O)O)NC(=O)[C@H](Cc1ccc(O)cc1)NC(=O)[C@H](CO)NC(=O)[C@H](CC(N)=O)NC(=O)[C@H](Cc1ccccc1)NC(=O)[C@H](CO)NC(=O)[C@@H](N)CSSC[C@H](N)C(=O)N[C@@H](Cc1ccc(O)cc1)C(=O)NCC(=O)N[C@@H](CCCNC(=N)N)C(=O)N[C@@H](CCCCN)C(=O)N[C@@H](CCCCN)C(=O)N[C@@H](CCCNC(=N)N)C(=O)N[C@@H](CCCNC(=N)N)C(=O)N[C@@H](CCC(N)=O)C(=O)N[C@@H](CCCNC(=N)N)C(=O)N[C@@H](CCCNC(=N)N)C(=O)N[C@@H](CCCNC(=N)N)C(=O)O)C(=O)O,delcasertib,1,rf,1,paeruginosa,"5, 10, 20",0.4323,0.4131,0.0139,0.5823,0.2905,29,PKC inhibitor,Phase 1,nan,nan,0.0,0.0,0.4323,0.0,0.4323,0.0,0.0,0.0,0.0,False
CC(C)C[C@H](NC(=O)[C@@H](NC(=O)CNC(=O)CN)C(C)C)C(=O)N[C@H](C(=O)N[C@@H](CCC(N)=O)C(=O)N1CCC[C@H]1C(=O)NCC(=O)O)C(C)C,larazotide-acetate,1,rf,2,"paeruginosa, saureus","5, 10",0.4305,0.4036,0.021,0.5173,0.22,30,tight junction regulator,Phase 2,nan,nan,0.0,0.4305,0.401,0.0,0.4305,0.0,0.0,0.0,0.0,False
CC(C)[C@H](NC(=O)[C@H](CC(=O)O)NC(=O)[C@H](CCCCN)NC(=O)[C@@H](N)CCCNC(=N)N)C(=O)N[C@@H](Cc1ccc(O)cc1)C(=O)O,thymopentin,1,rf,1,saureus,5,0.4283,0.4283,0.0,0.6092,0.2968,42,immune response stimulator,Launched,nan,nan,0.0,0.4283,0.0,0.0,0.4283,0.0,0.0,0.0,0.0,False
CC[C@H](C)[C@H](NC(=O)[C@H](CCC(=O)O)NC(=O)[C@H](CO)NC(=O)[C@H](CO)NC(=O)[C@@H](NC(=O)[C@H](CC(=O)O)NC(=O)[C@@H](NC(=O)[C@H](C)NC(=O)[C@H](C)NC(=O)[C@H](CC(=O)O)NC(=O)[C@H](CO)NC(C)=O)C(C)C)[C@@H](C)O)C(=O)N[C@H](C(=O)N[C@H](C(=O)N[C@@H](CCCCN)C(=O)N[C@@H](CC(=O)O)C(=O)N[C@@H](CC(C)C)C(=O)N[C@@H](CCCCN)C(=O)N[C@@H](CCC(=O)O)C(=O)N[C@@H](CCCCN)C(=O)N[C@@H](CCCCN)C(=O)N[C@@H](CCC(=O)O)C(=O)N[C@H](C(=O)N[C@H](C(=O)N[C@@H](CCC(=O)O)C(=O)N[C@@H](CCC(=O)O)C(=O)N[C@@H](C)C(=O)N[C@@H](CCC(=O)O)C(=O)N[C@@H](CC(N)=O)C(=O)O)C(C)C)C(C)C)[C@@H](C)O)[C@@H](C)O,thymalfasin,1,rf,1,paeruginosa,"5, 10, 20",0.4271,0.4098,0.0123,0.6192,0.3381,32,immune response modulator,Launched,infectious disease,nan,0.0,0.0,0.4271,0.0,0.4271,0.0,0.0,0.0,0.0,False
CSCC[C@H](NC=O)C(=O)N[C@@H](CC(=O)O)C(=O)NCC(=O)N[C@@H](CS)C(=O)N[C@@H](CCC(=O)O)C(=O)N[C@@H](CC(C)C)C(=O)O,foxy-5,1,rf,1,paeruginosa,"5, 10, 20",0.4177,0.3938,0.0169,0.5235,0.2477,43,WNT5a peptide mimetic,Phase 2,nan,WNT5A,0.0,0.0,0.4177,0.0,0.4177,0.0,0.0,0.0,0.0,False
CSCC[C@H](NC(=O)[C@H](CCC(=O)O)NC(=O)[C@H](CCC(=O)O)NC(C)=O)C(=O)N[C@@H](CCC(N)=O)C(=O)N[C@@H](CCCNC(=N)N)C(=O)N[C@@H](CCCNC(=N)N)C(N)=O,argireline,1,rf,2,"paeruginosa, saureus",5,0.4176,0.3963,0.0212,0.5138,0.2286,48,neurotransmitter release inhibitor,Phase 3,nan,nan,0.0,0.4176,0.3751,0.0,0.4176,0.0,0.0,0.0,0.0,False
NS(=O)(=O)c1cc2c(cc1Cl)NCNS2(=O)=O,hydrochlorothiazide,1,dmpnn_rdkit,1,paeruginosa,5,0.4133,0.4133,0.0,0.4251,0.0277,44,thiazide diuretic,Launched,cardiology,CA1|CA12|CA2|CA4|CA9|KCNMA1|SLC12A3,0.0,0.0,0.4133,0.0,0.0,0.0,0.0,0.0,0.4133,False
O=C1CCC[C@@H]2[C@H]3CCC[N@+]4([O-])CCC[C@@H](CN12)[C@@H]34,oxymatrine,1,dmpnn_rdkit,1,paeruginosa,5,0.3998,0.3998,0.0,0.4036,0.0094,50,nan,Launched,nan,nan,0.0,0.0,0.3998,0.0,0.0,0.0,0.0,0.0,0.3998,False
COC(=O)[C@H]1[C@H]2C[C@H]3c4[nH]c5ccccc5c4CCN3C[C@H]2CC[C@@H]1O,rauwolscine,1,rf,1,paeruginosa,"5, 10",0.3941,0.3933,0.0008,0.4213,0.0666,35,adrenergic receptor antagonist,Preclinical,nan,ADRA2A|ADRA2B|ADRA2C|HTR1B|HTR1D|HTR1E|HTR2B,0.0,0.0,0.3941,0.0,0.3941,0.0,0.0,0.0,0.0,False
COC(=O)[C@@H]1[C@H]2C[C@H]3c4[nH]c5ccccc5c4CCN3C[C@@H]2CC[C@@H]1O,yohimbine,1,rf,1,paeruginosa,"5, 10",0.3941,0.3933,0.0008,0.4213,0.0666,36,adrenergic receptor antagonist,Launched,cardiology,ADRA2A|ADRA2B|ADRA2C|DRD2|DRD3|HTR1A|HTR1B|HTR1D|HTR1E|HTR1F|HTR2A|HTR2B|HTR2C|HTR5A|HTR7|KCNJ1|KCNJ10|KCNJ11|KCNJ12|KCNJ14|KCNJ15|KCNJ8,0.0,0.0,0.3941,0.0,0.3941,0.0,0.0,0.0,0.0,False
Nc1ccc(S(=O)(=O)Nc2nccs2)cc1,sulfathiazole,1,rf,1,paeruginosa,"5, 10",0.3914,0.3901,0.0013,0.4052,0.0375,37,dihydropteroate synthase inhibitor,Launched,infectious disease,nan,0.0,0.0,0.3914,0.0,0.3914,0.0,0.0,0.0,0.0,False
CC(=O)NS(=O)(=O)c1ccc(N)cc1,sulfacetamide,1,rf,1,paeruginosa,"5, 10",0.3843,0.3842,0.0002,0.3957,0.0291,39,PABA antagonist,Launched,ophthalmology,nan,0.0,0.0,0.3843,0.0,0.3843,0.0,0.0,0.0,0.0,False
CCCCCCCCCCCCCCCCCCN(CCCCCCCCCCCCCCCCCC)CCCN(CCO)CCO,avridine,1,rf,1,paeruginosa,10,0.3765,0.3765,0.0,0.44,0.1443,49,immunostimulant,Preclinical,nan,nan,0.0,0.0,0.3765,0.0,0.3765,0.0,0.0,0.0,0.0,False
N=C(N)NCCC[C@H](N)C(=O)NCC(=O)N[C@@H](CC(=O)O)C(=O)N[C@@H](CO)C(=O)O,DU-728,1,rf,1,paeruginosa,5,0.3727,0.3727,0.0,0.4744,0.2144,50,structural glycoprotein antagonist,Phase 1,nan,ITGA2B|ITGB3,0.0,0.0,0.3727,0.0,0.3727,0.0,0.0,0.0,0.0,False
