date,actual,predicted,residual
2020-05-03,3.999407219086195,4.010749400791129,-0.01134218170493373
2020-05-04,3.999407219086195,3.9981741173994267,0.0012331016867683786
2020-05-05,3.999407219086195,4.008785653256122,-0.009378434169926564
2020-05-06,3.999407219086195,4.208206900922234,-0.20879968183603914
2020-05-07,3.999407219086195,4.104613284708812,-0.10520606562261658
2020-05-08,3.999407219086195,4.096145142369996,-0.0967379232838006
2020-05-09,3.999407219086195,4.076491865624401,-0.07708464653820624
2020-05-10,3.999407219086195,4.436807413565864,-0.43740019447966905
2020-05-11,3.999407219086195,4.086178766137476,-0.08677154705128132
2020-05-12,3.999407219086195,4.055799386213781,-0.05639216712758621
2020-05-13,3.999407219086195,4.020276056843764,-0.020868837757569203
2020-05-14,3.999407219086195,3.9377864089319434,0.06162081015425169
2020-05-15,3.999407219086195,3.949113106782661,0.05029411230353409
2020-05-16,3.999407219086195,3.9662609934572566,0.03314622562893854
2020-05-17,3.999407219086195,3.8320862419086756,0.16732097717751948
2020-05-18,3.999407219086195,3.858727279997414,0.14067993908878096
2020-05-19,3.999407219086195,3.77945228432426,0.21995493476193495
2020-05-20,3.999407219086195,3.6188514149324775,0.3805558041537176
2020-05-21,3.999407219086195,3.601987119180559,0.3974200999056361
2020-05-22,3.999407219086195,3.636903049734084,0.36250416935211094
2020-05-23,3.999407219086195,3.6421090855149374,0.3572981335712577
2020-05-24,3.999407219086195,3.3846182624423578,0.6147889566438374
2020-05-25,3.999407219086195,3.38171592235169,0.6176912967345052
2020-05-26,3.999407219086195,3.4562071841987603,0.5432000348874348
2020-05-27,3.999407219086195,3.8086420597518544,0.19076515933434068
2020-05-28,3.999407219086195,3.554140779462117,0.4452664396240782
2020-05-29,3.999407219086195,3.2423584193571067,0.7570487997290885
2020-05-30,3.999407219086195,3.2475956820239285,0.7518115370622667
2020-05-31,3.999407219086195,3.2840143635292365,0.7153928555569586
2020-06-01,3.999407219086195,3.7392354529132743,0.2601717661729208
2020-06-02,3.999407219086195,3.862330108885188,0.1370771102010071
2020-06-03,3.999407219086195,3.5550170550227436,0.44439016406345155
2020-06-04,3.999407219086195,3.545580146798126,0.4538270722880693
2020-06-05,3.999407219086195,3.262250743469359,0.7371564756168363
2020-06-06,3.999407219086195,3.1931618774110975,0.8062453416750976
2020-06-07,3.999407219086195,3.002626210363008,0.996781008723187
2020-06-08,3.999407219086195,3.4787579966538607,0.5206492224323345
2020-06-09,3.999407219086195,3.4243077458788345,0.5750994732073607
2020-06-10,3.8534752322117636,2.9831699065934703,0.8703053256182933
2020-06-11,3.703785803984231,2.9303876896773486,0.7733981143068824
2020-06-12,3.548216121605028,2.131402427725053,1.4168136938799747
2020-06-13,3.379658294781546,2.072648307461799,1.3070099873197467
2020-06-14,3.1839422595427775,2.081241819601567,1.1027004399412106
2020-06-15,2.9917593007536007,2.8777938320456933,0.11396546870790747
2020-06-16,2.7991418749262214,2.897937413837764,-0.09879553891154247
2020-06-17,2.621553245621738,2.0379887500876057,0.5835644955341324
2020-06-18,2.4471723119805198,1.663243651985761,0.7839286599947588
2020-06-19,2.249920070685344,1.6116390618363043,0.6382810088490398
2020-06-20,2.0564510397028184,1.4938238798990082,0.5626271598038102
2020-06-21,1.898057747065646,1.2812484426989792,0.6168093043666667
2020-06-22,1.898057747065646,1.1840981692234154,0.7139595778422305
2020-06-23,1.75330526945794,1.1139728082593292,0.6393324611986109
2020-06-24,1.5982958911468081,1.1897215629513982,0.40857432819540995
2020-06-25,1.4014432989899734,1.2340870137899052,0.1673562852000683
2020-06-26,1.2076136463934526,1.2719710632546486,-0.064357416861196
2020-06-27,1.0212879168413305,1.2161373737828027,-0.19484945694147227
2020-06-28,0.829920205680432,1.144159664217911,-0.31423945853747903
2020-06-29,0.642949207486845,1.0148534030221288,-0.37190419553528375
2020-06-30,0.471307168730025,0.7900373787344194,-0.3187302100043944
2020-07-01,0.30946389877853775,0.7609396966234142,-0.45147579784487646
2020-07-02,0.15106350181334957,0.7629766950720532,-0.6119131932587036
2020-07-03,0.0,0.7580970833124328,-0.7580970833124328
2020-07-04,0.0,0.7745044292376851,-0.7745044292376851
2020-07-05,0.0,0.6085244508001235,-0.6085244508001235
2020-07-06,0.0,0.6023642977815606,-0.6023642977815606
2020-07-07,0.0,0.5966314782492433,-0.5966314782492433
2020-07-08,0.0,0.6079448588884432,-0.6079448588884432
2020-07-09,0.0,0.6538697784461117,-0.6538697784461117
2020-07-10,0.0,0.5567655972579084,-0.5567655972579084
2020-07-11,0.0,0.5363728529632615,-0.5363728529632615
2020-07-12,0.0,0.29279220431111824,-0.29279220431111824
2020-07-13,0.0,0.3698687650264596,-0.3698687650264596
2020-07-14,0.0,0.37721274861662424,-0.37721274861662424
2020-07-15,0.0,0.3202364916233948,-0.3202364916233948
2020-07-16,0.0,0.32881855046864283,-0.32881855046864283
2020-07-17,0.0,0.30022202072549337,-0.30022202072549337
2020-07-18,0.0,0.43608537348530385,-0.43608537348530385
2020-07-19,0.0,0.43608537348530385,-0.43608537348530385
2020-07-20,0.0,0.44929167486765914,-0.44929167486765914
2020-07-21,0.0,0.5237026921181592,-0.5237026921181592
2020-07-22,0.0,0.44929167486765914,-0.44929167486765914
2020-07-23,0.0,0.4473237266952503,-0.4473237266952503
2020-07-24,0.0,0.39480292183352766,-0.39480292183352766
2020-07-25,0.0,0.45069390572545737,-0.45069390572545737
2020-07-26,0.0,0.4807582055516413,-0.4807582055516413
2020-07-27,0.0,0.3904334077617167,-0.3904334077617167
2020-07-28,0.0,0.2860110404102964,-0.2860110404102964
2020-07-29,0.0,0.17469086833078518,-0.17469086833078518
2020-07-30,0.0,0.12650870649744012,-0.12650870649744012
2020-07-31,0.0,0.04037492971927312,-0.04037492971927312
2020-08-01,0.0,0.03562722926776361,-0.03562722926776361
2020-08-02,0.0,0.04223116214850553,-0.04223116214850553
2020-08-03,0.0,0.07374878816823276,-0.07374878816823276
2020-08-04,0.0,0.04442752584707674,-0.04442752584707674
2020-08-05,0.0,0.0,0.0
2020-08-06,0.0,0.06318090272316791,-0.06318090272316791
2020-08-07,0.0,0.06318090272316791,-0.06318090272316791
2020-08-08,0.0,0.07449918503249489,-0.07449918503249489
2020-08-09,0.0,0.0830812438777429,-0.0830812438777429
2020-08-10,0.0,0.06226145355634882,-0.06226145355634882
2020-08-11,0.0,0.070697195855327,-0.070697195855327
2020-08-12,0.0,0.0,0.0
2020-08-13,0.0,0.0,0.0
2020-08-14,0.0,0.0,0.0
2020-08-15,0.0,0.0,0.0
2020-08-16,0.0,0.0,0.0
2020-08-17,0.0,0.0,0.0
2020-08-18,0.0,0.0,0.0
2020-08-19,0.0,0.0,0.0
2020-08-20,0.0,0.0,0.0
2020-08-21,0.0,0.0,0.0
2020-08-22,0.0,0.0,0.0
2020-08-23,0.0,0.10767265000426475,-0.10767265000426475
2020-08-24,0.0,0.20011806564180704,-0.20011806564180704
2020-08-25,0.0,0.5969259326396071,-0.5969259326396071
2020-08-26,0.0,0.7924695058773793,-0.7924695058773793
2020-08-27,0.0,1.1823191453470088,-1.1823191453470088
2020-08-28,0.0,1.28948360791705,-1.28948360791705
2020-08-29,0.0,1.1426504412179515,-1.1426504412179515
2020-08-30,0.0,1.2021027021347652,-1.2021027021347652
2020-08-31,0.0,0.4203062154529583,-0.4203062154529583
2020-09-01,0.0,0.3780523964629835,-0.3780523964629835
2020-09-02,0.0,0.8882742090529003,-0.8882742090529003
2020-09-03,0.0,0.7279576850948704,-0.7279576850948704
2020-09-04,0.0,0.6691413323782316,-0.6691413323782316
2020-09-05,0.0,0.4017528784321688,-0.4017528784321688
2020-09-06,0.0,0.43103754109460535,-0.43103754109460535
2020-09-07,0.0,0.43810001064711107,-0.43810001064711107
2020-09-08,0.0,0.0,0.0
2020-09-09,0.0,0.0,0.0
2020-09-10,0.0,0.2883481599973423,-0.2883481599973423
2020-09-11,0.0,0.0831662945136144,-0.0831662945136144
2020-09-12,0.0,0.0,0.0
2020-09-13,0.0,0.0,0.0
2020-09-14,0.0,0.01670568940257328,-0.01670568940257328
2020-09-15,0.0,0.0,0.0
2020-09-16,0.0,0.0,0.0
2020-09-17,0.0,0.0,0.0
2020-09-18,0.0,0.0,0.0
2020-09-19,0.0,0.0,0.0
2020-09-20,0.0,0.0,0.0
2020-09-21,0.0,0.0,0.0
2020-09-22,0.0,0.0,0.0
2020-09-23,0.0,0.0,0.0
2020-09-24,0.0,0.0,0.0
2020-09-25,0.0,0.0,0.0
2020-09-26,0.0,0.0,0.0
2020-09-27,0.0,0.0,0.0
2020-09-28,0.0,0.008524137596244286,-0.008524137596244286
2020-09-29,0.0,0.0008588912300906429,-0.0008588912300906429
2020-09-30,0.0,0.0,0.0
2020-10-01,0.0,0.0,0.0
2020-10-02,0.0,0.0016798629057701094,-0.0016798629057701094
2020-10-03,0.0,0.0016798629057701094,-0.0016798629057701094
2020-10-04,0.0,0.0022978600222207995,-0.0022978600222207995
2020-10-05,0.0,0.0022978600222207995,-0.0022978600222207995
2020-10-06,0.0,0.0,0.0
2020-10-07,0.0,0.0016798629057701094,-0.0016798629057701094
2020-10-08,0.0,0.0016798629057701094,-0.0016798629057701094
2020-10-09,0.0,0.0,0.0
2020-10-10,0.0,0.0003300118585721933,-0.0003300118585721933
2020-10-11,0.0,0.0016798629057701094,-0.0016798629057701094
2020-10-12,0.0,0.0016798629057701094,-0.0016798629057701094
2020-10-13,0.0,0.0,0.0
2020-10-14,0.0,0.0,0.0
2020-10-15,0.0,0.0033072488933951283,-0.0033072488933951283
2020-10-16,0.0,0.003160932347125261,-0.003160932347125261
2020-10-17,0.0,0.003160932347125261,-0.003160932347125261
2020-10-18,0.0,0.003160932347125261,-0.003160932347125261
2020-10-19,0.0,0.003160932347125261,-0.003160932347125261
2020-10-20,0.0,0.003160932347125261,-0.003160932347125261
2020-10-21,0.0,0.0033072488933951283,-0.0033072488933951283
2020-10-22,0.0,0.0033072488933951283,-0.0033072488933951283
2020-10-23,0.0,0.003160932347125261,-0.003160932347125261
2020-10-24,0.0,0.0033072488933951283,-0.0033072488933951283
2020-10-25,0.0,0.0033072488933951283,-0.0033072488933951283
2020-10-26,0.0,0.0033072488933951283,-0.0033072488933951283
2020-10-27,0.0,0.0033072488933951283,-0.0033072488933951283
2020-10-28,0.0,0.0033072488933951283,-0.0033072488933951283
2020-10-29,0.0,0.0033072488933951283,-0.0033072488933951283
2020-10-30,0.0,0.0033072488933951283,-0.0033072488933951283
2020-10-31,0.0,0.002267565165818062,-0.002267565165818062
2020-11-01,0.0,0.002267565165818062,-0.002267565165818062
2020-11-02,0.0,0.002267565165818062,-0.002267565165818062
2020-11-03,0.0,0.002267565165818062,-0.002267565165818062
2020-11-04,0.0,0.0031310944658206894,-0.0031310944658206894
2020-11-05,0.0,0.00241388171208793,-0.00241388171208793
2020-11-06,0.0,0.00241388171208793,-0.00241388171208793
2020-11-07,0.0,0.002267565165818062,-0.002267565165818062
2020-11-08,0.0,0.00241388171208793,-0.00241388171208793
2020-11-09,0.0,0.002267565165818062,-0.002267565165818062
2020-11-10,0.0,0.00241388171208793,-0.00241388171208793
2020-11-11,0.0,0.00241388171208793,-0.00241388171208793
2020-11-12,0.0,0.00241388171208793,-0.00241388171208793
2020-11-13,0.0,0.00241388171208793,-0.00241388171208793
2020-11-14,0.0,0.00241388171208793,-0.00241388171208793
2020-11-15,0.0,0.002267565165818062,-0.002267565165818062
2020-11-16,0.0,0.002267565165818062,-0.002267565165818062
2020-11-17,0.0,0.002267565165818062,-0.002267565165818062
2020-11-18,0.0,0.0029778866781283806,-0.0029778866781283806
2020-11-19,0.0,0.0025736560546181456,-0.0025736560546181456
2020-11-20,0.0,0.0025736560546181456,-0.0025736560546181456
2020-11-21,0.0,0.00241388171208793,-0.00241388171208793
2020-11-22,0.0,0.002267565165818062,-0.002267565165818062
2020-11-23,0.0,0.002267565165818062,-0.002267565165818062
2020-11-24,0.0,0.003277411012090557,-0.003277411012090557
2020-11-25,0.0,0.0028856622910289837,-0.0028856622910289837
2020-11-26,0.0,0.002267565165818062,-0.002267565165818062
2020-11-27,0.0,0.002267565165818062,-0.002267565165818062
2020-11-28,0.0,0.00241388171208793,-0.00241388171208793
2020-11-29,0.0,0.00241388171208793,-0.00241388171208793
2020-11-30,0.0,0.00215859930342986,-0.00215859930342986
2020-12-01,0.0,0.0020788568187791252,-0.0020788568187791252
2020-12-02,0.0,0.0014607596935682036,-0.0014607596935682036
2020-12-03,0.0,0.0014607596935682036,-0.0014607596935682036
2020-12-04,0.0,0.0010599652297574008,-0.0010599652297574008
2020-12-05,0.0,0.0010599652297574008,-0.0010599652297574008
2020-12-06,0.0,0.0,0.0
2020-12-07,0.0,0.0,0.0
2020-12-08,0.0,0.0,0.0
2020-12-09,0.0,0.0,0.0
2020-12-10,0.0,0.0,0.0
2020-12-11,0.0,0.0,0.0
2020-12-12,0.0,0.0,0.0
2020-12-13,0.0,0.0030279134021662392,-0.0030279134021662392
2020-12-14,0.0,0.0014607596935682036,-0.0014607596935682036
2020-12-15,0.0,0.0,0.0
2020-12-16,0.0,0.0,0.0
2020-12-17,0.0,0.0,0.0
2020-12-18,0.0,0.0,0.0
2020-12-19,0.0,0.0,0.0
2020-12-20,0.0,0.0,0.0
2020-12-21,0.0,0.0,0.0
2020-12-22,0.0,0.0008432195522156784,-0.0008432195522156784
2020-12-23,0.0,0.0,0.0
2020-12-24,0.0,0.0,0.0
2020-12-26,0.0,0.0010599652297574008,-0.0010599652297574008
2020-12-27,0.0,0.0,0.0
2020-12-28,0.0,0.0,0.0
2020-12-29,0.0,0.0,0.0
2020-12-30,0.0,0.0030279134021662392,-0.0030279134021662392
2020-12-31,0.0,0.0010599652297574008,-0.0010599652297574008
2021-01-01,0.0,0.0,0.0
2021-01-02,0.0,0.0,0.0
2021-01-03,0.0,0.0014607596935682036,-0.0014607596935682036
2021-01-04,0.0,0.0030279134021662392,-0.0030279134021662392
2021-01-05,0.0,0.002470605539840698,-0.002470605539840698
2021-01-06,0.0,0.0030279134021662392,-0.0030279134021662392
2021-01-07,0.0,0.001607076239838071,-0.001607076239838071
2021-01-08,0.0,0.0014607596935682036,-0.0014607596935682036
2021-01-09,0.0,0.0,0.0
2021-01-10,0.0,0.0016780623549683224,-0.0016780623549683224
2021-01-11,0.0,0.002470605539840698,-0.002470605539840698
2021-01-12,0.0,0.0022251733650489923,-0.0022251733650489923
2021-01-13,0.0,0.0,0.0
2021-01-14,0.0,0.0,0.0
2021-01-15,0.0,0.0005436952182535019,-0.0005436952182535019
2021-01-16,0.0,0.0,0.0
2021-01-17,0.0,0.0,0.0
2021-01-18,0.0,0.0,0.0
2021-01-19,0.0,0.0,0.0
2021-01-20,0.0,0.0,0.0
2021-01-21,0.0,0.0,0.0
2021-01-22,0.0,0.0,0.0
2021-01-23,0.0,0.0,0.0
2021-01-24,0.0,0.0,0.0
2021-01-25,0.0,0.0,0.0
2021-01-26,0.0,0.0,0.0
2021-01-27,0.0,0.0,0.0
2021-01-28,0.0,0.0,0.0
2021-01-29,0.0,0.0,0.0
2021-01-30,0.0,0.0,0.0
2021-01-31,0.0,0.0,0.0
2021-02-01,0.0,0.0030279134021662392,-0.0030279134021662392
2021-02-02,0.0,0.0,0.0
2021-02-03,0.0,0.0005436952182535019,-0.0005436952182535019
2021-02-04,0.0,0.0,0.0
2021-02-05,0.0,0.001923494529760028,-0.001923494529760028
2021-02-06,0.0,0.0022251733650489923,-0.0022251733650489923
2021-02-07,0.0,0.001923494529760028,-0.001923494529760028
2021-02-08,0.0,0.0,0.0
2021-02-09,0.0,0.0,0.0
2021-02-10,0.0,0.0010599652297574008,-0.0010599652297574008
2021-02-11,0.0,0.0030279134021662392,-0.0030279134021662392
2021-02-12,0.0,0.0030279134021662392,-0.0030279134021662392
2021-02-13,0.0,0.0020788568187791252,-0.0020788568187791252
2021-02-14,0.0,0.002470605539840698,-0.002470605539840698
2021-02-15,0.0,0.0,0.0
2021-02-16,0.0,0.00032848868121252724,-0.00032848868121252724
2021-02-17,0.0,0.0,0.0
2021-02-18,0.0,0.0,0.0
2021-02-19,0.0,0.00018217213494265983,-0.00018217213494265983
2021-02-20,0.0,0.0,0.0
2021-02-21,0.0,0.0,0.0
2021-02-22,0.0,0.0,0.0
2021-02-23,0.0,1.6482444801689197e-05,-1.6482444801689197e-05
2021-02-24,0.0,0.00018217213494265983,-0.00018217213494265983
2021-02-25,0.0,0.0,0.0
2021-02-26,0.0,0.0,0.0
2021-02-27,0.0,0.0,0.0
2021-02-28,0.0,0.0,0.0
2021-03-01,0.0,0.0007847635049972314,-0.0007847635049972314
2021-03-02,0.0,1.6482444801689197e-05,-1.6482444801689197e-05
2021-03-03,0.0,0.0011918874323381516,-0.0011918874323381516
2021-03-04,0.0,0.002205600667325399,-0.002205600667325399
2021-03-05,0.0,0.0,0.0
2021-03-06,0.0,0.0,0.0
2021-03-07,0.0,0.0,0.0
2021-03-08,0.0,0.0,0.0
2021-03-09,0.0,0.0,0.0
2021-03-10,0.0,0.0,0.0
2021-03-11,0.0,0.0,0.0
2021-03-12,0.0,0.0,0.0
2021-03-13,0.0,0.0,0.0
2021-03-14,0.0,0.0,0.0
2021-03-15,0.0,0.0,0.0
2021-03-16,0.0,0.0,0.0
2021-03-17,0.0,0.0,0.0
2021-03-18,0.0,0.0,0.0
2021-03-19,0.0,0.0,0.0
2021-03-20,0.0,0.0,0.0
2021-03-21,0.0,0.01612572435087451,-0.01612572435087451
2021-03-22,0.1497611145852866,0.02130425272100185,0.12845686186428473
2021-03-23,0.1497611145852866,0.0,0.1497611145852866
2021-03-24,0.1497611145852866,0.0287793645049075,0.12098175008037909
2021-03-25,0.1497611145852866,0.04726058398084713,0.10250053060443948
2021-03-26,0.1497611145852866,0.026216820486942388,0.1235442940983442
2021-03-27,0.1497611145852866,0.04137811797189847,0.10838299661338813
2021-03-28,0.312400545174984,0.0,0.312400545174984
2021-03-29,0.46795353544493323,0.10576211238199558,0.36219142306293767
2021-03-30,0.675516459584686,0.17034788215877933,0.5051685774259067
2021-03-31,0.9175765688926296,0.07994883368483269,0.837627735207797
2021-04-01,1.1667614534116189,0.05877912870224815,1.1079823247093707
2021-04-02,1.4157974403858908,0.11113946559507673,1.304657974790814
2021-04-03,1.665385988294455,0.006116867724810165,1.6592691205696448
2021-04-04,1.9143598285609211,0.06467964917807144,1.8496801793828497
2021-04-05,2.1590509922152323,0.09998703691448002,2.0590639553007524
2021-04-06,2.3830619542686895,0.05281667596880611,2.3302452782998833
2021-04-07,2.6079055017004533,0.27651578301499824,2.331389718685455
2021-04-08,2.84285437745234,0.9758747439443334,1.8669796335080067
2021-04-09,3.094908636689936,1.086240160521447,2.008668476168489
2021-04-10,3.352237765924246,1.2452251009139843,2.1070126650102616
2021-04-11,3.6198487534275983,1.697792963112374,1.9220557903152242
2021-04-12,3.876953211314551,1.8257467268730763,2.051206484441475
2021-04-13,4.126402148141611,2.082549033834318,2.0438531143072924
2021-04-14,4.365604055137451,1.727286082733377,2.6383179724040744
2021-04-15,4.6028414230540875,1.4090253447704264,3.1938160782836613
2021-04-16,4.848417075688919,1.1688445914544874,3.6795724842344315
2021-04-17,5.100744475761971,1.7716748873823298,3.329069588379641
2021-04-18,5.348273677056369,1.563917138540877,3.784356538515492
2021-04-19,5.585596384627514,1.5508254585130212,4.034770926114493
2021-04-20,5.812892949866531,1.6526167973206876,4.160276152545843
2021-04-21,6.030382687608524,1.956224196439861,4.074158491168664
2021-04-22,6.23939256955933,2.037560347015012,4.2018322225443185
2021-04-23,6.434888931115203,1.4026570534866545,5.032231877628548
2021-04-24,6.6023786631610095,1.4857941281300089,5.116584535031
2021-04-25,6.748384619917283,1.7162553430434355,5.032129276873847
2021-04-26,6.748384619917283,1.7287382185049998,5.019646401412283
2021-04-27,6.748384619917283,1.7235454304041702,5.024839189513113
2021-04-28,6.748384619917283,1.7081540425869135,5.0402305773303695
2021-04-29,6.748384619917283,1.9654427655044624,4.782941854412821
2021-04-30,6.748384619917283,3.74813717009707,3.0002474498202125
2021-05-01,6.748384619917283,3.855392473653303,2.8929921462639796
2021-05-02,6.748384619917283,3.8010320923143275,2.947352527602955
2021-05-03,6.748384619917283,3.808430829653446,2.9399537902638366
2021-05-04,6.900597672918957,3.7669839471483466,3.1336137257706107
2021-05-05,7.063806342881981,3.742973218226692,3.320833124655289
2021-05-06,7.227509787924299,3.7423602698702845,3.485149518054014
2021-05-07,7.3785354942564085,3.839128785669883,3.5394067085865255
2021-05-08,7.52513520736633,4.366742305621684,3.158392901744646
2021-05-09,7.668138069688469,4.340213459804035,3.327924609884434
2021-05-10,7.668138069688469,4.339179431801744,3.328958637886725
2021-05-11,7.668138069688469,4.629147389099786,3.0389906805886833
2021-05-12,7.668138069688469,5.439121589670176,2.2290164800182932
2021-05-13,7.668138069688469,5.425478057057233,2.2426600126312364
2021-05-14,7.668138069688469,6.181308767000708,1.4868293026877613
2021-05-15,7.668138069688469,6.309728228931704,1.3584098407567655
2021-05-16,7.668138069688469,8.468977565020946,-0.8008394953324771
2021-05-17,7.668138069688469,7.522174963126658,0.145963106561811
2021-05-18,7.668138069688469,9.996546177203744,-2.3284081075152745
2021-05-19,7.668138069688469,9.974222044216953,-2.306083974528484
2021-05-20,7.668138069688469,9.980716642272093,-2.3125785725836234
2021-05-21,7.668138069688469,9.891787460739895,-2.223649391051426
2021-05-22,7.668138069688469,9.874632099772017,-2.2064940300835474
2021-05-23,7.668138069688469,8.838550132413932,-1.1704120627254628
2021-05-24,7.668138069688469,8.861085760171221,-1.192947690482752
2021-05-25,7.668138069688469,11.449381040531945,-3.7812429708434756
2021-05-26,7.668138069688469,8.162042587655066,-0.4939045179665964
2021-05-27,7.668138069688469,8.132419741880323,-0.4642816721918539
2021-05-28,7.668138069688469,8.527264801385243,-0.8591267316967741
2021-05-29,7.668138069688469,8.489719642691739,-0.8215815730032698
2021-05-30,7.668138069688469,7.0460929554217415,0.6220451142667276
2021-05-31,7.668138069688469,6.865480422162662,0.8026576475258071
2021-06-01,7.668138069688469,6.860619644605224,0.807518425083245
2021-06-02,7.668138069688469,6.923626246669312,0.744511823019157
2021-06-03,7.668138069688469,5.903192396790355,1.764945672898114
2021-06-04,7.668138069688469,6.979865473647618,0.6882725960408509
2021-06-05,7.668138069688469,6.95673776090112,0.7114003087873488
2021-06-06,7.668138069688469,6.9268889184311595,0.7412491512573096
2021-06-07,7.668138069688469,6.7976686179635175,0.8704694517249516
2021-06-08,7.668138069688469,5.565944748434038,2.102193321254431
2021-06-09,7.668138069688469,5.571770376661058,2.0963676930274113
2021-06-10,7.668138069688469,5.801660043413957,1.8664780262745122
2021-06-11,7.668138069688469,5.563602615965701,2.104535453722768
2021-06-12,7.668138069688469,5.60212927222663,2.066008797461839
2021-06-13,7.668138069688469,5.551548348299265,2.1165897213892038
2021-06-14,7.518376955103183,5.55160904028309,1.9667679148200934
2021-06-15,7.518376955103183,5.447341994361151,2.0710349607420317
2021-06-16,7.518376955103183,5.371387298074254,2.1469896570289295
2021-06-17,7.518376955103183,5.272782486739567,2.245594468363616
2021-06-18,7.518376955103183,5.343742540382888,2.1746344147202947
2021-06-19,7.518376955103183,5.310366625947887,2.2080103291552957
2021-06-20,7.355737524513486,5.147182705839356,2.2085548186741306
2021-06-21,7.2001845342435375,5.14716862242352,2.053015911820018
2021-06-22,6.992621610103784,5.076462240484397,1.916159369619387
2021-06-23,6.75056150079584,5.0349368292256145,1.7156246715702252
2021-06-24,6.501376616276851,4.879939333728337,1.6214372825485146
2021-06-25,6.25234062930258,4.915224872384476,1.337115756918104
2021-06-26,6.002752081394015,4.862818791440828,1.1399332899531869
2021-06-27,5.753778241127549,4.786457632258162,0.9673206088693869
2021-06-28,5.509087077473238,4.838313571359944,0.670773506113294
2021-06-29,5.28507611541978,4.730784652380693,0.5542914630390863
2021-06-30,5.060232567988016,4.340070190212966,0.7201623777750497
2021-07-01,4.825283692236129,9.046526474130905,-4.221242781894777
2021-07-02,4.573229432998533,8.876479641212358,-4.303250208213825
2021-07-03,4.3159003037642245,7.132631627734688,-2.8167313239704637
2021-07-04,4.048289316260871,7.087975007263111,-3.03968569100224
2021-07-05,3.7911848583739185,6.6021121542518735,-2.810927295877955
2021-07-06,3.541735921546859,6.363733161070252,-2.821997239523393
2021-07-07,3.3025340145510187,5.446268545881726,-2.1437345313307077
2021-07-08,3.065296646634382,5.515813796975935,-2.4505171503415526
2021-07-09,2.819720993999552,5.2362149211564715,-2.4164939271569197
2021-07-10,2.5673935939264996,2.4204199013784327,0.14697369254806691
2021-07-11,2.319864392632101,2.434655076902269,-0.11479068427016781
2021-07-12,2.082541685060957,1.5720338054625689,0.510507879598388
2021-07-13,1.8552451198219393,1.5970021974397404,0.2582429223821989
2021-07-14,1.637755382079946,1.6019103327647954,0.035845049315150534
2021-07-15,1.4287455001291396,2.621107736512648,-1.1923622363835085
2021-07-16,1.233249138573267,2.683056030266906,-1.449806891693639
2021-07-17,1.0657594065274603,2.6175342117492937,-1.5517748052218334
2021-07-18,0.9197534497711872,2.633314120757167,-1.7135606709859796
2021-07-19,0.9197534497711872,2.58414939693819,-1.6643959471670027
2021-07-20,0.9197534497711872,2.3304769583597076,-1.4107235085885204
2021-07-21,0.9197534497711872,2.242348015133705,-1.322594565362518
2021-07-22,0.9197534497711872,2.138978751547739,-1.2192253017765518
2021-07-23,0.9197534497711872,2.062256124104126,-1.142502674332939
2021-07-24,0.9197534497711872,2.1139044318594045,-1.1941509820882172
2021-07-25,0.9197534497711872,2.1388960299174573,-1.21914258014627
2021-07-26,0.9197534497711872,2.174183911442698,-1.2544304616715107
2021-07-27,0.7675403967695124,2.2065483242714166,-1.4390079275019043
2021-07-28,0.6043317268064895,2.196258760537162,-1.5919270337306726
2021-07-29,0.4406282817641716,2.2948081927625483,-1.8541799109983768
2021-07-30,0.28960257543206175,2.355126983268037,-2.065524407835975
2021-07-31,0.14300286232214024,1.8858337546703743,-1.742830892348234
2021-08-01,0.0,1.7465678483322833,-1.7465678483322833
2021-08-02,0.0,1.5470246944938093,-1.5470246944938093
2021-08-03,0.0,1.4995879846492493,-1.4995879846492493
2021-08-04,0.0,1.609785804912075,-1.609785804912075
2021-08-05,0.0,1.3501972127557562,-1.3501972127557562
2021-08-06,0.0,1.1923525667809072,-1.1923525667809072
2021-08-07,0.0,0.8449147626161373,-0.8449147626161373
2021-08-08,0.0,0.37007572117313636,-0.37007572117313636
2021-08-09,0.0,0.36035532690070304,-0.36035532690070304
2021-08-10,0.0,0.39702680666536844,-0.39702680666536844
2021-08-11,0.0,0.33537573430040424,-0.33537573430040424
2021-08-12,0.0,0.2979234790834914,-0.2979234790834914
2021-08-13,0.0,0.18068545069346473,-0.18068545069346473
2021-08-14,0.0,0.152287553470377,-0.152287553470377
2021-08-15,0.0,0.32806754245750563,-0.32806754245750563
2021-08-16,0.0,0.10025944337364863,-0.10025944337364863
2021-08-17,0.0,0.08435551144219688,-0.08435551144219688
2021-08-18,0.0,0.06327154440194517,-0.06327154440194517
2021-08-19,0.0,0.06327154440194517,-0.06327154440194517
2021-08-20,0.0,0.10222739154605745,-0.10222739154605745
2021-08-21,0.0,0.10222739154605745,-0.10222739154605745
2021-08-22,0.0,0.10025944337364863,-0.10025944337364863
2021-08-23,0.0,0.08238756326978806,-0.08238756326978806
2021-08-24,0.0,0.06327154440194517,-0.06327154440194517
2021-08-25,0.0,0.10222739154605745,-0.10222739154605745
2021-08-26,0.0,0.10025944337364863,-0.10025944337364863
2021-08-27,0.0,0.08435551144219688,-0.08435551144219688
2021-08-28,0.0,0.08238756326978806,-0.08238756326978806
2021-08-29,0.0,0.06144991277580619,-0.06144991277580619
2021-08-30,0.0,0.06166584715896124,-0.06166584715896124
2021-08-31,0.0,0.06166584715896124,-0.06166584715896124
2021-09-01,0.0,0.06181216370523111,-0.06181216370523111
2021-09-02,0.0,0.06363379533137008,-0.06363379533137008
2021-09-03,0.0,0.06166584715896124,-0.06166584715896124
2021-09-04,0.0,0.06166584715896124,-0.06166584715896124
2021-09-05,0.0,0.06166584715896124,-0.06166584715896124
2021-09-06,0.0,0.06363379533137008,-0.06363379533137008
2021-09-07,0.0,0.06166584715896124,-0.06166584715896124
2021-09-08,0.0,0.06166584715896124,-0.06166584715896124
2021-09-09,0.0,0.06363379533137008,-0.06363379533137008
2021-09-10,0.0,0.06166584715896124,-0.06166584715896124
2021-09-11,0.0,0.06363379533137008,-0.06363379533137008
2021-09-12,0.0,0.06166584715896124,-0.06166584715896124
2021-09-13,0.0,0.06057967131019882,-0.06057967131019882
2021-09-14,0.0,0.06057967131019882,-0.06057967131019882
2021-09-15,0.0,0.007598161049065674,-0.007598161049065674
2021-09-16,0.0,0.005630212876656836,-0.005630212876656836
2021-09-17,0.0,0.010646384199018862,-0.010646384199018862
2021-09-18,0.0,0.010646384199018862,-0.010646384199018862
2021-09-19,0.0,0.009225547036690694,-0.009225547036690694
2021-09-20,0.0,0.008678436026610024,-0.008678436026610024
2021-09-21,0.0,0.008824752572879891,-0.008824752572879891
2021-09-22,0.0,0.008678436026610024,-0.008678436026610024
2021-09-23,0.0,0.009225547036690694,-0.009225547036690694
2021-09-24,0.0,0.005630212876656836,-0.005630212876656836
2021-09-25,0.0,0.005630212876656836,-0.005630212876656836
2021-09-26,0.0,0.005630212876656836,-0.005630212876656836
2021-09-27,0.0,0.007598161049065674,-0.007598161049065674
2021-09-28,0.0,0.005630212876656836,-0.005630212876656836
2021-09-29,0.0,0.005630212876656836,-0.005630212876656836
2021-09-30,0.0,0.0,0.0
2021-10-01,0.0,0.0,0.0
2021-10-02,0.0,0.0,0.0
2021-10-03,0.0,0.0,0.0
2021-10-04,0.0,0.0,0.0
2021-10-05,0.0,0.0,0.0
2021-10-06,0.0,0.0,0.0
2021-10-07,0.0,0.0,0.0
2021-10-08,0.0,0.0,0.0
2021-10-09,0.0,0.0,0.0
2021-10-10,0.0,0.0,0.0
2021-10-11,0.0,0.0,0.0
2021-10-12,0.0,0.0,0.0
2021-10-13,0.0,0.0,0.0
2021-10-14,0.0,0.0,0.0
2021-10-15,0.0,0.0,0.0
2021-10-16,0.0,0.0,0.0
2021-10-17,0.0,0.0,0.0
2021-10-18,0.0,0.0,0.0
2021-10-19,0.0,0.0,0.0
2021-10-20,0.0,0.0,0.0
2021-10-21,0.0,0.0,0.0
2021-10-22,0.0,0.0,0.0
2021-10-23,0.0,0.0,0.0
2021-10-24,0.0,0.0,0.0
2021-10-25,0.0,0.0,0.0
2021-10-26,0.0,0.0,0.0
2021-10-27,0.0,0.0,0.0
2021-10-28,0.0,0.01673681562380411,-0.01673681562380411
2021-10-29,0.0,0.029085669182127544,-0.029085669182127544
2021-10-30,0.0,0.022438523337605522,-0.022438523337605522
2021-10-31,0.0,0.042456599455540416,-0.042456599455540416
2021-11-01,0.0,0.042456599455540416,-0.042456599455540416
2021-11-02,0.0,0.043320128755543044,-0.043320128755543044
2021-11-03,0.0,0.042456599455540416,-0.042456599455540416
2021-11-04,0.0,0.000540902996433833,-0.000540902996433833
2021-11-05,0.0,0.04082921346791539,-0.04082921346791539
2021-11-06,0.0,0.0072500763230703685,-0.0072500763230703685
2021-11-07,0.0,0.005428444696931399,-0.005428444696931399
2021-11-08,0.0,0.005282128150661531,-0.005282128150661531
2021-11-09,0.0,0.022895057052697173,-0.022895057052697173
2021-11-10,0.0,0.0072500763230703685,-0.0072500763230703685
2021-11-11,0.0,0.005428444696931399,-0.005428444696931399
2021-11-12,0.0,0.0072500763230703685,-0.0072500763230703685
2021-11-13,0.0,0.0072500763230703685,-0.0072500763230703685
2021-11-14,0.0,0.0072500763230703685,-0.0072500763230703685
2021-11-15,0.0,0.005428444696931399,-0.005428444696931399
2021-11-16,0.0,0.005282128150661531,-0.005282128150661531
2021-11-17,0.0,0.0072500763230703685,-0.0072500763230703685
2021-11-18,0.0,0.0072500763230703685,-0.0072500763230703685
2021-11-19,0.0,0.005282128150661531,-0.005282128150661531
2021-11-20,0.0,0.005282128150661531,-0.005282128150661531
2021-11-21,0.0,0.005282128150661531,-0.005282128150661531
2021-11-22,0.0,0.008330351300614717,-0.008330351300614717
2021-11-23,0.0,0.006333263843975971,-0.006333263843975971
2021-11-24,0.0,0.008877462310695387,-0.008877462310695387
2021-11-25,0.0,0.008877462310695387,-0.008877462310695387
2021-11-26,0.0,0.00873114576442552,-0.00873114576442552
2021-11-27,0.0,0.008877462310695387,-0.008877462310695387
2021-11-28,0.0,0.00873114576442552,-0.00873114576442552
2021-11-29,0.0,0.008877462310695387,-0.008877462310695387
2021-11-30,0.0,0.0,0.0
2021-12-01,0.0,0.0,0.0
2021-12-02,0.0,0.0,0.0
2021-12-03,0.0,0.0,0.0
2021-12-04,0.0,0.0,0.0
2021-12-05,0.0,0.0,0.0
2021-12-06,0.0,0.0,0.0
2021-12-07,0.0,0.0,0.0
2021-12-08,0.0,0.0,0.0
2021-12-09,0.0,0.0,0.0
2021-12-10,0.0,0.0,0.0
2021-12-11,0.0,0.0,0.0
2021-12-12,0.0,0.0,0.0
2021-12-13,0.0,0.0,0.0
2021-12-14,0.0,0.0,0.0
2021-12-15,0.0,0.0,0.0
2021-12-16,0.0,0.0,0.0
2021-12-17,0.0,0.0,0.0
2021-12-18,0.0,0.0,0.0
2021-12-19,0.0,0.0,0.0
2021-12-20,0.0,0.0,0.0
2021-12-21,0.0,0.0,0.0
2021-12-22,0.0,0.0,0.0
2021-12-23,0.0,0.0,0.0
2021-12-24,0.0,0.0,0.0
2021-12-26,0.0,0.0,0.0
2021-12-27,0.0,0.0,0.0
2021-12-28,0.0,0.0,0.0
2021-12-29,0.0,0.0,0.0
2021-12-30,0.0,0.0,0.0
2021-12-31,0.0,0.0038248723423747917,-0.0038248723423747917
2022-01-01,0.0,0.0,0.0
2022-01-02,0.0,0.0,0.0
2022-01-03,0.0,0.0,0.0
2022-01-04,0.0,0.0,0.0
2022-01-05,0.0,0.0,0.0
2022-01-06,0.0,0.0,0.0
2022-01-07,0.0,0.0,0.0
2022-01-08,0.0,0.0,0.0
2022-01-09,0.0,0.0,0.0
2022-01-10,0.0,0.0,0.0
2022-01-11,0.0,0.016157702674413448,-0.016157702674413448
2022-01-12,0.0,0.0,0.0
2022-01-13,0.0,0.0,0.0
2022-01-14,0.0,0.008841043664736816,-0.008841043664736816
2022-01-15,0.0,0.0032067752171638705,-0.0032067752171638705
2022-01-16,0.0,0.0038248723423747917,-0.0038248723423747917
2022-01-17,0.0,0.0038248723423747917,-0.0038248723423747917
2022-01-18,0.0,0.0,0.0
2022-01-19,0.0,0.0,0.0
2022-01-20,0.0,0.0,0.0
2022-01-21,0.0,0.0,0.0
2022-01-22,0.0,0.0,0.0
2022-01-23,0.0,0.0,0.0
2022-01-24,0.0,0.0,0.0
2022-01-25,0.0,0.0,0.0
2022-01-26,0.0,0.0,0.0
2022-01-27,0.0,0.0,0.0
2022-01-28,0.0,0.0,0.0
2022-01-29,0.0,0.0,0.0
2022-01-30,0.0,0.006978823858675612,-0.006978823858675612
2022-01-31,0.0,0.013379936014275368,-0.013379936014275368
2022-02-01,0.0,0.0,0.0
2022-02-02,0.0,0.013691942250686207,-0.013691942250686207
2022-02-03,0.0,0.021853964655525734,-0.021853964655525734
2022-02-04,0.0,0.014431071707589813,-0.014431071707589813
2022-02-05,0.0,0.007739607916301879,-0.007739607916301879
2022-02-06,0.0,0.0077285023939934056,-0.0077285023939934056
2022-02-07,0.0,0.014441620786003998,-0.014441620786003998
2022-02-08,0.0,0.0,0.0
2022-02-09,0.0,0.013823523660793077,-0.013823523660793077
2022-02-10,0.0,0.01412961454959316,-0.01412961454959316
2022-02-11,0.0,0.014441620786003998,-0.014441620786003998
2022-02-12,0.0,0.01412961454959316,-0.01412961454959316
2022-02-13,0.0,0.026157785317181364,-0.026157785317181364
2022-02-14,0.0,0.01307847885627872,-0.01307847885627872
2022-02-15,0.0,0.01339048509268956,-0.01339048509268956
2022-02-16,0.0,0.01307847885627872,-0.01307847885627872
2022-02-17,0.0,0.01307847885627872,-0.01307847885627872
2022-02-18,0.0,0.013635917267481265,-0.013635917267481265
2022-02-19,0.0,0.01339048509268956,-0.01339048509268956
2022-02-20,0.0,0.022109945908731634,-0.022109945908731634
2022-02-21,0.0,0.012772387967478638,-0.012772387967478638
2022-02-22,0.0,0.014544300485955876,-0.014544300485955876
2022-02-23,0.0,0.012772387967478638,-0.012772387967478638
2022-02-24,0.0,0.01339048509268956,-0.01339048509268956
2022-02-25,0.0,0.015358433265098398,-0.015358433265098398
2022-02-26,0.0,0.01339048509268956,-0.01339048509268956
2022-02-27,0.0,0.015358433265098398,-0.015358433265098398
2022-02-28,0.0,0.016367722127512495,-0.016367722127512495
2022-03-01,0.0,0.016221405581242625,-0.016221405581242625
2022-03-02,0.0,0.007837778583118321,-0.007837778583118321
2022-03-03,0.0,0.007837778583118321,-0.007837778583118321
2022-03-04,0.0,0.004388760969354333,-0.004388760969354333
2022-03-05,0.0,0.0,0.0
2022-03-06,0.0,0.0,0.0
2022-03-07,0.0,0.0,0.0
2022-03-08,0.0,0.0,0.0
2022-03-09,0.0,0.0,0.0
2022-03-10,0.0,0.0,0.0
2022-03-11,0.15324442456917658,0.0,0.15324442456917658
2022-03-12,0.33429038585495924,0.0,0.33429038585495924
2022-03-13,0.5479668156540239,0.0,0.5479668156540239
2022-03-14,0.7689856677126379,0.0,0.7689856677126379
2022-03-15,0.9878284955698585,0.0,0.9878284955698585
2022-03-16,1.2241238301609414,0.0,1.2241238301609414
2022-03-17,1.4758286262360332,0.0,1.4758286262360332
2022-03-18,1.7261765435058705,0.0,1.7261765435058705
2022-03-19,1.9652773776584647,0.0,1.9652773776584647
2022-03-20,2.1926668955321387,0.0,2.1926668955321387
2022-03-21,2.419967099941381,0.0,2.419967099941381
2022-03-22,2.6522707781947736,0.03838320207393082,2.6138875761208427
2022-03-23,2.9057817054884896,0.03337201641362987,2.8724096890748596
2022-03-24,3.1607953854139814,0.05596084737638138,3.1048345380376
2022-03-25,3.3601391596745245,0.0,3.3601391596745245
2022-03-26,3.6350418127229953,0.0,3.6350418127229953
2022-03-27,3.9020607307412964,0.0,3.9020607307412964
2022-03-28,4.202425983482882,0.0,4.202425983482882
2022-03-29,4.5066779182482986,0.1621003465887076,4.344577571659591
2022-03-30,4.792251778638812,1.0244327154063124,3.7678190632325
2022-03-31,5.079250695744987,0.888157770979384,4.191092924765603
2022-04-01,5.367411369414811,1.2649364597525767,4.102474909662234
2022-04-02,5.608218483164066,0.17078946281326207,5.4374290203508036
2022-04-03,5.8423525213992775,0.0,5.8423525213992775
2022-04-04,6.060055077695671,0.0,6.060055077695671
2022-04-05,6.292327109293233,0.3009135285848563,5.991413580708377
2022-04-06,6.530197809327084,0.6540901847343525,5.8761076245927315
2022-04-07,6.754669553909431,0.21432653938666202,6.540343014522769
2022-04-08,6.94502645888755,1.289789665698489,5.655236793189061
2022-04-09,6.94502645888755,0.7315082927194085,6.213518166168141
2022-04-10,6.94502645888755,1.0366142627476282,5.908412196139921
2022-04-11,6.94502645888755,2.429701246028524,4.515325212859025
2022-04-12,6.94502645888755,2.872788063173324,4.072238395714226
2022-04-13,6.94502645888755,2.804011487211658,4.141014971675892
2022-04-14,6.94502645888755,2.9184305441422573,4.026595914745292
2022-04-15,6.94502645888755,4.337854847363467,2.607171611524083
2022-04-16,6.94502645888755,4.499751818699917,2.445274640187633
2022-04-17,6.94502645888755,4.501228985107374,2.443797473780176
2022-04-18,6.94502645888755,4.375919108360057,2.569107350527493
2022-04-19,6.94502645888755,4.375887104556157,2.5691393543313925
2022-04-20,6.94502645888755,4.471209708040227,2.4738167508473223
2022-04-21,6.94502645888755,4.4978509085013245,2.447175550386225
2022-04-22,6.94502645888755,6.149195794716106,0.7958306641714437
2022-04-23,6.94502645888755,6.013606426598965,0.9314200322885844
2022-04-24,6.94502645888755,6.328961818085454,0.6160646408020956
2022-04-25,6.94502645888755,6.613289682457501,0.3317367764300485
2022-04-26,6.94502645888755,6.576449004377876,0.3685774545096736
2022-04-27,6.94502645888755,6.3934146900269,0.5516117688606492
2022-04-28,6.94502645888755,6.748981235338495,0.19604522354905463
2022-04-29,6.94502645888755,7.729888420807005,-0.7848619619194555
2022-04-30,6.94502645888755,7.845656844797501,-0.9006303859099516
2022-05-01,6.94502645888755,7.9772071006839225,-1.0321806417963728
2022-05-02,6.94502645888755,7.840792101748936,-0.8957656428613863
2022-05-03,6.94502645888755,7.763077383559635,-0.8180509246720851
2022-05-04,6.94502645888755,7.763077383559635,-0.8180509246720851
2022-05-05,6.94502645888755,7.108031030419501,-0.16300457153195147
2022-05-06,6.94502645888755,7.5153740151327275,-0.5703475562451779
2022-05-07,6.94502645888755,7.5749227418167004,-0.6298962829291508
2022-05-08,6.94502645888755,7.58969720849557,-0.6446707496080206
2022-05-09,6.94502645888755,7.917834387631671,-0.9728079287441211
2022-05-10,6.94502645888755,9.053686770924067,-2.108660312036517
2022-05-11,6.94502645888755,9.036768576145773,-2.0917421172582236
2022-05-12,6.94502645888755,10.200153479008684,-3.255127020121134
2022-05-13,6.94502645888755,10.114687102320273,-3.1696606434327235
2022-05-14,6.94502645888755,10.173088638230835,-3.2280621793432855
2022-05-15,6.94502645888755,10.069146366860108,-3.124119907972559
2022-05-16,6.94502645888755,10.167169369274236,-3.222142910386686
2022-05-17,6.94502645888755,10.39933682488597,-3.4543103659984196
2022-05-18,6.94502645888755,10.239241791307041,-3.2942153324194914
2022-05-19,6.94502645888755,10.41028219387746,-3.4652557349899107
2022-05-20,6.94502645888755,10.427078909215158,-3.4820524503276085
2022-05-21,6.94502645888755,10.423790147930774,-3.478763689043224
2022-05-22,6.94502645888755,10.314403880307252,-3.369377421419702
2022-05-23,6.94502645888755,10.15031575205281,-3.2052892931652606
2022-05-24,6.94502645888755,10.151235519031362,-3.206209060143812
2022-05-25,6.94502645888755,7.729252920481397,-0.784226461593847
2022-05-26,6.94502645888755,7.56817371998781,-0.62314726110026
2022-05-27,6.94502645888755,7.468156140038492,-0.5231296811509427
2022-05-28,6.94502645888755,7.504864088123686,-0.559837629236136
2022-05-29,6.94502645888755,7.446865172430136,-0.5018387135425861
2022-05-30,6.94502645888755,7.093449339828575,-0.14842288094102507
2022-05-31,6.94502645888755,6.891290795312918,0.05373566357463133
2022-06-01,6.94502645888755,4.787314373153887,2.157712085733663
2022-06-02,6.94502645888755,3.659015357889888,3.2860111009976616
2022-06-03,6.7917820343183735,3.545819445274732,3.2459625890436414
2022-06-04,6.610736073032591,3.6266730581436732,2.9840630148889176
2022-06-05,6.3970596432335265,3.5916443924470105,2.805415250786516
2022-06-06,6.176040791174913,3.546907911988813,2.6291328791860997
2022-06-07,5.957197963317691,3.6712079147990377,2.2859900485186535
2022-06-08,5.720902628726608,3.6225029405237845,2.0983996882028237
2022-06-09,5.469197832651517,3.4483947807158017,2.020803051935715
2022-06-10,5.21884991538168,3.448081828811369,1.7707680865703113
2022-06-11,4.979749081229086,3.427958582005196,1.5517904992238898
2022-06-12,4.752359563355411,2.865563008139432,1.8867965552159793
2022-06-13,4.5250593589461685,3.023428731188238,1.5016306277579305
2022-06-14,4.2927556806927765,2.80389813126352,1.4888575494292566
2022-06-15,4.0392447533990605,2.306066019526836,1.7331787338722244
2022-06-16,3.7842310734735682,2.0946311513692684,1.6895999221042999
2022-06-17,3.5848872992130256,2.6451488880316103,0.9397384111814153
2022-06-18,3.309984646164555,2.4104955370449423,0.8994891091196124
2022-06-19,3.0429657281462537,1.970923193785788,1.0720425343604656
2022-06-20,2.7426004754046684,1.700350864755418,1.0422496106492505
2022-06-21,2.438348540639251,1.6496486684987566,0.7886998721404945
2022-06-22,2.1527746802487386,1.4581114458709101,0.6946632343778285
2022-06-23,1.8657757631425638,1.1040519504657822,0.7617238126767816
2022-06-24,1.5776150894727385,1.2315860809305688,0.3460290085421698
2022-06-25,1.336807975723484,1.312801830307939,0.024006145415545133
2022-06-26,1.102673937488272,1.256522350871572,-0.15384841338330002
2022-06-27,0.8849713811918782,1.2789485549716546,-0.39397717377977637
2022-06-28,0.6526993495943171,1.067034972231399,-0.4143356226370819
2022-06-29,0.41482864956046683,0.8208170598378054,-0.40598841027733856
2022-06-30,0.19035690497811839,1.170597994947625,-0.9802410899695067
2022-07-01,0.0,1.491080418375339,-1.491080418375339
2022-07-02,0.0,1.4930202187371988,-1.4930202187371988
2022-07-03,0.0,1.2589146342174882,-1.2589146342174882
2022-07-04,0.0,1.440739829686243,-1.440739829686243
2022-07-05,0.0,1.2213942445308992,-1.2213942445308992
2022-07-06,0.0,1.104117234051779,-1.104117234051779
2022-07-07,0.0,0.8762969624553548,-0.8762969624553548
2022-07-08,0.0,0.9230499664714062,-0.9230499664714062
2022-07-09,0.0,0.8029739326651499,-0.8029739326651499
2022-07-10,0.0,0.7508344483983329,-0.7508344483983329
2022-07-11,0.0,0.9735971150326478,-0.9735971150326478
2022-07-12,0.0,1.013122190079874,-1.013122190079874
2022-07-13,0.0,0.9205335099980543,-0.9205335099980543
2022-07-14,0.0,0.9816253783727918,-0.9816253783727918
2022-07-15,0.0,0.9070457652169129,-0.9070457652169129
2022-07-16,0.0,0.8992460494987939,-0.8992460494987939
2022-07-17,0.0,0.8992460494987939,-0.8992460494987939
2022-07-18,0.0,0.8419890737206573,-0.8419890737206573
2022-07-19,0.0,0.9132290560231991,-0.9132290560231991
2022-07-20,0.0,0.7912790035353308,-0.7912790035353308
2022-07-21,0.0,0.4960716429315831,-0.4960716429315831
2022-07-22,0.0,0.3635718246138524,-0.3635718246138524
2022-07-23,0.0,0.36160387644144354,-0.36160387644144354
2022-07-24,0.0,0.1732591119044137,-0.1732591119044137
2022-07-25,0.0,0.1732591119044137,-0.1732591119044137
2022-07-26,0.0,0.14222909666870484,-0.14222909666870484
2022-07-27,0.0,0.14648751845046634,-0.14648751845046634
2022-07-28,0.0,0.10750518961274735,-0.10750518961274735
2022-07-29,0.0,0.016299089928709834,-0.016299089928709834
2022-07-30,0.0,0.011357660169460038,-0.011357660169460038
2022-07-31,0.0,0.0,0.0
2022-08-01,0.0,0.0001451596340673628,-0.0001451596340673628
2022-08-02,0.0,0.004682271821557004,-0.004682271821557004
2022-08-03,0.0,0.004535955275287136,-0.004535955275287136
2022-08-04,0.0,0.004535955275287136,-0.004535955275287136
2022-08-05,0.0,0.004535955275287136,-0.004535955275287136
2022-08-06,0.0,0.004535955275287136,-0.004535955275287136
2022-08-07,0.0,0.004535955275287136,-0.004535955275287136
2022-08-08,0.0,0.004535955275287136,-0.004535955275287136
2022-08-09,0.0,0.004535955275287136,-0.004535955275287136
2022-08-10,0.0,0.005155221592119818,-0.005155221592119818
2022-08-11,0.0,0.002106998442166632,-0.002106998442166632
2022-08-12,0.0,0.0022533149884364995,-0.0022533149884364995
2022-08-13,0.0,0.005301538138389687,-0.005301538138389687
2022-08-14,0.0,0.0022533149884364995,-0.0022533149884364995
2022-08-15,0.0,0.0022533149884364995,-0.0022533149884364995
2022-08-16,0.0,0.0022533149884364995,-0.0022533149884364995
2022-08-17,0.0,0.004682271821557004,-0.004682271821557004
2022-08-18,0.0,0.004682271821557004,-0.004682271821557004
2022-08-19,0.0,0.004682271821557004,-0.004682271821557004
2022-08-20,0.0,0.004682271821557004,-0.004682271821557004
2022-08-21,0.0,0.004535955275287136,-0.004535955275287136
2022-08-22,0.0,0.004535955275287136,-0.004535955275287136
2022-08-23,0.0,0.004535955275287136,-0.004535955275287136
2022-08-24,0.0,0.004535955275287136,-0.004535955275287136
2022-08-25,0.0,0.004535955275287136,-0.004535955275287136
2022-08-26,0.0,0.004535955275287136,-0.004535955275287136
2022-08-27,0.0,0.005155221592119818,-0.005155221592119818
2022-08-28,0.0,0.0022533149884364995,-0.0022533149884364995
2022-08-29,0.0,0.0022533149884364995,-0.0022533149884364995
2022-08-30,0.0,0.004810922408832527,-0.004810922408832527
2022-08-31,0.0,0.004810922408832527,-0.004810922408832527
2022-09-01,0.0,0.004810922408832527,-0.004810922408832527
2022-09-02,0.0,0.02589488944908424,-0.02589488944908424
2022-09-03,0.0,0.00800546210505558,-0.00800546210505558
2022-09-04,0.0,0.008406256568866384,-0.008406256568866384
2022-09-05,0.0,0.008259940022596517,-0.008259940022596517
2022-09-06,0.0,0.008259940022596517,-0.008259940022596517
2022-09-07,0.0,0.008406256568866384,-0.008406256568866384
2022-09-08,0.0,0.008259940022596517,-0.008259940022596517
2022-09-09,0.0,0.008259940022596517,-0.008259940022596517
2022-09-10,0.0,0.008259940022596517,-0.008259940022596517
2022-09-11,0.0,0.008259940022596517,-0.008259940022596517
2022-09-12,0.0,0.029490223609118103,-0.029490223609118103
2022-09-13,0.0,0.0319889473980778,-0.0319889473980778
2022-09-14,0.0,0.02242385131086817,-0.02242385131086817
2022-09-15,0.0,0.02439179948327701,-0.02439179948327701
2022-09-16,0.0,0.02439179948327701,-0.02439179948327701
2022-09-17,0.0,0.03395689557048663,-0.03395689557048663
2022-09-18,0.0,0.02589488944908424,-0.02589488944908424
2022-09-19,0.0,0.004810922408832527,-0.004810922408832527
2022-09-20,0.0,0.006778870581241365,-0.006778870581241365
2022-09-21,0.0,0.004810922408832527,-0.004810922408832527
2022-09-22,0.0,0.0,0.0
2022-09-23,0.0,0.006778870581241365,-0.006778870581241365
2022-09-24,0.0,0.006778870581241365,-0.006778870581241365
2022-09-25,0.0,0.004810922408832527,-0.004810922408832527
2022-09-26,0.0,0.004810922408832527,-0.004810922408832527
2022-09-27,0.0,0.019546170805733173,-0.019546170805733173
2022-09-28,0.0,0.005862058102146966,-0.005862058102146966
2022-09-29,0.0,0.005862058102146966,-0.005862058102146966
2022-09-30,0.0,0.006665676892096312,-0.006665676892096312
2022-10-01,0.0,0.013225040540029627,-0.013225040540029627
2022-10-02,0.0,0.004751011898779247,-0.004751011898779247
2022-10-03,0.0,0.004751011898779247,-0.004751011898779247
2022-10-04,0.0,0.004751011898779247,-0.004751011898779247
2022-10-05,0.0,0.004751011898779247,-0.004751011898779247
2022-10-06,0.0,0.004751011898779247,-0.004751011898779247
2022-10-07,0.0,0.004897328445049113,-0.004897328445049113
2022-10-08,0.0,0.004751011898779247,-0.004751011898779247
2022-10-09,0.0,0.004897328445049113,-0.004897328445049113
2022-10-10,0.0,0.004897328445049113,-0.004897328445049113
2022-10-11,0.0,0.004751011898779247,-0.004751011898779247
2022-10-12,0.0,0.004751011898779247,-0.004751011898779247
2022-10-13,0.0,0.004751011898779247,-0.004751011898779247
2022-10-14,0.0,0.0067189600711880845,-0.0067189600711880845
2022-10-15,0.0,0.007799235048732433,-0.007799235048732433
2022-10-16,0.0,0.008346346058813103,-0.008346346058813103
2022-10-17,0.0,0.007799235048732433,-0.007799235048732433
2022-10-18,0.0,0.004751011898779247,-0.004751011898779247
2022-10-19,0.0,0.007799235048732433,-0.007799235048732433
2022-10-20,0.0,0.007799235048732433,-0.007799235048732433
2022-10-21,0.0,0.007799235048732433,-0.007799235048732433
2022-10-22,0.0,0.007799235048732433,-0.007799235048732433
2022-10-23,0.0,0.0079455515950023,-0.0079455515950023
2022-10-24,0.0,0.007799235048732433,-0.007799235048732433
2022-10-25,0.0,0.004751011898779247,-0.004751011898779247
2022-10-26,0.0,0.004751011898779247,-0.004751011898779247
2022-10-27,0.0,0.0067189600711880845,-0.0067189600711880845
2022-10-28,0.0,0.004751011898779247,-0.004751011898779247
2022-10-29,0.0,0.007799235048732433,-0.007799235048732433
2022-10-30,0.0,0.004751011898779247,-0.004751011898779247
2022-10-31,0.0,0.0014559732690177026,-0.0014559732690177026
2022-11-01,0.0,0.0014559732690177026,-0.0014559732690177026
2022-11-02,0.0,0.03488879386759284,-0.03488879386759284
2022-11-03,0.0,0.03488879386759284,-0.03488879386759284
2022-11-04,0.0,0.0380833335638159,-0.0380833335638159
2022-11-05,0.0,0.03746406724698322,-0.03746406724698322
2022-11-06,0.0,0.03731775070071335,-0.03731775070071335
2022-11-07,0.0,0.03746406724698322,-0.03746406724698322
2022-11-08,0.0,0.03746406724698322,-0.03746406724698322
2022-11-09,0.0,0.019592187143122657,-0.019592187143122657
2022-11-10,0.0,0.004357879872701023,-0.004357879872701023
2022-11-11,0.0,0.001309656722747835,-0.001309656722747835
2022-11-12,0.0,0.001309656722747835,-0.001309656722747835
2022-11-13,0.0,0.0014559732690177026,-0.0014559732690177026
2022-11-14,0.0,0.0021731860227504627,-0.0021731860227504627
2022-11-15,0.0,0.001309656722747835,-0.001309656722747835
2022-11-16,0.0,0.0019277538479587574,-0.0019277538479587574
2022-11-17,0.0,0.001309656722747835,-0.001309656722747835
2022-11-18,0.0,0.0019277538479587574,-0.0019277538479587574
2022-11-19,0.0,0.001309656722747835,-0.001309656722747835
2022-11-20,0.0,0.0014559732690177026,-0.0014559732690177026
2022-11-21,0.0,0.0014559732690177026,-0.0014559732690177026
2022-11-22,0.0,0.001309656722747835,-0.001309656722747835
2022-11-23,0.0,0.001309656722747835,-0.001309656722747835
2022-11-24,0.0,0.001309656722747835,-0.001309656722747835
2022-11-25,0.0,0.001309656722747835,-0.001309656722747835
2022-11-26,0.0,0.001309656722747835,-0.001309656722747835
2022-11-27,0.0,0.001309656722747835,-0.001309656722747835
2022-11-28,0.0,0.004504196418970891,-0.004504196418970891
2022-11-29,0.0,0.0038849301021382085,-0.0038849301021382085
2022-11-30,0.0,0.003738613555868341,-0.003738613555868341
2022-12-01,0.0,0.0038849301021382085,-0.0038849301021382085
2022-12-02,0.0,0.0038849301021382085,-0.0038849301021382085
2022-12-03,0.0,0.0038849301021382085,-0.0038849301021382085
2022-12-04,0.0,0.003738613555868341,-0.003738613555868341
2022-12-05,0.0,0.0038849301021382085,-0.0038849301021382085
2022-12-06,0.0,0.0038849301021382085,-0.0038849301021382085
2022-12-07,0.0,0.0038849301021382085,-0.0038849301021382085
2022-12-08,0.0,0.003738613555868341,-0.003738613555868341
2022-12-09,0.0,0.003738613555868341,-0.003738613555868341
2022-12-10,0.0,0.003738613555868341,-0.003738613555868341
2022-12-11,0.0,0.004044704444668425,-0.004044704444668425
2022-12-12,0.0,0.004044704444668425,-0.004044704444668425
2022-12-13,0.0,0.004356710681079264,-0.004356710681079264
2022-12-14,0.0,0.0038849301021382085,-0.0038849301021382085
2022-12-15,0.0,0.001309656722747835,-0.001309656722747835
2022-12-16,0.0,0.001309656722747835,-0.001309656722747835
2022-12-17,0.0,0.001309656722747835,-0.001309656722747835
2022-12-18,0.0,0.001309656722747835,-0.001309656722747835
2022-12-19,0.0,0.004357879872701023,-0.004357879872701023
2022-12-20,0.0,0.003738613555868341,-0.003738613555868341
2022-12-21,0.0,0.004357879872701023,-0.004357879872701023
2022-12-22,0.0,0.001309656722747835,-0.001309656722747835
2022-12-23,0.0,0.001309656722747835,-0.001309656722747835
2022-12-24,0.0,0.0014559732690177026,-0.0014559732690177026
2022-12-26,0.0,0.004357879872701023,-0.004357879872701023
2022-12-27,0.0,0.003738613555868341,-0.003738613555868341
2022-12-28,0.0,0.0038849301021382085,-0.0038849301021382085
2022-12-29,0.0,0.0038849301021382085,-0.0038849301021382085
2022-12-30,0.0,0.0038849301021382085,-0.0038849301021382085
2022-12-31,0.0,0.008200029512543235,-0.008200029512543235
2023-01-01,0.0,0.008346346058813103,-0.008346346058813103
2023-01-02,0.0,0.008200029512543235,-0.008200029512543235
2023-01-03,0.0,0.008346346058813103,-0.008346346058813103
2023-01-04,0.0,0.008200029512543235,-0.008200029512543235
2023-01-05,0.0,0.007463958655021524,-0.007463958655021524
2023-01-06,0.0,0.007317642108751656,-0.007317642108751656
2023-01-07,0.0,0.008506120401343322,-0.008506120401343322
2023-01-08,0.0,0.009063558812545863,-0.009063558812545863
2023-01-09,0.0,0.008200029512543235,-0.008200029512543235
2023-01-10,0.0,0.008200029512543235,-0.008200029512543235
2023-01-11,0.0,0.008818126637754158,-0.008818126637754158
2023-01-12,0.0,0.008200029512543235,-0.008200029512543235
2023-01-13,0.0,0.008200029512543235,-0.008200029512543235
2023-01-14,0.0,0.008200029512543235,-0.008200029512543235
2023-01-15,0.0,0.004103365091022219,-0.004103365091022219
2023-01-16,0.0,0.004103365091022219,-0.004103365091022219
2023-01-17,0.0,0.003957048544752351,-0.003957048544752351
2023-01-18,0.0,0.003957048544752351,-0.003957048544752351
2023-01-19,0.0,0.004721462216233141,-0.004721462216233141
2023-01-20,0.0,0.004575145669963273,-0.004575145669963273
2023-01-21,0.0,0.0035562540809415486,-0.0035562540809415486
2023-01-22,0.0,0.0,0.0
2023-01-23,0.0,0.0,0.0
2023-01-24,0.0,0.0,0.0
2023-01-25,0.0,0.0,0.0
2023-01-26,0.0,0.0,0.0
2023-01-27,0.0,0.0,0.0
2023-01-28,0.0,0.0,0.0
2023-01-29,0.0,0.0,0.0
2023-01-30,0.0,0.0,0.0
2023-01-31,0.0,0.0,0.0
2023-02-01,0.0,0.0,0.0
2023-02-02,0.0,0.0,0.0
2023-02-03,0.0,0.0,0.0
2023-02-04,0.0,0.0,0.0
2023-02-05,0.0,0.0,0.0
2023-02-06,0.0,0.0,0.0
2023-02-07,0.0,0.0,0.0
2023-02-08,0.0,0.0,0.0
2023-02-09,0.0,0.0,0.0
2023-02-10,0.0,0.0,0.0
2023-02-11,0.0,0.0,0.0
2023-02-12,0.0,0.0,0.0
2023-02-13,0.0,0.0,0.0
2023-02-14,0.0,0.0,0.0
2023-02-15,0.0,0.0,0.0
2023-02-16,0.0,0.0,0.0
2023-02-17,0.0,0.0,0.0
2023-02-18,0.0,0.0,0.0
2023-02-19,0.0,0.0,0.0
2023-02-20,0.0,0.0,0.0
2023-02-21,0.0,0.0,0.0
2023-02-22,0.0,0.0,0.0
2023-02-23,0.0,0.0,0.0
2023-02-24,0.0,0.0,0.0
2023-02-25,0.0,0.0,0.0
2023-02-26,0.0,0.0,0.0
2023-02-27,0.0,0.0,0.0
2023-02-28,0.0,0.0,0.0
2023-03-01,0.0,0.0,0.0
2023-03-02,0.0,0.0,0.0
2023-03-03,0.0,0.0,0.0
2023-03-04,0.0,0.0,0.0
2023-03-05,0.0,0.028224707239070532,-0.028224707239070532
2023-03-06,0.0,0.02868098206285524,-0.02868098206285524
2023-03-07,0.0,0.028224707239070532,-0.028224707239070532
2023-03-08,0.0,0.030504661647890213,-0.030504661647890213
2023-03-09,0.0,0.04172930293961198,-0.04172930293961198
2023-03-10,0.0,0.030174239370938303,-0.030174239370938303
2023-03-11,0.0,0.12860081656700076,-0.12860081656700076
2023-03-12,0.0,0.12900161103081156,-0.12900161103081156
2023-03-13,0.0,0.13190439664888828,-0.13190439664888828
2023-03-14,0.0,0.1264910463744381,-0.1264910463744381
2023-03-15,0.0,0.051807829605908975,-0.051807829605908975
2023-03-16,0.14327078391868042,0.07565579061263651,0.06761499330604391
2023-03-17,0.2961250397612858,0.14572001533115111,0.15040502443013468
2023-03-18,0.47125455683028455,0.13226692526497213,0.3389876315653124
2023-03-19,0.6644384215955716,0.14217309942675316,0.5222653221688185
2023-03-20,0.8514416457272327,0.13780266051694054,0.7136389852102921
2023-03-21,1.0282158262666934,0.23444536787162013,0.7937704583950733
2023-03-22,1.2113349885318934,0.3043836390462933,0.9069513494856001
2023-03-23,1.4096318252134477,0.3010603254126573,1.1085714998007903
2023-03-24,1.6222408178373477,0.35138126024206634,1.2708595575952815
2023-03-25,1.8446175654357428,0.38715972085396355,1.4574578445817794
2023-03-26,2.0572069458992686,0.3954048954389642,1.6618020504603044
2023-03-27,2.2754972025691216,0.39476145542200325,1.8807357471471184
2023-03-28,2.488684515688962,0.4010679249868357,2.087616590702126
2023-03-29,2.703356315243211,0.38717279039492397,2.316183524848287
2023-03-30,2.9365167116604654,0.3810373043594539,2.5554794073010116
2023-03-31,3.162884035066735,0.37213763025384117,2.790746404812894
2023-04-01,3.392108655976267,0.19800894327223525,3.194099712704032
2023-04-02,3.6085259244176955,0.6176751220588576,2.990850802358838
2023-04-03,3.8117616873743025,0.4893975371490493,3.322364150225253
2023-04-04,4.005309740015251,0.5645852367591244,3.440724503256127
2023-04-05,4.208575683193785,0.7662466922401102,3.4423289909536745
2023-04-06,4.407455163915121,1.0390908177250842,3.368364346190037
2023-04-07,4.627307554234742,1.0575460214517052,3.5697615327830365
2023-04-08,4.857255697909102,1.1559146632238393,3.701341034685263
2023-04-09,5.097017192986743,1.3784596782539058,3.7185575147328374
2023-04-10,5.285708881071157,1.9977345944589775,3.2879742866121795
2023-04-11,5.285708881071157,2.453074374637397,2.83263450643376
2023-04-12,5.43269714467565,2.7904104598973642,2.642286684778286
2023-04-13,5.43269714467565,3.2964117743250707,2.1362853703505795
2023-04-14,5.43269714467565,3.3006544822713275,2.1320426624043227
2023-04-15,5.43269714467565,3.1490603884720247,2.2836367562036255
2023-04-16,5.43269714467565,3.0581057276005197,2.3745914170751306
2023-04-17,5.43269714467565,3.567033390711302,1.8656637539643484
2023-04-18,5.43269714467565,3.836952987207307,1.595744157468343
2023-04-19,5.43269714467565,3.792949571558602,1.6397475731170483
2023-04-20,5.43269714467565,3.8037370867967986,1.6289600578788517
2023-04-21,5.43269714467565,3.813602605667007,1.619094539008643
2023-04-22,5.43269714467565,3.756710758392694,1.6759863862829563
2023-04-23,5.43269714467565,3.8310131032389934,1.6016840414366569
2023-04-24,5.43269714467565,3.982379080241782,1.4503180644338682
2023-04-25,5.43269714467565,4.217759865419995,1.214937279255655
2023-04-26,5.43269714467565,4.276737748976332,1.155959395699318
2023-04-27,5.43269714467565,4.49907881605189,0.9336183286237603
2023-04-28,5.43269714467565,4.258285026103343,1.1744121185723069
2023-04-29,5.43269714467565,5.501413595871897,-0.06871645119624681
2023-04-30,5.43269714467565,4.228798771514357,1.2038983731612936
2023-05-01,5.43269714467565,4.233827464556073,1.1988696801195768
2023-05-02,5.43269714467565,4.137842709787096,1.2948544348885545
2023-05-03,5.43269714467565,4.154070798744456,1.278626345931194
2023-05-04,5.43269714467565,4.148859786710868,1.2838373579647824
2023-05-05,5.43269714467565,4.3362273517204235,1.0964697929552267
2023-05-06,5.43269714467565,5.954875084819473,-0.5221779401438225
2023-05-07,5.43269714467565,8.970230874776652,-3.5375337301010017
2023-05-08,5.43269714467565,8.887304652444426,-3.4546075077687757
2023-05-09,5.43269714467565,8.650286319185017,-3.217589174509367
2023-05-10,5.43269714467565,8.556237104425536,-3.123539959749886
2023-05-11,5.43269714467565,8.518144477763657,-3.0854473330880072
2023-05-12,5.43269714467565,6.132408244534557,-0.6997110998589067
2023-05-13,5.43269714467565,5.914121105709764,-0.481423961034114
2023-05-14,5.43269714467565,7.892899331254254,-2.460202186578604
2023-05-15,5.43269714467565,10.893284825652241,-5.460587680976591
2023-05-16,5.43269714467565,10.824332030256528,-5.391634885580878
2023-05-17,5.43269714467565,7.806409913157291,-2.3737127684816404
2023-05-18,5.43269714467565,7.834169672740559,-2.401472528064909
2023-05-19,5.43269714467565,7.926834973548921,-2.4941378288732707
2023-05-20,5.43269714467565,7.979598050483389,-2.546900905807739
2023-05-21,5.43269714467565,6.688063949014777,-1.2553668043391264
2023-05-22,5.43269714467565,6.688063949014777,-1.2553668043391264
2023-05-23,5.43269714467565,6.672289009835737,-1.2395918651600866
2023-05-24,5.43269714467565,6.679455381347088,-1.2467582366714378
2023-05-25,5.43269714467565,5.295728497527714,0.13696864714793655
2023-05-26,5.43269714467565,5.325568764687803,0.10712837998784686
2023-05-27,5.43269714467565,5.3223541651019834,0.11034297957366679
2023-05-28,5.43269714467565,5.303653023114431,0.12904412156121925
2023-05-29,5.43269714467565,5.223981951001295,0.20871519367435543
2023-05-30,5.43269714467565,5.17909930335371,0.2535978413219402
2023-05-31,5.43269714467565,4.680773979092955,0.7519231655826957
2023-06-01,5.43269714467565,3.685626118069429,1.7470710266062213
2023-06-02,5.43269714467565,3.6922633158946434,1.7404338287810068
2023-06-03,5.43269714467565,3.6920375317131513,1.740659612962499
2023-06-04,5.43269714467565,3.672599053476002,1.7600980911996484
2023-06-05,5.43269714467565,3.682879919234034,1.7498172254416162
2023-06-06,5.43269714467565,3.637816553657186,1.7948805910184644
2023-06-07,5.43269714467565,2.9570926011005803,2.47560454357507
2023-06-08,5.28942636075697,2.4236548831424995,2.8657714776144703
2023-06-09,5.1365721049143644,2.424919787036808,2.7116523178775562
2023-06-10,4.961442587845366,2.371350504729956,2.59009208311541
2023-06-11,4.768258723080079,2.1778400694854954,2.5904186535945835
2023-06-12,4.581255498948417,2.161584309102752,2.4196711898456655
2023-06-13,4.404481318408957,2.2134713626127613,2.1910099557961953
2023-06-14,4.221362156143757,1.758700249165985,2.4626619069777718
2023-06-15,4.023065319462202,1.4517772320812536,2.5712880873809487
2023-06-16,3.8104563268383025,1.365761240167654,2.4446950866706487
2023-06-17,3.588079579239907,1.206941961991194,2.3811376172487133
2023-06-18,3.3754901987763817,1.20214500964631,2.173345189130072
2023-06-19,3.1571999421065287,1.1655011225978622,1.9916988195086665
2023-06-20,2.9440126289866884,1.077719849673324,1.8662927793133643
2023-06-21,2.7293408294324393,1.2119165073016696,1.5174243221307697
2023-06-22,2.496180433015185,1.7555304062722403,0.7406500267429446
2023-06-23,2.2698131096089154,1.6899085051030656,0.5799046045058498
2023-06-24,2.0405884886993833,1.7057884549473508,0.3348000337520325
2023-06-25,1.8241712202579545,1.512926357939237,0.3112448623187176
2023-06-26,1.620935457301348,1.349477272760466,0.2714581845408819
2023-06-27,1.4273874046603987,0.9922091671497107,0.43517823751068796
2023-06-28,1.224121461481865,0.9109750976820101,0.31314636379985483
2023-06-29,1.0252419807605295,0.8956700566939095,0.12957192406662
2023-06-30,0.8053895904409083,1.0739380090660158,-0.2685484186251075
2023-07-01,0.5754414467665485,1.0633505610772123,-0.48790911431066375
2023-07-02,0.3356799516889067,1.0824309191213108,-0.7467509674324042
2023-07-03,0.146988263604493,1.0504457818519237,-0.9034575182474307
2023-07-04,0.146988263604493,1.0508223148456939,-0.9038340512412009
2023-07-05,0.0,1.021246330575306,-1.021246330575306
2023-07-06,0.0,0.7986207130444355,-0.7986207130444355
2023-07-07,0.0,0.8273911818559436,-0.8273911818559436
2023-07-08,0.0,0.8599673725501271,-0.8599673725501271
2023-07-09,0.0,0.8440171852227047,-0.8440171852227047
2023-07-10,0.0,0.816693728902999,-0.816693728902999
2023-07-11,0.0,0.7673422713017315,-0.7673422713017315
2023-07-12,0.0,0.4230090881255726,-0.4230090881255726
2023-07-13,0.0,0.23223832905647704,-0.23223832905647704
2023-07-14,0.0,0.14164632067660266,-0.14164632067660266
2023-07-15,0.0,0.12321848992078444,-0.12321848992078444
2023-07-16,0.0,0.32079356021273936,-0.32079356021273936
2023-07-17,0.0,0.3975637496829192,-0.3975637496829192
2023-07-18,0.0,0.4464551054567859,-0.4464551054567859
2023-07-19,0.0,0.4565730630280692,-0.4565730630280692
2023-07-20,0.0,0.43195274182910137,-0.43195274182910137
2023-07-21,0.0,0.5725310193049412,-0.5725310193049412
2023-07-22,0.0,0.39859828545165504,-0.39859828545165504
2023-07-23,0.0,0.2995507091238982,-0.2995507091238982
2023-07-24,0.0,0.0,0.0
2023-07-25,0.0,0.0,0.0
2023-07-26,0.0,0.0,0.0
2023-07-27,0.0,0.0,0.0
2023-07-28,0.0,0.06056899813065789,-0.06056899813065789
2023-07-29,0.0,0.08575736474315526,-0.08575736474315526
2023-07-30,0.0,0.12685505186921606,-0.12685505186921606
2023-07-31,0.0,0.1052042446966641,-0.1052042446966641
2023-08-01,0.0,0.044895840012480336,-0.044895840012480336
2023-08-02,0.0,0.1132878047378407,-0.1132878047378407
2023-08-03,0.0,0.09094583983325345,-0.09094583983325345
2023-08-04,0.0,0.08222059103220064,-0.08222059103220064
2023-08-05,0.0,0.07278228610588992,-0.07278228610588992
2023-08-06,0.0,0.07263596955962007,-0.07263596955962007
2023-08-07,0.0,0.06936665219807746,-0.06936665219807746
2023-08-08,0.0,0.06951296874434731,-0.06951296874434731
2023-08-09,0.0,0.06901377717949923,-0.06901377717949923
2023-08-10,0.0,0.067083189379506,-0.067083189379506
2023-08-11,0.0,0.0637765116455478,-0.0637765116455478
2023-08-12,0.0,0.07411065541381794,-0.07411065541381794
2023-08-13,0.0,0.056144163862271466,-0.056144163862271466
2023-08-14,0.0,0.0534390578316323,-0.0534390578316323
2023-08-15,0.0,0.07263940585146991,-0.07263940585146991
2023-08-16,0.0,0.06704582900709041,-0.06704582900709041
2023-08-17,0.0,0.07000293902277516,-0.07000293902277516
2023-08-18,0.0,0.04578707608566453,-0.04578707608566453
2023-08-19,0.0,0.06048394744762819,-0.06048394744762819
2023-08-20,0.0,0.07186716800105275,-0.07186716800105275
2023-08-21,0.0,0.0700377958899456,-0.0700377958899456
2023-08-22,0.0,0.06462024931639954,-0.06462024931639954
2023-08-23,0.0,0.06277466743950745,-0.06277466743950745
2023-08-24,0.0,0.06866420946122578,-0.06866420946122578
2023-08-25,0.0,0.07861688939771538,-0.07861688939771538
2023-08-26,0.0,0.07847057285144553,-0.07847057285144553
2023-08-27,0.0,0.12145258810640636,-0.12145258810640636
2023-08-28,0.0,0.05810842382596111,-0.05810842382596111
2023-08-29,0.0,0.07193352682276839,-0.07193352682276839
2023-08-30,0.0,0.05491384229387918,-0.05491384229387918
2023-08-31,0.0,0.0,0.0
2023-09-01,0.0,0.03835694952656494,-0.03835694952656494
2023-09-02,0.0,0.03835694952656494,-0.03835694952656494
2023-09-03,0.0,0.014167935980035386,-0.014167935980035386
2023-09-04,0.0,0.0,0.0
2023-09-05,0.0,0.0,0.0
2023-09-06,0.0,0.040464067039582635,-0.040464067039582635
2023-09-07,0.0,0.03607053917648292,-0.03607053917648292
2023-09-08,0.0,0.0,0.0
2023-09-09,0.0,0.0,0.0
2023-09-10,0.0,0.0,0.0
2023-09-11,0.0,0.0,0.0
2023-09-12,0.0,0.0,0.0
2023-09-13,0.0,0.0,0.0
2023-09-14,0.0,0.0,0.0
2023-09-15,0.0,0.0,0.0
2023-09-16,0.0,0.0,0.0
2023-09-17,0.0,0.0,0.0
2023-09-18,0.0,0.0,0.0
2023-09-19,0.0,0.0,0.0
2023-09-20,0.0,0.0,0.0
2023-09-21,0.0,0.0,0.0
2023-09-22,0.0,0.0,0.0
2023-09-23,0.0,0.0,0.0
2023-09-24,0.0,0.0,0.0
2023-09-25,0.0,0.0,0.0
2023-09-26,0.0,0.0,0.0
2023-09-27,0.0,0.0,0.0
2023-09-28,0.0,0.0,0.0
2023-09-29,0.0,0.0,0.0
2023-09-30,0.0,0.0,0.0
2023-10-01,0.0,0.0,0.0
2023-10-02,0.0,0.0,0.0
2023-10-03,0.0,0.0,0.0
2023-10-04,0.0,0.0,0.0
2023-10-05,0.0,0.0,0.0
2023-10-06,0.0,0.0,0.0
2023-10-07,0.0,0.0,0.0
2023-10-08,0.0,0.0,0.0
2023-10-09,0.0,0.0,0.0
2023-10-10,0.0,0.0,0.0
2023-10-11,0.0,0.0,0.0
2023-10-12,0.0,0.0,0.0
2023-10-13,0.0,0.0,0.0
2023-10-14,0.0,0.019023645773080116,-0.019023645773080116
2023-10-15,0.0,0.019169513873708226,-0.019169513873708226
2023-10-16,0.0,0.032388479565233955,-0.032388479565233955
2023-10-17,0.0,0.019169513873708226,-0.019169513873708226
2023-10-18,0.0,0.019023645773080116,-0.019023645773080116
2023-10-19,0.0,0.0297219674241738,-0.0297219674241738
2023-10-20,0.0,0.04279461656942965,-0.04279461656942965
2023-10-21,0.0,0.003838769425317329,-0.003838769425317329
2023-10-22,0.0,0.0,0.0
2023-10-23,0.0,0.024860795585142908,-0.024860795585142908
2023-10-24,0.0,0.022892847412734067,-0.022892847412734067
2023-10-25,0.0,0.030358590512398958,-0.030358590512398958
2023-10-26,0.0,0.07269324649862055,-0.07269324649862055
2023-10-27,0.0,0.06801193297345888,-0.06801193297345888
2023-10-28,0.0,0.06648123548547197,-0.06648123548547197
2023-10-29,0.0,0.03731850991859594,-0.03731850991859594
2023-10-30,0.0,0.0019959325334478607,-0.0019959325334478607
2023-10-31,0.0,0.04282009386328127,-0.04282009386328127
2023-11-01,0.0,0.06277466743950745,-0.06277466743950745
2023-11-02,0.0,0.04536829917780177,-0.04536829917780177
2023-11-03,0.0,0.018782227424910442,-0.018782227424910442
2023-11-04,0.0,0.036217800709939005,-0.036217800709939005
2023-11-05,0.0,0.016192216292989083,-0.016192216292989083
2023-11-06,0.0,0.0,0.0
2023-11-07,0.0,0.06532926998941613,-0.06532926998941613
2023-11-08,0.0,0.38694692524523644,-0.38694692524523644
2023-11-09,0.0,0.5420820052182026,-0.5420820052182026
2023-11-10,0.0,0.8970889810842501,-0.8970889810842501
2023-11-11,0.0,1.2675615609685218,-1.2675615609685218
2023-11-12,0.0,0.7756444835900863,-0.7756444835900863
2023-11-13,0.0,0.43795100633559125,-0.43795100633559125
2023-11-14,0.0,0.07746753116166474,-0.07746753116166474
2023-11-15,0.0,0.07928916278780371,-0.07928916278780371
2023-11-16,0.0,0.010684197952370487,-0.010684197952370487
2023-11-17,0.0,0.0,0.0
2023-11-18,0.0,0.08617036201865198,-0.08617036201865198
2023-11-19,0.0,0.09220465958809855,-0.09220465958809855
2023-11-20,0.0,0.10358125441024968,-0.10358125441024968
2023-11-21,0.0,0.11771488284858343,-0.11771488284858343
2023-11-22,0.0,0.1119646889354262,-0.1119646889354262
2023-11-23,0.0,0.08622085157953273,-0.08622085157953273
2023-11-24,0.0,0.030722912163844977,-0.030722912163844977
2023-11-25,0.0,0.04160772594597443,-0.04160772594597443
2023-11-26,0.0,0.33476955136248465,-0.33476955136248465
2023-11-27,0.0,0.4009790025409073,-0.4009790025409073
2023-11-28,0.0,0.36773499222106415,-0.36773499222106415
2023-11-29,0.0,0.45235771557522464,-0.45235771557522464
2023-11-30,0.0,0.4015873172900247,-0.4015873172900247
2023-12-01,0.0,0.40064924361239024,-0.40064924361239024
2023-12-02,0.0,0.05705736128203889,-0.05705736128203889
2023-12-03,0.0,0.10888738042517855,-0.10888738042517855
2023-12-04,0.0,0.14557604005126967,-0.14557604005126967
2023-12-05,0.0,0.16398805663609894,-0.16398805663609894
2023-12-06,0.0,0.09057761824268895,-0.09057761824268895
2023-12-07,0.0,0.10073606981293418,-0.10073606981293418
2023-12-08,0.0,0.0,0.0
2023-12-09,0.0,0.0,0.0
2023-12-10,0.0,0.0,0.0
2023-12-11,0.0,0.0,0.0
2023-12-12,0.0,0.0,0.0
2023-12-13,0.0,0.05625466625399168,-0.05625466625399168
2023-12-14,0.0,0.06759065422830215,-0.06759065422830215
2023-12-15,0.0,0.05848524165224617,-0.05848524165224617
2023-12-16,0.0,0.0716865742257959,-0.0716865742257959
2023-12-17,0.0,0.07106857710934521,-0.07106857710934521
2023-12-18,0.0,0.06861374177612657,-0.06861374177612657
2023-12-19,0.0,0.07106857710934521,-0.07106857710934521
2023-12-20,0.0,0.03851263501192195,-0.03851263501192195
2023-12-21,0.0,0.03846778203808452,-0.03846778203808452
2023-12-22,0.0,0.10969031470357751,-0.10969031470357751
2023-12-23,0.0,0.11503265565714947,-0.11503265565714947
2023-12-24,0.0,0.10818306169778254,-0.10818306169778254
2023-12-26,0.0,0.10506537627427578,-0.10506537627427578
2023-12-27,0.0,0.11464483834385221,-0.11464483834385221
2023-12-28,0.0,0.10506537627427578,-0.10506537627427578
2023-12-29,0.0,0.10756506458133185,-0.10756506458133185
2023-12-30,0.0,0.10756506458133185,-0.10756506458133185
2023-12-31,0.0,0.11214515003679615,-0.11214515003679615
2024-01-01,0.0,0.10309742810186696,-0.10309742810186696
2024-01-02,0.0,0.10601654716152782,-0.10601654716152782
2024-01-03,0.0,0.10151593338452702,-0.10151593338452702
2024-01-04,0.0,0.10397076871774566,-0.10397076871774566
2024-01-05,0.0,0.10397076871774566,-0.10397076871774566
2024-01-06,0.0,0.10397076871774566,-0.10397076871774566
2024-01-07,0.0,0.10511022924811321,-0.10511022924811321
2024-01-08,0.0,0.0717023761750389,-0.0717023761750389
2024-01-09,0.0,0.0413022771096132,-0.0413022771096132
2024-01-10,0.0,0.023120977668353058,-0.023120977668353058
2024-01-11,0.0,0.14802037398338674,-0.14802037398338674
2024-01-12,0.0,0.10741298418499466,-0.10741298418499466
2024-01-13,0.0,0.11449275794751503,-0.11449275794751503
2024-01-14,0.0,0.10511022924811321,-0.10511022924811321
2024-01-15,0.0,0.09884121389007684,-0.09884121389007684
2024-01-16,0.0,0.05589875172126352,-0.05589875172126352
2024-01-17,0.0,0.058398440028319606,-0.058398440028319606
2024-01-18,0.0,0.05780182051340406,-0.05780182051340406
2024-01-19,0.0,0.0075142865847522946,-0.0075142865847522946
2024-01-20,0.0,0.0075142865847522946,-0.0075142865847522946
2024-01-21,0.0,0.014516230075899335,-0.014516230075899335
2024-01-22,0.0,0.027131794063774032,-0.027131794063774032
2024-01-23,0.0,0.029631482370830107,-0.029631482370830107
2024-01-24,0.0,0.027663534198421266,-0.027663534198421266
2024-01-25,0.0,0.027809850744691136,-0.027809850744691136
2024-01-26,0.0,0.027663534198421266,-0.027663534198421266
2024-01-27,0.0,0.024918413716573485,-0.024918413716573485
2024-01-28,0.0,0.029631482370830107,-0.029631482370830107
2024-01-29,0.0,0.02012985057262699,-0.02012985057262699
2024-01-30,0.0,0.013110464113011226,-0.013110464113011226
2024-01-31,0.0,0.03914859187134794,-0.03914859187134794
2024-02-01,0.0,0.08938377476591561,-0.08938377476591561
2024-02-02,0.0,0.12105539991635474,-0.12105539991635474
2024-02-03,0.0,0.11690973734749656,-0.11690973734749656
2024-02-04,0.0,0.0951421890699349,-0.0951421890699349
2024-02-05,0.0,0.0941961006847942,-0.0941961006847942
2024-02-06,0.0,0.08152677259108096,-0.08152677259108096
2024-02-07,0.0,0.09242625651703373,-0.09242625651703373
2024-02-08,0.0,0.08254496390343519,-0.08254496390343519
2024-02-09,0.0,0.09558909672697746,-0.09558909672697746
2024-02-10,0.0,0.08323330184407278,-0.08323330184407278
2024-02-11,0.0,0.06039368407549395,-0.06039368407549395
2024-02-12,0.0,0.08323330184407278,-0.08323330184407278
2024-02-13,0.0,0.07331072058908078,-0.07331072058908078
2024-02-14,0.0,0.061343268054092084,-0.061343268054092084
2024-02-15,0.0,0.07720424546541514,-0.07720424546541514
2024-02-16,0.0,0.08370811718964474,-0.08370811718964474
2024-02-17,0.0,0.09860538840729863,-0.09860538840729863
2024-02-18,0.0,0.08370811718964474,-0.08370811718964474
2024-02-19,0.0,0.08004527559637911,-0.08004527559637911
2024-02-20,0.0,0.10193123037105456,-0.10193123037105456
2024-02-21,0.0,0.10193123037105456,-0.10193123037105456
2024-02-22,0.0,0.08753272688509701,-0.08753272688509701
2024-02-23,0.0,0.10193123037105456,-0.10193123037105456
2024-02-24,0.0,0.10547929389756437,-0.10547929389756437
2024-02-25,0.0,0.10527948235517166,-0.10527948235517166
2024-02-26,0.0,0.1025363133869359,-0.1025363133869359
2024-02-27,0.0,0.10675727089702458,-0.10675727089702458
2024-02-28,0.0,0.1090825943078572,-0.1090825943078572
2024-02-29,0.0,0.1090825943078572,-0.1090825943078572
2024-03-01,0.0,0.12707049421070904,-0.12707049421070904
2024-03-02,0.0,0.196324176135367,-0.196324176135367
2024-03-03,0.0,0.18668829447300783,-0.18668829447300783
2024-03-04,0.0,0.14296106829238214,-0.14296106829238214
2024-03-05,0.0,0.1412186015226875,-0.1412186015226875
2024-03-06,0.0,0.150822315617251,-0.150822315617251
2024-03-07,0.1587830988136594,0.16694062215833846,-0.008157523344679063
2024-03-08,0.32575494684950357,0.22853711657883866,0.09721783027066491
2024-03-09,0.48775165747024624,0.14513313858076704,0.3426185188894792
2024-03-10,0.6659066761574987,0.27854970129006307,0.3873569748674356
2024-03-11,0.848250949757267,0.30456252997172567,0.5436884197855414
2024-03-12,1.0280615460085596,0.4046764661016235,0.623385079906936
2024-03-13,1.1991294821528058,0.3689848116161476,0.8301446705366582
2024-03-14,1.3714965360245326,0.5507728431808266,0.8207236928437059
2024-03-15,1.5608320172031622,0.5218582762812609,1.0389737409219013
2024-03-16,1.7670606212356381,0.6579019999849467,1.1091586212506914
2024-03-17,1.9999178677599068,0.6584822571270583,1.3414356106328484
2024-03-18,2.2443079317939696,0.7747661269765599,1.4695418048174096
2024-03-19,2.498766384775145,0.6604727166264006,1.8382936681487443
2024-03-20,2.7606705879029443,0.8198114560915851,1.9408591318113593
2024-03-21,3.026124672940074,1.4600522173520134,1.5660724555880607
2024-03-22,3.321174869880506,2.2063337859776624,1.1148410839028435
2024-03-23,3.5971786783927793,2.4206716339428653,1.176507044449914
2024-03-24,3.857388505126721,2.516249945039248,1.3411385600874732
2024-03-25,4.148593098979792,2.872459175583771,1.2761339233960212
2024-03-26,4.445406391628863,2.7800557518367985,1.6653506397920643
2024-03-27,4.80186294021147,2.8205832410075775,1.9812796992038928
2024-03-28,5.153052206715352,3.1399091788623124,2.01314302785304
2024-03-29,5.521847341448252,3.1296617540789975,2.3921855873692546
2024-03-30,5.89268323847718,3.1642851079724004,2.7283981305047798
2024-03-31,6.244620026105973,3.877391616688646,2.3672284094173266
2024-04-01,6.592009820520209,4.428432166291283,2.1635776542289262
2024-04-02,6.916881856179129,4.919977475168066,1.9969043810110634
2024-04-03,7.25502884522417,5.0380797535742765,2.2169490916498935
2024-04-04,7.604249669754017,4.35613103270239,3.2481186370516273
2024-04-05,7.975807994777613,4.473068615523007,3.5027393792546055
2024-04-06,8.354624063995853,4.696962115148493,3.6576619488473607
2024-04-07,8.72739717215059,4.913935306098829,3.813461866051761
2024-04-08,9.091392672429539,4.934676467736628,4.156716204692911
2024-04-09,9.449237874633061,5.603288124724442,3.845949749908619
2024-04-10,9.80073111353155,6.269368906026876,3.5313622075046736
2024-04-11,10.151054063267841,6.465866477017296,3.685187586250545
2024-04-12,10.482745277815768,6.032193280826927,4.450551996988841
2024-04-13,10.789405692275128,6.096628197583819,4.69277749469131
2024-04-14,11.077570205329376,6.453827559868069,4.6237426454613075
2024-04-15,11.36599603917814,6.418274209137622,4.947721830040519
2024-04-16,11.650702386927097,7.607319562062883,4.0433828248642145
2024-04-17,11.910349776158565,7.595855285559375,4.31449449059919
2024-04-18,12.16956593538481,7.63645426507321,4.5331116703116
2024-04-19,12.410011941651735,8.725297637802223,3.6847143038495123
2024-04-20,12.629708345477727,8.755857853116849,3.8738504923608783
2024-04-21,12.82088662725793,9.410214518692548,3.4106721085653824
2024-04-22,12.990326188764389,9.492334865434943,3.4979913233294457
2024-04-23,13.16434428618915,10.297399433662116,2.866944852527034
2024-04-24,13.16434428618915,11.061873624081368,2.102470662107782
2024-04-25,13.16434428618915,11.21053868345438,1.9538056027347697
2024-04-26,13.16434428618915,11.036957481938906,2.1273868042502446
2024-04-27,13.16434428618915,12.307139842650928,0.8572044435382224
2024-04-28,13.16434428618915,12.72822851915725,0.43611576703190025
2024-04-29,13.16434428618915,13.061473766326591,0.10287051986255946
2024-04-30,13.16434428618915,12.999170704755834,0.16517358143331684
2024-05-01,13.16434428618915,13.348751347860231,-0.1844070616710809
2024-05-02,13.16434428618915,13.479280049617383,-0.3149357634282328
2024-05-03,13.16434428618915,13.742347790726317,-0.5780035045371665
2024-05-04,13.16434428618915,13.793001159687627,-0.6286568734984765
2024-05-05,13.16434428618915,13.836495837761616,-0.6721515515724654
2024-05-06,13.16434428618915,13.837308875570267,-0.6729645893811167
2024-05-07,13.16434428618915,13.861242375423242,-0.6968980892340912
2024-05-08,13.16434428618915,13.85847693372634,-0.6941326475371898
2024-05-09,13.16434428618915,13.850654432752867,-0.6863101465637165
2024-05-10,13.16434428618915,13.868729329218402,-0.7043850430292515
2024-05-11,13.16434428618915,13.850100025254983,-0.6857557390658329
2024-05-12,13.16434428618915,13.839764383179348,-0.675420096990198
2024-05-13,13.16434428618915,13.83967676179934,-0.6753324756101904
2024-05-14,13.16434428618915,13.84352769174193,-0.679183405552779
2024-05-15,13.16434428618915,13.858704427552306,-0.6943601413631555
2024-05-16,13.16434428618915,13.846276663353455,-0.6819323771643049
2024-05-17,13.16434428618915,13.846067986896827,-0.6817237007076766
2024-05-18,13.16434428618915,13.846067986896827,-0.6817237007076766
2024-05-19,13.16434428618915,13.809503167106309,-0.6451588809171582
2024-05-20,13.16434428618915,13.814856407336736,-0.6505121211475853
2024-05-21,13.16434428618915,13.803115104733411,-0.6387708185442609
2024-05-22,13.16434428618915,13.797681347507407,-0.6333370613182563
2024-05-23,13.16434428618915,13.799590600513552,-0.6352463143244016
2024-05-24,13.16434428618915,13.150448922685493,0.013895363503657165
2024-05-25,13.16434428618915,13.161601745358304,0.0027425408308463517
2024-05-26,13.16434428618915,13.161601745358304,0.0027425408308463517
2024-05-27,13.16434428618915,13.146060394606552,0.018283891582598244
2024-05-28,13.16434428618915,13.12672525342996,0.03761903275919032
2024-05-29,13.16434428618915,11.342111851591525,1.822232434597625
2024-05-30,13.005561187375491,11.159185898792986,1.8463752885825055
2024-05-31,12.838589339339647,8.0405075724092,4.798081766930446
2024-06-01,12.676592628718904,8.30715872631574,4.3694339024031645
2024-06-02,12.498437610031653,8.39910209367675,4.099335516354902
2024-06-03,12.316093336431882,9.991665313970366,2.3244280224615164
2024-06-04,12.136282740180592,9.997578563577392,2.1387041766032002
2024-06-05,11.965214804036346,8.770845685971803,3.194369118064543
2024-06-06,11.792847750164617,8.35838737303396,3.434460377130657
2024-06-07,11.60351226898599,8.526577529003623,3.0769347399823666
2024-06-08,11.397283664953514,8.747700511019321,2.649583153934193
2024-06-09,11.164426418429244,7.375504243564765,3.788922174864479
2024-06-10,10.920036354395181,5.235621142874788,5.684415211520394
2024-06-11,10.665577901414006,4.943173250246242,5.722404651167763
2024-06-12,10.403673698286207,4.8300070207744294,5.573666677511778
2024-06-13,10.138219613249078,4.768780536422391,5.369439076826686
2024-06-14,9.843169416308644,4.798569897978036,5.0445995183306085
2024-06-15,9.56716560779637,4.480761598477367,5.086404009319003
2024-06-16,9.30695578106243,4.1877554542584114,5.119200326804018
2024-06-17,9.015751187209359,4.171583471421691,4.844167715787668
2024-06-18,8.718937894560288,4.153867710190685,4.565070184369603
2024-06-19,8.362481345977681,4.15032873810825,4.212152607869431
2024-06-20,8.0112920794738,4.146237931665743,3.8650541478080562
2024-06-21,7.642496944740898,4.048388932503405,3.594108012237493
2024-06-22,7.271661047711971,4.054737600759869,3.2169234469521024
2024-06-23,6.919724260083178,4.169984449058477,2.7497398110247007
2024-06-24,6.572334465668943,3.6581724025701963,2.914162063098747
2024-06-25,6.247462430010024,3.6314120907779177,2.616050339232106
2024-06-26,5.909315440964982,3.567544553604332,2.34177088736065
2024-06-27,5.560094616435135,3.6067595296895627,1.9533350867455725
2024-06-28,5.188536291411539,4.042911672966108,1.1456246184454315
2024-06-29,4.8097202221933,3.9459610485609087,0.8637591736323911
2024-06-30,4.436947114038562,2.8318420126578294,1.6051051013807323
2024-07-01,4.072951613759612,3.026931863222328,1.0460197505372837
2024-07-02,3.715106411556089,3.461784592497678,0.253321819058411
2024-07-03,3.3636131726576033,2.9728292371485354,0.39078393550906787
2024-07-04,3.0132902229213103,2.8653622131489485,0.14792800977236187
2024-07-05,2.681599008373383,2.7917726515229715,-0.11017364314958833
2024-07-06,2.3749385939140217,3.101355368600214,-0.7264167746861925
2024-07-07,2.086774080859776,3.052952689728858,-0.966178608869082
2024-07-08,1.7983482470110097,2.637395485533624,-0.8390472385226144
2024-07-09,1.5136418992620524,2.4177282923869217,-0.9040863931248693
2024-07-10,1.2539945100305867,2.1362163626015103,-0.8822218525709236
2024-07-11,0.9947783508043412,1.785647912340878,-0.7908695615365368
2024-07-12,0.754332344537415,2.3645069398392886,-1.6101745953018736
2024-07-13,0.534635940711423,2.47855122951843,-1.943915288807007
2024-07-14,0.3434576589312215,1.8024040326177648,-1.4589463736865433
2024-07-15,0.1740180974247631,1.6502314265653775,-1.4762133291406143
2024-07-16,0.0,1.8331898027667621,-1.8331898027667621
2024-07-17,0.0,1.8501699370773996,-1.8501699370773996
2024-07-18,0.0,1.5667839396371188,-1.5667839396371188
2024-07-19,0.0,0.8042402061190665,-0.8042402061190665
2024-07-20,0.0,0.8732191402415046,-0.8732191402415046
2024-07-21,0.0,0.8522952856170711,-0.8522952856170711
2024-07-22,0.0,0.8522952856170711,-0.8522952856170711
2024-07-23,0.0,0.8202436968922042,-0.8202436968922042
2024-07-24,0.0,0.7595475535538395,-0.7595475535538395
2024-07-25,0.0,0.9223889990328734,-0.9223889990328734
2024-07-26,0.0,0.797904551456119,-0.797904551456119
2024-07-27,0.0,0.4462342369594926,-0.4462342369594926
2024-07-28,0.0,0.4214949080966274,-0.4214949080966274
2024-07-29,0.0,0.3740762465190327,-0.3740762465190327
2024-07-30,0.0,0.3740762465190327,-0.3740762465190327
2024-07-31,0.0,0.3110707283901802,-0.3110707283901802
2024-08-01,0.0,0.13265896097587782,-0.13265896097587782
2024-08-02,0.0,0.062008120809278894,-0.062008120809278894
2024-08-03,0.0,0.08430942327074342,-0.08430942327074342
2024-08-04,0.0,0.06642106368918343,-0.06642106368918343
2024-08-05,0.0,0.06105631933841858,-0.06105631933841858
2024-08-06,0.0,0.06642106368918343,-0.06642106368918343
2024-08-07,0.0,0.08998393948911675,-0.08998393948911675
2024-08-08,0.0,0.10142302715223137,-0.10142302715223137
2024-08-09,0.0,0.0,0.0
2024-08-10,0.0,0.13975365186648883,-0.13975365186648883
2024-08-11,0.0,0.036060991614029377,-0.036060991614029377
2024-08-12,0.0,0.0,0.0
2024-08-13,0.0,0.04700060647548641,-0.04700060647548641
2024-08-14,0.0,0.06292577359059322,-0.06292577359059322
2024-08-15,0.0,0.3945585780524885,-0.3945585780524885
2024-08-16,0.0,0.21634195696885272,-0.21634195696885272
2024-08-17,0.0,0.17419053379891264,-0.17419053379891264
2024-08-18,0.0,0.0,0.0
2024-08-19,0.0,0.04897803211748631,-0.04897803211748631
2024-08-20,0.0,0.0,0.0
2024-08-21,0.0,0.0,0.0
2024-08-22,0.0,0.0,0.0
2024-08-23,0.0,0.0,0.0
2024-08-24,0.0,0.0,0.0
2024-08-25,0.0,0.06003865133831959,-0.06003865133831959
2024-08-26,0.0,0.05434459593433664,-0.05434459593433664
2024-08-27,0.0,0.0,0.0
2024-08-28,0.0,0.0,0.0
2024-08-29,0.0,0.0,0.0
2024-08-30,0.0,0.007954766383509095,-0.007954766383509095
2024-08-31,0.0,0.0,0.0
2024-09-01,0.0,0.0,0.0
2024-09-02,0.0,0.0,0.0
2024-09-03,0.0,0.0,0.0
2024-09-04,0.0,0.0,0.0
2024-09-05,0.0,0.0,0.0
2024-09-06,0.0,0.0,0.0
2024-09-07,0.0,0.0,0.0
2024-09-08,0.0,0.0,0.0
2024-09-09,0.0,0.0,0.0
2024-09-10,0.0,0.0,0.0
2024-09-11,0.0,0.0,0.0
2024-09-12,0.0,0.0,0.0
2024-09-13,0.0,0.003823000680215135,-0.003823000680215135
2024-09-14,0.0,0.012426476604470393,-0.012426476604470393
2024-09-15,0.0,0.0,0.0
2024-09-16,0.0,0.0,0.0
2024-09-17,0.0,0.0,0.0
2024-09-18,0.0,0.0,0.0
2024-09-19,0.0,0.0,0.0
2024-09-20,0.0,0.0,0.0
2024-09-21,0.0,0.0,0.0
2024-09-22,0.0,0.0,0.0
2024-09-23,0.0,0.0,0.0
2024-09-24,0.0,0.0,0.0
2024-09-25,0.0,0.0,0.0
2024-09-26,0.0,0.01141752248637297,-0.01141752248637297
2024-09-27,0.0,0.01984936955240633,-0.01984936955240633
2024-09-28,0.0,0.0,0.0
2024-09-29,0.0,0.0,0.0
2024-09-30,0.0,0.0,0.0
2024-10-01,0.0,0.0,0.0
2024-10-02,0.0,0.027013407410401365,-0.027013407410401365
2024-10-03,0.0,0.028981355582810207,-0.028981355582810207
2024-10-04,0.0,0.027013407410401365,-0.027013407410401365
2024-10-05,0.0,0.0,0.0
2024-10-06,0.0,0.0,0.0
2024-10-07,0.0,0.0,0.0
2024-10-08,0.0,0.20638654561795364,-0.20638654561795364
2024-10-09,0.0,0.0,0.0
2024-10-10,0.0,0.0,0.0
2024-10-11,0.0,0.0,0.0
2024-10-12,0.0,0.0,0.0
2024-10-13,0.0,0.0,0.0
2024-10-14,0.0,0.018935212538914854,-0.018935212538914854
2024-10-15,0.0,0.007172400108219312,-0.007172400108219312
2024-10-16,0.0,0.06313108415887983,-0.06313108415887983
2024-10-17,0.0,0.011811567317757184,-0.011811567317757184
2024-10-18,0.0,0.002377876045683459,-0.002377876045683459
2024-10-19,0.0,0.0,0.0
2024-10-20,0.0,0.0,0.0
2024-10-21,0.0,0.0,0.0
2024-10-22,0.0,0.0,0.0
2024-10-23,0.0,0.0,0.0
2024-10-24,0.0,0.0,0.0
2024-10-25,0.0,0.0,0.0
2024-10-26,0.0,0.0,0.0
2024-10-27,0.0,0.0,0.0
2024-10-28,0.0,0.023971312846029453,-0.023971312846029453
2024-10-29,0.0,0.020347084885282456,-0.020347084885282456
2024-10-30,0.0,0.018835411536658322,-0.018835411536658322
2024-10-31,0.0,0.0,0.0
2024-11-01,0.0,0.0,0.0
2024-11-02,0.0,0.0,0.0
2024-11-03,0.0,0.0,0.0
2024-11-04,0.0,0.0,0.0
2024-11-05,0.0,0.0,0.0
2024-11-06,0.0,0.0,0.0
2024-11-07,0.0,0.0,0.0
2024-11-08,0.0,0.0,0.0
2024-11-09,0.0,0.0,0.0
2024-11-10,0.0,0.0,0.0
2024-11-11,0.0,0.0,0.0
2024-11-12,0.0,0.0,0.0
2024-11-13,0.0,0.0,0.0
2024-11-14,0.0,0.0,0.0
2024-11-15,0.0,0.0,0.0
2024-11-16,0.0,0.0,0.0
2024-11-17,0.0,0.0,0.0
2024-11-18,0.0,0.0,0.0
2024-11-19,0.0,0.0,0.0
2024-11-20,0.0,0.0,0.0
2024-11-21,0.0,0.0,0.0
2024-11-22,0.0,0.0,0.0
2024-11-23,0.0,0.0,0.0
2024-11-24,0.0,0.0,0.0
2024-11-25,0.0,0.0,0.0
2024-11-26,0.0,0.0,0.0
2024-11-27,0.0,0.0,0.0
2024-11-28,0.0,0.0,0.0
2024-11-29,0.0,0.0,0.0
2024-11-30,0.0,0.0,0.0
2024-12-01,0.0,0.0,0.0
2024-12-02,0.0,0.0,0.0
2024-12-03,0.0,0.0,0.0
2024-12-04,0.0,0.0,0.0
2024-12-05,0.0,0.0,0.0
2024-12-06,0.0,0.0,0.0
2024-12-07,0.0,0.0,0.0
2024-12-08,0.0,0.0,0.0
2024-12-09,0.0,0.0,0.0
2024-12-10,0.0,0.0,0.0
2024-12-11,0.0,0.0,0.0
2024-12-12,0.0,0.0,0.0
2024-12-13,0.0,0.0,0.0
2024-12-14,0.0,0.0,0.0
2024-12-15,0.0,0.0,0.0
2024-12-16,0.0,0.1482585210745826,-0.1482585210745826
2024-12-17,0.0,0.0,0.0
2024-12-18,0.0,0.0,0.0
2024-12-19,0.0,0.0,0.0
2024-12-20,0.0,0.0,0.0
2024-12-21,0.0,0.0,0.0
2024-12-22,0.0,0.0,0.0
2024-12-23,0.0,0.0,0.0
2024-12-25,0.0,0.007754163398816244,-0.007754163398816244
2024-12-26,0.0,0.014576344358363098,-0.014576344358363098
2024-12-27,0.0,0.015177056346752177,-0.015177056346752177
2024-12-28,0.0,0.015177056346752177,-0.015177056346752177
2024-12-29,0.0,0.007754163398816244,-0.007754163398816244
2024-12-30,0.0,0.007754163398816244,-0.007754163398816244
2024-12-31,0.0,0.010662886341875802,-0.010662886341875802
2025-01-01,0.0,0.0,0.0
2025-01-02,0.0,0.0,0.0
2025-01-03,0.0,0.0,0.0
2025-01-04,0.0,0.0,0.0
2025-01-05,0.0,0.0,0.0
2025-01-06,0.0,0.014956157925117236,-0.014956157925117236
2025-01-07,0.0,0.0021888577006254255,-0.0021888577006254255
2025-01-08,0.0,0.002494948589425508,-0.002494948589425508
2025-01-09,0.0,0.2236993011171323,-0.2236993011171323
2025-01-10,0.0,0.002806954825836347,-0.002806954825836347
2025-01-11,0.0,0.0021888577006254255,-0.0021888577006254255
2025-01-12,0.0,0.0021888577006254255,-0.0021888577006254255
2025-01-13,0.0,0.0021888577006254255,-0.0021888577006254255
2025-01-15,0.0,0.0021888577006254255,-0.0021888577006254255
2025-01-16,0.0,0.003858090519150786,-0.003858090519150786
2025-01-17,0.0,0.0,0.0
2025-01-18,0.0,0.005125303486278671,-0.005125303486278671
2025-01-19,0.0,0.008555045769517482,-0.008555045769517482
2025-01-20,0.0,0.0,0.0
2025-01-21,0.0,0.0,0.0
2025-01-22,0.0,0.0,0.0
2025-01-23,0.0,0.0,0.0
2025-01-24,0.0,0.0,0.0
2025-01-25,0.0,0.0,0.0
2025-01-26,0.0,0.0,0.0
2025-01-27,0.0,0.0,0.0
2025-01-28,0.0,0.0,0.0
2025-01-29,0.0,0.0,0.0
2025-01-30,0.0,0.0,0.0
2025-01-31,0.0,0.0,0.0
2025-02-01,0.0,0.0,0.0
2025-02-02,0.0,0.0,0.0
2025-02-03,0.0,0.0,0.0
2025-02-04,0.0,0.0,0.0
2025-02-05,0.0,0.0,0.0
2025-02-06,0.0,0.0,0.0
2025-02-07,0.0,0.0,0.0
2025-02-08,0.0,0.0,0.0
2025-02-09,0.0,0.01397858599312007,-0.01397858599312007
2025-02-10,0.0,0.0,0.0
2025-02-11,0.0,0.0,0.0
2025-02-12,0.0,0.0,0.0
2025-02-13,0.0,0.0,0.0
2025-02-14,0.0,0.0,0.0
2025-02-15,0.0,0.0,0.0
2025-02-16,0.0,0.0,0.0
2025-02-17,0.0,0.0,0.0
2025-02-18,0.0,0.0,0.0
2025-02-19,0.0,0.0,0.0
2025-02-20,0.0,0.0,0.0
2025-02-21,0.0,0.0,0.0
2025-02-22,0.0,0.0,0.0
2025-02-23,0.0,0.0,0.0
2025-02-24,0.0,0.0,0.0
2025-02-25,0.0,0.0,0.0
2025-02-26,0.0,0.0,0.0
2025-02-27,0.0,0.0,0.0
2025-02-28,0.0,0.0,0.0
2025-03-01,0.0,0.0,0.0
2025-03-02,0.0,0.0,0.0
2025-03-03,0.0,0.0,0.0
2025-03-04,0.0,0.0,0.0
2025-03-05,0.0,0.01581448186331852,-0.01581448186331852
2025-03-06,0.0,0.0,0.0
2025-03-07,0.0,0.01581448186331852,-0.01581448186331852
2025-03-08,0.0,0.019321187322041324,-0.019321187322041324
2025-03-09,0.0,0.013835438537067804,-0.013835438537067804
2025-03-10,0.0,0.008640405399708152,-0.008640405399708152
2025-03-11,0.0,0.1075021688280404,-0.1075021688280404
2025-03-12,0.0,0.09806340689538275,-0.09806340689538275
2025-03-13,0.0,0.11559998758347681,-0.11559998758347681
2025-03-14,0.0,0.09045414087112479,-0.09045414087112479
2025-03-15,0.0,0.13000746659364204,-0.13000746659364204
2025-03-16,0.0,0.03691371642380165,-0.03691371642380165
2025-03-17,0.0,0.045925516101311584,-0.045925516101311584
2025-03-18,0.0,0.04827302307689536,-0.04827302307689536
2025-03-19,0.0,0.09201344760706391,-0.09201344760706391
2025-03-20,0.0,0.14902866999695089,-0.14902866999695089
2025-03-21,0.0,0.14605063757029182,-0.14605063757029182
2025-03-22,0.0,0.2161352252912347,-0.2161352252912347
2025-03-23,0.0,0.15320021702091396,-0.15320021702091396
2025-03-24,0.0,0.07119332719146995,-0.07119332719146995
2025-03-25,0.0,0.12150486855598544,-0.12150486855598544
2025-03-26,0.0,0.005854977469914908,-0.005854977469914908
2025-03-27,0.0,0.17684598107072305,-0.17684598107072305
2025-03-28,0.0,0.19856301881018418,-0.19856301881018418
2025-03-29,0.0,0.12113681616610576,-0.12113681616610576
2025-03-30,0.0,0.14014374442223682,-0.14014374442223682
2025-03-31,0.0,0.10709061715545128,-0.10709061715545128
2025-04-01,0.0,0.15336097334611276,-0.15336097334611276
2025-04-02,0.0,0.447000934414385,-0.447000934414385
2025-04-03,0.0,0.2896083948899772,-0.2896083948899772
2025-04-04,0.14638691847854599,0.4375298796584024,-0.2911429611798564
2025-04-05,0.14638691847854599,0.4626424132160375,-0.3162554947374915
2025-04-06,0.14638691847854599,0.563873999795348,-0.417487081316802
2025-04-07,0.14638691847854599,0.5657053435646111,-0.4193184250860651
2025-04-08,0.14638691847854599,0.6121608166727781,-0.4657738981942321
2025-04-09,0.14638691847854599,0.6826388222805118,-0.5362519038019657
2025-04-10,0.14638691847854599,0.6886517378871178,-0.5422648194085717
2025-04-11,0.14638691847854599,0.6994911618463185,-0.5531042433677725
2025-04-12,0.14638691847854599,0.7059862689661743,-0.5595993504876283
2025-04-13,0.14638691847854599,0.6500048322617208,-0.5036179137831748
2025-04-14,0.14638691847854599,0.6684322677225668,-0.5220453492440208
2025-04-15,0.14638691847854599,0.27191507094119965,-0.12552815246265367
2025-04-16,0.14638691847854599,0.1228561529033223,0.023530765575223683
2025-04-17,0.14638691847854599,0.16163013522943803,-0.015243216750892047
2025-04-18,0.14638691847854599,0.402533671106064,-0.25614675262751796
2025-04-19,0.14638691847854599,0.38966626636616963,-0.24327934788762365
2025-04-20,0.14638691847854599,0.13639335964510774,0.009993558833438249
2025-04-21,0.14638691847854599,0.4168308378050601,-0.2704439193265141
2025-04-22,0.14638691847854599,0.5597892571229253,-0.41340233864437925
2025-04-23,0.14638691847854599,0.4846922315546093,-0.33830531307606326
2025-04-24,0.14638691847854599,0.7191462669576641,-0.5727593484791181
2025-04-25,0.14638691847854599,1.055058532921052,-0.908671614442506
2025-04-26,0.14638691847854599,1.8543990068660698,-1.7080120883875238
2025-04-27,0.14638691847854599,1.9716632187090035,-1.8252763002304575
2025-04-28,0.14638691847854599,1.771690133860859,-1.625303215382313
2025-04-29,0.14638691847854599,0.9133278769762488,-0.7669409584977028
2025-04-30,0.14638691847854599,0.9228393569834841,-0.7764524385049381
2025-05-01,0.14638691847854599,0.8691205964453428,-0.7227336779667968
2025-05-02,0.14638691847854599,0.9626170880549623,-0.8162301695764163
2025-05-03,0.14638691847854599,1.0364896217747024,-0.8901027032961564
2025-05-04,0.14638691847854599,2.09400186496675,-1.9476149464882038
2025-05-05,0.14638691847854599,1.0328579905054218,-0.8864710720268758
2025-05-06,0.14638691847854599,1.0456222260450323,-0.8992353075664863
2025-05-07,0.14638691847854599,2.2807425525837,-2.1343556341051544
2025-05-08,0.14638691847854599,1.2705047894215216,-1.1241178709429756
2025-05-09,0.14638691847854599,0.7529827084263313,-0.6065957899477853
2025-05-10,0.14638691847854599,0.5730969941783487,-0.4267100756998027
2025-05-11,0.14638691847854599,0.6200126528819272,-0.4736257344033812
2025-05-12,0.14638691847854599,0.6110318661484455,-0.4646449476698995
2025-05-13,0.14638691847854599,0.5238113360194199,-0.37742441754087386
2025-05-14,0.14638691847854599,0.6482918729346816,-0.5019049544561356
2025-05-15,0.14638691847854599,0.7169311482942116,-0.5705442298156655
2025-05-16,0.14638691847854599,0.6569638780472433,-0.5105769595686973
2025-05-17,0.14638691847854599,0.7048166602013467,-0.5584297417228007
2025-05-18,0.14638691847854599,0.8239613044217137,-0.6775743859431677
2025-05-19,0.14638691847854599,0.870765935457583,-0.724379016979037
2025-05-20,0.14638691847854599,1.0660697404595503,-0.9196828219810043
2025-05-21,0.14638691847854599,1.1119036298730358,-0.9655167113944898
2025-05-22,0.14638691847854599,0.8880322490658703,-0.7416453305873243
2025-05-23,0.14638691847854599,0.8236723792681899,-0.6772854607896439
2025-05-24,0.14638691847854599,0.7927082735053355,-0.6463213550267894
2025-05-25,0.14638691847854599,0.8039208467064097,-0.6575339282278637
2025-05-26,0.14638691847854599,0.7916626412055163,-0.6452757227269703
2025-05-27,0.14638691847854599,0.8715980060661614,-0.7252110875876154
2025-05-28,0.14638691847854599,0.6521061420775263,-0.5057192235989802
2025-05-29,0.14638691847854599,0.715586858219476,-0.56919993974093
2025-05-30,0.14638691847854599,0.8379785379407432,-0.6915916194621972
2025-05-31,0.14638691847854599,0.8680923721728331,-0.7217054536942871
2025-06-01,0.14638691847854599,0.5843989723657226,-0.43801205388717657
2025-06-02,0.14638691847854599,0.6646130212736737,-0.5182261027951277
2025-06-03,0.14638691847854599,0.8448087697673837,-0.6984218512888377
2025-06-04,0.14638691847854599,0.8828937544895905,-0.7365068360110445
2025-06-05,0.14638691847854599,0.8697159988697523,-0.7233290803912062
2025-06-06,0.14638691847854599,0.8784309396357585,-0.7320440211572125
2025-06-07,0.14638691847854599,0.8258073798622235,-0.6794204613836775
2025-06-08,0.14638691847854599,0.740530364835104,-0.594143446356558
2025-06-09,0.14638691847854599,0.7116626943290352,-0.5652757758504892
2025-06-10,0.14638691847854599,0.6853974159870126,-0.5390104975084666
2025-06-11,0.14638691847854599,0.705371435734347,-0.558984517255801
2025-06-12,0.14638691847854599,0.6568777642959934,-0.5104908458174474
2025-06-13,0.14638691847854599,0.7014138718520414,-0.5550269533734954
2025-06-14,0.14638691847854599,0.6588776414350439,-0.5124907229564979
2025-06-15,0.14638691847854599,0.7620717033444443,-0.6156847848658983
2025-06-16,0.14638691847854599,0.8573833968522557,-0.7109964783737097
2025-06-17,0.14638691847854599,0.833447868120928,-0.687060949642382
2025-06-18,0.14638691847854599,0.8453854475952904,-0.6989985291167444
2025-06-19,0.14638691847854599,0.7909846911910968,-0.6445977727125508
2025-06-20,0.14638691847854599,0.7364651290902982,-0.5900782106117521
2025-06-21,0.14638691847854599,0.7317229534961982,-0.5853360350176522
2025-06-22,0.14638691847854599,0.4919417390195453,-0.3455548205409993
2025-06-23,0.14638691847854599,0.4863102510168447,-0.33992333253829876
2025-06-24,0.14638691847854599,0.3900333922624836,-0.24364647378393764
2025-06-25,0.14638691847854599,0.4024534860732766,-0.25606656759473057
2025-06-26,0.14638691847854599,0.44681893691178354,-0.3004320184332375
2025-06-27,0.0,0.2607910405542187,-0.2607910405542187
2025-06-28,0.0,0.24900631044927343,-0.24900631044927343
2025-06-29,0.0,0.2419862411130422,-0.2419862411130422
2025-06-30,0.0,0.22648553521329545,-0.22648553521329545
2025-07-01,0.0,0.20377543356540953,-0.20377543356540953
2025-07-02,0.0,0.19615574619844106,-0.19615574619844106
2025-07-03,0.0,0.19982882344901903,-0.19982882344901903
2025-07-04,0.0,0.22688228906592908,-0.22688228906592908
2025-07-05,0.0,0.2330177751013991,-0.2330177751013991
2025-07-06,0.0,0.20384965496371515,-0.20384965496371515
2025-07-07,0.0,0.2555966267290297,-0.2555966267290297
2025-07-08,0.0,0.20162171143752197,-0.20162171143752197
2025-07-09,0.0,0.19931710966645919,-0.19931710966645919
2025-07-10,0.0,0.13948778845827814,-0.13948778845827814
2025-07-11,0.0,0.15229405371136295,-0.15229405371136295
2025-07-12,0.0,0.11153462951863057,-0.11153462951863057
2025-07-13,0.0,0.12313145539195801,-0.12313145539195801
2025-07-14,0.0,0.12550312214241896,-0.12550312214241896
2025-07-15,0.0,0.08234940599173113,-0.08234940599173113
2025-07-16,0.0,0.008781451530124508,-0.008781451530124508
2025-07-17,0.0,0.010749399702533345,-0.010749399702533345
2025-07-18,0.0,0.0520049318442277,-0.0520049318442277
2025-07-19,0.0,0.0520049318442277,-0.0520049318442277
2025-07-20,0.0,0.05003698367181886,-0.05003698367181886
2025-07-21,0.0,0.021487273531902214,-0.021487273531902214
2025-07-22,0.0,0.0,0.0
2025-07-23,0.0,0.0,0.0
2025-07-24,0.0,0.0,0.0
2025-07-25,0.0,0.0,0.0
2025-07-26,0.0,0.0,0.0
2025-07-27,0.0,0.0,0.0
2025-07-28,0.0,0.026855769901638727,-0.026855769901638727
2025-07-29,0.0,0.01943287695370279,-0.01943287695370279
2025-07-30,0.0,0.01943287695370279,-0.01943287695370279
2025-07-31,0.0,0.027002086447908597,-0.027002086447908597
2025-08-01,0.0,0.017379897054347993,-0.017379897054347993
2025-08-02,0.0,0.019347845226756834,-0.019347845226756834
2025-08-03,0.0,0.019347845226756834,-0.019347845226756834
2025-08-04,0.0,0.019347845226756834,-0.019347845226756834
2025-08-05,0.0,0.019347845226756834,-0.019347845226756834
2025-08-06,0.0,0.01838174126038836,-0.01838174126038836
2025-08-07,0.0,0.0,0.0
2025-08-08,0.0,0.0,0.0
2025-08-09,0.0,0.0,0.0
2025-08-10,0.0,0.0,0.0
2025-08-11,0.0,0.0,0.0
2025-08-12,0.0,0.0,0.0
2025-08-13,0.0,0.0,0.0
2025-08-14,0.0,0.0,0.0
2025-08-15,0.0,0.0025993313449635485,-0.0025993313449635485
2025-08-16,0.0,0.00027400793413095,-0.00027400793413095
2025-08-17,0.0,0.0,0.0
2025-08-18,0.0,0.0,0.0
2025-08-19,0.0,0.0006584818993979307,-0.0006584818993979307
2025-08-20,0.0,0.0,0.0
2025-08-21,0.0,0.0,0.0
2025-08-22,0.0,0.0,0.0
2025-08-23,0.0,0.0,0.0
2025-08-24,0.0,0.0,0.0
2025-08-25,0.0,0.0,0.0
2025-08-26,0.0,0.0,0.0
2025-08-27,0.0,0.01091599816072346,-0.01091599816072346
2025-08-28,0.0,0.019222511784734563,-0.019222511784734563
2025-08-29,0.0,0.019076195238464693,-0.019076195238464693
2025-08-30,0.0,0.020180591390130103,-0.020180591390130103
2025-08-31,0.0,0.0,0.0
2025-09-01,0.0,0.0,0.0
2025-09-02,0.0,0.0359078681893526,-0.0359078681893526
2025-09-03,0.0,0.0,0.0
2025-09-04,0.0,0.0,0.0
2025-09-05,0.0,0.03605418473562247,-0.03605418473562247
2025-09-06,0.0,0.03605418473562247,-0.03605418473562247
2025-09-07,0.0,0.04631400519354831,-0.04631400519354831
2025-09-08,0.0,0.0,0.0
2025-09-09,0.0,0.030123727378447405,-0.030123727378447405
2025-09-10,0.0,0.0,0.0
2025-09-11,0.0,0.030123727378447405,-0.030123727378447405
2025-09-12,0.0,0.03210163839666763,-0.03210163839666763
2025-09-13,0.0,0.04250777540086332,-0.04250777540086332
2025-09-14,0.0,0.0,0.0
2025-09-15,0.0,0.015176549934410314,-0.015176549934410314
2025-09-16,0.0,0.0,0.0
2025-09-17,0.0,0.0,0.0
2025-09-18,0.0,0.0,0.0
2025-09-19,0.0,0.0039351804588268965,-0.0039351804588268965
2025-09-20,0.0,0.0,0.0
2025-09-21,0.0,0.0,0.0
2025-09-22,0.0,0.0,0.0
2025-09-23,0.0,0.0,0.0
2025-09-24,0.0,0.0,0.0
2025-09-25,0.0,0.0,0.0
2025-09-26,0.0,0.005903128631235734,-0.005903128631235734
2025-09-27,0.0,0.0,0.0
2025-09-28,0.0,0.0,0.0
2025-09-29,0.0,0.0,0.0
2025-09-30,0.0,0.0,0.0
2025-10-01,0.0,0.0,0.0
2025-10-02,0.0,0.0,0.0
2025-10-03,0.0,0.0,0.0
2025-10-04,0.0,0.0,0.0
2025-10-05,0.0,0.0,0.0
2025-10-06,0.0,0.0,0.0
2025-10-07,0.0,0.0,0.0
2025-10-08,0.0,0.018720479217756967,-0.018720479217756967
2025-10-09,0.0,0.0,0.0
2025-10-10,0.0,0.0,0.0
2025-10-11,0.0,0.0,0.0
2025-10-12,0.0,0.0,0.0
2025-10-13,0.0,0.0,0.0
2025-10-14,0.0,0.0,0.0
2025-10-15,0.0,0.0,0.0
2025-10-16,0.0,0.018514255974309522,-0.018514255974309522
2025-10-17,0.0,0.011039685472304848,-0.011039685472304848
2025-10-18,0.0,0.021685538546660544,-0.021685538546660544
2025-10-19,0.0,0.021685538546660544,-0.021685538546660544
2025-10-20,0.0,0.026186222317421865,-0.026186222317421865
2025-10-21,0.0,0.015176549934410314,-0.015176549934410314
2025-10-22,0.0,0.015176549934410314,-0.015176549934410314
2025-10-23,0.0,0.019717590374251703,-0.019717590374251703
2025-10-24,0.0,0.019717590374251703,-0.019717590374251703
2025-10-25,0.0,0.019717590374251703,-0.019717590374251703
2025-10-26,0.0,0.01225184727458681,-0.01225184727458681
2025-10-27,0.0,0.0,0.0
2025-10-28,0.0,0.0,0.0
2025-10-29,0.0,0.0,0.0
2025-10-30,0.0,0.0,0.0
2025-10-31,0.0,0.0,0.0
2025-11-01,0.0,0.0,0.0
2025-11-02,0.0,0.0,0.0
2025-11-03,0.0,0.0,0.0
2025-11-04,0.0,0.0,0.0
2025-11-05,0.0,0.0,0.0
2025-11-06,0.0,0.0,0.0
2025-11-07,0.0,0.0,0.0
2025-11-08,0.0,0.0,0.0
2025-11-09,0.0,0.010441601236376332,-0.010441601236376332
2025-11-10,0.0,0.010441601236376332,-0.010441601236376332
2025-11-11,0.0,0.010441601236376332,-0.010441601236376332
2025-11-12,0.0,0.017907344336041225,-0.017907344336041225
2025-11-13,0.0,0.017907344336041225,-0.017907344336041225
2025-11-14,0.0,0.017907344336041225,-0.017907344336041225
2025-11-15,0.0,0.013366303896199833,-0.013366303896199833
2025-11-16,0.0,0.013366303896199833,-0.013366303896199833
2025-11-17,0.0,0.017907344336041225,-0.017907344336041225
2025-11-18,0.0,0.017907344336041225,-0.017907344336041225
2025-11-19,0.0,0.017907344336041225,-0.017907344336041225
2025-11-20,0.0,0.017907344336041225,-0.017907344336041225
2025-11-21,0.0,0.017907344336041225,-0.017907344336041225
2025-11-22,0.0,0.028313481340236927,-0.028313481340236927
2025-11-23,0.0,0.0,0.0
2025-11-24,0.0,0.0,0.0
2025-11-25,0.0,0.0,0.0
2025-11-26,0.0,0.0,0.0
2025-11-27,0.0,0.0,0.0
2025-11-28,0.0,0.0,0.0
2025-11-29,0.0,0.0,0.0
