week_start,week_end,iso_year,iso_week,pcrvi_mean,pcrvi_max,pcrvi_min,pcrvi_trend,risk_category,dhw_mean,dhw_max,recommendation,alert_color,ta_mean,as_mean,sr_mean,cdr_mean,bh_mean,wq_mean,la_mean
1997-12-29,1998-01-04,1998,1,0.4535,0.4756,0.4302,0.015587,Moderate,,,WATCH: Risk rising. Maintain weekly monitoring. Review contingency plans.,#FFA500,0.2133,0.0,0.2629,0.8575,0.9,0.6188,0.946
1998-01-05,1998-01-11,1998,2,0.4854,0.4993,0.4734,-0.001995,Moderate,,,WATCH: Risk stable. Maintain weekly monitoring. Review contingency plans.,#FFA500,0.1701,0.0,0.2884,0.8575,0.9,0.6188,0.9102
1998-01-12,1998-01-18,1998,3,0.4666,0.4817,0.4551,0.000888,Moderate,,,WATCH: Risk stable. Maintain weekly monitoring. Review contingency plans.,#FFA500,0.1468,0.0,0.3234,0.8575,0.9,0.6304,0.8198
1998-01-19,1998-01-25,1998,4,0.4919,0.4968,0.4825,-0.001561,Moderate,,,WATCH: Risk stable. Maintain weekly monitoring. Review contingency plans.,#FFA500,0.1857,0.0,0.3609,0.8575,0.9,0.6434,0.8985
1998-01-26,1998-02-01,1998,5,0.5192,0.5291,0.5042,0.004258,Moderate,,,WATCH: Risk stable. Maintain weekly monitoring. Review contingency plans.,#FFA500,0.2243,0.0,0.4005,0.8513,0.9,0.6871,0.8811
1998-02-02,1998-02-08,1998,6,0.5107,0.5228,0.5025,0.000414,Moderate,,,WATCH: Risk stable. Maintain weekly monitoring. Review contingency plans.,#FFA500,0.1923,0.0,0.4416,0.8138,0.9,0.6566,0.9304
1998-02-09,1998-02-15,1998,7,0.522,0.5331,0.5073,-0.004421,Moderate,,,WATCH: Risk stable. Maintain weekly monitoring. Review contingency plans.,#FFA500,0.1971,0.0,0.4834,0.8138,0.9,0.6111,0.8821
1998-02-16,1998-02-22,1998,8,0.5003,0.5073,0.4884,-0.00271,Moderate,,,WATCH: Risk stable. Maintain weekly monitoring. Review contingency plans.,#FFA500,0.1934,0.0,0.5256,0.8138,0.9,0.5932,0.8526
1998-02-23,1998-03-01,1998,9,0.5031,0.5234,0.4884,0.006771,Moderate,,,WATCH: Risk rising. Maintain weekly monitoring. Review contingency plans.,#FFA500,0.2634,0.0,0.5673,0.7805,0.9,0.57,0.9242
1998-03-02,1998-03-08,1998,10,0.5037,0.5232,0.4799,-0.007659,Moderate,,,WATCH: Risk falling. Maintain weekly monitoring. Review contingency plans.,#FFA500,0.1654,0.0,0.6081,0.5808,0.9,0.5893,0.9247
1998-03-09,1998-03-15,1998,11,0.4872,0.4962,0.4803,-0.001526,Moderate,,,WATCH: Risk stable. Maintain weekly monitoring. Review contingency plans.,#FFA500,0.2154,0.0,0.6473,0.5808,0.9,0.59,0.9036
1998-03-16,1998-03-22,1998,12,0.5206,0.5374,0.5054,0.005824,Moderate,,,WATCH: Risk rising. Maintain weekly monitoring. Review contingency plans.,#FFA500,0.3839,0.0,0.6844,0.5808,0.9,0.5646,0.9356
1998-03-23,1998-03-29,1998,13,0.5217,0.5351,0.5087,-0.00334,Moderate,0.0,0.0,WATCH: Risk stable. Maintain weekly monitoring. Review contingency plans.,#FFA500,0.33,0.0,0.7188,0.5808,0.9,0.5125,0.9349
1998-03-30,1998-04-05,1998,14,0.5655,0.6095,0.5261,0.012435,High,0.02,0.16,ELEVATED ALERT: Risk rising. Increase monitoring to twice-weekly. Notify stakeholders. Prepare response plans.,#FF4500,0.3653,0.2157,0.75,0.5438,0.9,0.6564,0.9346
1998-04-06,1998-04-12,1998,15,0.5788,0.6095,0.5537,-0.008181,High,0.32,0.32,ELEVATED ALERT: Risk falling. Increase monitoring to twice-weekly. Notify stakeholders. Prepare response plans.,#FF4500,0.3588,0.2062,0.7776,0.5289,0.9,0.5691,0.8903
1998-04-13,1998-04-19,1998,16,0.5738,0.5935,0.5612,0.003939,High,0.34,0.5,ELEVATED ALERT: Risk stable. Increase monitoring to twice-weekly. Notify stakeholders. Prepare response plans.,#FF4500,0.414,0.2025,0.8012,0.5289,0.9,0.5888,0.8448
1998-04-20,1998-04-26,1998,17,0.6254,0.6416,0.6021,0.006417,High,1.17,1.71,ELEVATED ALERT: Risk rising. Increase monitoring to twice-weekly. Notify stakeholders. Prepare response plans.,#FF4500,0.5339,0.2944,0.8204,0.5289,0.9,0.5429,0.8907
1998-04-27,1998-05-03,1998,18,0.7167,0.7813,0.6563,0.022559,Critical,2.64,3.46,IMMEDIATE ACTION: Bleaching likely imminent. Risk rising. Deploy emergency monitoring. Document baseline. Restrict reef access if possible.,#8B0000,0.7492,0.5523,0.8349,0.4985,0.9,0.5821,0.9195
1998-05-04,1998-05-10,1998,19,0.7798,0.8099,0.7508,-0.008591,Critical,4.62,5.41,IMMEDIATE ACTION: Bleaching likely imminent. Risk falling. Deploy emergency monitoring. Document baseline. Restrict reef access if possible.,#8B0000,0.8149,0.7887,0.8446,0.4578,0.4006,0.5124,0.8585
1998-05-11,1998-05-17,1998,20,0.6868,0.7211,0.6695,-0.007233,Critical,6.16,6.71,IMMEDIATE ACTION: Bleaching likely imminent. Risk falling. Deploy emergency monitoring. Document baseline. Restrict reef access if possible.,#8B0000,0.5699,0.8848,0.8493,0.4578,0.2025,0.5053,0.7509
1998-05-18,1998-05-24,1998,21,0.674,0.6784,0.6727,0.00048,High,7.25,7.48,ELEVATED ALERT: Risk stable. Increase monitoring to twice-weekly. Notify stakeholders. Prepare response plans.,#FF4500,0.4715,0.9533,0.849,0.4578,0.2044,0.569,0.5811
1998-05-25,1998-05-31,1998,22,0.6565,0.6781,0.6449,-0.006073,High,7.61,7.63,ELEVATED ALERT: Risk falling. Increase monitoring to twice-weekly. Notify stakeholders. Prepare response plans.,#FF4500,0.387,0.9757,0.8435,0.4578,0.2063,0.5293,0.5935
1998-06-01,1998-06-07,1998,23,0.6176,0.6382,0.5957,-0.008916,High,7.63,7.63,ELEVATED ALERT: Risk falling. Increase monitoring to twice-weekly. Notify stakeholders. Prepare response plans.,#FF4500,0.3803,0.967,0.8331,0.3536,0.2082,0.5293,0.58
1998-06-08,1998-06-14,1998,24,0.5714,0.5965,0.5371,-0.01094,High,7.63,7.63,ELEVATED ALERT: Risk falling. Increase monitoring to twice-weekly. Notify stakeholders. Prepare response plans.,#FF4500,0.3698,0.7822,0.8179,0.3536,0.2101,0.4995,0.616
1998-06-15,1998-06-21,1998,25,0.5025,0.5264,0.4799,-0.007076,Moderate,7.63,7.63,WATCH: Risk falling. Maintain weekly monitoring. Review contingency plans.,#FFA500,0.1984,0.6238,0.7981,0.3536,0.212,0.506,0.5818
1998-06-22,1998-06-28,1998,26,0.4714,0.4799,0.4631,-0.003604,Moderate,7.61,7.63,WATCH: Risk stable. Maintain weekly monitoring. Review contingency plans.,#FFA500,0.19,0.5779,0.7739,0.3536,0.214,0.5105,0.4671
1998-06-29,1998-07-05,1998,27,0.447,0.4631,0.4276,-0.006848,Moderate,7.32,7.32,WATCH: Risk falling. Maintain weekly monitoring. Review contingency plans.,#FFA500,0.2216,0.5302,0.7457,0.1545,0.2159,0.5078,0.5287
1998-07-06,1998-07-12,1998,28,0.4234,0.4276,0.4173,-0.001142,Moderate,7.29,7.32,WATCH: Risk stable. Maintain weekly monitoring. Review contingency plans.,#FFA500,0.2176,0.4975,0.714,0.0748,0.2178,0.5015,0.5932
1998-07-13,1998-07-19,1998,29,0.3987,0.4165,0.3857,-0.005738,Moderate,6.46,6.98,WATCH: Risk falling. Maintain weekly monitoring. Review contingency plans.,#FFA500,0.204,0.4116,0.6792,0.0748,0.2197,0.4846,0.7519
1998-07-20,1998-07-26,1998,30,0.3758,0.3876,0.3711,-0.00294,Moderate,4.99,5.74,WATCH: Risk stable. Maintain weekly monitoring. Review contingency plans.,#FFA500,0.2096,0.3119,0.6418,0.0748,0.2216,0.4912,0.4896
1998-07-27,1998-08-02,1998,31,0.3511,0.3537,0.3483,-0.000362,Moderate,3.01,3.85,WATCH: Risk stable. Maintain weekly monitoring. Review contingency plans.,#FFA500,0.2182,0.1884,0.6023,0.0535,0.2235,0.5051,0.5787
1998-08-03,1998-08-09,1998,32,0.3399,0.3483,0.3261,-0.002804,Low,1.48,2.03,ROUTINE: Risk stable. Standard monitoring sufficient. Good period for baseline surveys.,#FFD700,0.2565,0.0923,0.5614,0.0,0.2255,0.5458,0.6018
1998-08-10,1998-08-16,1998,33,0.3189,0.3231,0.3164,0.000405,Low,0.38,0.75,ROUTINE: Risk stable. Standard monitoring sufficient. Good period for baseline surveys.,#FFD700,0.2439,0.0238,0.5196,0.0,0.2274,0.5113,0.6767
1998-08-17,1998-08-23,1998,34,0.2993,0.3163,0.2931,-0.003587,Low,0.02,0.15,ROUTINE: Risk stable. Standard monitoring sufficient. Good period for baseline surveys.,#FFD700,0.159,0.0013,0.4774,0.0,0.2293,0.4963,0.549
1998-08-24,1998-08-30,1998,35,0.3093,0.3164,0.2947,0.002784,Low,0.0,0.0,ROUTINE: Risk stable. Standard monitoring sufficient. Good period for baseline surveys.,#FFD700,0.2697,0.0,0.4356,0.0,0.2312,0.4746,0.8295
1998-08-31,1998-09-06,1998,36,0.3028,0.3129,0.281,-0.005696,Low,0.0,0.0,ROUTINE: Risk falling. Standard monitoring sufficient. Good period for baseline surveys.,#FFD700,0.2106,0.0013,0.3948,0.001,0.2331,0.5,0.6016
1998-09-07,1998-09-13,1998,37,0.2809,0.2869,0.2746,-0.001564,Low,0.0,0.0,ROUTINE: Risk stable. Standard monitoring sufficient. Good period for baseline surveys.,#FFD700,0.1891,0.0548,0.3554,0.0012,0.235,0.5162,0.6715
1998-09-14,1998-09-20,1998,38,0.2813,0.2829,0.2784,-0.000105,Low,0.0,0.0,ROUTINE: Risk stable. Standard monitoring sufficient. Good period for baseline surveys.,#FFD700,0.1937,0.0973,0.3182,0.0012,0.237,0.5114,0.6283
1998-09-21,1998-09-27,1998,39,0.2744,0.2805,0.2685,-0.001442,Low,0.0,0.0,ROUTINE: Risk stable. Standard monitoring sufficient. Good period for baseline surveys.,#FFD700,0.1983,0.1,0.2836,0.0012,0.2389,0.4841,0.6266
1998-09-28,1998-10-04,1998,40,0.2714,0.2779,0.2666,-0.00204,Low,0.0,0.0,ROUTINE: Risk stable. Standard monitoring sufficient. Good period for baseline surveys.,#FFD700,0.1763,0.1,0.2521,0.0005,0.2408,0.4838,0.6575
1998-10-05,1998-10-11,1998,41,0.2539,0.2619,0.2483,-0.001862,Low,0.0,0.0,ROUTINE: Risk stable. Standard monitoring sufficient. Good period for baseline surveys.,#FFD700,0.1239,0.1,0.2243,0.0,0.2427,0.5013,0.6272
1998-10-12,1998-10-18,1998,42,0.2431,0.2467,0.2394,-0.001395,Low,0.0,0.0,ROUTINE: Risk stable. Standard monitoring sufficient. Good period for baseline surveys.,#FFD700,0.0916,0.1,0.2004,0.0,0.2446,0.4957,0.6171
1998-10-19,1998-10-25,1998,43,0.2669,0.2783,0.2417,0.005304,Low,0.0,0.0,ROUTINE: Risk rising. Standard monitoring sufficient. Good period for baseline surveys.,#FFD700,0.1921,0.1,0.1809,0.0,0.2465,0.514,0.7161
1998-10-26,1998-11-01,1998,44,0.2545,0.272,0.2395,-0.005335,Low,0.0,0.0,ROUTINE: Risk falling. Standard monitoring sufficient. Good period for baseline surveys.,#FFD700,0.0412,0.1,0.166,0.0,0.2485,0.5061,0.7119
1998-11-02,1998-11-08,1998,45,0.2393,0.2455,0.2337,0.001694,Low,0.0,0.0,ROUTINE: Risk stable. Standard monitoring sufficient. Good period for baseline surveys.,#FFD700,0.0486,0.1,0.1559,0.0,0.2504,0.4997,0.7661
1998-11-09,1998-11-15,1998,46,0.2372,0.2419,0.233,-0.001102,Low,0.0,0.0,ROUTINE: Risk stable. Standard monitoring sufficient. Good period for baseline surveys.,#FFD700,0.0226,0.1,0.1508,0.0,0.2523,0.5225,0.6493
1998-11-16,1998-11-22,1998,47,0.2403,0.2653,0.2362,0.003126,Low,0.0,0.0,ROUTINE: Risk stable. Standard monitoring sufficient. Good period for baseline surveys.,#FFD700,0.0611,0.1,0.1508,0.0,0.2542,0.4992,0.6061
1998-11-23,1998-11-29,1998,48,0.2636,0.2699,0.2553,-0.001639,Low,0.0,0.0,ROUTINE: Risk stable. Standard monitoring sufficient. Good period for baseline surveys.,#FFD700,0.0899,0.1,0.1559,0.0,0.2561,0.508,0.7969
1998-11-30,1998-12-06,1998,49,0.2751,0.28,0.2612,0.002783,Low,0.0,0.0,ROUTINE: Risk stable. Standard monitoring sufficient. Good period for baseline surveys.,#FFD700,0.1709,0.1,0.166,0.0422,0.258,0.4813,0.8535
1998-12-07,1998-12-13,1998,50,0.2795,0.285,0.2766,0.000739,Low,0.0,0.0,ROUTINE: Risk stable. Standard monitoring sufficient. Good period for baseline surveys.,#FFD700,0.1652,0.1,0.1809,0.0492,0.26,0.4911,0.8032
1998-12-14,1998-12-20,1998,51,0.2857,0.2918,0.2807,0.001258,Low,0.0,0.0,ROUTINE: Risk stable. Standard monitoring sufficient. Good period for baseline surveys.,#FFD700,0.1936,0.1,0.2004,0.0492,0.2619,0.4912,0.7501
1998-12-21,1998-12-27,1998,52,0.2917,0.2937,0.29,-0.000159,Low,0.0,0.0,ROUTINE: Risk stable. Standard monitoring sufficient. Good period for baseline surveys.,#FFD700,0.1587,0.1,0.2243,0.0492,0.2638,0.5146,0.7573
1998-12-28,1999-01-03,1998,53,0.3029,0.3074,0.2978,0.001816,Low,0.0,0.0,ROUTINE: Risk stable. Standard monitoring sufficient. Good period for baseline surveys.,#FFD700,0.1547,0.1,0.2522,0.0801,0.2657,0.5443,0.8753
1999-01-04,1999-01-10,1999,1,0.313,0.3372,0.3011,0.004848,Low,0.0,0.0,ROUTINE: Risk stable. Standard monitoring sufficient. Good period for baseline surveys.,#FFD700,0.2175,0.1,0.2836,0.111,0.2676,0.5286,0.847
1999-01-11,1999-01-17,1999,2,0.3286,0.3383,0.3179,-0.00266,Low,0.0,0.0,ROUTINE: Risk stable. Standard monitoring sufficient. Good period for baseline surveys.,#FFD700,0.2046,0.1,0.3182,0.111,0.2695,0.4889,0.8404
1999-01-18,1999-01-24,1999,3,0.3122,0.3181,0.3066,0.000663,Low,0.0,0.0,ROUTINE: Risk stable. Standard monitoring sufficient. Good period for baseline surveys.,#FFD700,0.1327,0.1,0.3554,0.111,0.2715,0.5232,0.8208
1999-01-25,1999-01-31,1999,4,0.3036,0.3116,0.2832,-0.003261,Low,0.0,0.0,ROUTINE: Risk stable. Standard monitoring sufficient. Good period for baseline surveys.,#FFD700,0.0801,0.1,0.3948,0.111,0.2734,0.517,0.5908
1999-02-01,1999-02-07,1999,5,0.3012,0.3255,0.2789,0.007321,Low,0.0,0.0,ROUTINE: Risk rising. Standard monitoring sufficient. Good period for baseline surveys.,#FFD700,0.1355,0.1,0.4356,0.1386,0.2753,0.5222,0.8266
1999-02-08,1999-02-14,1999,6,0.3194,0.327,0.3144,-0.001943,Low,0.0,0.0,ROUTINE: Risk stable. Standard monitoring sufficient. Good period for baseline surveys.,#FFD700,0.0909,0.1,0.4774,0.1386,0.2772,0.5245,0.767
1999-02-15,1999-02-21,1999,7,0.3247,0.3371,0.3103,0.005112,Low,0.0,0.0,ROUTINE: Risk rising. Standard monitoring sufficient. Good period for baseline surveys.,#FFD700,0.1217,0.1,0.5196,0.1386,0.2791,0.5133,0.8896
1999-02-22,1999-02-28,1999,8,0.34,0.3537,0.3327,0.003179,Moderate,0.0,0.0,WATCH: Risk stable. Maintain weekly monitoring. Review contingency plans.,#FFA500,0.1997,0.1,0.5614,0.1386,0.281,0.4817,0.9083
1999-03-01,1999-03-07,1999,9,0.3462,0.3574,0.3373,-0.003639,Moderate,0.0,0.0,WATCH: Risk stable. Maintain weekly monitoring. Review contingency plans.,#FFA500,0.1168,0.1,0.6023,0.1806,0.283,0.4959,0.8943
1999-03-08,1999-03-14,1999,10,0.3364,0.3398,0.3323,-0.001168,Low,0.0,0.0,ROUTINE: Risk stable. Standard monitoring sufficient. Good period for baseline surveys.,#FFD700,0.1048,0.1,0.6418,0.1806,0.2849,0.4929,0.8637
1999-03-15,1999-03-21,1999,11,0.3322,0.353,0.326,0.002892,Moderate,0.0,0.0,WATCH: Risk stable. Maintain weekly monitoring. Review contingency plans.,#FFA500,0.1251,0.1,0.6792,0.1806,0.2868,0.4831,0.8202
1999-03-22,1999-03-28,1999,12,0.3985,0.4064,0.3776,0.003017,Moderate,0.0,0.0,WATCH: Risk stable. Maintain weekly monitoring. Review contingency plans.,#FFA500,0.3729,0.1,0.714,0.1806,0.2887,0.5106,0.7426
1999-03-29,1999-04-04,1999,13,0.3685,0.3952,0.3398,-0.010218,Moderate,0.0,0.0,WATCH: Risk falling. Maintain weekly monitoring. Review contingency plans.,#FFA500,0.0903,0.1,0.7457,0.1649,0.2906,0.5155,0.8478
1999-04-05,1999-04-11,1999,14,0.3328,0.3353,0.3288,-0.001291,Low,0.0,0.0,ROUTINE: Risk stable. Standard monitoring sufficient. Good period for baseline surveys.,#FFD700,0.0406,0.1,0.7739,0.1531,0.2925,0.516,0.6165
1999-04-12,1999-04-18,1999,15,0.3371,0.3517,0.3288,0.003734,Moderate,0.0,0.0,WATCH: Risk stable. Maintain weekly monitoring. Review contingency plans.,#FFA500,0.0368,0.1,0.7981,0.1531,0.2945,0.541,0.492
1999-04-19,1999-04-25,1999,16,0.3318,0.3361,0.3227,-0.00145,Low,0.0,0.0,ROUTINE: Risk stable. Standard monitoring sufficient. Good period for baseline surveys.,#FFD700,0.0012,0.1,0.8179,0.1531,0.2964,0.5188,0.659
1999-04-26,1999-05-02,1999,17,0.3175,0.3227,0.3133,2.8e-05,Low,0.0,0.0,ROUTINE: Risk stable. Standard monitoring sufficient. Good period for baseline surveys.,#FFD700,0.0,0.1,0.8331,0.1362,0.2983,0.5032,0.6949
1999-05-03,1999-05-09,1999,18,0.3165,0.3198,0.3088,-0.001608,Low,0.0,0.0,ROUTINE: Risk stable. Standard monitoring sufficient. Good period for baseline surveys.,#FFD700,0.0072,0.1,0.8435,0.0942,0.3002,0.4672,0.7856
1999-05-10,1999-05-16,1999,19,0.3141,0.3241,0.3008,0.004444,Low,0.0,0.0,ROUTINE: Risk stable. Standard monitoring sufficient. Good period for baseline surveys.,#FFD700,0.0522,0.1,0.849,0.0942,0.3021,0.4947,0.736
1999-05-17,1999-05-23,1999,20,0.3176,0.3289,0.3126,-0.002572,Low,0.0,0.0,ROUTINE: Risk stable. Standard monitoring sufficient. Good period for baseline surveys.,#FFD700,0.02,0.1,0.8493,0.0942,0.304,0.4909,0.6137
1999-05-24,1999-05-30,1999,21,0.3211,0.3321,0.3126,0.000607,Low,0.0,0.0,ROUTINE: Risk stable. Standard monitoring sufficient. Good period for baseline surveys.,#FFD700,0.0,0.1,0.8446,0.0942,0.306,0.5388,0.5273
1999-05-31,1999-06-06,1999,22,0.3126,0.3196,0.3091,0.001173,Low,0.0,0.0,ROUTINE: Risk stable. Standard monitoring sufficient. Good period for baseline surveys.,#FFD700,0.076,0.1,0.8349,0.1047,0.3079,0.5097,0.5508
1999-06-07,1999-06-13,1999,23,0.3168,0.3216,0.3094,-0.000822,Low,0.0,0.0,ROUTINE: Risk stable. Standard monitoring sufficient. Good period for baseline surveys.,#FFD700,0.0,0.1,0.8204,0.1065,0.3098,0.5235,0.6434
1999-06-14,1999-06-20,1999,24,0.3168,0.3285,0.3094,0.003002,Low,0.0,0.0,ROUTINE: Risk stable. Standard monitoring sufficient. Good period for baseline surveys.,#FFD700,0.0115,0.1,0.8012,0.1065,0.3117,0.5418,0.5697
1999-06-21,1999-06-27,1999,25,0.31,0.318,0.3057,-0.002322,Low,0.0,0.0,ROUTINE: Risk stable. Standard monitoring sufficient. Good period for baseline surveys.,#FFD700,0.0035,0.1,0.7776,0.1065,0.3136,0.4906,0.715
1999-06-28,1999-07-04,1999,26,0.3316,0.3337,0.3225,0.001474,Low,0.0,0.0,ROUTINE: Risk stable. Standard monitoring sufficient. Good period for baseline surveys.,#FFD700,0.1348,0.1,0.75,0.1506,0.3155,0.5201,0.7897
1999-07-05,1999-07-11,1999,27,0.3337,0.3337,0.3337,-0.0,Low,0.0,0.0,ROUTINE: Risk stable. Standard monitoring sufficient. Good period for baseline surveys.,#FFD700,0.0782,0.1,0.7188,0.1836,0.3175,0.5547,0.727
1999-07-12,1999-07-18,1999,28,0.3337,0.3337,0.3337,-0.0,Low,0.0,0.0,ROUTINE: Risk stable. Standard monitoring sufficient. Good period for baseline surveys.,#FFD700,0.105,0.1,0.6844,0.1836,0.3194,0.4863,0.642
1999-07-19,1999-07-25,1999,29,0.3337,0.3337,0.3337,-0.0,Low,0.0,0.0,ROUTINE: Risk stable. Standard monitoring sufficient. Good period for baseline surveys.,#FFD700,0.0667,0.1,0.6473,0.1836,0.3213,0.5153,0.5741
1999-07-26,1999-08-01,1999,30,0.3337,0.3337,0.3337,-0.0,Low,0.0,0.0,ROUTINE: Risk stable. Standard monitoring sufficient. Good period for baseline surveys.,#FFD700,0.0338,0.1,0.6081,0.1798,0.3232,0.4805,0.5228
1999-08-02,1999-08-08,1999,31,0.3319,0.3429,0.3239,0.000473,Low,0.0,0.0,ROUTINE: Risk stable. Standard monitoring sufficient. Good period for baseline surveys.,#FFD700,0.0931,0.1,0.5673,0.1569,0.3251,0.5444,0.65
1999-08-09,1999-08-15,1999,32,0.327,0.3384,0.3216,-0.002417,Low,0.0,0.0,ROUTINE: Risk stable. Standard monitoring sufficient. Good period for baseline surveys.,#FFD700,0.1509,0.1,0.5256,0.1569,0.327,0.4799,0.7254
1999-08-16,1999-08-22,1999,33,0.3101,0.3159,0.3046,-0.001316,Low,0.0,0.0,ROUTINE: Risk stable. Standard monitoring sufficient. Good period for baseline surveys.,#FFD700,0.1289,0.1,0.4834,0.1569,0.329,0.4826,0.715
1999-08-23,1999-08-29,1999,34,0.291,0.3009,0.2807,-0.003613,Low,0.0,0.0,ROUTINE: Risk stable. Standard monitoring sufficient. Good period for baseline surveys.,#FFD700,0.0454,0.1,0.4416,0.1569,0.3309,0.4942,0.5571
1999-08-30,1999-09-05,1999,35,0.2851,0.2895,0.283,0.000699,Low,0.0,0.0,ROUTINE: Risk stable. Standard monitoring sufficient. Good period for baseline surveys.,#FFD700,0.1356,0.1,0.4005,0.1413,0.3328,0.4966,0.545
1999-09-06,1999-09-12,1999,36,0.3093,0.3307,0.2895,0.007902,Low,0.0,0.0,ROUTINE: Risk rising. Standard monitoring sufficient. Good period for baseline surveys.,#FFD700,0.1548,0.1,0.3609,0.135,0.3347,0.5228,0.7815
1999-09-13,1999-09-19,1999,37,0.3067,0.3307,0.2859,-0.007718,Low,0.0,0.0,ROUTINE: Risk falling. Standard monitoring sufficient. Good period for baseline surveys.,#FFD700,0.1051,0.1,0.3234,0.135,0.3366,0.4797,0.7052
1999-09-20,1999-09-26,1999,38,0.2835,0.287,0.2749,-0.001273,Low,0.0,0.0,ROUTINE: Risk stable. Standard monitoring sufficient. Good period for baseline surveys.,#FFD700,0.1218,0.1,0.2884,0.135,0.3385,0.4742,0.6896
1999-09-27,1999-10-03,1999,39,0.2701,0.2743,0.2672,-0.001323,Low,0.0,0.0,ROUTINE: Risk stable. Standard monitoring sufficient. Good period for baseline surveys.,#FFD700,0.1024,0.1,0.2564,0.117,0.3405,0.4798,0.6289
1999-10-04,1999-10-10,1999,40,0.277,0.2812,0.272,0.00114,Low,0.0,0.0,ROUTINE: Risk stable. Standard monitoring sufficient. Good period for baseline surveys.,#FFD700,0.0903,0.1,0.228,0.093,0.3424,0.4913,0.7708
1999-10-11,1999-10-17,1999,41,0.257,0.2626,0.2501,-0.001876,Low,0.0,0.0,ROUTINE: Risk stable. Standard monitoring sufficient. Good period for baseline surveys.,#FFD700,0.0079,0.1,0.2035,0.093,0.3443,0.5183,0.5642
1999-10-18,1999-10-24,1999,42,0.2481,0.2503,0.2459,-0.000415,Low,0.0,0.0,ROUTINE: Risk stable. Standard monitoring sufficient. Good period for baseline surveys.,#FFD700,0.0298,0.1,0.1834,0.093,0.3462,0.494,0.6564
1999-10-25,1999-10-31,1999,43,0.2535,0.2678,0.2455,0.002817,Low,0.0,0.0,ROUTINE: Risk stable. Standard monitoring sufficient. Good period for baseline surveys.,#FFD700,0.0649,0.1,0.1678,0.093,0.3481,0.5623,0.5864
1999-11-01,1999-11-07,1999,44,0.279,0.2903,0.2678,0.00442,Low,0.0,0.0,ROUTINE: Risk stable. Standard monitoring sufficient. Good period for baseline surveys.,#FFD700,0.1387,0.1,0.157,0.1152,0.35,0.5144,0.7875
1999-11-08,1999-11-14,1999,45,0.2891,0.2926,0.2853,0.001306,Low,0.0,0.0,ROUTINE: Risk stable. Standard monitoring sufficient. Good period for baseline surveys.,#FFD700,0.1424,0.1,0.1513,0.1152,0.352,0.4862,0.8561
1999-11-15,1999-11-21,1999,46,0.291,0.2931,0.2857,-0.00133,Low,0.0,0.0,ROUTINE: Risk stable. Standard monitoring sufficient. Good period for baseline surveys.,#FFD700,0.1093,0.1,0.1505,0.1152,0.3539,0.507,0.7448
1999-11-22,1999-11-28,1999,47,0.2864,0.2942,0.2793,-0.002484,Low,0.0,0.0,ROUTINE: Risk stable. Standard monitoring sufficient. Good period for baseline surveys.,#FFD700,0.0788,0.1,0.1549,0.1152,0.3558,0.5063,0.8609
1999-11-29,1999-12-05,1999,48,0.2929,0.2996,0.2838,0.002728,Low,0.0,0.0,ROUTINE: Risk stable. Standard monitoring sufficient. Good period for baseline surveys.,#FFD700,0.1446,0.1,0.1642,0.1083,0.3577,0.4979,0.8939
1999-12-06,1999-12-12,1999,49,0.2929,0.2989,0.2897,0.001358,Low,0.0,0.0,ROUTINE: Risk stable. Standard monitoring sufficient. Good period for baseline surveys.,#FFD700,0.1786,0.1,0.1784,0.1056,0.3596,0.4893,0.7263
1999-12-13,1999-12-19,1999,50,0.2952,0.3004,0.2911,-0.000435,Low,0.0,0.0,ROUTINE: Risk stable. Standard monitoring sufficient. Good period for baseline surveys.,#FFD700,0.1487,0.1,0.1973,0.1056,0.3615,0.4861,0.8537
1999-12-20,1999-12-26,1999,51,0.3073,0.3144,0.3027,0.00101,Low,0.0,0.0,ROUTINE: Risk stable. Standard monitoring sufficient. Good period for baseline surveys.,#FFD700,0.1106,0.1,0.2206,0.1056,0.3634,0.5623,0.8963
1999-12-27,2000-01-02,1999,52,0.3024,0.3074,0.2968,-0.00266,Low,0.0,0.0,ROUTINE: Risk stable. Standard monitoring sufficient. Good period for baseline surveys.,#FFD700,0.0746,0.1,0.2472,0.1079,0.3653,0.5149,0.7472
2000-01-03,2000-01-09,2000,1,0.2854,0.2908,0.2799,-0.001095,Low,0.0,0.0,ROUTINE: Risk stable. Standard monitoring sufficient. Good period for baseline surveys.,#FFD700,0.0808,0.1,0.2789,0.1125,0.3673,0.4878,0.764
2000-01-10,2000-01-16,2000,2,0.3028,0.3074,0.2979,0.001467,Low,0.0,0.0,ROUTINE: Risk stable. Standard monitoring sufficient. Good period for baseline surveys.,#FFD700,0.1272,0.1,0.3131,0.1125,0.3692,0.5092,0.8824
2000-01-17,2000-01-23,2000,3,0.3052,0.3072,0.3037,-7e-06,Low,0.0,0.0,ROUTINE: Risk stable. Standard monitoring sufficient. Good period for baseline surveys.,#FFD700,0.0894,0.1,0.35,0.1125,0.3711,0.4885,0.936
2000-01-24,2000-01-30,2000,4,0.3196,0.331,0.3113,0.003144,Low,0.0,0.0,ROUTINE: Risk stable. Standard monitoring sufficient. Good period for baseline surveys.,#FFD700,0.1523,0.1,0.389,0.1125,0.373,0.5459,0.8574
2000-01-31,2000-02-06,2000,5,0.3253,0.3377,0.3113,-0.004151,Low,0.0,0.0,ROUTINE: Risk stable. Standard monitoring sufficient. Good period for baseline surveys.,#FFD700,0.0445,0.1,0.4297,0.1423,0.3749,0.5359,0.8695
2000-02-07,2000-02-13,2000,6,0.3186,0.3308,0.3086,0.003866,Low,0.0,0.0,ROUTINE: Risk stable. Standard monitoring sufficient. Good period for baseline surveys.,#FFD700,0.0993,0.1,0.4714,0.1473,0.3769,0.5377,0.8188
2000-02-14,2000-02-20,2000,7,0.3168,0.3319,0.3007,-0.006177,Low,0.0,0.0,ROUTINE: Risk falling. Standard monitoring sufficient. Good period for baseline surveys.,#FFD700,0.048,0.1,0.5135,0.1473,0.3788,0.4985,0.7311
2000-02-21,2000-02-27,2000,8,0.333,0.3478,0.3019,0.007599,Low,0.0,0.0,ROUTINE: Risk rising. Standard monitoring sufficient. Good period for baseline surveys.,#FFD700,0.2001,0.1,0.5555,0.1473,0.3807,0.5082,0.8591
2000-02-28,2000-03-05,2000,9,0.3407,0.3521,0.3299,-0.004073,Moderate,0.0,0.0,WATCH: Risk stable. Maintain weekly monitoring. Review contingency plans.,#FFA500,0.0895,0.1,0.5966,0.1792,0.3826,0.4866,0.9033
2000-03-06,2000-03-12,2000,10,0.3553,0.3667,0.3384,0.004731,Moderate,0.0,0.0,WATCH: Risk stable. Maintain weekly monitoring. Review contingency plans.,#FFA500,0.1841,0.1,0.6363,0.192,0.3845,0.4997,0.9093
2000-03-13,2000-03-19,2000,11,0.3574,0.3617,0.3539,-0.000551,Moderate,0.0,0.0,WATCH: Risk stable. Maintain weekly monitoring. Review contingency plans.,#FFA500,0.1206,0.1,0.674,0.192,0.3864,0.492,0.9219
2000-03-20,2000-03-26,2000,12,0.3763,0.3829,0.3644,0.001593,Moderate,0.0,0.0,WATCH: Risk stable. Maintain weekly monitoring. Review contingency plans.,#FFA500,0.2478,0.1,0.7092,0.192,0.3884,0.4646,0.8047
2000-03-27,2000-04-02,2000,13,0.3386,0.3572,0.3302,-0.004145,Moderate,0.0,0.0,WATCH: Risk stable. Maintain weekly monitoring. Review contingency plans.,#FFA500,0.0304,0.1,0.7414,0.202,0.3903,0.4931,0.7568
2000-04-03,2000-04-09,2000,14,0.3404,0.3485,0.3282,0.003036,Low,0.0,0.0,ROUTINE: Risk stable. Standard monitoring sufficient. Good period for baseline surveys.,#FFD700,0.0055,0.1,0.7701,0.2271,0.3922,0.5187,0.9102
2000-04-10,2000-04-16,2000,15,0.3376,0.3485,0.3325,-0.001763,Low,0.0,0.0,ROUTINE: Risk stable. Standard monitoring sufficient. Good period for baseline surveys.,#FFD700,0.0196,0.1,0.7949,0.2271,0.3941,0.5055,0.6902
2000-04-17,2000-04-23,2000,16,0.3564,0.3606,0.3493,0.000572,Moderate,0.0,0.0,WATCH: Risk stable. Maintain weekly monitoring. Review contingency plans.,#FFA500,0.0931,0.1,0.8153,0.2271,0.396,0.5047,0.838
2000-04-24,2000-04-30,2000,17,0.3329,0.3481,0.3263,-0.003118,Low,0.0,0.0,ROUTINE: Risk stable. Standard monitoring sufficient. Good period for baseline surveys.,#FFD700,0.0063,0.1,0.8312,0.2271,0.3979,0.499,0.6434
2000-05-01,2000-05-07,2000,18,0.3475,0.3742,0.3237,0.009703,Moderate,0.0,0.0,WATCH: Risk rising. Maintain weekly monitoring. Review contingency plans.,#FFA500,0.0997,0.1,0.8424,0.2371,0.3999,0.4823,0.8642
2000-05-08,2000-05-14,2000,19,0.3618,0.3827,0.341,-0.008291,Moderate,0.0,0.0,WATCH: Risk falling. Maintain weekly monitoring. Review contingency plans.,#FFA500,0.0685,0.1,0.8485,0.2371,0.4018,0.4704,0.7332
2000-05-15,2000-05-21,2000,20,0.3311,0.3348,0.3261,-0.001423,Low,0.0,0.0,ROUTINE: Risk stable. Standard monitoring sufficient. Good period for baseline surveys.,#FFD700,0.0038,0.1,0.8496,0.2371,0.4037,0.4998,0.6433
2000-05-22,2000-05-28,2000,21,0.3397,0.3479,0.3353,-0.00222,Low,0.0,0.0,ROUTINE: Risk stable. Standard monitoring sufficient. Good period for baseline surveys.,#FFD700,0.0264,0.1,0.8456,0.2371,0.4056,0.5145,0.7555
2000-05-29,2000-06-04,2000,22,0.3301,0.3327,0.3278,-0.000485,Low,0.0,0.0,ROUTINE: Risk stable. Standard monitoring sufficient. Good period for baseline surveys.,#FFD700,0.0728,0.1,0.8366,0.2213,0.4075,0.4769,0.5372
2000-06-05,2000-06-11,2000,23,0.3239,0.3322,0.3145,-0.003064,Low,0.0,0.0,ROUTINE: Risk stable. Standard monitoring sufficient. Good period for baseline surveys.,#FFD700,0.0157,0.1,0.8227,0.2094,0.4094,0.4507,0.726
2000-06-12,2000-06-18,2000,24,0.3162,0.3186,0.3128,-0.000112,Low,0.0,0.0,ROUTINE: Risk stable. Standard monitoring sufficient. Good period for baseline surveys.,#FFD700,0.0019,0.1,0.8042,0.2094,0.4114,0.4788,0.7009
2000-06-19,2000-06-25,2000,25,0.3197,0.3213,0.3166,0.000128,Low,0.0,0.0,ROUTINE: Risk stable. Standard monitoring sufficient. Good period for baseline surveys.,#FFD700,0.0266,0.1,0.7812,0.2094,0.4133,0.486,0.6697
2000-06-26,2000-07-02,2000,26,0.3275,0.3354,0.3177,0.001721,Low,0.0,0.0,ROUTINE: Risk stable. Standard monitoring sufficient. Good period for baseline surveys.,#FFD700,0.0777,0.1,0.7542,0.2226,0.4152,0.5049,0.6057
2000-07-03,2000-07-09,2000,27,0.3352,0.3407,0.3302,0.001666,Low,0.0,0.0,ROUTINE: Risk stable. Standard monitoring sufficient. Good period for baseline surveys.,#FFD700,0.0698,0.1,0.7234,0.2556,0.4171,0.5178,0.6641
2000-07-10,2000-07-16,2000,28,0.3439,0.3534,0.3356,0.003356,Moderate,0.0,0.0,WATCH: Risk stable. Maintain weekly monitoring. Review contingency plans.,#FFA500,0.1004,0.1,0.6895,0.2556,0.419,0.5154,0.6779
2000-07-17,2000-07-23,2000,29,0.3551,0.3617,0.3429,-0.001142,Moderate,0.0,0.0,WATCH: Risk stable. Maintain weekly monitoring. Review contingency plans.,#FFA500,0.1223,0.1,0.6527,0.2556,0.4209,0.4798,0.8401
2000-07-24,2000-07-30,2000,30,0.3488,0.3637,0.3364,0.005376,Moderate,0.0,0.0,WATCH: Risk rising. Maintain weekly monitoring. Review contingency plans.,#FFA500,0.1518,0.1,0.6138,0.2556,0.4229,0.4934,0.8277
2000-07-31,2000-08-06,2000,31,0.3356,0.3563,0.3251,-0.005379,Moderate,0.0,0.0,WATCH: Risk falling. Maintain weekly monitoring. Review contingency plans.,#FFA500,0.08,0.1,0.5732,0.2758,0.4248,0.4622,0.6267
2000-08-07,2000-08-13,2000,32,0.3268,0.3312,0.3251,0.000703,Low,0.0,0.0,ROUTINE: Risk stable. Standard monitoring sufficient. Good period for baseline surveys.,#FFD700,0.0592,0.1,0.5316,0.2791,0.4267,0.4852,0.6359
2000-08-14,2000-08-20,2000,33,0.3353,0.3419,0.3261,0.001537,Low,0.0,0.0,ROUTINE: Risk stable. Standard monitoring sufficient. Good period for baseline surveys.,#FFD700,0.132,0.1,0.4895,0.2791,0.4286,0.5252,0.4914
2000-08-21,2000-08-27,2000,34,0.3232,0.3347,0.3169,-0.002457,Low,0.0,0.0,ROUTINE: Risk stable. Standard monitoring sufficient. Good period for baseline surveys.,#FFD700,0.106,0.1,0.4475,0.2791,0.4305,0.4992,0.5449
2000-08-28,2000-09-03,2000,35,0.3134,0.3209,0.3112,-0.001335,Low,0.0,0.0,ROUTINE: Risk stable. Standard monitoring sufficient. Good period for baseline surveys.,#FFD700,0.0385,0.1,0.4063,0.2468,0.4324,0.5163,0.6349
2000-09-04,2000-09-10,2000,36,0.3204,0.3342,0.3007,0.00623,Low,0.0,0.0,ROUTINE: Risk rising. Standard monitoring sufficient. Good period for baseline surveys.,#FFD700,0.1707,0.1,0.3665,0.2037,0.4344,0.4972,0.8101
2000-09-11,2000-09-17,2000,37,0.3182,0.3256,0.3099,-0.002183,Low,0.0,0.0,ROUTINE: Risk stable. Standard monitoring sufficient. Good period for baseline surveys.,#FFD700,0.1329,0.1,0.3286,0.2037,0.4363,0.4948,0.7678
2000-09-18,2000-09-24,2000,38,0.311,0.3132,0.3084,0.000413,Low,0.0,0.0,ROUTINE: Risk stable. Standard monitoring sufficient. Good period for baseline surveys.,#FFD700,0.1776,0.1,0.2932,0.2037,0.4382,0.4792,0.727
2000-09-25,2000-10-01,2000,39,0.3252,0.3325,0.3066,-0.002128,Low,0.0,0.0,ROUTINE: Risk stable. Standard monitoring sufficient. Good period for baseline surveys.,#FFD700,0.2175,0.1,0.2608,0.1996,0.4401,0.4858,0.6521
2000-10-02,2000-10-08,2000,40,0.2872,0.2987,0.282,-0.00256,Low,0.0,0.0,ROUTINE: Risk stable. Standard monitoring sufficient. Good period for baseline surveys.,#FFD700,0.0918,0.1,0.2318,0.1752,0.442,0.4617,0.7233
2000-10-09,2000-10-15,2000,41,0.2768,0.2807,0.2706,-0.001077,Low,0.0,0.0,ROUTINE: Risk stable. Standard monitoring sufficient. Good period for baseline surveys.,#FFD700,0.0734,0.1,0.2068,0.1752,0.4439,0.489,0.7161
2000-10-16,2000-10-22,2000,42,0.2992,0.3097,0.2897,0.000751,Low,0.0,0.0,ROUTINE: Risk stable. Standard monitoring sufficient. Good period for baseline surveys.,#FFD700,0.1384,0.1,0.186,0.1752,0.4459,0.5356,0.7546
2000-10-23,2000-10-29,2000,43,0.2774,0.2883,0.273,-0.001284,Low,0.0,0.0,ROUTINE: Risk stable. Standard monitoring sufficient. Good period for baseline surveys.,#FFD700,0.0447,0.1,0.1697,0.1752,0.4478,0.5118,0.7298
2000-10-30,2000-11-05,2000,44,0.2975,0.3062,0.2847,0.003277,Low,0.0,0.0,ROUTINE: Risk stable. Standard monitoring sufficient. Good period for baseline surveys.,#FFD700,0.1579,0.1,0.1583,0.1244,0.4497,0.4829,0.9262
2000-11-06,2000-11-12,2000,45,0.3107,0.3135,0.306,0.001049,Low,0.0,0.0,ROUTINE: Risk stable. Standard monitoring sufficient. Good period for baseline surveys.,#FFD700,0.1643,0.1,0.1518,0.104,0.4516,0.5018,0.9473
2000-11-13,2000-11-19,2000,46,0.2947,0.3088,0.2808,-0.004594,Low,0.0,0.0,ROUTINE: Risk stable. Standard monitoring sufficient. Good period for baseline surveys.,#FFD700,0.0666,0.1,0.1503,0.104,0.4535,0.5053,0.8388
2000-11-20,2000-11-26,2000,47,0.2706,0.2771,0.2644,-0.00245,Low,0.0,0.0,ROUTINE: Risk stable. Standard monitoring sufficient. Good period for baseline surveys.,#FFD700,0.0768,0.1,0.1539,0.104,0.4554,0.5068,0.6529
2000-11-27,2000-12-03,2000,48,0.3085,0.3185,0.2882,0.002021,Low,0.0,0.0,ROUTINE: Risk stable. Standard monitoring sufficient. Good period for baseline surveys.,#FFD700,0.1506,0.1,0.1626,0.1123,0.4574,0.5359,0.932
2000-12-04,2000-12-10,2000,49,0.2901,0.2984,0.281,-0.000379,Low,0.0,0.0,ROUTINE: Risk stable. Standard monitoring sufficient. Good period for baseline surveys.,#FFD700,0.0957,0.1,0.1761,0.1233,0.4593,0.4585,0.8791
2000-12-11,2000-12-17,2000,50,0.2969,0.3007,0.2893,-0.001336,Low,0.0,0.0,ROUTINE: Risk stable. Standard monitoring sufficient. Good period for baseline surveys.,#FFD700,0.091,0.1,0.1943,0.1233,0.4612,0.4833,0.9165
2000-12-18,2000-12-24,2000,51,0.2784,0.2879,0.2708,-0.002855,Low,0.0,0.0,ROUTINE: Risk stable. Standard monitoring sufficient. Good period for baseline surveys.,#FFD700,0.045,0.1,0.217,0.1233,0.4631,0.4844,0.8045
2000-12-25,2000-12-31,2000,52,0.2839,0.2905,0.2771,0.001715,Low,0.0,0.0,ROUTINE: Risk stable. Standard monitoring sufficient. Good period for baseline surveys.,#FFD700,0.0218,0.1,0.2424,0.1233,0.4649,0.5111,0.9147
2001-01-01,2001-01-07,2001,1,0.2954,0.3065,0.2809,0.003945,Low,0.0,0.0,ROUTINE: Risk stable. Standard monitoring sufficient. Good period for baseline surveys.,#FFD700,0.127,0.1,0.2697,0.0794,0.4669,0.476,0.903
2001-01-08,2001-01-14,2001,2,0.2976,0.3058,0.2926,0.001981,Low,0.0,0.0,ROUTINE: Risk stable. Standard monitoring sufficient. Good period for baseline surveys.,#FFD700,0.1087,0.1,0.303,0.0794,0.4689,0.4583,0.8983
2001-01-15,2001-01-21,2001,3,0.2928,0.3022,0.2826,-0.002716,Low,0.0,0.0,ROUTINE: Risk stable. Standard monitoring sufficient. Good period for baseline surveys.,#FFD700,0.0836,0.1,0.3392,0.0794,0.4708,0.4823,0.7527
2001-01-22,2001-01-28,2001,4,0.2884,0.2947,0.2787,-0.001406,Low,0.0,0.0,ROUTINE: Risk stable. Standard monitoring sufficient. Good period for baseline surveys.,#FFD700,0.047,0.1,0.3777,0.0794,0.4727,0.4658,0.8501
2001-01-29,2001-02-04,2001,5,0.2949,0.3223,0.2768,0.00853,Low,0.0,0.0,ROUTINE: Risk rising. Standard monitoring sufficient. Good period for baseline surveys.,#FFD700,0.084,0.1,0.418,0.1671,0.4746,0.486,0.8453
2001-02-05,2001-02-11,2001,6,0.3261,0.3325,0.3195,0.000801,Low,0.0,0.0,ROUTINE: Risk stable. Standard monitoring sufficient. Good period for baseline surveys.,#FFD700,0.0727,0.1,0.4594,0.2329,0.4765,0.5102,0.8513
2001-02-12,2001-02-18,2001,7,0.3458,0.3654,0.3339,0.005436,Moderate,0.0,0.0,WATCH: Risk rising. Maintain weekly monitoring. Review contingency plans.,#FFA500,0.116,0.1,0.5015,0.2329,0.4784,0.5315,0.9027
2001-02-19,2001-02-25,2001,8,0.3763,0.3817,0.3703,0.00163,Moderate,0.0,0.0,WATCH: Risk stable. Maintain weekly monitoring. Review contingency plans.,#FFA500,0.1993,0.1,0.5435,0.2329,0.4804,0.4872,0.9573
2001-02-26,2001-03-04,2001,9,0.3848,0.392,0.3766,-1.8e-05,Moderate,0.0,0.0,WATCH: Risk stable. Maintain weekly monitoring. Review contingency plans.,#FFA500,0.1569,0.1,0.5849,0.2425,0.4823,0.5447,0.8931
2001-03-05,2001-03-11,2001,10,0.3807,0.3864,0.3708,-0.001683,Moderate,0.0,0.0,WATCH: Risk stable. Maintain weekly monitoring. Review contingency plans.,#FFA500,0.1287,0.1,0.6251,0.2497,0.4842,0.5671,0.7644
2001-03-12,2001-03-18,2001,11,0.3855,0.4074,0.3698,0.005064,Moderate,0.0,0.0,WATCH: Risk rising. Maintain weekly monitoring. Review contingency plans.,#FFA500,0.1685,0.1,0.6635,0.2497,0.4861,0.5383,0.8859
2001-03-19,2001-03-25,2001,12,0.3764,0.4005,0.3565,-0.007375,Moderate,0.0,0.0,WATCH: Risk falling. Maintain weekly monitoring. Review contingency plans.,#FFA500,0.0772,0.1,0.6995,0.2497,0.488,0.5357,0.7744
2001-03-26,2001-04-01,2001,13,0.3929,0.405,0.3721,0.004162,Moderate,0.0,0.0,WATCH: Risk stable. Maintain weekly monitoring. Review contingency plans.,#FFA500,0.2038,0.1,0.7326,0.2585,0.4899,0.4954,0.8997
2001-04-02,2001-04-08,2001,14,0.3812,0.3963,0.3708,0.002773,Moderate,0.0,0.0,WATCH: Risk stable. Maintain weekly monitoring. Review contingency plans.,#FFA500,0.0991,0.1,0.7623,0.3118,0.4919,0.5209,0.8568
2001-04-09,2001-04-15,2001,15,0.4238,0.44,0.4042,0.005833,Moderate,0.0,0.0,WATCH: Risk rising. Maintain weekly monitoring. Review contingency plans.,#FFA500,0.3248,0.1,0.7882,0.3118,0.4938,0.4852,0.9296
2001-04-16,2001-04-22,2001,16,0.4505,0.456,0.4424,0.001664,Moderate,0.0,0.0,WATCH: Risk stable. Maintain weekly monitoring. Review contingency plans.,#FFA500,0.3685,0.1,0.8099,0.3118,0.4957,0.4795,0.9576
2001-04-23,2001-04-29,2001,17,0.442,0.4585,0.4284,-0.005467,Moderate,0.0,0.0,WATCH: Risk falling. Maintain weekly monitoring. Review contingency plans.,#FFA500,0.3337,0.1,0.8272,0.3118,0.4976,0.4842,0.7909
2001-04-30,2001-05-06,2001,18,0.4385,0.4687,0.4127,0.010502,Moderate,0.21,0.48,WATCH: Risk rising. Maintain weekly monitoring. Review contingency plans.,#FFA500,0.391,0.1217,0.8397,0.3262,0.4995,0.47,0.7203
2001-05-07,2001-05-13,2001,19,0.4461,0.4554,0.4365,-0.003305,Moderate,0.48,0.48,WATCH: Risk stable. Maintain weekly monitoring. Review contingency plans.,#FFA500,0.2495,0.1909,0.8473,0.3286,0.5014,0.5189,0.6915
2001-05-14,2001-05-20,2001,20,0.4243,0.4443,0.4075,-0.006339,Moderate,0.48,0.48,WATCH: Risk falling. Maintain weekly monitoring. Review contingency plans.,#FFA500,0.0782,0.228,0.8498,0.3286,0.5034,0.5845,0.7446
2001-05-21,2001-05-27,2001,21,0.4062,0.4184,0.3817,-0.006362,Moderate,0.48,0.48,WATCH: Risk falling. Maintain weekly monitoring. Review contingency plans.,#FFA500,0.0749,0.2125,0.8473,0.3286,0.5053,0.5202,0.6238
2001-05-28,2001-06-03,2001,22,0.3873,0.4046,0.3735,0.005415,Moderate,0.48,0.48,WATCH: Risk rising. Maintain weekly monitoring. Review contingency plans.,#FFA500,0.0599,0.1599,0.8397,0.3375,0.5072,0.5905,0.7432
2001-06-04,2001-06-10,2001,23,0.3902,0.3993,0.3844,-0.002658,Moderate,0.48,0.48,WATCH: Risk stable. Maintain weekly monitoring. Review contingency plans.,#FFA500,0.0781,0.1302,0.8272,0.3494,0.5091,0.5324,0.6133
2001-06-11,2001-06-17,2001,24,0.3858,0.39,0.383,0.00093,Moderate,0.48,0.48,WATCH: Risk stable. Maintain weekly monitoring. Review contingency plans.,#FFA500,0.1621,0.1302,0.8099,0.3494,0.511,0.4847,0.6197
2001-06-18,2001-06-24,2001,25,0.4101,0.4158,0.3976,-0.00318,Moderate,0.48,0.48,WATCH: Risk stable. Maintain weekly monitoring. Review contingency plans.,#FFA500,0.1618,0.1302,0.7882,0.3494,0.5129,0.5259,0.6333
2001-06-25,2001-07-01,2001,26,0.3961,0.4019,0.3881,0.000419,Moderate,0.48,0.48,WATCH: Risk stable. Maintain weekly monitoring. Review contingency plans.,#FFA500,0.1066,0.1302,0.7623,0.339,0.5149,0.5338,0.5873
2001-07-02,2001-07-08,2001,27,0.3968,0.4092,0.3851,-0.005138,Moderate,0.48,0.48,WATCH: Risk falling. Maintain weekly monitoring. Review contingency plans.,#FFA500,0.1283,0.1302,0.7326,0.2767,0.5168,0.5398,0.5697
2001-07-09,2001-07-15,2001,28,0.3713,0.3851,0.3559,-0.005987,Moderate,0.48,0.48,WATCH: Risk falling. Maintain weekly monitoring. Review contingency plans.,#FFA500,0.0986,0.1302,0.6995,0.2767,0.5187,0.4991,0.5137
2001-07-16,2001-07-22,2001,29,0.3645,0.3706,0.3537,0.00213,Moderate,0.48,0.48,WATCH: Risk stable. Maintain weekly monitoring. Review contingency plans.,#FFA500,0.1435,0.1302,0.6635,0.2767,0.5206,0.4756,0.799
2001-07-23,2001-07-29,2001,30,0.3596,0.3663,0.3446,-0.003259,Moderate,0.28,0.48,WATCH: Risk stable. Maintain weekly monitoring. Review contingency plans.,#FFA500,0.1167,0.1085,0.6251,0.2767,0.5225,0.4618,0.7363
2001-07-30,2001-08-05,2001,31,0.3264,0.3351,0.3233,-0.001455,Low,0.0,0.0,ROUTINE: Risk stable. Standard monitoring sufficient. Good period for baseline surveys.,#FFD700,0.079,0.0394,0.5849,0.2356,0.5244,0.4817,0.5181
2001-08-06,2001-08-12,2001,32,0.3256,0.3326,0.3176,0.001551,Low,0.0,0.0,ROUTINE: Risk stable. Standard monitoring sufficient. Good period for baseline surveys.,#FFD700,0.1528,0.009,0.5435,0.2192,0.5264,0.5075,0.5439
2001-08-13,2001-08-19,2001,33,0.3314,0.3368,0.3267,0.000644,Low,0.0,0.0,ROUTINE: Risk stable. Standard monitoring sufficient. Good period for baseline surveys.,#FFD700,0.1597,0.0201,0.5015,0.2192,0.5283,0.4978,0.7383
2001-08-20,2001-08-26,2001,34,0.3382,0.3495,0.3269,0.003722,Low,0.0,0.0,ROUTINE: Risk stable. Standard monitoring sufficient. Good period for baseline surveys.,#FFD700,0.1502,0.0703,0.4594,0.2192,0.5302,0.4991,0.7925
2001-08-27,2001-09-02,2001,35,0.3417,0.3461,0.3255,-0.001665,Low,0.0,0.0,ROUTINE: Risk stable. Standard monitoring sufficient. Good period for baseline surveys.,#FFD700,0.049,0.1,0.418,0.2227,0.5321,0.5217,0.5126
2001-09-03,2001-09-09,2001,36,0.3119,0.314,0.3102,-0.000523,Low,0.0,0.0,ROUTINE: Risk stable. Standard monitoring sufficient. Good period for baseline surveys.,#FFD700,0.0598,0.1,0.3777,0.2316,0.534,0.4741,0.7134
2001-09-10,2001-09-16,2001,37,0.3231,0.3263,0.3155,0.00125,Low,0.0,0.0,ROUTINE: Risk stable. Standard monitoring sufficient. Good period for baseline surveys.,#FFD700,0.1644,0.1,0.3392,0.2316,0.5359,0.4757,0.7797
2001-09-17,2001-09-23,2001,38,0.3244,0.3289,0.3165,-0.001559,Low,0.0,0.0,ROUTINE: Risk stable. Standard monitoring sufficient. Good period for baseline surveys.,#FFD700,0.1766,0.1,0.303,0.2316,0.5379,0.4775,0.6803
2001-09-24,2001-09-30,2001,39,0.3121,0.3261,0.3052,0.002264,Low,0.0,0.0,ROUTINE: Risk stable. Standard monitoring sufficient. Good period for baseline surveys.,#FFD700,0.1452,0.1,0.2697,0.2316,0.5398,0.5013,0.5878
2001-10-01,2001-10-07,2001,40,0.2982,0.3139,0.2884,-0.004269,Low,0.0,0.0,ROUTINE: Risk stable. Standard monitoring sufficient. Good period for baseline surveys.,#FFD700,0.0942,0.1,0.2397,0.1449,0.5417,0.4959,0.645
2001-10-08,2001-10-14,2001,41,0.2929,0.2979,0.2861,0.001877,Low,0.0,0.0,ROUTINE: Risk stable. Standard monitoring sufficient. Good period for baseline surveys.,#FFD700,0.1045,0.1,0.2135,0.1449,0.5436,0.5124,0.7076
2001-10-15,2001-10-21,2001,42,0.3081,0.3165,0.2932,0.004182,Low,0.0,0.0,ROUTINE: Risk stable. Standard monitoring sufficient. Good period for baseline surveys.,#FFD700,0.1731,0.1,0.1915,0.1449,0.5455,0.5178,0.7883
2001-10-22,2001-10-28,2001,43,0.3161,0.3251,0.2988,-0.00302,Low,0.0,0.0,ROUTINE: Risk stable. Standard monitoring sufficient. Good period for baseline surveys.,#FFD700,0.1723,0.1,0.1739,0.1449,0.5474,0.5046,0.7665
2001-10-29,2001-11-04,2001,44,0.2837,0.2899,0.2758,0.000512,Low,0.0,0.0,ROUTINE: Risk stable. Standard monitoring sufficient. Good period for baseline surveys.,#FFD700,0.0543,0.1,0.161,0.1739,0.5493,0.5121,0.7379
2001-11-05,2001-11-11,2001,45,0.2827,0.2874,0.2787,-0.000745,Low,0.0,0.0,ROUTINE: Risk stable. Standard monitoring sufficient. Good period for baseline surveys.,#FFD700,0.0304,0.1,0.1531,0.1957,0.5513,0.495,0.7697
2001-11-12,2001-11-18,2001,46,0.3015,0.3133,0.2889,0.004533,Low,0.0,0.0,ROUTINE: Risk stable. Standard monitoring sufficient. Good period for baseline surveys.,#FFD700,0.1211,0.1,0.1502,0.1957,0.5532,0.4992,0.8574
2001-11-19,2001-11-25,2001,47,0.3068,0.3146,0.2983,-0.00138,Low,0.0,0.0,ROUTINE: Risk stable. Standard monitoring sufficient. Good period for baseline surveys.,#FFD700,0.0606,0.1,0.1524,0.1957,0.5551,0.5315,0.7573
2001-11-26,2001-12-02,2001,48,0.3101,0.3208,0.2987,0.003734,Low,0.0,0.0,ROUTINE: Risk stable. Standard monitoring sufficient. Good period for baseline surveys.,#FFD700,0.1014,0.1,0.1596,0.2144,0.557,0.521,0.862
2001-12-03,2001-12-09,2001,49,0.3316,0.3451,0.3243,0.003351,Low,0.0,0.0,ROUTINE: Risk stable. Standard monitoring sufficient. Good period for baseline surveys.,#FFD700,0.2078,0.1,0.1718,0.2612,0.5589,0.4828,0.8742
2001-12-10,2001-12-16,2001,50,0.3463,0.3531,0.3367,-0.002408,Moderate,0.0,0.0,WATCH: Risk stable. Maintain weekly monitoring. Review contingency plans.,#FFA500,0.1868,0.1,0.1887,0.2612,0.5608,0.4701,0.9289
2001-12-17,2001-12-23,2001,51,0.3318,0.3362,0.3259,0.000302,Low,0.0,0.0,ROUTINE: Risk stable. Standard monitoring sufficient. Good period for baseline surveys.,#FFD700,0.1386,0.1,0.2101,0.2612,0.5628,0.4897,0.8801
2001-12-24,2001-12-30,2001,52,0.3271,0.3313,0.3228,0.001195,Low,0.0,0.0,ROUTINE: Risk stable. Standard monitoring sufficient. Good period for baseline surveys.,#FFD700,0.119,0.1,0.2337,0.2612,0.5645,0.482,0.8707
2001-12-31,2002-01-06,2002,1,0.3421,0.3582,0.3214,0.005769,Moderate,0.0,0.0,WATCH: Risk rising. Maintain weekly monitoring. Review contingency plans.,#FFA500,0.2051,0.1,0.2652,0.2629,0.5666,0.5078,0.8298
2002-01-07,2002-01-13,2002,2,0.3651,0.3689,0.3579,-0.00085,Moderate,0.0,0.0,WATCH: Risk stable. Maintain weekly monitoring. Review contingency plans.,#FFA500,0.1864,0.1,0.2981,0.2632,0.5685,0.5054,0.9523
2002-01-14,2002-01-20,2002,3,0.3366,0.3555,0.3248,-0.004945,Moderate,0.0,0.0,WATCH: Risk stable. Maintain weekly monitoring. Review contingency plans.,#FFA500,0.0791,0.1,0.3339,0.2632,0.5704,0.4714,0.8608
2002-01-21,2002-01-27,2002,4,0.3238,0.3271,0.3196,-0.000347,Low,0.0,0.0,ROUTINE: Risk stable. Standard monitoring sufficient. Good period for baseline surveys.,#FFD700,0.0551,0.1,0.3721,0.2632,0.5723,0.4861,0.8175
2002-01-28,2002-02-03,2002,5,0.3349,0.3537,0.3141,0.007789,Moderate,0.0,0.0,WATCH: Risk rising. Maintain weekly monitoring. Review contingency plans.,#FFA500,0.1354,0.1,0.4121,0.283,0.5743,0.503,0.8015
2002-02-04,2002-02-10,2002,6,0.353,0.3558,0.3505,-8.4e-05,Moderate,0.0,0.0,WATCH: Risk stable. Maintain weekly monitoring. Review contingency plans.,#FFA500,0.0856,0.1,0.4535,0.3094,0.5762,0.5047,0.9018
2002-02-11,2002-02-17,2002,7,0.3815,0.3951,0.3649,0.005532,Moderate,0.0,0.0,WATCH: Risk rising. Maintain weekly monitoring. Review contingency plans.,#FFA500,0.1734,0.1,0.4955,0.3094,0.5781,0.5381,0.9382
2002-02-18,2002-02-24,2002,8,0.3755,0.3879,0.3708,-0.001648,Moderate,0.0,0.0,WATCH: Risk stable. Maintain weekly monitoring. Review contingency plans.,#FFA500,0.1011,0.1,0.5376,0.3094,0.58,0.473,0.955
2002-02-25,2002-03-03,2002,9,0.3902,0.3967,0.3806,0.001711,Moderate,0.0,0.0,WATCH: Risk stable. Maintain weekly monitoring. Review contingency plans.,#FFA500,0.1508,0.1,0.5791,0.3278,0.5819,0.5129,0.9391
2002-03-04,2002-03-10,2002,10,0.3951,0.4052,0.3894,-0.002614,Moderate,0.0,0.0,WATCH: Risk stable. Maintain weekly monitoring. Review contingency plans.,#FFA500,0.0667,0.1,0.6195,0.3522,0.5838,0.5402,0.9527
2002-03-11,2002-03-17,2002,11,0.3853,0.389,0.3806,4.7e-05,Moderate,0.0,0.0,WATCH: Risk stable. Maintain weekly monitoring. Review contingency plans.,#FFA500,0.0926,0.1,0.6581,0.3522,0.5858,0.4846,0.9597
2002-03-18,2002-03-24,2002,12,0.3986,0.4083,0.3932,0.002547,Moderate,0.0,0.0,WATCH: Risk stable. Maintain weekly monitoring. Review contingency plans.,#FFA500,0.1716,0.1,0.6945,0.3522,0.5877,0.4937,0.8856
2002-03-25,2002-03-31,2002,13,0.4326,0.4794,0.407,0.012034,Moderate,0.0,0.0,WATCH: Risk rising. Maintain weekly monitoring. Review contingency plans.,#FFA500,0.334,0.1,0.728,0.3522,0.5896,0.5005,0.8834
2002-04-01,2002-04-07,2002,14,0.4437,0.4728,0.4281,-0.00663,Moderate,0.0,0.0,WATCH: Risk falling. Maintain weekly monitoring. Review contingency plans.,#FFA500,0.2291,0.1,0.7583,0.2644,0.5915,0.4877,0.9617
2002-04-08,2002-04-14,2002,15,0.4173,0.42,0.412,0.000871,Moderate,0.0,0.0,WATCH: Risk stable. Maintain weekly monitoring. Review contingency plans.,#FFA500,0.2075,0.1,0.7847,0.2644,0.5934,0.4965,0.9231
2002-04-15,2002-04-21,2002,16,0.4275,0.4341,0.4214,0.002018,Moderate,0.0,0.0,WATCH: Risk stable. Maintain weekly monitoring. Review contingency plans.,#FFA500,0.2741,0.1,0.8071,0.2644,0.5953,0.4945,0.941
2002-04-22,2002-04-28,2002,17,0.4584,0.4754,0.4451,-0.000555,Moderate,0.12,0.17,WATCH: Risk stable. Maintain weekly monitoring. Review contingency plans.,#FFA500,0.3943,0.1153,0.825,0.2644,0.5973,0.4846,0.8545
2002-04-29,2002-05-05,2002,18,0.477,0.5008,0.4488,0.007545,Moderate,0.32,0.47,WATCH: Risk rising. Maintain weekly monitoring. Review contingency plans.,#FFA500,0.4373,0.1558,0.8382,0.2994,0.5992,0.476,0.913
2002-05-06,2002-05-12,2002,19,0.4936,0.5054,0.4906,-0.002074,Moderate,0.62,0.62,WATCH: Risk stable. Maintain weekly monitoring. Review contingency plans.,#FFA500,0.3799,0.2244,0.8465,0.3135,0.6011,0.4934,0.5486
2002-05-13,2002-05-19,2002,20,0.4393,0.4906,0.4214,-0.009038,Moderate,0.62,0.62,WATCH: Risk falling. Maintain weekly monitoring. Review contingency plans.,#FFA500,0.1326,0.2477,0.8497,0.3135,0.603,0.5136,0.7157
2002-05-20,2002-05-26,2002,21,0.407,0.4147,0.4047,-0.000945,Moderate,0.62,0.62,WATCH: Risk stable. Maintain weekly monitoring. Review contingency plans.,#FFA500,0.0476,0.2209,0.8479,0.3135,0.6049,0.5322,0.8036
2002-05-27,2002-06-02,2002,22,0.4046,0.4147,0.3989,-0.002361,Moderate,0.62,0.62,WATCH: Risk stable. Maintain weekly monitoring. Review contingency plans.,#FFA500,0.1256,0.1725,0.8411,0.3369,0.6068,0.4619,0.8115
2002-06-03,2002-06-09,2002,23,0.3989,0.4028,0.395,-0.000753,Moderate,0.62,0.62,WATCH: Risk stable. Maintain weekly monitoring. Review contingency plans.,#FFA500,0.1437,0.1404,0.8293,0.3955,0.6088,0.4524,0.7172
2002-06-10,2002-06-16,2002,24,0.3875,0.3907,0.3846,-0.000456,Moderate,0.62,0.62,WATCH: Risk stable. Maintain weekly monitoring. Review contingency plans.,#FFA500,0.0595,0.1385,0.8127,0.3955,0.6107,0.5055,0.7229
2002-06-17,2002-06-23,2002,25,0.3845,0.3883,0.3794,0.001118,Moderate,0.62,0.62,WATCH: Risk stable. Maintain weekly monitoring. Review contingency plans.,#FFA500,0.0858,0.1385,0.7916,0.3955,0.6126,0.5148,0.6922
2002-06-24,2002-06-30,2002,26,0.4029,0.4241,0.3898,0.005369,Moderate,0.62,0.62,WATCH: Risk rising. Maintain weekly monitoring. Review contingency plans.,#FFA500,0.1956,0.1385,0.7662,0.3955,0.6145,0.4908,0.7911
2002-07-01,2002-07-07,2002,27,0.4303,0.4373,0.4241,0.000981,Moderate,0.62,0.62,WATCH: Risk stable. Maintain weekly monitoring. Review contingency plans.,#FFA500,0.2865,0.1385,0.737,0.4002,0.6164,0.4849,0.595
2002-07-08,2002-07-14,2002,28,0.4201,0.4269,0.4125,-0.000663,Moderate,0.62,0.62,WATCH: Risk stable. Maintain weekly monitoring. Review contingency plans.,#FFA500,0.2127,0.1385,0.7044,0.4002,0.6183,0.4682,0.7792
2002-07-15,2002-07-21,2002,29,0.4073,0.4125,0.401,-0.001698,Moderate,0.49,0.62,WATCH: Risk stable. Maintain weekly monitoring. Review contingency plans.,#FFA500,0.1812,0.1232,0.6688,0.4002,0.6203,0.5119,0.6011
2002-07-22,2002-07-28,2002,30,0.3883,0.3999,0.3753,-0.003857,Moderate,0.3,0.44,WATCH: Risk stable. Maintain weekly monitoring. Review contingency plans.,#FFA500,0.1646,0.0827,0.6307,0.4002,0.6222,0.4783,0.7015
2002-07-29,2002-08-04,2002,31,0.3679,0.3742,0.364,-0.001706,Moderate,0.0,0.0,WATCH: Risk stable. Maintain weekly monitoring. Review contingency plans.,#FFA500,0.1482,0.0193,0.5908,0.4164,0.6241,0.503,0.6099
2002-08-05,2002-08-11,2002,32,0.3713,0.3826,0.3621,0.001313,Moderate,0.0,0.0,WATCH: Risk stable. Maintain weekly monitoring. Review contingency plans.,#FFA500,0.1728,0.0066,0.5495,0.4286,0.626,0.5247,0.6602
2002-08-12,2002-08-18,2002,33,0.3623,0.3652,0.3582,-0.000889,Moderate,0.0,0.0,WATCH: Risk stable. Maintain weekly monitoring. Review contingency plans.,#FFA500,0.1436,0.0208,0.5075,0.4286,0.6279,0.5241,0.6747
2002-08-19,2002-08-25,2002,34,0.3688,0.3773,0.3585,0.003578,Moderate,0.0,0.0,WATCH: Risk stable. Maintain weekly monitoring. Review contingency plans.,#FFA500,0.1331,0.0661,0.4654,0.4286,0.6298,0.5205,0.7453
2002-08-26,2002-09-01,2002,35,0.3762,0.3856,0.3708,0.001427,Moderate,0.0,0.0,WATCH: Risk stable. Maintain weekly monitoring. Review contingency plans.,#FFA500,0.2018,0.0982,0.4238,0.4537,0.6318,0.4886,0.7215
2002-09-02,2002-09-08,2002,36,0.4022,0.4089,0.392,-0.000797,Moderate,0.0,0.0,WATCH: Risk stable. Maintain weekly monitoring. Review contingency plans.,#FFA500,0.2347,0.1,0.3834,0.6043,0.6337,0.4945,0.7151
2002-09-09,2002-09-15,2002,37,0.3892,0.3928,0.3839,-0.000208,Moderate,0.0,0.0,WATCH: Risk stable. Maintain weekly monitoring. Review contingency plans.,#FFA500,0.1615,0.1,0.3446,0.6043,0.6356,0.5198,0.7453
2002-09-16,2002-09-22,2002,38,0.3768,0.3885,0.3733,-0.001978,Moderate,0.0,0.0,WATCH: Risk stable. Maintain weekly monitoring. Review contingency plans.,#FFA500,0.1353,0.1,0.308,0.6043,0.6375,0.4837,0.7458
2002-09-23,2002-09-29,2002,39,0.3642,0.3751,0.3497,-0.004709,Moderate,0.0,0.0,WATCH: Risk stable. Maintain weekly monitoring. Review contingency plans.,#FFA500,0.0754,0.1,0.2743,0.6043,0.6394,0.5117,0.7188
2002-09-30,2002-10-06,2002,40,0.4071,0.4247,0.3695,0.008145,Moderate,0.0,0.0,WATCH: Risk rising. Maintain weekly monitoring. Review contingency plans.,#FFA500,0.3141,0.1,0.2438,0.6663,0.6413,0.4594,0.8511
2002-10-07,2002-10-13,2002,41,0.3988,0.4093,0.3903,-0.002222,Moderate,0.0,0.0,WATCH: Risk stable. Maintain weekly monitoring. Review contingency plans.,#FFA500,0.1699,0.1,0.217,0.6767,0.6433,0.4909,0.8102
2002-10-14,2002-10-20,2002,42,0.3799,0.3875,0.3695,-0.002801,Moderate,0.0,0.0,WATCH: Risk stable. Maintain weekly monitoring. Review contingency plans.,#FFA500,0.1229,0.1,0.1943,0.6767,0.6452,0.4836,0.8084
2002-10-21,2002-10-27,2002,43,0.3839,0.3978,0.3695,0.004799,Moderate,0.0,0.0,WATCH: Risk stable. Maintain weekly monitoring. Review contingency plans.,#FFA500,0.2037,0.1,0.1761,0.6767,0.6471,0.4738,0.8503
2002-10-28,2002-11-03,2002,44,0.4076,0.4238,0.3977,0.000186,Moderate,0.0,0.0,WATCH: Risk stable. Maintain weekly monitoring. Review contingency plans.,#FFA500,0.2729,0.1,0.1626,0.6448,0.649,0.4562,0.828
2002-11-04,2002-11-10,2002,45,0.3734,0.3918,0.3546,-0.006417,Moderate,0.0,0.0,WATCH: Risk falling. Maintain weekly monitoring. Review contingency plans.,#FFA500,0.1335,0.1,0.1539,0.6023,0.6509,0.4747,0.7648
2002-11-11,2002-11-17,2002,46,0.3619,0.3689,0.3529,0.002483,Moderate,0.0,0.0,WATCH: Risk stable. Maintain weekly monitoring. Review contingency plans.,#FFA500,0.1633,0.1,0.1503,0.6023,0.6528,0.4885,0.7817
2002-11-18,2002-11-24,2002,47,0.3572,0.3686,0.3534,0.00122,Moderate,0.0,0.0,WATCH: Risk stable. Maintain weekly monitoring. Review contingency plans.,#FFA500,0.1658,0.1,0.1518,0.6023,0.6548,0.4911,0.7048
2002-11-25,2002-12-01,2002,48,0.3951,0.4105,0.3834,0.003981,Moderate,0.0,0.0,WATCH: Risk stable. Maintain weekly monitoring. Review contingency plans.,#FFA500,0.2379,0.1,0.1583,0.587,0.6567,0.4864,0.9543
2002-12-02,2002-12-08,2002,49,0.4065,0.4174,0.4001,-0.003136,Moderate,0.0,0.0,WATCH: Risk stable. Maintain weekly monitoring. Review contingency plans.,#FFA500,0.3012,0.1,0.1697,0.4949,0.6586,0.4449,0.8419
2002-12-09,2002-12-15,2002,50,0.3928,0.3975,0.3808,-0.002087,Moderate,0.0,0.0,WATCH: Risk stable. Maintain weekly monitoring. Review contingency plans.,#FFA500,0.2251,0.1,0.186,0.4949,0.6605,0.4426,0.908
2002-12-16,2002-12-22,2002,51,0.3692,0.3775,0.3613,-0.002973,Moderate,0.0,0.0,WATCH: Risk stable. Maintain weekly monitoring. Review contingency plans.,#FFA500,0.1382,0.1,0.2068,0.4949,0.6624,0.4848,0.8545
2002-12-23,2002-12-29,2002,52,0.3575,0.361,0.3531,-0.000581,Moderate,0.0,0.0,WATCH: Risk stable. Maintain weekly monitoring. Review contingency plans.,#FFA500,0.1206,0.1,0.2318,0.4949,0.6643,0.4785,0.8187
2002-12-30,2003-01-05,2003,1,0.3563,0.3681,0.3485,0.003245,Moderate,0.0,0.0,WATCH: Risk stable. Maintain weekly monitoring. Review contingency plans.,#FFA500,0.1472,0.1,0.2629,0.4411,0.6664,0.5187,0.805
2003-01-06,2003-01-12,2003,2,0.3867,0.4067,0.3703,0.006155,Moderate,0.0,0.0,WATCH: Risk rising. Maintain weekly monitoring. Review contingency plans.,#FFA500,0.2297,0.1,0.2932,0.4303,0.6682,0.4857,0.9582
2003-01-13,2003-01-19,2003,3,0.4005,0.4083,0.3933,-0.001555,Moderate,0.0,0.0,WATCH: Risk stable. Maintain weekly monitoring. Review contingency plans.,#FFA500,0.2392,0.1,0.3286,0.4303,0.6701,0.4863,0.8695
2003-01-20,2003-01-26,2003,4,0.4046,0.4105,0.3935,-0.001627,Moderate,0.0,0.0,WATCH: Risk stable. Maintain weekly monitoring. Review contingency plans.,#FFA500,0.2193,0.1,0.3665,0.4303,0.672,0.5028,0.8894
2003-01-27,2003-02-02,2003,5,0.3841,0.3961,0.3758,0.002578,Moderate,0.0,0.0,WATCH: Risk stable. Maintain weekly monitoring. Review contingency plans.,#FFA500,0.1719,0.1,0.4063,0.4371,0.6739,0.5049,0.8026
2003-02-03,2003-02-09,2003,6,0.4348,0.4517,0.3975,0.00641,Moderate,0.0,0.0,WATCH: Risk rising. Maintain weekly monitoring. Review contingency plans.,#FFA500,0.2523,0.1,0.4475,0.4539,0.6758,0.5968,0.888
2003-02-10,2003-02-16,2003,7,0.4268,0.4373,0.4154,-0.000574,Moderate,0.0,0.0,WATCH: Risk stable. Maintain weekly monitoring. Review contingency plans.,#FFA500,0.2227,0.1,0.4895,0.4539,0.6778,0.5116,0.911
2003-02-17,2003-02-23,2003,8,0.4549,0.4628,0.4432,0.003012,Moderate,0.0,0.0,WATCH: Risk stable. Maintain weekly monitoring. Review contingency plans.,#FFA500,0.308,0.1,0.5316,0.4539,0.6797,0.5284,0.9611
2003-02-24,2003-03-02,2003,9,0.4475,0.463,0.4244,-0.006402,Moderate,0.0,0.0,WATCH: Risk falling. Maintain weekly monitoring. Review contingency plans.,#FFA500,0.2209,0.1,0.5732,0.436,0.6816,0.485,0.943
2003-03-03,2003-03-09,2003,10,0.4239,0.4295,0.4194,0.001298,Moderate,0.0,0.0,WATCH: Risk stable. Maintain weekly monitoring. Review contingency plans.,#FFA500,0.2083,0.1,0.6138,0.3913,0.6835,0.4914,0.9297
2003-03-10,2003-03-16,2003,11,0.4094,0.417,0.4042,-0.001727,Moderate,0.0,0.0,WATCH: Risk stable. Maintain weekly monitoring. Review contingency plans.,#FFA500,0.1462,0.1,0.6527,0.3913,0.6854,0.489,0.8882
2003-03-17,2003-03-23,2003,12,0.4319,0.4433,0.4146,0.002864,Moderate,0.0,0.0,WATCH: Risk stable. Maintain weekly monitoring. Review contingency plans.,#FFA500,0.2439,0.1,0.6895,0.3913,0.6873,0.5071,0.9402
2003-03-24,2003-03-30,2003,13,0.4222,0.4356,0.4101,-0.004848,Moderate,0.0,0.0,WATCH: Risk stable. Maintain weekly monitoring. Review contingency plans.,#FFA500,0.1829,0.1,0.7234,0.3913,0.6893,0.4695,0.8488
2003-03-31,2003-04-06,2003,14,0.4075,0.4204,0.3965,0.002099,Moderate,0.0,0.0,WATCH: Risk stable. Maintain weekly monitoring. Review contingency plans.,#FFA500,0.1426,0.1,0.7542,0.3099,0.6912,0.4968,0.9364
2003-04-07,2003-04-13,2003,15,0.4439,0.4608,0.4237,0.005469,Moderate,0.0,0.0,WATCH: Risk rising. Maintain weekly monitoring. Review contingency plans.,#FFA500,0.3233,0.1,0.7812,0.2963,0.6931,0.4991,0.9669
2003-04-14,2003-04-20,2003,16,0.5154,0.5465,0.4769,0.011648,Moderate,0.61,1.1,WATCH: Risk rising. Maintain weekly monitoring. Review contingency plans.,#FFA500,0.4868,0.1747,0.8042,0.2963,0.695,0.4975,0.9639
2003-04-21,2003-04-27,2003,17,0.5971,0.6419,0.5592,0.014401,High,1.86,2.5,ELEVATED ALERT: Risk rising. Increase monitoring to twice-weekly. Notify stakeholders. Prepare response plans.,#FF4500,0.6111,0.4113,0.8227,0.2963,0.6969,0.5171,0.9634
2003-04-28,2003-05-04,2003,18,0.6689,0.6819,0.654,-0.001104,High,3.41,3.97,ELEVATED ALERT: Risk stable. Increase monitoring to twice-weekly. Notify stakeholders. Prepare response plans.,#FF4500,0.6354,0.7015,0.8366,0.2621,0.6988,0.511,0.8895
2003-05-05,2003-05-11,2003,19,0.6101,0.6515,0.567,-0.013679,High,4.61,4.95,ELEVATED ALERT: Risk falling. Increase monitoring to twice-weekly. Notify stakeholders. Prepare response plans.,#FF4500,0.4951,0.7882,0.8456,0.2365,0.2722,0.4738,0.6997
2003-05-12,2003-05-18,2003,20,0.5447,0.567,0.5379,-0.00354,High,4.95,4.95,ELEVATED ALERT: Risk stable. Increase monitoring to twice-weekly. Notify stakeholders. Prepare response plans.,#FF4500,0.244,0.8093,0.8496,0.2365,0.2027,0.522,0.6487
2003-05-19,2003-05-25,2003,21,0.5222,0.5319,0.513,-0.003484,Moderate,4.95,4.95,WATCH: Risk stable. Maintain weekly monitoring. Review contingency plans.,#FFA500,0.0267,0.8046,0.8485,0.2365,0.2047,0.661,0.7555
2003-05-26,2003-06-01,2003,22,0.4767,0.5061,0.4576,-0.008695,Moderate,4.95,4.95,WATCH: Risk falling. Maintain weekly monitoring. Review contingency plans.,#FFA500,0.0284,0.6186,0.8424,0.2521,0.2066,0.5909,0.6799
2003-06-02,2003-06-08,2003,23,0.4453,0.4516,0.4417,-0.00127,Moderate,4.95,4.95,WATCH: Risk stable. Maintain weekly monitoring. Review contingency plans.,#FFA500,0.1118,0.4476,0.8312,0.3457,0.2085,0.5224,0.8421
2003-06-09,2003-06-15,2003,24,0.4547,0.4728,0.444,0.00504,Moderate,4.95,4.95,WATCH: Risk rising. Maintain weekly monitoring. Review contingency plans.,#FFA500,0.279,0.4093,0.8153,0.3457,0.2104,0.4858,0.8833
2003-06-16,2003-06-22,2003,25,0.4511,0.4729,0.4274,-0.007671,Moderate,4.95,4.95,WATCH: Risk falling. Maintain weekly monitoring. Review contingency plans.,#FFA500,0.232,0.4093,0.7949,0.3457,0.2123,0.4828,0.6317
2003-06-23,2003-06-29,2003,26,0.4039,0.422,0.3883,-0.005741,Moderate,4.95,4.95,WATCH: Risk falling. Maintain weekly monitoring. Review contingency plans.,#FFA500,0.102,0.4093,0.7701,0.3457,0.2142,0.4974,0.6425
2003-06-30,2003-07-06,2003,27,0.3961,0.4132,0.386,0.005172,Moderate,4.95,4.95,WATCH: Risk rising. Maintain weekly monitoring. Review contingency plans.,#FFA500,0.1305,0.4093,0.7414,0.3814,0.2162,0.5077,0.555
2003-07-07,2003-07-13,2003,28,0.4008,0.4083,0.3926,-0.001873,Moderate,4.33,4.8,WATCH: Risk stable. Maintain weekly monitoring. Review contingency plans.,#FFA500,0.1218,0.3355,0.7092,0.3873,0.2181,0.5314,0.6139
2003-07-14,2003-07-20,2003,29,0.3762,0.3977,0.3606,-0.00626,Moderate,3.09,3.67,WATCH: Risk falling. Maintain weekly monitoring. Review contingency plans.,#FFA500,0.0915,0.1962,0.674,0.3873,0.22,0.4977,0.6411
2003-07-21,2003-07-27,2003,30,0.3424,0.3479,0.3367,-0.000789,Low,1.54,2.21,ROUTINE: Risk stable. Standard monitoring sufficient. Good period for baseline surveys.,#FFD700,0.0671,0.0964,0.6363,0.3873,0.2219,0.5519,0.5774
2003-07-28,2003-08-03,2003,31,0.3262,0.3381,0.3207,-0.001948,Low,0.34,0.81,ROUTINE: Risk stable. Standard monitoring sufficient. Good period for baseline surveys.,#FFD700,0.1239,0.021,0.5966,0.3946,0.2238,0.5,0.668
2003-08-04,2003-08-10,2003,32,0.3385,0.3421,0.33,0.001913,Low,0.0,0.0,ROUTINE: Risk stable. Standard monitoring sufficient. Good period for baseline surveys.,#FFD700,0.1625,0.0,0.5555,0.4042,0.2257,0.5035,0.7203
2003-08-11,2003-08-17,2003,33,0.3334,0.344,0.3142,-0.005367,Low,0.0,0.0,ROUTINE: Risk falling. Standard monitoring sufficient. Good period for baseline surveys.,#FFD700,0.1148,0.0,0.5135,0.4042,0.2277,0.5139,0.5814
2003-08-18,2003-08-24,2003,34,0.3267,0.3466,0.3127,0.006308,Low,0.0,0.0,ROUTINE: Risk rising. Standard monitoring sufficient. Good period for baseline surveys.,#FFD700,0.1586,0.0019,0.4714,0.4042,0.2296,0.5457,0.6448
2003-08-25,2003-08-31,2003,35,0.3376,0.3434,0.3304,-0.001449,Low,0.0,0.0,ROUTINE: Risk stable. Standard monitoring sufficient. Good period for baseline surveys.,#FFD700,0.1644,0.0629,0.4297,0.4042,0.2315,0.5245,0.6929
2003-09-01,2003-09-07,2003,36,0.346,0.3518,0.3423,0.000798,Moderate,0.0,0.0,WATCH: Risk stable. Maintain weekly monitoring. Review contingency plans.,#FFA500,0.1893,0.1,0.389,0.3627,0.2334,0.5686,0.7253
2003-09-08,2003-09-14,2003,37,0.3433,0.3611,0.3272,0.003944,Moderate,0.0,0.0,WATCH: Risk stable. Maintain weekly monitoring. Review contingency plans.,#FFA500,0.1124,0.1,0.35,0.3627,0.2353,0.6128,0.6946
2003-09-15,2003-09-21,2003,38,0.3339,0.3491,0.3205,-0.00456,Low,0.0,0.0,ROUTINE: Risk stable. Standard monitoring sufficient. Good period for baseline surveys.,#FFD700,0.1287,0.1,0.3131,0.3627,0.2372,0.5222,0.7426
2003-09-22,2003-09-28,2003,39,0.3223,0.3354,0.3135,0.002916,Low,0.0,0.0,ROUTINE: Risk stable. Standard monitoring sufficient. Good period for baseline surveys.,#FFD700,0.1954,0.1,0.2789,0.3627,0.2392,0.496,0.779
2003-09-29,2003-10-05,2003,40,0.3225,0.34,0.3083,-0.004806,Low,0.0,0.0,ROUTINE: Risk stable. Standard monitoring sufficient. Good period for baseline surveys.,#FFD700,0.193,0.1,0.2479,0.3276,0.2411,0.5296,0.6752
2003-10-06,2003-10-12,2003,41,0.3237,0.3307,0.3163,0.001102,Low,0.0,0.0,ROUTINE: Risk stable. Standard monitoring sufficient. Good period for baseline surveys.,#FFD700,0.2373,0.1,0.2206,0.3136,0.243,0.5209,0.709
2003-10-13,2003-10-19,2003,42,0.3049,0.3127,0.2986,-0.002462,Low,0.0,0.0,ROUTINE: Risk stable. Standard monitoring sufficient. Good period for baseline surveys.,#FFD700,0.1365,0.1,0.1973,0.3136,0.2449,0.4912,0.6949
2003-10-20,2003-10-26,2003,43,0.3048,0.3156,0.2933,0.004282,Low,0.0,0.0,ROUTINE: Risk stable. Standard monitoring sufficient. Good period for baseline surveys.,#FFD700,0.1879,0.1,0.1784,0.3136,0.2468,0.4853,0.8147
2003-10-27,2003-11-02,2003,44,0.3101,0.3163,0.3002,-0.002061,Low,0.0,0.0,ROUTINE: Risk stable. Standard monitoring sufficient. Good period for baseline surveys.,#FFD700,0.103,0.1,0.1642,0.3239,0.2487,0.5091,0.8587
2003-11-03,2003-11-09,2003,45,0.3068,0.3217,0.295,0.004713,Low,0.0,0.0,ROUTINE: Risk stable. Standard monitoring sufficient. Good period for baseline surveys.,#FFD700,0.132,0.1,0.1549,0.3498,0.2507,0.499,0.9068
2003-11-10,2003-11-16,2003,46,0.3228,0.3318,0.3112,-0.003268,Low,0.0,0.0,ROUTINE: Risk stable. Standard monitoring sufficient. Good period for baseline surveys.,#FFD700,0.1718,0.1,0.1505,0.3498,0.2526,0.5008,0.8563
2003-11-17,2003-11-23,2003,47,0.3096,0.3232,0.2996,0.003635,Low,0.0,0.0,ROUTINE: Risk stable. Standard monitoring sufficient. Good period for baseline surveys.,#FFD700,0.1679,0.1,0.1513,0.3498,0.2545,0.4858,0.8524
2003-11-24,2003-11-30,2003,48,0.3212,0.3283,0.3154,0.001743,Low,0.0,0.0,ROUTINE: Risk stable. Standard monitoring sufficient. Good period for baseline surveys.,#FFD700,0.157,0.1,0.157,0.3498,0.2564,0.4884,0.9129
2003-12-01,2003-12-07,2003,49,0.3322,0.3402,0.3251,0.002647,Low,0.0,0.0,ROUTINE: Risk stable. Standard monitoring sufficient. Good period for baseline surveys.,#FFD700,0.1742,0.1,0.1678,0.4542,0.2583,0.5042,0.8944
2003-12-08,2003-12-14,2003,50,0.3228,0.3345,0.3115,-0.003807,Low,0.0,0.0,ROUTINE: Risk stable. Standard monitoring sufficient. Good period for baseline surveys.,#FFD700,0.1341,0.1,0.1834,0.4542,0.2602,0.4896,0.7474
2003-12-15,2003-12-21,2003,51,0.3225,0.3286,0.3193,0.000945,Low,0.0,0.0,ROUTINE: Risk stable. Standard monitoring sufficient. Good period for baseline surveys.,#FFD700,0.1189,0.1,0.2035,0.4542,0.2621,0.5073,0.8344
2003-12-22,2003-12-28,2003,52,0.3441,0.3535,0.3327,0.003511,Moderate,0.0,0.0,WATCH: Risk stable. Maintain weekly monitoring. Review contingency plans.,#FFA500,0.1407,0.1,0.228,0.4542,0.2641,0.5499,0.942
2003-12-29,2004-01-04,2004,1,0.3599,0.3623,0.3553,0.000256,Moderate,0.0,0.0,WATCH: Risk stable. Maintain weekly monitoring. Review contingency plans.,#FFA500,0.1259,0.1,0.2579,0.4276,0.2661,0.6042,0.9451
2004-01-05,2004-01-11,2004,2,0.3634,0.3699,0.3557,0.002223,Moderate,0.0,0.0,WATCH: Risk stable. Maintain weekly monitoring. Review contingency plans.,#FFA500,0.1878,0.1,0.2884,0.4144,0.2679,0.5697,0.916
2004-01-12,2004-01-18,2004,3,0.3615,0.3702,0.3485,-0.003141,Moderate,0.0,0.0,WATCH: Risk stable. Maintain weekly monitoring. Review contingency plans.,#FFA500,0.163,0.1,0.3234,0.4144,0.2698,0.5081,0.9138
2004-01-19,2004-01-25,2004,4,0.342,0.3471,0.3393,-0.000946,Low,0.0,0.0,ROUTINE: Risk stable. Standard monitoring sufficient. Good period for baseline surveys.,#FFD700,0.1178,0.1,0.3609,0.4144,0.2717,0.4706,0.9338
2004-01-26,2004-02-01,2004,5,0.3489,0.355,0.3437,0.000654,Moderate,0.0,0.0,WATCH: Risk stable. Maintain weekly monitoring. Review contingency plans.,#FFA500,0.1296,0.1,0.4005,0.4158,0.2736,0.5197,0.8795
2004-02-02,2004-02-08,2004,6,0.3665,0.3877,0.3455,0.006431,Moderate,0.0,0.0,WATCH: Risk rising. Maintain weekly monitoring. Review contingency plans.,#FFA500,0.2079,0.1,0.4416,0.4244,0.2756,0.53,0.9141
2004-02-09,2004-02-15,2004,7,0.3795,0.3885,0.3732,-9.2e-05,Moderate,0.0,0.0,WATCH: Risk stable. Maintain weekly monitoring. Review contingency plans.,#FFA500,0.1783,0.1,0.4834,0.4244,0.2775,0.5238,0.9096
2004-02-16,2004-02-22,2004,8,0.3786,0.3909,0.3635,-0.001386,Moderate,0.0,0.0,WATCH: Risk stable. Maintain weekly monitoring. Review contingency plans.,#FFA500,0.1177,0.1,0.5256,0.4244,0.2794,0.5864,0.8234
2004-02-23,2004-02-29,2004,9,0.3755,0.3851,0.3626,-0.004118,Moderate,0.0,0.0,WATCH: Risk stable. Maintain weekly monitoring. Review contingency plans.,#FFA500,0.0636,0.1,0.5673,0.4244,0.2813,0.5638,0.9143
2004-03-01,2004-03-07,2004,10,0.3496,0.3555,0.3467,-0.00091,Moderate,0.0,0.0,WATCH: Risk stable. Maintain weekly monitoring. Review contingency plans.,#FFA500,0.0128,0.1,0.6081,0.3986,0.2832,0.506,0.9087
2004-03-08,2004-03-14,2004,11,0.3609,0.3821,0.3499,0.005202,Moderate,0.0,0.0,WATCH: Risk rising. Maintain weekly monitoring. Review contingency plans.,#FFA500,0.0489,0.1,0.6473,0.3986,0.2851,0.5783,0.8142
2004-03-15,2004-03-21,2004,12,0.3967,0.4011,0.3871,0.001566,Moderate,0.0,0.0,WATCH: Risk stable. Maintain weekly monitoring. Review contingency plans.,#FFA500,0.1932,0.1,0.6844,0.3986,0.2871,0.5213,0.9101
2004-03-22,2004-03-28,2004,13,0.4219,0.451,0.3972,0.008491,Moderate,0.0,0.0,WATCH: Risk rising. Maintain weekly monitoring. Review contingency plans.,#FFA500,0.3088,0.1,0.7188,0.3986,0.289,0.497,0.9567
2004-03-29,2004-04-04,2004,14,0.4702,0.4966,0.4385,-0.007699,Moderate,0.0,0.0,WATCH: Risk falling. Maintain weekly monitoring. Review contingency plans.,#FFA500,0.3432,0.1,0.75,0.3654,0.2909,0.5387,0.9229
2004-04-05,2004-04-11,2004,15,0.4567,0.4902,0.4342,0.009444,Moderate,0.13,0.47,WATCH: Risk rising. Maintain weekly monitoring. Review contingency plans.,#FFA500,0.4028,0.1127,0.7776,0.3405,0.2928,0.5263,0.9464
2004-04-12,2004-04-18,2004,16,0.5514,0.5938,0.5067,0.015068,High,1.28,1.95,ELEVATED ALERT: Risk rising. Increase monitoring to twice-weekly. Notify stakeholders. Prepare response plans.,#FF4500,0.6428,0.2791,0.8012,0.3405,0.2947,0.5215,0.9675
2004-04-19,2004-04-25,2004,17,0.6255,0.6357,0.6018,0.004656,High,2.83,3.45,ELEVATED ALERT: Risk stable. Increase monitoring to twice-weekly. Notify stakeholders. Prepare response plans.,#FF4500,0.649,0.6074,0.8204,0.3405,0.2966,0.5262,0.9009
2004-04-26,2004-05-02,2004,18,0.6163,0.6449,0.5711,-0.013162,High,4.1,4.25,ELEVATED ALERT: Risk falling. Increase monitoring to twice-weekly. Notify stakeholders. Prepare response plans.,#FF4500,0.5037,0.7562,0.8349,0.3045,0.2424,0.515,0.766
2004-05-03,2004-05-09,2004,19,0.5073,0.5454,0.4876,-0.009359,Moderate,4.25,4.25,WATCH: Risk falling. Maintain weekly monitoring. Review contingency plans.,#FFA500,0.2085,0.7659,0.8446,0.2145,0.2022,0.4952,0.6679
2004-05-10,2004-05-16,2004,20,0.5032,0.5103,0.4913,-0.000131,Moderate,4.25,4.25,WATCH: Risk stable. Maintain weekly monitoring. Review contingency plans.,#FFA500,0.223,0.7533,0.8493,0.2145,0.2041,0.5645,0.5284
2004-05-17,2004-05-23,2004,21,0.4611,0.4985,0.4137,-0.014482,Moderate,4.25,4.25,WATCH: Risk falling. Maintain weekly monitoring. Review contingency plans.,#FFA500,0.0466,0.544,0.849,0.2145,0.206,0.625,0.6701
2004-05-24,2004-05-30,2004,22,0.3869,0.4001,0.3738,-0.004142,Moderate,4.25,4.25,WATCH: Risk stable. Maintain weekly monitoring. Review contingency plans.,#FFA500,0.0,0.3852,0.8435,0.2145,0.2079,0.5814,0.6471
2004-05-31,2004-06-06,2004,23,0.376,0.3832,0.3665,0.002069,Moderate,4.25,4.25,WATCH: Risk stable. Maintain weekly monitoring. Review contingency plans.,#FFA500,0.0543,0.3659,0.8331,0.2616,0.2099,0.5073,0.7007
2004-06-07,2004-06-13,2004,24,0.376,0.3804,0.3702,0.001865,Moderate,4.25,4.25,WATCH: Risk stable. Maintain weekly monitoring. Review contingency plans.,#FFA500,0.0219,0.3659,0.8179,0.2695,0.2118,0.5414,0.5357
2004-06-14,2004-06-20,2004,25,0.3881,0.4031,0.3742,0.004277,Moderate,4.25,4.25,WATCH: Risk stable. Maintain weekly monitoring. Review contingency plans.,#FFA500,0.0516,0.3659,0.7981,0.2695,0.2137,0.5926,0.6228
2004-06-21,2004-06-27,2004,26,0.4158,0.4241,0.3999,-0.000886,Moderate,4.25,4.25,WATCH: Risk stable. Maintain weekly monitoring. Review contingency plans.,#FFA500,0.1474,0.3659,0.7739,0.2695,0.2156,0.5192,0.7939
2004-06-28,2004-07-04,2004,27,0.4082,0.4318,0.3966,0.005752,Moderate,4.12,4.25,WATCH: Risk rising. Maintain weekly monitoring. Review contingency plans.,#FFA500,0.1754,0.3531,0.7457,0.3036,0.2175,0.5618,0.6613
2004-07-05,2004-07-11,2004,28,0.3865,0.4218,0.3582,-0.010476,Moderate,2.97,3.6,WATCH: Risk falling. Maintain weekly monitoring. Review contingency plans.,#FFA500,0.1352,0.2119,0.714,0.3292,0.2194,0.4919,0.6648
2004-07-12,2004-07-18,2004,29,0.3589,0.3662,0.3504,-0.000432,Moderate,1.42,2.08,WATCH: Risk stable. Maintain weekly monitoring. Review contingency plans.,#FFA500,0.1576,0.089,0.6792,0.3292,0.2214,0.52,0.7884
2004-07-19,2004-07-25,2004,30,0.327,0.345,0.3111,-0.004977,Low,0.15,0.58,ROUTINE: Risk stable. Standard monitoring sufficient. Good period for baseline surveys.,#FFD700,0.0847,0.0096,0.6418,0.3292,0.2233,0.4903,0.5986
2004-07-26,2004-08-01,2004,31,0.3228,0.3277,0.3111,0.001863,Low,0.0,0.0,ROUTINE: Risk stable. Standard monitoring sufficient. Good period for baseline surveys.,#FFD700,0.1721,0.0,0.6023,0.3409,0.2252,0.4975,0.5999
2004-08-02,2004-08-08,2004,32,0.3341,0.3411,0.3222,-0.002044,Low,0.0,0.0,ROUTINE: Risk stable. Standard monitoring sufficient. Good period for baseline surveys.,#FFD700,0.1113,0.0,0.5614,0.4111,0.2271,0.5638,0.6534
2004-08-09,2004-08-15,2004,33,0.3195,0.3226,0.3169,0.000756,Low,0.0,0.0,ROUTINE: Risk stable. Standard monitoring sufficient. Good period for baseline surveys.,#FFD700,0.1493,0.0055,0.5196,0.4111,0.229,0.5052,0.6559
2004-08-16,2004-08-22,2004,34,0.3348,0.3393,0.3226,0.001309,Low,0.0,0.0,ROUTINE: Risk stable. Standard monitoring sufficient. Good period for baseline surveys.,#FFD700,0.1668,0.0806,0.4774,0.4111,0.2309,0.5106,0.6773
2004-08-23,2004-08-29,2004,35,0.3302,0.3342,0.3255,-0.000544,Low,0.0,0.0,ROUTINE: Risk stable. Standard monitoring sufficient. Good period for baseline surveys.,#FFD700,0.1437,0.1,0.4356,0.4111,0.2329,0.5057,0.5832
2004-08-30,2004-09-05,2004,36,0.3254,0.3301,0.3226,-0.000802,Low,0.0,0.0,ROUTINE: Risk stable. Standard monitoring sufficient. Good period for baseline surveys.,#FFD700,0.1761,0.1,0.3948,0.4245,0.2348,0.4779,0.6137
2004-09-06,2004-09-12,2004,37,0.3407,0.362,0.3243,0.006372,Moderate,0.0,0.0,WATCH: Risk rising. Maintain weekly monitoring. Review contingency plans.,#FFA500,0.2531,0.1,0.3554,0.4299,0.2367,0.486,0.7422
2004-09-13,2004-09-19,2004,38,0.3374,0.3559,0.3234,-0.005442,Moderate,0.0,0.0,WATCH: Risk falling. Maintain weekly monitoring. Review contingency plans.,#FFA500,0.185,0.1,0.3182,0.4299,0.2386,0.4777,0.6761
2004-09-20,2004-09-26,2004,39,0.324,0.3332,0.3194,0.001881,Low,0.0,0.0,ROUTINE: Risk stable. Standard monitoring sufficient. Good period for baseline surveys.,#FFD700,0.1406,0.1,0.2836,0.4299,0.2405,0.4933,0.8287
2004-09-27,2004-10-03,2004,40,0.3187,0.3356,0.3049,-0.004831,Low,0.0,0.0,ROUTINE: Risk stable. Standard monitoring sufficient. Good period for baseline surveys.,#FFD700,0.0878,0.1,0.2521,0.4406,0.2424,0.5145,0.6832
2004-10-04,2004-10-10,2004,41,0.3065,0.315,0.2921,-0.00326,Low,0.0,0.0,ROUTINE: Risk stable. Standard monitoring sufficient. Good period for baseline surveys.,#FFD700,0.0591,0.1,0.2243,0.455,0.2444,0.484,0.7994
2004-10-11,2004-10-17,2004,42,0.2944,0.3175,0.2858,0.004453,Low,0.0,0.0,ROUTINE: Risk stable. Standard monitoring sufficient. Good period for baseline surveys.,#FFD700,0.0588,0.1,0.2004,0.455,0.2463,0.5205,0.825
2004-10-18,2004-10-24,2004,43,0.3444,0.3495,0.3323,0.001884,Low,0.0,0.0,ROUTINE: Risk stable. Standard monitoring sufficient. Good period for baseline surveys.,#FFD700,0.2169,0.1,0.1809,0.455,0.2482,0.4935,0.9165
2004-10-25,2004-10-31,2004,44,0.3466,0.3522,0.3421,-0.000221,Moderate,0.0,0.0,WATCH: Risk stable. Maintain weekly monitoring. Review contingency plans.,#FFA500,0.2079,0.1,0.166,0.455,0.2501,0.5098,0.8803
2004-11-01,2004-11-07,2004,45,0.333,0.3455,0.328,-0.001665,Low,0.0,0.0,ROUTINE: Risk stable. Standard monitoring sufficient. Good period for baseline surveys.,#FFD700,0.1633,0.1,0.1559,0.4084,0.252,0.5177,0.8188
2004-11-08,2004-11-14,2004,46,0.3488,0.367,0.3379,0.004363,Moderate,0.0,0.0,WATCH: Risk stable. Maintain weekly monitoring. Review contingency plans.,#FFA500,0.2356,0.1,0.1508,0.4084,0.2539,0.5393,0.8911
2004-11-15,2004-11-21,2004,47,0.3576,0.3758,0.3481,-0.004249,Moderate,0.0,0.0,WATCH: Risk stable. Maintain weekly monitoring. Review contingency plans.,#FFA500,0.2104,0.1,0.1508,0.4084,0.2559,0.5184,0.9315
2004-11-22,2004-11-28,2004,48,0.3523,0.3668,0.3304,-0.004067,Moderate,0.0,0.0,WATCH: Risk stable. Maintain weekly monitoring. Review contingency plans.,#FFA500,0.1871,0.1,0.1559,0.4084,0.2578,0.5001,0.9109
2004-11-29,2004-12-05,2004,49,0.3326,0.3418,0.3211,0.003421,Low,0.0,0.0,ROUTINE: Risk stable. Standard monitoring sufficient. Good period for baseline surveys.,#FFD700,0.17,0.1,0.166,0.4169,0.2597,0.5073,0.9389
2004-12-06,2004-12-12,2004,50,0.3371,0.3422,0.3308,-0.001984,Low,0.0,0.0,ROUTINE: Risk stable. Standard monitoring sufficient. Good period for baseline surveys.,#FFD700,0.1477,0.1,0.1809,0.4202,0.2616,0.5107,0.9033
2004-12-13,2004-12-19,2004,51,0.3278,0.3351,0.3166,-0.003147,Low,0.0,0.0,ROUTINE: Risk stable. Standard monitoring sufficient. Good period for baseline surveys.,#FFD700,0.0674,0.1,0.2004,0.4202,0.2635,0.5619,0.8668
2004-12-20,2004-12-26,2004,52,0.331,0.3434,0.321,-0.003646,Low,0.0,0.0,ROUTINE: Risk stable. Standard monitoring sufficient. Good period for baseline surveys.,#FFD700,0.0702,0.1,0.2243,0.4202,0.2654,0.5714,0.8661
2004-12-27,2005-01-02,2004,53,0.331,0.3352,0.327,0.000632,Low,0.0,0.0,ROUTINE: Risk stable. Standard monitoring sufficient. Good period for baseline surveys.,#FFD700,0.1051,0.1,0.2514,0.418,0.2674,0.5467,0.8807
2005-01-03,2005-01-09,2005,1,0.3326,0.3371,0.3292,0.000396,Low,0.0,0.0,ROUTINE: Risk stable. Standard monitoring sufficient. Good period for baseline surveys.,#FFD700,0.141,0.1,0.2789,0.4135,0.2693,0.5214,0.8197
2005-01-10,2005-01-16,2005,2,0.3171,0.326,0.3118,-0.000881,Low,0.0,0.0,ROUTINE: Risk stable. Standard monitoring sufficient. Good period for baseline surveys.,#FFD700,0.0932,0.1,0.3131,0.4135,0.2712,0.498,0.7596
2005-01-17,2005-01-23,2005,3,0.3372,0.3482,0.3247,0.004357,Low,0.0,0.0,ROUTINE: Risk stable. Standard monitoring sufficient. Good period for baseline surveys.,#FFD700,0.1589,0.1,0.35,0.4135,0.2731,0.4829,0.9155
2005-01-24,2005-01-30,2005,4,0.3487,0.3542,0.3454,0.001181,Moderate,0.0,0.0,WATCH: Risk stable. Maintain weekly monitoring. Review contingency plans.,#FFA500,0.1128,0.1,0.389,0.4135,0.275,0.5306,0.926
2005-01-31,2005-02-06,2005,5,0.3602,0.3634,0.3564,0.000852,Moderate,0.0,0.0,WATCH: Risk stable. Maintain weekly monitoring. Review contingency plans.,#FFA500,0.1827,0.1,0.4297,0.3074,0.2769,0.5255,0.9492
2005-02-07,2005-02-13,2005,6,0.3762,0.3819,0.3679,0.001444,Moderate,0.0,0.0,WATCH: Risk stable. Maintain weekly monitoring. Review contingency plans.,#FFA500,0.2345,0.1,0.4714,0.2897,0.2789,0.5123,0.961
2005-02-14,2005-02-20,2005,7,0.3803,0.3837,0.3761,0.000551,Moderate,0.0,0.0,WATCH: Risk stable. Maintain weekly monitoring. Review contingency plans.,#FFA500,0.2433,0.1,0.5135,0.2897,0.2808,0.4985,0.9454
2005-02-21,2005-02-27,2005,8,0.388,0.3954,0.3812,0.002433,Moderate,0.0,0.0,WATCH: Risk stable. Maintain weekly monitoring. Review contingency plans.,#FFA500,0.2531,0.1,0.5555,0.2897,0.2827,0.5042,0.9532
2005-02-28,2005-03-06,2005,9,0.3732,0.39,0.3623,-0.004333,Moderate,0.0,0.0,WATCH: Risk stable. Maintain weekly monitoring. Review contingency plans.,#FFA500,0.1438,0.1,0.5966,0.2867,0.2846,0.4842,0.9642
2005-03-07,2005-03-13,2005,10,0.3693,0.3753,0.3608,0.002308,Moderate,0.0,0.0,WATCH: Risk stable. Maintain weekly monitoring. Review contingency plans.,#FFA500,0.1452,0.1,0.6363,0.2862,0.2865,0.5214,0.9607
2005-03-14,2005-03-20,2005,11,0.3661,0.3763,0.3587,-0.001266,Moderate,0.0,0.0,WATCH: Risk stable. Maintain weekly monitoring. Review contingency plans.,#FFA500,0.1344,0.1,0.674,0.2862,0.2884,0.4863,0.9464
2005-03-21,2005-03-27,2005,12,0.4053,0.4203,0.3839,0.005811,Moderate,0.0,0.0,WATCH: Risk rising. Maintain weekly monitoring. Review contingency plans.,#FFA500,0.3289,0.1,0.7092,0.2862,0.2903,0.4843,0.9084
2005-03-28,2005-04-03,2005,13,0.3808,0.4039,0.3637,-0.007149,Moderate,0.0,0.0,WATCH: Risk falling. Maintain weekly monitoring. Review contingency plans.,#FFA500,0.1238,0.1,0.7414,0.351,0.2923,0.5004,0.7749
2005-04-04,2005-04-10,2005,14,0.3704,0.3837,0.3583,0.004035,Moderate,0.0,0.0,WATCH: Risk stable. Maintain weekly monitoring. Review contingency plans.,#FFA500,0.0309,0.1,0.7701,0.4374,0.2942,0.5484,0.8952
2005-04-11,2005-04-17,2005,15,0.4031,0.4119,0.3916,0.002805,Moderate,0.0,0.0,WATCH: Risk stable. Maintain weekly monitoring. Review contingency plans.,#FFA500,0.1804,0.1,0.7949,0.4374,0.2961,0.5194,0.9343
2005-04-18,2005-04-24,2005,16,0.4837,0.5292,0.4269,0.016745,Moderate,0.48,0.99,WATCH: Risk rising. Maintain weekly monitoring. Review contingency plans.,#FFA500,0.4954,0.1556,0.8153,0.4374,0.298,0.506,0.9662
2005-04-25,2005-05-01,2005,17,0.5957,0.6292,0.5481,0.0145,High,1.88,2.56,ELEVATED ALERT: Risk rising. Increase monitoring to twice-weekly. Notify stakeholders. Prepare response plans.,#FF4500,0.6779,0.3995,0.8312,0.4287,0.2999,0.5084,0.9441
2005-05-02,2005-05-08,2005,18,0.5907,0.6125,0.5821,-0.004293,High,3.06,3.54,ELEVATED ALERT: Risk stable. Increase monitoring to twice-weekly. Notify stakeholders. Prepare response plans.,#FF4500,0.4962,0.6775,0.8424,0.3766,0.3018,0.4837,0.6987
2005-05-09,2005-05-15,2005,19,0.5648,0.5843,0.5432,-0.006387,High,3.72,3.72,ELEVATED ALERT: Risk falling. Increase monitoring to twice-weekly. Notify stakeholders. Prepare response plans.,#FF4500,0.3337,0.7322,0.8485,0.3766,0.3038,0.526,0.7507
2005-05-16,2005-05-22,2005,20,0.5105,0.5326,0.4876,-0.008063,Moderate,3.72,3.72,WATCH: Risk falling. Maintain weekly monitoring. Review contingency plans.,#FFA500,0.1534,0.7322,0.8496,0.3766,0.3057,0.5048,0.7078
2005-05-23,2005-05-29,2005,21,0.4762,0.4826,0.4675,-0.001324,Moderate,3.72,3.72,WATCH: Risk stable. Maintain weekly monitoring. Review contingency plans.,#FFA500,0.1479,0.6019,0.8456,0.3766,0.3076,0.4899,0.7628
2005-05-30,2005-06-05,2005,22,0.4557,0.4675,0.4463,-0.003708,Moderate,3.72,3.72,WATCH: Risk stable. Maintain weekly monitoring. Review contingency plans.,#FFA500,0.2158,0.406,0.8366,0.3224,0.3095,0.514,0.5375
2005-06-06,2005-06-12,2005,23,0.4241,0.4385,0.4167,-0.002051,Moderate,3.72,3.72,WATCH: Risk stable. Maintain weekly monitoring. Review contingency plans.,#FFA500,0.1762,0.3344,0.8227,0.3007,0.3114,0.5036,0.6066
2005-06-13,2005-06-19,2005,24,0.4177,0.4209,0.4146,0.001043,Moderate,3.72,3.72,WATCH: Risk stable. Maintain weekly monitoring. Review contingency plans.,#FFA500,0.113,0.3322,0.8042,0.3007,0.3133,0.5284,0.4745
2005-06-20,2005-06-26,2005,25,0.4065,0.4177,0.3936,-2.9e-05,Moderate,3.72,3.72,WATCH: Risk stable. Maintain weekly monitoring. Review contingency plans.,#FFA500,0.0787,0.3322,0.7812,0.3007,0.3153,0.5894,0.6583
2005-06-27,2005-07-03,2005,26,0.4014,0.419,0.3918,-0.004534,Moderate,3.72,3.72,WATCH: Risk stable. Maintain weekly monitoring. Review contingency plans.,#FFA500,0.1401,0.3322,0.7542,0.2606,0.3172,0.5083,0.7248
2005-07-04,2005-07-10,2005,27,0.3863,0.3959,0.3829,0.001253,Moderate,3.72,3.72,WATCH: Risk stable. Maintain weekly monitoring. Review contingency plans.,#FFA500,0.1671,0.3322,0.7234,0.2071,0.3191,0.5141,0.6451
2005-07-11,2005-07-17,2005,28,0.3711,0.3935,0.3565,-0.004571,Moderate,3.23,3.72,WATCH: Risk stable. Maintain weekly monitoring. Review contingency plans.,#FFA500,0.1087,0.2766,0.6895,0.2071,0.321,0.4859,0.7386
2005-07-18,2005-07-24,2005,29,0.3492,0.3654,0.3326,-0.004824,Moderate,1.84,2.52,WATCH: Risk stable. Maintain weekly monitoring. Review contingency plans.,#FFA500,0.1172,0.1199,0.6527,0.2071,0.3229,0.5181,0.6077
2005-07-25,2005-07-31,2005,30,0.3415,0.3497,0.3358,-0.002158,Low,0.65,1.0,ROUTINE: Risk stable. Standard monitoring sufficient. Good period for baseline surveys.,#FFD700,0.1205,0.0408,0.6138,0.2071,0.3248,0.6001,0.6468
2005-08-01,2005-08-07,2005,31,0.3534,0.366,0.3358,0.003485,Moderate,0.0,0.0,WATCH: Risk stable. Maintain weekly monitoring. Review contingency plans.,#FFA500,0.1885,0.0,0.5732,0.2042,0.3268,0.6287,0.6627
2005-08-08,2005-08-14,2005,32,0.3637,0.3752,0.3393,-0.004101,Moderate,0.0,0.0,WATCH: Risk stable. Maintain weekly monitoring. Review contingency plans.,#FFA500,0.1814,0.0,0.5316,0.2042,0.3287,0.5797,0.6218
2005-08-15,2005-08-21,2005,33,0.3499,0.3662,0.3318,-0.004812,Moderate,0.0,0.0,WATCH: Risk stable. Maintain weekly monitoring. Review contingency plans.,#FFA500,0.1844,0.0,0.4895,0.2042,0.3306,0.5702,0.7249
2005-08-22,2005-08-28,2005,34,0.322,0.3331,0.3167,0.001752,Low,0.0,0.0,ROUTINE: Risk stable. Standard monitoring sufficient. Good period for baseline surveys.,#FFD700,0.2209,0.0361,0.4475,0.2042,0.3325,0.466,0.7388
2005-08-29,2005-09-04,2005,35,0.3458,0.358,0.3308,-0.003889,Moderate,0.0,0.0,WATCH: Risk stable. Maintain weekly monitoring. Review contingency plans.,#FFA500,0.2707,0.0979,0.4063,0.1807,0.3344,0.474,0.7712
2005-09-05,2005-09-11,2005,36,0.3075,0.3222,0.3007,-0.003654,Low,0.0,0.0,ROUTINE: Risk stable. Standard monitoring sufficient. Good period for baseline surveys.,#FFD700,0.1458,0.1,0.3665,0.1632,0.3363,0.4853,0.6591
2005-09-12,2005-09-18,2005,37,0.3016,0.3056,0.2957,-0.00149,Low,0.0,0.0,ROUTINE: Risk stable. Standard monitoring sufficient. Good period for baseline surveys.,#FFD700,0.1435,0.1,0.3286,0.1632,0.3383,0.5222,0.5994
2005-09-19,2005-09-25,2005,38,0.318,0.3345,0.2957,0.005894,Low,0.0,0.0,ROUTINE: Risk rising. Standard monitoring sufficient. Good period for baseline surveys.,#FFD700,0.1921,0.1,0.2932,0.1632,0.3402,0.5195,0.782
2005-09-26,2005-10-02,2005,39,0.3242,0.3343,0.3189,0.002019,Low,0.0,0.0,ROUTINE: Risk stable. Standard monitoring sufficient. Good period for baseline surveys.,#FFD700,0.2075,0.1,0.2608,0.1592,0.3421,0.5172,0.7753
2005-10-03,2005-10-09,2005,40,0.3184,0.335,0.3033,-0.005048,Low,0.0,0.0,ROUTINE: Risk falling. Standard monitoring sufficient. Good period for baseline surveys.,#FFD700,0.181,0.1,0.2318,0.1494,0.344,0.5032,0.7924
2005-10-10,2005-10-16,2005,41,0.2875,0.2974,0.2796,-0.002537,Low,0.0,0.0,ROUTINE: Risk stable. Standard monitoring sufficient. Good period for baseline surveys.,#FFD700,0.1145,0.1,0.2068,0.1494,0.3459,0.5057,0.7294
2005-10-17,2005-10-23,2005,42,0.2763,0.2801,0.2738,-0.000573,Low,0.0,0.0,ROUTINE: Risk stable. Standard monitoring sufficient. Good period for baseline surveys.,#FFD700,0.1265,0.1,0.186,0.1494,0.3478,0.4896,0.7125
2005-10-24,2005-10-30,2005,43,0.281,0.2872,0.2764,0.001573,Low,0.0,0.0,ROUTINE: Risk stable. Standard monitoring sufficient. Good period for baseline surveys.,#FFD700,0.139,0.1,0.1697,0.1494,0.3498,0.514,0.7527
2005-10-31,2005-11-06,2005,44,0.2783,0.2847,0.2733,-0.000283,Low,0.0,0.0,ROUTINE: Risk stable. Standard monitoring sufficient. Good period for baseline surveys.,#FFD700,0.1234,0.1,0.1583,0.1475,0.3517,0.4979,0.7664
2005-11-07,2005-11-13,2005,45,0.3031,0.3102,0.2928,0.001731,Low,0.0,0.0,ROUTINE: Risk stable. Standard monitoring sufficient. Good period for baseline surveys.,#FFD700,0.2044,0.1,0.1518,0.1472,0.3536,0.5017,0.87
2005-11-14,2005-11-20,2005,46,0.2874,0.3024,0.2758,-0.004012,Low,0.0,0.0,ROUTINE: Risk stable. Standard monitoring sufficient. Good period for baseline surveys.,#FFD700,0.103,0.1,0.1503,0.1472,0.3555,0.5201,0.7721
2005-11-21,2005-11-27,2005,47,0.2885,0.2983,0.282,-0.00129,Low,0.0,0.0,ROUTINE: Risk stable. Standard monitoring sufficient. Good period for baseline surveys.,#FFD700,0.126,0.1,0.1539,0.1472,0.3574,0.5122,0.7712
2005-11-28,2005-12-04,2005,48,0.2845,0.2959,0.2748,0.002118,Low,0.0,0.0,ROUTINE: Risk stable. Standard monitoring sufficient. Good period for baseline surveys.,#FFD700,0.1671,0.1,0.1626,0.1141,0.3593,0.4771,0.76
2005-12-05,2005-12-11,2005,49,0.273,0.2748,0.2703,0.00022,Low,0.0,0.0,ROUTINE: Risk stable. Standard monitoring sufficient. Good period for baseline surveys.,#FFD700,0.1373,0.1,0.1761,0.0893,0.3613,0.4809,0.7331
2005-12-12,2005-12-18,2005,50,0.2709,0.2763,0.2658,-0.001765,Low,0.0,0.0,ROUTINE: Risk stable. Standard monitoring sufficient. Good period for baseline surveys.,#FFD700,0.1066,0.1,0.1943,0.0893,0.3632,0.4848,0.7431
2005-12-19,2005-12-25,2005,51,0.2826,0.2911,0.2731,0.002979,Low,0.0,0.0,ROUTINE: Risk stable. Standard monitoring sufficient. Good period for baseline surveys.,#FFD700,0.1176,0.1,0.217,0.0893,0.3651,0.5221,0.8617
2005-12-26,2006-01-01,2005,52,0.2848,0.2896,0.2816,0.000905,Low,0.0,0.0,ROUTINE: Risk stable. Standard monitoring sufficient. Good period for baseline surveys.,#FFD700,0.1171,0.1,0.2438,0.0973,0.367,0.4732,0.8369
2006-01-02,2006-01-08,2006,1,0.2927,0.3036,0.2858,0.00301,Low,0.0,0.0,ROUTINE: Risk stable. Standard monitoring sufficient. Good period for baseline surveys.,#FFD700,0.1373,0.1,0.2743,0.137,0.3689,0.5176,0.7937
2006-01-09,2006-01-15,2006,2,0.3087,0.3108,0.3063,-0.000235,Low,0.0,0.0,ROUTINE: Risk stable. Standard monitoring sufficient. Good period for baseline surveys.,#FFD700,0.1543,0.1,0.308,0.137,0.3708,0.4961,0.8476
2006-01-16,2006-01-22,2006,3,0.3079,0.3172,0.3024,0.002333,Low,0.0,0.0,ROUTINE: Risk stable. Standard monitoring sufficient. Good period for baseline surveys.,#FFD700,0.1158,0.1,0.3446,0.137,0.3728,0.4911,0.9206
2006-01-23,2006-01-29,2006,4,0.3247,0.3419,0.3178,0.003711,Low,0.0,0.0,ROUTINE: Risk stable. Standard monitoring sufficient. Good period for baseline surveys.,#FFD700,0.1854,0.1,0.3834,0.137,0.3747,0.4949,0.9091
2006-01-30,2006-02-05,2006,5,0.3469,0.3517,0.3432,-0.000864,Moderate,0.0,0.0,WATCH: Risk stable. Maintain weekly monitoring. Review contingency plans.,#FFA500,0.1999,0.1,0.4238,0.111,0.3766,0.5074,0.9602
2006-02-06,2006-02-12,2006,6,0.3461,0.3513,0.3409,0.000727,Moderate,0.0,0.0,WATCH: Risk stable. Maintain weekly monitoring. Review contingency plans.,#FFA500,0.2101,0.1,0.4654,0.1007,0.3785,0.4991,0.9288
2006-02-13,2006-02-19,2006,7,0.3406,0.3472,0.3362,-0.002043,Low,0.0,0.0,ROUTINE: Risk stable. Standard monitoring sufficient. Good period for baseline surveys.,#FFD700,0.1506,0.1,0.5075,0.1007,0.3804,0.4989,0.9265
2006-02-20,2006-02-26,2006,8,0.3307,0.3376,0.3183,-0.003672,Low,0.0,0.0,ROUTINE: Risk stable. Standard monitoring sufficient. Good period for baseline surveys.,#FFD700,0.1002,0.1,0.5495,0.1007,0.3823,0.4869,0.9009
2006-02-27,2006-03-05,2006,9,0.3335,0.3482,0.3223,0.003701,Low,0.0,0.0,ROUTINE: Risk stable. Standard monitoring sufficient. Good period for baseline surveys.,#FFD700,0.1241,0.1,0.5908,0.1438,0.3843,0.4904,0.9523
2006-03-06,2006-03-12,2006,10,0.3593,0.3671,0.3529,0.001094,Moderate,0.0,0.0,WATCH: Risk stable. Maintain weekly monitoring. Review contingency plans.,#FFA500,0.147,0.1,0.6307,0.161,0.3862,0.4963,0.9579
2006-03-13,2006-03-19,2006,11,0.3583,0.3658,0.3483,-0.002654,Moderate,0.0,0.0,WATCH: Risk stable. Maintain weekly monitoring. Review contingency plans.,#FFA500,0.1427,0.1,0.6688,0.161,0.3881,0.5102,0.809
2006-03-20,2006-03-26,2006,12,0.342,0.3479,0.3325,-0.000444,Low,0.0,0.0,ROUTINE: Risk stable. Standard monitoring sufficient. Good period for baseline surveys.,#FFD700,0.1463,0.1,0.7044,0.161,0.39,0.4883,0.7077
2006-03-27,2006-04-02,2006,13,0.3494,0.3555,0.3453,0.001106,Moderate,0.0,0.0,WATCH: Risk stable. Maintain weekly monitoring. Review contingency plans.,#FFA500,0.0998,0.1,0.737,0.1896,0.3919,0.5159,0.838
2006-04-03,2006-04-09,2006,14,0.3664,0.3838,0.3534,0.005592,Moderate,0.0,0.0,WATCH: Risk rising. Maintain weekly monitoring. Review contingency plans.,#FFA500,0.1209,0.1,0.7662,0.261,0.3938,0.4984,0.9518
2006-04-10,2006-04-16,2006,15,0.3912,0.3975,0.3827,-0.002006,Moderate,0.0,0.0,WATCH: Risk stable. Maintain weekly monitoring. Review contingency plans.,#FFA500,0.2226,0.1,0.7916,0.261,0.3958,0.495,0.8384
2006-04-17,2006-04-23,2006,16,0.3677,0.382,0.3603,-0.002736,Moderate,0.0,0.0,WATCH: Risk stable. Maintain weekly monitoring. Review contingency plans.,#FFA500,0.0894,0.1,0.8127,0.261,0.3977,0.498,0.7361
2006-04-24,2006-04-30,2006,17,0.355,0.3701,0.3424,0.003615,Moderate,0.0,0.0,WATCH: Risk stable. Maintain weekly monitoring. Review contingency plans.,#FFA500,0.0431,0.1,0.8293,0.261,0.3996,0.5465,0.718
2006-05-01,2006-05-07,2006,18,0.4094,0.4514,0.3721,0.013505,Moderate,0.02,0.15,WATCH: Risk rising. Maintain weekly monitoring. Review contingency plans.,#FFA500,0.2764,0.1018,0.8411,0.2456,0.4015,0.5606,0.9183
2006-05-08,2006-05-14,2006,19,0.4599,0.4738,0.4496,-0.003123,Moderate,0.44,0.46,WATCH: Risk stable. Maintain weekly monitoring. Review contingency plans.,#FFA500,0.3804,0.1626,0.8479,0.2456,0.4034,0.4954,0.8879
2006-05-15,2006-05-21,2006,20,0.4396,0.4524,0.4215,-0.005328,Moderate,0.46,0.46,WATCH: Risk falling. Maintain weekly monitoring. Review contingency plans.,#FFA500,0.2401,0.2097,0.8497,0.2456,0.4053,0.5393,0.6063
2006-05-22,2006-05-28,2006,21,0.409,0.4215,0.3907,-0.006093,Moderate,0.46,0.46,WATCH: Risk falling. Maintain weekly monitoring. Review contingency plans.,#FFA500,0.0333,0.2199,0.8465,0.2456,0.4073,0.5797,0.574
2006-05-29,2006-06-04,2006,22,0.3787,0.3889,0.368,0.001074,Moderate,0.46,0.46,WATCH: Risk stable. Maintain weekly monitoring. Review contingency plans.,#FFA500,0.1226,0.1803,0.8382,0.2825,0.4092,0.4939,0.7258
2006-06-05,2006-06-11,2006,23,0.4189,0.4298,0.402,0.001473,Moderate,0.46,0.46,WATCH: Risk stable. Maintain weekly monitoring. Review contingency plans.,#FFA500,0.3223,0.1332,0.825,0.3101,0.4111,0.5102,0.6946
2006-06-12,2006-06-18,2006,24,0.4053,0.4129,0.3909,-0.002951,Moderate,0.46,0.46,WATCH: Risk stable. Maintain weekly monitoring. Review contingency plans.,#FFA500,0.22,0.1286,0.8071,0.3101,0.413,0.4814,0.7543
2006-06-19,2006-06-25,2006,25,0.3854,0.3909,0.3754,-0.002845,Moderate,0.46,0.46,WATCH: Risk stable. Maintain weekly monitoring. Review contingency plans.,#FFA500,0.1497,0.1286,0.7847,0.3101,0.4149,0.5024,0.567
2006-06-26,2006-07-02,2006,26,0.3787,0.4027,0.3647,0.005537,Moderate,0.46,0.46,WATCH: Risk rising. Maintain weekly monitoring. Review contingency plans.,#FFA500,0.1459,0.1286,0.7583,0.3254,0.4168,0.5722,0.6329
2006-07-03,2006-07-09,2006,27,0.4073,0.4155,0.399,0.001299,Moderate,0.46,0.46,WATCH: Risk stable. Maintain weekly monitoring. Review contingency plans.,#FFA500,0.2028,0.1286,0.728,0.3637,0.4188,0.5227,0.7662
2006-07-10,2006-07-16,2006,28,0.4029,0.4045,0.3974,-0.000622,Moderate,0.46,0.46,WATCH: Risk stable. Maintain weekly monitoring. Review contingency plans.,#FFA500,0.1642,0.1286,0.6945,0.3637,0.4207,0.5363,0.5292
2006-07-17,2006-07-23,2006,29,0.4111,0.4257,0.4024,0.00433,Moderate,0.46,0.46,WATCH: Risk stable. Maintain weekly monitoring. Review contingency plans.,#FFA500,0.1838,0.1286,0.6581,0.3637,0.4226,0.5931,0.5995
2006-07-24,2006-07-30,2006,30,0.4049,0.4098,0.396,-0.00056,Moderate,0.44,0.46,WATCH: Risk stable. Maintain weekly monitoring. Review contingency plans.,#FFA500,0.1903,0.1268,0.6195,0.3637,0.4245,0.5513,0.6329
2006-07-31,2006-08-06,2006,31,0.395,0.4069,0.3893,0.002385,Moderate,0.02,0.15,WATCH: Risk stable. Maintain weekly monitoring. Review contingency plans.,#FFA500,0.2509,0.0659,0.5791,0.4437,0.4264,0.5179,0.75
2006-08-07,2006-08-13,2006,32,0.3837,0.4096,0.3622,-0.007651,Moderate,0.0,0.0,WATCH: Risk falling. Maintain weekly monitoring. Review contingency plans.,#FFA500,0.2186,0.0205,0.5376,0.457,0.4283,0.4703,0.6601
2006-08-14,2006-08-20,2006,33,0.3468,0.3538,0.3425,-0.001042,Moderate,0.0,0.0,WATCH: Risk stable. Maintain weekly monitoring. Review contingency plans.,#FFA500,0.0992,0.0118,0.4955,0.457,0.4303,0.5321,0.5772
2006-08-21,2006-08-27,2006,34,0.3699,0.3809,0.3542,0.002531,Moderate,0.0,0.0,WATCH: Risk stable. Maintain weekly monitoring. Review contingency plans.,#FFA500,0.2675,0.0483,0.4535,0.457,0.4322,0.4675,0.7507
2006-08-28,2006-09-03,2006,35,0.3717,0.3768,0.3646,0.001877,Moderate,0.0,0.0,WATCH: Risk stable. Maintain weekly monitoring. Review contingency plans.,#FFA500,0.218,0.0954,0.4121,0.5015,0.4341,0.5002,0.6898
2006-09-04,2006-09-10,2006,36,0.3678,0.3772,0.3558,-0.003983,Moderate,0.0,0.0,WATCH: Risk stable. Maintain weekly monitoring. Review contingency plans.,#FFA500,0.1431,0.1,0.3721,0.5607,0.436,0.5205,0.7299
2006-09-11,2006-09-17,2006,37,0.3486,0.357,0.3405,-0.00168,Moderate,0.0,0.0,WATCH: Risk stable. Maintain weekly monitoring. Review contingency plans.,#FFA500,0.1183,0.1,0.3339,0.5607,0.4379,0.5198,0.6747
2006-09-18,2006-09-24,2006,38,0.3562,0.3613,0.3519,0.001192,Moderate,0.0,0.0,WATCH: Risk stable. Maintain weekly monitoring. Review contingency plans.,#FFA500,0.1624,0.1,0.2981,0.5607,0.4398,0.5129,0.7432
2006-09-25,2006-10-01,2006,39,0.3628,0.3721,0.357,-0.001313,Moderate,0.0,0.0,WATCH: Risk stable. Maintain weekly monitoring. Review contingency plans.,#FFA500,0.1629,0.1,0.2652,0.5731,0.4418,0.5533,0.592
2006-10-02,2006-10-08,2006,40,0.3505,0.3658,0.3362,-0.003973,Moderate,0.0,0.0,WATCH: Risk stable. Maintain weekly monitoring. Review contingency plans.,#FFA500,0.0229,0.1,0.2357,0.6476,0.4437,0.5505,0.6934
2006-10-09,2006-10-15,2006,41,0.3546,0.3627,0.345,0.003325,Moderate,0.0,0.0,WATCH: Risk stable. Maintain weekly monitoring. Review contingency plans.,#FFA500,0.0607,0.1,0.2101,0.6476,0.4456,0.5314,0.8891
2006-10-16,2006-10-22,2006,42,0.3812,0.3954,0.3669,0.004757,Moderate,0.0,0.0,WATCH: Risk stable. Maintain weekly monitoring. Review contingency plans.,#FFA500,0.1973,0.1,0.1887,0.6476,0.4475,0.5113,0.9602
2006-10-23,2006-10-29,2006,43,0.3863,0.3985,0.3785,-0.003205,Moderate,0.0,0.0,WATCH: Risk stable. Maintain weekly monitoring. Review contingency plans.,#FFA500,0.1869,0.1,0.1718,0.6476,0.4494,0.4968,0.908
2006-10-30,2006-11-05,2006,44,0.3948,0.4031,0.3883,0.002407,Moderate,0.0,0.0,WATCH: Risk stable. Maintain weekly monitoring. Review contingency plans.,#FFA500,0.2465,0.1,0.1596,0.6536,0.4513,0.4983,0.8541
2006-11-06,2006-11-12,2006,45,0.4013,0.4069,0.3966,-0.000361,Moderate,0.0,0.0,WATCH: Risk stable. Maintain weekly monitoring. Review contingency plans.,#FFA500,0.2451,0.1,0.1524,0.656,0.4533,0.4932,0.9234
2006-11-13,2006-11-19,2006,46,0.4053,0.409,0.4026,-0.000811,Moderate,0.0,0.0,WATCH: Risk stable. Maintain weekly monitoring. Review contingency plans.,#FFA500,0.2641,0.1,0.1502,0.656,0.4552,0.5067,0.8557
2006-11-20,2006-11-26,2006,47,0.4018,0.4064,0.3983,0.001272,Moderate,0.0,0.0,WATCH: Risk stable. Maintain weekly monitoring. Review contingency plans.,#FFA500,0.2199,0.1,0.1531,0.656,0.4571,0.5231,0.9429
2006-11-27,2006-12-03,2006,48,0.4061,0.4141,0.3961,-0.001224,Moderate,0.0,0.0,WATCH: Risk stable. Maintain weekly monitoring. Review contingency plans.,#FFA500,0.2209,0.1,0.161,0.6137,0.459,0.5397,0.9116
2006-12-04,2006-12-10,2006,49,0.4042,0.4146,0.3961,0.002673,Moderate,0.0,0.0,WATCH: Risk stable. Maintain weekly monitoring. Review contingency plans.,#FFA500,0.2123,0.1,0.1739,0.5573,0.4609,0.6141,0.9054
2006-12-11,2006-12-17,2006,50,0.3922,0.4109,0.3822,-0.004565,Moderate,0.0,0.0,WATCH: Risk stable. Maintain weekly monitoring. Review contingency plans.,#FFA500,0.1814,0.1,0.1915,0.5573,0.4628,0.5138,0.9022
2006-12-18,2006-12-24,2006,51,0.3826,0.3905,0.3756,0.001389,Moderate,0.0,0.0,WATCH: Risk stable. Maintain weekly monitoring. Review contingency plans.,#FFA500,0.1435,0.1,0.2135,0.5573,0.4648,0.59,0.8521
2006-12-25,2006-12-31,2006,52,0.3977,0.4093,0.3909,-0.002944,Moderate,0.0,0.0,WATCH: Risk stable. Maintain weekly monitoring. Review contingency plans.,#FFA500,0.1238,0.1,0.2391,0.5573,0.4666,0.6403,0.8679
2007-01-01,2007-01-07,2007,1,0.3871,0.3919,0.3823,4e-06,Moderate,0.0,0.0,WATCH: Risk stable. Maintain weekly monitoring. Review contingency plans.,#FFA500,0.1127,0.1,0.2697,0.5215,0.4686,0.6586,0.7368
2007-01-08,2007-01-14,2007,2,0.3762,0.3802,0.3712,-0.001762,Moderate,0.0,0.0,WATCH: Risk stable. Maintain weekly monitoring. Review contingency plans.,#FFA500,0.0939,0.1,0.303,0.5215,0.4705,0.5501,0.9206
2007-01-15,2007-01-21,2007,3,0.3669,0.3699,0.3636,-0.000657,Moderate,0.0,0.0,WATCH: Risk stable. Maintain weekly monitoring. Review contingency plans.,#FFA500,0.0821,0.1,0.3392,0.5215,0.4724,0.5124,0.9143
2007-01-22,2007-01-28,2007,4,0.3699,0.3884,0.3567,0.005609,Moderate,0.0,0.0,WATCH: Risk rising. Maintain weekly monitoring. Review contingency plans.,#FFA500,0.1245,0.1,0.3777,0.5215,0.4743,0.5413,0.8803
2007-01-29,2007-02-04,2007,5,0.3894,0.394,0.3823,-0.000562,Moderate,0.0,0.0,WATCH: Risk stable. Maintain weekly monitoring. Review contingency plans.,#FFA500,0.1505,0.1,0.418,0.4628,0.4762,0.5168,0.9502
2007-02-05,2007-02-11,2007,6,0.3891,0.3978,0.3812,-0.002839,Moderate,0.0,0.0,WATCH: Risk stable. Maintain weekly monitoring. Review contingency plans.,#FFA500,0.1197,0.1,0.4594,0.4187,0.4782,0.5268,0.9483
2007-02-12,2007-02-18,2007,7,0.3866,0.3925,0.3798,0.001502,Moderate,0.0,0.0,WATCH: Risk stable. Maintain weekly monitoring. Review contingency plans.,#FFA500,0.183,0.1,0.5015,0.4187,0.4801,0.475,0.9376
2007-02-19,2007-02-25,2007,8,0.3895,0.4113,0.3767,0.005028,Moderate,0.0,0.0,WATCH: Risk rising. Maintain weekly monitoring. Review contingency plans.,#FFA500,0.1366,0.1,0.5435,0.4187,0.482,0.5669,0.9315
2007-02-26,2007-03-04,2007,9,0.3929,0.4107,0.3741,-0.00638,Moderate,0.0,0.0,WATCH: Risk falling. Maintain weekly monitoring. Review contingency plans.,#FFA500,0.0778,0.1,0.5849,0.3772,0.4839,0.5163,0.9416
2007-03-05,2007-03-11,2007,10,0.3632,0.37,0.3575,-0.001721,Moderate,0.0,0.0,WATCH: Risk stable. Maintain weekly monitoring. Review contingency plans.,#FFA500,0.0,0.1,0.6251,0.3461,0.4858,0.5248,0.9177
2007-03-12,2007-03-18,2007,11,0.3702,0.375,0.3637,0.002016,Moderate,0.0,0.0,WATCH: Risk stable. Maintain weekly monitoring. Review contingency plans.,#FFA500,0.0691,0.1,0.6635,0.3461,0.4877,0.4989,0.9442
2007-03-19,2007-03-25,2007,12,0.3758,0.3806,0.3722,0.001107,Moderate,0.0,0.0,WATCH: Risk stable. Maintain weekly monitoring. Review contingency plans.,#FFA500,0.0624,0.1,0.6995,0.3461,0.4897,0.5225,0.8943
2007-03-26,2007-04-01,2007,13,0.3957,0.4089,0.3837,0.003704,Moderate,0.0,0.0,WATCH: Risk stable. Maintain weekly monitoring. Review contingency plans.,#FFA500,0.1587,0.1,0.7326,0.3402,0.4916,0.5045,0.9468
2007-04-02,2007-04-08,2007,14,0.3851,0.3929,0.3766,-0.002871,Moderate,0.0,0.0,WATCH: Risk stable. Maintain weekly monitoring. Review contingency plans.,#FFA500,0.054,0.1,0.7623,0.3047,0.4935,0.5256,0.8827
2007-04-09,2007-04-15,2007,15,0.3991,0.4164,0.3781,0.006634,Moderate,0.0,0.0,WATCH: Risk rising. Maintain weekly monitoring. Review contingency plans.,#FFA500,0.2449,0.1,0.7882,0.3047,0.4954,0.4763,0.8746
2007-04-16,2007-04-22,2007,16,0.4664,0.5087,0.4194,0.014632,Moderate,0.24,0.63,WATCH: Risk rising. Maintain weekly monitoring. Review contingency plans.,#FFA500,0.4603,0.1258,0.8099,0.3047,0.4973,0.5225,0.9245
2007-04-23,2007-04-29,2007,17,0.5252,0.5316,0.5128,-0.00162,Moderate,1.21,1.43,WATCH: Risk stable. Maintain weekly monitoring. Review contingency plans.,#FFA500,0.4657,0.2892,0.8272,0.3047,0.4992,0.4995,0.839
2007-04-30,2007-05-06,2007,18,0.4992,0.5092,0.4932,-0.001504,Moderate,1.43,1.43,WATCH: Risk stable. Maintain weekly monitoring. Review contingency plans.,#FFA500,0.3682,0.4387,0.8397,0.339,0.5012,0.4805,0.6419
2007-05-07,2007-05-13,2007,19,0.482,0.4991,0.4698,-0.003998,Moderate,1.43,1.43,WATCH: Risk stable. Maintain weekly monitoring. Review contingency plans.,#FFA500,0.1049,0.4636,0.8473,0.3447,0.5031,0.5734,0.608
2007-05-14,2007-05-20,2007,20,0.447,0.4698,0.4262,-0.007789,Moderate,1.43,1.43,WATCH: Risk falling. Maintain weekly monitoring. Review contingency plans.,#FFA500,0.0,0.3463,0.8498,0.3447,0.505,0.5268,0.7575
2007-05-21,2007-05-27,2007,21,0.4147,0.4204,0.4059,0.002057,Moderate,1.43,1.43,WATCH: Risk stable. Maintain weekly monitoring. Review contingency plans.,#FFA500,0.0957,0.215,0.8473,0.3447,0.5069,0.5124,0.8689
2007-05-28,2007-06-03,2007,22,0.4204,0.4338,0.4113,0.003002,Moderate,1.43,1.43,WATCH: Risk stable. Maintain weekly monitoring. Review contingency plans.,#FFA500,0.2271,0.1896,0.8397,0.3067,0.5088,0.475,0.8241
2007-06-04,2007-06-10,2007,23,0.4511,0.476,0.4294,0.008519,Moderate,1.43,1.43,WATCH: Risk rising. Maintain weekly monitoring. Review contingency plans.,#FFA500,0.3909,0.1896,0.8272,0.2562,0.5107,0.4799,0.822
2007-06-11,2007-06-17,2007,24,0.4659,0.4765,0.4493,-0.004988,Moderate,1.43,1.43,WATCH: Risk stable. Maintain weekly monitoring. Review contingency plans.,#FFA500,0.3975,0.1896,0.8099,0.2562,0.5127,0.4554,0.7415
2007-06-18,2007-06-24,2007,25,0.427,0.4418,0.4187,-0.001563,Moderate,1.43,1.43,WATCH: Risk stable. Maintain weekly monitoring. Review contingency plans.,#FFA500,0.3087,0.1896,0.7882,0.2562,0.5146,0.4565,0.6311
2007-06-25,2007-07-01,2007,26,0.421,0.4295,0.4126,-0.002437,Moderate,1.43,1.43,WATCH: Risk stable. Maintain weekly monitoring. Review contingency plans.,#FFA500,0.2401,0.1896,0.7623,0.2545,0.5165,0.5311,0.637
2007-07-02,2007-07-08,2007,27,0.4157,0.4249,0.409,0.002082,Moderate,1.43,1.43,WATCH: Risk stable. Maintain weekly monitoring. Review contingency plans.,#FFA500,0.2496,0.1896,0.7326,0.2442,0.5184,0.5537,0.5979
2007-07-09,2007-07-15,2007,28,0.4122,0.4202,0.396,-0.00395,Moderate,1.19,1.43,WATCH: Risk stable. Maintain weekly monitoring. Review contingency plans.,#FFA500,0.2059,0.1638,0.6995,0.2442,0.5203,0.5218,0.6593
2007-07-16,2007-07-22,2007,29,0.3708,0.3898,0.359,-0.005122,Moderate,0.22,0.63,WATCH: Risk falling. Maintain weekly monitoring. Review contingency plans.,#FFA500,0.2036,0.0311,0.6635,0.2442,0.5222,0.4914,0.6908
2007-07-23,2007-07-29,2007,30,0.3584,0.363,0.3534,0.001142,Moderate,0.0,0.0,WATCH: Risk stable. Maintain weekly monitoring. Review contingency plans.,#FFA500,0.2263,0.0,0.6251,0.2442,0.5242,0.4752,0.7355
2007-07-30,2007-08-05,2007,31,0.3503,0.3585,0.3412,-0.002396,Moderate,0.0,0.0,WATCH: Risk stable. Maintain weekly monitoring. Review contingency plans.,#FFA500,0.2072,0.0,0.5849,0.2524,0.5261,0.4622,0.6909
2007-08-06,2007-08-12,2007,32,0.3357,0.3471,0.329,0.000641,Low,0.0,0.0,ROUTINE: Risk stable. Standard monitoring sufficient. Good period for baseline surveys.,#FFD700,0.1789,0.0051,0.5435,0.2556,0.528,0.5167,0.6213
2007-08-13,2007-08-19,2007,33,0.3443,0.3474,0.3387,-0.001434,Low,0.0,0.0,ROUTINE: Risk stable. Standard monitoring sufficient. Good period for baseline surveys.,#FFD700,0.1763,0.0746,0.5015,0.2556,0.5299,0.4818,0.6583
2007-08-20,2007-08-26,2007,34,0.3392,0.3439,0.3361,0.00022,Low,0.0,0.0,ROUTINE: Risk stable. Standard monitoring sufficient. Good period for baseline surveys.,#FFD700,0.1675,0.1,0.4594,0.2556,0.5318,0.5118,0.5838
2007-08-27,2007-09-02,2007,35,0.3359,0.3423,0.3295,0.000362,Low,0.0,0.0,ROUTINE: Risk stable. Standard monitoring sufficient. Good period for baseline surveys.,#FFD700,0.1685,0.1,0.418,0.2456,0.5337,0.5115,0.6256
2007-09-03,2007-09-09,2007,36,0.3298,0.3347,0.3245,0.000518,Low,0.0,0.0,ROUTINE: Risk stable. Standard monitoring sufficient. Good period for baseline surveys.,#FFD700,0.1389,0.1,0.3777,0.2205,0.5357,0.5054,0.6999
2007-09-10,2007-09-16,2007,37,0.3166,0.3277,0.3116,-0.002488,Low,0.0,0.0,ROUTINE: Risk stable. Standard monitoring sufficient. Good period for baseline surveys.,#FFD700,0.1397,0.1,0.3392,0.2205,0.5376,0.4842,0.6144
2007-09-17,2007-09-23,2007,38,0.321,0.3253,0.3145,6.9e-05,Low,0.0,0.0,ROUTINE: Risk stable. Standard monitoring sufficient. Good period for baseline surveys.,#FFD700,0.1381,0.1,0.303,0.2205,0.5395,0.5539,0.6586
2007-09-24,2007-09-30,2007,39,0.316,0.3213,0.3096,-0.001819,Low,0.0,0.0,ROUTINE: Risk stable. Standard monitoring sufficient. Good period for baseline surveys.,#FFD700,0.1389,0.1,0.2697,0.2205,0.5414,0.5071,0.7014
2007-10-01,2007-10-07,2007,40,0.2991,0.305,0.2888,-0.002692,Low,0.0,0.0,ROUTINE: Risk stable. Standard monitoring sufficient. Good period for baseline surveys.,#FFD700,0.073,0.1,0.2397,0.1704,0.5433,0.5189,0.6424
2007-10-08,2007-10-14,2007,41,0.3018,0.3079,0.2976,-0.001185,Low,0.0,0.0,ROUTINE: Risk stable. Standard monitoring sufficient. Good period for baseline surveys.,#FFD700,0.109,0.1,0.2135,0.1704,0.5452,0.5509,0.7137
2007-10-15,2007-10-21,2007,42,0.3103,0.3154,0.301,0.001793,Low,0.0,0.0,ROUTINE: Risk stable. Standard monitoring sufficient. Good period for baseline surveys.,#FFD700,0.1712,0.1,0.1915,0.1704,0.5472,0.5027,0.7991
2007-10-22,2007-10-28,2007,43,0.3056,0.3116,0.2904,-0.003557,Low,0.0,0.0,ROUTINE: Risk stable. Standard monitoring sufficient. Good period for baseline surveys.,#FFD700,0.1148,0.1,0.1739,0.1704,0.5491,0.4831,0.5829
2007-10-29,2007-11-04,2007,44,0.3018,0.312,0.2936,0.002693,Low,0.0,0.0,ROUTINE: Risk stable. Standard monitoring sufficient. Good period for baseline surveys.,#FFD700,0.1212,0.1,0.161,0.1548,0.551,0.5106,0.8683
2007-11-05,2007-11-11,2007,45,0.3028,0.3125,0.293,-0.003272,Low,0.0,0.0,ROUTINE: Risk stable. Standard monitoring sufficient. Good period for baseline surveys.,#FFD700,0.1451,0.1,0.1531,0.1431,0.5529,0.4897,0.7523
2007-11-12,2007-11-18,2007,46,0.313,0.3288,0.2907,0.006355,Low,0.0,0.0,ROUTINE: Risk rising. Standard monitoring sufficient. Good period for baseline surveys.,#FFD700,0.0664,0.1,0.1502,0.1431,0.5548,0.6236,0.8565
2007-11-19,2007-11-25,2007,47,0.3195,0.3213,0.3178,-0.000371,Low,0.0,0.0,ROUTINE: Risk stable. Standard monitoring sufficient. Good period for baseline surveys.,#FFD700,0.1529,0.1,0.1524,0.1431,0.5567,0.5135,0.8506
2007-11-26,2007-12-02,2007,48,0.325,0.3303,0.3187,0.000242,Low,0.0,0.0,ROUTINE: Risk stable. Standard monitoring sufficient. Good period for baseline surveys.,#FFD700,0.1315,0.1,0.1596,0.1256,0.5587,0.5173,0.9135
2007-12-03,2007-12-09,2007,49,0.3164,0.3212,0.3074,-0.001577,Low,0.0,0.0,ROUTINE: Risk stable. Standard monitoring sufficient. Good period for baseline surveys.,#FFD700,0.1306,0.1,0.1718,0.0819,0.5606,0.5153,0.8802
2007-12-10,2007-12-16,2007,50,0.2977,0.3108,0.2831,-0.004568,Low,0.0,0.0,ROUTINE: Risk stable. Standard monitoring sufficient. Good period for baseline surveys.,#FFD700,0.1085,0.1,0.1887,0.0819,0.5625,0.5255,0.7113
2007-12-17,2007-12-23,2007,51,0.3021,0.3107,0.2883,0.00369,Low,0.0,0.0,ROUTINE: Risk stable. Standard monitoring sufficient. Good period for baseline surveys.,#FFD700,0.0734,0.1,0.2101,0.0819,0.5644,0.5516,0.9182
2007-12-24,2007-12-30,2007,52,0.3029,0.3077,0.2983,-0.001222,Low,0.0,0.0,ROUTINE: Risk stable. Standard monitoring sufficient. Good period for baseline surveys.,#FFD700,0.1085,0.1,0.2344,0.0819,0.5662,0.4853,0.8
2007-12-31,2008-01-06,2008,1,0.3233,0.3362,0.3048,0.005542,Low,0.0,0.0,ROUTINE: Risk rising. Standard monitoring sufficient. Good period for baseline surveys.,#FFD700,0.1506,0.1,0.2652,0.1698,0.5682,0.5374,0.8853
2008-01-07,2008-01-13,2008,2,0.3338,0.3388,0.3296,0.001018,Low,0.0,0.0,ROUTINE: Risk stable. Standard monitoring sufficient. Good period for baseline surveys.,#FFD700,0.1266,0.1,0.2981,0.1845,0.5702,0.4938,0.9468
2008-01-14,2008-01-20,2008,3,0.3439,0.349,0.3409,0.001375,Low,0.0,0.0,ROUTINE: Risk stable. Standard monitoring sufficient. Good period for baseline surveys.,#FFD700,0.1455,0.1,0.3339,0.1845,0.5721,0.5106,0.9477
2008-01-21,2008-01-27,2008,4,0.3549,0.3585,0.3502,0.001511,Moderate,0.0,0.0,WATCH: Risk stable. Maintain weekly monitoring. Review contingency plans.,#FFA500,0.1871,0.1,0.3721,0.1845,0.574,0.4894,0.9398
2008-01-28,2008-02-03,2008,5,0.357,0.3624,0.354,0.000323,Moderate,0.0,0.0,WATCH: Risk stable. Maintain weekly monitoring. Review contingency plans.,#FFA500,0.2129,0.1,0.4121,0.1605,0.5759,0.4895,0.8716
2008-02-04,2008-02-10,2008,6,0.3687,0.3754,0.3651,0.001214,Moderate,0.0,0.0,WATCH: Risk stable. Maintain weekly monitoring. Review contingency plans.,#FFA500,0.2429,0.1,0.4535,0.1284,0.5778,0.4868,0.9101
2008-02-11,2008-02-17,2008,7,0.3918,0.3993,0.3813,-0.001542,Moderate,0.0,0.0,WATCH: Risk stable. Maintain weekly monitoring. Review contingency plans.,#FFA500,0.2869,0.1,0.4955,0.1284,0.5797,0.5046,0.8214
2008-02-18,2008-02-24,2008,8,0.3855,0.3887,0.3818,-0.000181,Moderate,0.0,0.0,WATCH: Risk stable. Maintain weekly monitoring. Review contingency plans.,#FFA500,0.2403,0.1,0.5376,0.1284,0.5817,0.4913,0.9151
2008-02-25,2008-03-02,2008,9,0.3712,0.3825,0.3601,-0.003571,Moderate,0.0,0.0,WATCH: Risk stable. Maintain weekly monitoring. Review contingency plans.,#FFA500,0.1786,0.1,0.5791,0.1429,0.5836,0.5061,0.8165
2008-03-03,2008-03-09,2008,10,0.363,0.3767,0.3547,0.000864,Moderate,0.0,0.0,WATCH: Risk stable. Maintain weekly monitoring. Review contingency plans.,#FFA500,0.1029,0.1,0.6195,0.1791,0.5855,0.5281,0.8331
2008-03-10,2008-03-16,2008,11,0.3648,0.3753,0.3552,0.00344,Moderate,0.0,0.0,WATCH: Risk stable. Maintain weekly monitoring. Review contingency plans.,#FFA500,0.1309,0.1,0.6581,0.1791,0.5874,0.502,0.8897
2008-03-17,2008-03-23,2008,12,0.392,0.4044,0.3758,0.005477,Moderate,0.0,0.0,WATCH: Risk rising. Maintain weekly monitoring. Review contingency plans.,#FFA500,0.2242,0.1,0.6945,0.1791,0.5893,0.503,0.9194
2008-03-24,2008-03-30,2008,13,0.3906,0.4026,0.3719,-0.004788,Moderate,0.0,0.0,WATCH: Risk stable. Maintain weekly monitoring. Review contingency plans.,#FFA500,0.201,0.1,0.728,0.1791,0.5912,0.4728,0.7275
2008-03-31,2008-04-06,2008,14,0.3565,0.3674,0.3434,-0.003321,Moderate,0.0,0.0,WATCH: Risk stable. Maintain weekly monitoring. Review contingency plans.,#FFA500,0.0277,0.1,0.7583,0.1148,0.5932,0.4964,0.8801
2008-04-07,2008-04-13,2008,15,0.3476,0.3792,0.3378,0.005965,Moderate,0.0,0.0,WATCH: Risk rising. Maintain weekly monitoring. Review contingency plans.,#FFA500,0.1178,0.1,0.7847,0.1041,0.5951,0.4875,0.8599
2008-04-14,2008-04-20,2008,16,0.4029,0.4104,0.3919,0.002716,Moderate,0.0,0.0,WATCH: Risk stable. Maintain weekly monitoring. Review contingency plans.,#FFA500,0.3359,0.1,0.8071,0.1041,0.597,0.4773,0.8439
2008-04-21,2008-04-27,2008,17,0.408,0.415,0.3978,-0.002724,Moderate,0.0,0.0,WATCH: Risk stable. Maintain weekly monitoring. Review contingency plans.,#FFA500,0.3643,0.1,0.825,0.1041,0.5989,0.4553,0.6415
2008-04-28,2008-05-04,2008,18,0.3838,0.3936,0.3671,-0.004259,Moderate,0.0,0.0,WATCH: Risk stable. Maintain weekly monitoring. Review contingency plans.,#FFA500,0.2024,0.1,0.8382,0.1776,0.6008,0.451,0.6766
2008-05-05,2008-05-11,2008,19,0.3646,0.3785,0.3573,-0.001125,Moderate,0.0,0.0,WATCH: Risk stable. Maintain weekly monitoring. Review contingency plans.,#FFA500,0.0198,0.1,0.8465,0.2327,0.6027,0.496,0.7509
2008-05-12,2008-05-18,2008,20,0.352,0.3705,0.3445,0.00319,Moderate,0.0,0.0,WATCH: Risk stable. Maintain weekly monitoring. Review contingency plans.,#FFA500,0.0,0.1,0.8497,0.2327,0.6047,0.5407,0.7083
2008-05-19,2008-05-25,2008,21,0.3654,0.3716,0.3541,-0.002996,Moderate,0.0,0.0,WATCH: Risk stable. Maintain weekly monitoring. Review contingency plans.,#FFA500,0.0186,0.1,0.8479,0.2327,0.6066,0.5132,0.7296
2008-05-26,2008-06-01,2008,22,0.3649,0.3719,0.356,0.001567,Moderate,0.0,0.0,WATCH: Risk stable. Maintain weekly monitoring. Review contingency plans.,#FFA500,0.1069,0.1,0.8411,0.2403,0.6085,0.4905,0.7377
2008-06-02,2008-06-08,2008,23,0.3958,0.4029,0.383,0.002835,Moderate,0.0,0.0,WATCH: Risk stable. Maintain weekly monitoring. Review contingency plans.,#FFA500,0.2618,0.1,0.8293,0.286,0.6104,0.4357,0.7484
2008-06-09,2008-06-15,2008,24,0.3938,0.4015,0.3879,-0.002505,Moderate,0.0,0.0,WATCH: Risk stable. Maintain weekly monitoring. Review contingency plans.,#FFA500,0.2152,0.1,0.8127,0.286,0.6123,0.4597,0.6426
2008-06-16,2008-06-22,2008,25,0.3845,0.3931,0.3723,-0.003462,Moderate,0.0,0.0,WATCH: Risk stable. Maintain weekly monitoring. Review contingency plans.,#FFA500,0.1376,0.1,0.7916,0.286,0.6142,0.4659,0.7112
2008-06-23,2008-06-29,2008,26,0.3681,0.3733,0.3634,0.00143,Moderate,0.0,0.0,WATCH: Risk stable. Maintain weekly monitoring. Review contingency plans.,#FFA500,0.1509,0.1,0.7662,0.286,0.6162,0.4516,0.7072
2008-06-30,2008-07-06,2008,27,0.3773,0.3804,0.3733,0.000707,Moderate,0.0,0.0,WATCH: Risk stable. Maintain weekly monitoring. Review contingency plans.,#FFA500,0.2077,0.1,0.737,0.3317,0.6181,0.4494,0.5795
2008-07-07,2008-07-13,2008,28,0.3808,0.3856,0.3762,-0.001491,Moderate,0.0,0.0,WATCH: Risk stable. Maintain weekly monitoring. Review contingency plans.,#FFA500,0.1934,0.1,0.7044,0.3393,0.62,0.4397,0.6961
2008-07-14,2008-07-20,2008,29,0.3842,0.3946,0.3793,0.000821,Moderate,0.0,0.0,WATCH: Risk stable. Maintain weekly monitoring. Review contingency plans.,#FFA500,0.1606,0.1,0.6688,0.3393,0.6219,0.5356,0.6381
2008-07-21,2008-07-27,2008,30,0.3765,0.3825,0.3733,-0.001395,Moderate,0.0,0.0,WATCH: Risk stable. Maintain weekly monitoring. Review contingency plans.,#FFA500,0.1453,0.1,0.6307,0.3393,0.6238,0.5046,0.5147
2008-07-28,2008-08-03,2008,31,0.3662,0.3764,0.3572,-0.002919,Moderate,0.0,0.0,WATCH: Risk stable. Maintain weekly monitoring. Review contingency plans.,#FFA500,0.1086,0.1,0.5908,0.3346,0.6257,0.5361,0.6044
2008-08-04,2008-08-10,2008,32,0.3554,0.3624,0.3496,-0.002181,Moderate,0.0,0.0,WATCH: Risk stable. Maintain weekly monitoring. Review contingency plans.,#FFA500,0.0267,0.1,0.5495,0.3284,0.6277,0.5395,0.6774
2008-08-11,2008-08-17,2008,33,0.3449,0.3505,0.335,0.002261,Moderate,0.0,0.0,WATCH: Risk stable. Maintain weekly monitoring. Review contingency plans.,#FFA500,0.0478,0.1,0.5075,0.3284,0.6296,0.5089,0.804
2008-08-18,2008-08-24,2008,34,0.3519,0.354,0.3461,0.001283,Moderate,0.0,0.0,WATCH: Risk stable. Maintain weekly monitoring. Review contingency plans.,#FFA500,0.1407,0.1,0.4654,0.3284,0.6315,0.4969,0.6276
2008-08-25,2008-08-31,2008,35,0.3506,0.3555,0.3451,-0.001256,Moderate,0.0,0.0,WATCH: Risk stable. Maintain weekly monitoring. Review contingency plans.,#FFA500,0.1744,0.1,0.4238,0.3284,0.6334,0.4679,0.7115
2008-09-01,2008-09-07,2008,36,0.3598,0.3628,0.355,0.001381,Moderate,0.0,0.0,WATCH: Risk stable. Maintain weekly monitoring. Review contingency plans.,#FFA500,0.2405,0.1,0.3834,0.3151,0.6353,0.4611,0.6722
2008-09-08,2008-09-14,2008,37,0.357,0.3613,0.3519,-0.001011,Moderate,0.0,0.0,WATCH: Risk stable. Maintain weekly monitoring. Review contingency plans.,#FFA500,0.2111,0.1,0.3446,0.3151,0.6372,0.5,0.638
2008-09-15,2008-09-21,2008,38,0.3602,0.3681,0.3562,0.000281,Moderate,0.0,0.0,WATCH: Risk stable. Maintain weekly monitoring. Review contingency plans.,#FFA500,0.1955,0.1,0.308,0.3151,0.6392,0.5167,0.7778
2008-09-22,2008-09-28,2008,39,0.3777,0.3854,0.3687,-0.00233,Moderate,0.0,0.0,WATCH: Risk stable. Maintain weekly monitoring. Review contingency plans.,#FFA500,0.2402,0.1,0.2743,0.3151,0.6411,0.5075,0.8395
2008-09-29,2008-10-05,2008,40,0.393,0.426,0.3707,0.009775,Moderate,0.0,0.0,WATCH: Risk rising. Maintain weekly monitoring. Review contingency plans.,#FFA500,0.3672,0.1,0.2438,0.2885,0.643,0.4967,0.8849
2008-10-06,2008-10-12,2008,41,0.429,0.435,0.4177,-0.002271,Moderate,0.0,0.0,WATCH: Risk stable. Maintain weekly monitoring. Review contingency plans.,#FFA500,0.4206,0.1,0.217,0.2779,0.6449,0.4781,0.8869
2008-10-13,2008-10-19,2008,42,0.4043,0.416,0.3948,-0.003024,Moderate,0.0,0.0,WATCH: Risk stable. Maintain weekly monitoring. Review contingency plans.,#FFA500,0.3704,0.1,0.1943,0.2779,0.6468,0.4608,0.8135
2008-10-20,2008-10-26,2008,43,0.395,0.3989,0.3889,-0.001188,Moderate,0.0,0.0,WATCH: Risk stable. Maintain weekly monitoring. Review contingency plans.,#FFA500,0.3883,0.1,0.1761,0.2779,0.6487,0.4994,0.6848
2008-10-27,2008-11-02,2008,44,0.3751,0.3841,0.3703,-0.001639,Moderate,0.0,0.0,WATCH: Risk stable. Maintain weekly monitoring. Review contingency plans.,#FFA500,0.2872,0.1,0.1626,0.2539,0.6507,0.4802,0.7972
2008-11-03,2008-11-09,2008,45,0.368,0.3727,0.3574,-0.001607,Moderate,0.0,0.0,WATCH: Risk stable. Maintain weekly monitoring. Review contingency plans.,#FFA500,0.2817,0.1,0.1539,0.1941,0.6526,0.489,0.8408
2008-11-10,2008-11-16,2008,46,0.3423,0.3503,0.3355,-0.002581,Moderate,0.0,0.0,WATCH: Risk stable. Maintain weekly monitoring. Review contingency plans.,#FFA500,0.2231,0.1,0.1503,0.1941,0.6545,0.4959,0.7329
2008-11-17,2008-11-23,2008,47,0.3326,0.3386,0.3263,-0.001959,Low,0.0,0.0,ROUTINE: Risk stable. Standard monitoring sufficient. Good period for baseline surveys.,#FFD700,0.1742,0.1,0.1518,0.1941,0.6564,0.5105,0.8088
2008-11-24,2008-11-30,2008,48,0.3251,0.3377,0.3168,0.00272,Low,0.0,0.0,ROUTINE: Risk stable. Standard monitoring sufficient. Good period for baseline surveys.,#FFD700,0.1652,0.1,0.1583,0.1941,0.6583,0.5083,0.7896
2008-12-01,2008-12-07,2008,49,0.3229,0.3286,0.3188,0.000567,Low,0.0,0.0,ROUTINE: Risk stable. Standard monitoring sufficient. Good period for baseline surveys.,#FFD700,0.1828,0.1,0.1697,0.1836,0.6602,0.4906,0.7746
2008-12-08,2008-12-14,2008,50,0.3355,0.339,0.3289,0.001331,Low,0.0,0.0,ROUTINE: Risk stable. Standard monitoring sufficient. Good period for baseline surveys.,#FFD700,0.1998,0.1,0.186,0.1836,0.6621,0.4713,0.8808
2008-12-15,2008-12-21,2008,51,0.3435,0.3475,0.338,0.00078,Low,0.0,0.0,ROUTINE: Risk stable. Standard monitoring sufficient. Good period for baseline surveys.,#FFD700,0.1739,0.1,0.2068,0.1836,0.6641,0.4926,0.9351
2008-12-22,2008-12-28,2008,52,0.3366,0.3386,0.3345,-0.000179,Low,0.0,0.0,ROUTINE: Risk stable. Standard monitoring sufficient. Good period for baseline surveys.,#FFD700,0.1419,0.1,0.2299,0.1836,0.6658,0.4928,0.8967
2008-12-29,2009-01-04,2009,1,0.3299,0.3348,0.325,-0.000656,Low,0.0,0.0,ROUTINE: Risk stable. Standard monitoring sufficient. Good period for baseline surveys.,#FFD700,0.1017,0.1,0.2582,0.1854,0.6679,0.5123,0.8697
2009-01-05,2009-01-11,2009,2,0.3397,0.3532,0.332,0.003322,Moderate,0.0,0.0,WATCH: Risk stable. Maintain weekly monitoring. Review contingency plans.,#FFA500,0.1518,0.1,0.2884,0.1868,0.6698,0.4966,0.9353
2009-01-12,2009-01-18,2009,3,0.3617,0.3679,0.3524,0.002459,Moderate,0.0,0.0,WATCH: Risk stable. Maintain weekly monitoring. Review contingency plans.,#FFA500,0.1241,0.1,0.3234,0.1868,0.6717,0.5965,0.9122
2009-01-19,2009-01-25,2009,4,0.3446,0.3591,0.3337,-0.004383,Moderate,0.0,0.0,WATCH: Risk stable. Maintain weekly monitoring. Review contingency plans.,#FFA500,0.0641,0.1,0.3609,0.1868,0.6736,0.4938,0.8989
2009-01-26,2009-02-01,2009,5,0.3271,0.336,0.3212,-0.001345,Low,0.0,0.0,ROUTINE: Risk stable. Standard monitoring sufficient. Good period for baseline surveys.,#FFD700,0.0646,0.1,0.4005,0.194,0.6756,0.4967,0.8162
2009-02-02,2009-02-08,2009,6,0.3415,0.3471,0.3317,0.002651,Low,0.0,0.0,ROUTINE: Risk stable. Standard monitoring sufficient. Good period for baseline surveys.,#FFD700,0.0752,0.1,0.4416,0.2374,0.6775,0.5102,0.9008
2009-02-09,2009-02-15,2009,7,0.3683,0.3715,0.3642,0.000654,Moderate,0.0,0.0,WATCH: Risk stable. Maintain weekly monitoring. Review contingency plans.,#FFA500,0.1164,0.1,0.4834,0.2374,0.6794,0.5486,0.8996
2009-02-16,2009-02-22,2009,8,0.3658,0.3743,0.3561,0.001145,Moderate,0.0,0.0,WATCH: Risk stable. Maintain weekly monitoring. Review contingency plans.,#FFA500,0.1488,0.1,0.5256,0.2374,0.6813,0.4937,0.8417
2009-02-23,2009-03-01,2009,9,0.3894,0.3952,0.3828,-0.000159,Moderate,0.0,0.0,WATCH: Risk stable. Maintain weekly monitoring. Review contingency plans.,#FFA500,0.2135,0.1,0.5673,0.2394,0.6832,0.4976,0.853
2009-03-02,2009-03-08,2009,10,0.3811,0.3874,0.3791,-0.00082,Moderate,0.0,0.0,WATCH: Risk stable. Maintain weekly monitoring. Review contingency plans.,#FFA500,0.1166,0.1,0.6081,0.2515,0.6851,0.5068,0.8852
2009-03-09,2009-03-15,2009,11,0.4004,0.413,0.3843,0.005273,Moderate,0.0,0.0,WATCH: Risk rising. Maintain weekly monitoring. Review contingency plans.,#FFA500,0.2179,0.1,0.6473,0.2515,0.6871,0.4984,0.9344
2009-03-16,2009-03-22,2009,12,0.4118,0.4147,0.4078,0.000923,Moderate,0.0,0.0,WATCH: Risk stable. Maintain weekly monitoring. Review contingency plans.,#FFA500,0.2269,0.1,0.6844,0.2515,0.689,0.4855,0.895
2009-03-23,2009-03-29,2009,13,0.4347,0.4654,0.4118,0.009225,Moderate,0.0,0.0,WATCH: Risk rising. Maintain weekly monitoring. Review contingency plans.,#FFA500,0.3499,0.1,0.7188,0.2515,0.6909,0.4758,0.9148
2009-03-30,2009-04-05,2009,14,0.4564,0.4805,0.4323,-0.008701,Moderate,0.0,0.0,WATCH: Risk falling. Maintain weekly monitoring. Review contingency plans.,#FFA500,0.2565,0.1,0.75,0.2937,0.6928,0.5114,0.9245
2009-04-06,2009-04-12,2009,15,0.4201,0.4316,0.4027,-0.004684,Moderate,0.0,0.0,WATCH: Risk stable. Maintain weekly monitoring. Review contingency plans.,#FFA500,0.2036,0.1,0.7776,0.3106,0.6947,0.4946,0.7703
2009-04-13,2009-04-19,2009,16,0.3997,0.4092,0.3869,0.001506,Moderate,0.0,0.0,WATCH: Risk stable. Maintain weekly monitoring. Review contingency plans.,#FFA500,0.0923,0.1,0.8012,0.3106,0.6966,0.5237,0.8361
2009-04-20,2009-04-26,2009,17,0.4175,0.4304,0.4101,0.003518,Moderate,0.0,0.0,WATCH: Risk stable. Maintain weekly monitoring. Review contingency plans.,#FFA500,0.1928,0.1,0.8204,0.3106,0.6986,0.4891,0.9032
2009-04-27,2009-05-03,2009,18,0.4728,0.5051,0.441,0.012368,Moderate,0.2,0.48,WATCH: Risk rising. Maintain weekly monitoring. Review contingency plans.,#FFA500,0.4267,0.1215,0.8349,0.3541,0.7002,0.475,0.8927
2009-05-04,2009-05-10,2009,19,0.5062,0.5108,0.497,0.002235,Moderate,0.48,0.48,WATCH: Risk stable. Maintain weekly monitoring. Review contingency plans.,#FFA500,0.4037,0.19,0.8446,0.412,0.701,0.4675,0.8765
2009-05-11,2009-05-17,2009,20,0.5105,0.5148,0.5058,0.000713,Moderate,0.48,0.48,WATCH: Risk stable. Maintain weekly monitoring. Review contingency plans.,#FFA500,0.4185,0.2267,0.8493,0.412,0.7017,0.4973,0.6925
2009-05-18,2009-05-24,2009,21,0.4927,0.5048,0.4816,-0.003358,Moderate,0.48,0.48,WATCH: Risk stable. Maintain weekly monitoring. Review contingency plans.,#FFA500,0.3816,0.2114,0.849,0.412,0.7025,0.5047,0.607
2009-05-25,2009-05-31,2009,22,0.4582,0.4816,0.4411,-0.006816,Moderate,0.48,0.48,WATCH: Risk falling. Maintain weekly monitoring. Review contingency plans.,#FFA500,0.2271,0.1593,0.8435,0.412,0.7033,0.527,0.573
2009-06-01,2009-06-07,2009,23,0.4486,0.4638,0.4357,0.000731,Moderate,0.48,0.48,WATCH: Risk stable. Maintain weekly monitoring. Review contingency plans.,#FFA500,0.2465,0.1299,0.8331,0.4147,0.704,0.5251,0.6991
2009-06-08,2009-06-14,2009,24,0.4427,0.4638,0.4304,-0.003673,Moderate,0.48,0.48,WATCH: Risk stable. Maintain weekly monitoring. Review contingency plans.,#FFA500,0.1989,0.1299,0.8179,0.4147,0.7048,0.4924,0.7344
2009-06-15,2009-06-21,2009,25,0.4181,0.4402,0.4069,-0.00441,Moderate,0.48,0.48,WATCH: Risk stable. Maintain weekly monitoring. Review contingency plans.,#FFA500,0.1235,0.1299,0.7981,0.4147,0.7056,0.4798,0.6313
2009-06-22,2009-06-28,2009,26,0.4095,0.4174,0.4034,0.00223,Moderate,0.48,0.48,WATCH: Risk stable. Maintain weekly monitoring. Review contingency plans.,#FFA500,0.1404,0.1299,0.7739,0.4147,0.7063,0.5445,0.5711
2009-06-29,2009-07-05,2009,27,0.4138,0.4266,0.4047,-0.003567,Moderate,0.48,0.48,WATCH: Risk stable. Maintain weekly monitoring. Review contingency plans.,#FFA500,0.1973,0.1299,0.7457,0.3744,0.7071,0.5096,0.6531
2009-07-06,2009-07-12,2009,28,0.4341,0.4605,0.4047,0.010887,Moderate,0.48,0.48,WATCH: Risk rising. Maintain weekly monitoring. Review contingency plans.,#FFA500,0.3204,0.1299,0.714,0.3582,0.7079,0.505,0.6641
2009-07-13,2009-07-19,2009,29,0.4439,0.4605,0.4327,-0.003997,Moderate,0.48,0.48,WATCH: Risk stable. Maintain weekly monitoring. Review contingency plans.,#FFA500,0.2568,0.1299,0.6792,0.3582,0.7086,0.5204,0.5973
2009-07-20,2009-07-26,2009,30,0.4263,0.4361,0.4205,-0.001366,Moderate,0.28,0.48,WATCH: Risk stable. Maintain weekly monitoring. Review contingency plans.,#FFA500,0.2208,0.1084,0.6418,0.3582,0.7094,0.5526,0.6671
2009-07-27,2009-08-02,2009,31,0.4124,0.4318,0.3983,-0.005409,Moderate,0.0,0.0,WATCH: Risk falling. Maintain weekly monitoring. Review contingency plans.,#FFA500,0.2019,0.0399,0.6023,0.3726,0.7102,0.5388,0.741
2009-08-03,2009-08-09,2009,32,0.3876,0.3951,0.3772,-0.00286,Moderate,0.0,0.0,WATCH: Risk stable. Maintain weekly monitoring. Review contingency plans.,#FFA500,0.1779,0.0094,0.5614,0.4085,0.7109,0.5224,0.6575
2009-08-10,2009-08-16,2009,33,0.382,0.3903,0.3787,0.001439,Moderate,0.0,0.0,WATCH: Risk stable. Maintain weekly monitoring. Review contingency plans.,#FFA500,0.2177,0.0206,0.5196,0.4085,0.7117,0.4976,0.6986
2009-08-17,2009-08-23,2009,34,0.4109,0.4197,0.4015,0.002771,Moderate,0.0,0.0,WATCH: Risk stable. Maintain weekly monitoring. Review contingency plans.,#FFA500,0.3039,0.0706,0.4774,0.4085,0.7125,0.4787,0.7757
2009-08-24,2009-08-30,2009,35,0.4069,0.4122,0.3955,-0.002093,Moderate,0.0,0.0,WATCH: Risk stable. Maintain weekly monitoring. Review contingency plans.,#FFA500,0.2548,0.1,0.4356,0.4085,0.7132,0.4982,0.6544
2009-08-31,2009-09-06,2009,36,0.382,0.3897,0.3669,-0.003906,Moderate,0.0,0.0,WATCH: Risk stable. Maintain weekly monitoring. Review contingency plans.,#FFA500,0.1778,0.1,0.3948,0.4292,0.714,0.4899,0.6745
2009-09-07,2009-09-13,2009,37,0.3621,0.3657,0.3573,0.000767,Moderate,0.0,0.0,WATCH: Risk stable. Maintain weekly monitoring. Review contingency plans.,#FFA500,0.1321,0.1,0.3554,0.4326,0.7148,0.4948,0.7441
2009-09-14,2009-09-20,2009,38,0.366,0.3887,0.3574,0.003877,Moderate,0.0,0.0,WATCH: Risk stable. Maintain weekly monitoring. Review contingency plans.,#FFA500,0.1872,0.1,0.3182,0.4326,0.7155,0.4936,0.7581
2009-09-21,2009-09-27,2009,39,0.382,0.3932,0.3733,-0.003874,Moderate,0.0,0.0,WATCH: Risk stable. Maintain weekly monitoring. Review contingency plans.,#FFA500,0.2097,0.1,0.2836,0.4326,0.7163,0.4901,0.7091
2009-09-28,2009-10-04,2009,40,0.3625,0.3739,0.3538,-0.00369,Moderate,0.0,0.0,WATCH: Risk stable. Maintain weekly monitoring. Review contingency plans.,#FFA500,0.1202,0.1,0.2521,0.4795,0.7171,0.4969,0.6519
2009-10-05,2009-10-11,2009,41,0.3499,0.3564,0.3455,-0.000343,Moderate,0.0,0.0,WATCH: Risk stable. Maintain weekly monitoring. Review contingency plans.,#FFA500,0.0534,0.1,0.2243,0.5146,0.7178,0.5181,0.7388
2009-10-12,2009-10-18,2009,42,0.3715,0.3892,0.3569,0.005952,Moderate,0.0,0.0,WATCH: Risk rising. Maintain weekly monitoring. Review contingency plans.,#FFA500,0.1835,0.1,0.2004,0.5146,0.7186,0.5267,0.8258
2009-10-19,2009-10-25,2009,43,0.389,0.3951,0.3814,-0.002281,Moderate,0.0,0.0,WATCH: Risk stable. Maintain weekly monitoring. Review contingency plans.,#FFA500,0.249,0.1,0.1809,0.5146,0.7194,0.4905,0.7393
2009-10-26,2009-11-01,2009,44,0.3989,0.4074,0.3882,0.00282,Moderate,0.0,0.0,WATCH: Risk stable. Maintain weekly monitoring. Review contingency plans.,#FFA500,0.2477,0.1,0.166,0.5215,0.7201,0.4933,0.9253
2009-11-02,2009-11-08,2009,45,0.3914,0.4116,0.37,-0.007211,Moderate,0.0,0.0,WATCH: Risk falling. Maintain weekly monitoring. Review contingency plans.,#FFA500,0.1508,0.1,0.1559,0.5626,0.7209,0.4986,0.8243
2009-11-09,2009-11-15,2009,46,0.3642,0.3689,0.3598,0.000664,Moderate,0.0,0.0,WATCH: Risk stable. Maintain weekly monitoring. Review contingency plans.,#FFA500,0.0922,0.1,0.1508,0.5626,0.7217,0.5016,0.8626
2009-11-16,2009-11-22,2009,47,0.3695,0.3723,0.3664,-0.000176,Moderate,0.0,0.0,WATCH: Risk stable. Maintain weekly monitoring. Review contingency plans.,#FFA500,0.1507,0.1,0.1508,0.5626,0.7224,0.4958,0.8112
2009-11-23,2009-11-29,2009,48,0.3806,0.3994,0.369,0.005339,Moderate,0.0,0.0,WATCH: Risk rising. Maintain weekly monitoring. Review contingency plans.,#FFA500,0.1613,0.1,0.1559,0.5626,0.7232,0.5339,0.8558
2009-11-30,2009-12-06,2009,49,0.411,0.4226,0.3986,-0.001378,Moderate,0.0,0.0,WATCH: Risk stable. Maintain weekly monitoring. Review contingency plans.,#FFA500,0.2334,0.1,0.166,0.6524,0.724,0.504,0.8356
2009-12-07,2009-12-13,2009,50,0.395,0.4001,0.3909,0.000752,Moderate,0.0,0.0,WATCH: Risk stable. Maintain weekly monitoring. Review contingency plans.,#FFA500,0.2136,0.1,0.1809,0.6673,0.7247,0.4929,0.682
2009-12-14,2009-12-20,2009,51,0.4261,0.4345,0.406,0.003896,Moderate,0.0,0.0,WATCH: Risk stable. Maintain weekly monitoring. Review contingency plans.,#FFA500,0.2892,0.1,0.2004,0.6673,0.7255,0.4887,0.8844
2009-12-21,2009-12-27,2009,52,0.4302,0.4345,0.4233,-0.001472,Moderate,0.0,0.0,WATCH: Risk stable. Maintain weekly monitoring. Review contingency plans.,#FFA500,0.233,0.1,0.2243,0.6673,0.7263,0.4931,0.9064
2009-12-28,2010-01-03,2009,53,0.4124,0.4205,0.4069,-0.002629,Moderate,0.0,0.0,WATCH: Risk stable. Maintain weekly monitoring. Review contingency plans.,#FFA500,0.1829,0.1,0.2542,0.6819,0.7271,0.5562,0.6743
2010-01-04,2010-01-10,2010,1,0.3955,0.4126,0.3828,0.002347,Moderate,0.0,0.0,WATCH: Risk stable. Maintain weekly monitoring. Review contingency plans.,#FFA500,0.178,0.1,0.2836,0.6965,0.7278,0.4761,0.7535
2010-01-11,2010-01-17,2010,2,0.4382,0.4578,0.4199,0.006352,Moderate,0.0,0.0,WATCH: Risk rising. Maintain weekly monitoring. Review contingency plans.,#FFA500,0.2749,0.1,0.3182,0.6965,0.7286,0.4952,0.9251
2010-01-18,2010-01-24,2010,3,0.4783,0.4849,0.4659,0.002588,Moderate,0.0,0.0,WATCH: Risk stable. Maintain weekly monitoring. Review contingency plans.,#FFA500,0.3415,0.1,0.3554,0.6965,0.7293,0.4941,0.9387
2010-01-25,2010-01-31,2010,4,0.4812,0.4833,0.4793,-0.000648,Moderate,0.0,0.0,WATCH: Risk stable. Maintain weekly monitoring. Review contingency plans.,#FFA500,0.3099,0.1,0.3948,0.6965,0.7301,0.4868,0.9627
2010-02-01,2010-02-07,2010,5,0.4599,0.473,0.4501,-0.003546,Moderate,0.0,0.0,WATCH: Risk stable. Maintain weekly monitoring. Review contingency plans.,#FFA500,0.2288,0.1,0.4356,0.5639,0.7309,0.5209,0.9349
2010-02-08,2010-02-14,2010,6,0.4439,0.4486,0.4412,-0.000722,Moderate,0.0,0.0,WATCH: Risk stable. Maintain weekly monitoring. Review contingency plans.,#FFA500,0.2387,0.1,0.4774,0.5639,0.7316,0.4916,0.8921
2010-02-15,2010-02-21,2010,7,0.4655,0.4815,0.4449,0.005904,Moderate,0.0,0.0,WATCH: Risk rising. Maintain weekly monitoring. Review contingency plans.,#FFA500,0.3106,0.1,0.5196,0.5639,0.7324,0.5104,0.9209
2010-02-22,2010-02-28,2010,8,0.4887,0.5046,0.4786,0.004634,Moderate,0.0,0.0,WATCH: Risk stable. Maintain weekly monitoring. Review contingency plans.,#FFA500,0.3302,0.1,0.5614,0.5639,0.7332,0.5101,0.9538
2010-03-01,2010-03-07,2010,9,0.4789,0.4884,0.4752,-0.001358,Moderate,0.0,0.0,WATCH: Risk stable. Maintain weekly monitoring. Review contingency plans.,#FFA500,0.2335,0.1,0.6023,0.6247,0.7339,0.4949,0.9426
2010-03-08,2010-03-14,2010,10,0.4853,0.5087,0.4727,0.004889,Moderate,0.0,0.0,WATCH: Risk stable. Maintain weekly monitoring. Review contingency plans.,#FFA500,0.3265,0.1,0.6418,0.6247,0.7347,0.4812,0.9286
2010-03-15,2010-03-21,2010,11,0.5472,0.5782,0.5188,0.009462,High,0.0,0.0,ELEVATED ALERT: Risk rising. Increase monitoring to twice-weekly. Notify stakeholders. Prepare response plans.,#FF4500,0.4287,0.1,0.6792,0.6247,0.7355,0.5872,0.9335
2010-03-22,2010-03-28,2010,12,0.5845,0.5928,0.5734,0.003352,High,0.0,0.0,ELEVATED ALERT: Risk stable. Increase monitoring to twice-weekly. Notify stakeholders. Prepare response plans.,#FF4500,0.5941,0.1,0.714,0.6247,0.7362,0.4825,0.9266
2010-03-29,2010-04-04,2010,13,0.5737,0.5968,0.5372,-0.010821,High,0.0,0.0,ELEVATED ALERT: Risk falling. Increase monitoring to twice-weekly. Notify stakeholders. Prepare response plans.,#FF4500,0.4855,0.1,0.7457,0.5583,0.737,0.5171,0.9064
2010-04-05,2010-04-11,2010,14,0.5393,0.5668,0.5233,0.006369,High,0.23,0.67,ELEVATED ALERT: Risk rising. Increase monitoring to twice-weekly. Notify stakeholders. Prepare response plans.,#FF4500,0.4627,0.1234,0.7739,0.5085,0.7378,0.5068,0.9237
2010-04-12,2010-04-18,2010,15,0.6149,0.6648,0.5751,0.015913,High,1.45,2.14,ELEVATED ALERT: Risk rising. Increase monitoring to twice-weekly. Notify stakeholders. Prepare response plans.,#FF4500,0.6387,0.3131,0.7981,0.5085,0.7385,0.5009,0.9508
2010-04-19,2010-04-25,2010,16,0.7362,0.7667,0.6878,0.013244,Critical,3.29,4.13,IMMEDIATE ACTION: Bleaching likely imminent. Risk rising. Deploy emergency monitoring. Document baseline. Restrict reef access if possible.,#8B0000,0.8416,0.6613,0.8179,0.5085,0.7393,0.4868,0.9664
2010-04-26,2010-05-02,2010,17,0.7377,0.7574,0.7217,-0.006024,Critical,5.24,6.03,IMMEDIATE ACTION: Bleaching likely imminent. Risk falling. Deploy emergency monitoring. Document baseline. Restrict reef access if possible.,#8B0000,0.8081,0.8272,0.8331,0.447,0.2011,0.4726,0.8582
2010-05-03,2010-05-09,2010,18,0.7248,0.7548,0.7096,0.006466,Critical,7.14,8.07,IMMEDIATE ACTION: Bleaching likely imminent. Risk rising. Deploy emergency monitoring. Document baseline. Restrict reef access if possible.,#8B0000,0.8431,0.9457,0.8435,0.2932,0.203,0.4564,0.9225
2010-05-10,2010-05-16,2010,19,0.765,0.7718,0.7494,-0.002509,Critical,9.37,10.33,IMMEDIATE ACTION: Bleaching likely imminent. Risk stable. Deploy emergency monitoring. Document baseline. Restrict reef access if possible.,#8B0000,0.902,1.0,0.849,0.2932,0.2049,0.4347,0.8354
2010-05-17,2010-05-23,2010,20,0.7126,0.7368,0.6833,-0.008686,Critical,11.4,12.15,IMMEDIATE ACTION: Bleaching likely imminent. Risk falling. Deploy emergency monitoring. Document baseline. Restrict reef access if possible.,#8B0000,0.7752,1.0,0.8493,0.2932,0.2068,0.4724,0.6724
2010-05-24,2010-05-30,2010,21,0.6585,0.6771,0.6488,-0.004873,High,13.0,13.6,ELEVATED ALERT: Risk stable. Increase monitoring to twice-weekly. Notify stakeholders. Prepare response plans.,#FF4500,0.6298,1.0,0.8446,0.2932,0.2088,0.4775,0.6597
2010-05-31,2010-06-06,2010,22,0.6682,0.6788,0.6473,0.005282,High,14.31,14.84,ELEVATED ALERT: Risk rising. Increase monitoring to twice-weekly. Notify stakeholders. Prepare response plans.,#FF4500,0.6814,1.0,0.8349,0.1879,0.2107,0.5036,0.707
2010-06-07,2010-06-13,2010,23,0.6397,0.6641,0.614,-0.008584,High,15.12,15.14,ELEVATED ALERT: Risk falling. Increase monitoring to twice-weekly. Notify stakeholders. Prepare response plans.,#FF4500,0.5569,1.0,0.8204,0.1703,0.2126,0.4817,0.6211
2010-06-14,2010-06-20,2010,24,0.5871,0.6102,0.5686,-0.006408,High,15.14,15.14,ELEVATED ALERT: Risk falling. Increase monitoring to twice-weekly. Notify stakeholders. Prepare response plans.,#FF4500,0.3688,1.0,0.8012,0.1703,0.2145,0.5119,0.675
2010-06-21,2010-06-27,2010,25,0.5391,0.5569,0.5104,-0.008479,High,15.14,15.14,ELEVATED ALERT: Risk falling. Increase monitoring to twice-weekly. Notify stakeholders. Prepare response plans.,#FF4500,0.2707,0.9152,0.7776,0.1703,0.2164,0.4932,0.5836
2010-06-28,2010-07-04,2010,26,0.4976,0.5007,0.4849,-0.001181,Moderate,14.91,15.14,WATCH: Risk stable. Maintain weekly monitoring. Review contingency plans.,#FFA500,0.2545,0.6874,0.75,0.1585,0.2183,0.5444,0.5403
2010-07-05,2010-07-11,2010,27,0.4789,0.493,0.4586,-0.002535,Moderate,13.69,14.3,WATCH: Risk stable. Maintain weekly monitoring. Review contingency plans.,#FFA500,0.3488,0.5212,0.7188,0.1497,0.2203,0.461,0.8088
2010-07-12,2010-07-18,2010,28,0.435,0.4476,0.4246,-0.003935,Moderate,11.85,12.72,WATCH: Risk stable. Maintain weekly monitoring. Review contingency plans.,#FFA500,0.2785,0.5,0.6844,0.1497,0.2222,0.4727,0.6067
2010-07-19,2010-07-25,2010,29,0.4277,0.4325,0.421,-0.00077,Moderate,9.91,10.73,WATCH: Risk stable. Maintain weekly monitoring. Review contingency plans.,#FFA500,0.2769,0.5,0.6473,0.1497,0.2241,0.4854,0.6116
2010-07-26,2010-08-01,2010,30,0.4219,0.4276,0.4168,0.000912,Moderate,8.0,8.85,WATCH: Risk stable. Maintain weekly monitoring. Review contingency plans.,#FFA500,0.2453,0.484,0.6081,0.1471,0.226,0.5775,0.5696
2010-08-02,2010-08-08,2010,31,0.4,0.4131,0.3811,-0.005766,Moderate,5.77,6.74,WATCH: Risk falling. Maintain weekly monitoring. Review contingency plans.,#FFA500,0.2121,0.3607,0.5673,0.1314,0.2279,0.5246,0.6413
2010-08-09,2010-08-15,2010,32,0.358,0.3746,0.3429,-0.005295,Moderate,3.74,4.52,WATCH: Risk falling. Maintain weekly monitoring. Review contingency plans.,#FFA500,0.2027,0.2341,0.5256,0.1314,0.2298,0.482,0.6506
2010-08-16,2010-08-22,2010,33,0.3329,0.3384,0.3277,-0.001151,Low,2.14,2.76,ROUTINE: Risk stable. Standard monitoring sufficient. Good period for baseline surveys.,#FFD700,0.1711,0.1338,0.4834,0.1314,0.2318,0.4861,0.6714
2010-08-23,2010-08-29,2010,34,0.3226,0.3317,0.3048,-0.004508,Low,0.83,1.37,ROUTINE: Risk stable. Standard monitoring sufficient. Good period for baseline surveys.,#FFD700,0.1728,0.052,0.4416,0.1314,0.2337,0.5246,0.6669
2010-08-30,2010-09-05,2010,35,0.3007,0.3134,0.295,0.001834,Low,0.02,0.14,ROUTINE: Risk stable. Standard monitoring sufficient. Good period for baseline surveys.,#FFD700,0.2214,0.0013,0.4005,0.0873,0.2356,0.5161,0.6772
2010-09-06,2010-09-12,2010,36,0.3117,0.3208,0.3012,-0.003624,Low,0.0,0.0,ROUTINE: Risk stable. Standard monitoring sufficient. Good period for baseline surveys.,#FFD700,0.2454,0.0,0.3609,0.0696,0.2375,0.5123,0.675
2010-09-13,2010-09-19,2010,37,0.2934,0.2999,0.2895,-0.001196,Low,0.0,0.0,ROUTINE: Risk stable. Standard monitoring sufficient. Good period for baseline surveys.,#FFD700,0.2255,0.0,0.3234,0.0696,0.2394,0.4812,0.7038
2010-09-20,2010-09-26,2010,38,0.2949,0.3042,0.2885,0.001892,Low,0.0,0.0,ROUTINE: Risk stable. Standard monitoring sufficient. Good period for baseline surveys.,#FFD700,0.2536,0.0257,0.2884,0.0696,0.2413,0.4849,0.7879
2010-09-27,2010-10-03,2010,39,0.3083,0.3164,0.3003,0.002433,Low,0.0,0.0,ROUTINE: Risk stable. Standard monitoring sufficient. Good period for baseline surveys.,#FFD700,0.307,0.0954,0.2564,0.0479,0.2433,0.4782,0.6977
2010-10-04,2010-10-10,2010,40,0.2997,0.3082,0.2938,-0.00185,Low,0.0,0.0,ROUTINE: Risk stable. Standard monitoring sufficient. Good period for baseline surveys.,#FFD700,0.2793,0.1,0.228,0.0189,0.2452,0.4851,0.6019
2010-10-11,2010-10-17,2010,41,0.3026,0.3171,0.2919,0.004385,Low,0.0,0.0,ROUTINE: Risk stable. Standard monitoring sufficient. Good period for baseline surveys.,#FFD700,0.2305,0.1,0.2035,0.0189,0.2471,0.5796,0.6623
2010-10-18,2010-10-24,2010,42,0.304,0.3094,0.2991,0.000507,Low,0.0,0.0,ROUTINE: Risk stable. Standard monitoring sufficient. Good period for baseline surveys.,#FFD700,0.2418,0.1,0.1834,0.0189,0.249,0.4863,0.8913
2010-10-25,2010-10-31,2010,43,0.2966,0.3075,0.2918,-0.002416,Low,0.0,0.0,ROUTINE: Risk stable. Standard monitoring sufficient. Good period for baseline surveys.,#FFD700,0.2394,0.1,0.1678,0.0189,0.2509,0.5028,0.7675
2010-11-01,2010-11-07,2010,44,0.277,0.287,0.2638,-0.001002,Low,0.0,0.0,ROUTINE: Risk stable. Standard monitoring sufficient. Good period for baseline surveys.,#FFD700,0.1446,0.1,0.157,0.0015,0.2528,0.5569,0.6475
2010-11-08,2010-11-14,2010,45,0.2982,0.3037,0.2906,-0.001136,Low,0.0,0.0,ROUTINE: Risk stable. Standard monitoring sufficient. Good period for baseline surveys.,#FFD700,0.1659,0.1,0.1513,0.0015,0.2548,0.6002,0.6699
2010-11-15,2010-11-21,2010,46,0.2944,0.3007,0.2873,0.001326,Low,0.0,0.0,ROUTINE: Risk stable. Standard monitoring sufficient. Good period for baseline surveys.,#FFD700,0.1816,0.1,0.1505,0.0015,0.2567,0.5629,0.8281
2010-11-22,2010-11-28,2010,47,0.2901,0.2941,0.2867,-0.001051,Low,0.0,0.0,ROUTINE: Risk stable. Standard monitoring sufficient. Good period for baseline surveys.,#FFD700,0.1704,0.1,0.1549,0.0015,0.2586,0.5447,0.8433
2010-11-29,2010-12-05,2010,48,0.2786,0.282,0.2746,0.000818,Low,0.0,0.0,ROUTINE: Risk stable. Standard monitoring sufficient. Good period for baseline surveys.,#FFD700,0.1673,0.1,0.1642,0.0621,0.2605,0.5,0.7474
2010-12-06,2010-12-12,2010,49,0.273,0.2778,0.2648,-0.001538,Low,0.0,0.0,ROUTINE: Risk stable. Standard monitoring sufficient. Good period for baseline surveys.,#FFD700,0.1418,0.1,0.1784,0.0864,0.2624,0.5049,0.7348
2010-12-13,2010-12-19,2010,50,0.284,0.2889,0.2798,0.000222,Low,0.0,0.0,ROUTINE: Risk stable. Standard monitoring sufficient. Good period for baseline surveys.,#FFD700,0.1756,0.1,0.1973,0.0864,0.2643,0.5054,0.8012
2010-12-20,2010-12-26,2010,51,0.2792,0.2851,0.2724,-0.002059,Low,0.0,0.0,ROUTINE: Risk stable. Standard monitoring sufficient. Good period for baseline surveys.,#FFD700,0.142,0.1,0.2206,0.0864,0.2663,0.49,0.7824
2010-12-27,2011-01-02,2010,52,0.2867,0.3007,0.2683,0.006061,Low,0.0,0.0,ROUTINE: Risk rising. Standard monitoring sufficient. Good period for baseline surveys.,#FFD700,0.2069,0.1,0.2493,0.1268,0.2683,0.4984,0.75
2011-01-03,2011-01-09,2011,1,0.3153,0.3196,0.3075,0.001808,Low,0.0,0.0,ROUTINE: Risk stable. Standard monitoring sufficient. Good period for baseline surveys.,#FFD700,0.2373,0.1,0.2789,0.2076,0.2701,0.502,0.743
2011-01-10,2011-01-16,2011,2,0.3241,0.3297,0.3187,-0.000316,Low,0.0,0.0,ROUTINE: Risk stable. Standard monitoring sufficient. Good period for baseline surveys.,#FFD700,0.2236,0.1,0.3131,0.2076,0.272,0.4472,0.8522
2011-01-17,2011-01-23,2011,3,0.3235,0.3248,0.3222,0.000344,Low,0.0,0.0,ROUTINE: Risk stable. Standard monitoring sufficient. Good period for baseline surveys.,#FFD700,0.1811,0.1,0.35,0.2076,0.2739,0.4587,0.9338
2011-01-24,2011-01-30,2011,4,0.3279,0.3337,0.322,-0.001869,Low,0.0,0.0,ROUTINE: Risk stable. Standard monitoring sufficient. Good period for baseline surveys.,#FFD700,0.2047,0.1,0.389,0.2076,0.2758,0.4937,0.8118
2011-01-31,2011-02-06,2011,5,0.3302,0.333,0.3246,0.000907,Low,0.0,0.0,ROUTINE: Risk stable. Standard monitoring sufficient. Good period for baseline surveys.,#FFD700,0.1637,0.1,0.4297,0.2205,0.2778,0.5166,0.8301
2011-02-07,2011-02-13,2011,6,0.3396,0.3458,0.3359,0.000881,Low,0.0,0.0,ROUTINE: Risk stable. Standard monitoring sufficient. Good period for baseline surveys.,#FFD700,0.189,0.1,0.4714,0.2226,0.2797,0.5022,0.8878
2011-02-14,2011-02-20,2011,7,0.3671,0.3884,0.349,0.00713,Moderate,0.0,0.0,WATCH: Risk rising. Maintain weekly monitoring. Review contingency plans.,#FFA500,0.282,0.1,0.5135,0.2226,0.2816,0.4961,0.9249
2011-02-21,2011-02-27,2011,8,0.3886,0.4027,0.3765,-0.004382,Moderate,0.0,0.0,WATCH: Risk stable. Maintain weekly monitoring. Review contingency plans.,#FFA500,0.3069,0.1,0.5555,0.2226,0.2835,0.4978,0.7887
2011-02-28,2011-03-06,2011,9,0.392,0.3979,0.3852,0.001342,Moderate,0.0,0.0,WATCH: Risk stable. Maintain weekly monitoring. Review contingency plans.,#FFA500,0.2674,0.1,0.5966,0.2657,0.2854,0.5065,0.9251
2011-03-07,2011-03-13,2011,10,0.3774,0.3962,0.3575,-0.007281,Moderate,0.0,0.0,WATCH: Risk falling. Maintain weekly monitoring. Review contingency plans.,#FFA500,0.2211,0.1,0.6363,0.2729,0.2873,0.4957,0.7315
2011-03-14,2011-03-20,2011,11,0.3529,0.3582,0.3483,0.000804,Moderate,0.0,0.0,WATCH: Risk stable. Maintain weekly monitoring. Review contingency plans.,#FFA500,0.1426,0.1,0.674,0.2729,0.2893,0.4661,0.8705
2011-03-21,2011-03-27,2011,12,0.3522,0.3617,0.3388,-0.004021,Moderate,0.0,0.0,WATCH: Risk stable. Maintain weekly monitoring. Review contingency plans.,#FFA500,0.1494,0.1,0.7092,0.2729,0.2912,0.4781,0.7486
2011-03-28,2011-04-03,2011,13,0.3465,0.3573,0.3357,0.002825,Moderate,0.0,0.0,WATCH: Risk stable. Maintain weekly monitoring. Review contingency plans.,#FFA500,0.0581,0.1,0.7414,0.2613,0.2931,0.5251,0.8626
2011-04-04,2011-04-10,2011,14,0.3579,0.3675,0.3472,0.003159,Moderate,0.0,0.0,WATCH: Risk stable. Maintain weekly monitoring. Review contingency plans.,#FFA500,0.1105,0.1,0.7701,0.2457,0.295,0.4976,0.9257
2011-04-11,2011-04-17,2011,15,0.3744,0.3887,0.3611,0.004098,Moderate,0.0,0.0,WATCH: Risk stable. Maintain weekly monitoring. Review contingency plans.,#FFA500,0.1652,0.1,0.7949,0.2457,0.2969,0.5157,0.9137
2011-04-18,2011-04-24,2011,16,0.3985,0.4087,0.3889,0.003342,Moderate,0.0,0.0,WATCH: Risk stable. Maintain weekly monitoring. Review contingency plans.,#FFA500,0.3049,0.1,0.8153,0.2457,0.2988,0.483,0.8656
2011-04-25,2011-05-01,2011,17,0.4106,0.4171,0.405,-0.001258,Moderate,0.0,0.0,WATCH: Risk stable. Maintain weekly monitoring. Review contingency plans.,#FFA500,0.3538,0.1,0.8312,0.24,0.3008,0.4902,0.6912
2011-05-02,2011-05-08,2011,18,0.3932,0.3997,0.3847,-0.00283,Moderate,0.0,0.0,WATCH: Risk stable. Maintain weekly monitoring. Review contingency plans.,#FFA500,0.2587,0.1,0.8424,0.2058,0.3027,0.4877,0.7278
2011-05-09,2011-05-15,2011,19,0.3739,0.3847,0.3614,-0.002414,Moderate,0.0,0.0,WATCH: Risk stable. Maintain weekly monitoring. Review contingency plans.,#FFA500,0.113,0.1,0.8485,0.2058,0.3046,0.4916,0.7375
2011-05-16,2011-05-22,2011,20,0.4417,0.4524,0.4082,0.00545,Moderate,0.41,0.48,WATCH: Risk rising. Maintain weekly monitoring. Review contingency plans.,#FFA500,0.4321,0.1548,0.8496,0.2058,0.3065,0.5059,0.9267
2011-05-23,2011-05-29,2011,21,0.4234,0.4349,0.4164,-0.002157,Moderate,0.48,0.48,WATCH: Risk stable. Maintain weekly monitoring. Review contingency plans.,#FFA500,0.2839,0.21,0.8456,0.2058,0.3084,0.4908,0.7229
2011-05-30,2011-06-05,2011,22,0.4049,0.4089,0.3972,0.000406,Moderate,0.48,0.48,WATCH: Risk stable. Maintain weekly monitoring. Review contingency plans.,#FFA500,0.2576,0.2284,0.8366,0.2511,0.3103,0.4666,0.6821
2011-06-06,2011-06-12,2011,23,0.3924,0.3981,0.3833,-0.0017,Moderate,0.48,0.48,WATCH: Risk stable. Maintain weekly monitoring. Review contingency plans.,#FFA500,0.184,0.1918,0.8227,0.2692,0.3123,0.5289,0.6723
2011-06-13,2011-06-19,2011,24,0.3789,0.3864,0.3724,-0.000297,Moderate,0.48,0.48,WATCH: Risk stable. Maintain weekly monitoring. Review contingency plans.,#FFA500,0.1449,0.139,0.8042,0.2692,0.3142,0.5332,0.747
2011-06-20,2011-06-26,2011,25,0.3813,0.39,0.3643,0.004307,Moderate,0.48,0.48,WATCH: Risk stable. Maintain weekly monitoring. Review contingency plans.,#FFA500,0.1018,0.13,0.7812,0.2692,0.3161,0.5586,0.6654
2011-06-27,2011-07-03,2011,26,0.393,0.4043,0.3847,0.002618,Moderate,0.48,0.48,WATCH: Risk stable. Maintain weekly monitoring. Review contingency plans.,#FFA500,0.2242,0.13,0.7542,0.2876,0.318,0.5225,0.6367
2011-07-04,2011-07-10,2011,27,0.409,0.4151,0.3978,0.001182,Moderate,0.48,0.48,WATCH: Risk stable. Maintain weekly monitoring. Review contingency plans.,#FFA500,0.2434,0.13,0.7234,0.3122,0.3199,0.5444,0.7947
2011-07-11,2011-07-17,2011,28,0.3865,0.3965,0.381,-0.001994,Moderate,0.48,0.48,WATCH: Risk stable. Maintain weekly monitoring. Review contingency plans.,#FFA500,0.2044,0.13,0.6895,0.3122,0.3218,0.4953,0.5834
2011-07-18,2011-07-24,2011,29,0.3572,0.3719,0.3469,-0.003259,Moderate,0.48,0.48,WATCH: Risk stable. Maintain weekly monitoring. Review contingency plans.,#FFA500,0.126,0.13,0.6527,0.3122,0.3238,0.537,0.5874
2011-07-25,2011-07-31,2011,30,0.3419,0.3564,0.3298,-0.004853,Moderate,0.48,0.48,WATCH: Risk stable. Maintain weekly monitoring. Review contingency plans.,#FFA500,0.0918,0.13,0.6138,0.3122,0.3257,0.5092,0.6664
2011-08-01,2011-08-07,2011,31,0.3453,0.3595,0.3298,0.004942,Moderate,0.48,0.48,WATCH: Risk stable. Maintain weekly monitoring. Review contingency plans.,#FFA500,0.1416,0.13,0.5732,0.3229,0.3276,0.4778,0.791
2011-08-08,2011-08-14,2011,32,0.337,0.3472,0.3285,-0.002594,Low,0.07,0.32,ROUTINE: Risk stable. Standard monitoring sufficient. Good period for baseline surveys.,#FFD700,0.185,0.0752,0.5316,0.3229,0.3295,0.4241,0.688
2011-08-15,2011-08-21,2011,33,0.3157,0.3285,0.3081,-0.003375,Low,0.0,0.0,ROUTINE: Risk stable. Standard monitoring sufficient. Good period for baseline surveys.,#FFD700,0.147,0.0223,0.4895,0.3229,0.3314,0.4339,0.6595
2011-08-22,2011-08-28,2011,34,0.2965,0.3077,0.2885,-0.003235,Low,0.0,0.0,ROUTINE: Risk stable. Standard monitoring sufficient. Good period for baseline surveys.,#FFD700,0.1032,0.0081,0.4475,0.3229,0.3333,0.4521,0.5992
2011-08-29,2011-09-04,2011,35,0.2914,0.2969,0.2885,-1.3e-05,Low,0.0,0.0,ROUTINE: Risk stable. Standard monitoring sufficient. Good period for baseline surveys.,#FFD700,0.1092,0.0383,0.4063,0.2765,0.3352,0.4857,0.6384
2011-09-05,2011-09-11,2011,36,0.2992,0.3032,0.2911,0.001238,Low,0.0,0.0,ROUTINE: Risk stable. Standard monitoring sufficient. Good period for baseline surveys.,#FFD700,0.1175,0.091,0.3665,0.2418,0.3372,0.5205,0.6467
2011-09-12,2011-09-18,2011,37,0.3098,0.319,0.292,0.00392,Low,0.0,0.0,ROUTINE: Risk stable. Standard monitoring sufficient. Good period for baseline surveys.,#FFD700,0.1519,0.1,0.3286,0.2418,0.3391,0.5279,0.7304
2011-09-19,2011-09-25,2011,38,0.3199,0.3218,0.3187,0.000137,Low,0.0,0.0,ROUTINE: Risk stable. Standard monitoring sufficient. Good period for baseline surveys.,#FFD700,0.2176,0.1,0.2932,0.2418,0.341,0.4904,0.7008
2011-09-26,2011-10-02,2011,39,0.3146,0.3198,0.3077,-0.001794,Low,0.0,0.0,ROUTINE: Risk stable. Standard monitoring sufficient. Good period for baseline surveys.,#FFD700,0.1665,0.1,0.2608,0.2461,0.3429,0.5069,0.6817
2011-10-03,2011-10-09,2011,40,0.314,0.3195,0.3048,0.002617,Low,0.0,0.0,ROUTINE: Risk stable. Standard monitoring sufficient. Good period for baseline surveys.,#FFD700,0.1441,0.1,0.2318,0.2568,0.3448,0.5071,0.8699
2011-10-10,2011-10-16,2011,41,0.3076,0.3174,0.3014,-0.001007,Low,0.0,0.0,ROUTINE: Risk stable. Standard monitoring sufficient. Good period for baseline surveys.,#FFD700,0.1577,0.1,0.2068,0.2568,0.3467,0.4856,0.7757
2011-10-17,2011-10-23,2011,42,0.3081,0.3107,0.3047,-0.000664,Low,0.0,0.0,ROUTINE: Risk stable. Standard monitoring sufficient. Good period for baseline surveys.,#FFD700,0.1619,0.1,0.186,0.2568,0.3487,0.4815,0.8302
2011-10-24,2011-10-30,2011,43,0.3184,0.3274,0.3113,0.002897,Low,0.0,0.0,ROUTINE: Risk stable. Standard monitoring sufficient. Good period for baseline surveys.,#FFD700,0.1807,0.1,0.1697,0.2568,0.3506,0.509,0.9219
2011-10-31,2011-11-06,2011,44,0.3301,0.3325,0.3254,-0.000573,Low,0.0,0.0,ROUTINE: Risk stable. Standard monitoring sufficient. Good period for baseline surveys.,#FFD700,0.2233,0.1,0.1583,0.2517,0.3525,0.4919,0.8836
2011-11-07,2011-11-13,2011,45,0.3338,0.3397,0.3265,-0.000123,Low,0.0,0.0,ROUTINE: Risk stable. Standard monitoring sufficient. Good period for baseline surveys.,#FFD700,0.2326,0.1,0.1518,0.2508,0.3544,0.4911,0.9162
2011-11-14,2011-11-20,2011,46,0.3372,0.3424,0.3291,-0.002459,Low,0.0,0.0,ROUTINE: Risk stable. Standard monitoring sufficient. Good period for baseline surveys.,#FFD700,0.224,0.1,0.1503,0.2508,0.3563,0.4702,0.9287
2011-11-21,2011-11-27,2011,47,0.322,0.3301,0.3165,-0.002131,Low,0.0,0.0,ROUTINE: Risk stable. Standard monitoring sufficient. Good period for baseline surveys.,#FFD700,0.1932,0.1,0.1539,0.2508,0.3582,0.4782,0.8612
2011-11-28,2011-12-04,2011,48,0.3135,0.3262,0.3083,0.001897,Low,0.0,0.0,ROUTINE: Risk stable. Standard monitoring sufficient. Good period for baseline surveys.,#FFD700,0.1938,0.1,0.1626,0.1713,0.3602,0.4762,0.9064
2011-12-05,2011-12-11,2011,49,0.3361,0.3429,0.3258,-0.001127,Low,0.0,0.0,ROUTINE: Risk stable. Standard monitoring sufficient. Good period for baseline surveys.,#FFD700,0.2964,0.1,0.1761,0.1116,0.3621,0.4298,0.9106
2011-12-12,2011-12-18,2011,50,0.3052,0.3167,0.2911,-0.004365,Low,0.0,0.0,ROUTINE: Risk stable. Standard monitoring sufficient. Good period for baseline surveys.,#FFD700,0.1549,0.1,0.1943,0.1116,0.364,0.481,0.8295
2011-12-19,2011-12-25,2011,51,0.2918,0.2965,0.2855,-0.001551,Low,0.0,0.0,ROUTINE: Risk stable. Standard monitoring sufficient. Good period for baseline surveys.,#FFD700,0.1097,0.1,0.217,0.1116,0.3659,0.5112,0.7237
2011-12-26,2012-01-01,2011,52,0.3069,0.3246,0.2855,0.007956,Low,0.0,0.0,ROUTINE: Risk rising. Standard monitoring sufficient. Good period for baseline surveys.,#FFD700,0.1297,0.1,0.2445,0.1246,0.3679,0.5727,0.8263
2012-01-02,2012-01-08,2012,1,0.3321,0.336,0.3293,0.000542,Low,0.0,0.0,ROUTINE: Risk stable. Standard monitoring sufficient. Good period for baseline surveys.,#FFD700,0.2201,0.1,0.2743,0.1895,0.3697,0.4581,0.9429
2012-01-09,2012-01-15,2012,2,0.3298,0.3411,0.3102,-0.005383,Low,0.0,0.0,ROUTINE: Risk falling. Standard monitoring sufficient. Good period for baseline surveys.,#FFD700,0.1821,0.1,0.308,0.1895,0.3717,0.4951,0.7961
2012-01-16,2012-01-22,2012,3,0.3268,0.3328,0.314,0.002724,Low,0.0,0.0,ROUTINE: Risk stable. Standard monitoring sufficient. Good period for baseline surveys.,#FFD700,0.1649,0.1,0.3446,0.1895,0.3736,0.521,0.9038
2012-01-23,2012-01-29,2012,4,0.3258,0.337,0.3179,0.001399,Low,0.0,0.0,ROUTINE: Risk stable. Standard monitoring sufficient. Good period for baseline surveys.,#FFD700,0.1448,0.1,0.3834,0.1895,0.3755,0.4888,0.8989
2012-01-30,2012-02-05,2012,5,0.321,0.3437,0.311,-0.005242,Low,0.0,0.0,ROUTINE: Risk falling. Standard monitoring sufficient. Good period for baseline surveys.,#FFD700,0.1193,0.1,0.4238,0.1812,0.3774,0.4958,0.7624
2012-02-06,2012-02-12,2012,6,0.3295,0.3358,0.3188,0.002379,Low,0.0,0.0,ROUTINE: Risk stable. Standard monitoring sufficient. Good period for baseline surveys.,#FFD700,0.1249,0.1,0.4654,0.1779,0.3793,0.497,0.9647
2012-02-13,2012-02-19,2012,7,0.3381,0.3418,0.333,0.000817,Low,0.0,0.0,ROUTINE: Risk stable. Standard monitoring sufficient. Good period for baseline surveys.,#FFD700,0.166,0.1,0.5075,0.1779,0.3812,0.4964,0.8333
2012-02-20,2012-02-26,2012,8,0.3415,0.3447,0.3364,-0.001141,Low,0.0,0.0,ROUTINE: Risk stable. Standard monitoring sufficient. Good period for baseline surveys.,#FFD700,0.1536,0.1,0.5495,0.1779,0.3832,0.5097,0.8454
2012-02-27,2012-03-04,2012,9,0.352,0.3583,0.3469,-0.000548,Moderate,0.0,0.0,WATCH: Risk stable. Maintain weekly monitoring. Review contingency plans.,#FFA500,0.1544,0.1,0.5908,0.2094,0.3851,0.4873,0.9073
2012-03-05,2012-03-11,2012,10,0.3386,0.3482,0.3313,-0.002067,Low,0.0,0.0,ROUTINE: Risk stable. Standard monitoring sufficient. Good period for baseline surveys.,#FFD700,0.0991,0.1,0.6307,0.233,0.387,0.4888,0.7512
2012-03-12,2012-03-18,2012,11,0.3521,0.367,0.3355,0.005678,Moderate,0.0,0.0,WATCH: Risk rising. Maintain weekly monitoring. Review contingency plans.,#FFA500,0.1541,0.1,0.6688,0.233,0.3889,0.4944,0.9017
2012-03-19,2012-03-25,2012,12,0.3773,0.3869,0.369,0.002635,Moderate,0.0,0.0,WATCH: Risk stable. Maintain weekly monitoring. Review contingency plans.,#FFA500,0.1843,0.1,0.7044,0.233,0.3908,0.4947,0.9636
2012-03-26,2012-04-01,2012,13,0.3934,0.3985,0.3891,-0.000271,Moderate,0.0,0.0,WATCH: Risk stable. Maintain weekly monitoring. Review contingency plans.,#FFA500,0.2439,0.1,0.737,0.2234,0.3927,0.4682,0.8908
2012-04-02,2012-04-08,2012,14,0.3827,0.3858,0.3791,-0.000652,Moderate,0.0,0.0,WATCH: Risk stable. Maintain weekly monitoring. Review contingency plans.,#FFA500,0.1835,0.1,0.7662,0.1659,0.3947,0.4897,0.9474
2012-04-09,2012-04-15,2012,15,0.3939,0.3987,0.3859,0.001874,Moderate,0.0,0.0,WATCH: Risk stable. Maintain weekly monitoring. Review contingency plans.,#FFA500,0.2886,0.1,0.7916,0.1659,0.3966,0.4839,0.8955
2012-04-16,2012-04-22,2012,16,0.3859,0.39,0.3813,-0.001421,Moderate,0.0,0.0,WATCH: Risk stable. Maintain weekly monitoring. Review contingency plans.,#FFA500,0.2482,0.1,0.8127,0.1659,0.3985,0.4676,0.794
2012-04-23,2012-04-29,2012,17,0.3822,0.3856,0.3793,3.3e-05,Moderate,0.0,0.0,WATCH: Risk stable. Maintain weekly monitoring. Review contingency plans.,#FFA500,0.2021,0.1,0.8293,0.1659,0.4004,0.4622,0.9049
2012-04-30,2012-05-06,2012,18,0.364,0.3776,0.3513,-0.004548,Moderate,0.0,0.0,WATCH: Risk stable. Maintain weekly monitoring. Review contingency plans.,#FFA500,0.1572,0.1,0.8411,0.1734,0.4023,0.4797,0.6591
2012-05-07,2012-05-13,2012,19,0.3859,0.4022,0.3525,0.00829,Moderate,0.0,0.0,WATCH: Risk rising. Maintain weekly monitoring. Review contingency plans.,#FFA500,0.2555,0.1,0.8479,0.1747,0.4042,0.5073,0.8992
2012-05-14,2012-05-20,2012,20,0.3916,0.4037,0.3768,-0.004887,Moderate,0.0,0.0,WATCH: Risk stable. Maintain weekly monitoring. Review contingency plans.,#FFA500,0.2314,0.1,0.8497,0.1747,0.4062,0.4612,0.8164
2012-05-21,2012-05-27,2012,21,0.358,0.37,0.338,-0.006429,Moderate,0.0,0.0,WATCH: Risk falling. Maintain weekly monitoring. Review contingency plans.,#FFA500,0.0796,0.1,0.8465,0.1747,0.4081,0.4824,0.5089
2012-05-28,2012-06-03,2012,22,0.3357,0.3676,0.3294,0.003555,Moderate,0.0,0.0,WATCH: Risk stable. Maintain weekly monitoring. Review contingency plans.,#FFA500,0.0836,0.1,0.8382,0.242,0.41,0.5263,0.5449
2012-06-04,2012-06-10,2012,23,0.3815,0.3984,0.3679,0.003922,Moderate,0.0,0.0,WATCH: Risk stable. Maintain weekly monitoring. Review contingency plans.,#FFA500,0.1539,0.1,0.825,0.3318,0.4119,0.5786,0.5701
2012-06-11,2012-06-17,2012,24,0.3868,0.404,0.3654,-0.004866,Moderate,0.0,0.0,WATCH: Risk stable. Maintain weekly monitoring. Review contingency plans.,#FFA500,0.084,0.1,0.8071,0.3318,0.4138,0.5228,0.7867
2012-06-18,2012-06-24,2012,25,0.3706,0.3814,0.3568,0.003431,Moderate,0.0,0.0,WATCH: Risk stable. Maintain weekly monitoring. Review contingency plans.,#FFA500,0.0932,0.1,0.7847,0.3318,0.4157,0.5372,0.7825
2012-06-25,2012-07-01,2012,26,0.3616,0.3676,0.3534,-0.001443,Moderate,0.0,0.0,WATCH: Risk stable. Maintain weekly monitoring. Review contingency plans.,#FFA500,0.1256,0.1,0.7583,0.362,0.4177,0.4781,0.686
2012-07-02,2012-07-08,2012,27,0.3838,0.3885,0.3699,0.00196,Moderate,0.0,0.0,WATCH: Risk stable. Maintain weekly monitoring. Review contingency plans.,#FFA500,0.1624,0.1,0.728,0.543,0.4196,0.5039,0.5794
2012-07-09,2012-07-15,2012,28,0.386,0.3949,0.3767,-0.002363,Moderate,0.0,0.0,WATCH: Risk stable. Maintain weekly monitoring. Review contingency plans.,#FFA500,0.1217,0.1,0.6945,0.543,0.4215,0.5418,0.6644
2012-07-16,2012-07-22,2012,29,0.3815,0.3875,0.3752,0.001204,Moderate,0.0,0.0,WATCH: Risk stable. Maintain weekly monitoring. Review contingency plans.,#FFA500,0.1203,0.1,0.6581,0.543,0.4234,0.4968,0.7313
2012-07-23,2012-07-29,2012,30,0.3846,0.3905,0.3806,0.000884,Moderate,0.0,0.0,WATCH: Risk stable. Maintain weekly monitoring. Review contingency plans.,#FFA500,0.1004,0.1,0.6195,0.543,0.4253,0.5449,0.6128
2012-07-30,2012-08-05,2012,31,0.3776,0.3826,0.3729,0.000779,Moderate,0.0,0.0,WATCH: Risk stable. Maintain weekly monitoring. Review contingency plans.,#FFA500,0.1057,0.1,0.5791,0.5814,0.4272,0.5204,0.7341
2012-08-06,2012-08-12,2012,32,0.3704,0.3795,0.3651,-0.001605,Moderate,0.0,0.0,WATCH: Risk stable. Maintain weekly monitoring. Review contingency plans.,#FFA500,0.1336,0.1,0.5376,0.5968,0.4292,0.4842,0.6754
2012-08-13,2012-08-19,2012,33,0.3753,0.3787,0.3732,-0.000479,Moderate,0.0,0.0,WATCH: Risk stable. Maintain weekly monitoring. Review contingency plans.,#FFA500,0.173,0.1,0.4955,0.5968,0.4311,0.4794,0.7241
2012-08-20,2012-08-26,2012,34,0.3706,0.3742,0.3674,-0.000899,Moderate,0.0,0.0,WATCH: Risk stable. Maintain weekly monitoring. Review contingency plans.,#FFA500,0.1611,0.1,0.4535,0.5968,0.433,0.5074,0.5928
2012-08-27,2012-09-02,2012,35,0.3628,0.3674,0.3587,-0.000585,Moderate,0.0,0.0,WATCH: Risk stable. Maintain weekly monitoring. Review contingency plans.,#FFA500,0.1244,0.1,0.4121,0.5797,0.4349,0.5497,0.5658
2012-09-03,2012-09-09,2012,36,0.3618,0.3661,0.3556,-0.000824,Moderate,0.0,0.0,WATCH: Risk stable. Maintain weekly monitoring. Review contingency plans.,#FFA500,0.1082,0.1,0.3721,0.5371,0.4368,0.5403,0.665
2012-09-10,2012-09-16,2012,37,0.3444,0.3499,0.3387,-0.002022,Low,0.0,0.0,ROUTINE: Risk stable. Standard monitoring sufficient. Good period for baseline surveys.,#FFD700,0.1097,0.1,0.3339,0.5371,0.4387,0.505,0.6153
2012-09-17,2012-09-23,2012,38,0.3367,0.3398,0.334,-0.000201,Low,0.0,0.0,ROUTINE: Risk stable. Standard monitoring sufficient. Good period for baseline surveys.,#FFD700,0.0957,0.1,0.2981,0.5371,0.4407,0.5022,0.6983
2012-09-24,2012-09-30,2012,39,0.3281,0.3328,0.3211,-0.000244,Low,0.0,0.0,ROUTINE: Risk stable. Standard monitoring sufficient. Good period for baseline surveys.,#FFD700,0.0581,0.1,0.2652,0.5371,0.4426,0.5161,0.6864
2012-10-01,2012-10-07,2012,40,0.34,0.3427,0.336,0.00069,Low,0.0,0.0,ROUTINE: Risk stable. Standard monitoring sufficient. Good period for baseline surveys.,#FFD700,0.1389,0.1,0.2357,0.4158,0.4445,0.4883,0.8784
2012-10-08,2012-10-14,2012,41,0.3492,0.3572,0.3392,0.003445,Moderate,0.0,0.0,WATCH: Risk stable. Maintain weekly monitoring. Review contingency plans.,#FFA500,0.2009,0.1,0.2101,0.4158,0.4464,0.508,0.8653
2012-10-15,2012-10-21,2012,42,0.3657,0.3756,0.3572,0.00335,Moderate,0.0,0.0,WATCH: Risk stable. Maintain weekly monitoring. Review contingency plans.,#FFA500,0.2503,0.1,0.1887,0.4158,0.4483,0.5049,0.8968
2012-10-22,2012-10-28,2012,43,0.3679,0.3747,0.3595,-0.002264,Moderate,0.0,0.0,WATCH: Risk stable. Maintain weekly monitoring. Review contingency plans.,#FFA500,0.2635,0.1,0.1718,0.4158,0.4502,0.4822,0.8153
2012-10-29,2012-11-04,2012,44,0.3708,0.3773,0.363,-0.001597,Moderate,0.0,0.0,WATCH: Risk stable. Maintain weekly monitoring. Review contingency plans.,#FFA500,0.2901,0.1,0.1596,0.3568,0.4522,0.4902,0.839
2012-11-05,2012-11-11,2012,45,0.3505,0.361,0.3328,-0.004892,Moderate,0.0,0.0,WATCH: Risk stable. Maintain weekly monitoring. Review contingency plans.,#FFA500,0.2334,0.1,0.1524,0.3125,0.4541,0.475,0.8097
2012-11-12,2012-11-18,2012,46,0.3262,0.3471,0.314,0.003592,Low,0.0,0.0,ROUTINE: Risk stable. Standard monitoring sufficient. Good period for baseline surveys.,#FFD700,0.1673,0.1,0.1502,0.3125,0.456,0.5539,0.7357
2012-11-19,2012-11-25,2012,47,0.3485,0.3532,0.3372,-0.002316,Moderate,0.0,0.0,WATCH: Risk stable. Maintain weekly monitoring. Review contingency plans.,#FFA500,0.2597,0.1,0.1531,0.3125,0.4579,0.4863,0.7693
2012-11-26,2012-12-02,2012,48,0.3224,0.3312,0.3143,-0.00137,Low,0.0,0.0,ROUTINE: Risk stable. Standard monitoring sufficient. Good period for baseline surveys.,#FFD700,0.2091,0.1,0.161,0.3304,0.4598,0.4763,0.6516
2012-12-03,2012-12-09,2012,49,0.3603,0.3707,0.3417,0.00475,Moderate,0.0,0.0,WATCH: Risk stable. Maintain weekly monitoring. Review contingency plans.,#FFA500,0.2834,0.1,0.1739,0.3752,0.4617,0.4776,0.9223
2012-12-10,2012-12-16,2012,50,0.3803,0.385,0.3748,0.000381,Moderate,0.0,0.0,WATCH: Risk stable. Maintain weekly monitoring. Review contingency plans.,#FFA500,0.3197,0.1,0.1915,0.3752,0.4637,0.496,0.7988
2012-12-17,2012-12-23,2012,51,0.3711,0.3755,0.3665,-0.001648,Moderate,0.0,0.0,WATCH: Risk stable. Maintain weekly monitoring. Review contingency plans.,#FFA500,0.2539,0.1,0.2135,0.3752,0.4656,0.5106,0.8126
2012-12-24,2012-12-30,2012,52,0.3486,0.3645,0.3351,-0.006072,Moderate,0.0,0.0,WATCH: Risk falling. Maintain weekly monitoring. Review contingency plans.,#FFA500,0.1563,0.1,0.2397,0.3752,0.4675,0.4876,0.7802
2012-12-31,2013-01-06,2013,1,0.3407,0.3532,0.3325,0.003812,Moderate,0.0,0.0,WATCH: Risk stable. Maintain weekly monitoring. Review contingency plans.,#FFA500,0.2306,0.1,0.2658,0.255,0.4694,0.5259,0.773
2013-01-07,2013-01-13,2013,2,0.354,0.3667,0.3421,0.004559,Moderate,0.0,0.0,WATCH: Risk stable. Maintain weekly monitoring. Review contingency plans.,#FFA500,0.2442,0.1,0.2981,0.235,0.4713,0.4891,0.8912
2013-01-14,2013-01-20,2013,3,0.3842,0.3913,0.372,0.003097,Moderate,0.0,0.0,WATCH: Risk stable. Maintain weekly monitoring. Review contingency plans.,#FFA500,0.3227,0.1,0.3339,0.235,0.4732,0.4992,0.8973
2013-01-21,2013-01-27,2013,4,0.3958,0.399,0.3921,2.1e-05,Moderate,0.0,0.0,WATCH: Risk stable. Maintain weekly monitoring. Review contingency plans.,#FFA500,0.33,0.1,0.3721,0.235,0.4752,0.4867,0.874
2013-01-28,2013-02-03,2013,5,0.3907,0.3922,0.3893,-7e-05,Moderate,0.0,0.0,WATCH: Risk stable. Maintain weekly monitoring. Review contingency plans.,#FFA500,0.2774,0.1,0.4121,0.2677,0.4771,0.4658,0.9345
2013-02-04,2013-02-10,2013,6,0.3907,0.3953,0.385,0.000932,Moderate,0.0,0.0,WATCH: Risk stable. Maintain weekly monitoring. Review contingency plans.,#FFA500,0.2544,0.1,0.4535,0.3112,0.479,0.5162,0.8808
2013-02-11,2013-02-17,2013,7,0.3981,0.4078,0.3922,0.002244,Moderate,0.0,0.0,WATCH: Risk stable. Maintain weekly monitoring. Review contingency plans.,#FFA500,0.2648,0.1,0.4955,0.3112,0.4809,0.4833,0.9271
2013-02-18,2013-02-24,2013,8,0.3968,0.4098,0.381,-0.004971,Moderate,0.0,0.0,WATCH: Risk stable. Maintain weekly monitoring. Review contingency plans.,#FFA500,0.2223,0.1,0.5376,0.3112,0.4828,0.4846,0.8768
2013-02-25,2013-03-03,2013,9,0.3883,0.3966,0.3801,-0.000696,Moderate,0.0,0.0,WATCH: Risk stable. Maintain weekly monitoring. Review contingency plans.,#FFA500,0.203,0.1,0.5791,0.3046,0.4847,0.5197,0.8435
2013-03-04,2013-03-10,2013,10,0.3862,0.396,0.3806,0.002455,Moderate,0.0,0.0,WATCH: Risk stable. Maintain weekly monitoring. Review contingency plans.,#FFA500,0.2009,0.1,0.6195,0.2959,0.4867,0.4708,0.9588
2013-03-11,2013-03-17,2013,11,0.4083,0.4235,0.3989,0.003694,Moderate,0.0,0.0,WATCH: Risk stable. Maintain weekly monitoring. Review contingency plans.,#FFA500,0.2543,0.1,0.6581,0.2959,0.4886,0.502,0.967
2013-03-18,2013-03-24,2013,12,0.4488,0.4624,0.4307,0.004959,Moderate,0.0,0.0,WATCH: Risk stable. Maintain weekly monitoring. Review contingency plans.,#FFA500,0.4127,0.1,0.6945,0.2959,0.4905,0.4842,0.9282
2013-03-25,2013-03-31,2013,13,0.4748,0.4778,0.4659,0.001079,Moderate,0.0,0.0,WATCH: Risk stable. Maintain weekly monitoring. Review contingency plans.,#FFA500,0.4637,0.1,0.728,0.2959,0.4924,0.4818,0.8834
2013-04-01,2013-04-07,2013,14,0.4341,0.4587,0.4149,-0.007018,Moderate,0.0,0.0,WATCH: Risk falling. Maintain weekly monitoring. Review contingency plans.,#FFA500,0.3022,0.1,0.7583,0.1892,0.4943,0.5151,0.7117
2013-04-08,2013-04-14,2013,15,0.4194,0.4228,0.4143,-0.000494,Moderate,0.0,0.0,WATCH: Risk stable. Maintain weekly monitoring. Review contingency plans.,#FFA500,0.3355,0.1,0.7847,0.1892,0.4962,0.4781,0.8443
2013-04-15,2013-04-21,2013,16,0.4207,0.4426,0.4118,0.004181,Moderate,0.02,0.14,WATCH: Risk stable. Maintain weekly monitoring. Review contingency plans.,#FFA500,0.346,0.1017,0.8071,0.1892,0.4982,0.5034,0.8645
2013-04-22,2013-04-28,2013,17,0.494,0.5236,0.4637,0.009122,Moderate,0.85,1.39,WATCH: Risk rising. Maintain weekly monitoring. Review contingency plans.,#FFA500,0.5467,0.2083,0.825,0.1892,0.5001,0.4688,0.856
2013-04-29,2013-05-05,2013,18,0.5334,0.539,0.5275,-0.000594,Moderate,1.98,2.21,WATCH: Risk stable. Maintain weekly monitoring. Review contingency plans.,#FFA500,0.4878,0.4604,0.8382,0.1379,0.502,0.4676,0.8451
2013-05-06,2013-05-12,2013,19,0.531,0.5346,0.5262,-0.000696,Moderate,2.5,2.65,WATCH: Risk stable. Maintain weekly monitoring. Review contingency plans.,#FFA500,0.4474,0.649,0.8465,0.1173,0.5039,0.4485,0.7334
2013-05-13,2013-05-19,2013,20,0.5209,0.5348,0.5059,-0.00512,Moderate,2.65,2.65,WATCH: Risk falling. Maintain weekly monitoring. Review contingency plans.,#FFA500,0.3497,0.6638,0.8497,0.1173,0.5058,0.4894,0.6825
2013-05-20,2013-05-26,2013,21,0.4837,0.507,0.4715,-0.006277,Moderate,2.65,2.65,WATCH: Risk falling. Maintain weekly monitoring. Review contingency plans.,#FFA500,0.2648,0.5308,0.8479,0.1173,0.5077,0.4852,0.5992
2013-05-27,2013-06-02,2013,22,0.4259,0.4498,0.4098,-0.007638,Moderate,2.65,2.65,WATCH: Risk falling. Maintain weekly monitoring. Review contingency plans.,#FFA500,0.1625,0.3554,0.8411,0.115,0.5097,0.5015,0.6276
2013-06-03,2013-06-09,2013,23,0.3958,0.4045,0.3898,-0.001922,Moderate,2.65,2.65,WATCH: Risk stable. Maintain weekly monitoring. Review contingency plans.,#FFA500,0.185,0.2835,0.8293,0.1091,0.5116,0.4688,0.6938
2013-06-10,2013-06-16,2013,24,0.3898,0.3898,0.3898,-0.0,Moderate,2.65,2.65,WATCH: Risk stable. Maintain weekly monitoring. Review contingency plans.,#FFA500,0.1526,0.266,0.8127,0.1091,0.5135,0.5032,0.4347
2013-06-17,2013-06-23,2013,25,0.3761,0.3898,0.3711,-0.00179,Moderate,2.65,2.65,WATCH: Risk stable. Maintain weekly monitoring. Review contingency plans.,#FFA500,0.1152,0.2655,0.7916,0.1091,0.5154,0.5195,0.5921
2013-06-24,2013-06-30,2013,26,0.3727,0.3767,0.3701,0.000475,Moderate,2.65,2.65,WATCH: Risk stable. Maintain weekly monitoring. Review contingency plans.,#FFA500,0.1265,0.2655,0.7662,0.1091,0.5173,0.5158,0.6989
2013-07-01,2013-07-07,2013,27,0.3781,0.3836,0.3723,-0.000175,Moderate,2.65,2.65,WATCH: Risk stable. Maintain weekly monitoring. Review contingency plans.,#FFA500,0.1441,0.2655,0.737,0.206,0.5192,0.521,0.5379
2013-07-08,2013-07-14,2013,28,0.3835,0.3895,0.3787,-0.00079,Moderate,2.63,2.65,WATCH: Risk stable. Maintain weekly monitoring. Review contingency plans.,#FFA500,0.0895,0.2638,0.7044,0.206,0.5211,0.5261,0.5136
2013-07-15,2013-07-21,2013,29,0.36,0.3787,0.3405,-0.007774,Moderate,1.8,2.32,WATCH: Risk falling. Maintain weekly monitoring. Review contingency plans.,#FFA500,0.0511,0.1629,0.6688,0.206,0.5231,0.4968,0.4824
2013-07-22,2013-07-28,2013,30,0.3258,0.3328,0.3203,-0.001323,Low,0.67,1.1,ROUTINE: Risk stable. Standard monitoring sufficient. Good period for baseline surveys.,#FFD700,0.0735,0.042,0.6307,0.206,0.525,0.5032,0.6857
2013-07-29,2013-08-04,2013,31,0.3086,0.3162,0.3069,-0.001174,Low,0.14,0.29,ROUTINE: Risk stable. Standard monitoring sufficient. Good period for baseline surveys.,#FFD700,0.0544,0.009,0.5908,0.212,0.5269,0.5021,0.514
2013-08-05,2013-08-11,2013,32,0.3112,0.3146,0.3078,-0.000505,Low,0.0,0.0,ROUTINE: Risk stable. Standard monitoring sufficient. Good period for baseline surveys.,#FFD700,0.0896,0.0,0.5495,0.2165,0.5288,0.4783,0.7054
2013-08-12,2013-08-18,2013,33,0.3065,0.3182,0.2999,0.000835,Low,0.0,0.0,ROUTINE: Risk stable. Standard monitoring sufficient. Good period for baseline surveys.,#FFD700,0.0939,0.0,0.5075,0.2165,0.5307,0.4749,0.6875
2013-08-19,2013-08-25,2013,34,0.3185,0.3268,0.3137,-0.002455,Low,0.0,0.0,ROUTINE: Risk stable. Standard monitoring sufficient. Good period for baseline surveys.,#FFD700,0.1514,0.0241,0.4654,0.2165,0.5326,0.4587,0.713
2013-08-26,2013-09-01,2013,35,0.317,0.3225,0.3121,-0.000393,Low,0.0,0.0,ROUTINE: Risk stable. Standard monitoring sufficient. Good period for baseline surveys.,#FFD700,0.1184,0.082,0.4238,0.2131,0.5346,0.436,0.7728
2013-09-02,2013-09-08,2013,36,0.312,0.3163,0.3099,-0.000317,Low,0.0,0.0,ROUTINE: Risk stable. Standard monitoring sufficient. Good period for baseline surveys.,#FFD700,0.1389,0.0995,0.3834,0.1927,0.5365,0.4934,0.6576
2013-09-09,2013-09-15,2013,37,0.3081,0.3141,0.3048,-0.001371,Low,0.0,0.0,ROUTINE: Risk stable. Standard monitoring sufficient. Good period for baseline surveys.,#FFD700,0.1309,0.1,0.3446,0.1927,0.5384,0.4804,0.6796
2013-09-16,2013-09-22,2013,38,0.3074,0.312,0.3009,-0.000909,Low,0.0,0.0,ROUTINE: Risk stable. Standard monitoring sufficient. Good period for baseline surveys.,#FFD700,0.1419,0.1,0.308,0.1927,0.5403,0.4948,0.5446
2013-09-23,2013-09-29,2013,39,0.3193,0.3354,0.3004,0.005407,Low,0.0,0.0,ROUTINE: Risk rising. Standard monitoring sufficient. Good period for baseline surveys.,#FFD700,0.1758,0.1,0.2743,0.1927,0.5422,0.4935,0.8308
2013-09-30,2013-10-06,2013,40,0.3382,0.3406,0.3345,-0.000348,Low,0.0,0.0,ROUTINE: Risk stable. Standard monitoring sufficient. Good period for baseline surveys.,#FFD700,0.2049,0.1,0.2438,0.2418,0.5441,0.4922,0.7993
2013-10-07,2013-10-13,2013,41,0.3352,0.3483,0.3276,0.001588,Low,0.0,0.0,ROUTINE: Risk stable. Standard monitoring sufficient. Good period for baseline surveys.,#FFD700,0.1426,0.1,0.217,0.2499,0.5461,0.5723,0.6215
2013-10-14,2013-10-20,2013,42,0.3311,0.3408,0.3153,-0.003731,Low,0.0,0.0,ROUTINE: Risk stable. Standard monitoring sufficient. Good period for baseline surveys.,#FFD700,0.1598,0.1,0.1943,0.2499,0.548,0.5096,0.7328
2013-10-21,2013-10-27,2013,43,0.329,0.3351,0.3183,0.002724,Low,0.0,0.0,ROUTINE: Risk stable. Standard monitoring sufficient. Good period for baseline surveys.,#FFD700,0.1723,0.1,0.1761,0.2499,0.5499,0.5021,0.8999
2013-10-28,2013-11-03,2013,44,0.3438,0.363,0.3307,0.005617,Moderate,0.0,0.0,WATCH: Risk rising. Maintain weekly monitoring. Review contingency plans.,#FFA500,0.2149,0.1,0.1626,0.2979,0.5518,0.4908,0.9075
2013-11-04,2013-11-10,2013,45,0.3664,0.3728,0.3563,-0.00254,Moderate,0.0,0.0,WATCH: Risk stable. Maintain weekly monitoring. Review contingency plans.,#FFA500,0.2401,0.1,0.1539,0.3619,0.5537,0.4951,0.8588
2013-11-11,2013-11-17,2013,46,0.3603,0.3693,0.3531,0.00233,Moderate,0.0,0.0,WATCH: Risk stable. Maintain weekly monitoring. Review contingency plans.,#FFA500,0.2761,0.1,0.1503,0.3619,0.5556,0.5108,0.7349
2013-11-18,2013-11-24,2013,47,0.3717,0.3816,0.358,0.001487,Moderate,0.0,0.0,WATCH: Risk stable. Maintain weekly monitoring. Review contingency plans.,#FFA500,0.2848,0.1,0.1518,0.3619,0.5576,0.4999,0.785
2013-11-25,2013-12-01,2013,48,0.3678,0.3771,0.3558,0.002066,Moderate,0.0,0.0,WATCH: Risk stable. Maintain weekly monitoring. Review contingency plans.,#FFA500,0.2126,0.1,0.1583,0.3568,0.5595,0.5561,0.7739
2013-12-02,2013-12-08,2013,49,0.3623,0.3676,0.3543,-0.001219,Moderate,0.0,0.0,WATCH: Risk stable. Maintain weekly monitoring. Review contingency plans.,#FFA500,0.2431,0.1,0.1697,0.3261,0.5614,0.5104,0.7619
2013-12-09,2013-12-15,2013,50,0.3542,0.3609,0.3469,0.002366,Moderate,0.0,0.0,WATCH: Risk stable. Maintain weekly monitoring. Review contingency plans.,#FFA500,0.2205,0.1,0.186,0.3261,0.5633,0.5266,0.7781
2013-12-16,2013-12-22,2013,51,0.3607,0.3659,0.3554,-0.001311,Moderate,0.0,0.0,WATCH: Risk stable. Maintain weekly monitoring. Review contingency plans.,#FFA500,0.1456,0.1,0.2068,0.3261,0.5652,0.5422,0.9259
2013-12-23,2013-12-29,2013,52,0.3481,0.3549,0.3438,-0.001603,Moderate,0.0,0.0,WATCH: Risk stable. Maintain weekly monitoring. Review contingency plans.,#FFA500,0.117,0.1,0.2312,0.3261,0.5671,0.539,0.8095
2013-12-30,2014-01-05,2014,1,0.3443,0.3527,0.3373,-0.001942,Moderate,0.0,0.0,WATCH: Risk stable. Maintain weekly monitoring. Review contingency plans.,#FFA500,0.1329,0.1,0.2608,0.2546,0.5691,0.524,0.853
2014-01-06,2014-01-12,2014,2,0.3393,0.3423,0.3348,-0.001426,Low,0.0,0.0,ROUTINE: Risk stable. Standard monitoring sufficient. Good period for baseline surveys.,#FFD700,0.1529,0.1,0.2932,0.226,0.571,0.4699,0.896
2014-01-13,2014-01-19,2014,3,0.3299,0.3351,0.3255,-0.001475,Low,0.0,0.0,ROUTINE: Risk stable. Standard monitoring sufficient. Good period for baseline surveys.,#FFD700,0.0857,0.1,0.3286,0.226,0.5729,0.4902,0.8911
2014-01-20,2014-01-26,2014,4,0.3449,0.3619,0.3245,0.007035,Moderate,0.0,0.0,WATCH: Risk rising. Maintain weekly monitoring. Review contingency plans.,#FFA500,0.0689,0.1,0.3665,0.226,0.5748,0.6142,0.9094
2014-01-27,2014-02-02,2014,5,0.3533,0.3593,0.3436,-0.001971,Moderate,0.0,0.0,WATCH: Risk stable. Maintain weekly monitoring. Review contingency plans.,#FFA500,0.0772,0.1,0.4063,0.225,0.5767,0.5254,0.9411
2014-02-03,2014-02-09,2014,6,0.3566,0.3625,0.3505,-0.001729,Moderate,0.0,0.0,WATCH: Risk stable. Maintain weekly monitoring. Review contingency plans.,#FFA500,0.0531,0.1,0.4475,0.2223,0.5786,0.5727,0.9052
2014-02-10,2014-02-16,2014,7,0.3508,0.3585,0.3441,0.002425,Moderate,0.0,0.0,WATCH: Risk stable. Maintain weekly monitoring. Review contingency plans.,#FFA500,0.1125,0.1,0.4895,0.2223,0.5806,0.4875,0.9336
2014-02-17,2014-02-23,2014,8,0.3555,0.3587,0.3523,0.000607,Moderate,0.0,0.0,WATCH: Risk stable. Maintain weekly monitoring. Review contingency plans.,#FFA500,0.0841,0.1,0.5316,0.2223,0.5825,0.4938,0.9603
2014-02-24,2014-03-02,2014,9,0.3645,0.3681,0.359,-0.000511,Moderate,0.0,0.0,WATCH: Risk stable. Maintain weekly monitoring. Review contingency plans.,#FFA500,0.0755,0.1,0.5732,0.2269,0.5844,0.5217,0.9658
2014-03-03,2014-03-09,2014,10,0.3569,0.3619,0.3533,0.001303,Moderate,0.0,0.0,WATCH: Risk stable. Maintain weekly monitoring. Review contingency plans.,#FFA500,0.0295,0.1,0.6138,0.2385,0.5863,0.4996,0.955
2014-03-10,2014-03-16,2014,11,0.3629,0.3691,0.3585,0.001631,Moderate,0.0,0.0,WATCH: Risk stable. Maintain weekly monitoring. Review contingency plans.,#FFA500,0.0556,0.1,0.6527,0.2385,0.5882,0.498,0.9621
2014-03-17,2014-03-23,2014,12,0.3863,0.3933,0.373,0.003235,Moderate,0.0,0.0,WATCH: Risk stable. Maintain weekly monitoring. Review contingency plans.,#FFA500,0.1487,0.1,0.6895,0.2385,0.5901,0.5134,0.9496
2014-03-24,2014-03-30,2014,13,0.4214,0.4352,0.409,0.004012,Moderate,0.0,0.0,WATCH: Risk stable. Maintain weekly monitoring. Review contingency plans.,#FFA500,0.2133,0.1,0.7234,0.2385,0.5921,0.575,0.9501
2014-03-31,2014-04-06,2014,14,0.4404,0.4458,0.4359,0.000896,Moderate,0.0,0.0,WATCH: Risk stable. Maintain weekly monitoring. Review contingency plans.,#FFA500,0.2862,0.1,0.7542,0.3112,0.594,0.5203,0.8915
2014-04-07,2014-04-13,2014,15,0.4527,0.4554,0.4497,0.00023,Moderate,0.0,0.0,WATCH: Risk stable. Maintain weekly monitoring. Review contingency plans.,#FFA500,0.2227,0.1,0.7812,0.3233,0.5959,0.5774,0.9439
2014-04-14,2014-04-20,2014,16,0.5071,0.5351,0.4723,0.010326,Moderate,0.6,1.06,WATCH: Risk rising. Maintain weekly monitoring. Review contingency plans.,#FFA500,0.473,0.1734,0.8042,0.3233,0.5978,0.486,0.9451
2014-04-21,2014-04-27,2014,17,0.5956,0.6487,0.5425,0.017096,High,1.89,2.6,ELEVATED ALERT: Risk rising. Increase monitoring to twice-weekly. Notify stakeholders. Prepare response plans.,#FF4500,0.6637,0.4133,0.8227,0.3233,0.5997,0.508,0.9242
2014-04-28,2014-05-04,2014,18,0.7098,0.7282,0.6726,0.00845,Critical,3.7,4.52,IMMEDIATE ACTION: Bleaching likely imminent. Risk rising. Deploy emergency monitoring. Document baseline. Restrict reef access if possible.,#8B0000,0.8165,0.7226,0.8366,0.3352,0.5442,0.4928,0.9567
2014-05-05,2014-05-11,2014,19,0.6885,0.712,0.6597,-0.007673,Critical,5.52,6.21,IMMEDIATE ACTION: Bleaching likely imminent. Risk falling. Deploy emergency monitoring. Document baseline. Restrict reef access if possible.,#8B0000,0.7276,0.8449,0.8456,0.3442,0.2014,0.4424,0.7641
2014-05-12,2014-05-18,2014,20,0.6293,0.6463,0.62,-0.004177,High,6.99,7.55,ELEVATED ALERT: Risk stable. Increase monitoring to twice-weekly. Notify stakeholders. Prepare response plans.,#FF4500,0.5869,0.9372,0.8496,0.3442,0.2033,0.4464,0.6485
2014-05-19,2014-05-25,2014,21,0.6094,0.6227,0.5863,-0.006059,High,7.89,7.92,ELEVATED ALERT: Risk falling. Increase monitoring to twice-weekly. Notify stakeholders. Prepare response plans.,#FF4500,0.3996,0.9932,0.8485,0.3442,0.2052,0.5011,0.6808
2014-05-26,2014-06-01,2014,22,0.5657,0.5791,0.5549,-0.003457,High,7.92,7.92,ELEVATED ALERT: Risk stable. Increase monitoring to twice-weekly. Notify stakeholders. Prepare response plans.,#FF4500,0.3053,0.9949,0.8424,0.3457,0.2071,0.478,0.7029
2014-06-02,2014-06-08,2014,23,0.5581,0.5786,0.5291,-0.008104,High,7.92,7.92,ELEVATED ALERT: Risk falling. Increase monitoring to twice-weekly. Notify stakeholders. Prepare response plans.,#FF4500,0.3208,0.9326,0.8312,0.3543,0.209,0.4084,0.6961
2014-06-09,2014-06-15,2014,24,0.5034,0.5184,0.4965,-0.003227,Moderate,7.92,7.92,WATCH: Risk stable. Maintain weekly monitoring. Review contingency plans.,#FFA500,0.181,0.7029,0.8153,0.3543,0.211,0.5144,0.5699
2014-06-16,2014-06-22,2014,25,0.4926,0.5019,0.4776,-0.000827,Moderate,7.92,7.92,WATCH: Risk stable. Maintain weekly monitoring. Review contingency plans.,#FFA500,0.1394,0.6005,0.7949,0.3543,0.2129,0.5537,0.6325
2014-06-23,2014-06-29,2014,26,0.478,0.4953,0.4675,0.004197,Moderate,7.92,7.92,WATCH: Risk stable. Maintain weekly monitoring. Review contingency plans.,#FFA500,0.2185,0.5949,0.7701,0.3543,0.2148,0.5472,0.7465
2014-06-30,2014-07-06,2014,27,0.487,0.5022,0.4636,-0.006375,Moderate,7.92,7.92,WATCH: Risk falling. Maintain weekly monitoring. Review contingency plans.,#FFA500,0.2919,0.5949,0.7414,0.2508,0.2167,0.4881,0.7228
2014-07-07,2014-07-13,2014,28,0.4461,0.4582,0.4396,-0.003479,Moderate,7.32,7.77,WATCH: Risk stable. Maintain weekly monitoring. Review contingency plans.,#FFA500,0.2049,0.5223,0.7092,0.2336,0.2186,0.503,0.5738
2014-07-14,2014-07-20,2014,29,0.4111,0.4401,0.3861,-0.009076,Moderate,6.02,6.69,WATCH: Risk falling. Maintain weekly monitoring. Review contingency plans.,#FFA500,0.1516,0.3799,0.674,0.2336,0.2205,0.5154,0.5503
2014-07-21,2014-07-27,2014,30,0.3721,0.382,0.3562,-0.003213,Moderate,4.21,5.04,WATCH: Risk stable. Maintain weekly monitoring. Review contingency plans.,#FFA500,0.1551,0.2634,0.6363,0.2336,0.2225,0.4928,0.5651
2014-07-28,2014-08-03,2014,31,0.3637,0.3736,0.3498,-0.002944,Moderate,2.4,3.14,WATCH: Risk stable. Maintain weekly monitoring. Review contingency plans.,#FFA500,0.1888,0.15,0.5966,0.234,0.2244,0.5281,0.7445
2014-08-04,2014-08-10,2014,32,0.3466,0.3531,0.3414,0.001004,Moderate,0.92,1.5,WATCH: Risk stable. Maintain weekly monitoring. Review contingency plans.,#FFA500,0.2035,0.0577,0.5555,0.2346,0.2263,0.5499,0.5621
2014-08-11,2014-08-17,2014,33,0.3353,0.3499,0.3237,-0.003851,Low,0.03,0.19,ROUTINE: Risk stable. Standard monitoring sufficient. Good period for baseline surveys.,#FFD700,0.2016,0.0017,0.5135,0.2346,0.2282,0.4809,0.7481
2014-08-18,2014-08-24,2014,34,0.3333,0.3412,0.3258,-0.000738,Low,0.0,0.0,ROUTINE: Risk stable. Standard monitoring sufficient. Good period for baseline surveys.,#FFD700,0.234,0.0,0.4714,0.2346,0.2301,0.4945,0.7549
2014-08-25,2014-08-31,2014,35,0.3123,0.3247,0.3039,-0.003388,Low,0.0,0.0,ROUTINE: Risk stable. Standard monitoring sufficient. Good period for baseline surveys.,#FFD700,0.2159,0.0,0.4297,0.2346,0.232,0.4596,0.6532
2014-09-01,2014-09-07,2014,36,0.3269,0.3364,0.3115,0.00438,Low,0.0,0.0,ROUTINE: Risk stable. Standard monitoring sufficient. Good period for baseline surveys.,#FFD700,0.2768,0.0217,0.389,0.332,0.2339,0.486,0.6987
2014-09-08,2014-09-14,2014,37,0.3317,0.3341,0.3286,-0.000524,Low,0.0,0.0,ROUTINE: Risk stable. Standard monitoring sufficient. Good period for baseline surveys.,#FFD700,0.1977,0.0944,0.35,0.332,0.2359,0.5079,0.6825
2014-09-15,2014-09-21,2014,38,0.3302,0.3333,0.3254,0.000666,Low,0.0,0.0,ROUTINE: Risk stable. Standard monitoring sufficient. Good period for baseline surveys.,#FFD700,0.1414,0.1,0.3131,0.332,0.2378,0.5675,0.7562
2014-09-22,2014-09-28,2014,39,0.3242,0.3298,0.3175,-0.00175,Low,0.0,0.0,ROUTINE: Risk stable. Standard monitoring sufficient. Good period for baseline surveys.,#FFD700,0.1664,0.1,0.2789,0.332,0.2397,0.4859,0.8224
2014-09-29,2014-10-05,2014,40,0.3325,0.3432,0.3177,0.002755,Low,0.0,0.0,ROUTINE: Risk stable. Standard monitoring sufficient. Good period for baseline surveys.,#FFD700,0.2428,0.1,0.2479,0.4273,0.2416,0.4579,0.7583
2014-10-06,2014-10-12,2014,41,0.3378,0.3445,0.325,0.003149,Low,0.0,0.0,ROUTINE: Risk stable. Standard monitoring sufficient. Good period for baseline surveys.,#FFD700,0.1132,0.1,0.2206,0.4655,0.2435,0.6331,0.7361
2014-10-13,2014-10-19,2014,42,0.3663,0.3755,0.3494,0.003755,Moderate,0.0,0.0,WATCH: Risk stable. Maintain weekly monitoring. Review contingency plans.,#FFA500,0.1908,0.1,0.1973,0.4655,0.2454,0.6322,0.8551
2014-10-20,2014-10-26,2014,43,0.3739,0.3783,0.3667,0.001403,Moderate,0.0,0.0,WATCH: Risk stable. Maintain weekly monitoring. Review contingency plans.,#FFA500,0.289,0.1,0.1784,0.4655,0.2474,0.4905,0.8874
2014-10-27,2014-11-02,2014,44,0.3675,0.3754,0.3483,-0.003616,Moderate,0.0,0.0,WATCH: Risk stable. Maintain weekly monitoring. Review contingency plans.,#FFA500,0.2648,0.1,0.1642,0.4621,0.2493,0.5006,0.816
2014-11-03,2014-11-09,2014,45,0.3476,0.3615,0.3335,0.004449,Moderate,0.0,0.0,WATCH: Risk stable. Maintain weekly monitoring. Review contingency plans.,#FFA500,0.2213,0.1,0.1549,0.4537,0.2512,0.5646,0.7462
2014-11-10,2014-11-16,2014,46,0.3464,0.3529,0.3371,0.000911,Moderate,0.0,0.0,WATCH: Risk stable. Maintain weekly monitoring. Review contingency plans.,#FFA500,0.1807,0.1,0.1505,0.4537,0.2531,0.5168,0.8486
2014-11-17,2014-11-23,2014,47,0.3385,0.3434,0.3346,-0.001235,Low,0.0,0.0,ROUTINE: Risk stable. Standard monitoring sufficient. Good period for baseline surveys.,#FFD700,0.1995,0.1,0.1513,0.4537,0.255,0.5098,0.8015
2014-11-24,2014-11-30,2014,48,0.3285,0.3313,0.3258,-0.00043,Low,0.0,0.0,ROUTINE: Risk stable. Standard monitoring sufficient. Good period for baseline surveys.,#FFD700,0.1936,0.1,0.157,0.4537,0.2569,0.4872,0.7893
2014-12-01,2014-12-07,2014,49,0.3563,0.3629,0.3426,0.002486,Moderate,0.0,0.0,WATCH: Risk stable. Maintain weekly monitoring. Review contingency plans.,#FFA500,0.3071,0.1,0.1678,0.4681,0.2589,0.471,0.827
2014-12-08,2014-12-14,2014,50,0.3662,0.3717,0.3626,0.001304,Moderate,0.0,0.0,WATCH: Risk stable. Maintain weekly monitoring. Review contingency plans.,#FFA500,0.2969,0.1,0.1834,0.4681,0.2608,0.4567,0.8497
2014-12-15,2014-12-21,2014,51,0.3657,0.3721,0.356,-0.002763,Moderate,0.0,0.0,WATCH: Risk stable. Maintain weekly monitoring. Review contingency plans.,#FFA500,0.2814,0.1,0.2035,0.4681,0.2627,0.4865,0.7695
2014-12-22,2014-12-28,2014,52,0.3507,0.3568,0.341,-0.003507,Moderate,0.0,0.0,WATCH: Risk stable. Maintain weekly monitoring. Review contingency plans.,#FFA500,0.2228,0.1,0.2267,0.4681,0.2645,0.5028,0.7397
2014-12-29,2015-01-04,2015,1,0.3539,0.363,0.3448,0.003155,Moderate,0.0,0.0,WATCH: Risk stable. Maintain weekly monitoring. Review contingency plans.,#FFA500,0.2369,0.1,0.2564,0.4316,0.2665,0.4816,0.9224
2015-01-05,2015-01-11,2015,2,0.3667,0.3693,0.362,-0.000589,Moderate,0.0,0.0,WATCH: Risk stable. Maintain weekly monitoring. Review contingency plans.,#FFA500,0.2762,0.1,0.2884,0.4042,0.2684,0.4497,0.8762
2015-01-12,2015-01-18,2015,3,0.3544,0.3583,0.3498,-0.000506,Moderate,0.0,0.0,WATCH: Risk stable. Maintain weekly monitoring. Review contingency plans.,#FFA500,0.228,0.1,0.3234,0.4042,0.2704,0.4287,0.8977
2015-01-19,2015-01-25,2015,4,0.3568,0.3621,0.3523,0.001089,Moderate,0.0,0.0,WATCH: Risk stable. Maintain weekly monitoring. Review contingency plans.,#FFA500,0.1903,0.1,0.3609,0.4042,0.2723,0.5036,0.9196
2015-01-26,2015-02-01,2015,5,0.3693,0.3835,0.3592,0.004658,Moderate,0.0,0.0,WATCH: Risk stable. Maintain weekly monitoring. Review contingency plans.,#FFA500,0.2256,0.1,0.4005,0.3916,0.2742,0.5124,0.9423
2015-02-02,2015-02-08,2015,6,0.3859,0.3869,0.3836,-8.8e-05,Moderate,0.0,0.0,WATCH: Risk stable. Maintain weekly monitoring. Review contingency plans.,#FFA500,0.2496,0.1,0.4416,0.316,0.2761,0.5184,0.9402
2015-02-09,2015-02-15,2015,7,0.3934,0.4035,0.3842,0.001947,Moderate,0.0,0.0,WATCH: Risk stable. Maintain weekly monitoring. Review contingency plans.,#FFA500,0.27,0.1,0.4834,0.316,0.278,0.5194,0.909
2015-02-16,2015-02-22,2015,8,0.3717,0.3847,0.3655,-0.001545,Moderate,0.0,0.0,WATCH: Risk stable. Maintain weekly monitoring. Review contingency plans.,#FFA500,0.189,0.1,0.5256,0.316,0.2799,0.5063,0.9087
2015-02-23,2015-03-01,2015,9,0.3732,0.3765,0.3691,-0.001292,Moderate,0.0,0.0,WATCH: Risk stable. Maintain weekly monitoring. Review contingency plans.,#FFA500,0.1692,0.1,0.5673,0.322,0.2819,0.5162,0.9631
2015-03-02,2015-03-08,2015,10,0.3708,0.3727,0.3675,-0.000156,Moderate,0.0,0.0,WATCH: Risk stable. Maintain weekly monitoring. Review contingency plans.,#FFA500,0.1406,0.1,0.6081,0.3582,0.2838,0.5,0.9528
2015-03-09,2015-03-15,2015,11,0.3778,0.3884,0.3645,0.004064,Moderate,0.0,0.0,WATCH: Risk stable. Maintain weekly monitoring. Review contingency plans.,#FFA500,0.1835,0.1,0.6473,0.3582,0.2857,0.4967,0.9359
2015-03-16,2015-03-22,2015,12,0.3979,0.4124,0.3861,0.004498,Moderate,0.0,0.0,WATCH: Risk stable. Maintain weekly monitoring. Review contingency plans.,#FFA500,0.2097,0.1,0.6844,0.3582,0.2876,0.5256,0.9206
2015-03-23,2015-03-29,2015,13,0.4274,0.4383,0.4218,0.002493,Moderate,0.0,0.0,WATCH: Risk stable. Maintain weekly monitoring. Review contingency plans.,#FFA500,0.3011,0.1,0.7188,0.3582,0.2895,0.51,0.9618
2015-03-30,2015-04-05,2015,14,0.4329,0.4437,0.4176,-0.003988,Moderate,0.0,0.0,WATCH: Risk stable. Maintain weekly monitoring. Review contingency plans.,#FFA500,0.2629,0.1,0.75,0.4304,0.2914,0.4902,0.9325
2015-04-06,2015-04-12,2015,15,0.4068,0.4193,0.3979,-0.003514,Moderate,0.0,0.0,WATCH: Risk stable. Maintain weekly monitoring. Review contingency plans.,#FFA500,0.179,0.1,0.7776,0.4593,0.2934,0.4831,0.9002
2015-04-13,2015-04-19,2015,16,0.3951,0.4033,0.3878,-0.000382,Moderate,0.0,0.0,WATCH: Risk stable. Maintain weekly monitoring. Review contingency plans.,#FFA500,0.1985,0.1,0.8012,0.4593,0.2953,0.4894,0.7735
2015-04-20,2015-04-26,2015,17,0.4328,0.4643,0.411,0.007744,Moderate,0.02,0.15,WATCH: Risk rising. Maintain weekly monitoring. Review contingency plans.,#FFA500,0.3566,0.1018,0.8204,0.4593,0.2972,0.4881,0.9406
2015-04-27,2015-05-03,2015,18,0.4729,0.4794,0.4669,0.001862,Moderate,0.24,0.3,WATCH: Risk stable. Maintain weekly monitoring. Review contingency plans.,#FFA500,0.4113,0.1338,0.8349,0.5092,0.2991,0.4624,0.8745
2015-05-04,2015-05-10,2015,19,0.5213,0.5521,0.4749,0.013045,High,0.83,1.35,ELEVATED ALERT: Risk rising. Increase monitoring to twice-weekly. Notify stakeholders. Prepare response plans.,#FF4500,0.5117,0.2303,0.8446,0.5758,0.301,0.4643,0.8989
2015-05-11,2015-05-17,2015,20,0.5369,0.5632,0.5235,-0.006144,High,1.53,1.53,ELEVATED ALERT: Risk falling. Increase monitoring to twice-weekly. Notify stakeholders. Prepare response plans.,#FF4500,0.4212,0.4099,0.8493,0.5758,0.3029,0.4784,0.7589
2015-05-18,2015-05-24,2015,21,0.5164,0.5289,0.4865,-0.005358,Moderate,1.53,1.53,WATCH: Risk falling. Maintain weekly monitoring. Review contingency plans.,#FFA500,0.3198,0.4785,0.849,0.5758,0.3049,0.4505,0.6179
2015-05-25,2015-05-31,2015,22,0.47,0.4836,0.4635,-0.003116,Moderate,1.53,1.53,WATCH: Risk stable. Maintain weekly monitoring. Review contingency plans.,#FFA500,0.128,0.4099,0.8435,0.5758,0.3068,0.5377,0.7565
2015-06-01,2015-06-07,2015,23,0.4912,0.5098,0.4706,0.007209,Moderate,1.53,1.53,WATCH: Risk rising. Maintain weekly monitoring. Review contingency plans.,#FFA500,0.4054,0.2731,0.8331,0.6385,0.3087,0.4201,0.824
2015-06-08,2015-06-14,2015,24,0.5101,0.5139,0.505,0.000925,Moderate,1.53,1.53,WATCH: Risk stable. Maintain weekly monitoring. Review contingency plans.,#FFA500,0.4971,0.1981,0.8179,0.6385,0.3106,0.4129,0.7516
2015-06-15,2015-06-21,2015,25,0.4872,0.5024,0.4699,-0.004926,Moderate,1.53,1.53,WATCH: Risk stable. Maintain weekly monitoring. Review contingency plans.,#FFA500,0.3944,0.1959,0.7981,0.6385,0.3125,0.4281,0.6616
2015-06-22,2015-06-28,2015,26,0.4514,0.4607,0.444,-0.00152,Moderate,1.53,1.53,WATCH: Risk stable. Maintain weekly monitoring. Review contingency plans.,#FFA500,0.2791,0.1959,0.7739,0.6385,0.3144,0.4649,0.6352
2015-06-29,2015-07-05,2015,27,0.4793,0.5017,0.4468,0.010674,Moderate,1.53,1.53,WATCH: Risk rising. Maintain weekly monitoring. Review contingency plans.,#FFA500,0.367,0.1959,0.7457,0.6678,0.3164,0.4865,0.7904
2015-07-06,2015-07-12,2015,28,0.4762,0.5017,0.4603,-0.006076,Moderate,1.53,1.53,WATCH: Risk falling. Maintain weekly monitoring. Review contingency plans.,#FFA500,0.256,0.1959,0.714,0.6795,0.3183,0.4848,0.7655
2015-07-13,2015-07-19,2015,29,0.4515,0.4563,0.4479,-0.001809,Moderate,1.51,1.53,WATCH: Risk stable. Maintain weekly monitoring. Review contingency plans.,#FFA500,0.2188,0.194,0.6792,0.6795,0.3202,0.5087,0.4852
2015-07-20,2015-07-26,2015,30,0.4357,0.4479,0.4197,-0.005135,Moderate,1.3,1.38,WATCH: Risk falling. Maintain weekly monitoring. Review contingency plans.,#FFA500,0.1863,0.1621,0.6418,0.6795,0.3221,0.5183,0.6149
2015-07-27,2015-08-02,2015,31,0.4062,0.4148,0.3953,-0.002588,Moderate,0.7,1.23,WATCH: Risk stable. Maintain weekly monitoring. Review contingency plans.,#FFA500,0.2273,0.0747,0.6023,0.7266,0.324,0.4203,0.7536
2015-08-03,2015-08-09,2015,32,0.4062,0.4116,0.4035,0.001111,Moderate,0.0,0.0,WATCH: Risk stable. Maintain weekly monitoring. Review contingency plans.,#FFA500,0.2462,0.0,0.5614,0.8444,0.3259,0.4785,0.6452
2015-08-10,2015-08-16,2015,33,0.4127,0.4191,0.4074,-0.001381,Moderate,0.0,0.0,WATCH: Risk stable. Maintain weekly monitoring. Review contingency plans.,#FFA500,0.2446,0.0,0.5196,0.8444,0.3279,0.4643,0.7084
2015-08-17,2015-08-23,2015,34,0.4306,0.4443,0.4138,0.001371,Moderate,0.0,0.0,WATCH: Risk stable. Maintain weekly monitoring. Review contingency plans.,#FFA500,0.3557,0.0,0.4774,0.8444,0.3298,0.4172,0.7559
2015-08-24,2015-08-30,2015,35,0.4167,0.422,0.4132,-0.001041,Moderate,0.0,0.0,WATCH: Risk stable. Maintain weekly monitoring. Review contingency plans.,#FFA500,0.2731,0.0346,0.4356,0.8444,0.3317,0.4778,0.694
2015-08-31,2015-09-06,2015,36,0.4204,0.4242,0.4154,0.000779,Moderate,0.0,0.0,WATCH: Risk stable. Maintain weekly monitoring. Review contingency plans.,#FFA500,0.2986,0.0978,0.3948,0.7962,0.3336,0.4507,0.6949
2015-09-07,2015-09-13,2015,37,0.4226,0.4338,0.4139,-0.003834,Moderate,0.0,0.0,WATCH: Risk stable. Maintain weekly monitoring. Review contingency plans.,#FFA500,0.3064,0.1,0.3554,0.7882,0.3355,0.439,0.7174
2015-09-14,2015-09-20,2015,38,0.4117,0.4194,0.4014,-0.002678,Moderate,0.0,0.0,WATCH: Risk stable. Maintain weekly monitoring. Review contingency plans.,#FFA500,0.2712,0.1,0.3182,0.7882,0.3374,0.4837,0.6356
2015-09-21,2015-09-27,2015,39,0.4036,0.4129,0.3949,-0.003242,Moderate,0.0,0.0,WATCH: Risk stable. Maintain weekly monitoring. Review contingency plans.,#FFA500,0.2618,0.1,0.2836,0.7882,0.3394,0.4604,0.7293
2015-09-28,2015-10-04,2015,40,0.3891,0.3936,0.3855,-0.000396,Moderate,0.0,0.0,WATCH: Risk stable. Maintain weekly monitoring. Review contingency plans.,#FFA500,0.2235,0.1,0.2521,0.8206,0.3413,0.4818,0.7105
2015-10-05,2015-10-11,2015,41,0.4107,0.4221,0.3865,0.005659,Moderate,0.0,0.0,WATCH: Risk rising. Maintain weekly monitoring. Review contingency plans.,#FFA500,0.3003,0.1,0.2243,0.8449,0.3432,0.4887,0.8168
2015-10-12,2015-10-18,2015,42,0.4608,0.4782,0.4348,0.006367,Moderate,0.0,0.0,WATCH: Risk rising. Maintain weekly monitoring. Review contingency plans.,#FFA500,0.4612,0.1,0.2004,0.8449,0.3451,0.4579,0.9294
2015-10-19,2015-10-25,2015,43,0.4722,0.4789,0.4663,0.000602,Moderate,0.0,0.0,WATCH: Risk stable. Maintain weekly monitoring. Review contingency plans.,#FFA500,0.4064,0.1,0.1809,0.8449,0.347,0.4878,0.9084
2015-10-26,2015-11-01,2015,44,0.4485,0.4593,0.4432,-0.001107,Moderate,0.0,0.0,WATCH: Risk stable. Maintain weekly monitoring. Review contingency plans.,#FFA500,0.3505,0.1,0.166,0.8391,0.3489,0.4941,0.8332
2015-11-02,2015-11-08,2015,45,0.4334,0.4499,0.4168,-0.006078,Moderate,0.0,0.0,WATCH: Risk falling. Maintain weekly monitoring. Review contingency plans.,#FFA500,0.3073,0.1,0.1559,0.8041,0.3509,0.4941,0.8182
2015-11-09,2015-11-15,2015,46,0.3924,0.4132,0.3801,-0.005122,Moderate,0.0,0.0,WATCH: Risk falling. Maintain weekly monitoring. Review contingency plans.,#FFA500,0.2194,0.1,0.1508,0.8041,0.3528,0.4695,0.7617
2015-11-16,2015-11-22,2015,47,0.4017,0.4073,0.3901,0.002089,Moderate,0.0,0.0,WATCH: Risk stable. Maintain weekly monitoring. Review contingency plans.,#FFA500,0.2357,0.1,0.1508,0.8041,0.3547,0.5013,0.9446
2015-11-23,2015-11-29,2015,48,0.4064,0.4115,0.402,-0.001241,Moderate,0.0,0.0,WATCH: Risk stable. Maintain weekly monitoring. Review contingency plans.,#FFA500,0.2667,0.1,0.1559,0.8041,0.3566,0.4967,0.8011
2015-11-30,2015-12-06,2015,49,0.4359,0.4615,0.4065,0.009793,Moderate,0.0,0.0,WATCH: Risk rising. Maintain weekly monitoring. Review contingency plans.,#FFA500,0.4195,0.1,0.166,0.7848,0.3585,0.4691,0.8188
2015-12-07,2015-12-13,2015,50,0.4555,0.4583,0.4518,0.001014,Moderate,0.0,0.0,WATCH: Risk stable. Maintain weekly monitoring. Review contingency plans.,#FFA500,0.3581,0.1,0.1809,0.7816,0.3604,0.5162,0.915
2015-12-14,2015-12-20,2015,51,0.459,0.4616,0.4565,0.00077,Moderate,0.0,0.0,WATCH: Risk stable. Maintain weekly monitoring. Review contingency plans.,#FFA500,0.3699,0.1,0.2004,0.7816,0.3624,0.5159,0.897
2015-12-21,2015-12-27,2015,52,0.4523,0.4542,0.4479,-0.000978,Moderate,0.0,0.0,WATCH: Risk stable. Maintain weekly monitoring. Review contingency plans.,#FFA500,0.3365,0.1,0.2224,0.7816,0.3641,0.4959,0.8859
2015-12-28,2016-01-03,2015,53,0.4484,0.456,0.4418,0.001068,Moderate,0.0,0.0,WATCH: Risk stable. Maintain weekly monitoring. Review contingency plans.,#FFA500,0.3153,0.1,0.2521,0.7808,0.3662,0.498,0.9647
2016-01-04,2016-01-10,2016,1,0.4624,0.4643,0.4593,0.00078,Moderate,0.0,0.0,WATCH: Risk stable. Maintain weekly monitoring. Review contingency plans.,#FFA500,0.349,0.1,0.2836,0.7798,0.3681,0.5202,0.9323
2016-01-11,2016-01-17,2016,2,0.4573,0.4671,0.447,-0.003423,Moderate,0.0,0.0,WATCH: Risk stable. Maintain weekly monitoring. Review contingency plans.,#FFA500,0.3329,0.1,0.3182,0.7798,0.37,0.4945,0.8454
2016-01-18,2016-01-24,2016,3,0.4733,0.4842,0.4589,0.004317,Moderate,0.0,0.0,WATCH: Risk stable. Maintain weekly monitoring. Review contingency plans.,#FFA500,0.3968,0.1,0.3554,0.7798,0.3719,0.4846,0.9407
2016-01-25,2016-01-31,2016,4,0.4652,0.4819,0.4496,-0.00512,Moderate,0.0,0.0,WATCH: Risk falling. Maintain weekly monitoring. Review contingency plans.,#FFA500,0.3014,0.1,0.3948,0.7798,0.3739,0.4888,0.8917
2016-02-01,2016-02-07,2016,5,0.4281,0.4348,0.4203,0.000109,Moderate,0.0,0.0,WATCH: Risk stable. Maintain weekly monitoring. Review contingency plans.,#FFA500,0.2545,0.1,0.4356,0.667,0.3758,0.4936,0.8054
2016-02-08,2016-02-14,2016,6,0.4213,0.4271,0.4172,-0.000138,Moderate,0.0,0.0,WATCH: Risk stable. Maintain weekly monitoring. Review contingency plans.,#FFA500,0.2573,0.1,0.4774,0.667,0.3777,0.4964,0.8101
2016-02-15,2016-02-21,2016,7,0.4493,0.459,0.435,0.003804,Moderate,0.0,0.0,WATCH: Risk stable. Maintain weekly monitoring. Review contingency plans.,#FFA500,0.2982,0.1,0.5196,0.667,0.3796,0.517,0.9598
2016-02-22,2016-02-28,2016,8,0.4683,0.4782,0.4573,0.003288,Moderate,0.0,0.0,WATCH: Risk stable. Maintain weekly monitoring. Review contingency plans.,#FFA500,0.3062,0.1,0.5614,0.667,0.3815,0.5112,0.9508
2016-02-29,2016-03-06,2016,9,0.4761,0.49,0.4622,-0.003834,Moderate,0.0,0.0,WATCH: Risk stable. Maintain weekly monitoring. Review contingency plans.,#FFA500,0.1956,0.1,0.6023,0.627,0.3834,0.6275,0.9419
2016-03-07,2016-03-13,2016,10,0.4512,0.4599,0.4455,0.001294,Moderate,0.0,0.0,WATCH: Risk stable. Maintain weekly monitoring. Review contingency plans.,#FFA500,0.2358,0.1,0.6418,0.6203,0.3854,0.5235,0.9368
2016-03-14,2016-03-20,2016,11,0.4634,0.4657,0.4612,4e-06,Moderate,0.0,0.0,WATCH: Risk stable. Maintain weekly monitoring. Review contingency plans.,#FFA500,0.3037,0.1,0.6792,0.6203,0.3873,0.4746,0.9504
2016-03-21,2016-03-27,2016,12,0.4773,0.4818,0.4674,0.002179,Moderate,0.0,0.0,WATCH: Risk stable. Maintain weekly monitoring. Review contingency plans.,#FFA500,0.3673,0.1,0.714,0.6203,0.3892,0.4819,0.9331
2016-03-28,2016-04-03,2016,13,0.5034,0.5196,0.4876,0.001292,Moderate,0.0,0.0,WATCH: Risk stable. Maintain weekly monitoring. Review contingency plans.,#FFA500,0.4459,0.1,0.7457,0.5899,0.3911,0.5026,0.9414
2016-04-04,2016-04-10,2016,14,0.5237,0.5478,0.5,0.007523,Moderate,0.45,0.92,WATCH: Risk rising. Maintain weekly monitoring. Review contingency plans.,#FFA500,0.473,0.1524,0.7739,0.5495,0.393,0.5159,0.9605
2016-04-11,2016-04-17,2016,15,0.5829,0.6257,0.556,0.012231,High,1.64,2.27,ELEVATED ALERT: Risk rising. Increase monitoring to twice-weekly. Notify stakeholders. Prepare response plans.,#FF4500,0.5876,0.3652,0.7981,0.5495,0.3949,0.4951,0.9178
2016-04-18,2016-04-24,2016,16,0.6972,0.7502,0.6417,0.019167,Critical,3.29,4.16,IMMEDIATE ACTION: Bleaching likely imminent. Risk rising. Deploy emergency monitoring. Document baseline. Restrict reef access if possible.,#8B0000,0.7958,0.6786,0.8179,0.5495,0.3969,0.5021,0.9719
2016-04-25,2016-05-01,2016,17,0.7706,0.7842,0.7567,0.00448,Critical,5.39,6.36,IMMEDIATE ACTION: Bleaching likely imminent. Risk stable. Deploy emergency monitoring. Document baseline. Restrict reef access if possible.,#8B0000,0.8891,0.8371,0.8331,0.524,0.2011,0.5068,0.9321
2016-05-02,2016-05-08,2016,18,0.7821,0.7933,0.7639,-0.004391,Critical,7.65,8.56,IMMEDIATE ACTION: Bleaching likely imminent. Risk stable. Deploy emergency monitoring. Document baseline. Restrict reef access if possible.,#8B0000,0.89,0.971,0.8435,0.3709,0.203,0.487,0.9095
2016-05-09,2016-05-15,2016,19,0.7643,0.7706,0.7581,0.000457,Critical,9.79,10.73,IMMEDIATE ACTION: Bleaching likely imminent. Risk stable. Deploy emergency monitoring. Document baseline. Restrict reef access if possible.,#8B0000,0.8842,1.0,0.849,0.3709,0.2049,0.4686,0.878
2016-05-16,2016-05-22,2016,20,0.745,0.7557,0.7288,-0.003305,Critical,11.97,12.9,IMMEDIATE ACTION: Bleaching likely imminent. Risk stable. Deploy emergency monitoring. Document baseline. Restrict reef access if possible.,#8B0000,0.8847,1.0,0.8493,0.3709,0.2068,0.4511,0.6987
2016-05-23,2016-05-29,2016,21,0.7042,0.7288,0.6772,-0.008576,Critical,13.85,14.45,IMMEDIATE ACTION: Bleaching likely imminent. Risk falling. Deploy emergency monitoring. Document baseline. Restrict reef access if possible.,#8B0000,0.6699,1.0,0.8446,0.3709,0.2088,0.5087,0.6031
2016-05-30,2016-06-05,2016,22,0.6525,0.6628,0.6463,-0.001185,High,15.09,15.45,ELEVATED ALERT: Risk stable. Increase monitoring to twice-weekly. Notify stakeholders. Prepare response plans.,#FF4500,0.6146,1.0,0.8349,0.24,0.2107,0.4741,0.6877
2016-06-06,2016-06-12,2016,23,0.6072,0.6453,0.5664,-0.013105,High,15.45,15.45,ELEVATED ALERT: Risk falling. Increase monitoring to twice-weekly. Notify stakeholders. Prepare response plans.,#FF4500,0.3643,1.0,0.8204,0.1876,0.2126,0.4519,0.8007
2016-06-13,2016-06-19,2016,24,0.537,0.5555,0.52,-0.0057,High,15.45,15.45,ELEVATED ALERT: Risk falling. Increase monitoring to twice-weekly. Notify stakeholders. Prepare response plans.,#FF4500,0.1985,0.9981,0.8012,0.1876,0.2145,0.4741,0.5661
2016-06-20,2016-06-26,2016,25,0.4829,0.5082,0.4576,-0.009122,Moderate,15.45,15.45,WATCH: Risk falling. Maintain weekly monitoring. Review contingency plans.,#FFA500,0.1276,0.8189,0.7776,0.1876,0.2164,0.4693,0.647
2016-06-27,2016-07-03,2016,26,0.447,0.4576,0.4393,-0.00277,Moderate,15.0,15.45,WATCH: Risk stable. Maintain weekly monitoring. Review contingency plans.,#FFA500,0.2042,0.6165,0.75,0.1575,0.2183,0.4912,0.6074
2016-07-04,2016-07-10,2016,27,0.4422,0.4484,0.437,-0.001665,Moderate,13.81,14.37,WATCH: Risk stable. Maintain weekly monitoring. Review contingency plans.,#FFA500,0.3098,0.5065,0.7188,0.1173,0.2203,0.4797,0.6551
2016-07-11,2016-07-17,2016,28,0.4264,0.4314,0.4203,-0.001312,Moderate,12.16,12.95,WATCH: Risk stable. Maintain weekly monitoring. Review contingency plans.,#FFA500,0.2661,0.5,0.6844,0.1173,0.2222,0.5173,0.6336
2016-07-18,2016-07-24,2016,29,0.4231,0.4304,0.4156,-0.002681,Moderate,10.06,10.99,WATCH: Risk stable. Maintain weekly monitoring. Review contingency plans.,#FFA500,0.2821,0.5,0.6473,0.1173,0.2241,0.4861,0.6644
2016-07-25,2016-07-31,2016,30,0.4104,0.417,0.4018,-0.00219,Moderate,7.8,8.74,WATCH: Risk stable. Maintain weekly monitoring. Review contingency plans.,#FFA500,0.2548,0.4763,0.6081,0.1173,0.226,0.47,0.6681
2016-08-01,2016-08-07,2016,31,0.3896,0.4043,0.3794,-0.004381,Moderate,5.66,6.6,WATCH: Risk stable. Maintain weekly monitoring. Review contingency plans.,#FFA500,0.2685,0.3536,0.5673,0.1011,0.2279,0.4833,0.6951
2016-08-08,2016-08-14,2016,32,0.3674,0.3724,0.3518,-0.002814,Moderate,3.48,4.43,WATCH: Risk stable. Maintain weekly monitoring. Review contingency plans.,#FFA500,0.2627,0.2173,0.5256,0.1011,0.2298,0.4755,0.6902
2016-08-15,2016-08-21,2016,33,0.3464,0.3528,0.3392,-0.001602,Moderate,1.6,2.28,WATCH: Risk stable. Maintain weekly monitoring. Review contingency plans.,#FFA500,0.2402,0.1001,0.4834,0.1011,0.2318,0.4967,0.7406
2016-08-22,2016-08-28,2016,34,0.3369,0.3456,0.3268,-0.003376,Low,0.36,0.84,ROUTINE: Risk stable. Standard monitoring sufficient. Good period for baseline surveys.,#FFD700,0.27,0.0223,0.4416,0.1011,0.2337,0.508,0.7039
2016-08-29,2016-09-04,2016,35,0.311,0.3201,0.3039,-0.002801,Low,0.0,0.0,ROUTINE: Risk stable. Standard monitoring sufficient. Good period for baseline surveys.,#FFD700,0.266,0.0,0.4005,0.0929,0.2356,0.4571,0.6002
2016-09-05,2016-09-11,2016,36,0.2942,0.3016,0.2864,-0.002907,Low,0.0,0.0,ROUTINE: Risk stable. Standard monitoring sufficient. Good period for baseline surveys.,#FFD700,0.2287,0.0,0.3609,0.0867,0.2375,0.4931,0.579
2016-09-12,2016-09-18,2016,37,0.2773,0.2823,0.2705,-0.002325,Low,0.0,0.0,ROUTINE: Risk stable. Standard monitoring sufficient. Good period for baseline surveys.,#FFD700,0.1826,0.0014,0.3234,0.0867,0.2394,0.4878,0.6473
2016-09-19,2016-09-25,2016,38,0.2677,0.2739,0.2629,0.00075,Low,0.0,0.0,ROUTINE: Risk stable. Standard monitoring sufficient. Good period for baseline surveys.,#FFD700,0.1815,0.0611,0.2884,0.0867,0.2413,0.4777,0.6396
2016-09-26,2016-10-02,2016,39,0.2798,0.2837,0.274,-0.001171,Low,0.0,0.0,ROUTINE: Risk stable. Standard monitoring sufficient. Good period for baseline surveys.,#FFD700,0.1882,0.1,0.2564,0.0892,0.2433,0.4892,0.6927
2016-10-03,2016-10-09,2016,40,0.2737,0.2799,0.2707,0.001359,Low,0.0,0.0,ROUTINE: Risk stable. Standard monitoring sufficient. Good period for baseline surveys.,#FFD700,0.1491,0.1,0.228,0.0952,0.2452,0.498,0.7249
2016-10-10,2016-10-16,2016,41,0.2933,0.2964,0.2855,0.001342,Low,0.0,0.0,ROUTINE: Risk stable. Standard monitoring sufficient. Good period for baseline surveys.,#FFD700,0.2022,0.1,0.2035,0.0952,0.2471,0.5058,0.851
2016-10-17,2016-10-23,2016,42,0.2864,0.291,0.2812,-0.00158,Low,0.0,0.0,ROUTINE: Risk stable. Standard monitoring sufficient. Good period for baseline surveys.,#FFD700,0.2089,0.1,0.1834,0.0952,0.249,0.5067,0.6733
2016-10-24,2016-10-30,2016,43,0.2897,0.2941,0.2825,6.6e-05,Low,0.0,0.0,ROUTINE: Risk stable. Standard monitoring sufficient. Good period for baseline surveys.,#FFD700,0.1682,0.1,0.1678,0.0952,0.2509,0.5045,0.8708
2016-10-31,2016-11-06,2016,44,0.2723,0.2804,0.2644,-0.002774,Low,0.0,0.0,ROUTINE: Risk stable. Standard monitoring sufficient. Good period for baseline surveys.,#FFD700,0.133,0.1,0.157,0.0958,0.2528,0.4904,0.7593
2016-11-07,2016-11-13,2016,45,0.2733,0.2893,0.2603,0.005309,Low,0.0,0.0,ROUTINE: Risk rising. Standard monitoring sufficient. Good period for baseline surveys.,#FFD700,0.1655,0.1,0.1513,0.0959,0.2548,0.5126,0.8356
2016-11-14,2016-11-20,2016,46,0.2931,0.2999,0.2846,-0.000672,Low,0.0,0.0,ROUTINE: Risk stable. Standard monitoring sufficient. Good period for baseline surveys.,#FFD700,0.1991,0.1,0.1505,0.0959,0.2567,0.4973,0.8339
2016-11-21,2016-11-27,2016,47,0.2823,0.287,0.2769,0.001203,Low,0.0,0.0,ROUTINE: Risk stable. Standard monitoring sufficient. Good period for baseline surveys.,#FFD700,0.176,0.1,0.1549,0.0959,0.2586,0.4964,0.8245
2016-11-28,2016-12-04,2016,48,0.2906,0.2985,0.2804,0.003097,Low,0.0,0.0,ROUTINE: Risk stable. Standard monitoring sufficient. Good period for baseline surveys.,#FFD700,0.2256,0.1,0.1642,0.1198,0.2605,0.4689,0.7841
2016-12-05,2016-12-11,2016,49,0.2998,0.3249,0.285,0.005671,Low,0.0,0.0,ROUTINE: Risk rising. Standard monitoring sufficient. Good period for baseline surveys.,#FFD700,0.1998,0.1,0.1784,0.1377,0.2624,0.5914,0.6869
2016-12-12,2016-12-18,2016,50,0.3183,0.3283,0.3049,-0.003915,Low,0.0,0.0,ROUTINE: Risk stable. Standard monitoring sufficient. Good period for baseline surveys.,#FFD700,0.2072,0.1,0.1973,0.1377,0.2643,0.5111,0.8419
2016-12-19,2016-12-25,2016,51,0.3027,0.3061,0.2956,-0.001118,Low,0.0,0.0,ROUTINE: Risk stable. Standard monitoring sufficient. Good period for baseline surveys.,#FFD700,0.2227,0.1,0.2206,0.1377,0.2663,0.488,0.7599
2016-12-26,2017-01-01,2016,52,0.3279,0.3343,0.3162,0.002734,Low,0.0,0.0,ROUTINE: Risk stable. Standard monitoring sufficient. Good period for baseline surveys.,#FFD700,0.2727,0.1,0.2492,0.1556,0.2683,0.4941,0.9001
2017-01-02,2017-01-08,2017,1,0.3124,0.3213,0.3059,-0.002604,Low,0.0,0.0,ROUTINE: Risk stable. Standard monitoring sufficient. Good period for baseline surveys.,#FFD700,0.1963,0.1,0.2743,0.2452,0.2701,0.4797,0.6364
2017-01-09,2017-01-15,2017,2,0.3163,0.3223,0.3114,0.000795,Low,0.0,0.0,ROUTINE: Risk stable. Standard monitoring sufficient. Good period for baseline surveys.,#FFD700,0.1467,0.1,0.308,0.2452,0.272,0.5401,0.8437
2017-01-16,2017-01-22,2017,3,0.3054,0.3188,0.296,-0.002729,Low,0.0,0.0,ROUTINE: Risk stable. Standard monitoring sufficient. Good period for baseline surveys.,#FFD700,0.1254,0.1,0.3446,0.2452,0.2739,0.5013,0.7415
2017-01-23,2017-01-29,2017,4,0.3174,0.3311,0.3002,0.005554,Low,0.0,0.0,ROUTINE: Risk rising. Standard monitoring sufficient. Good period for baseline surveys.,#FFD700,0.1903,0.1,0.3834,0.2452,0.2758,0.4737,0.8449
2017-01-30,2017-02-05,2017,5,0.3337,0.3414,0.3264,0.002093,Low,0.0,0.0,ROUTINE: Risk stable. Standard monitoring sufficient. Good period for baseline surveys.,#FFD700,0.1418,0.1,0.4238,0.3088,0.2778,0.4841,0.9171
2017-02-06,2017-02-12,2017,6,0.3465,0.3536,0.3415,0.001682,Moderate,0.0,0.0,WATCH: Risk stable. Maintain weekly monitoring. Review contingency plans.,#FFA500,0.1586,0.1,0.4654,0.3343,0.2797,0.4615,0.9627
2017-02-13,2017-02-19,2017,7,0.3654,0.3684,0.3584,0.00138,Moderate,0.0,0.0,WATCH: Risk stable. Maintain weekly monitoring. Review contingency plans.,#FFA500,0.1975,0.1,0.5075,0.3343,0.2816,0.4958,0.962
2017-02-20,2017-02-26,2017,8,0.3632,0.3656,0.3599,-0.000519,Moderate,0.0,0.0,WATCH: Risk stable. Maintain weekly monitoring. Review contingency plans.,#FFA500,0.1803,0.1,0.5495,0.3343,0.2835,0.4745,0.8982
2017-02-27,2017-03-05,2017,9,0.3465,0.3553,0.3396,-0.000247,Moderate,0.0,0.0,WATCH: Risk stable. Maintain weekly monitoring. Review contingency plans.,#FFA500,0.0681,0.1,0.5908,0.4167,0.2854,0.4888,0.8554
2017-03-06,2017-03-12,2017,10,0.3748,0.3944,0.3585,0.005802,Moderate,0.0,0.0,WATCH: Risk rising. Maintain weekly monitoring. Review contingency plans.,#FFA500,0.1765,0.1,0.6307,0.4496,0.2873,0.4857,0.9643
2017-03-13,2017-03-19,2017,11,0.4033,0.4049,0.3995,0.000408,Moderate,0.0,0.0,WATCH: Risk stable. Maintain weekly monitoring. Review contingency plans.,#FFA500,0.2232,0.1,0.6688,0.4496,0.2893,0.4706,0.9696
2017-03-20,2017-03-26,2017,12,0.3996,0.4063,0.3961,0.000897,Moderate,0.0,0.0,WATCH: Risk stable. Maintain weekly monitoring. Review contingency plans.,#FFA500,0.2096,0.1,0.7044,0.4496,0.2912,0.4698,0.9212
2017-03-27,2017-04-02,2017,13,0.4119,0.4232,0.4037,0.003139,Moderate,0.0,0.0,WATCH: Risk stable. Maintain weekly monitoring. Review contingency plans.,#FFA500,0.2471,0.1,0.737,0.4696,0.2931,0.4745,0.8921
2017-04-03,2017-04-09,2017,14,0.4262,0.4308,0.4222,0.00047,Moderate,0.0,0.0,WATCH: Risk stable. Maintain weekly monitoring. Review contingency plans.,#FFA500,0.2826,0.1,0.7662,0.5197,0.295,0.4845,0.8596
2017-04-10,2017-04-16,2017,15,0.4375,0.4534,0.4253,0.004901,Moderate,0.0,0.0,WATCH: Risk stable. Maintain weekly monitoring. Review contingency plans.,#FFA500,0.375,0.1,0.7916,0.5197,0.2969,0.5321,0.6604
2017-04-17,2017-04-23,2017,16,0.4532,0.4648,0.4374,0.004244,Moderate,0.0,0.0,WATCH: Risk stable. Maintain weekly monitoring. Review contingency plans.,#FFA500,0.3043,0.1,0.8127,0.5197,0.2988,0.5325,0.8955
2017-04-24,2017-04-30,2017,17,0.4627,0.4723,0.4564,0.000633,Moderate,0.0,0.0,WATCH: Risk stable. Maintain weekly monitoring. Review contingency plans.,#FFA500,0.3442,0.1,0.8293,0.5197,0.3008,0.4912,0.9469
2017-05-01,2017-05-07,2017,18,0.5163,0.5379,0.4862,0.008033,Moderate,0.64,1.14,WATCH: Risk rising. Maintain weekly monitoring. Review contingency plans.,#FFA500,0.5067,0.1776,0.8411,0.5491,0.3027,0.5068,0.8352
2017-05-08,2017-05-14,2017,19,0.5657,0.5721,0.5528,0.002902,High,1.85,2.36,ELEVATED ALERT: Risk stable. Increase monitoring to twice-weekly. Notify stakeholders. Prepare response plans.,#FF4500,0.5397,0.4146,0.8479,0.5491,0.3046,0.4804,0.778
2017-05-15,2017-05-21,2017,20,0.5621,0.5699,0.5482,-0.003388,High,2.51,2.51,ELEVATED ALERT: Risk stable. Increase monitoring to twice-weekly. Notify stakeholders. Prepare response plans.,#FF4500,0.3764,0.6416,0.8497,0.5491,0.3065,0.5216,0.6201
2017-05-22,2017-05-28,2017,21,0.5334,0.5424,0.5224,-0.003813,Moderate,2.51,2.51,WATCH: Risk stable. Maintain weekly monitoring. Review contingency plans.,#FFA500,0.3001,0.6562,0.8465,0.5491,0.3084,0.4834,0.6655
2017-05-29,2017-06-04,2017,22,0.5101,0.524,0.4986,-0.004069,Moderate,2.51,2.51,WATCH: Risk stable. Maintain weekly monitoring. Review contingency plans.,#FFA500,0.241,0.5328,0.8382,0.531,0.3103,0.525,0.6421
2017-06-05,2017-06-11,2017,23,0.4815,0.4897,0.4735,-0.001004,Moderate,2.51,2.51,WATCH: Risk stable. Maintain weekly monitoring. Review contingency plans.,#FFA500,0.189,0.3326,0.825,0.5174,0.3123,0.6101,0.7133
2017-06-12,2017-06-18,2017,24,0.4679,0.4819,0.4517,-0.004101,Moderate,2.51,2.51,WATCH: Risk stable. Maintain weekly monitoring. Review contingency plans.,#FFA500,0.1641,0.2589,0.8071,0.5174,0.3142,0.5964,0.8217
2017-06-19,2017-06-25,2017,25,0.4278,0.4421,0.4183,-0.004201,Moderate,2.51,2.51,WATCH: Risk stable. Maintain weekly monitoring. Review contingency plans.,#FFA500,0.1739,0.257,0.7847,0.5174,0.3161,0.4808,0.6954
2017-06-26,2017-07-02,2017,26,0.4185,0.4307,0.4137,0.001944,Moderate,2.51,2.51,WATCH: Risk stable. Maintain weekly monitoring. Review contingency plans.,#FFA500,0.1973,0.257,0.7583,0.5167,0.318,0.514,0.6637
2017-07-03,2017-07-09,2017,27,0.4273,0.433,0.4204,-0.002246,Moderate,2.51,2.51,WATCH: Risk stable. Maintain weekly monitoring. Review contingency plans.,#FFA500,0.232,0.257,0.728,0.515,0.3199,0.4917,0.6617
2017-07-10,2017-07-16,2017,28,0.4159,0.4183,0.4147,-0.000506,Moderate,2.51,2.51,WATCH: Risk stable. Maintain weekly monitoring. Review contingency plans.,#FFA500,0.1777,0.257,0.6945,0.515,0.3218,0.5201,0.6297
2017-07-17,2017-07-23,2017,29,0.4218,0.4282,0.4169,-0.000881,Moderate,2.51,2.51,WATCH: Risk stable. Maintain weekly monitoring. Review contingency plans.,#FFA500,0.1664,0.257,0.6581,0.515,0.3238,0.5633,0.703
2017-07-24,2017-07-30,2017,30,0.408,0.4216,0.3977,-0.002285,Moderate,1.87,2.36,WATCH: Risk stable. Maintain weekly monitoring. Review contingency plans.,#FFA500,0.1692,0.1806,0.6195,0.515,0.3257,0.5613,0.6977
2017-07-31,2017-08-06,2017,31,0.3893,0.4034,0.3727,-0.005559,Moderate,0.67,1.18,WATCH: Risk falling. Maintain weekly monitoring. Review contingency plans.,#FFA500,0.2192,0.0442,0.5791,0.4317,0.3276,0.5411,0.6671
2017-08-07,2017-08-13,2017,32,0.3763,0.3849,0.363,0.002328,Moderate,0.0,0.0,WATCH: Risk stable. Maintain weekly monitoring. Review contingency plans.,#FFA500,0.2739,0.0,0.5376,0.4179,0.3295,0.5171,0.69
2017-08-14,2017-08-20,2017,33,0.3688,0.3728,0.3639,-0.000977,Moderate,0.0,0.0,WATCH: Risk stable. Maintain weekly monitoring. Review contingency plans.,#FFA500,0.2594,0.0,0.4955,0.4179,0.3314,0.5185,0.6344
2017-08-21,2017-08-27,2017,34,0.3482,0.3601,0.3359,-0.004358,Moderate,0.0,0.0,WATCH: Risk stable. Maintain weekly monitoring. Review contingency plans.,#FFA500,0.1856,0.0,0.4535,0.4179,0.3333,0.5174,0.6607
2017-08-28,2017-09-03,2017,35,0.352,0.3586,0.3441,0.002026,Moderate,0.0,0.0,WATCH: Risk stable. Maintain weekly monitoring. Review contingency plans.,#FFA500,0.2056,0.0363,0.4121,0.3562,0.3352,0.5226,0.8385
2017-09-04,2017-09-10,2017,36,0.3388,0.3458,0.3341,-0.000933,Low,0.0,0.0,ROUTINE: Risk stable. Standard monitoring sufficient. Good period for baseline surveys.,#FFD700,0.2403,0.0981,0.3721,0.2739,0.3372,0.508,0.6481
2017-09-11,2017-09-17,2017,37,0.3541,0.3628,0.3438,-0.001483,Moderate,0.0,0.0,WATCH: Risk stable. Maintain weekly monitoring. Review contingency plans.,#FFA500,0.2838,0.1,0.3339,0.2739,0.3391,0.5082,0.7117
2017-09-18,2017-09-24,2017,38,0.3523,0.3596,0.3456,-0.000126,Moderate,0.0,0.0,WATCH: Risk stable. Maintain weekly monitoring. Review contingency plans.,#FFA500,0.2355,0.1,0.2981,0.2739,0.341,0.5641,0.6572
2017-09-25,2017-10-01,2017,39,0.3386,0.3444,0.3307,-0.001806,Low,0.0,0.0,ROUTINE: Risk stable. Standard monitoring sufficient. Good period for baseline surveys.,#FFD700,0.2346,0.1,0.2652,0.266,0.3429,0.5316,0.608
2017-10-02,2017-10-08,2017,40,0.3287,0.3329,0.3254,0.000298,Low,0.0,0.0,ROUTINE: Risk stable. Standard monitoring sufficient. Good period for baseline surveys.,#FFD700,0.2356,0.1,0.2357,0.219,0.3448,0.5176,0.7415
2017-10-09,2017-10-15,2017,41,0.3221,0.3308,0.3081,-0.003996,Low,0.0,0.0,ROUTINE: Risk stable. Standard monitoring sufficient. Good period for baseline surveys.,#FFD700,0.2321,0.1,0.2101,0.219,0.3467,0.4982,0.6586
2017-10-16,2017-10-22,2017,42,0.3288,0.3568,0.3043,0.009999,Moderate,0.0,0.0,WATCH: Risk rising. Maintain weekly monitoring. Review contingency plans.,#FFA500,0.2187,0.1,0.1887,0.219,0.3487,0.5835,0.8215
2017-10-23,2017-10-29,2017,43,0.3415,0.3445,0.3387,0.000142,Low,0.0,0.0,ROUTINE: Risk stable. Standard monitoring sufficient. Good period for baseline surveys.,#FFD700,0.25,0.1,0.1718,0.219,0.3506,0.4932,0.8751
2017-10-30,2017-11-05,2017,44,0.3442,0.3495,0.3406,0.000705,Low,0.0,0.0,ROUTINE: Risk stable. Standard monitoring sufficient. Good period for baseline surveys.,#FFD700,0.268,0.1,0.1596,0.2526,0.3525,0.5011,0.8705
2017-11-06,2017-11-12,2017,45,0.3419,0.3505,0.335,-0.002494,Moderate,0.0,0.0,WATCH: Risk stable. Maintain weekly monitoring. Review contingency plans.,#FFA500,0.2695,0.1,0.1524,0.266,0.3544,0.5143,0.7191
2017-11-13,2017-11-19,2017,46,0.3489,0.36,0.334,0.003879,Moderate,0.0,0.0,WATCH: Risk stable. Maintain weekly monitoring. Review contingency plans.,#FFA500,0.2984,0.1,0.1502,0.266,0.3563,0.4829,0.8818
2017-11-20,2017-11-26,2017,47,0.3341,0.3566,0.3185,-0.005869,Moderate,0.0,0.0,WATCH: Risk falling. Maintain weekly monitoring. Review contingency plans.,#FFA500,0.2544,0.1,0.1531,0.266,0.3582,0.4879,0.6556
2017-11-27,2017-12-03,2017,48,0.3313,0.3438,0.3172,0.004955,Low,0.0,0.0,ROUTINE: Risk stable. Standard monitoring sufficient. Good period for baseline surveys.,#FFD700,0.3061,0.1,0.161,0.2327,0.3602,0.5116,0.6868
2017-12-04,2017-12-10,2017,49,0.3382,0.3476,0.3266,0.002107,Low,0.0,0.0,ROUTINE: Risk stable. Standard monitoring sufficient. Good period for baseline surveys.,#FFD700,0.2755,0.1,0.1739,0.1882,0.3621,0.5178,0.7911
2017-12-11,2017-12-17,2017,50,0.3579,0.3622,0.3544,-0.000386,Moderate,0.0,0.0,WATCH: Risk stable. Maintain weekly monitoring. Review contingency plans.,#FFA500,0.2924,0.1,0.1915,0.1882,0.364,0.4926,0.9622
2017-12-18,2017-12-24,2017,51,0.3377,0.3502,0.3318,-0.002585,Moderate,0.0,0.0,WATCH: Risk stable. Maintain weekly monitoring. Review contingency plans.,#FFA500,0.2061,0.1,0.2135,0.1882,0.3659,0.496,0.9156
2017-12-25,2017-12-31,2017,52,0.3221,0.3281,0.3147,-0.0026,Low,0.0,0.0,ROUTINE: Risk stable. Standard monitoring sufficient. Good period for baseline surveys.,#FFD700,0.1987,0.1,0.2411,0.1882,0.3679,0.482,0.7922
2018-01-01,2018-01-07,2018,1,0.3126,0.3195,0.3058,-0.000763,Low,0.0,0.0,ROUTINE: Risk stable. Standard monitoring sufficient. Good period for baseline surveys.,#FFD700,0.2544,0.1,0.2697,0.1047,0.3697,0.4462,0.7659
2018-01-08,2018-01-14,2018,2,0.342,0.3476,0.3327,0.001704,Low,0.0,0.0,ROUTINE: Risk stable. Standard monitoring sufficient. Good period for baseline surveys.,#FFD700,0.318,0.1,0.303,0.1047,0.3717,0.4439,0.8811
2018-01-15,2018-01-21,2018,3,0.345,0.3513,0.3377,-0.002333,Moderate,0.0,0.0,WATCH: Risk stable. Maintain weekly monitoring. Review contingency plans.,#FFA500,0.2717,0.1,0.3392,0.1047,0.3736,0.4628,0.8489
2018-01-22,2018-01-28,2018,4,0.3349,0.3368,0.3329,0.000552,Low,0.0,0.0,ROUTINE: Risk stable. Standard monitoring sufficient. Good period for baseline surveys.,#FFD700,0.2695,0.1,0.3777,0.1047,0.3755,0.4805,0.7509
2018-01-29,2018-02-04,2018,5,0.3547,0.3602,0.3426,0.00258,Moderate,0.0,0.0,WATCH: Risk stable. Maintain weekly monitoring. Review contingency plans.,#FFA500,0.233,0.1,0.418,0.1831,0.3774,0.5061,0.9507
2018-02-05,2018-02-11,2018,6,0.3648,0.3675,0.3612,0.000789,Moderate,0.0,0.0,WATCH: Risk stable. Maintain weekly monitoring. Review contingency plans.,#FFA500,0.2091,0.1,0.4594,0.242,0.3793,0.4929,0.9669
2018-02-12,2018-02-18,2018,7,0.3685,0.3714,0.3646,0.001188,Moderate,0.0,0.0,WATCH: Risk stable. Maintain weekly monitoring. Review contingency plans.,#FFA500,0.2044,0.1,0.5015,0.242,0.3812,0.5014,0.9558
2018-02-19,2018-02-25,2018,8,0.3795,0.3887,0.3721,0.002376,Moderate,0.0,0.0,WATCH: Risk stable. Maintain weekly monitoring. Review contingency plans.,#FFA500,0.2621,0.1,0.5435,0.242,0.3832,0.4793,0.9152
2018-02-26,2018-03-04,2018,9,0.3912,0.399,0.3807,-0.002748,Moderate,0.0,0.0,WATCH: Risk stable. Maintain weekly monitoring. Review contingency plans.,#FFA500,0.2521,0.1,0.5849,0.2003,0.3851,0.4905,0.9369
2018-03-05,2018-03-11,2018,10,0.3959,0.4098,0.3772,0.006142,Moderate,0.0,0.0,WATCH: Risk rising. Maintain weekly monitoring. Review contingency plans.,#FFA500,0.3314,0.1,0.6251,0.169,0.387,0.4926,0.9159
2018-03-12,2018-03-18,2018,11,0.4328,0.4366,0.4209,0.001774,Moderate,0.0,0.0,WATCH: Risk stable. Maintain weekly monitoring. Review contingency plans.,#FFA500,0.4065,0.1,0.6635,0.169,0.3889,0.505,0.9605
2018-03-19,2018-03-25,2018,12,0.4272,0.4407,0.4131,-0.005259,Moderate,0.0,0.0,WATCH: Risk falling. Maintain weekly monitoring. Review contingency plans.,#FFA500,0.3568,0.1,0.6995,0.169,0.3908,0.5022,0.8551
2018-03-26,2018-04-01,2018,13,0.4322,0.4396,0.4238,0.00074,Moderate,0.0,0.0,WATCH: Risk stable. Maintain weekly monitoring. Review contingency plans.,#FFA500,0.3926,0.1,0.7326,0.1758,0.3927,0.4825,0.8937
2018-04-02,2018-04-08,2018,14,0.4134,0.4246,0.3922,-0.00532,Moderate,0.0,0.0,WATCH: Risk falling. Maintain weekly monitoring. Review contingency plans.,#FFA500,0.2861,0.1,0.7623,0.2168,0.3947,0.4916,0.8446
2018-04-09,2018-04-15,2018,15,0.4,0.4108,0.3889,0.003935,Moderate,0.0,0.0,WATCH: Risk stable. Maintain weekly monitoring. Review contingency plans.,#FFA500,0.2842,0.1,0.7882,0.2168,0.3966,0.4904,0.8919
2018-04-16,2018-04-22,2018,16,0.4279,0.4398,0.4092,0.004803,Moderate,0.0,0.0,WATCH: Risk stable. Maintain weekly monitoring. Review contingency plans.,#FFA500,0.3724,0.1,0.8099,0.2168,0.3985,0.5181,0.9349
2018-04-23,2018-04-29,2018,17,0.434,0.4401,0.4227,-0.002423,Moderate,0.0,0.0,WATCH: Risk stable. Maintain weekly monitoring. Review contingency plans.,#FFA500,0.3671,0.1,0.8272,0.2168,0.4004,0.4922,0.842
2018-04-30,2018-05-06,2018,18,0.4323,0.451,0.4152,0.006053,Moderate,0.0,0.0,WATCH: Risk rising. Maintain weekly monitoring. Review contingency plans.,#FFA500,0.3965,0.1,0.8397,0.3135,0.4023,0.4878,0.7938
2018-05-07,2018-05-13,2018,19,0.4952,0.5345,0.4705,0.008826,Moderate,0.55,1.09,WATCH: Risk rising. Maintain weekly monitoring. Review contingency plans.,#FFA500,0.5407,0.1663,0.8473,0.3296,0.4042,0.4909,0.8531
2018-05-14,2018-05-20,2018,20,0.6082,0.639,0.5606,0.012253,High,2.14,2.92,ELEVATED ALERT: Risk rising. Increase monitoring to twice-weekly. Notify stakeholders. Prepare response plans.,#FF4500,0.7837,0.4403,0.8498,0.3296,0.4062,0.4851,0.8284
2018-05-21,2018-05-27,2018,21,0.6642,0.6745,0.6557,-0.00071,High,3.97,4.7,ELEVATED ALERT: Risk stable. Increase monitoring to twice-weekly. Notify stakeholders. Prepare response plans.,#FF4500,0.761,0.7451,0.8473,0.3296,0.3485,0.4769,0.6669
2018-05-28,2018-06-03,2018,22,0.6366,0.6624,0.6125,-0.008244,High,5.33,5.5,ELEVATED ALERT: Risk falling. Increase monitoring to twice-weekly. Notify stakeholders. Prepare response plans.,#FF4500,0.5654,0.8334,0.8397,0.3503,0.2016,0.5309,0.6637
2018-06-04,2018-06-10,2018,23,0.5832,0.6103,0.5577,-0.008363,High,5.5,5.5,ELEVATED ALERT: Risk falling. Increase monitoring to twice-weekly. Notify stakeholders. Prepare response plans.,#FF4500,0.3469,0.8435,0.8272,0.378,0.2036,0.5515,0.635
2018-06-11,2018-06-17,2018,24,0.5472,0.5546,0.5316,-0.002572,High,5.5,5.5,ELEVATED ALERT: Risk stable. Increase monitoring to twice-weekly. Notify stakeholders. Prepare response plans.,#FF4500,0.2518,0.8385,0.8099,0.378,0.2055,0.5084,0.7111
2018-06-18,2018-06-24,2018,25,0.5096,0.5316,0.4826,-0.006889,Moderate,5.5,5.5,WATCH: Risk falling. Maintain weekly monitoring. Review contingency plans.,#FFA500,0.1987,0.6344,0.7882,0.378,0.2074,0.5499,0.6397
2018-06-25,2018-07-01,2018,26,0.4547,0.4716,0.4428,-0.005178,Moderate,5.5,5.5,WATCH: Risk falling. Maintain weekly monitoring. Review contingency plans.,#FFA500,0.1785,0.4636,0.7623,0.3762,0.2093,0.5077,0.6752
2018-07-02,2018-07-08,2018,27,0.4326,0.4462,0.4193,-0.004978,Moderate,5.5,5.5,WATCH: Risk stable. Maintain weekly monitoring. Review contingency plans.,#FFA500,0.1937,0.4435,0.7326,0.3657,0.2112,0.4822,0.702
2018-07-09,2018-07-15,2018,28,0.4165,0.4311,0.4066,0.002383,Moderate,5.5,5.5,WATCH: Risk stable. Maintain weekly monitoring. Review contingency plans.,#FFA500,0.1466,0.4435,0.6995,0.3657,0.2131,0.5469,0.6726
2018-07-16,2018-07-22,2018,29,0.4279,0.4346,0.4234,0.001396,Moderate,5.5,5.5,WATCH: Risk stable. Maintain weekly monitoring. Review contingency plans.,#FFA500,0.151,0.4435,0.6635,0.3657,0.2151,0.5612,0.6839
2018-07-23,2018-07-29,2018,30,0.4331,0.4388,0.4265,1e-06,Moderate,5.5,5.5,WATCH: Risk stable. Maintain weekly monitoring. Review contingency plans.,#FFA500,0.171,0.4435,0.6251,0.3657,0.217,0.572,0.7142
2018-07-30,2018-08-05,2018,31,0.4293,0.436,0.4149,-0.003303,Moderate,4.95,5.33,WATCH: Risk stable. Maintain weekly monitoring. Review contingency plans.,#FFA500,0.1814,0.3773,0.5849,0.3989,0.2189,0.61,0.6469
2018-08-06,2018-08-12,2018,32,0.3916,0.4054,0.3767,-0.005575,Moderate,3.35,4.16,WATCH: Risk falling. Maintain weekly monitoring. Review contingency plans.,#FFA500,0.1323,0.2131,0.5435,0.4121,0.2208,0.6193,0.6382
2018-08-13,2018-08-19,2018,33,0.3691,0.3779,0.3546,-0.004058,Moderate,1.53,2.3,WATCH: Risk stable. Maintain weekly monitoring. Review contingency plans.,#FFA500,0.128,0.0955,0.5015,0.4121,0.2227,0.6351,0.6299
2018-08-20,2018-08-26,2018,34,0.3491,0.3563,0.3403,-0.001146,Moderate,0.16,0.58,WATCH: Risk stable. Maintain weekly monitoring. Review contingency plans.,#FFA500,0.1192,0.0101,0.4594,0.4121,0.2246,0.6234,0.6465
2018-08-27,2018-09-02,2018,35,0.3497,0.3642,0.3373,0.001497,Moderate,0.0,0.0,WATCH: Risk stable. Maintain weekly monitoring. Review contingency plans.,#FFA500,0.1196,0.0,0.418,0.467,0.2266,0.639,0.6719
2018-09-03,2018-09-09,2018,36,0.3824,0.3995,0.3682,0.003818,Moderate,0.0,0.0,WATCH: Risk stable. Maintain weekly monitoring. Review contingency plans.,#FFA500,0.1445,0.0,0.3777,0.6044,0.2285,0.6573,0.7552
2018-09-10,2018-09-16,2018,37,0.3658,0.3807,0.3471,-0.005604,Moderate,0.0,0.0,WATCH: Risk falling. Maintain weekly monitoring. Review contingency plans.,#FFA500,0.1958,0.0048,0.3392,0.6044,0.2304,0.4981,0.7603
2018-09-17,2018-09-23,2018,38,0.3614,0.379,0.3428,0.005433,Moderate,0.0,0.0,WATCH: Risk rising. Maintain weekly monitoring. Review contingency plans.,#FFA500,0.1564,0.0799,0.303,0.6044,0.2323,0.6106,0.697
2018-09-24,2018-09-30,2018,39,0.3751,0.3914,0.3592,0.006056,Moderate,0.0,0.0,WATCH: Risk rising. Maintain weekly monitoring. Review contingency plans.,#FFA500,0.2539,0.1,0.2697,0.6044,0.2342,0.4985,0.8392
2018-10-01,2018-10-07,2018,40,0.4076,0.4184,0.3889,0.00315,Moderate,0.0,0.0,WATCH: Risk stable. Maintain weekly monitoring. Review contingency plans.,#FFA500,0.3723,0.1,0.2397,0.6782,0.2361,0.491,0.7404
2018-10-08,2018-10-14,2018,41,0.3828,0.3996,0.3712,-0.004482,Moderate,0.0,0.0,WATCH: Risk stable. Maintain weekly monitoring. Review contingency plans.,#FFA500,0.1889,0.1,0.2135,0.6782,0.2381,0.5655,0.7021
2018-10-15,2018-10-21,2018,42,0.3575,0.3667,0.3527,-0.00187,Moderate,0.0,0.0,WATCH: Risk stable. Maintain weekly monitoring. Review contingency plans.,#FFA500,0.1976,0.1,0.1915,0.6782,0.24,0.496,0.7141
2018-10-22,2018-10-28,2018,43,0.378,0.3872,0.3648,0.003606,Moderate,0.0,0.0,WATCH: Risk stable. Maintain weekly monitoring. Review contingency plans.,#FFA500,0.2794,0.1,0.1739,0.6782,0.2419,0.4928,0.8421
2018-10-29,2018-11-04,2018,44,0.3981,0.4067,0.3855,-0.001798,Moderate,0.0,0.0,WATCH: Risk stable. Maintain weekly monitoring. Review contingency plans.,#FFA500,0.2746,0.1,0.161,0.6611,0.2438,0.5083,0.9108
2018-11-05,2018-11-11,2018,45,0.361,0.3788,0.3452,-0.005701,Moderate,0.0,0.0,WATCH: Risk falling. Maintain weekly monitoring. Review contingency plans.,#FFA500,0.2164,0.1,0.1531,0.6483,0.2457,0.4874,0.6926
2018-11-12,2018-11-18,2018,46,0.3552,0.3612,0.3454,0.00237,Moderate,0.0,0.0,WATCH: Risk stable. Maintain weekly monitoring. Review contingency plans.,#FFA500,0.2328,0.1,0.1502,0.6483,0.2476,0.5072,0.7298
2018-11-19,2018-11-25,2018,47,0.3862,0.3951,0.3667,0.004452,Moderate,0.0,0.0,WATCH: Risk stable. Maintain weekly monitoring. Review contingency plans.,#FFA500,0.2811,0.1,0.1524,0.6483,0.2496,0.5094,0.936
2018-11-26,2018-12-02,2018,48,0.3893,0.3941,0.3815,-0.00147,Moderate,0.0,0.0,WATCH: Risk stable. Maintain weekly monitoring. Review contingency plans.,#FFA500,0.2682,0.1,0.1596,0.6272,0.2515,0.4948,0.9047
2018-12-03,2018-12-09,2018,49,0.3872,0.3974,0.3725,-0.003859,Moderate,0.0,0.0,WATCH: Risk stable. Maintain weekly monitoring. Review contingency plans.,#FFA500,0.3108,0.1,0.1718,0.5745,0.2534,0.4709,0.7889
2018-12-10,2018-12-16,2018,50,0.3586,0.3655,0.3515,-0.000295,Moderate,0.0,0.0,WATCH: Risk stable. Maintain weekly monitoring. Review contingency plans.,#FFA500,0.2504,0.1,0.1887,0.5745,0.2553,0.4965,0.7187
2018-12-17,2018-12-23,2018,51,0.3691,0.3748,0.3648,0.000425,Moderate,0.0,0.0,WATCH: Risk stable. Maintain weekly monitoring. Review contingency plans.,#FFA500,0.256,0.1,0.2101,0.5745,0.2572,0.4799,0.8494
2018-12-24,2018-12-30,2018,52,0.3856,0.3889,0.3785,0.001936,Moderate,0.0,0.0,WATCH: Risk stable. Maintain weekly monitoring. Review contingency plans.,#FFA500,0.2764,0.1,0.2364,0.5745,0.2592,0.5173,0.8771
2018-12-31,2019-01-06,2019,1,0.3943,0.4054,0.3846,0.003668,Moderate,0.0,0.0,WATCH: Risk stable. Maintain weekly monitoring. Review contingency plans.,#FFA500,0.2996,0.1,0.2652,0.5852,0.2611,0.4647,0.9093
2019-01-07,2019-01-13,2019,2,0.4075,0.4111,0.4032,2.5e-05,Moderate,0.0,0.0,WATCH: Risk stable. Maintain weekly monitoring. Review contingency plans.,#FFA500,0.3248,0.1,0.2981,0.5869,0.263,0.4628,0.8844
2019-01-14,2019-01-20,2019,3,0.4127,0.4182,0.4073,-0.000367,Moderate,0.0,0.0,WATCH: Risk stable. Maintain weekly monitoring. Review contingency plans.,#FFA500,0.3141,0.1,0.3339,0.5869,0.2649,0.4724,0.8862
2019-01-21,2019-01-27,2019,4,0.4103,0.4196,0.4003,0.00307,Moderate,0.0,0.0,WATCH: Risk stable. Maintain weekly monitoring. Review contingency plans.,#FFA500,0.3143,0.1,0.3721,0.5869,0.2668,0.4923,0.8467
2019-01-28,2019-02-03,2019,5,0.4039,0.4157,0.3945,-0.003864,Moderate,0.0,0.0,WATCH: Risk stable. Maintain weekly monitoring. Review contingency plans.,#FFA500,0.229,0.1,0.4121,0.5883,0.2687,0.4839,0.9119
2019-02-04,2019-02-10,2019,6,0.3972,0.4019,0.3955,0.000866,Moderate,0.0,0.0,WATCH: Risk stable. Maintain weekly monitoring. Review contingency plans.,#FFA500,0.2046,0.1,0.4535,0.5901,0.2706,0.5022,0.9678
2019-02-11,2019-02-17,2019,7,0.4093,0.4164,0.4043,0.001951,Moderate,0.0,0.0,WATCH: Risk stable. Maintain weekly monitoring. Review contingency plans.,#FFA500,0.2441,0.1,0.4955,0.5901,0.2726,0.4859,0.9628
2019-02-18,2019-02-24,2019,8,0.4243,0.4277,0.4217,0.000623,Moderate,0.0,0.0,WATCH: Risk stable. Maintain weekly monitoring. Review contingency plans.,#FFA500,0.2682,0.1,0.5376,0.5901,0.2745,0.4797,0.9699
2019-02-25,2019-03-03,2019,9,0.4368,0.4489,0.4174,-0.002979,Moderate,0.0,0.0,WATCH: Risk stable. Maintain weekly monitoring. Review contingency plans.,#FFA500,0.2842,0.1,0.5791,0.5647,0.2764,0.4648,0.9351
2019-03-04,2019-03-10,2019,10,0.4118,0.418,0.4037,0.002079,Moderate,0.0,0.0,WATCH: Risk stable. Maintain weekly monitoring. Review contingency plans.,#FFA500,0.2097,0.1,0.6195,0.5307,0.2783,0.5261,0.9361
2019-03-11,2019-03-17,2019,11,0.4122,0.4203,0.4057,0.001017,Moderate,0.0,0.0,WATCH: Risk stable. Maintain weekly monitoring. Review contingency plans.,#FFA500,0.2142,0.1,0.6581,0.5307,0.2802,0.4975,0.935
2019-03-18,2019-03-24,2019,12,0.4355,0.4422,0.4245,0.002011,Moderate,0.0,0.0,WATCH: Risk stable. Maintain weekly monitoring. Review contingency plans.,#FFA500,0.2826,0.1,0.6945,0.5307,0.2821,0.511,0.9477
2019-03-25,2019-03-31,2019,13,0.4582,0.4932,0.4388,0.009194,Moderate,0.0,0.0,WATCH: Risk rising. Maintain weekly monitoring. Review contingency plans.,#FFA500,0.4154,0.1,0.728,0.5307,0.2841,0.4928,0.9181
2019-04-01,2019-04-07,2019,14,0.4856,0.4995,0.4783,0.002688,Moderate,0.09,0.31,WATCH: Risk stable. Maintain weekly monitoring. Review contingency plans.,#FFA500,0.4167,0.1087,0.7583,0.5317,0.286,0.5015,0.9561
2019-04-08,2019-04-14,2019,15,0.5413,0.5706,0.5122,0.009713,High,1.0,1.54,ELEVATED ALERT: Risk rising. Increase monitoring to twice-weekly. Notify stakeholders. Prepare response plans.,#FF4500,0.543,0.2377,0.7847,0.5317,0.2879,0.5008,0.9426
2019-04-15,2019-04-21,2019,16,0.6046,0.63,0.5713,0.009781,High,2.3,2.88,ELEVATED ALERT: Risk rising. Increase monitoring to twice-weekly. Notify stakeholders. Prepare response plans.,#FF4500,0.582,0.5195,0.8071,0.5317,0.2898,0.5028,0.9482
2019-04-22,2019-04-28,2019,17,0.6375,0.643,0.6316,-3.3e-05,High,3.61,4.15,ELEVATED ALERT: Risk stable. Increase monitoring to twice-weekly. Notify stakeholders. Prepare response plans.,#FF4500,0.5582,0.7254,0.825,0.5317,0.2917,0.4964,0.8366
2019-04-29,2019-05-05,2019,18,0.6,0.6233,0.5663,-0.009838,High,4.45,4.48,ELEVATED ALERT: Risk falling. Increase monitoring to twice-weekly. Notify stakeholders. Prepare response plans.,#FF4500,0.3511,0.7783,0.8382,0.5762,0.2011,0.5114,0.7469
2019-05-06,2019-05-12,2019,19,0.558,0.5837,0.5453,0.004661,High,4.5,4.63,ELEVATED ALERT: Risk stable. Increase monitoring to twice-weekly. Notify stakeholders. Prepare response plans.,#FF4500,0.2921,0.7811,0.8465,0.594,0.203,0.5034,0.8104
2019-05-13,2019-05-19,2019,20,0.6089,0.6158,0.5924,0.002534,High,5.21,5.44,ELEVATED ALERT: Risk stable. Increase monitoring to twice-weekly. Notify stakeholders. Prepare response plans.,#FF4500,0.4785,0.7935,0.8497,0.594,0.2049,0.4889,0.8212
2019-05-20,2019-05-26,2019,21,0.6032,0.6117,0.5926,0.002124,High,5.75,6.07,ELEVATED ALERT: Risk stable. Increase monitoring to twice-weekly. Notify stakeholders. Prepare response plans.,#FF4500,0.4487,0.729,0.8479,0.594,0.2068,0.5082,0.7981
2019-05-27,2019-06-02,2019,22,0.5855,0.6058,0.5686,-0.000102,High,6.09,6.22,ELEVATED ALERT: Risk stable. Increase monitoring to twice-weekly. Notify stakeholders. Prepare response plans.,#FF4500,0.4342,0.7656,0.8411,0.595,0.2088,0.4908,0.6938
2019-06-03,2019-06-09,2019,23,0.64,0.6526,0.6283,-0.001323,High,6.6,6.67,ELEVATED ALERT: Risk stable. Increase monitoring to twice-weekly. Notify stakeholders. Prepare response plans.,#FF4500,0.5809,0.8129,0.8293,0.5973,0.2107,0.4585,0.7083
2019-06-10,2019-06-16,2019,24,0.61,0.6249,0.5981,-0.005007,High,6.67,6.67,ELEVATED ALERT: Risk falling. Increase monitoring to twice-weekly. Notify stakeholders. Prepare response plans.,#FF4500,0.477,0.7484,0.8127,0.5973,0.2126,0.4942,0.6624
2019-06-17,2019-06-23,2019,25,0.5796,0.5915,0.5632,-0.003529,High,6.67,6.67,ELEVATED ALERT: Risk stable. Increase monitoring to twice-weekly. Notify stakeholders. Prepare response plans.,#FF4500,0.3522,0.6704,0.7916,0.5973,0.2145,0.5514,0.7343
2019-06-24,2019-06-30,2019,26,0.5146,0.5459,0.4921,-0.008679,Moderate,6.58,6.67,WATCH: Risk falling. Maintain weekly monitoring. Review contingency plans.,#FFA500,0.2086,0.58,0.7662,0.5973,0.2164,0.5238,0.644
2019-07-01,2019-07-07,2019,27,0.4755,0.4884,0.4666,-0.00293,Moderate,5.66,6.18,WATCH: Risk stable. Maintain weekly monitoring. Review contingency plans.,#FFA500,0.2673,0.3996,0.737,0.5638,0.2183,0.5081,0.7004
2019-07-08,2019-07-14,2019,28,0.4654,0.4706,0.4588,-0.001772,Moderate,4.36,4.95,WATCH: Risk stable. Maintain weekly monitoring. Review contingency plans.,#FFA500,0.3084,0.2726,0.7044,0.5638,0.2203,0.4951,0.7778
2019-07-15,2019-07-21,2019,29,0.4397,0.4546,0.4289,-0.003831,Moderate,3.06,3.62,WATCH: Risk stable. Maintain weekly monitoring. Review contingency plans.,#FFA500,0.2916,0.1912,0.6688,0.5638,0.2222,0.4994,0.6962
2019-07-22,2019-07-28,2019,30,0.4306,0.4343,0.4253,0.001448,Moderate,2.21,2.35,WATCH: Risk stable. Maintain weekly monitoring. Review contingency plans.,#FFA500,0.256,0.1383,0.6307,0.5638,0.2241,0.5149,0.7811
2019-07-29,2019-08-04,2019,31,0.4132,0.429,0.3948,-0.005637,Moderate,2.17,2.19,WATCH: Risk falling. Maintain weekly monitoring. Review contingency plans.,#FFA500,0.2306,0.1355,0.5908,0.5215,0.226,0.4962,0.6801
2019-08-05,2019-08-11,2019,32,0.3843,0.3921,0.3727,-0.002725,Moderate,1.46,1.88,WATCH: Risk stable. Maintain weekly monitoring. Review contingency plans.,#FFA500,0.2413,0.091,0.5495,0.4898,0.2279,0.519,0.65
2019-08-12,2019-08-18,2019,33,0.3765,0.3843,0.3674,-0.002272,Moderate,0.91,1.23,WATCH: Risk stable. Maintain weekly monitoring. Review contingency plans.,#FFA500,0.2133,0.057,0.5075,0.4898,0.2298,0.59,0.6667
2019-08-19,2019-08-25,2019,34,0.3539,0.373,0.3374,-0.005732,Moderate,0.58,0.6,WATCH: Risk falling. Maintain weekly monitoring. Review contingency plans.,#FFA500,0.1946,0.036,0.4654,0.4898,0.2318,0.4901,0.6571
2019-08-26,2019-09-01,2019,35,0.3258,0.3336,0.3194,0.000444,Low,0.06,0.29,ROUTINE: Risk stable. Standard monitoring sufficient. Good period for baseline surveys.,#FFD700,0.1409,0.0039,0.4238,0.5107,0.2337,0.5427,0.6159
2019-09-02,2019-09-08,2019,36,0.3527,0.36,0.3458,0.002497,Moderate,0.0,0.0,WATCH: Risk stable. Maintain weekly monitoring. Review contingency plans.,#FFA500,0.1677,0.0,0.3834,0.6361,0.2356,0.5853,0.6891
2019-09-09,2019-09-15,2019,37,0.3523,0.359,0.343,-0.001161,Moderate,0.0,0.0,WATCH: Risk stable. Maintain weekly monitoring. Review contingency plans.,#FFA500,0.1757,0.0012,0.3446,0.6361,0.2375,0.54,0.6618
2019-09-16,2019-09-22,2019,38,0.3392,0.3468,0.3346,-0.001713,Low,0.0,0.0,ROUTINE: Risk stable. Standard monitoring sufficient. Good period for baseline surveys.,#FFD700,0.1444,0.0309,0.308,0.6361,0.2394,0.5173,0.6803
2019-09-23,2019-09-29,2019,39,0.3487,0.3688,0.3334,0.00591,Moderate,0.0,0.0,WATCH: Risk rising. Maintain weekly monitoring. Review contingency plans.,#FFA500,0.1742,0.0911,0.2743,0.6361,0.2413,0.4782,0.8599
2019-09-30,2019-10-06,2019,40,0.4052,0.4299,0.3775,0.008918,Moderate,0.0,0.0,WATCH: Risk rising. Maintain weekly monitoring. Review contingency plans.,#FFA500,0.351,0.1,0.2438,0.6795,0.2433,0.5026,0.9165
2019-10-07,2019-10-13,2019,41,0.4493,0.4677,0.4358,0.005381,Moderate,0.0,0.0,WATCH: Risk rising. Maintain weekly monitoring. Review contingency plans.,#FFA500,0.4737,0.1,0.217,0.6867,0.2452,0.5072,0.8316
2019-10-14,2019-10-20,2019,42,0.439,0.4485,0.4327,-0.002224,Moderate,0.0,0.0,WATCH: Risk stable. Maintain weekly monitoring. Review contingency plans.,#FFA500,0.3768,0.1,0.1943,0.6867,0.2471,0.4935,0.8097
2019-10-21,2019-10-27,2019,43,0.4139,0.4239,0.408,-0.001533,Moderate,0.0,0.0,WATCH: Risk stable. Maintain weekly monitoring. Review contingency plans.,#FFA500,0.3176,0.1,0.1761,0.6867,0.249,0.4993,0.8204
2019-10-28,2019-11-03,2019,44,0.4185,0.4269,0.4079,0.002533,Moderate,0.0,0.0,WATCH: Risk stable. Maintain weekly monitoring. Review contingency plans.,#FFA500,0.3726,0.1,0.1626,0.6827,0.2509,0.4926,0.8736
2019-11-04,2019-11-10,2019,45,0.4044,0.4131,0.396,-0.001768,Moderate,0.0,0.0,WATCH: Risk stable. Maintain weekly monitoring. Review contingency plans.,#FFA500,0.2986,0.1,0.1539,0.6773,0.2528,0.5091,0.7804
2019-11-11,2019-11-17,2019,46,0.4099,0.4116,0.4068,0.000337,Moderate,0.0,0.0,WATCH: Risk stable. Maintain weekly monitoring. Review contingency plans.,#FFA500,0.3052,0.1,0.1503,0.6773,0.2548,0.5052,0.9414
2019-11-18,2019-11-24,2019,47,0.4096,0.4196,0.4001,-0.003252,Moderate,0.0,0.0,WATCH: Risk stable. Maintain weekly monitoring. Review contingency plans.,#FFA500,0.2868,0.1,0.1518,0.6773,0.2567,0.4927,0.951
2019-11-25,2019-12-01,2019,48,0.4016,0.4139,0.3956,0.002268,Moderate,0.0,0.0,WATCH: Risk stable. Maintain weekly monitoring. Review contingency plans.,#FFA500,0.2401,0.1,0.1583,0.653,0.2586,0.5547,0.9307
2019-12-02,2019-12-08,2019,49,0.3868,0.3963,0.3812,-0.002277,Moderate,0.0,0.0,WATCH: Risk stable. Maintain weekly monitoring. Review contingency plans.,#FFA500,0.2386,0.1,0.1697,0.5071,0.2605,0.5417,0.9095
2019-12-09,2019-12-15,2019,50,0.3896,0.4006,0.3772,0.003441,Moderate,0.0,0.0,WATCH: Risk stable. Maintain weekly monitoring. Review contingency plans.,#FFA500,0.1737,0.1,0.186,0.5071,0.2624,0.6499,0.9375
2019-12-16,2019-12-22,2019,51,0.3854,0.3922,0.3789,-0.000385,Moderate,0.0,0.0,WATCH: Risk stable. Maintain weekly monitoring. Review contingency plans.,#FFA500,0.1263,0.1,0.2068,0.5071,0.2643,0.6628,0.8969
2019-12-23,2019-12-29,2019,52,0.3888,0.3942,0.3821,-0.002143,Moderate,0.0,0.0,WATCH: Risk stable. Maintain weekly monitoring. Review contingency plans.,#FFA500,0.1121,0.1,0.2319,0.5071,0.2663,0.6643,0.9398
2019-12-30,2020-01-05,2020,1,0.3827,0.3858,0.3791,0.000411,Moderate,0.0,0.0,WATCH: Risk stable. Maintain weekly monitoring. Review contingency plans.,#FFA500,0.1924,0.1,0.2608,0.4855,0.2682,0.5835,0.9284
2020-01-06,2020-01-12,2020,2,0.3729,0.3882,0.3602,-0.004635,Moderate,0.0,0.0,WATCH: Risk stable. Maintain weekly monitoring. Review contingency plans.,#FFA500,0.1594,0.1,0.2932,0.4769,0.2701,0.5698,0.8827
2020-01-13,2020-01-19,2020,3,0.3806,0.3928,0.3653,0.004934,Moderate,0.0,0.0,WATCH: Risk stable. Maintain weekly monitoring. Review contingency plans.,#FFA500,0.1836,0.1,0.3286,0.4769,0.272,0.6112,0.9331
2020-01-20,2020-01-26,2020,4,0.3918,0.3935,0.3885,0.000435,Moderate,0.0,0.0,WATCH: Risk stable. Maintain weekly monitoring. Review contingency plans.,#FFA500,0.2138,0.1,0.3665,0.4769,0.2739,0.551,0.9445
2020-01-27,2020-02-02,2020,5,0.3734,0.3927,0.3662,-0.003941,Moderate,0.0,0.0,WATCH: Risk stable. Maintain weekly monitoring. Review contingency plans.,#FFA500,0.1394,0.1,0.4063,0.4657,0.2758,0.5466,0.8498
2020-02-03,2020-02-09,2020,6,0.3635,0.3667,0.3597,-0.000258,Moderate,0.0,0.0,WATCH: Risk stable. Maintain weekly monitoring. Review contingency plans.,#FFA500,0.1341,0.1,0.4475,0.4375,0.2778,0.5367,0.8692
2020-02-10,2020-02-16,2020,7,0.3888,0.403,0.3737,0.005558,Moderate,0.0,0.0,WATCH: Risk rising. Maintain weekly monitoring. Review contingency plans.,#FFA500,0.1977,0.1,0.4895,0.4375,0.2797,0.574,0.9456
2020-02-17,2020-02-23,2020,8,0.4008,0.4182,0.3897,0.003181,Moderate,0.0,0.0,WATCH: Risk stable. Maintain weekly monitoring. Review contingency plans.,#FFA500,0.1794,0.1,0.5316,0.4375,0.2816,0.5924,0.9321
2020-02-24,2020-03-01,2020,9,0.4135,0.4239,0.3966,-0.004645,Moderate,0.0,0.0,WATCH: Risk stable. Maintain weekly monitoring. Review contingency plans.,#FFA500,0.1558,0.1,0.5732,0.4339,0.2835,0.5794,0.938
2020-03-02,2020-03-08,2020,10,0.3723,0.3889,0.3632,-0.003322,Moderate,0.0,0.0,WATCH: Risk stable. Maintain weekly monitoring. Review contingency plans.,#FFA500,0.1094,0.1,0.6138,0.4124,0.2854,0.5012,0.8769
2020-03-09,2020-03-15,2020,11,0.379,0.385,0.3742,0.001856,Moderate,0.0,0.0,WATCH: Risk stable. Maintain weekly monitoring. Review contingency plans.,#FFA500,0.1613,0.1,0.6527,0.4124,0.2873,0.4904,0.9297
2020-03-16,2020-03-22,2020,12,0.3944,0.4079,0.3862,0.003327,Moderate,0.0,0.0,WATCH: Risk stable. Maintain weekly monitoring. Review contingency plans.,#FFA500,0.2285,0.1,0.6895,0.4124,0.2893,0.4754,0.925
2020-03-23,2020-03-29,2020,13,0.4203,0.4338,0.4138,0.00288,Moderate,0.0,0.0,WATCH: Risk stable. Maintain weekly monitoring. Review contingency plans.,#FFA500,0.288,0.1,0.7234,0.4124,0.2912,0.4981,0.9321
2020-03-30,2020-04-05,2020,14,0.4481,0.4546,0.4425,-0.000111,Moderate,0.0,0.0,WATCH: Risk stable. Maintain weekly monitoring. Review contingency plans.,#FFA500,0.3525,0.1,0.7542,0.3784,0.2931,0.5204,0.9573
2020-04-06,2020-04-12,2020,15,0.4534,0.4669,0.442,0.004994,Moderate,0.06,0.14,WATCH: Risk stable. Maintain weekly monitoring. Review contingency plans.,#FFA500,0.3903,0.1064,0.7812,0.3649,0.295,0.5118,0.919
2020-04-13,2020-04-19,2020,16,0.4787,0.5099,0.4629,0.00771,Moderate,0.37,0.79,WATCH: Risk rising. Maintain weekly monitoring. Review contingency plans.,#FFA500,0.4711,0.1504,0.8042,0.3649,0.2969,0.506,0.8749
2020-04-20,2020-04-26,2020,17,0.5565,0.5845,0.5243,0.00898,High,1.58,2.18,ELEVATED ALERT: Risk rising. Increase monitoring to twice-weekly. Notify stakeholders. Prepare response plans.,#FF4500,0.6082,0.3508,0.8227,0.3649,0.2988,0.4972,0.8817
2020-04-27,2020-05-03,2020,18,0.5945,0.6124,0.5879,0.003058,High,2.9,3.47,ELEVATED ALERT: Risk stable. Increase monitoring to twice-weekly. Notify stakeholders. Prepare response plans.,#FF4500,0.5623,0.6428,0.8366,0.3834,0.3008,0.5144,0.7784
2020-05-04,2020-05-10,2020,19,0.6226,0.6342,0.6103,-0.003295,High,4.24,4.77,ELEVATED ALERT: Risk stable. Increase monitoring to twice-weekly. Notify stakeholders. Prepare response plans.,#FF4500,0.5733,0.7651,0.8456,0.4081,0.2442,0.5002,0.7534
2020-05-11,2020-05-17,2020,20,0.5928,0.5995,0.5829,-0.00186,High,5.17,5.23,ELEVATED ALERT: Risk stable. Increase monitoring to twice-weekly. Notify stakeholders. Prepare response plans.,#FF4500,0.4196,0.8228,0.8496,0.4081,0.2022,0.5675,0.6542
2020-05-18,2020-05-24,2020,21,0.559,0.5757,0.5444,-0.004846,High,5.23,5.23,ELEVATED ALERT: Risk stable. Increase monitoring to twice-weekly. Notify stakeholders. Prepare response plans.,#FF4500,0.1853,0.8269,0.8485,0.4081,0.2041,0.6189,0.7216
2020-05-25,2020-05-31,2020,22,0.5511,0.563,0.5424,-0.001402,High,5.23,5.23,ELEVATED ALERT: Risk stable. Increase monitoring to twice-weekly. Notify stakeholders. Prepare response plans.,#FF4500,0.358,0.7691,0.8424,0.4081,0.206,0.5214,0.7404
2020-06-01,2020-06-07,2020,23,0.5373,0.5628,0.5068,-0.010351,High,5.23,5.23,ELEVATED ALERT: Risk falling. Increase monitoring to twice-weekly. Notify stakeholders. Prepare response plans.,#FF4500,0.4192,0.5466,0.8312,0.4145,0.2079,0.4763,0.6997
2020-06-08,2020-06-14,2020,24,0.4886,0.5014,0.4787,-0.003881,Moderate,5.23,5.23,WATCH: Risk stable. Maintain weekly monitoring. Review contingency plans.,#FFA500,0.2786,0.4362,0.8153,0.4145,0.2099,0.5763,0.67
2020-06-15,2020-06-21,2020,25,0.4738,0.486,0.4618,0.003941,Moderate,5.23,5.23,WATCH: Risk stable. Maintain weekly monitoring. Review contingency plans.,#FFA500,0.3355,0.4269,0.7949,0.4145,0.2118,0.5142,0.6871
2020-06-22,2020-06-28,2020,26,0.4928,0.498,0.4853,0.00146,Moderate,5.23,5.23,WATCH: Risk stable. Maintain weekly monitoring. Review contingency plans.,#FFA500,0.4174,0.4269,0.7701,0.4145,0.2137,0.4902,0.695
2020-06-29,2020-07-05,2020,27,0.5033,0.5103,0.4949,0.002595,Moderate,5.17,5.23,WATCH: Risk stable. Maintain weekly monitoring. Review contingency plans.,#FFA500,0.473,0.4205,0.7414,0.3714,0.2156,0.4982,0.6761
2020-07-06,2020-07-12,2020,28,0.4991,0.5135,0.4742,-0.006187,Moderate,4.86,5.09,WATCH: Risk falling. Maintain weekly monitoring. Review contingency plans.,#FFA500,0.4527,0.3765,0.7092,0.3542,0.2175,0.4714,0.6766
2020-07-13,2020-07-19,2020,29,0.4601,0.4649,0.4528,-0.000238,Moderate,3.65,4.26,WATCH: Risk stable. Maintain weekly monitoring. Review contingency plans.,#FFA500,0.4154,0.2357,0.674,0.3542,0.2194,0.5118,0.7377
2020-07-20,2020-07-26,2020,30,0.4531,0.4591,0.4504,-0.001065,Moderate,2.33,2.84,WATCH: Risk stable. Maintain weekly monitoring. Review contingency plans.,#FFA500,0.5016,0.1454,0.6363,0.3542,0.2214,0.4624,0.6869
2020-07-27,2020-08-02,2020,31,0.426,0.4455,0.4049,-0.006654,Moderate,0.99,1.56,WATCH: Risk falling. Maintain weekly monitoring. Review contingency plans.,#FFA500,0.4803,0.0618,0.5966,0.3027,0.2233,0.4605,0.6268
2020-08-03,2020-08-09,2020,32,0.3841,0.3981,0.369,-0.004715,Moderate,0.07,0.31,WATCH: Risk stable. Maintain weekly monitoring. Review contingency plans.,#FFA500,0.3757,0.0041,0.5555,0.1739,0.2252,0.5168,0.6244
2020-08-10,2020-08-16,2020,33,0.3515,0.3646,0.3424,-0.003367,Moderate,0.0,0.0,WATCH: Risk stable. Maintain weekly monitoring. Review contingency plans.,#FFA500,0.283,0.0,0.5135,0.1739,0.2271,0.4837,0.7065
2020-08-17,2020-08-23,2020,34,0.3734,0.3986,0.3543,0.007633,Moderate,0.0,0.0,WATCH: Risk rising. Maintain weekly monitoring. Review contingency plans.,#FFA500,0.4303,0.0,0.4714,0.1739,0.229,0.5029,0.836
2020-08-24,2020-08-30,2020,35,0.4275,0.4345,0.4119,0.002919,Moderate,0.0,0.0,WATCH: Risk stable. Maintain weekly monitoring. Review contingency plans.,#FFA500,0.608,0.0168,0.4297,0.1739,0.2309,0.4652,0.865
2020-08-31,2020-09-06,2020,36,0.4227,0.4267,0.4147,-0.00161,Moderate,0.0,0.0,WATCH: Risk stable. Maintain weekly monitoring. Review contingency plans.,#FFA500,0.5755,0.0908,0.389,0.1218,0.2329,0.4692,0.7109
2020-09-07,2020-09-13,2020,37,0.394,0.4102,0.378,-0.005057,Moderate,0.0,0.0,WATCH: Risk falling. Maintain weekly monitoring. Review contingency plans.,#FFA500,0.4741,0.1,0.35,0.1132,0.2348,0.4845,0.6407
2020-09-14,2020-09-20,2020,38,0.3456,0.3711,0.3263,-0.007503,Moderate,0.0,0.0,WATCH: Risk falling. Maintain weekly monitoring. Review contingency plans.,#FFA500,0.295,0.1,0.3131,0.1132,0.2367,0.519,0.6525
2020-09-21,2020-09-27,2020,39,0.3346,0.3402,0.3303,-0.000197,Low,0.0,0.0,ROUTINE: Risk stable. Standard monitoring sufficient. Good period for baseline surveys.,#FFD700,0.2615,0.1,0.2789,0.1132,0.2386,0.5458,0.7106
2020-09-28,2020-10-04,2020,40,0.314,0.3315,0.2978,-0.005684,Low,0.0,0.0,ROUTINE: Risk falling. Standard monitoring sufficient. Good period for baseline surveys.,#FFD700,0.2046,0.1,0.2479,0.1469,0.2405,0.5115,0.6943
2020-10-05,2020-10-11,2020,41,0.2897,0.304,0.2731,-0.005646,Low,0.0,0.0,ROUTINE: Risk falling. Standard monitoring sufficient. Good period for baseline surveys.,#FFD700,0.1597,0.1,0.2206,0.1722,0.2424,0.4895,0.6961
2020-10-12,2020-10-18,2020,42,0.2744,0.2771,0.2715,0.000324,Low,0.0,0.0,ROUTINE: Risk stable. Standard monitoring sufficient. Good period for baseline surveys.,#FFD700,0.1653,0.1,0.1973,0.1722,0.2444,0.5037,0.648
2020-10-19,2020-10-25,2020,43,0.2913,0.299,0.2795,0.000479,Low,0.0,0.0,ROUTINE: Risk stable. Standard monitoring sufficient. Good period for baseline surveys.,#FFD700,0.1469,0.1,0.1784,0.1722,0.2463,0.5429,0.794
2020-10-26,2020-11-01,2020,44,0.2863,0.2893,0.2842,-0.000577,Low,0.0,0.0,ROUTINE: Risk stable. Standard monitoring sufficient. Good period for baseline surveys.,#FFD700,0.1629,0.1,0.1642,0.1699,0.2482,0.4973,0.8019
2020-11-02,2020-11-08,2020,45,0.297,0.3031,0.286,0.002771,Low,0.0,0.0,ROUTINE: Risk stable. Standard monitoring sufficient. Good period for baseline surveys.,#FFD700,0.1834,0.1,0.1549,0.156,0.2501,0.5136,0.9053
2020-11-09,2020-11-15,2020,46,0.298,0.2993,0.2972,7.6e-05,Low,0.0,0.0,ROUTINE: Risk stable. Standard monitoring sufficient. Good period for baseline surveys.,#FFD700,0.182,0.1,0.1505,0.156,0.252,0.4875,0.8839
2020-11-16,2020-11-22,2020,47,0.2965,0.3027,0.2918,-0.00196,Low,0.0,0.0,ROUTINE: Risk stable. Standard monitoring sufficient. Good period for baseline surveys.,#FFD700,0.2085,0.1,0.1513,0.156,0.2539,0.4931,0.7868
2020-11-23,2020-11-29,2020,48,0.3067,0.3104,0.2995,0.00069,Low,0.0,0.0,ROUTINE: Risk stable. Standard monitoring sufficient. Good period for baseline surveys.,#FFD700,0.2389,0.1,0.157,0.156,0.2559,0.4832,0.8414
2020-11-30,2020-12-06,2020,49,0.3125,0.316,0.3109,0.000646,Low,0.0,0.0,ROUTINE: Risk stable. Standard monitoring sufficient. Good period for baseline surveys.,#FFD700,0.243,0.1,0.1678,0.1586,0.2578,0.4983,0.8391
2020-12-07,2020-12-13,2020,50,0.3176,0.3211,0.3119,-0.000533,Low,0.0,0.0,ROUTINE: Risk stable. Standard monitoring sufficient. Good period for baseline surveys.,#FFD700,0.2344,0.1,0.1834,0.159,0.2597,0.5063,0.8486
2020-12-14,2020-12-20,2020,51,0.2974,0.308,0.2892,-0.002127,Low,0.0,0.0,ROUTINE: Risk stable. Standard monitoring sufficient. Good period for baseline surveys.,#FFD700,0.2131,0.1,0.2035,0.159,0.2616,0.4925,0.7049
2020-12-21,2020-12-27,2020,52,0.3072,0.3122,0.3022,0.001705,Low,0.0,0.0,ROUTINE: Risk stable. Standard monitoring sufficient. Good period for baseline surveys.,#FFD700,0.2116,0.1,0.2274,0.159,0.2635,0.4971,0.8669
2020-12-28,2021-01-03,2020,53,0.327,0.338,0.3157,0.004079,Low,0.0,0.0,ROUTINE: Risk stable. Standard monitoring sufficient. Good period for baseline surveys.,#FFD700,0.2597,0.1,0.2545,0.1617,0.2654,0.4994,0.8981
2021-01-04,2021-01-10,2021,1,0.3379,0.3438,0.3308,-0.002175,Low,0.0,0.0,ROUTINE: Risk stable. Standard monitoring sufficient. Good period for baseline surveys.,#FFD700,0.2489,0.1,0.2836,0.1653,0.2674,0.4911,0.8884
2021-01-11,2021-01-17,2021,2,0.3326,0.3339,0.3315,-0.000119,Low,0.0,0.0,ROUTINE: Risk stable. Standard monitoring sufficient. Good period for baseline surveys.,#FFD700,0.2338,0.1,0.3182,0.1653,0.2693,0.4826,0.8963
2021-01-18,2021-01-24,2021,3,0.3336,0.3379,0.3263,0.001925,Low,0.0,0.0,ROUTINE: Risk stable. Standard monitoring sufficient. Good period for baseline surveys.,#FFD700,0.2188,0.1,0.3554,0.1653,0.2712,0.4867,0.9072
2021-01-25,2021-01-31,2021,4,0.3324,0.3369,0.3298,-0.000667,Low,0.0,0.0,ROUTINE: Risk stable. Standard monitoring sufficient. Good period for baseline surveys.,#FFD700,0.211,0.1,0.3948,0.1653,0.2731,0.4979,0.8536
2021-02-01,2021-02-07,2021,5,0.3368,0.3409,0.3329,0.001529,Low,0.0,0.0,ROUTINE: Risk stable. Standard monitoring sufficient. Good period for baseline surveys.,#FFD700,0.1667,0.1,0.4356,0.2357,0.275,0.5037,0.92
2021-02-08,2021-02-14,2021,6,0.338,0.341,0.334,-0.000519,Low,0.0,0.0,ROUTINE: Risk stable. Standard monitoring sufficient. Good period for baseline surveys.,#FFD700,0.1472,0.1,0.4774,0.2357,0.2769,0.495,0.8982
2021-02-15,2021-02-21,2021,7,0.3548,0.3662,0.3406,0.004433,Moderate,0.0,0.0,WATCH: Risk stable. Maintain weekly monitoring. Review contingency plans.,#FFA500,0.2135,0.1,0.5196,0.2357,0.2789,0.5003,0.9561
2021-02-22,2021-02-28,2021,8,0.3643,0.3665,0.3608,-0.000363,Moderate,0.0,0.0,WATCH: Risk stable. Maintain weekly monitoring. Review contingency plans.,#FFA500,0.1942,0.1,0.5614,0.2357,0.2808,0.5188,0.9294
2021-03-01,2021-03-07,2021,9,0.3626,0.3656,0.3599,0.000512,Moderate,0.0,0.0,WATCH: Risk stable. Maintain weekly monitoring. Review contingency plans.,#FFA500,0.1561,0.1,0.6023,0.2591,0.2827,0.4964,0.9638
2021-03-08,2021-03-14,2021,10,0.3799,0.3904,0.3699,0.002705,Moderate,0.0,0.0,WATCH: Risk stable. Maintain weekly monitoring. Review contingency plans.,#FFA500,0.2329,0.1,0.6418,0.2591,0.2846,0.498,0.9634
2021-03-15,2021-03-21,2021,11,0.3926,0.3942,0.3905,-0.000288,Moderate,0.0,0.0,WATCH: Risk stable. Maintain weekly monitoring. Review contingency plans.,#FFA500,0.2385,0.1,0.6792,0.2591,0.2865,0.4892,0.9299
2021-03-22,2021-03-28,2021,12,0.3865,0.3929,0.3809,2.7e-05,Moderate,0.0,0.0,WATCH: Risk stable. Maintain weekly monitoring. Review contingency plans.,#FFA500,0.2677,0.1,0.714,0.2591,0.2884,0.5001,0.8019
2021-03-29,2021-04-04,2021,13,0.4003,0.4093,0.3939,-0.001634,Moderate,0.0,0.0,WATCH: Risk stable. Maintain weekly monitoring. Review contingency plans.,#FFA500,0.2657,0.1,0.7457,0.2752,0.2903,0.5548,0.718
2021-04-05,2021-04-11,2021,14,0.4183,0.4468,0.3911,0.010751,Moderate,0.09,0.15,WATCH: Risk rising. Maintain weekly monitoring. Review contingency plans.,#FFA500,0.3224,0.1099,0.7739,0.2873,0.2923,0.5274,0.9312
2021-04-12,2021-04-18,2021,15,0.4499,0.4582,0.4413,-0.001366,Moderate,0.3,0.3,WATCH: Risk stable. Maintain weekly monitoring. Review contingency plans.,#FFA500,0.396,0.1512,0.7981,0.2873,0.2942,0.5242,0.834
2021-04-19,2021-04-25,2021,16,0.4748,0.491,0.4508,0.006349,Moderate,0.52,0.76,WATCH: Risk rising. Maintain weekly monitoring. Review contingency plans.,#FFA500,0.4428,0.2019,0.8179,0.2873,0.2961,0.4978,0.9358
2021-04-26,2021-05-02,2021,17,0.5484,0.6081,0.4979,0.019246,High,1.54,2.27,ELEVATED ALERT: Risk rising. Increase monitoring to twice-weekly. Notify stakeholders. Prepare response plans.,#FF4500,0.6523,0.3537,0.8331,0.2761,0.298,0.512,0.9119
2021-05-03,2021-05-09,2021,18,0.644,0.6652,0.6214,0.005913,High,3.29,4.05,ELEVATED ALERT: Risk rising. Increase monitoring to twice-weekly. Notify stakeholders. Prepare response plans.,#FF4500,0.7619,0.6587,0.8435,0.248,0.2999,0.5162,0.8407
2021-05-10,2021-05-16,2021,19,0.691,0.6961,0.6743,0.003133,High,5.12,5.9,ELEVATED ALERT: Risk stable. Increase monitoring to twice-weekly. Notify stakeholders. Prepare response plans.,#FF4500,0.7916,0.8201,0.849,0.248,0.2011,0.5101,0.9519
2021-05-17,2021-05-23,2021,20,0.6729,0.6944,0.6511,-0.007688,High,6.9,7.59,ELEVATED ALERT: Risk falling. Increase monitoring to twice-weekly. Notify stakeholders. Prepare response plans.,#FF4500,0.7248,0.9313,0.8493,0.248,0.203,0.4746,0.6643
2021-05-24,2021-05-30,2021,21,0.6209,0.6414,0.5965,-0.0073,High,8.02,8.08,ELEVATED ALERT: Risk falling. Increase monitoring to twice-weekly. Notify stakeholders. Prepare response plans.,#FF4500,0.4283,0.9973,0.8446,0.248,0.2049,0.5761,0.6494
2021-05-31,2021-06-06,2021,22,0.6366,0.6611,0.5955,0.01155,High,8.33,8.77,ELEVATED ALERT: Risk rising. Increase monitoring to twice-weekly. Notify stakeholders. Prepare response plans.,#FF4500,0.5869,1.0,0.8349,0.2609,0.2068,0.5035,0.8436
2021-06-07,2021-06-13,2021,23,0.6397,0.6552,0.6192,-0.006251,High,9.18,9.24,ELEVATED ALERT: Risk falling. Increase monitoring to twice-weekly. Notify stakeholders. Prepare response plans.,#FF4500,0.5584,1.0,0.8204,0.2631,0.2088,0.4774,0.6595
2021-06-14,2021-06-20,2021,24,0.6024,0.6128,0.5958,-0.002883,High,9.24,9.24,ELEVATED ALERT: Risk stable. Increase monitoring to twice-weekly. Notify stakeholders. Prepare response plans.,#FF4500,0.4614,0.9519,0.8012,0.2631,0.2107,0.4799,0.7414
2021-06-21,2021-06-27,2021,25,0.5606,0.5909,0.5343,-0.009512,High,9.24,9.24,ELEVATED ALERT: Risk falling. Increase monitoring to twice-weekly. Notify stakeholders. Prepare response plans.,#FF4500,0.3494,0.8273,0.7776,0.2631,0.2126,0.492,0.7274
2021-06-28,2021-07-04,2021,26,0.5211,0.5311,0.516,-0.001536,Moderate,9.15,9.24,WATCH: Risk stable. Maintain weekly monitoring. Review contingency plans.,#FFA500,0.3433,0.7044,0.75,0.2222,0.2145,0.4903,0.805
2021-07-05,2021-07-11,2021,27,0.4699,0.5044,0.4473,-0.009181,Moderate,8.95,8.95,WATCH: Risk falling. Maintain weekly monitoring. Review contingency plans.,#FFA500,0.2688,0.5767,0.7188,0.1916,0.2164,0.4601,0.6035
2021-07-12,2021-07-18,2021,28,0.4508,0.4608,0.4442,0.002863,Moderate,8.72,8.95,WATCH: Risk stable. Maintain weekly monitoring. Review contingency plans.,#FFA500,0.3073,0.5319,0.6844,0.1916,0.2183,0.4917,0.7307
2021-07-19,2021-07-25,2021,29,0.4575,0.4635,0.4519,-0.000138,Moderate,7.7,8.33,WATCH: Risk stable. Maintain weekly monitoring. Review contingency plans.,#FFA500,0.3652,0.4798,0.6473,0.1916,0.2203,0.4924,0.6882
2021-07-26,2021-08-01,2021,30,0.4537,0.4633,0.4373,-0.003769,Moderate,5.95,6.71,WATCH: Risk stable. Maintain weekly monitoring. Review contingency plans.,#FFA500,0.3563,0.3721,0.6081,0.1948,0.2222,0.5221,0.7841
2021-08-02,2021-08-08,2021,31,0.4088,0.4306,0.3871,-0.007184,Moderate,4.12,4.92,WATCH: Risk falling. Maintain weekly monitoring. Review contingency plans.,#FFA500,0.2736,0.2576,0.5673,0.2138,0.2241,0.5285,0.676
2021-08-09,2021-08-15,2021,32,0.3739,0.3846,0.3672,-0.00308,Moderate,2.34,3.08,WATCH: Risk stable. Maintain weekly monitoring. Review contingency plans.,#FFA500,0.299,0.1463,0.5256,0.2138,0.226,0.5168,0.6094
2021-08-16,2021-08-22,2021,33,0.3625,0.364,0.359,0.000681,Moderate,1.23,1.47,WATCH: Risk stable. Maintain weekly monitoring. Review contingency plans.,#FFA500,0.2781,0.0766,0.4834,0.2138,0.2279,0.5048,0.6906
2021-08-23,2021-08-29,2021,34,0.3473,0.3628,0.3261,-0.00604,Moderate,0.91,1.16,WATCH: Risk falling. Maintain weekly monitoring. Review contingency plans.,#FFA500,0.2705,0.0571,0.4416,0.2138,0.2298,0.4898,0.6523
2021-08-30,2021-09-05,2021,35,0.3135,0.3232,0.3077,-0.002528,Low,0.07,0.31,ROUTINE: Risk stable. Standard monitoring sufficient. Good period for baseline surveys.,#FFD700,0.2195,0.0041,0.4005,0.199,0.2318,0.5026,0.6705
2021-09-06,2021-09-12,2021,36,0.308,0.3176,0.2995,0.000581,Low,0.0,0.0,ROUTINE: Risk stable. Standard monitoring sufficient. Good period for baseline surveys.,#FFD700,0.2247,0.0,0.3609,0.1931,0.2337,0.5018,0.7477
2021-09-13,2021-09-19,2021,37,0.321,0.328,0.3101,0.001968,Low,0.0,0.0,ROUTINE: Risk stable. Standard monitoring sufficient. Good period for baseline surveys.,#FFD700,0.2792,0.0,0.3234,0.1931,0.2356,0.5077,0.7329
2021-09-20,2021-09-26,2021,38,0.3123,0.3238,0.3045,-0.002662,Low,0.0,0.0,ROUTINE: Risk stable. Standard monitoring sufficient. Good period for baseline surveys.,#FFD700,0.253,0.017,0.2884,0.1931,0.2375,0.5029,0.662
2021-09-27,2021-10-03,2021,39,0.3073,0.3151,0.3011,0.000999,Low,0.0,0.0,ROUTINE: Risk stable. Standard monitoring sufficient. Good period for baseline surveys.,#FFD700,0.2092,0.0906,0.2564,0.1779,0.2394,0.508,0.7778
2021-10-04,2021-10-10,2021,40,0.3003,0.3099,0.2929,-0.002694,Low,0.0,0.0,ROUTINE: Risk stable. Standard monitoring sufficient. Good period for baseline surveys.,#FFD700,0.2035,0.1,0.228,0.1575,0.2413,0.5145,0.6995
2021-10-11,2021-10-17,2021,41,0.2851,0.2926,0.2795,-0.000659,Low,0.0,0.0,ROUTINE: Risk stable. Standard monitoring sufficient. Good period for baseline surveys.,#FFD700,0.1664,0.1,0.2035,0.1575,0.2433,0.5334,0.6511
2021-10-18,2021-10-24,2021,42,0.2963,0.3064,0.2913,0.002028,Low,0.0,0.0,ROUTINE: Risk stable. Standard monitoring sufficient. Good period for baseline surveys.,#FFD700,0.2114,0.1,0.1834,0.1575,0.2452,0.4975,0.8142
2021-10-25,2021-10-31,2021,43,0.3175,0.3243,0.3116,0.002246,Low,0.0,0.0,ROUTINE: Risk stable. Standard monitoring sufficient. Good period for baseline surveys.,#FFD700,0.2857,0.1,0.1678,0.1575,0.2471,0.5095,0.8013
2021-11-01,2021-11-07,2021,44,0.3288,0.3357,0.32,-0.000552,Low,0.0,0.0,ROUTINE: Risk stable. Standard monitoring sufficient. Good period for baseline surveys.,#FFD700,0.2882,0.1,0.157,0.1744,0.249,0.5103,0.8017
2021-11-08,2021-11-14,2021,45,0.3059,0.318,0.2938,-0.003763,Low,0.0,0.0,ROUTINE: Risk stable. Standard monitoring sufficient. Good period for baseline surveys.,#FFD700,0.2142,0.1,0.1513,0.1744,0.2509,0.4998,0.7452
2021-11-15,2021-11-21,2021,46,0.2828,0.289,0.2807,-0.000886,Low,0.0,0.0,ROUTINE: Risk stable. Standard monitoring sufficient. Good period for baseline surveys.,#FFD700,0.1639,0.1,0.1505,0.1744,0.2528,0.4972,0.7248
2021-11-22,2021-11-28,2021,47,0.2908,0.3023,0.2836,0.002705,Low,0.0,0.0,ROUTINE: Risk stable. Standard monitoring sufficient. Good period for baseline surveys.,#FFD700,0.2007,0.1,0.1549,0.1744,0.2548,0.4983,0.8122
2021-11-29,2021-12-05,2021,48,0.3043,0.3164,0.2974,0.00275,Low,0.0,0.0,ROUTINE: Risk stable. Standard monitoring sufficient. Good period for baseline surveys.,#FFD700,0.2573,0.1,0.1642,0.1339,0.2567,0.4767,0.8168
2021-12-06,2021-12-12,2021,49,0.3153,0.3166,0.3131,-0.0001,Low,0.0,0.0,ROUTINE: Risk stable. Standard monitoring sufficient. Good period for baseline surveys.,#FFD700,0.2259,0.1,0.1784,0.1177,0.2586,0.4763,0.9469
2021-12-13,2021-12-19,2021,50,0.3171,0.3189,0.3152,0.000332,Low,0.0,0.0,ROUTINE: Risk stable. Standard monitoring sufficient. Good period for baseline surveys.,#FFD700,0.2256,0.1,0.1973,0.1177,0.2605,0.5019,0.9151
2021-12-20,2021-12-26,2021,51,0.3226,0.3256,0.3185,0.001267,Low,0.0,0.0,ROUTINE: Risk stable. Standard monitoring sufficient. Good period for baseline surveys.,#FFD700,0.241,0.1,0.2194,0.1177,0.2623,0.4897,0.9542
2021-12-27,2022-01-02,2021,52,0.3262,0.3283,0.3242,0.000128,Low,0.0,0.0,ROUTINE: Risk stable. Standard monitoring sufficient. Good period for baseline surveys.,#FFD700,0.2444,0.1,0.2479,0.1237,0.2643,0.465,0.9453
2022-01-03,2022-01-09,2022,1,0.3301,0.3338,0.3258,-9.3e-05,Low,0.0,0.0,ROUTINE: Risk stable. Standard monitoring sufficient. Good period for baseline surveys.,#FFD700,0.2367,0.1,0.2789,0.1387,0.2663,0.4927,0.904
2022-01-10,2022-01-16,2022,2,0.3315,0.3416,0.3239,0.002784,Low,0.0,0.0,ROUTINE: Risk stable. Standard monitoring sufficient. Good period for baseline surveys.,#FFD700,0.2559,0.1,0.3131,0.1387,0.2682,0.4838,0.9032
2022-01-17,2022-01-23,2022,3,0.3601,0.3747,0.346,0.00482,Moderate,0.0,0.0,WATCH: Risk stable. Maintain weekly monitoring. Review contingency plans.,#FFA500,0.3349,0.1,0.35,0.1387,0.2701,0.4715,0.9551
2022-01-24,2022-01-30,2022,4,0.3794,0.3822,0.376,0.000566,Moderate,0.0,0.0,WATCH: Risk stable. Maintain weekly monitoring. Review contingency plans.,#FFA500,0.3575,0.1,0.389,0.1387,0.272,0.4559,0.9266
2022-01-31,2022-02-06,2022,5,0.3608,0.374,0.354,-0.002771,Moderate,0.0,0.0,WATCH: Risk stable. Maintain weekly monitoring. Review contingency plans.,#FFA500,0.2644,0.1,0.4297,0.138,0.2739,0.4484,0.9381
2022-02-07,2022-02-13,2022,6,0.3554,0.3593,0.3523,-0.001082,Moderate,0.0,0.0,WATCH: Risk stable. Maintain weekly monitoring. Review contingency plans.,#FFA500,0.261,0.1,0.4714,0.1379,0.2758,0.4595,0.9059
2022-02-14,2022-02-20,2022,7,0.3328,0.3486,0.322,-0.001319,Low,0.0,0.0,ROUTINE: Risk stable. Standard monitoring sufficient. Good period for baseline surveys.,#FFD700,0.2207,0.1,0.5135,0.1379,0.2778,0.4727,0.7629
2022-02-21,2022-02-27,2022,8,0.3547,0.3581,0.3525,0.000593,Moderate,0.0,0.0,WATCH: Risk stable. Maintain weekly monitoring. Review contingency plans.,#FFA500,0.2469,0.1,0.5555,0.1379,0.2797,0.4634,0.932
2022-02-28,2022-03-06,2022,9,0.3471,0.3582,0.3436,-0.001237,Moderate,0.0,0.0,WATCH: Risk stable. Maintain weekly monitoring. Review contingency plans.,#FFA500,0.1768,0.1,0.5966,0.1259,0.2816,0.5219,0.8291
2022-03-07,2022-03-13,2022,10,0.3473,0.3513,0.3414,0.001557,Moderate,0.0,0.0,WATCH: Risk stable. Maintain weekly monitoring. Review contingency plans.,#FFA500,0.2138,0.1,0.6363,0.1239,0.2835,0.4909,0.829
2022-03-14,2022-03-20,2022,11,0.3539,0.3578,0.3471,-0.000918,Moderate,0.0,0.0,WATCH: Risk stable. Maintain weekly monitoring. Review contingency plans.,#FFA500,0.2475,0.1,0.674,0.1239,0.2854,0.4738,0.7635
2022-03-21,2022-03-27,2022,12,0.3687,0.4142,0.3439,0.012002,Moderate,0.0,0.0,WATCH: Risk rising. Maintain weekly monitoring. Review contingency plans.,#FFA500,0.3199,0.1,0.7092,0.1239,0.2873,0.5078,0.8622
2022-03-28,2022-04-03,2022,13,0.4361,0.4553,0.4175,-0.0017,Moderate,0.0,0.0,WATCH: Risk stable. Maintain weekly monitoring. Review contingency plans.,#FFA500,0.4368,0.1,0.7414,0.1264,0.2893,0.4889,0.9318
2022-04-04,2022-04-10,2022,14,0.4052,0.4306,0.3937,0.003083,Moderate,0.02,0.17,WATCH: Risk stable. Maintain weekly monitoring. Review contingency plans.,#FFA500,0.3663,0.102,0.7701,0.1296,0.2912,0.4989,0.8681
2022-04-11,2022-04-17,2022,15,0.517,0.5755,0.4533,0.020174,High,1.08,1.84,ELEVATED ALERT: Risk rising. Increase monitoring to twice-weekly. Notify stakeholders. Prepare response plans.,#FF4500,0.718,0.2365,0.7949,0.1296,0.2931,0.5026,0.9775
2022-04-18,2022-04-24,2022,16,0.6109,0.6399,0.5863,0.010055,High,2.84,3.57,ELEVATED ALERT: Risk rising. Increase monitoring to twice-weekly. Notify stakeholders. Prepare response plans.,#FF4500,0.7424,0.5849,0.8153,0.1296,0.295,0.4811,0.9272
2022-04-25,2022-05-01,2022,17,0.6745,0.6918,0.6556,0.006886,High,4.77,5.68,ELEVATED ALERT: Risk rising. Increase monitoring to twice-weekly. Notify stakeholders. Prepare response plans.,#FF4500,0.8696,0.7981,0.8312,0.1275,0.2281,0.4591,0.8484
2022-05-02,2022-05-08,2022,18,0.6534,0.679,0.6344,-0.007192,High,6.66,7.36,ELEVATED ALERT: Risk falling. Increase monitoring to twice-weekly. Notify stakeholders. Prepare response plans.,#FF4500,0.7213,0.9164,0.8424,0.1152,0.2025,0.458,0.6719
2022-05-09,2022-05-15,2022,19,0.5848,0.6189,0.5637,-0.009355,High,7.51,7.51,ELEVATED ALERT: Risk falling. Increase monitoring to twice-weekly. Notify stakeholders. Prepare response plans.,#FF4500,0.3938,0.9694,0.8485,0.1152,0.2044,0.4842,0.7405
2022-05-16,2022-05-22,2022,20,0.5217,0.5552,0.4845,-0.012165,High,7.51,7.51,ELEVATED ALERT: Risk falling. Increase monitoring to twice-weekly. Notify stakeholders. Prepare response plans.,#FF4500,0.194,0.9694,0.8496,0.1152,0.2063,0.4866,0.6356
2022-05-23,2022-05-29,2022,21,0.4664,0.4735,0.4617,-0.001972,Moderate,7.51,7.51,WATCH: Risk stable. Maintain weekly monitoring. Review contingency plans.,#FFA500,0.0358,0.9172,0.8456,0.1152,0.2082,0.5028,0.7321
2022-05-30,2022-06-05,2022,22,0.4689,0.4739,0.4583,0.002547,Moderate,7.51,7.51,WATCH: Risk stable. Maintain weekly monitoring. Review contingency plans.,#FFA500,0.2912,0.666,0.8366,0.0879,0.2101,0.5033,0.6874
2022-06-06,2022-06-12,2022,23,0.4609,0.4719,0.4394,-0.00508,Moderate,7.51,7.51,WATCH: Risk falling. Maintain weekly monitoring. Review contingency plans.,#FFA500,0.302,0.5715,0.8227,0.077,0.212,0.4824,0.6689
2022-06-13,2022-06-19,2022,24,0.4422,0.4551,0.4313,0.004129,Moderate,7.51,7.51,WATCH: Risk stable. Maintain weekly monitoring. Review contingency plans.,#FFA500,0.2851,0.5694,0.8042,0.077,0.214,0.4935,0.7448
2022-06-20,2022-06-26,2022,25,0.4339,0.4534,0.419,-0.005781,Moderate,7.51,7.51,WATCH: Risk falling. Maintain weekly monitoring. Review contingency plans.,#FFA500,0.234,0.5694,0.7812,0.077,0.2159,0.4709,0.6664
2022-06-27,2022-07-03,2022,26,0.4289,0.438,0.4199,0.002909,Moderate,7.49,7.51,WATCH: Risk stable. Maintain weekly monitoring. Review contingency plans.,#FFA500,0.2655,0.5674,0.7542,0.0981,0.2178,0.4797,0.7156
2022-07-04,2022-07-10,2022,27,0.4236,0.4329,0.4115,-0.003173,Moderate,6.43,7.15,WATCH: Risk stable. Maintain weekly monitoring. Review contingency plans.,#FFA500,0.2744,0.4452,0.7234,0.1263,0.2197,0.4923,0.6313
2022-07-11,2022-07-17,2022,28,0.3946,0.4049,0.376,-0.004602,Moderate,4.67,5.42,WATCH: Risk stable. Maintain weekly monitoring. Review contingency plans.,#FFA500,0.2279,0.2921,0.6895,0.1263,0.2216,0.5442,0.6469
2022-07-18,2022-07-24,2022,29,0.3535,0.3773,0.3351,-0.007539,Moderate,2.74,3.65,WATCH: Risk falling. Maintain weekly monitoring. Review contingency plans.,#FFA500,0.1723,0.1713,0.6527,0.1263,0.2235,0.4941,0.6524
2022-07-25,2022-07-31,2022,30,0.3298,0.3343,0.3189,-0.00196,Low,0.85,1.57,ROUTINE: Risk stable. Standard monitoring sufficient. Good period for baseline surveys.,#FFD700,0.2122,0.0531,0.6138,0.1263,0.2255,0.4687,0.7665
2022-08-01,2022-08-07,2022,31,0.3068,0.3219,0.295,-0.004624,Low,0.0,0.0,ROUTINE: Risk stable. Standard monitoring sufficient. Good period for baseline surveys.,#FFD700,0.1791,0.0,0.5732,0.0927,0.2274,0.4754,0.6219
2022-08-08,2022-08-14,2022,32,0.3033,0.315,0.2966,0.002702,Low,0.0,0.0,ROUTINE: Risk stable. Standard monitoring sufficient. Good period for baseline surveys.,#FFD700,0.1947,0.0,0.5316,0.0927,0.2293,0.5306,0.7033
2022-08-15,2022-08-21,2022,33,0.3115,0.3154,0.3063,-0.00067,Low,0.0,0.0,ROUTINE: Risk stable. Standard monitoring sufficient. Good period for baseline surveys.,#FFD700,0.2305,0.0,0.4895,0.0927,0.2312,0.4859,0.7341
2022-08-22,2022-08-28,2022,34,0.2863,0.2982,0.2774,-0.00226,Low,0.0,0.0,ROUTINE: Risk stable. Standard monitoring sufficient. Good period for baseline surveys.,#FFD700,0.1583,0.0292,0.4475,0.0927,0.2331,0.4961,0.6692
2022-08-29,2022-09-04,2022,35,0.3077,0.3175,0.2902,0.004501,Low,0.0,0.0,ROUTINE: Risk stable. Standard monitoring sufficient. Good period for baseline surveys.,#FFD700,0.2683,0.098,0.4063,0.0702,0.235,0.4813,0.7232
2022-09-05,2022-09-11,2022,36,0.3134,0.3232,0.3053,0.00184,Low,0.0,0.0,ROUTINE: Risk stable. Standard monitoring sufficient. Good period for baseline surveys.,#FFD700,0.2686,0.1,0.3665,0.0534,0.237,0.5075,0.6897
2022-09-12,2022-09-18,2022,37,0.3416,0.3534,0.3275,0.00404,Moderate,0.0,0.0,WATCH: Risk stable. Maintain weekly monitoring. Review contingency plans.,#FFA500,0.3387,0.1,0.3286,0.0534,0.2389,0.4992,0.827
2022-09-19,2022-09-25,2022,38,0.3275,0.3392,0.3184,-0.003718,Low,0.0,0.0,ROUTINE: Risk stable. Standard monitoring sufficient. Good period for baseline surveys.,#FFD700,0.2807,0.1,0.2932,0.0534,0.2408,0.483,0.7621
2022-09-26,2022-10-02,2022,39,0.3016,0.3162,0.2884,-0.004575,Low,0.0,0.0,ROUTINE: Risk stable. Standard monitoring sufficient. Good period for baseline surveys.,#FFD700,0.2431,0.1,0.2608,0.0387,0.2427,0.4729,0.7016
2022-10-03,2022-10-09,2022,40,0.2772,0.2863,0.271,-0.001721,Low,0.0,0.0,ROUTINE: Risk stable. Standard monitoring sufficient. Good period for baseline surveys.,#FFD700,0.2187,0.1,0.2318,0.0018,0.2446,0.4795,0.6913
2022-10-10,2022-10-16,2022,41,0.2802,0.2854,0.274,0.001043,Low,0.0,0.0,ROUTINE: Risk stable. Standard monitoring sufficient. Good period for baseline surveys.,#FFD700,0.2238,0.1,0.2068,0.0018,0.2465,0.4794,0.7702
2022-10-17,2022-10-23,2022,42,0.27,0.2777,0.2599,-0.003127,Low,0.0,0.0,ROUTINE: Risk stable. Standard monitoring sufficient. Good period for baseline surveys.,#FFD700,0.2186,0.1,0.186,0.0018,0.2485,0.4697,0.6529
2022-10-24,2022-10-30,2022,43,0.2756,0.2861,0.269,0.002902,Low,0.0,0.0,ROUTINE: Risk stable. Standard monitoring sufficient. Good period for baseline surveys.,#FFD700,0.2172,0.1,0.1697,0.0018,0.2504,0.5107,0.7952
2022-10-31,2022-11-06,2022,44,0.3075,0.3157,0.2947,0.003619,Low,0.0,0.0,ROUTINE: Risk stable. Standard monitoring sufficient. Good period for baseline surveys.,#FFD700,0.2784,0.1,0.1583,0.0722,0.2523,0.5083,0.8618
2022-11-07,2022-11-13,2022,45,0.3072,0.3113,0.2993,-0.001535,Low,0.0,0.0,ROUTINE: Risk stable. Standard monitoring sufficient. Good period for baseline surveys.,#FFD700,0.2628,0.1,0.1518,0.084,0.2542,0.4916,0.7546
2022-11-14,2022-11-20,2022,46,0.2759,0.2926,0.2674,-0.003081,Low,0.0,0.0,ROUTINE: Risk stable. Standard monitoring sufficient. Good period for baseline surveys.,#FFD700,0.1782,0.1,0.1503,0.084,0.2561,0.4743,0.6968
2022-11-21,2022-11-27,2022,47,0.2729,0.278,0.2685,-0.000223,Low,0.0,0.0,ROUTINE: Risk stable. Standard monitoring sufficient. Good period for baseline surveys.,#FFD700,0.1482,0.1,0.1539,0.084,0.258,0.5131,0.8015
2022-11-28,2022-12-04,2022,48,0.2888,0.2913,0.2852,0.000484,Low,0.0,0.0,ROUTINE: Risk stable. Standard monitoring sufficient. Good period for baseline surveys.,#FFD700,0.2161,0.1,0.1626,0.1237,0.26,0.4825,0.7879
2022-12-05,2022-12-11,2022,49,0.2905,0.2982,0.2829,0.002383,Low,0.0,0.0,ROUTINE: Risk stable. Standard monitoring sufficient. Good period for baseline surveys.,#FFD700,0.2215,0.1,0.1761,0.1536,0.2619,0.4828,0.7254
2022-12-12,2022-12-18,2022,50,0.2859,0.2929,0.2803,-0.00187,Low,0.0,0.0,ROUTINE: Risk stable. Standard monitoring sufficient. Good period for baseline surveys.,#FFD700,0.1807,0.1,0.1943,0.1536,0.2638,0.4811,0.7084
2022-12-19,2022-12-25,2022,51,0.2874,0.2953,0.2788,0.003232,Low,0.0,0.0,ROUTINE: Risk stable. Standard monitoring sufficient. Good period for baseline surveys.,#FFD700,0.1329,0.1,0.2152,0.1536,0.2656,0.5059,0.8855
2022-12-26,2023-01-01,2022,52,0.2873,0.2911,0.283,-0.001339,Low,0.0,0.0,ROUTINE: Risk stable. Standard monitoring sufficient. Good period for baseline surveys.,#FFD700,0.0956,0.1,0.2438,0.1661,0.2676,0.4881,0.8532
2023-01-02,2023-01-08,2023,1,0.3042,0.3226,0.2889,0.00584,Low,0.0,0.0,ROUTINE: Risk rising. Standard monitoring sufficient. Good period for baseline surveys.,#FFD700,0.1795,0.1,0.2743,0.2414,0.2695,0.4804,0.888
2023-01-09,2023-01-15,2023,2,0.3381,0.3439,0.3294,0.002564,Low,0.0,0.0,ROUTINE: Risk stable. Standard monitoring sufficient. Good period for baseline surveys.,#FFD700,0.2423,0.1,0.308,0.2414,0.2715,0.4868,0.9137
2023-01-16,2023-01-22,2023,3,0.3227,0.339,0.3141,-0.003846,Low,0.0,0.0,ROUTINE: Risk stable. Standard monitoring sufficient. Good period for baseline surveys.,#FFD700,0.1798,0.1,0.3446,0.2414,0.2734,0.438,0.8042
2023-01-23,2023-01-29,2023,4,0.3139,0.315,0.3128,0.000287,Low,0.0,0.0,ROUTINE: Risk stable. Standard monitoring sufficient. Good period for baseline surveys.,#FFD700,0.1349,0.1,0.3834,0.2414,0.2753,0.4778,0.8429
2023-01-30,2023-02-05,2023,5,0.3286,0.3349,0.319,0.002689,Low,0.0,0.0,ROUTINE: Risk stable. Standard monitoring sufficient. Good period for baseline surveys.,#FFD700,0.1604,0.1,0.4238,0.2844,0.2772,0.4853,0.8964
2023-02-06,2023-02-12,2023,6,0.3342,0.3391,0.3299,0.000515,Low,0.0,0.0,ROUTINE: Risk stable. Standard monitoring sufficient. Good period for baseline surveys.,#FFD700,0.1791,0.1,0.4654,0.3016,0.2791,0.4628,0.8229
2023-02-13,2023-02-19,2023,7,0.3503,0.3582,0.3405,0.002664,Moderate,0.0,0.0,WATCH: Risk stable. Maintain weekly monitoring. Review contingency plans.,#FFA500,0.2003,0.1,0.5075,0.3016,0.281,0.4322,0.9548
2023-02-20,2023-02-26,2023,8,0.3664,0.3702,0.3617,0.001425,Moderate,0.0,0.0,WATCH: Risk stable. Maintain weekly monitoring. Review contingency plans.,#FFA500,0.2176,0.1,0.5495,0.3016,0.283,0.4617,0.9496
2023-02-27,2023-03-05,2023,9,0.3686,0.372,0.3637,-0.001173,Moderate,0.0,0.0,WATCH: Risk stable. Maintain weekly monitoring. Review contingency plans.,#FFA500,0.1332,0.1,0.5908,0.3936,0.2849,0.4961,0.9255
2023-03-06,2023-03-12,2023,10,0.3695,0.3784,0.3668,0.001405,Moderate,0.0,0.0,WATCH: Risk stable. Maintain weekly monitoring. Review contingency plans.,#FFA500,0.1044,0.1,0.6307,0.4303,0.2868,0.5024,0.9351
2023-03-13,2023-03-19,2023,11,0.385,0.3927,0.38,0.00189,Moderate,0.0,0.0,WATCH: Risk stable. Maintain weekly monitoring. Review contingency plans.,#FFA500,0.1561,0.1,0.6688,0.4303,0.2887,0.5167,0.9401
2023-03-20,2023-03-26,2023,12,0.4064,0.4147,0.395,0.003528,Moderate,0.0,0.0,WATCH: Risk stable. Maintain weekly monitoring. Review contingency plans.,#FFA500,0.246,0.1,0.7044,0.4303,0.2906,0.5043,0.9211
2023-03-27,2023-04-02,2023,13,0.4207,0.4279,0.4134,8.7e-05,Moderate,0.0,0.0,WATCH: Risk stable. Maintain weekly monitoring. Review contingency plans.,#FFA500,0.2448,0.1,0.737,0.459,0.2925,0.4622,0.9422
2023-04-03,2023-04-09,2023,14,0.4187,0.4251,0.4104,0.002209,Moderate,0.0,0.0,WATCH: Risk stable. Maintain weekly monitoring. Review contingency plans.,#FFA500,0.2225,0.1,0.7662,0.5307,0.2945,0.5075,0.917
2023-04-10,2023-04-16,2023,15,0.4758,0.514,0.4379,0.012883,Moderate,0.22,0.63,WATCH: Risk rising. Maintain weekly monitoring. Review contingency plans.,#FFA500,0.4516,0.1229,0.7916,0.5307,0.2964,0.4915,0.947
2023-04-17,2023-04-23,2023,16,0.5751,0.612,0.5314,0.012478,High,1.43,2.06,ELEVATED ALERT: Risk rising. Increase monitoring to twice-weekly. Notify stakeholders. Prepare response plans.,#FF4500,0.6193,0.3105,0.8127,0.5307,0.2983,0.4915,0.9652
2023-04-24,2023-04-30,2023,17,0.6597,0.6894,0.629,0.010173,High,2.99,3.7,ELEVATED ALERT: Risk rising. Increase monitoring to twice-weekly. Notify stakeholders. Prepare response plans.,#FF4500,0.7051,0.6348,0.8293,0.5307,0.3002,0.4932,0.9474
2023-05-01,2023-05-07,2023,18,0.6861,0.6967,0.6797,-0.003115,High,4.6,5.26,ELEVATED ALERT: Risk stable. Increase monitoring to twice-weekly. Notify stakeholders. Prepare response plans.,#FF4500,0.676,0.7875,0.8411,0.5542,0.2296,0.4854,0.8401
2023-05-08,2023-05-14,2023,19,0.6732,0.6881,0.6484,-0.005809,High,6.03,6.28,ELEVATED ALERT: Risk falling. Increase monitoring to twice-weekly. Notify stakeholders. Prepare response plans.,#FF4500,0.5212,0.8766,0.8479,0.5542,0.2025,0.5679,0.7319
2023-05-15,2023-05-21,2023,20,0.625,0.6406,0.6148,-0.004269,High,6.28,6.28,ELEVATED ALERT: Risk stable. Increase monitoring to twice-weekly. Notify stakeholders. Prepare response plans.,#FF4500,0.3139,0.8925,0.8497,0.5542,0.2044,0.5194,0.96
2023-05-22,2023-05-28,2023,21,0.6262,0.6336,0.6135,0.002533,High,6.54,6.73,ELEVATED ALERT: Risk stable. Increase monitoring to twice-weekly. Notify stakeholders. Prepare response plans.,#FF4500,0.4368,0.9086,0.8465,0.5542,0.2063,0.4852,0.938
2023-05-29,2023-06-04,2023,22,0.6065,0.6148,0.5979,-0.000814,High,6.73,6.73,ELEVATED ALERT: Risk stable. Increase monitoring to twice-weekly. Notify stakeholders. Prepare response plans.,#FF4500,0.4001,0.8012,0.8382,0.6227,0.2082,0.4844,0.776
2023-06-05,2023-06-11,2023,23,0.5529,0.5873,0.5229,-0.010999,High,6.73,6.73,ELEVATED ALERT: Risk falling. Increase monitoring to twice-weekly. Notify stakeholders. Prepare response plans.,#FF4500,0.2745,0.6435,0.825,0.674,0.2101,0.4715,0.6733
2023-06-12,2023-06-18,2023,24,0.5091,0.5205,0.4995,-0.003022,Moderate,6.73,6.73,WATCH: Risk stable. Maintain weekly monitoring. Review contingency plans.,#FFA500,0.1885,0.5913,0.8071,0.674,0.212,0.51,0.7133
2023-06-19,2023-06-25,2023,25,0.4941,0.497,0.4882,-0.001135,Moderate,6.73,6.73,WATCH: Risk stable. Maintain weekly monitoring. Review contingency plans.,#FFA500,0.1628,0.5405,0.7847,0.674,0.214,0.5003,0.7972
2023-06-26,2023-07-02,2023,26,0.4736,0.4838,0.4685,-0.002507,Moderate,6.73,6.73,WATCH: Risk stable. Maintain weekly monitoring. Review contingency plans.,#FFA500,0.1799,0.5206,0.7583,0.6754,0.2159,0.4722,0.6692
2023-07-03,2023-07-09,2023,27,0.4679,0.4738,0.4626,-0.000282,Moderate,6.51,6.73,WATCH: Risk stable. Maintain weekly monitoring. Review contingency plans.,#FFA500,0.1825,0.4977,0.728,0.6789,0.2178,0.489,0.6937
2023-07-10,2023-07-16,2023,28,0.4603,0.4687,0.4516,-0.001305,Moderate,5.3,5.91,WATCH: Risk stable. Maintain weekly monitoring. Review contingency plans.,#FFA500,0.2186,0.3486,0.6945,0.6789,0.2197,0.5078,0.752
2023-07-17,2023-07-23,2023,29,0.4323,0.446,0.418,-0.00454,Moderate,3.74,4.44,WATCH: Risk stable. Maintain weekly monitoring. Review contingency plans.,#FFA500,0.2102,0.2339,0.6581,0.6789,0.2216,0.4945,0.6742
2023-07-24,2023-07-30,2023,30,0.4134,0.4168,0.4072,-0.001035,Moderate,2.13,2.79,WATCH: Risk stable. Maintain weekly monitoring. Review contingency plans.,#FFA500,0.2269,0.1331,0.6195,0.6789,0.2235,0.4916,0.7381
2023-07-31,2023-08-06,2023,31,0.4239,0.4331,0.4068,0.003849,Moderate,0.7,1.22,WATCH: Risk stable. Maintain weekly monitoring. Review contingency plans.,#FFA500,0.2825,0.0439,0.5791,0.8023,0.2255,0.4893,0.7423
2023-08-07,2023-08-13,2023,32,0.4368,0.4419,0.4337,0.000986,Moderate,0.45,0.45,WATCH: Risk stable. Maintain weekly monitoring. Review contingency plans.,#FFA500,0.299,0.0281,0.5376,0.8228,0.2274,0.4765,0.7234
2023-08-14,2023-08-20,2023,33,0.4324,0.4381,0.4246,0.00057,Moderate,0.19,0.45,WATCH: Risk stable. Maintain weekly monitoring. Review contingency plans.,#FFA500,0.3016,0.012,0.4955,0.8228,0.2293,0.491,0.7621
2023-08-21,2023-08-27,2023,34,0.4319,0.4343,0.429,0.000696,Moderate,0.0,0.0,WATCH: Risk stable. Maintain weekly monitoring. Review contingency plans.,#FFA500,0.3188,0.0,0.4535,0.8228,0.2312,0.4967,0.7741
2023-08-28,2023-09-03,2023,35,0.4147,0.434,0.3987,-0.0055,Moderate,0.0,0.0,WATCH: Risk falling. Maintain weekly monitoring. Review contingency plans.,#FFA500,0.278,0.0033,0.4121,0.8572,0.2331,0.4956,0.6686
2023-09-04,2023-09-10,2023,36,0.4048,0.414,0.3961,-0.000179,Moderate,0.0,0.0,WATCH: Risk stable. Maintain weekly monitoring. Review contingency plans.,#FFA500,0.2263,0.0295,0.3721,0.9031,0.235,0.5543,0.6575
2023-09-11,2023-09-17,2023,37,0.3896,0.3939,0.3854,-0.00125,Moderate,0.0,0.0,WATCH: Risk stable. Maintain weekly monitoring. Review contingency plans.,#FFA500,0.1989,0.0801,0.3339,0.9031,0.237,0.505,0.6553
2023-09-18,2023-09-24,2023,38,0.4006,0.4063,0.3855,0.001864,Moderate,0.0,0.0,WATCH: Risk stable. Maintain weekly monitoring. Review contingency plans.,#FFA500,0.2283,0.1,0.2981,0.9031,0.2389,0.5178,0.732
2023-09-25,2023-10-01,2023,39,0.3922,0.3992,0.386,-0.001381,Moderate,0.0,0.0,WATCH: Risk stable. Maintain weekly monitoring. Review contingency plans.,#FFA500,0.2068,0.1,0.2652,0.9028,0.2408,0.5141,0.6888
2023-10-02,2023-10-08,2023,40,0.3782,0.3852,0.3749,-0.00103,Moderate,0.0,0.0,WATCH: Risk stable. Maintain weekly monitoring. Review contingency plans.,#FFA500,0.1752,0.1,0.2357,0.9009,0.2427,0.5021,0.6756
2023-10-09,2023-10-15,2023,41,0.3992,0.4094,0.3866,0.003555,Moderate,0.0,0.0,WATCH: Risk stable. Maintain weekly monitoring. Review contingency plans.,#FFA500,0.2654,0.1,0.2101,0.9009,0.2446,0.5229,0.7874
2023-10-16,2023-10-22,2023,42,0.4116,0.4158,0.4089,0.000243,Moderate,0.0,0.0,WATCH: Risk stable. Maintain weekly monitoring. Review contingency plans.,#FFA500,0.2851,0.1,0.1887,0.9009,0.2465,0.5014,0.7577
2023-10-23,2023-10-29,2023,43,0.4242,0.4439,0.4134,0.005011,Moderate,0.0,0.0,WATCH: Risk rising. Maintain weekly monitoring. Review contingency plans.,#FFA500,0.3255,0.1,0.1718,0.9009,0.2485,0.5108,0.8692
2023-10-30,2023-11-05,2023,44,0.4527,0.4722,0.4359,0.005004,Moderate,0.0,0.0,WATCH: Risk rising. Maintain weekly monitoring. Review contingency plans.,#FFA500,0.3812,0.1,0.1596,0.9441,0.2504,0.5428,0.7752
2023-11-06,2023-11-12,2023,45,0.4986,0.5129,0.479,0.005645,Moderate,0.0,0.0,WATCH: Risk rising. Maintain weekly monitoring. Review contingency plans.,#FFA500,0.5471,0.1,0.1524,0.9613,0.2523,0.5119,0.8455
2023-11-13,2023-11-19,2023,46,0.5018,0.5112,0.4877,-0.003783,Moderate,0.0,0.0,WATCH: Risk stable. Maintain weekly monitoring. Review contingency plans.,#FFA500,0.4808,0.1,0.1502,0.9613,0.2542,0.5224,0.7569
2023-11-20,2023-11-26,2023,47,0.4624,0.4848,0.4309,-0.008971,Moderate,0.0,0.0,WATCH: Risk falling. Maintain weekly monitoring. Review contingency plans.,#FFA500,0.2888,0.1,0.1531,0.9613,0.2561,0.5204,0.8653
2023-11-27,2023-12-03,2023,48,0.4146,0.428,0.4023,-0.003763,Moderate,0.0,0.0,WATCH: Risk stable. Maintain weekly monitoring. Review contingency plans.,#FFA500,0.2028,0.1,0.161,0.9548,0.258,0.5657,0.7139
2023-12-04,2023-12-10,2023,49,0.4481,0.4739,0.4213,0.009788,Moderate,0.0,0.0,WATCH: Risk rising. Maintain weekly monitoring. Review contingency plans.,#FFA500,0.2631,0.1,0.1739,0.9461,0.26,0.6395,0.8442
2023-12-11,2023-12-17,2023,50,0.471,0.4737,0.4679,-0.000394,Moderate,0.0,0.0,WATCH: Risk stable. Maintain weekly monitoring. Review contingency plans.,#FFA500,0.3068,0.1,0.1915,0.9461,0.2619,0.5655,0.9031
2023-12-18,2023-12-24,2023,51,0.471,0.4772,0.4579,-0.001504,Moderate,0.0,0.0,WATCH: Risk stable. Maintain weekly monitoring. Review contingency plans.,#FFA500,0.2764,0.1,0.2135,0.9461,0.2638,0.5829,0.9208
2023-12-25,2023-12-31,2023,52,0.4632,0.4733,0.4505,0.00498,Moderate,0.0,0.0,WATCH: Risk stable. Maintain weekly monitoring. Review contingency plans.,#FFA500,0.2419,0.1,0.2417,0.9461,0.2658,0.6491,0.8684
2024-01-01,2024-01-07,2024,1,0.4562,0.4668,0.4518,-0.002042,Moderate,0.0,0.0,WATCH: Risk stable. Maintain weekly monitoring. Review contingency plans.,#FFA500,0.2681,0.1,0.2697,0.8892,0.2676,0.5443,0.9203
2024-01-08,2024-01-14,2024,2,0.4404,0.4484,0.4352,-0.000509,Moderate,0.0,0.0,WATCH: Risk stable. Maintain weekly monitoring. Review contingency plans.,#FFA500,0.2883,0.1,0.303,0.8892,0.2695,0.473,0.8759
2024-01-15,2024-01-21,2024,3,0.4593,0.4711,0.4481,0.003599,Moderate,0.0,0.0,WATCH: Risk stable. Maintain weekly monitoring. Review contingency plans.,#FFA500,0.3446,0.1,0.3392,0.8892,0.2715,0.492,0.9279
2024-01-22,2024-01-28,2024,4,0.469,0.4764,0.4595,-0.003048,Moderate,0.0,0.0,WATCH: Risk stable. Maintain weekly monitoring. Review contingency plans.,#FFA500,0.3439,0.1,0.3777,0.8892,0.2734,0.4596,0.8858
2024-01-29,2024-02-04,2024,5,0.4693,0.4737,0.4614,0.001872,Moderate,0.0,0.0,WATCH: Risk stable. Maintain weekly monitoring. Review contingency plans.,#FFA500,0.3649,0.1,0.418,0.7828,0.2753,0.4779,0.9506
2024-02-05,2024-02-11,2024,6,0.4722,0.4741,0.4699,-0.000186,Moderate,0.0,0.0,WATCH: Risk stable. Maintain weekly monitoring. Review contingency plans.,#FFA500,0.3601,0.1,0.4594,0.7031,0.2772,0.4788,0.9602
2024-02-12,2024-02-18,2024,7,0.4657,0.468,0.4624,-0.000769,Moderate,0.0,0.0,WATCH: Risk stable. Maintain weekly monitoring. Review contingency plans.,#FFA500,0.3174,0.1,0.5015,0.7031,0.2791,0.4964,0.9523
2024-02-19,2024-02-25,2024,8,0.4586,0.4602,0.4573,0.000295,Moderate,0.0,0.0,WATCH: Risk stable. Maintain weekly monitoring. Review contingency plans.,#FFA500,0.3039,0.1,0.5435,0.7031,0.281,0.5033,0.929
2024-02-26,2024-03-03,2024,9,0.4486,0.4619,0.4229,-0.006337,Moderate,0.0,0.0,WATCH: Risk falling. Maintain weekly monitoring. Review contingency plans.,#FFA500,0.2305,0.1,0.5849,0.6883,0.283,0.4959,0.926
2024-03-04,2024-03-10,2024,10,0.4154,0.4198,0.4087,0.000819,Moderate,0.0,0.0,WATCH: Risk stable. Maintain weekly monitoring. Review contingency plans.,#FFA500,0.199,0.1,0.6251,0.6686,0.2849,0.534,0.7697
2024-03-11,2024-03-17,2024,11,0.4292,0.441,0.4194,0.003847,Moderate,0.0,0.0,WATCH: Risk stable. Maintain weekly monitoring. Review contingency plans.,#FFA500,0.2178,0.1,0.6635,0.6686,0.2868,0.4995,0.961
2024-03-18,2024-03-24,2024,12,0.4603,0.4719,0.4453,0.00468,Moderate,0.0,0.0,WATCH: Risk stable. Maintain weekly monitoring. Review contingency plans.,#FFA500,0.3115,0.1,0.6995,0.6686,0.2887,0.5032,0.9662
2024-03-25,2024-03-31,2024,13,0.4903,0.5165,0.474,0.006929,Moderate,0.0,0.0,WATCH: Risk rising. Maintain weekly monitoring. Review contingency plans.,#FFA500,0.4207,0.1,0.7326,0.6686,0.2906,0.5057,0.9617
2024-04-01,2024-04-07,2024,14,0.5196,0.5344,0.5103,0.002223,Moderate,0.32,0.66,WATCH: Risk stable. Maintain weekly monitoring. Review contingency plans.,#FFA500,0.4781,0.1375,0.7623,0.5955,0.2925,0.481,0.948
2024-04-08,2024-04-14,2024,15,0.5748,0.608,0.5412,0.011097,High,1.41,1.99,ELEVATED ALERT: Risk rising. Increase monitoring to twice-weekly. Notify stakeholders. Prepare response plans.,#FF4500,0.5829,0.3184,0.7882,0.5955,0.2945,0.5219,0.895
2024-04-15,2024-04-21,2024,16,0.683,0.7346,0.6245,0.018554,Critical,3.01,3.86,IMMEDIATE ACTION: Bleaching likely imminent. Risk rising. Deploy emergency monitoring. Document baseline. Restrict reef access if possible.,#8B0000,0.7882,0.6363,0.8099,0.5955,0.2964,0.5152,0.9612
2024-04-22,2024-04-28,2024,17,0.7691,0.8055,0.7421,0.011164,Critical,5.09,6.16,IMMEDIATE ACTION: Bleaching likely imminent. Risk rising. Deploy emergency monitoring. Document baseline. Restrict reef access if possible.,#8B0000,0.9067,0.8184,0.8272,0.5955,0.2147,0.4884,0.9421
2024-04-29,2024-05-05,2024,18,0.819,0.8269,0.8138,0.000607,Critical,7.62,8.71,IMMEDIATE ACTION: Bleaching likely imminent. Risk stable. Deploy emergency monitoring. Document baseline. Restrict reef access if possible.,#8B0000,0.9606,0.9668,0.8397,0.523,0.2027,0.497,0.9196
2024-05-06,2024-05-12,2024,19,0.8296,0.8352,0.8146,-0.003204,Critical,10.23,11.32,IMMEDIATE ACTION: Bleaching likely imminent. Risk stable. Deploy emergency monitoring. Document baseline. Restrict reef access if possible.,#8B0000,0.9715,1.0,0.8473,0.4939,0.2047,0.4897,0.9012
2024-05-13,2024-05-19,2024,20,0.7737,0.7994,0.7401,-0.009856,Critical,12.52,13.34,IMMEDIATE ACTION: Bleaching likely imminent. Risk falling. Deploy emergency monitoring. Document baseline. Restrict reef access if possible.,#8B0000,0.8447,1.0,0.8498,0.4939,0.2066,0.471,0.7884
2024-05-20,2024-05-26,2024,21,0.6863,0.729,0.6587,-0.0113,Critical,14.06,14.3,IMMEDIATE ACTION: Bleaching likely imminent. Risk falling. Deploy emergency monitoring. Document baseline. Restrict reef access if possible.,#8B0000,0.5366,1.0,0.8473,0.4939,0.2085,0.5028,0.6254
2024-05-27,2024-06-02,2024,22,0.6382,0.6591,0.6174,-0.004314,High,14.45,14.45,ELEVATED ALERT: Risk stable. Increase monitoring to twice-weekly. Notify stakeholders. Prepare response plans.,#FF4500,0.4721,1.0,0.8397,0.4728,0.2104,0.5087,0.6744
2024-06-03,2024-06-09,2024,23,0.6545,0.6619,0.6491,-0.00098,High,14.45,14.45,ELEVATED ALERT: Risk stable. Increase monitoring to twice-weekly. Notify stakeholders. Prepare response plans.,#FF4500,0.5578,1.0,0.8272,0.4199,0.2123,0.4757,0.7013
2024-06-10,2024-06-16,2024,24,0.6289,0.6476,0.6131,-0.005109,High,14.45,14.45,ELEVATED ALERT: Risk falling. Increase monitoring to twice-weekly. Notify stakeholders. Prepare response plans.,#FF4500,0.5108,0.8586,0.8099,0.4199,0.2142,0.4721,0.7703
2024-06-17,2024-06-23,2024,25,0.5783,0.6017,0.5504,-0.007605,High,14.45,14.45,ELEVATED ALERT: Risk falling. Increase monitoring to twice-weekly. Notify stakeholders. Prepare response plans.,#FF4500,0.4519,0.6465,0.7882,0.4199,0.2162,0.4956,0.6502
2024-06-24,2024-06-30,2024,26,0.5306,0.5382,0.5222,-0.001144,Moderate,14.14,14.45,WATCH: Risk stable. Maintain weekly monitoring. Review contingency plans.,#FFA500,0.41,0.5837,0.7623,0.4199,0.2181,0.4977,0.6609
2024-07-01,2024-07-07,2024,27,0.5186,0.5286,0.5072,-0.003594,Moderate,13.04,13.62,WATCH: Risk stable. Maintain weekly monitoring. Review contingency plans.,#FFA500,0.4511,0.5129,0.7326,0.3506,0.22,0.4827,0.676
2024-07-08,2024-07-14,2024,28,0.4985,0.5128,0.4769,-0.005024,Moderate,11.45,12.24,WATCH: Risk falling. Maintain weekly monitoring. Review contingency plans.,#FFA500,0.3882,0.5,0.6995,0.3506,0.2219,0.4879,0.664
2024-07-15,2024-07-21,2024,29,0.4555,0.4715,0.4455,-0.004418,Moderate,9.36,10.31,WATCH: Risk stable. Maintain weekly monitoring. Review contingency plans.,#FFA500,0.2719,0.5,0.6635,0.3506,0.2238,0.4833,0.6379
2024-07-22,2024-07-28,2024,30,0.4383,0.4479,0.4239,-0.003951,Moderate,6.84,7.91,WATCH: Risk stable. Maintain weekly monitoring. Review contingency plans.,#FFA500,0.2684,0.4273,0.6251,0.3506,0.2257,0.4982,0.6562
2024-07-29,2024-08-04,2024,31,0.4235,0.4275,0.4207,0.00087,Moderate,4.23,5.35,WATCH: Risk stable. Maintain weekly monitoring. Review contingency plans.,#FFA500,0.3556,0.2641,0.5849,0.375,0.2277,0.4928,0.651
2024-08-05,2024-08-11,2024,32,0.437,0.4496,0.4272,0.004122,Moderate,1.94,2.82,WATCH: Risk stable. Maintain weekly monitoring. Review contingency plans.,#FFA500,0.4294,0.1211,0.5435,0.3933,0.2296,0.481,0.8166
2024-08-12,2024-08-18,2024,33,0.4466,0.4565,0.4404,0.000479,Moderate,0.4,0.88,WATCH: Risk stable. Maintain weekly monitoring. Review contingency plans.,#FFA500,0.4962,0.0249,0.5015,0.3933,0.2315,0.4325,0.7455
2024-08-19,2024-08-25,2024,34,0.4158,0.4278,0.4111,-0.001407,Moderate,0.0,0.0,WATCH: Risk stable. Maintain weekly monitoring. Review contingency plans.,#FFA500,0.4402,0.0,0.4594,0.3933,0.2334,0.4803,0.6486
2024-08-26,2024-09-01,2024,35,0.4052,0.4171,0.3936,-0.004012,Moderate,0.0,0.0,WATCH: Risk stable. Maintain weekly monitoring. Review contingency plans.,#FFA500,0.4302,0.0,0.418,0.3841,0.2353,0.4851,0.6727
2024-09-02,2024-09-08,2024,36,0.3811,0.3897,0.3618,-0.004035,Moderate,0.0,0.0,WATCH: Risk stable. Maintain weekly monitoring. Review contingency plans.,#FFA500,0.3706,0.0006,0.3777,0.3293,0.2372,0.5084,0.6626
2024-09-09,2024-09-15,2024,37,0.3582,0.367,0.3522,0.002249,Moderate,0.0,0.0,WATCH: Risk stable. Maintain weekly monitoring. Review contingency plans.,#FFA500,0.3235,0.0563,0.3392,0.3293,0.2392,0.4858,0.7283
2024-09-16,2024-09-22,2024,38,0.3592,0.3735,0.3468,-0.004916,Moderate,0.0,0.0,WATCH: Risk stable. Maintain weekly monitoring. Review contingency plans.,#FFA500,0.2882,0.0986,0.303,0.3293,0.2411,0.5053,0.7025
2024-09-23,2024-09-29,2024,39,0.3611,0.3869,0.3435,0.008085,Moderate,0.0,0.0,WATCH: Risk rising. Maintain weekly monitoring. Review contingency plans.,#FFA500,0.3218,0.1,0.2697,0.3293,0.243,0.5018,0.8431
2024-09-30,2024-10-06,2024,40,0.3739,0.3932,0.3623,-0.003862,Moderate,0.0,0.0,WATCH: Risk stable. Maintain weekly monitoring. Review contingency plans.,#FFA500,0.3886,0.1,0.2397,0.2415,0.2449,0.5133,0.7087
2024-10-07,2024-10-13,2024,41,0.3821,0.3881,0.3761,0.001808,Moderate,0.0,0.0,WATCH: Risk stable. Maintain weekly monitoring. Review contingency plans.,#FFA500,0.4244,0.1,0.2135,0.2269,0.2468,0.4964,0.8645
2024-10-14,2024-10-20,2024,42,0.3559,0.3782,0.3333,-0.007368,Moderate,0.0,0.0,WATCH: Risk falling. Maintain weekly monitoring. Review contingency plans.,#FFA500,0.2991,0.1,0.1915,0.2269,0.2487,0.494,0.7689
2024-10-21,2024-10-27,2024,43,0.3298,0.336,0.3253,0.000229,Low,0.0,0.0,ROUTINE: Risk stable. Standard monitoring sufficient. Good period for baseline surveys.,#FFD700,0.2627,0.1,0.1739,0.2269,0.2507,0.4921,0.8426
2024-10-28,2024-11-03,2024,44,0.3623,0.3812,0.3403,0.007636,Moderate,0.0,0.0,WATCH: Risk rising. Maintain weekly monitoring. Review contingency plans.,#FFA500,0.4038,0.1,0.161,0.1942,0.2526,0.4763,0.9553
2024-11-04,2024-11-10,2024,45,0.3784,0.3869,0.3723,0.001536,Moderate,0.0,0.0,WATCH: Risk stable. Maintain weekly monitoring. Review contingency plans.,#FFA500,0.4799,0.1,0.1531,0.1506,0.2545,0.482,0.8072
2024-11-11,2024-11-17,2024,46,0.3965,0.4005,0.3908,0.001056,Moderate,0.0,0.0,WATCH: Risk stable. Maintain weekly monitoring. Review contingency plans.,#FFA500,0.513,0.1,0.1502,0.1506,0.2564,0.4685,0.8962
2024-11-18,2024-11-24,2024,47,0.3873,0.4031,0.3643,-0.006291,Moderate,0.0,0.0,WATCH: Risk falling. Maintain weekly monitoring. Review contingency plans.,#FFA500,0.4683,0.1,0.1524,0.1506,0.2583,0.49,0.7656
2024-11-25,2024-12-01,2024,48,0.3589,0.3619,0.3544,-0.000722,Moderate,0.0,0.0,WATCH: Risk stable. Maintain weekly monitoring. Review contingency plans.,#FFA500,0.4253,0.1,0.1596,0.1486,0.2602,0.4909,0.7202
2024-12-02,2024-12-08,2024,49,0.3695,0.3724,0.3652,0.000672,Moderate,0.0,0.0,WATCH: Risk stable. Maintain weekly monitoring. Review contingency plans.,#FFA500,0.467,0.1,0.1718,0.1369,0.2621,0.4473,0.7874
2024-12-09,2024-12-15,2024,50,0.3435,0.3618,0.3273,-0.006102,Moderate,0.0,0.0,WATCH: Risk falling. Maintain weekly monitoring. Review contingency plans.,#FFA500,0.345,0.1,0.1887,0.1369,0.2641,0.4317,0.7215
2024-12-16,2024-12-22,2024,51,0.3308,0.3335,0.3273,0.000588,Low,0.0,0.0,ROUTINE: Risk stable. Standard monitoring sufficient. Good period for baseline surveys.,#FFD700,0.3091,0.1,0.2101,0.1369,0.266,0.4608,0.8242
2024-12-23,2024-12-29,2024,52,0.3296,0.3327,0.3263,0.000164,Low,0.0,0.0,ROUTINE: Risk stable. Standard monitoring sufficient. Good period for baseline surveys.,#FFD700,0.274,0.1,0.237,0.1369,0.268,0.4394,0.8722
2024-12-30,2025-01-05,2025,1,0.3357,0.3486,0.3208,0.004989,Low,0.0,0.0,ROUTINE: Risk stable. Standard monitoring sufficient. Good period for baseline surveys.,#FFD700,0.3081,0.1,0.262,0.1579,0.2698,0.4581,0.8661
2025-01-06,2025-01-12,2025,2,0.3402,0.3471,0.3359,-0.001336,Low,0.0,0.0,ROUTINE: Risk stable. Standard monitoring sufficient. Good period for baseline surveys.,#FFD700,0.287,0.1,0.2932,0.1664,0.2717,0.4499,0.8245
2025-01-13,2025-01-19,2025,3,0.3477,0.3562,0.3375,0.003794,Moderate,0.0,0.0,WATCH: Risk stable. Maintain weekly monitoring. Review contingency plans.,#FFA500,0.3059,0.1,0.3303,0.1664,0.2737,0.4815,0.874
2025-01-20,2025-01-26,2025,4,0.3639,0.3683,0.3586,0.001049,Moderate,0.0,0.0,WATCH: Risk stable. Maintain weekly monitoring. Review contingency plans.,#FFA500,0.3298,0.1,0.3665,0.1664,0.2756,0.4639,0.8759
2025-01-27,2025-02-02,2025,5,0.3663,0.3758,0.3603,0.002817,Moderate,0.0,0.0,WATCH: Risk stable. Maintain weekly monitoring. Review contingency plans.,#FFA500,0.311,0.1,0.4063,0.1956,0.2775,0.4472,0.9173
2025-02-03,2025-02-09,2025,6,0.3773,0.3788,0.375,0.000559,Moderate,0.0,0.0,WATCH: Risk stable. Maintain weekly monitoring. Review contingency plans.,#FFA500,0.2795,0.1,0.4475,0.2688,0.2794,0.4543,0.9448
2025-02-10,2025-02-16,2025,7,0.3865,0.3907,0.3792,0.001445,Moderate,0.0,0.0,WATCH: Risk stable. Maintain weekly monitoring. Review contingency plans.,#FFA500,0.3027,0.1,0.4895,0.2688,0.2813,0.4392,0.956
2025-02-17,2025-02-23,2025,8,0.3808,0.385,0.3785,-0.000869,Moderate,0.0,0.0,WATCH: Risk stable. Maintain weekly monitoring. Review contingency plans.,#FFA500,0.2706,0.1,0.5316,0.2688,0.2832,0.42,0.9333
2025-02-24,2025-03-02,2025,9,0.3731,0.3765,0.3704,-2e-06,Moderate,0.0,0.0,WATCH: Risk stable. Maintain weekly monitoring. Review contingency plans.,#FFA500,0.249,0.1,0.5732,0.2828,0.2851,0.4529,0.8397
2025-03-03,2025-03-09,2025,10,0.3642,0.3731,0.3533,-0.003469,Moderate,0.0,0.0,WATCH: Risk stable. Maintain weekly monitoring. Review contingency plans.,#FFA500,0.154,0.1,0.6138,0.318,0.2871,0.4821,0.8719
2025-03-10,2025-03-16,2025,11,0.3722,0.3859,0.3573,0.004146,Moderate,0.0,0.0,WATCH: Risk stable. Maintain weekly monitoring. Review contingency plans.,#FFA500,0.2178,0.1,0.6527,0.318,0.289,0.4823,0.9383
2025-03-17,2025-03-23,2025,12,0.4032,0.4135,0.3904,0.003374,Moderate,0.0,0.0,WATCH: Risk stable. Maintain weekly monitoring. Review contingency plans.,#FFA500,0.326,0.1,0.6895,0.318,0.2909,0.4701,0.8714
2025-03-24,2025-03-30,2025,13,0.4291,0.4333,0.4193,0.00133,Moderate,0.0,0.0,WATCH: Risk stable. Maintain weekly monitoring. Review contingency plans.,#FFA500,0.3795,0.1,0.7234,0.318,0.2928,0.46,0.9029
2025-03-31,2025-04-06,2025,14,0.3973,0.432,0.3751,-0.009769,Moderate,0.0,0.0,WATCH: Risk falling. Maintain weekly monitoring. Review contingency plans.,#FFA500,0.2099,0.1,0.7542,0.3553,0.2947,0.476,0.7243
2025-04-07,2025-04-13,2025,15,0.369,0.3736,0.3613,-0.001607,Moderate,0.0,0.0,WATCH: Risk stable. Maintain weekly monitoring. Review contingency plans.,#FFA500,0.1366,0.1,0.7812,0.3615,0.2966,0.5004,0.7748
2025-04-14,2025-04-20,2025,16,0.3829,0.3898,0.3748,0.00228,Moderate,0.0,0.0,WATCH: Risk stable. Maintain weekly monitoring. Review contingency plans.,#FFA500,0.2228,0.1,0.8042,0.3615,0.2986,0.4866,0.8155
2025-04-21,2025-04-27,2025,17,0.4267,0.4636,0.3974,0.011066,Moderate,0.06,0.3,WATCH: Risk rising. Maintain weekly monitoring. Review contingency plans.,#FFA500,0.3844,0.1058,0.8227,0.3615,0.3005,0.4901,0.9113
2025-04-28,2025-05-04,2025,18,0.4707,0.4833,0.4642,0.002112,Moderate,0.47,0.61,WATCH: Risk stable. Maintain weekly monitoring. Review contingency plans.,#FFA500,0.4344,0.1722,0.8366,0.3594,0.3024,0.5176,0.8334
2025-05-05,2025-05-11,2025,19,0.4662,0.4808,0.4425,-0.006006,Moderate,0.71,0.76,WATCH: Risk falling. Maintain weekly monitoring. Review contingency plans.,#FFA500,0.3541,0.2501,0.8456,0.3579,0.3043,0.4781,0.7195
2025-05-12,2025-05-18,2025,20,0.4375,0.4519,0.4302,0.002462,Moderate,0.76,0.76,WATCH: Risk stable. Maintain weekly monitoring. Review contingency plans.,#FFA500,0.3345,0.2861,0.8496,0.3579,0.3062,0.4793,0.6801
2025-05-19,2025-05-25,2025,21,0.4577,0.4701,0.4391,-0.004807,Moderate,0.76,0.76,WATCH: Risk stable. Maintain weekly monitoring. Review contingency plans.,#FFA500,0.358,0.252,0.8485,0.3579,0.3081,0.4833,0.7551
2025-05-26,2025-06-01,2025,22,0.432,0.4395,0.4283,0.000678,Moderate,0.76,0.76,WATCH: Risk stable. Maintain weekly monitoring. Review contingency plans.,#FFA500,0.3422,0.1858,0.8424,0.3579,0.3101,0.479,0.7251
2025-06-02,2025-06-08,2025,23,0.4382,0.4437,0.4284,-0.002031,Moderate,0.76,0.76,WATCH: Risk stable. Maintain weekly monitoring. Review contingency plans.,#FFA500,0.3673,0.1521,0.8312,0.3579,0.312,0.4685,0.7061
2025-06-09,2025-06-15,2025,24,0.4164,0.4265,0.4048,-0.003999,Moderate,0.76,0.76,WATCH: Risk stable. Maintain weekly monitoring. Review contingency plans.,#FFA500,0.2917,0.1472,0.8153,0.3579,0.3139,0.4705,0.6716
2025-06-16,2025-06-22,2025,25,0.391,0.4024,0.3824,-0.003505,Moderate,0.76,0.76,WATCH: Risk stable. Maintain weekly monitoring. Review contingency plans.,#FFA500,0.2322,0.1472,0.7949,0.3579,0.3158,0.4797,0.6232
2025-06-23,2025-06-29,2025,26,0.3805,0.3821,0.3786,-0.000284,Moderate,0.76,0.76,WATCH: Risk stable. Maintain weekly monitoring. Review contingency plans.,#FFA500,0.2005,0.1472,0.7701,0.3579,0.3177,0.4987,0.6879
2025-06-30,2025-07-06,2025,27,0.3949,0.4061,0.3784,0.004637,Moderate,0.76,0.76,WATCH: Risk stable. Maintain weekly monitoring. Review contingency plans.,#FFA500,0.267,0.1472,0.7414,0.3453,0.3196,0.4827,0.7337
2025-07-07,2025-07-13,2025,28,0.4022,0.405,0.4008,0.000269,Moderate,0.76,0.76,WATCH: Risk stable. Maintain weekly monitoring. Review contingency plans.,#FFA500,0.2776,0.1472,0.7092,0.3432,0.3216,0.508,0.702
2025-07-14,2025-07-20,2025,29,0.4064,0.4127,0.3912,-0.002746,Moderate,0.69,0.76,WATCH: Risk stable. Maintain weekly monitoring. Review contingency plans.,#FFA500,0.3255,0.1415,0.674,0.3432,0.3235,0.4633,0.6511
2025-07-21,2025-07-27,2025,30,0.3751,0.3828,0.3704,-0.000934,Moderate,0.28,0.31,WATCH: Risk stable. Maintain weekly monitoring. Review contingency plans.,#FFA500,0.235,0.0751,0.6363,0.3432,0.3254,0.4847,0.692
2025-07-28,2025-08-03,2025,31,0.3824,0.3895,0.3752,0.001897,Moderate,0.04,0.15,WATCH: Risk stable. Maintain weekly monitoring. Review contingency plans.,#FFA500,0.3057,0.0128,0.5966,0.333,0.3273,0.5069,0.8002
2025-08-04,2025-08-10,2025,32,0.3793,0.3965,0.3671,-0.005501,Moderate,0.0,0.0,WATCH: Risk falling. Maintain weekly monitoring. Review contingency plans.,#FFA500,0.2969,0.0,0.5555,0.3194,0.3292,0.4795,0.7581
2025-08-11,2025-08-17,2025,33,0.3465,0.3581,0.3366,-0.003179,Moderate,0.0,0.0,WATCH: Risk stable. Maintain weekly monitoring. Review contingency plans.,#FFA500,0.2226,0.01,0.5135,0.3194,0.3311,0.4921,0.6102
2025-08-18,2025-08-24,2025,34,0.3432,0.3481,0.3391,2e-06,Low,0.0,0.0,ROUTINE: Risk stable. Standard monitoring sufficient. Good period for baseline surveys.,#FFD700,0.2309,0.0614,0.4714,0.3194,0.3331,0.4897,0.7048
2025-08-25,2025-08-31,2025,35,0.3556,0.3688,0.34,0.004981,Moderate,0.0,0.0,WATCH: Risk stable. Maintain weekly monitoring. Review contingency plans.,#FFA500,0.2776,0.0951,0.4297,0.3194,0.335,0.4859,0.7315
2025-09-01,2025-09-07,2025,36,0.3637,0.3666,0.3592,0.000435,Moderate,0.0,0.0,WATCH: Risk stable. Maintain weekly monitoring. Review contingency plans.,#FFA500,0.3093,0.1,0.389,0.2955,0.3369,0.4893,0.666
2025-09-08,2025-09-14,2025,37,0.3582,0.3628,0.3529,-0.000143,Moderate,0.0,0.0,WATCH: Risk stable. Maintain weekly monitoring. Review contingency plans.,#FFA500,0.2984,0.1,0.35,0.2955,0.3388,0.4816,0.672
2025-09-15,2025-09-21,2025,38,0.3528,0.3603,0.3459,-0.001666,Moderate,0.0,0.0,WATCH: Risk stable. Maintain weekly monitoring. Review contingency plans.,#FFA500,0.2608,0.1,0.3131,0.2955,0.3407,0.483,0.759
2025-09-22,2025-09-28,2025,39,0.33,0.3501,0.3168,-0.005592,Moderate,0.0,0.0,WATCH: Risk falling. Maintain weekly monitoring. Review contingency plans.,#FFA500,0.2037,0.1,0.2789,0.2955,0.3426,0.4922,0.6663
2025-09-29,2025-10-05,2025,40,0.3272,0.3408,0.3135,0.005114,Low,0.0,0.0,ROUTINE: Risk rising. Standard monitoring sufficient. Good period for baseline surveys.,#FFD700,0.2225,0.1,0.2479,0.2955,0.3446,0.5022,0.7932
2025-10-06,2025-10-12,2025,41,0.342,0.3445,0.3384,-0.000217,Low,0.0,0.0,ROUTINE: Risk stable. Standard monitoring sufficient. Good period for baseline surveys.,#FFD700,0.251,0.1,0.2206,0.2955,0.3465,0.5145,0.7981
2025-10-13,2025-10-19,2025,42,0.3528,0.3575,0.3488,0.001449,Moderate,0.0,0.0,WATCH: Risk stable. Maintain weekly monitoring. Review contingency plans.,#FFA500,0.2869,0.1,0.1973,0.2955,0.3484,0.4825,0.8707
2025-10-20,2025-10-26,2025,43,0.3466,0.3492,0.3408,-0.001362,Low,0.0,0.0,ROUTINE: Risk stable. Standard monitoring sufficient. Good period for baseline surveys.,#FFD700,0.3016,0.1,0.1784,0.2955,0.3503,0.4692,0.7191
2025-10-27,2025-11-02,2025,44,0.3373,0.3412,0.3342,-0.000952,Low,0.0,0.0,ROUTINE: Risk stable. Standard monitoring sufficient. Good period for baseline surveys.,#FFD700,0.2561,0.1,0.1642,0.2955,0.3522,0.485,0.7864
2025-11-03,2025-11-09,2025,45,0.3293,0.3349,0.3215,-0.001605,Low,0.0,0.0,ROUTINE: Risk stable. Standard monitoring sufficient. Good period for baseline surveys.,#FFD700,0.2398,0.1,0.1549,0.2955,0.3541,0.4535,0.8139
2025-11-10,2025-11-16,2025,46,0.3407,0.3614,0.3279,0.005669,Moderate,0.0,0.0,WATCH: Risk rising. Maintain weekly monitoring. Review contingency plans.,#FFA500,0.3011,0.1,0.1505,0.2955,0.3561,0.4674,0.8444
2025-11-17,2025-11-23,2025,47,0.3497,0.3628,0.3442,-0.002665,Moderate,0.0,0.0,WATCH: Risk stable. Maintain weekly monitoring. Review contingency plans.,#FFA500,0.2869,0.1,0.1513,0.2955,0.358,0.4797,0.773
2025-11-24,2025-11-30,2025,48,0.3274,0.3428,0.32,-0.003016,Low,0.0,0.0,ROUTINE: Risk stable. Standard monitoring sufficient. Good period for baseline surveys.,#FFD700,0.1824,0.1,0.157,0.2955,0.3599,0.5021,0.8019
2025-12-01,2025-12-07,2025,49,0.3307,0.3363,0.3249,0.000125,Low,0.0,0.0,ROUTINE: Risk stable. Standard monitoring sufficient. Good period for baseline surveys.,#FFD700,0.2182,0.1,0.1678,0.2955,0.3618,0.4294,0.9097
2025-12-08,2025-12-14,2025,50,0.3382,0.3425,0.3308,0.00183,Low,0.0,0.0,ROUTINE: Risk stable. Standard monitoring sufficient. Good period for baseline surveys.,#FFD700,0.2439,0.1,0.1834,0.2955,0.3637,0.4734,0.9022
2025-12-15,2025-12-21,2025,51,0.3506,0.3527,0.3468,0.000569,Moderate,0.0,0.0,WATCH: Risk stable. Maintain weekly monitoring. Review contingency plans.,#FFA500,0.2446,0.1,0.2035,0.2955,0.3656,0.475,0.9523
2025-12-22,2025-12-28,2025,52,0.3442,0.3511,0.3347,-0.003253,Moderate,0.0,0.0,WATCH: Risk stable. Maintain weekly monitoring. Review contingency plans.,#FFA500,0.2029,0.1,0.2287,0.2955,0.3676,0.4989,0.8598
2025-12-29,2026-01-04,2026,1,0.3364,0.3365,0.3363,0.0,Low,0.0,0.0,ROUTINE: Risk stable. Standard monitoring sufficient. Good period for baseline surveys.,#FFD700,0.2227,0.1,0.2457,0.2955,0.3688,0.4729,0.8524
